0000939F
FFFFF320
000039B4
FFFFF6D2
FFFF888C
00001A7B
00000FD5
000007A2
00007671
FFFFE0BA
00008A13
FFFF3D27
00003A3E
00009178
FFFF983C
000039FB
FFFF8C6C
FFFEF7E9
000126FA
00005946
0000509E
000058D5
FFFF442E
0000A724
FFFFFEF5
00003D2D
FFFF366C
FFFFB0FD
0000543E
0001069D
00004E70
0000CDE8
FFFF22B2
FFFFB512
00002A96
00001207
00005D1D
00006F3D
00001BD5
00004D9D
FFFFDF39
0000122F
FFFFDA98
00003F11
000036A5
FFFFA8E3
00002FAF
00002E54
0000900F
FFFFAFFB
00000C9D
0000E246
00006B73
0000BC37
000078CD
FFFFD4DF
FFFFA05D
FFFF403F
FFFF5BC6
FFFF7DC2
00006EF2
FFFFA6B5
00009F8F
00012CE0
0000D476
00000ABC
FFFFE662
0000AFB0
0000B485
FFFF8AFB
00002E15
FFFFB5D1
FFFFE449
0000E422
00006F81
FFFF9849
FFFF9F44
FFFF5C51
00005AEE
FFFF795B
FFFFAB0D
FFFFE032
FFFF5BF4
FFFFE9E7
00000649
000080DE
00008FB5
000045C5
FFFF082B
00000FE6
00002DEE
00000683
FFFFDC49
FFFFBF3D
00002D0B
0000394F
FFFFB3DA
000028FB
0000204C
FFFFF91C
000014DE
00000FCC
FFFFE60F
0000153E
FFFFA85E
00000C31
FFFF6337
00000916
FFFFC1A9
0000C796
FFFFEC0E
00002B09
FFFFE79C
00000AA7
FFFF5D25
FFFFE1ED
0000C947
0000AA3B
0000F2EF
0000A197
00003052
0000973F
FFFF7F4B
00009B1E
FFFFF102
FFFFD9E6
FFFF775A
0000B4DC
FFFFE622
FFFFC500
FFFF2A15
0000BDF5
00001054
FFFFCDDD
00007B6D
00000614
00004506
FFFFAC58
00002EF1
000025DA
0000AC54
0000911F
FFFF39B1
00003E99
0000FC4D
FFFFF131
00001DC0
FFFF5967
FFFF6B2D
FFFFC067
00004829
00007AB6
0000E7A2
000019FC
0000E8F6
00005061
0000BA57
00002387
0000171A
FFFFA89F
0000DAC0
FFFFB320
000020D7
0000B6FE
FFFF9992
00004C4D
FFFFAD9D
00002D3F
00008E3E
00001FF7
00001E39
FFFF5488
000045D2
0000CF91
00005228
FFFF250B
FFFF90F6
FFFF5DC0
00008155
0000384F
00000796
FFFF2E79
FFFFD76B
000023F2
00009B05
FFFF71A1
00000436
00000267
FFFFD9E7
FFFF8666
0000E78A
00007148
FFFFF3F4
00002C91
FFFFD11A
FFFFC69B
FFFF9D80
FFFFB4C6
00008A2E
FFFFC36F
00002446
00007213
00008023
000042E3
000078C7
FFFFD66C
FFFF351D
000042EE
FFFFA176
0000A0DD
FFFF8CBF
000111C8
FFFFDD69
0000499E
FFFF382C
00005364
000010F2
FFFF56CB
FFFFB91C
FFFF8871
0000589D
FFFF9128
00005DE0
FFFEF94A
FFFFAC4B
FFFF7AE2
0000DDF9
FFFFDF2D
0000FB68
FFFEC757
FFFFCB7B
00006C3B
00008F20
FFFF7BA3
0000148D
0000DF12
FFFFA422
00010958
FFFFC829
FFFF2614
FFFF8DB9
00004971
FFFF81FE
00004461
FFFFE797
FFFFDF79
0000C00D
000021A6
00008B62
00000673
00005343
FFFF8658
FFFFF78B
FFFED18D
FFFFD7F5
FFFF9FFA
000130C9
FFFFE92D
FFFFB21C
FFFFAD68
FFFFEA0D
FFFFAEB4
FFFF4CE9
FFFFF7F1
FFFF89D2
000021DB
FFFF9BD3
000047CD
FFFF7F7C
00002141
00005DFD
FFFF48D2
FFFF8FE6
00001834
FFFFE1A9
00002480
0000A379
00008661
000043E9
00002FD5
FFFFA0C4
00002910
0000F28D
0000B9A3
00005F7A
00007C01
0000CF02
FFFFF9AB
FFFF800D
000079BF
FFFF9FD0
FFFFBC82
FFFF979D
FFFF4CCE
0000AF20
0000137E
FFFFF2CE
000010C2
FFFF78B3
000045D7
00003E67
00008FA8
0000AE30
FFFF7419
FFFF75F4
000041F3
FFFF6E39
FFFF6251
0000D7F9
FFFFF548
0000E82E
000082B5
FFFFE95E
000072B6
FFFFC7DA
00003BCA
FFFFFAF2
0000B1DC
FFFF543D
00006958
FFFF1D71
FFFFD1D8
FFFF015D
00009029
FFFFEE2D
000007CA
FFFFCD36
FFFFFDD0
FFFF2D5E
FFFFA47E
0000686F
FFFF297F
000039A7
FFFF9FEF
FFFFC05B
00001451
FFFFD1D1
00002E47
FFFFD8E9
FFFFF687
0000789B
000048CA
0000E364
00005880
FFFFD23D
FFFF7B03
00008E5D
000024E6
FFFF6510
FFFECBD0
FFFFC52B
FFFF7502
000002B6
00002D6B
0000798F
FFFFB2E5
00002B38
FFFF26A1
FFFF4A03
00002DD3
0000038C
0000803A
000045BC
FFFF898C
00003C4B
0000D1A3
00005ADB
FFFFE828
00000B8A
0000CB7E
0000CEE7
FFFFFA01
0000ED30
0000B217
FFFF4E63
FFFFD5D0
FFFF9C4C
00002501
FFFF4E8E
0000B8FE
00007FB7
FFFF8F0B
FFFEFD7D
0000A288
FFFFDBD3
0000B53B
FFFFCAEC
FFFF92FF
FFFF67C8
000068FD
0000349D
FFFFC2D9
0000BCFA
FFFFE0AC
FFFF7E7E
00001613
FFFFCB8F
00007F30
FFFF7CE0
000014B9
FFFF392A
FFFFA827
0000A2AF
000064BE
00003168
00005A57
00008ADA
FFFF859D
00006AB8
FFFFCDF4
00008E79
FFFFA1DE
FFFF93E0
00000FB5
00005031
FFFF7CFF
000067CB
FFFFEBDD
0000BB78
FFFFED7B
FFFFC9DF
00010924
0000E8FE
FFFFA47D
FFFF278B
000069DB
FFFF937F
FFFF976D
FFFF50C9
00004219
FFFF1A62
00004D48
00000A93
FFFFEB40
00008893
0000E378
000082B5
FFFFD1EC
00002220
000013D2
FFFFA932
FFFFBA25
000023F1
FFFF0C6B
0000EC9D
00007BA1
FFFFE4E1
FFFFF31B
0000BDD8
FFFF2B83
FFFF9B8A
FFFF8A03
FFFFD02C
00000CFC
00007580
00001949
FFFF1913
FFFFDCCE
00009018
FFFF72B2
00008F66
FFFF8706
FFFFD784
FFFFB6E2
0000832D
00006FDF
FFFFB274
FFFF9D88
FFFFD09F
000087CE
00003CBC
FFFF7906
00002433
0000A697
FFFFCEE0
FFFF28B4
FFFF71D2
0000A6FF
FFFFD763
FFFF909A
00011637
00007070
FFFF4C17
FFFFA652
FFFFF5DE
FFFFC937
FFFFA44A
FFFFB994
0000C236
0000A03C
00011583
0000A5E9
FFFF63AF
FFFFCDEF
00008699
00002950
FFFF5960
00007DDB
000035D0
0000B535
FFFF3804
00000AE8
000095B4
FFFFC72A
FFFFE870
0000BD9D
0000E858
FFFF9012
FFFFEC38
FFFFDE91
FFFF3341
FFFFE01F
0000CA7E
0000A1FE
0000B204
00008DA9
0000BD76
FFFF3AFD
00006139
0000137D
FFFFBB84
FFFF7ABF
FFFF2DF3
00006309
FFFFDB14
FFFF3F6F
FFFFC47B
00001968
0000CE0C
FFFF0589
000071ED
FFFF9AEE
0000FDF7
FFFF12B0
FFFFFC38
00000672
0000C872
FFFFC071
0000A8D2
0000595D
00004AD9
FFFFCF47
FFFFD562
FFFF0DB8
FFFF39A1
00005FA5
FFFFDD0C
FFFF879E
FFFFAEE3
FFFF9032
FFFF02CF
00005DC2
00004433
00005457
00009D53
000069E6
000074C4
FFFFF02B
00003243
00002FFD
FFFF7BD1
00008FBD
FFFED960
00007FE0
FFFFB096
FFFF582F
FFFFA4AA
FFFF7B43
000104FF
00007FFE
0000CE42
FFFFD915
FFFF7EA7
FFFF73EE
0000D050
00006248
FFFEAFFA
0000B89C
FFFEABEB
00011833
00008A39
00009BD3
000172F1
0000A862
FFFEF062
FFFF050E
FFFF4896
00003E41
FFFF25B1
FFFF7623
FFFFBAB9
0000AE2A
00009297
FFFF5727
000063D1
FFFE52F2
FFFFC173
FFFFC00D
00007775
FFFF4BA5
0000E533
000123FF
FFFFBA31
FFFED931
00010177
FFFEE948
FFFF853A
FFFE3628
000063AC
00001B6B
00004FC5
00008AE7
FFFEE584
FFFFE457
FFFE9923
FFFF7984
FFFF8FBE
0001258A
FFFFCEE4
00012B11
00013F00
00000201
000124DB
00009BDE
FFFF3067
FFFE7592
0000ED46
FFFFE026
0000A962
00000B31
FFFDF6C4
FFFF125B
000180D6
0000E329
FFFDC316
00030505
00002A6D
FFFF28A6
FFFFCED0
FFFDE16A
000030CF
FFFF2730
00009226
FFFEE10E
FFFFE7E7
00014BCB
0000DD22
FFFED326
0000A84D
FFFF2215
FFFFB5F1
000034C3
0000308B
000074DE
FFFEB42F
FFFFE680
000097B8
FFFFE0D4
00005021
00000348
FFFF7CE2
FFFF8DF4
FFFFA151
FFFECFD6
0000D567
0000DC72
000137B0
FFFF68E3
000083D3
0000A27D
FFFEC22D
FFFF811C
FFFFE438
00007019
FFFFCA09
00007A26
FFFEAF08
000044A3
FFFEFE47
FFFED9A8
FFFFE83F
FFFFDE7A
FFFE2580
FFFF4917
FFFFDEC6
FFFE7DFD
0001108A
0000EC59
0000A74F
FFFED399
000019EF
FFFF2CFB
0001282A
FFFF3B4E
000094FF
00008B79
0000174D
0001174C
FFFF8B2E
000132AB
FFFFFDF2
FFFE0731
0000C37D
000183E5
0000EF07
FFFF1580
FFFE52BB
FFFF0946
FFFF86D3
FFFF6EC1
FFFF6C43
00013FA0
000016A1
0000F430
FFFE7C34
FFFF39B7
0000A1E5
FFFE2406
00002CDA
0001D3A7
FFFDE117
000105D3
FFFF70EA
00002657
FFFF6B6C
0001934E
0000AFCA
0000D452
0000C817
FFFECEB1
0000B2C2
00008B8F
FFFEF192
0000903A
FFFF6BC9
00009D86
00004F3F
FFFF8FC3
00011A5B
0000FEFC
0000BF67
00009167
FFFF14E4
FFFF3CE5
00001948
0000EDAB
000086AB
FFFFF6B7
FFFFCD58
0000BEA8
00017CCE
FFFED1A9
FFFF24C0
0000D88B
FFFF8E92
0000B3F3
FFFDFBB8
FFFE0B6F
FFFF93B2
000030C8
0000B75C
00002785
00006845
00003A66
00025145
FFFFD5CF
FFFFFF15
0000DE26
FFFF841E
FFFEDC13
00002F3E
FFFE62BA
00015A2D
00014256
FFFEA9F8
FFFFE509
FFFF3DB3
00010C04
00003A80
FFFEA5CF
00004351
000200CA
FFFFB22A
FFFEF203
00010844
00005FBD
FFFF7002
FFFF3FFC
0000466B
00017DDB
FFFFCB74
FFFF78BE
FFFF583B
0000C777
FFFFF267
FFFEC805
00018E98
00018F3B
00009F8C
0000E15F
0000A153
00007E04
0000AA51
00006A74
00007BBD
0001632C
FFFE4C8D
FFFF1718
FFFFEE59
0000C84E
00002731
00007DA0
00009CEB
000082B1
00000735
FFFE4EE1
FFFF7E52
00011DA1
0000CCBE
00015DA6
FFFEDC10
0001082F
FFFE2D63
00007E64
FFFEF4B3
00005C66
0001301C
00001CE4
00011DA2
000003A4
FFFEEF7E
0000ABF8
0001D1BD
0000090B
FFFF566B
FFFEE742
0000CE9E
FFFFB036
FFFEEEF2
FFFFFF3B
FFFE9F5E
00011CA5
FFFEE293
FFFEBC9A
FFFF5437
00019451
000014B5
FFFF72D2
00012D3A
FFFE9AD2
00001D81
00017CA8
FFFE614D
FFFE974D
0000AA27
00004B75
00015414
FFFFD147
00005F3B
0000FB93
FFFFA33E
FFFE9710
00005733
FFFF4DF4
FFFFD91D
00004896
FFFEC835
000116C3
00021E1F
00008C0B
000097AA
00006818
00007F78
00008BA8
FFFF73BA
00014AD0
00004964
FFFF75E0
FFFFBEAA
FFFF6F17
FFFF8FEA
00016B6F
FFFF220C
FFFF3B6B
FFFFF57B
0000A9D4
0000A194
00008D6E
FFFF69B5
00008ABC
000036DF
FFFF6185
00008EA0
FFFEC98F
000051DA
000039A9
FFFEE84F
0000E909
0000A8DD
00005B16
FFFEBB3D
FFFF1D7E
00011B85
00007910
FFFF4AA4
0000C1F3
FFFF5821
FFFF89CF
FFFFFA98
FFFE813C
0000BC4B
00005450
00016A75
000010E2
0001E802
FFFFBD62
00001296
00012D16
FFFF6099
FFFDD499
FFFFA5CB
FFFFF356
00001212
FFFF3CF6
00009412
FFFFE7B4
00009F2B
00014ECD
00000CDF
00009F96
FFFFBB3B
0000FA66
FFFF84D3
FFFFD4FC
0000F451
FFFEF9A7
FFFF864B
00014FB1
00016A43
00003225
FFFEBD67
FFFFEF6C
0001239C
FFFF630C
FFFF8A77
FFFEBEFC
FFFF7588
00001299
FFFEF4C3
FFFFF886
00005C74
00000460
00000EAE
0000575F
00013865
FFFE7841
0000819C
FFFE4D4F
00006A20
FFFECC91
00011733
0001F822
FFFE63D3
FFFFE04A
FFFF61E0
000041A0
FFFF0AB4
00012595
00002B57
00006FA3
FFFF1606
FFFF988D
00009ED2
000135C5
0000F8CB
00007A85
FFFE4F52
00001280
0000B17B
FFFEB780
FFFFE3AA
0000E31A
00018CF3
FFFF86AF
FFFEE5CD
000185F6
FFFE3017
00009A78
000145E0
0000128F
00006809
00006609
FFFE9A67
00001200
FFFFFB43
FFFE42A6
0000FD9E
0000BE1D
0000FCE1
FFFF2A33
FFFF6BE6
FFFFCE1E
00019586
FFFFCD52
000064E5
FFFF7A39
FFFF477E
00009E07
000030B3
FFFF09DC
0001076E
FFFE25CA
00005303
FFFFDF6C
FFFF059B
0001B47F
00005D83
00011CBF
000005C3
00011AE6
FFFEC1CE
0000263A
FFFE66A3
FFFE6D24
00007A1F
FFFF9345
FFFFA50D
0000B99F
FFFE8CD1
00018358
00007C4F
FFFEB98F
FFFF7D9B
00000ADF
FFFF119D
00010F43
FFFE51F2
FFFF4FCB
FFFF6C94
FFFF4822
FFFE40FE
FFFEF68E
FFFFEB59
0000099B
FFFE712C
00006E1A
0001775E
0000B8FF
00009E7A
00007C32
0000E1AF
FFFF74C1
0000F1C6
FFFE4A7D
FFFF1527
00006047
FFFF78F4
0000C71F
FFFF520D
FFFF76B1
0000755A
FFFF8AE9
0000994A
00009D77
00004EDD
FFFF113B
000064A2
FFFF9238
00012C92
FFFE799B
FFFFEC9C
FFFDB764
FFFF1B8A
000073B1
00007E6E
FFFFBC3A
FFFEA5A5
0000CE43
00010798
FFFF62E7
FFFF39C2
00003562
FFFF8823
00017311
0000E0E8
FFFF12DF
0001D14B
FFFF1BC5
FFFFFC73
FFFF7279
00010045
00013916
0001201B
00016F06
FFFDDF07
FFFF61DC
FFFF7174
000057C7
00018721
FFFFC4F1
00005C83
FFFFEEE3
FFFE700E
00016684
000176B8
FFFFA6F3
FFFF911F
00015B9E
FFFF8558
FFFF8B31
FFFE7414
000022EA
FFFF83AE
FFFE433F
00010185
FFFE898F
0000D240
FFFEF971
FFFEC601
0000D83C
FFFFEBC9
FFFF156C
00012721
00004267
FFFF6AF8
FFFF17BA
FFFF8235
FFFF8B27
FFFFCAC9
00007BE5
0001CB5F
FFFE121C
000011E7
000066BA
0000FF91
0000219D
0000F9F3
FFFE9F69
FFFF3FF7
FFFE83AD
FFFF4138
00004B76
00007655
FFFFDE5A
00003132
000217AA
FFFF2AB1
FFFEF844
0000466C
0000BD75
0000B063
00006F7E
00008E9E
FFFFCE54
000012F8
00007E6C
00002011
FFFF5DC2
FFFFCA84
000040B6
FFFF99D3
FFFFC923
000032CF
FFFF890D
0000182A
0000ED9D
FFFF3C77
000101E7
000024F8
FFFFF4FC
00007757
FFFF42F7
00006125
00007833
0000A3A3
FFFF3FC2
FFFFE97A
FFFF6314
FFFFDEF7
FFFFF6A7
00007599
00005697
00007877
FFFFED2C
00007BFD
0000AC59
00008E8F
FFFF9B26
00007B4C
FFFFBF6D
00011D12
FFFF440C
FFFFF607
FFFF916C
00002513
FFFFB56A
FFFFFEB9
FFFFD3B3
FFFFF790
00002C72
FFFF4382
00001770
FFFF38C0
FFFFD848
FFFFB4A6
00008BD3
00013A29
FFFF5906
00009CFF
000130D3
FFFF820B
FFFFEC22
FFFF0FFD
FFFFD713
FFFFB7BE
00005267
000028D0
00002C8B
0000B0D0
FFFF6057
00001153
FFFF3353
00004AC3
00009F16
000048A3
FFFF06F4
FFFFBE2F
000034D4
00014F26
00008099
FFFF87C7
FFFFE9F6
FFFFF586
00007922
FFFFDC76
00005A01
00007685
FFFFA0D6
0000431A
FFFF5BE6
00003C9D
00009546
00006F78
000067A8
FFFF5BC6
0000620E
000104A1
FFFFEC92
FFFF8FB6
FFFFAB44
0000663E
000087F9
FFFFBFD6
FFFF1EF9
00011CA0
000078A5
0000EC55
FFFFD22E
0000CB73
FFFFD0BB
0000E8AE
FFFF5142
FFFF4F2A
FFFF491B
0000079C
000085B4
00000C43
FFFFF1C8
FFFF5621
00007530
FFFF54E7
00002A6F
00002FBE
00005042
000110F9
FFFFF1A0
0000C639
00003BC1
FFFF61CF
FFFF4E7D
000018F2
00005153
0000E0C5
FFFFD37C
FFFFC841
FFFFDAA4
00001845
000017B0
FFFF99A2
FFFFCD93
FFFF9CEE
FFFFCD0F
00003147
FFFFFAE7
FFFFFD78
00006999
00005A3F
00000C37
0000029C
0000C1A9
FFFF8AEF
FFFFD5E3
FFFF9D04
000043CF
000047B0
00008F47
00006575
0000C1AA
FFFFFBD4
FFFFBC8A
FFFFE0DD
0000B72D
FFFFD8B3
00001294
000096CF
FFFF8860
FFFFEEFB
FFFFA411
00006990
FFFFF1BB
FFFFAADD
FFFFFFC2
0000979A
FFFFB02B
FFFED265
FFFF1299
00000B07
FFFF6D68
00006551
0000C29E
00003B97
FFFFBD9E
0000C095
0000A484
00003BA2
00005F07
FFFF7248
0000E02D
000093C7
FFFF717A
000063B3
0000DF22
FFFF16E8
FFFFCD03
00000070
0001488C
FFFFF951
00003B97
FFFF8125
FFFF76B4
00002DC6
000066DD
00008926
FFFFEDA5
FFFFF445
00007A0C
000063E9
00000BDD
FFFFFCD6
FFFEFA8D
FFFF37D5
FFFF6F8C
FFFFFB64
000067D5
0000A007
00001869
00007C09
FFFF885A
FFFF6445
0000FF64
00005111
00009D25
FFFF11E1
000047E1
FFFF1D4E
0000AABC
FFFFE767
FFFFEC67
FFFFEFC7
00007301
FFFEFD30
0000D3AA
0000C98C
FFFFE685
0000D30E
FFFFEEF8
FFFEB4D0
FFFF9D33
00001086
00007526
0000BE1C
0000A707
00009DB0
000001D9
0000AB70
FFFFEACF
FFFFA6D0
FFFFE3D1
0000069D
00012665
FFFFAFDE
FFFFCDD6
000009D0
00009CDF
FFFF9C13
0000BA71
00002F77
FFFFA28F
FFFE7860
FFFFE1AA
FFFFB5CA
0000B0EE
0000AF97
FFFF39D7
00007A90
FFFF7E86
FFFFFAB3
FFFF730A
00004469
00006546
0000DF1E
0000C426
00000862
FFFF0339
FFFF8F0F
0000074A
0000F73A
00001215
00008805
000068D7
0000ADCC
FFFF9B8F
0000419B
FFFFDC2E
FFFF3FA0
FFFF69F5
FFFFBA9B
FFFFEDCD
00001469
0000D27B
000062FF
0000498C
0000B43E
000040DA
FFFF9658
FFFF6B73
000017AD
FFFF6CDC
00006CB0
00004D40
000004AC
FFFFDA1A
FFFE9598
FFFF87B6
0000CA35
FFFF7F9C
0000087D
FFFF33DA
FFFFEA83
0000CB09
FFFEC299
0000A646
FFFFA90B
FFFFA1FA
0000C5FA
FFFF9FC5
000044AA
FFFF0182
0000872F
FFFED3C2
0000BCE2
00000CD0
00004C76
00002D5B
00006DAD
FFFF4194
000003A6
FFFFC056
FFFFD8BC
FFFF3C34
FFFF94CD
00003948
FFFFE737
FFFF569A
FFFFDB41
00005C2A
000012D0
FFFF6617
000075A0
FFFF38A8
00001841
000042B3
FFFFEC90
FFFFFC3E
00006F3C
000065B9
FFFFEE4F
00005913
00002A5C
000016E2
0000153B
FFFFC48D
FFFF72ED
FFFFEA84
FFFF4912
FFFF7566
0000B663
FFFFA56C
FFFFB717
0000140A
0000F94B
FFFF917D
00000DF3
000091E1
00000013
00003E9B
FFFFC8EA
0000159D
FFFF838E
FFFF4C44
FFFF99BE
00002C84
00002CA4
000038B6
FFFFFDAF
00000436
0000EF40
000014C6
FFFFE2FF
FFFF690C
000115B9
00001D89
0001071F
FFFFAA7F
000076E0
FFFF770E
FFFFE209
FFFF3962
0000DE33
00005505
0000A35D
0000EAF5
000011BC
FFFFD356
FFFFBE58
0000B69D
00003765
FFFFEB7D
00003C6B
FFFF82FD
0000E765
00002E83
0000E018
000035F0
00003951
0000B2AE
FFFFA753
FFFFE4CD
000009D1
000014BB
FFFF9287
000035FC
FFFF557C
00008463
00002349
0000ACE4
FFFF871C
0000060A
00001C8A
00006660
FFFF35AE
FFFF7797
FFFFDE09
00009D08
FFFFE8F6
FFFFE7F1
0000A070
0000992E
FFFFC822
000002E2
FFFF6D49
FFFF9F3B
000074C2
00002C44
000091CB
FFFFBEB1
0000D2FA
000055B2
0000D214
FFFFA766
000086F5
00001B6F
FFFFBC0E
FFFF4020
FFFF92B9
FFFF951F
FFFF2A8C
00005A64
FFFF5C57
00006E09
000023B8
0000ACEC
FFFFB0EC
00001F4E
00004FF9
FFFFECA2
FFFF4F91
FFFF6103
000055D5
0000685F
FFFF739C
FFFF828F
00003641
FFFFFB16
0000487A
0000F3F6
FFFF2879
FFFF6F05
00007E5B
FFFF62B8
000034BE
FFFFD8CE
00004686
00003ECE
00008CFE
000023C5
FFFF5C90
00003CAF
000024EB
FFFFE7A7
0000A719
000036FF
0000160A
0000C515
FFFFF132
00000348
FFFF5B8F
00002CAA
FFFFA46F
FFFFC26F
FFFEFE37
FFFFEA52
FFFEDC03
000041A8
FFFFA80D
FFFF278A
FFFFB6CF
0000ADCC
00000A41
FFFF53E9
000004F7
FFFEA462
0000AF17
FFFFD037
00009FBD
000088A3
0000B431
FFFF5F27
FFFF8CBD
FFFF5239
00000046
FFFFB2D9
FFFFD9D2
FFFFA322
00007F08
000084B3
FFFF5FCD
FFFFCB11
FFFFF303
FFFF5658
FFFFF9A5
FFFF6464
FFFFEC96
FFFFF18A
FFFFAE19
0000093E
000097FC
FFFFCE75
00007F75
0000EBA0
FFFEF612
0000AEF7
FFFF3569
FFFF9059
FFFF7806
0000EBDB
FFFFCA67
000057DC
0000AD1A
FFFF9FBB
FFFF64B4
000040AF
00004C26
0000158D
FFFFFF68
FFFF418C
0000E433
00003174
FFFFF1D7
00004EF7
FFFFF1D4
0000A15B
FFFFC57F
000092E6
FFFF7AFE
FFFF3B7E
000074A1
00014792
0000B9F8
FFFF61C3
FFFF82BA
00002473
00004F00
FFFFEB03
0000FE2D
00002ACD
FFFFBD75
FFFFCFA8
FFFFD7DA
0001484B
00000D22
00002D1B
FFFF7412
0000A12B
00009FF7
0000AD38
FFFF3D1D
FFFF9A0F
0000258D
00000A0F
0000CDC9
FFFF4EBC
FFFEF648
0000D79B
00006872
FFFF7083
0000C33C
FFFFE024
0001027B
FFFE59B9
FFFFAB87
0000978C
00002754
FFFFC7E8
000154BF
FFFE3155
0000A31C
00000677
0000CC33
00002D5D
0000E51D
00009FA8
00000645
0001D10E
000016F3
FFFF4DB7
FFFF56FA
FFFFC0B8
FFFF442E
00011F77
000083E9
FFFEC918
00012977
00016B36
00003170
00001D10
0000D16F
00005241
0000C3A4
FFFFC55B
FFFF9BDB
0000CAE1
FFFEDD7B
00005DCF
FFFF4697
00011BB7
0000B3C6
0000945D
FFFF858F
0001A4A7
FFFFEE78
00007AC7
0001570A
FFFEA85C
FFFE83B9
0000D000
FFFF2F31
000017C2
0000BCB1
FFFF1083
0000418B
0000A8FF
000169DF
FFFEB5F0
0000222E
0001D03D
FFFF0A39
000030F5
00017E7A
00004629
FFFF5EA3
00006961
FFFF294E
FFFE87C2
00011A9F
FFFECDA1
FFFEFC11
00013324
FFFF054F
0000D9DE
0000D92D
0000FCD3
FFFFACAD
0000FA79
FFFFBE1A
0000D7ED
FFFFA467
000071FA
0000F953
FFFF435A
FFFF4224
00004F92
FFFF6E77
00010995
00008B44
FFFF3CC9
FFFF5773
00004813
0001940D
00001499
0000CA9C
000199F5
FFFFAB51
00008FBA
FFFFAA25
FFFFC6FF
FFFF39A0
FFFFFED7
FFFFC1EB
000004CD
FFFFBC6B
00006E74
FFFFE948
00004399
00006F12
FFFFB440
000050F5
FFFE59FC
0000B834
FFFFB6FB
FFFF9901
FFFFBC47
0000F5E5
FFFFB0EA
FFFF1030
FFFF77B5
0000B12A
FFFFD7C9
FFFF38F2
00014230
000127D8
0001EBF4
FFFFC89C
FFFF633A
000054E1
FFFF1B88
FFFFF111
FFFFD2BD
FFFFD7B3
FFFFC1FA
FFFFA70D
FFFFF4C3
00007A98
FFFF8F8D
FFFF5939
0000F1FE
000004FE
FFFEA89C
0001245A
00007A4A
0000CDB2
FFFF3964
FFFEBB10
FFFFDA24
0000E076
FFFEE6CE
0000205F
0001A796
FFFF05C9
FFFFE186
0001970F
00013D52
000146F8
FFFF21E8
000043DA
000159B7
00006C31
FFFFDC8D
FFFF1A63
FFFE6A9D
FFFFCB09
FFFF01CE
0000B906
FFFEAAFA
FFFF7D45
FFFEE74F
0000BE04
FFFF70D5
0000D919
000021D5
00000727
0001A3B4
00001FF4
FFFF8CDE
00002390
FFFF539D
FFFEDFB7
00004F36
00019A87
FFFEB473
0000454A
000043FB
FFFE9661
0000A4B6
FFFF9DE6
000041B7
00002BFF
FFFF6735
FFFF4905
0000505F
FFFF078E
0000C3C4
00013591
FFFF6399
0000B45F
FFFFA874
FFFFDCAD
FFFFD745
0001A4D2
00007620
FFFFB95B
0000B68D
FFFEC935
0001589F
FFFFB4E5
00010DD5
000131D9
FFFF44C9
0001057D
FFFEF994
FFFFACF2
000056FF
00014AE3
000038BD
FFFEDA06
000031E0
FFFFBF87
FFFE2A55
00004E1C
00011C0D
FFFFDF58
0000F18F
FFFF6A6E
0000DDA8
FFFF8684
000056DC
000066B3
000198F8
0000B8D4
FFFF7D51
000007DE
FFFEAA04
FFFFB7D6
0000D834
00001132
0000750E
FFFF8CA1
FFFFDC2E
FFFFB9E1
FFFFB70C
FFFF404B
000012E0
00004985
FFFF4436
00002208
FFFFA048
000128EE
FFFF6CC3
00013F50
000054F6
FFFEC16B
00006D2B
FFFF812B
FFFFCA29
FFFFB06A
FFFF8F9C
00006899
00006B60
FFFFFF94
FFFE7850
0001143D
0000AA4D
FFFEFFBD
0001B0A2
00010B84
FFFEA6EE
000059CC
FFFF70A7
FFFF254E
0000527C
FFFF92DB
FFFF8824
FFFFD04B
FFFF3FAF
0000F09F
00005B39
00011B47
FFFF687D
FFFF8D36
0001384F
00002136
0000A9A9
0000CCAA
000115B7
FFFED284
FFFFD107
FFFF843B
00010A77
0000D264
FFFE8DAC
0000430F
0000C909
00008BCC
FFFF4C0B
FFFEF876
0000965E
000084C8
FFFE7714
000203BF
000090AB
FFFF2CB2
0001134D
FFFF8E5B
00008027
00011F76
00006C1E
FFFEEB47
FFFF056A
FFFF74AD
FFFF6B69
FFFEEFA1
00014BF0
00006DE3
FFFFA1A7
000016A6
FFFFD5D3
FFFFE90E
00014533
00000DC1
FFFFF319
00012541
FFFFD774
00017CF2
FFFF25D9
00006EC3
FFFFC26F
FFFE7AAB
0000BB53
FFFE786F
0000A89E
FFFFE5B8
0000044E
00000F30
FFFF7EAB
00005AF0
0000A0C1
00005547
FFFEB3D3
FFFEDF55
0000EFA5
FFFF1179
0000A52E
FFFFFE92
FFFF2603
0000771E
FFFFE9ED
00003FE3
FFFEC71E
00003FA6
00013D95
00007D0E
FFFE2ED6
00005708
FFFEE8D5
FFFF4C85
00016D49
000125A5
00008D73
FFFF9257
FFFF12B8
FFFFFDB6
FFFFC915
0000A11A
FFFF1566
00002B6D
0000F76C
FFFF45FA
FFFFE82E
FFFF34E6
00012295
FFFFE904
00007E89
FFFF8DE0
00006E89
FFFEECDC
000061A5
FFFEDDC3
0001DD9A
00005C80
FFFEF290
000080A4
FFFF7F9E
FFFF399B
FFFF531A
000056E4
00019A93
FFFFCEC8
0000AB3A
FFFFBE18
00007AFA
00001CAD
FFFFDD59
00008D34
00004341
00003F65
0000022C
FFFFEA0F
FFFF8692
FFFF4015
FFFF1429
00012EA4
FFFF963F
FFFFDC2A
FFFF5B40
FFFEFF7E
000002E1
00007115
FFFF83B8
FFFFE37A
0000D074
FFFF667B
00018E2B
FFFF80D2
FFFFAD3F
0000608A
FFFFEF1C
0000822E
FFFF7A83
FFFE9AAE
FFFF70E1
0000E0C7
0000145F
0000458D
000111D9
FFFFFD17
00005044
FFFFAB59
00012700
0000466B
00004970
FFFFBD22
FFFED882
FFFF9984
FFFEBE38
00004F1B
000089F6
00010A9D
00003482
0000189F
0000EBDA
00001214
FFFFAD56
0000C8D7
FFFF72C1
FFFF8AB1
FFFF9AFF
00007EE9
FFFF4645
00012CE2
FFFF14B5
00001471
FFFF6F4E
FFFF9D8D
00009112
FFFEE565
00012979
000147FB
FFFF0220
FFFE6C6B
FFFFAFAB
00005E5D
000111B5
FFFF09D4
FFFDFEC1
0000D6CD
FFFFFC57
00007BAF
00011586
00002AE6
0001BCB2
00000296
FFFF58D2
0000C91C
FFFF3BDD
FFFFB78E
FFFEDFE9
0000E0DF
00009E1C
FFFF405A
0001DD31
0000368E
FFFF3E90
0001A089
0000A2EA
00010310
000002CD
0000D284
00018344
FFFF799D
0000C7AC
0000D428
FFFF78C2
FFFFEF3D
FFFF362B
FFFFF87C
000020CB
FFFFC126
FFFFF031
FFFFC80F
0000D356
0000F59A
00010E52
000057BD
00000EEA
00007425
FFFF7FAD
FFFEE57B
FFFFE031
0000D253
FFFFA6A6
0000887B
00009E88
00005F75
FFFE9855
FFFF63C9
0000D2A5
00006209
FFFF0AA5
000122E4
000042C9
FFFF49F5
FFFFC3F7
FFFFEC3A
0000B862
000037FD
000021D2
00013D5F
FFFE79EA
FFFF4280
0000E5BE
FFFF77CF
00001893
0000E76A
FFFF7FC1
000101CA
FFFF9327
FFFF1107
0000678F
FFFE808B
0000CDA1
FFFF82F7
0001C84E
000032BA
FFFEF30F
FFFF6052
FFFF8C26
FFFECBEB
0000BBC5
FFFFF81A
FFFEA240
FFFF1E6F
00014DF9
FFFF8F3B
00005350
0000329E
00001B05
FFFF7145
FFFFDB63
FFFFE98B
00006485
00012BBF
000066F3
0000F2A7
00007D3F
0000CF66
FFFF9A22
00009591
00009ECD
0000323E
00022325
FFFFF183
FFFEE9F7
00001392
FFFFC239
0000633E
FFFE90B5
0000C373
00027093
00002B10
00022E18
FFFF6E00
FFFE9384
000058EF
0000238C
FFFE3B76
0001360A
000206D3
0000794D
FFFFE4C3
FFFF998A
FFFED432
FFFE8676
000234F7
00024470
FFFF4574
0000DCCE
FFFF9618
00005500
0000A549
FFFF569C
FFFF7B55
FFFEC106
00005AEC
00005F37
0001E197
00006CF7
FFFFB7E0
FFFEFC56
00004C4C
00007452
FFFEED15
FFFF43C3
FFFFF8D1
FFFEAB83
FFFE8013
0001FDFB
FFFEDF77
FFFFBE15
0000BC96
FFFEA801
00002E96
00012577
FFFE5FAA
FFFF6542
000050CB
FFFF8815
FFFF5F80
FFFF4D70
FFFF0257
00009F5C
0002110F
00002450
0002CF91
FFFEFE19
0000D2F1
0002CEDB
FFFFBEEF
FFFF9ABA
FFFFBF64
0000C9A1
00019093
FFFFCFD1
FFFF6FAF
00014359
FFFF96A8
0001896C
FFFFFC40
FFFFD7AD
00014105
FFFEC8AE
FFFEFC85
FFFE8686
FFFF4D0E
00009A8A
0000F14C
FFFFABFA
FFFFFB69
0000CF12
00003801
FFFE3E22
00004409
FFFEE25A
FFFFF4F1
00012754
FFFFFCDF
FFFFACF9
000082ED
FFFF55E6
000090DC
0001493B
0000735B
000066D4
FFFEE3B6
FFFF6D7D
00005304
FFFF2ECA
00006647
FFFFB23C
0000A731
FFFFD965
FFFF70D4
0000C41E
00006304
0000EE39
FFFF4B24
000045D9
000075F3
FFFE8828
0000ECE3
0000A946
0000A5BD
0000EFDD
FFFF7EC6
FFFF8669
000001B1
0000AD4F
000180AB
FFFFBFFE
FFFFAF19
FFFFB7A5
FFFEB7E7
00001F38
FFFF8EB1
FFFE117C
FFFF47FA
00009E93
00013423
0001B356
0000B89C
000005CE
000026B8
FFFFE3C8
000147CF
FFFEAB78
0000D70A
FFFE9C2E
FFFF2E84
FFFEC5C7
FFFEE223
00018782
00003C1E
FFFEB650
00000B11
00001E6E
FFFE2E34
FFFE9901
000128C0
000184E3
000090C1
00008FDF
FFFF65DA
FFFF5B04
00006DCD
FFFF1E63
00021D7E
FFFE54A6
FFFE10D9
00000E57
0001F72C
FFFF9180
FFFF179B
00005D0B
0000AD97
000060AD
0002D0AA
FFFF3C92
FFFF97D4
FFFFEC8C
FFFEEB18
0000588D
FFFF6DE3
FFFE3FEB
0000FBCE
0001DCA5
0000176C
FFFDEC3E
0001C098
000279D6
0000E693
FFFEC5FF
0000360A
FFFE5088
000060BB
0001FAF0
00010CBF
FFFEAD4B
FFFFCB2F
00010889
0000C1D0
00005705
0001016B
FFFFD88B
00014612
00011913
FFFFD9CC
FFFFF149
FFFFD0D4
FFFEC544
FFFF923C
00000DFF
00024517
FFFFA69B
00021889
FFFF8A36
FFFDBAFA
00003ACB
FFFF5D96
FFFFC848
FFFEBAA1
0000CF62
FFFF6104
0000801B
FFFFF327
FFFF8EA0
FFFD1A7B
0001A011
FFFFAE77
FFFFA46A
FFFE48EB
FFFE0D42
FFFFCDA9
0000BE3F
0000CFF8
000015F6
000075F0
00009E25
000031E1
0000B7AE
FFFFB100
00005C77
FFFEB7EE
FFFF3F9B
00004BBE
0001940E
000037A3
00018B35
FFFFAA73
00000ABD
0000E2F2
0000F9DD
FFFF273B
FFFEAA1E
00000CE2
FFFE3F9E
FFFF4803
FFFEDB44
FFFF3033
FFFE1FD4
0000C028
FFFE9BD1
0000A90B
FFFF271B
FFFF7949
0000785F
000081B4
FFFF8528
000072E2
00000829
FFFF4A55
FFFFEBFF
00012AC1
0000F0CE
0001C6EA
FFFFD8BF
FFFF1AD5
FFFFDD29
FFFE53B4
FFFEF8FF
0001857C
FFFE2BD3
000100D0
000008CB
FFFF11CA
00013B2D
00015945
FFFFE7AA
FFFFE6B5
0000593F
FFFF7A67
FFFECE12
FFFFC7CF
FFFE860D
FFFF43B6
FFFDE9F3
FFFF7E71
FFFEF071
00000EA9
FFFF1AF6
00004838
0000A877
000131B5
FFFF68EB
FFFFC053
00010AC2
FFFF9318
FFFF135F
0001BF68
FFFEA8F0
000158AD
FFFF7530
FFFE02D7
000115A7
0000C0A1
FFFD8B1B
0000F48D
FFFDF72E
FFFE4703
FFFFECE3
00025E9C
0000382B
0001C638
FFFF88A1
FFFF0DF4
000037D1
000104AF
FFFF12A7
FFFFC4BE
FFFFC4CB
FFFF9B31
0002626A
FFFE0641
FFFEDE17
0001A794
FFFDFF19
FFFFAE02
FFFF9926
00002DD6
FFFF2210
00006C7C
00019C28
00014E68
FFFF3F31
FFFFBCDC
FFFF8686
FFFFDA5E
00019A53
FFFFF17B
FFFF961C
0000BA1D
00001C88
0000B623
FFFFA180
FFFFB1DE
000061A7
FFFF0DDE
00005E97
000017A2
000022F6
FFFF2A23
FFFE0AB3
00012309
FFFFFC35
000152D6
FFFF9A04
FFFF23A9
0000EBB3
FFFEE923
000024C4
FFFF20B1
0000E597
00011A04
FFFFC81E
0001246A
00005573
000044A5
0000A420
FFFFD7D3
000182AE
000046AF
0000B29E
00001519
00013572
FFFFFCB6
00000996
FFFF0DA0
FFFED76C
0000B7F3
FFFEF8D7
FFFF34E4
000078BB
FFFEB2AB
FFFEC1CF
FFFFDD01
FFFF1E43
00009FB4
FFFF584B
FFFFFD1B
FFFE90F9
0000C38A
FFFFA625
00010274
FFFDE687
FFFF7513
0000AA99
FFFEC58A
0000E2FE
FFFE9459
FFFF0279
FFFEB0B3
00005D80
FFFEAA3A
FFFFABC4
FFFF3082
0000F8B6
FFFF6FE7
000017FF
FFFE1408
FFFEB5B6
0000436A
00015DC8
0000EADB
FFFF5CFA
FFFF24E8
0000E4F4
FFFFD9D7
00008B76
FFFEFE8E
00001E32
0001B58E
FFFEF1D7
00025738
00012DBF
00008583
00009B2B
0000236D
FFFEE330
0001205B
00006E47
FFFE834A
00011139
0000EAB5
FFFFF84F
00018897
00006FCB
0001E59E
0001B2B9
00000DF2
FFFE5FE4
FFFE87B5
FFFF12DA
00002C94
FFFE0974
0001051B
00001D56
FFFEC56D
00000EBF
0000CBC9
FFFFFCCE
0000BE12
FFFE78C1
FFFFEA26
00015161
00014127
FFFF6D13
FFFFDF92
00016BC5
00005F6C
FFFEF85B
FFFEB3A4
FFFEE23E
FFFF0378
00011087
00003451
FFFE2257
0000EE56
0000DA38
0000C43A
0000B0D9
FFFEA71D
FFFE99F9
FFFF9A56
FFFF969C
FFFED2BA
FFFFA69E
00008636
0000EC20
0001D764
00017D3E
00009607
FFFFA4FD
00012BDD
FFFFC373
0000FC48
000115DC
0001C2BF
FFFEC663
0000D8C1
FFFEF512
FFFF4E82
0001A353
00006B05
FFFD94A5
000199E1
000128E8
000021DE
00000F8F
FFFF4938
FFFF2F6F
FFFF7815
00008C35
00017563
000083F7
00006342
00000B67
00008157
FFFF6022
FFFE828C
00003CCC
0001A90F
00005531
00017B5A
00011D16
FFFE9B32
00010746
FFFECAB0
FFFF74ED
0000E47A
FFFFFCC5
0000B535
FFFF8C7A
00000C4E
FFFF3F97
0000B79E
FFFFDC5E
FFFFE6AD
00002902
FFFE7E3F
00014D5F
00005AEA
FFFF2D58
0000C4BC
00012A32
0000D803
00007E43
FFFEC43E
FFFF28E3
0001FD80
0000252C
000019CE
FFFFF073
FFFF6439
FFFE3DE8
000130B7
FFFF3C56
0000E012
0001259D
FFFFD37F
FFFE3BE0
00001D7E
00004206
00005EB0
FFFE8960
FFFF3C26
FFFEE7BC
0000E02E
FFFFFF1B
00012DA7
0001BDA4
00008B95
000036E4
FFFF8C14
FFFF916F
000055E6
FFFF4FA4
FFFECAA9
000000CF
FFFFC2A2
00004E8E
FFFF8AAA
FFFFBB1E
0000D1C0
FFFFEAE8
FFFFC019
FFFFD3DD
0000525D
00007DE0
00002951
FFFF7B1E
00006116
00009961
FFFFA489
00013B2C
00004560
000025E8
FFFEF507
000156BB
0001021A
FFFFE6C6
FFFE635D
FFFF7396
FFFF58F3
00003FA1
FFFF3F0F
000079F7
00012F68
0000D86C
0000DC50
0000BC78
FFFFE0B7
0000B48C
FFFF72FB
0000AC23
FFFF63B5
00002EFD
FFFF05CE
00004B1B
FFFFB91C
00002CD4
000079A3
FFFFE744
FFFF7610
FFFFB457
00006C05
FFFF8321
FFFFFF72
0000793A
0000958E
FFFF1E25
FFFF43B7
FFFFA48D
000031D7
FFFF228F
FFFFE0A7
FFFF8FBD
00001B4A
00002A52
FFFF874C
0000B4C2
000025B7
FFFF5596
0000D8B2
FFFEF86E
FFFF8011
0000A070
0000B854
FFFF5023
00003372
FFFF5BDB
FFFFFE81
FFFFA9CC
FFFFF486
FFFFA78A
00001970
0000E43D
FFFEF73B
FFFFE375
000049E2
0000B1CE
FFFF644C
00001E97
0000D8AF
00011485
0000D6F3
000065EB
000005B5
0000DCF8
FFFFE491
FFFFF736
FFFE9547
FFFF2B53
FFFF7552
FFFF54F6
FFFFA491
0000360C
FFFFB25C
0000388E
0000DDF4
0000BB77
FFFF0F58
FFFFC8D3
FFFF7614
00003089
0000E2D1
0000887A
00007D41
00000586
0000EB0F
FFFF9074
FFFF776A
FFFF9C38
00002B05
00011630
FFFFB27E
FFFE94B4
FFFF5EC9
FFFF53C4
FFFF0B6D
FFFFF4AB
FFFFEC91
0000BDF1
FFFFE916
00008658
0000F89A
00011743
FFFF7A08
0000067A
FFFF5429
FFFF493C
FFFF9EA2
FFFF80FD
00005DE5
000124EB
0000CADC
FFFFD6C1
FFFF2AE3
0000226C
0000D0CD
00006629
FFFFC499
FFFF5E79
FFFF2D69
FFFFC457
FFFFE9C6
FFFF9E18
FFFEF714
00006598
00016C1E
00010ABA
FFFF0510
0000CA74
FFFF232F
00006FA9
FFFEB2A1
00009BA2
FFFFAA58
FFFF90CA
FFFFE173
000005C1
FFFFBAAE
00000523
00000E03
FFFFD941
0000D5EA
0000F134
FFFF81DF
0000F713
FFFE9F16
00002E83
0000A27E
0000D4A0
FFFEDD14
FFFF7043
FFFF1A9E
FFFF5E5C
000118CC
000084FB
00009CD9
FFFF6F24
FFFF642C
FFFF7B99
000033B1
0001493F
0000498F
00010241
FFFF947A
FFFEF865
FFFFA8B2
000094C7
000045D5
0000FC1E
FFFFC627
FFFFDFAB
FFFE8EEA
FFFF6003
000063CB
FFFFF82D
0000E0CF
FFFFA9D9
FFFF6E9B
00005E6F
FFFFFC1A
00010F0E
FFFF6C78
0000410C
00005AA4
FFFFF6E9
0000109C
FFFF3F28
FFFFDFAF
FFFEC8DD
00011042
00011065
00006485
0000422E
FFFEF8E1
FFFF76B2
0000B108
00008E3E
0000FFC1
0000122E
FFFF4720
FFFF9367
FFFF2260
FFFFB797
FFFF49FC
FFFFA4ED
00003B28
FFFF9CB3
00008637
FFFFD369
FFFF794A
00009EC3
FFFFEA15
FFFF6ED9
FFFF60FD
000039DC
FFFFC3C3
00005FB3
FFFFCE43
FFFFE2F6
FFFFFA76
00006483
0000A4A1
FFFEE652
000021D0
FFFE8385
0000E5F5
0000F6B1
FFFFC52F
FFFF16B1
FFFE4881
FFFF3E38
0000AF87
FFFF984C
FFFFFC7E
0000CE78
FFFF9E92
0000DDD0
FFFF9496
FFFF46E2
FFFF2CA4
0000BD8A
FFFF740C
FFFFE828
FFFEB011
00008D71
FFFF99BB
0000E3BD
00005451
0000FFE6
FFFEA849
0000A6DF
0000C090
FFFF49A8
FFFFC645
FFFEEBD5
FFFF0CB0
FFFFEC8D
00000612
0000138C
FFFF684C
00003E7E
FFFFEF26
FFFF30E6
0000E948
FFFFA6B4
FFFF460F
FFFF049D
FFFFB31E
000010D2
0000B2DA
FFFFC729
FFFF8364
00001AC3
FFFF9156
000000DD
0000C756
FFFEB699
FFFF951D
000051D7
00019D5E
00014859
00005C3F
FFFFC9C1
FFFFBBE9
0000C632
FFFFB063
0000BEB7
FFFE9016
00005426
000064BD
0001493D
FFFFF2A0
000019B1
FFFF6EA4
FFFF0AAE
FFFF58A6
FFFF6738
FFFF2B34
FFFF44D0
FFFFB718
FFFE78AC
00009D4D
0000E7C8
FFFF8604
0001257F
00009CCB
0000F88C
00004153
0000097F
FFFEAB98
FFFFF10C
00001B29
00007CE4
FFFFF396
FFFFCE07
000068E9
00001FD7
0000AE84
00005F2A
FFFF559E
FFFEBA27
FFFEBAF2
0000A56C
0000070F
0000C2DF
FFFEEDE7
FFFFE332
00000D5B
FFFFC9BD
00014786
00001081
000096C7
FFFF1B2E
FFFFCD43
00004013
FFFF9FC5
00005CFE
FFFECA0A
0000B285
FFFEDFBD
FFFF9EAC
00008F56
0000B9CF
FFFF1E0D
00007573
FFFF4C57
000080F6
FFFE9EAA
00006C89
00010E87
00007022
0000576A
FFFEF59B
FFFFAB72
0000F7E6
FFFFE3AD
00004439
FFFF76BE
00008DE2
FFFFB277
0000CBCB
00006A3E
0000AAF5
FFFF9B39
FFFFE5D1
FFFED836
FFFFF4AD
FFFFB429
FFFF7645
0000FE18
FFFFB996
FFFEAC26
00000740
0000D05A
0000649C
00013A9E
0000F485
FFFF8D5E
0000828C
FFFEE848
000095DA
0000F36F
FFFF95BB
00002660
00004291
00001544
000077EA
00017462
FFFF824B
FFFFCE04
FFFFF3A9
FFFF9111
FFFFD044
0000D671
00012D6E
FFFF9636
FFFFE6AB
00019559
FFFF984C
FFFF02E0
FFFF7537
00004BB8
FFFFA91D
00006C89
000078FA
FFFE9A5D
FFFF3F61
0000E7FA
0000D581
00012DE2
00008AE9
0000B303
000002CD
0000986B
FFFEB19A
00004476
0000791E
FFFFAD2D
FFFFDAE0
000062BA
FFFF7299
FFFFF455
000116FD
000084AE
FFFF6EA6
FFFEC37D
FFFF0BB4
00007041
00008C55
000072C9
00004B0E
FFFF5984
FFFFB6FC
FFFEE73C
0001354D
FFFF68E2
0000A514
00007107
00017B47
00012EC9
FFFFC93D
FFFF71A8
00007312
0000C6D4
FFFFECE0
FFFEA472
00002E7B
FFFF929C
FFFF3E6C
FFFFCBE4
000002DF
000189AF
00007914
0000EA50
FFFF2B79
FFFFD75B
00007204
00001BA5
FFFFCE43
FFFF1E44
FFFFA8CB
0000BDDC
FFFFC8BB
0000E48A
0000B5B3
FFFF7D90
0000D268
FFFFB9B0
FFFFF174
0001402E
FFFFE766
FFFFA8F6
FFFF7974
FFFFE1F6
0000CE8A
00011249
000111B9
FFFF8477
FFFE8AEC
FFFF0203
FFFF4BD5
000045FD
FFFF61D4
00004A12
FFFFF774
00000D6D
FFFF8AF9
FFFF343E
FFFFF300
00007B95
FFFFF535
FFFF5DCB
0000C039
0000C802
FFFF3322
FFFF2B39
00003A90
FFFFC5D0
FFFF7A3E
00001AF0
FFFF6D4A
00006723
00005AB6
FFFFE504
FFFFC385
FFFF6FE0
FFFF8B19
000071EB
0000DBB7
FFFFA267
000130EF
FFFFC734
FFFF1D0F
00006003
FFFFF7AA
0000BDB5
00003CA0
FFFF4438
000001B2
FFFFA263
00002D25
FFFF4C1E
00000303
00010C13
00005291
FFFF2BAF
0000337A
FFFE5C06
0000165D
FFFFE26D
FFFF38FF
FFFEA1D5
FFFF776B
FFFF9101
0001A9C4
00017B4B
0000A5F9
FFFFA460
FFFF9863
000014DA
FFFF9D68
FFFFEAB3
FFFEBE5A
FFFF94FB
FFFF6C15
FFFF8172
FFFF930B
FFFFF143
FFFF78C9
00006599
FFFFF10E
00004B92
FFFFBA14
0000E102
FFFFF0D2
FFFF55F6
000071FC
FFFF63D0
FFFFD83E
FFFFDEF7
FFFFF35E
00009DD1
FFFE1677
0000045A
00008FDC
FFFF4B0C
0000B37B
FFFF820C
00004697
FFFF13A3
000157E4
FFFF8B05
FFFEAD20
00009DA9
FFFF4AFA
FFFFACEC
FFFF3C6F
FFFFB45B
00000AC1
FFFFFCD2
00010298
0000D29A
00007B5A
FFFF1861
FFFF96C4
0000B575
00009C3A
FFFFC983
00015769
FFFF2329
FFFEE9DE
FFFFF856
FFFE9FBE
FFFFF760
0000B700
FFFE1C5C
FFFFB03E
0000B207
FFFE97A4
FFFEA101
00004B71
FFFF3B2E
00004BB4
FFFF94E8
0000733A
FFFF5352
000005FC
FFFF869D
0000C2D1
FFFFFE63
FFFF0237
0000D4F3
00011625
0000CFCE
FFFF598C
0000866A
0000E907
FFFF9E02
FFFF09BD
FFFFC85B
FFFFE5F2
0000659C
00016F24
FFFFB225
00001B6A
FFFED271
0000F9D9
00008126
00009A5A
FFFF5229
FFFF2E35
FFFF4DE5
000010A6
FFFFC3F5
FFFE7DFB
00007844
00006CD3
FFFFE61F
000089CE
000015C9
FFFF2F93
FFFF9B45
FFFFB09B
00008F08
FFFF3790
FFFEEF9D
0000DDE1
FFFF99BD
00003B59
FFFF9415
00012461
00013037
FFFF0586
FFFF93AF
0000C00F
FFFFBFBA
0000460E
FFFF8E47
00012E6A
00009814
00003A0B
000044F4
FFFE7B34
00009F00
FFFFEF9E
FFFF7D06
00005E8C
FFFFCD07
FFFF99EC
FFFF9D3B
FFFF1B6A
0000BD23
FFFE9461
FFFFF019
0000EB45
FFFF1841
00002868
0000187C
00012084
0000B595
00005B67
FFFF34D7
00005A1C
0000554B
00004E3D
000042F3
FFFFC279
0001690F
0000EE0C
000034FE
00011291
0000E328
0000EB9D
00008276
00007652
00000566
FFFF7024
00008F6A
FFFFF3B6
FFFF2A77
FFFF844C
FFFF8D63
000051A1
FFFF732F
FFFF29C0
FFFEFFE3
FFFFCA90
00004B83
FFFFD90C
00005D63
000091C6
00000932
FFFEDB13
00000821
000055DC
FFFFC336
FFFE2513
0000C9DD
000104CA
FFFFA9EF
0000E03C
FFFFCD66
FFFEB67E
FFFF8FC0
00009225
00003E3D
00002770
FFFFF2F2
FFFFC5A9
00010455
00015452
FFFFD35E
FFFF9B54
FFFEED30
FFFE773E
FFFFF82A
FFFFE3E2
00006338
FFFFC12B
0000BFAF
FFFFC916
FFFF2B39
FFFF3A1E
0000AB3A
FFFF34DE
FFFF21AD
FFFF35D9
FFFEDCB7
0000600C
FFFF21CC
FFFF4AA3
00009569
FFFE4699
0000E227
00002DCF
FFFEF7C3
000100C1
0000731A
00000334
FFFFB9E2
000061DA
000140EC
FFFFA446
FFFFD9F0
000014CB
00007AA2
FFFE7BF5
00012D27
FFFFBC07
FFFFF82D
0000B0EA
000185E6
0000AE7E
000011D1
00000B46
FFFF48BA
FFFEB601
0000BF89
000025DE
FFFEBFAE
FFFF267C
FFFF74C5
00011411
00001482
FFFEC315
0000D287
FFFF887D
FFFEB6A4
FFFFDE5D
FFFF80F1
00007D14
00002DBF
FFFFD2F8
FFFFD1B2
0001500C
00005322
FFFE9992
00001A51
0000574B
0000F802
FFFE0A69
0000042A
0000682D
00005F8D
00006AFB
00013845
0000DA1F
000016E2
FFFF1A7A
FFFFFE6D
FFFF4535
FFFEEB02
0000D58A
0000E036
000076E3
00000BF4
00000A81
FFFFEBE5
000042AA
FFFEA9AF
00005DC1
FFFFB476
FFFEA36B
FFFE2506
FFFF2766
FFFF9F9D
0000BFEA
FFFFE35C
000163BF
FFFFA102
FFFFB724
0000EAC1
0001BB60
000081E2
000073BC
FFFF38EA
FFFFC846
0000CF62
00001341
00008C31
0000CE9F
0001369B
00006F9A
FFFEE145
000077B4
FFFEFD3D
000070F3
FFFFCFB6
0000731D
FFFFDD08
FFFF6BCF
00002D00
00004814
00000759
FFFF6E25
00000BAA
0000BCC1
FFFF7342
FFFF531B
FFFF45E7
00004A65
FFFF4836
0000E3A1
00009C1A
0000C207
0000BE99
FFFF6363
FFFEBD1A
FFFF79CD
000100C5
00000761
000030D2
000080A6
FFFFBDB0
FFFF5BC4
00003111
000002D7
FFFE6362
FFFF6E2A
FFFEF8AF
00014C0A
00007A1D
FFFFD1FE
000050CA
0000B889
FFFEA90E
00005060
FFFFA60E
FFFF753B
FFFF1CCC
0000357A
FFFE8B18
FFFF09AD
000048AC
00013A2A
FFFE6DF3
00008B5A
00012660
0000C5DE
00001787
FFFFA3CE
00007909
000068F3
FFFFB347
00001F3A
00004683
00006B06
000066A6
FFFFB676
000040E5
0000AF5B
0000D02F
0000F69C
0000C5C6
0000546D
FFFF70F5
0000BD4C
00001783
00007EC8
FFFF4420
0001B664
00008CC5
000063C0
FFFFE00E
000069CD
00002FFF
000120C0
000047BE
FFFFD36E
FFFE46CB
00007E6A
FFFF0358
0000B1B1
00001831
00002920
FFFF116E
00014E42
00004953
FFFF3089
FFFF7738
0001FB52
FFFFAAD6
0000C935
000022CB
00013DFD
FFFE5C4D
FFFED421
00003283
000012C9
FFFF6869
FFFFFC75
0000FF89
FFFF24C5
FFFF153F
000083E2
0000D3A3
FFFE9527
FFFFE726
0000B35B
FFFFC77F
0000774D
000057D8
FFFF4A30
0000B230
FFFF6ED9
FFFF49A7
0000B707
0001CC79
000046A1
FFFF081E
FFFFA5DA
FFFFA442
FFFF2F43
0000BB6C
FFFF2434
FFFEC11C
FFFF9638
FFFFF0EF
FFFFFFFB
0000E86D
FFFF3F6C
0000196D
FFFFD7FE
FFFF8B10
FFFEED0D
000111E1
0001039B
FFFFC3B5
FFFF47B8
0000A89D
000073C5
FFFFD375
FFFF1152
0000DCA2
FFFF1D6E
0001B899
0000CD0A
FFFFB87A
FFFF5A79
000086A5
0001636E
FFFF98EE
FFFF2759
FFFEE320
FFFF99FA
FFFEA28E
FFFF3B3C
00005B85
FFFF09A1
0000AD77
0000A310
00016386
000107B0
FFFFA90C
0000DE85
FFFEEECE
000061E8
FFFF617C
FFFF94F8
000025A0
000042DB
0000DD8D
0000C21D
0000C8DB
FFFF5E64
0001028D
0000FE2C
FFFEA6F4
FFFFA1BA
000160B2
FFFED8B3
00001AB2
00004BBD
FFFEF949
FFFFADB7
000033D3
0000D911
FFFEF19C
000039C6
00001B5F
FFFFEA32
FFFF5BC3
0000535F
0000CDAA
FFFF94F6
0000CD08
00002790
00011753
00012522
0000C964
000055BB
00009759
0000F1BB
00001767
00002D3B
0000BACE
FFFE878B
FFFF724B
00009A99
00006F1E
00000B5C
FFFFCA51
FFFEC9CC
FFFEABC7
FFFF86E9
00013D44
000042BE
0000B7EA
00005083
00009E87
00018DC9
FFFF497B
FFFF06B4
00010A88
FFFF50BD
FFFF104D
000081B2
FFFFBA02
FFFEED32
00008023
FFFEB351
000006ED
FFFF882B
0000359A
0000F872
00013B82
0000BF33
FFFF2682
0000E741
FFFF2CA3
FFFEF2AB
FFFF46B3
000086E5
FFFF42DD
FFFF4C7D
FFFF7FB9
FFFFF96B
FFFE80D7
0000216C
00005D72
FFFFD880
FFFF0B04
FFFFE069
000121BA
FFFF8EA5
00005F4D
00004114
0000722C
FFFF0C2C
FFFEE22A
FFFFF994
FFFED276
00001C2C
FFFF724E
0000A68F
FFFF37F7
00008134
FFFFA54F
FFFFF9BC
00010BB1
00012CEB
FFFF6FAA
FFFF6C9F
FFFF49E8
FFFFF9A2
00010EF8
FFFF45DC
00002F9A
00003221
0000A2BB
FFFF9A2D
0000B2BC
FFFEA229
FFFF14BA
00000618
0000C31C
00016AB1
FFFE43CE
00005803
0000087B
00003A63
FFFFC712
FFFFEF6D
000140E5
FFFF503A
0001D8A9
FFFF8DE6
FFFFE5EA
FFFF44BA
0000DE15
0000A185
00005030
FFFF6A03
00002327
FFFF81C7
FFFFD9E9
FFFFCCD2
FFFEA881
00001621
0000D94A
FFFEAF72
FFFF4351
00000984
00014F92
FFFF4FAA
00002697
FFFEB0FF
FFFF6629
FFFFD91C
0000A389
0000168D
000026D3
FFFF0468
0000689D
000076FE
FFFFE7A8
00005719
00001277
00000601
FFFF506F
0000A518
FFFEFE59
FFFF51D3
000003B4
FFFFF8D0
FFFFD8CD
FFFFBEB7
0000D2D0
FFFF7DB9
FFFF873D
FFFFD051
0000B9E4
FFFF8106
00004A70
0000298D
000132A4
FFFE9CAA
000134FE
00004B06
00000A3E
FFFFEB98
00001D35
FFFFDB82
FFFFE1F3
00001F03
00007F09
00001901
00007CD8
00003552
0000118E
00002754
000166DB
00019EA6
0000324E
000038B9
FFFF7E50
FFFF0119
FFFE6610
0000BE47
000024FB
FFFFBAAE
00002170
000125EE
00003ABE
FFFEDBC4
FFFFAE03
FFFECA05
FFFFB1BC
FFFE70F0
FFFF0CB5
FFFF0752
FFFFEAE9
FFFEDAE5
FFFFA1EA
00006049
000065C1
FFFFF4D1
FFFEED82
FFFFF267
FFFF1A5E
00005E38
FFFFCC72
00001F64
FFFF91C0
FFFFB898
FFFF49BF
0000056A
FFFEE968
00009C43
0000D17F
000126B5
0000E1CE
00003156
00011480
FFFF8BDD
00000949
FFFF21DF
FFFF62DB
00008DD5
00007C84
FFFF5642
00010827
00005FEA
0000F8D6
FFFF9409
00007310
0000360F
00010B26
00009384
000014D0
00003796
FFFEE162
FFFEA049
0000A85B
00007FF9
00010B8D
FFFF3CAC
FFFF3DA2
00011F29
00001AE2
00003174
00004362
FFFF76BD
FFFF02F4
00019029
00009BD2
FFFEEAB3
FFFE9029
FFFE6A7B
00006CFF
FFFFB133
0000529A
00007616
0000194E
FFFF6CFA
FFFEFAE5
0000C0C2
0000800E
FFFFB9C8
00002225
0000AC09
00008039
000054BB
00008EBD
FFFF7ABD
00002355
FFFF52DA
FFFEDC83
0000534E
00000CB6
0000CB14
FFFFC6DA
00008FE8
FFFF8FC8
FFFFC219
0001CA69
FFFF4A4B
FFFE87B2
FFFFAD0B
00008337
FFFF859F
FFFF0B0A
00009665
00012591
FFFF19D6
00008402
0000E122
FFFFE80C
00018B5E
FFFF7F28
0000E760
00015757
00003EDD
FFFF3027
FFFF76F6
FFFF81BF
00002025
0000AF3E
00007C5D
000065F6
0000729A
00006492
FFFF4989
FFFEB9DC
FFFF434A
00001C73
FFFF74D2
00004A7D
00001447
0000204F
FFFED825
0000B75A
FFFF95E1
0000173C
0000A530
FFFF6CB4
000092EB
FFFFEC70
FFFF973F
00019FD5
00008903
0000321B
FFFF56E6
00012401
FFFE8594
0001D0DE
00000CA1
FFFE0AC6
00017D31
FFFF37A3
0001D5D1
FFFFD09A
FFFE4B51
FFFFB9C1
FFFF11B9
0000B68B
00012C2B
000015B6
FFFF2627
FFFFAAE9
000114F5
0001C594
FFFEC9BC
FFFEB2CE
000101FF
000078E5
FFFFEB99
00014742
FFFFD606
0000FD07
0000797F
FFFFAF29
0000604C
00005E9C
FFFF10AA
000009EF
0000075E
00011921
FFFE2B37
00002C06
FFFF85CA
FFFEAB69
000060C6
0000B46F
00010B36
FFFF7629
FFFF9C11
00004FE1
FFFF7B54
0000C4EB
FFFF75F7
0000F829
FFFFAA44
0000E76E
FFFF11C1
FFFFFA5E
000097CA
0000E016
00004DAC
FFFFA202
00001B42
00003402
00007A11
FFFFD9A2
FFFFAA50
FFFF9CB3
0000C939
FFFF299B
FFFF903F
0000740C
0000D515
0000BE89
00009939
0000C3A5
FFFFAF97
00006EF9
000027C9
FFFFDB72
FFFF786E
FFFFC7B3
FFFF632E
FFFFC049
FFFFCC61
0000920F
FFFF6055
000067B4
0000CD6B
0000D35D
FFFEF7B9
FFFF32C9
FFFF44D2
0000B092
0000BFFA
FFFF34F4
00000CF2
FFFEDCF1
FFFF095A
00002F0E
FFFEDEE0
FFFFAC76
FFFEA01D
00011A18
0000BA34
FFFEFDFC
0000E357
00008D2B
00002D56
0000AF4A
0000B21E
0000FBCF
0000E26C
000125DB
00001202
FFFFEDA4
FFFFE078
FFFF8694
FFFF5C07
FFFED49B
FFFFD56F
FFFFD29B
FFFF21EB
FFFFB3E4
FFFFC951
00016390
0000867E
000069C5
FFFF2754
FFFFCF38
00004DE3
0000399D
FFFEFC50
FFFF95F4
00014444
FFFE0FD7
00009AD5
FFFF25F4
FFFF4C3B
FFFFABA8
FFFF791B
0000FC08
FFFFB1CF
FFFF6383
00007F26
FFFF3793
00001C1C
FFFFD611
FFFF0FB3
FFFF5AF5
0001576F
FFFF857B
00001E73
000166AE
00013C9E
00004D10
FFFEC2E1
FFFF86AC
00003D4F
FFFFA481
00014A4B
00008900
FFFF5E58
FFFFD8FA
00007E96
FFFEFB00
FFFFE82E
FFFF3BF1
FFFF69E9
0000D222
0001379E
0000B8BD
FFFF4853
FFFF51BD
FFFF6822
FFFF5DC1
00003157
00007835
FFFF43DF
00010E4C
0000D7BE
FFFFE010
00005389
FFFEE131
000039FD
FFFFF493
0000EA97
0000B0BD
FFFF53B0
FFFF6B7F
0000C650
FFFF197E
FFFF51A2
0000AD3A
0000B6DF
FFFEB736
FFFF5393
FFFFE94C
00002090
0001008B
0000B19A
0000AE98
00000ECF
00001233
FFFEAAEA
FFFF77F0
0000D459
0000FA69
FFFEF113
0000B24E
0001C0AE
00002B2A
FFFFB63D
0000680C
00006C9F
FFFEF4D3
FFFEDB60
0000E240
FFFFF449
00001B13
00007D5F
FFFFA4FF
FFFFE81C
FFFED1C6
000021A3
00011D95
00005C6F
FFFFF3A1
FFFFBA67
00003206
00000DC7
00013952
FFFEF609
000035CB
0000D967
FFFF7FEB
FFFF7128
FFFEB771
000014FF
FFFEB829
FFFE5B9F
00001473
00014E15
00004B34
000098D6
FFFFD1D4
00007674
FFFF8F2C
00014C04
000032DC
FFFF2811
FFFFE464
0001C53E
FFFF4DFC
00006E09
FFFF6A80
00007B0F
FFFEE380
0000ADBF
000097B6
FFFEF300
FFFF6582
00003F2D
FFFF4FF3
00004252
0000A80A
FFFFEC4F
0000B2C1
FFFF3B44
FFFEEC2A
FFFE734F
FFFF6B7D
FFFF7820
0000A6E7
00002008
00001DE3
00003C6C
000006AF
000120F1
0000A6A6
FFFF8313
00013CBF
FFFFD4DA
00007D9B
00009B27
FFFF38E4
FFFFB293
00010DE8
FFFEFDCF
00009077
000122E3
FFFE87E5
00001D56
00007327
FFFF2B82
FFFFC2FA
00004DB5
00016FE4
0000BE13
FFFF4247
000042E8
FFFFDA1A
FFFF6ABF
FFFFC3A6
0001BD3C
000012E2
000029A8
FFFF666D
FFFEF628
FFFFD885
0001B7B2
0000F79C
FFFF1391
0000CA4E
00003595
0000B8E0
0000DAC8
0001542C
FFFEF3E7
FFFE0B1A
00006B9D
0000585C
00000D48
FFFF6FDE
FFFF2D66
0000D068
FFFF0DF7
0001D8B1
FFFEE591
00004C4B
FFFEEDA4
00005AAC
FFFFA2EE
000017FA
FFFF5F97
FFFEDE59
00009101
0000AFA7
0000520B
FFFEAD18
00006390
FFFFA303
0000294D
FFFF8B05
FFFFAD2F
0000D96E
00005110
FFFFE326
0000D4A0
0000A0BC
0000A5F9
00002950
FFFF57D5
00011E61
FFFE07A8
FFFFCDFA
0000018C
FFFFBA51
0000A295
FFFF5BE1
FFFFA632
FFFF275F
FFFE431B
FFFFF67C
FFFFEA36
FFFFB383
0000503B
00003922
0000551A
FFFFAA63
FFFFF28B
FFFFC9D3
FFFE7750
FFFF4DAD
FFFF6139
000108A0
FFFEFEBA
FFFFEE21
FFFF22A7
FFFF841A
FFFFA426
0000BC05
00013E5C
00006A8C
0000ED9C
FFFEB851
00006F1E
FFFF4B67
FFFFBCCB
00008781
0000DB88
FFFF2894
000015B1
FFFFCB7B
FFFDD2BD
00033A2D
FFFF9B29
FFFF7381
00001963
FFFF43AB
0000A57C
0000883C
FFFFA8DF
FFFF47A4
FFFFDF48
FFFF2E8A
FFFF6CAF
FFFF5E6E
0000890B
FFFFCA23
FFFFBCC0
00000D8D
0000B49E
00010B34
FFFF3164
00005277
FFFE245F
FFFFF814
FFFFCFC7
0000309F
FFFF9194
00000905
00021449
FFFFF278
FFFFC54E
0000A4D0
FFFF0C30
0000BE7C
FFFFEE93
0000B7CD
00016675
FFFEDF53
FFFF79EA
000092EA
FFFFA6C8
00001E10
00017C42
FFFF3DE9
FFFFCDE6
FFFFCF72
FFFEE138
FFFF565F
FFFFFF39
FFFF0202
000092D7
000051A3
FFFE7B07
FFFE4050
0000E13D
FFFF3A93
0000770E
FFFF3800
FFFF306E
FFFECED8
FFFF93BC
FFFFADDA
00004814
FFFFE9B6
FFFFF9B3
FFFFC282
0000DFE4
00003306
000090FE
00001CE0
FFFF2CE1
00012276
0000DF10
00003713
00021932
FFFFD198
FFFE9551
FFFFFE2E
FFFE7DC7
FFFF1CD5
FFFF3C9F
FFFF21EE
0000CAC5
0000E4A4
FFFFFE29
00001344
FFFF243A
FFFFA8E4
000016CA
00001720
FFFED020
00001CAA
FFFE6033
FFFE5503
0000C00C
00005C89
00016A63
000131B0
FFFF3A77
0001372F
00013742
FFFFF743
FFFDD24F
00005078
0000FA65
FFFE6E06
00005098
FFFF8A5F
00013406
FFFEFE8D
00010C30
FFFFCD09
0000B3FF
FFFF1D15
FFFF6C93
FFFFA503
FFFFF79C
00002823
FFFFE1BB
000017CC
FFFF3312
0000431D
FFFFA10D
000064F2
FFFFF5A4
00011E00
00000029
0001E953
FFFE9652
FFFF02E6
00013B04
0000653B
FFFF9D6C
0000C3AE
FFFF697E
FFFE281A
00015BAA
FFFF0445
FFFFEA93
0000695E
FFFF145B
0001096B
000148FF
FFFF9AB9
0001843E
FFFF9AD8
00006A6A
0000CDAC
FFFF0761
00005DCE
FFFFDBED
FFFDF38C
0000EAF1
FFFF3DDA
0001236C
FFFF0BE1
000171C2
FFFFF7C0
FFFF30FF
FFFF75E0
0000D6E2
0000011F
FFFFF6A5
0000A92A
FFFE2FC7
FFFFD5D7
FFFF77E9
FFFFD8A8
0000E10B
0001E3A0
00007080
FFFFF9AF
00002161
00003C76
FFFFCC15
00002CD8
0000D1C6
FFFD772A
00006902
00004660
00002EC0
00000341
FFFFFDD8
FFFF7BE0
FFFFCE8D
FFFF286B
FFFF7DFE
00015084
FFFEF860
FFFFFC04
FFFF33A9
00000847
00005D38
000056F9
FFFF518B
00008302
00005680
FFFF5D16
FFFE9B31
FFFFB23F
00008B85
FFFFBC59
00018610
00000CC2
FFFF68F3
0001A00C
FFFECF0B
FFFEE11A
00007739
FFFECFB7
00005E1B
FFFFB761
00004F02
FFFFA5E0
FFFFB51E
00003728
0000C309
0000989E
FFFFBCF6
FFFF0B2F
000208AF
FFFED4DF
FFFE348F
FFFEF1F4
00006296
FFFF3210
00001C4C
00015B81
FFFFC401
00002A2A
000081F7
0000986B
FFFF89BC
FFFF2175
00000FA6
FFFE6CA1
FFFF6850
FFFF3576
FFFFBF9E
00012A09
0000E6EC
0000F408
FFFFBC94
0000B18A
FFFFD39F
FFFFF7D7
00007F5C
00005329
FFFFEA86
FFFEF5C3
0000E527
FFFE6D98
FFFF0A24
FFFFC43F
FFFFBBE5
00013060
00000CDA
FFFEE8DB
00009D0A
000014F4
00004CC6
00006603
FFFF44F8
FFFFC33B
000175AE
FFFEBD76
FFFE9223
0001391D
00009516
FFFDCE78
0000FF34
FFFFCDD1
0000B4BD
000089AB
FFFEC4A9
0000E7AE
00008ECD
0000D4AC
00004D47
FFFEC450
0000A211
FFFEFD33
FFFF2688
0000AF72
0000400E
00018DCD
000068CC
FFFEC9B1
FFFE1F9B
00004890
0000112E
00003FBA
00004FAD
00002E13
FFFFD404
FFFFAC03
FFFF1566
0000A207
FFFF32C7
000049CC
000150FE
FFFDE23B
FFFF2B9E
00004BEA
FFFFB345
FFFEB9A7
000055A4
FFFDB09B
0000B6AB
00000295
0000544F
000090FE
0000D3AC
00009834
FFFEB3E7
00006939
00008C41
000095C0
00013590
FFFFF82F
00007B5B
FFFF0CFD
0001254B
0000853D
000228E9
FFFEB34A
000083B6
FFFF567C
FFFEEBE3
FFFFB97D
FFFF22DB
0000CB95
00008E52
0000C430
FFFF7EC4
00005937
FFFE59A7
000074EF
000096F0
FFFF6D05
0001473D
0001563E
00003960
FFFFD9EC
00005F24
FFFF89C3
FFFED009
FFFF9A9C
00011F40
FFFF01CF
FFFF7417
000204DD
00003043
FFFF71E9
FFFF93F9
FFFF4DA0
0000D6ED
00002C4B
FFFEFF3F
FFFF2716
FFFFDD5C
00000B8E
000040CD
00005B23
FFFFFED2
FFFF14A6
00010CE7
00006251
FFFF1348
00001F29
FFFFC789
00001ADF
00004463
00009236
0000EDBB
00003CF9
0001579A
FFFE9A0B
FFFF9885
FFFFB89E
00001655
0000A0FE
00008D0D
FFFF10E5
FFFEA0A7
FFFF7647
0000F85C
000027E2
FFFE22C4
FFFF32B0
FFFF4CD3
0000BDB2
FFFE4604
FFFEAC3D
FFFF4B8C
FFFEB527
FFFE85FE
FFFF5845
0000D738
FFFF576B
0000C42A
0000EE29
0001617C
00002A42
000093A4
0001A0B1
00009B0B
FFFF4735
00006D31
FFFED7AC
FFFEEEAC
000089AB
00003AE1
0000C03C
FFFEB004
FFFF6A4C
FFFF1FD7
00000834
0000C86F
FFFFEFA9
0000FB5E
FFFF60CA
0001A3D4
FFFF88B9
00002EAC
FFFFE631
FFFE9569
FFFF0AB2
FFFFC4E9
FFFFC669
FFFFFF7A
000162CC
00003E7E
FFFE8FDA
000049BA
FFFEC650
FFFEF093
0000F7EC
000076A0
FFFF136A
00000D25
000078CE
0000A0A3
FFFEE610
00011E40
FFFE1FE6
00008C8A
0001781C
00009149
FFFF3922
0000C5E7
00004341
FFFF1C95
00022B9F
FFFE585A
000075E6
FFFF595D
FFFE48E2
FFFEC2A7
FFFF4870
FFFECC41
000069DB
FFFFF9DC
FFFFE319
00008AF8
FFFEBB9E
FFFF5F43
0000B80C
FFFF61E5
00014A38
FFFEEC97
00020673
FFFF491D
000041DD
000004A5
0000E624
000122FD
FFFFB749
FFFEEE3B
00008910
FFFF47EC
0000D401
FFFE976F
FFFEBA5A
0000759C
00019F36
0001C03C
FFFF635E
00011815
FFFED5B8
FFFF4FC2
FFFFB049
FFFFDBDA
FFFFCF4B
FFFFEE05
FFFEC76B
00017848
00015F95
FFFF22E5
FFFFCA70
FFFFEDD0
FFFFE5A8
000279DA
00010632
0001539F
00008122
0000F270
000095AB
00010B97
FFFD9E07
FFFE1722
FFFF684C
FFFE94CC
FFFF2C12
00008D7B
FFFF9CFE
00007985
00004B77
0000F133
00004738
00010692
00005603
00001F8C
FFFF5C87
FFFF9639
000098C1
FFFFC785
FFFEEDA1
00008843
0000E352
FFFFAA11
00002648
FFFFDC28
0000D30D
0000AA50
0000334C
000036A5
00002E2C
FFFFDCDD
FFFF9CEC
00005BFA
00008C5E
0000787F
FFFF8CF9
000034AA
FFFFE5AD
FFFF8A9D
FFFF6E65
000110AB
00014731
FFFFE982
FFFFBE4A
000043B0
00004DC0
00003D26
FFFFDFBB
FFFF4DB0
00007A4D
00004573
00002CED
0000CC6F
0000F81F
FFFFA6A7
000061C6
000150BF
00014D52
FFFFE942
0000A231
FFFF4265
FFFFD5C3
00001625
FFFFBDDD
000021F2
0000AAED
FFFFEB13
FFFFD56A
FFFF93CC
0000BFDB
0000F9A6
FFFE7A15
FFFFD9D2
0001381C
FFFFF1DD
00006682
0000B8E2
0000B6F6
FFFF7448
FFFF81B4
FFFFE047
00007E15
000045CD
FFFFCEAF
FFFFDC31
00001702
FFFF4425
00000E09
00003E19
00007BC9
FFFEDDB3
FFFFF622
00011733
00002E86
FFFFABB2
000081A3
0000BE58
FFFF3690
FFFE5D5C
000046B8
0000961E
FFFF09B1
FFFFF0C0
0000A246
FFFFD55F
FFFF89D5
FFFE722E
00003F11
0000DCF7
00004975
000022FF
FFFFD819
0000796D
FFFE77FC
00005AFF
0000FD87
000013D2
0000262D
0000B3D1
FFFF4E77
00002DAB
0000D5EA
00002860
00001B98
00007493
FFFFC12A
000002C3
FFFF705B
FFFFCBE4
00007C88
00003419
FFFEF552
FFFF1084
00000F02
FFFF2C9C
0000C3E4
0000C361
00007BAA
000105D0
FFFFD2D9
0000F145
FFFFD669
FFFFC432
0000BB67
FFFEF53C
FFFF24CA
000094E2
FFFF1E97
0000584F
0000599B
FFFF3EBA
FFFF294E
FFFFFD36
00003CB2
00006A4E
FFFFF60F
00007A8F
0000B723
00003688
00012DEC
00004971
000009BF
FFFF5C7F
00014EE0
FFFF8F76
00008819
FFFFE619
0000C76F
FFFFCA60
00000CBF
00004498
FFFF7E72
00004FF1
00005A57
0000D5E3
00011F5B
000020CD
FFFFF8DF
00009D79
00012C4D
000013AC
FFFF7B83
00008251
00006170
FFFF3867
00003E72
FFFFBB1C
FFFEBE8D
FFFE8CD9
FFFFE188
000099EB
FFFF5DFF
00011472
FFFFB745
000054D5
00004C89
FFFF28AE
FFFF2C97
FFFF1CD5
FFFF841A
FFFFB074
FFFF2879
0000EF9D
FFFF9616
0000D0B5
000055B9
FFFE9EE1
00005874
0001A139
00004B5C
FFFF95AC
FFFF8190
00008EFF
FFFF4D75
FFFFB9B6
FFFF451A
000071D6
0000CB08
FFFFE941
FFFFEED5
FFFF45B8
0000612F
00006DB1
FFFFE139
FFFF34C1
000138FB
FFFF7F75
00002275
0000B80C
FFFFDC43
FFFF2D5A
FFFFA032
000037BF
FFFFDCFE
00004910
FFFF067D
FFFFC9B4
FFFF47AF
FFFF7A4D
FFFEDB34
FFFF3D89
FFFF5C7A
0000630C
000014E8
FFFF9629
FFFFB56A
0000A147
FFFF944B
00000E10
FFFF286C
00011957
00007589
FFFF4CA9
FFFF43E3
00014DD2
0000BEBF
FFFF8882
FFFEC29C
FFFFB0ED
00013D01
0000CAAE
FFFEC340
0000641C
00016841
FFFF9574
00001C3F
0000FC8E
FFFFC553
FFFF0A34
000002E8
00004FF8
000030F2
FFFF3E9E
00004624
0000C0FB
FFFF1CB2
FFFEFEE5
00007139
00007C5B
00003A71
FFFF90C7
000116E2
0000871D
FFFF004E
FFFFAB41
0000B576
FFFF9BD6
FFFF8553
FFFF2D04
0000A8D4
000105E9
FFFF93AE
00005394
0000B7D5
000034A8
00008893
FFFFEACB
0000354F
000097BB
00000B11
FFFFC859
00006864
0000B6D5
FFFFEACD
FFFF2CF5
0000C341
0000A1AE
FFFEA8CF
00002BBE
00004E45
FFFF653F
FFFF1B28
00007E9E
FFFF47FF
00009567
000035A9
000010B5
00004EFE
0000495D
00006CEE
FFFFC9D4
FFFF8BF8
000093CE
FFFF3C11
0000D098
FFFFBB20
FFFF6EA7
FFFF135C
FFFF7FF4
00009A08
FFFF404F
FFFE8E49
FFFFB542
0000A635
FFFF6FC2
000039DF
FFFF79C4
FFFF2D5A
FFFF0803
FFFF7B72
FFFFA186
000089E7
FFFF9DAF
0000B410
00008D7A
FFFF3B30
FFFF2331
0000F060
0000A93D
FFFF4607
FFFF3EBF
FFFF8A28
0000C98A
FFFF5E8F
FFFFF6A6
FFFF788F
FFFE62B5
FFFF0FE1
0000FFB9
0000D9FF
00002F8E
000057AD
0000302E
000024C8
0000E843
000033D8
00009838
FFFF63E2
FFFF3C7D
FFFF05E3
FFFEE3C3
00006378
FFFFFBBC
FFFFD0D6
0000312F
FFFFB2DE
00009EE8
000176A2
00007B2D
FFFF6A34
0000300F
000038E9
000076EF
0000270F
00003924
0000126C
FFFFC143
FFFF5F36
0000B4FC
0001332D
000033E7
0000A663
FFFFB143
FFFFE1F7
000076AA
FFFF62AD
00004517
00000835
FFFFB03F
00014A28
FFFF2A0A
000142B1
00005E19
FFFFADFE
FFFF5259
0000FE19
FFFF4395
FFFF1C53
00008876
0000953F
FFFFF259
FFFFE3CC
00005271
FFFFCBBE
FFFF0D66
FFFFAC6E
0000B2A5
FFFF698A
0000AEC0
FFFFEFC9
FFFEF58C
FFFF9E71
000129F2
0000E5F5
FFFF946D
FFFF4EBE
FFFF5640
FFFF5463
FFFFF2AA
00003E30
FFFF53BB
FFFF9E57
00004347
FFFEC6A8
00001AB6
FFFF4CED
FFFEDFA3
FFFFAA00
00002D0F
FFFFF21C
FFFE617E
FFFF1D17
00000934
000080FE
FFFFE941
0000E86A
0000294F
0000379F
00013C2F
FFFF8F28
FFFF84D8
0001012A
FFFFDEA7
0001110C
00014952
00005CB2
FFFEB15B
000026CD
00006BFB
0000A7C4
FFFFF568
0000800D
0000F0DA
FFFF8062
FFFEDEC7
0000A132
00000B90
FFFFC112
FFFF4B5A
0000000E
0001481A
FFFF8C56
FFFFD804
FFFFEBE2
00003B0B
FFFF5499
0001176E
000059AD
00005EF3
FFFFC390
00008BE2
FFFF55AA
FFFF4DE4
000008F0
FFFF6D01
FFFFBFE6
0000BEAA
FFFF9D2F
FFFF1DF7
00010A0C
000133FF
FFFFDE7A
FFFFFED1
00000762
FFFFC7FA
FFFF6677
FFFFBBA2
0000E606
0000727D
00004EBA
000063E6
FFFFC6E1
FFFF5D8E
000211AC
0000DD90
FFFF8157
00008595
00002107
00001EB5
0000D43B
FFFF78E9
FFFFAC0E
FFFF3D89
0000B74D
000142B5
0000ECFF
0000AC76
FFFF9209
FFFF096A
FFFF5CFB
FFFF840C
000089E8
FFFFEA62
FFFFE3BF
00005639
0000741C
FFFFC9F8
FFFF3D83
0000486D
FFFF5C09
0000C7BB
FFFFD381
FFFF9266
000131C2
0000DD22
FFFFF061
00009412
00005639
0000D2A9
000006CF
FFFFD5C1
0000B7F9
FFFF515F
00002BF6
000107AE
00001CA3
FFFEDD0A
0000C8CF
0000CF77
FFFF2459
FFFF147C
00009F4C
FFFF8E9B
0000D9D5
FFFFD769
FFFF7BAF
FFFF94F7
000034A5
FFFEE674
FFFFBE98
FFFFEEDD
FFFF2876
0000942C
FFFF2099
FFFFBBD8
00011767
000014BE
0000FC70
FFFFAF30
00004F00
00008265
000023C6
FFFEC60E
000044E7
FFFFC05F
00008B8D
FFFEB058
00008FC1
FFFFDF0D
FFFF8A26
FFFFE7BE
FFFFBEF0
FFFF3C2E
FFFF8A3E
FFFFF6A9
000032DD
FFFF8087
FFFF686D
0000E416
FFFFB72B
000028CC
00003868
FFFF9ACC
FFFFD91B
FFFF8E1D
FFFFADD9
0000192D
FFFF2AC4
00000E89
FFFF8A8F
0000141B
FFFFADF6
000077DC
FFFEF008
000028FE
0000BAE6
00003B88
FFFFF270
00000AE9
0000D91B
0000E518
00005C12
00005C0E
00003C02
FFFF8B6B
00011162
0000C204
00001ADF
FFFF55C5
FFFF918C
00005E12
0000273C
0000031C
FFFEDBFE
FFFF85E1
0000785D
FFFF8EDC
FFFFD3B6
00004FC0
00004861
FFFF4D16
FFFF86DF
00007F0F
FFFF09C8
00003840
0000B2D3
000004CF
FFFFDD1E
00004E34
0000889C
FFFFB74D
FFFFABF7
FFFF7A5C
00007D3C
FFFFD1CF
FFFFEA27
00008A0B
FFFFCA74
0000E475
000113A9
FFFF6262
00006CD0
0000755F
000025E7
FFFFB027
FFFF708F
0000C339
FFFF99B4
000017AB
FFFF6FF5
FFFF5C79
FFFF9431
FFFFC481
0000C4DD
0000DB83
FFFFCF02
FFFFAAF1
FFFFCA6C
0000FD2A
FFFF801A
0000863E
FFFFE45A
FFFF242A
FFFF7F93
FFFFC90A
FFFFCEBD
00007BED
FFFF8384
FFFF1677
FFFF5862
FFFF6D8E
00005CDC
FFFF6BA2
0000D50C
00006077
FFFFCE7B
FFFFFABF
FFFF3929
00007236
0000BDCA
0000A09C
00008949
00002354
FFFFA90D
FFFFCA34
FFFFC4AC
0000C1AF
0000D583
00009071
FFFF8457
0000A463
000042CA
FFFFD42A
FFFFA529
FFFF8C8E
FFFF8A57
FFFECEA1
00002161
00004B1E
00009CCB
FFFEF855
0000A479
FFFFDDB1
00003EC3
0000D5D0
00002684
FFFFA089
FFFF9406
FFFFAD29
00002A92
FFFF3987
FFFFEB17
FFFFE73E
000064B5
00003570
FFFF7493
FFFF6D3D
00004EA1
FFFFE9B4
FFFF6759
00001AE5
FFFFA889
00008FBF
FFFF9A0B
00002F8C
00009750
FFFFE5EE
FFFF6AEC
000002AE
FFFF990B
00001E57
00008492
FFFFC10A
FFFFAD99
FFFFD667
0000A47E
000014D1
FFFEFD24
FFFF4B37
FFFF2171
FFFFA6DF
00000F79
FFFF4311
00003656
000086E5
FFFFB4E9
FFFFC8B7
FFFF7042
FFFFD217
FFFF72CB
FFFFB9E1
0000DD2F
0000613B
000002FB
FFFFE7B7
0000E9F4
0000900E
FFFF9AFE
FFFFC0AE
FFFFC599
00003204
FFFF7DFC
FFFF5A74
FFFFFABB
FFFF9754
000028E6
FFFF826E
000055D5
00000E83
FFFF9DBD
00009C60
00000E88
FFFF0B93
0000377B
0000A4E8
FFFF99FF
FFFEFAB0
FFFFBFB2
FFFFAD6C
FFFFA009
00007138
000034C6
FFFF679B
0000FDA1
000060F4
00000F70
FFFFD85C
00005000
FFFFC5CE
FFFFE4A0
FFFFCB7F
FFFFBF8F
FFFF91C6
FFFF4564
FFFF9CF5
000040C8
00006D76
FFFF4B4F
FFFF59B8
00001AF0
00006936
000021E9
00003131
00004D9A
FFFF25AD
FFFEA051
FFFF9A6D
000084B8
FFFFAC54
FFFF7CA7
FFFEDEF0
FFFFE512
FFFFDAF1
0000623A
FFFF1DA4
000114FF
000006B4
0000C26D
00003E8E
FFFF9B54
00001D08
00012313
00001089
FFFFF701
0000947F
FFFFD1D0
FFFF8AD4
FFFEAD4C
FFFF11C0
000128C0
FFFF76F2
FFFF5868
0000D124
FFFF738E
FFFF06C4
FFFF6845
0000ACF6
0000020A
FFFFE7F8
00000426
FFFFCB83
FFFF4C68
0000822B
00004C50
0000AFBF
FFFF8636
FFFF1938
FFFFEFBC
000028E8
FFFFF180
0000DCFC
00016949
00009F1E
FFFF019E
FFFF8257
00009832
00009419
FFFFCBB4
0000758E
0000120C
00007EAB
FFFFBFE2
FFFF3C7B
FFFFB43A
FFFFB056
FFFF94E6
00007D90
00006F7D
FFFF72C7
FFFFCEBD
00006385
00005022
0000BBF0
FFFEFD65
FFFF98D9
FFFFEFAC
FFFFA08A
0000E327
0000397E
FFFF697F
FFFFBD2E
FFFF004C
FFFF67EE
0000A3A5
FFFF6C34
000054A7
00006334
00005B79
FFFFDDE4
FFFF81B4
FFFEF2C2
000076AB
00006406
FFFFE5B3
FFFF2EA2
0000C52D
000036D3
FFFEFA85
FFFF961E
0000ADD8
0000E9AF
00003840
FFFF6900
FFFFA279
FFFFFF34
000067C3
FFFFAA1C
00000DF8
FFFEDE15
000078AE
0000BB97
FFFF1CA4
00004026
FFFF9D38
FFFED907
FFFF3EA2
FFFF9459
FFFFE791
0000AC61
FFFFDE79
FFFF7A3F
FFFFB647
FFFFECFB
0000B5D2
0000E05A
0000476A
FFFF5566
FFFFE598
0000CAD6
0000E366
FFFFFE7E
FFFF5E68
0000C2C9
0000E1FD
FFFF1185
FFFFA5E0
00001BD4
00001DE6
00000DC2
00008E79
00008F1D
FFFF5909
00005D6C
0000FA7F
000098BF
FFFF55AD
FFFFCAC6
FFFFD799
000027E9
FFFFAFDE
FFFFAB89
0000432F
FFFF9076
FFFFBA12
FFFFC57E
0000902E
00003A51
00009066
FFFF2E35
0000B47F
FFFFBB78
00008739
FFFF41C9
FFFF704E
FFFF5A9D
FFFFDF78
0000CA5F
00004006
FFFF7ACB
FFFEEBB9
00003C3D
00011120
0000474E
FFFFC7A9
00001497
0000555A
00007716
0000B55F
0000A13F
00008461
FFFF88DB
FFFFA5A2
FFFFE6A1
00001019
000083B6
0000337A
000006C7
FFFF4175
0000BF17
00001C89
FFFF3D15
FFFEF0BC
FFFF7CC6
FFFFBF8C
0000C092
FFFEFD02
FFFEDD9C
00001954
FFFFE031
00002C13
FFFF67B0
FFFF84A4
000033D7
FFFF587A
00000831
00005731
FFFF9803
FFFFCBCC
00005AFC
00002D62
FFFFBB27
00002F4D
00000DD2
00004FE2
00002A40
FFFF30D2
FFFFDD9A
FFFF6216
00004D00
FFFF8FD6
00007CF6
FFFF70E0
FFFF12B2
0000BCE4
00007CB6
FFFF7844
FFFF1835
0000DD08
FFFFE005
000005AA
00011661
FFFFC703
FFFFE067
FFFFC76C
FFFF2660
FFFFECBB
0001445D
FFFFF28D
FFFF9D14
000037C3
FFFF8438
FFFF8FF9
0000768B
FFFFD7FD
00002F07
00002308
FFFFEC24
0000A8F3
FFFFFD4F
FFFFFDA3
FFFF8FD1
00006A38
000115A5
0000CF7F
FFFEFEC5
0000B87D
00008D3B
FFFFD1C6
00004801
FFFED172
FFFF67D0
FFFFCDA6
00003D1F
00003174
0000BDE4
000026F7
FFFFEE77
FFFF3285
FFFFBB42
0000C905
0000E9F9
00000E77
FFFF1E63
FFFF7273
00000BAE
000028C3
00006B31
FFFFC260
0000BD86
00006C10
FFFF6C66
FFFFE303
FFFFFB0B
FFFF7376
FFFF7B04
00001FBD
00008784
0000827A
FFFEF39B
FFFF100C
0000D27A
000014A3
FFFF6A27
FFFF381E
FFFFB823
0000CEB9
FFFF5057
FFFF64F4
00003B60
FFFFF9AE
000022F0
00000443
0000804D
000091C1
FFFFCDE7
FFFF29F1
0000727C
FFFF3486
000026F6
0000666B
FFFF68AB
00003C41
00000824
000129A7
0000E9C9
FFFFDF9E
FFFEF27C
FFFF59A4
FFFFF5D8
FFFFB315
FFFFE3C3
FFFF86DD
00000677
00003329
00002089
00000794
FFFF96D0
00000317
0000BDE3
0000797F
FFFF5C78
FFFEE566
FFFEB887
00002628
FFFFE80B
FFFEFBBB
FFFFB7A8
FFFECB33
FFFF7070
0000F238
FFFFA3CA
FFFF2642
FFFF3A65
FFFECF5A
0000ED02
00007079
0000F456
FFFF9A57
0000636C
FFFFF657
FFFFF0D4
0000305C
00000002
FFFF4AE0
00010552
00008917
FFFFB241
FFFF8950
0000C336
00003607
FFFF44D4
00007103
FFFF9722
000057DB
FFFFE921
00005B78
0000D762
0000F038
FFFF7DC1
00007C5E
FFFF6EFB
00000E74
00005BF3
FFFFA2D6
FFFF970B
000026B2
00002C64
FFFF725B
FFFF41BD
0000844E
00002D14
FFFFD026
0000B7C1
00003DB8
FFFF2736
FFFF4321
FFFFB4C4
FFFF5B80
000079EA
FFFFC813
00002407
FFFF6012
00000842
00005383
FFFFD17A
FFFF38FB
FFFFECDA
FFFF9F0A
FFFF1145
FFFEDB72
00009064
00003034
00003F8D
00009809
FFFF720B
0000FAA8
000030A8
FFFFD21C
0000D8CA
FFFFD772
000110A4
0000D090
FFFFE5C6
FFFF7D30
0001061E
FFFF3521
FFFFCD05
00009885
FFFF5606
FFFF4105
00005C94
00009250
0000B603
000008FC
FFFFC73D
FFFFA332
FFFF5FE2
FFFFAC08
00008028
FFFF39D1
0001162F
00012724
000102D2
0000139A
FFFF4685
FFFFD458
000013D3
0000058F
000024B0
FFFEFE30
FFFF6F07
FFFFFC69
FFFF2D97
FFFFAA5F
0000360D
FFFF3830
FFFF3E05
FFFF7855
00009C43
00001991
FFFF4AB4
FFFFFD2C
0000943F
0000913D
00003BEF
00011083
00007E92
FFFF2CAB
000026AA
FFFF6229
0000A6F6
FFFF75B7
0000B1CA
00009701
00002E93
FFFFCEB2
FFFFCF9D
FFFF6830
FFFF4906
0000909A
FFFF81D7
FFFFAAA5
FFFF8D8B
FFFFCBC2
FFFF78F5
00002418
00003DA7
FFFFE2BE
FFFF9361
FFFEDEB0
FFFEC8D1
FFFFB6CB
FFFFD625
0000B9C5
FFFF05F5
FFFF3F1B
FFFEED04
00002741
0000A6A6
FFFFF0D0
FFFF671A
0000187F
0000AB59
000090AA
FFFEE009
FFFF91E0
FFFF81E6
00000F56
FFFFA755
FFFF0375
FFFF500B
FFFFE6ED
FFFFE1B0
00007AD4
0000CABA
FFFED641
FFFF132A
00006418
000067DB
FFFFFCDE
FFFF683B
0000451F
0000BECA
FFFF8DDE
FFFF2655
FFFF480E
FFFFD2F7
FFFF37DC
00008744
00010F93
FFFF8590
FFFEEBE5
0000EC77
FFFF318A
00002344
FFFFB552
FFFFFD77
FFFF590C
FFFF8090
FFFFD0F0
00013663
FFFFDA66
FFFF10BC
FFFFCA19
0000D3FE
00000485
FFFF7681
0000701B
0000772E
000120DF
00002CE2
FFFF88A6
0000B0BC
00001087
FFFF0943
00009F88
000074EF
FFFFCAA6
0000C978
00004542
FFFF65B3
FFFFD381
00014521
00001DF2
000001B8
FFFF7D0E
000087D6
0000973F
000032B6
0000454F
00002440
00006518
FFFF6EC9
0000B740
FFFF8BBB
FFFF8EA2
000020D1
FFFF4075
00004222
000100F8
0000618E
00005884
00000D0E
0000C13D
FFFF5637
00004A38
0000472A
FFFFAFAF
00009845
FFFFAC38
000090C1
FFFFFC24
FFFF60D7
00013FA6
0000F7A6
0000CE63
FFFF80BE
FFFF23C8
FFFF25F3
FFFF73D8
0000C9B8
0001622E
0000473B
FFFFF7D8
00008F7A
FFFF571D
FFFF401D
00001451
0000349C
00008998
FFFFDFAC
FFFF6C28
FFFFBF71
0000F7AF
000028C5
FFFEDB83
FFFF71A8
0000899E
0000A517
0000636B
FFFF2182
00006B96
00001692
0000AD06
0000615A
0000C267
00009E37
FFFF6603
0000250B
FFFF268D
FFFF84BF
00004864
FFFEF96E
FFFE9D4A
FFFF2649
0000E047
00002599
FFFF585F
0000F770
0000659B
00001CB0
0000709E
0000560F
00004921
FFFFF7FB
FFFFA864
0000287C
FFFF5C0A
FFFFB74C
FFFFBB30
FFFEFC7F
000015FD
FFFF8F54
00008CBC
FFFFEBF1
FFFF6B9E
FFFF8295
0000327A
FFFF8110
FFFF8BD6
FFFFA587
FFFFEB14
FFFFB977
00003D7D
000016B7
FFFFF6CB
FFFF1B00
FFFF9A88
FFFF5B5C
FFFE8DBF
FFFF7E15
FFFF9C06
0000B270
00008992
00005D2A
000002BC
0000D206
FFFFD9BD
00003631
0000AD72
FFFF6D45
FFFF2F18
FFFF0779
00004756
FFFF3044
FFFF967C
0000C7CF
00011C30
00001CA9
000029C4
00007198
FFFF6DC2
00008126
FFFFC861
00006EC0
FFFF95F9
FFFF46D4
000090EA
FFFFC500
FFFF92F0
FFFFB6C1
FFFFFB01
0000DFD7
FFFFA294
0000865E
00001AD7
0000677E
FFFFEAF9
00009410
0001C66B
FFFF4129
FFFF2073
0000DBCD
00007D23
FFFEDF24
FFFFBEC7
0000DAAA
0000C216
00006EC6
00008335
00003BFE
00006406
FFFFFB6C
FFFF6BA3
0000BBA7
00007B99
FFFFC1AD
FFFFBFB7
FFFFFBB9
FFFF5257
FFFFA44C
FFFF481B
0000B838
000082F5
FFFF6ADF
FFFF37B2
0000562F
0000C27B
FFFF7624
0000A053
FFFF5ECB
FFFFC1E2
FFFFF5A7
FFFF3FB4
000028B8
FFFF595D
00004D51
0000F631
0000D276
FFFF991E
0000143C
000039DC
000080CD
00008C52
FFFEECEB
FFFFBF45
0000B46E
FFFF2BE9
000117DA
0000567B
00009994
00001E08
FFFFEAAA
FFFFF6A0
0000751A
FFFF6FAD
FFFF7291
FFFF6BA4
00003604
FFFF426D
000091F0
00002599
0000E32D
FFFF4FF7
FFFFF723
FFFF402E
FFFFA851
0000E151
0000082A
FFFF5C10
FFFFDC10
FFFF4834
FFFFCAAD
FFFF9991
FFFFD7F0
FFFFDB07
FFFFA602
FFFFD9E2
FFFFDE4C
FFFF858C
FFFF3191
00002B39
0000B91B
0000A7BE
FFFF47F9
FFFF94B4
000040C0
FFFFFFE3
000096D2
0000479E
00007C15
FFFF87D9
FFFF64B9
000004B2
FFFFFBBA
FFFFB405
0000BE50
FFFF54ED
FFFFEA22
0000198A
00000E41
FFFF47E2
FFFFB506
FFFFAB33
FFFEF68D
FFFF58AE
FFFFD3EC
FFFF74BD
00000277
00009ECF
0000D502
FFFF925A
0000B393
FFFFC3ED
000049F8
FFFFE335
000042EA
FFFF8561
FFFE9964
FFFF1852
0000FC76
FFFFB2D3
FFFEFA13
0000798D
FFFFF8D2
0000E564
00001940
FFFFB97D
FFFF741A
000090C7
0000E51C
0000C021
FFFFB086
FFFF6872
0000E960
FFFFA483
FFFE9BD3
0000393C
00000792
FFFF6F61
FFFF23E2
0000E423
FFFFEB7B
000031F2
FFFFD88C
FFFFD669
FFFF49EB
0000CA81
00012530
FFFFF5C7
FFFFC8CA
FFFFE9F5
00005945
FFFF1A28
00008E33
FFFFA608
FFFF1EE9
FFFFE440
0000048C
00009C1B
0000E6A7
FFFFD304
000135D4
00005BAD
FFFFF942
000052BF
FFFFF343
FFFED069
000010F9
0000F70B
00008DCD
0000D65A
0000B82F
0000BF98
FFFF6AC3
FFFF3968
FFFF37A5
FFFF014F
FFFFA694
FFFF6D41
FFFF52EA
FFFF1339
00007DF9
FFFF3C9E
00005A3E
000077E1
FFFFEA03
000081D8
FFFFDE41
000099CA
FFFFEBE5
FFFF73BA
FFFF7EA1
FFFFB511
FFFFA5A8
00001ECB
FFFFB42B
00009B79
FFFFC66C
000037C5
00005003
00000730
00016FF2
00009957
0000EDF5
0000B37A
0000E4CD
FFFF4D49
FFFFB1F9
FFFFD153
0000030F
000089B3
00010FFC
FFFFDFB8
FFFF348D
00007BB7
00009C20
0000642B
FFFF8953
FFFF604F
0000127A
00004557
0000D3A9
FFFF3F5D
FFFF461D
0000E061
0000466C
FFFFA20A
FFFFDD4F
FFFFA37A
FFFF245D
FFFFFFA4
FFFF1153
000094ED
0001059D
FFFF7EA7
FFFF65DF
00007BFA
FFFF963E
FFFF1CA2
00003E1A
FFFF8627
000040A4
FFFEEF0C
000093D9
FFFF9544
00009437
FFFF955B
000125F9
00011475
00000B32
FFFFE6D3
FFFFBCD5
FFFFE09F
00012101
000103B6
FFFF6F70
00006905
00001EDA
FFFFEC01
0000206D
00002697
00007927
00008EF1
FFFFEF28
000146AF
FFFF4CCC
0000F123
000032C8
FFFF35F1
00000CEA
FFFEEE75
00005926
FFFF32CD
FFFF2ADC
FFFFBAC0
FFFEFFFB
FFFFBCFA
00012F64
00006694
FFFFCA41
FFFFFC8E
00006984
FFFFDE8F
FFFF8042
000080DD
FFFFA5BB
00005CDC
00005F71
FFFF9520
0000A72A
FFFFD197
000087EA
FFFF1B31
0000B4EF
FFFEEBF9
FFFF969E
FFFF041D
FFFFD377
FFFF3092
00003937
00009EBA
FFFF5029
0000E7EF
FFFF7D5A
FFFFAFAF
00005253
FFFF7C79
FFFF50A2
FFFEC182
FFFF7C1D
FFFFFC2C
FFFF5517
0000E806
00003DDF
0000E284
0000B542
FFFFB5A1
000030A4
0000B878
FFFF4FBF
FFFF6E1F
FFFFBEE8
0000DE23
0000ECD5
000020D3
FFFFB26B
0000C21A
FFFEF969
FFFF4997
00001049
FFFFC609
0000E265
000154D1
FFFF88BF
FFFFA1CD
FFFF7F9F
FFFED554
FFFF781C
00004E72
00001BFC
FFFF630C
FFFFE8D6
FFFEBE57
FFFF13C5
FFFFEF88
000045B3
00003233
0000506E
FFFEDDC4
FFFE8361
000022F7
0000105F
FFFFFE7D
FFFE84EF
0000CEAE
FFFF4EB1
FFFFA228
FFFF1184
0000C599
00000AC9
00002776
FFFFCFDE
0000B8C8
FFFFEA7C
FFFF2527
FFFF0A74
FFFF9EF2
0000C7B9
FFFF4D7D
00002A65
00007808
FFFFECE5
0000B727
FFFF9018
FFFFBCE7
FFFEDE2E
FFFFAB84
FFFEF6A0
FFFFEA0A
00000956
0000675B
0000305D
0001095A
FFFFCF3A
000064D9
FFFEDEC2
FFFE73D1
FFFF3A74
00009B7A
FFFFD62B
00011BAB
00008D28
00006C61
FFFFF58C
FFFF97B9
0000819C
FFFFCBB5
0000CC04
000091C8
00002FD9
FFFED872
0001E27B
00008F52
FFFF9EA9
FFFFE451
FFFEC5D8
0000B3C0
FFFECE5D
FFFF7130
0000AC52
FFFFD49F
00014E16
00001DB4
0000B754
000082D8
00002BBE
FFFEFAA5
FFFFC965
000133BD
0000A42B
0000CD69
000144C3
FFFF2348
FFFF280C
0000CE00
00004BAB
FFFFF895
FFFF7443
00001568
FFFEED72
000026CA
00000CFF
0000950B
FFFF0F22
FFFEB070
FFFF47A2
FFFFF18F
000024FC
000109B8
FFFF4846
00008B6E
0000320E
FFFFD1F7
FFFF322D
FFFF851F
00007FB5
FFFE5BC0
FFFFA830
FFFF33AE
00000F06
FFFF7A81
000076C1
FFFFABE7
00000B02
00010587
FFFF9A3E
FFFF0AD1
FFFFD5BF
0000299B
FFFF7CFF
000101FF
FFFFE7FF
00009527
FFFFDA4C
FFFFF5B8
FFFF1DBD
000117C2
FFFE90F0
00002252
0001F4AF
FFFF68B4
0000C7FE
FFFF8FDB
FFFF4B87
00005167
FFFFBEB2
FFFFD781
0001AB53
000006AB
000048CD
FFFF2ECF
000009C4
FFFFEA3A
FFFFA91F
FFFF2000
0000B9DF
FFFF3B9A
FFFEE2CE
FFFF8E4D
0000685D
000172F0
0000826B
000064E0
FFFFEE50
00007037
00000573
FFFFA529
00009EB5
FFFFBF66
00000C46
FFFFDA72
FFFF5683
0000631F
00011B91
0000B910
FFFF9EE3
FFFF7D74
FFFF3F2A
FFFF8125
00005CF0
00001644
FFFEA679
FFFF1C31
00004C84
FFFEF165
FFFF0E6E
FFFF7DA3
FFFF0317
FFFEEA62
00000C03
000039D4
FFFE9194
FFFF0D87
00007B60
00008E02
FFFF84FE
00007F17
0000E667
FFFF49D3
FFFF4B57
0000602B
FFFFCD1E
FFFFA947
FFFFBA36
00004DE7
FFFF916B
FFFE8E0B
00002C98
FFFF852B
00017DA5
00008791
FFFF2F76
FFFF675B
0000395F
0000075A
FFFFBC0C
00000224
0000A060
00013C82
00001053
FFFF3DE2
00004379
FFFFF531
FFFF27FE
FFFF4DF0
FFFEEE12
FFFF042E
0000B252
0000879E
FFFF010E
FFFFDA3F
FFFEECC4
FFFF56A1
00005EA6
FFFFAD0F
FFFEC087
00015F0E
000013C1
00004163
000020D3
00010D86
0000C053
FFFFA927
FFFF3B7D
FFFFDA7F
FFFF0587
00010DCC
FFFF7C05
0000B735
0000578F
00011353
0000D340
FFFF37DC
FFFFD497
0000C34A
FFFF26E5
FFFF4726
FFFFA195
FFFF5EA5
FFFF7C62
FFFF93D0
00004056
00005241
00006E47
00008427
00000F1C
0000BCF8
000001F4
FFFF58B0
FFFF78CD
00004FE8
0000DB65
FFFECC52
FFFFD949
0000D31E
FFFEE68B
000022C1
FFFF7DD1
000015A3
0000BC91
00005781
FFFE9644
FFFFE914
FFFF440C
00010049
00001801
FFFFEDE5
FFFE6D40
000101BA
FFFFA542
00005B06
00009228
000089C0
00008A42
FFFF6718
0000CE1C
000009C2
0000364F
FFFFC8C1
FFFF13B9
0000AFE1
0000529D
00005FE1
FFFFA61F
000039BF
00009581
0000272C
000031E8
FFFEA06B
0000ACF5
0000538A
0000433C
FFFFB5D1
00001FBA
000037AC
FFFFAB59
0000D58A
00004802
00000818
0000522B
FFFFC89A
000018D5
00012322
00001FC5
FFFFF4E4
FFFFBCCE
FFFF81ED
FFFFFC9A
0000108E
FFFFF66D
00005D5E
FFFF78E3
FFFF4B71
FFFF1CD3
FFFEDFFB
FFFFCC86
FFFFC619
FFFF1532
FFFF2DAB
FFFF8DA0
0000787C
FFFFADB0
FFFEE18F
FFFEF2EE
FFFF655C
000032A6
0000C83B
00004DD6
00004EE2
000028D6
000057FF
FFFF494C
FFFF1FC5
0000D99A
0000849E
FFFFD330
FFFFE084
FFFF3A8A
FFFF6B06
FFFF9BCF
FFFFAFAD
0000624F
00005043
FFFECF9D
FFFF9220
00000ACD
FFFF0921
FFFF2249
000020F5
0000ADAC
000126FF
FFFF9752
FFFF6733
FFFEFF23
FFFF37B7
000073D7
FFFF5D33
FFFE9FCB
FFFFB090
0000B84D
FFFF9C1F
FFFFC178
FFFFD251
000025CD
0000AB5E
00007BDD
00011532
FFFF84CD
FFFF6A79
FFFFCF69
FFFEEA67
FFFF30C7
00001A93
FFFF418E
FFFFD7AB
00009733
00005A37
00000E39
FFFFAC81
00009DDC
00000A7D
0000161F
0000B767
FFFF6B1F
000083B7
FFFF8233
FFFF04A3
FFFEDAB5
FFFF13EF
00009C97
00005868
FFFF58CF
FFFEA6CA
FFFFB8A2
FFFFC7B2
FFFF7558
FFFF075F
0000D3C7
000042C5
00008A57
FFFF19B8
FFFF7EEF
FFFED15F
FFFF3F80
0000EBCB
00003896
FFFF2CC1
00004213
FFFFB423
000126B0
FFFFD978
00007AE0
FFFF2A95
0000EE0F
FFFFA031
00006CA2
000119E9
0000AE82
FFFFA32A
FFFFE658
0000BFB4
00010673
000004FA
000155CF
FFFFA43E
FFFF534E
00007BC7
00009767
FFFF6AAB
FFFFB0B1
0000CAFC
FFFFD07F
00003D4E
0000E986
00002CED
00002DFD
FFFF806C
0000D260
0000D8FE
FFFFD8BC
00001023
FFFFBAC9
0000C30A
FFFF361C
FFFF0B6A
FFFEEAEB
00002A9F
00015389
00003F5B
FFFF8183
FFFFB533
00003B98
FFFF5057
00002E2A
FFFFDD24
FFFF676C
FFFFC5B8
FFFF7AF3
000020C8
0000B8CE
000104E3
FFFF4C38
000113A3
0001E22A
FFFF232C
000062C1
FFFFB9BC
000180A0
0000709E
FFFF47E8
00005CF0
FFFF38B7
FFFF4BE2
0001333C
FFFF313B
FFFE6A91
FFFFA616
00001C47
FFFE4826
FFFF2727
000015BA
FFFF88FA
00014145
FFFF128F
00005C9C
FFFEE8C0
FFFF0D25
FFFE0098
000059D5
000015F1
FFFFF5A1
00011CD7
00005C5B
FFFF8127
00010503
0001D170
00011EAC
0002364C
0001A4AD
0000E15A
FFFF9898
FFFEEA5F
FFFE70CE
0000D812
FFFF3ADC
0001593E
00025F9B
FFFED0EB
00003A35
FFFEFF02
FFFFA3DF
00008A27
0000D6A8
FFFF6355
FFFF5BF6
0000514F
00001F03
FFFEBEE3
000129FF
FFFE670C
FFFF1CDC
FFFF99CF
FFFF686E
FFFEC29A
000078D8
FFFEA592
000056BA
FFFFBE6A
FFFE3F39
00007BC9
0000B690
FFFF589A
FFFF2C3F
FFFF86D2
00010DB5
FFFFE0D3
000124DD
FFFF4D79
FFFE4EBE
FFFF567B
00008F35
00007E2B
FFFEF98B
0000FC72
FFFF049C
0000AAB7
FFFE6A80
0000084F
00008EE3
000014E0
000052BE
FFFF2FC2
0000A550
00009F3B
0000290D
FFFF51A3
00007CFA
0001EE2A
FFFE2E33
FFFD9375
FFFFB818
0000766F
FFFF51D3
FFFEDEF1
FFFF6A74
00002EF4
0000CAC6
FFFE5620
FFFFDBED
FFFEEA01
000142C5
0000239E
0001033B
00004503
FFFF1AA7
FFFF5452
0001DD91
00007550
FFFED22F
000065B6
00008692
FFFF3138
0000E578
FFFEC9FB
FFFFDAAD
00002AB6
FFFF976E
FFFFAD2D
00000A50
0000525A
0000E483
FFFF55A3
FFFFDFB9
0000F41D
000133FA
FFFF0846
000030A4
FFFF331B
FFFF2F05
FFFED1CF
FFFE769D
FFFFEF82
0000A528
00010ED6
00011AAE
00009D38
00002B1C
FFFE46CC
00006BF7
FFFFAFCE
00008A59
FFFF3162
000077FF
00003E29
FFFFDE82
FFFFD4F5
FFFED98F
0000653C
FFFF6DC3
00014892
0000ED27
00004239
FFFE55C1
0002091F
00006107
00014C60
00011FBD
FFFEE835
FFFEEF9A
0000A8D3
0000A831
FFFFA960
FFFE5823
000002E9
0000862C
FFFFA6B8
FFFE1C59
FFFF039E
FFFFFD9D
000082A6
00003F98
00004EE9
FFFE900A
00011D50
0000C6BB
FFFE0A7B
0000565C
00005D1C
FFFFBEF8
000055E1
FFFF819A
00003C88
0000C75F
0001749E
FFFE5B4F
FFFFF250
00007DF0
0001193E
0000833F
FFFE5034
FFFFA448
00005FCB
FFFFF88F
00007E3B
00005499
000057CE
FFFF7F40
FFFFD2AB
FFFE9FF4
00006C98
0000E14F
FFFF34D3
FFFE5B87
00005A53
00004CB2
FFFFC8C4
00014D8F
00018024
00006F39
000049E7
00012155
0000C36E
0001768C
00007097
00002DEC
00011543
FFFE66FB
FFFF05EE
FFFF3BDF
FFFF371D
00029C25
00013072
0001A9EE
0000D5FE
FFFF75F5
FFFFBFF7
00003856
000069F8
00010853
FFFFE533
0000D0C3
0001C5AD
FFFFBB67
00002B59
00012806
000056C1
FFFE96BD
00008624
FFFF4BB7
FFFF9B82
FFFF4BCC
FFFFC45C
FFFF4DB2
00022C02
FFFEC55A
00015E99
00000367
00001B5C
00005AD7
00020E51
0000D9A4
00006F2D
0000E215
FFFE5F4C
FFFF5E94
0000C26D
000033EE
FFFFD7EE
FFFF8C93
FFFFFA52
FFFEDB58
0000A0F4
FFFF3D5F
FFFFA701
0000A2F9
FFFFF605
00008F60
0000C84F
FFFF0B18
FFFF396B
FFFF3111
FFFE882C
00006362
FFFE7142
0001A30C
00013A5E
0000CC79
00005D87
00018A1D
00018E7E
00000A35
FFFFCA98
FFFF6B84
FFFF554A
FFFF74FE
000074F4
000109FE
FFFF7F80
FFFEBFB5
FFFFA6E0
00009421
0000EED2
00002819
0001E436
0001B5BD
FFFF8F3B
FFFE93E5
00017909
FFFE91BA
FFFF9BDF
00004FCC
FFFE7071
00003DC8
FFFFB89B
00007616
0000847A
FFFEEF18
FFFFD255
00003285
00003D00
FFFF2C19
0001692A
FFFF6313
00011F09
FFFE54C1
0000C8CF
FFFF18F8
FFFECB7C
00011855
000085AA
00017FF0
FFFF68D8
FFFF8A61
00005D99
0000A9C5
00011284
FFFEE6FA
FFFEB5C6
0000CB83
FFFF7031
FFFFE63E
0000C78E
FFFEBF29
0001C27D
FFFF5BDC
FFFEEEDE
0001F6CD
FFFF119A
00014492
000028A9
FFFE9528
00019FA4
00013EEC
FFFF051D
0000E9BA
00010B84
00007C65
000117F3
0001578F
FFFFE183
FFFE7ED8
FFFFF80D
0000C9AB
FFFF6725
FFFF7998
00003C36
0001F68F
000110CE
FFFFB066
FFFEF562
FFFF12FC
0000D878
FFFE4912
00001BB5
000025BF
FFFF7EB1
FFFE4D72
00004884
00013AB7
000009A7
FFFFB19C
FFFF5222
FFFEE5DC
FFFFB47A
00011F27
FFFDB315
00004F25
00020489
FFFE5EA6
FFFF93B4
FFFFB048
FFFF25CC
00006C2A
FFFFDF4E
00001785
FFFEA81C
FFFF7C34
00004A56
0000D2C8
FFFEEE21
0000E7AE
00015BEE
FFFF1874
00012523
0000CA63
00006939
FFFF5477
FFFEE657
0000BEE4
000066F9
0000F0BF
FFFFC1BD
FFFF8E47
000087E2
00017E30
00010936
0001FDA3
0000392F
FFFF5BBF
FFFEC621
FFFF944E
FFFEFE28
FFFEDAC9
000127AB
FFFED39E
FFFED174
0000B7FE
0000B97B
0000C352
0001650D
000091ED
FFFFEB0D
00017AA8
FFFE2B27
0000EB8D
0000E83C
00000813
00028962
00004C21
0001CDC0
FFFFCAFD
000036C6
00005B4B
000015F9
0000E5A3
00003587
FFFFC19F
0000D0F3
FFFFA456
0000B7DF
FFFF8E99
FFFEBE97
00007BFB
FFFF96D7
FFFF56A7
FFFEAF3A
FFFE3FCD
0000CE89
0000BEDB
FFFEB4CD
000001F9
000073BA
000032E2
000034D5
FFFF549A
00007891
0000AAA0
00003CE7
00006BB9
FFFF7A20
FFFFD7EF
0000AD8C
FFFF88E3
FFFF0B36
FFFEAC01
000201BA
000170B0
FFFFB45F
0001032C
FFFE99B2
FFFEE75D
FFFF7275
00019AF1
FFFE6CEA
000172C8
FFFF18D9
0000CB94
FFFFF913
FFFF547E
00000964
FFFF6A8B
FFFEF18D
FFFEF499
FFFE6BFE
FFFEB4C9
FFFFB0F1
FFFFD3A0
0000D8BE
00016F7C
FFFF9621
0001A752
0000BCC5
FFFF5DBD
FFFEE573
00007F95
FFFDDB53
000072A8
FFFF1743
00007F1D
00005F3D
FFFF5834
FFFFF202
0000A1FB
FFFF9484
0000F5CE
00009B65
00000435
0000603C
FFFFD758
FFFFF221
00005DC5
00009ACB
FFFFDDA8
0000ACE8
00017B17
000101ED
0000E588
00009390
000047AA
FFFF8586
FFFF7497
FFFF4AC2
FFFEAF21
FFFEEB87
0000C01D
FFFFF342
FFFF149C
FFFE2E84
00006341
FFFFDAAF
FFFFCFFA
FFFED631
00018363
0000DD21
00001B75
00012559
FFFFC8E2
FFFEFA64
FFFF2A95
00018232
00027C79
00004CC6
00005DCA
00014409
FFFF1FB2
FFFF5452
0001ED6B
FFFFA86F
FFFF8282
FFFF2F9E
FFFFF1CC
FFFF872A
0001C4C7
00000E70
000008B7
FFFF5EEA
FFFF241E
FFFED517
0000F6A7
FFFEA748
FFFF7569
00007F31
00019A4F
FFFF9548
FFFEF586
000023DE
0000DAA2
FFFFD812
0001596A
FFFF650B
00011973
FFFEE942
0000FCCD
FFFF07FC
00007FDB
0000783A
FFFFECE3
00005237
00016C24
FFFFE32D
FFFF345C
0000D3A6
FFFF5536
00009670
00019630
000169EA
FFFFC7D0
0001C780
FFFEA096
FFFF94D0
00010405
FFFF95C6
FFFF0CB8
000075AA
0001D7C3
0000975C
0000C9E0
FFFE6968
00006E78
00007D35
FFFF50AB
FFFE671D
0000B00F
FFFE9400
00000F79
FFFF8244
0001470B
FFFF1DEC
FFFF3400
0000839D
0000E387
FFFFFCBA
FFFF19B3
00001673
0001F778
000071FA
FFFE621D
00003EC9
FFFF9F43
FFFF2C4E
000160E5
0000AB53
00013646
00013186
FFFEEC6F
0000B3C9
00019C08
FFFFACBF
FFFE3C7A
00017BA9
FFFFA1D1
FFFF8EA9
00009F30
FFFF1B31
FFFFB61B
FFFE9277
0000EAA7
FFFFBA56
FFFE5FDE
FFFFF184
0000D2BF
00009641
000038A2
00019410
FFFFC213
0002495B
0000882A
00001A8B
FFFFED4B
FFFEC351
FFFE9A59
00006C49
00001D61
0001A29E
FFFFE16D
FFFE7D38
FFFED40D
0001D09A
00013EB6
0000D9ED
00013F49
FFFE169D
FFFDD769
FFFED01C
0002ADEF
00030C8F
0001430B
00002C3E
FFFF4E2A
FFFFAD28
00015F83
000122B8
00006415
0000B735
000015D4
FFFF19C4
FFFF1049
FFFE8380
FFFE92AD
00019049
00021ACB
FFFEC5AA
FFFF02FF
FFFD7C12
FFFF0A4D
0000C3EA
FFFF8FD1
FFFF28F1
00010289
FFFF9B4D
FFFDDC58
0000E95A
0000D98C
00007FDB
FFFF9C05
00001701
FFFECBA9
00010F4B
FFFD4FA2
FFFEE43E
FFFE76C2
FFFE3CCA
0000012C
000206E3
0000D1EA
0000EF32
FFFDF7CF
FFFE81D1
00010FCA
FFFFCCA9
FFFDF6DA
0000AA24
0001040D
00015EA7
FFFFF45A
000169AE
FFFFF69A
00008228
FFFF03A9
FFFE7CDC
FFFDDB20
FFFFC4B2
FFFEFEC6
000033B3
00001133
00002DD6
FFFF8E92
FFFF3F66
00008100
FFFFB04C
000095D2
0000F499
000097C8
FFFF6CAB
FFFF6CD0
0001CAFC
FFFF8A0F
000052A8
000307D6
FFFE2102
FFFF0D17
000019A2
0000C9F6
0001184A
0000A8DF
FFFF6042
FFFFA630
0000FE70
FFFF2DAA
00002DFA
FFFF6652
00013D1C
0001107C
00026D92
FFFFCEAC
FFFE9A0B
0001286C
FFFEE74E
00000947
00008C6B
0001553B
00004A5A
0000F545
FFFF5668
FFFF1920
00003B54
00011F75
00003B92
0000DF82
FFFF68C7
0000A50C
0000CA52
FFFE8FA7
00004891
00005996
FFFFBFC7
00001A77
000222D1
00007DD3
FFFE6C28
00017925
000111D7
FFFE2E09
FFFED1C4
FFFEFF0A
00008931
0000A058
0001FA2F
FFFE472E
0000DF99
0000E29E
FFFD16B3
0001737F
FFFF01F1
FFFE677A
0000D786
FFFE5B63
FFFEE8E9
00001C59
FFFE7472
00003BA5
00023FFF
0000F029
FFFF0603
0001B078
000053FB
FFFF12C6
FFFFE6E5
FFFE9712
0000E07D
FFFFC262
FFFEFD5B
FFFF1BC0
0001F043
FFFFEFB4
FFFEE91C
0000A673
00014917
FFFF0DE9
FFFDE069
FFFF7C85
00008E8F
00022ABB
FFFF3D14
FFFE11F3
0000C2E8
FFFFA78A
FFFE08C7
FFFFFE96
00015411
FFFF4A54
FFFEC4CA
FFFF1BCA
FFFF4FB2
00004665
FFFFD085
FFFFB755
00001D17
FFFDD9F5
00003A47
00010358
FFFFF9D6
FFFEB44C
FFFF4EEA
FFFFEA33
00003725
FFFF9EF7
00017573
0000EEE7
0000394E
0000F285
FFFEDF1E
FFFDC7B6
0001061A
FFFEDD6D
FFFF171E
00011A9A
FFFFE092
0000E6E9
0001CEDE
000020A5
0000F834
00009613
FFFDD7F6
FFFFE6DD
FFFE137E
FFFE5EBC
FFFFEAFF
0000C584
00018EF0
FFFF71DA
00016E35
000234F2
FFFE6B6A
FFFE8331
000169BD
FFFFD246
FFFDF5C4
00012897
FFFF07A6
000087BC
0001BB32
FFFF11AF
00011A67
FFFF051A
FFFF9BCA
FFFEFB1D
00007407
FFFF3757
00014560
00013DBF
FFFEA093
FFFE69A2
0001CD9B
00018AD7
FFFF1B34
00014757
FFFF9D40
FFFF17CD
FFFF6028
FFFFBEC9
FFFF5BFC
0000A3AC
000008E9
FFFDD951
0000B50C
FFFF4034
FFFDB7FF
0000F0B6
FFFFA03E
FFFFB780
00001D33
00007A7C
00018BFC
000099F2
FFFF95F6
0001F020
FFFFB01C
00004DE3
0000F9C9
FFFEA0AF
FFFDEB08
000036A5
FFFF93A6
FFFF48C4
0000F104
000199B1
00007E24
00017360
FFFFB84B
0001BE91
0000692D
0000F056
FFFEB5FC
00004EDF
FFFF4908
FFFF96BA
00001256
00003B57
00001804
FFFE6DDA
FFFF3745
000205C1
FFFFF0B3
FFFFAA20
FFFF1E17
FFFEAF81
FFFF25CE
00000993
FFFE824A
FFFFC117
0001DA2E
FFFF5164
FFFDF41D
00031C65
00012DEA
FFFE8F1A
000207FB
0001BDF1
FFFFAF8A
000034AD
00013C45
000114A5
FFFEF9B1
0001C31C
FFFEE46E
FFFF6574
0000CACE
FFFE5038
FFFF25E3
FFFFAC9E
FFFFCFBA
000042A5
00011712
0001E2FB
0000CC99
FFFE4A82
000108BF
FFFFB799
FFFE3CB4
FFFF626A
FFFF7777
0000CC8A
FFFF85A6
FFFF6656
0001E34F
FFFF2DD3
0000FC6B
000233AE
0000D86D
FFFE7334
0001AC94
FFFDCD77
FFFFB90D
FFFEC9B0
000067B4
000108E0
0000F356
0000796B
00010423
FFFE83C4
FFFEDD80
FFFE792E
00013AEA
FFFDE9D7
FFFF8943
00012985
FFFE1EB6
FFFE3A48
0000B1FB
0000085A
FFFF7267
0000E1D5
FFFF8CD4
00003BB6
FFFE6D21
0000C99B
000093F0
FFFD6662
FFFF2047
FFFE50CF
000086AC
FFFE3D25
FFFE783F
0000842D
0000E29C
00003A01
00009AC8
FFFE280B
FFFF23AA
00023036
0000027A
0000A271
00021442
00009117
FFFF5226
00018FBD
FFFF3BD5
FFFF4843
00012803
00009CC0
FFFE99AC
FFFFF1B0
FFFE57B3
000020ED
FFFF97AB
FFFF56A1
FFFFBF11
FFFEB6CE
00001D41
FFFD5F1E
00018F1C
0001C651
FFFFD992
0001AA21
0000AE32
FFFFCB11
000244CE
000348BD
FFFF8846
0000C027
FFFF381E
FFFF22DC
FFFF86BD
00010595
00009E63
FFFFEE5F
00008E06
00013200
00018A75
0000AF95
FFFF8384
FFFE37C6
00000F49
FFFFB0A7
000074B6
FFFF5DC3
FFFFA814
FFFFD63B
FFFF0C4C
FFFF0D59
00007FA4
00014196
FFFF4654
000072E1
FFFFDC85
FFFFF2F2
00004A3D
FFFE22FA
000135BF
0000556C
FFFE1782
00018610
000204CD
FFFDE733
FFFE8A9B
00024244
00000595
FFFF6336
0001ED0C
00009453
FFFEA5BB
00001442
00026574
00005B22
FFFFB3F1
000183C5
00010C64
00004DBC
00018AC7
FFFEFA36
FFFFDCB1
0000BD6B
00007AD1
FFFE704C
FFFD8179
FFFEDCA5
00002F00
00010E94
00014EE1
FFFEDBAE
00013BD1
FFFFC8F5
FFFF73BC
00024C4D
0000A35E
FFFEA98B
000051CF
00011F02
000000A9
0002280C
FFFEDE47
FFFE06CB
FFFFF8F7
FFFE7315
0000F551
000131B0
FFFFFA42
0001AC51
FFFFBB40
FFFEBE32
0001547D
FFFFAF86
00002465
00001F3B
00006E9B
000027DE
FFFF458E
FFFECA32
0000605E
FFFF749E
FFFF63CC
00006150
FFFFCE4F
FFFEC2A2
00016A90
FFFFD90F
00002624
FFFE80B9
000016F5
0000CAD5
FFFF3B66
FFFFBA24
FFFF102E
0000CCD9
FFFFE5A2
0000B646
FFFF08AF
FFFE6843
FFFE7C9E
FFFF1F12
FFFFAB79
FFFF4525
0000F353
0001189E
FFFE6830
FFFEC730
00008EDD
FFFFBDB3
0000552E
FFFF3C85
FFFF7D62
FFFE7024
FFFF5D12
FFFF4845
00011857
FFFF1CEF
00004DE6
FFFFDA2D
FFFFACD2
FFFF59AA
FFFF96C4
FFFE8465
FFFF87CF
0001E372
FFFFAA6D
FFFEE362
00012D33
FFFF65F8
FFFE80BF
00011141
00001A15
FFFFD03A
FFFF4541
FFFF97A8
FFFEE593
FFFEE0C4
00000923
FFFF2A6B
0000E02A
00008813
0000E72F
FFFF1F8E
FFFEE06A
00008947
00012231
00009A97
000131D5
00005024
FFFF9E39
00011DF0
00014904
FFFF85DD
000149FA
0000EBA5
FFFF6859
00006523
0001B4E6
FFFFB7B6
00019DFD
00017C45
0001F6DF
000048D6
FFFFC983
FFFF3B3F
0000A368
FFFF26D0
FFFEEC1D
0000C892
00015C48
FFFF3125
FFFEEE99
FFFEA69F
FFFF39B5
FFFFAFA9
000073CF
00005A40
FFFFDE0A
FFFF5D83
0000AB08
FFFF6ED9
FFFFED2B
000184F8
0000CB60
FFFF9CE5
FFFF818F
000024A8
00002EE6
FFFF4926
0001F9CF
FFFF4ED7
FFFF8DFF
FFFF1CE0
FFFF7DCB
0000C2CA
FFFF52F4
FFFF3FB6
000027EF
FFFF3643
FFFF0A78
FFFFF974
FFFECB48
FFFEB601
000021BC
FFFF18E5
FFFFECD2
00014620
FFFF1BBE
0000202D
0000270D
FFFF472F
FFFE2C89
FFFEA656
00004A26
FFFE69EC
FFFF7420
00011E6A
0001304E
FFFF9669
000034A1
0000F0D4
0000252C
FFFDA0C8
00004D46
0001672F
00006E41
FFFF4A35
0001D3B8
FFFE41F6
FFFFA780
FFFE9E30
FFFF1334
00011AF1
0000CE87
00005BDA
00017188
FFFF9548
00006851
00018C48
FFFF712D
0001389E
FFFFA7E1
FFFF69C8
0001742C
FFFFF0F1
00013AB4
0000230B
FFFF947D
00002BE3
FFFFD9CC
FFFFAD28
FFFF6FC1
FFFF08D8
0000CCCF
FFFEE1C7
FFFEDFD2
000071A8
00005245
FFFF24A8
FFFFBD30
FFFF4D62
FFFFEE21
00019846
FFFF6D4F
000013FA
0000BA3B
00004544
00006A8C
00009EA8
00011950
FFFFEF07
FFFFA02A
00010946
FFFF79F0
FFFF6EAF
FFFFA26A
0001C24E
FFFEE06F
000066C1
00011F59
0000FA37
0000172D
00003925
0000FE77
FFFEB709
00003A18
0001FA9F
FFFF521C
FFFFE8E4
0000EE78
FFFEC311
FFFE8EAB
000165C5
00001C51
0000ACCC
0000598D
00006514
00012402
FFFFEFB8
00003D38
0000380E
00000E3A
00009B82
FFFF168F
0000C07F
FFFF5D88
FFFE8F87
00009876
00006431
FFFE2895
FFFF8E9D
00011021
FFFED98D
FFFF5CCA
FFFF5B01
000018D9
00016235
00019540
FFFE1CD6
FFFFC974
FFFE9205
0000D77D
00016886
FFFFF528
FFFF80C9
000189FD
FFFFDE3B
FFFF8451
00001686
FFFF6C63
00011987
FFFF3F8E
00000727
000089B8
000044C6
0000854F
00011E49
FFFF198D
00001D3D
00009D68
00015C8A
FFFFB47F
0000CC4E
FFFEB840
FFFE5C87
FFFED984
00007BD7
000000AE
FFFF26E1
FFFE8FB2
00003203
FFFEAB25
FFFE424D
FFFF57CB
FFFF8FA9
FFFF24B4
000091C2
0000C5A2
FFFE8104
0000A329
00004471
00000A77
0001315E
FFFF3D6E
FFFEBEBA
0000371C
FFFF5965
FFFF56EF
FFFF3741
000177F0
FFFF0660
0000876C
00012C65
FFFFD4A6
FFFFB590
000013D2
FFFFAF87
00000167
FFFF3D55
FFFFBD43
FFFF0BB4
FFFFF7A7
00007179
FFFF82CE
FFFF26BF
000077C4
00000F45
000003EE
000051CA
000062E1
000143D9
00017F5E
FFFFB532
0000061A
00018967
FFFFFBAF
0000068E
000066CC
FFFF02FB
FFFEDBEC
FFFFFC51
FFFFDE74
000093C8
00000664
FFFF1FA5
0001B67D
0000E3CF
FFFF8AF9
000089D0
FFFEDC31
0000A06B
FFFE9B7A
0000A22E
FFFF6AD7
FFFF7A7D
000095B5
FFFF49E8
FFFF91BE
000143CD
FFFF9629
00000791
000057A0
00000A15
FFFF5C24
000043FB
00001BE9
0000F4B5
FFFF28A2
0000F17C
FFFF9965
FFFEFA27
0000952D
00007120
FFFF1F33
00013281
FFFFA701
FFFF7E3C
00008938
FFFE9482
00005AE5
00005B3D
FFFFF1B0
FFFE89AE
FFFF9348
FFFEADF6
FFFFE7CF
00014541
0000CA78
0000CD9E
FFFED09F
FFFFD592
0000179C
0000D8DB
FFFFD9A2
FFFF82D8
0000009A
000057AE
00011383
000113F8
0000EF37
00012BE1
FFFFA149
FFFEC12D
0000A8BB
FFFF22BB
0000934B
0000E904
00001607
0000BD2C
0000EB81
FFFF3E81
00006DEE
0000A3C6
000123E1
000189EB
0000B67D
0000FBC7
FFFF9B79
00006E47
00018642
0000D0F5
FFFF8998
0000A37E
00000124
FFFF22DB
0001AA75
00006976
00000440
0000F21A
FFFFBFC9
00006145
FFFFC6C4
000110DF
0000B35B
00004924
000131D5
000074A5
FFFECE6C
FFFF7818
0000224C
0000BCB3
00008A7C
FFFFEBE1
FFFFF279
00007E7F
FFFFA135
00008F86
FFFF1838
FFFEA0D7
000002CB
000043F2
FFFE4CEA
FFFED4F3
000096F4
FFFDD46E
00009043
FFFF41F1
FFFFD710
0001A530
FFFF9F02
00005CD7
0000AAA1
0000D949
00004EC9
FFFF6E5C
000027D5
0000F2BD
00004109
FFFEBD4E
0000535A
FFFF7088
FFFEA026
FFFE8A81
0001833D
00012B33
00001A23
FFFFB1AE
0000D30C
0000C391
00001E12
FFFF4E9C
0000494C
00003699
0000F23C
FFFF68DB
00007BA3
FFFE3F75
FFFEBFC4
FFFFF1F1
0000B109
FFFF67CA
0000A4C0
FFFEDD85
FFFF46B9
00015556
FFFFBB57
FFFFD44A
FFFF8589
000029FE
00009734
0001A954
0000BA22
FFFF7343
FFFEFB2F
0000F77A
0000AC31
FFFF34CF
FFFFAC0A
000205DE
FFFFECC3
FFFF4FFA
0001798D
00002298
0000916E
FFFEC32D
FFFF4E40
00010718
FFFFC5DB
000046E2
0000EF47
000016FD
000143BB
0000DBE4
FFFED4E2
0001E513
0001547E
FFFF81BA
0000E1FC
00004AB6
00012F22
FFFE6EFD
FFFF099B
0000637C
FFFF7C8A
0000464F
0000D78C
FFFF4EFD
00006DE8
00009280
0000A63F
FFFF276B
000190C5
FFFF5816
FFFF272D
FFFFAF9D
00000027
FFFF410C
FFFEEE9F
FFFF1C5A
FFFF6832
0001F645
000012D1
0001077F
000279BE
FFFEEF4F
0000AB2B
000151DC
FFFFA47C
0000E888
0000D77F
FFFF54FC
FFFF6B0A
0000AD04
00000212
FFFFFCB5
00007E3E
FFFFDDB2
00001DCD
00013158
000019A6
FFFF0F0D
00002A60
000033EA
FFFF42C3
00000BCB
0000BB5C
FFFF2E21
FFFE1828
FFFF32E1
FFFF3F14
0000325C
00010463
000052F7
FFFFBB96
FFFFE05C
FFFF7CFE
0000C01E
00004DF9
FFFFE7B3
FFFFF156
FFFFF3D4
FFFF139F
FFFFA45A
FFFF7A30
FFFF7CFA
FFFFB824
FFFFAFC2
FFFF7D6A
FFFFB6BF
FFFFF360
00010E68
0000EB23
FFFF6802
FFFF7189
000027A1
0000BCBC
00005DDB
FFFF393C
FFFFA0EA
FFFFBDA7
FFFFB550
FFFFEBA7
FFFF8795
FFFF5533
000020BA
00007BF1
0001036D
000006A7
FFFFA2DD
FFFF5ADD
FFFF0C08
FFFFC459
000088B1
FFFFA4BF
FFFF4634
0000641D
FFFF9AA2
FFFFFE21
00000BA0
00001F5F
0000A0DF
FFFFA18C
0000AEF4
00002CA7
0000B3B2
FFFF982E
FFFFD2B5
FFFF9ACA
FFFF6C82
0000A77D
00001FD7
FFFF8D5E
FFFE7CD1
FFFFAAE0
0000405A
FFFFBC21
0000DD04
FFFFF1B8
FFFF60D9
FFFFB5B3
0000297D
FFFF3F0A
000071F9
0000AE07
000016EF
00002B00
FFFF002E
00006383
0000FC4A
FFFF9E1C
FFFFC1E8
FFFFE50A
00007997
0000A34C
00004F7B
FFFF915C
0000898C
00001355
00006BD9
FFFFB2C9
00008FC7
00008ECB
FFFF5DA6
00003198
FFFFFF11
0000C48F
FFFFFD54
0000176A
00011C20
FFFFC2B2
FFFF14AC
FFFF3DD7
000037F4
FFFFAA5E
FFFFE063
000037C7
FFFFE6C2
FFFF0B0C
00003096
FFFFBC3E
FFFFA372
FFFF9D83
FFFF9520
FFFEB0A4
FFFF6A03
FFFF7141
00006FFE
00007C55
FFFFDF92
FFFFC11E
FFFF6E30
00007214
FFFF5253
00007620
000064B1
FFFF267A
FFFF93E1
FFFFC353
00000C66
00015718
FFFF808B
FFFF40D2
00002653
00003F2E
00002880
00009F21
FFFF2B0C
FFFFF87B
FFFF3489
000044F8
000072CF
00008554
000048FE
FFFF83D8
FFFFE8C3
FFFF0621
FFFF314D
00006108
FFFF8449
FFFFEADF
00001AE9
FFFF2225
00002E50
0000A906
FFFF2855
FFFFB9BF
0000D61F
0000150D
FFFF5D6C
00005E59
FFFFE2F9
FFFFAE79
FFFF4A94
FFFF9522
FFFFCF43
00007440
FFFFC8F1
00002EF1
00001A62
FFFF86FD
FFFFE1CA
FFFF22C6
0000A0D7
FFFF8C56
0000B471
00003ECF
0000A482
0000313D
00008140
0000AB04
FFFF560F
FFFF845D
00000AE1
0000BC36
0000712A
0000B2AF
FFFFA45F
00002F98
FFFF6F2E
FFFF6811
FFFF3727
FFFFE56D
FFFFE07B
FFFF0C36
00002445
00004773
FFFFFA5D
FFFF30DA
000093B1
0000D2BB
FFFF69BC
FFFFB366
0000160E
0000EB65
FFFFB660
000009C7
FFFFCA5C
000016DE
000022F8
00006871
00006326
0001118F
0000CE83
0000AC16
FFFF983B
FFFF690B
00003208
00001928
FFFFFBCA
000011F6
FFFFB57E
0000E419
FFFF0801
FFFF7339
00009843
0000C5D3
FFFFFFDD
0000F823
FFFFC4AC
FFFF2320
00002C54
0000A0A8
00003DF5
000060A8
FFFFC40D
00000725
FFFFCA46
000143D0
FFFEDFEC
000045E9
0000D3DC
FFFF5C9A
00008837
FFFFF27E
FFFF60BD
FFFF8229
FFFFF91C
FFFE7362
00001E74
000012F6
0000A024
0000F1CB
FFFEC1B9
FFFFE5F8
FFFFE115
FFFFD16D
00007683
00004F61
FFFF37CF
FFFFEF9A
00002D49
00001ECF
FFFFC1C9
FFFFBADC
0000CC98
FFFF025B
FFFFB455
00004E21
000022E4
FFFF89AD
FFFF7F32
FFFF183D
FFFF42B5
FFFF6149
00003546
000164A3
00013DBA
00009105
FFFFFC1B
00006DEA
FFFF5890
0000AF5E
FFFF952D
FFFFF130
00002B56
000028C7
FFFF6CAF
00009014
FFFF7F88
FFFF490F
FFFF2031
00002808
000013EB
FFFF64B9
FFFF0DAD
FFFFF507
0000EA7F
0000245C
0000234D
000091D6
00008768
FFFF8905
FFFFFA52
00010FA1
FFFF6774
FFFF3318
000006FC
FFFFBF8D
FFFFD75F
0000DE04
FFFF8623
0000ADB5
FFFF953D
00000445
FFFFAA50
FFFF562F
00005EA4
FFFFA03F
FFFEF8EF
00001715
000108E1
FFFF6589
FFFFFD4E
00004148
0000401D
000098B5
000030E8
FFFF64C5
FFFFDEEC
FFFFBD28
0000597A
0000DA30
0000222A
FFFFC3CC
0000410D
0001028C
00006271
00008C00
FFFFADA3
00002100
0000E85C
0000E6F9
00007DEA
FFFFE2CD
0000BFDD
000027AE
FFFF119C
FFFF0AC3
FFFF7955
0000E715
FFFF2DB1
FFFF22AC
0000BB32
00018610
000104E4
FFFFFEE1
FFFFBE59
0000C45C
0000E15A
FFFFB08F
FFFF72E7
000057A3
FFFFE5D8
FFFFC8A6
00008CCB
000057BF
FFFF13B3
00004486
00009A6A
000077B2
FFFFE8E4
FFFF592E
FFFF3191
00003BC3
FFFFE0AA
000038D4
FFFFC9DE
FFFFD3D1
FFFF2D0A
FFFF5890
FFFF5D4A
00009645
FFFFD547
00000E7A
0001355E
00002996
0000DED4
FFFF15EB
FFFF4217
FFFFBE29
FFFF2201
00008F97
000098D8
FFFF2A94
00004995
0000CD69
00013295
FFFF5A83
FFFFD49F
FFFFBB64
000042E4
FFFF3D1A
00002893
000010DA
00007F0B
FFFFF017
00004678
FFFF12D5
FFFFD11D
000071AD
000061A3
FFFEF03F
FFFF434D
0000DBED
000026AD
FFFFC7ED
FFFF6A27
FFFF1244
FFFFFED4
FFFEA31D
FFFF11DE
FFFF1F45
00007CC9
0000D5B3
00000501
FFFFCF1B
00004D5F
00002432
0000AD37
FFFF8BAC
FFFF9679
FFFFE389
FFFFFB33
000113AC
00005732
0000563E
00007CE0
00006B3D
0000CF11
FFFF5B73
00003BD4
0000AF82
FFFFAA7B
FFFF8571
FFFFE1AF
FFFFBE6E
FFFF507B
00004703
00011CB9
000109AA
FFFEF269
FFFFFFA4
FFFF6F73
0000ABF1
0000A081
0000D492
FFFFEBD9
FFFFEBF9
0000770F
FFFF3F6E
000099A2
00004EB6
FFFF515D
FFFF73EE
FFFF4A72
000022D2
00009866
00008203
00004E45
00005F6B
FFFF40BF
FFFF8D21
0000E1B7
0000615C
000053CD
FFFF387F
FFFF5DA8
FFFFD2D1
00006C8F
0000A674
000013DC
FFFF75D5
FFFF2074
000074F9
FFFFC021
FFFFA49E
FFFFC7D1
0000A7F7
00013575
0000DE99
0000A8F6
FFFEECC9
FFFF465E
FFFFA3A3
0001029D
0000BBF9
FFFFEC72
FFFF2FD3
FFFFA6F3
00001AE5
00001903
FFFF43A5
FFFFEAD6
FFFF2ECB
FFFF51A0
00001626
0000F037
00006FF2
FFFFEEDA
00000525
00004062
00009198
00001675
FFFF57B3
FFFFD62F
FFFF49D6
FFFF7769
FFFFA6B8
FFFF0171
FFFFBEE3
0000C177
FFFF82F3
FFFF999E
00003C6A
00004542
00008756
00005282
000120BD
FFFF7E0F
0000A126
FFFF5FEA
00006728
FFFFE1E1
0001082B
FFFF6E4B
FFFFD2EA
0000039D
0000DF0A
00003EDB
00004877
0000229A
FFFEBB4B
FFFEDB79
FFFFE6D5
FFFFD2DC
FFFFACDE
FFFFD9D9
00007FA9
0000F55F
000099F9
FFFF86D9
FFFFA12E
FFFFCBE7
00002DC8
FFFFA423
FFFF385D
FFFF3AE7
FFFFF800
00010698
0000AD01
FFFFB329
FFFFBA18
FFFF2993
0000498D
00011374
0000DB1C
FFFEF8EE
FFFF0C68
00001EAE
FFFFF549
0000755C
00006D85
FFFEC3B8
000081DD
00005A39
00007D5C
00004DB0
0000C6DD
FFFFD33F
00003F16
FFFFBB23
0000E666
FFFF5837
000022C8
0000B6EF
000124EC
00007683
FFFF8BCF
0000514E
0000F4C7
0000CE5A
00004C54
00006C6D
00000612
0000A88C
00008C12
FFFF7A0D
0000259B
FFFEC79C
FFFF9ED3
0000497E
00008E3F
FFFF859A
000001EE
00001995
FFFECDC7
000153E4
00017D31
000149AA
FFFF6CC0
0000065A
0000F953
00006255
FFFF6B62
FFFFC861
FFFF568A
00007D49
00006CF9
0000B23F
00013541
FFFF8EBA
FFFED584
FFFEF9F4
FFFFE8CC
FFFF52CC
000095BB
FFFEB339
FFFFF7F4
FFFFF530
FFFFE97C
FFFF84E3
FFFF85B2
00004F4F
000107A4
000043DB
FFFFEC98
FFFF7225
00000A7D
000084F6
FFFF0773
FFFEA20E
0001BB48
0000C71F
FFFF7A23
FFFFD0EE
0000E56A
00013571
000168B4
00010690
FFFED639
00005DA9
FFFFEE94
000012E2
FFFF9DD6
00007637
0000190F
0000ED1D
00009C55
FFFFB8EB
FFFF05DB
FFFFF366
0000C51E
0000D0BD
0000D485
FFFE6B6E
FFFFE583
00003993
0000400C
FFFFB1A9
FFFF9781
00001AB8
FFFE712D
FFFE9BBB
FFFFE1C9
FFFF06E7
00004178
0000B47E
0000D202
00015907
FFFFA9E6
FFFFC4EB
00009F63
FFFEC375
00000AAB
FFFEEEE2
0000C949
0001BB88
FFFFDC2B
000036B1
00015B20
00000D6E
00006DFE
00015C76
FFFF887C
000060B1
FFFFA07B
FFFFFEC2
FFFF1418
000106AA
0000F7EB
00007083
00013A30
FFFF2E3E
0000CEC2
FFFFA14D
FFFEF78D
00013A7B
0000BEFF
FFFF49CE
00009497
FFFF1059
FFFF540E
FFFF82C8
FFFF4D11
000159E6
FFFFE162
FFFF67FF
000052F9
0000F23A
00002D57
FFFF64D4
FFFF5B90
00018E1C
FFFFCB08
FFFF0EAD
0000DA5E
FFFF65B1
0000050E
000174C5
00009A04
FFFFD7B6
FFFF3882
FFFF933C
FFFEC46E
FFFFAB4E
0001715F
00003361
FFFF04CB
FFFFE575
FFFF9B47
FFFEFCE2
FFFFDF42
00001B0D
FFFF5F64
0000749F
00001F31
0000E7B5
FFFFE9AA
FFFF80B3
FFFFEC30
00019A4A
FFFFD5C6
0000140E
00003919
0000D105
00019C27
0000918D
FFFFAFE1
FFFF56AE
FFFF128F
00007A5B
FFFFF16B
FFFF6A2C
00003B48
FFFFFD7C
00004C22
0000CDD5
00011A71
FFFE8CAC
FFFF43C0
FFFFE57B
FFFE6091
00005263
00001F7B
FFFFBCB4
00006447
FFFFB120
00002A73
00007925
00002F2A
FFFF28CE
FFFF85D2
FFFE8D6E
FFFF5CBE
FFFFE845
FFFF004D
0000FF96
FFFEB300
FFFFE83B
00007EE2
00002506
FFFF8EB9
FFFFD6FF
00000C85
00002437
FFFF7DD9
00005739
FFFEAF88
0000E9DD
FFFF9DF0
00001B2C
00018097
FFFF8A7C
0000824C
FFFED4D5
FFFF33C2
00006B0F
FFFF8E10
0001A883
00008F32
FFFF1671
00003F8F
FFFE55D2
FFFF03D6
00017964
FFFF33A8
FFFFD682
00016748
FFFF31B5
FFFF7C1B
0000D4CA
FFFF86C4
0000FB3A
00002E7D
FFFFA716
FFFF5E34
00004061
FFFE72EA
FFFFE202
00008559
FFFF4096
0000047A
00017EB7
00006F13
0000B089
FFFFF31D
FFFF272D
00009DDB
FFFFA9E7
00004300
00000312
FFFFE844
FFFFAA8B
0000625C
FFFFDAE9
00004077
FFFEFEAE
FFFF7D73
00001CBF
FFFF5483
FFFFB286
000187E3
00002996
000079CC
FFFF7AAD
FFFF88C7
0000E495
0000A191
00004457
000004AE
0000A159
00000A68
00000CAB
000096F7
00014648
00003C4E
FFFF1AE6
FFFFFD15
00003DC0
FFFFD5F9
FFFF9BE8
FFFFF687
00004530
FFFFE865
00005298
FFFF8797
0000AEEA
00007AC4
000148EB
0001079C
FFFF8AAF
FFFF904B
000002E2
FFFFCF67
FFFEFE1C
FFFEF0BC
00013992
00006436
00004113
FFFFE907
FFFE8D50
0000EC3F
000080B8
FFFFD3EC
00001EC3
00007D04
FFFE8764
FFFF62D8
FFFF23A0
00003183
FFFFC1BD
000177AF
0000EF40
FFFF93A2
FFFF7E10
00004BFF
000010DB
FFFF995C
FFFF1434
0000D33A
FFFF8A93
0000B5BB
FFFF99D2
FFFF7B24
FFFEB4C9
000040FE
FFFEBF46
0000636A
00002B3E
FFFF5BD2
FFFF773F
FFFE232F
0000E94C
0000C335
00000C29
0000D521
FFFEDFB6
0000410A
FFFFE201
FFFF354F
00000A17
0000844C
FFFF5916
00014685
00002E58
00003AC3
0000E95E
FFFF6D3D
00009E8C
FFFF2CF2
FFFF0D46
FFFE97CB
FFFF4441
0000F634
FFFFAF62
FFFF885F
FFFFC987
0000FF7A
000053B2
00001625
FFFFB367
0000026E
FFFF3505
00002F38
FFFF5D2C
000168D0
FFFFC2C1
FFFF5EC8
FFFF6F76
FFFE8726
FFFF1755
FFFFB702
FFFF9FB5
00010C33
0000030F
FFFFFA96
00013FB6
FFFEBFED
FFFF3B5D
FFFFE6B8
FFFF2054
FFFDE08E
0000161B
0000F33F
0000B397
00001C46
FFFFB908
FFFF27F4
000063FD
0000631A
FFFF1754
FFFF8A89
00005B77
FFFECDDB
FFFF1CCA
FFFF66B1
FFFE9ECD
FFFF5A9C
0001600B
FFFF6882
FFFF8512
0000022C
0000355C
0002110F
FFFF6EE4
FFFFD98D
0000D9D0
FFFFD4C5
0000CFCA
0000AD85
FFFEF556
FFFEB9EF
FFFFB02A
FFFFAA91
FFFF6D81
FFFF14F2
00005CCF
FFFFB58A
0000D005
0000F355
FFFF7DE6
FFFEB42F
00005946
0000C17C
FFFFD031
000002F0
FFFFD8EA
FFFFCBDA
FFFFF43D
FFFF9976
FFFF3C33
FFFF31CF
000055F8
0000030D
FFFF5CB9
00010D2F
FFFFF11B
000038A7
00007E9B
FFFFB22C
FFFF8098
FFFEF38F
000066F3
FFFFEA4F
FFFF4A25
0000EE7D
00006E0A
0000580B
FFFF9132
00000BDD
00009491
0000F15C
FFFFEA1A
0000200B
0000C53B
0000304E
000049F3
FFFF6F18
FFFE5964
00000E3D
FFFF17B0
FFFFD7E0
000007AC
00002148
0000280C
00012CA4
FFFEF7AC
0001244D
00013398
FFFF90CA
FFFF5C0F
FFFFF54A
FFFFDECD
00005784
FFFF8787
FFFF4AF8
0000F07A
0000D054
FFFF2A3C
FFFFE26E
FFFFE72D
FFFF0370
FFFFE308
0001349E
00000D50
000090DC
00009544
FFFFC826
00003C8E
FFFFBD87
000020C3
FFFF9D7C
FFFF9195
FFFFD3B5
FFFF02B6
0000D153
000094FC
000013E7
0001471E
00004B1B
0000054D
FFFEB675
0000875A
FFFF3D38
0000F5E9
FFFFA37C
FFFF679D
FFFF5B51
0000DC79
0000E5A0
FFFF5624
00003F32
0000A7D2
0000A9D3
FFFF31B2
0001153F
FFFF890E
00007357
00006974
FFFFB59C
00002BEA
00000010
FFFFD400
FFFE6067
000028DD
FFFF423A
FFFF67AE
FFFF0859
00001E07
FFFF94B8
0000884F
FFFEE949
FFFFB3E5
00012348
FFFFF9DD
FFFFCF25
00009034
000145C6
0000DF93
00017181
000029DD
0000CDCB
FFFF8643
FFFFA9BF
00009EC3
00002739
00001475
0000D46C
FFFEDB71
FFFF62B4
0000B8B8
00010DAD
0000620B
FFFE59D8
FFFF2B56
FFFFE57F
0000B3EB
FFFF31FB
FFFFEF77
0000DF65
0000EBEE
00019744
00012FD1
FFFF6318
FFFED8AB
FFFF05F3
000068BB
0000D045
FFFFE031
FFFFFD63
FFFFC2D3
FFFF7892
FFFF528E
00005841
FFFF7FCF
00000931
00000166
FFFF5CDF
0000E412
0000377A
FFFF2C99
00010C05
0000A80B
0000BBAC
0000350B
00007162
000013E8
00015E40
000090E6
FFFFFC5D
00002916
00005256
0000E806
000064AC
FFFFF508
FFFFCCCC
00006D74
000094F2
00017AD0
FFFF3F02
FFFF8D20
FFFF62BF
FFFFED9B
FFFF464B
00004C96
0000047D
000005FF
FFFFC51C
00001C8C
0000E150
0000D7C5
00007625
FFFFAC1F
00005D87
000049F4
FFFFC81F
000024EE
00005315
0000F633
FFFFD692
FFFF3767
00001F25
00006802
FFFF3628
000076F6
FFFF699E
FFFF8986
FFFF5B0B
FFFF65DA
0000943F
0000039D
0000BCDD
0000ED13
0000F204
000089B2
FFFFA444
00002E3D
0000C0CE
FFFF164B
FFFF9936
FFFF7FF7
FFFFA1FE
FFFF9DD6
FFFF044B
FFFFEDF6
FFFFCBF3
00001AE6
00002541
FFFFA592
0000D711
FFFF01CA
00000425
FFFF7C29
00000256
FFFEFDCB
FFFF6FEF
FFFFD1F8
0000582F
00003DF0
FFFF8F08
0000E7E4
00001616
FFFF3C57
FFFFBFC0
FFFFCEDA
00002676
FFFFF75B
FFFF40A0
00006B6C
0000C14D
FFFFB7FB
00004FB3
FFFFDD43
0000127C
0000648A
00006D1B
0000A6E6
0000250C
FFFFBB8F
000015B8
00003AA4
FFFF60F9
0000BB1C
00006158
00008D7A
00000165
0000B3E6
FFFFDE78
FFFF9244
0000EE6C
FFFFAF47
FFFF94B7
FFFF772C
FFFF58C3
FFFF968F
FFFF80C1
0000A4BA
00001BC7
00006219
00000C8D
FFFFE8F0
00001B66
000027E3
00003113
000027CF
0000D8E5
00004EB2
FFFF719C
FFFFCBB3
000030C7
00000EF1
0000F4C6
00005326
FFFF3677
FFFF5172
000007C5
00009189
FFFF9ADF
000089AF
0000EBE0
FFFF4B65
00011254
FFFFB3E8
FFFFE610
FFFFCA40
000076EA
000015DA
00005515
FFFF2253
FFFFCF5B
FFFFF25A
000000E8
00009C02
FFFFDACF
FFFF8D85
00008487
FFFF999E
FFFFAEB8
00005A0F
FFFF4391
FFFF0D0E
FFFFBD12
000055A8
FFFEC7FF
FFFF5754
FFFFF926
FFFF8A7E
00004E48
FFFF7602
FFFF838D
000075D4
FFFFC2AE
FFFEE969
FFFFB523
FFFF9348
00005E23
000055C5
0000C21D
FFFFE001
FFFFC53B
FFFFF020
00002AE6
0000197D
FFFF2B22
FFFFF1A6
0000BED1
00004EB4
FFFF6BEF
FFFFFDB8
00002C93
0000A869
FFFF7449
FFFFCF40
FFFFAEC5
FFFFE6C6
FFFFFD33
00007927
00007591
0000FA92
FFFF0347
FFFF9FD0
FFFF4D1F
FFFFFCF3
0000F33F
000062CF
FFFF6AAB
FFFECC19
FFFF8BE9
FFFF9E2C
FFFFA1FB
FFFF45F5
FFFF21F9
FFFFC640
FFFFAAD7
FFFF4FEB
000030BA
FFFF16DA
000003AC
FFFF57B5
00000305
FFFF6238
FFFF5C8C
0000CA2E
0000BE83
00005EE6
FFFF9FB1
FFFFBA41
FFFFB424
00002D45
000023CE
FFFFC6EA
0000E678
FFFFE760
FFFEF6F5
FFFEDFF2
FFFFF7FD
00009BCA
FFFFE68E
00005C4B
0000C6DB
FFFF57B2
FFFF0C36
000012F9
000106A2
00001951
00009118
FFFF9932
000071D8
00001DEA
FFFF78F8
000056CA
FFFF5813
00004BAB
0000106C
0000D9C5
00011790
FFFFDD9E
00009E6F
0000180E
FFFF6FDE
FFFEC764
FFFF1E6A
0000470E
000038F6
FFFF749F
FFFFB050
000067E3
00008CA2
FFFFF206
00007D95
000080DE
00007B73
00001F01
00009BD2
FFFFFEA4
FFFF7AB9
FFFF40F8
0000F231
0000A66D
0000EB18
00002DE3
00002C26
0000CB8E
FFFFA313
FFFFCEA4
0000625D
00001137
FFFF7742
FFFEE88A
0000BC8E
0000543F
FFFF492C
00003EF4
00011DE4
FFFFFEFF
00001B80
0000050F
00018F79
00006EBF
0000E2AD
FFFFD9A3
000028B6
0000A4A4
FFFF5708
00000D34
FFFFADEA
00010B0B
FFFECDB8
FFFF5E04
FFFF9D8D
FFFF718A
000094A9
00009FAF
FFFF1B9D
00004B46
FFFF9006
0000142A
0000B40B
FFFFE340
FFFF7F0B
000069E5
FFFFB705
FFFF3CD6
FFFF8B54
00000763
0000381F
00000F35
FFFF6737
FFFF4E95
FFFFBD86
FFFFF69C
000040E1
000007E3
FFFF690F
00006F19
0000AA39
0000259C
FFFFCC66
0000260D
0000A0DC
0000BD6A
FFFFFC6A
000000C9
FFFFF463
000034DC
FFFFFF5B
FFFFD6C8
FFFFED9F
FFFFC92F
0000488A
000095AE
0000C90E
FFFFF668
00001622
00011959
0000B269
FFFF7203
00003596
00006F06
FFFF3D80
000057D7
00008226
00002B31
FFFFF865
FFFF4EAA
FFFFD220
FFFFACF7
FFFFEA88
FFFFD0E0
FFFFCBEA
FFFFE6C6
FFFFD6F8
FFFFD79A
000161CA
00014704
00005F54
FFFF2E9E
FFFFAE74
000056DE
FFFFDDE4
FFFEE4D2
FFFF1B96
FFFF90B5
FFFF0623
FFFF7B4F
00000D6F
00007714
FFFF8927
FFFFFA0B
FFFFE10D
000000DE
FFFF9D29
FFFEA3C7
FFFF1E40
00003032
0000F75F
00003AA0
FFFF0EAD
FFFFBC80
FFFF5CB4
000080C2
FFFF9608
FFFFDEAF
FFFFA4C6
FFFFF16F
0000E096
FFFF2975
00000B16
FFFFBFE9
FFFF5629
000041E8
0000D01D
FFFF2FC1
FFFE6658
FFFFB84F
FFFF8F7E
FFFF20F9
FFFFB439
FFFF983A
000016BF
FFFFAB8B
FFFFF785
00006040
FFFF8BAE
0000D942
0000A1E6
00001D37
0000171A
FFFF0D6F
FFFF7C03
0000DC2C
00009322
FFFFEC9A
FFFF96D9
FFFF8D29
0000BA9D
FFFFCECE
000121FA
00004709
FFFF8B31
FFFF52BF
FFFFAD4F
000011A9
FFFFC587
000002B1
FFFF4CCA
FFFF348D
FFFF630F
0000F9FB
0000D310
FFFF6437
FFFF2981
FFFFEC4A
0000CD31
00001DCE
FFFFB0C0
FFFF1A7A
FFFFF621
0000E8FA
000017E1
FFFEFE3B
FFFFF0E2
FFFF5008
00006B34
FFFF951D
0000C701
0000D58A
000066CC
FFFF1C6F
0000EA30
0000E62B
FFFF888D
0000EBFE
FFFF90AB
FFFF91AD
000025DC
0000087D
000037B1
FFFF1D11
00006A31
0000697B
00001E75
FFFF6EC7
0000392A
00008B98
0000829A
FFFF800B
FFFFE879
00007844
FFFFC537
000033FF
FFFF6242
0000F02A
FFFF41BE
FFFF9245
FFFEFF4C
0000C465
FFFF5975
000037CD
FFFFC929
FFFF8EE3
0000BCDA
0000DBBF
0000AC1B
00001456
00004C90
0000C8BB
00010A54
00001564
FFFF9279
FFFF5EE2
FFFFA7F5
FFFFC8D0
FFFF7CFC
FFFFA73B
FFFFC2C2
000028BD
FFFF70C0
00000E7F
00000DCB
00013239
0001437A
00005008
FFFF7C1A
FFFFBA17
0000E97F
FFFF7385
FFFFFB10
00003EA4
FFFEFF16
000002C1
0000325C
00000B46
FFFF9A37
0000026A
FFFFD60D
000090DB
FFFF516D
0000BC31
FFFF29D9
0000D9D8
0000A472
FFFFDC6A
FFFFE733
0000241A
FFFF9AA4
00014158
00008B77
FFFF94F0
FFFFB8FD
FFFF71BB
0000876D
FFFFD01D
FFFFD8F9
FFFFBFAA
FFFFC53E
FFFF5B1B
0000101D
FFFF015A
FFFF9119
FFFF92AF
00012887
00003691
FFFFAFA7
FFFFB749
FFFFC09C
0000E168
0000A654
FFFFDF69
0000D0D8
FFFFCD3B
FFFF6899
0000E53B
FFFF277B
00008281
FFFF9E64
0000E6A6
FFFFAD08
0000D76E
FFFF84CB
FFFF37BB
0000FD7D
0000DAFE
FFFF714A
0000C6C9
FFFFF584
0000018D
000049C3
0000AFF8
00000EDC
000090D9
000095F4
0000B15F
0000AAF1
00004A5F
FFFF80C5
000008A9
FFFF834E
FFFFD5F9
00003A9B
000111A8
00006725
00008882
00002B57
00001D11
000026D0
FFFF207F
00007123
00001546
FFFFF55E
FFFF51B3
000018B6
00003B87
00007AFD
000087CB
000001EE
FFFF5C63
000006D5
00002655
00005D66
FFFF8AF0
FFFFA898
FFFFE994
0000FD4C
000070D8
00007D73
00001BCE
FFFFFC0F
FFFF8E0B
FFFFE40B
000016E4
0000A9BF
FFFFE61C
FFFFE31B
FFFF0B4A
FFFF6BB9
0000319D
FFFFC980
FFFFB18F
00000715
00006611
0000616F
FFFF0732
FFFFC381
FFFF723C
FFFF7537
00001BF1
00000E6E
00004FD8
0000B69A
00001BF3
00004F84
0000920A
00006EC1
00001080
FFFF0136
FFFED9F2
FFFF6CAD
FFFF891D
000186CA
0000C903
FFFF2118
FFFE78CB
FFFF2CB8
0000956F
00010DF1
0000E7E1
FFFF145A
FFFF1D39
00007423
00001018
00005F14
0000611A
0000B943
00011961
000034B0
FFFF563F
FFFEF021
FFFF68C1
000103CA
0000F33F
000052BD
FFFFA4E5
FFFEACD2
FFFFC6E0
000005D0
0000D749
0000CCC5
FFFFF6CC
FFFFE1D3
FFFF8BA9
FFFF1FF9
FFFF54E0
00001352
00004AAD
FFFFAFEC
FFFFAE7B
0000914D
000025FB
0000C764
FFFFA378
FFFFB678
000033DA
0000FE98
FFFFAAE8
FFFFA8D2
FFFFB91E
0000082D
0000BB7A
FFFF19FD
FFFEFB03
00004FA9
FFFFAFD9
FFFF583C
00006B47
FFFF7071
0000FF28
0000BCB6
FFFF56BF
FFFF23BD
00005C0B
00005948
FFFF4196
FFFF8D70
000008CA
0000A358
FFFFE068
0000691E
FFFEFA89
FFFFF147
FFFEC108
00016C52
0000D351
FFFF8187
00009F87
FFFF11B9
000112F9
FFFFB28D
000000B7
00000AAC
FFFFCF42
FFFF3B6C
FFFF3BC7
FFFF233B
FFFF50F5
FFFF89D1
0000AD85
0000DF97
000060AF
FFFF96A1
00003EBD
FFFFDCB8
0000518A
FFFFFCF0
00008542
FFFF085F
0000282B
00006CA5
00001FB3
0000F865
00003BD1
00005E4F
0000870A
FFFEE7E3
00001221
0000CBCB
00009C96
FFFFB7AE
00004EA6
00003F06
00002AA0
FFFFEA16
FFFF2747
FFFF9953
00003249
FFFFE5C2
00000D1A
FFFF2813
00006061
0000312E
FFFFDE39
00000B7A
00002E0B
FFFF516C
00000894
FFFFF500
FFFFDE91
000010C1
0000AB7C
FFFFA894
FFFFF1A4
FFFFA55F
FFFF0F76
000051BF
0000213F
FFFF6EB6
FFFF3C7C
00007B26
FFFF2BF1
00003B62
FFFFA473
FFFFE4D8
FFFF9704
0000D7B5
0000434B
FFFF752B
00000E53
00008070
00007171
FFFF3335
FFFFD722
0000C23E
0000F8E6
FFFFC4E5
000093C8
FFFFB1AA
FFFFCB5B
000007E7
0001CDD6
FFFF8CE2
0000681F
FFFF3755
000072DC
0000E936
FFFFC79E
000108B2
00005DDF
0000265D
00005BE8
FFFFFEE2
FFFFB9AB
FFFFB976
FFFECD35
00000623
FFFF1B04
FFFF49CE
00005707
00018CC4
FFFFEB86
FFFFF344
FFFEC768
0000843C
00005ACF
FFFFE9ED
0000145E
00012332
FFFF2474
FFFFD1DE
FFFFF731
00006CEA
FFFFCE8B
00008C2D
000083B7
FFFFCF88
0000CE8A
FFFF3A7E
FFFFCBC8
FFFF3AE2
FFFF991F
FFFF6608
00005309
FFFF318D
FFFFB495
FFFF8AC7
0000DC17
000141CC
FFFFB02C
FFFF40F0
FFFF410F
FFFFBFF7
FFFFE47F
FFFF1F55
0000E991
00003D9C
FFFF6C7D
FFFFDD98
000067AC
00001CA3
FFFF6599
FFFF2F19
FFFF6911
00009781
FFFEF6E8
00004821
FFFF58DD
00005CFC
FFFFDE31
00001FB7
FFFFA551
FFFF41C2
FFFF547D
00004FBC
0000A82E
FFFFB7C8
FFFFCAC8
000031DE
FFFFB94C
FFFF9680
00009557
FFFFEF82
FFFEE1DE
FFFFDC88
FFFFE4CB
FFFFEC6B
FFFFFA3C
FFFF99AE
0000F040
0000D040
00001C85
0000D992
FFFF6A07
FFFF69A1
FFFF8208
FFFF8E9B
0000AA28
00010FDF
FFFFB2EF
00001F96
00005920
FFFF7D06
0000B61D
FFFF7855
0000A5C2
0000BA01
00000CEB
FFFED2E0
FFFFCC61
FFFFC4A4
FFFFFFC7
FFFF9FD5
FFFF33DC
FFFF9CCC
FFFF7443
FFFFD8B5
00008B8A
0000B805
FFFF91CD
FFFFF616
FFFF92B1
00012948
FFFF5949
00001D6A
FFFFD163
00009545
FFFED796
00000FBA
00006AFC
0000D09D
0000764A
00002F70
FFFFEEEF
FFFF2F30
FFFFB106
FFFF9462
00008D2F
00008F2B
FFFF1393
00001037
0000839C
00015DEF
FFFFC959
FFFF79EF
FFFEF0BE
0000445F
FFFF2434
000086B5
0000717C
00007772
FFFF8E9F
FFFFAD7F
FFFF947C
00002AA6
FFFFB215
0000307F
00009E01
FFFF73F3
0000D92F
000054AB
00000616
00004355
000059A0
FFFF95E6
FFFF8444
FFFF4749
00006983
FFFFC959
FFFECDE8
FFFFC9BC
FFFFBF95
00009A7A
00006545
0000287D
000067BC
000034E9
FFFFC4DF
FFFF2FAF
0000BCE4
00001D76
FFFFE3EF
FFFF2A62
FFFF7364
0000044D
FFFFC71D
00000331
0000772B
0000A243
00000949
FFFFA490
FFFFA723
FFFFC129
FFFF6E78
FFFF5A3C
FFFFD901
FFFF5EA5
FFFF7532
FFFFA4AC
FFFF8F60
FFFF80E7
0001A8A8
0000BE10
FFFF981B
FFFFA393
FFFFA2F2
FFFFF9F0
0000D833
00019AB5
00006E87
FFFF9B8E
FFFFE029
FFFFFCEF
00002139
FFFF2FDC
00006114
FFFFEA57
00001ACB
00012684
FFFF1F94
000085B6
0000BF97
0000F1AA
00006421
000080B1
00006B3D
000082F2
00001EA0
FFFF611C
000066B3
FFFF55F4
00009F50
00008FD6
00007CEB
000107DD
00016F5E
FFFFBF91
FFFF5AC7
FFFED9AE
FFFF6694
FFFF8A45
FFFF7099
00001F31
FFFFC207
0000B9FD
FFFF2DD8
0000178C
FFFF2A35
0000277D
00004E27
FFFF7098
0000D40E
0000A142
FFFF0806
000088AB
00003EA4
0000259D
FFFFD8F4
00009C15
000017CF
00000481
FFFFFFA2
000021AE
0000019B
FFFFD82C
0000554E
00005EE2
00014D43
FFFFD186
FFFF6996
FFFFD214
00000594
00002F05
FFFF901C
FFFF9194
00009824
00001A3D
00012D7C
FFFF792C
FFFFA91B
00002B9D
000093D3
FFFF1429
00011371
FFFF2748
FFFF32A3
FFFFE904
FFFF9FD7
FFFE9C18
FFFFF12E
FFFF8ECE
0000DFD8
FFFF806A
00002081
0000C49D
FFFFEAF0
FFFF4A76
00003E4F
0000F137
FFFF92EC
00002F67
FFFEDAE5
FFFF7F65
FFFEDA3F
FFFF663F
FFFF3AB4
00006AC1
FFFF5DC1
0000A6E2
FFFFBACD
0000E188
FFFF9D8E
00006F5E
00000682
0000C914
0000D734
FFFF573A
FFFFD1B0
FFFF574A
000008CB
FFFF6614
FFFF3041
000009EB
0000F5BC
00001E37
00006657
0000583A
00008107
00009757
00000D30
000128C1
FFFF0F19
FFFFE973
0001381B
FFFFF679
FFFFF4AA
FFFFFC3D
FFFF4FDC
FFFFE3F5
00009DDD
00002D8F
00007B31
FFFFDFE3
FFFFAAF3
FFFED10D
0000FF32
00000812
0000B661
FFFFAE1E
000085BE
0001093E
00005836
FFFF7C29
000040B7
000016BA
0000AFD8
FFFF1809
FFFFAC68
FFFFFCA8
0000445F
00003427
0000F144
000046D4
FFFF2F44
00000389
00001515
FFFF7052
FFFFB5C8
FFFF797D
00004599
00000384
FFFF1B3B
0000FFE1
FFFF8018
FFFFD851
00004578
FFFF6C28
00006E70
FFFFBE98
FFFF4C9E
FFFFF51B
00002CEC
00012490
00003BEF
00005041
0000A616
00004774
00005ACA
FFFEBE6B
FFFFBD94
000008EB
FFFF7247
00007D29
FFFF6064
0000973D
FFFF48AD
00008F17
000064B4
FFFEE3CE
FFFFC25A
0000568B
FFFF621D
000097C3
0000C879
00003B56
0000C972
00001F3A
FFFFAD66
FFFF8FB5
00007EF8
FFFEC970
FFFFA5A2
FFFF6829
00000A25
00004A97
FFFF2F9E
FFFF3B4F
FFFF255F
FFFF6625
FFFFA218
00007A3D
00007BED
FFFFAF3D
FFFFB2F2
FFFE9DF7
00009626
00002FF8
FFFFD337
FFFFE963
FFFEEF09
00004999
FFFFEC3F
FFFF845F
0000658F
00003AA2
0000B3B4
FFFF3185
0000CB66
FFFFC61C
FFFE9632
FFFF27FB
00008BBA
FFFFEC1A
FFFFE9F3
00005DE0
FFFFC6B2
00003C2B
FFFF5332
FFFFE871
00009D6F
000065FC
000096D9
000075AF
0000E993
FFFFA855
FFFF8225
FFFF2250
FFFFD236
0000C88C
00003B27
FFFFEC45
0001041F
FFFFBD38
FFFFAA9B
00001A0F
000081AA
FFFFC889
0000E28F
FFFF6072
00003D03
0000AA7F
FFFFDFA6
FFFFD279
00006BFD
00005B46
0000721C
00000DCF
FFFF886D
0000DB4B
FFFF2B3C
FFFF0257
FFFEE206
000051BE
FFFF7F47
FFFF64D7
00003F9C
0000BFF1
00004C67
FFFF059E
00005452
FFFF3F48
000021F4
0001065A
00006B74
000072EC
FFFFA85C
FFFEADAB
FFFF2440
000090B1
FFFF7342
0000868E
FFFFF668
FFFF875A
0000532E
0000ADC9
FFFFE745
0000B201
0000641D
FFFFDEF6
0000031A
FFFF179E
FFFF5A46
FFFF1D7F
0000D22B
0000366D
FFFF00EE
FFFFF7CD
FFFFD068
FFFF8238
000009C5
00003A46
FFFF6A8C
00003237
0000D450
FFFF3097
FFFF7857
00003016
FFFEA309
00002DB3
FFFFB934
0000A940
0000A003
FFFFF429
0000BFCC
FFFEA599
FFFFEA83
FFFF62D6
0000200F
0000B6D9
FFFF61C4
FFFFB665
FFFFB1D7
0000B977
FFFFE812
000155E1
FFFF92FF
000063A9
FFFFEB17
00004295
000061FB
FFFFED0B
FFFFA67E
FFFFA142
00003911
FFFF80F6
00002166
FFFF49BE
FFFF8AC2
00005AFF
0001192C
FFFF61AE
FFFFE0A6
00008BB1
FFFF7D3A
FFFF6F16
00007084
FFFF93BA
FFFFF40F
00000F59
FFFF8D71
FFFFD85F
FFFF650B
000048CF
FFFEE725
FFFF6540
FFFF5AAF
0000D92A
FFFFE53A
0000B822
00008768
0000BB84
FFFFC40D
FFFFCD82
00003829
FFFFB964
FFFFA1C1
FFFFC51E
0000421C
0000C446
FFFFACF3
FFFF4048
FFFFB80D
FFFFA909
000003D0
FFFF9942
FFFF1D5F
FFFF6C80
FFFFBD65
00003242
0000992E
FFFEE18C
00005EA7
FFFF81BB
FFFF3AAB
0000AF0F
FFFEED97
FFFFAF81
000057D5
00002BC2
00003AE5
FFFFA0FA
FFFFB066
FFFF7E98
FFFF6B32
00001603
00004378
0000F1C3
00009F2C
FFFF1EDC
FFFFCE26
FFFF974B
00004312
0000F7CA
00005999
FFFF8A9C
FFFFC6C1
00007CA9
FFFF1B82
000022E0
FFFF2EDF
00010CDA
0000D6FA
0000B562
0000381A
FFFF5B8E
FFFF9E58
FFFF6CA2
0000CEF5
00001C79
000006C6
FFFEFEF8
FFFFFF78
FFFEFFAC
00001508
FFFE8B38
00003772
FFFFA7BD
FFFFF041
FFFFE3CA
0000906B
FFFF6D2B
0000CC2D
000091E5
FFFF6D9C
000005E4
FFFF6A6A
00002EC5
000055B3
FFFFE231
FFFFB788
FFFF02C6
FFFF5E3A
FFFFB21F
FFFFEE84
FFFEFCEC
FFFF0D25
0000D97D
0000BBFE
0000A25B
0000B27E
000029AB
00001CBC
FFFF6CD2
FFFFAAC9
FFFFEFB1
00008FE5
00002796
FFFFF279
FFFF942A
FFFFC30C
FFFFF30B
FFFF4304
0000A6C3
0000AAB7
00003F1B
00003AFA
00002645
FFFF81DF
FFFFE8A0
00010FDC
FFFF712F
000041EC
0000487F
FFFE3033
00002661
FFFF0661
FFFF2F5A
FFFFFB9E
00006D75
000097C7
FFFFFE55
00019EA3
FFFFB53F
00001855
FFFEBB23
00008EDB
FFFF9B1A
00005F76
FFFF8E9D
FFFFD71B
0000D43C
FFFFF274
00003ACE
00008181
FFFFD4EC
00004393
FFFF43B8
00007AB8
FFFF1359
00005C43
FFFFE643
FFFF7031
FFFFCB83
FFFFDE43
FFFE90BA
FFFFD728
FFFFB268
00002536
000077E1
FFFFE115
0000BED0
FFFFA1B2
0000A07C
FFFF930F
FFFFC979
FFFFC9F3
00000409
FFFFA332
FFFFE542
FFFFB7EA
00007C63
000048B1
FFFF97E8
00006830
FFFEAAC1
000019A2
FFFFBAF5
FFFF6620
FFFFA4A9
0000924B
FFFFC986
000036E2
FFFFFDDA
00004524
FFFFE48C
FFFFDE84
000011CF
000084D3
00002C2D
FFFF2CF3
FFFFC83D
0000AC7B
FFFFDC35
FFFFD85A
00003692
000008A9
00004934
FFFF7A85
FFFF5B88
FFFF0438
0000F4E6
FFFFECCD
FFFF71BC
000071BB
FFFFCCD6
00005059
00007E6C
FFFFA2B8
00005B63
FFFF8482
FFFFFF24
FFFFD0EF
FFFFD2A2
00004D80
0000C976
00006327
FFFFF692
FFFFC43F
0000AE64
FFFF3789
FFFFAF42
000019CB
FFFFCBE1
FFFF836A
FFFFF1E5
00004D9E
0000940A
0000BFD2
FFFFFB06
FFFF8E40
FFFFA72F
00005068
0000D7E4
0000C4AC
FFFFC945
FFFFB796
0000C894
000013DE
0000C176
0000BB42
FFFFB95D
FFFF07BF
00005684
00002DDB
00001766
FFFF4AA1
FFFF9B3E
FFFF031A
FFFE762D
0000ECC1
FFFFADD1
FFFFEB32
00006EB6
000088B3
FFFE92D9
0000CF96
000014CC
00009423
FFFFB631
FFFF71A8
FFFF2230
FFFF668D
00004CE1
00004EF7
00001165
00004AC8
FFFFC75F
FFFF4FA1
FFFFB9E7
00009FBD
00002EB2
FFFF4D38
0000B8CA
FFFEB8E9
00003CCB
FFFF1ACF
00000426
FFFF692D
00003B91
FFFF8B9B
00010B2B
FFFF9C6A
FFFEF2FC
00003393
00003284
FFFF3661
00009D2F
FFFE81D0
00000B96
FFFF8C66
FFFF59EC
FFFFF1A8
00003E12
00008BBA
0000E4FD
FFFF0F78
FFFEF840
00002231
FFFF4FE4
00003B35
FFFFD78A
FFFEF62A
FFFEFE2C
0000E907
FFFFCE3E
000008C2
FFFFB8EF
FFFF5480
FFFFA52C
0000AB44
0000D66B
0000CA89
FFFFCFF0
FFFF9230
FFFF8C39
00004CEC
FFFE8930
FFFFB18B
00002866
FFFF5C17
FFFF6FB3
00006B24
00006D93
000028C9
00003EA1
FFFF0081
00007882
00000755
FFFFA8C2
000079A3
FFFF6F1F
FFFFDB3A
FFFF473F
FFFF4750
FFFF858B
FFFECD6A
0000DC27
00004D59
00009489
FFFF1D61
000099AD
FFFFE02D
FFFFFA43
FFFF4926
000105CA
FFFF7F61
FFFF91AD
00004CE3
00000428
FFFFC555
0000266F
000141F3
0000A33D
FFFF9121
000030FC
0001383F
00015897
00002309
FFFE91E3
FFFFF0A8
FFFFF7D5
FFFFD177
FFFFDB3E
FFFF4074
000010A7
00003EF0
00002C1A
0000A87E
00006798
FFFFCA61
FFFF6851
FFFF6D3D
FFFF7FE5
FFFFECC5
000033C3
00008ED1
00008E8D
FFFFF3E5
FFFF39CE
FFFFF7AD
FFFEF874
FFFFABF0
00007637
FFFF6B36
FFFF8609
FFFF89B2
0000323B
FFFF57A1
0001270C
FFFF81B2
0000C8D5
FFFF831E
FFFFFC23
0000EFFE
FFFFC0DF
FFFF7009
00009BAC
00008124
FFFF75F2
00003771
FFFF108C
FFFF7F63
00002120
000027E9
0000E3F0
00009BDE
0000FC55
000156C8
FFFEECB8
FFFFF5F2
FFFF42DB
0000002A
0000829F
00002851
FFFF0ED9
0000BEF0
FFFF3505
00006569
0000A5EB
FFFFDE72
000021BA
0000A20E
FFFF8039
00002253
00003969
FFFF636E
FFFFCE6A
FFFF887B
0000E5EB
FFFFD26A
00001A79
FFFFC736
FFFEECDB
FFFFF28B
FFFFCBD7
FFFF6041
FFFFBBF3
FFFFF7A1
FFFF8C52
FFFFF287
FFFF3675
FFFF6C5A
000013D7
FFFFC124
00006AEC
FFFFADC4
FFFF25CA
FFFF5C08
FFFEF817
FFFEE607
FFFFD1C2
FFFF8692
00008C27
FFFF8EE4
FFFF5A1F
FFFFF609
FFFFE227
000111F8
0000C100
0000205B
FFFFAA44
FFFFE854
00006AC7
000070DF
FFFFDAD7
FFFF0C72
FFFFAB13
00004427
00007BD7
000025EC
0000738C
0000ED9E
0000505F
FFFF333C
0000774B
00001F87
FFFFFC53
FFFF0750
FFFFCA72
000051F8
0000BC63
FFFF8A2A
00004F4B
FFFEFAE0
FFFF89FB
FFFF7E4F
0000CA97
000039C9
0000555B
00009607
00011627
0001CF4F
FFFF61E8
FFFF2DCA
0000A302
00004C8B
000079FE
00004D0D
0000A7DA
FFFF5209
FFFFC0CC
00009B5C
FFFF29EE
FFFF0742
0000F0A4
000170F6
0000829D
00006BEA
FFFFC31F
00008415
0000EB48
0000C534
FFFF3808
FFFEE06F
0000C5E6
FFFF97D2
FFFF8FD9
FFFEE90F
00009C84
0000CF8A
000043E0
0000C256
00000555
0000AAAD
00005872
0000313F
FFFF853A
00002D73
0000E994
000100F6
FFFF8561
0000BC62
FFFF84DD
FFFF9248
FFFF85BA
FFFFB914
FFFEFA28
0000CF07
00005B9C
FFFF317A
00015758
0000EB0F
FFFEF7DB
FFFFDBF9
00013334
000064E1
000049C5
00000A7A
FFFFB1CD
FFFFCDE6
FFFFD270
FFFF05F6
00006307
0000FD1A
FFFF904A
FFFF007B
FFFF5D64
FFFEFDFF
00003813
0000720A
00007566
0000D121
0000B410
FFFF6A0A
FFFEA6B1
FFFF5A2F
FFFF9173
0000099E
FFFF854F
0000BFB7
00002022
FFFFC99A
FFFF05AF
0000557A
00003A71
FFFFDFA4
00000FED
FFFF4C3F
0000F8C2
FFFE7AEB
00004474
0000A31C
FFFFA99D
FFFFF35F
00005956
FFFEED91
FFFF82D4
0000A81A
FFFF891A
000057C1
FFFF8947
FFFF2109
FFFEA786
00001C1E
FFFF0D7D
FFFF9B26
FFFFDB48
FFFF7ACB
FFFFD064
FFFF8F95
0000024A
FFFFE418
FFFF329A
FFFFAFE1
0000B393
FFFFDD76
00003D62
00005E21
0000C251
000017BD
FFFEF68A
FFFECAD4
00000884
FFFF6CCF
FFFF545A
FFFFA42A
FFFFFA46
00007F13
FFFFB406
FFFFB850
FFFFD2E5
FFFFC423
FFFFF608
FFFEFF3C
FFFFF0C9
FFFE6498
FFFE82B9
00004627
000064F2
00003EBC
FFFE5CBC
FFFFD801
000045BA
FFFF747F
00001E57
0000EF3E
00004652
0000D1C0
00007599
FFFF190C
FFFFA672
00005661
FFFFFEFA
FFFFA223
FFFF4FF0
00009A15
FFFEDA3A
FFFEF648
0000A51D
0000172D
FFFEBDA1
000095F4
00000E3B
0000AA87
FFFF2E3A
0000138D
0000A85D
FFFF12A2
00004FC3
FFFFECAC
FFFFD05F
00013DA4
000046F4
0001571B
FFFF5E95
00002EB2
FFFFC30F
00001FB4
FFFF95DE
FFFFC8CE
0000B0D2
00006102
FFFFD748
0000E046
000100CE
FFFE82FE
00007674
00003D7F
0000DC5D
FFFFCECE
000067DA
FFFF9E9E
FFFF9B96
000044B9
FFFF7E93
0000CDF7
FFFF0AB8
FFFF4CE6
FFFFAB5A
FFFF86CE
000086EC
0000A8EE
0000E0C2
0000DD05
FFFF4393
FFFF10EE
FFFF885E
FFFFC104
0000E916
FFFF9959
FFFFBB12
0000A921
00000F83
00007774
FFFFAC58
FFFFCF9D
0000F0B5
000009FD
00000ECD
00009C5E
FFFF171D
0000658B
00003FFE
00004884
FFFE73FD
FFFF253C
FFFF524B
0000ECE2
000052FF
FFFF46B0
0001065D
FFFFE15C
00004417
0000C118
00001245
FFFFDB94
FFFFE51D
FFFFAECF
00001036
00001695
000170AB
0001102B
00001ECB
FFFFBCD4
FFFF8CDE
FFFEE780
FFFFC319
000014FB
00002CEE
FFFFA8C5
00007AB5
FFFF8532
0000AEC9
0000ADEB
0000B1C2
FFFF2BAA
00008BFD
000016D6
00007A1A
FFFFBE25
FFFF0C88
FFFFA35A
FFFFEE56
0001207C
0000869B
00002C0F
FFFEBE5C
FFFFEF28
000092B7
00009C1B
FFFF7785
00001445
0000C53D
0000E05B
FFFF57D3
000093D1
FFFFF985
00006F54
00003CA9
00002BE4
00003296
FFFDE514
0000168C
00004289
00002E7E
FFFFE46B
FFFFB489
00004082
00010641
00005C70
00007900
0000AE99
0000CFE5
00008C69
FFFF5DF8
0000E143
FFFFB6C9
00001421
FFFFE7FA
FFFF534B
FFFEF8C2
FFFFEE41
0000540B
00001832
FFFE98FE
FFFFF457
FFFF95D9
00016DF6
FFFFF94F
FFFFCC35
000037C4
FFFF8E4D
FFFFAA85
FFFF42A7
FFFEFBE7
000026F4
000021D2
00004C03
00006B25
0000218A
FFFF27E4
FFFEE088
FFFFA3B1
FFFF9553
FFFFCCFC
00006729
00013CD7
FFFF7D18
000085E0
000052D8
FFFF9D4F
00004471
000097DD
FFFFDF74
0000210A
0000E17E
FFFEE553
FFFF2427
000069C1
FFFF011C
000070D2
000125B4
00002636
FFFFDE3A
FFFF0B81
0000A442
FFFF9B74
00003A59
0000B780
0000CFA7
FFFFEB48
00007320
FFFFE501
FFFFE46F
FFFFFB7A
0000B346
FFFFB601
000031FE
00004060
FFFFB8A1
FFFF5948
00001E34
0000AB49
FFFF5A35
00005549
00004F9E
0001178D
0000632B
0000E83A
0000CFF5
0000EED8
FFFEBC77
FFFFD8E7
FFFFEBFA
FFFF8F27
FFFED62F
00004A55
00007436
0000C3BC
FFFFCBC3
0000EC8B
00007EA7
FFFFF58E
00004055
0000486B
00008FB5
FFFF30D1
0000844F
FFFF359A
FFFFAED7
000068D0
FFFFC5B6
FFFFFF8C
FFFF7EFA
00004231
0000647A
FFFF6D7E
FFFFC776
FFFFC3E0
FFFFE96F
FFFF8483
00002FC7
FFFFB4CB
00002BE5
0000618B
00006454
0000DB4D
0000584C
FFFFDECB
FFFF48A0
00008869
FFFFE409
00001B69
00016FA1
00005F72
00009511
000118E7
FFFEBA98
FFFEF858
FFFFA88F
FFFEDF00
000004D5
00011175
FFFFF106
0001149E
FFFEF6EC
00006E87
0000B9ED
000159FA
00004537
FFFFB50F
FFFFCC76
FFFF4D8D
00018D92
000054D3
00011B82
FFFF8C72
FFFF8F5B
0000ED8E
FFFFC0DD
00000057
0000FCC9
00013D51
FFFF3520
FFFEE905
000146A6
0000B861
FFFF9787
FFFEE0CE
00003FC9
0000390D
FFFF1C13
FFFFF119
00005094
FFFF30FF
000109BD
0000683D
00002E62
0001CEDF
00006772
000001F5
00018241
FFFF74E4
FFFFFFA0
0001C973
FFFF90E9
FFFF28F6
FFFEEBE0
FFFFF069
FFFEC227
0001448E
FFFE525B
0000904C
FFFEE2A7
FFFF9BC9
FFFFFBED
00003939
FFFFE6B9
0001E59B
0000D93B
FFFEF080
000067DB
FFFFEC7A
FFFFEC11
FFFFAF8B
0000AE38
FFFEC74F
FFFFB6F9
FFFFA359
00022968
00011249
FFFF368C
00006041
FFFF55CC
0000D459
0000CCBA
FFFE97CF
00007060
FFFF8F35
0000024D
0000266B
FFFF8863
FFFF863E
FFFF7E1B
FFFD62D8
FFFE696F
00023C8B
FFFFD6B5
0001A1E1
0000BA56
FFFE05C2
00003595
FFFEC10D
FFFF70D1
0000F457
FFFEA610
00008023
000139AA
FFFE6317
000005C5
00004C34
00005F26
0000BC2B
000010FC
FFFE8FAA
00014092
FFFF8304
FFFF2122
FFFFC8EE
00012DDB
FFFF879B
FFFE6C49
FFFE935A
FFFF9AD1
FFFFA23D
FFFF9441
0000C35D
00001616
FFFFCC4E
00001FD3
FFFEF3F4
000156E9
FFFF2BE8
FFFFC9ED
0001BE16
00012259
FFFF2770
00005D5E
FFFF2895
FFFFF4F7
FFFF8F49
00013D9F
FFFEACA8
FFFF975C
FFFF5C0E
FFFF074C
000101A3
FFFFE33E
0001E06D
FFFFA003
000061E7
FFFFAC0A
FFFF196F
0001126C
00009363
00008040
00006E25
0000862D
00009CD6
FFFE6615
FFFF0FAD
FFFFB6D2
00008C8E
FFFF7F6A
FFFF2A3D
FFFF8171
FFFE6E43
0000581A
0001B114
000270E2
00002A93
FFFFDB31
FFFDB977
0000D799
0000EA7F
0000D89B
FFFF01DE
00004B21
FFFFFF79
0000A97F
FFFED8A6
0000FA26
FFFF819D
FFFFF62A
0000A1A7
FFFFF48E
0000C808
FFFF83A4
FFFFBE22
FFFFA7C8
00001123
FFFF048D
00000A80
FFFFB36F
FFFEED48
FFFE40E3
0001DA91
FFFE9408
FFFF5187
00012176
000042FB
0001498E
FFFE2468
0002031B
00006940
FFFFBE9C
000175B0
FFFF2D83
FFFEFC85
00001F00
FFFED77E
FFFFB968
FFFE78CD
FFFF069E
000016D2
FFFFFADF
0000628E
00017E46
FFFF9626
FFFFBE84
00016CB4
000074C9
FFFED5D2
FFFFB33A
000080EF
0000D812
00001C8E
FFFF2D36
FFFF172B
FFFF1602
FFFF3391
FFFF179A
0000A548
0000FF0C
0000151D
0001D78E
FFFEA7DF
00001423
00008A7B
FFFF4D3C
00006B08
00015621
00003F7D
0000EAD5
00004F61
FFFFF10D
0000E727
FFFFA8D1
00018442
FFFF23D4
000037A9
FFFFF6C6
0002C64A
FFFFF463
FFFF5C9C
FFFFD8AA
00011136
FFFF79E5
00001253
00000FF5
FFFF6AB7
0000AB04
00012453
FFFF0DCC
FFFEF68B
FFFFA8C8
00008637
FFFF9E3E
FFFEF550
00009F0B
FFFFE61A
00006C5A
FFFF35E7
FFFF7599
0000FA2A
FFFF0E02
FFFECD2C
0000F051
FFFF2CD8
FFFFC950
00005D2D
000132B1
0001BC2B
00013B9F
0001D0AE
FFFEE6A7
FFFECB1A
000003F0
FFFE7DE0
FFFFB23E
0000A01A
00009E09
0000AEAE
FFFFF025
FFFEF131
FFFFFDAE
000084A3
FFFF4ED4
FFFEA8F8
FFFF1CF8
FFFF51F2
00009E76
00009241
FFFF4CB1
FFFFB701
0001680F
00008E60
FFFF8D21
FFFF1027
0001C1C9
000082FC
FFFFCF4A
00000129
FFFE8410
FFFEF033
0001A6EB
00005551
00003347
00006F18
FFFF67A6
FFFE43EB
0000C025
FFFEA631
00014CF6
0000A09D
FFFE24BD
00008E0D
FFFFABE7
0000B8C8
000019AC
00004C6B
0000B5B2
000142E1
00016653
FFFF2F53
00013713
00003D48
0000D87D
FFFF5319
FFFF629F
FFFE30BD
FFFFC668
00010349
FFFF8618
0000FEDB
00003564
FFFFC197
FFFFFBE3
000062DD
FFFF5E46
FFFECA36
00013EE0
00018C7D
00009ADC
0000B416
00014B2B
00013AB5
FFFFDD12
FFFEF89D
00011E68
FFFF97B8
0000CE8E
FFFF29BC
000067B9
FFFFB2BD
000008A7
FFFF9B2D
FFFFADD6
FFFE9C1F
0000BE69
FFFF8B7B
00001ACE
FFFEBE57
FFFE5705
0000AF3F
00000129
FFFFC65E
FFFF0525
00009C49
FFFFD40E
FFFF166F
00001EA1
0000C60D
0000EA96
00003211
FFFED4A0
FFFEF01E
FFFE866A
FFFF5E1D
FFFEF162
FFFF4CB6
00018589
FFFF7DF5
FFFEE3AA
000185F2
FFFEFE4A
000165B9
FFFF4F14
FFFF53DF
00006D32
0000792A
000067DC
000034DA
00012597
FFFFF660
FFFFFADC
0000DF67
FFFF95F7
0000C0FC
FFFF7AEA
FFFFD058
00003C0C
00033DAF
00006C2E
FFFF05F4
FFFF63C6
FFFF6573
FFFEC03C
FFFEB46F
0000A381
FFFF8F80
FFFF74AC
FFFF6B3D
FFFE5D7D
000078E8
FFFF8580
FFFFDE37
FFFF020C
00001D41
00013517
FFFE69D2
00002C14
00007B6D
FFFFA009
FFFF9634
0000EEA0
FFFF6363
0001485A
FFFFB3F9
0000F259
FFFF7BAF
FFFF7874
FFFF9282
000116AB
FFFFAFA8
FFFE1AB4
FFFF8A18
FFFF587C
0000790E
FFFFA0C4
000032CC
FFFF4FC4
0000EBDA
0001C06A
0000B354
00003560
0000178C
FFFF18E8
FFFFCD32
0000CE86
FFFF04B5
FFFFEC6F
FFFFF1C4
FFFE9436
00003670
000178FE
FFFED3D0
FFFF5BFE
FFFE80DC
FFFFA627
00015E87
FFFFBBD9
0000333B
FFFF184E
0000D83C
000011D0
FFFFEA9F
FFFFB735
00007C13
0000A379
00010C41
0000DC0B
FFFF6CA0
00009D55
000003EF
FFFEA098
00006B7B
00009FF4
00013477
FFFEBC04
0000CD6D
FFFFCC0B
00009846
FFFDF441
0000D3AC
0000473F
FFFF52BC
0000EAA5
0001AA6D
FFFF136B
FFFF7C17
00007F43
FFFF45AE
0001D659
FFFFDFED
FFFFE60B
FFFF39D6
0001AC6E
FFFEED1F
FFFF258A
FFFFFC12
0000C749
00000116
FFFF49EE
FFFFCE19
0001DE2A
FFFF59D4
00002BAD
000150E1
FFFFD1C2
FFFF45F1
FFFF4973
FFFFA981
000020C3
FFFF6CED
FFFEBD5E
FFFF3465
FFFFEE4D
0000C979
0000EC7E
0001A7E0
FFFF4C58
00010221
0000FDC2
FFFF902F
FFFF72C9
0000E982
FFFFB14B
0000EE99
000090A9
FFFEB9B6
FFFEFDD8
00010737
00005851
FFFF00B2
0000B144
00016FA3
FFFF39EC
0000946A
FFFFD2E3
FFFEDE11
0000AEA4
FFFF4095
000049B8
000004D6
FFFE64DD
0000D5C9
FFFF0627
00017925
0001F079
FFFF2824
00006B74
FFFF665C
0000ACC1
0000AA8B
0000966F
FFFF267C
000032F5
000002B4
FFFE35B5
FFFFBB26
00001EFA
FFFF86B6
FFFF7EB1
0000FA9E
FFFF32E6
00003BBA
00014703
FFFF38B7
0000004E
000085A1
FFFFFEDC
0000311B
FFFFFA2F
00007C0B
FFFF61E9
FFFFD445
FFFFBA49
FFFF74FE
000099CE
FFFFCD69
FFFFC36D
0000F516
00003A3C
0000B12F
FFFF8C18
000039C6
00009DE8
FFFFEB75
FFFFF4F5
0000A3F8
00010784
FFFF2790
00007A64
000065BA
FFFF43A7
FFFFBE9D
00009D50
00009F0B
000074FA
00007615
FFFFBC3A
000038F7
FFFF34DE
FFFFA063
0000BB28
FFFF0029
FFFF6CE1
0000AD71
FFFF295C
0000AC59
FFFFDFCB
FFFFF9F4
0000F8F3
FFFFD953
00006136
FFFF6B5C
FFFFDD88
FFFFE614
FFFF9C91
000084D8
00002970
00009534
FFFF8742
FFFFE659
0000834B
0000A985
00005ACD
00000A80
000094B3
FFFF9AD9
00004DC3
FFFFCC00
0000A5A2
FFFF6A7C
0000C3F7
0000ACA8
00003A0E
0000D8A7
00004F1A
0000570A
00005E55
FFFFC4AD
FFFF9862
0000FB84
00001F24
FFFF9235
FFFF7AD3
0000E502
FFFF7A54
00000037
0000A994
0000505B
00004888
FFFF1C99
00002B69
FFFF6F09
FFFF806B
FFFFD141
FFFF3929
0000CC01
FFFFE89A
00008FBD
00003352
FFFEF4A0
FFFF3BC7
FFFF1606
FFFF3347
000132C6
000034E5
FFFF762C
0000F96F
00001A99
FFFFC061
00005E00
FFFF714F
FFFF4505
00011992
00004787
FFFF81F4
0000A32A
00010663
FFFFE505
FFFF6D22
FFFF7E33
00009DB4
FFFF0C5C
FFFFCE9C
FFFFEF3F
0000287D
FFFFB191
FFFFA251
0000FCC3
00011A6E
00005EB8
FFFF9E22
0000E816
000093A9
FFFF97DB
0000D3F8
FFFFC867
00003FE8
FFFF233D
0000B6D1
00003A1C
00001A21
FFFF5B6D
FFFFD561
FFFFD251
000011C6
FFFF15FA
FFFF1FF8
00006BFA
00005EE6
FFFF1711
00005E7A
00005FED
00004975
00008743
FFFFB0F8
FFFF5824
0000ADE1
FFFF4D7C
FFFF2C5B
0000DAB1
FFFF32C4
FFFF5F3E
00008AE9
000010BE
FFFF7EB4
FFFFDEC0
FFFFBE23
00006230
0000C674
0000E59B
00007D4B
FFFFEAB9
FFFFF572
FFFFDF7E
FFFFF468
0000507F
FFFEC653
0000998F
000028D2
0000B79B
00005976
FFFF8F96
FFFF0696
00001210
000098CB
0000F9BD
FFFFB506
FFFFB753
FFFE8AB2
FFFFCE3E
00000810
00003477
0000D575
00000962
FFFF9CAC
0001322A
00007AF0
FFFF9D0D
FFFFFC2B
0000B002
0000D5C5
00000BE7
FFFFC939
00007231
00005615
FFFF7CE8
0000A034
FFFF268C
FFFFA3F4
00017970
FFFF53E1
00005F95
0000D990
000053FB
FFFF189B
FFFF8EFC
00005500
FFFFF9C9
00006FB7
FFFF88E8
0000B552
FFFFE8C3
FFFFF071
FFFFF5E8
FFFF68FA
00001A88
FFFFC295
FFFFFFEC
FFFF633E
FFFFBE49
FFFFC0F1
FFFF62F3
000010BA
00009B00
FFFEEEC8
FFFF24A8
FFFFD44F
FFFFDF90
FFFEB249
FFFFB840
0000A94A
FFFF42D2
00004917
FFFF3885
FFFEDE64
00006DA6
000017DB
FFFF1982
000064F7
0000BEBA
FFFED7E7
0000B887
FFFE7815
0000870A
000063AC
FFFFDFF4
FFFFADBE
FFFFC29A
FFFEBD4B
FFFF632B
FFFF395B
00018063
FFFF7E58
FFFFADA3
00001985
00007F7F
FFFF892B
000052E4
0000A5D8
FFFF9C15
00003FAC
0000951B
FFFFB9DD
FFFFD12E
000092B4
00003BDB
0000C4DE
00001FCF
FFFFC2C7
FFFF110D
FFFFF986
0000FB28
000031DC
00009D04
FFFF1B19
00004E36
FFFF6AD2
0000D7A7
0000DF5C
FFFF0DE7
FFFF94CC
00000A7C
FFFEE1FB
FFFFF348
00006FE7
00008D4E
0000B203
00009620
FFFFD5B9
FFFF74B4
00004538
FFFFDD3E
FFFF735B
FFFFBB2D
FFFFBAAB
FFFFC3F7
FFFFBA13
000013DD
FFFF7163
0000D009
0000CC80
000111FF
FFFF9760
FFFFC568
0000443C
FFFFF059
0000281E
0000A771
FFFF33C6
00007559
0000BCB4
FFFFB644
FFFF53D9
00007F39
FFFFCC8C
FFFF8958
0000884D
FFFEB892
000003B3
FFFFA062
FFFFC421
FFFF8F95
FFFF6A6C
FFFF4830
000023B3
00002140
00003F84
000053FD
FFFFFB08
0000387E
0000936A
FFFED62C
000022E9
00003CA1
FFFFC129
00006040
FFFF9B58
FFFFEFE8
FFFF8A12
FFFF8D4E
0000EA75
0000A156
00001866
0000AF3F
000031DC
0000599E
0000637A
0000B8AE
FFFF6115
FFFFC621
FFFF3EF5
0000C228
FFFFE031
FFFFADFE
000041D2
FFFFFDE8
FFFFB0CA
0000F56D
FFFFCB6B
00002091
000081A0
00009675
FFFF6B34
FFFFDE6B
FFFFB5CE
0000D5E3
FFFF709E
000087F3
0000781E
FFFF826B
FFFFC5F2
0000BB74
00004100
0000B74A
0000C703
00005CCC
FFFFD1BD
FFFF3EB9
FFFF6CB3
FFFF6378
000062A6
00012DAA
00019A0B
0000F2E0
000030A1
FFFF3DD5
FFFFDB73
0000CF41
FFFFE96C
FFFF5E0D
FFFF75BC
FFFFD9B8
FFFF6B5C
00006907
00002066
FFFF501C
000068B9
000087A8
FFFF8A77
00002BE5
FFFF249A
FFFFE116
FFFFB3C8
0000969F
FFFF8328
FFFFF810
FFFFD2D9
0000401C
000044E5
0000B063
FFFF37FF
FFFF5450
00004988
000175E5
FFFF55A8
FFFF6E5B
FFFFA689
FFFEF297
FFFFAD84
000067FA
FFFF0AB0
FFFF9043
00009F66
00004A51
FFFF776A
FFFF417F
00001AAB
FFFEDCEB
FFFFED9C
FFFF2546
FFFFF210
0000054F
0000128A
00007DD4
FFFFBF80
00001EC9
FFFEE7F2
FFFFCC2F
FFFFD575
FFFFC03E
00004ECF
FFFEAB3B
FFFFAE92
00014DB8
FFFFCAC3
0001291B
0000E8E9
0000B8F3
FFFF30F1
FFFF5BE7
0000C953
00006115
FFFFD99E
00003DE5
FFFF55CF
FFFF372B
FFFFB2FE
FFFFAB74
FFFFEF54
FFFF12F2
00010556
0000E552
00008C48
00008338
FFFF2266
00009108
00002243
FFFFBFCF
FFFF96FB
FFFEF654
FFFFF094
FFFFEC6F
000036B8
00001049
FFFFE612
0000401C
FFFEF30D
0000CEE8
00001C36
00003A08
FFFFE67E
00004F48
FFFF2555
FFFFAACF
FFFFD7AD
00009970
00006CC2
FFFEDB92
000048D4
FFFFD31F
FFFFAA94
00006DAA
00011A79
FFFF9594
00008258
0000DF0D
FFFFE17B
00003D29
00003251
FFFF2EBF
FFFF4B21
00006FAA
000012D0
FFFE930B
FFFFB3E0
0001031A
FFFF5F29
0000D15B
FFFFDE8C
FFFF76AF
0000717D
FFFF7962
0000480E
00005133
00001AAB
FFFF7996
FFFFBD28
00009E57
0000C6EC
FFFF3954
FFFF9608
00005D31
00001953
0000ACA3
FFFF6586
00000652
FFFF589D
00003A36
0000699B
000043D5
0000245A
FFFFA73A
000024F6
00003E3B
FFFFF6CF
00010824
FFFF924E
00012067
00000850
00000341
0000A9BB
FFFFF2F1
FFFFB312
00003BE8
FFFF5786
0000C499
FFFF831F
0000283B
FFFFF5C1
000074AE
FFFFCBA5
FFFF865C
00008E64
FFFF9694
000026C0
FFFFE1C8
000091C8
FFFE7B82
FFFF24C0
FFFFA63D
0000D867
00001648
FFFE7B7C
FFFFD05E
FFFFBE83
0000E744
00003132
000081B8
FFFFEB2A
0000626A
FFFF79A3
00005544
00007F97
FFFFE46A
00001395
FFFF8080
00007DBD
FFFEF962
FFFF6FDF
0000492E
FFFFE434
FFFF3FE7
FFFFF85B
00006B78
0000119E
00001971
FFFFF02D
000090A1
FFFFEA32
FFFFE85B
00009F2E
FFFF6152
00009EE5
FFFF8CB3
FFFFDE20
FFFEC76A
000089B4
FFFFBB77
FFFF6A13
FFFFF44A
FFFF400A
FFFF950A
00003FE2
FFFF94D3
00005B7F
FFFFB5E6
FFFFC148
00004DDC
FFFF9CC3
000040CB
00012D1B
00000CE3
FFFFBACC
000020E9
00001CD5
FFFFF74E
00007A4B
FFFF5D67
FFFFB618
0000157A
0000DA99
FFFFC449
FFFFF937
0000B09D
000087F6
000040DE
00002F54
FFFFB980
0000B1AC
FFFE90A3
FFFE6334
000121D4
FFFF9907
0000D8C8
0000524F
0000AF2A
FFFFF0C1
0000827B
00000810
000058EC
00002BED
00000B27
0000B4AE
FFFF9998
00000B5B
0000C0EE
FFFFE5AA
00002792
00006E4F
FFFFDE90
0000C024
FFFF5C08
FFFF07DA
FFFFC4D6
0000D31D
FFFFCF29
00008C9B
FFFF4D7E
0000811C
FFFF5F49
00005A5A
000045F7
FFFF60ED
00003C85
FFFF6AEE
FFFF2892
00005024
FFFF511B
FFFFA4FD
00003D46
0000CC7F
00000B44
FFFF52ED
00005A4C
FFFFE262
0000174C
00012EFC
0000942A
FFFF688B
FFFFC34D
FFFF2DE1
FFFF264C
00001E6F
FFFF7C04
00007FEC
00004425
000020C8
FFFFC7EA
FFFF32D8
FFFFF4E4
0000DAFC
000003B6
FFFF1969
FFFFB8A5
000092CA
FFFF8BC9
FFFFC7F9
FFFFB661
FFFF8BCB
00004B4B
FFFFF06B
000006EC
FFFFDF58
FFFF70F2
0000FA7D
FFFFF6FF
0000EC71
00002806
FFFFB48A
FFFFC1D1
00006EE1
00000CAE
FFFFF7C9
0000A1BB
0000193C
FFFF79D8
0000E824
0000F941
0000D9B0
FFFFDD45
FFFF2C28
FFFF3E39
FFFFAFBD
FFFF3630
FFFF4CA8
FFFF9C01
00004A48
0000E23F
00006112
FFFFD812
FFFFD195
FFFF951B
FFFF7396
0000A9FA
FFFFDBA1
FFFF4DAD
000037BB
FFFFBDA0
000059D2
00000319
000047D3
FFFF2BD8
FFFF2D37
000149C9
FFFFE5BE
0000C418
FFFF4639
000075FC
0000498F
FFFEEF80
FFFFA956
0000158A
FFFF9503
00001DF7
0000310C
0000A3AC
000013C8
0000F663
FFFFD645
FFFF3810
FFFEB8CB
FFFFBFE5
FFFF64CE
0000F26E
FFFF0633
0000580F
0000DF99
FFFF9454
00001133
00001FB7
0000594E
0000C33A
FFFF98F2
FFFF4CB9
000010E0
0000005E
00005D5F
FFFF0A36
FFFF82F7
0000A72A
00002B89
00000E5F
00007018
FFFFE8D8
FFFF9F3A
FFFFEB9F
0000E549
FFFF96A3
FFFFBD4E
00012013
00009E6A
FFFF9F89
FFFF26B7
FFFFC54F
FFFF2ED3
FFFF440F
FFFF9B40
FFFFFFEB
FFFFCB3E
FFFFD123
FFFFFE6B
FFFFFC3E
FFFE31F2
00001111
00002EAF
FFFF8437
00006B83
FFFF3BA4
FFFFC54B
00000832
FFFF51C8
FFFF6DE3
0000A929
000022A7
000067EA
FFFF1353
FFFFD7DE
0000C54B
00004B84
00003192
FFFF29FD
0000B0F6
FFFF6C4D
FFFF4890
0000024D
00007B80
FFFECB04
0000A42F
FFFF72C8
00001AEF
0000258E
000006C9
FFFFCDE1
FFFF903E
FFFF7E05
000075FB
000020D8
00000DC6
FFFF74B5
FFFFECE6
00001FA3
FFFFF80D
FFFFC8F0
0000BD6C
FFFFA142
FFFF4014
00006B3E
0000626D
0000736B
0000C45F
FFFF815F
FFFFC41E
FFFF5CCC
FFFF339F
00001E2C
FFFFBD00
FFFFB16A
FFFFCFCB
FFFFC0FE
00008431
00000CD3
FFFF3D38
00004EAD
FFFFE0EB
FFFFBA37
FFFF5A5C
FFFFF064
FFFF5491
FFFEE3B6
FFFEEB23
FFFFC3C7
00001375
FFFF9AD5
FFFFDC9D
FFFFD8A8
000035A9
00005CD8
0000A508
FFFF6C60
FFFF297D
FFFF839B
0000E135
FFFF7DDB
FFFFF3D6
00007AAA
0000829E
000056E2
0000C882
FFFF90AE
FFFF1272
FFFF1200
FFFFC365
FFFFF844
FFFFFD58
0000411F
00003B47
FFFF85AC
FFFF4A79
0000BDE1
00000251
FFFEB14C
FFFFFA9E
0000D70B
0000BB25
FFFFFF6A
000039F2
FFFFF8A0
FFFFDE0D
0000A604
FFFF8542
00011162
FFFE8FD1
000092D3
00009D4C
00005E9D
FFFF583B
0000F9B8
FFFFFAEE
FFFEE898
FFFF78F8
0000E44D
000034C5
FFFF8C43
FFFF6332
000048C8
0000332D
0000575C
0000FBD1
0000822A
00008E4B
FFFFE5C8
FFFFE433
00006375
00007DB0
FFFF919C
000002F4
FFFFB26A
FFFF431F
00008B06
FFFFFABF
FFFFC887
00000DF9
FFFFEEE3
0000308E
FFFF7C8D
FFFFB01B
FFFFEC65
FFFFDACB
FFFF5864
FFFF0779
FFFFEA94
FFFFF727
00006651
00007F4F
00002CDC
FFFF453E
0000DAF0
0000B42A
000005D4
000060B2
00002647
FFFED5B6
FFFF4E99
FFFFD428
FFFF6058
FFFFE482
FFFFC29F
FFFF0019
FFFFE024
FFFF4E10
00007670
000013F2
0000DF49
FFFFB84A
FFFF90D3
00004311
0000288A
0000C029
FFFF5168
FFFF3394
000085B0
FFFFE792
FFFF1744
00006936
FFFF7BAB
00008C13
FFFF74F0
FFFF5274
FFFF4AE3
0000DEE7
00000270
0000D6F7
FFFF3F41
FFFF8409
000066D5
FFFFB61A
FFFFFC6A
FFFF99E1
FFFF800A
FFFFAB8E
00007164
00005349
FFFFB029
FFFF77D5
00004CD1
FFFFAB02
0000842E
FFFFEE3F
00004D87
FFFF414C
FFFF43A0
000067EE
0000E59F
FFFF5A87
FFFED2DB
000042EB
000072CF
0000A0A9
FFFF5408
0000CFCF
FFFFE9AD
0000733C
00007B19
FFFFB25D
FFFF51E1
00002572
00007881
00002658
0000A1BB
FFFFE7F6
00006AEE
FFFFC8FD
FFFF7E62
00003E84
FFFFF0E1
00003C9C
00006CB6
00004882
FFFF8ACD
0000D95A
00007B77
FFFF817C
0000181B
00006737
00014AC7
0000B4D4
00003C3F
0000723A
00009A02
FFFF6609
FFFF5E5D
FFFFCA33
FFFFB163
FFFFCA16
FFFF670D
FFFFD1AD
FFFFF5FE
00008E71
000029BD
FFFF84C5
FFFFD865
0000CDC5
0000E489
FFFFA06A
FFFF36C4
0000738B
FFFFEF27
FFFFE3C3
00003501
0000B4F2
0000767B
00007E26
0000E41B
00008AEA
00000C3A
FFFFEC7A
00009D86
FFFFBA4A
00008F3D
00001B21
0000D874
00001388
FFFF7A8C
00009EF1
00008729
FFFFC3EA
FFFF7A73
000020C6
FFFFCA4A
FFFF9716
FFFF5EE9
00008236
000025A3
FFFFE983
00006D45
FFFFFD34
FFFF8914
FFFF9F9F
FFFF5380
00008DE9
0000A868
000043E0
FFFFFBC1
000088B9
FFFF1FAC
FFFFCB03
FFFFB389
FFFFA82E
FFFF6C48
FFFFBCE9
FFFF9BE6
00006509
FFFF9EF9
00003F79
FFFF57BC
00004B97
00002C39
FFFFE04B
FFFFB74D
0000F09A
000028D0
FFFF728E
0000AE3E
00001E18
FFFF82F1
FFFF278E
00008FF2
FFFF997D
00001E3B
FFFF27EF
FFFF931B
00003BC6
00001BFF
FFFF0A39
00005D96
000013A4
00013198
00001E87
FFFF474A
00007731
000066F2
000010D2
00004412
0000D639
FFFFE20C
FFFF94D2
00009AD2
0000E11D
FFFF7F16
FFFF7A6E
00004385
00003E5B
000010A0
000068E9
FFFF879C
00003136
FFFFCD88
FFFF5643
00007EFD
FFFFDB71
FFFF4E37
FFFF6A71
0000C7D4
00006039
FFFF34A3
FFFFC5C1
FFFFC4C9
00011B84
0000BE94
FFFFD55C
FFFF6461
FFFF3017
000015EF
0000D199
FFFFA62E
0000C04F
0000C331
000140C1
0000C6CF
FFFFB9A3
FFFF2051
00002F64
FFFFB6A2
000006DD
00003ABD
00008BF2
00010C95
FFFF4A88
00013648
0001C91A
00012900
00013130
FFFF5B71
FFFEE2CD
00002FEE
00006666
FFFF4612
000097D3
FFFFE961
00007374
00003B7B
0000933B
00008337
FFFFDA57
FFFF57CC
FFFFE4EA
FFFF0E5C
00009750
00009CFF
00007598
00001EB0
FFFF312F
0000F9AE
0000D8BC
0000884E
00008322
0000995A
FFFFBDED
000010C5
0000B4D2
00009EC3
FFFFDF39
FFFFCC0E
000000B3
00011912
0000FC9C
00001C67
0000A437
000061A1
FFFF86BA
FFFF2E18
FFFFF58C
FFFFA90A
00007E2B
FFFF2EF8
00004C23
00004783
000090FC
FFFFB051
FFFF9E33
0000B44E
FFFFEF4E
FFFFDE41
FFFEECE9
00005228
000080AB
FFFF6D0D
FFFFC1BA
000071F2
FFFF1C3B
00003030
00002FA7
FFFF2B98
000085A9
FFFFFEC5
FFFF26EF
0000A930
FFFF4986
0000E0F6
0000E96B
00007640
FFFF86F4
00000647
FFFF2138
FFFFE653
FFFF73A2
00000859
0000F983
FFFF5739
00014A77
0000634F
FFFF2649
000011CD
FFFF6110
00002909
00005DE1
FFFFE3FD
00007900
0000BA25
FFFF6A56
00005883
FFFFD398
0000348F
0000DFEB
FFFF9E3A
FFFFDF59
FFFFB8EE
000097A2
FFFEE09C
FFFF2F55
FFFF47B9
FFFFCC3A
FFFFDE21
FFFFFC76
FFFF7273
FFFF8205
0000A23A
0000C12C
FFFF4EBF
FFFEA765
FFFF0DF5
0000C27D
00009F5F
0000446B
FFFF33EC
00005B27
00001351
00000C55
FFFFE1A7
00000F9E
000004A9
00007122
FFFFF5AA
FFFEE501
00009C25
00001BA7
FFFF9AA6
FFFF1616
0000BA47
000122B4
FFFFBA37
000113C5
0000CF23
00005333
FFFF729B
0000B2A7
00012065
FFFFFE8D
00004611
FFFEF927
FFFFAC03
00009334
0000CDFC
00004477
00007247
FFFF2A9E
0000C58A
0000D3AD
FFFFD564
00002060
0000E1E7
00000B03
FFFEC718
FFFEED2C
FFFF71A8
00000B18
FFFFC868
FFFF48BF
FFFFCC08
0000C171
00010829
FFFF5F50
FFFF6CA3
FFFFB654
0000846D
FFFF6C46
0000B337
0000197F
FFFFDD3C
FFFEE7DE
00004302
FFFF80CB
0000C730
FFFF5E93
FFFF304A
000072C0
FFFEB874
FFFFD177
000041D1
FFFFB809
FFFF0BB6
FFFF11D0
00004340
00001386
00007BC2
FFFFE17D
FFFEFF7A
0000B3F5
000076BC
0000A3AC
FFFFF3F7
FFFF58DF
FFFFBF1A
000060A3
0000A2E8
FFFF61D2
00009F0E
0000D0FF
FFFFDB80
FFFF616A
FFFFEC0E
00014FFE
00002CD1
FFFEA23C
00001648
00004114
0000056A
0000485E
000161F6
FFFF5C00
FFFFC65A
FFFF35FC
0000340E
0001DEC6
00006D10
00008F8A
0000CF25
FFFFC0B9
FFFEB0AF
FFFF4B31
0000689D
0000D419
FFFF9A0F
000050C4
00015853
FFFF5876
FFFF6943
00011BE5
00006F3A
000097B3
FFFE379D
FFFF72AE
00005ACD
00006965
00001988
FFFF3D93
FFFFA1BF
FFFFE8F3
FFFF3AF7
FFFFC20E
0000B764
FFFFAA28
000108D9
FFFFD100
00007E27
FFFFA093
FFFFACB7
0000DA1B
0000554E
FFFF15CF
FFFF47F9
FFFFDD79
00007665
FFFEA666
FFFFFA0D
000070E5
FFFFD943
00004D28
0000D3DA
00014040
00017068
FFFF7905
00006C28
00006CBB
0000956B
000020FA
FFFFD93E
0000B289
00009969
00009B67
FFFF7CAB
0000E44D
0000236C
FFFF7C30
FFFEE9FA
FFFF6FA8
0000E3FC
FFFFBF9B
FFFECF05
FFFF46AC
FFFFAC48
FFFFA3D7
0000ACB0
00007296
FFFEEABC
00001471
00012174
00002359
FFFFEAC4
FFFF2814
00003B9A
000015CC
FFFF9120
FFFEE917
00000132
0000794C
FFFF1FCA
0000821E
00007C11
FFFFF67E
0000314A
00002B09
0000051B
FFFF213A
FFFFE2B6
00009930
FFFFEB7D
FFFF7181
FFFF45F9
000099F7
FFFF5053
0000BBA7
FFFFC5CF
FFFFB66F
0000078B
FFFFB483
0000887F
0000B852
FFFF0B5B
0000F658
000023D7
0000171E
FFFEB283
FFFF37C1
FFFFC8FD
FFFFC821
0000AF2F
FFFFC9D3
00000D55
0000FD0D
00003ABB
00016F74
00005F84
FFFF0293
0001059F
00000BB4
FFFF8B90
00006427
FFFEFA3F
FFFF3DAC
FFFF8822
0000328E
0000ED5B
0000BDDF
00014A0B
0000B058
00002962
FFFF12A5
FFFF828F
FFFED892
FFFE5A93
0000A482
000042E5
000075E6
FFFFFF0C
0000C204
FFFFC0C3
00000E91
FFFF2D7C
0000735B
000035D0
0000195B
0000377B
FFFEFE23
FFFF979A
000108CD
00003700
00001CEF
FFFE7031
0000484B
00002A5D
FFFF3ED6
FFFFB904
00000312
000105D4
00008C35
FFFFB70B
00004EA0
0000A88F
FFFFB7CA
FFFFCA42
0000E3A7
FFFEAF28
FFFFDD1F
000010DC
FFFFCBFA
00003063
0000200C
FFFFFF5F
00008D3B
FFFFEF00
FFFF4365
0000C5FD
00003F3A
0000EA09
000084D4
00001D2E
FFFF4A75
FFFF7016
FFFF1A48
000001E7
000128CA
FFFF3AC5
FFFF61A6
000048B1
000068DC
000013AC
FFFFD76E
00004892
FFFF0817
FFFE7BD5
00009F16
000029A6
000001B2
FFFF86D7
00000C0A
0000251F
FFFFD936
0000747A
00000504
FFFF8901
FFFE98F1
00006C38
0000E5CD
0000FAF3
FFFF3AA7
FFFF56FE
FFFFBF94
000098CF
0001050E
FFFF0B46
FFFF9822
00003CDC
00007E2F
0000557D
FFFFE230
0001A945
000072E4
FFFF99E1
000024E1
00010A4F
FFFF7657
00011946
FFFFE141
FFFF2114
0000245D
0000A298
00015B6D
FFFF5A36
0000E09E
00013C60
00004D5E
FFFF172C
FFFED83C
0000D7F2
FFFFE64E
FFFF3A79
FFFF4B82
FFFF7114
FFFF2B07
FFFF2DE2
FFFF7C13
0000E3C0
FFFEE5BA
FFFFF67F
FFFF2E7E
000000F9
FFFF7477
00000778
FFFFF1B7
FFFF263A
FFFFCBE9
FFFFB94A
0000E87F
0000C9EC
FFFF9742
FFFF9E1E
0000C826
0000375A
FFFF703B
0000BED3
0000041F
000050A2
00005507
00002D82
FFFF1DF0
FFFF2949
000076B2
FFFFFE85
FFFF2997
0000363B
0001169C
FFFFB637
FFFF6CD4
00008731
FFFF6F96
00008D3E
FFFFF704
FFFF5CD1
FFFFC37A
FFFFAB13
000056D1
FFFED864
FFFF1ADE
0000F6A9
FFFFD283
00009A0B
FFFF1D9F
0001242D
00005070
0000A18A
0000E692
FFFF39FE
FFFF2B06
0000059F
00001E60
00009564
00002B04
FFFF4E76
FFFF1C8B
00003C48
FFFF9291
0000AE93
FFFEC87B
000020BE
0000128A
0000E891
00010AE9
000059FE
000085F3
00000741
FFFF5394
FFFED850
00004104
000047E9
FFFEB282
FFFFE01D
0001375F
FFFF67EB
00001EAF
0000CBDE
FFFF911B
00009EE4
00001362
FFFF1270
FFFEE5F7
FFFEC9CF
00008D47
000000CD
FFFF670E
000031C4
FFFFBFA0
0000C91C
00009CB0
0000E9D7
00000550
0001B7B9
0000BE9C
FFFFACAB
0000F262
FFFF211E
00007F0E
FFFFBBB6
00006C56
FFFEF264
0000943A
00005138
00000E75
FFFF6213
0001187F
00012D6E
0000C1F9
0000174B
0001A085
00000021
FFFEE12B
FFFF0BBB
0000AFD8
00000E38
00007AAA
FFFEE16B
FFFFDB77
FFFFDCF1
FFFEBA23
FFFF7FC5
0000900B
0001F401
FFFFE480
FFFF6818
FFFEC901
0000D2EF
FFFE04C3
00016BA1
FFFF6C50
FFFE3F07
00009CC1
FFFF3359
0000B8FE
00005C76
0000B5EB
00019977
FFFFCB08
0000FC9E
FFFF6EA6
00001C7A
FFFEE7D2
FFFDF8E8
FFFF5187
00008E3A
FFFE9078
FFFF8593
FFFFC6A0
FFFF485C
00006E8B
FFFF3502
00006ED6
00001D51
0000BCD9
FFFEB8B0
FFFE9528
FFFEF723
FFFF1401
FFFF952A
0000FBDA
00002ED5
FFFFAD8A
FFFFBFFB
000060F1
FFFF769E
FFFF6203
000040A2
0000534C
FFFFBA04
FFFECC3C
000072E8
FFFF3AF0
FFFEF71C
0000F0CB
FFFFADF5
00011E81
000038BF
FFFFF1AD
FFFED1C5
00003713
00006678
0000FE36
00007F30
FFFF2F58
0000A953
00004035
000041CE
FFFF4066
0000C963
0000C051
000082A2
00009743
0000A09F
FFFF15FC
FFFEC482
FFFF5EB2
000034F4
00005B50
00004671
00001011
FFFF98A8
FFFECBF8
0000DBC5
FFFF7DF3
00002E07
00003B1D
00003B51
FFFF829A
00010673
000068A5
FFFFC921
000171D1
0002B7AE
00003D3D
0000F303
00001DBE
FFFE45A2
FFFF37AC
00017435
FFFFDEBB
FFFED0EA
00003EC9
FFFF6DB9
FFFF5FCE
FFFF7AFA
FFFFA298
00010744
00002FAC
00008A3D
00005BDE
FFFFB7A0
FFFF9FAD
FFFE9F53
000106F7
000112E3
0000453A
00004F4D
00015774
0000D164
00004465
FFFE524F
FFFFC700
0000491C
FFFE6C5E
FFFFBF01
0000272A
0000D330
00006147
00009724
FFFEAFA6
FFFEF65D
FFFFB0BC
00000F3C
FFFE5306
FFFFC40D
FFFF1551
00007B8C
000195EF
0000836C
FFFF289F
FFFF4654
FFFFA2C9
FFFFF58C
0000891F
00006C62
FFFF04DD
FFFE6058
FFFFF45C
FFFEF5F0
0000DA2D
0000EFC9
0000770B
FFFF42B8
FFFF7F3A
FFFFACE0
00001C2D
FFFF68B7
00011D1F
FFFFFA22
00004164
000008BF
FFFF4ADC
FFFEE1DF
00008FFA
00017C32
00009A55
FFFFB962
FFFE9C1E
FFFFD72C
FFFFCEE3
FFFF0978
00008857
FFFFE67A
FFFED7D6
000023E5
FFFE2540
FFFEE456
FFFFAFE3
FFFF6F62
00008183
FFFFFC36
000079FF
FFFFF933
00008645
0000BE1F
FFFEB466
00002B59
00001BA6
00009AD9
00017366
000017C7
FFFFF548
000206AF
FFFEDE06
FFFE0E85
FFFFE0D5
00008545
FFFEC074
000015EF
FFFFB499
00008236
0000027F
00013841
0000C9EE
0000605A
00015231
FFFE873F
FFFF1C21
FFFFEBCA
00002E84
000060EC
FFFF1036
FFFF71FE
00012DAC
00006F21
00014B0D
FFFF3DAE
0000CF5A
0001DF4C
000064B4
FFFDD79E
FFFF22D3
FFFDEA31
FFFFA57A
00024C47
FFFF982C
FFFFE1FB
FFFF7736
FFFF886F
FFFFAC72
FFFF3021
000038C9
FFFFD3B3
FFFF8184
00018DEA
0000A45F
FFFEE2AF
FFFFB455
00010074
FFFF858E
00000BBF
000170C0
00003EEB
FFFFE3E3
0000AAEF
FFFEE2EC
FFFF9D61
FFFE69F8
00004282
000011A1
0000E682
FFFFA9CD
FFFFDA2F
00007456
0001082D
FFFF034D
FFFFDEDF
FFFFEEE0
FFFF83F1
FFFF6F7F
FFFF7040
00013BBD
00007B83
000059C7
FFFF602E
0001EB4C
FFFF363D
FFFFDE0F
FFFFD819
FFFF23F0
FFFFFA2C
FFFF3F6D
00006109
00003398
FFFEF477
000045C5
FFFFE2D1
FFFFE69D
0001420B
00010536
FFFFF076
0000D25A
FFFFE4FD
0000369C
FFFF6A89
00007C5C
FFFF66BB
000022F7
0000D748
FFFF75C6
FFFEFA03
FFFFFC7A
FFFFE73F
00008971
00011BA0
000057EF
0000907A
FFFF1D50
00008551
FFFF8B5D
0000FE5A
0000AD73
FFFFFB9C
FFFF336D
FFFF1C6A
00000EC6
0000EED2
000144D6
00011DDE
0000AC08
FFFFB355
FFFFCE3E
00007356
FFFFCB64
FFFEB88B
FFFFE58D
FFFF7DB9
FFFF37FD
FFFF633B
00000466
FFFFDC9E
FFFF8F86
FFFFB7D5
FFFFAD31
00013BED
000147E7
000020F9
0000384D
FFFF7DD9
FFFED938
FFFF68D4
0000F80F
000041E3
000141CC
00010301
00019CB9
0000CC22
FFFFF983
00009FFE
00008143
FFFF114D
FFFF71FD
00001790
FFFFDAEC
FFFFAEF7
00009771
FFFF38B8
FFFFD3F4
00007090
FFFF5D8E
0001A8AD
0000CF1E
FFFF6817
FFFF05AC
FFFEF893
FFFEFF6E
00011DDF
FFFEBA6D
000063A5
FFFE96F1
00000F6D
00004B82
FFFFB9F1
00007724
00018308
0001380C
FFFFA079
00012660
000092A0
FFFF3251
FFFF6A83
FFFF915D
0000204E
FFFF9B31
FFFFA52C
FFFF142A
FFFF1269
00007FBE
FFFFBA9B
FFFE86B0
FFFFEEDF
00010870
0001055C
FFFFBC1B
0000F503
00008D95
00011004
0000A611
0001487C
FFFEB8CD
0000C851
FFFF1CCA
000031FD
FFFF6CD5
00007930
000116A4
00011F0C
000144FC
FFFF82CE
0000621B
0000219B
FFFF0242
00005F80
0000D71C
FFFEA9E1
00005D91
00012CAA
FFFF0E45
FFFFB7BA
00004B8A
00001561
0001414B
00014188
FFFF6383
0000DC74
00012D8B
000050D9
FFFED666
FFFFCFBB
0000A56F
FFFFAA81
0000E2B0
FFFF9E01
00006825
FFFF7078
FFFF06E6
000076E0
FFFEA543
FFFFF845
00004E99
000093D5
00003042
FFFEF902
FFFF7616
00014547
000120EB
00013211
000096AE
00005893
0001D8F5
FFFF6C52
FFFEC55D
0000C60C
00000CB2
0000869F
00004394
FFFFED97
0000E66C
FFFF52EB
FFFFF2D1
FFFFC1EA
FFFFFC4D
FFFF4A83
0000155F
FFFF99E6
FFFE6567
FFFFF20C
0000CDEA
0000C809
00017666
FFFF12EE
00003C54
00000889
0000F7D2
000082BA
0000641E
00004EDB
000074EC
FFFF065B
00012A54
00008F61
FFFFCDC5
FFFEC86B
FFFF5C01
00001C53
000055CC
FFFF5A4E
FFFFB91D
FFFFB764
FFFF3CAB
00007B25
FFFF0D7B
00006AC7
00008EF3
00006BC2
FFFF6583
FFFFDAE7
000035AC
0000A4B0
FFFFB5A7
FFFF1597
0000AB06
FFFF2C7E
0000B771
FFFF6775
00006D58
0000827A
0000F85B
FFFFF1D9
FFFFEF39
0000E929
FFFF7224
FFFF1364
FFFF4193
FFFF2E52
00007BA4
FFFFCD44
FFFF90B9
FFFF1336
FFFF6CFF
FFFFB9D1
FFFEF0CD
00003090
0000B715
00011826
FFFF95CB
000041BC
FFFF7C7C
000047A0
FFFF288C
FFFFA2D3
0000CB96
FFFEF6F3
FFFFAF66
0000434A
0000647F
00001B59
FFFECEED
FFFFCE2D
0000A40E
FFFFE9E1
00009CFA
FFFFE033
00009899
0000D110
000039EB
0000FA2C
0000B6B7
00006C07
FFFFC2FE
00008D7E
FFFF99E8
FFFFF94C
FFFFA6F8
FFFF4E61
FFFFF058
00002C18
0000C99F
00016452
FFFFFF62
FFFFD1CF
FFFFE349
FFFFEABF
00016905
FFFF332E
FFFF30D1
FFFF396A
FFFF492A
00007D7C
00001032
0000850B
FFFEE7CF
FFFF5C94
FFFF6D3A
0000A832
00002B54
FFFF7D5C
FFFF8EFB
00009E90
FFFFA913
FFFFA965
000079BC
0000D39C
FFFF067D
FFFF894C
00003EA1
FFFFD58C
FFFF6290
0000776A
FFFEFC75
0000A340
FFFF59FC
00009B90
FFFFE06B
FFFF4161
0000A4F1
FFFF2A68
0000E29C
FFFF2E9A
FFFFB475
00003BE0
FFFFF6AA
FFFF997B
0000B162
00005E5F
00000020
000075B9
0000E62D
FFFF2434
0000E70E
FFFFBD29
FFFFDE9E
FFFFEDAB
00000628
00002C7A
00008B7B
00002327
0001CBD6
FFFFAD32
FFFFD092
FFFF5748
FFFFD85D
FFFF5002
00003755
0000FA03
000189D3
0000FFC8
FFFF05E5
FFFFDF87
FFFFEAEC
0000E15E
FFFFAA18
FFFF4AA6
0000737C
00012206
FFFF9991
FFFF6F97
000025E6
FFFE180D
0000488A
0000E30A
FFFF894F
FFFF62F2
0000BF3E
FFFFECDB
000088A0
FFFFB859
FFFF78AF
FFFF054D
00002BBE
FFFFA951
00009E98
FFFF4AE7
00007E85
0000884C
FFFEA2C6
0000629A
0000066E
0000617E
FFFFEB01
0000AF16
000041C4
FFFF23D7
FFFFAF31
FFFF550A
FFFFD00D
0000DF5A
00005433
FFFFB306
FFFFD762
FFFFC2DF
FFFF8BF3
FFFF8BB6
FFFF552A
FFFF393A
000011CA
0000EF44
FFFFC0F1
FFFF986F
00007B99
FFFF48A2
FFFFA656
FFFFA26B
FFFF849F
FFFED16F
0000DDD7
FFFFD9C2
00007084
FFFF970E
0000318D
0000543D
FFFE73AE
0000DDA1
FFFEF2F6
00002DE6
FFFF68A3
0000209D
00003779
FFFFB6B0
FFFE8610
FFFF0341
00013D92
00018430
00009161
FFFF6B6B
000090C8
FFFFFE3B
FFFFA84B
FFFFD253
FFFEC94C
00004C66
000077DC
0000E4F0
00009F3D
000058F8
000049AD
0001182A
00011E96
00002CAE
FFFFB789
00007674
FFFEF6B4
FFFF317B
00004545
00006509
0000AE2F
00012AE1
FFFFCF12
FFFF2790
FFFF59D1
FFFFD44E
00001F96
FFFF2D86
FFFF6A48
FFFFBEEC
FFFFC7C2
00011C36
00012844
FFFF8718
FFFEE6BA
00001F7D
000118F8
0000FDF4
0000556C
000000AE
00014387
00000E18
FFFED45B
FFFFE7F3
00009C5E
000060DD
FFFF0FE5
0000D1CA
FFFFC40E
FFFFF61F
FFFF8DA2
FFFEEE62
FFFEE7A7
FFFF8A8E
000102EE
00013939
FFFF4A94
000023C8
FFFF4315
0000CEBC
00004B9B
FFFFB202
00009051
0000283F
FFFF9176
00009239
FFFF22EB
FFFF89D9
0000C7D3
FFFF7E4F
FFFFA985
FFFFBF95
0000F249
FFFF6AC9
FFFF806D
00006723
FFFEFA9C
00009EE3
0000CF8B
000040F1
FFFF38AC
FFFFB0C5
FFFECAAF
00012672
0000CFD5
FFFFEA00
FFFF75B3
FFFEC86D
FFFEF176
000098C9
00008239
FFFFEC80
FFFFD535
00002972
00003D6F
FFFF2DE8
FFFFCEF4
FFFFF1AF
00007D3B
00008997
FFFFFA64
FFFEF4ED
FFFF223C
00005FF8
0000B7B3
00010815
FFFEE1C6
FFFF4B46
FFFF351E
FFFFBF65
00000836
0000F613
FFFF09CD
0000CE87
FFFF1EE9
FFFFABBD
0000C45B
FFFF2E9D
00000170
FFFF632B
FFFFC28D
FFFFAAA9
FFFFD52B
FFFFB724
FFFF91BA
0000FE84
0000456C
FFFEA95A
FFFEB107
00001218
00004DC9
00006A44
FFFF7EA4
FFFFF0A9
0000021D
00005651
00001558
0000E0A1
0000C344
00009A7C
000033B6
FFFF8412
FFFF9B41
00007786
0000D7BE
00001D3F
000130BC
FFFFC493
FFFFB6A3
FFFF3529
FFFF30A8
FFFF8970
FFFFE19E
FFFFD6FB
FFFF378C
00004E49
FFFEEFEE
FFFF953C
00005828
FFFFEEEC
0000569D
FFFF563D
FFFF8D50
00006E50
0000C62A
00003390
00003135
FFFFD2F8
00000B37
00003EB4
000044B3
0000F956
FFFF2D39
00008510
000016C7
0000D6A5
000037C3
FFFFA58E
FFFFE430
00009A40
000041B4
000098E6
0000147F
00005CC2
FFFFB9E4
FFFFFE78
000014EE
FFFFF989
0000E686
00002908
FFFFA7FB
00009061
FFFFE05C
FFFF5E58
FFFF58A8
00012F4D
0000DF3F
00000658
00005786
FFFED1B1
FFFF696F
FFFFE699
FFFE88A0
0000505E
000074F0
00009B62
FFFEE753
0000D0EA
0000CB97
000070BA
FFFF2FD7
FFFFC03C
00001175
00006261
0000FE3A
0000448A
00001841
0000C33A
0001DB7C
0000F2E7
FFFF780D
FFFFE022
FFFFF91C
FFFF86FC
0000212A
00009BD2
00002BC7
00008DD9
FFFF5189
FFFF7FDD
0000087A
00001284
0000C61A
FFFF7D7C
FFFF7792
00013A09
00004663
FFFFDD29
FFFEC947
FFFFBE6E
00009037
000008F2
0000804F
00003340
0000321F
FFFFE41A
FFFF8C31
FFFFC040
FFFFE7C7
FFFF9DDC
00016A6C
0001492D
FFFE9C9B
FFFFB8C0
0000A066
00004D73
0000851B
00002FBC
FFFF915B
FFFF5A43
000082DA
000018C1
00000965
000098CA
FFFFFA2D
FFFFF35F
00006959
0000003F
0000230F
0000FCD8
FFFF5F50
FFFFDD5D
FFFE1CBF
FFFFE21A
00001BAF
FFFFEFDA
0000A340
FFFF9F84
00004D03
000080C4
0001017B
00008867
FFFF9FF5
0000608D
00009585
00003997
FFFF9C7E
0000775E
FFFF9D58
00000251
FFFF4749
00009066
00008A24
FFFF8A05
FFFFC16C
000104AB
0000D35D
FFFFF818
00002287
FFFF686D
FFFF35E8
00003D99
FFFF2BC6
FFFFDC19
00008DA4
00001274
00005777
FFFEAEE7
FFFFC594
00004E08
0000467E
FFFFD441
FFFFBB21
FFFEFC1C
FFFF4572
FFFFCC76
FFFFB9EC
0000700D
0000B38F
00013AE9
FFFF34E5
FFFEDEBA
0000E845
FFFFB17B
FFFFC77D
0000D874
00009850
00006F3B
0000EB8C
FFFF89FC
FFFFFCD1
00003945
FFFFA40C
0000B4D7
000152D8
0000461A
FFFF1470
FFFFD7D0
0000D253
FFFF8089
00000AE7
FFFF786A
0000A182
FFFFC253
FFFFF4AE
FFFFF4C0
00000F5C
0000A0D4
FFFF970F
FFFF6D79
00004930
FFFEF413
FFFFFB27
0000957A
FFFF256E
0000E2FC
FFFF7C69
00009658
FFFFC2C4
FFFF8B9E
FFFF72FB
FFFF4010
FFFEBC0B
FFFF4299
FFFF227E
FFFFD0C8
00015020
FFFFF107
FFFFA6A4
000052CA
0000B18B
00006F6D
00000E24
0000E8E4
FFFFA277
000024F4
0000410E
FFFF3579
FFFED64B
FFFF96C3
000041BE
00003F83
0000DF9B
00007481
FFFF8891
FFFECC08
FFFFBFFB
FFFF6DCC
FFFF7CAF
FFFFA0ED
FFFEE901
FFFFDF17
00012695
FFFFC0E1
FFFF3841
FFFEE0DA
FFFFCFC7
000011E3
FFFEF6B1
FFFF7722
FFFFD5A4
FFFFCE0E
FFFFE710
FFFFD94E
0000EE10
0000CB32
00005B13
00007D83
00004B5C
0000BD2F
00009FC8
FFFFFF6D
0000470F
00003D02
FFFFA2BB
FFFFEB0C
00000448
FFFF37C8
0000660E
FFFF95B4
000050D9
0000AF43
FFFFBB7D
0000DD29
FFFFB5F2
FFFFA285
00006367
FFFFFBFC
00005633
FFFFC671
0000BF1E
00006B75
FFFF5755
0000622C
00008E1B
FFFFDFA1
FFFF9B28
00003F10
FFFF8847
FFFFF45A
000076BA
FFFF96C3
FFFFABA7
FFFF8B61
FFFFAD49
FFFFC43F
000048A9
0000167F
00005A01
00009CE5
FFFFD85F
000076AF
00002F10
000049C8
00003E55
FFFFFAEE
FFFFD200
FFFF5B05
FFFF302F
FFFF8C4C
FFFF8834
FFFF4379
00000322
00002258
FFFF629E
FFFFE8F4
000086B1
FFFF3C29
00007B4F
0000535A
00005418
00009D33
00004A5D
FFFF7489
000034C2
FFFFA55E
FFFF6DD2
00005F54
00004260
FFFFF387
FFFFA696
FFFFA629
FFFF4AAB
FFFFD213
00008491
0000FC5F
FFFFEC0E
FFFFCDC1
00004099
0000769D
FFFF2E4D
FFFF546D
FFFF523D
000083B8
FFFFC375
FFFF4396
FFFF399D
00005915
FFFFF2A6
0000B311
0000A291
00003F15
FFFF51AE
00000C94
FFFFC479
FFFFB835
00005284
FFFFEE2A
FFFFB547
FFFFA9EF
FFFF8884
FFFFC255
FFFF6505
00007C9A
FFFFB046
FFFFAAF5
FFFFFB07
00004E24
00001548
FFFFAA86
FFFFC53E
0000B1EE
00000E5E
FFFFDB1C
000090AC
FFFF89C4
000063E3
FFFF7E8D
00006231
00013924
000029AF
00005BAA
FFFF6F07
0000389F
FFFFBF9D
0000BF10
00006E5E
00002B96
0000537D
00004272
FFFFA5FC
000073E6
FFFFC394
FFFFF501
FFFF6C8C
000065AB
FFFFD032
00000597
0000096F
FFFF9BC7
0000851A
00006703
FFFFE657
00005632
FFFFB54B
0000A695
FFFFFA52
000084A2
0000162E
FFFFAB5B
FFFFBADC
FFFEF10B
FFFF6B32
FFFF3244
FFFFF7DA
00002520
00008285
00004C11
FFFFF8BC
000019BA
FFFFDD2E
00006966
FFFFE357
FFFFF7ED
FFFF6A53
FFFFED71
00003AF8
FFFF6291
0000A859
FFFFF48B
FFFF36F0
FFFF0555
00003FA0
00005FD3
000022A3
FFFF3515
00000299
FFFF996E
FFFFA7CA
00005DAE
00005918
FFFF5BA4
00004CD4
00002BB0
FFFFF581
FFFFB59A
0000108A
000014AB
FFFF71DA
FFFF8B17
00002B97
0000D74C
FFFFF066
FFFF826C
FFFFBE01
FFFFE5DE
FFFF884C
FFFFEDDC
FFFF904C
FFFFBA07
FFFFEC20
0000EC4F
FFFFC80D
FFFF82C7
0000D1DC
00001457
0000254E
00009BE9
FFFF55B4
FFFF8D54
FFFF5045
00002C25
FFFFA6B4
FFFF2B9E
000090F8
00001AF8
0000C246
FFFFF367
FFFF41E0
FFFF959E
0000A7BD
FFFF89A8
FFFFDD1A
FFFEE57B
FFFF4BD2
FFFF0005
0000131C
FFFFD14C
000102C6
00001A62
FFFF7BAD
FFFF4464
00000BEA
00003C67
00000B53
00002479
000011F3
0000C2E6
000097BD
FFFF7BBF
FFFF3C9F
00004284
FFFFFB30
FFFF7F5A
FFFFC9AE
00007A0E
0000DBCE
00002B2C
0000428B
FFFF8794
00002B33
FFFFDA47
0000F8B6
000068BD
FFFFE5F0
FFFF5E64
FFFF8E1A
FFFFA159
FFFFE97F
0000088B
FFFFE70A
000050AC
00002984
00008F20
0000B23C
000035A0
FFFFD8DE
00002296
FFFFAEE0
FFFF5A5C
FFFF26D3
000054F1
0000A554
FFFFD540
FFFFDFC9
000015A4
000080B5
FFFF55DE
FFFF2E12
FFFFFE19
00004D6A
00000C98
0000AADF
00002FEE
00002A2D
FFFFCB98
00008199
FFFFC313
0000C23D
FFFF9B70
FFFFB424
FFFF417E
000079BF
FFFF9E79
00005500
FFFF6B37
FFFF3572
FFFF5F3C
FFFFEAB7
0000B135
00007910
0000047E
0000A6C5
00005718
FFFFE86A
FFFFB214
0000CDF5
000022D9
FFFF696A
FFFFE060
FFFFA984
0000CF7E
00005414
00009FBA
FFFF410A
000024D4
0000610C
FFFFE03D
FFFFACE6
FFFFBB7F
FFFF6C70
00002954
00008511
FFFFC942
0000971D
FFFFACEA
FFFF847B
00001868
FFFFB7BA
000024E2
FFFFDA3F
FFFF7848
00003552
FFFF55CF
FFFFD323
FFFF063A
FFFFFC39
00007084
FFFED1D5
FFFFB777
00004F4B
FFFFED62
FFFFAC52
FFFF0BF3
FFFF73F1
00000D14
000065A6
0000790E
00001681
0000B9EB
FFFF6E7B
FFFFCE00
FFFFCD6D
000057DD
0000E0E6
000065C5
00001436
00008AA6
FFFFAD04
0000DD5A
0000A743
000013DB
FFFFD2F2
FFFF4CFC
FFFFA407
00007377
FFFFFB05
FFFFC403
FFFF6B56
FFFF98E7
00000FF4
00010E1A
00000939
0000108D
00001C11
0000C147
FFFF73B7
FFFF8EF4
000019EC
0000560C
00006BD8
0000B6C3
FFFF6B63
FFFFA9C9
000091FF
0000B67D
FFFFD4DD
0000AB16
FFFF1F19
FFFE8CFF
FFFE88C1
0000C3AE
FFFFE143
FFFF9D87
0000664C
FFFFAEFF
FFFF6317
000075BB
000079BF
0000784F
FFFFF501
FFFFFDEA
FFFF9402
FFFFCFB1
0000D8C3
FFFFA0C2
FFFFF587
FFFFF753
FFFFB8B5
0000255D
FFFFB014
FFFF6CBA
0000634C
FFFFB0D6
0000AAA2
FFFF45BB
FFFF86A4
FFFEF8CC
FFFFE22B
FFFF6AA3
FFFFA1B2
FFFFCE32
000041C2
00004DBE
FFFF8F76
FFFF5F2E
FFFF5299
0000533D
0000A571
0000B31A
FFFFE64C
000039BD
FFFFD6F2
0000239D
0000CC2C
00009302
000063EE
00001313
FFFFA3AB
FFFF0EE6
000035DE
00000E98
FFFFC20F
FFFF8F43
0001173D
00000CBE
000077CC
00001AFC
00006ED3
FFFFCE16
FFFFE115
FFFFB50F
00002359
FFFFEFDA
FFFFDDC7
FFFFECDD
FFFF948C
00002B69
00001742
FFFF65CC
FFFF97E8
000028CF
000099D3
FFFF9F9D
00004716
00001C2C
000073D8
00004705
00000CA1
0000854F
FFFF04F1
FFFF68ED
FFFFBA7A
FFFFAA5F
00006609
00009DF1
00001FBB
000065AD
00005B4F
FFFFE449
FFFF8A5D
00004967
00006362
00001228
00009592
FFFFDA91
00006201
000016E8
FFFF7B69
FFFFE788
0000AFEC
FFFF3EA8
00002944
FFFFD7CB
0000A38A
00000DE2
00007B5F
0000BBF3
0000814C
00011434
FFFFD73E
00006E62
00000DC0
FFFFC829
FFFF437D
0000E9B0
000133F3
00012517
FFFFA640
FFFF57B1
000010A8
00003501
0000D04E
FFFFF110
FFFFB392
000091E8
FFFFBD2E
00003A54
FFFF394B
FFFF61E5
FFFFC605
00005C90
00009088
0000D376
FFFFB1BA
00007CE6
00008EC0
FFFFE322
FFFFDC7B
FFFF9677
00000F1E
FFFF9746
FFFF8BD6
FFFFAF67
000097CD
0000944D
FFFFCFE8
FFFFBC97
FFFF8978
FFFFBA3B
FFFFFA90
0000BE2D
FFFF5212
0000679C
FFFF7432
FFFF3CF7
000019A5
FFFFBF65
0000C2E8
FFFFEF09
FFFFD993
FFFF679B
FFFFEA7A
00010804
000058A1
0000B6CD
00000DC8
FFFFF3D9
FFFF550E
0000C53D
0000E456
00004503
00009F11
0000C313
00000179
FFFF8C0B
000090BD
FFFF7417
FFFF5FE0
0000207F
FFFFAFBB
0000E98A
FFFF92E5
FFFFBE47
0000FE0E
00006AC4
000115CC
FFFF95AF
00010906
FFFF35A4
0000A730
000157FF
FFFEDDE7
0000A192
000052C0
00007AF9
FFFEFF8D
0000F8B8
00005C4F
FFFEBDF1
FFFF619D
0000DB09
FFFE5F61
FFFF9D31
FFFFA07D
FFFF9503
00007746
FFFFE014
FFFEDAA9
FFFEC283
FFFF2D45
00015802
0000012C
FFFF5592
00007808
000159F1
00012E12
00003577
FFFF318D
0000965F
FFFED044
FFFEF7C4
FFFEE174
FFFFA325
FFFFAD77
FFFF47C7
0000284E
FFFFD845
FFFFBB03
FFFF4AF7
0000503C
FFFF7FAD
0000F2A7
0000870E
FFFF1E36
00005153
FFFF7544
0000CC66
FFFF4592
FFFF6115
000124DB
FFFFF9DA
FFFF58A9
FFFFD4B1
FFFF97BC
FFFEEB91
FFFF08B2
FFFF68C5
00009237
00002780
FFFF9ED0
FFFF1648
FFFEE382
00006584
00018DE5
0001DD4B
FFFEDC4C
FFFFE90D
FFFF8D0B
FFFF8FBF
FFFF1B6D
FFFF2877
FFFFE1C5
00000903
FFFF1C47
FFFF8CCB
000112CA
FFFFD618
00001EDC
FFFFFE9E
FFFEF398
FFFFAB33
FFFF4BD9
FFFF7129
00014480
00009F36
0000EB74
FFFE88C4
FFFFE85A
0000F723
000015BD
0000E73A
FFFF374C
FFFFE040
FFFF81F7
FFFFDE48
FFFFAE57
FFFED7AC
00012644
FFFFEF03
FFFF9046
00002F38
00003879
FFFEFD96
0000A368
000078B2
FFFF2622
FFFE844C
0000C693
00005971
0001499E
FFFF177F
00004908
FFFF14B4
0000BC58
00008581
FFFE5B2E
0000376A
FFFEE50B
00005783
0000082F
FFFF8EB4
FFFF212C
FFFF75B7
00004EC7
00010F1C
FFFE87DE
FFFFED20
00000A3E
0000A77D
FFFE4F96
FFFE7EE3
00005202
00009CF3
000008BB
FFFFB229
0000528D
0000C956
00006079
FFFF0839
000093F7
0000FA00
FFFF6860
000023F8
0000F7A8
00001B18
00015000
FFFFB4EB
0000970E
00000BCD
00010E91
000081AD
FFFEF9AB
000044D7
FFFFDBFA
FFFF5A0B
FFFF53EF
FFFFAD7A
FFFEBD35
FFFF413A
FFFF0BB1
000057D8
00008F7E
000088DB
FFFF51DD
FFFFC9F9
FFFF81CE
0001135A
00008160
0000E615
0000382A
00017663
FFFFC150
00008CB1
0001086B
0000FDAB
0000FC8D
0000F510
FFFF5A53
FFFF6D62
0000FC07
0000F7D2
0000867B
00008BEE
0000C5A0
0000E1F7
FFFEE4B9
FFFEE342
FFFF343D
0000DB26
000052D3
0000CFF1
000019BD
0000BF98
00017CDF
FFFEC535
00006A3B
00002447
00007D9F
00004CDF
FFFE9BC0
0000310C
0000F371
0000ECA8
00005E55
000111A0
FFFFACCB
00005C87
0000F1F7
FFFFAD34
000006CC
FFFFBE26
000071B8
00005B9D
FFFEDA87
FFFF782B
000122D3
00019162
0001E888
0000B1EF
FFFEE0B3
FFFF187A
FFFF7614
00000909
FFFF64F3
FFFEA301
000076B5
0000D222
FFFF3C8E
000015B7
FFFE39B9
00008F01
000077E8
FFFE908E
FFFFFE92
000056B1
00007A3C
FFFF0B0F
FFFF035A
FFFEE748
0000ECF8
00010366
FFFEAC65
00004E12
FFFFC9EC
FFFE98A0
FFFFE2B7
00001FB7
0000B8DB
000053F5
000095CE
00000D09
FFFF19EC
00003C61
0000019E
FFFEE8A7
FFFEA1B5
FFFE949A
FFFFA87C
FFFFE2A4
FFFEB725
00016245
00005435
0000DC4E
000047B0
0000C7B4
000108AC
FFFEB02A
FFFEB049
FFFF7A69
FFFFB3CB
00003ECE
FFFF9C2C
FFFF495F
000107B8
00004575
FFFFC56C
00007906
FFFF3937
00008EE0
FFFF2F28
00002D52
FFFF96D7
0000DD03
FFFFDD61
0000C5BC
0001519E
FFFFC966
FFFF6845
FFFF2CE7
FFFF512B
FFFF541B
FFFECF0D
0001116C
FFFF9588
FFFF037E
FFFEDF0B
FFFF6A58
0000013F
FFFFE530
FFFFC684
0001AC0F
FFFFD228
FFFF3315
0000FEDC
FFFFC887
0000678E
FFFF96EA
FFFF9E0B
00008797
000037D1
FFFF4EB5
FFFF3DDA
FFFEBC5D
0000F770
0000EEEF
0000F88B
00009D9E
FFFF24D4
FFFEDD43
000073DB
FFFF595D
FFFEE94C
00000670
FFFF94BB
FFFF87C2
00002E92
FFFEEC68
FFFF1C1E
FFFF7ED4
0000507D
FFFE97BB
0000ACD5
00009270
FFFFB494
FFFFC900
FFFFDE60
FFFF9F58
FFFFBF71
FFFFC69D
FFFFEFD1
FFFF4439
00011C8B
0000F957
0001572A
00010B1F
00009C70
FFFF5238
FFFF3ABF
FFFF4386
00003472
FFFEE6D6
00005B7D
FFFEC9C2
00009B7A
FFFF89CF
FFFE7B41
00009EDF
00003267
0000E5CC
00005DF7
0000A666
00011649
00005F44
FFFF712B
00015EC7
00000098
00006436
FFFF47BF
00003809
FFFF78AB
FFFFCA2A
0000DD71
0000CA61
0000653A
0000DEF5
FFFF3C1F
0000F351
0000A43D
FFFEE932
FFFE6733
0001AA0A
00007F7F
FFFF74A0
FFFFBBC0
FFFFD2A7
0000D546
FFFFDE67
00010EA9
FFFF16FD
FFFEFA31
000059B8
FFFFDC78
0000CE38
FFFFAF2A
00002201
00002274
FFFFE496
FFFEA735
0000D24A
FFFFAADE
FFFEDD2D
0000C4C3
00008E3B
00013399
FFFF83BA
FFFDFA8B
FFFF1F95
FFFFD0E1
0000E51E
00006B98
FFFFC43D
FFFF5E51
00005CEC
0001A834
0000C1CB
FFFFE530
FFFFA4AD
000154BA
FFFFE397
000069FA
FFFF6610
FFFEE63F
FFFFD896
FFFF21BD
000129CF
00004A25
FFFEDEDA
FFFFB685
FFFF2A1A
000119CA
00009D69
FFFEC20E
00006115
00018966
00003CA4
FFFEF25C
00000ED7
000159E0
0000DA6B
00000131
00009AA1
FFFFB399
0000EF33
FFFFA511
0000E030
00014CF6
0000A450
FFFFA74E
FFFF5EAD
FFFF15CE
FFFFF5C7
FFFFFF26
0000E66D
FFFEBFEB
0000DF99
FFFF8DAB
000088CE
00004D9A
000040C1
FFFF168A
FFFF6768
00010B0C
000060AD
000103FF
0000C55B
FFFF81CD
FFFF77AF
0000874A
00012127
FFFFDAB4
FFFFF1D9
FFFFCA93
FFFEB10E
000012E1
0000BA66
FFFE03FC
FFFF9987
FFFE7ACD
00001256
FFFFD854
00001B97
FFFFE7D3
FFFFFAB8
FFFF668E
00005661
FFFF2772
FFFF2D64
0000E8FE
0000E2F9
00002DAA
FFFF4EAB
000116D9
0000CFEB
00005690
FFFFAF61
FFFF981A
0001D509
FFFFBFAE
FFFF1429
00012560
0000B78A
00005D9C
00006B53
FFFF5655
FFFF6F9E
00006DA9
FFFF7C04
FFFE4C88
0000380E
FFFF7407
00007569
0001143F
00002015
FFFFF71C
FFFEE9B4
FFFF23EB
FFFF57AF
FFFF4138
00000FC8
00003E73
FFFF3C17
FFFF883B
FFFF64B7
00004074
FFFEFDBA
0000F2A4
00001471
0000D092
0000F572
FFFF4807
000023D3
FFFFA660
FFFF672A
0000B396
00006524
00008345
0000CD6B
FFFF570D
0000D341
FFFF4366
FFFF4C2F
FFFF7911
0000BC97
00000DE2
FFFEE395
000027BC
00015A73
0000686D
0000DFD6
00006C62
0000B5EC
00003415
FFFEB257
0000202A
FFFFA1FE
FFFF344A
FFFF7360
FFFFFF81
FFFF6EF7
00006400
FFFEF9BE
00003AB5
FFFF1BE8
0000D1CE
FFFFF3B3
FFFF4E84
FFFF9F08
FFFF57D0
0000891E
0000EACD
FFFF7487
FFFFE4F7
FFFF183C
0000BC37
FFFE4099
000014C5
FFFFA6B1
000009DE
00000DC2
FFFF90D6
FFFE5943
0000CDE0
000084E0
0000AA91
FFFEC2A1
0001E8A8
FFFE3926
00007DE5
0000941F
FFFDEDFB
FFFE97F1
000335FB
FFFD16A4
00000822
00019993
000131E8
0001A8B2
FFFDA919
0001149F
0000DEC3
FFFF0A05
000090F2
000108BE
FFFFE1F8
FFFFDC88
FFFF3D54
FFFF03B5
FFFEFE14
00012A62
FFFEE5E4
00015117
000040F0
FFFF6303
FFFFCF75
FFFF60F6
000041FF
000026BE
FFFFFF1D
FFFF9324
FFFFE08F
00005E80
000026FD
0001CD46
00021481
FFFD8EC2
0001CA2A
FFFFA665
FFFDC61E
00001B82
FFFFF6E5
0000EED0
000033A8
000090A8
FFFF9ECF
0000050A
FFFEE291
0000D78B
FFFF50F5
FFFF712E
00013205
FFFF37D2
00000A2A
00007C04
FFFFB14B
FFFE417D
FFFFE1D1
FFFEC271
00017D9D
FFFF793E
00016929
00019F92
FFFE966A
00008F40
000046AF
FFFE7209
000135D6
0000D01C
FFFDB873
FFFF9A69
00003B0A
0001C265
FFFFEA36
FFFEDA33
0000C3F0
00007DF4
FFFF2D64
00023DA5
FFFF524B
FFFE52CF
00023F28
FFFFC796
FFFF1033
FFFF5479
FFFF9E2A
FFFD0998
00019677
FFFE0F77
FFFE496E
0000F826
FFFE3372
FFFF1C47
00017C79
0000ADE7
0000295B
FFFD2861
0001A2CD
0001A3BD
FFFF35E5
FFFFA46D
FFFF93E9
FFFE708F
0002B68B
FFFF4D69
0001B414
0000605E
FFFF2C4D
0000706E
00002C40
000015AD
0001C0CE
FFFE991D
FFFEE7D7
000012EE
FFFFF5E8
FFFF9853
FFFF0C94
FFFF5009
FFFF2252
0001AA02
00011101
FFFFD17D
00000E90
FFFF61BB
FFFEBEB2
00008C8E
000160B5
FFFFC433
00008847
00004BC3
00003CAC
FFFED9CD
FFFF9C9E
0000BF6B
0001001D
00006989
FFFF18FD
000079DF
FFFE90D0
FFFE9E5A
00003B7E
FFFFBDA4
000176A0
00009FEF
FFFF4CBF
FFFF1585
FFFF5D9B
FFFF0462
00009A3D
FFFEC173
FFFFC6DE
FFFF51A1
FFFFC45E
FFFFEEB0
FFFFCD00
FFFF7CF3
000116E8
FFFF7DA6
FFFFFC8E
0000F4EB
0000544D
0001D8FD
FFFEA2A0
FFFF1F83
00015260
FFFFBD26
FFFF5A34
00013BD9
00006C7E
FFFF5FD6
FFFEAC5D
0000518A
FFFFFB6D
FFFFB48C
0000F724
FFFE3000
0001B862
FFFF27BC
FFFFD0E1
0002054F
FFFE0D27
FFFF5240
0000AC2A
FFFEA1B7
00004012
FFFE6567
0002C84C
FFFF00E4
FFFE2B7C
0000130E
00026158
FFFFC9CD
00012F50
0001DE65
FFFF4EC2
FFFF6C4C
00017C40
FFFD4247
000045FB
0001C94F
FFFFFCC7
000047EC
0000C62D
FFFF3A7C
00006983
0000889A
00013586
FFFEC0E9
00007DC3
0000F430
00002229
00010EB8
FFFF0C7D
000092D3
000042C7
FFFF7EF0
00011FF6
00017E9C
FFFDE4E7
00018D86
0000D617
0001E515
0000BC45
FFFEB0CC
0000D5B9
FFFF1251
0000E7BB
0000A77A
FFFE9884
00023C2B
FFFE3DB6
FFFFB31C
000021D3
FFFFC285
FFFFBD57
FFFFCABC
0001E77B
0000401A
000001E9
00024546
FFFEE777
FFFE9487
FFFF6A43
00000239
FFFE4616
00012494
FFFF4DD3
FFFDBF1D
00012850
FFFE09B9
FFFF734A
0002544D
FFFF880B
FFFF6A94
0000C6A8
FFFFD8AA
0001E6D2
0000EA81
0000F296
0001240B
00004D51
000025C2
0000A884
FFFE6D6B
00003ACA
0000B9AB
0000C135
FFFE1160
FFFF405E
FFFEA853
00008116
FFFFA3C1
0000613B
FFFF1E31
00000843
00010430
000023EB
FFFF1062
FFFF76EA
FFFFEFAC
00010A12
000061F0
FFFEBA33
FFFE32AE
FFFFE664
00008D04
00002429
00011181
0001658F
FFFE5B8F
00001934
FFFF354B
00030654
FFFE7285
0002EF61
00019170
FFFD0A2C
FFFFEB48
0000895F
FFFDE676
FFFFC6C0
FFFDCA06
0000BCD9
FFFE658F
FFFFF6C2
00003001
FFFE8BBB
0000A050
FFFEDD0A
0000E88C
FFFFF13C
FFFD658C
00006686
FFFF85F4
FFFD9C00
00015F52
00006937
FFFF4514
0000F1BB
0000E663
0001CF28
FFFF617B
FFFFBA8C
0000EBC0
FFFF160D
FFFEF9A9
FFFF610B
00011E07
FFFF3EF0
000055D4
FFFE37A7
FFFFDDA6
0000F556
00012E40
FFFFFD32
FFFED6DB
00004BA1
00000199
FFFE6303
0000B49B
00002E6D
FFFF5968
FFFF7BB8
FFFF5E6B
FFFFD423
00002BEF
FFFF03EC
FFFF6FF1
FFFF3945
0000F3B3
FFFFBE50
00012DAA
0000EFD4
FFFEBDC1
00008B38
00011DE2
00001A5F
000074DF
FFFE6A84
000179FF
0000D4B1
00004D64
00007933
FFFEFAFF
FFFF8A80
FFFFB0BF
FFFEAB46
00003203
0000C4B9
FFFEE2F7
FFFFF011
FFFF8C30
FFFFC045
0001E4DA
FFFFC794
00015D07
FFFF5C5A
FFFF2711
00004236
0001774A
0000CFCE
0001A91D
FFFFCC93
FFFFE544
00000C23
0000B279
000278A0
FFFF86B3
FFFFDBEB
00003644
FFFDD07D
000129BF
FFFEB1A6
00029881
FFFF71BF
FFFEA767
0000EAD6
FFFFCFC9
000076F5
FFFFA623
0000545F
00002A26
FFFE9BAD
0000DA27
FFFF1B71
FFFF7BA8
FFFF9ABF
00021401
FFFF1565
00011EF5
FFFFBFFD
000056F6
000044AB
00021D67
FFFDE788
00004674
0000E8F2
FFFDDFFE
00007DE5
0001379F
FFFEFE85
FFFE96FF
000040A9
FFFF4DD0
00002327
00017F31
FFFF5C62
00005BCF
00010F76
0001F3DD
00010122
0000F63F
FFFEAB91
FFFF636A
FFFF3A97
FFFEAD8C
00005DC0
FFFED4B3
0000910C
0001779A
FFFE936C
FFFF8DBE
0000AF81
FFFF43C8
0000BC75
00003A74
0000DBDA
00013F73
0000CA23
FFFF28CE
00004175
000006C9
FFFEC864
0001FCFF
0000652A
000036E9
FFFF5D72
00006AEF
00006047
FFFF4609
00014F98
FFFFF127
00009B6B
0001FF5B
000095D9
FFFFE342
FFFF5482
FFFF40E7
0001DCCF
FFFF975F
FFFED293
FFFF527C
FFFFDF94
FFFDD685
FFFFB08A
0001067A
FFFE6852
00006E8F
FFFEAA1B
000118AF
FFFF8B96
0001A7E2
000138CF
FFFE0C8A
FFFEEA0B
0001FDEF
FFFF9BA6
FFFEEF63
FFFF9676
FFFEF537
00008F2A
0002F380
FFFFEDF4
FFFEC26F
0001C697
FFFDB3DF
00000E9E
0002A138
FFFD1C11
00001B00
FFFF65CF
0001CB30
0001CA8D
FFFC53FD
000277F8
0001ED7A
FFFD2C5A
00018CC4
FFFED841
00016D87
FFFEDA56
000054A3
FFFEABF9
0000CD33
FFFE212E
00011277
FFFF931A
000097D9
0000C64D
FFFFA103
FFFEA4BE
00000014
FFFFBDFF
000041D9
00007EE8
00014C60
0000254D
0000E316
FFFFA8D6
FFFF7764
FFFF9E20
0000E032
FFFF64CF
FFFF51A5
FFFDCF54
FFFF2918
FFFEBCA3
FFFF44FD
FFFFBE33
FFFFE330
00003F13
000050F8
0001D1B3
00000627
00008535
00001874
FFFFEBE1
000169D4
0000D0A8
FFFDEE16
FFFE71A1
0000491F
FFFE389B
FFFFB99B
00005979
FFFEBD18
00008FEC
0000429E
0000B045
FFFF9858
FFFFC348
0000BA1E
FFFF4173
0000806A
00004D62
FFFFCEB6
FFFFFC69
00011D7D
FFFF5C67
FFFF953C
00012DBC
FFFF39DD
FFFF1AC5
00002EDE
00002664
FFFF91A2
000029E7
FFFF6564
FFFF99B5
000084D7
00009C43
0000E97A
FFFF5C5E
FFFFB00D
FFFFF5F4
0000B759
00010D5F
0000CCC3
00007851
FFFF17B0
FFFF81C6
FFFFFCC3
00002055
FFFFD41D
0000070F
FFFF8A60
00004834
0000A187
FFFEB7F0
00006155
0000B4FD
00004FE3
00001353
0000045B
FFFF66C9
FFFFA900
0000BD0A
FFFF16B2
00004E6C
FFFF4FE3
FFFF742A
00015825
FFFFA5C6
00001634
000066A2
FFFF9626
FFFF61D1
FFFF37FE
FFFFF45E
000146E5
FFFF1AF4
FFFF6E9A
000058F4
00009974
00006899
FFFFFC72
00001280
00008960
FFFFEEA2
00001F46
FFFFBB4C
FFFFA372
000007A9
FFFF46C0
FFFF8842
000164B8
FFFF9F57
FFFFF5A7
FFFFAF3E
FFFFB29A
FFFF6FDB
FFFFDD09
FFFEE594
00003841
000006E8
FFFF4A06
0000054A
FFFFE186
FFFEC674
000003F0
00009FB0
0000918B
00003D39
FFFF4F57
00009F75
FFFFFB31
0000B1FC
0000E1A9
FFFF9B81
FFFFCBFB
FFFF58CE
0000A919
00000924
FFFF3703
FFFF74D9
00009488
FFFF7011
FFFEB5AD
FFFFB120
FFFF46B7
FFFFCA0B
FFFEF8E1
0001263B
FFFFF253
FFFEE3D7
00003AC7
000107B8
FFFFCEB6
0000C5C0
FFFEC781
0000198A
00014C2C
FFFFAD49
00005DC4
FFFFCC24
FFFFAE0B
000030BD
00003769
FFFEB426
FFFF1771
00006BFA
FFFEEDE2
FFFEF4A3
00000FA4
000109B9
FFFFAA85
0000A198
FFFFA377
00005DF1
00010A46
FFFF9427
FFFF91C6
00008D41
00002ED8
FFFF7707
FFFFA708
FFFF90D0
FFFFE4E0
FFFFA880
FFFF31C7
FFFFFBD6
0000D6AF
0000F9A3
0000CE11
FFFF97C3
FFFEB802
FFFF72A1
00006D81
FFFDFA0E
0001044F
FFFFF243
FFFFAC7E
00005EB2
FFFFB38D
0000B02D
FFFF23B0
FFFFD759
FFFFE0E1
0000982D
00012396
FFFF07FF
00007D33
FFFF7315
FFFF3A6E
00006ACB
000042DD
FFFFBEFA
FFFFFB0F
FFFFF68C
FFFF08CA
FFFFE809
FFFF5BFF
FFFFF33A
FFFF6457
0000550F
FFFF9AE8
0000ED4E
000154A4
FFFE0132
00007D0F
FFFF3100
0000066D
00000BD9
00005BC4
00006350
0000C2EF
0000FAC4
FFFFADC6
FFFF3AF6
00016433
0000B9FA
FFFF68D5
FFFF029E
00008F47
00008E67
FFFF5E88
FFFF8AF1
00010FE2
FFFF7901
0000B43D
000184E9
FFFFF752
FFFFB1A5
FFFF514A
FFFEB507
00000CA3
0000076A
FFFFFA1F
FFFF25EF
000024E9
0000CDE3
000056CC
00000D51
FFFF448A
00003112
FFFED31E
00008AAE
FFFE7850
FFFEA84E
00006813
000062CD
000102DD
00003278
FFFF3404
0000658D
FFFF9A03
FFFE95F7
FFFFA908
0001A5B5
FFFEF00F
0000277A
000044BE
00008830
FFFF9A6F
000037D9
FFFF5D6D
00013A21
FFFFE23B
FFFF385D
FFFEC5D3
FFFFBA29
FFFF50FA
FFFFE3B5
0000D1C7
FFFF39B0
00000EF5
FFFFADD8
000059C9
00006C29
0000FD67
FFFF7760
FFFF59EE
0000B23C
FFFF1872
00014BCC
000146E9
FFFFACF7
FFFF6A1C
00006866
FFFFF134
FFFE93F2
00002DBC
FFFF5E82
FFFF7447
FFFF3F15
0000635B
FFFF933D
00008A9E
FFFF5FA5
00007154
0000F7DF
00004F35
FFFEB1B2
FFFFBAC1
FFFF7068
FFFFF5FD
FFFF3B29
FFFF7E58
FFFFA956
00002426
00000599
FFFFE971
0000A25E
FFFFFD02
0000AE1A
0000143C
FFFFEC2F
FFFFAC5D
FFFFB1AF
00001BE1
FFFFC97E
000007B1
0000A6ED
0000A0AE
00004A8D
FFFFF96F
0000DF0F
0000BA23
00014679
FFFFC6D9
FFFF5025
FFFFE8AB
0000CFD9
FFFFE4F9
0000BDC8
00006747
FFFF1B9E
FFFF3D83
0000C3B0
00010AD4
FFFEEA15
00004A35
0000E44D
FFFF59D6
FFFE7EC7
00002A89
00003301
0001022D
FFFEEC0C
FFFF969B
FFFEF7E0
FFFFFA27
0000955E
FFFF6247
FFFF1F76
FFFF38BD
0000C19F
000174ED
00006D3F
0000E696
0000ED6A
FFFFDB76
FFFFD030
FFFF8EDE
FFFFE76F
FFFF44B6
FFFFB063
FFFFED21
0000683F
000069C1
FFFEF6BC
FFFF8A64
FFFED7E8
FFFF8506
0000256F
FFFF8404
00006DC3
0000D7E1
FFFF97A8
0000A654
FFFFDD22
FFFFB747
00006000
FFFE9072
FFFF7203
FFFF408F
FFFE8C8A
00000CBF
FFFFF8EF
00008964
FFFF8356
FFFFFC0F
00007C45
00015316
FFFF841A
000191DC
FFFF2F70
0000C755
FFFF0DA2
00009303
00010F2F
00001631
00009177
FFFF8666
FFFFD588
000033BF
00001A51
FFFF5D4D
FFFF6E00
FFFFAADC
FFFF24C1
FFFFCA7E
FFFFC03E
FFFF882E
0000B503
FFFFF7DA
00001F00
FFFEE3F6
FFFF975F
FFFF90E7
00000647
FFFEE58A
00014467
FFFF6D7E
0000EFE5
00000985
00001417
0000B51B
FFFE9340
FFFEB64D
00011D35
FFFF0789
00001492
0000B2F8
0000E208
0000D13E
0000713A
00016AF5
00002683
FFFF4726
FFFF2263
0000F90E
FFFFCDBB
FFFF7A47
00003FB4
00007283
FFFE7EC2
00009472
FFFF6E58
FFFF3FFE
FFFFC8A0
FFFF69F3
00006100
FFFF72DD
FFFF2585
FFFEB281
00004B1D
FFFF1AF0
FFFF922B
FFFEEEC8
FFFFF076
FFFF5C69
0000DB6C
FFFF4A45
00020028
0000054A
FFFF3843
FFFFD168
FFFF08FB
FFFFE202
FFFEB5EE
00002093
FFFF66BA
FFFEB18F
FFFF20C6
00003A23
FFFFBACE
FFFFAD1E
00003512
FFFFDC98
FFFF656A
000164C2
FFFF5D8D
FFFF17BB
00014B69
FFFF6CC4
00001495
00000DFF
FFFEB0AD
FFFF27E1
FFFF01BB
000076AE
00014EE6
FFFFEAA4
00002047
FFFF77DF
FFFF67D9
0000138A
FFFF72E0
000033B2
FFFFADFA
FFFE9DBE
0001324B
FFFFB985
FFFED019
0001566B
00007C62
FFFF7670
00004790
000091A8
FFFF3B4A
00007DBF
FFFF2314
000038B0
00009B0B
FFFF2197
00004D9A
0000FE09
00003374
00000DCB
FFFFA9A1
0000F2EE
FFFEF167
FFFEFE35
FFFFE00E
FFFF5906
FFFFAE3B
000070C8
00017D72
FFFFD5C0
0000A08B
00001E4C
00005AF4
00001C06
0000C721
00004B80
0000E963
0000F8A5
000108D8
FFFF1EA9
FFFF8610
FFFEEDD2
0000296C
FFFFAF9A
FFFE93DF
FFFE7267
0000C8DC
FFFEBAED
0000DD35
FFFF5BD3
000091AD
FFFFC8BA
00007F2C
00008649
0001409C
00006BAA
FFFF2279
00006AE4
FFFF0AAA
00008C7F
FFFFC31D
00006490
00006C60
0000BD41
0000071A
FFFEBD18
FFFF9A0A
000120A3
FFFF1704
00008C1D
FFFF8F8F
FFFEBB8F
FFFF3AD6
00005F04
0000E049
000046C7
00000FA6
FFFF9A33
FFFFEC2A
00001158
0000EB91
FFFFB821
00010812
0000B3D5
FFFFD59D
FFFFE5D7
00012626
FFFF621E
FFFF731B
00005945
0000D1A9
0000A5B9
0000A6D5
0001138E
00005CC4
0000D37B
FFFFB00C
FFFFD4B4
000096ED
00010F73
FFFEDB0D
00001C28
00008083
FFFED221
FFFFF712
FFFF72EA
00010831
FFFF05AA
000009B6
FFFF39EC
FFFF0152
FFFF6821
000059F6
000148D7
FFFF306A
FFFFAA04
FFFF5BB1
FFFFD97B
000082FC
000037EC
FFFF609C
00002935
0000132E
00008414
FFFF818A
00011FA0
000109D0
000123D2
FFFFA3E8
FFFFC53E
0000C9DF
FFFF1B35
0000666D
000006BC
FFFEB85D
0000F3D6
FFFFFB37
00007514
0001308F
0000A447
00010B3C
00003D45
FFFFF0B8
0000C235
FFFED7AF
FFFFA92E
0000DCFD
00000F67
FFFF86FF
FFFE7E7D
000051EA
0000A871
FFFF7949
000087CF
0001349C
0001A097
FFFFB91C
FFFF16D4
000004CA
0000CC72
0000C0C6
00002593
FFFFFBC4
00008F83
FFFF5E73
0000A5E2
0000CF61
FFFF3B8F
FFFF0D5F
FFFFBFDA
FFFFAC62
FFFFFCB8
FFFFFAAE
00000CB1
0000B73E
0000C69D
00000048
FFFFC7D0
FFFF3747
FFFEEFB2
FFFF7E26
FFFE5373
00003866
00004387
00009CEF
000004FD
00018140
0000AACC
FFFFE641
FFFFE70C
FFFF5C12
FFFF7AD3
FFFFE538
00000542
FFFF7875
FFFF3D52
00007CED
FFFF4193
FFFFC3C9
00005D18
000008A9
00007661
FFFF708C
00008B89
00003FEB
FFFF79C9
0001602C
0000C09B
FFFFB919
00001651
FFFFE4A6
FFFFFB41
FFFF66CA
00004699
FFFFA560
FFFE8E16
FFFF32DF
FFFFB171
FFFFCB72
FFFF7898
00010007
00011A30
FFFF8F50
0000B2C9
FFFEC3DE
FFFFBA9D
00001C5C
FFFF9B7A
FFFFC79D
FFFF8196
00012F38
FFFF4E4C
000099C7
00003558
FFFFF679
00001301
0000781F
00000D9A
00009D55
0000C792
FFFFE057
000139E9
FFFF6E96
0001028E
00005697
000005B3
0000E11E
FFFEF97C
FFFFB778
FFFFB8CA
00008760
00003290
FFFFF08A
FFFFC622
FFFED241
00003B78
FFFFEEAD
FFFFA7A8
00009499
00000770
00016439
FFFEFFBD
FFFFEC43
0001703C
FFFFE7B9
FFFEB215
FFFE9317
FFFFCBA6
FFFEFA21
0000F5B9
FFFFD643
0000BF40
FFFFD45B
000059FA
0000A6E9
FFFF24FD
00002993
00004368
0001676D
FFFEA906
00000AD7
FFFFA0DA
000170BB
FFFF998D
FFFF7A85
0000D8FA
00012689
00009A78
FFFFFB9E
0000C4E0
0000BDD5
FFFF7DEB
FFFE9A13
FFFF99BA
FFFFDD9E
FFFFE858
FFFFE471
FFFE85A9
FFFFD183
FFFFF55E
FFFFE4B5
0000CEB9
00010D17
0001486D
0000047A
00003768
0000BC5F
FFFFB118
00007986
FFFF4385
FFFF634E
00007D61
00012DDD
FFFFC925
FFFF04A7
000076BC
FFFF93B5
00000B33
00010D35
0000681D
FFFEB324
FFFF8C1B
00003DD9
FFFFBBB7
0001DBAE
FFFF9DE4
FFFECBC1
0000F456
0000855E
000047E4
0000861F
00005FD5
FFFFC2D4
FFFFDB99
FFFECED8
FFFE0459
0000E445
0000DF27
FFFEE376
FFFF8363
0000E9E8
00002AE6
FFFF7CF9
00005A18
000105CD
FFFFDD95
0000C3CD
000095DC
00002872
FFFF9504
FFFF3B27
FFFFED97
00008954
FFFF362C
FFFF7745
FFFFD8D0
FFFF2FA6
FFFF2A75
00002784
FFFFD959
FFFF9672
0000DD29
FFFEF792
00004CEA
FFFF6F60
FFFF627C
FFFEB100
00011D67
00003744
00008534
FFFF70F7
FFFFF4AF
FFFF9299
000018C4
FFFFE857
000092C8
FFFF96C8
FFFFB693
0000D969
FFFF7F88
00006CD7
FFFF5F96
000064AA
0001B2DE
FFFF88C8
FFFFD8D0
FFFFACC3
00005731
00013486
FFFF46A9
0000B24A
000011E8
0000A199
FFFF6EB6
0000A524
0001172D
FFFFE466
FFFF866D
FFFFA2A9
0000FEAF
FFFFCBC5
0000A3A7
FFFF5591
00004890
FFFFEC5E
FFFF2B08
0000726A
0001081D
0000645B
FFFF4BC0
FFFF8B6B
0001FE77
FFFF4EAE
0000F2FC
00013835
FFFF9E15
FFFEF362
0000AA41
0000BDAB
FFFEDBBE
0000502E
0001362A
00000863
FFFF5706
000062E8
00014F07
FFFFC713
0000E490
00008542
00005525
FFFF6AE7
FFFFAC73
000066F1
FFFFF475
FFFE6318
0000792E
FFFF5AE7
FFFE5188
0000572E
0000C03B
FFFFF920
00004F5B
00000DDB
FFFF96E9
00011D8C
FFFF62E1
FFFFE7D7
FFFF83F8
FFFF5DF3
00000206
FFFE8EA4
FFFF816F
000089BF
00002432
FFFF501C
00010D79
000032A8
00002E9A
000088A1
00010231
000085F3
FFFF3D6C
000099B6
0000B018
FFFE5C1E
00005296
FFFF1850
FFFEA005
FFFEB7EF
0000280B
00006089
00014E55
0000B101
FFFF4730
0000426F
FFFF4B73
FFFEBDD0
FFFE9C67
FFFEFCFA
000077B5
FFFF860B
FFFFBA1D
00005C39
000195F0
FFFF9A04
FFFF5F4D
FFFE7030
00002F02
FFFEE23B
000089FD
FFFFB063
FFFE95DD
0000215C
00005EDA
FFFF2659
000055D6
FFFEA217
FFFF4E52
0000C489
00001B8C
0001205D
FFFFFCE3
FFFFE609
000037DE
FFFFAC65
FFFF3BD1
00017061
0000A128
0000D421
FFFFD69D
00007791
FFFFBAB3
0000AE52
FFFFFA63
0000992A
FFFF403A
FFFF81AE
FFFF5D77
FFFED164
FFFF70FB
00006DC0
00004E24
00005A42
00009EC6
FFFFF684
FFFFFD1E
FFFECFD5
FFFFDC4F
FFFF61F2
FFFFC1FE
FFFFA748
00007224
FFFF2BA4
FFFF025D
00009BF4
FFFFCBAC
0000CB5A
FFFE851B
FFFF1238
00001075
00007F3E
00002471
FFFFD6CA
0000EBD2
00005B9D
FFFF5842
000043B7
FFFFC7F6
FFFF5730
FFFFE8CB
FFFFD120
00005ECA
FFFF72A1
00004E2E
FFFFFD95
00003ACF
FFFF13CE
FFFF6892
FFFF634D
0000900F
0000C953
0000CB3A
FFFF7A6F
00004533
FFFF9B9A
FFFF26C6
FFFF3844
000151EB
FFFF2450
00000BC3
0000422E
000087BC
000047D3
FFFF2919
0000EC8E
FFFF678A
0000A7F1
FFFF5B45
FFFF9C19
FFFEC985
0000DF05
00021033
FFFFD733
00004BA2
0000808E
00006490
000099C3
FFFF398C
00008E2E
FFFFEBB1
00007344
0000607C
FFFF2109
FFFF4498
FFFF6DFD
000115F8
FFFF6BF8
FFFFBD91
FFFF827E
000011AD
FFFE9D27
FFFF784E
FFFFF4E8
FFFFAFC6
0000B7AE
FFFF40D5
FFFF2660
00009D9B
0000BA72
00005F06
0000E6CA
FFFFA96E
000018DD
00004D64
00001D03
FFFF1601
00006319
FFFFE155
0001A821
00002C64
00001A75
FFFF5C92
FFFF478B
00002E70
00000F81
00000FD7
000053C0
FFFFF9D8
FFFFE68A
FFFEB7E0
FFFED74D
FFFFD7BC
00007291
0000FFEC
00012204
0000A027
000024F7
FFFFC25A
0000EDF0
000027D9
FFFF8507
FFFF482D
FFFFF4AB
FFFFE99D
00005DED
FFFF22C4
00014C9F
FFFFAB51
00015732
00004951
FFFFFE13
00012022
00002DD5
FFFF68F5
FFFE4455
FFFF42E9
FFFFFC25
FFFFA8C5
0000B72B
FFFFB3E4
FFFF316C
FFFF6116
00001E75
FFFEC271
FFFF1A7B
0000B02B
0000A089
FFFFD9FF
0000C786
FFFFE563
00006903
00008BC9
FFFF8A2E
FFFEE652
FFFEFCB4
FFFF974D
FFFF641F
FFFF05FE
0000656A
FFFF681B
FFFF51AE
00006D08
FFFFC8D5
00003049
FFFFBB29
FFFFA4A6
FFFFCFE8
FFFFF569
FFFF51A9
0000F4E3
00001B0C
FFFFF8DF
000023A5
0000B05C
0000DE67
00002C6C
FFFFAAC5
FFFF80C1
00004A1B
0000E86A
000112E1
0000125D
FFFFF115
FFFFB6B6
FFFFCEE3
00001AC5
FFFF9942
00009308
0000C82D
FFFF895D
FFFF65DD
FFFFE5BD
FFFF87E7
FFFF9493
FFFFE87D
FFFF1FB0
FFFFA14E
0000D8E9
00002C88
FFFFC637
FFFF41AC
0000FAB0
0000E278
FFFEC09A
FFFF71DD
FFFF26CB
FFFF9FCF
000092CE
FFFFA8E4
FFFFB124
FFFFE9B0
0000EDE9
0000082C
FFFF218C
0000A69C
00016C6D
FFFEE053
000117C4
00002946
00002372
FFFF00C7
00013048
00017B95
FFFF6585
FFFFDF01
00004C38
00002CFE
FFFFFE79
0000568B
00009F8C
FFFF447C
0000EEA0
FFFEC1DB
FFFFA211
FFFFC4B4
00009174
0000AC46
FFFFA442
0000B194
FFFFFA49
FFFF0CF0
FFFEEDDC
00004A92
FFFF74B5
FFFF5FC9
000049F4
00008267
000002F1
FFFF63EF
FFFFEB23
000029A7
00007653
000041DC
FFFF6425
FFFF8A3E
0000D68A
FFFF8455
00004483
00001889
00003E4E
FFFF4900
0001007E
FFFFD9F8
FFFFB70A
FFFF478B
FFFFA510
0000ABB6
0000EB3A
0000A7B8
00002EC9
FFFF050C
FFFFDABB
FFFFCF16
0000296E
0000E8FD
FFFF8443
0000C3CB
FFFF9653
FFFFEF3F
00001BB7
0000426F
FFFF9F76
FFFF5F3A
FFFFE34A
FFFFA828
FFFFF4D2
FFFF6712
FFFF7A6E
FFFF4049
FFFF3A9B
000011B1
FFFFAE57
00000B19
FFFF775E
0000C4F5
FFFFA4C6
FFFF23DF
FFFFC776
00003A43
FFFEA165
FFFFF102
FFFFE32C
00005336
FFFF1D0E
000093F3
00002FD7
00000DB5
FFFFEB2C
FFFF4671
FFFFD8D8
FFFF1676
000167EF
FFFF5B1F
00004761
FFFFC107
FFFF362F
0000BD33
FFFF52D0
00013457
FFFF7BAE
00013EA1
00009BD7
000007A2
FFFF9381
FFFF18F2
00009662
0000878E
0000E460
FFFFA569
FFFF52A7
00007E10
FFFFDC34
000094F6
0001409E
00001AB7
FFFF2400
FFFFE3AE
FFFF55B7
00008879
0000F4F6
FFFEEEBA
00000633
FFFFB281
00014C71
000072CA
00000130
0000D7B2
00006EF2
FFFFC9F0
FFFF5343
FFFF3AA0
000056CC
00008E8C
00003535
00001C18
00005B33
0000D998
00004B12
FFFF8CF4
000145E7
0001322F
FFFF3BC9
FFFFF883
0000390A
00005D93
FFFECF0B
FFFF26D0
FFFF4FA3
00010E1D
FFFF4C48
00005D08
FFFF40AF
00012897
00000C8D
0000986B
00017E1F
00006493
FFFFB1B4
FFFF6060
FFFF4CC1
FFFF7C91
00002E37
000067A8
00011316
FFFEEB70
00003527
0000BD83
FFFF94AE
FFFFBAD0
FFFFC800
FFFED4FE
FFFEF721
0000AE12
FFFFDC73
0000AD88
FFFF06A2
FFFF1328
FFFF0ED0
00008CDB
00007476
0000F5C1
FFFEFD5E
FFFFF56B
0000556C
FFFFE4C0
0000EDD5
FFFEAA86
00002D0F
FFFFD567
FFFFFE66
FFFFBA8F
00000C5C
00010251
0000B71E
FFFF9501
000082AF
FFFF6DBA
FFFFF8D5
FFFEF543
FFFFA27C
FFFFB11D
FFFF1EEA
FFFFC53D
0000F727
000038E4
FFFFEF32
FFFFD45A
00007F36
000061C2
00007B85
FFFFA22A
0000FD6F
0000A571
FFFF16A2
FFFF70F7
FFFF8458
0000EF9D
FFFF713F
FFFF836D
000182D6
0000453A
FFFFFF2C
FFFFA1B1
FFFFE63B
FFFF794E
FFFF9A27
0000E83B
0000BEE0
00006BE6
FFFF9697
FFFF286D
000066C2
FFFFE318
FFFED37F
FFFF5FFE
FFFFDF90
00002FB0
FFFED897
0000B01A
000083BC
00010F85
0000E509
0000478D
00011FEA
FFFF8824
FFFF6DE1
FFFF2791
0000338A
FFFF488B
00012494
FFFFE99D
FFFFC376
0000407F
000102AD
FFFFFE73
FFFF09EE
FFFFE022
FFFFFDC8
FFFF2022
FFFFDA84
FFFF7FA2
FFFFBD51
FFFF4AAD
0000924B
00001736
FFFF351E
FFFFB3CF
FFFF76EE
0000D628
FFFF3442
FFFF45C1
FFFFB516
FFFEEBC2
FFFFA3A7
00011EFD
00001A6A
0000774F
00009AA7
0000DB59
0000280F
FFFF1741
0000F912
FFFF4F6F
00005340
FFFED2EE
FFFFCEC5
FFFEC89D
FFFF28E5
00012336
0000E76C
0000B114
00007807
0000ACEC
00013882
0000AE3D
FFFF16DB
FFFF3208
FFFFF29B
00008193
FFFF932A
FFFFACA9
FFFF20EA
00002996
00009A59
0000D5C5
00007D7B
FFFEBA9E
FFFFA086
000059BD
FFFFA23B
FFFEF11F
FFFF202E
0000A168
00001E74
00015A0C
00006F4B
FFFEA403
00001A07
FFFFE2AC
FFFF2EE7
0000FCA4
0000398B
FFFFAE68
0000F3CC
0000F074
000176B2
FFFFBE54
FFFF8DDE
000119D1
FFFF6CCA
FFFF4510
0000DAE6
00009BF0
FFFF7A04
00008672
FFFF688D
00001C3B
0000A3DD
00008BD1
FFFF9309
FFFFDF9E
FFFE8862
000003A9
FFFFEE80
FFFF0A4C
FFFFB7B1
0000B499
FFFF9C64
00019AFD
00007477
000053AB
0000DD34
FFFF5018
00001B31
FFFFC193
00002589
0000A5FA
00009A0F
FFFFC402
FFFF9221
0000BE15
0000149E
00006123
FFFFF13C
FFFFB125
0000A91A
00002804
FFFEB7D0
00001620
FFFFA02B
FFFFB275
00008738
0000D2D2
FFFF5EAD
FFFF5088
00002A68
00011295
0000C25C
00005C1E
0000DD76
000032D5
FFFFCF69
FFFF9577
00003137
FFFF5C5F
FFFF1EBD
FFFEF4E1
FFFF6780
FFFF563D
FFFF43D5
00004592
FFFFF565
00009528
000053D6
FFFF428E
FFFFEE7B
000065EB
FFFF6C44
00009CB7
0000A493
0000052F
00003E44
FFFFD6EC
FFFF79B6
FFFFA084
FFFEF23A
00011D09
FFFF7A2D
FFFFC30A
00013BB8
FFFF985B
FFFFE959
00008447
FFFFC0B9
0000004C
FFFEC433
FFFFC25A
00001361
0000A7E3
FFFFFC83
FFFF6458
FFFEB2D7
FFFE9BC2
00005E86
FFFF1A42
00004B44
00007B76
000069AF
FFFF584F
000066D9
00001E91
0000D2FF
FFFF615F
00014110
FFFFF37F
00003D15
FFFFEC7F
FFFECB59
00001E28
00001B32
FFFF9227
0000C678
FFFFBC16
FFFF0E17
0000630D
FFFFA86E
FFFF2D33
000095EF
FFFF2FED
00000A32
FFFFE594
000001C2
00001D8A
FFFEA6CF
FFFF6DCC
FFFFE995
FFFF1677
FFFF41C1
00001F2C
00007F03
FFFFB772
0000C408
FFFF93E6
000024F4
0000057A
FFFFBFCC
0000DF4C
FFFF93DA
FFFF832F
00012554
00001DAF
FFFECF5F
FFFF595D
0000D9E1
FFFFCEC4
FFFEFA39
00009767
FFFF22BA
FFFF7EE6
FFFFD99F
00007F48
0000313B
00012126
0000DA44
000075E7
FFFFCDB5
FFFECBB0
00016CBD
FFFF9A44
00003395
FFFEF21A
FFFDCB02
FFFF59DB
FFFE7D87
FFFF605D
00007EC9
FFFF6936
00003C42
0001276E
FFFFD382
FFFF04F4
0000743F
00002F10
FFFFE932
FFFF8913
FFFF4469
00006A21
FFFFA0F7
FFFF54C5
FFFFC8D6
FFFFC196
FFFF87DF
FFFF68A9
00007632
00005448
00008E6E
FFFFA88C
000071D3
FFFFDADA
000024C7
FFFF4FCB
000033B6
00001434
FFFF86FA
00008B6F
FFFFF18F
FFFF1D03
00001BC1
FFFFBC54
00003628
0000021E
FFFF95F1
FFFF4F53
FFFF884C
FFFFDF12
000018DA
FFFF43DB
FFFFC728
FFFF6AF7
FFFF594A
000033B1
0000BC60
000000FD
FFFFC2C2
FFFFAB0E
00007FDA
00008797
00008F6E
FFFF816A
FFFF6D2D
FFFF7571
FFFFE50D
000057F6
00002F6E
FFFF877F
FFFFAA7E
FFFF5A54
00006CFA
FFFFE056
00005FD6
FFFF14F2
000012A7
000079E0
FFFFF7E0
FFFFCA71
FFFF9BAA
0000058B
000043E1
0000445C
000048BC
FFFF8CE3
FFFFD1F3
FFFF5151
FFFFE325
FFFFF306
FFFF8C49
0000E61A
00003B55
FFFFAF10
00003298
FFFFF804
FFFFC026
FFFF6A5C
00002A9C
00003B8E
FFFFF1EC
FFFF7EB4
FFFF499A
000019B8
00009302
00006C90
00005D26
FFFFC0DD
000010D5
FFFF705A
FFFFAC6D
FFFF819B
000002FF
0000860D
0000C096
FFFFD338
FFFFF4E9
0000022F
FFFF86D5
FFFF55AD
FFFF97A3
FFFF69B2
0000747D
FFFFB797
00004639
00006CC4
00004293
FFFFB546
FFFFC1E1
0000176A
FFFF59D0
FFFF7995
FFFF9A2A
FFFF51F0
FFFF8DE6
FFFEE253
0000A10C
00001736
FFFF98FA
FFFF6E8B
00005163
FFFF10AC
000064DD
00003F4F
00008423
00003FB8
FFFF756A
00003DE1
0000AB82
FFFFA41C
0000B04A
00008CEC
FFFFC75D
FFFFDE1A
FFFF933C
FFFF93F0
000025E0
FFFF358B
FFFFBC01
FFFFFEF3
00003CC4
FFFF69F6
00000D7F
00009362
00001D41
FFFF94AB
FFFFE35A
FFFFEDBB
FFFFBACB
FFFFB59B
FFFFFA16
FFFEED72
00008438
00006391
00002AC5
FFFF8B18
00001D63
FFFF9848
00008E7C
00005869
FFFF9D22
FFFF8EEE
FFFFDA4F
00004A40
FFFFEC49
FFFFF361
000079E5
FFFFDA95
FFFFDB04
FFFFFA8B
000039DB
FFFFD2D4
0000ADF6
000050AB
00006D75
FFFF11B7
FFFFA998
00001D28
FFFFA66D
00002021
000047F1
000017F7
0000A7B9
000054EE
00002239
FFFFD7D5
FFFF98AA
000020ED
FFFFE369
FFFFD316
FFFF0FDC
0000632E
00004585
FFFFA49A
FFFFAF6C
FFFF6C2A
00009C5C
0000CC2A
FFFFFD1E
FFFF7F8E
FFFFD66E
FFFF7256
0000B6F0
0000268A
0000AD2F
FFFFB28B
FFFF3346
FFFF746A
FFFF65B1
000080CC
0000C253
FFFF95E2
FFFFD452
0000A5C8
00009328
FFFF77C1
FFFFF4C6
FFFF9589
000040C5
FFFFDE8A
0000676A
FFFF728A
FFFF2391
FFFF0CA7
00000BDA
00013D7D
00015298
FFFFC9DE
FFFFC7B8
FFFF949C
FFFFB5CA
FFFFBE41
FFFF44D4
000025B6
00003F1F
0000AC9E
FFFFF8AE
FFFFE5C0
FFFF5E98
FFFFFE7D
FFFF3078
FFFF36C2
FFFFDB76
0000952D
FFFF9E1A
000028CA
00008815
0000312C
00007DDA
00006FDA
000007F8
FFFFE4ED
FFFFD130
FFFFFD18
00003034
0000178F
0000FAF8
00000249
00003745
FFFF13FA
FFFF8677
00003E58
FFFFFB79
FFFFAA94
000059DC
FFFFF067
FFFFDC34
FFFFFD9D
000016E8
00005843
00003685
FFFF769D
FFFFE5D4
FFFF903F
0000F592
0000280C
00004486
000054B1
FFFF9448
FFFFCAED
FFFFB863
0000A31A
FFFFCBF2
FFFFC9FE
00000519
FFFFCD14
00003FF8
FFFFEE84
FFFF81F0
00001123
000022AE
000015DA
FFFFE90B
FFFF4EB2
FFFF344B
00006596
00005AF9
0000632A
000071A2
FFFF724A
FFFFFD72
0000712A
FFFFFB48
0000703D
00002BF6
FFFFF091
FFFF748D
00001E4A
000002E7
000104B1
0000A886
FFFFC605
0000D4C5
FFFFC107
FFFFF93D
FFFFF3AF
FFFFA431
000011F4
FFFFF7DF
FFFF90DC
FFFF8303
FFFF6AA5
FFFF84D9
FFFFFDCB
FFFFDF7D
FFFFFC97
FFFF7B90
FFFFF68A
FFFFB342
00008AFA
FFFF8CF7
00003C31
FFFF64C0
00001AF8
FFFF6E30
000012BE
0000C98F
0000985D
0000A285
0000552A
FFFF6565
00006F0F
000026F4
FFFF55AA
FFFFB71A
0000137A
00004496
00006370
000038D4
FFFF50FA
00002057
00001F70
00007B9D
00002579
000060E9
00003441
00005F7B
0000B189
FFFFAB87
FFFF3903
FFFF7B45
FFFF51FF
00002369
00009307
FFFFB142
FFFF6BA8
FFFF5B8F
FFFFBE37
FFFFD6CB
00002C23
FFFFEE06
00003D25
FFFFB5DB
FFFFA143
FFFFEDF5
FFFF9FED
FFFF9172
000037F6
00009ED5
000045F3
0000BBA6
FFFF6EB7
FFFF5020
00000F90
0000DE67
0000C846
FFFFAE3B
FFFEB660
FFFFB0C5
0000B548
00010816
0000A99D
FFFFBA9C
FFFF62E2
FFFF7B4A
FFFFC419
000093A1
FFFFFB17
FFFFC0FF
00003B59
FFFF3847
0000E574
00011A54
000044B8
FFFFF8A9
FFFFB796
0000A2F4
00005595
00004C4D
00002A62
00006DDC
00008A20
FFFFF5AC
FFFF8FF4
FFFFF88E
FFFFE673
00006167
000075CE
FFFF9D48
00007E8B
00007736
00005FFA
00005A63
000034BF
00007328
000044F6
FFFF964F
0000CAB0
FFFFC334
FFFFB835
FFFFDBB7
000014EA
FFFFD3B6
FFFFF0D3
00002D26
FFFF9D09
FFFF66A5
00006208
FFFFE761
FFFF8CF6
FFFFB13E
FFFFC749
000086B5
FFFF2CFA
FFFF3324
FFFF4977
FFFFCF19
00002C27
FFFFA01C
00000DD2
000026DF
FFFF4F0D
FFFFB9BB
00006C4B
0000A640
000077B0
FFFFC7E7
0000514B
FFFFACE4
FFFFA458
00007981
FFFFD850
FFFFA899
FFFF8008
FFFFFC51
FFFFC5D2
0000A027
FFFEF57D
FFFF9D6F
00004B9B
FFFFFEC6
00003F46
0000913D
000070B0
FFFFFB17
0000277D
00005B5C
FFFFCA3D
FFFFB08E
FFFF7C89
00004ADC
0000B3D1
00006A05
00001BBD
000089C5
FFFF86A1
00001C9B
FFFFB2DA
0000175D
00004E33
0000A197
FFFFD771
00003BFC
FFFFAA45
00002E35
FFFF97A3
FFFF63C9
000041B5
00001C82
FFFF8C93
0000716E
FFFF1832
FFFFFDA1
00008C19
FFFFCD43
00005B70
00001D51
FFFF2D28
FFFFA2F4
00005E1A
FFFFFF44
FFFFB0B7
00008D79
FFFFBDFA
00005AC1
0000652F
FFFF47C6
0000005A
000050C5
00005EED
FFFFB216
FFFF817F
FFFF8B8D
FFFFDC4C
FFFFF1A2
FFFF9746
00008E48
00006C0E
FFFFD914
FFFF7C43
000029E4
FFFFC7D2
00002676
FFFFEABE
FFFEE605
00000B2A
FFFFB062
FFFFC63C
000002E0
00004208
FFFFF88C
000005EC
FFFFCD26
FFFFD141
00002EE3
0000B0DC
00007425
00007D1E
FFFF7D40
FFFF31AF
00004EFD
0000301B
00009844
0000EC27
FFFF531C
FFFF8466
FFFFB67D
FFFFE21F
0000C726
0000D001
FFFEF9CC
FFFF5C95
FFFFA039
FFFF9568
FFFF75BF
FFFF6601
00007363
FFFFD2E3
000073BF
000009DC
00001730
FFFFF0A5
FFFFA6C4
FFFF1C84
0000B339
FFFFB3C7
FFFFCEF3
FFFFB1C7
FFFFB369
FFFF87DE
FFFF2731
FFFF936A
000149F8
FFFF912D
FFFF1ACF
00010C96
00003BE9
00002A0D
FFFF66C8
000049A2
FFFFB20C
FFFF5D32
FFFFFB26
0000678A
00015F9A
FFFF6A7D
FFFF5FC0
0000A107
0000A0E3
00005F96
FFFFABA4
0000B5B6
0000CAF5
FFFFB890
000052CC
00001266
00005C5C
FFFF268A
000000F6
FFFFD1F2
0000C6ED
00001428
FFFF9EBA
00008B60
FFFF934D
0000455F
00003D51
00009289
0000C014
FFFFC39D
0000DA87
FFFF467F
00003871
000093C5
FFFFB70A
FFFFC323
FFFF87CC
FFFFAB01
FFFF985D
00012814
FFFF565C
0000607D
FFFFBE07
FFFEEAB3
0000531B
FFFF80CE
FFFF9D2F
00002074
0000FE24
FFFFAABF
FFFFD579
00001C3E
0001307F
00000621
FFFF9AC3
FFFFA0AA
00010653
FFFF15E5
00005C62
FFFF10D8
FFFFC8CA
0000E5F9
FFFFBC5E
FFFF6F60
000002E6
FFFF7A46
000032EC
FFFEA968
FFFFBFD3
0000650F
00009CA1
FFFF466A
0000866C
FFFF3127
FFFF674D
0000515B
FFFFF550
00011958
FFFEFD9B
FFFF1574
0000E9CA
0000CC41
FFFFE3DA
FFFFA07A
00002548
FFFF0D55
FFFFF08F
FFFFA0DF
0000A1E1
FFFFF938
000083D9
FFFF3296
0000EF62
FFFF7A8A
0000735E
FFFF5C70
FFFFFD06
0000B352
FFFFC48F
00000436
00007964
FFFFF51C
FFFED12E
FFFFB2D1
0000B66D
FFFFCD7A
0000C761
0000E437
00004D6C
00004C92
00007689
FFFFC39C
FFFF98E5
FFFFB4C4
00010CEA
FFFFDE1D
FFFF76A5
FFFFB0BC
FFFF0EDD
FFFF843C
0000E880
00001493
0000608C
0000D756
00005EAE
0000B9DB
FFFF4689
FFFFBC4E
0000C58D
0000841F
FFFF64DE
0000CFA4
00006321
FFFF3EEE
FFFF4F74
FFFF269E
00009190
00003847
FFFEE8F3
0000D158
FFFF4D5A
00010733
0000E14C
FFFFFE8D
FFFFF520
00007AF7
FFFF3B20
000002B9
000145BD
FFFF2B45
000037AA
FFFF6FE5
FFFFCBBF
00008B2E
FFFF031D
00003A64
FFFF9A3C
00007C0F
FFFF942D
FFFF87B8
FFFFF4CD
00008231
00006C2E
FFFFFCC7
0000769A
FFFFB794
FFFF2C7A
FFFFE8CF
FFFFCF27
FFFFEA09
00002B1F
0000D598
0000568E
FFFFF029
FFFF4EB3
00015584
FFFFE48B
00003918
FFFF8192
000022F2
000023C2
FFFFB1CF
000124CC
FFFF08C7
00000408
FFFF6EB3
00004BC4
00001F18
FFFFD5C0
0000A6AE
FFFF5960
FFFEDDE7
0000FBF3
00003DA3
0000AD69
00007AEF
FFFFD98D
0000C4D1
FFFF22B9
0000490D
FFFEBB52
FFFF2A7E
00003FCA
FFFF5D7B
0000362F
FFFF3CA7
00000AD1
00008F6D
FFFF2579
FFFFA38D
FFFFCDA9
00000654
0000558B
0000DF9B
0000D01A
0000597A
FFFF0495
00006351
FFFF5424
FFFF8AD6
0000F145
00003E71
FFFFF762
0000E0EF
00009ABC
FFFF6921
0000D675
000088CD
00006B23
0001054D
FFFE9867
FFFF70A4
FFFFD162
00000F09
000008EA
FFFF9BD3
FFFF596A
FFFFDE75
FFFEF3AB
00001626
FFFF7FD9
FFFF58B5
FFFF4BEF
FFFFDE2D
000079E3
FFFF9D74
00005859
FFFF64BA
0000CE26
0000FE1C
FFFFE882
FFFF85C5
000035F5
00008A1A
FFFFCBF1
00005DA3
FFFF534C
FFFEAC7F
00006921
FFFF947B
FFFFB902
00005D8D
00000412
00000658
FFFF1178
FFFFAEF3
FFFF5D56
000051B3
FFFFD78F
00003842
FFFEBDF4
FFFF48DF
0000C2BD
FFFFA717
00007614
000084EE
FFFFA347
000032CE
0000568A
0000B7AE
FFFF4437
0000CF23
FFFEF1B0
FFFEFB00
0000E06C
0000C04C
000058BC
00004C8F
00001B1F
0000C2BF
FFFFD4F3
FFFF6E04
FFFF1C47
FFFFC6F2
000102E8
00004799
FFFFC2E3
0000675C
00006110
FFFFCEAE
000058D9
FFFF8814
FFFFDD32
FFFF92E4
0000DD45
FFFFFB07
000099B2
000015C7
0000534A
00001521
FFFF9DCA
0000035A
0000BED6
FFFFDCF0
00008A2B
0000C632
FFFF6CC7
FFFFC9C7
0000D6CA
FFFEB9CE
000101BA
FFFF79BD
FFFF6184
0000CF8C
FFFFA729
00002D5F
FFFF3B02
FFFFEBB6
00004E83
FFFF93E5
FFFFC532
FFFFF114
00007B1C
000064C6
FFFFAAB9
FFFFC82D
00004BD7
FFFFBFC7
FFFFE33C
FFFF1DF4
FFFFC4CC
00008166
FFFF8F22
FFFF0EEA
FFFFD6D4
0000A3A3
000041AD
0000F860
000016C4
FFFF0E5A
FFFF59E7
FFFFCE43
0000CCD9
00017951
FFFF468C
00004A86
FFFFAB9B
FFFFAF1A
000036BF
FFFF8435
00006B30
00004782
0000DEE4
FFFF7B24
0000BAC9
FFFF4B29
FFFF6A86
FFFFDB1A
00008FDE
00001437
00008722
FFFF2752
00007DB9
FFFFBFB6
000065FC
FFFF1AEC
FFFF47CC
FFFF2D11
FFFFF035
FFFF62D7
FFFFB2E5
0000E41D
00011763
00001A32
000053CB
0000134B
0000013C
00005A12
FFFFF3D3
FFFF401F
0000C3EA
0001AB03
FFFFC243
FFFFE119
FFFFCB45
FFFF44E9
00002A22
FFFF8632
FFFF6F1F
00009599
FFFFB7CE
000159CC
FFFF6187
000085B1
FFFF9CC7
0000C7AB
FFFFCA77
FFFFBBF6
00001CAE
FFFF743E
FFFFF436
FFFFE8AC
00007A58
FFFF463F
FFFF12EF
00003BA2
00011F88
FFFF8BE7
0000F092
00002896
FFFFA6F7
FFFFB2FF
0000878B
FFFFC2F8
FFFF84CE
FFFFDD1D
FFFF801A
0000DEE1
FFFFC14D
00004006
FFFFD337
00003FA3
000052AF
00003EF9
FFFFF40A
FFFEF6D3
FFFF2690
FFFFA700
FFFFA3FE
00009151
00004A74
00000FCB
00006F0F
000002C3
00004782
00006313
FFFF89C9
0000959F
00002F18
00006E3E
0000D706
FFFEB697
FFFF7D47
00007398
00001DB8
FFFF6AA5
FFFF86F7
FFFF5064
FFFF9816
000059A7
00013B0A
00002B6B
00000054
000018F2
FFFFDE36
FFFFD3D4
0000038B
FFFFF9EC
00006345
FFFF61C2
FFFF5B0E
000110F7
FFFFA414
000037C9
000064F6
FFFF0ED2
FFFFEC16
0000B357
00005C73
000031D0
FFFF96AA
00000FC3
FFFF8F1D
FFFFD87E
0000B84B
FFFF88EC
FFFFDD1F
FFFF55CB
0000C807
FFFF921B
FFFFB374
00002E02
FFFF812D
00002BB8
000018F2
FFFFC555
FFFFA7DC
FFFF9BAE
FFFF1974
FFFF8667
0000AA48
000054EB
FFFF4BE9
FFFF9EAF
00006C00
00006674
FFFFE565
0000D59C
FFFFEB17
FFFFF0C0
FFFEE86F
00013A3A
FFFF8601
FFFF41AD
FFFFD38B
FFFFC28F
000048DC
00004353
00001D22
FFFFA9D5
00004947
FFFFA6CD
FFFFEFB0
FFFF61A6
FFFFCC1F
000071DF
000014A1
00006193
FFFFFBF0
FFFF4EF2
FFFFF340
00007F0C
00000969
FFFF643B
FFFF224A
0000A338
00000D5C
00009940
00003464
FFFEE8D0
FFFFB48A
FFFFF9B2
0000557E
FFFF0F2A
0000B55C
FFFEAF9D
0000B95A
00004140
FFFFF198
FFFF9D6D
FFFFA064
0000A6CC
00003C5A
0000EE36
FFFF6705
0000C561
FFFFDA9D
FFFF7980
000019D9
FFFF11AE
0000026F
FFFFD6B9
0000E318
0001451A
00003BFD
FFFFB2FB
00011A34
0000011A
00011770
0000D5A8
FFFFB806
FFFFE50B
FFFF0844
FFFF1927
FFFFA972
FFFEE4D4
FFFEED37
FFFF5DB6
00000C26
000009E7
0000B133
FFFFC0F0
0000D780
FFFFBCD6
000184D3
00009D66
FFFF4C3D
FFFFF444
0000EC31
FFFF851B
FFFF573C
00002041
00018111
FFFFAB9B
0000287C
0000932B
FFFF673A
00008C33
FFFEC303
00000758
0000D1BD
FFFF7168
FFFEAA29
FFFFD34F
00004552
FFFEEA43
FFFF9E9A
FFFFFB9B
00001E03
FFFFDA15
0000CE19
0000BA51
00004AC0
FFFFA1F7
FFFE7B5D
FFFFF4F7
00005BF0
000066F0
FFFE8DED
0000FEC6
FFFF7EB6
000021C3
0000B8D2
00012F89
0000A0BC
0000B463
000108F5
00003349
FFFFA439
FFFF4D88
0000FA32
00018609
0000CA9B
FFFFAC37
FFFF2298
FFFF5CDA
FFFF00E5
FFFE6F4B
FFFFCA0C
00007EB0
00005EB0
FFFFCA54
000090D0
00001085
0000B80E
000037E6
FFFFA643
FFFFC2E1
FFFF3018
FFFEDBE4
FFFFFFBC
00011D19
000062DD
FFFED9E5
FFFF7DA9
00004669
FFFFE0A2
000024D5
00006C9B
FFFE9447
000068A8
0000EA7B
FFFF0582
FFFF561D
0000F277
FFFFA289
FFFF3FDC
FFFF7801
FFFF47C5
00009523
FFFF274A
00003412
FFFF72D1
FFFEF39B
0000165A
FFFFE707
0000F6E0
0000B3C0
FFFED441
FFFF3082
0001280D
FFFF650A
FFFE64AD
FFFED0C8
FFFF0124
0000701C
00008D9F
00004451
00008CB4
00004BDB
00011191
0000121C
000159F1
FFFF2B99
FFFFA01E
FFFF5F04
000090E9
FFFF5505
FFFF4855
00001A2F
000116D4
00000F27
FFFF2BEC
00008EE6
00005CE0
00009F09
FFFF89D6
FFFFA68C
FFFFBA73
00002246
FFFFD33D
0000159D
00002AC8
0000CCEB
0000F62B
FFFFFF5F
00008672
FFFFC10E
FFFEF767
FFFF35C3
00001448
FFFF3165
0000D896
00015157
00000CF8
FFFF88AE
FFFF4637
0000A891
00015640
00008BCA
FFFF945E
FFFF8912
FFFFD71A
000173B1
FFFFEBD6
FFFF632D
FFFF2676
FFFFE859
FFFFE0AD
0000D969
000072DE
0000ACE6
FFFF5A0E
FFFFFCEA
FFFEE0D3
00007163
FFFFA5D6
000137EC
0000F40B
FFFECA21
00002FFD
0000090F
00008215
FFFF8586
FFFF6D5E
FFFF6FE6
0000626F
00003FE9
FFFFB31C
0000F9D8
FFFF5A4F
FFFF79C1
FFFEE0AB
FFFE5E72
000022E1
0000B0C6
FFFF3997
FFFFC3F9
FFFFCE50
FFFF4864
FFFF69FD
0000A91E
000000B9
FFFF869C
FFFF5978
FFFF69CA
FFFFCBA7
0000ECBD
FFFEF2E9
FFFF9258
0000AC1F
00001F31
FFFF72D5
FFFF28C7
000028F2
00011F4B
FFFF4B89
FFFF82D6
000048B5
00002912
FFFEF4D2
FFFF07AD
FFFF5BF2
000121CA
0000F258
FFFFD088
FFFFBD01
00005F19
FFFF7344
FFFED60C
FFFF8112
00011361
00010200
00008C36
FFFF849C
FFFEE6EA
0000AB4F
FFFF5F88
FFFF7246
00007ED0
00002D25
00008983
FFFF44F3
0000C73C
00009D18
FFFE987A
FFFF79F2
00013676
FFFF56E0
FFFFC98E
00002314
FFFFA5B8
FFFFCEFC
FFFF7468
FFFF917A
FFFFE04D
000051AB
FFFF1A78
FFFFC55B
000067AC
00000D8F
00006968
FFFF5EC2
00003D86
FFFE7F26
FFFDD4D0
FFFEC220
0000DF5C
FFFF2081
FFFFAB00
00001F0D
FFFFEC8E
0000B989
FFFF6D17
00003487
00002974
00002E80
FFFEA66F
0000BE37
FFFFD967
FFFEF055
FFFF2F7F
FFFFC6C6
0000FAF8
0000D546
00007963
000107E8
00013420
0000EAC1
FFFF8D7C
FFFF5979
00002B67
FFFF7D71
FFFF39EF
00002B2C
00007A44
FFFF3239
FFFF3DE4
FFFF066D
FFFF8185
FFFFEF67
00011853
00007981
FFFFFCAA
FFFFF993
FFFF3054
0001610D
FFFFABF0
FFFFE2E9
FFFEB5A3
0000CBD5
00011CA0
00001696
FFFF73A9
0000D60C
FFFFEBDC
00004946
FFFF2B72
0001052E
FFFF72BC
FFFFDE80
0000AD4C
FFFF9FB5
FFFEC156
0000A731
000030F8
FFFFA133
FFFFC00D
00011ECE
FFFEFA3A
FFFF6C72
0000F9B8
0000030E
FFFE9281
FFFE805F
FFFF9E9F
000055B4
0000485D
00006D26
FFFFAAEF
FFFF9C4E
FFFF10FB
FFFFFA18
0000D84D
0000DD58
FFFFB784
FFFF278C
FFFEC533
000049C8
FFFF7F4F
FFFF2689
FFFFC30C
FFFF84E2
FFFEDA21
0000D222
0001562F
00014243
0001232F
FFFF645C
FFFFD424
FFFFFAEF
0000FB92
FFFF798C
00004C24
FFFF0CDF
000050A8
00002562
FFFF13AA
FFFF833E
FFFEECDA
00007D5D
000161B1
FFFFDFC9
FFFFFE74
FFFEF445
FFFED7B9
FFFF7604
FFFF420F
0000AC26
FFFF872E
0000C1C5
0000179A
000174AB
00004BE9
000124F9
FFFFDAD6
FFFF7617
0000513A
0001342C
FFFF4C5F
0000EE69
00004D8B
FFFEFE44
FFFF0326
FFFE721C
FFFFFD41
0000F2F7
FFFFB34C
FFFEE593
FFFFE25A
00004002
00017D4E
FFFFA626
FFFFB56F
0000FDF7
000004AD
FFFEED85
FFFFBB13
FFFFA56A
0001399D
FFFF9287
0000F2F4
FFFF2ECD
FFFF4E04
FFFFC89F
00012D61
00004CD4
FFFF8EF7
FFFFE748
FFFFBC87
000026B7
00004B5E
000041F3
00000B13
FFFEB39D
FFFF4B83
00003E55
FFFFCDF1
FFFEF842
FFFEA6B7
00008426
FFFF9479
FFFFF057
FFFEC8DD
FFFFB070
00005B9A
FFFFCEBF
FFFE9292
0000B10E
00010E5B
FFFF97CE
00000C96
00011ACB
00004CB9
00003AAA
00003031
FFFF30A8
000027F9
00007E0E
FFFFCAA3
FFFFE2F7
0000B1FF
FFFFA409
0000BEB0
0000A940
00012A01
FFFF7C0D
FFFEE4D0
FFFFD06A
0000C79E
00013EC9
FFFF60D0
000045B6
000071DB
0000C848
FFFFBD48
00012323
00016519
FFFF363A
FFFFE965
00005B1E
00012129
FFFFDBCC
00006D4A
0000320C
FFFFAFB7
00002437
0000DFD5
00002627
00005040
00003EAD
0001225C
00014876
FFFF40DA
0000E7F1
0000D9DD
000085FA
00013A39
00004A85
FFFF98D4
FFFF71D3
0000A360
FFFEFD1A
0000B3D4
00003E3F
FFFEFF0B
0000940D
0000C05B
0000CCED
FFFF0140
FFFE6BC1
FFFFB8AB
00012287
0000E421
FFFF5020
FFFF6CE3
FFFFFAC7
000028D0
00002001
FFFFD751
00001BEF
000104A8
FFFFF6AB
00004506
00016FC5
FFFFC1DF
FFFEF3F4
FFFF1C49
FFFFBB9D
FFFF136D
00001E8F
FFFFC452
0000C998
000025D4
000017D0
00011195
FFFF4BFB
00004338
FFFF45AF
0000E688
FFFF1475
FFFF95D7
00014349
0000EA32
00003E7D
00016E05
FFFF8BCF
00002B07
0000EAB5
00011361
FFFF9C1D
FFFE91B9
FFFFFD4A
FFFFD1CB
00001EC8
00008222
00007DF7
00002DA8
000076FE
00006DD8
00014292
00010878
FFFEE45D
FFFE0009
000042E1
00009155
0000F2B7
000059C4
0000D38A
000086C5
0000043C
FFFFCA48
FFFFA3F0
FFFFE74B
00001D62
FFFF902D
FFFFFFB2
FFFF57B7
FFFF8374
00006A1E
FFFFAAE4
000090B4
FFFFE069
00000933
0000848B
FFFFC301
00008EEE
000057F2
000119E5
FFFF51A6
000089F4
FFFFEA4B
0000C2F7
FFFFA55A
0000BC1B
FFFFB672
FFFE37DD
00002330
0000AE9E
FFFFCA06
00000999
000093D6
FFFFE997
0000CCA8
FFFF6056
00009BB5
FFFF07ED
FFFF5D60
FFFFA1C4
FFFF43B0
00007657
FFFF935C
FFFFC5E1
00002E6E
000041D7
0000DC20
FFFFE70D
0000CDB1
00003E52
0000057A
FFFFFC39
00001323
00005748
0000248B
0000CFA1
FFFF96EF
00008281
000095CB
00004CD7
00006622
00000D32
FFFF5A5C
0000709C
00003005
0000E53C
FFFF590B
FFFF9BA0
FFFFCC9E
FFFF9046
0000C8C2
FFFF0853
FFFF8C21
000027E0
000093C7
FFFF33CC
0000A7B1
00007A8D
0000218D
FFFF4AC0
00000F91
00008030
00000305
00002EA8
00002E81
FFFF994D
000051F2
00000E1C
FFFF2637
00003AEF
00003822
FFFF0886
00004A10
FFFFACF0
000044CC
FFFF92B0
FFFFBB75
000079AB
0000D62D
FFFEDEA8
FFFF9B3D
FFFFFA91
FFFFFE25
FFFF9871
0000D3FF
0000412E
FFFFCE91
0000AA2B
FFFFD352
FFFFAF02
FFFF6E8F
FFFEFFE9
FFFFBF0E
00001E13
FFFFACFA
FFFFE30D
000067ED
FFFF5C48
FFFFB6F0
FFFFB558
FFFFE0B4
00002219
FFFF7E1C
000053AD
FFFFD668
000016FB
0000F9D1
00005773
FFFFF8F4
00003860
FFFF6AFB
0000EEF1
000076F8
FFFFECD9
000102BC
FFFF10F4
0000A0B1
FFFF7AA7
FFFF0127
00005BD7
00004276
00000B79
00008C1C
0000B7DF
00007AF0
FFFF5AC2
FFFFD172
00005D25
FFFF474E
0000678B
00006E77
FFFF8DCB
000057EC
0000178E
FFFF82EC
FFFFBC63
FFFF9D10
FFFF435F
FFFF863D
00006C5A
000025E4
FFFFED81
00007A29
FFFFB424
FFFFAA60
000022DB
FFFFFEAD
FFFFED3A
FFFFC708
FFFF4B0E
0001218D
FFFEB531
00008ACA
0000A540
000065BD
FFFFFED7
FFFF51FA
FFFFB375
00007A30
00003390
FFFFA4FA
FFFFEF93
00009FE5
FFFF173B
FFFF0812
0000DBC6
00000017
FFFFE05F
FFFFAD40
FFFEE5CE
FFFEF847
00009434
000018C0
00008BE9
FFFFF3AF
00004731
FFFF9101
FFFF9E34
000058B2
FFFFBB8E
FFFF6ECB
00009850
FFFF3DF1
FFFF9FF1
FFFF4502
FFFF8DAE
000016DD
FFFF379E
00003ACD
0000720E
000074F1
FFFFEF17
FFFF1D2D
0000A2F3
FFFFB419
FFFF25DA
0000B95E
FFFE8BC9
FFFFBEB0
000003EA
FFFFFBE6
FFFFF49B
FFFFEF48
FFFFC265
FFFE4CAF
0000D246
FFFF2FD9
FFFF3A32
FFFF9592
000081D6
FFFF8334
FFFFB5CB
FFFF808D
0000C44B
00000954
FFFF9CDD
FFFF764E
000074FA
00004105
FFFF68C4
0000AA7B
00012DA5
000034BF
FFFFB362
0000D674
FFFF7E77
00005B3B
FFFF81DE
00001E6D
00004DF2
00004F8B
000163DD
FFFF6C22
000012C5
FFFF82D0
000056CD
FFFF3BB2
FFFEFF2E
FFFF3A50
FFFFA575
FFFFF3E1
000186BA
00001E52
00006667
00004367
0000B7AC
00012723
0000A6E4
000056A3
FFFF9AF2
00007F6C
0000AAA1
FFFF57CE
FFFFB07E
0000AD81
0000F3D7
0000834E
FFFF438F
00002D54
FFFF1304
0000A331
FFFF578A
00007A6F
FFFF24A1
0000282A
00000D1B
FFFFE605
00006E98
0000B83B
0000CEE0
FFFF2391
00009A0D
FFFF591E
FFFF587B
00003BAA
FFFFF0E9
000002B6
FFFFC495
FFFF9A33
00005552
0000728A
00000421
00007BD3
0000485C
0000219F
FFFFB7AF
0000AC1F
000063C3
FFFF7954
FFFFFD53
000014F4
0000CBC5
FFFF557C
000067F3
FFFFDEEA
0000176D
FFFFD45C
00005644
FFFF146D
FFFF4549
FFFF84C4
FFFFCFC2
00000AD6
FFFFE4E8
0000B89A
0000283E
00004764
FFFF92B2
0001547C
00006334
FFFFD95D
FFFFD249
0000921E
FFFF0971
00003884
0000013C
FFFF8188
00001A52
00006F8A
FFFF6232
FFFF8280
FFFEB904
0000ABCF
FFFF6DD1
00004BCC
0000A49F
FFFFF957
0000642D
00003FE1
0000128A
FFFFFD3C
00008C1D
000021AB
0000E263
0000069C
FFFF34F5
0000A2DD
0001113A
00007E1B
FFFFEA41
000066AC
FFFF0F7F
FFFFA636
FFFFCF9C
00009DD6
FFFF6096
FFFFB8FA
00002F97
FFFFB742
000014E6
000020F8
00004144
FFFF10A0
00003068
FFFFC746
00007BB9
FFFFD936
FFFF90D8
0000752A
FFFFD0B0
00003769
FFFF7CF1
FFFFE3CB
FFFFFFC3
FFFF63CE
0000488E
00002044
FFFECC12
FFFFBDFA
FFFFCFDF
000063A8
000036E0
000077F1
00006505
FFFF0877
FFFF7597
0000A02A
FFFEE48E
00008385
000008DB
FFFFC9F8
FFFF95F2
0000024F
0000794D
00003EF1
FFFF35BA
FFFF824D
00002AB9
0000CF6B
00009B28
000053E0
FFFFED2D
FFFFCA0D
00002E0F
FFFF71D2
FFFFBD2A
FFFF4F7D
0000CFF4
00006EA0
FFFF3F28
00003A1E
0001041C
00000908
0000E57B
00008FFD
FFFFCD74
FFFF4070
FFFFF277
0000B318
FFFFCAF0
FFFEF383
00007BB6
FFFFBFD9
00009AD4
0000E5F7
FFFFCF35
FFFFFCC7
FFFEF956
FFFFD8BF
FFFEB898
0000800B
FFFF64BC
000030CA
FFFF6E71
000068BC
FFFFBA20
000062F8
000027F1
00010D62
0000445A
FFFF8BFE
00008C8D
FFFF1C94
0000F189
FFFF0D57
00009A2E
FFFEC2CD
FFFFD7C1
000063EE
FFFFCB18
000029A8
FFFFA910
000048B6
FFFEFF32
FFFFB05C
00009B52
00002088
0000BCCA
FFFF6C56
00003D9F
FFFF761B
FFFF9D10
0000578E
FFFF0227
0000C76F
00001278
00001604
FFFF17C2
FFFFF69F
FFFF54F7
00002B47
00006A1B
00000976
FFFFCC65
FFFF7FC0
FFFF98F7
FFFEFF23
FFFFCE5C
00006DCD
00016788
FFFFB293
FFFF6BC6
FFFFFDE0
00001369
FFFFD931
0000A695
000024EA
FFFEC032
FFFFB35E
00005879
00008A54
000075C1
000072AC
FFFFAC7C
FFFF6C91
FFFFBC5B
FFFFECEE
FFFF2C3B
FFFFB58C
00004C17
FFFFB105
FFFECAA5
0000D0BC
FFFFE7EF
FFFFE5B2
FFFFC71F
00000D0F
FFFF598E
FFFFB13F
FFFFF5E2
00008CA2
00001588
00002A14
00000A95
0000A007
FFFF80FA
FFFF8F22
FFFFC0F2
0000711B
FFFEE078
0000A0C6
00011BA4
0000150D
00009B8A
000070C0
00000271
FFFFA887
000092E4
00001758
FFFFF8A2
0000FFDC
0000AEC8
FFFF0E10
0000020A
FFFF66ED
0000A08E
FFFF6D6F
000058C5
00003B50
FFFEDB92
FFFFBE9F
00001449
FFFFB330
00003176
00004DE3
00008142
000022ED
FFFF8A7B
00000E61
00008B1E
00002366
0000A66B
FFFFDBAF
FFFFDBC0
FFFFCB5D
00004EBB
00005956
FFFEF358
000066ED
FFFEC49E
0000BD06
FFFFC226
FFFFC1D5
0000384B
0000E2C2
00005989
FFFF711C
FFFFF91E
FFFFB9E3
000018C8
0000437D
00001BC7
FFFF7637
FFFFE04C
FFFFDC1D
00011FF4
FFFFA0A8
00005D5E
000079C1
00004A5E
00009A67
00009651
00004DBC
FFFF68B9
FFFF5A22
0000ACD6
FFFF4321
FFFFB722
FFFF1AC8
0000D437
0000BF21
FFFF8C32
FFFF18C1
FFFE774E
FFFFDB2A
0000BB74
FFFF1C61
FFFFEF07
00009545
00003F1D
000059EC
00005066
FFFE980E
FFFE07A1
0000C316
FFFFB443
FFFFDE68
FFFF5B68
0000ADC3
FFFF2C32
0000CB98
0000FC7D
FFFFC8C0
000066BF
FFFF0FE4
FFFF80AC
FFFF09EE
00007A14
FFFF8BF2
0000CC33
FFFE73AB
FFFFF699
FFFFD261
FFFF5E1F
FFFF23F8
0000032C
FFFEA302
FFFF4D3A
00000B5F
FFFF9D62
00002EC1
00004A73
00009452
0000F694
FFFF36B5
00000AB9
FFFF8233
00009744
FFFEE29F
FFFEC040
0000D988
00005B3A
FFFF1403
FFFF65EC
0000A3E0
FFFF4ADB
0000C44D
0000BB39
0000720D
FFFFE39C
FFFFA241
00002D20
FFFEA754
FFFF085D
FFFE6E17
00005EAF
FFFF38CE
FFFF7995
FFFF0027
FFFFAB6F
FFFFBC1F
0001054C
00002A82
FFFF0E78
00008E8B
FFFF9E88
0000A136
0000696E
0000EB80
0000A904
FFFF5BAD
00006E50
FFFF323D
00003585
FFFFB861
00005777
00004469
0000D487
000016B3
FFFF9765
0000B2CB
0000F104
FFFF5750
0000EABE
000042D2
FFFFD71C
00005C67
FFFFF50E
FFFEEA44
FFFFE48E
00007ECE
0000EDE2
FFFF977D
0001A17A
0000E50C
FFFEF5E7
FFFF6D99
FFFFDA69
0000B3A0
FFFF81AC
00002D86
00004400
FFFF7843
00014D5D
00000FE0
FFFF2DDA
FFFF7B85
00011088
FFFF0892
00001867
FFFFBFB4
0000244E
FFFFCFED
FFFF8088
FFFF6901
0000785F
00003F34
000001A6
0000C7F3
000013E9
00010D32
FFFFE02B
FFFF1F3B
FFFF36B7
000085BD
FFFF9DE0
00008C0A
00007D2E
FFFFE747
FFFF548D
FFFF6A5E
FFFFAB2A
FFFF345A
FFFFB42A
FFFF92AC
FFFF1487
00012907
0001E07F
FFFF8F5D
0001296B
FFFF2F72
FFFF63FE
000056DD
FFFF9DDD
FFFF8F5F
FFFEFE89
FFFF2500
00007CC6
0000E3E0
00019537
0000E3C9
00006A26
FFFFB2C4
FFFF2472
00007518
FFFE8F51
FFFFB4E7
0000C4D6
0000D77B
00005B94
FFFFAE2F
000042AA
FFFFFDB3
FFFEF36E
00004A60
FFFEC49A
00005831
FFFF708F
00003F34
FFFF5D50
FFFF7282
FFFF5993
FFFF6352
000025DE
0000394D
000019AE
FFFF7436
FFFFFDA2
FFFFB4BE
FFFF95C6
FFFFC40C
FFFF37B0
FFFF98EC
FFFFE888
0000DAF8
000172D5
FFFFEF33
FFFF43F7
FFFFBF05
FFFFF931
0000B885
000007EB
00008A41
FFFFD37F
FFFFBF7D
FFFF8757
FFFF423D
0001AF10
0000D962
FFFEE374
00014E8A
0001BA79
000095E3
FFFF92FA
000041DD
00000419
0000D84A
FFFF0CB1
FFFFF1EF
000102A9
FFFE9790
00014FA0
00011260
FFFF3D16
FFFFB766
FFFFF543
FFFF14EB
FFFFB89A
0001FD76
00005486
FFFFE8C1
00001F52
FFFF0E92
FFFFD7FA
FFFEE99B
FFFFBA60
0001D9E3
0000D3B7
FFFEE7C0
FFFE5C9E
00003DB0
FFFF07C5
00010748
FFFF7CF9
FFFFDC1C
00013D32
0000A768
FFFF3514
FFFFF387
0000E2B5
FFFFB870
FFFF135A
FFFEE0D2
FFFEC4BE
FFFE8AE7
0000D23D
FFFFF831
FFFFDC1A
FFFE91F7
00015B3C
0000913C
00004CCC
00008EA1
00000D43
FFFF4D60
FFFF958A
00001B40
0001686A
FFFF4E7D
FFFF22B4
0000E78D
00013BE4
00006026
00007B04
00000A2E
00002D0E
00008A4F
FFFFE71C
FFFFA9CE
0000178C
000068A2
FFFFFE83
000036FC
FFFFB6F9
FFFF6E6C
FFFEF7C3
FFFF8666
000010D0
FFFFF758
FFFF6738
00007ABE
FFFFCAA3
FFFF2F20
FFFF63F0
00002E45
FFFFB1AA
00007A65
0000CFEC
0000A740
FFFF114B
0000C635
FFFF1584
FFFEC31C
00012C9E
FFFFEC9F
FFFF5F34
000018C2
FFFE771B
FFFF4738
00013CCF
FFFF3421
0000CF2E
000075FF
FFFFF050
00007136
FFFEC9CE
0000AADE
FFFFBF02
000074C9
FFFFB27E
FFFF0B9D
FFFF7646
0000A10C
0000D4B3
FFFFBB04
FFFEFB20
FFFF5033
FFFF86DB
FFFF4EA8
00007E3C
FFFF21C4
000032CF
FFFEF264
00008B57
000070BB
FFFE3549
00007A1D
00009207
FFFFFC1C
0000E812
00002CA2
0000A783
00002407
0000AB88
0000C865
00017DB9
0000DD2F
FFFF8A21
FFFF1D0E
FFFFA09F
FFFFFAC8
FFFF1EC9
FFFF3FCF
00004D86
0001A3BF
FFFF7931
FFFF4E65
0001207E
FFFF554A
FFFFEBB9
00008705
00007A14
FFFEAE00
FFFDF961
0000616C
00012259
000136C1
0000A61F
000014B4
FFFF8D67
00008CD7
00007087
FFFFA9EE
00001B58
FFFFB723
00005ACE
000047FB
0000867A
FFFF5F3E
FFFF0FCF
FFFF1811
FFFFD936
00002DEE
0000DAD4
FFFF6CE0
FFFFB7C3
FFFF6638
00016CD8
FFFFD7CE
00001B3A
FFFEE869
00008BEE
00002A1B
00013E1F
00009071
FFFF25ED
0000C814
00003608
000184D2
FFFF1BAD
0000C799
FFFF9F26
00014931
00004D48
00000459
FFFF2A0F
FFFFA986
FFFFD457
000175A8
00005352
FFFF3ABE
000056B8
FFFFE99C
FFFF8D02
0000F1AC
0001306B
FFFF9571
000098CC
0000CC8C
FFFF27DE
FFFEFCE3
FFFF0A3D
0000E3E2
0000CA75
FFFFE4C1
0000790D
0000813A
0001916B
FFFF87FE
FFFFBA0F
FFFF0CFC
FFFEEE55
FFFE56C6
FFFE9626
0000309B
00001F18
00009C73
000124B0
000066CE
000020AF
000106AF
000171DF
FFFFD004
FFFF0DFB
FFFFF82D
FFFF4DB0
0000058E
FFFFB5E4
0000D275
FFFFB5AD
0000226D
00001225
FFFED66A
0000CA66
FFFF89FA
FFFFA673
FFFF853B
00018C03
FFFEAF07
FFFF3DE0
0000D394
FFFFD7B9
000180A1
FFFFD828
FFFFEA1B
FFFF4351
00007359
FFFFE905
00014150
0000763D
FFFFFFAB
FFFF7EAF
000045BC
FFFFEC8F
00007199
00006085
00006DB7
FFFF414A
FFFF83B6
0000504A
FFFFF5B0
0000BDD7
0000F0A9
FFFFEE7E
FFFFB473
FFFF22B7
FFFF3A1E
0000F16D
FFFFC42A
FFFFB46C
00011073
0000A6E7
FFFFACAD
FFFFE448
0000D1CF
00008DB7
FFFF99BE
FFFF7E95
FFFF43E5
00016C52
FFFFAC7B
00001445
0000A67A
FFFFD1FD
0000D2EC
FFFFA489
0000DCCD
0001D4DE
FFFF1C16
FFFFD22B
FFFF76D6
00005BDC
0000A73F
FFFFA1EF
FFFFA805
000037FA
FFFEE8F7
FFFFC805
000024D5
FFFEED3A
FFFF0215
00004D32
FFFFE789
000013B7
000039F0
00009BC3
FFFFD28A
0000EA58
FFFEDE5B
000040D3
FFFFBBED
FFFFA0D4
FFFF2670
000105D5
000015D4
FFFF25A2
FFFEFD73
00001C90
FFFF8F7C
00006787
0000A96C
FFFFAD52
FFFEBB47
FFFFF8A0
00013D88
000075DD
FFFF698A
FFFF1A2C
000067D9
FFFF8A72
00001A3D
00010D52
FFFFE47B
0000DC4F
FFFF2967
0000102F
00003B35
00003421
00000EC8
FFFFA11E
0000BED9
00005FB1
00010336
FFFFB4AB
00008713
FFFF5074
00000706
FFFF24B7
00007DC8
FFFFF67C
FFFF4311
FFFF0639
FFFFDBFE
FFFF1CE5
0000D487
FFFF54E3
FFFEA991
0000656A
00000A8E
FFFFBB24
FFFF141C
000025A9
FFFFBAB2
0000C3F7
FFFFB481
0000ED9A
FFFFCDDF
00005257
0000A8DF
FFFF1D85
FFFF770A
FFFFA3A9
FFFFD0F9
FFFED998
00006C96
00008B6C
00003CEC
000026E9
FFFFF446
FFFF76FC
FFFFC8D4
00001318
FFFF60AA
000006BD
00005F3D
FFFFBC70
FFFFBF4E
0000D18E
FFFFAB27
00009ACD
0000143C
FFFF5D83
FFFF03FF
000058D8
00004518
FFFFAB70
0000C199
FFFF1EB3
FFFFA5A3
FFFF5B6D
000066BD
00008C95
0000DB84
00006E0F
FFFF0DD4
00002C79
0000CC88
0000F79A
FFFFBF91
FFFED845
FFFF415A
FFFF9963
00003EC9
0000676E
0000FFE6
00001E9A
0000707B
FFFFA34C
FFFFDDE5
00013E6D
FFFF929D
FFFF3578
000067EF
FFFFABA2
FFFF28D1
0000F5C8
FFFFC791
00006DDA
00003D1B
FFFFD367
FFFFF19A
00005B57
FFFF6548
FFFF6CBC
FFFE955F
00007FCE
000117F6
000023F6
FFFEF5FE
FFFF6209
FFFFA068
00005EFF
00005BF1
00000132
00008D7F
FFFF48E2
000040BD
FFFF2B83
FFFE97A4
00014B8C
0000C62F
FFFFFB20
000097E3
00008E91
FFFF89C0
FFFFF953
FFFF1612
FFFEC6D6
00004C86
0000A91A
00005B78
000084B0
FFFE2B81
0000C65B
00005C1B
FFFFA9BF
FFFF7614
FFFFF93B
FFFF5680
00012040
FFFF8B1F
00005D77
FFFFB4D1
000036A0
00006F5B
FFFFA2C4
00011D67
FFFFB438
FFFFCECB
0000B9C3
000128AE
0000AF6C
FFFF6EC4
FFFFD460
00008394
FFFFD262
0000D513
FFFFC4E3
FFFF4871
00004D1A
FFFF3D7F
0000621D
0000B6C3
FFFEDE93
00015B1F
FFFFB6D5
00003F55
FFFFF3FA
FFFFAE86
FFFFD0E4
FFFEE41F
FFFF2B3A
FFFF594D
00000086
FFFFD3D8
000094DE
FFFF5047
FFFF6BE4
FFFFDBCB
FFFF0D9C
FFFF7BB1
00000EDF
FFFEF47C
000125B9
000133C6
00004584
FFFFBDA8
00008CCF
FFFEF79D
FFFFE7FF
FFFF5C69
FFFF2DA8
00011A42
FFFF6AA0
00005E69
0001824E
FFFF98F7
FFFE76EE
FFFFFDE6
0000C10F
000136C3
FFFEEAA8
00000E5E
FFFF4AEC
FFFF9065
00000FF6
FFFE8B3C
FFFEF6C0
FFFFC1EB
FFFFBC02
00009DAA
00008DC0
FFFF80EC
00003D21
0000AD3A
FFFFEA11
FFFF903C
00007A6E
FFFF7BB6
FFFF9F82
FFFF245F
FFFF5CCC
00006A58
00005288
0000F078
FFFF9561
000084EA
0000A972
FFFFE81E
FFFEDF2E
0000EFBC
00006A9E
00008A7D
00003FC5
FFFF4420
FFFF9467
FFFFF94C
0000346B
0000BAAB
FFFFF7FE
FFFFDC5D
00003978
FFFF3B1D
FFFFC8CB
000061B7
FFFF9FFB
FFFFB51F
00013AB5
00010B90
FFFFDD38
0000139A
00003F86
000089D7
FFFEC0C8
00004E0A
FFFF2132
000004EA
0000BD8D
0000CA16
00000DD7
0001B716
FFFFD836
000109CF
0000B1E2
0000B2C1
FFFFA749
FFFF924F
FFFEFD84
FFFF9A55
0000F21F
FFFF7B0D
FFFF766E
FFFF8563
FFFF7027
FFFFF1A6
0000B6AA
FFFF6411
FFFFA40B
FFFFDCD7
00008292
FFFE862D
FFFFCFA4
FFFF32F7
00005B30
FFFEBDAC
0000EE6E
000093BB
0000D443
0000D0EE
FFFF91CB
000070C9
FFFF9055
FFFF9577
FFFFD30B
FFFEA44D
FFFF948D
0000FE8A
0000599E
0000C4B6
00009A8D
FFFFFD92
FFFFDDE8
00009014
00001765
0000D682
FFFFB620
00002024
FFFF7429
FFFFAB1A
0000C1D7
FFFFD374
FFFF6261
FFFF1DE0
FFFFDA78
00010BFA
0000C8F2
FFFF6203
FFFED69F
FFFF54B0
FFFF5BCA
000004DE
0000232E
FFFF863A
000079E2
FFFFE1A1
00000B21
00001292
00002E63
FFFF6370
FFFFE26A
0000116C
FFFFA310
0000910E
00003B49
FFFF6B9D
000002E5
FFFFD9B6
FFFF476C
FFFF38E8
000018A8
00007C1E
0000A418
00005A15
00002C92
FFFF597F
000057A5
FFFEA62C
000051C2
FFFFC347
FFFF5569
FFFF40D1
000067AF
FFFFF9A8
FFFF907B
0000A592
FFFFD292
FFFF5BC6
FFFFFE14
00002CAC
FFFFCC9A
0000DC25
FFFF2461
00003872
00002C8D
00008960
00003EEE
FFFF3A34
00002F5F
FFFF7F87
FFFFE1FB
00008C5A
00008125
FFFECE8D
FFFF9B39
00003D70
00004177
FFFF4980
FFFF6CCB
FFFF3B4D
FFFF03C0
000043A3
00012E9A
FFFF5EB0
00016A54
FFFEE5F1
FFFFF8EA
FFFF7DCC
FFFFDDA3
FFFF881D
000089A2
FFFEA3C9
00008FC4
FFFFD30B
FFFFA5FD
00001C0B
0001494F
FFFFF619
FFFF0C15
FFFFE3FC
000069ED
FFFF5C5F
FFFF2F4C
00008BF7
00008033
FFFFEBBE
FFFF7F57
00009579
FFFFA5A2
FFFFC1BE
00008E25
FFFFB11F
FFFF2D89
00011DE5
FFFF280E
FFFFBB3E
0000DF4D
00016AAF
0000212B
0000491E
0000062C
0000E69C
00003966
00001E60
FFFFDEC0
00015A7B
FFFF818F
FFFF9A27
00002078
FFFFA9F3
FFFFF20A
FFFFFC4C
000093DB
FFFF5F87
00004462
0000FD78
00006828
FFFF818E
00011241
00006280
0000076E
FFFFFA48
00009E53
FFFF981E
00005560
FFFF291B
00008494
FFFFE84D
FFFF8965
00007565
FFFFB056
00003630
000035C5
00014063
FFFEBC6D
0000CA25
0000B52A
FFFF9039
00000904
000064B3
000029F9
FFFFF17A
FFFF6127
FFFFE9FC
FFFFD930
FFFFC517
0000A62D
FFFF9A38
FFFF87D1
FFFFA3DE
0000C797
00013016
00007A4D
0000357D
0000E6DB
00003C43
FFFFABCC
FFFFCCC5
FFFFD762
FFFF9C47
FFFF8FB2
00008B49
0000033B
FFFF7EEA
00013C9C
FFFF35E6
000007C8
00003E2D
FFFFF079
0000589B
FFFED0E5
FFFFDAC0
FFFF0186
0000E82D
0000B373
0000193B
0000BB90
FFFF6B6F
00005637
FFFFB0BE
FFFFDCF8
FFFF4B5A
0000E156
000047A5
FFFF3CA9
FFFF131B
00007500
000073A5
FFFF5230
FFFF9666
FFFF5D5F
FFFF4045
00009CC3
FFFFAE24
00004A80
FFFF5C59
00003753
00003A70
FFFFD36E
00007399
FFFF5066
FFFF5818
FFFF8106
00006DEE
0000468E
00000AE0
000103EA
000019C1
000090CB
000018BB
FFFF559A
00013076
FFFFA0DC
00007566
00009E6B
FFFFBD14
00003281
000051E1
FFFF13A8
FFFEEA6E
FFFFCA15
FFFEA967
FFFF7288
00019EEB
FFFFC883
000037D7
FFFFCEFC
FFFF1D58
0000696D
FFFF73CA
FFFF8994
000069B9
00007776
00003A25
00009498
FFFE93EF
FFFF3EF6
00000F93
0000058D
00012016
FFFFD20F
FFFF62C7
FFFF2884
FFFF0D02
00003308
FFFF9862
0000DD13
0000D2D0
FFFF8275
FFFFC2E1
FFFF7281
000020B5
000210AB
FFFF1AD3
FFFFC936
000061EA
FFFF2C0A
0000D709
FFFFB7C1
FFFFBDF9
0001675D
0000E934
FFFFEF15
FFFFBBDC
FFFF0CA3
00003D15
00005FBD
FFFF0CE9
00001B87
00004284
FFFEE241
FFFFD5CD
FFFFF3B4
FFFFB801
000027FB
0000E03A
0000407F
FFFFAFD1
00004AB2
FFFFA642
00007D71
FFFFCC8A
FFFF1B2D
FFFF893F
FFFF6A68
0001231A
FFFFDF4D
FFFF35C9
00001B4A
00009C83
FFFF18CA
FFFF79E9
000065C6
FFFF0C32
FFFF842F
FFFFD684
00010F2C
FFFF98DF
FFFF5EBB
FFFF01CA
0000183C
FFFFD31C
000031ED
FFFF499E
FFFF19F0
00005F67
000086FA
0000C93E
FFFFDD00
00008313
00005839
00005625
FFFF3B02
00002B9F
FFFF6CD9
0000BEE9
FFFFFED4
0000D580
FFFF2891
0000BDFE
0000B1AD
0000EC8F
0000544B
000036EA
0000313B
FFFF6332
FFFEF5ED
FFFFFC4B
0001164F
00007F02
00007344
FFFF6302
0000A24C
FFFFEA8D
FFFF519D
FFFFB8E3
00009D87
00006796
00009BC7
00003F0B
FFFF6B39
FFFF637C
0000045C
FFFFD773
FFFF476E
0000DA0F
0000ADB4
00004755
FFFFF30A
000051C2
FFFF56E2
FFFF60CE
0000238B
FFFF83BE
FFFF0E73
FFFEC099
FFFF45B7
00006271
00014D4E
000026F8
FFFFFDEA
FFFEF34F
FFFEDE8C
00010BF4
00007AFC
00003667
000094C4
00004C02
FFFFEFAF
000023B0
FFFF1663
FFFF3A96
FFFFFEE5
000093DD
0000FCB1
0000B080
FFFFF86F
FFFFAA5E
0000279B
0000036D
00003928
FFFFD94B
FFFF2EE5
00003D4D
00006ACA
00000E69
00006898
FFFFB2F9
FFFF5DDE
0000B195
FFFF5DDD
FFFFC9E7
00007E87
00005A1D
00007F6F
FFFFA66A
FFFFDAD8
FFFFC8F4
000003E6
FFFEC471
FFFF5A8E
00005F0A
00010D71
00005656
00001A1F
FFFFF9A5
00005611
0000C988
FFFF40E4
00002EE3
FFFF881E
00002961
FFFFA8D2
00002995
0000F0E0
FFFFAA70
00008C9C
000057B6
FFFFB023
FFFF9F25
0000B5E6
0000364E
FFFF0E46
FFFFF43E
FFFF805B
FFFFD0BD
FFFF5FB5
FFFF9676
00005B7D
00013820
FFFFA8E5
0000B64C
FFFE1A47
FFFF686C
FFFE9E30
0000D3A8
FFFFD6C6
00002C4F
0000F00F
00002C12
00002BFE
00009AA0
FFFF6214
FFFFF964
0000C66A
FFFFDB77
0000133B
00004D63
00007CE9
FFFF2493
00006D3A
FFFF1AAF
00005F6A
0000E750
00012106
FFFF5CFC
FFFFB194
0000863B
00004181
00005AC2
0000594B
FFFF0F79
0000AE7B
0000BB4E
0000D138
00006016
FFFF217F
0000143B
00002EFF
00006D6F
FFFFDCDB
0000A2D2
00006489
00001825
00008F66
00002AD3
000058BF
FFFFA061
0000467B
FFFFEE57
0000DB31
0000FDCD
0000EF6B
FFFED237
FFFFB1AE
FFFFD99F
FFFFCA50
FFFF9404
FFFFA9AB
FFFFD5DD
FFFF152E
000114C7
00008075
FFFF8F60
FFFF41A5
00001552
FFFF80DA
000075A9
FFFF76C3
FFFF27A2
0000D2DB
0000346A
00007174
FFFFB560
FFFF3F23
FFFED6A4
FFFFD3FC
FFFFDC48
0000A5B5
0000950C
FFFFC27A
FFFF023F
FFFF861B
FFFF962C
0000C86E
0000FC9F
FFFF45BF
0000A3A2
FFFFE0F4
FFFEFA16
00008C51
00018D94
FFFF94A2
FFFF5CCC
00002FCC
00008B6B
FFFFCBC2
000086D8
00002FF8
0000A1AA
FFFFC579
FFFFD91C
FFFF0E4B
0000651D
00009703
0000EFA7
00005312
FFFFFA57
FFFEE551
00007654
00007661
00019380
00008807
00007738
0000A37D
00000DC6
000025E6
0000D087
FFFF6564
00004031
FFFF3FC8
FFFFC7F8
FFFED14B
FFFF0329
FFFEF28F
FFFFF63D
0000B8E5
FFFFE8D0
FFFF1C78
FFFFE5AF
FFFFF8E9
00001A6E
0001883E
000012C8
FFFED269
FFFF92F1
FFFFC0A6
0000BA2E
FFFFC5FA
0000A2F8
FFFFC582
00012F58
0000E0DA
FFFEECEB
00009E24
FFFF80A2
00010BDD
0000BEAE
FFFFD5C8
0000B502
0000FA49
0000A005
FFFF33EB
FFFF6FCC
000054D8
FFFFDDD2
000046F1
FFFF96CC
FFFF4CC3
0000E986
FFFF67C1
FFFFCA7E
0000696C
000002EB
FFFFAC6B
FFFFF2CF
00003C69
FFFF2E32
0000618A
FFFF669C
FFFEFCB9
000035EC
000026BE
00000C22
FFFFBDC7
0000DE12
0000971D
000024CE
00003A59
FFFFBBE5
FFFEDE0F
00006C16
00007ED4
00002BA8
FFFED718
FFFF46AB
000005DE
00010B91
00000BFF
000080DB
FFFF68E7
00000962
00000CB0
0000BB45
FFFF3411
FFFF9888
FFFFAB83
00007FD2
000061EC
FFFFBE95
0001213C
FFFFB3F9
00008742
FFFFC6FB
FFFF3806
000050F1
0000A017
FFFF3A89
0000AE79
FFFFD759
FFFFE99D
FFFF893A
FFFF762D
FFFFC1A4
FFFF89A0
000046B7
FFFFBFAD
FFFFC6E3
FFFFE398
FFFFE845
FFFF9E6F
00011EC2
0000A35F
0000A3A6
FFFEA701
FFFF03D2
0000291B
0000B9A4
FFFF349B
FFFED690
FFFEB457
FFFF6F66
00004284
000093DF
FFFF907C
000002C2
00001F52
FFFF9691
00001BCA
FFFF06D6
FFFF8929
FFFFC095
00012F2E
0001B8D3
0001274E
00000092
FFFEF7EF
00002B03
FFFF3814
FFFF471E
FFFEAC01
00006846
00011DBF
0000A4EA
0000F589
FFFFE529
FFFEEDAA
000066C3
0000DC38
00013A13
FFFF3D79
0000B779
00008DF5
FFFFCD7E
FFFFF41D
00009DAA
00010853
00001E06
FFFF6CE2
FFFF50F2
FFFF0236
FFFEE89D
FFFF1973
0000C057
0000E294
FFFE6389
FFFF819F
FFFFC340
000041BE
FFFFD343
FFFF5064
FFFF88B8
000050B7
0000165A
FFFFE80C
000027A0
FFFFA5EF
FFFF85DB
FFFF6F87
FFFFB2DE
FFFF75B7
0000E6FE
FFFFC186
0000205B
FFFF25D8
FFFFECE6
FFFFB393
000093AB
000103E6
FFFFC989
00006C2F
00004601
FFFF1917
FFFF0B7B
0000124B
0000A804
FFFFD505
0001255E
FFFF2CEC
FFFFA0E5
000061E0
FFFF8D94
00011D91
FFFF2AEE
FFFFD12B
FFFE775F
FFFEC9FC
00009E96
00013850
FFFF2DBC
00003EE9
00000E97
FFFFC42F
FFFE7620
00006EE7
00009CC6
00000915
FFFFE439
FFFFFFE7
FFFFCD04
000065F5
FFFF7398
0000DC40
0000CF27
FFFF3F29
00004487
FFFFBC13
00000289
000096EB
FFFF70CC
000013BB
00008152
FFFF1830
FFFF7D1D
FFFEF162
00000D33
00012C44
0000B368
FFFFDB1D
00001346
FFFFAD54
FFFFD384
FFFF4636
FFFFD091
0000293C
FFFF5AEC
FFFF5387
0000A528
FFFF9DF4
FFFF0384
FFFF1B10
0000AD47
0000922D
FFFFC706
00000CAC
FFFE4FF6
FFFFD771
00005BC0
0000EF2D
0000E78F
0000981F
000013FE
FFFFAEE8
00002171
00001E8B
000066ED
FFFEE193
00002589
00005F85
FFFFD58A
00003697
FFFF2F40
FFFEBD86
00009FD3
00003F79
0000AB3D
00000298
00001549
FFFFC669
FFFFC6C3
FFFF24D4
FFFFC430
0000C820
0000C525
0000792A
0000E436
FFFF091D
FFFE9766
FFFF16E7
FFFFBD00
00009065
FFFFF7AB
FFFF8481
0000859E
0000AC32
0000773E
FFFFEB3A
FFFFAA31
FFFF4B2B
00003196
00001FB0
00019D18
FFFFAEF7
0000EC0C
00009FEA
000094B3
FFFEFC29
00009822
0000BE58
FFFF596F
FFFF6408
FFFE514E
0000E4DE
00003BA5
00001B7B
FFFFCCFC
FFFF7BC4
FFFF9391
0001C951
0000A294
FFFE6C90
00012491
0001D36C
0000DC2A
00011722
00004BA0
FFFF3EA9
00013158
0000CE8B
FFFF92F3
FFFF255A
00006CA2
FFFF0A2D
0001D95C
0001ED7F
00002331
00012F54
0000275E
FFFEB1F4
0000AA2B
0000BB78
FFFEE684
FFFF2D94
00012314
00008640
0001235E
FFFFD915
FFFF7AF3
FFFF017E
FFFFC47B
FFFEF0B1
0000BDEA
00009F1F
FFFEB551
FFFF4FB0
FFFFEB06
00022168
FFFEEB20
00007E65
00013D8E
00006F91
FFFFE0F7
FFFF5D6B
000132F6
00017F21
FFFEFCA9
00008B49
0001751C
FFFF265F
FFFF7D99
FFFF2067
00008786
FFFF7EF5
FFFFBA7C
0000FD19
00015E74
00001EE9
FFFE9BB2
FFFECE97
FFFFBACA
FFFFE2BA
FFFE98CA
FFFFFD65
0001ECED
FFFF140B
FFFE9353
000072D2
00000E17
FFFFFD55
000034F8
00010A09
00002CF4
FFFEF160
FFFE3806
FFFF09E0
0000A6EE
00012819
000019DB
000043F3
000108A4
FFFFD53C
FFFFCF4D
FFFFF488
000022B0
FFFEFC3E
0000C8C8
0000656E
FFFF7C04
FFFEF8BE
0000C314
FFFF8A6D
FFFED27F
00001485
0001201B
FFFF45A5
00012FAE
000218DB
FFFF7FE8
FFFF4B24
FFFEA488
00012752
00008601
0000550C
0000C040
00004B38
0000AF34
FFFF82C8
000097B5
00006663
FFFF9F83
000019E9
FFFE6F32
0001023F
000107A1
0000A55C
00009C5B
00000471
FFFF736E
FFFF17DB
FFFF8F35
00000D1D
0001070E
00012D5D
FFFF45A2
FFFFC772
0000AF45
00018C38
FFFFBEC8
00018C9E
0000D801
FFFE6BD9
FFFFD32F
0000F450
0001228F
FFFE23D1
FFFED97C
00025369
00004987
FFFEC112
0000FD52
0001192F
000110B2
000157DC
FFFFC4D6
FFFF4B74
0000DB79
FFFFF793
000061BD
FFFF643C
FFFF7A69
0000661B
FFFFAD4B
00018FFC
FFFFBC30
FFFE49E9
00000DB9
0001182E
FFFEE241
FFFECBA5
0001938C
FFFEDE88
0000E30A
00002CB7
00004278
0000558B
00002895
FFFDFB23
FFFED790
FFFF61E9
000023EA
FFFFC9E8
00011FC1
00001998
FFFFEC02
000062C7
00003568
000084DD
0000A44F
0000459E
FFFF9FF7
0000543F
0000DAA9
00007264
FFFF6090
FFFFDF85
0000A098
FFFFDFA9
FFFFEEEE
000110AC
00017F3E
FFFF9B8B
0000E0A2
0000D154
FFFF7636
FFFFF8E3
00001C61
000076C7
FFFF4C57
FFFF7A14
00008774
FFFE1410
FFFEF793
0000D41F
FFFEC1CD
FFFF0386
00009E9A
FFFF9FC4
FFFF2C07
FFFF4842
000087DA
FFFF25BF
FFFF82BB
FFFEE812
0000BAD7
00004BE8
FFFF495C
FFFE5D8F
0000DB08
000068B7
FFFF8B97
FFFFF867
00011BAC
000087B5
FFFF12FF
000010A8
FFFEF63D
FFFF9215
0000BA89
FFFFEA93
FFFFD6BC
FFFF0F40
00001346
FFFF8317
000000BA
0002152F
FFFF635C
FFFF754A
00008552
00002789
000186AF
0000C2D1
00012FF0
000056C5
FFFE7246
00015B3D
FFFFD0D5
0000CB49
FFFF9EAD
FFFF36A4
0000CB06
FFFE0534
FFFF5800
00005D85
00014F5D
0000FB7D
FFFFDCA1
FFFF72B1
0000EF05
FFFF6DC4
00006B18
FFFFE623
FFFF0180
00013307
FFFFBF4F
FFFF677F
FFFFA40F
0000A532
000108F7
00008431
00009062
FFFFFA34
FFFF99C0
0000D337
FFFFE7E1
00007BB1
0000D2DD
FFFFAE60
FFFF20EF
00003B73
00008BB8
00004277
FFFF7859
FFFF0B72
FFFF4DDA
00001229
0000E59C
FFFFF38E
FFFF0336
0001017E
FFFFBB8F
00010A02
000059D7
0001245D
FFFF83B5
FFFF1857
FFFF737D
000167F4
0000D024
FFFF0FEC
00000E7A
FFFF68D0
00004BA4
FFFEB2A5
FFFEB561
FFFFD7FB
0000D584
00015E12
FFFFC028
FFFFBA9D
0000B170
00012547
00000208
00003F2F
FFFEC638
00010BCD
00012974
FFFFA69A
FFFF3776
000100A5
FFFF7B81
FFFFCC52
000019DC
0000ACBE
FFFE8DC0
00009F0E
FFFFB71D
0000AC3F
FFFF8B53
FFFFE38C
0000B6B0
FFFEDAC3
0000ADDF
FFFF3483
00005765
0000D20A
FFFFC18E
FFFEF943
FFFF7C4C
FFFF200E
00000CC4
00014612
0001B1BA
FFFEE954
FFFFD10D
0000A472
FFFF2E24
00014B1C
FFFF2E80
FFFF74A6
FFFF9CFD
FFFF8FBF
0000687A
000134D3
00019370
FFFEAE09
FFFFDFBC
FFFEC3C4
00001ABA
00004998
0000BE9F
000177C0
0000C04E
0000F62C
000173FE
FFFF54FB
FFFF3D89
00006B90
FFFE4CC7
0000E1B2
00006152
FFFF107C
0000D46B
0001C87D
0000CF08
FFFEDF8A
000113D3
FFFFB3BF
00005942
FFFDF815
FFFF968E
FFFFA779
FFFEEC04
FFFEFFED
FFFFC59F
FFFFBE78
FFFFFAE4
0000EDD6
00002999
FFFF7088
FFFF3706
0000619B
00004D9B
00008AC9
FFFEA879
000071D5
00013030
FFFE4E4F
FFFED648
0000BBCF
0001006E
0000C765
00018AD7
000033AC
FFFF7434
FFFF62BA
0001BA36
FFFEFF1A
FFFF3461
000081BC
FFFEDF5C
FFFEA601
FFFF69FF
FFFF72F2
FFFF5CBC
00009935
0000E118
00011346
00001684
FFFFE497
0000D56E
00015D1D
0000CAB8
FFFF801E
FFFE0377
00007D17
0000FCAF
FFFEF8D0
0000FC0A
FFFFF8E9
000042B3
FFFF6CD5
FFFFF2D8
00006127
FFFF83F9
FFFF937F
FFFF596F
00007813
FFFF686E
00018558
FFFFE9CB
000105CD
00005920
FFFF3433
FFFFA4AA
FFFF2EE6
00006A29
00002CAA
FFFEDA37
000115EC
0001DA81
0000745B
FFFF310B
FFFF0AAD
0000BD64
0000C9ED
FFFE764A
FFFFE3E6
FFFF1924
FFFE52B2
FFFF97C0
000149D9
FFFFF3FB
FFFEA428
0000A963
00014551
FFFFC564
0000FDDF
0001A385
FFFF1B79
FFFEFBBD
0000D3CD
00016E51
FFFF2A76
00010FF5
0001E2C3
00009FF5
FFFF3898
FFFE304C
00015367
FFFFDE12
FFFF02F9
00000B38
FFFFFE1A
00000CD6
0000A41C
000116F7
0001BEF8
00003937
FFFF301A
FFFF94A5
FFFEF6EE
FFFF4580
0001374A
FFFFA9C1
0000A8E9
00003095
FFFFA5A0
0001068B
FFFF5B7E
0000D51B
FFFFE3C8
0000BC21
FFFEEBB4
FFFF8079
00012307
FFFE90F6
FFFE6A46
00006D9C
00004F93
FFFF4548
000017AE
00008198
FFFF184F
FFFE3421
00007905
000075B3
00009983
FFFFCFEB
FFFFB899
FFFFCB10
000058BD
FFFFF92E
FFFF6827
FFFE7415
FFFFDE94
FFFFAC08
00014D7C
000090A7
FFFFFD08
FFFEC9AA
000098AF
FFFFD484
FFFF9896
000020B1
00004162
0001113E
FFFFC804
000062E8
00006EA5
FFFECA38
FFFFCE5C
00000E65
000030CB
FFFF8ACD
FFFE43BD
FFFF7298
00004611
00019FF3
FFFFFDB8
FFFF0AFB
00004520
0000B7B3
00002ABB
FFFF99FC
00002AA5
000096AF
FFFFBD54
FFFF8EE5
FFFF6318
FFFF9466
00008C94
00008B42
FFFFAFB2
FFFFA500
00000FF7
00009EB7
00005B54
000006ED
0000995A
00004A9F
0000A158
FFFFA529
00004328
FFFFD916
0000E651
000049DF
FFFF8429
FFFF9C66
FFFEB76A
FFFFC1D5
FFFFAF2C
0000870B
FFFFCC88
000049A9
FFFFAF06
00000BB9
00003DA7
FFFF78FC
FFFF8FA7
0000C9F4
FFFF9383
FFFFCDA3
FFFF0931
FFFFEC1A
FFFF3A78
00007FA1
00007A52
FFFFDD05
00000EEB
00004AF3
0000B79E
FFFFC130
00000A30
FFFF4C3C
FFFFAAA9
0000A5C0
0000A9FA
FFFF8F5C
0000E05D
FFFFFC1E
000091E5
00009C43
FFFFABCC
FFFF19CD
FFFFD45B
00003D57
FFFFC6C9
FFFEFF16
FFFFA705
FFFF5A0C
00000B06
0000086A
0000171F
00006BEE
00006151
FFFFDBF1
00007F18
FFFF76E2
FFFFBADC
000065D2
000062AE
FFFF3C0C
FFFF1645
FFFF549F
FFFF976D
FFFFB9E3
0000873F
FFFF652A
FFFF36AE
000084BA
FFFF8409
00006934
FFFF4AFC
FFFFC018
FFFF4F45
FFFFED0D
00007602
00005BD2
FFFF0855
FFFFB892
FFFFE7EE
000058B7
FFFFA1B1
0000A25E
000038C6
00007D9F
0000BB18
000097F1
000038F6
FFFF981C
FFFFF8DF
000008CF
FFFF7B95
FFFF5F8F
FFFF127A
FFFF2FBC
FFFFA58C
000088DF
FFFFB134
FFFF455A
00002802
00001DFE
00002B74
00007499
0000C03F
0000964B
0000AA4B
0000090F
FFFF08EA
FFFFBED1
FFFFDEF9
FFFF6EFF
0000791B
00000E95
FFFF29E5
0000A0E7
FFFFECF4
000088A9
FFFF0965
FFFFE785
FFFFB77C
000021DB
00004043
00009424
0000A913
FFFF7C99
FFFFCCCB
FFFFC7C9
00008AF1
FFFFD2C9
00009E05
000021AF
FFFF98AB
FFFFA309
FFFFC929
FFFFEEC3
0000870D
FFFFC81C
00005FEC
FFFF1A7C
00000CE4
FFFFFBBA
0000D15C
FFFF3BA9
FFFFAB32
00001171
FFFFEC20
00000794
FFFFE475
0000B292
0000285D
FFFF7978
FFFE4A50
FFFF02D3
000010F1
00011A92
00003F81
000070AD
FFFFF015
00007AC4
00001217
000034B4
0000999E
FFFFD9B1
00006B9F
000031C3
FFFF845D
000010C5
00007362
0000180B
0000CEEF
FFFFA735
FFFFFCA8
FFFFA7EF
0000A763
00004256
00012F98
0000A5DF
FFFF12D2
FFFFC2B0
0000451E
FFFF67A4
FFFF6372
00002EA1
000069C5
FFFFE7D7
00007B22
FFFFDE49
FFFFDA3D
FFFFDFFF
FFFFF5C7
00003A0C
FFFF876D
0000B58D
FFFFBBA5
FFFF32FC
0000852E
0000F4B2
0000114B
0000F591
00008BB8
00000FA7
FFFFBD3C
0000406E
00007460
FFFF6F91
0000A1B9
FFFFB8C0
0000780A
FFFF5FF4
0000A2C4
FFFFC2D7
000028DE
0000105D
00002BDC
FFFF8646
00001E12
00004B40
FFFFE006
FFFF8FE0
00007B80
0000F9EC
00002170
FFFFA305
FFFF5AC6
FFFF9092
FFFF2869
FFFFF772
FFFF9F29
FFFFBE7E
FFFFC05B
00004FAF
FFFF7ED5
FFFFF572
00004FB4
FFFF69FB
00008D1E
FFFF719B
FFFFE92D
FFFF6706
000020E0
FFFEF687
00011536
00006E0E
FFFF90DD
FFFFD872
00006EE7
FFFFBA10
FFFF604E
FFFF5CB7
00004795
000088FD
FFFF6A4E
FFFF2502
FFFFEF7D
00007AA7
000091DA
FFFFF120
FFFFC6FA
FFFFAD12
FFFFB556
000136FB
FFFFF4B8
00002C7A
FFFFA43F
FFFF8389
00004606
000039E2
0000AE9F
FFFFF56F
FFFF72DC
FFFF698D
FFFFF1D0
FFFFF01F
0000BFAD
00006850
00006DFF
0000212E
FFFFCFCF
FFFF6D79
FFFFB16C
00008D15
0000932A
FFFFE17A
FFFFD36A
00003029
000044CB
FFFFBDD8
FFFF95DF
00002341
00003D32
FFFFBB01
000001CF
0000AA37
000032BD
FFFF9747
00011F90
FFFFD140
FFFF5946
FFFF597D
00001CD5
00004A8E
FFFFD8D1
00007A9B
FFFF04B3
0000C7D1
00000BC7
0000442C
FFFF2F85
00004D9A
FFFF58A1
00008C75
FFFFEF7F
FFFFE993
000015F2
0000133E
FFFFD537
FFFFA048
FFFFE299
FFFFA47F
00001816
0000D283
FFFFB31D
00013612
000045EE
000043F2
0000260D
0000499F
0000ACED
0000BE3D
0000BD10
00001557
FFFF71D9
FFFF9B5F
FFFFE362
00001630
00001C89
000029AE
FFFFBD24
00008936
0000C062
FFFF6FFD
00003008
FFFF6BCF
FFFFAA52
FFFFDF0F
0000888F
FFFFCFC3
0000542A
00004DC3
FFFFA73E
0000F894
FFFFE77B
FFFF6403
FFFF8D5D
00001A3E
0000D0F9
000059FF
FFFFBC5A
00004E45
FFFFEEFD
FFFF8899
FFFFBEFB
00003E5A
FFFF5EB0
FFFFF861
FFFF2BB1
0000B144
FFFF6084
FFFFF54B
FFFF3DA8
0000F1CD
FFFFC809
000095BD
FFFF89BA
FFFED37C
0000961B
000070D8
FFFFB149
0000191D
FFFFE2BF
0000307A
FFFFA9E6
00013C86
FFFF8814
FFFF7D30
FFFFF4B5
FFFFD105
00000C8F
00003EFE
0000654F
00007CE2
00000E7D
000003A4
0000989D
FFFFDAC0
00006E55
00000CDA
00003B92
00004C9A
00008974
FFFF7EAD
FFFFDA65
00005F7A
00006956
FFFF7C33
00003812
00006DBA
000068AC
FFFFDDD1
FFFFAD7C
FFFFEDFE
FFFF8D78
0000195A
FFFF5C03
FFFF8DD4
FFFFD78C
00008386
FFFF495D
FFFF3276
FFFF58F3
00009420
0000970E
FFFFB2ED
0000F8D3
FFFFE57E
FFFFDCFF
0000A997
FFFF8EEC
0000A34B
0000957C
FFFFBC51
00009450
FFFF9455
0000EBDC
FFFFBFEB
0000516B
FFFFE8BF
FFFFA2D6
FFFF9653
FFFFEDC7
0000013E
FFFF90A5
00008F1B
00004A8C
0000313E
FFFFC430
00001C97
00009419
FFFF7CED
FFFFDA4E
FFFFBF00
00009D87
00004797
00007FF9
FFFFC442
FFFF85DE
00002942
FFFF8BEA
FFFF80FE
FFFFF627
FFFF2BC5
FFFF809E
FFFFC52B
FFFEF9D5
00004E8A
FFFFB903
FFFF6118
FFFF7E9F
FFFFB090
FFFFDE8A
FFFF24A2
0000A29B
FFFF0020
FFFF8248
FFFFB5EE
0000FC9A
FFFF97E7
FFFFA2BE
FFFF6EDB
00002090
FFFFE136
FFFFEE42
FFFFB640
FFFF616B
FFFF6B28
FFFFB126
FFFF45A4
00003D12
0000065F
FFFFEA58
0000E8D3
FFFFE002
FFFFB264
FFFFA037
FFFF3391
FFFF8A01
FFFFC60C
FFFF0752
00008229
000047AB
FFFF9B75
00000D77
FFFF23DA
FFFF329D
FFFF95E0
FFFF40D5
FFFF0660
FFFFA819
FFFFE1B4
00009C4E
FFFFC8D1
FFFFF44D
FFFF9AA6
00004657
FFFF7E2D
FFFFD261
000077C3
0000F04F
FFFF3B92
00006A30
FFFF4F5F
FFFFD597
FFFF2F66
00013730
FFFFBEDD
FFFF79B4
0000A8AE
FFFFA553
FFFF4D30
FFFFB094
00003E13
FFFFD1A2
FFFFBEFD
FFFFA58D
0000209A
FFFFA6A7
000096FE
FFFFDF4E
0000D693
FFFFC1A8
FFFF9AE1
FFFF4083
FFFFBC63
FFFF881A
00008716
FFFFFE76
FFFFDF32
FFFF14A4
FFFFBCF5
FFFF3BAC
0000541B
FFFFA573
FFFF785C
00002244
00005372
0000F693
FFFFBAA9
000042E3
FFFF882C
FFFFF6AC
FFFFC0F9
FFFF0728
FFFF27B7
FFFF2D12
FFFE6E04
0000A23C
0000BA1E
FFFE809B
FFFF7BE1
000152A6
0001979F
FFFFC913
00010983
FFFFFEDD
FFFE4C08
FFFE5A1D
FFFF85A9
FFFFE5F2
FFFF2E74
00013750
FFFDFE02
FFFFE9AB
000182DA
FFFCA360
0000604E
00012E1B
FFFF6A4B
00009914
0000A700
FFFF9BCB
FFFE51F3
FFFEAE28
0002DDBA
FFFEB0F6
FFFE5A01
FFFFCF8D
00009963
FFFF1B5B
00010840
00006E5B
00005C51
0000AF26
FFFDDD7A
00005578
FFFFDA0F
FFFFA4A5
00019002
00009E1C
0000FBBA
FFFF872C
FFFF8AF3
00004242
FFFF2BA3
FFFEE8F9
FFFFCA66
FFFECF5C
0000E49A
00001FC9
FFFE87AD
0000008A
FFFE8385
000036DC
FFFFF1EF
0000123A
FFFF1CF6
FFFF44AA
00005646
FFFE2A74
0001000D
FFFF094F
FFFE6DD9
FFFF7B20
000049F6
0000C3F5
FFFFD4C1
FFFF4F47
FFFFCCD3
00008202
FFFFFFF3
000100F3
00003C87
00011F1F
FFFEC11B
00010109
0000671B
0000F778
00025A95
FFFEDDAB
FFFFC732
00004AE4
00006D9B
0000574A
FFFF60DE
FFFFC48C
FFFF908B
FFFF458C
00013876
00020E47
00002F07
FFFF7F27
FFFF2742
FFFEAAB7
0000CC56
FFFFC8AC
000008E7
FFFF1CB8
FFFF83FC
0000AA3D
0001141C
00029FCD
FFFF8994
0001A4E3
00031D87
FFFE1696
0000B8EB
0000A161
FFFF5F9C
000104A3
FFFF1227
0001C3B2
FFFEC6BC
FFFF9B2A
00011A7B
FFFD998D
0000B2C4
00003CB2
FFFF3D6F
000155AB
00001948
FFFFD9FD
0000AC17
FFFE6F0B
00011F3E
FFFFBA3C
FFFE3323
0000BB23
000135D5
FFFEA17E
00013196
000055C7
00012B5D
FFFF9D11
FFFEBACB
FFFF28E2
000101A2
FFFF5E00
000076B6
0001342D
FFFFDD2D
FFFF4DDD
FFFE2FE2
000162CF
0001E55A
00007A82
00006022
00012D1A
00002FC5
FFFF16A3
FFFEA307
00004F3D
00012B2E
0000F77C
FFFF5BB4
FFFF71CA
000044B7
0000E4F5
00006C42
FFFF6461
000212A4
FFFEB1A3
FFFE5C2C
0001B8BC
00000184
FFFFB956
FFFFD45D
00009F56
0000498B
FFFEC035
FFFFE09D
FFFFE958
FFFE459F
00004FB0
FFFFF64B
FFFFB1A3
00013560
FFFF1ED1
0000CAD6
0000F1B6
FFFFFAA7
FFFF436C
00001881
000097F4
000144F2
000229F4
FFFE9FEE
FFFEC1B2
00004157
0001891B
FFFED7E0
00009BD3
FFFF1673
0000050A
0000FA6E
00003ED1
00023DCC
000069BD
FFFE62D8
0000EB71
FFFE143A
0001B93E
FFFED40B
FFFE09F1
0002294B
FFFFEBCF
FFFFE5B8
FFFE92B6
FFFFEEED
FFFEF2E0
FFFFD254
0000F25C
FFFEF94B
00011E16
FFFEF11A
FFFDB51B
0000E9C4
0000CBDB
FFFFAF37
FFFE4802
0000F823
0000D667
FFFF115A
FFFFFAB3
0001DB07
FFFEED51
FFFFA5E3
FFFE5D28
0001C4A8
000042BC
FFFF2A92
00010FF2
00011CBF
00006D96
FFFFC763
FFFF1C4D
00008286
FFFF590E
FFFFB730
0000E3A9
FFFE36C0
00010B5B
FFFFBD9D
0000E419
0001BEC1
FFFF277D
000151E3
0000603A
00009504
0000DD24
00010E3C
FFFF8A32
FFFFBB57
00000F7C
00008138
FFFE7486
FFFF5C42
FFFF3AE8
FFFF6804
0000A850
0000BEFC
000024B3
FFFEF82E
00009E0F
FFFF1FAC
000152A2
0000E92A
FFFD1BDC
000100DE
FFFFEF24
FFFF84D3
FFFF7F6B
FFFF5C02
FFFF8E80
0000982E
FFFFC48C
00000B8A
FFFF9E5B
0001743B
FFFF2133
FFFF285B
00004C26
FFFF003B
FFFF2821
FFFFAAB5
FFFF39D4
0000747E
FFFF023E
FFFF3B5C
FFFFD754
00014466
FFFF235F
FFFEBC63
0000A285
0000AC56
0001300A
00007199
00009B23
00004EA3
0000E997
FFFDDC77
FFFFB103
FFFFB2DE
000071E0
000110FD
00008EDA
FFFF6121
0000E35D
FFFDEB29
000112E1
FFFFC433
FFFF975B
FFFFED9D
FFFE9981
FFFF20C5
0000A40C
0000255C
0000C0CB
FFFF36B1
0001452D
00015319
FFFF1775
FFFEFC55
00003FE8
FFFFCBFD
0001FDF0
FFFCE057
0002EA9F
FFFEAFDB
FFFCD5C8
000277A5
FFFF9876
FFFF2F36
0002B0AB
0000A357
FFFF928B
FFFE5774
FFFF17CB
00007679
0000B4B1
0000E77A
FFFEDC83
000016DE
FFFFF5F5
00014737
FFFF010B
FFFEC539
0001261B
00009587
FFFEBED2
FFFFEC49
0000AF0A
00004733
FFFE6FB5
FFFFDD5E
0001216C
FFFE66DB
FFFFD025
00013DAD
00012387
FFFF6864
FFFEEECC
0000183F
000169AF
FFFF4021
00005689
FFFF05B4
FFFED4F5
0000CAE2
0000937A
FFFE2989
FFFEA5FC
00009683
00015F58
FFFFB477
FFFFA9E9
00006AFF
0000E088
000095E3
00012788
00014E48
0000703A
0000D2C2
0000985D
00005E04
00016AAC
FFFF1165
FFFE35E9
0000CE2F
0001798D
000049F7
0000A962
FFFEDDF6
00015695
0000C36B
FFFFE780
00018AA0
FFFF3AF4
0000D460
FFFE851E
FFFF9421
0000DED4
00006515
00013040
FFFF702B
000069DA
00008E93
FFFF4C34
00019BE7
FFFF40A3
FFFEE47C
00009E54
FFFF3A14
FFFEB900
00012654
FFFFC37D
0000D909
FFFDDBF0
00005ECA
00023ECC
FFFF45A0
000111D9
0001451C
FFFF1C25
FFFFD069
000026F4
00006989
0000F498
0000E9E5
FFFE3773
000156CE
0000652C
FFFFD430
FFFF7DBC
00010973
000022B3
FFFF9498
00018E42
FFFED8F2
FFFEF982
0000C7F6
FFFFF480
FFFEA154
FFFE692D
0000F19F
0001761C
FFFFADAD
FFFEB6FE
0000C92E
FFFFD84F
FFFEE6CE
00015AD6
FFFF46DF
0001309E
FFFF9D09
00010097
0001B350
FFFE991E
FFFF503F
0000DAC0
FFFF136B
FFFF3087
00013260
FFFE379B
00004E60
FFFEDB91
00003B55
0000D434
0000D5AE
FFFE492D
00003226
0000EAD1
FFFF30D7
FFFF2687
FFFE5EFD
FFFFF277
FFFF0922
FFFF0784
0000D1CE
0000F58A
FFFF5C7E
0000E311
00008CE4
FFFFA7E8
FFFF3ECF
FFFE926C
0000AEC0
FFFE9BAE
FFFFE0FA
00008B1E
FFFF57BE
FFFFDB6D
000161D1
0000DB6D
FFFE8E68
0001190F
FFFFB12F
0000BBBC
FFFF41DC
FFFFE7AE
00017562
00007BEB
FFFFCEAC
0000F804
FFFEF11B
00011BBB
0000CAEE
00002A37
0001A876
0001F7BF
FFFD53FF
0000033A
00023989
FFFE2A9C
00011CF8
FFFE496D
0002338A
000023B6
FFFE25F9
00011D6B
FFFE61A2
FFFDF8E1
FFFFB446
0000EDC0
0000F078
FFFF4135
000124F2
0000E741
FFFFA6A9
FFFFDD5A
FFFF6772
FFFED5D9
FFFF8C11
00002C73
00003823
0001330A
FFFFDBB5
00001605
FFFF83A1
00006B52
0001BE3A
00007549
0000BC87
FFFF7644
0001CF04
FFFFFDB9
FFFF1331
00009DB6
000151DB
FFFF0A9D
000047D5
FFFF3447
FFFF262C
0001C204
00015888
FFFF5E5C
00008539
00004BDA
FFFE641C
FFFF830D
000001D5
000027C1
FFFEFA73
FFFF6C63
FFFFA6B6
0000696A
FFFFAEFC
000030A8
00013D2A
0000125B
00008DA4
FFFF4F24
FFFF1D32
000166BF
FFFF6505
0000CC01
0000B21F
FFFF7375
0001296A
00009216
000083CE
0001150B
00004966
0000E66D
000141BD
00008998
FFFF1E14
000199FA
FFFF4EB4
000053C0
000001CD
FFFEC8A7
00015DAA
FFFFEB94
FFFF4C98
FFFF97CE
000039FD
0000A11F
000064D3
FFFFE32A
FFFEC800
FFFF1D07
FFFE90F8
FFFEA1A4
FFFFC69A
000105DB
000060E4
FFFEF743
FFFF7881
0000FCCC
FFFF9771
00001AD7
FFFF2E10
0000A0B0
FFFF9E07
FFFFE262
FFFFA705
FFFF26E5
00000A43
0000E8E1
FFFE7AC0
00011242
FFFFA33E
00003F35
FFFFC318
FFFFDD39
FFFEB288
00010DA5
00006804
0000E94A
00000BD1
00001197
FFFF9C62
00009FC3
0000E883
0000E084
FFFFACB4
FFFF9450
000047BB
FFFF790A
00005F3C
FFFF2F71
FFFEBA81
00005154
FFFF8530
0000667F
FFFF222B
0001B09A
00016A71
0000A288
00006877
000034DF
000040B5
0000307C
FFFFB49A
FFFF9FBE
00004A71
0001637D
FFFFA0DD
FFFFBDC3
000158B7
00011C75
FFFE5BF0
FFFFD6D2
FFFEE01C
00001483
FFFECFCD
FFFE68E5
00002F1A
FFFF1397
000140B5
FFFF1D1C
FFFEBED9
FFFEF452
000012D0
FFFEB7B2
00011380
0000E140
00005E5F
0000CC0E
FFFFDAEA
FFFF11FF
0000AEBE
0000171B
FFFF27F4
FFFEE4BF
000095DE
000145AD
FFFED396
0000CA91
FFFF3442
000135FA
FFFEF620
FFFFADB4
0000BF8C
FFFFC0E1
FFFF4FBC
FFFF10AB
0000DCCD
0000EC52
FFFF4B28
0000785B
FFFF6DEC
FFFEEA86
0000CC5A
FFFEAA71
FFFF4B6C
FFFE6B77
00003BDF
FFFF5237
FFFE2C26
00007322
00002B7B
FFFEEF99
00002F0F
00005F68
FFFF1910
0000B56A
0000ADAC
00002C1D
0000CAE8
FFFF93D9
FFFF8A92
00015CD2
0000C2FD
FFFF2B80
FFFFABDC
00007192
FFFE0DA4
FFFFAD8A
00000558
FFFF7304
0001168B
0001553E
FFFF4D6D
0000084C
00000E4E
00001BF9
000161C1
FFFEFF45
FFFFCE98
000158E8
FFFF5045
FFFF526C
00001373
FFFF594B
00016990
FFFF4A2B
00008F05
FFFF74AC
000098A7
FFFF8DCD
FFFFE143
FFFF7946
FFFE3361
0000852B
FFFF967A
0000C3E7
FFFEDF22
FFFEBDE5
00004403
000000EE
FFFECC0E
0000B3A3
00012339
000148CB
000081F3
FFFFE2E8
FFFE6063
FFFF8E5C
FFFF4BF3
00008018
0000F3DE
00008732
FFFFDC13
0000C2B6
0000D5DC
00004A39
00005894
00008F1D
FFFE6DB6
FFFF7842
0000B15B
FFFEBF12
FFFEF2C8
0000F6B8
00007C3C
00005D1B
FFFF5309
0001C5F3
0000E4C8
FFFFFC6F
FFFF2336
FFFEDBAC
FFFFDDFA
00013430
000077E0
FFFF405D
FFFF15AB
0000772A
FFFEF111
00017DCB
0000C687
0000A896
0001AE7C
0000235D
00003196
FFFF215D
FFFF02E2
FFFE2154
0001235B
000116D7
00002A66
FFFF7B09
FFFF1F02
0000444C
FFFF62A1
FFFFD596
FFFEDAC6
0001DF6B
00016DF7
FFFF449A
0000084B
FFFF75B4
00010E2E
00022BFA
FFFFD3EE
FFFFE2CB
FFFFB572
FFFF5139
00012E9E
00006831
0000393E
FFFF7FF7
0000E739
FFFF5EC6
FFFF0604
FFFF251D
00003F91
FFFFAC7F
FFFF263C
FFFFEE94
FFFE8208
0001021E
FFFF19CE
0001963B
000171BF
FFFFAEB9
FFFE89E8
0000D4EB
00009F4F
FFFFD2FB
00005C31
FFFF2853
FFFE3092
FFFF1832
000012B0
00008C98
FFFF70F4
00015DC2
FFFFD27B
0000C262
00010904
FFFE4022
00009275
00009C32
00005A43
00005101
FFFF0C91
FFFF132C
FFFF511A
FFFDF0F9
FFFF9D29
00010B36
FFFF9D9F
0001820B
FFFF8B28
FFFFF098
0000AA79
00001A88
FFFFE381
FFFF838E
FFFFC59A
0000C2DC
00003FB8
FFFF1FB4
FFFF266A
00006D89
FFFF3C16
FFFEEADF
0001C944
0000320F
00009F79
FFFEE59E
FFFF9876
0001087D
00009153
0000BF5F
FFFFF313
FFFF18B1
00005158
FFFFD5DF
FFFFBFCA
0000F156
FFFF8662
FFFF59E8
FFFF4A25
FFFFA0E9
000081FF
FFFED071
00001017
00008485
0000F9A2
FFFF5E18
0000C01F
FFFF5EDC
FFFF57D6
000094FC
FFFF4557
000166E1
00005D01
00008ECC
FFFF2B26
0000B045
FFFFED06
FFFFC898
0000FBBC
0000C3E1
0000E930
00009C2A
FFFF1915
FFFEF56C
FFFF6A62
0000D65E
00013E88
FFFFDB4A
FFFF42A7
FFFED72D
00005FDD
FFFF3AC1
000054D3
FFFF8142
FFFEFE09
FFFFDF73
FFFEFB75
FFFFC136
0001BFC3
FFFFFB52
FFFFFF21
FFFE6A1B
00012E95
FFFEF745
FFFFBD0E
0000E82D
0001636C
FFFFDCEB
00000B1B
FFFF8346
00003598
FFFFDA7E
0000CBB9
FFFF22D4
0000D18A
FFFEDFFB
FFFE8E1D
FFFF29D9
00011C2C
FFFF2B63
00006E9A
FFFF469C
000059C8
FFFFBDA3
0000995E
FFFF642D
0000BBC0
FFFF8FA8
FFFFEC18
FFFF5793
FFFE9A09
00013560
FFFF9516
0001866F
FFFFB1EE
0000755B
00003333
0000D792
0000A91E
FFFEC64D
000017BA
FFFF36A2
FFFE3559
00008DB3
FFFFC78B
0000051A
0000AE11
FFFF09D9
00014DC8
FFFED35F
FFFFD85D
00013B8E
FFFFEA00
FFFF5571
FFFF59F1
FFFEFC9E
0000314E
FFFFEBF2
000186D4
FFFED049
0000B481
0000C6DF
0000D87B
00002A4F
00001116
FFFF0C2A
000027A9
0001CD79
FFFE73C0
FFFF2DCB
FFFF4450
0000B7F4
FFFF853A
FFFF7DE9
00008A25
FFFF9114
FFFEF77B
0001FDFF
000114D5
00000124
FFFFD0A0
FFFFE96B
FFFEEB2E
FFFFDA12
00004BE3
0000FB49
0000956F
000044B8
FFFF90F9
0000B6FE
000140D5
0000E7A9
FFFFC646
00013070
FFFFA11B
0000BF7F
00009BF9
FFFF4A58
00013520
0000422F
0000EAF8
FFFF8F28
000072B8
0000B773
00004AB9
00004380
FFFF28A2
FFFFA4E1
00011386
FFFF5E7B
FFFF8699
00002A52
FFFF9851
FFFF3709
FFFFEF6E
FFFE89B5
00011EAA
0000E674
FFFF9336
000057AC
FFFF4F81
0000821D
FFFECCE5
00006E25
0000A31E
FFFF0DE0
FFFED796
000065DE
FFFFECA5
FFFF8E39
00001EA5
000169B8
00015130
FFFFBA3A
0000B712
FFFEFF93
FFFF96A2
FFFF9652
00006650
FFFF6954
00005AE5
FFFFB0FA
00006234
FFFF7ADF
0000888F
FFFF4C40
FFFEAF08
00019982
00003393
0000F51C
FFFFF1B1
0001B679
00008A94
FFFF9C7F
FFFF5C37
00007742
000052D6
00018D5D
FFFFDD2F
0000EF9D
00000118
0000F765
00002588
FFFF259F
0000946C
FFFFA69D
000059C2
00014061
FFFEE0CC
FFFEC950
FFFF99A3
00017621
00004252
FFFF59DC
FFFFF47D
FFFF5A53
00001659
0000AC70
FFFF3E9C
FFFFF79E
00017743
00000F96
FFFFB9FA
FFFF0C43
FFFF7E73
00017230
FFFFE2B3
FFFEF997
000055A9
FFFF5345
00012443
0000E161
00007EA2
FFFFB16C
FFFE972A
FFFFFDDA
0000080A
0000AAB5
0000B10A
00009028
0000DC84
0000E19C
FFFF539A
FFFFEDFB
00000192
FFFFEB9E
00007316
00006828
FFFF29CB
00004BA0
00007CAE
000075E9
FFFFAC59
FFFF90EF
FFFFDC99
FFFF7D33
FFFFE283
000047F7
FFFF6E42
0000F02C
00002B60
00007830
000008F5
FFFF889D
0000BB7C
0000E818
00004C62
00009278
FFFF28DA
00014671
FFFF8EE3
00000DBD
FFFFF237
FFFF9F0C
000021C0
FFFF815D
0000B937
FFFFA6DD
0000CAED
FFFFEBAF
00003974
0000B822
FFFF3C49
FFFFAA0C
00001A02
FFFFE08C
FFFF0B88
FFFEC66C
0000AFB9
00004CDC
FFFFFEF7
FFFFC7EB
FFFF3A7A
FFFF8FA5
00008A34
FFFF4BD8
00007231
00003ACB
0000A036
FFFFEAEF
00008701
FFFF2290
0000880E
00011DEF
FFFFA6A6
FFFFA7B9
00001D36
000019C4
00007C1F
FFFF461C
FFFFBB50
FFFFA6C4
00005514
0000829B
00002DDD
000055B7
00000E84
FFFFF15A
FFFF447C
FFFF6E08
FFFF6922
0000CF99
00005295
FFFFABAE
0000B3C9
00005254
FFFF7583
000040F0
000093DB
00003107
FFFF6042
FFFF58FB
00001604
00007E42
FFFFBFB2
FFFF9CB7
00008B8B
0000383E
FFFF1AC5
00005A8D
FFFF4ED4
00000FDF
0000FD4F
00001ABE
FFFF5F7A
0000FCC0
FFFF0DF5
0000A49C
00004C64
0000A8D6
FFFFF379
00005202
FFFF55B7
00004435
00007B51
FFFF25FA
FFFED614
FFFFC9C4
0000592B
00005AD5
FFFFD946
FFFEDD67
00006A1E
FFFFEE19
FFFFB50F
000009DA
FFFF646A
0000CD24
FFFF576E
0000BBC6
0000D5E9
FFFFAC1A
FFFFA5A6
00003CD5
0000AEB7
FFFED22E
FFFEF909
FFFFD2D6
00002C21
FFFF3A16
FFFFB27E
FFFF846E
FFFF2339
0000476F
FFFFFA94
000006ED
00009A8F
FFFFD16F
FFFF1331
000081FE
000038D1
00009D49
000065CE
000051AE
000002C9
FFFF829A
FFFF2933
FFFF8B6F
000052AD
0000469A
0000297B
0000AA83
FFFF8522
00002D00
FFFF3E64
0000BDC2
0000E552
FFFF1BEA
FFFFB537
FFFF8488
00006231
00004B68
00001116
FFFFCA28
FFFFD2F4
FFFF041A
0000AD20
00008B45
000016CD
0000880F
FFFF6519
FFFFB3CC
00007424
FFFF9341
FFFF7F1F
FFFF327C
FFFF98C3
FFFEC4EF
00006C2E
0000EE8C
FFFFE7BF
00006286
00000EF8
00008FB8
FFFFD1CE
000038E8
000097CF
0000A20A
FFFFC2C6
0000C0B9
00002BB7
FFFF7FBA
0000D803
FFFF746E
00007D38
FFFFFA09
FFFF78F3
00006F49
FFFF48EE
0000A9E8
0000162D
FFFFD3F0
FFFFC063
00000ABF
00016BAD
0000477E
000055A4
00004132
000098EF
00003555
00004925
000024E6
FFFF4861
000016FE
00003BC5
000006C3
00017361
00008C5F
FFFFE035
00004647
0000634D
FFFF8F53
FFFEF778
FFFED773
FFFF8C1F
00010718
00008CBF
000065C1
00004E46
FFFFDD7F
FFFF86D2
FFFFA637
FFFF97CF
FFFF6512
0000CD2C
FFFF1A92
000014EE
0000D35A
00007E59
0000AC44
000018F3
FFFFB629
FFFF6D29
FFFEA2D5
000022FB
00016D29
FFFFEB83
FFFFB3B9
000063CD
FFFFA3D6
FFFEE4B1
00009427
00000967
FFFF6A4D
0000AB38
FFFFB6AC
00007668
00000336
FFFF6EFC
0000D7EE
000003E5
FFFF7102
FFFF72FE
000003C9
00007ECA
000128BE
FFFF3903
FFFFD6F9
000037AF
FFFF8CD9
0000295E
0000380E
FFFFBA5A
00001455
FFFFFAE0
00002BFE
0000EAA3
0000653D
FFFF88AA
FFFF5023
00006E19
0000A7FA
FFFFB0C6
FFFF4AEA
FFFF48B5
FFFF7FCB
FFFFA7CF
00007946
0001094E
FFFFEA6E
FFFF437B
FFFF8287
000083EE
0000576B
FFFFA8A1
FFFF7598
FFFFCBC5
FFFFA662
00002E07
0000962D
0000D8C3
FFFFA3F7
FFFFD1AC
0000AE37
00001700
0000263A
FFFFE12C
FFFFE459
00003DFF
0000EDA3
FFFF69FF
00003A4A
0000C01A
FFFFE346
00004FDC
000067DD
FFFF639A
00000B6E
FFFFF543
FFFFEBC1
FFFF4A25
00008356
FFFF68A2
FFFF67CD
FFFECA95
0000E06B
00002E21
FFFFE560
FFFF3FAB
FFFFD746
FFFF6EEF
FFFF15D2
000030E8
00005CD7
FFFFA6CC
FFFFAB3C
0000AF83
00001512
FFFF4099
00009E1F
FFFFDEF5
00005DFB
0000CACC
FFFF9BAA
FFFFF007
FFFF314F
FFFF3A96
00004DFE
00009F46
FFFFFDF9
FFFFCB3F
FFFF7A24
000075BC
0000C197
00010150
0000E6F3
00000921
FFFF0646
00007E6E
FFFFDCBE
00008018
0000E1F6
FFFF4C92
0000AD19
00010393
FFFF8E37
FFFFEDB3
0000BACC
0000D064
00009AD4
00006B52
FFFF9D13
FFFED49E
FFFFA5F7
0000CEAB
000084F4
00000306
FFFE5795
FFFF7870
FFFF644A
0000B49A
000119E0
0000771E
0000908B
FFFFA085
00007368
00002EC1
FFFFFF9F
00005515
FFFFA9DE
FFFEBF23
FFFF060A
000021DC
00000359
FFFFC4C5
FFFF2E00
FFFFB5D5
00004C64
000112C4
FFFFC1AE
00004307
FFFFBDB2
0000BAE3
FFFFBD9B
FFFF9D64
00002005
FFFF976A
0000CD92
FFFFA8BB
00003E9C
FFFECA0F
FFFFE51A
0000ACD3
0000215A
00009C62
FFFF26BB
FFFFC69F
000165BF
00004549
FFFFEAB2
FFFF7FF4
00006882
FFFFBA1F
00004CD3
FFFFFE3E
FFFFA526
FFFF86FD
0000265A
00009843
FFFF8743
FFFF0530
FFFF9E5F
0000509A
00008BBB
FFFF8E69
FFFEBDCD
0000C90B
FFFF5850
00006FBF
000058EC
0000068F
00006F10
000010BE
0000D799
00008E68
FFFFA0F6
00004546
FFFFA444
FFFF730E
FFFF37BA
0000FF51
0000CCEA
00001D6F
0000F4BD
00001AAA
000045D3
FFFFCCC7
FFFF070D
0000C9DF
FFFFBCC4
FFFFC014
00006498
000116D9
FFFFBE26
0000A3C8
0000BB65
FFFFDE61
00000095
FFFFAA28
FFFF9B0B
FFFF3E4A
FFFFBBE2
000001E5
0000DE75
00002793
00009D85
FFFF7FA1
FFFFAA7D
FFFFA637
00004281
FFFF94AC
00003573
00004435
00009E42
FFFEE81D
FFFFC370
FFFF70B1
00007534
0000E265
0000E5B8
FFFEF8D7
FFFFE3F0
FFFF4564
000018CB
0000CB28
000050BB
00002467
00001B9A
FFFF8563
00007F34
FFFFBCC9
FFFFEB3E
00009ABD
000062DC
FFFFB806
0000A638
00005807
000024CA
00000006
FFFFFB2B
0000598E
FFFFB678
FFFFF0E9
00006087
0000AB6E
000036B0
00013299
FFFF889D
FFFF1A86
FFFFBCA3
FFFFD6DD
FFFFFBE5
0000CE3B
FFFFFFE0
FFFFC028
FFFF8DCF
FFFFA866
FFFFB89D
00001D69
FFFF9BE6
FFFFBCBA
0000C2BB
FFFFEC4A
00008DAB
FFFF9F21
00004009
000054DC
FFFF7523
FFFEE13B
0000680D
FFFFC48B
00002D21
00014AE4
0000C1BD
FFFF5C51
FFFF8842
FFFF8291
0000125B
00011A05
00006740
00000995
FFFF6950
FFFFB028
00007959
FFFF7360
FFFFE5F2
0000958C
0000C753
0000925B
0000C3C0
0000AE34
FFFF8061
FFFFC092
0000062D
FFFE87EC
FFFF6C17
00010940
FFFFB5D3
000131D4
00014577
FFFF93AF
FFFFD6FA
FFFE7CF0
FFFFE0C3
00000D55
FFFF509F
FFFF3BF2
FFFF43B7
FFFE0368
000088CC
0000B8ED
FFFE74D2
FFFF62B5
00007AF4
FFFFE962
FFFE2F05
FFFF9CC2
00007BA0
00001F1F
FFFFCAD9
0000504C
0000A325
FFFF494D
00000C57
FFFFC687
FFFF3DEE
FFFEE69E
FFFFF23E
FFFE83F3
FFFF8AD5
FFFF409C
0000110D
FFFFBF72
000108EB
00003D96
FFFE71CD
0000FEA4
FFFF32D9
00008702
00006C6E
FFFF1E9C
00007283
FFFF351F
FFFF6898
FFFECEEF
FFFF3192
0000A249
FFFF76A7
00015B70
0000B91C
FFFDA843
00023D92
FFFF0ECC
FFFE2587
00018D00
FFFF3923
FFFF2821
FFFF1941
FFFEC7EC
00001D4C
00011700
FFFEE27F
00000545
00009036
0000B4AB
FFFED6F5
0000767D
00000D97
FFFF645D
00014A58
FFFF247C
FFFF3512
0000CC94
00011E72
FFFF65CE
0000AADC
FFFF69BB
FFFFB8FB
0001C80C
FFFFD895
00004436
0001C4B7
FFFECA2C
0001F106
FFFFF21D
FFFFF271
00012661
FFFFFCF8
FFFF22C9
00008368
FFFF0D8C
FFFFB0FE
FFFDB458
000127FE
FFFE61F8
FFFE181F
FFFF2376
FFFF764E
00005801
00006083
00003BBA
FFFD8714
00023645
FFFE2E9F
FFFE61CA
0001B4F9
FFFF24AC
FFFDCA25
000157DE
00003AE3
FFFFE031
00004739
0000E9BB
FFFF2646
000117FB
FFFFA4A1
FFFF9C2D
000082EF
00001133
FFFF2EE3
00002AFD
00006BDE
FFFFF5DC
FFFF379C
00007851
00009250
FFFEF9BB
0000F803
0000E794
000015CF
00000AD3
FFFF067C
00000638
0000DC81
0000479C
FFFF35DA
00008039
FFFF9F9E
FFFFD3DB
FFFF538D
FFFFB9E5
FFFF9DF6
00004A52
FFFF2D43
00003E8E
FFFFD80A
0000F4CF
FFFF2B67
000222F1
FFFF3F19
FFFEBA84
0000E98F
FFFEE731
FFFE587C
00005341
FFFF5F91
00010923
FFFF90D2
FFFF0E09
000151DF
FFFF9C35
0000A872
0001394B
FFFF846E
0000D3BE
0000FFEF
FFFF6D7D
000046CA
FFFEC19B
000065D1
0000C12F
0000F80C
FFFF390C
FFFED97B
FFFF0D80
FFFFDF2C
0000BE69
FFFFA40E
00008430
00015A77
0000CCC8
00003AEF
FFFEC57B
00014E6C
FFFF7519
FFFED98B
FFFF921E
00005B39
FFFE99A6
00012FC8
FFFECEDF
0000060B
0000F01C
FFFF65C6
FFFFF8C2
FFFFD2A0
0000E57B
0001A4AF
FFFDED48
0000880B
0001162F
FFFEAB41
00006CBE
FFFFDED2
0000A5C4
0000B2B1
00013C8E
0000480A
0000F889
000049DD
00003A42
00012985
FFFEEB88
FFFF7614
00014C41
FFFFC459
00013AE3
00004750
FFFFE758
000020F4
FFFF85C0
FFFF3278
00000FE8
00017237
FFFFF018
FFFEA062
00004416
0001CBBE
FFFF17E9
0000B253
FFFF57BC
FFFE3405
FFFEBA91
00011F48
FFFFEF16
FFFEED38
0000AC73
0000B757
FFFFDC52
FFFFD91A
FFFEF9C7
FFFE9BC5
FFFFFFC1
00010F26
FFFFD7A4
00005BE0
00005442
00004D5D
000196F7
00001A9F
00001531
00002085
00000E96
FFFFEEFA
FFFE39A2
0000FCBB
FFFF31D0
FFFF692A
0000DA88
FFFFCDBD
FFFF2311
FFFFBD5E
FFFFD1A2
FFFF6A5D
00011DB0
FFFFAFCA
FFFE72D6
0000FE5A
0000009E
FFFF47D9
FFFF4F3A
0001AD10
00001B3D
0000C2A1
00017FBC
00009761
FFFF4BCE
00011143
0000095F
FFFF5C25
0000978E
00016B96
0000394A
FFFF6AEA
0000B5E8
0000D1D6
0000887C
00011E62
FFFFCFF1
FFFF71B0
FFFF47CE
0000E31F
FFFF2934
00014D64
0000E5E9
00004E1A
FFFF8956
FFFF7CD2
000094E9
FFFE67EC
00016E97
000047DC
FFFF9BBE
FFFFACB5
FFFF950B
FFFEB8DC
FFFFA243
0000336E
0000ACF7
FFFEC14F
00000C20
000207C0
FFFF3B0F
FFFF3E2C
00006AA4
FFFF3BB1
FFFF95F5
00000AB9
FFFFF162
0001365B
FFFED5BB
0000609E
FFFFC15D
FFFF400D
000055E6
FFFF0B04
0000CCE1
00002571
FFFFCBBE
0000CB3F
000130EC
FFFF4BAE
FFFF87BC
0000F045
FFFF40CD
FFFDD632
0000DA31
FFFF6241
FFFFA7F6
0000AB37
FFFFC275
FFFF5A78
FFFF5EA4
00009308
FFFF042D
0001852F
FFFEC3D0
FFFF880C
0002201C
FFFF6929
FFFD9ADF
00021040
FFFFBF26
00010E36
0000194F
0000DBAA
FFFFB5AF
0000C673
FFFE9EA8
0000C106
000014EB
FFFEBE2E
FFFF3D7A
FFFF853E
FFFFE6F0
0000A217
FFFF6BB3
FFFFB36F
FFFF659A
0000E529
000097A2
0000D5AE
0000DCDC
0000D31B
000063A1
FFFF4A9A
FFFF5480
FFFF4C4D
00000A10
FFFFE0F5
FFFF455C
FFFFA2CE
0000020E
0000474E
FFFEA99A
0001726A
0000299B
FFFECFBA
0001DE5A
FFFFEB6D
000073EF
0001458B
00015FF0
0001EA66
0000D2A0
FFFF0C93
0001DFD3
FFFED2D9
00008EC9
00011611
00014041
FFFFF062
FFFE79D1
00014F0E
0000DC34
FFFEF0BF
000200F3
0001DD7B
FFFE6638
0000B22A
0000349C
00004F0B
FFFF78E4
FFFF6E69
00005690
FFFF0F3E
FFFF3BE5
FFFF7968
0000AB3F
00006B97
FFFF588A
00011A2F
00010DCE
FFFF0CF8
0001143D
0000CA0A
0000E58A
FFFFFFE6
000178B8
FFFE948B
FFFF1BD7
00009745
FFFEDFBC
0000583E
00017383
0000F5C9
00008A0B
FFFFCDC6
0000B8E1
000079B5
FFFFC854
FFFEBA48
00005B59
0000CEA6
FFFFA903
FFFFFE3A
FFFF5AFC
FFFF9D88
00018433
00001C7F
00003F89
00001321
FFFFE059
FFFFB5B9
FFFEB342
0000F3BB
00009C53
00000BD6
0000813E
0000B252
FFFE8DB5
FFFF40C4
FFFFFDAB
FFFF0273
0000AF81
00014460
FFFE7B96
FFFF13DD
0001705D
0000C6D9
FFFE8CFA
000088F0
FFFF9D89
00001DFC
00017835
0001045F
FFFE8FBE
0000AC35
000097C8
00014040
0000A8A4
FFFFF0C8
FFFFE369
FFFF83E1
FFFFBDEB
FFFFD76A
0000B51C
000041DB
FFFF359A
FFFF972D
000058C3
0000CD17
FFFF25E2
FFFFA745
FFFF2A19
FFFECE5E
0000820D
0000CA36
0000839D
FFFF6353
00005619
FFFF974B
00002DF0
0000F5A4
00003A4A
0000F506
FFFF784D
000131B6
FFFF4E53
FFFFE51F
FFFF498F
0000BAD7
0001DE54
FFFF0057
0000B8B8
FFFFFC45
00005F94
FFFF990A
00008CC6
0000A5CF
FFFF87CF
FFFFF153
00012DA4
FFFD8F2C
FFFF740D
0000228E
FFFF6A45
000114D2
FFFF5DEF
FFFF3449
00002889
FFFFF6EF
FFFE5700
0000586B
00006238
FFFEE01B
FFFF066E
0000578F
00006160
0000608A
000098AD
FFFEE6A8
00000440
00010C2C
00010F6B
FFFF9302
FFFFC6E9
00007115
FFFF6DC8
FFFFF292
000148BA
FFFF44C2
0000FC0F
0000692F
FFFFCCDE
0000C936
0000E7F6
FFFFD063
FFFF6C1B
FFFFFAF1
FFFEDCBD
FFFEE96B
FFFF0775
0000B710
FFFF1DD8
0001322A
FFFF4C17
FFFED40A
00010173
FFFE8832
0000A2D8
00015DA7
0000FB40
000172CA
0000E5B0
FFFFEC6A
0000BBA9
FFFEB22F
000135C4
FFFFABA9
FFFF4A15
0001B7FD
000195A7
0000B435
00005C93
00012E74
FFFF2000
FFFF0D5C
FFFE7268
FFFDEB17
0000FEDE
FFFFCD35
FFFFC9BA
00019421
FFFF21B5
000068B3
0000EFD8
000158F2
00005ACA
FFFFE953
0000D5C1
0000889E
FFFDCC08
FFFF33BE
FFFFB5F2
00003F50
FFFF37B0
FFFF4FAE
FFFF28D4
00005D5C
FFFED089
00006FA1
0001B56E
FFFFD548
FFFF51B9
FFFF5EEA
FFFF0A57
FFFE7C2E
00000C21
000015A5
FFFE3669
FFFF4753
FFFEA984
0000E39E
FFFFD2DC
FFFE82CF
FFFFAECA
0000B8FD
00009BC1
00013665
00009E18
FFFF5B61
FFFFEB15
FFFFEB1A
FFFE0053
0000F775
0000645E
FFFFF8CF
00008539
0000341E
FFFF7A98
0000E1CA
FFFF1549
FFFF782A
000009EF
000178DB
FFFFC9B0
00002279
00017D43
00000BA1
FFFEFBFA
00006758
FFFF7A0C
0000261B
FFFE7F05
00014E0A
FFFFD1D6
FFFFE682
FFFFBC4F
FFFF77E3
FFFF590E
FFFFB7C2
0001592B
FFFF306D
FFFF7699
FFFE8076
FFFE8A49
00027D4B
00007F24
FFFF509D
00019150
00019CF1
FFFFE24D
00003A26
FFFF4746
00001D22
00002977
FFFF39B2
000142C3
00009326
FFFF50F3
00009945
FFFF29B4
0001C666
0000F571
FFFF34B7
000088F7
FFFDEA18
FFFFEF68
000026CC
FFFFF9FB
FFFF630C
0000F7DB
0001D7C8
FFFF0F96
FFFED6FC
0001605F
00008AEA
00004DA0
00003C17
FFFED218
000141EC
FFFE0927
0000CB86
00004302
0000C31B
FFFFD556
0000B335
FFFFFE08
00006871
FFFFC43F
FFFFA374
0000A5EA
000085FE
FFFEC663
FFFF1BD8
FFFF85FB
FFFFF634
0001DC21
FFFF57AE
FFFE7D36
FFFF5690
00005569
FFFE9429
FFFE83FA
FFFFB451
FFFFD75F
00001A1D
00018306
000103B2
FFFEDCD8
FFFEC912
FFFEE567
FFFEE362
FFFFF4CE
FFFDB6DA
FFFEA0EB
FFFF0EB7
000111F3
000029CF
0001BC63
FFFE02CC
FFFF0EAE
00002BE4
00023EEB
00023E32
00003EB1
FFFEBC9B
FFFF6E09
FFFFEEC5
FFFF8C0F
FFFFE43B
FFFEB5E9
FFFEE989
0001D26F
00000805
FFFFDB0F
00010406
000083D8
00001060
FFFF2DC4
FFFFCAF4
00012E47
0000AE17
FFFF627D
FFFF53AF
00013FBE
FFFFA300
FFFE8375
00019746
FFFFD166
00003350
0000BB6B
FFFFB8B7
00011C82
00008820
000193A0
FFFF5EC7
0000F738
0000C1B4
0001E440
00023929
FFFF72AD
00021273
0000BAFE
FFFE7A5C
FFFEB9DE
00006FFF
0000BBC8
00003A37
FFFE98AC
FFFD165F
0000579F
FFFED115
00005D7C
0000BED9
0001BEC6
FFFEF231
FFFECF03
FFFF5E24
FFFF2BF8
FFFFA4CA
FFFFCDE5
FFFFD135
000035B1
FFFE1383
FFFF1BF5
FFFF9B95
FFFF141F
FFFFC275
000125C7
FFFE895F
00013575
00012952
FFFD280D
FFFEBB36
0001F7D4
FFFFA399
FFFF7F38
0000422D
FFFE941B
00000E15
FFFF96AD
0000EF31
0000F8D9
FFFECD70
00007981
FFFFCFE1
FFFFFB5B
0000BB34
FFFF737A
FFFFB8BD
FFFF43B8
FFFF7014
0000922D
000033DA
FFFF62A8
0000E808
FFFF546D
00004A36
FFFF8703
0000BEF9
00005B79
0000007E
0001024E
00002C75
FFFDBB26
FFFFEFB5
FFFE94EA
FFFF5246
00001E39
FFFEAF9B
00000BC0
0000A46B
FFFF60D7
FFFFB0A2
FFFD3A45
00012DC1
00004B7D
FFFFA016
FFFF7F88
FFFF0D1E
00002B9E
0000BC4D
0001553B
FFFFFCF6
00005E11
FFFFA5C2
00008C8D
FFFE0A2F
FFFE75FB
000047A8
FFFF55E5
FFFF87AA
000060F6
FFFFBC1E
00002A19
00007440
00000451
00004EC2
FFFE658A
FFFF97AC
FFFFE182
0001406E
FFFE4307
0000C234
FFFF21BD
FFFED71B
0000A39C
000006F9
FFFEE153
FFFF512A
FFFED833
00000F58
00023944
00012899
FFFDCC64
0001A70A
FFFF3919
0000A175
00016F07
00005D8A
000111D8
00004337
00001ABC
FFFF593E
FFFF397E
0001DCA8
FFFE8937
FFFEB4AD
00004FA7
0000B931
000181AA
FFFEDB60
FFFFE94A
FFFF02B0
FFFE6276
0000B715
0001C167
00004224
000162AD
FFFF77B1
00004A6B
FFFFDDAF
000070E4
FFFF84EC
0001368C
FFFE7452
FFFD8943
FFFEDF9B
FFFEF9F9
FFFF467B
000209D3
FFFF7B03
FFFFF7ED
FFFF8F8D
0000ED8E
0000FA60
FFFEB075
0001B751
FFFEBB2D
FFFEA1C9
FFFFA797
FFFE957E
00022B0A
0000EC18
FFFDE0A0
000039F9
FFFD3AE5
FFFFBA6F
FFFFC2F9
0000FBE5
0000902A
0000A921
FFFD5FDE
FFFF3952
FFFF2E70
FFFF4462
00023520
00011ED6
FFFDEE35
00001F00
FFFE62DB
FFFFE0A4
00019D8E
00023079
FFFF422C
FFFF4EA6
FFFF817B
FFFFACCB
FFFF8ECF
FFFFE4F8
FFFE624A
FFFEB29B
FFFF6FA7
000000A2
FFFF953E
0000B760
FFFFF662
00016ECB
FFFE9A40
FFFFF1DF
00023019
FFFFF7F4
FFFF5E0B
FFFECEAC
0001910A
0001A3F8
00003B8C
FFFF9249
0000E4AE
FFFF562C
0000BE7A
FFFFC238
FFFF88D2
FFFE369A
0000A608
0000F58F
00016A80
FFFF37CD
FFFFA7FB
0000DA61
FFFFFF0E
FFFF92E5
0000E1ED
0000A2A0
FFFF58CB
00005624
FFFFDE2B
0000EBA0
FFFFC0BD
00017EE5
FFFEFADF
00017C0E
FFFEB2D6
FFFFD510
0001323A
FFFEA9CB
FFFF2489
FFFF9C26
FFFFDFD0
FFFEE491
FFFED462
FFFFE4A4
00015701
FFFF486D
00001DA2
FFFE4FE4
FFFE2EB4
00004FBA
00005722
FFFF4D8D
FFFFEDE3
0000E7A5
00006478
0000E2AC
FFFFCA94
FFFDA938
FFFF03F1
00002CFE
0000C294
FFFF36A0
0000EE50
00004135
FFFF1539
FFFFC0FE
00028701
0001657D
000004AC
FFFEE885
FFFF25E7
FFFDC00A
0001E018
FFFF88DC
000066E5
FFFFC0B9
FFFFC9EC
FFFF2040
0001876F
0001605D
000104EE
00013D72
FFFEF4F9
00002776
FFFEEA50
00015591
000080F3
00014FD9
FFFE507C
FFFF4B2C
FFFF1DA6
0000D2BD
00014F61
FFFF6D4B
FFFE0E8D
0000FE29
FFFFFDF2
FFFF2651
00014E40
FFFFECA9
FFFF251A
FFFE1DC8
0000ACFD
000044B2
000080FF
FFFFBC1B
00011D76
FFFF68EE
FFFFC1F2
0000F6DA
000173C3
FFFDF01D
FFFEF466
00014072
FFFF47CF
FFFF72DE
FFFF6C87
00008712
FFFF0387
00009E3D
0000C565
0000E7E8
FFFEFBB7
FFFF9DFD
FFFF8F9A
FFFF6014
00015341
FFFE21ED
FFFF9E3B
FFFFD60D
00010CDC
00013B6B
FFFF8A0B
FFFFA649
0000DE47
FFFFA48B
FFFF7EAF
FFFFE1FA
FFFF4CC3
0000C9CF
0000B7BA
0000DFE1
FFFF7C64
0000D345
FFFEB8E8
00002D9C
00017B1B
0001188B
FFFEDA3E
00014C1B
FFFF4B82
0000CBCC
FFFF547C
FFFEDE34
0000B2E4
FFFF7A2A
FFFF6710
FFFF4E98
FFFF21A4
00007C60
0000F354
FFFEEBFC
00025767
0001E085
FFFFC879
000094A1
0000CD21
0000C2F5
00011034
FFFEF4BF
000041E8
FFFFB6C9
0001786A
00002158
FFFF8422
0000F877
FFFF70FD
FFFF7C11
00008E49
00018E67
FFFDF8E8
FFFF52CF
FFFFA683
00013E1F
000193D4
00003B59
00005322
FFFF18A8
0001C95D
FFFFF223
FFFF5889
000073F1
FFFFF5F6
FFFFB88C
00000904
FFFD51B3
000034E4
000078E4
00025365
00008BE7
000148E0
0000A78A
00002ABF
0000C84F
FFFF3ED1
0000B421
000126EC
FFFEA31D
FFFDEF19
00007207
FFFFFDB5
FFFF223C
FFFE7B85
FFFEC743
FFFF8944
0001815A
FFFFD3E3
0000FA4F
000036C6
00011F1D
000110D1
FFFD696F
FFFDA0C6
0001A95A
FFFF8A5D
FFFF117B
000101A3
0000A66A
00002FA0
0000C712
0002216D
000083EC
000053A9
00018D88
FFFF2804
FFFF9CE0
00009DC8
FFFF3616
00017F28
0001234D
FFFE56F5
00005ED1
000083A6
00001B1C
FFFEF6E4
0000E5D0
FFFF3057
0001297C
00006E93
FFFF7A0A
FFFFB397
FFFEF45C
FFFF61CD
00005EC4
00007908
000008C3
FFFFB656
000103AC
FFFF4528
FFFEDBE1
0001540E
0000706B
00014881
FFFF331A
FFFD620B
FFFEA410
00007645
FFFFB618
FFFEFCC7
000248FD
FFFFB852
FFFFCE9D
0002033A
FFFF0639
0000BF3F
0001A32E
FFFFE78C
FFFE8850
00001FBE
FFFED6FC
0000AF4B
FFFF22B3
FFFFA301
00016DF5
0000D53D
0000F87A
0001AF9D
00002E88
00003C5A
FFFE5960
FFFEEAC6
00007371
FFFF1DBB
FFFF22B3
FFFED455
0000F2ED
00008653
FFFFC1BA
FFFF2E69
000184AB
FFFEF163
FFFE7998
00007844
0000BA5D
FFFFA4A1
0001A680
0000271D
00010A50
FFFF66C7
FFFF2C67
FFFF558C
000000A9
FFFF4856
00007720
00003CE6
FFFFCDEC
FFFED8EC
FFFFFC9C
0001659F
0000B829
0000DE11
FFFEAEE6
0000FE7B
FFFF5467
FFFE7EAF
00013C36
FFFFEAAF
0000A2F8
00000E81
0001E219
00008E86
FFFD0998
FFFECA32
0001CAC2
00000342
FFFFC5C2
00013523
FFFFA736
00004E21
00000A26
FFFF8DBD
00002C48
FFFF673E
00008356
0000B36E
FFFF999C
FFFF3344
FFFF4D0D
000128EC
FFFF9B8A
FFFEB32F
FFFFC5E5
FFFFD1C9
0000C28E
0000D4D2
0000F1DE
FFFEBFF1
FFFEEA2B
00008310
0001057A
FFFEFA40
FFFF98D7
0001941F
FFFFA626
00005E0D
0002006E
00005C97
00009BF8
FFFF6573
FFFE65E3
0000F4DA
0001FBD0
00005DEC
FFFFBB6F
FFFF69CF
00011F0E
FFFFC6B7
0001F651
FFFFBCBD
FFFFB2E9
FFFFAA8B
0000C282
FFFEA79A
FFFD76EF
FFFF33F7
00017BEB
FFFE3695
00009295
FFFFA224
FFFE2182
00002E67
0000C546
00006BAC
000130F6
FFFFA622
0000713E
FFFE9744
0000CF83
FFFEA419
000038DE
00012B2A
FFFE70D1
FFFF156D
00012C0A
FFFE66B4
00007E53
00014CB5
00007473
0000443A
FFFF0A59
00008D6E
00003C6E
00017DC3
000336F7
0000ECDC
FFFE88A4
FFFF5304
000014B5
FFFE4DA7
00003903
0000DF55
00007133
FFFE5583
0000C5E9
FFFFBBDA
FFFF2CE8
0000930E
FFFDF389
FFFE314C
00010EF0
FFFF38F0
FFFFF4B8
00011D5D
FFFDEB59
FFFF744C
FFFD8675
FFFFD51B
00005892
FFFFDE00
FFFF75B2
FFFEFC55
000115B4
00002357
FFFFA691
FFFEE88D
FFFF48CB
0000BB57
FFFF59BD
FFFF09B0
FFFF186F
00002710
000142FB
000051FB
FFFF43D2
FFFFA194
00001DA5
FFFFBAEE
00007BCF
0000D92E
00017E45
00000B52
0000AB0D
00003015
FFFF0005
0000DF96
000268E0
000130F4
FFFE7B13
FFFE319C
FFFEA1B9
FFFFE327
FFFD4323
FFFE8F78
FFFF7D16
00015090
FFFFF761
0000C1E5
00005AC6
FFFDBC65
00014CF2
000296C1
0000ABD6
0000F48D
FFFF2217
FFFE14F0
FFFFA5F9
000210A6
00011B55
FFFFD8B1
FFFDB166
FFFFF38E
00005395
0000794B
FFFF57B1
FFFFFFD0
00012617
FFFF499C
FFFEC26B
FFFF7F08
0000F9DB
000079F3
FFFEC4A8
FFFED6D9
FFFEB582
0000BD94
FFFF1B85
FFFF290B
FFFEC81C
0000FCBC
FFFE69C7
FFFFC424
0000BC55
0001AE2E
FFFE7C1D
FFFFF646
FFFFECA7
00014853
00009C9C
00003B92
FFFF0FC9
000004C3
0001DA4E
00001659
FFFFF771
0001A5EE
FFFFE956
FFFF5873
FFFF5F32
0000BF57
000122D1
0001F291
FFFF647C
FFFFA8C0
00008AFF
00007685
00006B93
FFFFF9C9
00012BC1
FFFFDBCF
00001025
0000AE68
00016C82
0001DF56
00018650
FFFFE5D1
0001D708
FFFE9B36
FFFE0A37
00010653
00015B03
0000ED2A
FFFF8CD6
FFFF2F72
FFFEC314
FFFDA57F
00009B7A
000244D9
FFFFF931
FFFF5559
00015F89
FFFD8454
00023BA6
FFFF6A04
0001A088
FFFFBC04
FFFF75D9
FFFF4587
0001D738
FFFF3C78
00021478
00001FE0
00007134
00000AF7
FFFF0E9A
FFFF1C56
FFFF788D
0000378A
0000F488
FFFE691F
0001B49E
00003F1A
00003355
FFFD6F69
00003D0F
000035EC
0000B2AF
FFFF4579
FFFF9A46
00006BA4
0000BE5D
FFFEF2BD
00001DE9
00003B17
FFFEE0EA
00004007
00010AF5
FFFEB31E
FFFE5537
0000376D
FFFF1ABD
FFFFC915
0000EBEC
FFFFAE76
FFFE15D7
0000751F
FFFFECDA
0000A332
0000A388
FFFF5C04
00001021
00007BF2
0000BE58
FFFF754C
FFFFEC5C
FFFF4DF7
00009F49
FFFF0A14
00010399
00012B71
000030D7
0000464B
FFFEABF5
00006517
FFFEE380
00007FE3
FFFEC9A7
FFFF1654
FFFFC516
FFFE9BB4
FFFF610A
00009C6F
000197C6
FFFFE3C0
00010C64
FFFFB62D
000161C7
00011F08
00011C5E
00011758
00010F0F
00003A72
FFFE4779
FFFD7A8D
FFFFB79A
0000AA03
0000E843
0000B388
FFFF8984
00002B6C
FFFE9A83
FFFEC298
00015D29
0000DA76
FFFF3FE7
00001429
000114B4
FFFF8CF4
0001516A
0000DF3E
FFFEF31E
000161FE
00002634
00005466
FFFF56AD
000001FD
FFFEFD43
FFFF1D92
FFFF9704
00008FA6
0000DC13
0001B7FA
00010171
FFFF4B24
00015F59
FFFEF9D1
000021A1
FFFECB15
000084DD
FFFFF826
000074B8
000095ED
0000B486
0001CE14
0000172F
FFFE8C60
FFFFFBA9
FFFF934F
00012308
FFFF663D
FFFDB7E8
00029D7F
FFFFEC3F
FFFDB010
0001A75F
FFFFB2FB
FFFEC1F9
FFFF2EFC
FFFFFBFB
FFFE9B84
FFFFB0B3
FFFFB3D8
FFFEFE6E
FFFF66BC
FFFF8D4D
000124E9
00001C74
FFFFAD43
000074BC
FFFF814F
FFFFF2EC
0000ECD1
FFFEF52A
FFFF3C1D
00002909
00011866
FFFE8E1B
FFFE2E3D
FFFEDC09
FFFF576C
FFFF31FA
0000FDAC
FFFEAA6E
FFFFF8EE
FFFEBD37
FFFF58A0
0000EC72
0001714F
FFFF9B69
FFFFCD08
FFFF8407
00005E37
00016160
FFFFF7D2
FFFF7B3C
FFFF96B5
FFFF6589
FFFF3A31
00008441
FFFF758C
FFFFBE93
00001B79
FFFF6616
0001302D
0000084D
FFFFF742
00011605
FFFFE79E
FFFFB50A
FFFFE4F6
00007BD5
0000B7AF
FFFED5DC
FFFFF2DB
00010F9D
FFFECF36
0000D043
000000B8
000061D1
00011607
FFFFFDBE
FFFFFF14
FFFFAB75
0001171C
FFFF915E
00011A2A
00006EBB
FFFF30DB
FFFF3686
FFFFF0D5
FFFFCC0C
FFFF89FB
000027A9
00002345
00006A48
00002E93
FFFF0BF3
FFFFFC66
0000C3E8
0000C23B
FFFF455C
FFFF74FE
FFFF34E2
FFFFA787
FFFFB91F
FFFFDE50
0000FA8D
FFFFD3BE
0000C078
0000137A
FFFF6288
0000450C
0000263A
000020FE
000067CE
000009B3
0000C4CD
00003E8A
00006F3D
FFFEA211
00011D4B
000030CE
00009D25
00007E17
FFFF8F9F
00004B65
00000FD9
00001C84
FFFF0A61
FFFFB4E1
FFFF7946
0000008A
FFFFA579
FFFF2FA1
FFFFBEF6
00005A39
00001FE3
00010860
FFFF64E2
FFFF98E7
FFFF6458
FFFED7E8
00006F76
00006095
FFFF5C76
0001692E
FFFF4E2C
FFFF8CE9
00005A30
FFFFD7DC
FFFFAB66
00001081
FFFF3CAA
FFFFC2CC
FFFFD9C5
00004C59
0000350B
FFFF48E3
FFFFFF11
0001622E
FFFF24E4
FFFFB404
FFFF28B8
FFFEFECD
00012A15
00010C8F
00001C0E
FFFFF826
FFFFEA64
FFFEB7B5
0000489B
FFFFD139
0000185E
00005833
000032A1
FFFF8E4D
00003B50
000032D4
0000A68A
00004E42
FFFFD218
FFFF95FE
00001D5A
FFFF331F
FFFF66B1
00001F3F
00000176
FFFFE8A8
FFFF4D74
00008DC1
FFFE75BA
FFFFFA0B
0000A838
0000C05A
00001AE1
00006A74
FFFFC5C4
FFFFDFA4
0000B2C6
FFFFEA49
FFFF2450
FFFFE8DD
FFFFA031
FFFF3589
FFFFD9BE
FFFFAFFA
000078C1
FFFF080F
00001B58
FFFFC1DF
FFFFCE5A
FFFFEEDA
00002592
00012E97
00009A46
00006CF1
000011BC
FFFFBA9F
FFFFAD7C
FFFF55FF
FFFFF01B
FFFFD3F1
00015062
0000D290
FFFFD7A7
0000AA89
0000E77C
00007585
FFFF5297
0000464F
FFFF48FF
00007989
FFFFB7EC
FFFFA184
00005026
FFFFF8CA
00006A85
0000399C
FFFFD4A4
FFFEE720
FFFFBDF4
FFFFD8EE
FFFF41A7
FFFF3544
FFFFCAE0
0000D08A
0001E3D1
FFFF88DF
0000A60D
0000A5C4
FFFF6A81
00001478
FFFFF096
FFFF6396
0000BAC9
FFFF4B21
000099D2
00008737
00008CA8
0000A29A
FFFF606A
FFFF554A
FFFFA608
0000551B
FFFFE6EC
FFFFAC14
FFFFB8D0
0000741F
00005B56
0000DA87
000035B9
0000FF2A
FFFF9F34
0000669B
0000BC1E
00003C6B
FFFF93FF
00008082
0001A3D3
FFFED0B0
000012CB
FFFFD0D9
FFFF6E5C
0000B536
000008C2
FFFFB45D
00005762
FFFF7EE8
FFFFBDC1
FFFF6541
0000493E
FFFF22B8
000011A9
FFFFA66E
FFFF992C
0000C727
FFFF9B75
000050D1
FFFFC741
000040BA
0000D3B2
0000A75B
FFFF76EF
00005308
FFFFB557
0000AE70
FFFFFA0B
FFFE7C39
FFFFB8F0
00000D66
00005845
FFFFEDF1
00011F97
FFFFFB38
00015AC5
FFFEEFDB
00011643
FFFEC293
FFFF12F6
FFFEECB5
00002CCE
000099F4
000004BE
00001625
000056CB
FFFFB1AC
FFFF8B3D
000065DC
FFFFE6FD
00007C6C
FFFFAD03
0000C22F
FFFFB5FD
FFFF4D11
FFFEE3DB
0000C676
0001324D
FFFFB873
FFFFF843
000050F0
FFFEB65B
00004125
000049F2
FFFF583D
0000F638
FFFF0459
FFFF77E8
00000082
FFFFEB8D
0000BA63
000097B9
FFFF9A6C
FFFF1F2F
00000112
FFFFAEF7
00005692
000036AF
00004C77
FFFF76EE
FFFF67F0
00005CFB
FFFFD59C
FFFF1C3B
FFFF6489
FFFF349A
FFFFDC35
FFFF4524
FFFF8BD8
FFFFE6A6
FFFFB18A
0000ACDB
0000BAB0
000052F1
FFFFC94F
00005AE4
FFFFFA9E
0000273B
00006CF2
FFFF775C
FFFFC18F
00006797
00011685
FFFFF8F6
FFFFB21B
000017B0
FFFEB626
00003CA7
FFFF055F
0000411C
FFFFF49D
00004E09
FFFF5FB9
FFFEFA04
00007F3E
FFFF24C9
FFFF1C46
FFFF6A47
00009D71
FFFF5CD9
00007B85
FFFFCD6A
FFFF3DE9
00003F55
FFFFD624
FFFFF7CC
FFFF69E1
FFFF5D02
FFFFEEE7
FFFF539C
FFFF923E
FFFF8DD1
FFFFAA1E
00013F08
FFFFA48A
00004C7D
FFFEB496
0000F465
FFFF4388
0000D7C8
FFFFA684
FFFF6877
00003FA5
FFFF8918
FFFF3C18
FFFFF1ED
000001B5
00006556
FFFFC80F
0000875C
FFFFB0B7
FFFF86AE
000087DF
0000A17F
FFFF6472
00005A53
FFFF2F2D
FFFF309A
000008F0
000006CB
FFFFB4D6
000017F7
FFFF5E55
FFFFC456
000113D2
FFFFE7E0
0000D98A
FFFEBFF0
00005C0F
FFFF0F3D
FFFF2F43
FFFFB89A
0000245B
000025A4
0000AB9F
000189F7
00005281
00003331
FFFF3037
0000D257
FFFF9C92
000014FD
00008495
FFFF294E
FFFFDB6B
FFFF7D1A
0000380D
FFFE901B
FFFEFF5F
FFFFC53D
0000EA60
FFFFD7A0
FFFEC404
00019BA8
FFFF32D6
0000B205
FFFFAF85
FFFFEF43
FFFF5716
FFFF9C9F
00009C4D
FFFF0E05
FFFFBE9D
0000715D
FFFFD781
0000ADE0
FFFF977F
0000843B
FFFFF151
FFFF3D05
00006D27
FFFEDD3E
00007956
000030FD
FFFFD197
FFFFB495
00007E2B
FFFED3F1
0000D049
FFFF8216
000066C0
FFFFAD8C
FFFFC632
000038EB
FFFFC1ED
FFFFA091
FFFED391
00010C26
FFFFCD37
FFFFBC0D
FFFFBDCB
FFFF0FF7
00006BA4
0000B4CD
0000AF75
00013BB1
00006DB6
FFFFF603
FFFF7277
00006F45
FFFFD1E9
FFFFE59D
FFFEE47B
00006FC5
FFFFB0D0
0000A1C1
0000B814
FFFFAA0A
00003172
FFFFE520
000003B3
FFFF8554
FFFFEB08
00009878
FFFF95DA
FFFFCC3C
FFFF6C4C
FFFFA413
FFFEEFC5
FFFFB784
FFFFD050
00002063
0000D1A4
FFFF8D1A
FFFFC959
FFFFF44F
FFFFE9AF
FFFFEFCA
0000A9D8
FFFFB63A
00003EA3
00006C04
FFFF787A
00004864
FFFFAC62
FFFFBBF7
00008258
000018E1
0000A024
FFFFB19E
0000BCE4
00005C79
FFFF4F7B
FFFF48CB
00002D27
FFFFC89C
FFFFC389
FFFFA979
0000099D
FFFF87DC
00000040
FFFF39A5
FFFF7CF8
00001725
FFFF837B
FFFF456D
FFFF6C5F
FFFFE84C
000047EF
00000711
FFFF7DBD
FFFFECA6
0000695A
00000548
FFFFA900
FFFFFE92
FFFFFF1F
FFFFAA58
FFFEED65
FFFFE3FE
FFFF7E6C
00004C88
FFFFF2AE
FFFFB435
00000227
00000B81
000058FE
00009E8D
FFFEFA1B
FFFFEEDE
FFFFDAA7
FFFF380B
0000B496
000050EA
FFFF56AF
0000A0A7
00010D00
00012FD1
0000381E
FFFFFE17
0000FDD1
0001192F
FFFF87BF
00005671
00005848
FFFFABB1
00008AEB
00002A72
FFFFA875
FFFFF230
00008A75
FFFF2BF4
0000198E
0000076D
00012420
0000BB32
00010349
FFFF03F7
0000709A
FFFF6CA2
FFFFD647
000074F8
FFFFABE3
FFFF6AA1
FFFECA12
FFFF9549
FFFF7892
0000E6B2
0000D1E4
0000E871
00011C4A
0000E715
0000B94C
00002B05
0000ACC5
FFFF2005
00004088
0000D73A
0000DF56
000031A6
000023BC
FFFFA88D
FFFFBFC3
FFFFDDDA
FFFEDC16
000048C8
FFFEC70B
00013396
0000B644
FFFFCD1B
FFFFC5ED
FFFE419A
0000C554
FFFF7B88
00010A6D
FFFFA325
FFFF6222
00002B56
00003CAE
0000B312
FFFF66C0
0000E549
00007C7E
FFFFA6B0
000085DF
FFFF8173
0000AE93
FFFF54FE
FFFF5084
FFFF14CD
000114EC
FFFF109D
000054B9
00007E55
FFFFB24D
FFFF536E
00006FC2
00001998
000064DE
0000FFC8
FFFFEDE4
00010712
00015301
0000324C
0000AAFD
FFFEF8FC
00004D60
FFFF32FF
FFFFBC1F
0000CA4B
FFFFC174
00014AFB
00001AAF
FFFF92A0
00006ED7
FFFF6BC5
FFFFD493
00014C27
FFFF6970
00004B7C
00007761
FFFFEEED
FFFF9FC9
FFFF21CA
FFFFAE05
000072CC
FFFFB80F
FFFE5681
000080D8
00004A20
00004A5C
FFFF73D7
FFFEFCF9
FFFFE8F8
000168FD
0000C64F
FFFF638D
00001AC9
FFFFFA20
FFFFB622
FFFF8B70
0000C427
FFFF5721
FFFFFD8A
000054F8
FFFF9905
000116FC
00005FDD
FFFF139F
FFFFCB15
FFFF6C0F
FFFF3A03
00009042
000003C6
FFFFE3DD
0000C8BF
FFFFE861
0000A5B5
0000FDA0
0000AA64
0000D31F
00006191
FFFF056A
000069D9
FFFF9490
000065AB
000179F0
0000BC9D
FFFF6215
00012657
00012742
FFFE97E6
FFFF2873
FFFEC1DE
FFFFA696
FFFFE2D5
FFFEC174
00007E95
0000C192
FFFEFEC9
000180F4
000019C8
00007214
FFFFE217
FFFF13F2
FFFFA3DE
FFFFDD3C
FFFF3676
0000A7F7
0000DF11
FFFF926F
FFFFB03F
0001428B
0000E987
0000CA7B
FFFF2AAB
FFFFFABA
FFFF1D76
FFFEB58F
000097DE
0001094F
0000666A
FFFF8A79
000183C5
000071BD
000017CF
FFFFF391
FFFEE48F
00002502
FFFF6B8E
FFFFE4DE
FFFED43B
FFFF52B3
FFFF087C
FFFEEE71
FFFF43A7
FFFF9248
00004F1E
0000A28E
000149B1
0000E5D6
00005B9E
0000D14A
00003504
FFFF0C83
FFFE265A
00006ED6
FFFEEEB8
FFFF0EAE
00008926
0000697B
000013B0
FFFF99F5
00009859
FFFFFB49
0000F8C1
FFFFCEF4
FFFE7FE4
FFFF714C
FFFFE8D7
00009CA0
0000BA46
0000B3A3
FFFFCDF3
00004EED
0000CD86
00004E76
FFFFEB23
FFFEACF2
FFFF3076
0001377E
FFFFFA89
0000B641
FFFF5E13
FFFF0E45
FFFF3BEF
FFFF9897
0000AEEF
000033E4
00017023
00013DD6
0000C7B5
0000C389
00008D65
FFFF07F7
FFFF2376
0000D3B4
0000235E
FFFE5B17
0001567C
000043BA
000072D6
00007958
FFFF4B6C
0000CD8E
000174F7
0000226E
0000D816
FFFF16C5
FFFE9A94
FFFFF447
FFFEFB86
FFFF97C5
FFFFE70D
0000BDE4
FFFF8C19
00005D4E
FFFFCB0A
0000C4FC
FFFEA040
FFFE7ED1
00005572
00009C73
FFFFF26C
FFFFC5CF
FFFF1C23
00005EC9
0000121A
FFFF9364
FFFEE432
FFFF7C3A
FFFF8BB6
FFFF2A8C
00002C5C
FFFF51A7
0001802F
00000242
FFFF9422
00001E9E
FFFFDEF2
0000691E
FFFFF7A1
FFFF9946
FFFE8F5A
FFFF80E8
00007FB5
0000937A
00004DB7
FFFF65CC
FFFF573C
FFFFBB61
FFFF1262
0000BB65
FFFFA921
00010D2D
FFFE4DBA
0000B2B2
00004E07
FFFFC1DE
00002CC7
0000A00B
0000C61B
0000D0FC
FFFFE557
000078A6
FFFFDCEF
FFFF88E2
FFFFAF2B
00007EEB
00012278
FFFFE901
FFFFD588
0000F78F
00005B7F
000014DC
00014EFE
FFFFF324
FFFFD9BB
000029FF
FFFF5362
FFFFCFC1
00009713
FFFFFA97
FFFE6B1B
0000607E
FFFF0AFB
FFFF30B8
0001484A
FFFECDF9
00000083
00010675
FFFF3556
00007595
00005F9A
000076F5
FFFF8D81
FFFFD5C8
FFFFC6AF
0000750C
FFFEE7E0
000005F6
FFFFD7D1
0000A1D0
0000D225
0000F095
FFFFBCCD
0000C75E
000011C9
0000953C
FFFFC6CF
0000B748
FFFF8E6A
FFFFC578
00018F11
FFFFFF8F
00007F6F
0000A06D
FFFF4B2F
000007B8
FFFFDD6B
FFFFE05A
000065F7
00008244
FFFF8054
FFFF98C9
FFFF4872
00015EBB
FFFFAD33
00001818
FFFF40E5
0000A704
FFFF99B7
FFFFFD5B
0000D989
00010015
FFFFB118
FFFFD067
FFFF6A18
FFFF4F12
0000AE24
FFFF2262
000141C3
0000C8E6
FFFF59CD
0000D0E7
FFFFA24D
FFFFF2DC
FFFF6DED
0000D5EC
0001DF43
FFFF7EE0
0000195B
000093F5
FFFED7F5
FFFF4C20
FFFEEC81
00007CFF
FFFF639D
00004B28
FFFF915A
00011679
FFFF15DC
FFFF3DDE
FFFF5186
0000F72E
FFFEF8E4
FFFF5BC8
FFFF43BB
0000698A
0000460E
FFFF8691
000114F6
0001088C
00012D86
FFFF6959
FFFFC04F
00005700
FFFFBC13
0000E166
FFFFA324
0000EEC7
FFFFF364
FFFFFCEA
0000BA70
00002064
FFFEE0F3
0000C4C9
FFFF1EB9
FFFE61A8
FFFEF5A8
FFFF460A
0000FFC6
FFFEC063
FFFF35EF
0000B12F
FFFFE309
FFFF93DB
FFFF5C7B
FFFF693A
00013410
0000F4A9
0000D117
FFFFB1E3
FFFFF210
FFFEA1EA
0000A643
FFFFC2BA
00009740
FFFECA3C
00004F77
FFFF4283
000066CF
FFFF440E
00003DC5
00012566
0000EAB9
FFFF08DA
000055FC
00000CC3
FFFF7C22
FFFFE4F0
00011E7D
0000DFBF
FFFFCE38
00009A52
0000990D
00009CDE
FFFFE3E7
FFFEECB9
FFFFC59B
00005EEC
00002F1E
FFFFF25D
FFFFED54
00003229
FFFF2D76
000038B8
FFFF6A3A
FFFFC29F
FFFF1516
0000FF59
00003A29
00008E32
0000E824
0000286F
0000B398
FFFFD123
FFFF094F
0000D8E6
00014381
00013435
00004561
00002C3A
0000D2CE
FFFF053B
FFFEA068
00003B1B
00004FB2
FFFF08FB
FFFFC953
00004B3B
000139A0
00004BB7
FFFF367C
00007579
FFFFEECA
FFFF8B15
00011801
FFFFF4BC
FFFF91DE
00013A47
00010204
FFFFA2FA
0000AB48
FFFF5BC9
FFFFB930
0000EFD8
FFFEDBAB
FFFFA955
00009EC2
FFFF816A
FFFF8506
00003634
00004298
FFFFAFC6
FFFED0EF
00011AA8
FFFF8B55
FFFE5B75
FFFFC9B4
FFFF087E
00007C44
00014242
FFFF8813
FFFF2B65
00007020
FFFF1039
FFFF4AB6
0000B90E
000012F6
FFFFA0A1
00004340
FFFF88EC
FFFF0EB9
FFFF85D3
FFFF75DC
FFFF8874
00007A08
FFFFBEB0
0000E93C
FFFF5726
FFFFD8A4
FFFFC667
0000AFF8
FFFFDC91
0001089A
FFFF5311
FFFF8CB4
FFFF806C
FFFECE24
FFFFEA56
0000A18F
FFFF7B91
FFFFF490
0000D67A
FFFF4FAF
000017D0
FFFED0FB
00008AA9
FFFFBB4B
00006AE1
FFFE9EEE
0000B178
0000248E
0000952D
0000C49A
FFFFA682
00005B19
FFFF99E3
00005C4C
00003697
FFFEFD6D
00015372
FFFE5DEF
0000247E
FFFFADCA
FFFFAC91
000147FE
00015CC8
000090E5
FFFEA69D
FFFF1621
00009D15
FFFEEE40
00010E4D
000018B7
0000D97B
0000C061
FFFFAA8D
0000F945
FFFF52F0
FFFFB3AB
FFFFD10E
FFFEF2E2
FFFF84C0
FFFFC0F6
FFFFBBE8
FFFECE98
FFFEB457
FFFF77C2
FFFEE29C
FFFF4BC6
0001015B
FFFED323
FFFF976F
FFFF9850
00009A43
0000328D
FFFF0AED
00004ED2
000085CA
00008D6F
FFFFEA7F
FFFEE150
00001660
FFFFA264
FFFFC27F
00001DB1
000169A4
00013FE4
0000DF6A
FFFF63B4
0000ACA5
0000C7A1
000064A3
FFFE54A0
FFFF6683
FFFFF7BA
FFFE84A6
FFFFDBE2
000001AA
FFFFBF60
0000D625
FFFF8267
FFFEAC39
00001B18
000106C5
FFFF609A
0000BE56
00016D5D
0000AE2E
FFFF796E
0000B12E
FFFFDD46
FFFFF926
00007E78
000144FC
0000BDEC
FFFF8FF6
FFFF4445
FFFF8651
000072BF
FFFFEE5E
FFFFB95F
00010D47
0000C56F
0000099A
00002DFF
0000557E
00013152
0000E53D
FFFFD6A1
FFFF41BD
00007804
FFFF8E39
00009BD8
00002D60
00002B87
FFFEFD92
00011831
0000CA64
0000D693
0000C0CA
FFFF2902
FFFFF943
FFFF550A
FFFF3A74
FFFE3463
FFFF92B1
FFFFE7F5
FFFFD461
FFFF9D46
0000F838
000072BB
FFFFB755
0001532D
FFFF4D48
FFFF9691
FFFFC8DE
000021AE
0000584A
00016327
00007FDD
0000743E
00003029
FFFFBFC6
00010639
FFFF87A2
0000FBFF
0001A073
FFFFBAAE
FFFF0A69
FFFF5795
00006C6F
00005B52
0000CBCD
FFFFF939
00013DB5
FFFFC3C4
FFFEEC33
FFFEFB2A
FFFEAA30
000020E1
00011CB7
00005FCF
00001EBF
00004F5A
00000867
FFFF584C
00005417
FFFF0C4F
FFFFE3A8
00002ECF
00005773
FFFF0AA5
0000D311
00011673
00006DDE
0000BE84
00008A0F
000091DA
FFFFBAE5
00007846
FFFF80D0
FFFF1EE2
00002A96
0000AE46
00019EB9
00001AC7
00006B69
00010152
FFFFBD9E
FFFF7D5B
0000565E
FFFE5397
FFFF996E
0000156F
00005403
FFFECA18
FFFFA6CC
FFFF3765
FFFF1C14
0000BAD7
00000085
FFFEFE30
00002963
FFFFE1E9
00006E81
FFFF8D49
00012BB6
0000F2D1
FFFE1054
FFFF185E
FFFF73A5
00004C5E
00003049
FFFFCA64
FFFE8E0A
FFFE90B9
0000AAA4
FFFFC220
00009171
FFFF9058
FFFFDDE5
0000121A
0000F9B5
FFFF9C3F
FFFFE68D
0000E854
FFFEF765
FFFECA6C
FFFEC898
0001E6E1
FFFF5FE0
0000AA96
FFFF6572
FFFFE120
00000B63
00006B84
FFFF0FB5
000142EB
0000A312
FFFF08BC
FFFF8595
FFFF2B70
FFFFD968
000027DA
00002E0D
FFFFA37B
000005DD
FFFFF587
0001A415
00002D85
FFFFCC80
FFFFF611
FFFF5E44
0000C582
00006164
00010007
0000A6D4
FFFF0712
00007742
FFFFFA0F
00016794
00005EC2
FFFF4324
FFFEA667
FFFF5869
FFFE9616
00005A20
FFFFA79C
FFFFDBC4
FFFF6D4B
FFFEC8C8
FFFFCA13
00000AB7
FFFF37AE
FFFF5CD8
FFFF1958
00014043
FFFFFEB8
FFFEFE6C
FFFED280
00009F6E
FFFFBD27
FFFE9E4C
00015380
0000F0BD
FFFFA7AA
FFFF989D
FFFF6AC9
0000F4BD
0000E3F9
FFFF4269
00000277
000027BC
FFFF2A09
00003DFC
00009677
0000B7E1
FFFFEDF8
00001808
FFFFF70F
FFFFAE9E
FFFF97F9
00010480
000046AE
FFFFA08B
00008462
0000A5A2
0000D03A
FFFF5BC4
FFFF8481
0001CCCF
00006624
FFFE2979
FFFF8263
0000D4E1
00008072
0000BB96
FFFF0FAD
0000616F
000061FE
FFFF6578
FFFF7322
FFFFCB1F
FFFF56B4
00007241
0000EB57
FFFFA362
FFFF59FE
00003D3E
0000EF30
0000CC57
00016014
0000F4D2
0000A41F
FFFF5A7B
FFFEA96D
FFFE0E70
FFFFECC3
00000F70
FFFFCE1E
FFFDE35C
FFFE7A06
00001C48
FFFF68C1
0000B052
00000135
0000672F
FFFFF93F
FFFFC8CB
FFFF4CF8
00003319
0000A2A8
FFFFEBF4
FFFE2D6A
00002C12
000094A0
00006E3A
00002BDC
FFFF6AB3
FFFEEECB
00007AE9
FFFFE9C3
FFFEC293
FFFF6A7D
0000FEEB
00008695
00002703
FFFE8346
00003BE0
00009BA9
00001D94
FFFF1B38
FFFF571E
0000400E
FFFFBAD2
FFFF2D4D
0001088E
FFFFE88C
FFFE426E
00004B9F
00007946
FFFF3CE7
00012F52
FFFF5C6B
FFFFC571
FFFFF45B
FFFFC16A
00007995
00004FDB
00008840
FFFEE47D
000006BE
0000DFE3
0000501B
00001D05
000056FE
FFFFC908
FFFF5ACA
0000D8DA
00018CE5
FFFFBDC9
00003BF7
FFFFF499
0000A204
FFFF288D
FFFEFD92
0001505B
FFFFDE74
FFFE2C9B
FFFF5CC1
FFFF6EAA
FFFFBB62
0000CC4D
00002534
0000B412
FFFEB75A
FFFF8BD5
FFFF5EAE
FFFFEA68
000151E3
FFFFEBCF
FFFEEED5
00013DB7
0000C7F4
000130A5
0000AC1B
00016482
FFFF7D2C
FFFEFB35
0000E96B
00003FC4
000040BC
00014DB9
FFFE8997
00002BD6
FFFE78DD
FFFF9F46
00003B0D
FFFE6CD1
0000F333
FFFFDE0F
FFFF2D66
FFFEF81C
0000FF32
0001B1CC
FFFF4067
FFFFC7F1
FFFE901A
00000B58
0000C695
00000659
FFFE8381
000060FA
FFFF1CA8
FFFFDF22
00011E36
FFFFB693
00000182
0000773F
0000E6EC
FFFFCE15
FFFFCC92
FFFEF7AE
00001931
FFFFF99B
00005331
FFFFC72C
0000088B
FFFF0523
00009D7D
FFFF35D9
0000F4CB
0000464F
FFFE6B22
0000C7CB
0001B876
00007DBE
FFFF3CEF
00006947
FFFFFE50
FFFE2F9C
FFFEF33E
FFFFDEA0
FFFF6F9E
FFFF9014
0001296F
000117C6
0000F917
FFFF7111
FFFEF6CB
FFFFF061
FFFF4004
00005FAF
000127D3
FFFF8133
FFFEB561
00008D6E
00007B9C
FFFEF2E4
FFFFEA43
00004F46
FFFE8AA2
0000000A
0001276B
FFFF7775
00012AD3
0000B42F
00017A9A
00004D98
FFFFBBDA
FFFFA5E5
00010ABE
FFFFC42E
FFFF154D
00019CFF
00012E95
FFFF36BD
00006FB4
000066EC
000008D1
FFFF48DB
00004C83
FFFF866B
FFFEF452
0000981F
FFFFBBE6
FFFF78A0
FFFF4F17
FFFFA797
00003658
FFFF0399
000135CC
00001F42
0000014B
FFFFFAFC
000024D1
FFFEDC6D
FFFFE4E3
0000D93A
00003F49
0001429B
FFFED264
00001868
0000019B
0000640F
FFFFBA33
FFFF75F6
0000E579
FFFF531E
FFFF78CC
0000227E
FFFF39F3
FFFF7455
00004EEA
000066E7
00012455
FFFF94EB
0000C746
0000632B
000008EE
FFFFCE05
FFFE9666
0001017D
FFFF3D3B
0000DA15
00005727
0000214D
000031C8
FFFF54CB
FFFF4F2C
FFFFBEED
FFFF2CC7
FFFF70C1
000129EB
FFFEDFB8
0000FDED
FFFFFB7D
00010551
FFFFAC81
FFFFF79D
00000154
00002B80
00006B27
FFFF529B
FFFF036C
FFFE40AA
FFFFCF05
0000D673
0000499E
00009D74
FFFEB9E9
00013400
FFFFB59D
FFFF80C0
FFFEF58D
0000AF30
FFFE91D0
FFFF023F
FFFF9A3F
FFFF84F0
FFFF0008
0000D5EB
00004BE0
FFFFB7E0
FFFFD55C
FFFFC63D
FFFEB832
FFFE1FD4
000001E8
FFFFBFCA
FFFFA1F4
FFFFF025
FFFFBC6F
000144EA
00007F96
0000B687
00019AE2
FFFE353C
FFFFCC5F
00009800
FFFF48B3
000051E3
FFFE8B1C
FFFF14B2
0000E3FA
0000A5E5
000003C8
00008399
FFFFEF69
00002D0A
FFFFD2E7
000146B9
FFFF7F34
FFFF36A5
FFFF7FB1
00011E56
FFFFCC77
FFFF911E
00012F0A
0001FA07
00004A1B
00005A8F
FFFEEB6A
FFFF6033
0000B0E6
FFFF29FA
FFFF9B80
000108CE
00001A19
FFFF4CE3
00002013
FFFF4B55
0000DDE9
00012123
FFFF70A5
00001F4C
FFFF6750
0000E7B5
00003ED3
FFFFD5E2
FFFFDFF9
0001098D
00001207
0000747F
FFFF8927
FFFF5726
FFFFBA6A
00001E49
FFFFF2FB
FFFF4D73
0000E25D
FFFFE5C7
00007485
FFFFAE1C
FFFF9123
0000DAE5
000159B6
FFFF129D
0000071C
0001641B
FFFEEC56
000023CE
0000329D
FFFF26C9
0000B0E5
FFFF0B04
FFFF74F6
00013BD0
FFFFAE75
FFFF64F2
0000B10B
00011607
00006277
FFFF6CC7
FFFE6D85
FFFEFB1D
0000B409
000023F3
0000FEC5
00005649
0000ABA5
00013EDC
FFFEB863
00018148
0000B8CA
FFFF404F
FFFE9341
000025B8
00013220
000039F4
FFFFA5C4
FFFFD22E
FFFF2DE3
FFFFE156
FFFFFCE7
FFFF7761
FFFF55F5
FFFFA2F2
000050E9
0001130A
FFFF41DA
000117C6
FFFF3514
0001C5D9
FFFF2B3D
00004087
FFFF408B
FFFEDAA2
FFFF20A9
FFFFA468
FFFE9942
FFFF6B8D
00010D81
0000DC60
0000611F
00001CBF
00009464
FFFF201B
FFFF0B0E
0000B031
000047B1
FFFF6FC6
00003F6D
FFFF918F
FFFEC5A5
FFFF6C6C
000094A8
FFFF57EC
0000FDA8
0000ABA8
FFFF6DCC
00007AC3
FFFF6EC7
00002755
FFFFBC69
0000A9FB
0000C0CF
0000A15F
000181FC
00004C14
0000E6F5
00000FB3
FFFF431C
0000BC68
FFFF351C
00007F6A
000052A4
FFFF3495
FFFF2E4C
FFFF165A
FFFFABBD
00012630
000088FB
0000D910
FFFFCF12
0001A7EF
FFFFB1FC
000033E1
FFFF8333
000041BC
FFFFB505
00007B1D
FFFEE109
FFFE9E75
000071EB
FFFF7ADB
00006419
FFFF5C59
00005660
FFFF5D22
FFFFFBCB
FFFFB7DF
FFFF3786
FFFF01BE
00004A97
FFFFB0D6
00000CAC
FFFFAC2B
00001E37
FFFFAB69
FFFEC95C
FFFE7440
FFFE341A
0000D158
FFFF0D3A
FFFEDD74
0000285D
00005DDB
00002A66
FFFFDD60
FFFFEF79
FFFF1CE3
0000E36D
00007D34
00006F0B
FFFF857A
000155B3
000025A5
FFFF8A6F
000105B6
FFFF85BE
FFFFA08C
FFFEDA63
FFFFD1BC
FFFFA319
FFFFE67A
0000588D
0000B136
FFFFB3CC
FFFF3F05
FFFFFD1F
FFFFD17B
000022E7
00002205
FFFF67D9
FFFF8119
FFFFCEB7
FFFFE42F
0000AE94
0000A0D7
0000F9C9
FFFFC896
FFFED3B7
00004DC6
FFFE8241
00008459
FFFF8A8F
FFFF66C3
FFFE6E0E
FFFE8EBE
00003B12
FFFF0457
00008E60
0000D71B
FFFFC969
FFFFDDB5
FFFEF592
00001041
0000F14B
00009D50
FFFEA2B2
FFFF9863
FFFFBD5D
FFFF5D8A
FFFFF598
0000C106
00017C2E
FFFFC08D
FFFE8A2F
FFFF96EA
FFFF2502
FFFE93F5
FFFFF25C
00014475
FFFFAE9C
00004E68
0000DB91
00019B09
FFFEE37C
FFFEC825
0001724A
00002534
FFFE8154
FFFFB55C
FFFF80E5
0000D78E
0000B3D0
FFFF1A48
00006B30
00013E06
FFFF4059
0000A321
0000A806
FFFF6EDF
00004F82
FFFF5639
000069D4
00004516
FFFEFA4E
FFFFADCD
00016E7C
00000D15
FFFF3660
00006356
FFFFD022
00001A3C
FFFF49A6
0001AFAE
FFFF6C0B
FFFEE2B1
FFFEBE45
FFFFEDA5
FFFFD127
0000B02D
000017D8
00019858
000089CB
FFFF29E8
FFFF9276
FFFF5856
0000DDF5
0000B1E7
FFFFB29C
0000BBD2
00006E55
FFFFD986
FFFFD3F2
00002ECB
FFFECC01
000061F4
FFFF460A
FFFFE172
0000E6A8
0000C0DA
0000B35B
FFFFB7EA
FFFFBC6A
0000583B
0000304E
0000BB50
000078D6
000009C2
0000965E
000044E3
0000109C
FFFFD539
FFFEC5C2
00016203
00006C2F
FFFFADC8
FFFEEED8
FFFFB687
FFFF534F
00006313
0000B754
FFFF2E91
FFFFC850
00001C32
0000DA0B
000001F8
00010C4B
FFFF9B17
000043C9
00000AA9
00003C00
FFFF100D
0001B388
FFFFCAD0
00004D14
000110CC
FFFFD23B
0000D2B7
FFFFEDC2
FFFFE3A5
0000E297
FFFF511E
FFFF1489
0000D988
000016A2
FFFF325C
0000C68F
FFFF6191
00008AB1
0000B1CD
0000DC4E
00002A91
000181F0
FFFFD236
FFFFAE55
FFFF4A49
000127DE
FFFF9B76
FFFFDE8D
00004D8F
FFFF153E
FFFFBB41
FFFF9C0B
0000B97F
000035B0
FFFF7892
FFFF75B1
00005321
FFFEEE0C
FFFEC080
00003953
FFFFB94E
FFFFD48B
000123D1
FFFFAEFE
00000D2B
00009462
FFFEE87B
FFFFD46B
0000889B
0000D543
FFFFFE21
0000A738
0000142B
0000CBF4
00001BE3
FFFF9702
FFFFA5D6
FFFFBBF3
00012D96
FFFF627A
FFFEBD26
00015D30
0000C850
0000A8EA
FFFFD27C
00005773
FFFF7331
FFFFB291
000182BA
FFFEBCDD
FFFF150E
00004B75
FFFF1CD8
FFFF0AAB
FFFF438B
00000F5E
00006289
FFFF5BBF
00015FE9
000005D8
FFFF757A
00008262
0001A0EA
000102FD
00002219
00003129
FFFEED31
FFFF5ED0
FFFFE369
0000F8E9
FFFFD339
0000CB5A
FFFFAEAB
00005372
00005BFB
00002B46
FFFFB177
00002CE0
FFFEA3DB
FFFF436F
FFFF4296
0000104A
00003782
FFFF9C67
FFFF7422
0000EB66
000006B7
00017F30
FFFF0FD3
00002542
FFFF52D8
00027FBD
00017AE7
00004754
FFFF94C3
FFFEB5D6
00012FF2
FFFF7D44
FFFF7BD2
FFFF5C69
00009674
00008107
FFFFA0A9
FFFFF1B0
FFFF820F
FFFFCD24
000018BC
00010D2A
FFFFEE24
000113AF
FFFED637
00013B61
FFFFF295
FFFF1C7F
0001A9EB
FFFF2BA2
FFFF4E21
FFFF9A91
FFFEF449
00000842
FFFF52AB
0000E0D2
FFFFE6BF
0000DD61
FFFF6D91
00001A7B
FFFF57E4
FFFF54B3
0000451F
FFFFE4DD
FFFFEFF7
FFFF1D80
FFFE9C00
FFFF7FE9
00013B89
00004981
FFFF20F1
FFFF8032
FFFFEE9B
000106BE
0000A66D
FFFFF3F0
FFFFD51A
000088C6
FFFFC848
0000C3B1
00009AA3
FFFFA9FC
FFFFB38A
FFFEFE32
FFFF4ADB
0000F731
0000EAE2
FFFFA49B
00003724
00000591
FFFF3832
0000C558
FFFFFC4C
00012E40
0000C24D
0000AC0F
FFFF42FA
00000D6D
00000449
00009230
00001919
FFFFB978
FFFEB192
00008771
FFFFBF2B
FFFDE33C
000051B4
FFFFF2A2
00009238
FFFFAE73
0000119B
00007C41
FFFEA3B2
00004093
FFFF4C08
FFFFF6CA
FFFF4D60
00003BA0
0000258D
FFFEE956
FFFE7AB7
FFFFD625
000161E0
000103ED
FFFFDB90
FFFF26C0
00008720
FFFF3C6D
000080C5
00012091
FFFFF139
00016C37
00008D98
0000660A
FFFFEE55
FFFFFE41
000055F1
000056F6
0000956C
0000B558
00008BF1
000020D7
FFFFD24E
000027D1
0000DCC7
FFFF51AB
FFFFA337
00009039
FFFFD2DB
00005A0A
FFFF2BDC
FFFF3A2E
00006D07
000042C4
FFFF8664
FFFF78FD
0000637C
FFFFADF4
000039CF
0000AE41
000002B9
FFFF7BF2
000030D1
FFFFD1BE
0000BE0E
FFFF7EDF
000019CA
00003408
00001882
00008733
00007143
FFFFF409
00007378
FFFFC744
00005255
00005AFD
FFFFD637
000003C5
000020C6
FFFFDF95
00002C16
00005727
0000B250
FFFFC406
FFFFABE2
FFFFE61B
FFFFE8B4
FFFF7998
00003606
FFFF3F7C
FFFFEF10
0000EBEA
00000159
FFFF1D2A
0000AF7C
FFFFAE26
FFFFB3D2
FFFF21D0
00003CC4
FFFF85AF
00003DB8
FFFFE61C
FFFFED9C
000095F8
0000F5B5
FFFFF840
000082BD
FFFF350B
FFFF16DA
0000311E
00003B10
FFFFF513
FFFFFF86
FFFF6C52
0000118E
FFFF66FD
0000359B
00000360
0000821D
FFFFE3D7
FFFF3DE5
FFFF0A74
00001AC3
00008625
FFFFF163
FFFF93B9
00000F7D
FFFFBCC3
FFFF3F7A
FFFFEE95
0001247B
0000110F
FFFFC57D
00007168
FFFF87FF
000029B9
FFFFA8FB
FFFF4F34
0000559C
FFFFA6FA
00004F5F
FFFFF42C
00006B4C
FFFF6B0A
000019A1
FFFF5AA2
00004A30
FFFF62D4
00005835
FFFF9F63
0000356A
0000F22C
00007DE7
FFFFADB1
0000A2CB
0000D197
FFFFD95B
00006E60
00005C87
0000BC3E
0000D21F
0000554C
00000322
FFFEDA4F
FFFF51AF
FFFFCF1C
FFFFB862
00008708
FFFF83F3
FFFFFD3B
FFFFF4CD
00004C33
FFFF915A
00002DD8
000001A2
0000315F
000035B8
000035BF
00008FA3
FFFFF52E
FFFFD581
0000AFBF
00005B27
FFFFF6C4
00007A1F
FFFF16E4
00004736
FFFFE8C9
FFFF2DAF
00009409
FFFFC6D3
0000C616
00008F30
000004BE
00007484
00000942
FFFFEDA3
FFFFBE87
000039FE
FFFF344D
00007992
000085B1
0000CB0E
FFFFF647
00000614
FFFFEEC3
FFFF260B
FFFFD37C
FFFF836B
FFFFA9E7
FFFEFEAF
00007AF3
FFFF7FED
FFFF9D18
FFFF62E0
FFFFE907
FFFFC3F7
000045E9
FFFF8D7C
FFFFE8B8
000015E0
00001905
000098CD
FFFFC659
FFFF11A2
FFFF6643
00002FB4
00009EB3
FFFF3DF5
FFFEEA46
00005A06
FFFFF240
FFFFABF2
FFFFB433
FFFFA14E
FFFF691C
00002A46
000043A3
0000168C
FFFEEFED
00001EAC
FFFF7C75
FFFFDF07
FFFF4D89
FFFFE9D3
0000413F
FFFFA140
0000677F
FFFFE653
FFFF7B13
FFFF2CED
FFFFE45A
FFFFFE1A
0000CF30
FFFFBC35
FFFFC3E9
FFFF34F5
00008B33
000082CD
FFFFF801
FFFF5B38
FFFF48D2
FFFF7F07
00003719
FFFFC376
00005DD1
FFFFEDFD
000007FC
FFFFBE15
0000514C
FFFFB734
FFFF407B
00000364
00008C02
FFFFCAA6
FFFF490D
000115C8
0000D3F5
FFFF43C5
00003C5F
00001216
0000118A
FFFFE7BE
FFFF8D0A
FFFEB62D
0000413F
FFFF41E5
000053DF
00008C47
000097E6
FFFF2565
00001569
FFFFE571
0000ABF9
FFFFC660
00003E56
0000A649
FFFFA467
00005811
FFFF95DE
0000CA1C
000040C3
FFFF7402
FFFFCC4E
0000052D
FFFFBBBD
FFFF46A1
00009832
0001568D
FFFF4700
0000320A
00000960
FFFF80AD
FFFF44F9
FFFFD82A
FFFFB71A
00003244
00000C49
00006D96
000017E8
0000037F
00004EA2
00001716
0000D48E
00009554
FFFFD497
FFFFC652
0000A6D0
00009EB3
000113AC
0000ED53
0000ACDF
FFFF9BA0
FFFFDE96
0000D3C7
00009F9F
0000CD9C
FFFFCFB0
FFFF87D1
FFFFDCAE
00002BDC
00002CB1
FFFFC6EC
00009B79
FFFF1F2F
00008C8D
FFFFE4BF
0000B1C6
0000CF36
FFFEF166
FFFF29B6
00010779
00008361
FFFFA78B
0000586A
FFFFAD69
00004022
FFFFD746
00001760
FFFF33F0
00001448
FFFF95C4
00006D7E
00004DA1
FFFFE933
0000612F
0000A162
FFFF98B2
FFFF8882
000066E5
0000150A
FFFFA5BA
FFFFCD47
FFFFCD5E
000025A6
00003D36
0000AB63
0000649C
FFFEDF7E
FFFFCEC5
0000E946
FFFF90ED
FFFFFB58
FFFF5C61
0000144E
0000A8A7
00002F2F
FFFF527E
FFFEBF89
00000558
FFFFBE34
FFFF5AD3
000099C4
0000B77A
00009EEE
0000217E
00000E26
0000DA11
0000B421
FFFFBE70
00009EC1
FFFFFDEE
FFFFB503
FFFF5B2E
FFFF33B1
FFFFF1D5
FFFF619A
00006107
00007AFD
0000E148
FFFF6C3E
FFFF9F97
0000484A
FFFFA669
00006A86
FFFFDA42
00003BCF
FFFF613F
00009CB9
000080E7
FFFF852E
FFFE6C3B
00002323
00005B33
0000F31F
FFFF06AC
00005E6E
0000B465
00006418
0000AA8F
0000E8CE
00008777
00003AD6
FFFFD73A
FFFF8215
FFFFA19F
000096AA
FFFFCD47
00006874
00004502
0000C9E3
FFFFE63E
FFFEBF98
00000587
FFFF7CBC
00003467
00007969
FFFF4105
FFFF96F8
00009ACF
FFFF96A3
0000C276
FFFF1985
FFFFB63B
0000AD5C
FFFFE288
FFFFB50A
FFFEF35D
FFFED73D
FFFF93C7
0000183A
FFFF988B
0000BA14
FFFFDC9E
FFFFBB79
000042E4
00009C7A
FFFF6E05
FFFFFF50
0000265C
0000D160
000034C8
000009E3
FFFFFF09
FFFFAC30
0000765A
00007F9F
00001978
FFFF608C
0000777F
FFFFC3D7
0000D32B
FFFFA0A9
0000B971
0000B6DB
FFFF05DB
FFFF65DB
0000E7F6
0000FCAF
FFFFDAF8
000013AC
00002D85
0000992F
FFFF7AF5
FFFFCA12
FFFF952C
FFFFA191
FFFF1FD4
0000758C
FFFFE629
FFFF5F3F
FFFF3866
FFFFA6AA
00007A05
00009F65
FFFFC8EE
00003F2C
FFFF5DB5
00002778
00002348
FFFEFF18
0000147A
00003108
00000321
00007C6B
0001333E
FFFF7149
0000683B
0000D7E1
FFFF3B73
FFFF7657
000087E9
0000CA9E
0000C411
FFFF9892
00008004
FFFF9F0F
0000CF48
FFFFDD58
000024D1
FFFF76EE
FFFF51FF
00003D21
FFFFFD88
0000024C
00005CAA
00000BD4
FFFFF3F3
0000CD3D
0000507E
FFFFFCDE
FFFFCA93
0000E1B6
00009F8C
000081F2
FFFF2F2B
FFFF4A8D
0000ED43
0000CB6D
FFFFFD86
00006933
0000E9AD
0000AD22
00006F4F
FFFF4BF0
00012778
FFFF6414
000017CC
00010347
00002849
0000278F
000053AF
FFFEE5DF
00007422
00000CC8
000029B2
00003728
FFFF7FEF
FFFEE6FB
FFFF8D4E
0000E540
FFFFD51D
00004FEB
000093ED
FFFFE5A6
FFFF8035
FFFF7AA1
000065AE
FFFFE102
0000B7AD
000081BE
00007EB2
FFFF1B8F
FFFF03AF
0000BECC
000013A6
000085CC
0000A2A9
FFFF7493
FFFF2CA5
FFFF73DC
FFFFC0C5
000081E0
FFFFD869
FFFF9562
FFFEE25E
0000BF9E
FFFFEFDC
000014B2
FFFF9DE0
FFFF658C
0000B420
00008646
00008AB7
000048F5
FFFF917A
000016E4
FFFFCB92
FFFF3955
0000876B
FFFF276C
00003720
000026F5
0000235C
00006067
FFFF17EF
FFFFACF7
FFFF9CFD
000126AA
FFFFEE9D
0000A5CF
FFFFF7C4
FFFFE233
FFFF078F
00002CC4
0000AE1D
00003C57
FFFF7345
0000792A
FFFFBFA4
FFFF6A27
FFFFFC5B
FFFFD185
000033E3
FFFFF16B
0000EF60
FFFFBF29
FFFF4C93
FFFF748C
00005B34
FFFF7BA3
00006D2D
0000C790
000096EE
FFFFF058
00014D61
0000E693
0000B9AE
FFFF99B7
FFFFF810
FFFF1767
FFFFB922
FFFFD36B
FFFF847E
00001D0E
00008DAC
0000F84B
000065E7
00009A52
0000E0DE
FFFF85B9
FFFFCBA2
00010461
0000C9EF
FFFFA5DE
00004BF1
0000C99A
FFFF40F2
00001FD6
0000B77D
FFFFAFC3
FFFFFA87
FFFFBE0C
0000CB22
0000BA17
FFFF6A90
00001C91
FFFFF71F
00003CA3
00001439
00000EDD
0000D719
00007EFD
00004C11
FFFFBC10
00009166
FFFF8EB7
FFFFECE7
FFFF8345
FFFF3C12
000007D9
000089C7
0000FF9A
00000092
0000A328
FFFFC356
FFFF0444
FFFFF25B
00008563
FFFF2E76
FFFEF35E
000015CF
0000FDB1
0000B406
0000ED21
0000470D
FFFFCC8A
0000D57C
00001B70
FFFF540C
00004DE9
FFFFA6A4
0000C06A
FFFF75BC
00005FA0
FFFFCB80
FFFFC0C2
000004CC
FFFFF864
FFFFA927
FFFF5E04
00000526
00001030
FFFFFF2E
FFFF5C10
FFFF1D93
0001036A
00005CCD
00003A40
000007A3
FFFF8E5B
00006EC0
FFFFBF76
00005D15
00009AE6
FFFF35CC
FFFF49E9
000090A0
000008E7
0000C5E1
0000415D
FFFF7AE8
FFFF7317
00008236
0000479B
FFFEF4B7
FFFF5E28
FFFF69C6
FFFFF3CB
00002BE9
FFFFF4A9
FFFF483D
FFFFA973
00007563
FFFFFA5A
FFFF83E5
FFFF0A0F
FFFECD5D
FFFFE7A4
00005E40
FFFF391B
00007495
00009D1F
00006F37
0000A9EA
FFFFA0FF
FFFFCC35
FFFF1F40
00004897
FFFF5C1A
FFFF9DC8
FFFFBD0B
FFFF8678
0000DDBC
00001C53
000078F9
00009076
00000223
FFFFACE2
00004F9D
0000A32E
0000DA88
FFFFCABB
00004338
FFFFA5BF
00006977
000054AE
FFFFE06A
FFFF6A0B
FFFF9F47
0000B7D0
FFFFDB78
00006930
FFFF6B3C
00009A08
FFFEB65D
00001398
FFFFFCBA
0000DB8E
FFFF4090
FFFFB589
00002A8F
0000F1F7
00004F06
0000D3CB
0000E7FF
FFFFEAD1
00011E08
0000C6CF
00006BD5
00002927
0000818E
FFFFEE04
FFFF360F
000008D4
FFFFB0B3
FFFED5A7
FFFF5773
FFFF99F2
0000E3CD
0000C106
FFFFEB33
0000A2C1
FFFFF3AC
0000A151
FFFFDAE7
0001001E
0000AA46
0000090E
FFFFE6DE
FFFFBE26
FFFF4295
0000BBC9
00006397
00013C73
00007753
0000A451
FFFE8C4F
FFFFD919
FFFFB0F2
00003F5E
FFFEF3B6
000044AE
0000BFDA
0000A955
0000BA28
FFFFA26D
FFFF95ED
00007DF2
FFFFEA74
FFFFB1B2
00009B74
0000ECA4
FFFFCD32
00007FE2
FFFE9012
000066AA
FFFF917F
000016BE
FFFF9E5A
000000ED
00000EDA
0000D806
00006B9F
00012A4C
FFFF1250
00000C7F
FFFF4048
000014B4
00004DA6
FFFFF555
0000480D
0000F1FA
FFFEE2AF
FFFED96C
00001692
FFFFBA8B
FFFF46DB
FFFF50C5
00004121
00007C03
FFFFF5B2
00009B08
00013A25
00005F79
FFFFCA25
00002844
00007BA5
00005CC9
0000055E
00005FF3
00002DA7
FFFF38A7
FFFFE0C2
FFFF4F49
FFFF6924
00004AE8
000043FA
00004D0A
FFFF5858
FFFEC373
FFFF7804
00007530
00001A5E
0000217F
FFFF63A0
000041EA
FFFFF577
FFFFCF15
FFFFA7C4
0000019B
FFFFEC71
FFFF4A1F
FFFEAD98
FFFFB14D
FFFF81CC
0000A7D7
FFFF5767
0000156C
FFFF4AE7
FFFFB16F
00001592
000070A8
000053D5
FFFF88F8
FFFEF9BC
FFFFA25F
00013D4D
00007D4C
0000B57C
FFFEF6CB
FFFF92B3
FFFF0B43
FFFFCE96
FFFFBC0F
00001A7B
FFFF4B81
FFFF998A
000013B8
000032E9
FFFFF388
000135E0
FFFF4DD8
00005D71
00003D28
FFFF9C0A
FFFFC1BB
FFFF9840
000043AA
000016DB
FFFF569A
00008568
000115B6
00001C87
FFFF4422
00002134
00000E83
FFFED26B
FFFF7B08
0000E320
0000C156
000029AD
00009033
0000331A
FFFFB80C
FFFF78C4
FFFF8D2E
FFFF554E
FFFFE815
FFFF399B
FFFF5B28
FFFFCC40
00001390
00004294
FFFF674D
00008235
FFFFE860
00005977
0000C6C6
FFFF6449
000073FE
FFFEBCB1
00000111
FFFF7C5F
000094A4
0000E217
FFFFB9F0
00013035
00006C6A
0000556B
FFFF62DF
00012589
00010432
00005483
FFFF93C1
FFFF2C1D
FFFF5072
FFFF1BE2
FFFF3BA0
0001101E
FFFFD0A8
00013EF5
FFFF9DE2
00006818
0000394D
0000C4AF
FFFFFBB5
FFFF9184
FFFF1EB3
0000D301
FFFFF400
FFFFB720
0000CCBF
00008B2F
FFFFD0E7
FFFE979E
FFFFD19A
FFFF4FD0
0000BFF7
00005652
00005A66
00001DB8
FFFF0695
FFFEBD66
FFFF12C2
FFFF1385
FFFFACF6
FFFF7497
00004EA9
00001695
FFFF3112
00002419
0000B890
FFFF6FD4
00006206
FFFFCD51
FFFF8586
FFFF50A9
00007DE4
FFFF846D
FFFF6A76
0000FBED
00004AE4
0000B4D1
0000AC9A
0000AE04
FFFF948B
FFFFA153
FFFFBBC0
FFFF4FBC
000021D5
00004BEE
FFFF9873
FFFF84E8
00003D12
FFFFE2DA
FFFFCFF0
FFFFA6CB
00005B4B
00004D81
0000A5E6
0000F6B5
000090CE
0000B5C4
FFFF4CA6
00002E45
FFFF76CF
00006E93
00000723
FFFF191D
00008661
0000A404
0000542B
00000332
FFFF774D
00001F17
FFFFC755
FFFFD885
FFFF70C5
FFFFC169
00012240
000023AC
FFFF7B20
FFFFD902
FFFF8FCB
FFFF842A
FFFF420B
00005AC3
00002115
FFFF24B9
FFFF0D2E
FFFF49EF
FFFF219A
FFFFEE55
000184BF
FFFE776B
0000061F
FFFF2EF5
00004A9A
FFFFD86A
FFFFF0DB
0000C469
FFFFB49A
FFFFE15D
000107BB
000035D5
000090DE
0000BDC6
00008232
FFFFAF9A
FFFF71F8
FFFF99EC
FFFF6536
0000C246
000051D7
FFFFB0D1
FFFF1E3B
00003F9F
00000909
FFFFE22A
FFFFCD4A
FFFFD011
FFFF9478
0000A3F2
FFFFCDB3
FFFFFEF2
FFFFB0D3
FFFFFF2C
00001B89
00009AA9
00006EEB
FFFFB625
FFFF269A
0000A59A
FFFFA646
000068ED
0000174E
FFFEEE14
FFFFC236
00005895
FFFF4332
000067EF
FFFF72D7
FFFFD830
00001A2A
FFFF9EB6
00016470
000070C2
FFFFB201
FFFF3346
FFFFF6F3
00007E97
0000D47E
000124B4
00008A20
FFFFAB74
0000BACF
00007244
FFFEF128
FFFEFA7E
0000A2ED
FFFF98FD
FFFFB41D
FFFFBCD0
00000D2D
FFFF14E5
FFFF1771
0000480F
000063E8
FFFFE6F1
FFFE83AE
0000703B
FFFF6DAF
FFFF637A
FFFF338D
FFFF54F8
0000ABC4
0000A1DB
00009752
00003A5C
FFFFCAEA
FFFF8F44
0000BFAA
FFFF1919
FFFEDAD0
FFFF612A
000048FB
FFFF6B6C
FFFFCAAF
FFFF89AA
0001322F
FFFED48B
FFFF1467
000114F6
0000E134
FFFEE868
0000CE47
000044AF
FFFE72FA
FFFEA175
00008C76
0000B925
FFFE9D8B
0001E5E5
0000E591
0000433D
00001911
FFFF5F56
FFFFDD0B
FFFF70E6
00013D93
FFFFD810
FFFF239D
0000799D
FFFF1E9C
FFFF088A
FFFF77C5
000114FB
00010AB3
FFFFE458
0002066E
FFFFBC86
000002DB
FFFFE714
000019B4
FFFFE924
00002913
00000C97
FFFFAC00
000055B9
FFFFDFBB
0000FFFC
FFFE8964
FFFF3F1A
FFFFFF38
FFFFE9EA
00008402
000011CA
FFFFE1F1
00009178
FFFFB702
FFFEECCD
00012A73
FFFEA820
00006765
000214E4
FFFEB4EF
FFFF835D
0001888C
0001227D
FFFFDAF6
00003968
FFFFC308
0000BCA8
0000FDAC
FFFFB57F
0000DA48
FFFFD5F2
00016B64
0001A314
0001D7A3
00006C93
FFFE505D
0000420E
FFFE4609
FFFF9338
FFFF7240
FFFFF108
FFFF3171
0000B799
FFFFA429
0000E28F
0000207B
00001519
FFFF8B5D
FFFEE6FE
FFFE6344
000049E5
FFFEE102
0000B0BD
0001D5BF
00000235
00015101
00007F6C
FFFFCBE3
FFFF38C0
FFFF2DB5
00010A00
FFFFCB51
000020AE
000080D4
00014EF5
FFFFB5B8
0001C801
FFFEE24C
0000BF80
0000460B
00001EA6
FFFF6F7F
FFFFC993
0000DE48
FFFEC442
0000AC54
00003658
0000B05C
FFFFF4D8
FFFF0841
000103E0
00004775
FFFFEF8C
0000E03E
0000A13C
FFFFB400
0000B35E
00004463
00004AC8
0000614C
FFFF1313
0001D8C5
0000DAA6
FFFF8B36
FFFFC4D9
FFFF02C9
FFFEF825
0000F98E
FFFE197E
FFFED045
00002AEA
000032F0
FFFFD1D9
00001588
0000CB4A
FFFE9310
0000E72E
FFFE774B
00015BDE
00018FF5
FFFF9E6E
0000581B
FFFF1D24
FFFFE014
00014A22
000055BF
FFFF4BD8
FFFF3998
FFFFA99F
FFFF6EFD
FFFFC3B9
FFFE69F7
0000BB5C
FFFF4B3C
00017D8F
00014537
FFFFB05E
00004EDC
FFFF378E
00000DAC
0000708C
FFFF1FC7
00006A8A
00000EA9
00005F7E
0000477B
FFFE7E52
000009C9
00004FCD
FFFFDFE3
FFFF6A2E
0000B0CE
00015756
FFFF6E85
FFFF5360
000046F5
FFFF2401
0000AD88
0000B4D1
FFFFF8AC
0000C1A4
000013BA
FFFEE363
0000E136
FFFF6DA5
0000B315
0000D69A
FFFFBA22
FFFFD2BF
000088CD
FFFEAA80
0000C396
FFFEE72B
0000067F
FFFFD84F
FFFF0DEF
00010F22
0000C725
000025E2
00006DBE
00012159
000096BC
FFFF0625
0000E8D5
FFFFCAB7
FFFF30C5
0000E7AF
FFFF39B5
FFFF6003
FFFEE25D
00014C12
0001B711
FFFFB8A6
0000E0FB
FFFEF533
000074F7
00008E0E
FFFF06E2
FFFFF968
0000385A
0000AFA2
FFFEA126
FFFEEF53
0000098C
FFFF6A24
FFFEB351
0000A8FF
FFFFB88C
FFFE6C3F
FFFEEFC2
FFFFB1D8
0000CD07
0000CD31
00011FA8
0000DC2C
FFFFABDA
FFFF3763
FFFE836B
000052B0
000082B7
FFFF1992
00005085
FFFF3005
FFFE39D1
00000245
FFFF5FDB
FFFFBE99
00014D31
0000FBB3
FFFF99DD
000017FC
0000BC6A
00000C86
0000E17A
00000637
FFFF1F28
FFFF2883
FFFE8F3E
00007561
FFFF698A
FFFF0EAE
00018F6E
FFFEFC11
FFFED549
FFFFDBF1
000104D8
FFFE94F1
0000EE82
FFFF2C2D
FFFF7109
00008AC4
FFFFDDE1
00004188
FFFF9656
000003AC
000180F2
0000193C
FFFE59DD
FFFE8890
FFFFCC7F
FFFEA779
000138FD
FFFFD0F6
00009484
000172B2
FFFFC0AD
0000DC9D
00015246
FFFFB6A8
0000D744
00000F5D
FFFF2F2E
FFFFA51F
FFFE793B
00002A3C
FFFFA8B5
FFFFC35F
0000044D
FFFEDE94
0000539F
0000B11F
00013BB2
00007E87
00006B60
0000BA6A
0000700F
FFFF4052
00001509
FFFFAA1E
FFFF5230
FFFFB6D4
FFFF9398
0000519F
FFFEA38A
0000F7AC
0000E9A6
FFFEE48C
FFFF47D3
00016FE8
0000AE10
FFFEF79B
FFFFC695
FFFF6C52
000019FC
FFFF321E
FFFE9F5F
FFFF47D5
0001C45B
FFFF9B1A
00004F84
00012874
FFFF727E
0000C3E5
FFFF7FAE
FFFF3859
FFFEFF3C
000017AB
0000BF39
FFFE5C0E
00013162
00001AEF
000043D1
FFFF670C
FFFF776A
00007C89
FFFFD7C5
00001F21
FFFFD930
FFFF7505
00011AE7
00005A31
FFFED497
000002C2
FFFFD05A
000037A3
000226D7
0000A204
00013142
FFFFA35F
00004573
FFFFB5CF
FFFF32C4
FFFE71C9
00009C83
FFFF876C
00006FF1
00000E3E
FFFF3582
0000805F
00019B3F
0001B3DF
000040AB
FFFFBD17
000061D9
00010F85
FFFF35B6
FFFF1690
00001CCC
0000AE35
0000528A
00017E0D
FFFF67B5
FFFF8D2A
FFFF384D
FFFE9B1F
FFFEB952
FFFF206A
FFFFD6FC
00003A06
FFFF6356
FFFEDB2D
FFFF4A79
FFFEB11E
0000C289
FFFDFDCD
0000CA90
00008A57
000027E3
FFFEDAF8
FFFF44F9
FFFF5D15
0000598F
FFFDF644
FFFE8C91
FFFF573E
FFFFC90F
FFFF41A8
0000F3E5
00003785
000041B9
FFFFB18F
FFFF7546
000068E6
0000E924
0000C3EE
FFFF4F32
000081C5
FFFF6F6D
FFFF1ED7
FFFF1C0F
00010F9C
FFFF9141
0000390E
0001568B
FFFF75ED
FFFF1E39
FFFFF783
FFFF760D
0000DBA1
0000C44F
FFFECDDA
FFFFAF84
0000E716
FFFF273F
FFFE9591
00005382
00010587
00009CB0
000157B3
0000C314
0001FA62
000133C0
000064DA
FFFFD258
00000C84
00003F03
FFFF21F9
FFFF510D
0000E762
00005B5B
00004D4A
FFFFE335
FFFEC301
FFFF7FF6
FFFE2098
FFFF35DD
00005330
000032D4
FFFFBDB8
000050F6
0000764E
000066B6
0000A6C9
00001DDC
FFFF84E3
FFFFB2C1
FFFE96A3
00008CA7
00008DE9
0000E5F4
0000637B
FFFFF9AE
00018D0B
FFFF2F9D
0000EBB8
FFFFA202
FFFF0663
FFFF4B05
00004CE4
000137EA
FFFFFC2E
0000E1AB
000026BB
FFFFC57E
000027B4
0000C545
FFFFF310
FFFFBC31
0000C384
00009ECF
00006135
00007B0C
0000B0B6
FFFF5461
0001DA80
000063AC
FFFFD0EF
FFFFE567
FFFED5FC
FFFF1934
FFFFFF31
00009132
FFFFD02E
00000E06
00016A46
FFFFA972
FFFF1D51
FFFF7386
00013D6E
FFFF6DF7
FFFF49AD
00014D0F
FFFEBB4E
00001B94
FFFEA37F
00009392
FFFFF92A
FFFE6ED2
000188D2
FFFF786E
FFFE8AE1
FFFFB72A
FFFF3DC2
00001EF3
00002D62
FFFF6847
000082A1
000082BA
FFFFEF34
FFFF8864
0001A96D
FFFEF105
000247BC
000170C3
FFFFD4C8
00010411
0000A3B4
00007BA7
00003F49
0000E8D4
FFFF2E6D
FFFF07C3
FFFECFA7
000075A8
00009057
FFFF22DA
FFFF5587
FFFFB775
0001367B
000051D0
00000C5A
00014D84
FFFEF130
FFFFBEB4
FFFE5C9C
000027C7
0000BCDF
FFFFA281
0001102E
0000836C
FFFF34E7
0000D84C
FFFEEBF9
FFFF7D17
FFFFC96B
FFFFDD38
FFFFEC54
00002036
00006A97
FFFF46BF
FFFFEE82
FFFFF5D5
FFFFE0CE
FFFFF9F7
FFFF754E
000051FE
FFFFC299
00005D8B
0000C698
0000C055
FFFF37C3
FFFFFB42
00003A19
00001D16
FFFF401C
0000461A
FFFF3AA0
FFFFDCA0
0000AE69
00000C78
0000140B
FFFF703F
00008D2E
FFFFE57D
0000F4C3
00005319
FFFF1EEB
0000BFB9
0000E7CD
0000C66A
0000DFA2
0000807C
0000B6A7
FFFF97F8
FFFF3063
0000C8CE
00003694
FFFF0E06
FFFF8DC3
0000494A
FFFF2130
FFFFE234
FFFFAE11
FFFF1EEE
000037B3
00001DED
00003D4E
000000AF
0000C924
FFFED41E
00009BCE
0000067B
00008376
FFFF59BA
FFFFD7C0
FFFFFC2C
FFFFBB72
0000A502
00000E5C
FFFFA57C
FFFF9F42
0000B88F
FFFFAF11
00000800
000038B4
FFFFD5E2
FFFFF840
FFFFF338
FFFFEBE0
FFFF7888
0000F1DC
FFFFEC80
0000B7C0
FFFFC0CD
0000B930
0000DCF0
FFFF30B1
0000166A
00009A2D
00002A4E
FFFFD5AF
FFFF8BE1
FFFF1145
00008540
FFFF193F
FFFEFE2F
FFFFA73D
00010B3E
FFFF5B29
FFFFBF8A
00006F32
00014818
00001665
FFFF39EA
000014DC
FFFF1D4D
0000784B
00008CC3
00006E4C
00005666
FFFFBB94
FFFF9E69
000044CA
FFFF7237
0000342D
FFFFE163
FFFF06D8
00002422
FFFF2D3F
FFFF5785
FFFF2C6F
00010FD3
0000F8F9
000045D9
FFFF2A14
0000AF3C
000062AC
FFFF1983
FFFFB5CA
FFFF9E67
FFFFCE11
FFFF817B
000078F3
000037A4
FFFF3038
0000148D
00009072
0000771B
0000570B
FFFFBAED
FFFF64F9
FFFF819D
0000251B
FFFF2229
FFFFD2D1
00012A02
000039DD
FFFF3F54
FFFF503B
FFFF40FA
FFFF85B1
FFFF2B12
00006EE6
00001571
FFFF2503
FFFFCBA2
FFFF7A0E
00002E2E
FFFFCE13
FFFF7DE5
FFFF1312
FFFF5B95
00004536
00003D91
0000B47D
00009727
FFFF34C3
00005DCA
0000D524
FFFF7F26
00004A52
0000E74A
FFFEF842
FFFFC83D
0000B2F2
00003033
FFFF21B8
FFFFF06C
00009F7D
0000A0B8
FFFFDBF3
0000CC52
0000EE42
0000BCF3
00004037
0000358F
00004A3D
FFFF88BD
0000166F
FFFF9781
00004C6B
FFFFF072
FFFF5681
00002036
FFFF5ABF
FFFEA0FC
0000607F
000151B9
FFFF8EEE
FFFF1062
FFFF6EEC
00008708
000092FC
000066E0
FFFFEDD6
FFFFAA18
FFFFC6C9
FFFF1A85
FFFF235F
FFFF013F
FFFF972C
FFFF66F8
FFFF7613
00007775
00007B5B
00000D47
FFFF0D25
00002EED
00003547
0000381C
FFFF98C5
000037D8
0000A4BA
00003274
0000BA0A
00004A99
FFFEE2F3
FFFF83FE
0000EFB4
FFFFB26C
00016EB0
FFFF350B
FFFF800D
FFFF695D
0000FB30
00012E8A
FFFF16C0
FFFFA8F3
FFFFDE49
00004DF9
0000653B
FFFE9C30
00007CC0
0000FF81
FFFFEDEA
FFFF2ED1
FFFF60FC
00009BEB
00000BB9
FFFF37C2
FFFF35A8
FFFF6B85
000052D5
00008D64
FFFF14EA
FFFF0156
00000C8E
FFFF1DBD
000107C7
000159B2
00005ED9
FFFF4087
FFFE8C9B
000072CE
FFFFF1D6
FFFF4903
00010D90
0000C092
FFFF194A
FFFF6BBF
000016E1
FFFF556B
FFFECA75
000000AA
0001A3AA
00000894
FFFF723D
FFFF1783
0000F709
FFFF887B
FFFF7A0A
00002808
FFFFF1BF
FFFF69A7
0000B4BE
FFFF7210
FFFFA23C
FFFF25E0
FFFFA6C5
FFFFD994
FFFFBA16
FFFF188C
000032D2
FFFFCD76
0000DD0A
0000367A
000030FD
0000AC8B
FFFF53F0
FFFF8007
FFFFE7D7
0000F1CA
00000E89
FFFEAFEF
FFFF3478
00000D27
FFFFE353
FFFF12CB
FFFE9962
FFFFDBBB
FFFFEB6E
000026EA
FFFFDC0A
0000A46D
FFFF6D0B
00001922
000045D7
FFFF7029
0000FB4C
0000AF44
FFFF025E
FFFF8F28
000197B6
00008876
FFFE80CD
FFFF4C08
0000028F
00001C47
0000F075
FFFF99BD
FFFF1877
0000608F
00013925
0000A03E
FFFF1EEC
FFFFBFCB
00001EEB
FFFFDE11
00007F99
000047F8
0000584D
0000B04B
FFFF8D51
FFFF873E
00002EF7
000093D1
0000C2A6
000054EE
00008E51
FFFF95D4
0000B00C
00018255
0000AB88
FFFF3A54
00000E99
FFFFCAB1
00014189
FFFF96A1
FFFF7932
00006080
FFFFDFA6
0000840D
FFFFC876
00007DE2
FFFF2CCC
FFFFEE30
FFFF5662
FFFFFFF4
FFFFF28F
00004CDE
FFFFE262
00007C40
FFFFF1D8
FFFF56AD
FFFFBFA0
0000053D
FFFFC569
00010CAC
00008F87
00002465
000051B8
FFFFA871
0000D9F7
00004A89
FFFF2D6C
FFFF87FB
FFFFE4A7
0000D5BE
0000FECD
00010D56
00004AE1
000034C6
FFFFA5D7
00005D88
00001EBF
FFFFE789
FFFFE2E8
FFFEF13B
00002355
FFFFC549
00009321
FFFF3A8A
FFFF4D0E
0000096C
00006880
FFFFAD8A
0000C809
FFFF8C9A
0000B336
FFFF4275
000074BF
00009784
00004AA1
FFFE5325
FFFF2F48
FFFFF1E9
00012133
FFFEFB6C
FFFFDA5A
FFFF32D3
0000FCD6
FFFF7A7C
FFFFEC83
0000356C
FFFF3516
0000289C
00000B11
000103C6
00004600
FFFF2ED6
0000F634
0001C35C
FFFF4203
FFFFEB2A
00003B6B
00006029
0000106F
FFFF8024
FFFF2F7E
FFFFACC5
FFFFD1C1
00005862
FFFF5F47
00006DDE
0000529F
FFFFFF28
0000D338
00002526
FFFF6D63
FFFE97B9
000034A1
0000DF05
FFFF8825
FFFF65AE
0001621F
FFFFC279
000085F5
FFFFC91D
000049EF
0000D7B7
FFFEFE15
FFFF7BEE
00002E02
FFFF7FC6
FFFF5087
000083A5
FFFF1491
FFFEEE92
00008C01
00006826
FFFF5938
00009C24
0000A617
FFFFA043
0000AAFF
0000BCC9
0000802D
FFFF1834
00005B4F
0001258E
0000A129
0000298A
FFFFF235
FFFF5115
0000472C
00006E00
00000A2B
FFFFE466
FFFFCCA9
FFFFA10F
FFFFAD67
FFFFD891
0000AA2A
FFFFF893
FFFE8EFE
FFFFD072
00007F88
0000ABCF
FFFFBFB7
000001C4
FFFF8B2A
FFFFB01A
00006624
FFFF7261
FFFFA70D
00001F97
FFFFE4D0
0000330A
00004BEC
0000CC2D
00003A6D
FFFFFCFA
0000F86A
FFFF9D40
000099D1
FFFFFE2B
00000554
0000142B
FFFFD808
FFFFFB67
FFFF875B
FFFF7B3F
FFFFD0F4
FFFFAF1A
FFFFAFBE
FFFFE5BF
00002790
00007BC2
FFFF9605
FFFF5CE4
0001110A
0000AD2E
FFFFADF7
000088E9
0000C98E
0000690A
FFFFD849
00009EFA
FFFFB75D
00000F3D
FFFFE69E
000026EE
0000D5B0
00003F87
00001ABE
FFFF9EC6
FFFFC508
0000433F
000046DD
0000246A
0000E22D
0000B403
FFFF5FF8
FFFFF86B
FFFFB5B2
0000646A
FFFF7A94
FFFFD8EA
0000AC29
FFFF1B87
FFFEFF20
0000C0AD
00007268
FFFF6386
FFFF8660
FFFE2943
FFFEC2B2
FFFF5EE8
0000257E
FFFF6067
FFFFDB89
FFFFA108
000050C4
FFFFC582
00002AB4
FFFF0968
0000A51B
FFFF6B54
FFFF90A1
FFFF7D6F
000022E4
0000583E
FFFF37D6
FFFFC36E
0000F293
FFFFF6A5
000022D5
0000EC61
0000A693
FFFFD69A
FFFFFBE4
000016B5
0000EB35
FFFFC529
0000B6A2
00000C86
FFFFA639
00003BAE
00007F79
0000D821
FFFFD4F9
0000DEFB
FFFF8A83
FFFFAF1E
00006C53
FFFF367F
0000109F
00010829
0000E6CB
00006FBC
FFFEBE60
00004E8F
FFFF4DCA
00001C22
FFFFBC43
00004BA3
000016F5
FFFFF33D
FFFF3A72
00005706
0000B5B1
00008CA9
FFFFE3A7
00002579
00004983
FFFF9D67
FFFF6FED
FFFF0C1C
FFFF18CB
FFFF3C3C
0000B6E4
FFFFEACC
00008A78
0000D7C6
FFFFEDCF
0000CFBC
00012052
FFFFC629
FFFFA1A6
0000819F
000067AE
FFFF464C
0000829D
FFFFA81A
FFFFA47B
FFFF5258
00004631
000123CF
000051A7
00001774
00003B99
000033B0
00003729
00006C9F
000016C5
00001CEE
00003DFC
000078A9
00007B85
FFFF76EF
0000B056
FFFFAF46
FFFF8258
FFFFD393
00004F1F
FFFF827C
0000A58A
0000EA7B
FFFFA9AF
0001266F
00005856
000171AF
00002196
FFFF573E
00006EEB
FFFEAAC5
0000708A
000047CE
0000247C
0000AB22
00005773
FFFFC120
FFFFB6B1
0000825D
FFFF78C0
0000A5A3
FFFFCFF7
FFFF4C3A
FFFF8534
00007AF3
FFFFD086
0000F1ED
00007CC6
000092E5
000021B2
FFFF58A1
FFFF1C52
FFFF900D
FFFFCFA1
FFFFFCC9
0001A7A0
00010E42
FFFFDF58
0000A790
00000198
00007C4F
000078CC
FFFF9AFA
FFFF5126
00001CD9
FFFF5C3A
FFFF8760
00008480
FFFFA809
0000F287
FFFFD10C
FFFFD86A
FFFFAFFE
FFFEDA68
FFFECB58
FFFF5E50
FFFF24A0
FFFFEE91
FFFFCA40
00002615
000063A9
00004BA2
0000F614
0000D90C
FFFF7EF5
FFFED897
FFFFE8D0
FFFF8577
00001CF3
FFFF4CD0
000084CA
00004CA0
FFFF74C5
0000F55C
FFFFBFA8
FFFFA234
FFFF8885
FFFFED7D
0001765E
00012B0D
0000517A
FFFFDE0A
FFFF91FF
FFFF610C
FFFF23E2
0000F23B
00004636
00000965
FFFFBE0F
00001AFF
000142C3
FFFF488C
0000A3B6
00007651
FFFFE9E0
FFFFC4C0
0000149B
000023C1
FFFF9665
00008529
FFFF5163
FFFF3CB0
000054DD
00000FE3
FFFF680E
FFFF89F3
00009586
FFFFC8F3
FFFF9EE3
0000DB8A
00001D8C
FFFFBACF
00003D5E
0000247E
FFFFFD7F
0000B1B3
FFFF3C21
00000FF9
FFFF7093
00008FBC
000162CC
0000E7F9
FFFFD746
FFFF9B09
0000A1FF
00007BB6
FFFFD2D2
FFFFF4D6
0000833F
000059FF
000081B6
0000B682
FFFF8621
0000B857
FFFFDA47
0000AF8B
00004308
000091CA
FFFFC415
00001BA3
FFFF6DAF
00000700
00004652
0001B4D9
00009B5E
0000C136
FFFF6503
FFFF0972
000037CE
00004DB6
00008C01
00001C49
FFFFC269
00006075
FFFF9ED3
FFFF1AC0
FFFED4E4
00004407
FFFFA859
FFFF5D59
FFFF20C4
FFFFEA72
0000511F
FFFFF8C4
FFFF329C
0000C55D
00001933
0000D005
FFFFB219
0000809D
FFFF0705
FFFFC4C7
FFFFE913
00009E8D
00003193
FFFFB75E
00004DFB
FFFF330D
FFFF48F0
00000537
000047CE
FFFF62C3
FFFF2D1C
FFFED53E
000020F7
00001EE5
0000F965
FFFF7A3D
FFFFBF0C
FFFFF320
0000C3F8
000029E6
00003FDA
0000B8B6
000077F3
0000C2ED
FFFF5B0E
0000F64D
FFFFF7E5
0000F0B5
FFFFF223
000027F2
0000438F
00004724
FFFF7EE8
00004D86
00001E0B
00006D79
FFFFDEC1
00008386
FFFFA884
FFFF84A8
FFFF53BA
FFFF469E
FFFF55D0
0000E866
FFFF53A4
0000B12D
FFFF5061
0000AA79
00007BA0
FFFF5027
000039CA
FFFFF92C
FFFEEF7D
FFFFF151
00006D8E
00006481
FFFFF4D2
00001987
00000BE0
0000478C
FFFF92E5
FFFFA0DF
00008F29
FFFEDE95
0000F57A
0000C27A
FFFF4342
FFFF7053
0000A1CF
0000E212
FFFF7D93
FFFF9B94
000112FD
FFFF473E
FFFEFEC7
FFFF5640
FFFF8422
FFFFF012
00009069
FFFF9D58
000152E8
0000DD6D
FFFFE752
FFFFACED
FFFF92E4
FFFFBEF9
FFFF7561
0000CC48
FFFFD45A
FFFFB602
0000AB07
0000042D
FFFEC36B
FFFFDB90
00008663
0000D04C
0000C922
0000657D
00004593
00002276
0000EEBE
0000CB8A
FFFFDAFA
FFFFDCE8
FFFF2234
FFFF5B0A
FFFF479A
FFFFE8F8
FFFF2821
FFFF4E4A
FFFFCC48
FFFF08C4
FFFF5A4E
FFFFDCC8
0000C256
000148A3
FFFFE9F6
0000B00B
FFFF68A3
FFFF384A
FFFF345B
FFFFA95B
FFFFE0F9
0000F19C
0000D6BB
00009EE7
FFFFEEC5
FFFF859A
0000CB7E
00002CF9
00008E79
FFFF275B
00009CE7
00001495
FFFEB83F
FFFF67A4
FFFFBA46
0000A1C8
00013E43
0000AED9
0000EA43
FFFF5EF1
0000BB17
FFFF959F
FFFFBD08
FFFF3F89
0000757E
0000BD30
000049F3
FFFFA528
FFFFA84E
00007F3B
FFFE9566
FFFFEE6A
00006190
0000086D
FFFFF7FC
0000D5A0
FFFFA778
FFFF768D
FFFF7E10
00006149
FFFED6CB
FFFF7C49
000061C1
FFFF3064
FFFF1223
000056B6
FFFF51C1
0000795B
FFFF51DF
FFFF8DDA
0000C15E
FFFFD0EE
00004785
FFFEE5FD
00001823
FFFF26C7
0000DB43
00007E60
0000653C
0000968B
0000C758
00007C9A
00001AF6
FFFFAAFD
00005825
0000755C
FFFF396D
FFFF628A
FFFFE9EE
FFFF994E
FFFEFA85
FFFF1292
00001CB3
00002DA7
00000F76
0000D21D
00002A63
FFFF60C9
00004A80
00011BBB
FFFF3E13
00004E14
0000602F
FFFF11AF
FFFFCDF4
FFFF83A1
FFFFE6D3
FFFFFCAE
FFFFE9DE
0000E576
0000B19F
FFFFA19F
FFFF6F2B
FFFF81C4
FFFF57FD
00005BB8
0000C06F
00006CBB
0000D86C
00002D9E
00007513
00007C64
FFFED73B
FFFFD660
00002215
FFFFFA16
FFFF23DE
000038D6
0000323A
FFFF021F
FFFFF97D
00000B9F
FFFED748
0000D509
FFFFFDFF
FFFF5AB7
0000CB54
00002641
0000B098
FFFFA74B
00007DE5
FFFF8FDB
FFFF8F0B
00000509
00005605
FFFF55C6
00009747
FFFF03E4
00015ACE
0000B3B6
0000B794
0000099C
00002AE7
FFFF20C6
FFFF9B71
FFFFE547
000096D4
000087F2
00007E88
0000300C
FFFF24B5
FFFF26F7
FFFF6167
00004DBA
FFFFAAF1
0000CF98
FFFF8B15
00006399
00008ADD
00009730
00000975
FFFFC06F
FFFFC306
000076F2
FFFFB90C
0000D315
FFFF196C
00006495
FFFF0F52
000057D1
FFFFC536
0000D62F
0000A4A5
FFFF6FB7
000029B7
00008D0A
FFFFF780
FFFF7848
0000FDCA
FFFFAE62
00011709
00006623
FFFFC87B
0000B32E
FFFF0B30
00011F79
FFFF39D1
FFFF46CF
0000F087
FFFEFDA5
0000170B
FFFFCA18
00009CF3
00001596
000016CF
FFFF2D74
000005FE
0000A1AB
00007376
000074D8
FFFFE430
0000D1B9
00005FC3
0000EBD1
000004D1
FFFF5101
0000BFF3
0000AA60
00007DD0
FFFF7F38
FFFF55CB
FFFF98F7
00008E56
FFFF03FD
FFFEE5EF
000087F8
0000E33C
FFFEBEA4
FFFF56A9
0000F4EE
FFFF1776
00007942
0000DBC6
00018296
00008D21
0001B761
FFFFF4FF
FFFFE110
000137C9
0000C03C
0001D491
FFFECBB2
FFFFD76D
0000588B
0000302E
FFFF67C0
FFFF10E7
00008834
0000C01F
0000096D
000175E7
000048E9
FFFFD7C0
00012118
0000A208
FFFF4B11
00004DDE
FFFFD88A
00003674
00007A28
00003D4F
00008F4D
FFFFD94D
00002829
0000163F
FFFF6A39
00012D17
FFFFEF76
000129B6
00006743
00005923
000094A5
00001FF1
FFFF9329
000050CD
000026DF
FFFF48BB
000038EF
FFFE8A95
FFFF2C28
000064BF
000148F2
00007E90
FFFFA15B
FFFF59FB
00015C48
00003627
00007FF4
FFFF3973
FFFFF828
FFFF5579
FFFEEFD0
00010CC7
FFFEE1C1
FFFEAEB4
00005F59
0000486C
FFFF58AC
0000A969
FFFE8046
FFFFC1D6
00002FEA
FFFF2378
FFFEB00D
000004C3
0000C5F3
0000387B
00005985
FFFF7C59
FFFFFFF3
FFFF0E1B
FFFF5F1E
00001DEF
FFFF3B2D
0000473E
FFFFFDDA
FFFEE991
00003345
FFFF155F
0000DCB8
0001195F
FFFED0B3
000030E2
000095F9
FFFEB952
FFFFF314
FFFFF7E7
FFFFB494
00002655
FFFED923
000027EA
000084E8
000099F6
00006F79
FFFFA436
FFFF0605
00000782
00000751
00010C84
FFFF3A0F
0000457E
0001211C
00008285
0000983D
FFFFB7E9
FFFF006B
FFFF74B3
0000F00E
00014E03
FFFFFA9C
FFFFCBAB
0000B151
FFFFA45C
0000C152
FFFEA80D
FFFFFE14
0000A228
0000323A
FFFF16ED
000034C5
0000ADC4
000079F9
0000858A
00000D1F
000070C0
00010B41
FFFF9722
0000BDDA
0000FBC5
FFFFC8FD
00005968
FFFEACB2
FFFF84F4
00017CD6
00007052
FFFF500D
000167B5
0000189C
0000BB9A
0000B563
FFFF2255
FFFFD6DB
000112E1
0000087D
000090EC
0001304B
00002E36
00004C7D
FFFEB9B1
FFFFCC1C
FFFF8BC7
FFFEB53E
00008CD3
000045F7
00007960
00008B56
FFFFC2B0
FFFF2C0B
FFFF37A6
FFFF974F
0000E03F
00011C56
FFFFDA8B
0000549D
00011C7E
00003269
FFFF70D5
FFFFAB52
00006563
0000343F
FFFFA02E
FFFEFB21
0001AE66
00002B3D
FFFF10D2
FFFFC931
00006895
00001B0A
00003AF4
FFFE5CFD
FFFF360B
0000E4E9
FFFFE607
00003631
FFFFE753
000138EC
0001806F
FFFDE6D4
00007C8B
FFFFE7AA
FFFED686
FFFE7400
FFFFAB30
FFFF729F
FFFFBC21
FFFF120C
00009DDC
00004661
FFFFD4E6
0000064F
00015D0D
FFFF1EFE
000081A1
FFFF99BF
FFFED0F8
FFFF2E49
FFFFF393
FFFFF25E
00008EC0
FFFF6F99
000221CE
FFFF50AF
FFFF3ED0
FFFFE4E9
000187C3
00008524
FFFFD0E9
0000FD6E
FFFF97A2
0000C19B
0000FEC3
00003E60
FFFFBC26
0001166C
0000ECA7
FFFEEC97
0000CCEB
0000A73D
000083EC
FFFEE3C7
FFFEF23B
FFFFCC73
FFFF4756
FFFEF7EB
00007C97
0000B39B
00009FF4
FFFE8F5D
0000E856
FFFFCFB0
FFFF1B23
0000ED03
000085DD
000152D6
FFFEE579
FFFF624C
FFFFFBEA
FFFEEE72
FFFE8327
00006C9A
000107E8
FFFF4AA0
000002A8
00017652
00002195
FFFFC1DB
0000AC23
00007EF1
0000C6AC
00008E09
FFFF440D
00009B73
0001135A
0001677D
00003B01
000132BF
00013FAB
FFFFDA38
00005E6B
0001482F
000184B7
00007ED7
FFFEF110
00007ACC
00003AB7
FFFF29A3
FFFFC119
000019A7
FFFEA941
FFFF9AFF
000144DD
0000A136
0001A8D0
0000B9F6
00001EF0
0000059E
00016993
0000754F
FFFF7FCC
FFFEDB49
000128B9
FFFEA698
FFFEDB26
FFFF9CF0
0000B9C5
FFFFB996
FFFF2057
0000157A
0000B1CD
0000892E
00005FE7
FFFF844F
FFFFDFB2
FFFF7125
0000412B
FFFF145F
FFFEEBF4
FFFFF68B
0000E2C5
0000FE51
00003F15
000041E6
FFFFBB57
FFFFBA54
0000D026
FFFFE2A3
00007C86
FFFFB66B
0000E58E
0000D694
FFFFBB70
00002C5C
FFFFF65C
00015107
FFFEFAE1
FFFFC9F2
00006B31
0000CAA9
FFFF8BBB
FFFFAB7F
FFFF0438
FFFFD79D
FFFF25B6
FFFF8425
00000DC2
00008BA1
FFFFA5CE
00005941
00021CA7
0001BFBF
00007A1A
FFFF5C72
00003E12
FFFFC0A5
FFFEFCE5
FFFFB481
0000F35D
00001789
FFFFCA7D
00009870
00006C90
FFFFC7D3
0000CD85
0000F481
00002C91
FFFF4628
FFFF750C
FFFFC808
FFFF9268
FFFF4E87
FFFED42C
00005988
00003274
00006F6C
FFFFF8FD
FFFF4115
000030FC
FFFFAAEF
FFFF21C6
0001A6D5
0000BB66
FFFF82AC
FFFE9034
0000CD83
FFFEAD4F
FFFF9FB3
0000AD27
FFFFED14
FFFECD0B
000138F3
000025AF
00009D94
FFFF73E9
FFFF7596
FFFF6F39
FFFEF24D
0000B272
00004DD3
FFFF3222
FFFEFF66
FFFF58D0
000062C1
0001A44B
0001518B
FFFEEC79
00008792
FFFF3B45
FFFFA4B7
FFFEB9A0
FFFE56D8
000043CB
FFFE787E
00005D08
000026E1
FFFD77C6
FFFE52FD
FFFF6CDF
00000FB4
000096D7
FFFFA021
00010A25
FFFFA81C
0000B08C
0000D7BC
00010FB7
000136B1
000121E9
00006C80
00006BD6
00010212
FFFF455A
000044D6
00011451
0000F93C
FFFF0280
00005862
00011289
0000DBA5
0000AABB
FFFFC203
FFFFA404
FFFEFADB
FFFE5A30
FFFFFD96
00006563
00005045
FFFFF16F
000030D9
0000A20B
FFFEDC66
0000FE6C
0000DD83
FFFED886
FFFE5A30
FFFFADD1
0000FB37
FFFF9C8D
00003D03
FFFEB843
FFFFA41D
FFFF7081
0000A761
FFFE86DC
0001486F
0000FB7C
000071C2
00007E6E
00003514
00001C91
0000BD98
FFFFDBB3
FFFF73A7
00000281
FFFF4EF5
FFFFD60C
FFFFB585
FFFEAAF6
00000C60
0000774F
00003607
FFFE3C35
00001587
FFFFEC6A
FFFF6BAB
FFFFBBA2
FFFF6C70
FFFFAD36
FFFFCAD6
FFFEED13
0000F9EE
FFFF6067
0000891B
FFFF8C89
FFFF3217
FFFFBB19
FFFE96F7
FFFE9E63
FFFFA275
FFFFC862
00015DD8
00010C87
000002D6
FFFF805A
00011FEC
0000D220
00005A5B
FFFFBBD1
FFFF797E
0000A495
FFFF7C32
0000FB69
0000F9FE
FFFFC56F
FFFFE5B1
FFFF6FCD
0000DE6D
FFFFB877
000091D2
00003F64
0000C37E
000035A8
00008CE0
FFFF1EB5
000070E9
FFFF832E
FFFFA6CF
000007BB
FFFF246C
FFFF7647
FFFF7890
FFFE9F5A
0000BCE6
FFFEEC81
FFFEF82E
FFFFD649
000093EF
000048BB
FFFFF72C
000175D5
00015C1A
00003385
00010B49
FFFFD6E3
00000EA3
FFFF35DA
000073C9
FFFEC908
000051CB
FFFEF04A
0000C4E8
0000EEBD
FFFFB4DC
000117A4
0001D14A
FFFFA71F
0001898E
000060F4
FFFF1FF0
0000BFFE
00003ED5
FFFF59D5
FFFF95DA
0000ECB5
FFFF767B
0000A0ED
0000CA9A
00001019
0000C5CD
0000F47F
FFFEFCD9
FFFE439E
00016C06
0000A632
FFFF90ED
FFFF4FDB
0000352F
000118B2
0000DCC1
00002870
000117C4
FFFEB53A
00001621
FFFF4CE1
FFFF65C2
FFFFD3B6
FFFED603
0000D785
00011C8D
00002B5A
0001DFCD
00006BA5
00007FFB
0000B9EB
FFFEBFAC
FFFF4E84
00009F29
00006AE0
00004E62
FFFFD246
00001036
0000137B
FFFFB6E3
FFFFFC67
FFFF9C2C
FFFEEE34
FFFEFB76
000104EB
FFFF9332
FFFFE5CD
00000DD1
FFFE64CC
0000B837
FFFF3788
00009A0E
FFFF2646
00007DB3
FFFF788C
FFFFAC69
FFFFF906
FFFE3DA8
FFFE75BD
0002144A
FFFE2BCD
FFFEA709
0000C763
FFFEA70D
FFFE8453
00009F1D
FFFF8C5C
FFFF8135
0001FA39
FFFFEA69
FFFF35F4
FFFFBADC
FFFFB9BE
00004DEA
0000BB23
FFFF3943
0000513B
FFFF150A
FFFED4B5
000007E4
0000E2A3
0000DC59
0000B8BA
000005CD
FFFFE89E
00013CE4
0000BDA0
FFFE7FE9
FFFFA7BE
0000367E
FFFE9199
0000D3B3
FFFFCB71
00001764
00007B57
00004DEF
FFFEAE47
000063D1
FFFF0BA0
00007619
FFFE9B4E
0001C009
FFFE2E2C
FFFF9483
0001A4AA
FFFE3FF2
FFFE735B
0002584B
00001896
FFFE7243
0000E397
0000591A
FFFFFAF5
FFFF5368
FFFFDC33
FFFE90A4
0001C519
FFFF3C1E
00009FC9
FFFED69A
00013764
00012BE1
0000CF00
0000B1BD
FFFF7168
FFFEBE68
FFFFF121
00002611
00007F59
00007313
FFFFE1DC
000021AD
0000B4AC
FFFF17B5
FFFFCFB6
00003F65
FFFEB19E
FFFFE162
00001366
00004F1C
FFFEDAD4
FFFF761F
FFFE6D0D
00013C8A
FFFFABD4
FFFEFE29
00009BB6
FFFE8D0E
FFFF22AA
0000915C
FFFF1611
FFFFE587
0000130B
000017B6
000073A3
FFFE5587
00000F0C
FFFF4454
FFFF0667
00005477
00010FB3
0000AFF6
0001836E
FFFE11D6
0000483C
0000FB76
00002602
FFFF9C31
00009F01
FFFFE2AF
FFFFE137
FFFF1C14
0000F78F
FFFF0CB3
000038BF
FFFEA47C
0000AF65
0000C3E3
000071CF
0000AC3D
FFFFE109
000108E0
0000DF7B
0000290F
00015645
FFFF2E05
FFFE361C
0000BA3D
FFFF3AF5
FFFFDF86
0000EBD5
000145D6
FFFEB9BF
00003085
00004FC7
00009B35
FFFF7D77
0000CA6E
FFFE1F49
0000083B
0000F101
00010DDD
FFFEFBE0
FFFE4A3E
FFFF6E20
0001246B
FFFEEE92
00018B66
0001BD67
FFFF1B3B
000099D0
00005DB8
FFFE406D
00008A17
0000F577
FFFF51BD
0000BDE9
00005DAE
FFFE16EC
FFFF9B1A
00015BFF
FFFF57C1
FFFF948F
00012B54
FFFFBA6C
FFFEF900
FFFFB515
FFFF890C
FFFFE2EB
0000872A
FFFEDBDB
FFFF4EA1
00001236
FFFF8BF7
00006AD1
0000E1F3
FFFE3CFC
0001624E
FFFF41C8
FFFEA3E3
00017B5B
00002E50
FFFFF5C0
00009AB6
00002C1E
FFFF3AB8
FFFF2AC5
FFFE9AAE
FFFF774C
0000C8A1
00009F97
0001624E
FFFE8A39
FFFFC5EA
FFFE4F19
FFFFF81E
00011DE5
00001FF7
0000F216
00005443
FFFF0624
FFFF7CD0
FFFFEE45
00014040
FFFED4BB
00007DBE
00000156
FFFFD0C6
FFFEA003
0000F3DE
0000AF3A
0000A96A
00003FE3
FFFFB5B7
0000E171
FFFF56A1
FFFF190C
FFFF843A
FFFFD6B1
FFFF03AF
FFFFD4F0
FFFE73B2
FFFFE982
FFFFA62C
FFFE6E94
0000E49F
0000A6FD
FFFEC7A0
00026006
000010EF
FFFEE7E9
00000302
FFFF3467
00001577
FFFFA703
FFFFBC66
FFFEA37D
00007542
0000624E
00008A3E
FFFF0DCE
FFFF235F
0000C27C
FFFE3248
FFFFFFA8
FFFFC209
FFFED611
FFFEDE1B
00009C59
FFFEA4F2
FFFFE908
0001CF71
FFFEE931
FFFF5540
000047CB
FFFF8206
0001200F
FFFE254D
0001018A
FFFFC403
FFFF55CD
0000FC1E
FFFFF800
0000CDD5
00010B72
FFFE550C
FFFF4A9D
FFFFCB50
FFFFE327
0000A1AE
FFFFF09B
FFFFB492
00004C32
FFFFB18D
0000224A
FFFEFF73
00001938
00005073
FFFF6ED3
FFFE53E8
FFFF7FED
FFFFD877
FFFD5C4C
FFFE0365
00003131
0000B7B0
FFFE8C9A
0000CC16
FFFF4E0A
FFFE9D4B
FFFF2FF8
0000D878
FFFFBC00
0001A447
FFFE17CA
00003878
00009674
FFFFCF13
FFFF2AFE
FFFFCCE6
FFFEA3D1
FFFFB8BE
0000AC44
FFFF085B
0000B0C7
FFFFBA67
0000FEBA
00003FEC
FFFEA298
FFFF0FF9
00007EBD
FFFF8748
FFFF07B4
FFFFF3B5
FFFEEA0F
FFFEF15D
FFFF59D4
000122C0
FFFE9240
FFFF9E78
FFFFB17C
FFFF2CD4
FFFF5DBF
0000A5E1
FFFF8CD0
FFFF50B8
FFFF33D4
00004F9E
00019E72
FFFF8BFC
00000733
FFFFF808
FFFEECDE
0001915B
00010065
FFFFF398
FFFF9A85
FFFF9977
0001060A
FFFF72AC
FFFF333B
00017231
FFFE6216
0000FDAE
000206C5
FFFDA853
FFFF8E98
00005AD4
FFFF995E
FFFFAC75
FFFE7413
00001BBC
00006F57
FFFF7F9D
0001DB00
FFFFCA8C
FFFEA8B9
000198CF
0000599D
00006F1E
0000E907
FFFF275D
FFFF34D3
FFFED8A4
FFFFC0CC
00009B6F
0000A969
FFFFD058
FFFF2945
FFFF5E60
FFFF19E7
FFFEA8A5
FFFF64E2
FFFF9A2B
FFFEABD1
FFFFC1C9
00010A87
FFFF6543
0000DC80
FFFFF20D
FFFE8D7F
00010131
FFFE29C7
0000B877
0000729E
00002157
FFFF2B69
FFFFD649
0001030C
FFFFBF78
00008719
FFFF0435
FFFFAC91
0000A0DA
000049D0
FFFFF8C8
0000DA1F
00000F5F
000076AA
00000129
00007B49
00013CA6
00000283
FFFF4457
FFFE4DBA
FFFF261B
FFFFA10C
0001C8CA
FFFE9CF8
FFFFFA2F
FFFF79FE
FFFF73B4
00007630
000168C8
FFFEB7A4
00014031
0001B7B7
FFFF18AF
FFFFBA04
FFFFFA2A
FFFFECF0
FFFF22E1
00006F5B
000091A6
FFFFD0EF
FFFF9F97
FFFF2E4E
0000B6B6
FFFF619B
00005F12
00008468
00000804
000051D2
FFFFE1B9
0000BFE9
FFFE459E
FFFFA9F4
0000C834
FFFFFC1D
000026CC
0000B2E3
FFFFDA56
000057F4
FFFE8038
FFFFD16C
FFFEB743
FFFFAAC6
FFFF35F3
00002A9C
00008FB5
0000257F
00017093
FFFFC1C1
00010702
FFFF64D3
00008BEC
0000464F
00006188
FFFEAE26
FFFFBE2F
00011ADD
FFFE80E7
00018416
0000C99F
000026B5
0000FFFE
FFFF79BB
FFFFE9B0
FFFF4F58
FFFF792B
0000F233
FFFE9594
FFFFF057
0000428A
FFFEEBD7
FFFF245E
00010B60
FFFE8D05
00009940
00009A14
00005B1F
FFFFD95A
00001E83
FFFEE40F
000046BC
0000BFB3
FFFE323C
FFFE7E00
0000B749
FFFF6449
FFFFEB5E
00012084
0000B68B
FFFF029D
0000227D
000147E3
FFFFE5F5
FFFE6171
FFFFD08F
0000F1FE
00016B7D
00016B45
FFFF37B7
FFFF27DF
000037B9
FFFFD32B
FFFF23DB
0000599D
0000BD9A
FFFFD59F
FFFF8F0C
0000BC6A
00000886
0000F5AB
0000C087
FFFE461A
000158A1
FFFFC853
000063BC
000059BA
FFFF5557
FFFFE5AA
0000F2E3
0000C9B7
FFFEA526
FFFF4278
FFFFA9E4
FFFFFA47
FFFF5280
FFFE9615
00001E3F
FFFEFB2F
00015F1F
FFFFF2F6
FFFE8B6D
00007201
FFFF7E43
FFFFC11E
FFFF9CFA
0001B117
0000403E
FFFFFE33
FFFFCE96
FFFF4C59
FFFED1E2
FFFFCC50
FFFF6649
00022FDA
0000CC75
0001314D
FFFF0000
FFFEF07D
FFFF2BA6
0000129A
00018308
FFFFA0D3
FFFEA5F6
FFFEC750
FFFEA8DC
FFFFBFB5
FFFFD6A9
FFFFFE0B
00010F85
0001625F
FFFEDB5C
0000C96B
FFFE5CAD
FFFE097E
FFFF6862
FFFE9E03
00005BDD
FFFF5B5B
00003394
FFFFD31C
FFFFDB40
00007577
FFFF7370
FFFF9F6E
FFFEABBA
FFFF7D7D
FFFF12AB
0000DB59
FFFF74E9
FFFF5DEE
FFFFD667
00014936
00008E41
FFFF6F14
FFFF831B
FFFFDE87
0000F24B
FFFF26F1
00012F89
FFFF7B3B
00003923
FFFEDF91
FFFF5828
000085C9
0001077D
0000D229
00007934
FFFF6563
00001EC4
FFFF4C11
00001792
FFFE6086
00000078
00002F1C
00006740
FFFEE775
0000E5A8
00010A5A
FFFF9BF0
00008378
00004A1D
FFFFFE5A
FFFEFA78
00004A07
FFFFDAC5
FFFFA6F6
FFFF416F
FFFEE63E
FFFED70D
FFFF7574
0000620E
0000DE5F
FFFFA517
0000F4B9
00014D74
00007FC1
00018377
FFFF901E
FFFFE6B9
FFFF24AE
FFFEE7CB
FFFF1D1B
FFFFC8B2
FFFF3575
0000B77C
00024D29
FFFF26FA
00000F25
00003E45
FFFF76A5
00013193
00004660
00009216
000132F1
FFFF5369
FFFFF2E0
FFFFB7E0
0000558A
0000989A
0000AE7D
FFFF9AD6
000146D9
00011F36
FFFE5040
FFFF0022
000012BF
000077AF
000069CA
00009022
FFFFAA47
00009FA9
00012206
00000A1C
FFFFB8DB
000021C9
FFFF4C45
00001D32
FFFE8EA3
FFFF7BC2
0000737B
FFFFFEC4
00012FAC
FFFF9257
FFFF4FD6
000017FB
FFFFD058
FFFF8DF5
0000C1AD
FFFFFBE0
00004635
FFFF6EE0
0000DF4D
FFFF54E7
FFFF4A64
FFFE2851
000085F2
00002C56
00005443
0001CE7B
0001B732
000011F2
FFFFE84E
FFFF8DD3
0000D014
FFFFEE06
FFFEF94E
FFFF61EB
00000221
FFFF1C46
FFFF28CF
0000C4F7
FFFF61B7
FFFF87EA
FFFF1C38
000120DE
000047A0
FFFF78BB
FFFFF272
FFFFEBA5
FFFFC1AA
FFFF0A0C
0002147C
FFFE9EE8
0000C5FA
FFFF9442
FFFF3751
0000FB33
FFFF6CF7
FFFEB9EE
0000BF1A
FFFF59F9
FFFF72EE
FFFFDC47
FFFF6876
000014A4
000169F0
FFFF64F2
FFFFEE10
00013026
FFFF2623
FFFF228C
0000C0DF
0000C2E8
FFFE45AC
FFFEF8F0
00013291
0000F580
0000D131
FFFF662F
00002E3E
FFFFBAD6
FFFEDB6B
00016E4A
0000C266
FFFFB456
FFFFB4CC
FFFFF24D
FFFE3A48
FFFF30C0
FFFF1D38
00009F65
00004E13
FFFF8707
000040AE
00009EA0
000011F7
0000DC4F
FFFF8412
FFFF3AB9
0000906B
FFFF9AFE
FFFF7ABE
00005F8C
0000CEF7
FFFF8B2E
FFFF79B5
FFFFC08F
000009AC
FFFF300A
FFFFF505
FFFE2977
0000F910
FFFFEF72
00012ABB
FFFFB6E0
0000952F
00007FA4
FFFF16EA
00000128
FFFFD61B
000084C7
FFFFBFC1
FFFF20B1
0000F24D
FFFF7A8A
FFFFF07B
FFFFD08D
000170AE
FFFF4B55
FFFF1B8F
0000EE1E
FFFF9BC4
FFFF790B
FFFEE83C
FFFF403D
FFFF13C0
FFFF91D8
0001AA4C
FFFFDC36
0000CDA9
0001E8D1
0000A39B
FFFF338F
FFFFA7F6
FFFF4A2E
000040D6
FFFFD226
0000E36E
FFFFA6ED
FFFF7C1A
0001411C
0000837F
000141CE
FFFEED45
000015CF
0000E5A6
FFFFC64C
0000D6FD
FFFF1B40
0000A963
00005475
0000B452
FFFF38E4
FFFE90B7
FFFFC0F1
00011831
FFFF8D2B
00009453
00007BA0
FFFEA180
FFFE5314
0000CDCA
0000353F
FFFFE5B3
0000DBAF
0000665A
FFFF440E
00004514
000018EE
FFFF8258
FFFF66D7
0000D9E2
000021AA
00008985
0000D0A4
FFFFEAD7
0000A61D
FFFF1232
FFFF4C05
FFFFCF2F
FFFFFA8A
0000D843
000075D5
00005F9E
0000E84C
FFFE980A
FFFFBBD5
00013F18
000012DE
FFFEC0E1
FFFF7923
00013DFB
00011CF6
FFFFBA3D
00008DE6
FFFF9FC1
FFFF54EE
00010745
FFFEC6E7
000102BA
0000543D
00005790
FFFFF473
0000F043
0000BFB7
0000A791
FFFFB3BF
FFFF2654
FFFE1E66
0000D8D1
00015BE9
0000F4C0
000137D2
00001E6F
0000318C
FFFFA478
FFFFC55F
FFFFF556
00015DA9
FFFFE706
00007BE9
0001BF80
00014872
FFFF5000
FFFFED0F
FFFF5C9D
00018B85
FFFF95E2
FFFFA70C
FFFF1FD8
0001444B
000104EF
0000A579
FFFED90E
FFFF1A89
FFFEDEF8
00006BEE
00016E12
0000CE51
FFFF4460
00008FB5
FFFF0A3A
00005D5C
00000E24
0000597E
0000A4C6
FFFE8AFD
00003AB4
FFFFDE31
FFFFF804
FFFFA52E
00009564
00001BC4
0000B99D
FFFE9241
FFFFF414
00008997
FFFF77C8
FFFF78AC
FFFFC62C
FFFFDC67
FFFF4545
FFFFA653
0000D6F2
FFFFFF6A
0001D14B
00000CCA
00000EEA
0000CC11
FFFECC6E
0000334B
000037B2
00012A37
FFFF71C0
00000F86
0000B086
000137F7
000149C4
FFFF3EBC
FFFF27CA
00008F6F
000085B8
FFFF102A
0000329D
FFFF4B6E
FFFE1362
FFFF1BC8
0001E74B
FFFF2AED
0000343B
000113BB
0000E255
000114FC
0000B242
0000B841
00018119
000007D1
FFFE7978
FFFF8D44
00006FB9
FFFF4FF5
0000B22B
FFFFC6B2
FFFDACC6
FFFF42C7
FFFF5DB5
FFFEB002
FFFFBBD5
000016DA
FFFEBECB
0000032B
FFFFD74C
00009331
FFFF65E3
FFFECDAA
0000F313
FFFF8FA5
FFFFEEC3
00016D21
00005C02
0000BE91
0000BD15
00006A61
FFFE4C85
FFFFE3AB
FFFFBED2
00016BAE
00000C8A
FFFF9F04
00005568
0000AFA2
000042DE
FFFF036C
FFFF3602
00003F57
00003C5F
00007300
0001CCEA
FFFF5AF6
000064C6
FFFF4CCE
00009A75
FFFE8D00
FFFECDDF
0000FD46
0000DA49
FFFF2FA5
FFFF01D4
FFFE5CEF
FFFF84A5
0000765B
000124F3
0001E36C
00003493
FFFEA6AB
FFFE9510
000100C3
000044F0
000129C3
000166F1
FFFFD450
00004915
00008ED1
00011F32
FFFE9BF7
0001085D
00004E31
FFFEFD75
0000A6D9
FFFFF106
FFFFEA35
0000C87B
FFFFDC3A
FFFF57A7
0000595D
FFFF105E
00002E90
0000C869
FFFE60F5
FFFFF3FD
000022E9
FFFEC83C
FFFE3F16
00009C0F
000072F3
FFFF4CAE
FFFFF74D
FFFFA824
FFFF538A
0000BAE6
FFFF30FB
00001708
FFFF4A47
00004AB5
0000A8D4
FFFEBDC3
FFFF4D76
FFFFE785
0000DBD5
FFFFF85A
00010AD1
FFFF47ED
0000CB66
FFFF727A
000000F5
0000B1EF
00018210
FFFF8D51
FFFFD21C
FFFF3F87
FFFFEE38
0001724A
FFFFE98A
FFFF2425
FFFF9516
00015DE0
FFFFD430
00008E53
0001007E
FFFF4B1B
00000244
FFFECEF5
0000A4AA
FFFFBB4B
0000BED0
FFFFFF37
00003A5C
0000A046
0000A5EB
0000A914
00010FC3
FFFEBD40
FFFE9AF5
0000004A
00007E36
FFFE8107
00006CD6
0000FEE3
00006DD7
00005033
0000462A
FFFEFCC8
00008175
00016BD1
FFFE4CD1
000099D4
00001D01
00009230
000233EB
00012D3D
FFFF8792
0000304A
FFFF5934
0000227A
FFFF6858
FFFF8A00
00007864
FFFFC075
FFFEFB79
FFFF29EE
00005842
00003F1D
FFFFDB44
FFFFBA91
FFFF0C0A
000124CE
0000454A
000129FD
00003B8C
0000FC49
00002DDB
FFFFCD5A
FFFF7B77
FFFFFAD6
FFFFC559
FFFFE541
FFFEF237
0000EC41
FFFF4C0C
FFFEF918
0000D553
000021CE
00009670
00002905
0000A66F
0000FD58
00004C27
FFFF9AA7
0000F5B6
FFFEADB2
00008412
00017E3D
000129CD
000065B8
0000080A
FFFFF54A
FFFFC986
0001BC63
FFFFB48D
FFFFEA31
FFFFCE86
0000856E
0000C2AC
0000A518
00007945
FFFFC9C7
FFFF1BA4
00004F83
0000B01F
000085FB
FFFF5653
FFFF7FB7
000174BC
FFFFAAAE
FFFFDB90
0000A34E
FFFED21D
FFFF4106
00014DBE
FFFF8D04
000047D5
FFFFC445
FFFE9573
0000B2E9
FFFEC521
FFFE3B77
000086C9
00005A9D
FFFFC276
FFFF60F8
000103A0
00009052
000076C6
00007E3C
FFFF9D77
FFFFC3F0
FFFF1542
00007C75
00013B30
FFFFA9BD
FFFF2A30
FFFFC311
0000C44E
00002EEE
0000C849
FFFFB38F
00004EC1
0000CE91
FFFF4BB0
FFFFC255
00013009
0000A854
00002123
00004EF3
00001DED
FFFEBBBD
FFFDDF67
00006B30
000052DB
00010F9B
FFFF546F
00001066
00002802
00000A10
00001A8A
00005595
FFFF3C9F
FFFFBF6E
FFFF525F
FFFEC74B
0000B7F6
00005FDD
FFFF7533
00006206
00008A64
00003150
000225DD
0000672B
000048B5
FFFFF6C9
FFFF3D1E
00009980
FFFF2A02
FFFF9B5C
0000EDD6
0000B2B6
FFFEAE37
FFFFA995
00010B07
FFFF37C0
0001EA98
00008152
00016BAA
0000EFF0
FFFF08BC
00008029
0001191B
FFFEEFF8
FFFF48E1
FFFFBAF0
FFFF970E
00007309
FFFE79CB
FFFF09D0
FFFE9173
0000A696
000136EB
FFFFEC21
00005374
00006CA4
0000F002
000057FA
FFFEDDF6
FFFEB1D7
FFFF98F6
0000CD6B
0000532E
FFFFAA37
0000C692
00008236
00003953
00001409
FFFFE3E1
00001B3F
FFFEC78F
FFFF9751
0001798A
00013EAB
FFFF890C
0000A594
FFFF4826
FFFF2D0D
FFFFAEBF
FFFF16E8
0000E618
FFFEB328
00016988
FFFEC8C2
000157A8
00005343
FFFEFF17
FFFF777E
FFFFBC8A
00005402
00003D37
00003C40
FFFFFCB6
FFFE7E3E
0000391C
0000B34C
000063EF
FFFE7CE6
FFFE76E2
0000E6A5
00022CA7
FFFF35A1
FFFE4A61
0000ABD0
FFFE1A6E
FFFE9460
0000BAF9
FFFE2A9A
00009294
00007D1B
00007938
FFFF7FE4
0000B338
FFFF06FC
00015B47
FFFFBC20
FFFF25E8
FFFDBD1F
0000D5D3
FFFF6DA1
00017C85
0001F041
000029B1
FFFF7DFF
000027A9
0000E126
FFFF3803
00003801
FFFFE9E0
FFFF010A
00010819
00010369
00011482
00006D7A
0000059E
000196A4
00008E9A
FFFFD9EC
FFFFD749
FFFE9D38
FFFF023F
FFFFF80D
0000EECA
0000D65F
0000C09A
FFFFF82D
FFFFBF73
00002E94
0000352E
000083AB
0000F414
FFFFB764
FFFE6830
FFFE31B2
000007AE
FFFE0770
FFFF80C0
0000EB82
FFFF1E3A
0000E120
FFFFAE95
FFFF1746
FFFFC5FC
0000E3FD
FFFF7A53
FFFEF9CB
0000FDDC
00006963
0000FD84
000126BD
FFFF9786
0000A08F
00003914
00005CE4
000126D6
FFFFC22B
FFFFF9E3
000099A5
00006C0B
00007E1B
000138CF
FFFF5F51
FFFFEE74
00018E22
FFFF99C2
FFFFB472
0000E0DA
0002007A
00001374
00002B07
0000DF29
FFFFFBCC
00005998
00017836
00005DBA
FFFE64EE
FFFFCF88
FFFFD9C8
00012F52
FFFEE06E
FFFF3AC5
00013BB4
FFFEAB0D
FFFF93AD
00006DB9
FFFF72B0
000119C5
FFFFAD09
0001865E
000099DA
FFFE68B9
FFFFED15
FFFF4C6A
FFFF576A
FFFFD36E
00009F1D
FFFFC827
00005C20
FFFF1BC3
FFFF0BAB
0000BA89
FFFF3EE3
00007793
000045D8
00014EB0
FFFEAE3F
FFFF759A
0000B03B
0001C774
0000092B
0001364B
FFFF03F5
FFFE9AAA
FFFF96FB
FFFED816
FFFF6A24
00012A1E
FFFFDFF8
00000FEF
000016AB
FFFF64BF
00005305
00002BFE
FFFFD171
00001A73
FFFFFBDF
FFFFBAE2
000057C6
0000484B
0002F3E4
0000026D
00002066
FFFF4B60
0000DD4E
FFFF7BD3
00001BFF
FFFEBE7B
FFFE208E
FFFEFCE8
00017C55
FFFF5BB4
FFFF57BC
FFFF4E96
FFFFB911
FFFF4182
00015B1A
FFFFBAF7
00002CD9
00002B2B
00008D8D
FFFFC11E
00004A24
FFFECB2C
00011D79
00004269
00012814
00004CFD
00001790
FFFECBA5
FFFF1B0F
FFFF6010
0000D046
0000A2C1
FFFE9441
0001CEF5
0000A64D
FFFFC9B5
0000CB2E
FFFF8CEC
0000DA19
0000A08B
FFFE3D8E
0000FFC6
00005DC7
000086D6
0000B292
00002EF3
FFFEB09B
FFFF8DA5
000067C2
FFFF650D
FFFF30AC
0000C7B0
000165C4
FFFE9F23
0000ADB2
FFFEA987
0000CDC4
FFFF1244
0001374F
00001243
00009898
0001F4BC
FFFE0C9E
FFFF2B10
FFFF9D2F
0000A9D4
FFFF5A87
0000C643
FFFFCBB2
0000B0B3
000130DC
000067ED
000090C2
0000A8ED
FFFF7BA1
FFFF7515
00001A94
0001CE18
FFFF599E
FFFFB196
FFFFE0EC
00008F43
FFFF4BA9
00004A40
FFFFD713
00004765
FFFFE2E6
FFFF7467
FFFFC411
0000536A
000124D9
000022E3
FFFFBEAF
00000A9A
FFFF6674
FFFEB6F6
FFFE6780
FFFEE10A
00011CA1
00019237
0000C7B1
FFFFDA80
FFFF63A9
FFFFA77A
FFFFD45C
000065F6
FFFF126A
0000ACAE
0000CF98
0000B174
FFFF1F59
FFFF1963
00004189
FFFF6742
0000B0DC
FFFF2AE2
FFFEFA2E
FFFFC4B3
0001386E
FFFF41DA
0000A327
FFFF4E3C
FFFE2BA7
00010C7E
00005CBB
FFFE34E8
FFFFEBCF
FFFF3FB9
000039D3
00014BE3
FFFEC1F6
FFFFB267
000136B7
00000BF9
00004481
FFFFAA7A
000072B8
00001031
FFFFE76E
FFFF83D3
0000ADC9
FFFFE213
FFFE5090
00013BFC
FFFE7C0A
0000198C
00002811
FFFEE786
0000B88B
0000637E
FFFE0F2C
0000C116
FFFFA93C
FFFEE7A6
00003A55
000036B8
00001678
00001A92
0000E528
000216E5
00001035
FFFF977A
00007BE2
FFFF4B18
00006E8C
FFFECB09
000027F8
000060AB
FFFDC6CC
FFFFAD7A
0000634F
FFFEEF06
00012282
FFFF6397
FFFFBA67
FFFFF3D9
FFFFC111
000033AF
0000FD45
FFFE551F
00002BDC
FFFF8AC0
00013F64
0000AAB1
00008A02
0000A631
000013F1
00005B29
FFFFA59F
FFFEBF17
FFFFA046
0000801F
FFFFF7B2
000030BA
FFFF7708
FFFEF90E
00004E6C
FFFFC6FE
FFFEB09F
FFFF3919
FFFE297A
FFFED355
000024A9
00008DA4
FFFF2FF6
FFFED316
FFFFE085
000037DC
0000BEC3
0000E72E
00018C6C
FFFF48E8
00002C2B
0000E391
FFFF5A64
FFFF7B7B
0000B714
00019CA6
000065D9
00005A4D
FFFFB8A0
FFFF7903
000168C8
FFFFFA9F
00016799
FFFFB1E6
0000EAB1
00004AED
0000B2C0
FFFF26F1
FFFEED78
FFFEFE37
FFFF399F
FFFE1A73
FFFFE095
FFFFC21B
00000F5D
FFFFD095
0000A6D4
00014668
FFFF1E81
FFFFAE12
00016D74
00001B93
FFFF6D6D
000131CE
FFFFCD3C
FFFF5757
FFFF5301
FFFF54B6
00016812
000056D3
FFFEEA1C
FFFF9F2C
FFFF3CBE
0000C6F2
FFFFB5AB
0000CC88
0000EB63
FFFFB706
FFFE5C39
00005B52
0000CF99
00003347
FFFEC5F8
00003D17
FFFE6EBB
FFFE4E63
FFFF871A
FFFF4B62
FFFFC0EB
FFFFC701
000049F3
FFFFD7CB
0001AB50
0000630F
FFFF4C5D
00003595
FFFFA66F
000054C3
FFFE81CD
0000062E
00008D9C
FFFF883E
00004E2D
FFFFE181
00028225
00016661
00018A56
FFFE416A
FFFE174F
000020DF
0001314A
000191CD
000059D2
00004FB9
FFFF32B7
0000947C
00016189
FFFF8EFE
0001844F
00014B81
FFFECBF4
FFFF90D6
FFFF9988
FFFF8F35
FFFEBBDD
0000653D
FFFFC725
0000A724
FFFF5C7A
FFFE276A
0000A452
00005480
FFFFD57D
FFFFCC10
FFFEFA97
00003148
FFFF3C5C
FFFEF479
00018E3E
FFFFA4D1
000090D5
FFFF8086
00008A12
0000B33E
FFFFFBE1
FFFFAB08
FFFF4F8D
FFFFC9B1
FFFDD2A4
000155A8
FFFF7213
FFFFF8CE
FFFF25D4
0000C4D9
FFFFAD78
FFFF02C0
FFFEA9A6
FFFF14F4
FFFFDFBB
00011BE3
00000336
0000B320
0001422F
0000DC13
FFFE188B
FFFECD78
00005708
FFFE9E82
000175A3
FFFF009F
00006C5A
FFFFB651
0002C577
FFFDDB14
000047E0
FFFDFE56
0001A5CA
0001DDFD
0000973A
FFFE79A6
000036AE
FFFF5000
0000F8CA
FFFFD61A
FFFFC0E9
00003449
FFFF6372
0000DF98
FFFFAC34
00014301
0000BA40
0000BDFE
FFFFE298
FFFFCA9C
00002717
FFFE7643
FFFF7C98
FFFF03BF
FFFF0540
FFFF4E26
FFFFBA2E
FFFF6B96
00008EA8
00000F79
FFFEF8C0
00000B77
FFFEBC9B
FFFEF62B
FFFF247A
0000F1A3
FFFF2ABA
FFFF9198
FFFE4F95
000171C9
00014221
0000B803
0000503B
00004F59
FFFEAC88
0000939B
00006357
FFFF7547
00009D04
FFFF524E
00019035
FFFFC1A1
FFFEC579
FFFFD5C3
00000557
FFFF3746
0000770A
000109A8
FFFF315D
00007B8F
FFFF088E
00010F11
FFFEF890
000058BF
FFFE50A6
FFFEA2FC
00007B39
FFFFDCC4
000073FD
0000D2A2
FFFF4975
FFFFF880
00014795
00018395
FFFEC5C4
0000935D
00000BD5
00002683
FFFF64D5
000072CE
FFFFD36D
0001218B
FFFF2F3E
FFFEA5E4
00012FD8
FFFF27D8
FFFF3ED9
0000A962
FFFE8CD1
FFFF09D1
0000C141
FFFE768B
00003EB4
000239CB
0000E509
0000F13C
FFFF9232
00006060
FFFF0872
00000236
FFFED46A
000048A5
FFFE9D69
0000D466
FFFEBC7D
FFFDDF56
00006B3E
0000D67F
000102EE
00001803
00006113
000114AA
FFFF5BFA
00001D3F
00006C23
000111DB
0000A737
FFFF1C20
0000FAC3
0000A33E
FFFFC80C
FFFFE23F
FFFFA8D7
00005A6F
000068DA
FFFFA19A
FFFF4057
00012A64
FFFF0A67
FFFFBF00
0000A2CF
0000B0C4
FFFF7262
000020CB
0001A2F9
0000AC4D
FFFFE854
FFFFEA9D
FFFF2453
0000C605
FFFEAEF0
FFFF55C0
0000B8DF
0000F94A
0000DD6A
0001A8B0
FFFEACB6
00002925
FFFF8F96
FFFF8222
0000FAC6
000017C0
00006F7C
000022C3
FFFF51B7
FFFFD6D8
00002AD2
FFFE6936
00005E92
FFFF59DF
FFFF83D4
0000CDDD
00000B71
FFFF02F5
FFFFA7B4
0000F5B9
00002C90
0000BDE2
FFFF3320
FFFE8595
0000AE03
00001539
000120C2
0002293E
FFFED43F
00003C78
FFFF56F0
FFFEF802
00008EA0
FFFFBE48
00015853
00016B7E
FFFF1DFC
0000C98D
FFFF758E
FFFFA65B
00003AE9
000059FD
000001D9
00009FBD
FFFF656B
0001081F
000002EE
00002444
FFFEE6C4
FFFF6572
FFFFAED0
FFFF060A
00002A75
0000E08D
00005163
0000BA6B
FFFFC729
000109E4
00008CCE
FFFEFC4F
FFFFDB8F
FFFE2FB9
FFFE54C3
00002DF8
000045B8
00003422
FFFF918A
0000C2F3
00005195
0000840B
FFFFBD0B
FFFFABD0
0001C374
0000304F
FFFF7CFF
FFFEEE52
0000E7CF
FFFF94FF
FFFFB37C
0001CD87
0001A2D5
FFFEF7DB
FFFF0AA8
FFFE97C4
000037C9
0000B21B
00028169
FFFD9656
FFFEBAF2
000025CA
00006BFB
000023EE
FFFF86D6
0001543B
FFFFBABC
0000C025
00005886
00011161
FFFFEA90
FFFF21F7
00007920
FFFF4510
FFFF856D
00014196
00001D97
FFFDCEC5
FFFE9C69
00010F91
FFFF597E
FFFE647E
00002C80
FFFF074C
00007C32
00011754
00006F3B
FFFF8FD3
00001AF8
0000D75C
FFFEECB1
000090CF
0000486D
FFFEE3B4
00005D45
0000D7F8
FFFEF140
000112DD
FFFF635C
FFFF47F0
FFFFBA5D
0001C7FE
000097EC
FFFFDE50
FFFDFD8F
FFFF8AA5
FFFF8631
00002EAD
0000049F
000086A0
FFFF51B0
00001C59
000156E0
0001E9DA
FFFFC381
FFFF67EF
0000AE28
000004F8
FFFFDB61
0000627F
00017C71
FFFF362A
FFFF9A7F
FFFFD18F
FFFE6F94
FFFF1695
FFFF4453
00010CC7
FFFF4793
00007DBA
0000008A
FFFF9781
0000878F
0000F58C
0001C3AD
FFFF8887
FFFFAE42
000110E7
00002EB4
FFFF3757
FFFFCCFB
000129F5
00007FFA
FFFEAC17
00011BCD
FFFF0D99
FFFFA856
FFFEDF76
FFFF1BD5
0000BCE5
00018AF5
FFFF3E86
FFFF5709
FFFEBCBA
00007034
00018BD4
000105FA
000194A1
0000C47E
0000A96E
FFFF39F3
FFFFD524
FFFFE165
FFFFDE80
FFFFD313
0000BA01
00015F3E
FFFECCB0
000099DE
FFFF2E26
FFFFDE93
0000DE4B
000013AF
FFFEDE30
FFFF4136
00014A54
FFFEF996
00019923
FFFF1CC5
FFFF55AF
FFFFD63E
000029FD
FFFE968A
0000675F
0000DBD8
00009434
FFFE2402
FFFF373B
0000DDCF
00004282
0000078B
0001D5E7
FFFE4251
00012B8B
FFFF227A
FFFEF6E4
00009F6F
FFFF3538
FFFED59D
FFFFB28F
FFFE5C62
0001E087
0001973D
000004E3
FFFF5089
FFFEDDEE
0001E467
FFFF733D
00002BE7
FFFF5439
FFFF6A01
0000DB7C
FFFFC8D3
FFFFECE6
FFFF2431
FFFE0BD1
00018949
FFFFEA7C
000058C1
FFFE5DA4
FFFFC4F2
00008A28
000042D2
000005A2
FFFE6AE7
FFFFCA0C
00005E9E
00007294
FFFFE827
FFFFF74B
FFFFEC29
FFFEDDBD
000013AF
FFFE9A9E
00016822
0000B8E2
0000985D
00002898
0000B253
FFFFA606
00009AE9
00006128
FFFF35AD
0000622F
FFFF5772
FFFF816E
FFFFA42C
00000492
FFFFF310
FFFFA710
00003BC0
000010DA
00009BDA
FFFF193F
FFFFCB92
FFFF50C7
FFFF47FA
FFFF6636
FFFFB0C9
FFFFEF00
00001510
00008B5D
FFFF37F9
FFFF10BC
000056FC
00006AC8
FFFFDEFB
FFFFD741
FFFF1082
000071A1
00004257
0000890B
FFFFAC4C
FFFFA37C
0000091E
FFFF7CAB
00007A55
FFFFB362
FFFFA150
FFFFCFB7
000009F8
0000DBB5
0000D8DC
FFFFAB5F
0000A03B
FFFFE588
000034A7
00005B3A
00004841
000073FF
0000BE51
00008A1D
FFFFC5F5
000035CB
FFFFF7C4
FFFF824D
0000575B
FFFEBABB
FFFFBA97
00005212
FFFFED59
FFFF5134
FFFFB309
FFFF66E5
00004E73
00001BD9
FFFFAFF2
00009A94
00003D5A
00002E0F
FFFF3C7A
00000504
FFFFE07D
0000579A
FFFFF69C
FFFF603B
00002B71
0001092C
FFFF5368
FFFF8ACC
00002287
FFFFDBD3
000010BD
00005F65
FFFF3042
0000D13F
000036D0
00001490
FFFF8EC6
0000D54F
FFFFF86D
FFFF65B9
FFFF6CE9
000075F5
FFFFE96E
0000C8EC
0000D52A
FFFF8BFF
00004D17
00003BB6
FFFFB139
FFFFD7AA
FFFFF3EB
FFFFFD0E
FFFF7715
FFFF897F
FFFFD3F0
FFFF884B
FFFF46E8
0000A02E
00002056
00000CB1
000069B5
FFFFD677
00007375
00006731
0000889E
00010700
FFFF9E56
00001B9D
0000115A
00008134
000050BC
FFFFC03C
FFFFB8BC
000001A2
FFFF4869
000011F7
FFFFF09B
000056CF
FFFFE2F3
FFFF66F1
FFFFE923
FFFFAF2D
00006F62
00001C62
FFFF4625
FFFFAC13
FFFFA1F4
FFFF804B
FFFFE9E1
00003B24
00008F65
0000C7D8
00001834
00009D2D
FFFFC5D2
FFFF4C32
FFFFDF3C
FFFFE33D
FFFFCE5D
FFFF98E5
00007A20
0000A0F7
FFFFBBCC
FFFF6FAE
0000CAC0
0000B28E
FFFF5609
FFFFDB9F
FFFFCE46
000168CA
FFFEF629
0000AF85
00001B44
00002BE4
00004108
FFFEC9B6
FFFF2152
FFFFD0B1
FFFFD264
000058D1
00008415
00009EC5
0000000E
0000C30B
000149DD
FFFFAA5E
00006201
FFFFBEF0
0000C53F
FFFFE671
000020CD
00001481
00008D83
0000083A
000083EA
FFFF1A40
0000C0DB
000063EA
0000142C
00014941
FFFEF859
00002045
00006958
00000D41
FFFF44BD
00001614
FFFF718B
000077B8
00005137
000053F6
00002F64
00000321
00001C0F
00005B13
0000CA93
FFFF405A
000072E2
0000C97C
FFFF6A51
0000D89D
000037EF
FFFFFA57
000005A2
00004047
0000A818
FFFF79D8
000101DF
FFFF88B4
FFFFF43E
00004317
00000851
FFFFE77E
00002CD2
00005549
00003707
FFFF3564
000063F6
0000890E
00000354
00009125
000032AF
FFFFEA92
00007E02
FFFFA7D2
FFFF0B39
FFFFFBC1
00003C9A
0000058A
00002C91
FFFFD524
0000BCD9
FFFFD0F0
FFFFDFFA
FFFFD822
0000E51D
FFFF728C
00006F6B
FFFEE0BB
0000F37C
FFFF19F9
00011314
00005983
00004309
FFFF9715
0000624E
FFFF98A9
FFFF72F1
00001F06
FFFF6FDE
0000591D
FFFF66D5
FFFFC35C
FFFFFECE
00009A7A
0000B635
FFFFD7FD
FFFFEDF2
0000D945
FFFF0654
FFFFB169
FFFF900C
00010FE5
FFFFA4D2
000016C4
00000FAE
00000BDC
FFFF33E0
0000C6DC
000007BC
00001D8B
FFFFFA52
0000F35F
00003BA7
FFFFDD87
0000A4C9
00000FF1
000076C2
00002DDE
000031C5
00003B79
0000BCD7
FFFFF601
000006AA
00005845
FFFF2BAF
FFFF9AA3
00000902
000079E4
000045A9
FFFF8CA0
0000CA50
FFFFB744
FFFFB43E
00005519
00001A14
FFFF894C
FFFFA450
FFFF8BB2
FFFF7D26
FFFF7DD7
000034A2
FFFFC17F
FFFF0473
00007BE0
FFFFFF05
0000462B
FFFFD597
0000969B
0000F883
0000A7B0
00004893
00011B98
FFFFE69E
FFFFC1DB
FFFF68E2
00009DD4
FFFFE339
0000072A
FFFF3949
0000280C
00000D23
0000C00D
FFFF9079
FFFFF111
FFFFE9A9
000008A7
FFFFF2CC
00001EEC
FFFF9D70
000067F9
00008868
FFFF9A36
0000793A
00005EFC
FFFF2C4A
FFFFBC23
0000A81B
FFFF67E9
00003D49
FFFEF6D4
FFFFF468
FFFFCD1D
FFFFBD62
000056D1
0000AC53
FFFFCA07
FFFFF06C
0000226E
FFFFEB8A
FFFFADD5
000070F8
00006549
FFFFCFD6
FFFF22B8
00000547
FFFFA095
FFFFD4C8
00009E44
FFFFC7AF
FFFFD8B1
00002D24
00003464
00009667
00000493
00007997
0000394D
FFFF4C96
FFFFEE26
00002E31
000031C2
FFFFFED4
0000D943
FFFFD1F4
FFFF9F48
00004B08
0000441F
FFFF8814
FFFFC57B
FFFF9595
0000E46B
FFFFF266
0000D0CC
FFFF2107
0001008C
FFFF319F
00000545
0000B864
00001B12
FFFF900B
00000AE0
00009883
000056F4
FFFFA839
FFFF0C63
00000477
FFFF4AF0
00001908
FFFF8491
FFFEB35E
FFFF6030
FFFF63F4
FFFFEF0E
0000C7CA
00001CDB
00008C17
FFFF57AB
0000CD13
FFFFCF20
FFFF0EBA
00001DA2
00008B8F
00000337
0000163B
0000258D
00006DDE
FFFF98C9
FFFF1935
0000E24A
000058B0
FFFF2AE7
FFFFFF6D
00005002
FFFFC978
FFFFB70B
00007B22
FFFF6917
0000E58B
FFFFE616
FFFFA86D
FFFFECD0
00007383
FFFF0532
00008891
00003F5B
000089FC
00009EAB
FFFFCF24
0000F47F
FFFF92D3
FFFF8BDB
0000134F
00001438
FFFF6F06
FFFFF42F
FFFFB220
00006D1E
FFFF38B4
FFFFF21B
00001707
FFFF17C5
0000A19F
FFFFB895
0000240C
FFFF5882
FFFFB8C7
FFFF98A6
FFFF1336
FFFFD5D0
00001A33
FFFF94E6
FFFFFE44
00006625
FFFFD0A0
0000312A
FFFF8E15
00006F59
0000D1C8
FFFFAE90
00008E9F
FFFFAA9E
000027A6
FFFFEEF6
0000BC07
FFFE9725
FFFFDFFD
00004A4F
FFFF922D
00008CDE
0000AF5D
FFFFF2E6
FFFF36BD
FFFF119C
FFFFEF51
000006CD
00003322
0000A258
FFFF943A
00008F52
FFFF8545
00005B75
00005B06
FFFF8CE8
FFFF933A
000075D1
FFFF5792
00001DFD
FFFF9665
000082FF
FFFF936F
FFFF6AC5
00007AC1
000002A7
FFFF495C
00003EC9
0000799B
FFFF5670
00005494
FFFFEDB4
00002F74
FFFFCC89
0000C2FF
FFFFE8CD
000010F2
00007A3B
0000DF42
FFFF4D03
FFFFA5DD
00004939
000057E2
FFFFBCF8
FFFF4976
FFFF30AA
00005419
FFFFF24A
FFFFF772
00007F75
00001A43
0000E586
00004754
FFFF46E5
000046BF
FFFFB25A
FFFEEFFE
00001251
00003385
FFFFE12A
FFFFD4AF
FFFFC7AB
000052CA
00002034
00005E03
00008BC5
00003E9E
0000D3E6
FFFF9C2B
0000FF38
FFFF30F6
0000BE68
FFFEBA6C
00008F4B
00003C43
FFFFDD65
00002BC1
FFFF54B6
FFFF43E8
FFFF3B6F
00001869
FFFF3571
00003B26
0000853C
