FFFD5BB3
0004DFBA
FFFC4870
0005EBB2
000C22F2
FFFCD07A
FFFD08E4
0005594C
00091839
000E656D
00050CC9
00077DBE
0010B016
00099434
000D39BA
0000F6FE
000D1A53
000848D3
0007BCDD
FFFA24FB
FFF983B9
00027BF4
00034FFA
FFFD8003
FFFFA99F
FFF7A77F
00061C6D
FFFFE984
FFFFA3BA
FFFC9328
0008C48E
0007D060
00019496
0007BB9E
00025059
FFF97E9D
FFFEEC55
FFFA614F
0003ACBC
000504EE
0000DB25
00077E91
FFFC1EE9
FFFC89E4
FFFFD9D4
00012EA6
0007D8DA
FFFCB313
FFFF2935
0006319E
FFFE7F6C
0005948F
0006A8E1
FFFB3AEC
00051AEF
0004E707
FFFBF232
FFF98D3A
000BC162
000523CB
000A8C61
FFF7C57C
FFFEF713
FFFAA9E8
FFFD00F7
FFFA8CF0
FFFB7211
FFF923D6
FFFE0726
FFFDE033
FFFAA210
FFF7048C
0002A82B
00010888
000B092E
00067CB6
FFFA2254
FFFE8C07
000E74A1
00056986
0004E506
000242B6
FFFB0867
000108E7
FFF64252
0001AE2F
FFF2B446
FFF66436
FFF82C53
FFFFFEA2
FFFDEC87
FFFB2D86
00049458
FFF7A9E5
00088E2C
00057671
FFF63BF3
00025240
FFF77B3A
FFFFB9D5
FFFE10D2
00043145
FFFDBA38
00043976
000760FF
FFFDB6D4
00087FFF
0004AA87
00074673
FFFD1099
0003D771
0004B9AF
00019BC5
FFFE6E33
FFFF301D
FFFD05D1
0004A052
FFF8B497
FFF50609
FFFEBF08
0005ED83
FFF4E8A6
0008C36A
FFF7E097
00022148
FFF6E029
0000E5AB
00053C9A
0001597B
0006E6AC
00033078
FFFEC8D5
000A7591
000C31B0
000751A2
000131F5
FFF8BDF8
0002D215
00015F11
000909C0
FFFEE4C3
FFFDD2E0
FFFD4B65
000379D9
00030990
FFFB241C
FFF758C7
00016661
FFFF7A7C
00050E28
FFFB2B09
FFFE285A
00016882
FFFCDCF9
00037A3F
00017B98
FFF8ED7D
FFF8AFB5
0005AAEB
FFFB903F
FFF94FF1
FFF815FE
0005E2C2
00002DF3
0000E7D3
000624FC
00053504
0001CE5F
0001D6A1
0003DF6A
00018814
00022AC4
00068953
FFFA3AFB
0000CE02
000040A0
FFF83D3A
FFFBC949
FFFDFCBB
FFFD0FCA
0004AC83
0004AE39
FFFF6B88
0008DD5D
FFFE4D3C
FFFC596D
00027BEF
00005B51
000488ED
00074AB9
FFF86785
FFFD71D9
000AC66B
FFFBF57F
00047A39
000310E6
0002104E
0007F43D
0000C4FC
0000D68C
0002400B
000324D8
000D009F
FFFDA7E7
FFFDE97E
000036B0
FFFFD2FA
00007BE6
0000513F
FFFA2C27
000088DC
FFF681CC
FFFF40D5
FFFBD181
FFFE8D9F
FFF5DE70
FFFECE68
FFF899F4
000257A3
FFFD3221
00054A20
FFFABADC
FFFAF840
00055CBD
00045423
FFFCAC2D
FFF503F6
00025185
FFFAC3F9
FFF941D1
FFF9AB78
FFFE69BA
FFF6B6DC
FFFA4951
0004D3A2
FFF9278D
FFFF62F0
FFFA0D48
00035610
00022969
0004E813
FFFDC406
FFF88765
FFFCF599
00014106
0000917D
00040B2B
0000428F
0002854D
FFFB8A88
FFFFD624
FFFD7510
000559C6
00076E7A
FFF522F6
0002FAE2
FFFCBF9F
FFFEBE88
0001B3D6
0003D88A
FFFF4FE7
FFFB2B0B
FFFB7CC2
FFFECC5E
FFFD9681
0001FF10
FFF707D1
0002B5E5
0006E461
FFFB7957
FFFE39E2
FFF92992
FFFC07EF
FFFCA133
FFFED74D
FFFBEE60
00020ED9
00030E0C
FFF45F7E
FFFFC5FD
00037421
0001A3C3
FFFC71F0
FFF63512
0004A28D
0000C16A
FFFA358F
00024505
FFFFD8DE
FFF98897
0008E19D
0000882E
FFFCF8F4
FFFF0330
00034343
FFF845E7
FFFBF823
0001A467
0007D5DD
00072F74
0001E2C0
000B55C4
0002A1E8
000553FD
00064127
000A6913
FFFE3862
FFFFDB3E
00011E10
00054B41
FFFEA2C9
0004F346
00004FA2
000522F4
FFF7B865
FFF7AF23
00001FD9
00002F31
FFFCF9B2
FFF97797
FFFCBFB1
FFF946FE
FFF6991A
FFFCB0E7
0006C2DA
FFFD4AC6
00029C01
FFF72312
FFFB91D5
FFFEBF1B
FFFA23C3
000D36C6
FFFC5098
FFF7ECB4
0002B2D4
0003D78A
000118DE
FFFE3552
0001F160
00004E09
FFFB95C6
FFFCE9A4
000414D1
FFF38B2F
00084C80
00087914
FFFBE3A7
FFFDFA00
0000FBA7
0004FCFE
0009DC1A
0004B97B
FFFCFE01
00018292
FFFCC939
FFFA447D
00055C27
00021B3A
00059C95
000A9D03
FFF8CCD7
000685CC
FFFE091A
FFFB027F
000BA0A7
00061AD4
FFFB2168
0007BD4E
0007A43F
0001C20F
FFFE2DD1
FFF760AD
FFFE43AA
FFFCFDD8
FFF9D1C4
00009ECA
0004E046
0009634C
FFFD3AFA
FFFD8E8D
0002832E
FFFB043A
FFF82439
FFFDCE2F
0004B4A6
00004C21
FFFE61D1
FFF9D738
0001D8E7
FFFC31F1
FFF69915
00024542
FFF85508
FFFC042D
FFF56C31
0002E167
0001F50B
FFF9701E
FFF4D45D
00041FE9
0004B037
FFFC3FEF
FFFC9F22
FFF6B1B5
FFFA632B
00026CEA
FFF9EF7F
FFFEB1E6
FFFF7018
FFF58AEB
000F3958
000B2CDB
FFFDF5A2
0005051A
000389C5
000603C1
00058100
0008425A
0006BBB6
0009E25F
FFF8C0A5
0004C494
0002878E
FFF62EFE
FFFCC6A7
FFFF4E38
FFFE048A
000D1355
FFFDE7BC
000400E1
0001088D
000884E9
FFF9B9D9
00035954
FFFF9B08
FFFA3D36
FFF67CB9
00014B09
FFFF0A3E
0008083D
FFFF2FB0
00063F0B
00027B66
00012366
FFFF39E3
FFF7D343
00074C6C
FFFDCEEB
FFFCF476
0000B034
FFF6B30A
FFFC5F16
000435BA
0005A91B
000363D4
0001D3B3
FFFA00A5
00029A14
FFF9BE22
00005323
00068CB0
FFFF27A2
0002D063
000A191B
FFF87D2B
FFF738C4
0006E7EA
000761F0
FFF8F36B
FFF786DE
FFFE842F
FFFCFA41
FFF91FE0
000376D0
0000DDED
FFFFB3DF
FFFBC9BC
FFFF3FF1
000410D6
0002ADFE
0006EE1E
00084F8F
FFFE66C0
FFFE86A8
0009490D
000627AB
FFFBCCF6
00073399
00037F7E
FFFC171D
0007BE5E
FFFD46A6
FFFC068E
FFF7779C
000262A0
FFFAC044
FFFACE7D
FFFBAF66
FFF795D2
00054954
FFFD4A12
FFFFFD47
FFF927F6
FFF5A8AE
000258B3
00052900
0001D998
000068CF
00009CE3
FFFF5BB4
00017075
0006F84C
000AE71B
0006E63B
FFF86576
0006A731
0001C066
FFFFF6D4
0000CB56
0000DB5E
FFF8E6E9
FFFA0A76
FFFCCAB3
000AC0FA
00026BFE
0002FAA0
00086F2B
00053367
FFFE6D55
0001400B
0000953C
0003D730
00018F4B
FFF44EF9
0007D78D
FFF8F663
00048031
0006818F
FFFDD9FF
00041314
00015AC1
000166C8
FFFA8A44
00004D95
00056DC2
000456A2
00056515
FFFD3F6D
FFFEE651
000AE92B
FFFB73BD
0008D6BE
000BBE9D
FFF2FEAB
00055A92
00003E51
FFFE44DE
00051974
FFFE38D1
00048EE0
0008EE0E
FFFDFEC7
FFFDC5DD
0004889A
00027E34
FFFDAA7E
FFFE1507
0004DF30
FFF74E90
FFF8C295
FFFE8996
FFFA5C57
0008D291
0002B5D7
0005D653
0006B7B3
00022561
00072E79
FFFFC9EB
0001FD27
000083FA
000808BF
0005B924
FFFF8DDD
FFFF53F2
0005AB19
FFF788D5
FFFFFA36
0004085B
FFF8D374
0003FC9E
00030BA7
FFF7B92F
0006F56E
FFFB873A
0003547A
FFF7E52C
00019306
FFFA0887
FFFFA7B0
00000C42
FFF76261
FFFD7A14
FFFDD0A6
FFF9C42B
00052186
00003F5E
00010BA0
FFFA71D6
FFFBF323
FFF5D0BF
FFFC4498
00059C59
0000CBF5
FFF5112B
00045984
FFFE6C9B
0002ECB4
00012FE0
FFFCEA1F
000733CF
FFFB7ED6
00054E41
FFFBF826
00054BB0
00010922
00079C90
FFFAF9F0
FFF8EAAD
FFFB5C58
FFFA7375
FFFADA08
FFF8FCF6
0002E78B
0004E5BB
0001622C
FFFCC5E5
FFFD834C
0006530F
FFFFA93A
FFFC6BEA
000629AC
0007DC92
0008D816
FFF6541A
0004EC32
000B318C
FFF9A168
0005B68E
FFF99039
FFFF1B00
FFF9EBE1
FFFB5F5C
FFFD1DD2
FFFDE1A3
00042BCC
000548B5
FFFE8A84
000184DE
00072089
FFFDB0A3
FFFE5B1B
00094049
FFFCC1B1
0005D816
0005426B
FFF5E4A3
00054912
FFFFEEE0
FFFD7A84
FFF87CD5
0002627A
FFF28A1D
FFF9A9C5
00030D23
FFFD77F7
FFFFA022
FFFCCB9A
FFFADD23
00008B7E
00029A35
FFF82575
0005BFDC
FFFEDF77
00020E0C
000158B2
FFFBE201
FFFC5785
FFF7A016
0003D94E
000F0878
FFF9CB2F
FFFBB65D
0008C90F
000181B3
FFFD2C10
FFFB4EB3
FFF255EB
00065CE6
FFF8D80C
0001687C
000127BD
FFF86CAD
FFFEEE31
FFFE4CA9
FFFEB021
FFFF4F89
0003CF9E
0002230A
FFFE779A
000333F3
FFFCA168
FFFAD3BF
00038D41
FFF6C013
FFFCAD8C
000754ED
FFFA490C
0003FD5E
FFFDFAF1
00061279
FFF5E718
FFF7B8E6
00065C51
00058AE3
000649F0
FFF62C3F
FFFC58EC
00051C20
FFF65115
FFFB0F5E
000307BF
0006E27C
FFFEC8B9
FFFD2976
FFFDCBC4
0001DF0B
00042B47
00072991
FFFFA20C
FFFFE526
FFF6305B
00074815
FFF4D270
FFFE9746
FFFC88C8
0006BFD7
0001E5E2
FFFD42DC
0002FEB6
00037458
FFFD827D
000125AE
00090D12
00043FF9
00058A28
00064D00
FFFB3E4A
FFF8E6AA
FFFD2344
FFF775B1
FFFBEC1F
FFFED90E
FFF910CE
000550C9
00038B03
FFFE396B
00000D73
FFFEFD9A
000862C8
FFFDD374
FFFCAAE1
FFFE6239
FFFBF727
FFF6C6DB
FFFF9194
00022CCA
000377B9
0004D651
FFFD6CEA
FFFA8BB2
0004B878
0002CBE4
00076565
FFFB5020
FFFB8E1C
0005BEFF
000156C0
FFFFE79A
FFFB6489
00075FE7
FFF92BAB
FFF958BD
FFFA3A0D
00005378
FFFFE70A
000597FD
0007B897
000187A3
00070DC1
00027D9F
0008F3E8
00043073
FFFCD461
FFFE5BE0
FFF90041
000A1D66
0001DFDE
00018AB0
000A9850
FFFD0D13
00074F4B
FFF5ADB3
FFF6298F
FFFC2F82
00035DC0
FFFEC09B
00037FEF
0008FE91
000898EF
FFFA4874
FFF51988
FFF7258A
0000689B
0009198B
000036DA
00011FD3
0008E0A0
FFFF5CB9
000651D3
000D320E
000B895D
0002C819
0001D15B
000A1C86
0004A7AA
0001BCD6
FFF746B7
FFFC69B7
0000CEB0
FFF9EF74
FFFF7BBF
0002A167
FFF19968
FFFD2543
FFFFB319
000B6C45
00080ABF
0003929F
0003BD47
FFFCB366
FFFDB1A7
000BBCDB
FFFC37A3
000CB4CA
0003B5BA
00017FA8
000986DD
00052740
FFFF7A93
000931A5
0004D13E
FFFD5D73
0005797E
FFF9BEB7
FFFE75E3
00062A07
0000D612
FFFEA124
000440AC
000A48E9
00069CC1
FFF977EA
FFFFA4CA
00031331
FFFB7A02
FFFFCA9E
FFFE1171
FFFCD274
000A97F9
FFFA92C5
FFFE7440
00020912
FFFEF1A5
FFFE6A73
FFF9FF2E
000ABBF4
FFF82627
FFFF4CF4
FFFF71B1
FFFA613F
00005E76
FFF8BBC4
FFF8EE13
0004237B
FFFAD7DF
00052918
FFFEF1CD
FFFC7484
0003580E
00012988
FFF654D2
0001C4B9
FFFD3322
000DD1D0
FFFAC3FC
FFF63C53
00047AE3
FFF83E91
FFFC1187
FFFFE02D
FFFF63DC
000225C1
00016D33
FFF73474
FFF5FACB
0004DF1B
FFFAA855
0005CE95
FFF8C6C4
FFFA6E92
00008327
FFFB30B2
FFFAF538
FFFA3BA3
00065BD3
0004610B
0003E98A
FFFEEDCB
FFFC0722
00035B66
000341B3
FFFD468D
0001B375
FFF79F61
000173AD
FFFECC24
00052879
000242C8
FFFD36EB
00017D04
FFFC62B5
00048556
FFFE885E
FFFD2793
0005529C
0002FA30
FFFAC4C8
0003E723
00092040
0001B38B
FFFC4BD2
0008B740
000751F4
FFFC1FBC
0005A2F1
0003971B
0009E6E1
FFF998E3
0007B944
000A8D99
FFFBFE8F
FFFBCF45
0005915F
0004689E
FFFD2732
0009D28A
0000E2DA
000291BD
00061D91
FFF8CF41
FFFFB8F3
0001B557
00039192
0001EDE3
00081E1C
00032F45
FFFE6609
00001FF0
FFFF5BE9
FFF8710A
00006ECE
00094246
0009164F
FFFDD758
FFF46EAA
000AE340
FFF8A4F5
FFFD3BE0
0003DF48
FFFD2911
FFFDE937
000419F5
00057F3A
FFF83CDD
FFF2D221
FFF7713F
000047C5
FFFD99EA
0002056F
0006D61E
FFFDED8B
0000D54F
0007398E
000393B5
FFF8D29C
0008E7FE
000B11CE
FFFA5A9C
0004BE61
FFF559EE
FFFF187C
000130BB
00069563
FFFCD14B
FFF6E05C
FFFB3437
0003022D
000334FE
FFFB7C38
000353A7
0001B59D
00002AEF
FFFD7AA3
FFF4475A
FFFB1DED
FFFA7AA4
0002AE0A
FFF78621
FFFDD94F
00050574
FFF8402B
FFFA71E2
0005292F
FFFC9645
FFF36378
FFFE7312
FFFCC3BB
FFF623B3
FFFC0C2A
00022F5C
FFFC24B6
000470F9
FFFBF966
FFFF3141
00001FF6
00024C55
FFFFC65E
0002E29C
0005C698
FFFD5F14
FFFDB52A
00092B7B
FFF92C1C
FFFDBDDA
0005BACA
FFFC2B84
0005C81E
0006F9BA
FFFE5B78
FFFC56EE
000EC774
FFFD33CC
FFF96927
000E9220
FFFA5731
FFF739DA
FFF93D20
0003CE03
00038E8F
FFF48727
00000358
000D9E7D
FFFE4B8B
0000DBC7
000C7B4E
FFFC0F07
FFFAD85D
0005AF9E
FFFFFE1B
FFFF8433
FFF77858
FFFE21F6
000894B5
00016346
0004E1B2
00043C0A
000755E0
0000B142
0001DEA5
FFFE80C0
FFF7C1CD
0005221B
FFFCEE29
FFFCF6AD
FFFC5739
0000AC72
FFFBF7A1
FFFFD82E
FFFDE0B5
FFF9727B
FFFD5D97
0004ABFA
FFFCD9D2
FFF8A0E7
FFFEFDA9
0006407F
FFFAF6C3
00082B43
0007A561
00018D56
0009CEAE
00023778
00000499
FFFD44D0
00059DC9
FFF94E93
0010C8EF
FFFEB96D
000341D8
000A937E
FFFEA8A8
0004489F
0001A244
00008F24
0001F3A6
FFF760EC
FFF7C42E
FFFE0FAC
FFFA29C5
0005107A
FFFF5710
0000B1BC
00083E2C
FFFCD89C
000B8459
FFF66B58
FFF9C821
FFFEAE0E
0000EAA9
00015A5D
FFF2D61A
FFFFC6F7
FFFB593F
0003D823
FFFC7AE3
FFFC7C48
00021C34
FFF77EF2
FFFE7562
FFFD69CD
FFF8189B
000161E4
FFFD5182
FFFDEE93
FFF9FDFC
FFFBF3B0
FFFFFB82
FFFA1D60
FFFE9EE8
FFFF0AB4
FFFD6DBC
FFFD2031
FFFD36EE
FFFDB9E2
00009FE0
FFFCA6A7
FFF89CC5
FFFFC434
000173E9
FFFEB7AF
0002F3FD
FFFDA300
FFF8182B
FFFB8EA0
FFFFBB7F
00005422
000A0790
00057759
FFFD4620
0008A34D
FFFF84D4
FFFD663F
FFF37516
FFFC70DE
00049A6F
000CB9B4
0005C232
FFFD9950
00091924
00034288
000211E5
FFFE8701
FFFDE01B
FFF849D5
0003CFA5
00004357
FFFB7917
FFFBE478
00045B1C
FFFA9C83
0009C12F
0005063F
FFFCBF30
FFFDCF06
FFFB87D3
FFFDD4DF
FFFE4939
FFFC97A0
FFF1F230
0001067C
00026D50
FFFC1D91
FFFCEA5D
0000ABFC
FFFA0A58
FFFD507A
0007A591
FFF911E2
00010734
FFFBFDFA
0002733D
FFF4E0E7
00001182
0008CEAA
00099647
000206B3
0008F349
00022490
FFFF0FE2
00021936
FFF9A7A1
FFFFA164
FFFC487D
FFFB28CE
FFFDE4F9
00075F79
0003F13C
0006A90A
FFFD2EB6
00059AF1
FFFB176F
00049512
00009A7F
FFFECCDB
FFFCFECD
000DFE99
0008754A
000C28F2
0000CC32
FFF8DFBB
FFFF97A1
0000F628
00052964
FFFB27F1
FFFCE6D9
0001869A
000072C7
FFF9B1D8
FFFF4A98
00007F16
000029F0
FFFF4A00
00044E8F
FFF8284F
FFFE488F
FFFB1BB0
FFFA4828
0001F2DE
00064971
0001F5CA
00002B07
FFFEB48D
000835AA
000AC12A
FFFFC776
FFFD4DA6
FFFEB658
FFFCC3C9
0007A37A
0006F34E
FFF95CD5
00016DDA
00064E5E
FFFC4ED8
FFF9D97A
FFF93F85
0004E177
FFFD202A
00000D37
FFFB5F39
000518FB
00008EF6
FFFF6D64
000652CF
0008B173
0007356D
FFFDF476
FFFFE159
FFEEBF75
FFFB24F8
FFF8E672
FFF8BFFC
00017FAF
FFFEA410
00010088
FFFCCE42
FFFEECF6
FFFE039F
FFFFFAA1
FFFCBE76
FFFBC185
FFFEA09E
00053342
FFF653E9
FFF50323
FFFE4E52
0002DAAD
00053BC2
0002B499
FFFAA7F8
FFFDFBE5
FFF8C0A2
0003EE43
00090AE4
FFF9ECA3
FFFE6E9F
FFFF7D0B
FFFA2B25
FFFCD4A6
0005381D
FFF98E64
FFF7BBF7
0003F6C0
0005F9CE
0000CC7E
FFF968D0
FFF6F889
FFF855BE
000577EF
FFFF889F
0003CEFA
0001C7B9
00059E39
00023D64
FFFEB7F8
FFFAB9F0
FFFD45C6
000A2A4F
00073DC1
FFFC88AD
0006F230
FFFB87C1
000200A0
0002D8B4
0000E815
FFF91A03
FFFF0D0E
000812C4
FFFF0417
00027FEB
FFF6CD08
000024A3
FFF44E2E
FFF98BAB
FFF31D74
FFF5CDC7
FFF992DD
0004B3A7
FFFB19B8
0003E793
000064CC
FFFC830B
FFFDC571
0004408D
FFF85F5E
FFFDF136
00017810
FFFCFB2C
FFF78506
FFF4F144
00000903
FFFEEA5E
FFFA757D
00006955
FFFEFD29
FFF90483
FFF718F9
FFF61A07
FFFD63AE
FFFFFF8B
FFFE9818
FFFABA24
FFF7A507
FFFA4644
FFFEF419
FFFAD344
FFF9DD1A
FFF8AD4A
FFFE1C0E
FFFF6573
FFFEEA06
FFFF33F7
0002C148
00077E0D
0004303B
FFFFB796
FFFFD9AF
FFFB1EFF
0005001A
0001207C
0003284B
00074347
000732F1
000380AC
0000F583
0003511F
00067D77
FFFABD2B
0003F5E4
FFFB46E5
0001E7A9
0002D5F6
FFF7B087
FFF5DC2D
FFF8A781
00035E37
00029984
FFFC6D03
FFFF4565
FFF57085
0000D16A
FFFCFB32
0006A27D
000485FB
FFFE2DED
0000BD49
00060505
0004D060
00045C3E
FFF616E8
FFFD3A14
FFFCD881
FFF76E82
FFF9131A
FFF9C2E3
0002DFEC
FFFE5DF7
FFFF9F7C
00009295
0005C658
FFFAA42F
0000D255
0005002B
FFFD9536
FFFF2918
000887AB
FFFF4160
FFFF2AB7
FFFF2DC1
FFFCA855
FFFF6D80
00064889
0004C5C1
0003E4A8
FFFE5AAB
FFFEED29
FFFC9FC8
00046127
0003030E
FFFD537E
0000CE5E
0002A9B2
0002551E
0005BF02
0002F443
00061522
0001B3DA
00000C0F
0000C91C
FFFD8530
0004419F
0004911B
FFFE8D44
FFFD8AB3
FFFD3200
000308DB
0005476C
00031F16
FFFB476A
00051C97
0009FBA6
0008326E
FFF7AD2E
FFFF54C8
00035046
FFFBA6C0
FFFE8E8F
00083FA0
000290CD
FFF7D700
000270CE
0003702E
0002A29F
000CB8CC
000A5D72
0000FB2D
FFF6BDB5
00034ED2
FFFBEC0A
FFFF95C9
0001AF5F
000333AB
FFF8AA61
0000535E
FFFFDA8F
FFFD4402
00078C73
FFFFA9A0
FFFDEDF4
FFF6E346
00033FD3
FFF7D544
FFF5E48B
0006712C
0000B7AE
0003C714
FFFF05FC
00009536
FFFF4E7A
0000AC7E
0003E3C3
0005976E
FFFDCCD0
FFFA168F
0005951E
FFFDF67F
000391C1
0005B234
0000486A
FFF3C6EE
00027737
FFFACFB2
00055662
FFFF2FEF
00004742
FFFB1359
FFFC038C
0003D295
000282B9
FFFE7670
FFFB9DDD
FFFBB8E9
0001E96B
FFFD63D3
0001CAF1
000451CB
0007E423
00017ED6
FFFEB6A6
FFFA5C14
FFF2B716
0007155A
00018C2E
000457AB
FFFD3C7F
FFFB6C9E
00046F59
0003526D
000626A9
00014B3A
0001C34A
FFFA890E
00050E7B
0000D720
FFFAFD4E
FFF92AE1
FFFD9CDB
000B06D5
000944E2
FFFA2868
00039713
FFFDADBD
FFF8BA9A
FFFF87C7
FFFD87A5
FFFF5D56
00022F8E
FFFAAE88
00044BEE
FFFD1BE8
FFFD52F8
FFFB4E1B
00074BAE
FFFFC80F
FFFEBA31
0002C219
FFFA76C5
00067545
00078D20
00020D51
00024115
FFFE592D
FFFA0697
0001A761
000CCF2C
00048121
FFFE6B2D
000053FB
0002AA51
FFFD9547
00030814
0006DD17
FFFA7916
0000BB46
00001F10
FFFDEC76
FFFD980E
00038907
FFFE2D59
FFF91949
FFFB400A
FFFD6992
FFFDD5B2
0008BF36
00043AD2
FFF4EF0C
0005C026
FFF95909
00024FCD
00004A30
FFF68A95
000442F7
0009BAB3
00052101
00095ABF
FFFD1652
00031DBA
FFF9EDD9
FFFFD289
FFFF9FF0
00027892
00090806
0001D9F9
FFF9DDF3
FFF9BB57
FFF9B095
00003B26
0002F42D
FFFFE313
00045EA5
000736D3
FFFF1C9F
FFFC2925
FFFBBD97
0004A322
FFFFB186
0002EF88
000090A0
FFFAF2D1
FFFB6E59
0001D2B8
00071853
FFFB9E6E
FFFBF1FC
0000B6EE
0000138D
FFFD90BE
FFFEDBDF
00005E68
FFFE625E
0007204E
00044D72
000213B3
00046C7C
FFFBFCEF
FFFB8A5C
0005F0E8
0002036C
0000DEA2
FFFB12F8
FFFF0EB1
0000F185
FFFFF7CE
FFFA0D20
FFFC9314
FFFEECAA
0002108D
00024FE2
0003CF5D
00016828
00044223
00018EC4
000230A3
FFFE4BCA
FFFC3CC4
00005782
00013B0A
0004E0E4
00001720
FFFBB82E
00014247
000087AC
FFFF7168
FFFEBCC8
FFFC5444
FFF9B328
FFF959B1
0001F44F
0003DBEB
000BDB11
FFFE3B7E
FFFB56B7
FFF8C6B9
0004B06B
0007AFAC
00014AD5
FFFECF95
FFFE80F9
0001705B
FFFC7701
00049F0D
FFFDC6BE
0008D78D
000249C3
000911C9
0003B21E
0001CB0D
FFFB0BFF
000089E5
FFF9D9A3
FFFF8AE3
FFFBD3E5
FFFB3695
0000BC71
000592E9
0003FDDB
FFFCA204
FFFB45B4
FFFA6C8E
FFFC7BF3
0004A2BA
000644B3
FFFEA154
FFFCBE90
FFFFB89A
0004F327
FFF98BC7
FFFCB8B4
FFF9A1A1
FFFB4C19
FFFD9B50
00043687
FFFC1DE9
FFFECE8E
FFFC67CE
00012353
FFFDA69E
FFFB556D
00038369
FFFA1D55
000041C0
FFFDC00E
FFFE9BF4
00053E3F
00036081
0003218F
FFFC5772
FFFE2735
00045088
000278FC
FFF9E31E
FFFAA4F4
000108E2
FFFAB3A3
FFF9E99D
0004F27D
FFFB7CE7
FFFAA381
FFFCB9B6
FFFDF102
FFFE7CFD
00012769
FFFE241F
FFFEA401
0003328C
00052F91
00036FB0
FFFEBA48
00000BFD
FFFE963F
FFFF9394
0000F5B7
FFFCA533
FFFB588B
0000979E
FFF8FBC3
FFFB0055
0001814C
FFF9CBC1
0009BEAA
00039209
FFFF2F6B
FFFB31E5
FFFF695F
FFFCD63C
00055518
0008779C
0009E1C0
FFFE6B06
FFF8E9E8
FFFE6252
0003A26C
FFFDDB0F
FFFA3280
00018896
FFFE4FF4
FFFD7591
FFF5BA1F
FFFC14D7
0000E96B
00037201
FFFC0064
FFF6C203
FFFC9513
0002F3E9
FFFE8BD9
FFF92003
FFFD7A62
FFF866BA
FFFEB402
FFFD36B7
000173B3
0001056F
00058E6D
FFFC1C34
0005844F
00038DA9
FFFE2CC9
000265A6
FFFFEB03
FFFC95D5
00054E0B
000147F8
00049A98
FFFCD1D6
FFF9F5C0
000342F2
FFF46407
00025A93
FFFCD564
0002694B
0003C13C
00020075
FFFDD76B
FFF8A487
0002198E
FFFF9023
000103C4
0001A56B
0001F79A
FFFAD82B
FFFD9D83
000408ED
FFFBC650
FFFED866
00032CE6
0001E976
0004A1DC
FFFBE0D2
FFFFF59E
FFFCD1FD
0005D849
0001FA8F
FFFC8EED
0000186A
FFFDF0D2
FFFDE335
FFFC284E
0000F9CE
FFFDEE0D
000002A9
FFFF0FB3
0000822C
0003DC9F
0001A854
000382C5
FFFEEEA1
FFFCA046
0001F3D0
00037AD7
000027A0
0002A22B
FFFEAB59
00038516
FFFD5CD1
0006C25F
00065AF3
0003AB3F
FFFEDAAF
FFFFAFA7
000313F8
00048B4E
00045A13
FFFF492E
FFFF2DD4
FFFF6534
0004C782
FFFD49FD
FFFBA8F0
FFFB2E33
FFFE85D2
FFFE9BC2
FFFBC107
FFFD9274
00005374
FFFE122E
FFF9D7A7
FFF5515F
FFF8750E
FFF8EDDD
FFFF48D1
00023DFA
FFFEB31B
FFFEDE4F
00074A13
0005354A
000041DB
0003DB99
FFFCD029
0000AC83
FFFD0C29
FFF9DA61
FFFBEC6C
000334BE
FFFF4D88
FFF9739D
FFFFA49C
FFFC0EB9
FFFD561C
FFFB74F2
FFF64A69
FFFDD12C
FFFC439E
00016B58
00013AFD
0003FCFD
00019923
0000AF58
0001231D
FFFDAE2C
FFFDEA0F
FFF99E1A
00029205
0002520F
000B2ED4
0000503F
FFF89CB8
00073030
0004E064
FFFAE69B
0005CFF4
00002AF6
0003D386
00010399
FFF7439E
FFF86F03
FFFE6C55
000068E0
FFFBAD69
FFFF3114
0008E339
00002404
0007B7C1
FFFDF087
00036984
00038842
FFFD3C0B
FFFB4BFD
FFFD5476
00074A3A
FFFA899B
00024ABB
00028944
000535B9
FFFEC159
FFFD8B56
00047509
FFFD8FA9
00048C49
000436B9
00037BDF
00042993
00057218
0007FDAF
00054571
0005071F
0002335F
00063CAA
FFFAAEC3
0002DE81
00068FF4
00030825
00048723
FFFDCE13
FFFF556E
FFFCA047
FFF879F1
FFFD9583
FFFECED7
FFFD68DA
FFFCFD53
FFF744D3
FFF8C0FF
FFF8BCAB
FFFA1B88
FFFB1DB2
FFFE94F9
FFFD751E
FFFD2423
00021F0B
FFFBABD0
FFFB29EB
00023620
FFFEB72A
FFFD63B3
00019976
FFFE28B6
0002BAF6
FFFAAAAD
0000DCF0
00033D1E
FFFA9029
0001999E
FFFC74CD
FFFACD58
FFF8C073
FFFC4788
FFFD4B0C
FFFB397F
FFFD11F3
FFFA9D88
FFF8B946
FFF6B0A6
00016B93
FFFCBB1F
FFFA4831
00002D82
FFFAF50B
FFFC6C04
FFFC8565
FFFF6008
0001ED07
0000EF11
00002F6B
00017090
FFFD3155
FFFA6777
00000156
FFFD60C4
0002A7D5
FFFA90BF
000301FA
FFF750BF
00032728
FFFF2B88
FFFBC7FF
FFFA2A13
0004E20F
FFFCD7BE
FFFE4140
00028570
FFFE9BED
FFFC6902
FFFFF95D
0000F3D2
FFFD4491
FFFAFDEF
00054AF3
FFFBC3FB
0003777C
FFFC1FED
FFFCA286
000139DA
FFFB6780
FFFB8DBD
00041A1E
00020F85
00010B22
FFFE362F
0001BAE9
FFFFA329
00004A92
0001B92A
0004DFDC
0001D3E0
FFFDE1A8
00043E71
0001DE35
FFFABC9B
00030929
FFFF00EC
0004543B
0000923C
FFFABD40
FFFBCBB7
00012804
00065907
00028536
FFFC8B58
FFFB4A76
FFFA10A4
0000E1C6
0003E3E4
000268DD
0001BB03
FFF7D6F5
FFFCC4E8
00047DAD
FFFA6F05
FFFC94D6
FFFCD333
0000A5A2
FFFCBB8F
00018968
FFFD0867
FFFB582E
0002DACF
00007846
FFFDA5ED
0004A0D0
0000CFF1
000275CD
FFFDEC9B
FFFEF5CF
00067619
0000ADA0
0000A456
FFFF70D1
000070EA
FFFE06E8
FFFEB53A
FFF9F4B7
FFF8870F
FFF9AB08
0001BF2B
FFFAFE49
FFFE3213
00016307
0000FD8D
00015619
FFFF5761
FFF95BD3
FFFABC82
FFFC5929
000520FE
FFFDD7FB
0002787A
00009F3D
FFF94229
00052B58
0006268F
FFFE0241
00026A40
FFFD1AFC
FFFD13E2
FFFFC2F3
FFFAD2B5
0002AA6F
00079D2D
000199BA
FFFBDA7F
FFFA0534
FFFE0035
FFFA04CB
000112BD
000471B8
FFFFFCD7
00039A3A
000969E8
00012218
FFFFD664
0002634B
00060168
FFFE8EEE
00018B88
0004BA05
00007258
FFFD756F
FFFFCFF8
0001E109
FFFF4773
FFFE9CC5
FFFEF6DA
00044138
00062451
000271AD
FFFEEB8A
000028DA
0002D93D
FFFE4DC6
FFFE9C62
000718FB
0006AAEC
FFFEE64A
FFFBF05A
FFF94756
00021EEE
FFFF08CF
0001C7E5
00001B38
FFFAEA65
FFFAAD70
00038FF5
FFFF8E73
FFFD2E97
00038F4F
000734E7
0005906F
FFFCF21D
0000443B
000084DF
00015323
FFFB883E
0004CDF0
00022EBE
FFFDAD42
FFFDE8E9
000322BB
FFFC6F2E
00052F3E
FFF98F0B
FFFE4EA1
000258AF
FFFEC17B
FFFA5CF9
00006C76
FFFC671D
FFFDE5E7
FFFBF906
0004722A
FFF8610A
00024B7F
0000D83E
00061FD4
0000F151
0002DCD3
FFFC2E23
FFFEBD79
0002C323
0006E754
0004B855
FFFD37A1
00014AFE
0009BA95
00010EF9
FFF9AC7D
FFFDC1AF
FFFAE665
FFFD9E07
FFFCCCF9
FFFBD469
FFFD0228
00024DAA
FFFF9D93
FFFF1CB0
FFFE5966
0005C8A4
000348EE
FFFF739C
00036944
FFFFC076
000019D2
FFFD0F15
000867BA
FFFE4ABE
FFFB5E8E
00018CD8
FFF8CDE5
0000CEE1
FFFC1DBE
00020163
FFFD745B
0002E33A
FFF8BA84
00020DE1
0003CD76
0001819F
0008850B
0005C36A
0004C967
00020E6C
00052AD7
FFFEA2F8
0006F969
FFFBE7FE
00043AE4
FFFCA747
FFFFDBB7
FFFBEB69
FFFA1E71
FFFD2FC6
0002C8B2
FFFE0B51
FFFB0F8A
FFFED0F2
00001F05
000379FE
FFFFC58C
00004C48
0003713A
000544B7
FFF8C7AB
0000910C
FFF906CF
FFFAD4DC
000631C4
00070B4D
FFFF0638
FFFD6086
FFFAEA40
FFF9AE16
00059AB0
FFFF1571
0008B33E
00009DA3
000031EB
00030229
FFFB5A15
FFFE99DA
FFF640A5
0004B2CF
00050B6B
FFFCA622
FFF74B7C
00031370
FFFEA8DA
FFFB6408
FFF89CAB
FFF89E33
0002A32E
00078A65
FFFB5295
FFF7A9F2
FFF153AE
FFFF60BA
00011E7E
FFFC74D4
00015A10
0008621E
00010A53
FFFDDA2F
FFF6B095
0008B478
FFFFDD1F
FFFF3E27
FFFCE6BE
FFFA2C4E
FFFDC639
0001F3C8
FFFAD0FC
000AD028
FFFBB21A
FFFCD38B
00065D90
FFF1F668
000528E4
FFF584E5
FFFC9046
FFFD3633
FFF9BA74
FFFF71B4
FFFC612D
FFFEF347
00032B0B
0008A292
FFFEBEC3
00053574
0002FD48
0005A988
FFF861B6
FFFA4176
FFF8100D
FFF6A906
00089B05
FFF8E377
0004B109
FFF8D12D
00051A70
FFF71F40
0003E45F
00085AE8
FFFB16EF
0002D8B6
FFFE3D8B
000345CF
0004AC51
00017AFC
0007665D
FFF7D644
FFFD791F
0003B966
000B7F4D
00057612
0003C5C6
00070950
0002CD58
FFF6A61C
0000BFD2
FFFCAD04
FFF7BF23
FFF5B849
0002CEC3
FFFCE017
FFFFC04B
FFFB5035
0000D631
FFFE1EC0
0001F339
FFFB82DB
FFFBBDE4
FFFEB525
00057EC0
FFFCB6A4
0002558A
0003B6AC
00019102
FFFE5534
FFFD06F0
FFFEFA91
0000E50B
000B64BA
00070683
FFFFE087
00089ACB
FFF9E3D0
0004D0A0
00056042
00000DC3
0004572B
FFF858BC
FFFC2F5E
FFFB613B
000B20D1
FFFA560E
FFFF37C2
000AD87E
FFFB9281
000A8B8F
000984FF
FFF92176
FFFA3566
00097D6D
000FB147
00026422
FFFC4324
0009B4BB
FFFA8DE8
00011000
FFF8D803
FFFF69DD
000966A4
FFF79E26
00033FB1
000B430A
FFFF90A6
0002A6BD
FFF85E41
0007554E
00042207
0005A00B
FFFCD977
0004BB4E
0002C606
FFFB7EDF
0002C9F5
FFFC241B
0002553A
FFFF101F
00011370
FFF8B7AE
FFF87DF0
FFFB8CF8
FFFC58A4
0009D333
FFF96BBA
000045DB
0005134D
00058113
FFF6D35E
000A18C6
FFFBC604
00019C53
0000687F
0002E087
FFFF4C1E
0005EF01
FFF3EC15
000A4EB5
000444B6
FFF684C8
0004D221
00094C0F
0004DE7A
0004251A
FFF82DDF
0002546A
FFF74EEC
FFF3A30E
000801D8
FFFCACDF
FFFFA6CE
FFFD92B6
0002ED84
FFFF073A
FFF62223
00045DD1
FFFB5D1F
FFF42D0A
00089780
FFFE5169
FFFE37BC
0004976B
0000DD65
00059F48
0003F74A
000946FD
FFFAB6F0
FFFBD811
0002DBE2
00011738
00024009
00033D7D
0002DDC1
FFF94ABC
FFF75D77
00017B17
FFFC8925
0002C6F7
0002BEF2
FFFF3F92
FFFF693B
0003BB3D
FFFEDEC2
0004BBAA
FFFFFAB4
FFFC93A9
0009F0C2
FFF55F06
FFFF3632
0008A397
FFF8B5CD
0001A787
FFFC0CE1
FFFC9E5C
FFFA6468
FFF8531A
FFFA8625
0002A315
000511D0
FFFEE100
FFF9D40F
FFFFC475
0008577E
00068BA9
0003EA74
00020545
0007F4F4
000D16A9
FFFBBF1E
FFFFF1D2
FFFE84C7
FFF909D6
0001EEF1
000036B3
FFFB0E55
00005992
00087368
0008E166
FFFA98BC
000707D1
0006B2FF
000189DE
FFFB99EF
FFFD5EE5
FFFF20FF
FFF63C0F
FFFEF3A8
FFFFD6F1
FFFA6207
FFF966DD
FFFFFF8F
FFFD31BE
FFFF0554
FFFEBF1B
FFFD3E32
FFF93CF8
0003CA8D
000820AD
FFFC9FF6
0001886E
FFFC3FE5
00012D78
FFFFC174
FFF6A2C0
00046CE8
00007087
FFFCC9EE
000287DF
FFFBDB66
0002911F
FFFAEA4C
000191D0
FFFF5490
0003A08B
0001D78E
0001CEE3
FFFBD400
00023472
FFFCD463
0003C0EA
0000FABE
FFFCAE2B
FFFD0F56
00026A61
00051C7E
000181F7
000717E8
000390A8
FFF299AE
000190B1
00060687
0007A4A4
FFFF2268
FFFF33EC
00033F42
FFFC85CA
FFFDE96E
000442EC
FFFDE940
00070CA4
00041F42
000D44CE
000ADC50
FFF84966
FFFBD389
000B68E0
00009089
0001699A
000305EB
FFFC367C
FFFEB552
0002EC42
000169D4
FFFD4912
FFFCF662
FFFAE5F2
0000F78F
FFFDA6BF
FFFAC350
0000F563
0002F252
0001D118
00026B8A
0003F06D
00008DC5
0000B089
0004C716
FFFDE51B
FFFF79BA
FFFBBFF4
FFFEE861
00014042
00051380
FFF96585
0001CD7F
000335A8
FFF8D04F
0007EF54
FFF9B2A7
00029A69
00069515
FFF7E64E
00002AC9
FFFF19D6
FFF7CDF2
00015F63
00026EC6
0002889A
0001D457
00077B49
0008B1C9
FFF9B327
FFFC2CA0
00060AD3
00079A72
FFFBA0B9
000499C6
000966F7
0005CD7E
FFFE7108
FFF71DDE
FFFB6A97
FFFC133D
000305F7
0000427D
FFFAFB8E
FFFBD5DC
00070BB4
0005DC5D
0009E00E
00024000
FFFD883E
FFFE996E
00047921
FFFEF4B9
00045555
00081DB1
FFFA2395
0001DB46
FFFB561E
00001BD8
FFF9A62C
00023CAD
FFF976B5
FFFAD045
0007AE22
FFFE6E07
FFFFFF8A
00077220
FFFF6970
FFFA92B0
FFFC83AA
FFF99701
FFF7D793
00058585
0005B0F9
FFF8BE88
FFF9D490
FFF92193
00054C2B
FFFB8336
FFFDE429
00096DFD
FFFA0088
FFFA4447
00015B59
FFFB499C
FFF9B9BA
0002819D
FFF81B2A
0000A856
FFF77887
000129E0
00020F23
0006EE11
000C10DD
FFFBC25C
FFFAE5E6
000BC191
FFFEC266
000D5869
000BB217
00092783
00052CC0
00037706
0005C79B
FFF94DD1
0001D2CC
FFFAA1B4
0002B9D5
FFFE259A
FFFCC51B
0005FB6C
0002A0A9
0001A3A4
FFF9DD04
00020824
0002C4B0
FFFBAE8D
000572C5
FFFB9F72
00014403
0004C7FA
00018BC4
0005680C
0001D1D2
FFFE33A3
FFFD4D2E
FFFFEECE
00049503
0006F017
FFFACAB4
FFF8B917
0005E087
000438F6
00035FA1
00064538
000BC062
FFFA30BB
FFFB97D4
00044DE3
FFFF4859
00020DBD
FFFE5334
0006F892
FFFAE63E
0002E493
0002D855
000404A8
0000E2A4
FFFF78C6
00076C04
00094FB6
0004C217
00063B6E
FFFAA530
0002ABE0
00037D3D
FFF8EFA5
000679C9
00066BEB
FFF3C3FB
FFFE880B
FFFB7891
FFFA0E98
FFFE018A
0008E85D
0001BCE1
00095BB8
FFFA8990
0001BAD5
00038413
FFFB11FA
00027071
0003511A
0009596E
000A3A2A
FFF80E2C
000565BD
000A0F5C
0001E2ED
00083F78
00039EC8
00080776
0001BD8D
FFFB82D2
FFF76CC9
00051E79
FFFE7952
000288F9
000B2899
FFF7984A
0008255B
FFF83A9D
00001A71
0000152E
FFFD5DFE
FFF8D30D
FFFFCB70
FFFF57BC
00028A62
0001FE69
0002B2F7
FFFDF4D9
0002EFF0
FFFDA660
FFFA957C
FFFDF980
0003A5F2
FFFC0A0E
00053519
FFF8B178
00052D87
FFFDCB68
000699BA
FFFDD474
0000C70D
FFFBEAC5
0003998B
0001613F
00033A59
00033C57
0007DA69
0004E9F8
0002E2C1
FFFC6AB0
00052327
00004DB1
00016826
0005FA8B
000368CD
FFFC1B4F
FFFD74F2
FFFFC85D
00083C52
0002AA0E
000453F9
0002E1F4
00009356
000478B5
0005B856
FFFEF16B
FFFE705D
000203E2
FFFE46E9
FFFEC529
FFFE08E1
FFFEE9E0
000035C0
00056E74
0000525C
0003A162
0001A3AE
FFFAB313
0001228C
FFFD1760
0004A55D
0005F1B7
0005DD3A
FFFB2FB4
FFFB1D74
FFFEC5E5
0007988B
0003EC6A
FFFE938D
000383C4
00091048
FFFFEEA5
FFFEBEF9
FFF92A62
FFFFB14C
000090E2
000727E2
0001E80D
FFFBE274
000366F6
000862FA
00047EFD
FFFCE5AC
FFFD04CE
FFFA922D
00017E0C
FFF85804
FFF89F1D
FFF7B49A
00003B5A
FFFAEA3E
FFFB5E8A
FFFBEE4C
0000A632
FFFDE734
FFFE4902
FFF9F0DF
0001705C
0006CB33
0007E21C
FFFFFCF3
FFFEF1DD
FFFB08E4
FFFF183C
0002059B
0000B602
00006E73
FFF9EE0A
FFF6D35B
FFFED197
0001D7D4
00073FB7
00027DDE
FFFE0711
00042133
FFFB753D
00027BF1
0006A185
0000C312
FFFA98AD
00009843
FFFD39A3
FFFEC871
FFFEC377
00079279
00060DB1
FFFFC645
00009BEC
00066C79
0001072E
0005EE33
0006E641
FFFF64D0
0002D959
00075115
FFFA5E15
FFFF5D3C
0006B08C
FFFFA276
00025AC4
000431D6
FFFAB81B
FFF903E5
000574DB
00043B3A
FFFFABBC
FFFE10FF
00030FF0
FFFD2F36
FFFCC276
FFFFA935
00034DC9
FFFEC08C
00014160
00018D54
00054304
0001024F
FFFBAB0D
FFF9FCBA
00058247
FFFE660C
00002FDD
FFFE24E7
0001B54A
FFFD448C
FFFF728E
00045E88
000148D3
FFFFF058
00003B74
FFFFFF16
0006A5CA
0001028A
FFFFD16A
FFFBB129
FFF8EE83
0004C3FF
FFFA0C78
FFFEBD26
FFFFEBC2
FFFE0F0A
0006D41A
0002FCED
00067BBA
0003F372
0000B0F5
FFFC5E4B
FFFCB971
0004B018
FFFFEC7A
FFFCCBE5
0002E9D5
FFFD9D3B
0004292D
0000DFFB
FFFE2997
FFFFD977
0001930A
FFFCC281
FFFCC7D7
FFFD8059
FFFD3AB7
FFF840E1
FFFC1F41
FFFE560F
FFFD1E8A
FFF89733
FFFDBCBE
FFFDF9B1
FFF8ACA2
FFFE3476
FFFAAC00
0002D22D
0000699D
0005F032
FFFAE5EB
FFFFBB9E
0004F5ED
000020F2
FFFB0E24
FFF9FDFE
00037C29
0002094F
000318EF
00085311
000509C3
00056794
000968C1
0004DC0D
FFFEF25D
00024E5B
00026C50
FFFC9192
FFF98D63
0003D71D
0001E53E
00014D27
00008647
FFFB66E2
000488F6
00025BB1
FFFEC25E
FFFD0E1A
FFFD41EB
000326D1
000252F7
00039246
0002A0C9
FFFEE513
FFFDC6CE
FFFB97DB
0000EFF9
00036D19
0009BFD6
0003E024
FFFF9205
0004122A
0000A6E2
FFFF0E74
0004C0BC
FFFBC777
FFFED830
00005E9C
FFFB91BB
FFFF7473
FFFCF7AB
FFFDA438
00046EC6
00027962
00010769
00006B8E
00052504
FFFCD1B3
0006BF3C
0004FEB9
000ABB4C
00076270
0002EBC3
0002EF12
FFFB2D29
000112C4
00053C44
0005DEF8
00016762
FFFB60D4
000507D6
FFFD7589
FFFF02B1
FFFD3C0D
00030870
00047EAF
000315C2
00056EDE
FFFC5461
FFFD7CC2
FFFCEF06
FFFED44B
00001BC9
FFF9BF18
FFFA0CD3
0001ADA4
00015F1E
FFFE56AE
FFFCCF80
FFFB1A87
FFFACFEE
00019D3C
FFFEB85B
00010869
FFFED986
0001BC7D
FFFA3249
FFFA924B
00036D64
FFFCF402
FFFAF135
FFF92C33
00028005
0002405D
FFFB34C4
FFFE1FA8
000222E1
0000B065
FFFCCE3B
FFF9A659
FFFCE576
000562FC
00046349
0008E239
0001D9EF
00063B6E
00006CA2
000302A5
00064EA6
000300C4
00039A83
000AE9D6
00032DDC
0000E963
0005A51C
FFFC1C6A
0001EC52
0005BF27
0002512F
FFFCCF6D
FFFC6C8F
FFFDBA4F
FFFCF8CD
FFFACC34
0002CD43
0000E790
FFFD3AA0
FFF9DBE0
FFFE45E7
FFF87277
FFFF5809
FFFB648C
FFFF7E3F
FFFC6607
FFFD5ED6
00033FAA
FFFD6066
FFFF0E17
FFFBFEA6
FFF60E38
0004511B
00053555
FFFF7E10
0000828E
FFFC1468
00077BF0
FFFA9AB5
FFFE0BBD
00015426
FFFB6977
FFFE988C
0004755B
00001336
FFFE290A
00026E6F
FFFD8ED5
FFFE252C
FFFF8317
0001C0C7
FFFDB084
00007BFF
0004A80C
0003F353
00008AC6
00025C3A
FFF85E1C
FFF9AF62
0001EC50
FFFEF703
00036891
FFFDA416
FFFBFF5F
0001DFE5
FFFDE96B
FFFFEF62
000137EA
00019015
00008716
00026364
000007FA
000143CE
FFFCAEB6
00037E3F
FFFFBADB
FFFDFE0B
00028EE0
00042621
FFFE8E1A
0005C968
FFF98E22
FFFB0154
FFFC2605
FFFCFECE
00067342
FFF90A6F
FFFD8BFC
FFFFA6DC
FFF90799
000371EB
0002A305
FFFE99B7
FFFF7824
FFFFB902
FFFFE274
FFFB1936
000309B0
00084B66
000AEB07
000D1A33
000535B8
FFF3FA0F
FFFE95D7
0000CA17
00034BCC
00039B5D
0000481E
0003CAA9
00018676
FFFDB737
000126E5
0001422E
00050283
00035653
000193F4
000590DA
FFFEF2F6
0002ECB4
00061796
FFFF2FC7
00027393
FFFC9BF1
0000D297
FFFAF7A8
0000A496
00004E18
FFFBB593
FFFBCDF5
FFFE3747
0003FBA5
00005517
FFF407CB
FFF99A07
FFFEC930
0004939E
00055E42
000164B3
FFFE3B75
FFFF633F
0002FA26
0001A7FE
000064DF
FFFC16FD
FFFB30EE
000010DB
FFFD7649
0003C6CE
00075DA2
FFFA6E47
0000A6DD
FFFC18B1
FFFEA371
0006FCF3
00015D3A
00041AD4
FFFE145F
00006E7B
00021BF6
FFFC83F0
0004FA92
FFF9B8E1
00028109
FFFA33BF
FFFBD356
FFFBD4E7
00004CD0
00059FE0
000594F8
00057391
FFFB0500
FFFB0677
FFFB56F9
00071AD4
0003BDCB
FFFEDCBE
FFFEF9F6
00036B29
00027914
FFFFC07D
FFF84E1C
FFF61484
FFFF9833
0004BB5B
000438C3
FFFEF7BA
0008E570
00001C4B
FFFC94E7
0006E543
FFFFE978
0003196D
0004A67C
FFFF8918
0005FFCE
00034C4F
FFFB28A6
0003E2A1
0005D295
00067127
FFFEBC34
FFFEB46E
0001CA63
000491B6
0005D5BE
0003855A
FFFE5788
0002C61C
00049319
00097E0A
0001035A
00088866
FFFF1B29
00051FE4
FFFB94C8
FFFB1934
00024C5B
0000EF04
00038B7C
00045CF9
0007A523
FFFFB24B
FFFCF015
0005335B
000633C0
FFFECC92
0006F3D3
00027227
FFFE7BF4
FFFD7B6C
0001B4B3
FFFCA2E8
0006CE78
00009979
FFFF2E83
00032678
FFFBD96E
FFFE3BD6
FFFD6984
00023B84
000101EE
000775B7
00006DB8
FFF7E04E
0003CB83
FFFE9506
0000C1C3
FFFFFBFF
0001FAEE
FFF9E3F5
0003F6B5
00021D1A
00003C3C
FFFED34D
FFFEF414
FFFFFD73
0004CE74
FFFE47D7
FFFD4941
0003A3CD
00036076
0006A7AC
FFFEF993
00016E64
00036785
FFFBAE2E
FFFFF448
0005C5A3
0001F332
00013FB5
FFFF1290
00052FFA
0002C723
000518FA
FFFD0BB2
FFFB42B6
00003335
FFFF9654
FFFDFBD6
FFF9DCCC
FFF954DB
FFFA11ED
FFFD4DCD
FFFFAB15
FFFBF997
FFFA46AC
FFFDC204
FFFC8CB9
FFF679EB
0003F4AD
FFF9CA32
FFFDAF2C
0000269F
00038CE7
0002664D
FFFFF19A
0002FC8E
00005A33
00013297
000447C3
00041FAE
00018264
0004AF81
00002C1F
00008D3A
000304F6
000245AD
0000E43D
00099A4A
0004EFD3
0006BA0A
FFFF5E0A
FFFD2584
000368BE
00004003
FFFD9F6F
000111A2
FFFC9D20
FFFD640F
000238EE
FFFD6D48
FFFE7199
00033121
FFFF94DB
FFFD2C48
0002DBF6
00016D46
000087E9
00048C2F
FFFF0B2A
FFFCAB86
0006C261
00042707
00041AF6
FFFF7AAA
FFFF4268
0001D1B6
00081199
FFFB8BEF
00024863
0001F8EC
FFFC29E5
FFFEEAEE
FFFC8115
FFFD247A
000130F6
FFFF5983
FFFDD23E
FFFD297A
FFFCE911
FFFE7A94
FFFCE011
FFF951E6
FFF6FF33
FFF99F22
FFFD2B77
0005A8E6
000433D4
FFFD5522
00028203
FFFC9C9B
FFFD9D1E
0000673E
0004D773
00032655
FFFF1100
0004A6E7
0001F47D
FFFC51D8
FFF9EBC1
FFFCCDD4
0000F112
FFFB8F39
FFFF0B20
0004205F
FFFCE4BD
FFFD9FDB
FFFF4B27
FFFDE83D
FFFD7639
00030E89
00003723
0001DD75
FFFFA891
000238F6
0001039C
00010D0A
FFFCA37B
FFFBF1BF
FFFF97BB
0002ABB6
0004B375
FFFCB1E5
FFFAEAAC
FFFCC16B
00051CB1
0003583A
0008109D
00046DC0
00020F1A
0003F263
000393A8
FFFEE448
FFFF5969
FFFFE228
FFFD73DE
0003888F
000087EE
FFF99872
0002068B
00018A5F
0002C049
FFF981DC
FFFD06DA
0004ABA6
FFFC89B2
FFFDFB01
0000723A
FFFE2092
00001C54
0003FC89
FFFBA199
0003D120
00006AC6
00035452
FFF97D2F
0004080D
00015950
0001FA30
0003D447
0002206D
FFFF96CD
FFFA11D9
0004B7F9
FFFEBB0C
00063AD1
FFFF0639
00017E58
FFFDE286
FFFB1B45
FFFD30EA
FFFC18A0
FFFAD4E0
FFFBADF4
0000BC22
FFFB0F1D
00017C4A
FFFF8E04
0005FF99
FFFF672E
00018CD8
000396A4
0004AD45
00039839
FFFEBC5C
000184AD
00023903
0003D96A
000254B7
00041CFB
00053486
000052C3
0006F336
00012AA4
FFFCD499
FFFB9F46
00022769
000623C6
FFFB0A12
00028BBB
FFFDA0F4
FFFDDC8A
FFFD492B
FFFBD35A
0000C6C2
FFFAB515
00018D3A
FFFC8B56
FFFDDE9D
FFFE36C2
FFFE0EC5
FFFEA360
0001B227
0000932F
FFFA3C37
FFFD20F4
FFFF41DA
FFFB1B12
FFFA8427
FFFDD6D2
FFFCAF17
0004FB91
0000183F
FFFD12AC
0000DC40
FFFF9FC9
00024E1A
FFFA06BD
000332C8
000140C6
FFFACB96
FFFEEC1F
00001173
FFFBC2C8
FFFB8C4C
FFFE1C49
00006D6A
000552F8
FFFF5123
FFFACDF1
00038F28
FFFF0EA1
0006673C
00040582
FFFDB7D1
FFFCAABE
0002D985
00038EBA
00034C88
00027832
00024C03
FFFD106F
FFFF3D3B
000292E9
0004AF74
FFFB34D0
00058A46
FFF7D717
FFFC11B1
FFFE9689
0001FD6C
FFFAF07F
FFFBBE02
FFFE582B
0000E358
FFFF0760
00004B49
00038495
FFFE71EC
0002E92C
FFFE1DEE
00042F20
00031952
0005C013
00015030
0000005D
0001C7BB
FFFFBAA0
00036DD0
00076322
000417FD
0005AA83
FFFE940D
FFFCFE0F
00060F53
FFFEC212
FFFE54CE
00021260
FFFFD08C
0004F247
000036CE
FFFDB5F7
00019A6E
FFFE74F4
00062BEE
0003C675
000621FE
0000D142
000051E4
FFFEFCC4
00014040
000503A4
0002D0FE
FFFE6BDE
0000E971
00018E17
0003AC8D
0001F545
FFFD5D02
FFFDE762
0005E5DD
FFF8D86C
000374E0
000120A7
FFFF72AF
FFFA623E
FFFA306E
FFFDB7EE
0000FECE
FFFE30C5
FFFE5D71
FFFBC17E
FFF934E6
FFFAFBC7
FFFEF506
00029822
FFFD2343
FFFCF9D0
FFF9B482
FFFDE0FF
00056A6A
0001CEE3
000631C5
0006D4C2
00030B3C
FFFD2DC2
FFFB1466
FFFC8573
FFFE4166
FFFEB09C
000725AB
FFF9AF99
FFFE842E
FFFE2C8D
FFFC8985
FFFF7EFD
0006F672
00014005
00075217
00083422
0002186A
00060A8D
000668BE
FFFE2AAE
000651CA
0006639B
FFFCCA88
0000DC50
FFFD8DF8
000536DB
000248CD
00056A13
0003B471
FFFF17F6
FFFE2809
FFFE5AC5
0005E0F9
FFFEEC9F
00026157
00024342
FFFCCDBC
FFFE0433
0001D302
000477F7
FFFE44F5
00017458
FFFB6972
FFFFFBC1
000208F1
FFFC7AB3
FFFD80EA
FFFF0A7A
FFFBA3FB
00027F93
FFFFB18C
FFFB31E3
FFFB5D73
FFFDBE22
00025B27
0004A7B1
0005BEC0
FFFA597B
00003F56
0003EF2B
FFFF895C
000635E2
00061AF0
0002F29B
FFFDFDBB
00055897
00003721
0001E409
0003777C
FFFBA2AB
0001C2E9
FFF99595
FFFBFCA1
FFFDD83F
00051139
0003918B
FFFF4140
FFFF02EA
FFFC875E
FFFF07D9
00035EED
FFFFDA2E
0003DE2B
00026936
00007796
0008DD43
0001C74F
0004DC10
FFFD93F6
0004A3B3
0003D00A
000B06FF
0002A65A
FFFD96FB
FFFFDEC3
000079CA
FFF9358F
FFFD9AA8
000284F2
FFFEF4F9
FFFE8F0F
FFFC463A
FFFB893D
0001BBD7
0005463F
000084C7
00053221
00021A7B
FFFC121B
FFFCB9F0
00027849
00049D8E
FFFE9681
FFF860C4
00035E50
00013620
FFFC5257
FFFE3B1F
00038EBF
FFFA48C5
FFFFBE97
FFFD3549
0005C53B
00017BC1
0002F47E
00069DB2
FFFE9A35
00030635
FFFFC732
0002C65E
00035AB3
000357B8
0001968E
FFFC5C36
000043D0
FFFF5665
0003C23E
0006013D
FFFEF048
FFFDF14F
FFFECF66
0004744D
000106EF
00023022
FFFF2C0E
FFFC7A51
0001B7FB
FFFBA7F2
000044D8
FFFC0EC3
FFFD2E3F
FFFCDB4A
0002A3C8
0004878C
00062291
0001D839
FFFC1B52
FFFFE6F8
0006AF3B
0003C037
00020FC7
000742BE
0003827B
0002D060
00005190
0001E9F0
FFFF4511
FFFD078E
00004BB3
00037A94
FFFF4475
FFFFD3AE
FFFB560A
FFFEE1E8
FFFB10D8
0003B4CF
FFFE10B8
000435B5
00008070
0000AAFE
0003E7A7
FFFC9541
FFFFD7D1
0005771E
FFFF87D7
00032326
0004862E
FFFF0EF4
FFFF1027
FFFE312A
0001DEEF
FFFD44B9
FFFC0A05
FFFC0945
FFFFF98D
FFFDC96B
0003975E
FFFE9EFB
0002997F
FFFCC5AC
FFFD8CCE
0003F2F8
FFFB2E04
FFFA51A6
FFFFC881
FFFC0D2F
FFF7FEBD
0001AE32
FFFBAF33
00019422
FFFBAD3E
0000686C
0004A1F7
FFFC2381
0001CE7C
0004668C
0003B0B2
00028DBB
0004DE2B
000272C7
FFFA72C7
FFFD364C
00043CA4
000636CA
FFFC3C60
0004470B
FFFDC10B
000657CB
FFFBE815
00051262
FFFE0E97
0002F188
000274C1
00056FCC
FFFD54D1
00069299
00044F09
FFFC7C97
FFFD9D24
0008C0B5
00041200
00029526
FFFF3B43
FFFF1D55
FFFCC40D
0008D74F
0004081D
FFF9AD9A
FFF7BC21
FFF7DF0C
0000DF10
00056C22
FFF86835
FFFF6A88
0004B911
0003B5E5
FFF8B841
00026A08
FFFC56FE
FFF947A5
FFFFFBE6
FFF8BD36
FFFE8E25
FFFD67FD
FFF98894
FFFBB1D8
000092FD
0002FC44
0002BFDE
FFFABF32
0000FAD5
00005118
FFFCE977
00021F37
FFFCBD91
FFF903BD
FFF70DD3
00082645
FFFF094C
000151B4
FFFF8496
0005EFDF
00017104
FFFBCABA
FFFDAED4
FFF7F7B8
FFFCFD2A
FFF57E3A
00048319
FFF5C538
FFF96A76
FFF83E24
FFFEED38
00029FA9
FFFADABB
0008F01F
0002FC70
00097F05
000343F7
00094E4F
0007AE8F
FFFE833C
FFF7EC9C
FFFC5103
0007D7A6
0002C6AA
00017E54
FFFE59A0
0005BE97
00031595
00028A0A
FFFD91B4
FFFF0EEE
00038C3E
FFFF63B9
FFFFA48D
0005CFAE
000341A9
00048330
00047F1B
FFFD703A
00013B2A
0002A025
00006CBC
0006DA01
FFFF85C8
0006F648
FFF9E68A
FFFDFA4D
00093585
0004FE47
FFFD2024
FFFF127A
000131A1
0004EDA3
00028A4C
FFF90E00
FFFC2AC8
FFFEA946
00004BE7
FFF9A1A7
FFFC6B95
FFFBEC6E
000612C7
0005E238
FFFE7A98
FFF649F6
FFFBC365
FFF7469C
FFFD1960
FFFCB8F7
FFF78096
000490FA
FFFBA50F
FFF94AE4
FFFD258A
FFF98FD2
0008CBC2
00063CC8
0006AE14
0000F095
000904DA
000266C1
FFFD8C49
FFF7666D
FFFE4623
00007FF1
000110DB
FFFC9FB9
FFFCC34B
0001857A
FFF9EE55
FFFEDDCC
00026BDC
00033324
00002940
000323D7
FFFD30D2
FFFBD87D
FFF5C03F
0000D23F
FFF950BD
FFFDE803
FFF94BE1
FFFF4004
0004462E
00074BF5
FFFF8552
0004E4C8
FFFC403E
00044C9E
FFFF7A3F
FFF95244
FFFB9D43
FFFFC24C
0008E3AE
00019964
000615F6
FFF40DE5
00008508
FFFA30C5
FFFDFD22
00031D7A
00006E46
000B1458
FFFA0A72
0003974F
FFFA13E3
00088508
FFFC24DF
FFFEE984
00082411
FFFF0CA7
FFFF16ED
0007B1DC
000C85F5
00014369
000423DD
0001A33F
FFFF1B88
00039433
000519F4
FFFFC58D
FFFA1880
FFFB71B0
FFFDA209
000599B7
FFF99DBF
FFF3C316
FFF9E731
00008C0E
0006100F
0002F8E7
FFFD1FF9
FFF74DCF
00040820
FFFCC491
0000D2E1
FFFFB0FF
FFFB3819
000146E0
00060197
FFF5D872
FFF8B587
FFF9A166
FFFD7BBD
FFF8810E
FFF826F8
FFFD780F
00023DAE
0005D7F1
FFFC497A
FFFFEC46
FFF664A0
0004E849
FFFD97A0
0001673A
000A377A
0003512B
0008074F
FFFDCEF6
FFFF1783
000384EB
FFFC22AE
FFFEE552
00034BB8
0006A406
0009575A
FFFF0FE9
00060100
FFFDBC35
FFFC3B89
FFFC2A21
00045A92
00081D32
00077A25
FFFD2986
FFF6F737
0006B3F2
0006B213
0000F63F
00059CD0
FFFC2476
00067D11
FFFC3918
00008D14
0002202F
FFFB62F3
FFF971B2
FFF9080D
FFFD3D55
FFFECA53
00022E67
FFF51BCD
FFFFE1C6
FFFC014C
0001D9E7
0003CD76
FFFFB354
FFF96381
FFFBAC4B
000100A1
FFFFB35D
FFFB48A2
FFFD5355
FFFE9659
0001790B
FFF9BE60
000551E3
00073773
FFFDEC64
FFFA729F
00018FA6
00011287
000989B2
000178D7
FFFCC8F5
0005BC5C
FFFF34D2
000511E2
00027297
00042AE4
0003DB44
FFFEEF2A
0001E6CA
FFFDD301
FFFE3A8D
FFF95BCC
0000DC22
FFFF0DAE
FFFE4FB9
00005DF1
0001D046
0000927B
00024307
FFF73E87
FFFA3EB6
FFFAF9DF
000579F8
00016910
FFF99527
0008AD7B
0006CF67
FFFF3C4E
FFFE397A
FFFC68E5
0006F0AF
FFFB4B30
FFFDDB4D
00006914
000080D0
0005A6BA
00056E3A
FFF8460A
0002B39E
0006F4BC
0000B5FC
0002F12A
FFFD6CA9
000057E4
0004893A
FFFD9C02
0001B912
00044E38
00091799
FFFFAB65
0007A972
0000AA71
0003B3EB
000098F6
FFFFB43E
FFFB757C
FFFBE78A
00000950
0001A2CE
0001E749
0004BCE9
FFF6D128
FFFC27E8
00022629
FFFC3CF3
FFFB6568
FFF6C565
0001C73E
FFF90E41
0005440A
FFF8D223
FFFD192B
FFFF8027
FFF9FC0F
FFF80FAE
FFFE8DE4
0004B684
000692E5
FFF9DD32
00016535
0006EAEF
0006FD21
00026C02
FFFC493A
FFFC1971
000440CB
000971E7
00005F13
000034DC
000A37C8
000AD387
0004DE8F
FFFA80EC
FFF97380
000159AF
00076BBA
00076AF1
FFFB02B1
FFFCA376
FFFC3ACC
00016F67
FFF94EAD
FFF7A248
FFFB0B5E
FFFA5366
FFF55F2F
FFFCDDE9
FFFA5EB7
FFF9F81E
000954D2
000973E1
0001849A
FFFC302B
FFF9341B
FFFA7C4B
FFFE8FC3
00036ABA
FFF9615F
FFF9F4A4
00003886
0001527C
FFF8C95C
FFF99382
00019A49
FFFD58ED
000003D7
FFFF6325
00042B1E
0000AFE0
FFFE1746
000387BC
0005B4DB
FFFC2527
00009E1A
FFF4A5B2
000376E3
FFFE008C
FFF7A21A
FFFFA6C4
FFFE699D
00040255
FFFCD376
FFFE245F
00037493
FFF5D0B6
FFFC8C96
FFF6A7F4
FFFCFE64
0005EA7F
FFFE7106
0009DDDB
FFF9ECCF
00023415
00012F4A
00018FC4
00036D68
FFFCB8A3
00063725
00021DE8
00003B48
0004BF6F
FFF883BD
00050A1C
FFFB927B
FFFB1A9B
000492FA
FFF75687
FFF69EFA
FFF7DBED
FFFBE61B
FFFAE122
FFFFC26A
0000AA32
0000E8AA
FFF98E11
0003ABFB
FFFB2AE5
00001FC2
00010B37
FFF9334B
0002069F
FFFD9AC7
FFFFC59C
FFFE36EA
FFFD45F5
000324C8
FFFBBCBD
FFFA08C2
FFFE6568
00042B9C
FFFB1C13
0001D95E
FFFABEAB
FFFD24F8
00034532
00037369
FFFF4D81
000AD2D0
FFFE6516
FFFA7F75
0006C1B8
000045F2
000331DF
00001BCC
0003DB4C
0004D3BC
0001B009
000061C1
FFFCA0A4
00044B50
FFF957DF
0001CE79
FFF1AB05
0004D530
FFF9B6BF
0008583D
FFFB9030
FFFDBCF7
000393D8
FFFE08F2
0002659A
00038383
0008B911
FFFC2720
00047930
00004CEC
00020568
FFF66737
FFF7FB62
FFFA60AE
0004EB44
000126CC
0000C777
FFFFDA4F
FFFADABD
FFF9A22C
00009271
000037EB
00043BF4
0005E3E4
0005A997
FFFB1918
00007076
FFFAAE1F
FFF5F786
FFFF00CE
FFF94156
00024AD1
00033376
0006AF59
FFF64CF3
FFFF28F6
FFF8A3BA
FFFCB161
FFF9DBCE
0005E2D5
FFF4BEF9
0001E03A
FFF46241
00000B46
00028FC4
000587DF
FFFAC0F8
00005A6C
FFFCAF65
000150A6
0007D8B1
00028852
0008E71D
0005A5B3
FFFE466A
00039697
0002B188
FFFCF0AA
FFFEA3D0
0007167C
FFFF384F
0001D5DA
FFFF4575
FFFB1FC5
FFF8E175
0002F0E3
FFFDCECB
FFF6C204
FFFD0C13
FFF2C228
0009B647
FFFD8372
0005279F
0006B184
FFFDD219
FFFE9DC5
0000FF4D
FFFAF928
FFFC7E73
FFF8645C
FFFF4283
FFFBBB75
FFF8483D
0004D5F7
FFFCE639
FFFB1781
FFFD1BFC
00052C41
FFFD4878
FFFBCF4C
FFFE2CD1
FFFC1381
FFF873EC
000641EF
FFF8C7CC
000381C3
FFFE70A5
0001C8A2
00030930
000022FE
FFFE691C
FFFC3339
FFFBBBBD
FFFEC312
0002444D
FFFAC55B
FFFD088F
FFFAE02D
FFFD276F
FFF5BE76
FFF07E3E
FFFD15A2
00016FC1
00034E6B
00055A86
00035798
FFFE2390
FFFF8449
FFF93F90
FFFEF903
FFF88C0E
FFFE5ABF
FFFD9D6F
FFFF33C1
0002C2BF
0001797F
000030D6
FFF92B5A
FFFAAD61
000695A2
FFF850DB
FFFFA6B2
0000C9F9
FFFD89BC
0006139C
FFFAF88E
FFF0C34B
0002C7A0
0005D1F2
0006BEED
FFFAFBD4
0003C30D
FFF7E915
0005D314
FFFEF7EF
FFF74A9D
FFF39529
FFFE9FDB
0002A15F
0002D7D7
00007FB0
FFFB4D6C
FFFA345B
FFFF436F
00005860
FFF706EA
FFFC8920
FFF96089
FFFD95ED
FFF7F90D
000382E2
000926F8
0009A66D
00095499
FFFFBE07
FFF85F29
FFF72CB9
FFF6A4E9
00051180
000226E1
FFFC268E
FFFFC50D
0006CB50
00052125
0006FEA6
000AA080
FFFF4D29
FFF962AF
FFF94FE8
FFF4B60F
00032DCD
FFFA1BC0
FFFD167D
000533B2
FFF50370
00018A74
FFFBC519
0000F348
FFFFAE8E
000ACB14
0001AD7A
0004A494
FFFEF78E
FFF85670
00076388
0007A04E
000386AB
FFFF2BB0
FFFD5815
FFFFEEE7
FFFF4762
00038FB9
FFFE0B4A
FFF68FD3
00010036
FFFF08BA
FFFF5996
FFFE5BF0
FFF990CD
FFFA01C6
0000ED02
FFFC6477
000278D4
FFFF6F01
00047213
000B64D1
FFFF580D
000404DD
FFF75812
FFF88F70
000408DC
00012D7A
0008FCC0
FFF68E80
FFFB9A28
00048D68
FFF8B3B7
FFF9DEB0
FFF7F3F4
00088332
000C46CE
000426CD
FFFE1AC1
FFF229DD
0008743F
00051CBB
FFFB4A6D
00064EC3
000976C4
0004AE60
FFF969ED
0009A03E
0005537D
00054CB9
FFFF4F7A
000F87C7
000D6FC6
FFF69C2A
0005A552
00009365
000440F1
FFFB2C06
FFFF0B0E
FFFE8DA3
FFF9093A
00045610
00019DCB
FFFE3D18
FFFD6DC4
FFFB9311
00006C0F
00051D03
00020165
0006A15E
FFF5EE46
0006FF56
0002685F
FFF9F9AD
FFFB9D5A
000132D9
0003EF36
FFF8E7C8
00004DE9
FFFD6F9B
00007B36
000C1CFD
00067964
0004B7C3
FFFA0287
000291BA
0000AA0F
FFFA2328
FFFD6544
FFFC0424
FFF9F1E6
FFFEEF2E
0006776A
00037985
0009910F
000485BF
00037F4F
00037DEC
000F9966
0002F975
00042C2A
FFFCF9CA
FFFAF2AD
FFFF774A
FFF77A02
000219D0
FFFD3FBB
000AA795
00023D88
00073875
0002100B
FFF878C8
FFF8C955
000612A8
FFFBCBD4
0001C8AD
00013C47
FFFB4C86
FFF3AC9C
FFF6D5B8
FFFE0A0D
FFF70CBE
0009FB32
0003693F
FFFC997E
0008228A
FFFB2E85
FFFED88B
00036130
00019C90
0005031C
0006C303
000428E6
0001B26E
000605A1
0004E2DA
0004A79D
FFFE993B
FFFEED72
FFFFF645
FFFCB5AA
FFFCEC7B
000129B4
0001379F
0006B5B5
00048749
FFF8B227
0000FB4F
00002F7C
0002E88E
000151B2
0000EA8D
0001688F
FFF8B456
FFFA79DA
FFF6C4DC
FFF764B6
000321A0
FFFF4E74
00073B3E
00010FEF
FFF4EA81
FFF99D99
FFF2D1D1
FFFF491F
000173E3
0001D868
000CC727
FFF43A1C
FFFEB9B4
0004D8D2
FFFDC426
FFFE7D8B
0001C5E8
FFFCA5D6
FFFD7034
FFF93262
000411DA
FFFADBB1
0005CA58
FFFA33C8
00067125
000237EF
000A072E
FFFD1CF7
FFFFDBEA
0001E4C1
000116F8
00010BA3
0004E158
0000C7F0
000030DB
0003EF99
FFFED2F0
000A35EE
000882BA
00064C93
0000D4A1
0005CCF8
00003ED3
FFFFC522
00024F2C
0004330A
FFF9D671
00026A1E
00020816
00020DCB
FFF8F2ED
0001AFD7
FFFE01F0
FFF651DF
FFFBD4B5
000A7AD2
FFFDD4DF
0007673C
0005F571
000731DD
FFFC7792
FFFCFA72
FFFA6D71
00063117
0000333C
0003FF1B
FFF5C93E
0001AF58
00002011
00010D39
0000D755
FFF1E050
0007E34E
000126CD
FFFA2DE1
0001E128
0001FA8F
0002E4D1
0001027A
FFFD20A8
FFFC6A98
FFF9DE7B
00019A83
FFF65284
00009228
00053AAB
0003BCB8
FFFF6BEE
FFFFD61B
FFFCA4C9
FFFEE2A7
FFF58138
00012582
FFFB397C
FFFB12CA
00065EAC
000737FA
FFFB6828
00069AA5
00099877
0003F784
FFF7B84E
FFF91C8C
FFF6AB1B
FFFD3077
0001B1D0
00033841
FFF9DAFD
0000C6E9
0002FCDD
FFF554BF
000224EF
FFFC2180
FFFF1CD1
0003A525
000460C5
0000E218
00023060
FFFD4EB2
00094A16
0004C731
0005DAB3
0005E726
000200A4
00042677
000A1D01
0009E9F7
000075D1
00061D0A
00058DC4
00037684
000269A4
FFF9D80D
FFF8571F
FFF904B1
FFFA04A9
FFFBF09B
FFF8D95A
0002A0A0
FFF9288A
FFFF4B61
0005DC5A
0007556B
FFFCEEBB
FFF9658C
0000B34B
FFFE3C7B
FFFD8C6A
0007CF3F
00045774
0000705D
FFFFC13D
0000CDCE
00011B72
0005CF15
00004440
FFFF3EB8
FFFD2904
FFF9FA6B
000028B0
FFFCA687
000064A4
FFFDFB7F
000663CB
FFFF66B9
FFF667FE
00004F3D
FFFDA579
FFFC18B8
00049C8D
FFFEE00F
FFF90981
0001B005
00049E48
FFFD9660
00056D9E
00007175
FFFFEC0C
0004590F
FFF6E4CE
FFFABBBB
000B1210
FFFA2DB9
00050D91
FFFC86D3
FFFD4254
FFFEB971
FFFE54E9
FFF79932
FFFB35B4
000559C1
FFF86DA7
FFF710D0
00065477
FFFCAE4F
FFFCF41C
000953D3
0003E5D3
0002FEE4
00016236
00094C5E
FFF961BC
FFF577A2
FFFECA70
00070979
FFFD93D6
FFFFD439
0000D68D
FFFB5ABD
00093291
00014EA6
0004EB1D
000CDA19
00080571
00036F79
0003CD7E
000A6C43
FFF8E359
0002F4FD
00092593
00017247
FFF60C5B
000512FF
0008EAD2
000550F4
00045FA2
00060861
00058F67
00057CE5
00012A19
FFF79EBA
FFFF4032
00035EB7
0002F289
00010C0D
0006E50E
FFF0C113
FFF37374
FFFEAD52
FFFB6A4E
0005E1F4
00024C2D
FFF5147C
FFFF0E4C
FFFE5005
00000B96
0005E583
00046FCC
00072519
FFFFF8DB
0002A7E9
FFFFE0CF
0000C1DC
FFF6BFE6
0001D7E3
0007AF81
FFF8C270
FFF2E745
000465B4
0000882B
FFFC907D
0001A006
FFFAAF8A
FFFC3C40
00083C8C
FFFC799C
000DE0B9
0001AE1A
0004D8F6
FFFF78C9
00040529
FFF8A4A5
FFFE47F3
000151AD
000296C4
00103C82
000B1EE4
00088666
FFFAF18C
00051741
FFFC8E78
000549D1
FFFAEDB1
FFFB60E6
00020CF8
FFFC8303
00023CFE
FFF9DD1F
FFF60445
FFFA1C49
FFFBC896
00088F51
FFF9D7FD
FFFAB80D
FFF75FB7
0004BE83
00074185
FFFF97EB
FFFBCA72
FFFA68DA
FFFBBEC9
000118A0
FFFD4CAF
00004423
0006AEA1
00041750
FFFDAC2D
000325A2
FFFF57BB
FFFA0889
000199A3
000385A5
FFF7F6F1
00051D26
FFFF8D1A
FFFD7811
FFFFB5F7
FFF99C8E
FFFD7812
FFFD8925
0005C102
FFFBB619
000085A8
FFFA24CA
FFF96B26
FFFECE0E
FFF17AB2
0000368B
FFF642A6
00034C06
FFFAD501
FFFBDA3C
000976E9
FFFA59E4
FFF7A90F
0004DD8A
FFF96143
FFFA294F
00021A31
FFF83C4A
0005A86C
00017C51
FFFBD097
0003686A
FFFBD1CA
FFF98A7F
00072244
FFFFDC05
FFFCF82A
FFFA748F
FFFF5750
FFFEA02A
FFFF7AFD
0000541F
FFFF6A08
FFFBEF55
FFFD6116
00044158
0002C27D
FFFFC1BF
FFF42A1B
0000ED61
0010535C
0004ECDD
FFF829EB
FFF8ECCE
0006EEA5
FFFEB1FC
FFF802EE
FFFC2E60
000143ED
0005413D
FFF9750E
FFFAA3EA
FFFD2507
FFFB0CB9
FFFFF7A2
00005116
0005B93A
0006ED10
FFF9E6F5
FFFF5792
00044280
FFF60ABC
FFFEE0A7
FFFFCC43
FFFEC845
FFFA4CAE
FFFD59CA
FFFD300F
000255A4
000B07D3
0005F4CF
0007972D
000ADD1A
0000E432
00057B8E
0007863E
0004C288
FFF6F5C8
FFF8B479
000230AB
00026F5E
FFFD40CF
FFF6F2E6
FFFF0353
FFFFEF35
FFFFE73D
00045564
0002A852
FFFD3C38
FFFC49AC
00000A64
0005021B
000713B7
FFFB495C
FFF74B1E
0004BA3F
00026338
FFFFC9B7
00029143
FFF88BB6
00019A7C
FFFB31DA
FFFC3BC2
000391AC
FFF4B2DB
00003D01
FFFA3A55
0005C2FC
FFFC5DE3
FFFB5BEF
FFFFA52C
0002352E
FFFF3840
00016AE5
FFF9343C
0000D48F
00020C4F
0000BA6A
FFFC3145
FFFE6E8F
FFF83EA1
FFFD64CF
FFFDED8C
00029F57
FFFB5E1A
FFFE39AF
FFFBB6A4
FFFCB97D
FFFE3EF6
FFF5F98A
0000FFC4
FFFB5184
FFFDA759
FFFD052B
0003F033
000228B0
0001DD54
FFFAE83A
0000B8CF
FFF89864
FFF9270E
000D660C
000806BA
0003DE0A
FFF930B3
0000D7B0
0000B911
00020297
FFF9EEAA
FFFA581C
FFFE91AC
FFFF83E1
00039168
00030FF5
00055FD8
00048BCF
FFF864DE
FFFB06BE
FFF48E75
FFF87FB7
00047878
FFFB65ED
FFF6DD04
FFFA881D
00055C21
0001860F
00094BDC
FFFF22B1
000144BD
000A43F5
0003F0CA
FFFAF485
FFF6EA95
FFFCBD6F
FFFBA927
0008F231
00047390
FFFC30D2
FFF731B4
FFFA1464
00014D2F
FFF7E427
00037D6B
00011BAA
FFFA2A8C
0007D966
000D67E3
0000362E
0006E60A
FFFB02F7
FFFEF09A
FFFFC8E6
FFF7315A
00050C01
FFF82108
0006CDAC
0001AFE3
00027256
FFFF7431
FFF502DC
000789F3
FFFD5CF4
FFFD16CE
00010CAE
0002484C
0001E240
FFF956AA
00044C9D
FFFC1A5A
FFFC3A69
000C7458
00016B7A
000436F4
000922C2
00031BFD
00093B00
FFFF447D
000D95F6
FFFB93AA
FFF67216
0003CBD0
FFFE3252
00054385
FFFC0E05
FFFC98E6
0005A145
FFFAB91E
FFFE06C6
000009B1
FFFCCC1A
000CF4AB
000E9CCA
0000A74A
00003533
0008B3F0
FFFF78A3
FFFEC7F2
00056D4D
00064D96
000A90EC
0003DD05
FFFF802C
FFFB33A9
0004AD98
000738ED
FFFF9109
00013DD6
FFFA9EEE
00025A76
0001696C
FFF90914
FFFB214F
FFFA4DD5
FFFC2774
00014229
00074FF6
FFFB35F5
0001626C
0002A1B1
00030FF6
00006BE9
FFFB31C6
0007672C
FFFA3325
0007D496
FFFEE487
00042D51
FFFD92D6
FFFE93AE
00026A8C
FFFCE42D
FFFA5B1B
000112B4
00020E43
FFFC54F6
FFFA0FB2
FFFB7495
FFFBB707
0004B047
0006FFAC
0006C69C
00011C9A
0003B9AF
FFFFD736
FFFC31F7
FFFA0935
0002049C
00018CDC
FFFB1E26
0001C41C
00010D92
00011E63
0004C266
00091A84
0006AF68
0000690D
FFFE4021
FFFC6AAC
FFFBDF15
FFFDDC51
0001E58A
00030599
FFF8E5CA
FFFF767A
FFFE4242
0000D527
FFFDCFA3
FFFFE12B
0002372C
00079224
FFFC2007
00038F36
0002B495
FFFF817E
0001C5A2
00064D53
FFFF8D2C
000119ED
FFFDE22F
000EE513
FFF7B349
FFF7A657
FFFB0C01
FFF95430
FFFD96EC
FFFE4FA0
00027243
FFFE3EE5
FFFBE808
0004D13E
00019B9F
FFFE4253
00000125
FFFA28C6
FFFF90A0
FFF6F728
FFFFB1E4
000429B2
0000C669
0007B407
FFFCFA6F
FFFF8592
0000A850
FFFDA781
00023F5F
FFFD1F27
000038A4
0003B71B
FFFA6793
FFF605E0
00005263
0002B917
FFFC68F7
0003247B
0004A47F
FFFC12D1
0005D56C
000E2CDC
00021F4D
000637F2
0001DB31
00058C98
00008926
000567C2
0006DD46
FFFD223C
FFF9812D
FFFBC9A6
FFFB0E60
000342E5
00037E89
FFFD7002
00078300
FFF74841
FFFCF91D
FFF67061
00015D83
FFF5F55E
FFF9485D
FFFB787D
FFFB898B
FFFF5691
0000C87E
FFFCFB89
FFFCFB7A
0000A653
000734C7
000306EB
0001AB24
000560B7
0008A083
FFFF69D1
0005426A
FFFE9EC1
FFFD4E75
00068164
FFF88B7A
000817C0
00055F78
FFFB5E13
FFF6AEB9
FFFA878B
FFF875D9
FFFDA8DF
FFFED1B5
FFFC304B
FFFCFA41
FFF83E1E
0001192F
00023021
000578A1
0005FA91
00006B67
00044A79
0008E037
FFFD7BE3
00056200
FFFC4F3B
FFF72B5E
00054F9C
FFFB79D0
00030C28
FFFCAA2C
FFFCF950
00022F15
FFF6A9D4
FFFC2E90
FFFC0049
0000AC25
000472D4
FFFFDCD7
0002047C
FFFDAB3A
0000614B
00015D52
0005A671
FFF8B8E7
0002F5DF
0002C4A1
0000A72B
FFFC0FC3
FFF9B3D5
FFFA571F
FFFFEEA8
0006261A
FFFB233E
000293A9
0007AE63
FFFEE5B8
FFFD9AF8
00012345
FFFA462A
0009C246
FFFF6B57
0005A0D2
FFFAFEEA
0005A7EB
00031263
0002C067
FFFC98DE
00021879
FFFED1AC
FFFB2815
FFFF9642
00079ABE
00030F05
FFFE8A10
00072274
000297E3
000299D8
FFFADFF8
FFF4F4E6
FFFA53B7
FFEFEF74
FFF7F383
00082F4C
FFF69963
FFFC9FD6
FFFAED65
0003A3FC
FFFB2277
00059A04
0003B6EC
FFFC4EBD
FFFF28CD
000AB93B
000982CD
000312C6
0001C49A
0006DF53
FFFC8115
0001E857
0004A4F1
FFF85EB2
FFF63FDB
00008A50
FFFC5CF7
FFF8FEA5
00032A8F
00000010
0003A8E0
FFFAD3C8
FFFF1506
00010292
FFFAC9CF
0006F9D1
00042810
FFF2A335
000227DD
FFFAA62A
000510B7
FFFF18B9
FFFECA36
FFFAC0E9
FFFA28B5
0008D4E2
000617C2
FFFF1046
0003F8B3
FFF72116
FFFDE6F6
0000B5A9
FFFD5E5A
FFFEE4C2
FFFAB7F0
FFFFD33E
0000DAD2
FFFCA20B
FFF73FB6
00052B24
FFFC7C61
FFFF499D
00037513
FFFFF4C8
0002AE0D
000048AD
00022024
0008955D
FFFB3005
FFFD752F
0005687D
FFFF634F
FFFBBEBD
0005789D
FFF3568B
FFFC2BF9
000219EE
0003E810
0006D899
FFFED34D
00053650
FFFF7019
FFFAE0B4
FFFFDB31
FFF86BB6
FFFB8868
FFFC278C
FFFDDE32
FFFCEC0B
FFFCA909
00008D4C
FFFA3550
FFFE3931
0002253B
FFFEBBE0
0005D502
00046293
FFFEB720
00027918
000492C5
FFFFD193
FFFDB485
FFFAC2C2
FFF89434
00025538
FFFE8E96
FFFFA701
FFF70244
000462B9
FFF9C86C
0000FC08
00009688
00031EE2
FFFCCA35
00042829
0002FDC7
FFF63F37
000744D0
00021A4A
00035C40
000417FE
00040D11
00011463
00034BB0
FFFBF03F
FFFA1AC1
FFF6F3DC
00016DB4
0001BF2A
00015911
0007FAE2
00044B71
00069D57
FFFF267C
FFFB4ED4
000156EB
FFFD3EE8
0001ED31
00067377
FFFDC6AD
FFFC8567
00008366
FFF866C2
FFFCCDC3
FFFFC0B0
FFF8D8DA
00007620
00010F2C
FFFE8D0E
0001173F
00085381
FFF5D7AA
00016E72
FFF8D2EC
0003E461
00018820
FFFE7F50
000B54FC
0001D482
00057463
0005EBBB
FFFA6252
000576DB
FFF9F4C7
FFFD7B50
00002221
FFFCB70F
000AE0CF
0003C67C
0000E046
FFF72E9A
FFFD62B1
FFFC30C4
FFFE2BEF
FFFC6B4D
FFFB9CDC
00054A69
FFFF4B9C
00019ADB
00027220
FFFC1D0A
0007F2FC
FFFA3C7E
0000A4D4
FFFDA0DC
000855A4
0002E2C3
FFF82E62
FFFCACF4
FFFBFACF
FFFFDA5A
FFFAFED8
00059CD8
00040561
FFFE9ED9
0004EF91
0004B601
00012789
FFFAF904
0001441B
FFFA571E
FFFFBED1
0003A72F
00074B7E
FFFB4F64
00018AB8
FFF700A3
00026D3A
FFFE0D9A
FFFF2311
00046F98
FFFB1C18
0003D609
FFFF0DF7
FFFF82B2
FFFFF84F
FFFA9639
FFFAF4DD
FFFEDCEE
FFF7F6D4
FFFC1A1E
0001BC13
FFFD0011
00022145
FFFFF4B2
FFF796A4
FFFE724C
000366BC
00054E2C
00047350
FFFFCF22
00024BC8
00021C0A
000909CD
000155DA
FFFFB06E
FFF568AA
0000A8A3
FFFF3698
FFF8ED25
FFFAEFFD
FFF5CBCF
FFFE66DB
FFFBF9E7
FFFFD96D
00014C99
FFF3A4D0
FFFCB275
000CEDAC
FFF8811D
FFFB521B
00014162
0002848D
0000D84F
FFFA101C
FFFD52A9
FFFB9ECA
000A2EBC
0007A40E
FFFFA095
FFFBE8F8
0008A55B
00010849
FFF9AEDF
000425A5
00053960
0005E626
FFFA4151
FFFC0C59
00028EC3
00069177
FFFBA2A6
FFF5AB0D
FFFE0993
FFFE40B8
FFFF540A
0008C61B
00001618
FFFF731C
FFFE8403
FFF6F7BE
FFF99CE0
FFFC9D6B
FFFD7185
0003E93E
0005068F
FFFA571B
FFF61C78
00011892
000293C0
00009A3A
FFF4C8A4
FFFC87E3
FFFB916E
000140DC
0001C3F1
FFFFA598
FFFB71D3
00047CBC
0002ADB5
FFFB73DB
00067010
FFF9F955
FFFE18EA
FFFCBD6F
00018311
FFFCCA1A
FFFADBA4
0000AC80
FFF9A352
FFF9164C
000243EF
FFF9F66A
FFFF14B3
00002200
FFFEC567
00065CEC
FFF9E691
0004A243
FFFC2C45
000A6187
FFFD90DB
FFFB640B
FFFFC1E0
0000E409
FFF79C81
FFFDFD7B
FFFBD678
FFFACCAC
FFFDD955
FFFE8681
FFFF201E
FFFAC920
FFFEAFFC
FFF67C59
000383B4
00015D4A
00067AC3
000A1389
00013711
0002F184
0002CEC3
FFFE4937
000642F9
0009834E
FFFCA638
0006CCFA
0005C03A
FFFF25F9
00006927
0002EF38
000208C7
00075A6D
0000BB6F
00061803
00080992
0002B67E
FFFB2AB1
0001A91A
FFFF5832
FFFFC2F7
0002888C
FFFF4201
FFFC9299
FFFD1406
00050F65
FFFED9BE
FFFF3358
FFFDA51C
FFFF41FD
FFFC8A27
FFFBC461
FFFCDA92
0005E87A
FFFDB23A
FFFF7C8C
00086179
FFFB8789
FFFED7E2
FFF71433
00017B7E
FFF8EE1D
FFFF7165
FFFAC9A3
0003FACF
FFF87547
FFFDB6A0
FFF93366
0002A540
0009350E
FFFF2330
000193A2
000182A0
00051D4E
000534FE
FFFEF56A
FFFDDDE6
FFFA58CC
00071BEE
00071978
FFF76F6D
00039CD1
0002965E
FFFE6A0A
FFFB84E4
0006453D
00064C94
FFF91E13
FFFE6834
0000D8B2
FFF8F0F3
0000880C
00039B10
00032742
00006405
00016DAB
FFFE8F9A
000681D2
FFF0E5BD
FFF70770
000032D8
FFFA27A9
0004F278
FFFACCAF
00006F2D
FFFE28BF
FFFCC4B3
00088768
FFF506D2
00023D49
FFFF4F3E
0005BA20
00042E39
FFF6604D
FFF70F82
0002BF9E
FFFF6AC7
0000F906
FFFE7B3B
FFFC80EF
FFFAA3FE
0002CD5C
00032C9B
FFFBC88A
FFFC4D4B
0000F81B
000B94EC
0003BDE1
FFFEF836
FFFF8A45
0003340D
00071BC0
FFFC7C76
00005AB0
000A7ABF
FFFCF707
FFFC2520
FFFC0B0D
0006942A
FFFCC6FC
0003EBA9
FFFD9695
0004F438
FFFC7F10
000244AB
00002BAC
FFF93AB3
00000359
FFFA4561
0008BE9E
0000CE97
00019A76
00052E2F
00057808
0007AD16
000452B9
0005627E
00024D92
FFFAE862
00066CD1
FFF2958D
FFF87FED
FFFB1687
FFF4C4B5
00014361
000A67A4
FFFCED94
00026108
FFFAFA89
00038628
000A4446
FFFE221C
00086613
000497A4
FFFFA33A
FFFFD41C
FFFAA537
FFFA2D58
0004783F
FFFA552B
00065BCD
00046383
0000FBE8
FFFF77D0
FFFA10EA
0003BE80
FFFBB132
FFFEF4DC
FFFC155F
FFFC0EA1
FFFE2800
00035F57
0005C30D
FFFB297C
FFF969BA
0007F14C
FFFE32E1
0004752A
00078206
00014125
FFFD529C
000A722D
FFFAA69A
FFFA8007
00032D64
FFFBB1B8
FFFC3964
FFFAF827
00000EE6
FFFE4742
00000C09
FFFFBBDD
0000BB65
000376E2
FFFB474B
FFFAB2A6
00095FD7
0003E492
0005899F
FFFBCB3E
000237D4
00026E57
0002F062
00000B82
FFFA512B
FFFB1004
FFFF7631
000087AC
000178A4
FFFED91F
00051E63
FFF9A7F2
FFFCB8E1
FFFE8CB8
FFFF95D7
FFFD17EE
00021157
000472E9
FFFFB331
FFFF3B30
00018302
0000AE22
FFFC3B00
FFFE35A1
0003DFC8
0006732B
00031E4B
FFFC9B2E
000033E1
FFFD26DA
0004C46E
FFFAE9EB
0004980C
FFFBCB3E
FFFD222D
FFFFAD3B
000400DA
0007A80A
0008DDCE
000028E5
000A00D2
FFFF5642
FFFE9BA3
FFFD3318
000B9582
FFF9860B
00010D24
00014D93
0003EE7B
000AD73C
0007F481
FFFEE2B4
00048A45
0001B340
FFFEBC28
0005BDBE
FFFD1281
0000347B
000491B3
00040412
0004303B
FFF989CD
FFFD1929
FFF94F4D
0000D9E5
000443E1
0007B683
FFF5680F
FFFD6045
FFFFD98C
00008C75
0003919E
0000E0FD
0008115C
00099B28
0001A607
FFFFC257
00023459
000910E6
FFFEF89A
000A0FB3
FFF9D218
0006E5A0
00068C9B
FFFEF982
00048858
FFFF9051
FFFAF598
000641AE
FFF917A3
00013B2F
0003F1BE
0002B381
FFFB4673
000533F8
0000AE30
FFF7E042
000458A2
FFF5260C
00013959
0001D3D3
FFFBE78A
FFFDCDE7
FFFEC9AC
FFF870D0
0001208D
FFF9D748
FFFC9C05
0005A65A
FFFCAB11
0004C933
FFFE7FE6
FFF81B22
0005EDB6
FFF4B629
FFFCB0B7
FFFCC1E5
000410BB
FFFFBAF2
FFF6FC19
0000EF82
00007D61
FFF94195
00015D82
000308C2
FFFFA532
FFF7B3A8
FFFC7A32
0005D4A5
FFFA09A2
FFFC2591
FFF8B1BB
00030E5B
0003008C
0005ABD9
0004A549
FFFFD826
0002C6BB
FFFDCA07
FFFB9584
FFF7C455
FFFCBD95
FFFF225E
00011EE8
FFFFAEFC
000192D2
FFFDD7B3
FFFDB0D3
FFFB1BC6
000616A1
FFFE6345
FFF979CD
00077765
00066445
0004C459
FFFC4D17
FFF8FC4C
FFF6F8D0
0007D813
00098B07
FFF9ECC7
0007D7B4
00054F4B
FFF8F054
000020FD
000701AC
0002AD40
FFF9E9E2
FFFC8C11
FFFADF12
FFFE8B97
000885F1
FFFD3536
000B7B7C
0006A5FE
FFFB48AA
FFFDE6AA
FFFE0CA2
FFFD12D1
FFFCB837
FFFB6A44
00019A43
FFFBDE54
FFF728F9
0000A9C4
FFF5F1D6
0004F4A5
0009C799
0000EE97
0002698F
0000BE96
000655A3
FFFBAFC8
FFF6DDDC
FFFD40FD
000BA1C7
00006C51
FFF42EDB
0007FEBA
FFFFDB17
FFFE31AD
0009402B
FFFE2788
000B01E9
FFFB39C9
0006A09D
FFFAE743
FFFD686F
FFF64A9A
0006419D
FFF96DB0
00109F98
00046473
FFFF12C1
00008A5A
FFF8DF3D
FFFBE923
000D923A
FFF5BB35
FFFCB9AA
FFF6719D
00036A91
001162CF
00089F1E
FFFB323A
00051F71
000765BC
00017393
00086A18
0002AFF9
FFF56D95
FFF12142
0002EF5B
00110FAE
000F819A
00038521
00073A8C
FFFD0CBE
FFFA0CC9
0010453D
0000836F
FFFA612F
00091AF0
00044679
0003864A
0002790E
FFFE6943
FFF7F4E4
0005C669
00082AE4
FFFBA20B
FFF508C5
FFFD9DD8
000452EB
FFF93414
FFFAFEA8
FFF9F1FF
0003F3BE
FFFD81A3
FFFFE28A
0005A49F
0001B943
0004D1CA
FFFC4206
FFF88E40
000CD244
FFF84634
FFFCCD37
00054248
0002F04D
FFF5CB62
0001752C
00035B52
00057524
00073FC7
FFF083D7
00098C16
000F25B6
FFF85C9D
FFF7BA68
FFFF76A4
FFFA0332
FFF4E119
FFF1AFC8
0003BCFD
FFFDBD7D
FFFC9621
FFFABEC7
FFF8DA56
FFFCF5F3
FFFF5643
FFF5FEC3
FFF7E495
000C94A1
0007B9A6
000914EE
FFFE217E
00037739
0001C785
000B57B0
00016C06
FFFA8810
0002C51A
FFFF33E8
0003CDF4
0005BEB6
0007BB68
000AB5F1
FFF8F6D8
000291CB
0001CB9F
FFFBCCEC
FFFA551A
000A1025
FFF62EF4
00034EDD
FFFE9788
FFFFCA46
FFFB50A2
FFF42544
FFEB4063
FFF7F51F
FFFCBF87
0008EE38
FFFEFDC2
0008A30F
00001980
000B4F92
000B0FA6
FFFAF1F4
FFFB5ED7
FFFBB6E8
FFFEB501
FFFD839A
FFFF8E7D
FFF85E2C
FFFF2509
000413AF
00016449
0007D538
00089E06
FFFBC6A8
FFFAB13B
FFFEE2CE
00009DDF
0001A6DA
00064343
FFFD4675
0004A4DD
000415E2
00082A46
0004863F
FFFA4B19
0001744A
FFF88701
FFFA4C7A
FFFE115B
000372E7
FFFFA2DC
FFF2AC3D
FFF687AF
FFFD1387
FFF9FA45
0007DC62
FFFA01BB
0001EAE6
0004CFCA
FFFB90C9
FFFBC7A3
FFF696F0
FFFFA7FC
000906BC
00076C23
FFF6BE6F
FFF28DCC
FFFE0FF1
FFF96B7F
00012589
FFF87057
00005EBF
FFFD2BA7
FFFAA241
00003283
0003EB34
FFFB2EF1
FFFFBA75
000C853A
FFF7E153
0003FFCF
FFF87657
0007B6C7
FFFAFA67
FFFB3918
FFF90748
0001E6C2
000669A2
00025FCA
0008070D
FFFE91C9
FFFD8759
FFF592E1
000F76CC
00013823
0006F202
00080C56
FFFE70D9
000309F9
00085792
FFF7BDF2
FFF8E8EB
00075937
FFF84E00
0001B277
FFF7CE99
000704EE
FFF12562
FFF5DFD9
FFFF831E
000054F9
FFFB76EA
FFFFB04C
0000164A
00055AB6
0006C965
FFFEF930
FFFE48F1
000154AD
FFFA4B90
0004AD1D
FFFB3FBC
FFF727A6
FFFF19D0
FFF9EF20
FFFA5B5C
FFFCA7B8
000A9E2A
0003CF77
FFFF16F0
000159C8
0003EFB8
000351F2
FFFDDB53
00019866
FFFAF148
0003E5BF
00044A3A
FFFAB531
FFF96E2C
FFFD1A6D
FFFAC941
FFFBA877
FFFF0001
00045054
FFFEAFDA
FFF30F26
FFFD2BA9
FFFA657F
0002FFD2
0009EF27
00040AA8
FFF86570
0007595F
0005662C
000A2D4A
FFE8FC62
00046158
000D7D9D
FFFEA5C5
FFFB796B
0006090C
FFFE7905
FFFE7A4C
00053266
FFF962E8
FFFDB47A
FFF4674C
FFFCAFD7
FFFCDFC2
FFFDC287
000755E2
00018EE6
FFFC9192
FFF7D811
0008BF93
FFFF9EBB
FFFE4B57
000B408A
FFFAC67E
00041828
000665FB
FFFE329E
000576A3
00026561
FFFD1E70
0002CBE1
0006BC46
00006605
FFF9D6D1
00035A20
FFFA2197
FFFE457C
FFF99F0D
00057BD8
0008D3BA
FFFE93B5
0005BACA
0008CA8B
0003C43C
0000E1B6
00050585
000029F8
FFF867AA
0003D5D8
000C9ECF
0002C998
000A157D
000514E0
FFFA9478
FFF9F22F
00067EDD
00080E53
0001E9B3
FFFA24BD
0008B4F3
FFFAC0BE
0003A89D
0008445C
00014816
00078F53
00086F8E
0005375C
FFFD4E84
0002110A
FFFD97E6
FFF95441
FFF553FB
0008BF56
FFF47B2E
000AA2BD
00035EA1
FFFAE0D5
FFFEC68C
0008C6FF
FFFFD825
00007E75
FFFDFCCA
000015F3
FFFF73D1
0006751B
00022E06
0004E50C
FFFBA86D
000CB506
0000A400
FFFD0D1D
FFFB356F
FFFE2135
0003A4AE
000621F1
FFFB810D
FFFC834D
FFFA946B
0003B76A
0004AFCF
FFF90388
00086BE8
00024684
FFFB28A6
0006251F
FFFF4E90
FFFAE276
FFF61AD9
FFFD3187
000012D7
FFF71BC0
FFF4A268
000102CE
0002F8CB
0002CC0D
FFFFEF81
FFF8B630
0008AEE3
0000E959
FFF4E465
FFFCA591
FFFB365C
000525FE
FFFF0A80
FFF8775A
FFF98180
FFFECF52
FFFDBB66
FFF8BD67
00000DE3
FFFF5124
000684C1
FFFBBDAF
0001580B
00083DA4
00046E14
0006AAD7
FFFC0BD7
0005E539
0007E22B
00032616
0004EBEE
FFFEDA85
FFF8D59D
0008180D
FFF89554
000B676C
000BB098
FFFFFCD9
0001CC6B
FFFCA7EA
FFF24D85
000A07DC
00090E55
FFFF9257
FFF85E1D
FFF442ED
0003DFB6
0009404B
0005E761
FFFAA919
FFFCE26D
000100AE
000AA03C
FFFA4E8A
FFF9DD83
FFF91BF6
FFFE6B9C
FFF98FCE
0003E4F1
FFF4E31D
FFF40705
FFFFDC78
00017052
FFF72855
000518D4
0007CEFE
FFFD2D1A
00062CD6
FFF6D293
000A0814
0001D0ED
0001BA93
FFFEC2FA
00056FE6
FFFAE13D
000163F7
FFFB8DF0
00087E4F
FFFB29B2
0009F2DE
FFF95986
FFFC16E0
0005C2E1
FFFD7244
FFF2FBED
FFF73E42
FFFD9447
FFF8428D
FFEFC671
00038AB5
0005168B
FFFB6AA4
0005A1DA
0000169C
0008810E
0005B8E5
FFFE5CB4
FFF4B532
0007BADD
0000BCC1
00078905
FFF662E7
FFFD6F57
0006687A
0001DDAD
00023BD2
FFF5914C
FFFBFBAC
FFF9CE98
FFFF99AE
FFF9C9F7
FFFAB063
FFF8233C
FFFC7F5E
000FD0E7
FFF678E3
0000B559
FFFD916E
FFFC930D
FFF94B7E
FFFBCBA5
FFF7060D
FFFB1AEB
FFF8754B
FFF66773
00060C1D
00030828
FFFFDCD7
00035ED8
00047DD7
FFF7E725
00039C24
000139AF
FFFA33F5
0004FC57
FFFBAA87
0004A409
00001D9E
FFF908A2
00032E27
0000DEE8
FFFDF8CE
0003B6B5
FFFE7BE3
00053AC9
FFF99362
FFF97D6B
FFFE2BEF
FFFECFC5
00024497
FFF54739
FFF9206B
FFFF3D55
FFF9B239
FFFD49E7
FFFAF981
00036B11
FFF3A813
000065B4
FFF94895
FFFA2C8D
FFF6F2CC
FFFBE4DD
FFFFEA39
0004FE1B
00066862
FFFA66E5
000799C5
0004C229
0007473B
000C4941
0007F58A
00004503
000396AE
0003AC60
FFFB8389
000200D5
00062285
FFFFAB6B
FFFBC804
000112F0
000333A6
FFFF9C3F
FFFDE2B4
FFFD53C2
FFFB6371
FFFFF856
0000C8C6
FFFA0AFF
FFF7DF86
0006BBE2
FFF7488E
00011C04
0000667F
000323E1
FFF8AB7C
FFFCF572
FFF7E772
FFFE633F
FFFB7317
FFFE088C
00016EA4
00011FC4
0000B7CB
0001EE53
000720FB
0006C475
FFFFF2A8
0004D5F9
00037150
00075BBD
00011B15
FFFEEE52
0002F852
FFF82080
FFFDDB7E
0002C194
FFFC5088
FFFACCAF
FFF8CE47
000272DC
000783A3
FFFAD956
00006F7B
FFFF7F79
00070FE5
00057950
0000B1F8
0002D362
FFFDF850
000163C3
FFFB3864
0004D3E2
FFF88EF4
FFFD92E3
FFFF853A
00018498
00022E78
FFF788E9
FFF839CB
FFFD067E
FFF68893
000116CA
000253F8
00014750
0001C2EF
FFFDC2A7
0004E6B3
00010989
FFFC1059
FFF8F1C9
FFFF27C2
FFFF7DE8
0001E5B7
FFFFFE4B
FFFE3113
0004004A
0000B79B
FFFC65FF
FFFEC0E1
FFFDFD43
00048F18
00081FE4
000098B5
00019BD9
000231BD
0003D940
000465F2
FFFC9C2C
00000EEF
FFFE81DF
FFFF4523
0003476D
00070373
FFF7C3EF
0002D42B
00035971
00073E0D
00031784
FFFE8CDB
FFFD45F5
00086731
00012B6E
FFF7C45B
FFFC9E1D
FFF98C7E
FFF8DB79
FFFBC20F
000014A9
0000AADC
FFF8FB29
0003C932
0004029E
FFF37FB7
FFF999BF
00042075
FFF7F5AE
00047A85
00046C8C
0002A036
FFFF89DA
FFFCBBB1
000616DB
00026251
FFFCABEF
00044532
00048951
FFFA354F
00011066
000BBE81
FFFCC1DC
FFFE63C8
0007DBDE
FFFA5AC6
FFFD78BD
FFFF022A
FFFC58FA
00033D1B
FFFD914B
FFFC0B08
FFFE38C7
0006F8ED
0007062B
0000389F
FFFCA309
FFFBC1D0
00034FC9
0002F8E6
0005B87F
FFFDF16C
000271BC
FFFAF8C9
00047703
FFF981C4
00079153
00003F92
00040A85
FFFF75F1
FFFDB71D
0004BD55
FFFCFA72
FFF8F29D
00029466
FFF95BA1
00049D30
FFFE25F3
FFFEE938
FFFDF089
FFFE48B6
FFF83C4B
FFFE0F74
FFFF6369
FFFD0019
FFFCBE1B
FFFF23C7
0000E3CE
FFFB19B7
FFFE77A8
0003BA1B
0001526E
00008CBF
FFF55008
0004E295
00034DB0
00062752
FFF6CD57
FFF87A28
00041F00
FFFE3ADE
0005FC22
FFFAF073
FFF88CFE
00021979
FFFEAA63
FFFC207F
00011684
000C66A7
0007A42C
000678FE
FFFCD818
FFFF6E1F
0007444A
0001EE8E
FFFD12DB
00029C01
FFF6E277
FFF998D6
0004F8F5
0005B89A
FFF65A10
00002C48
FFFA9705
FFFCB25C
FFF6247D
00064C5A
FFFEDCAE
FFFC8490
FFF8555E
00015997
FFFE3A24
FFFD0777
0001AAA1
FFFF185B
FFF95CA3
FFFB9F83
00022532
FFF5F535
000617D0
FFFE9A2E
FFFE1585
00012503
FFFC0226
FFFD021B
00032372
FFFB26BE
FFF76D95
000326EC
FFFABD7B
00021D81
FFFE857A
FFFBF0DD
FFFE8AFF
FFFD03A4
00040F56
FFFDF350
00043B4E
000604A1
FFFA3693
00042032
0001D583
FFFC92AD
0006F7EC
FFFDFDEF
00055D76
000785FF
0007F3DA
0003D6EA
00087010
000688EC
000845D8
FFFFCCE1
FFF8B226
0003E870
0002CE23
FFF92600
FFF911D3
FFFDA305
00002C05
FFFBA5DE
FFFB904C
000089F7
FFFE0DFD
0004F5F6
FFFA705A
000144ED
00003FDB
FFFE19A3
0000474A
FFF9FA42
00021068
FFFFA784
0000E2EA
FFFBBC32
000145EA
FFFE6EB6
0008EE1A
0000528E
FFFB4650
FFFB130C
0004E032
FFF352EC
0001E860
0002A332
FFFBFD34
0001A673
0005AE06
FFFB24D9
FFFC8A6B
0005D0C0
00034CE9
00076333
0001012D
0001212E
FFF63AC3
FFFC3828
FFFBB874
FFFF7E2D
00064B53
0000FF09
0001A240
00008538
0004CE38
000259F9
00069D45
0003A478
FFFDB70C
FFFDD7FC
FFF9C352
FFFF3123
FFFDD68F
0001D316
FFFA99ED
0000123D
000557D7
00058366
FFFD3434
0006C094
FFF85A36
FFFA20B1
0002833C
000097B4
FFF775AA
FFFB509B
00017CF4
FFFF749F
000680B8
00067236
FFFE2106
FFFFB9B7
FFFE9070
FFFA1C5B
0008F26C
00096F77
FFFD1EC6
0002C32C
FFFC3371
00031094
FFF9987F
00000B20
000045A7
00016DF5
00007C33
FFF9FD20
FFFC8EBB
FFF90585
000816AB
0000301E
FFF9115C
FFFC2B55
FFFFD299
00079CEA
FFFAAC8D
0006EAB9
00003398
0007E123
00063F27
0006309E
FFFF08E3
00056202
FFFA3C81
0008B407
FFFA7DF1
FFF8EC5C
0004526C
0004ED4C
FFFFB733
00049FB4
00006F39
FFFF5131
000208D3
0000A36E
000603E8
0005244F
000C202F
0001D1BA
00088928
0009ECA1
000A9EC9
00077A4B
FFFF2426
0000A393
FFFA5BF1
0001614D
0000071B
FFF5EB8D
FFF92767
0007548F
FFFCF534
FFFE8383
FFFA6E42
FFFC8810
0003E902
FFFA4110
00052AB9
0003AF66
000528F4
0004725D
FFFBE149
FFF73620
000246D6
FFFCC794
00021D95
FFFCB9BB
00090539
FFFD8CD5
0002C26C
FFFFC5D5
FFFDEFE4
0005BE46
FFFEC462
FFFDD465
FFFC956F
00017698
FFFF953C
0005B104
FFFEE1C1
0002C70C
FFFCE0CC
FFFD24EF
FFF587F8
FFFBF11A
FFFDF3EB
FFFFE8B6
FFF98242
FFFCBF93
FFF9D79A
FFFBF8B9
0003E87D
000177BF
FFF58FDB
000358F9
FFFD11C1
0002E8E0
FFFF92DD
0000E7DE
0002D81D
0001D942
00021714
00022C8C
000506EF
00029FB7
FFFAC07E
0007B987
FFFD1B46
FFF6B804
0004B5E9
00036DB9
FFFB715E
FFFE17E8
000023E9
FFFFB73A
FFFCCB69
FFF33A3F
FFFF87BA
0004ACB1
00045B99
0004228E
FFFBF3AD
000392C0
FFFCD874
FFF8357A
FFFE29CD
0004ACD8
FFFAE3E9
0000F548
0005ADB6
00071FBC
FFFC55FA
FFFEE38C
0001E91F
FFFF49B3
FFF6A3BF
FFFF5755
FFFDE2AA
FFFFD23C
FFF4D9C5
FFF56AC9
00039DAE
FFFF3A36
FFFE4842
0006DA96
FFFC7C8D
FFFA209B
000A2EE6
FFFC39DA
FFFDC881
0004EC4A
FFFAC1D6
000D89FA
0006FE16
FFF7221F
00010049
00062F06
FFFAF3CC
0005DD68
00027CFC
00045EA8
FFFC5C5F
0002C9A9
00005224
FFF7D1EF
0000B036
FFFB547C
000488BE
FFFB8793
000819F7
00049554
0003CED7
000A1CD8
FFFD2D4F
00003A86
000573ED
00093414
0000FC11
0004C604
0002D202
000183CB
00064A35
00057E1D
00006752
00060A20
0004BAC1
000317D4
FFFF5110
FFFDA83F
FFFF8DED
0000A9CC
FFFC0EC7
FFFAC812
FFFB8FE4
FFFFDB6D
FFF8CAD6
0003C489
FFFA9A2C
00040D41
00000203
00024D37
00002DFD
FFFBC847
000BC7E5
000245F2
0000B952
FFF9B19A
0000F537
FFFAB25D
0003E210
FFFDB182
00023858
FFFBE486
FFFCB95E
FFF7504A
FFFA34B5
00004671
FFFDC8ED
FFF83FB7
FFFB6A89
FFFB8B8E
FFF5FBDC
FFFD2ACE
FFFEEF96
FFFD4632
FFFD83B3
00083BF0
0003F146
0005DE51
0003B6C6
FFFB5D87
00014E8E
FFFE1457
FFFC838A
FFF83630
0001A9D3
FFF6D8DE
FFF8C98B
00074015
FFF51FA2
00002069
FFFF98B7
00014DD3
0004D3B2
00012D6E
000237D3
00016D4F
FFFD7DA7
FFFD0C5F
000040A1
FFF99EDC
FFFFD9FE
FFFA4E6E
FFF81B69
FFFCE082
FFFE49DE
FFFA50DA
0007C75D
0001C302
FFFB5C3A
0000FE9A
0000B929
FFFBD206
00057045
FFFED783
FFFC17A3
FFF98511
FFFB09C4
FFFF52BB
FFFBBB84
FFF8BA5A
FFF8C269
FFF6A6EC
FFFF3C7E
FFFB9778
FFFD8022
000766A8
000286BF
FFFB784A
0001146E
0004749B
FFFB97BA
00039D54
000743CA
FFFF41F2
0000FFCB
00069B3B
00021948
0001E70D
FFFFA9D3
FFFF65C5
000471EE
FFFE19BD
000707E3
00034A45
FFFE0F4C
00030BDE
FFF8D956
00005A49
FFF9F549
FFF3A650
FFFFBA0C
FFF5BE84
0004ACE7
FFFDE78D
00001B96
00026549
00013CAB
FFFF419E
0002F79A
000519BF
FFFFE780
00003725
0001E914
FFFBA648
0006E953
0001142C
FFFE982D
0002885C
00013B7A
00006BE8
000210D3
FFFAC325
FFFA57CF
00026AD8
FFFC200F
FFFD664F
FFFA92E9
FFF966F3
FFFCEB6C
0005C07F
0001A597
0004B4F3
FFFB4D41
FFF9A1D1
FFFF29E6
FFFB9DE1
FFF84F0B
0002BE26
FFFA7D85
00050845
00031B5D
FFFEE5E7
FFFD1671
FFFC3C3C
FFFFA883
FFFF5C72
00016111
00040872
FFFE6FC8
FFFA0A95
0001A9D5
00047F90
FFFDB263
FFF9298F
00044607
0000A973
00031767
FFFD7437
FFFF3457
FFFD52A8
FFFD3CF1
FFFD46F9
0001E9A2
00030D20
FFFBBBAF
000353A5
FFF9423E
00007DC6
000012FD
00022D46
00014B78
00023887
00044A0D
FFFBBE79
FFFAC774
00050C21
FFFE3B7E
FFFC743E
FFFF540E
0005C9A3
FFFD4672
FFFBF861
FFFF756C
FFF9C01A
FFFC4456
00007A5E
FFFB5EE5
FFFF7909
FFFE28D2
FFFEC59A
0004BCB5
00001140
0001EB0E
FFFC5459
00006E79
0001C663
0001CFB0
0002459A
0001A5DE
000289E8
FFFE11B5
FFF9EE63
00063A4E
0006E458
FFFD8CA6
FFF9BE4B
FFFDF576
FFF85FCF
FFFA2523
00040E0B
0004BAC9
00042969
0000C830
00020F58
0003F3AB
FFFD9314
000225F9
FFFD9980
000661C3
00052FAE
00055683
0005D3FA
00072CEF
FFFBD88C
0001DF92
FFFDB625
FFFCBADC
000319FF
00008CC6
FFFE5617
0003FB07
0003E95A
0003A404
00061FC7
0000063F
00050018
FFFEC2F9
FFF99355
FFFDA418
FFF9EB69
0000AF3E
FFFE1A58
FFF7E95C
FFFDAF09
FFFE97DF
FFFB2D29
FFF986D8
FFFE4EE5
FFFE9059
FFFFCFD2
FFFF1607
FFFFAE54
FFF4F3E5
FFFB078B
FFFA4B9C
FFFBCA97
0000C794
FFFDDC56
0005BE77
00033108
FFFDC6AD
00025844
0002CB10
0003B140
00005148
FFFFEC56
0002F0E8
FFFCCFAC
0000EF81
000A06A3
0001F597
00000585
0005FDE8
FFFFD9E5
FFF8BCD1
FFFF36C8
FFF791A0
FFFB1235
FFFF6486
FFFEB817
00015734
FFFE4176
FFFCFF34
0007B28D
00009601
000124A9
0008B28C
00023130
000901F6
0004770C
FFFE11B0
000312E7
0003D726
00073525
0000F37C
00067D11
0003BD1E
FFFD0B4D
000048DF
FFFD418B
00098C13
FFFF3132
00035E71
FFFFB089
0002B3BF
FFF9D723
FFFCD3B7
FFFE1B3F
00028D9E
000236EE
00014B85
FFFFE73F
FFFCFB23
FFFB7C08
0003ACB8
00037BA7
00011B3E
00032A1E
00033192
0000016C
FFFF3AB7
00061E9C
0000D01C
000242AA
FFFEA4B6
0002C600
FFFDED18
FFFE6E46
FFFDE1FF
000567D8
0003AA32
FFFD2179
00024345
00027064
FFFAA445
FFFBC3C2
0004BC9F
00024925
FFFD8400
FFFAECB3
FFFAF56C
FFFD402B
000000AA
000385FA
000557D5
FFFC21DA
FFF91023
FFFAAD81
FFFEE17E
0004B68B
FFFFBF51
FFFBEFC1
0002A071
FFF90653
FFFB9678
FFFBD4EA
0004E8D6
FFFA2161
FFFDB7BF
0002AE81
FFFB3846
0000B42F
0001D2A0
FFFD2967
00012E7E
0003BE96
0004CF7E
00007282
0008565F
FFFEAECC
00006A43
FFFDB99E
00012457
FFFD5AB9
FFFFDED5
0001CF7B
00032665
FFFEB82D
FFFA3C16
000229EE
FFFE1805
FFFA32F2
0003CBBC
FFFA0521
0001F683
0002BBED
FFFCF683
00051962
FFFC76E6
00038052
0003C64D
FFFD569B
FFFF78E8
FFFD85F3
FFFA9F84
0003D0C7
0001C133
FFFF7689
FFFEBA74
FFFB9F47
FFF9C231
FFFC9E6E
00015FF5
00016EE6
0000FDA2
FFF97B9D
FFFCD265
FFFF9834
FFF9A08C
0002546A
FFFEA3B1
0002256D
00055FFC
0003BDD6
00034DFE
0003C78A
FFFF6F16
FFFE24BB
FFFE75C8
0007AF02
00000AC6
FFF8385D
FFFF1500
00030C2A
FFFF54C3
000556B8
FFFEDA1F
00055921
0003DBC7
FFFCA541
FFFB1440
0003D756
0005CEE3
FFFF5D21
000177ED
FFF65F28
FFFD2B9A
00027D11
0007FBA0
0005FEEA
00077E2B
000473CD
0000BC9B
00094129
0006B180
00002F24
FFFDB0A8
FFF8C2CE
0001EEB9
FFFD8882
FFFDC798
FFFFF91B
FFF5D82A
FFFF4CA9
0000E5EC
FFF8F011
FFF6D4AF
FFFFD5A7
0002162A
FFF8F92A
FFFFB430
FFFEA395
FFF85832
FFFC7221
FFF99364
FFF9BB33
00056CE7
0004EB71
00050C4F
000560F6
FFF74039
000018A4
FFFD5755
00052ACA
FFFE34A7
0002BD17
FFFF4674
FFFD61D9
0000B3F0
0000C36D
0004B870
0000F014
000696C3
00017A7D
FFFD4E5A
FFFF5908
FFFBCE37
FFFBDA23
000079AB
0001566B
0002B588
FFF96ED3
FFFD4BCF
FFFFEE2C
FFFD29A7
FFF83AA0
FFFD5EAC
000124F8
FFFB6451
FFFA9099
FFFC334E
FFFEB205
FFFA5237
FFFF9487
FFFF1B43
FFFC92D0
FFFED0EA
0004B6FA
FFF9EC60
00048459
FFFC8460
00024104
00005C45
FFF8BADF
FFFEF0A4
0005311E
FFFFE510
0007B4C9
FFFE8959
00085539
0000DF52
00084C41
0006B96B
00057633
000BA3B2
000079E4
0002B732
0005377B
0002467D
FFFE9295
FFFF414C
FFFA4353
FFF9E88E
FFF86322
FFF4DE44
FFFC06A1
FFFE78C1
FFFF4544
0001A187
FFF94817
FFF79D56
FFFBCA2D
0006F7D6
FFFB005E
FFFB6F75
FFFC48C7
FFF95B15
FFFC2E4B
0002C694
00020825
FFFE242E
FFFC600B
0002ACAF
0004A973
000432C2
0004D14B
FFFAC450
000065CD
FFF579B7
00011009
0006CBB8
FFFC99E4
FFFE9699
FFFCCB11
FFFB3904
00057398
FFFE5381
FFFF3039
00047D5A
FFFED1F7
FFFCA535
0000CE7B
0001DBF5
FFFF6C14
FFFAE10E
FFFF2384
FFF485C6
000042F4
FFFC3894
FFF7CB2A
FFFE4C1C
FFF7B6AA
00021350
000428AB
FFFE1EB9
0000C151
000AE007
00094253
00052C69
000337D5
0001700F
00077FAD
FFFE7D14
00079438
0001DD21
0004F206
0006D0A4
000DB3F2
0001B08E
FFFCB39A
FFFC9561
0008769C
FFFCD880
0000B8E3
FFFBE788
FFF7D15F
0000FAAB
00067436
00054091
000212A1
0003BDB6
0005DECE
FFFE51DA
0003E20D
0006769A
FFFD53B4
FFFF09CC
FFFF9107
0004B148
FFFD8D4D
0004B6EF
00033E01
00067E0E
0005CBB2
FFF855CA
00050F21
00056C65
00056B5D
00018C5A
0008F331
FFFA8EFA
0008F4CC
0001C945
00062AF6
FFFD72EE
FFF99E86
0004182E
FFFD281F
FFFD7255
00065C25
000333B8
0002B93F
FFFAB6C4
FFFDC1A1
00019787
000106B7
FFF94DC2
FFFC6B7E
FFF9A6F9
0007A8B0
FFF5624C
00069E7C
00066CA5
00027EF7
0003DE47
FFF2D468
0002C042
FFFEF77B
FFFE62F0
0001547B
00037A47
FFFEABBF
FFF99D04
FFF86B76
FFFEF6F9
FFFC114B
0007D81E
00030AE8
000B19A3
000BDCB0
000270B3
FFF9436D
FFFBC8D9
FFF98072
000B4555
00095288
000547E9
00037E0B
00029A9E
00020CF1
FFFCEC86
FFFB94FA
00071926
FFF8DB9B
FFFB9050
FFFC978B
FFFD5DB8
000303D0
FFFED5D8
00043D6B
00027689
0007F6A1
00016FB7
00001262
FFFBB431
FFF552C0
FFFB58BC
FFF8438B
FFFBC90A
FFFF142A
00054C9C
00037CB5
0006F92B
000475B0
FFFD6F15
FFFA85C1
0000E0C2
FFFE3647
FFF8BF2D
FFFF0664
0003CCE4
000A3C04
00003D16
000AF49C
FFFD7F90
0004F265
FFF7748B
FFFF185A
000BEA03
FFF9E535
0003B7BC
FFFF3D4E
FFFFFB12
FFFF1FC0
0002F46E
FFFDE8B1
FFFBB327
FFF8B17B
FFF91497
00034ACE
FFF9D855
FFFED202
FFFE097A
FFF8CA7E
FFF92062
000103AB
000182CC
FFEFB6A1
0000F241
FFFFB07F
00009B77
0001C453
0005DF0D
000C1167
001063DB
0003CFA9
000287F8
0001DEC9
000473EF
000F04BB
FFFDFB73
FFFCE912
00028EC8
0001024A
FFFEE8B7
000C00E9
0000BD78
0006D6E5
0006ADB9
00059754
FFFF8825
0001972F
000286BF
0001A15D
00063762
FFFC8F60
000035FC
0005DC77
FFF275F9
FFF595ED
FFFD2564
FFFB7EAF
00072A14
0006DF8A
0006564E
FFFA555B
FFFD522B
FFFC6BBE
FFFCCB7D
FFF59F68
FFF0FBE1
0000C44B
0008265D
0005AF9A
00051E8D
FFF9ED6C
00001C1C
FFFF98B3
00048989
FFFFBFA7
0000AB31
0005C12D
FFFEE84C
FFFD184B
FFFADD81
FFFF20E5
00068D36
0006CE09
FFFC193D
FFFE5FBC
0004C6CF
000AD347
FFFDBAB6
FFFB49B4
FFFEB27C
FFFD8CDF
00007198
FFFF24E3
00097CE7
0009C18A
0008EFEB
FFFD9E73
FFFCBEBF
0004FC6F
0002C8CE
00026851
00007F24
00018284
0008D64A
FFFF1C67
000539CC
00005E09
FFF899B2
FFFABBBE
00014296
FFFF43DB
FFFADC93
FFFC91F7
00028E09
0003390B
FFF7D4B9
00004941
0001E22B
000E12E5
FFFE7DD5
FFFE50A4
00047A55
FFFD0CAB
0000C49E
000811F7
FFFEF029
0008B850
FFFDBA99
0000869F
FFFEA170
FFF7B669
FFF5AC7D
0003367F
FFF96D6A
FFFC8128
00058E16
FFF792F4
0008363B
FFFED508
FFFCC439
000541A6
0003F18D
FFFC8814
0005FCE1
FFFCBD1A
FFFE64C9
0005B483
FFFEF0C0
00075EB3
0004262A
FFFFD992
0002DC79
0004788E
000561E5
0000386B
0004642D
000187EE
FFF78CFE
0001DCCB
00053179
FFFC99BA
00067B35
00005DB2
00058FFB
0001B7C2
0005C515
00068260
00066525
FFFC2EBC
FFF87B24
FFFF9817
FFF9D719
FFFB17D2
00015CDA
FFFE8041
000A6E89
FFFFCCF6
FFFC78A2
FFFE7E09
0004200D
FFFF15BD
FFFFE487
0000A6AA
00037955
FFFDA7CE
FFF5BAA9
0002D411
FFF6FC98
0003C6A1
00085D3E
0005F94D
FFFF11DE
FFFA603D
0007E188
0004DC83
00090EEF
FFFF8A2C
0006FE3F
FFF83A2E
0003A54C
FFF6E0C6
000278C4
FFFFD94F
00044734
FFFDC3F4
FFF800D9
FFFEEF33
FFFBE82A
0001FD5F
000478F0
FFF92781
000C8667
FFFEE2AA
FFFC84BB
FFF917C2
00027751
FFF92758
000691FF
FFF98E33
000202A7
FFFDF148
FFFB071F
00088353
0006A8E5
FFFF5D5B
00042362
000EEEE9
0008533D
FFFF3DA2
FFF7F3FC
FFFFAC12
FFFA98C7
FFF947AF
FFFB1D12
FFFDF669
FFFAC8CF
000653DB
00022BE1
00084913
FFFFA4CF
FFFF4388
000A59EB
FFFE2AD9
FFFC6113
000A3CE1
FFF54361
FFFAA9D8
FFFE0026
FFFB64AD
0004E341
FFF9EF7A
FFF69391
00077EE8
00048215
00044246
FFFBE626
00037D88
FFFF1DE2
FFF7AC3C
FFFBEEC5
FFFA900A
00063CBD
000099B7
FFFE2961
FFFB0934
00097260
FFFFC89C
FFFC0642
FFFC2524
FFFC2594
FFFE8A31
00052EC8
00052017
0004168A
00054B9F
00065A3C
FFFF18F9
00066FA1
FFFB4CE9
FFFBA60D
0006984B
FFFBEBC5
0002C24B
0007E194
00008BF1
0004006F
00039EA3
0003CCC7
FFF6306A
0005DDF0
FFFFD709
FFFBD0DE
FFFE9D92
00026B8B
FFF52633
FFF4CBC9
FFFB0105
0001CBD7
00081428
0002A8BA
FFF3DFAE
0004F9D9
FFFDAB9F
FFFE8398
FFFE002E
FFFE9567
00066D5B
FFF98C8D
FFFFA32E
FFF533EE
FFF90B2C
FFFB68C4
FFFBCDD2
0007C8C0
00032ADC
0006572B
0008AADC
0006530C
0003AFA4
00018C44
0003BCE9
FFFEF125
00037C12
FFFCBC23
FFF9F083
00002353
0000BD45
0003F45B
FFEB1BB8
FFF5E416
FFFFCA21
FFF709E3
000455FF
FFFA62BE
FFFF25C2
00037FD1
0006343B
000067D1
0004D9A4
00000E57
FFFA1090
0006135B
FFFE7BD3
0000D2C9
FFFCCAAE
FFF5F289
00036527
0005EF49
FFFD90D7
0000D653
FFFCD952
FFF788FC
FFF9DDC8
FFFB4F4F
00051564
0006EE64
000B56BB
FFFD7599
FFFBFA88
FFFFD84D
FFFA66EF
FFF2D977
00028E92
000054F6
00034325
000118DB
FFF80EA6
0008684B
FFFFC487
FFF5BDA1
00030E2A
FFFB1A64
00020D8D
FFFFBDAE
0000836F
FFFC6387
FFFB296D
FFFDE4EC
0004AA18
00049E93
0002B19F
000B06BE
00047867
00027204
000737BE
FFF83583
0001338B
000419B1
00049D85
00042722
00089ABE
0006036A
00074691
00078A7C
0007E0DB
000199C2
FFF9451A
FFFB5CF6
FFFC358F
00039594
0002880A
FFF748E9
000A363D
FFF95FA6
00074632
FFFAB69C
00008886
0003A862
FFFEB6A0
0005528A
0003D135
FFFFFA47
00097D1E
0008F963
FFF8D68A
FFFD43FA
FFF7063F
00021CA6
FFFBC1FA
FFF9AFEF
000243E2
FFFB1590
00008B0A
0001F4C1
00060158
FFFA7879
00055509
FFFF7DCC
00008E49
FFFFD2F4
00050692
FFFF13E1
FFFE4267
0004AB26
FFFEC101
0001EC26
FFFFEA53
FFFCB1E7
FFF8D5E1
00062E1F
FFFAA96D
0003D357
FFF7AEA2
FFFD4AC7
00043EFA
FFF8636F
FFF8992B
FFF9D8F0
0003D257
FFF92B1A
FFFF137F
0001C364
000044CF
00072C61
FFFF15A0
0008F913
0009BB9C
00073DBB
FFFD339D
00071349
FFFC9138
FFFDA048
FFFB971D
FFFCD9FE
0002A127
FFFEB86A
FFFC455E
0002E365
FFFD209E
FFF9D819
0005CA14
0002BFED
0005C562
0005B2A3
00074F12
FFFFA0C0
00043368
FFFE359E
0002472A
0005E19B
000528B6
000281EA
FFFE1622
FFF8B22F
FFFCA93A
00090AB1
0002965B
00087B14
FFFE0199
FFF87BAD
FFFB3AC1
0001C2C1
FFF8BB9A
0003977D
0004FEC9
00024D90
0002608A
FFF82961
FFFD7D7B
FFFE192F
0003E25C
FFFEE8DD
FFFEE51F
0003D80F
0001CEA7
FFFC4292
0007788B
0009F484
0008E5F3
00068040
FFFF9BBF
000072C9
00020EB3
FFFA6144
0005D618
FFFADBDF
0001D00F
FFFCD26E
0002A027
00086D58
FFFA9053
FFFBEE03
0000D592
FFF8F7C3
0000CB7C
0001EE94
FFFACFA2
FFFE3949
FFFC718B
FFFD6ACB
0000F019
FFF95D9B
FFFFFCCD
FFFEECEC
FFFF9F4A
0004C14F
0001C6D8
0002FF6A
FFFB1C42
0001BF50
FFFDF8E7
FFFE87FD
FFFE2161
FFFE5EBB
FFFCC4B9
FFFFF821
FFFD0465
FFF782B4
00030132
FFFEBD4A
FFFA8F42
FFFEE55F
000112CB
FFFD38E2
FFF80C59
000008A0
FFFA5E82
FFFFA7E9
FFFF2CEE
00002771
00031AA2
000094FE
FFFC56CD
0003BE92
FFFCE262
FFFDCF98
0007A03F
FFFC3F08
FFFDCF2B
FFFC534B
00055CF5
00094E9B
FFF842D3
00072B78
0005CD25
00003AF6
FFFA3F33
00028B6B
00047747
000BCCE0
00080637
0006A8BB
FFF564AE
FFF8FF8C
FFFD5341
0002F30D
FFFC745A
FFFD9DB5
0002D306
0002D4C6
0001D498
FFFECBDD
00053A99
0002677D
FFF6BBD2
FFF735C7
FFFF3E6B
FFFC3384
FFFFDB60
0004DEB5
FFFE91E1
0008F5D6
00057C71
FFFD8CC1
FFFB8A76
FFFCF083
FFFC5C81
FFFED222
0007693C
0005CCD2
000378C2
00066903
00051949
FFF9FA92
000724CD
00048DF3
00092319
00041589
0005DDB0
FFFFF84F
FFFBE465
FFF9B4B6
FFFD6B8D
FFFFF52C
FFFD61F4
00000366
FFFD4C67
FFFCBE63
FFF851C4
0000EBA1
FFF931E2
FFFDE049
FFFA300E
0003C078
0001EA0B
000490AA
FFFFEB7E
0000987C
FFFE7906
FFFD6C14
FFFE7257
000350D8
0004CDD5
000ABAB7
FFFC43AE
0000101F
0004B151
FFFF76CD
FFFAE605
FFFEA2A0
0004725C
0006F298
0004EDA3
FFFC2CA3
0001352C
FFFE611C
0002B041
FFFFE148
00074AEB
FFFF7ACB
FFFC1DD7
000976A7
0001EBE6
FFFF9260
000174E9
FFFBB19E
FFFEC0AF
FFFBB366
00023724
FFFF7EB0
FFFFD795
0006A3F4
000316A8
FFF7B920
FFFEDCB6
FFFFD335
FFFD61E0
000658CB
00065557
000089B9
0005CBE4
00081295
0001C167
00083F6F
FFFB51C9
00035685
00046313
FFFCC1EF
0005D3CC
000345B0
000117D9
0000B1CC
0001D748
FFFBD883
FFF8A787
FFF8A812
FFFF4D1C
00019A09
0003CA6A
00043B8C
0008A2DC
FFFDB13B
0001E08F
FFF96A65
00025C14
FFFE0A11
0001522C
000486A3
FFFC0101
FFFE2634
00017771
FFF95BB6
FFFF6934
FFFDB9B8
FFFEDA8A
0003F1E8
FFFBDD85
00071238
FFFA7A5E
FFFD52B2
0000B3D0
0007FD86
FFFE349E
0002DE09
000B5F57
FFFE9C19
FFFE585A
00057689
000487CD
FFFD97E7
00001321
000372B7
0003CBF8
0007200D
FFFE549A
FFFF2F76
0004E826
00005D5F
FFF84F73
00007579
FFFA7D5F
00017B2B
FFFF7DC5
FFFDDD41
00017546
FFFB50F4
FFF75B00
FFFBA481
FFFF70E1
FFFA2CD8
FFFFC958
0002F00B
0005EB51
0005EF2F
FFF868E6
0004E79C
00029CEB
00038D1E
FFFCCF09
FFFA1DD3
0007EE0F
FFFF6BA3
0003236D
FFF929EA
00035D29
00030E59
FFFBD4B3
FFFBA5A2
FFFD7DB2
FFF9F201
FFFD1DE0
0000E9EB
0001AB40
FFFC73D4
000314AE
00042EC8
FFFF211B
FFFC8A8D
FFF903EB
FFFA7F00
00040B3D
FFFBB312
FFFC7597
FFFE8559
FFFDC0E8
0000681B
0004DFDE
FFFECD47
FFFB3321
FFFEA521
0003CD80
FFF9CD5C
FFFF82EA
FFFE6D28
FFFF12F3
FFFC861F
FFF601BB
FFFB7586
0001ACF3
0002735C
FFFDDC24
FFFEEDAC
FFFBEE78
FFF6B6FB
0001E8E6
FFFF047C
FFFB76F6
000055AF
FFFC8031
FFFEC320
FFFCF3A1
FFFC5CAB
FFFBFE50
0008C47E
FFFFD4EB
0000D0CC
FFFF0A2D
FFFC181E
0005FE27
FFF8C251
0005F715
0002509C
FFFE09C5
FFFF75F1
FFF59978
FFFF8574
FFFB976D
FFFAB745
FFFFE85E
FFF87117
FFFB6AE3
FFFF4966
00034598
FFFCDAC8
FFFE0150
FFFE5D8B
FFFBD79C
FFFEC459
00056F77
00027F37
00055347
000514FE
00050F3C
FFFC6C93
00015EFF
FFFEEEE0
FFFF9C4F
0000C59F
FFFEA54F
FFFB32B3
00040AC5
FFF9195F
FFFAC693
00040A7C
0001319E
FFF9FA3D
0005AE79
00037283
00049006
FFFDE1C8
FFFD3BFB
FFF9745B
000691B6
FFFCCA25
0006C82C
FFFF5E8E
0004BCE3
0005452B
FFFC760E
FFFFD264
FFFBC41B
0001351F
0002239A
FFFEC0CE
000192D6
000AE035
FFFC9A0B
FFFEDB7A
0006F160
000070E4
FFFF92FA
FFFCBDAA
FFFBAFC0
FFF9543F
0005223B
FFFFAB0F
0000D669
FFFBFA8F
00011090
FFFC6FB5
FFFE38CA
FFF8B097
FFFE0ADB
FFF7E3CB
FFFF9B1D
FFFDD823
FFFD45C4
0001E716
000201B3
FFFB90DA
00078512
00054D41
FFFF5544
FFFA8A5D
FFF267AB
FFFC5AEC
000802FB
000241CC
00037D04
000032D2
0002D05F
00047DEE
0000DB31
00055330
00094AB6
0001ECEC
00044D10
FFFBE1AD
0001BBE3
00059C8B
00007279
FFFB3986
FFFEB61B
0000BE8D
0001FD58
FFFED679
FFFD71ED
0000AA68
00067EBA
FFFB2ADA
00016862
000E8DFB
0006231D
00014D91
0002A316
00044A2F
000A9C4F
00013A67
000418C5
0003F183
FFFC1172
0001F6E3
FFFD4296
00006FFC
FFFD5C05
FFFF27D5
FFFD5EE7
0001AB0B
00001F55
FFF69FE5
00045F0A
FFFF0202
FFFDC62B
0003FDFC
0001ACD0
000919B9
0003E0BF
00037582
FFFBA40E
000288B6
FFFAF8F7
0008FC5B
FFFE514B
FFFBB173
FFF6DFA3
FFFBF430
FFFEFB28
00035E9F
0004310B
FFFB68F2
0004643C
FFFB9B40
FFFF6A3A
0001A6EC
0006BB8C
FFFCF799
FFFCC3A5
FFFDCFA3
FFFD3D2D
00091CC4
FFFE7A43
FFFD092E
FFFF3CDE
00059252
00070FCE
0001CFAA
00005EB6
00005BD2
00050A5B
0005859E
FFFD187B
FFFF4D7E
0005C2CE
FFFC61BA
FFFB1D0D
0002585F
0004FE0D
FFFB0D45
0006828B
000B2EF4
FFFE9AE4
0007ECA9
0003AAED
FFFB26E9
000A22E3
0000582D
00071192
0005A3BA
FFFE70B6
FFFF5773
00080A9B
000573E1
FFFBB1BF
FFFDEC22
0006A93C
FFFFCCC4
0000D203
FFF7EF7A
FFF4D46D
FFF71342
00030FC1
FFF6F21A
FFFD7028
FFFB726C
FFF773A7
FFFE678C
FFFF9F8E
00024327
FFF6DF27
0003E61E
FFF7256C
FFFAD8B9
FFFB1917
FFFF8A77
FFFDA45E
00055000
00088A0A
00032F27
000A5028
FFF95CE1
000A599D
FFFD3242
00094DC1
0005EA41
00037B7C
0006A0A9
FFFC8CCB
FFFF6FA0
0003BB6F
FFFD3C33
00059A62
000473FF
00078B1F
FFFF8FB3
FFFFCB79
FFF8BA54
FFFB968D
FFFA28BB
FFFFA590
FFF6AEFD
FFF960EB
00033000
FFF3D3AD
FFFDF28A
FFFA4E28
0004E6F0
0006DAAE
0001056D
FFFEBEE1
00075B1F
00057CE1
FFFA38A1
0009F5BA
FFFAF3F8
FFFC11DB
FFFD3387
FFFA5693
FFFC5735
00025522
FFFDF0A6
FFFDE1B1
FFF680AC
FFFDB129
00042414
FFFCA9C3
0000FE1A
FFFB5696
FFF908E1
0003A033
FFF82DAE
FFFCC313
0002EDEB
FFFD7BDB
FFFE84F6
0000F007
0000E1DD
FFFD2E0D
00099419
FFFD26AE
FFF715F8
0004D3A4
0001188D
FFFAAC97
FFF5CD4C
FFFEC7A8
FFF8E348
FFFD2D4A
FFF7450B
FFF75C6F
FFFD73DC
FFF7A09A
000C5411
0004DB99
FFF62E98
FFFB3992
FFFD840C
00038595
0005163E
FFFF1F04
FFFE42AC
FFFAD66A
000993D3
00013BC8
FFFD85EF
000730E3
FFFF0DF4
FFF33530
FFF5A699
0004F38E
00011F61
FFFB4F36
00010AF1
0001C617
FFFB076A
00006B82
FFFDB3C5
FFFEB2E3
000B8472
000C61C7
FFFE3B3E
FFFFBC6D
FFFCAF03
FFF9BE45
FFFBD66D
FFFCEB9F
FFFA8209
FFFFD8A8
FFFD7575
FFF8568A
0001B3F3
FFF908CD
FFF9CD71
FFF89D06
0000B642
000110C2
000164BD
FFF899E4
00027749
00007B7D
FFFF8AF5
0001069C
FFFB3110
FFFEF7FF
0004A173
FFF9EF3B
0005AE3D
FFFBBA5C
00030DFA
FFFCB187
FFFA1B6E
00038B29
00064892
0001E948
000739AC
FFFAA580
00035446
FFFB4CD5
FFF8D85C
FFFBF6EB
00036C66
FFFE42B4
FFFC5507
FFF88A77
FFFECFC4
FFFCD2DE
0000355F
FFFC7632
0003A6BD
FFF82DA4
000520A9
0004E7F6
00013607
0002E0BE
FFFF0504
0004C9C5
0004A841
0004E73B
00000168
0006CC0C
00001A83
FFFDA51F
000AAC6E
0005B4B2
0004E7A1
0001D50E
FFFDB62C
0005826D
000A649D
000848F7
FFFDFB04
FFFEBAA8
0000E5EA
FFFBC4E6
00096818
0000D28C
00044758
FFFC0D43
FFF9BCBE
0009078D
00028A30
0000CA2A
0000F08D
FFF77674
00038757
FFFE7B62
FFFBA45A
FFFEC9A9
0003CFC2
FFFE8B34
0003F765
0000A0E6
FFFB909E
0007F28F
FFFFBC98
FFFBF461
FFFE97A5
00068B55
FFF8FE35
FFF9DB5C
FFFA8C34
FFFBC90C
0007BE61
FFF6EBB2
0003114B
FFF92FEA
FFF74925
FFFDB1C2
0004204C
FFF72B95
0001E127
FFF7F684
FFFECB43
0004294D
00084709
00070620
FFFD44B5
00037BF8
0006E86E
0003780B
0006227A
FFFF5968
0002015C
FFFE2AE4
FFFFFFCD
0000F720
FFEC747F
FFF32050
FFFF8B5A
FFF9BE25
FFFD9800
00028F4E
FFFD6948
FFF2C575
0001773E
FFFE7BF9
FFFF6122
FFFAB562
FFF6841A
FFF8B1A4
0002808B
FFFE4F02
FFFCE78D
FFFAFEDA
00088663
FFFDCF93
FFFED3F0
FFFDF7BB
00076776
FFFECC05
00020084
0001B0A4
0003293C
FFFB6147
0005E1BF
FFFAC22D
FFFC5E45
0006D6C3
0003AD54
000857E1
0007534C
FFF3ACB3
00017B0C
000955DB
FFFC0B41
0000CEA9
000865C5
FFFE9EF6
00085FB7
FFFAB634
0004FE58
00034897
00019510
0006A240
FFFF7A38
0005F45E
0000C9ED
00064894
000B7502
FFFF5CBB
0003A93C
000268FE
00021CF5
000933AF
000217FC
0000A12D
FFFD67F5
FFF8BB71
0004D7BC
0006849E
FFFC5582
FFF90CF8
FFFCFD48
FFFB9982
00021AC7
0004830C
000D19E0
0001D961
0006F1C8
00089D00
00093D93
FFFEFB9C
FFFDD2FD
0001D9FC
FFFDCF97
0001E483
000B2633
0008727B
00025F15
FFFB80DA
00085651
FFFBBD2A
00001EAB
00093AD2
000549FE
0001B599
00076C65
0000C66B
000613CD
00069943
FFFBBD66
FFFD8A74
0002AA56
00067C12
0000A1A3
0005DFB7
000486EC
000689A9
0005FBFE
FFFDEDA8
00034933
FFFF06B7
FFFE6F3A
0008CB05
0000DE47
00007FFF
FFF99713
000724D1
FFFC8338
00099339
FFFBB7E3
00033D0D
FFF88C3D
FFFF1F2B
00045621
00080072
FFFA8005
FFFE48AA
0007F35F
0006F95D
0004FD6A
000AFFF4
FFFEFB0F
FFFF9A9E
000600F1
FFFF4318
0000D8E8
0000C62B
FFFC1ADF
0000E130
0007EE2F
FFF8582E
FFFE55E8
0004B958
00008175
0001461F
000A3449
FFFC7348
FFFF8621
00011C1F
0001E8FE
000011F1
00063610
0005F95D
00042594
FFFAE4F4
0005A520
FFF8FAC1
FFFAA3BF
FFFA889B
00054B6B
00036F70
FFFF9D43
00023C50
FFFCCFC5
FFFD2FFF
0003F63C
FFFCC513
FFFAAA86
FFFCB46A
FFFCFC3C
00061813
FFF7C3BE
FFF909A8
0008B852
00032660
0008F39C
FFF673F8
FFFC844B
FFFB40BA
FFFCF5CB
0000C2E4
0006CCF0
00096D25
0000121D
0009FB91
000335BB
0007D947
FFFC2ECF
000AD0FB
00028755
FFFF1D23
FFFA6420
0000C3C9
00076A28
0000AF3B
0001745C
00001BAC
FFFD53EA
00010552
FFFE5F4E
0002AC8D
0000A5A1
FFFFD061
FFF9E607
FFFAB3B4
0003C01D
FFF863F7
00068DE7
0000788F
00023706
00070F78
FFF9BD48
FFFF2E84
FFFB2995
00043DB0
FFF8D9EE
0004596E
FFFE6602
00053B60
FFFCCADF
FFF6DE18
00002403
FFFD2641
FFFDC3A1
FFFBF31C
FFF7BC1C
00024AD5
FFF883EC
FFFDD9F8
0005E97A
FFFA8E33
00021331
FFFE7D8E
FFF91ECC
00035CF8
FFFDAA4F
0004A6BC
FFF617AB
00045F11
FFFE376F
FFFC542B
FFFC0DB7
00017997
FFFFEF00
00074A5F
000C4C7F
0006D90E
0006584E
000356B7
000BF29A
0001B501
00013D8D
FFF4151B
0005B22B
0004DE21
00043072
00001407
00031A47
00039F2E
FFFFFEAC
FFFFC4B5
000006C9
0002CBAB
FFFE103B
0001AA6C
00007AA6
FFF3C99A
FFFD426B
00010BB3
0006855A
0006A6C5
FFF1F3EB
00031BEC
0000DF78
FFFC7AAD
FFFBED9F
0002EF34
00037C86
FFFEEF65
FFFC5DA5
0004B2DA
FFFC8BFA
FFFD8E70
00033352
FFF94479
00050D90
FFF99C29
FFFFF478
00023D67
FFF474FC
000A0620
000F8FFA
FFF99AA7
FFFA9A7C
00075D16
00065385
0005354C
FFFF5F52
FFF44E5F
FFFDE5C0
00056EED
FFFFBE90
FFF2809A
FFFA665D
0003A4ED
FFFD6D9E
0004C3C2
000467BE
FFFE9A35
000084B3
FFF9A680
FFFC3091
0004B98B
FFFBF4AD
0000A140
FFFD6F03
FFFD2979
FFF9941C
FFFEF578
0004289D
FFFEE480
0001372C
FFFE21DC
00008481
FFFD6460
FFFC6679
FFFB2429
000666AF
FFFA764D
0001B5CE
0004A4E0
FFFA2BAC
00051262
00005087
FFFBA9D0
000245B9
0001EA5D
FFF8429F
FFF87AB4
FFFBAD6B
FFFC95DD
0002CB03
FFFD6E34
000012AD
FFFF1A9C
FFF8A6C5
FFFF9E51
FFFDD997
0005A975
0006FA1F
FFFFAE1D
FFFEAA46
00038FCE
FFFC18CE
FFFCCBDA
000239CF
FFF9CE0B
FFFCCC3A
0003ECE3
000246C7
FFFDE81E
00068231
00028006
00050DC1
FFFC5180
FFFEDE3C
00053C4C
FFFAA627
FFFC20F2
0001FA8C
FFFD59B4
0001BDF2
FFFBDE58
FFFF0611
FFFE3E86
FFF7E6E3
FFF6E712
FFFB9F17
FFF9F0E7
0005A45D
0001145D
00082FEE
0001FA99
FFFE8F09
000AD020
FFFE4AD9
FFFF98C5
FFF9F893
FFFCE329
FFFE9DD0
FFF988AB
FFFE2A84
FFF7D9F3
00013646
0000338D
FFFE9341
FFFDBFBC
FFFC1523
0000DB93
FFFF483A
FFFFBD6C
FFFFB01A
00014ACF
0004552B
FFFF97AE
0005A390
FFFE0345
00052288
0000B227
FFFDAE50
0003ED69
FFFF8BF0
FFFE0E71
00009219
00024B98
00035688
FFFA158D
FFFE2571
00016CF7
FFFC1B6E
00024130
FFF9EB40
FFFE23D4
FFFADD9E
FFF820C7
FFFE7FFB
00033D5E
FFFBF851
FFFF789E
00063C81
000048E5
0001A1A5
0002046C
00061AF9
0008C2D4
0002A6B4
0002F8FA
FFFAF1DD
000257FA
FFFCCC35
FFFFDE1B
FFFDCA9F
0003B7FC
00040308
00010DF2
0008D394
000866F9
FFFFC753
00044F1C
0006A151
000106F3
000305A6
0002E0AE
FFFE7C80
FFFE8B06
FFFF45D1
FFF860FB
00021D3E
0001EA30
FFFE9360
0000871C
FFFF1C6F
FFFE786D
000093C0
FFF2390C
000548A0
FFFDB42A
FFFDD9EE
FFFE4C6F
FFFF47E3
FFF7B277
FFF94105
00005F6F
FFFE10D9
00021F57
FFF96925
FFFD4BEC
FFF840BC
FFF8E230
FFFB0E02
FFFD4EAE
FFFFC2B1
FFFF5352
FFFCCF1B
FFFED2E8
00025E34
FFFF4188
00002A7E
FFFED808
00005263
FFFCF1E9
FFFEDB45
FFFFE5FC
0005DE41
000532E7
000988C0
0004A04B
0002E7EC
0000B7D3
FFFE596B
0001600A
FFFEAB42
FFFC871C
00046C53
0002A448
0004D923
0001DECD
00017221
000605AC
00053321
0005D85B
000246A0
0002400B
00062C6A
0004E72B
0001A339
FFFBC7A3
FFFCFC44
0004E602
FFFC09C9
00027D34
00062413
FFFE1C26
FFFF2C60
FFFC650F
0007C16E
FFFBBF4E
FFFCB1FF
00072EFC
FFFF47B8
00048BA8
FFFA73E3
FFF9A374
FFFAD85C
00009184
FFFCC6FE
FFFF7AB1
000473E7
000694E8
00041CAF
FFFAEE7D
FFFB80FC
FFFC4118
0000A957
FFFB35FB
00051190
FFFD1678
FFFFF630
00010098
000142D1
0000A1AF
FFFE685B
000090ED
FFFFD4B5
FFFC586E
00016BB1
FFFD35C6
0000BEDD
FFFEAF3B
FFFE8929
FFFE2B63
00002303
00064C45
FFF99376
00041711
00020C00
FFFA426F
FFFBE2F4
FFFFB1EA
FFF9A68A
000257BF
FFF6EC30
FFFEA3C0
FFFEB71B
00031E99
0000C722
FFFE739A
0004E92A
FFFAFD9C
FFFF420B
FFFD226A
FFFB611D
FFFB81E1
00001DCA
FFFD4AA1
00028810
FFF89F90
FFFD07A9
FFFCA936
FFF75E03
FFFEC07A
FFFCF6EE
FFFE182C
FFFB9AD6
FFF9FEC0
0001B534
0000B965
00015939
FFF9CA96
FFFA3555
0002043E
FFF8EEBD
FFF97B21
0002DC25
000211D6
0000D37D
FFF9A8FA
000140A1
FFFDBD24
FFFAE376
000364FF
00045426
00025BAC
000558D8
0001AA8B
00040770
00052638
00001468
00032857
FFFDED67
0001E603
0005512A
FFF9D1BA
FFFE7650
FFFE64C0
0005998D
00023DF3
FFF8AA7C
FFFDCCC3
0004870E
0000F3A5
0001221F
00004885
0001E014
0000E254
FFFCA918
0006DAB5
0006E0EE
000075CA
FFFE1ABE
FFFB9AEB
0000C4D1
000620B9
FFFDC920
0002BDCD
0002BFB6
FFFFA46F
00025312
FFFEB014
00043859
FFFC0914
0000A45E
0001DA82
00001B0C
00073D2C
000316A7
0003AF89
000044CB
00047F98
00013BF4
FFFE888F
FFF9A3E5
FFFB6CD7
FFFC5405
0005D8DD
0000571B
0003C411
000383E2
0001B403
FFFF04BC
FFFF45B5
00007D2E
00032270
FFFFC600
FFFFB934
000052DD
FFFD7FED
FFFEA470
FFFE7EA6
FFFF6335
FFFF5DBF
FFFD0EEF
00002B6D
FFFA20DA
0000C141
0001992B
0004BAC9
FFFF28A6
FFFBD3DF
FFFD4B13
FFFB1C3A
FFFA6C40
FFFCEBDB
FFFCB5A0
0007CCA6
FFFF6215
000207E4
0001B835
FFFEE4B2
00001481
0004B3F6
FFFB6102
FFFD1CED
00015D58
00002053
FFFEFFE6
00000E20
FFF8EB14
FFFD0F7E
00024537
FFFDE9B2
0002D2FF
FFFF2527
000670E2
00059A61
00028C9A
00054B1F
0001F911
FFFF7704
0005DB03
0001FCE7
0000A591
00005DC4
0000084D
00048B04
00056DAE
0002D859
FFFFB1B2
000033D2
00044DB7
FFFCAF46
FFFCCF9E
FFFFD056
00059EAF
00046010
FFFB9939
FFFBE23A
00028859
FFFCE09B
00019C1A
000165A3
FFFAD99B
0002BC69
FFFF7575
FFFD2D3A
0000C941
0002271A
00033D5B
FFFC72AB
FFFE4949
FFFEEB06
00017910
FFF9E4FA
FFFA0750
FFFCB973
FFFD520A
FFFCF508
FFFDD4B0
FFFD7068
0004B5CC
FFFAB47A
FFFDF818
00028B77
FFFB406C
0002FA14
000203CD
0000526D
0006C1E8
000326F2
000568E7
FFFDBEA4
00051490
0001E8B2
00006FC4
FFFF2F2E
FFFF584D
0004190F
FFFDC791
0000BCAD
00076865
FFF98344
FFFE371D
FFFF1351
FFFE4D44
FFFC02D0
FFFDB62A
0005B5C5
FFFD03E0
00035B77
00056E32
0003F714
FFFE9EB8
FFFF1A9B
00083012
0001CD09
FFF96464
000244D0
000359D7
00031B67
FFFA3F2D
FFF9D2E4
0004C1C7
FFFE762B
FFF8D642
0002ADB9
FFFB09C5
00012150
FFFDA944
FFFA5A57
FFFA6EA0
FFF793CD
FFF96785
0006746D
00025C9E
0002FE01
FFFA81E2
0000C627
FFFDE80B
FFFBDD8F
00017095
000487E1
0004684C
0004A6BC
FFFC5049
FFFD8527
FFFE9E26
000111B3
FFFF9D47
00028A68
FFFF50B5
FFFCE806
FFFE9DC4
00015F10
FFFCB41E
00080CA2
0001C93E
000418B0
FFFE2F26
00063311
FFFECC37
000502EB
FFF9D222
0000D5EC
00014590
FFF3D58C
00045ABA
0006E291
00076A7E
000291D1
00059C3C
000202D4
000498BF
FFFF8FAE
FFF9693A
00035393
0001432D
FFFD5A76
FFFE8FBA
FFFC97DB
FFFC83AB
FFFE2CE3
000414C8
0002D4A0
FFFD7C72
00046561
00093572
00048194
FFFE984E
000789E6
00092D39
FFFF5FA6
0008E291
00019124
FFFC2181
FFFD17AC
0006C870
00056975
00052545
FFFF526E
FFFEE729
0005155E
FFFF0C22
FFFC3628
00042F60
0003C2CF
0004B5F4
00037C94
FFF8AA5C
0001B775
00043DF0
FFF80CA3
FFFC73D3
00011FAB
0007F62D
FFFBF313
FFF306A8
FFFCC58D
FFFDF529
FFFAA1AC
0003C3AF
FFFD425B
FFFAA4EA
00045BEF
00031A20
FFF3D0C9
000532FD
FFF94F47
FFFFB356
FFFDDDA9
FFFCA513
0005389C
FFFB3A24
FFFA911C
FFFB7BBD
FFF92D9D
000505F4
FFFE6019
FFFB04D1
FFFB8867
FFFC8A3D
FFFE24AE
00081C43
00095D82
0000D9AE
FFF70D77
000060E2
FFFD313D
FFFBB416
FFFE257C
FFFF0DFB
FFF81B97
00070B1B
00041357
0002A3F2
0004B954
FFFAC569
FFFBC9A6
0007247C
0001277C
000018B6
0003104B
0002E4AC
0008AAEB
00006A84
FFFD2560
FFFA7B0D
FFF9BF32
00014672
0002F448
0003D374
FFFCC4C7
FFF8DEC5
FFF72225
0003FC64
0002C5AA
0004B690
00072EE6
FFFB1FFC
00010E83
000486C8
0003ED2A
00004466
FFFAC17A
0008E99C
0009B7B1
000466DC
FFFCD8B3
00091568
FFFB6C86
0001F614
FFFA5462
FFF90281
FFFFA535
FFF6CD2A
FFFF2D23
FFF66E97
FFFEFC03
000740F3
FFF4193F
0000EB0F
FFFEA53D
FFFD6490
FFFB9C51
FFF9B380
FFFE05FC
000142CB
FFF89934
0002969F
FFFEEF38
00004861
00058372
FFFE8E6E
FFF67A97
000272DE
FFFB9D9B
0001F71F
FFFC5698
FFFA4CE6
FFFEE42F
FFF93989
0002A277
FFFEC71C
0002D61E
FFFE19BC
0004BB7D
FFF7C0A3
FFF59131
FFF926DF
FFF5EDC5
FFF5E48F
FFF1E705
00066C2B
00010BBE
FFFE1CA1
00007BAB
FFFE4B3F
FFF903B5
FFFE0ACD
FFFA788B
FFFD1FD6
FFFBF935
00074E8B
FFFD9BAB
000368D2
FFFF267B
FFFD6B05
00028767
0000A901
0004FE4E
00065D36
FFFA11DC
00019D41
0004D15A
00054E63
FFFB3D2C
00035728
000D5955
00046A87
FFFDED49
FFFE7738
FFFD53C4
0000E7C8
00017AC0
FFFAC792
0006D3F4
000336B0
FFF7572A
FFFB8646
FFFA306D
00083F36
0000BC2A
00038BD3
FFFDEFC4
FFFE2585
0001FD38
0003593A
FFFF05D2
FFF968B0
00024118
0004F3BB
00036FD1
FFFCBECE
00007649
0002C5CE
FFFBDEC4
000385C6
FFF81B42
0000678D
FFFCFB53
FFFAF6CF
FFF6B00B
FFFAFCF1
FFF7021A
FFFCD140
0007E6AD
FFF80A5A
00077277
FFFB8A7B
FFFBAA0E
FFFF4032
00020D1B
000492CE
FFFD6361
FFFB3D76
00036F5D
FFFE9665
FFFB67B8
00005DD6
FFFE55F1
FFFA6F65
FFF972C0
FFF66FBA
FFFA1DBD
FFFF395E
0001AC6A
FFF70C62
FFFA1E09
FFFEE384
FFFB45BD
FFFFE36A
0001C7D0
FFFA3A1A
0001857B
FFF951C7
FFFB3D71
000667AA
FFF68F5F
00018198
0000690F
FFFA9957
0008F0BB
FFF16F86
0002DB8E
FFF7F37F
FFFC2C33
0002274C
0007B87E
00059771
FFFE7169
0000C1DD
FFF8745B
0002CF8D
FFFACF6D
0009899E
000909AF
FFFB1AD2
00054D80
FFF9DC05
00081BF0
FFFAE982
000E600F
FFFD1BAA
FFFB7E91
0008D696
0000EF04
0000C169
FFF9D9FD
0008D958
0004D555
0005DC0C
FFFCA82B
FFF76389
0001799E
0003EFDB
0008082A
0008536E
00028DAA
FFFD162A
FFFF217E
FFFE0A05
000286B4
FFFACAF0
00067FDE
000AA9B7
000285BE
0004D59B
FFF9DB5D
000476A7
0001AC52
0002E022
FFFAEBE9
00071272
00078C3B
FFFC7E1D
0004A226
0008718E
0002115D
00034AFB
FFFE9ED8
FFF8F2E4
000A8727
FFF9360C
FFFE3337
0007AC90
00093725
FFFFEFA2
0006A0B1
FFFD2B77
0001A352
0000637C
00064E3F
00072CDD
0003EAE9
FFF598E5
FFF88BCA
FFF8FD46
FFF9033F
FFFBBC3E
FFFC7B7B
00086BA3
00039FA2
FFFBCEE8
FFFECBD3
000521D6
FFFDFFBD
0001FE07
FFFB0BC3
0002F5EE
FFFFF1EB
FFFC23CE
FFFE5A21
FFFB6631
0000CD06
0007FF91
FFFAC67F
FFFC46A8
000616C1
FFFCFFC7
FFFCB213
FFF7322D
00067ECE
000AF0FE
0003791E
000819A9
00039FBD
FFF9BC70
0000BD70
0001105A
FFFCF71B
0008CA9D
FFFDBC04
0002F26B
FFFF2922
000A87D6
FFFB2752
FFFAEDBC
000165EE
FFF9465B
FFFA8BB5
00008D16
FFF60677
FFFDE484
FFFA0F25
0000C0EB
000B3BCF
0005B452
FFFE65FB
000491B8
FFF87675
0002B07D
FFFA2DCC
FFFA3BDE
FFFD89F4
FFF65ABB
FFF64166
FFFE1220
FFF7DCB5
00057D77
FFFF4474
FFFE8FD4
FFFC93FF
FFF6FE4C
0000054C
0004A8A4
FFF8B835
00079F7F
FFFC3A5F
00014A13
00019E6A
0004D0E2
00001F15
0004615C
FFFB720E
FFFEB3B1
0000C802
FFFE2A3C
FFFBEF63
FFFFBB17
FFFF110E
0007FEC7
FFFB921D
00050057
FFFBB67F
0008782F
0005C16B
0007B74E
00000E66
000095A2
0005A7A2
00081E46
FFF7CE26
FFFFAA27
00000D3C
FFFEEC95
FFFA70A5
00017F14
000322CF
000161A0
FFF7417F
FFFEB764
000A905C
FFF91C2B
FFFECD06
FFFB040D
00091186
0005A248
FFF807E8
FFF948C5
00035C25
0002154C
FFFF791C
FFFA2FCF
FFF76785
FFFBD245
0002E274
FFFA6BAD
FFFC7199
00027D81
00089A9B
000F7060
FFFC6BD6
00030804
00041047
00032223
FFF732A9
0003A8E7
FFFDC430
0001BA6B
00002D6B
0004827B
0005D6AA
00095253
0002DAB4
FFFB4200
0009310D
0008066F
FFFB82AC
FFFB7DBA
FFFA2D0B
FFF9D2AD
00022D7F
0005F9D5
FFFCDA70
FFFD9FDA
FFFC538C
FFFFB0AF
00060B95
FFFC1F8F
FFF2DCE9
FFF7A902
FFFDF90B
FFFC7F78
FFFD3F7C
FFFF09BA
FFFAF235
FFFE339D
FFF93C1D
00003935
0008C941
0000B249
FFFC3E13
00000C2D
FFFCE3DC
FFF99B1A
FFFCC0A6
0000A0E2
00066C5F
FFFF6CA0
000436DD
00058CEE
00051B95
0006DD18
00053D34
FFFCC782
FFFF2459
FFFD7D0D
FFFD532F
FFFEECBE
00017024
FFFD78ED
00082CAB
FFFC0B42
000418DC
FFFBF625
0007C969
00007F96
FFFB13E4
000559A4
00093AC7
000781DA
0006AA5A
0002D583
FFFA99EB
0006EE78
FFFA7F11
FFFB2FA3
FFFFE2B2
0002A105
FFFF9B8C
FFFF7923
FFFCF9DF
FFFF10B0
FFFD039B
FFFB33B3
0007701D
FFFF5F1B
FFFF6542
FFFAFBFD
0007DE25
FFF8103F
00090373
FFF7E63F
00013315
0004E174
00020650
000974C4
0000A2EF
FFFA5774
000AAD47
0004561C
00007659
FFFAF02D
FFF87868
FFFB785E
FFF6F784
FFFF07E1
00023006
FFFC2E05
00081A44
FFFDD3CE
FFF9CF86
FFFF56FC
0000D719
FFF990F9
0007B1D0
FFFB35F8
FFF8EF51
0002EEF3
FFFD80DA
FFFBF336
FFFED577
FFFEE50C
0005BAC5
FFF7AD3E
000213DB
FFF8F98D
0005EA4B
FFFE11C0
FFF66C72
FFF6846B
00063CEF
00077482
00092F98
FFF67E6D
FFF2833A
0001BC84
00075C55
000B79CE
FFFB64FE
FFFF735C
FFF73367
0001F8BB
00029604
FFFC9AC3
00061E4C
00068E11
000541F4
0002B598
FFFD68CD
FFFDFD92
FFF8AB77
FFF91F6F
FFFA366C
00024161
FFFF3EB2
00007DD4
FFFC82D3
0003B6A4
FFFDEDC0
00089EFE
FFFF3740
FFF9DCD8
FFFCD982
FFF70B38
FFF8E718
FFFF4470
FFFBEEF3
000290B6
00009C1B
FFFD6E5C
FFF9ED34
FFFF4F55
FFF90BD4
FFFE4E5C
FFFD6FC7
FFFDACCC
000789F2
00048C86
00003DF9
0003C8F1
FFFE2F6E
FFFC94B6
00096825
0004DFD7
00019FC2
FFFDE652
FFFBA2D8
FFFF62D0
FFFB52F3
0001D22A
00033F3B
FFFB46F9
FFFBDD3F
0003E642
FFFB9F32
0001BDAC
FFFCBFA0
0006410A
000496E6
0002E2FA
000089BA
FFFF3538
FFFE3515
FFFE0428
FFFBBD78
FFF4BF60
000D8A0C
FFFBDF3A
000603C0
00063883
00016883
FFFDE454
FFFD496C
0002542B
FFFC12AF
000924B6
FFFEA180
FFFC21D9
FFFB7EC0
FFFEF8D3
00019334
00015A46
0003FEC7
FFFE09AF
FFFEA21E
000B23B7
FFFD933D
FFFAE529
FFFE8D82
000351B2
0003A539
FFFB4443
FFFADC19
0000E0B5
00039E78
00024998
FFFF2070
FFFC493E
00011820
0001CDEB
FFFBA32F
FFFE30E9
FFF67FED
FFFD9B57
FFFE540E
FFFB39AB
000440EB
FFFB5733
000097AA
FFFFDA7A
FFFD9043
FFFF7282
FFFFC59D
0004F77E
0006368C
FFFD7AF8
000147D4
00030F89
FFFB566A
0003D5EF
FFFF665A
FFFC4C44
FFFBAC3A
0001176C
0002CD7A
FFF80833
000BA43C
0000C931
0003EE33
0000679E
FFFAC271
FFF7FE91
FFFA628F
00015204
000410DA
FFFBBFBA
00012088
FFFF1BA3
FFFA6CD8
0005E27B
0002A8C8
00004DB7
0004BAB4
FFFFA5E8
FFFA0CAE
FFFD52F1
FFF9ADFB
00017E18
FFFD6D44
000034B2
000105A0
FFFE3C4E
0001EDEB
0001C272
FFFC1435
FFFF2BA7
0000EFC7
000572EE
FFFAB8D3
FFFB0BB1
000297AD
FFF9497C
FFFCDB3C
000015EE
0005CFD2
FFFFEB1E
FFFB13FC
FFF49D13
FFFEF4FE
FFFD1866
FFFCEF74
000055E3
FFFCFA84
00074C3E
FFFA8EBA
0002435F
FFFACDEC
00035646
FFFEED5D
00035E3A
00054BB6
FFFE0347
FFFBA42C
00050E82
00013E19
00019AEB
00009E0E
FFFDE65C
FFFA08CE
00011BB7
00026ABE
00038F38
0005E92A
0005FBDE
0007714C
00001519
FFFE8874
FFFC1BB4
FFFDC65F
FFFBC86D
FFFD9FBA
FFFC719D
00028C91
000002C5
0003F72F
00011BEE
0000DB84
FFFFAB05
00017874
0001A024
FFFBF856
0000944E
FFFE85F8
FFFF425A
0004F6D9
000321C9
0003595A
FFFC0AE2
FFFCDBBB
0002558E
00000CA4
FFFCA0E0
FFFA90B5
0001BEEF
FFFD93B1
0007B0C3
FFF89B44
FFFBFC22
00094AA8
0000BADC
FFFABD0C
FFFFFD11
FFFFA5D0
00084CAC
0005EA81
00023BB6
FFFDC2CD
FFF918A2
0003158E
FFF9CD73
FFFDCE97
FFFEA05F
0000FE80
FFFB781C
0004098D
FFFF00F2
FFF61C81
0001607E
FFF97391
0002F171
FFFF0B33
000005F6
00008655
FFFEEABC
0000BF16
0000A0A9
00000D2C
FFFB98E3
00030DE6
FFFF6314
000413F7
FFFDF43B
FFFC6A3B
00069744
FFFC6BD2
FFFDD555
0003DCD7
FFFCA1DB
FFFAE97D
FFF899D8
FFFF5D11
0003CBE1
000480FA
0002F458
FFFDACC4
00013BFE
FFF983D3
FFF6BA07
FFFE889F
0004F283
FFFF0C98
0007B6CF
00016522
0004F899
FFFE5C49
0001D023
0000E34A
FFF7E4CC
00002A82
000231CE
00050D05
00006D6E
FFFBF163
FFFBA344
0003A2FF
00023157
FFFB753C
FFF69F07
FFFA5233
FFFDEBF4
0001D659
FFF90C43
000025FC
FFFD5414
FFFCAAF1
0004A8B7
0006DACF
FFFF6888
00050B09
0000812D
00022C90
00023E33
FFFB4AB7
0001665A
FFFDBD18
FFFBB2CC
FFFE829C
FFFD94BE
FFFE32C9
000064A5
000412EF
00049347
0003A313
000064D8
00068141
00066442
00063198
00009DBC
FFFF5D0B
FFFF841B
FFFB2F49
0001D41C
00037421
000045FC
FFFBED24
00042CB7
FFF85140
00037535
FFF92308
000147DA
FFFA9389
000318A6
0000B81F
000129D5
FFFF42AC
0006103A
FFF9454C
000098E8
0005B48B
000322DE
FFF8CAC3
0000B5E8
00036FE7
FFFC509F
FFFFA525
0002B0A4
FFFDBB3F
FFF55F12
00008DD1
0000A690
0000A760
0000C973
000282C9
FFFEC2BA
0001FB19
FFFC2D0A
FFFBE1B6
FFFCD96D
FFFBE34E
FFFE9F2F
FFFB37DC
FFFC17A0
FFFD06E3
0007688E
000210F2
00054014
FFFE8CDA
FFFFA418
FFFF1C91
00057878
00042725
0003C80D
000086E6
FFFDE172
FFFCF247
FFFD7CC7
FFFD1024
00026AE3
FFFF186B
FFFC0774
FFF99EF7
000555C1
0000ED59
0005AC03
FFFD27DA
FFFEAB4E
FFF5202F
00005436
00049CF0
00078819
0004F4CF
FFFCDAD5
00081EAD
000402DA
FFFCD97B
0006F05D
00004EE4
FFFBA5EA
FFFB38F5
00005CFA
FFFD0820
0000756E
000606FB
000209E9
0002925F
FFFF2128
0008699B
FFEF7EF2
00056DDA
0002B26F
0006E056
00047F8E
0002AD8F
00025020
00023E21
0007885D
FFFF9A14
0003C079
00080E17
FFFC4859
FFFE92DE
FFFD1193
FFFF9F1F
000140EF
0003C650
00065F6A
FFFBCB35
0002F54A
FFFD6315
0000014A
000373ED
FFFED8C0
00015384
0006B1CA
FFF898BA
000137A5
FFFA6B33
00016A5F
FFFE318D
FFFF3F11
0008687E
FFFB337D
FFFFD22C
FFF48E27
FFFB08FF
FFFA9FC5
00001B49
0005F0CC
00014BD3
FFFCA1A4
0003F467
FFFFE917
FFFD5E80
00053ABE
FFFDE1E5
0007DCB6
0004FD61
0006AA08
FFFBECD8
000504E1
00011059
FFFDA237
FFF9DF02
00042AC4
FFF9A26C
0001C6AD
FFF99F20
0001CABE
000135FD
00054117
FFFFD179
FFFA84E4
00033072
0003D99D
FFFFCE56
FFFFE705
00000FFD
0003BB9B
FFFD8E5A
FFFBD328
0003D04D
0002B5BB
0005C06D
00009138
FFFF6ABA
0001C4F1
FFFC7A5B
FFFD86FC
000DB7B4
FFFD7F74
0001E8E4
FFFD9AD1
FFFF3213
00031DA3
0002189F
0003018E
0000A10D
000378E4
FFF7BF6F
FFFFB19D
FFFE6C28
FFF75D13
FFFE05DC
0001AADF
FFFF82C4
0005E247
FFFC67C7
00027312
000150E4
0002F8E9
FFFA2AB1
FFFDA23B
000350D8
000155BC
000B3036
0000946B
000ADB92
FFFE2075
FFFCEC0B
000560E6
0002C213
FFFF1066
00038876
FFFD395B
0008F8F6
FFF8F193
00011D3E
FFF72DD1
FFFDBA78
FFF953C9
000375A2
FFFA3978
FFF9F7B9
FFF96EE4
FFFBE61E
FFF8C343
00060CE3
FFFBAC8A
FFFDD98C
00024416
00024BD8
0002BC02
FFF65C4F
0004332B
FFFFF266
00032B3E
FFFAD7FA
FFFE4071
0002A741
00048B11
FFFF4F71
FFF7BDD8
00067B47
FFFF340E
FFFE9729
FFFC9176
0007E7CA
000A6601
00037BFD
0008B67F
FFF49738
0008B7F4
FFFB8123
000563F6
000488C2
FFFF5BE1
FFFB43DC
00028263
0003FD0C
00027886
FFFDBFE5
0004B1BB
0006DBEE
FFFD1A6F
FFFB79B1
0005A821
0002EAAE
00038E50
FFFB85E8
FFFEDFBB
FFFBB639
FFFD887A
0006C430
00000CD5
FFFA417E
FFFD3B36
0002577D
00049624
FFFFB6F5
00004AF3
0000D460
0002DBBD
FFFD1ADC
FFFE880B
FFFF6776
00041D68
FFF93982
00052B82
00015833
00026BB5
FFFD69EA
FFF87409
0005AABB
00020212
FFFA1700
FFFD42A2
FFFC58C6
00015D56
0000D299
00000CB4
FFFCBAFC
FFF8D3D5
000195C6
FFFCFF65
00079734
0008EDA9
FFFAE914
FFFAC378
FFFF14B4
FFFF4DBB
0001D230
FFF880EA
FFFBE101
000124AE
FFFFBF74
FFFF9629
FFFC44C6
FFF95752
FFFE121F
FFFAE6FE
0005B7B3
FFFA2603
FFF91696
00035268
00034F52
FFFDFDD5
00072C3E
000378FC
FFFB7325
00038826
FFFE4B6A
FFF92CF5
FFFC8A01
0006DB34
0002B02C
FFFC9183
FFFD42AC
FFFA7C58
00077B10
0007815B
FFF9749D
00043850
00072622
00075B1C
FFFE28F6
FFFA2B29
FFFD0723
FFFB7EB5
FFFE1EF2
FFFDB54B
0008B15C
FFFA64A6
FFFC5CC8
FFFF3F0D
00040D21
00007C27
00099687
FFFE7AAF
FFFF05D9
000248A5
00000D6F
000B0571
0001F76A
FFFD2BAB
FFFC26F4
00078C55
FFFBB334
FFF953D2
FFFDBB1F
00010FF6
000443AC
000179AB
FFFED14A
FFFE9105
FFFE8218
0008F261
0005D1F9
FFFDEF06
FFFE3FED
FFFC941C
0003F49B
FFFC2C46
FFFDD6D2
FFFDF9F9
FFFAB70A
FFFD1D62
000371F8
00001202
FFF7F6C3
FFFE058D
00022FD6
0001EDE1
FFFD215C
00002257
FFFE4683
FFFF74E5
0001E15E
FFFD317D
FFFA3C06
0003DD61
0003A95F
FFFC9018
FFF5BBA4
FFFA0243
FFFD4F29
0000B535
FFFCFBDA
FFFA8C22
FFF976B7
FFFD2570
0001FDF4
FFFB2CFC
FFF5651E
FFFC1E76
0001C313
0005D1DA
FFFDADBF
00005D9E
00067FBC
FFFF090E
FFF9E835
00077EE7
FFFB55CE
FFFCDD53
FFFAA131
FFFFFDC6
0002BF0F
00024127
FFFDDD2B
0007477C
FFF82190
FFF8BB92
0001A0E9
FFFAA36A
FFFC4395
000168B2
0006D04B
00028FAA
FFFAA2E7
0001295D
00008860
FFFB40E1
FFFDFEA9
FFFCC092
FFFDBC83
FFFC0CB5
FFFE992A
0002716A
FFF79A16
FFFE8EBF
0005122B
FFFD7B83
0005E7F5
FFFFB12E
FFFF5CD7
FFFD90A3
000AEE38
FFFAD25D
0003FF2A
0006D054
FFFC8AED
00066688
00003494
FFFAE37A
00052B92
000366B3
000A5DBE
FFFD0201
FFFEFA0E
0002527A
FFFF7E61
FFF7F1AA
FFFC6D5E
FFFDD843
FFFFC379
FFFCB41B
FFFDE9C3
FFF93F4E
FFFD1F98
FFFAAFF1
FFFBC8C9
FFFF21BA
FFFF9037
00007AEA
00068C5C
0000380D
0000001B
FFFBD47D
0000FD69
0002448E
000405F2
0004193E
00011764
00011AA4
FFF88016
FFF8F53D
FFFC0CB4
FFFD9EAE
FFFB1B22
FFFE46CC
FFF94595
0006BCF3
FFFCE8B6
FFF63D93
0001A123
FFFCA8F5
FFFBCDFC
0002E3CE
0002E3F7
FFFE487D
000325C7
FFF791AD
FFFF8A84
FFFC0701
0000635D
0001599E
FFF9706F
0002D74E
FFFDB3A9
00040255
000B620E
FFFCD18C
FFFE47F4
00058B48
FFFDB117
000176C5
FFFF3A52
0001C234
FFFFFB18
0002D934
FFFAB63F
00021334
FFFAD2E1
0000116F
FFFD4A74
FFFC91B4
FFF4DA89
FFFC1F8B
FFFE5980
00000BB8
00034205
FFFE5836
FFFDE011
FFFF7E74
FFFBE707
000163CF
0003AEE1
00093CC7
0005B2B5
FFFAB17C
FFFCAA1C
000049AB
FFFED44B
FFF9C479
00060D6B
00013267
FFFA8A20
0001254A
00044FB8
FFFBB14C
0002E285
0001D252
0000CD94
FFF9BE7F
00047649
0007356A
0005FEA4
00004364
FFFFAC09
0000DE46
FFFECBA4
0006A64A
000A3B00
0009718F
0005C00F
0000BC61
FFFE9370
0003F51F
FFFDF1AF
FFFEEBAB
000519E9
0002FE6E
FFFE8551
00058F79
00005733
00034349
FFFDFB1B
FFFE05C0
000648A8
FFFE197D
00019E02
0005C9C6
FFF90FCF
FFFA4C2A
FFFE7FCB
00063A5B
FFFDDFF8
FFFEF6B7
FFFFB02E
FFFCB5DC
FFFE2E90
FFF88312
FFFEF69E
00039B42
FFF8A246
00002B38
0006150D
FFFAEBBF
FFFA480D
000ACCF6
FFFA56F6
FFFBFDCA
00058E90
FFFF472D
00033084
FFFD34C8
FFFE8F66
000709F2
FFFA33B3
FFF85055
FFFBC8FF
00041A6E
FFFD49B9
FFFAD950
00022B72
FFFDB011
FFFF65F5
00033C04
FFFBFD23
FFFB1455
FFFE4C88
0006D94F
FFFD871B
FFF9BB48
FFFAC1E5
00014B8D
FFFD7E34
00024A63
FFFD3AEF
00006862
000484B0
FFFAAD17
FFFE9D36
0002568A
FFFB6B67
00010344
FFFE1535
FFF78DED
00022BDF
FFF8627F
00009672
0001568E
00043DBF
FFFCF51B
00016A3D
0002D7FC
FFFB0ABC
FFF9D626
000338D6
FFF6D96B
FFFB9439
00059DBE
FFFA1544
0000F464
FFFA4CC4
FFF9F9FE
FFFA79EE
00075DEE
FFFC17BD
00057624
0005BC98
00012C58
0001B671
0005694A
FFF586CD
FFFD3D50
00090874
000514E5
0000E810
FFFB87A4
00008710
FFF99520
00039680
FFFEC0AE
FFFA3D8C
FFFF0960
0002DC52
FFFA2221
FFFDA20A
0000E85E
FFF99654
00033BB7
0000FAB7
00056A7E
00076CFA
0001E22C
FFFA88BF
0004894D
FFFA8450
FFFE7EA0
FFFAFC5E
00037551
FFFE54D5
0001C05A
FFFC5DB1
FFFE44C2
000C2495
000180C4
0004672E
00042A00
00029823
FFFD933E
000186A8
FFFF0532
FFFD8DB1
00027525
00043F70
0004E9B5
000AB2FE
FFFCC626
FFFB5DCF
00055FFE
FFFC4872
0004B723
FFFB4F90
0004E468
FFF8C7CC
00060792
FFFD8166
0000A683
FFFEFDB1
00036869
00009E52
FFFCB4D6
00031894
FFF811EA
FFFF5213
FFFF1AD4
FFFE62AA
FFF9EBA1
FFFA7181
0003E97F
00010449
FFFA6EF3
000230B3
0006453C
00014139
FFFC53ED
FFFE23F8
000308EB
FFFB0287
00017D3C
00047556
FFF7C874
0003C24C
0009C434
0004B5B3
FFF9925A
FFFB698B
FFFD7BC0
FFFF6B71
FFFF4FEE
0000493A
0001336A
FFFE983B
0002550A
FFFBDC6B
0003C143
FFFC9B65
FFFE661A
0004BC2C
FFFDFDAF
FFFD60E3
FFFFBF31
FFF7D7C6
FFFEAE21
FFFE8827
FFFCC2E6
FFFEF014
FFFC8CB1
00055337
00013B22
0002ED9B
FFFD81C3
00013DAA
FFFE2E9F
00019640
FFFAA8D9
0006FE9E
FFFDF514
000C3FAE
FFFAD840
FFFC3811
FFFE93DD
0002A642
FFFDF196
0009B5E8
00033E0F
000064A9
FFF65358
FFFFC414
0003C781
0009260A
FFFB2303
00056A11
000823B2
00034072
0004EFB9
00003663
00010C9B
0002CE85
000B5C31
0000DEB9
FFF8B0B6
FFFFC57E
FFFEB7A2
0004FE45
FFFAB3F8
0002A14F
00062F9E
000383F2
FFFB92DB
00071761
0001E3BD
0002414F
00047F83
FFF8FCA4
FFFC1E94
FFFD77ED
0001CE8F
FFFBCE66
FFFBC3F5
FFF9F763
FFFE3F54
000394C1
00003E34
000444BA
FFF9CBE1
FFFFA3CE
FFFCADC4
00038A81
FFFD3393
00003093
FFFD7630
000060E6
FFFC87FF
FFFEB30C
FFFE9BCA
000017F7
0000DCEC
00060F2E
000116F9
000240E5
00044769
FFFD5AF3
FFFBC9AF
0001BF5E
0006D65A
FFFDA625
0005DF6A
00036B3A
0004AC9F
FFFB7FFD
FFFCE298
000501F1
00012EB6
000265AF
FFFFF976
FFFD4FF1
FFFE6C08
0002D555
FFFF1689
FFF96AAA
000008D0
FFFCE3AE
FFFC9B0C
FFFA9B79
FFFD29CC
00032C92
FFFD2506
FFFE0129
00024D7A
FFFD695E
0000DB95
00011109
FFFF6B68
00018DEC
00023008
0001B89D
FFFFE3E5
FFFF54AD
FFFB6F51
FFFEF388
0003749E
00068224
000109E9
FFFA463C
00016DFD
00025911
00042DC3
FFFD7D32
0004182F
FFFCEEFA
00035EA8
FFFA1BA5
FFFDA976
0001ED69
00005B5B
FFFC7576
00020C3A
FFFDBA61
FFF943A8
FFF715FE
00021AC5
FFFCB323
FFFCB4B2
FFFF6FBB
0001E813
00026A35
FFFBC9B1
FFFD3FB6
FFFE7265
FFFF811F
FFFE9874
FFFC1F1E
FFFB04DF
FFFEA6D6
00014DE1
FFF95FAA
FFFA8CD7
FFFFACE6
FFFD2C3D
FFFC7AF2
0000A0D4
00031877
000012EC
0000BE5B
00057BE9
FFFDA0B8
00048622
FFFDED33
000201E4
0004727E
00041C38
FFFE414D
0004F983
000229D5
FFFBFCE8
FFFB59E4
FFFB1052
000058ED
FFFB18EB
FFFBA299
FFFC1480
0005A79C
0001DDA0
00040D1D
000288A1
00027E04
FFF7D69F
0003BBD2
0002BE3E
FFFD61B7
000086BF
FFFBD523
00026B19
0006C1AB
0000B65A
00013C98
0002C4C9
0004F8F1
0003D529
0000A433
0008A6A6
0008FB0F
000328B4
FFFBAC26
FFFC7694
FFFD2938
FFFEB4D4
00028835
FFFE534A
FFF9C4CE
FFF98E6B
0005BEDE
00032122
FFFCC57D
00051461
FFFDED82
FFFD6111
FFFB6BEB
00004FE0
FFFEE4B8
FFFDFD91
FFFC4F39
FFFF6808
FFFD3E03
FFFF2488
FFFC72EF
FFFDBBFB
0002CA34
00037061
0000BC99
FFFDB70F
FFFD8BD7
0004C9C8
0000CA67
FFFCAD7A
FFFE1F66
0005C222
FFFDFF50
00014016
FFF9ED23
FFFF2BB8
0003FB2F
00012FB1
FFFA8B17
0000643B
000176ED
FFFAC08B
00039392
FFFEE873
FFFD9D08
0000ECC0
00014040
FFFAA930
FFFCB42F
FFFF0FB7
FFFB629A
FFFFC75C
000399F2
FFFC40CB
0001FB2E
000317F0
000199A2
0001C3D1
0004D671
0004846E
0000EB31
00030925
0002122C
FFFA5BC5
FFFF64C5
FFFDA8C1
00007CCD
FFFD9236
0004D768
000309FC
0002F5D3
FFFFCC75
00043B82
FFFD5F2F
0001BE06
00003FD6
00026E3F
FFFE160A
0003E0EB
FFFF25EE
FFFD7A41
FFFF2D0C
FFFACC51
00032C01
000570CF
FFFC912A
FFFAB97C
000239BA
00056FFC
FFFD6C62
FFFE5695
0003815C
0000B2FD
FFFE1F34
FFFCD76B
000181C2
00031EC0
FFFFDD78
0005783B
FFFEE1A0
0001ED17
FFFD6D1E
FFFF03CC
000190F6
0007B980
FFFEE59B
0006A621
FFFD77F5
0005FA14
00010C73
0005B267
FFFFB9CB
00020408
FFFF4201
00009AAC
FFFE65BE
FFFDD177
FFFF960D
FFFE8D5C
FFFE450E
00012548
FFFBF94B
FFFD2E1B
FFFCCDB5
FFFFC952
0002326B
FFFF15B1
0004A867
0005C4AA
FFFD5054
00005C16
FFFCBFF1
FFFE8BF1
00001FF5
0000950E
00064C9E
FFFF093C
FFF9BE06
0002F16A
FFFD866B
FFFD8FCA
FFF92801
FFFCF501
00005669
FFF87106
FFFE39BE
00008740
FFFC100B
FFF7D63C
0000840A
FFFF92A1
FFFDB087
000367CE
000461EB
FFFD74B0
00024956
FFFFBA2E
FFFE5C57
00020D37
0000B784
FFF8C425
FFF8E83D
00022B80
FFFAC79A
FFFCB6F4
0002F639
0002CCB1
FFFD22CF
000007CA
FFFE9E9A
FFFF26D5
FFFFF926
00007916
00004E4F
FFFADBF7
0004068B
FFFAF53A
FFFAE940
FFFB04DC
FFFE0A03
0001076B
FFFCCBFA
FFFB9F1D
FFFE277E
0002F78B
FFFCB736
FFFA2AD1
FFFF1108
00028C0F
FFFC5B6F
00025751
0000C468
FFFED3B6
FFFDD84E
FFFBEC6F
000418E7
FFFFAE92
FFFFBE12
00067889
FFFB0CEF
FFFFEC0B
00045CCB
FFFCC38C
0001F730
FFFD6C22
000642CC
FFF91D6A
000364DA
0003BA80
FFFCF658
FFFDB064
000220E7
00042860
FFFD3635
000310E5
000453DE
00054588
00024B6A
FFFCB7E6
FFFFECEB
FFFF030C
FFFF635D
FFFD3173
00052E82
00014831
00025F9A
FFFFC436
0004ABA9
0002BCAA
0004F9E4
00017F1D
FFFE9CC2
0006E915
00008947
00011C2C
00095886
FFFFA7CB
0004A31A
000841DE
00017D18
FFFDC083
FFFCBA8E
0007A629
0005189B
0001F8DE
FFFBBA83
00089CAE
00019651
00027A71
00028216
00017D79
0005D689
0001E250
FFFFE6AC
FFFC5BE0
000180D8
FFFE20B3
FFFB72CF
00060877
00044AC1
0000CC12
00075A1F
FFFDD56E
000598A5
000308C2
0006FCD1
00034480
FFFAF9A4
0000EF06
00036D24
FFFE739E
0001427C
0005C415
FFFCD9F1
FFFEA09B
00065E3B
FFFEF944
000037CC
FFFF7369
FFFB94E8
FFFE48C5
0005B95C
000429AD
00013108
FFFCD908
000217AA
FFFBFF41
00023500
0001F25D
0002D212
0003BAFA
000013BE
FFFDEE78
FFFF7A16
00016CA7
FFFE5AAA
00034297
0001C5A4
000808CC
00023529
0004F0D9
FFFFDBAC
00017D5F
FFFCE5F9
00000796
FFFCEC96
FFFBA4FF
000405EA
FFFDF397
0006117C
00029994
00043AF0
FFFD51F9
0000C75A
00061A6C
0000EFF0
0007AD8C
00091BF2
00051ECE
0000BCF3
00004F3A
FFFC6BE8
00043F8F
000968C3
0004105F
00006EFF
00003968
0000205D
00059357
00013897
0002DF8E
00025BAF
FFFD90A4
00023E80
FFFC5DE9
00012933
00054D5C
0002FF6B
FFFE0A1D
FFFCED45
FFFBD6E2
FFFFC8C5
FFFA32D4
FFFACD68
0000F6B6
FFF9E511
FFFA2CFB
00011995
000243A7
FFF9560C
FFFFA03A
FFFDC6C7
FFFDE56C
0008605E
FFFCE2FC
0000972E
FFFB41B1
000049C8
FFFA73FD
FFFDC3D8
FFFE939A
00018C55
0001EE43
FFFE2028
0000A316
000240AE
0001856F
00011321
0002ACA6
00036CA6
FFFFD571
0005F845
FFFFF54D
00001556
00035F64
FFFAC3E1
0000DEF4
FFFFDDFC
0001444C
FFFD70CC
00033E2D
0001A5C5
000119D4
FFFE09E1
FFFE9080
FFFD6CAC
0004C1CF
FFFDDA21
0003F7A8
0005944C
FFFF7DC7
FFFFB63E
000293AE
000276EE
00056EBE
0002021B
FFFD60F2
FFFBA1CF
0001AC1E
FFFB9BA7
FFFC01C7
0000BFF4
00009A8D
00025A27
00060A9A
FFFFF87E
0002F20B
FFFB5C33
00040817
0006B724
FFFDF021
000372B5
FFFD7D9D
FFFEC456
FFFAAF6E
00032627
FFF8F8D9
00008F43
00011F6B
FFF8AD00
FFFB6C55
00074343
FFFFD793
00007C6B
0001CD2C
FFFC0671
00028998
FFFDEF2E
00041AE2
0002C320
FFFFB775
00002CA3
FFFCA453
FFFF22DE
0004F6A3
00027841
FFFDF61E
FFFC24B3
00034AD0
FFFDB5D9
FFFB5B73
0004511D
00005ECE
FFFA808D
0003ADA2
FFFD28CE
0004DC6D
FFFE4403
0003E405
000024B8
0004A1D8
00023AC1
00099B75
FFFEDEDE
FFFB86FD
FFFBB2D9
00066340
0006C994
00057E66
00015CCB
FFFDBEF5
FFFF0E7A
FFFC21BF
FFFBECE8
00046A57
000484D0
FFFAF4EC
00001602
FFFDA8A3
FFFD1DD4
FFF8AD32
FFFF1D47
FFF64199
FFFD403F
0002C836
0004A60C
0004561A
00007521
000315BA
FFFC5BB9
FFFDA4B0
FFFB5AB8
00011C7F
FFFB00A0
00021AB0
FFFA6547
FFFE5484
FFFBE7BF
FFFE0A30
FFFDAFFD
FFFE9733
000652AA
00004AF2
FFFF528C
FFF9C483
000091CF
00062F7A
FFFBA26E
FFF9A795
FFFF0D1A
00059F55
FFFBEF6D
00009B5D
FFFB6AA6
00029F46
0000A844
000090E1
FFFBEA8B
FFFEA1F3
00040E62
0002BB6E
FFFE7E51
0003EFA3
00028587
FFFE9DB1
FFFA82C3
FFF90868
FFF8A484
FFFF3CC9
FFFA66A4
FFF9CC0E
FFF7F9E8
00034FF3
0004B548
FFFB797A
FFFAA8C1
00086EF7
0004ED59
FFFF2F59
FFFF30EF
0002F644
FFFAB4B5
FFFE31FE
FFFFB26B
FFFC79A8
FFFF0703
00028EAE
0004BA9B
00029871
FFFA57D7
00037718
0007993A
0001C87F
FFFA1ECC
FFFD6DD1
FFF9C03A
0002C942
FFF767B8
FFFC5E9F
FFFC7B5D
000295E6
000084CB
FFFBF3B6
FFF833E9
FFF5A69E
0002FD7E
00049D2A
0002FBF4
FFFD7CE7
0004B8CB
0001C672
0003F9E8
FFFDC3E9
000415A6
0006928A
00011A9B
00001F00
0000F2D0
000354B0
FFFB0900
FFFB1C86
FFFD315D
FFFDAB0C
0003D948
0002F030
FFFCA761
000448B2
FFF7AB09
FFFB4641
FFFD60D0
FFFE83CE
FFFD6A70
FFFE076F
FFFE1AEE
FFFC7260
0001E653
000013FF
FFFFF355
FFF911CE
FFFDA1AD
FFFBF478
FFFD1F73
00033D6A
FFFD4CAB
FFFE7B83
000534BA
FFFC5781
FFFF360C
FFFB0AF7
FFFD1B39
FFFC131E
FFFCF510
FFFFE6CD
FFFE0CDB
FFFE86BB
FFF6C4C6
FFFD3637
FFFE32E8
00040839
00006320
00043FA8
0006A1D9
00029C0C
00071BD3
FFFEAEB8
FFFE297B
000017E0
00018563
00059722
0001B185
FFFCD9F8
FFFE43B5
FFFF5DE5
0004C310
FFFF0789
000284E2
FFFAF52B
000254A4
00043534
00036CDF
0002DB34
FFFE402C
FFFD0CB7
FFF9C4F7
FFFB5D8B
00005B1F
00015ADD
0006E1FA
00005DDA
00011F05
FFFB3951
FFFED73E
00027FB0
FFFF1D60
00011C0F
FFFD92D3
FFFDDA02
FFFA2C83
FFF9189D
0002D29F
FFFAA754
FFFE4588
0002B636
FFF8F251
0000222C
00003068
FFFF099A
FFFB745D
00019374
000460B6
FFFA2104
FFFAEF48
FFFE8445
FFFCA3B0
000289F8
FFFF9DE7
0003E425
0007F4BB
00055CFB
FFFE2584
FFFE08D1
FFFE830C
0004B209
00063275
000B8229
000324C1
00094374
0005F276
00041EFE
FFFE55D5
00027511
00037B44
0001919C
000061FB
0000294E
000823F2
00010E62
FFFEB308
FFFE8125
00084DFF
0000C365
FFFF0560
000180D2
0001F40A
FFF89EB2
FFFD6EEE
0001D8BB
00052B4E
FFFCC77E
FFFFE1E4
0003665B
FFFED873
FFFE00C5
FFFF395B
000663DA
00069FD4
0001E3E0
0002D8BA
FFFD8A99
0004C01D
FFFD2ED0
FFFFE797
0003D7F9
FFFD6696
FFFF968E
00051A87
FFFB8B21
00026E23
FFFB2B96
FFFAF468
0001C41E
00034BDF
0006AD84
FFFF4EB3
00069159
000359BC
FFFB9DDB
FFFE28A0
0000008B
000277B3
FFFB1BCF
FFFCE8E8
0000C70A
FFFC8D6B
00014EBA
0001D6C8
0003CF82
0001AD08
000668ED
000386A1
00025F35
FFFCED94
FFFE043F
FFFED173
0000FC65
0001A991
FFFD7E1C
0002FD20
0003AD47
00080C45
FFFFDA07
0002B10E
FFFE45F8
0000F1F8
00035D0B
FFFCEB43
0000A457
FFFF29BB
00012BE0
FFFF6179
FFFF892E
FFFD2938
FFFE8A79
0000B8F8
FFFB11A7
FFFC6D44
000060AB
0003F7CB
000128CB
FFF95293
0003211B
FFFA5EBA
FFFDD5EE
FFFE3115
FFFEDC23
000591F5
FFFF0BAF
FFFEFB89
FFFF0AA7
0003F19F
0001C917
000215ED
0006FE15
FFFCF1BE
FFFD2943
00045262
0002E503
FFF9551C
00037342
0006DAA7
0003ECC2
00005641
0000381A
00013294
0001F752
0003DCC4
FFFDD892
FFF9D895
00027D02
0001952F
0002210E
FFFED1E0
FFFD4115
FFFA0F0D
FFF8B8A6
0002B298
FFFEABEC
00015A19
00026674
00033D8E
FFFBB3B8
FFFC776D
FFFD07ED
00012140
0000FF6F
FFFF683B
00044DAB
FFFD563E
00049975
FFFE6629
FFFDB21F
0000C8D9
0005C440
0003565A
0004AA97
FFFD7829
00020229
FFFAFB4D
FFFCB983
FFFFEC45
FFFD1568
FFFFB47C
FFFFCEC3
0001C3A9
0002252E
FFFF588D
FFFFC9EB
0001E39F
FFFDD89F
00016B91
FFFD973F
0002378D
0006CC42
000092EE
00025BBC
FFFED32D
FFFD56CE
FFFE0C68
FFFB0511
FFFE2548
FFF978D5
FFF9FF5E
0001F3DA
FFFCD366
FFFC1025
FFF97B40
FFFEA00A
0002D85F
FFFB6469
FFFA45B2
0001FBEF
FFFB7A2D
FFFCBEBD
FFF94F96
FFFB011D
FFFAFB1A
FFF9DAE4
FFFEA4C3
00042FAC
0005C3F8
FFFA1DE3
FFF9C743
0001889B
FFFFF460
FFFEE908
000272DF
FFFDBEC8
0002078F
000505E6
FFFAB0F4
FFFF7B77
FFFA259B
FFFF8A2E
000252D9
FFFAEAFD
00012660
FFFE7A58
00005A17
FFFEACD4
FFFB1DF9
00032BE9
FFFF8D54
FFFBED64
0009C936
000114F8
00036999
0008A56F
0001A380
FFFD58FE
000114DA
FFFC9618
FFFBEA12
FFFDDA30
FFFE8C05
FFF9816C
FFFC6125
FFFC8A83
00006265
FFFB8F14
FFFC1476
0008A6F9
FFFF4286
00045D5E
00042042
0002D129
0002AB13
0000CB27
00006D45
FFFC0AF5
FFFE0038
FFFC4A37
00027993
00002A5D
FFFF3B3E
FFFB4647
0000EF48
00011E13
0005412D
0003E0F9
FFFC7BB8
FFF8F803
00075C2B
FFFF3180
00043F24
00067859
FFFE18FD
0001F65F
00073251
000836C8
FFFE96EB
00026490
0001DF57
FFFDA738
000333CD
FFFF7359
00072BF9
00052D23
0001C771
00012D54
FFFB1CD6
FFF9F510
FFF9D487
FFFC60DF
FFFF8CE8
FFFFAA94
00028ADC
FFFF2FC0
00059E4D
00020F8A
FFFF7EA1
FFFE8008
FFFFB8F4
FFFEF1EF
0000C367
FFFB523C
0006449B
00033A6A
00060227
0004D0EA
FFFE7194
FFFE6A45
0004A631
FFFFA66C
0003A05C
00001793
FFFD9448
00003E46
0000859A
0002D604
0004BF10
0000C0D5
00029B18
000063F6
FFFC4C08
FFFEC0C3
FFFC343B
FFFF84F4
0006315E
FFFDBC79
0003268D
FFFC4493
00013AC6
FFFF68CB
FFFF1E15
0002434D
00065E7A
FFFD273D
000669F0
FFFF36DE
0003DBB4
0000DB85
FFFF50E7
00013546
FFF7FEF8
FFFEDA55
FFFC34B7
FFFB1D89
00025A28
FFFFCB52
FFFE81A2
FFFC2257
FFFCF7F5
0003FFFC
FFFF26E0
00034195
0000A853
00023928
000032D2
FFFD6A63
000390B1
000005AE
0006E4C8
00036505
FFFEEC30
FFF516C1
FFFF4B2A
0000E679
FFFE876D
0000AF8F
FFFB19F6
FFF74ADB
FFF6DB70
00034322
FFFE2D1A
00011539
00045864
FFF0410A
0003D896
0000F702
FFFC41D0
FFFE8762
00052559
FFFF441D
000279AE
FFFAA98E
FFF5825E
FFFA0CED
0005F75C
000564B7
FFFB86CA
0003FC52
FFFEBFA1
0005D01D
0004B562
000B2934
FFFD7642
FFFAC5AE
00024269
FFFCBC52
00009CE8
FFFE140E
FFFB9379
FFF8AB40
FFF9D53D
000577B8
FFFF90D5
00001FCC
FFFC2E7D
00010091
0003FED5
FFFFA7D7
00030519
FFFDEB17
FFFB7E88
FFFB011D
FFF5D652
FFFAA134
00063713
00005F6A
FFFC3258
00026D59
00015D50
FFF99677
00058A5D
FFFED16D
FFF98636
00035A8D
000A17A9
FFF8C1F1
000C9104
FFF68501
00018E5C
FFFDF07B
000525A3
FFFB0528
00060AC9
FFFB83CB
0003333E
FFFDDD55
00090550
00024D22
00033371
0003EECC
FFFE234D
FFFC1C27
FFFF8A77
FFFD5FF8
FFFE817C
FFFA9223
0004699E
FFFD91E5
00062FB5
FFFE3931
000582B9
0005365A
0006AFAC
00082901
FFFA3492
FFFAFE68
FFFFDA97
FFFDF342
0006252C
0007EF4A
00010777
0000FCA8
00079935
FFFB50A0
0005CC26
FFFDBC35
00004504
0007C819
FFF74CA1
0000EB6C
FFFF27BA
FFFC5AA2
FFFA5B83
FFFA7A58
FFF6BFDE
FFFE141C
FFFDDD0E
00047B8C
FFF93087
FFFB8F2B
FFFF939C
FFF68849
FFFA2FC3
FFFF64F2
FFF9FBD4
00039CBB
FFF9D043
0002309F
FFFDBDC4
000015B8
FFF966E3
000419EA
FFFDBF6E
FFFA1F69
FFFB1571
FFF96ADB
0002864F
FFFA7360
00005470
FFFBE5F1
0003835C
000652E3
00022E8D
FFFC8663
00054F1C
0002F120
FFFEF457
000660D8
0002C7C4
00033A72
000980B8
000701C7
FFFE3D47
FFFECD4A
FFFFF195
00041893
FFFB868E
FFFFE4D3
0004172F
00026C94
0001F0A6
00056C05
00039722
FFFF23AF
FFFDAB9F
0003C02F
00006255
FFFDE20E
FFFA0C7B
FFFC89C6
FFFB6285
FFFFF251
0002FDAC
000733B8
FFFC6148
000B9F72
000399F4
FFFCE0CE
00056AE2
FFFF2BDB
00026C9C
FFF9DDC2
FFFA7DCB
0002D3C7
0000B8DF
FFFB21B8
FFF7A8DA
00016F5A
FFFDBE50
00005F1D
0004FE49
FFFEF958
0005E677
FFF8AD32
00016DD8
FFFD6E0B
FFF63B37
FFF89DFC
00034FD7
FFFD3A9E
FFFE0D74
FFF7955C
000917BC
0002B2DB
FFFE2A5F
0004659B
FFF923DE
0003CD93
FFFB74D1
FFF9AAB5
FFFCD406
FFFF2046
FFF81B5D
FFFB3DDD
00006892
FFFF2574
00020819
0000EBB9
FFFA31D3
000171EF
FFF74591
0006FA5B
FFFDE0CF
00016DFC
000096A3
FFF948D5
00039C32
FFFB98C0
00012BBB
FFFCE886
000539A5
0002EF8C
0006381F
FFFFE2C3
FFFA7EAA
FFFAA5C9
FFF95452
00008481
FFFE9198
000B661E
0004F45E
0000F925
FFFF3F05
00038544
FFFB7C9F
00033759
00072C8A
FFFE2E86
FFFD0D68
FFFF4E22
00037529
00039D1B
0002990B
00078F5B
FFFD09F3
FFFD39CF
00055049
0004DA1B
FFF5F010
FFF86CDD
FFFF52FC
00079E69
00042640
FFFBC88D
000377D8
0001F85B
FFFD59F3
0002233F
FFFB7B79
FFFDC907
FFFD8864
00038513
FFFF8FA2
000655F4
FFFE217D
FFFEE061
FFF9E8C0
0004BE77
FFF9E45B
00056AF9
FFF9299A
000562EE
FFFCD95B
00051545
00029372
0009C20D
0008CEA8
0005F151
000776FD
0003CC9B
FFFC7EE7
0002A851
00053D22
0005C50B
FFFAAAA0
FFFB40B8
0006CA8F
FFFE9E6F
0001BC8E
FFFCC343
0003A845
FFFEF1B8
FFFB8B45
0001D2A5
00037635
FFFBA1C0
00010DA5
000402A6
000187D9
000418AC
0004F203
FFFFCFAF
FFFE6517
FFFA49D6
0001E9D5
FFFC23A0
FFFFE385
FFF7EB8E
0001B527
FFFDE0E8
FFFAC3A0
0001DE50
FFFF9CA8
FFFA70E8
FFFC8BC4
FFFB819F
FFFEAE9F
0000971D
000622D1
FFF464AB
0002737C
000615B0
FFFAA76E
FFF8BEBC
FFFFB11B
000118D1
00006026
0008D6F4
00044C5C
FFF8F869
FFFE18B7
00049172
000724C8
0000950A
00008970
FFFC2E73
FFF8EEC3
FFFB52A3
FFFEB7FE
000154DB
FFFB938B
000407CC
000A4A79
FFFDA224
00036A72
FFFF535F
FFFE0237
000894E0
00025F17
FFFDEDDA
FFF8ED8D
0001AAB5
0000DB01
00043A87
0000DF44
00042977
FFF7FDA5
0001FD9C
0000FDCA
0004F344
FFFE1811
00004094
FFFABB65
FFF4028A
0005F1D3
00053F20
0007F213
000470CF
FFFF9010
FFFDE47F
FFFFC8AC
00030565
FFFCB767
0006DB88
FFFF6493
FFFD9124
00002B14
FFFB55E7
FFFC9833
FFFF82A6
FFFA7374
FFFCC81D
000340BB
FFFC3405
FFFDFF1E
00037CFF
0001D479
FFFC4333
00066DD2
0000EC5F
FFF6224C
FFFE132C
FFF9A971
000A54F3
00021160
00041E28
FFFCF9E6
FFFD6ABB
FFF74640
000064A2
FFF964F2
00016ECA
0003C3EC
00014693
FFFC280D
0002F94C
FFF5863E
0003F06F
000B42A7
FFFF8CBA
0005F269
FFFAD8EA
FFF9F1AB
FFFBCE51
FFFE6AA2
FFFB06EE
00032F27
0000B616
0008DD2D
00002E18
FFFE9E60
FFFFF5BB
FFFD819F
FFFE9E7A
000498E0
FFFA4C0F
FFF4A108
00078705
0002027D
0000387C
0003BEEF
FFFFF3AB
FFFE9A66
FFF63027
00083203
FFFEF9A8
0004BE0E
00035537
FFFCE7A7
FFFAE824
FFFBDD9E
000BCB13
0002EE0E
FFFC13D5
0000AAF5
FFFAF522
000470F9
0006BF28
0006685B
FFFF72CA
0003E3AD
FFF737D9
FFFA5BFB
000121BE
FFFD0997
0002CFF8
00021034
FFFE0A4F
FFF62556
FFFA859F
0002E6C3
0000F287
FFFDA513
0003A25C
FFFA41F9
FFFBB6E2
0003623A
0004A76E
0004DA9E
00022A5F
FFF4205F
0002EBCC
FFFE337C
0001EC96
FFF7B82E
FFFC7287
00098F9B
000283E0
00028CF0
00085861
00084B66
00086BDD
00062BC5
0008B237
FFFCB849
0001062E
FFFC8E52
000577AB
0001B0A1
FFF88A48
FFFCA35A
FFFB6E93
FFFB7200
0001941C
FFFE894A
FFF369B3
00017DCC
FFFEC87D
FFFFA756
FFFE675F
FFFC816B
FFF96F7C
FFFF3673
00011057
0007F816
00006EB0
00023AF3
0003E3C4
0004F4FB
FFFA68CF
FFF96FA4
000857B3
0006CF98
000188E0
FFFC528A
FFFC9BEC
FFF81984
0000AC6D
FFFE4013
0001D77A
00069D4C
FFFCF3D2
00046970
00013F68
FFFEF012
FFF5215A
0000801D
FFFF23A1
FFFCB2ED
0004779E
FFFE772E
FFF9621F
FFFFCB2C
000351DB
00041071
000187A9
0000E9AA
0009D718
FFFC853C
FFF750C1
0004D130
FFF9982F
000233F1
FFF26921
FFFEFEB4
00006C52
FFFEE215
FFF8AEF0
0003E9E9
0002A4AA
FFFA2A34
FFFBA359
0006F68E
FFFD72E1
00019F68
00037A24
FFF72BBD
000648F5
0000377D
FFFBD0BD
0005A3E4
FFFFB29F
00075B68
0003BBEB
FFFD1C74
FFFC822B
FFFA1BC9
FFF70994
FFFB64E1
00001769
000BBB4F
00074BC6
0005164C
FFFD9809
000733E2
0001D013
FFF9555E
FFFF71E6
FFF7C004
FFFEE470
0004B2E6
FFFDFED7
FFFDCE76
000287E9
0004C102
FFFFCF13
0006D697
FFFAF132
FFFE7E40
0003B325
FFFED523
FFFD45E1
000178CE
000022F7
000AA929
FFF97407
FFFE13AA
00013694
0000352D
00017889
0004D7D3
00015252
FFFD5A49
0007737C
FFF8D194
0004CF0C
FFFE94D8
FFFEFC3D
00026301
000145A3
0003031B
00017FF7
FFF9BA8A
FFFE661A
0006C393
FFF4D550
0008D00F
0003F622
0003F3BE
00021205
00026307
0001A2E4
0005B481
00000FF7
0003F6DD
FFFE4F69
FFFD7C2D
00038AA4
000585EE
000A47E7
FFFD8D36
00069379
FFFB575C
00002B9B
FFFAD56A
FFFB9AA3
0003ECEE
00066E94
0004C20E
FFFDE0A9
FFFD4FDC
0007DFA6
0004C77A
0002B642
FFFDD35D
FFFE7373
00057DAA
FFF83690
00022715
000F23D5
FFFADF63
0005D898
FFF9AF01
FFFCC517
00027591
00046A20
0006432E
FFF99C97
0000D73F
FFFDC773
000A1054
000356E0
FFFA0E20
0004678E
0002C615
0000FE50
0001301C
FFFD083D
00039825
FFFD8953
00033C9D
0006DCDE
FFF86305
FFFCE469
0004F7A1
FFF93B54
000B6B94
0002529B
FFF9D629
0007BAD2
FFF9C0DC
00053710
0005AEFD
000441B9
00079644
00067411
00052AAF
00031B4C
0000AE3F
FFFAC0F4
FFFE4091
0006ECA8
FFFCA519
00025AF7
00006F92
FFF9AE0E
FFF49E6B
00016BC2
0001B8E6
0002CE7E
00023FC7
000443DE
FFF64CD9
00045780
FFFE14FC
00039C67
0000C8E2
FFF7CDE9
000505EB
00080B3A
0000629A
FFF8F222
000260D0
FFF97F81
FFFF91BA
FFFAE8FA
FFFD8272
00027FA4
0004E319
00012080
000594A9
FFFFF4D2
FFFA2C6D
FFFC8C16
FFF67F17
00050510
FFFD6313
FFF70BE7
FFFD5CB7
FFF52C39
00039070
000006CD
0005992F
0001A66A
0006C792
FFFD25AB
00056186
0001DCBE
FFFA3B65
FFFD7871
FFF9B86D
0000DDD5
FFFF47E6
00004C8D
FFFBC05E
00005BCC
000728A7
FFF297BD
FFFBB3F6
000ACA39
FFFFE2F5
0006F093
FFFE6E52
FFFD67FE
00006850
0001ACA1
000807A7
FFF81CA0
00014A66
FFFDB855
FFF9EE0D
00022753
0000491B
000452CB
FFFB40FA
FFF8B990
FFFDFFAF
FFF79A73
FFFC8936
FFF92961
FFF932BD
FFFB9521
00024604
0001A69D
00048BB6
FFF868A9
0008584F
0001F8B6
FFFD3F32
FFFEB899
FFFF0793
FFFF06DF
00046570
FFFC6C21
000015F2
FFFBCD0D
00009394
0000EAC6
FFFC3782
FFFBFA31
0001371F
FFFE75B3
FFFC4D2C
00001570
0000EE17
00002080
FFF8B07C
000178CE
FFFD6BAC
00029FE0
FFFE4E00
FFFDADFC
FFF60685
000418E7
000CDA47
00082A03
00035930
FFF6AF6B
00036935
FFFA4E61
FFFE768C
FFFD204C
FFFCFD7E
00076ABC
FFFF7ADA
FFFCF660
00072B52
FFF9D1FD
FFFFB690
00060794
0007BC95
FFFE8A37
00063A0D
0005458A
FFFE757F
0007743E
FFFC68F8
00023099
0005E56C
000241CC
0005538E
000517B3
000204D1
00049AFF
0006636B
0009AA30
FFFE598F
FFF8059E
FFFC5761
000568DD
0006FBF9
0008BBDD
FFFD26EF
0003BCFA
00067073
FFF83F5D
FFFAAB7A
0000B042
FFF77005
FFFC679D
FFFE79C8
FFFEE7A3
FFF9CFFC
FFFDF874
FFFAF515
000784BC
0001E342
000A3222
FFFD2E83
0002181D
0001AF2E
FFFCD593
FFFD1AE5
00012267
0000DA29
0001CB71
FFFF7F16
00063BD4
FFFD2984
FFFEC7B7
FFFF1435
00019F99
00045D43
0000E5E5
00003048
0005490B
FFFE91D5
000AB991
FFFA09E9
FFFBC905
FFFDD058
FFFC806B
FFFA6508
FFF61899
0000EFC1
000DF9F2
FFFAC909
0000E141
FFFCC998
FFFC8103
FFF634E5
FFFB42EC
FFFC1AA2
0001F90A
0001CB5E
FFF740E3
FFF8E8B0
0001AC47
FFFFAD29
00085317
0003FAB2
FFFE0C18
0000797A
FFFFEDE2
0002FABA
0000B3E4
00058D4C
FFF7C141
FFFCA471
FFF69B3F
FFFD2F9F
FFF9AB23
00009169
00061283
0002B6EA
00035B18
00008BAD
FFF86E9B
0006B349
00060E10
FFFF9574
00063F16
FFFC38FD
FFF70016
FFFB2046
00038A90
0000A4BC
FFFA98FF
0002BE5A
FFFE27A8
00080186
00017223
FFFA3B79
00039A31
FFFE663B
FFFC0080
FFF6B0AF
00008AD0
FFF9AADE
FFF5D04B
FFFCED46
FFFA3112
FFFCBEE4
FFFF7A83
FFF99B93
FFFE3081
FFF6FAA2
FFFF180E
FFFF7D93
0004DCC8
0007AC74
0000EB1E
FFFE1A52
000119C9
FFFFA04E
FFFD2C86
00058E77
FFFCB9B4
00048C1D
0003D0B1
FFFECF41
FFFBE073
00030489
0001F2D8
000A571E
00027B81
FFFF4728
FFF94EAF
00076A44
0000A32B
FFFD7F60
FFF72C2A
FFFC5B19
FFFE7F10
FFFFD90C
000419F2
0003ACE6
0004AFB4
FFFCB0E4
FFFD0D5A
FFFC597E
0006C39D
FFF978F0
FFFE3A25
FFFE5113
00012DF5
FFF5E247
FFFDC291
0003A3D3
FFF871A8
FFF47655
0003AC40
FFF68688
FFFD5CA5
FFFA4A23
FFFF6B72
FFFCB5E3
000367B7
0004AD4E
FFF9CABC
0007C051
FFF60834
FFFA2A9F
FFFEF85A
00045464
FFFEBA69
FFF7FA41
FFFE5425
000AFD57
FFFD57AC
FFFECC8F
000780E9
FFFF2EBD
00006E24
000C028B
00068B72
FFFE4651
000535DB
FFFFA419
000025F5
0001E2EA
FFFEDBBB
FFF7A992
00011114
FFF9B2BA
FFFFD6F5
0004079B
00067ED6
FFF7D232
000518A6
00025D9F
000067E9
000007DD
FFFC9EE2
FFFD5ECB
FFFA0178
000289FA
0004B6BF
0007E16B
0007D372
00035D43
FFFFB928
0003B761
FFF69ABF
0007A1F1
000621DE
FFFEFB97
FFF609CD
0004A47C
FFFFA7EE
0005DED2
FFF3A25E
FFFB7346
000575EC
000290CB
FFF9E066
FFF9E3F5
00053AC3
FFFA0540
00051750
FFFFF485
000388BE
00000FA8
FFFE63B6
FFFA189C
000331E4
FFFCBA60
00032336
0000E7CF
000343A2
FFF5DC9E
0003442E
FFF859F4
00029BF1
0002F277
FFFC960C
FFFE5EE0
FFFB4E7F
FFFFAB4D
00026029
000D74A7
0008BC5A
FFFB8020
FFF5EF8B
00029F22
FFFA4253
000066C0
0003A9A5
0004AFDB
00060625
0006029B
000319C7
000284C5
FFFD7793
000104E8
0000FE73
000983A6
000066E5
0009E71C
FFFCEFE1
00021767
00020D02
FFF83590
00088B74
FFF9206E
000141EE
0000B2DB
FFED887C
FFF27FBF
0003C558
FFF82DF0
FFF87D87
00066377
FFFE4CEE
000199F1
FFFFC214
0004BADD
00064B4D
000165B3
FFFF8A57
FFFB216E
0002890E
FFFC7AB8
00084614
FFFC6590
FFFF6687
FFFD5CDF
0004A3DD
FFF7BE9E
FFFD9328
FFFB12EA
FFFB17BA
0006E0C8
0003B644
FFFD9083
0001C374
FFFA975F
0002416D
FFF59E85
00023A4A
FFF7F173
00043BE7
FFF44E52
FFF5C00C
FFFA2FC8
FFF58BAD
00014598
FFF8F14E
FFF46DA8
000535F0
FFFB3F8D
FFFD8B63
00054CD4
00017772
000A0B97
00090413
00074D90
0006DD59
0004AD52
0009221D
FFF7B648
FFFB000A
00047D71
0002C128
FFFEFF77
0008F613
FFFF1DCB
FFFE0D28
00037652
FFF51068
0001C321
FFFCF7E8
FFF711DD
FFFA9401
00007F1A
FFFFB9CC
00025A12
00005958
FFFF37AA
0004D069
0004FE45
FFFFF5EF
FFFEAAF3
00066F6D
FFFD4EBF
FFF6AE8C
FFFBC31E
00075397
00017C0D
0005E19A
0002B775
0002FC22
FFFDE79F
000143B1
FFFC2774
000C1E5A
FFFC9BF6
FFFD9372
FFFBECED
00000F37
0009B2B2
00028292
0001CA87
0009D1BE
000BE86C
FFFEA180
00034050
FFFE0E35
000986FD
FFFE1DBC
000A0488
000752B2
FFFC3A0A
00076DDE
FFFB50CC
FFF58F40
0004DAEF
00014368
FFFF4980
FFFF555F
FFFDB9E1
000601E8
0002FDB5
FFF8EC7E
000816EE
FFF36EFD
FFF93C54
FFFF5F09
FFFCAA74
FFFCC617
FFF9A15A
FFFD0AB2
00027BF1
FFFA7D37
FFFDDD2B
0000A08E
0000D6BE
FFF62BA6
FFFDB083
FFFA84C6
FFF514E9
FFF95FB2
FFF4DE12
FFFA03FF
FFFBCA56
00011D0F
00047F5B
FFF81616
FFFA4385
00035308
00045204
00064B8A
FFFC2120
00069092
000127ED
FFFCE8BA
00021E82
00062F79
000796FB
0000FEE1
0001545F
0001D3C2
FFFB0981
FFFFDB6E
FFFF8E1B
0003FA4F
FFFB3973
00025D19
0000DC06
00054E9D
00084F63
0001C960
00002B41
FFFE4807
000584B5
FFFDCEC2
000506BE
FFFF6F8C
FFFCC31A
FFFB4657
FFF66CEE
FFFFE41E
FFFD167A
FFF8BA76
FFF3A941
0001F1AA
000259EC
00012E86
FFFA0597
0008AF44
FFFEE427
FFFD473C
FFFB2DF3
FFF5C542
0002199F
FFF51E74
00057FD7
FFF7696F
00037012
FFF23D66
FFF9F45B
0005E8CB
000677F2
000547BC
0000E0CF
FFFF1A52
00067147
00056910
FFFC46CE
00029408
00091EC6
FFFEBABD
0009FD64
000A2CDC
FFFBF95B
0003D503
FFFE9C24
00078AF2
0000020F
00070C51
00074D54
0004BD93
0002C375
FFFFBA7A
0003CEB5
0001E3B4
0008BBD9
000487B2
FFFB81AC
00038134
FFFCA98A
FFF76054
FFFF969F
FFFFAB69
0004D809
00076EAF
0007DE21
0005E779
FFFDEE12
FFFAFF5E
FFFD793D
00048EBC
000166AA
000AB7D5
000662BB
00003F21
00094F89
FFFE9BAD
0001A1A3
FFFFA8C5
00026E1A
FFFE67ED
FFFEB939
FFF9B0CA
FFFA130B
0002BFBC
FFFEC9D6
FFFB3699
0000CFEE
FFF862D2
FFFE2408
00072690
FFFA7EF9
00024892
0006B45F
FFF62FAE
FFFF675B
FFFA1A9F
0000B85D
FFFEE54A
0000C5E1
FFFCA61B
00073D0D
FFFA90CF
FFFD4E40
0003E813
FFF8339F
FFFF4C8B
00028DBF
FFFE4468
FFF86C4E
FFFD2959
FFF9CB66
FFFCAC18
FFFD81E3
FFFD9D21
FFFF6AB6
0000A57E
0004A880
FFFCF9FB
FFFACD09
00098A87
0001289A
0000E56B
FFF7C371
FFF4BD05
FFFCA3DE
FFF6DA0A
FFFE9C6C
FFF639D8
0000AC21
000256C9
FFF963A4
FFFE310F
FFFAD2AC
FFF8C538
0003321F
0005F10A
000215F1
FFFFEBA1
FFFE14FA
FFFA17B5
0006997B
FFF80809
FFF9EFBB
FFFC4B36
FFFDE2CD
00042AC7
FFFE4300
FFFF0D13
FFFD224D
000A00AA
000515D4
00068FD2
00065714
000A06AE
00028AD7
0006AEBA
000673D2
00046FDC
0001E441
FFF7B733
FFFE1FCD
000829FD
FFFD122B
00075F9B
0000F295
0004B2E8
00034BC6
FFFBF1B8
FFFF5049
000389A9
FFF6AB65
00045CAE
00004511
FFFE428E
FFFBB3D8
FFFAED5C
0000E3C6
0000666C
0001583F
FFFDF07F
FFFDC114
FFF97C16
000687F1
0006041A
0007A471
00017C71
0008BB1B
0002DBCF
FFFCDE66
FFFDBAF5
FFFBEE06
0006B94F
000689F8
FFF9ACA9
00046366
FFFE2906
FFFF7591
FFFB5971
FFF7C02D
FFFAC8A6
00037D27
0005E247
FFFEC0BE
000073B5
FFF9A7E6
0001B3EE
00040134
0000744C
FFF87523
00037E90
FFF9680C
00089B3F
000339D8
FFFCAD19
0003374B
FFFCB0E7
FFF9DFC4
00007A88
FFFDF37B
0000ED69
FFFFE8F1
000009FA
0008E099
FFFD7714
0007A39E
00064368
FFFA8E57
FFFA0666
0001FBB4
000363A0
FFFE48DA
00012FAC
000355AA
FFF46206
FFFC1D1B
FFFFF681
FFF5BE4A
0001718A
0002DF28
0006B987
0001DF3B
000C7529
00063C2B
00095B81
0001C325
00041B94
00091010
FFFF838F
0006B167
0003C068
0008A2D1
00007D19
0002E9B4
0006E823
FFFE0C8A
00027334
0005EECA
00013A80
FFFC11A6
FFFC3426
FFFD4DD5
FFFDFB0F
FFFFF520
00031E7D
000068D5
000136DB
000335E0
0005C33A
0000EF4D
FFFCD254
FFFAA65C
FFF8B1C0
FFF97461
0001F03C
FFFC1FB8
000498B5
FFFF6745
0007D1B5
0001BF49
00022293
FFFE89C0
FFFA130E
0003E46B
00040F38
0007D642
FFFCB788
00019876
FFF88745
000332CD
FFFEFF6D
FFFE4F54
FFFD71E5
0001729D
FFF94CAE
FFFB8B5C
FFFDE56C
FFFD72E9
FFF746F7
FFFA39DC
FFF72E22
FFFB2802
FFF4145D
FFFF7FC2
FFFE708F
000172C9
00084259
0001B0CF
000AF7CC
00005159
0005F65F
FFFC591E
0002A84F
000B52E8
FFF797B3
FFFC3F24
FFFDCF6A
FFF8EF1D
000907B5
000661C0
0000F05E
FFFFEF71
FFFC4828
FFF92B47
0002D3AE
FFF8BE73
FFFD582C
FFFCF540
FFFAAF00
0006495E
00089CBF
FFFE761D
000467DC
0006E880
FFFCC382
FFFFF9FB
00018F05
00080130
00016BF9
0000FA2A
FFFE981A
FFFDE67F
00061114
0003CF49
FFFDDEA1
00063F79
FFFBBB4E
0005E713
FFFA0AFA
FFFB7C8E
FFFCD431
FFFEC198
FFFE9E8D
0003DED5
000483BF
FFFBC9AB
0007A4C4
00052BF8
00005540
FFFC49D1
00008E33
00033890
FFF8E40D
FFFD3F8B
FFFFD12E
00065C05
00005620
FFFA6352
FFFEFE36
000118E0
FFFDAF7F
FFFAC5BC
00013A81
FFF675F5
FFF50C3D
FFF6F1FF
0005B718
FFFF877C
FFFCD9EC
FFF66540
FFF7E92B
FFFD24DD
FFF9967F
FFFA034F
FFFF49C7
FFF6296A
000248C4
FFFFAB8F
FFFDF24F
000023ED
FFFC63FF
FFFC62F3
00014312
0001DA71
000149F8
000D306C
000B1AF5
00096DD2
00071B4E
FFFE6B7C
0004B43A
00003602
FFF8D75B
FFFF252E
FFFCAEE5
FFF360B0
FFF8A348
FFF63D98
FFFF0F54
FFF55513
FFF3A278
FFFFB6F1
FFFC7C80
0005024B
0004661A
0000D9E8
0004F4C2
FFFE1C9F
00048C8E
FFFA1F24
FFFB3B8F
FFFF96E3
FFFEE560
000F52E0
0001CEC8
0007B032
0007E30F
0009609A
0003A6CF
FFFF36AF
FFF9A283
0002EC69
FFFD083C
00006001
FFF82776
FFF85004
0004854F
FFFB400B
00029B7F
FFFF59F2
00055BB1
00076C67
FFFDB619
0001299C
FFFDDC64
000A09DA
00049F76
FFFF37D1
FFFCBF80
000146A3
0000DA74
0002DB1E
00001077
FFFF9002
FFFDA671
FFF8FA25
FFFAE629
FFFA0B78
FFFC0F75
FFFA9BFD
FFFD7F4E
000692E1
FFFB9E5F
00007223
0005A868
0002B0D5
00007D0F
FFF8BA0D
FFF7FA8E
FFF75052
0004D2FD
FFFF1C8B
00049033
FFFC0F8E
0006E0C0
000A2FFC
FFFE8CAA
00019756
00008FE8
0007E10C
FFFB9106
FFFE0B2C
FFF9F025
00011485
FFF5B218
0000E091
FFF3D2EF
00014371
0003D7D5
00006EA8
00023A62
FFF97D4A
FFF8F1A1
000327AC
FFFA123B
FFFFB0F4
FFFB6167
00025E09
FFF95164
FFFCB868
FFF6CBA5
FFFAD784
FFFF3EE1
000CCE36
FFFC5FC3
FFF9AAF8
FFFE5D0A
0001BB1D
FFF7905C
0007CE56
FFFD61DD
FFFE02D0
0001880E
FFFF83CE
FFF76523
FFFE3E4E
FFFD5AC7
FFFE9F31
0000C6CA
0004D4BD
00023830
FFFA69C2
000042C4
FFFEB7E9
FFF4643E
FFFBCDB5
0000B4C1
FFFCD02A
FFFE9372
000AF4F7
00012D63
00065891
000E0C16
000580E5
FFFA97CF
FFF4ADF0
FFFE449C
00057BF0
0000B805
FFFC9FA8
0009498F
FFF60562
00000783
FFFEAADF
FFF9E6CE
FFFA996A
000CBB71
FFFEBBA3
0002F00F
0001F87F
FFF811BF
FFFAEF6A
FFF66D45
0004FB5B
00003F8E
0000B0F8
FFFEA264
FFFE2AF9
00039AC3
00084377
FFFABC09
0001B9C9
FFFCCC8B
00050948
0007F936
0005AB92
FFFA4E8F
000341D5
FFFCFB08
FFFFB8D4
FFFFFE2E
0008258C
00041127
000136DB
00001AF1
00009961
00013EFF
FFFD461B
0008C0FA
FFFAF667
FFFDFD74
0004454D
FFFA38F3
FFFA1B02
00005569
000227B5
00000497
0004A7E8
FFFC9BDD
FFFCF303
FFFA9B9D
00063534
0009D607
0000C80C
FFFE9261
000611AD
0002676E
FFF6A8FF
0000D712
00035917
FFF70918
FFF46F15
00049164
0000E980
0004BCAD
FFF8F852
FFF61286
FFFDB35A
FFFC9B2D
0004C127
FFFC629C
00048742
FFFC368F
000317AE
00019D85
00059571
FFF7F42D
FFFE9D7C
FFF806DC
0007ADEC
FFFCDE21
0002B2DC
000293B8
00069AC3
0006BCD9
00028169
00031B72
FFFE349A
00008169
FFFDFE14
FFFD26F3
FFFB95A8
00087FDB
0001596E
000027FB
0000A3D2
FFFE5774
00039765
000381E0
FFFA6546
FFF4D9E5
0006A9B3
FFF6BA36
000770D5
FFFAAF48
00024E15
000BAD09
000958DD
FFFC0E7F
FFFF9DBF
00056BF5
FFFEBC63
0002D679
FFFBC4B8
FFFC5597
FFFEC73F
FFF84ED9
FFFD917A
00016606
FFFB21BC
FFFD6CFA
0004CE6E
FFF5F517
000076C0
00096199
00020E97
000B41B8
FFFCBD8B
00040D08
FFFB2614
FFFD04FD
0006D573
000136EE
FFF5C3A7
FFFDB52E
0001F12C
0003E30E
FFF3913B
FFFA9FAD
FFFC6A22
FFFFA91A
FFF7340B
FFFBC1D5
FFFB9D73
FFF48047
FFFD68CD
FFF884C6
FFF97311
FFFA41E2
FFEF3040
00032D25
00079F23
FFFCAA25
0004C0E3
00081B18
FFFED1B6
0002C0AF
FFFF4AD7
FFFCC767
FFFF0C24
FFF861F9
FFF9DFD3
FFFE95C7
FFF8FA29
FFFB31DB
FFF8FD47
FFF543F3
FFF9BA4D
FFFBC6E2
FFFCECB2
000497BC
0002CD28
00034C49
FFFBDC46
FFFE2D2D
00056B92
FFF9C1CB
00050E94
FFFBD8D7
0000F8F4
000102D7
0000FCE9
FFF9F016
FFFE9308
0000DC6B
FFFAD6D3
FFFE3AD4
FFFC728F
FFFDFFD9
FFFAF0E1
FFFC87A6
00021448
000261BF
0000CD7B
00059AEF
000734E0
00007A3F
000492C4
FFFD9CE2
000495BA
0004D3B5
000219CE
FFFD92B4
0002FE82
FFFA6C13
FFF76BF2
FFFE38C6
FFFA1C40
FFFAB62E
0002A2C1
FFFD3B71
FFFE9518
0002D761
0002FCD3
00060800
FFF885EC
0004F819
00081B44
00056E62
0002A0B6
0005CCF7
00036C36
FFFEA693
FFF6E3B9
000020BA
0000789D
FFFC27C5
FFFDDE55
000021EB
FFFA3E95
FFFA1363
FFFC9352
FFFE96AB
FFFC6670
FFFE2A7F
00063B4E
000AFF0D
FFFFE919
FFFC4743
FFFD138B
FFFC86C7
FFF5F0A1
FFFA6B99
00044A32
FFF42AA8
FFFE34E0
FFFDE14A
FFF7EBC8
FFF92C8F
0003D13F
00076F3D
FFFD3583
0001C617
FFF8A40B
FFF65477
000283F9
000299EA
FFF53679
000CC3FB
0006D51A
000498C6
001122F4
00034B8A
00032E7F
000B0B6A
FFFF9FE3
FFFE5D17
0001E954
FFFD6388
FFF7AFE3
FFF81B75
000211F0
000147DF
FFFE7920
FFFBC598
FFFCBC37
000551C0
00065494
0002B81F
FFFB46EC
0006EAD4
00066985
00024A81
000467B7
FFF7F3A1
0004A96B
FFFEA32C
FFFF5869
00029B05
0005EF1B
FFFED61C
FFFE828E
000B5174
FFFB61BB
FFF54530
FFF1FB5C
FFFD6699
FFF7A61E
FFF86C87
FFF4D3EA
FFFE4111
FFFDFD36
FFFB7EDC
FFFDE505
00018320
FFF6F177
00007796
000250ED
FFF9D2ED
FFFCF85E
FFF6FE6B
00037654
0003DC97
FFFA2333
FFFDFB5D
0006AE86
FFF987E3
FFFCBDEF
000138F7
FFFE1853
FFF711FD
00039017
00022C63
FFFF4CBC
000DE572
FFFDAF2B
0003865F
00003A41
0000D2D6
FFF8413D
FFFFA5A7
000509E6
FFFC66AD
FFFEEB9F
00085A7B
000B7B22
FFFBD896
00012EB7
00093AB2
FFF695C6
FFFDAC08
FFF4F9AC
FFFB4C84
FFFA8EB9
FFFEAF93
FFFF8741
0003D1C8
00065694
FFFAD4F0
00025A7C
0007B2B9
0005AD00
0000DB04
FFFD1DFA
00079733
0002DF27
000356E1
FFFD0C63
00025CCC
FFF4EDB4
000626E9
00072615
FFF7E45C
FFFA5D78
000BE92D
FFFE23C2
FFFAD6B8
000382E0
FFFD0ECC
000A3FD1
00079C9B
FFF68340
FFFB2767
00038F60
FFFE7ABC
FFF460E4
FFF8FB3B
FFF746E8
00045EFE
0004F334
FFF65D7F
FFFEC8D1
FFFEB871
FFFB36D9
000C9BBA
000572BC
FFF777E7
000A92AA
FFFE2CC2
FFFF0799
00055226
FFFDBE0A
00031171
00095A00
00063D4A
0003DC3B
0002F232
0002D8BF
000038AB
000777FC
0000CC9F
FFFD03E9
FFFC7875
0005B688
000457C1
0005A8F7
00060DD6
FFFD4CA9
FFFFB5A0
0005FE9E
FFFE819A
FFFCBA2D
FFFCF1C8
00020208
00032612
0004E2C3
FFFC2A58
FFF2ACA2
FFF57108
FFF78C4F
0007CF4E
00034B00
FFFAEB01
00022BCE
FFFC0C23
FFFD6EF3
00083761
0005B9B1
FFF9E888
00053BF5
FFFDB8DC
0004E7E3
000075D1
00008A04
00052EB6
000B22D8
00018270
FFFB055E
0001291F
FFFA0A2A
0005B853
00052675
00024080
FFFC7D9B
00041E76
FFFF62FC
0001060D
FFFBF93A
FFFF2D38
00042502
FFFB9D36
FFFAED61
FFFB16FA
FFFC4AA7
FFFAAE27
FFFB7821
0005BD3A
FFFD0809
000B5D27
0000CB20
00002391
FFFC05B0
0000DB6E
FFFCA5D1
00008992
000060E3
00045BAF
0007C59C
FFFADF88
00014376
00058832
0003C692
00003AEA
FFFB9DC6
FFFC14FD
FFFCCC63
0004CDB9
FFFC360A
FFF91C9E
FFFF657C
FFF7C6E8
0001677C
000075D1
0008C702
0004A7BE
FFFDDFC3
00052901
FFFC0C91
FFFF68F5
000716F5
FFFF8577
0003CCEA
00002D24
FFFDDBC0
FFFE6B36
00008558
FFFBC6D3
00012C8C
0003CC2E
FFFFBE3B
FFF6ED23
FFFC6A48
00009C40
FFFE613E
00027790
FFFC78B0
FFFF54CE
0001C537
FFF8152E
FFFD007B
FFFC5450
00001124
FFFC71B8
0009857C
FFFFEEA8
00090D96
FFF7C71B
000210D0
00010F9D
00012EE5
0005326E
FFFF9D51
000119D7
FFF48D98
0005F483
FFFFD8D3
FFFBEBFD
FFFDAEA4
FFFAF755
FFFCF4C7
FFFD4983
0007A89D
FFFCA2CE
FFFF82C0
FFFBF6A6
FFF58354
FFFEA0DA
FFFB68FC
FFFA7429
0004AB35
00068968
00061C6F
FFFE4FE0
FFFEE1DE
FFF911F7
0000FA65
FFFE21C5
FFF56B3C
FFFFA158
00052831
00011B27
FFF89A2C
0002146A
FFFAEC6C
0002917A
FFFA3502
FFFEDE10
0001ED48
FFFDDD94
FFFAF8DA
00008E18
0000D85C
00021D9A
00057D57
00056DD2
00073814
00050139
FFFEDA90
00013ABB
0008A545
FFFFCF9C
FFFE9E5E
FFFE7AF4
FFFEEB7F
00053C1F
000558A0
FFFC5DAA
00062233
FFFD9CD8
00030F85
0008523C
0005C57D
FFFAD37F
FFFD352C
0001C05C
FFFD9307
00088C91
FFFD2D5F
FFFFB04E
FFF69B2F
FFFDB2CD
00029873
FFF85932
FFFF38FB
0003B47F
000FF2A6
0005B55E
0001EB9D
FFF2E2A0
FFF6B04D
FFFFE8B2
0003C4ED
FFFC57A8
00004C2B
FFF9E3B7
FFF46086
FFF7363D
00038DB2
0002078B
FFFAEA78
000581AD
FFFFB5A1
FFF730CB
FFFC5979
0003B122
FFF9F060
FFFCB16D
FFF7BE09
FFF8C1E3
FFF71B3A
FFFAAAAF
FFFF2C04
000672D1
FFFB0554
FFFBFC76
FFFB56B4
FFFB2F83
FFFBE95F
FFFBD4D3
000362A2
FFFCFA6A
000898EA
FFFDF8C4
FFFAE608
FFFD29A5
FFFE6179
FFF9B51B
FFFCEA8F
0002D3FC
000B3B98
00041A60
0004A5EC
0008E8B5
FFF2FC29
FFFC4D9F
FFF687D1
FFFA5901
00025701
FFF8686F
0005024D
FFF6AA06
FFFF8918
FFFB20FC
FFF72A9F
FFFE7FB5
0001769D
00008C59
0009E0A3
00051DAD
0005CAF1
000049B1
FFFA831B
FFFC0A5E
000342A7
FFF7F6A1
FFF827E0
00015255
00062B37
FFFB8E68
FFFADBB0
FFF7F2DE
FFFC780A
FFFCBA88
0000F183
FFFB5249
FFFCE5D9
00059E36
FFFC5759
FFFF8952
000127AD
FFFDFE9C
FFFCC2B2
0002FC22
FFFA8E7E
FFFC6F30
00045F48
FFF899EB
00016DE8
0005A06F
0000B6D9
0003043A
00052F52
000250CB
0006E8C6
00031B33
FFFC7458
FFFBEAA1
FFF80411
0003C8C2
FFFD27AC
FFFF2CC0
FFF9A148
0006C8C2
000CFC50
00029299
0000A437
FFF6114F
FFF0E42B
00025F20
FFFB05A1
00045B2F
00062CBF
00005559
FFFFDA58
000389D3
FFF9942B
FFFF7EB6
0007A435
00027775
0001BFEF
000A0466
0000E3EF
000670DD
FFFC5684
FFF9617B
FFFEA6CA
FFF7A5E9
000755B9
0004A97B
FFF4D859
FFF7EE80
0002CD4B
FFFE7EB1
0004C343
0005B41E
0001EDF3
0003B06B
FFF88E9C
FFFB4FDC
00052778
FFFD2CE9
FFFFDED8
0002012E
FFFE9157
FFFFCF5E
00009331
FFFEE7F6
FFFE089A
FFFB43BE
FFF2D734
FFFF72F8
FFFD2083
FFF7B375
000572DF
00025092
0002960B
FFF9C9C6
FFFF0293
000842D8
FFFD0DC2
000C8471
0007F83E
0000C3D9
FFFB1DDD
00039F7B
FFF83586
FFFFC94F
FFFCB55F
FFFCA6A1
FFFC9AF0
00055BF4
00001625
0003B828
0006417B
0005767A
00063737
00078C94
0000032A
00024205
FFFADF2F
0007B556
0003A22E
0007C050
0004F3DB
00086017
0000943D
00067AE8
FFFFAF1A
FFFDE81C
FFFAC7AA
00017DE2
FFFDCC9F
000023B2
0006F2A7
FFFE4C65
00040537
0002086E
0004C02F
FFFDEC2A
FFF98A3E
FFFA9018
FFFC2B20
FFFBBA5A
FFFC40E0
FFFBEB9E
FFF91E29
00046237
0001E6BF
FFF86B64
000305FA
FFFF227E
FFF95F3E
00052C41
FFF83D7F
00034915
00036E8A
0008E80A
00062FEF
00003494
0003BE51
FFFD7E39
FFFED6EE
0008067F
FFF9275C
FFF98598
0001429F
FFF9D3BC
FFFEB2D4
FFFE74F7
FFFEC118
000267A0
0003624B
FFFE01BC
0002FFCB
0006FFC6
00040E19
FFFD8166
00032708
FFFFA4E3
FFFD4F8E
0002BBBD
FFFBFF5D
FFFFB8C8
000421C0
FFFFDEF1
FFFD9D9A
FFFD3D20
0003709D
0000B29A
0005A561
FFFF6A26
00074F8A
FFF8A5D1
FFFC2279
00057F10
FFFE6B0B
FFF69002
FFFD591B
000053BE
0004C3EB
00054F4C
FFFF78B2
000A3317
FFFDCF19
00037E78
FFF7188B
00061638
0001DB91
00052AA6
FFFFFF49
0000B721
FFFB2C9C
FFFBAF89
FFFFAE7B
0007D037
0000326E
FFFCA035
00056DC7
000223F1
0008FBB5
FFFF41E7
0008EB57
0007F566
0003308A
FFF79AF9
0002536A
000586D5
0002BBAA
0000FB04
FFFE6E66
0006827F
FFFCD517
000464B1
0006CFB2
FFFFA525
00076467
0006B756
FFFDABA4
FFFFB522
FFF8E838
FFFAFE4F
000074C5
0001835F
FFF80621
FFFF26DF
0003087E
FFF64DEC
FFFDC2BF
0003F969
FFF91249
00008F5C
FFFCD57E
FFF95121
FFFF51F1
0003CCD8
FFFA1660
FFFA674C
0002988A
0005F608
000893B3
00035756
FFFC795F
FFFBD0CA
FFFB7EDF
00055F04
FFF96AD6
FFF9C819
FFFE975D
0005E29F
0003DC71
FFFA0867
0003129C
FFFE0F93
00076C6F
FFFD2A6C
0005B64B
FFFFF1EA
00033DA8
FFFF8DA2
0007213F
FFFEE3D9
FFFBDE08
FFFFBA15
FFFD7933
FFF9118C
FFFA7535
00025238
FFFD7192
FFFF80BD
00007A9C
FFF924B7
000909A9
0006287D
FFFB8BEC
FFFE2EC9
000608DC
0002190F
0000DAEF
0007E117
FFFEFE6F
FFFD81D7
0005B2FA
0001472A
FFFA442C
FFF3C422
FFF8D943
FFFAC074
000BB162
0007094C
000501B0
0003FFA1
FFFDD3D9
0003AC96
0002F219
0004819D
FFFD400D
00048CD0
00049002
000326DF
FFFD4944
000447C0
00041B67
0005BAC8
00030A26
FFFA9C82
000041F1
FFFC2F1F
0001BF84
0000FB46
00083F1B
0000EF37
0001E8F3
FFFF21D3
0000C09D
FFFFB625
0006113E
00007419
00078C8E
FFFF3892
FFFA3FBC
FFFF61E9
0003604E
0004826C
00079263
000129E7
FFF8BE82
00024E71
0004BBD1
FFF7C7E4
00071722
FFFA8C40
0005C670
FFFF9529
FFFD4AC8
FFFF0799
FFFC5118
FFFA4BB3
0005BF8C
FFFCEA2C
0003B18A
FFFC0501
FFFABC2D
000517E0
FFFB6ECB
FFF7F442
000124AA
FFFD5CF9
FFF91AFC
000226C3
00091EDF
FFFEC5D4
0000EE5E
00087AB2
FFFEE53C
000492ED
00089634
FFFCA661
FFF78C1B
000901D7
FFFCC4BC
00073CB6
FFFF203C
0001B7D5
FFFE6650
FFFEE1B2
FFF986CF
FFFFCAD3
000253A0
0002535D
FFFD8150
00082423
FFFC8BFF
0003AF2A
FFFC7B47
FFF64896
FFF7B0A0
0003F054
FFFC9E92
0005AEDD
FFFCDD7F
FFFEBF7C
0009E377
FFFD7BD8
0007BC74
FFFE80B6
00031704
FFF9216E
FFFB20B0
000100CD
FFFA7008
FFF83420
FFF2DB45
FFFED587
FFF853E0
000271E8
00030C1C
00022051
FFFC74D0
FFFDC65F
FFFDCDCE
FFFF7E83
FFF499E5
FFF2A4FD
00083E4C
FFFEC711
00057C44
FFFD6C3A
0007E0AD
00015192
000529DD
FFFF3C2B
FFF8923A
0001D99A
FFFF4653
0002C274
FFFFED9B
00050802
FFF9D2C3
FFFE557A
FFFD74C0
FFFCC4D2
FFF9A5A1
0000DF1F
FFFED659
FFFE1A1C
00007AD4
00049208
FFFF5211
0000DD7D
FFFCD154
FFF8270A
FFF95661
FFF8C84A
FFFFEDBF
00099C15
FFFE47B5
0005E930
000B251E
0001259B
0005DDB1
00024822
000AF121
0007B51F
00080FD7
0005617F
00063473
FFFC4236
FFFFDCF5
FFFFC052
00033879
00032640
00036283
FFF64DB8
FFF68652
FFFE215F
00049CB9
FFFEFBD0
FFFFE762
0003B413
FFFC1427
FFFD37CD
FFF90F28
0006D7BA
FFFE00DE
0002219C
00081D65
0008810D
FFF84CA1
FFFD5503
FFFDF150
00032DEF
FFF89E13
FFFCD768
FFFDE023
FFF79453
FFF7C3B2
FFF8E309
FFFB9A6D
FFFC4E4D
000031DE
00026379
FFFE0CD4
000403C2
FFFA6327
FFFCBF96
00034053
FFFB8287
FFFB96C1
FFFFD000
FFFD5096
FFFCC572
FFF868C7
00040A6E
FFFE7B3C
FFFA9886
FFFA0422
00074762
0004F474
FFFA8F22
FFFA59D9
000632E5
FFF8168C
0000B2FB
FFFC11A0
FFFBE0E2
0000FF99
00067D0C
FFF97A13
00056A9B
FFFC02A2
FFFD912D
0004AD4F
0006D1B8
0001C405
FFFF5D80
0003B195
00065657
FFFEE9EC
000201EB
00008C38
0000B5FA
00017B87
00077B63
00024410
FFFF7AE3
FFFC2AAE
0002F042
FFF8DA90
00069B0B
0000B96F
FFFFFE04
FFFD2AE0
FFF68C4E
FFF8B252
00018CF2
0000739B
0002B5B3
FFFED5E1
0004B40B
FFFC6132
FFF851B6
FFFAE857
FFFCCF51
FFF9377A
FFFB00FB
FFFF8032
FFFC3574
00049746
00050C93
FFFC3651
0006E3F8
FFFD1ABC
FFFED7E9
FFFB24D6
0005FAC7
FFFA273E
00042A79
FFFBEB07
FFF8EEE5
000C3C2E
0000868F
FFFE8EA8
00022094
00059382
FFFBF76F
00070931
0009F978
00002F1B
FFFEC972
0000B586
00032A97
0007D73E
0000CEDA
0001DDF6
FFFA5FED
000485B6
0006E886
0000C1E6
FFF8E3FE
000498AC
FFFE9CFE
00019325
FFF9D2BA
00033098
FFFCA95F
0000C4D3
FFFC3976
0001F490
0003E9A9
0003D960
000509B6
FFFBEA71
0005F877
FFFBBE26
FFFD999B
FFFC9304
FFF842EA
FFFB226F
0002ED14
FFFD27A4
00060A60
00006A4F
FFFF8DCE
00018687
FFFCEB18
FFF94D00
00084682
FFFF0AE7
00045636
FFFA57C8
FFFC15BD
FFFD584D
000344AD
000864E9
00016A81
000333A2
000149BE
FFFDD588
FFFF0BC8
FFFA3BF6
FFFE8F2E
FFF7CE5D
00052FD2
000BFCB3
0006E866
000E983D
00023076
00067E55
0008906A
00013D1A
000B4F12
FFFB167C
0001F866
00058FA8
00013D16
0004302F
000C4B8D
FFFD7E24
FFFD12E9
0000263F
0000D770
FFFDF0D0
FFFB0620
FFFE13E7
FFFD68C6
FFFFEF0A
00036713
FFFB27D7
000333E1
00001F81
FFFA8C83
FFFB91C5
0004A1A5
FFF84D90
FFFF8B37
0000461A
FFF4795C
FFFE853F
FFFA13C9
000346E3
00024743
0001EBEF
FFF84CEF
FFFAD5F4
00015FCC
0004B452
00045405
0003871F
FFF6649D
00007985
FFF91753
FFFCBC21
FFF7D958
FFFAED9A
FFFB178B
00017162
FFFF3D9B
FFF4DA8F
FFF98222
FFFCE284
FFFFBBEF
00046AA3
FFFDFD31
00022F56
FFFF3725
FFF5C4A4
FFF92001
00024B33
FFFE70FD
FFFE0682
FFFE6CD4
000196BE
FFFDD904
FFFC024F
FFFA77EE
0003C328
0004012C
0006FAA3
000476FD
0009D31C
000A35A5
0003ADFE
FFFF535E
FFFA2B1F
FFF9B712
0000CEB1
FFFE7DA5
00048564
0001ADBE
0008466C
FFFB0C9E
FFFFC698
00087844
00069CAA
00005803
000958E8
00044872
00023038
FFFA4CFF
000BCBC7
000612D4
FFFF1962
FFFF94FF
FFFBF133
0002500E
FFF4FC45
FFFB57A6
FFFBFACB
FFFCE801
0005F331
000432C4
FFFADD5E
0000975A
FFFD6514
000154A0
FFFF9ACB
0000D36E
0001B779
00033633
00014706
00044D29
FFFB0977
00087E37
FFFABC29
00015347
00080E84
00047D9B
0004DCF4
000126F9
0008D32B
FFFB2067
FFFBC527
FFF812D7
000495D2
FFFD1E41
FFFA04D6
0005762C
000488C1
FFFCAABA
FFF8FAD6
00040BA2
00070C90
0003470F
00010A15
0005C2A8
FFFF793E
FFFE1CDB
FFF9A23F
FFFF47BC
FFF9331C
FFFD42CB
00023CB4
00011270
FFFE6646
FFFC311B
FFFF52EC
000160BF
00006284
FFFA8575
FFF96FD9
0004E08D
00006F92
FFFB841D
FFF98B01
FFFC41F6
FFFD3BA4
FFF97835
FFF84113
FFFE96CF
0003B50E
FFFC4A30
0001C731
0000DA82
0000C4C5
FFF50781
FFFF8CC9
00061250
FFF800DB
00015091
FFFE9EF1
FFFD0CA0
FFFA3ED0
00093DCD
FFFCA30F
FFFB3481
000A5114
00011617
FFFCA95F
00072501
FFFC0276
000129DF
FFFE6843
FFFA71C8
FFF9D7FD
0000CA54
FFF73AA2
FFFAF037
FFF7F282
00011D76
FFFABA5D
FFF74290
FFFD0B03
FFFECA89
FFFDFCB4
0005AB2E
00045F55
00023623
FFF5F4E2
00070A6A
FFFD53F3
00044C8D
0005E554
000A809D
FFF80404
FFFDA19F
FFFDCF6C
FFFA336C
0005F14D
FFFCB44B
FFF7144C
FFF8C794
FFFC13FE
FFFB7423
FFF862A2
FFF5F634
FFFBC901
FFFA8536
FFFF34F3
FFFCE868
FFF9FD25
FFF4F857
FFFCA5BA
0006F326
FFFA8549
FFFF0962
FFFC2FA7
FFFE5846
000419CA
0002B9EB
FFFE1D39
0003DD74
00025D42
0002951E
FFF7329F
00081A88
00053B56
FFFB7FF2
000844E6
0000B3A1
0007ABAF
000B9619
FFFCE5D5
00036DC6
000607FC
FFFC57C4
0006094F
FFFD8877
0001B608
FFFF6AD6
FFF8F92E
FFFD6A5E
FFFB3F60
00049B3D
FFFB0B20
FFFDE1D2
FFFDBDC2
0004272A
0001B9D4
0006D886
000580D0
0008E2C2
FFFA40F2
FFF60433
0000EBE9
000489BC
0007D7AB
0001537E
FFFC47D5
FFF64580
FFFF857F
FFFA2CA1
0007B40E
0005BC83
FFFECC55
FFF9664C
000081A3
FFFB5F12
FFFE705B
FFF7A2A7
000362BF
FFF9DA21
00078907
00088DD6
FFFF5606
0004724B
FFFD29FD
FFFE72A5
0004BF03
00092128
00087584
0000A10F
0007B482
0002E7B3
000B1E9A
00079BE0
FFF8A5D7
000AC25D
FFF8431F
00054354
FFFBCB69
0008898A
0001CBC1
00003B4B
00016AC4
0003F6AF
0001D397
0008C758
FFFD4C91
FFF9D338
00034F50
FFFB5912
FFFE82DF
FFFEF99D
00050B58
0002D685
FFFC2716
0002843A
FFFAD7BE
FFFC44B6
FFFF3AF1
FFFC852E
FFFD43E0
0002705A
0004A4E6
FFFDB26C
FFFDA7E0
FFF993F4
FFFBC011
FFFFE4E8
FFF75219
0003EAAE
00039FE1
00044FDC
FFF9808E
00066F23
0000C84B
FFFEF12A
00067940
0000A5F4
000515A1
FFFEEE49
0002A8CF
FFF97B03
FFFC50B5
FFFAF5F3
00043E1A
00000511
FFFB71FB
FFFD5D4B
FFFDD17A
00062898
FFF4F29B
0005DC96
FFFBF6D9
FFF8DA8C
FFFEB4E7
FFFAF5BE
FFFF7411
FFFF487C
FFF960FE
0003EC91
FFFC49C4
FFFDB9BB
0003DBFD
FFFB2F90
FFFA51D3
FFFE84A8
FFFB73A9
FFFA0C93
00049F91
0008C2D0
FFFC424A
00084F0B
FFFC48FE
FFFE0206
FFF98E84
00065F51
000102EA
000D2F2D
FFFEC9CC
FFFEB595
00026154
000852FE
00011D37
0001515D
00069DFA
000B3A83
0001F500
FFFEBEFF
FFFD53EF
00002145
FFFA3675
0000037D
00019771
0002F736
FFFD6201
FFFBDC71
FFF58B69
FFF68EF8
FFFF3EBC
00023D2C
FFF8C601
FFFF24F2
FFFAE035
FFF9FA9C
00039CC2
FFFB9EF4
00085028
0000F7CB
FFFC3C4D
0007B9CD
FFFEB714
0005C8F1
FFFCC5CF
0001D095
FFFEBB64
FFFE2D11
FFFFE9F1
FFFDF461
FFF38BC0
FFF66832
0003CB26
FFFDC87D
00008E3A
FFFEC95E
FFFB2EC1
FFF5970F
0009ACAA
FFF69655
0005FE06
000845A2
0003935D
0000136B
0000FBE9
0003B8D5
FFFCF621
FFFE44CA
FFF3A96B
FFF6EAED
FFF3AF13
0005BD84
00000823
00023BAE
FFF1FCDB
00057D9B
FFFAE43F
FFF9B568
00023B46
FFF98ACF
FFFBD094
FFFDBC40
FFF8EAC4
FFFD690C
00078911
FFFFCC01
FFF9F563
FFF9D693
00008B49
FFFA7022
00037ED4
0006E7C9
FFFF4441
0001DD49
0001B6EB
FFFA2301
0008E0F1
000434FB
FFFEBFB4
00058630
FFFF336B
FFFF2E02
00076A36
0007708F
FFFECA91
000505C8
00025996
0000D47F
0003E2C9
FFFDA08A
00077E55
00086E09
0001CD5D
00003F72
000441F3
000D28BE
00045D66
00001580
000498D2
FFFFB4D2
0006DA1F
FFFFC58F
FFF7C1D5
00074866
00039B27
00095DDC
FFFC0934
FFF6F917
FFF64E93
FFFB2EB3
0004A47E
00022B3C
FFF80DF8
0000C488
0000048D
0001E91F
FFFFD9E5
FFFCCB99
FFFE8D79
0000A80F
FFFF24A2
FFFF736C
00000AF7
FFF8C911
0005610D
FFFE639E
FFFF1C33
FFFDEA9F
FFF3FFC2
FFFDBC74
00035277
FFF387F5
FFF7872F
FFF652FA
0001FAF7
FFFA64E2
FFF8DD86
0000E7B6
00086907
00086880
FFFCE0F3
FFFD2829
00043FCB
FFF658A2
FFF8E0A1
0000FA25
000161DC
FFFA2D56
FFF9AA6D
FFFFBC23
0004DED5
0003DC27
000221A2
FFF9A48D
00019813
FFF903C0
FFF3B719
000CBCAB
000101DD
FFFDB6A7
FFFCD57D
FFFA9DA0
00066375
FFFB3911
FFFE8E97
FFF7D38B
000463E1
FFFC5E94
0007F794
FFFFB1D1
0005D8F2
FFFE2E60
0003111C
FFFD808A
FFF986BE
0007AC34
FFFDA3BB
FFFBB729
00028962
FFFA553D
FFFF829F
00077180
FFFA58EB
FFFAEE93
0000CD70
000109D6
00029D44
FFFF396D
FFFD9348
00099ECB
000ACE49
FFF5AC78
FFFCBD35
FFFE7A0E
FFF72B5D
FFFD8E52
000532EE
000121E6
0006A79C
0001A208
000759D0
FFF5ABC9
000FD7A3
00003372
FFFB18B2
000DD39D
0003B172
000AE8B8
FFFF93E2
0001AF70
0003AA38
FFFFCE9A
00012F65
FFFE3451
FFFD9F27
000372EB
FFFC010D
00053F12
00027CBD
0000FA4F
0000D5EB
FFFC9CE6
000A182C
FFFE9575
FFF8D5DC
FFF42E99
FFFD46E6
00084961
000110D6
FFFD2575
00016952
00024CE0
0005D348
FFFB8225
FFFCDB2A
FFF54073
FFF947C1
000165D2
000458B2
FFF7706A
FFFB9D21
FFFA9584
FFFF569A
0004E9C1
0003EF58
0000CDE3
FFF81F8E
FFF6A15A
0002840B
FFFB777D
FFFFFC43
FFFCB0CB
0003310A
00051333
FFF964F3
FFFBD2C0
00080405
0006652F
000BBB5A
00040978
0006352C
00067B90
FFFBA6F0
00017702
FFFF838F
FFF5952E
FFFC2A96
00081BE0
00017184
0005650D
00026DF5
00043B88
FFFE4E7D
FFFB59F9
00063FBF
0000E1AA
FFFACB2E
0003649E
00031CBF
00043E36
FFFCEB49
000929DC
FFF983C8
FFFB50C8
000367D5
00026384
00008D1A
FFFC50A8
FFFD74C3
0000B64B
0006737C
000648E8
FFFECEEE
00023151
FFFDA9BB
FFFF512B
FFF870FD
FFFCAAF6
00028F56
FFFFEF10
FFF7F9FC
00056852
FFF73DD1
0001B5B0
FFFE4DF6
000223DF
000A2B96
FFFCCB15
00034431
0002D165
0005CBF1
FFFD6F25
FFFFFC04
FFFA1521
FFF91AF3
000181F5
0008C0FB
0002529D
0002C54E
0000A979
FFFED848
FFF8EA4B
0003C4AC
FFFE9259
000940E0
00013E71
00037EE3
0005610A
FFFBD58D
0005375B
000674DD
00045A78
FFF600D9
00053DC9
0004B2E6
FFFC484B
FFF32F87
0005BEFE
0000001D
000494BD
00028A5D
FFFB41C5
FFF9A2FE
FFF95696
FFFDE785
00047EB4
00047483
FFFF5CF0
000082C3
0009682B
FFFFE0F3
0005D8C5
000203AA
FFFB9154
FFFB23EC
FFF814F4
000478E8
000852F3
FFFD08CA
FFFD612E
0005DFC9
00023695
0001B233
FFFCF1A9
0007CA6B
FFF7D604
00034AB1
FFFBDA80
0004952E
0005A9ED
000191A2
00032FCA
FFFE6D2F
00075CFC
00094EAB
00030F41
0000B422
FFFDD083
000338AA
FFFB8323
00042F3E
00062CD2
00000427
FFF60F20
FFFBB828
0001A6E3
FFFD2BAC
FFFD5DBE
000373E0
0000E078
FFFDDA9B
FFFEA8F0
000658CB
000687CD
00070284
000732A4
FFFA7205
FFFCC534
00055C3A
FFFF8418
FFF565EA
00067FF5
FFF9A077
0004323A
00012C45
0006C93A
000074CA
00010F8B
FFFE66AD
0009AACB
FFFADE28
FFFDBB7F
0003BD9B
FFFC7A5F
FFF30532
FFF83A95
0007C085
000170C9
FFF4D71F
FFFCAB90
FFFFC3B3
FFF9E321
0005D4AA
000AC920
FFF836F3
FFFDDE8F
00053869
FFFF7194
FFFCE1B4
0001678B
00027535
FFFDAFA7
FFFBDBD8
FFFA67B0
000A9E89
FFF8F2F8
FFF72A13
0003D3F5
000271C1
FFFD71F4
00043DF0
FFFEE4E3
00065A21
FFFD4709
00001CF5
FFFDC191
FFFECF75
FFFB7417
FFFD39DD
FFF4E97E
FFFB9C27
0004C70E
0004F746
FFFE1C60
FFFD22F5
FFF5D15F
000257FD
FFFBE1C8
FFFEAA20
0004B7E0
FFF5E597
FFFA69E3
FFF91599
00028095
FFFD0AA8
000733CB
FFFE315B
FFF95EB7
000A510B
000118C3
0001099F
FFFAF346
FFFCA94A
00058E05
00050FE2
FFFFF318
000418FD
FFFD828D
FFFC4F23
0007AD0F
FFFC0493
0005B7C7
0000539D
FFF5F7AA
00003D80
FFF82B7D
FFFA7CB9
FFFB622B
FFF9B39C
FFF84FC1
000B8577
FFFC8236
0003BD64
FFF8BC00
FFFB3A33
00068EA1
FFFED4B5
FFFF9614
FFFEB7A9
00007B85
00066FFA
00019FA9
00050B27
00009069
FFFCE4C7
FFFE32F4
FFFAC50E
FFFF09A4
FFFE4BDD
FFF886C8
FFF83216
FFFC8D7E
0006CFEB
FFFF23B4
FFFDA404
FFF54616
FFF6BB29
FFFAB08C
FFFBA82F
FFFE2F53
0001732C
FFFCB8BE
FFF9F28B
00030A9F
FFFAF288
0007DF32
FFF24E0F
00029E0B
FFFB006B
00056E2E
FFFC15C7
00015A08
FFFE7174
FFFD020C
FFF932C5
000565E9
FFFE2FFE
0004C78C
00035DCE
FFFF5F2E
00027736
00038642
FFFCD204
FFFC9968
FFFF6392
0003DDA5
0000A881
FFFCCB3E
FFFDF474
000338EC
0002B870
FFF9338A
FFF8FB23
FFFEC198
00004C89
FFFB4B7F
FFFF612C
FFF7F690
0001DC0B
00050106
0004AD71
FFFC45D6
0009A0F3
FFF8DBA7
FFF82738
FFFE121A
000496AA
00010228
0003A727
FFFE5CA1
00018445
0007A7D4
0000AE2A
FFFC8441
FFFFC3D5
0005B033
FFFD207F
0000A913
FFFD9167
0005C325
0001EE52
0005C74D
FFFED5A6
0005BA54
00021BAC
00031625
FFFEF1DD
FFF7A0B9
FFFF4183
0004269F
00019E52
FFFEA3A2
0001A016
00019A24
FFF4FA57
FFFB80B9
FFFF58B9
00030066
FFFC532B
FFFFE695
FFFABF95
FFFFBDA2
00016E53
0000D5EB
0004E875
FFF8F879
FFFC1234
0003053E
FFFC9FEB
0003F9F8
FFFF2717
0000E0AB
FFFB9D6C
FFFCA95E
FFFD2D9B
FFFE15F6
00026019
00003570
00057B3D
FFFB95B9
000367C8
FFFAE390
FFFAE891
FFFC29AC
FFFDD60D
000A0EFA
FFFD8997
FFFC134F
0000859E
00032012
00026600
FFF990C3
FFFB63B9
FFFCC0BF
FFFFE0C6
00034E5B
FFFA3F46
FFFA38F0
00079DF5
FFFCDB77
FFFFEF6D
00048B6C
0008ADC7
00016E3D
0001C287
0006B317
000169E8
000198F7
00050F94
FFF9CA3F
FFF79435
0004991F
0003D473
FFFE33CC
FFFEBEC9
FFFEF1E8
0002BBD1
0000DFCC
00019499
FFF8A903
FFF7DDD4
FFFE0064
FFFB8D05
000338C6
FFFC184F
FFF9D07F
FFFFA2E4
FFFAE863
FFFB3492
000F696A
0006BD98
0009CAC9
FFFA5D86
0008E120
FFFCE483
FFFCE354
0000030A
FFFCED21
000000DA
000669A0
FFFB0918
000225E0
0005F652
FFFCC69B
0001F6DB
0005E1E2
FFFE20A9
00033644
00006A7E
0003C6E8
FFFF8A57
0006B075
FFFA48B6
FFFEC5AC
FFFE77D3
0002F6F7
00006C42
FFFF4B28
0005B5A9
000321F5
FFFE31B2
FFFE5B78
FFFC38E3
FFFCDF3E
0002D7F4
FFFEBC36
0000C932
FFFF8374
0001CB22
FFFDEAD2
FFFF4CAB
FFFE1CF2
FFFBE252
FFFFC02D
FFF9C5D3
00018E3A
00052D35
000712A2
FFFAF9CF
FFF6CEC6
00007684
0004E43A
00016445
FFFB2D34
FFFB9D0D
FFFC102C
00026FA8
0000FB03
0002A971
FFFC5715
0001C19A
000241F3
00032A27
FFFDBB12
FFFC7563
00060757
0002AFB8
FFFD39E8
FFFB99B9
FFFE0103
FFFC467B
FFFE25A6
FFFB44D7
FFFE8D9F
FFFC5F89
FFF90D43
FFFF3103
0001C6F8
000652CA
FFFBA77A
00048948
00002A6B
00083EB3
FFFF58CF
00005089
FFFE17D8
FFFE9F9A
00025B7E
FFFD9F95
00023D9F
0005A202
00025BC5
00007522
000542D7
00055B86
000361E3
00020D3B
00005758
FFF96071
FFFF6FEE
0004A1F3
0002E16E
00029275
0002C694
000493E6
00020DE4
FFF9E956
00071458
FFF9230C
FFFC4CA2
00041844
FFFFBC4E
0008428A
0001B8D5
0001E7D6
00049E0C
0006D009
FFFB023B
FFFD6BDF
FFFBAEE4
0006EF98
FFFAB955
FFFECB80
FFFBF9DD
000004FA
000573B2
0003714C
0006CFD7
00019957
00017C95
000310F3
FFFFA213
0004F004
00014DFA
FFFFC76C
0001D672
00019643
0004DFF4
0007AA0B
FFFC4BB4
0000B539
0002E09F
00018826
FFF8DF76
00026BEC
FFFF4BF6
00076789
0004D82D
FFFFAFB4
00058214
FFFDD4E6
00059BC0
00039440
0006F4C7
FFFB5DEB
FFFFF544
FFFBEDBC
00019A99
0002B9B2
00081481
00028860
0000B94F
00012773
00037518
FFFA61BF
0003E059
00067111
00020623
FFF9D760
00016BDC
00013662
00019A0D
0005E1E6
000333FA
FFFD3895
FFFCBA05
FFFE12EA
00085C77
FFFD505D
FFFD3A17
0000844E
FFFF707E
0008176C
0002A368
00055F17
FFF93585
FFFC324A
00006355
0002404A
FFFDBFDD
FFFDE8AB
FFFC163E
0000CFA1
FFFFCE12
FFF7FA94
FFF92E54
FFFE15B7
0005B54C
FFF8586A
000019D6
FFF77D75
FFF7312F
0001EFBF
00024CB2
FFFDFB67
FFF8CA05
FFFABEC4
FFF88DC4
0004AD88
0000FC5E
0003B618
00050D0B
FFF960E6
FFFA599C
000427A4
00005AF7
FFFAC402
FFFA9627
FFFA2F9D
00087D5E
FFFCDCDA
00012D63
FFFF34E0
0002D53D
FFFC8244
FFF9B8FF
FFFEA9B7
FFFCDB55
00055C70
FFF8EA4A
FFFA324E
FFF8917C
FFFECFFF
FFFFEE12
FFFBD2F9
FFFEF703
FFFA137F
00020F7B
0005142F
FFF9F786
FFFDDF4F
FFF687D2
0004A8B5
FFFEC99D
FFFF4126
FFFD1398
FFFFB066
00045253
FFFCED9C
FFFEC526
0002FD4D
FFFCA672
000261E5
0003C730
00049A0A
0003C466
0003F25F
00025B7B
FFF8FDFF
0000547F
FFFBCA66
0003CDC3
0001C366
00049A02
00039E3C
000290E6
0001B5E6
FFF9FE09
FFFB8A31
0004132E
FFFD31A2
00010EE5
FFF88795
0001AD44
000A1B77
FFFADC82
00030646
00069B82
00061DE4
FFFC75BE
00059148
0007D727
00047C10
0001D84C
FFFE24A2
0002D99E
00051C35
0002DBC0
FFF7342F
FFFB074D
FFFE42D8
00015F7D
FFFB684D
FFFF397C
FFF9CFA9
FFFAACBE
FFF9CF33
FFFFFE38
00025F36
FFFF1155
000204E0
00029842
0001FBD1
FFF9D86D
FFFB52DA
FFFC8777
FFFD4628
FFFD9BB1
FFFEEAE6
FFFB1696
0001B8B0
FFFF221F
00067346
00081296
0001FB1D
00040948
0001D7E2
FFFC5D68
FFFF3701
FFFB4D16
0006BFF7
0002BBAF
FFFD2E5C
FFFE9C78
0000C98A
FFFD8D86
0002A8F8
FFFE53CC
0007BA68
000487EB
00015E97
00015A9F
FFFFE2DB
0001A0B5
00017AA5
00002B47
FFFDFDB6
000B748E
FFFE1709
00017866
00019D12
0001B952
FFFB5344
FFFD61BF
FFF7E81C
FFFDD39A
00019B05
0003019E
FFFDF80D
FFFEB9EE
FFFBDA5E
000046C8
FFFC1DD8
FFFF4819
0000B5BB
FFF91D22
FFFF8C5B
FFF9ED96
00041554
FFFABED8
0005D5AF
0002A151
0004DC89
FFF945B2
FFFAC78B
00004C9C
FFFA2F3B
FFF8932B
000DA20B
00038064
00046D67
FFFC39DD
000049E6
00035E7A
FFFB5F09
FFFE5639
FFFBE09C
0008584D
FFFC6929
0002D333
FFFF4917
00005FC1
00019A2D
FFFDC660
0000D369
FFF715A5
FFFDEE29
0001B605
0001D388
0000A179
0001E432
000119E6
FFFC274E
00096FD5
0001EC2E
000E15E4
FFFDD99D
0001DEC6
FFF9B893
000183B3
FFFA108C
FFF9D47A
FFFC99C2
0006F552
0005B190
FFFFE3C8
FFFD9ACA
FFFCFF44
0002B64D
00070766
0000795D
0000B24D
000B0FCD
FFFD3AC1
FFFDAF9C
0004191B
FFFD6070
FFFD4E56
00036B57
0003A8B0
FFFA2B8C
FFFBD4F1
000797A8
FFFF2A49
0005D4CB
00014917
FFFFD181
00034B55
FFF7A5DC
FFFE90FB
0003AEC2
FFFCF7D7
FFF461D1
FFFAC75C
FFFFB46C
FFF48403
0000B1F4
00063A93
FFF88AB3
FFFEF609
FFFAE94F
0001786E
FFFC5DEE
00005D52
FFFEB734
FFFFCA68
FFFAE727
FFFAFECF
0003D408
FFF63542
00099AB6
FFFFA8BA
FFF820E9
FFFA8FEC
FFFCED2C
FFFC399C
FFFD8451
00038CF3
FFF7CC99
FFFF6C66
FFF6C022
FFFE43B8
FFFF74F7
0000073E
FFF9E3BA
FFFD514A
0009E610
FFFB08F3
FFFFAAD1
FFFAD19B
FFFA4DF1
FFF7CA49
FFFFBE73
0004BA02
FFF94886
00055FE1
FFFC7FA3
00071A20
000271AC
00083239
FFFEE229
FFFEB891
FFFA3784
0001960C
00048978
000E5E7D
FFF6ED5C
00014442
FFF82776
FFFAD40F
FFF83E7E
FFFC2444
00050F8B
FFF75B0E
FFF199EB
FFFD87E6
00015BD5
FFFAA596
0000E1A5
FFFC8264
000143AF
FFFB5701
FFFC57F2
FFF80281
000D2AC0
00044A53
FFF78293
0005D3B8
FFFFF8ED
000463B5
FFFF28BC
0001ECF2
00053054
00025B57
FFF62D53
FFFD3CCE
FFF544D4
00063D62
FFF58248
FFF8BFB8
FFF7606D
00087AEC
FFFA62A4
000797F6
0007BE62
FFFA88B9
000526CF
FFF77D61
FFFCF77B
0001A7B1
000F36EF
0002D598
00051517
00043622
0002CCBC
00027AFD
0007148E
FFFE28FD
FFFDA2F6
FFFF2FBA
00000207
FFF7F59A
FFF6528A
00000E53
FFF61272
FFFDA4A0
FFFB6371
00083C63
0002AF6F
0005F58F
FFFD5FCB
0008BEB3
FFFDEDC6
00030411
FFFDA12C
FFFF6A2A
FFFF9759
FFF677BB
00089980
00016C92
FFFE4177
FFFA765E
FFFED4A7
FFFA246A
00001276
FFFC828D
FFFB5B70
FFF50A40
FFFED9AD
FFFF80D7
00026F37
FFF7DFFA
FFFA2D78
FFFA095A
0003EA44
0006F4B7
FFF7F996
FFFDF6C2
FFECEF8E
000C0C89
FFF7BA6B
FFFA5DD3
FFFD13DD
FFF94E3B
FFFF121D
FFFE62B1
00053292
FFF9F2E1
FFFA61D2
0001BD3C
FFFCF5DC
0000192A
000879EB
FFFA5139
00001CA9
FFFECB2F
0004F899
00021E20
0001DBFF
0001B357
000AC8A3
FFF8F3E1
FFFAEF63
FFFCED9C
00047FE9
FFF99B85
00059E40
FFFD3042
00082F26
0005F4F6
FFFE8A76
0009AB2A
00004608
00054789
FFFDC2AA
FFFF8CFE
FFFEECEA
FFF8E9AA
FFFD2DE7
FFFADEDB
0001215D
00074C08
FFFFB6F4
0000D050
00030AA7
FFFD0898
000010A3
FFF64332
0006B3C0
FFF7B0E2
000727EA
000692C1
0005E11A
FFF8EC3C
00005D1D
FFF91F49
000245B6
FFF922E6
000DB76B
FFF76F3B
FFFFBFD3
FFFC588F
FFF62FF5
FFFC03B7
FFFB9E90
FFFBAC32
FFFC3F44
00082AE3
FFFC8BF8
FFFFF098
FFF9FDC0
00068A97
FFFEAF0E
FFFAEBFE
00011588
0000C260
000D122E
0006972C
0007086A
00033AC4
0007D1DB
FFFCCEC0
0009308B
000A1BF8
0006C376
000155EF
000850E5
FFFF8A30
00048E33
0006DA18
00012E22
0004F1F1
FFFE8199
FFF299D5
0002A8A4
00001ADB
FFFE8427
FFFA7AB3
0003851E
FFFCB9BB
FFFFBC20
000228F7
FFF5FEF5
0006CE75
FFFE8CDB
FFFF1822
FFFC328B
00013771
000326C1
00066FD5
00064C2E
FFFDBAE6
FFFCB3EC
FFF91705
FFFD323D
00078CA1
FFFC7269
FFFD12F0
FFFA4912
0006FB7B
00018516
00034F13
FFFD2C2A
0005C954
0006F3A2
000453EE
FFF9C6CD
FFFDF217
FFFFB853
0000BF89
FFFAAA84
FFF9B402
00001D68
FFFB541E
0004B15C
00026E3D
00027277
FFFF31C2
FFFA0984
0002FCB2
FFF44CF8
FFFEDAAC
00009FE2
FFF595CE
000615E3
00028838
00010128
000A5649
FFFC7003
00077C92
FFF879AB
00002D4C
0002F0B7
FFFA155D
FFFEDC40
FFFCF556
FFF8509A
000A7001
FFF71EDB
00053984
FFF84D32
00000E79
FFF65EB2
0003A521
FFF35948
000404F3
FFF9BFF6
FFFDF494
FFF87241
0008ABE7
FFF976F5
FFFD899A
FFFE0F6A
FFF5A514
00060C93
0008384A
FFFA202D
0001D178
0004259D
FFFAE66D
000409F0
000201DD
000025BA
00004D5B
0003BB8B
00032B47
FFFE1F25
FFFFE7C5
0008AD49
FFFBAB85
FFF51BA5
FFFB41AD
FFF7070F
FFFD8CB8
0002C745
FFFDD8EC
FFF9CFB3
FFFA07CF
FFFD2301
00021D41
00075CC7
00022140
000AC677
FFFB2E2D
FFFAA642
00056191
FFFD34D4
FFF9D7DC
0001080D
000574CC
FFFCCF9F
FFF7EBF2
FFF2DFE9
0002330E
FFFF1283
00053905
FFFEE4CA
0000639D
FFFF4B82
00084E6A
00006054
0002BEE3
FFF73AE2
FFFF66F6
FFF69A30
0003F83D
FFF92CAA
FFF84A44
FFF8510F
FFFF5A74
FFFACCAD
FFFC135A
0002A95C
000742B2
FFFF7009
0008CBC0
00086519
FFF723BE
000D5F61
FFF3AA36
0003C8EA
FFFE92B3
FFF86F2E
0001E7E4
FFFEE01C
000793EC
FFF70D20
FFFBE667
0004F875
0002458A
FFFD9081
FFFD8969
0005B72A
00058EEF
000D4F6E
000E780C
000BE30D
0003B608
0004155E
00017FB8
FFFF88CA
FFF87906
FFF6006A
FFFFA418
FFF00275
00065641
FFFEF16D
FFFAA528
FFF9468B
0001B1FD
000064CE
FFFCE0C0
FFFE7D9E
FFFF573F
000CC14B
FFFE43C2
FFFC29E1
FFFBB726
FFFA69BE
0007C69A
000DC31B
000069CA
000B4D03
0000FFCE
00006D45
000297FF
000C1E73
0011151C
FFF70D75
FFFD2056
FFFE8E83
FFFF8DFB
00071062
0001B082
00029588
FFFECB38
FFF9EA11
0001077B
FFFFE26F
0001AF36
FFFD2AD7
0000ABFB
000038E4
FFF744A1
00013721
0006657E
0003D516
0009FAFE
FFFCD355
0003BBD2
0001A65B
FFFBC855
00004E1A
00008743
FFFEEE14
FFF55E66
FFFF294F
00018B7B
00076F55
FFF468E1
00047D0E
0003BFEB
FFFDDBE6
0006B20A
FFF9C2AC
FFF73207
FFFA3457
FFFE9FBA
FFF9A08D
0005C1A0
FFF6416D
0001ACCF
00042596
0006E826
000065D3
FFFFC9B3
FFF80D81
0001FE63
00008B31
FFFE1658
000A58AB
FFFC61CE
FFFB8BF8
FFFD425E
FFF955BB
00028EF0
0005F7CA
FFFB1A6A
000317CA
FFFBDC5E
FFF59F27
FFFDA341
FFF9864F
FFFF06A3
FFFDB8D6
FFF7F485
FFFBFA02
FFFA9471
000251C2
FFFCB3CB
0005522B
0002AB96
FFFD8045
000A6885
0004033A
00022D1C
FFFDDAC1
FFFAE7D5
FFFC9B1D
000A9C55
00003747
000089A0
0003F208
FFFD2A50
FFFD01AC
FFFD5F56
FFF38E64
FFFCD82E
0003EA01
FFFC9A9A
000521DC
00049097
0006653F
00017334
0004B4F4
000C4DC6
FFFF3EC0
00006404
FFFFDD0E
000533DA
FFF841D6
000F396A
FFFDA071
00023812
FFF4E5F8
000A4A0C
FFF7F590
0000E1A2
FFF983D2
FFFF2459
0003B5CC
0004C0E5
FFFD2E0F
0003FF21
FFF975E2
FFFFCF93
0004D4BE
0005E571
0001F75E
0004698C
FFFB8FEB
0006960C
FFFB89D0
00026845
FFFD3001
00024452
FFFDBAD9
000545E2
FFFF5C9F
FFF8AD34
FFFDCE52
FFFFF587
FFFBFF9D
FFFECA5B
0004016A
000420F5
FFFAB45A
0006E2CA
00005145
FFFBFB92
FFFDB002
0002270D
FFFBA436
FFFEEAFC
00035231
FFFC872C
FFFFEFC0
0001CF9A
00004C32
FFFBBA52
FFFCED95
FFFBDCE2
FFFE45A2
FFFA4E37
000CCAFF
000830A3
00002479
FFFB52E4
000B0433
FFFFD81A
FFFD10B2
FFFCE039
FFFBC60C
FFFBC44A
00002A87
0005700E
00010619
0002E570
0005A4C1
FFFB67A2
000865E3
FFFC731C
00089FA1
0002F16F
0006B770
FFFEFE99
0001FBC9
0002B38E
FFF8F6C9
0002C549
FFFC6F2E
00082F99
FFF8A0F4
00021E9E
0002DEE1
FFFC6ABB
FFFD40AA
FFFF62C0
0000D12A
FFFCCE6C
00037F7D
FFFB571D
FFFEE897
0003C27E
000A33DB
00040F5D
FFFADCE0
000831F7
FFFDE07D
FFFF2B0E
00016FF7
00097ECF
00011F9B
FFFAF87D
FFF81C6D
FFFFA7CB
FFFDAAAE
FFFBA6D8
FFFCF6C4
00099721
0004D363
FFFDF214
FFF90B9A
00019DFE
00055965
FFFDA87D
000375ED
FFFF6665
FFFA3A90
FFFFC5CA
000A2050
00032688
000694CF
0006F890
00028255
FFFDF934
000571E6
00013C56
FFFADC50
00052BBB
000553FE
0009978F
FFF61424
FFFC09BF
00042209
FFFDC5DB
0005DEDD
FFFBD233
FFF82AA1
FFFB1AA6
FFFF33FE
00035D99
00040106
FFF9BCFF
FFFF975B
00074BA1
00052A0D
FFFE9AC4
000064C2
FFFB2AD7
00038185
00034CBC
FFFB0568
000352D3
00080C35
0000C1FA
FFF8F697
FFF943D3
00010EFC
FFFE7D15
00062089
000742BE
FFFDD83A
FFF80E82
FFFF70B8
000493D5
FFFD9124
000093BB
FFFC2473
FFFFB3C6
0001D83A
FFF85CC1
000DD89F
FFFE5436
00029A6C
00029752
0002242D
FFFAE94C
00005BDB
FFFB4374
0001DE1C
0000896D
00045BF4
00017544
FFFC4D0D
FFF85AB9
FFF9F786
FFFDE80F
00010C66
0001F0EC
00029A9A
FFF8FCA5
0001CF06
0000D459
0004FC25
FFF7B22F
0002EA76
FFFB22E7
FFFFA268
FFFD8AC4
FFFE94A1
FFFC52F8
FFFD63A6
00088597
FFF65E56
FFFAC21D
00038C7E
00063EFF
FFFB5065
00031457
0001E0BC
0001BBA1
00069910
FFFF001C
FFF9FB60
FFFD8746
00095D41
000250A6
FFFAE713
FFFF709B
0004D708
FFFCB03E
FFFA18BA
0004663E
FFFB59B3
0001ECB9
00029066
FFFA9166
FFFB0650
FFFA81FF
00009783
FFF78905
FFFC8129
000238A9
FFFDFBFB
FFF987B6
FFFE5FD9
FFF60E75
FFFFFE7B
FFFF3186
0000304E
0006279B
000657E4
FFFAAE55
FFFCF40C
FFF9094D
FFFE4316
FFFCDB57
FFF8A5AA
FFF52A7A
FFF9F865
00014FA9
FFFC0659
FFF7F10D
FFF68681
FFF90406
00010B0B
FFFA8D52
FFFF5C6E
FFF8756B
FFFE1A60
00022232
00030AAE
FFFD2AA5
FFFAB4C4
FFFFABD8
0003742D
FFFE3CB3
FFFFA451
FFFB13F6
FFFC987F
FFFF6388
00067E4F
0001B877
0000B0C1
FFFFB18C
FFFA4E3F
FFFE5941
FFFF9A30
FFFA54FC
000246AB
FFFA50E3
FFF3415C
FFFFFCF6
FFF5647B
0001DEC2
FFFE1ECE
FFFF5B1E
FFFDFA69
0000F15D
FFFE0905
0009759F
000B0300
FFFF3096
FFFF1696
00052F06
00061A71
00047D88
000718D5
00033CE3
0008FD2F
FFFF5B9C
FFFF5F96
0004FF0B
FFFE106C
00054DE6
0004D280
00019939
0005417E
00038177
000241AB
0005099F
FFFDE173
0006B58A
FFFFEC27
0002CB87
00072A78
00033304
0001D26C
000B418C
0001300F
FFFE88FB
FFFD9108
0000AE40
00009DA2
00070598
0002557E
FFFDC889
FFFEB833
FFFE9C9E
FFFD2667
FFFA7193
FFF8A5A9
FFFA9C44
FFFE010C
00011C82
FFFE5ED0
0002ECD2
00009F50
0006E489
0006AEC9
00051EA7
0001FBA9
00084BA6
FFFC60B5
00012515
00077944
000534EC
FFFA1605
FFFEE52F
0003A129
00064E6B
FFF7FC5E
FFFC91D2
FFF982C5
FFFC72D9
0001288B
FFF83F37
FFF892E6
FFFDF961
00013266
FFFEADD1
0002890F
FFFB30C6
00046BEC
FFFD4419
FFF94F2D
FFFAC172
FFFC5803
FFF9CD47
FFF8F96A
FFFD7D3C
00027660
0003ACE2
FFFBF4C0
FFFCBF81
FFF85710
FFFFB36E
00042089
00017C53
FFFEDFC7
0002D414
FFFA8011
FFFC9B86
FFFADB9E
FFF7237F
FFFE0930
0001F5CB
FFFC85F2
FFFBFD8B
00028539
FFFD6433
FFFBA267
FFFC6BCD
00040903
00036AFD
FFFEA091
FFF8131B
FFFC4CB9
00021196
FFF79B0A
FFFC56E6
0001BDAC
0005E486
FFF9F26D
FFFD9298
0001851A
FFFC219B
000033DF
0006918A
000229DE
FFFF85A4
000032A5
FFF88643
00017FAC
FFFAFE4D
FFFE517C
FFF9F0D5
FFF9C724
000024E2
000018B4
0003E924
FFFBC28A
FFF742DF
00072D39
FFF78F7B
000309D6
FFF92E6E
00041B2B
FFFC509E
0002656D
0006B902
FFFDA66A
FFFC1E67
0007659D
000495DD
0006E75E
FFFC5C62
0001FAAC
FFFB9A20
FFF93E40
FFFEC80F
00079019
00076332
0004F505
0007BF7B
FFFB6A87
00058BA6
0001BB1F
FFFE0881
FFFAA025
00066036
FFF87369
FFFFED55
0002089B
00005C4E
00071335
FFF9F1C4
FFFEA11F
FFFBC4BE
FFFF6727
FFF87350
FFFEC636
FFFC4437
0008D26A
FFF6F2F6
FFF5637D
FFFFC623
FFFCAE4F
00019A66
FFFAF8F3
FFFFF5E4
FFF9B7FF
00024B77
FFFBA5A0
FFF95A12
FFFA42BB
FFFCFB5B
0008A288
000607E5
0002D51D
FFFCF1E4
00058F54
0000B646
FFFC2276
0003B4EE
FFFA45F3
00011136
0005920F
00056A12
000261D4
00008D5C
0003559C
FFFB2E6C
0008A251
0006495D
00033B8F
0001D4E7
00047BE7
FFFD66D5
00010F57
000253B4
FFFDECFE
FFF338AC
FFFD7B2D
FFF9BCF1
0007AC88
FFFDFFDD
FFF372BD
FFF483BF
00005A89
00013299
FFFA99A0
00067D0C
0003D462
0002B900
FFFA88AC
00055435
0001F5FE
00061D8C
FFF77FF5
000171C8
00039EF7
FFFD52F0
FFFEE544
FFFA706C
0001B95E
FFFF516A
FFFCF04A
0001AB58
0002A152
FFFFD028
0002807F
00056DEF
00014693
FFFBD910
0000FF73
FFFE15E1
FFFBFB29
FFF8B9D6
FFFEA9A2
00008ECD
00074DD1
0000FF3F
000240BB
000055EE
00022F6D
FFFE2C18
FFFB824B
0003A6EF
FFFF230D
FFFF1879
0003F9CC
FFFDF826
000343B4
00003785
FFFFA986
0003F4D5
0000F81E
00099D8B
FFF7ED3C
00087242
FFF98A0B
FFFF1E4E
FFF97B68
FFF86AC2
0005FF83
00009ED9
00042F07
FFFE5EC5
FFFC1E24
00008000
FFF91B57
FFFE0CDA
00046C25
00061877
FFF4ED62
00017B11
FFF8C8F3
000477D5
FFF8912F
FFFE0620
00074F76
FFFE4D1D
00049CB4
000AA34A
00072B42
000913BC
00031634
000A0537
00039EF7
FFFD6481
0002B352
FFFFE9F0
000125BE
00022CE5
00018C39
FFFF9082
FFFC76EC
FFFD50BB
FFFC04D6
FFFCFFCB
FFFAA408
00013F0A
000278A7
FFFFA139
000524E2
00016EFC
FFFBC2AA
FFFFB165
00062781
00039F58
0004E811
FFFE6C76
0001E237
0001D44B
FFFE2D8C
00033290
FFFBC946
FFFCB59D
FFFC6D83
00021CD4
FFFEE533
0000B29A
FFFB222F
FFFBE6A4
FFFC94D1
0001467F
000265CD
FFFDA978
0001B63E
00058C57
00064267
0000D9D0
0001A32A
0003C3A1
FFFD5A71
FFFF7D98
FFF8DD54
FFFF8E4B
FFFB15A0
FFF9924C
FFFB4081
FFFAC75C
FFFE13BD
FFFF8799
FFFAEF8E
0001C383
FFF9FA3E
FFFBF1E2
FFFAA005
0000C24A
FFFC87FE
FFFFB190
FFFE08C0
FFFEA455
0002857F
00001873
FFFEA2DA
0002A38C
FFFD91BE
FFFFDF37
0001FC4C
FFF754A6
FFFEF74F
FFFF4BF4
FFFE8481
FFFAECB7
FFFCBE79
FFFC1DCA
FFFF71F7
00009533
FFFE66EB
000098D3
0002D137
FFF9C7EA
FFFF8433
0000CB57
FFF9DDDC
FFFF7F3E
FFFACA5F
000053E4
FFFEF297
0000E09D
0000AFB7
00026EE2
00025E42
FFFF2516
00038B6C
FFFD5C1B
FFFCC345
0000AC78
FFFFBA4E
FFFEA2D9
FFFF2481
FFFD7EA4
0004E871
FFFF81B6
0002DA05
FFFAFC12
FFFCD4F1
FFFE876E
FFFBA2A1
0000DB09
000394B0
FFFC7823
00009FD3
00023132
FFFE08C1
FFFC9975
FFFD76AC
0004B2AB
00011FAD
00050B36
FFFFA250
FFFBA433
0001D00E
FFFEB90A
FFFE4358
0003566A
FFFFB39B
FFFEF12F
0002090F
0001B93F
FFFDA08B
00006A03
0003A26D
0001F4B4
00018E64
0002F723
FFFF6D88
000376D2
00047BC8
FFFE3116
FFFEFDB7
FFFFE8D6
FFFF835D
0004BB2D
0003D8D7
FFFE90BA
00020627
FFFE0B5E
FFFF4257
FFFF8559
FFFEE6F5
FFFC16E1
FFFF8D4B
FFFD09F7
0003B84C
0000549B
FFFD5ECF
FFFD8851
FFFF3F1A
FFFC8F6D
00002BAC
0001B1B7
000094C8
FFFF4E74
FFFB9D48
00002B0D
FFFA7DA7
FFFA87D1
0002B2DB
FFFDC349
000291E5
000329CB
FFFE6634
FFFC9FDD
0002E75E
0000B7DD
FFFD5D72
00055205
FFFBCDF8
00014760
FFFF5EB2
00021DFC
FFFF2E4A
FFFD3564
FFFDF3A1
FFFFC236
FFFC3E19
FFFFDE80
000309CF
0003C4C6
FFFB2DE0
FFFAC9B9
FFFD1CFE
FFFD797E
0003B9E9
FFFF16C6
FFFF4965
FFFD61B3
000002C6
000045A0
FFFCE6F5
000245FA
FFFF3860
FFFAE534
FFFDB031
0002BE18
0003F701
0003EB92
FFFD4DE7
0003494E
00011A10
FFFFDBF4
FFFF331C
FFFF9ED0
FFFDE5F1
0001E3B2
0001B139
FFFB3CDD
0001F0F9
FFFE3CB5
FFFF55DB
FFFCB2E6
FFFE7007
FFFE56D8
FFFED328
00004FBB
00053560
FFFFD55A
FFFD0E0C
FFFCF55B
00007989
000084CC
FFFC7E4C
FFFC65BA
FFFF9461
00049943
000102A6
000418D0
FFFDA03A
FFFF3E9D
FFFED8EF
0001B3AE
FFFF3488
0002D4D7
FFFE3E5D
FFFC6733
FFFEE606
000081FD
FFFE39AC
FFFFEC20
00024765
000381EF
FFFF4E42
00028FAA
00019DB5
FFFE5307
FFFF56F5
FFF9EB97
FFFE9336
FFFE0D64
FFFF0C2F
0001D828
FFFBAF01
FFFF46FE
0002DBC1
FFFC32EB
FFF8C427
FFFC043E
FFFC4248
0002A67F
FFFBFE42
FFFC9D6C
FFFE5666
000374BF
0000AB38
FFFFC2C6
FFFF94BD
0001D2BA
000056FE
FFF8B820
000089D2
FFFBE48D
FFFE026B
FFFE7739
FFFBC72D
FFFFA4EE
00037DFD
0005D3E4
00027F82
00012B0A
FFFE2B0C
FFFCC96E
0003E582
0004AA88
FFFF104C
FFFCAD24
00005893
00004E51
FFFFE4EA
00025976
00038F88
0001E2BA
FFFEA3B9
FFFD78E9
FFFFAA3D
FFFEA80E
000193FE
00034720
0001FF9F
FFFDB5AB
00024A13
00049A7E
0002D655
0002B993
000160CC
FFFEE177
0000114F
00019511
0001AF0C
FFFE8B1C
000414D0
0001A558
00010F25
0003AA15
0003FE9F
0001677F
FFFEB79C
000307B4
FFFFDAA0
00038321
FFFD39A9
FFFF36D3
FFFF752E
FFFFCE2D
FFFE263F
FFFC01AC
FFFADEC0
00034A89
FFFEC7A4
FFFF91A8
FFFA63C6
FFFE433F
FFFF4F07
FFFE2ADA
00001759
00005C3A
FFFCF451
0000D991
FFFDC433
FFFC6B47
FFFD22EF
FFFFB9E7
FFFE4028
FFFBA613
FFFF2803
FFF99E41
0001AB43
0001341B
FFFDEF29
000114CB
00029C50
000190AD
000071A7
FFFF6BAE
00005659
0001407B
00017C34
FFFC25A6
FFFD6AF4
00006488
FFFD96AF
FFFCF6BD
FFFEDD93
FFFCE067
FFFD905A
FFFB66C3
0003A7A1
FFFE7EFF
FFFFC732
FFFB69A8
FFFB1919
FFFC098A
FFFE1F4A
FFFC2F41
000397D9
0009192B
00040B32
0000FAE1
0000F6BF
FFFFFF7F
FFFDF26D
00063F2A
00029B60
FFFAC1C5
FFFEF72D
FFFD2FBB
FFFC6807
FFF93B73
FFFF19FA
FFF92895
FFF64194
FFFA0754
FFFE5948
0003427F
0000185C
00072C61
FFFE80D8
00011DA6
FFFEB945
FFFD94A8
000187F6
FFFE5534
FFFEC42F
00040758
FFFE7691
00053610
0000C1B3
0003BA0A
FFFE4F27
0000789B
FFFC88BB
FFFDBA37
00040B38
FFFBFE0C
00022393
00052EB9
FFFCC5E0
0001F378
0003F6E2
FFFD7F9B
FFFFF63B
00015906
00018E9D
0003A808
FFFDC41E
0000FB2E
00051BBA
FFFF989E
00019039
0002FC80
FFFE265D
0005022E
00001818
00061573
FFFCEE39
FFFE1E3E
FFFDA3F5
0001E599
FFFBA00D
FFF9DB92
FFFD31B7
FFFD0F34
FFFB1247
FFF9CCE7
FFFE44FC
0001BE07
000100E0
00017446
FFFFD65A
FFFD9B69
0000C620
FFFC688B
00003EB3
FFFE2A6C
FFFD2F4F
FFFAF9A6
FFF93209
FFFFD5A4
FFFF0D32
FFFD2A89
000384A4
FFFA5B35
000334A4
FFFC1904
000671BE
FFFEE87A
FFFC7B74
FFFFD617
00015EC9
FFFE3588
0001AA43
00036533
FFFF53D2
FFFD720E
FFFE797C
FFFC2FFB
FFFB605C
FFFE4F07
FFFA785D
0003312E
00043136
00002F23
0004A9F7
0003B3E3
000177AD
FFFC43A3
FFFE308E
0002CD21
FFFFDE00
00034E4E
FFFD137B
00000CCD
00005AEA
FFFEE193
00008620
FFFFB8C7
FFFF4F4C
FFFB0151
0002DD67
000070BD
00017AD7
FFFE541A
FFFDF49E
FFFACDB8
FFFB38E2
0002939A
0001176B
FFFCB953
FFFFE9C6
00023828
00033A96
0001DEDD
FFFF5715
FFFEAD33
00008FD1
00022088
0000F70B
FFFE904B
00003ED7
FFFCE298
FFFA706F
FFFF903B
FFFCF92B
FFFCF5E3
FFFDD4EF
FFFF3CDC
FFFE37DA
0001FDF3
0006A340
0002DAA6
000326E5
0004F6EF
0000378E
FFFD2383
FFFE12D7
FFFE2ACE
00003122
FFFEA880
00057163
00018C8B
FFFB0B53
0001F1C7
FFFC8705
FFFD304D
FFFCB5D2
0002ADAB
0000FFD4
FFFAD128
000260EC
FFFF7AC8
FFFBE791
FFFE186C
FFFF273D
FFFFE8C6
0003F16C
0002229F
FFFFC605
0006DFB9
000157F8
FFFF4136
00002CB7
000376FC
00022074
0001D851
0008B558
00025FE5
FFFA6364
00056E08
FFFFE8EE
0002632B
0000A396
00076936
FFFAD57B
FFFBEF70
FFFC6746
FFFDC505
FFFCC4CF
FFF72B41
0005BA88
0001058C
000042DA
FFF9E87F
00015DD1
0004DC8A
FFFBC3F3
FFFDDC10
FFFD991C
0005B930
0009A78B
00015633
000634F9
0006BAB2
0001F04C
FFFCD884
FFFD031E
FFF99228
00020633
FFFB3900
0007EE4E
FFFE68BC
FFF9AAB9
000268FA
FFFCE07E
FFF8FE36
0001DEC3
0002C086
0007F7F2
000ADE97
00012285
FFF9BB82
FFF8CA77
00011F4B
FFFBFC61
0005E94C
0002B75E
FFF88FC0
0000DBB5
FFFED485
FFFC0C76
0002E489
00076425
00069D72
0003C3A9
00028B77
000003D2
0003BF45
FFFA4C17
FFFFCF6C
FFFD2D6A
FFF76A98
00001D2B
0006DD11
000201BC
FFF9DD71
FFFD5581
FFF5242C
FFFCADCE
00008280
FFFE1D13
FFFB9E6D
00004FA3
FFF88C97
000343D7
00000ADC
00000AD2
00024E91
FFF96B2F
FFFB40D4
00059CDD
00052923
FFFA87DE
FFFE8A70
FFFB0E77
000BC013
0002F32E
FFFF85DD
00054A37
0006888B
FFFF1DCB
000A3F0B
0003F8E7
0003276C
FFFB7420
00031ED6
FFFCE2F1
FFFC6DFA
FFFD6B91
FFFB5EEB
FFFDFA23
0006D1E3
00012AE5
00043784
0000468C
FFF9762D
0002947D
FFFCAEB6
FFFDF6C2
FFF922B1
FFF878A4
0006550E
FFF99451
00030499
00082CC3
000203B0
0000D6FD
FFF72161
00022279
FFFA87C4
FFF8E3A8
000A5ABB
0005FF86
FFFFF5D1
000A1403
FFFD5FCB
FFF9080C
FFFD93FB
FFF9D42D
00063333
FFFEA79B
FFF54557
FFFA8544
000C223A
000056B0
00027E4D
00006E50
00040AAD
000259D7
000422C9
0005714C
FFFBCEAC
FFF8F012
FFF9DBCC
0001DA4B
0006EE3D
0009E872
00035159
0000E2F6
0007DECE
FFFE0BEA
FFFD095D
FFF9E7F2
00040900
00062FE1
FFFA9128
000483F2
00073D01
FFFD2604
FFFEB0EC
000C2CAA
FFF8BC66
00003D99
0009118C
FFF94BFA
000139E2
00080721
0004CC61
00048871
000018DA
0001B770
FFFFAE3E
0003E730
000041B8
000326EA
FFFCCDC9
FFF7B752
000AA05C
FFFE5B09
FFF59CF2
00003AE5
0004FB29
000662D3
0001651D
FFFC967F
0002B535
FFFCA0B0
FFFAB5A9
FFF60A04
0000F321
FFFD6215
0003E156
00083DF6
00014A34
FFFC0D5E
FFF7F4E9
FFF36EB1
FFFABA84
0000CF84
FFFC6BB0
00042D2D
00030EF7
FFFF91DA
0006409D
00035C00
00019B39
00038C2E
FFFFE601
FFFB727A
000496C4
000406B6
0000D168
00048772
0001D3E2
FFF86645
FFFAEC73
00045696
0002EEC1
00022160
FFFDB08A
FFFE81C2
0004FBD1
0000C2E5
FFF8C3E0
FFFCFA52
0003AF59
FFFF9784
0002D0C3
FFF7587E
FFFC152C
FFF7035C
00045B0D
00009044
FFFCAB45
FFFB2564
0004E770
00029541
FFFCDD74
FFF2EC3F
00021D1D
0005E09B
0000FD90
FFF215D5
FFFE27B0
00062ACB
FFFC332F
FFF9D2C1
FFF77EDE
0000517A
FFFDAF3C
00019847
FFFB26A9
0005EEDA
FFFE2440
FFF968CC
00005488
0001E0B0
0001074F
0001B816
FFFEE99E
FFFED3B7
FFFDF66B
FFFECCE8
FFF44450
00019404
00058FB5
FFFCA112
000513C0
0000F9AD
FFF9F085
00000EFA
0005B84B
0003EE62
FFFF1E14
FFF9A4B9
0005CE76
00021A61
FFF72DB4
000A0418
000200A0
0001837A
FFFA1FD6
FFFF9AA9
FFF8BDA8
00056499
FFFD7B95
FFFAD3A9
000A60BB
FFFD9C59
0002DECA
FFFD3A0E
FFFD7DBE
0008B422
0003BCE1
FFF92E9C
00076052
FFF7F73C
FFFB05BC
00043544
FFFF09F0
00080451
00011AB7
0004CEF1
00027A3C
0005CB85
0003BD9B
000247BA
000417AD
FFFBC25D
FFFB9270
FFF95327
0006289F
FFFC0AC2
00009051
000311E9
FFFD9407
000801A3
000217C4
FFFC4FD5
FFF65771
0000EB34
FFFD2BB3
FFFDA952
FFFE911E
FFFDE38C
0004B818
00040ED7
00028723
FFFF959F
FFFBFCF5
000A1872
FFF965CD
0000B697
000514A8
FFFF092F
0008D624
0000F300
00047076
0002D435
0003E193
0004B994
FFF6B278
FFFDEC7A
00082D40
FFF7654D
FFFEDFF1
00049E3A
0003FD40
0005D8E4
FFFE5F12
0002172B
FFFAAF08
FFF68E61
FFFCDA23
FFFE647C
00065A4F
000186CD
0003BA2C
000F58F6
0006A544
0006AB7E
000AC381
FFFC0727
FFFC193C
000350BF
0006FD48
FFFEF2C6
FFFAAED0
0009305F
00014748
000A1E00
0005D5A0
0002EAEA
000096A7
FFFCA4A1
00041385
FFFBFE3D
0001DE7E
FFF99465
FFF33EC2
0007C275
0005E8FA
00048E7A
00071166
FFFECF03
FFF775B6
FFFFA9E5
0003EF31
0006EDB7
FFFE26C1
0004C8E3
FFFB0EF4
0002E112
FFFF1356
FFFC03AF
FFFB2C33
0002FF22
00024FB2
0007BC8A
FFFEF2EF
00026B67
FFFBFB8F
000362E5
00034A34
00014027
FFF77A3A
00029D36
FFFEE315
0000BA33
00090179
00000F57
FFFC01E1
FFFC3447
FFFED308
000108FF
FFFF2C7C
0004C903
FFFF65B1
000223C8
0007A14D
FFFD8F79
000488A7
000D7AC4
000B9F46
0007A488
0005A280
00042A84
0001727C
FFFCBA32
FFFE49E5
FFF697C2
FFFEEC23
FFFCD61E
0005EFDB
FFFD52BC
0002CF76
0004C771
FFFCFD15
FFFE7B4A
FFFA2F35
00052CC5
0000040E
FFF3A9A3
FFF8ACD8
00030BBF
FFFDBDAF
FFFB8FA4
0001E2AB
FFFBF8B6
FFFD24B4
FFFF8E86
FFFCDE66
0001F3B5
0005154F
0003E47D
FFF8D59D
000660BD
FFFA9D5C
00004ECB
00027D66
FFFB2052
000541B5
000B3B96
FFFA4FEF
FFFCA43D
0007C0D1
FFFD5CE9
0008F2F6
FFF6D8B2
00031FD7
FFFF099B
FFF6E96B
FFFD28E5
FFFDA882
FFF7ED3C
0003B670
00056EA6
000160C2
00017363
FFFB3B7F
FFF85BFE
0005CBE4
FFFE9B13
FFF6052A
00099472
0004DA20
0001FA48
0000B63F
FFFA4D46
FFFFC26D
000A43B1
FFFCDE79
0001099D
0008E0C2
FFFEB245
00079324
00041BCF
00004E9A
0007224C
0003A400
FFFEACB8
0002E563
FFFA9DD3
00054EC4
FFFD08B4
FFFF83CA
00022BA1
FFFA7005
FFFBE92C
00016147
FFFAA426
FFF4CE2D
0003DD82
FFFA9055
00041677
FFFBF8F6
FFFB1A70
0000FDFD
FFFDD6F1
0008425F
00006AA3
000B18C6
FFFBCD09
FFF9C617
000B9A21
FFFDA7DF
FFF906A4
0006B0ED
FFF999FB
FFFD636A
0009C3A0
FFFDA413
FFF5FB09
0002EC6B
FFFF467B
0009909C
FFFB6EC0
00011E09
0005EA38
FFF5F2A8
FFF424F1
0000E4F7
0004CA3F
000472DF
FFF970E6
FFFC62FE
FFF88D72
FFFAC9FC
FFFE37AC
FFF6B90C
FFFFE5C1
FFFAF25C
00012A08
0002380A
FFF59E5C
FFFA2A51
00002BB4
FFF65DD6
FFFE3F49
FFF98698
FFFA7A49
FFF8907F
FFF9A417
0005274F
00040F92
000685CC
0001AFD3
FFFE3555
FFFFE44B
000AE78A
FFFE057A
FFFC07A2
FFFC752F
FFFD9F44
0001DF24
00064B2D
FFFB36DD
FFF9C0AA
0002EF44
000511ED
000617A8
00072E8E
0008C5B8
0004C699
0005E80E
000020E4
0001D497
000071B2
FFFFDB28
FFFAE3DC
FFFF88CC
FFFBDCD8
FFFD0960
FFF7E017
0001CCC6
FFFCDA19
FFF62C5F
00051238
FFF990E4
FFFE3DD6
0007CB2F
0001CE34
0001E19D
FFFC7A15
FFFCD686
FFFB5B7D
FFF9C8C5
FFFB94F3
0000E124
0004CEAE
00036BFC
0002F283
0003A1D7
FFF95FBB
FFF7A3FD
FFF7F9E8
0003AEB4
00028296
00037DB7
FFFCC467
00070E30
FFFDE833
FFFD3D6D
0009EE64
FFFD0760
00018AC1
00077F3C
0004193B
FFFEAE57
FFFF0887
0005BFA2
FFF5CB58
000321D7
00055D7F
00028B1B
00014CB8
FFF96B66
000138F0
FFFBDBD1
FFFC4C5D
FFF7FC83
00028172
FFF89B16
0003B036
FFFF7EE5
FFFF92E0
00093B05
00075A87
00028CED
FFFC1332
00007F41
FFFE0557
FFFCD28C
FFFA0244
FFF649A8
FFFFB3D2
FFF7DB81
FFFF1A00
FFFC6864
0003AB5E
FFF817BF
FFFAD525
00014F78
FFF70B9B
FFFAC209
0005631F
0001ADF8
0000F800
FFFE3CDC
0005C3E9
0007BD54
FFFC01D3
FFFCF489
00085EA3
00020493
00017EDF
000470EF
FFFEECC3
000050FA
FFFAFF62
FFFFF8E7
FFFB9A3B
00002D97
FFFE553F
00019771
0001D338
00038A37
000120B6
00006EDB
FFFE51AE
FFF9F227
0005372B
00052A2B
000593A8
FFF329BB
FFFF58C4
FFF736B2
FFFE1ED2
0002312A
FFFF7F68
0005FD89
0002CA78
FFF7E2F0
FFFD8A1F
00047887
FFF9D262
FFFED704
FFF565A1
FFF3F9A6
0000A731
0000AD16
FFFF4E40
FFFE93CF
00017C81
FFFC3EFD
0005D0E0
FFFDB117
0005AE40
0004E85F
FFFD68EF
FFFC1EB2
FFFC640F
FFF7282C
FFFE7A01
FFFBB067
0003B9DC
000470F8
FFFF6084
0003958E
00029054
00024977
0001B2AC
FFFECABF
FFFFB8AD
00015048
0001FDA2
FFFB4AF1
00057613
FFFDE1F0
FFF6A879
FFFF2A31
0000BBB3
FFFA8184
00018962
00061FE2
000695D9
000612D2
00027C49
FFFE68A9
0000CC49
FFFDC0DC
FFFC5593
FFFF26D2
FFFDD172
0000D392
0003A8CE
FFFBB5EF
FFF975D8
FFFF76C4
FFFAB92A
FFFE37D6
FFFCB23C
00066263
00024CD6
00024AB7
0001D2F2
FFF9E9C7
FFFA41D4
0003C8AA
000793F7
00051E86
0000CEC7
000741B6
FFFAD019
0008DAD2
0004F744
00008A7F
00045821
0001EBFF
00012CA9
FFF7EBA5
0005062B
FFF9CCD0
FFF85955
FFFBB3E4
FFFFEDCB
FFF7E552
FFF9FCD5
00002E50
00057E01
00026C6A
000236CA
FFFD07AA
FFFD368F
FFF5F155
FFFC6EAD
00018B4A
00050E48
FFFAF31F
0004D2D7
FFFEFC60
0002438B
FFFB4E67
00014A3D
0003155D
00049823
00054476
0001E91F
000554C3
00059A3F
0007AF2A
FFFBFBF8
FFFE6094
0001AB86
0006A67A
FFFB5CEB
00023E8F
00085EFA
0006E67D
000006BE
0001111D
FFF8351C
FFFC37A8
0002C245
00053CA4
0002A498
FFFBC983
FFFAF11E
FFFF5D7D
0004F325
FFFCC463
0002B3E2
0002301D
FFFDD25B
0003D57F
0003910F
FFFDF554
00071508
FFFE3234
000168B0
FFFA4A40
0004726B
00042447
FFFF7A8E
00066D71
FFFF3968
0001ED58
FFFA1920
0001A5F3
FFFFABCE
0000E110
FFFFE29C
0001D424
FFFAACEF
FFFC2EDE
00026183
00053FF8
FFF7EF4B
0001FEFB
0004ED26
00073DCB
FFFB6716
FFFCD66D
FFFDD3F3
00087392
000181AF
00041102
FFFB7FAE
00043A4D
FFFDD39E
FFF83378
FFF7E2B1
FFFB27A7
FFFA116E
FFFEF225
00007EAD
FFF93460
0008C786
FFFFD823
0006C053
FFFF589F
FFFDCF1D
000155E4
0001CDDF
0007BE74
0001414A
FFFC902D
0003E647
FFFF42F2
000697B9
000317DF
00036488
FFFC8963
FFFE1BC9
FFFAF20C
FFFE1AEA
00049864
FFFB59D2
FFFD8D47
0003391B
FFF96AC8
FFFC6B49
0000CE96
00046912
FFFA1D6A
00008976
000495AC
0000D8D2
FFFA9CCB
FFFA4F3B
FFFBB711
FFF926C8
0000BB97
0000D008
0000DBCD
FFFBF1CE
FFFC596A
00024A57
000472A0
FFF31B10
000394F3
FFFB2977
00028AAF
00063D38
FFFFAB2A
0008FF32
0003908C
FFFDD9BA
FFFC6F2E
FFFD3634
00003C0D
FFFF06AE
FFF865DE
FFFFC55E
000247E4
FFF8F121
FFF7B6B3
FFF90392
0003AD7A
FFF82F27
FFFE7A95
000209C2
0005EFE2
0005B487
0001495B
0004A650
00048B66
000660C0
000600E8
0004F776
FFFCF0A3
FFFB888E
0006184B
00050037
FFFE2EE9
00073B7D
FFFAF63B
00013B98
FFFD8F2C
FFFEEDF0
FFFDF726
0001B29F
FFFACAC5
0001F9C5
00076D39
0003EE70
0002A58F
0009393E
FFFBAF01
00063DC3
000DF572
000A9C25
00074F67
0002559A
0004704F
000AF463
00091F3E
FFF7CCB9
FFFCCEB2
00027FEC
00045F62
0009DEC8
FFFE441F
FFF8B4D0
00023F20
FFFBB9E6
FFFFD0EF
FFFEDEED
FFFABD97
FFFED60C
00000FF4
FFFC6422
FFFAC64A
FFF95928
0002B3CA
FFFFC29F
FFFC67D1
00086604
00058F90
FFFF217C
FFFE1295
00043ED7
0000DCA1
0000A198
FFFC899F
0001B321
0004A5D6
00057331
FFFBD8EF
FFF99549
000214C4
0002FB9F
FFFE700F
FFFCB1D3
0001BEF7
FFFFD525
0005A27C
0007592B
00093189
FFFC2728
0003967C
00006527
FFFC82D3
FFFD36C8
00023411
00019C6E
000070CD
000858B3
00045983
0003D059
FFFD85F7
0005F913
0001793C
0003D8DC
000413CC
000720C7
0003AFDA
FFFFEFC2
FFFDB7F7
00022613
000167D9
FFFD5BA0
0005BECC
00027C83
FFFE507F
0002B2B1
000163F2
FFFE9170
0007E31A
00096D1B
FFFE33F1
0000BA1B
0005965A
0005049B
FFFA6BEC
00005EF0
000132A0
FFFC4325
0006A018
FFFBBFFF
0004B42F
FFF9AA27
FFFF8133
0005BC6A
000A8BB2
FFF86E2F
FFFDED67
FFFB579F
FFFB8F4A
FFFB895A
FFFF87F3
FFFCEAE0
FFFD0640
000234B5
FFFF45B1
00066578
FFF7BFAC
FFFAA179
0000BB96
0007CF42
FFFC6D0B
0000E61D
FFFF3E10
FFFE3254
0002D1FB
00044F8E
00065E09
FFFA81DD
0001B3EC
0002B4AC
FFFED26B
0004E40F
0003E87F
00021C96
FFFB7735
FFFA84E9
0002A8EE
FFFBD40A
FFFBD468
FFF8939D
FFFF8144
FFF72EEA
00004519
FFF63A53
0003D6C1
0005B1A4
000395FF
00033F30
FFFDA3CF
FFFFA467
FFFDD653
000602EA
FFFF2394
00048192
FFFD14A4
00080241
FFFABABF
FFFD2513
0001CE3E
000538EA
00032461
FFFF894C
0005B959
00059905
FFF9170E
000686C0
FFFDC912
FFFD4854
FFFB4D5F
FFFBA8C7
FFFC3B83
FFFBC99A
FFFEEA94
00048411
FFF67E86
FFF898B3
0002460C
000B81FB
0002E77C
0005F90E
0001D13C
FFFFB1F3
FFFB3311
00045706
FFFED616
FFFBBA0C
FFFBE644
0007AA45
FFFE3892
FFFE7D42
000499DE
FFFC27C4
FFFA8AE7
FFFFDDC1
FFFB3929
FFFF777E
FFF88DD0
000447EB
FFFCB862
00061062
0004CBA4
0000F3B0
FFF96417
000249F5
FFFCDF75
000161E9
0003FB49
FFFBBE4C
FFF8A929
00060AAA
FFFF4965
FFFF4D42
00022AD2
FFFFA68A
0005A4DD
FFFDF5E4
0002AF6C
FFFF11AC
0005800A
FFFE81CF
FFFB8DF9
0007063A
0001EFFA
00001F58
FFFCF7A2
0008415C
FFFCD15A
00081A59
0003C8EA
FFFC308B
FFFDBBF2
FFFBDB8E
0000C6C3
FFFFC8D8
FFFF1000
FFF8D0EE
FFF9DCF2
FFFFD526
FFFA60F8
000424F4
FFFBAFF8
000138A3
FFFCDFF9
FFFB0385
00050B86
00021B26
FFF949BB
FFFF5D8D
00064318
0001F2CF
0003E5C4
FFFC8320
0003E235
0005B9B4
00016EB2
000236C5
0001A434
FFFD7C2B
FFFBED23
FFFF2FF2
FFF9342C
FFFE6C48
FFF94905
0003ABAC
FFFF9C48
0007FE5E
0001B8FB
FFFAF792
0007F00C
0005820D
FFFF3CD3
0002CEC9
0004397D
000784F2
00073054
0000110B
000192C7
000D6170
FFF684BC
00020125
FFFC7471
FFFB1B95
00010818
FFFB9853
FFF819BC
FFFF0073
FFFA197B
000110CB
FFFD7094
FFFE27E2
0002C097
FFF9F12B
FFFA9CC2
0001BB14
FFFB8E2A
0007237E
00044C68
00016532
FFFFDD64
0006A725
00044893
FFFB1687
00006C5A
FFFEACFD
FFFD4E8C
000A6880
FFFC47AC
0007200E
FFFE897D
0007AF24
0006C618
FFFE242F
00080486
0000F15D
00040B3E
00027227
FFFDEA6A
FFF944DB
0003235F
FFFB2E1C
0001591B
FFFD7A02
FFFF3203
000338F2
000860E5
00052837
FFFC5181
00077C3D
00035EDD
0007D0B9
FFFD67EB
FFFC86D0
00009086
00006468
0003A0E1
FFF9D1B1
FFFE32E4
FFFC40D4
FFFF0B8D
FFFB0A38
0000260B
0002746B
FFFD3694
00038F61
FFFECAEA
FFFDAFB9
FFF96350
FFF7E17B
00021865
0003E2EE
FFFE821E
FFFB910F
FFFDC09C
FFF92948
0004B9B7
0000EDB2
FFFA7208
00016553
000032BA
00008981
00018945
0002DD66
FFFD764B
FFFBB6CB
0001379A
00054A24
FFFF6FA9
FFFAA2B7
FFFFD947
FFFE8BB6
00037BE5
00021401
00062C5A
00037237
FFFCA2CD
FFF74247
FFF4CFE0
0001029D
FFFC1982
0000014C
FFFC37A9
FFF48A01
0006EFBE
0003D98E
FFFA1724
FFFE692B
00035F73
0004DEEC
FFFAAC75
0001104D
00061147
FFFC89A3
FFFC7318
000472BD
0001690C
00018298
FFFEF4A8
0003AF7B
FFFAF851
FFF88E81
FFFF1843
FFFE3517
FFFF5B33
0001D8F1
FFFC4E10
FFFEFD9F
0007C4EF
FFFF8055
00023CFB
0003334C
000397CF
00031532
000554D2
000078A8
FFFA41B1
FFFAFA0F
FFFEBAA0
000366F6
FFFEAE01
FFF9BAB7
0003740E
FFFF2540
FFF7D72B
0003A884
FFFBC293
000256E5
FFFE829D
FFFEDC63
FFFE9A83
0001AC22
FFF6FCC5
000259E9
00042078
00009D69
0002DAB2
FFFAB0E4
FFFFD35B
FFFA7739
0000F51C
0000975A
000279AF
FFFB0DA6
0005F3CE
0004F851
0004213F
FFFD062E
FFFBD412
0002E939
0001CE5D
FFFBA12C
FFFB0241
00038C87
0006CC7F
0004330B
00089502
FFFFF0BC
0000A050
00028BCB
0002A3F8
000088CA
FFFA9E8E
FFFBD7DF
FFF481F6
FFFB02EF
FFFE153B
FFFE445D
0001321D
000126C0
FFFFE632
000218D9
00038678
FFFBB067
FFFF112D
0002F3C2
0001FCE5
0002052A
FFFDE1CA
FFF90EDD
FFFCDE91
FFFCF22E
00021B00
FFFCEC1D
FFF806C7
0000725D
FFFCA1E5
00013BA3
000648E4
FFFF4CE8
FFFC149F
00059C1B
0004B552
00074E91
00033118
FFFB5223
FFFE7316
FFFDB1DF
00038863
FFFF960C
00092D54
00041E90
FFFD88C2
00044C91
FFFE6663
00078CAB
0004059F
0007A747
0003B71B
0007EE20
FFFCD4CA
FFFD60A6
00098E7E
FFFC8C36
00013063
00087F01
00008F8B
FFF4004B
000717F0
FFFC4EAA
00038D05
000892BF
FFFDC7FE
000589E5
FFFF4DED
FFFDDE06
FFFBA2B3
00021BE7
FFFE7727
00004647
0000BC54
FFFE63C5
FFFB270B
0004609E
FFFF35A9
00031E80
FFFF6222
FFFEF92D
FFFF2032
000654E8
00055724
000558F2
FFFDBFC6
00014233
FFFF169D
FFFBAADF
00009C4D
FFFF5ED5
00051798
0007F43E
0001FF80
00001182
00002DA3
0002BF84
0001CBA8
0002C4D9
00028DCB
00017EBF
FFFBC681
000009B5
0004C9BE
FFFAD4DC
00005B7C
FFFCA5EE
00029F73
FFF9AC3A
FFFEFDD0
00016D73
0007635F
00038D92
FFFBF4B5
FFFF7085
FFFB2A83
00035364
FFFB8CF8
0004313D
FFFC6657
00049D56
00067D75
000073FC
0003E8F8
FFFE6A37
FFFF60ED
FFFAAA2C
FFF943C8
000289CE
FFFBDD39
FFFC6792
0003325D
FFFC1DC7
FFFD0F35
FFFA6688
0000281F
FFF56426
000156E3
0002D3F3
FFFF7B66
0000ED89
FFFC4DA7
FFFAB03C
00034DFA
000298DA
FFFD0AD6
FFFE9190
0001F2DE
0001F351
FFF96B10
0002A2AB
FFFBA280
0003C2F2
FFFB1F4C
FFFED286
00028742
FFFBFBDA
0006903E
00028AC7
FFFD71C6
FFFA6552
FFFEBEE1
FFFD10DF
0002C191
FFFD7FC4
0000FCCD
FFFB143D
FFFEE6A2
FFF9BAAF
0001E2AF
0002F736
00005266
FFFDC066
0003A4F9
FFFED2B7
FFF937BD
0002B5B0
00075134
00028035
FFFA7825
FFF974DF
FFFDD5E1
FFFCEE35
FFF7814B
0001918F
FFFC52DE
FFF7E788
00019A15
FFFFEED2
00008453
FFFCC340
FFFFDB1A
0002D592
00000B6D
00070027
0007165A
FFFC96A6
FFF91163
00025558
00009AF0
0001D387
FFFA5D61
FFF87582
00040F20
FFFCAA0D
FFFF79E4
000368FE
FFFC9C14
FFFBF1D7
FFFD00ED
FFF99842
FFFF7133
00090606
000173AA
000141B1
FFFCCED1
FFFF16B4
00036065
00066962
FFF62B8D
00010E64
FFFA6AF7
00068558
00064375
FFF8A578
FFFDA48A
00024BA5
0007FD20
FFFF439F
0004767A
0005821F
000106C7
0004374B
000502E9
FFFEE92F
00020E2B
0002723C
FFFD3E38
00037319
FFFEDD51
00004DCA
0007C6C9
0006B5DC
0000AA4F
0000939A
FFFDFF08
000626DD
0001D24E
FFF82823
FFFFAB6E
00027A17
00029047
FFF8A58D
FFFFEDF0
000801A2
0002F01F
FFFF0EEB
00011930
000850A7
FFFD1F77
FFFE63D0
00014AB6
FFFD6A3F
0000D700
FFFF894E
000332DE
FFFFA08E
00064690
FFFD6F56
0005820A
000A7E94
FFFB4461
00090675
FFFF443C
00023741
000110E6
0001D7E4
0003CF83
FFF9CAA7
0007EDF9
00035673
FFF5D621
FFFAF531
FFFF0D6B
FFFC4B45
FFFF072F
FFF8A949
0002FF79
FFFC1DFE
FFFBE64B
0000FCC7
FFFD0E2C
FFFFCEF7
FFF7CD65
FFFF7878
000377A0
FFFF6454
FFFA3A95
000032DF
FFFCEB5E
00084B71
0000F09C
000077CC
000000F0
00069A91
FFFD5216
00055C79
000388DA
FFFCA37C
FFF7CD7C
FFFA7F6F
00024693
FFFDFACD
FFFB784B
FFFC23CE
00008FAA
FFFBF187
FFFFA3EC
FFF7465B
FFFE1D1D
0005248C
0001A40E
FFFE40FE
FFFE1646
FFFE6368
FFFD3F27
00059BD7
FFFDAFCA
00019119
00090B59
FFFA43BF
FFFEF810
0004937E
FFFFFD38
0002F1D3
0003E1A2
000151DF
00027F65
FFFC2616
FFFD6F46
FFFD68E8
FFF9305D
FFFEF386
00037DF5
00000392
00004829
FFFE07CD
0005993D
000792DA
00012D20
0000B020
0006F2DB
00011C79
FFFCE56C
FFFE2611
FFFA14F6
00055B6F
FFFF5267
FFF9862C
00029DA4
FFFF9B89
000348CE
0004B33B
00041EF6
FFFAF14C
00003022
0005260D
0000FCBC
0002FB09
00061D70
0002D5A1
0004022F
FFFAFAFC
00040713
000552D1
00011A35
0002B765
FFFFB086
0001E6CD
0003AEAA
FFF6DAF9
00012DD8
00024276
0003EB15
FFFE641F
FFFD4E2E
000709E8
FFF83B28
00042596
00001FB5
0001F8D4
FFF651B1
0003048D
0002FD51
00019C1C
0005629B
00048543
FFFFDB7E
FFFEBD90
00018A00
00017E13
FFF3F669
0003CEF9
0005DFA3
FFFB3C19
FFFC1CF4
00065E56
FFFB6351
FFF68799
00029BBD
FFF9F751
FFFED421
FFFF8AFD
0000B374
FFFAC928
FFFDB8B2
FFF6BE4B
FFFD4382
FFFBB9B1
FFFDE797
00012BB7
000177CE
0003DA81
00029260
0000A711
0005A889
FFFB3824
00039EE7
FFFD043B
00041D48
000079A3
FFFDAFE7
0001DEDC
000191E0
FFFF2AAA
FFFE441E
0003CB2A
FFFE2276
FFFD9153
FFFB329E
00016260
FFFA61A4
FFFE60A0
FFFFA080
FFFF6770
00038F10
0002A75B
0006E343
0000EC9E
FFFF2B2F
000218CC
FFFF40D3
FFFFB6AB
0002FB24
0004F520
FFFE377D
FFFF295C
FFF88D96
FFFDF9EA
0001E107
000311F1
FFFE15D9
0001892D
FFFC75AE
00040612
00065095
0005B2F3
00039F95
FFFD6B46
00027EC5
00045766
FFFDBF1E
FFFFD0BC
00043210
FFFF891C
FFFC6714
FFFF220D
FFFCA486
000086C6
FFFF6499
FFFA55E2
000301DD
0002B470
00017096
FFFF1A28
00016C29
FFFBC51E
FFF98158
0000ECF6
0004198D
FFFF2EA5
FFFD7632
0000CC1F
FFFF37DA
FFFC9496
00018177
FFFED8FA
00033260
FFFD516B
FFFFA665
FFFDC2CA
FFFD5582
0001A7EB
FFFCE62C
FFFE7B05
0000BEC4
FFFB0F75
000082E5
00005E71
FFFD97A2
FFFF8794
FFFE2DBE
00069F1C
FFF8F4D9
00010DFF
FFFDD66A
FFFFD591
FFFA665F
00038485
00013707
FFFD39F5
FFFB7A2B
0003BDE7
FFFB055C
000684DE
00017863
FFFE0248
FFFE2E5C
0000F9E8
FFFD7B8E
FFFE1CDE
00006395
FFFA3589
0000214F
0004021C
0004263F
FFFF007E
0005C7F5
FFFECA27
00046E6E
00005D8D
0000A383
00027C32
FFF97409
FFFDB46F
0001FB44
0007D40A
FFFDDBFB
FFFF5982
0006CD37
FFFD8F86
00032DB0
0000DD98
FFFE03C3
000547C5
0003AA53
000057F4
FFFD28A2
FFFC9B02
0002A271
FFF6B7CF
FFFF0C0F
0000BF65
000008A6
00019127
FFFFEF07
0003A220
0006CAC1
0000F2F3
00074246
FFF9CADE
FFFDD1AE
FFFEBBA1
00069C03
00032E46
000613EF
00021FA7
FFFF7332
FFF8C6B8
0000DF6D
FFF53B69
0001638D
0008FB08
FFFC9514
FFFD0870
000595F4
0002F340
FFFBAA8E
FFFC9734
00021858
000475E5
FFFF5937
000002EB
FFFFF0A4
000414AE
0006EE48
FFF8F40D
FFFFB10C
FFFA2F93
FFFEDB2E
0000DE24
0004F656
00037E8E
FFFD81D4
FFFE9B90
FFFEEA19
0004CFB7
00044DBC
00054F96
00029B3A
000460E6
00055E4E
0005FFE3
FFFCB025
00025231
FFFFCC89
000069A8
00035778
00047B9A
FFFEEF02
0006C616
FFFDEF4F
0005B15F
FFFAF8FC
FFFE768D
FFFDF057
FFFBE463
00031811
0003858C
FFFCCD2F
0000307D
0003DFBB
0006C4C3
FFFE2D0F
00044EAF
00011453
0001EB6D
00020681
000028F7
00005309
000195EC
00068E00
FFF89619
000441A5
0002B8A9
FFFC6009
FFFAB59E
0002A19C
FFFC69AC
00046C0C
00076C45
00031A97
000179A6
0001C008
00017EDA
00067EFF
00044D05
0007CA14
0005091D
FFF96118
FFFFECF3
FFFB305E
FFF7C0FB
0003F184
FFFD44F2
FFFC2D7F
FFF9E2F5
00054C9E
00022807
00033129
0007007E
FFFE93F3
FFFDC958
FFFFE37C
FFFD681D
0006E187
00017916
FFFE67BC
00065C97
FFFEBC59
FFFCBD49
00092372
FFFC5BC7
FFFD2CA6
FFFE9094
0002D3CC
0000D2DE
FFFD68D1
0000EF49
00014236
FFFF7E75
0000B3B0
000411DA
FFF91F66
000414A1
FFFFCB54
FFFEC4A2
FFF393CE
00025496
00016E21
FFF9D0BA
FFF8DA55
00053084
0004182F
FFFFC2A2
0001098D
FFFFFFEB
FFFD1E85
0001FCBB
FFF9BA56
FFF9FE08
FFFB19E9
FFFFB9E3
FFFF295D
00033A88
0002AB41
FFFF82A0
FFFE1849
00041129
00013422
FFF68D96
0000FBBC
FFFE68B2
0000FEB3
FFFED0CC
00020E1F
FFFE5F2A
FFFEF6E1
0000BCE8
00041C05
FFFF1060
0001E5C3
FFFF8D35
0000651E
00026F8B
FFFC5A0D
0006EF2A
00010616
00008F73
00077157
FFF96E9E
FFFD6AE2
000415F1
FFFDA2F8
000215B6
FFFBC01A
00018427
FFF8345D
FFFF5579
FFFD7710
00003496
FFFE7632
FFFB6D60
00044767
FFFEE35F
FFFF2E08
FFF511E6
000305D5
0005BFF7
FFFC179F
FFFD0F45
00009D30
FFFF9C6D
FFFE34A7
0005C165
FFFE5B0D
00075870
FFFD833C
00073148
0002C3E4
FFFC0A83
0001261B
000020E0
FFFDB450
FFFF78B3
FFFD8685
0001DC20
FFFB7CAD
0002633C
FFF7C979
0005D4E7
FFFA21AE
FFFC69F3
FFFD4150
FFF9D0EF
00085057
0004DE4B
FFFB4FA7
0001292D
FFFDA8A3
0003CB18
00038B89
FFFFCBEF
00055481
0000CE56
00067078
0001CBFF
FFFBD60E
0000AE64
0006132A
FFFAF7F8
00086CC4
0002AAF3
0001EFB1
FFFB00A3
FFFB1D62
000152EA
FFFF6CDF
FFFE8FE7
00036B8C
0005D727
0003AFAA
FFFE5226
FFFB018D
0003843F
0000E8A8
FFFC02EA
0001BFB9
FFFB7628
FFFC34A3
FFFFEB22
FFFEA6F9
FFFCC74D
FFFC53B3
FFFD8A68
00042B47
0003AE73
0003DDBE
000008FA
0005D42B
FFFB4DF7
0004AA59
FFFC83C2
00033C1F
000859B8
00040034
0003657F
00048255
00041FB5
0002E371
FFFF239F
0003B795
0004ACD1
FFFA892B
FFFE342A
FFF94753
FFF8DA3A
00091A9D
00028467
FFFDE475
00018BFB
FFFA2E87
0003982C
FFF9B7D3
FFFE415A
FFF77240
FFFEC1FC
FFFF6240
000437C2
000168C4
0003E529
FFFFB123
FFFC4041
00065CD8
0003295A
FFFB1CE9
0005202D
00073D38
FFFC67A8
000657CF
00066F3C
0002DCFC
0002FCC6
FFF83D05
000122A1
0002D64F
0000215E
FFFFEA66
0001ED8E
FFFBB68D
FFFE0174
000142A7
00001FD7
0000275A
00028D60
000817A5
00025AC6
00020F0D
0000EA43
FFFA9068
FFFFD650
000157F9
0004DB16
FFFFF590
000502FC
0001E7DB
FFFD0006
000734C7
FFFE07A0
000366AE
00039ADE
0002D8FA
FFFF642A
FFFBD327
0001CDAA
FFFAEB97
FFFCBD6F
0002D4BA
FFF888DA
0002E3B8
FFFA95F1
FFFA764D
00048CC1
FFF749BE
FFFEDB97
0002753B
FFFF4708
FFF841CC
FFFAC275
FFFC11FE
0001E3F4
FFFFFD8D
0000BB96
FFFA7EF7
00062B5B
00060867
0001E214
0003020A
0004CFFA
FFFF282F
0008E538
00047323
FFFA5F20
0008ACF1
00042E6F
FFFEB78B
00038FAF
0000B816
FFFE61F7
00075A67
FFF82906
00004C10
000585FB
00020C2D
FFF9C8DB
FFF997C6
FFFE48CE
FFFBFCE7
0008F7FD
00013C1E
00014769
0004665C
00038DAE
FFFBF4C6
FFFE9CB3
00066DF7
FFFB3CDB
0002E42C
FFFE6A20
00071CB9
0001E6C8
00054A50
0002E0A0
00031D16
FFFCD2CF
00079FD8
0009A665
00045ECF
0009CC94
00084CE6
FFFD621A
0001FA4B
0005F037
0000E4BF
FFF94559
0001D6A8
0004E4D6
00033BD2
FFFCEE2A
000323D2
FFFDD1E0
00024EB9
0008B48F
00092F56
0002BA82
FFF8F703
0007492F
0004D27B
00032517
00002510
FFFE7F74
00050134
FFFD5744
FFFEC212
00000123
FFFAC8DE
FFFD1750
FFFCB0AF
0000D6A6
FFFE11FC
FFFD0722
00002838
FFFBEACC
000394CC
FFFF0EAD
FFFA8F88
FFFCECCD
0004848F
00032E2D
FFF9F8C2
00038522
00073CE1
FFFFD1C7
FFF9F5F4
00042D8A
FFFDD95B
FFFF606F
000719C1
FFFFF5FC
0002D2B6
FFF9D828
FFFC72D1
FFFCCDFE
FFFAC0AC
00037DBD
0001696E
0003607F
FFFEAFCC
FFFEB3D7
FFFAD443
00046777
FFFD6F9D
FFFAA26C
FFFDC3BF
000461BC
FFFD3095
FFF954D8
FFFD1E45
0002F9E2
000030FB
00041D4D
FFFDAE34
00024E24
00062C34
00036940
00023236
FFFCC157
FFFDECD5
FFF6704B
FFF9EBF5
0002D6B6
FFFA5401
FFFD40F5
0000AF3C
FFFA03C9
FFFFA6AD
00004175
FFFD0270
FFFEB742
00052DD3
0006EBA0
0004961E
0002A6B6
0004709B
0002A267
FFFB62B2
FFFC2CAA
FFFF4331
FFFE3229
FFFFA522
FFFBA7A1
FFFB44E2
0001F916
0004440C
FFF9D9ED
000462EE
0000E5C8
00056F7D
00063F63
FFFB8D97
000725AC
FFFBB2C7
FFFEDD47
FFFFBCAC
FFFDBF81
FFFF6889
FFFD714F
00092BBB
FFFFC379
00068288
000666A9
FFFCF42F
FFF88957
00020BCE
0000866E
FFF46251
0000D7F5
00028972
FFFD1181
FFFF1557
000138E8
00042C88
FFFFC3F1
00049FF1
00083971
FFFCAA32
0003819F
000108C2
000135AA
FFFD685B
0001E783
FFFD5A46
000427B6
00001CE7
FFFD4161
FFF9F7FB
FFFA92F3
00029166
FFFB2B66
00077AB3
00078E66
FFF9ECC6
FFFF03FD
0007A09C
00005070
FFFE1D4A
FFFD251E
FFF89663
00040891
FFFF9170
FFF6CBC4
00068C09
0008F429
FFFA1E47
00024885
00069097
0002D73A
000045E6
FFFC2058
000290AA
00044D14
0001658D
0005BBDE
0006C4EC
0007087F
0000727F
00030C30
0008BA0D
0000AC0C
00004D3D
0002CA4C
FFF8236E
0005DB11
FFFF43CE
00007537
00012E30
FFFC7D39
00073FF6
0003A4A4
FFFC8F3B
FFFD65A4
FFFC0CA1
00031AE8
0001A335
FFFB0344
0002F3A4
0005C1A9
FFFC4A00
00020D0B
0008553D
FFFC1643
0000A810
FFFB7FD2
0002E8FD
FFFD1CDA
0001DDB7
00056979
FFFB6458
FFFC978D
FFFC0500
00011AF6
FFFCC9C6
FFFE9AAD
FFFEAA30
00025594
00032EE1
FFF96355
00074C62
0005AA33
FFFE18CE
0003DA78
0002CC8D
00035818
00035C4D
0002E017
00085CE6
FFFBA44D
000244D4
0000D610
0003E58B
00067EA0
FFFD3235
0003B74D
00055544
FFFF8BD2
FFFD7317
0002F311
0000735C
FFFEE530
0003C149
0001A9C3
FFF99BC5
000CFB5E
0000FC0A
FFF833FE
000838C4
0005DF9E
FFFF9921
FFFC1308
0003D91D
000627A4
FFFA25C2
0005BD64
FFFB6B9A
0003882A
FFFEE73D
000257E1
000487D4
FFFD1806
FFFBB4F7
0003C62C
FFFFC4AE
FFFC2C2A
000407C6
0002C617
0003DC52
FFFBF966
FFF7B2A1
FFFFB5AB
FFFC3B65
000218B9
00025E17
FFFE2757
0002516E
FFFC37E4
FFFBF31C
FFFAB1E6
FFFF9313
0005C317
FFFF4A74
FFFA3F9A
00024F11
0000018A
00010955
0002ABC5
0003A6ED
FFFEFD09
FFFCF0C7
FFFDBB73
FFFF7F68
FFFC7B9D
00022D4C
0003C6C8
FFFD8C2C
FFFFAF21
0004680B
FFFE56AD
00008F31
000681EC
FFFE9717
0000BD99
FFFB72D3
FFFDBCF1
FFFD149A
00039031
00018CEF
0001E557
00046BDA
FFFC1D92
00030B4E
0003645C
FFFAEF38
FFFEA99B
000608AE
FFFB4E93
FFFF2C15
00028C13
FFFFD5FF
FFFCEA2D
0005B972
FFF63947
0003F26B
000688F0
FFF8BC31
00065D49
FFFCADC3
FFFC853B
FFFEF2E3
00016630
0001130B
FFFE7D62
FFF99F80
FFF89594
00062785
FFF99437
00016781
FFFF4415
0003157B
FFFAFEBD
FFF8A74F
0001E08F
000594BA
0003E37D
FFF7ED75
FFFF409D
0001135B
00035AC9
FFF7A7A8
0000B805
FFFE8B7D
0000221F
FFFE5F27
00034EA1
00021A8E
000526DA
FFFC286E
FFF82F05
FFF910A5
00011F63
FFFBC3C0
FFF8D52B
0002A965
FFF8DAA7
FFFE1E96
0005A51A
FFFF121C
000BE13F
0003C79E
FFFE7421
000B68EB
00041EF1
00071117
0003C8EA
FFF94FCF
0003800A
FFF6073D
FFF5AC7F
FFF8C6DB
00028120
FFFF54F1
FFF83F3D
FFFDFC96
0006528E
FFFC46B3
FFFE11B9
0007812C
0002BE2F
FFFD408D
000376C9
FFF805CA
FFF9E11D
FFFEBC9E
FFFD5481
00030812
00045C84
00049DC7
0004F331
FFF9E89B
FFFA7D01
FFFB6B80
0002773C
000279BF
FFFEB1BA
FFFCABE8
00007721
FFFFA54D
FFFB0738
FFFD2FB1
00018A33
0007201E
FFFDDBED
0004C082
0001C580
FFFF2BC7
00025960
000480CC
FFFE59CB
0000D5EB
0002105C
FFF89BC4
00008ED3
FFFDEE74
FFF9E13B
0003CD7D
00050651
FFFDF9C3
0004A519
000271F6
0005DD27
0003D9CA
0001627D
FFF97D67
FFFE9279
0001139B
FFFBA9F8
FFFFC6F5
00005C03
FFFC8D63
FFFE0310
FFFEA575
00016DAE
FFFCF4A8
000176B9
FFFDB9BF
00031854
FFFE3BD3
FFFE3E87
00059DA4
00068EE8
00008DF9
000005CB
0007C24E
0003D67A
0001124B
FFF93712
0005FB11
0006EBB9
FFFC8AD1
0008EFAA
00016961
FFFF5B15
FFF9B803
FFFEF66D
FFFF5548
FFFE0279
FFFD74F7
0005A193
000172E0
FFF926F8
00016C2A
0004FD45
FFFCF16A
FFFC0AFD
0009ACE8
FFFFCB9E
00016D48
FFFBD283
FFFDB39D
0005EE79
00002DB4
FFFD2AC1
FFF8ED1A
0001382A
FFFFF13B
0003CEF1
FFFB0FBB
FFFCC8A2
00042675
FFFEBC6C
0003619A
FFFFAD90
FFFAFBC2
FFF5F802
0002A37E
FFFB21A9
FFFAA7B2
00069460
00046744
0004106D
00061086
FFFB0AFD
00027DE2
FFFBC585
FFFAFBF7
00028EEC
FFF9AAC9
00038DEF
FFFFD8B8
0002190E
FFF45354
00030BF5
0000076B
FFF9A789
0002F764
0006AB71
0000F982
00029D08
FFFF6FF5
000A1863
FFFDB4B3
FFFEE5DA
0004BF3E
FFFF938C
000046BD
000AE078
00055BC9
FFFD42F2
FFF8AA27
FFFD13AD
000021EC
FFFF550B
FFF80778
00019438
FFFBD151
0000A229
FFFDD948
FFFA8061
FFFFE943
FFF43F3D
000558CB
0002630E
FFF85048
FFF34886
FFFB63C0
FFF72B42
000B2AA7
FFF78EDF
FFF2C7D6
FFF94787
0002E490
00030EBC
FFFAB138
FFF83534
000266FB
FFFB1F87
00001DD8
FFF9BF02
0003D0B7
FFF70954
00061AC9
FFFA9A59
FFFEE11F
00081F87
FFF58518
FFFAD410
0004EA5C
FFF24F3A
0004921C
0006647F
0000CB1E
00073C52
00030930
FFFE8888
FFFDFCF0
FFFA6D66
FFFFB332
FFFF5A9C
FFF9CC43
00027C80
00042E8E
FFF4A004
000E6D75
FFEF9855
00000972
00074479
000386D1
0002F025
FFFBB318
00049D53
00037FBD
FFF87E29
000D32BB
00023576
FFF71766
FFF98022
FFFB4ADF
00007723
FFFB8F04
FFFC423F
00031187
FFFD67B2
000722BE
FFF90966
0008E9C0
FFF7AB28
000C0B62
000AB44B
FFFCA3DB
000ACD67
0007174B
00011EA8
FFFCDAC8
00061818
00079BCB
00062B1B
000014CE
FFF6BF28
FFFD3C89
0002B930
0002CE43
000132DE
FFFEADF0
FFFBE50D
0005F13E
FFF9C261
FFFB79FB
FFFB8169
00028C5F
FFFB73B2
0001BB89
00014E24
FFFF80FC
0000457E
FFFBD894
0004383B
0003C76E
FFFF7064
FFFF0783
0002F6E5
FFFC5076
FFFF2E95
0005ECB4
FFFDF9DB
FFF8D2D5
00061E06
0002A351
FFFEE457
FFFF5446
0003ABED
FFF32D9A
0005CF12
FFFA6106
00016297
FFFFB11E
FFFE4E96
FFFE56FD
00053DF6
FFFEC1DB
0004631B
00071562
FFFD507C
FFF5F834
0004E531
FFFC648D
FFFC4D3E
0007EC50
00001EA1
FFFBC86F
0003D9D0
FFFA9AFB
0001CE4B
FFFE165E
FFF9012A
FFFF00F0
0001DCB6
000019DD
00009C1D
FFFFD141
00033501
FFFB24B1
FFF47B25
00064EA8
FFFDC00D
FFF1A0C8
FFF8D316
FFF4B24E
FFFB1025
FFF1E0CD
FFFECEA9
FFF22AF5
FFFEEEBF
00026E15
000343FF
00065F4F
0008C1DB
FFFC6A7E
00059EC1
00045954
FFFB258B
FFFF4193
FFFD5A02
00022D3C
FFFD741B
FFFEFD89
FFFED59F
FFF89BCF
FFFA8C14
0002588B
00004C23
FFFAC2BF
FFFECCA1
00032B13
FFFFAB93
FFF8CB88
FFFE28A0
FFFA4254
FFFA4FD6
FFFEDA32
FFFF286B
FFFD55B9
00045D7B
FFF993F0
000CED9E
FFF90DAA
00072434
0005A189
FFFB058C
000289C8
FFFCF1AA
0005A5E1
000CB32E
000AAF7C
00042600
00052B2F
0007F290
00007312
FFF8C3D6
FFFB3E5E
FFFF3B2C
FFF9C671
0003BDAF
0006D0B1
FFF73DEF
FFF71727
00023848
FFF674A0
00044547
FFF9EF6E
FFF2CD5D
FFFF4E77
0003262D
FFFB8E3E
0004A4E3
FFFC2C14
0003EB31
FFFB0212
FFF67F3E
0002CAB8
00041AFC
FFF78395
000127EB
00010C1F
FFFD0450
00015D31
00035665
FFFB5DA6
0001CD58
00067286
FFFD589E
FFFDBDFB
FFF42F4E
000471A2
000872E5
FFF81C5C
FFFA5E0C
FFF9D6F1
00016B32
00033CDF
FFFC5E32
FFF5543E
0001052A
FFF99FAC
00001509
FFF526C8
FFFFC669
FFFF8344
FFF9FBC4
0000712E
0009EB8C
FFFABE88
FFF56831
000187B5
FFF8E210
FFF92382
00048492
0000594B
0003127A
0000AEF9
FFFA3C14
FFFB4B7A
0001F4B4
00071F58
0003132D
FFFD6D3E
0001B1E2
FFF6999C
00065715
00012B46
FFFB3444
0008EB92
0003F6B0
000512BB
0001582F
00014348
FFFCF33E
0002D365
00036EFB
FFFBDDDC
000615B1
FFFE3D78
FFFA0456
00007CDD
000008F9
000130F5
FFF87123
0006278C
00063598
000607F6
000390E0
FFFB274D
FFF84002
FFFE5927
FFF95407
FFFF90CC
00057966
FFF753FB
0006A7A5
FFF69042
00002B60
00019321
0003C05C
FFF902A5
FFFF6BCB
0000017F
0003A4CA
FFF5BF56
00024BC7
FFF94EAB
FFF927E8
FFFFC7E1
00033A93
0001CCAA
FFFDC65D
000194FD
FFFC7C73
FFFA16F3
0000C5B4
0003CEB9
0002871E
FFFE5CAB
FFFCB2AF
FFFC0538
FFFE5810
FFFC2E51
00033108
FFFF5A23
FFFE00F9
FFFCC20D
0002CDFC
000432C0
0006E889
0004E1E6
FFF624D8
0004059E
FFFC102F
FFFF3E52
FFFBFC41
FFFB5D0D
0000A2CD
FFF713E3
000AB2FC
000D28AF
FFFCE3A0
FFFA3135
00006D0A
FFFDF90D
00063DDF
FFFA8944
00036B9D
FFFB405A
00026221
FFFF69CD
000635A8
00030C57
FFF9F59F
FFFF20FF
FFFC4D76
0003C7FB
FFFF9711
FFF1F177
0007DF90
000537D3
000B1D95
00009A33
FFFA1FA4
FFFEEACB
0005E514
FFFE3D1F
FFF9F49C
000042EF
0004F7B2
00083324
FFFF4E8E
FFFE0701
FFFF1A7F
00008FD1
000043F8
00069B11
FFFF16B5
FFF904EF
FFFCE25D
000C4FC0
00046B02
FFFBD14B
0003565C
00058B4E
FFF4736E
0004BD29
00035003
FFFBA54D
FFFF7D22
00073C56
000528DA
FFFA3C7F
00078E62
FFF1BBE5
0001FFD7
FFFCAD57
00039CF8
0005B53B
00047521
FFFEAA34
00099B48
000DA154
FFFDED7E
FFFFC9A5
0006949C
00057CBA
FFFC07C0
FFF7D471
FFF8EF95
FFF8A29E
FFF5EB66
FFFB85F0
0001C958
00085F56
FFFB8D4F
000601EA
0006BA81
0008F49E
FFFF5AF2
FFFB1D6D
FFFFFA1F
00024582
FFFB39A9
0006F1B6
0001321C
FFF7F0C8
FFFC3AA6
FFFD40F6
0004FFC8
00091616
0005E1E1
FFFB38FB
000562C8
00022115
FFFE4F0B
0008FC05
00066CC9
FFEE525E
000FFFF8
FFF65C17
0002C11B
FFF71DB7
FFFFB02D
FFF9F1BB
FFFC7C03
FFF7E579
00041F09
FFFF3251
00022D42
FFFFBEA0
FFFB10CC
00059148
FFFE1A76
FFFBDCCA
00058878
FFFE221B
FFF863A7
FFFAB2DB
00003CE9
0007826E
FFFCA085
FFFE597B
FFFF768D
000E0E47
0003291B
FFFE3C63
00104D2C
FFFD9EDE
000048D3
FFFE36CB
000674EC
FFFF58AA
FFF93F9E
0000456F
0007B0FF
FFFFB45D
FFFF82B3
FFFFE3D7
0007EDAB
000C9A5F
0001BADE
0009FDAE
FFFDDD44
FFF634B8
FFFD4B2D
FFFE932E
000588A5
000AB442
00016189
FFFF3588
FFFDDC8E
00048CE0
FFF604E3
00076075
0007BE81
FFFFB76F
0006D2FF
FFF68E3B
FFF98C70
00032437
0003E197
FFF8EC35
0009DF51
FFF7F415
FFFAAB29
FFFD17BE
0002C990
000F1335
FFFE4422
FFF9ED1C
FFF96292
000A7A79
000799DE
0009AA44
FFFB4444
FFFE9DEA
FFF7C0D9
00023222
FFF779A0
FFFC78BB
00008349
000362E9
FFF7C54F
FFFD719E
00033281
FFFD2F8D
00026EEB
0007BF6B
FFFF6AB4
FFF9F9B3
0007C57D
FFFFFCE6
FFF865FC
FFFF35C2
FFFB67F8
0000DC9E
0003444E
00003833
000085B9
0005511F
00071314
FFFD209A
FFF8F721
0005B76C
00031BDA
00045BB1
00097CE0
FFFFE4AE
FFFC0D3E
0005C2E0
00013B90
FFFD7E5F
FFFC1448
000105A0
0007C3CD
FFFF40A6
FFFD205B
0000849D
000444A9
FFFF1652
FFFFDDD8
FFFB8035
000629F9
FFFCB0B9
00026866
00029CCA
FFFEEF02
00026C75
00031BA9
0004D1CE
00058EF1
FFFA13D3
FFFCE259
00038F0C
0001D3D5
FFFE59BE
FFFD4E18
FFFCE1DA
0005C053
FFFBE527
FFFA5E69
0002014E
00002BCB
FFFA06E3
000383D1
FFF6748A
FFFA12FD
0003F463
000053E5
FFFE2C73
000760A3
FFF65190
00010941
0001EE7B
FFFDCD58
FFFF1483
FFFCC622
FFFEC940
00069F61
FFF92BE5
FFFCB649
0002F7B8
0005395A
0009244B
00035A9D
00051C7A
FFF76CB1
FFFB2700
FFFD1373
FFF3B482
FFFA8956
FFFCEBE2
FFFCE2FC
00036FB6
0003CA68
000378B1
FFFA490B
FFFE9D39
FFFDD49B
00046004
FFFA6ACF
FFF83EF1
000735B4
FFFBD193
00038AF6
0005A41D
0000F2EC
000097A1
FFFB5500
FFFB0E51
FFF8BB4D
FFF9EB9A
FFFE07A9
0001B8D2
FFFDC119
FFFC32F8
FFFF9C2D
FFFF3C30
000576A1
0008958D
00023AAC
00000981
FFFA6607
00003806
FFFEC6AE
FFFDA062
00053F52
0002A620
0002A3FB
00031EF7
0002287D
0006C2AD
FFF9E590
0004B5BB
00049CF4
FFFBD47E
0009B4AC
000361C1
FFFA40F5
FFFD0969
0000DAE8
FFFE3649
FFFCF891
FFFC80A0
FFFED48C
0000A763
FFFE60DA
0003CA5A
FFFFD04C
FFF9AE9B
FFFDE586
FFFD9B99
00015103
000937D4
000718A5
FFF8F366
00021CD9
FFFFE6BB
00030AF0
FFFD7230
FFF7C597
00062D6A
00013B2F
FFFD6B9D
00028043
00010811
FFFD8888
00035AE7
00077F74
000386A2
FFFE4A10
FFFA65BE
0003F5FE
000556C8
0004F993
0008F2B2
FFFC9AD9
00031D05
00020226
FFFCADAC
FFFEAFA8
FFFFB9DD
000366E0
0006A539
FFFD8488
FFF5EE68
0002FD8A
FFFD9CD4
FFFEA8AC
FFF7D70B
0001C0E9
FFFE9356
00003C98
FFFECA2A
FFF88886
00035D98
FFFA069F
FFFE53E3
0008CB56
000740B7
FFF64632
FFF6ECD7
FFFE25B2
0005849B
000438F5
FFFC0E57
0003AE6E
FFFEFADF
0003B149
00048045
00018130
FFFD1C7C
FFF84E93
FFFCB505
FFFC003C
FFF539E8
0000AD4F
0004322F
FFFD5C20
000459A1
FFFBBCB5
FFFFC875
FFF78A37
000781A5
FFFD9BB8
FFF7F27D
FFFD0FCA
FFF8BB17
0003B327
0001E4C7
000166DA
FFF95A24
FFFF7966
FFFEF8C2
0004D26E
FFFBF7E9
0002F397
FFFD47C9
FFFAF745
FFFB36DE
0006F6A1
FFFDE4ED
FFFC888D
0000FDEC
0001AFEE
00095F7C
FFF9D946
FFFD07B7
FFFFA0BB
FFFDEF1A
FFF65A1F
FFFDD712
FFFFB85C
FFFFC89F
000CC689
00019C45
00054743
FFFFE290
FFFDE6CA
FFFBEC10
0003397C
FFFAD2C8
0005283F
FFFFA477
FFFAB680
FFFBB750
FFFB29FD
000611A4
000409B4
FFF9589B
FFFEBDA9
FFFBF236
00070CB4
FFFB2AE4
0001ACEE
FFFF9160
FFFF15F7
FFFE90E6
FFFD7BFC
000233A2
FFFF333B
000072B1
FFFB0750
FFFC8539
00049344
FFFBD24F
00018F62
00015103
00026800
00044C5D
FFFD3139
FFFC2417
FFFEAA22
FFFE77C6
FFFD6907
FFFBEC2A
FFFF4EA0
FFFD7890
00000016
FFF7E060
FFF86EFE
FFFB340E
0000916F
0002E4E2
FFFFB301
FFFF6569
FFFA7585
00001E1A
FFFD0F74
FFFBF2B9
0003CC6A
0003FEE0
0003223E
FFFCEC02
00058043
FFFF612F
00058B0D
0004E8FC
0002B970
00059914
00040B02
FFFED6FF
FFFD6FE7
FFFF59BD
0005D619
FFFEFDBA
00022CC8
FFFB9023
FFF8122E
FFFEF3ED
00005D25
FFFDDB7B
0008DE2A
00010EE9
0004015D
FFFFBAD1
FFF50C84
0001EBF7
FFFA5231
FFFF40E2
00064078
00042EFC
000900F1
00051139
FFF9F21B
00044A11
0004F504
FFFF0A03
000219FF
00017EF5
FFFF0D45
0000868D
00014057
000401E2
0001BF0B
00028DDF
FFFB9EA7
FFFA6CE1
0001CF88
FFFBAC03
0003B27D
FFFDB47D
FFFC9DDC
00047762
FFFF5FF6
000392D8
0002B2D6
000436DB
0002AE51
00041609
FFFE2A68
FFFF6807
FFF91743
FFF65F98
00010BA6
FFFECA07
FFFBB440
FFFB6192
00038355
00019EDE
00045393
FFFC3B76
00011C51
00037057
FFFAAC9B
00016A5F
FFFA6862
FFFCA7FB
00029E57
00048237
000335F9
FFF9E5E1
0002AF81
FFF9558C
0001E9C9
000674F9
FFFE1F29
FFF9DC3F
FFFCD342
FFFE5001
00019562
FFF7F1C9
FFFA206F
FFFF6916
FFF55AD8
FFF96769
FFFFD103
000230B1
FFFD3BA6
FFFAFD5C
00007541
FFFE4725
FFF9592E
0003F932
FFFAEE39
FFFEC652
00046C4B
FFFD7CA4
FFFD4C53
FFFCC5FC
FFFF96A1
FFFD245C
00000068
0002BDA5
00001E2E
FFFC5FE7
00018E8E
FFFB24C2
000814FC
FFFDEE80
FFFDCA6E
000463BB
FFFE9C8B
FFFCAB61
FFFC5383
0004934D
FFFA5051
00034F9E
FFFEA986
000229CA
FFFF0D40
00017B94
FFFB5B21
000693A8
0005A93B
00035D02
FFFDBCE2
0003EA5F
0006DB32
0002413D
FFF8D30D
00021919
00055B3A
FFFF1D73
00019AE2
FFFE9ADA
0004048E
FFF9BE66
FFFEBF3E
FFFA9B82
00043BAD
FFFF4B71
FFF9896D
00031288
FFFC7725
00052A66
0004AD9A
000651ED
0001D20E
FFFF98A5
000268B9
00045936
0003D2A4
FFF65D45
0002DCAA
0005AB4C
FFF39CFD
FFFA1CCF
FFFDC05F
00010617
FFFE68D8
0001C260
FFFFB27C
000183C0
0002D6E1
00058D10
FFFDCD04
FFF746B5
0001D174
FFF2F76B
0008E196
0000F854
00005601
00012479
00002D01
FFF5AD5D
0005D095
FFFAA37C
000497FE
00043053
FFFBF52A
0001F719
00057BD1
FFFAF545
FFFE6093
0003C115
FFF95A64
FFFD3823
FFFC40FC
FFFD6831
00018085
0003A25E
FFFBD337
0000A057
00008F95
00015FA2
0003E89F
0002871C
FFFD1EED
FFF8DBFA
FFFC1CA6
00089744
000401BC
FFFAE9BB
0002EC79
FFFEAA5E
FFFE68D4
FFFFDE33
FFFF4E0E
FFFD8664
FFF4376B
FFFD0CFE
FFFC37B8
00001ADF
0004E8EB
FFFBDAF5
0005A38D
00064B87
0007B135
FFFC4F7C
00044BB7
0008A147
FFFEFFEF
FFFA70B7
0003D950
000509FD
00016130
FFFE2358
00022CCD
FFFBBBA8
FFFFD491
FFFF6B22
00026362
00013EA2
FFFD49FC
FFFA93D0
0001B663
FFFBCE62
FFFEE7ED
000973A5
FFFB7AB6
FFFE12E9
0001359D
FFFDC6F7
FFFE36A3
FFFA814A
00015354
FFF95043
FFFC7CB1
00047677
000244C2
0000DA4E
0001DFEE
FFFE1926
FFFD15C8
0009E2FF
FFFD82D9
00046690
00071B2C
0003393F
00006F39
FFFC41DC
0005CE09
FFFCF1EB
FFFACB8B
FFFAC68D
000108C5
FFFF5187
0000589E
00026811
00036A7B
FFFE388F
FFFE3150
00022B94
FFFDCB94
0002740F
0000F6D3
FFFF802B
00023A1E
FFFCD8D5
FFFED0F3
0001119C
00049D4A
FFFBAD6B
00003FBC
FFF730B2
FFFDA77A
FFFBC7B1
0001CB7A
FFFA34B3
FFFE2336
0002C5C3
0003FBBC
FFFEE98F
FFFF3F92
0000EB51
FFFB797B
FFF899EB
FFFD947A
0005A8B0
00036337
FFFC1BBB
FFFB8913
0004F7F3
0004D959
FFF9032E
FFFE6E75
FFFD202D
FFFBBCF3
FFFE8C44
FFFA68C5
FFFB3CD3
FFFDA5E0
FFFA1245
FFFC05C9
FFFC662B
00011D72
FFFD0F2A
FFFF9268
00012EAE
FFFC45F4
00035A84
FFFFF028
FFFEBE31
FFFDE974
00015EC7
0000F2F5
FFFAC132
FFFB43EF
0002F1E3
FFFCB621
FFFE077E
00002426
FFFC5303
000114A6
FFFA4CB4
FFFA40AE
FFF49BA1
FFFC055B
0001C048
FFFFA221
FFFB0F57
0002226F
0003B5FC
000364A7
0003C2DB
00046CEE
0002BD51
FFFEA326
FFFD248E
00080198
FFFEAA3E
FFFA1548
FFFB4B8D
00033B4B
00002079
0006D3CE
00032A7F
0004607D
FFFE87FA
0003949D
FFFE27FE
FFFC9A19
FFF97C5D
000065ED
FFFF85A6
FFFD3BC6
FFFAB40A
FFFDA60E
FFF92921
FFFAE8D4
FFFB67EB
0002CEE5
00005D29
FFFBC6D2
FFFA6003
FFFFD42A
FFFF2B57
000042BC
FFFEF845
FFFB9CDE
FFFD2830
0005AFF4
FFFFF214
FFFB302D
00016DAE
00051EFF
00010DF3
00047869
FFFA83F9
FFFD71D4
FFFAEE06
00001925
FFFFD99B
00024BEB
00000387
FFFE9372
000239D2
00012D15
00036B7D
0001C71E
0006741C
FFFEF141
00017E3E
0001EF70
FFFB2EB0
0003870F
00002532
FFFC8ABF
FFF97E0E
FFFBD872
0001AC9B
00026B03
0000C997
000114FC
FFFA024A
00043553
FFFFDE2C
FFFC5757
FFFCF99E
0004F468
0000FF5A
0005812C
0001C860
000075F8
FFFC30F7
FFFFE14E
FFFFFE5C
0005B1A0
FFFDBE25
000070F2
00010AFA
00011FF3
FFFBA609
FFFEC3CA
0000D174
FFFCFBC5
0001873E
FFF7C1A0
FFFB7108
00002B62
FFFB58A9
000035C3
000262E5
0004E6DC
0003B99E
FFFE3683
FFFE3FBA
FFFFFA5E
FFFB7BDC
000212FB
FFFFBDFA
FFFFFED1
FFFB52DB
0000BD08
000147C6
0006EA7B
0001955B
FFFDFAE1
FFFB812F
FFFEB830
0002375F
00036573
0004894F
0000E32E
0001E7F9
0007A144
0001D573
0000BE2B
FFFEB57A
FFFEE600
FFFE5D5E
0003EEB6
0003D057
0002E09F
FFFBFFC0
0001C8C2
000400D2
FFF84426
0000FBB1
FFFC99D8
0003371B
FFFA9106
0002B22C
00017484
FFFC698B
00001027
FFFE3719
0000AD96
0002B25E
FFFF9BE4
0002FE9F
00060F26
000691D4
FFFC7A4C
0000A3AE
FFFF52C5
FFFC47BA
0006EB4D
FFFA21BF
FFFD6FA1
000133C0
00038B0B
FFFAC55A
FFFC158A
FFFECE05
000316D6
FFFD52C1
FFF98C0C
FFFA5F0A
0002E983
FFFC3E68
000210E3
0003B020
00027B95
0004674A
FFFBEEE1
0001A6BC
0002D5E9
FFFCED9E
0004E418
00069C62
00020199
000383F6
000076D4
00010A2F
FFFEF2EB
000291F8
0000BD63
0000345D
FFF8A8D5
FFF99B5C
0003A957
FFFD5072
000299BB
FFF8F060
FFFF5592
FFFE4C4C
FFFEA13A
FFFA7C24
FFFE1947
FFFACD62
FFF8AEAC
0000EB34
FFF8CBC2
FFFBEDE1
00022166
FFF9775C
FFFBC8AC
00057AD5
0001ACCC
0002F5A9
FFFC6D97
0000066C
0005C659
0003284F
0003D1D5
0001F99A
0006D87D
FFFF2F2E
000508B8
0005F98C
0001F92B
FFFEB665
FFFFF721
0007C3B2
0000A8FC
FFFCDD2E
FFFD2D31
00031635
00034412
FFFEB669
FFFBAA4D
00017805
FFFE86DF
0002BF99
0002168B
0005F137
FFFCAAD7
FFFBDEC8
FFFD58B8
0001CE4F
00006B80
FFFB34EE
FFFF60C0
FFFB5EF4
FFFBFC19
00071FC8
FFFFE2AA
FFFC6976
000003E5
00010E59
0003A547
FFFDE62B
FFFCE403
FFFB795B
0005CAA8
FFF9233A
0005B962
FFFA7553
FFF8F84F
0001636D
00042FB8
00029F6B
0002E117
000457A8
00008E8C
FFFD7FAF
FFFDA6B3
0005F3B9
0004BF00
00016226
00032773
0001066E
FFFF661E
0005A961
000397A3
FFFE8B4A
FFFD4E93
0000ACF0
FFFF057F
FFFE872E
FFFC6CFF
0000DDB1
00044DBB
FFFEB7E3
0001BA6D
00046C90
FFFCC75B
FFFA4FB3
FFFC7F2C
FFFA1C20
FFFADC43
00048300
FFFEA434
0001F024
FFFBEC18
FFFA27D3
FFFCA7AE
FFFED001
00042638
0000641A
FFFCA9BE
FFFAA7C5
00022F28
FFFAF8D0
FFFFF4DA
FFFEDDB1
00079F96
FFFBB2D1
FFFB517F
FFFFE80F
0005C3AB
FFFDC9B0
FFFF9A2E
000486EA
FFFABCBC
FFFEA961
FFF82C5B
0000EEDA
0002A68B
FFF7D2E7
0003EE49
FFFF8C44
00006B19
0008A097
0007CE00
FFFD498F
FFFEEAED
00079C6E
0005A38E
0004AA44
0002DD3E
0003FD60
000157C1
00056C4D
0002C61F
0006565E
FFFC2257
0006FA50
000541C6
00069CC9
FFFE7533
0001EF2E
FFFE8818
00013BBC
00051EDB
FFFA9DB1
0000FF4E
000681A7
00005427
FFFD92DD
FFFE25ED
FFF93185
FFFEA450
FFFE90DF
0002A8D9
FFFF949D
FFFBE3BE
00008A8C
FFFB028C
00065496
FFFFFC29
FFFA347B
00000B85
000C027E
0002DAB5
FFFED998
FFFDF81B
00010D3D
0001DFBD
FFF9B46B
FFFC9C3C
0005C347
00018B19
FFFD591C
000768A7
FFFD3672
00058426
FFFC30DE
FFFEA153
0003306E
0004974B
0005AB1A
FFFE1C51
0000E04E
FFFBEEFD
00060E19
FFFCB9CE
FFF77ECD
0000DA03
FFF7D62D
FFFFF490
FFFB85B5
FFFF975D
000071D7
FFFB3617
00042E1C
0004A205
00010177
000294AF
0001DF9B
FFFB11E0
00045BC0
000645EE
FFFFC920
FFFE62C7
0001BF96
FFFD82E9
00036342
FFFA76F1
0006864C
0005C448
00034A9F
000034D3
FFFFAADD
0004A161
000732BD
000A1B65
0000A5FC
FFFCE139
00055F7E
000341AD
FFFC883A
FFFC0646
0001B47F
000730CD
00028DF1
0006B871
0003EFE5
00022131
FFFFCD26
00028D99
FFFB908E
FFFD528A
00017AF1
FFF830E8
FFFCC191
000086FF
FFFC982B
FFFD50BE
000459DF
000000AE
0005BC69
0000F066
000AA740
FFFB311F
0002276E
0005065F
0003F32D
FFFB4735
000A920E
FFFF1676
0004691C
FFFEE821
FFFF35DA
0003F3B2
000138C3
FFFB557B
0004943E
00068779
FFFD554D
FFFAC7C1
FFFBF130
000701F5
FFFF8947
FFFFAA68
FFF8E14D
00070A26
0002CB26
0001A909
FFFC4217
FFFBCA7B
FFFE3A2F
FFFECE8D
0004548D
00076160
FFFCE4F1
0003CC25
FFFA61B8
FFFE1A81
FFFCCBEC
00032CDA
FFF9ECC5
00001084
FFFB07EE
00086FA7
000049B8
000415B9
0003C4A3
00034AC9
00048615
000193E3
0000C7F3
00058064
0002F838
0003CB30
FFFF4AF0
0001D8F1
0008585B
0006D60D
FFFA3D7F
0006C4B8
FFFB8A5D
FFFBB6A9
FFFD529C
00033E1F
00012D45
0007C82C
0002EF2C
0000D6BC
FFFC95C5
000BDFD2
FFFBDE71
0004DC0A
000056A1
FFFC97C7
FFFCD156
FFFFDE13
FFFB266E
FFFF6244
00067137
FFFFEC75
FFF60751
0002AF83
FFFAF67B
FFF616DE
00037443
FFFD5D3D
FFFFFF98
0001691F
0008EDBA
0001A6F4
0000FCF7
0006385A
0003A8AD
FFFF1F34
FFF897B5
FFFB279A
00008D91
FFFDDA4D
000430D3
FFFF65E1
000650BD
0006A068
FFFE7464
FFF85024
0006288E
FFFC9994
000DBD13
0002E384
0009BFF8
0001D8EC
FFFDF91F
FFF6B568
FFFF2CF9
00097B74
000853FC
0001E4D7
FFFE6E61
FFF909F5
00005DB3
0007BA21
000D5D0A
FFFDAEB2
FFFBFE11
00037AD6
FFF83A57
000338F0
000069B2
0007F23B
0003B301
FFFF6BAC
FFFF443D
FFFC7298
FFFD31B3
000ADB5E
0000E27B
0004A899
0005DC5C
000D5D44
00008EBB
00060C15
0006153C
FFF8E337
FFFD0851
FFF8ACF0
000F7C8D
000A041C
000041E9
00068EE1
0009CC2E
0006B89A
FFFD9C92
FFFBD57C
0000CEC8
FFFF2C34
FFF82EDE
FFFC5F62
0000D0FF
FFEDF5F8
FFF4B831
000A7A7E
FFF6BEA2
FFF8A249
FFFD5A71
FFFBABCE
00001397
00064503
FFFAA0F9
0003B188
FFF8614B
0006AD18
FFF7F143
FFF3AA71
0006122B
0003AEFA
000768A1
00059E0A
FFF65955
0004B694
FFECA2D4
000991A0
000B0BD8
FFFD9253
FFFCFC7F
FFFBFACA
FFFE0CF7
000423A6
000C2D2B
000253E7
FFFBD070
000B3B32
FFF97854
0003BF21
FFFBC044
FFFD590B
FFFAD2CB
FFFCC0B9
0001A181
00013BC4
FFFF788C
FFF9261F
FFFCE120
FFF498E9
FFFA46D7
000577DA
00059D00
FFF8C600
0000CC19
FFFB1BBB
FFFA929D
FFF57CEF
FFF5CB92
000083C3
FFFA0063
000302E6
FFFCAF13
FFFFC2C8
00068E46
FFFAB538
00072BC9
000AE09E
00029FC2
0000D36E
FFEE1F79
FFF05021
00001DDB
FFFD8837
0003CF16
FFF8F35A
FFF6D1D2
FFFA7497
FFFCCE93
00001FEA
FFFD2612
000529FF
0008B388
0003EFEF
FFFDF540
0001B4E7
0006D3EF
0002A4E7
FFFE1460
0000FFE1
00113E5E
FFFBB6A3
00086899
00075F80
FFF4A321
FFF9EAC3
00033678
00003AA0
000C8C24
0001C9F5
0001D7FD
0003797B
00112C2C
00120208
000D89E9
FFFF997A
000215DA
00016074
FFFA91A2
FFFB3004
0002813D
0003EA91
FFFF0575
FFFF8DD1
0000C480
FFFC5E2B
FFFA87C6
0001C47F
0002069A
000341E3
FFFF157E
0002B650
FFFC53CF
FFFE5E8A
FFFF852B
FFFE80BF
FFFE8D3D
FFF4D8CF
FFFB288A
000A264D
00020136
00060A2A
0008AA7C
0002059E
00058E70
FFF8DEFD
FFFBE10D
00067C42
FFF8632F
0003E037
00033AEA
FFF34248
FFFCE743
FFFCA734
0002FB59
000B3D90
FFFBF91D
0000900E
FFFA8119
000390DB
FFFEE2FB
00084324
000658D2
FFFF75CB
FFFE489E
FFFE9162
FFFDB1B6
000AE959
000A46ED
00048DD9
00050FCB
00020FC2
00008E19
0008388A
FFFAD242
000202E6
0000D77B
00043695
FFFD4045
00008224
FFF67707
0003C42E
FFFF4B94
00078F15
0000CF0D
FFFD3F0B
FFF8F93D
00085C02
FFFB5DDC
FFFDB871
FFFB1DF4
FFF4EC7A
FFF616A9
FFF8D6C0
FFFCEB1B
FFFBDD57
FFF21049
0008B730
0002178F
FFFF417F
FFF442CC
00041795
00021EC6
000C2A82
0003D5CC
000AF896
FFFBED93
FFFFB0AA
000034ED
0005054E
FFF789D0
FFFC7E01
0005C2BB
FFFC59E2
00044F0C
0002D955
0005AC1E
00032859
0002F040
FFFEB347
FFFD49C8
0004F2BB
FFFFE970
0004A885
FFFB60C6
FFFD999F
FFFA4FE6
FFFF255B
0003D7F9
FFF8AF8E
00059898
FFFD1CC1
FFFD9AB8
FFFFE142
00013EDA
0004312F
0011D84E
FFF6B909
0002740C
000B9ECC
00017FB1
FFFD5E96
FFFE25F7
00027E22
00052668
FFFFA5E5
FFFDDE98
000385FA
000BEB50
FFF4CF98
FFFB84E9
00018ABD
0002D436
00025401
0002F8F6
FFF5A336
00067B6C
0007FD83
FFFB8C0B
0001B548
FFF67499
0003A1C0
00098EB6
FFFB6331
FFF8B00F
000BFF64
00052BE0
FFF952AC
00066DA5
0005879D
0005B814
FFFAE114
0004D851
0005B870
0001BE4D
0005FEC3
0002E308
FFFADAD0
FFFE3DD1
0001C27E
0005DFC1
000B85AD
FFF96360
FFFDDA40
FFFC0CFC
0009AE1E
FFFA50B1
FFF93488
FFFC6047
FFFFDD11
FFF2F78E
FFF91203
FFF3419F
FFF62334
00002CDC
FFFED494
FFFF7348
00046877
FFFFB57C
000A8C29
00061D19
00002563
0000A293
000549F4
0006FE37
FFF9E4AC
00011E69
FFFA820F
FFF82A9A
FFF72C84
FFF8AA80
0005E0C3
FFFC7A02
0003A172
00013F00
FFF682A9
FFF99302
FFF714F0
0000D564
000547D0
FFF6EF5B
FFF3FF84
FFFBE1A5
FFF6C74D
FFFF5DB0
000148F5
00023241
000348AB
FFF4C464
FFFA9055
FFF62548
000498F2
00014760
FFF72C0B
0002847C
FFFE9DD6
FFFE7C70
FFFB89B1
FFF81E2E
0001C375
000120D8
FFEDD174
FFEE6762
0000EE28
FFFCD71C
000993A0
000938DD
0005BD05
000A6531
00028621
000A58C0
FFFBE2D1
FFF5BB4D
FFF73E29
FFFACD1B
0007A0D1
FFF60AAA
00031080
FFF56A40
FFF9AD83
FFF80509
FFFF2E75
FFFDB2F0
000434CD
FFFA07A2
FFFEFC36
00047375
FFF7A34A
FFF6C25C
FFF56E18
0001277F
00036861
FFF9C0BD
00046F28
FFF4E2A8
FFF8FFFD
0001EDCC
FFF559BB
00037DB1
000447DA
FFF6AB3A
FFFC0FE1
0002B390
00073BB6
000684EF
FFFF8A1F
FFF6B195
FFF6BBCD
FFFE96CB
000213A2
00087A83
FFFDDC27
FFFC60DE
0008F99D
0007BB9D
FFF637FA
FFF9D935
FFF30451
FFFB6F91
0003B38C
FFF6DBB2
FFFE285E
FFED5469
FFFCB01B
FFFA7735
0000DFF9
FFFB932C
FFFC5566
00072A58
FFFB34C5
0000E321
0000F1D2
0004ED9F
FFFAA53C
00078D95
FFFE3C7F
0008AC8F
00020E64
FFF6EF3F
FFF9FFE7
FFF4A003
FFF7486F
0003DC76
FFFBE343
00027683
FFFE40BB
000B48C6
00002ED5
00047760
00014655
000058BD
000692FD
0000B6B0
FFF3E5F6
0004093A
FFFD561B
FFFA4BC5
FFFF507E
FFFEF398
FFF5E8A9
FFF80CCD
FFF6A6E8
00070130
0004D01B
000069FB
000286EC
FFF9B813
00010AA8
00016894
00013F3C
0002BA5B
00004B1A
00105F6D
0009FF62
000A863F
000A21F7
0007FAAD
0011175C
0000C7C6
0000D968
FFFEEF2C
FFFB99E5
FFF70562
0009D50C
0006FE74
00068117
FFFC5F5D
FFFBA74E
FFF8B69F
FFF1B613
FFF90B09
0000C48B
0003D1A4
FFF53EDB
0001CFA6
00092E6E
FFF9B8C3
FFFED6A6
FFFD0351
FFFD3F7C
00070765
FFF80968
0001190A
0002846E
FFFA75FC
00009CAD
FFF9505D
FFFC6C37
00065C2D
0001D2A4
00005091
0001F414
FFF698DD
FFF8C530
FFFD5479
FFFDB540
FFF9D33B
00003AF9
FFFEBB8F
00071CEF
FFF450E8
0004FF49
0003522B
FFFCAEC7
00030D9B
FFFBC158
000102D9
FFFE8E21
00008977
FFF89F4F
FFFB7FC1
FFF9A813
00031A46
FFFCC896
FFFB87CD
FFFA4EAA
00086971
00017298
0004FE1B
FFFFF823
000A9A29
0001F921
FFFB2E21
0001A0E0
FFF91064
000071F0
0002714E
00056205
FFFCB4A0
FFF59E68
00020842
FFFA3428
0006F31B
FFF8973F
000248BA
00015E5B
000188AE
0006A9DD
000470D5
FFFC1F2B
FFFFE767
000976FE
0003E664
FFFCDCA4
FFFD77DC
000C52F5
FFF4108B
00022DD0
FFFEAD35
000AD56B
FFF4CE2B
FFF6123D
FFF8C1B5
FFF67B6E
00091890
FFF76099
FFF8E066
FFFDEF33
00015636
00005A1F
FFFE5ED3
0004A7F9
00046251
FFF670BE
0004D198
00081F06
0005DF6C
00098C27
0000F4A6
000686E6
0001A1F0
00043D2F
00016489
FFF645B6
0001F874
00063BBF
000784FE
FFF7C89C
0001F63C
FFFB0CE7
00080ABC
000A47C7
FFF97CF4
FFFE96F4
FFF96F71
FFFCF981
FFFDA2EF
0000E0B0
FFFD8427
00009EA2
FFF33683
00015F11
0003FB20
00033E2A
00030740
00018D24
FFF6AD70
FFFD269D
000B7487
FFF8E5A1
00013518
0002F507
0009172C
0008939F
000304DF
0002545B
0001B4D9
000347F7
0007C7D2
00013D17
FFF769CD
00078BBF
0005613F
FFFE5F86
FFF5FE3B
0002DCAD
FFFA3C83
00044229
0006367E
0002CC2E
00025113
FFF57635
00093948
0007F54B
FFFB83C0
FFFE6808
00080312
FFF78B47
FFF7704F
FFFA8131
000503E8
FFFB3DD8
000C5E5D
FFFAB9F3
FFFBA892
00006654
FFF475C5
FFFCA63B
00068A07
FFF9BC9D
FFFA7661
FFF23B8C
FFFBE484
000CBB40
00030CBB
00046573
0009A828
0005A3CD
00019044
0001A48A
FFFECE4B
FFFB3A04
000705EB
0000F999
FFFF6CB1
FFF557F4
00098E18
0003819F
FFF8703E
0000C299
FFF853EC
FFF786C9
0009D6EA
00087779
FFF79F49
0000E204
FFF702DA
FFFE04A5
FFF8811E
FFFB03C7
0006286E
00004516
FFF43640
FFF3AE4A
FFF9DC6A
FFFFE193
FFFCB0C2
000A8C62
00079DE7
0005C200
FFFACCED
0003CE99
000EB70E
0007D657
FFFB8DE0
0003A56E
FFF87808
00088A98
0006352C
0001D456
000537E2
FFFB16EE
FFF73E0D
FFFD1A3A
00006F55
0005F4BB
FFFE31EA
0002FE40
000569F0
FFFA2542
FFF6FF3C
FFFF74D0
FFF79994
FFFA984F
0004BC2B
000084F2
00034B82
00043684
FFFA94BB
00097771
0001EBA0
00065015
FFFE247D
0003ACE6
FFFF87EF
0003DCD9
FFF57EA6
0007399B
00061C55
0006E4D3
0001F49D
FFF96D25
0002F824
0002F14A
0004D43E
FFFE501B
FFFB8568
00027E2C
00027FE2
000338E4
0001260E
FFFD20CE
FFFEFCA5
FFFC2A1F
FFFC2A3A
FFFF990A
0003DD37
00062ED8
FFFEEB49
FFF69D42
FFFE625A
00056F1E
FFFC3258
00031DC1
00074966
FFFFD10E
FFF734FB
FFFA6B71
0005A95A
000508E4
FFFD566B
0001530F
FFFE1236
0005BA13
FFFC1D83
FFFDC9C6
000035EB
00039AE4
FFF98796
FFFEB179
FFFBCC15
FFF48E05
0001724E
FFFD8560
00052C35
FFFD9EC4
FFF8C428
FFFDAD5F
00051F2F
000632D3
FFF6DFB1
FFFC0EE6
0000FB76
000402F0
FFFDBA0B
FFFABC1D
FFF6E129
00050D05
00084EF7
0004072B
FFF9ABD0
00028BC7
FFF784DA
0004B7EA
0004B923
FFFFB2E7
FFFE7A19
0002BBE5
0009FD8E
00038BCC
0005CC3D
00023AEF
000076E7
0003FBC4
FFFB9CCC
00079849
FFFA3E9E
FFFECA16
FFFDF049
0004E759
0000899A
0003B44A
0003EEB0
00014D95
FFFFE3C4
FFF7E0FD
00022DF8
FFFA91C3
FFFF560D
0005FAFD
FFFBA1D3
00002864
0002C407
0004AD2F
0004C423
FFF7E2F9
FFFF518C
00015BDB
FFFC44F9
FFF94642
FFFF7531
000444AB
FFFAA4A9
FFF4273C
0003185E
FFF93FEB
00019273
0004AC3E
000692FE
FFFA2575
FFFD6619
0004AD0F
00050CC9
00031DB5
FFFFADFC
0003FE06
FFFAB23B
FFFAE5CE
FFFDA39B
0003C6D3
FFFC8BFD
00045895
FFF9795E
FFFE7C1E
0007E3DE
000696E8
000AA78A
0003CE87
0001697B
00034113
FFFC1625
FFFC6ED2
FFFA5FE0
0001B349
FFF885F9
FFFF605F
0001161E
FFFC36D0
FFF5C557
00026CF0
FFF8BD39
FFF4B489
FFF7FC73
FFFB334C
FFFAA38F
FFFBA43C
00031113
00056661
00022828
00015AEE
FFF9EB99
00018BBF
00037985
FFFDEF9F
00076672
FFF66420
00042291
0005A0AE
0003FE04
FFFD2A8F
FFF7441C
FFF2A0F4
FFFB73AC
00014927
0005C4A7
0004B80A
00055CF7
0000BB07
FFF68A11
FFF8AA87
FFFD939D
00058C0E
FFF8A5C9
FFF9FE6A
00051069
0006BA7A
FFFD175A
0006F667
FFF86A5B
0001AFAB
FFF64C56
FFFA605B
FFFFE9E5
00015BDD
FFFE0561
FFFD9C26
00068074
0003ADD8
FFFA6563
0004A467
FFFBF4FD
FFFF9D98
00077CA5
FFF6A8F5
00045054
FFFF4431
000180B3
FFFC01E8
000B1268
0006F968
00026623
000484BD
FFFD9A99
FFF695F2
00044639
FFFD2253
0004127D
0002966C
0004D32D
FFFE9FF7
00051038
0006F1AE
00037C50
FFFA804A
000B5149
000826E1
0009AA26
FFFBB8A8
00086445
000011DC
000502CD
00063EE6
000E2AEA
FFFF052A
FFFD4645
00050C6F
00000CDC
FFFA9CC2
00020D1C
000066FA
FFF87D6E
FFFD4195
00008736
0004E1F4
0004D033
FFFD89EB
00013E49
FFFC7DBD
FFFC5EC7
FFFFB75C
FFFEAB66
00016E56
00068F0F
0001EDDB
0006548E
0001D596
00023B3F
FFFBB3F9
0001DC07
FFFF4566
FFF913F7
FFF9646E
FFFAB12C
FFFFBB29
FFF837A8
FFF42354
FFFB8C50
00103326
FFF7F651
0005B037
FFFD7FD4
00017E29
FFFB9B46
0004ADEC
FFFB64FC
00023493
000115AD
0005D144
0003FFC5
00056868
0000B48B
FFFEAC6C
000BF1DF
0005F56E
FFFC8A22
0002496F
000CD722
0004F192
FFFFE6A7
00033C54
FFFEF23F
FFF66343
00003A71
FFFEEC79
FFFE07B2
0006462A
0002990F
0000603C
0004FD30
FFF694EE
FFF8F20D
00039A9E
FFFA915A
000C85F5
000662E6
00008BF0
FFF52BD3
0002C477
FFFEF369
FFF55883
00043963
FFFF52C3
FFFFB971
FFFCA2D0
FFFFB8B7
FFFEC9B4
FFFDC6E6
FFFBA6EA
FFFE6C7B
FFFACD4D
00064A72
00046055
000767CD
FFF85336
00038779
FFF82C23
00021F6E
000A23E4
00040DE5
0007F83B
00063466
FFFEEDC1
0000DFAD
FFF86413
FFF63843
0003311F
FFFCFA79
FFFFFA46
0009AA0C
FFF93AB1
000CAC82
00054015
000654C5
FFF9AF59
00077335
FFFBAE17
0000E051
00047355
00091E3B
FFFFAAE3
00066814
0002330A
00015CA5
00023C67
FFFC349A
FFFA2442
FFFCF43D
FFFFC529
FFFE2DBA
00015AA8
FFFB2706
FFFBC9A6
000765AF
0007B8D3
00013F5D
0001C76B
FFFF5623
FFFBBE74
000534FF
0002BA35
0005F803
FFFB749D
FFF7D4A7
00037CA9
00038A3F
FFF93E54
00019900
FFFCC651
00024509
FFFEE5DC
00013EC8
FFF9A03D
0002A69B
FFFD8924
000798FA
000568E8
00076534
FFF8684D
FFFE0C7A
000341A3
FFFC0B77
0001B42F
FFFCC8E5
00043ACA
0006EDB2
0006BF1A
00006A23
FFF93141
FFFEEE70
0002EFA2
00037E24
0008A670
0007C80E
FFFD1C0C
FFF87AA3
0004E802
00003788
FFF71ADF
FFFC55C9
00008772
00082672
FFFAB960
FFFD2F58
FFFE7BFB
0003A11E
FFFB22AA
FFFBC58C
FFFFDD6A
FFFB2557
0003E750
0003CBBE
FFFCE812
FFFB6861
FFFF148E
0006FFD8
FFFC29D5
FFFCC9E3
FFFF9B3A
FFFE70FC
FFFEA0DB
FFF851C3
0000F468
000262B0
0001364A
00025E71
0002D836
00004BDE
FFF6C011
000490BF
FFFCE56D
000479FF
FFF9D503
00035FD4
FFFE84EF
FFFB5515
00018580
000728D3
FFFB848E
FFFA532A
FFFF4D06
000199F6
FFF7FB86
FFFEB0F6
000454B6
FFFBCF59
FFFF6F5C
FFFD5E35
0002F107
000243C3
FFFC5153
000247B1
0000E7F5
FFFC8676
FFF78818
FFF5FD48
FFF91691
FFFD5E9F
FFFCB092
FFFFE7FA
FFF904D2
FFFB3082
FFF640B7
FFFC265F
FFF90B49
00057C49
FFF76FE4
00000AFE
FFF76775
FFFBDF5C
00044A86
FFFE96E5
0003CC5D
FFF935C7
0000AAB5
0002CB43
000291A4
FFFC03F9
0005CEFD
FFF5536B
0001B9A6
FFF83897
FFF9C5E2
00030423
FFF7D6F1
FFF988CE
0004908C
0002E0BC
FFFF9AA9
FFF4BCA6
FFFEF840
0006E31F
000C42B3
00039754
0002426E
FFFCC59E
000320BD
FFFFEB8D
FFFCBE49
FFFF5705
FFFB235D
FFFA8202
FFFEE60D
00023276
FFFB9468
FFFDEFF8
000248BC
FFF6C7A4
FFFF3D25
FFFDF554
FFF917EB
FFF8F099
FFFEAC20
FFF916B7
0000C9B7
0000105F
0005AD38
0006AE0A
FFFE09DD
0003A64B
FFFF437C
00021413
0000EA90
FFFE5164
FFFBB65E
00000ADA
FFFDD523
000017B9
0002C364
0003700C
FFFF15AC
000877A4
0001DC7F
00023674
FFFA7101
FFFADB4F
FFFDF06C
FFFC3149
FFFDBA2D
FFFF1BAC
FFF60050
00049F98
000796B1
00030890
0008FD69
00091EE6
0004F312
00035D5D
000231CE
000207C6
000AE26F
000032B1
FFFE2E64
FFFB7BDD
FFFB55C8
FFFD6711
FFFE1D8D
0004451F
000811BD
00032588
FFFB31B2
00013DD8
00007817
00024BBB
00041C0E
00020AF3
FFF93506
0007D13A
FFFD7D4E
0004AD35
FFFF9E93
0002D69A
0005B0A0
00030083
0004CB8A
FFFE9191
0006CB34
0004A5C3
0007E356
FFFBB683
0001758D
00005F5C
FFFA8586
FFFF25F9
00007678
0004083E
00020D02
FFFC1C93
00039467
FFFBC5E4
0000443E
0002E5CA
FFFD9F18
FFFFA01A
FFFA20E6
FFF92EC9
0005ADC0
FFFF9C2A
FFFA591B
FFFB35CB
00001666
FFFE9AAF
0002B527
0005E156
FFFA8A0F
0001AADA
0009FA17
00036D85
0007EC20
000039CD
00024915
0005254E
FFFBDEBF
00038368
00090A88
00020D5B
0006DBE5
0002332C
0001B3CD
FFF4530B
FFFD17F5
0005221C
0002FB84
00013092
0007307F
00000F24
0001CA64
00032A0C
00026C95
0003C905
00044A00
00036FD4
FFF7E018
00021B62
FFF47B2D
FFFE5BB8
0004E8AE
FFFC7ECC
0001C149
FFFF5771
FFFDED80
FFFB7562
FFFB6FC8
000585CD
FFFFEBD8
FFFF18AB
FFFD37BA
00001827
00013E6B
0004E887
000821E4
0001B492
0000728C
0002B7AB
00049154
FFFC43C0
000099BE
FFFDD6B2
0005202C
FFF819F8
0005533B
FFF744C2
0002776F
FFFB2E35
FFF93A32
00019443
FFF620DD
FFFFDDAA
00035E81
000598AD
0003E1F1
000868E0
000235C3
0003DC70
0004C415
FFFCD4D0
FFFEFA76
FFF5A35C
0005134C
FFF862EF
0000C5B5
0009AB29
FFFF1D03
FFFEEA0C
000221A4
0009B542
0004BAC3
00050F57
FFFD3702
000801C8
000144BD
0005288D
FFFFC237
00030F50
0005C404
0004D006
FFF83B10
FFFA1A0E
FFFD59DD
FFFA3FA7
00055A17
000521A7
FFFC1AED
FFFD17B5
FFFDBF69
FFF91693
FFFE5FAA
FFFE06AD
000374C2
00043B18
FFFB5BC3
FFF61377
00009BDD
000864D2
FFFC972F
000A849C
FFFE2041
0006167E
0004C3A8
FFFE2497
0000F16D
FFFBCA2E
FFF5F021
FFEFC74A
FFFF1454
0000D948
FFFF7CF0
FFF9CBF6
FFF8D76D
0002FCF9
FFF559CC
FFFCB29D
000403A0
00034762
FFFDDA33
FFFE456A
FFF73AB2
FFF9CC43
0004C275
0006E909
FFFA32E7
00054E3C
FFFB25E6
00041A95
FFFD141F
FFFF8F9F
FFFB4D3A
00059AE0
00008149
000D2170
FFF7E13B
000AAF35
FFFDAAC4
000DCBDE
0003F77D
FFFDD3ED
0009230F
00057BFC
0003B5D5
FFFEBA77
FFFF93D9
0005ABF1
00006D92
00012A42
FFFCEE6C
FFFFF304
000063F5
FFFB46E2
0004A1D9
0000F7EB
FFFE669B
FFFF16B3
000656AA
00050F3E
00022234
FFFFB7CB
0003DE78
FFFA1D7B
FFFE1267
000495E9
000493B2
FFFD5E4A
0002AB9B
FFFF607A
FFFF6ECA
FFFB3997
FFF4C4EE
0005C99A
FFFCE0DC
00059B8E
0002F505
FFFEBBB8
00044CA3
00008DD2
FFFCFC5A
0005336D
00018081
FFFBA30A
00036164
00047663
0004235C
00026AF1
FFF54ED0
FFFF8FE4
FFFE9086
FFFF5FF5
00056688
FFF9E94C
FFFFAEC4
00050197
FFFF6862
FFFA1890
FFF50528
FFFB9B87
FFFEF5C5
FFFA3D0B
FFF68A53
FFF6B204
FFFEEA56
FFFF34F8
FFF904B3
0004DD5F
FFF85C5C
0002001A
FFFDFA03
0002E60E
0000F481
FFFB0321
FFFFA3ED
FFFE8FE3
FFFB95ED
000994DA
0006051E
000090F9
FFFEA783
FFF55D33
FFFC19E7
0001DCF8
FFFDF813
FFFD0715
FFFEA018
00011E67
FFFCB769
FFF87342
0001071D
0001DF01
FFFA239D
FFF7C6B7
000132BE
FFF9DB8D
FFFADBDE
FFF7E859
0000D9E0
FFFF30F2
FFF30679
FFF279F0
FFF6F8AE
0009F9C7
FFFA6370
000119F4
00074C47
FFFD3D52
00025C2F
FFFF0736
0004C095
00043FC8
FFF769E7
00056B6D
00010177
FFF76C5A
FFF42A4F
0005AAED
00006E02
0000BF1E
00028145
FFF3AC0C
FFF34522
FFF753AB
0000C390
000379D1
FFFDD3EF
FFF5D116
FFF921CA
FFFF24C3
FFFF643A
FFFF11B8
0000F8C3
00070ADB
FFFDC746
000476F5
0000657C
00016640
FFFC245C
000D20DA
0004607E
00034AAB
FFFA9F22
FFFD5C61
0007078B
FFFD11F6
FFFC276A
FFFC3384
FFFD8941
FFFE177C
0003703A
00037281
FFFDAC0A
FFF7DE0E
FFFC3BD8
0005F0F5
0000978A
00010D23
FFFD0ABA
FFFB64D6
FFFF42B5
FFFD9051
FFFEBB77
0003E98F
FFFD5A32
FFF953FE
0001D7D9
00025720
0005F513
0004EC15
00038E82
0000C652
00005FAE
000776F8
00003C42
FFFCB654
FFFF821E
FFFF38AC
0004D21E
FFFD0695
FFFF4E2A
FFFE7181
00018AE6
FFFD07A5
FFFAEAD9
FFFBD6CC
00005304
00015B15
FFFD623F
FFFF710C
00002761
FFFDAC50
FFFA738D
000563EE
00007FC4
FFFB6DF5
000409F4
0001D03B
FFFFE330
00024F62
0001E72F
FFFE1F66
0000EF18
00050444
0001698B
FFFD0F58
FFFD9103
00019BCA
0001B64E
FFFED0A3
FFFFBCF6
FFFFD31C
0001BD94
FFFFE4A6
FFFD3988
0003AD48
0002CF60
FFFE4FFF
0001FCD7
FFFEF9EF
0001E42D
0004983A
FFFDED4A
FFFDB1AC
0004D95C
0002B451
FFFC2DBC
FFFF2956
00030DA3
00042B07
00006512
FFFDB668
FFFEFABD
FFFD84E7
00034D69
0001F182
0000D240
FFFE2142
FFFE78F7
FFFDDAE2
000255C4
FFFCB721
FFFD6D7B
FFFF7D4F
FFFCD8B1
0000DC30
FFFFA59F
FFFEB624
0002AE7D
FFFDED7D
0003AE26
0002E50D
FFFDA0AA
0000C7ED
FFFDC941
FFFD72BE
0000A017
FFFFBEE6
0000D67F
000644D6
000571D5
FFFFAEF2
00022229
00026A39
00001168
0001A225
00019631
FFFDFEDC
0003D59B
FFFDC738
0003994E
FFFD2BC9
000335A4
FFFF85C0
000465FD
00047B5A
0003BDE1
0005C826
FFFE1D82
00020A70
00048B3C
00059856
FFFE4088
FFFFD680
0002D8A3
0002BFBE
FFFBA917
FFFE7A75
0002FA98
FFFB43BB
0001503E
FFFD3BA8
0000DD5D
0000052E
000118F9
0002B7AC
FFFDEDE9
FFFECBE7
00004216
FFFFF885
00003B21
FFFEF835
FFFE7BD3
FFFEC0AF
0001FE6C
FFFE2378
FFFA772F
0000A59C
00021FBC
FFFAFB8A
00022085
0004D251
FFFE859D
FFFA696D
FFFF01EB
0000EF1A
FFFE9F65
000055E7
00004E41
0002E87A
FFFF55C1
00020B2A
FFFE0752
000016D1
0000473D
FFFEF1EA
0002D005
00031657
FFFE6FDF
00027384
FFFE89BF
00007948
0003B6A3
0006B507
FFFC8123
00013F91
FFFE02B4
0002818A
FFFFEE0A
FFF9F8B5
FFFB3A97
00011C7F
FFFA6340
FFFCDB63
FFFBF548
FFFDE6EE
FFFB8F4F
00057D1F
00024BC3
0001D5E0
0003A191
00006452
00017A3A
0001DECA
0000E454
00001007
000135F0
0001B37A
FFFBAE0C
FFFFA37B
00000737
FFFC0458
0001B5E8
00044A43
FFFD9524
FFFACA7E
0000BB76
00011124
FFFE9093
FFFE027F
FFFCDC02
0000BBB2
FFFEBBD2
0000EF98
0000B494
FFFC1562
FFFDF5DF
00009D7D
0002A57B
0003052B
0002CEC4
FFFDAB11
FFFB4C61
FFFCEB4D
FFFB0BBD
FFFB381C
FFFF39B9
FFFC3BB1
FFFB7A9C
000230F1
FFFE4366
FFFDAA6C
00026073
FFFC8E54
FFFD64E9
0001C341
000167A4
0004C08E
00023E24
FFFE1B11
FFFB4A87
FFFFED88
00027198
FFFCED77
FFFC5CC2
FFFEEA22
00004390
FFF836CF
FFFFE277
FFFFEDB9
0003B251
0001E927
00004168
0000044C
0001FA34
FFFF37A4
0001C7F4
FFFA81D0
FFFE786D
0000DD14
000384B2
000599F8
00040A50
0003708A
00024A06
000207DB
000100BD
FFFADB46
FFFE73B9
000181F3
000188FA
00009B23
000091A5
FFFBD07E
FFFE0187
00002B7A
FFFCC687
000029EB
00006DFE
00016B92
00031EAE
FFFFACC5
FFFFEC9A
00014547
000105D8
00029DAA
FFFCA163
0001870B
0002C8E9
FFFC7EDB
FFFCF6FC
0002DD33
0000F270
FFFBDAAC
FFFE788E
FFFE4EC1
FFFFECCC
00008C77
FFFE2875
000070C4
0003277B
0004F81F
FFFED9CF
00009B1B
00018CBB
FFFD785C
0003B32F
FFFD2146
FFFC296C
000029F5
FFFE0906
00020756
00036437
0003C7DA
FFFD547B
000384D0
FFFF3F2B
00030F22
FFFF5EA9
FFFB3151
FFFEA80D
FFFFA3C5
0000A4A7
FFFBBE0D
FFFC1894
FFFF88B7
00025C8F
00023CC6
FFFC7BB4
0002DB75
0002F89A
000027D0
FFFDCB3C
FFFD765F
FFFF19E6
00017796
FFFC4302
FFFC8B55
FFFDAAC1
FFFD44DB
FFFF3FFC
FFFEF11E
00008AE9
0001F5CE
0001DBA8
000315DA
FFFE4536
00043806
FFF9D6A0
00030476
FFFF7D6C
FFFE38D9
FFFB18A0
00019224
FFFE43E3
FFFD0DB0
0002D144
0000D0D2
00053963
00049DA5
000114F0
0003065F
0001534B
0001002E
00026A1A
0001C95F
00056DE6
00037624
00040B36
FFFF2CA7
FFFC1ED6
000574E7
0002BBB3
00045260
0000912C
FFFF0EA0
00000473
FFFC5E98
FFFE6FD8
00001124
0001D496
0000A52D
0001C879
FFFFBCB2
FFFE4667
00023B52
0003E970
0004E82D
0003BF0D
00037C26
000192E8
00027ADD
FFFFB1FE
00049284
FFFF787E
FFFF7ADB
000155D2
00066444
FFFE7474
0000AD49
FFFE5315
FFFF9E4B
00051101
0005456F
000265C9
FFFCF359
0005723D
0003F6D0
FFFEF82E
00013EBD
00020C5C
00009361
FFFF9BF1
FFFED602
0003AA33
FFFD7346
FFFE9770
00039980
FFFEC6EF
0001261E
00002EC3
FFFCEDAA
FFFD6112
0000A93A
FFFE2DA8
FFFC135B
FFFC3C6A
FFFC5FAC
FFFD7429
00047596
0000CC8E
FFFF8B6E
0000AFBD
0003BD97
0005A2DE
0005781B
FFFCC8B6
FFFF8FF3
FFFE53B7
0000DDF2
FFFCDC44
0001F677
FFFBED77
FFFA4B7E
00024F9E
FFFF8ABC
FFFED291
0002FCB0
FFFF89B8
FFFFCCD4
00043B4C
FFFFC40D
FFFA1281
FFFF78BD
0007247E
FFFC6FA0
FFFF5071
FFF9C63C
FFFE1408
00034383
FFFF4554
0003D8CF
000172CC
FFF882F8
000251AA
FFFD3886
FFFFFE6F
FFFF3831
00037B57
FFFEE722
0000A0C8
00024A92
00016D4B
0000F3B7
FFFBD7E7
FFFDED1A
FFFCD240
FFFDD1FA
000499D6
0000B7D6
FFFE26E9
0001E659
FFFDB0E7
FFF9D517
FFFC30F2
0003FF98
FFFD3999
FFFD8EFC
FFFC729C
0001DEE0
FFFA9C27
0000A131
00001434
FFFEB76E
FFFDDB5B
00049CCB
0005E57C
00009AF1
0004DAC1
FFFF3853
0005341A
FFFE1257
00029D62
000201C1
FFFF559B
0002F150
FFFDD2D3
FFFF3739
000085A8
FFFEB059
FFFF99C8
FFFDF843
FFFFD5C8
000403B6
FFFEC53A
000069B7
0000EAEF
0000B847
FFFF7A43
FFFAC259
FFFF0FC7
000172AC
00017A40
FFFC84EF
FFFDA4ED
FFFE9B99
FFFE6A09
FFFF4537
0000CD28
00018E56
0002EEC3
FFFE577B
0002F2EC
00011A7D
00031508
0001FAF9
00044890
0002103C
00039D80
FFFED788
00026E14
FFFD5122
00030BBB
00015450
000402F8
0001FF08
000143FB
FFF9E767
FFFEB104
0000BCF0
FFFE4A37
00020353
FFFCE065
0000D439
FFFE5CFB
FFFF0DEE
00053F23
FFFD5ACA
0000A0AA
0006C793
0004CC23
FFFC71CB
00041D25
0002C163
FFFFDB75
FFFD8818
0003BCD5
0000C6C3
FFFF4E44
000333ED
FFFE13D2
FFFDDBEE
0001B340
FFFD6DDE
000020D8
FFFF4104
FFFDA1BA
FFFF3B19
FFFDEFDA
00017D38
FFFE0994
FFFA5C36
000749B3
FFFADD4D
00015537
FFFB0229
0003D92D
FFFEEB92
00035067
00071892
0002E5C1
00003DD4
00004975
FFF9CD22
FFF73965
0009C46F
FFF6548D
FFF72B8E
FFF9E957
0004889A
0001B7FE
0000A389
FFF75E82
FFF42DF2
000BB5EA
0003B138
00067E05
FFFC4170
FFFDCD68
000534C1
FFFA9338
FFFE3750
000333E8
FFFBDA58
0002A580
FFFCBA52
FFFE702E
0003C259
00036C24
FFF97211
FFFE2F6E
00093B21
00037719
000A97BB
FFFC69E1
0002A6BF
000695FE
00038431
FFFB047B
FFFD561E
00082880
000731FA
FFFE1D9D
000322A6
FFFC8A96
FFFD677D
000C6A77
000239B6
FFFA1FE0
000773E0
FFF5F895
000AB049
FFFBD5D5
000EC40F
FFFFE722
0003B979
FFFB9EA9
FFF6783A
00031BB6
FFFEB56D
0000D339
FFF9E11D
0005E226
FFFF91B8
0006CD4A
FFFE0EDF
FFFAF2EF
00003246
00044EC5
FFFAF152
0003F584
0003E90D
FFFA95A2
FFFCA36B
FFFD18FB
FFF9EBFF
0002497C
FFFE4D0F
0006C098
FFFD98FE
000257FA
0001121A
00048596
000A244A
0001B8DD
0000EA3F
FFFCEFCF
000A7B32
0009CF32
00075E6A
FFF759F0
0002077D
FFFAFABE
FFF964CA
00043967
00025AD9
FFFD0C8F
000075CA
FFFEDD03
00047553
00016C4A
FFFBD8AD
FFF8D3F2
FFF3A323
00075CFD
0003C680
FFFE4694
FFFFC8D4
0006FF90
000135BD
0001E688
FFFA7265
FFFA41EA
FFF9D42C
FFFCBA6B
FFFBD885
0007E44A
000391EF
FFFB70CA
FFFB4885
0004F94A
FFFB4AF6
0000B383
0005E99E
FFF5D13D
00016EBD
00039A3D
FFF85DAA
0004C56E
00044E80
FFFCA2BD
FFFFC94E
0006EA7B
FFFD31AA
FFF6D98D
0004FE57
0005B541
00032ACF
FFFAB135
0000287E
000069A8
FFF7E847
FFFDCA96
0004BB2C
FFFCB179
FFF76990
0002516D
0005E219
FFFC6689
000305F3
FFFCCE32
FFF8CF19
00027DA1
0006A6CD
0007534E
0001B042
000249B4
FFF7E289
0004B81E
FFFDA5CB
0006B542
FFFF5D67
FFF99174
00038B64
FFFD98D3
00032A43
FFFFFA1C
FFF60460
FFFE5BCB
00016973
00086E28
0001C002
0000DDDE
0003040B
0002123A
FFFED2AD
0000086D
FFFF7D7C
000818D9
FFFD67C1
0003D657
0001930D
FFF9D28B
FFF9DA3F
000242D9
FFFD195D
FFFF5859
FFFDC0CD
000351F9
FFFFB0B5
0001EAB5
000A2E00
0007968C
FFFE0B9F
FFFE40AB
0008458A
FFFD0ED2
FFFF9BC7
00039ABB
000501CE
FFFDA682
00022F44
0006BEF0
FFFEB9ED
FFF878A2
0002ACE8
FFF9D15D
00012ACE
FFFE83EC
FFFBFC7D
FFF7803E
0006A2B1
0001E726
FFFB112B
FFFBF7E9
0000FF21
000677F6
000A543E
00061893
00071C7F
0000C068
00065B77
0001EE0E
0001ED13
0006B74B
0000B3F2
FFFFCF69
0004F53B
FFFFA40F
FFF6A7BA
000631B5
FFFA0131
0002EB36
FFFFC7E4
00033AF5
FFFBF63B
0006A91E
000523B1
000414F5
000BDE5B
FFFF1A5B
FFFEDE14
00011072
000A09A4
FFF6A97F
0004C25B
0004A169
00019519
FFFD41C9
0005ACB0
FFFA44E5
FFFB1E70
00056534
FFFEEAB2
FFFB0DB0
FFFBFB0F
FFF8464F
FFFDCE6D
00011EBA
FFFBDC9A
FFF8090A
0000B967
00018793
FFFFB323
FFFE922E
000406FE
FFFD002F
0003CC57
00099EAD
FFFA83C1
FFFB8874
00073B09
FFFE2422
0004A3F4
FFFA2665
0001842B
0003C295
0004F758
FFFE5274
00088B5C
FFFEE1DB
0004DAD2
FFF96978
FFFE26F9
00008E47
00053F8E
FFFBB0FB
0002F6A4
000277C3
00007604
FFF9ACE0
0002BC59
FFFB98EE
00031F1D
FFFF784B
FFFF50E3
0006E90C
0007A1F3
00040405
00021DF2
FFF885B0
FFFCD3C6
00034335
FFFD73A4
000293CE
FFFC7E00
FFFD74E6
FFFDC100
FFF829BB
0001B8DA
FFFF4969
FFFE5CB6
0001BB73
0005A9DB
FFFE17C9
0001DC42
000637E5
00085E00
0004ABC2
0002DE34
FFFD094C
0003EE84
00041AF4
FFFE0C61
00092E0D
FFFAB28F
FFFB7A3C
0005C776
FFFE7232
0000BA7F
FFFC75ED
FFFF0237
FFFE29FF
0004695A
00023FB5
0006C05F
FFF8F2C4
FFF5E6C5
0003135E
FFFAFCAE
FFF577B1
FFFBBA2B
FFFA9559
00058FF5
00035488
00002713
FFF933D5
0000B847
0000E679
FFF92925
FFF8D36E
FFFBED6B
0003114D
0002D0A7
FFFE8AC5
FFF860B7
FFF702DC
FFFD30C2
FFF5E487
FFFB3EFC
FFF8740C
00000505
FFFC00AA
FFFAC618
00027D8D
FFFC10D3
FFFA9AB3
FFFEBBC3
00011CA3
00007B42
FFFA3009
FFFA8572
0000BB8F
FFFB278F
FFFF790F
FFFF21F2
FFFCBBF8
FFFF62D3
FFF8E8D1
FFFC68F1
FFFF1724
000271EB
FFF755ED
FFFF5EE6
FFFE0C83
FFFA44F6
FFF476D6
0000B594
000364C9
FFFEEEE9
00032EDD
FFF97510
FFFAD8AD
FFFB4075
00049988
0005C86E
00056B4D
0007A0C9
00039EC3
FFFC11A2
FFF5223E
FFFB2F47
FFFA84CE
0006259E
0001F863
FFFF624C
FFFA4D27
00013F08
FFFEEF3A
00001C15
00048058
FFFFCDDA
FFF6C0BB
000002E6
FFFACB7A
000358DC
FFFEE089
FFFE3821
0001F914
FFFD7748
0006368D
0001E768
000597A1
FFFD46F6
FFFB877D
FFFB2250
0009ADAE
FFFE1404
FFFEBBFA
FFFAA5F6
FFFF6E1C
00046155
FFFE6954
00059FF7
00066DCF
00030744
FFF7EA12
FFFC827B
000165C8
00027F3F
0002F98F
000399E7
FFFA562A
FFFBE721
FFF283D0
FFFA0657
0004775D
FFF716D6
FFFB2070
FFF71D9B
FFFB8332
00023FB9
FFFFFCC7
0003A258
FFFA8487
FFF695D2
0002277D
FFFF4E1B
FFF7601C
00019C13
00044A95
0001A3F7
FFF94657
FFFF099D
0000415A
FFFCB2AD
00079D03
FFFB6147
00004F6A
FFFB609D
0003E9DF
FFF7FF3D
FFFAF9DD
000A9F9F
FFFEEAD1
FFFAC42B
FFFE8A23
0003EB52
FFF82350
FFFF9F86
FFFF37B4
00040458
FFF878FF
00064A1C
0006ADC0
FFF8FB3E
FFFBCADA
FFFE29CA
FFF9A11B
FFFFD62A
0004614B
0001EA5B
000525A0
00065403
FFFD4F8B
FFFBB5CA
00063727
FFFAA682
0007358C
FFF86373
FFFE6FA5
FFF5B117
FFFF2023
FFFA1284
000709F0
00007AB4
0005D002
00038515
FFFEA6BF
0002286C
FFFCD9C0
FFFF0740
0007002F
FFF9E862
FFFA597B
FFFD08CC
FFFAC894
0008C9EA
FFFF3ABD
FFFD5B5A
FFFEA846
0003DE5F
FFF83A3C
000077AD
FFFF2DAE
00009C32
0000317B
FFFB2F4E
FFF9BEB7
FFF9F79E
FFFFE5A9
FFFF6A30
000DC9D0
0005F593
FFFF5B37
FFFDADB5
0001045D
00053D3B
0004177F
00025761
FFF9685D
FFFFDE46
FFFA0351
FFFF64C5
FFFE9C08
000B6B29
FFF8650D
FFFAC0D8
00058D88
FFFCC024
000071ED
0000B01B
FFFB48E9
FFF7C348
000A438F
0000C006
0004A15B
00043046
FFFD3A35
FFFDD862
0001A096
000210C7
0004C9F4
FFFE74C5
00005924
FFFF874D
0004FA1F
FFFDF474
FFFF2091
00060385
00081C7A
00006B70
0003F0D9
0005AC4F
FFFE00E3
000475F7
FFFE5811
FFFDFF6F
FFFD9C5D
0002246D
FFFFE8B3
FFFCA8A1
00099998
FFFBE589
0002B025
0006E1BD
FFFC0CB1
000529C7
FFFE4870
00023F36
FFF27D08
000B4DF2
00060046
0004C6CA
000454DD
FFFD3EBB
FFFA3C6E
00051E10
FFF9271A
FFFCE2F5
FFFAE70B
0002E333
0001BC97
00014447
0005B0AB
FFFD9CE5
FFF84C8B
00022A6E
0008A3D5
00088554
000330FC
00026EF4
0001E929
FFF747C9
FFFD344C
0004F25D
FFFD1644
0003A080
00073303
FFFBCED5
FFFDB5F2
FFFF038D
00045E5E
FFFC529A
FFFD6F78
FFF9D6A9
FFFB91E4
FFFD2EB7
FFFF3340
0003DA95
0003BBB5
00021E76
00010E72
000046E9
FFFEDB1B
000427F6
FFFDE4B9
000028B3
FFF9606B
000256B5
00017DB0
0009C9B6
000789E5
FFF8C501
FFFCBE1B
FFFE9C63
0001D33D
00083092
0006987F
FFFE259D
FFFE8872
FFFE6E43
FFFBFFD2
0003CF94
0002E79D
FFF41A66
FFF9AEE0
FFFBE8B8
FFF7601E
FFFB3CE9
0002B963
FFF5CECB
FFFE55ED
FFFFC72A
FFF56FFD
FFFD5F94
FFFC01D8
FFF7EB4D
0002A405
FFFB9239
FFFAA5DF
FFFCF6E3
FFFBA7D5
0003A67F
FFFE911B
000608EB
FFFC2AA7
00039C98
FFFB3CB7
0006B122
000037C7
FFF9BDE1
0003AA33
FFFA861D
00045FD0
FFF7A813
FFF983C8
FFFF3891
FFFFF3E5
FFFB0A0E
FFFCDFB2
FFF709E6
FFF85B32
FFFEB759
FFFA1F0A
FFFB3F75
FFFFBEB9
FFFEF633
00040F6D
FFFFC63D
0009BAEA
00025D7B
FFFD3E4F
FFFDE133
FFF88DE8
FFFEC8AE
FFFFA7B4
00006085
000293C1
00014BB0
FFFBF8EE
FFFCF5A6
0001B5B9
0005845F
0002011C
000255A0
00000297
0007831A
00007BC9
000601EF
FFFE7D27
00057F39
FFFFD4A1
FFFE1848
0008AD89
00040454
FFFBFE65
FFFAA490
FFFA4177
000079EA
FFFE634B
FFFCD61E
FFFE12D3
0001347D
FFF93A3E
0009FD58
000365E3
00043FD0
FFFBB972
00098C2A
FFFFB9B7
FFFF5199
00074DB9
FFFC8608
0004813D
0008DB20
FFFFD06D
FFFEE7B2
00013010
00073F67
FFFFDF40
FFF7626F
FFF90A3D
FFF67CCC
0005683A
FFF8CBB3
00025C25
FFFC7C4A
0001F8DF
00001CC0
000039F8
FFFD1374
FFF94B50
000731E9
FFF7F49A
0000C57A
00006D59
FFFD025D
00058DE6
00027C98
FFFF3D1C
000179B4
FFFEC4BE
FFF9E45D
0003B5FF
000442D1
FFFF5D68
0002F68B
0001E787
000534A5
FFF9A6C2
FFFCD98D
FFFEF5C9
FFFF87F6
FFFA3BA7
000286E5
FFFC1376
FFFA1581
FFFF6C60
0004E7CB
FFFD1253
FFF930ED
0000109E
FFFFD527
FFFFE6C8
FFFAD386
000626C8
FFFA2A7E
FFFFBCB7
00050D6B
FFFA1D3D
FFF8D385
00056465
0003E335
0001D156
FFFCCFA9
FFF57F2D
FFFC314C
00064250
00084BC1
0000F967
FFFF0834
FFFE4776
FFFAB461
000382E8
000043AB
00041C68
FFF8F89E
FFFA2626
00007647
FFFB5724
FFFFBCFB
0003F256
0001BD47
0009FA71
FFF64AF6
0001BA41
0000B6F9
0003B956
FFF73281
FFFBA5D0
0002B349
FFFA4E7E
00022029
00010A5C
FFF915B7
FFFBE56C
00010047
00040FAD
00014519
FFF92047
FFFF0D00
FFF61A66
FFFE99FE
00003C3C
FFF7D3F3
0000AA73
000060DF
FFFE62B9
00036BA6
0000F37C
00023490
FFFF60E2
FFFBAD45
00032B39
FFFB6EDE
0006B8F6
000273E3
00070A4A
FFFE42D1
FFFFCA67
FFFC399C
FFFC9BA9
0004AD57
00066D33
FFF8FD65
FFFB9B5C
FFFF79D7
0001025E
FFF8C54F
FFF8F59F
FFF82FA7
000219C0
FFFE0AF1
FFF56119
FFFBBBB8
0001FD4B
FFF76A53
0002E5F1
0007098E
FFF9CF61
FFF97735
FFFAF46A
0000909F
FFFD99CC
0004B8D2
FFF9F8CC
FFFD070A
FFFDE7A1
00035CA1
0001112A
FFFE61C2
FFFED9D3
FFF94BDC
FFF9701F
0003FA3E
FFFE4E0B
00054E93
FFFF22C1
FFFD95F6
FFFD6CFA
FFFD1276
00047790
FFF9A578
FFFA8130
00049570
FFFA7163
FFF98F19
0005A5BB
FFF9FF6A
0000C807
FFF43EF6
FFF5B341
FFFD9F37
FFFDE8BA
FFF981BA
FFF68728
FFFD43BD
FFFC5B42
FFFF195C
00046E7F
00024918
FFFF8ECA
FFF49294
FFFA4A7B
FFF9866E
FFFDCE23
FFFB0678
000025C2
0004F9D6
FFFCCC15
00030925
FFF8428C
FFFDCC5F
0003865D
0005A041
FFFECA3D
FFFC3DDA
FFFD983C
00075500
FFFCE896
0001EFA5
FFFFCF4B
FFFCF353
00040B95
FFFDE9BE
000323F8
0001C4E2
0002F54A
00043404
FFFC90ED
0003AD99
FFFEC6FF
FFFD40FA
0004E0AA
00073E5C
FFF971F4
000840AE
FFFE85C0
0009FA2F
FFF9ECC8
00027D02
FFFECF0C
00025899
FFFF3647
000B41FB
0004ED5E
FFFE5784
FFFB7A56
000668AE
0003188A
0003EDD4
00045E5A
000407B9
FFFD5833
0004D9D4
FFFCA036
FFF76527
FFF82F57
FFFE6A73
FFFFB440
FFFE4A27
0005D069
FFFC7790
0002CE16
000693BC
FFFC84C6
FFF9308C
0004B5DD
FFFDEB35
00031161
FFFF00D0
FFFDD3FB
0005E453
FFFB4161
000A8CC0
0001742B
FFF98718
0000A96E
FFFE7CE9
00085622
0009C11F
0000CDD5
00008550
000239BB
FFFDBA6B
00033333
FFFFFEC5
00054B2B
FFFAD12B
00001235
000695C8
0003EA77
FFFB103D
00042538
0008C1D5
0007C9B3
000187B0
FFFD5F38
00059B6E
00037B38
FFFC9EE1
000B9499
000BE7B9
FFFCEF39
00021306
FFFE40E4
FFFBC7CB
00048485
0003CA56
00052D9A
FFFB0A7A
FFF87B99
00077625
00002286
000176AE
00058294
0001866E
FFFDB72E
0001835A
00073476
00018037
FFFEDCB9
FFFC2BB0
FFFBEA1E
FFFA1F7B
FFFA6984
0001851F
FFFC75DA
00022B12
00084F08
0008B5C5
0000B97D
FFFA4513
FFFCECCE
FFF94121
0006499A
FFFCE320
000D8A9F
00087C82
00049585
000090A3
FFFDA282
0004DC4B
FFFE0C02
FFFE9002
FFFDEA64
0004D220
FFFD89AA
00007683
FFFC8ACF
FFF53618
000194F9
FFFDB039
FFFBDC42
0004FC0B
FFFA8B4C
0003B880
0001A195
FFFE4277
FFF73513
FFFFB393
FFF93B93
FFFB62B4
0009D055
00065752
0002821B
FFFC9F49
FFFE2C08
00060036
FFFD434B
0000783A
FFF9B4E2
FFF9BCB9
000773AE
00017003
FFFB50B8
FFFED3A8
FFFCDDE0
FFF76203
000660CE
FFFA073F
FFFAF9C1
00004D43
00013062
00018333
0004505E
FFF3A20D
00037736
0004D2B7
FFFFC042
0003509E
FFFFABAB
0006FC49
FFFC8733
FFFE7E6A
FFF9996B
FFFCB0C2
0001D063
FFF92148
00050F13
0002E13E
00049530
FFFA82FC
FFF60389
0002BE03
FFF7865D
00041383
FFFD769D
00049979
FFF84A4A
0000A256
FFFC6C59
0004CAAB
FFFEC51C
0006DAE3
0001416D
FFFC8003
000608B0
FFFCFB76
000097CC
FFFE729B
FFFCCD3D
FFFAAA4F
0000FF22
000557A7
000636DD
0004FFC3
0007D851
00088611
FFFE92BB
FFFC3CD6
00010CE7
00005576
00062566
0004B907
FFFAC23C
00014AAB
FFF77B2B
FFFB918E
FFFD498E
0000B82A
00028B97
0001973B
FFFB4AF9
FFF90F59
FFFA873E
FFF8B12D
FFFD0343
000417EC
FFFF930A
FFFA2DB8
0002F159
0000C40D
FFF9B528
00027DDE
FFFD5676
FFFC45B9
00000E9E
FFFE790E
00009736
0003B84D
FFFE73FF
0001D9C1
000391AC
000377BE
FFFE03A6
0002B7EC
FFF9E854
FFFCB307
FFFDE83E
000355AA
0005C450
0004B55E
000837F8
000457F9
00017C4F
FFFEBCA6
FFFF660B
00080393
00003CD4
FFFCF3FF
FFFB1383
0005B5E7
00023C80
FFFD434F
FFFE97FB
00049A08
FFFF276F
00040B83
0000DAEC
00055C88
0000CFA1
0004B4CC
FFFE547A
000466D4
FFFC6875
FFFB0712
FFFFCA09
0000B260
FFFF0145
FFFC6FB6
0002D8BF
0003350F
FFFB4F4D
0001CEF7
0001491B
0001029A
FFFA3081
0000FE03
FFFC058A
FFF87AFB
FFF96AEF
000090D1
FFF9C6A4
0001434A
FFF82240
FFFE3719
FFFE7ECF
FFFEDA80
FFFE73A6
00018EA2
FFFE30BC
0005A92C
00033A51
0000B1A0
FFF95A72
FFFD00BD
0003E7F1
0001D2C0
00073FAF
FFFEDD54
FFF96896
FFFEB5CB
FFFBF732
FFFF19A7
00061726
000523E2
FFFCBFB6
000353A7
00008268
FFFD1FEF
FFFD0168
FFFDED0B
00036C91
FFFCEFDA
FFFB760A
0001025F
FFFFD4B2
FFF90E17
0003826A
FFF810BD
00026704
0000752E
0006BE8F
FFFED1D8
FFFC71C4
FFFF0B6D
FFFF7EC0
FFF7942D
FFFD4D16
FFFBF8A1
FFFCEEDF
FFFED5CE
FFFB176D
0002C55B
0001C312
FFFB2A57
0003277C
FFFB54FA
0003AA15
00014C6E
00017DF0
FFFCF115
0000F339
FFF6A05E
FFFB8328
0001365E
FFFF9BDA
00009450
0003D723
FFFEAA67
00002F13
00016404
FFF8E622
00035532
0000A179
0000F571
0005D8E1
FFFD3C46
FFFFE680
00005F0D
FFFF5575
FFFF5FF9
0007F8B4
000584FC
000435AB
FFFCE8F6
FFFF9B47
FFFC47EA
00011612
FFFFEEEB
FFF9CB3E
0000E80C
00006688
FFFF1FEE
0004CC72
FFFFC66A
0002E668
FFFF9010
FFFD98AB
000229C7
00020284
0004947C
000003A2
000358EC
FFFFFC81
0007A60F
0004B921
00007D0E
FFFECE1F
000213F9
0001A875
00037B85
FFFF0BDA
00042C37
FFFE3EE9
000439DE
0002134C
FFFC2DDA
FFF872E7
FFFE43A8
00048548
FFFA3AF7
0003E3CC
FFFD749A
00026E12
FFFBA5C8
FFF9E358
0001E0FF
FFFC8253
FFFC931D
FFFBAFC4
FFF80B66
00013EEB
0003E23B
FFFA6305
FFF7FEFD
FFFDF2C6
0002456E
000183D2
00009C7E
FFFFDD9A
FFF9A429
FFFDF2B5
00011B63
FFF9C61E
FFFE8A33
000706A9
0008A59A
00004BEE
FFFD86AC
FFFB6DE2
FFFEFAB7
00065CEB
00075FA8
FFFE2186
FFF9EA7D
00002B45
FFFC0D1A
00007701
0005B753
00007AC5
FFFDE7ED
FFFF094B
00011785
00055FC5
FFFEBDF3
00006900
FFFDDC3C
00022504
0002E18A
00014145
FFF927D8
0004CEE3
000040DB
FFFD9973
0002B7B5
FFFECFFE
FFF85374
FFFD01FD
FFFA7917
FFF8411D
FFFCAD18
0002310E
00059D8C
000671A2
0003BC16
FFFBC0F4
000154AD
0002996C
FFFE0D02
FFFDFF3C
0005CEDE
FFFD1E69
00049E60
FFFEA2E3
0005CD6E
FFFDF6B7
000221A7
00010E27
000254BB
FFFE7F3E
FFFFD054
FFFDF6A1
0000A3FD
00045A9A
FFFF5A7A
FFFDE710
FFFDDBE3
FFFD7489
FFFD2F14
FFFA17F0
FFFF67C0
0000D547
FFFBA38F
FFFB3A6F
FFFD3E84
FFFF730E
0003C9CA
FFFC13AA
00036C99
0008209B
FFFF2C8B
FFFACFC5
FFFF6EC4
000108D4
00075F54
00021B28
FFFD66BA
0001D3F8
FFFD7AF6
00046751
FFFB5F60
FFFD21D8
FFFECA31
0002776B
FFFBE466
FFFD596B
00015334
FFFF9856
FFF5F4FE
00012AEF
FFF8C3EB
FFFA8338
FFFC4843
00021E7E
00049D7B
0004D9DE
000500E3
0005A04A
000565EF
FFFF4660
0003EF83
000426CB
00073ED1
00032990
0003E91D
FFFB091A
FFFAB8AD
FFF6F6A7
FFFD75D1
FFFDC92C
0002945A
FFF7737C
0003F5E0
000208A8
00023A32
00056EA2
00069712
000166A1
0005B124
0002E29A
FFFFF538
FFFFEAC9
FFFE4C43
FFFCCE05
FFFF09D8
FFFD5E10
FFFE16F6
0001172A
0000C5EB
FFFF7AFA
00006767
00062411
FFFD6633
00005D39
FFFD448C
FFFE961C
FFFCADA0
FFFBC3EA
000326E5
FFFF673B
FFFC7015
0000A36B
00025953
0006FF33
0003B710
FFFE9FAF
00035D52
FFFF82B0
00024502
0001D1AA
FFFC4970
FFFED23A
000277F5
FFFBFA85
00058C4E
FFFFDD67
0000BF41
FFFD956F
00016703
00095EFC
FFFE229E
000788CF
00037191
0004A599
0004770C
0000975D
00023DB8
FFFC0B6F
FFF9CBA2
0001776B
FFFE6B91
000121DB
0002282B
00003BA6
FFFAC0EB
0002D195
FFFDFDBB
FFFCD2EB
00056B94
FFFE52D9
0000CF54
FFFC91A4
FFFE52F0
FFFFFE42
000A136D
0002FE67
00079AC2
0000EA99
FFFB0964
FFFFD0C4
00067216
0007AB77
FFFFB4AF
0000FE73
0002768B
FFFDE3A9
00037923
0008CFD1
FFFE7EF3
FFFF96DF
00044411
FFFD306A
FFFF8C9E
0004C874
00015CA9
00023513
0001A150
00018378
00037E46
FFFFA991
0002AE16
00010F0D
0001FBAF
0003D4FE
FFFBAC12
FFFDA0E5
0002A6A0
FFFA4187
00005D84
FFFCC870
FFF9F624
0002987E
000459FD
0004433C
0000D308
000257D2
0002806A
FFFD14C5
FFFC7FF0
0002502F
FFFF47FD
FFFF21DC
FFFD5941
FFFAD838
FFFD6B91
0002F9C2
0000C9F3
0000139E
0000DECC
FFFBA0E8
0002C268
FFFBCFE4
FFFB84DD
FFFDC3ED
0005D109
0002A471
0000BC8E
FFFEBC26
FFF74935
FFFB9F34
0007A067
FFFD10F2
000605BE
0004E7EF
FFFB59AD
000129E1
FFFD32EF
0003C321
0004E1EC
000667B9
00023210
FFFF913C
FFFC16BE
FFFC9686
FFFFD77D
0003D04D
FFFAFAAE
00005D86
FFFF7BA2
00017A7B
FFFFF732
00008C8C
FFF9F1B3
FFFAD507
00022CC3
FFFF0066
FFFAF0AA
000144D2
00052303
FFFE0C8C
FFFF83BB
00014E2F
0001A103
FFF85596
FFFA6E72
FFFCE963
FFFF9F62
000068EE
000108B5
FFFF9164
FFF9550C
FFFE0152
FFFF097C
00011D74
00061BD0
0000FEF0
FFFFF3EC
FFFDA2ED
0006FE3B
FFFEDC2E
00006E92
FFFC71C5
00026BC5
000120F0
FFFF9245
0005DC40
00019D4A
0002A9B0
FFFF2293
0005E65B
FFFF1802
FFFCEB74
00051980
0000D6B2
FFFB9CB9
00036707
FFFED72D
FFFE006F
FFF93C1B
FFF8C7C4
FFF95C2A
0001B9F5
00009F5D
0001FDCE
FFFF608D
000641A9
00002B2F
00035D60
0001A8DB
FFFCB847
FFFFBA68
00077DA2
0004F1CF
0002CFE0
00010CF9
FFFE5BFB
FFFB5CFE
0003ABAD
000048CF
00059163
FFFB06E8
00001F72
FFFCA2FE
00024EE9
0000C72F
FFF70F30
FFFB09BA
0000831A
FFFD1DF5
FFFB0E84
FFF6BEB5
0002DDD8
FFFCF1BE
FFFB48A0
FFFFD35C
FFFC875C
00070AF6
0007B513
0001E71C
FFFCFB4D
0006FF1C
FFFE67FC
FFFC7338
00024237
FFFB5B65
FFF6D804
00059A0C
FFFE2262
00003B96
FFFEF7FA
FFFAE18A
0002CE74
0002274E
FFFC2A16
FFFC4332
0000F87C
FFFDB537
FFFCDB82
FFFB0E34
0005A027
00030923
00056DC4
00026E21
0006100C
00065F29
FFFFC32F
FFFD7991
0002F172
00036ED0
FFFBD70A
00047124
0002EC19
000776F8
FFF4ABE7
0004CCB2
000747E9
FFFB9E4A
FFFBA173
0005D3D9
0001E4EE
FFFC8E3E
FFF71D17
FFFAE7D3
FFFC5074
FFFDBBD4
00019C29
0008439A
00015752
FFFF2432
0004B1F5
FFFFD6B2
00003EF7
FFFBE097
00012853
0005ACF3
0006E593
FFF96E90
FFFBCB87
000834DA
0004D537
FFFD1021
0000B012
FFFED65B
FFF914C3
0004A697
0003701C
00031EB4
000096DA
FFFAE0B1
FFFD09F7
0003FC88
FFF49BBB
FFFED8AC
000580C2
FFFBE897
0006585E
0004444F
0000F7B6
0001FB53
FFFE1C63
FFFC113C
FFFF2C80
00041A89
FFFF69B5
000413D2
FFF7FAA8
FFFC2041
00040DE3
FFF9288C
FFF8D6A3
FFFDC5C6
00037331
FFFE33D6
0000A8B4
0003BCDD
0003FAA1
0003AEFF
000557CE
FFFEF6F7
FFFD3B50
FFFC703B
FFFC4838
FFFA0274
FFFB970D
FFFBBEF8
00041CA2
00002F22
0005851E
FFFF6F5D
000707B1
FFFEA376
FFFE13DF
0002870D
FFF8C16A
00071BD7
00033939
00030D7E
0006BA6B
FFFCA6D3
00049698
FFFC1564
0003AEF5
0003578C
FFFB9D2B
FFFC427A
FFFC0BC6
0003746C
0001E183
FFFEF84F
FFF849B2
FFFA0A80
FFF8518E
FFF7067D
00001290
00041915
FFFF5B82
FFFF2BCF
FFFB81B5
FFF65080
0006AB48
00033F99
FFFC4F9B
FFFCEA6E
00086395
FFFD0CB4
0000BF94
0001C0CB
FFFF908A
000263ED
FFF80A7E
FFFCE5B8
FFFE6730
0005DDEB
FFFDCD00
00028FDB
FFFAF715
00010C79
FFFC6695
FFFE0279
FFF7D494
FFFBB6FB
FFF8C624
FFFAB718
FFFDEE63
00032737
0001E57A
0002EA47
0000151C
FFF940DC
0004B322
0006BB8D
00027775
00022661
000896E2
FFFA340C
0000D7D5
FFF99FBA
000A5232
FFF9A461
FFFD8C3B
000B372D
00038D0B
000431B1
00090CC6
FFFDD817
FFFA0DE7
FFF90506
00036CB1
0003C263
000237AB
0004EDB9
FFFE36B4
000499A4
0008619B
FFFFD8C9
FFF8B995
FFFCAB4B
FFFB4BBF
FFF6EC41
0003D8BA
FFFA796F
FFFA9D45
0005D006
00041855
0000FB65
FFFEC721
FFF97440
000BA784
FFFDE748
000647E0
0002D0B4
0000A205
00082E6C
FFF7D9A6
FFFFC4E8
FFF8C8DF
0004B379
000B2697
FFFC0100
0001313C
000589F8
FFFFA2E4
000346CF
00016B61
FFFDC5A6
FFFC7EB1
0006D61C
FFFEBDDC
FFFEE1B3
000431C3
FFFD7A0C
000489A3
00042751
0003C1FD
FFFC0296
0000CC3C
FFFAC735
FFFC5D65
FFFCA550
000771B4
FFFC3E81
FFFCDB20
FFFCFD64
FFF96932
FFFC8893
FFFB7AC5
FFFAB5D3
0006E81E
0007A1BC
000486C0
0000786E
0004F3BF
00064542
FFFCE932
00002D40
00073B38
0001EDB5
FFFEE57C
00034B3E
0007E80B
0004F122
FFFE29F4
00052C2D
FFFAD9F0
0005E13E
FFF83301
FFF6C1B7
FFFD9E40
FFFFA619
0006DE13
00035054
0004A2BE
00040543
0008AD5E
00023CDC
000430B2
FFFB81FD
FFFACC78
FFFA185A
0001EE94
000576DD
FFFCC17C
000295F0
0000F199
FFFE3CC1
FFFA9657
000537C8
0001B1E3
FFFF6815
000219FE
FFFC510B
00028966
00017385
0003CDDB
FFFDA97C
0000B5E7
FFFF2253
FFFAB08D
FFFC0266
0002F7CA
FFFA697F
FFF8CD23
FFFC90D1
0002E939
0002E398
FFFAA04E
00035BB6
0001174B
FFFEE8FE
000463D6
0007098D
000242F7
0003AE99
00077712
FFFF8481
FFF8E853
0003FFD0
000130C4
00065A6F
FFFE65C2
0004FA59
FFF7E3B5
FFFC4D4E
00040FFF
00009D65
000866EA
0004F6C4
00034757
0003A7E1
FFFFAAEC
0005718F
FFFEBEA1
FFFD5E46
FFFD4067
00047331
0005DDC4
FFFD1D7A
FFFCE47F
0009B019
00004BBA
00047B43
00073B88
0004BB58
0007E284
FFF96068
00000236
FFFF079F
0005F265
0002D200
FFFD41BE
00037504
00005A13
0007C080
0005A96E
00088A3D
000784FD
0003E46B
0004FA8D
000B5C6C
0000657A
FFFE9EFA
00096C4D
0009C1BF
00040DC6
FFF988DB
FFF935EF
FFFFB837
FFFEF333
0000BDF1
FFFEC7AE
0002FEF5
00066CFD
00031FC9
FFFEDF9B
00034912
FFFBAAA3
000649C6
00004F1A
FFFD2BB5
0006F962
00013A7F
0001D259
FFFBFC4F
FFFC469C
0004B238
0001E726
0000D37A
FFFFF53D
FFFE64E8
FFFD391E
FFF9CA86
FFFB3F06
FFFFB12D
00036906
FFFE2C6D
00039E70
00044218
FFF77F2A
FFFF5BA1
FFFFAC0B
0004CBF3
0002FDDD
00078DD6
FFFED016
00070E68
0002DC3A
FFFA4E7F
0004F282
00043002
00006325
00069D61
000309A3
FFFF5FF8
FFFCE846
0005A88F
000247A9
0007DA8E
00005075
FFFAB3B1
0007D929
00059A8E
FFFD2155
00052BDA
00047A4F
00021A66
0007B19B
00017CF1
0004323A
FFFFA777
FFFB284E
000442EE
FFFECC71
0008669C
00059E2C
0007376A
FFFD48CC
0000299D
00035DD8
000624EB
00004F1C
FFF5F1A8
00069616
FFFFFC33
00033FF5
0001A610
0004CB2E
FFFD6BCA
FFFD4E74
000844D4
FFFC2A89
00070062
0000AE61
00042C4F
FFFA6D50
FFF539B3
000222DE
FFF8F131
FFF903D5
FFFE6FF1
FFFDD711
0002352A
FFFD0BED
FFFE6B7B
0000B5CD
FFF5D0F4
00053D7D
00050FA9
FFFE3C00
FFFB3764
FFFADE17
0003A4AE
0004C75C
00044CFB
00020C11
FFFAEE97
000684EE
00037E59
000235AE
00051CCD
FFF99645
FFF91B39
FFFF40EC
000000CA
0002B0B2
0002A923
FFF9236F
000D7213
FFFAAEE9
FFF9D78D
00078A7B
FFFB97E1
0007BA1E
00078EC8
FFFDD9EE
FFFF475E
0000553B
FFFDF0C8
000495E8
FFFF9381
FFFB4222
FFFA95D8
00025C5E
FFFBD069
FFFE2E96
FFF941E0
FFF80033
0000A0DB
FFFDA3FB
FFFF08B2
00055D7A
0006EA6D
FFF59509
0007FD81
FFFA408F
0000DB75
FFFE1DD0
FFF8C7E7
FFF6F975
00002508
FFFD889E
FFFD40AE
FFF8D7F0
00022004
000487AC
FFFB2D92
FFFC9E56
0003E63C
0008CEF8
FFFB3C12
FFFDA408
000CA05C
FFFE221E
FFFE677D
0000E00B
FFFBAFE0
000082D1
FFFDAE96
0005ECEC
FFFED603
FFFFF511
0001EB13
000614A6
FFFB1BE0
FFF81FC4
FFF6E084
00035D15
FFFCDEBB
0002DA71
FFFF402C
FFFC1011
0007B113
000290F0
FFFD1934
00022B41
FFFF99AB
00043B6E
FFFA9C07
FFFFA3CF
0000509C
00037FF3
000784A5
FFFA6BF8
00028729
FFFED446
00033473
000737F5
FFF82504
00041CF8
FFFB9D2E
FFFE8526
00028BA3
FFFD0BA4
00022ADB
FFF3A14D
0005C0DA
FFF9D3AF
0002D11C
FFFE83E3
FFFA002D
000565CB
FFF99881
0002042E
00038A62
FFFEE848
0007C714
0006B696
FFF7E646
FFFB9A47
FFFA3F71
FFFFE102
FFFDB96B
00035AA2
FFFA919C
FFFBF732
FFFB41CD
FFFD6D68
00020A6B
FFFB6BF5
0000D220
00011DF2
00065D00
FFFC7713
FFFCC2AA
0006C89E
00027AD7
00069328
FFFFE7FB
00008337
FFF0B811
0005ED9D
00016A0E
FFFDBA95
FFFC4BE1
0005EC6B
0000F303
0004F52F
00021250
FFFAAAE5
000600BD
FFFB43A0
FFF62426
FFFED2EF
FFFF037E
FFFCECFB
FFF8A114
FFF6BF2F
00070669
FFFF6C02
00092DA7
FFFD6665
FFF25041
0005CF44
FFF8A2A7
0000BE10
0000894C
0005B605
0008E832
FFFB5FA7
FFF83D5A
00031E82
FFF9E1CB
FFF97207
0003AF0B
FFF80576
FFFC6B31
FFFEA1AE
FFF3134F
000AE245
00018F3C
FFF8AD88
FFFAA627
FFF4834B
00065973
0004A9F9
00089366
FFF7936E
FFF62701
FFFB4B32
00014D2A
FFFE9285
FFFBD927
FFF80A58
00021392
00042D31
0001E012
FFFDA7F6
FFF934A1
00081142
FFFD00A2
000639D0
000221CF
FFF91826
0005EEA0
0006270C
FFFBC200
0006E616
000413B4
FFFF49BC
FFFE6705
FFFDFEB9
FFFD196B
FFFAF470
00051441
00035F1F
FFF96764
000438D9
FFFD7F8C
00033181
FFFCBE0B
00026698
00014015
FFFCB2A6
0008CF70
FFFF6F05
FFF71E49
00021AB0
FFFBB5D3
FFFA185F
FFF675D6
FFFD6187
FFFB482B
00039D78
00097469
FFFC34DC
00021A70
FFFB18A7
FFFB19B5
00026F8C
FFFF11A2
0005515E
FFFF378B
FFFC7CED
FFFD42D3
FFFEC575
FFF8FF82
FFFFE47B
FFFF6425
FFFBEE34
0006A3B0
000679C3
00060CD9
FFF93F41
FFF92096
FFFDB8B2
0007B4FF
0005F581
0000DD0F
FFFF6414
00012C93
0000EE7C
0007948F
FFFF08E8
0002E23C
0001E5AC
FFF7FC44
000061AB
FFFF0D0E
0003D735
FFFC8A37
FFFAE6F8
00055220
FFFDA9E3
FFFC41BA
FFFFBE81
FFF79E8C
000AA606
FFF46AB6
0001BAC4
FFFDDAA5
FFFEFE39
0000650D
0004C251
00083449
FFFE58E6
00056493
FFFF43EF
FFFDFFE5
FFFC9E1F
FFF7578D
00005C92
FFFD338C
000034F6
0000A7A9
0008227E
FFFD7406
FFFBE26C
0002477F
0007BF2B
0002B059
FFFDD581
FFFABDA6
FFFE165B
00033739
00008661
0009FFC7
FFF8867A
FFFEE0EA
0006F8EC
FFFDDFDD
00038EA5
FFFB304E
000BF2F6
000392C3
FFFF7D3A
0008044A
FFF6FAC2
FFFAB7DF
FFF8B5DC
FFF98038
000424C2
0004A952
FFFCF943
FFF97A49
FFF6BB0F
0001C039
000098F0
FFFF037E
FFFF8B15
FFF65B54
FFF9D1DF
FFF78E73
FFFF0768
FFFBF27E
FFFB92E5
0002B3BF
0007B1F3
0000E75B
00005848
0004068B
00065F43
FFFE494D
FFFEFAA8
0009445B
FFFD9A95
00070A1C
FFFEAE16
0001FD8B
0000B839
FFFE9BC4
00049BB3
FFFC9F7B
000766EF
00079B4A
0000EA78
00028F1B
0006F1FA
0004A5BF
FFFB12EA
FFFEB959
0000C20D
FFFB5308
00052F0E
00045E43
000100D7
FFFE02B2
00067A45
00052BD7
FFFE6F88
FFFF954E
FFFBE91D
FFFC30FC
FFFC9C65
FFFC38B8
FFFDCE55
FFFFCB32
FFFBC3A6
FFFA07C3
FFFDF8A6
FFFCA832
FFFC1A7D
FFFB3BEF
FFFFBC73
FFFEE6A1
00038D31
FFFE8E21
FFFC997E
0000B083
FFFB3321
FFFD3A04
FFFBCB1F
00002863
0001E083
0000704F
0000AFBF
0008AD69
0001517F
00060E3D
00025C52
000379BE
FFFEB942
00012F94
FFFFD8E6
FFFDF537
0005D097
0004AC51
0007C04F
0006F164
0002AA11
FFF62A20
00051504
FFFFAF4A
0000ECD6
000289A2
0002E7CA
FFFDD4EF
0001875C
0003BD3D
FFF8A56A
00008BC9
FFFA1513
FFFFD584
0004B6AE
FFFC683D
00059612
FFF8794D
FFFE6D24
FFF9F3A8
FFF9EC03
000020B0
FFF93BF3
FFFEC95E
0005169D
0004A153
FFFE5705
FFFA0D55
FFFDB082
FFF9E544
0000CFA1
000208C4
FFFB0E22
00057125
FFFC105B
0000942F
FFF83817
FFFA537F
FFF89ED4
0003173A
00028A9F
FFFE61D0
0000F0C2
00053BDF
0003B5FF
FFFAB95C
FFF97441
FFFD1C06
FFFABE5A
00013DEB
FFF769B9
FFFB62BF
000217A1
0004DB7F
FFFAC78A
00012282
FFFC80FE
0000FCE1
FFFBBE05
FFF9C74B
0005BD82
FFFA93C6
FFFBF098
00027B3F
00050FAF
FFFB7AAD
FFFF8126
FFFC5B56
FFF8F715
0002A92B
0003A9FE
0005609E
000435AC
000113B6
FFFBE833
FFFDC20B
0004556B
00017C40
000085CB
FFFB111F
FFFB308E
00039A7F
00026E0D
FFF28C1D
0004E7DC
FFF87437
FFFB71DC
FFFF4F7A
FFFBBB9B
FFFD725D
FFF832BC
FFF8FC65
FFFFD4DC
0003566A
0003D8F7
0001F5F0
00028E41
000197FD
FFFF5B06
FFFA8529
0002D9EF
0001E81C
0000A21C
00027CD1
FFFD820E
FFFFAE00
0002911C
00068C65
FFFC1ADB
FFFCD385
0002881E
000546E6
FFF9DDCA
FFFE56A5
0003790B
FFFCC28B
00065126
0004EC99
00066057
FFFB06AA
FFFEE5D9
00026D79
00014DF1
00021C5A
FFF19D9C
00031B54
FFFF0DCA
FFFBC964
FFFEACD1
0003144E
00022910
00046A32
0008EEC9
0008D058
0002E12C
00002C76
FFF9A174
FFF9CDA5
FFFC2FAA
00057944
FFFB5704
FFF4A94F
000083C9
FFFDB428
FFF95BEC
00026DA1
00006C55
FFF7B61F
0001DC1D
00033E13
FFFBFF60
FFFBFF93
FFF939C7
0002BC41
FFF4EC47
00018BB6
00074639
FFF8E776
0005B6C4
00037424
FFFD0965
0002BDE4
FFF8AE1E
0009EC34
000A6468
FFF1AF21
FFFB301B
0002BEB0
00008E8C
FFFF8B6F
0005DAA5
FFF9AFB1
FFFE5B70
00027098
FFFA711A
0005676D
0003D42A
FFFC36AA
0000BA7E
FFFAB9FC
FFFD842C
000323BD
0002C8AD
FFFBC96A
FFFA29CB
FFFA8935
FFFE7601
00025CAE
0002DAFE
FFF8CDB6
FFFA5072
00005B8F
0001D44E
FFF9814E
00019779
00090C83
FFFDC473
FFFF391B
00016962
00047BD1
FFFF2856
FFFAF316
FFFF73FD
FFFC87F0
0001E12D
00001A1A
FFFE4060
00058736
0004DF42
FFF1EB10
FFFC3ADD
FFF98CA1
0001FB24
FFF9A014
0000390A
FFFFC495
0002ED2C
0002EF8F
0003E64D
FFF7EA11
000454B5
000132CA
FFFBA55D
FFFE371F
FFFEEBFE
FFFCDD46
FFFCAF83
00008B5A
FFFF3DA4
FFF713B3
FFF69101
0008A7CD
00015089
0003E2BC
FFFAD830
0002ACBB
00042F94
FFFF1C28
FFFE8294
FFFE3651
FFFF6D78
FFFEE665
00040DA5
000568FA
FFFEC50A
FFF6970F
0000B86C
FFFC9656
0004AA55
0003FDC0
0002A7A0
0003CBE8
00034493
00009783
FFFD6D2C
000411A2
FFFFB290
00007A7E
0000567B
00040B2C
00035D5C
FFFFB38D
00004659
0004E2E4
FFFFF30D
FFFD225D
0002BB09
FFFA9D02
FFF82AAB
FFFD4B8A
FFFD83EE
FFFCCC5E
0001B1C5
0002F3D0
00056C0C
0004DFC6
0005540D
FFFE5E47
0004D5B6
FFFD14B3
FFFF8329
FFFF49BC
FFFA2C1D
FFFAD90F
FFFD4BCD
000508CA
0004DE1C
FFFE82BD
00023689
FFFDD942
0000A076
FFFDB34B
FFF93FD9
000212C6
FFFBFA97
000207A0
0003D8A2
00028894
00016702
00062F5A
FFFCF012
00002DDD
0001B944
0000D9ED
00043D5F
0005A05A
0004465C
0001F064
0000CEF2
0000440F
00048C1E
0003B243
FFFC9A90
0001F72E
0001AF42
0002159B
FFFD2799
0003CAB9
FFFE8292
000237A5
00036D1D
0005F726
FFFF9F5A
FFFBDC11
00011C3C
00029169
0001B192
FFFC66CA
0003C1CF
0004112B
FFFC2768
FFFE67C1
0000B0C6
FFFFC2D9
FFFD1DF6
0002C39C
0000C96B
0002890C
0003FCA5
0001E90A
0001E350
00060B7F
FFFFD3DE
0001BBD0
FFFF5244
0001AEFA
00017FD3
0000F966
FFFD3D5E
00011483
FFFC0265
0007B33D
00068FDD
0000FCEC
000145D8
000090E3
00040C22
FFFD7F89
000252ED
00038476
FFFBB316
FFFAE29D
FFFA84E6
FFFAB7C6
FFFFD7FE
FFFE9D93
0002A139
FFFDF086
0001C63D
00037A60
00063215
FFFC8367
FFFEC1AB
0006846D
00026EF6
00064A6B
FFFF956B
00015793
FFFED46B
0001F62B
00002C7C
FFFCC5EA
00006157
000259B2
00032899
00021F40
0000FDC6
00002915
FFFC3CFE
FFFA9EE5
FFFC645B
FFFA631E
FFFE42CA
FFFF2AB0
FFFB6D33
FFFED705
0003FE4D
FFFF89BD
000017C8
00009354
FFFA8EB7
FFFFB2B1
00026B38
FFFB5787
FFF9D2A5
00018957
00010429
00029CC1
FFFBC352
00021F8A
000331BE
FFFE7662
0002BF67
0000D7DE
00020F6C
FFFE8555
FFFA1C8A
0002E960
0007274E
FFFE2930
FFFEFD1E
FFFD53AC
0000C6DE
0003798B
FFFBB001
0000546E
FFFA61D2
FFFD7470
FFFD913C
00014E26
FFFA2BB4
0000555F
000189DC
0000DA1C
000505BB
0001B43B
FFFE4722
FFFDB9BF
000371B4
FFFC6A56
0002E33D
FFFF1626
0006DF2F
00014492
00036F1B
FFFEF57F
FFFF9076
0002B2F8
00069764
00052462
FFFAAD23
00023A51
FFFF74A9
00004038
FFFD8A79
FFFDA9AF
FFFE151E
0001D301
FFFFD448
000316BA
00007331
FFFE12F6
000326C0
0000C874
000231F0
0002F0DD
00010024
FFFFB87C
FFFDF1FA
FFFF70F2
FFFB50F7
FFFE8338
FFFCE64B
0000C16F
FFFE7584
0001B064
0002C2B9
00008E38
00021D47
0002B61D
FFFEE4B6
FFFF2551
000566B9
0002E839
FFFF0DF2
0001F144
FFFD99A1
00070792
0003B77F
00007698
0002120C
000418EB
00049F83
FFFEE0DE
FFFF3F01
00022512
0005970B
000176CC
FFFC2476
0005F03E
0001603C
00038F20
00002074
0003475C
00017FA0
FFFE3E0F
0003DC47
FFFA9FD7
FFFF4FAC
00017114
FFF9E48B
FFFF0439
0001236D
FFFB4E8C
0005766E
000211EF
FFFB8102
FFFF32B0
00047509
FFFB057F
0002FA96
00035E07
0004AF5F
0002E28E
00006173
FFFF1B59
00038B4B
00011066
0003E7CE
0000B5D9
00036183
00027EF9
0005A618
FFFF2E8F
FFFFF03B
FFFDEE1E
0000D21E
FFFEC7B0
00014885
FFFC1061
0001FD55
FFFA3131
FFFD90BA
0000894C
FFFCF1E5
0001DA3D
000078E7
FFFC3A41
FFFF046D
0004B6B3
FFFF55E7
00029884
FFFB58EA
FFFE3484
FFFC3096
0000686D
0001294A
FFFE8DB6
FFFB242A
FFFFDE70
00003473
FFFCA920
FFFCCF19
FFFC8922
0000E74F
FFFADF72
00013BF6
000022EF
00029E6E
0001534A
FFFE8C95
FFFDC743
FFFA22E7
FFFDA22A
00011247
FFFB1468
00029701
000011D7
000400EA
FFFD8662
FFFFFAA1
FFFC3249
FFFDCE13
FFFD4AF3
FFFE4DA7
000352BC
000263AB
00030E8B
FFFF4858
FFFB157A
FFFCCEE6
00038CA0
FFFFA824
00009B5C
FFFD882E
00029927
FFFF190E
FFFEAACA
FFFBDF03
FFFDACEF
FFFCB9D6
FFFA3926
FFFD5E61
0004C107
0006B525
00026D64
FFFFADD6
00050FAB
000606FD
0002A356
00017D05
0002B27F
FFFFB01B
00030811
FFFEDBDC
00013F4F
00009725
0001DEE6
00036AC1
FFFF10E1
000128FE
FFFE9422
00039C7D
0002EB54
FFFF7427
00053B64
FFFEB1EB
00026D87
0004499C
0004E7A2
00048BA2
0001C3DB
FFFD4659
FFFF0B7E
FFFF90A0
FFFF148C
00063EBE
FFFE3989
000368D7
00002F89
FFFA6B58
0003B0B5
00005D61
FFFE3147
FFFD86F5
FFFEDF5F
0000CF17
FFFAE2AC
0004C82A
000428E6
00019DBF
0005C2BD
00043E7B
0003EB52
000539DE
00061435
FFFF9D18
FFFDD00B
FFFEB2AC
FFFF4DD0
FFFE89FE
FFFF270C
0000B5DC
FFFC0F0B
00012C7C
FFFDC122
FFFEAE42
FFFD6131
000172B9
00000EE4
00013557
0000D295
000118DF
FFFDBE6F
0001632B
FFFEB48B
00023831
FFFD0297
00025F54
00019B2F
FFFCD94F
FFFD1707
00030B91
FFFF14C2
FFFBA443
FFFDEBEE
00037368
FFFDD5CE
FFFF76A3
FFFE9D78
FFFDFF37
0002B1AC
000232A0
00011884
0000D69B
FFFB5FE7
0000E972
000365DC
00011788
00010030
FFFE67C7
000015EE
0002A8CD
00030D6A
FFFEEC2E
FFFEB43D
0002F3CB
00017324
0003ACD2
0000862B
FFFFA5CF
FFFFEAE7
00035143
0001FC77
FFFFBF36
0001FB8B
00009FF7
FFFCC2DC
00020736
00007849
00037BA7
00012128
000448D4
00002D27
00039747
FFFED0F1
00008144
00043D2F
FFFE334B
FFF9CB87
FFFE07F7
0005152D
FFFCAEDD
FFFF4AD1
0001559E
0002FBA9
FFFB9AE7
000277D0
0002BA90
FFFDBB71
0002FAC4
FFFB58ED
00009FAF
00037EC5
FFFE393F
FFFE6ED6
00031096
FFFF3D57
FFFE4910
FFFCD20E
FFFDAC4E
00047EF0
FFFD6D0B
00020957
FFFEA2A6
0002F1A8
00030E92
00006FEB
00018177
FFFFF210
0000FAEE
0001B371
0004B932
FFFF8F2E
00036D96
FFFD780A
0001D87C
FFFD5B63
0004E7DF
FFFFCDD6
0001CE05
0001E0FD
000223AC
FFFFBF02
FFFE3752
FFFE0077
000119EC
00014CDC
0002A80D
FFFCD43D
FFFFF571
0001F386
00000279
FFFEA12A
00017C98
FFFB537C
FFFF5567
0006362C
00024491
0002F375
0003F038
0000DAA9
0002B741
FFFB3196
00016BDE
FFFC1C6F
FFFFA330
FFFB83CD
0004693F
0001BB36
FFFB16B7
00027721
000470D9
00019973
FFFE0B66
00018355
0001270E
0001CC2A
00047956
0005282A
FFFF12FF
FFFF3933
0001861D
FFFCD849
0001C99C
0004C648
0001740F
FFFB4107
00019145
FFFC9565
FFFE11F6
00004703
00005EBE
FFFC25BB
0002A1F4
00052972
FFFB80DE
FFFFE3B1
000022D5
0004DAF2
FFFCD23E
00008045
FFFF82D1
FFFDCFBA
00045DDE
00035B62
0008171F
0002E904
FFFC211D
0005A020
FFFCAB25
0001E684
FFFEFC9E
00020FEE
FFFDDA57
FFFEF64F
FFFE7E88
0002D28C
FFFB2542
FFFDF943
00015549
FFFF8618
000497DA
FFFC610E
FFFB3A2D
FFFE952F
00070032
FFFE4D0E
00026728
00007444
FFFE4B14
00074820
000441DD
00018E2C
FFFB2F08
FFF951D2
FFFFEC8B
00006676
FFFC2215
FFFEEB52
00007749
FFFB8900
FFF88F5F
0001A976
00055184
FFFC90F1
000138CD
0002E123
00018CF7
000193C6
0000DC6E
FFFFCBFC
00005834
000861E2
0007FE16
00039846
FFFBC4D5
000A98B4
000650F2
0004B350
00043B63
0004C92E
00016796
00002990
0000DFC9
FFFD9D73
00010D0E
FFFDA998
000359FD
0000B925
000044A2
00063676
000234D1
0005C23B
FFFD8A50
FFFC52C5
0004E591
0000418A
FFFDC6BC
FFFDF02B
FFFC873B
FFFE51EC
0004F727
0005DF52
0001264C
FFFCDB27
0003D661
FFFD2B41
000430E8
000410A7
FFFE0F3C
0000BE03
00081546
FFFE1C9E
00053FD0
0004620E
00084B5B
0000FB14
0004651D
FFFC6C72
FFFDEB4D
0004D2C2
00050F7E
FFFDDC3D
FFFD7039
FFF80C24
000565B5
0001C0C1
00024CB9
000223BF
FFFF50B9
FFFE9526
FFFFF37B
0001A962
0005999B
FFFBB94C
FFFC25AE
FFFE8C97
0000F34F
FFFA079F
00000367
FFFFC695
000296C7
FFF9ECBF
000594F4
0002D5EB
FFFD5216
00019DAC
0002ED8D
FFFD6852
0002D21B
000153E1
FFFF3C00
FFFF0328
FFFACE98
FFF9DDFD
FFFA5BE1
0002FF1C
FFFC2D2A
FFFFF92C
FFFFCD37
00041536
FFF8C7B3
FFF9CCA6
00013537
0001C60D
FFFA30F9
FFFB171E
FFF81797
0005387F
000372BE
FFFE6873
0004AAD8
0003CA8A
FFFD64A4
00026C84
FFFDE04B
FFFB33C0
FFFE88DD
0001370A
00026907
0005573B
FFFACBA2
00054403
00025F8A
0002E96B
FFFD27B1
00043075
0008D954
FFFC5A04
00035EF9
FFFA67E0
00001067
FFFB814E
0002983E
00007AF3
FFF73762
FFFA8A08
00063FD0
FFFA53E6
FFFF5E8E
FFFBE9A3
FFFEF755
FFFD5998
FFFCB61E
00070049
0004DCF7
FFFFC311
FFF7BA10
000266D1
0001E7A0
FFFD1B99
00011FF0
FFFA2D1E
FFF7D6BC
000413A4
FFFC63EB
0002356D
FFFACC33
FFFBFF73
FFFF38C2
000023D6
FFFF31E4
00044B43
00039438
0006FFE7
FFFC3514
FFFF56A8
FFFFD25B
FFFFCA49
0005844D
0001A1F7
00041B69
00007E38
FFFB3234
0001B45A
00024E21
FFFDA23E
FFFAE5ED
FFFA197C
FFFC5F4B
00027581
00024C3F
FFFEB561
FFFD78F7
00052D0C
FFFBED07
FFF83649
0000CA57
FFFA8C33
000342DD
00018A31
FFFC257B
FFFD7809
00001316
FFFED935
FFFA2FA2
00041824
FFFBB672
00032A4B
0002E1C0
0002A732
00035311
00001C0A
0001EA51
00006368
FFFEE8A5
0002B650
0001C66C
0001CBF2
000047D5
0005A0C5
000420F0
0001491F
00002B7C
FFFD96AF
00056CB6
00006EC4
0001C263
FFFFE8FD
FFFF5048
00060D37
0001E26B
0003916C
FFFC1F3A
FFFA12B6
00000E8B
FFFF2ABA
0000B506
FFFD7F96
FFFFEC7A
0002B5BA
0001177F
00004905
FFFD134B
FFFC6598
FFFB813D
FFFBA168
0001EC97
0001F8A7
00044C1B
00028291
FFFD10F5
FFFF57D3
FFFBA8C1
FFFA53C3
FFFFA534
000100E7
FFF6A982
FFF874C1
0000F91B
00004612
00026492
0003528E
FFFD4EE4
00035485
FFFDA319
00035042
FFFCFD16
00039C88
00017B14
0005F16A
FFFCE2FA
FFFD7E5A
00047C4B
0003BB51
FFFBBF66
FFFF352B
FFFFAD3D
FFFEC026
00009A4D
FFFE5666
FFFC4500
00044B1A
000310B8
00006788
00025716
00048F73
0003E576
000073BE
00016D8C
00014631
FFFFF48F
FFFF352B
FFFC87A5
FFFE8216
00095C1C
FFFBC98F
0005B7A8
0006C6C3
0002B375
FFFECE5C
FFFCEF43
00004FDF
000306FD
FFFB4A12
FFFE711C
FFFE5A81
FFFC02A7
0004A745
FFFE46F6
FFFCA603
FFFDDBBB
FFFE6ABD
FFFB98CC
FFFD1918
00031E7C
FFFB375B
FFFE2B59
0005437C
00039F45
0002A374
00083572
0005A5FC
0003A2B2
0001D212
000550B2
0007E0E4
FFFF5A4E
0000E35B
0005934E
000639E3
FFFDEC5C
0003B3A2
0005F573
FFFDD866
FFFB3778
FFFE005B
0001B847
FFFC088A
FFFB52D3
000569C5
00038784
FFFFF0FE
FFFCE9BC
FFFEAC9F
0007CBFC
0006D5A4
0003368D
000507B9
0003FE69
FFFD2D97
00022745
FFFCD97A
00003782
FFFE45F1
FFFC6A1A
FFFB172A
00024C54
FFFE47CD
FFFEB26B
000427C5
0000BE45
0004920E
000472BF
000328E5
FFFFE8B9
0004403E
00009BBE
000194A0
0004466F
0002BF6C
000368FB
0000F12D
FFFA5D63
0002FE72
FFFBAA33
0001AA49
FFFA6F1E
FFFA5329
FFF9C87F
0004A273
0003105D
0001C05B
00021DEE
FFF93D80
FFFF0030
FFFB9E48
FFFFAAF9
000112CE
FFFF5849
FFFF7895
00047AA4
00012021
00008C71
000138A4
FFFEB213
0004F0A5
0007130A
FFFB90AA
FFFC1FB2
FFFB8EFF
FFFF8B76
FFF8FBA1
FFFCACFD
FFFAFBC5
000003E7
FFFD39C4
FFFBF464
0003398A
0004A23B
0001F7D0
00072603
00014B55
FFFAAA5F
FFFE4FAD
FFFEFDFB
000268D1
0003AEE0
FFFAF855
00014159
0000937A
FFFF7A82
0001B2D9
000363F8
0000945F
0000772F
FFFD24DF
00036313
FFFEBA3E
FFFA4462
0000ACB4
000098B7
0005B316
0006BB8D
FFFED250
000031E0
FFFC0432
00027312
00021BC7
00041905
00031F9A
0000B6FB
0000DE99
FFFBE805
FFF9A3AC
FFFC34AA
0002C03F
FFFF0349
FFFA787A
000293BB
FFFD9724
00049895
FFFBE953
000234A0
000933F4
FFFDA963
0000FFC8
000300FE
0007127B
0008E47C
FFFAFACB
0000682D
00086EF1
FFFFEC26
00026EB8
0003023F
FFF9149E
FFFEC52C
000438D9
000307A2
00017AFB
FFFEA4E3
FFFDE4DE
FFFEDEF6
00066F47
000572F9
FFFD87CF
FFF6F69C
FFFC38EE
FFF9FD2B
00012D3F
FFFE75D6
FFFE80E1
00002241
FFFCB357
00036C80
FFFE4971
00005055
FFFF6B63
00025C99
00040712
FFFCE819
FFFB8AD0
FFFF3DCF
FFFD7FBE
FFFDE9F6
FFF968A3
FFFA709C
0006AD28
0003550D
FFFC1D30
00081ADD
FFFCDD2C
0002B2F7
00009938
FFFEE52A
000835FD
FFFE3FB3
0004828C
FFFBE107
00019CC4
FFFE1C19
FFFBF2D8
00005490
00066CE8
0005025B
FFFA65CB
FFFE78CD
FFFB0685
FFF999DA
0000EE3E
FFFD5B97
0001C640
FFFB388F
0002EC1D
0000FA90
0000E517
FFFB7841
00010EA9
000080AA
FFFB6F1D
000054E4
FFFB3E4D
FFF8BEAF
00005E86
FFF629E7
FFFC3DE0
FFFD62DD
FFFCDC76
FFF6C524
FFFED09D
00023121
FFFFF58A
FFFB3278
0008D5D7
000398EF
FFFFEAD0
FFFD6FC6
FFFE92EB
00027E01
FFFFDE77
FFFE1B0F
00010516
00011135
00034751
FFFFD172
0003675A
FFF8745B
00033692
FFFDFB86
FFF8C030
0003861F
FFFB0151
0001CBEB
0007674F
FFFFD1C0
00004E4D
00011C1A
0007D919
000305AD
FFFCD7BE
000594A6
FFFE9B41
FFFFB737
FFFE3078
0001AA1D
FFF8418C
FFF67E61
FFFF18B9
FFFF54CB
FFFF046E
FFFE47E5
FFFE3CB7
FFFF3B89
0005C798
00049629
000938D5
000271EF
0002440B
FFFC043D
FFFBE0D5
00041022
FFFE6F53
00033E12
0000F359
0002A5AB
FFFC05B7
FFFB0FEE
00059DDF
00007EFE
0003DB5C
FFFCB2D1
00055D6B
00067838
FFF9F749
0000C4A1
FFFFE668
FFFCD6F1
0001A5F0
FFFF04AA
00039D35
000729F5
0001D9A3
00052FEF
FFFDDF49
00058CDB
FFFDB180
FFFCBE02
000036DA
FFF49C3C
FFF94332
FFFD5D0B
0005FD69
0002E5DB
FFFDEFC9
00018429
FFFA523B
FFFB88E2
FFFF577A
0001A5AC
0004CF13
0003DA8D
00037622
FFFF1F67
00008383
0005CE62
0002B061
FFFF5610
FFFA9F1B
FFFEDE94
0006EDFA
FFFBD6DB
00083712
000397DD
FFFFFDCE
FFFC4B5C
FFF76D7C
FFFE2E20
FFFECB91
FFFB39A1
FFFF4C4B
000441C6
FFFC0141
FFFBA7E4
FFF6BDC2
FFF7115A
FFF55B77
0001896D
00011521
FFFBC42A
0003B14F
FFFDBE39
00088E66
FFFCA688
00013475
FFFB8521
FFFA6AEA
00024217
FFFE6EFC
0005281A
0002CD47
FFFEF4D3
0007A6DF
FFFD8880
FFFDA976
00024B3D
FFFFB08E
00003110
FFFCC899
FFFDC191
FFF779EB
FFF8E782
FFFBE6CA
FFFEA126
00002EC6
0001FE59
0001C96F
FFFA1175
FFFD16C2
FFF91B8C
FFFD04E2
00007027
FFF78997
0002C6DD
FFFF1ACD
00014CF7
FFF9D5BC
00007B2B
FFFACE91
FFFCD1AE
00044946
FFF67D78
FFFEEA92
FFFE35EF
FFF6EE07
FFFD5A3A
FFFF2A5F
0009D62A
FFFF83CB
FFF9EE7A
FFF858EE
000863BC
FFFF172A
00022874
FFFC4CBB
FFFAE15F
0001A3DB
0002F839
00045713
00021040
00025FC8
00032791
0002D558
0004B64C
00000427
0006658B
FFFBE9EF
00018213
00041528
0004E88E
0004D0F7
FFFF13DE
FFFF48E9
0000C5AA
FFFCF0D9
00015F8D
FFFC8038
00087909
0006867E
FFF8F709
0001FA81
00063CA8
000242CF
00019F83
FFF9F6CC
FFFF7EDF
FFFF5311
0003BD19
00011966
0003CA29
FFFCC118
000783DE
00029EFB
FFFF26D0
0002AC35
0005B335
FFFE784A
0002E372
000565E1
FFF8C1D0
FFFF5ECF
00005003
FFFA2014
0001523D
000299A7
FFFFD26C
FFFCD9B5
0001C168
00017862
FFF9DA8E
000150C3
00066895
000431E9
FFFFB2DE
FFFA99FE
00077D3C
FFFEEA16
FFFEEE70
FFFB2E36
00055CE1
FFFE47E3
FFFB7E33
FFF663CE
FFFE7607
0007F5CD
FFFB8A94
FFFCEA28
FFF8BECE
0001CFBE
FFF966D0
FFF9566B
FFF9DF11
0001CCAC
FFF9C269
FFFBB97D
0000610C
FFFEE8A6
FFFE18AF
FFF9DE8E
0005F5FC
00009F47
00041D2D
FFFA525F
FFFD81C6
FFFECA0B
FFF74D8B
00058041
0005492D
00004632
FFFBD18D
0001FBE9
0005F90E
FFF8057A
FFFC8E11
FFFCEEBA
FFFE6F64
FFFE7B50
FFFC4701
FFF9555E
FFFC962F
0002D8B3
FFFCBE6D
00093042
0002EED4
0006285B
00011E8E
0002E97E
FFFDBFE9
FFFD22D7
00078DC6
FFFF32C3
00023F07
FFFC2263
FFFBF77D
0001EFE2
0003E28E
FFFC4C01
0002ECDD
FFF92AC5
FFFE2D42
0004EFB1
FFFC72AC
FFFC0F95
00002008
0001B142
FFFD09E0
0007E8A8
0003B7AC
00070EB1
0004E348
FFFBEAC0
00035704
0006299F
0000B520
00069DFD
0003484F
FFFFB4A9
0003271F
00023574
FFFACFBD
0001D79C
FFFD68CA
0000AD80
FFFC28A5
0002FAEB
FFF8AC17
00003E0C
0003991A
FFFE7C87
FFFFF4CE
00076A42
000B75A7
FFFA9E8B
0001A264
FFFC2152
FFFA6687
FFFE435A
FFF94DDB
00006F79
FFFF084D
FFFD3D97
FFFE25EB
FFFA0228
FFFA3EC0
00068F52
FFFCA48A
000859A1
0009E6DF
0008CF78
FFFBB666
FFFF8346
00023424
0009EF9E
00035B11
FFFFEC4E
0001CFB9
0001A8AA
FFFE3BC2
00055919
000024C5
00003D35
0004F309
FFFE150C
0002D3F4
FFFE51D5
00030D30
000A3178
FFFC48E4
FFFC9A71
000092C4
FFFF287E
000470B8
FFFF071B
FFFE5BA1
FFFCB30D
00033487
FFFA4EBE
00034528
FFFE958D
00037E85
FFF7A819
FFFC3F3C
FFFF2D68
0003348F
00017A39
FFFBA021
FFFE94D4
0002747E
FFFA00A9
00030BEA
00015F69
0008E943
FFFA1161
FFFCFF9A
00033B6A
FFF97EDA
FFFC17D5
FFFD805F
FFFECC4D
00004B57
FFF931AC
FFFD8B5D
FFFB8F76
FFFAF466
FFFBFBBA
FFFCFC65
FFFA6D1A
0001D790
000A78FA
FFF834B3
0006704D
FFFD1CBC
000DE515
FFF6EFB4
0001C25F
0001B118
FFFBCC49
00035EC2
00072A64
00029E88
FFFE05FF
0004A229
FFFD9D4F
FFFC47EA
00040FB6
FFFEB50A
FFF95416
0004513E
FFF79E1F
FFFECF07
FFFC37C6
FFFA459E
FFFAEA69
0003CACD
FFFC7C11
00037219
FFF948EA
FFFCD8E7
FFFAF78A
0002D88B
FFFD1A12
0004E84F
FFFD9D8F
0002D51E
0003E7F0
FFFE0A23
00000B3A
0002DFCA
FFFC7D3D
FFF5EA08
FFF8C254
00012B2A
0003C63A
0003FA53
FFF9E6EE
00000F7D
000823F7
000329AF
FFFC6E85
0001F206
0001E019
FFFDAC6D
FFFAF969
00020CB4
FFFDCD6A
FFFEFCCE
FFFB4486
FFFB42DE
FFFFEDCA
FFFF6AFE
FFFFEB6D
0001A301
FFF8055D
0000D341
FFF518C0
FFF79085
FFFA0F79
FFF614B1
0002C8D1
FFFBF7AA
00043250
FFFBEA5E
FFFBED89
00032E77
00026545
00028049
FFFC6CCC
00039859
00008E57
FFF44771
000398BD
FFFA3B6F
FFFB5276
FFFC5333
FFFF494A
FFF95D89
FFFC1E7C
00030C06
00016AD0
00061316
FFFFDF9C
0001D7BC
000278C9
0008C187
FFFFE33B
0007AE12
0000C363
00006B9A
FFFC36DF
FFFB13AD
FFFEB73E
00058631
FFFF2B7B
00008B55
FFFD6321
FFF7F0D1
FFFB15E1
0000319B
FFFD1EA3
0003AEB9
00049AED
FFFBD2BB
FFFDF60F
FFFEDCF2
0001DA4A
FFF606D3
FFF9E2FD
00003797
0001F051
FFF8C57B
FFFD73C5
000462FB
00075779
FFFCAF9B
0006CC8B
FFFDEB00
FFFFD9FF
FFFB99EF
00069E16
00038791
00019E9F
FFFA1348
0006A55A
0002F361
0002152D
FFFE0AAD
0007A12C
000170EF
FFF93F4D
FFFF2721
000021EF
00073ED0
000583C0
FFFD5210
000A0BE5
00006B34
FFFAE87F
FFFDC69C
000200A2
0000B954
FFFBD07E
00030B3E
FFF5B8DC
FFFF69D3
00063C22
FFFE5586
FFF4417B
000206BD
00044029
FFFEA7C6
00030F2D
FFFE9D49
00020BCB
FFFD9377
FFFC2E50
FFFD919F
FFFFC8F7
00081C87
000545CD
000689F4
00059415
000353F6
00019369
0001661D
000AECF9
00045629
FFFFC79B
FFFC6DD3
0004255E
FFFA8BFB
000BAE68
00054E07
FFF7C731
FFFB846E
FFF939B4
0002631E
0004A09C
00065114
FFF80666
000CAD18
FFFAE0E0
00076E67
FFFC98F5
00013943
000157DA
FFFA3C74
00008BF1
FFFB6A64
00081B50
FFFCD206
FFFF492C
000614D3
FFFD46AD
0001A07F
FFFE872A
0003CC30
FFFDC2C3
FFF82B8B
FFF9F78E
00035828
00037F4F
FFF90E0C
FFF7F70C
000B8F30
00034427
0000DF3D
00019F86
FFFD9DD8
FFFEAB48
FFFBA082
0006832A
00065E62
FFFD5CC3
FFF6E6B6
FFFCC703
FFFC896E
00034627
00037F42
0009CF1A
00049DBC
000302A4
FFF8EF15
FFF7DE73
00049BBA
FFF84051
FFFB99F1
00086C60
FFF9158B
00028C5A
FFFE1EB4
FFFFCC38
FFFB3ED9
FFFEAAA6
FFFAFE03
00087C13
0002C8E1
0004A18C
0004959E
000CA5AF
00014DA3
FFFFDEA3
000A9DDE
FFFEA79D
FFFE238B
0008490E
FFFE0D11
000678AB
FFFD8B6C
FFFFF1E4
0004C45F
FFF8FF16
00056658
FFFA7938
000B73A5
FFFCF959
0003438D
FFFED64B
0008D597
FFF80FE7
0006CF6A
000342B9
000D2490
FFFCFBA8
FFFE806F
FFFFA512
0007B371
FFFF7BA1
00047D34
00031C85
00030407
0000DB34
FFF9CE8E
FFFCB8BE
0002F4F0
0004A372
0008D45A
FFF60A41
FFFCAB0D
00032DB1
FFFC4A8A
FFFFE50C
FFF85854
00023E20
FFFD9724
000644BF
FFFE8D4A
FFFF127D
FFF8FB22
00011DD7
FFF960B4
FFFF3DC2
00052371
FFFCF3FD
00049603
0005C646
FFF862DA
0003D7B9
FFF7D46D
FFFD5621
FFF8290B
0003A117
0001449E
000B6E83
FFFA24A2
FFF88114
FFFC009E
FFFFD87A
FFF43F63
FFFCCE0E
00024A3A
00043FA1
0005348B
0007144C
0004E4FA
0003241E
000134BE
FFFC7AB1
00056125
FFFF6C3A
0005E44E
000072A7
FFFDFBF8
FFFC7402
00016C53
0009FF4D
FFFB3709
00095D11
0006E6BE
00038B85
FFF65A46
FFF88471
FFFEECFD
FFF96D06
0001799A
0000B92D
000026E4
FFFECDD9
FFFA48CE
FFFC6509
00066452
FFFAA213
00033198
0001FE1D
00010C0F
FFFD1B38
FFFF56F0
FFF903A6
FFFE7749
0000883E
FFFBA91B
FFFD0EF1
0008F2E8
0001E8CD
00057F8A
0008D62F
00015750
FFFBB032
0002DDBF
0006922E
FFF66881
FFFB0F92
FFF734DD
FFFF0520
FFF9F98D
00069D65
0004D635
FFF5ED51
00070B7B
FFF67B13
FFF6B007
FFF747FC
0000C637
0005DD71
00001E5B
00047080
FFFF418A
FFFB98D1
FFFDC980
00002326
000A9047
FFFBB644
FFFC2F1D
00059A03
FFFED008
0003D6F9
0001D9A2
000217A6
0004BB28
FFF80F47
FFF94185
FFFE893E
0004B855
0000AE96
FFFC8FC5
FFF866A3
000502DD
FFFCA760
000139A2
FFF33B6D
FFFB9479
00074FDB
FFFD22AD
000513D7
FFFF708D
FFFDC551
0004FCBA
FFF5FED6
FFFE1DB0
FFF9A46D
000C69F0
FFFE9C74
0001310B
FFF84ADE
FFF7D174
FFFD1B7E
0004775C
000642FD
FFF995AA
FFF770D9
FFFFED87
FFFC6728
FFFFA5C5
FFF844A9
000306E8
FFF9798A
FFF1FCEF
FFF8EFE0
00035F71
00023F20
000347FE
0004129E
0003B247
00023E4C
FFF6F521
FFFB25C2
FFF64A2F
FFFF43E1
FFF681D4
FFFDDAE5
FFFD41DC
0006E008
FFF442BF
000BD435
00037291
FFFEDE1D
0005E3AD
FFFDD72F
FFF97B64
FFFF2BDF
FFFCCE4A
FFFFF01E
FFFF00AB
0008564E
0001C50C
FFF5BB3F
FFF730F7
00073BB6
FFFE7701
0004DF34
000D7C03
FFFE692C
000A7918
000B8861
00011464
0006C66A
0009487D
0000E627
00048A56
0000C8D6
FFFC2D6E
FFFC5A85
00020451
0007A9E6
0001BD24
0000095D
00007452
FFFBA983
FFFF5480
00019AE6
FFFD2850
0003CAF3
00044287
FFF8F74C
00059A5E
000385A0
0003D334
0005E932
FFF6B141
0006AD7A
FFF89583
000889B1
FFF9F0D9
FFF5BCCE
0004571D
FFF5E9A3
FFFB1A69
000997AD
FFFA49B9
FFFADC11
FFF6DC77
FFF5E272
0003E621
00002DD4
FFFF551B
0009F9D3
FFFAEB29
000A8761
00042366
FFFDB319
FFFF2B2B
FFF7D585
FFFAD2F2
FFFF3993
FFFF1DAC
00048614
000160FD
0003869A
0006CEE0
FFFB2FF4
FFFF361B
000105C7
00021DCC
00003802
FFF9AE53
000729F5
FFFEA703
0004240A
00008859
00007EDA
00052CEE
000619D4
00049D51
FFF8119B
0001D7EC
FFF6E9EE
0006C322
FFFD4EFF
FFF65B7F
FFFDA605
000067CC
FFFD5BBB
000ABF29
FFFB8578
0006257B
0000FD82
FFFFAAAB
FFF8A158
FFF5D18A
0000BAFC
FFFE081E
000A47C6
FFFFD390
00023329
FFFBC77D
FFF83E15
FFFC79F2
00069D79
FFFE8CA4
FFFA2DA2
0002C92A
FFFE323D
FFFC6729
FFFA65B3
FFFF2988
000317F2
FFF9E87D
FFFBFB0C
0003656E
00016BE8
000532CF
FFFF548D
0003CEC2
0003F16A
FFFC4C52
0006E87F
00049511
FFFF90EB
00050A8B
FFFC7CDA
FFF78C65
FFFC3963
0000DC02
000144FD
0002F312
FFFB95AB
000507FE
FFFDDDFC
000725FE
FFFBD32E
0002E323
FFFFC094
0005C210
FFFA2D19
FFFE00BC
FFF7652C
FFF934A6
FFFBC3CA
FFFBB846
FFFDB487
00039361
000168F0
FFFC5B7A
000C7512
000611F1
00052F0A
FFF96C22
FFFC1E08
FFFF8E9C
0008AAFF
0001B5CE
0002FBBC
00004F44
FFFC2D2C
00035E6D
FFF0CE49
FFFA0AF6
000465D3
0000B8F4
0000B31C
FFFF6D92
00061B6D
FFF94D23
00008E13
0006970B
FFF77551
000502C9
000C74B7
00019D07
00051FE2
FFFD5EA1
00032A01
FFF8FF3D
FFFF81E6
FFFA2246
FFFB07F7
0002D233
0008E7DE
00046611
FFFD0A26
00071814
000B6874
00005F41
FFF9AF01
0004062E
00059F7F
000518C8
0004322B
FFF876C0
FFF40B2E
000AB0B2
FFFA35D5
00043910
FFF6AFB7
00014DCE
FFFADA96
00015282
0002947A
FFFB7303
00049167
FFF6EC55
FFFFE775
000795C7
FFFF5B2C
FFF9A111
FFF84FCC
FFFA0A0E
FFF999AA
FFFFBB10
0002FA5B
FFF8237F
FFFA457F
00090CDF
0004D3BB
00089E3E
FFFEE208
00007492
FFFC3C58
00082EBE
0001F32B
0000D579
FFFCAC92
FFFD72D6
000A2320
0000EF10
0002A59F
FFFFC66A
FFF8A9EF
00022123
0002F76C
FFFACC37
00018A5E
00055C77
FFFDBB8E
FFF96251
00048F29
FFFB7190
0001A86B
000C9148
FFF86C6F
0007704E
FFF2DC4F
FFFFAD62
FFFBFEC6
00054240
FFFC875D
FFF779B9
00005F83
FFF9128A
FFFDA2F2
000709B4
FFFAEEA9
000485A5
FFF8B702
0009F1AC
000590E7
FFFE7F3D
FFFB9AC6
00022F96
0000B763
000D9737
FFFBE905
FFF59E7C
FFFB076E
FFFA7E14
000894A8
FFFF58CD
00009C25
FFFDE100
FFFA80EB
0003A600
FFFFF377
0001A50C
0001D80A
00065122
00067AE6
FFFC46BC
0001A4CD
FFFCB96A
FFFD0719
FFFBF6C5
FFFFB2BB
FFFAD593
00040E33
FFFCB856
FFFFB63F
0002345E
FFFA0D3F
00034C57
FFFFDE15
FFF98341
00036EA5
FFF9D803
00030862
000B75D5
FFFBD806
FFFCF7A7
000373AD
FFF979B9
FFFEBBC7
FFFD8ED1
0006E6CC
0003B76B
FFFBBC32
0000DBE0
000612CF
FFF941E8
FFFB37AA
00039012
FFFC1916
FFFE9934
000541E1
FFFCEB9B
00041B1D
FFFC4F61
000BDBDE
0000565C
0004A324
000260FD
FFFA2CC1
0003CE6B
000436A1
FFF83527
FFFFEA53
FFFE17EB
FFFDFE6D
00096DB1
00020D40
FFFFDFF4
FFFC03CA
0001F394
FFF652F6
0002B1F0
0004BB71
FFF3D3B9
00011D8F
00043EB0
00039D57
00012929
FFFDCA76
FFF9D278
FFFFBEB7
0007F77A
0006CBCF
000A358B
0001E219
0002EE94
FFFE55E2
00036704
FFFA200C
00030E59
FFFA5E8D
00058ED2
FFF27863
FFFAF166
0005C982
00002EAD
FFF88C39
00005DED
FFFE580B
00021079
00014783
0001493D
0005F619
FFFEC134
FFF83505
0002A302
FFFC8799
FFFFA111
0003F1DE
FFF45472
00083508
00001F10
000258CD
FFF6F5F7
FFFB1988
000638DA
FFFA7D00
FFFA9FC1
FFF8C22D
FFFA5FD6
000BDC65
FFFF8C74
00031740
00000A2A
FFFED9F7
000138CA
00030D99
0003BE3B
FFF566AC
FFFF8204
FFF230D8
FFFAF1AA
FFFC77C7
0004FA80
FFFECE81
00025588
FFFF3AE5
FFF491CE
FFF70B53
FFFD0F03
FFF9E34C
00047B01
FFF91EA9
FFFF5C48
FFFE78F0
FFF883F9
FFF965AB
FFFACA16
0003BC93
00042AC8
0002711E
000230A6
FFFD4674
0004AD95
00017EBD
00057999
FFFD8C59
FFFFE9D0
FFFE01E6
000712B3
00024D1A
FFFF0DF7
FFFD68B2
00022D4F
FFFD03FC
FFF6E6B3
00041F76
00039B99
FFFC1555
FFFF7A69
FFFE2A06
000A6399
0003A6AE
FFFA215D
FFFABB2C
FFFD77A2
0006BF16
000748A9
00007BC8
FFFC0F89
0004F1B6
FFF95ABB
FFFA9838
FFF8ACC0
FFFB49A4
000438BD
000738BB
0005375A
0007EF90
00084F02
FFFB95B0
FFF67FD9
00041229
0000F97D
FFFE3892
FFFD4E3B
FFF6BFED
00066756
FFF7ED82
FFF8B193
000421AB
0001B2C5
FFF9A19F
0003B742
00013D5F
FFFA7A2E
FFFFB4A1
FFFF2C73
000418EE
FFF33142
FFFEE0A3
FFFA5573
0001FD01
FFF85232
FFFDACD5
FFFEED1B
000871A0
000799D5
FFFAD99E
0001F0F5
FFF65A6E
FFFB077A
FFFB45F2
00068115
FFFCCAEA
0000E814
00020B7B
0001AAC0
FFFA2E2F
00009FA4
FFFE0DFD
00017AB9
FFF9F053
FFFD2D7F
00029227
0001F45E
0008D4ED
0001977E
FFFDC411
000104BE
FFFDFFC6
0000DCD5
0002C8B3
0001DC1A
000B3744
FFFBDBCA
FFFD5B91
FFFF9F4A
FFFA7912
FFFF448E
FFF8E865
FFF9BF24
FFFCEE53
FFFB180A
FFF2EDC9
000699F7
FFFF73FF
00058045
0003DDD2
00020095
0005EE03
00043852
FFFD3CEA
000560A9
00034898
FFF71456
FFFE8FC4
FFFE84C1
000642C5
FFFEB5CE
0002307D
0003FC30
FFFB8692
000178AD
FFF7CFCA
0002793C
FFFE64C1
000710CE
FFFA49C4
FFFF0F92
0007E9AD
00046F3E
000204DD
00049021
0004CFF3
00013E62
0003E1D0
FFFCD494
FFFE8363
000470FE
FFFC75B8
00024F72
00035E95
FFFE5337
0006E6C0
0008F233
000103A3
FFFC88E2
000A7615
FFFEAE85
0002EE25
00044B2D
0005C2B8
FFF8D06A
0005D7A0
00027C3F
00066026
FFFF1A15
0002A2F4
0005D140
0007996B
00043C96
000310AA
FFF8DC7F
00060A2F
FFFF22BF
0003E566
FFFA86EC
0006C293
FFFA4F49
FFFE00FB
FFFAB94E
FFF9C30A
FFFF7096
FFFAD26F
000611AF
0003FC24
000287B2
0000ABB3
FFFD258E
FFFD8F94
FFFD084A
0001E70D
FFFD3A5D
FFFF9CCC
FFFF58B2
0003FA3C
0002DA83
FFFBAA95
0004B90B
0000E1A8
FFFC8805
0000F985
FFFE4B90
00059AC5
0000995F
FFF671D0
00069F4D
00019A2D
0004DA43
FFFBA153
FFFB1A69
0005CD3D
000087B7
FFFB26F5
FFFEA7E8
00064954
FFFF0ED7
FFFD5171
FFF8083E
0005822C
FFF6D4ED
0003F232
FFFE2CD0
FFFD65B9
FFFB5CA7
0003FD52
0001E318
FFFA78BA
FFF673B5
0005C639
0002AC77
FFFA12DC
000016AA
0000C533
FFFE3969
FFFFC1B0
FFFD12B9
0005F970
FFFF0F1B
0005A01A
FFFBB3BA
0006C3C7
00009F35
00039F37
FFFC18CB
0007121D
0005A681
00056D48
FFFC15C2
FFFF7CF4
FFF64769
00059615
FFF9B755
FFF8EA12
FFFF1F8A
FFF72F05
0004D207
FFFCE5F8
FFFB943E
0000AFC5
00065316
FFFA8688
00043336
FFFF3809
FFF79AEA
FFF88908
0000987F
00062C96
00009788
0002C6EA
FFFED2F1
000362E2
00001475
FFFEE682
0002D28F
FFF7323B
FFFF76B3
00045781
0003DB43
0003275F
00081495
FFFE2C18
FFFA786E
0000FAF4
FFF1C4DE
FFFCDECF
0009B7A3
00064C3D
0009F85F
FFFFEF8C
000A0A4C
000B29F3
00010710
000773E0
00080ADA
FFFFC223
00060C06
FFF76E77
FFF5A4AC
00031EDE
0002E11A
0002749F
00088BA6
0002F426
0006ABE4
FFFD37EE
000493FF
FFFF1EEE
0001E4A4
00011BB3
FFFDF423
FFF7B060
FFFD94EB
FFFC4479
00011BCE
00035136
0001094F
FFFB2871
FFF9562E
00035B09
FFFAD4E3
00017D88
FFFEDD30
0005FC5B
FFFA591F
FFFCA46F
FFF2163B
FFFEEBA3
00050D2A
FFFF73E5
FFFF1EC0
FFFFB81E
FFFB3918
FFF7921E
000442BA
00003DE0
0004533D
FFF9EEA0
FFFD190B
FFFAD6C0
00049680
000606F0
FFFFA4B3
FFF8F36A
0000AD77
000038AF
0001BE2D
FFFD4CBC
00030D17
FFFAC401
0001B08F
000ADE02
0003FFE1
FFF8EB54
FFFF897C
FFFE8344
0006F442
FFFBE8E2
0004FB3E
00020BD9
FFFA04B7
00016569
FFFD73E6
0004AA96
FFFAEEE4
0006DC63
0009765A
00045B91
FFFE6CF5
FFFD818B
FFFCCF7C
000560E1
0002CD43
00069BB4
FFFEA7AF
00043E4A
FFFE9D84
0002D776
FFFF0C0F
0003D970
00038991
FFF63FA9
000757D2
0000DDB4
FFF92691
FFFB5207
0004FC83
FFFBC50C
FFFB486D
FFFD6958
000768D1
00087E39
00004CC3
FFFCD9D3
FFFD5AA9
FFFC87DF
FFFD629E
FFFDC53E
0001C651
0006995D
FFFEF1C8
00040DA1
FFFD79A4
FFFBAABE
FFF5F0B4
FFFCD9CC
000674FC
FFF87C9F
FFFC3B97
FFF57199
000015F2
0000AB00
FFFD1C8E
FFFD032E
000672F7
FFF8A2EA
FFFF7C11
000342B6
FFFE6917
FFFDD28E
0001AA48
FFFF3B9C
FFFFD092
000280B8
FFFC1B6B
FFFC9C87
0002F837
00083E09
FFF80800
FFFCEEC4
FFF88797
00032C9F
FFFE7BF3
FFFDB39E
FFFF6FD0
00057310
FFF1CADD
FFF27B4D
FFFC6F71
000390D4
00020B5E
000203AD
000412EC
0002C5C0
000066F5
00009470
0008855C
00060306
FFFA4307
FFFEFF68
00064C38
0003B47F
FFFBD19A
0000864B
0001903C
FFF95816
0002AD28
FFFAA33B
000516FA
0004005A
FFF98B4F
00049903
00045AE9
FFFD15AC
0005583E
FFFB1074
00030051
FFFAC289
00030F8F
000089CE
0000F8DD
FFFBACD6
FFFB434A
FFFD9486
00077C5A
FFFBC338
000011EB
FFFCAC02
FFFDAB18
0000C46F
FFFBF2AE
FFFACD4B
0002E058
000183D2
FFF69C53
000124D0
0001C68F
0008B6D1
000639E0
0003FD03
00077D4F
0009195A
FFFEC142
00059502
FFFF0387
FFF61C52
FFFFEB36
FFFCFBDB
FFF9BA70
FFFE6614
00034A9D
FFFA5279
0004DEE9
0001CCF8
00008AC7
0002BB7B
00040E9B
000546DC
FFF7CA50
000062DA
0000F9BF
000140C5
0000082F
00076C33
00039E45
00003393
000469B3
000250BF
0002571D
0002DCBA
00059B64
0000464E
FFFD9EBC
FFFA7E30
FFFA8937
FFFAB971
000632F0
FFFCFF4F
0005DCE3
FFFAC13F
FFFBE8A6
FFFA2E81
FFFF0BA8
FFFBED25
FFF3F69E
00005BF9
FFFCEDAA
FFFE2CB1
FFF746C7
FFF9B658
FFF95A30
FFFCFAC8
0005CF2C
FFFA66C2
0005A981
000B9949
0000922D
000898E1
0003645F
0004660A
FFFACD80
00066FCE
FFFE6A0B
0002C948
0002BA6D
0002BC0A
FFFB3875
0007FFBF
0000859B
00013DF1
000720B1
00047449
FFFDF150
FFFE82B0
000562DB
00000878
FFF93FA8
000190C5
FFF584C1
FFFC8C3E
FFF93A76
FFF56AED
FFFCD1F1
FFF391EB
FFFA027C
FFFEB59F
FFFFDA64
00051CFD
00038DEF
0003DAFD
000408AB
FFF991EE
00029EB0
00041F5F
00082F93
FFFBE010
FFFE63F1
FFFD13A4
FFFDC409
FFFDE270
000932CB
FFF89794
FFFF4F7C
FFF930F1
00095657
FFFA63F6
000895EF
FFFEA1F0
00080295
000A7AB6
FFFA9C65
00064CDC
0000E781
0005BCCD
000105DE
00094169
0009FB26
00034080
0004EC5E
FFFED30F
00022DE2
00029A97
FFFE658E
FFFF497D
FFFF5AE8
FFF7EDDD
0007A243
FFFC9C1A
00039227
FFFD089C
00013167
FFFCEDA4
0003456E
FFFF2319
0007C4DA
FFFB69B6
FFFBE996
0003F06B
00026AF4
0000024E
0004EB5E
0006A316
0003081A
FFFA910B
00049A91
0000E58E
00053645
000194F9
FFFC93BA
000E0015
00083B80
00020CCB
000BB0F7
FFFE08C2
FFFA3E39
FFFAE6AB
00035D00
00042493
FFFD4808
FFFBB523
000051BD
0003F919
000059C2
FFFB4ABE
000394FB
000054D3
FFF96B8D
00053BA6
000299D3
0000021C
0000DE85
FFFB17B9
00046965
FFF85E7A
0005CA82
00032AC4
FFFAFB39
FFFAE1C6
FFFBFB67
FFFCDCDA
00052E15
0002B22D
0001AC75
0001D4F6
FFFDD3D7
FFFD1C74
FFF8EC1E
00022F15
00042C9B
00010B4E
FFFEC320
0009B1CD
000506D8
0004ADD8
FFFAD3B3
FFFD4EA6
0000D154
FFF847FB
00021D72
0005CBC8
FFFBC02D
FFFE2942
FFFCD0AF
FFF9A896
FFF9CF7C
FFFFB7C2
FFF72A3D
00057ABF
FFFE87CF
FFF977AE
FFFD2038
00034B6F
00026EFC
FFF9B01A
FFFB5F08
00032C3D
00023BA9
FFFE3B05
FFFA8B10
0002C61C
FFFE15C8
FFF9CEF8
00069235
0000DD4D
FFFF301C
FFFD1915
FFFC472B
FFFEE970
00057D17
0002B7C9
0005F148
00051CA5
0003F009
00023785
FFFD7FFF
FFF94EAE
00093DB6
0008BDAC
FFFBDE34
00031EC6
FFFF9EE0
FFFA6710
FFFE11EB
FFFA435C
0000F245
0004560E
0000EB22
0003711C
000457F1
FFFFF095
0004E30E
000050B0
FFFDB84C
FFFD13DB
00022826
0001AFC3
0002C9EC
FFF96D2C
0002D4BF
0005BF0C
FFFC5EB9
0000FBED
FFF8C5BB
FFFAE7D6
00042570
FFFE86B0
0003363E
00042153
000754B4
0003A998
00005D34
0001C282
00038555
000169E2
0004FCA8
FFFE7D2F
00028B9F
FFFB993C
FFFFF527
000081D7
000191B0
0001797F
FFFFCD94
FFFEA24D
FFFC22D9
FFFFEBFB
00036230
FFFAF272
00043F58
FFF9D9D5
0006410F
0001CD1D
FFFD9B9E
00021969
FFFF74CA
FFFD232A
00073718
0004CD38
0001414D
0006FAFF
0001A1D2
000324C1
FFFA0D85
FFFAD9F6
FFFC0AE9
FFF8BA6F
0004765B
000052F9
FFF90DC1
0000E33A
FFFC5E82
0003EF48
FFFB054C
FFFD73CA
0005692E
0003BEC3
FFFF04B0
FFFCF736
FFFF74A6
00025448
00072AB3
000A3874
0002229C
FFFF686F
000D0405
000589EA
0004EA3F
FFFD77FE
000AF9FE
FFFF31BE
FFF8D3C1
FFFCA729
FFFDCBDB
00071820
FFFEB3CF
FFFE8A2B
FFFCAFA9
00046974
00036940
00063578
FFFD5177
0005F436
FFFF9DA9
0003652B
00072863
000170E0
00058558
00004889
0007D27B
FFFD4EF0
00040070
000899A8
0006E871
0002D794
0005BBAA
0003F80E
FFFB7B70
FFF60E59
00014174
FFFA9B7F
FFFB4BB7
FFF7CD18
FFF80B4A
FFFD9B10
FFFE6E74
FFFF3070
FFFC26F1
000688C8
00093EFC
000618D1
00058A50
00057A6E
000271B9
00051837
FFFB1292
00063C18
0009766F
FFFAC4A4
FFF7FCB4
FFFFFA29
FFFF43CF
FFFE251E
FFFB026F
FFF9367A
FFFF09A4
000019ED
0008BB59
0009943B
0000312E
FFF7FBE2
FFFCE8A3
0002A272
FFFE4ED5
00022CE0
FFFD4B48
000280CB
0002A0D6
FFFF26FE
00088F4E
FFFDFA8B
0008F305
0004B9E0
FFFAB86F
00004CBB
FFFE4444
FFFCF026
0001D49C
FFFC88AD
FFFC3D21
FFF698FF
0006474D
0000E820
FFFC47E2
0000CA39
000B583C
0007B37B
00073FF2
FFFD5734
0003B678
00050563
0004D578
00019527
FFFFCF7F
00006C21
0000E4BC
00089213
FFFF7024
000451E2
00054BA7
00038FF8
00052E6A
0002DC19
0001165E
00080554
000425D3
FFFF8EEE
FFFF51B0
0001F58D
FFF7F30B
00033F05
FFF8F7A7
FFFE6582
FFFB9053
FFFBBDBF
FFFA185A
FFF8D0C4
FFFB2383
000A3661
0000D31E
0003B832
FFFC7771
000801B8
00081F37
000534E7
FFFF01EC
FFFE9371
000290BF
FFFBBA1D
FFFCA541
0005FFB2
000062B5
FFF8EF3C
FFFA6C33
0001795E
FFFE837F
FFFF7C6D
FFFB172A
FFFBDD89
0005E58E
FFFB948E
FFFD23A2
00019F8B
FFFA4681
FFF9502B
FFF48E12
FFF96A14
00020582
00014E99
FFFF82D0
FFF87292
0002EDCC
0001A81A
FFFD2DAA
0008E019
FFFB5B6D
FFFE7EF1
FFFC2DBF
00000A12
0002EA93
FFFDBEE8
00052126
0006C2AC
FFFAA0BC
FFF7FD81
0002D5E8
FFF4F7B9
FFF8E85A
FFF98C3B
FFF3F7B3
FFFECCA1
FFF7D358
000438D2
FFFAEF3B
FFF953A4
FFFCCA45
FFFF4AB2
FFFAF3B4
0001B53C
0005D699
FFFE57AD
FFF74622
FFFEA579
0002C348
FFF8E587
00001686
00027D29
FFFE3720
0004C107
0000DDB9
00072814
0004CF9C
FFF71ACB
FFFF0704
FFF70C64
FFFB35F5
FFF6C587
00068876
000B81D6
00024FE5
000297B0
00028872
000021B1
0004ACFE
000BE982
FFFEF487
0008B02B
FFFDBCBA
FFFEBFF3
FFFEDA5E
FFFEAF00
0004AB74
00052482
0001ACD5
FFFDC912
00051A51
00028B79
FFFA41A6
FFFB1BF5
0004E836
00021D61
0005DC7A
00068747
00027BE0
000402F0
0004D455
FFFFD7F8
00021F52
FFFE7D7C
FFFE0F8C
0000133F
FFFDD5C6
FFFCF2F5
FFFEEBBD
FFFB8B6D
0000564F
FFFBFE87
0002E8FC
000045FF
00016A14
FFF99DEB
00018011
FFFA4543
0002D390
00010FD9
00043A1F
0002333E
0006A442
000650AA
00021763
FFFCD04D
0003CAFB
0002DA01
FFFBC5A1
FFFBEB8C
00028D4F
FFFEEC83
000089AF
FFF9B812
FFF991F3
FFF9B8DA
00018944
00023506
00033796
00027E2D
00004827
FFFAEDFE
FFFD58B5
0009AE38
00043049
0000B162
0003A502
00022638
00041B49
00022853
00024C8E
FFFB670D
0000AD75
0002B725
0008A4AD
0001229A
00010AB9
00064869
0009D1F1
00007AEA
00077E2A
00047263
0009D732
FFFDC5E4
FFFFD813
FFFAC9C3
FFFE345B
FFFB92AC
FFFDBEC8
0003487F
00067CB7
000123C5
00060BF5
0003A36E
FFFE1BA9
FFFBB35B
FFFDDCC5
000260EF
00012F65
FFFF2AAD
FFFF7509
FFF734AE
FFFAB2B7
FFFD6A50
FFF85671
FFFBBF1C
FFFD6CDF
FFFF2FF4
FFFC1E18
0003854D
FFF9A761
000130C2
FFFF70D4
0002D39E
FFFB6495
FFFC0A31
FFFF76E5
FFFC76AA
00037C85
FFFDBAA1
00003D93
000541EE
00031EB8
00050887
0001A3D0
00009A41
000360D6
0002D4DD
000218FC
00054CD7
FFFF75F7
00028293
FFFC500F
000178F4
00035F90
0003142C
0000AE18
FFFCB4D8
00020CB8
FFFDF7F8
00014C50
FFFD82ED
00036138
000174FA
FFFCB5C2
FFF564E3
00018B58
FFFFFA9C
FFFEEAC6
00000B11
0009F79E
FFFB5D68
0002A8A8
00093147
0002D379
0000435F
FFFD2220
0001A800
000435EF
FFF8EFCD
0003DE18
0006037B
FFFFECF7
0003C2E8
000397FA
0000AF28
FFFF4B55
FFFFDE81
0001F6C7
FFFCA1F1
FFFCF047
0001E947
FFF8B22F
FFFB2F54
FFFB1A34
FFFED423
00030206
FFFE86A2
FFFB036E
FFFFFD8B
00057056
FFF9417B
FFFF05AC
FFFE805C
0003117A
0000E88D
0000CCDE
FFFDCB15
0005DD1E
FFFF17E5
00026ACC
00045E18
0005980A
00006687
00013CC3
FFFFAED5
FFFB789C
00080BDB
000634A1
0004D905
00026C83
00040B14
00043075
00016AD0
FFFFAD07
0002CBD9
000156BB
FFFA01AA
FFFEB963
FFF849ED
00001665
FFF99500
FFFA5D09
FFFDDF56
FFFF5A7F
FFFB1969
FFFA8443
FFFD4D4E
00021CE8
FFFF3950
FFFDBAF8
00017005
FFFEB610
0003C061
FFF98D7B
0000B458
000036E4
FFFCCBE7
0002495E
00073887
00059136
0004CD51
FFFE557B
0004F18C
FFFFF0A9
0005F017
FFFF849E
FFFD5C0D
00008E9E
FFFDC592
0004F6B1
FFFF30F1
0002BC0C
0002F572
000519B0
00073B4B
FFFD762A
00029A9D
0005FD15
FFFFDC65
00071DF2
FFFF9F9C
0000FE2E
0004A108
0005930A
00062003
FFFE087C
00065D52
FFF9B490
FFFFD564
00047202
0000AC13
FFFA57BD
0004E6FD
FFFDB4EE
00026FA7
00045533
FFFF673A
00040DEC
FFFE9685
FFFC0D73
00061457
00023DC6
FFFC7070
000160F1
0000EC26
00025140
00012A9F
000AEDA4
00085B79
00013BD5
00003930
0004A5D0
000071DE
0000D817
0003AE61
0002F919
0004F871
FFFF8990
00066CA0
00004A0A
0001D2EB
00022E28
FFFBADBA
FFF818A4
00015B81
000209F5
FFFB55F2
FFFCF63E
FFFDA718
0002E3FF
FFFD1BAE
00033255
00050BE8
FFFB975F
0000F8E3
FFFF8C63
00061B15
0000B0EA
FFFE6A55
FFFFE6B4
0004A7C9
FFFEF72B
FFFDEC80
00005645
000210E5
FFFE6E10
FFFF5DF2
FFFE7DED
FFFFC915
FFFC446E
FFFF5826
FFFFDE25
FFFE9A83
00018366
FFF9F3C9
0000FEE5
FFFD26DC
FFFDDA96
0002C0A2
FFFD5BC2
FFF9DDF1
0004157B
FFF5AEE1
0000BB19
FFFF05D7
00015F42
FFFB7C3C
FFFD4447
FFFEDA5E
FFF98A6E
FFF8DF54
0004AA75
FFFA91F0
FFFF28C5
0004A97D
FFFF2C61
00088111
0000227D
00080D35
FFFD563C
FFFD1A73
00027F7B
FFFEF330
FFFB8C92
FFFFE0D1
00016803
0000B205
000476E1
FFFF936B
00041B31
0004BA81
FFFF9895
FFFE3377
00040EA6
00039C52
FFFF99B4
FFFDCC75
FFFEF6CA
FFFE2B7C
00015384
FFFB3249
FFFD705C
FFFCD800
FFFF15C9
00055E66
0001325F
FFFEE4D4
FFFC0393
00024B11
FFFD9BDD
0001FC66
FFF9EFAC
FFFF9964
FFFB5337
FFF875DD
FFFAC0F7
FFFD12EB
FFFC7B87
FFFC312F
FFFF56D4
0001EBE1
FFFA5B21
FFF8CDC6
00036C5A
FFFC1EF6
FFFAC64C
FFFC2388
FFFE5873
0000CF9B
FFFE459D
FFFA0E20
FFFD2B93
0002CE7D
0003F541
FFFEC5BD
FFFCF568
000259EF
0000F4F0
0003626B
FFFAA5FC
FFFD6635
0000994A
FFFE94A2
FFFFAE13
00039BF8
FFFBEAE8
0003E551
00021CC4
FFFE65E5
00024481
FFFF4F9A
FFFA6940
FFFCB052
00017ADA
FFFF976D
FFFC755E
FFFF3D59
0002DF38
FFFF5F7C
FFFD1D4C
FFFED622
0002FD9F
000415A6
FFFE564A
FFFD2A7C
FFFC74E1
FFFCF478
FFFE6085
FFFEC9CC
FFFFAD03
FFFB6412
FFFE5C74
00002218
FFFD6EA1
FFFBBAE3
FFFB219C
FFFC921B
000395A0
0000EEB4
FFFE0265
FFF814F3
000389E5
000457D3
000382B7
FFFE5C11
0002C45A
00073CED
00008EA8
0005E605
00098745
FFFBA4B5
00008B2B
FFFD4283
FFFDD681
00022831
00015564
FFFE7734
FFFB8CFD
00079E80
FFFE9A1C
FFFF2218
FFF98B6A
FFFFCD53
FFFCDAEB
FFFE8AFC
FFFD53EE
0004F7A3
FFFF3F0A
FFFC7D74
0001CEEB
0002E3B5
FFFD6C8C
FFFEF994
00072B9D
00039A39
FFFAC4F1
FFFFA0AE
FFFBB014
00037943
FFFE9441
FFFBD989
FFFB3BDF
000222AB
FFFFD009
0002A76C
FFF9FF9A
FFFE532D
0000F023
000331C4
FFFF7857
00004E46
FFFBC2D7
00009806
FFFE167C
000242B4
FFFC9B85
FFF89E3C
0000D07B
FFFBB6CF
FFFF8FA9
000086BD
00063823
00001ECB
0004AF55
00034F53
FFFF907C
00020E05
0000D803
00033ECD
FFFCE384
00024268
0000C7B8
0004DA72
000239D1
FFFAA1AD
FFFB7D7F
0001C396
00074801
00001024
FFFF74C8
00049E55
FFFFEB8F
00020433
FFFD1466
0002B214
FFFDBB7D
00025EC8
0000573E
FFFD609D
00061855
FFFDAB6D
0007200D
FFFDE209
FFFDF32D
FFFBE75F
0004205F
00065F8A
00020133
0001AB79
00004EA8
0005058A
00005828
0003A479
00029BCB
00009CC5
00026AEE
FFFCE17B
000011D3
FFFDC52C
00007C07
FFFD052D
0000A854
FFFF0A6A
0003C54A
000462BD
00066E4C
FFFE6FD5
0002A17D
FFFCF814
0001D3BF
0005012C
FFFECFA7
00021FDC
00062631
FFFF1E6E
FFF9DCE4
FFFE0039
000D9D15
0003B1C1
FFFD070A
000A38E2
00085CE7
00007026
0001C62E
FFFDC6C9
000750A4
0004B34D
0002B73E
000376FA
000243B9
FFFB775F
FFF91A35
00032F1F
FFF17C47
000A8093
FFFFF3E1
FFFFCEAE
FFFF2F31
FFF8CE4F
000336E9
FFFA3963
0004451B
FFF79401
0008EE75
00000650
00023764
FFFB4F02
FFF88152
FFF80469
FFFF28F0
00028A60
FFF6E2DE
FFFEE91B
FFF3F83B
00028148
0002AD61
FFFD52DC
FFFBC0BD
FFFCAC8E
FFFC2974
FFF9F872
FFFA45B7
000039C0
FFF6632B
0005EA03
0007A069
FFF76D2A
0003931E
00014090
FFFD79ED
0008BD77
FFFB39AA
FFF55E7F
0000BDAE
000FB4CF
FFFB5D0D
00040ECB
FFFE3DDE
000847B0
FFFD57A6
0003B550
FFF9059E
FFF926D4
000620CE
FFF14AE0
FFFC078F
00011022
FFFBB7DB
FFFFE4C4
FFFC29B5
0001A399
FFFC0448
00019F4E
000A8BDA
FFFA1ACC
FFFA1291
FFFF1523
00085193
FFFF7081
FFFF61C0
00007444
000410C4
FFFE9501
00008DD7
FFF21C9C
0004C8C1
0004BF90
000146EC
FFF6C4DC
000212F8
0003FE50
FFFC5586
000124AD
FFFBEFF0
FFF78942
FFFEE7C2
000271BD
0008A8AF
0005620C
FFF1F808
FFFDDC4B
FFFC03D7
FFF9F4DE
FFFFE43D
FFFCA37E
0007E649
FFFE5E4F
00063575
FFF9A60F
FFFA41C2
00028150
0004BD62
0000E8FF
000770A8
FFF7AABB
FFFC0C88
FFFC8448
0002CDB4
00136ECD
FFFF32BA
00000B18
FFF6C124
FFF6975A
FFF8C76E
0001211B
FFF9AB4F
FFF60E5D
FFF501D5
00004F84
FFFF37A2
0004243E
FFFD77B6
FFFD1B34
FFF5D15E
FFF683A1
FFFEE22D
FFF55937
FFFE75A0
00010D6B
FFF7C3D4
FFFD29D6
FFFFB5B9
FFFECFB0
0006C09C
000587CA
000D3223
0000066B
000348D9
FFF7AA44
FFFEC904
000540D3
00025EE1
00001ECB
FFFDCFB2
FFFA518C
FFFD7807
00017433
00005D58
000063A0
0006CA35
0000C9F5
FFFFCBBE
000357A8
000390CD
0005B2EC
FFFD238D
FFF744D6
0007DDFE
0006B5E8
0006FCCF
0008218A
0006A718
FFFC11D8
00019ED8
FFF99288
00041BFE
0009047B
FFFD4162
FFFE7829
FFFC98FC
FFFB6EC3
00045AE6
FFF6803C
000573FC
00062B6B
FFFE6E0F
00015DBC
00054C63
00040887
FFFA350E
FFFF6996
FFFF636A
00027637
000128CD
0005A1F8
FFFC84F9
00063F0F
000273FE
00019DDF
0007A1EF
FFFD083F
FFFDDF7E
0005309B
000822FB
FFF361D0
000123E4
FFF81A54
FFFE5CFA
FFFC3EF3
0003BBE1
FFFF3625
FFFC58C2
00008F03
0000A4A9
FFFC94A0
FFFECE69
0006145D
0005B4D0
000810F7
FFF41C88
0006AD9A
FFF9CA9F
FFFD846B
0000FC55
FFFC5D8D
00050837
000DE139
FFF62968
FFF8DA54
FFF86FB6
0006A51F
0002397A
00081890
000A2BD2
FFFAC629
00029D38
FFF2170A
0000426F
FFFCCCAD
0003E13E
00066502
FFFDC91E
0009A986
FFFBB33C
FFFB4D84
FFFBBDC5
FFFCFA55
FFFE2679
FFF8BE8F
0003F103
FFFB1C9E
FFFB2DE8
000072FC
FFFDE355
00052230
0000DD40
FFFA588A
00028713
FFFE138F
0007CB0A
FFFA9DC2
FFFFF247
00052CAB
FFFFE209
FFFBE556
FFFCF8B4
0007B8EA
0007106F
00031509
0003F84A
FFFF458D
FFFFACFA
FFF9CCA7
0005DDF2
FFFAB0D9
0002BDE0
FFFF4104
FFFA832B
FFF61F04
FFFB86B9
000218C3
FFFEF781
FFFE551F
FFFD75CF
0001BEFD
FFFF6C31
FFFF7B98
FFF93970
000493D9
FFF471B3
0008074F
00027D96
0001BBBE
FFFD7815
FFFE7D9E
FFF5CFD6
FFFAF3A7
0002636F
FFF4501B
FFFC2121
FFF88167
00074827
0007FB8B
FFFCF718
FFF5F5FD
FFF81D1B
FFFF5A0C
FFFCEAA0
FFFA0D81
FFF722F5
00025E06
FFFEFA1F
FFFD3E3E
000441A7
FFFE5149
FFF652CC
FFFAAF82
FFF9CC3D
00019BFA
0001EC8F
FFFC2A2E
0002BCF8
FFFB1B52
FFFBE049
FFFD7934
0001476D
00066AD0
0008833B
FFFC7E04
FFFFA74E
FFFA2228
FFFD07AD
FFFDE1A4
00018E65
FFF77A32
FFFF2148
FFFCE4C9
FFF94F0B
FFFE88A5
FFF6307B
FFFAC5AD
FFFDB879
0000D403
000074A7
FFFAEC52
FFF03645
FFFBE7FA
FFFD60FF
000316C2
FFFA7CB1
0007FD79
FFFCD2B2
FFFEB701
0002D97A
FFFC4D13
FFF71053
FFF61C13
FFFBE67D
000166BD
00042688
00094C78
0007EE41
FFFB93BB
0002A5AF
FFF68A38
0006CA31
00050E2D
000A8F5C
000143E0
0003F6F6
0005CA79
FFFF6E20
000389C6
00068853
FFFA3D76
FFFD789E
FFF753CF
FFFCCE8D
FFFC67E3
000C5977
0000EE45
000356DC
00067393
000286A3
FFFF30C5
00094AC8
FFF92AED
FFFC4573
FFF62A76
0003D2F2
00048ECF
0002E09A
0001CB47
FFFDEFAA
00025E2D
000704BB
00060C7E
000BA5D2
00029DB5
0005B6E2
0003517C
FFF94E19
FFF96B37
00038568
FFF33ED5
FFFA87AD
000EC84B
FFFA22FA
00002430
FFF7C9D1
0003E22F
00078AB1
0002DD2D
FFFED1D1
00038B97
FFFDCD60
0007A021
FFFBAD69
00090779
FFFF2851
00044502
000523A9
FFFF1350
000ED886
000116B5
FFFFBC2D
FFF4E072
0000C94D
FFF5DB1D
0008957D
0008BB72
FFFE96D4
0005C0DD
00067110
FFFA8EE5
000480D2
0000171C
00074D1E
FFFE2053
FFFB7EE2
0007E8E3
FFF994EF
001371C6
FFFED846
0005C13C
FFFD535F
000376F0
0002865F
FFFF53EC
000990FA
000BF087
0001B6BD
FFF924EF
00045E91
FFFE8DB8
000A73B1
00030ABA
FFFD7E02
FFF96458
FFFBF8E0
FFFCFC40
FFFC4203
0007701B
0008F282
00011555
FFFB0244
FFFE6984
FFFAEE1C
FFF64278
FFFDCCE6
0006638F
0003B0E4
0000A6CD
0005C3B9
0008BC1B
000D6BFC
000AD93A
0008DCC5
00058C55
FFFAF9C3
0005FE25
FFFCE4CF
FFFE9EB8
000059EB
0000229C
00091C79
00099575
FFEF5779
00111BE4
FFF8A137
000B7BBD
FFFBEBF4
FFF774F2
FFF8A541
0002DBD7
0005EAAE
FFFD6889
FFF7407F
FFFC9533
FFFD62A1
FFFD7DD1
FFFD080B
000A0502
00097727
000373DC
000343B3
FFFCB5D6
000838DE
FFF678B0
FFFF95D0
FFF57FF3
FFFA91DC
0007C482
FFFF2671
000E8D49
0004A346
FFFEE148
FFFDF83E
00013819
FFFA5712
00094B60
0004E709
00009A53
FFFFC378
0004462F
00025F13
00099E66
FFF6D8E1
FFFBD956
FFEF8A8E
FFFF8AD7
FFF4E80B
0001AA28
FFF4D454
FFFCF1E9
FFFA4707
000041D3
0003A33B
FFF5991C
000DBCD3
0004DA0A
000781D5
00086DD9
000523A3
FFF29FDF
FFFD426E
0004E977
000392B6
0003866C
FFFE28EF
0006FC0F
FFF5AF25
0007B53E
FFFEBDB4
FFFB991A
0000B3F1
00004A6C
000F2F09
FFF6EA7E
0005EADA
FFF2AEDF
FFFE4AFE
00019452
0002FDF2
FFF7D3FF
FFFF6BF0
FFFEFDD8
FFFF185D
FFFA5A23
FFFB8FAC
0000BCE9
0001772E
0002EA56
FFFE001B
FFFCA144
00039513
00024DA3
0009B15C
FFFD6D15
0006C3A7
FFFEE5ED
FFF96458
00002D8F
00029DC1
000B8F9D
FFFFDC38
FFFCABA0
00053D2C
00093F0C
FFFC9AFC
00007CC1
0002EA66
FFFB5766
FFFD3789
FFF6BB2F
FFFD4533
0007B5A2
00020472
FFFB1BA9
00032B1E
000324AB
FFFE593C
0007BA06
FFFE176D
FFFCADEF
0004CACE
FFFEE71E
0006DA49
FFFC8A19
00050751
FFFE6787
0009699A
FFFF3473
FFFEBD12
00003F49
FFFD69FC
0006966F
0005F32A
0001EBEC
00064347
00026E64
FFFDDBDF
0001F8B8
0002057E
00040A34
0007F5E9
0009C7B8
0004625E
00044FD1
FFFFE117
FFFCE36B
0003EE3B
0001907A
FFFC337F
00051867
000091FE
FFFF438D
FFFABFCF
FFFFD276
0000AF9C
0001B6F0
FFFF03AA
FFFA76F5
FFFE2D4C
FFFF1828
FFF9D7C2
00000082
FFF5D0F0
0000B146
FFFA970E
0006F380
FFF984D1
FFFD5E5A
0001997F
FFFEE6B0
FFFE9D54
00036CB4
00004EF2
0000AB9B
FFFCF530
FFF95FBA
FFFE8D50
FFFF4EEE
00022454
0006233D
FFFCF750
FFFE2B08
FFFF2813
FFFEBE8D
00085135
00032A0B
FFFD6D8C
0002F5D1
000436E1
0006144C
FFFF7C6A
0001DE55
00019923
FFFFD93E
FFFE346E
FFFB9DD7
FFFCA47B
00031C2D
FFFFC6ED
FFF8EEAD
FFF50EB3
FFF99A53
00023AAF
FFFC32BE
FFFB6BB7
FFFD2DAA
FFFF4F42
FFFAD915
00050F52
FFF8FE6C
00002FE1
FFF86503
FFFF0674
FFF6D7A9
000294B4
0006015A
00029313
FFFC7FEF
FFFF604D
00049F1A
FFFEE16E
00032FF4
FFFDE338
FFFF7121
FFF4A7EC
FFF97236
FFFCAF4F
FFF48068
0000F934
000047BE
0002558E
FFFE7285
00083B4F
FFFF41E2
FFF8121F
FFFBA5D7
00000F83
FFFD55DF
00023D16
00000348
FFF95119
000014B7
00076AEA
0005AAC5
FFFB6FFD
0000F585
0007D391
0005A98C
FFFD806B
000043D5
FFFFB44F
FFFF1DA6
FFFA2DF4
0000169B
0000EA6E
FFFF4D68
FFFDEA74
FFFDD755
FFF9C891
00073D1F
00050DAD
FFFF1366
000487A5
FFFDE8FC
FFFDE91F
0000EDED
0000704D
FFFE9A57
0005D04B
0001A387
0004D9CF
0006ECF2
FFFE2275
FFFE1657
0005294A
FFFCA741
00061789
0000EAC1
FFFAB104
FFF95380
0004630A
FFFD7A96
FFFC40AA
0004B088
0003FB67
FFF91BC3
FFFC3EC8
0006E987
FFFE83E8
FFFDD245
00055708
FFFD3661
00002E3B
FFFBC342
0002E854
0002C5D8
FFFC4D37
000382E5
000B3BC1
00040C88
0003FA24
000404B5
0005F366
00029497
00084BE7
00000AB6
FFFDECCA
00037A3D
0006559E
FFFE1734
0007368B
00037A3E
FFFEF45B
00004274
FFFE1887
00000B53
FFF8AAB5
FFFB7B38
000464E4
000057E9
FFFF1E80
00033181
FFFFFCD8
0002E49A
FFFDDE5C
FFFBE880
FFFF9599
00046452
FFFBA376
00007CDB
0002E613
FFFBBC74
0001B38B
FFF91642
FFF492E2
FFFC61A4
FFFC5A67
FFFEEAA0
FFFB3B23
0005C9C5
FFF723FB
0000ED4B
00040751
00032989
0000DB1A
0003ED71
0001EB0E
000237DB
FFF8FD8C
FFFE07EB
00083E0C
FFFDCA8D
00022109
00044AA7
00018D22
FFFC226C
FFFF3A9B
0002CA58
FFFE8113
00008438
0005F9EA
FFFF6E2E
0006046A
00020970
FFFEEC01
FFF9128C
000614E6
FFFC7A54
FFFE8502
000389E0
0007AF97
00058446
0006D4F5
0005539C
00036F24
FFFAC5EF
FFFB5977
FFFF2086
0002E59F
0006CCC1
FFFEA2A8
FFF850CB
000490A3
FFFE8832
0003AE5F
00020D06
FFFE8107
FFFD9B24
0001A4E7
FFFB67A1
FFFB0837
00023D02
FFF98B2D
00061F9C
0000D8D1
00040210
00043B79
000069D2
FFFECC8E
00027F21
0006E85B
000260B1
FFFDAE3B
FFFB5764
FFFBF947
FFFD016D
0003A441
FFFDBD91
FFFBC80A
00029160
FFFD0E8C
FFFF3639
0002914C
FFFBE4B3
00015072
FFF95F3C
0001680F
00007477
FFF9F82C
0005045D
000040B4
0001BE56
00024FAE
00003594
FFFDC382
FFFA6DEB
FFF95622
0006B35D
0006FC5C
FFFDBD23
FFFC9392
FFFD2F29
0005252E
0000E3B8
0005ACF7
0005339E
00010D2C
FFFC8CA8
00057B03
FFFFAB9F
0008D430
FFFC4BA4
00025EB5
0004A7CF
FFFB2534
FFFCBBC7
FFFD0274
FFFE4243
00053B78
00035719
0002F80A
FFFC0EB2
00039FF4
00061F95
FFFF8FAE
0003EB63
FFF9C4EC
000743BC
0002DC48
0004D545
00054A8B
00003BD1
0009F01D
FFFF4A6A
0000C04D
00054575
FFFD1DA0
FFF7949E
FFFEA60E
0002DDE0
FFF9597F
00016DAE
00063D2C
0001FE6E
FFFF5DF6
FFFC15E9
FFF97C99
0007F49D
FFFBD714
00082131
0005672B
0003EE6E
0003D232
00016577
00070575
0002F845
000394E8
FFFF41F8
00032521
FFFCE8D7
0001DF6F
FFFF6815
00073FD6
FFFAE3F2
0009747D
FFFCD609
FFFE6077
FFFCAC5A
00086ADB
0003B089
00061692
00004833
00008519
FFFE07F9
00037BB8
000243F9
00015DD9
FFFD13D1
0000EBFE
0000C7EC
000864C4
00017AB3
FFFFC412
FFFBB7C4
0003FCF9
000808F8
FFFDB389
FFFD665F
FFFB3B91
00012B4D
FFFF53C0
FFFEEF10
0004036E
FFF969E2
FFFEC794
0005D9CE
FFFFD57B
000762EC
00063846
0002AA25
00024C8F
FFFCD065
00007DDE
FFF86047
000826BC
FFFCC9B7
00068086
FFFDC44E
FFFC4A67
FFFCF7E9
00059D12
00011AE4
FFFC9280
FFFC7038
00058999
FFFD6F06
FFFE1282
00049101
FFFEFD58
FFFE89CD
FFFA27D4
0005EFB5
0003DB63
000263E3
FFFE9BF5
00058D99
00059079
0001B734
FFFA43DF
00076ECB
FFFB81B1
FFFB671B
FFFBE6DF
FFFEED9C
FFFF8299
FFF6B265
0002AC12
00048999
FFF8EB29
FFFB6C56
FFFB850A
FFFF9718
0001055B
000257AB
000454D9
FFFE2903
00054813
FFFEB554
0003AF91
FFFA1990
FFFA92C8
FFFAC36D
FFFB1B79
00057A33
FFFE4F75
FFFF4880
00010F18
000658B4
FFFEED56
FFFCADDF
FFFD597D
FFF84FF2
FFFF6C54
0002F8CF
00021396
00049521
FFFC5014
FFFDF2E3
000307DB
0003E07F
0002D764
FFFD619D
FFFBEAA8
0003830E
FFFD8AF3
00003009
0000CECF
00064AB4
FFFEF79F
0003C5F1
FFFC74A0
FFFE8C36
FFFCBCF3
000604C2
00068269
FFFC08B1
FFFC6CB7
FFFA9DDF
FFFFDA30
FFF97125
00005030
FFF843C9
FFFDB703
000080BD
FFFD8F8F
FFFD7D4E
0004B5E9
FFFF7AF1
00038C2E
FFF95902
FFFCDA1C
FFFADC52
0000D122
FFFF18DE
FFFBDF92
00016F49
00007790
FFFAF158
000763F4
FFF92851
000234AA
0000A991
FFFE6D59
FFFD0249
0000C907
FFFDEB97
FFF643C7
0000737C
FFF8DABA
FFF25CF2
FFFD58FB
0001AA9A
00025A0A
FFF76262
FFF90B61
FFFE8A50
FFFA5474
FFFECEAC
FFFC57D7
FFFF60A9
00059E9E
FFFC0851
00041900
FFFEA60F
00040F95
FFFF86B4
0002BA99
FFFC5543
FFFB829E
FFFFFBBD
00040D0C
000111B9
000919A4
00075C86
0005E303
00042B89
FFFA497A
0005CC71
0004E5AC
0003B340
0003478D
FFFF1D8D
FFFE27ED
FFFC0711
0000C76E
00071A40
FFFCFBDF
FFFF98B0
00000339
0005D412
00041E13
FFFF1028
FFF9C2A8
FFFD215C
00001DD2
0000C49C
FFFD86A3
FFFC447C
000048F9
FFF8EEE3
000553DD
FFFB1B4B
FFFEC678
000B5D10
000617C4
000B4599
000167A5
000C3A73
0000260F
FFFFE00E
000756FD
0001939C
00010B09
FFF9930A
FFFF1C47
00024934
FFF9AFE4
00006F87
0006AFE6
FFFB01C1
FFFECEF1
FFFF88F2
FFF5400B
0007F416
FFFE80D4
FFFAE205
0005D38F
00074FBA
00046254
000759E3
FFFD702A
0001B8F1
0003D7A6
0004A812
FFFBA7CA
000779EE
FFFA73E0
00053E33
00016724
00063081
00018DD2
00029C25
000883B8
00084937
FFFFFB81
00058BDF
000178AC
FFFDE2B6
FFF9BDAC
0002FD8E
FFFB66E0
FFFA7567
FFFC2923
FFF92C19
FFFD7325
FFFD0032
FFF89BF5
FFFF12C3
00000D65
0000547B
FFFA894F
FFFDCC5D
FFFC7F4D
0001AADE
FFF75383
00019AD5
FFFD8124
FFF724AF
FFFE39F4
0007ED6F
0002D4FD
000A375C
FFF6E96F
FFFE8A55
0001DF43
FFFCF057
000848BC
0007AFDC
0004C09B
00076B2B
00025557
FFF7C596
FFF6ADD1
0006F6F2
FFFDF38A
FFFCD126
000290C3
FFF5DEB8
FFFC30AE
FFF941B6
000719BF
FFFEEEB8
00051BFB
FFFEC2B4
000AE52D
000315BA
0007BC70
FFFD50D5
FFFC4743
000609BB
00025170
FFF93530
0006F7E1
0007E18B
FFFBDF42
FFFCF3D4
FFFCC2EF
000509BA
0001D93A
00003326
0003608E
FFFAAEC1
FFF7AF5C
0001166E
FFFF73A8
FFFBAE7C
FFFF76F8
FFFE524B
0003D4EF
0002CB4A
FFFB4462
000B898B
FFFBF091
FFFC96AD
FFFB8900
00001F12
FFF0138E
0003E25D
00059A70
FFF3A032
00023679
00004F48
0001C39D
FFFC3852
FFF655E9
FFF6D04C
000010DF
FFF57386
FFF7DB0E
FFFC0A3D
FFF890B7
FFFC27B8
FFFA672F
FFF54BA9
0009868A
0003D61C
FFFEE9F9
00092CB2
00033F35
0008CAAB
FFFA4FBD
00011A60
FFFEABA0
FFF9780D
FFFC61E1
FFF94D2D
00054DF9
FFFAB28E
000BEA93
00024F37
FFFDE971
FFFE4716
FFF85A90
FFFB28C8
FFFAF07E
FFF94919
0005BA02
0005897A
0005B347
FFFD99F1
FFFA4D5A
FFFDC7D9
FFFB2CFB
0004ACAB
0003678D
00066C0C
FFFF71DC
00092025
FFFE67F7
FFFFCA2F
FFFCDADF
FFF9BBE4
FFF78464
FFFC97B9
00005196
0005975E
0000EFC2
000135A7
000096BE
FFF8A5D7
FFF82FAD
000876FC
FFF45D1D
FFFF0634
FFFC1DDC
FFFC7110
0001EE2E
FFF8F09B
FFFFC2BC
0000BA14
0005702E
FFFA5EA2
FFFE4AF8
FFFFC091
FFF8F283
00019BB5
FFF7AB86
FFF6145E
FFFCF6D1
0000ACC1
FFFCEFC6
FFFB29BF
FFF555A8
00046D5B
FFFD4D75
FFFB6050
00024838
FFFF89D0
FFF80DFD
FFF8559C
0004B7D3
FFFE28FA
FFFE3C94
FFF9CE5F
FFFA4C01
FFF84A80
FFFB84A0
00068045
FFFCFE78
FFFC00FD
FFFBE4EF
FFFEA03C
FFFF8B7D
FFFDD1AA
00033925
0002150A
FFF83AFA
FFFBC646
FFF930B1
FFF9DE22
FFF66F90
0000098A
FFFA4703
0004ABC2
0000D43A
000250B8
FFFB3BA8
FFF9B798
FFFC4166
FFFEF765
FFF8DF2C
0005207E
FFFD4256
FFFE89E5
00013750
00074300
000446EB
FFFBBDDC
0002133F
00033C03
FFFD8D27
FFF580DB
0001A74C
FFFEC3AE
FFF9D448
00045EDD
00034722
0007F58A
0004C544
FFFF73F1
0002A007
00059F02
FFFFB4BD
000285DB
000221D0
0000B07F
FFFB7759
FFF6A479
FFFA1956
FFFE1C7E
FFFAA246
00004C75
FFFA85B6
0003F4D1
FFFFBBA9
FFFC3815
FFFD7B81
FFFEFF34
000433CD
000EE052
FFFF236A
00090044
000B103F
000337BC
00064266
FFFE8EE8
000694E2
00096AC0
FFFD4395
FFF7CF76
000949BE
FFF7F514
FFFE0D95
FFFD6386
0001B4D5
0008CFF9
00037209
000483FB
000A0392
FFFAF010
0004C271
0009A4D4
0001B3C6
00047EFF
000517F9
FFFECCDF
FFF60209
FFFFD3E5
0004DB8E
0001BDBD
FFFEDD4A
FFFFD81B
FFFEABE7
0000D1A9
FFF95029
FFFE617B
0007742B
0002FC60
FFFF6ABF
00067976
00002B47
0005D1ED
FFFC9C71
000490ED
00008426
FFF9FAAC
FFF80DF3
00004326
FFFED24A
FFFA163B
0003A61E
00033BFA
FFFD2438
00041D28
FFF8CCBB
0002CD84
0000B1FD
FFFB0A2D
00051B92
00030587
FFFFA7AE
FFFC30BC
00091146
FFF40D60
00004A73
00044C15
FFF92572
0001F896
00052429
000823D0
FFFDB0F7
FFFC358B
000305C8
0001A900
FFFB9ED3
FFFA29E9
FFF9E9FB
0002A93E
00029803
FFFFEEB6
FFF67F2B
0005FB0A
0006B909
FFFEC5C8
0001ED51
000178C7
00028A04
FFFF705E
0000DB97
00017E3B
0000E116
FFFE7D52
0008C7B8
0003CBF8
00031777
0001D804
FFF7D3FA
0000BB98
FFFEFA02
FFFDD40C
FFFD1CF4
FFF954FD
FFFE8340
FFFC54E9
0009B274
0005CC43
FFF56ECE
FFF8DDE9
FFF7ABEA
FFFF2D63
0001F827
FFF9CCCD
FFFC984E
FFFD7863
FFFC1482
FFFD7050
FFFC4620
00005D47
00099116
FFFD669E
FFFF6C73
0001C5CE
000418CA
00004B80
FFFA960B
FFFB43F8
00021002
0002B0F9
00014372
FFFB8114
00010BEC
FFFCD313
00045BF0
FFFE0DBE
FFFA0222
00068DF1
0000FADA
00000788
00018455
FFFD0345
00094BE7
FFFA642E
000565A0
FFFB4DD8
00034B1A
FFF82C58
000312B1
0008ECBD
FFFC5277
0002BA30
FFFE777E
000527EC
FFFFFC2E
000B37D4
0006135D
FFFCDAE5
0007CB4F
00091A12
FFFA0A49
FFFF477E
00036143
FFF88B9C
FFF8A6E9
FFFBDEC9
FFF593AA
000382E3
000665D7
00026962
FFF9B85E
FFFD52BE
00084D78
0009B416
0007B576
FFF8C9A8
0009DED8
000359A4
FFFF2907
0000475B
FFFE075A
FFF25118
FFFF5748
FFFA9916
FFF8B9C5
FFFE7E47
FFF80E54
FFFF627C
FFFDF935
00014AB0
FFFBA6D0
0005391F
FFFD7712
0003B975
FFFA5287
FFFC9096
00002151
FFF99CC4
FFFCA3B9
000100D4
000750EA
FFF6BDBF
FFF7283D
00047075
00044EA0
00009C94
FFFBCDEF
FFFDFEDC
FFFE1ED8
FFFFF29A
FFF92FE9
FFF4BE62
00044850
000320FB
FFFF7639
00079883
FFFDA501
0005071A
FFFDB439
FFFBF9F8
FFF8FCA7
0001A991
FFFCFEB0
FFF7855B
0001B097
000029DE
0003AAAF
0003A6B9
FFFD2E4D
FFFDFD61
000B1552
0003EE4A
FFF8CB8A
FFFEF459
FFF88B15
000638CD
0004110B
0000BE2B
0005CD04
FFF9F3BE
00020D65
00094212
FFFC6E05
FFFC692D
FFF99EFF
00011650
FFFDA068
000532DC
FFFEFE41
000432D8
0007C3E1
FFFD2C45
0002F384
FFFD8350
00021AE3
00077316
00065836
FFFBACEF
FFFFD00C
00070085
00004ED8
0000E5B5
FFFFE635
00030EAA
FFF8AF7C
0004CCE6
FFFFE3DB
FFFFF4B1
00012A91
0001F566
0001C770
FFFD87AE
0004AE63
FFFAC982
0002B186
FFFE5203
FFFE6607
FFF64E28
000005F1
FFF903BC
FFFCD3A2
FFFD4500
FFFCBC12
00003859
0003606E
FFFC860C
FFFD6464
FFFB19A5
FFFD91B3
00033614
000B2143
000347EE
0004A7A0
000400D1
FFFB7E7A
0002196E
FFFF2A72
00004C48
FFFED8BE
FFF81D86
FFFFFA70
FFFA6E70
FFFD14E2
000271CC
FFFE8EE1
00074F1F
FFFF3FF0
0002A306
FFFEFFB9
000395D1
0000CA8A
000588AD
0001244D
FFFA1655
000188B3
0004D8F5
FFF86803
FFF861A6
FFFE00FD
FFFEDC07
00025430
0002870E
FFF6699A
FFFD03E7
00004EEB
FFF8C074
000595F0
00029C93
00019268
FFF93B43
0003BBD5
FFF626CD
FFF84297
FFFD7C2D
FFF80DCA
FFFDC76D
FFFAE33E
FFF91AE4
0000AB57
FFFBD7B6
00054F9D
0005FCAB
FFF660A9
000808FE
00086AC4
FFFE3914
000453F7
0002143D
FFF6DDEA
FFFFEF36
00035F7C
00050DA7
FFFE8CE1
FFFE2184
00043196
000A06AB
0002BAFE
FFFC06A0
FFFB70EE
0000E50C
000A8A90
0001CFAC
FFFE7C97
0001BA9E
00044D7A
00088CFE
000B65C0
FFFF9DB1
FFF97677
000501E3
0002B036
00063C3A
FFFC2576
FFFDAB22
0001D467
FFFEE2CE
FFF95C9D
FFF99544
00023E29
00005AB4
FFFE3335
FFFC18E1
0006751D
FFFD2A49
FFFCF366
00056B55
000647D3
000120AA
00075885
FFFCE686
FFFB64CA
FFF7B70C
FFFCB84F
FFFF93DC
00044176
FFFCFB74
FFFE7205
FFF60491
FFFCCD3D
0004D51D
FFF6E27B
FFF971A5
000287BC
FFF2A3C2
0003FA8A
00044787
0002994E
FFFE74FE
FFFBA1F5
000C3A8C
0000D129
00026776
FFFCFBEC
FFFE516C
0001DE1D
0002E6F0
000421E5
00011207
00007B54
FFFB0589
000084EC
FFF803F8
000455BF
FFFA65B5
0000258F
FFF91202
FFF80B6B
0001D94A
0000DB65
FFFF2006
FFFABBB7
FFF85903
00066025
00026A70
FFF6B069
0005B7AF
FFFB8809
00034652
00060F1F
FFFBE3F5
FFFBEC34
0001D92A
FFFD6D1A
FFF9ED74
00034576
00064D73
00040B6E
FFFF9013
FFFFBA8C
000795D8
FFFC6D00
0004D0D1
FFFB7BAD
FFF73AB3
FFFEE54B
FFFCBC8B
FFFD840E
00082569
00005607
FFF64BBF
FFF7657F
0000FE54
FFFD735A
FFFD193E
FFFC384D
FFF9D753
FFFF33E6
FFFAC894
000084BE
0004C983
000013E5
FFFC700E
FFFC0EA3
FFFF7AD9
FFFE38CE
FFFF6EEE
FFFB09A4
000172C5
0003835F
0008B6A1
FFFA872D
FFFE592C
000062CC
FFF7DA93
FFFD852A
FFF757EB
00023C17
00063A5E
00045574
FFFF027C
000CAE49
FFFC3E6F
0004BF1B
00022E25
FFFD69C8
00009707
FFFBB5C9
00018576
FFFD725A
0007F4FF
FFFC200B
0004DBD7
FFF7FBD9
0001204E
FFFF77C3
FFFAED16
FFFC7CA3
FFFA7745
FFFE83D6
FFFA3A78
00085E7B
00026BC9
FFFE8DD0
FFFFAB41
0005020A
0004AF83
0003C007
FFFF3051
FFFE93E8
FFF8E471
00006C62
FFFA69C9
FFF5DA72
FFF69AF0
FFFCBBB6
FFFE41B6
0001DFCB
FFFB7517
FFFB7AD1
FFFDFBEA
FFFAAF38
00000D97
FFFEFFFB
000531AF
FFFD989D
00053E5B
0000A99C
FFFC76D5
FFFC3929
00052068
FFFF1FD9
FFFE7BF9
0007A963
FFFFA661
0007FCFB
0004BC01
00041283
00030478
000236BF
000212CC
FFFCABB2
0002310F
0004E4ED
000064A8
0006778C
FFFF2F93
FFFC10D5
0003697D
FFFDC500
00058E9F
0000EC6B
0007C40E
FFFDE5CA
00000430
FFFC3BE5
00034BA0
0000C7C2
FFFAFCB1
FFFFF956
0006DDE5
0002CD2D
FFFE335A
FFFDE504
000194B2
000509FC
0003B4CF
FFFD6788
000613A3
0002B9FD
FFFBCB42
00042A6D
FFF7ECEB
FFFEAAFB
FFFD0A47
0002481D
0003B4D0
00028E78
FFF9256D
FFFC74D4
FFFE09C1
0000E4B9
FFF8A1AC
FFFD68B8
0005F2FD
000A7309
00088F93
FFF7E5FA
FFFD74B7
FFFB9904
000883F5
00086A1E
FFFB0841
00005EB8
0000F398
0003243C
FFFB59A5
FFFFCC22
FFFBFB9B
00091FA5
00021076
000071E5
0001C1CD
0005AF8C
000A4EE6
0004D098
000205AC
00003017
FFFDAB06
FFF9241D
FFFB0EF8
FFFB9F8E
00031F1F
FFF8BA98
FFF93C8A
0001D9A6
FFFE8750
FFFF794E
FFF94937
FFFE4622
0005918A
FFFBEB58
FFFF4F50
00016B58
000317E9
FFFF2356
FFFFEA38
FFFF6F20
FFFFA30C
00013881
FFFA1616
000731A5
FFFA5E5E
0002A7E6
FFFA37DE
FFF59A32
0004B13A
00085445
0006E2B5
FFFF74D7
FFFC82FD
00033ACF
0007ADE2
00005381
0003818F
FFFC6A9B
FFFE2DCF
FFFE7D48
00016863
0005BFAE
000AA481
00031637
000457FE
FFF6951C
FFFE40BF
FFFD42CD
FFFA209A
FFFF8781
FFFDBA6D
FFFB7A67
FFFE19CA
FFFAF7A1
00027B15
00007EF5
000121AF
FFFBA2EE
FFFA79BA
0000BBA3
FFFE5087
FFFD4598
0008EBC8
FFFDE1DB
FFF77919
00093DF0
00045A07
FFF98E4D
FFFCF81E
FFFD077C
0001D234
0001C7AE
00047E51
FFF92CFB
FFFC6280
FFFF4A51
0002DD70
FFFD637B
000A66AF
FFFC6E0A
FFF9DBCE
000086A5
0004360E
00042A79
0002F097
000AB48F
000AD62A
FFFE7ECE
FFFEEA9E
000CF576
000425BA
0004FA39
00033679
000518F2
0000C44D
0006CE01
FFFD9426
FFFD7C8E
FFFF18FE
0001DB8E
FFFB03E8
FFFF076A
00021DC7
00065550
FFFF7ECF
0001BF0F
FFFA3B81
FFFADEE5
0001A9DE
FFFBD883
FFFB2789
FFF9BFC9
0002DB62
0004E49B
0006641E
0003ACCB
FFFFF28C
FFFF9179
00002ABA
FFF957A6
FFFBD17D
FFF4B465
FFFE2886
FFFD578B
FFF9E0D0
FFF8260E
0000F208
000348CB
000250AE
FFFFFF40
00028B89
0006FFD5
0004E0F8
0008146D
FFFB6EE5
000A66E2
0004362F
00080B26
0003C64D
FFFC8B64
FFFE7F22
0005B04B
FFFEC83E
FFFCF841
FFF9F2C0
FFFC0B19
0000EFC7
FFFCB0DB
FFFA88BA
00026A05
FFF90693
FFFB3E70
FFFD8FBD
FFFC88F7
0002544A
00016789
000299CD
00033B7F
00029590
0001FF7B
FFF836F3
0001DF44
000A5650
00047204
0004E1DF
00038C67
00000688
000BE54A
FFFF8272
0001CA57
0001E979
0002CA7D
0006968C
FFFB99CB
0001BE24
FFFC6F11
FFFE85D7
0001679B
00082631
FFFFACB5
FFFFA6E7
000240AD
FFFA2A1B
00004F25
00009EBE
FFF7EE74
FFFFDF4D
0004ECE9
0007B8F2
FFFBB5CB
000512AD
FFF8C285
0005F9E6
FFFFA038
FFFC813A
0003005E
FFF9BE64
00047E10
FFF96C5D
00075B3F
FFFB1FD1
FFFFC557
FFFC410A
000A0947
000A1320
0006D974
00017231
00014B86
0003D2A4
FFFC39DA
000800A2
FFFF1034
FFFD152D
000060FF
0004EA9F
FFF8EB93
FFFEC674
FFF7ADE0
00016C30
FFF6A4F1
FFFD535E
000037D4
00023C34
00010D69
FFFB06F5
FFFC26E3
FFFB6A99
FFF5218F
000216B7
FFFDE9F8
00021620
0001F688
0002A7CA
00004076
FFFE9E41
00051787
FFFDA423
0005F73D
00022AB6
FFFFDBBA
00044DBB
FFF983D7
FFF83822
FFFD9783
FFFA2F45
00006939
FFFE7914
FFFAAD4E
FFFC6CF4
FFFF61DD
0004913D
FFFF8B96
FFFEC1AC
0006706A
FFFEDD0D
0004FF0A
00030BC3
0002DD98
00016E5E
0001EE8C
00037612
FFFD3B2F
00008EB0
0003414F
0001D98B
00051E38
FFF9E648
0006F76E
FFFCCE79
FFFA18E3
0004A8F9
FFFC9865
FFF720DD
FFFE8433
0006F331
00025AAA
FFFF9CA1
0004DC49
FFFC1737
FFFB1394
000498AD
00011D79
FFFE8391
FFF7503A
FFF8F2C5
00025CEE
0004A3E6
0005517A
00010236
FFFC90E7
FFF939CB
FFFBCD75
FFFC9A71
FFF874DA
0004B064
FFFDDBA9
0001A0FD
0005871A
0003A650
FFFD812A
FFFB2326
FFFA915B
FFFABAA4
FFF7D12C
0002544C
000250D2
00041414
FFFD3BD1
0007EA8F
FFF90BBF
00050A6A
FFF80F0F
0001DE21
FFF8892D
FFF77A1E
FFFE9400
0000F725
FFFC361F
FFFB6A1B
FFFB8A64
000356D8
FFFEC31D
FFFFC4DF
0003A2DD
FFFE47B8
00025377
FFFCDE3F
0006C2FB
00036BD1
FFFC4532
FFFF1E4C
FFFF03CD
FFFB5459
0001009C
0000A17A
FFF4A9F5
FFF84110
00029AF2
000621D8
FFFC9BE1
0003CC86
FFFCA36E
FFF66700
FFFB61E0
FFF8B5B7
FFFBB758
00050AD8
FFFC6CF2
0005A1E3
0005E409
00005FCC
000B2637
00011502
0002A962
FFFE919B
FFFA6AE8
FFF58323
00045C49
00007BD3
FFFC6857
0004F50C
FFF3DF3A
FFFF35F8
FFFA8EA1
FFFA50BF
0002F4EC
FFFDFF08
00029E5A
FFFF657F
00021148
FFF691A0
FFF8B809
FFFCF306
FFFB6D5E
FFFEE0FF
FFF36D89
FFFE1D9E
FFF75CFC
0000D634
FFF91164
FFF86689
0006BA2A
FFFC7680
FFFFF819
FFFC0A27
FFFD1FF0
FFFA256B
FFFCB01C
FFFB6B98
FFFAA8A1
000648EB
000473D1
00015C0A
00004F84
0000136C
FFFBE56B
000A4D24
00071BA4
0002208A
0003A75F
FFFE36D4
FFFBCC54
0003A531
FFFE3261
FFFFA950
FFFD2930
0005F68D
0002FC25
0001A492
0003E76D
00057CB8
FFFC12CC
FFFE33E2
00085DDE
FFF7A6EB
FFFF2CC9
FFFFE5A0
0004F65A
FFF78626
000178DF
00023ED3
FFFD9829
FFFA62F8
FFFD8A8E
FFF91BE4
000341F3
FFFF5742
FFF8A117
0001AAAB
FFFF74D2
FFFB45C0
0000897A
00022C83
FFFA00BB
0000B5F2
FFFEEDD3
FFF964A3
FFFEBAD9
00066494
0000FDAC
0003F4F7
FFF95FFB
00047B90
000095D0
0005484F
FFFAD287
FFFF5656
FFFA30ED
FFF8712C
FFF8A41D
0001A7D0
00028701
0001B469
FFFD6913
FFFC2C11
FFFCDCCC
00049AF0
00033600
000039B4
0004171E
FFF94C13
FFFBF8C4
FFFEA82C
FFFD6DD6
0000B27C
FFFD6921
FFFF1776
00065446
000076B1
0003911F
0006696C
00031C8A
00042A17
0000C728
0004CB74
0000D78E
0004932B
0000FEE0
0000E423
00072B5E
FFFBEFBF
FFFF757C
FFFC176C
00073063
FFF74624
FFFC7455
FFFB7F70
0005B4A6
FFFDD97F
00089351
FFFE9036
0008F3B9
0005F805
FFFFA42F
00076687
FFFF02AE
0001F097
0003B0AA
FFF9EEB6
FFF88F38
FFFFF0FB
0004960A
0001E9BD
FFFDED15
000577E1
FFFC600B
FFFB2909
0005BCEA
0005EE39
00027321
00034738
0000991A
0000D57A
0004158A
00016510
FFFB6BA3
0008E502
00058BC5
FFFE9E96
FFFA4E31
0004C386
0001D82B
000492E0
00024CB0
00036771
00051EF7
FFFB277E
FFFB58AA
00029DAD
FFFF9FD8
0001C42D
FFFC496F
FFFC4794
00050F1D
FFFD199F
00055436
0004EDF3
FFFE6E8A
000786A8
FFFA8055
00006DC0
FFFFE8AB
FFFC256E
FFFAE7AA
0006E63D
0001A6E0
000410D4
00017918
FFFB29CF
FFFE483E
FFFE97E7
0008055A
FFFBF14A
0002F18E
FFFC1B46
FFFBE799
0002F8DF
FFFA43C5
0005F7DB
0000211E
FFFB7D59
000713C3
FFFB7140
FFFE0E98
FFFAE4B9
FFFE1144
000036A0
FFFF311E
FFFE20B4
FFFA5D74
FFFB1787
00039F28
0000B85D
FFFE00CF
00005B10
FFFB4AF0
FFF9166F
FFFAB455
FFF8D73E
00042593
FFF7BF3E
0005B323
0002B35D
FFFC828F
00038E37
FFF74CEE
000063AB
FFFDA02B
0003725B
FFFDDA90
FFF7C24C
FFF72206
FFFADCED
FFFE0374
FFFDECC8
00041C1F
FFFDDD7B
000031BC
0001A200
FFFF4A03
00042681
FFFD7ECA
FFFBDA9E
FFFD7DAE
00007499
00095D29
00083E65
FFF9442A
FFFC4B2E
FFFA46B6
FFFD2978
0004A155
FFFD6B13
0002C94D
FFFEEA05
00034CCB
0000977D
00095720
FFFB363F
FFFE7DC0
FFFE081E
FFFAA59D
FFFBC8D0
FFFDEF9D
000519D1
0000EB00
FFFC480F
000317DC
FFFADB54
00001637
0003CBC0
FFFD0B52
FFFADFBE
0002C4F5
00031BD0
FFF99BDB
FFFCF033
00036613
00012789
000056E8
FFFF0062
FFFD4499
0000730A
FFFAB126
00014976
00003CC3
0002F890
00098139
00044F07
FFFCC9B0
00059197
FFFBDCB3
00051350
FFFBDDA8
FFFCAC8F
FFF9A14A
0005B93F
0002779F
FFFE6809
FFFF66A1
FFFF88C0
FFF8FC18
0002EAFF
FFF9E39C
0001ED38
00058DC2
FFFA0A29
00050AE0
000C3B2E
FFFBBBEE
FFF7A070
FFFE1427
FFFEEF69
FFFAD9D4
FFFE6759
FFF9AD62
FFFE1985
FFF8E4CD
FFFEFAA6
FFFCBA9F
FFFDCEF9
FFFC973F
0000FF66
FFFC7AE8
FFFEC5A0
FFFBC7DF
FFFF4BFD
FFFB7EAF
00003780
FFFF0CC3
FFF99FEC
0003393F
FFF9357D
0003416D
FFFCF45F
00066CC3
00084469
FFFEB46C
0003C261
00074433
000204F5
FFF90D97
000939DD
FFFE203E
00021018
FFF77206
000056AC
00027065
00001F56
0002ED38
00066D7C
00091979
FFFE8DC9
FFFF6193
FFFD5E62
FFFDDFC1
FFFA6B18
00023198
0002B9D6
FFFED031
FFFDE16C
00002550
FFFEC627
FFF40389
FFFC9E7F
0003DACC
00002F05
0000D683
000584AC
FFFC37E2
FFFD3CF0
FFFF4E5E
FFFEE66D
FFFA703B
FFFB2F39
FFFDA97B
FFFF24D4
00061A6B
00056116
FFFF01D1
00050D5C
FFFD544E
00017B8C
000428A0
FFFDCA94
FFFDE6B7
FFFC6E2F
00000E77
FFFD5451
FFF887E1
0003A9D6
0005F20E
FFF992D2
FFF847FB
FFFD0AA0
00001A8F
00021D83
00025A83
00030F9B
FFFD5529
FFFD0802
FFF96EFC
0006EBB6
FFFE4AAB
FFFCD4EB
000034B5
0008DF41
FFFD48A0
00047ACF
00060735
0007BDF8
FFFF8A19
FFFAA329
00051D72
0001F867
0001A14C
00005617
000686A3
0000FF4C
00028100
0000DDFF
0006F2B3
0009F572
0002C4F5
00041217
0002AC28
FFFD7BD6
0003F61D
00075713
000255E6
00095FFB
FFFFE791
00004B29
00067F34
000639CF
0002AD14
0001F603
0000775F
FFFC9D61
FFFA038F
00017339
00000E0D
FFFD605B
0003A10A
0001FBDD
0001E22B
FFF80333
000447F2
0002EB2D
0004A040
FFFBDE80
FFFE359F
FFFED556
00053D07
0004B77C
000245FD
000A4D9F
00013353
FFFFF28A
0001AD96
FFFFF45B
0006EB04
000B045D
FFFB467C
00031CE7
FFFDC70A
00049784
0001EEDC
FFFBF860
FFFC3DFF
00055E00
000249F5
FFFF86A8
0000CF68
FFFDF74D
0001FE04
FFFC9AFE
00014363
0005EBBD
00051AB1
FFFB8122
FFFB06B0
0004EB16
00048930
000907F5
FFFEA721
000BB1A3
FFFDB645
00003B8B
00015345
FFFE27DC
FFF8B120
FFFE4273
FFFE8652
FFF9DE07
00044150
FFFCAF46
FFFF14EC
FFFBF777
FFF8CA6B
0001AB87
00046AB9
0008D9AC
FFFFA447
FFF7396A
FFFE2DFB
FFFB7FF5
00004D25
FFFD190A
0009324A
00013D41
FFFC10D2
FFFD061E
FFFFD15F
0003F1E1
FFFE326E
FFFE2F01
00025954
FFFEE8FA
00067AF4
FFFD0374
000B2A16
0001911B
0004E2FB
FFFAEEBB
00024146
FFFEBDFA
FFFF2160
00071B11
00054435
00038D7D
00085BE5
00054351
FFFCDCE6
FFFECC22
00011C26
FFFF9097
00015A82
FFFF110F
FFFDAA52
00038926
FFFEBBBB
FFFD78EE
000700BB
0001FE06
FFF4B651
FFFD9FDC
FFFE9111
FFFE4CD4
FFFA069F
FFFA0CAE
FFF9405B
FFFA9DED
00020778
0003EE92
00039561
FFFC5698
FFFEB85F
000604A8
FFFD2CFE
FFFD4ACF
000057F4
0000BBFC
FFFC4A9C
FFFDBDCB
FFF9C830
FFFF2EFD
FFFE43A1
FFF846BD
0000DEFF
FFFFC325
FFF74378
FFFD8AD9
FFFDE084
0002A9CA
FFFA04BF
0000CA84
0001A581
00016916
FFFB06E0
FFFDE226
00061271
0000060E
FFF8E405
0006CCBB
FFFE5064
0004C7AC
FFFF22AD
00016370
FFFA3722
FFF7C933
FFFF0875
00001EE7
000586AB
FFFE2097
000470B0
FFFDCA6D
FFF92D5F
FFFBB167
00030FC4
FFFFC51A
FFFF344B
FFFF8E65
FFFE931C
0000D7EC
FFFDA60F
FFFBA003
FFFDF005
0001ED1D
0002C720
FFFB1A51
FFFC7F3B
FFFEF8D6
00027A20
FFFE2BC4
0002CE19
FFFF35A2
FFFFE0B1
FFFEF97D
FFFEECB1
FFFE1430
FFFD4850
FFFF006F
0000CFA1
FFFC83FB
FFFC52A1
FFFBDD24
FFFD4F08
00015FE1
FFFC8F27
0000182E
0000B6A5
FFFF5DF2
000495CF
000497A9
00010030
000490F8
FFFFCC0F
0000208E
00045F16
00040F30
0003BE2A
FFFE181B
FFFDF76B
000092C2
00034973
FFFAA80C
FFFFF2B1
00050CC8
FFFBE591
00064A23
00028DE2
FFFB1CD9
FFF775C3
FFFADFC3
FFFF95F0
FFFFF53C
FFFB9B82
FFFAFCF0
000503B8
00024403
FFFD7636
00011F99
00051CD0
FFFE78CE
00032823
FFFBC93D
FFFE7E7A
0007A8E5
FFFCB037
FFFEB593
000266CF
00036E04
0005A1CA
FFFDB01F
00051507
00068468
000930E4
00052988
FFFF2BAB
0002A450
FFF89B2D
FFFDF55F
FFF9D3D3
0002CCF3
FFFC79AD
FFFFC76E
0001BBA1
FFFED531
FFFF79BE
0000EE87
FFFDDCAC
FFFED859
FFFBFFED
FFFF098A
FFFEEE02
FFFA2C5E
0005602F
00074A05
FFFD4633
00028146
00009D0E
FFFF5AB9
FFFFF2D4
FFFF16B7
000246A3
00098755
FFFEB500
FFFFF288
00049637
FFFD43E2
000154D9
FFFF327C
FFFE83A2
FFFE0DE8
0002E50D
00042479
FFFA4750
FFFC8D8F
FFFDC358
0000744F
00008905
0000947A
FFFEC275
0002CB14
0001E07A
FFFEDD51
FFFE0D3D
FFFE54BC
FFFEB157
FFFE63BF
FFFF424F
0002B97A
00040979
FFFB32EA
FFFAF555
0000511D
0002B9F1
0002EA5D
FFFBF78C
000203B5
0001BFD6
00055D6C
FFFD10FB
FFFA9296
FFFF6F93
FFFB9A59
00004861
FFFCB675
00056921
FFFEB6B5
FFF8DA0D
000359D0
FFFECC49
FFFF6ED1
0000F26B
FFFCBE03
0003BD9C
FFFFDCA5
FFFD9912
0001E644
FFF72C1C
FFFB47FF
0004ED9A
FFFD7A42
0008231A
FFFCDFC4
FFFC30BD
FFFF690B
FFF83D5D
FFFD1EE6
0000C638
FFFC438C
FFFF2632
00043F1F
FFFF0DAE
0007D15C
00005287
00063BA0
FFFD5538
00009445
00082D5E
FFFEC191
00006FCA
FFFE73C3
0006451C
00000B1F
FFFD5307
FFF9F5F1
00041381
FFFE70B6
000354FB
000164B9
FFFC33C4
FFFAF140
FFFC8637
00056A9D
0004E7A0
FFFE77D9
0002EA7E
FFFEEF22
0000C6A7
0000231F
000517A7
000195BA
FFFEA8E0
00024BC4
00000DB6
FFFEB2B7
00015253
FFFF4566
0005E9FC
00037507
0007BEE8
0000260B
0000B444
FFFA9C88
0003E489
000195AC
FFFFF36D
000302F9
0001D9DE
FFFE0EE1
00022E77
0005069B
0006CA70
FFFFFAC8
0002E325
0008793C
0009399B
00013FCF
00077872
000250FA
FFF929DE
FFFAF0E2
00019D05
0006EE76
FFFD3A4C
00040213
FFFCCD8B
FFFF0A25
0001FB2D
000538CA
FFFB219C
00017E45
FFFFEFA8
FFFB6515
FFFC7579
FFFA17D4
FFFA3390
FFFBFD08
00072DE6
FFFF579A
000781FA
FFFCCD4A
0003C899
0007820D
FFFD6BC2
0003A6B2
00041312
FFF6635C
FFF9CB5C
FFFB0E8C
0003453A
FFFA2B6C
0002CD08
00042A59
FFF9DB0B
00069FD2
00065556
0002C2B4
FFFFF4F4
0003CCC5
0004818B
FFFF3CD2
0005D65E
00086A03
FFFFC950
FFFE26DB
00046252
0002ECBE
000193BB
FFFB529A
FFFC2094
FFFD86FB
FFFEAA2A
0002E480
0002BDDC
00040DA9
0000DA39
FFFD0983
FFFD370C
FFFEE588
00017394
0004B50C
FFFD9540
FFFD73DA
000701CD
00011CF2
000040F6
0006163B
00015767
00038F2C
0004BF67
FFFA56DB
00006F1E
FFFDE880
0005D360
0000993E
FFF9BBD7
00030E0F
00058D7E
FFFC7963
00002B9A
0009906A
FFF7F292
FFFCEACF
FFF7C36D
0004B6E8
00029DCF
FFFC8E33
FFFDB5A8
FFFD5514
FFFD0F8A
00013CFD
00028EF4
FFFF776B
00017C05
FFFE5C55
0000FA49
0001BD89
FFFFBFA5
FFFEE529
00010E87
00024D92
00079170
FFFDD1DE
0003DD34
0000A3B7
FFFD0CB7
FFFDF465
FFFA1B95
00008A78
FFFA1C32
00001C1F
FFFA03C9
0000C85A
000653BF
FFF9A970
FFFB368D
00057531
FFFEED41
00068C43
FFFD1AB0
FFFFF9A7
FFFE2FE7
FFFEDFA8
00028342
00038B62
FFF92B09
00047D0E
0000A7D3
FFFD6B7B
0000AE73
FFF7A895
FFFF80AB
00020F6B
FFFFD7F9
FFFC065B
0003436E
FFFD4A4A
FFFCCE6D
FFF7B4B0
0001E171
FFF9D2E6
0006BF81
FFFCE8DC
FFFCA2C1
FFFDE143
FFFB49CC
FFFE201A
0000255A
00028430
0001F129
FFFB80D9
0001DA56
FFF9FC7A
00029475
FFFF0816
FFFF829F
FFF5EB04
FFFC1278
00006801
FFFA74DE
FFFDA5A0
0004B083
FFFB6F9E
00068918
00011508
0002A6D0
000609D4
00041E1C
00027B0D
