00024951
0008C22F
0005F8BA
0007BE3E
0008C9AA
FFFDAFED
000203F0
0000C4FC
FFFF3DB9
0005601F
0001F2E7
00066D42
00013297
000432C9
FFF8B25D
0008DF15
FFFCEE8E
FFF86C3C
FFF7D31A
00047FFD
FFFA092C
FFFE67E5
FFFA5E88
FFFCF6E2
FFFBD680
FFF7CF10
FFFDF837
0002ACEB
00056F45
FFFB3554
FFFE53F4
000081C1
00041CB5
00007F04
FFF8890E
FFF85E4C
0003484A
FFFB6ACC
FFFAABE8
0001C064
FFFA2B02
FFF92D53
FFFBE1F4
00016254
FFFC31B3
FFFE09FA
FFF660EC
FFFD63FF
0001C919
FFF2E466
FFFBF46C
FFFD754E
00029AA5
FFFE03D2
FFF397A2
FFF6165D
0000CEE8
FFFF336A
FFF9F52A
FFFA9C70
FFFEAED1
000241E8
FFF3DD7C
FFF80EDB
00016A35
00024E4E
FFFE5C30
0006E790
00013795
FFFDBBE1
FFFD4E3C
00044742
000AF558
00082B97
00096185
00020A0B
00063F8F
0009CB03
FFFF46FA
0001FC9F
00004515
00058AFC
00082AA1
FFFC03E8
FFFF011B
000C6630
0004F793
FFFB1788
000098BE
FFFCB5F5
FFF8D323
FFF8B952
FFFB6688
FFFFCACD
FFFBC2D1
0004671D
0006E88C
FFFE957A
FFF6DBC1
FFFD4D47
FFFFCB44
FFFA2288
FFF75ED2
0003CFE3
FFFEAEAD
0004D994
FFFD04B7
00026216
FFF9EE8E
000A51B5
0001D2CD
FFFB56D7
0007E2D5
0006BF8D
FFFA961B
0002A070
FFFBFE1B
FFF8E55B
000AC355
0000E5E8
000544EF
00040876
00046389
FFFE9E72
FFF86BB3
FFFD1320
0003C580
FFF6D6CA
FFF72A0B
0005E166
FFFA5DB8
FFFF25C6
00029E50
000494DC
FFFCDBCC
FFFF2B84
00001B9F
0003337D
0004BD41
00029EBD
FFFC31B8
000A641C
00015681
FFFBA41A
0006F395
FFFF9FA3
FFFA59C2
000646F9
0000F400
00046CBD
FFFCBF94
FFFA86DC
00090DEC
0002A1BA
FFFF4A1C
0006D511
FFF63D46
00037B7C
0002805C
FFF4EF8C
0001EABD
FFF87750
00037043
00046E76
FFFE4587
FFFD699C
00068FA1
0002640C
000457B4
000370E8
FFF95E76
000817F3
FFFBACC2
000296C4
00071EC8
FFFC73C9
000128EB
0004E34D
FFF9FC4F
FFFD5EBE
00008D90
000A6D91
000382FF
000B6E13
FFFBFD14
FFF950C1
000328E0
FFFD35E0
00041D0E
0005E611
FFFDE39E
000414B2
00040BE1
00057BE6
000142D8
00036FFF
00060F96
00009209
FFFCEF35
0008C75E
00030135
000747B1
FFFEA206
FFFCB762
FFFCB2F2
0005C29C
FFFEC015
0001630F
0004AC62
00039806
FFF8CC65
FFF7828C
FFFF7139
FFF44DAD
FFFD7F81
FFF3E1FD
000111AF
00032060
000905ED
000C38B5
0009E435
000E6E28
0009F81B
000A7A02
FFFF09CD
0003B054
0002C201
FFF9BEEF
00040A76
FFF4AD76
FFFE2851
FFFD9007
FFF3D53A
FFF85C1F
00028E06
00094102
00064429
FFFD1AB3
FFFA1D96
FFF515D3
FFF813D6
000089CB
FFF48264
0002F7FB
0005C361
00081192
FFF9724D
FFFF6142
00012AF3
FFF779EC
FFFFAD51
FFFAF6C2
0001C2B8
FFFAED8D
FFFA2984
FFF2F493
FFFBF38D
FFF7C091
FFFC4734
FFFD93F2
00011639
0009163C
000BF245
000A8955
0001A3A8
000A6383
0004648C
FFF9980A
0008FF5C
FFFDA763
00046B66
FFF743D0
FFFA85EC
00003E67
FFFAB86C
FFFDAA43
FFFEB899
FFF27437
00021C4C
00047164
FFFEE3A1
00008C76
000B8C96
FFFFFD51
000630F3
FFFB6224
0000E5C4
FFFDBBF6
0007906E
00021DB9
00023428
0004B54C
000298F9
FFFCA571
00078BAF
000DCD6D
00011275
0001B917
FFFD094C
00071483
0004FA4E
FFFD2A8A
FFFACA20
FFFB01C1
00007D98
FFFE6706
FFFDB3EB
0006A5F0
000AE256
FFF9B1A0
FFFD79D3
0005E702
FFFE33A3
FFFD8B39
0007F952
00054D31
00086325
0003B7BE
0002D4C4
0008EAD6
FFFA377A
0004A023
FFFD042C
FFFA1277
FFFDD0BA
000676A8
FFFB3CB8
FFFF7614
FFFD1A7A
FFFA6CBC
FFF6F1A9
0000590F
FFFC5E43
00072927
0005912D
000352E4
FFFD1D90
0000FB51
FFF5BB7A
FFFEF10B
FFF86347
0001DE72
FFFB640A
0006E881
FFFC8EED
FFF99F1B
FFFD2B58
FFFCFE27
FFFA36FB
000789FF
FFFEEC71
00048F5D
FFFE7171
0001100B
FFFF7DB9
000399D2
FFFB9AA7
FFF8B54F
0001BAA6
FFF7A114
FFFE963F
FFFE2BAD
FFFEF3F4
00030D68
0000DB06
FFFA09AF
00019F04
FFFF08EA
00001E9F
FFFC1672
000D3966
00084CF9
FFFAB059
FFFEDE2A
FFFFE294
FFFED2A5
000847FB
FFFAC796
FFFD339E
0004A90F
0006D448
FFFEED03
0001BCE9
FFF5C828
FFF74663
0002BBE5
00010ECB
00073695
0003D0E2
00047285
00056246
FFEE9D34
0000EE56
FFF7AC2D
FFEE82EE
FFFB2FD4
FFFCC9D5
0002EC6F
0005C07D
FFF7750D
FFFE37C2
000BAD0D
FFFC5C26
FFFF1810
FFFC0076
0003598A
FFFF762B
FFFCE97B
FFFC321E
00043B42
FFF78B15
0000D51C
0006B3E0
FFF79F0F
FFFD1C8A
0008291B
0004CE54
0008072B
0002F10C
FFFAA726
FFFF5DCC
0005E890
FFFA2D7A
FFFD47E6
0000D133
FFFE1EE9
FFFA761D
00007637
00026239
FFFB7486
000333A7
FFFAC756
FFFA2801
FFF750FE
FFFFA010
FFF57EA6
FFFED21C
FFF64B3B
FFFD9818
000424FE
000564BD
00008C1E
000A3A89
000A4C74
FFFA15E2
0008226E
FFFB7FB2
FFFB4531
FFFAE3F5
0005B7CD
00000DC5
FFFAA543
0005D11C
00009BDC
0004B4D2
0006298F
0006F45A
FFF73E61
FFFEE9F8
FFFAEC4D
FFFF4F75
0000D65C
FFEE65A3
FFFD6423
FFFE2A26
FFFDE111
0002242A
FFF8CF1F
000168FC
FFF8121B
FFFB3FB8
FFF46DF3
000142D3
FFF94110
FFF8A861
FFF6CF19
0003531F
00000E2C
FFF54C67
FFFCA6A3
FFF48FF9
FFF20C7E
FFFA07AD
FFFDE6AA
FFF7878B
FFFA34EF
FFFE0B7E
FFF8221E
0003ABB0
FFF71EFC
FFED946A
00013DD1
0006E2B3
FFF794B5
0003317A
000319CD
000052FE
000C00B7
FFFBDE4C
00027211
00084B9C
FFFD5C3D
FFFFECF1
FFFE91EE
FFFEDF44
FFF9C8EA
0004E208
0000A39A
FFFA0F16
0000A10E
FFFF4CCE
FFFE7C1C
0000B147
0000BAC5
000957C2
00083205
00099225
FFFA500C
0005C777
0002AB37
FFFBA9DA
00059530
00084B3B
000730B5
00068754
000AB0FB
0006D1DA
FFF93521
FFF6FF62
0005AD81
0009039D
FFFD9AF8
000A00D6
FFFFAD9C
FFFDA0B5
000696E2
FFFC5A02
00040DC4
0008F61E
0004C65C
000768B1
000A69E5
000ABF94
000838B1
000AEE4D
FFFE2221
0002F62E
00064F02
0008E3BC
FFF9FB88
FFF69A72
FFF963F9
00016C57
FFF5BE28
000688E5
00000198
FFF6BA21
000441F9
FFF97B54
0005494D
0001E829
FFF98D3D
00059A25
0009C867
FFF74EBB
FFF8DB86
FFFB5127
FFFCFD5F
00015A32
FFFD40E2
000A1D4C
000762D7
00091780
FFFD2ECC
0009BFC3
0005C003
FFF9680A
00042E66
FFFC7D8B
FFFB568F
FFF9D8A3
0003509F
FFF72D6D
00044748
FFFAC623
0002E3CD
0003A1B7
0007350C
FFFC3873
FFFBDFFA
FFF9EF83
000183F2
FFFE724D
FFFDEC66
0005B570
FFF8B681
0004A5C2
000A6B1B
FFFB9F63
0000D2BB
FFFDE86D
FFF74DB6
00025049
FFFA6B2C
FFF43C4F
00033163
FFFB32BC
00081F21
000802BE
00076ABE
FFF8561D
0004F900
000A6006
FFF2EEFA
FFF3E581
FFF00B87
0000C7D7
FFEBE906
00034D1B
0000A9E9
00030705
00092BD6
FFF7BDAF
0005515D
FFF90D75
00004803
FFFA8814
0000431D
0004C4EC
0009B8DA
000C0074
00106298
0012CFE2
0004F59F
FFFB22A3
FFF919F6
0001DEF1
00012167
FFF6F699
FFFF5F4E
0001E826
FFFBBEDF
00076AE3
FFF5FBFB
FFFE7081
0004F77A
0004A5D3
FFFF09B4
000A47E3
000883C3
FFFF170B
FFFE7F13
00086ABA
FFF62C8F
FFF6B15B
00050D05
FFF8CADB
000ABF30
000D6F85
FFFA7D39
000510EB
FFF37DA3
FFF11D78
FFF7DCAB
FFFC9868
000F70D9
00064C58
0009E8E4
FFFD2EBE
FFF35899
FFF35440
FFFFCAB7
FFF9E06E
FFFCFEA6
FFF2D8F9
FFFD1851
00018CED
00111F7C
000060B0
FFF9479C
00009C49
FFF98B59
FFFA2490
000369F6
0003D335
0009694E
0018EAE7
FFFF1B80
FFF538B9
FFFD52CC
0004C6A9
FFFE1F89
FFFF5A6E
FFF82F72
FFF2539C
FFF7A8F2
FFF60FB4
FFEC5649
FFFA254E
00074134
00024D76
FFEF310A
00094191
00013579
0004C7E3
FFFB06F1
FFF630C4
000DB065
000D0BDF
000325FF
00040D25
FFF180E1
00053D7E
0008B7DC
FFFA7858
00022D2E
FFF83341
FFFDB059
FFFCAAB3
FFF426DB
FFFB5D53
FFFF650D
00079C51
00093A25
0003790D
00016E3F
0007D4DC
FFF79C23
FFFAAC62
FFFEB994
00076859
FFFB08E9
000C22E9
FFFF2666
FFFDEF97
0001B780
000130F5
000A6F4F
FFF96195
FFF8E014
FFF9527B
0002CD91
FFE80A81
FFF6A357
FFFA9D55
000213CC
FFF5A6AB
000069A9
FFF10BE3
FFF9F103
0006CE8A
FFF11C90
0001EC84
FFFE6A1F
00008E50
000911D6
FFF6B35C
FFFC28D9
000054EB
FFFA4C3D
000D61B9
000F0E97
00087007
0009672A
0000F821
000149F6
FFFB7684
FFFA6D06
000437EC
FFF5A92B
FFFA97BB
0005DC75
FFFC4E1C
0003D842
FFF8AAE8
0003C822
FFF81DD3
0005449F
FFF62962
FFFD82C1
FFFCE9C4
FFEFEB0D
000590C2
FFF9F136
FFF29595
FFF73696
0007B60F
0003FC9B
00045C34
000071EA
FFFF17CC
0006C0BF
0006A056
FFF9299A
FFFF4350
FFF9D79B
FFF8E3DB
000068E7
FFF398DE
00008EF7
FFF9BB1A
FFF115CB
00012890
0004FCCE
FFFFF7E7
FFFD6A7A
000664EB
FFF2FE19
0007172D
FFFADD4D
00075E82
00018899
FFFB375D
00011F4D
FFFEC13F
00026D2F
0004B690
FFEDB5F3
FFF12326
0008D96A
00082648
00084B1D
00057459
FFFB567B
FFFD854D
0000ED66
FFFE3CA1
00081544
FFFAA208
FFF0918B
0008CFF5
FFF86BC5
FFF8CD32
FFFA7774
0007C8E6
FFFF69CC
FFFC360B
FFEF1022
FFF413AD
0004C776
000707E6
FFF64BEA
00051391
0008DA75
FFEF516C
0004D1CC
000151E2
00052487
000850A6
000040D3
FFFD0764
000B2F9B
FFFA0AF9
FFF4AE71
FFFFEA22
0001225B
FFF87F79
FFFE423B
0009127F
FFFD7FA3
FFF88A1F
FFFCE633
000F1CC7
000294C4
FFF9E1C0
FFF05753
FFF73703
0002E342
FFF303ED
000D31EB
000A02D7
FFF65220
0003DC2C
FFFA2362
00050D66
000552A6
FFF54783
00068EE4
000426BC
FFF92742
FFFFB2C1
000AD604
000357E3
FFFDFFF6
FFFAD68B
FFEFCB1E
FFF9418A
00082212
FFF86626
FFFA97A7
FFF87398
0008CFC0
FFF98CCB
0007859A
FFFBF897
000287F9
FFF8B0A5
FFFC5954
FFFE4B40
FFF806DD
000A8203
FFFC2E48
00061BEF
FFF7AF51
00058E70
0000E604
0006905A
FFFDFC67
00075017
00007E8A
0010558B
000608F3
FFF305C5
FFEF04E9
FFFF4988
FFFBAF3F
FFF8E69B
FFFC5E71
FFF3018F
000480F1
FFFA5B68
FFF4B313
FFF48AB7
FFF6016F
0007CCE7
00057EA5
FFF0F300
FFFD05CD
FFF3E752
0003232E
FFF8C83C
000460AB
0007D932
0001132C
FFFC6B73
FFF1AAE9
FFFEC63A
00068ED6
FFFF2E1B
FFFF0B83
0005629B
00025502
FFF7B9A4
FFFAD37B
000F9201
FFF8DAFA
FFF84F93
00056A1F
FFFD5EE1
FFFDDA96
FFF8E8FC
FFFBEF61
00089AE5
0003435F
FFFF8EAA
0008EBC1
FFFEC2AE
00045146
FFE5180F
00038977
000A2C42
FFF60B00
000AD2C8
0005F73F
FFF2B5F6
0004D66D
FFEDF386
00002358
FFF963F5
0002D9D8
0003331A
FFF9857D
0010E550
FFFAFF4C
FFFA5D34
FFFDBB52
FFFECCFF
FFFB6EFA
000B18D7
FFF9E4D6
FFF904B6
00044BA6
FFF35ECF
FFF50C22
FFF6D0F1
FFF7B8BC
00018A21
FFFE24EC
FFFF968E
000244CB
FFF48F9C
0000E4C6
FFFD275B
FFF33274
FFFE9D89
FFFC59F2
FFF46F5A
FFF4B514
0003C689
0005E233
FFF9D76B
FFFDF9CF
0009D168
FFF4C1B4
0005087E
00060F2F
0001A27D
FFFE0D61
0002EBB3
00034B7B
FFFAD7F9
0006ED23
FFF539A4
FFF56144
FFF8572C
FFFB3C01
0000FF92
000E128C
FFFD0B68
00087E94
000201D3
000429AB
FFF82A12
FFFC8B69
FFF81FFC
000CFFC4
FFFBB5AE
FFF8937C
000A78CF
000505D5
0006DC55
FFF6287C
FFFA7BE3
FFFABFA0
0000A533
000A40AB
000FDD7C
000AFC9D
FFF11507
FFFAF6F2
FFF43426
0005FF3F
FFEFC90D
FFF75EA4
FFFCD974
FFFD083C
000662C1
0007C34F
FFF95891
FFF918D2
FFFCFD93
FFF8F810
FFFF0CA8
FFFCFAC7
0006835B
000854F0
FFFEC82B
0007CB49
00051B07
FFF4B777
00040C38
0003FA01
0001731B
FFF4AF8C
000B1F8D
FFE7A3E5
FFFB7A5C
FFF8799E
0005A1CE
FFF9F917
0002D296
00077FBF
00025546
FFFADFD8
FFF70381
FFFCD299
00014039
FFF24AB7
00055162
FFF90CB5
FFFD5B79
FFFC73CD
FFFBBA09
000DB13C
000B6204
FFF7A899
FFFDCC22
FFFA9C70
FFFCF209
0002B7CA
FFF3ABF6
FFF8C91B
FFFEE009
FFEDE056
FFFD236D
0014552E
000048DA
0001C167
FFFE19D9
FFEB6F80
FFEEF904
000FE8C6
FFF33DCD
FFFAF795
0009A78B
FFF0C7FF
FFF9C90D
000469C5
00036C9B
FFF66021
FFFAA7CF
FFFBBE8A
000900A1
FFF8BD6E
00081D26
000142AE
FFFC25DE
FFFE29C1
FFF64BA5
00010E75
FFFAA12F
FFF6FFC1
00078AFA
FFF9FCE8
000704B3
FFFBC791
00076C4C
FFFA355C
00021624
000C8C3C
FFFCC1CB
FFF5309A
FFFD9AD3
000127F5
0004A8D6
00097023
0002EBD7
FFF95BF1
FFF96F7F
0003EF40
FFFFE9F9
FFEEC6EF
FFFB7AB9
FFF8459F
FFF2EB40
FFFCA573
FFF29CC2
FFF81BE1
FFFE92AD
00060A09
00034B99
FFFD432C
FFFDBD4C
FFF9A49E
FFFD2745
00055A58
FFF967AF
0004B12D
0008DEDC
FFF758E8
00040356
000BF725
FFFC3E7E
000C6148
FFF2B85D
FFFBA229
FFFCDDBD
FFF5BEBB
0008B440
FFFB48C3
000EA330
FFF4EE40
0002B8C1
FFF3841C
FFFB1F7C
00039603
FFFC9CC0
0003243D
FFFE9C45
FFFA3B75
FFFC3ACA
00053AA6
0002DE35
FFFDC1F6
0000D1C2
000A8DB0
FFFF0AE1
000C0124
00192160
FFF03D53
0009CAE5
0002907B
FFF9203E
FFFAC093
00036276
FFE836F7
000DE3BF
00080503
FFF9CD06
000E08B7
000249D9
000FC436
FFFD60B2
0002D52D
FFFDF462
0003317F
000B5910
0004D134
000427CA
000BD9D5
0011C4C9
000E9AAB
000A4A5A
00017472
FFF3ADA3
000421F4
FFF50134
0005BAE2
000A4347
FFF1AB5C
000C14DE
0005ADCF
FFFC9734
FFF8C55A
FFF77BA8
FFFEDFC5
FFF1F5F8
FFFBE3A4
0004B1F3
FFFBA090
FFF4BDB3
000353FC
00034E33
FFFB7C49
00063AB8
FFF87D74
0004E20B
000848D8
0004DF38
0010B906
FFFA5C1F
0008782C
FFF7EC4C
00093300
00071016
FFF66027
000CA877
FFFAECE1
FFFAB091
0004FF18
000893F1
FFFDF11D
FFFF5F4C
000AD90C
FFF43531
000765A5
FFFE972A
0000BF1C
0004E44F
FFF60986
0013EF5E
FFFC32C9
0000AD30
00036212
FFFD789E
000CF3A9
00008E72
000594DE
FFF464A0
0003F7D2
000154BA
00036DAE
000D4A87
000996A0
FFFC3C39
0012635E
FFF29442
FFFAA91D
FFFDDF52
FFFB863C
000F387C
000175CB
FFEE68D8
00127ECF
000A348E
FFF72D8C
000142C1
FFFFEF57
FFFF9F0F
00136893
FFFBB804
0012BC06
0008DD1F
FFFF2BB5
FFF6826B
FFFD6639
FFFCAD38
00051AB3
000B1C75
FFF01E73
FFEFADC3
FFFA4642
000F4C5F
0002FC2C
FFF3E410
FFFA98ED
FFF22F39
0007028F
FFEFE1A8
00036F63
0002F4CE
00013E60
FFFF8D49
000E77C6
000B7113
FFFDCB4C
00092118
000582FD
FFED2DDA
FFFEBF7E
FFF6669F
00009B21
0003ABC9
0002F89A
0002BD17
000659E4
0011CDD3
FFFDA4D1
0004BE2D
00102F67
FFF455EC
FFFCD4F3
00072B2A
0001C4F0
FFFE53D5
FFF9DBB9
FFF33AA2
FFFA4FF0
FFF96B63
000C0D81
FFFE7A3E
000823B9
000669AC
FFF7B1DF
000BB3FD
FFF7CD79
FFFF3183
FFF71835
FFFAB9AC
FFF91FE5
0007C9E9
0007E98E
FFFCDA9A
0003B1B4
FFF7CBF2
0000007E
FFFE258E
FFFC34CF
000A8038
0004C867
FFF00A35
00140F3B
000EBDF6
0000FBCF
FFFA1AC6
FFF55EA5
00032288
FFF84C45
FFFB8E5E
00040141
FFFEFF7C
FFFD0828
FFFD85E3
000A8A7D
FFFD460F
0001EBEF
FFFCA5E8
FFF98AB7
0003371B
00048B3C
FFF0BD1A
0007297F
0000821F
FFEDFD7B
000A1DE2
FFFB745D
FFF22538
FFF23351
0000998C
000E1FFC
FFFEA2F2
000F2443
00072ECA
FFED5555
0002D224
FFF3AE87
FFFAD597
FFF025B4
FFFCD498
FFFFADFE
FFF9860A
0008A330
FFF97673
00032491
0009C625
FFF4748E
000A3C90
FFF60AD3
FFFB1271
0001E89B
FFFD845A
FFF8F14C
000398D1
FFF5B298
FFFCB3D4
FFFCEEA3
00031771
FFEEA52A
000783BB
000B58FE
00015B0D
000D7A9E
FFFC50A3
FFF6AAA1
FFFE477F
00050893
000591FD
00062798
0006EF5E
FFFD026F
FFF69DA8
0004BC67
00024C63
FFFADDD3
000A9BFA
FFF6F32F
000ABF0D
FFEE3EF9
FFF77967
FFFCC385
FFF5CAEB
FFFA4AB8
00079944
0007F288
FFE86526
FFF9B171
FFF29528
0000C9EA
000A0B5A
FFFE7EE8
FFFDAF01
FFFFC8B9
000268DF
FFF9E6CC
00062C3E
0006FD89
0000572D
FFFCD81A
00061411
FFF8DB25
001157D7
FFF3B35D
000E5E82
FFF12676
FFF7E8F4
FFFA2332
FFF2517C
000AF254
0009D541
000ACBD6
000575AD
0001B48F
FFFAB5CA
000885AC
0005C0A7
FFF517A8
FFFA829D
00078C25
0006EA2A
FFF90643
FFF684FF
000BEBD7
000E94F6
000926AB
FFF77688
0009E96C
FFF3F289
00060B7D
00037C25
00035DAD
FFF4B709
000AD608
FFEEBA86
00010568
0008BF52
FFF07B55
FFF37DF5
000618A5
FFFDA1E3
000B438D
FFF7529C
FFFE751A
00064E0A
FFFE7983
FFF6F52F
000A5180
00044BC1
FFF73FA3
00029C4E
FFFFD800
00035CEE
00157410
000A69DB
FFFB98E6
00081FFB
FFF86119
FFF67AA5
00080F8E
FFFF0F86
0003586A
FFF7222C
FFF135DF
000F6199
FFFF99A6
FFF8D439
0003FB8A
FFF70F2E
000A59CA
000FEE9B
FFFF80BC
0003DB99
FFFE592A
000D3A5C
001A2413
FFE7CA4D
0004952A
00067DAA
FFF7BCB3
000FA92A
FFFB8EC5
FFF5F5A9
FFF8F381
FFF19851
FFF0FD04
000DE5F2
FFF9E75A
FFEF7D01
0011BB38
0010CCB9
FFF3A34F
FFFC38BB
FFF56C9F
FFF81F0A
FFF73839
0011F71E
FFF2FE75
00075D82
000B2FD7
FFEDC2A8
FFFC7824
FFF3FD3C
00097033
0006C3D3
0002342B
FFF9AF44
0005EA5A
FFFF560B
000A078E
000CB9EA
0003BC5D
FFF08AE7
000999BB
000BFEB9
FFFA4834
FFFE691C
000DC255
000A8C9D
FFFBFD7D
0001D3BF
FFFCFE09
FFF81B60
001077C8
FFF82C70
FFF8A040
FFF95FCC
000A03BD
00051C29
0012A1D3
FFF5B7C0
00057FDE
00014CF7
FFF29D80
0008FBAC
FFF860F0
00022294
FFF87CF4
000C3B39
FFF33924
00056BB1
000A357E
FFFC79E5
0001F864
FFFF57F4
FFF47348
FFF9EEB6
FFF8163B
FFF8599F
000B5B65
00105555
FFF0D710
0005E989
00104A29
FFFD443D
FFFD2139
FFF2A87E
000AE9FA
FFF76F5F
0003EEF1
FFF4B6B3
FFF79D2C
0003BBBC
00002F3F
00088CE5
FFF03CA2
FFFD4441
FFFEE50D
00015515
0006AE1F
FFF998A3
FFFDC96C
000EC24B
FFF10510
00003545
000BAF63
000E144C
000085F0
000DE609
FFF557CB
00097168
00059318
FFFA1607
FFE77475
FFF88607
0010ED4E
FFF7A643
0005170E
00013F76
0004FF70
FFFC2BC6
00072F47
00055AF9
000411B0
0000CF87
FFFA4B3A
0004A8A7
FFFF3E72
FFFF3F04
000C21D8
FFFFB2A5
000A48A6
FFFA93A7
FFF71BBB
000C58C4
0000080B
0007CC03
00047DE3
0008D909
FFFC5BBC
00117202
FFE39987
000459D4
0008E9C7
00024C47
FFFD2825
0012EF4F
00065541
000F6F7C
00118620
FFDC9A69
0001CC44
0005FF5C
FFFADE52
000C58AC
FFFE372F
000DEB28
FFF3370B
FFFD2BB6
000190EB
FFFCCFC7
0000E1B6
0006BC55
000856FC
FFFD5777
00000242
00099DE9
000A0F66
FFEF064F
FFFCB83B
FFFE36AC
FFF879FC
FFF818CF
FFF81EF6
FFF5BADE
FFFF5BE6
FFEF9A58
FFFC297C
000A7823
FFF71A8D
00096A8C
000B3BE7
FFF88E00
001009CB
FFFAF514
000A7449
00116733
0013538E
FFFA4403
00030CBF
000A0EA6
000DC66A
00068BC3
00094F59
FFFD009E
000001EF
00052542
00022E53
00055271
FFF6E994
FFF80D70
0001F28D
00084695
00008D50
000CB3F3
FFF7CCC3
FFFCB064
000A686D
FFF6E967
000A38CB
000CDB02
FFFA22F1
FFFF9637
FFFF479D
FFFE1AB7
FFF47A43
00047129
FFFA5C53
FFFE9A3D
00036967
FFF795F7
0002644C
FFF8F65E
FFFA91F3
FFF59FB6
FFF71A15
000214FA
FFF85799
FFF7484C
FFF8DD9F
0002A840
FFF41ACB
FFF11463
00003D48
000D5F5F
000BDAE4
000A86F5
000549C1
0006BC69
FFF825FB
FFF77FC0
FFF6AF03
FFFAAC3D
FFFCE522
0002D292
FFFB2591
FFFA1FB1
000116A3
FFF5AB2F
FFEBF8BF
00004A07
FFFFBE14
00033F01
FFF1C920
FFF8C215
FFF17CC8
FFF916A0
FFF64C2F
000190E9
FFFD046A
0008DB91
000817B4
FFF74474
FFF11363
FFF65960
FFFD2585
FFF98354
FFFC135D
FFF3749C
FFFA1FFD
000EAC5C
0006F495
000331E0
FFEEAB72
FFF0EA03
000C7B25
00027A29
00004320
FFFA5B3C
FFF34163
FFF694A5
FFF5D575
00018981
0003BAB7
FFFC755C
00010ECA
FFF2163A
0010C16B
FFF9BEBF
0007418F
FFF72F0B
FFFC6776
FFF696B8
0001FD70
00080526
00060FF7
FFFD1AF1
FFF2DB97
FFEEE1FD
0006F262
FFFC338D
0008EDEC
FFF98BF5
FFF68D8B
00066B65
000ECDBF
FFF8CB20
0009BBB4
00012564
0009BB9F
FFF9AB6A
FFF68D83
00129C3C
00001A0C
0003FD25
0012C8C0
FFFFE911
000FC142
000D27D0
FFFABDDA
FFF70499
FFF946ED
FFF3EEA3
FFFED2DD
00019438
0002FD07
FFFCE0F2
0008F26D
FFFA25CC
0008D237
FFFD8358
FFF72D89
0009F279
FFF62C1B
0003EE6E
0002B3F1
FFFE9BE6
00030D41
FFFC4930
00116907
00104254
0003B90C
0000C7D8
000BE8A6
00029465
FFF74988
FFF6A63D
FFFEF72D
FFFB30F8
FFF2C18C
00092445
0004481E
000D1B24
0000214E
FFF848E6
FFF44FEC
FFFB0179
000905E4
000846DA
FFFF6551
FFF94D10
0005B78C
00089241
00039B5C
FFF2308B
FFF6298D
FFF17CFE
0000C093
000B13EA
FFFCB913
FFF74AB9
000392F4
0003938E
00036CD4
FFFA0AC1
FFFAE06E
FFF9FE47
FFF71799
0005E1EE
0005EABB
00029586
0001B548
FFEF09B3
0000DC65
FFF520CF
FFF31798
FFFF6BD4
0010DF24
0006D5EA
000AC0EA
FFF4C4DA
FFFCD1EC
0002BC53
FFF95D1A
FFFC9E89
FFFA24F1
FFF36029
FFF6242A
FFFB9BEB
FFFB8B96
00039E1C
FFF9DCBF
FFF7D4B0
FFEF0D2A
00097D10
000CFC73
FFFBE8B2
000C2D65
000F3EFF
00077276
FFF406FC
00002F08
FFF9C8E2
000DA230
FFFF5CEB
000FA277
FFEEB584
FFFA28C4
FFFF5008
00023420
0003358E
FFFF2763
0009D4A4
0003C88D
FFFE1310
FFF8E68D
FFF629A8
00029834
FFF2C37D
FFF25F5C
00000119
0003F1F9
00072331
00010E94
FFF9128F
FFF8B932
FFF9B1D5
000E048E
00110698
00019527
FFF34049
FFF05979
000A43BF
000538DD
FFF79979
0008D6F3
000C0AE7
0007B36A
00014E6E
000057C3
FFF4E54B
FFF371CB
000FEDB7
00164E33
0000A8AD
FFF24E44
FFF4B231
FFFC2C84
FFFC014E
FFFA0E80
000A9D21
00062DBB
FFFE9F33
FFFA4974
FFF96073
FFF4C1AE
FFF70E8F
FFFA9DCC
00003E48
0009B675
FFFE76B5
FFF62576
FFFF5166
00059B87
0003533B
0001BB97
FFF84D1A
FFFFDC2C
FFEEE450
FFF2582D
FFFE4667
000013A7
0001BEF9
FFFFB6F2
FFF7C484
00074BD6
FFFDF1B2
00012997
000B788C
0007E345
00009062
FFF0DF2D
FFFD106B
FFFB486C
000290C8
FFFBF5D3
FFFC720B
0007235B
FFF46E62
00053548
FFF3682E
0001D1CF
00055517
FFFB14E8
000C96F0
FFFD9964
000ACAAB
0006A8C0
000CEFC0
000671EA
FFFC3B71
000E356B
00009A2F
FFF9EC67
00037E04
0003607C
FFFA6B94
FFFBB675
FFFC16DA
0004D8A6
000181AE
0004EB8E
FFF6621F
000BC0AA
0005DAAC
0005E4C1
FFFC45BE
FFF98119
FFF4A387
FFFE22F6
0001D1C5
FFF6A07F
0007FD97
000B95B9
000A5F6E
0005A16A
FFFE0B20
FFFDB0FA
000B8EE2
FFFB3C84
FFEF9E6E
FFFFA923
FFFF5676
FFF59A01
00012102
0000EFA7
FFFCC6DF
0008EC64
FFFFE6C9
0000B5F6
FFF80C50
00096CBE
FFFE8339
0006E341
0002257A
0009CC59
000BA6C1
FFF26437
FFFAB1E3
FFFAAE4D
FFED7D91
00012280
FFECD9E0
000C7286
0005B215
FFF5B8C0
0008A849
0006454B
00005664
0002B956
00045BD0
0007948D
00073BF0
000049F3
FFF4E8BE
000AD228
FFF501D2
000238D2
FFFEF811
000AE44A
00092528
FFED62BD
FFFEA19A
FFF5DF79
FFF12BB2
0000DAC2
000EA4AA
00002045
000339B2
000AF2D2
000BEEF0
FFF7F718
FFFA1F58
FFF458E1
FFE6EF92
FFE99FCE
FFF9B36C
FFF313DB
FFF8712D
00013195
FFFEDD4D
0005A76B
000CBF82
0012641C
000F7C98
FFF59B5D
FFF198C1
0009546C
00081102
FFF14B5A
0007821B
000D0239
FFFEFAE2
FFF229CD
00066143
00063688
FFFA7513
FFFABA76
FFFD9C45
FFFE228D
0001D3FF
0003A1B1
0002AA49
FFF5109A
FFFA2DF5
FFF937FE
000B3A5B
0010C851
00001B78
FFFEB201
000CDF3A
00013D4B
00029656
FFF8DB2C
FFF21F84
FFF35C0D
FFF63FD4
FFFD6DC6
0000FC44
FFF6047F
FFF8484E
0003083C
0005BC5A
FFFA4872
00033EA4
FFF7F96F
FFFEB816
00075B27
FFFDBD52
000C1CBD
FFF7EE36
FFF40F43
000800E8
FFFAAD98
FFFA43FC
000B72D8
00004962
0009EBF3
000B5BB5
00036DAF
FFF213E7
FFFFD879
000854CF
0001CB2C
0008A34F
00062C02
FFF9500E
FFF4F59F
FFF98FA8
00098436
FFFB54A7
FFFE3267
00048AAA
FFFE07CF
0000813C
FFF28A50
FFF5BD45
0005320E
FFECE6C0
00027CBA
FFFD3A93
FFFCB856
FFFCB719
FFFCEA52
FFF253AB
FFF4C659
FFFAE2B1
FFF8083E
00050CA4
000DB495
FFEABA79
FFED1926
FFF7FF96
FFF3EA2B
FFFE1C34
FFEFA8E1
FFFD98B7
FFF7A975
000079E8
0003866D
00046674
FFF18515
FFF8B5FE
0002FCD9
00036C0B
FFFE4736
FFFD9311
000111FE
FFFE1E25
FFF0D323
FFF78446
00011684
FFFF1D93
0001FB4D
0000FC8C
00094347
FFF2C55C
FFF80229
0004024F
0003804E
FFFF8A93
FFFAE1D5
0011F66E
000EDE62
0000624C
FFFFB65E
0008A0F9
FFED3A4B
FFF7713A
0004751B
00089273
00074E91
FFF86AD3
FFF801D4
FFFD7D82
FFFC6D5F
0008147E
0009BD73
00045385
000678B3
0001FD1E
FFF6EA80
FFF6E09C
FFF1FBF2
FFF3B2A5
FFF87AA9
000D9507
00130444
00086A4E
FFF84601
FFF1058F
0007D814
00086910
FFF3C5D0
0002A10B
0007D3CC
FFFCBAD1
FFFB717D
00034CA9
000661FF
FFFA7674
00049B80
0012C817
0000B595
FFEA9D7C
00051B50
00041D7D
FFF71473
FFF88FF3
FFFFD185
000586CF
FFF7FF59
000542CB
000CABB1
FFFEF823
FFFF23CF
FFF6EB70
FFF977A6
FFFFE46C
FFF425AF
00078CBE
FFF53CFC
0003DC5D
00091B7D
0004E229
000C095B
00089041
0008727D
0001E48E
000200FB
00007CB6
000BB9F2
FFF9FCC5
FFFEA110
000A8828
000AB21B
FFFE8A65
0008F7CF
001423E1
0005C146
000309F2
FFF7FB51
FFFA897D
000A7B50
00098ED2
FFFF9331
0003CC94
000DAA59
FFF5D69C
FFF63D34
FFFDBC3C
FFF8510D
0005714F
FFF575CF
FFF5CB3E
FFEFA9FE
000E9B5E
00126886
FFFB35DF
00007923
FFF705B1
0002D956
00039739
FFFEDFDC
00094D0C
FFF86DBD
FFFC6857
FFF4524D
FFED61E0
FFF8B302
FFFFE0C2
000995AC
000C1FCA
000598FA
FFF4A0F8
00077F33
0002CAED
0007D5C5
FFF795A4
FFF9E997
00103A0E
0007BB73
FFFD4241
0004DA87
0000DCD9
FFFAFF54
FFFFB487
00055D75
FFF7AFA9
FFFFFF8F
FFFDDB83
0003E3D6
FFF6183D
FFFE36E1
FFFE294D
0000EE81
0005053E
FFFB3029
00036A9D
FFF1B780
000518D9
FFFE671D
FFFD4AC3
000387B5
FFFD0F21
FFF15049
FFF9AB7E
000C9E4D
00020CF6
000704DC
FFFBAADA
FFFB275F
FFF5EAB6
FFF7354D
000685FD
0008847E
FFFE6B8C
FFF17754
0009D81E
000DE73D
00105323
0005F145
00036FA5
FFF0592D
FFFFCAB8
00052DFE
00064938
0004F6A4
FFFAA73F
0003F674
00077789
000433F2
00047E10
000898B9
FFFD9B79
FFFC33BD
FFFA9EAF
00020043
0007DC5B
000E084C
0003E07E
00006E7D
0007B147
000DB63E
000A471F
000F3FD2
0010AB83
000B24ED
FFF1192C
FFF3827B
FFEDC153
0008DD13
FFFF2E4E
000E17E0
00091A22
0001B57F
FFF57337
00056F1E
FFF8AC52
000A9582
0008A97D
0008C9D7
00102F0B
00176D59
FFF8B717
00059436
FFFD86ED
FFFA4A6D
FFF8DF9B
FFF9200B
FFF6A86C
FFFA3E86
FFFDD8E9
0001391E
000B445E
0009A4E3
0000BFF8
00003A07
000BAFDF
FFFB7E1F
0000A892
FFF3C04D
FFF8CFB9
FFFF3D4F
0006E395
000B45DF
FFFAA1E8
FFEE1E4F
0001F733
0006E9A0
00047619
000D333B
000C81A0
00048BD9
FFFA54A7
FFF3ED67
0007E56B
FFFA5FC7
FFF43DAE
000911DD
000865A7
0005232C
FFF53D36
FFF70ADB
FFF5ACEC
FFF2F7B6
000859BC
FFF85DB3
FFF3BEAA
FFF7043A
000311D2
0002B1B2
FFFA02E7
FFF84581
00060510
00007D81
FFFB4209
000B6601
00094D07
FFFD49C0
FFFF86F7
FFFBE10D
FFF2A8B0
00012E1C
FFF66624
FFFBBCEB
FFFCD93A
00008E63
00045530
FFFE823B
FFFBDFB7
FFF8F7EF
FFF779AA
FFFC7C8C
000717B6
00032F66
0002E18E
00054C31
FFF080F6
FFFEF864
FFF41CCF
00018678
FFFB8351
00086F90
000752C6
000C80AE
0015719F
00040867
000800BB
000DDC57
FFF45FB1
FFFFCC1C
0008913F
FFF2386E
FFF2AE5A
0002D1FB
FFFD1FAB
0006AE4B
0003D125
FFF91A1A
00090AA3
FFFA0F82
0000635F
FFFF3F4F
0003F46D
FFFBC8B2
FFF1AB4D
FFF9CBB3
00054B9E
FFF9B5D4
FFFA1D24
00058BBE
000C1131
00038A7C
00070502
FFFEFC99
00031309
FFFE5766
000908AA
0002CE9C
FFFF6E6C
FFFEA27C
FFFB009F
FFFCECDF
FFFA71A4
000353E9
0003A8E5
000E23BA
FFF9CF43
00017AC3
FFF6D04D
FFF84448
0009CAEA
FFF9ED60
FFFBFD31
FFFA783F
FFF67472
0002D713
FFF90651
00048313
FFFFCC0F
0005CC0E
FFFE9908
00006014
00062885
000392BF
00085AC7
000D95EA
0007FECF
FFF91271
FFFD68A3
00005F87
0007D811
FFFCA706
00085FBC
000B6194
00013BB1
0008B1A5
000750D4
FFF54F03
FFF84411
FFF31A6E
FFF4A107
00023395
00081F23
FFFE58FA
000047B9
00008150
0001F421
FFEE046C
00034C84
FFFE3A17
0009F649
FFFE804D
0009910E
00042DF4
00036E99
FFF054A5
FFF0ED3D
FFFDB89E
0006C00A
FFF10424
0002AD02
FFFF63C5
0002CD68
000151D1
FFFB6289
FFF795F0
FFF9187A
FFFEF8AC
00091FF8
FFFF6C25
FFEB90A8
00057EEF
0008F6D6
FFF4F9A3
000363C5
000926BC
FFF350EB
FFF23813
FFFFCBC8
FFFDA103
FFF50024
0001A260
000B0292
FFFC7BBF
0006791C
00072447
000139E4
FFFA644D
FFF9F1C8
FFFACFEA
FFF97095
0003A86B
00075A84
00043DBC
00050C66
0001969D
FFFF22D4
00013943
00073DF6
00006CE1
FFFA72E6
FFF7684B
FFFFC148
00020094
00004A14
FFFAF256
0008E88E
0003EDAA
FFF233EA
0002A94A
FFF8D5D9
00072EA1
FFF68769
FFFD7786
0001F120
FFFBFF6F
000F9B3B
000500FA
000C40A3
0010EE1B
0015B80D
0001220B
000DC4DA
000E6AC8
0000FE26
0003A09B
000F117D
00003D29
FFFFF04F
FFFF1790
000D4950
000EEDB1
000A6A73
00116F1C
FFF66460
FFFB2030
0004764C
FFFA4B3C
FFF524BF
0001C750
FFFA376C
FFF6FB0E
0002A6DF
0010D470
FFFC83B6
FFF6E117
00035808
0000FE84
FFFCD64B
FFF984CF
000701F5
FFFF6E2F
FFFE55AB
FFF5DC98
FFFD88A9
0008CA48
FFFED510
0002B5D5
FFF54F89
FFFEB2D6
FFFFE884
FFF8A597
0006382E
FFFD48F8
FFFD0628
FFFDCA26
FFF80342
00083891
FFFFEE8E
FFF6C8F1
FFF754D8
0006BB72
FFFF99C3
0001BE86
FFF4D80B
0007AE49
FFF73CA5
FFF943A5
0003656F
FFFF67A0
0009C34C
FFF588AC
FFFA38E1
0007A536
FFEFEDAB
00087F10
FFFC5EAC
00085A6B
FFF3E28F
FFFDB031
FFF7BE7D
00030605
FFFB102C
00142F45
0018DE1C
FFFFDC2F
000D455B
FFFCE3AE
0004578E
FFFF425A
FFF13D5A
FFF6FD9F
000295DD
0005121C
FFF809EE
00095189
FFFE6D74
000BE0FB
0002232E
000AE6DB
FFFE3B49
00016889
0001D91B
FFF6C1EA
00052CFA
00019D76
000357BC
FFF8B152
FFFBEDFF
0006DA1E
FFFD1AD1
00160ED3
0009007F
0009A39A
FFF83349
00085C27
FFFAA586
FFF422D2
FFEF9C59
000F9453
00106385
FFFDCCA5
00143FAC
FFFAE82A
FFF2B529
0005742D
FFF3332E
FFF4A51F
0009F983
FFEED2E9
FFFEFD2E
000AA84F
FFF3A6B6
0001C225
FFF6E8FE
0001F819
00061B13
FFF9DEA4
0000A34E
FFFAAECE
FFF3BF3C
FFF87684
0002A0D8
FFFDBE92
000375D6
0000148A
FFFB323C
FFEFC362
00034B04
FFFB6F68
00032571
0002B37C
FFF84068
000BA7EB
FFF384F6
FFFCCE16
000A2BC1
FFF6EFC1
FFF4B106
000C1A20
00099153
FFFF95F3
FFF42A6B
FFFBD2D1
FFF38626
FFF13C09
FFF99E05
00048CB0
FFF14D32
FFF479BC
000455C2
0000CEA3
FFFA27B7
FFF9C8B3
000AA9D4
0002BFF0
000FD7D4
000D119F
FFFEBE55
0000EE95
000AE17B
0006180E
0006F1E6
0000C2B2
0000CFB8
FFFB777F
001018B5
FFFB3F32
0000C74D
FFFA5F39
FFFA1527
FFFB20C3
FFF16E86
FFFC9B53
FFF58914
FFF6DD01
FFF719F6
0009D8B4
00077802
FFF7A5CE
00022EA7
0001B6FC
0001EACB
0005CF94
000161C4
00027D4E
0009828B
FFFAE3CD
FFF76F9E
FFFEEE14
FFF80E55
FFFE915F
FFFE1BCC
FFFCD857
00047BD5
FFFEBD33
FFF7AACD
FFFA6F49
FFFF8965
0001CA8B
FFFC1451
FFF4C904
FFFD9E3E
FFFB5058
FFFE931A
FFFB6032
FFF91BAA
FFFFB0FF
000302F4
FFFFFDF5
FFFD8640
000112DC
00032749
FFF6D7A4
FFF445E2
00030E07
0003EC26
FFFEA930
0003EB44
FFFCC7FE
FFFA248C
00004B5D
FFFEC1E4
0015BBAE
000982D1
0003EDBE
FFF9D514
FFFF13A9
000932D6
FFFB6352
000D091E
FFFE9828
FFFF0091
FFFBBDDF
00055B6A
FFFCF545
FFF76FB2
00021DDC
00014B8A
000B3271
00033FDC
0003AB39
00042FEF
0001A830
FFFC9877
00021B02
FFFB26CB
FFF991C1
FFF997C9
00082C4C
FFFE9777
000114EB
00009E46
FFFAD0DF
000292CE
00028C8F
00002726
FFFA459C
00019AB1
FFF7F4D9
FFFDCD6C
0001F391
0004AD83
FFFDCD22
FFFFBAA3
00063461
00054AB0
FFFBDD6E
0006A3EC
0000B922
FFFECAC9
00008CBA
FFFC6C20
00002719
FFFB6646
00011016
FFF9C66E
000477AE
00023661
FFFD4EDC
FFFD4631
000048C2
FFF85C64
0000DFDD
0000D079
FFFCF38E
FFFFEF45
FFF9049C
000447C9
000CE776
FFF6B55D
FFF1B31A
000184AB
00029EF9
FFFBBF44
000DC2BA
000C31B0
FFF898A0
000711DD
0004F4F1
FFFCDB56
FFFF99CB
00039B2B
0008BF0F
0001671B
FFF58B50
FFFD6BE0
000929E1
FFFAEDC7
00139FA4
0003E605
0002FEB0
00061BA9
FFFA7BF0
0005EAFE
FFFF6CDE
FFF96EB4
00028DC6
00029A57
000066B4
FFF8DBDA
00088779
FFF837ED
0008D91D
00050AD4
FFF6C55F
00095610
0009A49B
0006F172
0008D7CC
0003FFF3
0001D4AF
000D3F56
00083BFB
FFF90D6B
FFFE9F1C
FFF878E8
FFFD8C3B
FFFE4263
FFF865A6
FFFF93CF
00053B27
00016D22
00063CFA
00053EE6
00091CDA
FFF62BE2
FFFC0612
FFFDECB2
FFF9E70B
FFFDCFC3
FFF9A0B5
FFF90202
0004C60C
000DB862
00054602
00078CB1
00030931
FFF59D8D
FFF88336
0007CB74
000543CD
FFFC0CCB
FFFD4460
0002180D
000028F5
FFFD3812
FFF6CA01
FFFC6E76
FFFDD23B
000134A4
FFFDE7A0
00045F80
FFFF3226
FFFAC208
0008CD62
000379DE
FFFAD459
0006C468
0001CA55
0001C650
FFF6C65A
FFFB94FF
0001234C
00041284
FFF989E2
000050EB
000076BE
FFFBB99E
FFF6CA9E
0009CE2F
0011D4BB
FFFEDFB8
0001E020
00028AC8
FFF84D3F
FFFE6F1F
00082CB2
FFFD91BC
0004EE69
FFFA8247
00021B7C
0006FAFC
FFFF3EAD
0005ECA4
0004578A
FFF92630
FFFF8FD6
00072CD7
FFFAAD66
00039AB7
FFF80DC3
FFF4DF63
0005C127
FFF69B45
0009CE45
FFF9ABA1
FFF7318C
000FA8EC
FFFCA363
FFF56D53
FFF5DBC8
00024F98
FFFA785D
00000DE1
000245CD
FFF3632A
00003207
FFFA3C67
0005EA49
0002FE70
0009665F
FFF6741B
FFF8FCF1
00046687
0001B3B8
00055AE9
0000EB9B
FFF8BAA6
0006CA4A
000492B0
000A91BF
00015403
0000E85D
0002C888
FFEE71C5
FFEECA30
FFFDCCA1
FFF78897
FFFF0E5A
FFFAE2B6
FFF7B891
FFF87BB3
FFFC1D5C
00029C09
FFF77395
0005E262
FFFE1022
000555FD
FFFA6392
0005B052
FFFB6CAC
0003B130
FFFF37AE
FFFFE679
0006D5AE
FFF99EF0
FFF3F953
00036C63
FFF68BB9
00053ADF
0004D945
00073C18
FFF6D8A8
FFFEA11B
FFF4B9D4
00014612
FFF9EAD3
000A8FC5
FFF90DC9
FFFDA0FF
FFF6DCEA
FFF7B29C
FFFA5DA3
0002E512
FFF9564A
FFFA58CA
FFF2F64F
0000F0FC
000275A1
0014A6A4
0007B0A8
FFFBBA6A
0002C00B
FFFDBE8D
FFFDEB24
000120A0
0003DC7E
FFEE6A7D
FFF33FE0
FFFFFA27
FFF3C298
000CD2C9
00083DBC
FFFC5608
00050B9C
FFFF8C82
FFFFA35A
FFF7F5C3
00075218
FFF7C2D3
FFF82F22
0002BB86
FFFDE903
0006F0D4
00085C87
00010458
FFF8BDEF
0007334C
FFFF9139
000D22DD
000263F4
0008A114
0007759D
0004C197
FFF7980F
FFF927F7
FFFDBC35
000224EA
0008ED23
0003F51B
FFFECDE6
00054F72
FFFEE335
FFFD7ED6
FFF10009
FFF6B8C1
00033B60
000072B9
FFF78D77
FFFF2FF5
0000A939
00038A13
FFFD0F8D
0002298B
000BE259
00096260
00040834
00007E8E
00035FFD
FFFD7D05
00068615
0002B564
0002928C
0002C836
FFF813A6
0000544B
FFF9FB44
FFFC6903
FFF43F51
FFF15A5F
0003A889
00104E90
FFF9E598
FFFFA603
00078895
FFFF020A
FFFE0304
00012320
FFFDAC9A
00083F9D
FFF64F7E
0004190E
0002AF96
0002AF80
0003681A
FFFB550F
FFF9CD8F
FFFDB440
FFF4B7A3
FFF8273E
FFFEF15A
FFFDDD21
0000C950
FFFB79B9
0000DB5B
FFFDD8C4
00001659
FFFF1D82
000053E6
0006F8D3
0002B8EF
0009CD7A
FFF429A5
FFFEA53A
0001D041
FFFDA200
000ABA03
FFF7598F
FFFB7B2E
FFF86FAF
FFF7FA6C
FFF763FE
0006C422
00068A81
00065CB0
FFFD553E
00038A22
000CA27B
FFFC8A9C
FFFE905D
FFFED4B7
FFF95BE7
FFFC3354
0007FEEA
000C0B3A
0004A6E3
0005EE70
0009788A
FFFF2CA5
000330A1
0006761C
FFFFCC54
0008343E
00035064
FFFE7A1C
FFF5A18E
FFFF4B97
0007BAEE
FFFF7062
FFF6F5F7
FFFBE299
0002D876
0006EDA7
0003A641
0006E4FC
FFF5082E
0003B278
FFF7B505
FFFB3AA1
FFFCEF36
FFFEF935
FFFBA8C6
FFFE8BC2
FFFDD126
000CC074
0007EB07
0002C428
0006C191
0008D7A6
000D0EE4
00001DE2
FFF953E5
00050265
000376C7
0003E0EA
0007BD6A
FFF7B6B9
0005C535
FFFC97F8
FFFD9E83
0007A695
000C6A73
00007BCF
00065CC0
00008684
FFFC19FA
FFF95384
FFF2741F
00002124
FFFC8454
00024307
FFFFEC95
00000014
FFFF3334
00007356
0007A3B2
FFF409F9
000B51BB
000059B0
FFF4AEFC
FFF5F7DC
FFEB9343
FFF61F36
FFF82596
FFF88616
FFFE4C1F
FFF54855
FFF8FB94
FFFAF41D
000599C5
000CB30E
0003997E
FFFF42B1
00025930
0003EFE0
000E99C4
0007A9E5
000222CB
0003CE88
FFF54E86
FFFC93D3
FFFBA949
FFF5024F
FFFBA946
0010B728
00077293
00006E57
FFFAEDFF
FFF30D61
FFFC51F9
FFFE6C03
FFF91575
00055E07
000526F2
FFFDF471
FFFD4399
00011EDB
000334F4
FFFCA01D
000569BB
FFFF01B6
0004ADCD
000A7664
FFF6BD22
FFFB0C26
00073276
FFFCBF9D
000F1CAA
FFF89353
FFF6D5A1
00066833
0002DFC4
FFF6F5EA
FFFB8617
0001740A
FFF2DFD6
FFF84881
FFFA2EE1
FFFAB0BF
FFF8EE19
FFF95C8C
FFFCA8F9
FFF63F47
0006377F
00055A33
FFFCC461
0009C189
00042305
FFFF6694
0007309B
00017B0B
FFF84A59
FFFF357B
FFF7119D
FFFC8185
FFFD2576
0010F0EE
FFFC2F8D
0003ABF0
FFFAFAF8
00029293
0007AB27
0006889C
00104EB3
0004FC20
FFF74C03
000E698A
FFFB8923
FFF105E3
0011C31A
000681D9
000A5DFA
0007E9F2
00082BA3
FFF95F53
FFFC16EE
FFF2DC1E
FFFBF314
FFFAA559
0001FB10
00020723
0008358E
FFFEF668
FFF2A3C4
FFF58A3E
0011FFC1
000DFEA7
FFEF6873
FFF5A2BF
FFF16814
FFFBAE96
FFF45420
00027E17
FFF55D8C
000E4B65
FFEDF298
FFF61993
FFF05805
00008F62
FFF6192F
FFFC2AF5
000EAA2E
000D0216
FFF634D9
FFFF7B96
00107A0E
FFFA5F88
FFEB2ADD
00023B76
FFF330C7
FFFF4D88
0000DE84
0013F52E
0008D039
0012289F
0013C856
00045D45
FFF24F9E
FFF4845F
FFF13877
FFEE6092
0003493F
001E4480
FFF7ADC9
FFFA3E97
0000BB88
000CAAB9
FFF00E65
00163555
FFF294BF
FFFBB60D
000E132A
FFFF35E4
000402D9
FFFDB0E0
000ED0F8
000320B6
FFF835C8
FFF0456D
FFEDDEA8
002246B1
00053375
0000723C
0014237D
FFF827AF
FFF5D826
FFFFAE54
FFE8C3BB
FFF9DF06
FFF079BB
FFFF93AE
0006A9DD
000B1280
FFEDF1CC
0013BB15
000594AF
FFF55606
000D6B28
FFFB5B4D
000ED7D1
000A513C
FFEE59D9
0003D952
000956F0
0002F877
FFF3E51B
FFF9AA81
000F00CD
0002CDEC
FFFF14F9
00119906
FFF66A52
FFFD7C31
FFF739EF
FFF50C9D
000412E9
000059B1
FFFAFF8C
FFF12EEB
000D5458
FFFD53CB
FFFE03BF
FFF43E19
FFEB1224
FFE7F1AF
000710E9
FFEE3CC9
0010C75B
0004FB5E
FFFC8D94
00025CB8
000154C4
FFF5F1CA
00038F63
FFEFF06F
FFFC1B6D
FFFA0B4E
FFF3E858
FFFC47F3
0011431E
FFF9CB89
FFFAF895
000002F6
FFEBBAC5
FFF363C5
00044729
000810A9
000B93EB
000DCF3C
FFF3263D
0000F921
FFFE2A3D
FFF34468
0007B8AE
FFF8240E
00094332
FFFE6F9B
00101EDF
000EE36D
0007A4B1
00072FC1
0013F786
FFE80235
FFF74888
FFF13190
FFF4D256
FFF90BB4
0009A47B
FFEE6ACA
000354F7
FFFCC97A
FFF94887
00042F4D
000D618E
00083684
00139688
FFFA1186
FFF44223
000BE8BB
000ADCF7
FFF55A6D
FFFD5EF7
00138739
FFF6F923
00044282
FFF90DC7
00089BA1
0001030B
FFF4F008
00043019
000173D7
000EDC2F
FFFA63FF
00086D7B
00024C30
FFFB6B25
FFF51747
00097162
FFF9831C
FFFBE2F5
0008CE6A
000027E1
FFFCBCCA
00144C01
000231CB
000665C4
000E8668
FFE016A2
FFF2D548
000919F0
FFFCFA67
FFFB73E9
FFF5F52E
FFF69CFF
0008FEB6
0007F2A8
0010C886
FFFF73BB
FFF5DC89
0005FCD0
FFFFE136
00160138
FFEE852F
0001FE12
0013039B
000FF755
FFF834DC
000C9919
FFF92E61
000B6884
FFFF3FF1
FFED283A
FFF3820B
0007B94B
00047ABE
000C96B7
FFF7C55B
FFF12A74
00127C4E
FFFD7CEB
00084F8B
00037EFC
FFFFDB67
00091E12
FFF7DEF6
000191C9
FFEC7376
00116D1F
000A9B53
00019199
0002A94D
0009FD0C
FFF2BF8F
FFFB122A
0019CDC9
0003EA1F
000D680D
FFF4B641
FFF24BDB
000313AD
000F5E11
0008A168
FFFBE33E
FFFA677B
FFE225A9
FFF6ACB2
FFF824B0
000B1502
0009DA5B
00046E47
FFED75D7
0007BAD3
FFE740E8
FFFDBB32
000A529A
000B382F
FFF95043
FFEC7B70
000F4720
FFF3541D
00020D2D
FFE98C2E
00035EDC
00070E40
FFF0F273
FFF95DBF
00009C78
000AC07F
FFF883D0
FFFAB490
000500AE
000C49F4
000A3673
FFF6EFD5
000CA031
FFFA22C5
00049551
FFF1C6A3
000DE0B4
000AC59B
FFF9AA92
FFF708CF
00168B1B
00077E3E
001A9F11
FFF5D3A7
FFF588B2
FFF758D3
FFFC4DD2
0005B9F8
00011250
000FDC8A
FFFC6EDD
000B5EB9
000558E0
FFFD07EB
FFF31F5D
FFF46395
FFFEEBAA
00031D0A
FFF51295
00038753
00027BA7
FFF6240C
0007B875
FFF32E30
000F9FCC
FFF6E095
FFFADC89
FFFAB340
0008A4E0
FFF86ED0
FFEBD30A
FFF33ABC
000613B1
00089292
FFF982DE
000A5E06
FFF205B1
FFF3D9F8
000DE7B4
00120C3D
000B7098
FFF7CAC1
FFEFE879
FFFE680C
000EAC83
FFFEDAD4
FFEBB918
0005159C
FFF4BCFF
FFF9F60F
FFF238DA
000C5712
FFFB1463
001129C2
FFF18C36
0008A4F4
00121E2D
FFFB335F
FFFEB21A
FFEF7B7E
00040957
FFF0BD55
FFFA4B74
FFF1F8A2
FFF72C24
000441FC
FFF46876
0019A42E
0004AE2E
00033E83
000378E0
FFF9E9CD
0001F1A5
000DF6B5
0006E9F2
0029F88B
FFE6A67E
FFF84EC1
0000B764
FFED1743
FFFC1C5D
0018CF9E
FFE2C148
0003AEA1
FFE7FBD5
0003370A
0008BC2F
FFFD6F84
000689E0
FFECD4C0
FFF9E301
FFF61173
002017FB
FFF77D11
001DABC4
000D0650
FFF4E2CD
FFF0DDB4
000A14A8
FFEF0B44
FFE636FA
0008AD9B
FFEB6A5D
FFFDD7A9
0005EDCF
00059F52
FFFCBA9A
0011B001
FFEE8EB5
FFFBA6B4
0012B3B9
FFED2D03
FFF44B91
001183DB
00069E60
000CACD3
00078D96
000070F6
00023CB6
0008F13F
000C9521
FFF4A335
FFFCE562
FFF22B1D
FFF8CC8A
0001F28F
0000824D
FFF51DC7
0003AF10
000ED2F2
FFF2D5CF
FFFBFC18
000575C0
000F832B
00003FC5
FFFD2BD0
00064211
FFFAB8C4
FFFEF28D
FFF45BF2
00026CEF
0001888C
FFF04063
0001B947
00063186
FFFB68FB
00103C78
0004F1D5
0019CD0C
FFFD9C74
0003B843
000478BF
FFFE883E
FFFD60FA
FFF8CDF0
001AF1AD
FFE0A1BA
001FCD80
FFFEECEB
FFEF6838
FFF39328
0007E72E
00019628
FFF7E923
FFF3A3AB
FFF74531
FFF2D14C
0016832C
000121AF
FFF64E56
0006A46F
FFF55505
00085F2A
0002D37B
FFED0472
001615BB
FFF1987E
FFE6E517
000F4DE8
00044999
FFE7B8A5
00031AD3
FFFA44C5
FFE9BFD3
000E65D6
FFF88159
FFF72BDF
FFF3394B
FFF058AA
000FDBA5
000C92A2
000319CD
0000B9EF
000191AA
FFFA5123
FFF2FC36
FFEAF3C9
00059E65
FFFDFA26
FFFF2927
000F9161
FFF9DB6C
00115470
00084960
FFEFCCBF
FFF4851A
001139F8
FFE173CF
00036A16
0007DCFC
000C22A0
FFE36585
0008A16F
00091E60
000CE54E
00125A63
FFFECB7B
0006537B
000011B4
FFFE76DB
FFF6C375
FFFFDF9C
0001A2D2
FFF6BCB2
00047DF8
FFFD1B60
00075501
000A0EB6
FFFA9512
00063389
FFF99511
000028BB
0003F28E
FFFFEA65
000E4D79
FFF1ABBE
FFFACE36
000BA628
0003011F
0008AE0C
FFFDB717
FFFCE017
0003BA8C
0004D1E5
FFF0CF42
FFFDB3C0
FFFD8E05
FFFD10A6
FFF512F4
0005D3BD
FFEDCF08
000D04AF
FFF38CF5
00065B4A
FFFF84D3
FFFE1D63
FFF9961E
FFF95E9D
000869A3
00001C20
00126611
FFF71F64
00032D3C
FFF67644
FFFBFBC1
FFFD6AC4
000CA11A
FFFFF94C
001633F2
00012502
FFF8C8F9
000104B7
0003188D
0002EF86
FFFE5AE2
FFFDAAA5
FFFBC244
FFFF342D
0000ED8C
FFFF8147
FFF98847
000E45F7
0003D13B
FFF540C4
FFFC1C3A
00033678
0004B47A
0000CFC0
FFFC8C51
FFFE6BC6
0005B994
FFF9D9D7
0017A521
FFF403AB
FFFCD74C
00020654
000476CF
FFF71EE1
FFFB7A65
FFFFA8DA
FFF5D1AF
0006E743
0003E788
0003372E
000B6214
000972DC
FFFD68B1
FFFBB5C8
000009E6
FFFD9A18
FFFD76BC
FFFFD71D
FFF43950
0003FD07
FFFC7735
FFF4ABAE
001085F8
000147CF
FFFDFAF6
00042A9A
0007A8A0
FFFE8BE7
0001D205
0002D659
FFF7A843
00056AC7
FFFF6841
FFF05AEB
000A2397
FFFAE782
000077E2
FFF8CE9B
FFFD1F2B
FFF834E2
FFFD6002
0000F632
0009FE23
FFFE5EF5
00017F97
FFFF32AB
000305C2
0008ECC1
0010D23E
FFFAC1D8
0003BC3E
FFFC1897
000A3CB3
0000C873
000406ED
000BA764
FFF6B873
000AA929
0004A9CB
0008745C
0002E3C0
FFFFF03E
FFF58A74
000717C5
000045A2
000547F0
FFFD0153
00086B04
FFFABFB5
FFFABE61
00022EA2
00094FB5
FFF7B397
FFF7C2DE
FFF945EC
FFFE23F4
000F432D
FFF57891
FFFA16E5
00107835
FFF13484
FFF5A36B
00048DDD
FFFED5C4
FFF6EE70
0005C1C8
00007338
FFFEC7D1
FFFE9483
FFFBDFF0
00058ED7
FFFAC6F9
FFFC4087
FFFF3156
0000F11A
00016485
FFFFDE08
000021BF
FFFC9F1A
000B969C
0009D49B
FFFD8216
0005DBB9
0009D0CC
FFFEA2C1
0001CAFD
000896E9
FFF940C7
00025D11
000824DB
0005A0A4
FFFB0936
FFF9260B
0007B719
FFFE7FF8
FFFECEB6
000ADF22
00028F1C
0007E80C
000A4643
00015D8E
0004B0E6
0000159A
FFF6B784
FFFFCAFD
0003D640
00024058
FFF65BC2
FFFA79EA
00074C9C
0007DD04
FFFA98C9
FFF8C45B
00051038
00071EA1
0000DA61
0005501A
FFFF7730
0010CA82
00016B06
FFFE158F
000A7C9E
00019332
FFF9FA01
FFF660E2
0007BE7F
FFFEAEFA
0006B345
FFFC97FD
FFFCF496
000B7C4C
0001E7AC
FFF92028
00025945
0002603A
0004B168
FFF5D501
FFF9E94D
0005B32F
FFFB89EA
000C55E4
000B7F72
FFF749DF
FFFEA3BE
FFFA7F9A
000AE3A9
0008FDD2
0004F083
FFF4F925
0000529C
FFF7315D
00001724
000393F7
FFF87F53
00087B5E
000A98C1
0007838A
0007A189
FFFDECC8
FFF8974F
FFFBFED5
0004FAAF
FFF5E071
FFF821E1
FFFF6DA8
FFF75923
FFFE1D61
000AFBB9
00045622
FFFDA98B
0008A99C
0006C0F3
00030A41
000F57C8
000DAE0E
000E1D6D
000C53D4
00024241
00097109
FFFC4269
FFFBE8D5
0003DECB
0007B18E
000B2956
000676DA
000CF148
0001498C
FFF7C821
0005F39A
000CCE81
00025716
FFF693DC
FFFCFF91
FFF72256
0004A900
000E4C29
FFFA9D84
00062315
FFF6A4F5
FFF4A590
00044E3B
0006BD59
FFE8E992
FFFD8A7E
0001D5E5
FFF15BE4
FFF85E7E
0000CE82
FFF85E34
00093295
000C5EF0
FFF3A082
0006D8FB
FFF971F9
FFFD3357
000CAC99
00006DD5
0001CD4D
0005D693
FFFE5FC6
000C6982
FFF9E79D
0003BC89
00079BB4
000153B8
000B943A
0009C9D8
0007D664
00054FB1
00071DF1
FFFAADB1
000B1CA5
FFF7E6CD
FFFA3CA4
000B2DB0
000BC2D7
FFFA93DA
FFFFC632
FFFF3964
000183B9
000789E6
FFF95B16
FFFEF7B3
000A3B29
FFFCC2DF
FFF60453
0003D600
000760DA
FFF5FA82
0000DDA1
FFFB7358
FFFA5E8A
000C601D
000DB93B
000414F6
000315AD
000781EB
FFF8B9F9
FFFBEF14
000E4E64
0009A91F
FFFED637
FFF17A6E
000B664A
FFF5BA9F
FFF3B15B
000B9AF3
FFFA1033
FFF15FE1
FFFF134F
FFFC25D8
FFF717C6
0000A906
000CE2D0
FFF4A2D5
000F2899
00088B1E
FFF3FD7C
FFF854C0
0001FF8D
FFF8BED1
FFFB3EE3
0001604B
FFFDAA1B
000489D1
FFFB0B61
0005ECB7
000117AF
FFFD7B2A
000049E4
0008A9EF
000D1510
FFF45954
000CFFB1
0007B60D
00017E5B
FFFF161F
00056742
FFF7C90D
FFF43BB9
FFFECDCD
0003B82A
FFF554D3
0000650C
0000FD67
FFFC548E
FFFF6C4C
00078310
FFFE33AA
00005E5F
FFFEB6C9
000EECC5
FFF662F0
FFF97B8E
0003BF2F
0007457E
000431C2
000AB932
0003890E
00012FE5
0002BEBF
FFFC8B7D
FFF54F96
000037EE
000F9B91
000C063B
00081326
FFFE9CDC
FFF91C26
0003AFF9
00068A0E
FFFAC051
FFFD8CF4
000C80F3
FFF929BF
FFFA7B26
00076D4B
0006CE2D
FFFB1EBF
FFFEC5F8
FFF546FD
0005E2C4
000B1402
000E07B6
0010C651
000847BD
FFEA9871
0000A0FF
FFF84193
FFEECB71
FFF8C09F
0009D75B
FFF96012
000337E7
00050430
FFEA44E3
0013746B
FFF796B8
FFF1F35D
FFFDE407
0003926F
FFFD3165
000AB587
FFF9AE50
FFF7C93E
000B9697
FFFA7471
FFF931A7
FFFF1800
000B4E72
0004CFFA
FFFFE6E6
000105CD
0008240B
FFF9A272
0007FE38
FFF9A965
0004A91B
FFF90C43
0003923F
FFFB9AA4
000E390E
FFF5B62A
FFFFC159
00038739
0006A11B
FFF9E576
00015143
0008BB2C
FFFA0776
00022AD9
FFFB2982
FFF106DD
0002609D
00022DD7
FFFB6B03
00064B72
00071B1E
0009A53C
000879A3
000D20C5
0000A5FB
0002005F
FFF7B63F
00006D61
00009126
00013C87
FFF43B9A
FFFC96E1
FFF3F4A1
000EE554
000511C7
00059FB6
FFF849BD
0000791B
FFFBF12D
0009BFFF
00036EE6
FFEC5517
00122851
FFFB678C
FFEF46D9
FFFF1618
FFFEA12A
00001541
00047DE2
00017E6D
FFF77F1E
FFFBFE62
FFF4DBCC
FFF7603E
0004057A
000C03F1
FFF79712
000B1A5B
FFF7A41F
FFFAAA40
000D7969
FFF497A9
FFEFA0F0
000C73CF
00070D50
FFFDB05B
00000574
000C1318
FFFD71D5
000B207F
FFFF3FE1
FFF6E566
FFF8B7FD
00092994
FFFC491C
0009865F
000C6A3F
000A5D30
000A55FB
0002A24F
000046AC
0008B20C
FFF268C1
00086828
FFFC98C4
00072321
0004B6A9
0001F4C4
FFF823F8
000B35C1
0008563C
000099ED
0002C272
FFF5AE80
FFF7A2D0
00033A02
FFF61F29
0003CA21
FFFED8A3
FFFD17A5
FFFD2E73
00004300
FFF81C2B
0007AF06
00142C7D
FFF71E43
0006797E
FFFB271C
FFFC4090
FFF9B803
000DA5AA
FFFBBFE4
FFFA9A43
000CE79B
FFFF0FA2
FFF83E5F
FFFFE083
000A85D4
FFF71576
00049B04
FFF82520
00033DCC
000C6911
FFFC2BAB
000054F9
00015C1F
FFF55E7C
FFFEA94F
0005FA05
000BE663
FFFECEE7
FFF8788D
00032C39
00069EB8
FFFE235E
FFF86E8B
0007203B
0006FCBB
FFF8B5BB
000B68FF
FFFF385F
FFF9D119
0007D1FD
00094DCF
FFF7C3D4
0008C849
00046C5C
00015B62
FFF76F67
FFFE55D6
0006BDF5
00093041
0007B1DE
FFFD5773
00068FBC
FFFBA8E3
FFFF9D3A
FFF62023
00029C4B
0001167C
FFFC162B
00049D25
0004C5B5
0004072E
FFF5F857
000F7F12
FFF580EF
0003415E
FFF63290
0005601A
FFFFBFF2
0007902E
FFFCC19C
FFFCAA1E
0009A707
FFF744A7
FFF92FF5
00098504
FFF5CD74
00076359
000625E9
000C2209
FFFBCD3A
0000B088
FFF565D0
0007C83C
0006779F
FFFF9CED
FFFDF2BB
00039242
FFFD87F7
FFF27D76
0003E241
FFF3EF82
0009B963
00128627
0011924A
00028C0D
FFF97FF1
00071DF0
FFFF7646
FFF27453
0003361B
0005BBCA
FFF1995E
FFFA7697
FFFA0B51
000AC0BF
FFF2ADB8
FFFB85FA
0006B303
FFFD752B
FFF68F63
FFFE8031
FFFAE361
FFF4BB79
FFF7DF65
00026EA0
0009714F
FFFCAF1E
0016A0A2
00093C13
FFFB5205
FFEEDC22
FFFCFE09
FFFD0E7A
0003851E
00027F97
FFF07DCD
000028D0
000D34F4
FFF28D16
FFF3C282
FFFBF639
00054A8F
0005B999
FFF40608
FFF9ED23
00070D62
FFF5854B
FFF70146
FFFBC589
000A87E4
00067F3A
000B7EC6
0003BCAE
FFF0398C
FFF61961
FFFDBB5C
FFE9A55E
FFFD7954
FFFE0D03
FFFAA76E
FFFCA2BB
0005E6D0
FFF81610
0003CE70
000A339C
00024F0F
0005035D
FFF28B4E
FFF40A23
FFF6DE74
FFEB7C3D
FFFDDE6A
000F2904
00077B7B
0000461D
000CCDE6
FFFCECB1
FFF67B35
FFF5BA69
0006AE7E
00076805
FFFF53DF
FFFCE54A
FFF881BB
00020780
000DA51E
000668DA
0005F44A
000CF585
FFF557DB
000395F4
FFF5A833
00039D45
FFFA7367
FFF7B756
FFFE2160
FFF909B7
0007A269
FFF20A54
00014845
FFF2C3BD
FFFA7AB7
FFFA34C2
FFFE2A55
FFF9E2CA
00037BE3
0019A20A
FFFC6634
FFFFDA1A
000F9D7B
FFED9D5E
FFF6ECEE
FFF7CF76
FFFCB0B6
FFF7A1CA
0006C70E
000C7DC3
0001D0C9
FFFA694C
00074FAD
FFFAF299
FFFF049B
0003BD98
0018BA56
FFF5FEC4
00152175
FFFC775A
FFF3CA0D
0002A482
00093815
00059D29
FFF99432
FFFBCA0E
FFF9C951
0006F446
FFFACEEB
FFFC660B
FFF2680D
000C4C2B
000B1B99
000BCD93
001100DA
000D6505
FFFF978F
00010E9B
FFFC22BD
FFFFB87F
0000FD19
0003687E
FFF770F6
00036774
FFFD5A8B
000405FD
FFFD84B1
00082182
000BCE5D
00044032
FFF25268
FFF365F5
FFFBA4AB
000630C7
0004143A
00007D4C
000840DA
0002775B
FFFE8701
FFFBE44B
FFF3C108
FFFAF582
FFEF4AD2
0010751B
FFFB87B3
0005DAB4
FFED56FA
FFFDDB55
FFF77B34
00062EBD
FFFBC618
FFF57643
FFF0862D
000AC6DA
FFFCD2D2
00009B60
FFEF73D8
FFFF0CB6
FFEFDDCD
FFFF8B8E
000B5134
FFF9FC01
FFF90B48
000800A2
00034A94
FFF9C00E
000564E8
00033B6A
001182B7
FFFB0352
0011474E
000178E7
FFF7BACC
FFFD8890
FFF64433
FFF03249
00106BB7
00009F5A
FFF7995A
0003ACBA
00042E8D
0000E661
000CFEC5
0002CFDA
FFF86DCD
00032AD1
00029718
FFF894D1
00030A6F
FFFE6BEC
FFF639F5
FFF999DE
0009F7E9
00069717
FFFD903C
000FA4F6
FFF3665B
FFFDAF72
000DD108
FFF57F81
FFFEA261
000052CA
FFFC9DE0
0008FCA6
00038B56
0001B40D
FFFC1327
0006B6C9
0001F6FE
FFFB4DD8
00080E41
FFF6D9DC
FFFE7A1B
00096447
00029EE7
FFFC7DCA
000074A5
00122CB5
FFFD54AD
FFFABFD7
00062871
FFFD8E07
00022FA0
0004EB29
000ABE02
00054F90
FFFE7730
0000421E
000176E6
00034383
FFFA64A1
000112AD
FFF75D6D
0007F29B
000575FB
FFE5AD80
FFF8F1BB
FFFF4324
00046600
0003FC88
FFFD09B6
001D58C9
00148064
0000260C
FFF31743
FFE4A0D1
FFFE9C22
FFEE3611
FFFD653B
0014747B
FFF908F6
000D4FCC
000B64EB
FFEF3216
0000A585
0011FA3A
FFEFE278
00071F27
FFFDF838
FFFA57C4
FFFB0692
00052B4A
FFFB2668
FFF82DB7
000D9B10
FFFB7D61
FFF71487
FFF84223
FFFD14DD
FFF16689
FFF310E3
00026C8F
00097C6E
0003204A
FFF774D4
000325DC
FFF83545
FFFD371D
FFF94E27
FFF9F85C
00045A97
0003DF27
FFF40FAC
00068A83
0004EFF8
FFF8380A
00032A45
FFF95D19
FFF4FC93
FFFECD28
FFFDE0A8
000C128B
FFFBF2EE
0002BD87
000427BB
0000D606
FFFAF11B
0007F998
FFF94479
0001A513
FFF73012
FFF3D6F2
FFF5FA52
FFFAE955
00115804
FFEFE735
0005C579
FFFB1563
FFFA1045
FFFB23C6
FFEF7199
FFFCE7CE
0011D5BF
FFEC318C
000FC81B
000444C1
FFEA9A29
000ED39A
FFFEACF4
000FA6B8
0008B0A2
00014301
00031236
FFEE6275
FFF7B36E
00019B64
FFF839B5
FFF7B9EB
0002198A
0013D099
0003C10F
00111E84
FFFC85AA
FFF59E20
FFFDAAAA
FFF96B67
0006125E
FFF69521
00008E19
FFF81DB6
0004C9EB
FFF6B1A2
00055D1D
000C8EF2
00067AD6
000ACFEE
000086A7
FFF11A60
000320B3
FFF80796
00067FC8
000047B3
FFF21952
00021F73
0003A871
0012D7FD
FFFBEA5F
00021C80
FFF3E7CB
000A4B1B
0011FB02
FFF621B0
FFFB555E
0004FFCF
FFF83C35
FFFE1E60
0006F248
FFFCE6C9
FFFE0F88
FFFFECFA
FFF8CF9D
000B5959
FFFA3D6F
00038B0D
00020C61
FFF66144
00035BA4
000440DE
00021ABD
000A4C3F
00004B94
FFFC5E59
0004BF0F
000A441C
0007B782
0001BD4E
0001DD3B
00002BC1
FFFCF76E
00095C08
FFF01274
FFF32494
FFFEDC9A
FFFCBFB0
00051243
0006307B
FFF85EA0
000FAE3E
FFFE59EE
FFFEA0EE
FFEAB743
FFF96CF5
FFEB86D2
00057D3D
FFF88AC2
FFF1032C
FFF4B86D
FFFA533B
000A5868
FFF64DB1
FFFBFA32
FFF85587
FFFF643A
FFF3AA44
FFEF7358
000B263C
0002752C
00005C11
FFFE70D9
FFF9D37D
0002D037
FFF8CEC1
FFF1BA4E
0006550C
FFFCBE6E
000C2265
FFF833D0
0004A748
FFF20612
000D9986
000D4BF3
FFF4FD69
FFF349EA
FFF04307
FFEB0FD1
FFFB8C79
001415A0
0002A3EA
FFFDCB5F
0005AAB4
FFFACB1F
000B699B
00001753
0001B766
0004BA98
FFFDE8AC
FFFEABAF
FFFEE568
FFFD23A6
0007A9B9
00037D74
FFE42EBE
FFF47036
FFF94330
001D0190
0004272A
0001B7AB
FFFE4B29
0009F170
FFF6F1D1
FFE22FBD
000B4CC7
0008E8C5
00196677
000D87D7
0004F588
00057FFC
FFF38B35
FFF9C125
0006AC93
FFFB60D6
000EDD80
FFFEC5D1
FFFBBB23
000F2EFB
FFF70761
00073C92
000DB12A
FFF8C778
FFFDF6A2
FFF2A7DC
FFFF0A88
00002045
0001EF11
FFFF2F33
0002DFD5
FFF8F79A
000C0B6E
FFF50A4B
0006BF3C
FFF6440D
00066527
FFF91A65
00051F2F
0005A457
001014EB
FFF3F422
FFF91303
FFF428FD
00017635
FFEF1A36
FFF11CBC
FFF94C18
FFFE0DE2
000D8F8A
00035A13
FFF420A5
0002EDC4
FFF1084D
FFFD4146
0003C972
FFF89E7C
000096B2
0005E30D
FFFE6B9C
00076162
FFFC2CAF
FFFBF305
000662CC
FFFE76A3
FFFA8396
FFF34C1E
FFF81044
FFF7A51B
FFF8A6C5
FFF7626D
00010FB7
00024E9D
FFFA071E
00005115
FFF9E5C2
0001142B
0004E125
0004E1D0
00039B96
0005D0F8
FFF9E510
0000B7FB
FFFE4515
000A0CA5
0004663A
FFFE115E
FFF5AFE8
FFFCD466
FFFDD2CC
FFFAA04B
000AAE1F
00071951
000176CE
FFF91DF9
000136D4
00108CA5
FFFD9058
000FD27A
FFF78CA6
FFFDDEA7
FFFFB15D
00020051
FFFB8EDB
0006548A
FFFB9889
00071998
FFF8AAD7
000348FC
0004A610
000A81A8
00069D04
FFFC0E88
FFFADF0A
FFF5431F
FFF72AA1
000A7FEF
FFFF851D
00048F1C
00019CF0
00029820
FFF77D45
FFFEC3F3
FFF5831B
FFFFF54F
0006A4B3
FFFCABFA
FFFB2E96
FFFEBA0A
00023145
FFF9BEF9
FFF7ABA9
FFFA72A2
00057302
FFFA6A8B
FFF9FC17
FFFFE8C7
000534DF
00057313
00053CA2
0007FAB9
00014A08
0009D331
0012E281
000CB635
FFF82DF1
FFFBEDDD
FFFAD61C
FFF52F43
FFEE15C8
FFF8514A
FFFACBCA
FFF94841
FFFB38B4
00007BF1
FFFFD493
FFFE9DBC
000ACE98
0006EAC7
0008942B
FFFFBAC3
FFF7CB6A
FFF6AB25
000D5010
FFFEE14E
0006851A
FFFAFA89
0008DFCF
00078063
0009BCD7
00081340
00043FE7
FFFBFD0F
FFFDFF58
FFF8D5B0
0005489B
000B3CB8
00010924
0001A3BE
0002D83E
0005DF0B
00023BAA
000E9F85
00013EDA
00094253
00089DBE
FFFC4B5B
0009EE1E
000176E0
FFFEE3A0
FFFA5589
FFF2C35A
FFFB5386
FFFDF327
000452AE
FFF30110
FFFC6C5E
FFF97F66
0001B97B
0000E249
FFFD9C6F
FFF82DA5
0004C5AF
00052B66
FFF53934
FFFD9053
000A2560
0004021E
FFFB0A6B
00063003
0002E2D1
000034E1
0006B4A1
000B4E8C
00042EA9
FFF88E42
FFFE905F
FFF73F0E
0006BEF9
FFF7917F
000028A9
000A96EA
FFFCDD05
FFFA70CE
FFFF15C3
FFF64C5E
00082CB0
FFFC4767
FFFDC019
0004DD35
000D31A9
FFFE5CCF
FFFED615
000C6EC6
00047005
FFF70F14
00014AA0
FFFBACAA
000209AC
0009478F
FFF8EE2D
FFFDC017
00054BD2
FFFF55ED
0002DCEE
0002F1D4
0004297D
FFFD3B5C
00017FFB
00053899
000B28A2
00072D3A
FFFB796F
FFFE4DC9
FFF8FE3E
FFF64B9B
000740EE
000295E0
0005BE28
FFF85E4E
FFFB76E2
0006660A
0006504C
0007078F
000682AE
FFFB4399
0005AEFD
000E36A8
00044BBF
FFFBB1A0
FFF67BD9
00036F3A
000007E6
FFF3A7DF
FFF7845D
FFF5ECAA
FFF40076
FFFD9DCE
FFFCB416
FFFD19F3
FFFAD2F7
FFFC01A0
FFFD8EA5
0005817F
FFFC6D3A
0008908E
FFF62695
FFF6BBC8
FFF92C94
0008CBC8
0005DA23
000B77A8
000502FB
FFF98D21
FFFFA2EE
FFFAF649
00066B45
FFF98093
0007AB2C
0008856D
0001D070
000A9110
FFFF4BD5
00025E3F
00034714
000AFBFD
0005D203
000ABE53
FFFC5722
FFFB6A8F
00056895
000BD7CC
000D495D
FFFE1584
FFF2C270
FFF413A9
0007BC5B
000346D6
FFEF9F4B
00020472
000E4FE9
FFEDB61A
00039458
000574BF
FFFE4C88
FFFFAC19
000040B3
FFF7B345
00061CAF
00031EA7
FFFF2EC9
FFFCD7B4
FFF4FCA3
FFFA1C93
0001A37C
00072F3B
000BD84E
FFF72649
00038A02
FFF9A89C
FFFDB550
FFFC84BD
0008B474
00022609
FFF7D883
FFF70AC7
FFFE3617
00130396
FFF853B0
FFFE5BD0
FFF4F49E
000035B9
FFFF0E83
FFF2D374
FFF27326
00088599
00078B1E
FFFF8252
FFF92221
0000219A
0002ABD5
00033B3A
000398E8
FFF899AA
00120C29
00052900
000778AD
00005547
00122BDA
000AD0AA
FFFA3287
0000D8C3
0000953D
0002DE91
0002E64C
0005D903
FFF74196
0003F4B4
FFFA418F
FFFEC25F
0006C038
FFF9ADF2
FFF804A8
FFFA619E
FFFAB720
FFF6C22E
0003712D
FFF895E9
000BCDE8
0000CA4F
FFFD91C7
00069FD7
0005AD48
000089E6
000B71AD
000415A8
FFF84270
000494AD
0007BB24
FFFF1B03
0009D545
000310E4
FFFB225D
FFFF5A8E
000BD898
00072583
000C92B0
00146FF0
FFF9DAD1
00078003
00023D9F
FFFA8805
0005F007
0008F7F0
FFF61C26
FFF83702
FFF79A03
FFFA851D
FFFAD74B
0003DAC6
FFFB8AC1
00045744
00027433
FFFD831F
FFFF5434
FFF9EC32
00046323
000EBA65
000061E5
00032488
FFFE6EC1
FFFF9BE3
FFF52215
00087424
000403DC
00012115
FFF7AF19
000C8B74
FFFF9DB6
00077104
FFF66097
FFF61185
00038DEA
001007A6
FFF9A255
0000A798
0009B708
FFF62A4A
FFFD935A
000BFBA0
FFF061AE
FFF8FC67
0007E377
00045EC1
FFFB978D
FFF9A088
00030F5A
FFFF4FF4
001503C4
000D2365
00006D70
00006A03
FFFC882C
0006A2FF
00089DFD
0007D31F
FFFB8757
FFFC6C0B
FFFCFFDA
0002D6E2
FFF86279
FFFBD9B5
000C47F0
000C1439
0006038D
0006ECD5
FFFE25EC
FFF8F113
000059FD
FFF6CCB1
000062FE
FFF9ECFB
000D2D59
00134D45
00039358
0008BE6B
000A65D9
FFFB22CE
0008AA2D
FFF9D9A2
FFFB4B66
0004F7C1
00092820
000365D6
00039C4F
000C1FAD
FFFD698D
000FC8F5
FFFEA62E
FFFF9703
0009C6DD
000EADF9
FFFD1DC2
000914E2
0008AA6F
0007136D
00051EA2
000108B2
00083F27
FFFDC3E1
FFF86F52
00018E0E
0006E1B3
FFFE426F
000234C6
00016F9F
FFF9F18C
FFFE8BD4
FFF0C336
FFFAD9BA
FFFD8730
0003C225
FFF93E2E
FFF9AC7A
FFF73886
00010F21
0000E50D
0002749F
0005F008
FFFADB09
FFF4A579
FFF5DD1D
0009F418
00067305
000AFA02
FFFFA008
FFFE6472
000383DB
00083A83
0002466C
0004BAF8
000CDE31
FFFD7AD7
0006D57E
0000D849
FFF8D980
FFF91178
00005C6D
FFFEB1D1
FFF76F29
00040186
000A95B2
FFF91C72
00039E14
00011456
FFFD6918
FFF9E62D
00058D22
FFFFEDCA
00004196
FFF73A8B
0003F329
000308F6
00068015
000271AA
00024568
0003118B
00009340
FFFF6FFB
FFFA85A2
000283D2
FFFE0F88
0008EDCF
00062481
000549B5
00039DFE
FFFAC33D
FFFC1AC0
000B6C0B
FFF96ECB
FFFC5E7A
0011070B
FFFD7882
FFFC5B53
0000F05A
00061419
000858BB
00047B23
FFFA7392
FFFD0210
0009449F
000426E5
00049C99
00096703
00038099
000ADF79
0005F16F
FFFBA853
FFF8B1F5
FFFF34BF
FFFA62C5
FFFF1BE1
FFFFAEB6
000BEF0D
00003F1F
00006788
00060260
FFFC021A
FFF8DACA
00046308
FFF67C4F
00051FE6
FFF944B5
FFFEAD22
0001F3C2
FFF8258E
FFFBAF14
00025732
FFF6BCF1
FFFB0FBF
00052FA6
FFF78313
00063C4E
FFFF9CF3
FFF57499
FFFA757C
0006CF26
00077842
FFFF0BA1
FFFDC4DF
00013CD9
000A79FB
FFED2DD5
0015228B
0010E370
FFEDF0E8
00005BBE
FFF65FC9
FFF42DC4
00186764
0002FC03
FFF9103B
FFEF06CA
FFFE3EE9
000BD25F
0011FDC9
FFF6556B
FFFB1B1B
FFFB93FF
FFEFE775
FFEF05B5
0006C5D4
FFF397F8
001A7073
000F6DB8
FFFEBFF7
0010798E
FFFEC4DF
00057101
0006BA18
000BC222
FFFFC263
00056394
FFF1F185
FFF0A629
FFFBCAAF
0017BC25
FFED26C1
FFFABF0A
0016A762
001D32B8
002FCFB9
FFE6E46D
FFDA3CC6
FFEA4AD9
FFEC56DF
FFF40D72
000A5313
00059AAF
00060ABB
0005D3A7
FFFEDA48
FFF5BD22
0000EFC1
FFF5F182
FFF61AB0
0005366C
FFF7591A
000FD311
FFFF34A9
001F8946
0017A3CE
FFF58CC4
0001F3B0
001CBC1A
FFF4EE86
00069EE6
FFF8BEEB
FFF7C230
FFF02287
00053C56
000173A0
00186080
FFFC7158
FFFB168B
0001D55B
FFF97FF8
FFF24BAB
00093518
0001BBD6
FFF92E5E
00173C46
000F0B6A
FFF77B31
FFFEF6D7
0014592C
FFFCF7D4
00072BDB
FFF50D17
FFEF95A7
FFE28702
000A3F1A
FFFADC5C
FFF8056B
FFFC7978
0008264C
001681A1
FFFB4079
FFF3B093
00178AAD
00109409
000CE13B
FFF6E0EC
FFE580FF
FFF249D9
FFFF95BD
FFF03760
FFFD129E
0018F84D
FFFD4D9F
000B48DB
FFFDB932
FFFCE303
001440D8
000A4C19
FFE97CD6
FFF9BA8D
FFF51C30
FFF21541
FFF9CB9F
000332AD
FFFBA36A
000BDF86
FFF4F0E4
000E42EB
00053CC1
000F0600
0000EC55
FFE3E170
00140ADB
FFF0BF6B
FFEC73CD
001D78C7
FFEDE19A
FFF5C32C
0008FF13
000294B0
0006E571
FFFB1F5D
FFF73C5A
FFF9CD36
FFFC6F37
00199C8C
000A8707
001246BF
FFEEC9FD
00049039
FFFE64B2
00055733
FFDB0E4F
000CFCBF
FFFA0BD1
FFFD8124
001515C9
000F34E1
0013DFCB
FFF24103
00022460
FFF177B7
FFE764F2
000F59FD
FFF8D65A
000C0BA3
0005900F
FFE9295C
001339C0
FFEE2646
FFFFC6BB
FFFABD06
FFF0B9C3
FFEE6C37
00081A51
FFFD9E98
0000BB8B
FFF46502
FFFCC346
FFFCF30B
FFFB110F
00000C3E
0005AB2D
FFECCF55
FFF6BC06
001210A5
000C7E4B
000990B7
FFEBADE7
FFF65578
0006FB1E
FFF0AA7B
0001E7F9
FFF0C922
FFE9FE9B
000101E8
FFF185E0
000683A8
FFEF2CA4
FFF286A9
000DBA43
FFFA82DF
0008C2E3
0009513C
0003CF61
FFFF8BC0
FFE99130
0005C8E3
000B474F
FFF9C25E
FFF8A714
FFF6A3E8
0016869E
0020AB90
0005E984
0009CCC5
FFE8C3D9
0009C578
FFFEFB2E
FFF7C927
0016AE60
FFF69E76
0006ED8F
FFE6A00B
FFED0835
0008A83E
00003E74
FFE5DE9D
FFFA1CE6
FFF6854F
0009A561
FFEA90FC
FFF2009E
000692C9
000D7BE2
0002F3A2
0012F64C
00175CBA
FFF880B2
0014FA16
FFE465E3
FFDF3DDC
001DCFB5
FFF8CDEB
0004C1D8
001D320D
FFE4A8F9
FFE8DF66
00088A2B
0005D599
000BAC15
000E2616
00186187
0001085A
FFF9E256
FFFA1C2E
00053BE0
000AF994
FFF942CB
000E10AD
00197C14
FFD1D21E
FFEDDCAE
FFFF20AE
FFF489FC
0002DC16
001187F0
FFEA517C
00032DBA
FFF9C863
00084EA7
FFFA1A6C
000168FC
FFF591CD
FFFAB619
FFEF4861
FFFA9766
000BDE8A
000D13FA
FFEFA04C
000AC4E4
00117E72
000A4850
FFFA0CAF
0009E65A
FFFF11A6
000CC6EB
FFED908C
0013FCE0
0011FDDD
000B88C0
001487B0
FFF6CC04
0025DB33
FFF0BCCC
FFF3CEAF
FFFD559C
0018E3DA
FFFCC2CF
001D3E14
FFED1C58
FFFEC688
FFEBAFA6
FFF210A4
FFFA5959
FFEA4810
0018E90C
0018AF77
FFF52375
00145F0A
00137F51
FFFD666E
0007A558
FFFAEFD5
FFCD1964
0015C5D1
00081A56
FFF65EA6
0017CF56
FFFB0B67
FFF5E430
0015902C
FFEBDA33
FFF7976D
FFEE9A26
FFFD1547
0005C1B5
FFF70104
FFF1B637
FFFFE7AA
0001DB93
00011967
FFEB007F
001C6F34
FFFF4D86
0006E804
FFF9A228
FFE31768
FFE17E3D
0011AE25
00254101
0023838E
FFFA2683
000D648D
FFFE25C5
00060773
FFF84790
FFF37C81
FFFA44D1
00047DAA
0019AFE5
FFFE074D
FFEBAAB6
FFFEE032
00074EA8
FFE12857
00094B4D
000BEB92
00098A9B
0009B5D7
FFFAB8D8
FFEB62A9
000CCF01
00126256
001383C4
FFF8C67C
000A5C4F
FFFFFDAE
000CBB00
000D1738
FFF9DBD5
FFF25B9D
00128B22
000AED5D
00001CCF
00042ED9
FFF5CF7F
FFDA48DA
00179BF7
0016794C
000E319E
0009A50F
0002EC99
0026EBF8
FFF993F8
FFECFEDC
0025AA92
FFFA6451
FFEBE45D
FFFE76CA
00013725
0009FE42
FFEF23A7
001C3950
000C7618
FFEE99CA
001902A6
FFF59E10
FFDDFC78
00044882
000EE708
FFF7B1A2
00143518
FFF6076E
00216D6C
0009564A
00175E64
00088EFC
FFFEC17D
000704EF
00068B70
000DF314
FFF34F89
000DF634
000053AF
FFE9B376
00041935
FFF37920
000D9CA4
0024FDA2
0003AC18
0011FD97
FFFA4F3B
FFF08B4B
FFF57A38
FFFF6F69
0003BBA7
FFF5C9E5
FFE89AF2
00105352
FFED757C
0014C9E2
FFF52305
00116832
000DD5FC
FFFE0427
FFF9B513
0008AD3F
0001E608
FFF59765
0002644E
FFFEBE42
FFFB1707
00072F62
000ADA82
FFEB612F
000A5553
000DC67E
0005F700
FFFCD1D0
0001CF88
FFF5CF9E
000B4596
000F6F37
002733CF
FFE69F50
000DB528
FFF40446
FFF0EB36
FFF815A4
FFFF46A7
FFFFCB06
FFFA831C
0014A223
FFDC133B
FFFD0F11
000AEB67
00206BF6
000FE04B
FFE7C01E
FFEF2DCE
000A1647
0001FFD6
FFFBC994
FFFF2A88
FFF9A1B7
FFF221E5
00026417
FFF9CD5C
0007EE03
001036B9
0017C7B8
FFF6A946
FFF2B600
FFF06BF0
FFEA0FE1
0014383F
0003B8C9
0004A49D
FFF188A3
FFFB1FB0
0006619B
FFFB9DD7
000B4957
0018D9BB
00170D02
00051DA9
FFD33502
FFFBDB22
0000BA5C
FFE03B48
FFEE3C3D
FFF6297E
FFFEFF0B
FFFAD8C9
000E5B4A
FFEFFC30
000C8158
000A43FF
00021B26
0003B330
000997EF
000AD18C
001196BD
FFE2F12E
FFE911C9
FFE64520
FFF13460
000DCD40
FFF1522A
FFF4D816
00198433
000FBA94
FFFB76A3
000B07A4
FFFD0283
FFE6D1F0
000D5230
00094456
FFFDA0A6
FFFA16E6
00089344
0014416D
FFF8E3B6
FFFCA882
FFF1A0FB
FFFE7B68
0007BDFB
FFFD97FA
FFFA8F12
FFFCA52A
FFF22F99
FFF85D2E
00171C3E
FFF59E9C
000A6907
00092734
FFF53650
FFF31C33
000CABAC
00009B87
0007E006
FFFCAFF9
00131EB2
0006F618
FFF78635
00090067
FFED2621
FFFE315B
FFF85B02
FFF5072D
00013213
FFF3AEE5
FFE0A469
FFEE05A3
000A7CE4
00013376
000A0C88
FFF2FD7F
FFF32EFF
FFF985DB
000A92AC
FFF853B8
00088D35
00144122
FFFF5C78
FFF9108C
FFF2789F
FFF4D07F
0002DAFF
0003FAA6
FFF395EE
000DA575
0003B097
0009A9C2
000CA878
FFFEC01E
FFF575FC
000014C5
FFF7E1C4
00007291
FFFEB35A
FFF1CDB4
FFF58B1E
FFFAD0CC
000DFB6D
000E1A69
FFF7D767
0003BD33
0000B408
FFF91B62
00020C22
FFDDB4A2
FFF0A55B
001B4B90
FFF158EB
00157158
0006B36A
FFF8EF92
FFFE00AC
000EADAE
FFFDA57C
0001E4DD
FFF999B0
000C7802
FFF385B6
0008B6EF
000E5E3B
00020FE9
FFF98073
FFF97775
FFFB386E
FFF01D1C
FFF295C1
00092D64
00099A56
FFF99D84
0008B2F6
000188E1
FFF5CFBE
FFF8A14D
00104367
00026B51
00056567
000A2C90
FFEFB31C
000654CF
0004C1F9
FFF53436
FFEDD774
00164D3A
000B602F
000BC428
FFFB9F6A
0001E0ED
000285CF
0009BC3C
FFF4A755
00182FC0
000053B9
0012600C
0000ED17
FFFA17F4
000536E0
0006758F
FFFA364B
0016CA02
0002473E
FFF35F83
FFFB5479
FFF5A0BB
00032E43
FFF1D2B7
FFED6A5E
FFF54EFA
FFEEB0A5
FFFF5B66
000CE30C
000A4E2F
0003D482
FFF5B47D
00097D26
FFFAAD4C
0001D134
FFEF479B
FFECF624
000A7C48
000ED702
000520AD
FFFBFB42
0006E65D
0011E1C5
000194AE
FFED5A49
FFF5CDDE
00115AB6
FFF34109
FFFFAC8E
00022463
FFF1B34A
0000C6B0
FFF83110
FFF281C2
FFEF29CF
FFF8DBFB
FFF81AEC
FFFBA59D
0008754E
FFFE689C
FFF2FE5F
FFFF32CC
0000810A
FFF33491
0001D026
FFFB35E1
000E2F26
000B1FF3
FFF706BE
000E0C69
FFEF1B02
FFE2098A
FFF159A7
000B4948
00093F4F
000E1C5D
00073A03
FFFCA54B
0001C32B
00004FC4
00088A88
FFFABE48
00007084
00031308
FFFEBDA3
0004A817
000BDC47
FFF0F788
0003A32B
FFE7E44A
FFF0FEE4
00002BC5
0010E910
FFFE6D85
0006166E
0002C7E6
00053A28
FFF893B6
FFF9CCAD
00077C49
FFF02D00
FFF936D8
00029F71
FFFCEEAE
000CBFFD
0014791F
000080CA
FFF51D0E
FFF95E90
000D8197
000CD378
FFFB9EDC
000E4123
FFF53864
FFF61EC3
00099C44
FFF09B31
00004583
FFF6F4F8
000568EE
001198BB
00006A67
00135708
FFFE33C8
0007E888
FFF91949
FFF4DC74
FFFE4360
0011C5C1
0016F920
FFF92867
FFF0EFBC
00082017
FFF9FBBD
00057C73
FFF7CF31
0005647E
FFF65C10
FFF3C643
00046DF4
000B8C32
00040B54
FFFA8C88
FFEFAFCB
FFFCD375
FFFAB432
0008B64B
FFF48402
FFFD6FEF
0007C637
FFF25759
FFFC6448
FFEF4399
FFF4AE4A
FFFB20D7
FFFCB605
0010B537
FFF42016
FFF97918
000BACBD
000102E7
00124B00
0003ED89
FFFB69A0
00010021
FFF51D53
0000983F
00012E7C
FFF463CE
000217B2
FFF8067B
0006362A
0009964A
FFF40CF0
FFFA4C88
FFF41BB5
FFE61A53
00114DBB
000F1C7F
FFF4EB0B
000A0646
FFF8A1D9
00040DBF
FFFB89AE
FFF74F9F
000944A1
FFF605FA
0008D2EB
FFF459AC
FFF7D33D
FFF7B9AC
FFFE5B8E
FFFB5BF4
FFF1BA27
000943B0
0001DCFD
000243A7
FFEAACB0
00019D05
00129759
FFEB1C57
0008EE94
FFF765D4
00025732
00009703
000E2B4D
000F85C2
00030D78
FFF4A123
FFFD9B1F
0008D918
001069A3
FFFFDF1D
00067FDC
FFFF5F79
FFFB8CF8
FFF18712
0009BAAE
FFF33CC3
0009B232
FFFC65C5
0007BEFB
00030CDE
00052905
000148CC
FFEED7C8
000EBB01
00098FF8
0002E334
FFF4FD47
FFFBB62E
FFF3A8F4
0005D218
FFFCD236
000BF6BD
0004559A
FFFFF81D
FFF71D85
0005B608
000B8CF8
0002C0F7
FFF9CC98
00003A49
FFFFA013
FFFAEEF6
0003AA55
FFFD7284
000B6981
FFFDBA98
00014B37
0013F4B4
FFF84C8A
FFFF6F9D
000843DD
FFF260F8
FFFE8A88
000998FC
000BFAFD
FFF2AA58
FFF4E72B
FFF8625C
00076E3B
000477E6
FFFAA12D
0017759D
0011622F
FFF893E6
000CC5C3
FFFC3331
000297FB
FFFC1D55
0008C9DD
FFFAA068
FFF9EF11
FFFE9CBF
0011A5C2
0009D16F
FFF5F377
FFF76F24
FFEF71AA
000CAD2B
00062DEC
FFF96C1F
FFF03CCE
FFF92E53
FFF6321A
0009476F
FFF9F2DC
0008FAFC
FFF8746A
FFFADF92
0006A16C
00113692
0000D2AC
000051C5
0006FA26
FFFD8F47
FFFD742D
000B90FB
FFFE1410
00190D66
000F635F
000C9C48
00153BDE
FFF93552
FFF8B813
0002167D
FFFC277E
FFFAF38D
FFF4D589
0010EEF3
FFF94DD4
0016032A
00148346
0004192A
000BAF9B
0006D216
0005E1C0
0007B139
FFF65295
FFFBDFD2
000990D0
FFF64639
FFEE2F19
000E4DC4
0009D87E
FFF27C1E
FFF31937
001078F2
FFFB1066
000D5EB6
FFEE3D85
FFE7207D
FFDB1479
00123FE6
00115E11
0008C58B
FFF0C7C4
FFFE974E
00188587
000E456A
FFE3BD51
FFFBE817
FFFF1731
FFFA0E15
0004E2AD
FFF7275F
FFFD43B6
00096E45
00041223
FFFA896D
FFE8E6CA
00025BF6
FFF83020
FFFDF262
FFFFE611
0003957B
0003FD7D
FFFF9BB7
FFF07AA0
000F3437
FFFDFB49
0009FCA7
FFF6D36F
0002D0D2
000EFB12
0015A564
FFF7ACAC
000000DC
00135CAE
FFFA2726
0007C1EC
FFF9AC7B
00092162
FFEFBC03
FFF6E022
00069B01
FFF99B0F
FFFC4906
FFFBBEA3
0000DF37
00090E6D
0004DB2F
00081F9E
000B67D1
00033ABF
FFF687B7
0007D208
FFF9A2C6
0005CB8A
0001B839
0009033D
FFF90BA0
FFFC85F1
0008A2CB
00043E27
00050A25
FFF553DE
FFF5450B
0004A60D
FFF9D418
000173B2
FFF7FB7E
0000D901
FFDF12DB
FFFA5D48
0017F933
FFF2EDCA
00022204
FFF7734A
0009CD07
000CD429
FFF95094
FFF9D509
000DE314
FFFF03E3
00086CF9
FFFF609A
FFFFD825
000BF688
000C7470
FFFC3E8A
FFF81F22
FFFCA773
00020198
00000AE3
FFFEADAD
0011D4C7
FFECEC01
FFF8FE7D
FFF3547B
FFE0F030
000313BC
001E62F6
000A3908
000285D8
0004EDE6
FFFF38F6
0012551C
FFF153BD
00052AA8
0005A170
000F5D1C
00141259
FFFFF640
FFFDEB22
FFF35C74
0005FA3D
00061271
000FA876
000789E7
FFFACA4C
FFF1AE92
0005F594
000AE8A3
FFEC1D01
00052E05
FFFD3E47
FFECE553
FFF9A74A
00011BA8
000963F2
001015F9
FFFABC69
000D2FA9
0001D915
FFF95243
FFFE6ED0
000CFB9D
FFFD69C7
00064370
000B042C
0004F88A
FFF9A94C
00023FAA
000B50F4
0005D693
FFFC86A3
FFFF7938
FFFAB041
FFFD01BB
FFFB84E6
FFFD6173
FFF49C27
00067216
000C703B
00019EE5
FFEE87F1
00098548
FFFD832A
000864CC
FFF9193D
FFF7A999
FFF71604
FFFF0076
FFF29D8D
FFFC0BF1
FFF6E420
000FF968
000A3327
00076988
000DE76C
FFF62A8A
FFEFAC6B
0003A73A
000929A5
FFF2DADB
00091851
FFF6BCC2
FFFE5F09
000A1950
000896D4
000305C7
000924D6
FFF44CE2
FFFCBA48
0008D05D
FFF5A9A0
0003F99A
FFFC05C9
0003E3FD
FFFB5432
000C1FD5
00054B42
0003EB96
FFFE6B39
0002DF96
00033B21
FFF653D0
FFF1BCAF
0002F746
FFF3D132
0015B42A
0010EEFB
00041F0A
0005B497
0012C15B
00030194
00139019
000AF9DC
FFEEF63E
FFED2AB8
FFEA9439
00004219
000CC3F9
FFF0F8B7
FFF2A367
0005A282
0005CAB3
FFE95146
00096454
00163A12
FFFB92D9
0009371C
FFFA9C48
0004B562
FFF54F9D
0006A0F1
0000C41A
001289C9
FFFCBB25
001133F6
FFF6113C
0006CF3D
000C3179
FFFD87F9
FFFBB430
FFEA0D35
00090591
FFEB0A17
FFFD3055
FFF7F588
00056472
FFFC0B56
FFF39D99
FFEC99B2
FFF6933A
0001A9F4
FFEDFEE1
00000E06
FFFFBEFC
00079317
FFF585AB
FFF0DDBC
FFDB7394
000A738B
FFF2D91C
FFED498A
FFF74A24
00078F8A
FFFDA266
FFF8BEB3
0001EB5C
0002D03F
FFF6D64C
000E7D4D
00004EE8
FFF2EC23
FFF7B7E4
0017C200
0005ABFA
FFF45E08
FFF70C03
FFFAF04D
FFFE847C
0003ADEA
00035387
00095950
00070347
FFF5E6E0
00046F5E
FFED78D8
FFFACB76
FFFBD43F
FFFFBFFD
FFF590C3
000D88F2
FFFEBE43
000594F7
000F0532
0003EC33
FFEAE57F
0002B232
FFE55F58
FFE582AD
000F5BA2
0005E663
000E834A
00032DB3
FFFFE058
00139855
001179A8
0008CA3D
001081AE
00011639
0012AE16
0000116F
FFFACF02
FFFACBC2
0000EB61
00008486
00112BA8
FFFE6B76
000D563D
FFFECD98
000949E0
00043A92
FFED938A
FFFBCF55
00019346
FFF0691E
FFDFB074
000723C9
0008B480
00025BE4
FFF2ED06
0007F9B0
000A73E2
00019210
FFF2D680
00085F1A
FFFD5872
001C760C
00039A21
000FD459
000AE8C4
FFF718E7
00138A7C
FFFEFAF7
FFF92C82
FFEE6940
FFF08E46
00060B9D
FFFF066B
FFFAB16C
0000ED73
FFFBC19C
00045E2B
0000E12B
FFFB4399
FFFC6722
0000BE2E
FFF82AC4
FFFEBEC6
0018381E
000F5866
000718FA
0003B072
0000CF02
FFFFF71E
FFF48541
FFEE9599
FFEF764E
00108A6F
0007DAEE
00017881
0001D81C
FFF5E537
FFF30FC1
FFF30E55
00087294
0013AC34
00045393
000898C1
00022690
FFFF01FC
0002B5E5
FFF50B57
FFF63BDF
FFFD185B
0003439B
FFF6C9E3
FFF3DA97
000662A2
FFFCB8D8
FFF6FEFB
FFFD27CB
FFFD80F7
0013CF6B
000E2996
000A131B
00023506
FFF64471
FFEFE963
FFF0A2A7
0005214C
000A41C9
FFF8EBC6
FFF63FBE
FFFED8DD
0002388F
FFFB4BFA
FFFF3E3C
FFF32E3A
0004702F
FFF1DAF4
000CBB1A
000AC2EC
FFF9E8ED
FFFAC117
FFFCC365
FFF8BE61
000258F8
FFEE44C6
0004D521
00032100
00106B54
000317AB
FFFC5C4A
FFF54EB7
FFF1BA1E
FFF38B77
FFFC478D
00051244
FFF8C3F6
FFE2A921
FFF78DDF
FFF43AB4
000AB754
0013483F
0000529E
00111903
FFEF35B4
0018F69B
0019FF42
FFF971C6
FFFF86FA
00053C69
00000F97
000BF8C1
00138C58
00066E50
FFEB31F6
0007D307
0001C522
00017A4B
000B70EA
000C89D7
FFFF03BD
FFF3CF65
00003EE6
FFF6E03C
FFFE53C7
0010B94F
0005E3B3
00048235
00121F23
000DCDF1
000299E6
0010CEB3
000BA8B0
00040FDC
FFFAB98A
FFF85192
00004E41
0006AA50
0009862E
000E0A2F
0017B8F2
000BD64B
FFFAD606
0004452B
FFFC9866
000F8207
FFF530A5
FFF82A8B
0004A381
000BC75F
000483B2
0008A268
00090584
00080890
0000CF5B
FFF7EE00
000A13EC
FFF82AF0
FFFE1020
FFF29747
0004A1AE
000571A2
00018BAD
FFEE9AA5
0007D620
FFFAF981
0008AABE
000A0D7E
0003D651
00140E95
FFF395D4
FFFFA357
000D81D7
0008C36C
000E41EC
FFF9084D
FFFC50DB
000C0262
0017BD22
FFF8EC84
000BF5D6
FFFBADE8
0002D711
FFF7CDE6
FFF17EA8
FFF94F42
FFF3AD0B
FFFDB698
FFFBCB13
000E9C10
FFF571AC
FFFB6221
000B678F
00099785
000A60FF
FFFBB587
FFFA45AD
00052DE8
000B9186
FFEFE87C
FFF84655
FFF65224
00021D48
FFF4F93F
0002B392
FFEE913A
FFFA9418
000A8DA7
FFFE3D83
FFFCDD8E
000CB7D5
000477CA
00001624
FFF6ACD0
FFFCCB4C
FFFBE866
000BD031
FFFE5258
FFFF4282
FFFC6E53
FFF0ED2A
FFFF7208
00072A7C
FFF65CB0
00072118
0001A51A
000117C5
0006E1DB
000EF184
00068E9A
00023546
FFF93AF1
000E09A4
FFFA8122
FFFA2751
00016457
FFF20A8E
000C4255
0004B11C
00093EEC
0002609A
FFE1DC88
000B34F0
FFFE7EFB
000F8694
FFFADEE5
001CF056
000FEDA4
0003669A
0001BC58
001825CC
FFF2E6B0
00025A55
FFF36B1C
FFE7D230
00091704
000BBEE1
FFFE1722
FFEE892D
FFEB5A84
00057047
FFF57F95
FFFE7017
000BCDBF
FFF55FDE
FFFF2EF0
00090E60
FFFE86CC
000B313E
FFFD61CC
0005AD5F
0000D1A8
FFF660DD
00026774
FFF47514
FFF735B7
FFF007F2
0002810D
00102E01
00068084
000AA440
00025D76
FFFF3B90
00049385
FFE29AFE
FFF091B6
FFF6E0E2
0006CA9C
000BEF62
FFFD5025
FFFC2C92
000C76A0
FFF58EC4
FFF6C4E5
0003F743
FFE77192
FFFB4860
000992A6
0002B945
FFFE0EB5
000AB4F6
FFF7539A
0002104D
FFFED32D
FFF50F94
00049A67
0001D738
FFFF745D
FFEEFB70
FFF25486
FFF6D377
FFF37E17
FFFD8C97
FFFDD300
FFE284E9
FFF2BF1D
000C5F05
00133CB5
0001F4EB
FFF790AC
000B758A
FFFF3F75
00138A2F
FFE342E5
FFFD7823
FFF001EC
FFF5BF86
FFFFF5A4
00061C84
0001B419
0009A687
0007057F
FFF8EBF7
FFFD07AC
000A76C7
0005299A
FFF231E9
0001C34B
0005CD09
FFFAB0F5
FFF46E01
FFF33119
00029F5B
0007A4A1
0002DE19
FFF8DD5B
00059E6B
00136A37
FFFA7B44
0005E020
FFE4FDB3
000FA625
FFFEFD24
FFFF9D46
000B904F
FFFF1520
FFEEFBBE
FFF269D4
FFE39ADA
0007B2F7
FFF8F0A6
00051BF4
00049F6C
00036E8B
FFF65A06
FFF1564A
000031B0
000027FA
FFFE2CC3
001A398C
FFFA5825
FFF86445
000555CC
000B9A11
000D452E
0003E2AF
FFE50728
000EE4EC
00080E9B
FFF358B3
FFFF861B
000CF3B2
000E3EB8
000B986D
0012B246
FFF9C626
000CC4C1
FFFD9155
001C2924
0005EB96
000BD3C1
00099105
FFECA5D8
FFF99C6A
FFF46E78
FFF638A7
FFF3210D
0001B6D2
FFECAFF3
00053199
FFEE9A0E
0002C3EF
FFF1FC5C
000715E9
0012FF40
00011C16
000CC1FF
FFFD245E
FFFEC525
FFF643A7
0007361F
00063B34
FFFBE377
FFEDFD70
FFF862D7
FFEE83AA
FFFF4C99
FFFFE233
FFF27BCB
0004A584
0008A3F3
0007FD84
FFFDCCEC
0000D3A3
FFF0C086
00119729
0000B733
0002EF3D
0004A780
FFF49244
FFFE0D00
0010D09B
00048A3B
0009DA11
000D002F
FFF53356
FFF97E85
0009416C
FFF40BBF
000378AE
0002630B
00015A7B
00040875
0004D5E6
0009856F
FFF7100C
FFFF964D
FFEF5AC4
FFF710EE
FFF1CBCE
FFF61B69
FFFA1AE9
000C40F2
FFF38BE9
FFF1F223
000EAEDD
00028EA9
00073F47
0005EAA7
FFF14133
FFE8DE5A
00070DF0
000680ED
FFFD3BEC
00058B62
FFFAF869
000A04BA
000098E1
00052F58
FFFE42D3
000D3008
FFF1A55C
FFFCDB99
FFF3E23C
001D6392
FFFBB62D
00020306
0009B63A
FFD7E141
FFFF1C8A
00091C93
FFF744E9
FFFF23FB
00092F7C
000A58E0
0007DF7A
FFEE34C2
FFF0974D
000C72BB
FFFA490B
FFFC5D68
00042623
FFFB6938
000FF929
FFF5622C
0004AF78
FFEE1450
0005CF6E
000A439F
FFF6F740
0003C573
FFFF01B3
FFF9CF74
FFF98428
FFEE6456
0011B135
0007C355
FFF16955
0008D626
000751B5
FFEC3519
FFFB7D80
000DC189
FFF68978
0001DD46
FFFEE378
0003A494
000E8DCE
001557D4
0001AC23
FFFB2678
00036B05
0006AE4A
FFF92C9F
000967F8
0007C06E
0003560D
001287B2
FFF4A686
FFFEDF58
FFF72C04
000318CF
FFFCB2AA
0003F34C
0000C48B
00033A4E
0006DD21
00084935
000DBC49
FFFCEA2E
FFF1C01F
FFEE433B
000B4096
000FE51A
FFEDE647
FFFDE9E9
00010D38
FFFBE6A3
FFE6244B
FFF991DD
FFF24EB7
0001FB4B
000346EE
FFFD2707
FFFA0102
0002F7C3
00060BC6
FFEDB9A3
000ACA74
00046051
FFF56C82
FFF8A484
FFFB7A9F
000A47D5
FFD29053
000F29B5
000AAF13
FFF4A507
0000F424
FFF9C6FB
FFF5DC0A
FFF4BCA7
00072442
FFEE0CE4
FFFB145C
FFF91A01
FFF7C263
FFFAEDDF
0004C588
0007A65C
FFFB0D83
00084230
FFF581E2
0005CBB2
0001FCED
FFEEFCA9
0012E41D
FFF737C2
000054FE
0002324B
000A481F
00046DA4
00015FCE
000708E3
0004523C
FFFF6F60
000386C1
FFF3B953
00056913
FFFB5650
0007A11B
0006EECB
FFFEC5A7
00067319
FFF8FDBA
FFF500D5
FFFF3F5E
00001A32
FFF6FDF9
FFFD76AF
FFF36985
FFFB437C
000C4D13
00171E03
00055DF6
000007DF
00006583
FFF480D2
FFF98AB7
FFEC6E95
000690F8
00011E1A
0004A7E8
FFDF835C
0008996A
FFF2CA62
00118EF0
FFFDBCC4
FFFB6F1B
FFF82953
000E6E5C
FFF39DE3
000A07C0
000191ED
0002A0D0
000149F8
00069623
FFFC3816
FFF270F7
FFEEB382
00098532
FFEA10A5
0008C9F0
000A241B
FFF16211
0004B809
000ADAFE
0003AD1C
FFF8D4BC
FFFE8FFB
00098D74
FFFF98BF
FFF0D07C
FFFD3AA9
FFE06C8E
00030560
0006C080
FFFB2B78
00043AFC
FFEA9F35
FFF65370
FFFB9950
FFF84B67
000D11B1
00147699
FFFC080F
000B99A0
0003F5DF
000CCCC0
00183388
000E7E70
FFFFC03B
FFFD78DE
FFF37D13
0009CD71
FFFFBAFB
FFFA8C75
00050FC2
0004A517
FFF87A3F
00018DFE
0016CB0B
FFFC6820
FFF84B9F
FFFF1D45
FFE75F35
0006FB8E
00037FAE
FFF45C07
FFFB2DDF
001D8345
FFFAC832
00005CF4
000749E5
FFFD730D
FFFDC912
FFF9BFC6
FFF36FA5
000877F6
FFF71573
00027A4F
FFF9AFA0
FFF8EEEF
0002583E
FFF65722
FFF2FF80
FFECE2A4
0007C2D2
000DB442
000CC89F
FFFC1D6C
FFF765B9
0008CAC0
0009BF61
00129438
FFFDE0C1
FFF17F9B
FFFA4C61
0001D4B7
0013790E
FFF63F6E
FFEFEA92
FFF80039
00007EB6
0007D741
FFF9DF13
FFF6E5FD
FFFA9D4D
000CC258
FFFC8592
FFF8EB82
000C8D04
FFFEFEDD
FFFDCADD
000D5B45
FFEA30E3
0001212B
0000F8E6
FFF523BC
00002F53
FFF3858D
00062D4C
000A5307
000FB4CF
00035484
FFCBB276
FFEB9A20
00027D8C
0006EBC8
00077148
FFFF9397
0012C495
000EBB13
00083E6E
FFF504BF
000358A9
FFFED7AB
FFF533D9
0005B044
FFF2652E
FFF8B174
0009B00C
FFF3DF5D
FFF86D95
000333DB
0009B5DB
00031175
00020C12
FFF06C91
FFFC4A68
000DA462
00191B0B
000493C0
FFFA1A6D
FFFDB03B
00083E05
FFED812D
000B0742
FFFF8270
FFF62D62
FFF8420B
00001E0B
FFF8547A
FFF324DB
FFFF37B3
FFFEE8F1
000BD1EA
FFF40427
0000C643
00113001
000C960A
000E9AAE
0003F79B
000672A7
FFF834D8
00012616
FFEEDF49
FFF2B9AC
0007C3B9
FFF4962C
FFED1DB3
FFEC562B
0004836A
FFF9BAA8
00016453
0000CA42
000DE2B5
FFE1FE7C
0014B82A
000C3E21
000955FD
FFFAED26
FFFC1133
00066C28
0005188F
FFF07033
0009EDB0
FFEFE485
FFFF9AD7
0007AFBC
0001069B
FFEB789D
0001142B
FFF191F8
FFF5AECF
000C490D
0018D210
FFF8AA38
FFFB4E57
FFFE44E8
FFF5323B
FFF61F77
0005D503
0008B8C5
000CCA25
0010C462
FFEDE60D
FFFD8129
FFFD8578
FFF2C1D7
0008E322
0000B03D
000AF46D
0005C43D
000A0AE1
FFFC9B4F
FFF6580E
FFE73357
00096EB8
000769F4
000E2F63
FFF94469
0000CEA4
FFF44353
FFF7B44B
0004E6EA
FFFEE26A
FFFADA41
0000C56A
FFFDFC93
FFEEF203
FFF39738
0010ABF9
FFE2ACF2
0003E5D2
0007DF22
FFF53AD1
0000984D
0001D666
FFF4214C
FFF4109A
000650D7
0000C086
FFF5E843
FFFDD025
000C87AA
FFFF4FBB
FFFD24A7
FFF5B6F4
0009F680
0006701E
FFF92FE4
FFEFC734
000D74D4
FFF347B8
FFFE4033
00032B18
FFF470C7
00057FC5
FFF7D379
FFE69E9A
000F4589
FFF7BD38
0001CF84
FFF74646
FFFBEA76
000822DE
0018B99F
000BBD3C
FFF5CDCE
FFE7F0B9
FFDEC2DB
0001D258
FFF3B437
FFF49F53
00092FB0
0008BE84
0006785B
00025064
FFEEB1E8
0008188D
000D70B2
000BBCCB
00087659
00089C29
FFEF4B1C
0004ADB9
000A2DFB
FFF45415
FFE98535
00089216
00081FDA
FFEDB735
FFFBF4F8
FFF8B39E
000F3A69
000F22B1
FFF02A83
FFF33030
0004612E
FFE90E33
FFF22861
FFFCCE12
FFDEB78B
0019D754
FFF75396
00072F3A
0017F195
FFF13561
000A6FEF
000A4418
000DA37E
000EF140
FFF70EF2
FFF7DA3B
000301C7
FFF6FE96
000415A2
FFFF1E4B
FFFEFA61
FFFCFBF0
000E9FE6
FFF0C9EA
FFF79D86
FFFC034D
000BB0F4
00017439
FFF75680
0009FD7E
FFF26F4A
000037CC
FFF1BA7A
00012CE5
000BA6EE
000F426E
FFFFEA2C
000E082E
0006787A
FFFF0BBA
FFF680C3
FFFE2B1A
00017736
FFF4BAE7
00119ED2
0005D31A
FFEE862C
000149B6
00030C6C
FFFDAA00
0004DF16
000E85B1
FFF42F4D
000493AA
FFF9DCBD
0003BCBA
000734FA
FFF8962D
FFFBA961
FFF63740
FFFE77EB
FFFAE418
000D4746
000871AF
FFF3A4D5
FFF4EAF5
0004E6CC
00076BE6
00069D99
00057B9A
FFF56797
FFFFEE69
FFFB0C20
000DE5C8
FFF96D81
00057BDF
000A9AC2
FFF3CE5E
FFFA680F
FFEFC12C
0019542C
000897A9
FFF773F9
0002AD13
FFFC9824
00001F7E
FFFEFEA5
FFEF8766
00067E7B
FFF455A6
FFF630B8
FFFE31AB
FFF7F451
0004F735
FFF7842F
FFF7E46B
FFF6A3A1
FFF824FA
00024282
00069AEB
000A6C9F
FFFA1565
00078435
00004C97
00029D36
FFFB17BF
FFFEED9A
FFF69F86
000433AC
00080EB2
00012D4F
FFF560BC
0001F5F9
0000D61A
0003ADA7
FFEFDA62
FFF800F0
FFF52D68
0001B503
0005252F
0005EC5F
FFF822C4
FFFFA178
FFFF8D64
FFFAA208
0002DF77
0001ADE6
000592BD
FFFB8E89
FFF764FA
FFF3601C
FFF91986
FFFBA5AA
FFFE8806
FFF2E0F4
FFF3CCB0
000D3FBC
FFF6BCAB
FFFD2102
000D0CAE
00003506
FFF69C8E
000403D3
000766A9
0003C827
00038FF6
000039C2
FFFE7838
FFF5CFD1
FFEF9B0F
000B05FB
FFF6987B
FFFE67F5
000BFE65
000A005F
FFFD93E2
FFFD31C6
000BF60F
0009A194
FFFDD2F0
FFFF500B
0002EB1A
FFFC71D3
FFFB81E1
000439AA
FFF44122
FFFCBDE4
FFF53394
FFF89658
FFF91036
FFFC8D89
FFEE4CC9
FFFF68A9
0004CFEF
0006F300
FFFF80CE
00056357
00053559
0007C84C
FFF83E2A
FFF4974B
FFFE1FF4
FFFAD2FB
000F4630
FFF55394
0001DCD2
FFF73C90
000B26A4
FFF9FD59
0001C7A6
FFF4E3B0
0002344D
000AFA2F
0002DD27
FFFC1FEC
0009B519
000479F6
00038064
FFFB2EE5
000DB348
0001B60D
FFFE9B11
00075B2F
FFFF1FD2
FFFB172D
FFFD7BB7
FFF7445F
00044524
001390A2
000A94E2
0004E26C
00137048
FFEA5BF5
FFFC49EF
FFFC667D
FFEC1ED4
FFF9DA61
000955D0
000321BA
000234FC
000C9C09
000CB583
000693CF
0003485B
FFFE3BE3
00024087
0009D29C
FFFB03F8
00083943
FFF9AC98
00091CC7
FFFFF918
000B9BF8
FFF176C8
00074225
FFFBD270
FFFAA55C
FFF7F568
FFF5EEE7
00082EE4
FFFA56E5
FFF8E338
FFFBF61A
000091B0
000E3D48
0006639C
00040ACB
FFF82138
FFF11C2C
FFFAF708
FFF79D23
00084C43
00088156
000C1941
000798A9
FFF9556F
FFFC3487
FFFA337D
FFFA5CD8
FFF6D93F
FFFDE9A7
FFFFED48
FFFFA30C
FFFC8EDF
FFFB91C8
001001DC
00099E14
FFFBE301
FFFA8863
00038E99
00047421
00012F9E
0003E2F9
FFFA6EEC
FFF59F1D
FFF5C43D
FFFF8322
FFF2A610
0006A3E1
FFF0C31B
FFF4D63F
FFF82C37
00021458
00010637
FFFB427D
0007C2CF
FFF919F6
FFF555D4
FFF8F811
FFFF33E3
0005C87F
FFFDEB75
00095C9E
FFF261B8
FFF323DB
000B58B6
FFF43998
FFF7C677
0008C638
00062129
00011259
FFFC80A4
FFFBACED
FFFC8765
000A3C91
000CD9A3
FFFBACCB
0001A10F
000549B7
FFF21F2B
FFF82E17
0002CFCF
FFF8F843
FFFE7459
00061AA8
FFFD58F3
FFFD6E40
00030434
FFFACE3F
FFFE5E4F
FFFE2269
FFF7F4AD
FFF9EFCB
FFF96138
FFF597DA
FFEEE626
FFFEE5BF
0003ADAD
FFF3259C
00024B00
FFFCFD5E
000A5983
FFFDF88C
00069C69
FFFBAB7A
000BE29D
FFFD80F9
FFF74DC2
FFF4F72E
FFFCA85E
FFFD82DC
0002FA15
0002A474
FFFBBD64
FFF3E676
FFFF68A8
FFF5D0BD
FFE5B1F0
000D45B4
0000366E
000237DD
000D4103
0003F1C0
FFFF0722
000D529F
FFFC9CC0
FFF798B4
0001CDE0
00091122
0004F887
0005E939
000DEDA3
00098702
000513B4
00059664
FFFDDBAB
00008BEB
FFF811D4
FFFC125A
FFF5C328
FFFE216A
00067D04
FFFF29F9
FFF5ED3D
FFF44E40
0010FD2D
FFFE13C1
000A0A2A
00014BF0
000A2A79
FFFE434E
FFFED05E
000F9EE9
FFF8A542
0005CF38
FFF930C4
00017563
000A0B69
FFF7BAF3
000A072B
FFFF474C
FFF8252F
00106659
FFF2E4A6
000E95AE
0007F744
FFF83525
FFFF59FC
0006CFB5
FFF49024
FFFC47FC
FFF66A35
00028538
FFFBCBDC
0008A08C
FFF3F89E
FFFD2252
FFFC3EEE
FFF60A62
000C8DDA
FFFEE345
000AD5BE
FFF9F8D4
FFFB8AD6
FFF7CB16
0000B80F
FFFA8711
000EC9CD
000591D8
FFF160D8
FFF41742
FFFE1402
FFF62DBD
FFFC67E4
FFF25FDE
FFF16340
FFF9E231
FFF58B9D
FFED62F0
FFFE3023
000161CF
FFF42F59
00058AAF
FFFF74F6
FFFE96D7
FFFDE550
00004F99
FFF02E1A
FFF6B700
FFF5FAE1
0009AD9B
00001CC0
FFF0DFE2
FFF5ADCD
000CA504
00028F4B
00050EBB
FFFAF7AA
FFF924C7
FFF90AAF
000E2682
0006D6E2
FFF93CFC
00072BB4
000386EB
FFEC97D0
00034213
FFFD76A6
00062742
000A0A9F
FFF9380F
FFF9EAF7
0005B305
FFF8387E
FFFCF1A5
00023764
FFFA7C8B
000102A6
0011D024
000A7C23
0003DD17
FFF4D528
00051926
FFF77CFF
0002DF1D
000B4618
000243B6
FFFBD4CB
FFF77975
FFF2374A
00006F08
FFFBEA95
FFEB763E
FFF722AE
FFF4EFDF
0003A573
000B84FA
FFF766C9
FFFA184A
FFF9F8B8
000ADA3E
0009E435
FFF5CEA1
0006569F
FFF8DE80
FFF46B11
FFF322E5
FFF902F0
FFFD9248
FFFC0E47
FFFCB500
0008AFDC
FFFE70DF
00025FD5
0007FC65
FFFA5FAC
FFFB824B
000CFCCB
001112DF
000A015C
00076A27
00081177
FFFB3A0E
000B9F29
0003622A
FFF17C8D
FFF8CA99
000156B8
FFF39A5B
00000958
00052C67
FFFEDBDE
00037102
FFF76933
FFF5C4D5
0009D044
00013FD9
FFFD826B
FFF8C3B2
000932C3
FFFB822F
FFFEC1C4
00055999
00038490
FFFB0F07
0005FACE
FFF9446E
FFEDCF2D
00096785
FFF6C141
FFFD66DF
FFF42495
FFF2137E
FFFC762F
FFFAC274
FFFE41A3
FFF9CBF1
00058ACB
0007624F
FFF596B8
000954C9
FFFC0509
0006ECD2
FFF91650
FFFBBB95
0000AF08
0002DDAC
FFFC518E
00025697
00049AA7
FFFA890E
0002AC04
00063099
00135B43
000E21DB
00070084
0000914A
FFFB81E0
FFFF8EC5
FFF9A3EE
FFFCEC2A
00046E42
FFFD7884
FFF1A5D0
FFF2FD0B
FFFFCDB5
FFFC30C9
FFFE8DE8
FFFF7E95
00031488
000B8914
FFFABA95
000B8EB6
000371E2
FFF013AE
0001CB59
FFFB6AFB
FFF366B0
FFFC41AC
FFF6D423
0000394E
FFFD2B77
00008C54
000423CD
00075605
FFFD66DE
FFFCE7FD
0003A2B6
FFFF7A0C
FFEFD535
00056941
FFF01787
FFF7C748
0001B38E
FFF9CE62
FFF3E08E
FFF729CA
0004E766
FFFEB6F7
00010CD6
FFF4EE2F
FFEB39F0
0008E87C
0008A03F
00004540
FFF6CF9F
FFFE546F
FFFA0D1E
00060704
FFFAFFF8
0007BECC
000334D4
0001541D
FFF65102
000266DA
FFEC799B
FFEEFD7F
FFFC9B57
00014AB5
00052CD8
00036733
000477BD
000333BF
FFFD3D0C
0001F29D
0003AA3E
FFFD426E
0006BBBE
FFF45138
FFFCB9D7
00029AE9
FFF61E8E
00031107
00094CC8
000201C8
FFF9CD3B
0003CEE8
FFF57655
00095FCE
0005F136
FFFC07B8
000611F2
FFF96A86
FFF0135E
FFF8956A
0005623E
FFFE44D1
0002445C
00087B84
000A88B0
0000F440
FFFA5253
0003DDE5
FFFFA004
FFFA3207
FFFCCED2
FFFBE7CE
0007EC8B
0000F704
00027EB0
000534F7
000C68A7
000A7CFF
000AB41D
FFFD225B
FFFE5EA1
FFF9A433
FFF7E450
FFFA73FC
0001D558
00045C61
00034C06
000BE25D
000D6213
FFF90391
FFFC5D5A
0004CE52
00066807
0005688F
0009ADB6
FFF686E4
FFF9080D
FFFCA8DC
FFFC46B5
00047D73
00028AE2
0002C9C3
000599F4
00106B7F
0001C318
FFF5C05E
000CB5DB
0003CD50
FFFC1B79
00002B33
FFF8E6E6
FFFF87B1
00054DBB
FFF93AE8
FFF8F06C
FFFBF4DB
FFFEB430
0001E61E
FFFD8E98
FFF80373
00007643
0009E012
FFFD6ADA
FFF4CBA8
00062FBE
0008ECD5
FFFEE31B
000419D9
FFFFA91A
0003936A
000CF0FD
FFFDE5EB
000E09EC
FFF3DBF8
00021003
0005ED32
0001C3D7
FFF9C97E
000152F1
FFF915B1
FFF4F866
0003196D
FFF5C0A0
00036282
000A046D
0000969D
000E738E
0008980C
00000128
0004CF8E
FFF9C7E5
00042BCF
FFF7ADD0
FFF83004
FFFE8F30
000442B5
FFFF49DF
FFFDA51F
0008C06F
0000484D
00036DD7
00077138
FFFA53AA
FFF6F30A
0003F473
000C3F63
FFFD35D1
FFFBDF47
000B4EF9
000A472C
0005EB98
FFFDACB3
000B4D1F
FFF82274
00091C33
000E3964
0006FBFF
0008D017
0007ABBB
FFFC917C
FFFFE070
00065FF5
00045837
00036F5A
00049108
0002A332
FFF894A4
0005D9CA
00022F5A
FFFB6EA1
FFF558C5
0000FE20
000A5267
FFFC8692
00062913
00004661
FFF8DF30
00068EE6
FFFDEF72
0002579F
0004FEDE
0004AEC1
FFFFAE35
00065E1A
00056311
FFFC3FD7
000349AE
0001473F
FFFE00DE
FFF9FDF4
00033E59
0000309F
0011B6DC
00074359
FFF121E7
000842A4
0004E590
0006AE7C
FFF7E5AC
FFF9EDD3
FFF558A4
FFFEF35E
00058D4C
00069719
FFF5C034
000461E2
0008E445
FFFF3A99
FFFDB984
FFFD59FB
0008517B
FFFA5C2B
0004FAD7
FFF9EB3B
00033BFC
000A3D7F
0000B70E
00024906
FFF8F748
0000C92C
0000DFCF
FFFB62D0
FFFA2E60
FFFA65D2
0001C48E
0002D0D5
FFFC64AF
FFFF285C
FFFC22D5
FFFFB5C1
FFF84A85
000B104E
FFFF807A
0003B528
FFFE7FD3
0003DA51
000C2FE4
FFFC8505
FFFA7539
000C4613
FFFC4A50
FFFA5A6C
0005A06F
FFF8BA62
000017A5
000B28DE
FFFBEE7B
0002EC0E
0005E2D2
0006521A
0000E17E
FFFCF01B
0002C607
00066957
FFFDC768
FFF5D42D
FFF75E2C
FFF716B1
FFF2CE0B
000E84B2
0005143C
FFFCA24A
000BBD94
FFF9DDE3
FFFD357B
0002683C
0009EF5F
0004421D
FFFB3EC7
00001D6A
FFFD1921
000522DC
FFF90931
0004267F
FFFE85F3
00003722
0004FBC7
FFFCC490
000F2352
00076A7E
000171B0
000AC3DD
FFF7D7E5
00091EF3
000312C8
000D420F
FFF9124F
00001843
FFFEB887
000CF57E
0009349C
FFFBDF8B
0003B4C3
0008FBDF
00064BD0
FFF76DEF
FFFC9B56
FFFD6EAE
FFF9B64B
000E08FA
000A4BED
000A2F7A
000F0B52
FFF9885C
FFF72B4C
0004E57F
0002C31A
FFFF1089
FFFDA3AB
FFFF29ED
00081EFA
FFFE3E8A
0001C439
000B3F4B
0003AAA1
FFFD86F2
0001F7D6
0001C043
FFF9BDC5
FFFCBACA
00054113
000814BB
000498F8
0004E745
00019BEA
0001ED00
FFF880C6
00014C27
FFFCDA21
00062901
FFF7EA13
FFFBAFCD
00028393
00043575
FFF85CCC
FFFFC28B
FFFDE6C2
000111A3
FFFF33AE
FFFE5C1C
FFFF9D27
0008FFD3
00022EDD
000661AA
00006C67
FFF86450
00078CB3
FFFD7DBF
0004A132
00093D14
FFF973F0
FFFD0FCB
000B5C1C
00007A72
FFF3A969
FFF4FD73
000492D8
FFFA1D9A
0008394F
00010887
00022FFC
FFF7A7C0
000455FB
00053EAD
FFFE4A77
0011ADFF
FFFB5EF0
FFF90F4D
FFFF9DE1
000A1EAC
FFF96629
0008C5B3
FFFF270F
FFF8E19D
FFFCE0CA
FFF72E17
FFFC09CC
FFF618F0
00015A5A
000359B3
000B7D79
000F550A
FFFC0EFF
00019C48
0003273D
FFFE5E06
0000F8DF
000A6159
0000CF92
0009FB88
00099B8F
0001DB73
FFFB2A2E
0009FF7C
FFF74D7E
FFF83ED4
0006C021
0004EA59
0006344A
FFF6BC4F
0003D702
FFFD20E9
0005DF93
FFF7F332
0005CAF5
FFF988B3
00059ADC
FFFDE738
FFF992E0
0002A463
FFFBF6F3
0003FF30
00060843
FFFA370D
FFFE802F
0008EF36
FFF47AC8
FFFBE47A
FFF835BF
FFF998DD
0000A83C
FFF68CDB
FFFBD864
FFF5B406
FFEF7E09
000B6EDF
FFFFEBFA
0000E4F6
FFFC6A4E
FFFAB93E
FFF86921
FFF0BC7B
FFF93266
00082746
00028B8F
00023E8A
FFF8E770
000D5DE6
0006D3B2
0008E3F1
00066CD7
00083739
000F0B27
FFFB77BD
0005606A
0001BAE8
FFFDE300
FFF8EB2E
000263D3
FFFAE9F7
00070537
FFFC0FAC
0004CEA3
0004993A
FFFF3B07
00081EE5
FFF8420A
00066B8E
FFFD3256
000F6ED6
FFFC03FC
000B19B4
00021ABE
FFFC271A
00053327
0000DFF9
FFF8EFFE
0001F6B2
FFFD7A5F
FFFFB17C
FFF287A9
000A9112
FFFF35CD
FFFE029D
FFFBBD93
FFF33439
FFFA9E0F
FFFF62CE
FFFEE02E
FFFD3F0F
0009B171
000489E0
000000BB
FFF7A396
FFFB51B7
FFFA3848
0008AF22
FFFB9047
0003B84D
00014F0D
00098A23
FFF8A575
FFFB861E
FFF56FC9
FFFD3C51
00032B98
0002E00C
FFFF946A
000533B8
FFECBDCC
00052952
00033858
00055254
FFF476F5
FFFEF98E
0019590D
000C9275
0001C1F1
00029D10
00093BA9
00021BEE
FFF8D1E2
FFF5C317
0000654B
FFFB7275
FFF953D9
FFF737FD
FFFD670A
000A1888
0005E9F8
FFFD2721
FFFCBAEA
FFF8D549
000782D4
FFFB5330
000BB8CF
000559F5
FFFDAAF5
FFFB9813
0001919D
00046FF6
FFF9B312
0015D8E0
001A05DF
000BDEEB
FFFFBF03
00008D13
000AC840
000219C4
FFFA9D24
FFFC6CB7
000688C9
FFECD734
FFFE234A
00088A7C
FFF03307
FFF10BC6
0003FA31
000135B8
000A4DA7
0009A6DA
FFFD89EB
0001AF85
FFFED452
000F9A3E
00056E3D
FFF44498
FFFBD63E
FFF6017A
FFFFA441
000A2A06
000499B3
FFFBA288
FFF77E4B
0007CEC1
FFFDBC2C
0008C496
00044B51
0000DCEE
0006BB23
0008BB37
0003580D
FFF37B57
FFFE03C9
FFF9775F
00030F5E
00042E95
00078B2B
FFFD6C0C
0000AC4C
00039A69
00090F88
000354EB
FFFC32F7
00059D61
0008A16C
0002EF2D
0002D149
0001D851
00009AC8
FFF2C3ED
00093A56
00015CC6
FFFD7252
00056A4F
000BC4A7
FFFE634E
00020F46
00056C08
000974C9
FFFD45EF
0004C98F
FFFC23DF
00010D55
000B1623
00043FD5
FFF97C27
00047D3E
FFFD093F
000810ED
FFF6C6C9
0003C978
000931DE
FFFA6EE1
FFFE60E0
000CF8CC
0006A32C
000498BC
00096414
FFF0E19B
0006267E
FFFBEC67
FFF6481A
00014182
0001683C
FFF73CFF
FFF5ABAB
FFFBB03B
000F8628
FFF74D8B
FFFB7BA2
000F197A
00053224
FFFBE3D0
00075969
000E9F19
FFF6A5A9
FFFAC902
FFED2403
000A6608
001B85F9
000345E6
FFF8E6FF
000B7512
FFF85242
FFF5B1EC
FFFAB42C
00096448
FFF70E11
000969E4
000E35E1
FFF559AD
FFF2380D
FFF53D79
0009E9F2
00037D5B
000E2A8E
00041005
000361A7
FFEAEE10
FFF9A301
000B8259
FFF07F6A
0004504A
0009F9CE
000095FC
FFFA6132
FFFBB94F
FFFD0C6E
000117B3
0005A3E6
FFFA8275
0004AB45
000D28B0
0000326C
FFF6D7EA
000EE04F
0017F31E
000DF056
FFF8A6DC
FFF695BD
FFF4DD6B
FFFDB521
0002F563
FFF05549
00006CA4
0000B5D6
0000156C
0006A1FB
0008C4A5
FFF0ACE8
0007643A
00054CF7
FFEACD54
FFF9DB59
0006CA5B
000A6449
FFFCD1F2
FFF1AE36
00031966
000704F3
FFFE4FE6
0013111A
FFF6F7DC
0003DAE4
FFFA71DF
FFFBD36A
FFF16627
FFFFF1E7
0001AA8A
FFF568D7
0001A01A
000B31EA
0015EF8B
0000F0F2
FFF7AB9E
FFF8FD98
00068CD4
0009A224
FFEA3C37
FFF1E85E
FFFCD934
FFE7CA6D
FFF7A5FF
000035F4
0008E9CE
00003319
00082274
000F3503
FFF84E41
FFFA994D
FFFFFEA9
FFF9AB19
FFF789EB
000525BB
FFF22433
000EBFEA
000B9E47
0005D654
FFFC175D
FFF228DA
FFF6754F
FFF53B6D
0008E09A
FFFC2792
00021174
FFF5BA25
FFF3529C
FFFC8B2B
0016F784
00202B1E
FFFABD4B
000FCBF5
FFFA797E
00059DE7
0006CF53
00031AA1
00056851
000B7A05
00055E50
0006B5C9
FFFE1D5E
00092F07
FFFB5F57
FFF15A30
0005FA4B
FFFE5EC1
0008BDC3
0011101F
FFF100D8
FFFA154C
000D5638
FFFC61C8
00003E18
00053215
000BDB91
000808DC
FFFDDC13
000D013D
00043C5B
0001162A
FFF3CFD9
000BD875
FFFBC162
FFF69765
FFF890C7
FFF7F2A7
FFFDACC2
000E1786
000A0FBB
FFF11602
0007C680
FFFD55FF
FFFFD50A
00057D84
FFFBCF66
00060F64
FFF67FDB
FFFD8FC7
00074CBB
0005C4D0
FFFFB01F
FFF71E1A
FFF4FA8A
0009FFF8
000B9C06
FFFBE905
000305A5
0004C8CC
FFFC843C
FFF57590
FFF69021
00001B49
00051ECF
FFF9EABF
FFF5C0F0
FFF416F2
00122951
0009E3C5
0001A9BE
FFF1CCFF
FFF3DD77
FFFF9D73
00064EAB
00117F35
00046C26
FFFFD363
0002A31E
FFED7B9F
000ACC3D
00097B46
FFF154F9
FFF82CC8
FFFEBC3A
000685A3
0001F4A9
0008F7F9
FFFC3E64
00032A20
FFFEF679
00170FA1
FFF8F53A
00085E45
FFFCD532
FFFDA133
FFF67077
FFF6153F
FFFB9FC3
000FF4D0
FFFCED9D
FFF86974
0002AC57
0006F105
000F0DE6
FFF31E2E
FFF55B16
000209B7
001A1B1E
001CADAF
FFF32CA6
FFFA189D
FFF597B4
0014FA31
FFF5F95F
0008A495
FFFD270A
FFF69649
000D709F
000D007F
FFF05B21
FFEE3D83
00051217
000E9328
FFF73F84
000194ED
FFF2696C
FFE7CD33
00143BC3
00122312
FFF84899
FFFA96F2
FFFD3802
FFFFB322
00071247
00094CBA
FFEE7E3F
FFF9E853
0004FE34
FFED32BE
0010483A
FFFD28EE
FFF589D3
FFFF9839
00009787
FFF967D8
001104B1
FFFAA820
FFFE329D
FFF0C307
FFF7D7FB
FFF44996
000B6A1A
000C4251
0009F71E
FFF56F92
FFEF92AB
000210D6
FFF2C694
00048F60
00025119
FFF97E68
FFFA4116
FFFF39F6
FFFE7BEA
000FC94C
00063717
000B7050
0000CED2
000F605C
00020713
FFEDADB2
00077732
FFF73241
000F9AEA
000294FB
00072D12
FFFF6DDD
000E3E81
000B5BF2
0000CE8E
FFFAEB7E
FFF4A541
00067F21
0004B634
00044AA5
0000CB84
000009C7
00114AA5
FFF84516
FFFA6CCA
0006F285
0008FC03
FFF70280
FFF7F0CD
FFF8AE35
000AAFBF
FFFD7C77
FFF67C3E
0004DE62
0006CC5C
FFF8109F
FFF64E9B
00078AC9
0008FFE8
00077C64
0000E3AC
000A6EBE
FFF98BDE
00036E60
FFFEBF57
FFF07ED1
FFF0BC32
00070547
FFF6E68B
FFF817D8
00071A49
FFEF00CB
00061B0F
FFF5535B
00033943
000E2D5D
FFF5388D
FFEEE0FC
FFF93EA7
000D94E5
00191D92
FFFA6B60
FFEF3CBB
0005D169
00051E97
FFF44A28
FFFC12F8
001489FD
FFF313D4
000333F5
00018671
FFF7FE4C
FFF02D86
FFF7396B
FFEFC704
FFEE7FCD
0001C2F9
FFFE9556
FFFB7589
FFF89A7E
FFF1EB62
0000F399
00081369
0015E84D
FFFDA0A1
00152989
000C55B3
FFEC51B3
FFFA5451
FFFBB273
FFF1ED33
0001F9D5
00042489
FFFDA17B
FFE91F2A
0001E578
000232D4
FFF2DE01
0008DE0F
FFF77284
00036A45
00009C16
00088DD1
0002DB2C
000CCD8F
FFF98215
0011FAAC
FFF988B6
FFF377FA
FFFA695C
FFF8059F
FFF354DF
FFF9E39D
FFFF4139
000AA708
FFF602D0
FFF0E7FC
FFFAD82D
00014352
0000BE1F
0005B663
FFF9890E
FFF4F053
FFFE1601
FFFA9BA1
000EEB66
FFF4D2DD
FFF402B6
FFFCF785
000A0827
000885D2
FFE803B3
FFF312F3
0008A646
00063CAA
00004C9D
FFFCBEA0
FFFE21AB
FFFD2250
0006DF39
000C4B57
0004FA78
FFF42515
FFF11764
00049972
0000D310
000B1356
FFF4A862
FFF7C30A
0000E1AA
00029790
FFFB4DAE
FFFA37AE
FFF31BE9
FFF1FD9D
00001B72
FFEF5894
0003F0D5
0012799B
000ED077
000A3BC6
00061BAF
00049132
000DC682
FFE94C6B
FFFD180B
0014BD71
FFFE21CA
0005D0C8
000B0555
FFE826B6
FFECDAED
FFF67EFC
FFFFB0C5
0006AE0F
FFF9FB25
FFFCAD3F
FFF8393D
00155D7E
FFFE3725
000DFFC0
FFF20EE5
FFFCE494
FFEB8B90
00104230
FFFF42B1
00097185
0004DB42
FFF7A72E
00053485
00056B36
FFFFF9E5
FFF81DA2
001559AA
000AC103
FFF5F146
000A9D93
00079E4A
FFF03B06
00052CA7
0001CF3F
FFF98C88
001D04A7
0004B4C4
00134C93
FFFF8D1E
FFEDF81F
FFEE6BFC
0003D307
00101D5E
FFF5EEE2
FFF16458
FFEB4FC8
0003DA39
000D5B39
000918BF
0010138C
00000BDB
FFF8CB8F
00054F9B
0008FB41
000766BA
FFED7E2B
0009BEDC
000A39E0
0007E9A1
FFFEE359
000A2B8F
FFF2EF40
FFF042DE
FFFDBE8D
FFF763EA
FFF3F143
000AC3AB
FFFA7A0F
00076148
0003D210
FFF598B1
FFF95A2D
FFF3D941
000B24D3
FFF713F5
000557A9
000077E2
FFFE9AF7
000EC564
FFF4CAA9
0006FA90
FFF9CF98
00058431
FFF31D0E
00049F29
FFF46DD7
0009FC77
FFF749B3
FFF75F5F
FFFAA5F0
00055413
FFF7777E
FFF4B2D4
0003C163
FFFEF9CE
FFFCB996
FFF316AB
00040636
00168AEC
000A7402
00097BD5
000CE8B5
FFF8D993
FFF886CC
00006E29
FFFEDE24
0001E710
00041C6A
FFF9BCA2
000CF63B
0006D7A0
FFFA531C
FFF40D09
000E045B
FFF455F4
FFF1C4AE
FFF5365D
FFF46F9A
000D55F4
0000A0DF
000D7D9A
FFF691B9
000529E0
000048C0
000445AC
0001CE3D
001373E4
FFF0BCB2
00093669
0019F65A
00114891
0002FC3F
00089757
FFF081D6
FFF2E0A4
000F0D12
FFEF4EF7
FFE6EA36
FFFEA7A8
00082C72
FFF3D2AD
FFFA7E1C
00075297
00074F2B
FFF4328C
FFFD1745
0003D188
FFF81985
FFEA47D0
0005F362
0011AD5B
FFF3B3BE
FFFF0129
FFFC94D3
FFE8A6F0
FFF8B26A
0004DF67
FFF5482A
FFFFDF31
000020B1
0003F463
00002302
00059982
00022E08
FFF7BD9A
000B06CA
FFFA5E38
FFF98241
001A7956
001D53D8
FFF9838B
FFFCAD44
FFFA3493
00046161
FFF714C0
FFF8293A
00033B41
0012704A
00022FA0
0000C0A3
00041411
000FA425
FFF3144B
000D8276
FFFADEBD
000028B6
0003C587
00010425
000B6C5D
FFED8752
00188070
000E9CC6
FFFBA0F7
00063DBA
FFFDC4A7
0010EB14
0001542C
00080BA9
000AEF73
FFE91F13
0006744F
FFF4F2A3
000F815F
0002CD6B
000F830A
00007A79
FFFA238C
FFF4ACB1
000D1CD5
FFE94392
FFFF324E
FFF00B5E
000C2381
0000BBBF
0003625C
FFF821F8
0009B45C
FFFA1E09
FFFD20F9
FFFFB225
FFF5B882
FFF4D004
0013F12B
FFF40BF1
00045650
0009061B
FFE11186
0000D229
000E59EE
000F418F
FFF1F0FD
00106CEC
FFF54FBF
FFFD0A09
FFEE6D74
000147CD
00024148
000513F5
00023DC6
FFF78BAC
0006CF35
00061D82
000B606E
000D70B4
001929D5
00075F02
FFF9868E
FFF60BEE
0002D40A
0006B07B
FFFF40A8
FFFD77D9
FFF82A50
FFF9979E
FFF86C33
FFFBCA1A
0012D9CE
0006AC28
FFF1E9F4
00085CBA
FFF2EA64
000F7FA6
FFF2E619
0014AAF2
FFEA4032
FFF9F4FF
0009DE39
0005AB7F
000F00D7
FFFF090C
000457B9
00046823
000A083A
FFF82EAC
000FFE18
001320B9
FFF70D1E
00080FF7
FFFDD89D
000B7684
FFF4F45B
FFF9ADAA
00100407
FFF88E38
000CC4FA
000A642E
FFFB28CE
FFFA0D93
000A43B7
000D99D1
FFF5FC56
FFFA73D7
00098B49
000687A9
FFEE42F2
0006E23D
0003E8EE
000B5F89
FFF1FB49
000D50DD
000E3342
FFEDF820
FFF3558B
FFF3F04D
FFFFB121
FFFAE6F2
FFF454C2
0004A5AC
FFEEA24C
0007811A
00095DEC
FFF88540
00113495
FFF3BE83
0015D86B
FFF0287D
FFFE7F50
0018209B
00086036
FFFD3E74
00053675
000210DA
FFFCB45A
FFEEF600
000B1B7B
0015D384
000A4124
FFFEAC2E
FFF355DF
000DF40F
FFF9E82D
FFF1293B
FFF8D07B
FFFCC4F6
FFF36E00
000C6E31
001114DD
FFEC6F12
0001B101
FFF60EA1
0001FBFE
FFF6A3D1
00193C1A
0005C40C
FFF7DECC
0005AA83
FFF70707
0007B702
0013168D
0002ABEE
0005F7FF
00189AA4
00131475
FFF6D324
FFF8A39A
FFECF241
FFFFAD8C
0001FA07
000AB2BE
FFF6C637
000E17C0
FFFE9C11
FFF87797
0003266A
FFF34D9B
0010B47A
000C2014
FFEFE1BD
FFEB81CB
00099820
FFF68A75
FFE5DDB8
0001A03A
000B034F
FFFBFB3B
FFFBA549
FFFC4F02
0010B906
FFF91B37
FFEFDE2E
00062E62
FFF9297D
000A9E63
FFF15C5D
FFF3CDBD
0009E5D3
FFF2F21F
000B2112
FFFAEB3E
FFE98188
0011E16F
FFEE69BD
000EB616
0009BDAE
FFF937C2
00144A48
0012F9F7
000C46B8
000293A0
0001B0B4
FFFCD7DE
00098699
FFFEF2FB
00049662
FFF6C17E
00137AE7
0015A1B1
FFFDABED
FFFC7147
FFF538DC
00015414
FFF54478
0004791A
000973F6
FFFDA3A8
FFF4255D
00177855
000F86C8
0017B9D7
000400C8
FFF5C893
FFEF2CB2
FFEADD96
0005E3DE
FFEF6035
FFFCF9A8
0013E368
FFEDBBD2
00054A32
0013D564
00058763
FFFEFA5A
00091DF4
FFE42C6B
FFF7BFC5
FFF8319D
00000257
FFF15CF7
0001EB51
FFEB84A8
FFF53171
000DB300
0008FA37
000D2DB2
FFFFB719
FFF8F1F3
00012F4E
00034CBB
000EF2E1
FFF9E403
FFF6F42B
000211F3
FFE653C9
FFEC2B0A
00093121
FFFD8311
00027A04
FFEFAB34
FFFFEF63
FFE873C7
FFFE9FD1
0006F1D7
0005AF1C
FFFAF680
0001ADA3
FFEE4132
FFEA3E9C
0004014A
FFF9009C
00013AC7
00065287
FFFCD3D7
FFDA7F6B
0005209B
FFFA397A
FFF23AC4
0002AFB0
00101F7D
FFF3CD29
FFFB06BA
000E14A0
000B408A
0001BC7C
000265E6
000AF8AE
FFFF80D9
0020057C
FFF2DDFA
FFF5A896
FFECBAF9
FFED1556
FFFAEE3F
000DBC5B
0006F027
00033B74
FFE31106
00130E0D
FFF54041
FFF53390
0001DE93
000CC34A
00059EAB
FFF53654
000716DE
00148F66
0012A21D
FFF87935
FFE1835E
0002D0C0
00084C81
0012ACC5
000E99CD
FFF928DF
000CEC4E
FFE0E603
0000941E
000D1DF1
0005CE37
FFEE7FA9
FFFFF259
000F0C74
FFFF5959
0008B2AD
000A023E
00050B19
FFEE380A
FFF1F801
FFF2057B
FFFB88E8
FFF919B3
FFFC214A
FFF9CE0F
FFEF9687
FFFAD8A6
00032DE9
0004D77D
FFEE4831
FFF83A58
FFE20139
FFF4E6A6
FFFCF936
FFF2F64C
FFF722A7
000CB9AB
0011AEB1
0010CB04
FFF851C6
FFF29B32
FFF59D8D
FFF37040
FFF68AFF
FFEE8FF6
000C0911
FFFA4D8A
FFFFFBF1
FFF7B03B
0004CA51
000C3BC3
FFF18117
0003D142
FFFD23DA
FFFD133A
FFF82163
FFFDDA6F
FFF6E2D5
00086D6C
FFFE9A57
000610B6
FFF99A30
FFF6FFFD
FFF798A7
0000D8D5
FFF64183
0018C6F0
FFFDA470
FFED4857
0016C692
FFF4F6B5
FFF25180
0007F322
FFF421AD
FFF94B39
00092D7B
0013E581
000600E3
FFFEC106
000BDB72
FFF96A49
FFFA3510
000AC245
FFF7FEEE
FFEC1E5B
000F4692
FFF2BBFC
0014D3CF
0002E94F
00052BDC
FFFC8DF0
FFF42E66
FFEE155F
00061BFC
00171305
FFED2151
00182C98
0007AEBE
FFEAEAAA
FFF51E08
FFFB2D73
FFF9BBD1
FFFE19DB
FFF58BBB
FFFB9045
0019622C
FFFE865A
FFF5A512
000FEF96
000CD892
FFEFBCB7
00037208
000A9675
0006C077
FFF5D970
FFF23D89
000B9914
000E862A
0007276F
FFF8AF8C
00176304
FFFF0FA7
000267B2
FFEFA3F0
001A2903
FFFB642E
000EC0B5
0011C955
000B5474
FFF8E740
FFF3F82C
000DA257
FFF39B31
00004519
0005B0A8
00051B49
000E3465
FFEEE6BC
FFF6D323
FFEF0019
00040640
FFFC7219
00017189
000BEAB1
0000A014
00024B50
FFF305E2
000257B4
FFF8B88B
FFFAEF1D
FFF9981B
000BAC81
000F8196
FFFE1E1C
FFEDB2AF
000DFB6C
FFFA8354
0000090E
FFFBBA09
00108E83
FFF48193
FFEF7586
FFF0DF62
00039C15
0001DCF8
FFFF69FA
FFF2DF73
FFFF9EDA
0022857A
000A5527
FFFF2713
00042998
FFF9A1F0
00038874
FFFE67F8
000AB04B
FFFB4A29
FFECAAB6
00098065
000E088D
FFFCFEA2
FFEF1C91
000B3F9F
000DA96F
0006CA63
FFFA5418
000ABDE8
0009532D
0001A356
0000A244
FFF1C04E
FFF5C1D0
00024FBD
FFF684C1
000297A9
FFEB35CD
0011DEB5
FFF2F558
FFFE6BB6
FFFD210A
00056E7C
FFE9970D
000736E2
FFF2D529
FFF39B1F
00075AD4
FFF9F0B6
000B4179
FFEAC54C
FFF4B386
FFEF9F11
0003B008
00115EC0
FFEBBC69
000E977D
0013FBC4
FFF79A5B
FFFCC2DE
FFF8DC57
00005059
FFFF7A86
000E619C
00238D3F
000C79F4
FFE4C1BA
FFE1279B
0002480D
000AB598
FFF63ED4
000018B1
FFF1681F
FFFF0BCF
FFFE5AB9
000F0B31
00079948
00072070
FFF8C154
FFE8CFA3
0012DCD2
FFFDDD10
0006BECE
FFFC8AE5
FFFEBA5D
FFF2F7D0
000A1130
FFEED096
FFFB37F2
FFF5424F
000DA6F7
FFE514FD
FFF911CB
0005C953
FFEFB7D9
FFF084F6
00078E99
0004543A
FFFA05FC
FFF84D1B
FFEBA177
000F4B7F
0000CA4C
000FBDB9
00062C39
FFF6C5B5
FFF709E2
001822A1
FFF3390E
00224A64
FFFBFBFF
00016B99
FFF414C4
FFFA065B
FFFC4BC3
0005533C
00000A93
FFEFDC82
FFED3B03
0000DD9A
000AC212
FFFE1B09
FFF36680
001441E9
FFF8DE0F
FFFE3787
00023BBB
FFF18D64
00046A6C
0008AAAC
FFFE3BD0
FFF98E41
00056C85
FFE895B3
FFF14934
0001920F
FFFEC9AE
0013762F
FFF0B878
FFF3284C
000151F4
FFEDD100
0007A9F2
FFEEAFA4
00127F10
001E489F
0008957F
FFF7FE93
FFF127FA
FFFED99E
00105D56
00041115
FFF0559E
0001A599
FFEC1059
00155312
FFFA5A8D
FFFF82A3
00026980
00065EBA
0008B5FA
FFF7957A
FFFD86EE
FFF59140
000AA8EC
FFF1EE97
FFF2E752
00008DE3
0012D0EF
0004F6F0
001A85A8
00046EAA
00137F73
00088719
FFF44609
FFFAFCFB
00057DD0
FFF35EFC
FFF75B32
00016757
00017A7F
FFFDC849
FFFF5E7C
FFF91BCD
FFED9295
FFFB86D8
FFF6DD8A
0013D69E
FFFF305E
000D25AF
001AE173
0009C4E5
000FD46B
FFF57076
0001EC6C
000B30AD
000AF795
000A76E6
001376A2
FFF908E4
FFEC180C
FFF8D9FB
FFFA7BFC
FFF331FD
FFEB6988
FFF70019
FFF660C7
00072E08
FFF502C9
000F4D1C
FFF95105
0005D3D8
FFEB5546
FFF9BBDE
0002740C
FFFD5B98
0008108F
FFFEBCE5
FFF34838
FFF7DCCD
FFFDEC1D
0003A720
FFF0488D
0004C6BD
000486F3
FFFE6577
0009E70C
000825CA
0007BF10
00024058
FFF5DDB1
FFF651D0
000FD5EE
0001918A
FFFC3BF2
FFFC0639
FFEF465B
FFFA05FF
00009E83
FFFCEAE3
FFF13A51
0002C8A8
0001A294
00046B14
0005CE20
00167ACD
FFFEC6A6
FFFCD5DF
FFFAB162
FFF9B52F
000DA69A
FFF57C0D
0004C6B9
FFFB85F4
000BF35D
FFEFE357
000F220C
FFF4DAF0
FFFA18BF
000FA20B
FFF201F4
FFEF8E73
FFE59511
FFEE88AD
000782B7
000AE518
0002CCC4
00051BDB
FFF711B5
00066F40
FFF84B64
000C3A7B
FFFD2C89
FFECC19A
FFF377FE
FFF89B45
0008A162
00103C8E
FFF47961
00032079
0000462B
FFF87A35
FFF97083
FFFBC387
FFFDAE2A
00169268
FFEBEC84
FFF5ACC0
0016CB3A
FFF92CEB
001DFD32
FFF195AD
000A7505
FFF3B730
FFF4C390
FFF80ED9
00076618
000A1E87
000427CB
000C747C
00070607
00064358
000A039D
000466EC
00041288
FFFB4ADD
FFEB369E
FFFE0A2A
00020317
00062040
FFF507F8
FFF9DB14
00192705
000C69F8
000A5391
0001065F
FFF47EE5
00017313
FFF5E4F5
00176492
FFF2A718
00050BD9
FFF9BB4F
FFFACD3F
FFF670F4
FFF81C3E
FFF8E746
0010ABE2
000F00F1
00082D62
000A28E6
00150D56
0005A4F0
FFE5046B
FFF908B8
FFED91A5
0002336D
FFF9316A
FFFD4066
0004E28F
FFF8363F
0009F6DB
FFF4B80C
001F8A37
FFFC3419
FFF73CF1
FFFE5842
FFFA1116
00093246
000AC2FC
001050F6
FFED26DB
FFF49CEE
0006384A
0014DE5A
FFF58C76
FFFB3381
FFFE6309
FFE10832
FFF47292
00176A8C
00360050
00000A44
FFEEE776
FFFFDF52
FFF5ECF1
FFF9EDE8
000A6034
FFFB49B2
000C4693
0009EB47
FFFA7779
FFF656E8
FFF0DA3C
FFFF008E
000698E6
FFE9726C
00089BFA
00049472
FFFEEE51
000573C4
000006B9
000C8BE5
FFFDFBA1
000A2839
0001B8CA
FFFC515B
FFFABAF2
FFF149EE
0003FA3B
FFFFA1E3
FFF7CFC4
FFF7F3C0
0016F6B7
FFED5EAB
000AD91D
FFE3A268
FFEAA31B
000C31B2
000068CC
000CC875
0002BE5C
FFFDFDEC
00129767
FFF5E9F7
FFFD1C9D
0006109A
001274CD
FFEEBBF6
FFF3896F
FFF0EAE0
000BF020
000B94C5
000C5B7F
0006C293
00095FF5
00168E55
FFFEAA9C
FFE84599
FFE07032
0002F0A5
FFFA881E
FFFB5932
FFE5161C
FFFC99A3
FFFD0CC7
00005FB3
0001F6B4
FFFC9C22
000A4135
FFF7396F
FFFE230D
FFEEA9E5
0009D117
000358A8
0001E6B6
000315A9
FFF60550
00053237
0008CAAE
FFF0CC6A
0007BA65
FFFDE158
FFF42B6C
0003831A
FFF70C2C
00106B04
FFF9027B
FFFA0F9E
000FD354
FFEE7F08
0007E202
00111997
001263F6
FFEA17E1
FFF13E07
FFFD4CCF
0011F426
00113D80
00169FB2
FFF5C425
FFFD50CC
000B4C81
0010C1DE
FFF0E83A
0005BAAE
FFF4D290
FFFF44C0
000AD707
0013D293
000042D1
FFF696EF
FFF5E7F8
00004907
0011142A
FFFD93FE
FFFC008B
FFDDD456
001E4FA5
FFF18F6A
FFF6EBB7
FFF5AA45
FFFD95C8
FFF3766F
FFE5791A
FFFFAC36
00064F07
0029823C
0008392C
00049F21
FFDA1964
FFEFA5E6
FFF94C2B
000DE4EF
0006A472
000B1367
00128C7A
0010E34E
FFF98664
FFE9C14A
0000AC3E
FFFD5B57
0013C7F5
000175BC
FFDEB61B
FFF40C8B
0005A9F5
FFF10F8D
00006A53
FFFF7E52
000295D3
000F00B2
0006BC1B
FFFA8AF9
000C5EC0
00110E67
000DE6C2
FFE9869F
FFF57863
FFF67934
FFF545DC
0019441F
FFF736C3
FFEBE911
0001F100
0014641E
00147607
0015419D
FFF21672
000593C4
FFEF413B
FFF5FD51
001110D8
000CC3B8
0003FB38
FFE9241F
0008FE6F
FFFDB3C0
000D348F
FFEFC240
001E7A86
FFF02301
FFEE74AE
FFFA8DAD
FFF936E1
FFF8EFC5
000C560C
000AE8B3
FFFF29AF
001C6929
0005C5F1
FFFACECF
000BE91A
000E6C7E
FFF31226
0008A82D
FFF048B5
FFF5021C
FFFEB2E1
FFFB1CAC
FFF27203
000E99D4
000F05E2
000B723A
000FC42C
0003DE0F
FFF9BCB0
0010AEFE
FFF1A76E
000C14B0
000A2F46
0005436F
FFF1F42D
FFFF9FD7
FFF75A5D
000ABBE6
FFF7AD3B
FFED94C0
FFFB38A8
00107687
FFF4B496
000AAC4C
FFFDF18E
FFEFEB67
FFFC77BC
000D1DA7
0007C93C
FFFCA593
FFFCC2AA
00031885
000CEFA6
FFF4A300
0005A12D
000E77EA
0001DD23
FFFD2D6C
001603C6
FFEF448B
FFF81FA7
FFFA2BE0
0008389F
00026C0C
FFF980AB
FFFCF8F8
0006530E
00001C2C
FFFEC6A6
000B8159
0006553D
00043ADE
FFF85358
FFF6EF90
FFF6FFD0
0002500E
FFFBE4E3
FFFEF1F0
00087421
FFFCFC8F
FFFFCB49
000C5BA1
0009F40E
000530AC
FFFF48D1
0000F134
0006A7AF
FFFF16D4
FFFC0B62
0005AA40
0004E32B
000250B7
000522BB
00012356
000A8288
000570DA
FFF959CD
FFF2B797
001287D4
FFF87773
0008E655
0009A324
FFF8F221
FFEE9036
00051CB8
FFFAE720
00027115
000BAF08
000877B5
000BFE5C
0009F8F1
00095381
FFF5FAAF
0008E955
FFF6E0A1
FFFA5AEA
FFF9DA88
0005CFB9
FFFACC9F
0006BE00
00027A38
FFFE3CD3
FFF5BD19
FFF6CD1C
0001A1AE
00029463
FFF2A65D
FFFFA196
FFF664B7
00011745
0009381C
FFF3A34C
FFF396FD
00055D88
FFEEB946
00042DFB
FFFD6C77
FFF600BD
FFF6E21D
000F712A
FFF64BEA
FFFF59EF
0000614B
FFFAF852
FFFD826E
FFF711B8
FFF64014
00087338
000A123D
0009C968
FFF4B907
00013586
0000D2A3
000320F3
0008DE45
000BBA30
FFFA1885
FFF87644
FFFF37F6
FFFE1D73
FFFD624A
0004B14E
0010B105
FFF70D0A
FFF7490C
0006CEA1
000789F6
000433B4
0000F306
FFF97F2B
0007C00B
00003AEE
00062D37
FFFFAD62
0011FB1F
FFF17428
FFF3B84D
FFFEFC93
0000BF87
0000B460
FFF95ACA
FFF222D7
FFFAA820
FFFA4EEC
FFFB0D90
FFF49C8F
FFF74605
FFF57704
FFF688F0
0002F927
FFF78A5B
FFFFF21A
00082FD4
000A534F
00052E84
FFFBECD2
000593D0
0000D275
0004FBCC
FFFA0F12
0004A3FB
FFFE548E
FFFED61B
0004F3F1
FFF9A855
00062773
FFF62D0A
FFF321A4
FFFF7F79
FFF51DE7
FFFF2FF6
00010B73
0002C116
FFEF76D9
00015607
FFFB9445
00000244
000DA726
0000C7DC
000D3D1A
00026806
0002CD2D
000CAD8B
FFFD1441
FFF133A6
FFF7AD76
0002AB58
FFF6D9B3
FFF4788B
FFF5CAFD
FFFFE8A5
000B7955
000010EE
FFF75B6D
FFFC5A6A
0002CE30
0006F8CE
000042C4
00021D86
FFFCF4D0
FFFF4782
000AB41F
00011CCB
FFF28912
0006D6E5
FFFB77D5
0005AE9C
FFF5BF33
FFF6AB44
000564B7
FFF85E4C
000055E8
FFFED7B8
FFFC2EFB
00135E80
FFFAAE05
000E3089
000A6295
000AF423
FFFD0D78
00037FC9
000C5F0B
0008B473
FFF7AD71
00028D7D
000414D1
000A26FB
FFFB6FC8
FFF912D8
FFFDC957
0005F39D
FFF13AEF
0002DD24
00025743
00001231
000ABB89
0006E01F
000333E4
0003CE2F
FFFAA4A4
0002C10C
FFFA4821
00091EA4
000C83DC
00038F3F
FFF952FB
FFF15AB9
FFFEF99B
00062C1F
FFFBE2D4
FFFE6C16
0002076D
0008AD13
0000B768
00036EE0
FFFC79DB
FFFFB895
000F97A3
FFFDC11A
FFF9A1E2
000FA1DE
FFFA14AE
FFF710DD
0009FDBB
FFFA055B
FFFB7928
FFF7BBC3
00086E9B
0008ADCB
00097A54
0005A808
0000BE07
00042F7E
FFFA7CFA
00100AB7
000722A2
0002629F
0003F443
FFFDE19B
FFFDF190
000BE01B
0013455F
000B2DB2
FFFAB9FA
0001A855
FFEF1E06
000216A7
FFFF8E8D
FFFE5D94
0001E5F6
0004AB50
FFF784C9
000DB84B
FFFE0968
0003A167
00068A4F
0001AC1D
0000D277
FFF69290
000C1122
FFEFFA23
FFF24A64
00058C11
00040F88
00015D88
FFF65F2A
FFF8A3DD
000226DD
FFF2B3F4
FFF40DDE
FFFE218B
00013DCC
FFF27894
000115EF
00047469
FFFFED96
FFFD068C
FFFA4B49
00002E33
FFFBFACA
0001318D
FFF96391
FFFFE66E
FFF98C90
FFF77E89
FFFB5BA7
0009F023
FFFFB8AA
000237E3
000D2057
0005D548
FFFC06D3
FFFA1C1B
FFFB0641
FFF67DEE
00001345
0003AE1B
FFF465D4
FFFD58A1
000D477D
0008B94A
FFFCD3E7
FFF2A689
FFFD1D61
000956C0
FFFF3F3D
FFFFA11B
000AA28D
000A375B
0002655E
0006907A
FFFF216A
00005ECF
0000406D
FFFD84D3
FFF6CD90
000B6B12
0002D841
0009AE14
FFF62EE6
FFEF4098
0008C241
000CD819
0000FE9A
FFFA8F57
FFF80F73
FFFFA45D
0000C545
000A9158
000BB5EE
FFF9007B
FFFA5B07
FFFF3295
0006FA32
FFFB7945
FFF96873
FFFA92DB
00054BF5
00068704
FFFAADFF
FFFE87A1
FFFA2096
FFFBD31E
00027853
000352E0
FFF97C50
00041C18
FFED068E
FFF9FC60
000170F7
FFFB0F2A
FFF3D078
FFFA12CB
00003D31
FFFB18CC
FFFF8DF7
00091E6D
0004EF26
00016A23
FFFA83B7
0002A45C
FFFB7EFE
FFF6F186
00069E43
0003FE07
FFF68A91
FFEF2A62
00058D96
0002408B
FFF95673
FFFD1021
000AED6C
FFF87BF6
000B5FB8
FFF414BC
0003FA7B
00046FEE
FFF2CC6D
000AA9C3
FFF7D922
000E969B
000A4DBD
0008EEF7
000029B3
0004B0B1
FFF25F3F
FFFC16F5
0004786A
0006C5F9
00020F69
000A26CD
000ADF63
FFF4E990
FFF9941F
FFFFC8D0
0000F26C
000932A4
0004D518
0005A7E7
FFFB863B
000930C7
00079FC0
00012E64
0000F2B1
000A2171
FFF8A669
FFFD59C1
FFFF37A7
FFF69688
FFF5CC7F
FFF1D085
FFF0D536
FFFB2EDF
0002B34E
FFFE02AA
0000E7FB
FFF04CB4
00007260
FFF8E0AC
FFF80D6F
FFEF6F32
FFEC2A01
FFF13391
FFFF173A
FFF7A223
FFFC7329
00029953
0004D12E
FFFFF39A
0009BDAE
0001E841
FFF94B8F
0000F99B
00013267
0004EE0C
0002D56A
00048570
FFF35AED
FFF9C783
000852B4
FFFA2BEB
00126726
FFF35E5B
000BCCE2
FFFE3CE2
FFFE5E55
FFEC3EDE
0006BCC4
FFFA8F4F
FFFC6D87
0009F743
00053815
000368B4
FFFFCF72
00025050
000663CE
000D7C8D
000DE1D8
FFFFAB00
000E232D
000D1EBA
FFF883AD
000A7DBF
FFFFA418
FFFDAA24
000CA78E
FFF30864
FFFC22D9
0004658B
FFFBA6FF
00000C12
FFF88841
0009359E
FFF87184
FFF1B31C
FFFAB330
FFF91E1D
FFFB2791
FFFB0CD1
0002CE49
FFF3FA45
FFF21EBE
000D71EE
0003AEA0
FFF09688
0003E27D
000DDF22
00015B20
FFFC077E
00014CC6
000A253B
FFFEA1E3
000B15CB
FFFD1617
00089683
00070B8D
0001D25D
FFEA0C50
FFFCF078
FFF43A58
FFEE5374
FFF5E458
FFFC591F
0008E0E6
FFF1B01F
0003B93D
FFE9E026
FFF78CA8
FFEB3ECD
FFF00F43
FFF941F2
0003F4A9
FFFE0D9F
00040C82
000B2D48
000146FA
FFFD905D
000D35FA
0003E5E9
000983BB
FFFEEF3D
000887D4
000017A1
FFF6C0B4
000A405F
FFFB505D
0000BA63
000662E3
00070EBF
00024D8B
000715DA
0006AE44
0007EB28
FFF1C9AA
00099F13
0007F9A0
FFFC85CF
FFFEF2E0
FFF31E2D
FFF929A7
FFF84B14
00029C00
0003DA21
000DD93D
000725B9
000380AD
FFF0006F
FFF8FDDA
FFF19695
FFFFCE1A
FFFFD117
FFF7B3D2
FFF61E3F
FFF8CEE8
FFFD2366
FFF9F756
FFFCA4E6
FFFC6BC5
0000B0DD
FFFD7E31
FFF5B3A4
00070BD3
00024C51
000795A5
00050E15
000481A9
FFF7A434
FFFB7A69
000B5E1C
FFFEEC34
0002DB5D
FFFF2AEC
FFF06B4A
FFF56C23
00009B15
FFF74ECB
000CCFDF
00088A83
00069882
FFF9BF4F
FFF34FB7
00071A18
000D7F8E
000B0D1C
000DDBB9
00040D72
00040C2C
00047CC4
FFF8A349
FFEB14A5
FFFC0527
00073FA7
0001E1C3
FFFF7977
000E1ABD
FFFF506D
00058EB0
FFFD154C
FFF446E1
FFFA8351
FFFB6439
FFF70A6E
0001B573
FFF7B325
FFF9CC00
0000FB54
FFF96CF5
FFF40875
FFF610E3
FFFFDC31
FFFC8E3C
FFFD5C13
FFFCDE94
000C81F4
00041736
FFF34B17
FFF9683C
FFF062D5
0003029C
0007A7A7
FFF5C27D
FFFA81CE
00060477
000176B5
0001734A
FFF5112F
FFF71968
0017CCD2
FFFB190B
FFF076D2
FFF439DC
FFF61F9B
0000C5B6
00005095
0008D6D2
0004ECF0
FFFBB98B
FFFFAC54
000A1F5C
FFF72B87
00098F2C
FFFF2A4E
FFF8ADEB
0005C8D2
0009ED82
000311DD
000F575C
FFF221E0
FFFAE62E
000D6E02
00018F11
FFFFCE2E
FFFE6364
FFF995E5
FFF5B2AA
0003B686
FFFB03BD
00020999
000ABB2D
FFF3D009
00095FF2
FFF1CB76
0000141E
0003D8B2
000AA3F3
FFF65AD0
000EBE61
0009DE9B
FFF3EA18
FFFA6DFE
0001DE0A
FFEC49FF
FFFC8972
0007C059
FFF965AF
FFFA468A
0003A1EE
FFFEED83
FFEBFC02
FFF709C2
000AB56D
FFFE5C85
FFFF14FB
FFFEF14B
FFF5B4A6
FFFF23B0
000574A4
000EEE7B
000904BA
00064E17
0000F625
FFFEC882
FFF7828D
00062B96
0004E617
FFFB0A4B
FFFFBAEB
FFF03E4A
000E407C
00054EB9
0002E144
00038C9E
001030AB
FFFAC7FA
0003C5F1
FFF58639
FFE3BA2C
00049694
FFFF1D89
FFE5B0BB
000B6886
00037B26
000247CB
FFFFD944
0007D320
FFF52F3E
00050716
0011B158
0008705D
0001B816
00083835
0000782B
0005C6D2
FFF917F5
FFF250B2
0004A219
001085A2
FFEF961D
FFFAECA3
000EF01A
0013786E
0008F3B1
FFFE1574
FFFDC758
FFF5EAF7
000B0AFF
00076248
FFEDC577
000272E8
0010A137
0004F05C
FFFD92CF
FFFD093D
FFF7D229
FFFE6EBB
00016EB1
FFFAF29D
FFF3F20C
000207E2
FFFCCB32
000ACCEB
FFF40C6B
FFF34E41
0006D8E6
FFFA4B20
0001ECAE
000DDB89
FFF2CBCA
0005FCAB
FFFB5585
FFF3A30E
FFFCF76C
FFF879EA
FFF4529A
0008412D
000A895D
001DE7F0
FFF9CE36
FFF7027B
000F5413
FFF7E685
0003C8E2
00021266
0002CAE6
0006CBCB
0001168F
FFF42978
000C263B
FFFE18D7
00090EDA
FFFD4B47
00020D5B
FFF6F282
00037932
000AFD2C
FFFB38C1
0009C8EE
0001190F
000A8338
000A6983
FFFAC488
FFF51A1F
FFFD6B8B
00070985
FFEAA85C
0004CFB2
000E9E34
0000FC85
FFF95148
00059DFC
FFF322DF
0009DBB4
FFEA7375
FFE79CF3
0010AC0F
0007E6D4
FFFC7620
FFF34302
FFF96DC6
FFF535D1
00040EE6
001250A2
FFFC6DA3
FFFD4B10
001558B8
FFF71B06
FFFC2935
FFFDECC2
FFF56797
FFFC4742
000B3213
0006A383
FFFA7214
0001D369
FFFA364E
FFFAE61B
FFFA9C44
FFE7A95A
000FDF3D
00096F6D
FFF35A62
FFFAAE37
0007CF16
FFFA28F5
FFFEF1D4
0000D79B
0001B6B1
FFFAE4BD
FFF6027C
000A6494
000E835C
000C7B4D
FFF46F03
FFF6938E
FFF9E27E
00080FC5
FFF97F4F
FFFA2081
0009ED99
0000EEFA
000715C5
FFF1582B
000E2943
FFF94DD8
FFF4651A
000CF9B6
0008BA0E
000B156F
0017AD20
000534E5
FFF59275
FFFD947C
000B2171
FFF90671
0011A91D
000BE64B
0007790D
00050F63
FFF60942
FFF47BA3
FFFB87D5
000B63C1
FFF3CE98
FFF40025
FFF5F5AA
FFFE06D9
FFFF84C0
FFFBAA64
00028E59
FFF2628A
FFFDD36D
00071B4E
000C539C
FFFE362F
0000B355
FFFA7237
FFF945FD
FFF22838
0001665E
FFFCF7EB
0001510F
0005754A
FFED1B14
FFF2F661
000E6D58
000DA908
000830E9
FFF672EB
0008D3BE
00004D4D
000C62D4
00009C1D
000D7FA2
FFF59E68
0006551C
FFF614DB
000AA5E5
00074242
FFFD71BC
FFF8D9C4
00005A84
00109ED6
000808D5
000F7DDE
FFF43D1F
0009BC5A
FFF2DCC7
FFF16BA9
0011F83D
0000B24E
0003B305
FFFD2C04
FFF3C528
FFEE53A5
FFF62375
FFF893EB
000CE4E4
00144DF9
0002BDDD
00028CC2
FFFB14D0
FFEA0E84
FFFF6FA7
00005F13
FFF64899
FFFA02EC
00031D35
001FB5A7
FFFFFDFF
00081C4C
FFFCFBA2
FFF1DFC1
000723E8
FFF828E1
FFF230AD
0005F563
00083108
000B4C3E
FFF9B55D
00008C70
000AB6FC
FFF91E22
00009A18
FFFC7392
0028DF25
0004900D
0002A481
000D9983
FFF6553E
FFEFDDA0
0002E058
FFF62583
FFF38C65
FFFC9534
000F4C3D
FFF60744
FFF88BBB
0001AE6D
FFF41405
FFFB9B98
000FAA51
FFFF5F01
000BAEEB
00000314
00004F0C
0003BAA6
000882CB
FFFB8BB0
00157B7B
FFFA2721
FFFC0A99
0000C54C
FFF95969
FFFC2FA0
FFF0C95A
FFFCD21A
000E9E41
000B66FD
0004E54F
000B0EB2
FFFFAF70
000219B7
00069F18
FFE790B7
FFFAF3C2
FFEEC48F
FFFFC385
FFF5B6F4
FFF816C2
000878E5
0000151E
000249A8
0008AB79
000879A6
FFF34A83
FFFB86AB
000038B7
FFFA0E07
FFFDE54A
001742CF
FFF9576E
FFFE5F93
0008F26A
FFF985CD
FFF1141D
00083AE5
FFF9DDB6
00105144
FFFEC602
0001D8FD
00003C53
FFE83F75
FFFA3040
00012D7D
FFF4CDA4
000123DC
0005D7D8
FFF74932
0002EFAB
0011809B
0001F7A4
000D0B5F
FFFB3F0F
FFEE50DA
FFFB960E
000C2685
0008089C
00025208
FFF7008F
FFE98AFB
FFEE3395
0008A302
0003B106
FFFDFCCC
0015FA38
001116C8
000A21CF
FFF716EA
000C4A09
00007D95
000BCFC1
001257A5
0001363D
0000F834
FFFF2B7B
FFFAB8D4
0010C670
0009590A
FFFB475B
0006272A
0009F3D0
FFE721BC
00019293
FFF99D2D
000475F5
FFF7BF2E
0002753D
FFFC0435
0002FA7A
FFF159F6
FFFF213F
FFFA8CB5
0008CD9F
FFFF20A2
FFF9DD33
000F6CCF
0005F584
0016E71D
FFF8AE5B
FFEAE22D
00051743
000B3924
0007436F
FFF33CA0
FFFF1586
FFF5954D
0009E068
FFF307D3
FFEEACB1
FFF7FCEA
00078C34
FFF4B8DE
0006D4AE
FFF40085
000415BD
00024B08
FFFAFF62
FFF8EE76
FFFA210A
FFFE19B9
0003D2A8
0006D48D
000623FD
FFFA267D
FFFD0A23
FFF43A9C
FFFAFAAC
00094693
000C6F39
000BDF1F
FFFD4CEE
FFF6D9BF
FFFC7917
FFFDC25A
FFFD86D2
0002D181
FFFF3A57
FFF36586
000250BB
0005DB43
00036CF3
FFF7A5DC
FFFA1FD7
FFFACD68
FFFD28E6
FFFD6DB0
00162E6E
00034CCA
0007FA94
0012413C
000401EF
00106620
00027CB6
000C7500
FFF723B8
000CF348
FFF571C0
FFF0C9BC
FFF3E7D1
000EDDF3
00079512
FFF6F0A9
FFF92F7B
FFF6C26E
FFF19FD9
0019BA6D
FFEDA005
FFF9DDA9
00051FA2
FFF29C86
FFFA895F
000BAF67
000D49E2
FFFF85EA
0009D7ED
FFF7C00E
FFF06AEC
FFFBCD47
000BAE2D
FFF89C8F
000404C2
00026A7A
FFFAF618
FFE7ADFD
FFEEEB0A
FFF9EF6F
0012472F
000132F9
FFEEF2C1
FFF69BC2
00198890
FFF97064
00078179
FFF70A96
FFE1AB03
0001754C
FFF5A1EA
FFFB5FA8
000DB48E
000ACBE9
0004948E
0003287A
000626F8
FFFEFA0B
00037FB8
000A019F
00083D38
0004692A
FFF8CFD2
FFF4B3ED
000D1071
000FCDCC
0007C99D
FFFD320D
000FEA9C
FFF89833
00028256
FFF7C75D
0014EF18
FFF9068D
00035D4E
FFFE0386
FFF54A43
FFFE91B8
001161F7
FFEACB53
FFFEABFD
FFF9EB56
FFF4205D
000A2D1C
0012AA59
FFFD80C0
FFEDCC7C
00134575
FFF8668D
000BFE59
FFEA6A63
FFFD23E1
FFF3BB30
000A5B52
FFEA9156
00034934
FFFC74CD
FFF7310F
FFED1F79
FFF3B7CA
FFF37101
0008732C
000A8A7F
FFEB5F97
000B8324
FFEF1833
FFF81C3D
0010EB93
FFE5F2E0
0008BB6B
0007BC2F
0000D834
FFF05AED
FFF6D5A8
FFF2DAA5
00042DCC
0019FF79
FFF468FF
0023C2EE
FFFEB592
FFEADFFE
0000AB88
000643CA
00123776
0001D7A2
000C1C07
001DC275
000DE9A8
FFFFAC39
00053529
00083F3F
FFFDC838
0016FCDB
00065593
00010348
00054D5D
0002AABA
FFFF797E
0022213F
0001161E
FFFF2BD1
FFF51DF0
FFE353E4
FFEED4A2
000A299F
000D187C
FFF5142C
00081427
000E009F
0008BE63
001A21D5
0011217E
0005CCE5
0016D3A5
001888E7
FFEDCCB6
000BED79
000A480E
FFE60962
00170600
FFFDEE02
FFEE7307
FFF1078C
FFF62F6D
0004495B
FFF5D5CA
FFF076A3
0007538F
000D054E
000DC5AB
00132934
0015D6FA
00036681
00019645
FFED1995
FFE3D35C
0019875F
00153DAE
FFFAADD0
FFF13DD8
00067126
FFEC0FC3
FFFD372F
0006453E
FFF98C88
FFFFEA48
0008DA5B
FFFA69F5
0004D1F5
00013262
FFF114A6
0006E5F6
000747DB
000D60D5
FFF025C5
FFFA9A72
0005DF7B
FFF79F44
FFEEEA70
000A3D47
000449B2
0009E3DC
00066A36
FFF61927
FFFFE77E
FFEDD360
0007C4BA
FFF80A0F
FFFFAA7F
FFE8A091
FFED913D
000EECBD
0001AF05
000B9BEF
00044A35
00157731
FFFF386D
FFE5F07C
0001276D
00115D8D
FFF0DC19
FFFF231D
FFFA2742
00083A24
FFE8A53E
0001F88C
00064350
00102CE6
000D3089
0017B9B7
00070358
000B96C4
FFF9049E
FFEB2A2E
FFFEBE7D
FFEAC1E1
FFF546C2
000F2634
FFF03999
FFF0E189
0009B12B
000E6828
001C6658
FFF53A30
FFFEFFE5
002A048B
FFF32198
FFFFDDF5
FFF2F3C0
FFFD8EA1
FFFBCF9F
000C631D
FFFB089C
00046340
0003F318
0006FC8A
FFF9DBD0
FFEC2EB7
FFF4325A
FFFAE9C0
0011B9DE
FFFC1486
FFF61F79
000A063E
FFE20DB9
00080870
00010272
FFED0FCC
0000FD1F
00080A78
FFF385A4
FFFD50FB
00057528
FFF15DA5
000CC5D6
0003CB3B
FFFC2F59
000D0B5E
0001717D
000ED790
000E84C4
FFEF4FA3
FFEED4F7
001B3E4D
FFFD87C6
FFF87BD4
0003F112
0001C9BF
FFFAB0B1
FFF23F80
FFFE02F6
000827BB
FFF03623
00003690
0008BC37
FFFD76B8
FFF67C21
0000F8BD
FFF6B099
00188717
00058D3B
FFF6B888
000C26EA
FFF3E86D
00072710
0012E3A2
000C8FBD
000FDBEA
0006EE24
FFFDF9C9
FFF93B73
FFF95F50
FFFD6DA5
000C99AE
FFF7E74C
00043068
FFE784A1
FFFB5658
0003C9BA
FFFD24FD
FFF6854A
0000F640
FFF2DF81
FFFD7425
0004332A
FFED64C6
FFFB2F20
FFEEB1DA
00162BF4
FFFB94A8
FFECCB1F
FFFB847F
00034525
FFF99C93
000CD9D4
FFF64B7D
0011C17F
FFEFE8A0
00033BFE
FFFF640E
FFEDA2EC
FFF60625
0014B9DA
000DB7E9
FFFFB00C
00002159
FFF37553
0000B40D
00165E2B
FFF43138
FFF1FC5B
FFF8A526
FFE946A5
00088392
FFFDCF6A
000FD392
FFFE0A5B
000A04C6
FFFCCF4F
00160EE6
FFF8112D
00094435
0008517E
000B01CD
0004B77A
00010381
FFE531CF
FFFB06CD
00067179
FFED4B6C
00167F88
FFFA1FC9
FFE7F086
00041530
000B4864
0006407C
000D77C7
000B3CCB
FFF27E7F
0006185C
0013DFE0
0018837C
FFED3DA1
FFF8C286
FFF45D1E
0010020E
000664DA
FFFCDB7A
000D18FA
000789CF
FFDC6403
FFFD6CC6
FFF40CB1
FFF46152
000DCACF
FFFF2E19
001B5AAF
FFF3C8BF
FFE43AD1
FFFE561A
FFE2B18F
FFFA96C4
000BEFFE
FFFB873B
00144EC3
0001FE43
0006D609
00186899
00092808
FFE94991
FFF78B61
FFDC4250
FFEB53D1
FFEC4C2F
FFEB8B65
FFF64039
FFFEFD61
0016F62F
00120ED1
FFFEC820
FFF7C0D5
000CA0B7
000FF724
FFF44537
FFF7CA79
FFFDD1CF
00051BF6
0006D98C
00083D9B
00023222
FFFC6D27
FFEC6DBB
0001F4C3
0017EC6D
FFFC77D0
FFF7294F
FFEA9EA1
FFFAD30A
0011D228
FFF8429A
000F81DC
00017D41
00077E67
FFFCF271
0010FC91
FFEEA5F8
FFF712DE
00104154
FFFF249F
0002A149
0015BF9B
FFF88CF8
000B1F79
00069799
FFFC6418
FFFE9322
0005976A
00077AE9
FFE3652A
0001A13D
FFEDFBA1
000D2312
000EE45E
0007F47A
FFF0D2C9
FFF01422
FFF99FCB
000E4B02
000D625B
000F2457
FFF010D7
0002C5C1
00054409
0014DEE5
FFF07DFE
FFEE00BE
000831AA
000393F1
0006A641
FFFEEB69
FFFBDABC
FFF3EB1C
FFFBC105
0010DF22
FFF7A1A0
FFEDA990
0002FD1A
000F2805
0000D226
0020FEF1
FFFB1F7A
FFFF9113
FFFE321E
00078E52
FFF90B8C
0001013C
00074F10
0007F22B
FFF52ACA
FFF34639
FFFFD99D
000E3F0F
FFECFF4D
0003DF2A
0009F508
0006F9F4
001AF863
FFF3DD96
000493BF
000C36E4
FFF01E92
FFEB4D21
001A07EF
FFFE3F26
FFF56076
FFF121C8
000480DD
FFFECDE1
00026DF9
FFF27ED5
00162D05
00124BF3
0008E7E4
0006DF20
0004063A
FFE9E80C
FFF8A42A
00016706
001E7E69
000FEC20
00059C96
00182D8F
FFF92549
FFF8F17A
0009C2A7
FFFA0739
FFF73D72
00009C39
001716DC
FFEE888D
FFFDBB80
FFF75255
00086B30
000176A6
000B43AB
FFF59E36
00074899
FFFEA425
FFF02CEA
FFFD1FEF
FFFCD2E7
00092630
FFEFFB75
0006D42E
FFEF5591
000439BC
000B4A97
FFFB5E94
FFF58A3F
FFEF9F42
0006A5C4
000EA98D
FFF99F6A
FFFFDBCB
FFFF3D0A
000037F5
FFEE0791
FFF43E1A
00187719
00079EEF
FFECD92D
FFEB0C25
00128DB0
FFE54D04
FFF7B43E
FFFF9EEC
0004836E
000917A5
0007D5A1
FFFD11E8
FFF587F3
FFF5EBEC
00176DAC
00087910
000F0E35
FFF22BB0
FFF1BB17
FFF55083
000421AD
FFF4FD70
0006A19F
FFED701C
0001909E
FFF65E06
FFFC9F2F
00056F16
FFF3CD21
000DA57D
FFFA1994
FFFE5542
00015B36
00040CA6
FFF2302A
000D40D9
0004C7DF
FFFA52EC
0004132A
000BBE79
000A47C5
0000B498
00016425
0003350A
FFFD1EA8
FFF60643
FFF2298D
FFFC70E7
00084F30
0007B755
FFFE33F7
FFF49665
000CB3E1
FFFFE300
FFF8E199
FFF573CA
00050AD7
00186A8A
FFF9D28E
00107369
FFF9EC76
FFF5CADB
0007FDB0
0000FB2D
FFE99F10
001108C6
FFFCDC34
FFFE70EF
000BE7C4
FFFB9725
FFFC8A32
001526D7
00090E84
FFF3C49D
FFF0CFA3
FFF6A457
FFF35CC6
FFED1832
00031808
0000CCE7
00006267
000DF425
0010C8A1
FFF04D17
000910D6
00003D00
000BD288
FFF5EC76
000F2914
FFFB113F
FFF8C487
0006991E
FFEA3E5D
FFF69635
FFFB6D6A
FFEC6332
FFF82DD3
001E92C4
FFF416DB
FFFC26AA
001EB1AE
FFEE919B
FFF65513
00015471
FFE7BEA9
FFF305A6
000D09D1
000BD3EF
00099991
0002F2DA
00009DED
FFF99281
0000C00A
FFEDB096
FFF22765
FFFEBFCB
FFFB3818
0008CAC7
FFF33032
0020782F
00040924
0001F179
FFF648FA
00030B8F
FFFAAF2F
FFF192D9
0000D9B4
000AEE95
000275DF
FFFFA3C6
00113D70
0001F9A0
000C78C4
0002F46F
FFFF674E
00023513
0001F738
FFF569EC
0012B8A9
0002DEE2
FFF4B158
00104D94
FFFCC5DF
00002173
00106931
000C5818
00089892
00117A06
FFFC358B
00060F1D
FFF82397
FFF5C8A1
0007F519
FFF59D3F
FFF655E7
0003A780
FFF62651
00028700
FFF82D14
FFEE435C
FFF38CB8
000777E8
00141BC4
0009C2CC
00094E47
00054615
FFFD51A4
FFF19721
FFFDFAE5
FFED1EA0
0005981D
000CE65B
0008A53F
000DFDDF
FFF8C743
FFFCE141
000D8C55
00004A05
0009EAA7
FFEAC270
000C0191
00008190
FFF24A5C
000EAADF
FFEF3C6C
FFF88B5F
000973EE
00074B50
FFFFCB2D
FFF92137
FFF85C80
FFEC6574
0009A44F
FFFCC062
FFE7FF31
000A570F
0013AA2B
00023FCC
FFFDF8D8
FFFF227A
FFF51C1C
000FC088
0000A886
000FAD5D
0010828F
0007D8A1
FFF0B583
FFF820D2
FFEF1AA6
FFF751A9
FFFA2A7A
0007EFC1
FFF1715D
000F978C
00043C4A
0007227E
000F037C
FFFFAD32
FFEE7402
000679C8
FFF0233F
FFFCB35B
FFF58AD8
0015A73E
FFEE4921
000597D8
000794A1
FFF39384
000AB2AC
00063D94
FFE8894D
0011BB71
FFF83188
000A3999
000C2963
FFFD030C
FFEAD46B
FFF85425
FFFF62DF
FFEE7959
000289CA
FFFCE9B6
FFFE63BB
0001867F
FFEEC7B8
00015545
0002090D
00021B85
FFFF63E7
00039BDA
00164993
00095BFC
000549B7
0003E822
FFF27981
FFEF7F39
FFFBF8A0
0002E43D
000892ED
FFF25F0C
00033A96
0001FE76
FFEDEDB2
FFF7D89B
000CA7C1
FFF79323
0005D7E0
FFFD012A
FFF06476
FFEEB844
0008FB71
FFFE7484
FFF77AB7
FFFB08F5
FFFEA582
FFFCC1A3
FFF7D765
000A8CDA
00031F38
0012D4AC
FFF17869
FFF1B2B3
0005896E
FFFA41C4
FFF9F221
0002ACD5
FFFEE94D
0003590F
0000DDE3
FFFA6074
FFF90C58
000A53AF
00070C8C
FFF4109C
000C23C2
0000061B
0003CCCD
FFF4F101
0004976F
000A4779
0008F2BF
000F73FF
00025EB1
FFFF5DFF
0000F74E
FFFDB9A9
000C6C4B
FFEDA700
0007EAE0
FFFAABC0
FFFF2AE3
00026D32
000399A8
FFF482FA
FFF98C13
FFFCB0FC
0004199A
000531B9
FFFBB836
0000F654
FFF2D68A
00025774
0010A66E
000F65CF
FFFAEFF0
FFFD294E
FFF7ED76
FFF47070
00012F24
FFEFA7B6
0004A790
000A93C9
FFF2C23A
FFFB4F74
00117D96
000CC674
FFEEA348
FFFAA037
FFEF5E94
FFE911E9
FFFB7287
0008094C
FFFA2B43
FFF537EC
FFFD7F95
FFFA640D
000A393E
000119A5
000B6DB7
0005FB98
FFEDD70B
000E518E
000E003A
0002AACE
000B2B29
FFE8A23E
FFE84716
00037D83
FFF94621
FFF37058
FFFCE335
FFEEDF4C
FFF5CA5E
FFF2ED1C
FFF0A22D
0007142E
FFFEE29F
FFF77B97
0005D5BE
000F4A94
FFFC0DF4
FFF4914E
00079836
0006A7C0
000AD715
FFFD0DFB
FFF23E5D
FFFB75E3
FFFF42A4
000CB84E
000350AC
FFF5D28A
00044493
FFFBA444
000DCCEA
0003BBF1
001DBF8F
000C6F1E
FFFC1A42
FFF06FD0
FFF05BE7
FFFDD8E2
FFF42257
000824D0
00009593
0001A493
0007BF37
FFEE18ED
FFFD9FFE
0008D471
FFEF7C8C
0008DB92
0007AE9B
0007391C
FFEEC669
FFF86C2B
000B8356
FFE9DB10
001278BD
000794AA
000BE31B
0005D26A
00096A8E
001E8F68
000EDDAC
FFF08F50
FFECC859
FFF1C6F3
FFF44D67
FFF90F3D
FFF94CD6
FFFF4AE4
000623E9
000F91BE
FFF5C321
FFEF698F
0003F279
000B1819
FFF5A452
000C7AF7
FFF651D1
000C9CCB
0011E11B
FFFAB5DE
FFF36A3F
FFFB3C44
FFF5E17B
FFFF7FD7
FFF44516
FFF427A0
00087673
FFF4E372
000704FF
FFF6D836
000225A1
000955B6
FFF79481
FFFADCD3
001A5C6D
FFF5A03E
00112F8F
000C381F
FFFB6E10
FFFCDE18
FFFA8106
0006827E
FFFAE703
000BA3FA
FFFE468C
0007DFE2
0006B11E
000892F8
FFF8FD01
FFF3693A
FFFA6F97
0009DC19
00117C50
FFF797C1
00151122
FFF692C2
FFF36B35
0000099E
FFFBAFBB
FFF47408
000A3D8D
000054A0
00075F44
FFF67645
0005DD68
FFF5CF61
FFEA1623
FFF19A1B
00016C3A
0000FFD9
0004C8A8
FFF395FC
FFFD3380
000DA877
00095DF6
FFF763BB
FFF8BE45
FFF60744
FFF905FB
FFF3039B
FFEE7E46
0009791B
FFF7A69B
FFF03B0B
00004C48
000CEEB7
FFF3D70D
000ADB2F
0007D831
00124074
0001C6BD
FFEA8EA9
FFF7CE35
001569F2
FFF27CF2
FFF5EF09
FFF2D905
000ACAF9
0017CC7F
0007C97E
00038268
FFFD3781
00063FE1
FFF1809D
000AE321
FFF72CB3
0002FD78
001259F0
00093E75
FFFE6851
FFFF7721
000509CB
FFF9417A
FFF5FF17
FFFB285A
FFFADE33
FFFEED9F
0013980F
FFF5C6F5
000AB8AA
00063645
FFED5BFD
FFF9F7BC
FFFFCB84
000AAC20
FFE98A71
FFFF1D1F
FFF363E6
FFF84B9B
000B9BA1
FFFEC2C3
FFF85641
0003CD56
FFF4ACFD
FFF8F416
00048F4C
0002F870
000814F6
FFFB9ED8
0008DC12
000B59B5
000233AE
FFFE039D
0003EAFA
0014633A
000C3AAA
FFF5C81D
000C0A93
FFF6D80B
000CD2F2
FFFF984E
000B3721
000A31B3
000D618B
00008542
FFFEF58A
FFFD019D
FFF7E71D
FFFC279B
00092A8C
FFF7DF57
00050857
FFFAF480
FFFB7B1B
FFFB6BE6
FFF3CE37
FFF91E22
000034FF
FFFB5219
FFE85EA2
FFF6B28E
000AA0BC
000B3DC1
00042C1F
000372BD
FFFBD560
FFED18E9
FFF5163D
FFF4EDA9
0001CF92
000680C6
00040ABF
FFFA3E38
000B76D0
00035EEE
FFFF7DF6
0009A538
000C5066
FFFA8D75
000CE397
FFFD3001
FFF1FA8D
FFF31D1B
000135E0
FFFDF7CC
000486E2
FFF7FA47
FFFF4597
FFF77F6B
000822FE
FFFC49B8
FFFED441
FFF5F150
00004C55
FFFFF252
00018398
FFF912F6
00034D43
00028C60
00075743
FFFF71C3
FFFB83C8
0009F4C1
00014634
FFF7B3BC
0000A287
FFF3207B
000E0706
FFE77CB8
FFF8D248
000C0D5C
FFF5B1E0
FFF373A8
000042FD
FFF9A0A4
0000DC33
000E512F
000B9A9B
0010DE89
0007662A
FFFAD5CE
0003A5C0
0006C8CD
000F4606
FFFBDBF6
FFF6E6EB
00060B12
FFEE6DE9
00095C90
000D35BF
FFF67537
00048C22
FFFC3B52
0007C93D
00057CEF
FFF95542
FFF91736
FFFF21D1
0006EDFE
FFFF12DB
000FFEA5
000BFB2B
0003D4BE
FFFD193B
FFF50783
00013A04
000548E5
0005009A
00040369
0007C720
0010D934
00027217
0000D13A
FFFE2841
00070D38
FFF49CE8
0002AE62
000C5FE6
FFFF1F52
00112485
000C5025
0006676B
000BFED1
0007EA81
0014DC9E
0006C091
FFF97942
FFFFEA09
00021726
FFF77D21
FFFCD91F
000A7219
FFFC7DD2
00069CF9
0008DA24
00048230
0008AB77
FFF57695
0006F0AE
0002A44F
0005117B
FFFF0D04
FFFE06B5
FFF57E57
000B8734
FFFAAADD
FFFB74BB
0007A1DC
FFF661D4
FFFF73A8
000A6EEC
00072FCE
FFFCE15E
0008274C
FFFCB009
FFFEED4F
FFFCAAA4
FFF190F5
00288E3D
000C4361
FFF9130B
00192196
FFFEDD79
00059A9F
00068444
000B56B2
000AC7C1
FFFF832F
00085CEA
0006BC63
00147B7B
00008A65
0005FFB7
FFED6F24
000691AD
00033D7B
FFF70CC4
00031E1E
FFF14302
000362F2
FFF588B4
0000DA5F
FFFF7946
00055D23
FFF8F965
00090D06
FFFAA448
FFFE70C3
0005E2E2
FFFC1022
0005B57D
000815BF
FFF16A61
FFF2284C
0009F44F
FFF70135
FFFB0DEE
0005F5A3
000CDB28
000965FB
00091678
00025644
FFFABD5B
0007BEFB
FFF1F60A
FFF91654
0009F4E3
0004F947
FFF75475
FFFE7C75
000DA9F9
FFFC84F5
0003ECC0
000C367C
FFFD9F3A
FFFD3839
0001F442
00083EBD
000AAB25
FFF622A0
0009EFBB
FFFD9CF0
000B432F
FFF5FDBA
0006C670
FFF86017
FFFEB03E
00038845
FFFFF805
FFF5D26C
FFF726ED
0006C0B0
FFF7FB71
0005AA07
FFF5FF53
00102212
00029ABB
FFFEE8E1
FFFBA749
00071D90
00052038
FFFD8FAB
0002AB25
000BDB7D
00066B09
00089278
000CA8B2
FFF214BF
FFFA8220
0009DFD6
000249AA
FFFBADB1
00057A56
0008742D
FFF45483
FFF8731F
0008E9F0
0000B01B
000D7CA7
0006B482
0009EF43
FFF9F681
000A7BE6
FFF913B7
FFF7785C
FFF9C360
FFFCC8F6
FFF73670
FFFFE955
00004694
000534C8
FFFA1C66
0001B0C2
000AF15E
FFFD3B2D
FFF41596
FFFED5BC
FFFA3D4A
FFF7548D
FFF1FE17
001032A5
000B89E6
FFFAF3C5
000D25AB
FFF7692D
FFF8926D
0011A32E
000225A4
FFF6FEDB
00079AF3
FFFA97A3
FFF7802A
FFF81521
00144656
FFEA21DF
FFFDB24D
FFFA50C9
FFF361B0
FFFC94D7
0004E833
FFFD9DB9
0006C279
00044733
000C90E8
0005921A
FFFDB8B6
00041697
00001EC0
FFFF191F
FFF2F9DE
FFF46833
00025739
000A41DA
00044E9F
FFF3D2B2
0003D760
FFFD1F97
FFFEC70B
FFFBADC8
FFF7B10B
000C65B7
FFF6937A
000032C4
0005D767
00091A7C
00036777
000D0C1E
0000B3AB
00071ABB
000F5958
0004BF03
FFFDB761
000C9636
00040CF8
001212C2
FFFB0B96
FFF3E1F3
000690C7
FFF1B401
000A8AB2
FFFB9AF3
FFFD206A
FFFCC09B
FFFFDDF2
FFF3487D
FFF63317
00029703
000214D3
000577FC
00015ABB
FFE8CB39
FFFE0BB1
0006DC22
0000FEB3
FFF82D6E
FFF66DB4
000D9FB1
0007DD76
FFFA4EB4
000515C9
FFF1EDA2
FFF53841
FFF76D9D
FFF7EC5E
FFF4DB07
00089BDB
00090967
0000F61D
00051E6C
00004C0A
00103F63
00071882
FFFF2304
FFFBAFD6
000111EB
FFFDAC3A
FFFE5BFA
00034522
000A6928
0000E715
000586C5
00030763
FFFC69BC
FFFEC1D9
FFFE854B
FFFF93C2
000CD664
FFFF926C
0002061D
0007D692
FFF1B4B8
FFFC8D45
FFF53835
FFFC0929
000275DC
0003BE59
000D7D09
000FF1C8
FFFF4F59
FFFE77F2
00048888
0007DAC7
0001BD93
000261BC
00025FC5
0003212F
FFF779FD
FFF752AE
FFFA8DE9
00030244
FFEEAF0C
FFE933A2
000428E6
FFF3017A
000C1672
FFE89758
FFF8C271
00040380
FFFC5D3E
0012DF00
00048580
FFF99735
FFF3C14B
FFF23C8E
00052854
000DB225
000D811D
00014B19
0004AD35
FFF10DBD
FFFC9BC7
FFF68F95
FFEE22C1
000E8055
000652BF
0008A9C6
FFFAF1E2
00063561
FFFCD936
FFF776A2
00116FAD
FFFA96A9
FFFB45EF
FFFF1610
000868D6
FFFC0876
000A1A05
000533D0
FFF36087
000941E6
FFFBF030
00010632
0000AE48
FFF9A66E
FFFA2B0A
000C5EF5
00004382
0002EB36
FFFFE7E5
00024E1A
FFFA0074
00045DAA
000702CA
00014813
00045B15
000291B1
FFF86BFE
FFF71B49
0004B58E
00056B0D
FFF777FA
FFF5F3E7
000A1BA9
FFFBA1A3
0001078B
FFF5C1DF
00054452
FFFEF59D
000686BE
000E058E
000BA3EA
00061921
FFFF787D
FFF8A8E5
0006B2A5
FFFA1ACB
FFF66FA5
00073146
0008D228
00075C52
00090084
FFF17127
000A0824
00055D52
0008FFC7
FFF65451
000821C2
FFF38467
FFFCCA52
0006EC50
00012CD8
000F6E9A
0002CF8A
000BDE58
FFFCD145
FFF8660E
000351BE
FFF6B196
00084983
00096CB6
FFFC046E
FFF8636E
FFF69D7E
000CD1B5
0012AC7F
0002ED3A
000096D0
00197F60
FFF91C11
00027605
000472E2
000A08A7
FFF508DE
000D170C
000D9ADA
000BED6E
000B7BDF
000068BC
FFF8134D
0004B6D3
000F0430
00015C7B
00015E6F
FFF62602
FFF20861
FFF5F6A0
FFF72268
FFEF4783
000144E0
FFFEB905
000254B9
FFFCF360
0003A2B3
0002EF78
FFF21500
001226DA
FFF8F3A7
FFEF4A98
0002494C
FFF18FDC
FFF90821
FFF87607
FFFD429A
FFF20041
000B1A97
FFF44975
FFF7382E
0000FCB6
FFF4AF9F
000529BC
FFF7060A
FFFD85A0
FFF569CC
FFF99F51
0008432A
000241EB
FFFAF830
00007EE8
FFFE9F78
FFFB8E9E
00083F69
FFF2A2DE
00092306
FFFD9325
FFFF795D
FFF630E3
0000D937
FFFD002E
000632F6
0001B00F
000CFB93
0007054A
FFF71584
0003791F
FFF75666
FFFE6EAF
0000D769
000405F4
FFFF61B6
FFFAFE81
0007ACDF
0008D2AC
0005DC6B
0015E342
FFF7EDD3
000CF52A
FFFEE98B
FFF9DDAF
FFF86CEA
FFF83230
0007EAF6
FFFFFEBC
00107333
FFF9F448
000106C2
0007194D
0003C589
000A7225
FFFAE455
0007FE03
FFF98124
FFFBFF57
FFFFC373
FFF618BB
0000DB62
0008AC62
FFF52986
FFF414AB
FFF578B9
FFFA384A
FFF350B0
FFFC59DD
FFEB761A
FFFC0C99
00048F67
FFF13901
0006250E
000D4AC8
FFEB5104
FFF6CD47
0002DF1D
FFF38494
FFF5AC9E
FFF3888E
0006FF71
000F6D00
FFFC016F
0005013A
0000519C
000A0C42
00047B1C
00057D02
0004C1FE
FFFFAD98
0002ADA5
0009FBC6
FFFACCD5
FFF42CF6
FFF8191D
FFF99869
FFFC3ABA
FFF9B4EE
FFF637FB
FFFA3F1B
0001B1EF
FFEC9503
FFF84D1F
FFFFD285
000222C0
0000AF05
00075ED9
0004FEFB
FFFFDB3D
FFF93CF0
FFFB0116
FFF97A6D
FFF4205F
FFF44767
0003DF35
FFF34C1D
FFF7C159
0010EF8E
FFF920CA
00066485
000A6104
FFFE680D
FFF410C7
FFF1EBB8
FFF155EB
0008500D
FFF6C822
FFFBEF65
0003A42C
FFFA4421
00039A3C
FFFC4E85
000E796E
FFF87B7D
00042543
00097C90
0009605F
FFF7CDBE
000DAE04
FFF84BAF
FFFE4E01
00024862
00099DA3
0001F3BD
00017DDC
00085C9E
000347BD
FFF47B52
0005FA37
FFFF71BC
00039880
FFF81C31
FFFB62D8
FFF3AB3D
000B82F0
FFF057DE
000F8E56
0005B059
000C7580
0011EE58
000ECB37
FFF4AACF
FFF7B574
000552E7
FFF57937
FFF819DC
000A9BAD
FFFE476B
000B8B75
FFFF6880
FFFD69A8
FFF5BDA0
FFF24595
FFFDC018
FFF678D9
FFF85C27
FFF49F9C
00024EF5
FFEB57FC
00076FE7
00063C8C
FFFD8613
000873A1
FFF93C0C
FFFEAD9F
0005E400
000015CD
00041D25
FFF50222
00035218
FFF31921
FFFE386A
FFF74D57
000468FA
0002C56A
FFEF1DEB
FFF417DE
0002FEEE
0001E9E5
FFF04459
FFF5D103
FFF59271
FFF83A16
FFF5D9CC
FFFDAD71
FFF87B1A
FFFF0328
FFFE0CC6
000E726F
FFFEC6BE
0007329D
0005F329
FFFEBBFC
FFFCF2E3
00079E1C
000C00F7
0009805E
0004A9E8
FFFA455C
0002F7A7
FFF84A12
FFF76852
000B3F4E
FFFCDDA4
FFF16DAF
FFF6BF61
FFF0A63F
0006D5E0
0008C582
FFFDCCCE
FFF67EBC
FFF4C758
FFF7E192
00066040
00052579
FFF6B223
00040E06
00082E76
FFF418F8
00076325
00043F3F
00016254
0000780C
FFF99C92
FFF18D78
0004B659
FFF83922
FFF7ECF1
FFFA514D
FFFA22CC
FFF659A9
FFF71984
000B88AD
0004E6DF
FFFED725
FFFEBFD3
00087CD4
0004057A
FFFE6F01
000018D3
0000FDE2
000EB757
0009FD74
000170E9
00026172
000439BB
000217F9
FFFAE23A
FFFDB5C7
FFFA8338
000DBB2A
FFF933E1
FFFC11F3
000B1B65
FFFE9CC9
FFFDF928
FFFDE090
FFFEF8C4
FFFBFC99
00017939
000A8CD7
000AC01B
000547FF
FFFE6882
0008F373
FFF5EFC3
FFFA17DB
00044F67
001A40EC
0010D00A
000443D7
FFF35D36
0002707F
000CEBF8
000694EA
0007E123
000ACA49
FFFAEA97
FFFA81FF
FFF01F29
FFF1FD15
FFFFE46E
000C3E3D
00096654
0010E986
FFFEEBF3
FFF8436D
000DDC2E
FFF2DC95
FFEF2315
0009F230
FFF82468
FFFE7E0F
FFE9522F
0007137B
00088D97
FFF77FCE
00062CC3
FFFC3C25
FFFBA73B
FFFA1945
FFFD76B2
FFFC01E1
000182E9
FFFD0901
000FB78E
FFF8EA87
FFFA0705
000494EB
FFF8CDCC
0002BEF9
FFFF1199
FFFAC968
00117555
00083DAC
FFFEAD6E
0006AAD6
FFF9AB8F
0002FA99
FFF18961
FFF5A908
FFF6FA10
000E4ADC
FFF035F2
000D2A7C
000242E8
FFF9313A
FFFEBC98
0009763C
0002BF59
000838F2
FFF951DC
000478E9
FFF36A43
0009A22A
FFF02C2E
00070498
FFFBF3D8
FFFD9209
FFFC012E
000FDC0F
000A151C
000531F7
000DB4D2
FFF449C3
FFFA52CC
0004FDDD
FFFA033C
FFFE8CD1
0004FA87
0010429A
FFEF2D72
00015E0B
FFF94FC8
FFFFD0F1
FFF3C6E2
FFF8AE5D
FFFEF3AB
FFFE1BE5
0005C134
FFF73727
00028530
00068E7F
0004C2AD
000A42EF
0005CC07
000B164E
000218C3
FFFA36E3
FFFD59E2
FFE8D6FD
FFFF8B92
FFFF855B
0008025D
000111A5
FFFA2E85
00021623
000B85DA
00043E81
FFFF35A8
FFFD3183
00005043
00017F43
FFEFCD57
000442D6
000F64D2
FFFEC7CC
FFFAFF49
000059E4
FFF3E1E2
FFF13ED0
FFFCE2CA
FFEC5020
0002D074
FFF28415
FFF5973C
0002A1B4
FFFACFF1
FFFF0D96
FFFB01DC
FFF65B53
FFFD04A5
FFFD791F
0000AC94
FFF97F1D
FFFCD37D
0007B5F5
FFFD2A2A
000C2CFB
0001BB26
0009456F
FFFF2122
FFFB952C
FFF0F487
FFF98F44
FFED49C9
00090F2C
000240CA
FFFC790F
FFFC7D6A
FFFD38F1
FFF2F797
0002E7D8
FFF6CF2F
FFF7E91B
FFF59873
FFF76D80
FFFBDE9A
FFF6D1E9
0001A798
00047ACB
00000678
FFFBE352
0008B349
0001329A
FFF79757
FFFFADD8
FFF51CCE
FFF4B781
FFF88B5E
FFFDAE65
0009A864
000D4CAB
FFF8B069
FFF676E6
00046005
FFF28087
FFFA2F17
FFF5746E
FFED815D
00069385
FFFC747A
FFF32AF2
0007879C
FFFB60A3
0006E841
00031EDD
FFF64074
FFFCDB68
FFFE35E4
00087C07
0000E06A
FFFE8585
000810A5
FFF3DC56
FFFBDA4E
0004A33F
FFF0E328
00037A96
FFFD1F85
000348A2
00040FA8
0006E46F
FFF8F592
0003F6E5
0006CA26
FFF37D4B
FFF6A263
0009E18A
0004CE29
FFFC75C3
FFF874F7
00043E2D
00109B69
000BE27A
00047C2D
0006C363
000DBE7C
FFFB5110
FFFE3ADB
000AE77C
0000C1BE
FFFCD475
00007928
0011BF15
FFEE16F7
000FA2D1
FFEABE3E
000CF15B
00093858
FFF79A34
000629D2
00047C38
0005908A
00001E8C
000A5BE1
00055240
0002A953
FFF40C35
000C64B8
000A11E2
000458B4
00048711
FFFE7D3E
FFFB75C9
00001E93
FFFA3AE3
00090582
0005E635
FFF54A5F
0001F12D
FFF6A113
00025B0E
FFFE612D
FFF2FB2E
0003FEF9
00019A9D
0001CE90
00052F4F
0009ECC3
FFFDE0DE
FFF9CE9B
000E10EF
00047C80
FFFE93AE
00031A20
000FACFD
FFF8617C
FFF5EB3C
00066B79
FFF7CA91
FFFE16FF
FFF75C08
FFFC490C
0008947E
FFF1F041
FFF0B1C5
000353EF
FFFA2BDC
FFFE93B8
FFF32A1C
FFEFCEE3
FFFAD2D0
0004AE3D
FFFD9C69
FFFCB9FA
0010CB5F
FFF24F79
FFFFAF58
FFFC1043
FFED5FC7
00069FB9
FFFC9C76
FFF2CB09
FFFBD2A2
00096792
0006A595
0001D19A
000791C8
FFF87594
000A70F8
00099E85
0001FC57
00024B60
FFFA51A9
FFFA47DF
000A1639
FFFB4A4D
FFFF42DF
FFF98851
FFFB3196
FFFA569E
0003AE49
0007CC2A
FFFEF09B
FFFB8D28
0006AD1A
0006340D
FFFD752B
000BD66C
FFF54464
0001FA44
00090F58
000998C4
000125ED
FFF666A2
FFF7CCBB
FFF5DF01
FFFF5053
00071A66
FFEF8D2E
00034C90
FFF46E88
00047C8A
FFF8FB6C
0003E5D9
FFFE4B8D
FFF47C77
FFFE8787
0002A4E7
FFF69567
000F4FE0
000CA645
FFFAAC72
FFFD41F4
FFF3C847
0007C894
000B7B3A
FFF7294F
0009B670
00057965
FFF440AE
000E315C
FFFA3259
00068803
FFF12BC9
FFED8ED0
FFFFADC6
0021B63F
FFFA6990
0001746C
000290C5
FFED69AF
FFF9997B
00026A8E
0003B651
FFF07125
00092CFA
0005A22F
0005D74F
0002DC18
FFED03A4
FFF67515
FFF8D17D
00091B11
0006CA42
000BA8C5
FFEA4DD1
FFFE17AA
FFEE88EE
FFFE2990
FFEDEC6A
FFFB5CE5
FFF37C7A
FFF05751
000CA67F
FFFF9F25
00058332
000FCC54
FFFAD3B3
0000F887
0012D4B8
FFF4C2CC
FFF4555B
00050445
FFFBB208
FFFDD07A
FFF53860
FFF91AA6
0007597F
000823BF
00007A7F
00011E8E
FFFCA541
0003BDC4
FFF78B72
FFFC2389
FFF5D957
00080C52
FFF5F89C
FFFE46ED
FFFEB68D
FFFF4048
00069387
FFF45332
000700EE
FFFD8110
FFFA9B81
000B3AA4
0005D38B
000ECDD3
FFF96A84
FFEDE22D
FFF5DB45
FFFD5C88
00094EEB
000B3966
0008DFF6
00092A18
FFFD604B
00036605
FFF678E5
FFF942AF
0005E286
FFEDE533
0001A908
0004C4A9
FFF45381
FFFA221B
000F1959
FFEFEDF7
FFFE954B
000CEA3E
0009C3DA
FFFBF2B7
FFF4B6B0
FFF6FFC6
000D82EB
0004A7EC
FFF7C432
FFFA044F
FFFEAB8B
FFFBD73F
FFF5548A
FFF7E573
00002681
FFF6E1CB
FFEF96B9
0002E8C3
000AB6CE
0005385E
FFF4CDFD
FFF92A50
0002DC8E
FFFDAF18
00025A7A
FFFB33E7
00037FD9
FFF07B7C
0012DA49
00089DB3
0007A1DC
FFFC81BC
000B7A4F
FFEE87B2
FFEEA6BF
00068CD6
FFFD6C78
00001A26
FFFCCF85
FFF9ACFB
FFFCD361
FFFDE834
FFEEF7A3
000C8F6F
00099712
000053BA
0003CD53
0003BD1C
FFF8F895
000C4B26
FFFD7331
FFF30AD0
0008798B
00038968
00005750
FFF8CC89
FFF80700
000319FF
FFF5B055
FFF9205B
0002F83A
00091EDC
00014402
000F7CAA
000B08B3
FFF78C7B
FFFCF1F0
000337EF
00064985
000269B0
FFECA35E
FFFA439B
0007A6DD
00037D3A
000546B1
000194DF
00043D6A
000114A6
FFFEF3E0
FFF1E210
FFFB9A78
000D256F
000F31B7
FFF0CD48
000F17A1
FFF7041A
FFFF5DA9
000036DA
FFFEC940
00025D97
00024D7E
000330D4
000185B4
0004BBCC
FFF9BB6E
FFF2218F
000276B2
FFEF70AB
000C13A2
00061F58
FFFEF010
00011B46
FFF9E8B0
FFF76A7F
FFF7270B
001AFA8D
FFFED1AA
FFF9C55D
00072B9B
000C584B
FFFBE874
FFF902FB
FFFBE33C
00045962
FFFD8770
00044F8D
FFF79635
0003F368
FFF34F0B
FFFD0170
FFFD776E
00057C36
00011D46
FFFAA288
00076526
0003226A
FFFE24A2
0006D241
FFF36347
00098394
FFFBF861
FFEE8C1E
FFFC33ED
001737AC
0001A039
000012D1
FFF9A177
FFFB3B79
FFF83A7D
FFFA21E2
FFF64338
FFF4A381
000D62D0
000338F9
00031164
FFE85CFC
00064DF1
0009A625
000BFB4D
0000F35C
0003BC8E
000C53EB
000768B4
00070A27
00060784
FFF7BBB3
FFF0867C
FFF34B27
00083B11
FFFD42F2
000240F1
00117C98
000B02C9
00073C89
FFF5A639
FFF4FCAC
FFECB84B
0007E87A
FFF3B8F3
00110EA3
FFFF9F25
FFFF4073
00086402
00030C39
FFFDFDF5
FFEC913C
FFEFE4E5
FFFB5986
00141C06
000C8ED4
000465DF
FFFE1042
FFF03B1F
FFEB5E37
FFFC11E0
FFF5F003
FFFF1CAE
FFFAC130
00044197
0008A1B1
0005DC38
0009617C
FFF44097
00097DC9
00098AFA
FFFD7802
FFFD89F1
FFFC53B4
FFFCE109
FFFAD216
FFFB9E49
FFEC9127
001ECF33
FFEB05BB
FFF09075
FFF745DA
FFE57DB8
FFFF17EA
000BD940
00055014
0000674C
000CA941
000C9F0D
FFF13E51
0005B12B
FFE8F27A
0005D3E1
FFF52C97
FFFD011C
FFFDBEAF
0002A941
FFF5ED9E
0000E55F
00089C4B
FFFE0332
FFFEF114
000CC8A0
00086CBF
FFFE0B93
FFF2EAAA
000AE3BF
FFF95E85
000DB9B9
00061FC8
FFFFA41E
FFFDE3F7
FFEDD6BE
0000FB37
FFFDBEAD
00038205
FFFCB406
FFF67DFD
00057BAD
FFF405CB
FFF850CD
00000CFC
0000CC8F
FFF56487
FFF78D38
FFF9FC60
0016B17D
00003D22
FFFB022E
FFFF43B5
00026A42
FFF8EC65
FFFB19F5
000414EE
000F4640
FFF4B9FB
FFF30B6B
FFFA4063
0001BD5D
000BE494
FFEE3C22
FFFDCD77
FFF0DDD1
FFECC58B
000DD505
0012892B
00051E64
FFF8791C
00099208
00046503
FFF70E08
000534D8
0011BE3C
FFE04290
FFFB3ADF
000CEA13
FFFC06AF
FFFDC4E5
FFFBD5C3
FFF198BF
0003B92B
FFF9FDED
001D5977
00132396
00078199
000E0BFC
FFFBAB3B
000E48A8
000B76AC
FFEB85AD
FFF864BF
FFFEDB37
FFFB4BC4
000DA594
FFFB604A
FFF71CBA
0001D819
FFF9CB7A
FFFC5D9C
FFFDF7F0
0004174B
FFFE9098
0009E77C
0004AD7F
FFF37CF7
FFFB8762
000CBE7A
00072F62
FFF92E3B
FFEE2666
000CF5AA
FFFE2755
00044657
00043CF8
FFFE4A5C
FFEF937D
00038F43
FFEE14EB
FFFA9F58
FFE7D42C
00033587
00089347
000C750F
0004BE64
FFFDC5AB
FFFF4279
FFFCAED3
FFF37753
000E8965
FFF7298C
FFFC0EC8
000955A8
000AB62E
00013F8D
00084075
FFF4F335
0000F4AF
000E0D5B
FFFFDFB2
FFF72AA3
FFFDED49
001432F3
FFFBB45D
000A48C3
000423F6
FFF6CA90
FFEB1B2E
00164240
FFFCB1EF
FFF960D4
000CE488
0001A285
FFEB2D99
000DAF64
00112617
FFFA743A
FFEFE583
FFE75F08
FFF939A7
00042BDD
000A095E
000CF2A2
0009BFA8
00043A1C
000555D3
FFF43BEF
000E0715
000074D3
FFF1F519
00059209
FFF5676F
FFFD78EE
00059095
FFFB37A2
0007131E
FFFF1658
00003CA2
FFF8EE23
000C8CDF
FFFCB84D
FFFE7C58
00124F3D
0007F5D9
FFF01C8D
FFFFC0D3
FFF2F069
FFFC9AF4
FFFA994D
FFF9B238
00055429
000522EA
00129B25
00069D4C
000668CD
FFFEB227
00044A16
000D1E4B
00078418
FFFE2021
FFF4F37F
FFF24A02
FFFFFAE2
FFFB993A
FFFC1C7D
0003770F
FFFF19FD
00093A12
000D51D2
FFE6B44F
FFFBF7A5
FFFCDAFB
0012464C
FFF353A2
FFFA20C5
FFF8E6E1
000AECA7
FFF99197
FFDE81EB
FFFB7C19
FFFA43F5
00004E51
000CE005
FFFAB589
FFF6A7B4
000C7A2E
FFFC6A21
FFF50656
0010B4C6
FFFDF447
FFF873B2
0002033C
000505B5
FFFC9E51
00075C5B
FFFF0941
FFF0E25B
0006CD39
FFF7E912
00059947
FFF654DB
00119B08
00114BD8
FFF76DED
000551F1
FFFB19EC
0003148E
000257DB
0005F495
000A5A2B
FFF8EAF9
FFF3E32C
FFF71525
000A6322
0006ED78
FFFB77E1
FFF758E8
FFF51202
FFF4A491
0001900A
FFFE76F8
FFFFFE7A
000A19C4
FFF18C6E
000898B1
FFF703A3
0009BA3D
FFFD1680
FFFC6291
FFF6D0BF
00015247
000AF527
0002FFE2
000BF0AB
FFFFE9A0
00070B3B
FFF774FD
FFF96AD4
00047277
FFFB1B71
FFFA4400
FFEFEF4C
0000213F
FFFBF71F
0004833C
000EAF31
FFF3821A
000AA605
000812BC
FFED960B
000F9DF1
FFF86325
FFFA91CD
000E5B3E
FFF868A0
00070EFB
00062685
000E2DD8
000835C4
FFFB9B08
0005186D
FFF6F20B
FFF11018
000CEBA7
FFFD3EFA
0008FCE4
00039567
FFF6B2DB
000F811B
FFF59B47
000366DC
FFFCC35F
FFF7D1F1
0003D54E
FFF7E4BD
000E2120
FFF09818
FFFD2FC6
00035CB4
00011AE7
00031F25
00024071
FFFAB91C
000C6B34
0017E14A
000121F6
0007F911
FFFAD5F3
000CD500
FFFB9B06
FFFB4134
FFFD33AA
00063B76
FFF8AB8C
FFF653A4
00061A6B
FFF20C9B
0006ACEF
0000F259
0002237B
FFFABF15
FFF59755
FFF0FD17
FFFAA80D
FFF6B002
0001EA21
FFFFCE44
0006DA84
00005CE7
000C9A87
00081D6F
000C80FF
00061D08
FFFCDDB1
FFEC2B2F
000C4CAE
00119FFF
0008FDD5
000C5E6C
FFFFD75C
FFFF9764
0004A832
FFFEABAD
FFF8C4FA
0009662C
000EA81D
000779CF
FFF4CB26
000C2D15
00002D73
FFF081FC
000B7B31
000AFF51
FFFE9D0E
00069E20
FFFC036D
FFFEE551
FFF28D81
00078E9B
000E322E
FFEDD0D1
FFF0090D
FFF91641
0006D137
FFFF272F
FFFC0660
00009C9C
00078395
FFF5D2A6
FFFD80CB
FFF6CBCE
FFFC0084
000E18A1
FFFC0E8A
FFFD1B9A
0006293C
FFF9EB09
FFEEFE88
FFF0E42C
000301AB
FFF6FAFB
00085025
00045A57
000A7292
0008643D
000C2C17
FFFA79B8
FFF0CD8A
FFF42C04
00060B66
FFF13E42
FFF8E819
FFF4FB36
FFF45A83
00097F48
FFEB7578
FFE83156
FFFE2D6A
FFF3C554
00077255
0007825B
FFF953FF
000073E5
FFFE564F
0012AB18
000C28E4
00097791
FFF8F8C6
FFFDF926
0003EE92
FFF0C123
FFFFD8D4
00053BC8
0002F662
FFEE7A15
FFF4D97B
00070E4B
00059857
FFF131A9
FFF883B9
FFFB3955
00042791
FFFB1FD5
00045613
FFF35406
00036896
00115551
0001BFD5
FFF9BE89
FFFCC137
FFFCFD55
FFFB7E2D
FFF125CE
000C5E6F
FFFB82C3
00031B7B
000684E9
FFF6FE42
00078B5A
00051E63
FFF7CA64
FFF96056
000E5288
FFF660A9
FFF812E5
FFFA0563
000C3014
FFF5BCF0
000A7C0D
FFEE5BD2
FFEAF848
000B7801
FFF22361
FFF6D578
FFFAA97F
FFFF2A5F
0001C2B5
FFF1E56C
000D633E
FFFC759C
FFE4857A
FFF91547
00099858
000C547F
0007CD0F
0006FDC2
000F9615
FFF9C8B2
0005520A
000C1319
FFF8795B
FFF6F2DF
FFFC41A1
000EB5DD
FFFA932A
000DC2FE
000BDAA4
FFFBEE1A
FFFD3274
FFFADCE6
0000CC6C
FFF9923E
FFFD4F91
00089763
FFF7A577
FFF9C1EB
000B6F31
FFF443EE
000ACCB7
000BFB1C
00085728
FFFA6100
FFF44DC4
000463B8
FFF7A124
0001E56D
0005F672
000B9FEC
FFF9D985
00006809
FFFD0494
00077015
000CF435
FFF74392
FFF5D025
00089C51
000413BD
FFF80F73
FFFAB416
FFF28B7F
FFF75123
0006FA26
FFF85830
FFF06521
000707AE
0002AC01
FFF0E320
FFF976AC
000A0C54
FFFBC257
0002AE1D
FFFE376E
FFFBD528
00037FEA
FFFC1069
FFF90199
FFF6487D
000DA66D
0002A701
0007C5A9
000513E4
0006DD9C
FFF68953
00099532
000F6081
0000C0D2
FFFAF147
0004E712
FFFE06E6
00028FCB
FFEC4BE5
00078D9B
00064FC2
000E4B0A
FFFA2090
000011F7
FFFAC12F
FFFA1A8C
FFF68B0E
FFECF23D
0005CBD2
0006F9DD
FFFC50BB
000AEE20
0008D1A5
001548CC
0012C5D0
0001CC7D
FFF1FC13
FFEF27B5
FFED76F1
FFFAA4EA
00066DB8
FFFD85FE
FFFDD620
00099635
FFF811A9
0006372C
000629E5
000855B9
00010A1D
FFF74A90
FFFBE1CA
000216BE
0006A25A
000BB70C
FFFB95CD
FFFA7C0F
000CE699
0011B42B
FFFA3F88
FFF303D6
FFF20789
FFFEA306
000453AD
000CED3A
00067A1E
FFFD6CE7
0001EFFF
FFEE675B
FFF9198D
00048749
FFFDE951
000F7E5F
0006ECE6
0007466B
00073C60
FFFFEF93
FFF76639
FFFA54AC
00014B1F
FFF7DE73
00033621
0003573F
000E7329
0006CA06
FFF36E64
0004C738
FFED9F5C
FFFAC7AA
000A4F13
FFF6C32F
FFFA05C1
FFF91984
0003042D
FFFD0A40
FFFA89D4
FFF64DB8
FFF2A009
0000DBED
00005EA3
00081305
FFFE7212
FFFB6AFB
FFFCA2BE
0001B85A
000A8465
FFFD8713
00094768
0000CD24
00024B5F
FFF7A531
0005AF6F
0006EA3F
FFF41407
FFF75846
FFF68A8C
000627A4
FFF8C282
00097DAE
00083946
00024BC6
FFFD615F
FFF923C6
000128EF
0004E6B4
0007E179
FFE38951
FFFE5AF0
FFFA5D51
0000B808
FFF56972
FFF74EDC
0008C8A7
FFFA2662
FFFFA79C
FFFDD530
00023567
FFFCA517
FFF5BD44
0007F05D
0004B4F5
000026E9
0000CB7B
FFFBC248
0001061B
FFF9F3D6
00091684
000B2BB5
0002DC64
FFF8AE66
FFFC0992
00000EFC
FFFCD9B2
FFFE9B8D
FFEF670E
FFF294D1
FFF8EF31
00075BF8
0002A4C2
0000D463
0005066F
FFF3658C
FFFEAAAC
FFF0E2D3
FFE502BA
000A877B
00090206
0004C55A
FFFFBB1F
FFF38C54
FFF6B070
0003A4DF
00024CEA
0000C1FE
0005D849
FFFD649A
0004CB30
000B7D6E
0002CEA9
FFFFFC0E
FFFE8B6A
000CF8D9
FFEDCF9D
0005C652
0008333D
FFF375ED
000ADD0F
000B182D
000CF239
FFEF713D
0000403D
FFF3C2BA
FFFF9E32
FFED80E3
0000BB27
FFF5DA75
000562EF
00035F42
FFF50A43
FFFED54A
000ADE0B
000D5125
FFFFE3F4
FFFB0092
FFFE0553
000ABC56
001090C1
FFFA2BE5
FFF01DC1
FFF46569
00001FAB
FFF83E1D
0008461D
FFF9DF1C
0006D1BC
00060018
FFE9594A
FFEF8C80
0004865F
0008CFF5
000375DA
FFF2CC80
000ACC45
FFFFE5D0
FFF495B5
00037B24
FFEC3459
00029103
000CB7BF
00052FCA
FFF5D43D
FFF3AB9B
000862A0
00075E9D
00010FFE
000DDEEC
FFFE3240
00023B68
FFF7BED2
FFF2676C
FFFAB3DB
FFFF7E68
FFF412D3
FFF500EB
FFF9C939
0003B7A2
000579EF
0009A8FC
FFFF2B06
FFF278F1
0003C62A
000C86A2
00071F76
FFE2B75B
FFFC721C
0001C379
00122F44
0008941B
FFFF819F
FFFF4CA0
FFFB3DBF
000323A2
FFF67E5E
0000D7FB
FFF527C1
00028390
000A3867
FFF54C0C
000157F6
00005570
000D6831
FFFB4C0C
0003618A
FFFE942A
FFF37379
FFEF3594
0007C50E
FFFF8998
00097AA8
FFF91701
FFFE353E
FFFB16BA
00066658
000325FB
0001824B
FFFBD068
FFF732AA
FFF9A306
00000984
FFFE966B
0000D7F9
00050A45
00048627
FFFC1891
FFFCECEA
FFF8A643
FFFA990B
FFFFEA6D
FFF14204
00025348
FFF38B77
00030FD7
00082892
000A81BC
0000EB43
FFFF63AC
000515FC
FFFE3329
000E2B9C
FFFDFFCD
FFFFCC1E
000C2184
0000E32B
FFFE2A10
FFFCE559
000B36DE
0000A1B2
FFF89396
FFFC1E97
0002FAEA
0005DB1C
000250AB
000C4E35
FFFD03E5
000A64A2
FFFE13CD
0003EE3A
FFFC5257
FFEFACB7
FFFEB778
00028716
FFEE7071
000B321E
00094284
FFF00CDF
001397CA
FFF5BE40
FFF64FBA
0005BBEF
FFFD46D3
00069387
00026987
FFEF15E0
000E34CE
000D461A
FFF1684F
000D1F5B
000B4A01
FFF7B002
FFF781E0
0008C199
FFFEE8C4
FFFFB3C7
000A34FF
000196F7
FFF62891
FFF5D914
FFF617E5
FFFE5E70
0012E8C9
00049B24
001178E1
000715E7
FFFB439F
000564A2
00105C2E
0001C87C
00108372
FFFD10E6
000F4C5D
FFF8E10D
00003B15
000371A3
FFFC16B8
FFFEDFE8
000B386C
FFFAB300
FFF924CA
FFFF2A97
00094F2E
FFFAB3BB
FFFDA912
FFF9BAE9
FFF8EC90
0001E319
000EEAE9
FFF5633C
00035752
00065124
FFF5A76B
0004C651
0000B553
000436E4
FFF96F92
FFFDD417
FFF40B1A
FFFA6F32
FFF6F896
000B6DF9
FFFBCF8C
FFEF62C1
000464F3
FFF310FF
FFFC1ACC
0006549D
FFF9616D
00109C11
FFFC43A8
000BB2A7
FFFD51B2
FFF99247
FFFC3024
0001928C
00049647
FFF1A80D
FFEEEA99
000592D8
00119302
0000C804
FFFA97AD
FFF4BD88
000FB1A4
FFF6248A
0007714D
000334F8
FFEF4630
FFFF6984
0010CA26
000B0912
0006FF99
FFF8721C
0007B72E
FFFF65E9
000381E7
0008B3A0
000F352E
0002AE29
FFF2F039
FFFCA7A5
FFFEB292
000F94A2
000132A3
FFF192AE
FFF1AF5B
FFFD753D
FFF0EAF7
00063716
FFFF551C
0005345F
000D5102
FFF47BE5
000218D4
FFFBFA64
0009FF7D
FFED925C
00045889
000421BC
FFF7E712
00007B8D
000969DB
0002FDA1
000299BC
0009781D
FFF1F6AD
FFFEFF07
000BCC30
000A2775
00065546
FFF67A3E
FFE12E71
FFF4FE0F
000370FA
001609CA
0007EA55
FFFDB704
FFF0A198
000037F3
FFFEB2AE
000A0DC6
000B96BD
00078FBA
0001D927
FFFC0296
FFF09A03
00069E4F
FFF8844A
000CA093
000490D4
0001012D
FFFD8971
FFFE3CC5
000355F0
00062F89
00148323
FFF559BD
0002CE4A
FFF36F4A
000A6C21
FFFD94CA
000631AF
FFF7AF2B
000D1DCA
FFFD23E6
FFFF1256
FFFB502A
FFF19DFE
000B94FE
FFF5C1B2
FFF2A330
FFFC87D7
FFF3D32F
FFF76939
FFF29591
FFF59F41
FFF8BFA3
FFFF4026
00032ECE
000A2702
0002843D
00077680
000D6468
000A4AE8
000560CA
FFEC5638
FFED5837
FFFE3E41
FFE94778
FFEB45E0
FFF44AC8
FFFD4EC7
0008E180
0001D935
000EC7A5
00002388
FFF06211
000656A2
FFFD42F0
FFE98791
FFF9EF79
000213F7
FFF6E283
0008CA5B
0007476D
FFFC244C
FFF86626
000E3FA1
FFFEA08A
FFF5DEB6
000632B8
FFF011ED
FFFE3CBC
00066510
0006352C
FFF22878
0008F703
FFF6BFE5
0005E03F
FFF0A61B
FFFC17EC
FFFE7D43
000FA597
000256B2
00146507
0001238B
FFF7B018
FFEEAD2C
0010DCF8
00171E90
FFF345E1
FFEFEFF6
0001298A
FFFACDBA
000C7C44
FFFB9002
00058798
FFE9DA2F
FFEC7940
FFF9AFA2
FFF92699
FFF39BBC
0009178A
0004260A
FFF89196
FFFF9A9C
FFF8DE89
0005E7E2
FFFB170F
000D043F
000146B0
000747C3
FFFA1B8D
FFEE6DCF
FFF606AE
001369CC
0015B3EE
0000C572
0004F3F5
FFECF1E9
FFF9FBC7
0009067C
00045DF0
FFF462AB
00117A08
FFFD0B5A
FFEF6729
FFF405FC
000AFD6E
FFF50A98
FFFD6B46
FFF26644
0008035F
FFFF99F0
FFFE213D
000E678A
FFF6F26E
FFFBDE06
FFF66A58
0004BE50
0000F030
FFFCE5AB
FFF838E6
FFF9656C
0015445D
00133102
0004DC00
00020477
00049990
FFFF04DA
00004F3C
00021212
000E9BB7
000AE802
000E55AD
FFF6F97C
0002E3C6
FFEE5FAE
0010D1AF
0004E22A
00047A49
FFF22240
00016B6C
00006D06
FFF32234
000B4A4B
0001C21D
FFF89A9F
FFFE703C
FFF606B7
FFFB588A
00007983
FFF44D56
0006A4B8
000C0D78
FFF22BA7
00138B7A
FFED7189
00079893
0006A00C
000348A8
000EE048
FFF63CEF
00054ECE
FFF94FE4
000BCB9A
FFFB029D
FFF679ED
FFFB6690
FFFFBCFC
FFF76739
000D90EE
000D31C1
00011949
FFF2F3D6
FFEAB6D5
0010D791
000E3155
000DCC3B
FFFC4B9F
FFF692C5
FFE90C85
FFF39859
FFF10E43
0008101B
00026486
001A8662
00020C46
00068987
FFFB76FC
000F4A60
0005CA26
FFF59E93
FFF8B8F8
FFF6238F
FFF546ED
0010FF4B
0009ADC3
000D193D
FFF4FD0E
00132016
FFF3F36C
FFFC8098
000B5306
FFF82696
0017EBE6
FFF9C4C9
FFFAFDAB
FFEB7BB6
FFF23B85
0000D919
0000E59D
FFFD333D
FFEFD557
000E3985
000D0C7C
FFF15456
FFF2F339
000CA0C8
000585B5
00064FE1
00076BCF
0009781E
FFEDEA40
FFF79307
000BA0B3
FFF18B21
00075A76
000400BD
0000AD35
00060EDE
FFED9B94
FFE35A0D
FFF0B014
0010D54F
000B3731
0007F011
FFF5DA55
000E41CA
FFF7CB18
001B64FD
FFF916B7
00106B80
FFFCAF4A
0004D085
FFF77F27
FFFAA457
0001BD4A
FFF71988
00065554
FFF41F13
000092AB
FFF4AF4D
000D3C80
FFFE8BCD
0008701F
000012B6
00151015
FFE97574
FFFF1E3D
FFF80E53
000696F5
FFFCEFC8
FFFF16C6
FFEE2230
0011B241
0004A6E4
FFF2EE7F
000C6E38
FFED9279
FFF534E3
FFF4E01D
FFE99E05
00092958
0001189E
000030F2
FFF8E66C
FFFD7D22
0001791B
000C0617
000993E4
FFF1542A
FFE6DE7B
FFEE0686
000D2FF2
FFF01C43
0009EE93
0002CEAF
FFFC53B4
FFFC5F20
00042826
FFE9867B
0000D7EA
0009F7A1
00034A09
0016DBAB
000A4222
FFF64125
000682B2
00087BF3
FFF8A4BA
000686D2
0000B7DF
001B0369
00086308
FFF06A01
000D2596
FFF2ACD7
0001CA0D
000EB440
0001A617
FFFB8492
00007DB4
000CFDB9
FFF4CAB8
FFF1C4CB
FFF576D3
0002A09E
FFF801E5
0002DC48
FFFDA0E3
000A0FFD
00086184
00132188
0007D15F
001AC205
000C714F
0004824F
FFF1F020
00105D69
001C687A
FFE6B7D0
FFFF0D2E
FFF654FE
00198C2F
0015AF3D
00034096
FFFDD759
000C60D2
0012F15B
00026E9B
00032C37
FFF936C5
FFFA4BF9
FFF4F55F
000B3BF8
FFF9BF67
000294FC
FFFA1DC7
FFF497E2
000A1DF2
FFEDEB77
FFF1F3BA
000A2AB2
FFFA9397
00125F7F
0004ED33
000FA39F
0006FC65
FFF8A7B8
00046968
00097981
FFFC7DC8
FFFFBB00
FFF18BA3
FFF442EC
FFF84E59
000240D3
FFF31011
FFFF0A33
FFFB1C7E
FFE7816B
000DF9DB
00001E94
000656A7
FFFA2C85
FFFA89C4
00072BA0
000D37F3
000B9918
FFF88711
0004DC13
0004ABEB
FFFA8384
0001974E
000DDB02
0005B97F
0002432D
FFFB8437
000C7AF4
FFFEBCD8
FFF74641
FFF90F82
0002741F
000B7693
FFFBEB63
00034F01
FFF61565
0007D0C8
FFF9E7C8
000E8E63
000147E8
000B4CFE
0005C583
FFF78859
0007006B
0009C1F5
FFEF5489
FFFB9423
00000045
0002EEF3
FFF15F35
0004A8DF
FFFE80E5
000506CE
FFFCE798
FFFE4C2C
000300C0
00055B22
FFF57538
FFF70FF3
000872D5
000C9DCC
FFF064EB
0009F72C
000991E6
FFFDF26D
FFFBEBD4
00010E5E
0003DE43
000950D2
0001A88E
000C02E3
FFFD8E9F
FFFC486A
FFFE131E
FFF47C52
0000D444
FFF4982D
00002351
FFF22996
FFF2CBE9
00022C85
FFF1D753
000DE516
FFFE5F8E
FFF8EE19
FFFD809F
000998E4
000AB25A
0004A0F9
000015D8
000158FA
0003294F
0001A9F2
000FC902
00092204
FFFF2FA9
FFFB4867
FFFC2BA3
00082DD6
000A9F98
0001EFCB
00072038
FFF530CF
0009A477
001071EE
00013976
000A2F83
00082AF1
0002B831
FFF7FF95
FFF7F10D
000A4B9D
000469A7
FFF79D61
FFF77688
000D4240
FFFCD6EF
FFF68D7F
000092E8
000E76F9
000BE7F3
0001321A
00187825
FFF9761E
FFFD9583
00015B04
FFF930C9
FFF320B0
0002A5B9
0005F70D
FFF7AAE9
0002A7D3
FFFF73E9
00015692
0001D04B
FFFF25C5
FFF51DCC
FFFA7DF3
FFFFBFB3
000CE6E7
000C8AFB
0006AEF6
FFF277A5
00045B95
FFFA77A3
0003A465
0004D087
000A548E
001C4806
0019B9F9
0009383D
00150393
00045766
FFFE59ED
FFF31737
FFEF3792
FFF1CB75
FFFECA87
FFFEB4EE
FFF7E6B4
000B5C75
FFFEACB3
FFF38C7B
FFF3710F
00000FA2
000377D6
000DD4A8
00145525
0007CD74
FFFEDAF1
0009DCF1
FFF5E0C9
FFFEE582
0000A5B9
000C04E4
0002FC4A
0001D591
000A660C
FFFC976E
00092617
00075E35
FFF23D72
FFF87FC5
0004FC97
000D7DD7
000D20D7
000E8566
FFF6FF90
FFF76C2C
FFFE4FDA
00026ED3
FFF8307F
FFFA2D99
FFFF7636
FFFF4075
FFFE9357
0005AE34
FFF1B695
000821C2
00004B5D
FFFE0E1A
FFFB2DA0
0009A431
000172FF
00016036
0008D7CA
FFF768AA
FFFE1C1A
0003F28A
FFFAB389
0007FAB2
FFFF2095
FFF9FA87
00037E9C
0007A863
0010C469
0009D565
FFFA692C
0003BC60
0000B59C
000AA175
000614E5
FFFE8A62
FFFE807A
0002AC18
FFF494C9
FFF94700
FFFE13D3
FFFBD24A
FFF55649
0007A0DD
0011E737
000D756F
FFF54242
FFF8D020
FFF31CCC
FFF4F69E
000887D2
FFFD2E65
00040720
FFF6232F
000C3AE8
0003CBAF
0004AEFF
FFF81D83
FFFE9161
0009ECCA
FFF33E3A
FFF96DFC
FFFDA141
FFFE3633
000014A6
00040046
0005492C
FFFEF435
0001D4D4
0005D86F
000456E8
FFF3FE25
FFFAAB18
FFFF4FFA
000A608B
FFF3D76F
FFFAED8D
000C8B79
0003475A
00049D86
FFF7A43D
FFFCE710
00050910
FFF9F6F8
FFFD9A8D
000E99C0
FFF4ABEE
FFF46722
000615C4
0007D94A
FFF104A8
FFF1E285
0006840E
000EAA3F
000BF466
00057444
000747BB
000D5704
00082108
FFFB71FE
00044524
FFFEEEFE
0003EDCA
FFFFE717
0009AC96
FFF7CC95
000D16C5
FFF92C82
00035F3F
FFF7E9F6
FFF4E117
0002040B
FFFD8B66
0004C56F
FFF539C8
000450A6
0009D393
0012C978
000BCB45
00008CFB
FFF8C5E2
00090084
FFFF231F
FFEDE4CB
000D95D9
00034E21
000B0E2A
FFEFB043
00061BB5
00054AC9
FFF0C9AA
FFFC97BD
00078FD4
000DF043
FFF7DDFC
FFF4ACAE
FFEF1BDA
00075511
0006EF21
00077A81
FFFD1579
FFFA3808
001C7589
00115287
0005F8C2
0007F7D0
FFF40A79
FFFCF57C
000FA9C0
FFF73104
00021873
000CE29D
FFFD9135
FFEF9B53
FFFED28A
FFF016DE
0003FD6E
FFFE9D8F
000834C2
FFF9AD5B
0001B5D9
00084A04
FFFEE5FC
0000FBC0
FFFC9CA3
FFF6C0C9
001454D3
FFF95E4B
000AF672
000D7952
00007D9B
FFF89D5D
FFFB12F6
00019C3F
FFFF92DF
0006B4BC
0004F601
FFFA51FE
FFF6F1B9
FFF62DD2
0005B156
000A3114
FFFCCBC9
FFFFE11C
000A94D2
FFF60BEF
FFF4C47F
0005C5F0
FFF45A25
0002997D
000C3B59
FFFD7530
FFF1F806
000A3896
00020D78
FFF3CF5E
00008334
0005E118
FFFD36B4
000BDA9E
FFF73CAB
00014625
FFF74731
000EE34A
FFF77449
FFF3E4DC
FFF322E6
000C7FDA
0007642E
00020C06
00098A0B
FFFD650F
0001365D
FFECF5AD
0001B77E
0011BCCE
FFF6EFB5
FFFA2253
FFFE743D
0003BF67
00004638
0002F21C
000B117E
FFF73F0E
FFF6A723
000B69CC
FFFFCB47
00015277
000362F9
FFF35C90
00091D02
0008BE4E
00058619
FFFF3CE2
FFEB4450
0011537A
0008B94A
000C9736
0008E888
0004CA1B
0002EE55
000BCA74
FFFB0E3D
0000B922
0012CD3E
FFF5571C
00003149
FFFFBFD0
FFF64BB7
FFF3F9AA
000BE897
FFF440A4
FFF7A3D2
FFF8B504
FFFFAD15
FFFBE286
0009971E
FFF68A03
FFFC8B9F
FFF72BF6
00108450
FFF3A982
FFF6204E
FFF678A3
00039F87
FFFC37EE
FFFEB2CA
000354E4
000CAD35
000E866C
0000D24E
0006BD35
0013A922
FFFE7D26
00049530
000EB158
FFF7EE35
00077EF8
0008BD2D
00091C45
00028333
000F751C
FFFEF2DC
0011CD4D
000F60CD
000FFA3E
FFFAC253
00095A95
0001DCDC
FFFB4BBB
FFFD278E
FFF8D37F
0001D9D2
0001EDD7
00004FC1
FFFE4FD8
FFFB8597
FFFDA224
001307CD
00048559
000980C8
FFF77F30
00076199
FFF8DF74
FFFA8C40
0008CFFA
FFF953A2
FFFA50F1
FFFEED2D
0001EC79
000573CE
000928F1
FFFDC86D
FFF6AFE9
FFFB2707
FFF88053
FFFCCB26
FFF8CE3D
0006E529
000BE3C0
0006B136
0005C97A
0006286C
FFF7C65B
FFF4FB43
FFFF7596
FFF89D97
FFF97827
FFF8A4E1
FFFB613D
000BCC2D
00028A63
00093817
FFF793FA
FFF843EC
FFFBC9B6
0001B1AF
0005712E
0002BA16
FFF2FF70
0008FBB1
0004AB7D
FFEDD1CB
FFFEB2F7
FFFE0BB8
0009DE8A
00040229
FFFDF31D
0006E993
0001D424
FFF9F4AC
FFFE5999
FFFE5315
0005C29F
000009AA
00007189
FFF6B4FC
FFFEC002
0003C3F1
000FA03C
00007B8B
FFFE47B9
FFF5C183
FFFF3761
0004AF75
FFFDCB05
FFFB00B7
0000A9F7
00021499
FFFCEA03
FFFFA826
FFF8CE0E
FFF42BBC
000AA456
00008FA0
FFF818D3
000A2A2D
000D74D5
FFF7AB6D
0008B157
0004B5F3
0005282D
000268E6
FFFD2889
FFFB64EB
FFFACD7C
0006DDE6
00064B09
00005BD3
0009282F
0006B9C5
FFFD05A7
FFF67AEB
FFFC5EEF
FFF8C9EB
FFF47B18
FFFB7B77
FFF9D68F
000A57E6
0008F90E
FFF91086
0002A9DE
0000D66E
FFFBA2B7
FFF9D7C4
FFFD3280
FFF2C1F4
000A7A7C
0001D9DE
FFFCDC4C
FFFB1480
000093E2
000945BF
000B0FE3
FFFA78F9
00021C88
0002AAFD
00012863
FFFAF695
0004828E
FFF46743
FFF4DA71
0000A9F4
FFFC552E
FFFEE61F
FFF4A04E
FFF790F9
0001DDCB
000408E2
FFFCF719
FFF83D7C
0001DFAA
0000DC74
FFF62D80
0004844C
FFFA26A9
0003FFD7
00054A7A
FFFCA529
00098369
0004C32B
FFFA8DA8
00045448
FFFD0B7E
FFF7AA46
000C2FFF
00001092
FFF8D8DC
00000BD6
00028F7F
FFF5354E
FFF95C87
0003D33F
FFFA9B63
FFFD16A5
00017839
FFFB7AAB
FFFAD5C4
FFFEBFA7
FFFC3785
0003C00C
FFFFE9F6
0004E359
0002435C
00097694
0001F5EE
FFF96322
FFFBCC33
0006D829
FFFB6AC3
00086B17
00070E1B
0006F90E
FFF7655C
00064CDB
FFF96DBE
00043382
FFFAE696
00028E5F
00022C0E
00016176
000070D3
0004A98F
FFFCCBFC
FFF98C90
FFF97DED
FFFDC236
0009E79F
0007B243
0002615E
0003188D
0000615C
FFFC9B2F
FFF43F7C
FFFA3B14
FFFDC037
0005A152
00065243
FFFDF42E
FFF1F8E7
FFF95EF2
FFF7ABCE
FFF032E3
FFF1758F
FFF61A12
FFF39095
00009898
0000C810
0004F93F
FFFB601E
FFFDB2F7
00082940
FFFBF42D
000477D4
FFF9AB5F
FFFD232A
FFF976E7
0005D0EE
000DEC53
FFFE0286
FFF49152
0006304F
FFFE14A3
FFF54D16
0001C013
FFF98B4A
FFF3B444
FFFB3C0D
FFF98FBF
FFFAB53F
FFFB06B4
0007CE8F
00043283
FFF9AFD7
0005A4C1
FFF65CBA
FFF9075D
0008E86A
00031A98
FFF2A037
0004AAFC
0002B76E
0002523A
FFF7DC15
FFF5E76C
FFFF7AE8
FFFADA9D
FFF67E41
0002E341
FFFA4E09
FFF9EF90
FFFD08E6
00042FEA
0001C428
FFF983EE
00027C78
0004E5D5
0008D1AB
FFF4A7EE
FFFE66A6
000161F3
00025A40
FFFBE076
0004BC2A
000BDF6A
FFFEC30D
000808C3
0008CD13
00012F39
FFFF75FD
FFF908FE
FFFC3D3A
FFFDBCB0
00008AF4
FFFC5C32
FFFFB1B8
FFFD1634
FFFDCE37
FFFC3E9C
FFF4ED40
FFFE9096
FFF97129
000076CE
000020CA
00062742
FFFCEB81
FFFB9D93
FFFC4AD0
0005E791
FFFC3B7E
00000499
00046384
0008C06F
0009022F
FFF8BAA4
FFF8368D
00052F54
FFFD0E95
00057C29
0001C56E
0001B7BE
00016E0E
FFF2446E
0000F9BA
00062C55
000384E7
FFFA79BD
00008E79
000711D6
FFF93DBE
0002EADE
00084C0C
FFFEFC90
FFF7D1C8
FFFCF950
FFFAAA1F
000487C2
FFF710B1
0008E833
000A75A1
0001EACC
FFFCEC58
0008ECF5
0000BDCF
00054E48
FFFD2D25
FFFFD595
FFF81F9A
FFFE896B
FFF93949
FFF579B1
FFF6BDFA
FFF93993
FFFAF85B
0006DDBD
FFFE571A
00004DA6
000167F1
FFFEC777
FFFE475D
00077ABB
00026C80
FFFEFB05
00003206
FFF959AE
FFF4FBCA
FFFF1352
000D0AED
0008D767
FFFA8C3E
0002CFF4
FFFFCDBD
00082DA7
0001CA39
FFF61CE0
FFFB886C
FFF84343
FFFA524F
FFF227CA
FFFC6BEE
FFF7F61F
00082505
00017A5D
00098F2E
000C86AF
0002A78F
00098B0C
00014F1F
0000FEB8
FFF3B2EC
FFFE5131
00045242
00019EC6
FFF5BFFB
0004682D
FFFD240A
FFFB9B34
FFFCDC17
FFFD0181
000033F9
FFFED41A
0003055C
00047282
FFFE2D7B
FFFE566F
00012505
FFFA74BD
00031AAE
FFFA3321
FFF6D120
FFFA4CD7
00059C55
FFF66BE1
FFFFC686
0004694B
FFF70F6A
FFF4EF30
FFFE8DDF
FFFB0E20
FFFCA294
FFF99574
00024F6A
0006CE97
FFF62519
00040E16
00026166
FFF91455
000341DE
FFF5D8A1
FFFAE42E
00049891
FFFCE7C2
FFF774EF
FFFF39FE
FFF7F7C9
00012CFB
00012A62
0004726A
FFFF3E70
FFF9EB1D
FFF87F3D
00069209
00019649
0000B91A
0004247B
001010D4
00074A82
00062DF1
000A6875
00068676
00048DCA
000BF7AC
FFFA2FD6
FFF8C656
FFFD5A2B
0005BE9B
FFFFA522
FFFE670E
FFFA3CA1
FFFFD041
FFFFE4FD
000186D5
00014D21
00037E79
0007565B
FFF9B563
FFFA6C0E
FFFDD742
FFFF6C49
0001B81B
000117EA
FFFD3601
00036EE6
FFFDEDC7
FFFC1BDE
FFFF3F80
000229FE
000985B5
FFF86559
FFFD2C27
00040077
00039D4C
FFFAE281
0003734E
FFF9807F
FFF996A1
0002398B
FFFAFDA3
FFFC7FA9
00084095
000790B8
0005016B
00015D2D
FFFD2E6F
FFFF40D9
00006289
FFFD9753
00006FAE
FFF3E505
FFFB742A
FFFE1015
FFFEB580
FFFC65B9
FFF9164A
00044920
0005A7FB
0001C693
FFFC72B9
0001868B
FFFCA447
000BDC17
000D4390
000320E8
00035AC8
0008C29D
FFFB0BF7
000045A7
FFFCB854
00057503
000639E3
FFFB4A15
FFFB912B
00077792
FFFA03CB
FFF593E5
00072E30
0003183D
FFEFB5F2
0001399D
000A7BD4
FFFF05EF
FFF8DE7D
00060553
0006B43C
FFFD2E49
FFFDE861
FFFB99C0
0004B650
00010233
FFFA7AC9
FFFD25B4
FFF93DF0
FFFF5A13
FFF241C8
FFF49BA0
00026C1F
FFFD7D09
FFFA193A
FFF92133
FFF56F80
00004355
000497C3
00052745
FFF97F9A
FFFD3F5E
FFFE136A
000751DA
FFFE6102
0003FDA6
0003FC2D
0000FD1E
00005761
FFF9131D
FFFFE4A9
000B7E37
FFFFED1F
0000B6CC
FFFE5104
0000E2A0
FFFE7CA0
FFFF4152
FFFD619F
00060631
000B7938
FFFAF9E8
0003E295
FFFACC83
0001A152
FFFCF372
FFF9AE71
FFFA6BE4
0002D23E
0005E616
FFFD5E5D
00034A73
00021F3E
00081997
FFFFEE8B
000BE265
0002409B
0000E9F4
FFFBE75D
FFFB419F
FFF5D5A3
0008E427
0006268D
FFFA889C
000A8B96
00049D4E
000779E7
0001B0C9
FFFFF64C
00042D85
00007529
FFFA724B
0001A627
FFFF4411
0002EF8C
00036A59
00030950
0003B961
00037FE3
00051B6F
0005BCD5
FFF74FFC
FFFE1C3B
FFFEA18B
0002A257
FFFBB301
FFFAFF73
00065415
FFF74AB6
FFF7E9D0
0004D9E9
FFF1A69E
0004E330
FFFC0F33
00003B9B
FFFF9D21
FFFF3B6F
FFFC0A24
FFFE437B
0004CE18
0004D6AE
0004BE42
0003E45D
0003C1B3
FFF8430A
FFFFF479
FFFBAF7C
FFFCFF24
FFFC5FBC
0000020B
0006A438
0003ECF4
0007B33F
0009AA7B
0006776A
FFFFF650
0002C88A
0000E70C
00034E08
0000D4FC
FFFF840A
0007B8E4
0005CC3D
0005FE02
0009376E
FFF6358F
0001AAC7
0003C51C
00048998
000019C7
00013BD0
0004063A
00048FCF
FFFFF80C
FFF847F6
000460DE
FFFF43D4
0001F7DB
FFF5CE66
00046C2F
FFF97C69
FFFD4EC4
FFF7926C
0000F49C
00078565
0003BB7B
0004BE5C
0003D638
FFFC39DD
00024661
00001BF6
00004602
FFFD83E0
0003C904
FFF644E8
FFF9BB0A
FFF5C2D5
FFF3D08B
FFFB85B6
FFFDAAE0
FFF4CDBF
FFF65B48
0006F38F
FFFBFEEA
FFFD16B5
00055499
0007B958
FFFAD35E
0005D824
FFFB8FB9
0003969C
FFF5F37D
00013692
FFF9B8AA
FFFDBD75
00026F47
FFF7D5C4
FFF1725D
FFF58382
FFED5829
FFFC63E2
000153F4
FFF52117
000DC9DF
0002E587
FFFDBF6E
FFFAE237
0004E8B5
FFFA89C3
0007D3DF
0007C12D
FFF7A79A
FFEF4888
FFFF454D
FFED8318
00038F73
0006D17A
FFF9CB7B
0003B670
0004D169
00046339
FFF09118
FFFF1247
0007702B
FFF7851E
FFFA5E0F
FFED3D24
000F426D
0007BBEA
FFF7669B
FFF52FEB
FFFB95A6
FFF02F1D
000189C7
0008E731
FFF5E495
0000BD7B
FFFF4635
FFF7D4EB
0004F02B
FFFD5CB0
FFF02208
00081B3B
0009E47C
000CFC3F
000264A4
000AA48A
FFF243EA
FFFC2CFF
FFFC63C0
0006D7BC
FFFC98BE
FFFA5089
000638B9
000891C1
FFF3D68D
FFF63AF3
FFFBD980
FFE9D2BF
0007B3E1
FFFE8C32
FFFD97DA
FFF9FC56
000745DC
FFFBC099
FFF39703
00065384
FFF5B17B
000BFC51
FFFEBE10
00025948
FFFEB082
000F2DC8
FFFC73FB
FFF3519D
FFFAB9D7
00146CC8
FFFEB371
0000E41D
0017FB57
0015DA44
FFFE5F01
000EE971
FFF97785
FFF14963
000A9C48
FFFB5EDC
FFF9E9F3
00013A4F
0005F58F
FFF9EDB2
00028B76
0004C644
FFFC9410
FFFCBEA8
FFE9E373
000576AB
0008E55C
0002D325
FFFDB64D
000C94B4
FFF8B92B
0002EE52
FFF64810
FFFBF2F9
FFFE99D8
FFFA27E1
FFEEB71D
0003058D
FFF34CB5
00062B32
0003374D
000C6CAC
FFFF1F9E
000448F0
0006301E
00008ACA
FFFFB7D6
0002FC62
0008CA97
FFF9EAF8
FFF6A431
00061CD9
000E41A6
0013759F
FFFF05FC
0009B57A
FFFB546B
FFFAC602
000B73C2
FFF154B2
FFF5B682
0006B3FF
FFEB8873
FFFEC2F5
FFFF6A7B
00000AB2
000086E2
0000A5E7
FFFF5B06
FFF6E933
001565EF
000049B6
000922CF
0000BB27
FFF99F0F
0006F0C3
00027E0A
000D92C7
FFF97D37
00000C9D
FFFF60DB
FFF93A3A
FFF7CDFA
FFFF35D1
0000332A
000DCCD7
FFFD8F86
000163CB
000543E0
FFFE8438
0008E1EE
FFF59D6A
FFF96753
FFF67F01
00040B62
00062858
FFFEEE78
FFFFEABE
0000F7DE
000EC124
FFF31368
0004694A
FFFA07F9
000763A1
FFFC1F22
FFEE1637
00045DA5
000CCDDD
00045BE3
0003FDD8
FFFFC4A9
FFF154C8
FFFB616C
FFF3FDED
FFF6ECD8
000C0AD3
FFF8F0A6
FFF38182
FFFB258A
0008F0F1
0001E093
00000975
FFEDC16B
FFFE7904
FFF2DA67
0005B316
FFF9C527
FFFDC59E
00027EEA
0003F39A
FFF9A448
FFFDEEA9
FFF7BBAE
0006B51C
000EDC5C
000982D7
0011A380
00010FA9
FFFDEF56
000003D8
FFFCA57C
FFFB9FF2
001304CA
FFF6B9B1
FFF5326D
00032110
00035CB5
0006DE02
0005A1ED
000B3483
00002D79
FFFE59C4
FFF79286
FFEEEAB1
00018AF6
000185EA
FFF526E5
FFF4F556
00061B00
00097527
0003C56D
00058BB8
FFF3ACCA
0007E665
000669D8
FFF64C30
FFFAB7D1
00089F5B
FFF6289E
000BB15A
FFF3794E
FFFA27AC
00032036
000AEE77
00059351
00162287
0017F14C
00015146
000E4B10
0002C09A
0003DD78
000765E4
FFF91F6C
FFF5D724
000CA8FD
FFFBB5C5
FFF76CAD
FFFB1F83
FFF5394E
FFFA2A30
0003C7B8
FFFCC73D
0007A24F
FFFDA64E
000AAA46
FFFB8820
FFFECCC3
000997DB
00089E16
FFFD8144
FFF41B91
0000A233
00009FDF
FFFFFAAA
FFF9D3EC
0007DAFC
000F5610
FFFBCFF0
FFF8E95D
000535D3
FFFB03E0
0006DE73
000AAF5E
FFFDDDA4
FFF706B0
0006E00A
000C03A7
0000F0F8
FFFE035E
FFF35EC5
000184D3
FFFBEFAC
FFF63BB4
00060469
FFFA5F65
FFF473BE
000518F6
00000E31
FFEE9F83
FFF20CB9
0008C133
FFEE32C3
000F6A22
FFFE859C
0004C38D
FFF2EF0C
0008140F
FFF01C2A
0002E0AD
FFFFA431
FFEE64EF
000E183B
0014CC0A
0003C8D1
FFF6BF65
FFF2B98D
FFF33F6F
000BC266
0001B6A6
0001924E
000C49D9
FFFC71D5
FFFF4488
FFFB6735
FFF57ED7
000879B5
FFF9C7E5
000BE14D
00014D8A
0009AC6F
0009DBC0
FFFDD313
0001E575
FFFC0A62
FFF2B77E
00030C29
00058975
FFF95C6F
000992B3
FFF20E5C
0001388A
00035B9F
0007DD25
00027224
FFFAC6AD
FFFFB53F
FFEFB9EA
0000BF52
00046747
FFFA4D33
00052969
00037F38
FFF1165B
FFFD1F47
FFF902D3
FFF90B5F
FFFC7A88
000092E9
FFF500D6
000496AB
FFF19028
FFF04B87
0008FE82
FFF6F441
0005FAF4
000C7ABF
FFED3A50
FFF2A6B2
000540A4
000DC57E
00079E86
00179489
000F3EE6
000BE9D8
FFF94F4D
FFFBDD1D
000158F2
000F0469
000F7EFD
FFFAC795
00072B59
0005D567
FFED9C99
FFFADD3F
00076AB6
FFFF2247
0011602C
FFF457C0
FFF0F3D4
FFF31FB2
000213FB
FFFB1159
0013399E
FFF6882A
FFF61CB7
0015166D
000778A1
FFF3BB97
00049D3C
00082F31
FFEED87D
0008A1CB
00077E9F
FFF22643
FFF24EB5
00041489
00001741
000C6311
FFFEB38E
FFFA510C
00050644
000A9060
0003649A
FFFC732E
FFEEF1C2
FFFDE03B
00069F75
000285B2
FFF3ECF3
FFFA269B
000373D8
0003534C
FFF5F4F5
FFF28AB7
FFFB3EB7
000ECF2A
FFF23B83
00005AC6
FFF3BA3A
FFFAC0D7
000580AD
00070624
0009C64C
0008F386
FFFC945A
FFFCDB5D
000434C1
FFF98C32
FFF7EC49
FFF29B75
FFFF2351
000216DD
FFFCBBCD
0005E07D
000A66C4
FFF4B7A6
000F629D
0011E38A
000AA9E6
00133D19
0005998C
FFF018EE
FFE9872E
000AF50C
FFE9C45A
00156759
FFEDB585
FFFD5FD0
FFF403BA
00093934
FFFCEE3D
0012BC22
0005C122
0004045B
00092433
000BAD3C
0009CEC0
000A9EFE
000AAF96
FFFF9948
0002B511
FFFC824D
FFF41A9D
0005CC3F
0007EB12
FFF44851
000CCE0F
FFFF9D9B
FFEF9FCA
FFEF0178
0001DF7E
FFF543AA
000AA6F8
0013080C
FFFD13EB
FFFE8E70
0003A9B1
FFF17C15
00040E92
FFFC9019
0001973A
0015A579
00014F63
FFF9092C
FFF64C77
FFFA6F3E
FFFF67C2
FFFEF255
FFFD1867
FFF22ED0
FFF86A19
0002F554
FFF8D429
00005472
FFF91800
FFF756D3
000250EE
FFF95848
0004EBBE
0012635E
00032A7F
FFFE9F2E
FFF0B525
FFF678F1
FFFFD88C
0014FFDC
FFECB8F0
00034E27
0008BDC3
FFF4E76B
0009E224
0001CED2
0006D2AE
00055BCC
0000B9D2
000BC7FC
FFF4DF32
000BB593
FFFEA364
FFFA65B4
FFFD288D
FFFD5A13
FFF7BE1B
00045B18
FFFC12A7
FFF402EE
000D4999
0006EA06
0005EADA
00038406
00081B2F
0007402A
FFFB9C93
000DEDA0
FFF100D3
0004FCA1
000A5945
FFF98159
00106250
001605C9
0001F6B6
FFFEAADD
FFFF31FF
00005C9C
0007565D
FFFEF3B7
FFFD5EEC
000F80A4
000B9D10
FFFCC375
000FB7E3
FFF63571
FFF91022
000624C6
0008A17A
0005CD7A
FFFEAB48
000182DB
FFFCF14F
000553F3
000119CD
FFFC143F
FFF77EA3
FFFCA5E4
FFFC9795
0011AB2F
FFF98BC4
FFFC5F80
0010BE75
0011DC58
FFF7C05E
0000D514
000A57BA
0006D71E
000601F6
FFFF4C7C
FFFF1AF6
000A81D5
FFF6576A
00073FEF
FFF6FAD9
000C7ED0
000AF18E
FFFFB874
00047B23
FFFCA271
FFFE4BF2
000FD2EB
FFF77F73
FFFFC842
000B7E11
0004BAD2
0004B5EF
FFF9BB25
000ADCFB
FFEEC2CB
FFF6E148
FFF70A36
FFF39B79
FFF649F8
000C130C
00024A3B
0004BF94
FFF8B3DC
000332D6
00022FB9
0000DCBF
FFFFA163
00064A24
FFFE7F7E
FFFF68B9
0003609D
00034487
FFF88E74
00094287
000290DB
0008F3ED
0009452B
00050DC6
FFF875A3
FFF909FF
0001B883
00053C4F
000A7D83
00035E39
FFFC8E2A
000D755E
000BF392
FFFB556D
00044923
00039163
FFFD7341
000BA615
00002492
FFF7B673
FFF6097B
FFF8E537
000B41B8
FFF61FC0
FFF4AC77
FFFB5341
FFF09E66
000D8F45
FFFE1B9D
00086ACA
000F670F
FFFD3390
FFF23ECA
0005FBF4
FFF9486F
00041979
0003D3FF
00031FBA
000AE30C
FFF81C3C
0000B0D9
000F0CAF
FFFF07AB
FFFD2C7E
000FA4E5
00036A8D
00073935
000A6777
FFFCA810
FFFE9D14
0000B215
00063598
000708C6
FFF66326
FFFB8225
FFFA48A5
FFFCDE79
FFFCE8DC
0007F5ED
00007C08
0004C58D
0004131A
FFFCC67B
000A2E55
0008C651
FFF5A2A0
000AD939
FFEF32D7
FFFAB1DD
00019E24
FFFEEBA9
00104DF3
FFF836DF
FFFF0AE0
000B1CB8
00092F37
00032963
00087BB4
FFF36B28
000753B9
000C9BFC
FFF2A2BD
FFF77B23
000744B7
FFF0E962
00003C9D
0003F8C6
FFFEB9B5
00058EB6
001277AD
FFF4CA1F
FFFF6C3A
000EB158
0000829A
00010BD4
000880C4
FFF9D351
0007339F
00047374
FFFD9E09
FFF81541
000C5904
000458A2
FFF32CB7
FFF87306
FFFC5A34
FFF9F8F7
0005F7DE
FFFBF53B
FFF64A64
0004C5DE
FFF50FD4
FFFCDDA8
000770FE
000E2B69
0006A7A3
0001595C
0017EDE7
FFFF2A5C
0010BC7B
000F13D7
FFFDC06F
0001516F
00051871
00083D3E
000FE3CC
FFFBA0E0
00014BCC
FFFFDFC4
000A6EF1
FFF4BD44
FFFA2825
00039EAA
FFF5639A
0007452C
FFF6CDE7
00021180
0001168F
00038AD4
FFF6D71C
FFF7AAE5
FFFCBDA7
00084400
0008BDBE
00086DA9
FFF849EB
FFFA612A
FFF1B0BC
00025E50
FFFDD274
000C3431
00090482
0004CD57
000B2E22
000FC855
00095422
0001AE71
0003CF59
000DEE0D
FFFF363C
FFFD06BE
00128F19
FFF39549
0008936B
000B93FE
FFF5C67D
000D9C1B
0001F63A
0001414D
0013B18B
FFFAB303
000A1A27
FFFD0F65
FFF40DFF
FFF9D257
FFFC4E94
FFFAE175
000B11CB
0005D716
FFF506F2
FFF85ABE
FFF185EF
FFF5E5F1
FFF8BFED
0000586E
0001F46A
00047AB1
FFFD7694
FFF5EDF4
FFFEFF85
FFFCADD0
FFFCCADC
000AC87D
000EF0DD
FFF01F7E
000D2C06
000773F6
FFED6312
00040201
0007178B
FFF1FF1D
FFFE9A91
FFFC8A08
000BC36E
0000C582
00079AB7
0002858D
000199B0
FFF57578
FFF5674B
FFFDE0BD
FFFDFFB6
00092FDB
FFF6755C
FFF6564D
FFFE775F
000B28D2
FFF0A0D1
FFF97CA6
FFF3A77E
0004D1EB
00012532
00092758
000515F2
FFFB297C
0007C3BE
FFFB567F
FFF8DF28
0004E73B
FFF725F4
FFFF21D7
FFFDF2ED
000CF41B
FFFD3F10
000440C5
FFFB2949
00031EC0
0001CBD9
0001AFB8
FFFFAD97
FFFE1B96
FFF990A8
0012FEF9
000251BB
FFFC34E4
0004563F
FFF9E893
FFFE4CDE
FFFDDA75
000CD342
FFFD88DF
0013C660
000CFE23
FFFFED92
00122F46
000345AA
0014EFAE
FFFFC9E7
00070604
00066B5F
FFFBFFDA
000A1E0D
FFFF8BDA
0009E3EB
FFFBCDD7
0001399F
000D6432
0008062A
00032F2A
0001CDB3
FFF9E888
FFF7B3E6
000B9E3D
000150B5
FFFA1137
000DACF3
0006E3A9
0009DE95
FFF90327
0005E218
FFFAD69C
FFF98142
0004FE20
00061D2C
0009C019
FFFA02D0
0003A541
FFFFB7A0
000A7B95
FFF7E6E0
FFF7885F
00074BDD
0005AD0F
000393FB
00062FBC
FFF4A834
0000E262
00069BE9
00024E74
FFF4AD98
FFFC6526
FFF8FF80
0003E760
FFF9E2BB
FFFE4B21
FFFAFB91
FFF70B7B
0005CDE3
0007B764
00062C39
0002E6F7
001472DB
FFF303FF
000BB1A9
0008F6DE
FFFC178C
00006519
0007D305
000131A3
000418FA
FFF2E0D4
FFFCEFEC
FFF70A20
FFE45AB4
00117F17
0001BA75
FFFF7B30
FFF6FE04
00109B3C
000CAAA6
001004B7
0008CAFA
FFFB33C6
FFF626FD
000E9999
FFFA2357
00017249
FFFAE155
0008E63F
000CF9D4
00027A58
000B4101
FFF5392F
0006EC51
0007C56B
000B46CA
FFF73705
FFF4C80F
0007CE76
00063FDD
0005AD1F
00059ED7
000722E5
FFF35E91
000EA5A3
FFFC6002
000AEA5C
000490D6
0004A278
0002A596
0005DE00
00063463
000B8923
FFFA0693
FFF4F1A6
FFF5195F
FFFE2637
0008AC21
00079A65
0002DC60
FFF6DE07
FFF45C27
FFFCF36A
FFFBA308
FFFF28C2
FFFECEAD
000202F0
FFFF279A
000E5146
000888E5
0007E4D6
FFFC5126
000063BC
000960C9
00066C4F
00043D2D
000290E7
FFF4820A
FFF68DFE
00052301
0001C650
0008831D
0000E8AF
000663E3
0001ED49
FFFB76C6
FFF8751B
000CB153
FFFC7860
000417F6
FFF9EA94
00018AD8
000DFA19
FFF02E3A
00070BFB
FFF9268F
FFFBD3F8
0009B612
000D607B
0000969F
FFFBA692
FFFD41E2
0007BCA5
0006D253
0001666B
FFFA0C12
000D561C
00056B9D
000C3818
000FBE05
FFFC5B77
00001703
0002F318
00021CB4
000475CA
00005F13
FFFF4696
FFF90046
FFF3ED4C
FFFFC521
FFF2C339
FFFC7B8F
0006CA01
0001020E
000A00A9
000FCCA1
FFFA6D42
FFFE0C64
FFF50BB3
FFF42C9C
00169EE7
0007F9F8
FFF4346D
00135802
FFFC4F33
0003D125
0006E0D7
0006347C
000078A5
FFFD63C8
FFF1E99B
FFF56B05
FFFFD89A
FFEE3463
000559B1
FFF67B5D
000C2D58
FFF0D7A0
FFFD746D
00026E90
000D8646
FFFE0EDD
000DA702
0004237F
000B594C
FFF54759
FFFFCE01
00099048
000A1B85
0007E06C
00056459
00019452
FFFEE9C1
FFFFA4F2
FFF8797A
00099888
000C022E
FFFDA943
000546C6
FFFE0ADA
0003F314
FFF6F057
0004B7FD
000937CD
00039248
FFF9C1FD
0000B769
00020029
0005E18B
FFF8DE87
FFFF781A
00002BBB
00003217
FFFB9BD3
00014E63
0000C8B3
00019B4D
FFFAF427
000353F5
FFF991E9
00010DAF
FFF7FD91
FFEC78BF
FFF5DC62
FFED7E94
FFF2F8A8
0004EB33
00022472
FFEC687F
0000D28C
0008D62F
FFF987BC
0007DAFF
FFFEBB27
FFFF2E4F
FFFC4932
FFF2DA39
00069BB1
FFFFB4F0
00062C44
0002C0CA
FFFF3ACD
FFFB47A5
FFFA0BAE
000514B9
FFFBCF13
0004D0DE
000413C3
FFFB0078
00068473
FFFAE658
00052481
0006E006
000A8181
FFFD78DC
FFF2FFEB
000186BD
FFF9512A
000632B8
000208D7
0004E06F
0004D1B3
0000361B
FFFA89A9
0005E4AA
000346B8
00075BD3
00062D53
FFF85536
00075402
00075271
00073039
FFFFE175
FFFA2165
FFF91BC5
FFFDC1A8
FFFE4191
FFF0259C
FFF64F2A
FFF71BE2
FFFE861B
FFF25D5C
FFFDE0DB
000A3618
FFFB779A
0007EBEE
0006D735
00071C67
FFF7D00C
000513EA
FFF95D61
00022871
FFF475B6
00045B34
FFFA13CA
FFF9192E
FFFBAE84
0001FAF3
000667CB
FFF89C3C
00014484
FFF959F8
0001EE39
00055EED
0000D600
FFFE1C5D
0004F041
0002F50F
0009282E
FFF62087
FFF8A9F6
FFF5C776
FFFC07D6
0000ADD1
FFF908CC
FFFE2D29
00096275
FFFB634B
FFFF9521
0000AE79
FFF92BEC
00005134
FFFCDC17
000B6C30
FFFCA66F
0000EDB8
FFF98E85
0005F67A
FFFD9192
00069D57
000D61A2
000A23E4
0002B0CE
FFFC2340
000CF598
00025937
00007F2A
FFFCEC64
0007C8E8
FFFF2178
00026733
FFFBC9F8
FFFDA221
000296E8
0002E2C2
FFF7CDD9
FFFF1AAF
FFFECA20
FFF5B987
000591C0
0000F17F
000174D3
0006D762
FFF78032
FFFDEDCC
0004208F
FFFC028D
000BD93B
000ADACB
FFFEE57B
0006B092
FFFA8682
FFFBBC58
FFF46A9B
FFFFE530
FFFCE57C
FFFA0538
000761D1
0010E85E
0002D2ED
0006C23C
000A6C7E
000CFBA0
FFFB69DB
FFFEA7F4
00025BA7
00100625
000033EF
FFFD0058
000E45AC
000D4C47
FFFD109C
0006C8CC
0001D595
000A9518
000AF787
00006DE0
0007AFEB
FFFBAC14
FFFF6A8C
FFF9B804
FFF40C21
FFFE1553
FFF57507
FFF9B29B
0005F9B8
FFFF96A3
FFF602BE
FFFB37B0
000767DC
00047CC2
00050E37
0005605A
0012C2F5
00052409
00014598
FFF9C3B4
FFFEC37A
FFFBB9DE
00024C50
FFF92A50
00007A28
FFF94BD9
FFFFE433
FFF9CD53
FFFC1C8B
0001F030
00052C29
0004BC38
0005F33D
0009D02C
00058DFA
0007CFAB
00020932
FFFF6266
00005D6D
FFF5A32A
0002C9E3
FFFAE819
FFF66F43
0001DB42
FFF78CB8
0001F84C
FFF9AA34
FFFEF5F9
FFF96BF7
00049E33
FFFCCFE4
000BBBE0
0000CA46
00020D20
FFFD8024
FFF65E02
0003E6F5
00044182
000895D4
00119BC9
00007199
0001CB83
0000116D
000135F9
FFFC0F85
0003E517
FFF69E5B
FFF521DC
FFFE7C52
000929E6
000447BA
0000358E
000864A3
0003479B
FFFD8FE5
FFFFF82A
FFFE9193
FFF85C90
FFFE4F6A
FFF8C100
00020350
000667BC
00009B01
FFFF5F78
FFFD878D
00028081
00032BE0
0008B627
FFFC83C3
000857E4
000E2060
00039FE2
00000A67
FFF8BCB0
0007C54E
FFF94CEF
0006D195
FFFEF7AA
000425FE
00077D39
00079CB0
0000ED5F
FFFAE6B6
000ED775
00043CF6
FFFA2399
FFF08341
000959A7
FFFA8811
FFEFFCA7
FFF6854D
000E64EA
0007BAF4
FFFEAC87
0002F20F
000E4DA2
0009CE04
0008A0A7
FFFE27E6
000358C6
0007AD2B
00027895
0005D0B2
FFFCB035
FFFBCE20
FFFD2FA0
FFFD50CA
FFFD9FD4
0001389C
000459CC
FFFF8926
FFFC3DB5
FFFAEE95
0008E117
00025744
000490AC
FFFB2A2D
FFF77193
FFFC35BE
FFFAB664
0002D911
FFFEC7AA
00051C35
FFF1F080
0003402E
FFF52B5C
FFFD0A7E
000B23E1
0003C482
0000EB27
FFF9B597
0003DFAB
0005DC8A
FFF51721
FFFF244D
FFFE7A7A
FFF2814B
FFFF0C4A
0008D323
00021209
0007CE2D
000366D2
FFF3606D
FFF6B240
FFFB1596
FFFAFD38
FFFC8E13
FFFEE038
FFFFAB01
00043C8F
0007FFAC
00075280
FFFA7FFF
FFFC8366
00031994
FFFAC0BF
FFFB3AC4
00034E4C
FFFEF844
00060274
00075EC8
FFFA1426
000347F2
0004BE50
FFFABE39
FFF7D37D
FFFDDE5E
00086943
FFF8F31D
000201B0
FFF6EEDA
FFFA128D
0007EF2C
FFFE6DD6
0001F536
000127E7
000876DE
0000AE8F
FFFA8EFE
FFFB02CE
FFFA2437
0009DA83
00081369
0000907D
000371DB
00084D7B
0006721E
FFF9A425
00035E56
FFF9624E
FFFF39BD
00044ACA
00046985
0009E0FE
0005EC35
FFFC0777
FFFCB74F
000B7FBA
00015F59
0001F93A
000228C8
000A02A9
FFFE1E31
000FF5AE
FFFE8072
FFFA0EAB
0007AF5E
FFF832F2
00054B01
FFF9DC5C
FFFFC519
FFF6C8D5
00005479
FFFCBBE4
FFFE92A5
FFEE629C
000479BB
00001789
000C3DCF
0005186B
0001E3B5
FFF894A0
00017C79
FFF0F24E
0000CF95
FFF5D7D9
FFF6680E
0002FC76
00080651
000CF1B2
00006D25
0002B832
0003658F
000913BA
00048AF0
FFF8779C
FFF67B4E
FFFB8341
FFFFC4DB
000598E7
0001E542
FFFE37E0
FFFCA262
0007EADB
000B080C
000BC271
0007E368
00038DF1
FFFFCA8B
0007D549
00060A74
FFFD1E98
00057275
0005E10D
000042CD
FFF908D7
000075EC
FFFF1600
0004B5B6
FFFBC405
FFF4F934
FFF6729B
00055903
000B3B28
0003313E
FFFBF97A
00053B6B
0009488A
FFFA6662
00052F95
0001EB1A
00005250
0000ADF1
FFF79A9C
0004514B
FFFE1163
00033901
FFFC0607
0003359E
FFFFD857
FFF6012B
00002164
FFFE49E0
000C2EDB
FFFC02EC
FFFC039D
FFFB88B1
FFFD3EDE
FFFB9316
FFFA2BEA
FFFA40EF
0000B02C
0003770D
0007A83B
FFFFC50A
FFF474C3
000BDC80
FFFC573A
FFF94AF7
FFFA59DF
FFFD204E
FFFE9A23
0007EB3F
00084A60
FFFED2B6
FFFA5031
00091BE7
FFF7429C
0000A585
0001DB1D
FFF8D70E
00051B4A
FFF50A8A
000030EE
FFFFF406
000127DE
0007C08F
0002D1B7
000A73D3
00007A3D
00044882
000BE742
FFF71D50
0000AFD1
0001BD7D
FFF7B279
0008343E
FFF862C0
FFFB79A0
000BACE0
00090FEE
0005F0F5
FFFDBE1D
00017FB5
FFF96DCB
FFFB53D8
FFFF4185
0004EFCB
FFFFA481
0007BF88
000859A6
FFF708B0
0001C5B2
0007A824
00050018
00069AF0
000A9629
000D63D5
0006F328
000248DE
000434B7
0002C586
00047D2C
000DD7D4
000855B4
FFFB67E6
00137A43
0005A477
00074158
FFF6770C
0002F4CE
0000D542
00034B5F
000157C0
FFF9ACCE
FFFE37FE
FFFEB426
FFFC748D
FFFE27D9
FFF7983F
FFFB63E5
FFF5DCA3
FFF73F46
0003A55E
0006A554
00002DE5
FFFB628F
FFFF69CD
00048234
00060772
000173EA
FFFD1B7C
FFF571CD
FFF4CE5E
0003985C
00063D71
FFFCFE7A
0001EC31
FFFA8053
00026857
FFFA7AB1
FFFF1A1C
000F03B4
0000F2B9
00047207
000E4723
000DDB52
FFFBE966
FFFD2E3B
00001E5C
00046F27
FFFA92F4
FFFB7255
FFFFBEEC
00027968
FFFE2910
0006A9F3
0004CA96
000554E8
FFFB1AC4
FFFFEE23
000712F2
FFFB86AA
FFFBCF41
FFFF7207
000C6301
FFFD2E72
000546CF
0008AA8D
0000EBA4
0006F7AE
FFFF454F
000ECBB3
0000ABC2
000A6000
00137E08
000AB730
00094D08
00114398
FFF75859
FFFC7CBB
FFF6752F
00011D5D
00061620
0002D48D
000E1645
000087AE
0002A7A5
0000CE17
00040B3A
FFFC6AD1
FFF4F9D3
FFFAD9DA
00021755
FFFEA5D8
0000AF51
0017CCEA
FFFA5233
00064056
000AAC30
0005E280
0002DBBB
FFFE250A
0006D16D
0000D84D
FFFBB286
FFFB347F
FFFFAA8B
0002D28E
FFFB6515
000A8E4E
0009D5AA
0006F42C
0003F926
FFF76BBB
FFFAA83E
0005C434
000ADE14
FFFE162F
FFFD4429
0007AA5A
00045574
0005CE25
FFF174C8
FFF7E539
FFFF1184
FFFA6872
0009EB7B
0000867D
000D1229
000AEB53
FFFAC229
000B33F2
00119799
FFF91968
FFFC5319
0010F2B8
FFF0C78A
FFFD9472
000359B8
FFFDB021
FFFA97BA
FFFB401C
FFEF63BB
000BFD73
0008B6EF
FFFB10E8
0008C54A
FFFF2814
FFF77F79
FFF70AB8
FFF2FFDB
FFFD5A73
00006799
00030683
0006B67C
FFF653FE
0001F8E5
001A952B
000511FD
FFF592EA
000C5608
0007D1C4
FFFDE194
FFFED825
00054218
FFFC3492
00098022
000EDD63
00023DB6
0004394B
0009B88B
0007C055
000301A4
00025BC1
FFFF5F55
FFFDDE4D
FFFFE214
0005B77F
FFFABFA4
000AD031
FFFA3DF9
00088D02
0001A734
FFFCD8D5
0008121F
FFF048B2
FFFB4446
FFF12856
FFED1D0A
FFF7BB0C
00102312
FFF9C180
FFFE0911
FFFD28FF
FFF6D089
FFFF7680
FFF8C2BE
FFFCDB3D
000C9DE2
FFFDBDE7
0001E720
000FD649
FFFB8DC2
00027FD6
00086425
000E0093
00071652
FFF8F982
FFF9A8A8
000B7312
0009E192
000F4229
FFFDAA85
00076158
000D443A
FFFE5A37
0000F39F
0003577E
FFFAE184
0000E239
FFFA69DF
0004E1B9
00096A56
00078770
000F1D82
0003938B
00007143
FFFEBE4D
FFF8BA63
00012CE1
00003C57
000981F3
00025599
000ED8C9
00017725
FFF67F1A
0005CC95
FFF38B24
FFFA6263
0005C4FA
0008A7C1
000EE5CA
FFFE9A01
00097BB9
000235A8
FFFE7349
FFFB6482
000C3ADE
FFF9351C
00075367
0003C4AE
000AF252
FFF9DD13
FFFC5831
0003201B
FFF3F143
FFFF8A81
000CBD81
FFFCA503
000088B0
0002E81C
FFFD6B80
000500BE
0002052F
FFFC21FC
0002CBAE
FFFC69EF
0001EF9E
FFF4A221
000845E4
0001FE81
FFFD98C6
00040031
FFFEF6FD
FFFBE08F
FFF66A51
FFFD2215
0005E68D
0003AD45
00004F9E
0009D9C0
FFF8BB2E
FFFE7B60
0001739F
00115FCF
000B973B
0005503B
00106484
FFFB96A3
00017CF9
000D124F
00031B1F
FFF63AA7
000584FE
FFF5EAD6
FFFE752E
000ED2D9
0004A625
0004BC96
FFFD24E3
FFFDF694
0007BDD0
00109018
FFFC0A2A
0003BF45
0001E751
FFFCE680
FFF88E40
FFF865DF
FFFF296C
FFF49789
00131077
FFF9C9A1
FFF3D27E
0004A575
FFF99912
0004BFB5
FFF66152
00022517
FFFE6739
FFFD4E28
FFFD8AE6
0003FF99
00044647
000175BC
FFFF883D
0005098A
000122BB
FFFDDC39
0006C3BB
FFF7E749
FFF60541
FFF4DB9D
FFF00A41
0003C8F8
0003B451
FFFD2C32
00072A0A
FFFCA65A
FFFF4F90
FFFC565C
0001B4B5
0003373F
000C1ECE
FFFAC07D
0002BDBA
00044900
000A9639
FFFB021C
FFF59EA7
000C29E0
00049243
FFFC0AD5
00090B0F
0001C499
000C6928
FFF971A6
000E7E66
000A5EAE
FFF9A0B1
FFFF675E
0001FF05
FFF7AE93
FFFAF6C1
FFFBD441
000A2EF9
0002B09E
0008B8CC
000B2CC1
FFF9A416
FFFD0D3F
00069D4E
FFFF46F8
FFFA2552
0010E466
0006479D
00006097
00169323
FFF71679
FFFF7780
FFF9F43B
FFF97F11
00030F75
FFFB4275
FFF5C0AC
0002F929
FFF8D489
FFFBC032
000198E0
0002F8AE
000DD228
FFFF74B9
00038FA0
FFFE54D8
0013C2BE
0006C423
FFFB29B6
000AED1A
000F605E
FFFDD769
FFFDCDFD
FFF816C2
FFF768A2
000E92F3
000CEE0A
000255B1
FFFAC153
0008C57E
FFFFCF98
0002A38B
0002F6EA
FFFB4F61
000691CA
0003F5DA
0008C3E0
000F8685
0001B7D3
FFFDF464
00092589
00040662
FFFAF5A7
FFF9D28D
FFF83829
FFFF65F7
000D2233
FFFD5570
000E1FB3
FFF82094
00096DF3
000A62DC
0002ECEF
0002B281
00044734
FFFACB83
FFF31257
FFED011E
FFF5E2F4
0009F0FA
FFF84B54
000720B8
0016D46D
000EA939
00077B1F
0003FAE3
FFFF8CE8
00071514
001042CB
FFFC3A31
000D9EC4
0006F38B
FFFD91AB
0016AA0A
FFFB00F9
00034708
FFF48EC5
0002A92B
000A1B79
FFFE2C3B
000C6AC7
FFFC0BF3
FFF58F7D
FFFE1FD2
FFFA77F7
000ADD13
00024877
000097E8
FFFC2B63
000A8F69
000726E6
0006558C
0001E833
FFF922AE
00010A5B
FFF9B18A
FFF9C38C
000D1FA7
0008CA98
000AB24B
000C92F7
FFFB4FBE
000607E2
000634D6
FFFB8919
00109D7D
FFFA77E3
FFF9EED7
0003E933
000B7363
000E866B
FFF4DCD5
FFF950EF
FFFE4F91
FFFE4668
FFFD6B2A
000A911E
00034FC2
00021044
FFFB4F35
FFFACD5F
FFF93002
FFF53B8A
FFFDD674
FFFE0ACE
FFFE88BB
0006CAAE
00045DC7
FFF9CB52
FFFEE4C7
FFF116CB
FFF9A3C2
FFFE2C09
0002E697
000810B7
FFF758B8
00125144
0010161C
0006A0CF
FFFD3BCE
0002060C
FFF692AC
FFFE3F48
FFF70712
FFF38E6E
00012B6E
FFF77415
000386E1
FFFFE32D
FFF3D581
000996A7
FFFAC834
FFF75478
FFFF8BF8
000B8357
000A442B
00041841
FFFCADAD
000D9B6F
00046D37
000EF3FD
FFF7A857
FFFA50CA
00134988
000FF799
FFF8EAA3
000DB080
0006ED9D
FFEAB2FF
00072386
0001113C
FFF7BBF5
000EABC9
FFFD8964
0001A3F4
FFFCC2FE
FFF7F307
000A23B6
FFFDBE90
FFF05B73
00005107
FFFAC3EB
FFEF078D
FFFF5B62
00071701
FFFD249F
FFF8B43C
000922FF
FFFD8114
0008FFA0
000745FD
FFFFD52B
000CEE6F
0000B6F3
0006DCD6
00040399
000D05FA
FFFF90F7
00009BAE
000A1624
FFFA6C4C
FFFCA26B
00077A42
00090D23
0007CF50
00071B44
000DF890
00012327
FFFEBFD9
FFF8D29B
0006BF37
0002EFBD
0009C95E
00013009
FFFE6B06
FFFC572B
0005DE81
FFFBDCB6
FFFE4919
FFFB7110
FFFB11EB
FFF9523B
000B23EE
00075D09
FFFD1104
000836A2
0000A4DA
0006CA1B
FFFF5610
000E4AD7
0005C7A1
FFFDBE4F
0001A922
FFF6AE8F
0005891A
00086973
00049239
0007D849
00078F15
FFFAD2F4
000254EE
FFF5321A
FFEF6146
FFF7B093
FFFE3670
FFFAB622
FFEF09E8
FFFF041F
FFF04694
00017F9D
0002F6F2
FFFC820C
0009509C
FFFA90A9
0006E027
0008B91A
000CEB50
00024B43
00033DF8
FFFA0F85
00026820
000216B2
FFFFA906
FFF82795
FFFF9DB9
0004E6D6
00072CC9
FFFC2225
00037AE3
0003539A
0002FF6D
FFFD9550
00057859
FFFD30E9
FFF91CD1
00019751
00083F05
00001CA3
0001D768
000CD022
FFFD499A
FFF0CB82
FFF481D3
FFFE7787
FFFDF3AB
000A49E0
FFF4882D
FFEDFA74
FFFE156F
FFF8925C
00092FB3
0000D3DD
FFF20055
FFF71359
0005C603
FFF5CC95
FFF9E25F
000A4F33
FFFA5405
FFF7B816
000302F1
0001CEAE
FFF705AD
00032BF7
00053A26
FFF7E2A9
0007C1F0
000780D8
0008F95B
000CCD22
000065F1
FFF8DEA4
00050170
FFFBB475
00060F57
000AE0A1
FFFC37BF
0000C1D3
00048C4E
0003CD5A
FFFF391A
FFFD6BB3
00080A41
0003DDB9
FFFF580E
FFFE10D8
00094225
0009A43C
FFFA6EF7
FFFC269E
FFF9CC37
000AB485
0000C34D
00013E67
FFFEC838
00001226
FFFA7EBB
FFFFAB7A
FFFA3A4F
FFFEC6F8
FFFF34DC
FFFCC172
FFF51591
FFFD6895
FFF7E5EC
0000B4EF
FFFB65D5
FFF8700C
FFFDE8CD
00085D9F
0002241B
0009FD7D
FFF564AD
00018AF5
FFFA4E96
000913A4
0000CC98
0001EC9E
FFFD3FBD
00093C30
FFFB7745
0008456E
FFFF63BB
000651D2
0005F2E8
00014C83
000A1986
00063EB1
0004F106
000B6497
FFFBD595
000298C0
FFFC0F94
000AF1AD
000AF1C3
FFFE0265
FFFB3400
FFFAE52C
000442E8
000D3590
0004EEB3
FFFC3F1A
FFFC2E3E
FFFA34C0
FFF84573
0004B8FA
0012CEC5
00162D37
FFF9B008
0006F441
FFFF420D
FFF75A28
FFF919DF
0003DFD1
000D65E1
00037126
FFFC3793
0003BC23
FFEE8DFA
FFFF4106
00007245
FFFC417B
FFFDAB10
00094881
00044930
0004946C
FFFB3517
000B25CA
FFFBD819
0000189A
FFFA2DA0
000029DB
0000D4DE
FFFC1C49
0001D4AF
FFECF827
FFEB68F8
FFF990FD
00063280
FFF8FAA1
0000AF90
FFFEB123
FFF21705
FFFF775E
000491D4
FFF9D2AA
FFFC9BC0
0004D3E9
0008CC6D
0003227D
000EA822
FFFE814C
0005A343
FFF94330
FFF21CEC
0004134D
0008187A
0002AA56
00050E8F
0004AB47
FFFC9861
00073E47
FFFB42B4
00057268
FFF7B14B
FFF7DEF7
FFFF4FC8
FFFCB596
FFFC33A1
FFF97B8C
0008AE77
FFF7A808
FFFFDE07
FFF93A1A
00056107
FFFAEB67
FFFF4322
00025D21
FFF1F5C8
FFFFD0DA
FFF6FE1C
FFFB1EB6
FFF6A910
0004D9AB
000ADBA7
000873E6
FFF997AC
FFF9ED03
00013DD6
FFFECD05
000ADD76
00022A83
FFFECD1C
00061642
FFFC3CE6
0009DC8B
000B7076
0003AF6F
00037E7B
FFFA9CB6
00059124
FFFB8807
00020D3C
FFF56F56
0000B614
FFF16094
FFFF0056
000001A9
FFF561AB
FFFF7527
00010ED2
00026710
0006437A
FFF9C2E6
FFF5C745
0005BC72
FFFBC949
FFF9D3B6
0006C741
FFEF5B9B
FFFFCE31
000405D6
0005B379
FFFFF45F
FFFBF87A
00004AD2
FFF948D3
00057284
0000FCB6
0008DE2E
00115D8D
FFFD69EB
FFF83C0D
FFFFD191
000BBCE2
FFFB1CE6
0005A2C4
000853E1
0007CE06
00017E36
FFFBA8E7
FFF61F00
FFFD5355
000506DC
000766F4
0004A2AE
00040082
FFFBE3FB
00028936
FFFC7298
FFF66F0F
FFFA9905
FFFB8C5A
FFFAD1D5
0005B010
0001CB31
000432C8
FFFB64FC
FFFEF0BA
0000DA3B
0007DED3
0005CBD8
FFF5C7E7
00036AAF
00079319
FFF17C4F
000740D6
0008D87F
FFF8F127
FFF80416
FFF914FB
FFFEF89B
FFFE00D0
0006597D
0007FEFD
0001C7C6
000450D6
FFFB13D1
FFFA9C0B
FFFF3418
FFFEB7E5
0006AEAF
FFF3D6F9
00043FDA
000DE72C
FFF8D0D3
0000861F
0012179F
FFFB5B6D
00040518
0002C1BF
000609FA
FFF71778
00017BF1
FFF60FD7
FFF28489
FFFF34A6
FFFE3ABC
0005108D
FFFA71B7
0001ABE7
FFF8BD23
FFFAD1B0
FFFC58BF
FFFA79AB
FFFB45C5
000AF9DA
000D880E
000ADC88
000825BE
0000D7A7
000DAF17
FFF5F8D6
00021184
00087879
000AF976
00085904
FFFDF58F
FFFC5D25
FFFDB457
FFF5F05C
FFF6E5EF
0006E524
0004AC94
000A9E0E
FFF94271
FFF97A7F
0006C297
00042387
FFFD930B
00024141
0000D671
00086CFA
FFF5D231
00033DF5
00069DBE
FFF998A8
FFF34F55
00022030
000BDDE0
000F3329
000C6F3E
0006F159
0001DFBC
FFF85C1C
000A90FB
000AE189
00045155
0003EE5E
0009767E
FFFF8D5A
FFFF4833
00076675
0005B116
FFF19186
FFF8A612
00052209
FFFBBEEC
00056B52
FFF926AB
00083DBE
FFFF64A9
0002018B
00088CC5
000262BE
000C0A80
000CB244
FFFF34A7
000680B4
FFF449E8
FFF50331
FFF9812C
FFEFE7BA
FFFCD310
FFFA7443
00057E82
00020AF0
FFF96CB1
00017B07
00016C99
00034D80
FFFAA745
FFF25A4A
FFFFF660
FFFE4547
FFF7D21C
FFFCCEC8
FFFCBA88
FFF2A911
FFFE7261
000A0DFC
0000763C
000004D5
FFF82CC5
FFF49EFD
FFF72B02
0003E72D
000A2788
000505DD
FFF81DF3
FFF8C710
0003342D
0001290E
FFFB6C0C
0001D2F6
FFFB04AC
FFFC1D4C
FFF8F11B
0001CD5A
FFFE9615
00037011
000AECD6
000C42A3
0006E58D
FFFED430
0006CE69
00046916
0005A549
000D2844
FFFDDA75
0007C862
FFFF32C8
FFFFBBF7
FFFA0C9E
00008F32
FFF91D52
0000C0F4
FFF8A7DC
FFFBB0AF
FFF8187E
FFF93379
000D2468
FFF7A7E4
FFFFEA28
000421BC
FFFBDD51
FFFA9C09
0001A2B4
0000553A
FFFD4BD2
FFFED1A7
00039D45
0004DE2C
FFFEC1AA
FFF74FDB
0003B072
FFFD9601
FFFE3C0F
FFFD62A8
0006529F
FFF71FA0
FFF4C0C5
00085215
FFFB74CA
000466D6
FFFF1A62
0005E796
FFFF25A7
FFFB4FFD
000103AD
0003C19C
000222F3
FFEC7293
FFF141E1
FFFDFC4C
FFFA6703
FFFD7394
FFFF3356
00017A29
FFF58E20
FFFE1317
000B9C58
FFFCE119
FFFBA6B2
000CC0CA
000C26EE
FFF9E37A
000345A5
0001B706
FFFDCF15
FFFD60E2
0008643B
0002B714
FFF6138B
00001921
000408AE
00041612
FFF54859
00067BE2
00058BB7
0002E9EF
00057315
FFFC7BCF
FFFD3155
0003B5BC
000465D6
FFF01A3A
0004A98F
0011073C
FFFCD258
FFFB3F44
000828EF
FFFB60CC
000001CB
0004505E
FFF91275
FFFD49F5
FFFF60E3
000C6F1A
0002581A
FFFA2346
000B6272
FFFB9FAC
FFF9D693
FFFB925E
FFF88810
FFFFF16F
FFFD81AB
FFFFADAC
FFFC960F
FFF7B529
FFF67748
00029BFC
FFF77BF8
FFFB1D19
FFF4BC2A
000629FE
FFFB41BA
00035A1E
000926ED
0002B1EC
000A8290
FFFB91D8
FFF51397
FFF88F1C
FFFFC5F4
FFFD1B5B
0002D75D
0002EF08
FFFDF45D
0002F47B
FFFA29D8
00059073
0001A29A
FFFE9887
0001F448
00047404
FFF61340
FFF5AAA4
001137B7
000CDF1D
0005BCD4
FFFE34F9
0005BCC6
000125F4
000DC611
000D5008
000E55CE
000AE00E
00040B32
00042CC5
FFFF1C8C
FFFDE329
00011A46
FFFCF873
00084C4C
000304D6
00047008
FFFB66E5
00009F99
00026E73
FFF012D3
FFFFE7CE
000A9DD5
FFFC3D71
0004985B
FFFC5CD3
FFFFC9A4
00024489
FFFBA896
FFF7D144
FFF8FF8A
00034A98
000C2520
FFFBFEAB
000F05BC
0014551A
FFFC75E4
FFFE210F
00017752
0000B488
0001BEEA
0003EAA9
0006E7C8
FFFF0F17
0002557B
000ACE0C
FFF77787
FFFBA441
0002FCA6
000805CE
FFFA4F2E
000A5329
FFFF2663
00005179
0004F956
000BD06B
FFFF5D6A
FFFF363E
FFFF481E
00032A89
00076307
00046012
0007E9DC
0000B74C
FFF62BC3
0008DECC
0005039A
000BE016
00023A7D
FFFBA637
00011ACE
FFF74B70
FFFE675B
00011897
0004FE46
00082580
FFFE8338
FFFADE46
FFF464FA
FFF239D6
000484D7
FFFB18F7
FFF5F362
FFFDB9F3
0003121C
FFF7C1E6
FFF45B35
FFFF183D
FFF78685
FFFC5AA0
000A1E22
FFFBE395
0002B9BC
00073C3F
FFF77D33
0000AEE0
FFFC49AF
FFF7867B
0005906A
FFFFC714
FFF82391
FFF4C13E
FFFF4F20
00053D44
00088F9A
FFFF9D3D
0006CC22
00082466
FFFEA0AF
0007664D
FFFC986B
00036631
0001B342
FFF97CAF
FFFB2C73
0002C37D
000D1ACE
000AD2DA
FFED1ED3
000914CA
000092EB
FFF00B94
FFF4CA2C
FFFE33E9
FFF98A33
FFF77A93
000466A8
FFFED234
FFFCEB47
FFF99548
FFFAB41A
FFFD4EF2
FFFD90E2
0003086A
FFF64F12
FFF97F66
000670E0
0008E943
000338C6
FFFA0335
FFFCF16B
00048461
FFFC8826
FFFD82DB
00036284
FFFF3609
FFF204B4
0001EB36
0002F502
FFFBCBA2
FFFD79AD
FFFA207E
FFF75690
FFF66C36
00047641
FFFA1C5A
FFF1E7C5
FFFBAD22
FFF7EDAD
FFF1A407
FFF95C76
00080451
000AF71B
FFF1D34D
00075DF4
FFFCF7D8
FFFDF2D1
0002A7CB
FFF9FFA7
000221D3
FFFF581D
FFFA702D
FFFE2710
FFFCF290
FFF9A3C9
FFF81D46
00015B8B
00059A1C
FFFE1CCB
FFFECCB7
FFFE3D1E
FFF2FA37
000379D8
FFF5D472
FFFAB4B6
FFF1A6D5
FFF51F93
00055118
0009713D
FFFC4EED
000936BB
FFFCA148
000BEEB8
FFFC65A8
FFF6668C
0001BBA3
000835AA
000082C7
0008F1A3
0007F725
FFF8F501
000C0365
FFFC57E3
000A87F7
000D1DB1
FFFE8E83
000637C7
FFFC5E34
0002AC34
FFF78FD3
000BDBB1
0009DBFB
00088950
FFF6EA43
FFF9B70A
FFF18FEB
0002CD3F
FFFDD233
FFFFA85C
000C5877
FFFABDC9
FFF981B3
00076787
FFFF0AAD
FFFBB62F
FFFF25B4
FFFA9AD6
FFFAB20A
0006B3C6
0004E02D
0000DEB5
0008A2F3
FFFAD963
000A189B
0008DB3F
FFFC647E
0002F0F3
0006C83D
FFF6082E
000C51EF
000B633C
0007C34D
FFFC9852
000639D3
00062416
FFF99ED0
000E9AF2
FFF258F8
FFF99068
FFFE305F
00098994
00151028
FFFC2D59
00033BB0
0000F56C
FFFAB5E2
00083669
FFF68764
00024E62
FFFBC75F
0010CB4B
0001BFCF
FFFF6A71
0012C051
0005827A
FFF83B8D
FFF9AF2F
FFFC888C
0007AB3B
00039551
0005B135
0009C066
000760D1
00048500
0000E847
000861D2
0001013B
FFFC9C2E
FFFC627B
0000AFF7
FFEFE673
FFF43D03
FFF356E0
FFFDCB13
FFFC4097
FFF4EF14
0003F794
FFF945DF
FFF77964
FFF70009
0007ACDD
FFFA0532
FFFE931A
FFF6FB57
FFF66A5B
0008192E
FFFD3703
0005460E
000704D8
000249AC
0006B938
00048C8C
00028C9D
00062C7A
000122D3
FFF7280D
0007AA9F
FFFF2D69
FFF58580
0015CE16
FFFAEF5D
FFF65359
FFFC975D
000507F6
00002514
0008CE80
0004D38C
000BB889
FFFC60C9
FFFCFCE9
FFFF9A5E
00016EF8
FFFFD112
000326A5
000D3F47
FFFF9A18
000822EE
FFFE6CD9
FFFADCE1
FFFAF358
FFF8D89D
FFFE6A67
000FA279
FFF84C57
0004CFF7
0006409F
FFFCCA2C
FFFCACB4
000506DC
00094A07
FFF7A34D
0002BA29
0005A915
000241C3
000DE45A
000C310D
FFF789CA
FFF933DC
000135E2
0004BFF7
00040FCA
000B4150
FFFFCFF0
00008491
00099840
FFFD8338
00063377
FFFA72EB
FFF5DA63
00051D48
FFF5771B
FFEE35BF
FFFAA056
FFF29477
FFF095ED
FFF10F82
00017AB4
00042985
000536A4
000B805A
0005460C
FFFF7BFD
FFFD1C3F
000635BA
00075FBF
FFFFAA40
00084F41
000D45C1
000115B3
FFF9E452
00141602
FFFED40D
FFFD6D22
FFF718E5
00034FA1
FFFB37C1
00087111
FFFF064D
FFFAEDF2
FFEB6C2C
FFF5B5DD
00093763
FFFD4700
00064A5C
FFFBA459
000598B0
000F29B6
00116E6D
FFFF575D
0013D66F
FFFBEB78
FFFFBD2A
FFFE1B1C
FFF5AABD
FFF5235B
FFF12724
FFF89A54
FFFE771C
FFFD433E
FFF82110
0003CCF1
0000F7D8
0009334E
000F2D77
000766FC
00048C5F
000C2212
000354E5
00031310
FFFC88CA
0004C145
00000C05
000604CB
FFF83E97
FFFCD4AE
FFF75779
0000398D
FFF7B586
FFF68303
FFFA9782
0007AEA2
000AB4A4
000741A4
0000BEE0
000B01FA
FFF5A45A
00007AA6
FFF6E781
0009B5A7
00045429
FFFF90AC
000DFE67
000470CE
00034190
0004EC71
FFFD0A73
00063DA4
FFFDB0EB
0005E81B
0000885B
00037452
FFFD0BE0
000697E9
000A4409
FFF37BB4
FFF7B173
0002BAE1
FFFEEF6F
0005C30B
0005D840
00021FA7
FFFCFA36
000AF398
FFF2195B
000CC567
0005D6D5
0002C2E1
0000AEB1
FFF7FC02
0006ED36
000081E1
FFFE72AB
0000E1DD
00056ABE
FFFE0DF3
0003CC85
FFFAB2D5
000A8FC2
FFF6E7CE
FFF5C40B
FFF1FE22
00005F0C
FFEF8D1A
0003DB96
0005C6C4
FFF94FE3
FFFC1F61
FFFEDCCD
FFF95604
FFF93A47
FFF4A3BE
FFF77F60
FFFFD40F
FFF421D0
FFFBBD1A
0014ABDA
FFF83140
000DD5CB
0000B71F
0002EF2E
FFFE759C
FFF7B60F
000B98A7
000807DF
0004BF2C
0008500D
000247B5
FFFF3557
0003B6E8
FFFAD8E7
000C56D0
00043A25
000C58F7
FFF7FF5F
FFF65556
0001120E
000214E3
FFF2A3B9
FFF9F6FD
00067DFC
FFFAE0F6
0001D59E
FFF6772D
FFE76730
00070901
FFF1806A
FFFD22E8
00025BC0
FFF45E58
FFFEDD5C
0008E592
FFFF4444
FFF875C7
00082AC4
000BB6F8
FFFA8BED
FFFAFAB3
FFFE2028
FFFA92D6
FFFC0132
00044A65
0004FDF9
000F9A32
00028A26
00015E0D
000237C1
FFF918AE
FFFDBE7A
FFFC3631
FFFEEBFC
000717AA
FFF73EE7
FFF93C3B
0000A3CC
FFFDDB06
FFFEDF50
FFF80220
FFF60B21
FFFA1920
FFFB0071
00022B04
00059489
00014E1E
0009691C
0005FEA8
000277FC
000A49AA
00040DD9
000025E1
0005B0B6
00036C67
FFF6F2EC
00032342
FFFCE531
000A7DB3
000B0ED5
FFEF1EE3
00081F4A
FFEFDF7A
FFF26C8B
FFFD2315
000EE3C4
00038684
FFEEE3A4
FFFB044E
000888CF
FFFB4CE6
000C0740
0000DCC5
FFF77A6B
FFEA38FB
0000AE0F
FFEDCED3
FFF5F1C0
FFFF16BA
FFF4E9CB
001AC30A
FFFB7F76
000A39A9
000E1672
00146EF8
000284D0
FFF41D21
FFEFCBBC
001DA845
0003BC96
001337BE
0005D308
FFF70EDD
000B8414
FFF64E85
000CB561
000841ED
FFE0F966
001ABBD9
FFF8E823
FFF53FF7
FFF7085E
000BAA12
00060480
FFFE3961
00047A9C
00092CE8
FFFBFE77
FFED7614
000A11DD
0006FCBF
FFF88723
000591BE
FFF61967
000C8BD8
0002179A
00012BB8
0015AB8E
00007BEF
0010F363
001083D0
FFE826F7
00012EEE
000302B2
00061077
FFFC4ACE
00179A91
0006C0AE
0007EE1E
000FF3F2
FFF55B45
000B9F7F
0002D3F5
00021651
FFEB9F16
FFF79DFB
FFFEADF3
000AEC0C
00077070
0001453B
00067773
FFF5725F
000E5CA7
000694B8
FFEEB152
FFFEEA98
FFF97D6C
FFEAC127
00069908
FFFFEB98
FFF4112A
000AD0B6
FFF757B4
000CE7FC
FFFA259C
FFFDD002
0011CBCB
FFFCDAB4
000DFA4B
FFFAE840
FFF6F8BD
FFFE2FC4
0006BFD3
00017E31
FFFC1548
000EC6FA
00020003
0016506A
FFFD5A0D
00053943
00077C8B
00066D00
FFFE861F
FFF48333
000781A6
FFF7D2EA
0000050D
FFF993BA
000000A5
FFF70B31
0013A71A
FFF43A26
FFF98140
FFFEE789
001C3459
FFE9E871
00009EBD
0016E527
FFE81ADC
00025A03
0013CBEE
0015E7C7
000726DE
FFFF925A
FFF83304
000021D5
FFFD1739
FFEE2579
FFFFD591
FFFDD1D8
FFFF5F23
FFF442FA
0012995F
FFF27679
FFF5A712
000A0E48
FFEAD273
000425EB
001E4DA2
FFF085E9
0002A70C
0001CB5A
FFF20B18
00090690
00049398
000565C5
00024BEE
FFF35573
000BD18D
FFF4A7B2
FFEEAEFB
0002CB44
000B1A1B
FFF62050
00043C88
00033188
000604D6
00063D67
FFF62B1C
FFFFBFA3
FFFD2896
FFFB7FCA
FFFA943B
FFF1009B
0007D42A
FFF9EA90
FFEACFB2
000A86F1
FFFC0571
FFF60938
FFEDF07D
0006C9D9
FFE82F74
000974BA
FFFF4B9A
00022B94
000E4DDE
001359CC
FFFD8D1B
FFF5FC02
FFF704EC
000F9851
00097954
FFF178D5
000F5602
000CF186
FFFAE212
000CC577
FFFFF751
FFF60865
FFEF7440
FFF5F798
00100CCC
FFFE47B3
FFF98B2D
FFF0599F
00081755
FFF191AD
0009D3CA
FFFCB469
0005790F
FFF7E541
FFFE16BC
0001E53D
001371E8
FFF4DE7F
0012B037
00210384
FFFCAD20
000DF1F0
00199373
000349E0
000DA088
FFEBEC9E
FFFF1F75
00077B7C
FFF22BA0
FFF7A27B
000BC8BA
FFF9A748
FFFE8CE1
0002A3AC
FFEB0ADB
FFFEE5A0
FFE21EA8
000B0FBD
00264CD4
000B9CD0
00166872
FFFF9BCC
000A2199
00090140
FFF91B5D
000A2752
FFEFAC10
0012D9D6
0006E12C
FFF394EE
000A079C
000D8D6B
FFEF7CF3
000D642F
0000BDB4
FFE45FE9
000D6E91
FFECC616
00014B27
FFF2E59F
00079BBA
0009DEB3
FFE34EDF
FFF035A9
000D9AB4
000272B9
000D3050
FFE573BC
000625C2
00075360
FFF94B34
000BE6F3
00090F5C
FFF75D8C
000B784B
00128AB3
FFFE9D59
FFF55220
00136B84
FFFB0CDA
FFEAF3D4
FFF078CC
0006F340
00045A88
0003EAA1
FFEE1FB8
FFFC4391
000A5B6D
FFF4186B
FFF11A5D
FFF5383B
FFFC3B95
FFFE05DD
000501C5
FFEDCC09
000EBD95
00087726
00060BB4
FFFD414E
00095B76
FFFAED7E
FFF8DC0B
FFF0B107
0002996D
FFFEB6C0
FFF19DE7
0002BC81
00159898
FFED9E68
FFF36E0B
000C9DBA
FFFB932C
00032445
FFF47697
00046F8F
FFF96458
FFF4B5E0
000B7677
FFE5E6A3
000E5204
000A9E59
000AFCEF
FFF882FD
000E7B13
000FD963
FFF706F2
FFF8D3EA
FFFC32D1
FFF9169B
00053FE6
FFF2D90A
FFFDC234
FFFFFEEB
0006CF3A
00059EB2
FFF1E615
FFFA0788
FFFE42F5
FFFB0A92
0007AC09
FFF858BB
FFF1C5EA
000D407F
FFF0FC1B
FFF33670
FFFE54C6
FFF4F27F
000D9BC1
FFFA33EB
0003AF72
FFF8516F
000F774E
FFE5C49F
FFE88770
FFFEE31D
0015EE3C
0006F79A
FFF7AD41
000820C8
000A0D5B
FFF60250
FFFCBFB4
FFF6EF0E
000DCBBD
00037443
00008393
001126C8
000C9D29
0005247B
00076B4B
FFDC0C9B
FFFC2AC6
001051E4
000DF878
FFFDF859
FFF4F5FB
FFFED955
0004CD33
FFE8A25B
0011AFF7
000EC106
FFF91962
00047FA6
0009A7F5
00002D5A
FFF7F837
FFFF7707
0009BE0D
FFD8FAE3
00038A9A
FFFB42AD
FFF29F0B
000E2194
FFFC7BFD
FFF9AF81
000C5D67
FFF425B3
FFFA558F
0002C87E
0002FB8B
000A7A04
000B432D
0000B698
0010FC53
FFF2ABEE
000640CA
FFF0265D
0005571E
0008A8CF
FFFE1B40
FFF28C21
FFFE656F
FFF7A4AC
0012A0A5
000D425E
FFF64AE1
00107C3F
00049BA0
FFFE16FD
0007F519
FFFD0553
FFF2486B
0005B533
000ABD52
00046FE8
001341B0
FFF93575
FFEFE495
000F5498
000A339A
FFF731CB
0010C851
FFEFF78C
00059ECF
0004E394
00137ACC
FFED650C
0004A231
00064A26
00010E69
FFEFC971
0009E51C
000EE91D
000ADAE6
00088AD9
00004ABA
00029A79
FFF72F1F
FFFC0E78
0001D3AE
FFFBE891
FFEFBCA6
00133B5B
FFDD8AC9
00135456
0013415A
0002DD7D
00070EE3
FFFE80FC
FFF104EE
FFF95C7E
00019D35
FFF9FE91
0010912E
00021A23
0016B9ED
FFFA10DF
0006E504
FFFC2686
FFFD5823
0001C6C0
00039CA8
0004C1AA
FFFD8BC0
FFEF9612
FFFAFF04
FFEC1EF7
00023C7E
FFEE946B
000EB51E
FFF14E85
FFF70DC6
00079111
FFFDF32E
0012424E
0004D431
FFFCC5A9
FFFED2DD
FFFF881F
FFFABBB8
FFFD116A
001759A7
0010E4BC
FFF56E58
FFFDFD41
FFEE76BB
FFF9677D
00002D35
000A0085
0010EB26
00141E26
FFFA6CED
0013AA28
FFF6774B
000AE08D
0008BEC7
000218E7
FFFA7999
0010438C
FFFE909E
000D35A3
FFEBC9DE
000F3BDB
FFF9C95F
00067BF3
FFFB81F6
0012F23A
FFECD9B6
00080B1C
00083B66
FFF7C395
00127459
0006A327
FFE3D35D
FFFE5D08
001367A8
FFFABC74
FFF2413D
FFF85DF1
FFF04861
000FA99D
FFFE643C
FFF3962D
FFEECDAE
00099682
0007FFF5
FFFF3BE1
0004FC89
FFFC3F37
000A50AB
0009782E
FFFB7307
000D16D8
00127FC3
0001C9B0
00093786
FFFE03A1
FFF4C205
FFF5C629
000CDB0B
00056E04
FFF3A5D8
000693FA
0000C038
FFF3AAAD
0000931B
FFFBE1BB
FFFA32FD
000A42DD
FFFA9F24
FFF3B219
000CB5C8
FFFDB2FC
FFFEA8E2
FFF6AEFD
00090D60
FFFE9C17
FFF21119
0012100E
FFFCD7D8
FFFFF4C4
FFFAA7C0
00075AB7
FFFB32B4
FFED7B78
000C0838
FFFED7C4
FFFF5022
FFF87AE6
0000C648
FFF33E86
0004B7F1
000175FF
0007B69F
FFF5FEA7
FFF8A57F
00051413
FFFAC4F3
000DDD04
0000D502
000A6981
0006AAD7
0008762C
FFF33CA6
FFFDB93E
FFFAB238
FFFA84B6
00070A7D
FFF83DA3
000A7321
00012CB4
00001FDC
00136AF6
FFF291EC
FFFA3F96
00036031
000CBE70
FFFC9BBC
FFF4D423
FFF371A0
FFF643B3
0001A88B
FFFE5B5B
FFF46868
000A7E4A
FFFFBB78
FFEE8DBA
000D1ADD
FFFCAC58
FFECD4EE
000D7BDF
0009A0F3
FFF4DF7C
000B2091
00119590
FFF82B79
0008F71D
000EFFA4
FFFD57A3
FFFCFA16
FFFF494A
FFF484AB
FFFDF822
0004DDA4
FFF5819A
00062342
FFFC9051
FFFBE64A
0002F426
FFF781A6
FFF9BA97
00025605
00035659
00194743
FFF0138D
FFF9D75F
0010D015
FFF184F1
FFF3BBBB
FFEFA32B
00003985
00084C9B
00093D56
000339D5
FFF21F6A
0003BDEF
FFF895E1
FFF4C64F
FFEF7E0D
FFFD71E9
0000B0F3
FFFD117D
0000E93C
FFF8EFB6
FFFF117D
FFFA714F
0006EF42
FFF91AB1
FFF894C6
000602C2
FFF93801
0010F881
000C682C
00001F5A
00083215
00007770
FFFBDAB2
FFF95049
0009EEBD
FFF44B9A
00041A8A
0006F2E6
0007BF75
FFF7578A
0005114F
FFF53A83
000C3F10
0007D4BE
FFFE93D8
FFFDEE6F
FFFA2902
0000EE75
FFF64FB4
000F5001
FFFF0EF6
000CAEE3
FFF0EB38
000476F9
00027867
FFF72A5D
0008F84B
000474C8
00053BEC
FFFE1306
FFFE025A
0003882A
0015F80D
FFEFFF46
FFFB98DD
00113E07
00081A7F
FFFF5749
0000B8C1
0007A16A
000A899F
000446F6
00078E2E
FFFF173E
0006EC7D
0000061C
FFF522AB
FFEA28BE
FFF79F88
0005A3ED
FFFB984D
00069825
000B5967
0002F119
00031DEA
00119DCF
FFF80FCA
000233F8
FFFC44B2
FFFA6B84
000684CB
0002F553
0008B629
000674C9
FFF7C3AB
000CDB6A
FFFE7CAD
FFF17BE9
FFFA57EB
FFF7FFDE
00038938
FFFB650E
0007F192
FFF5DC16
000C273F
0009267A
FFF158E4
000AB1BF
000DB040
0000319D
0009CFD2
FFF81809
FFF2CEF4
00049070
FFF8ADFD
FFF9659D
FFF7D1F6
0004D169
0002C11C
FFF7B9CF
FFF63C6B
00027607
FFF9E121
0000C9BB
00087412
FFFD8859
FFF4B0D9
FFF58769
FFF11697
00050F35
00011A03
FFF8E2FA
FFF74C32
FFF534D8
0004F34D
FFFDD895
000A5C94
00002089
FFFB3F8C
FFF08F2F
000D8085
FFF83FDD
FFEEDCCE
000117CF
000E4F4F
00067D61
FFFC540A
0006C34F
FFFB156F
FFED9398
FFF414B6
000F272D
00065259
00035DD6
000C569F
FFFA2222
0004FF56
000AC17E
0009D426
00069670
0005B141
FFF985CF
000FA8B2
00041284
0003298C
FFFAE8E4
0008362D
FFF093D1
FFF3EAA2
0013E9E4
00131C4C
0011104F
FFF7B07E
FFEA3C18
0005545B
FFFACFA6
FFF7A63B
FFF95C1F
0003624C
000A52D2
FFFF964E
FFF1E20E
000CDF54
FFF9C2E0
0002CB1F
FFFE2123
000CB30C
00086306
FFFE464E
000B58F0
000B8AC3
FFFBA0FF
000E4994
00060F9E
00075F1D
FFF428D0
00030A98
001BDF19
FFEB5996
FFF55542
FFF9D8F6
FFFDF34C
00043E1E
000163D2
FFFCAD3D
000D6F3F
FFF75EB3
000D395E
00027F68
0000D295
00001C27
FFF933C6
000347D3
FFF7DAA7
000A2CA1
FFFA1145
FFF4626B
FFF9FF3A
FFF55651
000A797B
FFFF01E6
000A4D75
FFFC78AE
0004B602
FFFEECC3
FFFCD94D
FFFA3F1F
0005E848
FFF31405
0001B38E
FFFB73BD
00015A14
FFF875EB
0003AE14
FFFD18A5
FFFB72CB
FFFD1BCC
FFF2E26B
0011F661
FFF8B882
FFF27B48
0003CDB0
FFE62FFD
00131191
00055BD3
FFFB23DF
FFF85C2C
0006F093
FFF7CF97
FFF246CD
0005B313
FFFB973F
000AD9B3
00022982
FFF16C86
000EEF2A
0005FD59
00070D0B
FFFD12F9
FFFAF04A
FFF7B899
FFFFF965
FFFD0959
00090C6C
FFF9E7E4
00055FC9
FFFE4DDC
FFFC19D6
000786E4
FFF97B44
001362EB
FFFBDF96
FFFD37BE
000AB830
FFFEC862
FFFF973C
0008BD25
FFF653DE
000C0F77
FFF515D4
0001F0E9
FFF72AB4
FFFB0AE8
FFF19632
0001C934
FFF7BC37
FFFD4CB7
0011A941
0004EC6B
00002E1C
000C0F4B
FFFEDFCB
00053229
0002FEA7
FFFF45E5
FFFC5134
FFFAD019
FFEDE0C6
00015472
00049CD5
0003C46D
FFFC5EB2
FFF516B2
FFFE0AF8
000EBAFA
000B1EEF
FFFB4542
FFF63759
00062AED
FFF2FE96
FFF5CDF2
0002652D
FFFD34CE
00055E08
0009CD8F
FFF2B2E5
00033928
FFFBC8F8
FFFF403B
FFFACD00
FFF89A28
0010640E
FFF386A7
FFF916CD
000CF047
0004E6AE
00074CE2
00053719
FFF964FD
FFF992ED
FFF2C967
000E52CE
FFFA6567
00088EDE
FFECDA54
FFF21F7B
FFF8B90E
FFF96656
00021726
000C1411
00077772
FFF64773
FFFC3182
0006C59B
0003D384
0001553F
000060F0
000ACC34
00052663
FFFB5CD3
000480E2
00026FF1
FFFABB59
000B9575
0001E6E4
FFF50725
FFFA293D
0004BF09
000DF501
FFEC8809
FFF35D80
0010EF2B
0007A592
00087D5A
FFF5158F
FFFFB9F9
FFFAF14B
00082918
00115F5A
000B1A05
FFFBB8BE
FFF54E40
FFF1C13D
FFF714B3
FFFE706A
FFFF71D6
0003665B
00025A55
FFEF004E
FFFD45BC
0003C5EE
FFFCED1D
FFFC6FB3
FFF8181A
0002020E
FFF80D69
FFF38EB9
0011F63A
00020A9A
FFEDCAC9
FFFC17BD
00111C4C
FFF383E6
000DD017
000658EB
FFF37C88
001017A4
FFFC9FE5
FFF92D2D
00032B85
00081356
00082764
00081A7D
000887DA
0008D8E6
0004049E
FFFA7900
FFF965D1
0008025F
0007CBD3
FFE88DBB
000229E3
00057FAC
FFFDF3FC
0001AE2C
FFF495BE
00030B9F
0005E724
FFFDF073
0003D385
00122661
00086742
00085018
FFFBADF3
FFF368BF
00033A6D
00050160
FFF6096A
FFF119D5
FFF7C120
00051858
000EC3C7
FFF9F179
FFF9B20B
00009F4D
FFF3534B
FFFE3F54
FFFB306D
0004AABD
000711BA
FFF6C209
0007C611
0006304B
00002A98
000210FF
00041F37
FFFAE601
FFFCEAC3
FFE9A39B
0013C4DF
FFFD885C
00079E4E
00062F5C
00004565
FFF8D145
FFFF029C
FFED586E
FFF801F5
001C0FC6
FFF5750F
FFFCBE5D
000E09CB
FFF6A2FF
FFFFFF07
FFFBE953
FFF1E002
FFF4FE6E
000DF217
FFF9821F
FFF823BD
FFF82FD9
FFFEA731
FFFF47A5
0007E46F
FFF93643
FFEDC804
000671F5
FFF68BCA
000B0BD2
FFF41393
000B3931
FFFAF516
FFFE0ED6
FFFBA177
0009C1B5
0005A18F
0008D54B
FFF75D6B
000D2AB7
FFF9C337
000A971E
FFF8408F
FFF2280E
000BD696
000394CC
FFF3C87D
0009001B
000D41FB
FFF42952
FFFF8775
000433E8
000ED86A
FFFBFA4C
FFFD31A6
FFF40B54
FFF8FD08
FFFA3477
000A451D
0001BE51
00079D0D
FFFA14D2
000926BE
000471E5
FFFF074B
000C67F5
0001A9BC
00053097
FFFD5224
FFF4C466
000F4B85
FFF19EA5
FFED6AB8
FFFF3781
FFF6B6FE
FFFC03A4
FFFCB5F7
FFF74599
0000E767
FFF5EFA1
FFF19A81
00092612
0001EEE3
FFFBD53F
FFF7FA50
00052DA1
000218FE
FFF4CB37
0006667F
FFFA6174
FFFEDF15
0002B9F6
FFFE4AAF
FFFEB670
000D2A15
000971CE
FFFEA4A5
FFF97F8A
FFFF4A69
FFFBE9B8
000A038F
FFFAE017
FFFAD618
FFFC2654
FFF6DF18
0008920F
0001487D
00018F87
FFF55126
FFFD3DEF
00011B19
FFFBC453
00008F79
FFFF2871
000A6D82
000189B5
00040697
FFFBE2C3
00063EF5
00072A47
FFF71CCD
000477CE
00039542
FFFF4AAB
FFFAF671
00136E9A
0009ACE8
000E0B19
000E95B1
00026E99
FFF93E4A
000932C3
0009ABE7
FFF843A1
0000D661
FFF72C3A
FFFAF2F4
FFF97B03
000638CC
000A678B
FFFBDD26
FFFF3DB7
FFF4FB58
FFFD584F
00067134
FFF9C5BF
00022585
000BE1B1
FFF0AB9A
000436AC
00046184
FFF81268
FFF4BE83
00034932
FFF7D709
FFFF7486
FFFAB613
FFFE24F8
FFF5F0C6
FFF57684
0001B97D
00008868
0001A1D1
FFFF12DB
FFF3C59A
0005179E
000A833A
000C579D
0001626E
0005F2AE
0009F22E
FFF4A550
00066F29
000A2BCF
FFFA882B
FFFA7C4D
00018E36
FFFA3C2B
FFF6A062
0007BF23
FFFAAD7F
FFFB3AC0
00081CEE
00086F5A
0001569A
000F6A90
FFF4A3F0
000807D9
000510DF
FFF6CF2B
FFFA8D59
FFF5BB2B
0000E6A7
00033252
000B3642
FFFD7886
000A9830
FFF55437
00076C8A
00013CCB
FFF4D9BB
FFFA06E8
FFFE99CD
00001B73
FFF9A648
000BB961
FFFB0C64
FFF8AE28
000B7B8C
00005405
00073F8F
FFF7579D
00053791
FFF49375
00053DF7
000AD830
000A9643
FFFD55A8
0006455A
00116E88
0001ABBD
000F3F0C
FFFFF374
000140F9
0007C0BE
00070DB5
00044968
FFF9A5EA
FFFBD019
FFF33D16
00064AB7
FFFEE99A
FFFA722B
00002703
FFF5886A
FFF2C4BD
0009728B
FFFA6250
FFFF95EE
00018C71
FFF6C237
00021E12
000A72B4
FFF6A198
001005BF
FFFA73EE
FFF8D423
000467ED
FFF20DF0
0000E5D4
00040228
FFF3739A
FFFB6A36
FFF2604E
00044C4F
00052788
000497DB
00030058
00075B9D
FFF9F583
000E54FB
FFF66357
000B22EE
00024AAE
FFF72241
FFFEA22A
000A94DC
0001B540
FFEC5B85
0001367E
0008A185
FFF10E9B
FFFE401D
000D2C38
FFF7B025
0003E357
0005E350
0006A5DF
FFFFC973
FFFCB4B8
000A1A4D
FFF6B652
FFF43CB8
FFF98ECA
FFFE65E2
FFFCCC3F
FFF2E51F
FFFEB39E
0010DD93
0009B764
00035063
000E60C2
FFFFA67C
FFF93E95
000BC44F
00005234
00012DC9
FFFC02F5
FFF9CBA7
000F36A9
00064112
000982DD
0007BCA6
0002AFC6
00065DB0
FFF54AB5
FFF01D87
0000A2E5
FFF891A2
FFF5965A
FFF5587E
FFF43F13
00085AF5
00044E44
FFFEA0B6
FFFE5EC4
FFF87A5D
0005445C
FFFCDBDF
FFFD8000
0001C524
FFEB6E88
00088718
000FC6C6
FFEFD0CC
0005E481
00057206
FFFAF8AB
FFFA3ECC
0003D8A9
FFF53B37
FFFAE07A
FFF5F8D4
FFF6637B
0007D65D
FFF6B860
FFF69101
000278BB
0010381B
FFF7011B
FFF5518E
FFFE7B2B
000D784B
00029E98
000171C3
00024B09
0004F13E
0003C4E6
FFE8EFA5
0010D90F
000BD649
FFF3B644
0009A9FB
0004A610
FFFF832F
FFFBA4F9
FFF5D2DA
000394E2
0004BC68
FFF9BB13
FFFE00A3
FFF7EA4F
0003007B
00008AD4
0001275D
FFF67847
00062E8A
FFF98BDD
0001D92A
FFFE0193
FFF0C19D
FFF86EE7
00016500
FFFD43EA
000500A8
FFFEA99E
FFFF3375
00004AC3
000E699E
0007A013
FFF9E8FA
FFF9E998
FFFB3092
000887CA
000023AE
00094089
0008799B
FFFA8E4F
FFF379D9
FFF7C0AE
FFFDB5D0
0005E269
FFFE7AFD
FFFFE114
FFFBA213
0003D885
0001843B
0002B2EF
FFFBDC42
FFFC41A0
FFF31D4E
000E9AA7
FFFCDE2D
000A980F
00032541
FFF86010
FFF63FC7
00021F9F
0004468E
000D7F65
000638AC
FFF9F47C
FFFDF1EB
00082541
FFF37F6F
00045232
00004B54
0003DAA4
0000468E
000B931C
FFF197A7
0004AC57
FFF8624C
00001294
FFF8D60E
FFF51CDA
FFFD70D6
00067A94
00002BD0
0007E464
0009B8D7
FFFBA9E3
FFFC4B76
0004FFF1
FFFD8F4A
000C010D
FFFB95FF
00080EA5
FFF42DFC
0008D5C6
0000E52C
0005AB0B
FFF7CB0C
000C2170
FFFE723F
FFF77F81
FFFD3F79
FFFDC179
00006218
FFF7DF43
FFF89A7F
FFF9C373
FFF5380A
FFFFF8FB
FFFD9E4F
FFFDC251
0012AF56
000B25E8
00030615
FFF6B913
00070F4B
FFFC75E2
FFF72D7D
FFF5DBE5
FFFA4CA1
FFFC4A17
0006F6EE
00087DDA
000921BD
000034B2
FFFF9B26
FFF8F165
FFF8531C
FFFB5CE6
000248FB
FFFFB876
FFFB17BC
FFFA0E71
FFF6F346
0007A2D9
FFFCD0A3
000B403D
000D8FAA
0001FA34
FFFDDD07
FFFDA9BF
0003DB38
FFF5DD23
00074764
00085C9A
FFFE9A90
0003D81E
00028854
0003D651
000E61AB
000B45FF
00002BD2
00015213
00082D3F
FFFEFB0D
000B2899
00046939
000176B5
FFFFEA2E
FFF8BAB0
0002BEF6
0004FD5F
00023547
FFF83964
FFFD4C0D
0012D3C1
FFF840DD
FFF89F58
000F439B
00010BCA
FFFAF9EF
0006171D
FFF2A10A
000430EB
00112CBB
FFF4B9AF
00026692
FFF67A0E
000F1EE4
FFF8CE01
FFF8857C
0003AA3E
FFFDC53B
0002CBC5
FFF98919
FFF78B4C
0000A98C
00059AA2
FFFBC630
0002BC91
FFFCB616
0003F483
000C9575
000ED30D
FFF3957E
000B3714
FFFB652F
FFF94CED
FFF88164
000CBE4E
00029DF4
0013034B
00061518
0003383B
FFF5FF19
0001BF7A
FFF995AB
00086690
FFF643DE
000F173C
FFFAC3CC
FFFECD44
0002FBB0
000A788D
FFF9DF59
000E913E
000B6B01
FFF7EFA0
000892DB
FFF68E82
0001DDB3
FFFDE319
0004FBB2
00004BEB
FFF4F3AF
000185FC
FFF98D54
000BADEB
FFFB0A70
FFFB5A05
0006E3E1
FFF16E91
FFF6DB61
000B0044
FFF9C528
FFFAC269
000AFF48
FFFC8AB0
FFFF4050
00038450
FFF9D222
FFFA3413
000D18BA
0000E3D2
000310E5
00070396
FFFE4D5C
FFF7404E
00085EEA
0002C7D1
FFFE81CE
00047DD3
0007D79E
FFFE20F2
00014A0A
FFF6C8EA
FFF78AC1
000B653D
0008822C
00031D86
00087C56
FFF5F6EE
FFFE9BED
FFFA37A4
FFFDF584
0001BA63
0002A277
00024BEC
0009B40A
0006CB25
000554BD
00019904
000BFB0E
00083B4F
FFFA9BE1
000B983E
FFFA3E3A
00024238
00072FBB
FFF84982
FFFCCA0D
00072F6E
FFFA5DBE
000628DB
FFFD29D1
FFFC6BBF
FFF99269
FFFF68A2
000A6456
FFF9F6CF
FFFC7A7D
00060059
FFF81DC1
00026F52
000300A2
00061FD4
FFFE35AF
0004C0D8
0002AFD3
FFF86221
FFFF62DB
00019C7D
FFFFE155
FFFA6AFF
FFFADB47
00023E81
FFF91CE4
FFFB6D48
FFFDE7FC
000497C3
000159CA
FFFFBDEA
00044EF3
FFFA6634
00024086
FFF5CA05
FFF95BE7
FFFE7944
0003DBDC
0004D2F6
FFF8BF4B
FFFCD5F7
FFF85C47
FFFEBDA0
00062FBB
FFFC46A0
00016B48
00096DD0
00058775
FFFD2A59
FFF23116
FFFB2687
FFF7F915
FFFC26DF
0002FB46
FFF7E1AE
FFFF1995
FFFFA74C
0002C75D
FFFCACAD
FFF5AA43
FFF91A6A
00036B23
0001FD01
000030C5
00058458
FFF9950A
00011084
FFFA4C63
FFFC8335
FFFFC4AD
FFF60584
00033240
FFFCBC0A
FFFFFEDA
0009D14B
FFFE6377
0001FA1D
000B3D7D
0002E2E0
0001EDF1
000ACCB3
FFF8759A
00052AB2
FFF874F8
0003350C
00087E65
0005964C
0000C573
FFF88943
FFFF6067
0003B5C6
00017A8E
FFF9CBF9
0002C49E
FFF9DD9E
0000B2A3
FFF4D7DD
0008D5D1
000422A1
FFFB63F8
0000CCF0
00014613
FFFBB120
0000BD67
FFFDBEB8
000106C0
FFF56BE1
0000D63D
0000BAB7
0002A635
FFFFE676
FFF9F12B
0003DD7F
FFF6C96D
FFFA4127
FFF2BA41
0004211C
0000E6E6
FFFDBB50
FFF981D9
FFF91C06
FFFE4C37
00022055
FFFDF3E7
FFFB2498
FFF7760D
FFFB0376
FFFC17C5
FFFE5975
FFF6175C
FFF6A0EB
FFF6497A
00045CF8
0003EDF8
FFFACF89
FFFA4956
FFFEAC3A
FFFC3DC1
FFFB0561
0009EFE5
0006A470
FFFD8C79
FFF714AE
FFF718D7
FFF8FD7D
FFFCD3B1
FFFB0694
0002D945
FFFC6FDD
FFF7EDDC
FFFC0B67
00026467
FFFDCCBC
00051D84
00097BEA
00005E14
00074E9A
00042B3C
FFF6907E
FFFE3614
000B4A95
FFFCBFE3
FFFD774E
00047BFD
FFFE84F0
FFF61961
0002C7FF
00022308
FFFE72AD
0001127D
FFF73F82
0008FDFA
FFFBAD1F
00080EC5
FFFB7F8A
FFFD4FA9
FFFF3A55
0007FEF0
000A42E5
0000821F
FFF8B5D8
FFFAAD96
FFFCB0E9
FFFE86BC
FFF84F18
0003DFE2
0002E7F5
0004F5E1
0001813D
00026199
0003DA16
00067C83
0004A9FD
FFFA95F5
FFF94FAD
0007C2AF
0007294A
FFF7183D
FFFB77D5
FFF6C1D1
000203FB
FFFCE788
FFFCF724
FFFB542B
FFF41D84
FFF2DF9C
FFF3B774
00039B4C
000300C1
00065784
0008FE84
FFF8B41A
000319EC
0001B100
FFFD05D6
FFFCCD6C
000389BA
FFF8F194
FFFC8DFC
FFFAC3EF
FFFE1F38
FFFD8F65
FFFBE904
00032E5E
FFFAEE31
FFF7EC56
000490C0
00029059
FFFD267D
00060B46
00005905
FFFEB330
00014ED7
FFFE4597
FFFB90F9
FFFD217A
000097F9
000392DF
0002F5BA
0001C453
0004DAC7
000078E4
00012F44
00061701
FFFFAB49
0006F39F
0005AF01
FFFEA298
FFF9CF03
FFF3D998
FFF35524
FFF34C07
00013A38
FFFDD4D9
FFF9D4CD
000312C3
FFF989BE
FFF8020C
FFF3568E
FFEFAF88
FFFBBD13
FFFF9E61
FFFB9209
00017795
0001781E
FFFE2546
0003AB2A
FFFFDC24
00031F4A
FFFDBB24
0001DAFF
0000E2BA
FFFB2101
000068D4
FFFF1AFD
FFF9D019
FFFF6A61
000AADEC
FFFDA373
FFFCC091
FFF7FA75
0005A541
FFFA6C9A
FFFEF585
000395FB
FFF709B0
FFF7BEBD
FFFFCB09
FFFDAA5E
FFFFFADF
00001652
FFFD77AD
FFFDDE3A
00032C7D
FFF3EE24
FFFC7D98
0001DA60
0002DDF0
FFFFC098
FFFCCFE0
000055E9
FFF6427A
00013E07
FFFB5CEF
0005015E
000358DD
00037C29
FFFE5F7B
FFFC983D
FFFBE84D
000872A7
00068B1E
00038792
FFFE5EE6
0002E13A
FFFC9C4C
0009D863
FFFC1E12
FFF9462F
FFF93B1A
00029FE9
00013825
FFFC99E3
0008A53A
0006C64E
00066171
000796BE
FFFF9F39
FFFC30B4
FFFB0F73
00026E30
00019736
000003E0
0000BF88
00009F58
00046612
FFFEA30E
FFF80676
FFF9F9F7
FFF75D1A
FFFE48ED
FFF98462
000BBB37
000640C2
FFFF567E
0004F4F3
0001DCD8
0004C861
000444B2
0000EDC5
0002812F
FFF5C8E9
FFFE1A39
FFFF8693
FFFDBEE6
FFFEE791
FFF80F8E
FFFFA1DB
000017CB
FFFA22D0
FFFE7A65
0001E20B
0003C93A
0006008C
FFFEE72E
FFF69872
FFF8469E
00035DD8
0000262A
FFFB8778
FFF8969C
FFF45D28
FFF9D3BE
FFF99DCC
00025A65
0006799C
00088892
FFFE2744
00009B4F
00077459
00024CD4
0008B138
00029CB5
00047BCA
000089EE
0003F3F0
FFFEDA3A
0004D642
FFFE5B89
000073ED
FFF3A9B8
FFF06612
FFF9123E
FFFA6B9C
000B75AD
FFFEC06E
FFF4D51C
0003509D
FFF8D5E9
FFF7AD98
00004656
FFF24500
000102D7
FFEBF238
FFFE8DE5
FFF67142
FFFF6535
FFFCC535
000360AA
FFFE661F
FFF45E3A
00005607
FFFE80ED
FFF7F88A
FFF74F36
0000BBBC
FFFB8172
0004B4F0
0003B299
FFFB8A4E
0004487E
00033452
FFF6E7AB
FFFF6D90
000639C8
0004DA82
0003747E
FFFA0491
0004173F
0003F8DB
FFFBFB11
FFF8164C
FFFC6F4A
FFFD47F4
FFFDA3D0
00026691
FFFB9292
00047116
0000A127
FFFC5FE9
000830E6
FFF9F71C
FFF71605
FFFCDC45
FFF86E0A
FFFFC90F
FFFDC87F
FFF432EE
0000E7CA
0005017C
FFFC591F
0006E68E
00026149
FFF57F92
FFFDB720
FFFFB042
0002C847
FFF73E28
FFFFFE62
FFF89BC3
FFF9C998
000577C6
FFFC538A
FFFD9C06
FFFB7947
0002D5BB
FFFB69AD
FFFA3F0D
FFFEAEBF
0000A374
FFFB1F6F
FFF715B8
00027401
FFFAC964
FFFD6E2D
FFF7F760
FFFD5E2C
00058FA8
0000715E
00087767
FFF69F8E
FFFFDE31
000428F6
FFFE038A
00006086
FFFC0779
0006BF83
FFF9BF11
FFF9153B
0005203B
0003CF62
FFFBEBC3
0001306E
FFFC3099
00015DF8
FFFCAD47
FFF3DFCF
FFFE9074
FFF51EB7
FFFE5116
000485C3
00016615
FFF85C28
FFF8FD90
000083E1
000957A1
00046B0A
0000EEB4
0012FEEA
FFFA7AF3
00013436
000B5B6C
0008768C
00025BFD
FFF9F8DB
0001572A
FFF9C75F
FFFCDDED
FFF726B7
FFFD3667
FFF7B9AC
0000EEB4
00022B6A
00020C54
0007B828
FFFCA6BD
FFF92D9C
0009A47A
0005264C
00042EF9
FFF84613
0001C218
00083469
00066816
0004E88D
FFFE7745
FFF9AD10
00072F22
00135561
FFFEAD7B
FFFC245C
0004ABC2
FFFE2D90
0001B271
FFFF864A
FFFCB556
FFFBB836
FFFD9869
000339EC
0001AB4C
FFFDF5AA
FFFFAB20
FFF6519B
FFFAD8A3
FFFD1607
FFF9A60F
000A300D
FFF603ED
FFF99821
FFFD0B96
0007E30A
00081175
FFFC0EF1
FFFC8D9E
FFF9CA8A
FFFED014
0000D9C5
0004D121
FFFD596F
FFF80FCF
00011603
00051D06
0008C8D5
FFF80C58
FFFC6ABF
0006DBEC
FFFD5BF6
FFFEE8D7
0002806D
00013091
0005CD75
00066A85
FFFEE9FE
0007D97F
00014AE2
FFF7F040
0002D030
000B49FE
FFFA8AC0
FFF5FE0A
FFFA69B6
FFF63803
000681C4
FFFEC12F
FFF56B0A
FFF75603
000D88D4
00058844
0000B42A
FFFD53DF
FFF7F194
00005BCD
00108032
FFFFE7A8
FFFE67D1
0002BC87
FFFF4E52
000B6881
000666A5
0003500D
0003C184
000B4A9D
000730A1
FFF33499
FFF80555
0000052E
0010ED80
FFF8F79E
0008A551
FFFFD233
000DD573
FFF0C27E
000674B7
FFEEF155
FFFC7FF0
0001A3B1
FFFFFDCB
000A897A
FFFA9DAF
000F4EA0
000FFE2F
FFFF4AF4
0001E06A
FFFCE9DC
0005CAE8
000485D1
000A7B6D
FFFBFB73
0008BBEF
FFFC0BE5
FFEBEE82
FFEF5172
0001E390
FFF9177A
000C7940
FFFBAF96
0006EE78
000368BA
FFFFA989
FFF1A6B4
FFF6F539
000301F6
000B4D2C
00150162
FFF09610
FFF3EDF5
00023033
FFFE1F13
00071458
0004FDB9
FFFB5F9B
FFFD7802
FFF440EA
0008C8E0
FFF2D064
FFFEBBCD
000391DD
FFF03E75
000E7AAF
0009C683
FFFFCACC
FFEFF597
00082067
FFEC79E7
FFEF0A63
0006556B
FFFCE932
FFFB77B0
FFF4405F
FFF7AB7F
00034408
0000963F
FFF6423A
FFF79D36
0006297B
FFF3CD06
FFF55D77
FFF22121
00051D44
FFFC7A4E
FFFA12AE
FFFB30EC
000BD880
0003C7E3
FFF08D03
000AC17F
00051AA6
0007FCA1
001816C7
000A56AC
FFEF3321
FFF9977E
FFF901DE
000454C5
FFFF0A73
00070FEA
000C9F9D
FFF20D2C
000DE6C4
0007B978
FFFE9560
FFF9CE56
FFFCF5BC
FFF0EAFF
FFF5C6A4
FFF09135
00068B46
FFF8C67A
FFEBF9CC
FFF6019C
000B5112
00049736
00108ACD
0009D5DF
FFFBDD14
000A6368
0007F9FB
0001DB5B
FFFDF392
FFF69B5F
FFF1CA2C
FFF73A55
000143EA
000A2A3D
FFFBE236
FFF67690
FFFAA35C
000007BD
FFF457D4
0000017E
FFEFC03A
FFFEC740
FFFD2E0E
FFFF083D
0002F3BF
000C0C88
FFF3DC12
FFFF71C9
FFFA5673
00021162
FFFF1AB5
FFF73237
FFFCB60D
00075634
FFF123A5
FFFF4E75
FFFC4EC7
00053E36
00103912
00093304
FFFA131E
00045B07
00039D14
FFF75BD5
00121F7A
FFF84709
000C59CC
FFFA4EE4
0001D850
FFF81240
00038830
FFFEC8C3
000C3C41
FFF814BA
FFF2AB70
000236F5
FFEE85BB
000468DD
00021E09
FFFE7F6B
00038800
FFF8178B
FFF6B199
FFFCFDFA
000BDFAF
FFF8FEE8
FFFA7E56
0009FE6C
FFFC43D3
FFFE37F2
FFF690A1
000CC855
00016C4A
FFF24220
FFF30264
0004DB25
FFFCDFE1
FFF38A76
FFFDC080
FFF98D8A
0002B805
FFFAD17C
FFF5D4A3
000FD01B
000F214E
FFFD3CC6
0007A463
000B219F
000D8D00
00081A42
0002B29F
FFFDF016
FFFA0542
0000CB60
0002B627
FFFAE68C
000E84D9
0005DB2C
00021D4D
FFFB15C0
FFFFB55E
0002F7CE
FFF4050C
FFF73B17
FFF8D0FD
0000E095
0001A055
FFFD7153
0008B540
FFFE4B23
FFFFEA88
FFEB5217
0007459E
0004FFAA
FFFCE271
FFEA1110
FFFB792A
0003F079
000A0CEE
0005F3EA
FFF28146
000AAD54
00024562
000F06E7
0003C6F8
00129896
FFF58C58
00064558
000492A1
00056703
FFFBA598
000A6D72
FFFC46B7
000D1535
000183AD
0001C4F6
00044DD0
FFFCCE2F
0002726A
FFF3823E
FFFF3127
000A1470
FFF1BB3B
0008493D
000A1781
FFF90BEB
FFFABA74
000E2BD4
000E3C3C
000E42DF
00069BC3
FFF73AC7
FFF95EFF
FFF2CCF6
0002CA97
000CDC55
00109320
FFFC2587
FFFBD053
FFF4CE35
000D3DBA
FFFA8836
0004D924
FFFA14BA
000BB819
00005AEB
FFEED9DC
000BF6E5
FFFD94EE
0005BF40
000AD5DD
0002F82C
0005C0DD
001154E8
0012584E
FFF66B98
000BE0F4
000620E5
FFF12747
00017E8E
FFFF9154
FFFBDCDC
FFF3557C
FFED1408
0008073D
FFFA6AA3
FFFBC2EE
FFE97D04
00039CA1
00051610
FFEFE8E1
FFF2ED1D
0009D307
FFF1BE5F
FFFAD0D2
0007DD74
FFFC2214
FFF56385
FFF75EF0
0007BBE4
FFF94AE9
FFF0AFD8
FFFB98C0
FFF1D8F7
FFFF38AD
FFF968CA
00125E76
FFFDB6D2
FFF5B719
FFF86E67
FFF55735
0002DF4B
FFFE8F65
FFF395DE
FFFF4AD9
0005E01B
FFF41D2A
0003FC22
FFED1E42
FFFE919D
00084DE4
000A01B2
FFFDF5A4
FFFC2344
000D90C4
0004AB57
0000EE9C
0001DF7D
000D3F07
00072222
000A2C9A
FFFAD184
0005DA9A
FFF19321
FFFE6A80
FFF7AD46
0005508C
0001EE92
FFF27B54
000928DB
FFF72DC9
00003F82
FFFFCF20
FFF6302F
FFEDECF4
FFFD24EB
0007A260
000767D8
FFFD795A
00048D57
FFF716D7
000A3462
0013FE8B
FFFCE91B
FFF2122E
00025597
FFFCA383
000434D1
FFFCA01D
FFFE8EA8
FFF63095
FFFE696C
FFF7F581
000D6ECB
00056A70
00109E64
001DFDA8
FFFE71BC
FFFC6100
FFF9627B
0000A685
FFF43D7C
FFF522D1
00064689
0005DABE
00070F31
000320A4
FFFF7E3F
FFF071E9
FFF37C0D
000172B6
FFF9B0AF
FFF1B695
FFFF7F38
000594A5
FFFB93A2
FFFFC58B
FFF92CA4
FFF9D93F
000CDADA
0017C2FC
000B087E
00093C65
00046EFF
000C9722
0003DC93
00021982
FFF14925
FFF6E00E
FFEEA3D7
000FE9F4
000540D5
00016475
FFF91CA4
FFF6F277
000266B7
FFF53288
FFFAB691
FFF3439B
FFFF9661
00020154
FFF66148
FFFBF7F7
000B34AD
FFFF1F77
00034C12
0008DAC5
FFF73FE1
FFF63C61
0010296C
00061CB9
0000E838
0003DD1E
FFF98000
FFF753DC
FFF7994E
FFF93DFB
FFF70CCD
00085A86
000433BF
00018ECA
FFF2CFF9
00049E95
0001807D
FFEFA830
FFF47FD8
000159D8
FFF9D42A
FFF8934D
000717BE
000B5972
000E02A0
FFF53A96
FFFABA6A
FFF202FB
FFFC9BBF
001204E7
FFFEBD1B
FFFCABEC
FFFAF8D7
FFE7BF8B
FFF3A30D
FFE6FC02
FFE8F00D
00107DC3
FFFFF660
001052CE
FFFEDD4A
FFF62740
FFF9469B
FFFC2395
FFF8B991
001401A6
00089AFF
FFFC2DC5
0007568D
000A1EA0
FFFF4B54
0008D7D7
FFFD6F82
FFF4A9FD
FFFD5E6E
0006FB72
FFFEA030
0000E954
000B0412
00043C0F
FFFDBF79
FFEDA524
00043984
FFF4030A
0004251F
FFE825CF
FFFC28D4
0001A1E4
0003335C
000A755A
0003B7E9
0008E77E
000C5A37
000FE4B0
FFEE9211
FFEDD24F
FFFA8B77
FFFEFA8C
FFF3F1C8
00036BE2
FFF7835B
0006CF58
FFF32F07
FFFC709F
000A39F5
00078FB3
FFF6F552
0007F146
00039918
FFFF479D
FFF31B37
FFF961D3
001020E3
0008CB5B
FFEF70EB
00068F4C
0001F79E
FFF4601E
00023A60
FFFCE1C3
0009C7D2
00072C5B
FFF8EBB5
00099FF4
FFF986B2
0000FED8
00075A82
FFF6E8D0
FFF8C472
000AB320
FFFB106C
FFFD247D
000B9240
0003DCBD
0009D39C
0007FD9A
000A8903
0006DC71
000B1FFE
FFFA066F
00032084
FFFE719D
0002B6C6
00035C8F
FFF8F7FF
FFFC6C36
FFF4A9F2
FFFD7FC4
FFF8CD34
FFFF50B2
FFFF7815
000313A8
0001B2E5
FFF59FA4
FFFC03D7
FFF74CAF
FFF4A7A0
000540BD
FFFA164E
FFFFA4FB
00041068
0001869E
FFF5E893
00074F19
FFF9D5C4
FFFA6440
0001B1C5
FFF8536F
FFFBB1A0
FFFE511B
FFF921C7
000458F2
0004571C
FFFCD091
FFF9EA48
FFFD028F
0006A61D
000353FB
0001FA41
FFFA0101
00060D31
000A4C79
00018C87
FFFEBA5F
FFFD2D42
FFFF8295
00003B51
00023B49
FFFF10C6
FFF2D11C
FFFB8B02
FFFE871E
0000C377
FFFAC2E2
FFFF5E0A
FFFE6842
000526F3
FFF841AF
FFFFE16D
00058939
0001A6B9
FFFA7628
00010D81
0001EC7B
00052842
FFF92079
0008CCA5
00052F59
FFFB89BB
00069C13
FFF65B64
00002F80
0004B748
FFF90BBA
00015324
FFF9E0BA
FFFDFBC1
0002B59B
FFF8A835
00052EF5
FFFC1FA1
000413D0
0003A6D9
FFF7DE16
FFFE108A
0005C1C3
0002A3DE
0001D2A5
000CB2C0
FFFB59D1
FFF9F85E
FFFAC7AA
00018D3F
00077DA8
FFF90FC4
FFF8C841
00016C22
FFF8B374
FFF97E6B
FFFD349E
000339AA
FFFF676E
FFF9160F
FFFAF7F3
FFFF9DF3
FFFA974E
FFF8485F
00034EBD
FFF90F37
FFFBCE18
FFF5643F
FFFE4AEC
00037F90
FFFA1A1B
0004F239
FFF84777
FFF61837
FFF5A7F3
FFFB7E1A
FFFBFD66
00010793
000C28EE
000486B3
FFFB637D
000597D1
FFFDEBF0
FFFF38EE
00076815
FFFC174F
FFFF6F5E
000583E6
FFFA6B01
0005499A
FFF7D073
FFFFBB96
00016C91
FFFB34DF
00099BFA
00034826
FFFD1CCE
FFFF7867
0002E7C1
00018B72
FFFBA9FC
FFFF3190
000802B3
0007956C
FFFB3988
FFFC4D03
FFF97D8E
0004B4EC
FFF7DD02
FFFB4B85
FFFE58E5
00034C62
FFF29A85
FFF9C1DD
FFFBA1B0
FFFC893C
FFF65978
00014B04
FFFB06EF
0005A7DF
0004B476
00064AE5
0004051F
000C7270
FFFA7A0C
0005BB27
0000A836
FFFE81DF
00099966
FFFABD00
0005DBF4
00011222
00038AC1
FFFE7F4B
FFFB3656
FFFAC3A3
0003E473
0004E2F9
FFF81CD6
FFFD9F2F
FFFAAC22
000496AF
00034F79
FFFF2A2C
0006998F
FFFC32EE
000371A1
FFFCCAD8
0001CA9B
FFFA71AF
FFFD5C68
FFF3E0A2
FFF52496
FFF8123A
FFF8FF6E
00040F66
00012F25
FFFB005F
00015016
FFFF9A85
FFF7C077
FFF9B818
00044F18
FFFC182B
FFFEDAC5
FFFD6BE0
00032B20
FFFD6198
000953ED
00081A8B
00022B08
0005723B
00021E2A
00026A97
00043960
FFFF6975
0003D31B
00004491
00076804
00076D84
FFFE1293
00078B73
00040828
0000B409
FFFD270C
00002BD3
FFF9840C
FFF48221
00011958
FFF6FED2
0002E34D
FFFCC6B9
FFF5D136
FFF8432A
FFF66B50
FFF6FD6C
FFF872FA
00093402
0003AA07
FFFD1926
00049116
00023A47
0000AC51
FFFCD219
FFFFB0C3
0002BAB4
00034A16
FFF51E55
0002B278
FFF63B28
00037791
FFFA01DC
FFFF8ED7
FFFC7E26
00069FD7
00007C63
0004E353
00012621
FFFFB45C
FFFEA148
00072144
FFFB32E8
00031B7F
FFFFE06E
00001053
FFFC553F
FFFFC9F0
FFFBFF1E
FFFCFAD4
FFF68404
FFF7BDEA
FFF5D8DB
00036E60
FFF4419F
FFF32503
FFF6C637
FFFAC3A3
FFF7E986
FFF699A3
FFFA24F5
000315EF
FFFFE80D
000112E7
0004E9A8
FFFAB83A
0001C271
FFFA3CA3
00051A68
FFFE247B
00043385
FFF9F0AA
0007A0BA
FFF82364
FFF7E028
0008F42F
FFFC25CF
0007E32D
FFFDA3A9
0000A1A8
FFFFBF65
FFFFB646
0005C8B6
000089E0
0001D12E
FFFF3AC6
00006322
0002BEA7
FFFD3AD1
000CC614
FFF5EAA7
000AFFB4
0003E1D4
FFF6AF88
0007A88E
FFFD8FA1
000401BC
FFF80CA6
FFF9620B
00000A45
FFFD1ED0
FFFCCB7D
FFFBB61A
FFF7E48E
FFFA1CE5
00062FE4
FFF9C460
0004C3F4
FFF9FA1B
000502AA
FFFFCF6C
FFF9678C
FFFE05DD
00055F14
000082CB
000157AF
000113BC
0003F7C4
FFF87377
0002DA62
FFFA6E21
FFFD3266
00033E9C
0002DE18
FFF95A76
00015847
0005B068
FFF7C6AF
FFFF45DB
FFFEB815
00042742
FFFEB9C8
FFFAD659
FFFB8262
FFFEC8FC
FFFC1664
FFF7D5AE
00073DC8
FFFDAA76
FFFB33D7
FFFB5E35
FFFD2891
000363E2
00058D10
00035F39
FFFB6F0C
FFF68B60
00032A11
0004A8FB
0003093E
00022733
FFF5FD76
FFFA1070
0003C247
00025571
FFF69D8E
000112B4
FFFFE190
FFF5B054
000120FC
000B6B13
000BDC51
0004F919
FFFE0A90
00045B30
00058EFE
FFF9D9EE
00011F3F
00088A8B
FFFDA29C
FFFAD76A
00020DCD
FFF803EA
0000B49E
FFFA4B9F
FFF6A49B
FFFCA5EC
00031C71
FFF50B97
000BFDFE
0006D2B3
00001F02
0007F374
FFF573CE
FFFC9591
FFF92CDC
FFFAC0E5
00022E09
FFF864D1
FFF994A2
0005B6FC
0001790D
FFFDF106
FFFB0CAD
00044A53
FFFE82C2
FFFD6908
0000E6B9
0002FEE8
FFFCD781
00059851
0003BCB8
00019B91
0005AB07
00012FE9
0005396B
000965DB
FFFC7487
0004FE2D
FFF8CC9B
0005A9DA
00022008
00047A6A
00049644
FFFC6A4F
FFFF3B23
000551B5
FFFE4513
FFFD1F4D
FFFBCCA6
FFFA1CD3
0004C260
FFFAC179
0004B46D
FFFE81C3
00012901
FFFA4FA3
00050CE1
000650E9
FFFE1A8F
FFF93DD4
FFFB8052
FFF8338B
FFFF2938
0000FC4F
0001C02C
FFF7DDF2
FFFAC473
FFFBE1AC
FFFE09AD
FFFD2855
FFFBED26
00085F2B
FFFE2712
0000B16A
00039BD9
FFF8B5D7
00070E06
FFF45BE7
FFFFCC75
FFF873AF
0004EDEC
FFF9B77F
FFF4A828
FFFC3F2F
0002E9B7
FFFC4C12
00048C6C
FFF45E49
FFFB521F
000063C6
000575B5
FFFCA67C
FFFBF296
FFFD6E17
FFFDCD66
0002C85B
FFF7EB79
FFF939C4
FFFAF796
0002BDF6
FFFB3B63
FFFDF560
0001FEB3
FFFBC49A
FFFD713F
0003D2BF
0001BC83
FFFE8E4D
000ABB01
000AC194
00036847
FFFCCA43
000CEDF0
000524EA
FFFFF1F7
FFF92116
FFFE16E9
FFF5B160
FFFFF673
000138EC
000229D4
FFFF2DD0
FFF46106
00060467
FFFF369F
FFF948FF
0005488E
FFFC0FDA
FFF9A5DC
0008BA1E
000000AA
0006A969
0001AA15
0002BACD
FFF44E20
FFF8C2DD
000353BC
FFF7339E
FFFE946E
FFF643FA
000272EA
FFF7C4CC
FFFD9904
FFF8EE46
FFFC67B8
FFF6C309
FFFC284C
FFFD68B3
FFFA5C1D
00041697
FFFAD5BA
FFFB8E3A
0003693B
0006241A
FFFD6F20
FFF6C4BE
FFFDC9A5
FFFA8737
FFF9454F
FFF54EF5
FFFCC5A1
FFF92914
00062491
FFF94CB9
0003F172
FFF597AD
00048985
0003FAB4
FFFE5CA5
FFF66481
FFFAFB34
FFF65C93
FFFD7B5F
FFFA8748
FFFCF024
FFF99C0D
0002D7DA
FFF95DA3
FFFF7533
00063B2B
0001452E
FFF85339
FFF8AA1C
00041A11
0001E263
FFFCD8B5
FFFA8822
FFEF4E86
0004C526
00040AA4
FFF02F68
FFFFFFCF
00023E8F
FFFF840B
00008B8B
FFF51E1E
FFF98022
0000F099
FFFEDD07
FFFF9C8E
FFF96FB2
00026970
FFFE411F
FFF71E52
000556DC
0003557D
FFFD3039
00076A05
FFFEFF09
FFF8A76B
FFF2E1BB
FFF42C5C
FFF8B42A
FFF572B4
FFFD379D
000C80F0
0011EDB2
0005EA98
FFF78346
FFFC8C6C
0008D9A3
FFFFE5AB
00025393
FFFD477D
FFF361C1
FFF87A59
00039544
FFF92594
FFFB4F25
000D77D5
0005CF13
00094297
0005D43F
0003DC46
0003FDA7
FFF950DE
0006C9D0
FFFC642B
000BC9CA
00000BCA
00117D43
FFF66BF7
FFFCD555
0006125B
FFF8009F
00037307
FFF917F7
000DEC92
000AB239
FFFDD846
0002FC55
000235B6
FFFCB466
FFF95ADB
000216C2
0006B36C
FFF09C92
0000330B
000211B8
FFFFC97E
FFF9B61F
0009269D
000B6584
00084E13
FFFD0C8C
FFF78619
FFF43987
FFFB050E
FFF57B53
0002C331
FFFF00A4
FFF7FFCC
FFF84A6A
001682DB
0007CDBD
FFF971F1
000FF1F8
0006792C
FFF4588B
FFF697B3
FFFB8EAB
0000912C
000797CC
FFFF67F9
FFFE0B06
FFF763A5
FFFB92B6
FFF622E2
000657F9
FFF76CE1
FFFE64CC
FFFDA2AD
000539B0
000AB0E3
FFFF0FB3
FFFC8DBD
FFEC9477
0000A61B
FFFC520D
FFF2B815
0008FD55
FFF6F75F
FFFCF577
FFFD05A9
FFF61691
0001260F
000346B2
0003A402
000A592F
FFF4C706
00074B86
FFF79A9A
0003CB41
FFF830F6
00036096
00075D4B
00077520
000C3915
000957DD
000293AE
FFF8C264
FFF5A2FA
00031239
FFFD99E2
FFF751A8
000538F0
FFFC1721
FFF30285
00080EC5
000C3BBC
FFFE108D
FFF5A230
FFF9B32C
00103BA5
FFF5BE9F
0003615A
FFFC9D85
FFF4C1D0
FFF80764
FFFE27E9
0008CA00
0000AE70
000B966E
FFF7C087
00097405
000ACB58
00069729
FFF7038D
FFFB3F48
000CABEB
001299A9
00012101
FFFC42B5
FFED13A9
000C9921
0006F3D0
000135D9
000064EF
FFF76A05
000DD5B0
FFFE920E
FFFF3026
0004523E
0003FBC1
000A2F5E
FFFCBB0F
00007F69
FFF8C9A2
FFF62743
000A9928
00092591
FFFEC792
FFF5ABAA
FFFB2C3C
FFF606AD
FFFBBE91
FFF9780A
00001DD7
FFF696F2
000E1997
0007D4FC
000A0A41
000C8588
FFFD3DEC
FFFACA79
00027A26
FFF48D48
FFF2CD71
FFFFD29F
FFFC25C7
FFFD2677
FFF8CB21
00074BE8
FFF7ACED
0007BA87
00047CBC
000C9D3B
00072238
FFFD9DF3
000282F8
000559ED
FFF0DCAA
FFFB2DF1
FFF3BCED
FFF9DF7E
FFF6FC89
FFF9B2AC
FFFCBD43
FFFB2EA4
00023E1F
00089123
FFF93E49
000F897E
0009D450
FFFF3211
FFF8C843
000593DF
FFFC6AA1
FFFD3368
00070D26
FFFC7965
FFFD765D
000173DD
FFFF18F4
FFF9F98A
000764A9
00027662
FFEAAC7A
FFFC7D3A
FFEAD474
FFF42E48
FFEE1094
FFFD19E3
FFFBB4FC
0009C7A8
FFF8C462
000972FC
FFFF3C46
FFFF5F5D
00110A7D
FFF4DC02
000AC997
FFFA56AC
FFEF4A2B
000B2D68
0001C3BF
FFFFF137
FFF93274
000802FB
0014173F
FFF0060D
0002521E
FFF93864
FFF7D288
FFF98DC9
000A22E1
000187CD
FFFB5093
FFF6A9B5
000367F2
0003C350
00021DBB
FFF202C8
00033804
0007A3F3
FFF2AB29
FFF3604D
FFFD36A0
000BFE3C
FFFFAD1A
FFF0955C
000C18F1
FFFA01FB
FFFD855F
000AB35E
0001F3C5
000C3DDD
FFF0352C
00067BD1
FFFFEFAA
000344BE
FFFBB11B
FFFC2322
FFFD97CC
0001498C
00063302
FFFD8F12
000BC6EF
0009DB88
0004D132
00076E96
0006C39E
FFF63C34
FFFF78F3
FFFF4225
FFF3C6EE
FFF972E9
FFFC97E1
0003EDDD
FFFDA817
00012B20
00045030
0002437C
00028246
FFFCCF0B
FFF970D9
FFE74340
FFFC4D43
000A3811
000B81E6
000A2EEB
FFFE2D16
0000A733
FFFE5118
000A6DEC
0002E75F
0008D97B
FFF89D18
00055566
FFFB5E7D
FFFF461B
000476E0
FFF201EC
FFFD2116
0004F59B
FFF8D7A4
FFF661DC
FFFF4D85
FFF7F649
FFF5C67A
0004F30C
FFFD5CC9
000A6398
0008747F
FFF4C7E8
0007A5FC
FFFE9ADF
000AE99C
FFFB0F8F
FFFD617C
000DE508
000799EF
00071F86
FFF7F079
FFFE7A1A
0000593A
000A5C90
0000E987
000236D2
FFFA3073
FFFA1952
000F6C04
00078D9F
000793ED
FFFBEBB0
0005555F
FFF149FB
000E82E9
00051489
FFFD3058
000C8632
FFF78CEC
000724E5
FFFA008B
0002CF72
00066276
FFF70485
0003B751
00133841
FFF41E07
FFF8CE3F
0003E16A
0002A8ED
000F9003
FFF41BC0
FFF66C05
0004D26C
FFF03020
FFFE215F
FFF839A9
00087BB7
FFED6AEE
000983D4
00050F61
0003D3BE
FFFBC260
FFFAAB0A
FFFB4C30
FFF88B41
0003DEBF
FFF04582
0003700C
FFF62020
00002A72
00014FB8
0009A2AC
00051C8B
000F8CB6
FFFD1DFB
00051AF0
0003842A
000D1B58
0005648E
0008F139
0000DBE1
000501BB
0000641E
00100C93
00115E84
FFFC0E09
FFF29876
FFF124A5
FFF7682D
FFFAA335
000BD8C4
FFF545DA
00010E21
000C8DC7
0009557A
0000A61C
00039F75
000D8009
FFFA342E
00015885
0002494A
0001B231
FFF36A51
00017916
0001F221
0003034D
FFFA43D1
FFF60C2A
00060B83
FFF6CA4F
00090026
00066F8E
FFFFC838
FFFB99A6
FFEE8C2C
FFFE4DAD
0006661B
FFFA6D4E
0009D344
000171AF
FFEEBB66
FFFB4D3C
FFFAAC90
FFEF5FF4
000718CD
FFFAC571
0012C9C9
FFFC95FC
0009F823
FFFA0CFE
FFFBF62A
FFF9690C
FFF593A6
FFFE4939
0001290F
000556E1
FFF8F034
FFF98367
0006813A
FFEFC211
FFF8F333
00010758
FFF3D175
FFFAB814
FFF55843
FFFE7040
00057153
000CE38D
000A0164
FFFB2C58
FFF2906C
FFF7A263
00039F4D
FFFA5542
FFF9B38D
000623BF
000200E8
FFFDE6EA
00013F4A
000DBF30
FFF14562
FFFA710A
0009C67A
FFFCD0D8
FFEBB8B5
FFF14A75
FFF916FC
FFF05A97
FFF937A6
FFEC26CB
FFEC8EF9
FFF6D971
FFF218C5
0001EB75
0000BA60
00006C0C
FFFF5629
00029177
0000A8CB
000C529E
FFFBF7D8
000D8FB3
FFF33E74
00009E9B
0001CB1C
FFF6902E
0011F589
FFF8CDB9
000C3C14
FFF5AD14
0009023E
FFFCE18C
00033870
001034AC
FFFD9C1D
0009BC9E
00046DA0
0006CFA1
00008C80
FFF77ECF
FFF30C93
0001CDEB
FFF33646
000653E7
000AC436
FFFC4AB4
FFFCFE5B
FFFF6CC8
FFF6324C
FFFD21D8
000B4E42
000205CD
FFFEEFBC
FFED8660
FFFF4FD3
0000A7FA
FFFFB0D9
00044EAB
FFF557E9
FFFB5D20
FFFFF59B
FFF5DD61
00058DA8
0008D5D8
0006DD6F
00150E84
00021471
FFFA6C2F
000EAAA6
FFF9EFEF
FFFFBFDD
FFF879F1
FFF52C59
FFFC0179
00083EB9
FFFA8352
0000224B
0006DC4B
0001FA85
FFF5663B
0006A3E9
FFF5BC74
000D7166
FFF54E94
FFFC7EE6
00076855
0008EF25
FFF6EAFF
0006F0F8
FFF850D7
0002F24E
000F3DE7
FFF97F85
FFFC18E2
0006BA5B
00007970
FFFC986B
0004FDF0
FFFF4137
FFFCDFBF
00044E1A
000EA75F
FFF11B5A
FFFBB380
0010E3DB
FFF84850
FFFB0B1B
FFFB3F95
00022358
FFF24C46
FFF14169
FFF6BC5C
000093A2
00092A18
FFF3D97C
00117F46
FFF75358
0004E9E8
FFFFE0CF
0005B415
00027209
FFEE4CFE
0009DF50
FFF1D5CB
00029060
00008D3D
00071293
FFF5A133
000FD2A5
FFF6C5F0
FFF52158
001201C1
0001978C
0004143B
000A3B64
0001E397
000318A2
000899C1
00045958
FFF4C8DD
000C5F02
FFEF8874
FFF88113
00024E13
00056B1D
0001E91F
FFF888F8
000A0759
FFF9D8FB
FFE8A34E
000EFC43
FFF47191
0008DE58
FFFCC15E
FFFC45E3
FFF377D0
FFF5317E
FFFBC33A
FFEF7A64
FFFB41BA
FFFE211C
00117A6D
FFF6E1EC
000A7BEF
0007F998
0012F25D
000F9AD5
FFFEC7CC
FFF626EF
FFFA035D
FFFF4A2B
FFF50F1A
FFFCFA5A
000A4471
FFFB9A46
FFFB2208
0007C58F
000F0CEA
000BFCF6
0001DD08
FFF68B7A
FFF42284
000C0F74
FFF64850
FFEE7D81
001F04C0
FFF366A6
0004D2CA
0010875B
FFF6E0E3
0004FE6A
000B305F
FFF7660C
0006F3BC
00051DA5
FFFF2B01
FFF17EAE
000D69F2
0004BE55
00000F81
00086205
000902FC
FFF602F5
FFFC93FA
FFFC6602
FFFF419F
FFFDE41D
FFFDEAC7
FFFE9DF4
FFFD2960
FFFDB8C7
00076DAF
00077601
FFF7C2A8
00047956
FFFF88F7
000023A6
FFF9986C
0006B690
FFFCC422
FFFD1CE8
0003FDE0
00050937
FFF384FE
00022A3B
FFF67243
FFF1F81C
000071A6
FFF91DFA
0009F40B
FFEBBB4A
FFFB8BCB
0001577B
FFEC8298
FFFBFD95
FFFFCC3C
00056135
FFF795A8
FFF3CC45
FFF6E94A
FFFB02BE
FFF7AFFD
000C45FE
FFFD5114
0009C6C0
FFF51BE8
FFFC6AD8
FFF5A0EA
FFEDC50A
00126574
000364CA
0000F6B2
FFFA43D0
FFFE509B
000EACBA
000E36ED
FFFCC41F
FFF3ECB3
FFEEFFCE
FFFF9127
000890D9
0009105B
00091104
00098758
FFEFEC33
FFF65916
00060D9C
FFFB4D3A
000616E2
000D8CFB
FFF94186
00045342
0007F824
0006A465
00090E8E
000C51B2
FFF5A626
0009CFCA
FFF5C511
000AB2DA
FFFD0F96
0006FCD6
00043F9D
FFFF7200
0002CC49
FFF6A3CB
FFFA3FED
FFF73AAE
000B3294
FFF4FE68
FFF2150F
0012042B
000E24AF
FFEB4C05
FFFF208E
001051D9
000F8490
0002FA3F
000DCC36
0007F7A1
FFF55E21
001117C8
000A9172
FFFD3E8A
0002A130
FFFBD42F
FFF9F5B1
000EA3D3
FFF092E0
00096091
FFFB4CF2
FFFA1418
FFF21DBC
FFFFAC44
000E31B6
FFF82B3B
FFF96AD0
0014945D
00064E06
000A8F4F
00036BF6
FFEF6D2E
000C563B
00110800
FFFEC793
00079DFD
FFF9E2CD
FFFECD56
FFFC1A05
0001F32B
000B0B8D
0005CF56
00093B7A
FFF97399
00065820
0023B6C9
000AC089
FFF55F28
FFF5170D
0004E4D1
FFF9B337
0017360A
FFF8E304
000CE5CB
0007DA1F
000768AE
FFFE9E4C
00035644
0005A2EE
000A87CD
000D519A
FFF3E609
0009E15D
000BFECD
FFFF4D7E
FFF73735
0014F847
FFFF0EFC
00119A16
00144291
FFF6FE68
FFF5D293
0008C9FC
FFF81470
FFFE714E
0004EE02
00120AF5
00101EE6
FFF75DD9
00004FBB
FFFA285E
00024775
00070BB7
FFF9F7E7
000236DE
FFFF05BD
000A0F2A
FFFD722F
FFF53EB3
0006AF33
000139F6
FFF50C01
FFF41BBA
FFF6B67B
00054841
00085444
FFFC9346
000BDF98
FFF90414
00101D45
FFF75932
0018F10C
00009F45
FFEF52E9
FFFC09E7
000CF83A
0008B12C
FFF81228
00051571
FFED0853
00028B6B
000EADFB
FFF0538C
0002BAD6
FFF4998B
00055703
0007A2D2
0003F1FE
FFF3CBFC
FFF326E9
FFFCB25B
000C0E0B
FFF775B1
00043EA4
0008ABD0
0000A8B7
0003C40C
000D0494
00067B28
000F01F6
0003AD57
00025079
FFF6F804
000C8B97
FFFA2F87
FFFED1CE
0000964E
00056343
FFEDF132
FFF87E36
0003D696
000E66AA
00015A55
FFFFD4BD
FFF1C005
FFF12D05
FFFFAC4A
0000D763
FFFE07F0
FFF97D0F
0004A740
FFFE2251
FFEF54DD
FFF564A5
FFEE054A
FFF91618
FFFA5B9B
00083307
00012C05
000EC6E9
00037648
FFF73B59
FFF99F0E
000412D6
0004A19E
0002498E
FFF19A1A
000EECB3
000F7933
000BE803
FFFB8A2E
00160D36
FFFB4920
FFFAEB04
FFE567C9
FFF61255
00089E0A
0008E0C1
000021A8
0005DD08
FFEFA91C
00069252
00019831
000BE811
000987F9
FFFF76B4
000BB088
0009F324
FFF1F7A2
00043A79
FFF31FBD
FFF8B0D0
0017D588
FFFCBBAE
0005D51B
0008932E
0007AF22
FFEC610C
FFF19300
FFF93F9C
00003638
0001CF82
00003975
FFF1C19D
00028288
000D257A
000785E3
0003F399
0002F6E9
FFF6C19B
0002CC6C
FFFA35C2
00054955
FFFE54CB
00016DDA
FFFDFAB6
FFF5CBF8
FFF8F5EB
00071C5B
FFFFAA4B
FFFF0A56
FFF44903
FFF2662B
0005C139
FFFC5A77
0004FD5C
FFEF65CD
00063240
FFF7BE8F
00016677
FFF64012
000451BB
0007D646
0005869D
FFF38769
FFF0CA81
FFFAB60E
000A36BB
000935E7
FFF74C18
0006CD91
FFFBB40B
00083AEA
000B06CE
0010F7E9
FFFDAFAE
FFF6DFD7
FFE091CB
00120A38
00075F1E
FFF3B612
FFF11A88
FFF7AA89
FFFBA5CB
00060B67
0022A826
000A3C00
FFFB052B
FFFFE124
FFFCCFE5
00020DCF
00078177
FFFFA065
FFF9D527
0003362E
FFF88244
0002B0AE
00056B72
FFEF743B
FFF26F09
FFF083FF
FFF4C6CC
000C5A92
FFFA8707
FFFF6678
FFF83B80
0016FF43
00008210
0000C507
0007DEA1
FFEE7D6E
FFFEF9C0
FFFFFE82
0007FFF8
0003D153
000A112C
FFF789F1
000EF845
0004D618
FFFB4881
FFFBC242
FFF666B8
FFF5D001
000AACE1
00061DEB
000563F6
000EB93B
FFFA9932
FFF0992F
FFF47BAF
FFF5ED99
FFEE8BD6
FFEE2403
00098002
FFFCC6C2
00053EB1
001AD3DF
FFF915D7
FFF0F695
FFE047C1
FFF56837
FFF58ACE
000033FC
FFF83C73
000B468B
0005CB2A
FFFC39CF
FFF22794
FFEBAA12
FFFEDCEB
0008BAA9
FFFCCAA1
FFFC5645
00022031
FFF94548
FFF33D5A
FFFB4DC4
FFF2DB4F
FFF42D65
0001826B
FFFC4D9D
FFFF9FE0
00018764
FFFB2C19
FFF1801A
FFFFA25E
FFF57DB6
000F64BF
0009AE68
FFF433AE
FFFD67DE
0008992D
FFFBF64B
000899FF
FFFA69AC
00088F91
FFECC945
0007A8C6
FFFCBB93
00080B2B
0008ED65
FFF8720B
0001C318
0013707C
00038EC3
000A4BF2
FFF7C73F
00000026
00001D5B
FFF1FFC6
0009C48A
FFF1E2B2
000A05D4
000575C4
000F690C
FFF7DC9D
00078F64
0004B437
FFFB596F
0008213C
00057DB6
000865A7
0008CE3E
FFFE786F
FFF80A3C
FFFFAD11
FFFB582C
FFF8BB85
FFFD9F3E
FFFBA1C9
FFFF1CB7
FFFE2D5E
FFFE4ACE
FFFD505C
FFFCBD7E
FFFE451D
FFF97BAF
FFFE7EC6
FFFC0065
0002FDB1
FFF72E45
0005E7B1
000203F9
FFFFEEA1
0002FC8B
FFFE9B12
FFF8B566
FFF8A9B0
FFFA5337
FFFCC23C
00067C61
000025E9
FFF5FD22
FFFF15FB
FFFAF1F3
FFFEE740
FFFCFF50
FFFEB239
FFF3020B
FFFFAF17
00052ED6
FFF73306
0004D2FB
FFFFE78C
FFFB0527
FFFE890F
00091971
FFFD9A96
FFFFE643
00007172
FFFD39C6
000258FF
FFFF1E0A
FFFBD57D
00006845
FFF8D368
FFF3F957
FFF800CF
FFFE82C3
FFFF9B52
FFFC0A60
FFF5FF40
FFF31618
FFFE38D3
FFF9BE2B
FFFEB73B
FFFAB40C
0007039B
FFFAA1FC
00004E06
00007BFB
0005BA74
FFFE6709
FFFBFB3D
FFFCF45B
000313F2
0005102B
FFF98BBF
000721EB
FFFCB610
00062676
0000D45B
000283CC
FFFBCCC6
000680E3
FFFF31ED
FFF8C916
FFF44543
FFFC35FA
FFFAE5B4
FFF8A5A0
0001AB7F
FFF3EBFE
FFFD43FC
FFFD4182
FFFD899D
FFFCBB37
FFFE1ACF
FFF6A37C
FFFD1FF1
0004DA2B
FFFA82B8
FFFF35B5
FFFCD1FB
FFF87B9E
FFFB3605
FFFFEB69
FFF65C35
0008F9A9
00027737
FFFC8FDF
00050644
00068D40
FFFEF9CF
FFFCA10B
00031834
00058D1C
FFF9ABF7
FFFCD984
00039004
0001AB60
FFFFA912
FFFB7D41
FFF87E34
0004D149
00032BDB
00070194
FFF95431
0000DAFE
FFF22D39
FFFA5E78
0003E865
FFFFF254
00003A8F
00003051
FFFB34E8
000A6635
00044CEA
0005536C
FFFC77F6
FFFD5912
0000FC5C
FFF88DF4
FFF93B54
FFF8D40C
FFFBB44A
00092828
FFFBBB8F
FFFE2DF5
0007620F
000230F0
FFFCBCAF
0000E4C0
FFFDEABA
FFFB13F3
FFF97787
00055A15
000555A8
000609A3
00094C20
FFFA9870
00066E2B
0006F8BC
00050B50
00094734
00013717
000A68BE
FFFDEA53
FFFB7615
000034F0
FFFE5A06
FFF83917
00003528
000532D1
FFFADB3C
000575CB
0002C116
FFFDDD5F
0002731E
FFF8BCE8
0001728D
FFFA357F
00021279
FFFC60F0
0000A8EB
FFFBF30C
FFF414F8
FFF82E59
FFFA74A1
00043748
FFFF33B6
FFFFBB44
FFFE60D5
FFFC5BE2
00034768
00074D27
0003FC65
FFFE694A
FFFE221E
FFFFFF1F
000000D5
FFFA5718
0009F4BC
000DF96E
00038E56
000108A6
000B9F1F
00097EFC
FFFDBC38
00088FDD
0007608C
FFF8FDCE
00004E27
FFF95934
FFFBF889
FFFA4DF9
FFF726B2
0002260E
FFFAC98F
00009499
FFF7D680
000088B5
00012A0C
FFF7EB1F
FFFC4394
00000DE1
FFF5AC92
FFF7792F
FFFA1956
FFF52F39
FFFE4E2B
FFF4A1DE
FFF630D5
FFFC2B35
0003504F
FFFB67CD
FFF43A1F
FFFD4F1C
FFF567B3
0000FD17
FFF78D98
0001314E
FFFD8BF7
0004EDEB
FFF78DEF
FFF87A25
000665AB
FFFAFD02
00029A2D
0000F622
000B7ED7
FFF8938E
FFFF3D2D
000773F2
FFFA4488
00099AB5
00085E63
FFFFDC65
FFFA328D
FFFD92C6
FFFD6C5B
FFF5574C
FFF9CB75
00054134
0003CE9A
FFF9E8AC
FFFA502D
FFFCEA78
FFF89DDA
FFFC8B3C
FFF9980D
FFFBEDA8
FFFB1E2D
FFF90CAB
FFFCD79D
0000F4E8
FFF6E3DC
FFFC8703
000148D2
000487CD
00018248
00019E37
FFF9F393
0004CA19
000B498C
000145FB
FFFF4108
00009E40
FFFECF91
0009924A
0006A796
0006D4EE
0002B6A7
FFFE1B9C
FFFAF6DD
FFFF9C52
FFFF5A06
0005AC1B
00094D6D
0003347B
0001F084
FFFBE4F6
00039404
0008452E
0006828C
000088EB
FFFD5CE5
0001EA10
0008026E
000A9EBB
FFF87B6F
FFF8332C
00015E1D
0002B678
FFFC15B0
FFF6A6B2
FFFB46D0
FFFB3766
0003A429
FFF917BD
0007E4B0
0003BF36
0004A6C0
FFF975EC
0004C3CA
FFFFF5D4
FFFD49D1
FFFAF50E
FFFAD4D8
FFF6A69C
FFF7D758
FFFA65EA
00068D1A
FFFFEEA6
0002F877
FFFE18E3
00038FF9
FFF8F089
FFF5572E
FFFC5AA7
FFFF6108
FFFFF3BC
0004670D
FFFAE8D4
FFFA85B6
FFFE328A
FFFBF798
0003CD23
FFFE9450
0002BD9D
00085FCF
00042D7D
FFFD739C
FFFE1DF5
FFF92812
FFFC14F1
FFFB059F
0002E59B
FFF72E7D
00021627
FFFEA12A
FFF9C221
0008C602
0002911C
00022D19
FFFBD032
0001A401
FFFF64D7
00008D36
FFFA7009
FFFC168F
FFFBBCA4
FFF37801
000280C0
0008479F
00069D8E
000D28B8
0001CA24
00038F93
FFFE36D6
0003F10B
00077F7A
FFF5643D
FFFE9A9F
FFFB5654
FFFBE445
0008FC0F
00007C9D
000392F1
FFFB0079
FFF80BE6
FFFF843F
FFF5E2B7
FFFFFC8C
FFF67CB8
FFFBFFBF
000113EA
00002845
FFF36596
FFFC322E
0004B313
000488EB
FFF95F76
FFFFECBC
0006CF88
0004BF91
00039659
00064412
FFFA791D
00055C4B
00071AD2
FFFECC8E
FFFC564A
FFFCD5C5
FFF7B2E3
FFFEB45B
00050F02
00039BD7
0004D08F
FFFBF894
FFFE2D06
000290BF
0002B6E4
0001904C
00068D6D
0005E135
000670B4
FFFE9B9E
FFFE5414
0007C201
00041696
FFFE32DF
FFFAB194
FFFC3390
0000C2AE
0003F2DE
FFFB4BA6
FFFBBAB0
FFFA5020
FFFC67AB
00055B5A
00096ACD
FFFBE4E4
FFFF8F8B
FFFB8820
0003F3AF
00022448
FFF907AD
FFFB10EF
00002CE4
FFFA16EE
FFFCD6B6
000223B1
FFFC8DEC
00077967
FFF45306
000116C2
FFFFCB4B
000861D8
00056229
0002DDFC
FFF99695
0004F11C
FFF7D4E0
FFFF3D43
FFF947FE
0003FD07
FFFFD90B
00008AD8
FFF843DF
FFF7CED7
FFF804BE
FFFA9C35
FFFB62F4
FFFB9531
0001687B
00072C8F
000A347F
0002F7EB
FFFC92A9
FFFF2960
00036F21
FFF3688B
FFFD7806
00018CA2
FFF7B3E7
FFFCC836
00040B83
FFF8B330
FFF9A729
FFFD2B81
00005AE2
00034C34
FFFE0806
0003478D
FFFCA86E
FFFDF416
00019105
000ACBB1
FFFA5F9C
FFFAA53F
FFF900BF
FFF8E502
FFFD93C8
FFFD3680
FFF8FD42
000075E9
FFFAA3E2
000112CF
00082D7E
FFFCEECC
00007FC7
0006BBD4
00026C8E
FFF891F8
0000F8E1
FFFAA36F
000074CB
00048881
00086156
00051E63
0003E0B9
FFF6B21E
000AA4C1
00116EC3
000732A1
FFFEEA3A
000217AB
00020462
FFFAA7B3
00037CCB
000581C0
FFF9A81B
FFFB71CC
FFFBFDC2
FFFFA5A3
0005BAED
0000C13F
00036170
FFF9BE15
FFFA49B4
FFFA1762
FFFBCB7A
FFFC4E35
FFFE2988
FFFC44DD
000152FE
FFFB339C
FFFAB3FE
FFFF1580
FFFD1404
FFF99363
FFF9BC1D
FFFDD656
FFFAC69A
FFFAF9D2
FFFBC997
0001BC9A
FFFA82C8
0001FD5A
000002EB
FFF6F39B
0003C837
0002EAA1
FFFB41B1
FFFB2286
FFFD49AB
0003BC42
000694D0
FFFF07CE
FFF75146
000591AA
0007EB7B
FFFC253D
000D2E38
FFF71A80
00118124
0001307E
FFF6CD35
0014EB41
0007DAE3
FFF717AB
0011E9CC
FFF2FACA
0002E8D4
FFFC5D1F
FFFED75D
FFFC759F
FFFF3D9C
0006C2A4
FFF911E6
0000CE4C
000BE90A
FFF40537
FFED75F5
FFF3BF0D
0015A453
FFF213A7
000E0FF4
000ED41B
FFEF8335
FFF8E649
FFF32DC0
000073EE
FFFCEA3D
0003B7EF
000AC356
FFFAD94A
FFE5DDE6
00092DE8
FFFCBAD7
000671AD
FFEB0EA9
0008F951
FFEB174B
00127F4C
FFF6C83E
FFFFD133
000001EB
FFEF685B
00051899
FFF51725
0000E727
0012709E
0004F2CE
FFF720F5
0003CAAB
00039EC8
FFF94FEE
00122ADA
FFF7B095
00113C81
FFF6B95A
FFF23A6C
0005BCF9
FFFF6562
0009CCBD
000C5E54
FFE8AEEC
00010724
FFEF339F
00175976
FFFD5B06
FFFB0F89
FFEFBEE7
000DAE67
FFFE195F
0008EF6E
0009E772
FFEB1ECE
000B083E
FFF5F028
FFFEBEC6
00039169
000C4761
0008FC50
FFF42932
0005C4B3
001437DE
FFE40006
000EFE54
001213F6
FFF6FA22
00019CF1
000F492C
001A0975
00004378
FFFD1D8E
0008F3C7
FFF81061
FFFFCB00
0001D06D
000B6CBE
FFFEF852
000BAD8D
FFE99B32
00089760
00064152
FFFF2F10
FFF62C9B
FFE9B76C
FFFACE07
000B0053
0007275B
FFF74CA4
000CE920
FFE6A7FC
000617A8
0007FD56
0018C133
FFF96684
00015F5E
FFF39AE0
FFF41C13
000D98AD
00192BC9
FFFC06FF
0003203E
FFFA3A7A
FFE9BEE2
FFEC5354
000DA2F9
0008AF0A
FFFB4103
000AAE27
FFF0EBB1
FFF5E9BE
000E61D6
00113A2B
000A2723
0000EC7A
00083AB9
FFF65C17
FFFAADF7
0001AEA4
0004A0A8
0005D9A2
FFFC7B93
FFFD3D70
000EC482
FFE37174
FFE9237C
000DC327
0002086A
0006AF0A
0000E93F
000FA28A
0008D5EF
FFF9C8EA
00002829
00047FAC
000BCE6C
00050EAD
000FCE03
00041205
0007A395
FFF5F9C1
FFECC56C
00095541
0003173B
0003EBB2
00002E91
00039145
FFFBA870
FFF72B7F
000443AE
FFF187AF
FFF969A7
000636C6
FFFA3AA5
000F2140
000A5C16
00158E94
00045A4B
FFF7292A
0005A26E
00132134
FFFB564E
FFFDE97B
000EA81D
00029114
FFF44AB8
FFF28C38
FFF95CC8
0017DFB5
FFF97F41
0009AFED
FFF8E4CB
000CEC05
000D55D5
0001F976
0000585F
FFFB185D
FFEF09F2
0006F88B
FFFF7AD7
FFFBDE1A
FFF26E8F
000935B4
FFF92008
00127BE2
0010120E
FFEBE61C
FFF0442B
00095861
0001BAE3
000A3865
FFFF2CAA
00132F1B
FFFC0DBC
00105B5A
0007CA1E
000408B8
FFFAE5E0
00005A03
FFF696E4
000B2887
000093B5
FFFECA3C
FFFAEB56
0002E035
0005849F
FFFEEFBA
FFF47519
000AA9EF
00148442
FFFA6A09
000888BB
000BA1E1
FFF90840
FFEF7E95
00039F09
FFF82E58
FFFC2B07
FFE7FB79
FFF97F55
FFF74D07
000E0977
00170082
FFF87A06
FFEB3AD7
FFE784F9
0011891B
FFF8AE2E
FFEF1CFA
0011E36A
0013BEBE
FFDEB20E
FFEE7526
000FE019
000CB042
FFF9CF4B
FFFB0B90
000D3297
0003C65C
FFFCB7F1
FFF1C4D7
00129A54
00076487
00055AF7
FFFF8878
FFF1836E
000D720B
0002970B
FFFC87A8
FFE30A1A
FFFB495A
0000E753
FFFD04D3
FFFF041D
0006DA7A
FFFAD92A
FFF08A4B
FFFC716B
FFEAC58F
0001651A
0007DBFF
0014EF26
00053C2E
0008B08B
0013C502
FFEE7210
FFF89CC9
FFFF927B
00103D84
FFFE0A17
FFF9CD16
FFFA0338
FFFE84CC
0014F001
FFFFF004
FFF42D84
FFF96AD3
001975AB
0006488B
FFFBE769
0016C99B
FFFD53B2
00147952
FFFDAAC5
FFF53C75
00078BF8
FFFA1AD4
000A14D7
FFEF3BE6
FFFE74A2
0011C4A8
00006116
0007A0EF
00033912
FFF03831
00094694
000F7A97
000FA991
FFEC6DA8
FFFD007F
000158F3
FFF30320
FFFCBA04
0001D6E6
FFFFF81B
000E0C96
FFF8D535
FFFD2EDF
0008858A
FFEC6D7B
000EF73B
00058530
FFFC1E1C
000028AF
FFFEE584
0004920F
FFFB5698
000492FD
FFF135F3
FFF5F29D
0011E94D
000AF0D0
00039708
000662C1
FFFA9A21
FFF3B61A
FFF7CA0A
FFFB5F4E
FFF7B02F
FFFA428E
FFED6885
FFFA5756
FFF08264
FFFFB8EB
00017C98
FFFF1325
FFFA5FAF
000C0664
FFFBEE0A
00049786
000222B6
FFFEBEC2
00013F68
0000AC88
FFF61D17
FFF52D96
FFF7D5CD
FFEF5289
000445BA
0000B153
FFFE9722
0009B5C9
000D5875
0009D736
FFF91F2A
FFEBB7CD
000E2EA2
FFD7DE01
000AA2D7
000F9407
FFFC34FA
0007F2EC
0001F35C
FFEF0FDD
00018FCC
FFF43BA4
001268FA
FFEF84C2
00011906
001E883F
001B77EB
FFF9C66B
FFF9A2B7
000332A5
FFF844E1
002498F3
FFFE4F6A
FFF77FFA
0002BDE8
00071809
FFEF14D9
0006B0CC
FFF844F9
00073185
0005E51C
FFFCF4D1
FFF82C7A
FFF3AE5B
00066BEB
FFF35D60
000F447A
0006FF52
0001950D
FFEFBCD6
FFFCFB6C
0008C81E
0005CF90
000B5BF4
FFFE027E
FFF4DEE6
000B6A45
FFF545EE
001033E3
FFF29121
0006249D
000109D7
FFF6CD03
FFF5A2DA
0017676A
FFF72A46
000FF97B
FFF70144
0009F4D7
00194265
FFFE43BD
0000EABD
FFFF8CDD
00081F9C
FFFF7A4B
FFFEBC9F
000402D2
0008056F
FFF81F21
0007018C
FFEF04E7
000A923E
FFFC049D
FFFC336F
0006ACFF
001771DB
000A4B65
0008CD34
FFEEED45
000DD23B
FFECF564
FFE8BD41
00171B96
FFFD9BDE
0014B0D1
FFE5D33A
FFF73084
000D0514
000CAB96
FFF3AD70
FFFD0BF2
000421AE
0011CF73
000A9123
FFF8FF65
000D8BF0
FFFFCEB2
FFFF97C8
FFF455DE
000AE190
FFEDA78D
FFE8887C
0015D7B3
0006A2F1
FFFDA615
000DBD02
FFE6DDD9
FFF1CFD2
FFDBCE9C
FFFAAD5D
FFFA1E00
00226FF2
FFFE25F6
0007AA9D
000B6FDB
FFF5809E
FFFDCAAE
000DA96D
00046F74
FFF18EE1
000B4046
FFFE9DF5
FFF3878C
0004E118
00059030
FFEAAB0C
00101CED
00048C19
FFF434AB
000B7FD7
0000B142
FFF19AFA
000CCEA3
0005F1FF
FFF0D2B2
0009957E
0009B4DC
000CDED8
FFF65744
000D4BB1
FFFB57B1
00031BBF
FFFA5FB9
000AC57B
000DB892
0002E90D
FFFF2285
FFCC3E9A
00173573
FFFC3675
FFF5DCA3
000CF989
00049B0C
0002B501
FFF79CD6
0002B6A2
000521AC
FFF5D789
FFFEB1B5
0007393F
0008A4A4
FFF2E7F6
00127781
FFF6B946
00082C12
FFF33C2F
FFF98582
FFF99964
FFF0F2C7
0002F09B
00052E01
0009F83A
FFEC18E0
FFFDE762
000F3E23
00099C48
00042F9F
FFEEFF75
00086CEF
000BC164
000813FC
0003200D
00092E49
FFF2C253
FFF29C73
FFF02E9D
000E8C74
FFFE9A19
00040924
0009F506
0006E0F9
00086714
FFF1C654
FFFC8207
FFF532CD
FFF78821
FFF6F545
00043C7A
00099F37
FFFE378F
00006FF2
000617E9
FFF896A1
FFF7834C
00003D0A
00034471
FFF7DC31
00082DF8
000A4014
FFF6A49A
FFFFB18E
00029E64
000248F0
000BB5C4
FFF64F7B
0008F3F7
000DFD41
000585DF
0008B4DA
FFFE16C9
000389EC
00090F7A
FFFDD5BF
000A0524
FFFA39D0
0002F3D4
FFFB83C6
FFF03727
FFF2F2F0
00047318
FFFF1F01
FFFC4A5F
00029F5C
0009DCBD
000C8D1B
0005F0C1
0013A3FB
FFEAACBA
000B471E
000107A2
FFFFAF48
FFF56367
FFFCF2DA
000EFA7F
0001799D
00108516
0011C4A4
FFF5126C
0002A753
00067157
FFF0746D
FFF5F570
FFFEB95B
00089A04
0000526C
FFFBCF18
FFFCE94C
FFF742B9
0002E2D3
FFFC179A
00034FC1
0005234B
00092B8E
FFF6281E
FFFBCA6E
000A28D9
FFFFE310
FFFAAB32
0000008E
FFF88568
FFF71480
FFF9EE48
FFF84547
000E0C78
00046197
FFFBABF4
FFF55D76
000AEFC2
FFFE7975
FFF03056
FFEC7364
FFFC13BD
FFFD000D
0003AFE5
FFE84C8E
FFF1DC12
00049C03
000046AF
FFF8482C
FFF44015
000979D7
FFFBE911
000BDF80
FFFF5188
0007D529
FFFE1432
000E7D8A
0010DC72
000AD0C1
0009A1DE
000B699B
FFFC2C4C
0005B5EC
FFF72FE3
0000AEE7
FFF30A93
FFF4DEFD
0008680E
FFFF6198
00021F51
00003D50
FFFE01AF
000E714C
FFFDEE12
00018DD2
FFFF05D2
0004CAF3
0005DCC1
FFF162DD
FFF56321
FFF49A3C
FFFCC31E
FFEB96D9
FFFB40C2
FFFBD419
FFFC8483
0003D25A
000E9DDA
000AF5CB
FFEBCED9
FFF6E6B0
000886AB
000C775E
FFFC30DA
000F21DF
00060080
00169A22
00102F8B
0004DDFD
00127FB4
000F8574
00003F41
FFFB1198
0008709A
FFF93553
FFF8B482
00046ED9
000DAF0F
000876C8
FFF786D0
00050F06
00059EE9
FFFCC5A1
FFF83D4E
00073B82
000212DF
FFF98D3A
00081AFB
0007369C
FFFDF5A9
000384CA
0005E903
FFEFE783
0007951E
0003984B
00034A4F
00011910
0005D199
FFF5FEA1
FFF6F5F4
FFFC3181
FFEF7F46
00004378
00036541
FFFBB9E8
0005A87B
FFF9C4CF
0008EEBC
FFF6D2BE
00081596
FFFABF9B
0010B983
FFFEB7AB
FFFE7092
FFF94D96
000C82AB
FFFCB3BF
000788D1
FFF3E80D
00079354
00045E31
FFFD4886
FFFA6AEA
000124FD
FFFFEDF3
FFFED39F
000BA8DB
0001F656
00064B0E
0003B7C3
0006256A
FFFAAF66
FFFE94B1
FFFBE9AF
FFF608B2
00087FD7
0003D26D
0001CBB9
00003C91
FFFFED28
FFFBA2A5
FFFED348
00034724
FFEEC069
FFFC74E0
0000FF28
FFFA2124
FFFEAE2D
FFFA857D
00092B54
FFFEF308
000853DE
FFFDB45E
0006F69F
FFFA79A6
FFFFDEDD
FFFA81CA
FFFDA572
FFFB5437
FFFE383D
0005EE5B
00033F4E
FFFE782D
FFF71D38
FFF93639
0002F4DA
FFF72A54
FFFBE0FA
000240E7
FFF6B231
0006893F
000473CA
000EB70E
FFFD0B31
FFFED045
FFFED793
00038DEE
0001693E
FFF84FB2
0006DFBC
0005A761
00057CF2
FFEFD722
FFF4DB8D
FFFACF1E
FFEE8CC9
FFF4A40E
FFF3D770
FFF0D77E
FFFDA049
FFF6971E
FFEAD5E0
FFF62555
0002A96F
FFEBBF77
FFFE4152
FFF3179A
FFFC2351
00019142
0000924C
0009F85D
00074431
FFFC13EF
00043D98
FFFF8699
FFF9ECF0
FFFD4315
0001103A
FFF92957
0009A388
FFFCBB74
000D836A
FFF42284
0004CD94
FFFA303D
000B971A
FFF17AE2
FFF5457E
FFF4A52D
FFFD07CB
000482BC
00048D34
FFFB85ED
000AE449
FFFC6407
000763EB
000B0F2E
FFFE1027
000757CE
00054E62
FFEEEFD5
FFFC99C2
000682C7
000C62E8
FFF9EAA6
000B8F74
0011123C
FFF14A89
000C4FAC
000BCB88
FFF9CD4C
0004551C
FFEE1FDF
FFF516A1
FFF4DE54
0008C911
0000EC20
FFF0B15F
00055873
FFFA7657
FFF13ABD
00105242
FFFE34EA
00003B21
FFFDA47A
000F2D2A
FFF6D55B
FFFA5BE8
FFFA3C62
FFFB8D0B
FFEF34AC
0009A761
0006F70A
00065F99
FFF2E86F
0000B07B
00089EDF
FFF2D3B0
FFF3B8CD
FFF5E246
FFFA3FCD
00091680
FFF9C34B
000C54B0
000502ED
FFFA25A3
000B681C
00021F20
FFF45B37
FFF9B189
FFFCDB66
FFF72144
000551A4
0008CD68
FFF97DBE
00006BE9
FFF97671
000970A7
00042772
00065CE2
000BD86C
FFF7432D
00044FBB
FFFF17EE
000F58F2
000B19A9
0002FE51
000A3420
FFEDCA2A
FFF3A11B
FFFA1BE1
FFF89E71
FFEF614E
FFF7A40D
0001C67C
FFF8E7CC
FFE1F3BB
FFF997CB
FFF114D9
FFF9B546
FFFBED4E
0008A092
FFF4CD60
FFF0A0B5
FFF44D05
00129162
000CA6DB
FFFF6427
FFFEE247
000FB502
FFEE272C
FFEEA9C9
FFFB1A54
FFF98716
FFF8FBD2
0007A3CE
000DC406
FFFD72E0
00050B96
FFF37ED1
FFF7907B
FFFE4969
FFFC6DFA
000C0543
00017ED5
FFFD0421
0005124F
000140CC
FFF851CB
FFF99E01
00017C51
FFF1B627
000208B4
00050121
000113E1
FFFCDC4F
FFF21B35
FFEF1C7F
FFF37B5E
0003F595
FFFACF48
000A9F50
000900D7
00088ED9
0007413D
FFFCC259
00017456
0002C722
000303B3
0005A639
FFF8AE95
000A2825
FFFEBB47
FFFC9267
FFF681BB
FFFB61F9
000538A7
00109B21
FFFAE8AC
FFFE8E4F
FFF4D5A7
FFFC2CA0
FFF6418C
FFFA1024
00066CC5
0008BE95
000947D8
FFF0C7B6
FFF90E18
FFF0A790
00122CD1
FFF4EE69
0001FA69
0007880C
FFFCD96E
FFF848E0
000134B0
001C77C0
000603D5
00127630
000156E0
0004E36E
000118F9
00108556
FFF82747
0003D9B0
FFFF44FA
FFFA1929
000829DE
FFF6EF35
0000B196
FFFEC297
00059A74
0004029A
0007F385
00077766
000096FB
000B5F45
000C6A1C
0000707C
FFFE4667
0005E0DA
0001A4A0
FFEC2CD7
0009DF8D
FFFFA243
FFF73F94
FFFAE4A7
FFF77A30
0001FD7B
0000643D
FFF8DA4F
0007D10C
FFFA3701
FFEFDDBB
FFF85ED1
0014E355
FFFDDF34
FFEF9247
000636B8
00107542
00044875
000C8C93
FFF6F8AC
00083655
FFF2FBB1
FFF5E4C8
0005ECCB
000225DF
FFFABB00
00038EBB
FFF594BE
FFF6A905
FFF67EC1
FFFC08C8
00047C0F
00003631
0003CAC7
FFFFF6C4
000042EA
FFED2FAB
FFFAA18E
FFEB77C9
0005AE26
FFFB7431
FFEF5B86
FFF70F73
FFF93238
FFF0CED0
FFF33C64
0007339C
0003359B
FFFE450C
000C93EE
0005D617
FFF929A3
0000D1D1
000AF140
FFF7133E
FFFB82FB
0002576E
FFF248E7
0004B826
000B4DD5
FFF92A77
FFF8CF3D
00080DC6
000AEBD0
000C5D48
0010693F
000808ED
00059F2A
000B43BF
000FE373
000140B1
FFF232A4
000B72D3
FFFBDF2F
0005F932
000A45FF
0008985F
000145BC
000B9D39
FFFA8F93
0001A625
FFFCC99C
0001D458
0009A0E8
FFF6FE20
FFF7FFD7
FFFF1013
0010021D
FFFF8943
0005C9C2
0002C9DC
0006335C
FFF234D4
000B7552
0007AA94
FFF0FDDB
FFF96692
0006F21E
FFFBD30A
000B4C32
FFF4F3E7
000698A5
00102F16
FFF70D93
000417AC
FFFD6E1D
000332D9
0007178E
FFFCB9A4
FFFA8BA4
FFEA9767
FFFB540B
FFFB5751
000AA27C
FFF9BD94
FFF674EE
FFF1FB7C
FFEF6B78
FFF4827D
0007E9A8
000A97CC
FFFC005D
FFF5F7DC
0000794F
000233D0
FFF77E4E
00065DFB
FFF47897
FFFD3E27
00083E30
000F0035
FFDFFF8E
FFFA8293
FFFB4A7F
0000367B
0007C0C1
FFE9E177
FFEEA208
FFF3D700
FFEE2F9C
FFF5F620
FFFC56CE
0002AF35
FFFB16B8
000198FE
FFFBCDF6
0006434E
FFFD7B23
000AF3F2
FFE93A7F
FFF179B7
FFFE54B4
FFF70B9F
FFFA015A
0003C978
FFF1C855
000117CF
000C46A5
FFF14447
FFF6E7EC
00001F1B
00157BCE
00116DC9
00173150
0003D72E
FFF168AB
FFF61FA9
000A920F
FFF6BA72
00075BA5
FFFD91DB
0001191E
0005EF86
001398D4
0000C1A7
FFF8B5E5
FFF812B2
FFF8DD7D
FFF44218
FFFE17E2
0005BDCF
FFF59D94
FFF29FBD
FFEAE9E0
FFEECE45
000A8C06
00027D29
000C5985
FFFD5862
0010BAAE
000652F6
000C6AF4
0009DB74
FFFFD09E
FFEA38CF
FFFC2C7D
FFECAC44
FFFF8145
0000C756
0001D0F0
FFFF6623
0001291C
000752EF
FFF41CB2
FFFAEFA7
FFF2ABED
FFFD22FF
FFF9EBC3
000688E3
0004F3DC
0015B9E0
FFFCEE0E
FFF9FE76
0005948E
00039674
0008CEF6
FFFCB1ED
0003A88B
000AF13C
FFE719F2
0008614F
FFFDD057
0003E406
000DC4B5
00051999
FFFF0975
0001ECC9
FFF85AAC
FFED7D6A
0000AFEB
000C67AF
000AA944
FFFDA7FB
00087477
0015A060
FFEBD49C
0017C10D
001902EA
FFFB1372
FFF596C9
00067ABD
0004EEA2
FFF3A49A
FFF27078
FFF76D63
0003040D
00080900
FFF4382B
FFF79C63
FFF9B3AD
00138288
00024603
000804A4
00104A8D
00153527
00103EAF
FFF80057
FFF49F9A
FFF4CF2B
FFF87FF3
00044747
FFF61895
FFF61051
000584C9
FFFFDE10
FFFC67D2
00060B50
FFF8AC5D
000B2EF6
000973AC
000835DE
0000E554
FFFF19B6
000B8067
0011D29E
00006107
FFFFCB9E
FFF470AB
FFFA1E7C
000116B5
000B1CEC
FFF821DA
FFF4BD0D
FFFAEB61
FFFBB6F6
000AB3DD
FFF5B9FA
00064911
0009953D
FFFF5E9F
0012993E
000A3EFC
000CDCD5
FFF46843
FFED0D71
FFEDBBDF
000E2FFE
0002A895
000E1B45
FFF56A26
000E23A0
FFFDC455
FFFEE69A
FFF263DE
FFFBE68C
00032B34
0005C436
00056C6C
FFFED8DB
FFF65245
FFF7E636
000AE3D0
FFF01023
FFFDAFA9
00058E2E
000B11F6
0000A3B5
0001F3E5
000CA967
FFF899A1
00053E3D
0002B814
FFF3B302
FFF73929
FFFBF045
FFF272AD
000A8A55
FFFC61C1
00010EF4
000412CF
000E913E
FFF627A9
000B8835
0001494D
FFF79EBC
FFF2DD00
FFF73332
FFF7F176
FFEF1228
000CDEE2
000086BC
FFF19981
FFF94970
FFFC34E2
00022449
001A028E
FFEF6CA9
FFFBC4B4
000035F4
000A5A76
00020E17
FFFF9DB9
FFE8806E
000F0EA9
00068D89
000B1776
FFF75F35
0002A44D
0001D088
000433C5
FFFC3B2B
000796A5
0002FFF6
FFF7FEF4
FFFE17E3
0001A1F6
FFEB9E37
FFFF0C9D
FFFD7D5E
FFFECB73
FFF071EE
FFF24680
0003B75A
FFF961A7
FFFB3F70
000B2F26
0000EA5D
000BDA3C
FFFC7491
00009AA3
0002C8BD
00111F4D
FFF50D07
FFF772D6
FFFFB11A
FFF6B36A
000BF618
0004A6F7
0003CBB8
00156049
000B2C24
FFF86D57
00097E57
FFF99430
000A74C8
FFF40236
000D65DD
FFF6B5AC
00089B47
FFFF4B8C
000125D6
FFFCD3C2
FFF160FA
FFF85AC8
FFF85549
0003B20B
FFF6DEF5
0003554B
000CC993
FFF4FE86
FFF418C1
FFF63EDE
FFE605E2
FFFDAAFC
000C9FAA
FFF6AC52
FFF783BD
FFF4222E
FFF09DA5
00024815
FFF9AA89
00042F2A
0001478A
00059C7D
00024467
0004A8F6
FFFC4591
0002959B
00006E2E
FFFB4DBF
00016650
FFF9DC2E
FFF449E7
FFFB107C
FFF0B33D
FFF71CA1
00080C0B
FFFD40CD
000183C5
000164CA
0000378F
000B078D
FFFCA6C8
0008826C
00065F64
000CB16A
000B0CD0
FFFC8FE7
FFF13BD8
FFF62AB9
000DF605
000E3029
000A9D8C
FFF6281F
FFF91C8E
FFFE45B3
FFF8F00B
FFF49406
00063492
FFFA2A11
FFF8055E
000EA765
FFF7BD26
FFFD086E
00028BF4
00024C47
000E47D5
000472FF
00023C55
0009CBD2
FFE4156C
001A7AF6
000E9425
FFF4F8AC
FFFACE95
FFF8CEDF
000DE547
000D6CF0
FFFA8073
001217BD
FFDEA82A
FFFEA9E3
000A2ADF
FFE86CFC
000F76B9
FFF684E0
00148744
000061CC
00093305
0016FEA0
0014C3F0
FFF185FE
0011AE17
FFF8FFCA
00104D92
000C1F4F
FFFAC068
000CDA0A
0001E19F
FFF658CE
FFF9EFC7
FFF803A8
FFFF13D2
FFFF672B
FFFB291E
00076737
FFF2BCB1
0007CF6A
00053680
000B778B
FFF7C521
000ED495
FFFCCD27
FFFAFBC1
000E38B7
FFFB10D3
FFF9E704
FFF78E09
00003B42
FFFDBA4F
FFFEDE71
FFFFA2BC
FFF4E2D1
0006FE6B
000107BC
FFF701D3
FFF6518D
000F7DF5
0009A86B
000DC2C4
FFF73043
FFF73B14
000B76C0
FFF0A227
0008BB0B
000A95C3
0000A87F
00052B65
00011DC2
0017EBA3
FFF5D424
FFF8450D
FFFC34DA
FFF17978
0012C4F1
FFFD09FC
FFF44DA7
000B8EE1
00089882
001FD883
FFF97019
0006131E
FFFF9F11
001232C8
FFF650D0
001118ED
FFFE493C
FFED418D
FFFF463B
FFF7779A
FFF13974
FFEFA711
FFF7A0F2
FFFEA2C3
0002AD98
00008BE9
FFF2BA00
00154F5C
FFFC7F02
0003B746
FFEB6309
FFFE5501
FFF662A0
FFF0B52B
FFFF1F30
FFFF8DFE
00151F49
FFFAB7E5
FFFEA165
FFED898E
00146722
FFF88EC3
FFF74BC4
000A7DD6
FFF76F61
FFFDF1FF
000EAB97
FFFF56FD
00157DFC
FFF508AB
00024638
0014665D
FFF35C89
00013A63
FFF4596D
FFFBE2A2
000D8A89
0005EA1B
0001CB3B
00016ED7
FFEE0D81
FFF75577
FFFCD178
FFFD703B
FFFA586A
FFE998AE
00074F66
0000FA27
FFF5D65E
000D495B
000D683D
000F5770
FFE82465
0001172B
00029694
00135FD3
FFFDA016
FFF576C8
FFFD0545
000801D3
00039BF1
FFF7DEFA
FFFE7D4E
FFF844A5
000447A0
FFF6D0FE
000BF429
FFF460BA
00035379
000B5E7A
FFFF9012
FFF87FAB
000312D2
0012A676
0013D245
FFFB0904
FFF8010E
FFF97DD6
00087503
0009FBA3
FFFEEFA3
FFF88076
FFFEFD87
000A2046
000B2EDF
FFFAB619
0001D7F0
FFFE781D
FFF34AB4
0010049A
FFFCCB2F
FFE99768
FFFB071F
FFF6BF5C
0006EDE6
000F151F
FFFABC34
FFFBCE75
FFFC46DB
FFF7251A
0006C0CC
0003FC68
0009E86F
0008907D
0004DCC8
FFFF67DB
0000D5A7
FFFC6D1D
FFF8B991
FFF16753
0005F568
FFF9D701
FFFCAAD3
FFFE8553
00072E3C
FFFF1D6F
FFFD9AC9
FFFEEE55
0008FE17
FFF8F60D
00044375
0009F92C
0007BECA
FFFDBDD0
FFFCED15
FFFB4B4F
FFF87A76
0005AD72
00041D0B
00023B09
0007DC49
FFF7B299
FFFF317D
0000C5B4
FFFF10D6
FFFAE885
FFF66557
00072917
0001E2C8
FFF9E25F
FFF9F27A
FFFDE9C8
FFF77E44
FFF54EF7
FFF7BE65
FFFDF8C5
00033ACB
000356B1
00066579
00079D15
FFFBA7F1
FFFE5D25
0003F13E
0003A645
0006E00D
0003A65B
0003C3B1
0005553F
0006DD7C
000111A8
0006C32E
FFFBAF1C
00040DB5
00019EEA
FFF7D9BA
0000945B
FFFF2BE1
0008542F
FFF6877C
0005CB81
00034773
000652A7
FFF986C2
FFFFED8C
FFF1B3B4
000041C6
FFF4EE0C
FFFA35A6
FFF6CE12
FFFB12A5
FFF706CA
FFFFE1EC
000A9CC7
00003071
FFFE408E
000094B4
00036391
00016442
FFF7CA89
0005CA9B
FFF3505D
000A6925
FFFAC476
FFF9EBE6
0004B518
0007AB42
FFFA9FBA
FFFC388B
0004B55E
0010F57A
00033A54
FFFAF58F
0006ADF6
0007B513
00029C51
FFFD7A6A
FFFFE46D
FFF9371B
0007EF93
FFFB9083
FFFFF9AE
00077496
FFF8B5A0
0003BA82
FFEF3CD6
FFF93C07
FFFD0DEB
00048BA4
FFF37E38
FFFBB02B
000ABF83
0004CBD0
0003BA34
000768E7
00063627
FFFB2811
FFFA0151
FFFE4B63
0001518D
FFFA2C2B
000C05D8
FFFDB575
00026C22
0004845A
000119C0
00099E4E
0009392B
FFFCDAE2
FFFB3FB0
FFFA288E
FFF986E2
FFFB22AF
FFF90790
FFFAC25C
000ACA2D
00008D77
00014A3D
FFF8F7D8
FFF92D8C
00012BC8
FFFE937C
000839E0
FFFED8BA
0005E018
00050BB4
FFFC658C
FFF94C2A
FFFAF34A
FFFBF4CF
FFFA474C
FFFFFF42
00090C17
FFFE3146
FFFC0777
0001408A
FFFE9753
FFFFA377
0002BBC4
FFFAA461
00084502
FFFE3D7F
FFEE34B6
0000E1A3
0003D150
FFFE3597
FFFBFFA5
FFFE4260
FFFAC36A
00043C6C
00051FE7
FFFF5240
000790F8
FFFFF84E
0002E5BC
000683DB
0006C2BD
FFFA3C8C
FFF6AACB
000122CE
FFF45307
000055E9
FFF2A6F8
0000C273
FFFF7E05
FFFCE14F
FFF87673
FFFC7781
FFFB540C
00038A4F
0000C4D1
0005B4EA
0005D66B
FFFD85DF
FFF7980B
0000C58B
000672A0
FFF3537C
FFF4CF2A
FFF4327E
000523ED
0001E004
FFF87FB0
000844CC
FFF105D8
FFFA30B4
0004E2A7
0005ACC7
0007876B
FFFF3049
FFFD3612
FFF9EDE5
000799BA
00107E72
0007B7B2
0003194E
000B75C5
00034558
00052DF2
FFF8E712
00008702
FFF859A4
00031735
FFFCAFC1
00068A52
0002D27D
FFF5BC99
FFFD6E25
FFF6125A
FFF952AA
000CAC2E
0001BEDC
00008649
0006191D
00014B19
FFFF4641
000399E6
0004D57E
00057F13
FFF9513E
FFFC485E
FFFD304E
FFFC8314
0009C4E4
FFFD04B2
FFFF0D55
000B61E6
0003CAE1
FFFDE491
FFF2A7C5
00065EB1
FFFD6EBC
FFFF0214
000600E3
000D2391
00061CFB
FFFFC2EB
FFF3AB82
0004A687
0001A23E
FFFCA0D7
FFFB0952
FFFFC000
FFF60500
FFFF43D0
0002BB22
FFFEB199
FFFD60CD
FFF881B7
00039074
0008DBDC
0003D486
FFFB830C
0005F789
0003C9E9
00018C43
FFF68D1A
0005FDE6
00092B10
FFF3784F
0004AAA7
FFFD7876
00074DAE
FFFBD50A
FFF67784
FFFEBF50
FFFD41B2
000A45E5
000819BE
000F6B4D
FFFB4BB0
000C242F
FFFCDCF2
FFF3F4EC
FFFC2176
FFFE689B
FFF9BA06
0003E46F
FFF4192D
FFF8633E
000178AB
FFFB0F03
FFFC0DCD
0006B3B1
000095BF
0000FDF1
FFFF8D01
FFFFD102
00051184
FFFE5EC0
FFFCDC28
0003B658
FFF5F911
FFFB8CC2
FFF95864
FFF5CA37
FFF388E4
00046FE5
0006CC85
FFFC952D
FFF5F141
0007A44A
FFFAB723
FFFDFA56
FFF82BD9
FFFE31A7
00047270
FFFE2231
FFFB9C0A
FFFBABDA
FFF9E1E9
FFFCE282
FFF4241E
00029D13
00087BB1
00032492
00056195
0007BE07
0000C607
FFF888E6
FFFEBF07
00003B29
00098CB0
000528E2
FFFE8D35
000A300F
0003ADBE
00063DA9
00007A43
000FB788
00008266
FFFAE4B5
FFFFE963
0000B047
FFFBCAA0
FFFE0EEA
00081A7C
FFFC9F5E
FFFBC6EC
0006FF6D
FFFC9268
FFFD437C
FFF7F12E
FFFD0442
0003D189
FFFA059C
00034D74
FFFC331C
FFF47665
0002DDF7
FFFE234A
0003C261
FFFBA293
FFF53B71
FFFA3BD6
FFF8B1BC
FFF49B53
000B8ADA
0001B7A2
000305AB
FFF9100E
000834B0
0008D2C5
FFF71308
FFF574A2
0004DB9C
FFF5F975
0009E4A8
FFFA967C
000F3B7C
000ADD97
000BDC39
FFFDEF2D
0006E6C0
00036FDF
FFFB74C5
000AD2B5
FFEFC402
FFF68F52
FFF7B553
FFF45301
FFFBBDEB
FFFC7731
00058635
FFFFABDC
0008B9A9
000644DE
FFFAC9FE
0003AD4B
000B1F7D
0002B1D3
0003997B
000346D6
0004A69A
FFF95949
FFFB0264
FFF6BB5F
FFFC0E8E
0005BAF0
FFFF86D7
FFF61F75
0002F193
00013128
FFFBC307
FFF514F8
FFF97DA3
000868A2
FFFF8004
FFF77339
00029134
0007A33A
00061F1B
FFF7BAF2
000377A6
FFFCFE08
FFFFF539
00015107
FFFAD8C8
FFF23A37
FFF8B38D
00022EE7
FFF32214
0002DB79
FFFFBC59
FFFCEF0F
FFFC7BA2
FFFC1306
FFFAA78E
000D1C1D
FFFF7433
FFFA4917
0002770E
000834D2
FFF28165
000A1EB2
FFF8833B
FFF7D5FF
FFF78894
FFFBF60A
00092A18
FFEB7B2B
000C4BE1
FFFD614F
0004C661
FFFCE02B
000866D9
000AABD6
000CC2F5
00073F06
000099E7
000C3211
000F5581
FFFEFA61
0004EC0A
FFF85716
FFF90032
00021671
000BD5E8
000742B8
FFFFD9AA
0007ACE2
FFF8B749
FFFEA570
00030433
FFF847AD
FFFB1752
00097877
FFF8F5D4
FFF7D852
00022677
FFFD1B40
00096988
00041C22
FFFC1926
0002B0CB
FFFCC216
FFF1FA62
FFF2AD4F
0001EE08
FFF4A452
0003F409
FFFDB7DD
00011659
FFFF6177
FFFD81E0
FFF949D3
00000373
0003FB90
FFF64C4B
FFFDC6E9
FFF6512A
00092235
FFFF73DF
0001410D
0009FB17
00013909
000B6A5D
FFF96867
FFF6DEB1
FFF942B3
000949C5
0005F100
FFF5C03A
0004F043
FFF78E08
FFFEA7FA
000A1F41
00022097
00027B6D
FFFCC790
0004C32E
00011CA0
FFFC8876
FFFBC6A2
FFFC01BC
FFF9A82D
FFF6B102
FFFAD943
00036E79
000574E9
FFF27F0F
000601CF
FFF77CD2
FFFEAF35
FFF59A9E
FFF587CE
00016EB5
000246BE
00074998
00085459
FFF5D87A
FFF9E068
FFFF27AA
FFF5FBEB
00002357
00051DD2
FFF6FD02
FFF5F152
0007FCA6
FFF995B7
FFFDE5AC
0000C33D
0003BA6B
000179D2
00054B64
00048103
FFF73436
000411C5
00069F97
0004D157
FFFE20FF
000342D9
FFF4355B
000C9A90
FFF7E401
00036515
000CF403
FFFE83CD
FFF9208A
FFFDCF2E
000DC2AF
0008222B
000A64DA
FFF7604E
FFF95C51
00108FD2
FFF57F67
0001C861
000266F3
00052032
FFFDCAE2
FFF994D3
FFF2EF1F
00126213
001444AC
FFEFB763
000098F3
0006898E
FFF783E3
FFEDCBB5
000689BC
FFEDC266
0009FBD7
FFFE4A2C
FFEBAB15
FFFC2BC8
000886EE
000C52FE
000738D2
FFE575EE
FFF62D2E
0003B63B
000494EB
00041825
FFF67F79
FFEDA572
000FC7AE
FFF6FCC8
FFFBB344
FFF74EF3
000602B9
00068E9F
FFE4701C
00045A52
FFF78869
000985A8
FFF73EF3
000837EF
000835F5
FFFE3FB9
00118D54
000212C3
00084D9E
FFF44D56
FFFB0779
FFF5F22B
00093EF8
0006282D
FFFC736C
FFF9E2BF
FFF2ACC0
FFF70F5A
FFFFD79D
0003648E
FFF81871
FFF2E9C2
000A661E
FFFAFAAE
00095E2A
0003AFA2
FFF8A78C
FFEDE2DF
FFF94529
000A257C
FFF4C072
0017126F
FFFE3D14
FFEC0B3C
FFFA4538
0005F5A3
FFF53364
000E0198
0011E9C3
000807A1
000A19BF
FFF6B431
0003234E
FFF381CD
00022EEC
FFFA0615
FFF85B03
FFF56831
0005795F
000036C2
000AFD53
0000BBD4
FFFA60CC
000414FC
FFFB7E4C
FFFE9DD6
00041D22
FFEE4107
FFFDB211
FFFE09AB
0003D357
000E7C59
FFFC8DB4
0008CF16
000DF59A
FFF83743
000A6FDC
00055FE6
FFF7D1A0
0002433E
00090635
FFF9D762
FFFAB1A4
00057D49
FFFA8B4D
0007C73F
FFFC8C50
000A404D
00018D41
FFF439EB
00057D80
FFF8542E
FFF521A1
000DE894
FFF9B86E
FFFE64D1
000A45FA
0002DDBF
FFFC3913
FFF55685
0002C09A
0003C39D
FFF8EA75
FFFF6ECB
FFF04A4B
00046EE0
FFFB9D82
FFF91511
000F207B
0012F94B
FFFF8DE0
FFF5BAC6
FFF28591
FFF08597
0009FC3A
0006D0B9
0009440C
FFF09D7A
FFEE9EDB
00044A87
000AFA66
FFFC1C8B
00062C20
0004887D
FFE94B41
FFFEE840
00028BDB
00137BD6
0001814B
FFF6B893
0014E8BA
0009B841
FFF5EEE5
FFF09438
0006EAC4
0010336E
000C0D31
FFF9477F
FFFDE8E8
00058A87
FFF85683
FFF5D0F1
FFFABCC5
00061262
000FD72D
00145400
00052595
FFF2A36D
FFF51E07
FFF710C7
000D538F
00060EA3
000EA604
FFF0B7B8
0006F3FD
0005BAAE
0005FD0E
FFFCE933
000186D8
000B0339
FFFAF97C
FFECCB74
FFF73644
000AEE95
FFFE77A0
00094711
0002E590
000BD09B
FFFFC608
FFF39D29
FFFB06CD
0007B552
00154A17
0000D8B6
FFEECF14
FFF3769B
FFFBE676
FFEB84F3
000A435A
FFF6C2C5
FFFD9465
FFFCC0A1
FFF8C9F0
FFF578B7
FFF1600B
00026414
0005B70C
FFFE6E3F
FFF72DB0
FFFB9D69
00037D00
FFEAD11D
00127433
FFFF7D77
000298E7
00074F8A
00028E4B
FFFAB65E
FFF04996
FFFCFADA
000E60EA
FFFBA21B
FFFC6D78
FFF787E2
0006B334
00084F6F
FFFA078E
FFF92C92
FFFA595A
000F52D0
FFFCEB3C
FFEFF640
00052E12
00075BFD
FFF7A5B2
000C9B97
0002FFD2
FFFE7A51
000C25D4
FFEB5002
FFFF5E93
FFFA06E5
000FB8D3
00024F5E
000CB68B
000126B1
FFF5277A
000730DB
FFFBFC26
0000C370
FFF45E3C
00042B4E
00126FFE
000008AC
FFFD7767
FFFB9F94
FFFE5DA5
0002895D
0000C571
FFFE5AE2
001276ED
000C49D0
0002C0BE
FFEE75BF
FFF83DAE
FFEDBF09
FFF0804D
001E5AAF
0002F766
00026A9E
FFF8A0E4
000913F6
FFFD3492
000D97E7
FFFDB4FD
00039AC1
000D35C2
FFF53CB1
FFF52F8E
FFFEE103
00053C38
000D6A2A
FFFDAF38
000B3A98
FFF956F0
0010CA1F
FFF67424
000392B3
FFEE55A6
FFEEC708
0008F74C
000E8C26
000D8318
FFFE6A15
000399F4
000881B2
00008FFD
FFEB1BD1
FFFF82E0
FFF9E458
000BCE71
000CB6A2
0002F07C
000A34D3
0006D076
FFF68144
FFF9BB39
FFF43DF3
000CA94F
0004C964
0002E0BE
000650A9
FFF8E831
000A8572
FFF5786C
0007C17D
FFF65F7C
FFF24E59
FFF194B3
00053656
FFF50EED
FFF527F9
00038549
FFFD8869
FFF4DBD2
FFF3FBF6
FFFF9511
0003E974
FFFC2AC2
FFFBA730
0002854E
FFF7FE32
0001494D
0008F168
FFFA1521
FFFE4AC1
FFFB74A5
000DF8FC
000694FD
00023475
FFF52C01
FFF5D184
000785C4
0006F0A2
000613D0
000370BE
0003721B
FFF6B3E7
000D9BEE
000096B0
FFF7DB6C
000B5E50
000613A9
FFF9A124
FFF2CDC7
FFF6A389
0002572A
000334FF
FFFB9CAB
FFFC7F2A
FFE04893
0006819F
FFE9AA37
0009DC47
FFFD3071
FFF839B7
000067D9
0008F02F
00052FFA
00263E8A
FFF7DE92
000C96B4
000301D5
FFF16C7C
00083A46
FFFC390B
FFEE6A0F
FFF5D8AB
000EE153
FFEF315A
000712D7
FFF6F7AB
000B693C
FFFB5111
00001E14
00068B75
0008D44B
00027534
0005FB25
FFF658D3
FFFC99AE
FFF83051
000720BC
00107A0C
FFF46AB2
FFFB0CBF
00095CE8
00056DE2
FFFBB285
FFFC4873
0007BD11
00001F25
000551ED
FFFDB75F
FFFA0DDA
000E46B8
FFFE2D02
00004444
FFF3F90F
FFF76F7A
FFF61CBD
0009CA28
0007B79A
0003D959
FFEC2765
0005199D
0001F146
000813F4
000E264A
FFF99402
0006EF9B
FFF5876B
000F28BA
000B8F80
00060C42
FFFA7117
0009FE64
FFF27172
00086BD9
FFFFF4E4
FFF45D69
FFFCE6D3
FFF27718
FFFDD34E
001186E3
FFFAE4ED
00013C5B
FFF6DFB8
FFE5B889
FFFDF8DF
000BDB85
0023CAE3
FFED1491
0002C0DB
FFF3F802
00079905
0000FA60
FFF4847E
FFFD90FD
FFF1B443
FFFFCDFA
FFF86CD5
FFFA8755
FFF3C141
FFF002BF
FFF2E4B1
00074C6D
FFE5D98F
000A1FD2
FFF37BDB
FFF08AFE
00041C0A
000EF7E2
FFFFC16B
FFFB7BAE
FFFE1E85
FFFD36D5
FFF73982
0018C05B
FFFADB74
000747A8
FFF0810D
FFF61C01
000963EB
000577EF
FFEB15F5
FFF4B6D8
000C1B74
FFEEB68C
FFF8B0C9
000BAFAB
FFEFD2D4
FFF69620
FFFA4878
0007E180
FFF271E0
FFF5FE08
FFF909DE
000961FD
00026205
FFF09FE0
FFF64AAE
FFFAEF97
000CC7B6
FFFB51DC
FFF71371
001152CA
0010A0B9
FFFCB260
FFEF0F1E
FFF47C62
001A9FBC
00025250
000F618E
FFF0CB13
00038C3A
000600DD
000CE44E
0008DE0E
FFF5C1FD
00033432
000C15FD
00035F89
00039B78
000149E0
FFF1473F
FFF690A4
0006581A
FFF9B636
FFE8DC7F
FFFE660E
FFFC7818
FFF9A47E
FFF6CBC6
FFFEA729
000CC356
FFFFEF6A
0008F007
FFFAF9E1
00001D68
000515E3
FFFE9141
00001CC4
0008939F
FFF78D4D
FFEE89E0
0008043D
FFFBA5EA
FFF28768
0002298E
001CE5D6
0000FC8B
FFEFCEDB
FFFA921A
000C20EC
FFF70175
FFFD330C
FFFF7C96
FFFE4ADD
FFFF1770
0007ADB7
FFFA2EDF
FFF4F48C
FFF95B4E
0001EC36
FFFF7955
FFF70AE3
FFF926E7
FFFBC468
000992A2
0003CE5B
0006AE13
000448F2
FFFA4CC4
FFFE9383
FFF54C16
0004C9D5
FFF6EE88
000475A9
0005510D
FFFCC2F0
FFFF94C6
FFF627B5
FFFA2C8D
00031B20
FFF07A4F
00077926
00119230
FFF293AA
FFF2636E
0004C370
00032870
FFF1853B
00070B56
00016D95
FFF0D39F
000D5928
FFF1FC20
FFEBB51A
0004F78C
FFFD42D7
FFFF4AA3
FFFE6978
FFF7F2BC
0013CB91
00032463
FFF70A2C
FFF5E71F
FFF60EF4
0006440A
000609E2
FFF4C220
000916BE
FFFCF3BE
000DEFAD
FFEF3816
FFFDA80F
0003DFA4
00061B3E
00056076
FFFD40B8
FFF5BE71
00044AE8
00051E6C
FFFA6309
000445FA
FFFCFB97
FFFAFB30
0007D9AC
0002F4A3
FFFD0673
0007642D
0008F093
00051C4E
FFFDC8BD
000A76C0
000BB0FD
000C80E0
000E14B3
FFF43A73
0005AAAA
FFF9F482
000BF57F
0007B204
0003FA01
00037D21
FFE9DAE9
FFFF5A72
FFFF4F98
FFF9BF0D
0004C25F
00074F32
FFF46105
0006D608
0002D8D3
FFF3F197
FFFD95F5
FFF39ABB
FFF3D9CC
FFFB69FD
000A254C
FFF55C5C
000CBF82
FFEBFE99
FFF75F41
000196FD
00028384
000BBA52
FFF07B2A
FFECE221
FFF33D0A
FFFE972B
FFFF2C38
FFF0D348
00102D52
FFFD7A8B
FFE626A4
000DF7E5
00017807
FFFD31D9
FFFFB063
00021703
FFFEE904
0000382C
000AA2AB
FFFACBD3
000BBC37
FFF75963
FFFB7AAA
000552F0
0000D419
FFFF76F0
00038B53
0005D881
FFF359F6
0003BD11
FFF2A8E0
FFFEEBCC
0006D964
000950A8
FFFBFE5F
FFFFF499
FFFDD6AA
FFF689EE
0000E7E8
00065EF2
FFFE2FE3
FFFE8C9E
FFFE4A08
FFF4A4B0
FFFADAAC
FFFB60DF
FFFAD174
000D74FA
FFEC9E84
0004373D
00043F37
FFF79BB0
FFFD1314
FFF3364C
00047B1A
0002547C
FFF7DC20
FFF2C845
000B3B43
FFFA9F06
FFFB57C0
FFF9E761
FFF95570
000044E3
FFFC702F
00066705
FFFD4FF1
00036F10
FFF76C5C
00053F78
00021A0A
FFFACD20
00074920
FFF66C14
0001DE91
FFFD485C
FFF4B574
FFF64063
0002BAC8
FFF87D1B
FFFE3EA2
0003117E
FFF494A7
FFFD9120
FFF58356
FFEC2086
00064A61
FFFD6A80
000C56E8
FFF4F20E
FFF460CB
FFFE0B43
FFF6459F
000201BC
000AE2A6
FFF4EAB7
0005EB41
FFFBDDB7
FFF808B8
000C2074
000A1B5C
000C75D9
FFF7CB16
FFF30532
0001EDB9
FFFB847A
FFF24F6A
FFFD1ECE
00023E73
000015A3
000B727C
FFF2420E
FFF75CED
000B1F4E
0008DD04
FFFE219E
000500E0
0006B995
FFF428C4
FFF5A79C
FFFA47B7
FFF84E24
FFFD7634
00053359
FFF54C7B
00062397
00044877
FFFD7FAC
FFF712E9
00017DA0
FFF9EBF7
FFF9F35A
FFF528C3
FFFB5D17
FFFA8895
00004A33
FFFCCD54
FFF4CA80
FFFE04CB
0007A8C1
0010406C
FFFADF80
FFF6BA9B
FFFDB9AE
FFE84A8D
FFF774AD
0005E437
FFEEDFB5
00014DA8
0002DFA1
0006CE67
FFED4281
0012902F
0004A6C1
00044F37
0014DCDE
0002503C
FFF8D203
FFFEC98B
FFF72D39
0005238A
FFEE1B56
FFFC7918
FFFDFE2E
0001F5B8
FFF70D2D
FFF7D55E
0008A331
FFF61CF8
0007D036
FFF9368F
0003DB8E
000B970B
FFFB7DBA
FFF954EC
FFF966BC
FFFA289A
000246AF
FFFB3AA7
0003668A
000D2C90
FFF7C616
FFFC42C2
FFF2E140
FFF9B76E
FFFD8F78
FFF68116
0005A9C9
FFF24B3A
000AD48A
0000F0BD
0007FE12
0002A745
0008BF7D
FFFB1B51
FFFE57E0
0008ED73
FFF646EE
00033F2B
00066565
0009C0BD
0003C754
0002FAA8
FFF372F7
0003ECBC
0003C3D8
000B4556
FFFCA3DC
00049037
FFF81723
FFF3351D
FFF0B923
00040A92
0001B3F5
FFEC5375
0000FF60
00061942
00006494
00107AB2
FFFB01FF
FFF36D2D
FFFDE9CF
FFF5E9DF
FFF7265B
FFF7D4B8
FFFA32E9
0000A759
FFFA5BF9
FFF7ACC3
0004F681
00069A97
0009F35A
FFF2C6FE
FFF5BCD2
FFFB0412
FFFC23E9
FFFFC491
00055D35
FFFCEF44
FFF4C5F5
FFFFF49A
FFFE418F
0008F2E3
0004D2DB
FFF77932
000A215B
00079602
FFFC3AE7
000E22DB
0000DC88
000513E1
00077A55
00045C56
FFFBC507
FFF96040
0000CDC9
FFF629BC
FFFE0112
FFFB07C2
FFFDB496
000454B8
FFF4B075
FFFBF48A
FFFC575C
0007A14B
FFF5BA3F
FFFDF1CC
000A49FB
000FEDB1
FFF1A250
FFFFC57D
000EDB14
000348BA
FFF110C4
000172EC
00117CC5
FFFB9843
000AA8F0
0016AF45
0006A880
FFFED4F5
000C1F6E
00015441
000B4013
00066940
00063E2F
FFEE159F
000BFA31
FFFA8164
0003F675
0008AC82
FFF65F67
FFF02860
001B34F0
FFF0FF43
0004AF0A
0000DB18
FFF772E6
00066F89
0002A95E
FFF85890
FFFD0FDA
0000FD17
FFF81AF5
FFF9D266
FFFC259B
FFF6B4DB
FFF3A1F4
FFFFBA75
FFFD2D6C
FFF4D00E
0005541A
FFEB2AEF
00022F00
FFF3C0E6
000077FE
FFF9394F
FFFC29A3
FFFF0470
00035DD9
FFF58D43
FFFE4672
FFFCCCE0
FFFCE285
FFFBAD53
FFF5FB99
0008C897
000BA9C3
000D6953
FFF115B1
0004D5DF
0006F336
FFFCF922
000B8C08
00035950
000C4DC7
FFFA502D
FFFBF342
FFF6786B
FFFE98B0
0005211E
0005D8ED
FFF447F6
FFF872EB
FFFFA020
FFF35C61
FFF60E4A
000586FD
00078BAB
FFFB5239
0005CFAD
FFF3516C
FFEBB62D
FFF9860D
00015242
FFFB1BCB
0008AC67
0005B969
00009C03
00094481
FFE8C5C5
00032283
0008AD05
FFF7B1A5
0005E136
000FABB4
00067F0E
00045D5F
FFFEAF03
0004EAC5
000259A6
0004597C
FFF84C38
0005C768
000743B4
FFFD4CEB
00021D5B
000AE56B
FFFAB9D0
0005FB8C
FFF88FE1
FFF64E05
FFFD9E8C
0009F17A
FFFDE78D
0002179D
FFFA4DB7
FFEE1ADD
00046E47
000DEABA
FFFF8346
0005A3B8
00085A67
00099F5C
FFF08A86
0005FD1B
FFFFEE5A
0007DD59
000A1E7C
000097CB
FFFD36F4
FFF7B0D1
FFFD3EE8
000C7D7C
FFF50F50
0004DD5E
00144950
FFF76DCB
FFF730A3
00085622
00020103
FFF7A322
FFFB0697
0010B678
FFFF1A5F
00073509
0010D10D
FFFDC834
0007D0EF
FFF6556C
FFF27CC5
FFF39626
FFF7E61F
000CB420
0002B98E
FFFC53BD
0001756F
FFFCCEA0
000559AB
00014E65
FFF60EDF
00005342
FFF33524
0002F0E3
0001465F
FFFF7040
FFFF65BA
00055B61
FFFAC0F7
FFF5D8B6
0006F4A0
0000DDE4
FFFBC8ED
0000894B
0001546F
FFFEBDE1
FFFD1637
FFFCEFDB
FFFC6D9E
00074BB8
00005124
FFF83DDE
00025075
FFF0DC0A
FFF7E6CB
00010036
0005F91F
00044580
FFEE79E4
FFF0CC91
FFF4778E
FFF6E8EA
0005FEED
000A8FC3
0003B1A2
FFFF893A
0006B67F
FFFD28C9
000752C9
FFFD4287
FFF45C15
0005904D
FFFEB9D9
FFF5EB4E
0006921E
FFF48209
FFFBBBDD
FFFA3879
FFFA8B9D
00066A63
FFFAE40A
FFFFA022
FFF8A4F9
0007CC9B
0010A6EA
FFFE4EF2
000AB892
00064B2C
000A98B3
000BACD8
00022397
FFFDD613
FFF7E948
00064A53
FFFD1554
FFF697D7
00062DC0
FFF16E89
FFEC27DF
000252E5
0006EA95
0007BEEC
FFFEA219
FFF51971
000AC01F
000182F9
FFFA5E91
FFFE9699
0005BA52
0007A2FE
FFFE0A06
FFF53C48
FFFE4B61
FFF423D2
000B7B10
FFFC4646
FFEF200E
00136959
00039374
0009D5CE
000F4915
0004305D
000080DF
FFF580CD
FFF08F4E
0004B8C8
FFF65100
000527CE
FFF86E77
0001A431
FFF46EAE
FFF3FF93
FFEE204F
FFF1B74E
FFFDE369
FFF6DE80
FFFD60DE
FFFB730C
00041B8E
000CED41
FFEC1EE5
000EF29A
FFFB91E1
00048891
FFFF2E51
FFF6BB16
000C9E59
0005B654
000CB186
000CE0D5
FFF57D73
00025DC2
000312CB
FFEF9064
000C1F6B
FFFEE740
FFF6B553
00071360
000B9E00
FFEE7581
FFF5C7DF
FFFD5B20
00056BE0
FFF3BCAE
0008362C
00019113
000C4AE1
FFF4F8E6
0007BA65
FFF4714A
FFEF99D8
FFFBDE1E
FFFAF779
00029346
000E11F3
FFFCBC8F
FFF3CA9A
00100F35
FFFC82D6
FFFE4069
FFF1F48B
FFF4AA37
FFEDC99B
0005537A
000397C3
FFFCFDF4
0005760C
FFFF27BB
000B2850
FFFA353A
000192B5
FFFB99FD
FFF9A1AA
0009DB26
FFF89F4A
FFF4FE08
0008CA53
000AC608
000DCDDB
00035E10
FFF75F10
00016E13
000BC244
000A9F3E
FFF4D87D
FFF9B0A7
0000F582
FFEA0CCE
FFE8E084
000AD02C
000A20F0
00097E46
000C390B
FFFA57A7
000989F1
FFF61C03
FFF5E83C
0000AFB6
FFFF82BA
00094B30
00033C68
0006214E
FFF6CA50
FFF984F7
000FB5E2
00044217
000502FC
000340D8
000CA2E9
000AD2C5
FFF6E093
FFF5BD7E
FFFB45E9
0008A736
0007E18C
FFFAED8E
00084C57
000300BE
FFF6C03E
FFF8F258
FFF9CE19
FFFA5CCA
FFFAA163
FFFFFEE8
0006BDAE
FFF3AF8E
000191AB
000E96ED
0003B6B7
FFFC6103
FFFD260E
FFF74A88
000B4C6E
FFFC622E
FFFB604F
0004671C
FFF9AAA1
FFF7FBB0
FFFD636A
FFFE9994
FFFC5917
0003DC20
FFF57531
FFF41A85
FFEFAFF6
FFFE4FB3
0003F6A8
0007AFA5
0003CD9D
FFF83245
FFF397D4
FFF54D21
000CF0C9
FFF429FF
00059C16
0006323B
000B0B38
0004805E
FFF3473F
FFF79AA6
FFF08FE3
FFF29759
FFF6D66D
0009694D
FFEC9ED5
0000F54F
FFE9DCC3
000174FE
00045C93
FFFD3156
FFF8E71A
00112F1C
000EEA7F
000D1DA0
00050809
FFFA76B2
000760B3
FFF78031
FFFD3469
FFF591BC
FFEE8326
FFFCEE48
FFFFCDE0
FFEDA93A
FFF24044
0004F720
0007CBC2
FFF94A18
FFF085D6
FFF384A7
00055F0D
FFF2C0BB
FFEE52CB
FFEEB66E
FFF7FDA9
FFFE336B
FFF67CEE
FFFB48F3
000386D3
FFF57237
0008CA3A
00087ACC
000EABD9
FFF4888A
FFF753EE
0004DD89
FFF86CC0
FFF7391B
FFF7790B
FFE948DF
FFF7C32D
FFFC42C3
0003BF90
000A8339
FFF9426A
0007BF03
0004FC9C
00196B7F
00065BB7
FFF6AD02
000FC772
0001B849
FFFBD717
00063D9F
FFF76753
00051B57
000A6BB1
FFF8B271
FFFB270B
FFFB0D7F
FFF607C4
FFF5F1E6
0012147E
FFFDB98E
FFF690B2
000EE16D
0008ED5F
FFF57338
00068958
FFFFEEAE
FFFBE1B9
FFF7B90F
000E7368
000589A3
FFFE36CD
FFFE3817
0009483E
FFFA023C
00134345
0011DF33
FFFE9573
FFF95EEA
FFFCD103
0005588E
FFF9E0A6
000C3CC1
0011D01A
0004F95B
FFFAEEF3
FFFDF161
0003CE55
FFFCA53C
000092D6
00093A97
00078DB6
000A3056
FFFAEB2C
FFF786C8
0009F547
000D98DD
FFF81296
FFF56877
FFF4594A
FFFA8DA3
FFFD70FD
0003958E
0005C3C3
000AA16E
00044B09
FFF8D9B8
FFFB64CE
FFFDC0C5
0006B06E
0003872D
000172B2
FFFD48B7
FFFD9115
FFF9974B
FFF6136A
FFF7E9B9
FFF705B5
FFEFB5D2
00002636
FFEDFD3F
00089B73
FFFF09EF
FFF8B0E2
FFF84A0A
FFFCE726
00000BE6
FFF87561
FFEF80BF
FFF722A9
0009EE45
FFFABE7A
0009CC45
0001B735
000B0993
0004266F
FFFD0C73
FFF9722C
FFFF1EA9
FFFF4F17
FFF29FEA
FFFFBB13
000CC885
0008F174
FFFB7AD5
0010EEBC
0000F720
00058C39
00078223
FFF5E261
FFFD8134
FFFFA9AA
0001E46D
000C2C5A
FFE72CBD
00038F04
0004E83C
FFF5D4E3
FFF4EF37
FFF4EDAC
FFF9E16B
FFFF4473
FFF2272D
001868E5
FFFC6E76
00022710
0008CDA7
000ACCCC
0006FEF0
FFEFBB3B
FFFA24BC
0004A95E
FFFFC314
FFF85B3F
FFF637BC
00094EAF
FFFF13E7
00017CC8
00065F4B
00075F91
FFF0A65A
0006FD3C
0002D810
FFFA6B83
00001432
FFFB253D
FFF55E6D
FFF16DDA
00064CB4
FFFAF4CD
000EA196
00067738
FFF7C77E
0006FEA0
FFF88325
FFFD7907
FFF7EE1F
000F6194
FFFB7C29
FFFCEF0D
FFF848FF
FFF962B5
FFF7E66C
00076FBB
0008700E
0004725D
000288BB
FFFEE1D3
FFFDFD72
0019E671
FFF8787D
FFF4588C
000AB919
000BED1F
FFF52F01
0008F150
FFF3504A
FFF5C3ED
00073140
0000A32B
FFFE454F
0004A2FF
FFF65559
FFF51DF2
FFFC6287
0002CD80
FFFFC8B3
FFFD6190
00059001
00069F72
FFFA2722
0004BC4C
FFF33E36
000C0232
FFF9E924
FFF7E9BC
FFFF2BB7
FFFD6FC3
00004E64
0002618B
FFF1CA32
000C7B36
000932E3
00080CCC
000DE2A7
FFF59CDE
FFFCB655
0005AE68
FFF77B3B
FFF1F241
FFF8B88B
FFFDC0D3
FFF73EF5
0002316C
FFFE6006
00096C43
000363CB
FFF7E477
0000B97E
0003C457
000A246B
FFF8DC13
FFF26AE7
000EE956
0008E7ED
00027C81
FFF65D67
FFF5006F
FFFF27CF
FFFEDBC3
FFF3C23A
FFFF9CE8
00007AA5
000E8897
FFF2FA93
FFFDB47B
00032D9C
001C3BEC
FFFF3240
FFF9B32F
000232C5
FFFD1137
FFF679A1
FFFE0C61
FFF63925
0007367A
FFEDA09E
FFF1795F
000A4AC5
FFFAE1C5
FFFF22C1
000BEA21
00106C6E
00053563
FFF427D6
000FCE45
00079455
FFEBB610
000B7214
FFF71E0F
00096B58
000E6C27
FFFB5976
0005F99E
000F338B
0014F002
FFFEEE2C
FFFA3E77
FFFFD698
000124A4
00183703
0002BF3F
0000D9A6
000E236B
0009661F
0001F2D1
FFF9F333
00032247
FFF97491
000CBD43
FFFD223A
000D98AB
FFF6EF00
FFFDDE4E
FFFBA51F
FFFCB9ED
FFFA1C17
FFF59D0E
FFFB3A48
000542D4
FFFA7884
FFFB93D7
0000F7AB
FFFEE014
FFFABC45
FFF7ECF3
00072907
FFFE2F50
00012F09
FFFB4C39
00103F34
000DC4B9
0004117C
FFFDCD25
000BDA37
FFF46EE0
FFF365C2
0002DCF5
FFF39B1E
FFFC1018
FFFDD7AB
00097CE6
FFFF6EB7
000CFC35
0002CBA9
00012AE1
0007FAC5
0002BB3F
000251F9
FFF4EF92
000310C4
FFFF9CF1
FFF96D87
0004EB07
00098BDF
0008D652
FFFD4EE0
000BA633
000A02E2
00000467
0002EB8B
0006244D
FFFC71DA
FFFF90CD
000A3501
0001CC4B
00089282
FFF6CDA7
000A1975
FFFBF6E6
FFF02F4A
0004AEED
FFF568D0
FFF82DDA
0001881E
00008153
0003E29A
0007024E
000C57B7
FFFE3E17
0007274B
000F1E21
00095308
0009108B
001047E3
FFFDE01D
00023E13
000F1E0C
FFF72B4C
FFF66241
0002DF86
00052112
0004AF02
FFFD9EF6
FFFF08E0
0007BA88
FFF88825
FFF63D40
000ECCB0
0001F8D2
FFFB7DF7
FFFB82AF
000C3903
000265A9
FFF880C6
FFFFE7FE
FFFE77C6
0010853F
FFFFF801
FFFCD2CA
FFF701A1
FFEF7CB6
FFF6D8C8
FFFBF8B3
FFFDD126
000D3A48
FFFDFD5F
000A0D54
FFF46988
000059E6
FFFEAB54
00001D29
00026C63
00002A7D
0007353D
FFF7FD7E
FFF7C5FB
FFFDF771
0004351D
00026810
FFFBF2A1
FFFE07F0
FFF52FFB
FFFA4E04
FFF47EA0
00074E21
0005E015
0008AAE9
FFFD240C
0006404F
FFF55110
FFEF2924
FFFDF404
FFFD08CF
00061B0D
0003068C
FFF0C9A0
FFFDA4E3
FFFF1B99
FFF91780
FFF53D66
000300E5
FFF07FC1
FFF34D46
0005A339
FFFDFDD9
FFFFB8D9
FFFE36CD
00023F89
FFF50DEF
FFF149D9
FFFDEAF4
FFFD359D
FFFE813A
FFF2ACAF
0001A545
FFF3F06D
00007691
0004EE11
00011171
FFFAE3F0
00039A20
FFF85B15
FFFF2394
FFF79CF9
FFF424FA
FFF3AD44
FFEED9A3
FFF45C46
0000C7B4
000A23E0
0002AA63
0005604C
00079F5B
0009CBAE
FFF9BD8F
FFF82FF9
FFFED334
0003BAAD
FFF701CF
0004AB36
000941FF
FFF9B00B
FFF4F44C
0002D4F1
FFF3F17F
FFF85314
FFFED895
0008C8B3
00004BAB
FFF0ECF6
FFFDFD3F
FFFBA864
0000A352
0005A59F
FFF39F97
FFF9D15F
FFF6F521
FFFFDF08
FFF96A67
000733BA
000B825D
0001F94D
00172DAC
FFF766A1
000143C5
FFF5770E
FFF2B50B
000B8E29
FFFF8D3B
FFFF4036
0004958C
00074FA2
FFF28798
0009056E
000E0F34
00016F46
00030D53
FFF74AB3
00031314
FFF6AFFE
000DAC5D
FFFB37D0
FFF3B530
FFF8FB93
FFFC33E1
0000B2D7
FFFA9F6C
FFF65FF2
FFFBB9E9
FFF56328
0007F527
000D5BBC
FFFF02CC
0004499F
00090FC5
0000FA91
FFF86837
FFFA2ABE
0007A6B8
FFF92EE5
FFF57821
FFFE02AE
FFFA5F31
FFFF7075
0008CCE3
0008242C
00098F46
0007CE67
000434C1
FFFD1327
000CC3B1
FFF806A8
000AC5BF
FFF30A9A
FFF70660
FFF32CC1
FFF78143
0004049E
FFF6E5F1
FFF7833E
000325A8
FFF806FE
000C0B32
FFFC5C02
FFF9C210
0005FF6B
00048E3A
00076B66
000588B7
00074B43
FFF881C0
00076086
FFFA516C
00006910
FFF9F73E
FFEEE2FF
FFF73933
0012A496
FFF87A3B
00117485
000C1216
FFF75F90
FFFE53A9
00051899
FFF4EFA4
000C2C63
FFFFC612
00076C02
0000CCEC
0013C4B2
00003706
0002C80B
00069939
00018F03
0013B6DF
00047281
00043380
00040D0F
00051610
00069244
0009D87A
000ED468
FFFBB5FC
FFFFF187
FFF55D92
FFF29532
FFFC91F8
000465FE
000224D7
FFF1BD76
FFF99FC5
FFF00C17
FFFE3436
FFF8C350
000242FC
0002845A
0003E69A
FFFC6740
0008DAFB
FFF94376
00026B62
FFF97610
000ADE71
00059764
FFF8F69B
000B5470
FFF51C9B
FFF46739
FFF1855E
FFFDD645
FFFEDA45
000B468F
FFFD3BE0
000C51BD
0000880F
0004D017
FFF88420
FFF6A444
FFF7D02C
FFFE1335
00000B33
FFFDF1AC
00072CED
00043B63
0004F6ED
00085294
FFF4C52F
FFFCFE72
0007AF35
000060EF
000C2136
FFF61B7E
FFFCC4C2
FFFDD764
FFFDDB57
0009B973
FFF10D26
FFFB1E27
FFFD0392
000E4D23
FFF74E27
00018E01
FFFB0489
FFF61DE4
FFF71169
000C1113
00028B6E
0003711A
0008F0E0
00099726
FFFCBC45
FFFCD98C
00051215
0006D669
FFF61D1B
00069656
0003C2CA
FFFB9CFF
0007EBA4
0002CB47
00005CFB
0006B001
000806DF
FFF61A93
FFFB3B52
0006588D
0006BE98
FFFEF5F3
000CB03F
000201B3
00006CD1
0000443D
000339DC
000959E7
000D3255
00040E90
0005BB29
FFFC87B1
FFFA4651
FFFF1762
000584F1
FFFDD77E
FFF6A200
FFEC319E
FFEF8CD8
FFFA185E
FFFA51DE
FFF82CD7
0008ABEF
FFFAEE5B
FFFA6438
0000941E
0005242E
0004FA16
00031A05
0015C42A
FFFB48D7
FFF8359F
0008F283
0002FB54
0013ED5A
000D7A46
FFFBD954
000A4F41
000B66C3
FFFAE6AC
FFFAF73E
0003B92F
FFE89D86
00001951
0007ACAF
FFEF636E
FFF85F6E
00020E04
FFFA4C09
000730BF
FFF7E404
000043C6
000BA315
0001F799
FFF9C0B7
FFFE034A
000A5057
FFFBCC3F
0002101F
0002A2C9
0003B828
FFF5FE2A
0005F2BA
FFFE7DB5
00066078
FFF35F2A
FFFD8087
FFF57461
00094957
00054393
FFFFF4CD
FFFA3176
0005BB59
0001A60D
000D3429
FFFF21AF
FFF4867D
00080CE8
00027B61
00016228
FFFAE424
FFF8ADE8
FFEDF31B
0000622A
00005F50
FFEE49C7
FFFF2AB3
FFF767DC
FFF42AF9
000ED1A6
FFF4EA4B
FFFA57E5
FFFE8A44
FFFC6A67
FFFDAE70
0004A69B
00023888
FFF2470D
FFFB2B7E
000015EA
FFFF9290
FFF7CE34
FFFE65E4
00008E42
000F9974
0007C976
000798EE
00082D89
0005BE2D
00025007
0002916F
FFF04BB3
0005EFC8
FFEAC02D
FFFD3C3D
FFF63D2A
FFE7D682
00032404
00005C74
FFF6EDEB
00045A38
000C5C4A
FFF7E977
FFFA76C4
FFF86B96
0000EBAB
000A84FD
FFF93AE2
FFF9997C
FFFB833A
000E9456
FFEB9E70
FFFC46EC
00074D1C
FFEE9FDE
FFF87FB5
000D6E00
FFFBF7F2
FFFA9017
000805A4
FFEB51A5
000121F2
000BB7F1
FFF124C7
FFF99C2F
FFFAFE6A
000A39AF
000E1E14
FFEEFDDD
0007C498
FFFE0102
000C663C
00039D5E
FFF4DA8B
FFEEA3AF
FFF28AA1
FFFB1C6D
FFFA52BB
000689B6
00046AFB
FFEF9A96
FFF5C6FC
000294AE
00099CE4
0003E056
FFF5C678
FFF7A238
0005E848
FFF2C958
FFFCBDC5
000F959F
FFF196DF
FFFDBF71
000A63E9
FFFD0A4E
FFFBE3BA
0014BE19
FFF9D067
FFF307EE
00095239
FFEFEDB7
FFFFAC3B
FFFF0C09
0003E726
0002F478
FFFBBACF
00096339
FFF83F09
FFF700B9
FFF832CC
FFFB525C
FFF84962
0006D03E
FFFF47D9
000AA133
FFFE5C40
FFF3DCD7
FFFD77DB
FFFFF6E9
FFF620ED
0002F06D
FFF2C697
00026A76
FFF280F8
0000E1BF
00045CD3
FFFA643D
FFF5774C
000ADBAB
000882C4
000D5D4F
FFF31F26
FFF96BDF
000721A7
FFEF7619
FFFED503
FFFE3865
FFF83145
FFFEBCF6
FFFA7F94
FFF5CB32
00094D18
000B8647
FFF3D4D2
0003C000
00010CC9
00001052
FFFA9AE3
FFFE94CA
0007073A
FFFC5508
000666E1
FFFD2D92
FFFFC3E3
0003C329
FFF485EF
FFFC24A6
00073D1C
0002038B
000658AC
FFFAB278
FFFE95BA
00007309
00099E78
00077FAF
FFFFB938
000463C6
FFFDEAE6
000AA59A
000962C7
FFFB4409
0004050A
0003AE9F
00066551
0008B87A
FFF6C569
FFFE9111
0008F4FD
0005F36F
FFFAB481
000273D2
000A7B3F
000606AC
0007FD81
000348B3
000A89C7
00082F40
FFFE828F
000039E1
FFF03249
FFFEC5A0
FFFAA7BE
0003FD89
FFFC3CAB
FFF7B956
0001222B
0004C71C
FFF2B034
00043FB1
FFFCE17C
00054DAC
0008ED57
FFFB9ECF
FFFB441A
000A6401
0004F917
FFFEB14B
00022FFA
0004862A
FFF6E754
FFFEBD51
000058A0
00018669
FFF8B4C2
FFF22369
000190DE
0003C627
FFF64DD2
000A1DC4
FFFC3637
FFFC7FBD
FFFEF2A3
0002A579
FFF921F6
FFFBB38E
000BF1FB
FFFBDB4C
0000A4F7
0009B3F8
FFFA69DC
FFF8C755
001035DB
FFFACA87
00087655
000AD132
00016884
00027690
0001554C
000964D5
00036A49
00010ECB
0001C665
FFFE4723
000C2C5D
0008356A
FFFE4EC2
00094225
FFFA3D73
FFFDA0C3
000370CD
00080BBC
FFF4C338
000352C4
0008FB27
000BC46E
000F2408
FFFDC90C
FFFD1AA6
FFF399D5
FFF6A962
FFFAE006
000015E4
000476B8
0001D8FF
0000ABE2
FFFABA25
FFFFD7CB
00055E3D
FFFDC9E9
FFFA6BD5
FFF81E36
FFFB4D90
FFFB7A55
FFFEBADF
FFF80FF9
FFFB0B2D
FFFC3AC8
FFFD2912
0002BD1B
FFFC57DD
FFFF8748
FFF90DB9
FFFBB528
00022711
FFFD5D59
FFF66FAB
00028A26
FFFAEE27
00011D90
00010230
FFF91AA5
00017448
000077E7
0007530D
000B86A5
000257AB
00021538
000CA212
FFFA1E2C
00049835
FFFD8C47
00021D5D
FFFA07B8
00030A13
FFF777F6
0007F338
000B71B6
0009C4EF
FFFCC99C
000CF5C6
0002CF43
0007C90B
0008BD56
FFF61E3F
00073E1F
FFFACA2D
00021A23
FFFEA565
FFF4830B
0002BA86
FFFD1608
FFF7EA08
00014F0A
000A3FF0
FFFCD6C2
FFF9C3DF
0005DB21
00079708
0009A364
0002179C
000EABCB
000E7E5A
000223C4
00029599
000DB2FE
FFFDDD6E
00026737
0002127F
FFFC83A4
FFF4A417
FFF911CA
00073494
00062603
FFFE606B
00026723
FFFC6349
FFF7D115
FFFCA3F9
00046299
000EC1EA
00050319
0002B1FD
00016458
FFFD85D0
00041BF2
FFF0FDE6
00008E7F
FFFF6A32
FFF79BD3
0004E798
FFF779CF
00014B49
00013FA9
FFF4AB31
0003C161
FFF1B69D
FFF83FA6
000579D4
FFF4BB33
FFFC6E55
0006D68B
0001091C
FFF9D3B0
FFF90E2A
0007B5B8
FFFC657D
00070961
0002505B
FFFD6894
0002C7D8
000608D5
FFF64CBF
FFF3939E
0002A0EE
000F4D70
FFF7CDCC
00056F46
000A3E72
FFF7DE36
00004811
0003604A
0001F03C
FFF6ED90
FFFAAF27
00054A6F
00031F24
0007078A
00093DD5
0000DB3E
FFF90A72
FFFCB496
00098CB2
FFF529A5
FFF39547
00020A97
FFED22FF
FFF84E8C
FFFA07C6
FFF592A1
00081A1E
FFFDDBF5
FFF9BD8D
00095FA0
FFF90ACD
FFF911CB
FFF4A13A
FFFC52B0
00051581
FFF913A3
00031698
FFFE9430
0009A455
FFF6A020
000774D2
FFFC26B3
0002DD77
FFFE5705
0005A3AB
00072CDB
FFFBE281
FFF33AD0
FFFF887B
0009B933
000784D8
FFF0BE21
FFFE865E
000235DB
000F815B
FFFFAFEA
00027271
FFFEC21B
FFFCC2F2
FFF8E8D9
FFFE2075
FFFB14D8
0006858D
FFF574BD
000069B1
0008F97A
FFF50291
FFF15E6D
FFFAD5C5
0004DD28
000026A2
00023E0B
FFF3006D
000ED116
0000A2D4
FFFC93CF
000696A6
FFFC2067
FFFC61C8
000467DB
0001F36F
000D2799
00155403
00075F36
FFFC4C8C
00028F2C
000344B1
0001D456
00048D63
FFFD9C5F
FFF9FAFB
FFFC09F7
00030231
00047DF6
0009B0B1
FFFC7135
FFFEFD6E
000493DE
FFFF992D
FFFDFEE5
00042E37
FFFDBFB3
FFFF5F6B
FFF3C12A
FFFFE337
000651BD
FFFE9D94
FFFB9C6F
FFFA582F
0005C468
FFF47A18
00093833
FFFDD05E
FFF4DED9
FFFA1D98
FFF3910F
0004FA18
000D601B
FFFB082E
00059C18
FFFE8E26
FFFF20C2
0004EEFF
0004C2A5
FFFCD470
FFFE364B
FFF58773
FFFFC5A5
00061978
00068711
00007E71
00000F14
0000C8DC
FFF88CED
00047A34
FFF62611
00034315
FFFA93C2
0003E029
0004B6E6
00063DE1
0004079D
FFFF09AD
00027075
0007C625
FFF86C9B
FFEE5A1C
00089EA5
FFEE00D8
FFF919E6
0005F0A4
0009C3E9
FFFC6508
FFFD4335
FFFA9FAB
0000EBEE
0001638F
000842DF
0001A8A0
00017E77
00082455
00065D2D
FFF4BEDC
000B4E4D
00075D57
FFF8DC35
0007B9D1
FFFDC894
000204DB
00054867
FFFA7FF7
FFFAD1BA
FFF67F32
00054699
0007C3EA
0003BB2B
000B86C2
FFFDD7EE
000367B6
FFF7D78B
FFFFE6F4
FFFF41D8
FFFF02DB
00015D23
FFFEB9AC
FFF9F891
0001C9FC
00092D45
000242E8
FFF4484E
00054629
FFFFFFE6
000446FB
000611EE
FFF44E93
0008538B
FFFCF95A
000403BE
000444DA
000A8C98
FFF457ED
0009724C
FFFB17D2
FFFA9547
000A8D9B
0008F2A9
00046BB7
000D3ED4
FFFBD589
FFF9736D
FFFDA49B
00078680
000A1B3F
000A0319
00004900
FFF91558
FFF8B9F4
0012C367
00038151
00087D0E
0006E853
FFF4F658
000F511D
0003EE7D
FFFF97CE
FFF2D530
000CD1D7
0004716E
FFF968F5
000AC0A1
000AFBDB
FFFFB7DC
0000FC10
000041AE
FFFF7176
0004C6F8
0009818F
0004E67B
FFF949E0
FFFCE1B6
FFFD772D
000249AF
FFFB9ACC
FFF95E85
FFFA6E20
FFF55579
FFF0F7B9
00090AFC
FFFBAF36
0006826E
00094A40
0007F301
FFF98B6F
FFEEC3A3
FFFF9D5F
000253CA
FFFB93E8
FFF8CEBA
FFF86A90
FFFACB14
00077543
00041A46
0008040E
0011BF38
FFFBCBDB
00024D56
FFFB95E9
FFFC9185
00036906
FFFFF358
000AECB6
000673EB
0003F45A
FFFB6DF6
0000ADF7
FFFBEA0A
FFFFAD90
FFF8E51D
FFF97D17
0011A64F
FFF7974E
FFFB1A86
0002BC86
FFFA55A5
FFFA74BA
FFF945DD
FFF64C02
0004B902
00140F45
FFF4AC09
00026704
0001F98F
FFF3FC3B
0000AED7
00029356
FFF91A10
FFF8C459
FFFB62D7
0001710E
FFFD1BEB
FFFA99BE
FFFCADB1
00009947
00042F50
000157EA
FFF86A69
000A7CCF
00012773
FFFAC2FB
FFF7F1D8
FFFB28ED
FFFA198D
0001BB9D
000141BB
0003DBE0
FFF5489A
0001E42F
0001281C
FFF15B1E
FFFD6DA8
000470A3
FFFCB605
FFFC182C
0007F959
FFF3EA9D
0004328B
0001A2DF
0000A880
FFF57624
000AC116
FFF727D9
FFFEDF87
FFFBC371
00039514
000002D9
FFF47B93
0002875B
00025920
0007E8CC
FFFAE609
FFF2BC5D
FFF296F5
FFEDE67D
0012750D
0003B434
000C96DA
00109A23
FFFB7F53
FFF11F20
FFF692BF
FFEEDF78
00014AAF
00115600
0001CAB6
FFF02B44
FFF7279B
000A585F
0018531F
FFFDE2A3
FFFEC8CF
00100E15
FFEAC975
FFF9937B
FFF7B1C5
FFFB1AD7
FFF25A7C
00049A7C
00065E2D
FFFA963D
FFFA4232
0013DBEF
FFE7AD92
00092ACB
001341C6
00057B19
00129B5F
000BAEFD
FFF47A50
FFF3FC40
FFECF0B9
FFE686F2
FFF6EC12
002A296F
00034B73
FFFABD53
FFF52459
000BB0FF
001A156D
FFE937FB
000DD607
0011653D
0007E7B8
000794E9
000FC2A0
0009AB0D
000CADAA
0005EB6B
FFE08CF1
FFF6FF0C
FFF00AFC
000D9594
FFF0C3C1
000B08D8
FFD951C5
FFF08A4B
FFFC4399
FFF0C2E7
000769CE
00061F74
FFE31772
0025010E
FFF743DB
FFF502D1
0003556E
000A3991
FFF31B5A
FFFFB16C
FFE8A2AA
00002947
FFF6A475
FFF35464
FFFA8F5A
FFF3816F
FFE8D2D7
0012C173
0010257F
00169576
0001B75C
00013EE8
FFF3D456
FFFB6377
00072611
FFFF78A0
FFDC4DAD
FFF577F3
000AC986
000951F8
0003338E
FFFD8F37
0003BDE5
FFEEB6FA
00119E76
FFF3EB8E
FFFEE866
0008409B
000C18D9
00013943
FFEB017F
FFF9EAB9
FFE170E3
FFEA123F
000CEB2C
FFF3A534
FFEC9724
000C8AB2
000CA07C
000F2280
00035196
FFEF1B6B
00089486
FFF86287
FFFA96FA
FFFED866
FFF03FDE
FFFF71BF
00012963
00036679
00053597
00166031
FFE05372
0008C76E
0008EE0E
FFEB369E
FFF2D032
00198E3C
FFF6CF26
0001ED68
001A624A
0000B034
00106BD6
000C423F
FFF74B3B
000BD7CA
FFF5BA91
000739BE
FFF8122F
00162937
000A5669
FFF06FE3
0008AB33
FFE7DAB3
FFF9D3F3
00001C49
FFFC7269
FFF4743B
000DCFAA
001D3EE3
00043DAF
00103C3E
FFF0616D
FFF14548
FFE50A8A
00055CB2
FFF99E2D
0009C6A8
000BE3CE
00037EFC
0001AEA9
00085C06
00047F43
000176C5
FFFA427A
FFF83442
FFFFDCAB
FFF9D1E1
FFF52036
FFF7AF43
FFE9FDD8
00134D86
FFF9F0A1
00046D9A
FFF435AF
00137B0C
000D16B7
FFDE06C9
0003CA92
0005CAC0
000FFF17
FFF82E31
000CA1CF
FFFC9DEC
000F06A4
0000352C
FFF60070
FFF99543
0000C9F7
00077E33
FFF8D7BD
FFF9E202
00047D52
000157BC
001683AE
FFE85248
0008186E
FFF7307E
0014E14F
FFF2DBF2
0006C426
00056CC3
FFFDB6FC
00091C09
FFFE7560
00104F61
FFF10A75
FFE2CA33
FFF6C80B
000A464A
FFFFCBB7
0003BC56
FFF233AB
FFF35D98
FFF642AA
0010DCCE
001727D0
FFF7D9B2
0011A098
FFEFFBF5
0005EA4E
FFE6F0BA
00111060
FFF85984
000A5F3A
0006D7E5
00016B1D
00277761
000D455D
FFDA389C
FFFEF69D
FFE59966
0005A308
00144986
FFE99EFC
000B8DB4
FFE947DA
FFFD3495
0005B0A3
FFEE68CB
000631B3
FFF00363
00022F9C
FFF2666B
FFEC08B9
FFFD8438
FFF70819
0002F152
00132385
FFF83188
FFFD2B7E
0011D092
FFF2BC4D
FFF9969E
001E7DCA
FFF2A4B8
FFDCB557
FFFD7E80
00074F16
FFF8D0FA
FFF89B31
FFFDDA82
00113EA4
FFEFB60F
000A0A26
000E37D0
FFF8370C
FFF28D69
FFF2BA52
FFFE581A
FFFB318D
FFF7A29A
FFF451A9
0006FC87
FFE36905
FFF354CC
0001F3AB
000B9727
FFF4C16B
0000D892
FFFEC300
FFFD6DFE
FFF22D7E
FFE67DED
001DB6EB
FFFBA875
000290E4
FFF572EB
FFF2AB47
FFEF8324
0010905B
FFEFA0F9
FFFF0ECD
0007B325
FFF12892
00027091
FFFF4C93
001242E9
FFF8D9FB
FFD91567
001987EB
000FB580
000738E4
0003330D
FFFCB90F
001CA4C3
FFEF4A27
FFFC4B38
0006AC48
00051FE2
0009C161
00018F9B
00095A4F
FFF3B292
00097D77
FFF78AEC
00069B69
FFF6E519
00104AA8
FFFBC3B7
FFF79F92
FFF572F0
FFEBFBCC
0002B276
0005885C
0016C408
000B944A
000F3932
FFF8F68C
FFFA4E9D
FFEC04F3
FFFF138F
00010B74
00074325
000BE77C
FFFB9CE7
FFEF7C00
FFF80512
000AC00F
FFF6D29E
FFFF7B56
00024558
0003D5E9
FFFA9C04
00132811
000BDA2A
FFEEA45F
FFEC0C28
FFECC6A3
FFF143DD
0011DC63
FFFB8A22
FFF9803B
000D38FE
FFF1CF6A
000FE2F6
00081F5C
FFFC5AA7
FFF522E4
0001905E
FFFAA2D1
0008BA51
000651FE
00071845
000C8F55
FFF9845B
FFFBA1FB
001567E7
FFF6BEBF
FFF8B8F1
FFECD970
FFF11A2E
FFFF0F32
FFED78CF
003D0E87
FFDCE00B
FFF49E81
000DEE49
FFFE7C3C
000D19D7
0002A858
000AF051
0024CDB5
FFDF6857
000003C5
FFFBA3DD
000C4B09
0000B9B4
FFEFA39B
FFFCF675
0008F8AD
FFF034BC
FFF6BB21
0011C248
FFE5EDC5
0005FC70
FFF446D9
FFFACFDC
000F70FC
0009DB31
00025E16
FFECFC34
FFF5A9DC
0006CBA1
000EF004
FFE94549
FFFFD979
FFFC9D3D
00047856
000DC606
001BEEEE
FFE4D8BA
FFF8E172
FFEF952D
FFF8BF65
00128625
FFF3E4FE
FFF69EBB
0003D905
001764C4
00103B40
FFEFE806
FFEB8BD7
00111F91
FFEE983E
FFFA77F8
FFFE58B7
FFF0A318
00104ED5
FFEAABBF
00079BFF
0002A3AF
0009029F
FFED4FB7
FFF7BB88
000F1378
FFF64BF9
000D77FD
0002F238
FFFC4363
0006133E
0004E5BD
00016DBC
0000FA18
000505DD
00037C62
FFF61C06
00012969
FFF11647
0009932B
0000761F
000D9FC6
00159533
00073EF0
00097DC4
FFD71FA8
0016A743
FFF4D820
001A788A
000937DE
000B7DE1
FFFEF2FF
FFF9AD70
0011DFBF
0004AE4B
FFEE371D
FFF4094A
000EB0FE
00057806
FFF80850
FFFCD664
FFFDCF2C
0012857C
000088DD
00050E92
FFF48EEA
00025825
FFF5A968
FFFF1CE7
FFF5C909
0006BD56
001C9823
FFF680A7
FFEFE6F1
0002D8F6
FFFE7467
0006AB4A
000759E8
0008BF56
000512E4
FFF40641
FFE343A6
00156924
FFEC7222
FFFB7688
00137D25
FFE9A738
FFFC6146
FFFB0F63
FFFCD265
0006EFF0
FFFD84FB
FFF01663
000D5FB7
FFF94FB4
000B6762
FFFB4250
FFFB1102
FFF789AD
0011514F
FFECCC99
00067A8E
FFDE923A
000CBF7A
FFF2FAE1
0001E614
FFF4E0F0
000017B2
001B8AB2
FFE60C3D
FFFC26A4
FFF9153A
00046737
FFF0F519
FFFE3B5E
FFFDB1EC
000CB0EE
0011CB63
FFF41583
FFEFED63
FFEB7062
000859BD
FFF01FFE
FFF191A9
FFF0FA14
FFF5B45B
00094DE8
FFF10768
000E719C
00102A79
0000297B
000501A7
00037FDE
000B3DC5
FFFA5329
FFF2EA5A
000DFA5B
000FB03C
FFEAA2BA
0008F52F
FFEF061D
00114AE1
00133BCB
FFE54DD1
FFFD32D3
000F9A31
FFE9B2CA
FFFB5582
001C17A1
FFF94CED
FFEEB2D5
FFEE531C
00134609
00121434
FFFFCC16
000D57A0
FFFE9CC6
000A96FB
0009406B
00042BD6
00082B77
00043121
0003D281
FFFD7F1C
00070E85
00028372
000A429F
FFFDEAA8
000A1655
000408F6
FFFC6BBC
FFF523BF
FFFBAD8B
0008A733
FFFC398D
FFFC7064
0009E1E6
0003A8A3
FFFC10BF
000440C6
FFF40DE8
0009EE3D
FFF556F4
FFF12D28
FFFEBC42
FFF8D0A9
FFF66A7A
FFFC1F91
0006576C
0002C56F
FFFB28E3
0007EF41
0002417A
0006ACB7
FFF8C335
0006A677
000893EC
0002C8A7
FFFCEC96
0007DE63
FFF4D909
FFFDE8BA
FFFF302D
FFF9C14A
0002A5D0
FFFEFBA6
00096E7E
FFFEAE03
000C6622
FFF59CC5
FFF9C8DE
FFFE3263
FFF888A9
000015BD
FFFF4DB7
FFFAF742
FFF5CFEA
FFFE160B
0004E3BF
000134C8
FFFA3A4D
00070A44
00087583
FFF74B1C
FFF3BCC7
00097881
FFFCEDC0
FFFF8E8E
FFFB02F0
000B0902
000CA684
000B67B7
FFFBEB0C
FFFE047F
000BDCBD
0008FCEA
0007D282
FFFDCACB
FFFEF4B7
000B0888
00028194
000105AB
FFFD69C0
FFF94FBF
000CC5A7
FFF93E8D
0009F005
FFFBE24C
0006B5CB
000490DE
FFF9E450
FFFC491F
FFF530EE
FFFB1EE1
FFF7B01E
FFF7708C
000231C7
FFFAB159
00095A38
000587BA
000988A0
000B7F72
00088B41
FFFB39E4
00016AF4
FFFDC54F
FFFAF878
00026A17
0002FDCA
FFFF3AE1
FFF8BEC1
000AFBE5
00006D25
000268DD
0003E408
00064493
FFF8C2ED
FFFC18DB
000765D4
FFFDC1F6
000A1F95
FFFC50A7
0002A6AF
FFFCAB71
00064DCD
FFFAABA3
FFFFCF5C
FFFCF505
00093F92
00028267
FFF60DB3
FFFE4187
FFFFB96A
0003E013
000AFAF5
FFFA06B4
0005A27E
0002138C
0004DA08
00037E11
FFFB0D36
FFFB92C2
0007B259
FFFD0DC5
00037E3B
0007FBE3
0007AD92
00085D7B
FFFFD118
FFFF9FAA
FFF59BC0
00040B23
0007BF9D
00067BFE
FFFC7963
0000102C
FFF4B759
FFFA7096
0005B7C2
FFFA7C9E
FFFE58D6
0003DA5C
0001E659
FFFDE59D
000C5204
000AEA59
00021401
000E35F2
00058905
FFFEA1E6
FFFB4D0C
FFF4B127
000535FF
0000C8FC
000502C1
FFFB4478
0001CA98
0000A746
FFF447C9
FFF7DFF9
0003FA60
FFFAA53A
0007D325
00025E3B
0004827B
FFF907B0
0006937C
FFFB429E
00030F0E
00012368
0008A113
0000783B
FFFB9B67
0008F8F9
000158F4
FFFE67F0
FFF90339
00072233
000618F6
000B72A1
0001A9E9
00083F17
0005CC51
00021ECA
FFF8EDEF
00000110
FFF58CD0
FFF98F2E
FFFE7F69
000A362E
FFFE6944
FFFD5A19
FFFD2728
0006174C
000AC1F7
000C056E
FFFA60A3
0007532F
000221B8
0000D114
0001ECA2
FFFBF322
0000C5E6
0009C160
000B00B1
0002E1EB
000C3336
000C6FB2
FFFFC329
0000A859
000783E6
000D4F9D
00018F01
0006BD9D
0007B21F
FFFBF292
FFFA8CC3
00072CF2
FFFA7F9A
0004538B
FFF60F24
0004CEA0
00018CB9
0007150D
FFF97ED5
FFFB1F14
00034B1D
FFFE3724
0004AA41
FFFFE939
00054977
FFEC12EC
FFF76AD1
00082396
0000A00D
FFFF50F8
FFFBAD9F
FFF15B52
00018EDF
FFFA1043
FFFF2173
00065BF5
00029787
000881DA
FFFDD016
000C0CC4
0011FEBA
FFF7498A
00066BCE
00013C0B
000C46E2
000965E5
0004FB58
FFFB9DEE
00009444
FFFDF29B
0005C47C
0001180B
FFFAB0BD
FFFFE2CE
FFFC30DF
FFFD8870
00026D6D
00023DA9
FFFD1C47
000449FD
00005002
0000A551
000840AA
000662F7
00119722
FFFF8932
000D95F6
000CBEE7
0002326C
FFF88123
0005EAE9
FFFEE4DC
0004E9AD
00030BD9
FFF624E2
00089AC8
00018DCF
0005061F
FFF97CF8
FFFA3519
00051D4A
0007F12D
FFF57973
00102FBF
FFFE6C41
FFF60224
000534C0
000C1706
FFFD9D66
000636BC
000E9EA0
000A618C
0006CFF9
00084DDB
FFF8B5E4
FFFC00E1
FFFB87B9
0005D2B9
0007F36B
0007E821
FFFAD120
0003DC84
0005E02F
00065100
FFFDF2F6
000A0A6D
00099792
00073F4A
000A3945
000AC786
FFFFF310
FFFC24D1
FFFF4FD6
FFFC08CF
FFFC59B1
0003375B
FFFE7107
00042196
00078446
FFFFAA5B
FFF95CA2
0007DC3B
0006EE78
FFFC09E7
FFFD63D5
FFF52EBB
00080141
00083A80
FFF9FBAB
FFFB4CAE
FFF820BA
0001E1B8
FFFCEAAF
FFFF04B8
000044CB
FFF6EE0F
FFFF2253
FFF9FBE3
FFF889BA
0001E3EE
00032C95
FFFB4DB5
FFFA5E07
0003679D
000BC2D7
0000C30C
00025000
000F6A49
FFFE4314
FFFDCCB4
FFFF6041
FFF75912
00007FB1
00010E1F
000BFFA8
0004D05A
00035676
000BB666
000B5E24
FFF6F42E
00058B01
FFFA3E5A
000BE675
0008A419
0003C198
0004212F
FFF3EC5E
FFFB6D3B
00090CCF
FFFB4CDD
0002A3A0
FFF97DDF
FFFF5AFF
001178C5
FFFAE5BF
0001F12A
00021ED4
FFFAF6F8
FFFF0881
FFF95EA9
0003FC34
0009C68B
000B8D5B
FFF5A3F9
000518B3
00044455
00024637
00039781
FFF56CFF
FFFB7654
FFFC5AA2
FFFC1F7B
FFFFC5CC
000B14D6
FFFA855F
FFFDC6E3
FFFF6D18
FFF87E94
00036C76
0001F548
00028D7E
0002F21A
FFFF90A4
FFFE4D35
00056740
FFF749FF
0006F03C
FFF54799
0001D739
FFFE8577
FFF602DD
000801D4
000722F2
00030733
000E522C
0004F4CB
00084C08
000569AE
000CA775
0002ACFB
000ABC0C
FFFBD866
000686C6
FFF6D85B
FFF5A932
000ABF7E
00059944
00050336
FFFB19F3
FFFE140E
00008E9C
FFFCF1D8
FFFE1B73
00081EDE
FFF27611
0000EB82
00109039
FFF00220
0002783B
00061ADE
FFF8BD78
FFFAD99D
0004AAF8
00048E0B
00043A2D
FFFD7353
FFF3DF41
FFF69A28
FFF926C8
000BAD5E
00091FD1
0003F141
0001467E
FFFF4884
0005E369
FFF975D3
0000BCD0
00118F8B
FFFCE7C5
FFFE9D49
FFF8DBAE
000622CF
FFF311A1
00035535
00016F53
FFFF5F13
FFFC6FFE
FFFE34FD
0009FA3C
FFFFDC13
0001819C
00064531
00084615
00066429
FFFC9470
000698FF
FFFCB15E
0002BA97
FFF83A2A
00065046
0007BD0D
FFFAF9E6
FFF412E6
00007526
FFF9AA89
0005E682
FFFF6720
FFF4F173
0005B729
000A5DFC
FFF81E6C
FFFBC6D6
FFFEC1A0
FFF6C0FE
FFF9C31C
000566B4
0004DD74
00044258
000F6062
0000A451
000834F4
000407B6
FFFA67E6
FFFA14BE
000A1774
0004DEA1
FFF8FD97
00081279
0002622D
00012AD4
FFFA0EB6
FFF7BAF6
0000C9C8
FFF8227D
000702EB
FFFAA103
000A2817
00024D9A
0005ABDC
000A53EB
0000C428
00099238
0006BA77
FFFE2E3A
FFF9A522
FFF94EDC
00009810
0004F7CB
FFF39B93
FFFB114D
0004347D
0002CBA2
FFF720D4
0007FDA1
000A5DB0
FFFFB53E
0000766E
FFFF1BF5
FFF614AC
0005EBBD
FFFFF396
FFFA57AE
FFFC237A
0007635D
FFFA2149
000A2EC9
0001F3D6
00027778
000DDBDD
FFFBD3FB
000DCC97
000BDC82
FFFDC16D
FFF902F8
FFFE9003
FFF6FED5
FFFB7B74
000C1E4D
00029006
0002F95B
FFF5E0AC
000958CD
0003ADF9
FFFFE216
FFFFE716
FFFD1FF0
FFFBA40E
FFF70047
0003191E
000958D2
FFFDB868
FFF7350D
00033D22
FFFBE8D0
0009A586
0000FB83
00097021
FFFA64AE
00016A87
00051E55
00052D11
FFFB8CBB
0005CB62
FFF9A204
000426A8
0001AD50
FFF6A4BE
FFF2B6E0
0002BD98
FFFAD644
001148F7
FFF8B5DB
00057C56
000E3920
FFF7286B
FFF8575D
FFFEB883
000BDCA3
FFFBBAA5
000E4825
FFF7810D
0002579D
000156FB
0006460E
0009B204
00091E78
00188449
FFFA8B15
0004FEFD
00074A59
000EEFC8
FFEBEFC0
00097291
00104565
000F0972
FFFB8826
0000E978
FFFF42DD
00071732
FFF82E18
FFFB71E2
FFFB7099
FFFC05F9
FFF13A57
0002D02C
000770AB
FFF673ED
FFF6EDB0
0002818A
00034C63
0005D144
FFFCDDE4
0001CF09
FFE417BA
FFFA9885
0002F168
FFF6D730
000D5B02
FFF926B8
FFF0E971
FFFA9FB7
FFF9893B
0003C2E4
FFFC5FDF
FFF5A6CD
00012742
00083B48
FFF4A26B
000162B3
FFFDC6AC
0002C774
FFFD5CF0
FFFC93D8
FFF40562
FFF6447A
0001C605
FFFEA703
FFF8599D
0007AEF0
00046333
FFF44A6D
00020C4C
FFF46106
FFF186B8
FFFBAF19
000B216A
FFF521C0
000B9767
FFF7E22F
FFFA624F
FFF7A264
000982D4
000A4301
000088E5
FFFB21D4
FFED8D9B
FFF870E9
0001BE11
00027245
00122EF9
FFE92539
FFF65AA9
00108A4A
FFFE339D
FFFCE5D3
0004CD45
FFFAFF02
FFFBA710
FFF4038C
FFE82A2D
00072D58
00060166
0007E9AF
0002829A
FFFD4D66
000A254E
FFF50338
FFF37F7A
FFF5E557
FFFB12D4
000FFAE3
FFF24C8F
0007BE13
FFF8F44B
0009C79D
FFFE40A9
FFFF71C4
FFFECBE7
FFFB5013
FFFA5D62
FFFD437A
000747F2
000EF983
FFF57EE3
FFE7F0DC
FFF8A97F
00077CF3
00090B51
00056086
000055D9
000302A6
FFF5960B
FFFA44B7
FFFAB5EF
000AB237
FFFE8386
FFFD8FEB
0002C202
000006F4
FFFE17F9
000256AF
0005936E
00016357
0008D817
000C9743
000B909A
FFF60DAB
FFFCD0CC
00014D5F
0007051E
000AFDC1
FFF9E5E0
00014043
FFF99770
0007DE38
0002E6D7
0003F49B
FFF6FC1E
FFF64CF4
000227D0
FFEDD689
FFF6513D
00073FA3
0004EB41
00013148
FFF40CE6
FFF7481E
FFFF2C4B
0001BBAF
FFF40901
0001F4A9
000D4D21
FFF86CCF
0006B7C5
00006C4C
0009CF61
FFFBE8F7
FFFDE0D1
FFFCDACB
000A4754
FFEEF497
0001E8BF
FFF57D08
00061C2C
FFF78AF6
FFFE21CA
0001966D
0000B7DF
0001AEE9
00090A02
FFF50D88
0007C7BD
FFFF605D
FFFE58F8
FFFFD67E
000D230E
0005F12E
FFFA05F0
00084AE5
FFFBC183
FFF9AB6F
FFF98EC7
0000F1B4
FFEFFCC1
00049BCC
FFF8D57E
0002B6E3
FFF5B8EE
0001DE49
00030ACD
00066C62
FFF690DF
0005C8E2
FFFC723B
FFFE5A08
000203FE
001B7576
0008714D
FFFDCA17
FFECAC52
00067A67
FFF94755
FFFC1A3A
00083255
FFFB821D
FFF4E9B3
0008A574
0006EBBE
0001734A
FFFD359E
FFF629B9
FFF9A0B1
FFFF8EF9
00098071
FFFE1EB1
0008AF94
FFF6BCD7
FFF8F205
FFFFC3F2
FFFD320C
FFF76D82
FFFFDA6F
00069860
FFF3B5DF
0000CB67
FFFB1B77
FFECE817
00097DF7
FFF95C5B
FFFBD66D
FFFF653A
FFFE8A12
FFFBFCEE
000E470D
FFF50BEC
000BB6C3
FFF8EBA9
0001C84B
FFEE74B7
000317F1
00068C8F
0006C0DC
00010B32
000A50D5
FFFBED87
FFFE9F3D
FFF784EA
0004483C
FFED3DA6
FFF9B487
000BF266
FFF1CE61
0000835F
00019434
000F011C
000282E7
00037653
FFF3D00E
0001DA50
00001856
FFF5CF31
FFFAA2E2
0004D596
00050286
FFFAF97B
FFF68FE1
00054A32
000E38C4
FFFB45A9
FFF938FD
FFFD92D4
FFFE4D04
000B67EF
000AE0C7
FFEEC9E1
FFFBDAC4
FFF84217
000EA90E
00095226
0006A8D1
FFFF950E
FFFE53CC
000A7F20
FFF0E4CB
FFF8465E
0002059E
FFFDBD11
00013EB3
00047F46
FFF7E40A
FFF372A5
FFFF1270
FFF0213D
0011C254
0003B94C
FFFBA195
FFF2C003
000A699E
00093941
FFFFD938
FFF3EE62
000035F3
FFFAF3F3
FFF079CA
00067E96
FFFFD5CE
FFFA0FF7
FFF156DB
FFF0C933
FFFD2A32
0000D688
000A803E
000B566B
FFF5CC15
00031F88
0000E410
FFE1AB8A
00075A79
0003386F
000D0344
FFECE809
FFFB6C4A
FFFB4989
0007FFA8
FFFC34D3
0001F955
FFEE40D4
FFF99984
FFFAC458
FFEE35BE
FFFB751C
0003AD62
FFF0E2B7
000FF72E
0004034F
0006BB6E
00003455
000DDDCB
00101763
FFFBFF7A
FFF7CE77
FFF3552C
FFF9DE26
00077BBC
FFF24E2D
FFFB499D
FFFC5B11
FFF3724C
FFF6C6E8
FFFCB5ED
FFF206DD
0005F8A0
FFF7851C
000728D2
FFFBCC04
FFF3C66C
FFFBAF38
000E3E03
00022351
000BBFC5
00060CFD
FFFC7FBB
FFFCF605
00052F1C
FFF2CC05
FFF77947
FFEEA607
0000EB45
FFF4A6B3
00018DA3
0003AE06
FFFD6E78
FFFD8720
FFF42017
00031B91
00040ECE
FFFEAE2E
FFFF9235
000140B1
0006E18E
FFF8AA32
00093A5F
00071B47
0006351D
FFFD5D61
000B4883
FFF79F9A
000B4252
00002D97
FFE67280
00063B22
FFF86DE6
00084145
00079BC1
FFFFC124
FFE9EE41
FFFA4F24
00069381
FFF08DE3
00082907
000CCD5C
0002A7E2
FFE8844F
FFF39E17
FFE8514F
0006BF3A
00014400
00016B9F
FFF91BB1
FFF3E67F
FFF93DA8
FFFDD14E
0003FE37
00013CB6
000E93A0
0007EB02
FFF3B3DB
FFFE758F
001383B5
00169AE5
0004C5A7
FFFE1E1D
FFFA5113
000390DD
FFFB097E
FFE9F55F
FFF2B510
0006B881
00004D64
000C978B
FFF25353
FFE6DB34
0007AB07
0008E313
00037624
FFF7E34C
FFFA60D1
000C19EF
FFF6FCFA
FFF84A16
00080B92
FFFD2C35
FFFCD9BD
000FCAD0
FFFB0B9B
0004A1F1
FFFBC3FD
0002E5D2
000EF557
FFFAAAB4
FFF5B076
FFF34546
FFF2629F
00035519
FFFE8354
FFF0663D
0013C9CF
00081BD3
0015894A
00091B54
0000FB38
FFF7EFFE
FFF72B08
FFF9900E
FFF56A5D
000F5B50
FFFD0D88
000469D6
FFFEB076
FFFB8287
000FD7F7
000D040B
FFFA3DD9
000A5431
0009DE8A
FFF4EAA6
FFFF8E41
0009957C
FFF6D390
FFFE960E
00065CE5
0006A334
FFF73FC1
001341E9
000E900B
0004219B
FFF78F79
0003662D
00008A20
0001ABD2
000B4177
FFFB38E3
000DAE65
000C2CE5
0005175D
FFFBFE69
FFF750DE
0018CAD7
000747AF
FFF70A97
00013782
FFFB0385
FFEB5917
FFFD5786
FFFE0DC6
000516E5
FFF2728B
000A30F0
000CCA64
0004CF57
000F1B77
FFF5C880
FFF9157B
FFF37A84
FFFEF1F4
FFF91064
000A7BBF
FFF5A0BE
000440E6
000782C8
0002C1B5
00069CEF
FFFBDC8A
0008A10B
00061710
FFFAD39E
0003F81C
000531BD
00011DAE
FFF4DF90
FFFE84F3
0004DF07
00040D99
FFF46821
FFFA8330
FFF68B2F
000BB77F
FFF245E4
FFFCCC96
FFF055AD
00062944
FFFCD7A3
FFF57524
00057DE8
000A3172
FFF8FFE1
FFF72B7C
0005915F
FFF314A2
FFFFDB8C
FFFD6121
FFFE42EE
00096307
00061631
0008128B
FFFDEEA4
0008DFDF
FFEB134F
FFF3B9A6
000400F6
0005521E
FFFFA4CE
FFEC882A
0011E489
000333F6
FFEDDFE9
0005A935
FFFD4CB0
FFFDE8F1
000A4173
000228F2
FFF96F46
000974E6
0005787E
FFED545B
FFF293B3
00006D0A
0009634A
FFFA20F2
0003494A
FFFEE401
000063FE
000A49A0
FFFD8B95
FFF7CCAE
0004C7FD
FFFC3384
FFF95C73
0000B755
FFE9C906
FFF6B159
FFF3EB75
FFFF51C1
000C53C3
000AB681
FFFD5B5D
FFF804C7
FFF4A414
000C1244
000382CD
000B4ABB
FFFB9F30
FFF8553C
000C3AE3
FFF509C2
FFF98A99
FFFBCD2B
FFF74AC8
0007F1EE
00042670
FFEE6D6C
FFF6D98B
FFF83E61
000AD22A
0000B840
0002FDD3
FFF77837
0004F63D
FFF984BB
00028447
FFFC4E4B
00052C22
000F185F
0005EDCC
00033880
FFFEF044
FFFFE58C
0001D9DF
0005964E
FFF4F5D7
00039E29
FFFA4F1E
FFF8013C
0006DF31
FFFED90E
00054139
000A97AE
0008DD80
000234CF
FFF927F3
FFF6E71B
FFF51338
00054B74
FFED2637
FFF7D726
FFF9CD7A
FFF29AAF
FFF72E72
FFFF4A90
FFFB92DA
0004F946
0009BB5D
00069B22
000237FD
FFF89B94
FFF4EF15
FFF90232
FFFCBFA3
000A4E80
FFFE6B9D
000ACA08
FFF7C3B2
00042F37
000EF180
FFF040A9
FFF35D30
FFF7282A
FFF6CF82
0001539D
000649B2
FFF6BFD4
000904D2
FFF847F0
FFFAB657
000B0D99
00130F1A
FFFA9B4C
FFEE8837
FFFF67D7
000287AD
FFF2601B
FFF806B1
0003A7DA
FFF4046C
0000E065
FFF7F74B
00025179
00020A9E
000C556D
00055760
FFFFDDC3
FFF5E245
FFEF459E
00000F7E
FFF2F02C
FFF16A3E
FFFFA194
0003C7E9
FFFBCA9D
FFF8E048
00028E5B
000115AD
FFFF0D7E
000B893C
000BA691
FFFC95A4
FFF188CC
FFFBA531
FFF78637
0000BF2F
000B39A4
000A4A55
FFFC2ADA
0008C9D4
FFFD381A
0001A5CF
FFF6EB51
FFFE2EC3
FFFCD676
FFF5069C
000567E2
00031A5C
FFFB056C
0008C285
000DC89F
FFF88225
00036630
FFF64CE8
0003E76F
0000D10A
0008491F
FFF317A5
0002A772
FFF5EAAA
00040004
FFFD43E3
FFF4F96D
0006F497
000146C1
0001CDFC
FFFDEE33
FFFBF2EC
00049729
000B17B1
0006397F
FFF292E4
0002EDB8
0006DD26
FFF6F2CF
FFFF5F47
FFEF0652
00034B55
00047B5E
00148117
000B588B
FFF7F309
FFFF2CEF
FFFF1707
000D09EF
00057280
FFFFE7AC
000D32C3
0008E088
0001E437
FFF7F17E
FFF8EEDF
FFFF71F4
FFFE9D5F
0006F66D
FFF6E914
FFFBF122
FFFC92AE
FFFC910F
FFFE9260
FFF3618D
0001573D
FFFD512E
FFF8FB69
FFF90A58
0000F2ED
0014A679
000644F3
000144C0
0012F59D
00039699
FFF8FCC3
FFFDA9C1
00001F0C
0003B3C3
00058683
FFF64ACB
000A4401
0006C4E5
FFFA401D
FFF2F375
00005D3D
000C37C8
000A8FBA
00031736
0006728F
FFFE6C67
FFFA375F
FFF33022
00037CDE
FFFE382F
000E2DD2
FFFC8419
0005DCA1
0007CDF1
FFF2C99F
FFF872B4
00011785
FFF77330
FFF8B0A9
0003A168
FFF4BA79
000123C5
FFFC72EE
FFFE7815
FFFBE052
0005AB2D
000D1E96
FFF4FAB4
0009ABBF
00028C45
FFFD28BB
FFFFABF2
FFF63AF2
00024811
FFF8D359
FFEE68CE
FFFF1FE6
0002618D
00047D1D
FFF96962
FFF6C5EC
FFF7A3E4
FFF57151
FFF79F0F
00012B9C
FFF27432
FFF2669C
FFFCA18B
0009FFB8
FFF49162
FFFCD088
00037868
FFF9E922
00078C97
00028743
FFFC541F
FFFF25C4
FFFA0C36
0007231D
0008A5B5
FFF83BED
000744C1
000BC3A8
FFFE8145
0004DD51
FFF901F6
0002F343
0000E006
FFF863F7
0008BD24
FFF9AE6A
FFF284CE
0003179E
FFFDC535
FFFAE7A1
0000EB81
000CDD45
FFF8FA3D
FFFFDBD4
FFFBBE99
FFFABC43
0000C0A1
0008F523
FFF7566F
FFFCD3D2
FFFDCF68
FFFAA9FA
00049C07
0004AB72
FFFDFB9C
FFEAAB4F
FFF1AEFB
00065291
00066BFE
0007DAB7
000377B8
FFF76427
00097E51
FFFFDF73
00082E83
00057930
FFFBA687
0012AF7F
000375DA
FFF9CB1E
00057BD0
FFF921F5
000059B6
00073595
FFED89BE
000C589C
FFFA8C36
FFF8F589
FFF98190
FFFBF3D6
000BB30B
FFF3DFC6
FFFB49AC
0000B11B
0000EBBD
FFFC4D4C
FFFEB4D5
FFFC5057
FFF2A554
0004E849
FFFDA658
00097EBE
0007D358
00018F99
FFFCC47F
000A70DA
FFF6B2AB
FFFDDB1E
FFF7D74F
FFF50A5F
FFF3E9AE
000307AA
FFF8B0B6
00050836
FFF6400F
FFF48BB1
00088A4A
FFFAE9EC
0006C650
000B15A2
0006C610
00069217
0002AC5A
FFFDB034
00113DB0
0010DFF5
0006E41E
FFF5E5AD
FFFB79D6
0010A759
000103FA
0009F26A
000C5A7E
0001F71E
00036472
FFFD5F84
FFFCCF9F
00028FC3
FFFE8650
FFF43339
000779A9
000AF725
FFFC3FFD
000A7E40
FFFCA79D
FFF8C55F
0004A5E4
FFF8AEA8
00045318
000997E2
0006FFCA
0007CBBC
00015147
FFFFA083
00024868
0002B5B9
FFFF83C9
FFFA7E5A
FFF096E2
00033A27
FFFF6860
00079AE2
000BA34A
00094444
00057678
000B9257
00045232
FFFCD60E
00056E57
0005EFFC
000607BE
FFF27A9D
000B2F7A
FFEDA8C0
FFFB7D40
000ABD71
0001C041
FFF714B1
0003C7F1
FFEFC7BE
FFFA08B9
00102577
FFF6CDB8
FFFD44C2
000A8E59
000A1E51
FFEC6420
FFFFA6B1
FFFF47DF
000C2D9F
00036171
0001E03E
FFF8DA81
000DD28B
0001F69F
FFF55BB3
000B0E57
0003EF60
FFFC33B9
FFFE04B1
000D3FD6
FFFA6605
000AC4F1
FFFA702E
0004728D
FFF4B2EF
0009F737
0005B982
FFF800A0
000EF1CE
0003F440
FFF5E00B
FFFF4557
0005B24A
FFFBE1CE
FFFD75FF
000861D1
FFECBC96
FFFDC802
00132A62
FFEEF5C8
00079821
00089D78
0001E8C3
FFFB2308
FFF862A3
FFF352F1
00057CD5
0006A239
FFFC19B0
0004A30C
FFF0F742
FFF5C7DD
FFF433FB
0007DE5B
FFF67CB3
000F3B67
00113E07
FFF63510
FFFC71EF
000C8D78
FFF78D48
FFFF5E5F
00059FD7
FFFBD914
FFFF2720
FFF9F1BD
000283C5
0007CA7C
FFF49D7C
FFFED1F7
FFF6C7F6
FFF1FB4B
FFF678D0
FFFBEEFA
FFFBB18D
FFF3464F
00025C2D
FFFD1480
FFF6242F
0006E941
0005FF51
0003704C
FFFE503D
FFF8EFA2
FFF29E06
FFF77695
FFF1A1CD
00033C9B
000CDEAF
FFF90FE1
FFF4B30A
FFFF6761
000DA56B
FFF5C6AD
0003997D
0002C894
FFF9761B
0013E4D1
0007B916
FFFEF8B0
000183C6
FFFB3D58
00028E72
0008A2A3
FFEF4BDD
000941BF
FFF8269C
FFF2D530
00035367
FFFE83FE
FFF1094B
0002025A
FFF1D5BE
0000C94D
FFFC67E1
FFE39A89
000503D0
FFFAD43D
0011F7AA
FFF1D992
000567DF
00016CAD
FFFEBC65
000B488A
FFFC6C9B
FFF4830C
0005EA5D
FFF8FA7D
0008A3C2
000420A6
001E4F95
FFEE21CB
0021C1E0
0001445E
000434AE
000F6B88
FFF9F4DC
FFF33A6D
FFEB9610
000867FE
FFF99C6F
FFE71AD9
000B1B99
0006AF5D
FFF9CA88
FFF7C1A0
0001AE35
FFEC1A87
FFFCC907
000751DB
FFFD3A66
FFF470FD
000C1874
FFF3139F
00005828
FFEB5CB2
FFF6C9F8
0009011F
FFED2956
FFF7A7BA
FFF1B30B
000709EE
00096E81
000B5726
FFF6D30A
FFF030D6
FFFDF963
0000A9B1
FFFA323E
0002FACF
FFE933DB
00041F55
00077F2C
FFFA8CE5
FFE55C85
00040B8F
00012B62
00071C4B
FFF1C1FE
FFF0B710
0016211A
FFF70960
FFFCB27A
FFF94BAD
0000B158
FFF6A621
0005B91F
FFF11FCD
FFF33244
000B057F
00006CB5
FFFE9528
FFFB07F8
FFF7DBEC
000013A4
FFE82FD0
0003DA9E
FFF39E21
FFFB4FAE
000C37CD
0000C462
00020395
FFF73E71
FFF7DD52
FFF2C555
0001CE6C
FFFDC8C1
0006B720
FFE9ADC7
FFFE7D8E
0009602C
00004D6F
0001C61B
00002B72
000F2F93
00082F55
00048D15
0006F0F4
0002C21F
00137ED1
FFED133B
FFFA8B0F
FFFF3FE9
FFFB86E9
FFF075EA
0009339A
0002A09A
FFF3DE79
0005CEF3
FFF9EEDE
FFF5814C
FFFB0103
FFFDDAF1
FFF79FE4
0006DA6E
0005B0B9
00082FDA
0008F9FB
FFF9D37D
FFED5034
0009A12E
FFEB540E
FFF91730
FFF21544
00145DB7
00053FF5
FFF9C3A0
00046629
FFF38722
00110E16
001073EC
FFEE7DF3
FFFA4EF6
0008C615
FFEBBC8A
001F53E5
FFFC1C8F
FFE66A11
FFFDC639
0002D5E6
00086305
FFFB3E18
FFEECA4C
0002FC51
FFFA5B6C
0009A4C8
FFFC4A8D
00046F31
000DBE34
000DBD72
0004ACFA
00091F19
FFFFB39E
0014A382
000374E3
FFF06583
FFF3D41A
FFFFF8BB
0006D2D7
FFF9E143
FFF52723
00030E2D
000BBE0A
FFF15D83
00094813
000724BC
FFFD07A1
FFFA5C3A
00066FBA
0002522C
00013E4C
0000DB04
0004765A
FFFDEA4F
FFFE0230
FFF57756
000DB671
00031E59
FFFC0094
00003DAE
000778FD
000A7A66
FFE3CBF5
FFF8FF39
000568A1
0003FEAE
000F25BC
FFFE7478
FFFD0490
FFF450DB
FFF8B0D2
0019F210
FFFF9337
0005FA0C
000156E7
000D8AF6
FFF39E49
0000F41C
FFFF5AFB
0012084D
000C4D7F
FFFCFACA
0014655F
FFF827E4
00040353
000498F2
FFE4411C
FFF9CC10
FFEED61A
FFF48604
0000BE35
0004C05C
FFFCE515
FFF7A413
000F648E
FFF69EE7
FFF647B3
0012FCE0
FFF0B52B
FFFC2241
FFFAD839
000F0222
FFF0DAC4
FFF6D6A6
FFFF4EFD
FFF930E8
FFFD907A
0000A466
FFF9FBA5
000CF702
FFF8DC5A
0000BA72
FFFFBFCA
FFF59FEE
FFF6C4B5
FFECA7A7
FFF60EBC
000F22B8
000768CE
FFEFAA9A
FFEE9691
000D37FE
00062E3D
00057251
FFFF52DF
FFFD4217
FFE977C8
FFF7F3F1
FFFBD30F
FFECDC93
000C10B6
FFE5C525
FFF5C4F2
0005FD66
000952A2
000ADCAA
FFF1CFA7
0014E560
FFF103FA
0006419C
000604AF
00106DF0
00087ADA
0008E412
FFF9937E
FFF08E89
FFF26E95
FFF6E313
00051E5D
00045F8B
0008CA9A
00137116
FFF5E492
00042216
0004C50E
00137646
FFF24FC7
FFF8F9CE
0011B9F2
FFECE40B
FFFBF3EF
000CC40B
0003EF69
000995FE
00005479
000BD792
000041FF
0014B54C
0003287E
0004D825
FFF61E66
00096A89
0005CECE
FFFC4738
000D67A5
0002CD45
00070571
00003E7F
0004BD95
FFFDEC88
000CAD2C
0008EB98
FFF00C50
0007D475
00049C08
FFF4AD31
00094FD0
000C88BA
FFF3510C
0003C67A
0006CAA9
FFF8D04B
0009F3D4
FFEFA2E9
FFFDC9D7
FFFA90F7
FFF0764A
FFFDFBA1
FFFDB733
000C4E46
FFF73DC8
000DB7AF
FFFC282B
000AECF1
FFF8F077
FFF4DC4F
00019C32
000ED7AA
00067284
FFF5D7AC
000A4F58
000CF0FB
000A2BD8
00188270
0010C74C
FFFE0BBD
FFF1F2F4
FFF0F0C0
FFF62CF0
0004447D
FFFE7325
00080C7B
FFF2F81E
FFF8498E
000C28BA
FFF6173D
00039D4B
000E6D61
FFEA50BD
FFF1899C
FFE54EB2
002572B5
000A24DB
FFEDD62C
00066FAA
000A9FE0
FFF7FB62
FFF789AD
FFFEE2A5
00128A98
000976D2
FFFE4689
00095D3E
FFEE853F
0001FBAE
FFF05F6F
00251041
FFFE366D
000F3B12
FFF2E96F
000D754A
FFF6F517
000CD2CD
FFFBAE1D
FFF37529
0007BE37
FFF1D15A
0012EC4E
000E9085
FFF85589
FFF43AA0
FFFD79A4
FFFCB5C5
FFFDDD71
FFEA2BD3
00049FC1
0005C888
FFF701A1
0007D9FA
FFEAF9BC
000BA135
FFF5CF9F
000BE6E5
FFFE44FE
FFE68187
FFF70F49
001678CC
001D5058
FFF30145
FFFED63A
FFFA2296
000ED647
0005E865
FFFCA990
FFFE85C2
00156570
FFEF2546
FFF4EA9A
000C1355
FFF82314
FFF68B4B
000D334D
FFFB9973
000C2CB2
00041B8A
0005694A
FFFA9DCB
00119C68
000F2781
FFF652E9
FFF85AFE
FFF05007
FFFEB1A9
000ADE27
000502BA
FFF587A9
0014C9C9
0014327E
FFF5C6D8
0021F860
0012711B
000587C4
FFED6118
001B72DB
FFF70D68
FFF832D9
FFF37F69
FFFE34F6
FFFFDCC5
FFFF2092
00055302
00166489
FFF69E2E
FFF07D89
0003B05D
000AACB9
FFFBA72C
00068E7C
FFFEB1F9
001504C4
FFFCE8B7
000CF970
000397B6
FFEBDBC8
0004DDD7
FFFA455B
000DEAE6
FFFF82F5
0006F5F6
FFFFAE44
0005A12D
FFFA6D8A
FFF5E7E8
FFE51EE7
FFF4011A
000EF3EB
001556BE
FFF03204
FFEE6993
00133B6A
FFF9BFEE
FFED4BA4
0001541B
0004AB25
FFF0C40D
FFFB6D7A
0010F144
0007A8EC
FFF16045
0000BBB1
000B7D22
FFFA459D
FFF4F84F
000B917D
FFF04592
FFF7A6C0
00190BF0
0004ADAA
00014358
FFFB8CE2
FFF54218
FFEB1BD1
FFE99E73
FFF0DC9C
0003D4C2
001F3F5F
FFF87C3A
0006550D
00139ED2
FFF697CD
FFF35C9D
FFFF3050
000DCF6D
FFFE2978
FFF5AFFD
FFFF8111
000D2E37
FFF2D1D8
FFF4EA9A
0007173E
FFF05F1B
FFFAF469
FFEE2957
001B7407
FFF05636
FFFF671B
0010BD66
0001807C
0005B47D
00187310
0010981C
FFFEB698
0005A3E8
0010F575
0000892F
FFF14213
FFFCFA16
FFF7E454
00068B05
000A1F81
FFFA9C13
FFF62773
0014A187
FFF93884
FFFBF1A3
0003B8F3
000DA3EC
00038AFF
FFF76403
000373DB
FFFEF378
FFFCA759
FFF11C54
000B3CFA
00010323
00001076
0012A2A7
0001F8E1
0009FB37
FFF66932
0006160E
FFFE7DCE
00030D19
000C7D8C
FFF03E1F
FFFF67E4
FFEF6D1B
FFF13B94
FFF691F0
FFFAEABB
FFF040CB
0013A077
000D2C87
FFF6B26A
FFEC05C5
FFEFF899
FFF37CA6
0001B5DE
0009433A
0008EA04
FFF314D9
00056E01
0003DD50
00094D00
FFF975D6
FFFC16B5
FFF87788
0012F79B
FFFA307C
0010036C
0012B070
001363D4
FFF439BB
0004152B
FFF6F708
FFF3880C
0000189D
FFF98185
00077ED0
0010D388
FFFAF12F
FFF2F3B1
FFFC5AFD
FFED45DC
000CB6FC
FFFE42D1
000A3A81
000D5B03
00026642
0003F0DE
FFFC3683
FFF7E29D
0001576F
FFFD1A21
FFF05299
00074895
00078A21
FFFBDD6F
FFF54055
FFFBD98E
FFF52578
001242AE
000AF844
FFFD19AE
FFFCEB94
0008B469
000DA9D8
FFF8A813
0000277B
FFF902A7
FFF4259D
000A3F78
FFF6CED2
00084ED6
00055C6B
00082E24
0012A88B
FFFFCE32
00186C49
0012CECC
0011E36D
FFF5BD90
000A911E
FFFAC2DE
00028EF8
FFFB9EB5
FFF25C70
FFF28235
0011B9E3
000F02A2
FFF6CD9D
001489C7
0000A027
FFF64732
0006286A
FFED2DFB
FFF8C982
FFFE2C07
0001B58E
00118057
00060691
0000DD03
FFFC746B
0009C8BD
FFDDB84D
FFF4713B
000D2FB2
000485AD
000D7866
00049863
000258F2
0008A038
FFFAD4E1
000FEA68
FFFCE33A
001053DD
FFFFACE1
FFFA537D
FFF3D9EB
000C9EAD
00104279
0002CD05
00157AE2
FFEAC8AC
00058A84
0008C99A
FFF269B4
00085ABD
00090581
0004D8E0
FFF60851
FFFE1501
00049B89
FFF2AA73
FFF9901E
FFFAE6F4
0009887B
00047C3D
FFFAD1F7
FFFB31CA
000A7062
000D01B0
FFF0C9D1
0022164E
FFFB1845
FFF7EFE4
0012428D
000842AF
FFF687A4
FFF4D830
000F0D67
FFFD2218
00098E21
000C37E6
FFFBF1EC
FFF57012
0006E09A
FFFB699E
00117FFA
000052F9
000BEBAE
FFEE4AD1
00041B5B
0009D951
00099CB2
000EB324
000809ED
FFFBD8F9
000B8AFB
00086BCD
FFEE931A
FFFD6651
FFF8B292
FFFF5C78
001876F8
00085656
001005B4
FFF022ED
FFEF06FE
FFFF3FA9
FFF8A541
FFF7F6C2
FFFD5909
000A8D2A
FFFBE51B
00086A61
0005ED59
000B41A6
FFFB3B16
001101FE
FFFB0D9C
FFF5697C
FFFABA62
0006C3BD
000A6375
000D684A
00054D21
FFF56F05
0003204A
0000272E
FFFC07F4
000A8E42
FFF3DDD0
FFECFA1E
00070D94
FFFD1D75
FFEE4341
FFFB9448
000BF476
FFED98B2
FFFA6A62
FFF73604
0012259A
FFF5A392
FFF27AD7
001A8E9C
000D0102
FFF57D63
FFFB32AE
00061315
000A9586
FFFD5DEA
FFFBFCE4
00095278
FFFC2589
FFFDD23C
0009BD8B
FFF23459
00046974
0009F7FB
FFF2B451
001025A0
00145CDD
FFF69CB8
FFF91441
FFF6FAF7
FFF3C9AE
0011FFD8
FFFFC565
FFE72D00
FFFEAFBE
FFF72F14
FFF7B6E1
FFF9F4D0
0004C58A
000EF385
000857D8
001648F1
FFFFE6A6
FFFC55D1
FFF9B7A4
FFDEBC0C
FFFC942F
00099105
00043516
001700D7
0002E772
000B5741
0012BE92
FFF757E0
FFFD810A
001799B6
FFF343E1
00030E75
0000ADD3
FFF395B6
00005EAC
FFFE82B9
FFF4A149
FFFFC14E
000A5F4D
000418BE
FFF9DD66
FFFD5D43
000D7368
FFF94FE5
FFFAE484
0004AABD
FFF0E843
000B7882
FFF75E89
0000E51C
00092410
FFEEEDBC
000A6FF2
0000BB05
000EDEFF
FFEF942A
0000FE81
00060AB5
00102EBF
000F1945
FFFDB768
000E04E9
FFF91E39
FFFDCF01
0000ACDC
FFFFB8C8
FFF63017
000E7AB6
FFFCB717
FFFBEB8E
FFF911BF
0006C8F5
FFED8C0A
FFF3115B
FFFE7C3E
000A2E8C
FFFD6D37
0006DBD4
000AC0E3
000CF007
0013B841
0002B70F
FFF55871
00059F6E
FFF7CD2B
FFEE49AA
000C1643
FFF329C5
FFFB2DD9
FFFE3CDB
0009D5CE
FFF65DE5
FFF2EE76
000059D3
FFFEE3BF
00077615
0000797A
FFFCE115
00043CDA
FFFD3D0A
000A6297
FFE7AF0A
0003F0B6
FFEBAAEF
000D8CCE
FFF606FC
00018CBB
FFEBFBB6
000A08E4
FFFF666D
FFF73355
00056690
FFE9DF71
0006A5BA
0006BDF4
FFFBBB0A
00006D2E
FFFA3DB8
FFFDE299
FFFF4B8F
FFF1860B
0005FE27
000934ED
0001E6BE
FFF6CC78
000DDCD0
FFFADD8F
000FE8F8
00065976
000578A8
000150BF
000CB5CA
000A7491
0009DA6D
0004E60D
FFF1F72C
0001C8BF
FFFB2E2E
00025EFE
000BF8A1
FFF428D5
FFF97E0C
FFF08DDC
00004F2F
FFFA9920
FFE35BCF
000ED899
FFEBD4C7
00064982
00137691
000682D1
FFF943AB
FFE680FF
0003D79B
000BA620
FFE5FAC3
0012384F
FFF07C2A
0007CD4E
FFFA0529
FFE92DAA
000A113E
FFFDFFF5
00085483
000315E7
0005E7FD
FFF20986
00039C7F
0008042C
FFED1F0F
FFFD6374
FFF1AC92
00137288
FFFAC2A7
FFF56B76
000E823D
FFF71A68
000D1849
FFFF5F37
000269D8
000BE7A8
000BDBBC
FFFAC6AA
FFFC72A0
FFFE87EE
FFF65639
FFF7975D
00054186
FFFBC8F5
FFFF2F70
00139236
FFF30DE3
FFFFBC8E
FFEF3244
FFF41EC9
FFF7CC74
0007A1B2
FFED794D
000F6368
FFF2A455
FFFBA85A
001467FD
0012A227
000D6E54
00007DD0
0008A5D8
000030D8
0001D228
0009D0D7
00045975
000437B4
FFFC6574
FFFF12D9
001B192F
0003087D
FFF6933A
000A1625
FFF04331
FFFB8B07
0000D9BE
FFE3F0D5
000F21BC
FFF4816A
FFE35EB4
0009BA3B
FFE2C5FA
0011EB4F
FFEFE61E
FFFE5200
FFFD4EB1
FFFFF798
00011326
0007CFD5
00000F5B
0005A6D0
FFF8F42F
00066CBA
FFFEC22D
000E5880
00071A85
000491D5
FFF16072
FFFA39F5
FFFE2F82
FFFD7D10
000D7D4C
001206D4
0004EBF3
FFFA3F8B
FFFFF7B3
FFF30CDA
0003744C
FFFF4CF3
FFFD2A87
FFF2B86A
0008DD02
FFFD236B
FFF7080A
FFFB4088
0006EA6B
000CB403
000317F3
FFF6C476
FFEDD9A4
000E503D
FFFCFFAA
FFF99859
0009927E
FFF6B5EF
FFF21AA4
FFEF75FC
0009EF43
00009BB9
FFF79408
FFF64407
0011179B
FFF9F9B9
000A2685
FFF52E3C
FFF6CF4A
FFFE5449
FFF80AC1
0003B8E3
00095458
000FB502
0009848A
001AB614
000F4931
FFFD785D
0008216F
0004AD94
FFFB122B
FFFED9E4
000C7CFD
FFFA5423
0004BFD1
00057762
FFF19A18
FFF5F83C
FFFE7C2F
000F3FFC
0011A202
00092A02
FFF09787
0013CAAA
FFF9CFD2
FFFB2BCC
00120046
0007AB21
FFF3C37B
00001C2E
00026E2A
FFFF8F46
FFF92EA4
FFF455B6
FFE83105
FFE9FE09
FFF990BC
FFFAC62A
FFF762D0
0000A711
FFFD9E42
FFF48695
FFFF3F8C
FFFD7D36
0001026F
FFFAE30F
000E6319
FFFB3B74
FFFB7DD6
FFF70EB9
FFFEE942
000FF09E
FFFCC04A
FFFC6812
000F2DAB
0008A2EA
00145F27
FFF2988C
FFFBC799
FFFC2C37
000CF3AC
FFF7FC53
0006D413
000E989E
000E0347
00017162
000C84F6
0007F415
001035DF
FFF7935B
FFF2FAB3
0002C799
00091260
0001542A
FFEADC38
00032A8C
000FEE85
FFFD7E54
FFFEFF63
0002F1A8
000AF5A5
FFFF2CBE
000A38CA
00015315
FFF9FBD3
FFF4506F
000A6BDB
FFF7BE80
00037BBA
00002A0A
FFF28E0A
FFF4C581
000C8224
001841EA
00177E0A
FFF69C12
000D48C1
FFF25B10
000A0B53
FFE8F671
FFFE23B5
00076C98
000080FC
FFFA2739
FFF37933
000175D3
0006FDD1
FFFAC60F
FFF90054
00028F74
FFF95590
000BEA41
000F818D
FFF9B3B0
FFFE9EC3
000330E7
FFF4211D
FFF8F1A1
00083867
FFEA940B
00137E5E
00046AD3
000698A2
FFFDEF6A
000B7B38
FFFDFE13
000209FF
0003A527
FFEC51FF
000E11CB
00035F88
0006C927
00016AC6
FFFCAE9E
001159B7
000F42CC
FFFED8E9
FFF4E40F
FFF8787E
FFF3BF90
FFEC939A
001659B1
000047A5
00025FF5
00122CDB
FFF99194
FFFE148B
FFFECA06
00087CE7
000B0BF5
FFFDD893
FFFE273F
0011775C
000C220D
0001FA03
00045CE3
00033259
000DDC7F
00074B54
0002EB1B
FFF132AC
FFF52F1F
001030DB
0010FCF4
FFFE93CE
FFF9E73E
00123005
FFF8E734
FFEEA4C0
FFEF9B80
0004D4D5
00158587
0002B388
00078F66
0010745C
0008452D
00011B48
000A4FCD
FFEE9FAF
0002F4EE
FFEB0AC7
0005A566
FFFC4A2E
0004C34A
00057724
FFFA8172
FFFD9903
000E82E8
FFF7FCFA
FFFD232C
0004A8F3
FFDF1115
00096312
FFF79429
000A49CF
FFFA8EC1
FFFE02E7
FFF7F6A4
00119A3F
FFF3B1CF
0001E1D5
000EE18B
FFF6010D
000E6531
FFF610B5
FFEB4E43
FFF9B0CD
0013B5FD
00092C8E
FFE8893C
00023466
FFF28CCA
FFF3C52A
FFF65CA8
000EAF38
FFEE43A9
0007E29F
00058DD8
00081EA4
000913F2
FFF5D92A
FFF9A876
000C2B61
FFFFAD4A
FFF3B88E
001D6314
0003620F
00055665
00073683
FFED0FAD
FFF05AC1
000AF905
FFFEBA9F
FFF2A937
FFE6F31D
FFFED494
FFED2899
000D0F0D
00062F6E
00064BA8
00073EB3
FFF4C12F
FFFB6577
000B8AB8
FFEE0CB2
000399A1
000D4F9F
000B9823
0002FED3
FFF4193F
000483B7
0001875E
FFF169FF
000A4BF6
FFFF0146
0004372D
0000B16D
FFFAAEE5
FFF15DFD
000621EC
FFEC89E0
FFFABF4F
FFEDE6D6
00039D53
0000FB90
00022780
FFF3AA8E
0000F71A
FFFFA464
FFF10F31
FFFA05FC
00058D9D
FFEA884C
FFEF319B
FFEF0431
0002429B
FFF4CF61
00090C78
FFE9FB03
FFFEB12B
FFF348A1
FFFECB3E
000A348A
000094C5
FFFD55E1
FFFE9AF5
0001149C
000EC54C
0002BB88
FFF86BB3
000919E5
00042905
0007A305
FFF8A0DF
0002E26E
000388FF
000B1BF5
FFFD869E
FFFB3CF6
00159607
FFF87CB0
000146B6
000DA52C
000C3A18
000AF433
001E8A8A
FFFC632F
FFFC3260
FFF2ABAD
0009E9B0
000F54F8
FFFE6EBF
000DCBBA
FFF4B9F9
0000EF27
FFE5C3BE
FFF3B32C
FFFB34B4
FFFEA045
FFFD7875
0014BC50
000467E7
00185F0F
FFEAB12B
001295E6
0006B2D8
0007C2A7
00172035
FFF87653
000D837B
FFF5498E
00096ADC
0006B5E8
000D1EE6
0003C253
FFFB062F
000E8626
000254C1
FFFD8486
00088FE4
0001D6B1
FFED58B6
0002D75F
FFF57FE1
0010B809
FFF7D447
FFFB3BD3
001214FC
FFFE0763
0016C6A1
FFE241CD
00094D72
FFFCAB40
00130445
FFF251B4
FFECCA82
FFFF4F54
FFFABE05
FFEE1D33
FFFB8C49
0017D06F
00061E9F
FFF9C921
FFF49D0F
FFFA9895
FFF2FB66
00142097
FFF12058
00032F3B
000D0B4A
FFF15E9F
FFF7374E
00120010
000CC42D
FFFEF169
00025718
FFE8A1BF
000A830D
0004904C
FFE79FC2
0005452C
0011DFEA
FFF96617
000D4613
FFF93552
FFFC64E2
FFEF2FF9
000723A8
FFFDBBFB
FFFFAD21
0007B1DA
0003484F
00027E04
FFFEADD0
00069460
FFFEA53E
FFFCE943
0003B6C1
FFF46AB3
0007E342
000EA1AC
000FD628
FFFC0805
FFFEAE64
FFF9543D
FFF3A320
FFF74B3D
FFF2CA6C
FFF5D87F
000B7CF0
0006CEC2
0002B814
FFFF3DE9
FFF5E08A
FFFCF0B0
00018330
FFFCF482
0002C071
FFF540C4
FFF49A19
00003772
FFFE41B2
000D9633
001BDDEC
00021AE9
FFFC19C9
FFFC9E0B
FFEE055A
FFF7FBF8
0006817E
FFFA8BD8
FFF982E3
001970BB
0008DA4E
0001A0EF
000FA98B
000C31B0
00000543
FFFF22A3
000330A0
FFE7FD25
FFF8E7CD
FFF1ED3A
FFF875C4
00057A6F
00120EF6
FFF2F62F
001B0B63
001482EE
00040344
00021AE1
FFFFC388
FFE6C8CE
FFFCAB8F
000FBE93
FFD59780
FFF30745
FFE8664E
FFF46863
000CF45F
0005773B
FFE5F9BA
000664E6
0006D46B
FFFC9617
000C27E3
FFF95BC6
000CF0BD
00013416
FFF3DCBF
FFF45443
FFF2B92F
000390F0
0001164B
FFFD451B
000EC564
FFF048E3
FFF61425
FFF44C64
000FAD9F
000C446F
000342B0
FFF8F25C
001704DD
FFFCEC93
000F6FAD
000F4C2D
0003689F
000BBDD2
FFFFFF31
FFFA3A08
00121026
000DF97E
FFFC0BA2
FFF08D54
0009AE36
FFFCCEB3
00025CF2
FFFAD2FA
FFF6D077
000CD827
0003EBA6
FFFFB53C
000DE680
00038931
FFFFA219
FFFDC3B2
0009364B
0019DB79
FFF5B386
FFFBBCC7
0008F4C2
00100675
00038026
FFF035FC
FFEF6CF1
00096259
00029DB0
FFD75963
0002D94F
FFEC6D2A
001CED29
000F4981
000A9E9B
FFDBB911
000C4029
FFF38C0A
001534F5
000566CF
FFF91AF2
FFEEF367
000C5320
FFF5F9CE
FFE8E51F
FFFFD409
FFFAF589
FFEFFE4E
FFF7E0B3
FFFFF933
FFE635E2
000D2597
00004913
0013F918
FFFB8E52
FFFD22CD
FFEB3956
FFE83A16
000ABBD5
FFF9C1E9
000D3B39
000CECDF
FFE62F7B
FFF9265C
00016A50
FFFEE7A8
000A934D
0002D59D
FFDF8403
001D39E9
0015D87F
FFF00C68
00114866
001279D5
000D52CD
000EFED4
FFF5FD38
0012D40E
0002F0DC
FFEF0378
000FC0E5
00034D11
00081F95
001BF866
FFFB0161
FFFE280F
FFF90FA4
FFF0B3DC
000119DF
FFE9EDD9
000CED01
00044279
000F2073
FFFEB896
00017BCE
FFE39D61
00084702
000A0A6B
FFF54B1F
FFF00B75
FFF48A7F
000912DC
FFF434AC
FFF4C10F
FFF349EC
000DE67A
0008DF6A
FFF5CEBF
FFF5ED47
00095437
FFF8D3E6
00092A0C
0005E830
FFFF8E8C
00123FEC
FFEB6A07
00046E1D
FFFE4697
FFF22BCA
0004F7B9
FFF40BE7
FFEE157F
FFFB4DC1
FFFA39BC
FFF18EA1
0000B34A
000D6383
000CED27
FFF05DBC
FFF70068
000E5421
00083AAB
FFF2B782
FFFF1231
FFFB8949
FFF244F8
FFFBE8E1
FFF042C2
00067F03
0002028A
0007A1AF
FFF98CAD
0008C61D
FFE997DF
0000752A
FFF125FB
FFF6A5E2
0001854A
0007489C
FFF702CC
000ACBB6
00031EC2
0007FC5F
FFFDE60C
FFF768C3
FFFFB928
00136D05
0000174C
FFF7B572
0007ED72
FFFD9A3C
FFF7A276
00037C24
00006869
000A3593
FFF8829E
FFFEC627
00076849
FFFD34F6
00052AAA
FFF77FE9
FFEF12D1
0008D132
0003854A
FFFD06A6
FFFD871E
FFFA1D57
000243D8
FFF99539
00032B24
FFEE5FBC
00035371
FFFC2B9E
FFF75506
FFF9D56C
FFEBC88C
000E993E
00124DC0
FFF12E4F
FFF28FD7
0002A779
FFFF6002
000642B7
FFF69134
00069392
FFFC94AA
0000F2B7
000B2A12
FFFEF0E1
000A5C67
000217C2
00039019
FFFD6B2A
000ACC35
FFF8FA4A
00093234
FFF23BD8
0003783B
00024C5E
0011820B
00050A58
0013A603
FFF426E6
FFEEDA72
FFFD7F97
FFFF8EB3
FFFEA347
000623FB
00081DFA
0002D5E4
FFF10A85
FFF7020A
FFF38DFD
000596C1
000B0D83
FFF82E95
FFF353D7
00081CA7
FFEDBBEC
00002309
001075EF
FFF5485B
FFF49DBE
000F481C
000BACD7
000CE70E
000B1089
000AE6DE
00010FD5
FFF7AA3B
0003DCE3
FFF6578B
0006E7D8
FFFE23EA
00053149
FFF313E8
0008B612
0005022D
000A6779
FFF97572
FFFCF245
FFF068E3
FFF0F361
00045AF8
0006336E
0000491F
0009A8E2
FFF1933C
FFEE68F0
FFF2D4FB
00060685
0003B967
000ABFEF
FFFA2FD3
FFF3B7AC
0004FEDE
00108590
FFF3B14B
FFFAD426
FFFDDACE
FFF7A8EC
0006AB54
0012B672
FFFCC600
000C4DCA
0016DE5D
0007860C
FFF92234
0010C781
0009426C
0000E2B2
000637CE
FFFA1CAE
00010950
FFF958A9
FFF453D2
00055486
FFFDF4D8
FFF9DF3E
0000C812
000F1DAE
0007CD61
FFFA55BD
001123F5
FFF70154
FFF30B5A
000C9891
000656C6
FFFF562F
FFF94B3C
FFF99235
FFF752EE
FFF6B4BC
0008F6DC
FFFCA468
00063FB7
0005884E
0001592B
FFF7BFBB
FFF42404
000B27A6
00013C43
0004E88E
FFF5D3EE
000169E3
FFFC08A2
FFFEADE9
FFF2F1C3
FFF1949B
001476BA
FFFA0F07
FFED634C
000417CE
FFF2FEC8
00000796
FFF75870
000CA65F
FFFB3855
000D179C
000B9317
FFF83591
0007C58B
FFF6441C
FFFC2F40
0004280D
FFF2F706
FFF5620E
FFFAC840
FFFFA5A7
FFF976F9
0004074F
0004B7EF
00054D76
FFF6FCD6
FFFDABB0
FFFD32AB
001043D1
FFFBA516
0011D9CC
FFFCC42D
0007477B
FFF4B476
FFFDF01A
FFFE869B
FFEFF1F3
000F82E6
00033197
00019D3F
00002AAA
000D5274
FFF6486F
FFFCDA05
0014E23C
0014CA8E
FFFF9DF8
000424C0
FFF2F678
FFFDF7DB
FFFEE96D
0002A58F
0005BF11
000247C5
FFF4A10A
FFF5BF36
0008CEB7
000876C4
0007EBC3
FFF91D07
00074B1A
000D2C09
FFF4E618
00103E91
00132AC1
FFFEB6B9
FFFA2801
FFFEEB98
FFFAC434
FFF94A43
FFF92D1E
00023750
0000E819
0004BED6
FFF5DF3F
FFFF2922
0003FA7E
FFEC94F7
FFF5CD20
000B086D
00013172
FFF75EE0
000784CA
0002320C
FFFA7EDB
FFF2D77F
FFFABC35
FFF47D10
000FAD13
FFF43F3D
FFF32D7D
FFFFA9EF
00016468
FFFBE061
0006DCA7
00011D79
FFF5CF7C
0002C961
00071182
FFFF61DB
FFF7A90D
FFF5131A
000C4BCE
0005FF5A
000725B5
FFF8F0A4
FFFC9593
FFF6A788
FFF3FB2B
FFFC0438
0004AA54
00034871
0004E21E
000BDEF5
0006814B
0004F1DD
00016D1B
FFF33667
000BA29A
FFFA1D1E
FFFFDF45
0004976D
000A6B57
0002302F
00062581
FFFFC82C
FFFC5189
000CD3B2
0004856A
FFF36CFC
000026B4
FFFF67F1
FFF66A6F
FFF1A824
0006C938
FFEFD24D
FFE5BE01
000E07AE
FFF14FFF
0002FAFE
0000ADC3
FFFEA86D
0003DCA2
FFFB93C2
00050B57
00048C85
00090A57
000E8331
FFFFE67B
00075E80
FFED75F2
FFFFEB59
0006481A
000472B0
FFFC5C95
00004389
FFF20F64
FFF7233A
000175C7
0002764B
FFF9501A
00123F57
FFFF993D
0004D15B
00087D6C
FFFC49DF
0009E1E1
FFFB9710
FFF1580F
FFFF4C99
0006675C
FFF6E1FE
0006A323
FFF4EA93
FFFF4AC7
0002F06F
000D5C3E
0004D4F9
0011215E
000251BA
FFFFF4BB
000B6A2D
00021E91
FFFB766F
00009A87
0001FBBF
00086058
FFFDA784
FFF44518
000195C3
FFFBD4C0
FFF4DA0F
00097957
000402E9
FFFA7424
000191DD
0008140B
FFFE9FC1
FFF19F7C
00022FED
000E0EFF
FFF9FEE5
0004A09B
0003CB24
000FB3A0
00172B3C
000760AA
00030747
000EBF42
FFE97B04
0000F02B
FFF93770
00090871
FFF7921C
FFF31C49
000AA652
FFFA3558
0000B129
0016C06A
FFEBA712
FFF6A57E
0007E0A4
FFF4DF68
000E304B
00115669
00098790
FFF7D9F4
FFFDAE15
FFEC5BCB
FFF4DDDD
FFF0BADE
FFFF9E54
00001F19
00093D93
FFEF2B48
000684BD
000D0A4A
FFF9BB02
FFF31A20
000AC23B
0009AE0C
0002ED6B
FFF7E5D0
FFF8C457
FFFF00C1
0007BACF
FFFCC520
000DFD94
FFF88DDA
FFF8A818
00015752
FFF484CB
FFFEE03D
FFEB07A0
FFEE3F7E
FFECB265
0009ED0F
000CD72D
0004BB02
0009F681
000689C7
FFFECB01
0004CAAC
00027484
00015160
FFFC3360
000178C0
FFF93B8E
000A8C43
FFFE92B5
FFFA5D37
FFF92871
FFFA1C12
00041D6D
0007E8D3
FFF471F2
FFFB8933
FFFC6661
0001C9EE
0008C008
FFF51515
000E37DC
FFF937D2
00021AE3
00058442
FFF8544F
000356CD
FFFF900B
00091AA0
FFF5BBFE
FFF31FCA
FFEC72A3
FFF94BF1
FFF8EFE5
FFF4A8F7
0008D871
00056654
FFF75BB2
00026464
000E8F79
001113B3
0006B17C
FFF340F7
0000D8B5
0004C861
00048642
FFFC2B14
00022478
0002B309
FFFB95C4
000774B6
000710CB
0000756E
FFFB5623
000604BB
0007B18B
FFFE810D
FFF2C6BC
FFF24CAE
FFF8F895
00077110
FFFDD285
00079790
00008C42
FFFF56F7
FFFF0B6C
000ADA22
FFFCFB1A
00027A73
FFFC1720
FFF4B9B0
0000E492
000E744C
000983E9
FFF9D345
FFF63907
FFFF634B
FFFA2691
FFFEE187
FFF5DA8C
000CC997
FFFFFD74
FFEF642A
00135194
FFFAD5BF
0002D5A3
FFFE88A2
FFF6E1C5
FFF65563
0008A887
FFF1B0A8
FFED005A
0008163F
FFFFFE0B
0003619B
0007B2C1
FFFB5F87
0003F7BE
FFF91B18
FFF468AC
FFFA0EDE
000C2779
00010F09
00001EF5
0008DA4F
000A4B74
FFFC336A
FFFFBE74
00083FD8
00014C7C
000D9705
FFF0156F
FFF98041
FFF8B027
00047F69
000B7D04
FFFE9BF2
0004FA30
000A14BC
0006F64B
FFFFBCC6
0004D285
00066042
FFFB0294
FFF81BAD
000F1CAA
FFFB93BD
FFFDD361
000877A9
FFED97EE
0007B159
00142AA4
0003CCF6
00043AAD
00082675
0009E152
FFFA13BC
000A0DA7
FFF6E7EA
FFF721A7
FFF66107
000F4FAB
FFF4A9D7
FFFD9B13
FFF3EAB9
0015EDA6
0004BAD4
0004EDA4
FFF3713B
FFF94166
FFF82133
FFF418CA
FFF8C614
FFEE8CA6
FFFF677E
00059C3D
000D1DCB
FFFA880E
FFED57C3
FFFCC23B
0012B3ED
00099B3F
FFFF528B
001417C5
FFEB7651
00107F17
FFFF49B6
FFEFB2A2
FFF1F8D1
000B0053
FFFF962B
0001F2F9
0001F66B
FFFEEC90
0001196B
001ADABB
00094109
00001A03
FFFCB9A1
0010F085
FFFB3711
FFFF708F
FFF584E3
0014463E
FFE6940D
FFFEAFE4
0014F76A
00131664
00044E13
FFFADB3F
FFFE6039
FFEB3BCE
00066851
FFFBAA9C
0005AE3B
FFF4E548
000A1420
0006567D
0008F17D
FFF4A998
FFF67466
000B56C8
FFF3CEEF
0011C4E5
000050C3
00024038
000B2A90
000687BE
FFEFD188
0004AE16
FFE05D48
FFF89EF6
FFED5A1A
000CCE28
FFF0B14E
FFF88531
00095B08
FFF5994E
FFF2E282
FFFE676D
00021291
FFFB0B70
0003FA53
FFF916AB
FFF52F0A
000EA772
FFFED41E
000369C8
00081F74
FFF91786
FFF05BED
FFFE4C41
0007C66C
000E6CF7
0004C3A0
0008718A
FFEA1699
FFF8C994
0011AE0F
0005CA82
0005AC46
FFFBD1A9
FFF0155A
FFF6C5CF
0008D0C6
FFF77E04
000CAC3F
FFF0A88F
000EC309
FFF07179
FFFDA95F
0004A990
FFECCA30
0001776C
00127993
0001C0F0
0011126C
FFF3C74B
0009F7B0
000396D4
FFF672E1
FFFB298D
000DA3D0
0011D09C
FFF7118F
FFF1CEF2
FFFCE036
000042BA
000F02DC
00002405
000A785F
000AF3B8
FFF7206B
FFE23D3D
FFFB8B60
00023FC0
FFEE31A1
FFF4C926
00028011
000D1A5F
0002679B
FFF229B8
000C0F7C
FFFB2D8F
FFFE25DC
0000D759
000935BF
0011518F
FFF50F50
FFF93185
FFE03DAE
000284B3
FFFE3E84
0008C298
0003B7CC
FFFA846D
FFFDE7CE
000CABD4
00141FA8
000B4508
FFF75C6A
FFFFF088
0002E13C
FFF2FB7C
FFF9F740
0002D826
FFE1FDE1
000913AE
FFF05F27
FFDD3438
0006195D
FFF1FC8D
00110F6C
0006B59F
FFFEFAC8
000F470F
001154C6
FFFCE8EA
FFFD5D77
FFEE6EB1
FFF54425
FFEFE223
0003D098
FFFB6A21
00045989
0002B124
FFFAE945
FFE5BCDF
001482D6
FFFE21B9
FFF997D7
FFF454BF
00048976
FFFCF3FB
000297B8
0016230F
00060F73
FFF1A9E9
FFF46413
00082C30
0001FE67
FFE8D2A4
FFFF90AC
FFFE5289
000CC7C1
FFE845B9
FFEEDB08
000430D2
00176E7B
FFFC134D
000C7A06
FFFC98DE
000CF016
0006ACC2
00069361
FFF3B752
000A1928
00172F00
00045E12
0010C87E
FFF510E4
FFEA634C
FFEE488C
FFF1B438
FFF58179
000A2E2C
00070442
000BEBAA
000E1487
000B0F07
00064449
000147CF
0002352E
FFF93925
000AFE40
FFFCCF2B
FFF9A232
FFFEBA42
0024A469
000C9E5F
FFEC3AC8
0006726B
00030BCA
00025D19
000BF4E6
FFECE412
FFFE5E7C
FFEFF9EF
FFFDF7E3
001032BE
001E9C68
000AB7B4
000055D4
000ACA23
000B1511
00000E27
FFEECF8E
00084771
000B29FB
0007EFB8
FFE4D30A
FFE9CA7D
FFFC68B6
00059023
FFF653BD
FFED77D8
000E6C38
001B4D78
FFEEC743
00003F0E
FFFF97D4
00001CED
FFFE855F
FFFD68EC
00091248
0003F4A7
000E44AC
000CA26F
FFE84F88
FFF882F4
00030CC3
FFFE8305
000BBA08
FFF5ABC0
FFF53556
FFEC1137
FFE8A23D
FFFD87F6
0003C0AC
00139A67
FFFDFF68
FFF444DB
0002F136
FFFC27E0
0014D1D0
FFEFBCD3
001C50C9
000387D1
FFFC7273
FFFAC18B
0007D47C
000B0051
00114769
FFF7CC13
FFE03A96
0014604D
FFFD0623
FFF33E57
00099D6C
0001FDFC
000FAD4C
00075DC5
FFEB2D1E
FFF07236
FFDF6092
000C3543
00099D47
0010DDAD
000B5AB5
FFEF5D24
0001690F
FFFEAFC4
FFFA290E
FFEA8274
00066BCB
00124ADE
0013C762
FFFA281D
00067789
FFFE6EAD
FFF676F8
0010087C
0001AE81
000547E9
FFFA1B74
FFFCFE77
00092770
FFEBE3FC
000AA639
00026C4C
00062AA4
FFF78FCA
FFFF5263
00137137
000FC28F
000E82FD
FFEF679F
000988B4
0006605A
FFF39753
FFF89403
0000BD6F
000124E3
FFFBCF25
00158B74
FFF7F1EA
FFFACDC4
FFFE80CB
FFF5C160
FFF3452D
0018F4AF
0001CA00
000C47B5
0014323A
FFF4BD9C
FFFB442B
001000AB
FFF33992
FFF76254
0000B402
FFFCD3A7
00060D96
FFF571E8
00067710
FFFA59CA
FFE4EA25
FFFFEE5B
0001B498
000B9BCA
0000642A
0007EA9B
FFFFD3C1
00128847
FFF78DA6
0028ABE4
00055210
000101BA
FFE40E4B
00044E74
FFFBF371
00028AC5
FFF660BE
FFFA96CB
000A4BDB
0013638A
FFF8AD2E
00090F8B
000A0EF8
FFFB2AE1
000FC8A6
00095B3E
FFF699AE
FFD86E39
FFFC3863
0001ED2D
FFFDA878
FFEFE344
000ED23A
001425F5
FFEF2A7F
000D0D73
FFF2C40B
0004C9E1
FFFB5F4B
00017399
0000725C
FFFDA6C3
000ADC10
FFFAD4EB
FFFDA522
FFFA4378
FFEC8610
FFF9672E
0008BCE3
00114B4F
00081703
FFFF0686
FFE392C8
FFF2F6AF
00009DC0
00196F3F
FFF0EB3A
00024C58
FFF4291A
000887AC
000720F9
0012B5C2
FFF20B58
00124655
FFE52FD7
000323E5
FFFA6775
000BF34C
00053482
FFF9FCFC
00053B62
FFF86D07
00039074
FFF58BC4
FFFADB89
FFFA9A77
FFFF7BF8
FFF99018
FFF6675D
0001C4F5
000C5938
FFEC3C16
000BFB06
FFE1F276
FFF40243
FFFD5172
00193F4F
00015A79
FFE3BD8B
FFF2BA78
FFE15B75
002790AD
FFF5D8D6
00167933
FFE620A1
FFFCD1A5
FFF1FA06
0002AE09
FFFE165B
FFF5E12E
00055721
FFF2B0A2
0005ACD8
00152D69
00106439
FFF50D6C
FFFDD13D
FFFC49DC
FFE2009B
00005C84
0012E6C0
0003D8A5
0007B196
FFFA300C
000FF11C
0005A347
FFE59199
FFEC25A7
000864D5
FFF3E927
00077EBA
FFEDB72C
FFFBD5A0
000C7318
FFF9B8FE
FFFA0764
FFF8C44E
FFD981D8
000E54E6
0015B1E9
FFF1B5A2
0015ED2C
FFFA6D58
00068018
FFF95C10
FFFF598C
0007BAE4
FFEE6D7F
FFF81FEA
000D858A
000BEC8B
FFF532D3
00106F90
000B87D0
000F53F6
FFE2185F
000361C4
000FCC4C
00097A8B
FFFB17AF
FFF6D4FD
FFF6746A
001E9865
00275AEB
FFE90435
FFFC4839
FFF511B8
00072487
FFF56A84
FFF52E1E
0000DCC2
00015AE4
000ABD29
FFF50B28
0001C441
0012F46B
00040BE0
00067EED
000BBB82
0008EEC8
FFF3E00E
001971E4
FFF6B115
000E2747
FFFAEEA9
0009E7EF
0009990B
000253A7
000A06CD
000A12DF
FFE7E5BD
000F2B4D
000DDDF4
00052728
FFFBCC61
FFFEB19A
000B92B6
FFFC15FA
0005DF66
FFF88BAA
FFF6A3BF
FFF53D24
0001614E
FFEAE4FD
000489EB
FFED8A5F
FFF81F62
FFF1F286
000C4963
FFF76369
FFF75EC3
0000421B
FFF7D325
000C1E73
FFFC5754
FFF7EF12
FFFBDF17
0002A2CF
FFF967C9
FFFA053C
00047540
00060232
000651C9
00038D75
FFFFAC60
0001C676
00057E8D
0006C32B
0009D972
00015594
0009DB59
00014C1D
FFFAF6E9
FFF9A37E
00053E1E
0002703B
000A3E75
0007C9BC
FFF81BD1
FFFD0BF3
FFF8DC21
FFFC6F2C
FFF90F66
FFF89188
00013FCD
FFFEB127
FFFAFF41
00003ED9
FFFF8BAB
FFFBDC8A
00006083
FFFF3CB1
FFFAD7AA
000485F0
FFFF782A
0005C984
FFF8395A
FFFEC832
000735F0
00016177
00074E4B
FFFEEF91
00043FCD
FFFB4853
000297FB
FFFEC5F2
FFF9BFD0
FFFAA2D4
0002C4B6
FFF88FA9
FFFE5D7E
0004E1B5
00050AC0
0008B0B7
000685DF
FFFADD69
00063E60
00014319
0001AC5A
FFF9CA7F
FFFC472B
000564CC
FFFDD370
00015B4F
0001A83D
FFFF0BE8
FFFC410D
FFF99C8F
FFF69DFB
FFF26038
FFF5C30B
FFF2AE99
FFFD0D52
FFFAF606
0000FC9C
FFF7BE5C
FFF77F08
FFF78396
FFFBA986
FFF9C17C
FFF82F32
0000CB80
FFFAF088
FFFBB1A5
00019C72
FFFE0949
FFFC246A
FFFB8DB9
0004F9FC
FFFB478C
FFFDB729
FFFD8244
000000BB
FFF9023F
0005F58B
000333EF
000034D9
000D7846
0006FB6A
FFFF5BC2
0005DC10
FFFE58F2
000AD0D9
0001890F
000B9C7D
00045D28
000D6989
00095B71
000C5089
0008B9EB
00029414
FFFB1B59
0003C65F
FFFAB7C8
FFF7FC47
000171E6
0000ADEE
FFFE20CB
FFFAFFE6
FFFF3096
FFFDE6A5
FFFAD33C
FFFDDAFC
0002525D
00059A1D
0000AD4F
000120DF
FFFF09E5
FFF52DE9
00079E2D
000846A9
00058F7D
FFFBED8D
000C3CBE
0006ED00
FFFD3541
FFFDDC63
000278EB
000DB708
00012A7F
00058ACE
00124791
0005399F
00038DE9
0006F875
FFFEF62F
00053169
0000B708
FFF8C528
FFF5C909
00035116
FFF76B40
FFF4CCF4
FFFDFC27
00032595
000562A4
0003CF85
FFFDB1CD
FFFF56F4
0004C407
FFF7BBFA
FFF7A109
000871B6
FFF7C8DE
000172CD
FFFF2C9A
00003EC6
FFFED5C3
FFFB28AD
000085BD
FFFD2323
FFFBFF70
00040EE9
0001375D
00033A45
00035C98
FFFA5C5C
000C88CA
0000AD26
00036DFD
FFFE4850
FFFE5592
FFFDCE34
FFF97503
FFFA2075
0001DBD6
FFFC02ED
0000E5FA
FFF8B2BF
FFF9E63A
FFF9D883
000431B6
0006384A
FFFFC488
0006CDF7
0008FBD4
FFFE77DF
0003D319
FFF7F417
000257CD
FFF3B7AF
FFF9372F
FFF83B09
0000B394
0001C3F1
FFFEEBD6
FFF190A0
FFF565C6
0002B101
FFFEDE10
000DC383
00053844
00078DA8
0005DA4E
FFFE013D
FFFE7C33
FFFA16EF
0002AB15
FFFC3079
FFF810DB
FFFA2677
00018844
000B8585
000706F5
000750B5
000CC413
FFFF607F
00044787
FFFBFFD2
0001B74E
FFFA6106
0002F673
FFF4AF7C
FFFF6A8A
0000139E
FFF8B5FA
FFFE0550
000B3990
00068B3B
0009F120
FFFE5667
0005607A
000A041F
FFFD6CA8
FFFFC3C7
0005E6DA
FFFD7D63
FFFA5FE2
00051E12
0003379C
FFF458BC
0006D711
0004CA6C
000658D5
000A4C6C
0008281F
FFFF0DB5
0006EB06
000839EE
FFF8CE62
00070CFD
FFFF01FC
FFFA936E
0001A1E0
00034B78
0002D4CA
FFFC5C26
0005EA0B
0000F09C
0000C8AF
FFFA69CE
0006F4F6
00078BED
FFFEC98F
00028B5B
0001E1D6
0001D572
FFFF37D0
00048627
FFF7A320
00050E3D
FFF97ED4
FFFECA19
FFFD10A7
000B0D67
00035089
00073391
00078846
00077CC8
00094068
0009F3A2
0000D569
0007C95F
000395E2
FFF83784
00022732
000765B5
FFF9DCCC
000359F2
FFFD6C2A
00009073
FFFF9FE9
FFFDDBF5
FFFEA572
00019E84
FFFB4D7A
FFF32D87
0000A2B4
FFFDB50E
00101179
00085E8D
FFFF467F
0006CF32
000C50DE
00030712
0008BBB0
000233D4
FFF97629
FFF96660
FFF7098C
FFFE5200
FFFD0842
FFFFD083
FFF8F8E9
FFFB8FFE
FFFBF6A4
FFF31484
FFF9673B
FFF929EE
00010E20
00008C78
00034B13
000A8394
FFF93262
00019E74
000B1CF5
FFFEA190
FFFE31FD
FFFA52E5
FFF5A259
FFFEE8B4
FFFA7B18
FFFE21C7
FFFA6673
FFFD9FF9
0000FE74
FFFC0F77
FFFFACE8
FFFF19A9
0001D450
00045323
0005DF9F
000117CA
00025D70
000926E8
00083B6B
0003D4FA
0001322E
FFF9D4B4
00068A2C
0005C837
000245F0
FFFF3249
FFF8B7FB
00028FF8
0005D9F6
FFFE24DE
FFF4BD3B
FFFDB5CD
00084299
FFFABFC4
FFF7C9B8
0002E30B
FFF6B058
FFF83870
000652C2
0003DC95
FFFE3FF2
0006446A
FFFAE116
0005C19E
000531A3
000267F5
0000B0F7
0009E37C
0002A8CB
FFFF7516
00023596
000CEFDE
0007A841
00026C8F
FFFECD46
FFFD0568
0007CA5D
00037C02
00070FAA
0002150F
FFF7B26D
FFF6D131
FFF8D2F3
FFFAF262
FFFCFCD2
FFF7996A
FFFA501E
FFFCE291
FFFBA184
FFF5D9A4
00001025
FFFDAB79
0000EFAE
00033F92
0003B5F8
000050FF
0003B0D6
000190B6
0001ADD8
FFFE969E
FFFD4962
FFFA9FE1
FFF61BBF
0004078B
FFFD17DC
FFF6996B
00071743
FFFC2DFF
FFFC3951
FFF8237E
00007727
FFF9B21B
FFFD9B84
FFFE2154
FFF563AA
000107D4
00015D87
0000D63A
FFFB8526
FFFD019B
000137C2
0002F3B6
00044EC7
FFFEE4D9
0001231D
00033B4A
FFF953CF
FFFDEBB0
FFF7301D
0002FD85
00000C67
FFFD0852
000048E3
FFFCE640
FFFB8B6D
FFF942C6
000289CF
FFFE8A56
FFF89CC7
000AE563
0003310A
FFFFB1D5
FFF27A27
FFFC6A20
00029D53
0002B1E3
0004A637
FFFE452C
0009556D
0004E8C9
00090012
00028785
0009B19C
000277F2
000016B0
0002D3B3
0003AC6B
000A348A
000C4B3B
00012F95
00016497
00019CCC
FFF73E2E
FFFD545D
FFFD2EEC
FFF9335A
FFFC4865
000A4C88
00079750
FFFEBC4F
FFFA4AFD
000546E1
00038385
0004E1C7
FFF91F94
FFFF7E72
0005D3E6
FFF94BDC
FFFAE1E6
FFF77F6A
FFF98959
00028BAB
FFFEAF4E
FFFB2586
000A6673
00037558
FFFBBBF9
00025CC8
FFFDBBD8
FFFEAA45
FFF660B3
00015E7C
0007628A
FFF9B093
FFFC9D4E
00047C02
0007EF5A
FFF9EC8E
00012D44
FFFDE4A0
00014D3E
FFFF655F
00042141
FFF716B0
00054F7C
000768BB
00002CF9
0001ACE6
00048AAC
FFFBDDD1
FFFECB76
00070A1A
00074E13
000548B9
FFFF9990
00005E3E
000370E1
0000378F
00069FFB
FFFFAA92
00015B0E
FFFAC3D3
FFF9A49E
FFFD7CB8
0001B7DE
FFF7A4D5
FFFFF8AD
00001AE2
00090DF6
FFFF2B99
0009C3BB
000182E7
0003A431
00084F2E
0000F7E6
00021EB4
0002244C
0005F0EC
00017F0E
000A043F
000288DB
FFFCC9AB
0007684D
00032C0A
0001F3F1
0003DB12
00014880
FFF9BD61
FFFB1378
000028F0
FFFE76B4
0001C3C1
FFFD827D
