00003D98
FFDEFA8F
FFE8A135
00111157
FFFC18FD
FFF84F15
00041F93
001F4E9D
0007F4A5
FFF1B268
0015A605
FFF6CD39
FFFA6A25
000F1553
FFF4F319
FFFBD67F
FFFCBA08
000A2AB0
001E160D
000F2520
0008A4D6
FFE3D65B
FFE8FA84
FFFE1407
001EDE40
0000B7D3
001A05D7
FFE11520
FFFFB3EC
FFD69ADB
FFDBD2E2
FFDF4C8D
0005D46F
FFD0EAF7
FFD74234
00059D1E
001FCA30
0020CDDD
001B6B3D
FFFE5804
001758A3
FFDCA786
FFF396D9
FFFE937A
FFF0E201
FFF88635
FFF9A344
FFF9D51F
FFE1C0E1
001F9E69
001F4DD0
000BADB6
001F1ECE
FFF404F8
FFF2B909
FFD90643
FFFAF326
FFDF12EE
FFDD1AC7
FFF91F7A
FFF2B07C
FFF3B7FD
000658E1
0003273E
002EAD09
00051304
001496BE
0031973C
00080ABB
00179CC7
00305950
FFFCFBAD
FFE3BE06
000DBE9D
FFE38D79
FFE12097
FFD2A25A
000F59E3
001EC789
FFE7D9B4
FFF32578
00132FFC
0017BE6F
00096DA2
00086EB6
000C1A7D
FFF8F673
00090182
0018A43C
00306925
000706C0
001D4185
00229321
FFE6698D
00056C95
002BB8C5
FFFE9340
0012B278
00050CEC
FFF81B77
000FB3D2
FFF48CE9
FFE3103D
000982F2
FFEA564F
FFFB5CF9
000A060E
FFE9AF91
FFF2E56C
FFF7F1EF
002B8AE3
FFFFBA38
00254F0F
FFFB6977
0022084B
002C18A4
00152C8F
FFF8F9A7
0011485C
000CD11E
FFF14284
FFE23594
0015F0AF
FFEE7609
001296C0
FFEE73C1
FFF9D43E
002BB70B
00096DFB
0034AFBC
000A3DF1
002BDA0F
0007C9CB
003306B1
FFFD244D
0017F238
001687F3
FFFC9C67
0022881B
000BEEAC
00147CE4
001C5960
FFEA9161
FFE62E97
FFE71155
000C7AAE
000EDDF1
0001632D
001C9C1F
FFE530E9
001150DE
001BF1DD
FFE6160A
0010141A
003CFD8C
00214769
000CC222
0014985B
002F1AB4
000616A9
FFF70EDD
000677FD
000A4AA0
00056E39
FFF36B97
000A5F6D
FFF398A4
FFE9B8E3
000F84BE
FFE86FAD
FFE37F7B
001FCFA3
FFFAA910
FFFC7539
0037FC3E
003AD735
FFF786BE
00173040
00029569
FFFF955D
001D446D
0022FD9B
FFFBE54B
FFDC501F
FFFBD4F7
FFC651B4
FFF8BC4D
002045F2
00119503
00066306
FFDAB8D1
FFD0FC68
FFFDF4B0
FFE470BE
FFE9A1F9
FFFDCAA8
0013912E
FFD1EC35
001DAA6B
FFF7EEE1
000CAB76
000DB313
FFFFC989
FFE3B84E
000F538E
0012F468
FFE020A8
FFF94180
00127405
FFF4C93F
FFF520E0
001C14E7
0026A8FC
00196FFE
0000B3CB
0007F64C
FFFA8A68
FFEE3DC7
FFD93327
FFF998E0
000D9EDF
FFF7F213
00100716
FFEFAD6E
FFE45AAD
001D8CE0
FFF19297
FFF3CE8A
FFFC586D
0009D9C9
FFF2EDDF
00171182
000A441D
001052E1
FFD9E613
FFD5B112
002191A3
FFF32FDB
0012DB2B
FFE269B5
FFFD9D45
0012D064
00176C59
0026237A
FFFF6352
001BD8C5
001B8492
0033FCCF
FFEF53D9
0031DA9F
000E024C
00150418
FFFD1029
00090EDA
00109F94
FFFFED1F
0016E787
0015840F
000EDFBB
0012577C
FFFA1E34
000296C9
0009CB4C
FFFF2BA9
FFEA1C41
001516AE
0012DDE5
FFFE8508
FFE5CD50
001AFDB9
000DEC5A
00028604
0021FCF8
FFE255AA
0010D19A
0011C33A
FFFEA0E3
FFFF4864
FFF873E9
00084D16
FFFF32C7
0003C9F2
001A243A
FFEFA42B
FFFF32BF
FFE82748
FFF7EC8A
FFE5A0FE
00041AE8
FFFB3D25
00070E45
000E838C
FFE2DB58
000D5D51
0002A2E0
000AF5AB
000793A7
001E4FA3
001E958A
FFE76197
FFDFA068
000EAE36
FFEAB633
FFDF6321
0012FBA6
FFE42034
0022D098
0005BA68
FFEDAADA
000D3068
0008E635
FFED9812
FFE8BD87
FFED9573
FFF04721
0019858F
002ECF48
0025B327
000FFC50
FFEDC0D2
FFE7DC42
0020B4A4
FFF4D910
002292A0
FFF75025
00136102
00049363
FFE80B51
FFF19533
000AC03D
000BE8C6
FFF4077E
00054A78
FFEC48F3
00107D24
FFF0958A
001DEB52
FFF0665C
0018D4D8
0031BDE7
00121104
001763F7
002E907D
00220645
00146143
001F6AE5
FFFE37AB
001087B4
0010CAF6
001A7B40
FFF903F0
000E40EE
FFFEA9D9
00179BDC
000BA376
000C8991
001E0122
00204667
FFFC552D
001B0A19
000AB9B0
FFEBB491
FFFB6AB0
001714A6
001902C1
0017AEB3
0011245D
00214725
0009395C
000E9347
FFFD45F4
FFED5298
FFE7C593
FFFAB7F4
FFE08D02
00106DEA
FFD5120B
FFE1D898
FFEC31BC
FFF4268A
00053B6C
000A6218
00129352
0016EC13
0039A099
FFF939D8
FFF5DB0B
00296506
002C9ABD
001CB08A
FFE7E3E7
000BB921
00226097
0008004C
00255703
002D515C
FFF7C1A5
000718CE
FFF9AE29
00041423
001EF70B
00078E0C
001B6EDF
001144BB
FFF9214B
002F6ABF
FFF2BE1D
FFE7794E
000B2B44
0013F20B
FFE6B114
000305D6
FFF46F42
0017BB04
FFF4C2F5
FFF37F9D
0005F22A
003B2D84
FFFF3C65
FFE55211
000C5C89
000C1530
001D2600
00206706
0009D4E1
000EBE22
FFF72CE0
FFFA6278
0000E595
000CD643
00137529
001B346D
FFFD6F37
FFF17D6D
000AE8EE
FFFD9D5A
001B9C05
0003CC23
0001A8F2
00108B15
FFF01ED9
FFFDF19C
FFDE93B9
FFE0231A
0001ABE7
FFFBC2DA
0010A860
FFF8890E
0004D5C7
0018C5A0
FFF97E23
FFE3E187
000BDBC4
FFF5AC33
FFE0B4D0
00136D45
FFE1A515
FFEBB527
000D9ADC
FFE568A3
001771D8
001F926A
00168996
000B7698
FFFD5212
001F3EE3
FFE7CEEB
00083A96
FFE991A6
FFF73BA2
000263ED
00001C39
0012549A
FFF4A8FA
FFF0656A
001992CA
00041F5C
000AD93E
00152B0D
FFFC7E44
0008A7E8
00273F8B
FFFC3FEF
FFF2C777
001C1606
FFFA0F75
FFFB2403
0032C9C6
FFF1359E
FFF37E19
0020E4F6
001099CC
001BD3E0
002EFE95
0010F826
FFD2DD8E
FFF32A4A
FFD23555
00075977
00007E6D
FFDA0D4E
0002EC31
FFF6D684
FFE00CDE
000DC997
000D61EF
000442FE
0004698D
00056377
FFFC8832
000CDE78
FFE852C1
000154EB
00114BF1
FFF9AB79
FFE5FC01
001D0336
00008113
FFF06464
FFE96589
00099FED
FFFA04A4
FFEE1C29
0021C12B
002BEBE0
000331E0
FFF04414
00082688
0003628C
000BA006
FFF1988F
FFEA3373
FFFE767E
FFE40530
0016DE52
00195EC2
000AEDC1
00158C84
0013273E
FFF896B3
FFF6F9E8
00145A6E
FFF790AD
FFDB0449
00224089
FFED826A
0016D52A
001D932E
0022C68A
FFD6B945
FFFE4E43
FFEC4EDF
FFFA7DFC
001FBBAC
0032D91A
FFFDB33A
001CFDE1
002E79BC
FFF9734F
00014D21
FFEDDD03
FFE60953
0024026C
FFF75EEF
FFED39D8
0012ECAF
FFFD8210
000C0D35
FFE45974
0017EEE9
000A552C
FFEB00EA
FFF81285
00070055
000344A9
FFF24898
00071EC4
001C6699
FFEE871C
000C9CC5
002B8A30
001D59D7
FFDB0B82
0037F1CB
000F17BB
FFF867DD
00131192
0009C2A8
FFD35FC1
FFC53204
FFF39AC5
00372081
FFC271CE
00297A6E
FFFBC9E2
001BB7D4
00042832
FFF5F2AE
0044AD17
FFE088AB
00012C35
000903E2
003E4B8A
FFD787BB
FFEF695F
000F5A66
FFEC2D99
001D5599
FFFCCB61
FFB8291C
00334E9C
FFEB6595
0033A99A
004BC219
000D8075
0022CCF7
0048D61D
FFD655A2
00407645
0043F83E
002449D0
FFE67E01
FFE3F827
0039A47A
FFCC2413
FFC994C5
002A3433
00118A58
FFCCD6DC
FFDDAF7E
0025FC1D
0023C963
FFFF7C73
FFE8C768
FFE0E278
002EC532
000E2D65
0038FC5B
00262943
00423261
00133661
0019FBD9
001CFEC9
FFD9C45A
FFBDF526
00195D69
000110F6
FFFB213C
00138C87
FFF80F80
FFFEF2BD
00079008
001C4AA9
001C0BA4
004CE9DE
FFF40D28
0026239B
FFBB7407
FFCF714B
00116EE8
0011993F
000DE406
00050EB7
00267EC5
FFE00E45
FFF11828
FFC8E08C
FFEBF106
FFE76502
00049DF2
0013865E
000E54C9
FFF76E8C
FFF9561A
0000093F
0005B3FF
00273066
0021906A
00094107
FFF6CAC2
00314E1B
FFDD8CE2
00375AAD
FFF6F97B
000F0DEC
001ACC08
001F3C82
FFCD6CE8
FFF2D770
FFFAA788
0001F4CD
003521B1
FFFD9F37
FFF92622
FFE90E0A
002D51D5
0009A35C
FFEE5358
000C1C83
002AEDF7
000C1105
003AF972
00246C4B
FFED0F01
002E8E89
FFD85E86
00052DBD
FFDF01A5
0035F6CB
FFF478C6
FFF54E87
0032FECF
FFE5926C
0039CA94
FFFEB601
FFBAA2E7
0033931A
003B201B
FFD44424
000ED5C7
0010250E
0013C0D2
FFD66644
FFCDC0D1
FFE89960
000A97B8
00256CE2
000A1EF9
002B838C
FFDC9444
FFEF83E1
FFE499A3
FFE6A14F
001CDC96
FFBCA314
FFCD4BDA
00038FAA
FFD1815A
FFD57277
FFE17978
FFFDDB06
FFF2C260
0011615E
000091A3
0005C31D
FFEB0972
FFDA8FCF
0017615F
FFC9FD85
FFCE5EC9
0023F7C5
0003A22D
FFE9B7A1
00024BC0
FFD18EDA
0012347E
FFC57E50
000AB8FA
002D6116
FFFA2AA5
FFDA9CBF
FFCD9D77
00417737
002EAE9B
FFF150E6
FFDBA30D
FFF88F7B
0002D15B
FFFB8243
000C1801
00176E5D
FFFBA231
FFFB183A
FFFB690C
0009ADB9
001F9257
FFDA5462
0035D30A
00214DE3
00050627
00252697
FFE79894
FFE0EA51
FFF99ECF
0028D593
0022B94E
000DEEE0
002C3CD9
FFEDB259
000FA8F0
000EB68E
FFE949C3
0001B378
000812A8
FFE5DCFA
00122B41
FFF64E91
00282F9D
FFD2AF92
FFE4D923
002430A5
FFD653E4
001D3BB7
FFD75B7B
001BB825
0005CA0E
FFCCDABB
00407325
FFF1A378
000C071C
FFA2CFB5
FF96886A
0017743B
001984D8
000312EB
003ABC56
FFC06D15
FFDE5BD9
001D81F0
002E39F9
000A04A6
002A4821
000014E4
FFE9A85F
003D7804
FFF5F94F
00130070
0012E41F
FFEF1D8F
FFFAB9C6
FFF0CEF5
00224327
003D03D6
FFE9189E
FFD1F201
FFD477FB
FFD746B3
001DB820
FFCF8837
0018736A
001D8998
FFF4A42A
FFE81BE3
FFEE79B4
00191CF3
001488D4
0037662F
FFDB35E5
0003ED60
001E4F2D
001D80BE
000D72BC
00247601
0002C9D7
001A679E
FFF30D3F
FFF3B0B5
FFCA2E88
FFD5535B
FFDDA411
0028C413
FFF9939D
FFE3BC48
FFF807CF
FFFF30CC
FFF5DFC6
FFDA56E2
0013E78A
FFE0936E
00038D1E
000318CA
001A6785
00178F69
00012CB0
00451E63
FFDB95B6
00522F86
003FA780
FFF3624C
002E17CB
0038408E
00400EE3
001FC279
FFDD8620
001B2495
00075758
FFE909F6
001B11EC
002FBA3E
FFDB1F25
FFE5957F
FFC8C014
FFB45730
FFD0CC8B
0018453F
FFB3DF61
FFEAC11A
000E622F
FFFBF862
001AF875
000D14D7
0020D6AE
FFF16C41
004AC281
002A464E
003090FE
00322720
0033E573
FFF333E5
003D8970
0040BBA6
0015849B
FFED4551
007D8E55
00369524
FFD91C8B
000EEBDE
0018CFD1
FFFE35DF
000982B3
FFFEE956
FFF01382
0003BA8E
00244EC1
002B9912
003387B5
0000A545
002C4982
000CA001
00396BCA
FFE0F383
FFE6C4CE
00062DDC
FFC60E1A
FFD5CF09
0010C4E5
FFF8B382
001975E1
004085F9
FFF434B8
001F5504
0041EAD1
FFD95B0F
00549BFD
006B167D
FFF68428
FFF9B3FF
0030082B
002ABA36
00247400
00176E17
000C8717
00111496
0020ADCD
0004699E
FFE9B81B
FFF7D69A
FFE8D904
0003F81C
0049C119
00056294
002EDB92
FFFDEDCB
FFCFCACD
FFEACBFE
FFD56F35
FFFC8D67
FFF2A318
0023D9AB
00131427
FFF5E844
FFF738EF
002AD3E6
0014238B
FFF4CDA8
FFDCE536
FFCB8F64
FFEC7D3F
00129BBB
FFFB0903
0020A353
000CC21D
FFE073B5
000BEC51
003B3B33
0015CF43
002AAE98
FFEB2926
000F4A98
FFFC8675
002DAC76
FFEB9EFB
00159E4D
FFCB9F43
FFDAEDF8
FFCF6B3D
002B42F6
0032F419
FFD2B21B
FFF2F1F5
FFC34F50
FFE64983
0011E2C6
FFBB16FB
00083B3C
00102FD9
FFFC5B77
FFB31502
00165837
001D29F7
001AEC28
FFF1FFA4
FFD4CA3B
FFCE3166
FFF7F0B9
003DADDC
FFEA7EA7
0005F4CC
FFDF6B21
000C7A3A
0036CFF6
002F11BC
004C2AAE
FFF06CE6
FFF3E436
FFF18CCB
00002408
000D4AB4
0016BF24
0009FB73
0014B742
FFFE9637
0037850C
00187544
FFD7D8F7
FFFC9087
0033B678
FFF8E3F4
0049E896
00247A09
0040ED4C
00073FFF
FFFABACD
002BDC7A
0015F2E7
00080592
002BD815
FFDF3145
FFF8A25E
FFDFE064
001A3E62
002B0B20
0019F571
002526B6
002B44BC
0014A1D8
FFD9BBA2
FFE29B6D
00296D01
FFE1BD78
0001059B
000A5A74
FFE76E35
FFBE7473
001CB0F8
FFE25A00
FFE333DE
FFEF7F12
FFE84BAD
FFDBD06F
FFE3230C
0013DDC1
000A8CAE
001E6450
FFD200B7
0042ACF3
001CE6E1
FFE8005D
FFE7B615
000CBC4C
0002FD7A
000C50E3
000DE761
FFFF2223
FFEC5880
00069871
FFDEB141
002EA976
FFF62FDE
000EE07B
FFD90B37
FFDCB03D
FFF7518E
0010DB8E
0034FF13
0011B060
000CEC06
FFC561C5
FFB5C40D
001351E1
FFEAA9EE
FFD885BA
00417236
00162608
00143C19
FFED295A
00087C80
002FE294
0050154F
000CB5A1
0022600F
006E1574
00575EEB
00046882
00205B62
0029AE62
FFCC8451
FFCAF703
0003A20A
0011DBAD
FFF35D6D
00306018
00149A0A
00247FA2
00366583
FFC1DA2D
FF9806BF
FFB09445
00341993
FFC01A24
002BB283
001B2BA7
FF8ED77C
001863BB
0053E436
FFF9BC92
001165EB
0016F73E
001AAD33
003BB97A
00073E10
FFF76AB4
00052EA1
FFFE4BEA
0014829D
FFDE52E6
000E926B
0002C971
FFF2D13F
001D26F6
002CC1E7
FFDAFC51
0011F2A3
FFDB77E7
FF9B5DEB
FFEF06CE
0052DD10
FFB5944B
FFB4CD12
000D0149
FFD80BF9
FFCAF348
FFD86227
FFF5E7FE
FFBABC33
FFDA8C0B
001BFA34
FFEBCA13
00060AD6
FFEF23C6
0006D955
00410A44
FFD9EA9B
002552A6
0013CC61
00265101
003FFF0A
FFE3576F
FFF36B64
FFD31FEC
000138DF
00401AF6
00205BC1
00011F13
001CF247
FFBD4EC1
0014748F
FFAEF7BE
FFC80F95
FFF3A11D
FFBE051E
FFB5D25D
FFAFEF2C
0032B8CD
FFC8A9EB
003E5245
00181FE2
00413404
0012E01E
FFCBD0AC
000A5E19
0024DA04
FFF369B5
FFF7B5E8
00036A91
0028ED42
FFF4276D
FFE36D88
FFCB80C8
002256C7
FFF1DBF5
00003A3E
000B0C7E
000B220E
0043E464
00327C4E
003BDB5A
FFE6E724
0022C2A9
0005E83E
FFFF5A8E
001A9078
001A7F9A
0022B859
FFD11AC7
FFFC35DC
003CBE23
FFDA41BF
00431CDD
FFD75457
FFFA0EEC
001E5D43
000D3F14
0008B6F9
FFDD575A
001939ED
002EA59E
FFEABD07
00204647
FFDC044C
001907A1
00148363
FFF0B139
FFCBC87E
001DDDC9
FFFD23E1
000CF0CE
FFD8D518
FFE31A00
0000F93E
FFFB9590
FFE0ADE1
0004B0EB
0022CEA8
0044B262
00281CA4
FFF37DA4
FFF59A38
FFFC3FBF
FFD49686
FFF708DD
0031276A
FFE945A4
FFEC9C2E
FFE5C7FC
003B4158
002EAA0F
0048E6D8
002DEA24
00089DE6
003D1638
0042C297
FFE450DD
FFD518D1
FFD856C5
000AA98E
FFDA9D3B
FFE07CB8
002F8D6F
0002A206
00578B52
FFDA41A4
FFBCA964
FFDB7BFB
0022DC69
00033957
00240B8F
00594E5B
FFA7299A
00356164
001C83D6
000F0C90
002E36EC
FFEEA8D1
FFF630C8
FFE243D2
FFD3895C
FFD5CF92
FFDF782D
FFCF35DB
00177327
FFDD5CD2
0026E260
00287E41
FFF6D4C6
FFE10C31
FFD1A708
FFAE0CBD
FF8D0CF6
004A41BD
FFF0A4CC
0001054B
FFE97CE1
FFAB2D49
003AC33A
00215101
FFF56F07
002C7574
FFD8F9DB
FFF5E14C
0032C6CD
002E95F3
FFE01D84
FFE12E7E
000D8432
000AE019
00029ABF
000F36B2
00077CE3
FFDC143C
005216C9
0048387B
FFECDEF4
FF3B898A
FF93494E
FFD431ED
005A3356
005D7D5A
FFE2B00C
000DF40B
FFCC0DA4
FFA1A6C3
00135839
FFD7BE68
0026A5D3
FFC9431B
FFEBC33C
0018533B
FFE76EE5
000D5C60
FFE0F252
FFFCCE3B
FFE10A6A
FFE19C6F
FFE06DEA
FFF81576
00026451
FFD466AD
003464AA
000E8D35
FFBD7B75
000A734F
0032BE5D
FFB2271A
FFD7E38B
000E2343
FFC2F785
FFED921E
FFB4904C
FFF7D490
000D75B5
00141D1F
FFF4F4B8
00555ECA
FFFAFD4B
FFCD1006
000BCC15
0006EB98
00017F36
002A9EC3
FFCE23BE
0048EE24
FFE8CD89
FFEFB039
00192830
FFC51656
FFF987FC
002547D0
FF8573C1
00104EB7
FFCA5CFF
000ACB92
FFFE45F4
FFF4AC7B
FFFEAED4
FFB17035
FFBCABEE
002628DD
FFFD9724
0007DD6C
FFBB5278
FFB25C0A
00448AE3
00099DEE
000A3670
00160650
00072202
003B7535
FFBEA46C
001738A6
001E1439
FFCDC852
FFD5EE9E
002E3CD6
001C645A
FFF6919E
0013FCED
FFF183B8
00324538
002FB9C4
FFE272CF
00482E5A
FFEECE22
FFAFA580
FFFC1E8A
FFB9F79E
000AA03E
FFD259F8
FFB3417D
005CB5A2
001899D6
0017019B
00098FC1
FFD4A3D2
FFCF2A8B
000B1AF4
002991D7
FFECEC38
002AD1F9
FFF44E71
0024F0CD
002429EE
0012812D
0029833B
FFE350FB
00091681
0000272C
FFEB700B
FFECEDD1
003974D7
004ACFF9
00326824
005A4060
009F59D2
0096FAA6
00219037
002EBC05
0042F110
0026D1AD
FFF7A4FF
FFE62AA0
00276C7C
0013D037
FFED2199
FFF4927E
002D0575
FFD8B822
000D5026
001C22B3
FFD174FB
FFCF9924
FFEC199B
FFDDEEF4
FFC55C6F
FFB3DA56
FF9E372E
001BB6FA
FFCEEDC7
FFF026BB
00038B64
00180973
000F3A82
FFE7000B
00298B79
FFC1C3D9
FFFE9D97
FFD8811D
FFFE49E7
0004BA96
002F2A65
0020FA54
0017C3EC
FFDF0991
0053C00B
00459CAE
FFF15C6B
000BB229
004631D7
00042E10
000DDFCD
0009C717
002803B4
FFF1CF05
FFF82E31
000151AE
0010F70E
000BC12F
FFF72593
FFEB8DC4
FFFE22B6
FFEADAE1
002AA210
FFF3C9F6
FFF8C131
0031E2AD
FFFCD860
003AEB56
0004C146
002308C2
FFBB5DE9
002CFD29
000ACD9C
FFBE0E20
FFEA4E1D
FFD3140A
0024C5EF
FFF2B9AC
FFD150FC
00136C71
0014221C
0031B838
FFC22DFF
FFE1BAD6
00242E3E
00090303
0060836B
FFFC6A1C
FFE266CB
00587772
FFFD4A45
FFFD9F98
FFB5FCBD
FFE39609
FFBAE5D7
FFD393DD
FFE8655E
002BBA82
FFD2534B
FFC2A5E8
003325A7
FFD5E6AC
FFBD92D2
0026EBD8
0014530E
003AD9F1
FFFC4583
00266FCB
0020B07C
FFF1E23B
0015F73A
00038F37
FFFEC564
FFFC7653
FFC09135
001624C0
FFC725B6
000BE266
FFE1C3CD
00258279
003F5CC7
0011957D
00589F95
FFE4D5ED
003232B2
FFF3D5B8
FFDECAF9
FFC544B2
FFFBFBC1
FFDC6AAA
001DC7BF
FFBE71E5
FFE152D4
004ADFD8
FF5DFDB9
FFFFAF75
003C2229
FFAD6CE5
FFE23D28
007D7E3F
FFF2096E
0037CE16
005D70AA
FFF99530
00536D45
00251A69
0063C5E2
0054211B
FFD65851
00378501
00098F0C
FFEA0985
FFD56735
FFE997F7
FFEA142D
0036F650
001FA1DF
002F3677
0013EB7A
FFDE9FFF
FFDFE9BE
001CB6F2
00805AFE
001FAEAD
008DD966
0028A990
FFBE58A2
0044406A
0054AF96
005EE444
000840CB
FFF1E03F
004E899D
FFE84A74
FFF36BE0
FFDF6602
001A0D39
FFE53035
00183023
000C4621
0007386E
000ED1A2
0032F1F6
FFE3C87B
00097BBF
FFE41886
FFF1FBD9
FFFE1DC5
0053CF83
FFED6BB9
FFA28974
FFB6FE8F
FFB1C133
FFDB5156
00235B31
00136C01
FFF0CB5F
FFD9D19B
001C5137
0057D731
FFE6F8B3
00116B3C
FFFEBCD3
FFD2D050
00088F53
001538F7
FFF99B93
FFDCB5DE
001F67CF
FFEFFCB8
FFDE8C22
0028D9E0
FFD65982
FFF8FE02
FFE1F313
FFFBCA09
FFF5140E
FFDAC2D8
000A6BBE
00120FBA
00020E22
0008F7C9
FFF4FB83
00215F58
FFAA110B
FFEB75D4
FFC67489
FFF58783
FFFEDB76
FFC68A99
FFF71EAC
0020C70A
FFF4AD33
FFE8F543
FFC8C2F7
FFD8D350
0043A28F
00096B03
FFC2B7BC
0034907D
FFD3BC5D
FFE3515B
002324C7
0008E872
002D54B8
00030213
FFDB7062
000748C7
FFF4E8FE
FFFEAA16
FFDFF5C1
00435DFD
00187E47
001078F2
FFF61131
00325C13
FFF3C3EE
FFC044D6
0002EBF2
001E3256
FF73158F
FFD6764C
FFE074BD
FFC29D04
FFF41310
000EA4CC
FFD7E328
FF958536
001513C6
FFCC4138
FFEBC44A
00511990
000D770E
0068F22A
0060DDB0
FFD43E2E
00422C2A
004449B6
000B30F1
002BDB05
FFE8BBA8
FFC4496C
FFCD22C5
FFEF2CFE
FFFF0D07
FFD581BA
FFF26F30
FFEF6277
000F402B
FFE3099C
FFD24118
004FB337
0004405C
FFCC30D8
00225CD1
001CE5FE
FFF441D6
FFE156FA
0047785A
004CB864
FFF13B9B
FFDA9C3D
0036826E
002A8048
FFD45F8D
000B5003
FFB9E81E
0038307A
00191E5D
FFCE5007
001605E4
FFF44721
00141DAC
000E3753
FFF04FC0
FFCDA6CA
FFF10D9F
FFB28002
FFF33E5C
00379EA3
FFDDC4C7
0017B989
003259D3
FFF66F8E
FFE56E82
FFFD5AE0
00161D23
0035B418
00435BD7
001BCBE9
FFF85410
FFFA9A91
0026590E
00165599
0022296A
000970B2
FFE4BC9E
FFD808F6
FFFF23EA
FFDA8352
001E1B56
000F388B
FFE43D8C
00316524
FFE228CB
0016BC7D
0018D9AC
00151DBC
00197C51
FFECA27D
000F232A
000BFF4A
FFD99184
FFE225E9
0016ED7C
004A5E13
FFE174B3
003CD30B
FFE44DDE
0018ECEB
FFD1B67E
0027E1D3
00199BEA
FFE7F66C
FFF17A55
0040B8F9
FFEE6902
FFE66C6A
FFF7E90B
000AA6EB
FFDF0A5C
000E0AFA
FFE98945
00020C57
000C4BEF
FFE21F4D
FFFE4252
FFBB7382
001B8DB7
FFE21AF2
FFD6A21B
FFDD9F98
FFE797E6
00007721
002FDAEC
0011012D
FFD6C1C0
FFE61F7E
0034F44A
001B5261
FFE1F080
FFBCC552
002B4491
FFDF3C7E
FFC156BC
FFF5FD99
002635F8
00025E01
FFED1C2A
004F2B4D
00064F71
FFF7A3E5
0013A9AB
FFDB50E0
FFEAA94C
002240C3
001686B9
FFDA3A31
005A7951
00461AF9
0000E82D
000F0D59
00106C0B
001CBEA2
003EAC21
000CD3D9
0014CA9F
FFED899C
004F24BA
FFDBBBF7
0012A121
FFE1C595
00118D3D
FFFA8224
FFC2209F
FFF60DAD
FFF4DEFC
FFE1043E
FFE07E8C
FFD398F1
FFF41B50
FFFADF92
FFCB25F7
FFFA5812
FFCFD32B
FFF66787
FFDC5990
FFF02BB2
FFC2AFD0
0020D170
FFCB1484
FFF1A7C5
FFCAAA2F
FFF9EC2B
FFF26152
0018FF77
FFF52B57
00095F3C
FFD54026
000AC17E
0010E57A
00099F79
FFCB11C4
0038A01D
0034B030
001DDFB7
FFC83DAB
FFEF74D7
000FCEFA
0095CA72
005A1672
FFFC7A09
FFC27D8D
0059A78B
002B1FDC
002B108F
0006C9B3
FFD0A9DA
FFD49271
000DB637
0026E99A
FFF0AFD3
0010ED3D
FFCA7FCD
001C058A
00157441
001A09DB
FFE65420
0028539F
FFDCA6E0
0041B358
00587852
FFF49BA6
004778F2
000CAC4E
FFE060B7
FFD27C32
00142355
0022FC87
00023187
FFFD82E8
00304654
FFBFBCBB
00338131
FFE0621E
0015D39F
0014F240
00124D89
FFC8321D
FFF748DB
0007F285
003192B1
003D61F1
001801CD
0019871E
001193EF
FFD7E4E3
FFF471AD
00048263
000663DB
0011D235
00387492
002ED815
FFEA8051
FFD517AC
FFC9642D
001584E3
FF96A41B
FFDC54DD
FFE82CF1
00643BA7
FFEB5B42
FFF6B4D9
0002E745
00527EF4
FFA65FD2
001E5B66
FFC0446A
00101318
0000D958
FFF0A4D4
FFD69595
001C5F91
FFF3E5D1
FFD1FA07
FFD2D916
FFE3C5FD
FFED9E35
00207866
FFDD8A39
0008FDBA
0023D98D
002AC05D
FFEEB42F
002E203D
FFF5ACF2
001B4181
0002FD6D
001FF4B8
0000B94F
0028B8A4
000CD55C
FFEFB551
0039BA7D
FFD9645E
FFEF6F77
0025CDA6
FFE54B59
003426ED
FFF0233B
FFFE0CC8
00233362
FFFB1841
0013278F
002038DB
000ABCD1
FFDFAADF
0009FE8D
0028D9C1
FFD49DA3
0028168B
FFDA7A10
FFE278D4
001E2A95
00227E62
00113F8C
FFD955AF
002E4258
001C6C1E
FFFF0811
00118680
001A91F5
0029F13E
00006D24
FFE91660
FFD3E384
FFF95C60
FFE33545
001C9176
0016CD47
0023D5C7
0030199F
FFEEB147
001EB9AF
0036EEB5
FFF08ABD
FFC85B88
0028847E
0042A327
FFEBCAD2
003D0752
004B78CC
FFF7E2A8
FFC26B20
FFBEF00F
002AAB36
FFE7DAEA
FFD1B8B3
FFF4FA13
FFF44AB4
FFE8C512
FFF4462F
001045E4
FFC6D1CC
FFEC8CF0
FFC7BDAE
00151E66
00145C24
00252D93
FFE7E93D
002AB325
0049C0EE
0007DC7B
FFE7D14C
FFEE02A0
000902C3
FFF37A99
001EFAA3
FFE078D8
FFF29533
FFECDF47
FFE303B3
002B0D5A
FFF18D3F
FFC18909
FFDA571D
FFF7CC6F
FFF50C09
000EFD4D
0027876A
00527045
0001A27C
FFFCC40E
001E1A0B
FFFD8FD2
FFD0477C
FFFFEEF1
FFF6901F
FFCE6B45
FFB90EBB
0016FE06
FFE9B833
00144ECC
0004831C
00355D91
FFD0A2C1
FFC84C35
FFD92864
0006ADEE
FFFC8A2F
FFD471D9
FFB5D30C
FFE088E8
0007D171
00398068
FFCC1401
0000A7EF
001EEAF5
002E4A22
0025CD13
0017AE53
FFFD4EC5
002F12C5
00127416
00300D47
000146EB
00259281
00121D7F
00045541
0007E98A
FFFFBB4F
FFD94F32
00209091
FFCABAEC
001BDE41
0058C32B
FFEC09AD
0006D2AD
000BA8E6
FFE92870
FFD429BA
0004B1D4
003ED24C
FFA4AD71
FFE7CF12
FFE7D469
FFFEC8C7
00287489
0013043C
000456B9
FFC36FEF
00179F4C
FFDB06F7
FFD00478
FFB4DC1E
006C2AD1
003D6498
0025759E
00043CEA
FFFF97A6
004C73AF
FFBCAAE3
00423681
FFF23DAF
FFD39C2E
001A80B7
0009BCEA
0014B394
000DB910
FFBED464
FFE1E954
00019CFC
FFF246A1
FFE2D5D2
FFB3B9A8
000D2D29
00075231
0003E6B2
FFF9F620
FFD82E69
000A4F18
000C28D2
00191929
001EE68E
0027845B
FFD9C586
FFFD7BEE
FFD37B1A
FFE15796
001FEDE6
FFFFD446
FFF50586
0014A054
00362C26
FFF86F91
FFE2E454
0020E312
0010A3A8
FFE3EA4B
00081DF7
FFF61B77
000FCECC
00101689
FFF5F89E
00141EEA
FFC5DBBC
001A1EC1
FFDB2147
FFF9F588
00133E75
FFFE5EB6
FFE5A998
FFCF23FB
001EA1A2
001CF0ED
FFEFECAA
FFFDA347
00190196
00106BF8
00064CB2
000C4F92
FFF04BFB
FFE9B446
FFC3C4ED
0024279F
000C27D0
0007E595
0006AA3B
00119196
FFC0503F
0022A0CC
003D3CBC
FFDE6452
000CE97F
FFCD19A4
0005FC53
002F9C02
000DAAE2
FFF404E7
002D747F
002BB315
FFD8E228
FFF518DE
FFFA9307
000875AE
0026CCA4
0010A84D
FFDE8AB5
FFFF57BB
001C9201
00144E28
FFCA6399
FFDC5289
FFBE954B
FFB9D462
FFF00118
FFCF0677
000EB775
FFC8AA4D
FFC9119B
FFBC88DF
FFF4C134
FFD12EF4
FFDCD9DA
0005C8DC
FFDD06BB
FFE09592
FFFAD05F
FFE4403C
FFFC5C62
00297607
FFE49F1D
004E909A
00157522
0031931A
FFD8800C
0042423F
00060C20
000003DB
0020CABA
FFF5A166
005BE111
FFDC10D4
00148FDF
FFECD374
FFDAC1E9
FFF8E5DB
FFD43DB0
FF8E331A
FFEB9517
002D5FC9
00121C52
FFF0EEAA
002E491E
001D12B4
FFF42969
0004B69F
FFCB85FC
0003BC19
002DA967
FFE23A1C
001D766F
003A368E
001F3788
000B2C59
00307F42
005A14A0
FF8A9B78
FF96E7DE
FFF36F7F
FFA38EDA
FFE939AB
FF4F979C
FFF9B01B
002FEFC8
FFCD8F1B
FFD14EB2
00197885
002EEEC9
004A1EA5
0042EFDE
FFF31A40
FFE2D31E
FFEE01E2
00C0B1E7
FFCFA362
001D7782
FFB44143
FFAF92B4
FF85E06D
FFABEC8D
00A40D36
0003C221
00624913
FF24264E
009171A4
004DC3C7
004CA2CB
001DF89B
001165E4
FFB804BF
FFD02A42
008B3C58
00154F05
FFCCD92B
FFCD912E
00179075
FFB616A7
0004CF2D
0044F580
FF93C305
FFC41E35
FFB3BA59
FFD5A1BA
FFCA87C4
FFA7B42A
FFA13ED6
005DF61A
FFCF474E
FFD0F860
00D0E9C8
00699691
FFB46110
FFF0AD2B
FF9C597C
FF8D4AD4
FF95770B
0091DC50
0058913C
007FB5C8
005D4C87
FFE3CB25
FFFB3390
FFC206BE
00159A8F
FF90119B
0063EA99
FFEA0A13
005A50CA
00B75D43
FFCB38CD
008EACBD
FFF8A574
FFFAB8BB
0005C88B
FFE0B70A
00594B93
FFE4A987
001606C1
FFC02660
FFF4F511
FF697DDE
FFADB010
0029CF1E
004B9BDA
FFBC0649
FFEE7908
003A46DC
FFE745EE
0019AAC0
FFD9CE6E
FFB1FAD7
0045F9B5
FF855944
0060E07B
002A9AB6
FFB2CE41
0036E6B6
006947FB
FFEE4EE3
00209CE1
0025AB9D
FFF47F85
003AF27B
0057B4F3
001AD117
FFD95083
FFCDDDED
FFD67DBE
0049C8B8
00425674
FFD07CE2
FFCCEAC5
00008561
FFCA13FF
FFA45B29
007A9AF9
FF629E89
003911D2
FF7DC6AA
FFB7381F
00289E74
FF9B1C7E
00240DE4
000296A9
00030400
FFF94C5E
003DE9BA
FFD5569A
00637572
002A41B0
FF829D30
0058DF04
00491DA2
FECA85A4
010EE558
FFBB14DC
003ECD5F
00A36BE0
002E9649
0070FA21
FFF720C2
004F8DCE
0071CD95
FFCAB135
0055774E
FFD8688C
00330B86
00207D4C
FF7FDDDD
FF66FD2F
FFA8BD74
00C863B4
003B8F02
FFEBDD15
FFE3E941
00156402
004AB05E
FFE0BD3B
006CCFAE
FFB2CD87
0029B138
00149354
FF99A060
FFE782F2
001D2EDE
FF641E48
FFE89E89
009E1D2D
0008F9BF
002706FB
002E80F2
005E4EB5
FFDA4D75
0067B69C
005AA64B
FF8CBBEE
FF420111
FF748585
000CA6F8
00279E0F
FFE878F3
FFCE7F1B
FF5B4888
FF588188
FFC860BC
006A11F2
001A6DEB
FF2325D6
00780232
FFD9C808
FFF6C61B
00169F9D
FFB9CE7F
FF7E9313
00145DCD
003A138C
0013CEFF
0030D1D0
00219261
00520E54
00304384
FFFD38E7
003953DE
FFD1561A
0001560B
FF7E50F2
0016AB19
001BCA39
FFB6B857
00365AD3
FFCCD7F4
00458B5E
001554CB
FF97FE7F
FF3CC7BF
0024DABD
FF766F4E
00929033
00012B98
0026A2B0
0087FA41
0099A212
FFAFF669
FFD9885F
002471E5
FFD82C28
FFC1E04B
FFC894C0
002A3247
00395B98
FF925232
0035B862
00769D2A
FFE55003
FF89294D
FFE440DE
FFB5F4F0
FF6C36EC
FFD59D6F
0029944E
FFDF5F34
FFBF682D
00665267
FF65FAAF
00A6AD54
FFB9BF2C
0011F84E
FFC3347B
000AA651
FFD19F03
FFC45482
003B228A
FFE5FD26
0000610D
FFE7FA9F
003461A3
FFB94A92
0047A0A7
FFD73E97
001F30B2
FFCF1625
004FF072
00284B83
0020E0E8
005C1B79
00CB8373
FF5C26DE
002389A9
006472FB
0043C382
0016FC2F
005A269A
FF4F387F
001B5CC2
FFB3A64A
000C0B0E
FF521096
FFF1B1B5
0080D44B
0022807B
FFD33583
0040774B
FFFC82F9
FFFD325D
FFFD797C
00399B78
00267B79
0039ACD4
FFCF14A1
FF9457E2
005A1A87
0039F04A
FF9CD46E
0014A8B5
00702E4D
FFD396C3
00D083E5
00191827
0075C0B7
002AD7C8
FFCA330A
000D32E6
FFD7A9DC
FFAEA354
0008CBA6
001B04B5
FFCCFEFA
0004E35B
FFB8A2B1
FF97109B
FF465FD0
FF70D036
FF75A41A
0019D901
FFFFE399
0014775B
FFB4425C
FFD545FD
0001EB00
000D2889
FFCD795A
FFD71620
FFC59B28
001AA5D6
FF7A2CBC
FFD475DB
FFAAC2BC
FF9DA66C
005E0A4E
001D6005
FFEBE2AA
FFF58802
008AA921
FFB159C7
000406F5
FFFDCCDB
0054CBEA
FFA60609
000C6934
FFFB5E7D
009AB5EB
FFD57F8D
004D1B7D
003E6BFA
0009C76D
FFEE11CA
0061AB4A
0039C33E
FFE86D48
FFEB18F0
FFD6EC8B
FFE7A894
FFC8E5E4
FFF48FDC
00096E27
FF2D3B96
FFD5AFFF
FFFBAD6F
FFE2EB8F
007E0777
001F4CE5
002114E3
FFD105B0
0028C2FB
007702F7
FF3A6ED4
001A20CF
0042CEB1
0092E0E3
FFF788B3
FFF8D023
FFDB7240
005730CB
FF778844
00537B5A
FF7D59B1
FFE9BB51
FFBE0CB8
FFBE560D
FFAC2331
FF7840D9
00374C12
009FF448
FFD1C868
007196CA
00285E9A
000C6CDE
00290EF7
FF8D16FF
0030A23E
FFE5CC0B
FFAC8499
00231B2F
FFC9442D
005798D7
004DF20C
0033E6C5
00053EE3
FFD0A1E1
003934CD
FFF7B58B
FFC7EE95
007A9CAD
005EB23E
003566E3
FF6BBC66
FFF39E94
FFA90ACF
FF976D50
000BF2BB
0093B979
FFBCB95F
FFA00A62
0037A242
004A3C7F
000DC701
FFBC5138
00014853
00201EC3
001CF5A7
005A342F
FFB7D40C
FF705E24
FFD35AF3
0052A24A
FF5AC686
FFF6327E
00459B7B
FFC270EE
000BD954
00B7B23C
FF8C7E01
FFCB582B
FFF5CBDC
FF96ED30
00545946
FFF9DEB1
008D6B95
0023C533
FF4FD05A
00160949
FFD7C741
FFF6829C
0049EBBA
FF9CF97C
005FE2E6
FFDA49B8
005BD0A7
004A5332
00269E67
00083486
0057C144
0004900C
000FB633
004674FE
003CEE8E
0011CB39
FFCB1EC3
FFBFACAD
0046865F
0030803F
0010A09F
00200995
0037F6A5
FFDB00AF
0043B848
001BFB4A
000DCBA7
00505FC3
FFF685FE
FFBAC215
00074359
FFE50D9B
001ED162
003E2DEE
002A3870
FFEA89C6
001E7CDB
003C1EDE
FFE49192
00141FAE
FFEBE9F8
FFE079F7
FF91248B
FFE2BA78
007BE31B
0008CE6F
0060A92E
FFFC5632
FF8AA295
FF2BC3C6
007B8E3D
00576BCF
007F4E4A
FFF57260
001B24DD
FF95F31A
FF90E059
FF92BDB3
00630BAE
FFD86B12
004BF6DC
FFC0F676
FFCFF2F8
FFC95187
000F4D42
0066D5CD
FFB33194
0038897A
0072ECE6
FFB3EAAA
FF71AB7E
0020754B
FFA4D591
FFF5D1EB
00678B2D
FFC989DA
006A6FA5
0037F83B
00142D74
004091AC
000C030C
FFD4B6D6
FFAE66A2
007617F6
FF947E08
0032E8F7
FFAAF0E9
FFB55436
FEDD72DE
FF80A455
000B9087
00742936
00A55F3E
FFE2F603
00462E52
FF5DB8AE
FFFED512
00B09004
FFDCD804
FFFD1950
001E031B
FFE679B0
000F4282
FF8BF1C2
0022548E
004F98B0
004763F3
FFAA0371
FFC82B95
FFED5BFD
00232247
FF6ADC08
006E93BC
004CD4EF
FF7470D1
00AA7586
FF653C52
FFB90643
0008D026
FF987D4C
FFE687F4
0077A32D
FF786EE2
00342324
009656DB
FFFD2B65
00142ADB
FFF34209
001A5382
FFD128E7
000F5C7B
001040EF
FFC53008
001D7533
FFFBB180
FFCA2EE5
FFC1C12F
FFF24AC0
FFFECEEC
000E860D
FFF213FB
FFD48643
00305F08
FFDC97B5
FFE7C11F
FFC88966
FFD7D70D
FFEABB20
000FD9EE
FFDAEFED
FFE12DE3
00189D3E
FFD72E2F
0028EDCC
0006D00D
FFDADA0A
FFF4A145
FFF4CE02
004417F5
FFDEAB88
FFFA5913
001A9A2C
FFD8029A
FFD5ED6C
FFFC72E1
FFE5FB3E
FFED3ACF
FFB2D623
FFC78854
FFFC0A13
001EFB80
FFBCBF36
FFF2B8AF
00010D99
0029FFEE
FFDBA358
000A45BC
001A3B18
0018E110
FFF6E24F
FFF9D8AA
0015835F
FFDE142B
FFF11062
FFE0F32A
FFFB736B
001EC988
FFDBF5C9
0019A248
000B4FD2
FFD9E771
001759F8
FFF34444
FFFD03B9
FFF9BCA9
FFE811B3
002C3D15
0027ECCA
FFE9B4AB
FFCD3A54
00065788
00054F7C
0006AF81
00072EF0
FFDF584D
FFEBAD0F
00034230
FFD0CC4B
FFED2327
0005E9DF
FFFD6A07
FFA5AAC7
FFCC1750
00104062
FFCBF0B7
000EC396
000602AF
FFC352E1
002F661E
FFD77A71
FFD963DD
FFE54235
FFF38704
FFF8CEB0
FFD31411
FFF14499
FFF6DECA
FFF34A83
FFF74DCB
FFF93CC7
0014BEDB
FFF586AF
FFC77C5A
FFFED47D
00006B9E
FFD506AB
00111A6A
0010A4B1
00047ED0
00111FC5
FFE6BCF1
0005854D
FFF32454
0016E86E
FFFDAEB3
FFEB237A
0015DF31
FFFF25F7
FFEB84D6
000EFE33
001A669B
FFCF1C35
FFFF1D63
00220095
0005F83A
FFF81909
FFFF87C1
FFE53858
FFD7969F
FFEB75A5
FFFA944A
0033DABD
FFD35C3D
00165642
FFF20706
000067F3
FFF1C159
FFDF8893
000970FF
003A3928
00210069
0011245B
FFB8AA8D
00078C0C
FFE6A704
FFFE0E34
00264460
FFE8B3A2
FFFD6830
FFD8C7F2
FFCF617D
FFF1218C
FFD906E6
FFC64D52
FFF07F76
FFDCBC3E
FFE2A3A0
FFE15169
FFF15D88
FFDCA82B
FFFC9415
FFEA4690
00263DB9
FFD61680
0022A29E
00063721
FFD86094
FFE85A3B
FFE27148
FFDCA80B
FFDD16E7
00245D5F
FFCA2FB6
000C83AB
001FB6BB
FFF44E2E
FFCFF634
002F62B4
00127972
FFD8987F
FFA59DA5
000ED784
FFF8B3A3
0014A662
0062F3C7
0044A24E
FFAEEF08
0003DE92
FFD30327
000D2D0E
FFFE7478
0011C7B8
000321A4
FFF2B113
FFDCCCC6
0034B347
FFFDB3A5
FFE9524A
FFF54E83
00270BD0
FFB5E04E
002C8B2D
FFFC06EF
FFC2C033
FFE57AA5
FFD9E554
FFE4BBAD
FFEC2AD2
0010295E
FFF5F56D
FFD2F0B1
0028358D
FFD7AEFD
FFFA72DB
FFCC1D55
0023A550
001079D9
FFF6522E
003AF135
FFEF106C
001227D2
0028B082
FFD68344
FFF90286
FFF23359
FFE8BD0C
FFDBB44B
FFD80F45
002ED3EC
FFF02558
00063FB3
0011E7F1
FFF2EA0B
001FD55B
00013338
FFAFE6D2
00165D0D
000BA725
001B4C09
FFF9B05C
FFD0E7ED
0000396B
FFBAAB46
FFEBA289
FFCFFC9B
003CBB55
FFD73840
FFF7B1A7
FFCCB88F
FFE1E819
FFF4D6B6
00029636
FFE1591F
FFED0C28
002086A1
00002086
00071B58
FFDCB1EF
FFE328FF
FFFE7814
001CC4F2
FFF1030F
FFFCB4FB
FFE4D118
FFE4A621
0013C942
0017870F
FFFDC05F
000679B0
FFAC754C
FFBD4F3F
FFF39546
FFC610D3
FFE9BC01
00087E6D
FFB49757
000CDB04
FFDEFA8F
FFE87600
FFF7153B
FFE885FE
002A7222
FFDB683A
FFF6332E
FFE133BD
FFED1259
FFF267A1
001B943A
001DA0EC
FFD0F086
FFF517E3
00063921
FFD4C90A
0024FF7B
001E6B9B
FFD01906
FFF53D55
0031A394
002F5DBF
FFF1B871
0057C13E
002A0BE6
FFE1401B
FFF9B7FE
003B6A2A
FFEDE1A8
0008BEF1
FFEC91A8
001E2386
001477FA
001DAB29
0006E0D0
FFE37CA8
FFF68E5D
000EDD1A
FFDCA986
FFC6D952
0027FACA
FFEBEE7A
00086568
FFFDE13D
00045533
FFEF797F
FFCC4F59
FFEF13DD
FFC98B6F
FFC9F7D7
000334A7
FFCEA494
FFDC2CBD
FFEA7E97
FFD1B0EF
FFF8EE1B
001074BC
FFFDA532
0011DF63
0026A5D5
FFFF59D3
FFC99444
003A2BDB
FFE1648C
FFFC8B9D
001E56BD
00109F68
0016C303
FFDF0CFC
FFE1E12D
001F6E0F
00171D92
0005CF91
001F66DB
FFC7EB56
00282FFC
FFE29C15
002616A4
FFE33097
FFDF6298
0000385A
0008A7DC
001E4750
FFD8C255
001732E3
002077B1
FFD2BB0E
FFEC3971
001F5ED3
0000A8BF
0032A6A8
FFF4F162
FFF5FF59
FFFFD842
0019F7E1
00096ABC
002A1CCA
FFE2E2A3
FFEE89DB
FFC6F1F5
00411A75
FFF81D2A
FFEABAE8
FFF07816
0007FFD5
001335B5
002EA9F8
FFF89935
001F06EF
FFC69388
FFD1C834
FFDBF666
FFD5A90B
001DD580
FFE37347
FFFC058C
0028A041
FFFD12F8
FFFEB5C8
FFFCB395
FFE7B026
FFE91E55
FFFB4276
FFD767AC
FFDBFD1C
FFD29C5E
00072DAD
FFFCE018
000637F5
FFFA7D21
FFEA3C97
FFDA26E4
FFD905B0
FFEA3ABB
000056B9
FFE1CD06
FFD91994
FFD89D71
00060C20
FFECFE99
FFE9B74B
002F1E9C
FFD7BB63
00214374
FFEDDBD1
FFFFB7C0
00002B14
FFFE206D
003446CF
FFE873DB
000F254E
FFFCB799
FFE5FA8D
FFFB76DD
0014E628
FFCE4542
FFD47C85
FFD15ABD
004C567A
FFFB68F3
FFF11EE4
00270A6C
FFE8A8CF
0036778B
FFFA5078
FFF30B88
0010B8D6
00085061
0028A762
00036FD5
FFDC2286
FFEC9EB8
FFBF691D
000C002D
FFE3510E
FFCBBFB6
FFE20E0F
FFEB41CB
FFCDED9C
00163B30
FFCFBACB
0032E5FD
FFFC7028
001A31A7
FFF3523A
FFDDCA29
000F82A4
FFFFD621
FFEAE5C9
FFE9F644
001CB962
FFBAC58F
FFEB6113
0005DFD2
FFC2564D
FFF9E074
FFE752C4
FFF12DFA
00015A53
00140944
FFE9641E
FFF380E0
FFF88BA4
FFE25857
0018AE55
000BBF63
00151C83
FFF0AF45
FFD3A9F0
FFE1A2D0
FFDCE94E
0034C016
FFC6132F
0000CB42
0025C2C3
FFD9B5B9
FFC6F671
0027B6E5
FFDC8D43
00009BF8
FFFDF1BB
FFD17474
001D25F3
002DC14F
FFC7FDE9
00009B73
001EC048
FFF82DFB
FFF89495
000F4BD8
FFED2CA5
000C87DD
FFD3F72E
FFD9D83A
FFD5EF08
00149CA9
001BB75E
FFEBA4B3
FFF71770
0049A0C6
FFF637FA
FFD4028A
FFF82987
FFC5AC63
FFF791E0
FFD6AE69
FFFD55A7
00077669
FFD729CC
00170F3E
0014457F
000686EA
FFEC6020
FFD23F05
001B0723
FFF210E7
0025EE7B
FFDEDC3A
FFDB88A3
000E23F9
000552AE
FFE3F588
0004D70C
0003BEEE
00092A4A
FFFD1A6B
FFFB1492
FFE2E092
002B879A
FFF82EA0
0015A1E9
00034986
FFF1A0BF
FFBC1E33
001DE6DA
FFE1651D
FFDEEDEB
001159BD
FFEB43B8
FFF41DF2
FFD4D077
0014E8C3
FFE91825
FFFA6E45
FFF47235
001EAEC2
FFFB0EC5
FFDF1D4B
00099C1F
FFD8FC09
FFF7A126
FFEC9854
000BE97B
FFF88318
0018D3A0
0007D3BE
FFF3EC91
000E17B5
FFD1229D
000553DA
FFF1D762
FFB68DFE
001C6EE0
FFC2D209
FFE2FE68
FFE9D395
000A9D05
FFFCECE8
00022135
0010D870
001ADA4C
002CFC4D
000C4C64
FFF9C883
FFFE8E86
00422B68
0028F313
0003545F
00262DDF
FFF17ABC
0015A895
FFFAF13E
000F2493
002846ED
FFF2177C
FFD0F5A2
FFE228E0
FFC8B146
FFF696C8
FFF23934
005E68BC
FFF46691
00329F0A
004705F3
00010112
FFF625BC
00007424
001ADBA9
FFFB711B
000D483E
FFEE6E5F
0019D59C
FFA8EE35
FFB0C6AE
001F4C30
FFF45997
FFFEC058
FFADAF2C
000D065B
FFF602BE
002AF6F8
FFD1C770
FFF76D90
FFEBD0F2
001282A2
0039BCE8
FFD6BDDD
0047B028
FFD206E1
FFA8C5B0
00107CE8
001FF39C
0002D409
00183FB6
001CB367
FFE3886C
FFC1B210
003F7EB0
0027EF6A
000BC0AB
FFC42251
0009372C
0001F617
FFF2B137
FFE85D5B
00305293
00034224
FFAEBF92
003ABA20
FFF24FA9
002EF284
003D8638
FFEA8B16
FFE9F153
0015D0E4
00165CBB
FFD63E3B
000DBB6D
00083934
000DAFB9
0011401E
0057E6F9
00150026
FFE5A90A
0033A85B
FFEFD262
000D345C
000AD01C
FFF8E11E
000EECA1
001C1AE3
001EC344
FFF99B0F
001E50E1
0027E28D
FFC5A007
000D23AB
00046CFA
002686BA
FFF3A147
FFA1AE47
FFA524D1
002DFAE9
FFBC32F4
FFF0B4B7
FFA614AD
FFF10778
00178D9D
FFD18A4F
002410A0
00460095
003137EA
FFC1703B
003208FC
FFE625BA
0006F34B
00450982
FFDE2699
00066E1A
0003683A
FFF50C7F
FFC9E43B
FFE5B407
FFD31FEA
FFEFB188
0017B4EE
000BA310
FFEB5BCE
00298076
002923B2
003C16BC
FFECE95C
0025F3B4
FFEEDAB7
FFA112E1
FFFC9214
FFEF7903
0014C3F8
FFFA1632
FFE2F5C7
FFE40119
002F6451
FFB07B6A
000E2461
FFF341EE
0043D65D
FFD7CF38
FFE6EB9E
FFF9B65D
FFB91009
0013CC9D
00230167
FFDB18FB
FFE4A818
002E8C51
FFC8095A
00119799
0005E251
FFBF9632
000E490D
0017F7BF
FFFE4B90
00215D8F
000CBB2C
0044401C
FFFB9695
000A2103
FFDEAA7E
FFAA03BE
FFB04FF0
0001B5B4
0019BEA2
00433E63
0079DBA8
003347CB
0014D255
000A6881
FFD66962
0041C0C3
001E71BF
FFBEF98A
00109BF8
FFE0ADEA
FFCEA7C1
FFC4405C
FFDD70D8
001B02B0
FFB6C7C5
000111A2
002DDB5E
0039EBF9
FFE7DD98
FFD7EF2E
FFDE267F
0001567D
001CDD61
000DC43F
00062D55
FFD92E29
0009BAAA
002DCC50
0033FA2F
FFA5ED54
FFE9CFBB
00100628
FFE5FFFA
0003A77A
00285750
FFC3BA05
0035E23D
FFD99BF9
001FA4D0
FFFDF160
FFD8297B
0010D57F
FFD60E33
FFE5D9CD
002DCFC3
FFF73167
FFE0CA44
FFFF596A
FFB9C8E7
0037FC80
FFED2791
FFE36B6E
007307EC
FFDC2957
FFE09914
001DDC61
FFE0E9EC
FFF51D40
FFC9633F
0007085E
00164816
00069694
FEFB2428
FFA97952
004716BC
FFF2E1AC
FFEBDF9E
FFD94A89
000A34C6
002CE9A7
FFC93AC7
FFCD9070
FFBDB614
FFE087C2
00116A37
FFD07A9C
004D6E33
FFD13CB1
0045A071
0029B7C5
FF8B80FF
002EAC3D
001C440C
FFEC699F
FFD6E568
FFE092B5
FFBDA943
FFFC32D0
FFD9A3B3
FF5ABEFE
FFEB7C85
0004FEF9
FFC2A0C8
002A2C01
0003F852
FFA9ACB0
FFAF11CC
FFC1FC17
FFD2E04D
000854F9
00159701
001655EE
003E76C0
001980CF
FFD00DFF
00158FD5
FFC46D72
001A5EC2
FFF875C8
FFD09C45
FFF00A8D
0008F81A
FFFEBCAA
FFF8EC31
FF9D38E6
0007993C
005C7520
0003A694
00312F7D
00555F09
0081EB59
FFE11F92
FFB4D331
00214568
FFDFD62A
0014BDD6
FFB2BCB5
FFBC73FB
000C9320
FFD9C07E
001860A9
000299AB
FFFF91D6
006DD356
008649D4
FFF0002D
FFB03A43
FFB72D77
FFFB1ED0
FFCF5996
FFEEC73B
FFBCF3EC
0039EB4E
0009F53D
FFE696FA
FFFBAC11
FFC51216
FFBE69C7
00075FD4
00394229
002F4DFA
FFC61562
FFD283A3
FFF79F73
FFA611D1
FFE2A2D2
0021E3DF
FFFC90BC
FFF564C4
FFFB6E5B
0008A127
00673A27
FFFF5FB2
FFD7FAC8
FFBAE23D
FFF720FF
00237912
FFB37615
FFDDBE1B
FFC0E37A
FFC82454
FFB4CA85
FFEF8A72
FFF6F7AD
FFDEE400
FFD8DDE0
002F8A10
002414C7
FFF4975D
002E05D7
001097A2
FFC103D7
FFDD6478
FFD7A169
00162E7C
001F7B74
FFFDC814
00306799
00014F4E
00059859
001AEBFD
FFF004AD
FFCA4115
FFB881F9
FFF8567B
0034071D
FFFAA040
FFEFAA23
FF89C6CF
FFECD2A6
FFE61FF2
FFE611F6
FFE8DA83
002BE0ED
FFCAA636
002F16F6
FFF5EA2E
0007FCA4
FFF1EF39
0003B3A2
FFEFAAA3
00261E66
0015BBB8
003E07BE
000BAC35
FFCFE4F3
FFDB6B9C
0026F6AB
001FC979
FFE3C942
FFC633D5
0022CE3B
FFD4F426
FFEF1FB1
0034725B
0012E558
0000FC23
001DC7A8
FFB6DC2A
000CF85F
FFB50BB7
FFD17FE0
FFBF5394
FF783C3D
002CEED3
FFF5FF5B
FFB50858
FFD1C156
FFD7DEF7
002A0183
001E2A07
00661C7E
0008D22E
0014ECEB
000453C6
FFD20506
FFB7813B
0011C611
0005EB95
00141416
FFE5401B
0008DD56
FFAD63B3
0060F67D
004DA3FB
000E4806
FFF51947
FFB32AFA
002F703F
003AC1C7
FFD0D9E3
0058666B
000CBEA4
FFF25EA8
FFF4FCFA
FFC2436B
FFCE80C3
00130F76
001C1757
001C5B60
003D4E59
002A274A
00250316
000B8BB8
006C03E4
FFF41BAC
0022904C
FFD617CC
FFA9163D
0040481A
0040A634
FFF8ED0C
0040C0CC
004E4236
00463454
001E36A1
FFD9C2BF
000CF6CB
001A4C34
FFB505F9
0003DD39
0013F90D
FFD5733E
FFC978F3
FFFF5D88
0007E497
FFEAFA43
0029011B
002F102D
FFE4D6DC
001A4E24
FFDFB49F
FFCF0BE3
00191047
000237F5
FFB5E6E4
FFA7193A
FFAF4D7E
FFA7E9FF
FFAB521B
003661C6
0058E312
FFF4C037
FFF4B2AC
0042D163
FFB2071D
002791ED
003EAEE2
0020C7ED
002C9F14
0044EDBE
00029C9A
002A510D
0002BE6F
00006F73
FFEFD0BE
0019D086
FFD3B720
0001A500
FFE8BBBD
00312DDE
FFC198F4
FFF1D7B2
001A01ED
FFEA56FC
002A85C0
FFC8283E
001DBCA9
FFAE8DED
000C2190
0012A4DF
00228B14
FFE6AD13
FFCDA27D
FFE57745
FFBC8524
FFDFD084
003B0A29
FF906F67
00287E68
005C4564
FFF6F605
0021D460
FFB42388
FFEFA76C
FFDF8A6E
FFB2CEA6
FFB536B3
004C9F1B
0034BAA3
FFE12EC5
FFD418F9
FFD6288E
0010596C
FFF99497
001EAE73
0004660A
FF9C8061
FFEF3DB4
0002188A
0046FCFB
FFF0ABF4
FFE8CD1D
001CB502
001133CE
000454F6
008B16BD
000087B8
FFE3E84B
FFEF421A
003AE5A8
00466639
FFC4EACF
003342B3
000E151D
000F7704
FFF21C0C
FFF8FB29
007F7352
00017087
0045E638
000A3EF8
FFA78529
FFBFB5CA
0004E42F
FFF5B615
FFF38CFE
FFAC5F72
FFDADC83
FFA5E60A
0019E648
FFD5AFC8
FFB0E7F0
004ACF98
FFACADC4
004A6E31
FFDF61F8
004B951A
FFE38B67
002DF5D6
FFE7291B
FFDAB4D0
FFA25DD7
000A488C
FFF120F6
0042CE25
0051AA54
00096360
FF731EA3
FFD51768
00468D4F
FFF3EE22
004BAED3
FF70EF93
FFF9A7F1
004FABCE
00798088
FFE416B6
FFBAE508
FFA0FCC4
FFA91C4B
005B06D9
FFBC0593
00147A9B
FFA3CD66
FFF732CC
FFF064AC
0048CCC2
0042F1B9
0054E546
FFE50E24
005CB94B
FFDF944F
001FE92E
0018D40D
003903E7
FFB36F5B
FFF255BA
00589F9F
00832F8B
00436478
FFC1A928
FFBA7B27
FFA5CA6F
002F9566
001CA518
0025B5A8
00422D37
FF81FF81
00580858
FFE2D068
001333FB
002F60E1
FF74BEA4
FFB37B15
000AB64E
003050B1
00265554
001DC07B
00470E77
FFBEAB35
FFF6AAA2
003667E2
000F93FB
003912DE
001EB9C9
FFC403C3
FFE9DF05
FFDF9217
FFF4F1BF
FF978FD8
FFCE2D0F
FFE0DF31
004C1CDF
000DF292
FFB22E44
000FE272
005B92BD
FFDFC1AE
FFFDFB5A
00206547
FFCF6A8A
00200839
FFD10C96
0034C20A
0025CAC7
FFFD21FB
FFBDCE9F
FFFA1800
006D761A
0048A465
FFB1B7BE
FFC04D8F
FFDE670B
FFD265B9
002DEBBD
FFD1A0F4
FFBAB32C
FFE21D1B
FFB6563A
00569120
FFA53839
FFD43E55
FFDD89D5
FFE94083
0038C1CC
000F6DF2
FFEA186F
004A2C57
002F64E6
001FA15D
FFCBC7E0
006C72A8
FFA62D3B
0004CA04
FF9F3714
FFC12516
00C3B220
0059F774
FF7F0386
000E0A08
003AFD2A
006E51DB
004E0EBD
006CD1D8
FFEABFCE
FF950E56
0046AA38
FFB57055
FFF43C31
FFE281F8
FFDE5E97
007270CC
002304BE
0066C187
FFBA0CE7
0023C4B8
0059F488
FF7E96B9
FFFA881B
FFAD202B
FF8E27C0
000C82F8
0025A39D
FFE69C58
005780FC
FFC519DF
000B1EFE
0052DD74
FFF7F15F
FFD419C3
FFC882AB
003ED8F3
002ABC95
FFDFBC30
00528D3D
FFB21DA5
001808C6
FFE82A37
FF6A4C6E
FFF7C6B4
FFC0AB85
0091A821
0022D2C7
FFC0D884
FFFD14E8
0002DE8A
FFF460B9
FFF3F2AE
000A4D60
FFDCC3C0
00260CC4
FFEF7478
FFADE916
00244B0D
002F9842
FFB82B8C
FFC325C8
001157EF
FFEA81A0
00377453
FF77BD8C
001D84E0
FFD9BCA4
00300EE3
FFDA9D63
FFBA1B0A
0067F573
FFFB374A
FFE45ECB
FFE06955
0072FAD1
002A24AC
FFA77707
00318293
FFDA7AD1
FF953153
FF84E095
00221EEB
004712EF
FF894D61
FFF43244
001B8A60
FFBC9ABE
FFC42305
00074C2B
FFFD753F
000AC132
FFC5472E
005E4373
004AF53A
FFE9D071
0011ADCC
000B91CA
FFE13715
FF740D76
FF83DB7D
0021D79B
FFEEE7D3
00020D60
0013080D
0040906C
004AE64B
FFB88174
005DA5A5
FF758671
002FF241
FFDDC376
FFD43EE9
FF074B92
FFE87E25
FFF62163
00369C6F
FFD227ED
001D371D
FFD11E5F
00535310
FFF9908F
FFE6A807
FFC4B621
002AD39E
FFE3D517
002F8BC7
003739F1
FFF7D892
00183723
FF916DF3
0027D0B0
FFBAC996
00310910
00220903
002FD4E6
FFB9EFFC
000F356E
FF97FE16
FFA45FB6
FF55701A
FFFADB26
FFAA5B07
FFED0A27
001CDFF3
FFE2ABBF
003F24DF
FFE17935
FFD96FD7
FFDBB98F
FFB745C0
FFD8AE7E
00703171
FFCD7692
0001BE4E
002DA764
FFD9357E
FFC6F999
0067595E
00048659
FFDA990A
FFE297BB
00548E9A
FFFD4B9A
0006E72E
FFF2FBE3
0031B4D0
004044E1
0004F7AC
005C37E1
003F88BA
FFF0FBF8
00268223
00480361
FFC94EA2
FFF21AA0
00363F35
FFD16890
003F31EA
FFD85C93
0009950D
FFF9A1FD
0007FD57
FFA456E2
00437EED
FFECA139
0021DBEE
FFC8C76E
0024C5B2
FFC87D0F
000DBF5F
0017D72B
00853990
FFDB4C38
0003B25B
FFEEB01C
00280039
FFC962BC
0015938C
FF984A28
FF8FBC95
FFFD5867
00008272
FFD8C1C6
FFFB37A1
001BF9F7
FFF9BF7A
FFBF432E
001EB7C9
0055E163
004D0D6C
00181409
0000FA21
FFE0E558
FFF0691A
FFCBEDB5
FFDD96DD
0040453D
FFCED89E
FFEFB837
000FA695
FFED6B68
003A9A5D
00671196
FFDE7920
FFD11F95
FFC0D31C
FFABCC81
FFA57A77
00899EE4
FFCF1A74
FFF6492B
FFB9A4F4
FFD82752
FFA71E05
FFC84B85
00508457
0034A654
007C0869
FF932C5F
FFD8F870
0008E663
003A558C
FFFAEB64
007B19F7
FF87BF5F
FFB6DC0E
FFE325A8
0079D9C7
FFD390EC
FFCE4CF4
FFA38079
FFFD5F5E
FFC49F02
0029AEED
FFBD1474
0035738F
00307128
0016E831
FFCB289C
FFEDE5EA
FFAE7E5C
001C195C
FFEED5D5
FFC853F1
FFD8202D
FFAA9D36
FF935495
FFD3C5FA
001AFA9A
003558DD
0002C3F4
005D5A6C
0045503C
FFEDAFFF
0000E5F1
001DEB2E
FFDADAFB
002B98BE
0007D82B
00444214
FFE37DAC
0001BE46
FFE24A60
FFDD9FAB
FFF2C547
FFD530AB
0042709B
FFD2E255
003AB2FE
FFFA6F24
0025082C
00805D7B
002F9BF0
0032703C
FFE4D0D2
FFFA7FFD
00038AFC
003E3B05
FFCAD6A5
00081401
FF4FB9BD
007E9998
001FC9CE
003E60FD
0062C756
FFEDED87
0021C942
FFE3A50F
003799DD
009248DD
FFFE2229
FFEFDD16
0052D0D3
0037B2C2
000CB287
FFC03B1E
FFAF649C
00251B78
FFFCB9BC
0029B172
FFC47B1B
FFFC59B8
001D59DA
FFB3B170
0048210D
00399BA6
000CF70D
005600F8
FFAA7DB4
FFEEED5F
FFCA6B43
FFB0FE65
FFAF46B4
000D7026
001B2853
00114F62
0071BC66
FFD60769
FFE067ED
FFEDE27D
FFCF1828
002D59A7
0009B46F
FFF312B8
000DEEED
0024C1C2
001F1B17
FFC1976A
FFB7A6B7
0035BA46
00181922
FFD53AED
FF9EFE6C
0003B795
FFC34DF4
00159D53
FFF5960E
FF538D05
FFB2B650
FFB612D5
0006DA4E
0020181C
FFD4DAEF
FF937F54
FFF891B2
FFAE9794
00303310
00291FB3
00141D77
FFFEC16C
0010FC27
FFECA6CA
FFDBAC4F
FFF91BEB
00034DB2
00244CC1
00359521
FFBF2058
FFC52617
003235EF
0031894A
001695FB
0067D273
00111766
0013D20F
FFE76DA6
FFA47D2A
0033AF57
002F55AC
FFF78D8D
FFDFE245
005BB1A8
0040706F
001DE841
FFFB4338
007985B3
FF907D83
001C41B6
00401CDF
008D4A44
FFF238C1
FFAB0CD4
FFA4BA5E
FF6D03C4
000719AE
FFC77314
FFC511B2
0036C345
FFF1DC55
00969A51
FFA999D3
FF8BB5FD
0027FE34
00077395
FFF748A2
0032ABFD
FFB52772
FF98B87D
000696B3
FF6BB5DB
003F3D3B
FF6FB4EB
001A808B
0017847A
0059C969
0092F136
001F4759
002A0C97
002B2C36
FFCCC622
FFB882CD
002D98A6
003972D5
0001EEEC
005C0767
0060B878
0047FAEF
001763E7
00064691
00336BCD
FFFBC4DE
FFF67CCF
FFF29ABB
FFE38EFC
000267DF
FFEAFF20
0022D05C
00129DBC
0010E57A
FFE3D87C
FFE56EC8
FFF2B6AA
FFCB08D2
FFE2E5D1
FFE365CF
FFFC4597
FFCBC895
FFEBE60B
FFD99AEC
000D20F1
001B71FC
FFF41AD9
FFE447C0
FFF77481
00382B3D
001D0AEC
000DED07
000A7A87
FFEC3090
000EF6D8
FFE4AE6B
FFE70310
FFD4E35B
FFFEFEBC
FFE83888
00019240
000A4BEF
001C8841
00133A9E
00316EFE
FFFB2701
FFD264EA
001AF427
FFFE4938
FFF0D0CC
FFD9CE89
001856C3
0030DD7E
000BCA2E
0015CBE4
FFFFF0FE
FFD46506
FFEDC9E2
FFEE0350
FFC8BD82
FFBF4ACA
FFD99B01
FFF23BDE
001ACE5E
0022FB8A
0021DD97
0028E364
FFEACE2D
00024C82
00256BA2
FFDCA312
002D4A38
00325F6B
002149DC
FFE54A77
FFDCDF04
001D001C
FFE63C76
FFC4DF99
FFAA18B4
0027C6E9
0012DD56
0028D144
0006D0EE
002053BE
00221402
FFEE7418
001533C2
FFF89AB0
002A14B0
FFF33719
001A93D1
003100F0
FFF1CF2A
002589C5
0034BEE9
FFE0EC54
00192D95
FFFF283F
000D3236
FFF07BC5
001C9DDD
0017FE98
0020D66B
0021843D
FFEC19C3
002E3297
00284274
002FA038
FFF29F52
0020E942
000907A9
002DC3D1
FFFED0B1
FFDB1CC6
FFFE4352
000224C1
001501E7
FFDD208B
FFE365A8
0018BA9E
FFEF5FF2
0013E8FA
FFFDCB1E
0017A556
FFC0C321
FFE92A57
FFEFAFE5
FFDB82A2
FFE82FDC
001DA04C
0005A3E4
000A4FB6
FFEC5F68
FFD3B686
000EC379
00098741
FFC1BC14
FFEDDC1D
FFFE544F
FFEEF448
004BC494
001617E7
0031E784
0025B76E
FFBB686A
FFF070FC
FFEBF03D
FFC98E1F
FFFE093F
FFEA1E00
FFE55F5E
001EE1C6
FFE6E1D7
0007CE6E
00024404
FFEC54C7
FFFFECE5
003A7254
00325297
0015D42D
00307F12
0004D642
000B111A
00013499
FFDCC05F
0007D3BE
FFD66D04
0013F4A3
0003ACDE
FFC46D4C
FFECDF8B
FFF0D126
FFFCF5B5
FFF56E58
FFFBD52A
FFEA572F
00001D4E
000189C9
FFD874DA
000508FD
FFFD1659
FFE3308C
0048973F
0012CE7C
0040A297
00356A08
FFF901F7
00428072
004C440E
002E56EC
FFE8B7EF
FF8D26EB
00481799
002D5E17
00162E99
FFDF0C81
FFF7AC0A
FFEFC408
001028C3
FFDEED6C
FFFD9937
FFE36E2A
000D4294
0023BC9C
FFE4FC3E
00035F8E
FFDA15D4
FFD10C57
FFC97CC3
000DF8ED
00210EA1
FFE414D1
000EF7B1
002DBFE2
FFF9ACB4
00029DD6
00055890
FFEA576E
00222085
FFF1E196
0023ABDE
000305AA
0036407E
002977A0
FFF33F57
FFF9D0C6
FFECCD86
FFF1AD53
0017F0D9
FFF9DE7B
FFD4C912
0000DCFD
00079E73
FFCE31C4
00157C05
FFDFC65C
001916D3
002B7948
FFE79E75
FFCE8721
001746B6
FFD7CF38
0021C6CD
00097622
004A5376
003FA018
FFFF3C8B
000CBD1C
0023806E
003D8276
003EAD4C
FFC73A64
FFD6A722
0004ED5B
000600E4
00180B3B
001CF198
FFF253B8
FFCFEB05
FFF41D72
FFC5BC74
0011393A
FFDE4530
FFEABE3B
FFDE164A
0016835B
FFEC9FF2
000DFF9B
FFE38043
00053104
FFFA70F6
FFF9F0C5
000B8D86
FFF873E9
FFE0E777
FFF9BDA1
00318692
00224964
FFE2FDB0
FFEB6FA6
FFF3F1EC
001798D8
002A2F0F
00187D07
0004E4CD
FFEAAF11
00178E76
001380E3
FFDEB294
0018A96C
FFF2186C
FFD54E4B
FFF8FAD1
FFFD982E
FFE56B2B
002127D6
0021CE7E
FFFD5A7C
FFE27885
0006704A
FFF587FF
FFCD9539
FFCD021C
FFAA365E
FFC99728
00061709
FFE88BCF
FFDEAA42
FFD6F5E1
00066B95
0007FAC2
FFE4122D
0015D518
0013803D
001C4688
0009F80D
00160D0E
000DAEBF
000E4A45
FFFCC5C8
0030C21A
00110E61
0011090A
0036BAAC
FFFB8756
0009038E
000E1F4A
FFF69688
000B21AC
0008A993
00239305
FFDD5383
0021C0A9
001CE711
00266454
FFFA1156
FFF2C8D7
00116B58
0006EAA9
002B8B73
FFFD492E
0004F259
0018B29C
001E29E6
0027F975
FFD3DA89
FFFF6D9D
FFEC8455
002A5695
0002910D
00122684
FFF366ED
FFE88370
00161AD6
FFFFF507
FFFAB2AA
0001F6F5
001EBBDC
0003CEC4
FFFBE1A8
000881EB
001646B6
003102BE
0017D4AF
FFFD4D54
FFDA129E
FFE7C8E3
0040B0C2
FFE95FBD
FFF4E988
FFE0E063
FFF338A7
00003DAB
00096C30
FFF32F98
FFEFD984
00061831
FFFFDC04
0008E2CB
FFDB2E24
FFFD5792
000952B8
FFD5966C
FFD2DD54
FFCF9841
0018E167
003D9807
001B5A8C
FFD76614
00188F8D
FFE658E7
FFF74B89
FFD13750
FFFAD80B
FFFF1E2D
FFE9B41B
FFF7271A
002F161F
00460DA2
00288249
FFF076F7
0008EADF
FFFC0681
FFE5ADF6
000248AE
001EB603
0004649E
0026331F
FFE9B09A
00224A1B
FFEC6DC4
000DB5A1
FFF9741A
FFD9B1F0
0012DAAE
00128299
FFF6DB7B
003414BC
00445E85
0023096F
FFF88774
0054E695
00094C80
FFF71057
00005705
000A1F69
FFFEE57C
FFF642CC
0003A091
000A8C41
FFF6263F
FFF7CD9B
0021214A
FFF6A2FA
FFF55318
00434D23
001001C8
00198845
00360C9C
FFD84AA3
0001A1AF
002A802B
00166A72
FFB1A76D
FFF2878B
FFC5C85C
0014CE5F
00030BA5
FFDA91A9
FFF40775
002074F1
FFC080AF
000D764F
FFD39FEA
002E8E49
000F70DA
00205BAA
FFFB4CD6
00011A02
00004334
000988A6
000FAA41
001F9A18
FFDB16AD
FFE63F42
FFEA8B18
FFF65B8C
000E9F7F
FFCC9CF2
0015DB56
FFF97CD1
0003B7F8
FFF909D9
FFFFF09A
003D5999
00387487
00074939
FFDFE4FF
00264467
00236D88
FFE7E8B1
0021EE37
000E83BE
001484B5
FFD9C6B1
FFE5A009
00107BEE
FFEC8C0A
00230D85
FFCDBF13
FFE7FF30
FFE72CCC
000184CF
004427D3
00314B83
0006C9E2
002B69C5
001C38EE
002BABCB
001E079B
FFFDCEE0
0017B42C
FFE5ECB5
FFD25ED4
FFE53CE6
003022B9
FFF54195
00028EB1
FFFCDC82
FFE8608A
FFE468C9
000F3CB6
000ECB40
0010C976
FFF3DF6A
000342D7
0007FCE0
FFFB9F63
0000D011
FFFEF329
0018CE17
FFF3D8E4
FFF63B3A
0019267E
001DF524
001AE420
FFEC3FB8
0017E23A
0023A753
FFFFB0FE
001DACAF
FFDA0FB1
FFEF351A
00033F6C
FFF96E12
0029454B
FFD3C798
00064C65
00322DAD
FFB95F44
0009AC56
002A1F56
0039C33A
FFE088EA
FFF5ECD3
000F09C5
00130FF9
0000EB96
FFF988C7
0027107A
FFD721C0
FFF78352
FFD1747E
0018163A
002B4B79
0012D985
FFE5AD77
FFFC58B9
0018AAE7
001B95C2
00133ACD
00074986
0021A16E
000515D1
001B962A
00314A0F
FFD2EBCA
000DACD9
FFE2EAE2
000C0152
001BB0BE
001F9BEC
FFD2D812
FFE7AF21
FFCC4FB1
FFCD8694
FFF1CB35
001573B1
FFDAE582
00083B28
005201CC
000A8B96
000AA861
FFED6D99
004667EC
00019606
00249F32
00425C52
002EE35A
0002330E
0047FFFF
005B1DDB
FFC381C7
00225398
FFFAA3A6
FFC047CF
000AC242
FFEB45BF
00025196
FFF63931
000FCE14
000D1154
0021EDE9
FFD68FE1
004D693A
000277A3
FFC4710A
0006812A
FFD560D6
FFD1F159
00008753
FFBE0DF4
000AF7F8
001FC974
004F034B
00016909
000FE46A
0002BD47
FF78854F
002C6C3E
FFE2813C
FFC944BB
FFD80792
FFD681AA
FFB3BC06
001D8CEC
002EC171
FFF5ACD3
0021312F
00483E10
FFE312B8
00261E68
FFEADCCD
FFFD5B13
000B137D
FFEE7EA4
FFC2FC2B
FFEF4DC5
00766906
FFA2311D
FFF46302
FFD954E3
000E7A66
004C2B26
00014859
003BCA64
FFDCBB3E
0022A524
0026F268
003B7310
003D6D53
FFFD344C
FFE606E8
00193BE2
FFCDE8B1
0025B8CA
FFD7253D
FFCCCA5B
FF9DB1D1
FFDBA9AC
FFFD94E9
FFEBC710
00388A8B
FFFDFF15
00375B29
005179BA
FFB7F77A
000672EF
0009C3B4
FFE31A4B
002FBB8E
FFE14A60
0032BC66
00467697
001BB5A7
FFC35DDC
002037D8
FFF964CF
002A951F
FFF660CC
00395237
002059C9
FFF112C4
002EFF5E
FFDEF1D7
FFCE0253
FFB06C18
FFFFBF24
FFD8F5AF
004B024F
00129A15
00424802
0053D481
0002343C
FFEDBDD3
FFE1F26B
000BF128
FFAA8522
0013B897
00281418
FFFE5137
003FE2D7
FFF498A6
0044A142
003CF379
FFFFEBC3
0018189D
00475C0B
FFF65401
FF923630
001D01D3
002AFA4D
003B030C
FFC75139
00224AEA
0040E684
00564112
001050C9
FFE4A7FB
FFC244B9
FFF60B5D
FFE8C663
FFD477E2
00496B7E
002EE83B
00400327
FFB09D41
0044B215
000DC7E6
FF95C68E
00321C10
FFD17F7F
FFDE4B1C
FFFA5948
FFCEF59B
0034F0D3
FFDDFEDF
0042F503
FFB58E94
0013596F
002CB4BE
FFF6F359
FFFF0846
00343147
004E03AF
FFC803CD
FFF6A734
FFFB787C
FFBBA186
FFB45B05
004A753B
00078AAB
003C8617
0070D780
005F91FA
008D8C2F
00900489
00279345
FFF032A2
006C5208
004C25A8
003EE8DB
FFD6AFEE
FF2D69BD
FF98AC0F
FFE76C3B
0041C877
FFD3F589
FFA9847B
002A62BF
000E9C58
0002350A
0051024B
0018CDC5
00079E5F
0025E529
FFF3DA39
00263E50
001D7089
0019FAD4
FFC6C336
0010FCCB
FFCA6064
000C792D
000E9432
0047E709
00010D7A
005025D2
003E0BA2
000E306C
FFFD77B1
002F6608
FFDE291C
00247436
0001D5B9
00106923
0030CD9F
00020562
FFEE402A
FFF3AF81
001148D6
FFFE42F2
FFD1A7DA
FFEE7BDB
FFD3E98E
0040B87F
FFE050EC
FFF520A9
001AA2BD
001A5365
FFC60216
002BD09D
FFEA6903
FFAD091B
FF74ACF4
FFE01E3C
003E02E5
00292A7F
008441BF
FFBD5D84
FFF7FA90
001961C0
00470FDE
0001B848
007B75CC
FFE16FCE
000481F4
FFD52686
FF71C419
FFAF5F67
0033A345
FFA4A624
003114B3
FFC070F0
002112F2
001BB342
001806F7
FFC90452
FFEDE7E4
FFE9A44F
FF94C2D3
001BA735
FFD7EA50
FFE39A32
FFF95D69
FFEBF281
FFEF71BC
0039C4BC
FFFED888
FFE6971A
0011AF9E
005877BE
0016E171
FFC26D09
FFC4800F
FFAD6DD6
FFF085B3
0028D4E3
FFFEA45F
FFF14DC7
0048AA6D
005132AD
FFF75C97
0026FFED
0039A831
000F9422
00428ADA
FFDF4E27
0053AFBF
00083FFA
FFDBE2FB
00360C05
FFDD39E0
003991E8
FFE25D82
FFFA0097
FFEE3F98
002DF9C8
00367850
FFD361C7
000E0326
FFE7ECF1
00305F75
00056906
006E8CF1
FFFB6D6F
002EBBA9
004EDF2E
FFC888DF
FFF3DF54
0040C657
000AAA55
FFDDE128
000DD5FA
FFCB810A
FFD472F4
FFD826CE
0020C7C1
003A3DC6
001AECB9
0005E906
003B0D97
FFD84723
00321125
FFFD5EC4
FFB6383D
FFE20CEF
004493D2
FFCB3C15
FFDF021E
FFAFF956
FFE49DEE
FFDE2DDE
FFFB47A1
FFCD0733
FFE4737B
00AD718B
FFA2EC30
000020CD
FFD599B3
FF97836D
FFFDF08E
00200AC1
FFB3F0C5
00347DF8
FFE3B1FC
002DDA9C
0022CBF1
FFE77352
FFAF0811
FFB2C946
006342AF
0023AF7F
FFD374F8
0067DBF2
FFE6C4B9
003831F2
004F8F5F
FFE24E7E
0017F3E6
00206B6F
FFDDC3B3
FFED0BAE
0027A452
0006AE4B
FF9D3ECC
007217B2
FFEC4EDA
0027971B
FFF1E702
0048B565
FFB6196A
004C95E6
FFFB3152
000EA4AD
FFFEAD4A
FFD4CFBC
FFDD4613
0032DBD5
000C27FC
00003D9D
0036BB31
0050ED8D
003A4E6F
002F841C
00194C54
0019A7F5
FFE87041
FFE50CD2
000AD98D
FFD62EBF
FFE7BD41
FFF3752D
0040108F
000504EC
FFC2CC49
FFED88E1
FFE72527
FFFCF939
00304354
0029EBDF
0004439D
FFCFDC01
0038E3EF
00428A89
FFCE7C3A
FFA5C1FB
002015A3
FFD2A0BE
002A1118
FFC198AE
002DBF60
0015A74D
FFD8BC16
00238C78
002F5FF7
FFC7106B
0045C26A
FFAB0391
FFF8912E
00003D1E
0030BC61
FFF9CA1A
FFDACDD8
002ED785
00024B7B
FFAD62C4
00321D1F
005106E7
FF95483F
FFBEA450
0057AA6C
0032B0F1
00076A54
FFD89BA4
FFA79960
0011A395
000C9044
003B3EB7
003DB5C2
FFF406D4
00078E7E
001DAE68
FFE54F1C
002C651C
0072ED8D
FFDEA488
002A0C83
0056903C
0029A042
002C295C
FFF807E5
FFEEA364
0028BC28
0015DDB7
FFC11DFD
FFC6A6C6
FFB63CDA
FFDD9938
0018577A
00294095
FFEE89A4
00186E26
FFDD22E4
FFC1838C
0018723A
0005EA40
FFF6FCD3
FFE09060
001199EF
FFA9786C
003C540C
FFE9F0E5
FFA99083
003430B6
FFF64E22
FFD52EFD
00134F35
FFFF5F54
006027B4
00427F74
005AFCE3
FFE563C0
FFE4EA0C
0019004C
FFD8E7F8
FFD455D7
0019DBFD
FFF6CEA2
000ED5AA
FFF63A91
FFC78D4B
001D5B35
0037A987
FFDBC0F4
0030B595
00264ABC
FFCFACE2
FFF151AA
0016877C
FFAD1541
FFB947FF
00163A0B
FFF23802
FFDA481B
0016F727
FFFA3911
FFFEB77C
0008149B
FFADD4FF
FFC8AE4D
0017C33D
FFD09692
005C871B
FFE877D5
001D542B
0030F114
FFF292BE
002BD587
FFD9C2B8
002FCEFA
00224D0A
FFF3D4E4
FFFB0A3F
FF9BA206
0051A082
FF9A2800
FFCBFAC4
FFB8A5B7
FFD05C1C
00057FF7
003E37C6
FFA996C2
FFBC09D9
0008C046
FFE34A16
FF581052
FFE3AA4D
00351167
FFD8F82A
FFD20103
FF9FF5F3
FFB33850
FFB84E96
005C1122
FF9B6D64
0037F798
0012E899
0045F2E7
0001FE21
FFA3FBEF
FFF0CCDC
FFA0E5DE
007CDD8B
004EF657
FFC8D7EA
FFDC47C1
00433F76
FFD048F1
0001BF06
00411E27
FFFBEB10
004507EE
FFF96E76
FFB5E68A
FFA431AA
0001A277
FFE8D7A6
FFBDA8DC
00264B71
0021F20F
FFE58957
00004FB8
0053A2C7
FFD686C1
0037E729
FFD128E1
FFEEA084
FFF02C08
FFCAC536
FFD5C2B4
0013BFBA
001EFDBC
FFE4CFAB
FFEBDF4D
FFFFAE13
FFFAC020
001E4CF6
FFF69FD3
FFFC96A3
FFFCA09C
FFFCF37C
FFC9DEEE
FFFBCBFB
FFC6343D
00084A08
FFEB70D8
002A4A0D
001EC902
FFFBF355
FFF8A609
FFFA2669
FFF2890D
00113A91
FFFB233B
0020D3A4
FFCE97E0
FFE0F176
00209B5E
FFF9EE5F
FFD74383
00101E4A
000729E5
001C7A79
0010963E
0007D593
001050EA
001AE7C9
FFEFE46B
001033BE
FFCE5E93
0034197A
00191A73
0030CEBD
00178AFC
FFF2952C
FFD6D03B
FFF73D4A
0001E33E
0002AEBF
FFF57253
FFD9EC99
FFF59018
FFF71D38
0005676C
001EA21F
FFFFF445
0024378A
FFD99488
FFC05210
FFDFC1C6
FFDBE0EA
FFD8CF4D
000F03F3
FFDF093E
000BA3B7
FFE48E9E
FFF968FE
000A9BD2
00056D6F
FFDBA138
FFFC32EF
00471A64
FFF61A0D
001C4070
000550DC
001EAAE1
0009BEC2
FFDE633E
0007C9A3
FFF4B5A6
FFCA2D52
0002FE93
FFDBE18F
000C5643
FFDD0975
000E211F
FFED52E7
FFDAD076
000F6367
FFE7F1B7
FFCF9693
002CA1BC
FFDBF858
FFE4E82E
FFE532E7
000F0FAF
00175445
FFF04AD1
00296EE6
000C72B3
0029A0C2
FFE1B84F
001BD722
0010ADC9
FFDFA277
0009D4F1
FFED3360
00018ADC
FFF467BD
00121609
FFE55F9C
002FF05B
0002BBF7
002A8F62
0012137C
FFFAD52B
002B1DDE
00287BEB
FFFBF3E5
FFFDA395
00102C7A
000B2D7E
000BA7A0
FFCB51CA
FFB5570D
FFC3D525
00019E99
FFC55FB6
FFBF576D
FFD6F3FA
FFD70F6E
FFECD4A7
000529D4
FFD4183D
FFDAE3D8
FFCC1C55
000115C5
000F80E3
002836AC
00259188
00008263
FFEA9CC0
00049CF2
00308BE4
00214BE4
001D37DE
002B8FF1
FFF8BA58
FFE3D275
FFF1A7FF
FFFD3643
000E8900
FFED9059
FFAC5D65
FFE32B33
FFBEB15A
FFE0612F
001E15EE
0003E39C
FFE2AA78
FFFCF562
FFD62077
FFE0AC35
FFDD1B9A
FFDD5BC2
FFFDF38D
001CD12B
0056293D
FFFB28CF
FFE021C7
00256196
FFEA9DAB
FFC16F5F
FFB969AD
FFCC42A5
FF841C58
FF44B858
FFC0C034
FFF97EFD
FFF2569C
FFCD8571
FFE4EAD6
FFF8C400
0023ED48
00171308
003F2654
00254C74
0014409F
00111058
0013520D
FFF74DC9
00328F43
001F4C8C
001B4FE0
003E125B
FFFA4561
FFF252BB
00127944
0010E0FC
FFDCAF00
0016A116
0004BF65
003E0EA3
00004F47
0012DCA4
001D0984
FFEAC700
0014CB18
FFE963DB
FFFC4CB4
FFF459A8
004442F9
FFF6278F
0013198C
003DB0FD
0022CB05
00298B8D
0015D47B
002B8FD8
001AF534
FFF543DD
0019F80F
FFEBD417
00315A98
0003EC49
FFE7A5C6
00114CA9
000AADDF
FFE7AD5E
0033EF84
FFFE379B
000F26B6
0016A068
001A7863
001319BE
0015BB8B
0025E9EE
000A7C80
000B6F70
FFCEFFE0
FFDF100F
00361766
FF960671
FFBEA951
0006B610
003A4204
FFD6698B
0019AD30
00060D16
0018DDD9
FFDEC94A
FFEE7201
FFE3A83B
FFDEC261
001E36FF
FFEF7CC6
00248E78
001F5060
FFFF3D01
FFDDE6DE
FFF5F181
FFE4F406
FFE93EC0
001C5C54
FFE8413E
FFC1E0CB
FFD678D3
FFE1CE87
000B0A6F
FFD2DDA0
FFFD0F9E
00027BEE
FFE4DA5D
FFED8799
FFE50529
003A53C0
FFF5496A
0005B526
0038AE1B
001D47BF
FFDD706A
FFFC59D2
00015F5A
FFFF7052
FFEE69BB
001685C4
FFE85431
0014D099
FFEA47C6
FFE31249
0025BA2C
0029D7BA
FFDD2403
FFF62329
FFD3E10E
003F6088
005D0914
0018B0D1
002F67D4
002C984F
005FBF79
0001A86A
0019124B
FFF16537
000E9C3E
002EEDBC
FFE707B5
FFE75ED3
FFF1832E
FFE9B9D8
001E91D9
00261073
FFE7010A
00156405
004DA4EA
FFEB02FC
000923EB
000D0D45
FFFE8968
00362B10
0027AEB2
FFF76A00
FFF1FF42
0008800D
FFD31BC2
0002280C
00161319
00125038
FFF585E9
000AD4C6
0024FB79
002B9845
001D6069
FFF310C8
FFED0EDC
FFE8C912
00368FEA
FFEB6F80
FFE97D2A
0000A0D2
00188A35
FFDA87D1
0025993C
FFFF22AC
FFD7AA63
FFF41B9A
001FB264
FFEFC996
0003F4F7
FFD98222
FFD6C176
0005AFE3
0019F56D
00017EF9
0033E15A
0012DD9A
0005AE73
0051FE10
FFFFAD98
FFF0D066
FFF8C61B
FFFEE7A2
FFF61615
004F883B
0036EFC2
002AE815
00015298
000219B7
FFFDA1D9
FFFA63F9
FFE0BF41
0019D7D7
000031A2
001F30A5
FFE05AC5
00295BAB
00399468
00730087
0039780F
001BE40A
FFE96D95
0056B43C
00197EF8
00086795
0027B799
FFCC3683
000B25D1
0017B1B0
FFE97C1F
000B9D61
00018109
00100B99
000E5303
FFE38B75
000E713F
000221DB
FFEFA061
FFE7D2A9
000E3C0D
FFDFEF44
FFE50CC3
001FDFAA
FFFD7481
001138EE
FFE4B1C7
FFFE1DE4
002C4A5B
00300008
001B1BC9
FFEB9712
FFE32994
FFE3652E
FFF8C529
FFE79AE3
0020A49D
00163C18
001CFDAF
FFD78457
FFD37C25
FFD764C5
FFF67D68
000DD49F
FFEEB228
000AECD6
FFBA7966
FFCA576D
FFBFC1D6
00241AB9
FFFE8F56
000756A9
FFF3FED6
002735C5
FFB25E0A
001E2EF7
FFEC6859
0002CF93
FFF8C59E
003281BD
003C00C6
0001C868
0051B7B4
005FD3FD
0034A221
0047B8C1
FFF95A52
FFF56719
FFE86B52
003B5C11
FFE44E41
FFDD0D7A
FFDB7621
0006AA67
001F2D4D
0014E254
FFF1EDC5
FFF3C253
004661FA
0014E643
FFE655EB
000CCFB1
001E2CF8
0003A0FB
FFDB6586
0045BE00
FFFA7D54
001A6E66
FFE20447
FFEB05AE
00206D8A
0011A5F7
FFDAD593
FFF9A74E
0021A34B
00080D39
FFFC7D9C
0028DF0E
001A670B
001C50C9
00322530
FFEBAC1E
FFFF6D00
FFD0F620
FFBADE72
FFFA0B75
FFF48557
0003EB34
FFF2E71A
001D35FA
001471D7
FFD7396A
0053A30F
000DF907
004A30A2
FFDBD352
FFDD8371
00157047
FFE53393
FFED1D56
FFFF03D3
000F946C
FFE3CC54
00108801
0019A947
FFE7B75C
000A0485
0005B28A
FFF0237A
0003C382
FFFC1EAD
003C1077
0004BF82
FFFBCBB2
FFDF7931
000FA5A3
FFEF9533
0010D586
FFE9393A
0027C21C
FFE8E5B2
00231AE0
FFF6BD43
001F1A89
FFE5EB0B
FFF005D5
0004ED8E
002BF2A6
0044F183
003D7C79
FFF3A61E
001DC3FF
0001EDE3
002A49AB
0014ADDC
FFF13CBF
FFE6668B
001AE9A5
0017A54A
FFE45C7F
002C69BC
FFF8D3DB
00001A6E
000E257B
001D0DBF
FFFCA41D
00031D66
0003996D
0023FB32
00236881
0035F410
00207FD0
0004DA67
FFBC604B
FFCC297D
0021073A
FFE35DAC
0000A595
00349DEA
FFFB0B87
FFE64589
FFBDB5A7
0005BFA0
FFDE4CA1
001C7706
FFF041AF
0021839E
001769D3
001BB639
FFE4CCFA
000A46C1
00361E85
FFF8499C
FFB7AFC6
FFFB3E6A
FFAC68AB
FFBAD956
FFED7F1B
FFFB405A
FFC3186F
002A2816
FFC24A20
FF9E73C8
FFD25C70
001D2E8B
FFAD8105
FFDD2008
FFDF26E2
0012082B
FFEAADA0
FFF25C62
FFF88E67
004E6E95
005BC160
0077D865
0069DA6C
FFBCEC7A
FFEE3D39
FFD92A19
00288BB1
0007A573
FFD491A1
006126D3
00010645
FFAB8334
005814BA
00398018
003CE6C0
FFE5A19E
0018CE32
000AC479
000AA1DD
0008D1F7
00192C14
FFD4731E
FFEAC521
FF9A42AA
FFA83276
FFEBB4F6
001C80DA
FFC2B0B8
0027BF12
FFA73824
FFF90D5B
00071C5C
FFE9EA84
FFE3E81F
00382B34
FFE5150F
FFE6D384
0066CFA9
FFFCCD42
FFB64FB6
FFFE75C7
FF9DD563
FFAEE2CC
FFFE858D
003FD602
00236D87
0035DB1F
002BEC6D
00206C5C
FFDAB11D
FFFF9AE7
001DD9A1
003B2359
001E49EE
00488CA5
FFC93AB3
00034D12
006455AE
0031FB0F
FFC07D49
003BB610
0014D3DF
FFABB8C7
FFF31E56
FFF48E06
FFCB0207
0025816A
FFC7A908
001C0615
FFD8E72D
0029BC63
FFBBCB06
FFBD0385
0002775D
FFF85DBD
004B43BD
FFEDA1A9
001854F4
FFFFE023
00351C49
003931E8
003A9FD0
001526B9
0062895C
FFEC72D8
003CFA6A
FFDD7AC3
FFBC1DA5
FFF1102F
FFEE60C6
0067F9F8
FFECA6A3
FFE2BEE2
001ED848
0015A57F
005643A6
004B6ABC
FF90BD9D
0020BF4C
FFEBA13F
00123056
0013AB13
FFB818C9
000EBF25
FFFE2D6E
00088C52
FFEEEA30
FF91D2BF
0054ABDF
00370831
FFFA7698
001FBC0C
007217E7
FFF43C7A
FFD1B4A9
0055E4D0
FFCBE1EB
005FC12C
00003E35
FFA99057
0013C6E0
00033361
0042968E
00257E13
FFCDD3AB
0001226B
002919D0
0017CAF4
0005191D
FFFAD058
FFB7E90C
00384D76
0024833B
0048B892
001B47BF
0057EE46
002B68CF
005CC8A6
FFB0B388
FFD04D3D
FFE05AAA
FFC1449E
000BCF69
FFD581D1
FF985B3A
001BB26A
FFC95A5B
FFDC1E2A
FFBEF30B
FFF2C068
000AE7DC
FFD44AA9
FFE6BE42
FFB97A5E
FFF89DA9
001ED9B4
FFB5EC61
0056FC34
FFD6D001
FFEF01D0
00902660
FF91113E
00492FCB
002858DB
FFD8C889
003C33E9
FFFDF99D
00015EA2
0042F1C9
001DF01C
0027DACC
FFE324CD
FFEF88E7
FFF0D2D6
0031C969
000FCB54
FFEF2293
FFF75155
FFEF731E
FFD3A73B
FFEA21E1
FFA8CAD0
00260FE9
0047913A
FFC514F1
FFC34092
003DF696
FFF42D12
000F1358
FFE0EC68
00099DEF
001E666A
004D7922
FFF16429
0013185C
FFBE6596
002FE7C8
003FE8A5
FFA65878
00361080
FFC46911
FFFD0340
FF9FC36D
FFCFB327
FFD43383
00043E1D
0041A726
FFEDE7C1
FFC71E1A
007853AE
FFE8CB7E
FFDF9CDC
FFD9BEC1
FFD437D4
FFCC5471
00031B2B
FFCE3803
005333DD
000EA9C9
004C1978
FFC8D95D
000FB8A7
FF9661E6
0064D7D5
FFB4A981
FF8F303C
00A0463D
FFD5B5D7
002B31B7
FFA5DCA4
002D8C3F
00367C1E
000B3828
00015C21
FFF99D30
00035DEB
FFD527EA
000AA93D
003D5CC3
FFF5D3E1
00081BE5
000720FD
FFDE248D
00486AF3
0062CA49
006C4F8C
FFD724F8
00184451
0002C43E
FFFE5E86
FFA2D14C
FFDD0F91
00136C0A
FFEB6298
FFFC4AA9
004290E6
FFCF3DDC
FFEFFC65
FFF944FE
001C76F1
001FDE63
FFA8E0D3
FFD4CFBD
003ADD6F
FFE5C994
FFE69687
FFEA1E18
002C1533
003682DE
FFE62E24
003E53B1
FFE2AA0B
0029AC18
FFE954D5
FFDA6189
FFAA706F
FFC5C96B
006D14FA
00B217E0
007DE334
FFCAD467
009C1BE8
00BC8BD2
001E339E
00228AD6
00B3603C
000714D7
00185662
000EE4A7
FFAB696F
FFC7EBE9
FFFBA623
FFDE3B63
00054957
002C3DF8
FFF695A2
003991D4
FFBE8A2E
001D5CE2
FFBFAF38
FF791BB3
FFE80B6E
FFE3B19B
FFBE7D7A
0021CDDC
FFE75847
FFCD928A
004292FD
004A7C8E
FFC87C32
00552D25
FFF49844
FFE295BD
FFFA2E02
FFFEE60C
FFEE43D0
FFDCC606
FFEE2817
FFC44277
0009F4B3
00596978
FFBF4735
00150FE0
003D8B8B
FFE00341
004B0ADD
004FFD37
FFFDAA21
00295A19
FFF7A4AC
FFFB0BE9
0009D882
FFA4817F
0055F4E3
FFC67304
005794D0
003ACAF7
0040C6D1
000ACEC9
0042BE8E
FFE338A3
003186E8
0044A897
003433DA
FFF2807C
FFF829A8
FFC254F1
FFBE3006
0025A858
FFD05E81
FFD381F0
002BD778
000D7AC7
FFBE2A11
FFE6A3FE
FFCC068D
001B917E
FF9DE24B
0030B979
00154B29
FFFBF6D5
00192640
FFF54C45
000FC309
FFDB1018
002A7FDC
001EB9AC
FFE44FA3
FFF51446
0040A617
FFE8CE0F
001D1BEB
FFE9F0FE
FFD24EFA
FFB9E7AE
FFE29A7D
002BAB6E
FFBF3903
0010CB46
FFCEBEC4
003D132B
FFE56898
FFC0BD86
FFCD9B50
FFB8BFF4
FFE41B9E
00653BCA
0012C438
FFFCE775
001B12D5
003ED48A
FFE0EFFE
002D61FD
FFE21223
0014330B
FFAF6D42
003A57D7
00036464
0002464A
FFFD7EC9
FFEB1A40
006824FD
FFD23FE8
0021E371
003270D8
FFB4D410
002767CD
FFECDBD1
000012BC
0011CF6C
FFEAAC37
FFB8112F
FFE4E297
FFF8EB57
0009D3F1
FFE62D4A
0094FA5D
002AE23A
FFE3BEB2
004415CB
00002185
0053856C
008B49CD
00018702
0057E6B4
FFBC2B5C
FFBD1150
004486A3
FFF77D5C
001A301F
0040F7DB
FFBC7696
0016320E
FFD15F6C
002971FA
001FF6F4
0004D416
00456DB9
FFB97E1A
007AA7F4
000A6F53
004E385A
FFD58D7B
FFFC5E85
0009B8F2
0024A199
000301D7
FFF3F827
004D7144
FFDFC4CC
001E26A7
FFE09B70
FFEC09AF
005935AD
FFF11B64
FFF5AD9B
00379A85
00410A67
00040705
00418A2B
00299093
00032321
00094EA2
005A3383
FFF13500
00335671
001DE79E
FF976CF4
00497BE8
FFCAE564
FFFF703B
FFDE0CA2
002587E9
003EF538
FFB61AB9
002484FC
FFC3F126
FFA30657
FFE6833F
001E8F91
006A8EF3
FFF63ECC
0002CA62
FFCDABE3
FFDF804D
FFCD23A7
FFA9486D
004E9CCF
FFEFD6B8
004B90E2
00412167
FFEB69C7
FFE6CDFB
FFFAF537
0046767F
FFAF4215
FFEEE3F5
007D72C5
FFFC37C9
003E1D96
001B9E52
00337208
0004064A
0023807A
FFF95F33
FFE3CC06
0002E7DF
FFED2818
002AD2DC
002A7C77
FFFFBE25
FFDF6754
005A9A92
00208093
0042118B
FFBBB14F
0014FFA1
FF9118D8
FF7078D5
001686F5
FFB70C03
FFFC92D7
005AA7A1
003349AC
FFD81864
FFF8868A
FFEFEDDA
0022AE18
006732DC
000F3C4C
FFBCEDE9
00172518
001A1440
001CEAA4
FFEFBD24
006AAF46
FF97751A
FF90EC1E
000FF9BB
0038E547
FFD94100
FFBA3232
FFC5FD65
004FD0BE
FFA6DF04
00224D72
001E5DD6
FFF7169C
00117043
00467398
0096967C
006919D0
FFC4FDED
0039429F
0032176B
00382BF9
FFC9E20D
0047E257
FFAF805B
002D5F6F
FFE6A0D4
00151C6C
0048A9B3
FF9C16BE
0002CEAE
FF7F91AC
FF8A3EF2
001A348F
002932DF
003B7E98
002E871B
00748AA6
FFD5DDC8
FFCDA338
00273A6A
005655C7
FFE31370
008ED248
00801114
FFE065CE
FFEC0752
006FF0EC
0018C9B0
00877462
FFF22FCF
FF7B231C
001848F2
006CE709
FFEB74A9
FFF1AA8C
007A70C3
000BD854
006141ED
000AE53F
FF8C7A7D
FFAD3017
FFE523A2
0041CFB6
FFFEB1B1
0056035C
FFA75055
00378588
FFCE8B54
FFE01DC9
FFEC8CEA
FFEB9872
FFD8F956
00254A09
00065560
003114B6
FFA08CFE
00157AA5
FFCA8290
000241D8
0061F710
FF5F86E3
FFF174A8
FFC9853E
004370DA
00413787
00215844
FFA1A537
0058CAD2
0001ACF9
FFA55265
FFF38645
005F07C1
FFCDB612
FFD16C18
005A9C74
007E6F0F
FFD85EE0
00A79E94
004FC0B5
0006B535
004946CF
FFFEA6B4
0019BD00
FFC8C09C
FFA232B8
FFBB8ED2
00571A3C
FFC0B392
00518DBD
FFE5BD24
FF5F550D
0016AC9D
FFC7B393
001E1CDA
FF984CB7
0037D887
FFA2F445
FFDCFE1D
003DC1B4
FFDF1CFE
FFDE4FAE
00007A4B
FFEB20C5
0003AA69
FFE6CA98
00495DF1
006AB334
FFEC6D63
FFC0E419
FFB33976
002E9E63
0004C228
000D1932
0058C020
FFCC1DEB
0006FF42
FFD27DE2
00545BD9
FFAB6D0B
0045718E
0058949D
FFFA18B1
004184A6
FFD64DAE
FFC139FD
FFE7160E
FFA032ED
FFB36B89
00436F6D
FFC1A285
FFEE2F21
0017007F
003D4EA5
00C484D5
0053476B
003A4B61
0012B1D0
FFE97CCD
FFE34BBE
FFB37F71
FFCB554B
0018B407
007BD28E
FF7943B8
000B8C7A
000C3178
00361580
FFD062B9
000AF707
FFEA2E66
FFD5EF3E
FFDA7281
FFD16C52
FFF8D662
0071AE85
00175F6D
FF6552D7
00521CFC
005B8634
FF98CA61
0042B9D0
0069915D
000708B7
004D9B6E
00242944
002F29BB
007D90C7
002572B5
FFFECEC8
FFFBAAC5
FFEE536D
FFC2E71C
FFFB33D3
00575AE4
FFCE60D0
FFC696DF
003A5FEC
00356A53
FFF265D6
FFE4EAB6
FFBAE33C
FF7F35A6
FF6251B8
FFE54AA7
007AB96A
FFFC9851
0007E6E0
00B5F775
00203CCB
FFF6CFBC
FFE3B50D
0035AE07
000C2245
FFB55BFC
000277BA
0056F9DA
00100C02
FF708093
0011F39D
FFEB671B
FF69D533
FFDF7D56
FF8A3913
000AB763
003ED5C2
FFFE9875
FFCE8BE5
0078297A
000ABB75
FFEC3FCB
003AEC1B
FFC92249
FFC5C8C4
00065E65
0039E65E
00069120
FF922AE5
0039FABF
0012A20C
FFF2B2D2
FFBED16D
0039A3D1
FF858DD0
FFA74114
00013103
0002CF16
FFD0C0DB
0009B868
FFE3BF3D
0041FBC6
003BE4FA
FFA42815
002FB953
003331B9
FFD17680
003D3738
004C0760
FFC84E71
00911FD3
0049A23E
FFE2520B
FFF37E37
FFCEE6BC
FFEB81C4
000B4A32
005EA718
00145987
00225857
002D83B2
FFE9769F
001F92CA
0030C3E1
FFF72429
003D3A71
0038FFDB
FFD72D01
000E9415
006AC0BB
002F4582
FFCE2698
FFD4BB13
003417A8
006EBA09
0038CFDB
001C17B2
FFFEA039
FFFA1D99
FFE8E54F
00474B00
FF97FC12
00067DB1
00CC2348
0030CD7C
FFA7BD8D
002A094A
00624C42
FFA23146
00228AB7
00BE79DE
FFEC4709
008C9164
0006A2ED
FFCA4838
FFFB43EB
00216FBA
FFC09F75
003E28BC
FFD2CE89
FFAB17CF
0028C5A1
FFBFF19C
FFDE58F4
004F2A36
0021A615
003F43D2
FFBCC22E
00141E08
0046FAFE
00667C3A
FFDB2CE8
0053E6A2
0078C51D
00770B16
009C26C8
00B49081
005A689C
006912DE
004FB8C3
FFEA7F9B
0005CC1F
FFFD8E45
0015AE87
FFA8CD98
000B1B3F
FFCE5ADF
002BD89C
FF679F6D
00281D43
FF93EB8A
0039B2AF
FFDC637F
FF865023
001DF8FC
00529C8C
00538700
005B228B
FFE5DAA2
00265F39
FFCFF894
00416BAC
FFEB4938
003A27B6
0050B216
FFDC9A34
003ADC1A
FFDF6A72
001A4FEF
00075080
FFE3576D
000E0978
FF89D9FF
FFB33DBA
FFED3C3F
FFD6C397
FF97627E
002CAFCC
00C60E59
0018E111
FFF22D1C
008F9CDD
FFEBF5A5
004C6121
00509E1A
006C4E6B
FFC2A0D6
0051A0D4
FFDB629C
0035799B
FF9B4608
003FC1E3
FFF48CC9
FFD9C5D6
FFA9E4C7
FFBCBBC9
006DE4DC
0064B1D5
FFF58B69
000B973A
FF748AB8
0038E7C1
FFB57E13
001AEB9C
FFE52727
FFDE239F
003EC448
FFAC4147
FFEB2F40
0027F489
FFFBD1ED
00843C2C
00217462
001C705F
FF5EB60B
FFEAEE56
FFE50612
FFFCD4EB
FFC9C190
001A5AF6
FF7C382C
FFFB7659
002A2E66
003A7F35
005767BD
00224597
003314D6
FFA1905E
FFEA4240
0019520C
000703D7
002118AE
001A4A0A
003CF275
FFCBFAC1
0035FDBF
00047565
0035F6AB
FFD3D892
FFE216D2
FFE715F3
00656E9D
007FBF3E
FF9BD734
006AD9C6
007EE63E
FFA8C31C
00024EDC
00615997
FFCAAC8E
FFB17850
FFC0D83A
FFBFBE75
004E2F0B
FFA88F45
004DA400
00686D81
00399B8C
FFEB2AE3
FFBD037A
00269A47
004FD147
00AAE9E6
0017AC28
FF9E4C32
FFF221DD
00383C27
FFE24BB2
00288817
0089A1E9
001DCE9C
002978B7
00C003C2
FFC7E880
FFE6F9A4
002431C2
FFD59A63
006A8500
0040BE0B
0039C91E
FFDFA263
FF4C011A
0041C282
003D19F5
004E0CF0
FFF1DFB2
004069F7
FFFEAFF4
FFF0A835
FFE401B9
0061796C
FFFADEBA
0025DC21
FFF8E90E
004B705E
FFBE5B18
FFC06A72
0021E051
00891279
FFB4EF7F
001C2F04
FFEFA031
001029F4
FF7EC6C3
FFDB10BB
0049EB59
FFC149BD
FFB1268B
004B55EA
000880E0
FFC99DAB
FFD32219
FFA0B8BD
FFCFE79D
004F6DC2
FFFA429F
00394B8F
004164EC
FFA9547E
FFFDDCFE
00612EE4
FFD7B006
FFB3A0BA
0081834F
FF95AC3A
FFA0A7C5
FFE38F7E
FFB3ECEA
FFCBEA51
002EF8A0
FFE0F1B3
005CD829
00695C75
00332EDD
FFDAC95D
00081B9C
FFC69AF4
00017B4A
004A3C50
FFF6CB3C
00572714
FFF80B76
001454F0
005236CF
001369DD
FFAB19AA
00443F16
FFD26201
001E83EF
FFCBFB4C
FF661A40
FFB8F1B1
0044530B
FFF76A6F
0022ECC3
FFC7E6C6
004AF502
00108A93
FFB27008
002E60DD
00359505
00437FD5
FF845556
0034C0F8
002515DF
0012CC13
FFA95A67
FFE5D3C5
0055A326
FF816506
0051F40B
0038892A
00692875
00086DEB
FFF8996E
FF956D4D
FFE4BDEA
0021D129
FF8ED0B0
001C10EF
007584ED
FFCBF180
006F24C2
002B05C5
005BF74B
00201792
FF9BAC49
FF92E12B
00CB3631
006829D3
00610181
002E73EC
0011DDE4
0018A5B4
002076B9
004EE78A
FFEE5102
001A976B
00E8075B
FF603BF7
FFCCF77A
FFE098B2
FFE32EC4
FFC9169E
FFC4497C
00115E41
0001B034
0008220B
004AB507
00127ED1
00130F70
000D0813
FFDB886B
0014C6F4
FFEB2695
002EA73F
FFD9AFFE
FFC535F4
FFE45D2A
FFC8098C
00131E0C
0026F02C
00128428
FFD1D90A
FFBCB54D
00145771
FFDA4738
0025A599
FFCF1F71
001CB2A3
0009A6FC
FFCB6DE3
0029830B
FFDBC4F1
00389DB0
004C16E2
004D3253
FFEB8B3A
FFC43896
0064D0C0
FFFC61D1
000D2BC5
FFFAC75F
00268A56
001E3180
00318E76
FFDA5503
0003C0FE
FFEA391F
FF89B10E
FF903DAA
FFE041FF
FFA091E5
00081C37
FFD8BB3F
FFD891D0
0024C83F
000268D4
FFE91744
003EEAFD
FFBE1F33
FFD02D22
FFF5E8C4
000E95E1
FFF6696F
FFF29B35
FFB3E656
FFEDDF5A
FFBFAB28
FFF25F94
FFF68B93
00376EF2
0049BCB3
001316CB
0045900C
FFDCFCA2
FFCFB8D4
0018D2AC
FFC6BCBB
00097158
FFCABF28
00449532
00454F3C
FFEFAEE3
FFDB8DF1
000689D3
FFF2850A
0024ACB5
001AFCA4
000F7B70
FFF4C6CF
FFC69282
0004DC0A
00001C5C
FFE71B74
004014F5
FFF79718
00316979
0047B658
FFBCFBB2
0020E3F1
FFE477B1
FFD78081
FFE2DE1A
FFED0418
FFD2F516
FFE2A484
FFD1BF7B
FFE1B1F0
FFEECC9E
00228F62
FFCD750D
0001306F
0026D0AE
FFFAB14C
0023697F
001F7E8F
00171212
0028323B
001B16BF
0025930F
00472E4A
0001C050
FFBCFBFD
00076225
0029E8E6
00130008
FFD0BCB9
FFFE56A9
0010B893
0008E1DB
FFF55951
FFE68184
00114DF1
00514B20
FFAFCC10
FFFC8462
002F5164
FFD6684D
000A7569
FFE21A71
0003FBE6
001A867B
FFD0A309
FFCF58E1
004414BD
00280E68
FFA5820A
000E6D54
0005905F
FFB10EB8
FFD4E766
FFA497F7
0006B29B
FFF59102
000098B9
FFDD32BB
00161E5D
FFE3881D
00332CD4
00378D29
00402FE9
00218A4F
001361CA
000A7A3A
FFDE7B02
0005652C
FFF0E41D
FFDDC640
FFDF1014
FFEF20B2
001DB493
001AFC60
002ACB92
00232D6A
001577ED
00226957
FFE8E4D0
FFD6723E
FFC31707
FFBF51F0
00262298
002C14DB
000E9128
00447871
002637D5
FFB8A6A2
FFD59B9D
002D17A3
FFFB0FB1
00817C3D
0062393D
FFAA76AC
FF6AE468
FF67565D
000CF97B
00045B80
FFE48062
FFFF4D98
001DD557
FFF5F7C8
001133D6
FFBDAF10
0042A525
FFF6EDEE
0017A32B
002B1DAD
FFFB4658
001E1FF7
FFE3D128
FFDC3F84
FFE14EFF
FFFE0396
FFE47FD1
001E500F
0013CD84
FFFF220B
FFF84756
FFC27AB3
0016EF54
FFD8891C
0023B040
FFD08C2C
002A28B2
FFF6EFDD
FFDE351C
000080D9
000E8B47
FFD8B16D
FFE7040B
FFFEF2A3
004BFC49
FFFE8704
002C1186
FFC9F808
FFE8F48C
00387D20
FFC2AB1D
FFF44634
0007C3F5
003E4CA2
00005A9D
FFFE27AD
FFC7D57D
001D83E5
001A781C
FFD40753
00525CD5
FFF3BDB0
FFEEA4E1
FFFD7F42
FFE6657B
FFB241ED
00169107
001ECB94
FFCD7A68
FFE5564B
0005D78A
FFC4A75E
FFC24791
002D65E1
FFE7D0B8
FFEAB06F
000818D3
0027365B
FFFC6902
0008784F
FFF08C6D
FFF557D6
FFE20D55
FFFEEEA6
002192B8
00340571
FFDBFABF
00217856
003C88D0
FFE1D647
0012C815
001EC43E
00040BE4
FFDF65A9
00061671
000EBEC4
001816B6
0001FB16
FFFE483F
002DC747
001B5487
FFD57519
00334370
00262FC3
FFDDCBD4
FFF8178B
FFE2D5C7
FFFFE18F
002F3FFE
FFD78383
FFFE62A2
FFF09253
FFE0C05F
001D8F69
00043BF3
000FBF67
FFE02225
004028D7
00430E35
FFCCA096
000F7B09
FFD76D5E
002A742B
FFEC77D1
FFB0698A
00108D7C
FFD49465
FFB42942
FFF9DF1B
FFD813F8
FFE5D4F8
000057A9
000E5F20
00232373
001D5869
000BC64F
001484EF
FFB2F999
FFB94C56
000500A1
FFA7FD8A
002E234C
FFF229FC
0008BE9E
0049D77C
FFE7EBB7
001D1BE2
FFEFD533
001C4250
00349B69
002B4009
FFE1A02E
000BFD53
FFCA15D2
002ADB62
005974A9
001100E2
002557B1
00465DEC
00544761
0024F218
0004AE16
FFA5E009
FFC86F97
FFCACD3B
FFBB4114
001F6A4C
00320CD5
003C9141
FFF93007
00107BBA
FFECE1D4
0040BFFB
0031B857
00602084
003227F2
003760FE
003DA1AE
000C95F3
FFC555C2
00200388
FFB5BAEA
FFE9DA7A
0049BC19
FFEA7A9D
FFF31249
FFF467B4
FFE982AA
004D9B7F
FFFA60AB
FFF9E16B
00038586
FFFA09E8
FFCE701B
00409A18
0001BB5D
0022848A
FFB7BDD7
FFF2DEE8
FFEC18E3
FFD845E8
005DAD82
001581BE
FFB7F02E
FFE4E368
FFD95864
00590F52
0040BB47
FFD69861
FFF37F0C
000BEF82
FFE93658
FFDD6D6F
0017E42C
0034036B
000873B4
FFD61BB1
FFDD1ED5
0008DCE2
0021AC49
FFD543C1
FFFBDDB4
FFF4B941
FFD8E79A
FFBAEAF9
FFE30A42
0004002F
FFEFF63F
FFF87B0E
0038FCA6
001C2D0C
FFFB777B
0006413C
FFBC86B4
001D8E4C
00446FCC
000196EE
0017CA74
003BADEE
FFDFA071
FFC001C0
FFB18FEB
FFE5CBF4
00045CB8
003692AC
000D70F3
004F8265
005CEA5B
FF835949
FFB23D26
00243209
00388E22
0038FA16
00053395
FFF9E1C4
0015FA6E
00026DE6
000549DA
FFB527C0
FFEBA055
0032E09E
000749B4
FFF0AA02
00113AB7
0012EAAF
004721C6
0013B915
000DFBE2
00046159
FFFED4CD
0032E5F3
000009EE
FFF3CC17
FFE4D650
003356BE
004779CC
001BF136
0003E6DF
FFBF07CE
FFF71101
000941BF
0016E335
FFFA9E6D
FFC39CE0
0059C8E6
003348B2
002724B9
FFEA35B5
001CBD72
FFECBEB6
FFEC9BE8
002CFB15
001C9ECE
FFECA347
00003A52
002A12A3
FF903295
FFECD22C
FFBF7908
FFDD5BC8
FFCA8E5E
000991AB
FFD906C5
FFF8D0BA
FFEB3303
FFBC59C6
FFD3DA4B
0001BAF9
002BBCAC
00427F3F
FFD05376
FFEFF5AF
0012A208
FFF5B1B0
FFEA8C77
002A0CFF
0047E537
FFE77382
0028A08E
FFD21D87
007D62CB
0033CA7F
00278690
0018644D
FFC84AB6
FF96DEF9
0027CBFE
FFF9999A
FFF5470C
00021ECF
FFE71E71
00256EBA
0008FB23
FFCD8132
000E03BC
FFDAEF8D
FFFF2EA4
FFF47DBB
0027C78B
003C952E
FFE89E71
FFCB7AF2
000811F8
000401B7
001389C3
0029D2D4
FFE9CC94
000D88AA
FFE9EC1E
FFF36CFC
0023C614
FFFCE291
00135698
003FEBC7
FFC90519
FFC1CEFC
0012CB0E
FFFDEA90
FFC4B988
0003F938
006A779E
0011E048
001CE973
FFDC6657
FFC32322
FFD04E00
000DAF79
003162F5
00168D38
008990F7
003B18EA
FFEB814B
FFF19005
002ABBB3
FFF5CDC9
001C27D6
0046DCEE
FFC8AAA3
00670CB0
004EA9F7
FFF7B6F7
002556E0
0033F283
FFF491C9
FFCC836E
FFEE4CEF
00322F2D
0013D570
FFD662BA
002263CB
FFE79EB7
FFD6319F
0031263A
FFD8E443
FFF23B7F
003282A0
001BAF84
FFEAB8CC
FFE77A9E
FFE00328
FFCF9653
002E4DAE
FFF4E2D0
FFAEC0F6
FFDF1444
002A0B5F
000CF97C
006BDC85
006363F5
005E96E8
FFDE852D
007BE844
003C825F
FFD5F42E
FFD35F67
FFBF0245
002245E7
FF664FCB
0039F2ED
FFB2040C
FFC0607B
0049EF73
FFF0C4DA
0049619C
FF6CD880
FFD11214
0052C1EF
004720BD
FFC4B182
004C5549
FFB7E53F
005F6364
FFCC8EF4
000267ED
FFEE5333
FFCCD693
FFFCFE01
FFCEFAC7
006FD0A5
FFDB9591
000130AE
FFD06289
FFF536AB
005B0F7F
007B50C7
0056B755
00613482
001ADD79
FFCE5E8C
00088E54
FF9988B7
FFC7B43E
FFD7A746
FFC23E66
FFD8DDF2
00363245
00222B1D
00269E04
00223733
FFDB9EE3
FF8E365A
FFB00A91
FF8EA46C
002059B8
005AD5B4
FFF1AD7F
00AE4D1E
FFD072DF
FFCA4EF5
000B55F1
FFDE8013
0022A90C
000011B8
002B7288
0032688C
002527CB
0039C06E
FFC2855B
FFF4C397
0022C643
FFBDCF18
FFEAB653
000E9687
FFDAEB7A
0041BE4E
FFF37B59
003626D6
FFFFEAB7
0021FF57
FFBCB0BB
FFADE3DE
00581EFF
FF79BB3A
FFCBF425
FFD6AC73
000D78F3
FFDCD0A8
FF98A1D7
FFC0D9A7
00325A50
000C6376
FFF2921A
FFECF695
00424AB4
FFA12618
003F14A8
FFD085EA
FF847218
FFD41990
FFED09E7
0007A0AA
0004EE1D
FFFD5DEE
002C0840
FFE8638E
FFAB478C
FFDE674F
004C4B03
FFFC987C
FFE2B324
008933E9
00231772
00517BC3
00132CED
FFA47604
0049EA20
FFD000AA
FFC928C3
FFC289D0
FFFDFDB6
FF9E0958
0000145C
004673D1
FFEF8947
009EFC34
003F9E41
FFC99421
007C00BE
FF65E106
FF9B7D3C
FFD47F78
FFA82F26
FFE4573C
FFBEEF21
002A8247
0051BD2E
0008100C
005D8D39
00279F89
001F3A35
0048604A
000C2001
FFEF62E5
007F841B
002F5AD1
FF9EABEE
003E0E93
FFD4B155
FF8B56B2
000673D7
007E47C9
002557FD
001302FF
0049B15F
FFCBCC91
FFC2C584
0047C798
0065A4B8
FFE01B87
006BA622
0094DC60
0020D47D
003D672C
FFBC221E
00649514
FFB30F4B
FF90E6F3
001C73D2
FF300247
FF98F3B7
FFC69EBF
00787FB2
00FE63EC
000C2130
FFC126CF
FFDFD39B
003378DA
0044D6E7
FF910CC3
FFD31B11
003738FD
00269A6B
FF9DC850
FFA01202
FFFB65CE
FF923B63
FFD93C11
0041914A
FFF89A1C
FFB69921
004B7570
FF92DB9F
FFE82B99
002A3D30
00037EB5
00588273
FFEF1415
FFCB14B3
FFDFA1F1
FFCB1CBA
FFBCFA90
FFB4FACE
FFF880A6
FFBF2B6C
00739FE5
FFCD90C1
FFAA6C6D
00746F54
001865F5
001E5051
FFCC48C6
FFC1B9E8
0023F473
0024FD1B
00205CB6
FFC1A5FD
008AF260
0029237D
FF9CAAC3
FFFBB91B
FF8C6EF3
FFFC691D
002C6C8A
FF328D65
FFC17BBA
FFD2A288
FFCB5970
0024FDBC
00380D77
FFD7F965
FFE4CDC6
FFF2EC54
FFF4D11B
FF501C2A
003D829C
FFDBCC09
FF97731D
003C4EF8
FFA70746
002E1807
000D45B1
001F4C0B
002A7FCB
0035ED34
0022DCDF
FF88B0C0
FFBF48AB
00128D38
FFBC5AE4
FFB516E8
FFFBDD0A
000310A1
000638CA
FFF84404
FFD01C37
FFCBF58B
0011623C
004ED20B
FFBCB0FD
FF7C85CA
00482DBD
002452ED
FFB82C46
00656B64
FFFD877B
FFF7B778
0057A24B
000C6DC8
0006CC11
FFDFA143
0068F9EA
0054E9AA
00053FBD
0020F5E8
00059B06
000DEBDA
FFAF8BF5
FFC4041B
FFCFB75A
004B12D9
FFDDBC4A
0009DDBA
00234A48
FFCE772D
000CD741
0012F6C3
004B1122
FFF33C44
002B5BA5
0070E505
0053D1B9
FFA3DF15
FFFC944D
00191ED7
FFE680AD
0044C57A
0021F605
FFBF2D78
001595E2
FFF21550
FFCF9938
FFA8A1CE
FF9E129B
002B45EE
006CB15E
FFD745D4
0090F7C9
FFE2499F
FFDD38F0
FFE0FB4D
FFC826B2
FF8CE118
00234E07
00076216
000FEADD
00301BF8
FFE633AD
002D66E5
007B1816
FFFE6C51
FFC3D45C
005C5A47
004F6CAB
FFE5CC44
006837E6
0020F227
FFF5AF2F
005E7FAA
FFE6B663
FFDE355F
FFD8AC16
0035B471
FFB37043
FFCDDEB1
003568EF
FFEE47CF
FFAF6232
FFC48CC2
FF9EC4D2
FF99A690
002183AC
FFE3211F
000290BF
00232D37
00696783
FFF4E49E
0099DE84
FFC5B340
FFECE6FB
0056AB8C
FFCC43F9
FFDE7313
FFDA6248
FF76FCE2
003767D6
0030FAF4
0005760C
FFCD7364
000F728A
FFD50ED3
002F92EC
005A18F2
00131F76
FFF8FB3D
FF8A4A1D
000711C4
FF9D98A0
FFC04C75
FFBF1BDC
0050929B
00C56174
0045A643
001E9D69
005C66C8
0001C566
FFC21C83
FFD483F7
FFCF31CB
FFA7ABF4
FFD4A08A
001B1EDD
003B4339
0029116E
001080E9
FFF2E02C
005C97E7
FFEF5789
FFC2137C
001A387E
FFE158B2
FF996233
FFB40951
00499FE5
FFD5183C
00236D4D
FFD605C3
FFD4F6FE
FFEA7C97
001DEE93
0027B8BB
FFD635F9
002CDD8C
001E6D24
0013F05F
0021FB26
FFFF2327
005C2CAB
00367D6D
003DB602
FFC22417
004699C1
0010C21B
FFC0071F
005FF1AC
00057BB8
003D25CF
00206D20
FF985AEE
FFE0DEA1
000644A7
FFBFF026
FF6C8DFF
FFEEFFCA
FFEE71CB
001E372C
00085CE9
006A1AD3
FFA3DCBA
FFF74029
000268B4
FFF61E5E
000EBD62
FFCB6641
006CB8B0
FFDFA905
002F100E
009935C8
000DD1DE
0047E14D
FFFF3D37
0044BC2A
0006055F
FFC1C8A0
FFEEBEFD
0010B08A
FFAEF647
FFBABE41
FFC2B674
00AFE8F3
001CE5E2
FFA5F053
0074A618
FFDEB42E
FFFD253B
00191A5E
FFE99EC3
00A00C08
004A53A3
FFF93B34
FFAE0704
002C3E95
FFB9BDF7
FFF3ED6C
000AC45B
FFE360F7
FFBC1473
FFF141C9
0018FDBA
0021B2E3
FFE79D2D
005CBCB6
00238CE2
FFC4E8A2
00336027
000D129F
FF41F6E1
FFC8A2A2
FFFD6AC3
FF84E2FB
FFF02D42
FFE47CF7
0011CB73
FFE9D388
004C424E
001EDC94
FF81AFD2
FFBC061D
FFC27092
FF829022
000491D5
0007BB85
000721D9
FFBBEE42
FFE95FC7
FF9DA6F3
00325401
FFF6F246
004215D7
00500015
FFDBBA5B
FFAD65E6
0005508D
00785332
FFC2BD71
002039A6
006F4659
00139077
FFDC5187
FFC7EE4D
FF7FAF05
0003CD83
FFEC75AF
000BF89E
00050F49
0027CEA8
000D3A70
001784B6
FFDCA889
FFFA9E3A
003FB578
FFF81B5C
0071339D
FFFBA8F2
FFFCF9C9
FFC81672
FFC0D792
007C329C
FF5F69E4
004E4F7B
00501E7D
00471689
FFE53FF1
FFC212E6
00268166
FF7C06C0
FFB6BCBB
00253DD7
0008CD10
000E74B8
005710E4
001A3B20
001C42E6
009B0488
FFFB7CF3
FFFFE2D6
FFD6E495
006F5B2E
FF92B808
FF8341AA
00563C46
FF003DA6
003F81A2
00182E41
0014034A
00898701
008D04C6
00327654
FFBFF443
00AD4821
FFB8F4EA
FFBEB170
003215FC
0007645C
FFB1AF59
001F3B94
FFF78D2D
003234D4
FFF494BE
00170796
FFF11625
FFFDDF37
002901D4
000892E4
0012B115
FFF96ECC
00105A8C
FFD8CCBE
00067ECD
0005BABF
FFEAD695
0006A377
FFD40A13
000633ED
FFD85200
FFFB85DF
00184945
FFF4C13F
001E3388
0006FB24
000EF0F0
FFEE181F
FFF960BF
FFE845AC
FFF33786
FFDFBDA2
000E5A0D
000EA0A0
FFE8AEAE
FFE9861C
000EF6D2
0021578D
00132FFC
001C8BF4
00293CF1
0004E69A
FFF7068F
00132ED8
FFF3ECBF
0018A524
001556EC
FFF10D51
00278099
FFD5DE45
FFF3773C
000BAB6A
FFFFEBA2
FFD0290A
FFF48FF7
000F5B4F
FFE9CDA4
FFF874BF
0025A622
000A1663
00211B4D
002B707E
00111E5C
FFF2C669
001BCFDA
FFE2EC9D
002202E9
001E14FA
FFD2ECF5
FFEFB142
000A93B3
FFEE3EB7
00050337
002CA803
001B6DE7
0011E28C
002FE525
0009BDAF
FFFE921C
004F48A6
FFF9247B
003EF55D
FFF06383
FFF30CE9
001B8BD6
00190655
FFE69987
00262785
0020AEA2
000912AE
002A8D86
FFE63F1C
FFD80FFB
001967CC
0003A42C
FFDD31B3
FFE95A23
FFECA1C6
FFF4FEAD
002CB325
0011AE4A
FFF4B827
0026CA2A
000E2D3F
000F57F6
FFE8CF7A
00084FA3
0000DA56
FFFD9080
FFF11FFA
000FD2EF
FFF77EF1
0003C236
FFE7D8E5
FFF2A0FC
FFD78EE2
FFFF26C1
FFEFBAB3
001E2251
FFE512D9
0011BA8A
FFE720B6
FFF26177
001F3ED1
00040615
FFFA17F3
FFE48AB1
FFD2ECE0
FFEAB982
FFDF9800
FFDDB11D
FFC3A56B
FFFB9182
001E4DFF
0009FB57
FFDB89C6
FFF53005
000D86BF
FFC81E92
FFCA2731
0013B644
FFB064F4
FFE3175F
0019342E
FFDCA3A1
0002D6B5
FFF75D8C
FFF9BA2B
000319DF
000E8742
000DEE57
FFD93568
FFDF1DD4
FFFC9B78
000D6978
FFE630B1
000B2D94
00128578
000AF393
FFF010B5
001132B3
000DC11D
FFEA65F6
FFE5DC59
00252D6D
FFFBA34F
FFEA7BA2
FFF2837C
FFE4699A
FFF489A5
FFE54810
FFEC3DEC
FFF4F3DD
FFE995A9
FFF300F8
FFDFA5EE
FFCCF488
FFECF9AD
FFE57D16
FFDB68E6
000E38B3
FFDB345C
FFBCADD2
FFCC3242
FFC62C10
FF948A50
FFC08EDE
FFFA0AD4
FFFEF83B
FFF2994C
0029C7A1
0026C663
FFEA29EB
FFE1E085
003CAA88
00177272
001AA639
0012692A
0025D81A
FFDEB1A4
FFFF1A32
FFD42EA4
000AA2A4
FFFCC063
FFC5C877
FFD64253
000FEFE7
FFF9581C
FFF657FA
0008E336
FFFDCE89
FFFEF219
00252269
0034D0E6
FFEE61AE
0006692F
001E2E2B
00103C29
0021A7D8
002A5804
FFED7331
001346ED
00147BCD
FFF924FE
FFFFCB6A
00005F4C
0013712D
FFD5D51C
FFDA121D
FFDC086D
FFE75D59
0011D795
FFE7799B
FFE4B6CC
FFDF855B
FFE85AE7
FFF89BD2
0007461E
00206772
FFD069E4
0026FE55
003D9D95
FFF584E8
00229FD4
00296A7C
0032FA53
FFEF84CD
002A5291
FFF3B13C
FFEB04F9
FFE6D20F
FFFDFCCE
FFFC2AD7
000BE942
FFEB1C11
0004A7C4
00210DDD
00009A5F
0013E0EE
FFFBC30E
000A75F3
FFFFADD4
FFDBCCE4
FFD89849
FFF9EBC1
FFE9BE0B
FFED7BB6
FFD2DE67
FFEFB020
FFFC8063
FFDC93E4
00145F45
FFCFDC1D
000022E9
FFFA6CA1
00158743
FFEBDA2C
FFE9B8F5
FFF3FB33
0020F28C
FFF56F54
001696D6
000C28FC
FFE534FE
FFDC8E62
FFDE7CC6
FFD79E1E
000CB64C
0007400F
00271F46
001E5FE3
0025F892
FFFC6A2C
0015F7A0
0010C3AB
001333BF
FFEF9786
FFE38E79
FFF088FF
FFDF1391
FFD39414
FFD2DDFF
FFD8532D
FFFA1074
FFFDC986
FFFB6440
0007D4AE
FFEDA15A
FFF9005C
001306BB
00178959
FFFFF12D
000B83E1
001EC861
000D675D
00205729
00002586
FFEB10AE
FFF0D1FF
FFEE2DAF
FFD56A43
FFDE55F8
00057703
00061A35
0015C7C9
00301A76
0014CDB4
FFF73451
FFFE0791
00073761
0002524A
FFF6FB01
00292795
000D62CE
0034E0D0
003E75D5
00091328
002329D0
002BA16C
0014EADF
0014B219
00198293
FFF4EF87
FFE0CFF5
000BF672
FFCA5E0D
FFFF1D65
FFD298C5
FFDF3FE3
0025422A
000C4C9B
FFF5936B
00221B39
000D6A8B
00072A52
00067F39
FFE1DD00
0021E38A
FFD7DE57
000CA91E
FFD2FAC6
001BB951
0015F291
FFF01974
FFF209E9
0014FFE1
FFF1E87B
FFFE34CE
00052CD5
001FF6FE
FFE6E5EF
0011AA83
002034D0
0008AF03
FFFE25A0
FFCD730D
FFFFED51
FFE22608
FFDF84A9
0019E880
0026E622
FFFC2C64
FFF0B439
000D83D8
0016DE2A
FFCC98F0
FFF32C44
000BFF58
FFDF11D5
0001ABA7
000E530B
00280C15
00261C1C
001AF309
00107DDC
0016FFBE
00001FFE
FFF46DB8
0006529D
0009B239
000A8A3D
FFF6B2D8
001A262A
FFE02BEE
00017591
00015758
FFDE6A7B
FFFC5F84
FFF73174
000FE40A
FFF4E430
FFF7220F
0027AF91
FFFF4951
00307B2D
FFE87F94
FFEED5FF
FFF25B98
FFD55D52
FFFBF9EC
FFEC3190
FFCC7DD6
FFF81705
FFF402AC
FFF8C947
FFF148BF
FFF20C39
FFC8D676
FFE4D2F2
000AD9FE
000BB48F
FFAF301A
FFCBD70B
FFF9C851
FFC7BB50
FFDE8BCD
000E168E
FFA560D3
FFEBFF72
FFEDA0A3
FFE2B5CE
FFE1719D
FFEE6572
001C6E46
FFF69A77
FFE3ABC8
FFEF7DD6
00079F48
0010B500
000C69B9
FFEA0A9F
000D5EE0
00277BEA
000D43BC
000DB723
0017A1EB
002E7184
FFD997E7
00114647
001284EF
FFF09571
00197E4F
FFEF4FB9
00246023
000B86C8
00138255
FFF3341A
00097B99
0019DC81
0019BAB6
FFE19A44
0025A43B
FFD5D34E
FFF3FD8D
FFF8214C
FFF0723D
001BCBAA
0015C1CA
FFEB6ABA
FFD62158
001008A6
FFECD604
FFF9448A
FFEE0297
FFE977CF
00023F59
FFF51F0C
FFE7044E
FFDCC48A
FFF8D053
000C796D
FFEECAA4
00084AA9
FFF2E4B2
00015FEA
00229378
001006D5
00033C19
FFFD479B
0001C04B
FFC34A36
FFE38313
000903C4
000BF974
FFE2F474
0017B5FE
001A0EB6
000CDFD2
FFE5EF94
00091A98
00178AA5
FFFB9B31
FFE85DCB
FFF71CD8
FFF8FF43
002AF1D0
FFF974DC
FFD90B67
0013E0D4
FFEFCE11
FFDD06D9
0000037E
000213C8
00002A04
0015A2E3
0016250E
FFF1D3D0
FFFDA56E
FFFABD6C
00011C3F
FFE030CD
00040DD9
004BFCC9
0021F707
003198D0
FFE882CD
001CDB14
003104C7
00132E28
FFEE03E4
FFDCC77D
001A484D
000080FB
000FF83F
0017712E
FFEB3DEB
FFF88956
00252FEA
000C14E0
00244598
001DFA1D
0000B21A
0009C437
001C2E0C
FFE877AA
0006B8AB
00012D52
FFF89DFC
FFF06835
FFF3CD3B
FFDD4C80
FFED49AC
FFEBE849
FFADEF81
FFFB4E8D
00180A53
FFACACFE
FFF7C226
FFEA2037
0001A5CA
FFE9DE50
000253CF
FFD5F6AF
FFDC532B
00105713
FFE1109A
001241BB
FFF590AB
FFD08F89
0020CD82
FFA5993C
0056190F
0000BE12
FFC18D50
FFAFD2F5
00403695
FFD247C1
FFC496E8
FFB1315F
0048B4C9
00974C4B
00764468
FFF5BD48
000D0CBE
FFA65A61
FF87BA8A
000060FF
00842E6D
FF803D31
0008067F
FFB61B80
0004503E
0063865C
FF9E1D06
FFE7EC46
FFAE2D65
005247FA
0018C3CC
001EC507
FFC8B6EA
FF537F8E
FFC72088
005D33A6
00130756
0093D489
FF827DC2
00438B80
004C0B7F
0048C2F6
FF4B1574
FFB3EA5E
FF733323
0093ABC5
00814038
00646FDE
FFEE7C25
00435177
FFCE9475
0071472F
FF899311
0028EADA
002A5F01
0019F1F3
00847BA7
00662653
00373076
FFCF2972
000FDF52
007B941A
FFE018E3
FF81864E
FFE72B34
0057914F
FFB59EDF
FFC2F812
005D119B
005A209A
FFE6493D
001238AB
00965683
FF689BD4
FFEBD66F
FFFFB3E3
0039A790
FFAD846A
0065C5B8
004D5032
FFF238E8
00202EC0
FF96F363
007A3507
FF3800EC
FFB4A935
00256708
FFCF3217
000BBE84
FFF84CFE
FFA8EA20
0027C163
0069403B
00664925
FF5C9471
0047DE15
001A7AB2
FFF2C9F9
FFB703EB
003E299C
FFC7ACBB
FFC297E7
FFE43115
FF9B39B3
FFBF41E4
FFA0F9E0
FFE16829
FFF45059
FF46253B
00456F95
FFDED76E
FF4ACA56
002CD92A
FFEE6AD4
FFCA57A6
0054669A
004A0389
0091D8DE
0012856F
FFC1400D
000F1891
FFE48EE6
FFFDCC25
00D74FB1
FFF304F7
0031AA83
00716594
006C8E11
FF880E85
00376F5C
00501D32
00603223
006152F5
000E71F2
0000B00B
0066EB4C
00FB4B07
FFCCA4BB
FF77B4B9
0039C76D
FFE9AB8D
002E5118
FFBEB862
FFB2D50B
002B56BC
FFBABC30
FFD85DF0
0071D894
00091BFD
002637AD
003AE866
FFA28078
FFC61453
00229C7F
00579C2D
00B7AE2A
FF472AF6
0085CDCD
FFDA0F09
FFD5769D
FFA9F224
FF8B4861
00266AF7
FFC6F18F
FFECEF73
005DF3CF
FFDFB5B5
0052FB59
FFD4C693
000C4803
FF9D7CE7
0025D149
005F171B
FFF11288
00406078
0066C21E
FFDDDD08
FFDD8F26
00297EF3
FFFBE165
0053EEAC
00670F62
FFA29CA5
00CC3F2B
004AE6B8
0155BC8C
00A5DF20
FFD9568D
00A97467
0060E6A3
FFE3DD51
FF0E8532
FF7612B6
006C904D
FFD0FD31
FFE939D6
0056E25A
FFFE7E91
FF9D3CF7
008D372E
FF7222C0
FF8E6C70
00E8F498
FF7737EF
004DBCDD
004A96C4
FFF12524
0005FAB1
001512C5
0067DEC8
FF735B42
0003D4F1
004853F8
FF7DB70C
00685A5B
0023447E
FFCA965A
00031B36
FF923F97
FFF48716
FFEADD5E
0046A9E1
FFDBE529
FF1A29B7
FFEA380D
FFAB6D1F
FFDDD037
FF9B39EF
00548475
001FA4F1
FFA1A6CC
FFA5C2D3
FF93B9FB
00281D48
FFCB3C42
FF3D1E01
FFE34DD0
FFC37B5C
FFB09436
0039BD09
001BDFAF
FF49EA40
00078EB7
FFB87026
FFCEDE6E
004FFD4C
FFDD25B3
FFD6194A
00BF08B1
FF6A34BD
FF302DAD
FFA365F0
FFA05557
FFAA63E1
005E83B8
0046CE5D
FFD0726D
FFF4E959
000B9ED4
FFE5872A
0040B18B
FF9E25EE
001162EA
FFD6E096
002E018D
0045CDAD
0028AB74
0041FC4B
0024255C
0001A5B0
FFBFC404
004970AE
008225BD
0066AA20
0062AD75
00118719
FF9490EB
FFF246A5
FFF5426F
FF944630
FFE2E6C0
000DC46E
FFEF75FB
008ED7C0
00254CC7
FFB72FAC
00345661
FFBB0418
004B2AA1
004E938B
004BF7F2
FF95A1F6
FF90B102
FF83ED4F
FFEB7D2A
00160FC1
00323283
0000BD2D
004A8659
0066602A
006E4FB1
00AE3F7C
FFDAD7F7
008D72B4
00F793F6
005B0A83
FF980706
FF949CF2
FFF49AFA
FFD4F57C
00366A0E
00038B17
FF5001A8
001026A1
000CA85F
FFC34CCC
FFED7E3F
FF3110EB
00534DE7
FF6E5C23
FF9A005B
FFB8A39A
FF4EEF78
0013565F
FF96D721
FFD51084
006C67FF
00A705BD
0020BB6D
FFBB301F
0082EEA6
FFD4B4D2
00113987
005EB819
003875AC
006156AB
00AB6337
00242702
00A0C5FD
0005476B
FFE38417
00374315
FFB2A6A7
FFE774E3
FF8430D1
FFE5AF1E
005189A2
FFCC3878
004E8D42
FFF7D32E
0019FDD9
007D6ABA
FFE1DDAB
FFF2C5E9
FFA4AAAB
00078E29
FFC5809A
003EC07B
003E03F7
008C70F9
005E2EAF
0077FBAB
FFFD3E95
00694174
0021B246
0008AFAF
001964C6
000ACD33
006A2B95
001BFF41
FFD0D3BC
FFC2E489
FFBDF214
FFFB58E8
0090CD9F
FFBC140B
00543928
001691BB
001E0E8E
0034BA09
0058A76E
007049F3
00C39044
FFE63BF5
004EA4F7
006AA137
0045D7B5
FF4C3A7A
FFF43ADD
00017BAA
FF97E545
008FBC5C
003B0810
00046D98
00031460
FF72BB16
FF91CD89
0053727F
003D3594
FF74C605
005C28B7
FF8E67CC
FFFFA530
FFF28E2F
00162D7A
FF8242CF
FFE15B60
FF8B104D
0065A7B2
FFD74BCF
0063910C
FFD45677
FF5C34D6
004AC6A6
004CE188
005D10DB
FF8970AA
006D1CC7
000882EC
0069D8C3
FFA91B31
002AD02D
FF5BCEB9
FFCD575F
001718DC
FFF04379
006D8560
0035B6D7
00E8DAAA
FFCAFFDE
003D8E24
0074CA18
0030AB88
FFCBA885
009A08DB
005503E3
003C28BD
0066628C
00501D6C
00010D4F
FFAE74E7
001FF7D3
006D761C
FFD06FB7
FF960CA9
00DD48E3
FFA6CEC7
004B62D4
00263266
FF6A1DBB
0074879B
FFC424CB
001E8F69
FFD008DA
FFF7D2E1
000D754A
FF85B225
FFDE8EB9
0003C525
005666E2
00211E0A
FFED43B5
002360DB
FFD72FAA
001AA24C
001E90B4
001DD3F9
FFB87132
FFEDA8CA
005E3CD4
FFC2978F
FFB19EC7
00ADC975
0051F096
FF9F3A00
00085670
FFCEB58E
0077382A
FFD51D0D
005AD9EA
FFE99622
FFE5D734
FFE7D3D2
FFC92AB9
FFAE711C
0005C850
FFFD9CA4
FF37F66D
FFFBE460
0013C2E4
0056E9EE
007044D3
0060B494
FFBBFB25
004617C5
FFE6FD5F
003F66B9
FF727E5D
002F92D0
FFBE8E23
0070F834
00857BB4
FFA40669
00395A31
FFDB814B
FFFD63AE
002CE1CF
0056DA5C
FFE09304
000DA946
FF69F316
FF9A4EF5
00061712
FFBF423B
FFF9E913
FF7F2F5C
00834740
000B7247
FFA444BA
FFFE3BC2
002D9603
FF22474A
FFE8EE39
FFB1A3B8
0065AF8A
FFF9FA9E
0029CCCA
005AD003
FFC4D25E
FF7A1119
FF903539
00301614
FF8B1FB4
00ADF5B4
001D2F8C
00EAE350
FF8C648C
002EA3F5
FF70CBEC
FF4123E3
000E8297
0068D538
FFBFFE6A
FFD37053
00E11D40
0053D8E1
0023EC2D
002FF551
00CE96FF
FFAADD48
002AABEC
FF08EC78
00227543
00A37FD1
003341E6
FF942EBC
FF6F14A2
0007AB86
00F006ED
FF222FBF
006D5148
009D213F
FF190E31
012D39C2
004DD074
FFF5EDEE
00A82092
FFFE2BD5
FF750DC8
005E48F3
0068444A
FFEF7E43
00192332
FFFE944D
FF87C642
FFFBFF97
FFDF2304
FFCEA5E5
0027FD06
FFD9E62F
FFF86F48
00211252
FFE252B8
0010FD0C
00207E5F
00013E89
00021C08
00046DC8
FFF3E487
0026C7D2
000BB626
0010CCCF
FFF30FC0
001B71AD
FFF283FE
FFF915A6
003DA375
000B50A9
00070AA7
0024020E
FFF48C1B
FFFFB6FD
FFF01425
001CDAE3
FFE134BE
FFDE45BC
00264F93
FFF39546
FFF6D157
001D1D65
00083BCC
FFF0FBBA
FFD8CE0B
FFE3965C
00068356
FFF02905
00113F74
000A9DE2
0015FF38
00077FC0
FFD4A67E
003D9C82
FFECAA14
FFD64302
FFFA7F49
FFFBE905
0022CEAD
002B3653
0009DE7C
0036E1C0
FFE2B60B
FFCFDE5C
000E3618
FFDD4C27
FFD41C20
FFD07F7E
00183D90
FFE26EA4
FFEDEB69
0031525F
FFF84806
00325C40
0038AE2E
00202832
0041F8BF
000830DB
00417BF3
002F5D96
0005FF0C
FFFDF96D
002FDD6D
000FF483
0012B325
0005B6C7
FFFFEAF1
00096839
FFEACF23
FFF97FC8
0016DD49
0010293E
001A4EB4
00064BC3
000815A5
002C1B12
0027CFF4
00077E1B
00009C80
0014E939
0002944B
FFD249C3
0020B081
00284791
0007B912
0031FBB7
0003E94E
FFF7DA88
000A747D
FFF71E79
FFFB2740
FFFB9879
00317502
00274388
000AFC3F
00169A0E
000A0741
0001D370
FFDA97D7
002B2891
FFE01FE9
FFCF2657
0029EDFA
FFED7C02
FFE46073
FFF6FBF5
001A5495
002AAD9F
00101733
001E27D9
0006ADDA
FFF0F1B0
FFCA56C5
FFDBC888
00130B81
FFEEB29F
00102065
0030DCE4
FFF8F04A
00105298
0010B4F6
FFF983C4
FFF40087
0036F55B
00160849
FFE947BE
003C29BF
FFFD5B6C
0023D694
0038ACFE
0011DB1A
FFF497AD
000093FE
00021244
003DCCDD
FFEEF476
FFF0D5FC
0034A0FF
0002EAAB
FFF5392B
0031BFE3
FFDD0CC4
FFE09C17
000EC20E
0019767F
00037A37
000DD151
FFEA85F0
00138D07
FFF9D23E
000478BA
FFF0D01F
FFE8A92E
002F582D
FFF81763
00103F19
FFF4019F
0026B67D
001BB64A
00186C15
00224ABF
001DAEA6
FFF5FE84
FFE35E7C
FFE51CBE
FFF3510C
FFFEB222
FFECD3B3
00205B2E
006D0D33
00706D9A
001084D4
00021689
0056C5F8
0033FE86
003CB7A9
FFEB5A7C
FFE1E0B4
0009155D
FFDBE668
0022A74B
FFDA97EE
FFE076E7
FFE41A17
0027EE67
00008429
FFF00057
FFF6DD69
00291AB5
FFE5CFC2
0013EFB1
002530EC
00174BC7
000F0B11
001F682A
001B3465
FFEF511D
FFFDA1CB
FFF216CF
0009A534
00271314
001E49D0
FFF0574F
001503AB
FFE1A486
00217DF3
FFFE0211
00220365
001A2FA2
000F4D40
002278ED
FFF3F934
00248C86
FFEBB787
00372F84
FFF78C74
001AB446
0039BC83
FFDDE221
003810B2
001733EB
0025C808
00209D9A
FFE11F18
FFE6C571
004CF46A
FFFBEBF2
0022F93F
004E338F
003F9AFB
00565E09
001D1ECD
002AC445
001F76BF
FFDE692A
FFEEFCA0
FFE9B90D
0010C9DD
003F2C87
003A671E
002CB0D5
FFDFDCF4
00184E00
FFFD0B0F
001BC562
FFF31F7F
001CE42A
00097D1D
00263153
000F12D1
001A786C
FFF549ED
00343808
0036D4D7
0046ED05
FFFB6E96
FFF3F7CD
0001908E
FFFAF482
00295723
00034319
001C535B
00353FCD
FFFB8FBD
002FE7BC
FFF1C651
001F7EC4
002776C4
FFF7821C
0014B8F0
000CDF1E
0020A22E
00004470
FFEA4E7F
001D9238
001B4F31
00338BC9
FFE94EC8
00228A1A
00111A64
0012A82A
FFEE9D6A
0039562B
FFEBF933
00306A11
003766D5
0029D25E
005827F4
00026829
FFF4AED4
0013C110
001E0A57
00317441
FFD8BDDD
00076FAF
0021556C
FFF6A60B
FFF80ADA
FFFD7789
00039FDE
0013CA61
004B2275
004479EA
0023AF56
00500A04
002EA8EB
FFEFC0B4
001499D2
000B0FBE
0002A133
FFE672B9
0034D808
FFF98782
FFCF4AAB
00245436
0007E54E
FFCEE5C8
0004C382
FFF8E85E
FFF105EB
FFEBF715
FFE0706E
FFF1780D
001118BB
FFD8E529
FFDDB324
FFDEEB2B
000EDED0
0033DD75
0009A3FC
0038EE67
002317A9
00425E87
FFEC2249
001C21E1
FFF4E837
FFF1005D
FFE950B7
FFFCADCD
FFF907FD
FFF4A3BF
000811B4
0023D82D
FFFCD5D8
0024BF60
0044F803
001800E3
FFF4E4BF
FFF66ADC
001070BE
FFD616F7
FFF3B320
FFC5757C
FFEDDD82
FFDABFA6
FFFB28E5
FFDA6C3B
003C365D
001FA886
001ED977
FFD326D6
FFE8B5F7
000BA425
000A05A9
FFF4E9B3
00352018
003024CF
0007DDF5
0024D09B
FFFECEDF
001884AE
0026BC16
0012761B
00091C0C
00289F33
001B2FA9
FFE49CD2
0009E581
000C819B
002CD3FC
FFEF4597
FFF2F4CF
FFF38C53
002889BF
000BCC4B
00058185
FFE23BB5
001E8962
0034F6D8
0010312C
0027B5E7
002AED9E
0014B7E9
0021A0A2
FFF85E9B
00085D90
000315ED
FFE6E4A8
FFEDDF1F
000DF08C
002734B1
00082AFB
000B5DF9
FFE7B94D
0007D3FF
001F1F33
002D765C
002C9A78
002A258D
000CC3A9
FFE46A03
003A18BC
00655218
0007F50E
0042B1E2
00432812
0005E871
0037CB0A
001CCC2F
0042DBF6
FFF83527
00332FDD
001179EC
001B9EC7
004E686E
004AB5CB
FFFBE10D
FFF72DB0
FFF463B3
000427FB
FFCD0B5A
FFD19118
00408E0A
0025E2AA
FFC81EE8
001FD772
FFEE2CC1
FFE380D8
001CD421
FFE2FFAF
FFD9E7C5
FFEAAA32
00342F50
FFE1A588
0030F3DF
001EFD78
FFEAFBF4
0002D26C
0006E5C1
FFBCC1D9
FFF22A60
001D95DF
FFE93F51
FFECE94F
FFFE09BB
FFDC45C9
FFE9A0DE
0020AFDC
FFF1721C
FFDF3A9A
FFE0423E
FFED2347
002028F8
001A20CA
FFE6131C
0018810D
FFFB1ED5
FFE3AA59
FFE2A7C3
001335F5
FFFFB5A9
0017825D
FFF1D0F4
001AA9FA
0024010A
001F8652
FFD9EFC1
001F50FA
00000827
FFFF7DC8
0004D6E6
00141700
FFF05719
00151227
FFEAD0AA
00207006
000B7366
FFF66C01
002C0CEC
003550F0
0035ACC6
000FCDF7
00172005
FFE5C1FB
FFF1B3FA
0015FEC1
002DA0E2
0004E672
FFF27B5B
002E8343
002B9234
FFFBF5EC
FFDF5161
00209F1D
001B8F1E
00197460
FFFA9F51
FFF4134D
FFE4FB67
FFE6A833
000D2A21
0010AFD8
FFE6F59A
0013BF97
0029CFE7
FFD9AAD8
00165ACC
FFF492C6
00099AFF
000240F9
FFF8627C
00329A85
FFEA9EB9
0033F0A2
FFC7DBA1
FFFBF9A0
FFB72354
0040DC53
002CF240
FFFDABAB
FFE17522
001A2FC7
00220530
FFF98ECE
00006289
FFF38D26
0007F0D4
005E40B5
FFF81775
FFD29392
007015BE
00111AD3
FFF38DD9
005710CB
000C4BEB
00308456
001144AD
0039D546
0039DEDD
FFD20907
0012EDBD
004E285B
FFD8F6B3
00298A18
001AA1F5
FFFA1E23
0018B1AE
00100CBE
003077FB
00225251
FFEC6CE5
FFEDA597
FFE020F4
00242747
FFE37882
FFBA0AC2
FFE5E155
FFFAC938
FFCA233E
0054B407
002AB3E2
0042A1F0
FFECF015
00183361
FFD505AB
FFD449D0
0024C09A
FFBF4D2A
FFB38645
FFFB9115
FFD9FBD8
FFCA1C23
00270CF7
0027D411
00284B3A
005101FF
FFCA1F37
001BECAF
FFFAD16F
003AF669
003FA929
0008CBF9
FFE7DB87
FFDB1BB0
FFE5A3A4
002D318A
0008446F
FFD7FB1E
FFED61E8
FFFBE08B
FFFB044A
0001F23A
FFA1BB4E
FFF952DC
FFD92DC2
FFB7D2B8
FFFB7E7D
000B46BF
000B0F94
FFFF8FD1
FFEF499C
FFF52573
FFF0D853
FFE39DE7
004FA21B
FFFF5514
FFCCCBAC
FFE86BD7
FFEA9757
001A0882
FFBAA381
FFEBE274
FFB1839C
FFF35B8F
FFEE989A
009A0A16
004BDC2A
000CB658
000B6F06
0090BB8C
000F470D
FFB9805E
FFFC70A1
FFEDF066
FFFE8CDD
FFD2DB55
FFE3E457
00185B92
00378C77
00174354
FFBE9A3D
000FB8C0
004B9F7B
00021EB6
FFDD9860
FFBB1A85
FFD2912F
001F2E72
FFEEDC6E
000EA4A2
FFEAA30D
00227863
00474B40
0054A600
FFEBEAC2
0018667F
FFB932A5
000DB5A3
0042E935
FFD56647
002F491F
002756F7
FFC546ED
0030EF74
FFE012FA
0004F210
0016FE45
0014F1C2
001147AC
FFC6C4AA
FFB51B6A
0002C3E9
FFC9ED0F
00188849
0016CA2E
00427CEA
003164E0
FFD02406
FFFA3B33
00389F2B
00260CCB
FFE11FAB
005297D6
001E8A7B
003D70E2
FF9FD6EE
FFF11CEF
0039C95F
004DE939
0015A309
00187FF4
0015C26C
FFF8BDB3
FFDFFEAE
0007ED49
0007CC79
0017B90F
0045639F
FFA096A1
0004E979
00361117
007099EB
FF9B0F74
0000DF36
0001831E
FFFBCFC4
FFA27555
FFC06D82
002C3FAE
002CC3AE
0021EBD8
0039CF20
FFD38B93
FFB8FA5F
FFEB72A4
FFCED56B
FFBBAA6F
FFE48261
002F9488
FFFC3B58
004140B5
FFDD8FEB
FFDFB1E4
FFBCF06A
FFE5FA2B
FFC99945
00131DB9
000EF83E
FFD39BB1
002E04E8
FFCCE661
FFFE260C
FFF065D6
002D6073
002FAD12
FFF91697
FFFD0485
001FADC5
00336998
00794D86
00211B05
001AB88A
FFFA179B
002E1F0C
001F7DF2
00445CAC
007E1CF7
FF8B7FA3
FF82612E
FF256BDB
0027CF12
00288408
FFC3C1E4
FFC2C99E
FF8EA62A
FFA843AD
0003E6EC
FFF8A23D
FFFE8AF2
FFF5F7A6
FFDD4316
FFDB6F38
00174F1C
002F0C70
FFB2D3A2
00130A02
00060A67
0010D4AA
0009AB4A
FFADB346
0002DEC9
FFA346CA
FFF51351
FFC6E235
FFF42FA9
004E80E9
003B2ED1
FFD49B93
0064F8B9
FFF964F7
FFBB5A4C
00072049
FFAC130C
FFF7FBB4
00332F2E
FFC8F262
FFE71C8A
00409D30
000E92C6
00161A0A
FFD9452D
0005AF43
00017D05
0052DF27
0009ADA5
004B395B
0066E31E
002C51C0
00046932
0017CF60
002290CF
FFD384DA
FFF3FDB3
002F5CE7
FFD85F80
003AC380
00107350
0034C2A5
FFE6D4C7
002EE571
FFA6E126
00B1C8FD
FFCB2464
FFE58598
FFC14C46
FF895AEC
FFBE335D
FFB1D15C
0000968B
0035D34A
FFEEC799
FFF2C57D
0004EFEB
00436537
FFB7F10D
FFCD3F25
0018644C
0010242B
FFDEF25D
003714D5
FFD70F6D
FFE22BED
00123026
00307B40
00317DCC
FFF3D5A2
FFA19F6C
FFC9DE61
0061F9AB
0017D713
0037571A
FFD823A9
FFF91FBB
001B140E
FFCAB23B
002049E4
0029FEA2
00205E82
001C7FCA
FFF322E9
00099E48
FFC5BA2F
FFDA1379
00398DA8
00119898
FFECAD16
00006DF2
FFC2EF11
001D4B40
FFC5FC99
FFDD4D56
0029FD1B
00393645
002941F0
002B20DC
0024EC07
00052814
0030A3EE
002C6009
003152A9
0037BE2A
FFE4D72F
FFE7B3F9
FFE98425
0016910E
002FD95D
001B2C49
FFEFF723
FFDC5339
FFDEF783
002EC693
FFD1ED01
FFDC9CB9
FFAC5CD6
FFF3211C
FFD97A58
FFEDCC4A
FFF5FF97
FFE51C24
FFBC1F62
001B8200
00283E76
FFF18198
0003AF11
FFE186B8
FFB0E799
001E84D1
0053AAA5
00092321
FFDF26EC
FFFAA4BE
00582B3F
FFFF67D3
003033BE
FFFD9422
FFE26FA5
FFF9FEA4
FFD1811B
FFDE21D2
FFDFADBE
003C6200
00395409
FFD9667B
00002593
FFF07B75
002207E1
005B0C7B
FFE1B65A
FFE70FDA
00694DC1
FFFCE1EF
0004952D
004F3492
004367B7
FFD897D6
00036981
FFFE2F0F
FF9B2D1A
0011F854
FFDEA6F5
00549722
006C0FE8
001E7D77
002DF701
00120DBD
FFAD55CE
FFB18342
FFB404A9
FFDCFB31
FFC6D9E4
001F7CD9
FFDB2C52
004A0574
003C6F85
001D1B82
FFD9CE94
0037CFAA
000FAB1E
00415BC0
00103D02
FFF2032B
000E932A
FFF0B3A7
FFBC1159
00422E45
00491ADB
00525BB7
FFD56961
00025E49
0040964A
FFBB4EB0
FFC0B5FF
FFD0531F
FFE33570
FFE2062A
FFF8DFC2
00193584
FFEFDAEF
FFE959B0
FFE92200
00186B6A
000870B2
000A053D
00230DD3
0011D4D6
003A7A54
005CD845
FFCACA1D
0025EF24
000CC961
FFF5C5CF
FFE2CCF4
0065CD61
FFD66F10
FFC23279
FFF860D2
00593E07
FFF2CA8B
0008C2DA
FFF78FD1
FFA08AB3
FFE0B4BC
002602D2
FFE517D4
FFD513F1
00105C9C
FFDF8D23
FFEBD14D
0047A700
0064DBDF
0034A839
000B8932
003A9B98
FFF7F4B7
00202144
FFC2262C
FFFF6250
FFD1FAFF
00150C6B
00422D9D
00006C6C
FF898487
FFF03D43
FFD318AF
FFEF79D3
FFCBA196
FFE37711
0015EFB5
0014DD39
FFD07BFA
FFDE362A
00030EAA
0020C893
002CD1E4
FFE0BB11
003B42C0
FFFA132E
00A46C04
0005124C
003FE1E3
FFFF41B0
0046D82B
FFDF6624
000E1176
00139F5B
002C842B
004F83E4
FFD70809
000E47A8
FFE0D863
FFDA3C5A
FFBB46AB
FFF966A7
00373030
FFEF98DD
FFED4CF9
FFF201AF
001972D3
FFF891C0
001AF9A7
003B2768
003F2C26
0006D76A
FFE16BE3
00623341
001158AE
0020437B
FFE2607B
003AF6E9
FF899F84
FFB76374
FFFF2268
002CEAC1
0064C6F6
FFB95DED
FFE0D405
FFECAC32
FF62153A
0025908F
FFC47261
0032D795
FFF6A2DE
004A0D7E
00385E27
FFF8B91A
001B692A
FFFCE763
00099829
0004D634
00018A74
0038EAF4
003F5880
004A849C
FFF74AD7
000E7DF5
000E9968
FFEA06FB
FFDBC8C4
FFEA701B
0002B427
FF9A4AE8
FFED0C0C
0007AD3C
FFB3BC85
FFD1E866
00256EDB
FFACB776
FFAFCB99
0005249D
FF847DFC
003DAE87
0015FDF8
005ED0C5
FFBBFEB4
003F3044
FFBC87DF
FFA416FC
0046E607
FFE41430
FFBC451C
00186AF5
FFE71010
00092EB2
FFBAAF77
FFC5A41D
000AC907
005C4D32
00374314
FFE4996A
FFA3A2CD
FFE0F00A
00465E05
FFD54F54
0022676E
002BDD83
FFB4A1C1
00389EBD
FFF13841
005E797A
FF9931C8
FF6667CF
0027DE61
FFEE2303
001C2A8C
FFDE478B
0008849A
003E2191
FFD16A70
FFF2BBD8
FFFD2FB8
000A750E
FFDF64E4
FFED9C50
00190997
000EC689
00031C92
00339A89
0010B2AA
FFCC3AE3
0005E3D8
0009A22F
000875B2
000785AA
FFFD5A98
FFE455F4
FFE45D1E
FFE87745
000735C9
00118677
FFE68BE9
FFF3DF6E
FFE754C9
FFFFFBB3
FFF92873
0011A127
FFEB6757
001DB51A
002C9BCC
0014FF93
FFC477AC
00008990
FFF20F80
FFDB15C4
FFF1AAAF
000C2375
0018404B
003167A0
003BFB8F
FFF3B673
002608F4
00051286
FFC78DBF
00091C0E
FFE92601
FFE811DA
0016950E
00282027
000096AC
0004AD1C
FFECC574
002DC1E4
00020F44
FFCF7659
0025F238
0019F3BF
FFF1C237
00328B8B
000C04CA
00181512
0028C0A9
FFE6E83D
000BCDA2
FFCE66F2
FFEEDDBD
003CCF54
0048EEFD
FFF039A6
FFDEDEAF
FFF50B1C
FFF8E13F
FFDDC4E7
000A1D0D
FFEC3E1E
FFFCC4EC
00027046
00145B73
00065011
FFF16E3B
FFF46636
0021564F
00004715
0015D030
00200482
FFEE0F65
FFF9F593
FFFEC01A
FFFABB3C
00163F51
FFD8CA89
FFDF2FAB
000EC6F3
FFE938F9
0016B408
FFF7840E
00204481
FFFE37FA
00018048
0018022E
000D3679
0008D72B
000B777B
FFF7E2DF
003200B1
FFFBE08E
000D7DF1
FFF0932A
001FD164
0012816B
0014198B
002446BC
FFE776A2
FFE03C08
FFEA8E56
0016E8DA
00250B28
00234419
001BE18C
FFFC8562
FFD77BDC
FFEDA499
FFEAEC97
002798FA
0009BC13
0018A745
FFF65F8F
001D81B9
FFFA6749
FFEAF52A
0009816A
FFF4D958
000760C5
001DC95B
FFFCDC24
FFE228E0
FFE2455F
FFEA6FC7
002EAAB1
002EBDA6
FFC5C83E
FFECFF6E
001BA203
FFD92260
FFE182E9
FFF0092A
FFE86D39
00023AE8
0001F10A
FFE834FE
0031B4E0
0011BDEE
FFE80171
0034ACB4
FFE53559
FFF0A96E
FFCD7E27
FFFF2A92
FFDEC6FB
000C310B
FFE2786F
FFE10740
001DCCE1
001C630F
FFDF4BB0
00169327
002B2872
FFF1370C
00069542
0023DC0A
001F1041
FFF48525
0010D41F
FFDEE549
FFC432E8
001D5DCD
002155DE
00357BFA
005A44C1
FFCA77FC
FFB73BE9
00418006
0014B210
004145D6
000D437E
FFB5EC95
FFAB8363
FFD763E0
FFEA2716
0037DE11
FFC11051
000EC2DE
FFD1571A
FFFE68CD
FFEA449F
FFF61A4B
FFE1C6E6
FFFB927E
002CC085
00154B33
001D2450
002B2A57
000C6568
FFFB4259
FFF39438
FFF738B9
FFE4A321
FFE7141F
FFDF53FE
FFF42104
0019EA89
001E220E
0035F8A9
000A45A7
FFEB28A6
0006BEF8
0017ECA1
FFDB304D
00065BAD
001BAD8C
FFD9B8ED
FFEDA0A6
0024B179
0004FF9B
FFE94027
001F4E9F
00145B46
0010C3EF
0002F29A
FFE3B94E
001CD7C1
FFDEBEE2
00281C5B
0027D0D2
FFCF7927
FFF7B512
FFE11311
FFE336DC
002B8A4A
002DCDBD
0033CB63
00338742
FFE3EC10
FFE3C664
FFF886A3
FFF1BEB5
002C9611
00065CC8
00073123
00130268
FFFA87D7
FFFE4D6A
FFFE9AA4
FFEDE0B7
0018E279
0023CE11
00055AB4
00158724
FFFC52BF
FFF2CC2C
FFFFEE65
FFFBD173
FFFE1CC3
FFFDE616
000C62D8
0008749E
FFF22CED
FFF02E8A
FFF4797E
000106AD
FFE16251
001B4C7D
FFFFFD22
FFF715CC
FFFBCDD2
0017C0F7
00189020
FFEBDE1A
FFFDCD47
FFCFE470
FFE91F37
FFDA372A
FFEE62B3
0031A5A3
FFDA0653
FFFB3551
FFF96177
001428FD
0003A2DB
001BF861
0001B35C
000447F0
002AC306
FFF385C2
0003DC17
0010F640
FFE59B8E
00265F89
0005649B
FFF103F5
00136538
00335C7B
0025556E
FFE68420
FFE6196C
001C3962
001995B4
0021825D
FFE8EAB8
0026C8E8
FFD6A6AC
000D4F9A
FFF192CA
FFDBC54B
00004BC7
FFEDFC8F
FFE0D609
0010E5A9
FFE9A979
FFEDB050
FFDDEC6E
0022D9D5
FFEDB07F
001C8293
0002C154
00157F36
000B91E4
FFCE8B9F
FFCBD70A
000BD52C
FFFF9F9C
000155BA
00297678
000556EB
0009B850
000DD70B
FFEC58E2
0011E3E4
00458A8E
00010249
FFCF9FA2
003AE592
FFD7A6D5
FFF20F2C
0028218F
001296BE
FFEBCFEE
00269484
001AAAF1
000F0A1F
00164E86
000CE80B
002376CF
002650D2
0019369D
001DE0D9
FFFE4958
0040D087
FFFD6A8C
0024C8B7
FFE3D9C1
001A92C0
0003277F
001C7F3F
FFF6F6E7
FFC09145
FFD61904
FFE351F6
002E27FF
001808A3
FFD6F674
002F72FD
0024CD89
FFF61A6A
0013794B
FFFEF7FB
FFE03210
FFFF8A9B
000A9D4A
0006CCD6
FFC5C0BB
000BC1F0
00236C81
FFF2583E
FFEE3E20
000B2F1D
001F26B6
00008FAE
FFCCCE44
FFF8E873
FFF0B0F6
00153194
001226D3
000459E0
0000444C
00096D1A
00174D77
00159366
001A3A60
001128D4
0001659B
FFD97CFA
FFD02977
00068627
FFD3F2B1
FFF73A88
0009B396
001D4FED
00133B09
0002DEDF
001A5FFF
00099155
FFFCC69D
00094E44
001E0D32
FFF7764F
FFE559D5
0014E1A6
FFF8A09D
FFFC1061
0022F59C
00302F45
FFF027DE
FFDAFC96
FFDEC7D4
FFF3EBB3
FFEBE9A9
000F4489
FFF6DCDD
0021AE30
0023C648
FFE69321
FFF4C3BE
00182A06
000CFE34
FFD5564C
FFEBCB3E
FFE7E93B
FFBF0D2F
FFE9944A
0018E4DC
FFFFBD11
0008C5DA
FFE92493
FFDB28DF
00183FA5
FFE3F9E5
FFEF6E2E
FFE6C8D7
00010791
FFF1CA65
FFED31A1
0022F4B7
FFFA0476
0005C16B
FFFD8761
0018D29C
001B3A91
000C6843
000B32F5
FFE589D8
0019C67B
00090E38
FFEFB88F
000030BA
0037AA25
FFF36D70
00037B6A
FFE8E971
00293C14
003455E5
00377127
FFF7448C
00166B8F
00104BEA
FFD7E653
FFC95C1C
FFF29E93
FFDED6D9
FFFBAD9C
FFFABCF9
001A7A1D
FFF8ABE6
00139DE8
0003E1C6
00145113
FFF9FD3B
002A0704
001AB7BE
FFF6A397
FFEA5562
FFD4F1C1
FFFFA288
FFF3C878
FFD78D05
FFEA9015
000C689C
FFFC4E42
002FC215
0018040C
FFF9EE07
002FEF3F
FFD39AA6
FFDC9683
0018C689
FFEC40C2
FFEEE335
FFF8AFB2
002480D4
002BE46F
001E9CA1
FFF35633
0002AA20
FFEB0CC2
FFFA3EF3
FFEBC0B1
FFFAC995
FFFCA028
0010B8FB
FFF6E946
00117275
FFE2CE69
FFD73849
000225C0
FFE67A41
00021A35
FFD5EAA6
0034EBDE
001DBDB5
002026C6
0017113C
001F9326
FFFE428C
001D6145
FFBEBC5F
FFDB69E4
0014216B
000B7512
FFD6B453
003005DF
00018C12
FFD390CB
FFF0650C
FFEE3BEB
FFFF5B2C
FFDC20BF
FFE0CA72
FFF2F5FF
FFF0BD62
003955A2
000D3212
FF92B22D
FFD212C2
FFECD572
FFC2536C
0058E67C
00042BCE
FF98567A
002013E4
FFFF8A8C
000BDAF1
00212603
0017E232
001EDE00
FFFFDFCD
000371DB
0007B054
FFBCFF0C
FFFE08FD
00113243
FFF0251C
0009BFEA
0013FA44
FFE2EA2D
00238920
00152BBB
0007DE38
FFEBF4A5
FFD68676
FFD7494C
001AAC4E
FFB55087
00316891
00119885
0017A5C8
004149EB
0000E581
FFB94AEE
FFF31768
001DF5B5
000B4CAE
00384565
FFDDE181
FFCE1485
005247B0
0046DA99
0011B74B
002AD7E5
FFDA18AC
FFB9C466
FFC99259
FFEB95E9
FFEFCFB7
0019656A
00368999
FFD36896
FFDF13AE
00495BDE
FFB9B9D1
FFF4A638
FFBCC64F
001B68A3
0002883D
FFD88419
FFD9099E
0019CD7F
FF90B47B
00174D00
007FD7CD
FFD555D5
FFC50862
00107ACE
0014D182
FFCF8443
FFE1C51E
00513351
001C8CD6
FFC246FF
00231895
FFEAE03C
003302E6
0036E711
006F0AF3
00371A68
FFF55324
FFB90EC8
FFD12179
004961D8
FFCF70FA
00547E3B
FFE450E4
0020189A
000B5E7A
000329ED
FFC78F84
FFE2ACCD
FFB59752
FFCBB5B9
0043FF98
003BF39C
00786FA3
005498FB
FFC567CD
0043EFFC
FFBB8B16
FFA5E67D
0048062E
00464C5A
005BBA4F
FFAD005D
FFF9671A
FFDB52A7
0031BA16
002214DB
00117131
FFC59C44
001A7438
FFE5A54F
FFF781E0
003C5251
00216BAC
FFBBF92B
FFDCB3F8
FFD6834D
0038DDA6
000137B4
FFC80D2C
00432394
FFD7A4D8
00414743
FFE9F2A6
003A9EEE
0010542D
FFE6CC44
FFF7F2C6
FFB575AF
FFDF87A6
FFDBAA7F
0030F1B1
FFDA0132
FFDD30A0
00358889
FFA1374D
0037E831
0040915A
006857EC
FFE13615
FFE680C5
001B6275
0006A98A
FFBAF3C2
FFD8C369
00164594
005FB37E
FFF11AD5
003A6B4A
00128944
00AFA74B
00217167
004F8AFD
003502AB
005B6681
002A61FD
003DA825
005FFD6B
005FF794
003DC215
001D8EC6
FFC41D9E
002BE1EB
002AAFD6
004B72C6
003A1B5C
00098F90
FFFE286D
FFE62B6B
FFB3260D
FF8FE709
FFCFF8BC
FFFE5C3E
FFAC4D20
0016CB3C
004E5DEB
0019146C
FFC01529
00048C07
001B79BD
FFAA587A
00067158
002485D0
FFEA5681
FFC276C5
FFD39F2F
00227CD3
FFDF30CF
FFF2E6ED
FFDECBB4
00331ECE
FFDE3EBF
FFDBA5D6
FFF57A3F
FFE914B6
FFEC0D0F
004187E1
005876C7
FFEB71F9
005C0B6F
FFD5097A
FF9FC012
001ED98E
0033D061
0042E887
006A2FB4
FFB399CD
FFF65633
FFF697E9
FFFF74FB
FFFF443C
FFFD6246
FFB1BEDF
00167F86
00235E4A
FFB9B5E4
002AC32C
0029DDCE
004226BC
FFF36EC0
005711DD
001748FD
002097E2
00031436
FFCEEB33
FFCF7F1E
002DC3E0
FFD2CEC2
FFD61A73
FFD48D52
00063A5E
00204812
00658992
004462B0
FFA667FA
FFF12BD3
0034FA97
FFB3DDCE
FFEDC0CC
001FDF72
FFE838FB
FFD27119
FFBD5159
003147CE
FFADF56D
FFA596CD
FFEA5263
00409804
FFF9D656
00526443
FFF5861E
003C702F
FFF5A4BC
FFE6E034
FFD34F84
00072DA8
FF8ADB79
FF7F30A3
FFC1E895
FFDE47AD
0006BD1E
FFABABF3
FFCCDED1
FFE42EF7
0032C889
0002E451
FFB7FE17
FFC3C18A
0079FC85
FFD82E92
00180669
FF79D75D
FF9E4234
FFDF2C99
FFD2BA83
FFD3B65C
FFE51BE7
0042F455
FFF7BAD1
00111CE9
FFDAECE0
001CBF97
001F24E6
003CE348
0018E1F1
FFFF01C4
FFEDF74E
FFC6C43E
0045A4D3
FFDA60E5
FFE44BA2
FFECDD26
00341011
000F341E
FFD40498
00985744
0026F246
FFE390B4
00424E41
00373CD8
FFBA27EB
FFB751B2
005D497C
FFF92089
003FDAF3
FFAE2235
00413D4D
002C1282
00147C69
00383FAA
00058DBB
0004344F
00437BB9
FFFB55E6
FFEC0A89
FFDC2180
000E9B62
0002DEF7
006FE8D4
00237AD0
007CF3F6
0062C016
004B02C7
FFEF2053
004DFF54
00326E92
001B946A
0005D0C1
FFF4FE22
FFFE840A
00158EA7
FFFC279A
001AA38A
001BD70F
FFF93327
0003DC03
0044D1E7
FFC72125
FFB6A189
003F073B
FFFBF634
00190D26
00111A62
00486278
FFCB1D1E
FFFFFECD
0047D2B0
FFFD6EC4
000483AD
FFE31E60
000EFEF2
0039B0B4
FFC2F707
002F67F2
00314CD7
0025692B
FFE2B9A8
0043B9E4
00345D80
007AFE44
004A97DD
001970D5
001D45D8
00334961
00375D69
0007F777
004FF51D
0019CF2E
FFEB28E6
003D5E7F
00036125
0030E0A3
0001BD84
0039DD62
0053ADF2
00000008
0000C122
00518D8E
000CE00F
00246FEA
000FFEA7
00435FDE
FFF67C28
FFD5D618
FFF610CE
FF9BFDFF
FFE2A952
0064DF37
007223B4
00286290
00069290
FFCA1DB4
FFDED79D
FFCABFD4
0001E95E
FFC7290F
002A17F9
FFF141BC
FFC3E096
FFF8B7A0
FFE713F9
000A3457
FFD1528A
002CE41B
00649D60
000A73EB
002D11C8
FFDFE57E
00298243
002ABE74
FFD5F69E
FFB9A7D0
FFF918B6
000CDC42
002D8B23
FFD41B8F
FFD8AB46
FFEEF404
FFF9B3F4
001C215F
FFDE98C9
FFBEB64C
FFADCEC4
00221F67
FFFA71F5
00089CAE
002FDD48
00721AFE
002E4540
001D76B0
0033F3BC
FFB8EAAD
FFC209D0
FFFCE1CA
003A7846
00228E79
0067D812
00401497
000E6D07
0071DBB1
FFD87632
004CE92A
FFD11324
FFE1D91E
FFE8F363
FFB59AEB
FFE29AAC
00387DD6
0019BE39
001B932F
00191F39
0020395D
000422EA
002DEA31
0002CBC1
0026D9E8
000AD285
FFDEE1ED
00394F03
0006718A
0030090F
0009EBB9
0001D12C
FFCCA622
00049959
FFD588E6
FFAB0A90
FFE51D25
00357525
0039DD43
FFE38B2D
003739DD
0036F322
003411D4
FFCA416A
FFD40C46
FFEF1DC4
FFC33873
FFC0F2ED
FFBFCA0D
FFFFEF37
006513AC
FFF35FE4
0024D7DC
0059C701
002BB7D7
004BA0B6
00368D20
001F6C5F
FFE9A771
00313F52
000B8C88
FFCD8F56
0031DA55
FFD82962
FFF38715
004160C5
FFD50FA6
002DB779
FFEFAE88
00269202
FFD58FD1
FFB66552
FFE887A2
00120667
0005322E
FFCEDCD8
0011DB3C
FFE06D72
FFC8D7E9
001991AA
0043D8F4
001823DA
FFE9BE53
FFFBD497
001A376A
FFCCB9D5
002440F9
FFFB1A2D
00530BFA
FFFE3DFE
FFCE176F
00095613
000C7977
FFCAF6B4
00171804
FFC60465
001F55EF
0002D584
004CE1F8
00202CD4
003C5DB4
FFE8BACC
FFDC92A0
0026F4F2
FFC7F9FE
000F08AF
FFD64A2B
0009DE4A
005429DF
FFEABC19
00422268
FFA9632C
FFC6DA75
FFD6A414
FFE816A4
FFD9D2A0
000D5F56
FFA365A5
0020088B
FFD74D45
FFFFFAC3
FFABB6F5
001B84BC
FFC6BB8B
FFA1E14B
0019BA68
00264A0E
0018DFE0
FFBACCE4
0000FE84
0014D01D
0052E273
000139D1
001B2F73
002E8AC6
00207701
FFFD209B
003A36AE
00299F2A
0025F03D
FFC74F13
FFB535C0
0022985F
0042D9F6
0020C07D
FFC8C439
FFDCF4F0
0009B0BB
00180B93
FFEFE490
002C335D
FFD80D72
001FC617
005532A4
FFB68E41
003E622C
FFAFF0FA
000B31FD
FFDDEA6B
004B9806
005C2D1A
0024D71A
003FAA06
00557B14
002A82C1
000C298D
FFF6105A
002FB80E
FFE41D1D
001170A9
FFEA745D
001901BF
FFE6DC97
00176F00
FFF537E8
FFF03F08
FFE68DB6
FFD82874
001EC863
0007745C
000BB4D0
FFDF11CD
FFDEAD36
FFEADAB3
002FFCCF
FFF3B1F9
FFF97963
00096112
0044F65C
001E9AAD
001641A8
001C1FD3
0006B436
FFFF1B6A
003139FE
FFFD24D8
FFDE3D7B
000F89A7
000A5834
0020E966
FFEA1CB3
0027D526
FFE3D3E6
FFF01A8D
003C904F
FFF7154B
00004D99
000A809B
00141042
00062C98
FFEAD0AA
FFE7F792
0020E848
00133FB1
FFE49362
000A2C6C
FFEE709D
0016C5A4
FFCFD6AB
FFFB99EA
0014AECC
FFEC41A5
FFE2E1C1
FFFAF8E8
0008D1AF
0024940D
FFEC78BD
00173440
002AD980
0028612B
001ED2C2
00071A52
FFF77EE8
FFF7A1DD
001CF95A
FFED23CC
FFD188FD
00208376
FFDBB961
00135D00
00264F5B
002708E8
FFF94483
0027F665
FFEE2C9D
FFE8B039
0034ADF0
FFF99E6B
FFFD08E1
00246C26
001E5647
000BD281
002A9454
00300637
000F0D04
002FF32F
FFF41BF0
0029FB64
00243721
0002664E
00328D3A
FFEC083B
0011DA5B
001BE1D2
00214CCA
000E1FB9
FFCDDD4E
FFE4BB60
FFF20A8C
000C0202
001416FE
FFEA51DB
FFD6B7EA
FFEA1A45
002CF511
001047ED
00237F82
0014CD78
FFEFDD28
FFF9C9CE
FFEF7587
0019FB08
00318C9A
FFFF3EB9
FFE12A91
FFDADFA1
00261E77
0022D762
003BDE69
FFE67E4A
FFF3885D
00269F21
0020F4C0
00080C00
003FD3F1
002E82EC
FFF99CC3
00160FDA
000E85BE
004CA982
003B6192
00164426
FFF26D7C
000A33FB
0032D6F0
00006F45
0027C5E9
0031A40F
00053166
FFDEF58F
00004C69
00356741
00270C8D
0014468D
000A3D65
002DEFE4
000C6412
00078D64
0033387F
00225916
FFF9B1A7
00006069
FFDA29D2
0017020F
FFDFBE03
FFDE6D99
0026225F
0035F6C1
001266D0
FFF1BCFC
0013EE31
000E7BB1
001326CE
002418BB
001E0564
00161A51
FFEE2B50
FFFCC05F
FFFDE51C
00196D96
FFDA2E62
000537FB
00082F55
002C7F1F
001FEFC9
00227AA8
FFAED826
FF9AC679
FFCF15F2
FFEEB155
0038C583
FFE34D81
FFF6E21C
00039FE5
001CBBB4
000E8F4D
FFFA6A7A
FFF95612
FFEBB692
FFDA0676
FFEFF9B0
002EBAF0
FFD50814
FFEAE676
00287AF8
0011611F
FFE0543C
002503D5
FFD527A1
000CAE87
0002174D
FFD41735
FFEF3A5D
0011D5A6
FFF508FC
0027CBCE
FFFF008E
0018CA22
FFE51DF1
FFE8BD2B
FFF0B39B
FFFB187F
0023EF28
0014C841
00147FC3
FFF35A29
001F59DB
002DF653
FFF6FAF6
FFF10FA6
FFF32572
FFFC9458
FFF9B741
0000501B
FFDE22A8
FFE18358
FFE8C9E8
001F899D
FFFDD6A9
0020A339
00043433
00105F31
FFF3A511
FFC979F7
004B5FF6
000A9047
000B1D35
00419DCD
FFD8534F
FFE43FEC
000A084E
0014A95F
0002717C
00099B61
FFFEEA9F
FFF650C5
FFF579B3
000A60A8
00234A4F
0008257A
001688B0
FFFF6490
FFD42DDE
001A42DC
00293B05
002A242B
0010BC0F
000B5165
0006FF2D
FFE43FB2
0006BB2B
0018212F
000B02E4
FFFE287F
002C52E1
FFE46CB2
00214B5A
0039AC42
FFFB0EBE
FFE3F0AB
001BD286
0039B133
00244F29
00396A5B
FFF8DF22
FFE6A5EB
00075A3B
FFE50C3C
0014B57B
FFF6E961
001BE7D6
0024A4A9
00077E93
FFD816CA
FFCCB080
00123000
FFFB1942
FFD5AB4C
FFEB8833
0017D8AE
FFD45885
FFE68318
FFCBCC74
001C20C1
FFFD79EF
FFE5B917
FFE353FE
0015BF4E
0036A116
0022A3E7
0019E78B
0010F3E7
FFF48AB7
FFE664BC
FFF78ABC
FFD99B8F
00237E7C
FFED90E0
FFE55327
002EA0A9
001324BD
0003AF14
00189511
0021C9B4
001BA4F4
001AAC81
001A2AFC
FFCDF431
00191A97
FFEF7E9A
FFF0F4B3
0025621F
FFF88E0F
0017F6E3
001195E1
000F930E
003833D3
FFF3F28C
000CDE7E
0006AAC0
000D204F
00200284
002AF7F4
FFEEDED6
00018A1B
001B8BCD
00123575
FFFC8D7E
000C872F
001491E7
001745A7
FFF4C932
001B8AF2
FFF713D6
0002176B
003E0610
0020081F
00032492
0005269F
00303E3C
FFF55AFF
FFF53D3C
0008C544
FFD894ED
FFE42535
FFF2E1A7
00013515
FFD7FBF8
FFDA35F0
003BEF82
003537DC
00165149
FFF73A45
FFF42B33
00062BA8
0003C544
FFFB6021
FFE2C768
FFDC89DB
00263FA9
FFFA8801
001D8F76
FFFC8AE2
FFF34718
FFEB92C1
FFF8D0EF
0033E672
00361465
00165F36
00091877
FFFE24C5
000C8E19
0018DDC5
000A350B
001E4F82
FFF5F024
00218232
002AAD43
0019CDBD
FFF72952
000A4232
0024F52A
00293741
FFF109D1
00206A8C
00035F2D
002955CD
FFFB2E4E
0015A0FC
00025EE1
002D880C
FFCCC0B9
FFE6AB50
FFD99ED2
000A79B6
FFF0A60F
0025D683
0019197D
00326F6A
00064D26
000EB1D4
FFE31CD7
002598A9
001EC939
000C31B8
FFE984F9
00250A37
FFD1EE90
001323C9
002663F7
FFE9AC1E
00113824
00188A43
000DDFA3
0012C1D9
00084F59
0027F8B2
0012F4F4
00013A25
0012FE72
FFDE36E6
0000B14C
00307CEE
0000F4C4
FFDFF334
0035B1F8
FFF73CFE
000697A8
0011AFEA
FFEBCCDF
FFFF4542
00041456
000D4FEA
002616AE
FFFBEF9B
00167B90
001D312D
002A4F8B
FFFE18A6
000FDABD
FFE33E92
000F6027
001ADA91
0014D13F
FFEFB95F
003B57AA
FFFE7A11
00386B6A
00114BA0
FFF324E3
FFE7CBEA
004B1CAA
FFEB9877
0004D30D
FFE65B6A
FFEED78B
0013367C
001E73CA
FFF5343B
FFFA2A0B
FFFD42F1
FFFAEAB0
FFF8D2C5
FFFD162E
FFFF1458
000D563E
0020C615
0001673B
000AF6A4
00363ED9
00365DC6
FFF83A27
FFE6691C
000B3C99
001EB408
0022FD77
0009600B
00076215
00004AA4
FFE9C699
0014950B
0029B412
FFEDB3AD
001487EA
FFC842C5
00220F51
FFFA9336
0009FEDA
0013FD32
00190731
000229AC
0017D2D4
001A050A
0007B2F4
00192B45
FFE5C1EC
FFD819E6
001BD6F9
00092BDF
004287B7
00282FA4
0042348B
FFF19EAF
FFE75ED0
FFFEA2C8
0036344D
000DC52F
FFFAE1E6
00328E46
00195DE5
00142724
003DB7A3
001DC126
FFFAF817
002E4B66
000E3A49
00384297
000F8F85
002AF5F2
00205C1A
0031234B
FFDA33D2
000FD15B
FFF1F23A
001815F0
FFFC7B8D
FFE5EBC7
FFE93DCE
FFE93302
FFFFFFD6
00253DF6
000D5B3A
000AC388
00475E07
00430C5D
002181FA
00347C24
003A5733
FFF97A64
FFEF7ABD
000298B4
0032FD79
0016E530
0024C58F
FFE09EDE
003FA4EB
0017B43A
FFD741A0
0029EACF
FFFC3EA3
FFE0C441
002C4B6B
000E180B
00287B67
00285892
FFD93E95
001C79F5
0005FF1D
FFFB3E12
FFF7E277
FFEEC8C7
001045B2
0020F7F8
FFDAEEF4
FFD494C6
FFE6CA96
FFF59E1E
FFE9FA03
FFE91767
00170327
FFC9A937
FFBF767E
FFF4F009
0001C359
FFDB6A0F
FFC43566
FFD696D1
FFE527D2
00125ABD
FFE74013
FFE572EA
001275F8
FFED7065
00108967
001151F2
004647CF
FFEC3990
FFF2460C
FFF08BBD
FFC43BD3
0028A79B
001D5F9C
FFC2B72A
00323CFE
000C68D8
000E4464
FFCAD5C7
FFC3A3AF
001EFDDE
001B73AB
FFEF7912
0019DC59
001F35CB
FFE89D31
FFC74221
FFB5D423
0008F264
0036842E
0003CBDE
001470DB
002BCF4B
FFC32D9F
FFFA5061
001332A9
FFD50A13
FFF89AAD
FFF1DD1C
003D374E
002D002A
0037CA4B
00336D3B
FFF26EAC
FFEDAD80
FFFB8142
000BAFC4
0044AD8A
FFEDEE03
00425CB8
001E150B
00117942
001DE960
FFBCEAC5
001F9F0E
FFD0B77E
004288A3
004D0D81
0022B6A1
00138ED4
FFDE09CB
FFC13886
00362871
000A7C5D
00414CA7
00104C7A
002AE190
FFC63B88
FFEF75B6
002D9274
0025D328
FFD5D4DE
FFF21A91
0007C8B2
00341B3A
0024B241
FFF90589
FFD03C5D
FFDD2FCD
FFDAE44C
FFFF2D34
000178C5
0001DFA1
000892B8
00209F30
FFE47F43
00100374
FFD5D938
FFE32FFD
FFDCA434
FFD4544C
00045C19
00196F34
000228AD
00275229
FFF6C837
FFEA1EBB
0021DB0E
000CB532
FFC8F6FC
FFE8B74A
00082DF3
0001B0D0
FFE217C5
00188DDC
0022FAB9
FFE2237C
FFE69FF8
FFE71C01
FFEDF073
FFF80508
FFD8A4EE
FFE87302
001C9F72
000D8E44
FFD3CA5F
FFD5BA86
00467677
001F130B
FFDFF26D
0002EDCC
002E2D6E
002DFBFE
FFFADA18
FFB0EE7E
FFE39F3C
FFD5DACD
0003DDE5
0010E13F
FFF8B151
002239A0
000A52D4
FFDDB1E2
FFABFBCD
0006BD83
FFFA5B49
FFC04048
FFF91AAF
000D2A3F
001D3173
FFD4589B
FFCD9E92
FFF57C11
FFAEC212
0026D587
FFB86350
00409450
FFF9FE75
FFD98799
FFF3EEE7
0017BC1A
0003EFEE
00179EA3
FFCB893D
FFE52CB1
00157E21
FFD4B27E
003DE59C
0048B49C
003356A0
0028C3A7
FFE7FCEC
000BA3E6
FFF9D459
0010B5C7
00677B0C
001A73F5
0022DBE2
006043AD
0011F8B3
FFA488DE
0025974C
FFD59AAD
FFCD9AE6
00023650
000CACD9
FFF2C1CD
FFF59008
FFFC48FF
FFFCE986
FFBD115A
001908DD
FFF6FC4F
FFF933AF
00040173
FFFC961B
00010D83
FFD4F845
00045506
001BA05E
FFF3EE9C
FFCD3248
00154BC5
FFFBB2E0
002C1916
00068C6A
000126FD
FFCEF757
0037E7B4
FFF051EF
00089326
FFF0AED3
FFDFDC21
0009F738
000DF8DE
FFB25533
FFFB5F42
FFBF9CEF
FFBCED95
0020EF8F
0005D091
0008CE09
004452D8
000CB3CD
FFEDFFFE
FFD23770
002EB44D
FFDC5D06
FFC97988
FFDA3276
FFEB55FA
00044127
FFE97FB3
FFD0C40B
FFB5C71E
FFAA140A
000F37EF
00147F13
FFFD4207
FFE54ED1
FFCF03D9
0049F5A7
FFF0E473
FFCC9159
FFB92915
FFEA7CA5
FFEDE8BC
00145CEB
FFD2E862
0006D989
0005DCF2
002F9DC3
00152A14
FFD23C00
0020E842
FFDAF9C9
002AE882
001FC6F0
0033544B
003A4A45
001F36AB
0012063D
000F88D7
00137193
FFF1AC88
00072AFC
FFF8F34F
00410ED2
0049AE17
0006D19F
0034EFF7
005FE361
001183C9
0001834C
004AA984
0027E305
FFEDD95C
FFD448A7
FFF263A2
002A11CC
FFF1A73C
FFD98310
0009DFA6
FFEBA82F
FFFC9801
00006809
FFE2CECB
FFEF01FB
FFD2647C
00179F6E
001DDE7A
0017132A
0034147F
0023CCC3
003F9F80
0001CD10
000C7406
00231851
00001F5E
00184675
FFE074CB
00090D36
0021C3A7
FFCFA43C
0004A498
FFF02CA9
FFDC652A
00237AF7
FFCD8156
00099D7D
FFFDBA62
0003434A
000EEE8A
FFE92F69
FFD2FEBA
FFCE79EB
FFDE2BAC
001F65D0
00395283
FFF16525
FFF75EED
FFFE339E
FFFB8168
002FBCD7
00198A1F
FFD095C4
FFEEF660
FFE5BBEE
000F53E1
0044853E
FFC01975
0045DB87
0046802F
00333CCB
FFDCF564
FFFA8524
005883B3
001D8FB8
FFFEBBE9
00331250
0024294F
0024773C
002677A2
FFF2A2CD
001F1BF6
0010FB58
0051EA6D
FFEBD51F
FFC77990
FFDEBA68
0015CBAA
FFF2F3C2
FFEB2B84
00228532
0007FC7F
004D76F9
0011D3E8
00067679
FFF7CAB3
0000BDA7
0063FB25
0000BF98
001A75AB
000171BD
001CAD4F
00015939
FFDF8E6A
FFEBE70B
FFEA5DF1
FFFA2A59
FFB814F7
FFFCC9AB
001EA701
0031401E
00485DCA
FFDB3E57
FFC960DA
FFE62F80
0016914A
FFD1C70B
000E797A
00295A95
0004E894
0005E5C7
0018CC16
004855AA
0039A847
003749FD
000E93AE
FFCCE99E
FFDD7D05
FFDC531C
FFEA9B72
FFFC50D1
00290B44
000CAB2F
000899B2
001F3D55
FFEFF878
001FAC71
FFE23676
001CC166
002F3CC9
001C42C7
000160D5
FFE0C13B
0000F51E
00012424
FFE05107
004D6CAD
FFE8991C
002CE73A
0030952F
FFF7CA3D
FFF876F6
FFF2B1D7
FFE67791
000C4634
FFC8FBD5
0009C176
00194664
FFCC0D3B
FF97B088
FFFA71E6
00089039
FFF4404B
FFC4A80E
FFB9F807
FFBDA9BF
004FBE06
002EB62C
FFF0D1C3
00128D44
001E32FB
0018B2A9
00346C42
004D4DE7
00089FB7
FFD1F4D5
FFE099F5
00120379
00278A5C
FFFC5127
00291D08
FFE19EEA
FFDF9399
00068691
0015B62C
001282B7
FFCEE4A3
FFFA49CA
0008415E
FFC7EECA
FFE30759
00848E2B
00218E33
0052000F
00121599
003AF2E0
0081E4AF
002334B4
00512A5B
FFC8C852
FFEBE6FC
00018BB9
FFD2FCAC
00105E50
FFE8A300
FFE9E692
FFDB71CB
FFD30D58
003C5AFF
FFDD4C63
003C446D
00171512
0024696C
FFEBCF88
FFC643F2
002301A2
001A9550
0029A9A2
0045EF20
FFE5211E
00158F09
0036C302
000A18F8
0027C5B5
0007A143
FFC599A5
0004E1F2
FFD9961C
FFC79A2B
001B463B
0032A8E2
001BBFE8
FF84FE31
FF855931
FFA90591
0002D63D
000C7CE2
003CEAB1
FFFC2B28
FFE30DBE
002387A5
00011505
00015D3F
001BDC53
FFEAB18F
FFD892EC
FFCA6C11
00555FD0
002EEE31
FFFBAD31
001AAEA1
FFDBE68B
00172A71
FFF04708
00263FC4
FFFFB553
001BDE49
000EA4DE
FFF1B875
0023D236
FFCB7374
FFCE5AEC
0005BC0A
001F2B3B
00237EA3
FFD2D828
0045FDDA
FFAA9307
FFABC1D1
FFEA27DB
FFAC88CC
003C7EBE
002CCDFD
FFE73F9E
FFD9D557
000644D3
00091A57
00395C45
0014E573
FFCAF1AD
FFDC5EC2
FFC7BF84
002DF341
00811D51
00584F72
00293E46
FFD0297F
FFCC66F4
0009DA8B
0015128F
FFC4F2D4
FFFE17B0
FFCF9173
003B86E6
00206A53
FFD97B13
0015BC5A
FFCE53B2
0003165C
FFEE7483
FFFC24DD
0012D6B0
FFF69AC6
FFF4E94C
00035F2D
FFF22AAE
001706D1
FFDCE24D
FFF27AA4
FFFEF136
0014C136
FFCEC8C4
001E79A2
0027D41A
FFD72EC2
000CB403
FFE4A3A6
001BC385
002375FB
FFDFB5F5
FFF403A1
0001D4AF
000B8C23
002A5597
003542AA
0023CDB5
0024B61A
FFE32B97
00143A0A
000F55BC
00281F44
001DFDBA
000BD93F
0035534F
0024E2AB
FFDB9E3F
000FF164
0017E057
00053818
FFFB098D
FFFA1B0E
004094F4
FFE6C6CA
00036DF2
001AA19D
FFF4AB08
0039F0BD
FFDC7372
0006CB09
FFED4C59
FFACE943
0019A1E2
00075335
00399A8A
0032159D
FFDEFE97
00059CF9
0023F9FD
001928D6
0012F0DB
003537C3
000B781E
FFE39A44
00471D4C
FFF2A554
002CC153
FFFEDBC7
00024A24
00128A35
001A0418
FFF6B014
003F0191
0046CC1E
004542D0
002A4062
0027B5B3
000E6064
FFEC42D2
00220A34
FFE61F6E
003239A1
FFE462AA
FFCB5218
002FE656
FFC831BE
FF9BA4E5
FFC85919
0001147F
00017AE0
0001E554
FFE03A3A
0040AEBB
FFF5A0FE
FFC153E1
FFECBEC8
0022980B
FFC4E5DE
002FDA2A
FFE0DB4B
0009771D
0020D08B
001BE031
FFEE5CAA
0019F8C1
FFF238CB
00242630
FFFB3B25
FFF6F2E7
FFF69CC0
FFED24D2
FFD262B2
FFE9827A
FFF3F57B
0017B20D
000EACC4
004784FC
FFFC1C65
00012852
00448AD5
000F62CB
FFE81160
004FD4D7
0041A5ED
0026687E
000445B0
00097549
00034D87
FFCC10A8
001EEA1E
001DD3FC
000D0CEE
003B4C69
FFD79312
FFD76821
00106FAF
00261E45
FFEC941B
0002B236
FFEF7A7F
FFCB655E
00105C1D
FFE4FEB9
FFDC8FBE
002AF6F3
00040FFD
00153AB7
00211ADF
00101564
FFD17670
FFEC91DF
003344C3
FFFB73E0
FFF4B2DF
FFF590CB
FFE5D038
0048C753
FFD1321A
FFC7AF74
0020CCD5
FFC2569E
FFE85F0D
0009C293
002CFCA8
000A6B86
0036EA46
001C485A
002FC566
FFE10BFE
FFF8E8A1
FFFD2EC8
0008B1BF
001B545A
000ADE37
FFEA8A65
0059A05E
0000E88D
00075764
FFFA402C
FFD6B0DE
FFFC3678
002455A8
FFD4A20D
002419BD
0046AC68
00256081
FFD1A33C
005883C4
003AB192
003B3C1D
FFA97BBE
FF570B2C
FF8DCF01
FFFF61B5
FFB56D38
00142CA2
FFA3BDB7
001292F1
FFC38C45
0033A794
0010FD85
FFDD9D42
00245638
FFDB3FD3
FFFDF3B3
000A40DB
00088A11
00235FEB
0013B8BC
0038B11A
0025E9D7
FFF26A57
001A0492
FFCAF824
FFF40514
FFEA70B3
000875B8
FFEC2CE3
FFFC0449
FFE75253
0014BAD1
0019EDDE
FFF8153F
FFD6B7C3
002B971C
FFDA120D
FFEEB721
00310C3A
0043A2C7
FFE8111C
0001D804
002FB5E0
FFCF2B40
000DA1C9
FFDFA63E
003B14BA
00175465
FFEFB6BA
FFDF93DB
FFEB47D0
00035500
001D4C67
FFFD1782
FFE2C846
002E78BF
001C481A
00217E9C
001169CC
FFC8F87B
FFFD3B8D
0002DE3E
FFF10AAB
0001688D
FFE90DB8
0014AEFC
002BD947
FFD124F0
FFDE83E4
FFF7B32F
00060294
000030AF
FFFB21F6
FFDEDE61
0045206F
FFE7F3B3
00140DFF
FFEE3FC0
003F37E5
FFE4F424
002011A6
0018D243
0003F4A6
002DE7B4
001A9DE1
FFE3E70B
002B1DD6
FFE9E9A6
0017AC08
0010E0D9
0005BFC2
FFF69FEF
0016410C
001E6AC1
FFCEB67D
002AB9FC
00322F2D
00173A00
FFEA2773
FFFC0B5D
0044B025
FFF375E1
FFFDAA4F
001A68ED
FFE510E3
FFF7ECE6
00275469
FFF83680
FFED6577
0033E40D
FFF91317
0015637A
FFEC98A8
0037ADBF
0026ABCE
0037E281
FFE7295D
003EE708
FFDCDBBC
FFFD9951
FFFBAF63
FFFAA69B
FFC2C189
000A5886
000A78B3
00347E4E
FFEF3C7C
FFD5EF7E
FFF1E3EF
003AF70D
FFD0ED85
FFEE6819
FFF70745
FFDD75C8
000EAD7D
FFFEBDEE
FFD24AE2
FFFB0A62
FFF22AFF
001BA684
FFAAAEE9
FFBBB1D6
002C71FD
FFD25CCA
0020AD7F
FFBFD929
FFF12129
FFC9214F
000CD3B8
003630A9
0020AE6C
FFD2FB4E
FFCE72C0
000364BD
FFD53B0F
0053DF7D
000FF8DE
FFF2AA44
00203C45
000AC6D6
FFD537DB
FFFE43DD
FFB6D705
00178AC2
0043A27B
000CA299
00019D2A
002E9FBC
00161DB0
000E1FA7
000DBFE8
000773A0
0002C9D0
001B2010
005F56BE
FFEE8207
002DA9A4
0051BC7E
00190CF8
003E7C00
0027B4F4
FFD2CFE1
FFD29E1D
FFE11532
00069CB3
00048F1A
FFF98C47
00027080
FFD14CBE
FFE54834
FFC195CD
FFE669ED
0045DF77
FFC5F2A5
FFD2AFB1
000ADBCE
FFCD16D0
000FB101
FFDE4424
0013E560
FFFF36C3
0016E2F6
0016DCE0
FFFE04C4
002A8AD4
FFCAE9F7
0027176B
00151F97
0001552F
0016D221
FFE74AAB
FFFFCB82
00279F2E
FFFE5379
0027055C
00434D5E
001C8AC4
0025AEE5
00278905
000668BA
FFFA3038
0000EAE3
0056B409
000B1397
FFFFB993
00478B7A
FFDBE3CC
000C1474
000F759E
FFF74464
FFF42C93
0018A406
001E5C2D
FFF54631
000DDB64
FFD0F395
000E8206
003236CF
FFED30EC
001A5C00
000DB790
FFF049C8
000A5875
002660E6
002604AF
000C73FA
0004B57C
FFF77EA1
FF767414
FFE876A9
FFFD1AF1
FFC157A2
FFCEEBA8
000E9FF2
FFE4C597
FFF4CA7B
00084173
001076B2
FFF636ED
FFCA8CD2
002F2A2C
0007DEF4
000D03BB
0020E567
000492B1
FFFC5D00
FFF486DD
FFDED1E1
FFF053ED
00272C00
FFDA7E3A
FFE5A80A
FFF4361F
001564A8
000E16FE
003140AD
FFCBF694
FFF1615A
FFE9EF11
0020968E
FFC76724
00068F84
001722AE
FFE44BD5
FFE70DBD
002BDAEA
00107648
FFFA7C70
0032D0EB
FFF28E42
002D3A97
00341E6D
FFDBCE9E
FFED1C48
FFE52BED
00246CAE
0010FB3C
000D15E3
FFEE41EF
FFF9C90C
004B70FF
000A2232
002DC802
003E166F
FFE948F5
FFE1AF3D
001D70A3
001D567E
0018E76F
003CD681
FFDDA0DA
FFD88456
00352841
FFE84BE5
FFD3E035
FFF36712
0012A7B2
001338A5
000D0F68
FFCA8024
FFFF0CDB
0038B907
FF9FB6EA
00034414
FFE09FCB
001E8594
000AED0F
002B94B1
0016A11B
001BEFB3
002F7B86
FFE7DE7F
FFE92BAA
0028ECBA
0010C52C
000FC2A4
0038166D
00010489
FFF55E7F
FFC16BE5
000D4DD7
0002189B
0012018D
FFDCE8A7
00422B97
00324553
FFE745F5
FFD04D0F
FFC4BBC8
FFD7BE1D
FFD7D506
FFAB51DB
000D3239
005ADF7E
0038B82C
FF96FAC2
FFDC21B3
001506CF
FFF7A9EE
FFF4E3C2
FFC691EB
002DF8A4
FFFCF984
FFF8C8CF
FFE7A0EB
0017224D
000F62EA
FFF30B25
FF7C5A9E
FF9B00DA
00083E80
001C479F
0037A15D
FFF9444A
FFEA825C
FFFF6801
00058544
FFC4CA6C
00119134
FFEF05DE
FFD06B88
006493AB
0028EEFE
FF9C2F0A
0000D604
FF9D22BD
002B45AE
000B7EEE
000A6339
003A3BF0
0035D4C9
FFC76ACE
00084A3B
00019347
FFFDAE42
0013A2BE
0002B921
FFE72B85
0019C87F
00045AB1
003408DA
FFFE966A
FFEC18B2
FFC4F017
FFAFE232
FFF7169D
FFB39AA8
00337475
003C7637
FFDB8777
0042B88C
FFF87746
FFE5C6A6
FFE76B78
0016876C
00164AEF
FFE4599E
001266DD
FFC1DBCF
00206366
001D8E07
FFD071C8
0012C317
FFF89D14
0050DEA0
00062E32
0018B72D
FFFF594B
0027C41D
FFFEE998
FFF2D125
002E124F
FFF96D78
FFCB8940
0008C768
0049D5AE
00293B86
0042AE60
002E4ECB
FFECC79F
FFE44D5A
00307890
FFE487BD
FFD64792
FFD54C98
FFCFF7DE
002D2D95
FFB88C0F
FFD9ADF8
002148DD
FFD4AE75
FFE02815
002C990E
003A5217
00350C60
001BBB99
00028025
FFD524E6
FFF56737
FFDBD3AA
001972AF
FFD4BB9C
FFBE84C9
FFBCBE72
000AA39A
000C5370
FFC0B17D
0035E8AE
FFF4D7D2
FFB9D533
00283AEC
FFFF571B
001458FB
002C0E3D
FFED73AE
000165CA
0022FCC9
0036CAD6
00143F8C
00136F8D
00265465
002BC923
0018AA9A
001573A3
00099A65
FFF0C30C
001D9F80
0036DAE9
FFCC2829
FFDBA5BE
00270339
FFEFDDD3
FFEEA9D7
00117C50
000B7020
FFCD20D5
001E0CA7
FFD5F9F0
FFEF4521
FFE97465
002DE440
FFC9FF2C
00091077
FFBAD04C
003B84F0
002C116E
FFB5F7BC
002A0E83
00282D8B
FFEF1409
FFEAC3AA
FFE4D93C
FFDEC9DA
0012BBF4
00185C8E
003BD1A4
FFEBAE9F
00017818
FFFDBE2B
00189052
FFEBC2C5
FFA2E20F
FFAF5E03
FFA7A889
FFEE39BA
000C89DD
FFEC765D
FFD572BC
FFDA24F2
001C311C
0021CC22
002E0F95
FFFC89FC
FFEB17BA
000D8DC3
FFB152F1
FFF1B40C
FFFC71BD
FFE7DAB8
001A584A
FFD24AAD
FFDC40EB
FFC5514D
FFDB9AAC
FFC4D7E5
FFD36657
FFC6D69C
000388D7
FFD59CE3
0038D938
003C1CAE
FFFDF852
FFCB9706
FFCCDF2D
FFEC9A65
FFB8B379
0005F944
FFEB2E1C
FFE1949A
FFB34362
0008C448
FFFFF5A6
000F89C9
FFE8AF91
0018CA3B
FFBE87FF
005C7875
FFEEE93E
FFD63E71
00190D41
00186531
FFF57BCC
FFC9C4BC
FFC6DD53
FFE73F33
FF253828
FF8C9CC8
FFA11615
0002E08A
001E13B8
FFEBB96E
0042335E
FFECE4FA
003BDA24
001D7668
FFF4583F
FFECB328
FFE55DBE
001BF7A7
FFBA1B7F
FFE1208B
000ACAC9
FFD56F98
00261114
00034C9B
000BDA48
000BA136
00306E1A
00124442
00284F24
00498AE2
000A420C
FFDCD854
0035068F
00400661
0013AD18
000356B5
003C9F5C
FFD04042
FFE34356
FFD6433E
00316804
00043287
003EEFB7
002C3B16
FFAB7DE7
FFDADEEC
001418C0
FFE8CE8C
FFD7856F
FFE16C7F
FFD9F6B7
FFD36A45
FFF89BC1
FFE65520
FFDE67D0
0012A5DB
FFDD4D48
FFFF93EA
002DA0AF
FFC4C099
0027A103
001AA7E0
FFC0F6E4
FFF18FAE
00148B51
002CEA25
FFE0C488
00099811
00522364
0046959F
FFD7D805
FF641441
FF9FA695
FFE760C3
FFD9B139
FFB01D04
FFC82DFB
000181AB
FFF03D69
FFED82BA
0022809E
00358446
00139537
FFFDE1B5
0021D544
001C0CE3
000E313E
FFD3172B
00070C79
FFEAD785
FFD09EDE
002BBAE4
FFF7951E
FFCBA4F1
0027DDFB
FFF60931
0017F99E
000B7AA8
001E9260
000403A8
FFDF6EAA
FFDAF704
0010A6FC
00357392
FFD25A4D
FFF6A0C3
000EABF7
FFD221F9
FFC5E54E
002A500B
FFBF552C
FFF265E6
00272F38
0013195B
00007671
FFF495C2
002A2D79
0003B24C
000FB346
FFF3E809
FFC96A01
FFBEE347
FFD26074
FFF03174
00097ED6
0001D61F
FFDBB407
003AB1D1
FFE0B90E
001DD24F
FFD7E764
FFF98903
00229D54
0027E94E
00017062
000B354E
FFCD7127
FFD3C080
001674E9
FFF3BFFE
FFE8D0D4
FFD0F8AF
0016276D
000FB97D
FFD82BFC
002DFB0B
FFE09F14
FFEABC79
00046351
003354F0
FFE991F0
0038F3B2
FFE51F53
FFE824D9
003693FB
FFCDBDC2
FFDE8B22
002D9FBD
002506FA
000B4BA0
000C3BEA
002B0E02
FFFF553D
FFF84F2B
FFDD9C7D
FFFF8ACD
0005D180
FFF72377
FFBAE786
FFF20186
000D7A56
FFD11E02
FFCD5F26
FFEB1BC8
00030EF8
FFE6DAF8
0033DEC1
0005FDFE
FFF46AF8
00035A9C
0003FBE8
FFE9ACAE
FFDA5BE4
0014D1AC
000BA824
0023866A
001A29AD
00293CF8
002FE057
000338D3
001905C8
001AC2DA
0014D294
00102AD6
FFE5C1C1
002FF535
FFCE3596
FFFE08DB
FFE57CFF
0016F9A6
002DD8E8
00218570
FFEB39AC
00178798
FFC3E12B
005689D8
FFEBFFEA
001FB9AD
00139ABD
000A94DB
000995F1
001E05CD
003CE0FC
004F2BE4
FFE2BC22
FFE46207
00374F9D
00322A03
FFF7766C
0020C105
FFE6366E
00147BEA
00119E14
001D1B94
FFE7BABA
FFB68E92
FFDA929D
FFE6337D
FFD29C34
FFE7415A
001C259D
FFDCBFCD
FFE65DCA
FFE5CAD3
00199E35
003EC1C0
FFF3923C
FFE71F7F
FFE017B5
FFAA389A
FFDCD54B
FFD5A619
0002AEE2
000AAB29
00000BA4
FFEABB08
001021F6
FFB727FE
FFFC78BA
00001A02
FFB5C2DA
0036368D
FFFABE41
00020D88
FFE79D78
000501E0
0005E5CD
FFD13A45
00238642
FFC358B6
FFB9BF14
FFD6AFBE
001DB6CD
FFFC59A8
00534993
0023599A
00151118
FFFBDF77
FFFE2BF8
00158421
FFE39139
000D5A08
001D45AD
FFD097B5
00005DC6
FFE2CF11
00083FFB
002CF5D9
002202A6
00053673
FFC19A5A
FFEFE57F
FFC69A88
00119BD6
0056579B
001A8F10
0032E85C
FFEF1EDF
FFCD3B9C
FFF4A9AA
0008225E
FFDC799F
FFDBD98D
FFE4C86F
FFDA7489
00050E2B
FFD407B0
FFD2EDDB
FFBE9CA7
FFD7CE46
FFA8243C
FFDB7408
0012CC95
FFE86CF1
FFCD8B88
000A28A7
FFF2CD9E
FFE6A940
0013BCEF
00072C65
0040D345
FFD6B587
003553BB
001BDBEE
FFF0D87B
FFE162DB
FFE584D6
FFC590EE
FFCAC7D1
0001F904
004E3EC8
FFD7C91E
FFFB047C
FF8D508E
FFF7E684
FFF8C144
FFAB58DD
00166D4A
003C5B46
FFCFF370
00280448
000A8413
000B4FB4
001D480D
FFD77C3F
FFD96AF3
FFFC3DA1
FFFEDB0B
0049CEF9
0021F313
FFDD7729
FFC8C2AD
FFA6D41D
0040DF1B
FFDA42EC
000D931E
0025540A
FFF06D87
FFF7FC40
FF9254E5
FFD871DB
FFCBB52B
FFAECB30
0009D9A6
FFEDC8A2
00415FB9
0068AE34
0056B2F3
FFDB82CA
00314CC1
005F2284
0014550F
FFD80B4F
FFD04B17
00097DD6
00000DB9
FFE0E200
0040E0A1
FFB7735A
00391413
FFE3AF8D
002288CE
FFEBEA44
0059A3F3
0021EA58
0018D015
0025020B
FFE05053
00337E9F
0039923C
0003ACE1
FFC773EC
004C4B81
FFC3FDF8
00564915
FFFE5E84
FF4A98E6
00338BB5
FFCC0A2C
FFC37CBC
0026B0E3
FFAE76C9
FFC0CE61
FFE74E72
00221627
FFD59EFB
0018142B
0023E2D3
FFDF896A
FFE90180
FFFE31EA
001F99B9
00380EBD
001A5363
001D2B3C
FFFA5164
0003DA89
FFE6787F
001427FC
00207254
000AD417
00159818
FFF543AC
001FB8F1
0027F3D8
FFEA6851
0014E5F2
FFD7D1D3
FFF22549
004BD9D6
0041A90B
00066475
FFE21268
00120852
00350E91
0007AB7A
00291C03
0023640F
FFC7D7E8
003459D7
00509D45
000AB9A9
000754DD
003EA458
0002CB41
FFEDF253
FFFD4FF8
001C84DF
001622C3
002D5780
004D85A4
00448FBF
00075D61
00265E0A
0028F550
FFD5DC86
FFDF81C2
0023530D
001486D8
000C2853
001BB826
FFE0E240
001DDE52
00398D69
FFFCC22B
001B5E18
0025039C
FFF4EE49
FFECE0C4
003061A9
FFD1B4EE
000BDFF4
001A1E83
FFCFDF5C
0032BB94
FFF57627
0016E9F4
002487DD
00140856
000060ED
FFF76256
FFDEA5C1
002B20F8
00329C74
00065AB8
FFDAB263
0010B7E1
FFB9950B
FFEFCCF4
FFF00DE0
FFE6BEA5
00333668
FFD67A19
FFF87AC9
000F1998
FFEE29EF
FFE53DC6
000D8897
FFF94D14
001BD99E
001BE53D
00082331
FFC93291
0016C551
FFF39764
FFD475CE
00226301
FFFD73A8
00051E30
00243CA2
FFFE8343
000FB362
000B2CCD
00238902
001DCCB2
FFF14C15
FFF25CB9
FFEB7F20
0017154C
FFE09F53
FFE2098B
0019E32C
001B672A
001D8A39
FFEB4BA1
0006E43A
000BF648
001047D1
000A99D5
FFE8D751
FFE17C50
FFFC0E5A
000B5D69
FFD6C166
00089C6C
FFD72CF3
00046A20
00066BCA
FFFBB94A
003B0BDD
0032ADB5
0039EF2D
002C9BC1
FFE2B4C9
000DB8E0
FFFB3CA8
002D4DDE
003E5723
FFEF6649
00244478
004E5B01
FFF5490B
0027192C
FFEADBA3
002DC94A
00298C18
FFE4A90B
00172068
002A85B6
000B2121
000FA02D
001DB342
FFFECA32
000D7067
FFD4302D
FFCB3C40
002774DA
FFE4AAA3
001C2C13
0022DCEE
FFF94F5B
0026BBE8
FFFDC455
FFE2E59E
FFD5BD86
FFE1C487
FFF48582
0036D65F
FFF771DA
0029E5FF
002961A3
FFD461D2
FFFCE4B8
00079629
0006DA14
FFED889A
000BB078
0010A704
005594A5
001E2895
005D43BB
003C4B1A
0072C311
004A981A
002268C0
00569554
0010091B
FFDC265C
FFDC1A22
0018B4EF
000ADAEA
FFF39A44
FFEA5387
FFD0699B
FFF9A444
FFEAADE9
0000A139
FFF93DE2
00239286
FFF48EA5
002D338F
0014C3B9
000A529D
002FA424
FFED1582
0021EECD
000B5183
002736FE
00075558
001A7D64
0025CD7B
000AE591
003B77F0
0007D663
000AEE56
00270CA4
0003A510
FFFE2D6A
FFEFBFE9
0025944C
FFBFDBB8
FFD74A16
001ED60B
0012D9E6
FFE7CEEA
003150CA
FFEF8776
00120252
FFF32727
0011C363
000858FE
0019045D
FFE93309
0003D6E3
0043FD26
FFBFADE7
FFB88F14
00191864
FFF22EB7
002E6E1D
0013A1C9
FFDE2048
FFEED1D2
001F1D30
0008816A
0031FC27
001E9206
0002550A
001E613E
FFCB569B
003C4C82
00071727
001A7997
FFE699CD
003B5885
003D85F5
FFFFC76F
000552E4
001D6434
FFE1BC7D
0042220A
0016F235
FFFEC2D9
FFEE6A7A
000B9F9F
003B8203
FFFA5EA2
001DC0ED
0008DFE6
002F29CF
00028289
FFDE485E
FFF1B1E6
00282CF5
00146EC0
FFFE7AFE
FFE9BE0D
003335BB
FFCE5DA5
0014BE49
00271AA3
FFD59E9B
0004D18E
FFE7E5C1
FFF006B4
000BFCBF
002F4526
0010A232
001304A9
0025841B
00226323
00130E0C
FFFD6DB4
FFCB4407
FFDAE3BC
002AF49E
0018D65A
000ACFD7
0034C90E
001CEB2B
FFEC6BC6
0027C384
0020BFBB
FFDFB7E4
FFF29941
FFD16CEE
0024D8C1
FFFD275E
FFD85856
FFF78F72
000C8A82
0015FE50
0028F0EC
001FED3F
002BC366
00181CF9
FFF4E92B
FFF8633A
002008B9
FFFE1E0C
00052E95
0024C636
00010C8A
001A1571
FFD27558
0009FA72
FFF67284
00179CE5
FFFFA273
0021253A
FFF5349E
00041F8E
0006DB11
FFF4F12E
FFF006F2
0030F0CC
FFF77EE8
002BC6DD
003AFCC9
003CF0DB
002F646D
001312B1
0011BDF4
00180347
00363042
00110C6E
FFEB7877
000E64D0
0033BFF2
FFECB907
FFFDFF82
FFE7016B
FFFA320E
00166E89
FFFECBCA
002F064F
FFF88D91
002AFB5B
0022C4D4
003D7FC4
00035CFA
001C95F5
002BBC53
001AA35D
FFE430BB
001DC71A
00034931
FFF586A4
0025ED0A
FFECB4E6
00329300
001D1023
002EF9BC
00300DCD
00177B3C
0032EA2D
FFFF90E5
00274B46
002486F7
000F22E3
0013E19F
FFEBA154
0020A63C
FFE77E71
00253541
0020378A
001EC68B
000ECC80
FFF12A94
001CF07E
0028667D
00253CAC
002DE5F6
FFDD32D8
00000942
0017E073
FFFDD078
FFF2A87B
FFD7550C
FFF63960
000BE358
FFF9A225
002AF819
FFFED1DA
001E60AD
0029BBF0
00352301
001500AF
0030E2A3
FFDBD764
FFCA021C
FFD9E3FA
00064D93
FFE97ECA
0031B76C
000020F5
0020108D
003631BD
002E99FA
FFF38E5C
001BF178
FFF88337
FFDA7EA4
001229CB
FFE62164
FFFA77CB
002B8254
00213EBF
0008F801
FFE71604
FFDDB15F
FFF7F5D4
002414B3
002D9A19
FFE8D855
002241C6
0032EE9E
0036E1F0
002DEB0A
001E668F
0022973A
00480D06
002EC7D4
FFEA2BEB
FFD61E5E
FFDF21C6
0012366D
0001200E
FFD3513E
00129DF6
0003B303
FFDCC911
001D4509
0025224B
00272C62
FFF658A3
001CAF7F
0028023C
FFE94DE6
0044F2FF
FFEA4329
003FE689
00097E4B
FFFAC660
0000A9E1
001DF281
0008A025
FFDFC332
FFF92B8C
00161CD3
FFFB4E7F
00323E51
0032F07C
001B2963
000A886A
001A7E05
FFEF452A
0020D084
0025881D
FFDC499F
000770A2
001AF427
0009C3FD
FFFAE781
0020B7C9
FFE6BCA0
00083382
FFE1003D
0017C640
FFE99C2B
FFF26EB1
0019DA4A
FFCF5989
001AC470
FFF7A7EE
0001F743
FFEEE569
0023FE18
0003FDD7
FFE430B1
000905C3
00149224
001B92E5
FFEA3D95
000A78EE
FFDFCF5F
FFDEC078
0004D0A3
FFF0B761
0023AEB4
FFECDCB9
0001C6B0
FFF88421
0027E56F
FFE2730E
FFEB2123
001BF9BD
0032DFCC
00226088
001FF2AF
0008CAB9
0040BBD2
FFD5DFA3
001D0F11
000744D3
FFFA4F8A
00175DA8
FFE80A7F
FFFC9905
FFF38C9D
FFDF4722
FFDB5C20
0007C828
0032CF32
001910BF
FFEEA4B3
0036DC23
00262D4E
0023F771
001926C3
0029D5F8
00102E23
FFBF346B
000EB7E8
FFE7F8F0
FFF28211
FFD1BDD1
FFF113C3
0011E1D0
FFE42FE1
FFCF25E3
FFDC8BAA
FFF96A61
FFD37C1F
FFFA2A87
FFF45ED8
FFD87449
002D3197
002F33A9
0042FBD6
00094E9F
0018D11E
0035F2D0
FFF81186
FFFFF55A
002975F5
001AB5B6
0029EB0E
0022F578
0037569A
00023E68
00296EB3
0016F236
0024935B
0023E568
0037C821
00618FD0
00353114
FFF5DBEF
FFC79554
FF87B58C
000EADA4
FFA731EF
006FD742
001C201C
007EFEEE
FFB2019A
000BA4C4
00BA7B40
004E42A2
FFFF6FF6
FFF33805
003437D3
FFCEE32D
FFECF675
006544AF
001D8151
FFCDEF78
FF5A5460
FF962C6B
0026FE3D
008E1603
FF8C1FFE
0076F8BB
0056183B
FFD202F6
00180D7F
FF761151
FF3D9B78
FFE9900B
00C80140
FFF6148A
FFAF8707
FF75E215
000973BB
002E7106
FFDA09F6
FFDDFE90
001687DB
00140A21
00499E12
FFA56942
000BF523
FF79C304
FFED4F75
FFFA23EF
FFEF1B3D
00261D02
0094A88F
005FE4B1
002497D3
FF9F8A5C
FF632057
FF94D08B
00A50215
00670539
FFD63A4E
00134A27
FFDAB775
FFA165CB
FFE0A3E8
FF738525
000784C4
FFD639D9
00008D42
005E9777
0009FBAD
FF527532
FF99CC1D
FFE0D8BF
002D8A5B
FF8BE316
00EE0FE3
FFE7F2AF
00469A59
0100CCA8
005B5684
FFE35B1E
00682C8D
FF5C7B40
0032BFE2
00190E2C
FF522759
FFB52AAE
FFB2677E
FFC83DAA
0086D842
FFDFB7E1
00629B2D
00999398
00A05F0D
FF2C41EF
FFD64F69
FFE41F8C
0039F88F
FFF155A7
FFC5B39A
000A1E90
005263FB
005107DE
002B24AB
003DF551
003BFEBD
00637D66
001C6895
0002E833
FFDE9461
000AEEF4
FFC10E55
001C1817
0080BFBD
FF7FD9E3
0063BD4F
0089C795
00A306E8
FFDC6F64
FF62CC44
FFBACBA0
0001C5FC
00AC1455
FFF5AEC5
FFA5E0F7
FFAAF3D7
0064EBCD
00115C68
002DF5A8
002DCAB6
0086F9CD
FFF8C4E2
FFE8880D
FF74A443
000DC02A
FEC9714E
00B3D99F
00EA9CD4
FF7BF968
016700EC
002C23E1
FF3132CF
00C4CCD5
FFC9AD1A
FFC3D105
FF5BA199
FFFE969D
00579EA8
005E906B
FF924A5A
000D8666
00266B2B
FF902896
000EE26F
0072BCEF
FFE6BFC2
00BEA44F
FF96B226
0028604C
009AACAD
FF6BE15C
004A1BB9
FFF9D1C9
0088551C
FFA90E88
00134108
FF9D5B89
00372A4B
FFE30B0A
00766184
002532F1
002870A7
00A7B7B8
00854557
00175FDE
FFE5C995
FFB81E18
FF708490
FFC3AEA7
FFF90FFB
FFB7D021
FFB00E30
005B8B42
0010BD12
FFA299E9
00682F52
FFE541BA
00BA515E
006ADDB3
002C495F
FFDDFCF6
FFD2B55F
FFE1BC4D
0021F840
0024A1A4
FF730571
00FF0403
FFF59D3C
004A6472
00F5DE5A
009B232D
FF5FB2D9
00491AC5
000A4E95
00219989
0086D5C8
FF8AFFC3
00181AA5
FFFC355F
FF822868
FFE0853B
FFA97218
007B3D51
00192193
0079BD4C
FFBE808D
003D3714
00327133
FF7A602F
00E7D7D4
0037361D
00180C12
00A8FD00
0019BB91
FFAF91BE
005B249B
00064427
FF6A92F7
003F7385
FFABD321
FFAC2F60
0062ED7C
FFC6CDE6
00C01D38
00533652
00330BDC
FF1A38ED
000B216A
FFFAAD11
0089C413
007201B9
00112898
FFFC78BA
0083517C
00AF7A5D
FFAD72CD
FF986C2D
FFA77251
FFA05289
00F6CBB6
FF9C7F36
005975A9
005C8E1E
FFF9151E
005460B3
FF84431A
FFD718A2
FF7C43FE
002FC8A6
0079A274
FFAA650A
FFFE8221
006D7DEE
FF659334
FFC51E16
FFCD6AD9
FFEA5D40
FFB9ED1E
FFDF869A
FFE4E5DE
005E787E
005A37D2
0042F64D
FFD9B346
FE433AC6
FF52E103
00DAC45A
003B59CD
FFE473EC
00132000
0054626C
FFEF7A26
00E8D861
00070809
005ADFBC
FFB509F6
FFF08914
0024D91C
FF903905
006684F7
FF837125
006A2465
0045CB81
FFAEB41D
FF8ABDEA
FFED6619
FF566FB6
FF403985
00772E17
007253D7
002EA240
007FA37C
00A23018
003D07DF
006C88CB
0007A296
FFBE3066
005DADDE
00699A1A
FF99EBAA
FFB30076
0053F8B3
0024C595
FFB414A0
0005C56E
FFECF576
0005FA2C
00096574
0104344A
00CCB886
FFD54F9F
FF7000A5
005F12AD
00540344
00036CD9
008FA117
FFFCEF3C
FFB6F659
FFEF0EB6
0032F829
FF71AE5C
0045E45F
FFFEAE98
FFADB40E
003AB2D5
FFF35C09
FFF1B72C
FF96073E
003CCD17
006AA668
002BB26F
00456529
FFEE3646
0060BC1D
FFD1E753
001BEEAA
FFDC203D
FFBB0BD9
FFDB6C1A
FFE82DF3
FFBC12F3
FFAA1A8B
FFF245D7
FFC3E286
FFFE1888
FF58DDB5
FFB03F7F
0061E01A
008A3DB1
FFB16A21
005466A5
FFFBCCBE
0035C6E0
0025AF5A
FF9A25A1
FF4E01E0
007103D4
001359C1
FFDA2E15
004AA0BB
005583A1
FFAFBC64
00341637
FFF885E1
00294981
001733DF
FF971337
FF25EB8F
FFAE58ED
FF7932A6
00C24A68
009F6059
FF70F47D
FFCEA01A
FF9D95B2
005C7E71
FFF7CBEF
00624FD6
FFFF3CDD
FFA02724
FFBEA081
FFD20012
007468FC
FFEEEC5B
FFEA84EB
FFDDDEC2
002264C4
FFD7051A
FF756618
FFADBB3C
00411E01
0083B7C4
00915AC9
0063C3A1
004B81F6
001D5A1F
FFFE18D7
FF87F4A0
FFFE3A2C
FF29ACEB
FF917CB1
001CDD73
FF74AFDB
FFFC6205
FF32DB83
FF773E78
003FF705
004F162C
00A91C35
0065A461
FFD67740
00346C7F
006D7D38
FF6EBF32
FF929663
013DBFCC
FFE0FF58
FFFD1513
001357DE
0000216B
009324E5
0048B4F1
00134CE8
FFCC6CF0
0023FC2D
00905709
FFCF20AA
FFE15A10
009645BE
FFDCD271
0007A76D
FF47FEB0
005C72DD
FFE222D2
FF53A703
00464EB9
00507910
FF714402
009E4776
0033F52F
FFC5B3F1
FF9370AF
FFE05A57
00054E89
FF8A9B20
001F0F49
FFA5B3AC
00398606
0053094C
0075CCF4
FF7346E3
FFA7FCCD
FFFF5E2C
003E0C4E
00C2103C
00181E68
0062B123
FF9A7624
00FB343C
FFECD9B5
006112C8
00B51FA9
00562E16
FFBB02A7
FFABCE52
00AC6945
00098C56
00448D38
FF9411A2
FF65DA06
00A68BC1
FFCF95FD
0074B6A1
FFAACF78
006276A0
002F2FB1
00A5D6D3
FFB40F0B
FFE298C1
0015F202
FF3A535B
FFF6DFCA
0072657C
0067FB39
00345753
0115E776
004D6C13
00177AFC
FFA708A0
FFE05E42
0009BCCD
FFEAC92E
FFD335F7
FFB0793B
FFC87F43
FFA8D8EF
FF99654B
FFCBABAF
005838E5
00923CFD
FFC48E34
005EC2CC
FF9860A4
FFE3968E
FFDBA30F
003FE53D
00613DA0
006D29AF
0084CC9E
0099B734
FFE8E2A5
FF8677C7
FF889296
FF4C8E8F
00681C34
001DF2CE
00A3E96C
00808D6C
FF616407
003851EC
0020F4A4
FF893869
FF10547F
00DC928E
00F3207F
00B9EDF6
FFCECCC1
FF68D327
00123739
FFCFBF1F
FFC9D26B
FFD1175A
0038A3A9
003F7CCB
FFD01D3A
FF1A434F
FF9AFF0C
FFE3C495
003556B8
FFBF57B8
001B81A4
FFB0CAE0
001933E3
01199888
00F4B70A
FFC9044B
FFEE829C
FFED719E
FF8B6CF9
000C7CA5
002B346A
00E39C5C
FE94ECE4
FF20C19D
011808CE
FF152028
FFD457BC
FFFAF710
FFB592B2
FFF803E5
0014824F
008D48E3
FFF9CF09
00F47F20
FFD10E9A
001671A8
0002B019
FFCEB57A
FFF0E392
00272241
001DEFEE
001AC07E
0021F7A9
FFE0DAA2
0029FD4F
FFCDC34C
FFEE8381
0027268D
000BDC1D
0020207D
0000AEEA
FFE089C1
0006BDF6
000E1EF7
00249A42
0002CFE3
0015E7AE
002A2EA7
0042A052
003164A2
00064C31
0005C61D
FFD2B56F
00350E27
0005E8DB
FFF2A597
00008863
FFFD9091
FFCC1BD6
FFC93084
FFE06621
0013BF3C
0029A13F
FFF84D1A
000D871A
FFCE7F7B
0042B513
FFA3D09C
000059C2
FFD5B074
0004DEED
00188559
FFF80734
FFE2DB25
FFDC8CD4
00349DCC
FFD7DCB7
FFF3D2A7
FFF6A7D0
FFE5B1F4
FFD4BE05
000FB9DC
FFD8E95D
00079165
00008771
FFE685F8
FFFDA133
FFF29D3C
FFF1D444
FFBE8AB0
000BBA0C
0027EB8F
FFEA70BA
FFDEAD3E
0003E2A3
001768E9
00159FE3
0032D6C1
001E3B77
004DA85B
003E6AF3
006246E3
002E9789
FFB6F733
0027DCB8
FFEB2381
FFF4DB12
FFDD9112
0017EAEB
FFEAA8C3
0003BC06
FFF84158
002BA9DF
FFEDDE70
00034C66
FFEE416E
002F5810
002043A3
00290A29
FFE6B309
0015246D
001A5D93
FFEF4CFE
00412475
FFF0E41F
002BBD3D
FFDAD1A9
FFE430CB
00117757
FFFB4520
FFEF0FAC
00095F65
FFD71B48
003D2D7C
00336CCC
FFFD6B6E
00082724
0008C442
000E359A
00096446
001848DC
003654E9
00029410
0016F22D
FFEEBAD0
0016740F
0026F29A
FFFC5BA0
FFE44CC7
FFBF22BB
FFE2D118
FFF583A2
FFEAA411
003B0D8A
FFF73CF5
00057B8A
FFF2C53D
007C97E5
FFE91672
0041569E
FFF14A27
FFC085CA
FFE5654E
000CA548
FFAC0C10
0007A074
FFC95806
00283474
FFFB33AB
FFFE2F6F
0022E0D8
00326FA3
0022C68F
000D26EA
FFFB3EB3
002649FB
001BA58E
FFDCAA2A
FFD5CD3E
FFDA28B5
000361C6
0014630D
006A4324
00061CDA
FFD871B3
001503C4
0030BB6D
003C648E
FFE95DDA
000FAA10
00132FF6
002905DD
FFE87C18
000C0FE7
000BECD9
003D9C90
0046A385
FFE80848
00361687
0010E78D
FFD9511E
001B25BB
0022E188
FFF23BDC
FFEB375A
FFBB2E6B
FF2517DA
FF654679
FFDBAC4F
0021A1B9
001C739B
001D82E0
FFE062B4
001A8A71
00015EA5
0032CB09
0011C4BD
0023BD67
FFC88C57
FFEFD141
FFD62853
FFE0C4DD
FFC8F5AF
FFE5F6B4
FFD6E6DC
FFD438AB
FFE35C2E
001031C9
000449EF
0038F607
00106FD5
FFF2867D
00256F5D
0005A0C1
FFE0984C
FFCD8A9A
FFCB45AB
00001407
FFF4DC64
0007E06D
0019CA1E
FFBF6AEA
FFFF10C6
002EF875
001B055A
FFD73C78
0046510D
FFBB8FD0
FFFFCBA2
00061A4D
000E5E21
00256A0F
002BF987
FFC8BD28
00031BB9
000DF597
FFE75977
000CE1F6
000812EA
00240D51
0038DF4C
FFDE27B6
0030DFEA
000220F7
FFE23052
FFBD55CE
FFC1112B
FFB97252
FFD70810
001FB223
00307DBE
FFE960A0
FFB2EDBA
FFFB77F7
FFEF03D9
0052D8F5
000C1A2E
FFE8B084
001C2917
001922FE
FFB553CD
FFFCFE0D
0001ED3C
00286D08
FFE8EAB6
FFF57196
00022E68
FFF05759
FFCC0633
0013A301
FFE45F41
FFFE659A
00208D6C
00318C18
FFC90D30
001FD3F7
FFF8D347
0010659F
002FE2A4
FFD9A9D8
000C7FA4
0032BB3F
0004FE66
FFE71B47
002A200F
000656F2
00212898
FFF4FEDB
000E13FD
003ED8F1
FFF848B4
FFE27654
FFD8179F
0005549D
00020F20
FFEFCEF9
00135CC2
0031517C
FFF970C5
0004062A
FFF3E21E
00324DDB
0042AD80
001C8D0B
FFE51BDF
001248CA
0068530C
005664C1
001CB928
003460D1
0012D650
000DB709
0017694D
002DC7B1
FFE7CED2
0012896A
002C3B62
FFD43D40
FFD5D004
00260301
00126996
0015A685
FFDCA4DF
FFE48479
0027B6B5
FFFC3FEB
FFEA1353
FFE2D3FC
FFE54AA1
FFE0116B
FFDE6B23
000B9368
001D0D11
0034D3FA
FFE9F89D
003C1BD8
00258156
FFF2F61B
00235B23
0048AA24
00073C98
000662F1
FFEF0972
FFD29BCA
FFD6BD13
002BE8FC
00337E9D
003CD1DA
0028DF34
00088D2B
003852CF
006265D6
0026FA4B
0003C1B3
0022C665
0044B088
FFDD6E94
0005C1AB
001FF29B
00167384
0024DAD8
FFFC286A
00188C53
FFFF8E2A
FFFAC8C4
002C8279
FFBCB6E2
0005EBF1
FFFF5AF2
003C709B
FFFDBA08
00218989
FFECD6DB
001D5755
FFF4E70A
FFF49200
00079B03
00373DDE
FFC592C8
FFE90A31
FFED2844
0027CD25
FFE10107
004A138C
FFD3B013
0004E2B6
FFEA098B
001A9CE4
00396A05
FFC8781D
FFE65FCD
FFF0C202
FFF5ED95
004003B7
002AA89B
0024AEB6
001EE5D2
002F9303
FFF0152F
FFEA1EE7
FFEB9291
FFDFECBE
002A2EEF
002FEBDF
000848A2
002A6586
00208BC8
000EA527
FFD61CAA
FFE611EC
000B4AEC
00450E8B
FFDFC1D6
FFD1F4FB
004F08E0
FFD8E4B9
00076279
FFFBAF59
FFEC2414
000FCD51
FFDE8D12
0007ED18
001C5809
00184F1A
0011A025
FFDF9747
FFFD636F
FFD9A8F8
FFB49B78
00243AC0
00035C5F
001A1C54
FFA3AB7B
FFC37D61
FFEF95C1
002A6B6A
FFBF590C
FFF4BD68
000C8938
002979BC
00008BA7
0018A6A1
FF9AEC71
00112203
005E65F0
FFC43158
FFECB213
00432C1A
FFE6DCC2
0004D459
FFCDCB4A
FFD8B50B
00160CC2
FFC01E17
FFBAEED8
0004482A
00320615
002489A0
FFFE92B9
FFFB6BC2
000D9ABC
000BAEB9
FFEF7E6A
00098808
FFFB4CE6
0001F02B
0038CB90
003EBB94
FFD9179B
003C087E
00448F18
FFE73709
001842C5
00320DE6
0004AF12
00409F21
0010191E
FFDB98B7
000A1766
FFED25DB
FFEBFC33
000A1938
002068E2
FFE1CB25
000F0A2A
004235AA
FFFEAC9A
FFFC943E
0013FF76
000C42D6
002F0F9F
0007290E
FFFD858F
FFE9617E
FFCF0922
00162113
005025DE
0001FF09
FFE60442
0022D43F
00263808
002100E9
0005D633
FFBB6288
0003CB3C
002026C7
FFF974CF
0025222A
FFFD4DB7
0006C162
003D474F
FFEEF927
FFFEEA70
00100789
003CBF82
00253732
00399871
003BA4B1
002FDAFC
00091C63
001A7425
001ADB16
FFE7F519
FFD8DAC6
00283597
FFF3531A
FFF509D6
FFD69C6C
003042CA
0012FC2D
00372CF4
00088924
004C4E42
FFE2B159
00232509
000AB00C
FFC4D69C
FFEFD755
0050AF21
FF9EDFAF
0017FD03
FFFE575B
000CD5D6
FFEF6931
0037E24E
FFE8C139
00014480
FFE9DDBB
00361C31
001ABA06
FFC96107
0044454F
0003F88A
FFEF08E0
FFF2932B
00468146
FFFA8771
FFBC4793
FFABC49E
FFDB011D
FFF8B403
FFB054F5
0011644F
FFE7020D
FFE960D2
00212F7C
0009F78B
FFD6DB93
FFF4DA03
FFE309F0
00662215
001E3EB7
FFF04D56
0044915C
FFE0CD33
FFEE21A6
00221A7A
FFD680F1
FFF6F965
004084CA
002C639D
005DEE85
FFCDF3EE
FF8D509B
0077E9AC
FFF88CFD
FF63D7E0
002005E0
0008DF35
0001B19E
0051D8FC
002879B3
FFE0D37E
001D6C18
FF8348F5
FFC3F46C
FF98475E
FFB95CBA
FFCC51FD
00232C03
0028E119
FFC546E6
FFD6D318
007D0554
004073D4
FFD2733B
0005376F
0017D270
00635CB7
FFDC222F
FFFD86C8
FFF37084
0086DD66
FFB9843B
FFFABF8A
FFBCBB3E
FFB8F065
FFEC2C73
0063BF57
008325ED
FFD56116
FF7C9395
FFC66312
00415C11
002BF060
00368691
FFC89EC5
FFEA6AB1
FFCC5192
FF93E21C
0008BFEA
FFF18028
FF8DD714
0082355F
FF995E47
006BC391
00330F9C
00499460
0011C08B
FF950D8B
FFCD39DA
FF9EA634
001B164F
0006687B
00510F19
0051CDCF
FFF0B592
FFDD89AE
0030A49C
FF8C65B5
002FF630
FFC9A773
FFA2D2F9
FFF7D6F2
00B4C73D
00768919
FF48A107
005C1D7F
FFCCDAA3
FF9AAB16
FFF7A5E2
FF5D1932
005202CF
FFEE7973
00161C03
FFCA33A9
00724F60
FFC4389E
002FF665
FFF5C6B3
FF9DD610
FFC30882
001E40AA
FFEBE9AB
FFF8748A
003EF8AE
003EECC5
FFEF9437
00456C34
FF8A38BE
00603E09
FFA3EB7E
FF99F651
005BC94C
001E6CC6
FFFB9D84
0017030F
0015913D
00417F16
0051B541
00399E36
FFD2F14B
00230162
FFE89C32
FFC77C82
0017BBEC
00653FA1
003FCFD7
FFFD0600
004F57F4
FF918E65
FF6BDE73
006A0E05
FF91DB76
FFB0E6DF
FFBD405D
FF99399D
FFFF7ABE
FFDEA8B2
001D7941
FF96AC83
FF9E9809
FFAF9BD4
000CEFEE
FFB625B4
FFD56449
FFC66DD1
FF61D443
0070A6C1
FFE4D95A
FF726AE8
00939BB5
0035F537
FFB24B6D
005111AC
FFF776E0
FFE35888
003027CE
FFC91051
FFFD16C2
002635A4
000E0E6D
002ADD17
001A6BD3
FFF96473
FFEDDA71
FFE7CFC5
0000F6F4
00040D2B
FFBE8D92
0059AE9B
FFF6861F
0015E588
FF97B773
FF9D5C4B
FFF0D5DE
000BC2E0
FFBB8A70
00389682
003BE31A
FF9E8F05
003F8614
FF5A1F40
FFA6CFFA
FFE678FB
FFC4A544
0041B1FC
003717E5
002753AD
004BC9CB
004EC1AC
000821D6
005661FA
FFECB3AC
FFC786C1
FF09D85B
FFAC52B0
FFAAC07D
004D3082
FFA3F30D
FF3ED9DD
003C6D6F
FFCAA210
FFCB5FE2
FFAAF6C1
004C5A79
00A3AC5E
000A0316
0037BEB7
FFE28325
FFB73591
FFBC34CA
FFFB9D5A
FFD4DD5A
FFFF2163
FFD4CCA8
FF5B67BB
0064CBBB
006AABAC
FFC7911A
00312B95
004A1F91
FF906DB5
0001CACB
FFD0A788
FFE7F57C
001BE6EF
FF6C5E27
0012AE8A
FFA0CBFB
00031DD6
002320A6
005C9E2E
FFD9360F
0082E7B2
FFBF7E37
001F5FD0
0053184F
003FE68B
002ED9C8
FFC37919
FFBEA863
FF8711DE
FFDE31D2
0033D527
0032731E
003679AF
004B8A39
009CA92C
00B58F0A
0002BEEB
FFE62700
FFCE7593
FF87671A
0020B3BE
FF5F0303
FFB55CAC
FF9CD08D
009D8145
0047ED8E
FFC7A7D1
0098FD4C
FFB63814
0051FA8F
FFCA06C1
0013710F
00456580
FFFC1AB5
002D4C12
00493948
FFE4808F
0002072F
FFFF7B1B
FFD68C86
FFBCF6F4
005A4E4B
0006F38C
FFEDF47B
0029F5BF
FF88E7AC
FFBF33C1
002D44DD
004F3CBC
FF3BE49B
FFC94A7B
001CEC73
FFE6AAD0
FFF2C629
FFEA6632
FF9F169D
00180B7C
FFE6DE1C
FF584D01
000572E6
FFF3D545
003C5A0A
0058EAEA
002382F4
FFC447B3
0046111D
000100FA
FFC932CE
000C49FB
003629ED
00210F50
FFF0EB57
00073EE7
0034687A
FFDC40F9
002575B0
FFEF3AA5
00624082
000EF88B
006A2F71
00266FAA
00618B05
FFD6D9CB
000B4BF1
FFB2F9D0
FFB414E4
FFD8D35C
007A0BD5
002CE208
0010240A
0052403D
FFADB5D0
FFDC6C62
004B1201
FFF6EB61
FFC20C37
FFB581A4
0032B2CF
FFB39600
FFFACFC3
FFF399D6
FFCBA5D8
FF900BDD
FFFE5CDE
004AEA7D
FFBDCD7C
FFF8F042
0041EF75
002F5BB0
FFCC24CA
FFE0364B
002FD91C
FF87B194
0018F85A
FFDFDFFD
00222876
FFB146B3
FF75F0D2
FF86FE2B
00055C48
FFBA5702
001E9E41
00495F27
FFD59125
FFF084E2
0023271E
FFE8D8BA
FFD460B3
0044AE8F
FFCA2282
FFDFA87B
001207EB
003E39B5
FFEC91EB
00275B8F
FFC710E5
FFC3EE25
00021369
FFDBA7B0
FFD29F7D
FF3E1AD2
FFC79EA9
00273887
00227666
FFAF25A6
00562B9D
FFE94560
FFEE8ED7
FFA08E9C
FFBCD32E
008BB1E1
003E8C6A
FF896841
FFF5728B
00789A48
FFD6EECB
FFD047DD
FFD0F0BF
FF990853
FF40AF0D
FFF2AE35
009C0DE2
FFBF6258
00264441
004D5236
0061B0A0
FFFCF202
FFD948F9
00619F01
FFAD55B6
FFC4B4B8
FFC593AB
FFE739C5
FF9D5436
0043B9DA
FFC00B80
0029B667
FFE93CDF
FFBA422D
0003B2FE
00166364
FFD740B5
FFD88496
003E983F
FFF243F3
00591A75
005E2DC8
FFCAAC4F
002989ED
FFDE25F2
FFA71EA9
FFA811B2
FFE77CA5
FFFDB02A
000D5A02
FF95C4B3
00317909
FFE5D458
FFCD1C8D
005A9D64
00376CFF
00073887
0006F914
00624EA3
FFDEE657
FF6A8144
FFFD44B0
FFBCA532
FF24B856
FFD9DC3D
FFEDF55F
FF900AE2
00405BEE
FFE80A45
FFC75CEC
0037C42B
005C11BA
FF5F7B7B
003A338E
FFB9DCF4
FFC583EB
001BBAD4
FFBD0D93
006E8EB8
00522ADF
FF93D216
001FB21B
0025C3E3
0009244A
000C1FCC
005399DE
007345B6
FF9E08E1
FFB60266
0010FCFD
FFA1016A
002ED6EA
FFDA1BC2
001A8A44
FFEC4D9B
FFBB78EA
FFEA2BAD
FFA6C958
FFB6F115
FFB42188
FFBAA7CC
0071AF26
FFFD51A8
00272E33
FF9FB52F
FFDEBD9A
FFBF3E91
FF7D97EF
006013C2
FFE7ABEC
006C1E5E
FFA64FA5
001380FF
00769036
005D3DBA
00393D08
FFC72778
002DED02
FFEB7875
007E7B0D
0007249B
0014677C
0055CD0D
FFA7AB6D
FFAE90EA
0023CD8F
001CB0A3
FFB35E14
FFC73176
FFB5AA04
0065D7D4
00CC5A72
00360F72
FFF15062
FFBC93C1
FFF24D13
004F2EF3
00003F03
003E6816
00249E9E
FFD8D207
0002D317
001034BF
0020722A
FFDDEC9B
FFB9853B
FFA3C4DE
0043028F
FFA2ACC5
00349CD0
FFE7D505
FFFAB378
000F660F
FFEF2528
FFF89681
FFD8361C
0019031F
0064A7F7
FFEABB2F
000C2BE3
00843F8B
FFB48127
00244DB6
FF8788C2
00086FCE
FF9DDCC5
00331312
FFF7B86E
000997C5
FFB7E829
007D2BF5
0093DF3E
00189097
0037861A
FFAC7490
FF702F89
FFFA3C14
FF4A6B44
FFC4598D
0099F0F6
FFC762E8
FF65234C
FF1789F3
FF867AFE
005882E1
000A7711
00129BC4
FFEC5905
FFDEEA21
003A8D72
FFCBEBFD
0026F4A0
FFEE0239
FF9FD90D
00D1693C
FF969CE2
00140638
FFDCB9A8
FEEC3E5C
000AF921
FFC960AC
FFF2A0EB
FF9BFFB4
0066B795
FFDF9E74
FF57A153
FFB436F5
00326642
FFF8037C
FFD4A927
FFD71DF8
002BFFF1
0001231C
000A9767
00200B8B
FFF58E82
001EC702
FF951C49
FFBC1801
001AF820
FFEEBE62
FFF09591
00102B39
FFFF4CCF
FFC3C3D2
FFFDD895
00198176
00531489
00025FD3
001A0324
FFBF4439
004EA5B3
00050DD2
00216ED9
002D5FB0
000E2230
00047F14
FFE63232
FFB8F146
0050652F
0017C4A5
0004C2FB
0011993B
00283A3E
001D0565
0008B2DB
00083F6E
FFEB591A
0009927D
FFFC1482
005373B5
001E0814
FFB46927
0017B19E
001E4EC4
FFD8B607
FFCA1473
00158FF9
005B6870
002144EA
FFCFB265
00177BB1
FFDBF91D
FFFE70C6
FFDF4BF6
FFECA082
FFBD1726
FFF58C47
FFF640EE
004CEC54
00302DA3
FFEE4666
FFE17657
00417A58
FFF7F7F7
FFBD9106
003370EA
FFC4D8A6
00249150
00128FCE
0014BE7E
FFF6DC0F
003EECF8
0013ECB5
FFB3012C
FFE092B9
00417078
FFCCBA5D
00042D9B
0034EF16
00485942
FFDC4341
FFF1C89B
0019A518
0020D202
001DAB64
FFF51302
0020C654
003C7635
000CFA21
FFDBAB0B
FFCECC23
FFF99CE0
FFF29B80
FFCF47E9
FFEA6D1F
001F89F5
00074684
FFD61658
FFC73F51
FFFF6351
FFD94AEE
FFE22D55
FFE6FFC9
002938DB
00076661
00260B84
000B2BD9
FFD5AC6A
FFDEBD55
FFF8987C
003305D9
FFB0D9C5
002998CC
002F7159
FFD31215
0022F0DB
FFB2D200
FFBE0668
FFB9A8D5
00048428
00008C69
FFC52418
00164141
0012388B
00273FBD
FFD1E084
003E3B21
004683C5
FFC022C1
FFF1D84D
FFFAE117
FFE2BBB6
FFC3416D
FFD67413
000167A9
FFA4AB83
004FC5D5
0004A579
002EFEF1
FF933C17
FFA13D79
FFFF1B5D
004AF762
FFD9C808
FFCC9A67
00049C50
FFFF4ABA
00154146
FFF64E29
FFEF9F6C
0012C698
005559FA
FFE80D96
003A054A
0025EEF0
0053E0EE
FFC96602
001212DB
FFB1DF80
FFAC99D0
FFA9A069
FFF7B5A7
0004F8DA
FFC0050F
003103A2
FFF1EBB9
FFE27643
FFCE09F9
00023F28
FFCFE327
FFEA79D4
00466518
00023C61
0049BDF9
FFEF677E
FFC3D9F2
001A686E
FFA93C5D
0057FBBF
002C03D0
FFDFC926
FFE1C165
FFD560EE
0029A9C1
FFAB0374
FF4BFB41
000A1E45
FFEB69C3
001E592D
FFE5E6F1
FFC1741F
FFF13AC3
00335A9A
FFF6173B
0016BF3F
002872CE
FFB086BF
FFFAB3A1
0044204D
FFD7285D
FFF2B05C
001D4C34
FFD89A84
FFC97E4D
000371A7
0006B410
FFD7C27A
001DB53D
000269F0
00030DD2
001D1A5F
0005E208
FFD01745
000B3F40
0018EFF6
FFF05F24
FFA87942
002E4520
FFF66027
FFE881E9
FFDAEC47
003D56C8
FFDFDBB3
00083850
FFE333A8
002B54DC
FFF1AA82
0008955D
001AA559
FFCC2B0C
0022A83C
FFF2D469
FFDA6C39
0022559B
FFBCE68A
FF5BEDBC
00507E27
FFF34583
00316E9A
FFD60CED
FFF79238
002DE32D
002C8A6C
00198348
001B43C2
FFD42889
001B1A08
FFB82B76
002489B8
FFDCF256
000020AE
002745BF
00325B6D
002E0287
FFBFF7CF
003CE80F
001CB183
FFC8A549
000FD426
FFE64B6C
000849C8
FFFE1A88
0007F545
FFCDDA65
0021ECD3
001F3705
000D5BE8
0038E501
FFD825CA
001698C1
FFF3857F
FFD02E5D
FFBB44CE
FFDCC47C
FFEAFF03
FFF7C659
FFC5B273
FFAC717A
0022E29C
FFE363FF
FFA7D123
00233D3D
0025A064
000D6F9A
FFF76FCC
00020881
FFE6A120
00388C9C
FFEA5989
FFED907D
0025921E
FFA909EA
FFBA8D84
FFFAA3B2
FFD3D931
002458DB
00159682
FFEBDA20
FFE3F3AB
000B1CBB
FFD1F8A1
00240418
FFFAF41E
FFDEEAE2
FFD93A02
002A23A5
FFD83C94
00130B36
0006628F
000F7F3F
000DA5C1
001B2818
FFCE0751
FFF73DE1
FFE5840A
001C2DF0
FFD3A276
FFF01CCA
00455778
FFC88C82
FFE1CDFE
00228A0F
FFFCB87F
00308F66
0003AA29
FFBCFEB2
000032A6
FFF3BB7F
FFFD9622
FFF4C013
000FC0C7
FFB55782
000B444C
0051518E
00310674
FFF9881E
000E558C
00488179
FFBA1946
002E3A7F
FFDD4FB6
000D9F7C
003E236D
FFEA84AE
FFED663B
001AB800
FFF8023B
FFD62E1D
001BD4E1
00449EE0
FFC3A615
FFF2C199
00124538
FFEFCD4E
FFF4BDEE
003190AE
FFECBFB8
00061A30
FFFA5FD1
000F4936
FFF27A3E
00404E80
FFF8F50D
FFD51AAE
000B84A2
FFDB9025
FFD611AE
FFEEA76C
00093B0C
FFBDFDE5
FFD257F4
000FF45D
000CC2CE
000CD31C
FFFCE2BC
FFCCCDE2
FFBD21FE
FFCEC60D
FF918A55
FFBAB60F
FFE7998F
FFF36E24
007BF40A
0036CCC9
004D771C
FFDE377C
0030C8B8
000144DE
FFFCD0D5
FFD93406
00169C4C
002D377A
FFD9E63A
FFC39B97
FFF7D647
FFFA1B1C
FFF2999E
FFFF7C54
FFA8CE06
FFC2201C
FFDD48BE
FFE3596C
FFFF5438
00063DA1
0006E948
0038B25F
FFE314C7
FFF20722
FFF1AB80
000FBEE4
FFDE2E4D
FFD83F35
FFE699F5
FFF32234
0002D397
002AAD54
FFFD9A4F
001F4665
FFCFF407
002F991E
0007AEFE
FF9F28F9
001AA34E
FFE093FA
FFD4D52F
002D1CDC
FFF027D5
FF8A91E3
004D234B
000DF435
00253937
FFD4F6CB
FFE8E051
FFB9BFED
002059DD
0029E7EB
FFC1D96F
FFBCDF10
FFEE6F9E
002A3393
FFB99A57
FF9A5F2E
00157FE5
FFB41D1A
FFDBD5D5
004AFBE9
001D9CAC
002D8FEC
FFD1AE2B
FFD725C6
004A3E71
0037B6C6
00242A82
FFEF4DE9
000D3167
FFBBDC50
FF97AAAE
0050351C
000BE8DE
FFCE8577
0063E70C
0024ED37
00357CAB
0005D067
00241B79
0015B33B
0037F61F
00084E41
0016F0CA
0039BEDB
00250702
FFBAEC4A
FFCE4259
FFE2B160
0022E371
0017C35F
002F253B
002042D9
002AD74C
00355DB9
FFF0D4ED
FFBFAA61
FFD27987
FFCD7D36
00491CA3
005A22D7
000E083C
FFD1F0D3
00376A04
FFDAEAC7
FFBB9CE1
FFE2F89A
00123C02
00476882
FFEA02B1
FFF97FD2
004B79A2
FFD20A00
FFDEB702
00184A38
FFB0E801
FFE807DE
FFC16B7A
FFE826A7
FFC4583A
0039DC1A
002B639F
0014DCB5
00178C43
0023DB3F
0025F291
FFEB6382
FFB948EA
FFEEF29C
FFBC46CB
00519D09
FFD5D709
FFD6744C
001AAD62
00063DDC
001169BA
0018173A
FFCD5766
FFCA1230
003F5CE5
FFE99892
002032D1
0005C128
0021B04D
FFB11DDB
FFE52611
FFF60EE5
00724C8F
00128869
00278730
003D241E
0012EAC8
001D14FE
FFF28658
FFEBCF36
0003EF6A
FFC8E859
FFE4537F
001368F8
FFFBBF82
FFD56AF7
FFD40CAC
FFD2ED7A
FFF7EADF
FFA8FBDA
FFC33F4D
001A3EBC
FFC677F0
FFDA4517
00606AC1
0059FBDC
001C257C
FFFD5ABF
005DFFB2
FFCA10BC
FFF18AE2
FFF28577
FF857782
FFF78219
FFC75687
FFD6DA81
00348E5F
FFE5CEA2
FFD217B8
FFF5823B
FFE997F3
FFEF228A
FFD825C6
FFCA2565
0003C20F
FFB615D8
FFFC2CBE
000FFEB7
000BF70D
001C456A
002DB1E8
FFD8EE59
0015850C
FFF9EC2B
FFEBB27C
001C0FF7
FFDB4ED4
FFD3FCD6
FFFC530B
FFE5AEAC
FFFAA14C
0021E643
0031FB4E
0009C21C
0017978A
002F8EAF
00018D64
FFFE894E
0011B29B
00450476
0033BEF9
001BEADE
FFE95BA8
000F493F
FFFB4D9D
0016F885
FFE69D9B
001C77D2
000C4694
FFDEB77A
0002E5FC
000C95E3
FFD1048E
FFA8BA2D
FFB1730B
FFF00EBE
FFDF123C
0000B3C8
FFE6651D
FFBC5967
FFFE3061
0024AA70
000B52AA
FFCF1865
00136C13
FFD25C29
FFFFE30D
000A9387
FFC8C3C6
001A08CB
FFD48A1D
FFD0DC61
FFEC9BA4
0012E99B
002CD8C4
001849A3
FFE9A7CD
FFC5179E
FFE0B75F
FFDA8D1E
FFD8AE6F
FFE18613
000C3BDE
FFE3718E
FFFF4D08
FFF69FD8
000084F3
0023A5EF
FFEF3286
FFF0C960
001A667A
0005AD39
FFE8699E
000B56E1
FFFC516B
FFBAFC2E
FFE1934A
0010D491
FFC4BEB2
FFDF8902
FFF78193
FFE82DE5
002F25ED
FFE912C6
000D1326
FFF2564B
FFFBA0F5
FFE9E9FF
FFDBA2B8
FFD8B031
0002F236
FFDEF97A
FFF57F6D
00150139
001CB09C
FFD09C2B
002B0AA8
001BCA1E
001DA424
FFCB6CF6
000362E0
FFEA69EC
0009144A
FFD53273
0016D9DE
00268087
001CAA1C
000A70E6
000D7CE2
FFF02594
00131F15
FFCD39D2
000E2D93
FFF987BA
FFFD9E20
FFE8BAAA
000D7E15
FFFB4FE7
00202077
FFF8D044
FFCF1924
FFFE1C5C
FFE158BA
FFBC2CBF
FFD7875C
002E61FC
0006B82C
001DA521
FFE72F66
FFD5DC97
FFF5B1AE
0039C50C
FFF21FD0
FFE7074E
FFF02294
FFD48148
FFE07582
FFFD9BE2
FFFF54EB
000E3095
002A27D7
00211398
FFE66F6E
FFDFB147
FFE1B96A
0032CBDB
FFFC762F
FFF8449E
FFDA90BA
FFFCF03F
0040691E
0011548E
0013F52E
001D0246
0019704F
FFC35542
000D62E4
FFC23737
FFFC9D16
FFD18927
FFD092BE
000F2E55
FFED4768
FFFD3A7C
FFFC3486
000195B1
0018E6C5
000332F8
FFB70136
FFA46B84
00324071
FFE1D857
0003C732
FFE9BB65
FF8DDFC6
FFF8D88B
001F3C5D
0033125E
003293A0
002F320F
0032C30D
FFF26955
FFEE2F83
00282192
0024D8FF
00002787
FFEB04DC
0035D1D6
0039C789
FFF0E9F4
0024CA1B
000BED8B
FFDA0971
FFE5968E
FFEBF63F
FFDE715C
FFEAEBEA
003F7801
000FB764
FFF8DE70
FFE3CDA2
FFEA374B
FFEC5E2F
FFDD07E4
FFB4B320
00031E7C
00040A75
FFD3A87D
00246B78
FFFDF5AB
FFF6F492
0034B32C
0013FBA5
FFD810C2
002A0450
FFE7FF3F
0013F9A2
FFF4ED45
FFEA758F
0003E480
FFFCCDF6
FFF3E3CC
FFE82E83
0017ED69
FFEF26B0
FFDA199F
002A75C1
000B0E40
00225800
001E45B3
FFC01D9D
FFD7795D
000F7E2D
FFB10971
000DC1FC
FFBBA31B
002A4DDC
FFC2486E
000ED316
FFEFD9A0
FFE6B9C8
FFE6B643
001BDE9D
FFBF77CE
002857EB
002C443B
FFF1DFB5
FFD3DA07
FFE5F6C7
FFFC3D93
0025E03C
FFFB779E
FFD2E20A
00144630
FFE443C7
FFE95A51
0002DC3E
0015FFEC
FFE670D8
00276F88
0023E60E
FFEF44CD
FFFDC34D
001EE327
FFCDA8B2
FFE73351
FFD2721F
FFE03FF6
FFE1EE4A
000A0B3A
0005AE5C
0011DC75
FFF884CF
001A5EDE
FFD824C5
000E81D9
0025DB45
001AFE65
0014858B
001BFBF7
FFF62222
FFE94102
000C3434
FFD53DAC
00192ECD
00048E1D
00083161
FFDD961C
FFC0935C
FFFEB625
FFE0735A
001AED53
FFFCEA7D
0009A14F
002F1C6A
001092F0
FFF7AAF0
000D75BC
FFF05F1B
FFD0E208
FFEE8221
0014F47C
000DEB1F
001EA36E
FFEAA73A
0011C612
FFDC1969
FFFFED65
FFDC05BA
00280EE1
0008E2A3
00224194
FFE1C48E
FFF0D95C
FFEA3C1A
FFD91B56
FFFEE534
002B6E9F
FFF41045
FFCACAC0
002AEC52
FFEBAA8D
FFCD90F8
0017BF02
FFEF8038
FFE848F7
0028ED0C
00103AD2
FFFCC71D
FFC83DB1
00173640
FFFA7B95
0024C2A3
001B8E22
FFF2B2B1
000FC4FE
00183A7E
FFFB1DD8
0012C0C7
00112E04
FFEBAF2E
FFDB0327
0031B79A
001CD0D7
FFE4CC18
FFB96E9C
FFFE3411
FFCEC1B9
FFCE9888
FFEFBE2E
0020DE08
FFDBD7A7
FFD8A63E
00234F51
002159B5
FFF2D9CD
FFD8980F
FFE67177
FFF4BFED
FFFACF47
FFCAA0D2
FFE26865
00434DFC
FFFCE500
000EE138
FFD993CB
000C0096
000A905C
00145F6E
FFD5296E
001C0616
FFCBAB24
00271339
000839AE
FFFD1CD3
FFD6BD46
0005D973
FFDC96A1
001160DC
FFCCC49D
FFC52AC6
FFEE2689
00127B8C
FFBEE8C7
FFD9E6A2
FFF7C690
0001BC87
001CBD93
FFDD5010
FFC8664F
FFE598AC
FFDCA306
0022741B
FFF7F082
001C43A3
001D2214
000AF3B7
FFD07A97
00152472
FFF6A6AC
0001A1BA
000890D7
FFDC2310
00080AA3
FFD71264
0005DB52
FFFE8328
FFC6F63F
FFE06A04
FFEE26C9
FFFDE49F
00018B37
FFE26F6D
001EA3B3
FFDB0046
FFDA35BD
000A5E90
FFB7595A
FFE8A77A
0005329B
FFF51684
FFD9CDEC
0047338B
00006669
FFE82DBC
0016205C
FFFAF1FD
FFE829F1
000F7EE7
001EBC3D
00149603
FFF3AFFE
0019C6ED
FFF210F5
001756D2
00184AD9
0027C084
002B099A
001EEF18
00125CF1
FFE9BCA3
FFDDB62C
0006C765
FFCB3180
FFFD351B
000CD184
00074872
FFCEC979
FFFF535F
00191732
001B4685
FFFEE2FE
00109E54
FFF345BA
004CDAD2
001CD683
00368D3F
00432B88
002F1FB5
FFF9C437
0013A608
FFE594DA
00333A34
00213B6C
FFE25A98
FFD0F7EE
FFE98EC4
002FECF7
FFE8D6C0
FFE3C089
00066E28
FFF2FB07
FFE08E33
FFD9B59E
001E5393
0015E2B4
FFE2263E
FFF3B985
FFD03707
FFF7D21E
FFFEF8DF
FFE11843
FFDC39E7
FFE7938B
0032DF09
00274D58
FFC35BBF
001A4B8B
002A75F3
FFEE3E5C
FFF9C9C1
0032631A
002979C8
FFDD0482
FFBDA5FC
00301A91
000FAF97
FFF2C2D4
FFC30425
FFFDE171
0017C658
0006591E
FFF24D7D
FFD12FEC
FFD64783
FFE5E080
FFCB3B62
FFF5529B
FFFF413B
00236A0C
FFCF55F2
FFC35553
FFE23B7E
0016D486
FFDEB829
000A12EB
002E1D18
00450772
0011CC55
001ABB70
003B7D82
FFF7E922
FFFA557C
000C697A
FFE01786
000C2AB9
001CAF6B
0007333B
FFEDA00E
00239EFD
0024A688
003ACD4B
001CD7B3
001E9D13
FFE26807
FFFBB5E1
FFEAE34B
FFFD4BDD
003E0EC9
FFED7FB4
FFFF1CF1
0007ADEB
FFD2B830
FFCC8558
0029D1BB
00452E8C
FFCB6BD2
FFDF8584
00419BE7
FFF43CCF
001E2628
FFDF36E6
FFE10445
FFC9611A
FFCC7658
0004314A
002440E6
FFFBF21E
003B1569
FFE298C8
FFD335A9
FFFC379B
FFF37593
FFF46A57
002C4674
0020A32C
0017FD50
00099D2C
FFEF1765
FF9BEEBF
FFEBC4CC
FFC630C6
001F12C4
FF7334DC
FFA0B0C2
FFC8F5B1
FFC26EBA
0005047D
FF9C6179
0034CF8D
000751A4
FFE405C2
FFCD4C1E
0029A4D5
FFA042E1
FFAA11F2
0035F36D
FFE863F9
0053F4ED
001CDFD9
005859EC
FF6C2839
FFFD8749
FFD8C64C
FFF6A5C6
000F0E53
0004A06E
FFD4BD3E
FFCCDFD9
FFFB028D
FFC4C3BC
FF71299B
FFF6D489
FFF29465
FF831334
FFCB803A
FFB946CC
FFB80A17
FFD7D14E
001A7A55
FF6F84C8
0035E9E3
FFEAA36F
FF310E90
FFF5BEC4
FFA74C2C
0035E745
FFAC35A7
005F2497
001EF2FB
00052C95
0036DDA3
00519602
FFC44EB3
003B2ADB
FFD333AE
FFDEDB32
FFB14E9D
004CD2DF
00016878
FFEB266F
FFF53A17
FFA16D6E
FFC21DD1
FFA32BAC
00131F76
FFF51178
00674201
00055631
00319B45
002986D6
002B5B92
FFC072C7
FFACE729
FFF3D46C
00109C39
0019D353
FFB90181
FFDEFE8D
FFF6EC2B
00000A20
0039CF1F
00166161
FFDE1EBD
0015D179
FFE02BA1
00380A2B
FFF9E06F
FFDFB1C4
FFE8CB5C
FFF6D563
FFDB8B17
004D141F
FFDA4A8A
FFF057DC
FFF2DE70
FFD8A134
FFDC40C2
001FDDD0
FFCAEA61
FFF9574D
00109500
003A8ABE
0003A060
FFD32C6C
00235C95
FFC22CD8
001C927D
FFEAFCBD
FFC8FA5E
001DDD3D
FFE3CC99
FFD66CFA
FFF21734
FFD3EED3
006488E1
FFF0162D
000BB05B
00417C9E
FFB1A268
FFFE4BE3
0013BE94
0027C41F
FFEF463B
002145ED
003662B7
FFD4CDC2
FFF5CAC9
FFD84056
FFE083AF
00118B00
0013021B
000201A7
00525357
00253B5E
00183815
FFD1E003
005557FF
009D8C31
FFE2B02B
004ADA0A
FFAA6B1B
0028883E
FFE080D1
00224D56
001DC0DC
FFE3866E
FFE8B9A9
002C6182
003F7E1C
000A2BA4
FFB90E90
FFD99991
00338E62
FFAC39F9
0059C22A
FF858739
FFCABF8B
FFD6FC64
FFD529B0
00064096
FFE6534B
FFA3F773
FFD7601E
000F3F4C
001FD2DE
FFE09E2E
000BD818
FFC58AC1
00317DB0
FFEC1CF2
0040775D
00378B57
FFEEE94F
001CDEEC
005D8C52
FFE6F3EE
FFE73511
0053C4D0
FF65F7E2
FFA89783
FF6CD439
FFD24FCB
0048176F
001CDDAC
FFEDB8AD
FF3FCD4C
FFC5BE9F
004CF6A9
FFA33E1C
003681E0
FFD73353
001AE357
FF98F276
002112D7
FFB10641
FFC737BF
FFF2E0A5
001DE578
FFCB4A24
FFCDCAF2
FFB6B66F
FFBE7F65
FFD9E3FD
FFBDA4F9
FFCD1AE8
000B54E6
001066D2
FF994201
001441B5
0038EE60
FFFB8691
003276CC
FFE81F45
001D0614
00266F87
FFCC4E24
FFDEA5A5
000A2ADE
00746C70
FFDC87A0
FF82EA6A
FFFD4568
00085F84
FFD106D6
FFE89242
FFBF2313
00242703
FFBE7960
002668EE
FFCE0125
00355A34
0015881C
0002F67D
006159B7
FF9D9615
FFA3EE70
FFF0B0A1
0071C9AF
FFE26B9B
0056B919
FFEEB64B
FFEAFB21
FF4323A2
00010645
FFA2B7DB
003076FF
FF645D8C
00045DDF
0025901A
002E7BC5
0020D4F4
002EBC1B
FFADDE07
0043BA62
FFC4DC3D
0005F752
0052444F
0060D515
004947EC
FFE42DE7
FFBCC836
0008C2A3
FFC91C7B
0003DD77
FFDD348C
005E8FCD
003CDBA2
FFCC8446
FFB27291
0014FE7C
FFCFDDC0
FFD00B97
FFE92D93
FF8E61AA
FFC25B01
FFD84AF1
004B4DEE
FFC75CF2
0002BDBD
FFD646F5
005B7603
FFD26F3B
004B7771
FFB963A1
0017D400
000B5061
004AD9DF
FFE75BE8
005F0FB4
0052B79A
003E62B5
FFC33157
000F208C
FFC858D5
005372A5
00270983
00679CFD
0057D8EC
005EE03B
00B359B1
00202C7F
FFDE4E0F
FFE9E1D4
FFBF0E8E
FFE04EF9
FFBCB2C6
FFF65B21
001A4E52
001F275F
0018DEAB
00293972
FFEED1A4
FFEC07B8
0068BCC4
FFF7D37B
00197B3B
FFBE9557
0026C558
0069909A
FF943F98
FFC5D336
000F811E
FFCD7CF5
005198F2
FFECC3FB
003E585A
FFE8B70E
FFC2C064
0009252B
FFCA8372
000C9BD9
FFCE38E9
FFD97B23
00539431
005C2084
FFF2DA31
002703F3
FFE81A71
FFEB4725
004AF100
FFE804D0
002DF69C
0007BD3A
FFACD6C0
FFB89BF2
0020063C
00225F29
0038E230
FFDB174E
00272773
FFFACBE6
0021A369
0066DCD3
0049387E
001D7267
00001144
000F3BAD
005B8D86
002F2CBE
FFDB686C
FFCC535D
0013A019
FFEE33D4
FFD94EFD
FFEBDC3E
FFEC16E2
00279064
003222AF
0005B1A6
FFF4032D
00295D9B
0051BEFB
FFCB6FE5
FFF90AEC
FFB8428C
0010536A
002CB634
FF9EC5EE
FFA4A0B4
0079F9AD
001EF561
0051DA49
FFFB195B
FFB3C270
001773A7
0005FB3B
002D5CB9
00389B24
FFBCDDE7
FFEFA6F2
FFA1D0AD
FFDFEE6C
0048E7FF
004E0EDC
FFC54E2F
FFF93BC4
FFEF2135
0009553C
FFD218C7
002D0DEF
FF9F6B62
00291126
FFE7A2E2
FFD53551
FFEB705F
0052F0F3
FFB6D1A5
FFE400BD
FFB0AF27
FFD8F302
FFFBB318
002CDC20
0003B62D
FFB2A614
FFF2CDFD
00415552
00A5C6ED
FFC2AF54
0033CACC
002C2A07
FFFA6187
FFBFA7BD
FF7F0CFD
00060BA8
FF7698F7
0060DE3B
FFB6CAF7
FFACBE0E
FFAAAE11
FFFD91FB
000D6973
001B62F2
001B91B3
FFBC31E7
FFB6C173
FFEB4755
001E451F
FFF71E33
FFCC9FA5
0031F561
001B219D
0032DFC5
003FB523
FFCEBE60
FFAD98BA
FFCAB570
00745ACC
004C9CAA
0019C283
FFE8CBF6
FFB640D3
FFF80C7E
00120263
FFD49EF1
0011859B
0000530A
000347BC
0050EF17
005372F4
003E8336
FFC2BC6B
00888A6C
0016B544
00711D73
007663F6
00562A82
000CD953
FFB01E72
001DD916
000D6FBC
002CA3DB
FFDE277F
0036A623
00076581
FFC9972A
FFF405B4
0016FBE8
FFFDA445
0023E979
0012A9CD
00136A0B
000E1EC6
FFD1D768
001CF49F
001AFCE8
FFEF7102
000C509A
00415A36
FFFD505D
FFC428DF
FFD2E623
00223CA3
FFEAAC57
003FF839
0050BEA3
FFD42C42
FF8FAF0F
FF9F442D
FFB8BAF5
000EBB51
00037D63
FF7F316E
FFDE4119
0013B92B
00161D28
001662C7
003CF0FB
FFCFEB55
0035739C
00128815
004726F1
00295DA0
0029ADB7
FFC06414
FFCCE90F
00244E70
002A2085
FFC203A7
003F97FE
FFD50E0F
FFE323E1
FFD57CA2
FFBCBCA2
0062E845
004A90D9
FFCC80A5
FFD9A465
0031F15C
000D4EEE
0055C8AC
FFC18AA2
0025EF75
0089D07E
FFF1B236
FFA2D60B
FFB9C5AE
008A6D40
FF91F320
FFE0267F
FFCDAC70
FFFCF74C
FFF86861
000FE827
FFDE186E
0004CB5F
FFD3CA02
FFFEE96B
FFC1F934
009CF2DB
0003F314
0012734B
FFEA3B6E
00A07766
FFE9FDD9
00393748
0057CBB2
FFA75D91
FFD330F0
FFC1D7DE
FFB3A02B
00370B66
00529F24
FFA9BCDA
000E5439
00100A65
005188A1
000CA29A
00492BAA
0022DED2
005427E7
00664B86
FFD790F6
0046A881
FFF43B33
005B8361
0056DC5B
FF9460E4
FFE25B8E
FFD6B8A1
FFD96EAC
FFA1B6D8
FFFADD13
FF92B470
FFD135F8
003BB79D
FFE32BF5
00144C27
FFAF44B2
000178A4
00035694
FFF908CD
FFD52948
FFBEEBB0
002C91C9
FFFF2420
001C6522
000084BA
00238998
FFCBAC01
000A9F22
000C98B9
FFBB57D8
000EDE46
003FC5F2
00298370
00302B48
FF4E1751
001C90B3
00261B8A
00277F66
0049BDA4
FFB699C0
002958A7
FFE5154D
008AC8CE
0039A728
003E8FCC
00005CBB
FF9E3B0E
FFF4004B
000FCD90
0022361C
FF9D12D5
00115487
FFE9B0B4
FFCF189E
FFFEA8D4
002221BA
FFF33A70
0053B5B7
FFD5AC52
FF79C18D
FFA69E8E
00570FCA
FFCF6601
003B1386
FFC297AE
FFADCFF1
FFE8FF4E
FFEDE2F6
001299BE
FF8751DA
00559B66
FF94C47E
FFF24DFB
00217A11
002AA83B
FFDCD80F
00325834
FF8DE827
FFCC4AC1
FFB5DE17
FFBE4105
000D02C0
FFCF3A0F
0032733D
007E4D7E
000282F6
0009FC1C
FFB7E627
005EA7DD
001C8A86
00007B15
002E8901
003F6D53
FFD22118
FFA72783
0037144C
FFFE9976
FFFC42EA
FFE43336
FFEC18C3
FFE397C5
001DEE18
FFFEEC91
0049A23A
000938CE
001A4743
00166B25
FFB8E33B
00523FEA
000A4346
FFDE0B85
FFCB6827
000F6042
FFA1DB76
FFBC9034
005ABB12
FFA1E113
FFE0EE78
00539C27
00442E47
002FD173
FFC464ED
FFDACE2A
00261ECA
FFBE84BF
003452BA
FFF6C2F8
FFE46ECD
FFA73644
FFD613E6
FFC02E39
FFCA0EFA
00164FEE
0044DD04
FFFDF960
00039EAD
003C5E94
001C3FE2
000EABBC
004739DE
0026801E
FFB414FD
004BA8C6
0012054B
FFD64A73
003AE9BE
FFD4D2B4
002394B8
005387FF
0020CA81
001845CF
FFE96930
0037A105
FFDBC14D
FFC8DB7B
FFA92A81
FFE8EE7A
00219315
006955CB
FF65D3FD
00780A9F
FFC1852D
0071F8D6
FF8800A9
0046045E
FF9CB82F
002E8E49
FFFC8CAC
001A1645
FFFF2E41
0004D5D8
FFCC1D94
000E9193
000DEAD8
FFE58C44
FFC4B65A
FFD6B703
0027EA0A
003E0A86
003B29C6
FF8E2A04
FFC8595F
FFADF56D
004CC9C3
0080D2ED
002AB159
003B479F
0030E725
002C46D0
006248FA
FFBF17B3
FFF4FF43
FF7EFB95
001CF5DA
001DE5E7
007204EC
FF961B85
0018BA09
FFBC0BCB
0002E821
004A013E
FFF83CF3
FFAC4EFE
001598C1
FF92CA37
0007C172
FFF0245C
004499CF
FFF1BBAB
FFCFF8FF
000980BE
FFD9077E
FFF1365F
00555A73
002DC576
000A9B31
00315DFF
001EDD25
000E43C2
FFB04BCB
002982DC
FFA1A2A3
005426AB
FFE54C1F
FFEE6546
0011FA43
FFEEE44E
003B61F5
001D1083
003145C1
00302E44
00022BA7
FFB425CA
FFD3E2D7
FFA79897
FFB30F7E
000DC3A2
FFA97706
000BF84E
FFFD8A56
FFA49A5A
00528DE3
00445022
0006A5FB
001A1D4A
0020F590
0028F3AD
000DA2EA
FFDC3755
00DD8ECD
FFDC17A0
00972B11
FFE750B9
00511769
FFE72B46
FFB47742
002BF987
0017A636
003F504A
FFA34E27
FFAD82FB
FFAA97B5
FF999B11
FFB99DFF
0037229D
0043D9C1
000B9CEB
FF966B22
003DF34F
FF98BEEA
001B8D11
FFAF668E
FFF8F7A2
FFB89102
FFC6AF82
00035296
00285144
FFD4BC71
003BF7FD
FFFBAB49
0058C646
00137A54
FF9C57EB
00089F16
006B7AC6
FFD5AE9B
FF9FE139
FFA44AF5
FFE30FEA
FFCAD94B
00409062
FFF0971A
003A3451
FFEECFF8
0017F942
FFE72335
002ADF1F
FFB42924
00675FBB
008F9488
003A152B
00519A3B
FFD41602
000DB4FE
FFA1CCC4
0022FB52
0005B264
002B8F4C
FFD0CEBD
FFD0FFEB
FFD6D6C0
00562D22
00080974
00315551
FFF5E969
FFE85837
00348840
006CA28B
FFFE9C78
FFDA277B
FFC2F02D
FFB26BC5
007699F3
FFE99BBC
001DF008
FFA4D136
FFF06AE9
FF4446A9
FF96A5E5
0065CFA2
000E3E60
0008ECF4
000ED2C5
002A00AC
FFB8E1E9
000CC3F9
000D22A7
FFF989B8
FFFF8AFD
002B5D1B
FFD06FBB
FFF4D9E0
0042DBAB
FFDEC5B5
0019BC2D
0057F96D
0034BE79
004879C1
FFAB6CCD
000746B8
FFC6A82F
005DA3E3
FFEAEA6A
FFB9A926
0079EB7C
001F2449
FFF00BF8
FFF64547
000787C0
00269CFA
0022172E
002FC6FE
00390AFF
0014C167
FFC732DA
FF880A32
FFD96D48
FFB7A44C
004931AE
00694530
FFE13B64
00076C1B
FFDB6002
00038A34
00462B71
00277DDE
00171B1B
FFEC23A7
FF777B11
000F7029
FF864753
00059D2E
004819B8
0009D54F
00382338
004D9660
0008D348
001277FC
FFFCD9BB
002C2ED2
FFEB49AF
006CA5C4
FFA789A9
00294837
002EF7D8
003E070B
FFAA257E
003EF70B
FFB08981
FFA215BE
000BCC17
FFD5B9EF
FFA7077A
FF7B5108
0009CE3E
FFB295BD
00571208
0074391D
00643180
002E509E
FFC0254E
0016026C
FFB7AB10
003CFCB4
FFD0E42E
001B324B
FFEACA78
FFE49FDE
FFE05F12
FFBCCB87
008C0C1B
0032CE9D
FFD90810
FF83B92A
004A51AC
FFDF819A
FFDDCCA1
001EA765
FF77D03C
00432588
FFF338BC
00031D8D
FF4F1A1F
00318DAA
FFB43513
FFF54FD4
FFCB53E2
00801C1F
FFD48A55
00098459
0034058D
008C4665
000C3E09
0010F159
FFCD366A
0051269F
00251A32
FFC6F48A
FFE611AB
0023A187
0006352D
00350060
FFF870F4
FFCC7CA3
00147168
FFC0C562
002BB01E
FFFEF0E3
001491E9
00271489
000D7FEB
FFF01D6D
006B6FD6
00271C3D
FFA6ACFD
00086FE6
0052CE19
00227F2F
FFB26FA4
FFE935DE
00279227
FFBC4587
FFD6804A
002364EF
006025DA
003DECE7
FFE90BE4
FFC1B25E
0025E716
FFBF55FF
001A2616
FFDB7950
FFF012FC
FF7B7187
004C7053
FFD49FEA
00410740
FFDFE6C1
FF8EE491
00046B70
FFB55234
FFAF2481
00548FD5
003CAF43
001953CC
003B9DCE
00161C90
FFABDD87
0013C912
FF78137B
FFE97419
FFFF13FD
FFD7BED5
0035C769
006E7745
FF8B07F8
0043B7D3
002DD5D5
003BEB54
FFBDED5D
00158421
0049C4F4
FFE94E24
FFD17634
FFE2BB05
00247E43
FFC29186
FFEC9BB2
005C6691
FFDBB47C
005F31B4
FFE5A89F
FFAB7A5A
FF935A6C
0022D69A
FFA70CE8
00304ED5
0044EC71
FFB57497
FFA07FC5
FFF310A3
FFCF1B64
FFACBE11
007B506B
FFB7A6F3
FF879ECA
000E0461
009F728D
FF7EFEB7
0003A071
FFABCA1E
FFDEF087
0009B60B
FF946359
FFB49064
FFE70690
FFD3CE5B
00051002
FFF8CDC6
002E72E4
FFF7492E
FF7B7245
FF7734B9
FFC5BF16
FFEB6CBD
FFA94E2A
0029CC0B
FFD7377A
001E76FE
FFFF7BA1
FFC58B37
FFCE46DC
FFD5D307
002E458E
0060872D
004595C1
FFE87D2B
FF7A91B6
FF94CFE8
FFE33063
0009237D
00280D7E
FFC5C580
00589407
FFA1F162
0026ACDD
FF931981
004A3EAF
0013F924
0008A920
FFDA3A13
FFEADFA5
0003DCB5
FFF1B514
00236BE2
00130F07
00033714
FFE72182
FFEE35D4
00191223
FFF69DD9
FFEC6010
FFD1F580
000012A4
00022CD6
000F962B
001C9E23
FFDC6BB0
FFF043BD
FFF273C3
002A799F
0015F8FB
FFEA8866
0003ED97
0019D877
0011BDFD
00255444
0004DD0B
000D2F2B
0038E1D8
00092859
FFE13237
FFF7A59E
FFE1A78B
000A9403
00086B2E
00010DC0
001CA8E6
0003333F
FFE5BBBF
0025C0EA
001D0EEA
FFE992D3
000DFF40
0020592E
FFF0ECD4
FFE4D622
FFF970E5
0022E937
000AE5E6
FFE40D60
FFFA90A7
FFF29E7F
FFEAFB4D
FFCC9F59
FFF7EA36
FFFEAA16
FFF65078
001964AF
0032AF77
001ADD3F
001C6056
FFEC9923
002D53F2
00037CE3
FFDE0E28
00098DAF
FFFFD535
000EB3C8
001569B9
003832DA
001027B4
0023A6B0
002BCF70
FFFFEA86
FFE4CF92
00070EEC
00061831
001662F0
001381F9
FFF8E9F3
FFF0BA8F
FFF72CCC
001B65ED
00099891
00188C1D
FFFD21CD
FFF975FC
FFFA2B6B
00016436
00189BD7
FFEC7BDB
FFDB86E9
FFF38709
00140FF9
FFD0AE17
FFDCA7EC
FFFBC52F
0003AD9C
001EF575
FFF3C1C7
FFE979F0
FFF21FC3
FFF23288
0007D896
FFEF46AA
FFE957E1
00230854
FFF0E034
0006BE39
002055D6
000F958D
000ABA9B
FFEC8923
0006B17C
FFE67B69
001EBF01
0015619A
FFFDEAF4
FFE556D2
FFF57C74
FFE34652
FFE3F06F
00144F61
FFF54F03
001BA91F
0006321E
FFD70F66
0019E999
FFE0E897
FFE887CE
FFD09B8D
FFE96B0E
FFDD0F56
002B7DEC
002B83B4
FFC70CBF
FFD56F80
FFE8B34F
001865C0
FFE9C4DE
FFCD0767
FFD76320
FFFA7995
FFE51B49
001C30A5
00096B49
FFEFEA71
FFF4CA1B
FFF7505D
FFFF0C13
0013F8F5
FFFC626E
002C9FDB
002E1A31
00107272
FFEC2778
FFFF1BB0
0018E963
FFFD861F
FFECB8B4
FFE98F9F
FFF6465C
FFE49693
0021C539
000A6963
FFF906A1
0024975F
FFF5F5C9
001FF2C5
FFD8D8CE
001BBB64
FFF5A2D4
FFDF06BC
000D0100
0019D007
0020AD18
FFDFDBD9
FFF69047
0035A971
0032353D
FFFF4BB0
FFC27D5E
FFDE2230
00102063
002DD970
00068D2B
0027997A
FFE96F9C
0005150C
0010E2AE
00134EF0
FFEEE8F2
FFE8B825
00285F7F
0025EFEF
FFF5ABF0
FFDC8BF9
000B18D8
0014198D
0008D0EB
FFE75B56
0022E9B9
001C6B9A
001AA0A6
FFF08F2B
002B3544
FFDA743A
0009814B
00202A5B
FFFF747D
003070CD
001DF3CC
00068E1D
FFFA58A6
FFE2C8D7
FFDB23F1
FFF75CBA
001FF612
002017F9
FFFBAE52
000DD042
0012B654
0012B3E7
FFF73CE7
FFEDD725
00028FF5
FFE116CF
FFFB11DA
002F6A78
00180689
FFDC5352
FFBCD8C7
0006B5DE
00021467
FFE5187A
00100680
FFF40E66
0012AD56
001539CB
FFCCBEEB
002E1D95
00192643
00028F16
0001BF32
FFFA0575
0043FF46
002A99B9
FFCB5B1A
FFD77777
FFFEBFCF
FFFF363F
FFFE1581
001C54E0
00157441
001943F4
FFFE1F66
00190146
0010158C
FFF6F6D1
FFF2ACAB
FFF7F4FF
0014915F
FFFD7A40
FFEE138A
0009FDF4
FFF92AE8
FFEBD296
002B0290
FFF201C6
00218435
000EE87A
0014203D
002EFC90
001922A8
FFEF9A22
000AF2D0
0024E464
FFE66730
00268B88
000BB344
FFE7B7CC
FFDCCE08
FFCAF498
FFF85F47
FFF09DEE
000EEF66
00237681
00243319
001D5E90
0018A3EA
0022A32D
00149F61
0023FAFD
001EDB28
00206C2D
FFEDD14A
FFF63BBA
0022BA74
FFFFC911
FFFAF104
FFEC71EF
001865E9
001CFFCE
0002BDFC
FFEA16F7
FFF0D5C3
0020135B
00103BB5
FFE30D76
000C1480
FFDF2FDF
FFEF7F6B
00166787
FFE1D711
00171C64
0008C5AD
FFE79F7C
FFEE2C16
FFF7E906
00171ABB
000A4C86
FFFB2AEB
FFFE2B12
0017B02E
FFFF54AE
001535C3
FFF6DB63
001FF062
FFDE444D
00160FC2
00153AD3
001B7D18
FFFB80CC
00173DA3
000F7A0E
0015E290
0027C7D7
FFE95074
FFFB22D4
FFEAA256
FFFF3987
FFDFAF2A
0017F76C
000B62F0
FFD430D2
FFEE92BF
FFEEB895
FFDAAE45
0004D154
00269150
FFF5FEBE
FFFC77D7
FFFDF295
FFFB9740
000EA139
00218C84
00066D0F
FFFBCB2A
002BD6F2
000F9B47
FFF0BA77
FFD070A3
FFDE0F1D
0026423D
001419B0
0001A8D2
00014BC7
FFFBD4A7
000B6462
FFEEFED5
FFC58716
FFE45B37
FFDD9CC5
FFE421B0
FFEFAC9E
001C5AD5
FFF52B6B
00259A02
00260BC6
FFF106CB
FFF524F5
FFFA2EF4
002B7176
002628F3
FFE1B389
FFF62394
0008C533
0027F7C9
00159E25
FFEC5F12
001BBC91
001DE200
000A6692
FFFD3978
0010824D
FFEC34A2
00188F8D
00295DDC
FFF044F6
FFDC3154
0001C0B4
FFF5F4A1
00046C47
FFE6D68D
FFFACE6F
001B672E
002A79FD
00250B23
FFFDCBCC
000BDE59
FFEA8480
0032C278
002AAF74
000B0F3E
FFF41973
0018FDDC
000CE0EC
002EFB10
FFF341BF
FFF65A8D
FFE9FE37
FFE55DEE
000270CD
FFA528C2
FFD48A73
002336AB
FFFBB86C
FFEAC4F1
FFEE86A3
FFEBD42E
FFD67F11
FFEDF280
FFF29693
FFEB8387
FFE35608
FFDB63CE
FFDF625E
FFF17BB5
FFF9AA3B
001273B4
000BE91B
FFC6B3D4
0021C58F
FFD26B92
00026025
0019B19B
FFEFD852
00338670
00347187
00088577
0001055B
FFEC6EF5
FFF65756
00157C46
FFEF28B7
FFE2DB52
FFE36DCA
002EBA47
001091D9
FFE8DE06
FFFE157B
000B2C19
FFF1D72A
00185CA6
FFFFDB81
00213032
002776B5
00243913
FFF8D416
000C9F5A
0002B0C6
FFFD7239
FFF92F3E
000C520D
0006E07B
FFF6B3F4
FFEEF3FA
00025336
000EA3C3
001314BB
FFFA1CB3
00053EFB
FFE57570
00237464
FFE6C3B6
00164428
00135E59
0003D53A
FFEFB550
000D96A2
FFE54677
FFFD0EA2
000200C0
FFEFFAE7
0006BBB9
FFF7643D
FFE4FC5D
0007023D
FFCB51AA
FFBE7200
FFBBE802
000DAF82
002BFDE5
FFFD9E4E
FFE8CAE4
0026D0D1
00243408
FFF011F4
000AF510
FFEED650
000E86B5
FFDEA5D0
FFEFFC33
0025F267
FFE6886E
002C0DDE
0009D126
000B7FC8
FFE8EC6D
FFF18E43
FFE96CC4
FFE5485C
FFCCD88B
FFECA290
0014F249
001196AE
FFE41FC9
FFEFF6C6
00265430
FFFF6317
FFDE13C9
FFF15A6F
00165E43
001A7384
00172A31
00273604
0002E13D
000EB5CA
001A75B9
0010CF65
000051A1
FFDBBBFE
00153FB2
00205CC7
001D1F81
001A58BA
FFBCA6C2
FFD58920
FFE7C8D7
FFF95E3B
001D95EE
00212343
FFD0FA32
FFD204F6
000BEA5E
00000F90
0008B66F
000654F6
FFEA309A
FFAFDA99
002FA50E
001D56C8
FFED5399
000A423B
FFEB55E4
0008DF5D
000E9E7E
00026FAE
FFF3E76B
FFF11C37
001FDF9B
FFF8195B
FFDA43DF
FFD3E365
0036A3E4
FF8EE744
FFAA8CFE
003CD905
FFC963B5
007839A4
001C3089
FFB93095
FFE03D40
FFD775DC
003E531E
FFF33538
FF8AB5D0
FFD808AE
FFDCE2D8
00051D29
0059A4FE
FFCBABB9
FFDFC5DB
00346676
FFF3641A
009F658E
00897560
000ACCA8
FFF0125A
FF8F3B9C
00647D87
003BFC45
0003B65A
FFF0EC0E
FFA4EBFB
FFED549C
002C481E
FF984821
0054129F
FFBC8A0A
0024DF4D
00233D5B
FFD6C1E5
FF948023
00369833
FFC5F12D
FF86AB6D
FFFCDD13
003BBDDC
0060CAA2
FFEF90DC
FFC7DDDA
FFFAF4C9
0033D1CC
FFBC00DC
FFD44800
FFAFE061
00443BE4
FFC64952
FFE59D78
FFF118AE
005CD64B
FFF73162
006FE2EC
FFE10572
000DF835
00120123
0092CD2B
0032E6D8
FFB76FAE
002B9117
FFA25CD6
FFE23083
FFA85DFD
002A2BBC
001A409F
FFAED347
000E6D33
FFB9C992
002E18FF
FFBA92D0
002054C8
00253685
FFE57F20
00135213
FFA4642F
FFB55DEE
FFF346E3
FF97DF3F
FFD353DF
0038E2D6
00246A84
00244192
FFC5185C
00118565
002772E7
FFE9504B
FFD74F6A
FFD07C20
FFAB158C
FFFB0413
0017971C
FFF82DD9
FFD20CB8
0008334C
FFDFBE1F
005453D3
FFAB39B0
FFE7CEC8
004D83BF
002920DD
00570D78
00379CE8
0010CF0D
0013D421
FFFF1A9E
003D55A9
002FDF29
FFE7E145
0005B5D8
FFD13275
FFEC1EF7
00457B0B
FF6B3303
00471532
0019B77D
00339762
FFB6AC74
FFDCDF6A
FFE6ED7F
FF83BD70
0010750E
FFFEB7B9
FFF42E0D
FFFA4A17
FFC8B87A
00053F5C
003A6ED2
FFE8B543
FFCFC1C3
002F726E
FFE0A38C
FFE76144
000E41DE
FF4AA8D8
003BA2EF
FFE9B57E
0010C74A
FFD8D9A1
FFD6EA80
006CE33E
0007D976
FF9F68D9
FFEFC464
FFEEE3C2
002266D5
000C2034
00430838
FFE69A5D
FFC557A5
FFE70E64
FFE06AD1
FF8F9F7F
FFD31AC8
FFBB5A8B
FF9F2E37
FFF943F7
00144CD0
002B47D2
FFE686BB
FFEFABCC
0014C81E
FFDE9234
FFCEF32B
FFDAE3D1
000A83F7
FFFC5DF8
FFF342A6
002CAD43
FFDE299E
000BBCB7
FFB61D86
FFF8EF24
00344CCB
FFD33297
FF33896D
0016F489
FF34A4F0
FFF2CEAB
00125A98
0060D0F2
FF8EF597
FFEF370B
00159CBC
FFA55B7E
FFEFC422
FFDFD771
FFC298A5
005D0DC4
FFDA13A2
FFD5E98B
FFC78D67
FFF7EC9B
FFAE3145
FFB8B519
FFE1CBA9
FFF3DA69
FFA8615C
006A5A5B
0017F591
FFC4BF74
FFD490A3
001F3E4C
00555A69
FFF2ECC4
004F751D
FFD181F6
FFDEA84F
FFECAB87
002C5CE6
FFBD4C0A
FFE9C885
0057F43D
FF936E43
0046F896
0019B244
000C24C8
FFDB0F1D
FFE25F3D
FFDC8C83
0034035E
00564FFA
000EDFD8
FFF13CC2
0032D21D
0039EB38
000357BB
FF9B84EF
FFF97AED
FF84505A
FFD79640
FFDDB337
FFCBDF7E
002E7786
FF8DF0C3
0003D1C0
0009D071
004B0B7A
FFDF9A5A
003B7A23
FFD90524
00260634
FFC22CAC
FF5B5B0A
FF92F27B
FFD8C0D2
FFF3E608
FFC36A32
001EB514
0061F977
FFE561C2
FFE27B0E
FFE97320
000DD6D1
0069B0A5
0034EDD6
0014DE39
005CCE5F
FFDC2C4E
002382E8
001E8F47
0042393C
FFEF09B3
FFE249B1
005515EB
002C2E07
0001E18B
FFBB735C
FFCBFE8D
FFA1DB15
FFC685F6
FF832D6B
001AF93D
003983EE
FFF513E7
002D6ED3
FFF16268
FF96541E
00004918
0008A929
FFC8F5D7
001A2E15
00589266
FFA1E5D4
FFCB1CC6
005B560F
00327166
FFCB6BA8
00393E8E
FFC26356
FFDE080F
00802824
0048268A
FFE23705
0079AC7E
00270AF9
000F45E0
006C1BA0
00499555
FFFA1D9C
002730A0
FFBACB13
0070840B
0008B3DC
FFF2CB9F
FFC03130
FFA36716
FFC8EB74
FF9DF99D
FFB46274
FF625276
FF9B58FA
FFC02DBD
FFFB825A
FFC25F51
00073968
FFA3793A
FFE386AB
FFE60614
FFCA4222
FFC0F926
FFCDC5E2
FF9875A7
002AACA3
0035DD0B
FFEBF662
002A0CAB
003324F3
0040DF23
007A8815
FFD3BDB7
006B2436
FFDC095B
FFA69B50
00096F72
004A18CF
002774D8
FFEF0BEF
00486F1C
00027D67
0017335E
00626D4E
FFFDA0A8
0001B0A0
00110CC0
FFD470E0
002C059B
004E6D88
FFD71D73
00186089
00514D74
FFDAC7DC
FFD5BC59
00722570
002F26CE
FFBA36FF
00108DFB
FF34C40B
00290FA2
0091CC53
FFE5CDAD
004BB36A
FFF6C681
FFC90C1E
FFC5371D
FFD49BD1
FFD09280
00063384
FFEE2D6D
FFFEC271
FFAA7692
FFFF80A1
000D4C07
00129171
0073790A
003A04FC
FFD85404
FFF85A21
00548E98
FFCC9134
0002AEFF
00245ABD
FFF7EBE6
FFF9782E
003A5EFE
FF965C82
0049136C
00219265
FFA1C1E5
FFE14FA8
0028A572
003F3C40
002F6C1C
0040B359
FFFD1643
0034842D
003F8293
0024F76E
004DE964
002C9725
FFF62150
002B4328
FFCAA1F9
00205884
FFE31DFF
FFE1A120
FFDF8652
FFADEC5E
FFA420FA
FFF9609D
002D910C
FFB1DB94
FFF3E663
FF9FC802
FFC3215A
FFD370CA
FFA7BEB3
0021A092
FFE1C545
FFDC296A
FFFD0C56
0038D14A
FF7FB2B7
FFEF1076
FFD8F88A
FFD4726D
00315404
0021C42A
FFBD588F
0067DB66
FFF27144
0021DF48
004A1CF3
FF78E615
0012C4EC
FFB988EC
FFBD6A26
001E0DA5
0004B6DB
FF9D302C
001CA2D2
FFC9198E
FFEDAC14
0059A9C5
FFD1CD7B
00305205
0045ED9F
FFEFAAE7
00239EDE
0009AED7
0033F2BA
FFB1DC5E
007D9A3F
FFC5EBA5
FFD6F981
0067C17A
FF89C54B
00739241
004058D7
0067272F
002EFD1A
0008D017
0036432D
FFC0A194
FFDBDDC4
FFBC0FCF
FFE3ADF9
00123D6B
FFB1691C
FF9EA999
FFE656BB
FFDFDB62
0044897B
00007476
005C5CEB
000004BF
00455B8F
0000E1E9
FFD6B2D6
FFE33665
001D593C
FFEC693D
00441371
000FE255
00533E89
000822F9
FFDDF764
00041B18
005D3C62
0016F3B5
000A7379
FFE2492D
0022CDD8
003161D8
00257664
0010F505
00228109
001495D3
000F53CD
FFE074CD
00217F62
00326642
FFF9632B
0054925B
003F6773
FFF5D8B5
002B82D8
FFE0A4F2
00071949
FFEEF65E
0065225C
FF8F873F
002C5557
FFB9CFF8
FFAFE5BF
00051585
FFDEA556
FFD784CB
000C9986
FFC47410
0048AF54
00099002
FFAA35DE
000241DD
FF451FC4
FFBE25E6
0066EDBE
00659CCA
004B5109
FFEAB4E1
FFFCE3FB
FF1DF6B4
005785FA
0037CA16
FFA8DD94
FFB73EE7
FFEB2296
FFEE2F0E
FFCEE1B1
00316DD0
FFF856AA
007AB3C5
FF5AB471
FF7A21B9
FFA0BF97
000FC2F3
0054312C
FFD07ED3
FFF0FCB3
FF83B24F
FFF916B3
FFD504AE
FFCCCD42
FFE6EDBB
004928DA
00323E4D
FFE23022
FFBB48B4
FFE46232
FF18401F
000F2866
FFD90272
00190292
003D3B78
001FE82A
0031D87E
007B2C58
0015DCE6
FFFEBCA7
FFFB9571
FFF3CC3A
000D96B2
FFF2872E
002889B5
FFCEBA8C
FFAC58FF
FFCBB2E0
00036F18
001C22DF
FFC50138
000BEF74
FFEE89FA
FFFE42D5
FFF33FF4
FFF5CBC8
00231CA7
000C0E60
0002AE85
0062244D
FFDA41D6
00079384
FFF548D6
FFF65B31
FF9CC89E
FFA5BEF3
004B7B71
006AED7A
FFBCD5EC
00219B7C
0036F5D4
0023C563
FFFE3ED0
000084AD
00182A7C
002D856B
001D6DEF
005F4F76
FFE81760
001FB921
FFC6D9E6
001BFB86
FFEB670B
FFE2ADEE
FFB3ECE1
001A279A
002D3295
FFA9B58D
FFCB16D9
0034500E
FFA8DE44
FFE02500
00273AEB
FFFA1563
FFECD8A6
005B40F7
FFD863D8
FFD73E79
0026968F
00288615
002E19AB
FFD803B0
006AD226
FFD9BEFD
008E1BAC
FF9B3BAD
FFAF37CD
000BFEB0
FFC52421
FFF59F3E
00223E2D
FFFF7448
0010DEED
0083AEFC
FFF00CEF
FFD2C4DA
FFC0C2AA
FFB559ED
FFDD461B
000F1259
0034F921
0023625E
004E05E2
FFDFD133
003E3609
FFF6F57F
FF8EB305
FFE4898D
0011B05F
FFB49610
FFF6C848
001ED6C0
FFE9444F
FFC81D8E
FFEE1E59
FFF53C99
FFD6FEBD
FFF13798
FFC4BF5D
FFE854EF
FFD66CAB
00300CFA
00335886
002C0CA1
FFEFD02E
002C229F
FFC78FD5
FFAC13D8
FFFF5F9F
00296915
FFC6DDDB
FFDFA98F
0024AFF4
0027885D
FFBB8A6B
FFE0CBCF
001142E8
FFDE90AF
FFFC55A9
0018F0B0
0046060A
0021C8A0
FFF13F16
FFBF3E7E
FFD5582F
FFECD287
00078B19
00061995
FFE77F46
006DF692
006FF998
FFEADE5B
001BE23B
FFCA3D20
000552FB
005BA428
FF9D082F
0012B28E
008326CB
0003BDF7
006230DE
FFF92534
0010CE3D
000A7DE8
00462788
003BDA22
FFBAB88D
0053DB52
003A1B76
00043C6E
FFB2511B
FFC70201
FFC1BD74
00384B37
00815CCD
FFF7DD23
FFDCD642
0070F91E
FFA641EF
FFD8D14E
000F8259
FFAE13D3
FFDA4023
FFEE9BEC
FFE37E44
FFD238E4
FFF4E0E1
FFDAE1D8
FFA75609
FFAF2668
0005C36F
FF9CA0D2
00302A94
FFE17169
FFE3C4B3
002C92BB
000962B7
FFFBFA77
002C8E31
FFC34A5B
006C8D7F
FFFAF01F
FFE94D9C
007F693C
002A2CDB
0000A86E
001D7B75
00237C84
FFF0EF59
FFAEC492
00278C74
00313977
0092AF80
FFAE2440
002CE478
FFD91BEE
FFE960D2
000A1CC6
0016B2C7
00247CE8
00217945
FFE615A0
00115C82
000AF5E3
0020E84E
FFDF536F
FFD5F369
00102DCE
00213996
001FB3DC
004325BE
FFDD9738
FFE3200C
FFC32ADF
FFF90F57
001A1A0A
0027DB03
FFE481AB
002654AF
FFF4D855
FFA9176C
FFEFA81C
FFD4E03A
FFF0B925
001C089C
FFBC9F1C
FFBA2EB2
002ADD75
FFD43D0E
FFD2AE27
FFE1B9A5
FFBF0355
00132DBF
FFC7F5B1
00674B84
007DA4F1
FFAE28D6
FFD9BE7F
FFDC790D
FFC2B447
FFF44438
FFB3C0CA
FFDEB1E6
FFED32E7
FFD7F9AE
FFD9AB52
FFF3BE23
00642713
007F7950
FF98E129
00154E1F
FFB7CD8D
001364D1
0002627F
002869B7
FFC84623
FFD58154
FFF1A823
FFD37279
FFA7D08B
FFC9C440
00231AA5
FFB62531
003EB546
FFD45CE5
FFBCE4F9
FFBCD941
FFD87E67
FFBF6353
003175F1
00367318
00221AD1
FFED6367
FFDFE563
001BB626
00192B6B
002E65F9
000C59EC
FFD75F28
FFB4CB63
FFF84092
FFAE0ABB
FFE20231
FFC4F745
0000CB30
0026F857
001BB8ED
FF8CD71C
FFCF2098
003CE7D8
0037155A
FFD9197A
FFE6F83E
000E7987
002AE8B3
FFC4E789
FFAC9305
FFF1315C
FFEDE59E
008335E3
008315D5
00166093
008CE2AB
FFED5294
005F8714
FFF4CE8D
00345B2F
FFD8A69E
FFEF1AFA
FFDE5705
00031EAF
FFE1611E
00282B05
FFA83575
00072CC4
001D0B31
0019F21A
FFA3EB4E
FFE28AD0
FFF9E766
FFE2C9F1
00648A77
FFE1721C
FFB0F3BF
FFF81B84
0046DE3E
0015216C
0000DE34
FFCAF230
FFEAEEE5
FFF3926C
FFD2F603
FFAF870F
FFDF948A
00053B14
FFFF6B0B
0003E5F9
001D1E9E
002326A1
001FE3C7
FFFE99C6
FFEE27B8
00000C80
00483045
FFFD4BB9
0044C2FB
004E2298
0034A9E5
FFDB1A8A
FFC1B15C
FFD8D098
0001E1F1
FFD57AE4
0026080F
FFB3D38F
FFC9BE62
FFF4B480
FFCC57C4
FFEE4225
0049A199
00741459
00328B2F
FFCD2D6D
0011E4DF
FF8ACE66
0034E799
003A0D2B
001103A5
FFC3203F
00592268
0019753B
0010C588
FFE76F2A
0049DA23
FFFCB2AD
00045C38
0042E4F2
FFD31A17
00144F90
002E53D1
FFF48D47
FFFC2ACD
FF776869
FFE8A7E1
FFDBC884
FFE379BC
003D2E5B
FFF3E448
006DADF5
0011F74E
FFE58E33
FFEB5835
000DB8B0
0000DD68
000A8790
FFE14874
FFDA8E37
000DC670
FFCD8C12
FFD008E1
00053689
00068B74
00422609
FFD66EA1
FFA6C1A6
002668BB
FFFFE620
0004D643
001946CB
00498927
FFB9491B
FFCA9D07
002C0A1B
FFB282E9
00273169
FFFED801
0053CC2F
FFBDAA7B
FFFC5828
FFE42CC9
0007FC13
FFCBA5AE
003C4C1C
000CD975
FFB8FE8E
FFC1B6E4
006DC769
FFAC9466
FFED3DFF
FFA9AD43
00278EE1
FFC5320D
002E2AF0
001015E9
FFD7F849
FFEB5BA1
004F63F3
FFF9572A
001A8D37
0062C247
FFC1271E
0047C453
0011335E
00287361
0072DB6A
FFE1B56B
003639A5
FFDC4EE6
FFEF6D8F
0054ED22
0038DD3D
FFEAEAEC
FFCE12AD
FFD30CC6
FFC90938
00083438
002EB249
001881BF
0024B2A9
004AA6B5
FFB71A07
005C2292
0048740E
003B3856
00308345
004ADD86
FFE9097F
00350E78
FFD6539E
002FA51F
FFE5AC50
005B360B
FFDA5444
00181116
FFEF6560
FFC736DF
00124C06
0038A614
00499345
FFD4B740
FFCE833D
000497F6
001E351F
0033E8A5
FFFA438D
0027DC7F
0018776D
001481D2
001F6616
FFE678A4
0037B27F
003FA69A
FFBBA576
0004A618
FFFE8EA0
FFDD696D
FFC018CA
00396935
00918801
003E267E
FF9B8167
FFB82954
FFDEC7EA
FF969562
00380D4A
FFBFC4FE
FFD8BABA
00023A8D
FFEF2D6B
FFC22657
FFE0690D
FFBAB048
00075516
002B0857
FFF69047
0012AE1B
002F3D82
00490FF0
FFF5DAFD
FFC83818
00282D83
FFBF8F64
FFE6F225
0029F4EB
FFFF7668
000C49A2
FF8C8215
FFE536AE
FFC9AB7E
FFDE5E25
FFDFBEF0
FF9C3A5D
003621DC
004261F8
003A081C
FFCE1FA1
00235A3A
FFBC697E
001207B7
00133318
FFF50571
000BC10F
FFEB0E62
FFFA62DF
0047C93E
FFD2C0A0
003457EE
0009689F
FFF3C220
00223982
FFB46B47
FF7C496D
0046CA0B
00685125
FFEB7EFF
FFE62F31
FFAE57D7
002B210B
FFDAD7C1
005D52BA
FFB3BA14
FFDBD0A9
00429233
FFE9B75C
000E0CAA
FFD4302A
FF72EA1C
0005098D
0041EAFF
00219B86
0013D1BA
FFE4DD05
001E3F7D
00509EE3
FFED6315
FFE297A4
002C8E64
0019E6A5
00005F7F
FFEF3210
FFEE729C
FFFA2422
FFDF68CA
0018D859
003A3635
0012FB94
0008DDBA
FFFBEC0B
000956B7
0001E3CF
FFFAED0A
FFDEBCF7
00095324
00407CB4
003EDE12
00344375
0040470A
FFEEF404
0033D3B3
FFEB4449
002655AB
FFFD3F3E
0022EF39
000D9875
FFD3BCB3
000EB8D4
FFCAE33E
000A2949
00082274
002D8A2B
FFE97671
FFFCE6A9
FFFFAD02
FFD4E2F2
000D2B03
00273172
FFFEDDF2
00145398
00079878
000C725B
FFE6631C
00154CA6
002EB2DF
0001C9AA
00058D46
00044820
003DF08D
0018F396
001F6FA6
0037C635
000913A6
FFFB14AB
000C44F8
001C6BA1
FFEFF5A4
0038C465
002A8A46
0041156F
00252714
001C7CE3
FFD7335A
00477178
004D9DDD
001BB5A1
FFDE5121
002EF1A3
FFD80764
FFF1E267
FFDCE3FC
FFD16CB9
FFD7740E
002DDA22
FFDCD559
0030786E
0019A2FE
FFD8F1A3
00219298
FFF5C712
0013BF30
0000675D
FFF3BC06
0001DF38
FFF680DE
FFDA278D
0008246C
0035033E
000F1EE9
FFE5DE08
FFE8BE3B
000E0EF5
00141AFB
00248B52
000A9A33
00031C68
00287415
0014369D
FFF730F4
000D9201
FFCEDC29
001B7A3F
0011983C
0010A9A2
001ED3C6
FFE11B5E
FFF9206D
0023A2BB
FFFA8247
002A7110
000EE6D7
00357421
002103ED
0025E2C8
FFFBBAA8
0046DDC8
0018B058
FFF66EDD
0005D51F
FFE0A01D
000079B7
004B165C
FFF73204
003C5BFD
FFFF6A19
001C9A8F
000C24E1
000656B0
0011D8EF
00306E08
005FB392
FFFA5277
003D8ED2
FFD912CC
FFF9D0BD
00474EE4
FFE48E72
0044408A
00225822
FFFE1AED
0029F40A
FFF61B43
FFE95852
FFD4524A
FFE1DCF2
001661F3
0029261D
000A1719
0029516B
000E8F96
001C8A58
0032DB86
000E3286
FFFE6F7F
FFFF1227
000E1373
FFBB5A9C
00307B76
0003B470
FFE2CFDA
002C1623
FFF38793
002F2335
FFE621C6
000AF799
FFEE8FC1
FFFB4FD7
000F6A7D
001F51D5
0064D76D
000C1B14
0008F3C5
0042C725
FFF0FBB8
00487D95
FFFD8727
00035768
003D5B55
FFD12742
FFD06B5A
00407CC3
001917CF
FFF08840
FFFDD65A
003BC85D
00011888
00207AE0
000AF551
00080599
FFF402A9
FFDF1DD1
002C33F8
FFE73583
001090E7
00393557
003D22F2
FFFF16E3
0033D967
0039A5B6
FFEE0F02
FFDCA763
00196E86
00164F91
00067746
FFD39297
000843A4
00193BDD
001CA233
00449594
0042D530
FFF3FAAD
FFF0206B
FFE68118
004A3421
002FB12C
0043AEBA
FFDC34FE
FFFF138E
FFE57760
FFE2D83F
00079BB2
FFD4073C
001A3C8D
0012873F
0044F433
001B8982
FFEB8EB1
FFEC7C14
003711DB
FFF63EDC
FFEEEFD5
FFD1D5C6
FFF568A5
00020370
FFD9177F
001B637D
002BD81F
FFDD6B22
FFEEADA2
0011C5D7
001BB551
FFEA80D2
004E0227
FFBA7507
FFEDEB15
0021530F
005DF70E
002A1E06
FFD223C0
FFE91439
FFF3C6AE
002A7062
0005B3DC
001E84C9
003043AA
0021FFCA
FFEE8450
FFDFC25A
002B1594
FFE3311D
0016D674
002789D4
FFF7EC65
000DFBFA
003D1BAF
FFECF582
FFE928FC
001E06F9
FFEB2FF1
FFE3870A
002B6345
003AC559
FFE314A3
004A4272
0024EC9E
FFFDDE6F
0028351C
0035738E
0006DB75
004C1472
0032632C
FFE90D2D
0006BECE
FFF3B571
000EA6FD
FFF34390
002F4304
0015AB74
0007A943
001AB073
FFE2FBA3
FFDB3084
FFF62958
0029173C
002CA155
FFDC15C5
FFFB01EF
001E9734
0011AABF
003F6341
FFEE218B
FFECD8B6
000538AB
0008E0BF
FFEFFA54
000BD339
FFDE5EE8
0027289B
FFEC0A79
001704FC
FFD9A221
002661E3
FFF36095
FFF0C690
0013A3A3
FFDACB4E
0012647D
000F43D4
FFFD2145
000C2CAE
002E5CFE
FFD43B74
FFF2671B
0006AB9C
FFCAE92A
0000E4DF
FFEEB218
002D1900
FFF879D6
FFEEF44C
00276FD9
0044396B
0021DFAC
FFE7260F
FFE6142C
FFEA40B3
FFFD6B18
FFFCB9B1
002EE746
00341C66
FFD78B69
002BEFEC
00270AD2
001FDA5C
FFEDCA87
002B77F7
002290D5
FFF8DD30
00403140
00226399
0019E882
003723BB
003B01EA
002AEB1D
003857B5
000BB749
00548CBE
FFEDF2A6
FFE3F590
000AD8B3
000A0A60
00071C23
002476FE
FFCD04F5
0002732C
002820AB
FFF1AFCB
FFC57AB5
0005E153
001116D1
FFC53FF7
FFCE142F
00128CB5
001D290D
FFE28B3E
00002E90
FFE620B9
0007A820
FFF21367
0032301F
0015C7A2
001B406C
00005591
0028CE51
001433FE
FFCE1244
001657E0
FFD64F1F
FFD0C423
003519B4
002D5289
FFDD877F
FFFDFBE8
FFDFD62E
0049CDD5
FFE5DA9B
00297B48
FFF46B98
0011124F
000E6BE0
000BF5B9
FFF1F14F
00529D01
00198492
00024E79
002DB337
FFF27FE4
003B178A
000EF10E
0011D4A7
FFDFDB0A
001F77ED
00258B4E
001219DC
002C833D
004FBB44
00316429
001A7CD5
002CC605
002445E0
003543DA
00168BD1
000D89B7
FFE4D143
001803F3
00438376
003AECDE
001586A3
FFF7BE13
002F83B9
0016C48E
001CA40A
FFDEEE5E
FFF6DA95
0034B6F6
0037D619
FFE4BE2C
0029E08D
001CC013
00489D1F
00240DF9
FFED4189
002D4085
00388A47
003889B2
003D17F5
001FC013
003D8DEB
001CAA01
00240C59
FFD92F69
0017896E
FFFB338B
001AA31D
FFD260CC
000C310D
FFD34511
002B66AF
FFF05251
004E4A0B
0024B939
0030507E
002541D8
004DBD37
0035ECEB
FFEC2D1F
0043BB55
0004E40D
000F2E8D
FFE32DDA
FFFA850A
FFF82AAC
00127595
000CD86B
0009F7E6
FFFE8E8B
000689B9
000285C5
001ACEDC
FFE5D239
FFDD80BA
000FB477
0013750C
FFE15879
0021ADDA
FFC99155
FFCD59ED
001923AD
000E305A
0005DC2A
000FA9D3
FFDCD692
FFFA3A9C
FFEADC9D
002C2F75
000C6C32
FFD9B84E
FFF10377
FFCC5575
0006CE81
FFEE813A
0004770E
FFFA4C46
0026678E
FFD2F3E7
FFE92266
0010937A
00136878
001B2785
00342B52
002579CD
001555DA
0041EDE7
00292BE0
FFF0B643
0048CB2A
FFFE7D7F
00025039
002718D4
000350C3
00011717
FFCC4BDF
00183757
000EF82D
FFF632C1
001E4190
000920C3
FFD0B392
FFC3B2BC
00015D36
FFE9B4AB
FFF4DF6C
000CC055
00504760
FFCB8E8E
00195F38
FFF401D4
FFD965B2
FFE63154
000F4AB6
FFECE577
00055EC1
FFB08395
FFECEBB7
00086C81
FFDCC9A3
000382DF
FFFE3195
00405C34
FFEBE314
00395621
004D70A2
00491425
FFF9295D
FFFEE1C2
0039D7AE
00086FFF
FFDB43A2
FFB8E455
00231639
FFB3692E
0014106A
FFBF0D23
FFCD18CC
003810AC
001EBD40
0044666D
004025B3
002A5EBF
001F9061
000E195A
FFEAD04D
FFFAD06A
00051F09
0029F87D
FFB1CF15
FFF8C36C
FFD0852E
0002D35D
FFCD8E8F
FFD4307C
0000922A
004247DE
0038CC6A
FFDD7079
00475466
FFE7E96D
005D46EA
FFED9353
FFDFF8F3
00165A09
FFCC2091
0022058B
0036416B
FFDFD8DD
00095F45
FFFF1131
FFC764E8
FFFD2011
000E5F66
00338E82
0004CC84
00449B6C
00149958
003B678B
00373414
0038A0B3
FFE6579B
FFD79AE3
FFBE97C1
002DD80D
00476436
0053EC9D
FFDEFB2D
FFCB8D5E
FFF6E0C2
FFEB505A
0040F5D7
001876D1
FFE9CD17
FFC37A54
FFE7F5BC
FFFB0FA1
001C4CC5
0034DD97
000F2078
00023B37
00387783
FFD60AE0
FFEB6710
0001D152
FFD1F908
FFC4694F
FFDF1CD6
FFC34756
00536315
00592E38
FFCE9FBF
FFD92518
FFD110BC
FFC1C978
00397D54
002525FF
000FDEF2
0038F6FE
00145B0D
FFCCF17A
0054580A
FFF7CCA0
FFF7FB9E
FFA3C6AC
FFA5012F
0017609D
0046C480
0003FE29
0033B105
002E7180
001D7C28
0012F514
FFE8C625
FFFC91C6
FFBA1E68
FFF56CE3
FFCCBB16
002A5B89
003929B1
FFD8D226
00260074
00466D41
0004B97C
FFDDC817
FFA7C5EE
FFBCA7D3
003F9998
FFD52488
FFFCEA76
FFF8D2D6
000F2CD5
00164F85
FFE92E09
002CE182
FFB88154
001D10AC
00183F17
FFD906F9
0003837F
FFF19642
FFB71D4D
001BDBEC
002DF77A
FFE5E279
005E9D17
00328AEE
002C30A5
FFE3E121
000835C8
FFCA10BB
FFF7C850
FFC2B874
0027B527
000CDB99
002B701C
FFEF66C6
FFFDBB30
FFA2267B
FFF99434
FFDB3CC5
0003B0A1
FFF7BDDB
FF8AF0A2
FFDDDA83
003F550F
002A5EE1
FFF6E5EB
FFF3902C
FFA7DB24
006A023D
FFF41D52
FFDEDEA3
003682CB
00126248
FFAD7174
FFC2A2B1
FFF4423D
FFAEA70B
000EE749
FFE626DD
FFE69902
0013C803
0000ED18
FFF7C7CD
002F6620
0073F4BC
00436E71
FFC25F79
FFDC3094
FFCAD6AC
FFF0BB89
00019606
FFF171FC
FFBD9F6E
00130967
FFE713D9
FFD44712
0036C72E
FF874323
00114CA8
008D2A26
FFDC7E6F
FFF4FB34
000BE07B
FFC7C459
00359C38
001A18A4
FFA1CF9B
FF87B5E5
FF7F082A
FFECD822
007BDA25
004445EB
0033AFA9
FFE5E255
FFE94910
FFAE008D
0051F977
0026BC18
004551D5
0011E6FD
004A3B3E
FFDC84DC
005624C8
FFFF7E16
FFF9D5DA
FFC842EE
00095801
FFDBE342
003C34D3
000AACA8
FFFF2AAB
000871DC
001E1B92
0010C1E9
002883C4
FFECC6D1
FFBC6550
FFA5FB9B
FFF5F1B1
FFD33196
FFD52BBA
0004FEFE
FFFAE7DC
002E1167
00402627
001B4BFE
000A972B
00166D3D
000EB10C
004A4178
FFD1F828
FFFB18A7
FFF86DCE
00460E59
FFE83296
0019CC9F
FFC77DC4
0028990D
000CAE62
002394BF
0007E9F4
000C1CD6
0000C507
003A8132
FFFE7E96
00593E74
FF674987
FF76F7DE
0022B816
FFF2B396
FFCF5DAD
FFCF92E0
000D93BA
FFD7545E
00140EA6
FFE8FCD4
001AD7D7
0016B293
0048521C
00256165
00271550
FFD26365
0018027F
FFEA93AF
FFE9B333
FFFFC3D8
FFC9BFB1
002360BD
FFBA287C
00307776
FFD09DAF
002934FC
002BCAEA
0023ECCD
FFEF033D
0027F350
FFBB3595
003C1A81
FFB9D185
FFD7795A
001CABF4
003A20EB
002179AA
003083D3
FFC3841C
00097995
002F1159
0000F39F
0004C801
00267CA6
00411E1D
001A0825
FFF0CB29
FFC6D1FB
FFF151AE
FFDCD655
003F29E1
FFD18780
0031801E
00497FE6
0007F7E0
000223C6
FFD981AD
000B792D
00427EA7
FFBD344E
00477A38
000957EB
0039132D
0002E906
00837B71
FFD5BD64
FFD4E411
001BB956
00156688
000CE880
000CA214
FFF782BD
001C957C
00050B6D
FFA45AE3
FFB1BEEA
00083B3A
FFF0CB38
FFECAF42
0002B7FF
0010BEEC
00032B8E
FFF9BA14
FFE2CC42
00017FC4
FFBC14BB
FFF0D5FA
00189694
0038DC07
001A3344
00134D09
FFC6188B
00069020
002DC381
00319435
002ED1D7
0042171A
FFAC586B
0053E3DC
003D2D03
FFD7FDA8
FFE97B97
FFED8A4B
FFC3ED6F
00303FAA
00139A88
FFEE002F
FFD14603
FFA5C6AF
FFE1DF76
FFE0F45E
00454201
0034E924
000A9B1D
FFF54CEE
FFD4E95F
00052C71
002861B9
000EFA3F
000C1661
0023047C
00346BA6
FFF1FCFA
FFDC59FE
009350F8
006041E0
00112FD1
0003C764
FFF445E2
0062B618
0028070F
00267442
000CBA83
002BB618
000A49F4
FF9992A3
FFB69FFF
000DE247
0008C39C
0031C933
0018278B
000D2C99
FFCC2E49
000CE1E7
00588BDB
00412579
FFEBDEEE
FFC7AF0F
FFFB5029
FFE3F81E
FFF97A0E
FFB2A8C9
FFF8E1D8
FFEC50A9
FFF01848
002D1307
00057737
FFF835CB
FFE2C7EB
00077F8E
00447403
002E8BFE
001B1C1E
0010F096
FFE6CE61
001031FB
00127E22
0022ABEE
00379BAB
FFE9C2E0
00181FE8
FFECBA77
0002E061
FFCC6C09
000E3954
FFD7E22E
00256D84
000AAEA4
FFE92687
00199C8B
00134B6C
000CB552
0030C65A
0060079C
00481AF9
FFEFBADC
00127591
FF47ABC5
FFAB8F3A
004755EE
00287BD2
FFBEF7F5
0044B067
FFDD4A90
FFBC23C6
FFEFB5AB
00027187
003690C2
00451DDD
0046F448
FFF0C99B
0042B506
FFE7C677
00454666
FFF6441F
FFB3F42D
FFD9FC80
FFFFB966
FFFB9454
FFDE3018
FFE8FB48
0027C3AC
0041991E
00042187
FFE6FE25
0024D5E1
0021BB5D
00327A52
FFD90FE0
0004184F
0000D3ED
FFCBB8E4
FFD552D6
0036DBDC
001C55B2
00162CE4
FFDC4BE8
003C14B8
0022B6CD
0010145C
0024066A
FFE51C31
FFDC3025
FFEBC2AD
00229A08
FFDCF8D3
FFED142A
002CD605
0037E759
0009A9A3
000AE30C
00050070
002EC973
FFFA0010
FFC5A072
003264D6
FFEFF3F1
00077DBD
FFF29829
FFB4DC95
002C97C4
003F72AC
FFB75D2E
0021D582
FFE93565
FFFEE66E
FFEAC039
00223763
005CE3DC
003DF400
00474A49
FFDA2CF9
FFE8A2DD
FFCA3DD1
000BE5A7
FFF8A524
FFF3495B
FFDD6818
0009969D
FFF65E55
FFB6025F
0041B960
0000B0BE
FFCA0972
000106E7
FFFA0179
00265AA3
FFEC96D4
FFCB0668
003C948C
FFF5A95D
FFF3FAFB
0002591E
FFF5B4AD
001429C7
FFECF5E6
FFC4123E
FFF13F06
FFC91666
001E3B90
000D6ADF
003CAC17
FFF58589
FFEF8866
001128C3
FF917013
002C4B56
005EC6A0
0024134E
00440193
FFF6D538
001EC98B
0032E09D
FFCF7C93
002992B4
00126513
00182547
00180055
FFEB1D57
FFC3476A
002556C5
FFE89CC3
0004B5A6
0013EA42
FFBE7B86
FFE31B44
FFE33B83
0033A934
002B13A1
002D6A71
FFFDE7E4
FFF5AAC5
FF8C8C9A
FF733D20
002D1E4B
0054B823
00519784
006CCEB0
0048C303
FFD80FF9
0034B17F
0003E0BF
00432880
FFFEA2D0
000A3CD3
FFE55EDA
FFF56E21
001302A6
000171A3
FFEA3C96
FFFBE33B
FFF4A19F
FFF0D2BE
FFE599C1
FFE09221
FFE65ED0
0003B541
FFDD85BD
001666D5
FFE6157E
FFEF6C2D
001872F3
0016DAD9
00158844
001DCDEB
FFF80CCE
FFEDBC09
0014B6B9
000E9CAE
FFEA47E9
FFF3BFE4
001102BC
FFFF87BB
001BAAA3
FFE945F5
00012E5B
0013C0B2
FFFA1CF8
FFF9DDD9
FFE9ED67
002BD775
FFE3182E
FFEBFA77
FFFEC2F7
0014268D
FFEC72A6
FFF19675
0015471F
002998E1
00158832
000B7AF7
00061767
0014B3BD
FFFFDF2B
FFDE8ECC
0014F911
0002D3A2
00057D88
000E4B8C
0010701B
FFE628BF
FFEA1441
000EBA29
FFEFA9A2
FFF68012
FFF2C11C
FFF3A6BE
0005D42B
0017257A
000A90E7
FFFB91C7
00283225
FFEB8C2C
001E09AE
00230DD5
000B22A3
FFFC2801
000CF4B2
00103138
FFFE428C
0002E3E6
001A4504
000A63DF
001F17F1
001D9081
FFF9CF6E
000DCFB0
FFF7F373
000F0118
FFEBD75D
00088ECB
001201AB
FFF93E09
00025B8C
0001F8E0
FFED9CD0
000C5982
00232B4A
FFE1A624
FFFA7B7C
FFF3E096
001607B5
0022475D
002A4BE7
0016B093
FFECE3FF
FFDFEECB
0011BF2A
FFF75692
FFFB8E59
FFF927CF
0026C68C
00087363
FFF27974
FFFE86F9
0025264D
002BD1AD
00153721
00325AC3
00388797
0022AEB0
0017DA4A
00255EB5
003382E2
FFE2FD59
FFF2D00E
FFF15AC4
00308B48
002E076D
000DFBCA
FFF4C45D
002FF7F7
FFEFC07D
0003C851
0013DF78
001A77C8
00053A7A
00044891
FFF49CCD
000DEFFC
0002D1D8
0012FD98
002E86F1
00419064
FFCC2F5C
0022F158
000B6A45
0013260A
001B9263
FFF3A59F
000E3CD8
0026D8E7
0032B5C6
FFFF6C32
FFF803A2
FFF2B943
FFFC3CEB
0012FF06
FFFD3183
0002B90F
FFEA517F
0008EA76
00141100
0003F1D9
002415DF
FFD9C243
FFFC1F1C
FFE3DEA8
FFF714FD
FFDF6DE9
002F4D5E
0001A9EC
FFF076AE
0005EC0B
0001EAF3
FFE0937A
FFE4CE13
FFE820FD
FFF854F2
0036E1C0
0029B9C6
00219470
00187D70
0019F832
001ECBCB
000C593A
FFAEED38
FFF5573C
FFD2A8D8
FFFD5145
002ED23E
0014C9EB
FFD0F09A
FFBDF393
FFC1809E
FFDD55B2
0013A901
0010BCEC
FFED5F13
FFF43FDB
002A8309
000DB953
FFFC6D51
FFECB9A5
00178C12
0000B00D
FFFC518B
FFFF3032
FFE83CDA
00265859
FFFE09E0
000ADCDA
00116D24
00115084
00353228
FFF99F39
FFE8D92A
FFF422D6
FFE75A7B
FFE673B6
000FF70C
001685B1
FFDE82F2
0005D692
FFEFA5F5
FFC748D7
0022E1E7
000D2A7F
001736B8
00149A10
001CAC3E
FFF5DDBB
00223376
FFF956F4
FFE55B75
0019FFCF
002B8A82
000BAE66
FFE0DC27
FFF4609C
FFE5D456
00060A70
000450CD
FFD5AF77
FFE8C10C
FFF312DD
FFF1222B
0012EB23
001A6A8E
FFFA75B5
00054B67
002AB673
FFBC18F4
000C983B
FFD564D1
FFE80A1E
00251ADF
001839D5
00063C54
0015B689
FFEC86B8
FFEED3A6
00069DFB
0019C72F
FFFE1851
FFEE9C9B
0020BB61
000C687E
003133C1
FFF8DA6D
001BCF4A
FFE99B53
0000301A
001D601D
FFEDCFC9
0012BE6D
0038A4A6
FFF41BDF
FFF97CE3
FFE3AA8E
FFEDC7C0
0000EF83
FFFA5496
FFF7819F
00052E91
001EBBAF
001FB8E3
0015544C
FFEF54F8
000220CF
000AF959
00126F99
0017895C
0018E59A
0011B5ED
FFE0516D
0017FE41
001EE554
FFE3ABD9
00225B0A
FFE2B092
FFE22C7D
000754DA
FFDC6664
FFEFACB0
001A047F
FFF05A09
FFDAA3EF
00161EE8
00396ACE
FFE56A01
FFF19F05
001ED46E
00060DD5
002F2E14
00194AD2
0006D69D
FFED0ABD
002F6165
00201544
002DABBD
FFDC834D
FFD86155
FFEE03BC
0035D926
00485A9E
0017DD68
0014601A
000AF646
00138F9A
001D32FF
0013654D
00019F18
0021A64C
0016F26D
FFE4DAFB
003068DA
FFF8293D
FFEA6C39
00181B98
00040B62
002E85B7
002A70F9
FFFF5B13
00112B6F
00267C35
00243641
FFEE4E52
00000E0C
FFF43D5B
FFF7F33E
001A8DE1
002239FA
001CC040
00088E26
FFF7DED6
0017CD9A
002742FC
00367F4B
002A23A1
002421D3
001B33D1
0001C869
00170B0B
FFF1FDD6
00222F3A
FFE22809
FFFA4378
000F5782
FFE6A609
00563D61
FFF68681
0000B3F9
FFFC2BBE
FFDF4C6E
002B6B6D
00038225
00152A94
001E0F8F
003571AB
00162D10
FFF121F3
0010473B
002FFFC3
0023FE3A
003B3176
00241B30
00208EF5
FFF4BA8C
0027F651
001017E0
00216D74
00010175
00202B0B
FFF55441
0014DF55
00020136
FFEE4B6A
002021A0
0007E39F
002734AD
002BC27E
00103941
FFE6EC96
FFFFCFF5
001E6F04
00076688
0020AFBF
0003D1DF
FFE1505B
FFDDE33E
0002B678
001A7810
000951D4
0018CF2C
FFF5BA97
0009EEBB
FFEAD747
FFEE1F29
000C769F
FFF351B9
0000CF65
FFE1FED0
FFEFB9D7
000C949A
FFE010FB
000E2366
000DF342
FFDC4B3A
FFFB1A79
003817EC
0019741D
FFF2D0D5
000A95FA
001D629F
FFDD1C24
FFE0E622
0026EA53
FFFEEC8A
00118624
FFED021E
FFED2350
FFC81425
FFF6C728
002E7E15
000EA78D
00210CAB
0019480C
FFEEBC5B
FFE37CCE
0001AAB8
002AE286
0028610D
00211A85
00438F64
FFFFF86C
001F54C0
00097A79
FFEF0E68
001D1422
0024BB84
00019592
FFFE704F
0006BF88
0016A143
0005F244
00134802
FFD3EBF3
FFEC6E9F
0038B03A
0000C6F2
FFE01599
0010C93C
000C7F8F
FFE590DB
0019009A
00052564
00173558
002EE9D4
FFE09F25
FFE3789A
0017F735
001B3DE8
0017490D
00198BFA
FFF44C5A
003AE324
003B1DCB
003FAA87
000596AC
00239745
00209404
00027BA6
00116B81
0003B316
00155A70
001DA0E0
0017F22A
FFD493EA
FFF2E19E
000ADBDF
001CEAF0
002D0FD3
002C64D5
FFDC1271
FFFE3410
FFFA08AD
FFEC6FC5
0042D00C
001A32B2
0004597F
FFEFD4F4
001B0BE5
00182EE0
FFEDC115
FFFAC6B9
FFEB9D58
FFDC0042
000CC51E
FFE80E7D
0010AF6E
000D3AF8
000EE592
FFE3663A
000E0EA8
000FED4D
00107B72
FFE68DA1
FFF62410
0032ADB9
0012C3C5
00029FB8
00114FD9
002AD785
001B7CEF
002287E5
0006FF43
0028708A
FFEC7470
0020CD6C
00107639
FFE24535
FFE07DD3
FFDEB275
0017E86E
FFDA27A1
00249136
FFD3C84F
00079A19
002CFBE1
0029C0F3
FFF9BA68
FFF96ED4
001386E2
001E2E9A
0014DB72
001DBB83
0017AD6F
FFC733AF
FFF247B2
0026E16E
FFEC33B9
0012F77A
0039E321
0030F3B4
00371488
002EBA1A
0012021B
FFFD8A07
FFC3AA12
00019885
FFE52563
FFF4E61A
000B2575
FFED25E1
FFF68EB0
FFF97D69
0008941C
FFE03518
000CD9F9
00085CF8
FFEDBFE5
003B6148
006DAAAE
FFA1D1F8
FFDF7E82
FFC7B9F0
FFA1212A
FFCE741A
004BBBFC
FF9E5B79
FFEDABCF
00219B5E
FFF41B1A
0087D384
0044C370
0015F1AE
002320C3
FFD19B5D
0022C027
0041FFA5
00291F50
005BA1BB
FF95D2F2
FFD9F9B5
000AC3D2
0007E17B
FFFB3D5F
000C9141
FFF334B7
009C8F38
FFFE81EE
0030C31F
00002499
001FC445
00112977
0029F39F
000F53AB
FFE355A5
FFEF72E3
002C84BE
0047B028
0052813C
FF870C2D
0052A8A2
FFF2C824
FF660519
000D726F
FFB07163
0008A0FA
006FA12E
FFF1259D
00323DE8
FFD601B3
0044F06D
00569B49
FFE3A860
FFE14073
FF8DEC41
FFE83433
FFB6DA96
FFC39B38
0017CDF3
FFDC863C
00490A38
FFACB97F
00209A61
0027C131
0001C17B
0071EC09
007C4269
FFBA3586
FFD0F81C
0055862E
00112F4D
FFF71C51
FFED1BDA
0047D0CD
FFDBDF25
0004D5BE
FFF6924B
004D1912
003E8046
003B8F01
0032CA88
FF98BEB7
FFE7576E
004AE68F
FFF65D11
FFE87148
002231DB
0021FC98
001BB646
FFE20803
0045E8C5
FFF74A4A
FFDC3C1A
00029357
FFB3118B
000DDF9B
FFDF1D6C
FFF0DF02
FF8D692D
FFE105D5
00081C89
0015E29D
000A0163
00155269
FFDEFB52
FF8D71F1
FFFED0D8
FFCC3D1B
003F9CB3
FFBD7DE5
0001D353
FFB14075
0021BD5A
00132225
001C0503
0003BCF4
00624157
FFB1F2F7
FFF48431
FF77AA57
001CAAEF
FFF9960E
000CAB34
009B79C0
00690534
FFE72F6E
0093DB78
FFECAC53
000AD60B
FFD12F1A
000A1544
FFE0AE8B
0063A286
0067103F
003A3AAF
FFFE4742
00A3C221
002A6E14
0094A2AC
001A3BE7
FF7C4777
FFC5F954
003DE4F0
0008B4A8
FFA7589C
004FDEEB
FFF9F41A
001028C1
0008607D
0005341F
FFBA09C7
FFDDF8D9
0012DA2B
FFDD3604
FFE8B317
00871EE9
FFDEAB5B
0039D974
FFA58771
0002B441
0053E608
00355B4C
00319582
FFDC659A
003B1066
007A7844
003955B0
FFC6329C
003B53AF
00558341
FF98980E
FFE7A0B8
FFE92F4E
FFCB388B
008908DB
FFE94A03
001C1750
00629FCB
FFF2A600
FFDC2441
FFC22F68
004E7221
008A1FDC
FFA78510
FF0EED44
FF429A05
FFE793CA
00040F55
00129B5F
FFC8B9D4
000D7A8A
FFBE982B
FFB6B62C
0040FA9E
FFF2C3BC
FF60C269
0036B09C
FFD4C6C3
0020ABD0
006B8C4F
002B13DB
FF7E533C
000E7E1B
0005AF75
FFDC535B
00332231
FFE4D026
FFBF053C
FFC7C65A
0059D393
FFDACFBF
0035D81C
004A7B6E
000776C6
FF804032
00310C9B
FFE1FE99
003E25FE
FFE46B10
0030A08F
FF96E128
0004956E
000C1021
005D11CA
001CF88F
FFF8FB1C
001C9C92
FFE28113
FFDB1270
0014E201
FFB076BB
FFF7A4BE
003A376B
0034E048
001B8610
FFE7B918
FF9C37BE
00793B8D
0019DCEA
000B9467
FFD665A7
003B613F
003BC184
001326FE
005F2C8C
FFCB3E2F
002C871E
FFC16638
FFE4BA70
002689B6
001230BC
00464997
FFB34D65
FFDCAF8D
001209D4
FFDF000A
0068BBC5
FFE0CD91
001E65D4
FFCE2D91
000C2D1A
FFC95546
FFFED5E6
FFD46BCE
FFC2109F
003D9338
FFB7FA72
FFAA256C
FFABBC16
0059EF79
FFEE8348
FFEF7889
FFAA75BD
00010C34
FFB83AD0
0070A3CC
002BF98D
FFA1A716
FFAA1718
00333187
FFDE06D5
FFCAD605
005D4C6D
00037C3E
003CB61B
0000336C
001025CA
0026EFE4
FF915A50
003C23C3
FFBDDB09
00203A08
001DDBB6
FFA9030E
0038711C
FFF74F37
000AE4B7
0017BEFE
0089B644
0018FC45
00401B39
000FDF41
00004D83
00212706
FFB255B2
00432E06
00069319
0006FA42
0016D29B
FFFC4DD8
FFCD7695
FFC54DAF
000BA790
FFFAFFCE
FFFAD79B
FF9A373E
0080D5DA
000BA5F7
00327334
FF9D0BDE
000EB6CA
0027A835
00294F33
00048B5B
FFF62440
FFE4C45E
FFE9F121
FFF82E33
FFD13E19
FFF72354
FFAAD42C
00028A3B
FFA943E7
FFC74F46
0028A6D7
FFC90FCE
FFFBFCAD
0048DBA6
009D3C9E
00034E84
0034A438
00101217
FFD79A2E
FFD33683
002016F8
0006B5C2
003AA8AC
FFF0E2ED
0004CB1B
FFB8D8CC
FFB96FAE
FFE67F71
FFBE183F
006E020A
FFE0379D
FFFA02D4
0035933D
001DC674
FFED3A04
FFF7F1E1
000A172A
FF976D58
0057CBCF
FFA0B189
FF98F20D
0031841A
FFF127CB
FFDFE189
0007CBB4
FFF5B9C4
0026057F
003DD795
002D3111
FFDDCD52
FFA68FE1
FFD60B15
FF813327
FFB1D1EF
003BFD3B
FFD0F8D0
0009904A
FFE48D72
001DFF07
FFFAFD82
0015DA10
002F7F2C
002FEE06
001A29D9
0012209D
FF774792
FFF7D8AA
000BF4A5
0012A125
FFF53C37
00256828
0050EF81
FFDC01C5
0000357D
FF9F8836
FFC25A0B
FFF4FD1D
FFBAED78
FFE98015
FFE883A1
001AE8FF
FFB3DE81
FFED689D
001B7F2F
FFAF42E2
FFA1C23A
FFD75D09
00060766
FF7EA3A0
FFA8D442
FF938324
004F550A
000C6A90
0031349D
FFFE312B
FFD7C763
002648D2
FFAA7C07
FFC77C37
FFB1A1DA
0086D5D6
003F39B7
FFF8C4C2
0005E9AA
FFD2DC95
006B4F45
FFD948A8
0021F694
000CE7B1
FFBDFF42
001E47BC
FFABD831
00500B78
FF7CAFB5
FFBB9B58
FFC5B8FE
FFD2CA3C
FF9B87A8
FFDEEC10
000CD705
005B2D02
FFDB3C9C
001B2E07
004751E6
00313850
FFBB41D8
FFD07B0D
0055EEB6
0056B7D3
0017234F
00231C1B
FFC5DBC9
FFA1D712
001926CB
00373DF8
FFF3B17E
FFBDEBB8
003F8DEB
FFDA0BCA
FFC12BB4
001584EE
0047AD7D
FFCA1241
00674791
0035DB46
FFF65646
0031F40B
FFF222AA
FFED46A6
0011AD9A
FFE2CDA4
0035ED97
0028E649
FFD2D7B8
FFF4780D
001FDA7C
003B945D
FFAB932D
FFDC0D04
FFFEFDAD
FFC45692
FFD1DBCB
FFF4AABE
FFBFC057
FFA34B0F
000CF73F
00369BE2
002DB67E
FFF4D65A
003DEAF5
0008CE53
FFD6DC37
FFFDACA3
000E12B8
FFF8FB69
FFD72911
000A420A
00087A75
FFF91289
FFE370D1
002ABF6B
0027B092
FFF87AB4
002665D7
FFEF0981
FFEB15D2
FFE61D7C
00103FF0
0001C84D
001825B2
003FAE9E
FFE90379
007D396E
006A58B2
00513203
FFCED71C
0003C155
FFED2C2D
004A7D49
00470800
002944AD
0018A8CF
00202FFB
0005EEDD
001B1F74
FFBDB092
FFD32728
FF895715
007A211C
FFC448F8
FFD3F587
FFA3E34C
003D0BA0
00551550
00432373
FFEA982B
FFBAFE63
005E33D1
004C1DBD
FFDEAED4
00063A0E
001B802E
FFEB0EE8
FF919D85
FFDE02B9
FFAA3CFE
FF6DD76A
FFD6FB1C
FFDD83FA
FFAE5E6B
FFC1A937
006A9C6A
001E6EF3
FFC9D35D
002F64A9
004B4C35
FFBEBBC4
0027D3C6
001FD231
FFDD2BFA
FFF7B873
FF9A2EF7
002DC41E
FFB2579E
002955BE
00008E66
FFC17F25
0013B059
00211406
001515F3
002F9B66
FFFEB384
FFC0A695
00197D36
000CD990
001F96A6
001672DA
FFEC30AD
00168EFB
0015B828
000EA032
000AA6A3
FFF839A7
FFBB663D
FFB5EB46
004B16B9
FFFC438F
FFCC2F8E
FFAF73B7
FFC6FD78
000443D6
004B2AD6
007F4C03
FFF0F288
FFC1B699
FFE0E128
00339712
FFEB73B4
0002EA12
FFAEB435
FFCA6DBE
00043B70
FFA1B45B
00175DD1
FFC8BAD6
FFF17829
FFCF075F
00032745
FFC9FD14
FFF8BE14
FFFA0D1E
FFEBB979
FFF4B9B7
FFECE3F6
00042B34
002D7ECA
003E6B38
FFD49932
FFFE8E65
FFB9A929
FFD92703
00233B89
001DEEE7
FFDD7437
FFCBF389
000CA072
00053AD2
0037754F
004AFC72
002340F2
0040B833
000A76E9
FFCD3086
0040CAEC
000181F7
FFE54010
004E7671
0025CAA2
FFCB6E23
FFFF7FD5
001EDC38
0011E86B
FFFBCA91
FFCA142F
003C04C2
0031378E
00394568
0020E45C
0030EE3D
000065E4
0006590B
FF987230
FFB960A7
00068065
FFD70AE4
003775E3
00192E4F
FFCCED2F
FFFE93DF
00302BC4
FFD322BA
00171D57
001B58DA
FFF7AAD8
000F58D7
0008A270
002DAF77
FFDFF982
FFFCE98F
0000A7F6
FFF4E492
FFFD3C41
002A8479
FFC9C7E0
0002C6BF
FFF28317
0041BB44
000F287A
00081D0A
001ECABC
FFDB5BE9
FFE59B08
000E9114
FFD7B6BC
FFD58E4F
FFD1FA64
0003CA0D
FFD85AB1
0015C162
000064B4
003BD63E
0025A949
FFB84ADE
0027801D
003B5992
FFEBB9B9
FFD9B26D
FFF40E83
FFD92308
FFC5B7F5
FFD763E5
FFF79BD8
004E9446
001486BA
FFD1ADFD
000DD5CB
FFF81163
FFF8A558
FFF8F261
FF78FEF4
000F4482
FFF7F502
FFA42599
FFBA9031
FFFEA631
001BD4EE
001A5E44
FFE2D330
001F71F5
FFF0BDE3
FFE42F7C
FFFECDA5
0006C53D
001DF0C9
00244D20
0012E958
FFB9C7C9
00237BAD
FFABF878
001FDC70
FFF84FB9
FFF8B825
0012C068
FFEDF080
0016B626
00029457
FFDCA372
000E77FD
002DE618
001E5B63
000D8987
0035375B
002161A0
0024CB9F
0048B0CB
FFF89E87
FFBD9C50
0042B6D6
00100451
000BAF91
00041A50
FF9D4C14
FF93E631
0042F9DE
0032CBB1
000D46A5
001FA0A9
FFDB80D3
FFFDF3BC
00291EC6
FFB94D0E
FFEBDB90
0005EDAB
00112AC3
00034CE8
00024EF1
FFEE2EB7
FFE11F1B
FFF04A75
FFC1835B
FFED9713
000EC01F
FFD92B9F
002A0B64
001EAF69
000AB2ED
FFF4E711
000B2230
FFCE7784
001C1EEB
000F3A80
FFFC185F
FFF4AC45
FFE8C477
FFEFB9F8
FFF06FBB
002B4D98
003D8DDD
FFE146AA
001A5694
FFBA77B3
00067EF6
FFC611BB
FFB2A3C7
FFE2CCA4
FFA21069
FFE1B9DF
FFE2D6A4
FFF0DC45
0010C863
002780DD
FFECBEA3
0025B4D0
00004592
FF99DB85
FFF8AF4A
FFDCDBBC
0040E34D
0070AE4E
FFF2C017
00312787
0028BF55
0015B24E
FFC9EF9B
FFBD09AA
FFE4CB2C
002BA4A5
0025F7B3
006A1AAA
FFA8BD52
FFD07149
003898FB
FFE70464
0007275F
0014CAC9
00130191
001F214C
000AAA63
FFE7F623
FFF85CAA
FFDB1775
FFD0D6DC
00381DE9
001E8BD5
001DA62C
FFDF957C
FFECA140
FFDC94B9
FFE515CA
FFE35BB8
0051B451
FFECBF36
00236C0C
FFFEB409
00433201
00791FC9
00429AA5
0056378D
000A8BED
0024F3AF
0010B482
FFCE3FD1
000A2C3D
FFD94DBA
FFE5CE51
FFD1481B
FFF8A7B7
FFA70E84
0021F0FA
FFC53E1F
FFDD774E
FFF049D1
FFD90152
FFCDC54E
0055C17B
FFEAE69B
001F76A5
0025E908
FFFB935E
00045D1A
FFFB8949
0017F286
005F7E7B
FFC2580A
FFE26684
FFC65E57
FFCC2ADD
FFDF3FB2
FFEDEF5E
FFDD5271
FFCC3608
FFF6B8D6
FFD7F17A
002C98F6
00199F7A
000BCACD
001B70F2
FFFD2AA4
FFFB7E7F
FF7A132A
FF8608FA
FFE811F3
FFF7E76A
FFFF606B
FFE56D4E
000652B3
FFD87941
FFE30255
FFE5AF24
FFD38A78
FFE6A2F3
FFDA4739
0016B4AF
00586A95
0045773C
00133209
004C3BC7
00134868
FFEAC668
FFBE7DA6
FFCEA09C
FFF8E9C9
FFD82239
FFF91422
FFE7E49B
FFCEC609
FFE95A6A
FFCC3517
FFDA8EBD
0046798E
FFF6A69E
FFF22EA1
0028F0D2
FFE74CBA
FFDF2F39
0035C2C7
FFE25E29
FFC91A54
001043F8
FFC81792
0004ECCF
FFE0F59B
FFA6B5E1
FFF6C605
FFF9036C
FFEE3690
FFF04E53
FFB32356
001821EF
FFF19AAE
FFC6E1C5
FFDCDCD1
FFC97612
FFBE978A
FFB22981
00054622
FFF2238C
FFFC7458
0078B8AC
007135D4
000AB1C4
FFF90615
0035078C
0060B6ED
FFD5686E
FFECFD52
00105870
FFDF4724
FFEDB98D
FFC2D7A7
FFD3FCC2
004958D3
00527F0A
003534FD
002F2AB7
0023635B
00157A8B
FFE47557
0015B11D
002AEB55
FFF76E19
FFC375E2
00168756
FFDFB1BC
FFF6B111
FFEAA7E5
FFF2F86D
FFE37101
FFEA79AB
000B3A54
FFF3F957
FFD1EFEF
006D66F9
002F32B4
001403A9
0017CF7C
002E9AAF
000256B1
000DCD56
00126556
FFD2CEB2
FFC8E74F
FFD52938
000D4389
003C52A7
FFCDB4B5
FFDBA19E
FFB7095B
001EA810
0057EDA0
FFFAB9F7
FFAEA080
00192DAE
0041423C
FFE1CE7B
000F9A4F
0018A160
FFCA62A0
FFC5AEC7
FFF2B5DD
000DA2A7
FFE456E8
0020AA50
FFF2BE64
FFF7EB03
000E9575
000045D9
FFF5AA6E
FFFB9271
FFED422B
001F8FA9
000DE998
0016ECED
FFD6AB14
001B7A1A
FFD1694A
FFE903C5
0002D0CE
FFEE1EA2
FFF58AB4
0025BEFE
FFFB78C4
001731D2
0006DAEF
0034641E
000CD589
00060D5C
00479FA1
FFF83F06
000B03F7
FFF089BE
FFAF803C
000897CB
FFB93CEA
FFDF6B6C
FFD3C318
001677A2
FFD0E50E
FFE5FB5F
FFEE8C50
000E3582
00120EDC
001C1203
0009C4AC
FFE6CD47
FFF95465
FFB0645A
FFC379B0
00026DC6
0025227A
000FB5D3
0017E53C
FFF6A021
0000CCC2
003F522E
001532D2
FFCC3843
FFC0293E
FFE98FB1
FFEB0F68
FFB2A97E
FFECE63F
0005D403
FFC9C1B0
FFD591B4
0029E413
00281665
003335E6
FFD5B553
FFD64F43
004B0C93
00327E7F
002D9799
002EFD41
FFE0A282
FFEDAE66
FFF4719E
FFE203EE
FFD6F02B
FFD771BA
0020E4AF
FFF78FE9
001A4730
FFF068D8
FFE9C843
FFB8943C
FFFBDD73
FFF8387C
FFD7E997
FFC146DB
FFBDDD3E
FF97371C
00496F14
FFD29735
FFAFD085
FFB97C36
FFEA374F
FFAD89AE
0010F69A
FFCF56A4
FFB75D67
000A2BA9
0045E26A
001A6CF9
00364E9B
0026D64E
0048E202
001CB5A3
FFF56728
FFEC013F
0040B0F1
005C1E04
0038E96E
002B8D4E
FFD88732
0038A1E1
00274BB8
00077885
004B8826
FFF8ADAE
FFE1FEEB
FFDB6A11
002F15F1
006EA851
0009AA95
002EF8F6
FFC89D73
001841D5
0029DC5C
000C230D
FFF6F3A6
FFFF70CA
000DB30F
00190E3F
003AB58C
FFF0D629
00075521
FFCA4180
0036D014
FFB37FBA
003BE956
00095316
FFA5A62B
003919F4
FFEE7F88
0049D8CB
00625185
FFEFAAD6
002BDB2D
0031B2AE
0077AFDB
FFE71751
0006A63A
006633F9
FFD00DE9
FF7D603A
00428AF7
FFB95B15
FFC8FB32
00200C18
FFDDEF14
00A098CE
FF6BEFE4
FFC55497
0011588A
0018E38C
000685BD
FFD7FF7A
0044EF60
FFF0CB3B
008178D2
0041862A
007A3C68
FF9A6903
FFDCF66B
00153E5C
00061FBB
003B9C80
FFD457AF
FFEB3500
FF9A1708
00339ACB
FFD9CC1E
00357DE6
008D236C
00153AB5
0062D7B8
FFE72C7D
FFD0A0D6
FFD895B3
003B1494
FFF09072
FFA7EE83
000D2435
FFD5B716
FFF1167A
00495A4A
00011415
FFE24322
000088C9
FFFEEB7A
006663CA
0017EE44
00965865
FFEA1FB6
005B926F
FFB80373
FFEBABEE
00196490
FFC27D2E
FF7E231D
005FE5DD
FF8A05F9
FFBF262E
FFE31AD1
FFB54821
FFC0EE59
004A5817
0007AB77
FFC785AC
00447A1D
FF9D489E
00429754
0059C8A2
FFDBA935
0013198E
FFCB5B53
FFBE0AD3
004B5859
004A99DE
FF8A68CA
FFE5F320
FFB9E9B9
0030AE5B
FFB716C3
FFCB0C26
FFAF51DE
0032E58F
FFBA394A
005B4F7D
000BB401
FF9CEF9A
FFC02C26
00421E64
FFBADA44
FFECDCF6
FFD40800
FFD373BA
FFF49B4D
006314DD
FFFB89A8
0050F9A9
FFD27CFD
FFB93FF7
005795DA
00493692
FFD6BE5C
FFCB3FA6
FFF0364A
FFF82ED2
FFC67665
0036B9B1
FFCC16BC
00016AFF
003E69BD
FFC858F0
0013E81B
0048EB8F
00053F50
FF8295F7
FFC617CF
FFB1CE5D
0098EF09
FFEE41B8
FFDAB381
006DF5AF
0019D102
FFC356C9
FF98E270
FF91556D
FFECDD08
FFE1580E
FFFAD999
000BE27B
FFA4D6BE
0061B53E
FFDF8DC5
00336473
FFDD8BB9
FFD35CE7
002C9483
007375A2
0072B3C4
FFE9F1B7
FFED5CEA
FFED4AF6
0009935C
FF9A343C
FFDE6F14
0001B388
FFCCAF7C
003AB561
004EED80
FFE8BAE5
FFC2C80B
001DF570
002FF8A3
FFFEB19A
001001A7
FF80AC89
00059F41
002C0A2C
FFA5A07C
FFC6AF14
00764D79
FF9AFE7B
FFA414CA
001FAAFA
00775FF1
FF951F19
0018849D
FFF12710
FF9975AD
FEEDF086
FFC1ACFE
001374E9
FFA7AD50
FFE2EF8F
FFDF0EB2
00245AF6
FFAD6976
FFC9EDBC
00793C2B
FFC6D93C
002E7CD8
0010E7C0
002C57FD
00153042
0066A9D7
FFD1EAF2
FFCF9D1F
0050200A
001567BC
FFE09A4F
FFAF5D07
00541A68
000B63D4
002BBA94
0017E579
FFE9AEC4
FFFDC487
FFE63531
FFF9BAB8
002B58CE
FFF8F7A2
003BD529
FFAA18AA
00108E0F
FFFDCDD1
FFE6550B
FFE9DA2A
FFCD9F95
003E6B88
FF9B3979
FFFA7021
001A5274
FFA0339D
002D7BFE
00364034
001121C8
00083686
FFB8A43B
FF564705
FF53B383
FFCE777D
0024264D
004563AC
FFD2BEBD
0034B6CB
FFD3AE72
00787670
00050382
002B7463
FF7D762E
003A6231
00601012
0004F91E
000CEA80
002F13C4
00051AF2
0000750C
FFB053BF
00384C6E
FFB2F1F2
0058AEC8
002D2FDA
FFF934A1
FFB26634
000BB281
FFE7E990
0012AC58
00091706
FFE6E98E
0006FB86
007A63D1
FFE765C2
FFD9FE66
FFB9A880
00A4A8B2
001DEFE2
FFE1D6FB
FFDE0BAE
FFEDEF80
FFB1A0BC
008F3786
FFB68AAB
0020A3DC
0001FBB8
00016B6A
002E19D2
0017F1FE
00535B37
002558EA
FFB09B18
FFFBB027
0061B5C8
0013E2B1
FFE0935E
00317D6C
FF8D55BC
FFB148D6
FFDAA7B5
FFE095EF
0069188A
00349939
FFBD8E58
000CFCDC
007CFABD
0001E819
FFCC0DE4
FFBB59D0
0030C10B
FF9EDE9B
003676EA
0037C433
00443A40
FFCA8543
000838A1
FFEED0E2
FFCE53F6
0079F7F4
0037A2FA
006A6B6D
001E650F
00622C2A
009DAA56
00447DFD
FFD77EE7
FF49C9D4
FFC32053
00204D02
00048590
FFF9A7F2
002F0264
000E8AA3
000231BB
000A4F27
0068883A
FFF1D27C
FFDE8672
FFE8BA0C
FFA6DE38
00140B0D
002A0216
FFCB5AC7
0085A20E
00E8C29A
FFD5CB40
FFA26266
006522CA
FFDFEA87
FF7726B3
00052076
FFC1A3BF
FFD30FA7
FFEBBF01
002D49AF
00082A9B
FF9D7C55
000B46F9
0009E894
FFFE605D
0005701E
003AAB4F
00848734
002A3234
000B68BC
005EBCCA
005B77F4
004082EA
0010CA0D
FFDDCA62
FFE026F0
0015F36A
0045B04A
FFC0BF34
0009E924
004D2300
00724902
FFA2C057
00967155
FFFB823B
FFC93A8E
001C2F16
FFB3834D
FF6B0667
FFF8F9BE
000FAE85
00A180F3
FF8C505A
004B36DE
006A34CB
00479E07
006ACF60
0011CD69
FFE1D969
FFB83145
FFF7948D
FFF614E8
FFF4437C
008F2CB2
FFCFF8C1
003A7E78
FFFD1808
FFEB4017
0024FCB0
FFF68A1C
001682D0
FFB1A5F9
FFD7D8CC
FFE3770E
0040B00B
FFFE4CAD
0021A926
FFE71E18
0008E0FE
FFC5D6D2
FFFD48B4
FFE00423
0024284D
003C8DAF
FF994240
FFEFC9EF
0025008F
00115838
0069B0C4
00008CB7
FFB58E7F
FFE25F48
FFDFFFDE
FF87078B
FFA49E72
001C4D98
0006C8A6
00924FB9
FFBFD2B1
FF78DAB4
0057676C
007CF53E
FFB28108
000C85F8
FFEAF32B
FFF46F0B
FFFBB17E
00306BA4
002B67AC
000C33E5
0029FD91
001D98CF
FFEB0E6F
FFF1AADF
FFD49C7F
0039053D
FF81C44C
00682072
FFEF8CA2
FFE1BC3F
004A39F2
FFBA0142
FFFE9217
0045F38F
003FD1EA
FFE5D06C
002ADDD5
FFBBC79C
003EEA2A
FFC2339D
0033A094
FFA97BF3
FF91136F
001DC90E
0039FF9B
005080AE
FFA0112C
0054D624
FFC31F02
009435CF
00026EF8
FFD268AE
00654EAF
FFEA286F
007E403F
001941AA
0090D456
FFBD7493
003A6637
FFFBFA97
FFFE1599
001FC95E
00487546
002FB3E8
FFC8F8E0
FFEE837B
FF8AE049
0035073E
0047FA27
FFF7654D
FFEFCD8F
0053CD74
FFE09ED1
FFCA5E54
002A1DF6
00779670
FFD24463
0010B79E
FF6F478D
001E8B5B
FFD74717
FFBF15D1
000C6E9F
FFF393D6
FFB92E20
FF9CD3C1
000CA0FF
0032D127
003EADF2
FFC7EF3C
006215EA
002014D5
001A0970
001D6F09
FFB8FF55
FFB2AF71
00947A0F
FFFB8C56
005AD86F
000031B1
001BBE81
FFBADAC7
0016C987
FFEB3E2A
FFD69374
FFCED804
0044CA92
FFF7FFF6
002A9B2E
FFCCD2ED
FFC4A744
FFA62847
FFADF307
FFE862EA
007F15A3
002A8A26
002D2CB5
00085FE9
FFDC9368
FF928331
FFCAB173
003388D0
001BA51F
0020D934
FFF19B05
FFBEF154
FFAF8B7C
FFDF9E8C
001D3329
FFDD38D3
FF660F6A
FFAC834E
0040A30C
FFEEFA5A
00694844
FFFEDAAF
FFFA2EFF
FFF26507
FFBBFB60
FFB8EE5F
00C264D0
000E2DB2
00103A0C
FFB113A4
FF4E2B50
0084E365
FFBAB3F4
005C76F9
003670DC
002B6D5E
FFE3F015
FFF2E616
0058671A
FFE91676
006CAB7A
0024B55E
FFE1CBF2
FF924A5A
00B034C2
FF8B2834
FFD0D471
FFAEE2BD
FFFDBEF3
FF746331
00465229
0028434C
FFFC1799
0073BF09
FF3FF2CE
FFC7F46B
FFB3468A
008E7BD1
003E4A84
00348947
00319844
FF7A2F65
001E96BC
00299E86
00595E72
FFD29602
FF98901E
0069C560
003170D3
0052F86E
FF2EDC62
00AC667C
0092382D
FF5E65E4
FFCE8A99
002C93E0
006ECE76
006CDBD8
00256065
FFCF7138
FFA6F7B4
0007FBBE
FFF6FF5E
FFCD34B5
FF7D2E39
FFB8035D
FFC06771
FF852FFF
000416FD
FFE89AAE
FFBA55B5
FFD50054
004E353A
0020277D
FFC160B1
002CD19A
001D0ACC
FFB41409
FF58AC79
FFF2E421
FFA6929C
00028069
FFF4D2F8
FFDE40EA
00270FFD
00528398
00436A46
00327DC6
FFD198D2
0019A40F
FFE426FA
FFFF99D7
FF7D5B4A
FFB9703B
0062DE67
00189DDD
FF52586A
006297AB
008B66A5
FF6769F4
001E315A
FF8960D4
0046426D
0025AE8A
FFF44EF7
FFB91293
00142823
000C4B6D
0015B8D3
007E2C26
FF496E24
FFAC0FB4
003A4425
FF71E911
FFDCC992
008E553F
00346AE7
00140098
001586A5
FFE1403F
005AB26D
FF885D97
004D278A
0066228C
000A826F
FFDCD6E5
FFDBBEC2
0037ACD2
001FD71F
FFB857F4
007A4B8E
00225424
0014B03B
004FBE20
FF9D36F7
FFF4A8DB
005C8F93
002E67DF
008060B7
FFFBB4A3
002B0834
00443DBB
FFF740E8
FF7F39F4
FFF7E5F7
FFF668AC
FF95C405
00340A94
FFF553EB
FFBD86CE
000DC3D5
00243BA3
FFFD778B
FFEA742B
FFEF6E09
FFE86C75
FFE5D908
FFA2BFA9
0081AD02
FF8E63F0
FF707817
007B94B6
FFB16229
FF61728E
007C6F9A
000B5538
FFB8EB3A
FFDF9203
FFDF37CE
00311D12
FFA556DC
FFFAEA76
FFEBE29A
005C2049
FF8557E0
003A3046
FF67B71B
0013E412
FFBC27BF
0031A0C0
003A49F8
00537489
00620120
00414C62
FFDEB3F9
00C4845E
005E48E2
FF8CEC4E
0096170A
FFDC028C
FFA1B7F5
0054E7EE
FFD26C9C
FFB72FF4
FFD85BB0
FFACE4E7
FFD3DE54
009FF122
0050C748
FF5F7864
002C3D77
002474F1
00707A4C
00157AD4
FFAF2DFE
FFB6DD16
FFEE2851
002E6B2A
0049382D
FF5AE6B7
0013E041
FF852C84
0009D527
FFD9ECFD
FFE1247D
000289ED
0035F7F2
FF6A10E8
00C7BCBC
FF8A0F3C
FFBBA0D5
0001AC49
FFD8DAD1
FFA5328B
00557960
00696E1A
FF74AAFD
FFBE653B
FF8EB04A
003A7B24
005D58DC
0012ED58
FFE5CB2A
FFA6F315
FFF5E0FD
FFA5EBEF
FFD82DF5
FF554D5B
FF9AC455
FFB16B02
FF6075AA
001D68AA
002CEEE1
FFFC9526
FFE43E0D
FFE714C5
FFFCC887
FFDF9FD4
000D1EEB
0019491B
003C54F8
001E672A
0027F96D
00191717
FFA500DE
001A8A38
FFF9B089
00511654
FFEC267E
008642CA
001360AE
FFBB55E5
FFBED3F8
FFCD984C
00035AB1
0025E989
002F6B6D
FF79A51B
00F1ADA6
FFEC44D9
005917BF
00150825
0001F435
FFA1E13E
0022E490
008DEAC9
001BEB26
00735FF5
000C7EE7
003449B2
FFEB2682
FFCB8E86
002C52CD
002C2189
FF99909E
FF9BB6FB
001BB7E1
FFACB815
FF86C55B
000F467A
FFA2DECD
0092DE44
FFADEDB7
FFEEE7FC
00530C74
008E4397
FF40ADF9
FFC1B26F
FFB2B6B2
001A89FD
FF92CDD6
0025082E
FFD14CE4
FFEED221
FFD7D613
FFB0570F
FFE8C0CF
FFD3B6A4
009EDC36
FFBFC816
00276BAD
006B64E6
0022C228
FFF369FF
00032BFD
FFCEDC00
002C2DF8
0063452C
FF90B711
FFB5D590
000D480F
FFDDD65A
FF7C825F
FFA7B3BD
002D92F9
FF3CDAD9
FFA7B3D9
FF96053C
00347117
FFFFC0E2
004D074E
00183538
002BE385
004F1F0C
001B88E4
FF92B3D9
FF9BFB62
FF851C03
FFF6E32B
FF932EB9
FFEFBBC4
009F0EFC
FF8D787D
FF9503FA
0059FDF8
FFD3B579
FFAF2EB2
FFDBD67E
002A73C9
0001E17C
000F6BE3
002F2533
FF9EB74B
001571B3
FFF9C6A7
FFF7D25C
001828FE
FF8A60CB
00827492
FFCA6174
000CA54D
FF3E2BAD
0010C220
006EAD04
FF9CA8F4
004652F3
005BBA55
FFB13C52
00872E05
003B1D1A
0048FDDA
000F9890
FFDB91EB
FFF862EF
FF8E44CF
00264FB3
FFC8C982
FFD80C83
003EEC8A
003ADA77
FFCB7352
FFFEF65D
FF91D9E3
FF9FCEDB
FF72082F
0067C8FF
0086D495
0023166E
001A1CFF
0041D733
FFAD0446
FFB14375
FFD140CF
FFBA33EB
00950F4A
FFE7C2D3
0011AA58
FFAA79DF
007B95F9
FF4B6A24
0081CB15
00123244
FF412F51
FF93A879
005BA6CA
FFFC07C5
FFC64808
FEDD5322
FFD4966F
006B4CF6
002BB590
FFE4FEB0
0077EC74
FFB74B83
000C4231
0006AC4F
00142AFA
FFD35031
FFE4ED1B
FFC7A45B
FFD73C62
FF9C1D9E
FFD7ACF2
FFB195EC
0022E4E2
007C9CD8
00379C50
00141420
00867D04
00734B66
00050649
000F82F5
FFB036A1
00866373
FFF96EDE
000EFBCF
0017BFE4
FFE17789
FF2565F3
FFCAF915
00112DDB
FFFD8755
FF745428
FFCD2D14
004BD491
FF6D879E
0013A2A0
000146BE
003288A4
000BF912
00079D77
FF2281E8
FFD8E6C4
FF938C77
000ACC6B
0025F161
0049DFC4
0004AF39
00663D30
0034BEFF
00984F49
001FE47A
00194B0F
FFDF7CA4
00377AAA
FFA12CA9
FF909E40
FFA2A043
FFDBABC3
FF9652FD
0012C64F
007343F3
000C968A
FFB15632
0010C41F
FFF09DF3
FFDF5F31
00082316
FFE7C50A
FFD6D47A
FFC64B96
0042DA2A
FFF633AB
FF72303B
FFE55CCF
FFC0021E
FFCA17F2
003A3F57
FF9CBA57
FF71C6B5
00594003
FFEEF186
FFC9D89F
001B2F87
FFDF32BA
000A0E65
FF906D99
002D73B4
FFBA6B35
FFF845E0
FFFB3DA2
0034ECA9
005B9F4C
FFC63210
001EA0BC
003CF948
FFDEDA9C
0058B8EF
009439F9
FF828ABC
00097038
00A241F8
FFEC1BF1
FF6B2EED
FFF29877
FFE9D64F
FF86D2EB
FFEB23AF
00691328
0048F77E
004F3B36
00858E3F
FFB2B059
00DA3C11
FFEFE549
005289F8
FFD7A3D8
00863BAC
FFC6597F
FFE8FA5E
FF8CA77D
00348086
FFAE6094
FFFF2C22
00377414
FFF86D48
FFD173E1
FFC85978
FFF819B1
001857EB
003C4A41
FFFD49DD
004946A8
000B9790
FFC57D03
FF95E2D5
FFED6AD4
FF97C150
0046DE67
00048D28
FFAC1F09
FFADF269
FFEB1CA1
FF9C4CF7
FF16DE04
FF8D159F
006F4ED2
00087B33
001C8F72
00899C18
FFAC98CE
000BDF8B
003A7166
FF7D9E4A
FFBC3CBD
00140FD2
FF942815
FFE4DD56
00665005
FF80A33A
FFA05B7D
FFCCF098
FFCE0F57
FFF71A1D
FF43E85E
0029857F
FF8CB9A5
0050D7A1
FFD76CEC
FFC9205C
008EF68C
007505E6
FF6D21AD
00B6A662
FFC9B191
002D0638
FFE979B0
FF0B7242
001F7463
FFC837ED
FFDC4C6A
FFCB157B
0005910C
0025530F
FF6AA9D9
003E7396
00552BA8
0050175A
FFDE2EF0
003DA3DF
FF5CE1B8
FF9F9110
FF35EC7F
00479191
FFD11F07
003686EC
0023EB01
0036E6E7
006C135F
FF811E35
00AF645A
FF95DDCF
FF46637F
FF53ECB9
FFEFC227
003CEC32
FFFBB2AD
00215419
0002C659
0064BAF1
004FF9D6
FF8F1AE1
FFEA2143
FFC90089
FF7546A0
FF5AAE7A
FF9F8DC8
008A07FB
00248A4E
004C19DF
0012A348
FFBABDE8
FF800CF1
0020B2C7
00B056D4
FFE4A961
00286AD4
FFC4B177
00537CDA
0006676E
0019E71E
FF22CFAA
00197694
000539EF
FF66C9B2
0064EF05
00604A61
FFF6123B
FFAD9E65
FFEAF2B9
FF850DC2
FFD37BF7
00132B6B
FFEE8822
0004F943
FEFD4A4A
007A6AA4
FF3BC0EF
005D3097
006E61D9
00083618
FFFCA79F
002B40E7
FFB74B4F
00AF115C
0007D7A1
004C6911
FFD2B2EF
FFE15C19
0016AE70
00FA18C9
00292B70
00577DE8
FFCA94D4
FF5611F4
FFC5FAB2
FFAC99D6
FFCF27B3
00679590
FFAE0BC6
FFCB0C9E
008E4CC4
FFBC3663
003FBCDD
FFCF72F1
FF86437C
009F9AE9
0073C82E
FF4789D5
FF554D1B
00AA95A1
005C2C6D
008A07F5
002EDAF4
FFFA9E57
FFAEF147
FFF415EE
FFD4CCA4
00480CE8
008C77D8
00173E6A
FF8FE223
FFC3ADAA
005C0BD4
0005671A
FF821904
002ECF28
FF946844
FFD35F1A
FFAF4BFF
FFBFA864
FFC09A38
002770E2
006315BB
FFF88A31
FFD96BA9
FFBBDA72
0011767E
FFC90B2E
FF2B84AD
FFEEF664
002466C6
009D473A
FF8F4F40
007C1707
00124BCF
FF4416B8
FFFBE81D
FF66FEBE
FFF34216
006F97D2
000198E1
FF39FB6E
0091A7D4
00390C05
FFD0B17A
009F79CD
FFF8AECB
FF8AC27C
0045C617
FF954CDF
FFB4FCA0
008F95E0
0038F6B0
FFDB0051
00224A7A
FFC70E8E
0019D107
00288834
005AD762
FF4EE5F8
FFE04484
003CBA4A
00059ABF
00091AD8
FFBFC6F1
0050C23D
00367B78
00A57540
00BF6866
003E6C56
00057A4B
0012C743
FF9149B6
FF886B3D
0092BA3A
FFC17C1C
0040D671
FF994782
00198D47
00D6A3FD
FF67FCA9
005B55F5
00215C15
000BCDE9
00A9B6C4
0051A855
FF60C603
FF60FD1D
FF58D908
FFD984C4
00E8AEFF
FF5FB33C
0029DD95
FF994C81
0057840A
002160C5
000D5F2D
FFA94FB4
FF8B0A3C
FF98CFF3
00206F7D
FFD1DD89
0047E3D9
FFBB05C4
FFC2B5C9
001D018B
0099E799
FF704625
00CE91F4
FF5ADC1B
FF6C57E0
0072B747
FFB648A4
00AAA61C
FF93D4C5
000E1FC3
FF4F772F
FF012114
001C2EE3
007A7244
00947EE3
008C176B
FF6FE063
FFA58D79
FFBC4B82
00093AE7
00263833
FFC900F9
00013E57
0040CE91
FF1E6525
002AC5BA
FF881CAF
FF8052CF
002954F9
00436097
FF716AA7
00099C06
FFD28259
FF8B6155
006E98C9
FFFC2D73
FF588B9B
0083F2F4
00402014
0094E261
FF8D9242
FF10ADA6
FF4559CD
FF39DFFE
FFCD14FA
FF9E3C94
011D6788
FF9BB2A5
01177042
0029B3D0
004945BB
001F49A5
000D94A9
0070DACA
0060D39D
FFDA4B07
0004B3B1
00315E02
FFB97148
FF73BCBD
FFD31542
0033F261
FF5F6715
009BDC15
004B6F5C
00047395
009E706F
FFB80F01
FFDDA043
FFC60A7F
FF686210
FFF3AFAC
007D6E2A
FFBA15A9
FFBD0D4E
004748C3
FF9FF258
00DDFAAC
00671800
FF326B8B
FFEB5EC8
00564535
004271DA
003B1833
FFB682A4
009EEE4E
FFF2A8AA
FFF8FBCA
FFF3B96B
000B909A
FF87DB2A
001119DF
FFF1BCB7
00213747
005B0C3F
002BC1C1
FFB888C9
FFA8BE32
017783D4
0009FC16
FFE64FF2
0221FE04
00EC92C8
003935DB
014C209C
FFFBC235
FFB17ECA
FF7E1986
FFD769AD
005117E0
00320E21
FF652F3A
008834A7
00877317
FF727351
FFEC67F4
004F8481
004943BA
0073E77A
001529AC
FF9AE7B3
FF4AEF9E
0065AD44
FF30EA8A
006C29E5
FFF0E341
FFD83235
00320975
00AB8E28
FFF2E843
0061D0A9
FFE8ABE3
FFF7D726
00127BC0
00342196
FF8DDD65
005D7CDD
FFF5C323
004DABB0
00E61FF7
0057DAE9
0029E378
0036A7EE
FFA8351E
FFD40896
0008A89E
0007E5E0
FF9B675D
00557EF1
FFE45C4E
0097D83C
FFA96B68
FF5C4982
FFA67163
00144EEA
0064CC2B
FFBB31D6
004149F4
002A09FF
00553F4D
00847ED0
0093CFBA
005DBBD7
0062CDB1
00844CF5
002EA8A1
FF52418C
000A3BDB
000D34EC
000C2D65
FFB735FC
FF78727E
FFD4BA8F
FF81B1C1
FFB65563
FF6A4047
0061A78E
FFF9B5C5
FFC46261
FF90083D
FFC75B4B
FFEFA465
FF9A063D
FF5851C0
008E6A51
00523655
FFEB81DE
FFF93186
0039E96E
FFFC3F9C
FFB37EED
FFD4F750
0023934D
FF621FAA
00F60A94
FF4639B1
004C646B
FF907361
FFDF3FCA
FFF848E1
0026B329
001D17B7
FFADBB78
009E93D7
FF947849
FF9A9675
00B3FE58
FFCC9F2A
00945D87
FFE1124D
0054B818
00076ADE
FF635590
001AEA34
0007B0E7
FFE884E7
0066F4E5
006AD2F3
FFE3F6E3
00B3D36A
00D1A599
FFC2C8D6
FFFAFA2D
0082E930
00A3952B
00880907
0062C188
FF229BB9
FFE05BE0
FF8C12A8
FFADE0A0
FF8C0D0D
00265E26
FF5D4B3A
00531207
00D0F39E
000F0B9D
001B115D
00CB6E4F
FF7A9E47
0067536C
00B51FB5
FFEF8412
00015362
00A1D2E2
002FE803
006A49D6
FF7E2FB6
006A212E
FF2C2A6D
00428650
0013388E
FFD70AC2
00D36A9E
007CF800
003C09E7
0090B999
FFE69E6A
FF8D2BBC
007214F3
00500824
005180EC
0002DED0
FFA66596
004C1438
00AD726D
00A68BAC
007C1F43
005D7D5E
FF9679FD
0010E57A
003016C5
FFEFC8F1
00C82C67
FFA8D617
00F2A42D
0014C46A
FFE79009
FF83BC7D
00496902
00363520
FFF0E51C
FF75D683
FF65448A
0026745A
FFE0D2FE
FF7E532D
FFD491BC
FFB47616
FFDC4A44
001BDCCF
00B6DA66
FFD4D15E
002B6EB0
FFB47FF2
000F5B7F
FFCC80DB
FFE29588
FFE5F048
001B3291
FFA1AC2E
00E6F007
0036F58F
FF6BDF58
FF8EC8CE
FFE971BF
FF4E4C18
00B11FC1
FFF1B7AC
000B2A05
FFC74403
0047467F
0014AC4F
FFEB7E57
00256B2A
0002BDC8
00525019
FFEB7CD4
FF688DE5
FFDE3C0B
0018957B
FFCC96F2
0060F0C5
FFE92B2F
FFD3210C
004C9002
000FA1E4
0041C08A
00596B89
009E8180
FF533146
FEFC15F8
FF6C5F85
003CE80C
005764CC
FEF193BC
00717776
0061D75A
01110206
007DCCD5
0009BA8A
FFB19FA4
FFBF869A
001990C9
FFF78E49
FFFF59DE
FFE75686
FFE1D869
00A23100
0070718A
FF8C4522
FF66314A
003BE5A2
FFC70C34
FF4607A6
008CC2D7
00B9B3EE
0036BE39
00317276
FFDDEADA
FEE879B6
00874F22
FF342B8B
FF5E531F
002B28EA
FFE1082B
01011D5C
0112B6E0
0004F6E7
FFC226FB
01933002
FFD6995C
004719A3
00D235D7
00445B4A
007FF706
FFB6506E
FFD4088E
FFAEFF51
000DF60F
00278A00
FFAA3B3F
FFF578E0
001CE93F
00042883
FFBD7712
FFC0AF09
003D2D9F
0039C770
0003B90A
FFEAFAE0
001475FA
000A8BD1
000A5F15
00507C8C
00776FD2
0053BD74
FFB40213
0083251F
FFF7303B
0051AB99
0052AA8D
FFDAE218
FFC094D8
001FE317
002783FC
FF89FFA3
FF24153A
FFEE59FE
FFC358B8
00585B19
001E7329
FFB17E0D
0011CFEA
FF594A14
FFD0DBA0
FFD3C9ED
0077829D
FF8C1F67
005575C2
FFFF60E7
FF99FC36
0001716B
00196899
000C5DD3
0043D11B
002D92EE
FFC6E84B
0021DF98
FFAB341A
FFCD07B6
000B99D9
FFB2A348
00A62479
0025FB62
008C4116
FFE38683
0016796F
0038DD57
0062BC6B
003DF781
FFBB237C
0029D1EA
FFE2247C
0001C5C9
00193B75
001D6823
00667795
0048FE8B
003C4036
006EB5EF
FFDEBCDF
FFBB455E
008DDD55
0028EE9A
00069C69
00379AE1
0030C3A0
FF99A843
FFFF926F
006D1E52
00527017
000E0F10
0062EE3C
FFCC612E
FFD8DC94
FF80DBB9
004DB5A1
0049C45A
FFA6C6D1
004FD0AE
FF93357A
FFC4D1C0
FFC8EFF4
0008F5C8
FFCC085B
00499C7F
00110E56
FFA8925B
00554E77
0008781B
002E8CEA
FF91526B
004A856C
0059FB2B
0018CE4A
FFE797D6
FFD28B97
FFCE02F8
FFEAE3EA
002EAE86
FFF75822
0011484A
008050A9
FFF75C27
004C0493
003F9144
FFE5B550
FFBDF68E
0056E53C
FFF354B9
000596CE
FFFA018A
00232C51
0032C45C
0035BDCC
009D1D23
002E2154
00A7EFFC
FFEB4FB3
00202319
FFBB48EF
004DEE3F
FFF4657B
FFA8D42F
FFF91593
005E071E
FFBDB8C3
003F296F
00054E3D
FFEF6DD4
FFAF8B38
FFA0075E
001D2711
FF78CF75
FFB09199
FFB5CCD2
FFF4FB4B
004C3B75
00201815
FF8FDB4E
004E591C
0030ED71
008D7D18
FF6C57D0
FFDD1AE8
FF8D4C53
FFA1325F
FFD209E7
FFCAD4ED
000C6938
00214B46
FFBFB01C
007284C9
00604AEC
003554AB
0059EBB1
0052B7B9
0033F777
0011828B
004AD37A
008C6D8E
00274FD9
FFEC21EE
000D9B58
FFCC3439
FF219F3D
FE8802A4
FF89B03F
000A47D2
0070B851
0098DEF8
0034C420
FF8E4A1F
001019C1
0010F272
0006620A
FF934DDD
0032C9B5
003D8F97
00645672
FFE15CE7
FFB3EC4A
001C1044
FFEE5AF6
000C78CE
003E86B2
001C44AF
FFD84E64
FF9F931A
006D120A
0048A4EF
0059D54B
FFCF6E7F
FFF0A3E6
000FE785
00829198
00757283
FFC12822
FFDF9CBF
002FCD29
FFF6F18A
FFF658CD
FFF0643A
FF768E30
FFF873FF
FF6F2EC4
007DB740
FFB1FEA6
00707AA6
00142035
FFC801D1
00594EA8
00077F1E
003B66B8
00A58334
FF970A27
0023DA23
0083B96D
FF922FC8
FFBA1EA6
FFB70CE0
000010D8
FFB480F5
00198572
FFA08D64
0022952E
003784F9
004D00B7
FF9B59A6
00D39B93
FFFBB56D
006F17CB
FF3FB840
FFDC82B9
FFD3DF2E
001EA947
FFC956E9
002161B5
00257298
0015DE8D
FFA4F872
000A1A49
003F8A0A
000AF51C
FFA7D372
FF9AA313
000E4ABE
0031B2DF
004BEB48
00485DBF
FFB40F3F
FF945757
002C6B34
FFD45F73
0019EB57
002FFE12
000C3793
0022E6A6
00790492
FFE80F02
FF8D3420
000ACF21
FFEC6211
00251E79
006A4071
FF8DDDED
FFED31F0
FFB74D0D
FFA083AB
00531069
0004A2BC
FFDB535C
0003DBB8
FFE928FE
FF883CD1
FFD4E906
FF989EB8
0017CE33
FFF78E4F
FFC72A84
FFF6B0EA
0024C916
0042893F
00317D34
0044D8B9
FFCCA60E
007259B4
00C5BEC2
0009EA4E
00BD1B04
004B3D1C
FF89C838
005A4265
FFE47207
FFDB3529
0063F8D0
FFA889E3
FFA916D1
00207008
0020C198
FFDCD2F4
FFB16A2B
000C2AC0
0016516B
007F8BB4
004B8670
FFFD5A03
FFFCA377
FFCC5056
FFBDE46B
FFA32CCD
FFAC38B1
FFDC4CCD
0048787D
0057123D
00168ED0
008E0167
FFB7EEBD
FFF1E2FD
005E6B2B
004A4567
00196F54
FFE92455
FF8A397A
00335E20
009F1D35
0040C7EC
0022EC64
002006B0
0017E07C
0078318F
0040E480
FFBE180F
009C74FC
FFE632C9
0066CE25
0020F3D4
00058AB8
007DE19D
FFBE0744
00068277
004536DE
FFB1CD1F
FFFAEC3B
FFC60180
0014BB68
000B73AC
003691E5
00825DF1
0016A6F8
FFD0C0B5
0005ECB7
00516247
008905DC
FFCA7EF1
FFA49712
002276E8
0017B0AC
FFD69D35
0021261D
0051C6BC
000FFE0E
002EB01D
0019E807
FFABBCD9
0026105E
FFD3651D
00A48AC9
0025961F
FF9F51C4
001B1F40
005A72A0
FFB5D87E
002A19FF
FFEBE9E7
FFE02EEB
FFF12ACB
0065362D
FFD10888
006814CE
FFD7992F
0056A740
000AE806
0002219D
FFF6CA25
FFFEB996
0008D473
FFFB6112
FFC7332D
FFC18B7F
00078E55
0091CEFC
FFF7F6CA
FFE06331
004B4B1C
FFFA6CE0
0036D7F6
FFFDA361
0012984F
00299478
0036A820
0019DCF0
FF97A05B
FFCC5326
003FB19B
002766E1
00A85F8B
0003B7F8
FFDF12CD
0025724E
FFA37A7C
00311E77
FFE32953
009F8436
000435D8
006D4814
FFAF4B4E
0055472D
004EBF2E
FFF64FBF
FFDB1926
0052AF81
FF9C51C9
00792FF1
0099DF0B
0081343B
000B11E9
00106428
FFEC9979
FFEB6EF4
0021B06A
006EE9B2
00302B4F
FFBCE115
0056FAB7
0049CC22
005863ED
00166815
001BC6D6
FFD7EEDE
00077C72
FFD7A443
FFEC5244
003CBFA2
003B9F44
FFBC90AB
00C50B40
00614A2E
FF9A9AA7
00096F7F
0045AB4B
00530F8D
FF798797
FFCE86CE
00221A8F
FFBCE924
004D1214
000BBCD9
00737E81
FFFFD2D6
000ED961
FFF2A815
001AD5B0
FFB92721
00123172
004BA60A
007A756F
FFCD1613
FFE1D677
00632FA0
007570AB
0006EBBA
FFC32A9F
0010A9BC
FFC49855
004277CB
000783E3
FF89C6F3
000E5A15
FF8258EB
FFC78218
00659B3D
0013BE5F
FF90B550
001AD116
FF8572C0
FFCFECF8
FF770627
FFCADAE1
003F1D21
FFF96E35
002DD16B
00688576
FFC526F3
FFB6677E
FFEF500E
FFF629B7
00389722
FFDCCBED
FFED646B
FFCB8187
FFA9728A
003710D1
FFF3EEAF
000FEAEA
FFF55850
00538A41
FFF8B0C7
FFB4B087
FFA8E1C4
FFE4B358
FFF26E57
005BA40C
FFFB1625
002F5F6D
002A9508
FF775575
00186E30
0026BFCA
FFCF83B3
FFA7BEE4
002595D7
003075B9
FFA03BAF
00052EDF
FFE327BD
00161FAF
FF89EC87
00642AE3
00092301
000AB334
008AD3F1
FF833447
00564376
005A5CC5
0026A053
FFE9118B
FFE65E42
006BD16E
0096F2AF
00045886
FF9652B8
FF69A8B2
FFE6A6D4
FFF13A35
FFE768B3
00D40F9B
0063E301
FF74A464
00311CE4
FF40F99F
FF989EF7
0014817E
0045190E
00473AA3
0049AFED
FFF7067F
0070D69D
00630D7B
006E6670
004915BA
FFF3AE70
000492B3
FFEC3C73
FFF68B8F
FFE5F3FD
000A9ECA
0029F30D
FFE12412
FFD76D46
FFF4104E
FFF67157
001AA2DD
00358FE2
00489964
FFD97393
FFAFF77C
002DBC3F
FFDA8A60
001F2249
0037ADAE
FFC7B606
00060D29
00251101
002EFEAA
000895FE
FFAEB105
FFC6F0C5
FFBB0561
00342522
00423D9C
FFCB0159
001AE9D1
0011B1C8
0035FF72
FFE86BD5
FFD725EB
003ECAAB
005ED911
FFBFCD54
FFF215AD
00173A02
006AC771
000EEC17
FFCD96A1
FFDE59F2
002B6F7D
0025E432
000310A9
001F41C7
FFE0F843
FFC88F60
001A30AC
0047C3EE
00140084
0004E844
004302B0
002AC221
00297D83
FFE9060A
003370C7
FFF3EC1E
FFB00B45
FFBBC85F
FF902CB8
FFBE4B3E
002EF1F0
FFC3E696
0043AF33
00640A40
0020E6BC
FF91A776
003BF6B6
FFD1EF0D
0039C4B2
000DFB9F
00002C28
005DD738
004226CF
FFF764D6
000C5F9A
001CA3BC
00258359
0027F73D
FFCA7CAB
FF928E62
FFF8966E
0012A6D0
000CC0A5
FFC07864
FFE6AC99
FFC827BB
002EDA40
FFDE2EC2
002D0D86
0028CEF9
002ED7B4
FFE3BD4D
0040654F
003705D7
000B4950
FFE26231
FFBCF963
0035AA3E
002FAA9C
00126021
003D2FA1
00099B3B
FFB60766
FFB78F5B
FFADAB1E
FFEA292E
00147614
004358F6
004DEA93
000783C7
00408AEA
FFE14BBB
FFC44935
FFF65BB3
002CE30B
000F5062
0036EFC3
002B5707
003C447E
001992E9
FFC55286
0037674B
0006F375
0001253C
FFD2CA70
FFE59D60
001BF416
FFC20A50
0027BE66
001E7B94
0029E045
0001CB39
FFE0634D
FFDE94DE
003C422F
0022A5AF
FF953294
0005BD15
FFC79906
FFF04089
00499404
FFC7C968
00473F25
00189899
FFE8F5E1
002747F5
0005BA4F
0050537F
FF9A67B8
FFC61F35
FFFCD6B4
FFC00720
001DAE88
FF929049
FFE2362E
FFC25829
FFFC5167
FFF09B2B
00222F5E
00296649
0032577B
000617EA
001F355E
FFEADE79
0032EA64
FFF47224
FFF65B1E
0040DF57
00279F28
FFC71F42
FFAE4730
0046AFE5
FFBD1896
005383FB
00046647
00150C28
FF9B9901
FFCA4264
FFE2363C
00FF24D2
0088D154
FF3AB8B4
FFA9555A
FF7CC5AC
FFFED923
003A44B5
FFE5AEAC
000BB445
00279092
0009C45F
003436D0
00215DA0
FF8F980E
005D5E58
FFE736A1
005D6F51
0002C9C8
006379DB
FFD702FC
FFE2A1E1
002FF46D
002085AC
002D3326
0013C29B
FFBD18A3
FFADE68A
FFFFC95F
0034CD8B
FFC09AB8
003151D8
003677FB
FFD5D8A8
0009A334
002B5C95
0026D1A5
FFD33B45
00217502
FFB9BFC9
00164C0E
FFC8DE7D
0057EDB6
FFE9AC0A
003375B8
FFCC1406
005F0C8D
002EADD2
FFC3B7B6
FFD3F655
000A048E
00351427
003FDF51
FFDF8F51
FFF97E62
0045554D
FFC3315A
FFFC1082
00676EC7
FFEE892E
FFB24374
FFB68F8E
0009E0AB
0010AF1E
FF9761DB
FFCBA270
FFB41D04
0035AF59
FFE99C29
005F81C7
FFEA0F44
FFEEE758
FFCBED29
000E403D
0016605C
001C51DF
001CE682
00552546
002E988B
FFF76A86
000C86E0
0037A308
FFF6C59D
0035B157
FFDB56B7
FFE5390B
00501AE9
FFD3E56F
00562632
FFD49137
001FE230
FFCB0360
0013D63B
FFFC49B0
0006130C
FFEFF556
0038E1C8
00085D4F
001BC2BC
001014D1
001B746A
00128E39
FFEC17CD
FFE2EDB2
FFF3EB11
00224D25
FFFB3E28
0002D0B1
00303078
FFF267E1
FFDC5F8E
0004B2D3
FFBF8A0F
001B80BA
001F0F54
001DC719
0000089C
000754C7
00614F80
0031FF09
006AF167
00671000
0003EB14
FFDA68DE
00521B80
FFD4E2D5
003821DB
FFE4A6F2
FFEE80A5
FFDA797E
00436F82
FFF6CE8D
FFC5C788
001163E2
FFD2757F
00251F62
003DDB01
FF9B7B41
FFF73BC7
002F5F36
00366386
00276A9F
000770B2
0046606E
00184D94
FFE4D260
0023DD7B
00624C70
FFF793BA
FFF8965C
0064CAA4
FFECEDF8
00083579
0086CA72
FFD7A022
FFDDD874
002559DF
0026694F
001A8B6C
FFF9E25E
FFF549D7
00241507
0027660C
FFFB1680
FFC33ED5
FFDD883B
003D7027
00440A2E
0014D91B
00337113
000BCDFF
FFFA7335
FFF7A162
FFF84A16
0009F67E
00545053
FFFDB598
FFE4A3B6
005757FB
002B07D2
0067C966
00540870
FFCDF142
FFFA8E53
FFF3249B
0014007F
FFEB9BCA
002B87BA
FFFB78AA
00152D0C
001FA2C3
FFE898E0
FFC55250
0054E23F
FFD9BC75
00627561
0060B944
0061BCCE
00595D90
0010A5D4
FFEE41C1
FFE5A29F
0024FB6E
0006E2D4
FFB7B06C
004B3671
0014CF77
003B4601
FFCF4719
00214AA7
000F263A
0024C3FF
0008DD61
FFFE686A
FFFAD7C2
FFBD2F6F
FFB9A2C2
002FAD3F
FFC8CB6A
FFC5211E
FFE55CBD
002D834C
00262980
004426B8
001B1315
FFD0B3B1
FFBD7652
0007161B
FF9B6DED
FFFB656D
FFFB0A6F
FFE54030
0011B092
FFDE846C
002B4F51
FFE3861E
003EA4F6
FFAB8474
0011D38B
FFDA631B
FFD3739F
00574DCB
004A74F4
FFE60A8A
FFD0DE36
005350F9
FF631BA1
FFFD96F1
FFA34B40
003DCEC9
FFEAE402
FFD541D9
003246E2
0033B458
000AC6D3
0019B79A
004E26F0
000CFFBF
000FE5DB
0025720C
003F25A6
FFD8F6BE
FFE0DDB8
FFD237E9
FFF3D297
FFD8484C
FFCBBB4A
FFF0F3EA
FFD51F5C
FFE0C69B
FFE77CE1
FFF3BE14
000AD934
00081F6D
FFD9C74D
FFD3628F
004D3CA2
FFF88B62
00003BA8
FFE3F2A8
FFFB00D3
00489225
004A8A23
001E731F
001A234A
FFF94C0A
FFD3CF9B
FFFAD32C
000FEEA4
FFD77405
0029310E
FFAD3A55
FFDF0E5B
FFFE39A6
FFCB397A
0020683A
00280ACC
FFDFCEA8
FFEE1586
003E8AC9
FFE967BB
001B7329
0036C0A5
FFD3AAE2
FFE67921
002A1457
FFDA03CC
002D0558
002A72A9
FFEBB48E
001D8DCF
0013CBD4
001FEECB
00611A34
FFB70B8A
FFCCCDA0
FFF2BC9E
FFBB2C84
FFFC49C6
0045ADAF
FFF0A19A
00052C09
FFE6E620
0011735F
FFD7BAAB
00205263
00156080
FFD3A424
FFE0B724
FFEEA9C5
005CC8FA
006FF62F
FFCC1578
004AA54F
FFCFB6C9
FFA734C6
00005058
FFEA740F
FFE2196F
FFF271BB
004E3BF4
00495462
0062C6AD
FFD9FBA4
00086E1F
FFFDA470
004DE6E7
FFE46EF2
FFF78931
006D7E62
005126AA
006E10B0
000381FB
FF906010
0050F0C6
003062F5
FFB3C8A1
FFFE60F9
00626384
0047785A
FFC024B9
0051EC43
FFC353DE
FFC5D553
000A3364
FFB0D115
FFEF1033
00788699
00319237
FF6B9892
0046680D
FFABF691
FFD76AE1
FFEBE43B
FFED3373
FFE421E4
0001A18A
00272560
FFB16BD6
FFEFAB97
FFF645AD
FFD90D2A
004CFAEE
0037ECA1
005F747E
002AD3E3
FFF40569
0004688B
FFBA7EBB
002240B5
001151E3
FFFDC1A7
001A000B
001F8CCC
002204C6
FFCA4C8B
003AF044
FFE78E9F
000C93E2
001BBF54
002918EE
0010921B
FFCFAAAC
FFF3BDEE
FFDFA6AA
0001A38E
000CCD4B
FFFC6C6D
FFF77340
0028ABA3
0011D180
003A587D
00270120
FFE0AAE6
FFE5D29E
001FB3AF
002B4A46
001877CC
FFED1A3F
0016616C
FFEF32EF
FFF8E85C
FFDAEA6A
0019ED58
005BC0BF
FFD6B7B6
00227F88
001CCA1A
00007839
00420743
001B57AB
0001C59A
004A4B92
00135156
FFF9EB4A
0036F7C7
0015BAB8
FFD561E9
00045FE0
0006A185
004BFACC
FFDB8AA0
FFEF29AB
0004C78B
FFF95423
FFB98921
0023CBE5
003C8780
003DAC3C
003401A9
FFD3748A
000D06FF
FFF99FB4
0037DC01
FFF1C130
00160EBE
FFE6F317
FFFDAFDF
003DD213
001F9CB5
000EDF60
0003A36A
FFF424DF
001B5B09
FFDE5D5A
00129CCC
FFF48759
0006A012
0008334F
FFD05D8F
0017BE6C
003B02DB
00183C82
FFF6C1F9
0011F147
0016C443
0031E93B
003CCFDA
0009A6D3
FFF89F5B
FFFC42BF
0023AB64
0034005D
00102E8B
0029F325
002A13DB
000B661A
FFEEE6E5
FFFE79F5
FFF10F99
FFE83D6E
FFED000E
0028FE18
FFD136B4
0006B88F
FFC99D3B
FFF25555
FFE71BEA
FFCC7D68
000C60DE
00017EC1
0037761E
0003395E
001733C3
0011AA6D
FFF3B3DB
001FA4C3
FFDE5961
000A39DB
0032CD82
0014FC91
0024930F
00317C03
00197395
000A3321
FFDF9113
001EC617
001148FF
00094CFD
FFD3039B
FFFFD46A
0010BAEB
001E194A
FFF42A54
001712C6
000B0234
00095126
002B8D8B
0001A9B7
FFE8DFB9
001087A0
00109FAF
FFDDA4D0
FFE12237
FFC79FF8
FFB6BE72
FFCF9E8D
FFE6A2D3
FFF9DA2E
000EB6E7
FFECE633
003AE4DA
FFF40693
FFDAA91A
FFEDE987
001A7117
00317321
0027A1B0
FFD2C085
FFF1ABFA
0011FE85
FFFCBE81
FFD16B54
FFE6651F
FFFB7AA7
002CEF9F
0009EBF6
0048EB8D
FFF8C3A8
FFF11EDB
000DE749
00313283
0004B7A1
000E2E3C
FFF13B97
FFBD72D2
FFEECBD2
000B8F0C
FFEE8E88
0038D23B
00219707
FFE58368
FFF0B26E
FFEC24CF
003BF03A
003E6DEC
FFC14DF0
FF570162
FF72849F
000F2C10
000AB10A
003F1895
000D0E7D
002B3787
0026F757
003755E2
FFF128DA
FFD393FF
00452AFD
003BB559
00121CCB
FFF44539
0014C08E
00032AC4
003B266B
FFE3615E
FFF4018F
FFEA52B0
FFE6AFC0
000F94EC
FFEFC22D
002654F9
001B3FB5
0013D0E0
0041218E
0030C63A
FFF3FBBE
FFE1E2AA
FFEC7856
FFEE2F80
001D6B45
0004B87B
000D9358
00152721
FFE8E60C
FFF9436F
0025EB78
004A43AA
00199B80
FFF26D5B
0030BB66
003692C3
000C4EDB
00333DC7
0025ABD1
FFE814C7
FFD948E3
FFAEEEDF
FFA54B8E
002122D2
FFB626B9
00312902
FFF15A61
000216AC
FFD02775
FFF74F08
0029BB58
FFFBBD55
FFDF3425
00098D3A
002E277D
0028FFDC
00221671
FFA40DAD
FFEDE8EC
00028ADD
001E9B12
000A1867
0012E1AB
000264A3
00059ED1
003A4D99
FFEB041F
0009D1B7
00200048
001F4C67
0021099B
FFE13162
FFCFF2BC
FFE33127
FFE8B94D
FFD286CE
002106E0
FFEAFD62
FFF2430C
FFE175E1
002B58D0
FFE7BD66
FFE158D3
0004A4B0
FFBB6A02
FFECEB4E
FFF053BC
FFBED6EF
000A38D7
FFCB2945
0012A789
FFC9FE02
FFCF1BF0
0014E899
FFE9ACB1
00358F5E
00228140
FFF659C3
FFDBD8FC
FFE7072E
0023B419
FFD453FB
003605AC
0005B5AC
002CF0B8
00011992
FFF11291
0019A1E1
FFCAED87
FFDC0991
00201203
001F5120
FFCB0BD0
FFDCC22F
001BB52A
FFEFAAC6
FFEC3F9B
FFFEF410
FFF7606E
FFFD3944
0032FB00
002870AD
FFFC66F0
00101A86
FFE806C0
FFE463E2
FFBEFEBE
FFF09FC1
001B0D3E
0032E167
0030B3C6
00124F8B
FFF571AE
FFFE63A4
002FB762
FFCAEB7A
0024A41A
00460CCF
0019D3AA
0000A05E
003E6595
00220602
001198B3
FFFC12B4
003843A2
0043F40F
00549692
FFFC60F8
FFE10398
FFE9F973
002995CF
00005FC2
FFDA76F9
FFFCDC88
003026E6
FFDFD3A4
0022A72D
002166BB
FFDACDBD
003FFC86
000A0723
0013D430
002AF178
00200DF0
FFF80074
FFF6A42B
FFCEB3B7
FFF08598
0057B311
000758F1
FFD9C6DA
000E36C3
001BD58D
00419A33
006BF84A
00065E51
000D7344
FFEC0465
FFDB9FD2
000D5576
FFDEF16F
FFDF0D21
001532A1
0016803E
0034BBAF
FFEBD6B3
001ED0A5
00294D2B
FFDD2A21
FFC65B0C
FFE98087
002772AA
0028E65D
000A8FF6
002F8206
002E571E
00315CB6
000538F7
00034C54
003363AB
0030E72C
000221AF
000254A6
FFF89FCD
00085216
002C37C7
001C068B
000F5AEE
001E773F
000E8031
0018938D
001F9219
0012FAC9
000BE5AE
0032BB4B
FFFDF36B
000940F8
FFF87C8E
FFDDCE4A
FFE78485
000EA86A
FFFA0A46
0033C804
0036520A
FFE3437A
000461EE
000D03B9
0007CB7C
FFCEDC15
002696C4
FFA1546C
FFF94B59
FFFDD43C
FFCD1A11
FFE7B35B
0019A121
FFD8B57E
FF93FA34
FFE8B1E7
000C6345
FFFE2E04
FFF21580
00076F0D
FF8E8D12
FFFD23E3
FFC5070C
FFDD4FC3
FFDC934F
FFC2E070
FFE3262A
002BDF68
FFB592EC
001A674B
FFE8F777
001CF7F0
FFEB97D8
00433DD5
0021C702
002B1DA0
FFFB6258
0013895A
FFF03C62
0018E933
FFCCD62A
FFD7BD18
FFEB9AC3
FFDD1C88
00382C54
FFF018F8
FFFA7836
00063A65
FFE94817
FFDEE825
000A21DC
FFF8CB74
FFBA5ECC
001EBAD8
0003FDC2
0002A004
003A3FAF
FFFBE8C1
FFF42D41
FFE4F8C3
FFEDEC2B
001FF070
0016A4D4
FFF35AD2
0005D216
FFD7DFDB
001EBC89
FFDB3860
FFF6183A
0028EC84
FFE1E6F4
0014AAC0
0022974A
000E54E0
00185176
00105492
FFE7D153
FFDEA093
0047D0C9
FFD0535D
FFDE14B9
FFE6A517
FFFB7F18
003743C8
FFFC0590
FFE5C8D0
00205F2B
FFC44FAC
000CC316
FFE2FEA5
001C95E4
000DBD47
001CB870
FFFC7841
FFF3C70E
001BA58F
00143E4E
FFECDA2B
FFF62351
FFE3201D
00217B15
001D3954
001B17DF
000C608A
0011E3C5
0001A84D
00327681
FFEDE50A
FFFF6062
00181FA2
FFDA1D9D
FFD50935
FFE81C61
00100E86
0002C7B8
00114392
00320F1E
FFEBB227
000343DC
00253121
FFE5877D
0044F903
00360A4E
004A0234
FFF5F607
FFF5F9FD
00213F4D
FFE491FF
FFFC50CD
000477EC
003BA3ED
0017B9DC
00061418
FF971B04
FF95D74C
FFD5889A
0006F3DA
FFCD9B1C
00196E23
FFC562CB
FFD87A2E
0048DBBB
0029957C
FFD6E6A5
FFD738CF
002486F3
FFE085A9
FFF6EC60
FFF611E6
FFCD9BCA
FF84FBCA
00083B0D
0020C46A
FFE0F59B
FFDBD2AB
0025026D
000C2852
FFD9B996
00006C6A
00254773
FFBDA997
FF7FB803
FF9F3C32
00263C51
002C2945
FFAFA448
00214515
003EDDA6
FFEC6D91
0038ED07
FFF833E4
0035A83D
000D5A1A
FF7843D9
FFC03CBF
FFFF8D49
0021C147
FFE308F8
00135518
FFB86691
003D65C0
0029D772
0047809E
0053C9E1
FFBA36CD
0064DDD7
007CAD57
00412511
FF54662D
FFD08E2E
004A7DEE
0008C72F
FFBD09C1
FF99EC48
FFC858FA
0014D51B
FFD4E31F
00293BFE
FFB99F50
FFDE5D6F
FFE822D8
0006317B
00040E7C
00319914
00137604
FFE69504
000266A5
003F9183
00076B3C
000C1721
001418DC
001BDA8F
001FE0AC
FFE33173
FF9AFA24
0004BD72
FFFE0EBA
FFB87CE2
FFB9A66B
FFA8F61D
FFFEB9A9
001FFDF8
0012EF24
005813B7
003A5B8E
000FCC53
00618FC3
FFCB6827
0012662C
00127FEF
001C0A8D
FFB688FD
0010B520
FFF722B2
FFFD338A
00138803
FFFEE382
0009AAA3
00601D49
FFF8F236
000741CB
0015E1D6
FFBB5E1E
001B4784
FFE13242
FFCB10F2
00248925
004B4F20
FFD54600
0017B5D8
FFEA41E5
FFF161E8
00159D3D
FFF7F158
FFE1D4A4
FFF87F63
FFEF299E
FFBFD5B1
0037A0F2
FFE42E46
FFBD849E
005030DB
00317EB7
00147AA6
001798BE
000CAEEE
0005FD78
FFCDAE84
00234E65
00095991
FFFE5683
001F4AF4
001AD501
0055AD47
FFE0C16E
FFC674B4
FFFBC7DB
0020E383
FFD996B6
0035C550
0060CDFF
FFFA65E2
000AA1CE
004EC920
FFE45F26
0059216C
FFA3F224
00246A55
00224148
FFDD59F9
FFC85B87
FFC07982
001C6798
FFD5F283
FFDDC43A
FFE0EC01
00A0C3C4
004A40E6
FFFCD25D
FFBFFD83
FFDEA9CD
FFA3FB22
005DCA04
FFB22E41
000A683C
FFD5B873
0036EE37
004B3A3B
FFEACEA8
FFE7B734
0032E988
FFC994D1
FFABFECE
00572D1A
FFC8F398
FFECF48E
004ACF93
003BA8A0
00068841
00109A71
0010141C
005CA991
000A449B
FFEE548B
00154C43
FFFF4919
FFC4650F
FFE60583
FFCA8CEC
00098AC8
00516139
FFF52280
006ECC5D
003FC2D6
000C8AE2
FFE1D209
001A5356
0055F4B6
005F8D25
000F2284
0029DB5F
001B03FA
FFBFE3F5
FFF276AA
FFD7F653
0067C5A4
0036AD21
004F0F50
FFD0AB64
FFF6378B
FFEDF6D7
FFD54AF2
FFFF1BC5
001F7E71
0011AD01
FFF50603
001E6EF9
0030D44B
001F6F3B
FFD9EBB3
FFF0438D
FFA6A745
FFBD6612
FFC552C3
0013A702
FF9FAD6A
000347EA
000BCD74
FFFB00BB
FFA2115D
0006E823
0022AF9D
00313F41
FFFFF9EE
000F99B2
004BC326
001EF779
003F00DC
FFCE53DD
000FEC79
FFC34292
FFF45B08
FFC3495C
FFAAC005
FFE177B7
002BDF27
0003A5D2
FFE4E5EA
FF9BBC6B
FFC07AA5
001B7958
FFFF4B02
004860F6
FFE365C3
FFEA6F25
FFEF62AC
FFF2B8CF
FFC2BF99
00354A54
0023BD80
FFA73B04
FFDCAADD
FFF6AF44
000371DA
00511602
FFD1D079
006654C1
003055B5
FFE1B335
FFB75F58
FFB6A8DE
0036BCB1
FFB1AB10
0022BEE1
FFE5876C
FFE199B7
0000F295
00140E76
002275A0
FFE7ACA9
0007BEB5
FFC356CE
000B70A8
002941FA
FFBDEAD5
0007831E
FFE44AD4
0018B0A3
00183000
FFF2170D
00628AF6
FFE0EAC8
FFC5AB8D
0025D023
0044BBC5
00065289
FFDCFB8D
FFF520D3
FFE10E46
FFFFCA88
00584AD1
0030DECC
FFD92C85
00321728
FFDFA821
FFE7328C
0017B349
001FC589
FFBCB896
FFD150FF
00158B3F
00173966
003A0E3D
FFDDCA00
001D60A0
005B13FB
FFDE1D10
FFA117DB
0033CE38
FFCE86CE
FFBC1FBB
FF41AD06
FFC93BC3
FFAE0A55
FFB5BD1C
0007140E
003B0B78
0025D6F9
FFE87E13
00046A94
0041D75B
FFC931AC
00025882
001C1BFA
002893F6
001E6FE7
00151235
001CF3C8
FF94E4B9
FFAC7639
FF6FC020
001BE603
0023BA8D
FFB3186C
00018178
0011EDAE
FFF0C54C
FFD8E619
0016F9CF
00044466
FFC3BF7E
FFC323CC
00349F49
005463C7
003D18B7
FFD8C756
004D49BC
00477613
005F8B9E
FFC6BC13
FFC96EED
0012EEC8
FFBA0AE4
FFB4085D
FFDCAB15
FFE01E08
FFD67FDB
FFE12BCA
FFEAAC73
003DD54E
FFF29DD4
006BB0E7
00255911
00152998
FFFEBC70
00158BFC
FFE5ED37
00124113
FFF554E1
00313181
00050419
FFB6FDAB
0040A826
0005C3A7
006DF0B9
002243F2
FFF175BD
FF9E45D8
00029B21
FFCF5242
0016D38B
0022627A
FFCAAC12
FF9C4496
00066C60
0009BBC5
0012BF36
FFE5B7E9
0023F602
008AE8A7
0044E3FB
FFD273F0
0048A09D
00345A21
FFF289E1
FF608154
FFF110F4
FFC16FC6
FFC910E4
FFA37A4D
FFF88F19
00285DE5
FFFF63B8
00072324
0011ADDA
FFD81D76
00175F4D
FF9A4AF3
003ADA34
005F60BF
FFCD5F3F
003983EA
00024615
003A10A2
FFE754D1
0002003C
FF901637
FF9E7F7B
FFF2F636
00031DEA
0043610A
FFFB2013
005B47FC
003DCC7B
005AC493
0055EA29
FFF216F1
FFFE7751
00048D47
0009D00A
00024E06
FFDBE89E
FFD3FA7B
005AC3A4
0039816A
FFC220CE
0010D9FB
FF9EF141
003A641E
001FC0C5
FFDF1CB3
FFD5CE9B
0080798B
FFC9E22C
00675057
0042D84C
00108A75
FFE5AB31
0033EB60
FF8924E5
FFDACA97
FFFF3EF1
002D4C41
00090708
FF814917
FFFE8B45
0017C37C
FFF1765E
FFAE97B3
0009C02B
FFF8AB36
00140B68
00203B37
FFFDED41
00256C08
FFC7B1DE
FFEE9A6B
00411837
0047A87E
002B97DE
FFEA0375
003B0F91
0067C869
FFF9DBEA
000EAD0D
FFC2C311
002D3FB0
FFD8D826
000142F6
FFD251FD
FF84C98E
FFBF670F
001EF15C
FFDD9FDE
FFE0A7A7
FFEAF607
0035AC71
00294E41
001809A9
003FE11E
FFDC7DE3
FFF0EDD3
0043BDFB
0022296F
0002A407
FFD90873
001D5730
00070C27
0009B711
00347719
008DBFE9
0059468E
FFD4A8D9
003BCDCE
FFF81F4C
FF61EFF7
0003D5DE
0001D368
00A9B81A
FFEDE3B7
FFA453CE
FFE153DD
FFBB02BF
FFFDF576
FFC7B360
001D6B9C
00001DCC
002A9643
000ABBBB
FFF75A9C
FFEEBFB7
FFD50FA8
0043D229
003B3C0B
FFC4140A
FFE5832D
FFEDE3E0
00138266
002180AC
FFFC2E97
FFE89907
FFC70E0C
003D7836
FFE0EFD1
FFDB6AD0
FFC763A1
FFAEA320
FFDE88B1
FF9F3568
FFF9CD7D
00284A29
0040E248
006469D4
FFF998B4
FFA7A4BF
000AD226
000D5191
FFD9D391
000F1C62
0012D553
FFF881A3
FF98A131
00534911
FFB92999
FFA4E356
FFC08A42
0041B6AE
002A6D1A
FFD3A53B
FFC16A0C
00188B9B
008CDB64
000FC047
003B7513
FFCDCBB3
00582149
003B784F
002CA4EB
0088AACD
0041F776
FFD6C4E0
002A0910
00042C48
006D4824
009007C3
FF768ADA
FFB6B8D1
FFE43530
FFFB17AB
FFE383AE
FFAEBAA4
FFFFABB8
0009D4A1
000EED70
001C89EB
00047370
000A40DA
FFD9FF4A
FFD2EE38
00058675
FFCC03A2
000DE20E
FFDDDEB6
000F1922
FFBF4E66
FFFC38F6
FFDE58AA
00160FE4
FFF3CD0A
00148F1B
001C44A4
FFE0301C
FFECACE9
002388A9
FFEC50BD
000117CB
FFE10CB9
0006A910
FFCA0DC3
FFF3C598
0004D8FA
FFF92E3C
0020382D
FFE46218
0029BA45
0007772A
FFF9D06E
FFE4F07B
FFCE0884
FFC3B1E0
FFD9C919
FFFCA8F3
FFFE1541
FFC076BF
FFB1D152
002AB96A
003917B4
FFC63D7B
FFF2E605
FFF50889
FFC03F46
001E9FAF
FFF2D352
FFF89271
FFCEC313
FFEA6AF0
001C19D9
00183703
FFC93087
003A17B2
FFE6090A
FFCC38F6
FFED91AF
0018263B
0027EDF8
FFF8E74B
FFCB6EA2
00384078
FFC0CCB9
0016E14D
FFE68A9B
003532F6
00466468
FFBFB201
00451AE4
FFF631DA
FFDF0DAA
FFEF6294
FFE17A7A
FFF48315
FFFFC6C7
0017548D
0038B939
0016C8AB
003948F7
FFF55E63
0011BDF5
FFECE321
00196624
FFFB5FA6
FFFE8E4B
00265727
FFDB0F18
FFFA6AF7
FFF92544
FFE4F1D8
FFE91AAA
FFF1657F
FFEA9AFA
000459E2
FFFCF55D
FFE4E2D6
001F9987
FFE532B8
000CE82B
FFDC146D
0012507F
FFDF54A9
0009D37A
00242208
00262610
FFF2996A
0012A920
003FF38B
FFDA271C
002B5F0E
FFE88F77
FFD25015
FFF85BC3
000ACF81
FFFAC0EE
00322B16
FFFFD35B
FFE69E9E
FFF20DE0
000F254D
000A42B0
FFBDD6F7
FFE9FB9F
FFEE67A9
000E6C9B
FFF998AF
FFE5B6EC
0021D0AB
0007DCFD
FFFFB3A5
0032B4EF
00172384
FFF6EEAA
002B2773
00150B3E
001C5E17
FFD7BFDA
001B4AF9
FFD94801
0018B09B
FFF6ADBB
FFCAAD4B
000CAC6C
FFF3AAD3
FFF5B0F6
FFDCF875
FFCED87C
0023B526
FFEDD53B
0023904D
002548DF
00256729
FFEF3D22
FFD39DED
FFE8B94D
FFDFE2AF
FFFFAEF6
FFC5811B
002D3BF6
FFDF1319
000F8A4F
000BEA01
001B569F
00103970
001C38BB
FFD4D3EB
FFDC58FE
FFF2C003
001FB921
000F6C62
FFE84B85
0040C70F
FFFDEA0B
001ACA50
0035F82C
00341B81
0084D269
FFE69616
FFF303E0
003AB7CE
FFF7EEF6
00354351
FFFC6375
FFCB8107
00277136
FFC0D5CB
FFED6CB3
005A4374
0011D9C8
0025D0F5
FFAA38B2
FFB348F3
00291ED1
00474A8C
FFE5DEA2
002BC6A9
FFD216CA
FFE39B2D
FFF62D29
0009747D
FFE424D6
00334EC3
FFFF295D
FFFC0E24
FFF722E0
FFD6CC2A
001ECBFF
FFDB6E42
000657E3
FFF0AE44
0032A908
002CE508
FFFE1008
FFD4F211
0016CEC7
FFBEC18A
FFCA6AD2
FFFE97C7
FFB3A796
FFBFAB76
0053324F
FFFE8ECE
00212DDD
FFE96621
002700AB
FFF2E0C8
0004AD50
001A565E
001FF69C
FFCE5649
0020AD12
000FD5D3
00332178
FFE77F33
FFF596F0
00047BFB
00092675
FFFD3044
006C3A0C
0020996C
00098154
000FF66B
FFFE6E86
000417AD
FFE1422D
0014E83A
FFC12842
001B9ADE
FFA80983
FFF3A936
FFF096B4
0013B2A5
0025BE05
FFF86E95
FFD2E074
FFD46069
FFF0D4F7
FFD1A78E
FFFFA6F9
FFFE6FF8
FFFE0F80
FFD7460F
00484450
003AB5F0
FFFB1ED5
FFDFC4AE
FFD951AE
001758F5
001E626C
0014F6AB
000868F5
FFF0EA93
000DF04A
FFCA177B
FFDC7AB4
FFF16B67
FFD25F2D
FFEE40DE
00114346
000A9F6F
FFE56059
001EB9E9
FFF450E3
FFB91B14
001CE7BE
FFF7962F
FFFD6771
001F657D
0000E5F3
FFCC1203
FFF000E7
FFDBBB13
FFE08347
001114C0
FFFE04CB
003DA027
000C500B
FFEB07B2
FFD1B42E
000C688C
FFDF6C24
00218244
FFD2DE9B
FFD07EAB
FFF32D1E
00441761
FFF34783
0007EFF8
001703A8
000F8988
001001B0
00184185
FFD4B9F8
FFEFBBA5
00156E0D
000F94EE
FFE403F6
FFFDB3BB
FFF5AD44
00135998
00527368
0034F3E3
001641D0
003BCFA0
0009C9E9
FFCE9C83
FFE90AE1
001965A1
FFCD6C54
FFF241B3
FFF280AD
FFE6F7A7
FFDF2142
0004A7D7
FFC84659
FFDC4C0E
FFEEE32E
0038C6A5
FFE14C3A
001953C7
FFEA3D2C
FFA29555
FFF69078
00377C59
0028CB34
0002DD37
FFE29573
003D1DA3
001ADAAE
00157211
FFE4E7F4
00089D80
004D8884
000753B5
FFE06B40
0028617B
000D40DA
FFD36306
001D6089
FFCB4C97
FFD2016F
00014621
FFF68D8F
FFE2F96B
00345788
FFB86385
FFEA6D2F
002A2EEF
FFF3EE00
FFFE2AA6
FFCA5E12
FFC9E29F
0001474C
0026EA40
FFD17D6C
FFFD20B2
FFCCD240
FFF87348
00250796
FFE1307B
0006F5AE
0002B85F
0043C66E
000B6F47
00206C62
0044F3C7
FFD5DB00
0012310B
FFE7E3C9
00384E0C
FFFC5635
00108674
002DE140
0013AF49
FFCF8182
FFEDB5F8
FFE1E9DA
FFEE5603
0005963C
0011B24E
FFCA066D
FFC88CD3
000D044C
FFDCE40F
FFFC2A4C
000D82C8
FFFF3E40
0035FA12
FFFFDA22
FFEBF821
000565CA
FFE969D7
00231910
0007FFF9
FFE63883
002F1B94
FFCB20D9
FFEC2F07
002FD4E0
FFC0D95A
FFBB9384
FFEEF712
0043CFF0
FFF0B786
FFE2553D
FFF703EB
00125012
003D0F22
002BEFFC
001B550B
FFAC48D5
001837D6
FFE68DE2
003B3122
002885D8
FFFF9E22
FFF31757
003E1330
003A722B
002746C2
001ADCBE
000C3FE9
FFF287C3
001CF406
002CEC0C
007AFE0E
004CCAC1
FFE9B575
00527EE7
00127FA7
0009BE25
FFF229B3
000B8B51
FFF23825
FFD52170
FFFA39FE
FFED6055
FFCF39D9
0020744B
FFF46E1D
00351887
00219E87
00091896
00587781
00053313
00102F30
FFF10827
00215893
FFE7FCD3
0008AE5A
00308EF4
001CDC55
00599097
0009577F
FFCE21A0
FFD45AC4
0012D056
FFD1C0ED
0013B670
00001B78
000E01C2
000A35FF
FFEF4068
0015F192
0004B7CD
FFEB3049
000E06C3
FFFF5538
FFE1873F
FFD28ECF
FFEE9BBF
FFDE40D2
FFDA666D
0009521B
00187ABE
FFE91CEB
FFEA9B46
FFF919F0
FFFCFF70
FFFF6939
FFF009AE
00185500
001D1E36
FFDE58DA
FFF6E1D9
FFF7905C
FFECB879
FFEFA8EE
00007409
FFDBD4C2
FFE6531F
FFD11346
FFFB7915
00027936
FFD64CFD
00184B9F
0010894A
FFFAF954
0020F6EA
FFBCEED9
FFEF1560
FFF05CF6
FFE2DE5B
FFD49728
FFCB745A
FFEF9A8F
002CC460
FFF5EBD6
0011EBB5
001CABC3
002C99E7
FFFB07CA
FFD4BDBB
FF908D49
FFFDE60A
001F4CDA
FFC4F78A
FFC9ED56
000E5774
FFDA4C12
FFFF3B97
0002D6A6
FFDDC792
FFF1D87E
FFFFE1FC
0048844A
000449E6
0005993F
0046B990
FFEF92DB
001C2A30
FFE42A73
FFF69CBE
FFFD61C4
004C7C4B
FFC2F2EC
FFF563FF
002CCD34
FFCBC651
0000035D
002B6719
004670CD
001AAB1E
0013379B
FFFBD2FC
FFAB2C73
FFFE080F
FFFFADB9
FFD44E7A
00090219
FFD03E44
002B85E9
FFFA13A8
00398155
00387955
002C8508
00122A31
FFFD23BA
FFE6AB7A
FFDF18D3
0014E07C
001F1566
000EBB76
001C51C7
0007B4DF
0018DFDB
FFDAC628
FFF6E2FD
001EBDC1
FFE8DCE8
FFF1E1E6
0013C541
0016A164
FFFB959D
0005D080
001773FB
003AC8B2
00107AF9
000456D3
00307951
0015A182
00198D9E
00053244
FFD8D170
FFF79DEC
FFD55A28
FFDF564E
FFFB2588
FFE410AD
00070F5B
FFECB2E4
FFE9AB08
FFF0D451
FFFF3DCC
0013C7B4
FFFBB875
FFDD5114
FFF97774
0005418C
000E23CC
FFE2A367
FFF048E7
FFF35D04
00153D0B
FFF03143
FFEE3C83
0028D2C2
000C7763
000A2A0D
002218A1
FFECBF2A
FFF1A1D8
FFF49FBB
FFE57800
FFD9D31F
FFEE37D3
FFFD2E17
FFE1860A
00096BEE
00226C96
001A40F0
FFF58D20
00098CFF
000BA2C4
002FFDA4
0000143A
FFF0E581
001B10FB
FFF910E3
000D5F23
0023F32A
FFFD682A
FFE7C8DA
000EF23D
00005132
FFE4D7C5
000A0164
FFF33D9A
00126510
000A4F09
00243C4A
0005E27F
FFFCB85E
00224601
001A3C81
FFF753BC
FFF041F8
000BEB4A
00170F7C
001EF9A4
0004C1FE
00191270
00081DF8
FFFD41DD
000A631A
001A3684
FFF0A605
FFF8F1E1
FFFA7B6C
FFFB5124
FFFAC84B
000568FE
FFF20382
FFF3CC56
00174C41
00227258
FFEC4E00
0013DEE9
FFF76E57
FFEC52FE
0016E839
00031A60
00129DDA
0017BE8E
FFD52857
FFD7B747
FFEF760A
FFE2FCB5
000A2450
00017504
FFF67537
0007263E
00029206
001149DA
002F6E0F
001D2E18
00122D18
001376A3
FFFFD8B8
00219E96
00146A70
FFF8FACE
00042583
FFFFCADD
FFFB5880
001A0DBC
00227048
FFE16DC0
000E4334
00026AE9
00174A4F
000AD74A
000AE6D5
FFEEED0A
FFE79E4D
FFE5C621
001FA743
FFF470EF
000CD9DB
0019D88E
002FAB16
0021A375
0019C35B
001B8B58
003051DA
00089BA8
00158B6E
001BFBAB
00143EE0
00036E7F
000C64D6
FFE635AF
FFE39AEF
001DDC10
000E3643
001529B5
FFFE642B
001B1966
FFE91D74
0001847D
FFF5C05D
001D0A9A
00169A3F
0020C681
00260D97
000BCA36
000F3BF6
001F14E2
002C9397
002056B5
0036E5F1
FFFD47D7
0004006B
00085774
00194C88
00063DB7
FFFE6CEC
FFD52792
0011B4B1
000B9F67
FFDBB76F
FFE2BE53
FFE95025
FFD31A12
FFE54C9F
000EBC10
000A5635
FFF5CDE4
FFEE049E
FFD41D3B
FFEF014F
FFF6DD11
FFE4A2F1
FFECA12F
001D1B74
0015A7AE
00081487
0026FF99
FFF282CD
00158EFA
000B1328
0015A217
FFE1C2F7
000E2D36
000624AA
00059050
FFFDDD9D
FFF6E1EC
FFE7425A
001D21A4
0005CA05
FFF60A53
0027BBA2
00132362
000339CD
FFE7FEFD
0007AF0B
FFE6A955
0001E836
FFF94170
00087B1E
00133474
00145DC7
000D1874
0025A8E6
001F1F29
FFF3D65D
FFF18E92
000ECBC1
0000E8E1
00326F4B
FFFA196A
00001C0D
00470997
0038EE21
00159897
FFF59A18
002180EC
000BE32E
FFE22BDF
001752A3
FFE9A99A
FFE2EE88
001439C3
FFFC736B
FFFDA163
FFE8D648
00073D86
0023DF54
FFF8268E
FFFCC8FB
0029D747
00118B68
000A6875
002DCE69
002A482D
0017B6D9
00201762
FFFA5B70
0011548F
0021298E
0014D25C
0014EFD4
001C527B
00011F89
FFF1B0A6
FFE43197
FFE0B825
0000C02F
FFDE91A3
000C01F9
001FB81D
FFDE5456
FFF6B460
FFF2C22B
FFE846EF
FFE3065D
FFF9D278
FFE48329
0016696B
FFF8F7A4
FFF0311C
0017679C
FFFC5755
0000B49D
000D05D7
00188D70
001CBEA1
FFFD228E
FFFE2728
FFE7140E
001C3806
001B1ECC
FFFBE163
000385DA
FFEA6995
0003ED63
FFEC5E7A
0004C450
00010289
001BB9EB
FFFFB119
FFEBF90F
001B8D65
001A5D2D
00153110
FFFABBB9
FFE880B5
FFFB5E0B
00089B47
FFEEA131
FFE65A98
FFF858DA
0013037A
FFDC5B75
FFE0BE4A
00237BBF
FFF9C28B
FFEF0D80
FFFC1B20
FFF80243
FFF6CD47
FFF78152
FFFE3D86
FFD8BCBE
002155C3
FFE4DFD7
FFEE05C3
000D4679
0009629E
00125A12
00150DDC
002607A0
000CE4BA
FFFB6095
002ACD7E
00144F1A
FFDA3B44
0008FE3E
FFD68205
0001C7D6
FFF7B8F9
FFF7DC3F
000E10BB
0005E724
FFDE6A61
FFCF9C65
FFF0E19B
FFF600F9
FFF9667C
FFFBEBC5
FFF03922
FFFE773D
FFDBEF8F
FFCE2F10
FFF5B78A
FFF0722D
FFE52C15
FFDF1AC4
FFFB4AC9
000F6D0C
FFE7734E
FFF96433
FFD77AD6
FFF07C14
0009FB37
FFDB72DF
FFF472DB
FFE2D457
FFEA94F0
00132B2E
FFFD4FCE
FFF384A4
FFEB7CCB
FFED982F
000CCE12
FFE8DC52
000F238E
001DB28D
0012B3FF
000670F4
FFFDA1FB
001F00E7
FFE1BCBF
0015644E
002F4AE4
00081AEC
0019909A
000CF518
00188801
001587EA
0000B978
FFE1C493
FFEA8ED9
0005667A
0022F7E7
0029AE2A
FFEC7160
00067640
FFE4EF50
FFFA4B2A
003731B2
FFFE1BA8
001564BD
000905BF
000BBE45
FFF9FDCD
FFF6D123
002AC757
002F6E3B
0016FDC2
0021DFEE
000D3DAE
FFE40F91
FFF603FA
FFE81B9A
000F5022
0025119A
000ECF61
00438218
001DCB86
00130650
0029A6D0
001DC6A2
000A98D9
FFED7FE6
FFFAD373
FFE6855D
00246F80
002BB7D1
FFE4A56E
FFF9D1D2
FFE74C7D
0008D6A6
0020A9B3
FFF95F97
0018D4C0
FFFAE970
FFDEFD96
00362B84
FFFC8209
0011E2B7
0010C35C
0022BA22
FFE8571A
FFED31AF
0011C116
0026620D
001D68BE
00046CAF
002172C7
00170B3C
FFFA6A54
000D1C10
001B2E01
0001F89B
00195C02
001F018C
002F87EC
0015D3DB
FFF95084
0007801E
0003DF2C
001FDABF
001B7CEA
001D012E
00157B50
0012F694
FFF1F8E0
00078991
FFF5A202
FFE24391
00027DA8
000061A8
FFF4CB07
000900F5
002BD591
FFF5683E
0013E51B
0015B05F
0021B51C
FFE61165
001D1DFD
FFDE0C61
0008C12D
0028504B
FFFFA34D
FFDF5C61
00083068
0002A528
000B956C
001726C4
000EA60B
0017CFBE
000E84B7
00159A3A
001B9BE7
001B38BA
FFE91B4A
FFFB3C5A
FFF44E6D
FFF487F9
0019BC41
FFF0C12D
FFE0B8AC
000EDFB1
00229DFA
001F3E02
0018E2CF
FFFD4E4E
000E00DD
FFE8130C
FFF70660
00112659
FFFF2ABC
001FD98A
FFF81BBD
001D0557
0007C81E
00080F67
FFFE0DFA
FFD8FA2B
FFD048B4
00060095
0043F3A8
FFEAF45D
FFF09312
000993A2
000DA27A
FFF5DC04
FFDC1578
FFF64B24
FFF1BA1F
FFF209C1
FFFCB354
0013C119
000D7E8D
0036513E
FFFD4B8A
FFDF251D
000DA516
002145C5
0030CAF3
004ED903
00304BF7
FFEC0612
FFFC19B7
FFF625E4
FFDD9FE6
002F3A2C
001FF0C0
00151DCD
FFF098A6
00129F9B
0018A5C2
000E6D87
00100018
001D387C
00385192
001F2787
00115F61
0002B325
0004C0AF
FF73067B
FFE7A972
00032150
FFF03FA1
0006ABF8
00147818
FFB2AA9A
FFF0C7AE
FFD43404
FFA956F6
FFF538B2
FFB28BEC
FFEA0A7E
00399738
001C2596
007D34C7
0019F0AC
007B2C2B
FFE0B857
FFF9EC40
FFDECA3E
0021005E
0075022E
00659C3E
FFEB8BB0
0035E652
0067C544
FFB6FC89
FFC2D108
FFCC2274
FFD9130F
0049BAF5
0040E6E8
006AEA14
FFCCB47F
000E4B16
0046A33F
FFC0CB8D
0038745F
FFC31851
00B3CA71
FFFCE484
00528979
FFD5A76F
00130D47
00689348
FFCE7880
FFB901DF
000257C3
FFBDA489
FFDAC590
FFDB2C49
FFCD2361
0021FF28
0009686C
FFBF3A1B
FFADC781
FFBCB0EC
0050A654
00335B23
0003A4A3
FFF10185
FFEF7937
FFF822CE
FFC6E868
FF7D0D67
0021FC97
FF9DF940
FFD05A66
FF990A01
001D11A3
FFAB3CE0
00837207
FF877408
FFE1AC3A
007F594D
00047778
003430D8
00476D39
FFD9B816
FFF92E39
FFD5D792
FFD4EB6D
001E41F6
0059D6D4
FFEB8C7A
FFD3EB30
FFA7D5BB
00301749
002BD037
001D4A73
FFF4230C
00721DD4
0038A3B4
FF89ED31
0054428D
FFA70876
FFEF3B3E
00171853
001232EC
FFA20B18
FFCF60A7
FFC76B18
FFE7E446
FFE0D891
FFD0D4A6
FFC1CD14
0055EBE0
00121358
FFE52487
0047FC80
FFED0D0E
FFBF984F
FFD56106
FFEAE7C6
000DE764
FFAC315C
FFE0AB94
FF7BF029
FFA8413C
006B5C6C
00027F05
FFBF9746
003676F6
FFD5ABA7
FFBA3E94
0028319D
FFB338E1
003B480C
00866B52
000B2614
FFB12342
00167993
003ED9F6
FFAF09FE
001076EB
00485094
FFC7AB6A
FFA2839D
00088C63
FF7398ED
0075B5F3
FFB6D7BB
0077573B
002274BD
FFBCD0F1
0030727D
004E5C25
FFB5EA2E
004E38E8
00482056
FFC0DF4E
0095037E
FFC430ED
FFE85462
FFCD05B5
007A2C61
FFFC6B0A
001A8151
FF3D2AF4
FFF7D127
FFC37053
004132D2
003B86B8
FFB6B4C1
FFE0EF37
00129394
004C76D6
00583D44
FFF4A899
FFC33289
00478BD6
005CE0C7
FFC020CD
003EA3FA
003DD7E3
FF9435EB
00127554
008512EE
FF935CF0
FFC4A965
001F5B18
FFFE62EF
0068B813
FF97F5BC
FFFD578B
0066BA61
FFB51B73
FFEC6AA6
00083572
0064B6E9
FFF75041
FF97767C
005049F2
00260AFD
FFE48FC8
003AEA46
FFDBF8B4
FFEBA6D9
004FEF4D
FFF02FE7
004F6FBA
FFF6A564
002D13EE
007FAF47
FFEF6CB2
004930EE
0012EF28
001F9065
008F9C9E
FFC18C61
003F2303
005155C1
FF85D425
FFE16215
FFDEB56A
001BCBDE
00353E45
FFD8E809
FF77B0ED
FFE52EBC
FFC3F5B2
00378FE5
00294294
0040584D
000F525F
FFDE2087
FFC10F56
0010B8FA
006400A9
0067CD69
FFD810A4
FFF58EAD
001DCD15
0062AB18
FFD7A5F8
FF991B0E
002973A8
FFC4E02D
005911C9
00025F09
FFB5984B
FFF710ED
00B8CCDA
00277269
FFC911E9
FF8FDA7F
0009B623
FF91C45F
FFAD4664
FF97D473
0057109A
003C9622
00033AEB
003F278C
FFFE54E8
0012BFD6
00480129
FFBDB7D2
00097791
00447A8E
FFE51BA3
FFF9DA9D
FFF48E4D
00089951
FFD80E08
FFA110EB
FF8BEA76
00295A27
001B7FDA
00504C51
0002F729
FFFD0CF2
FFBB78C4
000B88EF
FFE4CE48
00162523
FFDA2B28
FFCC1203
0014F33A
000438D8
00028BAA
0056FFE2
003BD634
FFAEEA4E
004745E2
FFF50AF4
FFB7350C
FFE2BA6A
FFCA0D03
001A6FD8
0073A507
FFF02149
FFC74D81
FFE723CB
0033E74E
FFB0AABB
0048E57B
002929CA
FF8B6CE0
FFBF83A5
FFF586E2
FFC12307
002E504F
FFDE95AB
FFF5E1EB
000D72DB
000F1100
0045D692
FFE136BC
FFA94889
001A4FAE
FFA90677
FFF910EE
00072672
FFF8602C
004049AA
0071FB07
00ACAC68
FFFFD246
FFC8F4ED
006CD5BC
FFC48C7C
FFFE4253
003AC0A7
000F4D14
FFED7F6B
FFBC2728
00252E2D
00164AB7
00493B81
FFA46BC1
00240965
FFE95266
003D657A
FFBEFE77
FFB227B6
00539A96
FFBBF2C8
FFC9F113
FFF3FE43
005BFEC7
FFBB8B7F
004E37FB
001DBD21
FFCC3148
00268D72
FFCD7845
FFF5F6C8
FFEA85FF
FFE422BE
FFDA8B5F
000501F6
FFE6F322
FFA93F3B
FFC7E7D9
FFB44A15
0000D220
002E9225
FFDA43BC
FFF2D735
005ED738
FFBF7ABF
FF97D058
0008C21C
FFAE757E
000A1DC9
0042D306
00415A3F
FFF43CD0
FF7DE9EB
007AE8EB
FFD61AFF
FF9B0B15
0022CEAE
00448CE9
FFDB7417
FF89936B
0010035E
00116B60
00184CC0
003D7B64
FFDAED33
FFDFFAE6
FF57BDC1
FFFC8E71
0068432F
00193F83
FFDB0844
002F1C7F
FFD31B02
FFDFFCDF
FF89BF49
0015ABDB
FFB96F70
FFF6B052
FFDB9D3D
FFFC41D2
FFF35642
00194A76
001D030F
0028AEDE
000D9546
005C33D8
0024BE64
003D342E
000438B6
FFFE4267
FFF60441
FF7DCC77
FFCB9E87
001EEE06
00182F22
0020EB08
005BF2FE
005719FB
FFD57330
003959B5
004639EC
FFE09E0C
FFD6C774
00172FF6
FFDCBACD
FFB86D3C
FFFEDE68
00726C29
0055863A
003AC1F3
0026C726
00671558
FFAA1334
0011E134
0024DAED
004614D4
FF85E22E
000B99B4
FF9CD4D7
003940FF
FFB0CAD4
FFC6A4A9
FFEE8B89
FF844018
001740C0
003FD29E
FF766A32
004C024A
0054BDB2
005C715F
FFB164F4
000EC494
FFA242B9
0031AA5B
003D4BB4
002D42A7
0004E2F1
FFE18032
FFAEE657
FFD922A5
FFFEF527
0002CB85
FFE0E984
FFB6C911
0032DEA6
FFDB579F
FF876191
00054822
002F209A
00624D88
00687ED1
0027E5F5
001093BF
FFE31177
009E7D5D
FFDA48B2
0000B3AF
0029EA73
00612AEB
00057FEF
FFE97083
00045AB4
FFF6A6E8
00291864
0042F999
00219DEA
FFDC0D95
006BFEFB
00281ECE
002A75C0
FFCCEA7F
0047E9FC
001B48F2
FFF89CC5
FFC5E3D3
FFB5ED48
002B4D07
005550E6
006F0A49
FFCD320D
00747F6E
FF85C763
006589C5
006A920F
FFF61A4B
FFE48E83
0062CBD6
FFACE9C2
007D74FE
FF70B5C8
001FDFB8
0042F0D4
005B0A49
FFBC322D
FFAA2BF0
FF9C9B94
00588C08
FF9DB930
00003D99
FFF48256
000FF1C3
FFEDF316
FFF19872
FFEF84F4
002FD25A
00429BDB
000C1956
002EA48C
0061972B
FFA3E3E9
FFDA84EF
FF70FAF3
FFB820EC
003D2F79
FFB26369
0020D058
FFF74F8E
00CE04BE
FFA64EDB
FFDC4A2C
FF7F004D
FFFF124F
0046CB57
FF91FE14
FFF0B151
00787C38
FFF47AD8
00251296
FFE4EFF1
FFC93397
0063AFC2
FFAF806F
0060A08A
FFBE74BA
00D14F11
FFF336BB
002CACE6
FFFD6D89
FFCEBAFD
FF6F4AE4
00D4C944
FFDB70DC
009E4527
0067FC73
FF6EF6BD
00586880
FF7E55F6
FFB4C616
0027E823
002C0914
FFCACF63
000C6E01
0011F0F6
FFE9828B
0012511F
005B2946
00494F20
FFD5CD15
FFAE3158
FFF7E79B
FFA242AA
00949C37
FFECA41B
FFF1EA9B
FFCEDB36
003BED9D
FFA1BEC7
FFF3ED8D
FFB5B003
00093D58
0054BC6D
FFF57AF7
0050275B
00011147
FFB066F1
003A1B48
FFF3EC27
FFEAD415
004F11F2
0058CCA2
FFC3357B
001E7239
00287F36
FFFD1C1D
FFC6C24F
FFFD8EAF
FFE325B6
FFF58243
FF9A8021
006B950F
002A0ADC
FFE4F9CB
FFBC0D29
FFBEBDE4
FFF5E578
FFF6B697
FFD350DF
FF5A11CB
FFCE3574
FFF41B90
FFFBB3BD
0012AD18
FFF3A7D8
FFCA451B
000ADF89
FFEE41C4
001E3345
FFFA3A2B
FFBF047C
0011AF3F
00374302
0033F23C
FFDD78EF
003051CF
003AAADF
005701EF
FFB90168
FFCC74B9
FFCA54F2
FFF4977D
0049185E
FFBD332B
FFE92668
FF9576A6
00BCF52E
00571F5C
00523A63
FFB4D50B
FFC082FB
00049727
004E151F
0038C0DC
FFBF2FDF
FFF14BB8
003621D9
FF821119
00148020
0007F4C8
FFD98FC7
FF97B86F
00046F9F
0016A1AB
001C651F
FFBEFBB3
0029CF6E
FFAEEAFD
0022D8BB
FFF5DB22
002C6BC1
FFCBB00D
FFE217B4
00126843
00713AEC
002D361F
005755A7
002EC6CB
FFF7D283
0026E049
FFCCF384
FFEA3AA8
00409914
0008534B
FFEFDA0D
FFF18EE0
FFEA2D66
FFD4A274
0027A3C6
FFFD9354
00438968
005BAB3C
FFD0FDF6
0069818C
002E5EE9
FFD0BEDC
FFD020C5
FFE78A07
006A26DA
FFCD42AA
FFEC9737
0032981E
00320B88
000B9B35
0008DD8F
FFE32C13
FFD5CA63
004A43EE
003E1088
FFC5B209
FFCF5170
004C8041
FFE90E2E
0067F2E9
FFE82580
004900F1
000C9A2E
0052DDE0
FF446CB7
FFEA946B
FFDF7A4F
00042CE4
FFB7B028
00174D4F
FFC0DCA7
000A7E91
FFCE005D
FF992045
0051AE45
FFFD2A24
FFF3F8EF
004BB815
00206E77
FF9A2920
FFDFCEF5
FF88F22C
00D25B54
FFC575AF
002EDD10
FFECB4FF
FFC72A7A
FFCB0033
001E91C9
FFDEA26A
FFC80E87
FFEA7E0A
0036F73F
0029F2C5
FFC4F144
0068F69C
003E74DC
0056F934
000309C8
0022E690
FFB9150E
001DC28D
FFCE0656
001F1637
FFE754A4
FFA374FE
FE269374
FEB4F2BA
FFB4C459
002FB29E
00356A95
00055747
FFBCA0C2
FFBBB888
FFEBD385
002335C8
FF5E7042
00042F20
FF985A08
FFB2EAD0
FFB4E577
FFFDC135
FFE298BA
000CEBD8
FF7AE71F
FFFFD981
FFB71A34
FFC8C7E9
0033CD2E
002D71B3
004CAF8F
FFB4B7F9
FFF6944F
0018E02C
00017CA1
FFFEC64D
FF964E52
0057E89D
FFC6482D
002BF6E6
001FB279
FFD2CD12
FFFA699D
FFD1D21B
00300402
FF191199
FFF1B9E2
FFF38E02
001AC34F
0015B92B
00064E26
00222877
FFDA4AC8
FFF11382
0075C88A
FFC9E290
004EF4C6
0029F92E
FFC6BA6F
FFFE316A
FFCB6D82
0029C343
0010B479
FFF9EA2A
002A8E70
FFF0A168
FFBD32D3
FFE4ABE8
FFC10A80
FFEE9C82
FFC17574
005552A3
FF22FFB8
004EFDDA
FF67E039
0068B492
002B47B0
FFE87A81
00520A05
003D18DC
FFE38766
FFFF62F1
FFC60BD4
FFD6FE7C
00299F1D
0049A8AA
004B758A
005A7163
FFE35B98
002E71A8
00606EA6
0003D069
006DE7AF
002D68DB
FFE17BA7
000390FB
004E37BF
FFDE5A67
002BFC6E
000A7FDD
FFC8669B
FFF3B1A5
FFF7F1E5
000217D5
0043B1AD
00506F45
FFF8483D
FFC2751B
FFFB4A05
0047C1CF
FFDFA5E7
FFF620AD
FFEC67C3
FFCCD6EC
FFF5BC80
0021D24B
FFFFF0C9
0031763F
0054048F
0034BA06
0008F389
FFDAD100
FFE6C38F
0070EACB
FF94E18A
002994B2
0068EA5B
00B98F09
000BEAF2
0062D5B4
00C17879
FFCCD24E
004E2DDE
FFE60C65
FFB0C127
003BFE2F
FFFA1A8A
FFEB943A
0029D328
00095E6D
FFAF37B0
FFDB1178
0030633A
FFFBA4D2
003B43C6
FF97828C
FFA44B11
FFE75120
FFF8B63B
FF9757C6
FFD0C5E7
FFE06001
000F548E
002BDDBB
0029D02D
FFC83CAD
004C2738
FFED53FD
00355ADC
005E0148
FFB672A6
00522066
FF80D729
FF975405
FFCDEAC8
0021A90A
FFEEC2F5
FFF2B369
000E2DD4
FFC21B77
00536DA5
00A33C32
00072D16
003ED9FD
0030A5FD
FFF06471
FFDA13B9
003329B4
FFE5CF21
003FA1DB
0022A2BA
FF952C73
0054B89A
FFDCB18E
FFCF3C2C
FFA2FFAE
0000F03D
FFB05265
00A5F5D4
FFF70661
000B75BE
FFD2B2D7
FF67C31C
00762380
FFFD39E0
FFD6579C
FFBDA4D8
004C7532
001C97B0
FFEB7BAE
0019F876
000CDF26
FFE8CE90
FFFE5B36
FFFCDAE2
003FA6A9
001EC309
0031DFB9
001E4478
FFC67A4C
FF8A9A26
00636748
000644E5
001790A5
FFE03845
003EE202
FFC50818
FFB060DA
FFDF5942
00639A5A
FF8D2878
0002ECD1
003B488B
FFCBB9C3
0019AAFE
FFDEEF14
00610230
FFDD759A
003852E4
FF9D1CB9
FFC429DF
FFC7192E
FFA29384
003F9457
FFAE935C
001A4145
0003BF41
FFD75596
FFCF1B5A
FFB4E92A
FFB2D4CF
FF901420
FF88D8F4
FF94E941
002387DC
FFB3A969
FFFA9FDD
FFC165CF
FFACDC8D
FFD867A1
FFD51583
0028826E
FF7BBAEB
004BB2AB
FFDD8A50
00243EFB
FFC1B220
001672CB
FF6EF3AF
00377188
FFB909D1
005CE8DC
FF71AA3C
0030E495
001AA08E
FFC8969D
006F2DC6
FFEC9500
0028587A
001EA795
000BB30D
FFB16AC8
00425E8E
FFD71769
FF93CA97
0063117A
000A7021
FFD9C58E
0010B7CE
FFF41C8E
00312A42
FFAAA246
003E200E
FFF39CB4
008EBBEB
003448C6
0049B3B1
0065607E
FF6A7648
00750A84
FFF701F7
002B29E5
0036A7FC
FFD1AF48
0020542C
FFC5CF94
00317407
FFE84429
00206033
FFC5A8C0
FFF8ADB4
FF7AB6B5
003A20DD
FFF4EB59
00193A99
FFF4A8D1
00278E3A
FFF39CA3
001AA9E5
002BBFE0
FFE70CC7
FFEE2CE9
00382B79
002B79C3
FFC99720
00285780
001A29B6
001F0997
FFE08054
000199CA
FFC45F87
FFBCCE5B
001F7A95
00041CF1
006778A5
FFC5238E
FFF5D01B
FFB3F106
0051D41F
001CEE6C
0078E843
FFBBBE23
0000E8D4
FFED4266
00366A91
00394048
00484F71
000F6E8D
FFDA0481
003ACC60
0014FCA1
FFF47827
FFB957FB
FF9A5E5E
FFBBA8CE
004F573D
FFD1FC1B
FFE2ADBD
0035B571
FFB3DE4F
00169D51
000439B6
FFFBDC5F
FFF94152
001F8D37
FFAC3F49
FF6D8378
0000DD36
0010BDAE
0039CE22
FF8DEE98
FFE81DC1
FFFBDBD0
FFE23B1D
FFE66B09
005084FB
FF67D953
FFA7A69E
002F8FDD
FFF1D2E0
FFD2BC87
FFD5DCCC
FFBB099F
00429F9C
FFA25F05
FFDDD956
00260A01
FFA22525
FFF23751
001C3C1A
0021883C
FFE5EB96
002FA5C3
FFAE2613
FFE14B63
002B568B
FFBC6D8F
FFDB00B9
FF45A189
FFE6DD85
0061BF72
FFFA7A77
0003600B
0026F565
0014F157
005D499A
002B8902
FFF9E651
007D8C3C
00578E72
006D6B17
FFC89882
00102F66
0010378E
FFD1816B
00186AFC
FFF8B615
FFE44BFC
FFE3EAA0
FFECEE46
001253FC
0003CB13
FFDF8F54
002D76D3
001738AE
FFF281F6
FFEC4C06
001F5D8F
001AA024
FFF558B3
0013BF67
FFDB6518
FFE4D294
00326111
FFF8D91B
000B8716
FFEE9CFC
00073D6B
FFEA34A7
FFC7E86F
0019AF92
FFFCD59B
001E2798
0038BD7E
0011E82C
FFDF618B
001ADE10
000887AB
00340624
005B77AA
000F9936
001060E0
00043C0F
00079C53
002843B5
003A8AAA
000B9038
FFEBB921
000482FD
002E2A03
FFEE6008
00200969
003AAE3B
FFF91FDA
001FBE2D
FFDBBE1D
FFF5CA3D
0018415B
FFF62343
FFC2CAA2
FFCBABC1
FFEA407C
FFBB893B
FFF245B0
002E98F2
FFDF581D
00016E65
FFD7B04A
FFDD4673
0017FA00
0015704D
00200043
001E8DB2
FFD12169
000A0842
001E357D
00067E9A
FFEA98A5
FFD3CB67
FFF84125
FFB8E117
FFC7B2CE
FFD66DA6
FFF73CC6
FFD9E986
001396AC
FFDF9E64
FFDEA989
FFD6D48B
FFC7614D
FFCC13E7
00213DC2
FFF55F72
FFE89D5C
FFF6E333
FFD61141
00110ECA
FFED9F02
FFE7E62F
000BBDB4
0018F6D2
00168679
FFD47139
FFEA902B
FFF46DF4
0006AE42
000E3B0D
002AE6B8
FFEC20F9
FFD0DED2
FFFD093A
FFC0EE9F
0018A372
FFF2D16A
0004B4C0
001A8C63
001C1217
0004D6CB
FFF1A1B0
000C4A6F
00160B26
000BA024
00183DC0
002BF8CB
FFECA7D7
FFD0AB22
FFE85E64
00252600
FFDC6C18
FFDB7645
FFEFE6E7
FFC89DC2
FFC33DC6
FFE521AB
00048EAC
FFEE4810
0004D6C3
00261BFA
FFE125E5
00026044
0030D66D
FFE032F4
FFFC5398
001FD0A2
00128A36
00106CEF
FFD271E3
002F47CA
0005C461
FFD7A4E5
FFF44432
FFE17D7B
0013028E
FFEF136E
0018DB39
FFEC36FA
FFED1E74
0016375E
FFEFA71B
FFE57E56
FFEF914B
FFF4FF5B
FFE8D9ED
FFEF9FEA
FFF8D765
FFECE6B4
FFE49E23
FFF667CC
FFC91313
FFDD208F
FFDFCA2B
FFF3408F
FFFEB286
001EC7F9
FFE232D9
FFF9E40E
FFC75698
FFD633E0
001A44B2
FFEAD10D
FFD6758F
00473715
0019D96F
0053C041
FFFF59BA
0027EC01
002F7513
0010B4C9
0032A942
004A8F4F
FFE837F1
FFE1FCF3
0015CE85
FFDF9E7D
FFF44E2F
FFE3643B
FFE54F73
FFED5FE9
FFE9B48E
FFF39BA4
0001F45E
00051E39
FFEB49DE
FFDDC151
000B3CB6
002167AB
FFF7065F
FFFF3C3C
FFEE082C
000B918B
000A45BD
00066859
FFD146AA
FFBF19C5
FFE0BE73
FFFB4458
0011CF11
00032690
FFF095F0
FFE5C9AB
FFEDAE9D
FFD7F93C
FFF70ADA
00034351
FFF2BC0E
001555B0
001238EF
0029C747
00143340
FFDB3B31
001A71FC
FFE6B2E8
FFFD5F6C
FFE21C08
001ECF63
00145B02
0019D086
001BC910
000E758E
0043E257
FFF00D87
FFCFCB75
FFD3C80D
FFDA696B
00062C96
FFFB75E1
FFEE1A32
FFF8AACD
00073546
00172FAF
FFE7652B
0001FBE3
002927AF
002027DD
001B5AF3
002166EC
FFF1ED68
FFDE5A4C
00100464
FFF226DD
FFCB4824
FFD21C43
00092F11
FFEC172F
FFF737E7
001F7FB8
00067B7F
FFDD99A1
FFF1170D
0010AFD8
FFDEE395
FFFD87DB
0011E1AC
FFF39279
FFB31F28
FFE8825D
FFE4EBAD
FFF50052
0012B325
FFE7931C
FFDB5DE5
FFE56C1A
FFFDB741
00125980
FFF45939
00321B25
00258BD8
00334AD8
003589C1
001274C6
FFF7840C
FFD95EFD
FFED191D
FFD6303F
FFF11B0C
001585AC
FFF122A0
FFF16673
FFE1A74D
002AEC62
0007DAD1
FFF8D240
FFE7B8BD
003CFB25
00091B8D
FFEBADA2
001D0E97
0015AD3F
002502E4
0021FAD4
0003F995
00148DB4
00244D66
FFD7BA47
0019119E
FFEFF07A
FFF01481
001F8B04
002AE6A7
FFF2804C
002D4FCD
FFD89039
FFD88382
0014A391
0000CF6D
00197807
FFFA5773
FFD03C3D
FFE01AB1
000CB6D9
00116D16
FFEE3BF4
FFD7BE59
0015276A
FFECFCCB
000CBE0E
FFE44C23
FFD6FFAD
FFE0ADD4
0039D355
000A664E
FFEFF708
FFE7AB2A
FFFB33A7
0017E164
FFD3CA8A
FFD7FE67
000353AA
0010FCB7
FFD70183
FFC3B716
FFFC3D23
FFE11BE6
FFE88DAA
000F6594
FFE91938
003211E7
00039F24
002E5859
002C18B0
001656F3
002199D7
FFCFBB08
FFF34493
FFEC5F23
000894D6
001A8629
FFFA3270
FFD62F39
FFE0EF69
FFF01B96
003556EA
FFE08C9E
0047A10B
00480744
0001140A
FFE11180
00144BFC
00228BDE
0019FB1A
002926D2
FFE71CFA
FFF5D4D1
FFE4F008
FFF02B80
00396FA2
002379E0
00068058
00109C17
0014C99A
FFDC018D
FFD2F773
0019437D
0006DAC3
00012971
FFC16820
FFBA2899
000A5317
FFF6339A
FFF635FE
FFDD80E8
FFE2CF96
FFE703BD
00015F50
FFDDA85B
FFCD0B6C
FFF6C497
001531D2
001AEAE5
FFE8DDB0
0017C461
0001C9E8
FFFC6C70
FFF01002
FFD28A06
FFF5E801
FFDC9E4B
FFE495C1
FFD3BE6C
FFCC97AF
FFF074A6
000E246A
0033C256
FFEE0329
0029EEFD
006E3D9F
0041B561
FFCC1EF7
FFFBF476
FFEDB8AB
0040EA59
003CDD2D
000D65E6
0004E002
003B7C55
002A14D3
000A1F7F
00493275
002B0F51
FFE14983
00021175
002C71A0
FFFC3760
00249149
FFEE1BFD
0008680E
FFF61315
FFDA348D
FFF1E4E7
000BBDAE
FFC7400D
00103A8E
001AA336
0014BD23
001CF827
00117C51
FFF4CF1F
FFF927BE
FFFACF1A
FFF4D715
FFD298A2
FFBA6A54
FFD70BBF
FFDF32EA
FFC9080A
FFF5DFB7
FFBE6316
FFC56103
FFB06E10
FFEBEF5C
0005D777
FFEC2FBF
FFE96D95
FFEDFC53
FFED2FA1
00231AE9
0031A39A
FFF7B26E
001EB3DC
FFDCFD1F
FFF7126C
FFF9D2FB
00237766
0002DB51
FFD11028
00138DEE
FFD9E7FB
FFF7EBB3
FFECDBC1
FFBABA3B
FFDB394A
FFD1D86E
FFC504A0
000E710D
FFED58D1
FFFED700
000ADDA8
0006B56F
0028F9D3
0025D5F9
001B17F4
00291DD5
0012933D
FFE3E270
003D4119
FFE19B7E
FFC791C8
FFDC3697
FFF79DB9
FFE0AA54
FFD2F1E7
00037ECE
FFFCB030
0009EAAA
FFCFE018
FFD72E80
FFDD037B
00089EA2
FFCFD9B0
FFDC3E1C
0012BFC9
FFD6921C
FFFD0D88
001374B0
FFFAA348
00051E90
FFDDF957
000B129E
FFFE785A
001BFE3B
FFFB92C8
FFF34369
0008B934
0030189A
003D774F
001C9568
FFE29514
FFDC6FDE
0040BC4A
001DCC43
00378F9B
001501B4
0012108D
FFF76C7F
FFF4BB00
FFF7C70D
FFD26755
000FD9A4
0007B4A7
001BBB55
FFFA4CD9
FFE590C7
FFFBF5D8
FFF0CBBB
00006BE7
FFCC029A
FFE30893
FFFB400C
FFBF3AB4
004BD561
00430960
002446FC
FFFEAB39
FFC5BFBF
000F5FCC
FFE6FC72
004D08C6
003790F3
0011573F
FFED976B
FFE7B891
FFEF192E
FFF7D878
00042432
FFE138E8
000CEF74
0028DF9B
FFE8C8E0
FFD494A1
00322500
0020509D
00100BD2
FFFB96CF
00089C11
00224E5E
0002F91A
0014C1CC
0015DD03
FFED05AF
FFF86E78
FFD2877A
002EED84
003064BB
FFB8DB94
FFE83B27
000ABB1E
00390F18
0020E817
004C6F76
0029D6DD
FFDB087D
0013C50B
004EB069
FFFB5C72
001A3B71
FF9E7211
006D7903
FFF5D4E6
FFB17A1B
FFE97AEA
006FCCCC
FFC6DBA3
001452A7
FFC5DB45
FF786111
FF97D4FC
FFECBB98
003BD38A
006AF503
FF9D0556
004155E8
FFE46722
004A5F7D
0008EA96
FFD85C62
0034DBBE
00592075
0021AA15
001FDD91
FFD9FBD7
00255EE8
FFF33342
FFF7C567
003BB348
00104416
FFB7485A
00450FB2
FFF49067
FF95A54B
FFC54A4A
002E7251
00349388
FFCE4456
002D36EF
0075F508
00246CCB
FFC6A8A3
0007C522
FFF76046
FFE2F8C2
00023649
FFD7CA84
FFC7AFC5
003B29E3
FFF16E7D
FFB5C021
FFD76043
FFAFD4EE
FFB0C687
FFC75B9A
FFF68AF6
FFE502A2
FF89CDD2
0036E949
001597F8
0002430A
FFF25F1B
00074260
FF955F6C
FFD8BD9C
FFFD0C20
00201D67
FFC7ABA0
0016E637
00268302
0012148D
FFB13C46
FFFB96FC
000AFD56
FFE0861D
00510CE5
FFD70CB4
FFEB1BB0
000ACBEF
FFFCCE6C
003D6E3E
0035C0AC
FFBC60EE
0036520C
00245440
00304C99
000CD482
0029CBBD
00314F98
002749D0
0087911B
FFFEED6B
003EC0DE
001BE88A
FFCB7A46
00301E9F
FFC09C83
FFD2000C
00095EC5
FFDD5110
FFA7E14D
FFF87C3F
004BC7C4
00118C7F
00144CB5
FFC984C4
FFE4A0DF
003D0BB3
0030DA7C
FFFAB4BC
FFAEBF1C
0093D9E1
FFED3BE8
FFB96879
001CEADF
00037AC1
0022A477
FFF88159
FFEDF5B1
FFFA05B5
00045778
FFEF069F
003E2FB4
FFF84A07
0014DE75
FFE7BC49
FFC51673
0006AD7A
0047F236
FFCBCAB9
FFC48F01
FFE35913
FFE75DF0
005FA024
00577A38
005E42D6
FFB1AADC
FFB6346E
FFD67571
FFAF3AD1
FFBA22F0
0029A4FD
FFEA4DFE
FFEE4C7F
FFF4D1A6
FFD3FEA1
FFC90A20
FFA39DED
FFBACD1A
000AC696
001BF620
001EFC7A
FFC234DD
FFC0C5B2
FFEB6810
007EC6A8
00BFD611
0064C978
FFDA5778
FFA5B2DB
00731415
00186E98
FFAC8A35
FFED9817
FFE4196B
0039720B
FFE0410E
00071E49
004A8412
FFEC1CC1
FFAC1EAC
FF7F3229
FFBF24D7
FFC572CA
FFFB6661
0017D9E2
FFA64244
FFDC849E
002881AC
FFC7AB83
FF9C76A0
0001B8E4
FFFC2A44
FFABE2DD
0054F662
0022C18F
0002E400
003815D3
0067E447
FFF82970
000D6DE0
FFC18332
FFE8621D
0026CA24
005A3FA0
FFEAC0AE
003E211C
002A83E9
FFD37859
000D3F2E
0005CED1
005AA2B1
FFDB9219
FFCFA011
FFF1433B
FFFE4E2B
FFD38E0B
006D89AF
FFDD3890
005EF034
FFEF0A83
FFFF944F
FFFE927B
FFEAE435
00127EFC
006E5999
FF8E7897
000D3DA3
00099CB3
FF889C3F
001CF759
FFF533E9
0046B2E9
FFF3F1F6
FFB39808
001ACB98
FFEE9064
0008CF13
FFBC2586
0006FF96
0009554A
FFBEC618
003D233F
005A93AD
FFD51C7A
FFC81C02
0037D4C9
FFBB82FE
0005CEED
FFD0FFB5
00010529
002B46D8
FFC62127
FF83E11D
0039E11F
0009BF87
FFCFCE65
FFB9EFCF
FFBC38C5
FFE3E6C9
FFCD7439
00195580
00114649
FFDE3B9F
00274B2C
FFCA3F4F
FFD48B0B
FFE0CEB6
004D1638
FFECF102
FFF83CAD
FFC7810D
002B9ECC
FFDA80C2
005E0833
00246147
FFF4A5B4
003CA180
FFB81834
000DEAB1
0035290C
008D24B8
FFDF29C2
006DB817
0005C892
FF97A4D6
FFEA4A6F
FFD4A985
0016670E
FFF0AF51
001381AF
FFE8D3DB
0000A5C1
FFFB31EA
002E8DE5
000CB7EC
FFE62635
FFD8682B
003A1FCB
FF8B9CF1
FFCDECA6
FFE8B039
FFF73ED9
FFD643BD
0029BF08
FFC26CB1
FF94B975
FF984833
FFDA0D8B
FF915C9D
002EE32A
FFE972DC
FFE50EA6
FFFCCFC6
FFD44C2B
0027C6AD
0008CA73
FFC6DC66
FFEA8510
FF869693
0029A598
FFAE3D52
004FD2DF
002D0A02
FFDB7BF2
FFE55CD5
FFFCCE4E
FFF223CB
002AE38E
FFC8374E
FFE612E4
0015B176
003373CC
0061AFA2
FFEDE723
00023D21
002B8E39
FFA5A91B
FFFF344A
003E27DB
00113C0F
FFCB0369
FFD7296B
FFFA2B01
FFF1A51B
00521C7E
FF4CF012
FFFF6C03
FFC98439
0019DDF4
00709421
FFED0BBF
002208BE
FFCE54DA
FFE17519
FFAE7F2D
002A23FE
FFE440B6
00537366
000E6541
0061D995
FFFC1829
FFC2BA28
00446FAA
FFDEFCC2
FFD0E5E7
FF7B264B
FFC4C27B
003D1DBB
FFFCD83B
FFD88F2A
FFD9C9F4
00404373
FFF50655
FFE06546
0018D36C
006656A1
FFEBF1DC
FFD02318
FFE912C1
0019FACD
FFE8E6E2
00261CA1
FFC1420A
0027E0EA
FFD6F4A5
002E030D
001CDAE6
000A082C
FFDE25C2
FFC0AAAA
FFDDEFE7
0002AC7B
003EFD15
FFBD2E97
FFE89E5E
004B0493
FFD0136B
0023F7AD
FFDE488D
00754505
006C5BFF
FFED3D6F
FFABB9F7
FFF79163
0020F636
FFAF45C1
FFC7EA2B
FFCF7E24
009E5C2B
FFCAAFBE
0036C971
FFC6346F
003159CF
FFE670CE
00781277
002B7B99
FFB9A270
004D66FE
FFEB6275
0022D92E
FFE8EEC4
FFE2B455
005865FE
002707EB
001D5751
00300911
003671E3
FFD889E4
FFCBF1D4
FFB4D4D6
FF90C12A
FFB2F9FA
FFB8DA97
000C2DDC
000896C0
002BB306
FFF6D6C5
FFCF65FE
FFEF5F92
FFDB5642
0057FE9D
0008D1E7
002A2FEE
FFCA92AF
FF9D175D
006B701C
00371E22
FFEF98C1
FFFBE409
00201F51
FFF461D3
0010B1A9
FFEF54E0
FFC16BF9
FFBFB4E7
004522D0
FFEDAE1C
000DD482
FFB4CE10
FFCDF8C1
FFEFDBC5
001BB8A1
FFD92EDE
FFE45B48
FFF35C19
00357AB9
000FD18B
FFFE6B53
FFEFBBAC
FFD30766
0010F5AF
0009A0C9
0004EFB8
0058265E
FFD5249B
003547EA
0003BF31
0078EEBC
FFFDA6CE
FFF83A8B
FFE83822
FFEB8800
007D5545
0044E9C4
004D1B13
002A5C52
001D6A97
0024F8EA
000B6DF4
FFEE4163
0025955C
FFE5ED33
FFD91EA7
003BC6E7
004862BF
FFD4D3FB
FFB353EC
FFC372C1
002D03C7
FFB1B914
FFD8B46F
00258620
FFB43CE7
FFD05DFB
FFF7431D
FFFACCDA
FFDB77C7
FFF2D6A0
00233EBD
FFE0F4C9
FFDBF3BC
FFB97670
FFB2CAB7
FF5F9B59
001E1071
FFFF8293
000FA0A6
FFCF0E09
FFB42A72
FFA6033B
0003B3DF
FFC55A42
000FB4E9
FFB2B277
004B55FC
FFFDD086
003879AE
FFC31157
FF878B39
FFC306BF
FF950F5E
FFE32CEA
FFAD0BA3
000B7BB6
FFB7F50B
FFA5A894
0063D862
FFDDDEEF
FF92E1A2
FFB128EF
FFBCFF13
FFE763D0
0005AC70
002A7A6C
0044EB9E
FFDE6ECB
00218176
FFEE0C30
00162C0D
006714EC
002D3E99
0001C119
00562DEC
FFF68802
001C5726
002F08F6
0034E5D5
004B7CDF
FFB7FF86
FFBD6226
0051B72E
0057765A
FF850F82
FFC84533
FF993D5A
FFBDB9FD
FFE09FFB
FF9E727C
FFF109A4
FFAC8634
0049DE1A
FFD89EB7
0008BA65
00054521
0032DC0E
FFF1DF19
FFB9AA40
0007AA23
0034716C
0012AE80
0004EE6E
FFC844A9
00678EBF
FFAEB0C7
FFC18AF6
FFDE2F93
FFB329A1
00285787
FFE5714D
0018D100
00765E1D
000FA3C2
FFD057BE
FFD345B3
FF9EAEA4
FFD525E1
FFEF1D53
0017EE53
004C301A
0037E063
FF87E274
FFA28048
003777BE
0032F17E
FFE2FA96
005594DD
FFF813D5
FFFADC49
0030F73D
FFAC1622
0010E733
007FBCAE
00346267
0069F410
FFE5A811
00204732
00486FAA
FFA7FEB3
0028DE18
0008AB2D
001957ED
0002D532
FFD954DD
FFF244F2
007DFEDB
002CDD6A
FFD210B9
FFB3D95A
FFC20EFB
FFE67243
000B763C
00582FF6
0018E9FC
0028364E
0077A1CF
FF7195E8
FFC51FD6
FFF8F941
FFDA51D1
FFB4BD37
00373923
FFED9FD0
FFD6AD12
FFEEC2A4
001A1CA1
FFDF32ED
FFBD3BFA
FFC04304
FFC794E3
FF9893EF
00315934
005C836F
FFAFD110
FFB98072
0042DEDD
FFA8B3F4
FFBB7F87
FFD49B4A
FFFBF9F3
004305FB
005D27A3
FFDBBAB3
000B5D15
FFC71806
FFE6ADF7
002DE6B7
FFF73C53
006E5C5D
0042D740
0009FD60
FF9C66E5
005E2B27
0022ECEE
003E9E92
FFCC58BF
FFEC5A4D
009411ED
FFE32ECF
00682558
0007F61A
FF9E28A9
FFFB1787
0049CCE0
FFD39A78
00668F2D
004D2A5B
FF7F0991
FFDFF7FD
0090ECC6
003A3D72
FF776FEF
00148B91
FF698F99
0060E25E
FFDFBFD3
FFEDA340
FFF887BA
FFDCF72E
FFF44CC5
FFCF0001
001CB157
FFF0E33C
00325651
FFDA3B04
001B572C
00168E1E
004883A9
FFCE829C
FFD5341F
0007F911
FFD4D3E0
FF3D2A4D
00071B04
004EA44A
002B6CC2
FFBB420D
00035668
001BDC81
FFD450FC
0002FD51
00221ACA
FFFA029D
0025183A
FFF9DF4A
FF93BC97
002EADF9
FFCFEC66
FFA2062A
001DB3E8
FFD7ABAF
000321A2
0064624B
FF63CB61
FFECD65A
FFBA3251
0042C67A
FFF11D2E
FF24D563
FE7F4B56
FFB7E629
0003D3C4
007C981D
00845F2C
0005D0FF
FF3B31F4
00263C78
FFBBDF01
FFA9CEE8
FF68D68A
FF580E6A
005C24D3
00382E85
0028C193
FF6E22F3
000A82EA
FF8FC6C8
FF9508A0
FFEBE847
00206523
007C8B39
FFEECE42
00529CEC
002AEA62
FFE1C323
008A6D68
FFE6C4E9
000B0B66
003D1660
FF86244E
FFA1559E
0038BB3F
FF77C378
0001F008
00124C98
000BDBF6
FFA347E9
FFD5AB02
00137285
00639294
005760D3
FF9B76F4
FFA3D0E3
FFDDDE30
0042FA6A
FFDAD6AE
00635DDD
002B0AF8
FFB884F4
FFEF0A27
FFFE93DA
FFDB4334
0024C283
FFF0CDF8
FF771831
00435212
FFEC2D68
FFFA6329
001AC884
FF6F30F1
FFCFA906
FFE69BE7
FFF4A9E5
FFDD2A57
FFE36478
FEA6692C
0052861A
0030FED0
FFBB1888
006D3BB1
0054F26D
0011CF89
FFE1B842
FFEA6E70
0006D889
0034E53C
FFCFA03C
0031248B
006C4A60
0024A09E
FFE28470
005609AF
0000C09B
00155D52
FFE92A3C
005BB749
FFEB18DF
0039B1AD
FFBEBDD5
FF3F948D
0017B75E
FFB5191F
00061B17
0059C320
00189257
FFEF073E
FFE84AC9
FFC33CCB
FFE0E51E
FFE39EF9
FF73DEB9
002F3751
FFDEB813
FFFCD759
00516254
0000E1B4
002CC3D2
001A1A12
FFC36CB5
FFD2F55B
00593845
FFF156FA
FFBEF98B
0012469D
FFADC122
0002BBEE
FFE0160E
001FF11C
00352A5C
00B9C861
001FDEE5
00911AA9
00634FD6
007E9926
00034830
FFCE15A7
FFFE213C
FFC1495D
001E91F6
FFC9F55D
FF9AC32E
0026C299
003C54DA
00061D43
0056FA86
001B8899
FFF9F481
0088DDB0
00751947
FF9AD28E
FFF2AD85
001CE331
FFEE9670
FFF1C167
FFE36FB3
00745F6B
003D8BB9
00312736
00059649
0060823D
0017C7DB
00267CE7
007A4778
004336E8
00090907
FFFB362F
FFC3A17D
0021DFEB
004F9898
FFFC7DEB
003B60AE
00130D16
FFC99A8A
FFEAB831
006C21B6
000CEA85
FFFEEFCD
001CDA38
002A8F94
00314A7C
0049894F
005FD19D
0017F533
FFEF408E
FFB3F861
FFEC3B46
FFB60514
004CD12B
FFA7BBA7
0032D71E
000B748D
006112DC
FFEF9C3F
004881CB
FFF27EC5
0044CB6A
007C756B
FFDBC476
003467A4
FF9D79E9
0034D7D0
002DB0C4
00168EA4
FFA2A059
0056D888
0032C786
FFEB58EC
FFD99C54
007D511A
FFAADA83
008E03A8
00084BC3
FFDCF0C5
FFCF48CD
FFD1FA9F
004FF96D
00365EF9
FF8AE0EC
00336019
0009F8B0
00218642
002CD471
FFCFB3E0
0039213B
FFEE013C
FFD38199
0017DCE9
FFC2FEFF
0051AA54
FFD2DB95
FFE611EE
00293A65
0050B512
001D8A03
FF9A8FBD
00337641
0070A1BB
FFFE4081
FFEB2B28
FFACA351
FFB10D9E
FFAE161B
000D1FE7
0034BDDD
001CF636
FFFECA95
FF564881
004FA376
004C249B
FFA92C19
001C27EA
00237A87
0013AF33
0009D9E0
002E7BCB
FFACBC15
005B4E77
001FD626
FFE7AE01
FEF08614
FFD79C51
001A8BB8
0017FB6E
00673DD9
FFE24663
FF63BC7D
00113937
007B3072
0068133C
0010DDC6
002C6B02
FFD9ABFB
FFE5FE2C
0043E79E
006644D2
0029DB40
FFFA7BE3
0047D956
FFD67B4E
0030703C
FFD28221
002DEAAB
FF9EBEBE
FFD6D1C3
FFB2E275
FFC06CCD
002FED67
FFF111F2
FFEAB200
00B9D08E
FFB814ED
FF839937
002A4773
00569292
0061A64A
FFF70BB8
000233E9
FFF079A1
FFDE5CF2
0008FCFB
FFD94B1B
004803F1
00460462
FFD1B3AD
00171202
FFC0FB09
0012F3D9
0025E70E
006DF379
FFCEB91E
00682276
FFBEC025
006FCA0B
FFF4AE2A
00061A8E
FFF3E35E
FFA3A445
FF9F488C
FFA51D40
0047526C
FF9C0A38
FFBC3918
FFECC5AC
FFDD9F22
000F1F06
FFD3A399
FFE6EDC0
FFFE38AB
FFC26CE0
FFECBCC1
00402570
002EE1DF
00316012
003DF2D3
00049224
00061AEA
FFA635DD
000DC173
FFC43BB3
FFF84D77
FFFD80BC
FFC17FC9
007B6912
00082756
00195F1C
FFBAE776
003C8469
FFDBBE53
FFF0C2A0
FFDA60BA
002C375C
000AC0CF
FFBABB53
002D04B6
008CE6F4
002A7883
FFFDBB59
008794FA
000BAD61
FFDD54BF
00386E12
FF74231C
FF856287
00320E92
000F5980
0032F541
0004D57C
FFCC3441
FFDB12A3
FFFE0740
0008CC90
001C7EF2
FFE179CC
00303D06
FFA1DAEB
FFD286A9
003054AE
FFF793E7
000BF865
FF904E1C
FFFA71A2
FFA118CA
FFE85651
00597703
FFD53E14
FFB31DF2
0039ED5C
FFED3BB8
FFEE292D
FFFFBCC2
0007B02E
FFE01845
FFA42777
0044D2E2
00796A42
005DBE88
007B3B55
00106BF0
0041D25E
00318437
FFBA4BC9
00153603
FFFDE743
00393478
FF8A193B
FFD97119
FFF6641A
FF345DFF
00A2ACE9
FFD3F834
003A1075
00C351A0
002D3E6F
0070097A
FFF81D59
006A3850
FFEAD69F
0010625D
00BD2456
0031350A
FFDC90CB
0020F1F9
009AC01F
FF8EA3F7
00645CE6
FFFECDA9
006532BE
00B4E166
0057A435
018BE6D6
FFD59D48
FF9063CA
FFB941D6
00127A08
FFA9E129
FFFFEAE3
FF7EDB83
FF4FC00D
FFD6B08C
FF8B7B69
0010F28B
FF4CAFD9
FF65B2C9
004FB1D9
0022E129
000635E9
0006720B
000B5F1B
FFE75405
003CF6C9
007EA605
00092152
007E0193
FFEF4EA9
FFF6DAF8
FFEDF2D0
FF90EE75
FFDB6F1E
003D8B9D
FF9DE2F9
FFEEAA67
00961799
FF936039
0074FA88
00A077F3
FFE7AB7D
FFA2B015
FFB179D4
0069B90B
FFCB2136
00B5546A
FFB52D2D
FFE53481
0009C034
FFA45D20
FFD7DEC7
005F48DD
FF79C758
FF5C488A
FFEAD400
FF0D35B3
00596461
008E4F52
003E1282
0090089A
FFEFEA59
FFE9897D
FF862735
0064B19B
000C7CAB
FF850A30
001F7407
FF923D56
0034D3C0
FFE39998
003B8785
FFA9B788
FF82EF1C
FFA86FD9
FF9860C4
FFFFB83C
FF6FB416
FFB5F6DF
FFB2E513
000E1D5D
00073DC0
001EFEDE
005849B6
FF82ED2C
003D2FC8
FFBAA7CE
005B109E
FFF5E751
002FD61D
FFE82FAA
004C91A8
0080BC4C
FF95A9EF
001E95A7
FFF941CA
FFCDCA19
0006C449
FF9B16DD
002989A2
FFBEA293
FE5E78A0
005BF2C8
00450073
FFF245AE
FFF8FBE7
0002D2DF
FFE3A11A
FF9C9877
00A5E482
FFA98373
00065004
FFDAB61A
FFD43D43
0082A036
FF9B0203
00DC09B3
FFE7F80D
FF75F65F
00F6B5B4
FF43F1F0
FFEEE796
00BBFA4F
FFDBB1B5
005506B1
FF409F7C
004A0A8C
FFB73734
FF8418E8
FFE52E43
FF82DA25
FFD03C6E
FFC86EE8
FFD266F6
FF531CFA
FFDF5A82
00F284A9
FFB7F9E7
FF4C09A1
002729B8
00233558
FF8CC6B1
FFF44866
0019ECB1
002BB7D8
FF81E757
FFED6D0C
004531D7
FFB2CFB2
00240D94
0025698F
00E690F4
FFA8A99F
FF3F6425
011E0628
00AA4371
FFB58FC7
007DF3A7
FFFDBABC
FF8EE9C9
FFE1B2AD
FFEF8C61
FFF32880
004F6CF7
FFDAA443
FFFC328A
FFD1B964
FF821517
005C1E11
0017E2D6
FFAC0C77
FF07E459
FFAB5016
FFE40AF9
FFA7DB89
0032BD78
008468A3
FF66900C
0022D44E
0047D5E2
00225C13
FF91A5FA
FFBE0402
001EC50E
FF508595
0042FD43
FFB0A099
FFBC43DA
00557ED8
00276E2B
009B01DA
0008794A
FF67A1E1
007B6710
FFED753A
FF9214C6
00479DFB
0043A875
00022066
00129BFB
00969C9E
FFE5B42A
FFECDA52
FF926DE7
FF92B0FC
FFCC7A1C
FFBC35EB
FF3D16D7
009EC8CF
FFCFFEBF
FF7E44E2
008025C9
00502B44
001042C1
FF8CEEC2
FFD9A273
FFA9D90E
FF14EC50
FF443DBC
0049B59B
FF81FFE6
003AE988
FFCFBD44
003D82CD
FFBAA29F
FF827EB4
00A4BB88
FFE0881A
FFE438E5
004FD2A5
FFC58745
FFAE87AB
002E18FF
FFAED4E5
0021D7D8
00036637
00086870
00399737
FFBD17D1
FFAB02E2
FFF6265F
00689990
FF7F2015
00769E26
00341D18
FF725250
FF9A6901
FFDE6496
00639F84
002938B7
0012DAF5
FF1C6966
00122885
0067C667
FFA96996
FF9305AA
00880388
FF5FAAB4
FFD0A106
FFB1B9A4
003912DE
FFBAE6B0
FFD48383
FFD534DB
001C417D
FF648389
00153F38
FFCB591A
FFDD5207
FFED94A3
00427703
00449091
FF7264BB
00000224
00172BCF
003685D7
0008A7F1
FF7A4F99
008AC24E
0027CF6D
FFDB5837
001A8255
003F4ACE
FFDE3ABE
FF599B4B
FFEC532C
FF95C6A5
001EC1AD
0079483E
00560202
0001BE97
0060A03E
FFC9A7B5
FF944826
005F31F1
FFEB2020
FFCE162A
FFC3B450
00096714
00824CC7
00D9AC97
0034A669
FFBD47BB
FF5A0E7F
00780493
FFC1C629
FFCC9A99
0057D81C
0082EF3E
FFB20FBC
FFFDBF31
0050EA68
0030FCBC
0011B577
000996DB
FFFB33FB
0073F4E0
005E4A99
0053427D
001157A7
FFD4DF0F
FFFC99DA
FFCAE272
003DF534
FFB10EB5
007E2D01
FFC929CE
FFB35A7C
001B634B
004D1F8E
FF659466
00565039
FFF76CEB
FFDCA928
00167A71
0065CB6B
0039486D
FF841A6C
007A8115
005164F8
FFF20400
003D72E4
006CC8A9
FF5C3DD2
FF9290E8
FF7FD72A
FFD84428
FFC64590
FFAC71FD
FFA3A9D5
FFDB2D19
00C1DD54
FFBA4C52
FF988936
000FD8A3
FFBE313B
004E4B74
FFE9313F
FF3E46C5
FFC393C6
FF4EC132
00027C62
013DCD3C
FFCF4F13
FF84CA3A
00ACA3F8
008E851F
004E23AA
FF8E94F2
FFDA8785
000A8483
FF93CB09
FFA2563A
FFC925E0
00E08A11
FFC8C8E2
00559575
00A02C96
002B7A17
FF7C276B
FF6F5B64
FFCD8945
FFE2692F
FF46AA0B
00704FD1
002F9F5E
0049C034
0078441F
004AA863
FF9B52F9
0076FD7D
00268023
0073A5A5
FF5D48A3
00322911
FF7D5C49
FFFC84E7
004B4787
003B0DB5
FFD6DBE2
0005E3C9
00A32E7F
FF8D58DA
FF4032E9
FEF2FFFA
FFA29FB3
FFEF2738
005682D0
008B1E6C
0059C0CD
0029388A
006D5C5F
0008502E
FFC7A3D0
00AF3F58
00103081
FF9BD834
FFB6A1A7
FFCABE4D
000F58B3
0078A7AA
0018A970
FFC1E6B9
FFCC6189
FF9029DF
008C86A8
FFF5FF6C
FFD7F17E
0026D64E
0020BFC6
00663BF3
00298BD6
0014CFA4
FFC5DA67
FF8169C7
FF9DBE99
FFEC79CC
FF7BC9A0
002B0D59
001BEB4F
FFB4485A
00A53571
FFFAECCD
FFB5F8E4
00994A0F
FF55845E
FF906D35
FF9EA919
00061C7D
00290824
001C0E6C
FFB3A9EB
008A06B7
FF4FC774
0025F505
FFFA510D
FF7F99C4
FFE77991
00912C29
FF89E870
007B7C69
FFD505C7
FF95FF8D
0058E837
0002A223
00100E50
0045FDF1
FFEE98FE
FF9EF29D
004467B6
FFBDA0F5
FF9C3CBF
FFD0B607
0048C208
FF817A7F
003FD320
00C00849
0060EBFE
00061116
FF67E2D3
FFC01B14
FF5E48CF
FECCACCC
00536885
FFAA8E72
00842DD2
000F306C
00101FAD
005516F4
FF88FEE0
0033EE9E
FFAB0120
000EC4FC
FFE13E11
FFA99FAC
00488808
FFAE8E99
FFDE2B1D
006C84F0
FFAB7972
0067D8FF
FFBC55B8
003C66EF
0045AFA9
0051F409
FFBA2587
FFE5C950
005450CA
FF3BC5BF
0015301C
000AC585
002ABE39
FFCED82A
FFD03B3B
00598D41
00153847
0156E0C8
FFC8A56E
000AB96E
FFB15C12
FFABB45C
FF226A8C
00207859
00C150DE
FF85EE1C
0024A1A2
00445700
FF3EBAAA
FFE40316
FFEC2325
FF987679
FFE4214C
00056831
005A2CD7
00595AE4
FFF5CF5A
FF82CF41
005C4C09
FFCF8392
FF41EB04
003B4DBE
0085AE07
0008F864
0047D8C9
00466BEC
FF5DFB67
00404E30
FFFD34D8
008E3B2B
009E0E65
FF722981
0076AD6F
00D170B6
FFB16787
0069492F
FF9BE501
FFED3CE5
FFF458A1
FFF94487
001727DA
0000F862
0016DCCA
FFFE196A
0005A855
000123D2
FFFA271C
FFF38E64
FFF9CFFF
0025913A
000535E0
FFE1E3F8
0020A85E
0046966A
002E0066
0020C41F
00472D16
00343B6C
FFEF6620
0003B40B
00423F35
FFD83177
FFE39596
000319A9
FFF31B06
FFDD7215
FFDA8CFD
FFFF713D
00015C8A
001DF881
0025F1B4
FFD9B800
000BB02E
000E90B5
000CAF6D
000078EB
000629A8
FFCD1CD5
001ECAFD
FFF43425
FFDA8E19
0002FA88
00073457
FFD79770
00051464
0011129F
0011786F
001A2C01
FFFB7A2C
FFE70185
FFE0C444
FFE6C246
002A81C7
002C9F5A
FFF9FA6B
FFDEFA5A
FFF48091
FFFF9D2D
FFF37BC4
FFF73EC3
000FB93D
001945D2
FFFA9F36
FFF6821D
FFD66B1D
FFC92169
FFFF1AEF
FFD6030E
FFEB14E6
0035D22D
0024395E
0055125C
001EAB55
FFEA67B9
002BF931
FFE2ED59
00087A78
FFF8B3BF
FFFAFF34
000C1062
FFE943F5
FFF05746
FFEE8350
0022C0F1
FFF1C97A
FFF54CAE
FFDF9A76
FFDE0F06
FFEBB7F4
001D3985
000E9A76
FFE07117
FFECAD56
001CD956
00076804
FFE6B48B
0005B709
FFD534B3
FFEBFE1A
001ABC87
001A7BDB
000AA9DC
000DDBD2
00182FC3
FFEB97D2
FFED3B54
FFE5439D
0028FAA4
FFF1392D
FFF3C9CF
0018DFD7
FFF7B9B3
FFEC056B
000DD346
001EB504
FFE2CC79
000FF8D0
FFFCFF5B
0021C6D4
FFDD5AF1
FFF7FA29
FFDDC83E
FFF59832
000CDDB9
00042F64
FFF201FD
001B8300
0059F935
FFFE9234
001F3E15
FFFBA67A
FFF928E8
FFFDB4E2
00209326
000532C3
000F285C
FFE1A472
002F7B4B
00240A4C
00185613
001BEC67
0027014A
0009E803
0026E6E6
FFF351F7
FFE6E7E7
0002D7D4
001110F7
FFEA73B8
00163A83
FFFD8A27
FFDC8C4A
FFFA867F
00074901
FFF7B82E
FFFEF2CB
000D9462
0011AA85
0002E271
FFDE3DCF
FFD60AEC
000EC742
FFFAAF84
0009B745
FFF126B1
FFEE0CC7
FFFF6800
FFF80CB1
00076061
0018CBCE
FFF3C332
FFFC3D83
002AAF56
FFF5C540
FFE69779
0010A5B4
000A62EC
003637FB
0022A365
001E0CFF
FFF8BB88
0002172C
FFFECAC5
FFE7A339
FFDCF2FA
000C82A6
00052044
000D3211
00298DCF
0013DBEA
FFEEFD6A
FFF86E44
FFF74316
FFE3A04A
0008C4FE
000FEFBC
FFDC8E9F
FFFCB7C3
001DED57
00017CF3
0021B630
FFFC279D
001ECFC9
000A35CE
000CB25C
FFEB4460
0022EFC8
FFEA0B4A
FFF0FF3F
0018E1F3
000C4014
FFE1AC50
FFDF076A
FFE67DC5
0000429C
000ABB42
00077892
FFF8956A
FFEB2EFF
0018056A
002920AC
FFF6BDB3
FFDB74F8
00130127
00154155
0018DB77
0014C195
FFED9943
00059054
00223C3D
00170061
001FCD3C
000C1457
002BE9EC
002D5F10
000F1370
FFD93EE1
0005D7A3
FFD1D67E
0032744E
00046F62
00176DAE
00004339
00189A80
FFEB8A38
002AA122
FFF73974
FFFC9AD0
FFDA39BA
FFE52C43
FFFAB691
FFFD516B
FFFE9032
FFE97F03
001C3122
00241B54
00077AF3
0017AEAB
002C6BE1
000D8668
FFEAEDC8
FFE848AB
00079405
001F4CC3
FFE615A5
0010B806
FFE4417F
FFF8B4E1
FFF52724
FFF6418F
00066F91
0000FD2D
000A6BE7
FFD4CF60
FFE1842F
FFE2D2A0
000C171D
FFF4FCD1
00108FB3
FFDA0D39
00016D68
FFF0DCB3
002C6D53
00263945
FFF2EB26
002585DF
FFDA38FD
0004592D
FFE2CAE5
0009A8EB
0007EDE2
000B98FD
000A0F63
0012A482
FFD9FD01
FFFBB641
003DC2B1
001A040B
FFDB0924
002912D0
FFE834C5
FFEA5638
FFF7C892
0028CFBD
FFEFCE35
FFFDF4E7
000B064E
FFF97433
0006FA96
FFECE1E3
FFE74576
FFE6F4B3
FFE83983
00044C10
FFD9BCFF
00089E4E
000AC54C
000DAC99
0048258A
00495F52
003BD1EA
0006A41B
FFE03685
001E8169
FFD51F2D
FFEA4B0F
0021773F
FFF68195
0011D5FE
00167612
FFDD2255
FFF717D6
FFC6EBF7
FFC78F42
FFC91B0A
FFF5E71F
FFCFECA9
FFE4DF79
FFD58AF0
FFFA0B1E
00163ECC
FFDC0B25
00270A0D
004DA484
003620C7
001AF22D
00288700
FFEC681A
FFDACB9D
FFF1E152
000D3A36
000CA966
FFDFB3C3
FFD10D63
FFD32A21
FFD55485
0010B93B
FFD5650F
FFFC8581
FFCCABE2
FFF3AAEA
00015074
0027D79B
0024A709
FFF47A5D
00154A92
0016B27D
FFF2A527
FFD710C7
0027BE96
FFE26B91
FFF90AB0
001E2548
FFFFF5F9
002FD453
FFEE1DAF
FFFDE533
00232462
FFE531C3
FFA321D9
FFE0ECF0
0021515B
00091289
FFF91717
FFEAF567
003CEAD4
003673FC
001E55CF
002C4E79
FFF82B31
FFD5FBE4
FFCA1226
FFF93F18
000FCE4E
000F22C0
FFE2C07B
0001943E
001EAB8A
FFE40400
FFEE5773
FFFAAC6F
FFF9AFD2
FFF612DD
FFFB4C95
001DFA07
FFE8CFE6
0003D6A7
0028F1AA
000B9313
001787CB
FFFB8227
FFF6A025
00188D3C
0012D282
FFC75998
FFE15579
FFF6A1A6
FFEBF37A
FFEDDB6A
00217DC4
00137FED
FFF1A52F
000A5170
00005DBD
FFDB04A7
00076EBA
FFF881BB
FFF08385
FFEC79E5
001E0513
0023B7E1
FFEBAF7C
FFDFA6AC
FFFA98B8
001942EC
FFF09F84
00047CC2
00050919
00126B5C
FFE83AF6
FFEEF84B
002531E8
FFDCA96C
FFFEFE0E
0010A92C
0023E643
001E5383
0008B45A
FFEC5E84
000C0CAB
00092CAC
FFFA8390
001635A5
001A5BA3
000E7491
FFDA1375
003C871E
001BDE33
FFFC4DCB
001A6A43
001FE67E
00202D90
002043DE
000E7A60
FFF280DE
000882FA
00102CB8
FFEA74E9
FFF45781
FFF89A59
001FC863
FFF0ABAF
0011C443
00110AD7
0009FE58
FFE3A0C5
FFE9F1F1
FFE6AEBC
FFF98647
00056F13
001BEE56
FFFADD7C
FFFCBDC0
00413418
002DC695
001725EA
0020B1F0
FFFE7870
002717BD
FFE3C0D5
000910EC
FFFC59E6
0021CDAF
FFE192EB
FFCBE1A8
0028C25F
0055D528
FFF36FA1
FFDF0AE5
FFCD2024
00258244
FFEEE4F9
FFECF5F1
FFDBADD5
002412F5
000C8425
FFE401D0
FFE3718E
0001CFFA
FFEB715B
0005EF48
FFD7FB8E
FFF36AD6
FFDF0FFA
000A39AD
FFE3ED8C
FFDCF9A5
0000EA38
0008330B
0025FD18
001860CC
0010D85A
0030D766
FFE8A686
000E8711
FFFBACFB
001A8889
FFF892EE
FFEB8AEA
FFF94198
001D2EFF
001A4E16
FFE949DC
FFE8B2AC
FFF7AE88
FFE24FB1
001294F5
FFEB01CD
00215CA1
00183818
002969CF
0016485C
000D495A
FFFE6357
FFDDF014
FFFF000F
00354DAD
0011C9C3
FFF8C6E5
00171754
0030F991
0001C432
FFFDCAD6
000501A6
00049E71
FFF7E890
000FB250
0025A4B6
FFDB05D6
FFDA6EF1
FFE316BC
FFD8D068
FFCA67B1
FFC147E5
FFD6C430
000621A3
FFF363DC
FFF32328
FFFCA049
0001798C
001237A6
00369892
0014FEFA
0036B956
00075F7E
FFC2C98F
003206E7
FFB3E9B7
FFE5AD64
FFC2BA83
FFE5BB48
FFFD2A4C
00245431
003AD937
003218D5
000E7C2B
FFBBA92C
FFF0E190
FFE00FE8
FFCB29F8
0015EEF3
FFDC1BE6
002F1F3E
FFEFCF90
FFEBA0D0
002B5105
0004CFE2
FFFC04AC
FFEA24EF
001A0E4B
FFE67643
00320D53
FFADFE1B
FFEAEBC9
0071E4D9
FFC50A1D
000C5FE7
00343BF6
000B4A98
FFD80592
FFF62F11
FFF11E8C
FFF82407
00291775
00205212
001A5BBB
FFA3B872
FFE4C8F9
FFE12B06
000AF9FF
00422075
FFCCECDD
FFCCCFF9
0012C6CA
FFC8FC15
001B10BC
00432F92
FFFF7774
FFF53740
FFE9CFA1
FFBC8406
FFD3F2D1
FFE6AD24
0001EE25
00429E53
FFFAAB26
FFF144FC
FFD0D40A
007C3D98
00394227
FFAAE01F
FFFAFD11
FFEE5F95
FFF96FB2
FFF14A14
FFEBD778
FFF4060F
FFF24456
FFEF6DAD
FFE1A114
0047971C
0008DC42
FFA7E083
FFF51DB9
FFFC7BC6
0048B0F7
001EC3D3
FFD3FDBC
00206F56
0044B045
FFB2C1D0
0014EF4B
FFC2BAA2
0011585C
FFEAD3F1
FFBD837D
00309DEA
000B1170
FFE3C1C1
000FC34A
FFE5E097
003589E1
FFB909B6
00298363
00356C4A
000A05EA
FFF26289
FFCC207B
003BEDA1
0013B73F
FFE419D3
FFC87DDC
0003791E
FFE92A59
FFF85D59
FFF9ED87
FFD0F925
001F2541
004CE6A4
002EAAA2
0029B213
FFC6F94A
00284624
FFEC2BC5
00168439
0021A492
FFDA6C1A
0026497C
00403F36
00298ED6
00495718
002F2FD4
00180CC4
FFE0B5BE
FFCEFDCC
FFF3CFFC
FFDEF4B7
FFC5CED1
FFD8D5EC
004A438E
0061392F
FFB3FA8D
000E637C
000DD08C
FFE4A2A1
FFBCA856
0057B43B
FFCF0CDC
0011DE32
001CFA8E
FFBF6AF0
005341B9
00358340
0005C114
003D4D0A
FFD9515B
FFCA75F1
FFB606DC
FFFC7E07
FFE94D53
FFC552A5
002B2F0C
FFE323C0
0043B646
FFE0309F
FFE027A3
FFF3FBC7
000D84BB
FFE06FD9
0008BB88
00287234
FFEDE72F
FFE78553
FFE88719
002DEFEE
FFCE9B32
00474B1C
FFFC4563
00087A5F
00556676
FFFB96FD
FFBDABD9
FFFF60D6
FFD88509
0052D336
003A5819
FFECB366
FF6476B7
FFF0C971
0027EA21
000885D9
FFFEDFCB
FFBB39FA
FFD9CF80
001163C3
FFEAC175
00041237
FFF03677
FFF392C9
0003DE27
00138209
00044247
FFEE816C
00143B05
FFDE4B71
FFC3A802
003844FC
FFD7FCA4
FFD159D0
00492F6B
0034649E
002B4010
001666F2
000EE1C2
FFE07223
0018C22F
FFF076D3
FFC4B60E
001C17F5
FFDEBC1B
FFE7C9DF
FFAE3AE8
FFAA21DB
001EB0BE
00026CB7
FFE6AE72
FFE73E5D
0025EF5E
FFD8BE65
000E8CC8
0038DC53
FFEAF4E7
FFD52EE6
FFEBA629
000D7ADF
0018B2FA
FFFA4CE3
FF91840C
FFC4073F
002567CB
00090334
0073D8A0
002512A2
FFDE7AF9
FFB3A61C
FFE6376A
FFFA1748
FFEDF637
000E6AF0
FFC991A7
00704E3B
FFF34F94
FFDCA226
FFB4212F
0005DE3C
FFF6EBA0
FFFFC6B8
003CB464
FFE97296
00038722
0000B302
000F2EE9
FFDE59E8
0008B7C2
FFBAB1A4
FFFAE5AB
000617AB
FFBD5CEB
001C2D8C
0018E34D
FFCC30F7
0007828D
000A3A6C
001D5760
FFFCBA95
000199B3
FFE49E37
FFCDC2E0
0030687B
FFC58C86
FFF71471
00359639
000D5121
FFFCAC84
000A26C2
FFE088F9
FFFE33C1
0016DD5F
001FD2B3
00322167
004650AB
000BC53C
FFCDAADC
FFDF4DB4
FFCFA9D7
FFCC3D5B
003D007A
001308C5
00146865
FFFCA879
FFAA699C
00092CAF
FFFD97A1
FFEEF496
FFC9ECB2
00092424
FFDCA7EC
FFFEA3CF
0032CD9E
FFDAFCD3
001E8C4A
FFDAD45F
FFE6195A
0032D4A5
FFED6EAC
FFD24C48
FFE7663C
FFB87855
FFF4858D
FFF88056
FFED068B
FFF216B1
0059E7DF
004FFEA0
FFAE3C97
002B271A
0034005D
FFF1A843
FF9A47A3
0000A145
0042E5AF
FFDF7DD8
000BF8EB
003AF580
FFC9EC81
000EAB9F
FFD71F99
001BB9E2
00099A02
003B9AE0
006FD631
0009CC64
00694F75
00191A02
FFE1ADFD
0029760A
FFC40400
0001CC0C
000755EE
FFDF405B
00275A73
FFE2A373
FFF2E4EB
FFAC9B3C
FFDBDE5F
00682444
FFD499D9
FFCACF46
0007DA2D
002A4535
FFFF864C
004C15AD
FFF6C56C
FFE8457C
FFDAF7C4
0007C5C2
FFE1032F
000E831B
002155C2
0017D28E
0023D20F
002CA911
002BE292
FFF47E8F
0016CD43
FFF51508
0069D3F6
00041256
FFB2704B
FFCFBE98
FFF0D69E
FFA9C84C
003EC32B
FFF16E61
00001617
FFE27C80
003056D0
00607D78
00682E79
FFCE0858
FFE73D14
00253761
FFDF24C6
FFB9354E
0023E334
FFC0E5CE
00407C36
FFCBED25
002A36B1
0014C362
FFC7A562
FFC19E3C
00127191
000465CC
003298AB
FFF459FB
00198E99
00355A40
FFFFB2F8
0005CE70
0038FC97
FFF808FA
002DBC06
FFE4A13C
000E6151
0017F938
FFF26B23
FFBDFFD1
00473580
FFF463CA
001B62C0
FFFD89B4
000F60F7
FFD8E492
FFEEEFB8
00461E2A
001BCC32
0049AED5
002A1082
FFAED4CD
00227E88
002080DF
FFF2DC52
FF8FAE27
FFD8D1C9
FFBC403D
FFF3AD2E
0017C5A8
00734568
FFB1F6E6
0031C314
FFD12D02
00154ED0
FFE21A2F
00075366
002CBD62
00338D0E
FFCB50C2
000ABF0C
FFF0776F
FFE4691B
FFE98D18
FFED8640
00321B45
003D74AA
FFE0B33A
FFF372E2
FFF8B74E
000E299B
FFC3B2F6
FFF47FDB
002BBE0E
FFE7E73D
004F0BB6
FFAF1FD9
FFEFE843
000F2A25
FFD8A9B6
FFDA15F5
FFED5421
FFFC1135
0017BB55
00089DEB
FFFAAEA1
FFAB0F6E
0059A35B
FFD4D735
FFA93086
FFBEE385
FFFA8F23
003E15CB
003A2A31
001F1376
0017C08A
FFDA040E
004B1C23
FFF1FEB0
FFFC7ECC
0033ED03
00116355
FFCA4BBF
FFCEC6BA
FFAB90AB
000BE10A
FFFD78BD
FFBEBF6F
002EDE15
001F964D
FFA939BC
FFD9C760
FFFB9D3D
FFDBEFC8
002CC7E6
FFEBC66A
FFCA9B0E
000B1AA8
FFDA7B98
0014FD1A
0001CBAD
FFDC14C4
FFF53916
001A3B63
FFD8CE0C
0030C3E6
FFFD114F
FFE60983
0002EF00
002333FC
FFEC4ABC
FFF96DEC
003524C4
001D47F5
000080AC
000C5F25
FFFCC0C6
FFC43A29
003FFEAF
FFCD2F6F
FFC99862
0003E21D
0017F4E4
FFEF6A99
FFEFAD10
001F8D73
FFED7C60
FFF2DC9B
FFB51022
FFB732B0
FFEFE0EE
FFB43015
003B6320
00195B0A
FFD3FA99
00107348
FFD709E3
FFCADFBB
FFCF8C5C
FFC97E95
00082B98
000209D6
006307EF
FFF208F3
FF88CEDF
FFE5BB70
FFB94387
FFC5C028
FFA3A108
003FC5DD
FFB723E6
0010956C
FFF2AC7E
FFFE2A48
002A82C5
005ACE37
0027CABD
FFBB1BC2
FFE8E49D
000E6560
0004D8ED
001112BA
00387A67
FFD17FB7
00158B7F
FFE21F9C
00482BAA
00045E0E
FFD4FE43
000400D3
FFD0DF3E
002D53BB
0025C680
FFB9A2DC
00246CFC
FFC737BD
FFF1937D
001D0992
0041528C
FFD0E308
FFCAEF3E
002A0D78
00261090
FFC5F65E
FFBFEAF3
FFF19F6B
FFC057D6
FFD9B3A8
FFE89B5F
FFFF4512
002B5C2D
0002B3DF
FFCD32B4
FFE10076
00699222
FFCE2381
00348FA4
000F7F61
FFEFA4EF
003730AD
FFFBEBA2
FFC48D5B
008790FB
FF7810DC
FFA1B7AC
FFE969A8
FFEC1709
003891EF
001A8A57
FFABE1AC
0040EDE4
005A7750
FFAD88F4
FFBB500C
FFB7325D
FFCB7FF4
00195FC6
004BA8D4
003B4DC3
FFD0BC84
003A0AE5
FFFCB1C3
FFFBB51A
FFDD421C
FFD26B29
FFDF94A6
00069BF4
FFE797F7
FFDF9BAD
FFAB31B8
002AFD30
FFF2173C
00273F21
001459CE
FFDB38B4
00037948
00761645
FFC9419E
FFC1CEC5
0042A80E
FFB9DCEF
FFF78054
FFCAEFB2
FFFA1255
0031BD5E
FFC88681
002C4C14
FFE6DF79
FFC046BB
0043FBC4
FFF5A845
FFEA8737
FFF8DA1C
00001846
FFC63EA0
FFD07253
005EE296
001E1BC0
FFF07898
001B66AF
FFE0016B
0006DFEC
FFD9BE41
002D9131
FFF51636
0017FEC9
0012DBED
FFEA3DA9
FFD61E05
000B9232
FFCBD58C
FFEDC720
00158A5B
003AFD8F
FFD3D7BD
FFCA7025
0039FF7C
0040E321
FFD5C486
FFD6E438
002F0311
FFBB0FE3
FFE6F226
0047F7C6
002D8C07
001BB44D
0021974B
FFDF8638
0012A45D
00284AAF
FFF6FC09
0042AA04
FF884A7B
FFB71642
004ABB57
FFE1FA12
0004C56E
FFC5FDAB
FFE63E26
FFF06CAD
FFB2B0D8
004F6B4E
FFC1EC6A
001A0819
0028A657
001592FB
0003361F
002A14DB
FFFA3A4E
FFFDC657
FFF55483
FF8B1E34
FFF979FB
FFB57BD0
FFE944A7
FFD9895F
000A709F
00010908
FFDBE1C4
0032600D
FFFC0217
FFD0A538
FFD91B4A
FFEFA3EA
00160335
000A010B
0022BF76
FFE07C51
FFB7D23B
007E1C14
0004EF8B
FFE5D0D4
FFECAD33
FFDCFCBE
000C87A4
003A14EA
00150101
FFCC8FEF
FFFC2422
FFD0DD78
FFEFE4B9
FFBB9406
FFA986E0
FFB7C034
00262B58
003199F4
0046CF9A
0025F530
FFE05D3D
000D8496
006073F5
FF8D1D8C
0096B45C
00200F75
FF8F27F9
FFE81E24
FFD12A66
002278C0
0041AC61
FFB54FFC
FFCD07CE
FFA9A2AB
FFCBD1A4
0071B3CE
0020CC9A
FFA57BA4
0020815B
00317202
FFE18811
FFDF2B9F
002E13BD
000A85BC
002B92FA
FFBFD7F0
FFD594E1
FFCC09E9
FFCA8C7E
0021C5DE
FFFC8A45
FFCD703E
FFA92653
FFC7D0B7
00362291
0021A5D1
FF9AA6C8
FFF70067
0034D74A
FFE8CA93
FFC0A9D9
FFDB40BD
FFA1C38F
006E0789
FFF80134
001EBB57
FFBF6F77
002A1859
FFF7D100
001624FB
000E76F9
0010A60E
002B389D
001EE64C
FFDD0FEB
00352261
FFD5729C
FFE661C9
FFC6669E
FFD6DC04
FF8F9BB8
FFB72A8C
002FDD1B
FFE7F6ED
FFF880A1
003241EE
FFAC3DFB
003F3B63
FFC93DF5
FF9799DF
00DB8AD3
003B01C3
FFE3B7BB
FFEA87E9
0010A259
FFFBDA49
0035A879
0012E4D9
FFD5A061
0022F295
FFF9111E
FFDCF4D9
00014BA6
0022F444
FFFE608B
003FE471
FFD436AA
FFF8FB81
004E0FDA
00197AA8
00279B44
FFECC3E9
000841CA
FF9851E9
FFC82C8C
FFC6D6FC
FFBC5690
005A2EFE
FFF92BBA
0006655D
0016301E
003C0DC5
000FA7D3
FFE41C73
0029FAAB
00333C37
FFB28934
00048716
0017AD7C
FFFA671D
FFC54AF7
FFFB2327
00351479
FFF65338
FFDACA3E
0019E796
0048E40D
FFDA1887
004BCE0B
001C7694
FFF435C0
FFE20550
0071FD37
00445ABF
0024AC2E
FFC1C94E
FFE550E1
0037627D
002E6AC7
FFD04262
0042271B
FFD4AB29
002B4F9D
FFEEFE3D
000A6A4F
FFD935DF
FFBF690D
0027EC6A
FFCB425A
FFA25093
001E3197
FFA69C44
FFCC5151
0030D946
002DBB01
001ADFB0
FFFBE26B
FFE99C93
FFB18287
FFCD2B76
00063572
001483AB
0004FFFC
FFE884CA
FFD1FB4F
FFE1BAED
FFAD79A4
FFC33247
FFEACC82
002D3DED
00810F52
FFCE223B
004DEAE4
FFA7D416
FFC542E9
FFCD34A3
002AE56E
FFFFCE83
0047D61D
00427CAF
0030CB4A
FFE5E266
FFFD8C38
FFD75E94
00044351
007DB3FD
00381AC0
FFC5D620
004F08FB
000D54B1
FFDF4A72
00346E9D
FFE4A85C
FFC41AD7
00062214
001018A2
FFCCC728
FFC76A0C
FFBCF171
007B6B77
004960B4
001DEC8E
FFD3F079
00259C52
FFE34946
FF7CFE7C
FFD8FADB
FFCA9843
004299E6
FFF07C9F
FFF6692D
FFFD2966
FFFD70A7
0039A76E
FFBB1BB6
00127E29
003922FA
FFE55F52
003DB995
FFD1FC5B
FFC19BC7
0016EF76
0029022B
0025C72B
001C72A7
FFCD7B19
FFEE7FDD
002E1A8A
FFE8B98C
FFBD5400
00249B85
FFFEA936
001D483F
FFFE23F4
FFEC26C8
FFED7FCB
002A0E9D
0004BA2E
00470067
0034217D
00160D31
FFEBC653
FFF557E7
000BB58E
002DA4D7
0041345A
003AF61C
FFE30F1B
001A9C72
FFD51E8C
002375B1
0042D44C
FF8FF14B
FFA3496C
FFFBB5EC
000A6B70
FFCA8216
FFBA3BDE
00226932
001246D4
FFE2762E
FF9ABC31
FFBFE7B6
FFB3CDA7
0002129D
FFF44B9B
FFF249F1
FFF74090
001515D6
FFA02D45
00276EA3
00040DFB
FFDC980D
0013653D
FFE4CF2F
FFEED150
FFAECF54
FF997B59
0024320F
FFACBD88
FF93D8CA
0042967D
00283FB2
00600810
FFF62921
FFBB2670
FFE9E286
FFF9AA35
002BE157
FFF7C09F
FFB7DEC5
0012F132
FF7A0369
00245476
FF8F5079
FFC878C3
00AFAF73
0001B101
0024DAEE
00443E89
00313AAD
FFD122E4
0029C0FC
FFBCC6FA
FFF14CD1
0051A17D
FF8EC98C
FFD5E379
FFD35BB4
FFF9BB00
003BB381
FFDDAFAC
FFFA2D8A
00309C4C
0013A49E
004EED38
FFE58F65
FFEC43BA
FFDC2684
FFB4BAC3
002785E3
002ED36C
FFBF088E
FFECCE14
FFF030F8
FFE02B5A
FFE0FE43
FFD09591
FFBC27E6
00242F67
FFEC1B1A
FFCDD271
0031CC76
0006C399
FF875536
FFDECE3C
FF8707D9
00431B46
FFCA81D4
00052DB8
001B2D80
001984BE
FFF13E24
002B39E4
00368595
00523E9B
001526C1
FFA850CA
FFD67E0F
004A8BB0
FFF37E45
002B565A
FFFB91C2
FF9A2EA6
FFFECFA2
FFB244DA
000056A6
FFC72E9F
FFC7EC16
FFAC86FA
FF838558
FFB866EB
FFECA1CA
FFC6D9E2
0031CFFD
FF83F4DA
FF7A811E
FFBB1F94
002717E2
FFEFF013
000D105F
00058B71
FFD54A1A
00051BE1
FFCB6646
FFAC4F9A
FFE82241
FFE6B571
FFB86DD7
00595090
FFF617F0
00418E4A
FFB4222C
FFE30F2B
FFA168E5
0011635A
FFD6FEF3
FFE8ECD5
FF592360
001C51E8
0021FB51
FFDF3E21
FFFDF117
0050700A
003891F6
000C2612
001DD126
001694AC
FFA5E115
FF90852D
0007A206
002A6B93
000771BB
FFAFD52A
000329E7
0037459C
FFF05193
FFD58F2C
FFE6F4A2
003036F3
FFF9442D
00259E0D
000492B1
001C4687
000BDFA2
000D01F4
000C031E
001ABF56
FFE5FC6C
FFF1FA1C
001EAD69
FFF0834C
FFE7B6B3
FFFA6B70
000EBC5A
FFE6AD10
FFE6D530
000DB354
000E4DCC
001EAC00
000A5D6B
00013A90
00212471
00058E66
001C02FC
FFEBF5DC
001FA5D8
001AD44F
FFFBF7CE
FFE5E23D
00156F59
0018557E
000015F7
FFE6C919
0010FD64
001ADADD
FFE2083F
001DBB03
00618E31
0023E0F1
001C242D
000EBD7A
00138C0C
002A0254
FFE042B8
000A8F4E
000FE2FB
00164ECB
000A4514
FFFCFC0E
FFE061E4
0000F1BC
002605EC
0022CFB1
000EEBA3
FFE6A236
0007555F
00233A53
FFF5AEBC
FFE99FC9
002660D4
FFE5EF4E
0029A936
00006320
FFF06529
FFFB7083
FFE50FAD
00109057
002CD507
0010E65A
002F1254
00023342
0004A27A
00198B80
00086C2C
FFD3607F
0002929E
00083676
FFF6BF10
001BB6D6
FFEEE3BB
0020D28E
001593DE
000BC694
00271CA8
00154FCD
0001D628
002A16BD
001FFA6B
00214FB5
0013ABB6
0011C0F0
FFE4D135
001DC296
0019431F
0023ADD3
00298115
0002C89E
FFFA3530
FFE2F445
001BD370
FFE98880
FFDA5EA8
00215AC5
FFF3664C
FFDC49CF
FFED824E
FFFD16A2
000696B1
001134D4
FFF06027
001408AB
FFF9DC4A
FFFE0636
000B7D5A
000C72D9
0016BC74
FFE5E7E2
0011F806
0008B54A
FFE077CE
FFE172DE
FFF71E9F
FFE25489
00195E08
000525AB
0019F1D9
0016727E
00324E7A
0014235D
002FA903
0013F427
00165E26
0003349C
001C3815
001AC507
FFF66DB0
000B0869
004CFDA1
FFFD99AE
00244ACB
002FD83C
FFFCD83C
FFF492FD
FFF6FAD4
FFF35A74
000A13B2
FFEC0F64
0019C626
FFDCB930
001AF82F
FFE4E2F3
00124933
FFF12F96
0007BD9A
002FE310
0027C8BF
00256C21
FFF5EBC5
FFFD3718
000FAD50
FFF064BB
000F4636
000601E0
FFF71E13
0023C758
FFE80642
002042E0
FFF80300
00208FB9
FFFC3BAF
FFE4EC8A
0010EF34
FFF1336D
FFFB33D6
001E3290
0022A6D1
0011618A
0003D722
0031653E
003A6915
00137198
0032D2D7
0048BF23
FFF72650
00207630
0031471D
001FFAE3
001CF074
FFE7A54B
FFE3C48D
FFDEC1E2
FFFF4D8F
FFF69DEC
FFFA8345
0007E48C
FFD50236
FFED29BE
001AAC10
001D5E32
00119DE7
000EE13C
FFF3BCF3
FFEE6612
00054410
FFF587EA
0010BD86
0000D4EB
FFEF5F8C
0010CAEB
0034F612
FFFAFBAA
FFFA9E84
000C17C9
00176ED9
000CC63C
FFF6D25C
FFFB6CE5
FFE6B40B
000FE5C3
FFD627AA
0005F48F
FFD61957
FFF956C4
000471D1
FFE3D7A4
FFFC3861
001FA221
FFD6ADAC
FFD91A6A
000D1421
FFD40256
000ECE21
001335CC
FFFD1ABA
FFF23D74
0004455E
0004AE6E
0026F12A
00054696
00286A25
00198860
003C77A1
FFFB38C5
FFFB21E2
00500435
0045318D
001CAC99
003002D6
FFF070D4
001741BE
001F0300
0029C123
0013A838
0013BD3D
FFF2DDAA
0021656C
FFEB8594
FFF852D1
FFF7D471
001DF48C
00123E26
FFF793A7
002202BF
0023C3B0
FFEF139B
001AC780
FFEE056F
FFDFFBBC
0000D9F1
00047823
00259328
001FF402
00134CCB
001FF2DE
0028401C
00143778
0024DE92
FFF77350
FFE39CE0
FFFEC016
000CD888
FFD5715B
0006C7D0
FFDCD8F8
FFFE35C9
FFE7243F
FFF2BEE1
0015A75A
FFDAD193
000540F2
FFF75706
000065B2
FFEC7595
FFF80B14
002650D5
FFED0C67
002875F7
002001B6
001DAFCD
000DD708
FFEEE3D3
FFFA09D8
FFF06C38
000854BD
0003C512
0012AB01
FFF85A19
00187DAE
000F7DFD
001696AF
001A5F05
00054E53
FFF0F368
0000B920
000E4B30
FFEC8CDD
00039E0E
0000854B
000DB090
002302B2
FFEA68CD
001D6197
FFEFB499
FFE56F8D
FFED5E9C
001F6381
00098A71
FFEE2D6A
FFE5BC14
FFFF67E9
FFFF79FA
0000E6DD
FFF7AFEE
FFF90AF8
FFDA43E3
FFF92FCE
FFE33C2A
FFF3F12D
FFF230FE
FFDEF0A6
FFF5DD4A
0006DC8A
FFE4777B
FFF90191
0005563F
001F1973
FFFAF67D
001973DC
FFD97AA9
FFECC7C6
FFE988B5
0002BA7B
FFF8895D
00277ADC
FFFC919F
000EA602
FFF6445D
FFD56149
FFFD9F15
0015DDBF
FFF7F84F
FFC71951
FFC989FF
FFC7E70F
000CB6AA
00171C83
0001241A
FFF92030
0020161C
0019A009
FFF7A635
0022B6C2
000A0207
00195FCA
FFEAF504
FFF6E6CE
FFF4632F
FFC3E68A
FFC8D42C
FFF95ED4
0017CA33
00184249
000258DE
0001B8C5
00078C2C
FFE0A4AC
FFE4A982
0021A1B2
0001E112
00058D19
FFE151B4
001A91AC
000E26B4
0002C795
0002B2F6
FFF6E66E
0007E33F
00024E66
0019B946
FFF752F3
FFFAB468
000AAEEE
001B86EC
001B08B1
FFED3A39
000A16AD
FFF5926B
0003406F
00029F49
FFFAAAF4
FFD79957
001AC75E
0030ECE1
001099C9
00032680
001D0EFA
001F122C
001EB131
001AF6CC
001E201C
FFE740EB
FFCE9304
FFDB1AF0
000804DC
00112B5A
003A0162
002F4C24
0010D661
002E587E
002679D5
FFE98F7D
FFFC137A
FFF68A97
FFFF379B
FFECAAD4
0022843A
002E0858
00104C2A
0022ADCA
0022ABBD
00320D03
FFCF8E9A
FFED2AB7
00133045
FFB6486E
FFE162FF
001E817D
FFE3EFC5
00179BD0
00184B9F
0013F15F
00190790
FFE1EC0F
000BAE8D
0011054B
0003ABA7
000E51CB
FFF203E5
0046F213
FFF7D639
FFFBEB0C
0027A22E
FFD75F08
FFCEAA9B
000522F7
FFF96D61
FFF4C013
0015E105
0011E16A
00142C9B
00286BA2
FFF265CF
003084C0
001753C3
001002FB
FFF66DEF
000F5102
FFFBEE10
FFF391C9
FFE2746F
FFEB4F2D
000545C0
00081EF0
002081FC
FFEE542F
FFF99726
FFFD64A3
001A8183
00024710
0007975D
00076137
FFFDE682
001992EA
000CC960
00037591
FFDA1BE8
FFF9DEAC
0002C806
002489E1
0019E073
FFF9DFD1
00159E86
00098C5D
0001DB62
FFFA7FA3
FFE56FAD
001D126A
00237928
0010586A
0000D500
FFFCAD15
000AE849
FFEDD890
000CBDA1
002F76EA
0027C3D1
000ECB51
001AD9B6
0002BB46
FFE83F64
FFE19F72
FFF44534
0008156A
FFF65894
001505A5
FFF15BFB
FFFD456E
FFF8290B
002332B8
000394B1
000B318F
FFF7B165
00211057
001E983F
002B0AC6
FFF95AA3
001ACE77
FFED923D
FFF59DCD
0002AD1E
001B8F29
FFE31DDE
FFE49D5E
00121E4D
FFF6F68D
FFFF133F
FFE65B3B
FFBF3800
FFE40E55
FFCA7FEC
FFDC2B51
00040372
000F135C
FFE9EAD9
FFCF08C6
0016EEF9
FFF4766D
FFCB4C19
00358B0A
004FAD00
0021D458
005BCD37
000C31AC
001467B0
00311974
000B6060
FFF3DEC4
FFFA53F0
FFE1CF58
FFF23693
FFF50E61
FFECEA60
FFE644B6
FFE0C64A
FFE773FE
FFC45D36
00116D29
FFEA1322
001BED70
00293504
FFD83B8C
0008F1AD
FFE397A7
FFC1CF52
0001AC73
FFE26913
004DF15D
FFD42D04
FFF71F22
FFEBF397
00386CD9
0019AFA5
00218014
004484F2
0038ABAE
0012BDD3
FFF15725
004CBCAC
FFDCCCDE
002C8CF4
00087C87
0029BF71
FFE9FF1D
FFDF0068
FFBB08CC
003B15B2
FFDB4090
FFDF3667
002379AB
FFDBB7DF
FFF17F4A
001F8319
FFB59173
000CF068
FFEF9075
FFD57124
FFD9C9F9
FFC125D9
000B887B
0027B904
FFD68FB8
001E0996
FFFF8DB4
000DB509
0036EC0F
FFE15B4F
00091171
0020F23A
FFFDE96D
00025C4D
00291815
0038BAD9
002FF4A8
0024308B
000F3D53
FFEFB26A
FFD7DE50
00012796
003A5001
00163D21
00112064
FFBF5A5E
00410649
001A4FC8
FFF7E89D
FFDBF408
00020B7B
00035708
FFDBEA65
FFFCF8AF
FFD178E3
001F2473
00296455
FFEF9AD1
002C1D8C
000B5673
FFEE1C3E
0012B2DD
001225F6
00448355
00401607
FFDD6DA0
000529E7
0009A925
001EA600
0023952B
0025490B
FFF39B12
FFE79B8A
00104B78
001B171D
FFBDEFC3
FFDB3BF1
FFE97BD0
FFF07951
FFDA87D7
FFCA216B
000F7A40
00212ADE
FFC32D52
FFDC36BC
FFCFF1AE
0036D1C7
0048C402
FFE626F5
FFCF80C4
0017B7A5
FFEF23F2
FFE8CC72
000D1B8B
FFF02EE3
005A6D24
0002F180
0005B5E7
000FC04C
FFFC1334
FFD9D387
FFFEE404
001EC061
FFF54148
002C67CE
0030E27D
0015AF0D
00036EAB
0013DC84
FFE3E13A
000CF9DA
005B457F
0029A6DC
00227E6B
FFF32F22
FFF1E03F
FFD9A1D4
000C5245
FFD1D70D
0007E012
FFF788AE
FFDC849F
00142191
FFFECC56
FFFA05B2
002212D8
0010AD0F
000AFD76
FFEEC703
0023DDD2
000AC271
00050F24
003FD675
FFC256CF
0026EC1E
FFE0E276
001D120D
FFFB27CD
0020B06D
0008EBAF
002B0C74
FFC197A3
0037283B
002871E8
001DECA6
003AD568
0022592F
FFF15807
000CD43F
0004D3A2
0022FDF4
FFC487D7
00024D2A
0042B550
002A4FC9
000BD246
FFE836A0
FFF2071C
FFD24D5D
001A7EC7
FFEAEFA9
003822C2
00108473
FFAEAFE2
FFB0BFAD
000191F2
FFCD4669
00290715
FFC495E5
00201511
FFF9BB77
0009D78E
FFF86EA9
FFC115D7
FFFE1BD8
FFE270E2
FFC38566
00151372
FFAAF7D4
0028444F
000ACE3B
FFF9A816
FFEE8EE8
002197CD
001C16DA
FFB8A7BD
001FB29C
001DF1A3
FFF5B502
004B44B7
002F910D
001C0604
001079C3
002A2B27
FFD3C08E
FFDAA442
0032A50E
FFCA0113
00055744
FFF64EA1
FFF71E3D
FFBCB0D5
FFECF0DA
FFE1C9C2
002494F6
0010E57B
0018A847
FFF65F83
0009862D
002C8CFC
FFDF5489
00088D65
FFEEAD0B
FFAB1657
FFFB8F1E
FFD8D71E
FFFF673D
001699F4
FFE235AF
00143714
FFDBFD07
FFEBF08B
001976F8
002E18D9
FFA8E37D
004B032C
0004FBA4
00175F3D
FFDCB92E
0009738F
FFCD60EA
00214916
00093E91
0027BF82
FFFA668D
FFEA50B6
0001ABE8
001A87CA
FFF71497
00068D8F
0023DB6F
FFF36DEF
FFE85C00
0041DCF6
00119FFB
00095C28
FFF804BB
FFEF3EF7
000DE94A
00494A64
FFE1A654
FFDCAA3D
00158B96
0008C08E
00213F05
FFF1EF79
00238E76
003B1086
001CE848
001F9444
000CC1DB
0014A0DC
FFD04F7D
001E9870
FFEE23FE
001DE53F
00063B61
FFEC25F7
000B8D6F
00365B96
FFF0F9A8
FFFE54D9
FFD63D8D
FFCFCBC9
FFC88BB9
FFDB6D56
FFD2FA59
FFF96FE8
0017F136
FFD5EBAE
FFD9F29A
FFDD6403
FFCEE5D0
0002B1F7
FFD958DA
002A2E2D
002DA925
00106FEC
001BF771
FFE6A0A9
FFFC9751
0020A2F1
FFF09191
FFCD8644
FFCA23CA
FFC904DA
FFE7A71B
FFC939F1
FFF54F30
0016A256
003F4E18
FFE0FCDC
FFEBC68B
002A3341
00178D63
FFD2D679
FFE07708
003389D0
001A7D81
001CF0A0
FFF9FDD1
0028C88E
FFF4E719
003AD59E
FFDC0219
0023C0E9
0036A915
00034E16
FFE9C314
FFD27C82
002F4F4C
FFEF9DFB
001939E1
0029A9A8
FFFF0831
003ACB08
001BD776
006C58AA
002413A7
FFFD32AC
005CFD0B
FFE44FF9
FFE99980
002AC9CC
0005A934
0010B6D5
00382AB4
001E3761
0009BC6B
0009ECBD
FFD948DA
FFDD778C
0015EE28
0024B035
002D3947
004C3687
001A04A2
FFCCAE88
FFF9740B
FFD84C0A
00062D18
00386317
FFBB6337
0016270B
FFC89DD1
000C0FAD
FFDEFDC3
00567F00
FFFFE241
FFEBE95E
FFC65F9B
003EB433
00265178
001766D7
001E8EE4
FFDA9232
0037C100
0010E4EE
001F7619
00087A9C
0028C65C
FFCD5E2D
FFDAABD4
001A4820
00066D90
0025FB93
FFFD1D33
001B1DB2
003948EE
FFD24694
0012D972
00143DD8
001F82A0
00177335
FFFAE344
0037B353
001FA788
003DD450
FFEF8A96
FFF7650B
FFED8187
0032799A
000A1693
FFF2B714
FFEC9B50
FFF3BE40
00239819
FFEE2AA6
FFEF63AD
0008ABA4
00200F03
00040B97
FFC6963B
000BE7B3
FFD50E14
0012DD75
FFFED859
FFE05C41
FFCDB9E0
0027432E
FFE4A38B
0002762C
FFE17B5A
FFFBAE33
FFEDDC44
004CBF43
FFFA6518
FFF08EEC
FFE5F077
FFC49EFE
002641E6
FFC6C807
00063167
FFC5E70F
FFFC72E8
FFCB1A97
004373CB
0000A854
FFE6A044
001C8B1A
FFC18804
00264D83
00248E72
FFE86012
002346B8
FFCCC6EC
0020AF75
0014B613
002280DD
FFF1E276
FFC5E5C1
0016490B
FFB854DF
FFFFCD95
FFDC3545
0042642A
FFEE44BF
FFCF9B28
FFFA4CEF
FFF32EEF
0047D9CF
FFD0D47C
FFDF4B6F
FFB8EB0E
FFC9D92F
FFD4EB8B
FFF66D27
003657F8
FFEC1099
00375AC7
0039765A
FFD7B1AF
0010C547
FFF8B87D
0004631B
00411787
0031D562
FFF688BD
FFEB56EA
FFE46AF5
000A4CE6
FFE2C54A
FFFEDC47
00092588
0003ADCB
FFEA8B3A
0002893B
FFF6D4A1
FFD3F8F3
FFB2D131
FFD59ED3
FFA518A4
0014711A
001DC745
0018DE68
00116951
FFECE088
FFF9AC2E
FFF8B6BE
002337B7
0008C6FE
0018CB89
FFE7F6C5
001CD399
0011DF7E
FFD7F1DA
FFEF067D
FFF62B84
00251D35
0019679D
002CAFA5
002856A6
00074F03
001F22DD
FFC05924
000EB5ED
0032EE7D
001EBC32
FFF008FB
003CC703
000CBBFA
FFE05BB0
FFBA979C
FFD97F16
FFE3D38B
FFE889A4
FFFC4A97
FFAD3A80
0022E145
002DEA51
FFC216A5
00290AA3
00159210
FFC6B411
FFDEA7DD
FFF1BA9E
FFC9D602
0012E19A
001E999B
000A760E
FFFCC30B
FFCCD3FF
FFC38D4A
FFEA9B72
001FFC67
FFF84B95
FFED7E66
001113BD
000E03A4
0024EC5E
002345D0
FFFAC15F
0045707C
FFFCE3BB
FFAA3F3A
001F6EAE
FFE0245E
000D3E63
000E4CD9
000F8BD5
FFE48DA5
002B074B
FFE56F75
FFFCB92A
001A2EEC
00221DFE
001757C9
00253BE1
000720B7
FFCB9281
00389B6E
FFF63827
000C3CB8
00058B81
FFE45402
0019B9ED
FFC21492
FFC2AD2E
000A88CB
00270C4E
FFDDC0F7
FFFFF865
0029B910
FFFAD3B4
FFFB4821
000B4074
002922EF
FFBE7355
004127BA
00287C1D
FFCEB25A
FFD043B2
FFDFF18B
001076F2
FFC95D00
FFDC8F8C
001955FC
FFE49F8F
0008DF0E
001AA914
00171AA9
000CB9ED
FFD8CF91
00243933
003F5094
003DA518
FFEC8BF7
000F3154
00525342
001941AA
00107740
FFD17811
00285817
FFF9B9DB
FFCECAEE
FFF53DDB
FFDF650D
0013A552
001B7744
002AD172
001EAD68
000E45F1
0035E7E9
000CAF7F
FFE31DEE
FFC5EC46
FFE5F8F7
0007FD35
0028FAC3
00298579
0012342A
0005F0A1
0015265A
004DE592
00204F37
000974F2
FFDB013E
FFEEE3C9
FFD82F88
FFCF3129
0014860B
003240F0
FFF13002
FFCFEB98
FFEB4914
FFF4213C
FFEF1B4B
00285EC4
FFD65C55
FFCC71D2
FFC9BACD
0019D17B
FFEB4E35
FFE5427A
0001BB33
FFDD5408
FFE0C543
00332A6D
0006189E
FFF53147
FFDC0EB4
001F4056
00326592
0016710A
FFF3021F
002DE96B
0027CC69
00375F3C
002B01F1
FFF32613
001BAC36
FFF1A081
0020977E
FFEED912
FFF30E37
001B0012
FFE6C933
FFE55018
00484226
FFFC013D
FFECB86C
FFFF9A9E
000DC97E
0001E60A
FFC5B2A8
FFCAFA1E
0029CF92
0021F2BA
FFEBC628
FFF6DCB2
002471BB
FFD7D5FC
000E8C46
000F1E0E
0037A3DE
00027842
002C1927
FFC856BC
FFE8462C
FFFA6958
00303FC1
FFDD6EB9
0005BE55
FFFD2B5F
FFFF4B93
FFE6BF59
00059678
FFF39444
FFEF635C
FFD7E1BC
FFD10E6E
FFEBF12F
002A7854
002F1021
0002F54A
0018BFD9
FFE2A8E0
00160C3C
0001D508
00081DC3
0016607A
001F5736
FFE59286
FFEB3414
FFD84CDE
0035766E
FFED7CBB
002A4B5B
FFE54FAC
FFF4D835
00133832
FFC27492
00102F7E
FFC830CF
0009194D
00480B3F
000A48DA
FFF87522
FFFF59C7
000EC960
FFDFC197
FFDED5C4
FFFFF77D
FFED2579
00127E36
FFE3D27F
001CB194
00198039
003D1B3D
00393FF4
FFFAC48F
003AA208
0016E500
0025E58C
000D9D72
FFDE6E9E
001381B3
FFF13F7A
002C4704
FFCED6C8
FFD211E0
0001F163
00179A2D
00183DE3
002A3DF9
0011BEF7
004408B9
001CC8FC
000E623C
004372F2
0039B0D4
00000559
FFD48C3F
000E59F9
002799DB
002A84F7
00139E53
FFE08574
0001EE78
FFD4EEE5
FFCB48D7
FFD0CC7A
000FA437
FFCEA6A1
FFF4E9F8
000E2B1C
FFBD0B9B
FFE835B0
0029FAD0
00273956
FFEAFF6B
FFF7A9F8
0026418F
004BA000
002561F8
001D6C0E
FFD44124
FFC83047
FFE4E455
00179BF6
FFC194A6
0012161F
0036730C
FFCB45A3
0021ED64
000FC562
0003E763
FFE631AF
FFFC5370
FFFC2CCB
002AAACD
FFDEC5D2
FFE2E84B
0023F042
003E0C36
001DD05B
FFFA3E16
002F003A
00102FF4
00232FEB
0039B547
FFEFFE7D
001E856F
FFD630A5
00260332
0049D9EF
00160DAD
FFFFD784
00145B6B
001F828C
000B8E2D
0041A110
001EAD2D
FFF47D06
FFD0FE44
FFFAB533
FFE430EA
FFF0D4D8
FFFFAEAA
0001BA07
000F66B8
00251733
FFF01159
0017506C
FFC14014
FFEF23DB
FFCDDF0E
FFEAF609
000DE26D
FFC994A9
FFD5844A
002C9154
FFD025BE
003204E2
FFEF5E4A
001C3192
0026AF09
0016560F
FFF21717
FFE64D13
FFF8B045
0050B794
00938EDD
004FB56E
FFF79B3C
004942DC
006016D2
0008A958
0054F44C
0067782E
0009F64D
0024B6FF
FFF967EB
00273C31
FFF15126
000B28BF
0020318B
FFF11D23
FFEA7C00
00181A02
00141B39
FFC50C1E
000C19F8
0030732A
FFE395A8
00082B2F
FFCEFEC3
FFC45771
00053DE2
FFFDCDAB
0001EA65
FFFD56BA
00153180
00000F74
003A37D0
003B673D
00346C00
FFF7F9E1
FFF8F47A
0012BEFF
00070ACD
0008DB23
FFDC34CE
00172796
FFE5D2F1
00556403
FFF381DB
001873E5
000BB059
FFDD4FBC
FFDDC94B
FFC2356A
002E4D20
FFEDF2A0
FFDAE658
FFE21784
FFBA6202
FFEDFFEE
FFDB78A7
FFF9AE62
00213762
FFE90FB1
0036C2BD
00019B91
FFEB08C7
FFF41120
0001F832
FFFA538B
FF9F4E85
FFB0D59C
FFCEF838
FFB68323
FFF225BD
002C3ECD
00351D5F
FFECE46A
0015AA2E
FFCD0EE0
001E9859
FFF8DF0C
FFFCCE90
FFF73ECF
FFEB8C56
FFD988DB
FFDC3291
FFFA8E99
FFE2A463
FFD02CE8
FF97D4DE
FFB228D6
002E570E
001F413A
002F3820
00137804
FFFB989A
FFFCF7EE
FFB9703D
FFF1BA94
000316E6
FFC0ED34
00271F67
00206CD8
0017F316
00015D30
0006FF4F
FFD2428C
FFE65B0A
FFFBCD53
00201052
0030A609
FFFEF7A5
0019A858
000D344A
0025E8AB
0024DD93
000EEF84
FFE4D897
0005E9C3
004234C4
FFC7F868
00054C7F
002718CB
00500949
002982A1
FFF2D727
0019B1CB
FFD97886
FFDC79C1
0003BC2E
FFF50B95
000291D5
005A2F6A
003E0599
00140CD1
00025FFD
FFC010D0
0046452E
002C889A
FFFD1DA9
FFDF564A
005D858A
001FBA3F
004080D3
0053EE34
FFF701FB
FFE65E91
FFFA813B
00004067
FFE6DEBE
00363207
FFF38BE0
FFD971D6
FFF5078D
FFD643CE
FFFEBA29
FFDF4EA9
00238402
00100A9F
0025DB02
000D51D6
001014F9
FFED0570
FFFDEFC3
004708CB
0011A8A3
0043A34E
0033AF55
FFFED4B9
FFDF08C6
FFFAC1DD
FFD8E2E9
FFBA3E90
FFECE05C
002F8A76
FFE6B47F
000E16AE
FFFED329
FFF199C3
001013D7
002ADEE0
FFF38729
004673CE
001AEBA6
000862DA
FFEDC868
00237AB6
00238A3C
004319FB
FFFC1EDC
000BDD69
FFD4A07B
FFE44DEE
FFF2AEA3
FFE720E4
FFCA2E27
00002687
0004F816
003AEC42
00298C9B
FFDBE587
0029EB21
FFE93F75
FFB92974
FFE432D3
0036F00F
000170E0
003CE4D0
005C6098
FFD0F5B7
00128260
FFE97D86
FFF7F245
0006889C
000A246B
001B64C4
FFE834DA
FFD3D9EE
002C21D3
002446C7
FFF206AF
0013F7DF
00039696
00160FCB
FFEA3EBA
00150AA9
0004784E
FFED8CF4
FFD79419
FFEC9C09
FFE19F7B
FFE52FBE
FFCC7F28
FFCAA23C
001BC3E3
FFD2E6B4
FFCF9062
FFE62418
00091C25
00281A3F
003F9298
002DA526
FFDA5B7F
FF9B8324
0007B2B8
001B9FA7
000B3833
000F34DE
FFDCCF4F
00092944
FFD5CB4B
FFFBE261
FFCB08C4
FFC9D709
FFC5EDCF
FFEBECF7
FFDF4924
FFEBFABB
FFF754BB
FFD2E007
FFEB8813
FF9BE678
FFBCBC50
003356A8
00186B59
FFF934AB
FFFF126A
0046BF25
004468B3
00011015
FFE50B92
002A0AEA
001E5ED1
00529A7F
FFDEEBD7
00664362
00507B85
FFF684C9
004B7634
001ACD5B
FFEEE0FC
FFF65EE2
00209EE7
002B3BD5
0015FD65
FFE58569
FFE2CADD
0027B0EC
005177FC
00345A83
FFCBD7B8
FFE793F8
00435A7A
FFCC5669
FFBC576F
FFE8AB53
0000C159
FFE6D6FE
FFCD45C6
FFBF441F
000D6AF6
FFF12D24
FFBF76F1
00127AEA
FFE612A9
0007186D
000AE65A
0018B7A4
0014AB61
0017897E
00330E4E
FFEC8CC2
FFECAE94
FFDB2CBC
FFEA7287
0035ACEE
FFE5091A
000187AA
FF9F4467
FFFABC56
00625B6C
FFD6FB40
FFC5C08B
0039C233
000F0C66
001FC557
001E8E14
0012B717
FFD969DB
001550FD
FFCBD466
001294CD
FFCC6D40
000A013B
FFDDBD25
FFFF9B45
0026DFBC
00192F1B
FFD22186
00456AD1
FFE88C04
004EEEA0
00145FF2
FFE6DE0E
000ABFC9
FFCEC2C7
FFD5C814
FFEC131D
0012E9D4
FFD790F9
FFECCDB7
FFD24ABB
FFF5B413
00320AE6
0017E0A0
00510B72
00199402
FFD9AB12
003816D2
003E4CF6
006265B6
006D3A41
002F17A5
FFD2D1BB
FFF66A83
FFE7F062
FFD8F055
FFE4B04D
FFFB9EB6
FFE29FC0
FFE3A914
FFFB547D
000EC9F5
00130BB2
001C2BCA
FFF4F1FF
000AE236
FFC30381
0000A0EB
FFEDC1ED
FFEBC945
FFFBDAB4
00250B08
002762DB
00341535
FFDDCF36
FFC36A61
000AB90D
00172B7F
FFC96260
0010FE41
00197D01
FFFD398C
FFFE3BEA
0006D4F2
FFEC22B9
0026FA96
FFEBED79
FFC7414E
FFBE26FE
FFF54305
FFD736C3
FFEDDC51
001C4AAB
000478B6
FFFCF3A1
000B96F2
FFC07EBF
0003D62F
FFCB24EF
FFE5F598
FFA45E03
FFECB689
0002EDBC
FFFBA7E3
FFF95348
FF9B7401
FFB5A5E9
002D9868
000A3D9D
00053261
0016F5EF
000A7A17
001F9D24
0017A2D2
FFB383EF
FFF682C6
001BFF66
FFF43D9D
0007D139
002DA9B5
00079174
FFF9001F
00234B20
000C4223
FFBA1902
FFC63837
0007CDCB
0002A281
FFE6320F
FFE327A5
0019730F
FFB439F9
00208ADB
0028471F
FFFAC58E
FFFCC314
FFDCBD1A
FFD0E49F
0026768C
0000F453
FFF03138
0046FE5C
0009552C
0036D8E7
0044FF92
FFAE0EA4
FFF2473E
0029FCAC
FFC3997D
FFCAD456
FF4ECE27
FF747676
FFA859F3
0013102D
FFF1DB6F
004003BE
FFEB78BC
00107BCE
FFCCAEC4
FFE7C260
00406563
0002438A
002CBAF1
0036EBA6
002777B2
004967FE
002EC34D
0027546D
FFE82C38
FFF52D10
00089E27
FFCD7683
FFB5B942
FFFC4B34
0038CAF1
FFE3CF19
000D7BB9
0034ABEB
0039CDD5
FFB4AA42
FFE5BB30
002E25DA
FFEE9DCF
000BF74C
004677F4
FFFD7774
000D188F
001D631D
0013CD30
00410DDE
001E6CFD
004DFA06
FFFD9AC4
FFD30696
00048EA2
FFE49486
00389086
FFE79B40
0024DFE8
0006B9FF
0012F71D
000D13DE
FFDD248A
FFD1D169
000623CF
003492A5
0008ACA7
FFED1977
FFE1A8FC
00480D8C
FFCBE801
FFDD3CF5
FFDFD322
000D9B7D
00147023
FFF90231
00647ECB
FFCCBA7B
FF9F1273
003206FB
FFD69976
00403976
FFF8447D
00291AC4
FFC66470
FFD838C8
FFD451FB
001721D7
FFCDF8E7
0020F941
FFFAD214
0023DA3F
FFB8F4D1
FFD8CE0A
002BC6B6
FFF003B7
FFEDCA82
00340D40
001188B4
000E7BE3
002A4DF0
FFBCF9FB
FFE26002
00369457
FFE7D958
FFC6281A
003342CB
FFBBB09D
00175134
FFFC6D94
001B16E6
FFF58657
FFD450E7
002CE7F6
00485C85
FFE202AB
FFC1E36D
0005BAA5
00102F01
0004725C
003FC707
003A635F
FFD17D9F
0043BBD8
FFF1E6CC
00142B16
000123D0
001551DE
FFCE6060
00294A74
003F1A43
000F885F
FFF8B936
FFF3B878
002A94CC
0008E388
FFF59A1B
0027C8A3
001B2CED
000B4E0F
FFEE3166
FFE4C776
0010F2C5
FFFCFD55
002D9F0F
FFA26850
FFDC8C16
003F989C
FFE56107
FFD45A0E
0034D200
000AA4F4
FFA4BE8C
0010A21E
004EA678
00242B28
000BED78
00386B8B
FFEF7EFB
FFFF0C24
001805EA
0021D75A
00108BF9
0031D890
002E0E0A
FFF98005
FFFC2636
FFF6183B
FFDEF29C
FFE9C674
FFC89EEF
FFD7FEF4
FFC619A8
FFC500A0
FFC32290
FFEAF688
FFED989A
FFCD87D5
00099385
000D1A5F
FFCAF14A
FFFB1B1E
FFEAA439
FFE810C7
00180C89
FFF9DE95
0003B273
FFCC3DB4
FFE777CA
000C98BC
001C9D9F
001AA426
001D44F4
00255837
00334F2F
0013000E
FFC6C4F9
FFD187A9
0022C04C
0023286D
FFE8470E
00417336
0018E8C2
FFD17351
FFE1599E
0005FE7E
FFC77704
FFCB5EC8
000D2412
00383DFB
0009E5C6
00349E4D
00571B21
001A45A4
FFDD4766
FFBEB3F5
00021D0F
00376371
FFF6B8FB
FFDDD48E
FFF02FF5
FFF841B1
000D0D37
00299A4E
000E6DB3
003141B3
00267D45
0016749B
000FDB68
FFADEF44
FFA329FC
00336313
FFDA87EB
FFECA9E6
FFE9FF8E
0012E1F6
FFE54F84
FFFAAAB4
003456BB
FFC9A7E6
FFDED656
0041C319
FFF50587
FFE0A482
FFB9207C
00105ACD
FFE8660A
FFEFB969
0036E622
0030A8ED
FFF95F7E
00295243
000E536A
FFBC003F
FFFD4496
001999A7
FFBF518B
FF95B5C7
FFF829B1
FFF0E62E
001494AF
FFC8B281
FFEB0809
FFDCAB6B
FFEB8F35
0013346F
FFD0AB85
00227B91
FFBFFB3D
FFFF75C3
FFE31281
FFE134FA
002CBE28
00018DB6
0014AE10
00445CFD
0011E82B
000E20FE
002BA086
0016B726
FFF48B1F
FFE3D060
FFE292A2
FFD1E620
FFAD830B
FFD8C0C2
0024EF34
FFFFCD30
FFCFFF8A
001C4986
005AF4F4
FFF40AC9
FFF20B40
001D3A21
0015746B
FFEE160C
001328CD
00522661
FFF8F859
FFF677F3
FFCD9F93
001AFC61
FFC8E71B
FFCE12E3
00356045
00180481
00025A43
FFF261FA
FFEA2293
0005056C
0015C37D
FFD7BA1A
FFE10E45
0017E283
000B23F6
FFDD2B53
00050DAA
FFFD8E57
FFEC36AA
001C2250
FFEAB134
000ADBDF
00198C63
FFCA4CC5
FFC9D3AB
00180D1F
00007370
0041C0BF
FFA1F923
FFEAA0BF
FFBFD616
0001EA9C
000ACDBD
FFD74111
000C0FFE
00198874
FFEED3F9
00099427
001C4EBA
FFEDCC46
0024E55A
001BC156
000B81D9
FFE0E7E3
FFF62AFE
004AFEA4
FFE9B233
FFDE9F11
FFE73711
FFFEB524
001E9C44
00051CE3
FFC0F4E7
FFF0560E
002F572F
FFFE0DFC
0005C286
004FDF99
FFE034F0
0010DB45
00145898
0018F43E
FFEEBBCE
004E287A
002EDB25
001E5085
00459890
0034817E
001867F6
00036AE8
0007D13C
FFEB0AD5
003865E6
0037EF79
00023EDF
0024F6B4
002BC13A
FFDDDEC2
00044659
001AB7F2
003FBAC7
004A76C0
FFE28D30
FFCD9268
001F517E
FFBCA443
FFEF9613
0039052A
00294B04
000B4585
002479FC
00444243
FFB0ABA9
FFB14003
FFFCF210
00168E73
004ADBB3
000A8989
0042A1B6
00042527
000DCB5E
00157527
0020364B
FFCE36FC
FFDA1EFB
FFE3012B
FFDEAFED
002AE66A
0009DF6E
002D21CB
FFE60070
0000BAFE
FFF18246
001CE298
FFE39787
FFDAF4D3
FFDC6251
FFDC6354
0029DF82
FFC57018
FFFB9FB6
FFF8EC46
0021BBB2
FFF4365A
0015FF38
FFCFAA65
FFED18CD
FFC513AA
00304A6E
FFCB7119
FFF3226B
FFE01293
000D5D1D
FFD2E0C3
FFBCFA7B
000D66A6
FFDD20F0
00320823
FFD47DD4
00198C96
0000FCE9
0016968A
001D6C38
003A3A73
003EEA62
FFFA3F7E
0031E8EB
001CD2E1
00191562
FFEC4188
004A1026
001E9CE5
0007A35C
001BC6DE
000BB861
FFE80B2F
FFDF5279
FFF90F40
FFD6EE19
FFEB013D
FFF00A88
00193A99
0015C7B9
FFE655BE
00343ADE
003303F9
001B8689
FFDB0F5A
FFDDE0BE
FFEDC983
FFF29BA1
FFFA177B
004B3C2F
00232D65
003AAFC2
00025774
FFFCFCCF
FFF284B6
FFFC9B10
001DCED0
FFCEB34A
FFECDDE2
FFEB415B
002F956C
0003C6BB
FFDB0D70
001904AE
001E6C0B
0039054D
0006B4CF
00392AA2
FFFA0867
003D23AE
0010F5FF
FFF8FA2B
001D6167
00118999
FFD8D43A
FFD9F1BE
FFFE0023
0022C012
FFEC70B1
FFDDD10C
FFDBFA2A
00067027
FFE686F8
FFD12F88
FFD8F7FC
FFD78B96
00175286
FFDE735F
FFCEDB5C
0011C5F5
001644B2
001A6D23
0014D853
FFE3FBC8
000EF886
FFF4BCAE
000D3CE3
002BB8FD
00047DA8
FFD5951D
00203359
FFCA8D8A
FFFC2A8B
00019553
0009ABB2
001ED723
000FC68E
000D7EBB
001BC6F4
0025383A
00070ED9
00076E97
FFFE3F29
00247577
FFEE579B
0019EFA3
FFFE662B
00244F0A
FFD58D3C
002139AA
FFE6FB2A
000DD8F6
FFFC8957
FFC7566A
FFE30B70
FFF6F8BD
0005CCFE
FFE3A0F5
FFE61BBA
0016FD73
FFEED532
FFD68109
FFEDD0BE
FFDDB70A
FFD81D73
000AC569
00457806
FFF0020D
000110CF
0028370B
FFEB5CF1
0023AB1E
FFDA161A
003FA0A8
0017C1F6
00090BCC
FFFA93FA
00085CBB
00062DA3
FFEF6B1D
0027673C
FFF10AB3
000B9F6A
0014E0FD
FFFC68CE
000F427D
FFF55D54
FFDD6699
000112BE
0000C844
FFF4AFA8
FFEA0714
0008FB8F
0013B037
0045B827
001C8728
FFE8F1E5
FFFC1E31
00043E2C
001BE24C
FFE66574
0010A94B
FFE39E91
FFF49AB7
000ED70D
FFDBAD96
0002FC12
001ADBD4
0002DFA6
FFD6B430
FFF61DC6
FFFEE7E0
0022A925
FFCEC76A
FFCA5921
FFD5AC52
FFF205F1
FFE2EF5D
001D4CFE
FFD36A76
00374087
FFF7DB91
0038103A
0008DB30
0010FFC0
FFF024FF
FFEAC9EA
FFF1A9CC
0000A98F
FFF621EB
FFEA557D
0001A84E
0008A58F
000CB8EE
FFF1118C
FFD46FAA
FFCD93FF
00093B6C
FFEC38EE
000DE944
0012BF98
0023990C
FFD70DF5
0017BAD8
0001A782
00069DA5
0011FAD3
FF95C86F
FFD53B94
FFECD18F
FFCBDB0F
004A044F
00254EA8
003A571C
FFFA4C61
FFBD4784
0056B030
0012F7CA
00197A31
0016C0F0
000ADF8D
000A7123
000D029B
FFF10A52
00555C14
002476EE
FFFC1606
FFF02305
002911FB
FFFAB6A0
FFEB6F12
000D9960
FFF39F3A
FFFE031A
FFE0DCC5
FFFB5C4D
FFE310A0
FFE7B2AA
001B05B3
0014E0BF
0002826D
000E109C
00172E33
005DDDE1
0002CD60
FFFD00B3
FFDEC8A6
000CE30A
00171C22
000DA994
FFE58A13
0016BA7E
001B4C35
FFCC4C1C
FFEF710C
FFEB02EA
FFF66612
000303DE
FFD19E35
FFE91C97
0022F89E
0025994C
FFDC732D
FFDD1820
FFF0DDFA
FFFE81C7
FFE0130E
FFCFF4FA
0012A1A6
002BD766
FFC42ADC
FFCD04A0
FFEE567E
FFE8222E
FFA61136
FFAD6E7C
FFE1280F
FFAD68F4
FFDF207C
FFE80103
FFD905C6
FFCE8156
00051792
FFCD6EB6
00020EE4
0018C69E
FFF9E0FF
00009B2A
FFE6A4F9
FFE6D638
FFE8C605
0005A802
FFCE9704
FFCF7854
000432D1
0017959D
003045D7
0034494E
0018C555
FFF00881
0018FA64
FFDC4D9C
FFECCE95
0003199B
FFF9F85D
0027FD1F
00213B27
00330E14
0000C67E
0008DA7A
000746AF
002445BD
002E3376
0020A222
FFF4DA35
001D408A
FFE14BF7
000649D7
0023A966
FFE63F7A
FFCEF7BA
FFF219E1
00032870
FFE0A64F
FFEE6351
000F133B
000775E1
001EA094
003355D4
FFF7C3A4
0005D80E
0028561E
FFDC8D58
FFEF5117
FFE680CA
FFDDEF0A
FFE76F54
00401ABC
00076495
001ABC98
00104904
002D1262
FFED6010
FFCD2487
FFFB7084
0017DCA5
0027982E
FFCCB679
FFF9656F
FFEDBB71
000D90BC
0028C58D
004C2D4F
00394541
FFCDCE60
FFF00E52
001261CC
FFED744B
FFF5F8B1
FFE41E1E
FFE9B1CE
FFFD54E6
00170E02
FFF9FC4B
003DC352
FFEB7E2F
FFDCC7C3
FFF3AE22
FFD77578
FFFF8820
00227648
FFD3B4C5
002CA2E6
FFDD1D73
FFE63834
FFEB1DCF
FFD90F4F
FFE92A5A
002D840D
FFD63ED3
00028F61
0012509D
000B0ADA
0017804B
FFE44323
001B14C8
00219AD5
000ADFE9
0034CD4F
003C6F38
FFE75390
FFFAD6C3
FFEEF90D
FFFF750B
FFCE16B1
0046934D
00066302
000D5393
002DF3E6
FFE243F7
FFD8E3B3
00037DE3
FFE62A7D
0027F8DE
0027C413
FFCBEF47
FFFA6FED
0006810B
00126A57
FFA9338B
000C1127
001FA734
0003B9EA
FFD1161C
FFD6702F
FFC2B317
FFD86831
FFC3A0FE
00244638
00016824
FFF6C454
0018E1B4
00035FCB
00038C85
000D7E81
FFEF3981
000B1E3B
FFF493A0
FFE3BA7F
0013624B
FFE8BFDD
FFF74D77
0007AF9C
FFFFE18E
FFDAE4AC
00111867
00094615
FFD7D122
FFD830E0
00128CA1
00052BD9
FFDCD8BF
FFDC86D6
FFE0E5F4
FFFD76D9
0023B685
001933D7
FFFB6C00
0005DEDC
002154C1
001AFB6B
FFCC5132
FFDF9490
0006D1CD
00260029
001580CD
FFDC63AC
000F44FC
00128175
00004716
00069F19
00263CF8
FFFEC046
002DAE81
FFFC869D
FFDEF7A0
FFECBFA1
0001FC2A
FFEC2141
FFB03275
FFAED6C9
FFFBA468
FFEB31B4
00011E10
FFE3DC25
FFE18E5A
FFF68D59
FFEF66A8
0021241D
00329037
0008B793
FFF04CFF
00211FFA
FFF309CB
FFD9FEBF
0014AD8F
0000B7BD
00176CB2
0003F57B
FFEDDB17
00119B00
FFEDEA0D
000EA4C9
FFF2494B
00144BAD
0007AB13
FFF97281
0024A6FF
FFF7EB68
FFDEC68A
FFEAFADD
FFE392C7
FFD7076A
FFF44306
002BE3E1
00396F13
001C2E94
00063AB6
0032EE9A
FFB1C2E0
00128C17
002EF5DB
FFE4CD7F
00547819
FFDB2CB8
FFE6CC26
FFD8C98F
FFDBC90E
FFEED4CF
FFE1B45A
004308FB
FFF7015F
001A07D4
FFF496F1
00373EDB
FFCEE58D
001096AD
0000A6E3
00032420
0000EB05
0007712B
0037EDD4
FFC5FAED
003C3870
FFE5AF38
FFB03F56
001E4C09
FFFE8D5F
000BAC15
FFF5E7E6
000461CE
0001FCB1
FFF7C595
FFF929F6
FFE55143
FFF1F14E
FFF743BB
0011345D
FFF8379B
