000068F7
0000F1DA
FFFF0214
FFFFFD67
000293B6
FFFE6479
0002B0E4
00008D43
0000FF24
0001A50E
FFFF1346
000030FF
FFFE3D98
000117F7
00013CFF
0000DC40
FFFF7384
0000052C
FFFEF8D8
FFFF0119
000143B0
000000B0
FFFDDBDD
FFFFE993
FFFF5385
0001786B
FFFF2371
000301B1
FFFEB8AF
00016285
FFFC28DE
FFFF0E92
0001DAE9
000155D3
00005246
00000D07
0002641D
FFFD5054
00012D0A
FFFD6F27
FFFFFB38
FFFE7B24
0001248F
00006090
000158AE
FFFDA4A6
000069B5
00004F6A
FFFFECB3
00006259
FFFE11AB
FFFDC45F
FFFD9DE6
FFFF3FD4
0001C72F
FFFFC798
0000E4E8
FFFF9F41
FFFD5478
FFFE998E
FFFDBE77
0001E31E
FFFEF285
0001395D
0000E2E9
FFFF2BE5
FFFCECCD
0000EAAC
FFFDA4D7
FFFCE2B7
FFFD9ED7
FFFF1181
FFFDCA90
00014F36
0001A134
00025627
0002B0C3
FFFF9084
FFFF4D6F
0000147C
0003606F
FFFDE720
FFFCE61C
FFFDF5E2
0000B95B
FFFECFD1
FFFF7B86
000150D7
00000D4D
FFFFAE97
0000364B
FFFFEDD2
0000663A
0000610E
FFFC33AF
0001D0B9
0001B741
FFFFD53E
000122EE
00024ADD
FFFFB63B
FFFFB94E
FFFEF07D
FFFFE7EB
FFFE9C25
FFFF220E
00009203
FFFEC5B9
FFFF6F94
00011D43
FFFDBD61
000245C2
FFFDF6F3
FFFEA5A3
FFFE96CD
FFFCC7DD
FFFC7639
FFFF1DA1
FFFFFD51
000428DF
FFFFCD08
0000B2D8
FFFF9880
FFFCD6D7
FFFF7122
0000F98D
0000B6EA
000018C4
FFFDE56E
FFFE3F10
00004C11
FFFF6278
000089F0
FFFD4593
00003123
00016949
0002B0E0
0000E192
FFFDAF55
FFFCBF5B
FFFE2CA5
FFFE8CEE
FFFE9A0C
000098FB
0002496E
FFFE8C34
FFFDA0E3
00038E09
0001D909
FFFE37D5
FFFFABE3
00025108
FFFD65CF
FFFFB740
FFFFECDB
00005826
0003FFC2
0002B018
0003BD76
00016D98
0001C249
FFFFB6FD
000187C7
FFFFCD2F
0000D0E3
FFFE1005
FFFEC927
000092FB
FFFF9BC6
0000EE04
FFFEF256
0002A1C1
FFFFF924
000162F3
000330AF
00009918
00010A83
000189E9
00020B48
00018F89
00001979
0000278F
FFFD4A65
FFFE9206
00031592
0000D361
0000C32B
00012B5A
FFFF18D8
FFFE444C
FFFD8CE4
FFFCDC09
000266DC
0000934F
0000A772
0002AC70
0001A05B
0001C69A
FFFEA7E3
FFFE3AF1
FFFECAEC
FFFFD5A6
0000F658
FFFC660C
00011687
FFFDEC8A
000113D7
FFFE77B9
00015BD7
00001199
FFFC66D8
FFFEB35B
00006EA7
FFFF5E1B
FFFFC061
FFFFA1D9
FFFF8E9D
000122D7
000373BA
0000799D
00017F82
0002B183
FFFF0B5F
00016B78
0002A413
FFFBFEFD
FFFD4125
FFFF3324
00029B27
0001FA07
FFFD3599
FFFE7564
FFFFE2E3
FFFF92D4
00011364
FFFEE1AE
0000695E
FFFECAB2
FFFD217D
FFFF7231
FFFF79CB
FFFD9588
00010E7A
00026418
FFFD8895
FFFC1517
00033E24
0001E8DE
0000C97D
FFFE40A0
FFFF018C
0000118F
0001D8F3
00036049
FFFF914F
00010ACD
FFFFF65A
0000D1AA
000234B7
00005850
FFFD306D
00031958
00036723
0001E50B
0001A040
0002FEE6
FFFDDE6B
FFFEF97B
000036C5
00022E15
00007955
FFFD9D6B
00000A54
0003AAAA
FFFF7973
FFFEDC05
0001004C
FFFF88EE
00003EE8
0001DC44
FFFF0344
FFFED553
000375D6
0002D88B
00009D1E
00003B0D
0000DA21
FFFFB191
0000A432
00009E7F
FFFD6104
0000A9F2
0000E26C
00002AFB
FFFBB8C6
FFFD16DF
0000F16F
000150D8
0001E693
FFFF27C2
000330C0
00031B4F
000132EE
000079CC
00012E0E
0002A2C2
000088C9
FFFED950
FFFE558B
FFFF7FDD
FFFF8668
00018A7F
FFFEAB9F
FFFD7C96
0000B4DE
FFFD04F4
0002C9C9
0001D07E
0000A932
00020917
00009DBD
0001FA45
0002FBBA
00004D7C
FFFE4E16
FFFC2673
FFFF4273
0000484B
FFFC1CEB
FFFDDDE2
FFFD5913
FFFF1DF9
FFFBAF6C
FFFC81AF
FFFA1691
FFFBA8B2
FFFDEB3B
0000F57C
FFFE7C68
00019FC3
FFFC12D1
FFFBF89F
FFFE6FB6
00012626
000197E8
0000BC50
0000DFD5
FFFF97D1
FFFE668A
0002E625
00034403
00027552
FFFF1B79
0000B22A
00004223
FFFFC820
00028E49
000005CB
FFFF8EB7
0002C03A
00024A1A
FFFE58EE
FFFDBC1E
00008E05
FFFE814A
0000861E
0000BD1B
FFFDE607
0002F547
FFFE9EDD
00007216
00037AB4
FFFF3A4E
00021EC7
0000B4DB
0002C2A4
FFFDECF7
00012C49
FFFDA4A1
FFFF0336
FFFD577C
0002C95A
FFFE20AC
FFFE05FE
FFFF6D27
0001A08B
FFFFFA28
FFFF31DA
FFFFB57D
FFFFA413
0000FE9C
000091FE
FFFF0E14
00024A03
000421DF
0000E7FC
FFFCE07F
0000ECB2
FFFDE810
FFFE6EF3
FFFF70C4
0000AB24
FFFCAB3D
00007579
00015513
FFFFFE97
FFFF453C
0000FDAE
00006523
0000351A
FFFBF6B4
0002D27D
00025E57
0002C1BA
00037B6C
0001F4EF
0000DA69
FFFE5DAB
00007BAA
FFFC53CE
0000F3B2
00002203
FFFED58D
FFFC003A
FFFEF84E
FFFCFB0E
00007226
0002E2CF
FFFE0F30
FFFF1581
FFFFA4C2
FFFD588E
00021419
FFFF19A0
00003586
FFFFC995
FFFF21DA
FFFC9A7C
00013117
FFFFD615
0000036A
00005A56
0000A023
0001E9B3
FFFE7D2D
00014649
FFFF336D
000005E5
FFFD9C90
FFFEB174
FFFBAA15
FFFC254D
FFFE8B90
00024C16
00014141
000042BF
0000F7B3
0001338A
FFFECAB6
00024E77
00025310
0002E7BC
FFFF79AD
FFFFF022
FFFFBF94
00029A2B
FFFEB94E
00039356
0001271A
FFFF6B33
00010EAE
FFFDFD0A
0000F7C8
000313EA
00011B3E
000252B4
0000B925
FFFE3461
FFFE9391
FFFB777E
FFFF9B6E
FFFEA114
FFFEA215
FFFCB8E8
FFFF5F47
FFFFA4F6
FFFE0FEE
00004671
FFFF8FA4
000047BA
FFFF46C3
FFFEC800
0000E384
FFFFFE98
FFFE8010
00009B88
FFFFA661
0000375D
FFFF3A68
FFFE225D
0000DDC8
FFFE9FDD
FFFFEF0D
00021AAC
FFFD22AF
FFFEF58F
FFFCF8CB
FFFE785E
00041A7B
0000C78D
00004394
00006CBA
FFFE13C1
FFFF59A2
FFFFBD4C
0002DE36
0002BCA5
00009D45
0002620E
FFFEB36A
00001B37
FFFF6689
FFFD5FA8
0000C923
FFFF5B16
FFFEAABA
FFFEBF76
0000D897
00028692
FFFDFCDE
00034F76
0002EAEC
0002BD3E
FFFFF33F
FFFD7076
FFFFDA59
000082C8
0000F6D1
FFFE8313
00002F92
0002F627
FFFCBF60
FFFF1074
00004EB6
FFFC153B
FFFD2798
00023092
FFFF9784
0000E4DD
FFFEB865
FFFF0640
FFFCF5B5
0000C15C
00011146
FFFCF07B
FFFC95DF
000108A7
FFFFE8D9
00016F44
0000F5F4
00002F86
FFFFC554
0001D0C6
00000047
0000A665
0000A00D
FFFE1A2C
FFFF52CF
FFFC78E0
FFFCD264
FFFCEB9D
FFFE2C4D
FFFB52E9
FFFDD8E1
FFF9F6D0
FFF9505B
FFFF7DBA
FFFE0BC9
00016F21
FFFF58E4
FFFD46A0
000020F9
00004CBC
FFFE4205
00009E5D
FFFE5FB5
FFFEA878
FFFD9167
FFFCA415
FFFD6875
FFFE4FC1
FFFE78DD
FFFF68B2
FFFE62CD
FFFDE93E
FFFE359C
FFFC5C95
FFFC70D4
FFFCC43A
0000630E
FFFD4185
FFFDB46F
FFFD2606
0001F621
FFFE379D
FFFDB137
FFFF182F
FFFD554B
FFFC4B22
00001408
FFFECEE4
FFFFB0D9
FFFEB80E
0000B266
0000E606
000023BB
FFFEDF47
00015CED
00004F03
FFFFC84F
00027759
00014D60
FFFE2F18
FFFFBC5D
FFFF0FFE
00015E4E
000101C5
FFFEFE2C
000051E8
000072F3
0001EDCB
0002F339
FFFEE42A
0000D599
00006841
FFFE464F
000142B2
0001E85A
FFFE5F82
FFFC1150
FFFF9A5D
00010AB2
FFFDF540
FFFD5958
00003ED6
00000DFC
000010B3
FFFE8C48
000184E0
00012915
0000B157
FFFF21A0
FFFDEBF1
000154C5
0000284E
000011AF
00018FF7
FFFF1D5F
FFFF71FE
FFFE10EA
FFFE88EE
FFFF6FF3
0000A075
0001DE3F
000048EB
0000DB28
00016D79
00016D01
00022C56
000068A4
FFFF1652
00023AE3
000224F2
0002EC31
0000DA49
FFFF33F8
FFFFB2E1
FFFEDFF6
FFFDD2D0
FFFF0E60
00004EF9
FFFE1380
00014FC6
FFFE7C64
FFFDD05B
FFFEEBD5
FFFEF792
FFFFC812
FFFE1011
FFFF255A
FFFD8A6E
FFFDF2ED
FFFE7D54
FFFDA289
FFFF3BF5
FFFF3B30
FFFE0D85
0001123B
FFFFCFF6
FFFED0D8
0000097F
0000A670
00003044
00005A2A
FFFF3AD1
0000AFAB
FFFEB7A2
00018146
000016C0
0000C5BD
0001559F
0000D270
FFFF3DA7
FFFF52C6
00007D51
FFFF0B69
FFFF90F6
FFFEC91C
FFFD0035
FFFDCD4E
00029271
FFFF3428
FFFED034
0001D1AA
00027EB1
000169AE
0000981D
FFFFE3D8
000061AE
FFFE97A1
FFFF4787
FFFEE62A
FFFFFC0B
FFFE3393
FFFFFA6F
FFFF942A
000082B5
00018042
00019931
FFFFD7B1
FFFF61C4
FFFDE155
FFFE8B96
FFFDD231
00010D6D
FFFE14F2
FFFEDF76
00014F88
00001F91
FFFFCCC9
0003FA12
0001A91A
00024C20
0000FDF4
0002ADC4
FFFFD879
0002B6EE
00024F90
000313A1
0000C7E9
000101C3
000160E0
0001EF9A
00035732
00007F9B
000264C5
0000A68E
00001965
FFFF736A
00001545
FFFF5BE8
00010B10
00003D56
FFFF73FA
0000F5DF
FFFF8086
00006AB2
FFFE7537
FFFE0721
FFFFAAD6
00014A28
0001AF7C
00011511
000190D0
00010324
00016C4B
00016882
FFFF6893
FFFE3724
000193C6
000038B0
00016307
0003939E
FFFFF22A
00032241
0003BF7E
0003B712
00022361
000170B1
00027306
00026AF8
FFFF7A95
FFFE5E13
FFFF6B42
FFFFAEE4
FFFE29B4
FFFE65EB
FFFE58F2
FFFE9C02
00009BD7
00019CD7
FFFFDAFC
00002B18
00022237
000133F5
000175B9
00009AEB
FFFE9CD9
0000B096
FFFE0E9E
FFFED235
FFFE062B
FFFF5F27
FFFDF3F0
FFFE5885
FFFCDB89
FFFD9A0E
FFFF68B1
0001E66F
0001D488
000530B9
00038352
00034EE2
0002F300
00035069
00029295
00004259
FFFEFDE5
FFFF56D9
FFFD3A37
00001005
FFFF3A84
FFFD64FA
FFFE8682
FFFD938B
00001660
0000837B
0000AEF2
FFFE6A27
000017A0
0001846D
FFFF8A05
0000C8C2
FFFF8299
00024E94
FFFFD0D1
00009CFC
00003EE1
000280C1
00020FD5
0001A742
00023737
00031970
000373DB
00008FF7
FFFD81EE
FFFFAC4E
0000734C
FFFECAA3
FFFF6740
FFFF4CCF
FFFFFE45
FFFE1301
00005E41
FFFE319B
FFFF2F80
00015F75
0001E82F
FFFE8328
FFFF004F
FFFEFD66
FFFF2F88
FFFD1663
FFFC817B
FFFDEA0E
FFFDD3E9
FFFEAD8F
FFFF00E2
FFFCF817
FFFE62BF
000193AC
00026CA6
FFFF22EB
FFFE1937
0001DCB9
FFFF44AE
FFFFF51A
000018A4
FFFED719
FFFF7D7C
FFFE7370
FFFF2888
0000FDF8
00008AC0
00014811
FFFECD55
FFFE94A3
FFFF7E9C
FFFFD6F2
FFFFD7FC
00028944
0001AB32
000141E5
0002EA99
0001CA64
0001EC6B
00006ACF
0001A0C5
FFFF9D60
FFFF69E4
FFFF99DF
FFFF2165
000014F1
FFFF87C8
0001098E
FFFD5C86
00007ADC
00003FE5
0000B4B4
0002063D
FFFE415D
000034DC
FFFF24E9
00005181
00002AAB
00022ECB
0000545B
FFFF8FF5
00019CD2
00016B19
FFFF7D0B
000123DC
00013379
FFFEC444
FFFF1B02
0000B39E
000329C2
00011197
FFFFA8DF
0001EC7C
0000BA88
00020E14
000232E9
0001D72B
00029586
0000599F
00029476
FFFFC126
000229F9
0001640F
0003BD33
00018968
0002D76B
00010665
FFFF6CA2
00006F7B
FFFFCD54
0000978E
00009D42
00003812
FFFF4BEA
FFFEEB8A
FFFE5339
FFFD7CF0
FFFD761D
0000DA4D
00004DE4
000129E9
FFFF2DFD
FFFEEC78
FFFE2178
0001C4AB
FFFF99E4
00027C22
0002138E
FFFF97C7
FFFFCD90
0000999C
0000BE08
00010662
FFFFBA7A
FFFFFDF5
FFFDEE66
FFFEC0A3
00018394
FFFD1561
FFFEE70A
FFFF33B6
FFFD8EA5
0001D68A
0001B1AF
0002D7F4
00017E53
000328DC
0002E75E
FFFF38E1
FFFE8E58
000263C1
FFFD8415
00000E83
00005FA3
00009342
FFFDE7F1
FFFD4ACC
FFFFA2B8
FFFEB13E
FFFDCCB1
FFFF8B2B
FFFED2D5
FFFFF1FF
FFFD62D8
0000DF90
FFFF2363
0000816E
FFFE82EF
000157E0
00028155
00007038
0000122D
00006A17
00019094
FFFFCB22
FFFFDBC7
00033985
00029187
FFFD18CF
FFFDC9F8
FFFFB51F
FFFD0E4D
FFFD73CF
FFFF575A
0000184B
0000EDE0
FFFF7440
0000C934
00034379
FFFEBF72
000161AB
0000BA03
0000A504
0001C60A
00000465
0002D8C4
FFFD9E35
0000ED0F
00020087
FFFF6511
00017E7A
0000A094
FFFE8E66
0002623F
FFFE6715
0001CEEA
0000E075
FFFF82E2
00026D30
00028F4A
000199EE
0003110B
FFFF2FE1
FFFDBE4A
FFFDC068
FFFEE521
00010030
00002965
FFFD03D3
FFFCD947
FFFD62F8
0000683A
FFFF4CE5
FFFFED8E
000233DD
FFFED6CD
FFFF2AA4
000228AB
000100CD
00000928
FFFFD04B
0000981F
FFFD4DB0
FFFFFAF0
00000162
FFFF222A
FFFE57C2
FFFE0B95
FFFD38D5
FFFD75EF
FFFE47A7
00022B52
0001CDCA
0000C8E9
FFFFCC84
FFFF8AEE
000008D4
FFFF6EAA
0000EE8D
0000A2C5
FFFF57EC
FFFED275
FFFF482F
FFFF7D5F
00006F6A
00012EF5
00000B0E
00023815
FFFED590
0000B595
FFFDA6A5
FFFDD443
FFFE71F7
FFFFEA86
FFFF4A2F
FFFDCE0E
FFFFACB1
00009EA2
00022236
FFFDF35A
0001F625
00010E4E
0001C2F8
0000EC65
FFFE76B7
FFFFFD00
FFFFCC9F
FFFE075B
FFFEFEDD
FFFE435B
FFFE31D1
FFFBCC71
FFFE8EAA
00018B51
000057DD
FFFF8E33
FFFD7733
FFFF29AC
FFFF7EAD
000034E9
FFFC9805
00016B2D
0000560C
00006979
FFFF89C8
FFFC204B
FFFFABE4
00017066
FFFDC629
000150CA
FFFEB132
FFFE161A
000066DA
00016000
00031F26
0001DD78
0001684F
FFFF11FB
FFFDDBFE
00021F25
FFFF134A
00016B72
FFFF88E3
00026200
0001DD0B
FFFF620F
00004726
FFFCB86B
FFFEA817
00005BEE
FFFF03D5
FFFF4CC1
FFFDFB1E
FFFEF32D
FFFD2C1C
00003295
FFFFFC25
FFFE5429
FFFF4B6E
FFFD0C42
FFFF79BD
FFFEB6FD
FFFDD190
FFFEDBAD
FFFD54D7
000175B7
FFFEBBC4
00028706
FFFFF6C2
FFFDA322
0001D1DF
0001C8C9
000283ED
FFFFCBA3
000087A7
FFFF004B
FFFF67FB
0002FC1F
FFFECADA
0001F53A
00030A5F
FFFEF391
00006949
00033144
FFFE9169
FFFF1CEE
00026B12
0001D7B3
000109CE
FFFD6E29
FFFBADC8
FFFF933D
000078DF
FFFA8F93
FFFF8888
FFFEB144
FFFDB11A
0001B0FF
FFFFC468
FFFF7F49
FFFF2A7B
FFFE8C23
FFFF516D
FFFFB12D
FFFE8ED1
0000FDA2
FFFF8765
FFFDFACE
FFFD2C9B
FFFE02B3
000093B1
00006918
FFFFA7A2
0001996D
0001920C
FFFBEBC1
FFFE7055
FFFE1DA4
FFFF6B46
00016A18
FFFF1D76
FFFFC319
000302C6
0000063A
00016332
000116CC
0001180C
0003325F
00009782
00012B22
00038FE5
0000CF71
FFFEF435
00027F58
FFFE03FE
FFFD0489
FFFDA6F9
FFFD5BFA
FFFC1334
FFFFCB90
FFFE43B0
000130FE
FFFFC642
00013CAA
00005793
FFFE9D1B
00008513
FFFE9CD2
FFFFCF55
0001FA9E
000381BB
00023F69
FFFEB6E5
0002AB0C
00021E9D
00025A8E
FFFFC356
0001C1FC
0000C59E
FFFE110F
FFFEB050
FFFDB0B1
00031376
00023D5C
00021819
0003E168
000034EB
000098FD
000190FB
00031626
FFFF8D90
FFFEDEB0
00014351
FFFD854C
FFFF6F89
0000732E
0000C825
00018409
000071A2
0003B500
0001B67A
000307AA
FFFD5BAA
FFFF862E
00027CC0
00005472
FFFFB691
0001C47C
FFFD0964
FFFC640D
00003320
FFFBDDEC
FFFEAD40
FFFCEC60
FFFCA3F3
FFFF7194
FFFDECCF
0000EE8B
00024A96
FFFEED43
FFFD8538
00003640
00015A94
0000B020
000038C7
000259DB
00002949
0000E09C
00030906
FFFE6C1B
00028180
00051C38
0002092C
0003F3E6
FFFF1C5A
0001C416
0001E48D
FFFE8470
FFFD5D66
FFFD5B6C
0000BC3A
0001968C
FFFF0592
FFFDD1B0
FFFF831F
FFFFBF4F
FFFEF021
000368C8
00005C14
00027A83
0000D6F4
0001933D
FFFE7CB6
0001F22A
000100AE
0001A743
FFFFD6C9
00035F04
FFFE3686
000200AB
00029B86
0003C06E
000038F2
000201D6
00017AC6
0000B5A5
0000A313
FFFF76D6
00025C2A
FFFF9182
FFFEAE7D
FFFDCABD
000176AE
0000697F
FFFD3143
0001C11D
FFFE139D
FFFCAFD9
00038F0F
0000CAC0
000340D1
FFFFEE02
FFFEFADA
00000E0D
FFFDF34B
FFFD8D4C
FFFECA8E
FFFF6E08
FFFC8DFD
00006357
FFFC2F45
0000178C
FFFE3595
FFFF2EFF
FFFBFA81
FFFF4DBD
FFFFC61A
FFFF9779
00024EC3
00011B2E
0000C63F
0000DC29
00003415
00007520
FFFF22D6
0001BE2A
0001EDEF
00003C06
FFFE3B91
0002F316
000053E2
0002C2B5
FFFE7ED7
FFFF8560
00010355
FFFF5B44
FFFEDFFA
00015813
00034DFB
FFFEB8CF
FFFE1D1D
FFFEAF30
0000BEAE
FFFEFFC6
FFFE9DEE
FFFE8253
00018AC6
0001987D
FFFF4DEE
000141A3
00020516
0001A78C
FFFE4F93
00015110
0000E63A
FFFFC889
0001767D
FFFFA7A9
000084CB
00006304
0000FB34
FFFEEB08
00005371
0000882D
0001FB28
0001AA98
FFFF2201
00036EE1
FFFE4BD2
FFFDE3E2
000086EC
FFFF7AF8
00007268
FFFE4874
00006CC2
FFFC9223
FFFDF180
FFFCB4DC
FFFF7F92
FFFD1E8C
FFFE31AA
FFFEC8EF
FFFE8344
FFFD6B99
00005CBC
FFFCF814
FFFD3263
00021AA0
FFFF010F
000317DD
FFFD67C2
FFFC852B
FFFEB8FE
0002A054
FFFE1C40
FFFFB939
FFFE7CC8
FFFE5249
FFFF948C
0000CDD2
FFFE5DB3
FFFD58A2
0002AB9A
FFFDE780
0001A619
0000E29A
FFFE9C10
0000FA9C
FFFF5F85
FFFF2157
FFFEB181
00018D20
00010F0B
000351A0
FFFED616
00031950
0001558C
FFFF21AC
FFFE8320
0000063C
00033AA8
00001ACE
FFFD9E78
FFFD7447
FFFED7A9
0000AAB0
FFFFB58E
FFFFD428
0001584A
00009728
FFFFC182
FFFC7FA7
FFFE6236
FFFF685C
FFFE3F3F
FFFEBE2F
FFFF00AE
FFFF0CE2
FFFF9EA7
FFFCCEAD
00009E22
00013D9C
FFFFC8C2
0000D6D1
00027691
FFFECC13
0004D6FA
0002F229
00008676
0002590E
0001E9B4
00008634
FFFE7CB3
FFFCFA81
FFFED3F7
FFFEC171
FFFC3E55
FFFFBCC1
FFFEBD93
000056F0
FFFECEC4
00010B3A
0001851F
FFFE3E31
FFFF5FD1
00027354
000009F6
FFFFDAC2
000314BF
FFFF35A7
00008124
FFFC722B
000041FF
0001EBFC
FFFD197D
00019A75
0002889E
FFFFFD0F
FFFEC53B
FFFE1CD3
FFFF33B3
000245D1
000030F4
0001B350
00004C3A
0000FB43
000039A9
FFFEFA47
00020A76
00024307
0002F1A5
FFFF789A
00017469
0001B7BE
00044A6D
000175D2
00059859
FFFE3830
FFFFA51F
FFFDED07
000013CE
00013BE2
FFFF1C37
FFFD8BCC
FFFF6EE1
00023F69
FFFF4CEE
0000257C
FFFEF2A5
0000D37D
FFFFA4A5
000205BA
00021679
FFFCCD99
FFFEDA54
FFFE48B4
00025F74
FFFED70E
FFFD86DC
0002AFDC
FFFFB202
FFFE004D
FFFF0CF3
0000FB48
FFFFAC32
0002470F
FFFFCB93
FFFD881D
0002B45C
FFFC5C0A
0001D5CB
0001DAFA
FFFF6543
000072D7
FFFCF04D
0000BABE
FFFCC401
FFFF7B89
FFFCA093
0000C8D6
0000978B
FFFEC7C7
0001BA44
00018C9C
0001CF80
000290CD
FFFE32A8
00021472
000451F0
0000FE51
00011E0B
0000D326
0000294B
00005297
FFFE068E
FFFE06F5
FFFE747E
FFFC4116
000041D6
FFFD761E
FFFCAE6A
0000FA32
0000898C
FFFEACCF
00004514
FFFD9AA7
0001BFF9
000198E7
00008407
FFFE4EAE
00029A4E
FFFFA3B9
FFFF531F
0001D4C4
FFFD30B3
FFFF7A8B
FFFDFA25
FFFE1639
00029D3A
FFFFA2A0
0000DBD8
FFFFC9E2
FFFDDF63
00020911
0002AE01
FFFF9925
000138BC
0002C9FE
0001A841
0001B55C
FFFEA7DA
0000BD8B
FFFD90EF
00017C39
0002FBD3
0000C5E7
FFFF902E
0001AF2B
FFFFA01E
0000B3CB
0002460D
00013469
0000BE5B
FFFE0C66
FFFE66E6
FFFE22AE
0000C148
FFFD5FD2
0001313B
FFFF3AD4
FFFF292C
FFFF087D
0000DBB2
FFFDB4A9
00000AB6
FFFDE642
0000DFC0
000260DD
FFFF8D8D
FFFF188F
0000E4E6
FFFFF07F
FFFFD5A9
0001728A
0000A5E4
00017772
FFFEEF57
FFFCE4A8
FFFEE244
00009D94
FFFE962F
00002D05
000000DF
FFFD4402
FFFCB250
FFFFCF29
00001C93
FFFF2900
FFFFCB09
FFFEBC0B
FFFF9CCD
FFFF8184
000228A6
00003A3B
0001C187
0000E62D
000301F6
0001A5D1
FFFF1D5E
0000CF3C
FFFECBDE
FFFF49E8
FFFF1973
FFFE7979
FFFEDADC
00007964
0000831D
000026E4
FFFE5F81
FFFE2CC8
FFFEDF16
FFFF3D08
FFFE43D5
0000C284
FFFCCBCB
000090B9
0001561A
FFFF9E60
000115B2
00000FB0
0000FD1F
FFFFACAA
FFFF18F4
000047D6
FFFED8C6
00012386
FFFFEA95
FFFD4B49
FFFD4B55
FFFD9013
FFFEC8D9
FFFF4E73
00009A9D
FFFFDDED
FFFEB176
FFFF4137
0000662D
FFFEE91D
00003059
000003FE
FFFECFD5
FFFDB8DB
FFFDC6D5
FFFE1554
00005E1F
000064BE
FFFF9826
0003B259
000119CE
FFFCC010
00006782
00024883
FFFE04F1
0003263B
0000E5EC
FFFDCA53
FFFF91F8
FFFF678C
FFFD0B29
FFFDD7D1
FFFE9116
FFFE4834
0000BFE3
00009FB8
FFFEE19C
0000C4AB
FFFF3AF5
00021AA0
00003AE4
00008E85
0003342C
00022297
000164A7
FFFF3F59
FFFE33A5
00008EA1
FFFF5F53
0001F5B4
FFFE28D7
FFFF35AC
FFFF5037
FFFBEF0E
FFFCD834
FFFF4E3B
FFFE389D
FFFEE795
FFFF3EB5
FFFB6D5E
FFFF551B
FFFFF33F
FFFF5796
0001CA44
0001ADE9
0003331F
0000DBEE
0003CA1F
FFFFF755
FFFF651A
0003D9A2
0000871B
FFFFA921
FFFF2ECE
00004598
00001CF8
FFFED7A2
0000E1F9
0000B8F1
FFFF84E6
0002044E
00046E8B
00016465
0001CB9B
00036BE2
0001A48B
000203BD
0001FD04
FFFFF450
FFFF3E2D
00000E29
00003F02
0000E40A
FFFF1CD7
FFFFDAD6
00013CE3
FFFDEDC2
FFFF2616
00025972
0000B737
FFFFA02C
0000DCBF
00030012
FFFFD995
0002204A
0000145A
0002CF90
00016D46
FFFE9AF6
00014411
FFFF1C30
0000D752
00001D50
00020086
0000C04B
00003B5A
FFFE401D
000014BF
000086C4
FFFEE731
00018889
0000F22C
FFFFD26E
0001A791
0001524C
FFFE3FFB
FFFE6510
0000C8DE
FFFE5710
FFFE6F74
FFFC717B
0001D1F4
FFFFCAD4
00005E62
00002996
FFFCE33D
FFFEFD5E
00018A45
FFFDEEE4
FFFD52B1
FFFEF47E
FFFFE1F4
00001066
00031DDB
0001E16A
FFFE4FE5
00015E54
FFFFF2E5
FFFF86E4
0000821E
0000C7AC
FFFFA745
FFFE2056
FFFE7A67
FFFDD600
FFFF38CB
FFFFA978
00015017
000039DD
FFFDAC9B
FFFFAACC
FFFEEFBF
00010AC3
FFFF94F3
FFFF7017
00036833
00001151
00010101
00014A9B
FFFF29E0
FFFF9775
000008A1
FFFE1191
000081EC
FFFEAF31
FFFED45A
FFFE671D
00018FAF
FFFDF010
0001026F
FFFFC117
FFFFD291
00005517
00010397
FFFE92B1
00013A19
FFFF05CB
FFFE5102
0002E93E
00036FDD
000287B2
FFFFCAFF
0001DD33
FFFE3EEA
0001C1E7
00023BE5
00008644
FFFE7906
FFFEA47B
0001DCA6
FFFFFEB0
000197C1
FFFE4C2C
FFFE10D5
000190C7
FFFFC9C3
FFFE18CF
00012E2E
00004545
FFFF49E6
0000AB04
00009C9A
FFFCC989
FFFE4809
0000949D
00001BA9
0001BD29
FFFF6D28
00026C29
00004411
00006918
000201D8
FFFE7AA0
00026A4C
00013CB1
FFFD78E5
FFFF25D7
000046BA
00007F56
FFFF0300
000048C7
FFFF41C3
FFFE0169
00005C24
FFFFFDCA
0000B6AD
000119D2
FFFF75DD
000125E8
0002B8BF
000051F0
FFFE5A52
FFFE57B3
FFFF2292
FFFF10F4
FFFEC1B9
FFFF8905
FFFF720F
FFFE2DF2
000249C6
00018AFB
0001AA2E
00027493
FFFFF583
FFFECACE
FFFFF3B1
0002221D
00020DB7
FFFF2730
0002630E
0000E546
FFFFB392
FFFE6704
0002239C
0001BFF1
00019D15
0001EB37
0001A71D
00005976
FFFE2D88
0000B375
FFFCC903
FFFE562D
FFFEDF8C
FFFE71C8
FFFFB37F
00003303
FFFD5122
FFFCE619
000194E9
00006A57
FFFF051B
FFFF0AAB
FFFFFF8F
00015A25
0000328E
00001E90
FFFF2154
0000DA4A
0000A9DF
0000129C
00019F11
0001FE69
000156F5
FFFEC36D
00009A14
000224A5
FFFF48AC
0003AD9F
0001CBB9
00008ADD
000365E2
00008A2D
FFFFD15B
0000CBA9
FFFF7314
00004630
FFFF00DC
00010921
0001D903
0000BC0C
00015296
0001919B
000282BF
00000400
00007502
00013D28
FFFECFBB
0000F005
0002A689
0002C6FA
FFFD57A3
00014554
FFFDB3F4
FFFFFF3E
00003A5D
FFFD79B4
FFFC7C0D
00006F24
FFFEC7EF
FFFC5085
FFFCFFE0
0000EEA1
00007A22
FFFFB369
FFFE95CE
00002ACB
FFFEA94E
0001B2E5
FFFEB4EA
0000C0FB
FFFFB0F1
FFFE6BC4
00017CFE
FFFFCA18
FFFF741F
00005E15
00002E59
0003181B
0000FB9E
FFFCF532
FFFF308C
00005B4B
FFFDCEFB
00004788
FFFDEF8F
FFFEAFA6
FFFFC632
FFFB8E31
FFFFC512
FFFE1AF2
FFFECA44
FFFF3BD1
FFFF1764
FFFEFE91
00012CA6
FFFF84D2
0003B5D1
00016AD1
00027F7E
FFFEB103
0003343B
00013889
00023266
FFFFE289
000224C4
FFFFF28C
FFFE1D90
FFFF029A
FFFF6C9F
FFFED701
FFFDA80E
FFFD7C68
0000B83D
FFFD950B
FFFF03D7
0003B0E4
00045B5F
00030635
00003FB4
0002C496
000015CC
000170E4
0002D7A0
FFFFD2E9
FFFE9F2F
FFFE7894
FFFCB12F
FFFD79F4
FFFE0F92
FFFE81D5
FFFC77B8
FFFE0F02
FFFF712D
0000CDA2
00006B80
FFFF8281
FFFD6B52
0001B930
FFFE52CC
FFFE274E
FFFF6370
FFFD7A9D
FFFCE944
FFFD2435
0000A6D6
FFFE5425
FFFE8520
00001332
0000DFAD
00005C70
FFFEFF00
FFFD8AA6
FFFD5E7B
FFFD573B
FFFD9817
FFFEE361
FFFF06E5
FFFC60CC
FFFE41A9
FFFFF487
FFFE8C2B
FFFF88FF
FFFF4C49
FFFF261D
00003801
00009326
FFFF05AA
FFFF11D3
FFFFDE2D
FFFF1942
00018463
FFFE6833
00023C3D
0001F755
FFFF1BC3
00002C68
FFFE959D
FFFEDDA4
00004F1E
FFFDB8E9
FFFF17E8
FFFF54EF
0000C7AD
FFFFA3D3
0000A6D7
FFFC73E4
FFFE108A
FFFF1E1D
0002137E
0000866B
000117E7
FFFEA533
00019073
FFFE97DD
FFFEB593
000246BD
00021CCE
00008EB1
FFFFCD75
FFFEF14C
FFFF2018
00006C8C
00001042
00036F1F
FFFEF6E7
0000EDB8
0001C14B
FFFE1666
0000FAB8
0001AB48
FFFE9C85
FFFE5212
000257DE
0000BF35
00008373
00012789
00023AFD
FFFEEEC0
0002E95B
0002EE21
0002A52C
FFFF6DF8
0003BBF8
FFFE5E3C
FFFFEAFD
00025EDA
00004D1C
00012044
0001850F
0000B5C6
FFFF7E2B
FFFEB226
00012CEF
00012E55
FFFE500C
FFFEF995
FFFD820C
0002443C
0001DAB3
0000562B
FFFF02C9
0002C420
FFFF78DC
FFFE27EB
0001D7A1
FFFE5F15
FFFF0B10
FFFFB557
FFFE0DBE
000049AE
FFFF3B25
FFFF6765
FFFCD864
FFFF1B0D
FFFD4D60
FFFE38A6
00005DFD
00007B8D
FFFCAE2B
00028129
FFFFFB30
FFFF5769
00003EAD
00014317
FFFD59D6
00026F48
FFFF4375
00008175
FFFE5ADD
FFFE6728
FFFD5F20
FFFE7C75
00019593
FFFF499C
FFFEA92C
00005AD9
00000E00
FFFD6A63
FFFE92AE
FFFF9401
FFFEAEB4
FFFD9BAB
FFFF5901
FFFE01C6
0000A087
00010BCD
FFFDE23B
FFFD5C15
00001573
FFFEC81D
FFFDA847
0001567D
0000E5F7
FFFDB5B5
FFFE57BB
FFFF61E3
FFFDE45F
FFFBD015
FFFD19A8
FFFE33F2
FFFF7FC8
FFFCB626
FFFEAC8F
FFFE8E64
0000F828
00015A4B
0001C48D
00003AF7
FFFF9A51
00010B3B
00018EEF
0001C46D
0000069E
FFFF2129
00001602
000185F5
FFFD6B82
FFFE3EA6
FFFDE5B3
FFFF153E
00001423
0001AA49
FFFF4809
FFFF978F
FFFEB62E
0001BE19
00027F29
FFFE1F91
FFFF226A
FFFEE983
FFFEB30C
0000DEDD
FFFF44A7
000042E6
00000BF0
FFFDE31B
FFFF670B
FFFF6791
000115E5
FFFF26A7
000082B3
0001F117
0002D528
FFFFB8D0
FFFFAC55
00009962
0001FCF4
FFFF8BBF
FFFFC39B
000134F6
00018E9F
FFFFD069
00005328
00005C0B
FFFEA530
00007A6F
000238BC
000117C7
FFFE7D85
000197BA
000144C2
0002E5A9
000043C0
0004306D
FFFE3335
00010325
000202DE
0000C5B1
00006977
FFFEF6E6
FFFD2303
0000A429
000022EB
0000FED1
FFFE1642
0000B042
FFFF9068
FFFDFAC9
000003AB
00017AD7
FFFF371A
FFFDA722
FFFFE6CD
FFFE0949
FFFEF7FA
FFFE8530
00007129
00017935
00018F44
00029519
FFFFE988
00020846
00016CF5
FFFD345B
00015749
0001A8A9
FFFFC2CE
0001E98A
FFFEF082
FFFF3E04
00006967
FFFF0820
0000FD3B
0001D840
00021481
0002E475
0002AFBA
0000FEA6
000246B4
000203FD
0000F851
FFFEC26D
FFFED72F
FFFF920D
0000405E
FFFEDB7E
FFFEF5E6
FFFE7EA3
00025FDD
00000014
00014154
0000FA2D
0001940F
00025E5C
0002166B
00006E58
00026E4E
00012BA8
0000F355
FFFE7FB1
00016E60
000292CF
0003A246
0001A0BA
00010D12
0000DF22
000001F2
FFFCE39A
0000E92C
FFFFFAB0
0000CE93
00008E15
FFFF6265
FFFEE75B
FFFCE649
FFFFCBF0
00009603
FFFED3DF
FFFFB080
00009D07
00017A9C
FFFECAB6
0002A39A
0003699E
FFFFF5DE
00016F99
0002E3BB
00021A4E
FFFF41CB
0000D03F
0001B35E
00015813
00025F50
00034023
00011574
0000F3CD
FFFF95FD
0001715E
FFFFDDD5
FFFF9378
FFFEF4F8
FFFED49A
00011F76
00019A10
FFFF796D
FFFF115B
FFFF5B39
FFFE61E3
FFFF34A7
000027F2
FFFED02B
FFFEB8E6
FFFEDA09
FFFFF0B4
0000E4AF
00004C7A
000013FD
000277A1
0000F22A
0000D038
FFFFF2C8
000314D2
0000F9D7
0001E5C1
000189A2
0000E3B4
FFFFFC00
00006577
FFFF1D40
00005048
00002215
FFFF6E44
FFFD118E
00019027
0000522D
FFFE6F6C
0000FB0B
FFFF66E5
FFFF319F
FFFEF431
0001337E
FFFEF3A5
FFFEAAE7
000095B2
FFFD99E1
FFFC7AF2
FFFE775F
FFFFA0F8
0001851E
0000BF99
0003284B
0001AD9C
00011936
000108A1
FFFF1CE2
00018BD1
FFFD4FFF
FFFF03E4
FFFCF264
FFFEB11A
00015765
0000EDB2
0001AEE2
FFFE44DD
FFFDFB38
0000DB83
FFFF4160
FFFDE86A
000328E2
FFFFECD1
0001F0C1
0002299A
FFFE8C36
FFFE36CB
00022220
000028D1
0000C2DE
FFFF08B4
0000078B
0000FCF1
00011B08
FFFF41FF
FFFFC28D
00007EE8
000180B2
FFFFBC82
00023D11
FFFF0C6A
000078FE
0002F6D3
FFFFD854
0000D08B
FFFEE9E1
FFFE7AA3
000138D0
0001C103
00024064
00026437
0000F096
0000CDA0
00014D13
0003AB38
000058BB
FFFEF23A
FFFED73B
00000459
00006825
FFFE84EF
FFFDE9A8
FFFEF165
FFFFC93A
000055A9
FFFF7155
FFFF5694
00016B2D
FFFF72C0
FFFE5051
00025F62
FFFF47C9
FFFEC06B
0001EE6F
FFFE3BB4
0001DDF6
0001D1AE
00010B24
FFFF1C0C
FFFD3AAA
FFFDDAD9
FFFF999D
FFFC7C15
000162DF
0001FA14
0002C53B
FFFF4F4A
FFFE30E9
0000A9FD
0000D9A7
FFFEF3C0
000324C3
0000B0D0
00013301
00023C24
FFFF99C4
0001FEB1
00012FEA
0000CBBE
0001EBCF
0000C32D
0001C33E
00008F7F
FFFFB6F4
FFFFDEB1
0000FF57
00007EBB
FFFEDD8C
FFFE971D
FFFEDB6F
000228DD
0000BF78
0001B10C
00009A4B
FFFED118
FFFDF51B
FFFFBE84
000065F2
00013844
0001961B
FFFFCD14
000011B5
0000F082
00000ECF
00015700
00002048
0000C0F7
FFFE84D8
000045C4
0001210C
FFFD21B7
FFFFAE16
0000CDC1
FFFFC3E1
0001E530
FFFFECD6
000031D1
FFFFA0DD
00022EF6
00004AD0
FFFD939A
FFFE5CCA
FFFE973E
FFFF0C58
0001E97A
0002D4A4
FFFF9AF6
FFFFB083
000054E5
FFFEE5F0
0000328A
FFFF1297
00008D74
FFFF15DC
0001121C
0002701A
0001D6DD
000065BA
000098C4
0002352C
0002A137
FFFEA096
0000E7A8
FFFE7ABB
000062A0
FFFE69A7
FFFFF7F5
FFFD6D28
FFFE3DBC
FFFED0AA
FFFEE233
FFFEEC86
000023A7
FFFD0963
00034A32
FFFFA638
FFFEA0E1
00011A1B
FFFF4B43
0000DBDD
000278CB
000252AA
00004FED
0001B991
00016751
000154E8
00017E2F
000192FD
FFFE7AD3
000224C7
000144FA
000053ED
00013635
000044A4
0001AC8F
00029FCE
0000017B
FFFF7E95
FFFED25B
00021477
FFFF3F48
00001651
0000239D
00020EEC
00007FC7
FFFF5430
FFFF5B79
0002719F
000059A4
000268C8
FFFC560D
FFFD0613
FFFE385C
FFFFD5D0
FFFEC20A
FFFF2B48
FFFE3BEB
FFFC5786
FFFE8AF2
FFFFECAB
0000C8BE
FFFDD4CA
000169B6
FFFEF5D5
FFFDE824
000256D4
0001E2A5
00018677
00029710
0001F9E4
0000AA73
0003EB97
000001D1
000288D9
00010A39
00017695
00011AD0
FFFE2A4A
FFFE3C0F
FFFE8949
000187B8
FFFD04D5
00000EDB
00015F28
FFFF2DFD
00015F80
00000219
FFFDD9F6
00016737
0000B708
00020BF2
0002FB38
FFFF32D6
0000291E
00004B3D
FFFFC8A5
00017E49
FFFF8846
00007A2D
00015554
FFFF5A63
00013E60
00029327
0002079C
FFFE3DC2
FFFFC367
FFFE4F49
000005C4
FFFF5633
00004533
FFFE7489
FFFE727F
0000070C
FFFFC631
0001B234
0002E879
00024B4D
00011E9C
00033D6F
FFFF23B7
FFFF1883
00025753
FFFF8731
FFFFB0B7
FFFF98DA
FFFEC663
FFFFBAA0
FFFFEFF7
000131E4
0001A6CC
FFFEFD8B
00006B84
FFFE86A0
FFFF2D51
FFFEC8C7
FFFEB898
000027FF
FFFDE214
FFFD70E6
FFFE1E86
00012571
0001353D
00003926
0000AB52
00006080
0000673D
000101A8
FFFF4E46
000066C7
FFFD78BA
00009E5F
0001E8B7
FFFE257F
FFFEF248
000083CF
000145A9
FFFE9641
FFFEF07B
FFFFDE21
FFFD7495
FFFFBCD7
FFFFDADB
FFFFE15A
FFFD0185
FFFF9045
FFFE15EE
FFFBF5AB
FFFF3B1F
FFFE988D
000113FA
FFFEFA88
00006301
FFFFCAE0
FFFE42C6
00004618
FFFF2EB4
FFFF9BF6
FFFDD4DB
0000579F
00004FBE
00009B5E
FFFD36CD
00003078
FFFE6B4E
FFFF4BCA
00018FC1
FFFCA97F
FFFE70CD
FFFD873B
FFFE8E5C
FFFE3199
FFFE9DAD
FFFF2749
FFFFEBB1
FFFE1531
FFFCD68F
FFFDC881
0000D307
FFFEF35A
00009A35
FFFC4223
FFFF3341
FFFD7223
FFFEEBC5
00010D53
0001EEBF
0000183E
00011C12
FFFEB9C1
00002DE0
FFFF16A5
00014A82
000056ED
0000EB1E
00021A49
00011D49
FFFF91F9
00013F82
FFFC6790
FFFDE1DC
00009CE2
FFFE5D32
FFFB90C7
FFFD84BC
00015238
FFFBD7FE
FFFDDE97
00000206
0001F710
0000B64D
FFFE5A52
000130F5
000164F3
FFFEB71F
FFFFA948
FFFF4F7A
00011542
0000C9A2
00007373
00022035
FFFE5D3B
00027553
FFFF1490
FFFFF209
FFFF514E
000043F1
00010CC1
00015436
FFFE7655
FFFEFF4B
FFFD6BB7
FFFFA91E
0000D082
0000514A
FFFF3EC2
00009FC8
FFFFB75F
FFFFFC6F
FFFDB26A
FFFE58E8
0000F89D
FFFD8470
0000AA62
0000BAAC
FFFF2BCC
FFFD9CA2
00024D1F
00005730
00007A21
FFFCF784
00012140
FFFED7DC
0000C6F2
00024FF2
FFFF66A1
000143F3
0000FD4A
00015E0E
FFFFCA87
0000E304
00021ED9
0000AF74
FFFE6728
FFFF8E39
00035D7B
000246F8
0001700C
00023BEF
0002B4FE
00002C16
0001E481
000099C8
FFFEB3BD
FFFECD41
FFFF0810
000156B0
FFFEEB11
FFFF5238
FFFE6DB2
FFFF578F
FFFC0022
FFFDBC08
FFFF2769
00012B45
000168D3
000085FF
00009025
0000E213
00034DA3
FFFDDFC7
0000A58E
FFFDE219
FFFF4E58
FFFF9224
000005F6
FFFD2798
FFFDA23C
FFFDBDBA
FFFE5DD9
FFFF4A86
FFFF8767
00021E58
FFFE4118
00010365
FFFF0C58
00003004
0000F9A4
FFFE9414
0000F275
00004B60
0000C1D1
FFFE8990
FFFC2D42
FFFF7EB2
00018E55
FFFEEAC5
FFFE3A54
FFFEA0CF
FFFF9582
0001AB17
0001B37A
00035E3A
00006D8B
FFFF815E
0001F9EA
00009EE5
0002882C
FFFE53C1
FFFFA59F
00016FB7
FFFEA36D
000151B1
0000C344
00025DC4
00001105
FFFFF5D3
FFFF122C
FFFECFE1
FFFF3D40
FFFF3795
00015C09
FFFE5A7A
FFFEF01B
00018089
FFFF1CF1
00016D94
FFFFE317
00007B29
0001A5EE
FFFF521E
FFFE0A51
FFFFA095
00007EA2
FFFCFBF1
000044A8
FFFFB919
FFFF0748
00023694
0000A6C0
00003243
00004FB7
00030833
00005EC7
FFFE6D3C
000289AB
FFFE054F
FFFFBCAB
FFFFFC10
FFFFF8FE
FFFE249D
00019C2B
00015810
0000BCB7
00035FFE
00022900
00004AD8
000182B9
FFFF043F
FFFFC25B
FFFF7CDA
FFFF1DDE
0002208B
0001E5F5
000059F7
00010DFD
0000880E
00015C6B
000272F5
000035D1
0000EFB9
FFFD5277
0001D64B
0002406D
FFFCE3AB
FFFF9EC9
FFFFADF7
FFFFAF9C
FFFF20F3
000166F6
00000374
00033DF6
FFFF5E64
00027D67
00009770
FFFF0920
000222C2
FFFF9197
FFFE392F
FFFF8A52
00028AA4
00011F11
00003BC7
00021F80
FFFF363D
00029736
FFFF7BFB
00014CEB
00007C1E
00033B40
0000724B
0000AEA1
FFFF079B
FFFF7213
00019FBE
00005F37
0002A755
00036DCF
0001DCDA
000279F9
00004C8D
0001B422
00021FDA
0002E046
0000DDF7
0001BEE7
FFFE9005
FFFE7C7C
0001990F
00024349
0000B99D
FFFEB213
0000EE37
FFFF48D8
FFFE1033
FFFEF1F3
0001847C
0002CC90
0002C15F
0000D087
00000D2D
0002D366
000183FD
FFFEAA9D
FFFD8113
FFFEAC69
FFFEB32A
FFFC6FC9
FFFF608E
FFFD9602
FFFEF187
FFFC16E0
FFFF081B
00009D0E
000163E5
FFFF73D5
0002AEA8
FFFF41FA
0001EB20
00029475
00032971
00008A5D
0000C748
0000DD0A
FFFF2004
FFFE3C48
FFFEBB35
0001880C
FFFD2A02
FFFD83D2
000199C5
FFFE956D
00021412
00028430
FFFFA1A2
FFFFDAB7
FFFF7ED9
FFFE68A1
00023CD8
FFFE5B8C
0001BBAE
00000624
00000987
0000A6EE
00002DD0
FFFDD8DC
00012F31
FFFFD6B9
0001631C
FFFE377A
FFFEF54E
0000BDF7
FFFD51C8
FFFF2149
FFFF1179
FFFCDCBA
0000EA5E
FFFF1B44
FFFF0174
FFFF306B
FFFFC2B1
FFFF345F
FFFCE8A4
FFFE374C
FFFFB0E9
FFFF80F8
FFFE4AC9
000224B6
0002EA39
FFFFF4F1
FFFE6722
00019957
00010BF2
0000E637
0000571B
0001CC99
FFFFFB01
000086F9
FFFFC1EE
0000AB4B
000245AE
FFFF7768
00022E68
000150FB
0001F790
000012D5
00010C6E
FFFE311F
00012596
00027CA2
00001163
FFFE604E
000279CC
00012E92
0000EF8B
FFFD1F96
FFFEB7BF
FFFDA79D
FFFF8CC6
00011A95
FFFE6FFF
00013867
FFFE7BB2
00033316
0003945B
0001FAD1
0000E088
0000BB45
FFFEC284
00008CF5
0002C04D
FFFFEB0D
0000A452
FFFF625E
00007FBA
0001332A
FFFF5D3E
FFFE444A
00004BD6
FFFF8EDE
FFFDE344
FFFFD8F6
00001E75
FFFF6654
000112D8
FFFFA2B2
00026CDB
0002FBE2
0002211F
00020ED4
00002743
FFFF7244
0001AD3C
0000723A
00031A6B
00005193
0001FEC5
FFFE87B4
FFFFCF7B
FFFF3CAD
FFFF2025
00000D6B
FFFF42B4
00029FF6
FFFD1DB3
FFFF0C45
FFFE7AD2
0000670A
FFFEF1F6
FFFFCAA1
00013BEB
FFFEB6E0
0000046A
FFFF2F72
000315C1
00034543
0001E409
FFFEE131
FFFE5D6D
000117EB
FFFE391E
000065C3
0000B779
000161F5
00010D65
FFFE6777
FFFEB793
FFFF672E
FFFFA1DB
0000F53E
FFFFE40C
00019CBC
0000D4EF
000085EA
000035F4
FFFE6F42
FFFECDAE
00010CCB
FFFFD0B5
FFFE9FCF
FFFE7066
FFFFA24D
FFFFC0CA
FFFFA914
0000815F
0000E047
0002B85C
00007CBD
0001479C
FFFF7B8B
0000AA23
00007603
00023766
FFFF4AC2
FFFFD5B5
FFFEB492
FFFE1430
FFFE7776
FFFFE780
FFFCFF91
FFFF56B5
FFFDAD22
00010E75
FFFF90EE
FFFD00BC
FFFF2D35
00027D62
FFFE6F10
FFFFA9DC
00014D23
0000DDE6
00024A4F
00015B9C
0001608E
FFFED56B
0000DCA8
000210F8
FFFFCD3F
FFFE6D64
00005828
000130E3
0000794B
0001C6F2
0001917B
FFFF11E5
0000C095
000153E5
00032A27
FFFF5652
FFFFED82
0000B1AF
FFFF21C1
00004209
0000D154
FFFCFED0
FFFE8351
FFFF3A67
FFFF31B1
FFFE515C
FFFF9075
FFFC7F41
FFFF10DD
FFFCF99D
FFFD4032
0000061F
FFFE7D27
000075A5
FFFDBF04
FFFDB480
FFFF3ED7
FFFDA8D6
FFFEF1CF
FFFD7273
00002974
0000ECE5
FFFF11B6
00007B99
00010063
0001736F
FFFF5170
FFFFE656
0002BDC8
0002D521
0003CAA4
00002DF7
FFFE8A84
0000A65D
00019E4C
FFFE7C1C
0001462F
FFFE587D
00001747
0000423F
00000405
00015C36
FFFFF8D5
0001759F
0001CF18
FFFFDF75
FFFEF09B
00005E32
FFFE4DC5
0000D41D
FFFF1270
FFFEF904
FFFFE475
000049A6
0000EABC
FFFEDE15
0001498C
FFFF9710
0001F334
FFFFF3BD
FFFEE113
0001B070
00006B48
000101D8
FFFF438E
FFFF2C5F
00010912
00008B19
00007FF2
00016F05
FFFE8AD2
0000B8E9
FFFEBE8D
FFFF740B
FFFFD71D
FFFF67F2
0000CF48
FFFE7B9F
00009A3E
FFFF685B
00010640
FFFE811E
FFFE5B3E
FFFDEE60
FFFEB6E9
FFFE746C
0000DA7C
FFFFA05C
FFFFDDD1
0000EF0E
00015284
00012F7C
FFFF88FF
FFFF767B
FFFEDCA2
FFFFF04B
FFFFB45D
FFFE4AEE
0000B828
000104E5
00012003
FFFFEEFD
00007A7F
FFFF41D3
FFFF28E0
00004C74
000177CE
00004E10
FFFEDD14
FFFE98FC
FFFFEAC8
FFFEC365
00006058
FFFF6BB7
000070CC
00020CEF
FFFF45C0
000116DC
0000A6F0
FFFFE50E
FFFFBF32
FFFF9182
00002C15
0002384E
FFFF63E1
00010AA5
FFFFE6FC
00004886
00008D48
0000F4F0
FFFFDCD2
0000CC53
FFFD4839
FFFF88CC
FFFFAD68
00028CEA
0000BAD1
000078E3
FFFE8E8B
00007C16
00012779
FFFF4C6D
FFFFC12B
00000197
0000A053
FFFF64CC
00009821
FFFFD977
FFFE548A
0000233C
000030CA
00004551
00005B81
FFFFEFB8
FFFFAE0D
FFFF52B6
FFFEAD7C
00018B2F
00018B2C
FFFF9AA4
FFFFAEBF
FFFE2928
00016310
FFFF31B9
00011154
FFFEB4BF
FFFF3A1C
FFFFEE19
FFFE797F
FFFF56E3
FFFE0FB9
00008511
FFFE9655
FFFE1920
FFFFDDAE
FFFDD114
FFFDAB46
FFFF251A
00008698
000087E0
00004C2C
0001929C
FFFEAEDF
FFFE7CC3
FFFFA94C
0000346E
000107F3
FFFEADF5
FFFEE94C
0000F9D0
0000A4F6
FFFFD3F6
FFFE1DD4
00002D4A
000069C6
0001C163
0000057E
0000697D
00017862
FFFED5FE
00007FB6
FFFF59C9
0000426B
00013F49
FFFDE7ED
FFFE3AA3
FFFF08DC
0002F7F6
FFFEA241
00010F91
FFFE6FC7
FFFFF780
00026E43
00003430
0001622D
FFFED665
000326B1
00009363
0000767A
00006908
000150B2
00011594
0000F992
FFFFDF6E
FFFFE092
FFFEDC8B
0000A833
00006F02
FFFFB0EA
FFFF18E0
FFFFE84D
FFFF5FA1
FFFEF8F1
0000B5D5
FFFF82E5
FFFF5A02
FFFFD5B7
FFFE68A5
FFFEAC04
00009945
FFFF247C
FFFF97F0
00004DB0
FFFFF4B7
FFFF106F
FFFFF309
000037A8
0000DFB5
FFFF8B60
000017C5
FFFDCD4C
0000E0C2
FFFE1DCC
00001C46
00005132
FFFFE22E
FFFF31A2
FFFDA9C3
FFFF8965
FFFD3471
FFFFA1A0
FFFDE01C
000106EA
FFFF9AF1
0000FA18
FFFFAE8F
0000A486
FFFF698C
0000B7D1
0000174A
00017720
0000A2FB
00000E38
FFFDDF3F
0000AD48
0001EEBF
00020400
0000D8FA
00009D9D
000161D8
0000B88E
0000A55C
FFFFD147
000069AA
00003C02
000092C8
0000A6A1
FFFF744E
000120E7
FFFE48A6
00003840
FFFF1B73
FFFECE3D
FFFFE8AF
0000D82D
FFFFF747
00005E20
FFFFB78F
FFFFCE91
FFFFC0D4
00039B94
00004D6D
FFFFDA98
0000E4A5
FFFF5B81
FFFE86ED
FFFF72E3
FFFF9F36
00011FE5
0000385B
00003003
FFFFF278
00011C68
0001B7D7
000155C0
FFFF1CB8
FFFCFB42
FFFF6595
FFFFDFBB
0002269B
0001C7CF
FFFFF768
FFFF94E4
FFFEF237
0000280D
0000D6DB
00000038
FFFEC044
FFFF4232
FFFF3C06
00012A20
FFFFD722
00018B43
000043B9
00014703
FFFF6A1D
FFFFCF5A
FFFFD086
FFFF8DED
00000A07
00002E1B
000100BE
00003187
000115FE
FFFFF9A8
000191BB
000014EB
FFFFBE83
FFFFB840
0000831F
FFFE4903
FFFF1968
00002B9E
00003FAF
FFFF1027
FFFFE174
FFFFAD81
0000F1F7
FFFF3D87
FFFF2A88
FFFEED21
0000BB05
FFFF8CD5
FFFF43EF
00009C2D
FFFE50D3
FFFE3E82
FFFEC57C
FFFFFFFE
FFFE2715
FFFFAFD0
00006B67
FFFE7DD3
FFFE0A4D
000005F8
00015702
00019A87
FFFF9ACB
FFFFD3D1
00003983
0000D150
000012E8
0000296D
0000D650
000074B5
FFFFEFFC
00015B87
FFFF726A
FFFF08AB
FFFEA39F
FFFFF304
FFFF4749
00017F3F
FFFF6C58
00008D90
000068EB
FFFF5B7C
FFFFFFD6
00018EFE
FFFFF9D8
FFFED7C8
0000CA67
FFFF5549
0001A6F6
00021EE8
0001BCC1
0001A7A6
FFFF2BE4
FFFF2AF1
FFFF3C7B
FFFFE318
00003D2B
0000F6DF
FFFF99D3
FFFF6D02
00007A0E
FFFEBBDB
FFFE3569
0000E775
00002C8E
FFFFE9A9
FFFFB334
00003E38
0001E009
FFFF0B8D
00013F6D
FFFF37B0
FFFF9CD3
FFFF9913
000165F3
000020C4
0000E52A
FFFE629B
FFFFB8DF
FFFFD9AA
0001187B
FFFEE285
FFFFCF6F
FFFE65E6
0000F357
0001327C
00010545
0000593A
00007116
FFFFAFF3
0000B7E8
FFFFC03C
FFFEB875
0000A11F
FFFF34B0
0002D36B
00001059
0001F252
FFFF64EC
FFFFCEDF
00010241
0000926E
FFFFA2F8
0001BCBB
00005ED2
00001F30
FFFF4F7E
000187E8
FFFE5B10
FFFFE227
00023784
FFFF5242
0001BA21
FFFFBD30
00005F96
FFFEF928
0001FD8E
FFFF1581
00012C7E
FFFEF84E
FFFF326B
0000604D
0000F692
FFFE7A46
00009947
00009EB1
00001EB3
FFFF0993
FFFD8080
FFFFDDD3
FFFFAA90
00022217
00006BF5
00005E64
FFFF9662
000000C6
0000136F
0000ED0F
FFFF63BC
0000C92A
FFFFF6C3
FFFF6586
FFFF7123
FFFF12D2
FFFFF394
FFFF119E
FFFED104
00017596
FFFED938
000114C8
0001CDA5
0001C31D
FFFFA971
00007881
00006466
FFFEE8AD
0000CD13
FFFF85E6
FFFFC36B
0001BB9D
FFFEBFBA
FFFEAACC
00006D8B
FFFF7C73
000103A6
FFFE5479
FFFF73A8
FFFFBA3B
FFFF9B03
FFFE82A3
FFFFF15A
FFFFDFB9
000052AA
FFFFC805
00003045
FFFFA4BF
FFFE29E2
0000872B
FFFE3B5D
0001AB78
FFFF0E40
00008C56
FFFEC54E
FFFEB914
FFFEA992
FFFDF4B7
000033F5
FFFF898E
0001203E
FFFEE5A8
00008A98
00003975
FFFF3B15
FFFFF743
00021B18
0000B712
00027D98
00012AB7
FFFFDFD3
0000B784
00005ADE
FFFF1F59
FFFFA725
00015768
FFFEF2D7
00006572
FFFF01EA
FFFF2A58
FFFEFC22
00003E96
FFFEE9CA
FFFFEF19
FFFE9D09
00015116
FFFECB82
00015CDB
00005499
FFFF9243
FFFD85B5
FFFFE263
FFFF7259
0000A7ED
FFFE1ABB
00007485
FFFEAD66
000181CA
FFFFC9FA
FFFF6AF2
0000E92E
00023A81
00009C26
00010155
00025B5F
00004C9D
FFFF8F41
00014590
00021B5B
000102C6
FFFFC492
FFFF1F2F
FFFF9BF8
FFFFFC06
FFFFBD6F
0000C25E
FFFFD257
FFFED04C
00014E3B
0000B3DB
0001D813
FFFDE1F1
0000815E
FFFEF7B5
0001EE01
FFFF4AB3
FFFF6369
FFFE2CDC
00008B3D
FFFF8974
000076C2
000100D6
FFFEAAB2
FFFE2449
00011D61
FFFFA45A
000104E7
000155F0
FFFE4507
0000CFD1
FFFF69BC
FFFEECDD
0000E5DB
FFFF39C6
000168FF
FFFFBA8F
FFFE98A9
0000A811
0001A2C8
0001E154
FFFF2D50
FFFEA42B
FFFFAF20
FFFE91E7
FFFE7C76
00010F3A
FFFFCADC
00002013
FFFEDA19
FFFF616C
FFFE5965
FFFF972C
00006A25
FFFE7679
00017FBB
0000094F
FFFE749F
0002BEBF
FFFEB451
FFFFFC05
FFFDDB45
FFFFC950
FFFDF32A
FFFFF8E5
FFFFDB09
00021693
00001096
FFFF5914
00011ED1
FFFF8F97
FFFFD2E9
FFFE9722
FFFFCDBF
FFFEB545
FFFD9967
FFFDF08E
FFFE3FA8
FFFFB1FC
0001F4F4
0001F4B9
FFFD7E1E
00015D94
0001EE37
FFFF2B80
FFFEA061
00019FE3
FFFE4F8B
FFFDF8B9
FFFF5347
FFFE2761
00015AE4
FFFEA91A
FFFEEC32
FFFF97CE
FFFED4BB
0001716C
FFFFD06F
0000DF70
00000F86
0000F694
00028FCE
FFFF31BE
00006A21
00011E34
000164A9
0000802B
FFFD7D2A
FFFF4431
00016C14
FFFF76FD
FFFF0DE5
00009668
000119EE
FFFDEA58
FFFF739E
00011270
FFFE0C85
000154D3
FFFECF35
0000090F
FFFC9DEB
FFFE26AB
000094CC
FFFE255B
FFFF3EAB
FFFE4682
00009F0B
FFFED3E2
0000E08C
00004EB1
FFFFEEFA
00002A48
FFFED44C
FFFF7EC5
FFFEB1CC
00017618
0000A523
00004E0F
000165D4
000047CD
FFFEF957
FFFF26EB
0000AA70
FFFF8646
FFFFD0A0
0000FADC
FFFF648C
0000E1C5
FFFF9F72
FFFFCF77
FFFF7E2D
FFFE7F4A
000044A5
0001164E
FFFED0B2
0001074D
0000B676
0000A3C8
FFFEADFB
FFFEC106
00008F28
FFFEEABC
0000E1AE
0001757C
0000BCD2
0000631E
FFFFB374
FFFFAF8D
0002CDEA
00031586
00033FCF
00008EAA
000141FB
000148C0
00000EB0
0000079F
00007354
0000DCAE
FFFE3F68
000007D9
FFFFCF8B
00025EF5
0001006E
00007F43
000146D2
FFFF68C1
FFFFFD45
FFFDCA05
FFFE3F95
FFFEC158
00017C18
FFFE8700
00015897
FFFECE28
00018F0D
000255AB
FFFF5D82
0001D3F0
FFFF0CC7
0002F6E8
000014EC
0000DC74
0001A5CA
000017E6
FFFF3F1B
00016996
FFFEA030
000203EC
00009272
00025557
FFFE1A58
000132ED
FFFF95FE
000165AF
00029D85
000000E9
0000B84C
00027E7F
00025C92
00024C8F
FFFE4623
00008892
00017AC8
00019BF2
0001FBB5
FFFEFD90
FFFF8D1F
000029C5
0000727E
0000A00F
FFFFFC73
FFFEA5FC
FFFF58B8
FFFFAAD4
00002DD7
FFFED6E3
000004A6
FFFEA08B
FFFD7DE9
FFFE2E0D
0001AF6B
FFFFB970
0000D2DF
00030BBA
0001E2EA
00005C0C
FFFF8A52
00027E65
0000A7F1
FFFD4D9F
0000CE64
000232EA
00002D42
000011A2
FFFFF761
00002284
FFFF6C47
FFFEFE17
0000286C
00013497
00000293
0001E962
FFFF9F34
FFFEA34B
00007321
FFFFB147
000156E3
0000F8FD
000074EB
0001B6CB
FFFE2346
FFFF3F9E
FFFE4892
00020347
FFFF9158
FFFF4072
000094E9
00030008
0002676B
00019EA2
00016AD1
000076BC
FFFF2B58
000108D7
FFFE3AF3
FFFE536C
FFFFD17E
FFFE1857
FFFFD0F4
FFFFF1C5
FFFFF93B
0000E246
FFFFFDDF
FFFDFCDD
FFFF479F
000067EA
FFFF24A9
FFFE116E
FFFFA8A5
0001CB82
FFFEA6AB
00022852
00025EE0
00026C10
FFFE6C78
0001F937
FFFED859
00018863
FFFF01E3
FFFFCD7E
000236AD
FFFEB179
FFFF3195
000093C0
0001D493
FFFFE945
FFFFA771
0000589B
FFFEF331
000048D8
0000DEF9
0000A7CF
000050A4
0000BA6D
FFFF15D4
00008D46
0002A5BF
00021C48
00026670
000112B6
00009657
00001AF9
FFFD5CC0
FFFD5AE4
FFFDFB16
FFFEA75B
FFFF22CF
FFFEAF1F
00003FA4
00023B3B
FFFF25BA
0000F8CF
0000ABB6
FFFEA802
00023C02
FFFD95FB
0000C4DD
FFFE4272
FFFE3A66
FFFEE521
FFFDCD91
FFFED032
FFFE7C4E
FFFDBB6C
0000F505
FFFEB081
FFFFF04C
000382F8
FFFF92D3
00012806
0000285F
00013958
0001F05E
00010931
0000870D
FFFFCB7F
0001D849
00007BF0
FFFFF9D3
00030482
0000DE9E
FFFF935A
00002DCB
FFFFFCD3
FFFED84C
FFFEDEB6
00001233
00000A03
FFFF3F39
FFFE443D
00007B6C
000087DF
FFFFE5D1
FFFF09AA
00012F7C
FFFF8E87
00024B97
FFFF31CF
00007D31
0000AB77
00001EFF
00000677
00005A8F
0000CE82
0000C1B5
00006713
00017AA7
000339BA
FFFDF35E
000242E6
00023C7A
FFFF6423
000352A8
00002BBF
00016E74
00027CED
0002917E
FFFF1A03
00007309
FFFFF0CC
0003D351
00027B81
00024AE7
00001AE7
0000B606
FFFFF95B
FFFDACC5
FFFDA24E
00000944
FFFE76DC
FFFDAF98
FFFD27B1
000065AA
FFFF5A71
000148E2
FFFE3CCA
FFFDDF20
FFFF3CC0
0000BBD8
FFFFB8C4
FFFEEE64
000251C7
00000D2B
0001EB54
0000E03F
0001D7E7
00003C0B
00021A35
FFFF08F6
00001BFC
FFFEE5C1
FFFFF028
FFFEE0DF
0000DA04
FFFE7E0E
FFFE06DF
FFFDA13F
FFFFB38B
00004499
0002D353
FFFEB5A9
000031D2
0001181D
0000228B
0001C03E
0000AE0A
FFFF7B5A
FFFF5B49
FFFDABED
FFFDBBDD
0000570A
FFFDB03F
FFFFD6B0
00003046
FFFDD95C
FFFFAB9F
FFFD79EE
0001AA9A
0000CA96
FFFFAD59
FFFF5A96
FFFF16CE
FFFEFE0F
0000ECAB
00020948
FFFFC1FB
00009ECF
00017A51
FFFE36F9
000248DD
00005A15
00012972
00013DB4
FFFF450E
FFFFE3E7
FFFE87BB
00011169
FFFFD486
0000DD09
FFFFDC4F
FFFF12C3
0000829E
FFFF7C84
FFFF361E
00018B9E
0001F370
0001ED22
000210A3
FFFF14BF
0002AF63
000026A1
FFFFC352
FFFFAE9E
FFFEBF38
FFFFC8BA
0000503A
000073AF
FFFFF6E4
FFFF2062
0001A325
00007406
FFFF8B75
FFFFEBDA
000153B6
0000886B
FFFF33CE
FFFF6FB8
0000F5AD
0000AB47
FFFE04FF
FFFE2133
FFFF4EFC
0000426B
FFFE9786
00011624
FFFDCE54
FFFDC9A1
FFFEDD6B
FFFFFA94
FFFEF1B4
FFFF4059
FFFDC646
00019614
00000548
00027533
FFFF6206
FFFFCE0F
0001A22E
FFFF1425
0000C9D3
FFFFB38D
00027E86
000286E0
0000422D
FFFF4207
FFFF1D70
FFFF8E84
0001CC5D
0001F197
0000E2F9
FFFF993F
FFFFC609
0000C83D
0001681E
FFFD80CA
FFFE013C
FFFFD6CD
00006463
00009A14
FFFE9FC1
FFFF14E3
FFFF929E
FFFE574C
0000D52C
00003563
FFFFDAE0
FFFF81FB
FFFFDBED
FFFF23FD
FFFF2414
FFFFCEF5
FFFF0109
FFFF8D19
00025594
0001707C
FFFEEEFE
0001A811
FFFFA1A2
0001478C
FFFF5BDF
0000B842
00014250
FFFCDB6D
FFFE934E
FFFE9081
00007033
0000C469
FFFDEAC1
0000982D
FFFF9F5D
FFFEFB48
FFFF49D5
FFFF3C39
00009C3C
FFFDC549
0000BB1C
FFFE1310
00012FDD
FFFE4BE2
FFFFD2BD
000118B0
00012C4C
FFFE2490
FFFED580
00005C35
0000A5FA
000040E7
00009345
FFFE0108
0000E812
FFFF1FC0
FFFEC68B
0000CFA5
FFFF0E37
FFFF51F6
FFFDC21B
FFFEAD33
00016065
FFFE2C62
FFFDD6CF
FFFED8B3
FFFD1B66
FFFD9259
FFFD1D09
FFFFF02C
FFFED9B8
FFFED78F
00010D98
00017017
00025125
FFFF3B7A
FFFE449E
FFFF3103
FFFFD3F5
0001142C
FFFE8EC0
FFFC7F96
FFFDE04F
FFFC2015
FFFEE63C
FFFD19A0
FFFDBC62
FFFDC793
FFFDBA2B
FFFC2C54
000129A2
FFFF42F3
FFFFBE65
0000C838
FFFF1959
FFFEFBB1
0001AEC9
FFFE6A28
FFFEB434
000155FD
000058EF
FFFF5D97
FFFEC151
0002E0C1
0000E27C
FFFE95EA
000185B5
FFFE2941
000020CC
FFFDDF96
0001B784
000182D1
FFFF864A
00011B79
00000DBD
FFFEFAF2
FFFF5DC5
0000E445
FFFFD260
FFFDEEC4
FFFE4C31
000043A1
FFFF1065
0000B791
FFFE3C10
FFFF4680
00006B3B
FFFFDF44
FFFEDB90
0000FBB7
FFFFF378
0002530F
0001DAFF
FFFFB514
00006F34
FFFF3644
0000941A
FFFE88EC
FFFF9A4E
FFFEF302
FFFE25A2
00002813
0001D2EB
000091C9
00025320
000158DA
00013FDC
0001679D
00027846
FFFF682D
FFFF01D7
0002021E
00012AC6
FFFEEB69
FFFF5E6A
FFFF59AB
FFFE50CF
FFFE3527
FFFD894A
FFFE0987
FFFF6131
0000C416
000213C3
FFFF087C
FFFF6B56
0000274B
0001DEC5
0000F078
FFFFFB16
00028944
FFFF6F52
FFFF55D8
FFFE8A58
00028405
FFFE6ED3
00007D81
00006236
FFFFAC9E
FFFEB7C9
0000EDC0
00005325
00026223
00024164
0000DD98
000051A8
00022975
0000BFF6
FFFF75CE
FFFE6894
FFFEC27F
0000D5AB
FFFEEDC8
FFFE6DD9
00018044
FFFF6BA8
FFFCF87C
FFFF2019
FFFCA524
FFFE527B
000031CC
00017108
0001FDBF
0001AE85
00027D90
00005B96
FFFE9F85
000129F9
FFFD603A
FFFD4AA4
FFFD20CC
FFFD90DA
000048F4
FFFFA6DD
FFFE3800
FFFE1600
FFFE86D1
0002960A
FFFF76CD
FFFEC932
0001BC38
000153D0
FFFFF294
FFFF7728
00004894
FFFDB945
FFFFD637
00007F9B
FFFE90EA
00026437
0001D8E7
0000B130
FFFFD20F
000152AC
FFFEE969
FFFDFD8E
FFFF9FEB
FFFDF662
00012192
0001C477
FFFE446F
FFFE63DD
FFFEBA56
000070D1
0000BD8B
000092F9
00009B41
000148A6
FFFF40B5
00012287
FFFF684B
000217F8
00014EE1
000251BB
00015770
0001B8FA
FFFFA53A
FFFEC052
0000DC55
0001C425
0001A8A0
FFFEFE95
00023C90
0001F03F
00029078
0003AC61
FFFF369A
0002DFCE
0000CF0A
0001146D
FFFFAF91
0001AE95
0001E764
FFFE6C68
0001DFD6
0000C106
0001B3EE
00019CA5
FFFEE4AF
0000C325
FFFFE652
FFFF3FC0
0001278A
0000A7A7
FFFEE16C
00013C41
FFFFD022
FFFF63DB
0000AC0C
FFFD9F29
000124FB
FFFED70D
FFFD7958
FFFE46C2
00007649
000019A0
FFFF4838
FFFDAE11
FFFEBEF3
0001995C
FFFF8238
00017CAE
0002A338
0000D25A
0001D54B
FFFEE182
00009DF0
FFFFEF50
FFFF970E
00007548
FFFFFBB0
FFFE4F68
000168BD
FFFE4F66
FFFFB9BF
FFFE5DC8
0000FE7E
0000AEB6
FFFFFC7F
FFFF4968
00026B87
0002116F
FFFEB866
0000A50E
00004D7F
FFFF7539
0001A31B
00009126
0001EE5D
00002F9C
0001A74E
FFFED7E7
000173E9
FFFF7933
FFFF0E83
FFFE18C1
FFFE7712
FFFE822B
FFFEB6E2
0000606A
FFFE71B3
00010506
00009859
00009943
0002563D
FFFEEE18
000035BE
0001D74D
00014B60
00005D9C
0001C622
FFFEC0B7
FFFE7400
FFFBB55B
FFFC1AE0
FFFE79A7
FFFE254D
FFFBF33F
FFFB9AAC
FFFEA370
FFFF1896
00014763
FFFD6603
000114D6
0000BE5B
FFFD215C
FFFF067D
0000A037
FFFF084E
FFFE2111
FFFF9D2B
FFFE5C48
FFFF2814
0001A319
00013CD9
FFFFEB52
FFFFF5CD
FFFFD482
FFFE3DBC
00005B56
0000FB2A
FFFDBE85
FFFF2646
FFFF8EFC
FFFF3F54
FFFFF252
FFFECBC9
FFFDAC63
FFFF672B
FFFFE0AB
000086AE
000146BA
00017DB2
FFFE8440
000097FF
FFFED4F1
FFFEBCA5
00002BD4
FFFE72E2
FFFEB513
FFFD2767
00017B80
00005D92
FFFE6A62
FFFF1071
FFFE943D
FFFE3DE7
000057B7
FFFEFCF7
FFFCEC77
FFFFD9CC
FFFCBBA2
000068C6
0000102D
FFFDB5F0
00011661
FFFEB6CA
0000A960
FFFF4F2E
0002FFA0
00003713
0001FE15
00011358
FFFE597C
00023F2C
FFFFCC0B
00027301
00023E9D
00004D4F
0000C3BC
0000A410
00005D96
0000E5D1
00003FF5
0002D805
00016331
FFFF76ED
FFFF5ACB
FFFE501D
000018B5
0001A3C6
00006BF7
0000F089
FFFE3B9C
FFFD9FC6
FFFF8FFA
FFFFEB02
FFFF292A
000013F2
00000062
0000AB19
FFFF783C
000119C9
000189F3
FFFE8FA2
0000BCB9
FFFEE4E5
FFFE8F0A
FFFEE099
FFFFC583
0000B9B3
00008883
FFFFD8C5
FFFEA799
FFFCDA7B
FFFCF205
0000673D
000067A5
0000D586
0001102F
000108F1
0001D9C8
0001EB91
0002B660
0001DE9D
0001D534
0001FC93
0000F450
000012AE
FFFFA7B0
FFFFDEC3
0000906F
0001D079
FFFE5C83
00011241
000028AB
0000328F
0001DCEA
0002CC21
0002524F
0001BB8D
00009C3A
00022E1B
FFFF991A
00012C29
FFFFCAF1
FFFECA58
0001469B
FFFF2142
0002A7D8
000160B4
00023309
000226A4
FFFF9442
00014716
0000280B
0001C7AF
FFFDF177
FFFDCA6D
0000912A
00008A31
00019137
00008F3A
FFFD9860
FFFF7517
00004295
FFFE65B6
FFFE2966
000134D1
00003924
FFFFA713
FFFEF00B
0001289C
FFFFDFA9
000247AF
FFFFE2E8
FFFF7047
00019FB6
00013044
FFFF182C
0000341E
00023E75
FFFE2ECE
0001C95C
FFFEE1DB
000204FD
0000507F
0000504F
FFFF7C64
0002A606
FFFF4C99
00015E98
FFFDCA7D
FFFDBEC7
FFFF50DF
FFFDCF39
FFFDCA81
FFFF597E
FFFD53CD
FFFEE0B6
0000A127
00023B41
00009028
00026FFE
00037CEB
0003659E
FFFF8325
0000D975
0000D406
FFFEECFF
FFFDEDA4
FFFF051F
FFFE8118
000184D8
0001B648
FFFFB4CE
00007BB9
0000DB99
FFFED016
FFFE5691
FFFF17B4
FFFE5BAA
FFFF0C88
FFFE559F
00004A88
00002B07
FFFE13CF
FFFF50D3
FFFF8192
FFFEB66A
FFFDD0F8
FFFEA563
000191F9
FFFEF7BE
FFFEC7CE
FFFFD2C6
FFFF36E7
FFFDAE9F
00011C97
FFFEA0C1
00008CEC
0000A010
000111E8
FFFD9798
FFFF49B2
00017776
FFFE986E
FFFE81F6
00012581
00018319
0000E55A
0002546F
0000D0ED
00019C4E
00002994
FFFFA831
000136F6
00020C7E
000079D8
00011440
00001EFB
FFFD79F6
FFFFE431
FFFD41B7
FFFEA500
FFFC27EB
FFFDAB75
FFFD3208
FFFE6F16
FFFE79CD
FFFC8617
FFFC870C
0001B205
FFFE72C2
00004A11
0001F7F4
FFFF0C87
0000A8DC
0001D4D3
FFFFFB9C
FFFD7BC1
FFFFB2D2
FFFD658D
000062FB
000072EA
FFFC239B
000169D7
FFFFE55E
FFFCDE77
FFFF9DEB
FFFDD149
0000621D
FFFFCB56
00000FB6
FFFEEC49
FFFFEFB0
FFFE1C58
FFFF05F5
FFFF39A3
FFFF0065
000135F0
00003150
FFFE19AB
00009ED5
FFFE7820
00025AE6
00001386
FFFF6F5C
FFFE532A
FFFE65EB
FFFDF2DE
0000F367
FFFE5198
000037B1
FFFF11B1
0001726B
00013C72
FFFE9E27
FFFDBE52
FFFECA06
FFFF6E8A
00003F37
FFFDEA41
FFFE870E
FFFE945F
FFFFB1A9
FFFDF4D4
0000F6B2
0000560D
0000B614
FFFEB796
FFFF2BAC
FFFE874A
FFFDD6A7
FFFF34D0
0001FFFE
FFFC7E5C
FFFF7847
00013E93
FFFD14F9
FFFD5AAB
0001E3AB
FFFF0AD3
0002EFE2
FFFE2B6F
FFFF7383
00020CDC
FFFD7402
FFFCD99E
FFFE8F61
00005454
FFFEA3B1
0000CAD9
0001BBC4
000122D4
0001374C
00014110
FFFF8138
0000B3EC
0000A186
FFFF8979
FFFF9215
FFFE3A8A
FFFFDD0B
FFFFE861
0000BE45
0000FFF3
0000580A
00001476
FFFF1098
FFFDCB2A
FFFEB081
FFFF6BA0
FFFF70B9
FFFF0EC5
FFFC6A01
FFFDB04E
FFFE60BF
FFFE7273
FFFE2174
00000355
0000C1FA
FFFE6469
0000B9E9
FFFE5DA9
00015CF7
00025690
FFFE958A
FFFFE3D5
00000395
FFFEA900
FFFFF34F
0000FD18
FFFF746F
0001407E
FFFF9406
00016923
FFFF2154
FFFCE9AA
FFFDC983
FFFD454A
00016188
FFFDDCD2
FFFF794F
FFFF860E
0000F551
00016838
FFFE5E8E
00021954
00033845
FFFF3074
FFFF1C82
0001152E
0001482F
FFFCE977
FFFE2C78
FFFDBCA7
FFFDD71C
000238AC
00010E2A
00008499
00012444
0000E146
FFFEADA6
0000F4D5
0000ACB8
0000397E
FFFDFCA9
FFFDA671
0001B71F
FFFE0ACE
FFFD5CF4
FFFF0771
FFFF7747
0000C149
FFFE1856
0001F9DF
FFFE7D11
00012E6F
FFFF5486
FFFDC210
FFFD1E48
0001334E
FFFF8141
0001D296
00014470
0000004C
0000001C
00013395
0001E8CE
00021B88
0002EB21
FFFE0A3F
00009621
0000DA1F
FFFF5AFD
FFFED54C
FFFD62A0
00005A4B
FFFF9462
FFFF614F
FFFFA053
FFFFE704
FFFDD05B
0001768F
FFFF6667
0001DB08
FFFE2652
00019116
000154FC
000035C1
FFFFF6E1
FFFDFB15
FFFF7226
FFFE552E
FFFDD8B7
00005422
000147E7
000114D4
0001421B
FFFECAB1
FFFD88B3
0002444A
00037D71
0001FC44
00002BE9
0000C842
FFFC97A0
FFFFE30E
FFFE4FD6
FFFED50B
0001AA2E
FFFFBD48
FFFEC775
FFFFA6E3
FFFFD338
FFFF8204
00016B8A
00032AC6
00027886
FFFD6E45
000204AD
FFFE7162
FFFE66E2
00006F28
0001CD69
FFFFF1BA
FFFF3260
000014EC
FFFF7555
FFFFC5A2
FFFFB5BF
FFFEF335
00012924
0000AED8
0000F5B7
00011D5B
000193FA
0000DC51
000121EE
0001A861
0000613B
FFFFBBCD
FFFFC3B4
00013255
FFFE6E28
FFFD58F1
FFFEB860
FFFF5AA4
0000A895
FFFD895F
FFFF8A3C
000011FB
FFFE1045
0000100F
0000C557
0000A0FB
FFFF9A8C
FFFFE400
00006D8B
00010503
00001ED6
000052D9
00026E90
0001FF0B
FFFCC124
0000746D
FFFE0E1A
00013B7B
FFFFE274
000059B4
0003025E
FFFF8054
FFFF393C
FFFF7CCF
FFFE8836
FFFF1A38
FFFFC455
00003E66
00016507
00001FB0
FFFD91D9
0000F556
000071BC
00023520
000028A1
0000AF6C
FFFE6C97
000169BC
FFFFE505
00026897
00003D2B
0000FAD4
FFFF82BF
FFFEC36F
00012FB9
000102A0
FFFFD146
0001BD53
00013312
FFFF02E0
00011787
FFFE6F6F
FFFFC6E2
000216B5
FFFFFAED
FFFE7BED
0003A295
00014B28
0001D9F2
0000FAD2
00040451
FFFF26AA
0000AE8B
FFFF85A9
FFFE57E2
FFFE2742
FFFF297B
FFFF3C2F
FFFF7385
FFFF7124
FFFF5FC3
FFFF27FA
FFFE3291
00016BBE
00003C98
FFFE7C24
0001EA38
0002D612
0002D736
00021195
0001D63F
FFFF309D
0000F82B
0000D13F
FFFF24AA
0000812C
FFFF778F
0001238C
00006D30
000187BD
00005E9A
FFFE7359
FFFEF36B
00014481
FFFF6424
00003F75
FFFFD137
FFFF9D70
00022924
FFFE24A2
0001CD22
000179EB
FFFF000C
FFFC51D2
00008043
00010F7B
000138F1
00001616
0000A3E1
FFFD861B
FFFF53DF
0000E97A
FFFEB8C1
FFFF7D39
FFFED8E5
FFFD6EF5
FFFEDD55
0000BA90
FFFEFDE9
FFFDB1CA
FFFDA87C
0001AA2E
FFFFF04C
FFFD01FA
FFFF94A2
FFFDDF4D
FFFFC778
00001DEC
000075FC
0000B82F
FFFCCDE6
000060C0
000252B2
0000BA81
00002140
FFFDCFD2
FFFF47B1
FFFFBA5F
FFFF5BD5
FFFF587E
0000315D
FFFCDD35
FFFEC26E
FFFF1AE3
FFFDF50B
00016DE6
FFFF6781
0001BEA2
0000F550
00022524
00001355
0001CE97
FFFF3D72
000085F8
000016D7
0001AD79
0000431D
FFFDA33B
00025082
00003008
0002258E
FFFDBFFF
FFFE327B
FFFEA3C7
00004C6B
00016997
FFFDC96B
FFFE4542
00035B91
FFFF50C9
00001DB7
00018ABF
00006D73
FFFE6374
0001C0A7
00017967
0000D505
FFFEDBB8
FFFEDFF6
FFFE6731
00020F4D
FFFF206D
FFFF100B
FFFE5A9B
FFFFFBD9
FFFE06CA
FFFFCB8B
FFFF5635
0000F138
FFFF66FC
0001D949
0000F9B3
FFFEEFF1
FFFDDA54
000013AB
000221A5
FFFF41A8
FFFF249A
00001463
FFFFA618
00001EB3
0001C6CF
0000F2E3
00004920
00005B24
FFFE15EA
00001676
FFFE55EA
0001602D
000113F4
FFFFC209
FFFD3F3C
00008F68
000293D7
0000CC78
FFFEC76A
FFFF4FD4
00012A07
FFFD958E
FFFDC04D
00001B46
FFFFDE36
FFFF61C5
FFFFEA6A
00010057
FFFFEB35
FFFD65DB
0002AF5C
0001A4D5
FFFCF0CC
FFFFFC07
00025FA0
00015C1B
000154FE
FFFF420B
0000F0DF
00004F8B
FFFD983C
00002956
00022694
FFFEAE80
0000FB2D
FFFE1FB5
FFFEDD35
FFFE6C98
0001BEFD
00008C41
0000FE49
FFFDFF0C
FFFD1565
0001051C
0001EE62
FFFFD15D
00007DC9
00005500
FFFF7D7A
FFFEB0B9
FFFF3B62
00025621
0001A10B
FFFEB36F
FFFDD7C7
00016FE4
00019C19
000317D5
FFFFD140
00002930
000228E2
000165E3
FFFF3628
00018BEB
FFFF3CB7
FFFD134B
FFFDE941
00018789
000070B7
FFFCDDB8
FFFF8189
000041B7
FFFD681B
000130EF
FFFEFBE0
FFFDD6D5
FFFDB60F
0001888F
0000BB93
00019BF1
0000FDC1
FFFCB39F
0000B43D
FFFFEB72
FFFE8BD1
FFFE234F
00019936
FFFF526F
FFFF7C4E
0001431B
00015332
FFFE4DF4
0000ADE1
000378F7
0001AD67
FFFF0E77
FFFE37BE
FFFEC5DD
0002C83E
0000D523
00020A11
FFFE07F7
FFFD4421
FFFFB1D2
00022396
FFFE554D
0000769A
0000D4B9
FFFF9E88
FFFD0ED0
00006EEE
000086EE
FFFE829C
0001B63A
00017F1F
FFFE315C
FFFF7E83
FFFFF0EC
00007A53
0000D896
0000AD96
0000B4C1
0003066C
FFFF7639
0002661F
0002A0EC
FFFEC4A8
000073BA
FFFD47EA
FFFD8C3C
FFFFF2CB
00001B80
FFFDDD18
FFFE98C4
FFFF65A5
0000292D
FFFDECBA
0000F273
FFFF895E
000222BE
FFFEBFFB
FFFD65C0
FFFF704F
0001B5D1
00039364
00029752
0000049D
FFFF469A
000123F4
FFFFF31E
FFFE3543
FFFF1957
FFFF88B3
00017BE6
0000C18F
FFFC6DCE
FFFEA368
FFFDA0FC
FFFF542E
000069A9
FFFD9719
FFFF04B0
FFFF7E43
FFFF6D9F
FFFF615B
00029FC4
000283EF
00026154
000059E9
00009423
FFFF4D1A
FFFEB896
0002CBAF
FFFF7693
000188FE
FFFDDF68
00029C65
FFFF6D9F
FFFE8BC9
0002D35B
00009164
0001AD1D
000372B8
0000A642
FFFF6423
FFFF61CF
00011C36
00018F15
00006ABE
FFFF2144
FFFE7D65
FFFE40AA
0000B68B
FFFDB0F9
000147B1
0000100C
00014DC8
FFFDE9D0
0000E9D7
FFFE9D11
FFFFD5F6
FFFF00B8
FFFE5ECE
0001A6B2
00035892
FFFF792E
0000ED4B
0001CB9A
000265AB
0001DBDD
00011D68
FFFF84F4
00006EC1
FFFCAB8C
0001C1FD
0000EA80
FFFCD03F
FFFCFD22
FFFEAE3E
FFFE23E8
FFFDB45A
FFFD4EC3
FFFD2397
FFFFB1BE
FFFEA964
FFFE6692
FFFE71EF
0001B158
FFFF51A6
FFFD9A64
FFFD5CD1
FFFF4400
000155BB
FFFE3B71
FFFEEAB0
FFFE7678
FFFE758A
FFFBDB92
FFFD4E96
00014A75
FFFDEC59
FFFFB8E2
FFFE02D6
FFFD1D2A
FFFFCEC6
000027F2
0000B156
000263F5
0000FD40
FFFE5D5F
FFFFB765
0001AF3A
FFFFD64A
FFFDB091
00006D4F
00025EED
FFFFFDC2
FFFF44F6
0001111C
0001C506
00011147
0002A0F3
00017221
FFFF8416
FFFF2B2E
FFFF5A89
FFFEFCB0
0001357B
FFFE8B12
FFFFE5C3
000165A1
FFFFEE90
FFFD3C41
FFFE21F6
000190C1
FFFCEAB3
00012ECD
FFFF4A4A
00016CA7
FFFDD04B
FFFE0031
FFFFF2F1
000034CE
000050D5
FFFE193E
FFFF5FB8
FFFE4115
FFFED910
FFFFFE5D
0001CE8A
0000F9A5
00030978
00001E99
0000EF61
00031092
00014955
00017618
FFFE9F4B
FFFEFBFB
00022A30
0002175A
0001A048
0000B23C
0003CF0E
0000A993
FFFDCF76
FFFDD7F3
FFFFE277
00018177
FFFECFB6
00004D9E
FFFF75C8
FFFD3D26
00005C3D
00004C5C
FFFBEFCC
FFFD422D
FFFD6341
FFFD5AA5
FFFD7F8F
0001D618
0001B961
FFFEFE79
FFFE44B2
FFFFB6CC
FFFE72B0
0000B195
000106AE
FFFEFA2D
000023A1
0000CACC
FFFF4F74
00014B3A
0000AFAA
FFFE96FB
00002DC0
0001CD0C
000048A4
FFFE38AA
FFFE5D8F
FFFF02F0
FFFDD958
00014D35
000226DF
00003A87
0001F387
FFFF1AD3
FFFDCC56
0000A29E
0001E58D
FFFDCCAB
FFFF035A
FFFFF297
0000AE7A
FFFEB83C
FFFDD67F
FFFFE462
FFFF0E51
0001C66F
00023291
FFFFD5BA
FFFEC6C7
0000B5FC
00000E9A
FFFFECD8
FFFDF887
FFFDE0D4
FFFF90D7
0000511D
FFFEC5AC
00000925
FFFF41D6
0000A668
000251B4
FFFFD3B8
FFFF54B8
0000E79F
0001CA59
FFFEDC4F
FFFE32E2
FFFF074E
FFFD9FEF
FFFBFA81
FFFFA8DA
FFFE0A53
FFFED8D8
00000206
FFFB4E25
FFFF4A64
0000EDEF
000003BB
FFFF440C
00016C3A
00000348
FFFEE844
00008E7D
00008A7B
00029184
0000AB5C
FFFE9DBF
000333F2
00010035
FFFCAAE8
00017CD9
00017A13
00010ED4
FFFF78C2
00000735
0001B9B9
FFFF38C6
0001E96C
FFFF6C41
00003ED9
FFFE1A7A
FFFF66E7
FFFED505
FFFF0E04
FFFE98A1
000015EB
00018068
0000BB62
FFFE29DE
00023A95
FFFEC737
FFFF7E3E
FFFE852F
0000D057
00002899
000015E8
00014361
0000E281
FFFFAC91
00015140
00000E6D
FFFD3275
FFFD8DA8
FFFE6BB9
FFFDCB0A
00005B69
FFFDDB07
FFFE0AAC
FFFD48A0
FFFFB2D5
FFFF2EEF
00020B1E
00002A3D
FFFF98DF
FFFF0D16
FFFE5C9B
FFFE11FF
000119AA
FFFE121C
000004A7
FFFF16DE
FFFF0B27
0000D6CA
FFFF060B
00005C93
FFFCEB07
FFFF5C15
FFFE8178
00005755
00003A49
00014070
00027282
FFFEBC97
0000C5D2
000052F8
FFFEE326
000299D4
000168E1
000017D2
00029861
0000EB90
0000761E
000269B4
00034860
00028836
FFFFDF29
FFFF49E4
0000EA29
000187ED
FFFF69CB
FFFDD9E7
FFFFE589
FFFFED45
FFFED92D
FFFE9311
FFFED4C9
FFFE6AB0
FFFF8520
0000CF3D
0000279F
FFFFDDB7
00009EAD
000018E2
FFFEBDFC
FFFF00CE
FFFEE572
0000E4D4
00003094
00015CE2
FFFEA507
0000E51D
000016F5
00002B49
FFFDB332
0001785F
FFFF2645
FFFD9B9E
00009A65
000076FA
0000A5B6
FFFEB96C
FFFF9923
FFFFB793
FFFEB3C5
00024462
0000737D
FFFE94DB
FFFEDC79
FFFE139B
FFFF8AC8
0000D0B4
FFFFAA99
FFFEFC12
0000C100
00001285
00024B45
00016101
FFFE1019
00007263
000041B9
0000326C
000217FF
00025B69
0000B166
00016BC4
000128DB
000155E7
FFFF481B
000297D6
000050A5
FFFBA2A7
FFFC895D
FFFE731B
FFFCE2DD
FFFE0EED
FFFF7DD0
FFFC329D
FFFE7A37
0000748F
FFFFE301
FFFF265F
FFFFEE2D
0001617D
00029C00
0001045C
000241D7
0000FBDA
00018E97
0000A635
FFFE6D1E
FFFF7701
FFFF4382
FFFEC9FD
FFFFF5AF
FFFCD6BF
FFFC5411
0003D45C
00027DFC
00020615
0002DD2F
0001242D
000088CC
000040A6
0000DBE4
00032759
FFFECA16
FFFCBB18
FFFBDCF2
FFFDD06A
FFFFF310
FFFD60A3
FFFE81E0
00001DFE
FFFCBFFA
FFFDE3A0
FFFFF595
FFFE42E4
FFFD8B30
FFFF5318
0001B097
FFFF0C9C
0001D1C9
FFFFF7D0
FFFF6617
FFFF6EDF
FFFD5281
0002C171
000000BA
FFFECC1F
FFFE1ECB
FFFFA945
0000B4E3
FFFF9FB3
0001BCFD
FFFFC2DA
0001A6B9
0000B078
FFFF987E
00016D79
0002A553
00021F56
00028824
FFFE39D1
FFFE8E38
FFFE4258
FFFCF972
FFFEDA82
FFFCCA59
FFFD3C2C
FFFE4FFF
0000A460
0000A3B4
FFFFB414
0001555C
0001B22D
0000497F
FFFF68E6
0000364D
00000905
FFFFF29A
0000E541
00022BB2
FFFE8312
00000226
0001D446
FFFF319F
00012738
00007A03
FFFD3888
0001680C
FFFEED5B
FFFF4C38
FFFF87AF
FFFE9FC1
FFFE455A
FFFEF323
FFFF20FD
0001B391
FFFF61BC
0000525D
00025D6D
FFFE27C9
0000D0B7
FFFF982F
0001BD50
FFFF588F
0000A482
FFFE9B84
FFFF9561
FFFDE317
0002B674
00021C6B
FFFE7857
FFFD4C1C
FFFF6EDC
0001D6E3
0001DF46
0002106A
00025BB1
0000EAC9
000064DD
00036C2B
FFFF997B
00021CC8
000022C4
FFFFF3FC
FFFDE15A
00005521
0000E77B
00008744
FFFDAE55
FFFE5093
FFFF9EE9
FFFFB7EB
FFFD4D3E
FFFFD277
0001269B
FFFEC50D
000099D2
FFFFF3FF
FFFEFAFD
FFFEBD4A
0000AE79
00027241
00018DC9
FFFE6182
FFFF751D
FFFF5A03
FFFFA752
FFFE95A1
00018979
FFFE1BDC
0001A12F
000271AA
FFFD31EE
00005632
FFFE23CA
FFFF93C0
00005EEF
FFFE837D
000280DD
00032522
000152F8
FFFE91EF
0000D7B4
0000681B
000075BF
FFFFEB21
FFFF0AF7
FFFF8E24
00010825
0001595A
0000583E
FFFF8340
0000FA80
FFFEC069
FFFE3A13
FFFE6D8C
0000905F
0000B72E
00004C40
FFFEC586
0001493E
00021228
FFFE1678
FFFD7B1F
0000E4CE
0001E3C3
FFFF7956
00011003
00021D90
0002BA49
FFFEE308
FFFFF0A3
FFFF0404
000049DE
0001026E
FFFEE715
00009420
FFFF14AE
0000C988
FFFFB948
00010148
00004F32
FFFF142F
FFFF812C
000046AB
FFFFBEAD
00018752
FFFF5828
0000D8DE
000332C4
0000886A
00029685
00013C72
FFFE1C80
0000B45B
0000480B
000200A6
000044BA
FFFE2228
00020440
FFFFAF24
FFFD2B17
00010258
FFFFBDA5
FFFF36C9
FFFDDF45
FFFE8F19
FFFF7019
FFFECD1C
0000D9FA
00029E03
00013A8F
FFFF5AB0
00021D7C
FFFEA043
FFFD840E
FFFEA50F
0000F59F
00026DF3
FFFCC2F3
FFFE8D11
FFFFCF0C
FFFDA8BD
FFFD623C
FFFF620A
000080D1
0000D850
FFFEA49F
0001F5AF
FFFE392D
FFFF0438
0000535C
FFFFAA2D
0001D0C0
FFFF539C
000149C0
0000E231
00014604
FFFF9285
000052E2
FFFE37D0
FFFD7C1E
FFFDC2DD
0000A506
000165DD
000127B3
FFFFD2D5
00002B4E
0001A497
FFFF7A18
0000CEAA
FFFFD50B
000070EC
FFFFB81B
0002F82D
FFFE597F
0000CB4A
0000DC19
00007D9C
FFFEF667
00018DEC
00015E01
FFFF363D
FFFF1718
0000E84D
FFFE33F7
FFFFDDD3
00009C8B
00003E82
FFFECB94
000056D3
FFFF882C
00019C75
00007350
00010055
FFFDEBB0
FFFE1D2D
0000E22A
0001AA30
00007BE3
00004CDF
00015C91
000149CD
0000104A
FFFF0FFE
0000BA37
00019B26
FFFFA6F7
0001ABED
FFFE667E
00002071
0002BB37
FFFF946C
000164AA
000200D5
FFFEB44C
00006E48
0001B81E
0000C592
FFFF5D28
FFFE87CC
FFFEF31C
FFFBFCFE
FFFD9F3C
FFFCF2DF
FFFD910C
FFFF68B9
00011AA1
FFFEB0CC
00012FE0
FFFFCDCD
00012025
00022ED7
FFFFFF09
0001BF2D
00016A72
00009E6E
0000CFC1
0001C164
0000ED6F
FFFE3A05
FFFDDBF2
FFFD7C81
FFFFA20F
00008C79
FFFE8F95
FFFD2EA3
0002B303
00005E4A
0001F84D
00001856
000234AB
00007855
00006C2C
FFFFF8F5
00011641
0003676D
00021F0D
0001FB2F
00034602
0002055F
0002FEF7
00013826
0002A5F3
0003B186
0002779B
0001E2EC
00016918
FFFE8E5C
0002AB9B
00011F38
00028680
FFFFA7E1
000027DF
0001C696
00002259
FFFE39AD
FFFE7944
0000F88A
0002F73E
FFFD5EB7
FFFFE7B1
FFFF221A
00006C33
FFFE06C8
0001A649
0002CB9B
FFFF3BE6
0000B32F
FFFE95A2
FFFFA36E
00007878
00003C1D
000098AE
0001968E
FFFFCEE8
0002C4C8
000018D2
00012E43
0000475F
FFFE8C30
0000173E
000048D5
FFFE19B4
0000E1BE
0001C037
0000E13D
FFFFF744
FFFF090A
FFFEEF2D
FFFF1A3C
FFFFB1BD
0001C3D0
FFFEFDDF
FFFE7ACD
000144CF
FFFE2703
FFFD8154
00010772
0000C6CD
FFFFF86F
00025831
FFFFB1F6
00014709
00022320
00006AB1
000010A0
000184A4
00001D94
00017595
00020B93
0001152D
000157DD
000097F9
00007C0A
000107F6
000066CE
FFFEC111
FFFDC39F
0001C151
FFFF0034
FFFF099C
FFFE1263
FFFF3C9E
FFFE27B3
FFFCF165
00007108
0001C223
0000140D
FFFFC681
FFFFEF75
000075A3
FFFF6676
FFFEF591
00013B0A
000067A3
00004E4E
FFFD5907
FFFDFBCF
0001C6AA
0000D61F
FFFD9097
FFFF0740
00009685
00010A48
FFFEDB64
FFFFCF97
00025353
FFFE2133
FFFEE36B
00014649
FFFE51B9
000017D0
0002724F
0000D36C
00020B8F
00000F0E
000044BD
00025150
000204D9
FFFFB3E8
FFFFFBC5
FFFF1F71
0001EBC0
0000A0C5
0000F9B5
FFFCCDE3
FFFE1A6A
FFFE64E5
00001BE6
FFFF49DB
FFFEA2FE
FFFF54CA
FFFF1CF0
FFFCC5D2
FFFF4B1F
FFFE3037
FFFF0E91
FFFCDB40
FFFED412
FFFEBC46
FFFF4901
000232D3
000038A9
00016324
00018012
FFFE6EEE
0000F2DD
0000D948
00018E15
00012D91
FFFEF3F1
0000F6A7
FFFF4E16
000103B3
0002AECE
00031452
00027A88
FFFD3930
FFFEDB50
0000B069
FFFFEAE7
FFFFD965
FFFF28EC
FFFE5604
FFFEDE7F
FFFCC44F
00006E01
00014295
000000AB
FFFD0321
FFFDF320
FFFE5A1D
FFFE9225
0000CC92
000102F9
0000A5EB
00027F9F
00002571
FFFFE1F4
00015CC4
FFFEB49F
FFFF4AA2
00016BE1
00000B73
FFFF4A12
00007D23
0002D656
FFFFA6F4
FFFF7ACB
00020716
FFFEE266
FFFFEDAA
FFFF89DB
0001AB81
0002160C
000009EC
000509F2
0002072B
0001D782
0003CE22
00035CD4
000274A8
FFFE6207
FFFD3994
00008A60
0000678F
FFFDF433
FFFDA121
FFFFEA9D
00008E68
FFFDB32A
000161FE
0000D888
0001505C
FFFE3340
FFFE0A75
00014E85
0000374D
00004959
FFFEBA42
FFFD0F5C
FFFEEE42
FFFD6A0F
00014EC9
0001A034
FFFFBA6C
00010CD7
FFFEA784
FFFFE259
FFFE5BCD
0001E255
0001B96E
0000954C
FFFDEC9C
000040EF
FFFD4E96
000116E6
0001833E
FFFD7223
00016E1F
FFFEB723
FFFE0B1D
FFFE3C55
FFFD3840
FFFEF006
00004547
FFFD192F
00029D69
00015687
FFFFCA61
00011C20
0003CCD9
00009572
00000553
FFFF790B
0002609F
FFFD85DB
FFFF9547
FFFF5E4F
00002C04
FFFDEF8C
FFFFB855
0000FC95
FFFE0AAB
FFFD05A5
FFFEF654
0000BD40
FFFF6B31
FFFE308D
FFFFE2C2
FFFE856D
000026BE
FFFFCDB2
FFFE94F2
FFFF5D45
FFFE80B9
FFFFD509
00015F26
00012043
FFFE208A
FFFE21F9
FFFFD139
00001F9D
FFFD9579
FFFDFC08
FFFF7552
FFFF0D28
00000893
FFFF1F4C
FFFDE2B3
FFFFC5E0
00014B2D
FFFEEC3F
0000ECBB
0001F5BA
000156FC
FFFFB375
FFFF6CDA
0001278F
0003ED72
00009B3D
00027244
0000D200
00027C1E
FFFF9E7E
00027FFA
00026C61
FFFE2656
FFFF8156
000132DD
FFFDCFC0
FFFE579C
FFFE746A
FFFF7213
FFFFA032
FFFE98E1
FFFF985B
FFFE6972
FFFEA0C7
00035623
FFFF6495
0000A4DF
FFFFD280
0002A0B5
000085B4
00025150
0001361E
FFFFA6B5
FFFF3B99
0000D994
000117A5
FFFCFECD
0000876C
FFFD89BC
FFFEB6CE
0001BD04
FFFFE440
0000F4BB
0000B912
FFFD6AC2
FFFE4978
FFFF277B
0000613F
0000439C
FFFE9681
FFFEAD45
FFFEFA34
0000950B
000039C4
FFFDDD5D
0000AE71
FFFF99FC
00019D66
FFFEF950
FFFE4CBD
0001E6D5
FFFFF46F
00000A87
0001F092
FFFF60F6
FFFF8E6D
FFFF9D32
FFFFA878
00027CCB
00014620
FFFF4552
FFFE1C89
FFFE654E
00017AB6
000001E1
000179C1
FFFD74E6
00009F2C
FFFFFEB8
00024CBC
FFFFC9F7
FFFE04C4
FFFFAD34
000186F3
FFFF23AE
FFFEBFC2
0000E6DE
FFFFBC6C
0000B09D
FFFDA445
FFFF740E
00006159
FFFF2DBF
FFFE4FBC
FFFD8696
0000FD57
000185E3
0000B3F1
00001F8D
000081B6
FFFFCC34
FFFF34EC
0000C449
0001A6AA
FFFFF70C
00006C44
0000B44E
FFFE85FF
00016E02
00015026
0002BE29
0002A36E
FFFF37C1
FFFF91B7
FFFDF20B
FFFF4A1D
FFFD26B4
FFFFB54C
FFFFCE09
FFFFA842
FFFDC95E
FFFEA1EE
FFFF02BB
0000227B
00002090
FFFF32A0
FFFF01D6
00022993
00019FED
FFFFED4D
FFFE699E
00005DA2
FFFE234A
FFFFF4F8
000122C3
0002FB88
FFFEDAD3
0000A1A5
FFFFA9DB
0001C575
00002142
000080FC
FFFF56B9
FFFDFDA2
FFFED17C
FFFE55A6
000018F6
0000CD45
FFFD33AF
FFFEB6D4
FFFED5B3
0001BF41
FFFF1B4E
FFFFF283
FFFFC115
FFFEF992
000039E8
000002CA
FFFE8C51
FFFFCFD5
FFFEBD41
00007CBD
00010474
FFFE8CF3
FFFE7EAF
000003CC
FFFF2233
FFFCCEFC
FFFFC201
FFFEFE8D
FFFDB7CA
FFFE03D9
FFFF67D0
FFFFC8EC
00010429
FFFEEAEF
FFFE511F
0000099C
FFFDF05B
FFFCECE9
FFFE2631
00004B5A
FFFDF398
FFFFDEB8
FFFD49EB
FFFF2FA4
0000AE52
00000C17
FFFF176B
FFFDD3D2
FFFF4514
FFFEC5CB
FFFE0EF6
FFFEB4BE
0000C5BE
00010FE6
00018D2F
FFFDB075
0000E962
0001C17D
00009338
0000414D
FFFE855B
00009650
00007C09
FFFDA6C3
FFFDCEA7
FFFFBBE8
FFFF162F
FFFFEDB1
FFFF214C
FFFE8202
00009671
00007BC9
FFFF09F9
FFFF167D
FFFD8CE7
FFFF2958
FFFF2F07
0000CA38
FFFF4415
FFFF7CE0
000234E7
FFFFD4F0
0000C4CC
00004FE8
FFFFEFC2
0001F653
000212E5
0000F593
0000169D
FFFF2A93
FFFF3A5C
FFFEEE59
FFFF75F1
FFFF2229
FFFFFF7D
FFFED1A2
0000CCCF
FFFE6D3C
FFFFB902
FFFD954E
FFFE2DDC
00000A48
FFFF272A
0000C6E5
FFFE5D18
FFFD5ED7
FFFF5586
000142A4
00016E76
FFFFAA85
FFFFADD0
FFFF3B36
00007DDD
FFFD9276
FFFED8DD
0000FBED
FFFF9F06
FFFD17EE
FFFF2D10
FFFF9591
FFFD8D8E
FFFD1564
FFFFA2B4
FFFEA467
FFFE9006
000218B6
00013D7D
00012340
00016F76
0001A829
00004473
0001E798
0001A851
000211CF
0001146C
FFFFC0A0
00006777
FFFEC281
000164DA
FFFF8097
FFFE79E9
FFFE8A16
00000DD1
00025C7F
0001A600
FFFFD559
0001AEC8
FFFFAF26
0000CE72
00010385
0000E95F
0000E52F
FFFF10D7
0000E1B9
00018669
FFFCD5C8
FFFF94AA
FFFFEA1F
FFFF8C2F
FFFF5AD2
0000B598
FFFF721F
00035240
0001FEAF
00020534
00000E11
FFFF6E06
00016648
00036066
00006076
00018EE4
FFFFC3A8
00015B9D
0000060E
FFFF742A
FFFF87C2
00014A70
0000088D
FFFE846E
00003A45
FFFEC9FA
00019DAD
FFFEC1E5
000034F1
FFFF30F8
000000D3
FFFE6C3F
00024B7A
FFFE8845
00017C8F
0000A81D
FFFECDF4
FFFD4534
FFFFDFB0
000046BD
FFFEC36C
0000467F
0001041C
0000BC7B
00005A69
FFFF5446
FFFDB027
FFFFAFF0
0000229F
000020C0
000128A7
0000E566
FFFF780F
0000971B
FFFEBA24
00000E56
FFFEA265
FFFF5D4D
00012550
00017252
FFFF36BF
0001A26F
FFFFE71D
00008AEB
FFFF7C4C
FFFE5016
FFFE2E98
00005B67
FFFE7361
FFFEBF35
FFFEE6E4
FFFEF535
FFFE8478
FFFFF704
0001CF32
FFFDD4B0
00010978
000053D7
FFFE7EEF
FFFD6EF5
000082BC
FFFFF4F1
00013219
0000913A
000183BF
FFFEE5AA
FFFE861E
FFFE6E4C
FFFFC0DE
FFFCFEFB
0000A76A
FFFEAAC3
00001C0E
FFFFC178
FFFFABCF
FFFE7393
0000A93E
00008375
000064D8
0000FF89
FFFFDAB6
00006DB3
00003BBE
0001F9A8
FFFFC49B
0001247F
00003859
FFFF1909
000078E1
FFFFB9CB
00003047
00005C66
00017A02
FFFECBA4
FFFF3556
FFFE1457
FFFF7E1D
00003913
00015655
FFFE7F52
FFFEE22A
FFFE8946
FFFFA6D8
00016759
FFFF8EE7
FFFDB9D3
FFFE75CD
00003CC9
00019B00
00005FF0
FFFE9834
FFFEAB87
00020F67
0001334A
000148C0
FFFDC7C6
0000F757
0000A9DE
FFFF57A2
FFFF4B75
00005EC6
FFFE8AAD
000245C8
00019CC3
0000ACF6
FFFE9A8B
FFFD2BE2
FFFCCA9D
00000E1C
FFFFDB58
00000777
FFFF936C
00006574
00014C3A
0003539D
FFFFCE80
00022562
000026E5
0000966F
0002B55B
0000C09E
FFFF04C0
0001B437
000010AF
000231DD
0002E29D
0001BE31
00005296
FFFEC59D
000111D4
FFFF413C
00005482
0001018A
FFFEE15B
00021E26
FFFEE1D4
0000A517
0001F3F6
FFFF989A
FFFFF3A0
0000B4DE
0000A06B
000018F6
FFFFC91D
00003E01
00012311
00007F5E
FFFF4835
FFFE3EE3
FFFD1627
FFFE3E18
FFFD6DCE
FFFF2817
FFFEBED3
FFFD631A
00027E30
00010192
FFFE0CCF
FFFE2801
0000B508
FFFFF2C1
00010ED7
FFFE726C
00000D8D
FFFFF807
FFFED3B7
0001348C
00005E80
FFFE7E7D
FFFFBDEB
FFFD7CFD
FFFD1D69
FFFE5015
00018C65
FFFF22D4
FFFFA80B
FFFF7D0E
0000F6E3
00004B11
00021B2D
0000A219
FFFF0A03
0001D8B8
0001B43E
0001E974
FFFF98A9
00015ADE
0001FA8C
00020B58
0000FD6B
00010076
FFFF722C
FFFDE1FB
00004553
00017CDB
FFFEFDE2
FFFEFE83
FFFEFD41
0000E8B7
00005F1E
FFFFEF27
00005AD2
FFFFC2C0
00001C11
FFFDD98E
FFFFA9CA
FFFE83F3
00003203
00015F14
FFFE1675
FFFFA7C2
FFFF9BDB
0000A52E
FFFF42A3
00007C14
0000D965
FFFFCC3A
FFFEA454
00016CEA
FFFE546B
FFFF1B9E
FFFD9CA2
FFFEA544
0002AEEA
FFFFEE42
00001A2A
FFFEBEAA
FFFFE575
0000B158
FFFE9119
00007E16
00013B98
0000D5AA
0000A600
FFFF1C2B
0000DEDC
FFFFD227
FFFF5561
FFFEE017
00022253
00022307
000168F2
FFFFC453
0001BDF7
FFFFEAED
FFFE4DBB
FFFEDAAC
FFFE668C
FFFE066F
FFFE263D
000049E6
FFFF4C16
FFFD469D
FFFE6C73
00011DC8
000168AC
000149FA
0001CC9A
000057AD
0001278C
0000EA6B
FFFF1C72
FFFD5FAA
FFFE72EF
0000BD86
000186FF
000329D0
0001A80E
FFFECD3B
0001028E
FFFFD98E
FFFF19AD
000212AA
FFFEDB69
FFFF16A4
FFFF5F37
000395DF
0000ED2B
0000CF4F
FFFD8D54
0001C4F8
FFFFAF3A
00007CF2
000021AD
FFFE638D
0001BDE3
00013A57
00006558
0000509A
00005BFC
FFFC2029
00011E8A
FFFD2249
FFFB5474
00019680
FFFDA259
FFFE7514
FFFD0D4D
0001A077
FFFF9DEE
FFFFD467
000245D1
00010196
0002FB88
0000CEEC
FFFF3E35
0002FA3E
FFFFC601
FFFDB59C
FFFB845E
0001094C
FFFE86E3
FFFC4F8A
FFFC3D01
FFFCFA3A
FFFE7DAF
FFFDE015
0001CC33
0001B34F
FFFF3543
0000D69A
FFFEBD40
00009C36
FFFC06B9
FFFEAF9A
FFFED032
00014BB5
0001B787
FFFF13DC
000230B0
00015FC7
0001AF4E
00000464
0002F975
FFFFC188
FFFC5083
FFFDC142
0002900E
FFFEC7F8
FFFF4E57
FFFF8F98
000002D8
FFFFBCC7
FFFF253D
0000FB72
00021D42
FFFE049E
0002BFFE
0004BE6D
000214C7
000110B2
FFFF84C7
0001B400
FFFBE920
FFFE276E
FFFFBC58
FFFDEA7E
FFFF8AE2
FFFDD7AF
0003857D
00006428
0001310E
00017FD9
FFFCC79F
FFFE79D9
FFFFD895
0002D3A6
FFFEB127
000410EA
FFFF5D87
00030AB1
00001552
0000BF99
000005EE
000233A5
0000DEA1
00012B90
FFFF610C
FFFCE898
00018D41
00005750
FFFFACC7
FFFC6013
00015D30
FFFFB9C5
000164C0
000053DF
0000BF17
FFFEDBC8
0002A80E
00041645
00005CCB
0002C2D3
FFFDC8F3
0000F0F4
000131D5
00018323
FFFC7EC8
000234C3
000025F3
FFFED3D7
0001CCC8
FFFDCE82
000035A3
0001100C
FFFF6C97
0000A5C3
FFFC1277
FFFCCABB
0000888D
FFFF79FF
FFFCF45F
FFFF9053
00001F4E
FFFE49EE
FFFD595C
FFFF99D0
000041FD
FFFDA8CD
0003A993
00030314
FFFFB5B3
FFFFEC54
000195D4
FFFE92F0
00014EBD
00017188
FFFF147B
FFFF5CD5
FFFF8B70
FFFEF1DA
FFFF8F66
00010C7B
0000A45D
000416A1
FFFDCA23
FFFEEBB1
0005CA37
00011F15
FFFF9FB2
00057DA8
0000D576
0002B574
FFFD24D4
FFFFC90A
000167DE
FFFBDBCB
FFFBD6CF
00021B2D
00018636
FFFE6D89
FFFFB9BE
FFFE27B6
FFFDBFDE
FFFF9751
0000A098
00014CCB
00001C57
0000356F
FFFDD899
00009896
0000B86F
00010D0F
FFFE1C5F
FFFF0419
FFFD3DF8
FFFEB276
0000E7BB
FFFF2A6D
FFFFBDFC
000470C8
0001CECE
FFFE760D
FFFFE133
FFFF82A8
0000F899
0003D3AC
FFFF37AA
0001DD76
00002742
FFFB6204
FFFCD01A
0002ABFA
00023381
FFFCCB8B
FFFE234E
0001284A
000113E9
000290D0
FFFD9047
FFFE56F9
FFFFBED3
00011CDB
FFFF5B73
FFFE3B15
FFFD589C
FFFB74BB
FFFFECAF
FFFFE078
FFFC8372
00025371
FFFD5994
FFFCAD9F
FFFE0F71
FFFF4A82
FFFF1C0B
00021ED9
0003FC49
000430C2
FFFFF58B
000455A7
000601E9
FFFF8DE8
00009190
0001DF8E
FFFDABE8
00012F25
0001FDF8
FFFD5B13
000085DE
FFFFE61F
000337FF
0003E355
00028A59
FFFCABFC
FFFD4852
FFFE2F05
FFFE9ACE
0002D79A
00031FFD
FFFCA830
00032A30
00034442
FFFE45A1
000191D7
FFFE4A12
FFFE94D4
0001ED33
FFFF66E7
FFFFAFAB
00020CA7
FFFF2227
0001839E
0001069D
0001527E
00004C71
FFFDC0E7
0002811E
0003176B
FFFD0791
FFFFF515
0001626D
000145D7
0001B258
FFFE4D08
FFFD75AD
0000686B
0001CC97
FFFFD189
FFFDAA44
0002BA92
FFFE70C3
00009470
00017A0B
FFFDEFDD
FFFF4EEB
0006B8F8
FFFF9847
00002864
FFFBA8CC
FFFDE464
0000EDA5
0001A42D
FFFCCB69
FFFE43D1
00014F9E
FFFE64C3
0000612B
FFFFAEB2
00004E07
FFFEED6A
FFFE58B5
FFFF8A76
FFFF3053
0000C9FC
FFFF5D1F
FFFE21A2
FFFFDE2B
00033636
0002738B
FFFF69D7
000317F5
0001D41A
0003C6D5
0001C372
FFFF6AF1
0002019D
00018EBD
FFFFC276
00025E4F
0002C8E9
FFFFC01A
FFFF5E64
FFFF6FC6
00001312
FFFD7238
00007BE6
FFFF88F1
FFFF08F4
0002A9E9
FFFFCF16
FFFBAB50
0000620D
00003564
000077A1
00021BB9
FFFC2183
0000CBE9
00036A64
0000C78C
0002F871
000386BE
FFFF2EE5
FFFD393A
00014579
000105D8
FFFF87B1
FFFED5EA
FFFFA662
FFFE3F4A
FFFEB0B8
00015200
FFFF7C5B
000129E7
FFFF688B
0003708D
00042A4C
0002698E
0001B5EB
FFFFE0FA
0002BAE2
FFFD41E5
0000D2FC
FFFFC1F0
0000B854
FFFFC5C3
FFFF7D19
00008CD8
FFFFE1F0
FFFECD6B
0001B77F
FFFD5AAB
FFFDFE51
0002F819
0002EC7D
0002AA1F
FFFF4D4D
FFFF225E
00032941
FFFECD1F
FFFCD51F
FFFFBA9F
FFFE4A96
0001455D
00001AEF
000370A5
00022A6C
0001A758
000268A5
FFFF7400
000045B3
00018964
FFFF4BEE
FFFF3DC2
0000B6A0
00021024
0002734B
FFFE1FE7
000084E3
00022445
FFFD4747
0000693E
FFFB050B
FFFD0720
FFFD0FF0
0000D631
FFFDEF59
0002BC29
00013622
0002928A
00004ECD
00006919
FFFF12AF
0002D22F
000278FF
00004C1A
FFFF6716
0002F268
0000BEEF
FFFD019A
00019CAD
00024809
0002B744
0001BBCD
000057B3
000171F7
00015B11
00032B27
0002003B
00021ABC
FFFECCD4
FFFFC54A
000318BE
00012577
00008B2D
0000808B
FFFBBD1B
00037C6E
FFFE85FD
FFFC4B28
0000BC39
0001FD88
FFFEED01
FFFF8D95
FFFFE206
FFFFC410
FFFF2F27
FFFD5BB0
FFFE9687
FFFC3326
FFFD3592
FFFEA746
000206B9
FFFE9943
00003866
FFFF0285
000089C6
0004065B
FFFDA65C
0001E735
FFFF163C
0000DFB2
FFFC1546
FFFBCA7B
FFFF90BA
00006236
00019601
0000977C
0001894B
FFFF47F4
0001872E
FFFFCD36
FFFE2F57
0000A77E
FFFE0811
00010576
0000D8CE
0000B686
00035904
FFFE8805
FFFEA935
0001B968
00004DF3
00046A96
FFFEE0B8
0003AB3A
FFFFB93D
00005ADD
FFFFDA89
FFFF5D4C
FFFDE05C
00004D0C
00033FEE
FFFD74D7
FFFEE865
FFFD715B
FFFC4D5F
FFFF754A
FFFC8FCC
00016677
FFFE4DD6
FFFD57BB
FFFFE3D5
FFFFBCF9
FFFD2417
FFFAF78F
FFFDBA3C
00013E60
FFFFD2C2
000230E6
00018490
FFFB0A86
FFFD695F
FFFD70B9
FFFEE988
FFFF4F11
000072FD
FFFF04AB
0002D547
FFFE86F8
00018D46
00038BA1
0003E2AA
00023EDB
FFFC724E
FFFFC860
0002F31E
FFFF18DD
00009EAF
00011E77
0002697D
FFFDD988
00017969
00038229
00029ACB
0002EF7A
00035207
00003B22
0001A742
FFFEC218
FFFE3B04
FFFEF858
0002252E
0000C105
FFFE58D8
0000B6AE
FFFE65E2
0001BFE5
00024CD9
FFFEAB3F
00028786
00050E75
FFFDE5BB
0003BD23
000178E5
00017B53
FFFF3DE7
0001A2F6
000207FE
FFFFCCAF
FFFD329F
0001AF02
00020BAB
FFFE75F1
FFFFC339
FFFFA103
FFFF579D
FFFE7027
0001B766
FFFF01D5
0002DF28
FFFDFD97
FFFD273C
FFFF8405
00023159
00034F0A
0001AFDA
00013066
FFFFE8ED
FFFD854A
0002EC76
FFFD9D2B
FFFFFED7
0001F5D0
FFFE94CF
00012E4D
FFFF3AF2
FFFF9569
0000C7FF
FFFCBE28
0000C1EB
FFFE12E1
FFFEF270
FFFF8D1C
FFFEEE60
FFFEF02C
0002C18A
FFFFA2CC
FFFE8136
0000F6F9
0001EEB2
FFFF9EF5
000186C4
FFFFFDD7
0000B98E
0000BAD0
FFFDF565
FFFCC83A
000137F0
FFFE9265
FFFE7FB5
000084ED
FFFE2F73
00002EC8
FFFF7D1F
FFFD79F7
00004094
00029756
000164CF
0001FD67
00023FCA
FFFECB38
000024E1
FFFEC83C
FFFECBC8
FFFEB1F2
00000E11
0001E336
0000CA4F
0000DCA1
0001A78B
FFFEF0A8
FFFF8A65
FFFDBC45
FFFD8037
FFFD8D46
FFFE8587
FFFD8A07
FFFC35E0
FFFD0194
00006354
FFFFF552
00010472
FFFDECC0
FFFFD599
000014C9
FFFE9AA4
00016701
0000CF63
FFFEE127
00009E34
000199BA
FFFFECCA
FFFEB090
00022827
FFFFAC41
0001B169
00018DF6
000166B1
00001CBE
FFFFA886
FFFE1040
FFFFED3F
00018883
00026397
0001AD53
FFFF3DA7
FFFD4ECD
FFFF7024
FFFF0CA6
FFFF19FF
00000C1B
FFFF411D
000059EC
00009C34
FFFDBB5E
0001AB31
0001EB30
00021D25
FFFEB39E
FFFF7370
00002527
FFFF0B30
FFFD5D47
FFFD0502
FFFECBF2
FFFFE4E0
FFFFA59C
0000D253
FFFDE015
FFFF4EBF
FFFF74FC
FFFE2057
0001B811
FFFEFE1E
FFFF6926
FFFE534E
FFFCE6F7
FFFDDE0D
0000A91F
FFFF0755
FFFE110E
0000C1E9
FFFF646F
FFFE8DA1
FFFEC01A
FFFDA13E
0000616E
FFFE40EC
FFFEB2B4
0001D539
00014373
00020FE4
FFFF356F
00014151
FFFFA177
FFFED9CD
0000F880
0000C0E7
00018CD8
0002033D
00013E2D
0000CA18
FFFEFD29
FFFF2BE0
0000F458
FFFF22EE
FFFDC7BD
0000ADA2
00021D84
000293FD
00017A69
FFFDFBCF
FFFFF8B4
FFFFA4A4
FFFD3EF9
00023A90
FFFFDE29
FFFEBAC5
FFFFFF29
FFFF870D
0000CEB5
FFFEF155
00000955
FFFF0478
FFFFDCA4
FFFFDFC5
0002A9DE
FFFF0AAF
000067A5
00000092
00007843
0000B5FC
FFFDEA4F
00020960
000009E6
00015075
00002D45
FFFFBC38
00002F0E
FFFFD868
FFFDBF97
FFFF0E2A
000083FA
FFFEA210
00011197
0002C9C3
FFFF0DE5
000189AE
0003A7C8
FFFFE408
0000455A
00004AA8
0000D7ED
0002A36D
0001653D
FFFFF945
FFFDC4AA
FFFD0E5E
FFFF8DF5
FFFECA72
FFFE5223
FFFE182E
00006DC3
0000E84E
00018600
FFFF8F2F
FFFFD435
00013F4A
FFFE40DE
0001B6D5
0001247E
FFFF0E7F
00006406
FFFDE25D
00012585
FFFF3165
00007B4A
FFFEDCF8
FFFE872A
0000280B
FFFEE44F
00003EBE
FFFFEB1B
FFFF44C4
0000FF84
0001351D
FFFF4F6E
FFFFB2FA
FFFF036E
FFFDE34B
00000335
FFFE9E08
00030730
0002D1F5
00023C8F
FFFF5D86
00027FB8
0002409F
0003009E
00004241
0000F00D
FFFFDB15
00000A32
000014E8
000103FA
0000A213
000317E4
00044D60
0000F7E9
0000EFA6
FFFE7986
000152CD
0003DDCE
0000904F
FFFDE50B
00012494
000160E0
0000C276
FFFFA70C
FFFF44A9
FFFF039B
FFFFBBAC
FFFEBF38
FFFFBF6A
FFFFC57B
FFFEEC8D
FFFE9C0E
FFFF2F7D
0000A1B5
FFFEDE3E
FFFF6DA7
0001D122
FFFDD675
00012CEE
FFFEFC94
000073BB
00013731
FFFFC9FA
0001647C
FFFF487E
FFFD648B
00002DE8
FFFF4C70
00006822
FFFE584F
FFFEF8CE
0000D9D9
FFFDDD91
0000681B
FFFFD958
0000CC02
0001664C
FFFEBF94
00024DE3
0000A6CE
00009A20
0000DEB5
00022DE6
0003394E
FFFEF911
00011830
FFFFE511
FFFD54A5
000126EB
FFFEC448
0000E82E
FFFD612C
FFFCF00B
FFFDDAF6
FFFE897F
FFFF1962
00003ED5
0001216A
00019DE9
0001958E
0002745C
00026B39
00004BCB
00006A63
FFFEAFB3
000196A2
00005128
00027A3A
0002754F
0000F370
00008A6C
0001FAB8
00015B56
FFFDE9DB
FFFE91F9
FFFCC3A8
FFFE4936
FFFFF2F9
0001218C
FFFC3F80
000027D4
000111C4
FFFFE46C
0001554B
FFFFF8BF
FFFDDA9E
FFFE63CF
FFFD9E96
00009BDD
00005CEF
FFFF86A3
FFFEF8A0
FFFF9EDF
FFFF6EB6
FFFBF77C
FFFF7488
0000D62C
FFFCF150
FFFF734F
FFFEF4A7
FFFEB5BB
FFFEA6D6
000139A8
FFFF70BC
000150A6
0002D253
0000F565
0000FEC4
00003198
00015D43
0000C4CB
0000627B
0001E547
00012FF2
FFFF96DA
0000D38D
00003C2B
FFFF679C
000179C9
0001093C
0001D8EE
00025B5E
000005C4
FFFF514B
000378BE
000076F9
000111F5
00035265
FFFD5D96
FFFEBDB9
FFFD7DC6
0000F1AE
FFFFECEB
FFFD6108
00025085
00007B9E
FFFED337
FFFE6E4A
00009FEB
FFFEAA43
FFFE306E
FFFDBD56
FFFEFA6E
FFFEEE77
FFFD5824
FFFD1FBB
FFFED90F
00013932
FFFF0151
00004128
000115D5
FFFF7402
0001E5E7
FFFF4C51
FFFF9F64
FFFE65D2
FFFFBE98
FFFFAEB7
FFFFCEF3
FFFD71C7
FFFEA0AF
000155E6
FFFEEB28
0000FDFF
0001F532
00015473
00008BD6
FFFD8D28
FFFDA4AA
0002CB17
FFFF1F4A
FFFF1134
FFFFDF60
FFFFCF40
0001E2C2
FFFFD488
FFFF387E
000166D9
FFFF6C94
000282E0
FFFF2062
FFFFF535
FFFE91AB
FFFC8B4B
FFFD9965
FFFDA0AA
FFFB982D
FFFC0CC1
FFFC4D26
FFFBC5F5
FFFD5DD0
0000DF6C
000170A9
00019196
0001B2EB
0002BE00
000290BA
00007449
00004E11
0001C6B1
FFFEECCE
FFFE6B29
FFFB67DA
FFFBF9E2
FFFC9BE4
FFFCCAB5
FFFF6E36
FFFE93D3
FFFC98CF
0000FF29
0002519E
0001F449
FFFF1CDC
0001499C
00006625
FFFF4B31
FFFFDC2D
00023013
FFFEA751
00019577
0001421D
FFFD93F6
FFFFE0E6
FFFEF143
0002FE6B
FFFFC6A4
FFFF2C80
FFFED063
FFFFBE37
FFFCF370
00003DC8
00011377
FFFE26D2
FFFE6984
FFFD896B
FFFE4096
00012639
FFFEF310
000165B2
000112E8
FFFE91E7
00022B40
FFFEFC12
FFFF69B5
FFFE84FB
000041A6
00013F56
0000BFA1
FFFF187A
00019935
00005917
000036A5
0002B509
0002BC2D
FFFCFAA3
FFFF1341
FFFF7E1F
FFFDDAEC
FFFD25BD
FFFD6640
0001C22A
00010760
FFFEC3B9
0000C887
0000D650
FFFF61A5
FFFF8628
0001095F
00002162
FFFECFD7
0000FFA5
0000127F
00012E73
FFFDCA63
FFFE5420
00020B50
FFFDE128
FFFE7FEC
0001F47E
0003537D
FFFF6749
00017837
00028DB8
0002248F
00003FD4
00015C10
0002FE80
00012BE1
0002980A
0001BA3B
FFFF71FA
FFFFAC85
FFFC83F2
0000258D
FFFEADD4
FFFFC423
00009F14
FFFDDF5F
FFFD528D
0001EADE
000145F8
FFFEDE19
0002C28D
FFFF893B
FFFE2EB3
000109BC
FFFDDF4B
00006D86
0000AB4E
FFFF4095
FFFF6BF2
FFFFA536
FFFF358C
FFFC08D7
FFFF9B73
FFFE98EE
0000027A
FFFF784C
FFFD848E
FFFEF712
0000F46F
FFFD52A5
000113D5
0001EC52
00007C10
FFFFBBC2
00015F8B
00023497
FFFFF583
00028520
FFFF061B
00000CCC
00021BDE
FFFFCF05
000295B0
FFFEC4B3
FFFFA68F
0000B27B
FFFDFEFA
00007503
FFFEF16F
0000C008
FFFE2078
FFFF30AB
FFFE7C87
FFFE7A02
FFFF5828
FFFDD761
FFFD6A14
00016A5C
FFFDDD48
00001077
000190BF
0001050C
0002C0E0
00018535
FFFE7E1F
00013568
FFFCFE7C
0000492B
000040AB
0002592D
0000C7BA
FFFF14CB
FFFF7060
0002266A
FFFFC3BA
0000951F
FFFD6183
00010067
FFFFFAB3
FFFE8336
00007A99
FFFE91A9
FFFDB3A6
0000F7D8
0001BC3A
FFFEE0D4
0000B812
000143F0
FFFF9F14
FFFFD0F3
0000C970
FFFD351D
00013D37
00010CB1
00026CA9
00028687
00012F0F
FFFDE051
FFFEB3DB
00020910
FFFFEC9C
FFFFE6F5
FFFF25DC
FFFE5332
FFFE4B73
FFFEEFDD
FFFF9B4B
0000E6E6
0000DE86
00000AD5
FFFC1BFA
000096ED
00016C64
FFFF176C
00005B2E
FFFEF894
FFFDCC5B
FFFDB589
000220B3
000264F6
FFFF3FE8
FFFE836E
FFFF523F
FFFDC860
00011EB7
00030783
FFFEB955
FFFD88F8
FFFCDEEA
FFFEBB5D
00008B08
FFFE5BB4
FFFDFB16
FFFEFED7
0001B025
FFFF0F05
FFFE58E3
000051EF
FFFC9090
FFFFE99C
FFFFB7E5
00009F4B
00001EB5
0001965A
00003256
000151A1
FFFF11A0
FFFE535D
FFFE4CB3
FFFEE27F
FFFF4793
0002B5DA
FFFFB61C
00031F10
00030005
00016725
FFFFC51F
FFFD94D3
FFFDE250
FFFEA67A
0001260C
FFFFDA9E
00025128
FFFEEA84
FFFEBB58
FFFF4BAD
000051F8
00015B25
FFFF1B1F
00024608
FFFFEB74
00002E2C
00024AED
0001BF4D
0000FF37
0000B8E7
0000D69E
0000AD4F
0001EE84
00029DEA
00020792
FFFF96E4
000114E1
00026BA2
00021225
0003F022
000184AE
00008A27
0001B4F5
00037B11
00028F55
FFFF6398
00026A53
00001BE8
0001830C
00024A43
000053FD
FFFD3F6D
FFFF084A
FFFFA821
FFFA67DC
FFFF9D82
FFFE226C
FFFEFC9D
FFFE2847
FFFF32FC
00023166
FFFFC9F3
00033F95
FFFEE7A3
00021458
000116FD
0002A76A
00001142
0000B9A6
FFFFE080
00011E43
FFFED6A8
00013331
FFFDCE3F
0000123D
00019AB7
0000FDDA
0000D1D1
0001DDFD
000037AF
00017708
0000256E
0003939B
0001030C
0000FA87
0001A262
FFFF565A
00021B6D
FFFF184D
FFFE8872
FFFFF164
FFFF80F3
FFFE1B9F
FFFFB517
FFFEE839
FFFF0D22
FFFEC08F
00013109
00002C48
0000BBC9
FFFFF55E
FFFE8ABC
000216FE
000049C2
00036575
FFFFC7B1
00019587
FFFF8F6D
00041951
00037324
00016C25
00004D56
FFFFD52A
0002F927
000130F5
0001031C
FFFFED5D
FFFE3663
0002C24D
FFFEE7A8
00023966
0000117E
00019D65
00024EBC
0002CC37
00006F9B
FFFF7AB1
FFFF2BF5
FFFF649F
000032DE
FFFDFB6E
FFFF9578
FFFE8917
FFFF40BC
FFFD4B0D
FFFD8643
FFFFAC39
FFFD563A
0000DCFF
FFFFFC61
0000F316
0000187A
FFFE12B5
0000F220
00002E89
00011C1F
FFFECFF4
FFFFAD23
FFFF8D87
FFFFAAC9
FFFFBE7E
00026308
0002D8FE
000000F8
0000C224
0000BA33
FFFE00EF
0000C2D9
00008A2D
FFFE1D27
FFFF6751
FFFFDA9E
FFFF4986
0000D491
0000F697
FFFED2B2
FFFE5405
0001E910
FFFFFD68
0003604D
00029C0F
0000F59D
00032CDE
0002A8FE
00002DBE
00014B71
0001D0F7
00014D3F
FFFF3841
0001A72D
00013B1F
00017D37
FFFFE0DF
00010B19
0000B734
FFFFD421
FFFF4AD9
FFFF286E
00030ECC
0000A42D
0001DF50
0001D156
FFFF4B67
0000526C
FFFCF2F3
FFFE0EB3
0000129C
FFFEFAEE
0001B635
00018F47
FFFFAF0F
FFFD45F7
FFFFF6B8
00006B0E
FFFE1108
FFFE7BBF
FFFF5EC7
00020383
FFFF425A
FFFDDEF5
FFFE5597
FFFF5A35
FFFD8E67
FFFF0AAB
FFFE4EA4
FFFF2E54
0001C933
0000C4D5
000171E8
0000D762
0000DDD3
00013A31
00028C01
00019C3C
00018ADD
000226A1
0000EB40
FFFF62F8
FFFFF02C
FFFFE3B4
00002369
FFFEE01C
000089F5
00018B0C
00010609
000187B1
FFFE9A4F
FFFEF71A
000009E3
FFFF33F4
FFFEBE7E
FFFE2706
FFFFEE5F
FFFDD13F
FFFD5CC2
0001C4B5
FFFDF137
FFFFCD2B
0001B688
0002A298
FFFEFFFA
00008516
0000AD25
00020AE8
0003045C
00010C62
FFFFF8D2
0000187A
00028C48
000251B4
0001AE71
FFFF0714
000146CD
FFFF19F0
000166F2
FFFDF898
00015746
0000DA81
FFFF0034
00010920
FFFCB76C
00005F92
0000487B
FFFF4677
00024D65
0000F11D
FFFE912F
00005DBB
FFFFFD79
FFFF52C6
FFFFAE06
0003CA1F
000243AD
FFFEEB99
FFFF58F0
FFFFFDAC
0000510E
FFFBD0BF
FFFFA273
00014EB5
FFFCEFA1
FFFDEE4E
FFFE71EF
000140B6
00009572
00005B22
FFFF683D
FFFFE774
0001FFB6
0000B18E
0001F244
FFFE75B5
0002237A
00011830
0002FC93
00005794
00011BFF
FFFF3695
000155FB
FFFFCF63
000023C7
FFFE7099
000055D0
FFFDBBD7
0000E135
0002C3C9
FFFFA2D8
FFFDE89E
FFFEC755
FFFEFF95
FFFF2D0F
FFFFF61C
000034CE
0001663A
FFFD9531
00026FB0
000035B3
000157A0
FFFF6ACB
FFFFC8C5
0001808E
FFFDB35A
00012471
FFFD2A5A
FFFE22ED
00004BA2
0001FFB9
0000239F
FFFEE66C
00007893
00009BDB
000305AD
00002540
00002FC1
00001766
0003466A
00025E1B
0000CFAC
00015D1C
00022619
0000ADF5
00015705
FFFF2B51
FFFE4CD7
0000FB14
FFFF39CD
FFFF22BC
FFFED411
FFFD773F
0000316A
FFFF3B42
FFFFDD98
FFFE5E1A
FFFEF5E2
00004C04
0000D872
FFFF52C8
FFFDEBA6
00010062
00028FD3
000426ED
0000719E
00010E60
00007EDE
00009349
00001420
0000808A
FFFE917B
0000602C
FFFD1AA2
FFFFA7E8
FFFF3944
FFFE015D
FFFE24A9
FFFEFDAE
0001949A
FFFE0A30
FFFE2764
FFFCDD30
FFFCC8B7
FFFB35E6
FFFE3100
FFFC7B5D
000072C0
0001CE16
FFFF2235
FFFDBF56
FFFE43B1
FFFE9767
FFFF2EC9
FFFDCBBE
FFFFD172
000252A2
00032045
0000808C
000293A0
00019E4F
FFFF9486
00005C89
FFFF2FA3
0000D22F
000042FE
000073B4
0001AE7B
0002A213
0000D3BC
00010929
00005384
FFFE7BB4
FFFDD4F3
00007F79
00000709
FFFF1EFB
FFFCD461
00007DB1
FFFD72CC
FFFF0C71
000096B6
0000BA2D
FFFE3EE0
00005BD9
FFFFEFC1
0000539E
0001274B
00002F9F
FFFEE5A8
FFFE983C
FFFEE665
FFFFB216
00018579
FFFFFF67
FFFF6286
FFFE6968
FFFE78A3
FFFDF65A
FFFE00B0
00024858
00016D9A
0002354A
00021193
FFFCA3F5
0001C6D5
FFFF5802
0003D447
00014FB0
00007498
000140FE
FFFF70BB
0000A3DF
FFFE45E7
0001E4D1
0001016D
FFFE8B5C
FFFF11F2
0001B3D1
0000C3F0
FFFFDD7D
000109A0
FFFE90F4
00000A82
0001B22A
FFFF03A0
FFFE6857
00008D51
00007985
0000F367
FFFEB189
FFFF039E
FFFF75A5
FFFE1788
FFFE6F3F
FFFF5C83
FFFF9B44
0000B5C1
FFFE0F9E
FFFC91F5
FFFE7E22
FFFE9DAC
00002B4B
FFFED7B6
0000C1B9
FFFF5A86
00003C46
0001BF4D
0001CA2C
FFFE8ACC
000100E6
000177DD
FFFE8238
FFFFE7FB
FFFD47CD
FFFDC4CF
FFFE82F7
FFFD997D
00006FF3
FFFE2E14
FFFEF7D6
000132DA
FFFE0205
00011767
FFFFF0F5
FFFFA8A6
FFFE6504
FFFED0EB
000093AA
0000E631
FFFE13CF
00014407
FFFEFDEC
0000FC8B
00012BB8
FFFE37C2
0000093B
00022924
FFFEEE5F
00006AC8
FFFFC673
00000F88
FFFEFE7A
0000B43B
00005765
FFFF1A8D
000064A9
00017F95
FFFF1020
FFFF9780
00005FB9
0000A38D
FFFFD121
00001A5C
FFFFB95A
FFFFB692
FFFD490E
00016471
FFFF8F32
00004F8F
00011A6F
0000667F
0000EB3D
0000D73A
00028443
FFFF430A
0000ED98
0001FFF6
FFFF8353
FFFEB322
0000F3EC
00010A34
FFFFA5AD
FFFF911F
FFFFD623
0001A779
00011A96
00022AA4
00029252
0000DDAA
0000985C
00020049
FFFFE870
00017D7A
000142F2
0001C0FC
FFFD5D2F
0001C6A2
FFFDC35E
FFFFF4E6
FFFFE546
FFFE8623
FFFDF0AA
00000AF4
000111F8
FFFF529D
FFFE490B
FFFEFF95
0001B4D2
0000BBC2
FFFF222F
FFFE8783
FFFF7617
FFFF0B34
FFFF8232
FFFFF308
FFFFEB40
FFFFFAF0
FFFD825A
FFFD8209
0001105D
FFFE25E4
00007F01
00007C41
00002398
FFFEF186
FFFFEDEC
FFFEA164
00012569
FFFE694D
00010BB2
FFFED02C
FFFE0B54
0001906C
00007190
FFFFD301
0002EAB1
00002548
0000C172
0000AB1C
0002666A
0000345E
FFFBFBAE
00005611
0000DC6E
FFFFD22F
00000AD1
00001AA8
FFFF6735
FFFE13F7
FFFEAB36
FFFF8124
00000A51
0001034D
000202AD
FFFE5B86
FFFED52B
FFFF4AE2
0000843A
0000F9F6
0000BCE0
00007115
FFFE76FC
00023E7E
FFFF8F8E
0001A677
FFFEF293
00003E0B
0001B200
000247E9
0001655F
0002015C
00016F10
0000F6D3
FFFFE0C4
0001D474
0000F097
FFFF7AF9
0000103F
FFFFE849
000014D1
00020706
FFFF1BB3
FFFFDC88
FFFF4E90
0001F060
00016800
FFFF3C98
00009D06
00003FF0
00022EE9
FFFF94C2
FFFEAA22
FFFEECC6
FFFF63BB
00034D7F
FFFF6175
0002117E
00011C7C
FFFF7003
000158FE
000218C5
00025EFB
0001085C
000175DC
0001B0F4
00005786
FFFFCEB7
FFFE5B57
00003C3C
FFFFF15D
FFFF361E
000183D8
FFFF6D22
FFFF691B
00012172
00009187
000236E6
00003746
FFFFEC4A
FFFDB289
FFFED649
0000A5B2
FFFF903B
FFFF7935
00006718
00014B6E
FFFE7832
0001C630
FFFEBDAB
0000671A
FFFFD9FD
0001234A
FFFE1741
000042CD
00003022
00009D25
FFFE336A
FFFE4759
FFFF8078
FFFFBC14
FFFF78FF
FFFF782A
FFFECE91
FFFEDC73
00012D42
FFFF3342
00002196
FFFED207
FFFEC9F7
FFFFD681
FFFF9BF6
FFFF2512
FFFE77AB
00002D88
FFFEE5E9
FFFDA2A8
FFFFEF03
FFFE2D6B
0000D2D3
00020D52
FFFE3C91
FFFFFF37
FFFFF63D
FFFECBED
FFFE99A6
0000E0C2
FFFFE11E
FFFE9627
FFFF9238
000009EE
FFFEB93B
00027D94
0001CA34
0001A141
0000D822
FFFED318
FFFF9729
00002672
FFFFE4D5
FFFF18F0
0000B207
00010F94
FFFEED2E
FFFECE6B
00026194
00027837
00012072
00018635
000338E9
00034795
00005033
00026B76
0002BB56
FFFE70EF
0000702C
FFFF2F37
FFFEEABC
00008207
FFFE7755
FFFFA2B4
FFFF8180
00000BFE
00003F4C
FFFEAA41
FFFEF767
0002CD46
0001704F
000075D0
00027B8B
0002671F
FFFED84B
FFFFBCC8
0000F74F
0000A8B8
FFFE9961
00005CDD
00012D7A
FFFF2257
FFFE85C1
FFFF315C
0001635B
0000D851
00005827
0001EFFB
FFFF7F66
000038AC
FFFE5433
0001579A
00017D60
FFFE1C01
FFFFF5DD
FFFF7E4D
00008EF2
0000C16C
FFFF17D4
FFFDD6F8
FFFEBF3A
FFFFE9B9
FFFE1ACF
FFFEE81E
FFFF0F63
FFFFAB09
0001402F
0001071B
FFFD2544
00017955
0000ECFC
FFFEB637
000071BF
00003B37
000221A7
0000E76A
FFFE89EA
000182BE
0001606B
00008AC2
00009B62
FFFDA05E
00008B11
0001827A
00006230
00009562
000139F0
FFFF826A
00004D1B
FFFFD6CA
FFFFE5A7
0002062B
FFFFBEA4
0002837B
00028A39
FFFE29F8
00013C93
FFFFFDD3
000091F3
00003BC5
0002BA9A
00018404
FFFFCB43
FFFED0D5
00025A4D
00016C08
0003719A
FFFF722C
FFFDE7C4
FFFF1724
FFFDA2EF
FFFE7ED7
FFFF088A
FFFE5FA7
FFFF7A4C
FFFE2CC4
FFFFAB92
000083B9
0002E63A
FFFF045D
FFFF2A9C
FFFFE25B
00016A22
0001F7F8
00007A59
00011010
FFFD4D0A
0000E199
000114B8
FFFFDDFB
FFFD9848
FFFF713F
0000C9C9
FFFDF202
0000F55A
FFFE896E
00017356
FFFFC3BB
0000BEE5
00021232
FFFFE5CC
00014EC1
00015EAC
FFFE0B05
FFFF52EC
FFFE928C
FFFCB6F4
FFFFD9D0
FFFF83E5
FFFF1E79
FFFECB09
000017D9
000079A9
00004A7C
FFFE3AD9
00010022
000040B3
FFFFFEEA
FFFF420F
FFFFA9BF
FFFDE2C0
FFFE97E4
FFFF170A
FFFF36BC
FFFF3F75
FFFF0EB9
000064C0
FFFF9FB3
FFFEFFFD
FFFFB706
FFFF6C18
000014CC
00008D34
00021FBD
FFFED99C
FFFF0EF5
0001CD84
0001D04C
000155F6
FFFDC927
0000867B
FFFF91B2
FFFFB9A5
FFFF1451
FFFD73AC
FFFFA77F
0000B004
00012211
FFFE6D3D
FFFFA93F
FFFF3601
FFFF5BAD
FFFE92B1
FFFDE6A7
00004EF3
FFFF3FA6
00003B0F
FFFFF5A6
00007D45
FFFFFE0A
000117FF
FFFE35D3
FFFC73DB
0001837B
00009E9D
FFFE0688
00017EB6
00001135
FFFF9B0F
0002280E
0001B070
00002571
00003E5F
FFFEDD6D
FFFFC83B
FFFFB951
FFFF1523
0000515D
0000C2B5
FFFFAD53
FFFFF445
FFFF1CDB
FFFEC7E8
00014E09
FFFEC2E1
0000E732
FFFC855F
FFFE2697
0000646A
FFFF9688
FFFFCAD2
FFFF7F3E
00002795
0001DEC7
0001DF89
0000EA01
0001081C
0001A03C
FFFFABE9
FFFF4F92
FFFFCAE8
000201C7
FFFF7FFA
00004672
00002FCC
0000D2DB
0001D5F2
00010050
0000FDC5
00004078
FFFF83BB
000089E8
000249BE
FFFF02EF
FFFFB18F
0001B5E6
0001E173
00007ADD
FFFFF936
00005F9C
FFFE3A38
00028487
00020F62
FFFF528C
00014803
00014B41
00007CAB
000086F6
00001C8B
FFFE2339
FFFFF149
000170FE
00000A69
0002024B
00001606
FFFD5172
FFFF0535
FFFF8713
FFFCE919
000042A2
FFFFC00C
FFFD2DEF
FFFDDB89
FFFE7593
FFFF6916
FFFDB5AB
FFFE3E40
FFFF8ABB
FFFFB5C6
FFFD7DE4
00004884
FFFF43B9
FFFF1DCE
FFFF2AF5
FFFDD6D3
FFFFBC75
FFFCC024
FFFD9369
FFFE177F
0000EFA5
FFFD1EEA
FFFCE2B0
00008564
FFFFFB6B
00000CF4
00004E7A
FFFCD469
FFFC5367
FFFFFC02
000107C1
FFFFE57A
00002998
FFFCA169
FFFFB2ED
00001344
FFFEC4F6
FFFFD776
FFFEAA81
FFFFC5F4
FFFD6C74
FFFC5322
FFFE436D
0002B3B1
000291F3
FFFC40F5
FFFDB403
00032C4A
00019610
FFFF6DA8
0001B6A3
0000EEA8
FFFE70C0
FFFD45E3
FFFE40C8
FFFE2D85
0001A30C
0001E33B
FFFF8FCC
FFFDBE4A
FFFE53C4
000005E2
0001FD21
0003729F
FFFF04BB
0000F5CA
00015BA6
FFFFC992
00030974
FFFEBD94
FFFFEEA9
FFFFC762
00006E0F
FFFD65B5
FFFCF522
000058A0
FFFE849E
FFFF9853
FFFCA0DA
FFFF1B56
FFFFCB6F
0004026F
000286DC
FFFF2634
FFFD9A67
0002F53E
00025BF0
0001298B
000245C1
000121DC
FFFF6592
00018F29
FFFD7DD9
0000DF0C
0000E2F6
FFFFAD32
00009D42
FFFDC3A0
FFFF68EA
00000350
00015368
FFFDD530
FFFD6D7E
00021908
FFFEDEA1
FFFE9313
FFFF0122
0002954E
000287B9
FFFFF610
FFFC5921
FFFEAF38
FFFC4419
FFFFBD3E
000058C3
FFFE0F56
FFFEB896
00020EC2
FFFCCDD7
0001CA38
FFFCCED7
FFFE4EB3
FFFDE7F8
00007288
FFFF6A0E
FFFE709E
FFFF40B1
00003394
000101A0
00006902
00001800
FFFF507A
00010E7D
FFFDF737
0000B97A
FFFE010B
FFFD163D
0000C1F1
FFFF3D8C
FFFEF681
FFFDADF0
FFFD35FB
FFFCCBCE
FFFF00B4
FFFE5E78
FFFE383D
00001CAD
FFFEB48F
FFFF2655
0001CFEF
00008440
00008E5B
00004D81
FFFE7D2F
FFFD71EA
FFFDF6C3
FFFFF990
FFFE0554
FFFE7141
FFFD4312
FFFCC332
FFFBDD9A
FFFC89EE
FFFF9F29
FFFD75A8
FFFC83D0
00010A47
FFFE08D6
0000C841
00011070
FFFF2543
0000F5A3
FFFFE16B
000094E4
FFFD1569
FFFF326B
FFFF89F6
FFFEA481
FFFAFCDB
0002CA13
00007449
000380EE
00028C2F
FFFFBDF9
00030592
00017F1E
0000B006
000437FB
00002450
0001BE8F
0003D9B3
FFFFFA1A
FFFDC79D
00013271
FFFE5D44
0001701F
00018BA8
0001B023
0001F4A3
00035C03
FFFC5503
00005BC5
FFFE4323
FFFD3EC1
FFFE2EE2
00015015
FFFFB703
000247D7
FFFDE775
FFFD7571
00018266
00015B57
FFFF95C3
FFFF272B
0000BCE6
FFFF7E66
00018F41
FFFF44B3
FFFF1553
0000D8FA
FFFF6303
FFFD1F6A
FFFD4DC1
00018873
FFFFD1D0
0000C1A0
0001361F
00029769
00002607
FFFFE1D1
000288E6
FFFF3269
0001DA92
FFFF49E9
00005F97
0001262E
0000E1B5
FFFE9182
000064C9
0000312E
FFFFDA0E
00004AE6
000030FC
000261CB
00014FD6
0002E132
FFFD5667
000011CB
00030FE7
FFFF3497
000247D1
FFFD65D7
FFFE0C6E
00008735
FFFEA543
FFFF8DDC
00014189
00043B12
FFFF1196
000238D7
FFFDC6E6
FFFE57BC
FFFE1A95
0001B45E
000369E2
0000497D
00027762
0001472E
FFFEDC14
FFFF596A
FFFDC573
FFFE4B0D
FFFDDE6E
FFFF1C00
FFFF75C3
FFFF7736
FFFEA176
0000B760
0002287A
0001AF8B
0000FD5B
000017D7
FFFE57E8
0000CB22
FFFFCAE2
FFFE9F8B
00000F8A
FFFF9401
FFFDE5E0
FFFD7146
FFFD4FBA
FFFEBDFD
FFFE8E66
FFFE09E8
00006F8B
00021B0F
FFFEE870
00016EC9
00017099
00035C38
0003154F
FFFCBDD6
000223B0
FFFEC3F1
FFFF1DAE
0002F3CB
000268F8
00018069
FFFF3420
0001C46D
FFFF8230
0001B924
00040B4C
00019E9A
FFFD7BDE
00021655
FFFD8512
FFFF48C7
00007562
FFFFB23E
000137C7
00010916
FFFE1780
FFFFDB0C
00009AD2
FFFED37D
00029FA7
00002056
0001628C
0001620E
0001A45C
FFFFD5DD
FFFD14C9
00021C1D
0000F5DB
000037AD
FFFEB15C
0000EA6F
00009111
FFFEE089
FFFEE05B
00011812
FFFE5950
FFFFF291
0001CAC9
0000510D
00001C51
000025F4
FFFF4732
0000EAE8
FFFD1B2C
FFFF2E8C
00019055
FFFF3DB1
FFFE829A
FFFE14D0
FFFF8329
00008D07
000154DF
00016732
000339DC
0003053F
FFFEA595
FFFF09E6
FFFED4B5
0002330E
00021BC2
FFFFF378
FFFDF3B8
FFFFFA54
00010719
FFFF6298
FFFF6B73
FFFF0F80
00002DE6
000118AE
00028D43
FFFFDF64
00000E90
FFFDB0A0
FFFDC879
00010C3A
FFFDDED8
0000CBFB
FFFED208
FFFF60A5
00025089
00016AA2
FFFF6C08
FFFDA05D
FFFF6138
0000F762
00001215
FFFD27DD
FFFF35D7
00019285
0001B0B5
00025531
00023F24
FFFE9F91
00043EE9
FFFD80D2
FFFF155B
00017768
0003FA68
00026CF5
00005167
000478A5
0000013C
0003738B
FFFFEBF1
0000F1C7
00020462
FFFF3438
0000D4CC
FFFFBE14
00014119
00043601
0002E5C8
0002D163
000002B2
FFFF7F71
0001B10F
00002EBB
00033157
000373B0
0002D92F
0003B2D4
0003352D
FFFF9288
0000A7C5
0000C6F2
0004D221
0005390F
FFFE9D64
00025FFB
000294D8
00032556
000088CF
FFFFAD0D
FFFB7ACD
FFFD8BBE
00001813
FFFC2087
FFFEE3FA
FFFE4DB5
FFFCC1C2
FFFEA1EC
0000C101
FFFE289D
FFFE4577
FFFCABB9
00042765
FFFD1642
FFFF5D54
FFFE67A5
0000DF56
FFFFD811
FFFD165A
FFFEAC24
FFFEA361
FFFF0AC1
FFFDAB05
FFFFDAFC
FFFE9629
FFFF242C
FFFE1AFA
000121F2
FFFF6FD7
00008548
00037BCD
FFFFABA4
FFFF1DAE
0000104B
00038752
FFFFBFCC
00043A01
00012416
00030DF9
00003D93
0002B6D1
0000A56D
0001C321
FFFFF99B
000132DB
FFFE75F8
0000A7E4
FFFE1382
FFFD63B1
FFFCCCAB
0000F183
0002DB4C
FFFEB02A
FFFEEA02
0000F188
FFFD3054
FFFE7DE0
00017CD0
FFFF94C5
FFFF9244
FFFCCFA9
00029770
00012BEE
FFFF8792
FFFEC5A6
FFFD1E82
FFFE4E05
FFFDEA46
FFFF7633
FFFE6421
FFFC02E7
FFFC7E48
00005DB1
0002B4B1
00014069
FFFD8ACC
FFFD9F0F
0000454E
0001AD13
000071AA
0003B47E
FFFF3638
FFFC7C49
FFFE183C
FFFDC0C8
FFFFD66D
FFFED0B4
00000FA0
FFFFC546
FFFF91A5
FFFE8069
0000E6E1
0000FC8B
FFFF2EAB
FFFE56FD
FFFDDCE8
0002411A
00006886
0001032A
FFFD4F0B
FFFC74CE
FFFF0CE4
0001B216
FFFE28BD
FFFCAE96
000241E5
0001A611
00006170
00023C53
0001E384
0001C5CC
FFFF6546
000089C4
000353DD
FFFDA623
0000DDBE
FFFE0AA3
000054AE
FFFEF81E
000169E4
FFFEEE5A
FFFFEA76
FFFE9B33
FFFEA5CA
000168DC
FFFF9421
00033E31
0000BD45
000365C8
00028992
0001C6CA
0002D285
0000A3DD
00024E86
0000DDB6
FFFEFABA
0001DD50
FFFFFEFC
00003E8D
00001576
0001C609
000177F2
FFFE8EFE
0000D9C0
00023082
000305F2
00000377
00034095
0001AA2B
000044C7
FFFF7FB1
FFFED6B1
FFFF400D
FFFE2787
FFFD42A3
FFFBD2DD
FFFFBB33
FFFF818F
FFFF5CC7
FFFFE163
000032A2
00011198
FFFB12E6
FFFFA79D
FFFBF216
FFFFDF19
FFFF1DF6
FFFF71DC
000072FD
FFFEF78E
FFFCDC75
FFFF5D8C
FFFF6901
FFFFC334
0002E664
00022C2F
FFFE1569
00022814
00005023
00017E3B
0000BC95
FFFE4616
FFFE6588
FFFFC875
000090CD
FFFD17AB
00019FF9
0002235A
00000A6C
FFFFB203
FFFDCC7A
0001664F
FFFFC030
0000E853
FFFDE29B
0001C3FD
000079CE
0001D0E2
00006565
FFFFF6E4
0005EF9C
00025DEA
00043D9B
0000C256
0000D85A
FFFFA52F
0002BD68
FFFF2609
FFFFBD5F
FFFFC288
00023F33
FFFEE009
FFFDB305
00014C61
FFFF584E
00017D4A
FFFF9669
FFFFBFED
00010DE6
0002090D
000215E3
FFFF47C1
FFFF70B6
0003663B
FFFF7F1A
FFFD1C14
FFFF8BBC
000044C7
0002727F
FFFEDED8
FFFD5CCB
0002B92A
FFFFE01B
FFFEC348
000322EB
FFFF42E7
FFFEB0F4
FFFED0C0
00021867
0002BDA0
FFFF61C1
FFFFB550
FFFFD88B
FFFEE865
FFFCA2B4
FFFD6D97
FFFB6592
FFFB4F42
FFFF5EFA
FFFD224F
FFFDCC6C
FFFCCE42
FFFCE1CA
0000A214
FFFF34FB
FFFDA4F8
FFFDF20C
00008447
00023D32
FFFDC790
FFFF8F2E
FFFF7DB7
00006501
FFFEBCA6
000069CF
00017D1D
00033233
0004BD17
FFFE03F1
00008BD9
FFFCDEF9
FFFDD4F2
FFFF0196
FFFC539B
FFFCE049
FFFCC53B
0000FFDC
FFFFFBFE
FFFDDF53
00005BC4
FFFF184E
FFFF4BBF
0000AD98
0000E731
000175CB
000137FD
0000A65E
FFFDE0D2
FFFE9956
0003DCAC
00025163
0002D26C
FFFEFB30
FFFED671
FFFFD277
FFFFC5B9
FFFF638B
FFFF3769
FFFC9608
000061F6
00009041
00036694
00010D91
0000F40E
0000F659
FFFE7208
FFFFFD0A
0000082B
FFFC7E5E
000161D5
00017A16
00009587
00001D9F
00009A1A
0001C739
00011123
00032DE8
0003BA58
00010B27
0002AEFD
0002D2B8
00007716
00031CD3
FFFEC487
FFFDBA41
FFFF6D3A
FFFEF2D9
0000088A
00013606
000176AA
FFFDAEC3
FFFF10EB
FFFE469C
FFFF69ED
00015DCC
00004437
00006FA0
0000FED5
FFFE915E
FFFF8AA4
FFFF1300
00003051
FFFE8C23
000037B9
0001FCF5
00003A2A
00037367
00030303
FFFEF4B9
000128AC
FFFEE714
FFFE506D
FFFFC8C8
FFFD8D4E
FFFF6944
0001D844
FFFF9CB4
00016103
FFFE0BCD
FFFECCC7
FFFFA271
00030AF1
000013FD
0002F0D7
000202BB
FFFF2823
0004344B
000263F0
00025B21
0000A753
FFFFB393
FFFFD35B
FFFDB180
00036700
00004E75
000229AD
FFFE722F
0000D270
FFFF89A1
FFFE5787
FFFEE2BC
00031A9A
0002F2DE
00016FD2
FFFFFCD0
FFFEE31C
000015AF
FFFDB212
FFFECE31
0001038B
0000EDF5
FFFC26CC
FFFFFF1B
0001A044
00013595
0002018B
00011A50
000446BA
0004F6C5
0002D3E0
FFFE9A70
00004AB0
0003B410
0004AEFE
000111D7
FFFCF516
FFFF52AE
FFFCFD43
FFFE5A92
000026BB
FFFE0400
0002B6ED
000132AC
FFFF39BD
000145A7
FFFE097E
0001E116
00010D2A
000180E4
FFFE0C1B
0001B2B0
000178F3
FFFEA824
FFFEF763
00015BC4
00004371
0001F6D9
00017D91
FFFEE627
00034A91
FFFF2C3E
00025C2F
FFFFF8CE
00004726
FFFEA265
FFFFC85B
0002331E
0000D34F
0001D184
FFFF4AD6
FFFEF134
0000F10E
0003AFCD
00019DCB
0001AC67
00014D98
0000A8FE
0000B05B
0002D112
00031285
FFFDAEA3
FFFEB088
FFFF7793
000101D6
FFFE99DA
FFFFBBAF
00006B92
FFFFBB85
FFFFDE71
00036FDD
0002BD53
0002367D
FFFFD5FD
0000D293
00020E75
00002851
0001DD14
0000B0E1
FFFFC8DF
FFFFA2EC
0000A8B2
FFFF9F6E
FFFD4271
FFFC2D6B
FFFDF874
FFFD035B
0000B352
000154CC
00025672
000255D5
FFFEAE99
FFFD802E
0000A0E4
FFFE60E7
FFFEB727
FFFF9550
0000B220
0000119B
FFFE11D3
00004977
0001405C
0000A70A
000037B2
00030BA2
00034D1C
FFFF0236
FFFDD776
0001072D
FFFE9566
00009451
FFFF057A
00029D30
FFFE6168
FFFE2B2C
00008562
FFFF6771
0002B6DF
FFFEBC03
FFFF90F3
0001563F
FFFEBBA3
FFFE8E9F
FFFFDEC1
000122B4
00002057
00029752
0001E66E
00039CD2
00012EB4
0001B512
0000AF8D
000100FA
0002677F
FFFFC8AF
FFFF2F79
0000AD3E
FFFFEDF5
00010EFE
00013365
FFFF68F0
00021E89
0000A0D1
00027E7B
0000B07F
FFFD9818
FFFDDAC5
FFFDB8E7
0000D39C
FFFBE3A5
FFFEE1C3
00012597
0000EDDF
FFFEA396
0001C559
0000061B
0000DC21
0001C4B8
000001B1
FFFF7F92
00012D39
000499A2
FFFE425D
FFFFE76C
FFFEA5A5
00037D9D
00016CFF
FFFE2335
00035463
00004EB5
0001C37A
FFFE8B15
0001598C
0003C91E
000062D0
FFFCC7E2
FFFEEA19
FFFFE6E1
000074CA
00015C6B
0004B3E3
000489B6
00011974
0001C6E0
00026F78
00014BD0
000330F0
0001C63D
0002040D
FFFBD486
FFFC4F27
FFFEE08E
FFFF7653
000126B7
FFFDE454
0001B171
FFFD44F7
FFFDCE93
FFFE28D8
FFFBD743
FFFF0A9C
FFFC6EEB
00035D4C
FFFF2528
FFFF9EE0
0000A51F
00009DEC
FFFF3BB1
FFFEB352
FFFBCA62
FFFF7808
FFFDC13C
FFFEC7E9
FFFEEC57
FFFDD3EE
FFFFE8CD
FFFC283F
0001567E
0001A03D
0003AC23
FFFDB836
FFFFA753
FFFF8129
FFFF97B9
FFFF5FEF
0003D51A
FFFE1417
00039C61
00024500
000253BE
0001D8BC
00028396
FFFE1FCF
FFFFFF19
000000ED
0000EC25
FFFE64FE
00014BC8
FFFC4206
FFFD392D
FFFC47E0
000305E9
FFFF1514
00034BAA
FFFEF4B3
FFFEFD28
FFFFB149
FFFD9806
00034285
00015443
FFFF574E
FFFEA2B4
FFFE81F2
FFFF6B88
0003FBEB
0000C320
FFFF77A1
000022D3
FFFF12A1
000208FE
0003AC08
FFFFEB1B
FFFFD67E
0000E705
0002B40A
000458C4
0001EFCE
0000BF2A
FFFBD702
0000382B
FFFD599A
FFFED545
FFFFFE9E
000025D9
00021269
FFFDCFF9
FFFCF74E
0002BBB7
FFFFF987
0004A584
FFFFD7A2
00021688
0001275D
00010EEF
0002DA64
0000D0A7
FFFA9CD1
FFFCA844
000005DB
FFFE5C31
FFFF958C
0000F44E
FFFF5D4E
000103F5
FFFDE66A
FFFF6722
000173EF
0000758F
0001CD70
000162DE
00004505
00014827
000165DA
0001504D
FFFD3A5E
0002B6EC
FFFF00C1
000238F4
00027ACB
FFFFBC0D
0001D570
000368C2
000189FE
FFFFDDBC
00022E7B
FFFE0E83
000111C7
0000EEBF
FFFEFA55
FFFECFFB
FFFE0EEC
0001508A
000351F9
FFFFE5BE
00022C85
FFFDB216
0000D8A8
FFFF2423
0001D21B
000015CF
0002B646
0000824B
FFFE890B
FFFF187F
FFFEB32C
FFFE67A8
FFFEB94F
0001BA1D
00011F9A
FFFF7F03
00002422
00008800
0000258B
FFFE744E
0001CF33
FFFFE544
00008725
FFFFFFB3
FFFE519C
00008364
FFFF545C
FFFE8D4E
FFFF730E
00004FC0
FFFE5150
0000A2B0
FFFFFD83
FFFFDE67
0000CC4A
00017F84
FFFD2541
000023C8
FFFD9FBD
FFFF41FC
000079BD
00019E5B
FFFF3A46
FFFDE6D6
FFFF2503
FFFE7D20
0002A150
00024F68
00019B9B
FFFECD2D
FFFEC1DE
00001C85
FFFF8D1C
FFFEF2E5
FFFE47DB
FFFFE91D
FFFFA8CC
00003899
FFFF2496
FFFF0E5C
00016E0F
00001B53
00007FAD
FFFE806F
00002F84
FFFE0700
FFFFEC4C
FFFDA392
FFFEF1C0
00010E4A
FFFD72A0
FFFE26F7
FFFF883D
FFFEE06D
FFFDD44F
FFFEB04C
FFFCC9CE
FFFF8634
0000751E
0000DEC5
0003067A
00028FAF
0002010D
0003648B
FFFDFA7C
FFFF7078
0000B203
000090CD
FFFD188C
0000073B
FFFE37A2
FFFDABFE
FFFE544E
FFFF8CBC
00004B9A
0000A4D0
FFFDC746
0000AA21
FFFD2B41
00017739
0000A213
FFFF2087
FFFF7CEF
FFFE78F5
FFFC8F8E
0000A297
00012000
0000C335
0001FA73
FFFE6D5D
FFFD9A43
00010F71
0003D253
000045BD
00038ADE
FFFF0319
FFFF73A3
00005C35
000086A8
00026D2A
0000126D
00002B7B
0000379D
FFFF73ED
FFFE32C3
0000A3A6
0000C844
000294BA
00042B20
0000FE51
FFFE9595
00011C7C
FFFE80F6
0001C435
FFFE67B2
FFFF4246
FFFEFCD9
FFFE289C
FFFD30B2
FFFFF525
FFFD896C
FFFFD0CE
FFFF96D3
FFFF2ED9
000080E2
000188D8
FFFFAB31
00026670
00006A5C
FFFFFF57
FFFF6096
FFFFC04E
FFFF7111
FFFF5394
000163FF
000241A9
0001174D
0000DB0C
FFFDCA19
FFFF8BF0
FFFF2B7C
00012429
0001AF40
0002DB38
0002CAAD
00012C83
0000BFFA
000152C2
0000A552
FFFD0E81
FFFE8FA9
FFFCB984
FFFEA3C6
0000D9F7
0000E61E
FFFFA44D
FFFB2C19
FFFECB74
00007D9C
00014D4E
0002BE51
FFFE3194
00011E97
FFFFFF85
0001CB47
FFFF5050
00006D8C
FFFF10D2
000197ED
00021790
FFFEAC2A
0000D08C
00008492
FFFFE5FE
000070C5
0002A1BC
0000B6B1
0000016C
FFFE02B1
FFFF1DBB
0001F7E3
FFFFF27D
00003E27
00014A89
FFFF706B
FFFEAC89
FFFFD48E
FFFFAC77
FFFED00B
FFFEFF61
FFFECB11
FFFE4537
FFFFC633
FFFF88BA
FFFFE919
00013883
FFFE5702
0000BE91
FFFFAD0C
00006BCC
FFFEE527
FFFEE7A9
FFFFA536
FFFE0BF6
000216BF
FFFE30FA
000299D8
0000EA51
00042FC1
00005D47
0000A2C6
FFFF40B4
FFFE8461
FFFFDEAC
FFFEA64D
000140DF
0003CBED
FFFFB4CF
00023850
0000A3CC
FFFEC132
00007F77
FFFF223C
FFFFB544
FFFFD323
00018034
00011B4F
FFFFDF0B
00018B19
000141D2
0000D0AA
FFFF3254
00006FF9
00017419
FFFFDCFA
0000AF9F
00026290
FFFE044D
FFFFA077
FFFF74B1
0003BE6C
0000FD17
00028254
000339DF
0002F8B7
00001A34
FFFF4101
FFFEA85B
FFFF7890
FFFF7C21
FFFDE1E9
FFFFA463
0000D804
FFFF99AB
FFFFFD3F
000144C8
000098F9
0002235A
000201F2
0002121A
FFFFD17F
000179F4
FFFFF9A3
000260D9
000312BB
FFFFD55A
FFFFA655
FFFF089C
FFFDD94B
00009F52
0001A49D
00002BA4
FFFE930E
000154DD
00007520
FFFE760E
FFFDC192
0000B288
FFFFE8D9
FFFE2FA8
FFFFBA6B
FFFE1976
FFFE9DE8
FFFE1B64
FFFE94B4
0000DC70
0001D864
0000FB70
FFFEABA4
000105AC
0000D8AE
FFFE8D9C
FFFE8576
FFFF0D8F
FFFEE76A
0000266E
FFFF9ACB
00016270
FFFFF0EB
00019013
0000BBFF
FFFEE2F6
FFFE0878
FFFF76D6
FFFF6F9E
FFFFC889
00000D2B
FFFFB8A7
FFFF04D4
0001398A
00014707
FFFD67E7
FFFDD745
FFFED8EA
0000EAE0
0000AF7B
0001B382
FFFFC89A
FFFF2F8B
FFFE829E
FFFFB740
FFFE6E00
FFFEE029
FFFED306
0001F40A
00004C52
FFFF9802
0001527E
000147F8
FFFFB65F
0000FCC9
FFFEB75F
FFFFF95F
00003D7F
00014507
00019BFF
00026EAE
00029D28
0000B4F4
FFFF8422
FFFEAE8C
FFFD5140
FFFF4736
FFFEBBBD
FFFE7031
0001CB46
0003065D
FFFFB5CE
00016050
FFFE8F59
000000E8
000140F8
0001A1BC
FFFFDC15
FFFFD3A7
000258AF
FFFFBC91
0001E675
FFFFE6CA
0000A7B0
0000E557
000132E2
00003FCC
00005533
00024C56
00025CFF
FFFD91FB
00002C90
FFFD6A44
0000A2E2
FFFDA4DE
0001DB98
0001A2DF
00007D74
FFFFF12F
00007543
00006EA5
FFFE528C
00002008
000237BB
FFFF212E
00002FF5
00015219
FFFF3836
FFFD4C91
FFFF3BE8
FFFE473E
000184FA
FFFED742
00000E96
FFFE28EA
000191DF
0003938D
0000F2D0
0000B8A2
FFFE838C
0002B945
00002DD3
000026AA
00017ED3
FFFEA83A
FFFFC271
00019079
FFFE2309
FFFF918E
FFFF0A67
00006A3C
00009CD6
FFFE6C4F
00007C63
0000E137
FFFF4667
0000130A
0001B307
000026F9
000111AD
0000D50A
000059EC
FFFDC760
00008874
FFFDFADA
00003F3F
FFFF735B
FFFFF669
FFFCD40E
FFFF5895
0000C6F5
FFFFBBC0
0000C8DF
FFFEB51C
FFFE9DC5
0001361E
00017EA1
FFFD05B8
FFFE2CD1
FFFE3E86
FFFFEE11
000159A6
0000EC0B
0001104F
00019DA6
0001B482
00019FC0
00004315
000017CE
FFFFC8ED
00007EA6
000071AA
FFFE5C9C
000058D2
FFFF5C4C
FFFDE93F
00014EDD
00007FAC
00001CF1
00006A71
00011FA9
000154FA
FFFF1F03
FFFF6FD9
00011034
000044C0
FFFEB82E
00005F81
FFFF733D
FFFE1435
FFFD854B
FFFEFAF7
0001021D
FFFF4387
0001E034
FFFF4617
FFFEA88E
FFFF010C
FFFEB654
00005C6D
FFFEF6DF
FFFDD2C9
0000012C
FFFEE0EF
00005C77
0000617F
FFFF9327
FFFDC059
FFFEEA7C
00023ACE
FFFF606C
FFFEEF8D
FFFE75B5
FFFF6254
FFFF22B5
FFFECFC4
FFFF4B48
00008259
FFFDB790
0001A428
FFFE4A7E
0000FB75
00016193
0001950F
00005C3B
FFFE8B91
FFFEA464
000064DC
00013FFC
000221E3
FFFE64E4
FFFEA6D5
0001E4B0
FFFEFA4D
FFFF3867
00010A3C
FFFEF692
FFFF4F93
00028E65
0001B91E
FFFF08B1
FFFFAA7C
FFFDEA55
FFFE4315
FFFFF083
FFFF4995
FFFF8F3F
0000D214
00006F87
FFFEF21D
FFFECA25
FFFFA82D
0000716F
000045AC
0000F46C
FFFEC090
00022F7D
FFFF454A
FFFE5F1B
FFFF355C
FFFF9112
FFFF491B
FFFF8EB0
000068EF
00001DC5
FFFE02A7
FFFE3BA1
FFFF4A28
FFFD3C62
0002AD59
000219C2
0000AA0A
FFFD1AA9
FFFF0E4B
FFFECFFB
0000233A
00015A4F
0001CE4B
FFFFE267
FFFD8CE2
FFFEAC2F
FFFFFF40
0001A8A9
FFFEA8D8
FFFFDBE5
FFFE754A
FFFD9B91
00000B63
FFFF3294
FFFCD710
FFFD9368
0000CBFC
FFFDD760
FFFDA7DC
FFFEB5C4
FFFFB2A9
0000A549
FFFF5EBA
0002ADE4
00007811
FFFAF009
00001098
FFFE1448
FFFEDD9B
0000E15A
000305E8
FFFD4731
0003AC36
00045CD7
FFFEC19E
0000BFA1
0002F58E
00003890
FFFFA687
0000A885
FFFF8046
FFFC81C8
00032C0F
00027361
FFFF7821
FFFEC46E
00016FDD
FFFD50F8
FFFFFA4A
FFFFF7B2
0001D529
FFFD05C7
000315D1
FFFEC4DA
FFFF1390
00032477
00024B1A
00015C1D
FFFED955
0001F788
FFFFA6E7
FFFE6E1A
0002F761
FFFDEE37
FFFF3ACE
0000836B
FFFFED9A
00004CE0
FFFE6647
FFFF32B8
00022526
FFFE55E6
00021469
0000FFD0
FFFB5DBD
00025454
FFFFFC08
FFFF172E
FFFDB907
000073A7
00000B6E
00028922
0001FD6A
00027B1C
00013302
FFFDA07F
FFFE048E
FFFED0AC
FFFE1F12
FFFEC686
FFFF1757
00005840
0003199F
0000026E
FFFEFC17
FFFED1C4
FFFDEFF9
000121C5
FFFD3D5C
FFFFC1DA
FFFF57F7
FFFD4CB7
FFFD1717
00042816
FFFEEF68
FFFDB7FA
0000640F
0002A47C
FFFF5BFA
000086BD
FFFEA888
0001BE50
FFFC3FF3
0001AF09
00016B41
FFFEB6F3
FFFF29FA
00005046
FFFFF661
FFFF4A09
0004C4B7
FFFD912B
FFFF7D9E
000584EE
FFFFCE91
00004D4C
FFFF29FA
FFFDB39B
0001DDFB
FFFDAE7B
0001AF38
FFFEFA21
FFFEDE12
00013381
FFFC25C4
FFFD8083
FFFF54EF
FFFE423D
0000AA32
00020472
00000745
000112ED
FFFF72CD
FFFFE9D9
00032375
FFFF1082
000277FD
00039D07
FFFEC7CA
000395E3
000024F2
000103BA
0000BABC
000103B9
000186EC
0002BC0B
00019CD9
000262CC
FFFF5BC4
FFFFAE3B
0001C642
FFFEC1B0
00016F64
00019814
FFFB8BDE
FFFF0B0A
FFFD5002
FFFF93B9
FFFFB9E6
FFFD652D
000115D0
FFFF4484
FFFF7DFD
00005868
00011532
FFFE87A5
00019946
0002C4FE
FFFFBA4E
FFFEF996
000141F9
FFFEC456
0001CC9F
FFFE37C9
00025C69
FFFD73E9
00015CC9
FFFF5A94
FFFEDB52
FFFE317F
0000A0FA
FFFC2C02
00003757
000088F8
00004E71
000127C7
0003B5AB
00012F65
00028555
00024385
00029322
0001FBEF
FFFB664A
FFFC7733
0001F4C8
FFFF5845
FFFE3C31
0000CE63
FFFF8006
00004C8E
000185BB
000074F4
FFFF8118
FFFE2687
FFFE7CEF
FFFE679E
0001BEDF
00007180
00041565
FFFF7B95
FFFF8DA5
FFFD0EAE
FFFD6FD3
0002DA0A
FFFE0BCC
FFFE46AE
FFFF1CFF
FFFF3F80
FFFF9958
000203D5
FFFBFF5A
FFFD8A1A
0003F31A
FFFE96D6
FFFD4825
FFFDA2B8
FFFE8E61
00008AA7
000199C1
0003CA31
0001ED00
000333EB
0003B88D
00013E8D
00004E71
0001170A
FFFDB95A
0001A8C4
FFFF12ED
FFFB8E2A
FFFD5298
FFFE2F56
FFFC0D6B
00010566
0000F10E
0001934C
FFFDD3F0
00024BDE
FFFFB8E2
FFFDD4DA
FFFED1F2
00004D79
FFFFB899
0003761B
FFFF185E
FFFD65F4
FFFC3097
000129B9
FFFFEEED
0000EC72
FFFEAC4C
FFFEFB6D
000147F5
000362D2
FFFFA8FA
00018A2C
FFFFD44E
FFFE7C67
FFFD85FF
FFFF49CD
00002A17
0000B891
00038E1B
0000B35C
FFFFF9E7
0002A6E1
FFFF65E9
00010B0E
FFFE78C1
FFFF794E
FFFE7481
FFFF6E64
FFFCEC6D
FFFC5A88
0001C2C5
0000DE3C
0001F70B
00006B26
00013BC3
FFFCC5A5
00022726
FFFFB084
000217B4
0000CF76
FFFE1366
00033215
00014571
FFFD82AA
000322D9
000150F9
0002207A
0001B769
0000537D
FFFFC07B
FFFE9B95
0002F021
00031B23
0002D548
FFFFCF76
00000536
0001E9B2
000189D8
FFFF9427
00004456
FFFE9D30
FFFDD703
0000C905
FFFD5AB6
000269FD
FFFDE5D3
FFFCBC8C
000545C6
FFFF72D2
FFFF5A5F
0004B333
FFFE5FF2
00024913
00014758
FFFEF462
0000F294
FFFEC24D
00022F45
FFFF75AD
FFFE444D
FFFEB147
FFFFFCEF
00052198
FFFAD204
FFFD6B2F
0004B4F1
FFFD3FEF
00008DB2
0002EBCE
FFFBDAD1
FFFF1C5F
00010D92
FFFFA97F
00017678
00004FA0
0000043A
00046511
FFFE8F65
00012F85
FFFFB5E4
FFFEDF79
00018672
FFFCB366
FFFFEE74
00004F2F
0001A74F
00018C2A
FFFF32B1
000292C5
0000BDB6
00039311
00025ED9
00010DBA
00023B18
00045870
FFFFC263
00037C96
FFFF2670
00001978
0002A04A
FFFFD506
00016A52
00023C6D
000296DC
0001A4FA
FFFFD7E4
00036C54
FFFEBCBA
FFFCFCCA
00024200
FFFFFDA5
FFFFDAFC
0003DF91
FFFF054D
00003D31
FFFF326F
FFFDCC48
FFFD0549
FFFFC119
00008F76
FFFD9284
00015D4C
FFFE85BA
0000BB7F
00044FDA
FFFF343D
00007C79
FFFF0B4B
0002516C
0002726A
00026CA5
FFFF07A7
0000BC3C
FFFF6AE2
00002994
000010F2
0002067C
FFFDB6D9
0001CB87
FFFF032E
00019093
0000B3A6
00009808
00038A0F
FFFF0883
FFFF8BF6
00001348
00004E8C
0000BB59
FFFF4D7E
FFFDBC56
0002895D
FFFDC3B6
FFFF99E5
FFFD849E
0002ED5D
000068BB
FFFF5B56
FFFF3D86
0002BE36
00018016
0001FA86
FFFDE051
0001BAB2
FFFD4D53
FFFE4252
00004A73
FFFFC65B
FFFFB0BF
0000CC6B
0000D39E
000133B8
FFFE9F48
FFFF82C7
00026CE5
00033BDA
00019CF1
00001898
FFFF4A6A
FFFD77B3
FFFD667F
000249EE
FFFF73ED
FFFCCC45
0003295C
0001847A
FFFF5CB0
FFFEF528
0001BFD1
0001753A
FFFE6256
FFFE1384
000086DB
000041D3
00025F10
FFFE201F
0000CFA2
000146CA
FFFDE68E
FFFEE417
FFFFA66E
000178F9
00021014
000355CF
00000210
0002996B
FFFEB6E8
0000FFED
000147B9
0000BE16
000061D8
00009793
FFFDC504
FFFF7A51
FFFCE903
00038747
FFFF7A1B
FFFFA0A8
0002D655
FFFE6176
FFFE8F2D
FFFDAB46
FFFD2E42
FFFD1BBC
0000C64B
FFFF508C
FFFDED39
00012935
0001BF54
FFFD11EC
FFFE8971
0001910F
000127AF
FFFC2562
00010DE8
00007099
FFFC8D75
FFFFC92D
FFFEA5D0
FFFEFD9C
FFFFA192
00002979
FFFD5F4B
000273AC
0000C6C2
FFFEC66E
0001BFF3
FFFF2F30
FFFDB12D
00000D40
FFFF6713
00007046
FFFE12A4
FFFFA912
00026B64
000073A0
0000FD1F
000199A3
00012599
00016114
FFFD61BB
0002DEAB
0000F868
FFFD8041
FFFEC2FD
FFFFB2AD
FFFD7101
00006060
0002F561
0000BC3D
FFFBF7A6
000276AB
FFFE1859
0000D2E8
FFFECCA0
FFFD139B
FFFF2D7C
000121CE
0001EC04
FFFD209B
FFFF9B90
000136D0
FFFE4B3A
FFFE9549
FFFE0B25
FFFE3DB8
FFFE3C3D
0000E385
FFFE968C
0002B4A4
FFFED098
FFFF4A51
00002F3D
FFFDCA52
0003383B
0000DCCD
FFFE54B9
FFFC4B44
0000C875
000088A9
FFFE686E
FFFF1CC1
FFFD85FE
FFFD77F9
FFFDD06F
0000B2EB
00016735
FFFFEB71
00004D0C
FFFF604C
00002F7A
FFFDD13B
00004F72
00017BF9
00017B5A
000115E3
FFFF6B24
FFFF00DD
FFFF2C9D
FFFFAEED
FFFEC2B4
FFFE06CB
FFFFEB70
0000C4C8
00026AD2
FFFEB877
000001C4
00009A8A
FFFEF8F8
000086E4
FFFEE1C9
FFFDE505
FFFF8421
0000EACB
FFFC7ED6
FFFDF2DD
FFFD67DF
00004883
0000724B
FFFFADBC
000189C2
0001660A
000162C1
FFFFBEDF
FFFF5E5B
00006BD1
FFFEB8F5
FFFFC089
FFFF27E8
FFFF6DE4
0000B42B
FFFE601E
00002077
00023D0B
0000A86B
FFFF75D2
FFFF62AD
00001DD1
0001CCA5
FFFF717F
FFFE7553
FFFFD5C6
FFFD7004
FFFFCAB5
00019248
FFFF7BF5
0001B92F
FFFDC5D5
FFFFFA76
FFFDD3AF
FFFD7890
FFFE79BD
00006A5A
FFFD74C3
FFFF8E2C
FFFDE926
0000F32B
FFFE5CA6
00007E30
FFFE9868
FFFF3D13
00013369
00011745
FFFEE7CB
FFFF7586
0001F934
0000415B
FFFEA4C0
00018C5A
0000F17F
FFFF5747
00032140
00032700
000149EE
FFFEAD2E
00026E60
FFFFA839
FFFF3C79
FFFE1AA0
FFFFD03C
FFFF494E
0000F28B
00014A97
FFFFA344
FFFFFD4E
00023D8B
00002EA2
FFFF02EF
FFFF4008
FFFEDAF9
00007C54
0000A670
FFFF7C6C
FFFF3EF8
00013372
FFFF0770
00011190
00027455
0002106B
FFFEADC2
FFFFE0E4
FFFEDDA9
FFFE5BEA
FFFCB64C
FFFCCC57
0000096A
FFFFA055
FFFE5630
FFFDF231
FFFEA118
FFFFCEDA
0001C733
00021575
00003D59
FFFE9598
FFFE5223
00009D79
FFFF230E
00012E32
FFFFD9D8
FFFF6D31
00003E12
FFFFB9EC
000042BF
FFFF74F6
000062A9
FFFF8B21
FFFF4F54
FFFF3796
00027397
FFFF9EF9
0001EE63
FFFFA657
0000B2F7
0000824F
FFFE7200
00011EAD
0000C0BA
FFFEA0CB
FFFF9AD6
00018422
000132A3
00022949
FFFE9FA1
FFFF93D6
0001C1BD
00004FCB
FFFFF5C9
0000B2A8
FFFF1B39
0000F5FF
FFFE9A9D
FFFFB6CA
FFFFA7E2
FFFE29C4
0000F20F
000170EA
FFFDBAF7
0001D4CC
00018664
FFFEDA23
FFFF9FAD
0000B57F
FFFD32BD
0000C23A
0000C15A
FFFF63BD
0000ED2D
0001740E
0000C839
FFFFFC6D
0000EA4B
000133EA
FFFF0363
FFFFAD97
0000DE56
00008AD7
00000075
FFFF782B
0000B2AA
FFFE4C31
FFFF2933
FFFFACDE
FFFF57FB
000092CD
0000810E
FFFE0C61
0000AFF6
00002747
00009677
00007E65
FFFCFB4D
0000AB63
FFFF0A9A
FFFD879B
FFFEC09F
FFFCFA44
FFFFE7C4
FFFE8CE3
FFFEB96A
00007D3F
FFFF6BE4
000097D4
FFFE82AA
FFFF2439
FFFE2B75
000122B3
00003217
000173B7
FFFF2B05
FFFF1F6F
0001CE88
0002DA82
00003836
00027EA8
000198DA
FFFF8614
00005910
0001C324
0001A00A
000087DD
FFFF457C
FFFFD6B0
00001244
FFFEE9D2
FFFE67BC
000073C3
00029D48
0001714F
00025368
00041E8D
00012CC2
FFFFE791
FFFE32E2
FFFE109D
FFFFBFF4
FFFCDA03
0001AAAB
FFFFF2DC
FFFF0372
FFFFFDD3
FFFDF345
FFFE98C4
0000D57C
FFFCEBAD
00029313
FFFFCA17
FFFE896A
0000D002
000105D1
0001B507
0000D4C3
00010C8C
FFFE1216
FFFE576F
FFFD1C5A
00009EA7
00032E02
FFFF8557
FFFDE587
FFFFA333
FFFE344C
000037AB
00003C13
0001A9E2
00002808
0000A5A2
FFFFD8B2
00028AB0
00024649
00004CEC
FFFF1CEC
00006DDF
00028414
0002356F
00005D98
FFFEE7CC
FFFFB071
00012F40
FFFE0A3F
FFFEB56A
00021BC4
FFFF745C
FFFF6FFB
00031CC5
0001F7B3
00010E9C
0001F036
00023942
000084E2
FFFDFD92
FFFF2812
FFFD6A8C
FFFFE2A2
FFFEEF0A
FFFDC0A6
FFFF9D4B
FFFECE99
FFFE58FE
FFFD3559
000262AA
FFFF9FC3
FFFE00BE
0001EFB8
FFFF31A3
0000E157
00013C71
FFFE12D7
FFFFDE12
FFFEA469
FFFE7451
00011960
0000C027
FFFE753B
00001453
FFFED273
0002077E
FFFF32C8
FFFFEC42
00011903
00003195
FFFEFE88
FFFF0A43
00007C3C
00003840
000030D5
000133F5
000104BD
FFFE7782
00008691
FFFF6525
FFFE7075
FFFEFF5C
FFFD326A
FFFE114A
FFFE8269
FFFE70D6
00005782
000112E5
0000832D
FFFF9B83
000008A4
FFFE14FB
FFFF7033
0000E88C
0000F7CC
FFFDEE3A
00002AC4
0000F4FE
FFFE88DF
00016814
FFFFA313
00018C25
FFFE2720
0001846C
00016075
FFFF4213
FFFF425A
FFFE0DE1
FFFDCE01
000028FE
FFFF61DF
FFFFD934
FFFDFBBA
FFFC1104
0000FF3D
FFFD329C
0000E646
FFFF68F7
0000CB40
00014DEB
00020278
0000D495
FFFF7CF0
FFFF102B
FFFD9049
FFFEE46B
0002EB07
00018FB2
0001A79B
00023C13
00000463
FFFDD39F
000190DB
0000DD47
00020194
000143F5
00008E8A
0002B436
00001EE3
00021FEB
00006424
FFFF42CF
FFFED915
0001136C
00000EB6
00016A2E
0000CB8E
00015262
000319A9
FFFFCF6B
0001A948
000184EA
0000BC5C
0002C2D4
00009349
0000B2D2
00010F6F
FFFF479B
0002A21A
00019ED7
000043EB
FFFFF2BD
FFFF8A43
0002062E
00024F19
000091E9
FFFF6310
FFFEF28B
FFFEF71D
FFFF6FB3
FFFEA9B4
FFFEFC9F
0000649B
FFFE9397
000269CF
00017561
00010A67
00013506
0000CC0B
00017837
FFFFA947
FFFE034F
FFFEF40B
FFFDC3EC
FFFCA189
FFFDDE26
FFFE81A5
FFFF3BC7
FFFE98DC
0000462F
0000039F
0000EE3C
0001F555
FFFF9335
000281A5
FFFE4F0F
00015C8E
00003418
000148FB
000053E8
FFFFA0BD
00007353
FFFEBE0F
00004E80
FFFE15C4
FFFE61EC
000089E1
000054A0
FFFF77F7
FFFDEFB6
0000EE5F
00029666
00016DDF
FFFFA8D5
0000DF9F
0001A72D
FFFE4891
FFFF6511
0001217E
FFFD6FAC
000087F1
000121BE
FFFEC75A
0001136A
FFFEA0E5
000060B3
0000C3A1
00014BB5
FFFEC864
FFFF60FB
FFFEAB18
FFFFE840
00013C9B
00023DBC
FFFE10FD
000052CD
FFFF77D9
FFFDD370
FFFCB42F
FFFE291F
000059CD
00007638
0001EAED
FFFDBC61
FFFEBC48
000111DE
FFFF4359
FFFEDEEE
0001AF76
FFFEF5A0
00006DCF
FFFF95D7
FFFDEE23
FFFFF9E7
FFFF1037
FFFD8FFB
0000396A
0000AE26
000123AC
000076FC
FFFF2D0B
0000896F
00026EE7
00011F7A
0000275B
0001C780
FFFF379E
00012C13
FFFFFA41
FFFFABDC
000081B9
00008CCE
FFFFD703
0001D084
FFFEBA55
FFFF53C4
000111AF
000219AF
FFFFBF48
00006D47
FFFF7DD5
FFFF5E42
0000B87B
0001C0F6
00031709
0003A37A
00007D06
0001D3CF
0002B53D
FFFFD78D
00012234
FFFF64AF
FFFF660D
FFFF9021
000289B2
0000BFCB
FFFF8D48
000088CD
0002C2E4
00003ACF
000166C8
FFFFD539
00012D57
FFFEB564
00015FF1
FFFE5643
FFFF888C
0000C57A
FFFD89B5
FFFF6D75
00000931
000070AB
00004DB4
FFFE0F57
FFFE326E
000045E2
0001643C
00015FA6
FFFF7065
FFFF8A66
FFFE355E
0001302D
FFFFC57B
FFFE4994
FFFD7F04
FFFF9B39
0000BD36
FFFFA788
FFFF20EB
FFFE05BC
000093DC
FFFDF847
00019756
000059B1
0000C346
00011B1A
00017AAB
00000A60
000079A5
FFFE033F
FFFF61BE
00007AEF
00001DF1
00003E36
FFFCDE84
FFFE332D
00000F16
00011FDA
00002043
FFFCDC7D
0000B0C0
FFFF2261
00015003
0001C9F2
FFFF748F
0000016B
FFFFEC3B
FFFED022
FFFFE47A
00003371
FFFF4C21
0000B9B8
FFFC8D7D
00011B41
0000F32F
FFFC42BE
FFFC2034
FFFFBCAF
FFFBA701
FFFD8E09
FFFF0327
FFFDED4E
0000E7B4
FFFE3EDA
FFFDE639
FFFF9E18
FFFE163F
FFFDC033
FFFDCC0F
00015D77
FFFF9DE9
FFFE2D36
00019004
FFFFB30D
FFFD5202
FFFEF81F
FFFE0075
00018F7A
00008BBC
0002FD9C
000161C7
FFFF94B7
00006CD5
0000FEC2
FFFF2057
0001885B
000014DA
000080E2
0002BF89
FFFDB9DC
00002327
00002BC0
000086F8
FFFE0679
FFFECCC0
FFFCAD94
FFFFA1D5
00007A81
FFFEC253
0000D8A3
000277E0
FFFFBD7B
FFFE722E
FFFF4E10
FFFEC833
FFFF922A
0000D173
000242ED
0001C7BD
FFFD9B6F
00018968
FFFF8009
FFFF3957
000082CB
0000C16D
FFFF7B4E
00016D06
00021F62
00024336
00005421
00021856
00019F7E
0000FAF4
00028F12
000314F1
FFFD5377
FFFC554D
FFFE2321
0000B97D
0000E3C4
FFFFE15E
FFFFB361
0000499D
FFFD6E10
FFFFD631
00013301
0001B657
FFFF5916
FFFEE666
00007E93
0001D243
FFFE0FB1
FFFF19CA
00027DDF
00015EB5
0000E031
0002542C
0002699E
0003D45E
FFFEEAED
0001BA4D
00001A87
FFFE4403
00023FB6
00007061
00009D8B
0000E0CE
0002B995
FFFF0AA7
0001167D
000101D3
FFFEFFAB
0003B9A4
0001FADD
00021BAF
0000684D
00010381
00035A84
0002AC39
0003D92C
0004C97F
FFFF3FAA
FFFFECA3
FFFF6EB3
0002FB7D
FFFD1C36
00005BE5
FFFFCC58
FFFD813E
0000A119
00037C5A
FFFFC4FB
00005BFF
FFFEB197
FFFD6D12
0001C8CA
FFFF3574
FFFF3D22
FFFF613A
FFFFC06E
FFFC7F06
FFFD5F00
00016342
00010B5C
0000E57E
FFFF42A8
000074F7
000163D8
FFFFF6B4
FFFD4CC2
FFFCC14C
00010DE1
00009711
FFFE658E
000218A9
00032205
0002CC07
0000F467
FFFDC20E
FFFE809E
0000927B
000116C9
FFFF6D4B
0000892A
FFFE9F8F
00017459
00017D5F
FFFF730E
FFFF8D0E
0000ACBF
0001F53A
FFFF66AA
FFFF59C6
0003307F
00001D2C
00021A0A
000352CA
FFFEBEE0
FFFF5833
0004B07D
FFFF2311
0001301D
000251D6
FFFF3E2A
0000F7D0
000257FD
FFFEFF4A
FFFDF694
0000133C
00013BD4
0001E77F
FFFE8CA7
FFFFBD97
00014FE7
FFFEB161
00001856
0000D9F1
FFFFFC83
0002BE2C
FFFF601B
FFFF61C4
0000828F
FFFF2461
0001F4C7
00030315
FFFE5DC4
00012E2A
00001866
00013A73
FFFE3E7E
FFFE8556
0001FA4D
000081C6
FFFFE799
FFFF89E6
FFFFEC0A
0000CF46
000040BF
00012451
0002DF8F
00029C3E
00003F40
0003E5D0
00008863
FFFF6243
0002C4C2
00026F49
FFFF58AF
00014EA1
0000BFC5
FFFDBBBA
FFFFA181
FFFFDEB6
FFFEAAB6
FFFFF3B6
FFFE02EE
0001553C
FFFF31EF
FFFED276
0002A0A0
00012A57
0001612D
000099DF
0000B61F
00028D63
00027269
00021967
FFFF2957
FFFFB33E
00037E83
FFFEC7F4
0002D90F
0001483F
00029BF1
0002A03F
FFFE7A13
0002853C
FFFE8B24
FFFE9CD6
FFFF1AF7
FFFE9183
00016CA2
000122C3
00007616
0001A29E
FFFEA030
00002277
00015D8C
FFFF7B44
0000520B
0000B478
00035A9E
FFFDA8DF
FFFD9D21
FFFF9555
FFFF53E5
0000A183
00013D15
0000CE01
FFFEFA49
00016738
FFFFFC8F
00005C12
00014E0F
0000D1B5
0002EE24
0001E3F9
00008068
00013C55
0001BDD0
FFFD0DC9
FFFD538D
0001EBAB
00002B70
FFFF7399
00012F47
00001E82
FFFE6B20
0000B2AD
00018B04
0001109B
0001F27F
FFFF6271
FFFF63B5
0001D07E
FFFD7635
FFFF87A0
FFFD80C5
000074EA
000147F4
FFFE41DC
00012882
0003030E
FFFF197D
000322DD
0003CFBB
00007CCA
0002284F
FFFFCDC4
000289EE
0003E31F
FFFEFE33
0000D118
00022652
00022E33
00022D7B
00037C15
000228F6
0001AFC4
FFFEA08F
0002AE9A
00030A99
00004C7C
FFFF9535
000042B6
FFFD2A7A
00000062
0002452E
0000464C
0002A1A3
0000EFE8
00013DE5
0002D18A
0000C29C
FFFF81D3
FFFF63DE
FFFD5553
00007AD9
FFFEB4EA
00005690
FFFDC5E2
0000B5B1
FFFC30C4
00004876
FFFD5D3E
FFFF879F
00011AA1
00023D69
FFFF4293
0000EC2D
00009C6C
0000334C
FFFE8AC5
0000B846
FFFF1EB5
0001930F
0000D5B6
FFFDBADF
FFFE780A
FFFDD82F
FFFDA17B
FFFF915A
00010E11
00024D24
FFFED3B9
0001B507
FFFECF45
FFFFAB3C
FFFEA5E9
0000D174
0001BFC3
FFFE13FF
00016D5C
FFFD68C6
FFFCF2AA
FFFDC005
FFFEB46F
FFFE0248
FFFE56F1
FFFFF308
FFFCCF67
000205F3
00018E72
FFFE24DB
FFFF2141
0001FCA5
FFFFB564
FFFE4219
00004C13
FFFF36DA
0003A7E9
0000F3EE
0002CB43
FFFFF496
FFFE03F2
00025BF2
00019688
0001CFCF
0000310D
00005939
000253D3
FFFF9A42
FFFDA212
0000AB08
00004F35
000070A6
0000E071
0003ED57
FFFEE160
FFFF00BA
0002B04A
FFFFAEBB
FFFE5937
000149F0
00011678
FFFE0304
FFFD32EA
00021406
000141FE
FFFE138C
FFFD3616
00007072
FFFEA545
FFFF9190
0001865C
0001CB14
FFFCE140
0001EB6A
000023FE
FFFDE334
FFFE9650
0001558E
00000AC3
FFFF886B
000010C0
FFFE4359
FFFE5961
00003D5A
FFFF9080
FFFDD21B
FFFF7F9A
FFFF2E1C
FFFEBCD1
000063CB
000132E3
00007289
0002DBD8
000097AF
FFFF9497
FFFFA032
FFFE040D
0000E137
FFFDD35A
FFFD5224
FFFFA426
FFFE5479
000089CF
0001B053
FFFF2CC9
FFFE9D00
00015A56
0001ACE2
FFFFC30F
FFFFCFD0
0001CF3A
0003A451
FFFEC051
0001F3D8
0001F16C
000376EA
00001192
FFFFEB84
0000DE7B
0000662F
00004722
00018B49
0002B42E
00005D42
FFFDE1DD
000195A5
FFFFA420
00026677
00032D8F
FFFE6DE1
0001C987
00032069
00002AF2
0000D6B9
0001996D
00026F41
FFFDDE1C
00002496
0001A328
0000A7E6
FFFF8122
FFFF8B24
000170EB
0001E834
FFFF6548
0002F51F
0001E5F0
0001C5FE
00020C97
0002494F
FFFEA62B
00037522
FFFD818D
FFFD8A40
FFFFB291
FFFFF840
00004B80
FFFE3909
0001844F
FFFEAB59
0000B2DE
FFFFAB1C
FFFFE176
00012E72
FFFF714A
0001C40D
000000A4
00013B14
FFFFD0AA
00023629
FFFC514D
FFFD79A3
00013190
FFFFEC0F
FFFC51C1
FFFC9EAB
FFFFC551
FFFDD9D9
FFFD1C63
000071DC
FFFD7E48
FFFEF612
000062FF
FFFEEDA4
0000A17A
00013BC8
FFFF8798
FFFE3F5E
FFFE92AC
FFFF4929
FFFB5688
0000D333
FFFD2924
FFFF7AED
0000588C
00002AC6
FFFD32FB
0000A3FE
FFFD483C
0000665F
00042709
FFFFD8A1
FFFE2863
FFFFC51E
00014EB7
FFFF4169
0000928F
00013D30
FFFD6157
00003DFE
FFFE8ED5
FFFDF253
0000F86D
00011606
FFFE8A30
0000E383
0002D48A
FFFFB9E5
00013ACA
FFFED79E
0001A6EA
000340C9
FFFFACC8
FFFF9E9E
FFFE206F
FFFBFE13
FFFD1A25
FFFBD85B
FFFF50BC
FFFC9194
FFFE10F0
FFFE0BD2
FFFFB79F
FFFF9DDE
FFFF9336
00010B54
0001D33B
00008604
000208B3
0000FC01
000000A6
FFFE801D
00007332
FFFF9108
FFFDC683
FFFEF5B6
FFFDF5A6
FFFCC9D8
000190FA
FFFE4928
00015419
0000211B
FFFF14F1
0000ADF0
FFFAC390
00008241
00002A36
FFFED13A
FFFDE041
FFFD8FD9
FFFD762F
FFFF5695
0000B842
FFFFBC12
FFFD5FF0
FFFEE0AD
0000DF1C
00027BE7
FFFECA86
0000842E
00004708
FFFFA34F
00011FE2
FFFF4B21
FFFD226A
FFFE0B6B
FFFE6F03
FFFFCE12
000091C2
FFFEC844
0001DCEB
00025771
0000BDDD
00008F16
FFFD905D
FFFE195F
FFFE22A0
FFFFD158
0000B0AC
FFFF9AFD
FFFF44EB
FFFF5E5A
FFFEAD6B
0000EFD8
FFFD8910
FFFC6C1B
FFFF7123
FFFF98D4
00012C51
FFFDD3E7
FFFE2910
0000F199
00033DF5
0001F32D
0000EB70
0000C8CF
FFFE79C2
FFFBE7F3
FFFE2EAE
FFFD1EB1
FFFEB6B3
FFFEDDDA
FFFFD814
FFFC77A5
FFFDF400
000083B3
FFFDD00A
FFFFD6BE
FFFF3522
FFFFC603
FFFD8275
FFFD348E
00011CD8
00009F12
FFFF045E
0001A5C4
0001D9B6
000113DC
FFFE8685
0000347D
00023F26
FFFDAD02
00005718
0000EE1D
FFFFC695
FFFE3F59
000312F7
0002D9D4
0001574A
0001EFB2
FFFF4C56
FFFFFF92
FFFFCC65
00033664
00010CFD
0002C984
FFFF1E6E
00033114
0001AFA1
000066BC
FFFE57F1
FFFF5F45
0002F901
00001977
FFFE5A55
0000E2D0
FFFDC370
FFFD0B4F
000037AD
FFFEB151
0002960F
00026ED2
FFFDFB1F
0000B9B1
FFFFF369
FFFCF48D
0000F7BD
0001AA10
FFFFEB11
00005FB5
FFFF880D
FFFF7AB2
0000F8E8
FFFFE334
FFFBF605
FFFD1E0D
FFFF88CB
FFFFF08D
00006F30
0000E9F3
0000320E
FFFF0150
FFFE551E
0001CE0E
FFFEA7A4
0001BD80
FFFF8D08
FFFFFE0E
00012050
00037224
FFFFD733
00042952
0001A88A
FFFEC7F9
000061B7
00027FFD
00019885
FFFDEFBA
0002E5A8
0001CD8B
000409DF
FFFF4D8E
0001971C
0004018C
000279E1
00016CB5
00031DB5
FFFFDA2B
FFFDA4D4
0003BC5E
00025453
00030947
FFFF0D5C
00011486
FFFF5C83
FFFDD134
0001030F
FFFF826A
FFFC0A2A
0001AE87
00004F7E
FFFF4211
FFFF0F09
FFFD7091
FFFE9710
00008586
00003B4F
FFFDCD52
00002E07
FFFE5B53
000074BA
00001B32
00004F9D
FFFFF1A1
00036BE6
00006B3D
FFFE8505
FFFEEF4C
000132F5
0001471B
000034E7
FFFEF585
000024DC
0001E170
FFFFCF89
FFFD7C32
00010544
FFFEDF65
FFFF6D01
000120AD
FFFEE719
FFFF3DBB
0003553D
FFFF37E8
FFFFFC5A
00019A06
00006F32
0000F1BB
FFFD58B1
00017CFA
00022A69
00007063
000345A1
FFFD9499
00003247
00013566
FFFFFDD4
FFFF0518
FFFFDC5C
0002C2F1
0000CD13
FFFEFA20
00011351
FFFFB44E
FFFE6CA6
FFFF44CA
0000543D
0004D413
0001CF07
FFFDC06A
00025B48
00036F0D
FFFFA2B5
0002EE7B
00020EA6
FFFCC876
FFFC9798
FFFFEBB8
FFFFDAFA
FFFFC669
0000B9F5
0000F0F2
FFFF60F5
FFFF5DC8
0001389F
00016D42
FFFC6F30
FFFC5A7B
FFFE24B8
FFFCA125
FFFF7AA8
FFFF45C9
FFFCAFCD
0001FB86
FFFD46E9
FFFEF883
000167CA
00034C7F
00009FB3
FFFF12E6
0002BAF2
00024674
0001F077
00017C75
FFFF58E1
FFFE5918
00013814
000093C8
000057C8
FFFD6476
FFFFE305
0002AD4A
FFFE8785
00018383
00014B31
00007DCD
FFFF6495
FFFECE5C
FFFFEB43
0000FF29
00008752
0001B3A3
00002EA8
FFFF6507
FFFE6FCA
FFFE342C
FFFF2F09
0002B1F5
FFFE9565
00003643
FFFF4B96
00014CCF
FFFCB41D
FFFD4E67
0002F0BE
000220D4
00015BDB
FFFED4DF
00030CB4
0000473A
FFFF3D23
FFFCA155
FFFC2F1A
0000B4B1
0001AA56
00003AAF
FFFFA321
000275DC
FFFF588E
0000923D
FFFEBC27
0002E3C2
000278EB
0000D494
0000B3D3
000154AA
00037EC1
FFFFE5EA
0000C2CD
FFFFF1DB
0000B4B6
00025114
00007252
000187CF
00004140
0001BF5A
00006811
0001587B
00005430
FFFF8A85
FFFF9650
000303A8
0000CFE2
00011E11
00021A95
0001D601
00030DCB
0002405A
00019861
000242A9
0000408B
00002653
00009861
FFFD7080
FFFF583C
FFFE8E26
00020FFC
FFFCB4E0
FFFF48F7
FFFD4617
FFFDD9B7
FFFC885D
0002C13C
FFFFBAC9
00008870
0001C105
0001A7AB
FFFE9D31
0000088E
FFFEE8D3
FFFEEFB5
000235AE
0001E719
00010505
FFFD425F
FFFD7E73
FFFFC1A6
0001365A
00012287
FFFE227E
000044E7
FFFEA844
0000FB4A
FFFC6DB7
000068AC
FFFF3F7B
FFFCD0A5
00019EF9
00026C40
000399A7
00015422
00011A6F
FFFF3CF6
0002B5C7
00015429
000260B9
00038370
00000001
00009A58
FFFBB2ED
FFFE52C3
00001C07
FFFF31B6
FFFECFA0
00011C97
FFFD8719
FFFE9666
00010432
0000D730
FFFE7B49
FFFECF84
0002433F
0000F83C
00001AB3
00006BCB
FFFD3DB8
FFFDB1BF
FFFF1415
FFFE7694
FFFCBD08
0001F116
FFFDAE76
00005678
FFFE98CF
FFFD8238
000022F6
FFFEF1B7
FFFF594B
00005785
FFFFC97F
FFFF1A0E
FFFE4C75
00013026
00000D3B
FFFEC583
FFFC8370
000237CF
00015666
FFFFA820
00022182
0000BF53
FFFF2949
FFFF53AC
FFFE21F6
FFFE8BC5
0003CE84
0001BB9B
FFFE8BC2
FFFE3117
000110F4
FFFF6B4A
0002ABCB
00011979
FFFECE65
0000AC46
0002970A
FFFDAC81
FFFDB16E
FFFFBD95
FFFE44C5
FFFD1232
000131DB
FFFF2721
FFFF15EF
FFFF16A1
FFFF0B4E
FFFEC255
FFFEA1E0
FFFE6031
00004593
0000B806
00008698
FFFFA1DD
00012716
FFFF9C29
00003AC6
FFFFAD03
0001B73A
00010353
FFFEEEFB
FFFEF5D8
00010CE7
00040756
0003D9DB
FFFF7A6C
00004E56
00032904
FFFEAC7E
00028BB9
00008E14
FFFE0561
FFFFD0A2
000024AC
FFFF8963
FFFE8309
00007EC6
FFFDA394
FFFEF87F
00015220
FFFCEA7E
FFFF5D5C
FFFFEFF9
FFFFD6C9
00025413
000029BF
FFFD0770
FFFD27CE
0000ACA4
FFFDAE80
00022E05
00004F53
FFFF96EE
00038572
FFFDCD10
FFFE15F9
0000A762
FFFD67C7
FFFE46A4
0000013A
00004DDF
FFFE107F
FFFCF44C
000339BB
FFFDCAAB
0002A242
0001ED94
00043EF4
FFFBEA25
00005EC0
FFFD8195
FFFE55FE
FFFCE190
FFFCF71E
0001DBF1
FFFCD3DB
0004B86C
00018D7E
0001E381
FFFFEE05
0004EDFD
0001A459
0002BDB0
FFFE64BD
FFFD47A5
000053E2
FFFCC779
0000CD66
FFFE98F9
000194E7
FFFFDD8F
FFFC6AAF
00047792
FFFE11EF
0000D931
FFFF5075
0001D861
FFFFB31C
000133C3
FFFDE796
00028F06
00027658
000149C3
00004E31
00025E49
00013E36
FFFD73CA
0003283F
0003AEE7
00024AA9
00036E41
00014D51
0003AD81
000421E3
00043A7E
FFFFCFC5
0005F10E
00000921
0000F5D5
FFFD38AC
00021573
000107FB
000032B7
0000C6DD
FFFCD0EA
FFFCEB2F
FFFB1B38
FFFC436A
00053EDE
0002E07E
FFFED0FA
0004B940
0002CDB7
00033B3D
00023508
00061CB5
000526FC
0003248D
000055E8
0004EC9B
0000C50E
FFFD5B80
00023037
0003817A
FFFE84E7
FFFCC9C4
FFFE4248
FFFEDCC4
00002049
00000686
000036B2
FFFD8A7B
0001035F
FFFD527F
FFFE663B
FFFE142A
FFFCD889
FFFE2E4E
FFFFB575
00036F0C
FFFDF807
0000AF24
0002184C
FFFDB665
FFFF1AC1
FFFF0DB1
000357E7
0003CBF6
FFFE89BA
FFFF4673
000050A2
FFFF4E11
00006F2F
0002B8C9
FFFFED52
0000054E
0003B2A7
0002E8BF
0003E085
0002191F
FFFFCB13
00012396
0003AF04
000196DC
FFFE0920
0002B290
0001749F
FFFE7ED7
FFFEDB1B
0001BA95
0002FE90
FFFD6394
FFFFBED7
000009B5
FFFD494F
00013610
FFFC9AD4
0003FB09
00038DA2
000147A0
FFFE434E
00003E07
0000C15A
FFFF0E9B
FFFE8144
0001F192
00023DE8
FFFAD9E1
0001B2D0
00021725
FFFEB413
FFFE8960
FFFEA8E2
FFFDAF5C
FFFDB2AB
0000F5E4
FFFF0F91
00005A7F
0004B7EA
0005EF0A
00020E8B
FFFF879F
FFFE7354
FFFE4630
FFFE9E4A
0001A025
00031AD5
FFFDF0F0
FFFEAE1D
FFFE2498
FFFE4E6E
0001567D
0002AA3F
FFFE0356
FFFA447A
00033CB4
0000DEC4
000045C5
0004AE87
FFFFCF2B
000080B8
000097D9
FFFDAECA
FFFE205C
0001F0ED
FFFE7995
00048D7B
000290FD
FFFE3265
00005FF5
FFFE2335
00008117
FFFDDC7E
FFFC77FB
FFFCFE20
0002E901
00027D6F
0000FEF0
000381B1
00023B52
FFFE02EF
FFFDEB93
FFFF1187
00000B36
FFFE08B2
00027FE2
00047E00
0000CAD3
0000CF35
0003A827
0000E738
0005BAAF
FFFCC814
FFFF7D7F
FFFFB321
00016FDD
FFFEFE18
FFFFC682
FFFFF22B
FFFE3FB5
FFFE0AA9
FFFF5491
00001595
FFFDFC95
00024E50
00033E5C
00053C69
00012A98
FFFFFCE8
0001CCF8
0002ED04
0003F0D3
FFFE50F6
000460FF
0004C11C
FFFF42FF
0000A6AA
0001EC54
0002D2D9
FFFDC89D
FFFDA631
FFFF3448
FFFDE105
00013EBE
0002BF41
FFFFE340
00000CFA
FFFF1BF7
00022CA5
0000D28C
00010135
0001499F
FFFBE2EB
FFFDBADD
FFFFAAD5
0000277E
0000262F
00007BFB
FFFECEEE
FFFEA8D0
FFFDD4DB
FFFEAA47
00012DEE
FFFE91FD
0001D646
FFFC9654
FFFCD853
FFFC7A78
00033C7B
FFFF72C3
00021FB1
FFFFCF05
FFFF2B43
FFFF7C12
FFFFD840
0002B82E
000247EE
0004AE6C
000414A0
0003BF1C
0003DFCA
00018E47
0000C6E6
FFFF139E
000281EB
0000DA00
0000B455
0001A00A
0000AA32
FFFFFCED
00019DB0
FFFD3DB5
FFFD1070
FFFF1BC6
0001811E
FFFC543D
FFFD4D49
0002268D
FFFCA66D
0000EB8F
FFFEE331
0000DC11
FFFD26BA
00011233
FFFCC24A
0001B388
FFFD097B
FFFE15BA
000210DB
FFFAE4A3
FFFE0E78
FFFECDC3
0002E80C
FFFD30DF
FFFE668D
0001E231
FFFD3B67
FFFF7817
00013CC1
FFFFA30C
00028986
0004589D
000389A1
0000D2AD
00036A43
0004729C
00045A81
FFFE3D56
FFFF01A2
000237B7
FFFE696F
0000691E
0004104A
0002C30E
FFFE1635
000225D1
000498CC
FFFF9141
FFFEEC03
0001952A
0000A44F
0002DD47
0004118A
0005E283
00002ADC
00022718
00014901
00013EFC
FFFF5753
0000CF90
0003C7BC
000322DE
FFFDAB79
00051FBF
00013B3C
0002678A
000294E4
0000E613
FFFEA046
FFFBADE3
FFFBD789
FFFF47C0
FFFEB456
00021D1D
0001A0D2
00004C7B
00014EC4
0002D5FD
00010633
00013F20
0000AFA1
000183FF
FFFFD07A
00016531
0003CC1C
00021A99
0001F8AE
00049A12
FFFF62FB
0003A743
FFFFEB1D
0003D3BD
00035BA2
FFFDA6B9
FFFD58C4
000260A4
FFFE07C1
00002613
00004801
FFFAF77C
00000B1F
FFFE1E3C
FFFFFC64
00030A6E
FFFEF7DF
FFFEF1BA
0003DBB3
FFFFD4CD
FFFD6793
FFFFC129
FFFF7800
00012EFB
00021FA6
FFFE674D
0002FD20
00033A2E
0002FA0F
0002FF16
0001D365
FFFF220D
00022D71
FFFFF05A
00030CF4
0003B3B5
00057503
000336B1
FFFE3AD4
00023731
00047273
FFFFD2E9
FFFD6D5A
000302DF
00049180
FFFFA8BC
00038F43
0000E93C
FFFE74B5
FFFD5785
0000D95E
0001030C
FFFE45FA
FFFD77F0
00026EA3
00032FA0
0002D637
0002AE9B
FFFE5D33
FFFDD73C
00004CCB
00015F52
0000881E
FFFDF384
0000085A
FFFFEF16
FFFCA8F2
0002ED8D
FFFCF55E
00012E46
FFFFE60C
FFFE46D5
FFFB02B8
FFFE276A
FFFDBA16
FFFD8412
FFFBF7E3
FFFDD2BF
00014B0F
FFFF8C8C
00023289
0000266C
000375FB
0002FC88
00011921
000158E0
FFFC75E6
0001516D
FFFD0EF9
00007E44
FFFD98D5
FFFFADAE
FFFC5F99
0000D4B8
FFFD3630
FFFFE510
0002168D
0002D199
000034C0
00026CF4
0000B4D8
FFFF6AB3
00030734
000159BA
FFFC58E5
FFFFC1CD
FFFF660E
FFFDAF86
FFFEDDED
00007AB8
FFFF2A2E
FFFDD022
FFFBD34F
FFFD034A
FFFC87B3
FFFE6A33
00036316
0000F2C7
0000013E
FFFE032F
0001D5C9
0000E1ED
000294D3
00026084
0003A943
FFFEE58F
FFFE8ABD
00005EA7
FFFCCF50
FFFDBD62
FFFF93DE
00013504
0003C752
0004AF0A
00024C66
00017627
0002135C
0006045D
00056612
000396E3
0001568B
FFFE4EBD
FFFDEC66
000186A2
000294DE
FFFEA64F
FFFD8900
FFFF43A0
FFFD6F0E
00011A6B
FFFBCD91
000153B5
00006818
00027D38
FFFE7136
FFFD46C6
FFFDB580
FFFD817E
FFFED8FF
0002AD7C
000348E0
FFFF1F74
FFFF6910
0002AE32
0004712F
0002D124
00037053
FFFC2441
00001D13
FFFA386D
FFFFCD03
FFFCF239
0000FF7B
FFFF5B2C
000159F8
FFFAFAA2
FFFDE10A
0001017C
00020536
FFFFA039
FFFE7583
000135C1
FFFD80EA
000173B4
FFFE21EA
0000885C
FFFEB622
0000A967
0001FF83
0000E30C
00008502
FFFDDA9D
FFFCD752
0000769C
0001DD7C
FFFEA2F4
00005FF0
FFFDDF06
FFFF3330
FFFE12C6
FFFF6440
FFFE5081
FFFF187F
FFFFC03D
FFFFFFA0
FFFF048F
FFFF121A
FFFEB211
00005FCD
FFFFD232
00007006
00010996
FFFF574F
FFFF4D33
FFFEDE1E
FFFDD4F2
00029522
000014A2
0000D205
FFFE9504
FFFF5BD7
FFFFC414
FFFFBFAB
FFFD7E91
00006691
0000954F
FFFE79AD
FFFD8E6A
000044A8
FFFFD091
00016278
00002D06
FFFEF030
FFFF7B84
0001CAAD
FFFEECF1
FFFFC0EE
00013289
00002338
FFFD3E0B
FFFFED6F
FFFB22EF
FFFDCEAB
FFFE6641
FFFD57F3
FFFBF508
FFFDAC18
FFFC6D75
FFFF4F3A
FFFF3E5F
FFFCD052
FFFEB8CB
FFFE3825
000072B1
FFFECAAE
FFFDCA49
FFFEBAEE
FFFECBCD
FFFD41EA
FFFFF019
00007F47
000209C5
FFFD5A80
0000BDB8
00025981
00019B21
00000CA5
0002AA5B
FFFF120F
00001364
0000AC15
FFFDE170
0002726E
00042F27
0000D24C
0000AE63
FFFFCE2E
FFFED2BA
0004428C
FFFDCF0B
00005BC7
0000C4DA
00012A3E
000089DD
FFFCFE81
FFFC430E
FFFF7C3C
FFFF09F7
FFFD1583
00007720
FFFE2B9B
000097C2
FFFC579C
0001E314
00002C7E
00002E80
FFFFFE97
FFFED493
0003831F
FFFF7E8C
FFFDA5F2
00026E31
FFFEA76C
0001EFAD
00009C0D
FFFEE918
00011CF7
FFFEB03E
000146A4
FFFF3120
000071DD
00045027
0000008D
FFFEAFBC
00005563
00007531
FFFE8F4E
0000FE33
00035E2C
FFFF41D2
0000A9BB
FFFE8929
FFFF4600
0000C06B
00020392
FFFF0086
000093FF
FFFE7873
FFFE63DF
0002160E
FFFE0CF1
FFFFDB45
FFFF823E
00029468
0002651B
00004E11
00010244
FFFE0CAB
FFFE9BF8
FFFF6F86
FFFDFF78
FFFF0643
FFFBE385
00003C83
FFFCBBDA
FFFCE4F9
FFFF8145
FFFEDB80
000248AC
0003A4BA
FFFEC3B5
000247B0
0000A4D4
0001729E
000126C2
FFFF1724
0002598E
00015BDC
0000FDE2
0002E6EE
0000FB5B
00036859
000043C4
FFFFEDE8
0000D57C
FFFD8F53
FFFFCF39
FFFDACE4
0000E89D
FFFDD0BE
FFFE42E7
000233EB
00014099
FFFEC364
0000B58B
00019B56
0000F293
000017B1
000164F4
FFFFDDE5
0002833B
00013A8F
0000BC34
FFFCF8FC
0001B64F
FFFE017C
0000852A
FFFEAD59
FFFE75AD
00020A48
FFFE1449
0002330A
00022809
000281C8
00032E74
00032387
000187F2
0004F329
0000E961
0002A676
0004F32B
00009423
FFFF8F64
FFFF92A3
0002A9C8
0001EB43
00036224
0000019F
0000E7DA
00009D58
0000D36E
0002621E
00017F00
FFFF1D2D
0000238B
00039F76
0001D17C
FFFF185B
FFFFDB70
00004026
00005C77
FFFCE932
FFFDF71D
0000B12E
0000E7DF
00003380
FFFE6A92
000062B5
FFFF5B57
FFFEA205
00026353
00030944
FFFF99CE
FFFDF1C0
FFFF08FB
0002305E
00014167
0000CBDC
00007C6F
000081FE
00005286
0002A5C5
0002FB55
FFFF5CC7
0000F3F9
00004950
0000805E
FFFD3009
0001E667
0000B1CB
000164DF
000247B3
FFFDC267
FFFFBB16
00024849
00001AB6
00005062
000165AE
FFFDF9FE
FFFF1C09
0001CE96
FFFE3F3F
0000A13E
00002E9D
0000EE80
FFFEFBE1
00004666
FFFDA35E
000076F0
0000061C
FFFDD9B1
FFFDB739
FFFF9152
FFFFB703
FFFEED61
FFFF65E0
00014566
00022AD0
FFFFA921
0000C213
FFFE60E5
00025744
FFFC3C6C
FFFEA859
FFFD9259
00024397
FFFDEC8C
FFFD0C8C
FFFE8303
FFFFFC51
FFFE304F
FFFD0BF1
FFFE8E37
000049D3
FFFDD000
000109F9
0001BAD7
00002FE8
00022E87
FFFF4B72
FFFEBD46
FFFBED71
FFFD94F9
FFFE67AE
FFFE6855
FFFFB088
FFFE5B22
FFFFB7DE
0000291D
FFFE60A0
FFFF1303
0000191E
00007FF3
000103A3
FFFDC8FC
0000BCEB
0001BDBE
FFFDC8A9
00033DC2
FFFFDEAF
FFFFBD26
00035B74
FFFEED9A
000125EF
0000384C
FFFD8A88
00006F62
FFFE3F43
FFFF1021
FFFDE35E
00003904
FFFC7D4B
FFFFE610
FFFDC929
00006ECF
FFFF3C34
FFFE39E8
FFFED928
FFFBF041
FFFD8A18
FFFE5FC0
FFFF3F22
FFFFF187
FFFC962F
FFFF331C
0001FE98
FFFF6480
00008526
0002FF8B
0002ECFA
0003198B
0001A6CB
00013966
00018221
000195DE
FFFCAAFA
FFFF7A55
FFFECE63
000112D2
0000DC00
FFFF906D
0001DC6C
00008AD0
0002941E
00003DED
00020192
FFFFB5DB
0001CE68
FFFE404F
00025CD8
0000E2BD
FFFF005C
FFFF51EA
FFFFCB9B
FFFD76AA
FFFE04F0
FFFFD379
FFFEB434
00010E83
FFFD7EC9
00028B12
FFFF1C65
000388FC
00010FE1
0001F75D
FFFD4770
00024881
00020116
0002DF66
0002136D
00027094
0001FA0D
0001C53B
FFFF8F9D
00029BAB
000145B3
00012BEE
00028631
FFFF6DC3
FFFDBE67
FFFEB9A7
FFFE6243
FFFFB187
FFFE2468
00000D3E
FFFDC322
FFFE0DB1
FFFF2AC6
00015EAB
FFFF061F
000008D8
FFFED415
FFFE5926
00010457
FFFFF115
0000944F
FFFFFAD1
FFFFF46E
0003BB4E
00005D53
000143E9
00001BD7
FFFF19A7
FFFFA1EC
00003A94
FFFD5C4C
FFFFE555
FFFFBD87
FFFFB8A0
000053B2
0000E3A7
00024AF1
00006E87
0001E3E4
00002FB6
0001BF87
FFFE17EC
00014C10
000002B5
FFFE9F64
0001B91C
0000CF53
0001883B
000073BF
FFFCD725
0000E0EF
FFFE0743
FFFF5AB8
000074D6
FFFF959B
FFFE9287
FFFE599D
FFFDF60F
00009F3E
00029E24
00039F1F
0001452B
FFFF599D
000014A4
FFFD8C5F
FFFF3E02
000279D7
0001CC42
FFFE9A03
0000D233
FFFD41C5
FFFDD340
000090EF
0001530E
0000E73E
00015612
FFFEFF8D
0001F695
FFFF12B4
0000CEA8
00018B36
00022A42
00011D53
FFFF51AE
000242DB
0000289C
FFFFBA83
FFFFE6B4
0002B3E9
0000CC78
00007D12
FFFF9643
00023040
0001ABE8
FFFFF00E
FFFEA04E
FFFC8DCF
00015DBF
FFFF58A0
FFFE7096
00012055
FFFC42D5
0000AC94
FFFD759E
FFFFC3AA
FFFEC256
0001D104
00037D96
FFFF4BEE
FFFFFFD5
FFFECCF0
00010FA8
FFFF0604
00016B53
FFFF6DD8
FFFD5EE6
0001877A
FFFF7EA3
000022F6
0000F899
FFFF4AD4
FFFDC6AE
00010909
FFFC3BC9
FFFEE6CA
0000FA76
000067E6
FFFE702E
FFFEF924
FFFCA79E
FFFEC45F
0000FA21
FFFF105E
00020FE9
0001B5D0
FFFF4F5A
FFFFB2F5
FFFF1DC8
00033D81
0000E8DB
0002B2EB
0002197D
000209B0
00037F45
000208D1
FFFF838C
0002A32E
FFFFE229
FFFE4C8D
FFFCB8D0
FFFFDF47
FFFE1A7C
FFFD6DB9
FFFC0B84
FFFC55A8
FFFCB787
FFFE1404
FFFE4DAB
00023B54
FFFDB332
FFFE69F0
FFFF9117
000080C4
000116EA
FFFEC2C8
FFFDD8B3
0000C76C
FFFE659D
000054CC
0001A57D
00015C47
000038F8
FFFDF465
0001297E
FFFE1014
FFFD5482
FFFE9447
FFFD82AE
FFFCCDF4
0001058B
FFFE0A55
FFFF228C
FFFFD95A
FFFF7584
FFFDA16E
FFFC2D3E
FFFFCC41
00006CD5
FFFFB8A1
FFFE59DB
0001AF32
FFFE2844
00001EA5
00002752
0000E709
00024DF9
00010F70
0001CC2C
0000235E
000202E6
0001D0E8
0001C984
FFFF6B2E
000340E1
FFFE1F5E
FFFF98D4
0001A78A
00004463
FFFFDDEF
FFFEAF5A
0001B137
FFFFF75F
0001385E
0000E64A
0001A070
FFFCA9AF
000213A2
00000857
FFFC7F2A
00018991
FFFE2221
FFFF6809
FFFDF2E8
FFFD95CA
FFFEC176
FFFDA046
FFFDF1FB
FFFE47CB
FFFEDB3B
FFFF8C9B
FFFFF1DA
FFFFD323
000072B3
FFFCB04D
FFFFFEB4
FFFE0CAF
0000BE5F
FFFF4E8E
FFFFFFDA
00006A3C
FFFE35D3
0001577E
FFFF0940
FFFF1CB3
0001AE8D
FFFF61B3
0000D751
FFFE329E
00035E66
FFFD2F41
00015532
00039DFD
00026EA9
FFFE94CE
000034E7
0003CE52
FFFE54C5
FFFC0391
00008C80
FFFDCD66
FFFD451A
FFFE8BA0
FFFE2D47
FFFEE9C0
00000D2A
00031AC1
FFFE90AA
FFFF98E6
FFFE2438
0001C8AA
0000A8D0
FFFF7E32
0002181E
FFFFE5F7
00002D0A
FFFFB459
0002A110
FFFCA477
FFFE8B42
00025E57
FFFE2A5B
FFFF4596
0000770B
0000AF90
00007C42
FFFE3C3D
00014B51
0000696A
FFFE89CD
00030DA2
FFFFF33C
0000DE09
FFFDECB5
00025D5B
FFFF176F
FFFE6168
FFFFB7F2
000063A3
FFFF3C30
00006633
FFFE4A63
00022BCA
FFFDEFC7
0001C2D0
00020FC2
00015C35
000042D8
00009CAF
FFFD7ABB
FFFEB9A8
FFFE5054
FFFC4BF0
00018FC1
FFFB0C99
0000483E
FFFDCEE4
FFFE0C07
FFFF87E4
0000E52D
FFFFA2E0
FFFF09A5
FFFEC0A5
0000463D
FFFF640A
FFFADE7D
FFFCCF92
FFFFE449
FFFEA9C5
00015FE4
FFFD9925
FFFEE83B
00020051
FFFFA955
0000D221
0002C80A
00020FEF
FFFE7C90
0003DC55
00029BDA
0001188D
000048E1
FFFE0D62
0000DEAB
00012503
FFFEFA5A
000268B4
0001E1C0
00003682
0003CBFA
FFFDC99A
FFFEDEB3
0002D6FC
0001FB17
0001D170
00009277
00023B35
FFFFEC63
0000BBF2
FFFFEB82
0002F37E
FFFF4DF8
00025461
0002D2CD
000031D9
000029E5
FFFD6007
000172F0
00028BEC
FFFF4CDB
0001ECF1
FFFE31D7
00017136
FFFF0244
00009A5F
FFFF0E6E
FFFF59D4
00022103
0001E1C8
00015A18
FFFE49E6
FFFF9FA9
00031629
00002B46
FFFF92B6
0002B340
FFFD8388
0001304E
000050AD
FFFEA753
00016249
0001D504
FFFE79D2
FFFF55E0
0000C715
FFFE8D3A
00004774
FFFD1CAF
FFFF8A6E
FFFFCB26
000136FE
FFFF87C4
000076A7
FFFD7D02
FFFBAD07
00039BDC
00004802
FFFDCFF8
0001A740
FFFF6DC8
00006457
FFFF5350
0001D734
0000B1A9
00019519
FFFFEB42
0001620D
FFFF5613
0001CD2D
FFFEA2F3
FFFD51E6
FFFFF5EA
00003A4A
FFFDE19C
0001E8D1
0000AD9E
FFFE7E0E
FFFDD835
00016638
FFFD301B
FFFC740F
FFFDA2F2
FFFF2D0C
00001082
0000F6EE
FFFE355F
000171D2
00013EAE
FFFD3A99
FFFDB073
FFFF4C5F
0000AA35
FFFEAD9E
FFFD9436
00011B9F
FFFDE651
0000C979
00009A29
0002E5E4
00028A67
FFFF5585
FFFFE7AD
0000648C
0001CA9E
FFFF8DF5
FFFF47F9
FFFFFF7A
00014C18
FFFFE0EB
000081E2
0003A3E0
FFFFA626
0001C0AE
FFFF5AF5
FFFD3667
000178AE
00010552
FFFED365
FFFF4F2F
FFFD8A98
0001A34C
0001D45E
FFFD4A60
FFFDAD2D
00021DA4
FFFEDF3A
FFFF2773
00003FC7
0001B294
FFFEFB62
00004D2E
00007B6D
FFFE26C6
00035082
FFFE334A
FFFE5D93
0002A459
FFFFB9A4
00011051
00038145
FFFE821A
FFFF1781
FFFE71AD
00025084
0001FC37
FFFC405C
0000A604
FFFEFB10
FFFD8F72
00018F7C
FFFFF6B6
00002A2E
FFFE2C1C
FFFE4593
0000E66B
0001435F
FFFE1FC1
FFFE1897
FFFF2E1D
FFFE6977
0000CB64
FFFF2450
FFFE1B88
FFFEE6FA
00017076
00005426
FFFEF096
FFFDFACE
00020DB5
00018AFB
0001F68A
FFFFCD4C
000380F7
00026934
00032B87
FFFD2B26
FFFEDEDB
00007EDD
FFFEB438
00028153
00003F2D
00028160
FFFFCE6D
FFFFE981
00002C2E
FFFF2E58
00017919
00010DA1
FFFEDD5A
FFFFDBB5
00016208
FFFFBFF5
0003E9D8
FFFF2CC9
000188BA
0000679E
FFFE4D90
FFFDD565
FFFDCCAA
0001A8FB
FFFCDC2D
FFFE5906
FFFDFF38
0000C7F4
FFFF09F7
000040A4
0000B781
FFFFB9DF
FFFE4AE4
FFFDFBC8
FFFDAD21
FFFDE4A5
000279E5
FFFEC23E
FFFF89F4
0000B87F
00010B87
0001F5DF
FFFEF70C
FFFF5BC5
00029667
FFFEFB49
0002CE50
FFFF553D
00031017
00008B23
000165C1
0002D6A1
FFFF4829
00008079
0001D8BF
FFFFEEE5
0001E7F2
000259DA
00014B7D
FFFF4825
00027201
FFFFFA1A
0002D352
000083D5
00024806
FFFFC750
0000314D
0002D986
00009B64
00037E2F
0002BCF7
0002742F
0001A0DB
000305EE
000239DB
0002D296
0001152D
FFFEE42A
00008667
000089DF
FFFEDBFD
FFFED5AC
000091D4
000130BA
000047A9
FFFCDCA0
FFFEC71B
FFFDB088
00006A4B
000276E0
FFFEAA0E
FFFF2397
FFFF7BFF
FFFE7F60
FFFFAECC
000004C0
FFFF3963
0000AA11
FFFEC1FC
FFFE0CB5
0002D402
FFFF9BCB
00027755
000032BE
00023F2A
00024909
FFFE8740
FFFF0837
0000D9C3
0001A6BC
0001A510
00007382
0000A638
00003EAE
00018F4C
0000B0DC
FFFFD37B
00021542
FFFDA36D
000083E5
FFFD4E6A
0000D8D7
0001CAFE
00012AEE
FFFFE9A2
FFFDFD31
FFFE0805
FFFE23EC
FFFD0B35
FFFD8AB7
FFFDECEF
FFFB9B42
FFFF8DDD
FFFE390E
FFFF3AAE
FFFF7F84
FFFF6548
FFFFCC09
FFFF7C2B
FFFD461C
FFFF6C76
0000C94D
FFFECD12
00001288
FFFF47E5
000101C6
FFFE19C6
00012C70
FFFFE906
0001536B
FFFF1D03
FFFEE77E
000074C3
0001CB9F
000195CD
00018BB6
00009354
0001B065
000100DE
00039BE8
FFFE914A
00000E80
FFFF09ED
FFFFD361
000041FB
FFFF336B
FFFF8641
FFFE9A81
FFFF4C1C
00016CC7
00010FF3
00008DEA
FFFE0D4A
0002ABFD
0000992C
0001F365
0001F864
0000BA03
0000CC22
FFFF775E
FFFE5DE4
00031800
FFFE4740
00026B2C
00024418
0000146D
00023F6A
00015916
00009600
FFFE6E58
FFFE7E56
000023BB
FFFE6DC1
0000D741
000298A3
FFFE6001
00035884
FFFFD402
0000CFAD
0000E5E7
FFFE3678
FFFFC4A9
FFFFD228
00021564
00025000
000180D1
00000048
FFFEEC99
FFFFE274
000064E9
00000E2B
FFFE3A6E
FFFF49AE
FFFE7A6F
FFFFFF30
00010CC9
FFFF62E3
FFFDECC3
FFFE4A98
FFFF9A22
FFFEBE10
00005CCA
FFFEDA22
FFFF2DC9
FFFE8C78
0000E328
000052E1
00001763
FFFEB469
0001A4E6
FFFED52C
FFFE4CF5
00004FDA
FFFF7063
FFFF47F5
0000B685
0000BD52
0001370F
0000C3FF
000025A5
000063AC
FFFF399F
00010BB6
FFFFDD72
FFFFDD65
0000F91C
0000163E
FFFF040E
FFFE74D0
0001ABE0
FFFFFE37
00001086
0001C63E
00006757
00005B10
00006829
0000A9B8
0000CDD5
FFFF1DDB
FFFF956E
FFFED3C4
FFFDE039
000145FC
00008EF9
00004AF1
00040E57
000127F1
0000A36E
00011E17
FFFF50A8
000021C0
FFFE905C
FFFE90CA
FFFE8E54
00003138
FFFB2E34
FFFF643D
FFFDB067
FFFD7A7A
FFFE03F4
0000ADBB
FFFFC504
00012C03
FFFF2055
FFFE5835
0000AA64
FFFEF701
FFFE9829
0000FB28
FFFE64D4
FFFF1E96
FFFFD3EE
00003017
00001D8F
FFFEE2AA
FFFE7140
0001B675
FFFD8909
FFFF4487
FFFF4383
0000CE88
00016176
00003741
FFFFA481
FFFEDBAF
FFFF5965
0001152D
0001CBC9
FFFEE435
0001741B
0000F06F
FFFE02E7
00002840
FFFE0D07
FFFCDA42
FFFE5984
0001E405
FFFFB973
0001A5E8
FFFEB97E
FFFFAA01
FFFDFAFF
00010683
FFFF37D9
FFFE18CB
FFFC82C7
FFFDD4CE
FFFE6E17
FFFF7A8F
FFFF13B7
FFFCFD68
FFFD7FB4
0001654C
000047CB
FFFEB0C4
00011D23
FFFFFE63
000073D4
0000F89A
FFFE0130
00016AD0
00006B3B
FFFF5049
FFFCEA49
FFFE63C9
00006F95
00008DAA
FFFD0246
FFFE232A
FFFF9927
FFFFF0FE
FFFFED8F
0000D03D
FFFEF2A1
00012FF5
00012069
00028659
00001F6A
0000EBBB
0000C665
0000AE20
FFFE19D7
000017F3
00023D63
FFFEC64D
00032F54
00014C37
00019E3C
0001767B
0001F5CC
FFFF7244
000086CB
0001A311
00015EC6
0000D7BD
FFFE5141
0000C065
FFFDD423
0001A97D
00000732
FFFFF1E9
FFFFEE5D
00014CD5
000031BB
FFFF9665
FFFFA902
FFFF65C2
0002467B
0000366B
FFFE1CE7
FFFDDFD2
FFFE7883
FFFF6951
00002B93
FFFE403F
FFFFA85F
FFFF0D21
FFFEF4E8
0000F246
FFFF2094
00009B5C
0000C6F9
0001EE96
FFFFD906
00006A0F
0000FD3E
00015880
FFFE5791
0000B76E
00000DC4
00007FE0
00003B4E
00014691
0000C778
FFFF7C83
FFFF3E12
FFFEB253
FFFD66D0
0000D0FB
0001A054
FFFFC14E
0001394D
00006BD2
FFFE5C29
FFFF8D4E
00019A53
FFFF351E
0001157A
00013E63
00031F70
000017FE
FFFFAA62
FFFF0A5E
FFFD4589
FFFFD627
00018C20
0000A5A7
0000CEB5
FFFFD0E0
0001A058
00025F05
00028112
0000A5DC
FFFFC190
0001571B
FFFEFA23
00027FA5
00016380
0001488D
00006F82
0002859C
FFFEB6D8
00004647
00007F5F
0000806F
00016E77
FFFE8860
0000AC6B
FFFE5B72
000285A1
00016E57
0002A552
FFFE4483
0000DA95
FFFF1941
0002EBE0
FFFF3151
00016238
00011E6E
FFFFF24D
00009132
FFFE7E6B
0002B2FD
FFFFEC17
FFFEAC55
0000F0A1
FFFFA6CD
0000C129
00005D9A
00000AE8
00003129
FFFFF666
FFFECA7A
00004DF0
0000B953
00005968
FFFE74E0
00017726
FFFE326C
FFFFC45E
0000FDAD
000163C6
0000E3F2
FFFF6E1B
FFFE443F
0000A874
FFFE43F6
FFFE9DC6
FFFE9321
0001F1EE
00003022
FFFED46E
FFFE9F4B
FFFEA250
00001227
00024E3F
0001594D
00014B22
00000AF5
00014300
FFFF8DFD
000220F5
00001A33
0000CA91
00003CF8
000140C5
000070C0
00014411
0000A1E0
0000A183
0001533A
00006F37
FFFF65B9
FFFF996C
FFFE22B0
FFFE2985
FFFD2C45
FFFD4322
000073B5
FFFEA8C0
00018C64
FFFFE824
FFFFBBB5
FFFE7F79
FFFDC8CF
00005581
0000364E
FFFF78DE
FFFFE5DB
FFFE409C
FFFF7C86
0000530F
FFFD3ACC
FFFF0061
00020BEB
FFFE2528
0001005B
FFFE8D6D
FFFFA163
000000CC
0000512A
000048E3
FFFE91C0
FFFF5A7E
0001DEDF
0000B2C9
0000AB93
000077DE
00006DB4
00016DB1
FFFE6DCF
FFFFD233
00002A97
0000C807
FFFEFD1D
0001C47D
FFFEB8AA
0000750A
000166EF
00018B07
00022D81
00012CB3
0001B28B
FFFF1B75
FFFF69C3
FFFFDA79
00006896
FFFF89A3
00008B70
00018BB1
000005C2
0001473F
FFFEC775
0000EA1E
0001088E
FFFE9EF9
FFFD9687
FFFEEC7E
FFFF8D2E
FFFFB244
00009F5C
FFFEA6EE
00001A0C
FFFD4168
00000885
FFFDB633
00028831
FFFD401D
FFFE74B1
000142B6
0000D04E
00003DE4
0000C3BF
FFFF5B1A
FFFD6C2C
FFFDBF09
0001D037
FFFF7516
000140C8
FFFF8A66
FFFD89FC
FFFF0D52
000049BD
00012153
00002416
0000261B
00023BF0
00031B2D
0000C3A3
00019A4C
0001BBA1
FFFFE5C5
0001884A
000224C1
FFFF184A
00029736
0001B3E7
000224F3
FFFF75B7
000035CD
000133EB
FFFF8157
0001D590
FFFE0DCD
0000507C
00015E54
0000377A
FFFFAE37
FFFEB57C
FFFF451E
FFFFDED4
FFFFD1B5
00000C6A
FFFE7EE1
00004C00
FFFF6522
FFFEA8A1
FFFFA2BA
FFFE25AD
0000D8A1
000040B9
000001D5
FFFF3565
000052D1
000146F1
00017972
0000245A
00027279
00019AED
00000356
0000CFDA
0000FF17
FFFFEBFA
FFFFA537
FFFF8619
0001140E
0000B58F
00017ECC
00001E70
00006059
00009EF8
FFFE696B
FFFFFFDE
FFFFDDB8
0000A6AD
FFFE9059
00026A42
FFFF121D
00029C4B
FFFF414A
0002512C
FFFF893C
FFFFEE7D
00029420
FFFFF031
0000E226
000192A4
FFFEC042
FFFF3325
FFFEBE4B
FFFE9BF3
00002B05
000034DF
FFFFF572
0000F6B1
FFFFED9B
FFFEDA0E
FFFFFA7F
FFFE7609
00006419
FFFFCFB5
000027C6
00019D92
FFFFF7E1
FFFED2E6
FFFDB3E3
FFFE6AC0
000091C6
FFFE6418
FFFEAC03
FFFE4F31
FFFE8613
FFFFD47E
FFFDBC97
0001B33A
FFFF895A
000183E4
00020735
000195F2
0001F2C2
0000843C
000093FE
0000E1BF
00009FA5
FFFF539F
00014E14
00004923
00002869
0001AFEF
0002BD76
FFFF3D09
00016576
0001F8F3
FFFEE87B
FFFE3A48
00012E51
000093CB
00031AB8
FFFEF0D0
FFFEDE7C
FFFD81C1
0001B832
FFFF58CA
FFFEBC70
FFFE4F61
00014BA9
FFFEE69A
FFFF99AB
00001C58
FFFF09D4
FFFF8E0D
00020FB2
FFFEF3D7
00015F9E
00009608
0000CDDC
FFFF712C
0001F5F4
00029479
FFFF8442
000125E8
FFFF51D8
0000A189
00003167
0000B5E4
00005B5A
FFFF2510
00004762
FFFF7A81
0000E135
FFFEE6D3
FFFEA2BF
000239D5
0001D217
00024547
FFFE55C8
FFFE6E0C
00020D97
FFFF5169
000281F8
FFFDCE2B
00015F88
FFFEE2F7
00019270
0000639F
FFFF0FD5
FFFF694D
FFFDA9B9
FFFFBF4B
0000E391
FFFE3412
000042DB
FFFFD2E2
00000F90
0000526D
0002BB45
00002D0B
FFFF3CDE
00002D91
0000D1B9
FFFFD302
0000EBE1
FFFE9E24
FFFE263B
00001901
FFFFF1BA
00010607
0000DEF6
00008CF9
0000DA49
FFFF0FDE
FFFEE202
0000F35B
FFFE8894
FFFFE0D1
0000EF4B
FFFE852E
0000AC24
FFFEC64C
FFFF260A
0000552E
FFFEBE7B
00009B63
FFFF1BF2
FFFE897F
FFFEA68C
FFFE8294
00010F99
FFFFEBF1
FFFE54B3
00006D29
00011B85
FFFF0DD6
FFFF5539
FFFFF21D
FFFDD569
0000D753
FFFFF275
0002890F
0000AA56
00001CDF
0000DD33
FFFEE789
000033FF
00025A26
FFFF1DE7
00011784
FFFFDBFB
000088B6
0000623C
FFFF2101
FFFDC872
FFFF7A46
00003BA1
FFFF80D7
000030CD
00013767
0001797C
0001E1A8
FFFFB4E7
FFFF4180
FFFF0764
0000D419
FFFFC69C
0000E501
000029E8
FFFFB5A6
FFFDE4E8
0000924C
FFFF657D
0000123A
00007A93
FFFFE311
FFFF96F0
FFFEBCA8
FFFFFAAE
FFFF4085
FFFFEEF3
00004F72
0000F993
FFFEE4D0
FFFFB963
FFFF54E8
FFFEFF5D
FFFFF8A4
FFFE7A0A
FFFFDAEB
00000DDE
0001B6E2
0000C651
FFFE0F15
000025F8
000169D6
FFFED325
FFFE7B7A
FFFEB6A3
FFFE4025
FFFF2783
FFFFB720
0000344E
0001359F
FFFF1093
00030077
0000D22E
FFFE54BD
0001458B
000078FC
FFFE81BA
FFFF781D
FFFFD7D3
FFFDF387
FFFDD1E6
FFFDA8BA
00005A91
00009249
00012E38
FFFDF6D4
FFFEE95B
FFFDA34C
FFFF76CB
0000EE6B
000184C3
FFFE816A
FFFF82D8
0000D3AD
FFFEDD96
FFFF0C64
FFFEF89C
FFFDF0DE
FFFDE36E
FFFF13C5
FFFEDA08
FFFEC99D
FFFE980C
FFFF58AC
FFFD7DBF
00005505
000215BF
FFFFEDC6
000270E7
FFFE8389
FFFF5BFA
FFFFEE0A
FFFFD0AA
00023FD2
000093C5
FFFEC26C
FFFED792
FFFF03DF
FFFFE81E
FFFDFB5D
FFFFB8D1
FFFF4E36
FFFEA612
FFFED190
0000C15A
FFFF5056
FFFF9379
0000C846
FFFF9F86
FFFF6C06
0000F883
FFFFCF4D
0001B04B
00006C68
FFFE85D7
00004733
FFFEBA81
0000B134
00010670
000206D4
0000A11C
FFFF2DD6
0000E7D1
0001584B
FFFE100A
FFFEC2B4
0000031E
FFFF2A0D
FFFF697A
FFFFA510
FFFFF516
00015696
0001B9DC
0000B8D1
FFFF7C62
00004902
FFFF9FE0
00000B76
0001FB60
FFFFF452
FFFFC64E
0000CFB7
FFFF1380
FFFEBF44
000034BA
0000C743
FFFFF35B
FFFF9FFE
FFFFEE58
FFFF4071
0000B856
FFFDF50D
FFFF4F31
0000A1F5
0000D262
FFFFAEE7
0000BD70
0000611B
0000BD59
00004A68
00002054
FFFF4456
FFFFA441
FFFEBBEE
00001C6B
00012766
00010B30
000047D2
000029F5
00010E7D
0000F6C7
0001E718
000215AF
0000DFB0
00007560
000224DA
FFFFE921
FFFEEFF1
FFFF6087
00003D1B
00011CD4
00003DB4
FFFE6DA6
FFFDFEAE
FFFEECCF
0000CFEF
0000F8C3
000085A3
00015F20
FFFEE502
00015672
FFFF4CAA
FFFFA6F3
FFFF1DC6
0001562B
0000D3DF
FFFFBE84
FFFF7CF5
FFFFBD13
FFFDEADA
0000BB39
00006355
00006E03
0000515C
FFFDD098
FFFF7D6C
FFFFBFDF
FFFDEDEF
FFFF62EB
FFFEA8AC
000050BE
FFFF2C37
FFFE5000
0000D64F
FFFF089E
FFFF9482
000107D9
FFFE55C4
000034E5
00015A54
FFFF3C53
000045AF
FFFEEAA5
FFFF083B
0000CFBC
FFFFE2A9
00012444
FFFF341A
FFFE0309
FFFED245
0001CD27
0001D3BA
FFFFE972
FFFFBDD7
FFFF70F0
00003307
000015DC
0000F645
FFFFCA6A
00005DF9
FFFFEB5D
00001958
FFFF6FF5
0000E363
000266FA
FFFF61FE
FFFF240C
FFFDADE9
FFFEEAC0
0000D4F4
FFFFC199
0000187E
FFFFF67B
0000CC0A
00001024
FFFFC4AA
FFFF5C8E
0000F7D9
FFFE0EE5
FFFEFFA2
FFFF37FE
00006416
FFFE936D
000011AD
FFFE78EC
FFFFD482
FFFFE7B7
FFFE2BD8
00004BE1
FFFF7AC1
000004BE
FFFFEB63
FFFFECB3
0000F003
FFFF4BE1
00007EBD
FFFF9213
FFFF5069
FFFF8BAD
00021375
FFFF9B7A
00005B0B
00005A6F
0001208A
FFFF348E
FFFFDE31
0000393F
FFFE12F0
FFFE6223
FFFE46B0
FFFFE261
000108B5
00005DE2
FFFDEA59
FFFD4081
00002FF6
000179AB
00020F52
00018A3B
00000446
FFFCF066
FFFF0FF6
0000704B
00008A10
FFFFCB0F
FFFE21BE
00003184
FFFD045E
00000203
00020DB0
0000C49E
0001102F
00009DC0
FFFFF484
000023B3
000012B9
FFFE72C0
0000C5E5
0000EE71
0001786E
FFFD8FB6
FFFF3B6C
FFFE939F
0000F91C
00028DA3
0000ED56
00003466
FFFFDF35
FFFEE4C5
FFFDA5C7
FFFF31A8
00005220
FFFE6B65
FFFDF13B
FFFFF08D
0000BA38
000069A6
0002CC66
FFFFC465
00003148
FFFFC4AC
0001BCEB
00007422
0000BEB2
0000759B
00002326
000130E3
00007D2B
00000770
FFFED9D8
0000A573
FFFF82E8
000097A6
FFFFD4F6
FFFF0CF6
000128A4
0002FE62
000055C5
00017AA6
0001BD39
00015FC2
00002F37
0002543C
000086E8
0000F144
FFFECCB2
FFFEFED1
FFFF0A97
00005E87
00001FA9
0000E4EC
FFFE9DCF
0000702E
FFFDE2D0
00007871
FFFF0032
000237C4
000010F6
FFFF933E
000034A8
00011629
00004823
00009CBC
FFFEDB8C
FFFEFEA5
FFFFAED3
FFFE536D
FFFFBE57
FFFED8ED
FFFEB1E9
000072FE
00012175
0001529F
FFFF62AE
FFFF2014
00006E65
FFFF99D8
FFFF1565
FFFE4CC2
00012774
0000B1EB
FFFFEBDF
FFFE467A
FFFFC96D
000091B6
FFFF3B6D
000178D4
00000D58
FFFFCB2C
FFFEE886
FFFE722A
FFFEE9EC
00001F87
0000EC2A
FFFEBB84
FFFEFE53
FFFF023A
FFFF0332
FFFDF85F
FFFFE23F
FFFF4B72
00002580
000370A8
0000DCB5
0000CB26
00006509
FFFE830E
FFFF373E
FFFFA92E
FFFFB44E
00006770
FFFE0EA5
FFFE2355
000004E2
FFFEFD8F
FFFFDB63
000073CA
000169E7
000219C5
0000B376
FFFE18BC
FFFF834E
FFFDEC4E
0000B289
0001B7C4
0000858C
FFFF4FF9
FFFFE362
FFFF09E9
0000D954
00003219
FFFFC241
00001C61
FFFFD93E
000085EC
000047F8
00000774
FFFFF4CB
000029C8
0000EE1D
FFFF6D5B
0000E315
0001AB73
FFFE642A
FFFDE2C5
00007BD4
00008D27
FFFDD57E
FFFE23BB
0000148A
00014D73
0000FFEA
00004B6C
FFFE4AFF
FFFF4EE3
000030C3
0000A29A
FFFDB386
FFFEC334
FFFD1658
FFFF67A3
FFFE7FE1
FFFEDFB7
FFFFA646
FFFD7432
FFFFC775
FFFED1ED
FFFEF0B9
00004AC2
FFFDA69B
FFFE3A09
0000A620
FFFFA50B
FFFF9F9B
FFFF3861
FFFD95FD
FFFE2BB6
FFFF633A
00013C0B
00019781
FFFE6D0A
FFFED2AA
00002EC0
FFFEE908
000005BA
00002B65
FFFFE8F4
FFFF3243
0000969C
FFFEFBA8
0000FC23
000254F2
00021936
00015642
FFFF153F
0000AC44
00022F8D
FFFEEA55
000261DF
0001C7A9
FFFE2F1F
FFFE77E3
000004F3
FFFE76A0
0000899A
FFFE5DCD
FFFED64E
00003BD3
00000FCF
FFFBFEFA
FFFBBE7F
FFFB1F47
FFFFEA27
00017A3D
FFFEF8F7
FFFF2C03
FFFD99FB
FFFE824C
00011F9B
00007D8F
FFFCFAA5
00000F72
FFFC9633
FFFF0A2E
00001B31
FFFDFA60
00012A23
00008FCB
FFFEAF56
FFFD4A7E
FFFF771F
FFFF5DC9
FFFD8E57
0000E7FF
0001D305
FFFF5731
FFFEA0E3
FFFFF753
FFFFE5F1
00009CCC
FFFEAAF7
00009E75
00003127
0001869E
000138D7
FFFF2D0E
00009836
00015A2E
000124DB
FFFECC9F
0001E436
FFFE0E00
0000E9D0
FFFF70FD
FFFF19AF
FFFDA041
FFFE1FF8
FFFF105D
FFFD3886
FFFEB9E4
FFFEBBF1
0000DBAB
000128BE
000120A6
0001B768
0001920F
FFFEEE00
0001B164
FFFEC0BA
0001996B
000021B7
0000F589
000218E7
0000A397
00022353
000008A4
FFFD40CF
00000978
00021E63
FFFF3D3B
FFFD715B
FFFFB7E0
FFFEA38B
0000F08C
00026C33
000214A1
00046EE2
0001C2B3
000059D0
FFFF4A8E
FFFF25EC
000017AD
FFFEF8C2
FFFCB07B
FFFEED27
FFFD40BF
FFFF40FC
000006B7
FFFEEE4B
FFFE650B
FFFF0B6F
FFFED791
FFFF33F5
00003B7B
FFFFCD8B
0000DC06
FFFF816B
0001DD1C
FFFF5527
0000DB7F
FFFFA47C
00019D80
FFFE82CE
FFFEC9B9
0000854E
0001F67F
FFFFD2A8
00023EF3
FFFF87B0
FFFE2CE4
FFFDDBAA
00009AAA
00027F36
FFFE46D4
000142A9
00001923
0001C85E
0000ABF0
0001677B
0001A1B0
0000E2F8
FFFEC9F9
FFFF94BA
0000B419
00003ADB
FFFEB970
FFFEF8C7
FFFF9A7B
FFFED2DF
0001A00B
FFFF020A
0000677C
FFFFC1F4
0000B048
FFFD6BA6
FFFF510E
FFFD6B5C
0002745F
FFFE52C0
FFFE4D3B
FFFE4DE8
00006616
FFFD99F3
FFFE0A8B
00013B96
FFFDFF1E
0002C3C3
FFFFFD97
0000D906
0000D492
00033EE0
00003C7F
00020258
FFFECDAA
0001EAF5
0001F51E
FFFED1A8
000141BD
FFFEE67B
FFFEAEC2
FFFE7449
FFFF102E
0000A5C5
0001DBEB
0002C548
00003D37
FFFE161C
FFFF348B
000033F1
FFFED947
FFFECE31
FFFF4201
FFFE3A1E
FFFDCD71
FFFFACED
0001BF1E
FFFFA5E8
FFFDB342
FFFFBACD
FFFF5C36
000218E5
0000F108
FFFFA3E7
FFFE3B51
00004DE9
00001EC1
FFFE3D02
FFFD7040
000233DC
FFFEA084
FFFBECD2
FFFEC814
FFFE99EE
00004401
FFFDECE9
0001E036
00020141
0002700A
FFFF7E6F
FFFF21B8
00004356
00017F1E
0002D857
0001904B
000257F5
FFFF6D25
FFFF6E98
000081FF
00004F4E
00004E2E
FFFFF9F0
FFFE5ECA
0001D4CB
00017AB6
0002D7B9
0000476C
FFFFF206
FFFD7AB5
FFFF9D4F
00005878
FFFF5045
FFFDDF4E
FFFE6B7D
000035DA
0000EF28
FFFD4B8C
FFFF0F8A
00013B63
FFFFFADF
FFFE89AB
FFFCD1A8
FFFEAAC7
FFFE8297
FFFFC044
00006A65
0000C1C7
FFFEDCC0
0001053A
000137E0
00003407
FFFE37DC
00005B32
00010867
FFFE29EE
FFFD938D
0000D3C7
FFFDDBBD
FFFDC90D
FFFF9C9A
FFFFEE10
0001BC99
00022F7B
0003949A
0003D7A0
FFFF83A5
00001635
FFFF1433
00005D04
FFFFC04B
0002ACDF
FFFEF395
FFFFE0B6
0001A6E5
00006F10
FFFF1380
FFFEADA9
FFFE8AF6
0000311C
FFFEBA15
FFFF2180
0001DF3F
FFFF5347
FFFF71BB
0002A5A9
000098E4
FFFF7953
000156F7
FFFF86FC
FFFFF163
0003844B
00033409
000282F7
FFFE61EC
000004EB
FFFF97AC
FFFE959E
FFFDD231
FFFE9CBB
00012D93
FFFDFE86
FFFD6CC6
FFFFF00A
FFFCE73E
FFFE3BA6
00000570
0000EC4A
00014844
FFFFB85F
FFFF6BDC
FFFDE0AE
FFFFFAB4
00026531
00016D1D
00006467
FFFF386B
FFFF9B5C
FFFEB392
FFFD7502
FFFFA3B9
FFFEBD6E
00006A2A
0000882E
00020E12
FFFD57E2
00006531
0000530E
FFFE910A
000126CA
FFFF5022
00024EEB
FFFDF5BF
0001B2B9
FFFEEDF6
FFFFDEE0
FFFE2B15
FFFE9E02
FFFFAC58
0000B89F
000124B9
000094DB
FFFEDB3F
FFFE8AC0
FFFF1E03
0000F368
FFFE2208
FFFECA70
FFFD4D23
FFFFEC64
FFFDAEBF
FFFF953F
FFFF58D9
FFFF5B9C
FFFCD83D
FFFD6D28
FFFE692E
FFFFE608
0000DC9B
FFFED42D
FFFE85F2
000195E4
000021EE
00022F47
FFFF7BC2
0001E2BB
000121F8
0001E30D
0000E6F3
FFFF38F7
00028DBD
0000E534
000201F4
FFFF0A4D
0001CF8F
FFFFB256
FFFF240D
00003EB9
0000DB5A
000066E3
000156E5
000083A9
0002214E
FFFF5DC7
FFFFBA32
00025AFA
0003ED79
FFFFCCB7
00004BE9
FFFE4313
000063EC
FFFEA8E3
00016DAE
FFFFA7EC
0001B3AC
FFFF03D4
FFFCEFE8
0001F6BA
00009897
000079B8
0000BE68
00001F54
FFFF79CB
FFFF617F
FFFF9496
00001953
FFFF4EA5
FFFE9069
FFFFB4B3
FFFE1F86
FFFD674F
00024E28
00026299
FFFDFDF5
FFFF913A
FFFE1035
FFFEFEF3
00024340
0003EE10
0001FF2D
0000F5A8
000231D6
FFFFC28E
0000D051
000289BD
FFFD2841
FFFF6AC8
000214B4
0000FC87
FFFF0571
0000B2CC
00000FE1
00015314
00008F90
00003C22
FFFFD5CA
FFFEEFB8
00018923
000179D2
FFFF9F79
000167C2
FFFF7437
FFFE5622
0000DF59
0002E3FF
00009F89
000072C7
00033558
FFFDE42E
000143E7
0000BF9C
FFFF11FA
000013E7
FFFEF006
0001D40A
FFFEFD0A
FFFE6305
FFFFC914
00003E84
FFFDC557
00004FD5
0001FA51
00001D3F
00002CDD
FFFDF7C2
FFFFF27A
FFFFE7AA
00006F2B
00010F8E
FFFFE5F1
000012C6
FFFF4E72
FFFEC545
FFFF42AC
FFFE033D
000187E6
0001EDBD
FFFEE067
FFFEDF2D
000343C1
FFFE4755
FFFE8BE4
FFFD470A
000085F3
0003367E
FFFE920B
00016344
FFFE2C02
FFFFBC2E
FFFD897B
0001D355
FFFEC3EB
0000FD35
00018C9E
FFFE46EE
FFFF12ED
0001C1B7
FFFCC044
FFFEBD2A
00010565
FFFE7F99
FFFFF886
FFFF20DE
FFFF9544
FFFEE7B3
FFFEF58F
FFFF39D7
FFFF50BE
FFFCD91D
FFFD8B36
00036DC2
FFFD8404
000120AF
00024C1B
FFFE1D46
00010267
000022DF
000224B9
FFFF71A9
FFFF761C
0000D123
00017F29
0002E714
00024472
0000C0FE
0000D34F
FFFFBD3F
00001AEB
00001389
0001136B
FFFF5221
00010323
FFFEFFF8
FFFD1414
FFFE2CC0
FFFFDF86
FFFF61B3
FFFF9F46
000158A3
FFFD92E2
FFFF472A
0001D6AC
FFFEA735
00006019
FFFC1728
FFFE9FE8
0000B549
FFFEE6F0
0000BCD7
FFFF9C75
FFFF25FB
FFFE043D
0000AE7D
00035FD9
FFFFEF6F
FFFDC8D9
FFFF09EB
FFFF2117
FFFE3276
FFFF9640
000046C1
FFFC0B70
FFFF02DB
FFFD911C
FFFE7749
0000A802
FFFEAC81
00005703
FFFF18CE
FFFE36C3
FFFD6A08
FFFF72C8
FFFE86FA
FFFC7268
00007BD2
000028BD
00001F57
0002941B
00037E3C
00011DC0
0000589A
00015D02
0001679E
0000F7CE
00005247
FFFEDDD1
00013549
0000AB86
FFFEC3E6
FFFEEB0F
FFFEF1B3
FFFD2C57
00009C89
000196DA
00008CD7
00022533
0000CFF5
000191DA
00000853
000026C7
FFFEDBA0
FFFDEB5B
FFFE7D91
FFFE8C81
FFFEBA19
FFFFEE78
FFFF4724
0001C75B
0001553A
0001047C
00016791
FFFFBAEC
FFFDEBF1
FFFF425D
FFFE9EE9
FFFDE016
FFFE6CCC
FFFE92F0
FFFEADA7
00016147
00010758
00021663
00012B0D
0001DC91
0000901E
0003B24F
0000A6D7
0000F9DC
0001E369
00012407
FFFE28B3
FFFFBAE3
FFFE0781
00002B93
FFFFC5E1
00007825
FFFF1D26
FFFDE256
FFFF0833
FFFFCD94
FFFE54D0
FFFDE185
00012314
0001C6FB
FFFF7B08
FFFD854C
FFFF7EC4
FFFD7889
000224E0
00003344
0001B148
FFFEB1E1
00016690
0001B226
00005A1C
0002D15F
00024CC0
00010CA5
FFFE7F7F
000297CB
0000FB4B
00018A3C
FFFEFFCD
0001AD5D
000276D2
FFFF404A
00007AE6
0002C936
0000C316
0001BC3B
0000BB35
FFFFACDA
00007FD9
0002DF1C
0001931F
FFFE9C3C
FFFF4F0F
FFFDC1F5
00005F33
FFFE2A44
00019319
FFFE0708
0000B237
FFFFA460
000161D8
FFFEB99B
FFFEB63B
000120F9
00007B99
FFFFBE9F
FFFE5247
FFFE5183
FFFE2903
0001D047
000143D9
000063FD
00019930
FFFF5081
00007375
0000D558
00007B8D
0002644E
00011DA8
FFFFE307
00019D1E
FFFFF968
FFFEDEE6
FFFECDF9
FFFD8B8C
FFFF4ECA
000103F8
FFFD1EBB
FFFFA9D8
FFFCF40C
000079F1
000051C7
FFFEA9C1
00008B33
00003EB3
FFFE7146
00005ADD
0000FB46
00008C5C
0000D4D3
00032678
00047F0B
0000A68A
00011A85
00002115
FFFE365D
0000A5D9
FFFF0916
00006766
FFFEB8C2
0000269C
FFFEB76D
FFFF5546
FFFFE291
00003A91
FFFF7AA4
00005E4A
FFFEE064
00008C76
FFFE5436
FFFF6EC6
FFFE94E4
FFFEDC0F
00006A5E
0001C138
FFFEDCC3
00000C22
FFFE7192
00014BDD
00006EB7
00013930
FFFEB03F
FFFFD583
00009D1B
FFFE37EA
FFFD5291
FFFFC405
FFFEFB61
FFFE8458
00001365
FFFE0D5F
FFFED447
FFFEABEB
0003001A
00009FB0
000009AD
00016E30
FFFEF7B6
FFFE9F2F
0002D976
0000E77E
0002941B
0000A5DB
FFFF6C03
00005702
0001345E
FFFF5F30
FFFF38A4
00001B44
0000F7A4
0000787B
FFFF8E41
FFFFCAB0
FFFE3DC9
FFFF99E2
FFFE8985
000032E0
00000F35
FFFFF9A2
FFFFFE5A
FFFF7066
00007250
0002BD22
00023C32
FFFF64BD
00012BE3
FFFE8CFC
0001C7AE
FFFF88CC
FFFFF1B7
00021FD5
0002216B
000116CE
00018FB1
00018EEE
0000E2E2
FFFFEB0A
0001B185
FFFFDD85
FFFEE924
FFFF097A
FFFF4AF4
0001220E
0002AB61
FFFFC6B9
FFFF3F39
000134AC
0000FADF
FFFD9702
0001D36A
0000E45A
00004F4B
FFFECEC6
FFFE1E56
FFFFE1E0
FFFFDBB7
0002A274
0001C5B4
0003239D
00009337
00025F63
000371C6
000240AA
FFFFD21B
000028A7
00013195
00007194
00027A35
FFFF9775
00001583
000057C1
00020F9F
0001EAE8
00027E99
0001FE54
00018D52
0000802A
0002254B
FFFF6FD0
00002ABC
0000D923
FFFF3D6D
00015751
0001935A
0000EBCB
FFFFC08B
FFFF4A25
0000ECB3
0000C8EB
00013CCD
FFFF715D
FFFF5536
00004032
FFFEE981
FFFE89AA
FFFFBF1D
00013FA3
FFFFC652
00009913
FFFF3FB6
000086FC
FFFE3F56
FFFEE752
FFFD3D51
FFFD3225
00009D97
FFFDB4CF
FFFFDD6F
FFFEB4D5
000024CD
FFFF7505
000040B5
00012100
FFFF3CAB
FFFF8042
000082E2
000096B4
FFFFA445
FFFFDEAA
00017192
FFFFF5D4
FFFE4577
00020C09
00015902
0001E4DA
0000580C
000096FC
00030362
00011CE4
FFFF86D3
FFFF62A7
0000BCFC
0000A3B3
000112F8
00014399
0002D5A8
000216B0
00019EF2
00038094
0002D3E7
0000A57C
0004D925
0002058E
0002E7CA
FFFF8A5B
FFFF775D
FFFDAF21
00010CC4
FFFFBA4C
FFFE3001
000060A3
FFFE69E1
FFFD9823
FFFF5378
FFFC8894
FFFF8A22
FFFF19AF
FFFFA579
FFFC1734
FFFD9E70
FFFDD0E4
FFFDE2DA
FFFEFF23
FFFF48CC
FFFEEF70
00014EAD
FFFE30AB
FFFEC266
FFFF2E77
00011ABF
FFFF1577
FFFD19BC
FFFCA0A1
FFFC9B7E
00006B43
FFFE4A6C
00012E24
FFFC4A37
FFFEDCFE
00001947
FFFF5028
0000D0F7
0000CCF7
FFFCF712
FFFD6454
FFFEDB3E
000111B0
0000466F
FFFF9F07
00022C58
00029791
FFFFD199
0000B276
000161A2
0001CF29
000053D5
FFFE97D6
000278CC
FFFF03FC
0002222B
0000C623
000282E7
00027634
000018AE
0000BF88
0001E8BA
000158E9
FFFFF3EB
FFFF54B3
FFFEDB67
0001BD79
FFFFA27E
0000911F
00020D0F
000098E7
FFFEA20A
FFFFE780
00018525
00001DA1
FFFE3B88
0000F2F7
FFFE6A6E
00025F9F
0002293A
00028026
FFFFC2C5
0001BB82
FFFF4469
FFFF2A49
00004907
00008874
FFFFEB34
0000422C
FFFFA730
000016A8
00016781
00006E70
00004DAA
FFFFD041
0000276E
FFFDB57D
FFFF465B
FFFE18B4
FFFFF781
0001183A
FFFDD33F
FFFD19BF
00002360
FFFF77BB
0000ECF5
FFFF1E71
0001BFE7
FFFF2641
FFFF3659
000007E3
000005B7
0000803B
FFFDF281
FFFFB17E
FFFE7EB6
FFFECD6B
FFFF77DB
FFFE16B4
FFFD3FB4
FFFF05D7
0000C7E0
FFFD7030
FFFFAC42
00017F2F
0000CDF1
00019DE2
000151C2
FFFFA9D0
00009F3F
FFFF8A0C
FFFEF033
00032C0A
0002AB61
00020C4F
FFFE2146
FFFD510B
FFFFE80C
FFFF9753
FFFCFD39
FFFDEE64
FFFE292C
FFFF90AC
00005003
FFFFD91C
FFFEDE8F
FFFEE848
FFFFD35C
FFFED8CA
0000D35C
00025DF2
00016CE2
000063BA
FFFF7B8C
0000CB09
00009336
00006F1E
0001E2CE
0002240F
FFFEDBE1
0001251B
000180BA
FFFF110D
FFFE03B3
FFFFF1BC
FFFF4CE9
000031AF
FFFE3B01
FFFE3E35
FFFDD4D7
0000C91C
FFFD5A84
FFFEC190
FFFF2FA9
000093F0
00006177
FFFE4D66
00000ADB
0001C204
FFFF5A64
0000820D
0000158F
FFFFD0D2
00011063
00005296
00012C07
FFFE61A7
FFFD7495
FFFE141C
FFFF6342
000040F1
00030164
00001F3E
00008EC1
00002695
0001808F
0000C84C
0000BE39
0000E6AA
0000320E
FFFEC9EA
FFFEE344
FFFDBE94
FFFD3A72
000068EC
00022E23
00002F7D
FFFF3B42
FFFE98EA
FFFFC09A
00007C85
0000F17D
FFFF8B0E
FFFD1389
FFFF00CF
FFFDBB1C
FFFED9B6
FFFE11C9
FFFD37BB
FFFDF054
00002029
FFFD7C6A
FFFEC0A9
FFFC9037
FFFCEB71
FFFE5277
0001B2CB
FFFF96C6
00000F8C
000094B6
FFFEBF67
FFFE11FF
FFFE8893
00004B1F
FFFF53BB
FFFEBCF8
FFFF9A18
FFFCDFCC
00001FBD
00019D78
FFFC2023
FFFD217A
FFFDD906
FFFEB660
FFFC550C
FFFE06E5
FFFF98DC
FFFF09E5
FFFCEBDF
FFFFEA4B
FFFFB3E2
FFFD741D
0000AABB
FFFE1E68
FFFFFAE8
00001C06
FFFF21CE
FFFC4B91
FFFE928C
FFFE012E
FFFCC0A8
FFFE5F11
FFFD8BA3
FFFCE21C
0002BB86
0000CA16
FFFC6561
FFFFE6B2
FFFD7B39
FFFE1930
FFFFCFC4
FFFF3B8C
FFFE1F13
FFFEE969
FFFDB53A
000070C9
FFFEFEDC
0002C052
FFFD8D14
00023145
FFFDD4FC
FFFEB7B8
FFFFCD61
FFFE1AFE
0002C8EF
FFFF2148
FFFD41D0
000026D5
FFFDCDF6
0000046E
FFFBEE70
FFFFED5D
FFFE9B87
FFFF22F9
FFFF6229
00039F23
FFFF7CDE
FFFF5E78
0001E3AD
FFFF2C9C
FFFEDA17
FFFE6604
00009F65
000168E4
FFFE05D9
0000DB87
00004671
FFFE001B
0003624F
00027AE7
FFFF1A07
00020DC1
00015677
0001352B
FFFFCE7B
FFFE6825
00010D67
FFFFC6B8
FFFEA17E
FFFF2D8C
0001EFAD
FFFB6368
FFFE7D4A
000085CB
00026368
0000E69B
0003224B
0002ECD1
FFFF9011
00016857
000395FF
FFFECF60
00034292
00014B17
00000E9F
FFFF84AF
FFFE8406
FFFE11E7
FFFF9028
FFFF0545
FFFDB1C7
FFFF4753
0000BA38
00020225
FFFF6F6D
000031CA
FFFD839A
FFFE609D
0001D452
FFFE022C
00002A89
FFFFB8D1
FFFE3A76
00022D34
FFFFE898
00004510
000026B0
0001070A
000258D2
FFFE76CD
00018FB8
FFFF0C31
00046D24
FFFF9DB6
FFFD913A
00005CA2
0001FC29
FFFDD048
0001012F
FFFEA0F3
FFFFC57A
0000DC9B
00008ABE
000007E9
FFFF5CC1
0000CC4F
FFFEB369
0002BBFA
0002AF52
FFFFE1B7
0002619D
FFFFFFC0
FFFE891A
FFFE527D
0000C6AA
0000D8C0
00027259
FFFE9A77
FFFCB845
0000F95A
FFFF2E35
00006039
FFFED436
000119C0
FFFFA787
FFFDCFC4
FFFF3F62
00049DC9
00001E03
FFFEEF11
00011822
FFFF6E80
FFFF6191
000204C6
0004120A
00024A41
0001AE16
00003650
00015AD6
0001FE62
00027EC8
0002466C
0003F642
FFFF49D6
FFFD5C68
FFFDE661
FFFDBE6D
00000A52
FFFC3DF3
00015A71
FFFE2E42
FFFFC578
0002E3EE
FFFE7701
FFFFF51A
0002A91E
0001B1AB
FFFFB799
0001D3E3
FFFDEA21
FFFCD77A
00015C37
00026D14
000048AF
FFFDE2C2
0001E3B2
0000CA20
0002B9DD
00000100
000074EE
0001D356
FFFD9006
FFFFCAA1
0000E8EA
FFFF24EA
FFFFFAE8
FFFC5A07
FFFEFF50
FFFD1C33
FFFF70D0
00031ABE
FFFF6083
FFFF5029
FFFD9EA4
FFFFA24E
FFFF9235
00014C96
FFFEEDD7
00004EA6
FFFCDD8D
000192E5
FFFD7A1E
FFFD37B8
000110D7
FFFE6941
FFFDA0C4
FFFE9DC1
FFFBF08A
FFFE350E
000099CC
00044F45
0000A67C
FFFD9AF6
FFFE40BC
FFFE0E53
FFFFB9FA
00015C17
00012224
FFFE41BC
000030D0
FFFD314A
FFFD13E5
00005FAC
FFFDA878
FFFD5C82
FFFC7C9E
000224EA
00002862
FFFEEF0B
0003A66A
FFFDD197
FFFEFA8C
FFFFD2E9
FFFFF50B
00010E48
FFFF56B0
FFFFDFB5
000295BC
FFFECACC
FFFE24DE
000305CC
FFFFA287
00016A3F
00007F99
00006392
0001F52B
0001AAC6
00012BD3
00023650
0000AEF1
FFFF6E59
FFFFF65D
00017C6F
0001F818
FFFE45C1
FFFD9B29
FFFE8598
FFFBF4E7
FFFE4655
00007DB6
FFFF081C
FFFF43D8
FFFEF9BA
00014211
FFFF290B
00022A77
0002C415
00015576
0000CAC3
00016BF7
FFFF1519
FFFE1AB5
FFFE9AF5
FFFE1934
FFFE9F56
00017C62
FFFD2543
FFFD26B8
FFFD3342
00002EF1
FFFD06DC
00022F98
FFFDA382
00001625
00038268
00015C2F
0000B4AF
00028F92
0002435C
00005B78
FFFE6A9E
0000E98E
0000A6FD
FFFD22A3
0002D251
00009CFA
00009EA5
FFFE49F9
FFFDC62E
0003383C
FFFE7F79
FFFF57FE
FFFEAB69
FFFEEF8A
0000755C
00003E0D
0000F0AF
0002F33A
0002B01B
FFFF8B9C
0003645A
0002FB43
0002118E
FFFE9766
FFFCA583
0000C9C0
FFFEBA65
000172E5
000186E4
FFFE94D1
FFFEB6DF
0002F89D
00013516
000144FE
00006ED0
00017213
FFFC6A24
FFFCCFEC
FFFF1732
FFFE9C2C
FFFFB03D
000104EC
0003E107
FFFFE107
FFFDDB92
0000F787
FFFE6F72
FFFF9972
00003045
0000C9C1
00005460
0000457F
FFFF0C39
FFFD035E
0000C8AE
0001E3BD
FFFBBBD8
0000B27F
FFFCEF38
FFFDDDB4
FFFF003C
0001BB7D
FFFD531D
FFFE8496
FFFF5AAD
FFFDCF52
FFFDF599
0000E68E
FFFF0C89
00004BB4
0002B561
FFFE64A9
FFFD3055
FFFFD0C6
FFFC5F5C
0000914C
FFFDF0D8
FFFDFE11
FFFCE051
FFFDFFCB
0004D258
0002F3EE
FFFFCE1A
0002644E
FFFF8CC7
0000F4C2
0000C8AF
FFFF54F9
00000E64
000030C5
FFFF2F90
0001A8AD
00019E8C
000261E7
00000E4D
00012BC8
00017543
FFFF870C
0000B872
FFFF90BD
0001ED6F
00010E51
0003042C
0003DFFE
FFFDAE14
00021CA9
0002BCC0
FFFE137E
FFFFD45E
FFFD4E03
00002675
FFFCFA3A
FFFCE764
00001F0C
FFFE1B7D
FFFD3F12
FFFE661A
FFFCA0F2
FFFFDEE1
0001BE4F
FFFCFF24
FFFE5F08
000302BF
FFFFCBD6
FFFD1FBA
FFFFAF90
FFFE109D
FFFF1032
000089E7
0001725D
0000E4F0
000022F4
FFFF8027
000305BE
FFFF20F7
00011C0D
0000988C
FFFF4BCF
00000D90
FFFE4D9E
000334A1
0001F4A9
00002ADF
00018999
00009C00
FFFF8816
0001BB74
00027784
FFFFA363
0000C6E7
FFFFDA91
0001D45B
FFFEEE35
FFFD8024
FFFE9FBA
FFFFE2C1
FFFCCEF1
FFFECDB4
FFFE5E4D
FFFD9464
FFFFAD9A
FFFF50F7
00014779
FFFCE435
00013267
00001578
00000743
0000F96E
00020ED3
0000CA16
FFFD4F69
0001412C
FFFDD445
0001D173
FFFF9365
FFFFFF5A
FFFEF13B
00003F6B
FFFE3B46
FFFF4828
00014573
00005208
FFFCFD03
FFFDA97D
FFFF19C5
00003DCC
FFFE8BE3
0001CCB4
FFFD5288
FFFFDDF9
FFFE167D
0000F3BC
FFFFEAD7
FFFE8438
FFFE98B0
FFFD9D79
FFFEAAF3
000085FB
FFFFBB7B
0001BD16
00026542
FFFFF6FC
FFFF9368
FFFD05B0
FFFF780F
FFFEA9FF
FFFF19EA
FFFDA931
00004903
FFFEBC2F
00006E7F
FFFEC330
FFFFCAF6
0000A27F
FFFD7348
FFFEBCDF
00008046
00036ECE
FFFFC211
FFFEB22F
FFFF4192
0000E554
FFFCC6C3
0002D864
FFFE9480
00016361
0000D7D9
0002B20B
0000F5CE
FFFFBEB2
00008B8A
FFFFA4A6
00009908
FFFD1890
00015093
FFFDA54C
FFFC2E79
FFFD0D30
00018614
0000D920
FFFE0390
FFFEFB92
FFFBD85F
00001DEA
FFFE59BB
FFFF7B7F
FFFCBB8D
FFF9AC2F
FFFC252B
FFFD980E
FFFC2F21
0000AE60
FFFF9B81
FFFE466B
FFFFF098
FFFE01F3
FFFFE7E1
FFFFE639
000077F1
FFFFFEA0
0002AAF8
FFFE9626
FFFFD168
00016AF1
00011C36
00005804
FFFE5436
00009F3D
0001228F
00007193
00008C79
00026EA1
FFFF5F01
FFFE81CD
FFFF1C8C
FFFD0AD5
FFFF6FC6
FFFEB55A
FFFF2FCA
FFFFBD22
FFFFF80C
00010F37
0001670D
FFFE966A
FFFE29DC
FFFEE928
00003047
00032EDB
00007DD9
0002EA4C
FFFFE536
0000051C
00016ACE
0000A118
FFFFCD9E
0000632F
FFFFC1A4
000085CA
FFFD08C8
00002F95
0000EEF4
0000A3E6
00015E6F
0002220E
00017EB7
FFFFEB53
FFFFC9D2
0001E998
00033752
0000294D
FFFFD507
0001AAD5
00004477
FFFEBB2A
FFFE9EE5
FFFDED0B
FFFDA832
FFFFDF1F
FFFBA9E1
FFFCF364
FFFEC3A3
FFFFB87E
FFFDFAA3
FFFDC7E2
0000E3DA
FFFF0509
0001A45F
FFFD4373
00004A16
FFFE1969
0001BE09
0000EC0F
000158E4
FFFEF1F7
FFFF2F32
0000A4F2
0001C765
00012FD8
000254D3
FFFFDFCC
0003010D
00022D8D
000224C3
00030312
000268EE
FFFE2503
000076B6
FFFFF063
00000A05
00035B71
0000D5A5
FFFEC05E
000159AA
00009A4A
FFFF36BC
0000A78E
00012282
FFFF5F33
00005C31
0002D9CC
00011F38
000290AA
FFFE6020
00007C05
000192EA
FFFF4E07
FFFEED53
FFFFA894
FFFFBCEF
000002FD
0000A073
FFFE19AD
0000BD39
FFFB73B1
FFFF0386
FFFFF074
FFFEE9AD
000128E8
00005883
FFFED6A2
FFFF68BB
FFFF8F01
00019813
00005039
FFFF4472
FFFED9B6
FFFE298F
0000FAF5
00011BB4
FFFE353E
FFFE28BA
FFFEB2EB
0001ED2D
FFFF6F8B
0001624F
00011C67
FFFFD150
0001CD5E
FFFF9292
FFFE0455
00004479
0002EB04
FFFFEDB1
FFFFACB9
FFFFAB44
00038638
00033CDC
0001E0FC
0000AA20
FFFF0BB7
FFFD76AC
000090BF
00000567
0001191A
0002A9D1
FFFEE6B6
0001896A
FFFE08C1
FFFE691C
000056FB
000031EF
FFFEF1FC
FFFFEAFC
FFFDB730
FFFED8D4
FFFFF22B
FFFF98B9
FFFE26F4
0000D80D
FFFF7499
000210A7
FFFD768A
FFFDCC43
0000589E
FFFE8573
000109C4
FFFF0586
FFFE9B3B
FFFDF2E5
FFFF8A98
000075EA
000021C8
FFFFA617
000157B2
0000CA98
0000F747
FFFFA066
FFFFCE51
FFFF5FAE
FFFE5138
FFFEF269
FFFE5BDA
FFFDF7B2
FFFE182E
FFFFAC4B
FFFFD3B9
FFFE6FB7
00001D0C
FFFF1420
00022C42
FFFE2746
00007DC2
00024CDF
FFFE2114
0001208A
FFFCE761
FFFD2126
0001C6E3
FFFF2A93
00016C17
FFFEE9B8
00036A55
00027BE0
0001CB76
FFFF27EA
000040A7
0000AE94
FFFDB5B5
00016E52
00022D77
FFFE5ED5
FFFDDC46
FFFFE913
00001C71
000191F6
FFFFDFFC
000389F1
FFFF751E
00006265
FFFF07A2
00013BE5
FFFD5D08
00011E9C
00016121
FFFDD8A4
0002D425
000038D2
FFFF907F
FFFFD4A6
0001997F
00033770
000101B7
FFFF2F37
000145D4
FFFFA8BB
0002DF7A
00002AF1
0002E8ED
FFFE5BF6
0001FC6A
FFFE171E
FFFF09C9
FFFFBBD1
FFFF9FD5
0002DFD5
0001BD79
FFFF51BC
FFFF1B5A
0001B6CA
FFFFDE0E
000188E8
FFFF13F1
FFFFDD98
FFFD3136
FFFE00D7
FFFDA11D
0002F76B
FFFFBEF7
00002E0C
FFFBC719
FFFDA36E
0000D560
0003277D
0000B973
0002F32C
FFFFABA7
FFFDE111
0001F229
00027641
FFFEA740
0001F634
0000AEC7
FFFEF546
FFFE7898
000212DB
FFFF9F3D
FFFE4D8C
00004687
00007992
0000A3B8
FFFFD3B5
00001CE6
0002A5DF
FFFFA946
FFFF71AF
FFFE4A2A
FFFF8E9C
FFFF8B4F
00000BDA
FFFCE879
FFFCBF36
00019DA3
FFFE390A
FFFE9446
FFFE2FC7
FFFBB193
0000DFB6
FFFF0147
00004D67
FFFF969F
000293EB
FFFF2050
0002AA3F
00014E44
FFFF819F
FFFE0149
FFFF5FBF
FFFDA19A
00000AA1
FFFE94B1
FFFDFBF6
FFFD3CAE
FFFD8579
00001138
FFFE3BC4
0001636F
FFFEC328
FFFEEFE3
0002B660
00018538
FFFEB788
FFFEA730
FFFF0582
FFFFFDEA
00001E42
00000A27
00012473
FFFF87BE
0000FA7D
FFFE0EFB
FFFEFCF3
00008866
00011754
FFFF140B
0001E5E0
00033AE4
00007546
0002BFF9
00006CEE
00031D5C
00008888
00029C7E
00012706
00014132
00031222
FFFE2B68
0000B830
0000698A
00009D89
000295CA
FFFF81EB
0001B1EA
00013D87
0001AC99
FFFF8C2B
FFFFC5C2
00005727
000080C2
00007DFB
FFFDBFEE
FFFFFE6C
FFFDC6B4
FFFF83AE
00010059
FFFD9E51
FFFE0F62
00025162
FFFE72E8
0001DB71
FFFEDD43
00020DD7
FFFDB617
000218B8
000131C3
FFFFF0CD
FFFCAB26
0000C58F
00019E5F
000365D3
00004C56
00000F1D
FFFE85AA
000290F4
0001250A
0001D23A
00023D5E
00030376
FFFFEB49
FFFFEC42
FFFFED99
00025B51
0001951A
000164D1
00034726
0003AD64
0003B801
0003E26E
00023CDD
0002F437
0003C97D
FFFFB321
00027365
000142CE
00032E2E
FFFF76C5
FFFFB5DE
FFFFCD38
FFFFAFD3
FFFFD73C
FFFF0B3B
FFFE7640
FFFD73AE
FFFDA5D4
FFFFE022
FFFEB4DF
FFFF657B
FFFDEB78
FFFE7CFB
FFFEAB27
FFFE1D6A
000140F7
00019C60
00032095
FFFF3037
0001ABB4
00024B6A
00020D43
FFFEE008
FFFD378C
FFFF8AB8
00005AC5
FFFCCE03
FFFFFFB2
FFFFB98B
FFFED089
FFFEF5EC
FFFF20F4
FFFDF89E
0000452A
000065D1
FFFFB626
000287BC
0000AFF8
000114B0
00005889
FFFFA9EB
000261D1
0001B0D8
00007C99
FFFF0093
FFFEB913
0000FADD
00026E79
0001629A
FFFF9463
00004FED
0000D9C1
FFFF092D
00027718
00004C0A
0000D769
FFFEF7F7
FFFF60A7
00026888
FFFFDDED
FFFDD89D
FFFF6767
00013EAC
FFFBC43D
FFFC6924
FFFF9A3B
FFFDCAD1
FFFF70B4
FFFFEFE0
FFFE701B
FFFBF1B1
FFFDA2AB
FFFCA73D
FFFF5F54
FFFE1321
FFFD811B
FFFCFA95
FFFC4A9B
FFFF8836
FFFD7CBC
FFFED333
00009B05
00024996
FFFDB045
FFFE4267
FFFC982F
FFFE99A4
00000FFA
FFFFBCDE
0000D533
00040128
00028210
0003110A
0000A795
0003B864
FFFE15B7
FFFFBF91
000065CB
0002DFDC
0001E4D9
FFFF74BF
0001D1D2
00006122
FFFF516F
00026107
00022541
00016DFF
000132B6
0002B648
FFFFE1E0
00020522
0001046C
00004B9D
FFFEE19D
0000CB4C
FFFFD023
0000A89E
FFFD40EE
FFFE6D76
0001B74C
00005050
FFFE1A1D
00024962
0002A956
FFFE5266
00028FE3
FFFF4AAE
00013FC0
FFFDF294
00030BEB
00009F4B
00013BAA
FFFC84C6
0000504C
00027821
00019EBE
0002033F
0000FE5D
FFFFC9E9
00023230
00019E5E
00007AAB
000105A9
FFFE7640
FFFE0CB2
00015C17
00012445
FFFF029B
FFFF5F20
0000BADF
000091A2
FFFDEDB5
FFFE173F
0000E41F
FFFFEB26
FFFE046F
FFFFA659
FFFF407D
0001E5A2
FFFE6C8A
FFFDB4C2
FFFF23E0
0000B9FC
FFFFBC29
FFFF2FCB
00012F16
FFFEE51B
FFFEF352
FFFD5832
FFFE54E8
FFFEABD7
0000EDD8
FFFED8E3
0001B82A
FFFEC7D3
FFFDCA17
00015A3C
000012B7
FFFF82FE
00002021
00007C1A
00022419
00006874
FFFCFABE
FFFF2729
FFFE3BC4
FFFD6169
FFFEABDB
FFFEBD4A
0000BF35
0000E204
FFFF50D0
00024583
0001CA19
FFFEE0E6
FFFCEA49
0001240E
00002E83
FFFEA9FA
FFFD002F
FFFF3F3A
FFFF2C98
0000DC3E
FFFC8D1C
FFFCCE1F
FFFE2F54
0003C8B4
00013E58
00013B4E
FFFFBD26
00009F9F
FFFFD4A9
FFFFA66C
00002A93
0003E351
0000E2ED
FFFBEA1B
FFFD9E2A
00002956
000063A9
FFFCEAA1
FFFE281D
FFFB17CB
FFFBAD39
00009227
0000EE40
00000989
0002121F
FFFE37F3
FFFFDC92
FFFFA273
000087A2
FFFEA638
FFFE3F31
FFFE0184
FFFF8B3B
FFFEA1D6
00020817
00004533
0000336B
00009A28
00003303
00020351
00019DFB
FFFFD5DB
00035999
FFFF3028
0002995A
00029DD7
00053E0C
0003792B
000130EA
FFFD8D07
FFFF49C8
000040CA
FFFFE83C
FFFD54F7
00017F2D
0000EBF0
0001EA58
0000F323
FFFFB5B7
FFFEA0F7
0002267E
0001DEFE
FFFDADCD
00018335
FFFD536E
FFFD595D
FFFC795B
FFFF46A2
FFFF301B
FFFDA763
0001FC7D
FFFE1A9A
FFFEE89C
FFFDBF66
FFFD6BD3
00029DC4
00035C72
FFFFD08E
FFFE2848
FFFF10D4
FFFF5632
00001A9B
FFFE5C45
000121DB
0002E746
FFFF5AA5
FFFF0D25
00008540
00010C19
FFFD4F86
0001D2F1
000063DC
FFFF07A2
0000EA56
0002B5C2
00015FD0
00019808
FFFF0D28
FFFF4976
FFFFF5FD
FFFEA397
00004C32
FFFDA417
FFFF731C
000149F5
00001DC6
FFFFF095
0000F893
0000A883
FFFF206B
00002C0A
00019A89
0000D41F
000259DD
00010811
FFFFFB33
0000A26F
0001412E
FFFFD91C
FFFF1B42
00004BB3
FFFE2A2F
FFFE73BE
00037AC8
FFFE5DF0
FFFE3832
000282AB
00025486
FFFE20E1
FFFE6B98
FFFDFC82
FFFE51FF
FFFF1434
0001E9A7
0000CD48
00009BA9
000175D1
FFFF9741
FFFE79FD
FFFEA1CA
FFFFA17D
0001B93E
00025EF7
00008A14
FFFFF285
000176CB
0002527F
0000E703
00018545
000149AB
00022BDC
FFFF6804
0000FD60
FFFF9B13
FFFDE9F7
0000B1A7
FFFF2B75
0000D11E
FFFD8240
FFFC7FC5
FFFF7CBB
FFFFA20F
000180B7
0001966D
FFFF3BFC
FFFF5860
0001BEA8
000148CE
FFFEE72F
FFFFBF22
FFFF1EBC
FFFDD8C6
0001DC3C
00019888
00013974
0001DD8A
FFFF8FBB
00025D53
00026031
00011780
FFFE81B7
FFFE5EB3
00004CBF
000122A7
00045E42
00039E12
FFFE6134
FFFE9CC4
0000834E
FFFFC210
000099B5
00029E96
0002B327
000125C7
FFFE0099
00028899
0001ECDE
00025C19
FFFF797E
000052DA
0000CF54
FFFF9A6A
FFFFF5EC
00020D20
FFFE2194
FFFF8135
FFFF8E21
FFFF04A2
000049D1
FFFEDF2D
FFFFC9CD
000219A9
00028E02
0001D299
00008B94
FFFFA0D7
FFFFB8BE
FFFEC81D
FFFF2E12
000270E1
FFFD7C93
00013725
0001B278
FFFFA5A1
0000F9BB
FFFE1B57
0002875A
00023057
FFFE6291
0001693D
00010546
FFFFC06C
FFFE900A
FFFE8504
FFFF6C2A
FFFEB5E7
FFFECCE4
FFFF0676
000275AB
0001234E
FFFE7563
FFFFB50D
00019AD6
000278B4
FFFDD5F6
FFFFCEAB
00012E81
0000B85E
0001CD4C
00019305
00020CC4
00035CB1
00020A67
FFFF0AD4
FFFFD675
FFFE09CB
FFFFE636
FFFE0D10
FFFE7B18
FFFD9AF6
FFFF9634
FFFEDBDD
FFFFAE39
FFFE3436
FFFFBB35
00013905
FFFF7194
FFFD6B80
000273A7
FFFFBED5
0001663D
00001048
00018A01
000176E1
FFFEB5AF
0000D362
FFFF062A
FFFE316A
0000E6EB
FFFDEB45
00002CF6
000167F1
FFFF6AF7
00003BFF
FFFE9730
FFFE13C6
00012BFF
FFFD7C16
0001C3C9
00019501
FFFD8146
0000BD4B
0000060E
FFFF8F49
FFFF4E23
000288EB
FFFFA247
0001B312
FFFFF4DF
000181EE
00019D1D
FFFE8300
FFFE92E3
FFFF7794
FFFF3D3B
000104C7
000022E4
FFFD3A1C
00000917
00017332
FFFF059C
000227CB
000259BA
FFFE7CD3
FFFFA93E
0003095B
FFFEACC2
FFFFCF53
0001D454
00024D53
00043C34
0002F52B
00006CCD
000117A3
00022181
00003BF6
FFFEFD7D
FFFDEC58
FFFE1146
FFFDD8CE
FFFE6D03
FFFD10BF
FFFE3A14
FFFD4637
00000423
FFFE3A59
00015DAC
00002DA3
00006082
FFFF1970
FFFEF430
FFFD63D5
FFFFE355
00022720
000002DF
000000F6
FFFF4909
000119C5
00005273
FFFFBA9E
00030AE9
00000EB3
00016C78
FFFF6C62
0000C1F2
0001D304
FFFFDFEB
0000DC22
FFFF979A
000220B3
FFFFE95A
00038A16
0000C1D7
000222CC
FFFEFC1B
0002E759
00009799
FFFE70BF
0001E137
00030DBE
00025822
FFFDDF52
FFFDDBDB
FFFC5831
FFFEFBED
FFFEEEFA
FFFE3AE7
FFFD5BB9
0002341B
FFFF52C8
0001FDE7
000110DF
FFFE519F
00027B4C
000238DF
00015635
FFFEE010
000181B6
00004A22
0000425C
FFFFEE99
0001AFF1
0000D32D
FFFEB826
FFFFCD48
0002F3A5
00002CBA
FFFCFED0
FFFDE44A
FFFD6868
FFFDB478
FFFC4843
00000736
0000A3C4
FFFF8BDF
FFFE4216
00023518
FFFE2CD4
00014C7D
FFFF1ECE
FFFEB2AD
0001DC2B
00028360
0001B682
000273AB
FFFEC2FC
00016431
FFFBAB0C
000082C5
FFFF367D
FFFE6F53
00002437
FFFF6D54
FFFDF60B
FFFCE5FC
FFFFBB5F
0000E387
000358A3
FFFFF9AC
FFFEDCA3
00007C23
00010277
FFFE6A37
000259D4
00006827
FFFBC95B
00001678
FFFF2320
FFFE5E66
FFFF9437
FFFC8FE4
FFFE9EF0
FFFE152D
FFFDCCDE
0000ECF3
0001E3C5
FFFF7B79
FFFD47CD
FFFE80EF
00004234
FFFFC649
FFFF29A5
0001E6C4
00016EDF
0001A92B
FFFE224E
00000133
FFFF5B11
FFFF9618
FFFDDCDE
0000ACAB
FFFE95A4
FFFEDA22
00013FB9
00019DA4
00010780
0001C584
FFFDC67D
FFFE3DD8
0001CC4F
FFFFA7B0
0002463A
FFFDF9AE
FFFFF227
00001FB2
00023DE7
FFFF151C
FFFFD42C
FFFEC77B
00007129
0001C5A5
0000EE27
000364FA
0000D764
00009D1B
00033286
00004904
00009DF3
0003BBDB
00037383
0000393A
FFFD6ADB
00031677
FFFD81BA
FFFF4A9D
000021F5
FFFEC6F2
FFFF947F
0000D414
FFFD4EC9
FFFD1A2D
0000DA3D
FFFE93BF
FFFCB971
FFFFA259
FFFFC4D8
000110C8
00038F69
000127B3
00005FBA
0003A4AF
0000EA8A
FFFF1707
FFFD83FA
00016C28
0000A3EE
FFFB9E45
FFFFD8DB
FFFF7C83
FFFDA32F
FFFD4D92
FFFAEA53
FFFAEC6D
FFFAC3EF
FFFA81BF
FFFF6FF1
0001F185
FFFF36D7
000109D4
00013337
00025C05
000438FC
FFFF740F
FFFF3747
FFFE71DD
FFFF95DC
00018153
FFFFF9F3
0001388E
FFFEDFC2
FFFFFB88
FFFC7E21
00020FAD
FFFF054E
00008CFE
FFFF6586
00019156
FFFFC026
00005BFE
0000F1D4
FFFEBCDC
FFFFF4C8
FFFCB956
000170AF
FFFD3082
00013124
FFFBCF88
FFFD9271
FFFD5AB7
FFFF0294
0001D1A8
FFFDDC56
FFFE5E29
FFFFD99E
000071B9
00009075
FFFEEE6C
FFFD4EFA
00004FD3
000127A5
00004DB2
FFFDF351
FFFC0FD9
FFFF178F
FFFF888E
FFFF6C22
0000DEB9
FFFD679B
FFFCAC61
00016209
FFFE721C
000044C7
000019F1
FFFEE8B3
FFFDABC5
FFFE68C2
FFFD544A
FFFE67B4
0001AC95
0000F72D
000032FB
FFFC9D3C
000210B5
00025D06
000052F0
0000DF6E
FFFFFE9A
0000B988
FFFF34AD
0002C188
FFFFCF3C
FFFDA4EC
000289BC
FFFDF42A
FFFFC58B
FFFED5C3
FFFCA16E
00015284
FFFF2293
FFFFDED3
0000C4C5
0000A4A5
000264FD
00030F5C
FFFEB744
0001614C
0001CB68
FFFCE209
FFFDCE71
FFFC56F4
00029D73
FFFF2473
FFFE3EEE
FFFF8EBD
0000A45A
FFFCCD50
00003674
FFFD8005
FFFCE9BC
FFFFCC3F
00005E57
FFFFE277
00001E1F
FFFF7774
FFFF372C
FFFE663A
00009115
0000774D
00017CCB
FFFD8099
FFFF8985
00008C5B
000025D0
00022958
0000E4FC
000162EC
FFFFECDD
FFFC3A7F
FFFE3F28
FFFB87BB
FFFF1572
0001E6F4
FFFF5922
FFFB7E6F
FFFD82DB
FFFFD273
FFFD2BF5
FFFDAA6F
0002883F
0001F5DB
00031E51
FFFF1E32
0002448E
FFFD3271
0002449E
0000B852
0004347F
00041F03
00022E52
0004F2E0
0001F529
00021D4A
0001CFE1
00051DD8
000255AB
0000A6DE
0004984F
FFFE80B7
FFFC0798
000271FA
FFFEF5BB
00021655
0000201F
00015576
FFFD7384
00000636
FFFE69B6
0000FD41
0001A436
00004162
000127BF
FFFF6FE9
FFFE3436
FFFE83F5
00035528
FFFED0FA
FFFF8668
0002BADA
000168D6
FFFFAE83
FFFEEB84
0005698E
FFFF657A
FFFEF343
FFFF8100
FFFD6DDC
000106E7
FFFF4F03
FFFEE08F
00030D95
FFFF51B8
FFFF96B7
00015A3B
FFFD56E0
FFFE9F75
FFFF3596
0000263B
00010B21
000142A4
00004F02
FFFDD700
0000D179
FFFD4BCE
FFFFD2DB
0000F4D3
00028EA4
00012DC4
FFFDBC61
0000FA5B
FFFF5662
FFFEBB4E
0001CDB5
FFFE35FE
00032EDC
0000331B
FFFFEE25
0002DFA0
FFFD9759
FFFF7BD4
00014B80
0000332B
FFFFEE12
FFFFCC57
FFFEF386
FFFD7F6D
0002C133
FFFE86DF
FFFD2E06
FFFF20D9
FFFFCBC5
0000D5D2
000477EB
FFFF762F
00010567
00034210
00018F34
00038D41
FFFF4C24
000641BF
000061D8
FFFF0EEC
000236C4
FFFFFB9E
000226E7
000298AA
FFFE4DCA
0001B109
FFFE0452
00006BE9
FFFC210A
00003A70
000149B0
000104C4
FFFDAB60
FFFC3FBC
00013107
FFFBD0C7
FFFFCE38
FFFEC344
0004E28A
00011FF3
00020BEB
FFFE7A12
FFFE376B
FFFEE1A5
FFFD6FD9
FFFF792A
00001B0D
FFFE1238
FFFFDD72
FFFE7BC9
FFFE016E
FFFC7315
FFFF8F04
FFFD3123
FFFFC6B6
FFFE364D
FFFFC3C2
0001C54C
FFFF50F1
FFFD708C
0000B073
FFFF07DF
FFFE17DC
FFFC5059
000304E2
FFFE1EE3
00021F08
FFFDF25B
FFFE9FAA
000202E3
FFFE95E2
FFFCE298
000156B1
0001F21F
00010A16
0002FE7A
00020340
00014483
000259FE
0000F94C
0003A87A
0000CC78
0002DF95
00028B15
00011B29
FFFFE163
00011C39
0001D0C6
000003A5
0000549A
FFFF08C3
FFFEDF81
FFFF5919
000136C5
FFFFAE91
FFFF4F33
0001A277
00002D7E
00008B6D
FFFDC03B
0001FC42
0002C7A3
FFFED06B
0001D4FC
FFFE5CAB
00019B96
FFFFDE44
0001A56F
0002A10D
FFFEDD03
FFFE8033
00015023
FFFDB54E
FFFC432E
FFFEE329
FFFF80E9
FFFD608A
0002FECB
00019517
00025343
00049064
0003EB9A
0000B0D7
0001AF89
00027DF3
FFFDA1FA
0001BB1E
FFFED3D4
FFFEEFE6
0001CD56
0000AABD
FFFED751
FFFBF386
FFFCFB1E
FFFFD392
FFFFCA60
000118F2
00019D68
00016717
FFFEB6A7
FFFE169D
000203D5
0000765C
00003E94
00037B44
000413B4
00008807
FFFFFA82
00027435
0000E7A1
0001586F
00007B3C
00060243
FFFD9A03
0001C2DB
000029BA
0000F7EC
FFFED4D9
FFFD943F
00022087
0002A68B
00018E58
0000F1F6
FFFD3091
FFFFA3BC
00003A1D
FFFE683E
00042277
000421F4
00028D9B
FFFE6E29
00039518
000447B2
0003B4D6
0000FE74
FFFEC72D
FFFEDF4D
0004EF1A
00015A6E
FFFE0CC9
FFFFDBE9
FFFEAC82
FFFF03C0
00023D17
FFFDC4AC
FFFFB9BB
0001E24E
0000CE24
FFFF44A1
0001CA81
00036CC5
000103BB
00004A92
FFFD4D85
0000F6D9
00026895
00004CBD
FFFD6A4E
0003AB61
000357F1
00014F9E
FFFEEBB9
0002E8AD
0004085C
00014627
00019CFD
0001DCA3
0001AC87
000294FA
0003DCCC
00057265
00011F03
FFFE5B52
0000DC4D
000291DC
FFFE10FD
FFFCDF15
00039DD3
00002742
00011A62
FFFDF7B7
FFFED3EA
00020E03
00023209
0000AFB6
0002293B
FFFEEEF9
FFFC31B1
FFFD3451
FFFF1D4A
0000E866
0003BF33
00000980
00021301
0001FD66
0001BA53
00027BF0
0001ACFB
00000E10
0000F7E9
FFFFCE4A
000142A8
FFFDB9A9
0003F903
0000925C
00019C0C
FFFD5D50
0002AE13
000086A5
0003EB05
0002C609
FFFEC00F
FFFE9796
FFFFE90D
FFFAFDD6
FFFD94A4
FFFDDB9C
FFFE998F
FFFF2AEB
FFFFD41C
FFFE8E3D
FFFF9C19
FFFE70DE
FFFDAB57
0002E34B
FFFF886C
FFFF3004
FFFE5353
000171C9
FFFF277F
0001758D
FFFFCA82
0002B4C7
FFFF73E3
0000F637
000385F3
00034370
00035C5B
FFFFA5CE
FFFDA5B2
FFFF5C03
0000D6C3
FFFD3817
0000DFEA
0000EE3F
FFFD936E
FFFEA33A
FFFEF653
00018FA0
00026BD0
FFFCEC76
FFFF6F74
FFFE3D12
00012B7D
0003862D
0001B78D
00022B90
FFFE2CCF
00022AC4
000057D7
FFFFBADC
0001A179
00041DA3
000139C8
FFFE8E9A
0003044E
000099F8
0003541D
0001C359
FFFEB69D
00033768
00014BC0
000362C5
0002EB7B
0000347F
FFFF45A8
FFFF5080
FFFE3F73
FFFCE87D
FFFDE078
FFFD6D3E
0002C499
0000BFCB
00009FD8
0003081D
FFFB7C06
FFFEB3DC
FFFE0F24
0000E12B
FFFF16ED
FFFDDC14
FFFDFB34
FFFDE4D1
00012E08
00002578
00040BA4
000093C2
0002C18A
FFFF2678
000099CE
0003E3AC
FFFF9004
FFFEA666
FFFE2B96
FFFE4515
000273E3
FFFDCD3F
FFFDF97F
00000D85
00035EE3
00021258
FFFF20AD
0004845A
00019B0D
FFFED241
00027F67
0001F4B4
0002820A
00005B36
0002C3DC
0001361E
00016949
000275C5
00023B86
00029570
FFFFB60A
00001C9C
00017955
0000FB06
FFFEBFB9
00006661
FFFF037C
0002AAF1
FFFE2AF3
0000ACAE
000151EB
FFFEA18B
FFFFEB63
00016E88
FFFFA813
0001E916
00000279
FFFD1940
FFFF96AF
FFFF4BD8
000133B5
FFFF6AF6
FFFF4FCF
00013800
000122B4
00019B55
FFFEC5E8
0000FDE5
0000C956
FFFFC27A
FFFD7735
0003B4CC
0001EBE6
00005068
0002C9C1
0002E0DF
FFFEB65F
000146E6
00015C2A
FFFE74F2
FFFCF685
FFFBE42A
FFFF0FB0
FFFC25C5
FFFF962B
FFFDA554
FFFB5C89
FFFC7036
FFFE24D0
0001A86D
00028EBF
FFFF1AA5
FFFF9527
000055D6
00021226
FFFE7053
FFFF1942
FFFF0807
FFFF44A4
FFFF2E97
00015B4C
0002B860
00010334
00019DA9
FFFEEE00
000033C8
FFFF299D
0002C6BB
0003036C
00008DBF
00042BA5
FFFEB5D6
00015315
00023593
FFFFC3D5
0002A899
FFFF6CAF
FFFE569B
FFFD7439
FFFF0773
0001D7D4
FFFCF072
FFFFF6C4
0001715C
00007782
000027DE
00015E7E
FFFD4713
00002C14
FFFE3C10
FFFECDD8
000106F8
0000C3B4
FFFF3D2A
00005D07
FFFE73C2
00006ECB
FFFD3B5F
FFFD0B66
FFFE6CFE
0000A947
0001D707
00016842
FFFCB22B
FFFE4E10
FFFF778F
FFFFBD07
FFFF5DEF
00002531
FFFE33B3
FFFF6BB7
00012E19
FFFD15F5
000334BA
0002D417
00006B8F
00017956
FFFE5949
FFFE8F5C
FFFDCD9D
FFFE18E0
0000D814
00004F72
0001F62F
FFFFBD9B
FFFE8131
00005132
FFFF1491
00038581
0000C60A
000030D9
00027EC5
FFFDD9E9
FFFDCD10
000125D5
00001C75
00028588
00027347
FFFF76A7
0002873E
0001B141
FFFF60F3
FFFE7340
FFFECA89
FFFE766A
00006C5D
FFFF091C
00008C32
FFFF40EC
00019BC5
FFFFBCBA
00026D76
000181CF
FFFFE4E4
FFFD01B7
FFFCE27A
FFFF5E67
FFFDB661
00017F1F
FFFD05F9
000028D2
FFFFA268
0001C7F8
FFFD82F9
0001EC36
FFFF43F9
FFFE9B46
000235FF
FFFE150F
00016439
FFFEE63E
FFFDD20E
FFFF4494
FFFF69B5
0000DFB3
0000E7F4
FFFF9A8C
0001CAC7
0002D953
00005705
FFFE9730
FFFDF35A
FFFE32DF
FFFECCF7
FFFE03C5
FFFE9F8C
0000D3DD
00023BEE
FFFE57C8
00017D03
0000EBE1
00015D4F
000138CD
FFFE48B4
00022DF1
0000CB9C
00030364
0002AF34
00028729
00016260
000354E3
0004F0FB
FFFF45B5
00005D05
0000559E
FFFED88D
FFFD2720
FFFDAC2B
0001D568
FFFF70C2
FFFF2388
0001A5BD
0000174F
0000AEC1
0002A220
0001FE79
FFFFC146
000036BC
FFFFAC3F
000119EE
0001A4F8
000128E4
000055DB
0003AA70
0000ECC6
0000DFBC
000158E8
FFFFF938
0001FA03
0004C452
00039080
000494E7
00004410
0001602C
FFFEC3BC
FFFE8DDA
FFFFFA17
000104B1
0001B98F
FFFEB806
0001A11D
0002F55C
FFFDB6E7
FFFF8E4E
00015C4B
FFFF87DF
000220CE
00009A42
0001D423
0001E6FC
FFFFC144
00046F60
0002D61B
00024AF1
FFFE33AA
000021B4
0000548E
FFFECB85
0000F5E5
FFFE85FD
0000D8C0
FFFDD851
FFFC56F0
FFFC825B
0000BE15
FFFCC576
FFFF8FA9
0000C7D7
00021072
00018FBD
FFFDFD67
FFFD6533
00021A6A
FFFCAB33
FFFE4AEA
FFFED83A
FFFEBD76
0001146B
0000B8F4
FFFE1470
FFFEA841
FFFD9D10
FFFCA330
00015A73
000160B9
00026033
FFFF983E
00031BFF
000118DE
00037FCE
00029125
00012A79
0002717D
0001E67B
00013411
000396EE
0003B199
0000F00E
0001EEBB
0000BD37
0001CD5A
00022935
FFFD7892
FFFF33B9
0002D60B
FFFFD888
FFFFE260
000270DF
00015D44
FFFF4D42
00008B6B
FFFE72C6
0000AD98
FFFFAAB4
FFFE4B8F
FFFFC5E4
0001DD1D
FFFF2C23
000230D7
0001502B
0000529E
0001880A
FFFF8CB2
FFFD4C45
FFFC8FE9
FFFF659E
00008E7B
00007466
FFFF67DA
FFFE9CAD
0000AB87
0000F79C
FFFFC74F
0001D0A9
FFFEF98B
FFFFBBE4
00010376
00040414
0001D893
00013ECC
FFFF5A5D
FFFE4A60
FFFEF0D0
000025FC
00033B6C
00033EA2
FFFDD6AF
FFFDDA48
00014883
00007B37
0000B93E
0002084B
0000F31B
FFFD24E6
FFFD5B03
00017249
00028692
00010A33
FFFDCA3A
0000C08E
FFFF8B7E
000534E1
0004C7AA
0002234D
FFFF3349
FFFF6FFB
FFFDC319
0000AD77
FFFF1B7B
0001B490
FFFEAEA6
FFFF34EA
FFFD588E
FFFDECD6
FFFEB25A
00006AA1
000021A0
FFFEB968
00021978
0001BA1A
000256A8
FFFF83F8
FFFFCAB0
00028B1F
FFFCD870
00019D9B
FFFE4911
FFFEC929
0000398F
0000C78D
0000209F
FFFED3F3
FFFDB9A7
FFFF93C6
FFFE48B3
FFFD2F9B
0000F060
FFFF79A7
00015722
FFFE5A78
0001855A
0000CACF
FFFE7FB6
FFFEEC52
FFFCC8D3
0000351B
FFFF8C1E
0000E2C7
000290F5
00006638
00011F5A
000168F8
00019F73
FFFDE8EC
00017942
00019E9C
FFFDE81C
FFFEE154
FFFF54CC
FFFF8CB3
FFFED9DB
0002732A
0002CB5B
FFFF8552
00004E4D
0000AD45
FFFECC20
000118BF
00035916
0001D275
00016E02
FFFE351D
0001DB9C
FFFEDA87
FFFF46D0
00016178
00020BC9
0000A580
0001B6E2
FFFC3FB9
FFFD41A0
FFFF3927
FFFFF134
FFFE695E
00000005
0000C5DE
FFFE88CD
FFFF7FFD
FFFFD17B
FFFE2589
0000231F
0001E6A0
FFFEF0EA
FFFF0421
00014EE0
FFFF7F57
00004B5F
FFFDE71B
FFFED88F
FFFEA7BF
FFFE8913
FFFF7388
FFFF806B
FFFC8D79
FFFD1BD1
FFFDB8A8
FFFAE0D1
FFFFE0AA
FFFD87F3
FFFEDBAB
FFFFA3CA
FFFFCE02
FFFEFE22
FFFEBFD1
FFFEDEE8
00006F7B
FFFF6CAE
0002286D
FFFDEA1A
0000375E
FFFF7270
00017F3F
000145FC
FFFF2DEE
FFFC9A2D
000139C9
FFFFDB49
00020C88
FFFEED63
00010842
00029375
00009A50
00011ACF
0000A2AE
000095B3
0000BBC0
FFFE9C3D
FFFDD36F
0000E16E
FFFBC274
FFFE939E
0001A091
0002A374
FFFDE490
000123B4
0000502E
FFFE0A62
00017F53
000115A4
FFFFC114
00022BB9
0001349B
00010BA7
00018F2C
0001DD57
FFFEEBEF
00022E3F
00034CC7
FFFF109D
000254E0
FFFE5E5F
FFFFA52F
00017E2D
0002C399
FFFFD6B1
0001D73C
00000908
00023C60
0001B739
00004014
00009499
0000D412
FFFEEB68
FFFF731A
0001EAF2
FFFEBFA5
FFFEA854
FFFF5B35
FFFDFFA5
FFFF09DF
00021DBB
000247CA
00018882
FFFEF5AA
0000BF2E
0000518D
0000FF24
0000C270
00010432
FFFF2677
FFFFA8F5
FFFDF0FE
FFFFB32D
FFFFCF2B
0000D5DC
00026272
FFFFBB7B
0001912F
0001F1AF
FFFEE688
000162F0
0001800E
FFFFA0BB
0000B0B8
FFFF6389
0002DD3D
00005C71
FFFF5B68
FFFEB78C
0001E8BD
FFFE12E8
FFFDA171
0000EDC0
000116C7
FFFE6EE8
FFFF3B90
0000C062
FFFF6967
000016D6
FFFF41D5
00005855
FFFE5CD0
FFFF289F
FFFF40F1
0002983C
0000223C
FFFCFCE4
0001A4DE
FFFF587E
0001E5AD
0000EA57
FFFE42B6
FFFDA17E
000029D6
FFFEB6F5
FFFFD954
FFFF1442
FFFDD80C
0001228F
FFFF0506
0001A761
00002229
0001E481
00009C2E
FFFF4B4D
FFFF441D
00002EAB
FFFFE939
FFFED135
FFFF7AC2
FFFF9257
FFFD8BE9
FFFD6A30
FFFFFBF1
FFFBBBFE
00001488
FFFE637B
00013068
00016AEB
FFFFECB9
FFFD9594
FFFEBD8C
00017122
FFFF83F6
FFFE1908
0000F21A
FFFF40B3
FFFE890A
FFFF475E
00023531
FFFD1153
FFFD89FC
00034D6A
00007933
0000232F
FFFFC546
0001A3B4
00002FE9
00015ABC
FFFFF3FD
00003898
FFFE982C
00012BA5
FFFF50A3
FFFFCF3F
00008865
FFFFFDAC
FFFD2BF8
0000FD5E
FFFE52DC
00015A56
000215B2
0000B5EA
FFFE847D
00015DC8
0000391B
0000A711
0000604C
0000002A
00004E11
00011F3C
FFFE4318
FFFFFF3E
0001B8D5
00016216
FFFCE7E4
FFFD4987
0001CC7B
FFFEFDD4
FFFE785B
FFFF918E
FFFF8856
FFFF5C99
FFFF8970
FFFC515F
FFFDF705
00003F4A
FFFE8CB9
FFFECBE2
FFFCBE0F
FFFFE43F
FFFF7E0C
FFFE65B7
FFFE6100
00001939
FFFEEC43
00010783
FFFFB541
0000A8A1
FFFD087C
FFFEDB6F
FFFF0ED6
0000E067
FFFF4C05
000008F8
FFFFF708
FFFC5A62
FFFE1592
000272BF
FFFF04F7
00010098
00003C6F
00005555
00023744
FFFE9F6B
0002C48E
000095B1
FFFFFA65
00000554
FFFFE79F
FFFEC86C
0002E94A
FFFFCEA3
0001B2CA
00012C2C
0001B735
0002090D
00019B91
FFFE8783
000174D3
FFFEC23E
000178E0
00002BC8
00005249
00015B2A
00009795
0001C176
FFFFF148
FFFF09CB
0000551A
FFFC40BE
FFFFDBF6
FFFF5A40
FFFED98D
FFFFE1FE
00000942
FFFC5F0E
FFFE4355
FFFC8C53
FFFC76F2
FFFD3A59
FFFE73D1
0002AC68
00008C87
0003DC63
0002D5F0
0000F831
0001002D
000172E2
FFFFDE80
FFFE86F8
000189CE
00003BFC
FFFF4D1D
00013002
00017AB3
00020D21
0000C130
00020AFE
00013464
FFFF5749
FFFDB521
FFFEE30B
FFFCB866
00010A74
FFFCC80E
FFFB25B0
FFFF74D8
000105FA
FFFFBA96
00001605
00005039
000073E5
000218F8
0001C715
00013DB0
0001BCE8
00015B92
0001F54B
FFFE5ECE
00023622
FFFFADA4
FFFE2A7D
0000A3EA
FFFE9A89
00008120
00007C8E
0002B69F
FFFDF519
FFFF98D0
00003E48
0000A226
0000CB09
FFFE88FA
0001E0BF
00012910
FFFE3A45
FFFEC43E
FFFE2D35
000090DB
FFFFAB44
000246EC
FFFEA7F2
00004417
000271EC
00006806
00019072
0001841A
FFFFBE3E
0000A86D
0000778D
0001805A
000270CF
0001F663
FFFE5D2F
FFFF7FAD
FFFBE906
FFFDE950
00014382
FFFFAC87
FFFC7639
00012E27
0000A254
FFFF6D45
FFFFAFC1
0001B184
00018560
FFFFE25D
00013603
000191BF
00011931
FFFF07A4
FFFDC0F8
00012A24
FFFDF556
00008517
FFFEF315
FFFF6ECC
FFFF401D
FFFE7150
FFFDCF50
00001243
FFFD28A7
FFFC1AC0
FFFF44F2
0001E3F3
FFFE26AD
FFFC8EEC
0000F12B
000050B6
00011D77
FFFF25EE
FFFEE964
0001FDE4
00006399
FFFF91DF
0000ACA6
FFFEAAB2
FFFED12B
FFFE9AF2
FFFF4ADD
000203D1
FFFE0F30
FFFF24AD
00004C02
00032AE4
00003448
0000156E
FFFF1699
FFFF627C
0001DBE9
00017EAE
0000C084
00032C1B
FFFEFFB2
00012D81
00032B9E
FFFEB37C
FFFFCE45
FFFBF30C
FFFFC52D
FFFF0D0A
FFFF597B
FFFE42E8
000029E2
FFFE7403
000163AE
0000FF08
000269EA
0000AC6A
FFFF6869
FFFF9FF2
00014659
00005D65
FFFF2CCB
00000E08
FFFDC14F
FFFB18BA
FFFFAF97
00016AB9
FFFFE712
FFFEC0B7
0000A896
FFFE2805
FFFEEB4D
FFFFA82E
FFFDE003
FFFEDFD2
00005EBB
FFFD42E2
FFFE088C
00021D29
0000A766
00009E44
FFFF50C7
FFFCEB25
0000B108
FFFF4ED3
FFFE7B4A
FFFD3C28
FFFF9D15
FFFF0D35
FFFF4347
00003EBD
FFFD39AD
0001C630
0000E620
00002821
0000C8F1
0001EFAE
00017221
FFFF592E
FFFEF332
00014101
000001CF
FFFD868D
FFFFD5F1
000309A0
FFFFF1BD
00003919
000109DC
FFFFA766
FFFF63B9
FFFF0071
FFFEC644
00003092
FFFD71FA
0001AE18
FFFDA378
00023EC1
FFFDE383
000152C7
FFFFD9EB
FFFF388E
0001FC8B
00009C87
0001F8FD
00014D2E
000185BA
FFFFF67F
00017C6B
000075DF
FFFF37E9
FFFFAA27
000241B0
00033DE1
FFFE1DA5
0000906C
00012FB5
FFFE757E
FFFE032E
00002126
00013E96
FFFFA46B
00012107
00012638
00004A29
00017050
0002E2DC
0002D30B
FFFF885B
FFFF7459
00036957
00016C0B
00012FB9
0001D8CC
FFFEBE0B
00025C6D
0001BE01
FFFEE866
000069FB
00020A10
FFFFA5FD
FFFE6044
0001F477
000065E1
00002DB4
000042F8
000226F2
00020FD1
00002CF0
0002000E
FFFF9BC8
FFFF576F
FFFE9BD1
FFFE2F24
FFFE50BD
FFFED637
FFFD3625
FFFD3624
FFFF088A
0000C0F3
FFFFDB5F
00027820
FFFEC1CA
FFFFEA9D
00008182
0002D648
FFFF0701
FFFE6107
FFFF49B8
FFFEFF7C
000050DD
000027D1
00012978
0000BC36
00003DB9
FFFDF573
000187A3
FFFE1675
FFFDFAA5
FFFDE869
FFFE81AE
FFFCA957
FFFDBA66
0001C90B
FFFEC2EE
FFFF54C8
FFFE0CD7
FFFD0C86
FFFE0A47
FFFDEB0C
00018C13
FFFD565F
00000D00
FFFF049C
0001B354
FFFFB3BA
FFFD2D61
0000C158
FFFF5C24
FFFF1AA2
FFFE4C08
00005D02
FFFE449F
FFFD5E0F
00007C64
FFFD9C49
00000CDD
FFFFD393
00011EDB
FFFD726B
000191ED
00035B6C
FFFE4733
FFFF88C8
FFFF2B38
00009B38
00013628
FFFF2D7B
FFFF256F
FFFFFD17
FFFCCAF9
FFFC6C69
FFFD10E2
FFFD85B1
0000AB23
FFFDDE50
FFFE67B8
0001A10C
00001003
000121C6
00019E0C
FFFFC101
FFFFBB96
FFFE21B2
FFFD9A7B
000002F1
00004B89
0001D9DE
FFFEC473
FFFFDA24
0000197A
0000D522
FFFF0E31
FFFE25BE
FFFFF87E
FFFEAC16
00017A5B
FFFF76B7
0001A22E
0000F207
00014400
FFFFBBAC
0000FEF8
FFFEC362
0000BE0C
0000D85A
0000E8E4
FFFEE589
00016CF1
0001B08F
000183EC
FFFF59C4
FFFFAFC8
FFFCAE58
FFFF2150
0000A7C2
00005419
FFFF4671
00000035
FFFFBB63
000136A3
000189DA
0000205A
00015DA6
000199D8
0000ADA6
FFFF6F4D
00007516
FFFD8E52
FFFEC993
FFFE913E
FFFF7F5D
000033CD
FFFDE12C
FFFFC2E7
00014ED3
FFFF6869
FFFE591A
00003CC2
FFFE8894
FFFB7877
00005EEF
FFFEC277
FFFBD11E
FFFE4A0B
FFFDE6CF
0001AFF2
FFFE821E
FFFEA12B
000079FC
00020FB5
FFFE7649
FFFF2AF1
FFFF750B
0001788A
000233E5
00004BDA
00029526
00007218
FFFE9B4A
0001F166
FFFF1D02
000185B7
FFFE0BDE
FFFD72F7
0001464B
FFFF6A3A
FFFC999D
FFFEC127
FFFFAB51
FFFCC0F6
FFFFF258
FFFB765D
0000E4A6
FFFBA26C
FFFEACC4
FFFBE341
FFFB5E60
FFFE772A
FFFDE4F6
FFFFAE1D
0000217A
FFFFE9D7
0000755B
000181FC
000023A4
00026D60
000386CA
00009F08
0000644B
FFFF7A6F
FFFD42AF
0000AC8F
0000B583
FFFE430C
00023F02
00002CD8
0001FB75
0000D700
0000B3E0
FFFDAD65
0001E501
FFFFA5FD
FFFFA3C2
0001DE62
0003FFA1
FFFEC2D8
FFFDF283
FFFF64FA
00008FDF
FFFF051C
FFFE888F
FFFE140F
FFFDBF44
FFFFB536
FFFD41B5
00014EBB
000364EA
FFFF8A77
0003072B
FFFF5F07
00005144
FFFDDE0D
FFFF7F17
FFFFC203
00021AEB
000073CF
FFFF2CBC
0000D170
FFFDFBF3
00006466
FFFFA9D2
FFFFFC06
00011494
FFFE5B74
FFFBCB03
0002EEA2
0002D648
FFFBE244
FFFDAC46
0002F264
FFFD024A
0002C908
FFFEEC67
0004668F
FFFEA4ED
0000F6CC
0000E4FB
FFFE0308
0002573F
000281AD
FFFE79DE
FFFF56C6
000150A2
FFFA80AB
FFFF3C7E
00022F96
FFFC3378
000127E3
0001B516
FFFEBAA8
FFFFAF36
FFFD514D
0001B15C
000026EC
FFFE3605
FFFFE4CB
00007988
FFFEAAB9
FFFF4856
00006436
000089CC
00022818
0001601C
00016597
FFFFC23F
0001E647
00021B08
000024A7
FFFE40FB
0000C762
00018DDB
000176B6
0001AA22
0001263D
00020251
00020C32
FFFE6C46
00013C88
00032056
FFFC64FA
FFFE28A2
00013EC1
FFFCA8FA
FFFF8994
0002829D
FFFBA6BA
000195FF
FFFD3554
00005AD4
00015832
000084EF
0001362B
FFFF1C25
FFFD3C75
00014C44
00017F77
00033FAF
FFFEC5DA
00016DE4
0002E1FD
FFFC93A7
FFFF75D3
00025C84
FFFF6B07
FFFF75D4
FFFDDE92
FFFEC1F0
FFFC7D88
FFFF2002
0000BF51
FFFEC021
0000321F
0000C710
FFFFC9B1
0004E6DA
FFFFCF70
00002219
0005BF8F
00015AF0
00032B7C
0001F410
00019E34
FFFF2230
000164CC
0001330E
0000EF30
FFFE6B5B
00021CFC
0001C7FC
FFFFFE0E
0000AB9C
000272D3
FFFF585B
FFFEDBBA
00032A06
FFFE5D75
00004399
FFFF8567
00013568
0000AF2B
FFFE6508
FFFC6B29
000289CA
FFFE75F4
FFFC8D5E
00029AD6
FFFC9B7D
FFFDF32F
00016DD7
FFFF7F40
0000436F
000181F5
0000F4D2
FFFEB2FA
0000D486
FFFD135D
0001407F
00022D22
0000E349
0002D562
00008420
FFFFCD56
0003FA13
0005640F
0000CBBF
00002074
00022288
0003966E
0000537D
0001E80F
FFFD341C
FFFDD341
00036EB9
FFFEBC57
000045F9
00005F5F
0001EEC6
FFFF5FE6
FFFE1D77
00022AA2
FFFEF511
00025691
00041BCC
FFFF22E6
FFFFBD23
FFFE5600
FFFF00A9
FFFFB4C5
0001EBDE
000050AE
FFFFBA46
000114CD
0001E3BF
00011D2D
FFFE2DD4
0001AA80
FFFE53CC
FFFE9EC9
00010067
FFFD75F7
FFFDD84D
0001CEC7
FFFDA6EA
FFFD05C3
000277EA
FFFFA017
0001110F
0003796D
0000BA10
0002ADA7
0001F4CF
FFFECBA2
0002A4FF
FFFB94EA
0001BE09
00000C3F
FFFE1FA8
000074BC
FFFDC9EE
FFFC1427
000157DB
FFFCBDA7
0003BA07
FFFF4CC1
000075A3
00036EC5
000017B2
FFFFF9D4
0000C479
000132CF
0001F5B9
0003243E
FFFDCFC8
FFFE7D99
0000F9BD
FFFD705D
FFFEA1E1
0001B854
FFFE5CBB
000211B0
FFFCF878
FFFE351B
FFFF44D2
00019A4C
FFFEBA93
00013BF4
0000EFFB
FFFD94CF
FFFE5D23
FFFD8B27
0004F7FF
FFFD2889
FFFE9B29
00021C4C
00016C8D
FFFDD34C
00021E11
00016DCE
0001D1DD
FFFEC552
0001C448
00020145
FFFDEC0E
00020C11
000044A6
FFFE6D5C
FFFDB96A
FFFC95C5
FFFFAA3D
FFFD1EEF
FFFECE36
00014114
00006526
FFFE1B3E
FFFE9058
FFFEC6ED
0002411B
FFFE701E
FFFF50E2
00011249
FFFE2103
0003A3BE
0000EECD
FFFF8A58
FFFE4D4C
0005478A
FFFE5804
0003DBA7
000419FB
FFFFD51C
00009105
00040CCF
0001CBB2
00031A82
00004641
FFFF3E38
0001D043
00001847
FFFE8294
FFFFDBEC
00021AAD
FFFFAB90
0000F334
FFFFB48A
00027267
0002A50D
00033AA8
000351D4
FFFF5767
0001A1C3
FFFE3800
000213D8
FFFEE921
00002CDB
FFFE08E2
00005D74
FFFF6189
FFFEF3A0
FFFFAF72
00012C5B
FFFF3A36
000147D2
0000C0DA
000030B7
0001A4D3
0001B586
FFFDE854
FFFE78A5
FFFEA464
FFFEE938
FFFF6BCC
FFFF0B02
0001AED6
000133E1
00009CB3
00031925
000170D5
00033BC8
0003E8BF
0002374E
00022EA1
000145FA
00027A73
0001DFDE
FFFE738B
FFFF851B
0002FBAE
00003E03
FFFEED80
0001A8AB
FFFFE50A
FFFE47A6
00008FC1
00021B03
00019164
0001CB41
00022718
00042232
00017064
0002ADCF
0000D270
0000AB9A
0001A675
00008A52
0001A153
FFFF76E1
FFFFFA4A
FFFF4722
FFFEBA5E
FFFF31D9
0000ABF6
FFFEA53E
FFFD0730
00028F37
FFFF7DA7
0003909F
00012836
FFFFDC6C
FFFF6DA9
0000245F
FFFF4101
FFFEF478
0002F7D4
FFFF5C17
FFFBA6B1
FFFF11AD
000155E6
00009542
00009D18
FFFEAFC8
FFFF6805
FFFF48B4
FFFE560E
FFFE602A
FFFF0523
0002FD99
00016AB9
00022108
0000D248
FFFF505A
FFFF5727
FFFF516F
0002C633
000109A7
FFFFC457
FFFF9B89
000070CF
FFFEA7EC
FFFF0909
000227D0
000028A3
00045DD9
00013906
000208B7
0004406A
FFFECAEE
FFFEC99E
0000A5AA
FFFFD6F5
0002E42F
00001FF0
FFFF0C25
FFFE4027
FFFEFFB3
FFFC591C
FFFDBCF2
FFFECECF
FFFE0F96
0001823B
FFFCC99B
FFFF76C2
000066FD
FFFAF7BF
0002303E
FFFE5DFE
FFFBC93E
FFFF6657
FFFE9F03
FFFD9FF4
FFFD786E
0001C763
FFFFBA6C
00026764
000115A0
00006FCA
FFFDCBD9
FFFFFA52
00007461
FFFDE211
FFFFEA62
FFFE99C5
FFFCFB3C
0001B7B2
FFFE46BE
FFFDE256
000043E1
0002657D
FFFF53E1
FFFD3ADB
FFFFEDE6
000194C6
FFFFE0F6
0000A246
0002791C
FFFDCCEE
00025E1B
000223DA
0002AB4C
FFFFDEA5
00017DA8
000343CF
FFFECDEE
0000FFD8
000393BC
FFFFEF74
FFFDA3E0
00004DFB
FFFE4CB9
00006B99
00021293
FFFFEF3B
00019255
FFFF7933
0000736A
00013D75
0002380A
00033956
00016236
0000CE23
FFFFBD53
0000E0E5
FFFFD7AA
FFFD75D9
FFFFF006
FFFEE278
00018461
FFFCEB3A
FFFDDCB3
00015DFA
FFFEDDDC
FFFED3CF
00025498
000111C0
FFFE2738
0001AF63
FFFE8A7A
FFFC5424
FFFF09F7
FFFEA3B6
FFFD8991
0000CD42
00010991
0000E99E
00002EF7
FFFF69C8
000054F5
0002C411
0000B016
FFFE6AFD
FFFDB1DB
000092F5
FFFE88B3
00006DA9
FFFF7A99
FFFEA8B8
FFFEB734
FFFE3844
00004F57
000015E3
FFFE648C
FFFFF3EE
FFFE13C5
FFFEA925
FFFE5CA4
FFFF62DC
0000E1C2
FFFD4A07
0001D13A
FFFEDB2B
0000CFAA
FFFE2E22
FFFC863B
00002BFC
FFFE451D
FFFCC780
FFFFB22A
FFFFCF54
FFFECEF9
0001A3EA
FFFE801B
FFFE0ECB
FFFED4CA
0000CE38
0000F96C
00014C3C
FFFEFC09
00006DC3
FFFE33D5
0001D286
00024F60
FFFFDBE7
0000EB25
0001ACA4
FFFFAD72
00018BCA
00019C6A
0001AA8D
00015283
0000B10A
00028641
000353A0
FFFF1264
00010733
FFFE146C
FFFF21BA
0000D6A4
0002B58C
FFFF94E2
FFFFD535
0002CEB2
FFFF062C
0001537D
0001D313
FFFE9ED8
000241C6
0002827A
00011095
000072E5
FFFF8FDD
FFFFDBF0
0003336A
FFFF1EE9
00001330
FFFF8326
0001C4B3
FFFF2E40
FFFF7153
00008E10
FFFF2007
00028792
000038EA
FFFF84A7
0000667F
FFFFE8F7
FFFE077C
FFFFFEFF
000058D1
FFFF728E
0000DC08
00001924
FFFF769B
0002D522
000015B1
0000744E
00016048
00028D8B
000085B3
0002E83C
0001ECCD
FFFF0911
0001DFF7
000161CE
0001A5A5
000176FE
0002429B
FFFFB61D
0000C703
000091BD
00016D62
FFFF1E21
000054E5
FFFEB0B3
000178C5
000203C3
FFFE7EBF
00021852
0002B478
FFFF5D9C
FFFF5ACF
FFFEE40B
000267AB
FFFD6FA8
FFFEB118
000004C6
FFFFD2DC
0003EF09
0000D4FA
0000CC17
00041672
00018D71
0002B45E
0000FBA0
0001B22B
000300B2
FFFF739C
FFFD8835
FFFF5DCD
FFFE49C1
FFFDADAB
FFFF2F08
00007F68
00009BA7
FFFFE755
00015003
FFFF3F05
FFFFBD94
FFFFCAA4
FFFE1749
0000FC63
FFFF0827
FFFF4DE4
FFFF8BBB
FFFF893F
000090FC
FFFF8811
FFFE612F
FFFD0543
FFFCFED0
FFFEE91D
FFFDFE92
FFFDD11F
FFFD489B
0001A106
00005D3C
FFFF445E
FFFFA29E
FFFF69A9
0000AFD7
0001A03B
FFFFA00F
0001F8D1
FFFFA423
0002E921
FFFE95FC
0001F254
0001CC41
000007F4
00020D7F
00017CEF
00011F89
FFFFAAB6
0000ECCF
00002B87
00004AF9
00029FF2
00019AC9
000236CE
0000708B
000250C7
0001ACF9
00030925
00003A9E
00016D3A
000313CB
FFFFB146
0001BC49
FFFFD2FF
FFFFFE26
0000C170
000161CF
FFFF4883
FFFF5F4A
00017EE9
FFFF2CCB
00021925
00017140
0000214E
00001EFD
FFFDA16D
00011322
FFFDFF0A
FFFE8348
0000E6CF
FFFE44A9
FFFF8E89
00021F47
0001B076
FFFFC9BD
00010A1C
000222CE
00021887
0001DF13
FFFFA6E0
00016F05
FFFFA2AE
FFFDC90C
FFFE53E9
FFFD7B27
FFFEA72F
FFFEDAC9
FFFF063E
FFFF670A
FFFEE785
0001D81E
00005052
00007E8A
00014DAB
0001DD09
000309AD
00025319
00011C8A
0002DC69
FFFEBCD8
FFFF2E74
FFFF4593
0001FDA3
0000EFFF
00014B32
00000EC8
FFFF95D2
0000815C
FFFFB784
FFFCFCBE
00009A1D
FFFE8276
FFFEB43A
00000C51
FFFD372D
FFFD2835
FFFEE8CF
FFFF6FC6
0000EC41
FFFFE611
FFFE9A2E
00027DCC
00007796
FFFF50C3
000164CD
0000DE69
FFFF29AC
0001DD4F
FFFEFA25
0001952A
FFFE8D74
000187B0
0000D21D
FFFF908C
000203A8
0002A41C
FFFFF5FD
FFFE9A4A
000075F2
0001DCD8
00012DB0
000260AB
00004E48
0001DD6C
0001584E
0001F9ED
00018922
0004744E
00043741
0003078D
0004C24B
0002790B
0002E1FA
FFFEE674
FFFDD268
0000E659
FFFD0917
FFFCD02C
FFFEEE6D
FFFFF473
FFFEA151
000002FC
00009BB6
000224A6
FFFEEE85
FFFE10B8
FFFE7168
FFFE7168
00006868
0000ACBC
FFFF8D84
FFFF864B
FFFFF20F
00019194
FFFE6E4A
0000F765
0001CD76
FFFF366F
FFFE3F40
00022B1D
0000CA75
0000FCB8
FFFF7202
0002CF88
00013846
00019200
FFFF6D01
FFFE8340
000258D3
0000A064
FFFFC5AE
FFFF34D2
FFFEB185
00004C8B
FFFF22DC
FFFF2886
00014548
FFFECFED
00006BC9
FFFD4D43
00020E9A
00009722
FFFE3507
00013281
00005FC6
0001EEC0
000411E5
000013A1
FFFE1A3B
FFFD4C0E
0001469E
FFFFD050
FFFFE741
0000590B
FFFFC82D
0002531E
00002514
FFFE715E
0002DA1E
00013E0E
FFFECB05
000272B3
00029698
00006FC2
0000ABBE
0000F995
00000E3B
000258F7
FFFFD6E1
FFFF645E
00023B86
0001FD8D
FFFF0B27
FFFF7D95
00029155
0002C167
00013338
00014739
FFFFF7DD
0002D76F
0001E128
FFFFE8AC
000290CF
0001050B
00013979
0002CB85
FFFFDF87
0001D730
0001F8D6
0002A093
FFFF97B7
0002E796
FFFEA753
00017C66
FFFFD1B9
00004FFB
FFFD7D1E
FFFF2976
FFFE26A8
FFFE1EC4
FFFD98C4
FFFD9AD7
FFFFADF9
0002288E
0000A488
0002199F
0001818E
FFFF19AF
FFFE609C
FFFE8496
00028DBE
0001D9FB
0002A1B6
00031EB5
0002F42D
FFFF2FD1
00037B63
0001221E
0002103C
FFFDC401
FFFD7458
FFFEFC0B
FFFFF44D
FFFD381B
FFFF61C0
FFFEBB19
FFFF1BF5
00004585
00027670
0000951E
00014282
0002290C
0001C67B
00006950
000356B0
0000C7AA
00016618
FFFFF775
000153D9
00005552
00002B4E
00011D34
00011704
0001C362
0000BDD8
0003EA0C
000002B1
FFFE9325
FFFF80D6
000061BC
FFFDAAF2
00000DC8
0000CD27
FFFF7315
0000FDFB
00003FE5
00016ACF
0000164A
FFFF05E2
00010F16
FFFF2DBD
0000C99D
0002AE4D
00019CE0
000155D9
FFFE5943
0001241E
00028A7A
00016910
00013563
00031451
FFFF03A1
FFFECAC0
FFFD5041
FFFEF8B1
FFFCC74D
FFFFA439
0001DA54
FFFD64E8
FFFD8EF7
FFFFC519
FFFE66C4
0001319F
0001D2E9
00014291
FFFFDB54
FFFDCB6A
00015C7F
FFFE0060
000107E0
0000D76F
FFFF2708
FFFD0781
00026C2A
0000E45F
00000F69
0000375F
0000E247
FFFF69C4
00008374
FFFF6351
000034AD
FFFEA371
FFFFB5A1
FFFE8148
FFFE508A
FFFE0BA5
FFFEC12D
FFFF90B0
FFFF98EC
FFFF5214
0000E3F7
FFFF4F48
FFFE905A
00001DB6
FFFE25E3
FFFCD4CE
00022C38
0000675F
FFFF0567
00023B6C
FFFED2A1
FFFE941B
0002233E
0000AD68
FFFE3314
FFFFBA1B
00001C48
FFFF892A
FFFF93FC
FFFEACD8
FFFD7685
FFFFC95D
0000E438
0001473F
0002C4AF
0002EBBB
0001ED4D
00016FA9
0001DA59
00000CE7
00009946
000290BA
0002658B
0000EF53
FFFF85EC
0000206C
FFFFD710
0000FB28
00004430
FFFE42CB
FFFD5250
FFFE4D97
FFFF0113
FFFFB4AB
0000EE45
FFFD801B
FFFE051A
FFFE4DF6
FFFC8B4E
FFFD3DB0
0001E0D6
FFFDF156
000140A3
00002C94
FFFE772E
FFFF9E69
0002AC54
0001E1DA
FFFF6090
000230C3
FFFEAD8A
FFFE206A
FFFFBF25
FFFDDE97
FFFDB78C
0000697F
00002DB1
00007538
FFFFE736
FFFDE605
FFFDA20D
0000B4A6
FFFEA989
000138DD
FFFE000D
0000E886
0000F5DC
00009720
0000F7C7
0002E778
FFFEA878
00008E14
0002C2E2
0000FDFD
FFFE9DA2
FFFCFDDC
FFFC6D7B
FFFD2A37
000217DE
FFFDC278
000271EA
0003295A
000263D2
0000FBAE
00022F60
0000BC6D
00029435
FFFF34FA
FFFFDD29
0000A51A
0000B944
00018533
0000DC8F
000019AA
0001DC3E
00006B56
FFFEF1B9
FFFD9B57
FFFD30B0
0000EEAA
00010C7E
00008494
00022F5D
FFFFE43A
FFFF5513
FFFC9567
FFFF1256
FFFD9270
0000ABF7
FFFF2AFE
FFFC3162
00001DB5
00012C78
FFFE40EF
0002C248
FFFF1B92
0001CBE2
FFFFE8E3
0000E444
FFFEE417
00008F0F
FFFE25D8
FFFF44C2
00017331
FFFEE6B8
00024ADC
0002831F
0001F9AF
FFFFC333
00023347
0000F1EB
FFFE5346
000264D8
0004262E
00007B82
FFFEF884
0002E142
00026931
FFFF2076
0002E3FD
00024445
00024A5C
FFFCC4C9
FFFFD77C
000137D8
FFFBB61C
FFFBBE6A
FFFFAB95
00003D38
FFFF77AD
0001E4A9
FFFE1488
FFFD2278
FFFF948B
0000B253
0001AF64
00021309
000090A4
FFFE6BA0
0001D53F
0002598E
00023DA0
00019ED0
FFFE7AD4
FFFF303D
FFFFBB5A
0002674F
00002D7A
00025AAC
0002C0E9
FFFF8F44
0001C478
FFFE634C
000026D3
FFFED08B
FFFF39C5
0001102E
FFFE61BA
0001BF63
0001913F
0000896F
FFFDF5D3
FFFE71C9
FFFF98C4
00003D57
FFFEF18E
000180ED
FFFED8CD
00013944
000401AC
FFFEDDEA
00021AEC
0000620C
00011169
0000168C
FFFDC504
00030920
0000A17F
00004CDA
0002BCC1
00027DD4
0001362B
FFFF46D8
FFFFC406
0002BE51
0002C6BD
00005799
00012EF1
00012EC5
FFFF1AB5
FFFEFC43
FFFF2FE0
FFFE677D
FFFF50F6
000131D0
FFFDD140
0002B8B1
0000440D
FFFDB1C8
FFFF6D0A
FFFE4B1C
00039A33
00014228
FFFD758F
FFFF770D
FFFD1BF1
FFFE0108
0000A0ED
0000FEDE
00001131
0000CBC5
0000B994
FFFBB138
FFFF60AF
000207EF
FFFF14DE
00002465
000077E9
FFFCDE94
FFFE1A61
FFFE28A1
FFFE7BAD
FFFFBD29
FFFD2F7D
00022738
FFFF54FC
000080EF
FFFE5A0E
FFFE742D
0001DDAD
FFFE9EBE
FFFE76A3
00022948
00008B9F
0001CB55
FFFF1737
000052CF
0002A911
000193D6
FFFFDAE5
0002350F
0000A952
000397BD
00028E55
0000E65D
0002F35C
0001E3AA
FFFDA9A3
FFFFB427
FFFC427A
FFFF280D
FFFBAC91
FFFD13FC
0000F7BB
0000A846
FFFF7693
FFFE9FD9
FFFCEDC4
FFFC0630
0000AE44
FFFD760B
0000285A
FFFFE16C
0000C8C7
0001BFAB
FFFF25B8
FFFEF81D
00004536
FFFD5368
0000AB2F
FFFEA2D0
0000585A
00018E01
FFFFCDF0
0001B3F6
FFFFC6CA
00014526
00031039
0000096A
0000A166
FFFFBFF1
FFFFF904
0000676F
FFFEADF5
0001B545
000162B8
00025297
FFFE1459
000254DC
FFFEEDDC
00001715
FFFEC87D
0001ACB7
0000CE05
FFFD8657
FFFF8B26
FFFF2028
0001FB28
0001678B
FFFF5E96
FFFDC9F0
000091D9
00026F15
0002A5CE
FFFF606E
000110E4
0003AE7D
00023C62
0000A649
00044621
0002EEBE
000098CD
0002D025
0003154F
00036CF2
0002B1EB
FFFDA6EE
FFFEEBAB
FFFEEAC9
00025BBE
FFFF5295
FFFF644E
00032DFC
0001A4F3
0001CF73
00022015
FFFF5FF8
FFFF62C3
0000539B
0000A369
FFFFEEA1
FFFCF788
FFFFE1AA
FFFE2CA5
FFFFC756
00012106
00003FE5
00000EA6
FFFF5ED7
00018EFE
FFFF8471
00025CD5
FFFDAF69
FFFD0178
0000EB93
FFFCF4CE
00003EB6
0002CFA6
FFFF4601
0000AE53
0002BFC0
FFFD3AE4
FFFF9470
FFFFF3E5
FFFFE6DA
FFFFC1FF
0002AE1E
0000D5EE
0001C031
0000C4FD
0000E690
00013FD1
0002C451
FFFFBAA6
00005681
FFFDA41A
FFFFD646
FFFF9C27
0001BABE
00018C6A
FFFDE267
FFFD42C3
0001425A
00008972
0003625E
FFFE4D4A
0000EB1C
FFFF7FD1
FFFE97A9
0000E931
00021D84
00032D6F
00019D2C
0000C228
FFFD6747
FFFEB908
FFFF8F4C
FFFC1745
FFFF2926
FFFF538A
FFFE8D2F
FFFFB375
0000A70A
FFFFEE0D
FFFF14B5
00025394
FFFF1153
FFFF0063
00010B04
0000EB4E
0002A6E9
0000B038
FFFD01C2
0000954D
000091F5
00004B4B
FFFE4A51
00007F99
00022F90
FFFF5FE1
0000DED5
FFFFE98E
FFFEA2EB
FFFFDDBE
FFFF83AE
0001B403
FFFF255B
0001E490
00016C4E
000143E2
FFFE89F9
FFFFECC5
FFFD6D03
FFFEBE0F
0000507F
FFFE3B01
FFFF040C
FFFFBE4C
FFFDD59C
FFFE51C0
000213BE
FFFD1A6A
FFFFE91C
FFFC5430
FFFD9520
FFFCEEEF
000272BE
FFFE21B3
FFFE60BB
0001543E
FFFEEE1B
00003818
000032FE
0000597E
FFFF53A5
0001D264
00019A31
FFFEB185
0000608C
000369D7
0003707F
FFFF3DD0
FFFF40FC
FFFEADFE
0002B5B0
000245A7
00009009
00012E99
00015DBE
00003904
FFFFA992
00026C8F
0001C148
00054575
00010060
0000127E
00012BC9
0001F453
00002597
00009631
0000C7B5
000235DD
FFFE1FC2
FFFCB613
FFFD262F
FFFEFE90
00018135
00003886
FFFEF656
00015FDA
FFFC91F5
00016F30
00026307
00003DFE
FFFE96C8
000155A3
00015E2D
FFFF9A30
00010FCF
0002C247
FFFFBF4A
0000785F
000027D0
FFFFEAB9
FFFF9AEE
FFFEC868
FFFEAF43
0001E5D5
FFFE5778
0003404B
0000BED8
0003528F
000440F1
FFFF5F54
000302CC
FFFF7AE2
FFFD47C3
0002B878
0000A29D
0003547E
00000F0F
00018B10
0002BCFA
FFFD9A79
FFFEE78F
00017E94
0000AA3A
FFFD6575
FFFED400
FFFDE8B3
00006232
FFFEAEC1
00003CAB
FFFD162B
FFFE8204
FFFC678F
FFFF4A6E
FFFDA043
0000ED72
00007091
FFFCFCA3
FFFE98F2
00012EE4
0001BF0C
FFFD285E
00005997
FFFEECBA
FFFFDC44
00035D83
FFFF4DD3
00023EB0
0000E9E1
FFFF6944
FFFE40A4
FFFF3BCD
0002A8C6
0002B096
0001044F
0003A796
0001F925
000220BB
00005F08
0001743F
FFFF0CB4
00017EEB
FFFF37FE
0002221B
FFFE8765
FFFE0EDE
FFFFB001
00019E87
00016549
0000BEB4
FFFF3C35
FFFE55E2
0001724E
FFFFBDE2
000250E7
FFFDF69C
000065F0
FFFE35D6
FFFFD270
FFFE746D
FFFEEE91
000409C8
FFFEE408
0003A525
FFFF4051
FFFC7367
0002BF94
00027ABD
0002A423
FFFF0812
FFFE27C5
FFFD0F71
00021A34
00037EEF
0001504A
00018758
FFFFA032
FFFDC2D9
000190CF
0002CF12
00010615
0000E6E7
FFFF3AB3
FFFF4DB2
FFFF83E1
0001B150
FFFDA5D1
0000633E
FFFFE2AC
FFFE1F43
0001EC65
FFFE587B
FFFEB897
FFFD4BD3
0000CDB3
00029A70
FFFBFD94
00049377
00013230
FFFED44C
00000798
FFFFC2EC
FFFC8B2F
FFFDEB52
00005EDD
FFFDA181
FFFE47AB
FFFFF110
FFFB5290
FFFE6C32
FFFE29D5
FFFB7A24
FFFFA4B1
FFFE51E6
FFFFBC6F
FFFF13CC
FFFD226D
0000C551
FFFEED4B
FFFEED25
00013412
00004750
000106E3
00003DFD
00001B34
00001D73
FFFD6BCE
00008353
FFFCE853
FFFDD074
FFFE57FA
00013327
FFFD6422
000019E7
00016F74
000229CF
FFFED400
00003975
00012B51
FFFFAF1D
FFFD8AA6
000206D6
FFFFBD1F
FFFC2A52
FFFE8057
FFFC657F
FFFD8803
00027D8E
FFFEE8A6
000286EF
FFFF2E0D
00018195
FFFF6872
FFFA5F19
00020D22
0001AFD7
FFFFFB73
00004911
0000E14F
FFFEB904
FFFF02A5
00049DF4
00024D61
00024B02
FFFF90D8
FFFE3310
FFFBAD93
FFFB26F8
00015068
0001FFEE
FFFFAADD
0001733E
00012ACF
FFFC1F42
00014E7C
0002AD09
00032700
FFFBCAE7
00001E5B
FFFE4BA6
FFFDF5D1
000108E7
FFFEEEBE
FFFD0BD2
00004435
0001C801
000129BB
FFFD8736
FFFD0BAB
FFFC0B84
0001A379
FFFF96D3
FFFCB414
0002FDF2
FFFD3AA9
0000E6FF
0000BF33
FFFFA080
0003A188
0000818C
000001A4
FFFF1E52
FFFFB2F5
00002B28
FFFFE418
0000F180
FFFF7E79
0003E30F
00007419
0002CBF8
0002687B
FFFF9970
00017DF5
FFFEA1D1
0000DA65
FFFFBE1B
00000BAC
FFFE03D9
FFFDE93B
000113F0
00008724
0002DF9C
000315EA
0001299E
FFFF3253
FFFF6DBC
FFFFFE46
0002A355
0001B4E7
FFFE1975
0001A1C1
FFFEAA6E
0000FF3B
FFFF40B6
00023A6B
FFFD2E81
FFFFDE22
000079B5
00001952
FFFD950E
0002B7EB
000091B8
000189CA
0002516D
FFFE652B
FFFD97E2
00037AB9
FFFF8A9F
FFFD3063
FFFF7FD3
FFFAC4DA
FFFCAFC7
FFF957E3
FFFFC43C
FFFF3592
FFFD1795
00007A1F
FFFE30FD
0000C0D4
0001F32B
00027D0D
00032EE5
FFFF5FD4
FFFDFB03
00026863
00015CC5
FFFE45EC
0000344D
000010C1
FFFEFA27
FFFFEFC4
FFFF8DAA
FFFF814D
FFFDEB4A
FFFFBFC9
FFFF0A86
00023071
FFFFE83A
FFFFB0B5
FFFFCFAD
FFFEBDD9
FFFE2ED3
00005C20
FFFF7BCF
FFFF0DF2
FFFFD11A
FFFD9A13
FFFD8213
FFFBF501
FFFD75BE
FFFE10C6
FFFEDC60
000284D2
FFFE16C1
00000642
00027BB5
FFFDA14A
0003D6E1
000099AB
0001515C
0001FCB6
FFFFCB83
00003026
FFFF9F0D
00017312
000242E1
00008B53
00023F75
0000B2E1
000513CD
FFFF37A4
FFFC3F72
FFFF35A9
FFFD8DB8
FFFDA540
FFFEFB5E
FFFD0B75
FFFE7123
FFFE5D28
FFFCE18B
00009947
000158F8
FFFC4930
0000481F
00005451
FFFE8B98
FFFFDD22
FFFF41C7
FFFF4B4E
0001CCAA
FFFDD2E8
FFFEBEEF
00044FCF
FFFF97A4
FFFDC4C7
0000DEB9
FFFE97DF
000000DA
0001F6EB
0000E85A
FFFF0015
000147B2
0002B861
FFFF0A45
00031588
00016CA2
FFFEDF45
FFFF808F
FFFB8842
FFFD7C62
00017CC8
FFFFC78A
FFFEA124
FFFE014A
FFFF3056
00008449
FFFAC147
00025967
FFFE9C80
000072E7
FFFDC69B
00009284
FFFD0DED
FFFE98E3
FFFC2E7B
0001CC4E
FFFC5C1F
FFFFC09F
FFFDA9D7
FFFE52B5
FFFD74B0
FFFDA428
0001AB34
FFFEA43B
0000D2A2
FFFEA401
FFFECF15
FFFD96AC
FFFBBCE5
0000A031
0002A064
FFFEC84F
00015B0A
FFFC65ED
000353E0
FFFF70D8
FFFDF7C6
0002F196
FFFED58F
FFFC4067
00008F13
FFFEA74E
00029A1C
FFFA3716
FFFFCAF2
00017844
FFFC40DC
FFFC362B
FFFFB808
FFFE8639
000010A8
0000B567
0000D773
FFFDC1BC
0002A8BD
0002A25E
00025285
FFFF40B1
FFFF0C0D
0000F540
FFFEB4A7
FFFE2059
FFFEBD67
FFFEEA8B
FFFCD526
FFFD5D4B
0000C96B
000012DA
FFFC3519
FFFE3346
FFFFAA2F
FFFD9496
FFFE4D89
FFFE0667
FFFF9993
FFFF40CD
00017BDE
FFFEA6B2
00016FBA
FFFDC652
0002DFF7
00028B72
FFFEF207
FFFFA93C
00019A86
000070BD
FFFE20F8
FFFE8463
FFFD9471
0000B021
FFFE1599
00015856
FFFEAB09
FFFEF95B
FFFE80F2
00009C88
FFFF483D
00001567
FFFE4888
00031C1A
0000A982
0001E787
0000DF65
0001B347
FFFC6F40
FFFEF856
FFFEA816
FFFC8427
FFFC357B
FFFD52CC
FFFE4728
00010B3C
FFFF1969
0003AF8C
00011E25
FFFF3EEA
0001F46B
0002F8D1
FFFF9A64
000200FC
00016DD1
FFFFC20E
00029DE7
00019988
0004E1F6
00007448
0000F05B
0004D27B
00022A26
FFFDEA0E
00039511
FFFBFC07
FFFC61F0
FFFD8C8F
FFFD65B4
00011023
FFFD5D7B
0000E1D7
FFFDB9C0
FFFCDE1A
000095A7
00004EBC
00028B4C
000114A4
FFFE2948
0001BF33
0000A5DC
FFFF1CF0
FFFF970B
FFFF9227
FFFEA208
FFFF3539
FFFDE90A
0001A3C4
FFFFE42C
FFFFFB70
FFFDBD32
0001C79B
000186C3
FFFDDEC4
0001AC8A
FFFF1E93
FFFF8AD0
000256A7
0001F753
FFFDA857
FFFF43B4
FFFF26C5
FFFE72F5
0003D88C
0001B528
000354EC
00041B7F
0001A844
00004A0D
FFFF8723
00026A36
00023C65
00027D09
00024E2F
FFFF0DBC
FFFEF3D1
FFFEB417
0000CB21
000149AD
FFFD9B52
000116F0
FFFD05C1
0000F2FA
00024690
FFFD9980
0000DED2
FFFF4873
FFFFA1DA
000031C3
0002BCFC
00018806
FFFFCFBB
FFFE6D93
00006F31
FFFF0F53
0001B171
0000BF99
00020655
00003E01
FFFEDBF3
000249F2
FFFCED78
FFFFE7F9
0002336E
FFFF2F08
0001C553
FFFE7AE7
00001F1C
0001B1F1
FFFE5EB3
FFFF962D
0000373B
00003906
0000BA22
FFFF6749
FFFE2B1C
0000E372
0000B118
0002A621
FFFDFE70
FFFFFB06
FFFDD2E2
FFFE886A
FFFE22C1
0002F99C
0002A0FB
00006E98
FFFF672C
00009E01
FFFFB952
00022EF0
FFFF190C
FFFF539E
FFFFAE0C
0000ACBF
FFFD36B4
00018E77
000019EA
FFFF9B3E
FFFE3F42
00019192
FFFD5419
00010E61
FFFEB1DD
000159F0
0006142A
00008084
00037F55
0004A4BB
00019FDF
00016D94
FFFF978E
FFFDF0FD
0000623D
00014BAC
000227D2
00037ACB
00012F9B
FFFD019E
0002A36E
00007007
000148CA
FFFE61B2
0001D05D
FFFC9892
FFFE068F
0001F161
FFFFF2AB
0001BA57
FFFF4988
FFFFD73F
FFFC98B4
FFFE7CA6
FFFF260F
FFFC0B6C
0003C00E
0000AF6D
FFFD5C98
FFFBDA9F
FFFE38D0
FFFEAC31
00006C52
FFFD55B8
FFFFE5E0
FFFF5B16
00008392
FFFF55D5
FFFD49B9
00014D85
00008235
FFFDB7F5
FFFFC1E0
FFFE9719
FFFD58AB
000200F1
0001D61D
FFFDDDBF
FFFF5275
00023F7C
FFFE3F12
FFFF8F66
FFFE502A
FFFF425B
FFFCCA82
00008659
000099DB
0001050B
00024893
00019D93
FFFF1BC3
FFFEEC91
00027C13
FFFF538C
0000F8F7
00009FAC
0000C3F1
FFFE981A
00021421
00018F47
FFFF9D75
FFFF9243
FFFD2D51
0000B51C
0000457A
00010AF9
0001CECB
00001F9F
FFFD1BF5
FFFE1492
00007B89
0000D96A
FFFF4CC6
00034CB3
00046B3E
FFFF9BB7
FFFF94B9
00003895
000185B3
0001F743
0000B806
FFFDE04E
FFFE147B
00003924
00021B01
FFFD79CB
0001A3E6
00016B67
FFFFDE6F
FFFE1BA4
FFFE74B9
FFFDE3B6
0000A7AB
FFFEF61C
000050AA
FFFDA38C
0001F77A
FFFFE04E
FFFD56D9
FFFE2279
00005426
0001611C
0001037A
00032629
FFFFB364
FFFF2FC8
00004B35
FFFFD919
FFFEFBFA
FFFFBE6C
FFFE73EE
00029CFE
FFFE1EA3
00002F99
00009CD6
00024FD8
FFFEB4CD
FFFCB117
FFFECCC6
000160EF
FFFF08FF
FFFF3956
FFFED33D
FFFED4FF
FFFDCA9A
0000CD0B
FFFDF780
FFFD1857
0000C0A7
FFFD6A1B
00029673
00029616
00004EEC
FFFFE56F
00001E88
FFFFF148
0001D560
FFFE9C10
00016B84
00010CD1
FFFD0899
FFFBEBAF
0003197D
00004489
000156FA
00002E2C
FFFFE4C8
FFFC91CC
FFFD7450
FFFDBB36
00004D90
FFFE54DE
FFFFA0D2
000104F1
FFFD036D
FFFDAE00
FFFEEFC4
0000AF1A
FFFDD51E
FFFE36CC
FFFF3BC0
FFFF9F8A
00007BF4
00021A93
0001C119
FFFE2EAD
00026A60
00022C58
00000D95
FFFE92CA
0000F60A
FFFFD932
FFFF2872
FFFF6BDC
FFFF005F
FFFEC6D0
000041DF
00003E7A
FFFCFEBB
0000C190
FFFE1D72
FFFE0C59
00020345
00002125
FFFFE394
FFFD4672
00016052
FFFC8F4C
FFFD585A
FFFE5A20
0001F207
FFFF593A
FFFE3F31
FFFE34BA
FFFDFC5D
FFFE2EA2
FFFF96EB
FFFECA2B
FFFE09DB
0000E3E9
00007A71
FFFFB630
0002156E
FFFF79B4
FFFF18F3
0001ABE4
0001AF33
00009C39
FFFDDEB9
FFFF5EE9
FFFCC411
FFFEF794
FFFB1E93
FFFE75DD
FFFEFD53
FFFDE2BF
FFFFAE9B
00017CB2
0000A9D8
FFFF2B00
00001FB1
000085F6
0001C4CA
FFFF813C
0001DBC5
0001B3FF
FFFF9752
FFFF3962
00006D05
0001CC34
FFFFEACA
FFFE7A82
000172A6
00011625
00019D84
0000C9FD
FFFF3DC4
FFFC8A10
0000FA86
00009F0B
FFFC6A1A
FFFFA394
FFFF928B
0000E1D4
FFFFA70B
FFFDDADB
00005E49
0002A889
0003D8C9
00032F59
FFFF3A4C
000281AC
00001BE8
00006155
00005442
00000989
FFFF6DBE
FFFDC561
FFFE6A62
FFFFB4C5
0003452B
00017FA4
FFFF8CF4
00009DFD
FFFE7856
000299CC
0002F2CA
FFFF8053
FFFF5FDB
000108DD
FFFFC6C5
FFFFEBD7
FFFE3639
00006059
FFFE6F6A
0001129F
0001ECB5
FFFF6BE8
0001C420
FFFE9466
00005191
00029A22
0000AA27
FFFE3BD9
FFFE1A1F
0001A479
0002099C
00001CD9
FFFF6B64
FFFEEBF9
FFFCAD2C
FFFD7841
00014A59
0000899A
000076F6
FFFF3916
00009C1E
FFFEB20F
FFFF493B
FFFF4C95
FFFD4A3A
0001340E
00010365
FFFFF456
FFFE0A74
FFFF3D1C
000045A7
0002C1F6
0000716D
FFFFF2E4
00016EFD
00028E1E
0000637A
FFFF7092
000157C2
00008D43
FFFE8189
FFFE8072
FFFAFCB5
FFFD3E47
0001A855
FFFEAADF
FFFDFDFE
FFFD3BDA
0001164A
000122DE
0002C8B2
000006F2
0002D13C
00020BA3
000149DD
00019DF2
FFFFEFFF
FFFE6027
FFFD63FB
FFFFC6B2
0002CCE8
0000B8D6
0000B879
FFFF0554
0000DF63
FFFF8852
000110CA
FFFD84A6
FFFE9BC5
FFFC8C1E
FFFF708C
0000C87E
0000376F
FFFEF994
FFFF0B1E
0001EEA0
FFFEB937
FFFCF258
000125A3
FFFEA62F
FFFF16A6
FFFF35B9
FFFF2724
00008506
FFFF9BFD
00005493
FFFFB1D0
00025B35
FFFD69C8
FFFE3805
0000B12B
0000FB3C
0001145B
FFFFD815
FFFD2EF8
FFFD5F9A
FFFFDD70
FFFF6F37
FFFE4860
000124AD
FFFF6FC0
FFFE6C76
00015C16
FFFFD1A8
FFFF87DA
FFFFE233
FFFE95C5
00003755
FFFE06A2
FFFEB71B
FFFF4821
0000A966
FFFF1AD5
FFFE70E4
FFFD6303
0001E57B
FFFE49FC
0002E4A3
0001E09D
000279AD
0002759A
FFFEAACB
FFFE3140
FFFD7EC8
FFFFFA77
FFFF7EEE
FFFDC4B1
FFFBE4F2
FFFEE761
00001206
FFFFE313
FFFE2432
FFFF0672
FFFF29B3
FFFD5C46
FFFCA6F4
FFFFA4AE
FFFF05AE
0000D6EF
FFFCC4DA
FFFEC6E5
FFFF57F5
000104F6
00005DDF
FFFDF44E
FFFFA1AF
FFFD5DC5
0000369F
000062F1
00003FA1
FFFE2EAC
0000B54A
0000ED49
0001B6EC
00002CBD
FFFF5ED4
FFFE6A56
FFFEDBE6
0001DA9F
FFFE3C01
FFFF493E
0000D087
FFFE2740
0000025F
00019AE4
00021820
000008A1
FFFF02B3
0001EB11
FFFEF563
000021BF
00005725
0001D700
00018505
00011021
00020C50
0002E0B7
0001187C
FFFDBA76
0002A5DB
FFFE864C
0000A203
00012F83
00003F8C
00038B2C
0002DB6B
0003302E
0001A82D
00002FD4
FFFEB23F
0003D447
000274C6
00020389
00025B23
00020516
0001221C
00047515
0003D9CD
0002F9AD
0002B943
0002CEBA
FFFFB8FC
00016063
FFFEB199
FFFF2A9A
FFFF08FC
000316E6
0001128A
FFFF2312
FFFFB5E5
0000580A
FFFF94D4
FFFF57CA
0002C2BF
0000899F
FFFFB45F
FFFF484C
FFFF1D31
00002928
FFFDF53B
FFFED2DE
FFFED4B6
FFFF120C
FFFF54EA
00021238
0002124A
00011600
00010A9F
0000EBF6
00019EE3
FFFEEFB1
000222FA
00016F5A
0001986D
0000556F
FFFFB906
00039182
FFFF91B8
FFFD928E
FFFD6182
00004DF6
FFFE76C2
FFFE6041
FFFEBD35
FFFEB21C
00021E21
0001B3DC
FFFE0016
FFFE25EA
FFFEB50C
FFFFF76C
000172DF
0001C9B4
00014D16
0000ED93
00014282
0001799A
00023B7D
000161BB
00002CDA
FFFF1C8D
000001FF
00018AC5
0003258B
FFFE1211
000098C7
000048B9
0000D2F3
FFFD946E
FFFB2573
FFFD4268
FFFDCE47
FFFF6DBB
FFFDF426
FFFD8058
FFFC651B
FFFD1F53
0001C107
FFFFE31F
FFFECC1B
FFFEE14C
00008810
FFFEDB10
FFFD08C5
FFFCC5A7
FFFF4125
FFFE3FA6
FFFFA574
FFFD149F
00000DE5
FFFEB979
FFFFAA0A
00012799
FFFE96DE
FFFEDDD5
00019634
00028427
FFFE0852
FFFED37C
0002D484
0000AB6A
0001A83B
0002FF1C
000133AF
00004BF5
FFFF62EC
FFFE26BE
FFFD12A7
FFFBB513
FFFE76C8
FFFF8ABA
FFFF148D
0001C04C
FFFFB5A9
FFFEC1F7
FFFD7445
FFFE3CE6
0001EAC8
FFFF6AA8
FFFD9493
FFFF7857
0000AF60
FFFF5F9A
FFFFE6CF
FFFF0D9D
FFFF90C9
FFFF7AED
0001F336
000335E1
0001C802
000177DD
000092BA
000376A3
000237EC
FFFFCA7F
000069AC
0002C0BF
FFFE6A7B
000052B9
0000C514
0000D1E5
0000F910
00009BAB
00021C44
FFFDEEE9
00010CF7
FFFF01E3
FFFDEAA4
FFFE5515
FFFF53A5
00024D15
0001E425
000001EF
FFFE2826
0000BBF2
000146BF
00030D5A
00017396
FFFE7CBC
00010BE2
FFFE18BA
FFFE315F
FFFF1022
0001D050
FFFFB257
000162CB
0000F17E
FFFEC167
0001E4B9
00028033
FFFDF4F1
00008E9E
FFFCC06A
FFFDBBDF
0002847B
FFFCCAA5
FFFDBEE5
0000E0CD
FFFDD219
FFFD6B2D
FFFC0A03
FFFEF2D2
0002C601
FFFF65D3
FFFF544B
000211AC
00018375
00006D14
000044FB
0003C004
0002538A
0000BDAD
FFFFE253
FFFF6452
00000C72
0001EEDA
0001ED1B
00019606
00025DF8
000034D1
00009292
FFFDD863
0000C7F9
0000DFA3
FFFE0A80
000231FE
0003B4BB
FFFD7E5E
FFFF2B5F
FFFFCDBF
000046C5
FFFEC2B1
FFFEB32F
0000403F
0001C39C
FFFBFD24
FFFF5A67
00013606
0001D791
FFFEB707
00012919
00014AC7
FFFCBE7F
0001DD9F
FFFE10FF
00008B62
FFFF3C47
000201F2
00006C5E
00002AEC
FFFEA5C2
FFFFADF2
FFFC73CD
000111DC
0001C499
0002315B
FFFFF24B
00016F6F
0003433F
FFFE1D1E
FFFDA4E3
FFFD4D62
0000D981
FFFD71E5
00001C59
000465EF
FFFEF46B
0003D168
0001A0AC
FFFF60CC
000177B8
0000A993
000023BF
00039E98
0004B673
0000C841
0000E54E
FFFFFA1D
FFFFAE07
000141E6
00004826
FFFCC3A7
FFFD496E
FFFF1B95
FFFFC4E9
FFFC6C4A
FFFADDDD
FFFCB42E
FFFC2649
FFFC70D6
00008BFB
0000A9D0
0002ED19
FFFEB7D9
FFFEB591
0000E793
00011237
00017606
FFFF3D4D
00001F78
0001882D
00004D77
FFFF4FE3
FFFDCD5F
FFFF917D
FFFEE9FD
FFFF2444
0001C0C7
00032EDD
00038A30
FFFE2553
FFFC6182
FFFF917A
000045D2
0000C324
0000D692
0003AEE2
FFFE24CA
FFFF1628
FFFEFEB7
00018B85
FFFC13C5
FFFC7E17
000025B8
00015654
FFFD3F0A
00011B23
FFFB823D
00021A87
0001EF0C
00026587
00026161
FFFCA87D
FFFCAD6F
00030252
00011CA1
000202F6
FFFE3A41
FFFE9ECD
FFFDAED7
FFFEE5F7
FFFFA5BC
0001FC27
FFFC8662
FFFC90D8
FFFCCEA8
0001228D
0000B8AF
FFFF3B35
000124CA
00012CE3
FFFE42F2
00013039
FFFF92D4
FFFEFE7A
FFFFF60C
0000E51F
0001922B
FFFD777B
00008EB6
0002CFA1
0000DE21
FFFCC5D7
FFFEDA73
000092EE
0001E7EC
00007836
FFFD8633
0001BC11
FFFE711C
0001520F
0001E402
00010D2A
FFFEBAE6
0002743D
FFFED714
FFFCFDD2
FFFF6DB0
FFFE5E2E
00002CFB
FFFF4DA5
FFFEED15
0000F4E7
00027063
FFFE7282
00000734
00007566
FFFE194E
FFFFB64C
0001756F
000006E4
000154A1
FFFFC656
0002C34A
FFFF6B1E
FFFF7A3E
FFFE56E3
FFFED8C7
0000E867
FFFEE29A
0000CC43
FFFF9A15
FFFEBA14
000001CD
0001322A
00028E91
FFFF3A90
FFFFCC16
FFFF2948
00020A75
0000920F
0001141E
0000B7FC
FFFDB02B
00042ABF
0001D1D8
00010A9C
FFFF0C13
FFFD7BE8
FFFF201C
00022F01
FFFF3BA1
0000165B
FFFE2F8B
0001E4F3
00003F07
0001A5D9
00026FB6
000125D0
00002A14
000203D5
FFFFA538
00005C87
000276F5
0001DE5A
00015977
00036372
FFFD9658
00026A74
FFFEECF9
FFFF08CF
FFFFE9AF
FFFDDD8D
000056F5
FFFFAAE9
FFFFB1A4
FFFE0990
00012EC0
FFFBAC57
0000009E
FFFE8C55
FFFC5D83
FFFF7957
000051BB
0000C78D
00001130
0000FB0A
FFFFC0E7
000398BD
FFFFAAAC
0004DBE0
00039FE4
00022631
00019EEA
000259AF
00030AEC
00021CF8
00018FC2
00033120
FFFFC527
0000B330
000176B1
FFFD53B8
FFFF102D
FFFEA0A9
FFFD2B22
FFFF3B4D
FFFF3FE8
FFFCF4EA
FFFCA698
FFFE3FCE
FFFED6C9
0000A59B
FFFF131D
FFFC348C
FFFF6B69
FFFEFF32
FFFF9713
000209C8
FFFDDC85
0002E1BD
FFFE4196
00007405
00008F6C
FFFFE628
FFFEB1A2
FFFF081E
FFFE44D8
FFFE5C04
FFFCA31F
0000B9A0
FFFC5A92
FFFCDCCA
FFFDAB98
000118BC
FFFE7968
FFFFBFF4
FFFE3513
0000E786
FFFE51C2
FFFE6B4F
0001C666
00016579
FFFE9198
FFFEF43F
000194CB
FFFF9AF7
FFFF99D1
FFFE2092
0000EBA9
00002200
FFFEC149
FFFEC038
00005038
FFFBCBAF
0000433E
FFFFB648
0001F072
000126A6
0001234A
FFFE756B
00024891
0002A61F
00001CF7
0003FCFE
0001CFC8
0001ED75
00016CD0
FFFEAC0B
0001A508
FFFF3E31
FFFF92E4
FFFF230E
00010D4F
00003FFF
FFFD125B
FFFC1478
FFFE318A
00004CE6
FFFF0409
FFFF9742
000003EE
FFFFB25C
00024AF5
FFFF4E25
00010186
FFFF197A
0001989F
000009A3
0001CC00
FFFFF3EA
00028BDE
0001B5B8
0002B5D6
0002E254
000033F7
000163A1
0002AB47
00049A3B
000114D9
00015257
00019303
0000C3D4
FFFDA72C
FFFF5B03
00000A3E
FFFC8457
00014C8D
00030E69
FFFDE5A6
000173F3
0003D200
0000FDCE
0001BBC2
0004CEE9
0003C2FA
0001C1A6
FFFFB5FD
00005907
0002BC0A
00028C51
000167E2
0002E074
FFFF0156
FFFF5E99
FFFF529A
0002EE01
FFFF2CC2
00003A87
FFFE92B3
FFFD7813
0000E1D9
FFFFD2E8
FFFDEA4B
00003B67
0001E7F6
00015E6E
FFFF7A63
FFFE8539
0002F97A
00016B5E
0001CC79
00034EB2
000272EA
00001B32
FFFFFF54
FFFC032B
00022274
FFFD9565
FFFDEA5F
00013F9B
FFFC8522
FFFC0199
0000A6E1
00005FD9
0002C3C9
FFFFCD61
0002F18D
00011FA0
00031B94
0003B46A
FFFFA37B
0001AB57
0000D960
FFFD43F4
FFFF2587
FFFF290F
0001E979
FFFEB3E9
FFFF175E
00003712
FFFF4EDB
FFFDD681
0001E65C
0002F4A4
0001A57D
FFFF76C2
0000D8EC
FFFFB725
00040A3A
FFFDDBB8
FFFF8330
00021F2C
FFFE8ED5
FFFD9EC3
00019BC1
FFFF7C2F
00012B9E
FFFF1C16
FFFFF1ED
FFFF6D98
0000207D
00027057
0001C813
FFFF0F18
0000831A
FFFEF5CB
FFFB74C7
000126CA
FFFE15D5
FFFC83E6
000012DE
FFFEE8D4
FFFEAFAD
FFFFC735
FFFFEB59
FFFC6105
FFFBB4A2
FFFD908B
FFFEBC0C
00016EA0
000329C9
FFFD51DC
0001A5D3
00000C8F
FFFFE7DF
0000CA11
000296F0
00039E08
FFFDEE3E
0003E4BB
000431E1
0000F021
00002B71
0003EEA7
0002DD82
00019415
FFFFD35C
0001E68C
0000DF18
FFFF8078
000199CA
0003DDB2
00025F0A
00002710
0001FD19
0001187B
FFFE599E
0002A897
00010333
FFFDC67D
000095EC
00013A9E
FFFF86C1
FFFDFAA2
0002FF96
FFFEB220
0001D083
FFFF043A
FFFDB472
0002DE09
0002B3CC
FFFF014B
0000DEDC
FFFFAC28
00006318
FFFF0BF4
00039EE3
FFFEDA80
FFFFCEC3
FFFD5119
000086D5
0000A7F9
FFFEBD9B
0000DB7C
FFFE2EC1
0001088E
00007886
FFFF76B4
0001F782
00017FD6
0001877A
000186E0
FFFEA065
0003C853
0001183D
0001EBFB
0000CA36
0001266D
00002DAB
FFFFAEDD
FFFEED9D
FFFC9F07
FFFE7A4A
00009F64
00004533
FFFFC5F1
0000F25C
FFFE78A0
00012E64
000073E0
000108C4
00012128
FFFCD2B2
0001C2E2
0001F1F9
0000CFE4
FFFFCAD3
00009414
00010E79
00004D3B
00009FC3
FFFECB61
FFFF5890
00022C3F
FFFFC65F
FFFF3688
00022642
0001F845
0001BB4F
0000A46A
FFFE6F41
FFFE4A83
00016D1E
0000079E
0002CC72
FFFE2650
FFFE25F6
FFFEEA78
00024B36
FFFECE83
0001C00C
0001F268
FFFD9FF4
FFFDF199
FFFDA807
00000838
FFFF1468
FFFF66AD
00004D43
00024B38
FFFEC8EA
FFFE3E4E
000014B6
0001F911
FFFC969C
FFFB8AFD
FFFFA2CE
FFFB70D0
FFFBEBB2
FFFB56C1
FFFBE4FE
FFFB72B0
FFFBB866
FFFF643B
FFFEF0A6
FFFD83D2
FFFF9D89
FFFE62CD
FFFFB9E9
000098D2
FFFDBB3B
FFFF60C2
FFFFA2A3
000163D4
FFFCAE52
0000F7DD
FFFF54C3
FFFDC960
FFFEEDAD
00028B11
FFFFE378
FFFD3EB0
FFFD353A
FFFF79FA
0000D90A
FFFE8170
000157C5
0000BE60
FFFFECE1
00010F00
FFFF491E
FFFE6EE6
FFFEE31C
00009940
FFFF2050
FFFF3B41
FFFF6A65
FFFE86A2
0000DB39
0002847C
FFFFCFFC
FFFEE12F
0001E716
FFFE42CB
FFFFB891
0002849A
000014B5
FFFEDA15
FFFEF44F
00008EA1
0002C01C
0002422A
FFFEAE1F
0002BDFA
0002651C
FFFEC0B3
0001D369
000019C1
FFFF5E88
000203A9
FFFCDC7F
FFFF6C58
00013FA3
0001E5A4
FFFD6844
FFFE21EC
000082E1
000022BE
FFFEC9CE
FFFF14EC
00009B13
0001D57F
FFFCC2DB
FFFE9DD5
FFFD6816
00008773
FFFD085F
FFFE4C97
0000499D
000228C5
00028A5D
0000C3CC
FFFEBA38
FFFD7E8E
000213B9
0001E085
FFFFB816
00029B07
000371EA
0001C2D3
FFFE8D99
0003CFD6
FFFF7F80
FFFFD641
FFFC6D24
FFFE1573
FFFCDB77
FFFCC109
FFFF9E0C
FFFFC996
FFFCFEA6
FFFE2A63
000272BC
00011072
000238E3
FFFF02F3
FFFE734C
00013D3E
00010E28
FFFD1B47
FFFE8772
0004BFAD
000486B7
0001D9F6
FFFF2D1C
0001B447
0000CE75
00026A2C
00000536
0002554F
00028441
FFFC5020
FFFCB810
FFFD5ACA
00014907
FFFD5E02
FFFF7E66
FFFE4929
FFFC6227
FFFE3A44
00030010
FFFF76E3
FFFE8F3B
0001748F
FFFEB334
FFFF7276
00036EAF
000279A0
00029DFA
FFFD8247
0001A43C
0000ADE5
FFFEF8D2
FFFD9D11
000343B4
0001A648
00021C47
FFFFD8D4
0002A197
FFFD824C
0001E364
0002CA06
0000304E
0001F4F9
00015C0E
FFFF03CE
00011313
FFFF10D0
00019F77
0000BAA0
0003BC3B
00032D33
00011D8C
0000D7B7
000246BD
0002DC54
0004A247
000379F9
0000D62A
00002315
000139DB
0001C1A4
0003F183
0003A0DF
FFFE30DB
FFFDA512
FFFF228A
FFFAC589
FFFEB023
FFFFEABD
00000913
FFFBE279
FFFD6B88
FFFE2688
00006FD1
FFFC3886
FFFEF25F
00014876
000142EC
00014C55
FFFFBDC3
FFFF5D68
0001E787
00032AFF
FFFF9179
FFFE73C7
00013237
FFFFCD2A
FFFF6581
000158AB
FFFEC87D
FFFC8800
FFFCC26B
FFFE44D6
00002AF3
FFFEE506
FFFAB11D
FFFC53FD
FFFE895B
FFFFD8E9
FFFFCFFD
FFFCA845
FFFE17F2
FFFF443C
FFFEB0C3
FFFC950F
FFFFBC37
FFFD55E5
FFFD821A
FFFDF67F
0001BEDC
FFFEB064
FFFEFF59
00020DC5
FFFFE256
00008D79
000305CB
FFFE90A4
00009D3A
0001FA7A
FFFE0E89
FFFFBDF3
FFFF9A37
00032CA5
FFFE9D0B
00001C8A
FFFFD618
0001CA2E
00004163
FFFFDECB
FFFFE2E7
0000278C
FFFD1374
0001B67E
FFFF1F29
0000A194
00016FFD
0001C512
0002C15A
00031015
FFFF4167
00019AF8
FFFDF968
0002240C
FFFF32DB
FFFE3BA1
00016390
000094C5
0001D315
FFFEEA71
00000994
FFFF2B11
00007B32
0001AB14
FFFE0086
FFFEE45D
FFFC4B8E
00004D3D
FFFF1578
FFFF50D9
FFFCDA31
FFFE339C
FFFC9DDA
0001899D
FFFF9052
FFFDC228
0002D8BA
0001FA9A
FFFEC145
0000C241
0001454C
FFFF6E62
0001E201
00014A0E
FFFF57E8
0001BAAB
00016206
FFFEBC3C
0000763D
FFFF5C19
FFFF26B4
FFFFD721
0001724D
0000D929
0002598C
00028AA3
0000DB0C
FFFF499F
FFFF5C51
00018954
FFFE7391
FFFE7F0C
FFFE9B54
FFFE47CB
00040DC7
0001B406
00030AC4
0000E7AB
FFFE9C45
0000BA1F
FFFE78F2
FFFF3EC0
0002E3E5
000053EA
00037BE4
0003B5C0
000240EA
00000DB4
FFFF9A80
FFFF1224
FFFBAD85
0001A643
00009794
FFFC63D2
FFFF9FE2
0002805D
000006D4
FFFE9D19
FFFD28A6
FFFFED45
FFFF9D20
FFFEEA7E
FFFF0958
0000FE98
FFFEA566
FFFE5C4F
FFFE2E43
0000481D
00038C47
FFFE898C
0001AB37
0000EEFC
00006E42
FFFF5B18
0002B5F8
00007967
FFFFD767
0001A0D4
FFFFA4C6
0003C159
0003AD7E
000376EE
00021002
00000C53
0002B687
00027C51
FFFD019D
00031F7A
FFFE99D2
00009EF4
FFFFE7B9
000133FB
00019C52
FFFE9A7A
00011EF0
00002078
FFFF0180
00037B34
0002019D
FFFE7B0E
00031010
0002E2BC
0001716D
FFFF99E0
FFFEEA3A
FFFDCD8D
0001C566
FFFE36DD
FFFDFBC3
00029FD7
0001E8DB
FFFF8C42
FFFF9482
FFFED7F3
0001752F
0002633E
FFFFD6A6
0000E570
0000CD7B
FFFE90B0
0002677E
FFFFDDBE
0001A41E
FFFFF08C
FFFD9D2D
00007BAA
00001512
00008176
FFFF0B79
FFFE54FC
000151F1
FFFF76DB
0000648B
0000EFF4
0000F029
0000063F
FFFE5089
FFFEC1A9
FFFD8F1D
000297E6
FFFF520A
FFFE2CE6
FFFF2F18
0001A9A3
000388F2
FFFE5C7C
00019947
00008BD2
0000D552
FFFEB3E8
FFFD7BFD
0000F3C4
00023CCE
0000293D
00034779
0000C12D
FFFDD21D
000070AF
FFFF700B
FFFCEC69
FFFD8302
FFFB4D18
FFFCF3CF
FFFBDA1A
FFFB5DA0
00010F2C
FFFF4DC6
FFFD9047
0000CC1E
0000359F
00021AB1
00015CE7
FFFF5628
00014E3A
FFFE5A93
0001DB99
FFFED31D
00009A79
0002AA8F
0000603A
0002974B
FFFF7700
0001E848
FFFE2B1F
00036F6D
FFFEE091
0000F269
FFFF2E43
0001BA99
0000A060
0000C006
FFFFF175
000264D1
00016B14
FFFEF23E
00024AD7
00021D52
00026263
0004208A
000176C4
000113F9
FFFB86E4
FFFC9D68
FFFDA08F
FFFF7D8C
FFFD8B1C
FFFBC6B6
FFFE4C22
FFFDF56C
FFFCE7F6
FFFD36F2
0000BCB3
FFFFAB89
FFFF39A6
FFFC33ED
FFFBC693
0000252A
00011924
FFFEBE4D
FFFF6119
FFFEA048
0000C701
00027004
00014A37
00010A49
FFFD74AE
FFFFFB8B
000203EA
FFFEA93D
FFFC5A59
FFFEBB8C
FFFF68AE
0000264D
00001268
0000D64F
FFFD3FF2
FFFE5B45
0001546C
0001A145
00007A1D
FFFCF4FA
FFFEBBF2
FFFD119A
FFFD58A2
FFFFEBBB
00012141
FFFE7661
FFFC4FB9
0001A6CC
FFFE1E61
FFFED842
0002824D
FFFF4EF8
FFFCDB72
00010E2D
FFFCE147
0000FF82
FFFE86B1
FFFEF2D3
FFFEC30F
FFFD5A87
0000CAEB
FFFFC685
FFFE4F60
FFFE43E8
FFFFCD0D
FFFC2DE7
00003320
FFFCF4A2
0000EA2F
0001EB15
0000D76A
FFFDCA9D
0002E9C8
FFFFB2F9
000290FB
000323DF
00024467
FFFDBA99
000047A7
FFFFB552
000138F2
00011A39
00006F10
000115CF
FFFE2790
FFFD5DD3
FFFEDD0A
FFFF4B52
0001A297
FFFE3272
0000B0C5
FFFD52B4
FFFFF02E
0002FAE7
0000D0D3
00005748
000400E6
FFFD19BB
00024691
0002BE47
00000F44
FFFDEB39
000076B5
FFFF35B3
00006827
0003A544
FFFE2486
00012573
0000FC41
000278AE
FFFF7214
0001B7E1
0000A7DD
00048EF6
0002BBBA
0002C323
00021057
FFFB26A3
FFFFAE52
FFFFDC82
0000227B
0000B9E4
FFFF259B
FFFFCC57
FFFFDA94
0000F726
00011DFA
0001AC7F
00026D83
FFFF0B93
FFFD815C
0001C462
FFFF0E71
FFFCF6B7
00001B06
0003A0AB
FFFD7AB0
0003CE5C
0000D810
FFFF02F4
000287DA
0003B93E
00020599
0002BE06
0000702B
FFFEE799
FFFFAFAC
FFFEF7E0
FFFE5473
0000F8FE
000154B5
00003CF8
FFFF3B93
FFFEF7B5
FFFD278E
FFFF1F8E
FFFD77FB
FFFF6C29
FFFD3ACE
0001A857
FFFD70D5
00015648
FFFFF357
FFFD9A96
0000E8DF
0003B885
00001891
000164AB
00000E50
0000A9D3
FFFD531B
000307EB
00024343
0003D065
00019008
0001A212
000003DC
0002C4A9
00034E91
0002F963
FFFFE744
00016897
0001E0C3
0002687D
FFFDD2E7
000394CB
0002B244
FFFEDCF9
FFFEFD1C
FFFEDFBD
00014FA1
FFFF50D1
00004068
FFFFED6A
FFFF9EDE
FFFD18FB
00014E69
FFFDA534
FFFF5935
FFFE5E54
00026690
FFFD6027
FFFA0D75
000123AB
FFFD347D
FFFBC58B
FFFEFBDB
FFFF23FA
0001D622
FFFB0126
FFFFA8AF
FFFF922F
FFFECE93
00005C55
FFFF0F61
FFFE6B4D
0001918E
000321B0
00027552
FFFFD7E2
0004379F
000259FC
000303F6
00045F26
0003451D
0002236E
000042C2
0002621D
000174C9
FFFF0BDF
00020C67
FFFF0F65
FFFD330C
0001E349
00020D42
FFFE32F6
00031C1B
FFFD4446
FFFEC9B3
0000309B
FFFBF3C8
FFFFB3F5
000028ED
0000B483
FFFF8014
FFFAB258
FFFED74F
FFFFCF53
00005198
00017E8E
00038433
FFFD068C
FFFECF9A
0001A700
FFFF9F48
00003CDF
0001DBD5
FFFF682A
00010F91
FFFEB2A8
FFFF32C7
000218F2
00049EFE
00013141
FFFFE71C
00037F87
00017455
0002CA8C
0003BBE1
FFFED896
FFFD268C
0001D831
FFFC2869
0000A23A
00002912
FFFDB05F
FFFDF94A
FFFFF720
FFFD7B68
00034A3F
FFFD92F8
0002C16C
00036A47
FFFC4F05
00017C30
000292B1
FFFD2626
FFFF1C23
FFFFE3C7
00026BC3
FFFD4E95
0001AD07
00032032
0002BF3F
0000F48F
0003850A
FFFEE737
00018F4A
FFFEDDC8
0001B5EC
00017794
0000F1F7
00011E3D
00006C0B
FFFD1842
FFFC8C25
00007DBE
00023D3A
0001C898
FFFEA95D
0003071F
00000143
000141B1
0001CE79
FFFDC7D0
FFFD0018
00025E70
FFFF3BAA
0000BC6F
FFFDFB5B
00004DB1
00006CEA
0002236D
FFFF057D
00002C01
FFFDE34A
0003B7A0
000097DB
00019FFB
FFFEC9B2
0004C6AD
FFFE922D
00012EF8
00018521
FFFE3148
000083AB
000079D6
0001AE76
FFFF4CDB
00036A5A
000135EB
000172F3
000134F9
FFFC8898
FFFF9567
FFFF6C3A
FFFF95A7
FFFEF8ED
00002D93
FFFD8DD2
00002918
00006615
00014E2A
FFFD04C4
FFFF2709
0000FD41
FFFBAC57
FFFDD64C
00010349
FFFD9BBC
0002376D
FFFFB771
00001F9C
FFFE612D
FFFBBC4C
00023EFA
0001EB21
00006E3A
000185A3
0002BEF5
FFFF637D
000062CA
0001EB4D
00002B81
FFFF7F83
0001328E
00003216
0003F839
FFFF0145
000149CD
00005383
0001BC62
FFFE3AC4
0003426A
00012AB2
FFFD095B
00003042
00004CBA
000187F1
FFFFF0EB
00023FD3
FFFE61AD
0000F67C
000171FB
0002F766
00030AE2
000148AD
00029621
FFFED638
000403D1
00018365
FFFEB20B
0000E518
0004086D
000341B3
00033CBC
000053D3
00024016
FFFF6563
FFFD65DF
00004129
00024971
00014187
FFFECFAA
FFFF91C4
FFFCF3B2
000116C2
FFFE359E
00012C02
FFFEFAA0
0001E2A2
00016FF4
00029172
FFFE34DD
00059CB6
0001B73E
FFFDB98E
0005C212
000155B1
00028F74
0000E210
0001CA91
00038D71
FFFDB0AF
00011E91
00031DF8
FFFF7132
00031BD4
0001F56F
FFFE1A57
00033BF7
0000E843
000157C6
FFFC9311
FFFEEF7F
000121CE
FFFE7FD6
FFFBDEBC
FFFDA675
FFFE9479
00019392
0000B49F
0000BF3B
FFFE4625
00005DFB
FFFEB458
000298C1
FFFE651A
FFFD3697
00045B31
0006093B
000236D4
0002595E
00031EC5
0004CAEA
000181E8
00029BB5
0003FF3C
0000B301
00034198
0000CA67
FFFD9DFB
0001232F
FFFD5A42
FFFE0F7E
FFFFCB65
FFFED373
00024A72
00013FC8
0001DC14
0000B1B1
00023166
FFFE1043
0001EE12
FFFE34FD
FFFD53F2
FFFF6344
000125B5
FFFEED67
FFFEDBF8
00024ADC
0000D894
FFFD2121
0001018F
FFFE36C7
FFFE103E
FFFCBE9C
00022F2C
0002C045
FFFE4B8F
0001293E
FFFE290A
0002026E
0001CDBA
FFFDAC5E
00020B79
FFFFBD52
FFFE8318
FFFF9A9E
FFFC1D35
FFFE8766
FFFE21A7
00017FFD
0002BAC0
FFFDB862
0003C551
00030E73
000116E9
0000E680
000225AD
0001435F
FFFF4ABA
0000EE75
FFFF0171
FFFFECFC
FFFD65B7
0001403B
FFFBF5D3
FFFFA68D
0002941F
00001476
000314F9
FFFFDF33
00000677
FFFE17CC
00012409
FFFFF8A1
FFFE4B12
00015215
000155D5
FFFFB47E
FFFBB717
000140E0
FFFBF10B
FFFCAB5B
FFFE60F3
FFFC3B70
FFFC435D
0000CFF9
FFFFD3C6
FFFFD89B
FFFD4C6D
FFFF3B79
FFFF1383
00022937
FFFD8E47
FFFD713A
0000B480
0002CC1D
FFFEBFF6
00033A30
00023647
FFFFBE53
FFFDBDA2
FFFFBE59
00003C23
0001B36D
00008CB2
00014F21
00023916
00005C93
FFFE004D
000251B7
0000E14E
FFFE4F7D
0004145D
000220C8
FFFF0728
00026B6C
FFFEEE4C
FFFDB6A8
0002D39A
000122A0
000045FD
000151CC
FFFFE528
00011433
000327AE
0003087F
0001B71C
00033954
FFFF662E
000389B6
FFFEACBF
FFFF51A5
0000FFCF
FFFD63EE
00014817
FFFEA574
FFFCE04B
FFFD66D5
0001ADA1
00005DC3
00008347
00016DEB
0000E7D0
00003359
FFFDC225
FFFFBFE4
FFFEA380
00027C66
FFFE9BF1
0001A58D
FFFF6DFF
FFFF82DB
00019D44
FFFF71D3
FFFF9084
00014945
FFFEB0DD
FFFEC326
00007FC9
00010443
00005E15
00013141
FFFE968C
FFFDB6C2
0000A422
000089E4
FFFF6947
FFFF348B
FFFE1205
FFFF923D
FFFED6D9
FFFFAA80
FFFFCBE4
FFFE7CEA
00001B3C
000393AB
000043A9
FFFFCDF5
0000755B
FFFDD2EC
FFFFF9A5
0000CA78
FFFF6B97
000134BE
000426CF
FFFF05EE
FFFE13F3
FFFE5885
FFFF0972
00007E52
FFFE2159
FFFD8807
FFFD13A6
FFFFE039
0001EEB3
0000B16B
00013248
FFFF69C5
FFFEEBB4
0000351C
FFFFA5FE
FFFE5094
000072B3
FFFFDD2E
FFFCEDFF
FFFEDFD5
0000FD78
FFFD97E6
FFFFACA6
FFFFA6D1
00004B09
FFFEBBF7
0000042A
FFFDC2C0
FFFCA88D
FFFF7DD9
FFFE8F60
FFFD51DB
FFFE9763
FFFEA84C
FFFF262B
FFFFF7EE
FFFF45D1
FFFE3D75
00004A60
FFFFE306
0000D6F2
00024E5A
FFFFB8E8
FFFF94A5
FFFFA1BC
FFFF537C
FFFE1FAE
FFFF2ADC
00027AF7
0000ECC7
FFFF2123
00032B50
000060DF
FFFD308F
FFFD8E07
FFFA1F58
FFFB9275
FFFDB811
FFFD1410
FFFD2E16
FFFF062E
FFFA023D
FFFF38E9
00002F0C
FFFE6B68
00009366
0000E11C
0002B568
00030971
000097E1
00022F1F
FFFEA935
FFFFCF51
FFFDF5BC
0000FE61
00032361
00005ED0
FFFE0B0D
FFFFA01A
FFFF35A6
FFFF2E1A
0001BBB3
0000B13B
0000FF19
0000D7C4
0000D491
000097B4
0001DE48
FFFD93CD
0000B5EA
FFFEB66A
0000A620
FFFE3056
000182D2
FFFFC03D
FFFE68E2
0000B17F
FFFE8D22
FFFECC31
0001C022
00008C25
FFFE5C39
0002A064
00000757
0000CE03
0001CAA5
FFFF11DC
FFFF121E
FFFE8162
FFFD21DB
FFFD8C4F
FFFE0BF2
FFFF685D
FFFE964A
FFFE418E
FFFF7C6D
FFFDFCA9
FFFFA5EF
FFFDB269
00001DC7
00010CCF
FFFE9C6B
FFFFE1E8
FFFF7687
FFFE1C13
FFFC4E66
FFFDB761
FFFE85F8
FFFCD3AC
FFFB96EB
FFFD8F49
FFFBB5C5
FFFF0F9C
FFFC7853
000036E3
FFFF4B2E
0002A234
0000BE0B
FFFDBB4C
00008390
0003C9A1
FFFE8DF7
0001B285
FFFE2565
FFFF1F40
0001523B
FFFF0C29
0001DEA2
FFFF7D60
00027C50
FFFF4715
0001E082
0000B761
FFFD907A
FFFE0B3A
FFFE3D04
FFFC2BD4
FFFD0FC5
FFFF3FAD
FFFFF258
FFFC2F9A
0000D08E
FFFFDC91
FFFECA07
0001717B
FFFF2D74
000096ED
00034B26
0002DDCB
0001606F
FFFDCC50
FFFD4A3A
0002E308
0001DD54
FFFE79DB
00024030
0000A742
0000C0AD
FFFF816C
000298CE
FFFFE9C0
FFFFCBCF
0004FB05
0001191E
00000C1E
00030767
000285B1
00022879
FFFD0C5A
00011511
000050EB
FFFFFE92
0002972E
FFFD3BAD
000090F6
000133F8
000200BF
00034E65
0002CE40
0000A8C0
00016E47
FFFF0D90
0001AC36
0001C1A1
FFFF31AC
00008ADC
FFFDF4E8
FFFCD54E
FFFDE1DB
00008EA2
00023728
FFFEAE73
FFFC6217
0000707D
FFFF4116
00027F6B
0003F988
00034E44
0000A8DC
FFFF6F00
00033B34
0003CF46
FFFF03F6
000053B1
00028E3D
00027186
00019D8A
FFFF1911
FFFFA23B
FFFEA3DB
FFFF92CD
FFFE9F5E
0002865A
FFFDBAB8
FFFED5F7
0001343F
0001455C
FFFFC444
FFFC0701
0000CB16
FFFD9422
FFFBF3A6
000263A2
FFFFAC4B
0001EE89
FFFE385E
0000D161
000185EA
FFFEF2B0
FFFF276E
FFFECC1D
FFFFC2EB
0002BAFE
000160A0
FFFD1E55
FFFF5834
FFFEF9B7
00000555
0000F558
FFFF9956
000017E9
00012310
00014D64
00041196
0001C362
00025B19
0002BB3D
0001CE6C
0000E957
00008AEC
FFFDE981
FFFF8372
00000C8D
00009222
FFFF41BA
FFFC09D3
FFFD0C37
FFFEB0E4
00019D87
00005DDB
FFFDE009
FFFEDB78
00004C05
FFFF0BCE
FFFEF2CE
00009A6B
FFFD7004
FFFE9835
FFFFE110
0000D5A0
00019E0F
00036877
000126A1
000200FD
0000B7F6
000309AF
FFFD400D
FFFEECA9
FFFE0DC6
FFFDC121
FFFDBBA7
FFFB6B59
FFFF1EFE
FFFEB170
FFFB6F86
00024FCD
0000B3DB
0002538F
0001F6FA
00027358
FFFF9764
FFFFC23A
00025FB8
000368E7
FFFC0D59
FFFF1DF8
FFFEDAEB
000117C1
FFFE1133
000031FD
FFFE2513
00002ED5
FFFC1DAD
FFFFBA4C
000072D4
00015754
FFFCC7DC
FFFE9157
FFFF8E46
00014A06
0001092A
000252F1
FFFED64B
FFFCECB9
FFFD2F8D
FFFDB555
FFFD30BE
0000A7CF
FFFC192F
FFFC5474
FFFD312E
FFFEDA6D
FFFEA151
FFFCD3A7
FFFDEB43
FFFF706D
0001493C
0001585B
000226AA
FFFFD777
FFFD87B6
FFFC04D1
FFFCF3A9
FFFE3231
FFFF52D9
FFFD37F8
FFFFC13C
00003D77
FFFEAE5D
FFFF915F
FFFD3BB5
FFFDD8FA
FFFD4020
FFFF115E
FFFE513B
FFFEB496
FFFE3348
FFFCF770
0003255A
00014F6E
00021528
FFFDECB9
0000FD55
00007433
FFFE3AD5
FFFF518A
0002D8D8
0000588E
FFFD3E7A
FFFDB12C
0000CC76
FFFBCC4D
0001EFD4
FFFCDA33
FFFDD3C9
FFFD0D54
0000C75A
000304A0
00022133
000131E1
00031991
FFFF2D0E
0002B286
00000F9C
FFFEDD60
FFFE7FCE
FFFDC101
000019FD
FFFF2A37
FFFED83D
FFFD4033
FFFF2B32
FFFFDF01
FFFD5599
0000DB14
00013929
FFFFCB1E
FFFFC9C3
0001F0A9
FFFEB8F0
FFFB590B
FFFEECF1
FFFF9B48
FFFEFE63
FFFDD976
FFFF698A
00005F94
FFFEC287
FFFD6F91
FFFF20EB
00008C17
FFFC2EE7
FFFE469C
00025D15
00015C7B
00022AD4
0001542D
FFFDDE6D
FFFEFA18
FFFE57D2
0000EB7D
FFFE87FF
0002157A
0002B51D
0001C9C2
FFFE61B4
000272B8
0001A35C
FFFDFF87
0001C54F
FFFF744C
FFFF9733
00012650
0001D527
0000BE39
00001488
FFFD6896
FFFFB162
FFFFC68D
FFFDADF2
00037E5F
000195AC
FFFC91E9
FFFF91A8
00003FB2
0000C330
000017FA
FFFE3008
00011344
FFFD38BC
0001223F
00005480
00019738
FFFE3503
FFFE0AD5
FFFE33F6
FFFEAA8C
FFFBE107
FFFD44A9
0000CA45
00008395
FFFD9C67
FFFEAAEE
FFFDC4F6
FFFF7311
0000258D
FFFDA137
00018CEB
000169B4
00016011
FFFEBB0F
FFFCF355
FFFFAB88
0001D1DF
FFFEE315
0003C615
FFFF5347
FFFFB8BD
00015BD1
00014011
0001A942
0000A90D
FFFF370E
00022FB3
0002B50C
00021A34
FFFE3FB2
0001801F
0000FC4B
000064E6
FFFFBC50
00037645
FFFFB1C0
FFFDD36D
FFFFFA68
FFFC9D74
FFFD2C8D
FFFEB545
FFFCE20E
FFFDAA8D
00015615
FFFE3949
00004032
00008844
0000A442
FFFF55FA
FFFF43CC
00024BCC
FFFE9203
FFFF0BB5
FFFFD129
FFFC20A8
FFFE155B
00008A99
FFFD8E7E
FFFD7D81
FFFEF752
FFFDDC64
FFFE3525
FFFF89A0
0001BBF3
0001D272
FFFEC5AF
0000962B
FFFDECF7
FFFF8DE0
FFFDCB66
FFFF5D9D
FFFE6B25
FFFEB052
FFFEAE7B
000190F8
FFFF62D0
00011AD0
00001128
FFFDA41D
FFFBFAA9
00027AA3
00006D04
00010B9A
00002FE0
FFFAAA30
FFFEA848
FFFF783A
FFFF9903
FFFBEA50
FFFECFAF
000111DE
FFFDA1B3
FFFEED31
FFFF54F5
FFFB5D6C
0000AC3C
000030D2
FFFAF51F
FFFDEBCB
FFFD6718
FFFBE81E
FFFCBA19
FFFE3F10
FFFBD0E2
FFFE51B8
FFFC9EE9
FFFD5C27
0000E528
00016145
000145BC
FFFE049F
0001CAFD
0002932B
0001F233
FFFF050D
FFFD672E
0001886F
FFFFE43D
00026147
FFFEA542
00028E51
FFFFAA3B
00031107
FFFEFCEE
0000E36B
FFFE1CBD
FFFEFCD8
00015813
FFFF55D5
FFFFBF89
FFFCDACB
0001C5A6
FFFBFCF2
FFFBAFBA
0001B911
FFFFFDE9
0003041A
FFFF40AE
00013030
00001A5A
0002EA67
FFFEEAF8
FFFB9EA4
0003BA4E
FFFCBF7F
FFFFA8F7
0002F847
000246F7
FFFDDB69
0002D550
FFFC5318
FFFCB861
FFFDA07A
FFFF5DF3
00039C33
00022D29
0000E54C
00055132
0001DA52
000242F9
00001711
00026D0B
0002192A
0000601C
FFFD8467
00006F60
FFFF14E9
FFFEE77E
0002C42D
FFFF3A1E
FFFBF1B1
00037F94
FFFD0939
FFFD913D
0002A518
0002E7CB
00038A73
FFFB5BC0
FFFE49E0
000238B1
FFFF2F33
FFFDE014
0002B8AC
0000652F
FFFD091C
FFFFA6CB
FFFF2EED
FFFCC5E5
FFFFD386
000214A1
00017A50
00039308
00014E7E
00037A20
00032A25
00011B18
00028E53
000100F1
0002A65E
FFFF2E03
00013806
0001B729
0001FC81
FFFF2820
FFFDD3E1
FFFD03D2
FFFEB692
00034FBD
0000C767
FFFF425D
00066CDC
0006447A
FFFD8B38
00021535
0000607A
000468DF
000010C8
0000B8CF
FFFD6E19
00028AEC
FFFE7BFE
FFFBC794
FFFE998C
000479F4
FFFE0B5B
00021709
0003DC1A
00048C6E
FFFE7732
FFFEF2B6
FFFC55D4
0001AE1E
0002C059
FFFDA707
FFFF47F4
00020BFA
FFFDFF5F
0002757D
00005CD1
0001CE48
0000E36D
00003E25
FFFFA2EE
00011836
0000D46C
00032949
0000E989
0001E42D
FFFE181F
0003D3DB
00017DAF
0000D8B1
FFFF795D
0000125C
0002669A
00001E7B
00024BB6
FFFE738C
00031E7F
FFFD9269
0000AA0B
00031CB9
FFFE4370
00017606
0001F088
FFFCFEF7
FFFE2D4F
00025AE5
0003F6C8
FFFD43CF
00001B2C
000184EB
0001B63E
0005246A
0001F7AA
FFFF786E
00059654
00019403
00012940
00008555
0000686B
FFFC3728
FFFE298F
FFFA1F8A
FFFC1C5E
FFFB717D
FFFDDEF4
FFFC8E41
FFFED9FA
FFFFAFC6
0001648B
FFFFFAD1
00030374
FFFD7780
FFFE4F56
000505F9
00033747
FFFB9F1A
FFFEB9CC
0001A654
FFFD6DBF
0001EAD2
0001B686
FFFF392C
FFFF8F0B
FFFF498C
FFFF3354
00052A5E
FFFEF200
00026308
00019E0B
000065D1
FFFEBEBF
0003725D
FFFDDAF6
FFFD3F65
00017FD8
FFFDBACF
00010060
0000FF0B
00013BF9
FFFC4DFE
00043DBA
00007702
FFFECD47
FFFC6033
0000DCB4
FFFEF881
00042766
00017DA5
FFFE5D7A
000151BB
0000A4D0
FFFFFE9D
0000672F
00022644
FFFEA573
FFFF7085
00004975
FFFE4B8B
000444A8
000329E5
FFFE9A6F
00008257
0001BAE5
FFFCE16D
FFFF7471
FFFCBAD6
FFFD678E
FFFD33D4
FFFF2922
FFFF0950
0001332B
FFFDCA58
00030FEF
00023A87
FFFE91AB
0002ED40
FFFE2BA0
FFFE8A64
FFFFB1BE
FFFD38F1
0001AA61
FFFE5E1B
00022D37
FFFE61F2
FFFC4758
000014BD
0003CC02
00006011
00029ED8
00032C89
00033D2E
00008449
FFFF53A5
00005D0B
00022C28
0001738E
FFFF9292
FFFD1227
FFFF6231
FFFC7C3D
FFFC2A75
0001AE29
FFFA4B8C
FFFF54F1
FFFD6EC5
00033A49
00020E2F
0005A3D2
0000BE11
00020F2E
FFFECEEF
FFFE2ADC
0002C5F3
FFFEE25C
FFFA267A
FFFAA2FF
FFFBB9B1
FFFF6EE8
FFFB3A57
FFFE1CF5
FFFDA9E4
FFFEF347
FFFDDBE4
FFFF7C5A
FFFDA0C5
000210E3
FFFFC81D
FFFE2E2E
FFFCCFF8
000310F4
00004A35
FFF9B04F
FFFD9806
FFFD3867
FFFE3FCD
FFFFFDD3
FFFE2169
FFFE80DF
FFFFD0B0
FFFE3BB3
00010A7D
FFFC00EA
0001B676
0002DDC9
FFFFCE5E
FFFB6496
0001F799
00019D30
000241D6
FFFFC1CC
FFFCE402
FFFD4C19
FFFFD953
FFFE1A98
FFFEB839
00044273
0000CC58
FFFE024E
FFFDA294
000336BF
FFFDA691
FFFE91E5
0002A24C
00026DB1
FFFF8198
0001FC6B
FFFFA89C
FFFEA455
0000D454
00003E16
0001675E
FFFC5706
FFFF6A70
00008B90
000238E9
FFFFC3DA
00029905
0000A769
0000E641
000005B2
FFFDF9E1
FFFF1329
00010328
0003F04E
0002B8A4
FFFF4F4E
FFFFFEF6
0001D263
FFFEBC61
FFFFF1D7
FFFECF1D
FFFDF78E
FFFEA764
0001EC5E
FFFBA162
FFFDD7D1
FFFE332D
FFFDE2B9
FFFF2FD3
0003A305
FFFFB6B2
00014DFA
000569BA
FFFFAF64
FFFE84D5
00005A47
000028D6
FFFD5B82
FFFDF0A4
00005FAD
FFFEF9FF
FFFF07B5
0000E80C
FFFCA9FD
FFFC66D5
FFFE17A8
FFFF587F
FFFFEBCB
00013F52
FFFD1E3C
FFFD9D88
0001C119
FFFE9703
00047030
0000A4A3
0003CC17
FFFF37C2
0002F7AB
00038305
FFFE7EDA
0004627F
FFFE5713
00003923
FFFEECAA
00028357
0002F038
00033F48
00002B21
00041E28
FFFFE673
FFFCE2D6
0000F8DE
FFFE9F24
000061BD
0000FBF4
00003E74
00031983
000012C4
FFFCF370
FFFFDC8B
FFFD9B35
FFFF6C4B
00038507
000300A6
0000BD63
00009821
0000AB4C
FFFD2651
000112B2
FFFC068E
FFFC9276
000219BF
FFFFEC44
00015941
0000A63E
FFFFC39A
FFFBCF5E
FFFD516E
FFFDA352
FFFA24A2
FFFD788F
000168D2
FFFD022F
00008E51
00042864
0002B758
FFFE5702
FFFFC468
00012C62
FFFBC580
00025266
0002363F
FFFC2994
FFFE2ABD
FFFE2978
0001734F
FFFAF860
0001FEF6
FFFA4CD8
FFFACAB0
0001FFFF
000209A6
FFFF2532
FFFE1285
FFFF9260
0000B94E
0004C7D7
0002B237
00025919
000527C5
0001F839
0000E75A
00046E8F
FFFD59C0
FFFF88B9
FFFFE55E
0000297B
FFFE5C6C
FFFFE63A
FFFFFFAF
00000D69
00001F71
FFFDC5F5
0000C00E
FFFB5F80
00009B7B
000364F7
FFFF7387
FFFCF810
FFFD1C4E
FFFF1FBC
FFFEED16
00004AB9
FFFBDC58
00023CED
0001D739
FFFD31F8
FFFCB633
FFFF4852
0001750B
FFFE0733
00007114
00015921
000015B3
FFFEBDDC
FFFDE79B
FFFCC766
FFFF7B45
FFFD5662
00001CF1
FFFD89A6
FFFCC1B4
FFFB2A20
FFFF32B3
00001349
0000D5F6
FFFE8A06
00002C5B
FFFE34FB
FFFCC653
FFFE51F4
FFFD8B78
0001DBA1
FFFD9E45
FFFD9C7D
0000A2E5
FFFBEDE0
FFFF7F3F
FFFE5F1D
FFFC7E95
FFFE4D5C
FFFC3395
FFFA4FF6
FFFE89B7
FFFA6AA9
FFFF7EE3
00005D59
FFFFF640
00013FA7
00014BB6
000038B5
0000EF15
FFFF632A
0001802C
00017160
00012D1B
FFFDE292
FFFFFD97
00006C28
FFFE583A
FFFECFE1
0000C3CB
FFFD3848
FFFFFE18
FFFFD612
0001CB50
000051F1
00015640
00003981
FFFFE2F4
00007C34
00003DE7
FFFF4F22
FFFFB928
0000A4A0
0000706A
FFFEB85B
FFFEA9BE
FFFD106B
FFFEA3E4
00007231
FFFEAF99
00014BB2
FFFFE1A2
FFFE5814
FFFFC8FB
FFFEE5AA
FFFF83D7
FFFE9980
FFFEA278
0000942C
00016E60
000015D9
00006C74
FFFE4866
FFFFF341
00029198
FFFE6797
FFFF43FE
FFFEAF59
FFFED482
00006D3C
FFFEB767
0000DFDE
0000CB0D
FFFF326D
00011FFC
000098C5
00010E5A
000040E2
FFFEFC07
FFFEB928
FFFEA82C
000147EF
00001DBE
FFFE52B8
00002D34
FFFEEDD0
FFFFBA66
0000DC87
FFFE8044
FFFEBCC1
FFFF4B04
0000AF2E
0001D92B
0001B2E7
00018683
00013E8F
FFFDAEF7
0000E0E7
FFFFF2F9
00026B6B
FFFE8C3A
0001B331
FFFE830B
00014433
FFFD33EC
00015591
0001553A
00000EE2
00007FD2
FFFDF4AE
FFFEC35B
0001F429
FFFE9C61
FFFE2A36
0001091A
FFFDBBC9
000034F1
FFFDBF59
FFFD5CD6
FFFED2DA
FFFE8337
FFFF02C2
00007FBE
FFFF6EF0
0001C700
0001FD31
FFFD2736
FFFED514
FFFF7F98
00000CA2
0000F51D
FFFFBB56
0002327B
0000A811
0000395A
FFFF6657
FFFEDAD1
00003D37
FFFFFA96
0001BD4E
FFFFDEED
FFFE759B
FFFE7C5A
0001FE95
FFFE34BF
FFFF98E0
FFFF04C5
000083D8
FFFE6F3D
00039AAE
00010BA4
00006B6A
0001C3EB
00001087
0001FDF4
FFFF456F
FFFF9A6B
00010E4A
00010EC3
00016902
0000136B
0001525F
00003A54
0001E9AF
0001106C
FFFFF6B6
0000AE04
00037FEC
0001147B
00033620
00003DC2
000017F0
0000E603
000113EE
00029CE2
00018338
FFFEE6BA
FFFF1D98
FFFFF576
00015884
FFFE65A7
00006485
FFFEFCF8
FFFF8248
000092E1
0001BF9C
00004FE0
FFFF8018
000160D5
FFFEEBEF
FFFE41AA
FFFE59B9
FFFF0BD8
000247E1
FFFE8A72
FFFFD9BF
000180CC
0001669F
FFFF80CE
FFFF541A
00011584
FFFF49DD
00002630
FFFDCCE9
000091BB
FFFD9A42
000166BC
0002358F
FFFE9FC3
FFFEFF62
FFFF9AE4
FFFE18D9
000041B6
00001309
FFFECC4F
0000E834
FFFFC788
00019CF1
FFFDDBE7
FFFFEB3F
0001B299
FFFF636C
00002C4B
FFFEBB33
FFFCABF9
FFFE0673
FFFF51E5
0000295D
FFFFB88E
FFFE44AC
0000A6DB
FFFDA043
000055CD
FFFF178D
0001D1E5
FFFEB3C5
0000FBCA
00000D13
000009ED
FFFF76A5
00007C37
FFFF1814
0000E7B3
FFFEF9DD
FFFE847C
FFFF153B
0001FAFF
0000698F
000138DB
0001BB8A
FFFFCFE8
0002183E
FFFFCAAB
00003337
FFFE8604
FFFFCA8F
0001C739
FFFDE68E
FFFF2E31
FFFC693F
FFFF047A
00006D91
0001BDB4
FFFF035C
FFFF3F43
FFFFE20B
FFFF19EE
FFFDE846
FFFF0583
0000A3AE
00005136
0000D864
000212C3
FFFE860D
FFFF41C2
0001188C
FFFFCED8
FFFF4B83
0000D5C2
FFFEF416
0000F565
FFFFA15B
FFFFD444
00029BEC
FFFF17E9
FFFE9FD3
FFFF49DD
0000E52A
FFFF005F
0000AD10
FFFFCC12
FFFDA1B4
FFFCA7F9
00005901
00017BE2
00012B20
0002AB63
0001225F
FFFF1999
00002E37
00023C05
FFFFA504
FFFFCBF0
FFFE72D6
00007FB9
0000B8BA
00004C8C
0000EA29
FFFECE82
FFFE6E1C
000294E7
0000B3DE
0000B2D9
FFFEA850
0002B1C9
00018568
FFFF6C6A
FFFFE448
00018E1E
0001F6B4
FFFF8276
FFFF52CB
FFFE0870
FFFF0798
00006C3D
0000DFEF
FFFE99EB
FFFD97D8
FFFDCADF
FFFF93A9
00002981
FFFEDBE6
FFFFA010
00013E9F
000010AB
0000197B
00006DD4
00015818
FFFDE61B
FFFF2290
FFFD2C21
FFFFB186
FFFF26E7
FFFF2A45
FFFFCEAC
FFFD58E5
0000710F
00023FF4
0001376C
FFFED10C
00018683
0001C2F9
00002B01
00024817
FFFF49E0
00004A82
FFFF109E
FFFE9D1F
FFFDC241
0001A36D
000099BE
0001D5F0
000149BE
0000CE97
00004F66
FFFFDCB9
0000CA7F
00013988
FFFF0B2D
FFFE6939
00014B6C
00023EA6
FFFEFE43
0000DC91
FFFDFB80
FFFE1C1B
FFFEEE57
FFFFCA8C
000200D7
0000DF0B
000006F1
00007404
FFFE380E
FFFFC4C2
000032BA
000110E5
00021BD8
0001D507
FFFFF2D8
0001479B
00012E4D
00018E7F
00003D65
00006A80
0000F559
FFFE8C4E
FFFFD935
FFFD97D6
FFFF4473
00001F63
0000257F
000008D8
FFFE9DAC
FFFFA293
FFFFCB6C
00014C63
0000A9F8
00032B86
0000E2FD
FFFDD47D
FFFF1B27
FFFFF8F6
FFFF87AE
FFFF26CF
FFFE5F0C
FFFF4128
0000E004
000004FA
000008AD
FFFFA8F1
0001EE70
00017CF7
0001D1D9
FFFEF289
00006CCC
00010155
00034596
00030754
0001CC1C
00026271
FFFF70EF
FFFF9046
FFFF05F2
00004A06
0001A7CB
000131C5
000016EB
FFFE2474
FFFE2298
0000ADEE
0001F350
00016532
000165B0
0000B33A
0000666C
FFFEE809
FFFFF0C3
FFFF59DC
FFFE40BD
00010981
000093EF
00025987
0001CFA2
0001C01F
FFFFA332
FFFFCB0F
0001B2F7
000149B7
FFFFFF40
FFFBD272
0002449B
000172BC
00017F22
00015225
FFFE4FAB
00006BC4
FFFCF77F
00014275
0000B11F
0001815B
FFFF6932
0001A1D4
00012B98
FFFF91AE
FFFF5DE1
FFFE0C27
FFFEE682
FFFE2F87
000033F7
FFFF424A
FFFEAB7A
FFFEBE6D
FFFDD18B
FFFF29F6
FFFFE916
FFFE4B56
000054DF
FFFFA254
FFFE468A
FFFF2733
FFFF0AC5
FFFF4962
FFFF6FE0
FFFD2379
0001E770
00005522
00010A67
0000DD8B
FFFD97BC
FFFE98D9
000020A8
0000C928
FFFFF718
0000E072
00033F9F
000202F1
FFFF284E
FFFECF37
000101E5
FFFEBC77
00018B70
FFFF565B
FFFE33AE
0000AC7E
0000DB09
FFFDE74A
FFFDC071
00010855
FFFF697A
000087B4
FFFF3964
0001C5E7
0000AF1F
00010EC9
FFFFFFF8
0000F23E
0001B4E0
00015547
FFFF731C
00011913
FFFF60EA
00009AE7
00026824
0001A9E1
FFFF865B
0000B657
0000F5E7
0000E0D9
FFFF4A95
00015656
0001114B
FFFEA443
00009BA3
0000D4DA
00025F2D
00016DB3
00004585
FFFF7862
FFFD9D2F
FFFECA2A
0000B2EC
FFFFDA44
00019697
00011432
FFFFE910
FFFFD575
FFFE3D94
FFFF4450
FFFE75C2
FFFEC060
0001A4EE
FFFEB7A8
FFFD87AF
FFFF193D
FFFF5736
FFFEEA6A
000058E4
FFFFDED2
FFFFD4AB
0000EFB1
FFFE2F3B
00004720
00029209
00036EFB
000278C9
FFFE72CE
FFFE39A7
0001F30F
0000F8A8
00018999
FFFF938A
FFFEF7D6
FFFF75C5
FFFFCEDB
000133AD
FFFE21F3
FFFFA520
FFFD6B27
FFFDD928
FFFF289A
FFFFFD46
0001D8EA
FFFF375D
00000D6D
FFFF2822
0000D833
0001FFB0
0000963F
00008982
FFFF7B02
FFFFF7D1
0001CECD
FFFE22FE
FFFF411A
FFFFFA6A
0000E179
FFFEA941
FFFFBDD1
FFFFC447
FFFF1B27
FFFFEA01
0001DDDB
FFFF0D77
FFFD6A97
FFFFF0ED
FFFF5D7D
FFFFA802
FFFFF31A
FFFFC79F
FFFFEDE0
FFFE0137
0001C365
00006FA1
FFFF5C6C
FFFDAC13
FFFDB427
000120ED
FFFF349A
FFFEBD95
FFFF8839
FFFD4BDF
FFFF7D39
FFFEE9A1
00010500
FFFF3743
FFFEC94B
FFFF5DD8
FFFF2CDC
FFFF5841
0000F171
FFFF1F03
00005501
FFFE8CD2
FFFF9165
FFFE2DCE
0000E759
FFFEE907
00018E9D
00016210
0000FF13
0000F758
00003F2E
000084F9
00002E84
000010C6
FFFD84AA
0000C126
FFFE6AFD
FFFF3588
000009BB
00001818
0000A073
00003D94
FFFFC1B6
0000CC86
0000BECC
FFFECDB1
FFFFE492
FFFECCB7
FFFF02D2
FFFFF7FC
0000752C
000142BE
00001EEA
FFFF880C
FFFDE79A
FFFED6F4
00002FEB
00008CE6
00008AE8
000094A2
FFFFD2D6
FFFF81F7
0000A47D
00032660
FFFE1658
FFFE9A00
000108D4
00001F56
FFFE8C63
FFFE67B7
FFFE74A5
0000F969
FFFF7D6F
FFFD1C69
FFFFF6F2
FFFEF5D1
FFFDB129
FFFF1D0B
FFFF1918
FFFF0CC4
00005089
FFFF16AD
FFFED065
0000D067
FFFEBA38
FFFFC84B
FFFF67FC
FFFD2C1B
00025D90
FFFECC2A
00026D62
FFFC54D6
FFFD3445
00020637
FFFF9B37
00003C62
FFFF056D
FFFEAD5A
FFFF82D4
FFFF1D16
FFFCE105
00002CED
FFFF28D3
FFFE6385
FFFD1855
FFFD925B
FFFDE627
000011B2
FFFFF686
FFFEAEA4
00003924
FFFEFFC7
00014990
FFFE099C
FFFFBAD1
00001727
0002F4D6
00021CBC
0000006C
000001B9
00004CA1
FFFEDBC2
0000ECD7
0000192F
00037E59
0000BDF2
FFFFFD38
FFFEC6F6
00029441
00001B58
FFFFDC79
FFFCD0B6
FFFF122C
000228E5
00015F1C
FFFFC9D6
FFFE04CA
FFFC8CE1
FFFE1212
000027EB
FFFE6429
FFFDC692
00009C18
00028658
00021747
00007CBE
FFFF475F
000064FB
0000291D
FFFF7050
FFFE0B8E
00019735
000181C9
FFFFBD9C
FFFEB610
FFFE9DBD
FFFE6BB2
FFFFE537
00024102
000062A1
FFFE4075
FFFE2CDB
00015419
0000006E
00025E64
000148E4
FFFEDBFC
FFFE8E6E
0000E22F
0000D5ED
FFFE9671
FFFEFC45
FFFEF76F
00025905
0000C9E5
000028C2
FFFF851D
00016701
0001D7C9
FFFE5E07
FFFF0B66
FFFE6F75
FFFFC5FE
FFFFFB20
FFFDAC3F
FFFF3D0E
FFFF9124
FFFF4D06
FFFFCFE5
FFFFC3C1
0001E195
FFFF7867
0000FF94
FFFD83E4
FFFE7FDE
FFFFFD3A
00028E0D
0000DB39
000074F8
FFFD4ACB
FFFF6EFF
FFFFC86B
000337E5
FFFF2CCB
0001463E
000250CB
00001632
000269E3
0001C584
0000CB98
FFFE70E4
0003899F
FFFFF2FB
00004159
FFFF4AFC
FFFEBDB9
00007433
FFFDFBC1
00001283
FFFFC7AC
FFFFCBB8
000281A0
0001F539
FFFEA73C
FFFDA6E1
0000AF1D
00025FFF
FFFFE8B2
000061F8
FFFF2637
FFFF4EF7
FFFF3214
FFFFF532
FFFFA0CB
00014967
00011A37
FFFF7F4D
FFFEBA25
00008414
FFFFE618
000180BD
FFFF8D74
FFFD3F08
FFFDEB74
FFFDC1B9
00019E47
0001B21C
0000E660
0002D95B
00011748
000092F0
FFFF7F2D
00018E00
0001FDC2
FFFF9DA3
FFFF6FA1
0000DA40
FFFFDE09
FFFF61BD
000110CB
0000EE57
00027A34
000058EE
FFFEA5BD
FFFF069B
00027EF5
00003E6D
00020650
00014CFE
FFFFA196
FFFF3116
0001EC5D
0002632A
FFFF7F3A
00017AAB
FFFFF6F2
00003851
FFFE9FD2
FFFFC139
0000703E
0000567B
FFFFB868
FFFE6119
FFFD16ED
00000E46
00005F73
0000FA2F
FFFDAFC7
0000A67F
00030552
0000180A
0003284E
000006EB
00000B3C
00002A14
FFFEAD2F
FFFF6BC0
FFFF3889
FFFFD3A3
FFFECABF
FFFD4998
FFFF4581
0000770A
0001445E
0001721C
0001F3EF
00003589
00024BF2
0002EC93
FFFF1C0F
FFFFAFE8
000106D8
00013989
FFFF4365
0000D1B5
0000C10A
00004532
FFFF9116
FFFFB775
FFFFB2E9
FFFF2758
FFFE272E
FFFF716F
FFFF0DE0
FFFF5C84
0000DC24
000159E9
0001618D
FFFF6D0F
FFFF005A
FFFFC656
0001FEFD
0002900D
0000D727
00012A00
0000B323
00008EBB
0001AFD6
FFFD621C
FFFDFBCA
FFFFF015
FFFEAE45
00019CB0
0001539D
00021B3B
FFFED8D4
0000C2A5
000067DF
FFFFE57D
0000710E
FFFF5F0E
00015251
FFFDD82B
FFFF1955
00013342
0001863D
00020AAA
000089D4
FFFED83D
00001A31
0000C2A2
FFFFF726
0001A09D
FFFFFCEA
FFFDF56D
0000E445
00006921
000268E5
FFFFE5C6
0001361C
FFFFE7FC
FFFE6124
00004512
00007B27
0000093E
FFFF89AC
FFFF1ABF
00021548
0000CCEA
0000232D
0000AC10
0000AE73
00021875
FFFFC184
0001F149
0000D707
FFFEF61B
0002AEC9
FFFFE174
00012AE3
FFFDF5F5
0000909F
FFFFCA3A
0001D64B
FFFF0A47
FFFE83F4
00002BBB
000202E7
00022272
0000FA3E
FFFFAE5B
FFFEE97A
FFFFB862
FFFE32E9
FFFEC54A
00013DFD
FFFD4AAF
000178D5
0001CA13
FFFF2C15
FFFEB291
FFFD3593
FFFECFB6
FFFFB9DD
000081E9
FFFDEC35
FFFFA71C
0001ADB4
0001C46F
00001EEE
0001664F
FFFE59F5
FFFD5C5F
FFFDFF77
FFFFAB3A
FFFF58D6
000006DD
000064DF
00021360
00007197
00017CA3
00004C20
FFFF6B0D
FFFF8578
000148DC
0000EC2F
00016E20
000039CB
00006BF0
00012B86
FFFE8EBB
FFFF1B68
0000BD46
FFFF6114
FFFE9AB7
FFFE9E3D
FFFF11C5
FFFEF12A
FFFF8DE3
00000FF4
FFFF3347
FFFFCEF3
FFFFAF55
FFFEF976
FFFF1FC3
0000B180
000119B1
FFFE2D2F
FFFF2D75
0001C9F7
000276FA
00007C4D
FFFFD94B
FFFEFF64
FFFE710D
FFFD7028
FFFE8DEA
FFFE3F44
FFFFE9AC
FFFFA4C8
FFFE134A
FFFF8C90
FFFCCDB9
FFFFFDAF
FFFCCCE7
000094BD
00001C2C
00003D59
FFFD0AD1
00010D7F
0000E16C
FFFF8A54
FFFF4A42
0000C65B
FFFFB004
000048AA
0001CCE0
FFFDF77B
FFFF754A
FFFDA728
000026D5
FFFEF816
000004FF
0000A1C4
FFFC740D
FFFD2F31
FFFF424C
000098BB
0000019A
FFFE49A1
00000DEA
FFFF7C51
FFFDEBC6
0000110D
FFFE2A90
FFFDE000
FFFF9A37
00013CEF
00000FD1
FFFF64B4
FFFFC821
FFFFABC6
0001647B
00000E30
FFFFB849
FFFF5B25
00005169
000109E7
00009331
0001AE40
FFFDC7E6
FFFE1F4A
0001C035
0002B8E6
0000DB1F
FFFF9E6C
FFFE4CF0
0000BAE9
0000B48E
0002C06B
000058E1
00006C50
FFFE391D
0002BFFC
00042652
000344A1
FFFEADFB
FFFF4B30
FFFEC06B
000303F8
00028FD5
FFFFABAD
FFFEB5ED
FFFDEB71
FFFE73DD
00034160
0002C8C5
0001E57A
0001E47C
FFFFC056
0002755B
00013590
FFFF938D
000349B4
FFFD636F
FFFE786E
000141FF
000179E6
FFFF0301
FFFECC49
FFFE8B69
FFFF022D
FFFDAC9C
FFFD21BC
00016F94
FFFEF143
0000DAC5
FFFCD0BC
FFFEF13B
FFFF0EE2
000084D3
0000EF51
0002A237
00000346
0000A207
FFFF49EF
FFFF01F2
FFFE3F9E
00002EC7
0000FB00
0001C5E8
FFFDF344
00015FF2
0002A0BD
0002FD3E
00031088
FFFF9DFB
FFFF851B
FFFF5995
FFFE326E
000266E8
00012398
FFFFAA5B
00018BC5
0001F9FB
FFFE2730
FFFFFA37
00035264
0001B323
000107E4
00029FB6
FFFFAA9A
FFFF0D78
0000328C
FFFE4007
00005E26
00015CA9
00031AB5
FFFE2EA7
FFFF4770
FFFC1D70
00002C21
FFFC7EBF
FFFEA6F9
FFFF9C88
FFFB8BE6
FFFF4C6A
FFFDFB22
FFFE8FC0
FFFF4765
0000BCFA
FFFF131B
00006EAD
FFFF2B16
FFFC6757
00008520
00007670
FFFFA4F9
0000739D
FFFF9304
00002257
FFFEB44A
0001AA43
0001CCE6
0001C1F9
00032C16
00005CD3
FFFDBE39
FFFDFBBC
FFFFC5F9
00015973
00021E88
00025267
FFFEA2C8
FFFD8E87
0000D1D5
FFFCBAEA
FFFE7859
FFFBD266
0000BF37
FFFF27E3
00013627
00002AF5
FFFDB48D
FFFE752F
FFFEF9AE
00012A1D
00027503
00029F5C
FFFF54D9
FFFDB836
00016B6D
FFFE378E
FFFFB31E
FFFEE0D7
000391C6
0000C9F5
000273E3
000042D4
FFFE369B
00010645
0000C722
FFFF8583
FFFD523A
FFFEDD52
FFFD812E
0000C174
FFFF3AE3
FFFE60B2
0000BD84
FFFE7F81
FFFF7967
00001EBC
FFFD8F63
FFFFD365
FFFE616B
FFFE9F90
FFFEDE61
FFFF33F1
0002B490
000186B8
FFFFA947
00016FC4
FFFEFDEA
000286BF
FFFE12AB
00016EA7
FFFFA3CE
FFFF4A2A
00004913
000258B0
0001685D
FFFFBEF6
FFFE7911
0002669A
00026C3B
00017D89
0000B64D
FFFFE6F2
FFFD6D11
0002AEF7
FFFCC34F
FFFE1A83
FFFD54FC
FFFD767D
000062F6
00003078
FFFEF9CB
0001248C
FFFD6285
00012EAF
0000BA27
0000F5D9
000046A0
FFFDFE1B
FFFE33FC
0000BE5D
FFFDCC81
0000D9F0
FFFFEFC8
0000CC7C
0000D132
0001A905
FFFED2B3
00015CCC
000251B0
0002E3A8
0003E53D
00011AAF
0000DA3B
00023D22
FFFF03A6
00025BBC
FFFDC757
FFFFBC9F
FFFCF527
0000CFB7
000095FC
FFFE12EC
FFFEA9D4
FFFE1E6C
FFFF453C
0001CDDF
FFFF137C
00029C80
00007296
00006F24
00005E60
0002CE21
000022E9
FFFE6EB9
00021A17
00002799
FFFF81D4
0002EFC1
00021EEB
00008C96
FFFFC441
000274AD
FFFEE748
FFFBD1BA
FFFCD0AE
FFFDC408
FFFE52CB
0001F186
FFFF069C
FFFE8C9F
FFFDAD9B
FFFD7860
00011F5E
FFFE2858
FFFE5CE1
FFFE7322
FFFFEAEE
0000667B
00000AAF
FFFE001C
00003F01
000173AF
FFFE585D
00009F89
FFFF6F95
FFFE22BB
0002D8BC
FFFF1A11
00002781
00022569
FFFF659F
00011B95
0001F42F
FFFEDF91
000199C2
00021990
FFFE0685
FFFE20CF
FFFF3FC9
0002D25C
00024C63
FFFEF476
00008E1D
FFFFF1A6
0003A727
0002DB90
FFFF1D21
0002C8A7
FFFE421A
00012A99
FFFE09FB
FFFE48E2
FFFCE138
FFFCDDE7
FFFFFEF9
FFFE83E3
FFFE3532
000184E8
000390D1
FFFFAE88
00038BCC
00027E18
FFFF9515
000045CE
000284B4
0002F587
00008163
00020538
0000818D
00020E18
0000B97A
000134F2
0001AF1F
FFFFD2A5
FFFF7B33
000022A1
0001ED7D
FFFF521F
FFFFD560
00017EE1
00034CD9
FFFFD596
0000CFD7
FFFFDD2D
FFFE8ACE
FFFFDB97
FFFE9619
FFFDB8C0
FFFC5E3B
0000D729
0002234C
00011203
FFFE8E46
00020F7B
00031D57
00023DCF
FFFEDC82
FFFF8B53
FFFF91C2
00009BB4
0000A2D2
0002A0FF
FFFECB4A
FFFF7E53
0001E5E6
FFFFDA90
00016EE7
FFFFD754
0002C30B
00006898
FFFE442B
0000BFAA
000337BD
0002456D
0001E597
00016237
0001F80B
00027FDE
FFFF6DD6
FFFFAC09
FFFFA319
00000820
FFFE4117
0000F581
00007B5D
FFFE2124
00003AB1
FFFD2CCD
FFFF5286
FFFE974B
FFFE819F
FFFC4CAE
FFFEA491
0000665B
FFFE224E
FFFE55D2
FFFF91E0
0000B10C
FFFE6194
FFFEC5F6
FFFF5ADB
FFFF290C
0000A693
FFFDD161
FFFF0197
00009828
FFFDB857
FFFDD443
FFFFAC59
FFFD5234
00025068
00023855
0000A6A9
FFFDFA77
FFFCE874
FFFD947D
0000E0D8
FFFF12C4
FFFEEFB3
00009963
FFFE3E44
FFFF35D2
00017394
FFFF656F
00016E53
00019B77
00035C3C
0003566A
0002A657
FFFE8503
FFFEAD59
00017BE4
00043253
FFFFDD7C
00013E31
FFFCC9AD
FFFE69B6
00007075
FFFDBC48
00007663
FFFEF3FF
0001925C
00020834
00002931
00014F14
00012130
00028E23
FFFF773E
00022814
0000E3BF
0000BECD
FFFFBDE9
0001850A
00019D79
0003FDE1
FFFFB456
0003BF00
00019ED9
0000268B
00000D47
00033B52
00028B75
FFFFF053
FFFFEFAD
00024A9D
00031414
00034860
0001CC58
0001E235
FFFEF132
FFFD590A
00028FD8
FFFF0976
FFFFB43E
0001A973
FFFE2856
00001325
FFFFBE5A
FFFFA361
FFFE9903
FFFD4759
FFFF7BFF
FFFFFAB3
00019C5D
0002582E
FFFFDB0E
FFFDD8FC
FFFD0117
FFFD6685
FFFE4303
FFFCE3BF
00007737
FFFF7567
FFFD7FC4
0000E71F
0000BFAE
00001F0F
0000F7EA
0001DEBE
FFFE5A39
000150D4
00023F99
FFFDD456
0002772F
FFFFAA26
FFFF569F
FFFEC792
FFFD28EC
00002C53
00009BFD
FFFF79CA
0001C33B
0000F3E2
00002885
FFFF5420
FFFF81C8
00012469
FFFE665C
0000D3CC
FFFE511E
FFFF869F
FFFF5CF5
00015477
0001A81F
FFFFFC78
FFFF440C
FFFF9082
000008E2
000230BA
00015C79
FFFF6E82
0003FB04
0002CBEF
0000757A
FFFD2E48
FFFF726B
FFFEDE0A
FFFFCFB3
FFFE375B
FFFDCB95
FFFE4C5D
FFFE068F
FFFF365E
FFFD56BA
0000BC0F
FFFF9FC0
FFFF4044
FFFE548C
FFFE0F81
FFFF6E76
000034EB
00005D1B
FFFFAB7A
00027428
0001DF37
00031F10
000234C6
FFFE49C8
0001EF87
000257D4
FFFE4FA8
FFFFC0F0
FFFF7CF3
0002F903
0001B8C0
00024A99
00016F3D
FFFE4236
FFFE1F54
FFFD204E
FFFE0267
FFFD2458
000104B4
FFFD5D1A
0000A7A0
FFFD564C
FFFF1E9D
000065E2
0001B8D3
0000743A
000120B7
FFFE090D
FFFD4353
FFFF3146
FFFED2E4
0000793A
FFFF0DCB
FFFFC6A9
000141D6
0001046A
00024375
FFFD3C26
0001403D
FFFF3EB9
0000B008
FFFF286B
FFFEAE04
0000D59A
00021853
0002F5BE
000256B0
0000AB68
0000A860
00022D6D
FFFFDD57
FFFEA6CE
000151DE
FFFEAE4B
FFFFB6A9
FFFE9368
00015231
0000EAAD
0000F6A6
0000EB2F
FFFF28BE
0000BCA6
FFFF8F7B
FFFF71BA
000108D5
0000B63B
FFFD38AD
0000D3CE
FFFEEE0D
FFFEF239
FFFF1B85
FFFF0115
FFFF705A
0001276E
00007A6E
FFFF8FAD
FFFFCD09
000179B2
0000918E
FFFEBCB4
FFFEB6CD
000137A6
0001E380
00001206
FFFFAC41
0000327C
FFFF07FF
FFFEB6E4
00013449
FFFF5EAF
00003F60
FFFC440E
0000C271
FFFF4AA3
0000E3F5
FFFF3116
FFFF80A4
FFFF429B
00006709
FFFEDD98
0000DD56
00006877
00007815
00019457
0001252D
FFFDD97B
00007BCD
00002A1D
00017A11
FFFFBD23
FFFFB875
0000D0C7
0000BD9A
FFFF934A
000134E9
FFFF98A6
FFFE7477
00008B22
00000E71
FFFFDADF
FFFDF920
00010EDE
FFFDE9CB
FFFE51D8
FFFE77AB
00011647
FFFF78CD
FFFDF781
000047EE
FFFDA9BC
FFFD9223
FFFC4762
FFFFCC5E
0000DF7F
FFFD4C6F
FFFDEEE4
FFFFD937
FFFC9A20
00001368
FFFF74DE
0000E227
000149DF
0002C383
FFFF0DBB
000002FC
00024337
0002A3D3
FFFEBD1C
00004AD2
0000D796
00025884
00018F43
0001C96F
000039E7
FFFF4F2A
0002C302
FFFFBFF0
000134DC
000376CA
000139A1
00004E3C
0001912D
FFFF141C
FFFF0138
FFFDB0F5
0000AE39
FFFFB041
0000E5A2
FFFFAA60
00026EBD
00017D39
00004FE9
FFFFA5AA
0000263A
FFFF4FCC
FFFE9313
FFFD935C
FFFDA9D5
FFFF82D5
FFFF806A
0000F08C
FFFE2532
FFFFD969
FFFF66C9
FFFCCEE3
0001A18C
0002E0C7
00001E52
00029CC6
0001AB9D
0000AE05
0002241D
FFFE70D2
FFFE1E17
0000BC66
000126B3
0000054F
FFFF14CE
FFFF0AF4
000166CB
0001B521
000051D7
FFFFD523
FFFF74B4
00021F4F
FFFFC033
0000C62D
0001D841
00006B1A
0000B23A
FFFF3C8D
FFFE1DAC
0000EBEF
FFFE4866
00020A19
FFFFD07B
0000CE84
FFFF8D84
FFFE9403
FFFF3B73
FFFDFAB4
FFFF7A44
00022502
0000A9D6
00004524
FFFE7277
FFFF6DFB
000186E3
FFFFB03B
FFFD9182
00012BC3
000254FE
FFFF97D7
0000D427
0000DE51
0002F5A4
0000A8EA
FFFF775C
FFFF7C15
00002616
000318FF
00001229
0001958B
000073A9
FFFE7255
00003F7D
00001800
000160B3
00032855
FFFF1BB2
FFFEBF34
FFFF4B86
0001173F
00017AB8
FFFEF032
FFFE84E2
FFFEA31A
FFFF3BF1
FFFE626E
FFFE4659
0002A853
FFFF54A5
000005E4
FFFFC2DE
FFFFE5E3
0000D4EE
FFFE0159
0000402D
00011A64
FFFD6604
0001AFC2
FFFD345D
00006168
00019D37
FFFEECA0
00014ADC
FFFE2501
00028772
FFFF121E
00011591
0000F44F
FFFF5CBB
FFFF586E
FFFDC873
FFFE8D76
FFFF8CAA
0000BDB1
00004E0F
FFFE30A6
0003DCAB
FFFDDFF7
FFFF9A8C
0000E8A4
00006419
00000E4D
0000D87E
00006047
FFFCE530
0000D19A
FFFD5854
FFFE0C36
FFFF560F
00019CF7
0000385F
FFFE6306
00003810
FFFDC11A
00008F4B
000211BF
0001235E
FFFF52F9
FFFDA894
FFFDA381
0003602C
00016AD4
00004E67
0002D861
00025658
FFFFD5A1
0000EE78
0001060C
000280E1
FFFF4236
000179D8
FFFF3C26
000103FD
00010BF6
FFFE960E
0001721A
0000A0E4
FFFFDD65
00008C21
FFFE7517
FFFDB217
00019998
FFFCF627
FFFEB070
FFFE98BE
0000213F
00010C60
0002186C
FFFE8D58
FFFE424C
000272ED
FFFFB606
0001B150
00012FDD
00000C25
000183C7
0002352B
0000F47C
0000DAD0
FFFE274A
0001F576
0001CEE1
0000978C
0000447C
0001D156
FFFEC0C6
0000FF32
FFFE7E02
0001F07E
00024DDF
FFFF7A90
0001380B
0000799A
FFFDA168
FFFEC272
0000FD13
FFFDDF4F
FFFD62A3
FFFD1C68
000016C3
FFFEACC6
00000648
00008347
0000A0B0
000084B0
00034057
FFFDB483
000178B0
FFFF2BBE
0001B5EB
00009A7A
0001C10B
00002DA9
FFFF3F11
FFFD5705
00006EE0
0001A93C
FFFF2B5C
00016F30
0000F346
00019277
FFFE5A83
FFFF5422
00029080
00009F44
00045E35
000278B4
0002982E
0000A5B6
00022703
FFFFF473
00013E8A
FFFFE2ED
000024F5
FFFF2AE7
FFFEA9C6
000052F2
00001A19
0001FBC1
00014EC5
0001051F
FFFFC9BD
FFFF844D
FFFFA09C
00002C67
00027A71
FFFFB148
000055A9
FFFEA8F4
00000BE2
FFFF077F
00006BB5
0002ACCA
0003AA09
0002E032
FFFF9834
FFFF4B37
000061F5
0000BC91
0000F484
00011D9E
00008C4A
00019018
00000DCD
000085AB
000040BE
FFFC8F53
FFFE9B9C
FFFD2D78
0001B320
FFFE1105
FFFFAE0D
FFFDFA92
000110F2
00000B8F
000161EC
0000D0A8
00019919
FFFF0DFD
00005314
00005D43
00020C3E
FFFFA714
00032234
00009827
000110B0
0000F9B9
00001A19
0000E939
FFFEF4BA
00022996
0001DF3D
FFFEC891
00028238
0000892E
FFFF072B
0001140C
0000F1D2
0000819C
FFFF3127
FFFF9850
0000CBBC
000250DE
00003EEB
00014F71
0001CF6B
0001AD60
00032EA8
FFFF477F
FFFF9447
FFFF155E
0000CC4D
00007D15
00019F15
00020AC0
FFFF8D09
FFFDC244
00017847
00005E7B
0000ADC3
FFFF753A
000154ED
FFFF0EEC
00032EE6
0002296F
0000D4D0
FFFFBE7C
0002ABEA
0003F139
00007CA6
FFFF5C3F
FFFF369F
000207A4
00017B0B
00025ED2
FFFFD38E
0001BAE1
0000060B
FFFD8323
FFFEA4EC
FFFE589C
000170A0
0002823E
FFFEFC32
00011F52
0001CEF9
FFFFE806
FFFF992B
00016876
000017E0
00007198
0001BB1C
00030325
000241C4
FFFF8538
00023A0A
00005DA9
FFFFF747
00012A39
0000E9D5
FFFE2AC0
00020ABE
0000EBBA
FFFE0B43
FFFFFE19
FFFF6E90
FFFFFF69
0001C950
00002CDC
00009575
00017F79
FFFD99AE
0000839E
FFFDB3A8
FFFD7FCB
0001E113
FFFDDD10
FFFD9D3F
FFFED1D0
FFFED14B
00018F4D
FFFE8CFD
00015799
FFFF7DDC
FFFE0637
0000731D
0000C93F
00003C06
FFFE134C
FFFDFDC4
0000C92E
FFFEC11E
FFFCE1B8
FFFD42EF
FFFE32A6
000180D6
00000DF6
FFFEB8B7
FFFCF34C
FFFF86C5
00012CA1
FFFF78E3
FFFEF5CE
FFFD6011
FFFECD62
FFFFB07E
FFFE2F03
FFFD445F
0001A776
FFFE04EB
00013E88
00033E93
FFFEFF54
00009FB9
00002448
FFFEF347
FFFFEEF2
00019C1D
00018D4A
0003D4C8
0000A58E
0000CDDA
FFFF6604
FFFFFEEF
0000646F
0000AABA
FFFF14F8
000081D8
0002B693
0000FFEC
FFFF99B4
0000BB81
000154AA
0000E953
FFFEFE31
000292FC
FFFDC0F3
00002B07
FFFCF116
0000AB7D
00015936
FFFE2257
000085C5
FFFFA397
000019BB
000097DA
0000255C
00007B85
FFFD04D6
0000CBD8
FFFE44FB
00008C97
FFFD4616
FFFED81B
FFFEFAE5
FFFEC2DE
FFFE1894
0000FB25
FFFD8711
FFFEA79F
FFFFB28A
FFFF3E11
FFFB71AC
0001C2DA
FFFED5D7
0001CC54
FFFEAC91
0000412B
FFFE4328
000245C2
0001E90E
FFFF28FD
FFFEF193
00012B6F
00001B71
00014516
FFFFB14E
00003410
FFFE8C97
FFFFB73E
FFFFBAD1
FFFE0AAA
00008B39
FFFFA1D3
FFFD6317
FFFD2EA7
0000BEBC
00009D8A
FFFD2ABE
FFFD91CA
000363C0
0002671F
00023DC2
FFFF999A
FFFE465D
00010CF8
000042F0
0001740D
00000040
FFFBFF1D
FFFDDE32
FFFF45BB
FFFEC0C0
0001696B
FFFF9900
FFFE5BF9
FFFEAFA4
FFFF7BC0
0000C4E1
000148EA
FFFE8D27
00008DB2
FFFF12C0
000074A7
FFFD8938
000081A7
FFFDF96C
00012954
00015056
000099B6
FFFF0303
FFFF75EC
FFFE9F3F
FFFF7499
0002A7E0
FFFDFFB3
FFFF1B65
FFFEB47F
00003632
FFFEBD8B
FFFF5F9C
FFFF93BF
00004D69
FFFD6A6A
FFFDF161
0000BE46
FFFCB44F
000146A8
FFFFB842
FFFE0970
FFFEE655
0000A160
FFFE9FD9
0001B1EE
FFFE31C1
FFFE801F
FFFEA677
0000FEEC
FFFEE6D2
0000FFAF
FFFF3904
FFFE68DA
00012885
FFFF2C3E
0000D04E
FFFD7EA6
FFFEF1E1
FFFD4350
FFFBD984
FFFFB7A1
00006A35
FFFE4186
00001005
00011010
FFFEDA42
0000B918
FFFE7F33
00000312
0002489A
0000CB8D
FFFE15AE
00012587
000071B4
FFFE0123
FFFEC372
FFFEC5F0
0000FCFD
FFFE0B33
0000D31A
FFFDE74B
0001D4EC
0000EB2A
000031ED
0000EC7E
0001D6DE
000219B5
00027540
FFFF0B4B
FFFF5EA2
00003DE3
00003DE9
00015B02
0000FBBA
FFFF1752
0000B561
FFFD094F
FFFF635A
000008F2
00029B50
0001DE97
00005A8C
0000560E
000009F9
0000E3EF
0000421F
FFFE8269
0000D348
FFFF3607
0001E3D3
00004BF5
FFFF3C56
00013859
00007D68
0001D5B5
FFFFBC71
FFFFC7F1
FFFF778B
0001C12B
00025AF3
FFFF24F0
FFFF2A62
FFFF2CB2
FFFE11FB
00006C0C
000179BF
FFFE58B6
FFFF4313
FFFD93BD
FFFF8331
FFFF645A
FFFDC707
FFFF3B31
FFFE909F
FFFE3173
FFFFFF7F
FFFF4CB3
0000773B
FFFE90FE
FFFF0BC5
00002F3F
00002781
0000412E
FFFFEDA3
FFFF964F
0001D6B2
0000B6D8
0001778F
000186D0
000126CE
0000655E
00025603
0001193B
FFFF3816
FFFF13BD
FFFF4BBB
FFFF03F1
0000A221
FFFC9B87
FFFF0011
0000D144
FFFFF686
FFFD928A
FFFF0114
00000933
0000B935
FFFFF6EA
0000EB6A
0000E934
0001C37A
0000CD95
00006A1F
000159CB
FFFE98B6
FFFF016E
0000FB08
00007290
FFFF80BB
0001CE37
00015CB1
FFFF8282
0002AE21
00020A85
000152A2
FFFF4127
00010342
000025B6
00021A72
FFFF9EC1
FFFFF3A6
0000CDD1
0001C057
0002222C
0001917C
00031620
FFFEC764
00001C39
0002DCFE
00027F4B
00012DE8
0000BEFA
FFFF11FC
0001C8A8
00027130
00016D66
0001A0F7
000189A0
FFFEB821
FFFC4865
00004BAF
000014F5
000282E2
0000D8CA
000007FA
FFFDC3A3
FFFE76D9
000078A2
0001D04B
00022938
0001790E
0000C0DD
00016F76
FFFE8D67
0001D94E
00003F04
FFFF57F1
FFFFD7CE
FFFCE580
000014AC
0000E058
00012C36
0000DFF2
FFFD82D4
0000463E
000025CE
FFFF4D28
00003EBE
0000C921
FFFF2DB4
FFFF209E
0000A1F6
FFFFFD0E
00019114
FFFE9EFA
00012A90
FFFF6422
FFFF89A6
00019E43
0002C6FE
0000BD5F
FFFFE4E5
000046E1
FFFEEF2B
FFFF63AA
000119BD
0000CDB0
0000903F
FFFFF2ED
0001867B
0000629B
0001E076
FFFF34F8
FFFF6071
FFFD52A3
00028F16
FFFF2743
FFFF7735
FFFE24CE
FFFF5D46
0001FB41
FFFDEB7F
0000E6B7
FFFEC2C2
FFFFE4BB
FFFDD367
FFFCE965
0000CE0D
FFFECC22
FFFE49F3
FFFF759F
0000031C
000249FD
00011B07
FFFEDC3A
000131D1
00008333
FFFFE234
FFFF3A1B
FFFEDC66
FFFC0AFC
FFFF27AE
FFFCDAD8
0000806C
FFFF0210
FFFD8087
FFFDB031
FFFCE4C3
FFFFC1EA
0001755B
00008DCB
00021585
00023387
FFFF80D5
00002E25
00018607
000132F6
FFFE9AF9
000079FC
0000A63B
000009D7
00003877
FFFF7604
00023C25
0000A69F
FFFEA80F
FFFEA4FB
00005D37
FFFE1348
FFFFC82E
FFFEC0E6
000169F9
FFFE492F
FFFF8AE9
FFFF8A5E
FFFE4AE9
FFFFE977
FFFDF5C2
00014116
0000D027
FFFF0B8A
FFFCFE97
FFFF4748
FFFCB537
FFFE52C9
00005629
FFFF0D4C
000009F7
0001544E
0000EF98
00029412
FFFFF338
FFFEF62D
00002274
000048CF
FFFE9B8E
00002DFA
0001234B
0000FFA7
000046DA
0001861B
0000C6DD
FFFF3B38
0000BBBF
0001503B
00017FD3
FFFF9DC7
FFFEEEBB
000089C1
0001177A
0000584C
FFFFD890
FFFFCE2E
0001851B
00007F7B
FFFDBDA7
FFFFB4DF
FFFEF967
FFFF06D6
FFFFBEA6
0000E8AC
0002F128
000104F9
0001A597
00005075
0002A76C
0001AC89
00016185
0002227E
FFFF81D2
0000DC90
00013ED9
00009B78
FFFE20F6
000153D3
FFFFBF49
FFFE609B
0000DC85
000164F7
FFFF67AB
000076D7
00021496
00005877
FFFF71C1
0001D492
0000D8C2
000022CF
FFFE3096
FFFD188A
00001892
FFFF5A6B
00008605
00017C83
000092E4
FFFEE214
FFFDC02E
00002188
FFFF01A0
FFFED539
FFFD81FA
0000EFE5
FFFF14A6
FFFE3833
FFFD4308
FFFECDCA
000070AB
FFFE7197
FFFE475A
0000C470
0002D342
FFFFCA3C
000311AE
0001F33D
00014F77
0000BF9C
FFFE181D
FFFF24E9
FFFD1FAB
FFFE8125
FFFEDCD8
0001469E
FFFE1AAA
FFFE4339
FFFF7641
00009D55
00012074
FFFFD404
FFFF330B
00005502
FFFED901
FFFE84ED
FFFFD12E
FFFE3477
FFFEAFE3
FFFE8BFC
00013476
FFFF9AC0
FFFE8078
00011172
0001BFCB
0000D1F5
0001C7F2
0002C3AA
FFFFD1F8
FFFF92A2
0000EE21
FFFFF3C7
FFFD44D6
FFFFFCCA
FFFE4F95
FFFF73E0
00027369
FFFFCF08
0000F227
FFFE3E4C
FFFE84AE
FFFEE5B9
FFFE3389
0001F99B
FFFF91CC
FFFDF57E
FFFECA7F
FFFFFD1A
000170A1
00028C23
0000387C
000081BC
0001A0CD
FFFDEC66
FFFF0399
0000B6EA
FFFE33A8
0000D9CA
00000161
0000230D
0001BAC9
00000BDF
0000C66B
FFFF81FA
00019D3A
00042B29
0002B1FA
FFFF2F9F
0002B9F3
0000964D
0001E52D
FFFF2C0B
FFFE5B4C
000056D5
FFFF8817
000173F7
00016D5F
00012486
FFFDEA42
FFFEE757
FFFE50F2
0000C155
0000563D
0000C92D
FFFE8951
FFFE8BD4
FFFEEF17
00008D58
00010B24
FFFEE6C9
FFFEE779
0001BAF4
FFFF7249
0000B67A
0000EEE7
0001B93F
00028BFA
000272A6
0000386C
FFFF485D
0000EBB5
FFFF2381
0001F605
FFFE567B
FFFF2736
FFFFB27E
00003194
FFFECAF6
FFFCBFAE
FFFE2075
FFFE783F
FFFD6BE8
FFFD7F9B
FFFEDEBB
FFFEF698
FFFF1808
FFFF78E9
0000B0AA
FFFF1181
FFFDC474
00002ED7
FFFD5DB8
FFFD787B
FFFDB7C2
00002963
FFFFFD0B
0002FEBB
000121BE
FFFFA9F9
FFFE16EC
FFFFACA1
0001F301
00015C8B
FFFE3455
FFFE4FAA
FFFC6A91
000078DA
FFFCC423
FFFCFF65
FFFF293E
FFFD2625
FFFF0657
FFFCB2DC
0000F4F5
0001F185
FFFFF658
FFFEBD0F
000073C5
FFFF65F3
0001B562
0001231E
00031A44
FFFBBF47
FFFF50C1
FFFDC396
FFFFCBA2
FFFF586B
0001808D
FFFDD638
0000225F
0000EB17
FFFF46B4
0001542E
FFFECA6D
FFFC8D8D
FFFD6C8E
0000C0EA
FFFD47F8
FFFEB8FC
FFFE1749
FFFEA5ED
00004307
00002C7A
FFFF9C79
000199C7
FFFE8FE1
FFFF7E99
00027674
FFFDDDB6
00009181
FFFDE84D
00023135
FFFEAE68
FFFD8911
FFFE91C7
0001D871
FFFF3071
FFFF1445
00023FD8
FFFD185C
00018755
FFFF8235
FFFEE5D1
00031208
FFFE8026
FFFE014E
00009FA0
0000F95F
00021E95
FFFE88C3
000025EC
FFFF9671
FFFF4DA1
0001AE73
000166DA
0000D746
FFFDE6A7
FFFDA23A
00000501
FFFFF856
FFFF8168
FFFDC9C0
FFFFDF5A
FFFD267D
FFFE9AC9
FFFF0287
00020C1E
FFFEDBBB
0000A620
00026F8A
00025EE9
000237E8
0000A3F1
000066C0
FFFDA52F
FFFC8BD9
FFFF6E04
FFFF389E
00004B53
0000C445
FFFE8976
00007A8A
FFFED44A
FFFFAF81
00006ECA
00008813
FFFE88BF
00007FDF
00017E7E
00019DE7
FFFFDFB6
FFFF6D0C
000021AA
000190F5
00027EE3
0000805E
00012917
0000D142
0001A582
FFFF7F2A
FFFF7658
0000F623
FFFFB751
000071EE
0000FF6F
000134CE
FFFF0453
0000449A
FFFD8A3A
00002C50
0000982D
00007B90
FFFFFE1D
000242B1
00008D02
FFFDE4C5
0000BE60
0000DD68
FFFE8427
000258C1
000319F2
00013ADB
000051E4
FFFF4AC2
FFFEE835
FFFDC070
FFFFC15C
FFFDEC49
00004997
FFFD57CE
FFFE4CC1
FFFE6901
FFFDF86A
FFFD961F
FFFE9F1F
FFFF2354
FFFC3BC1
0001C6A2
000270A0
000138E8
FFFF4FFC
FFFF1007
0001C401
FFFEEAB0
FFFE890B
00028457
000266B4
0000308F
00019648
00026F6C
0000379D
FFFF1B7F
00013B6B
00000602
00035F15
FFFEC0DD
FFFE185F
0000FE50
FFFDD78B
FFFF067E
FFFE54BC
FFFEEA06
00011B22
FFFE78A6
00009B16
00000856
00019A8E
000290D2
FFFEC7E6
0001B016
00012CFF
00010D4B
0002C436
FFFF7231
00001F52
FFFEB9B9
FFFE6346
0001E791
FFFDBD05
FFFFAA3A
00032D5C
FFFE521C
FFFF8C52
0000191D
FFFF2EBA
FFFF86C7
FFFFEB89
FFFE0E29
00009584
00020B20
FFFFB781
00001FE2
0001E769
000142F1
FFFE3F16
00001622
0000D67C
FFFE08A0
0001359F
FFFE8799
0002CFA1
00000721
000115D6
0001CA49
0001D437
00007CDB
FFFE6E07
0001F6C0
00011B8B
FFFE1AAF
000264F9
0000B24E
0001F00B
0002F943
0001BB7B
000164FD
00017832
00020A7F
0000611D
FFFEE0E2
FFFECF08
000252B5
000356C9
0000167E
FFFF4EA8
FFFDE0A7
FFFFF3FE
00007CB3
FFFF86F4
FFFF35B4
0000D094
00013E50
FFFDAD76
00004824
00010926
0000873C
0003DEB4
000022DC
0001E366
FFFFBEAE
00036056
0001CC8B
0000FB14
FFFFDBCE
00013F68
00003E3E
0003D4F7
000269E2
00035E08
0003BDFB
FFFF2B1F
000333FE
0003D4FB
FFFFB90D
FFFE87B9
00013543
FFFF05D0
FFFFC909
00004021
FFFF4580
0000ED44
000032D6
0001385D
FFFC6265
0001C9FD
FFFEC3EB
FFFFA320
FFFEA6F2
FFFFFEC0
00018063
FFFFF8EA
FFFF2BA2
0002B05D
FFFF7E46
00000F79
0002C48E
0001AADB
FFFF908A
FFFEAE1E
FFFE7E52
FFFE5A6D
FFFEAEF7
FFFF2FCF
00019949
0001BCEB
000238A3
00013214
FFFF037F
FFFD7824
0000697D
FFFEDF1F
FFFE40E2
FFFD774D
FFFD4A76
000058AE
FFFDEB11
FFFFB5AA
00001887
FFFFD65C
00007055
FFFE1DF4
FFFD5EAE
00007ADA
FFFFD05C
00008BCD
0000C630
FFFDBF5D
FFFF4950
00024439
FFFEF1B9
000011A4
0001E2DE
0002EA11
0000ED2A
00036E4A
00033E42
00014B2C
FFFE7B8F
FFFEABD1
00014665
FFFD8D2F
FFFF12A7
FFFEF122
0000C5BD
FFFDECE7
000171B9
FFFE462F
FFFCFE3B
FFFF103B
0000711F
FFFE6B24
FFFD55B7
FFFD195B
FFFF6300
FFFFFAFD
0001C0E8
0001A091
00026019
0002E872
0001CA1C
000127A0
0001FD46
00000A54
00036C86
0001A2D7
FFFF244A
FFFE8F25
00020DBF
FFFE2DBA
FFFDCA38
0000188D
00008582
00009CDE
FFFD2863
FFFF8143
FFFC9B20
0000A1A4
FFFEC809
FFFB8B00
FFFF6CC7
000087AB
FFFCC870
FFFE6099
FFFFDE56
FFFF2667
00029A4B
FFFD76A1
0001F398
FFFFD348
00002163
FFFEEC3B
FFFF49D8
0001206E
00004B74
FFFFC193
FFFE2ACE
FFFEF542
FFFFE527
00012E73
000103E2
00005267
FFFCB631
0000C6D4
0000276F
FFFD128B
FFFD8431
FFFC1068
00005399
0000E9E0
00020502
0002D75E
00037682
00037E87
0000E534
0000B827
00013AA6
0000EE3C
0002B5A3
FFFDAABC
FFFDF754
FFFE8C46
FFFF3D57
FFFE6808
FFFE220F
FFFC3E9C
FFFF9B72
FFFF22D1
00003A2D
FFFF133F
000285F6
0001F575
0000E566
00027C98
FFFE14A3
FFFFB55C
FFFFFA8D
FFFE5731
FFFFA490
FFFDD1AA
00000EE9
0001C7DD
FFFD2486
0001E359
0000A7A3
00007B65
FFFBDA24
FFFDDF84
FFFEF7D7
00002226
FFFE3BD2
0001130D
FFFE8F95
00007F93
00017901
000181CC
00005A8D
000295A6
0000DE43
0002D235
0001AD2A
FFFFFDB1
FFFF4DFC
0002C52A
FFFEDCC1
00007FAF
00019147
000244DD
000088D0
0001592B
0003057A
000102CF
FFFED6F5
FFFEF6B0
00009754
FFFF6115
000005E0
FFFC3C89
FFFDE58C
FFFD2051
FFFCA27F
FFFF6C1F
00000D75
000016C8
00023D80
FFFED19A
FFFE818F
0001C5E3
000040AE
FFFF74D0
FFFF7344
FFFFFDE8
0000E887
FFFED2D6
0001D383
000083C9
FFFF1AA6
FFFD6B4B
FFFDD190
00024065
FFFCAF2B
0000C418
0000962F
FFFD4A8B
FFFF3C9B
FFFFB087
00018CC1
0000AAB3
0001C373
00002476
FFFFC1F2
FFFD4AE7
0001D0B4
0003700A
00014E64
0001BFDF
0000AC13
00007AE3
0000ACA5
0000961A
FFFFC849
0000565D
FFFE56CE
000300E3
0000A5FB
FFFF78B0
FFFF27D6
FFFEFB1B
FFFDEE85
FFFC528D
FFFD95F8
FFFE7A0D
FFFF34D2
00022791
FFFCFD0B
FFFDFB11
000131B0
FFFEEF32
FFFE9274
00018A55
FFFF917E
FFFCA39E
00017455
0003B700
0000923C
FFFFAD8F
FFFDB6C2
FFFD919F
FFFD0134
FFFEAF39
FFFFFB90
FFFD8DAF
FFFCCCC3
FFFE53D7
FFFD6481
FFFFDD62
FFFC3C6D
FFFC23B3
FFFDEFD7
FFFF86CB
FFFE824F
FFFC0563
FFFBF124
FFFF1F58
0001A660
FFFF9B76
0000FFDA
FFFF3F9A
FFFF3118
0000B900
0000C671
FFFF4E19
0001AB3D
0002EC4D
0002D99A
00005CB7
00011417
0000D158
0002353F
FFFDDA48
00020CEA
0000D3F2
FFFE2B05
0001F1F5
FFFE8BEB
FFFDC7C2
0000C963
00019087
00017E5A
00001E44
0001AA18
FFFF0BAF
00003AEC
0001CD07
FFFF2F6B
0000A220
000137FC
00010A30
00012B75
FFFDCDB1
0000202C
FFFFCF0A
0000653B
0000A794
FFFDC172
FFFE0F85
0001C220
00011F69
FFFE7112
FFFC321B
FFFE9B21
FFFEB946
FFFD8943
FFFE8C5F
FFFD3F71
FFFF7C1D
FFFD3469
FFFEA660
FFFE2D5D
FFFEE07D
FFFFE30F
FFFF9279
FFFF3FB8
FFFEC1A7
0000EA24
0000B46C
00019C22
FFFD8CDB
FFFE7EAB
0000DED6
FFFEAE73
FFFF4603
0002DB47
FFFF580D
0001B4E4
00008956
000197F6
000079C6
FFFCF3A3
FFFF901E
FFFEB3F1
00004AC4
FFFED6D1
FFFF658F
FFFF3A94
FFFF9EB3
FFFCADDC
FFFF627E
FFFF325D
FFFF4E98
FFFD809F
00004C14
FFFE1BF6
FFFEF570
FFFE5403
FFFF4648
000018CD
00002A77
00023679
FFFF6F8E
FFFE92D7
0000D56E
FFFF25A1
FFFEEB82
FFFF0219
0000EA24
0000A23F
0001BE99
FFFEBBFF
FFFDBF43
000098A8
00010C86
00009C75
00007653
FFFED122
0000480C
FFFEFF07
0000628E
FFFF47D3
0001DAFC
FFFDDF31
0001801A
FFFEF7C3
00004CB5
FFFDFA36
00006CD7
0000D1EC
FFFD1F50
FFFC4D08
FFFDD9AD
FFFED1E7
FFFCF130
FFFE568C
FFFDC677
000179C7
0001DC82
FFFEA03F
0000A514
FFFF5483
FFFF9D74
0000B90D
00006CEB
FFFE8633
FFFE1358
FFFF2FB2
FFFF675C
0001CCE9
FFFF5100
FFFF6582
FFFFA50E
FFFF8FE7
0000EDD3
FFFE33A4
0001EFF4
000069A7
FFFE339F
FFFF98B1
0002BAC1
0001E882
FFFFF1E9
00023967
0000AD9C
FFFD7FDC
FFFEF11C
0000D49E
FFFE75A5
00010F32
FFFD6CD5
FFFF1EAE
FFFDD938
FFFF8E21
FFFEFDDF
FFFF38D1
FFFF388E
00016D82
00016D8B
000251DB
0000C059
FFFF6CB7
0002CFB5
0001DF18
00006E72
000069E3
000103AC
FFFFCE3C
FFFEE202
00010A82
00010C73
0002BC2D
000058A9
FFFF7E30
00011F7B
FFFF3B93
FFFFAADB
FFFC7D02
FFFE467E
00000EF3
FFFE0B9C
FFFEC2FC
FFFF7855
FFFF3415
FFFE4DA5
FFFE8DF7
FFFDED56
00009164
FFFDE22B
00012D99
FFFFA6B5
FFFE6DEB
FFFCDCFF
FFFFB0A1
000159C0
FFFDF13B
000280FF
0001FDAC
0000506D
00007B46
000290D7
FFFFF822
FFFDFE28
FFFFE6F6
FFFD7319
FFFE3584
000025E1
0000160C
FFFFDB38
0000B42F
FFFF37F5
00009E14
0001A45F
0001FFE3
FFFFBDF0
FFFE9E30
FFFE3080
FFFF9D5C
0001E48C
000090A4
000067DD
000080B9
FFFEFF99
FFFFF69B
0000F67C
FFFEA80D
FFFE34B0
000077B0
FFFF77EB
FFFFD476
FFFFCCB7
FFFFB064
FFFFB56E
000136AD
0000F551
0001D3DF
FFFFA665
FFFE08E8
00019C09
FFFFFFA5
0001501B
FFFFAA81
0002583B
0001D4BD
00001996
0000DBA4
FFFFB731
FFFE75B6
FFFF6D5A
0000ED7D
FFFE842C
000147DF
0000D125
FFFFF8D9
FFFE9F60
00000681
FFFF298D
FFFE849C
00006BEA
FFFDD052
000075CA
00018BE9
FFFCEDB9
00002581
FFFF0396
FFFF85DD
00014E7D
0001352A
00011DC8
0000054C
0000DB1C
FFFEAE72
FFFF29FA
FFFF54B8
00006854
0000C14A
0001A835
00012879
FFFF897A
00011859
0000C277
00019A8D
000079E7
FFFF27B5
00007BE9
0000507C
FFFE1A4B
00004181
0001CB82
FFFF9E8D
00003E21
0000CAB6
0001732C
FFFF82F9
00003AEB
0000ECB7
FFFFCE30
0002BCC3
FFFFE10F
0000FB56
00013486
0000B801
000233C5
00001FFD
00012925
000249E1
00025F39
FFFEED49
FFFF63BF
0000E9EA
FFFF736C
00003319
FFFEE537
FFFFBDD4
0000249C
FFFC5526
FFFCD33F
FFFE2645
FFFDF471
FFFF9DFE
FFFD3EE1
FFFE38E5
00009970
FFFEF0BC
FFFD62EC
FFFE9838
FFFE57E1
FFFE1541
FFFD0A8A
00000706
FFFFB0EE
FFFF8984
FFFDB73D
FFFF6201
FFFE6012
FFFD8F61
0000393E
00000BD1
0001CFC4
FFFFDF82
0002692E
0002FF1A
0002C554
FFFF10A1
000193F3
FFFEAAA4
0002E9A0
0001ACBB
00010B55
0002C930
0002AAAD
00006120
FFFFCBA2
00011567
0001375E
000100D5
000251CA
0000501F
FFFF8189
000020FA
000086AC
00004380
0000A63E
FFFF16CA
FFFFDDC6
FFFD5447
00004B13
000003AA
FFFD4122
FFFDCCFF
0001A5B7
FFFE68BB
0000BC02
FFFEFDA2
FFFD6C1D
FFFD6F84
FFFF04FE
FFFF0B8E
FFFF6CA2
FFFE90CA
0000C62F
FFFDDEF3
00005033
FFFFB9A4
FFFFFB07
FFFF0CF4
FFFE319D
000000C3
FFFF05C3
FFFECE52
00001A1F
FFFE6F94
00006E93
00009DB3
FFFFF983
FFFF7C67
00000464
FFFE32D1
0001278B
FFFFD3D4
00029C43
0001AFEA
0000741E
0000E513
00021744
FFFFB6E5
0001C032
0001CFE1
0000EF03
FFFEDFEE
00021BAB
00021B76
00015A81
0002393B
FFFFFD1A
FFFF0585
FFFF1159
FFFE61BB
FFFF2A37
FFFDFC95
FFFFAF3E
FFFD5276
FFFCC5B8
FFFF114C
FFFD8A87
FFFD261F
FFFD889B
FFFF2ABD
000124F5
0002618A
0000DC2F
0000902B
0000F659
FFFF4DE7
FFFFA69A
FFFF36F9
FFFE9573
FFFCC39F
FFFF0D3B
FFFEFDDC
FFFFD2C8
FFFDDAB2
000001D6
0000347F
FFFE46E3
00018A74
000288CA
FFFFB5F6
000274FB
00020D77
000107AA
00012185
0001E9AD
FFFEE077
FFFEF2D2
00007638
FFFFC2EC
00000486
0001502E
00011DEC
FFFDD449
FFFF194E
FFFFAA81
FFFF6A55
FFFED677
FFFD0E16
FFFD8ED2
FFFE1783
FFFE40A3
FFFEBCC4
00010B91
FFFDD4AA
0001F812
0000EA56
0001B238
00007096
000270D2
00025EE2
FFFFF38C
00001284
000173FF
0000D13D
FFFF72EC
000089AC
FFFF49B6
FFFD7EB3
FFFEE74C
00009AB1
FFFFFCFB
FFFD855B
00015AE3
00013EA3
FFFFE8F6
FFFE43A3
FFFF42FC
FFFF0ED5
FFFEE863
FFFE2470
FFFD3C4A
000098BC
FFFF9E60
FFFFA7BA
00001616
FFFFA260
00011F79
0000992B
FFFDDCE5
0001D4A7
FFFF58A1
0001C5C2
FFFE3D28
0000316C
00002B41
00012E63
FFFF94D9
00018A90
FFFE6034
0000004A
FFFF8232
00011B34
FFFFC549
FFFFB4D8
0000F24B
00025002
00029353
00030012
00001A9D
FFFF7864
FFFE4B34
FFFF2FA7
FFFF48E8
0000DB0B
FFFE53F4
FFFE7D8C
FFFE3613
000044C8
00012771
FFFEE467
0000A2AA
0000A9DD
FFFE9B7E
FFFFD46F
FFFE5638
FFFDF1D9
000066BE
0001ED4C
0000E36E
0001015A
FFFF03BF
0000C3F5
000099B5
FFFDBF6C
0000C8EE
FFFDCF2B
FFFE0F0D
FFFD5BF5
FFFE42B8
FFFE976D
00002429
0000FD1F
0000459D
FFFDE02C
0000FF66
0000A434
0001804A
FFFF63FC
0001158E
FFFEDC9E
000056E3
FFFF8FC6
FFFEE7D2
FFFEB873
FFFF4081
0000A8AC
FFFF2478
FFFE6A57
FFFF834E
FFFFACAE
FFFFE0D8
0001578F
00015F33
FFFE58FA
0000C0F4
00001BC4
00005F24
FFFF3287
0000BA79
FFFFE4A2
000078CD
FFFEB8BB
FFFEE3D0
FFFEA707
FFFFC3E7
00008FE9
FFFFF8B2
FFFFCDB0
FFFEDBEB
FFFF1804
0000661B
0000F7D0
FFFFA805
0000109D
FFFE706E
0000B48B
00005FBE
FFFFA120
FFFFD4DD
00001103
0001BE2D
FFFF2D67
00002AB3
00013DBC
FFFF19C6
FFFF9878
FFFE81BE
0000335D
FFFF4513
0000EF73
FFFEF90C
00015095
FFFF7F86
FFFF5274
FFFEF032
FFFFFD83
0001A666
FFFF6DFA
FFFF04A3
FFFF0D04
00003EA1
FFFEEBF7
FFFDF2FC
FFFEBA26
FFFF0000
FFFE34F4
FFFF172C
FFFDB92C
0001621F
0000C88C
000098F8
FFFF392B
FFFFED91
0000FA12
00001AB3
FFFFF94E
0001642E
00007041
FFFF3B6E
FFFF97E0
FFFFEEA2
FFFF3EB0
0000B8C5
FFFFAD6A
FFFFD419
FFFF9120
FFFF917A
00004D13
0001EEDA
0000A4F7
FFFEB9C2
FFFDE40A
FFFF905B
00009085
FFFE70ED
FFFF817C
FFFE2DB6
000074F3
0000F4B8
FFFF82F5
FFFFAFFE
FFFF22C6
FFFF26F8
00004A1C
0000B2AE
FFFF93BE
00006A0D
0000A391
000184E0
FFFFBFE2
FFFF520A
FFFF015E
FFFEDF63
FFFEE50B
FFFF4A49
FFFFCEDA
FFFFE791
000023E4
0001A006
FFFE7FF5
FFFE4837
FFFFBEF5
FFFF9185
FFFF804E
FFFF2893
FFFE4DD3
00016D19
0000773B
FFFF7145
FFFF2895
FFFE1D76
FFFEB1D6
FFFFB878
00002EAC
0000E8B6
0000024F
FFFE6FD3
FFFEA07D
FFFEC021
FFFEC333
FFFEA520
0000D318
00005BCC
FFFFD15D
000034E9
00001389
FFFFF913
00006437
FFFEB2A3
00010E71
FFFF82AD
00004C74
FFFF5249
FFFFAED7
000109FA
00005DB0
0000209B
FFFCD6FA
FFFF4005
000022A2
0002938F
FFFF8B08
FFFFB1FE
FFFE8D48
000029AE
000009AE
00009E9D
000193F2
FFFE1255
00003C38
0001498A
0001A357
00024C28
00027B01
0001A143
FFFF57E4
0000315E
FFFF3498
000036A4
00003CA1
FFFED28E
0001E39D
00009423
00001243
FFFFA668
0000B645
FFFEC9CC
00014A01
FFFEB577
00003BF0
FFFF6A6F
FFFFAD67
FFFF621A
0000D706
FFFFE829
FFFE83DA
FFFF7710
FFFF5F39
FFFF0FE6
00004B70
FFFF9A7C
00003787
FFFF2397
0000AA78
FFFF6E15
FFFE8951
FFFF4324
000069B8
FFFF771E
FFFF4B86
FFFF3627
0000E071
FFFF8F8E
00002AF7
FFFDBDB7
0000581F
FFFFEF85
00001D34
00007124
FFFE1171
FFFD64EA
0000E146
FFFF81B9
00019B53
0000789E
0000EE8B
00000BCF
00015AAA
00015CE3
FFFF9F78
00022FE3
FFFFBF53
0002F41B
00002686
000121E4
00020E61
FFFFE8AF
FFFEEBC3
FFFE9275
00011039
00007626
00024DEF
FFFFBABA
00000BAF
0000765C
0000A543
0000EFD4
0001A7D1
FFFED503
00001ADD
FFFFF7F8
0000D1D8
FFFF9993
00025545
FFFF3D92
00010760
FFFFE74F
FFFE9590
00006D57
FFFD8F0B
0000C6AC
000038E0
00008A1D
FFFDFBA6
00004480
0000DDCB
0001FE47
00014110
00009528
FFFCF41F
FFFEC946
FFFFF557
000188C7
FFFFA6FB
FFFF32CB
FFFED4BD
00001088
00002E2E
00013082
FFFFBF3C
00013F30
FFFF34ED
FFFFB561
FFFFD9A0
0000BDC0
FFFFD3FD
000005C5
0000590E
0000C6FE
FFFF39EA
FFFF067B
FFFE8E2B
FFFE9CBA
00009975
000070F8
FFFE72CA
FFFFEBAB
0001BF15
0000EA71
0000D38B
FFFF18D1
FFFFBDDA
FFFF92EE
FFFF447B
FFFEA10E
FFFE99D7
000123D1
0000D12D
FFFEB183
FFFED30E
00001888
0000978C
FFFEF18E
FFFE86A9
0001A9CA
000046C3
00001D95
0000C71A
000027B3
FFFE87B7
FFFE19BD
00001ED2
FFFF4E1B
FFFF3205
FFFF1912
FFFDBC3E
0000375C
00009B8F
FFFF295C
FFFE03B7
0000C0FB
0000C970
0001A064
00002C0A
00008BBF
0000C62E
00007C29
00009AEC
FFFF256F
000147B0
0000F411
FFFEDFF8
000096D2
00008710
00022F04
FFFFF998
FFFFB1D6
0000B480
000020C1
FFFFC74E
0001775D
000124B4
00007E11
FFFEF8E3
FFFFF89D
FFFEEA54
FFFFD805
0000FA5C
0001C75B
00004F42
00001CAA
FFFDDA48
FFFFC255
FFFF42DB
00000D38
00000624
FFFE0338
0000977B
000025B7
0000ADE3
FFFFA94C
00008993
00020AA9
FFFF9790
0000C1AD
0001CBC1
0000BEF4
FFFE7BF1
FFFF76D0
FFFFF87A
00009ABA
000093F0
0002C477
00009228
FFFFFBA6
FFFF3B63
FFFFD74F
FFFF025F
FFFEA03E
FFFFD4B6
00004CC7
FFFEF80A
00000F35
FFFFC68B
00010F02
00000EA1
0000EF42
FFFF56C6
FFFF9EB9
0000B20C
0000CBBB
000026A1
FFFFB003
00026733
0001BFAA
0001C44F
FFFE2599
0000DD28
FFFFAE67
FFFF8FA8
FFFFB27E
0000FB26
00013CA8
0000FBF6
0000A18E
0000D686
FFFF6229
FFFF3648
0001CDD3
FFFFAA9F
FFFF6446
FFFE6BD8
0000289C
000183CD
00008B76
000120EA
FFFE6BF3
FFFEC198
FFFF4AB5
FFFFF655
FFFF25CC
FFFEC08C
0000C957
00004536
00000A8F
00000A31
FFFDBD15
FFFFD1E8
FFFFB302
0002DF75
00001FF5
FFFF9FC7
FFFEF98D
00000D0B
00001417
FFFE6E58
00007EFB
000191F4
0000D07C
FFFF6042
FFFF2597
FFFFC9D1
0000074C
FFFFBC5E
FFFEE243
FFFFA731
FFFFF94F
000113BD
FFFF662D
0000F110
FFFE3C55
FFFFE45A
000044AA
FFFFE2AF
FFFF2B6B
FFFFD01E
00017E41
FFFF6C15
0000BCC8
00004156
000006CE
FFFE7197
0000C112
00008972
0000BC39
FFFF0354
FFFF5E42
FFFF2004
FFFEE28E
FFFFF564
FFFEF3E1
0000EF46
0000D112
FFFF7E71
FFFE9808
00008DE6
FFFDA131
0000EA10
FFFF294A
FFFEEA7E
FFFF9E94
FFFEAE46
FFFF7F59
FFFF7C14
FFFF9D12
FFFF7BBB
FFFF4B18
FFFE5A4F
FFFF7CD8
FFFF6237
FFFFEF35
FFFEE584
00031D7B
000160BB
0000537A
00016E16
00021CD0
00005083
00006EE2
FFFED3E6
0000998C
00000C67
FFFF24E7
FFFE690B
FFFF2267
0001122D
FFFDE64E
FFFFB445
FFFE4F26
FFFF1FD8
FFFE576C
0001259E
0000C923
FFFF73FC
FFFFEDD4
00007970
FFFFE38D
FFFEF11F
0000E7CF
00022827
FFFED82E
00000233
FFFE5D00
FFFEB9A9
FFFFF2AD
00007A5E
0000A3A7
000283BC
FFFF9DC5
FFFFB794
00002E37
0000C738
0001C70F
FFFFDD61
00015928
0000A27F
00004CA2
FFFE58AA
000031DF
0001E51D
00004E40
FFFF80C9
FFFF9767
FFFE8C1A
0000FB5D
0000EDD4
0000AA82
FFFF9169
FFFFDE80
FFFF211E
0001C921
00001331
00008D7A
FFFED669
FFFF90BE
0002B108
0000718E
0001407C
0001979D
FFFF83EB
FFFF2085
0001E8C1
0001369F
0000EBAB
FFFD3387
FFFCC2AE
FFFEBB7E
FFFF2425
FFFE2402
FFFF9BA9
FFFFA87B
0000459E
0002C3EE
00032A14
000120C2
0001A2DE
FFFEE655
FFFECD91
FFFDD230
00021076
FFFF430C
0000E771
FFFF02EC
FFFDDEB6
0001111E
FFFF2C01
FFFE8F05
0002CCB2
FFFE4B73
FFFEB1F1
FFFCD038
00015D2E
0000B7D7
FFFE2973
FFFFE441
0001C55F
FFFDFDCE
FFFCAC8A
FFFFF7A3
FFFEC39F
0001AE1B
FFFED864
0001DEF1
00012FE2
FFFD8CF9
FFFDEEA3
FFFF5348
FFFEEC74
FFFE84F0
0003185C
FFFFD56E
FFFF8348
000106BA
00015F4A
FFFF8031
0003531C
0002E742
00003710
000250E9
000248B9
0000758A
FFFFA79E
00010748
0001B1D2
FFFEFB48
FFFDFCDD
0000074E
FFFDCCDD
FFFB932D
FFFF4FA0
FFFC3192
FFFB0CF7
FFFF90CA
FFFCEAB7
FFFFCBAE
000247F0
0000D6C3
FFFF1CDD
FFFE7C4F
FFFD8A69
0001544D
0000BA7E
00003F57
0003A8C2
0000C206
FFFFDF17
FFFFCA07
FFFDC53E
FFFE7B42
00039A57
0002EF7A
0002AD43
0001E2A8
000094FF
FFFFD9B9
000236DA
0003C5AF
00007EC8
0000F7E0
0002D8F5
FFFDFAF1
0000B339
00017BC7
0002DB17
0001AA21
000180D7
FFFF22F7
FFFE5ECA
FFFE783F
00023200
0002A4AD
00014E14
0000E869
FFFE1C2B
FFFE0F92
0001E49D
0001620C
00008FAB
00015093
0000B726
000378B3
FFFDA442
FFFE5F9E
000234D8
FFFED640
FFFEA185
FFFDCC3C
FFFCA9CE
FFFE7327
FFFD3299
FFFB025F
FFFBCDC9
FFFE2F61
FFFCC549
FFFD0C8A
00000650
00023F7E
0001CBA9
00023337
0004CB00
0000E8C7
FFFF62BB
00046565
000131D9
FFFDC7D8
FFFDA935
FFFF567F
FFFD3F9A
FFFBC4C7
0000E295
FFFE5670
000353A6
FFFFEE01
FFFF37C3
FFFFF8D6
00013B8D
FFFE8F77
0001BC68
00026223
000217ED
FFFFE274
FFFFD3F0
FFFC3766
FFFDB055
FFFB6F83
0000AD10
00010B9C
FFFF0C78
0001F832
000105FA
0001A5E0
0001BE15
00027EF1
FFFE808D
0000F46F
00012557
000023E2
FFFE2F3E
FFFFF43A
0001434F
FFFF3C30
FFFEDC49
FFFEC754
0000291E
FFFED792
000154B4
FFFDADB6
00003267
0001849C
000308E6
00030548
FFFF33FC
0000A95F
FFFCC985
FFFCE4CB
0001AAC0
0001B372
FFFEB5E3
00023EDB
00008662
FFFEB22C
FFFD5A61
000195C3
FFFE185B
0002B8DF
0002102C
FFFDEB65
0000ED3C
0001B3F0
0000FF21
0001AEF6
FFFFEF83
FFFFF227
FFFE93E0
FFFB95FD
FFFF4AEB
0001FD17
FFFE362B
0000920E
FFFE17FB
000319AD
00017619
0000C4B3
0002782B
0001C2C3
FFFE78AD
0000F334
FFFCB3BC
FFFDE796
FFFF47EE
00028A95
FFFCF5F2
FFFE68BA
FFFD66C1
FFFF0F07
FFFE70BD
FFFE0A9C
FFFECE3A
0002E247
00015AE1
00003701
FFFFAF53
FFFFFC3B
FFFCB906
FFFE921F
FFFF4CE2
FFFED795
FFFD04E3
FFFF195B
000194C1
000018CD
FFFA8085
FFFE8F51
0000451E
FFFFAAA0
FFFE7050
FFFFFF0F
00020110
000303D6
00039CAD
00022DB4
FFFE6794
FFFFCAB7
FFFF3195
0000874B
FFFFC5E5
FFFE0675
FFFFC790
000133B8
00017130
FFFDA58B
0001B0BB
FFFF9442
FFFC5EF2
00007EE5
0001D95E
000149F1
FFFE5B00
00005AEE
FFFF4D58
00037726
00006CFD
FFFFAB11
FFFDEBAA
FFFE1890
FFFF6490
FFFD81FC
0000510C
FFFE9D13
00005C57
FFFF76E3
FFFFE0E2
000072CE
00017C8B
FFFDC861
FFFDC071
00006E48
FFFFE8DB
0001AE33
00000ED2
0001437C
0003AB81
00014682
FFFD80E0
FFFEF0DA
0004446C
FFFD6B9D
0001EC89
0001D63C
FFFEFFE8
FFFFEBA6
FFFD8355
FFFD7C8D
FFFD2E38
00006C58
000193B8
FFFFA64E
0004C9AF
00007E5D
0000B55E
FFFEBC1F
0001B9EB
0002E2CD
00040228
FFFD046D
FFFF5D9D
FFFED8E2
FFFFAF25
00011F29
FFFF0873
FFFB9F4C
00011816
FFFEB723
FFFE9A4F
FFFFDA19
FFFFCFF7
FFFEA591
FFFFB3A7
FFFE9555
00017271
00015EC0
0001012E
FFFCDB1B
0000DF6B
FFFB008B
00009712
FFFD538E
FFFF59C9
FFFE22DB
0000164B
0001481A
00046B89
00029BF5
00018027
00047AA7
0001AD6A
FFFEA0C4
0003F7AF
FFFF5337
00029DA4
FFFCF9B2
FFFE21F2
FFFDF0A0
FFFD2D00
FFFCBBD8
FFFC1E0B
FFFEB385
FFF9AA05
FFFA1204
00021163
0001E998
0001E1B0
0000BB79
FFFF427F
00009E69
0000223E
FFFDDD09
FFFED525
000037FD
0004D0C0
00034183
0002AEF5
FFFE9061
FFFF0074
0000FF33
00018E70
00019A9F
FFFE38C0
0001A528
0004851B
FFFF23E6
FFFDEEE3
0004CC15
00013B0E
000125DC
FFFFC537
0003D979
FFFEC908
FFFDE0D1
0003F4AB
0000CDCF
000143A9
0003555F
FFFEA500
000047CB
FFFFDE54
0002129E
00030ADE
FFFEA2DB
0001766E
000163A8
FFFEA81B
0001B55F
FFFE2071
0002B811
FFFEE046
000249F8
FFFE0EB3
000188FA
00039351
00013738
FFFF12CD
00022E60
FFFE80C9
0002E8DE
0000F97A
FFFE55DE
FFFE9F50
FFFD88D0
00036A24
FFFE3C8A
FFFFB740
FFFA451D
FFFAF23A
FFFFC2F3
FFFCE6A9
FFFE2FCC
FFFE4753
FFFF9F99
FFFD86CE
FFFCEE79
FFFDBB61
0000E905
FFFF7FBA
FFFFBC28
FFFF53B1
FFFEC6E0
FFFF52CA
FFFDF0A1
FFFF4A58
FFFF4065
FFFEFA32
0002179C
00011EA7
FFFFB468
FFFECB59
FFFBB77B
FFFAEC33
FFFC67C9
000435B1
0002CCFD
FFFFD63F
0000F6DE
0001253F
FFFEBBE0
00045983
0003BF75
000354B7
FFFFC971
00001605
00007CC8
0001B8DC
FFFD9475
FFFE7671
0000A7E8
FFFF71BF
00002EC9
FFFD87F1
FFFFAD47
FFFE6103
FFFF9159
FFFEA0E0
0002B0E4
FFFE26D0
000140D5
0002BF55
00011085
0000C683
FFFE26D6
0001E424
FFFF8344
00023215
FFFFA7A1
FFFE3CCE
FFFE7C88
0003A17A
000282A6
00027D60
0003A85E
FFFEACB1
0000F30C
00005B75
00028642
0003A757
FFFE582E
FFFE6BAD
000246E9
FFFFA459
FFFF56BD
FFFD119C
0002EF90
000142D3
FFFF001C
FFFCAFB4
0002016D
FFFC5B2B
0000B120
FFFED673
000103CC
000288E0
FFFF0B62
FFFD70BB
0001CC7E
FFFBD9C1
FFFD18E6
FFFDBCD4
000227EA
FFFCA1F2
FFFED8DA
FFFE45CE
FFFEC6BA
000107FB
0000CC21
FFFF1C3A
00049C28
0004E758
0000459C
00016460
0002A7F7
0001D237
00038488
FFFFB821
FFFEAE43
00015E28
FFFB4CAD
FFFC1EB6
FFFFCC11
0002D7AB
00014C09
000166FE
00012D69
0001D93B
FFFDAA6A
000098F3
0002AECE
FFFFB92B
FFFE58B0
FFFEF7FB
00044B1E
0003EF7B
000091E5
00040C06
FFFF6DAE
00003CC5
0000595A
00019485
FFFF0CAF
FFFD11F6
00003920
FFFACF75
FFFB9EEB
FFFB5F69
FFFA5A58
FFFD9621
FFFE3037
FFFE8BDC
000120A9
00027022
0003A0D8
FFFFAFBA
0002B771
00010EB6
0001B99B
FFFEF092
0000079C
00037253
00017ED1
00035D6F
0002E43D
FFFE6C18
000047CF
0003423B
0000F475
00013BDD
FFFF16D9
FFFDB415
FFFEC4A6
000093E9
00020C02
0001E134
FFFE081C
00004B17
00016F38
FFFC322E
FFFB22ED
FFFDD8D5
FFFED871
00010352
00021B21
FFFC022D
0000D583
FFFDBA4B
00015802
0001D20A
00007DD4
00026C68
FFFD6A83
0001EA76
FFFDB4F5
FFFDE0F9
00006D86
0002867F
0001D37F
0002C344
FFFD952F
0001AA60
0002554A
FFFE76E6
000034C1
FFFE8403
000160A4
FFFF2301
0000E27E
00011FA5
00015C01
00020ADD
FFFE3ECD
FFFF9CFF
00007976
FFFDFA37
FFFEFFB9
FFFE2BEE
00004E0C
0000C996
FFFC63C0
FFFE0DB8
FFFC4872
FFFC8955
0001F62F
FFFFED88
0001C48F
0001BD7D
FFFE1038
FFFE07A9
0000E773
000077AA
FFFFC748
0000FF9D
FFFF2268
FFFECA28
FFFD0A56
0000881B
FFFF9BD1
FFFECE73
FFFD147D
000240A6
0001FDCB
FFFF7D36
FFFF8EAC
0001B7E5
FFFF7D21
FFFED21C
00018F6F
000155EC
00016764
000261E9
FFFD6D83
FFFEE908
00009681
FFFE1AD3
0000DD20
0001DE89
00020386
FFFD2F78
00018D6A
FFFDC2D3
FFFE4CE0
0000E866
FFFD83A9
FFFEC439
00004998
FFFE2051
FFFB8237
FFFC9EF8
FFFF1A17
FFFCDED2
FFFD0927
FFFF925D
FFFF7C81
0000AC0C
FFFEE5C4
FFFF9743
0000D7A0
FFFE67EB
FFFD6CE0
00008CAA
FFFFCEFF
FFFDD4B8
FFFF4702
FFFE49F6
FFFF9FA6
FFFFDA4D
0002AF79
FFFDE7FD
0003E60A
0002A9BC
FFFE4671
000206C7
00025DD9
0001B3B4
000277F7
FFFDEAE5
000005B5
FFFF9AEE
FFFDA5C3
FFFF04DC
FFFE20FD
00025743
FFFF0E8A
FFFEC507
FFFD7B60
FFFF3A7E
0002640C
0001BF87
0001429E
000171BC
FFFFB74B
0001FB38
FFFE0061
FFFEB37C
FFFF1FE3
00015B25
0000BE4F
FFFE5AA8
FFFCC27B
00000FC0
0000C05F
0002B625
0000B1A7
FFFF8367
0000CDF7
0003921A
0002AEF4
0000A683
0000FC59
FFFF8FD1
FFFFA6B0
FFFF6BFD
FFFBA055
0002A984
00002A61
0000E6BA
FFFEF97C
FFFDF23E
FFFE87D3
FFFDA25C
FFFEF22E
0001DF9A
FFFB27FB
FFFF0822
FFFB4ACD
FFFBA796
FFFC857B
FFFB1FD5
0000B61D
0002EC6E
0001C4E3
0000C492
FFFC6870
FFFCE216
00004E84
FFFED30B
0001372A
FFFF6699
00020F32
FFFB6B4A
FFFC099C
0000D5A8
FFFF2AC1
FFFB1E00
FFFFBF09
FFFA00B9
000071CA
0000D892
0000CF25
FFFF8838
FFFC922D
0002B94D
0000C870
0000D11B
0001A29D
FFFC5D07
FFFC65DA
0001B0D6
FFFE10A5
0000F6E7
FFFCD51D
FFFF0442
FFFC1F58
FFFFFF98
FFFF2F74
0001CF79
FFFF6F98
FFFE1EC6
00016494
0004346C
FFFF871B
FFFE2D96
0004100A
FFFFB954
FFFE8734
00001447
FFFE1773
FFFF8D5F
FFFD7F8C
FFFD5D25
FFFDDF23
0000CA3E
00012F8C
0000EA9A
00016A69
FFFEBC2D
FFFD9D48
00014301
000524DA
0001A89C
00024606
0001CC78
FFFF0B9B
00008180
FFFFD6B4
00027ACF
00033484
0001744B
0001B415
FFFE029F
00003380
FFFD97A2
00023334
0001C6B5
FFFC8034
FFFBAE00
0002763E
0001EF78
FFFC836B
00023ECA
00009ED6
000126D3
00008E89
0001247E
00011222
00007C6D
00009F36
FFFF4324
0002D781
00019817
FFFEC465
FFFF4A89
FFFF1E33
0001380E
0001273D
FFFECEA2
00014786
0001B910
FFFD7889
0000A1FE
FFFC8F39
00002FA5
FFFDCF4D
00027176
FFFDF40E
00012C24
FFFD8EB4
FFFEDAFA
FFFD9C0B
FFFC35FC
00013E8B
FFFD128B
00002575
00028829
FFFC52A3
00046547
00047DF6
0004A977
00016C28
00037242
0005D46A
0002F8C5
FFFFE984
0002679E
FFFE370A
FFFC1463
FFFE153A
FFFD0019
FFFB1347
FFFD7CAB
FFFE00D1
FFFC6FD7
FFFED6F0
0002FAFC
0002FFC6
00002391
0000C6FB
00007F66
00023C82
00019DDC
0002CA90
000395A8
00012AFA
00005EF1
FFFFBB98
FFFFED2F
FFFF962B
FFFBFF4C
FFFEB55A
FFFD28E8
00018CDB
FFFE27F6
FFFF9D4A
FFFFF870
000275F5
FFFFA3CD
0001B53B
FFFFE61F
FFFE1CCD
0000B68E
FFFC5CFC
000077F6
FFFD853D
FFFE82F8
FFFE4CEA
FFFF68A0
FFFB0D17
FFFAC47F
FFFEF300
000521DC
00004910
0000A085
00036C7F
FFFEE05E
0002BE5E
FFFD4E50
FFFDB8D0
00039847
FFFCCDA0
FFFE5F15
FFFE16BC
FFFDA856
FFFD7F67
FFFC03A3
00012A7A
FFFE3BD5
FFFC6B0F
0001541A
FFFE3A7E
0001D887
000114E9
00016BD5
FFFF20EC
00032939
0000F489
FFFCE118
FFFEB484
FFFE2F91
FFFFC340
FFFFBC0B
00002617
00017B50
FFFE340C
0000661E
FFFFDBBE
FFFFE060
00000E94
FFFF27D9
00019644
0002611D
FFFFD373
FFFE973E
0000A772
00010BC5
0001F794
FFFE0609
0001CF66
000247CC
0000E45E
00000369
FFFF357B
FFFD5C8A
000191C7
00009213
FFFBFFE8
FFFD923C
0001CCE4
FFFFB422
FFFE6A18
FFFF30F2
00003EEF
FFFF16AD
0002E159
FFFF8339
0000EFA6
FFFF9B83
FFFD7591
FFFC87EA
FFFF3AA6
FFFFA2DB
0000216B
FFFF4151
FFFF48AD
00018B02
000075DC
FFFE4257
0000BFD1
FFFEDBD4
FFFF2FCE
FFFEE53E
FFFD8F5D
FFFE941B
0000275C
00003D05
FFFF2010
FFFF997A
00001F45
0000D8E2
000113CB
FFFE36A0
000293F1
FFFDCB4D
00007BE7
0003CFB5
00047880
000277CB
FFFE342D
0001FD89
000117B9
FFFE8DD9
FFFDAD1F
0000D578
00034D8B
0003289E
0001E526
00018379
FFFF859E
00012CEB
FFFF7A4E
00008F61
FFFBE92F
FFFE6815
0002D83A
0000C38F
FFFED437
00004A57
00020B15
FFFFC0A2
00033AD5
FFFBCD77
00002748
0003906B
00011A1D
FFFEAA0A
FFFF9587
00005DF1
00031F37
FFFF23B7
00002CDA
0002C70C
000178B6
000426CA
0000D676
0002C312
FFFE85F6
00016822
FFFF71B9
000543E3
FFFF94CA
FFFDF4F1
000025EC
0003C913
000291E7
FFFFD492
FFFBAD61
FFFFD2FB
FFFECCCE
0000E728
FFFBD731
000339A0
FFFE1F10
FFFFD153
FFFE20AA
00016E7E
0000E3A5
FFF9E258
FFFE01C7
FFFEB09E
FFFEEBA8
0000001C
0003F317
00020141
FFFF0C11
00043104
0004C17A
00013D3E
000233E0
0001A22B
0000186A
00025093
FFFF1A4F
FFFC877C
FFFF8E84
FFFFB34B
00014BB7
FFFF1D61
00032192
FFFCAFE3
FFFDBB38
FFFE8982
FFFDCDA1
FFFEBC6B
FFFE6A47
FFFEDF6C
FFFC9EAF
0000B5D4
FFFEEB8A
FFFEA5BF
FFFE4DC2
00004906
0000717C
0000DBF5
0002E771
FFFEFA09
FFFD250B
FFFE79B6
FFFD11DA
FFFE48B0
0001ED17
FFFE5EA5
FFFD3745
00007363
FFFCFB31
FFFF6963
FFFEF393
000113A4
00024FE7
FFFCACE6
FFFF7E14
FFFF5D26
0000931D
FFFFB22E
0000BE32
0001A85B
00019E6E
FFFEC606
FFFDB813
FFFD4852
FFFFECF5
FFFEE15C
FFFC93AE
FFFEE7F5
0001A368
0000BC1C
FFFE4F4C
0000553F
FFFD04C5
FFFCF8A3
000122DB
FFFDA621
FFFF221B
FFFE817E
FFFC518D
00000064
FFFF6112
FFFF9589
00006DB2
0000A43C
FFFF5CCD
FFFF5B58
FFFEC512
FFFF83CA
FFFFB737
FFFED6D3
FFFEE3D7
FFFCB0A2
000186A7
0000EFD0
FFFEA3D7
00009C23
0000CCB2
0002F868
00032CA5
000026A5
FFFEC791
0002CE67
FFFFF021
000366DA
00044FE1
0003CEBD
FFFE9873
FFFCAA02
000034A3
00016BAE
0000C721
0001D305
00028C81
FFFF4A00
FFFE8034
FFFE4A0C
FFFD5A80
FFFE5578
00014DE2
00015CA5
FFFE6D4B
0002818E
FFFD0A76
0001A264
FFFEDCB2
00001E6E
FFFCCB2E
FFFDD61C
FFFDD6BE
0000B934
FFFA6322
FFFDBFDE
FFFE448D
FFFE8D72
0000BEF9
FFFFB495
FFFF575A
0002696D
00008828
0002A9FF
0001BF90
FFFF43BC
00020A1A
FFFE63B5
00047220
FFFEBC37
FFFC8425
0000B67B
FFFDF1DD
FFFD2462
0000E0AD
FFFE94BF
FFFC0822
FFFF6E3D
0001D8C6
FFFEC3F5
00007C08
FFFC40E6
FFFC0790
FFFCA4B5
0000B741
FFFF1E06
FFFE6AF3
00016262
FFFD7F49
FFFE6EF2
FFFF6BED
FFFE9814
00015A1F
FFFF05B4
00049A9B
0000469B
FFFEF1A1
FFFFDB0B
FFFF5EB9
00005026
0000560E
FFFFF8CA
0001718D
FFFE1104
FFFDEB82
FFFFA3D0
FFFC521B
FFFE4E02
FFFEE322
FFFCEFDC
FFFF69BD
FFFDA5C6
FFFD32E8
00003FE6
00017187
00011CEB
00004A86
0001E25D
FFFD87B6
FFFFCD86
FFFF4494
000135A6
00023AAC
FFFCE569
FFFF75E2
00002236
000050C3
FFFFA2D7
FFFC3568
FFFFDC25
000176E2
FFFB8F5A
00019224
00044C6A
0000A6D6
FFFFA3FB
00008FB0
00023BDE
0000DEEC
00039BE8
FFFE55D7
0002DFD3
FFFE50D8
0001E0D1
00009B9A
0001D513
000114A9
00006305
0000E617
FFFF46CD
FFFC3035
FFFDF8F0
0000600A
FFFD013A
FFFDC299
FFFD9D5D
FFFFB943
0000C906
FFFF62B3
FFFC67D1
000212DC
000172D2
FFFF947C
FFFF2F82
FFFF3FDD
00008D27
FFFDC2C3
0000666E
0002E7BC
FFFC2727
FFFDFAB5
0001F190
FFFF20B7
FFFE1B39
FFFE2C59
FFFDFB01
FFFF8234
00005D0D
FFFCEBE0
FFFD2E39
FFFE05B7
FFFE87B0
FFFC1A05
FFFEBB02
00006239
FFFDABA7
00016ADD
FFFF9C3C
000156A6
0001D70E
FFFD692F
0000D48E
FFFF0FF2
00037CA1
0000F68F
00002C7D
0003F144
00043815
00049310
00010DE9
0002AEB5
FFFF54E3
FFFF56E2
FFFAE85B
FFFDD3A1
00005E6D
FFFC7FAB
FFFF3348
FFFF9D53
FFFDDCC6
FFFF1777
00002310
0001E0E8
0003DAF5
FFFF42CC
FFFFAB18
00027686
0002DEFF
FFFDC8FB
00004B01
FFFE4CE8
00007894
FFFF4F34
FFFF0657
FFFE3E3B
FFFF6CDA
FFFF2ACB
FFFDC12D
00016353
0001F9DF
0000211D
0003FC33
00029C90
FFFE9B5B
000383B7
0001256A
000715B0
FFFDB7D5
FFFE32C7
FFFE1237
FFFF9BD0
00004D6C
00002507
0002D95A
FFFDA89D
FFFC884C
FFFCE02C
FFFFBADB
0001F6F8
FFFE6E95
0002370B
FFFEBF88
FFFFE125
FFFC80B8
FFFD76E2
00005131
FFFF27C4
000179DF
FFFF15F5
00012ACC
0001AF56
FFFE0E6A
FFFEF11C
FFFDBB61
FFFDBFD3
0000B548
FFFF7C9B
000299D1
FFFF6596
00002F6D
0000E80E
FFFEC9A7
0001073B
0003CEED
000170B6
0004DADB
0001BC94
0000B298
0004E47D
FFFED824
000043D5
0001C0FD
FFFC07AF
0000AC8D
FFFCC970
FFFDBA58
0000B9DB
FFFDC52C
FFFE2B64
000082B5
FFFD88E4
FFFE54F5
000137CD
00011530
0001D30F
FFFDE403
00042836
FFFFFADE
FFFF117E
00045E11
0001EBBE
000022DC
0002677B
0002534F
FFFDB8F3
FFFCD363
0000692D
FFFE649A
0000DE38
FFFE0143
FFFEF900
FFFF74AE
FFFD98B6
0001C190
000345F6
0001B75F
FFFF188B
FFFFE862
00025F6D
00011935
0002772A
FFFF646D
FFFEE056
FFFFD139
0002A4C8
FFFF2BF1
000114C1
0002CAAB
FFFD9355
0001366B
FFFEE6C9
00019F32
0000A311
00033659
000148D7
0000AEB0
FFFCD3CE
FFFD5CE7
FFFFFABB
00011595
FFFB957B
FFFE08DF
000168C1
FFFF27BF
FFFD5333
FFFD92CB
FFFD4C28
FFFF2026
FFFF42C3
FFFD45D8
00029BAC
FFFD8F0F
FFFFD065
FFFCA091
00016D3E
FFFDB54C
FFFF0FA2
000008BB
FFFFFD24
000433C7
FFFDB036
FFFED3D6
FFFE136C
FFFEFE84
00006042
FFFC24BC
FFFE1F12
FFFC9F94
00017CE8
FFFE2172
FFFD8FC9
FFFECB9D
00012165
0000AEF6
FFFF57FC
FFFE68A4
FFFFF403
00009E0C
00032387
FFFF9B9D
FFFF1014
00025C23
FFFFCD88
FFFE1B0F
FFFF6683
FFFEEDC5
00003C06
FFFE3F50
FFFE9F66
FFFCA958
0001046B
FFFFB51E
0002CB55
FFFF7E75
FFFD808E
FFFF1583
0001489F
FFFFFAFF
0001FE49
FFFFE422
FFFF939E
00008B44
0000720E
00030378
FFFFABEB
0001497B
0002E821
0001458B
FFFE79A2
FFFE4FD8
0000BA58
00005DC4
FFFE7681
00007466
FFFCF6D4
FFFF4A37
FFFCE500
00019FAF
FFFF5A63
FFFF63F1
00012FCC
00032F05
FFFEAC71
FFFFF3BB
000378E4
FFFFF732
000072C6
FFFE7217
000187DD
FFFEC3DD
FFFE1996
FFFC5E1F
FFFF60D7
FFFEB2D3
FFFF37E7
000432CE
FFFD0FA8
FFFFA2EB
FFFEC8BF
00010CCF
FFFE5A43
000309F2
00037B11
000043DD
0000F0E8
FFFEAB61
00012EA8
000288D1
0001F428
0000C1AF
FFFECB73
FFFFC346
00041FD8
0002D148
FFFFD9D9
0003C19F
0004E5AD
00008483
FFFD7143
000439C1
00025142
00026E3B
0004438D
FFFFA9C6
FFFF5BC6
000178E5
FFFD4EA6
FFFFA794
0002C102
FFFDD159
00006765
0000B304
00023EA7
00045804
FFFE40DD
FFFECDB5
000046FA
000275D0
00037379
00029F59
0002BF63
0002FF40
FFFEBC30
0003B62F
000104FC
FFFEB7EE
00017B9F
FFFF8E14
FFFE26F2
00019EA8
FFFFDDCC
FFFE40CC
FFFF8343
0001FC23
FFFDC2D2
FFFDFD7C
00005CEE
FFFFC1E6
0000896F
0001629D
00055F60
00021922
FFFF2ED1
00020A43
FFFEA372
0000EFB5
FFFF98A8
FFFE1378
FFFC982D
FFFFCAD6
FFFDB7B7
FFFEFF59
FFFED642
FFFFBFAF
FFFD61CC
00006BE8
00026FE1
0000E869
0003F4BA
FFFEDDC0
FFFD6060
00014205
00048428
0000FFE3
0002A778
FFFEDD06
FFFFD76D
FFFF31A7
FFFDE15B
00001107
FFFD394B
0000D5A2
000359AD
0001B3F3
0001A460
0001AF2B
000005E7
00018A46
0000DF83
000357C3
FFFE6712
FFFE99ED
FFFF03BF
0000B8BB
000175A0
FFFF9C55
FFFC3FD4
00005E8B
FFFD03CD
00031A7E
0002485A
00011B52
00010E85
FFFFC73D
00001CE0
FFFF885D
FFFF1C84
0000897F
FFFF2849
FFFF8967
FFFE2DB3
FFFEB22B
FFFE9A36
FFFE8D5C
FFFDBB85
0000CC29
00001858
00001153
FFFFB534
00009458
FFFE4246
00011A77
0000C411
FFFF48A2
0002A1B8
FFFD292A
FFFEF1E2
0000E917
0000CEC3
FFFEAAA0
0000C3CF
FFFFA7B3
0001617C
FFFE7D3A
00023CBF
0001DB1B
00007ED0
00003337
FFFF90C8
0000BAB8
000090E5
FFFFB7EA
FFFFBB08
000107E5
00016001
FFFE3FD1
00011589
000133D1
FFFF167B
0000AF77
FFFF0F81
0001C5CE
0002458B
FFFE35F9
0000C9C0
000020AC
000097E9
FFFF1184
0000EE6E
0001F0DD
FFFEAB13
00032FE6
00005A9C
00007941
0000D705
FFFDDA18
FFFEB9A5
00003C26
FFFE5294
FFFE7430
0001FA78
000017DC
FFFE16F2
FFFE5907
FFFEC4B8
FFFF87B6
0002D912
FFFFE5D6
0001C3A9
0000CDE4
00005C06
FFFF6659
0000C2F7
FFFF1E6F
FFFFF3C5
FFFE056C
00017B5A
FFFEF982
0000FC0E
00010D0B
00006F0F
0000981E
00001D73
00013218
00019884
00008B20
FFFE5FC5
0000AE21
FFFF749B
FFFE6BA2
0000906A
FFFED0A7
FFFDC1C3
000017AE
FFFF7B5C
00002BF3
FFFEED52
00004E95
0001233D
FFFF5D00
00011DCB
00003893
FFFFF51B
FFFF79AF
0001930E
FFFF4576
FFFEE4DA
00011BBC
FFFFD758
00004A59
0000F7BE
0000F86B
FFFFCDB2
FFFF4EF0
000071F0
000068B8
FFFE3B3A
FFFDE849
0001E7C0
FFFF5F6F
FFFF48DD
00017683
0001568B
FFFF6976
0001D121
000036DA
FFFEB652
FFFF9435
00010CBB
0000FB88
FFFEDEEF
0000FB0C
0000A6D4
FFFF8029
FFFF88F3
00007ACA
FFFEA54D
FFFF1E2B
00004645
00022394
FFFFDDBB
FFFF91E3
00017F16
FFFE0BF6
000231C4
0001332F
00011750
FFFFEBEF
FFFF110A
000087EE
FFFE5FF5
FFFFA23E
00006280
0000FAC1
FFFDBB21
FFFE0C71
FFFFBCD6
FFFF0CE0
0000D93D
FFFBA0B1
00011BCE
FFFE8DC0
00003F80
00022DD2
0000A834
FFFFFA27
FFFE492A
00012BD0
FFFE4D49
00008231
FFFFAD20
0000068C
00012B26
0000820D
000112E8
0000F1C5
FFFEAB6D
00020C0E
000196C3
0001E543
000186D7
000199A1
00026B16
0002957E
00014720
000085F4
0001C8CD
00031ABD
0002205D
00033141
0000A819
FFFEDCFA
0000E461
000026DA
00013BD0
000022FC
FFFE9D09
0000B7DC
0002016D
FFFFE09E
000030AF
FFFD9AFC
FFFF91F0
FFFEB593
FFFEC14E
0000EEF0
00013583
FFFE5467
00003EE1
0003465C
00016CB5
00016500
00002410
00029D5B
0001D27B
FFFFFF17
000060C8
0000C342
0000B02D
00005941
0000A4C3
00008870
FFFEFE23
00011D65
000109E4
0001AE13
00018F2B
FFFFBF55
00024C30
00013822
0000E648
FFFEEE9F
0001AE57
000125D5
FFFF7B55
00006BEC
FFFF3FDD
00005CC5
FFFE1AE2
FFFF651C
FFFEB209
FFFFA89B
FFFF313B
FFFF4EE8
0000D29C
FFFF4D8E
FFFF0338
0000E964
00001E37
FFFEFA4E
FFFE9338
FFFECCE3
FFFE8F48
FFFFDC0D
FFFF281A
FFFEC31B
0001F87D
000036DF
FFFF7B4B
0000A70F
FFFEB083
00005F65
FFFFF25B
0000D341
0000698B
FFFD8AE9
FFFFAC96
FFFDFE07
00013918
FFFDEA57
0000A6CA
0001EDAB
000074E8
0002544B
00016C93
000080BD
00008212
00026ED8
0000FD38
000004CF
000173A4
0001C468
0000DA0B
00007758
FFFEB8DA
00002D21
FFFEAD63
00009EA9
00003A20
0002CC6E
0001477B
0000DC3C
00003636
000245C1
0000CE22
0000B229
FFFF2302
00025DAF
FFFE7A64
000043DB
FFFFDDB4
FFFE45B9
000075E5
FFFEDC02
00010818
00005423
0001341B
FFFEE8F0
0000405F
FFFF617B
000109CE
FFFFA865
000028A1
000058B3
00003124
00012DFF
FFFEF0D3
FFFEFC7C
00019D76
FFFE7EE1
0000F613
FFFEF96A
00008BFE
FFFF6A71
00002CA8
000186A1
00002E74
00014DD4
00018642
FFFE376A
00017822
FFFF5F02
00008E45
00014D3C
FFFF363A
00012B8D
FFFFC74D
FFFF6B58
00014B86
0001BEE7
FFFEF3D6
0001FA3E
0001B221
FFFFC87A
FFFEF2A0
FFFEB8C2
FFFF5067
0001635B
00012E66
FFFDD150
FFFEA08C
FFFF3C07
000159DF
0001C5ED
0002C723
00010B09
00018655
00010310
00012FB2
0002310F
0000031B
FFFF171A
000009C5
00020F4B
000088BB
0001C016
00019B8E
0000254E
0001DE43
FFFFA5CA
000098C5
FFFFE61F
0000A64F
FFFF457E
000059E2
FFFEC651
0001ED1E
0000782D
FFFF80AE
FFFEE9BE
000251E0
FFFFD8BC
0001F25E
00017EF5
0000F40C
0000DDB5
0000422A
0001274D
FFFE31B8
0000E1D2
000138D2
FFFE00D6
FFFFF39A
FFFE1709
00003C17
FFFF8C4B
FFFFD3EE
FFFF5382
FFFFBA5A
00017D97
FFFD1122
00023F01
FFFCF13D
000049F2
FFFECBA0
00012100
0001055C
FFFFECC3
00017DC9
00022446
FFFEDBB0
00023565
0000DF22
0000F577
FFFF0D0E
0001248F
FFFFD813
FFFFC269
FFFF70CC
0000045B
000058BB
0000A4D9
000285D9
00012AA8
0000A51A
FFFFDE3D
00005C9A
0000165B
00012E05
FFFFDEC8
00008BF0
FFFF485D
00018701
FFFF6420
00001DDC
0001D8F2
FFFD750A
000034E6
FFFD251D
FFFFB967
FFFFE40A
FFFF9904
0000285B
00017A4C
FFFFF291
0000A42C
00020DB6
0000E92D
0002F60A
FFFFFA44
0001E5D8
FFFF5A95
0000452F
00002188
00018CB2
FFFEAF54
FFFF1759
0000FCA6
0000FF5B
FFFF5139
FFFF1277
FFFE454D
0000BFB4
FFFFB23F
FFFE98F7
FFFF4885
0000C24E
00016A2E
0000D263
FFFE4A0F
000019EB
00017551
00007821
0001460E
00001041
0001EF84
0000E957
0000AE23
00013FE0
00000504
00000948
0000DBC8
000061BD
FFFE919F
00013F8B
00000CB0
FFFF9E69
FFFE3EA6
FFFE7D72
0000C88B
00009CF9
FFFF445E
FFFE684E
FFFEAF4F
00009180
FFFE8395
FFFFFB96
FFFDEFD5
FFFEE2B2
FFFDA112
00005FC1
FFFF0469
FFFF169C
00007C7A
FFFE4FAF
00010F2A
FFFF4B41
FFFFA1FB
FFFE8E5B
00015BC0
00004B3B
0000637A
FFFEB39C
FFFEDE87
00024511
FFFF7FB5
0001366C
000362FF
0000F99F
0001F873
0000784D
FFFF6632
FFFED2C3
00009192
00008D92
00018909
FFFDD230
FFFFABED
FFFE4794
FFFFE2BE
FFFF76CB
FFFF52C9
FFFE9129
FFFF5990
FFFF6D5D
FFFF2922
FFFF23BA
FFFF2C3D
00006FDE
FFFF8A57
0001BDE7
000216FC
0000C9D6
FFFF97FE
FFFFE4EA
000033B2
0000C9D5
0002557E
000093FC
00005714
00015BA2
00005898
00009C7B
00006422
0000E968
FFFED7E0
FFFECE94
00002314
00007617
00019EAA
FFFE2A44
0001104E
FFFF78D3
00012F1E
0000E016
FFFF500F
00005E8A
00003784
FFFEFBCD
FFFEA487
FFFE472A
FFFFA5EC
FFFE227F
FFFED023
FFFFFE0D
FFFF6E80
FFFE8D44
FFFD57F9
FFFCBC27
00012C09
FFFE3730
FFFD0772
FFFF6D55
FFFF07DD
FFFF62C1
0000D133
FFFE899E
FFFC8554
FFFD7645
000025FB
FFFBED99
FFFD7FA5
FFFFF4E2
FFFED444
FFFF57C0
00008A3A
FFFEBE11
00003008
FFFE6DC5
0000BE7C
FFFFAC00
FFFFE920
FFFE6749
FFFD3D13
FFFD8C00
000162E5
FFFE3DA6
FFFF01F0
00006603
0000E93F
FFFED4A4
FFFE7D52
00012D9B
FFFFE8C8
0002273D
00003609
FFFEFC31
FFFE2F2B
FFFE8EE5
FFFEC055
FFFDD484
FFFDDB4E
FFFEC92C
FFFF5203
FFFD81D6
0000AC81
FFFEF528
000062B3
FFFDFD2D
0000B0EC
FFFDD046
FFFDE023
FFFEE039
00018B4A
00001A39
FFFC15A8
FFFF50A0
FFFFA4A5
FFFDA3A7
FFFFA9B6
0002A43E
00010BAB
FFFFBF75
FFFF267F
0000A199
0000303A
FFFF987C
0001CFF2
0000FC86
00017B95
00016425
FFFD6C82
00010A28
000082E6
00022441
00001CCC
FFFF6768
00026B8B
FFFFCAF2
0000C4FC
FFFF435C
FFFF90B0
FFFDE570
FFFBCB1A
FFFF12E9
00010800
FFFF5A5D
FFFC28BC
FFFE0B5A
FFFDE2FB
FFFE0A5F
FFFE4586
00029461
00005B42
FFFE26DA
000097DD
0000D707
FFFD7593
FFFDC284
FFFFA68D
FFFE7C29
FFFFA933
0001689A
FFFDB3CA
FFFF53E7
FFFEF78D
FFFD2F57
FFFDFCF6
FFFEE3D8
FFFD4CD4
0000E2B7
FFFFC298
00000F8B
FFFE5975
FFFF0D3B
00006459
FFFEE86B
FFFF445B
FFFEF494
FFFEB688
0000F933
FFFF8E60
FFFE01F4
00014F4F
000295A6
FFFF6C02
FFFFD897
FFFF1D0E
FFFEB72E
00013B88
FFFD3D45
00018C19
00005962
0000BCA5
00029A7E
0001A2E2
FFFFC761
00029D28
FFFF9E70
FFFE1E76
FFFFD799
FFFDFE7E
FFFFE66E
FFFF1FCE
FFFE55E3
00000B28
FFFF6731
FFFFC4DE
00012D30
FFFD4DC8
00001157
FFFEBCAA
000039ED
FFFE8080
00020543
FFFF9500
FFFF2723
0000FC40
00004527
0001B374
FFFDC900
FFFFD08E
00015BD8
FFFED7C3
00019844
00009FC9
0002E1A8
0000E582
000123D0
00034FC2
00018421
00010825
00030F8D
0001DD9D
0003C799
00015100
000156AC
FFFFDDBA
FFFE01F2
FFFE4FBE
FFFE9264
00005799
00012CBB
FFFD9DDC
FFFF2BEF
FFFE9710
FFFF9C46
FFFFF0A0
00012E8B
FFFF364F
0002AA7E
0001C1E3
0000899E
000362FA
0000A2F5
FFFF236F
FFFCBC51
000100E4
0001DE30
0000FEB3
FFFE7324
FFFD9C97
0001CFED
FFFD6038
0001F29B
FFFE5CAF
0001B924
00007576
0001961A
FFFFD00B
00014DC9
FFFFDCAB
FFFDD948
000047C5
00028805
00027DD9
FFFF3DF3
000025D1
00015BD5
000240EA
0003A6D7
FFFFFD3B
FFFE38F4
FFFDC4D0
FFFFFC53
FFFE7393
0001AABA
FFFF78C7
FFFE4455
FFFFC9C7
0000BD3E
00006F2C
0001E77D
FFFF728B
000036B9
000270C8
000108A8
FFFECFAC
FFFCEFA7
FFFFAFDB
0001AE78
00009605
FFFFC18B
FFFE00A6
FFFF5F60
FFFF1122
0000A74E
000084E4
000051EF
FFFD6722
FFFFF6E9
FFFFF991
FFFF1E44
FFFF73B3
FFFF5976
FFFEBE96
FFFEC7B5
FFFE0D32
FFFFD8F0
FFFF0449
FFFC749C
000127C4
FFFFE9AA
00016242
FFFF8C5E
FFFFCFED
FFFE51D2
0000B2C6
FFFCE424
FFFFFA23
FFFFEEE0
000010BF
FFFEF98B
00012A66
00009DCA
FFFDB509
FFFEE3A1
0000A1D4
00033DF1
FFFFC841
FFFD0005
00010159
FFFF7982
FFFED4B4
FFFF1153
0000B5B9
00022EB0
FFFFDC2C
00028EE2
00010038
0001E7E2
00004EA7
000000A1
000083F6
FFFDD33B
00003AA4
FFFF34C9
00003F23
0000F5B3
FFFF34A1
FFFE96C5
FFFD5468
FFFF3298
000366E4
000162D2
FFFF9132
FFFFE7E5
00010E95
FFFEA723
0000C1DB
FFFFF9D1
FFFDEA5B
FFFF8602
00025C26
FFFDE8B5
FFFDF7C7
FFFFB82D
FFFEA38C
FFFEF742
000018C2
000064D8
FFFF1D3B
FFFF867D
FFFD794C
0000808B
FFFE9120
FFFFCFAD
FFFEA6F5
FFFE3C63
FFFD8269
FFFFCEA9
000059D2
FFFE7746
FFFEDAAC
FFFF6853
00009BC0
0001E52F
FFFEC28A
FFFF234F
FFFECD77
FFFFC54A
FFFDDEF3
0001E081
00005A75
FFFFD303
FFFE7BFF
0001F4F8
000177BA
FFFEE430
FFFEAD7B
FFFE829C
FFFF6399
FFFDDDAF
FFFE413A
00004615
FFFE0926
FFFD98A4
00021BF8
0000B0F8
00019B80
0000F497
FFFFADC6
0000C33D
0000A73F
FFFFBEFD
000072C6
00023F0F
0000DA99
0001BD8C
0000CCFA
000003DA
0000E341
00027596
0003B2D3
00002D01
FFFEFD46
00009DC5
FFFE2F98
00018B1D
00027DF2
FFFE5A10
FFFEE516
0000A18F
0000C383
0000CB36
FFFF8BEE
00001560
FFFFEDCC
00011125
0000486B
00000A00
0002229E
00037ECD
00038099
00021FD1
0002A68A
00002982
00028BA8
0000EAE1
000018A2
0000B82D
00000648
FFFE5B94
00008AE3
FFFF3753
FFFFD15A
FFFE317A
FFFD51DD
FFFE8CD3
0000C2F2
FFFE716F
00029782
00021ECB
000228FA
0002D00C
0002910F
00035A3B
00015CA4
0001DEDD
00026157
FFFFE24B
FFFE3D85
FFFDEA2B
FFFFB3D9
FFFD8435
00008D53
FFFE1E25
FFFD7DD7
FFFF1CF5
FFFFD421
0000CA85
00002CCA
FFFE1614
FFFFBDD1
FFFFCB68
0000C669
FFFD3C8B
00010C5F
FFFED305
0001054D
0000362C
FFFFCB87
000010EF
FFFF73E6
00018A0D
0003F89A
FFFFBF05
FFFDB7C4
0001CF78
00010CA6
FFFFDBCA
FFFEF15E
00011559
0001AFCF
FFFFE713
0000569F
FFFF8F20
0000907A
FFFF27EB
0002EC98
00002CA7
00006CF6
00011B29
00013EAD
0001EF63
FFFE1F3D
FFFEA0EC
00010F89
FFFF8266
0000FE58
FFFF751B
FFFEE52B
00000552
FFFF67FB
FFFEE419
0000A677
FFFF8E76
FFFF8B76
000012E1
00007029
0002AFCE
FFFFFF4D
FFFFA4AE
0000B547
FFFF7067
FFFEC057
FFFEAFF1
FFFBED98
0000C4B6
00003FDF
FFFD78DD
0000AED0
00016409
FFFF2A0C
FFFFA450
00017CD5
FFFFA050
00013336
0000B226
000237BA
FFFF4EB6
FFFF4595
0000F9B1
FFFF5566
FFFE47AB
FFFF3E6F
00026969
FFFDC69C
000202F9
0001354F
00014F18
0003F246
00002120
00004ACA
0002656D
000280D0
00003526
000231BB
0001D404
FFFEE3BC
FFFFF853
0001EFA7
00003B5A
FFFE8151
0002CE63
FFFEB99B
FFFEBE1C
000113C7
00002F39
FFFF14D2
FFFFE0F6
FFFE41A8
FFFED382
FFFFA6B1
FFFF97ED
00009EF3
000089DA
FFFF43AF
FFFDC701
00002E0D
FFFFC4AA
FFFE58F5
FFFD3640
00005EE1
FFFD5074
FFFD825C
00004FF5
FFFDAA46
FFFE09AB
FFFD114D
0000D078
0000038D
FFFE389E
FFFE0686
FFFF9A9F
FFFE714B
0000403C
FFFF1C9E
FFFEA6AC
FFFD71D7
FFFE7798
FFFFDA47
FFFE9F42
FFFEB59E
FFFF4CC7
FFFD6D94
00005786
00008B23
000072A2
000232C8
FFFEDC4A
FFFF6C38
000047FA
FFFE8DCC
0001AC90
0000F880
FFFF3116
0001FDB6
00013A71
FFFDE827
000163BB
FFFF88BA
FFFE0F8C
000138D2
FFFF2FAA
0001827C
000069D2
FFFFA87D
0001805C
FFFD907A
00019C95
0001D9B5
FFFE002C
0001368D
FFFE09AF
00005AE1
FFFE53FF
00001C13
FFFE9344
00000BFD
FFFCBB19
00010962
0000C9F7
FFFECFEF
000050F5
000163AC
FFFD4236
00015967
000291EA
FFFDBA66
FFFEB03F
00011133
FFFF44B3
0001039D
000100BE
FFFE87B2
FFFEEA70
FFFE784E
FFFDF9A3
0002A72C
FFFDC130
FFFEBFA8
0003BDD0
FFFBAC21
FFFF3DBF
0003084E
FFFCD8FA
0000A1B1
000125A0
00008DBA
FFFFF5C5
FFFE60EC
0001DEF9
0001CA31
FFFEFCDF
FFFDE3EE
00021B2B
0000A720
FFFF4947
FFFF7163
FFFFF7BC
0000CB80
FFFE4454
00018BB9
FFFF228D
FFFE9D30
00012639
FFFCD592
FFFF34C8
00015D7D
FFFEC799
FFFE3EB3
0001E6B9
00004416
0001DE11
FFFECDDA
0000D338
FFFE9D00
0000FFC2
0001F9BB
00014F74
00005F11
FFFED808
FFFF5C74
000501D7
0000A7BD
000155F5
000075DC
000126C3
0001A86D
0001985B
FFFF3699
FFFE4BFD
FFFF6DD3
FFFC9B95
FFFF5E73
00014C1E
FFFF478F
FFFD6CC4
000057FC
FFFD49C3
FFFF6C41
0000D3A3
00018C24
FFFF0C27
000106D6
00014206
FFFE6189
00010B76
00003236
FFFEEE85
00016506
FFFF501B
FFFE417A
FFFE1BD0
FFFEEE82
FFFD67B5
FFFFEF63
00001202
0001A5B4
FFFFAE91
000064AC
0000FEAE
FFFF9EC8
FFFF51FC
FFFE4EF1
00005787
FFFF763E
FFFF8653
FFFEF982
FFFECF1C
FFFFA0A5
00000554
FFFEBE80
FFFF2B20
000016CD
FFFF552A
FFFDBC60
FFFE983A
FFFFEA7B
FFFECB6A
00009B5B
0001E404
FFFCB87C
FFFDC110
FFFE330E
FFFD6D0C
00012615
FFFF3E65
FFFFEDB5
00023E0E
FFFECDDC
FFFE5205
FFFFE6C7
00000E99
0001E204
FFFECFF9
00013CD8
0001D33C
0001212B
00016A16
00018CF0
FFFE10DB
FFFE31CC
00013E4C
000116CD
FFFFAEDB
FFFFFF90
0001237F
00015F68
FFFFCB70
0001C9FF
0001000B
FFFD008B
0002D28D
FFFEC036
FFFE455D
0000C672
FFFBFCCB
FFFFC626
FFFFD056
FFFDF81A
00018775
0001ADBD
0000068A
00010364
0002BE6E
0002501D
0002E098
00017929
00008700
0000AC72
FFFF7EA8
FFFEFD6A
FFFE5C8C
FFFC6FD9
FFFFFA78
0001449F
FFFF4FCC
0000E70C
FFFECCA1
0000A1CC
0000C926
FFFF00ED
00005242
FFFFFB05
0000EC71
00022CCA
0001270E
FFFF3C53
FFFFBDF0
0002789E
0001D724
FFFEADEA
FFFFB2E2
00012B86
00014EBA
00021F7B
FFFEA901
00017823
00031072
FFFF1ED1
FFFE03C3
FFFE6C3A
FFFE21BE
000001DC
FFFFDCDF
FFFD6CC7
000115B7
FFFF1328
FFFD5CF7
0001F283
FFFF2B9D
FFFFD841
000091E9
FFFDCEBE
FFFE1FC0
FFFE2257
000107B7
FFFF7245
0000D87B
0001186D
0001DF72
FFFF0300
000066CE
FFFF32BD
FFFEAE54
0000D56B
0000CCE3
FFFECA9D
00012EF0
FFFD52EC
FFFE297A
FFFF9BFA
0001D5F4
0000822C
FFFFDD3A
FFFFF211
000199F8
FFFEAFE5
0000D358
FFFE94BA
FFFE31CB
FFFED93F
FFFD2930
0000A700
00021222
FFFE86F5
00004E14
FFFF68E5
FFFFF980
FFFECD77
FFFEDEF2
00015FAA
00008BFD
0000EDA4
FFFFA2CB
0003EB94
FFFF9176
FFFFB155
0002F61D
FFFE82DA
00011FC6
FFFF7199
000060DA
FFFF6E8F
0000E331
0001495A
FFFF5E52
00003B15
FFFC837D
0000DEBB
FFFE3FC2
FFFEEABF
FFFFD1DD
FFFCBB5D
FFFD7A6C
FFFDF81C
FFFF60C2
FFFFBBCD
FFFEB3D6
00009765
00023A33
0000BD1E
FFFF4EE1
000099BE
FFFE9041
0002BC32
FFFCFFA6
FFFEAF0D
FFFD6C97
FFFDD00B
00031F75
FFFFF61C
FFFDA7F7
00012D9D
FFFDF08E
000145FA
0000694D
FFFFAA2A
00012E02
0001A92B
FFFF0139
00021E66
0000DBB4
0001C864
FFFD076F
0002ED58
00001997
00014A16
0001E53E
FFFECF15
FFFFD5CC
00013A85
FFFF8B35
FFFEFC16
FFFFB790
FFFF3665
FFFD30A0
0001E629
FFFC75C3
FFFE70E4
00004C49
FFFC3546
FFFE6610
00014BA1
00017CC8
FFFEF131
FFFF32D1
0001D4B5
FFFFEE02
0000EA16
00008F4D
000080C6
FFFF55AF
000042CE
FFFC96D0
0001B47D
FFFEF0BF
FFFC922F
00002F1C
FFFE0E86
00020F9E
0000F9A6
0000C626
00005567
0001BF9E
0001F587
00039C9D
FFFF8F50
00017430
00010B53
FFFDF6C6
FFFF5EDA
000024FB
FFFEB525
FFFF9CBC
00009A11
FFFD38D7
FFFF5E55
FFFF3541
FFFF5188
FFFF6A90
FFFE18D3
000274D0
FFFF7188
000215B8
FFFFCD5F
00007762
FFFF352B
0000CBDE
00019BAF
FFFDF997
FFFEB726
00026665
0000A9F6
FFFE1892
00028199
FFFF50D8
FFFDDD21
0002B116
FFFD4D6F
FFFD83D2
FFFF2FF3
000072D7
0000FAB4
FFFE1A8C
0001D23C
0001DB33
0001E6F1
00009183
00010BEC
00013A17
000219B7
FFFF316A
00008211
FFFF67E2
00002D77
0001B4CD
00005AAC
FFFF3D64
00025117
00021BA1
0000BA1C
0001CD4A
000024B5
FFFEFD21
FFFF842E
FFFEBCA2
FFFE18B0
0000156B
FFFE94EF
00008085
000256FA
FFFF9F36
FFFEECDE
00021FF3
000278D1
FFFF67D9
0000201B
0000F9CC
00010CA1
0003A68C
FFFE0615
000317F1
FFFFB460
FFFCC48A
00022810
FFFF2E93
FFFEA326
0000F9DB
FFFE0268
FFFEB523
FFFF9587
FFFECD75
FFFF15BF
FFFDF53B
000103AB
FFFF0CF0
FFFFA222
FFFC6C87
000031CA
0001523F
FFFEB677
0000B0A3
0001A95A
00002B48
FFFF642B
00002108
FFFF455C
FFFEF1C9
00009D87
0001A509
00016052
FFFE4444
FFFEA86E
FFFF5855
FFFE20D6
FFFE3DF3
FFFED98C
FFFFF14B
0001467F
000166E2
FFFD54AB
FFFF669A
FFFFF42F
FFFE0F19
FFFF19E4
FFFE209F
FFFF6005
00006544
FFFFAA1F
FFFE73F3
FFFF81E9
FFFF8261
000176B8
FFFF3050
FFFED71D
0001AED5
00015EB2
FFFEAA5D
0000ED83
FFFEF055
FFFF096A
FFFE9BEC
00007282
00007018
0002C2DE
FFFE7293
FFFE71DF
00026A29
00019E0B
00005000
0001E093
FFFE8789
0000B7D6
FFFF83BF
FFFF79D2
FFFEB40F
FFFF517D
0001A249
000010DE
0001E9FA
FFFFA2FE
00004D12
FFFFE619
FFFE85CD
FFFD6BC9
0000C309
FFFDC890
00017C28
FFFE82E8
FFFD4EC7
00017728
0001D465
FFFE9EB4
0000CE90
00013EAF
FFFF277D
0001F28A
00005472
0000145A
000146BE
FFFE6233
FFFF96CA
000167D9
00002A60
00012F00
000034B6
FFFF07B0
0001A57D
FFFDFBA5
FFFF55D9
FFFEF5B8
FFFDB5B0
FFFE2C2F
0000CB01
FFFFBFCC
FFFDF2A3
000096A6
0000DBF1
FFFF641C
00011AA2
FFFFD813
00000758
0000206C
FFFF7CC2
00006EBD
00013BDC
00014D84
0000122B
00005E96
0001C6DA
FFFE6F46
FFFFA9D5
FFFF10EA
FFFF3C63
FFFF1BC9
FFFFF4E2
00004311
0000AD6F
00017CDD
FFFDABAB
FFFFB754
FFFF0BA3
0000FF48
FFFF6B8E
FFFF58E2
FFFF9D7A
FFFF397F
FFFFE6C2
FFFFCD76
FFFEE055
FFFED3D1
FFFF7B65
000148B7
FFFF7A18
00000E0E
0000570B
0000A443
FFFF12DD
FFFF1504
00005418
FFFFC492
00005E76
FFFF55A4
FFFFF2D7
00001848
FFFF4C24
000096A0
0000909C
FFFEC677
00007AA0
0000A376
00010254
00012C4F
FFFFA5C2
FFFF4621
0000DECE
FFFF4DC5
00000324
FFFFFB43
0000C930
00000D0D
FFFF9718
00006327
FFFFAA7B
0000F3D1
FFFEC2A4
FFFDE523
00003131
FFFFB6AE
00007C08
0001F802
FFFF7F36
0000E0D4
FFFF9F2A
FFFF76E6
000026D1
00009849
00002816
0001344D
FFFE3B11
FFFEE5A1
FFFF904A
0000C794
FFFFB086
FFFFAB89
FFFE0F13
FFFEC8E2
FFFE5B8B
0000A683
00019073
000171EF
FFFF823F
FFFF4789
FFFED0C9
FFFFD9EA
00002A9B
FFFF8E27
FFFF7D09
00003A8F
FFFF4E28
FFFE06D8
FFFE1A31
FFFDDF59
FFFF7F1E
FFFFE63D
000032B8
FFFE04A8
000052F2
FFFFD178
FFFE968E
FFFD9BF8
FFFF00E3
FFFF7DAA
FFFF7A50
FFFFE223
FFFF61A0
FFFFE771
0000AA0F
0000F2BF
FFFE0BAA
0000C41C
FFFEAC6A
0000D77B
FFFF10C3
FFFF5803
FFFDEA87
00000745
FFFED565
FFFEE551
FFFE477E
FFFF741C
FFFEC143
FFFED871
FFFFD423
0000A3E2
000127A8
FFFFF748
00004F38
FFFE890C
0000166F
FFFED7C8
00002859
00008DC5
FFFE7514
FFFF6C51
00002380
FFFF42B8
FFFF8919
FFFFFAC7
00009C31
000081B2
FFFFD85C
00006E4E
000228A3
000010AD
FFFF3DC3
00003E8D
FFFF03EC
FFFE019B
FFFEAB90
000072BB
FFFF61DF
FFFF24D4
FFFC7000
FFFDDE26
FFFDD3A4
00011C77
FFFDB411
FFFEA856
0000BA28
0000A725
00001FE8
00018B06
FFFF326E
0000220C
00019DD1
00010D0B
FFFF7183
FFFEFD98
FFFFE9D6
FFFEBBB6
0000A7C5
0000A4B3
00012FAB
FFFFD314
000117B6
FFFF6EEF
0000B6AC
FFFF9573
FFFFE88F
FFFF225A
0000876C
000038D5
FFFFACB3
000048CE
FFFE5C5B
FFFED720
FFFFB874
FFFF1042
FFFFD14D
FFFFC285
000082B5
FFFE9531
0000338E
FFFFB6B2
0000D7C2
FFFE60A5
FFFEF09D
00014B9E
FFFE79A2
0000CB78
FFFDE92F
FFFFD63E
FFFFB184
FFFF404B
00010519
FFFF00FB
000142FD
00002BF6
000073A9
00006A48
0000E687
FFFF4C8E
00000EBD
00000542
00003B11
FFFE3612
FFFFC9D0
FFFDF092
00003CFE
00003894
00018AD9
00015148
0000234B
00010892
0000F374
FFFFAAF0
FFFFC0C9
00010376
00012272
0000126F
FFFEB15C
00010492
000091A0
FFFEDAD5
FFFF925F
FFFE8627
FFFF9430
000056BD
000203A2
00000A63
0001AFCC
FFFF9BF7
0001F119
00006165
00013E76
FFFF72EE
0001128A
FFFFF3D9
FFFFC886
FFFF3E66
FFFEF2E4
00020AE7
FFFECC68
FFFFED1C
FFFF687A
000082F9
FFFEFEC6
0001077B
0000972B
000048F4
FFFCE403
0000E109
000018B5
FFFFE322
FFFF0EE1
00008FB0
00008D19
0000CB4E
00014B49
00004126
FFFEAA2D
0000C5F5
FFFEFAA1
0000857B
0001E9C2
FFFEEB0B
00004970
00006F1B
FFFF5697
FFFF7BF2
00005426
000012DA
FFFFF4BD
0000D51E
FFFEE4FD
0000AECE
FFFFC707
0000A647
FFFF1553
0000DFA8
FFFF71BF
00010219
00003C6A
FFFFFFD8
FFFF641C
FFFEAF60
FFFF653B
00001B94
FFFFA38A
FFFEF6AD
FFFF0623
00008E5F
FFFFDCC0
0001153C
FFFFB59C
0001ABCD
FFFF4A6C
00019D89
0000ACF4
0000832F
00003B9E
000140B9
FFFF9A69
00004F68
FFFECEE9
FFFF8FFE
FFFFF634
0000AE14
000089A3
FFFFC447
00005628
00012D73
FFFEF8DC
0000F2FB
00000689
0001920D
00002D19
0000F2F4
FFFFD035
FFFEE498
FFFF0177
FFFFE9A2
00007119
00002B92
FFFF4C2D
00006A54
00000E6B
FFFFB86C
000001B9
FFFF7AC5
0001286B
0000AC94
FFFFC8CC
FFFFAAE2
FFFEB24C
0001725A
00002AFB
0001B010
000117CC
FFFFA704
0000D4DF
FFFFF7D4
0000F374
0001221D
0000D14B
FFFF59E0
00008E09
00019060
0001DBC5
00006122
FFFE9748
FFFEBD71
FFFE5EAF
0000E64D
FFFF7A77
0001B97B
FFFF2D6F
000247CB
FFFFF0DD
00008416
FFFE8176
0001225D
0000E1CB
0000F645
FFFFCB43
FFFF0B76
00001D32
000052BF
0000162D
FFFFB439
FFFFF64E
FFFF25EE
FFFEFB06
0000C8B3
0000C5BA
00014599
FFFE91D2
00000901
000077CC
00019B56
00007E88
FFFF8164
00024C15
FFFF3222
0002A004
FFFE720F
FFFF57ED
FFFF7C2E
00003403
0000BD4C
000181F2
0000900D
FFFF65D6
0000E0A2
00014908
00014365
00003E45
FFFF026F
FFFFE0ED
00009458
FFFF3F0D
FFFFD051
FFFEF32D
FFFFAABE
000103EF
00016B01
0000D1E3
FFFF5908
FFFF41AC
00000444
FFFE3E0D
00000AAD
FFFE7B7B
FFFE94A7
FFFF4FA8
FFFFD844
FFFEE9B3
FFFF2AE0
0001A983
00002E37
FFFFC13B
FFFE00E9
00001213
FFFFE1AB
00011AAA
FFFFA22F
FFFEB454
0000BD46
FFFFDC7A
FFFF512B
FFFFA1F9
FFFFDE77
FFFFC933
00010BFA
000057A9
FFFEBF97
FFFF49D7
FFFF57C7
FFFF9F70
FFFF9AE4
0000314C
FFFEC9CC
FFFEFC7E
0000B192
00016902
0000A3D6
0000148A
0000D0BF
FFFF1225
0001433D
0000B5A9
000098DC
FFFF8F10
00012193
FFFFD527
FFFEB222
FFFFC168
FFFE8CE6
FFFF9E58
00000CB8
000106F7
FFFE9556
00005AA2
FFFFA7F3
00008169
FFFDE328
00004D40
0000C01F
0000A416
FFFE7EFA
00006C74
FFFF8428
FFFFA7E9
FFFF1742
FFFF8EED
0000D1BB
FFFF9A70
FFFF365D
FFFF3E84
FFFF0321
000018E1
0000FB1E
00006552
0002113A
FFFF6A7D
FFFEC590
00012B3A
00009A58
00018F25
FFFF099F
00002D77
00011E41
FFFEDF62
FFFFDC83
0000BA41
FFFF6A7A
00009BF8
FFFE7E1D
FFFFE47E
FFFFE8C7
FFFFB273
FFFEAF34
00025A16
FFFF54AF
0001E3C4
FFFF21EE
0000BCA0
FFFE4AAC
0000B426
FFFFF573
00013320
FFFF3F8C
00000533
FFFE762D
00001568
FFFE5E10
0001729B
FFFF5CE4
FFFF8D84
0000D75C
FFFFFE2C
0001176B
0001B7D9
00014E8A
FFFEE76D
00005610
0000D494
00017768
0000585E
00017FEA
FFFFBE72
00017CF2
FFFF2774
00003117
FFFEEDCC
FFFFB7DF
000080F4
000115E7
FFFE3713
00009C94
00004DBD
00027ABA
FFFF56A4
0000C212
FFFF70CD
0000A526
FFFFAF9C
0000BD96
FFFFF961
FFFFE527
000093A5
FFFF8E39
000165D5
FFFDEEB1
0000A18E
FFFED720
FFFD920F
FFFF9188
0001A3E1
00023A26
FFFDB229
FFFD527E
0000F82B
FFFDE3CA
FFFEC39C
0001EF44
0000BD24
FFFDAB2B
FFFF3D12
00011340
FFFE9D49
0002A283
000157E9
FFFC1E2D
0003752A
FFFCC170
FFFDBF69
0002ABD5
FFFF13CA
0001FD0B
FFFDD397
FFFDB44C
FFFE72A9
FFFCC0F6
0000789D
00018090
FFFE4BCE
00025A6C
0001B12C
FFFDFF28
00032E36
FFFF3E5A
0000A421
0002E8D1
0001C22A
0001611C
FFFFB157
FFFF84C4
FFFCFD4E
00000AAC
FFFE0F96
00004023
00013B23
FFFC548D
FFFC5820
0000A747
00015F9F
FFFDFE17
FFFEFD01
FFFEBBEA
FFFBF70E
FFFEA0FA
0002C3AD
FFFFA133
FFFF1CF0
0002F1F2
FFFE9DA2
0000069A
0001593C
FFFFD03C
FFFFC229
0003428C
FFFF535F
FFFFF5B2
FFFBE18E
0001F445
FFFF0CA7
FFFF9BAF
00024364
FFFCA0D4
00001C13
0000EB35
FFFE9C4B
00010F40
FFFC6844
FFFF41A9
00024343
FFFCA1C9
00001593
00023387
FFFF1B7E
FFFE446F
00016020
FFFED2BD
0000D76F
0000F067
00003059
00025308
000184C3
FFFFA77A
FFFEABBC
00013AA3
00001B07
FFFFD708
000085CB
FFFE2BE3
000162C2
FFFE0D16
FFFEABA0
00008CD2
FFFC80DF
0001131A
FFFD3215
FFFD10C2
0003AA1F
00002366
00014FA4
0003021D
0000803C
0002F231
FFFDEC05
0001DADF
00026843
FFFCF11B
FFFFC1EF
00004910
FFFEC5DF
00002407
000098A1
0002AFA4
FFFF2DBD
FFFEB735
FFFE58EA
FFFEAD53
0000FF3A
00003DBE
FFFC743A
0000130F
0001C928
FFFD8CA5
FFFF4DAB
0001648B
FFFEADE7
00005D13
FFFDF85B
FFFE74A9
FFFE05EE
00003E1B
0000FAA5
FFFFBBC4
FFFDEE59
000268DD
FFFF6911
FFFDA601
FFFDE240
FFFC3CE2
0000340E
FFFEAF3B
FFFDBA57
0002E47D
FFFCD6DE
FFFC327D
FFFD5245
FFFEA6C7
FFFF5BE1
00003BC4
FFFF319C
0001622B
FFFF27C3
FFFE6371
FFFD175F
FFFF7AD5
0001CC0D
000092B3
FFFFCD89
FFFCE17E
FFFE8C19
000049EB
FFFC4B68
FFFD4278
FFFC5388
FFFE3B91
FFFF7AFE
0000202E
FFFF7CA8
FFFED588
00016210
00019356
000267AE
0001C69B
000169E9
FFFDC2AC
0001645F
FFFD97BC
FFFDA697
FFFF9BCD
00017DF6
000202A4
FFFEC449
0001C4E9
00015EA2
00004479
0000498C
00015CC9
000001E2
00024F69
FFFE9A52
0003EC96
FFFDE878
00024FE6
FFFBFEAC
FFFE7D7F
00036410
FFFF11A8
FFFF0EC9
0000F2B9
FFFE5786
000105D9
0000191F
FFFBCEA8
00002BA4
00016ED0
FFFCB18F
FFFEBE75
FFFF458A
FFFDA682
0000D5E7
FFFE0B59
0000D9E8
FFFDEC50
00007B3A
0000C4C4
FFFF1963
FFFE31CF
0002D770
0002B9E4
000217D7
FFFD0708
00013FA5
FFFF9648
FFFE505A
FFFE90A5
00015D55
FFFEFAA2
FFFDBCAA
FFFF77DF
00012BCB
00006001
FFFE252D
FFFF0B3E
FFFF7FA4
FFFF58D9
00008243
00017BC4
0000929F
00008515
FFFFF280
FFFD5280
FFFFA3DE
FFFDF216
FFFF936C
000165AD
FFFD29C0
00016E02
000318B7
000060EF
FFFE1360
FFFF8F1C
00002441
0000F2F2
FFFFC6DF
FFFF30EF
FFFFAE5A
FFFFC0F9
FFFD60DF
0000E3BC
0004512C
FFFC969A
00012802
00011273
FFFD03FE
0001FFD1
000021AF
FFFDDF98
FFFE208A
FFFE83EA
FFFE1897
FFFE0F7B
00000271
FFFDBEF4
FFFCEE15
000155E0
FFFFC139
FFFD7EBD
00011DA8
00025845
00008456
00018A57
0000E541
0000197B
000174A5
0000E7FF
FFFEB28C
00041023
00017644
FFFE29A5
00032DFC
FFFF1CCB
FFFDF610
FFFF1FFC
FFFD17DC
00003D94
FFFECB40
FFFEF26F
FFFEFB14
FFFEA1F2
FFFEBD42
00047D7E
FFFCDFC5
00033BB8
00028639
FFFD9882
00034F5B
00002D00
FFFCA0D5
0001EDAE
FFFECC11
0002771A
FFFC325E
FFFDA6D6
00034308
FFFC928B
FFFD403D
00007C8F
FFFF7624
0003D0E0
FFFEFCCE
0001F066
00044C05
FFFC5B00
00044D69
00022E82
00003BD3
0000F030
000215AF
0001E7BE
FFFE6780
00001DC3
0000F8F5
FFFE7D20
FFFD9A24
0001DB08
FFFF7E5F
FFFCC3F3
0001FD7E
00000FEC
FFFDA308
0000EFF7
0000B0F7
FFFFE4D8
FFFDCD27
00008E66
00026431
000291A6
0002353A
00016F2F
000095BC
0002F06E
0002D5E0
0000AB0F
00029F73
00008C59
00019194
00020E7E
FFFF0EA1
FFFEC05C
0001B472
00001579
FFFE415F
FFFF11D2
FFFE377E
FFFD1A03
FFFD8C76
FFFEDA9D
000102D8
FFFC9EEA
FFFF7907
00015439
FFFC4CBC
00014506
FFFF801E
FFFE32E3
FFFF98C8
000404BB
FFFD05D8
FFFF0CB7
00024C3E
FFFC693E
FFFF4659
00008807
000020BA
FFFF170E
00011C7A
0002728B
0002C194
FFFFC744
00013296
FFFFCEFA
00014480
FFFE3A5E
00010236
FFFFC79B
00002671
FFFE9F2C
FFFFE7F2
FFFFE3CC
0003B5A8
00004C39
0000B54E
0000F379
FFFF394D
000007F3
000045A9
FFFE3E95
00023B4F
FFFD9F81
0002ADD3
0000B590
FFFE2D79
0001174E
FFFFB1B6
FFFCC1A2
00008243
00019452
FFFF2BB4
00028409
FFFDA7F8
00018EA7
00030C2C
FFFE9AAA
FFFFF7AC
FFFFAD6A
0002D528
0000AC98
0000EC0F
00027E91
00016F0A
00015D1B
000226D5
000362AB
0001E455
00008672
000173DF
FFFCDC68
00007DAE
0000F4AE
0000D4A9
FFFE7F1C
00009477
0001B5A2
FFFE9A89
00004A82
000171F3
0000D8A4
FFFE2421
FFFF65D7
00003524
00012881
00013215
0001C841
00003855
FFFE87BB
0001612E
0001CDD8
FFFE3416
00014055
FFFDE330
FFFD0481
FFFF27A3
0001E921
FFFEF9DE
FFFE70CF
00023DDB
0000B65D
0000664B
0000AF59
00011C6D
00009F9E
FFFF5080
FFFE3E9C
0002EE65
0001ACE7
00016DC8
00007B8E
00007FEA
0000775D
0001276F
FFFF905A
FFFFDE24
0003BD5A
0000FE53
FFFF8DB1
000052CB
0000EA46
00004F81
FFFF7379
FFFC70BA
0001CF49
FFFEF716
FFFED693
FFFFB5D6
0001F278
FFFDBA77
000185D8
000297F5
FFFEFB1D
000496E3
FFFD8708
FFFF6FC8
0003AA21
FFFD34AC
FFFFB043
000392C3
FFFF44A1
00005079
FFFF8D8F
0000A6EC
00054B9A
FFFFD6A8
0005BBC1
0002CC56
FFFE417C
0001EC50
FFFF3873
000102E3
FFFD5955
000112C7
0001AB9B
0001D42A
FFFD508D
FFFDC403
00027190
FFFF5D11
FFFEDC34
0000B84D
FFFF3084
0001872E
FFFDF879
FFFEEDE4
0001AA16
000118C0
000015B0
FFFE3152
00012FB6
0000F3B6
0001732A
FFFDB7DE
FFFE33BB
FFFECF23
FFFC2D6D
FFFEEACB
0001F3EF
FFFD606E
FFFEFFD2
00028F98
FFFFDAAE
0000118F
0001D577
FFFF239F
0000E68E
FFFCE1AE
FFFC952B
FFFE7FDC
00008F82
FFFE3301
FFFF3335
FFFD24C6
FFFBF7F3
00015643
FFFFBB40
00011B43
0001324A
00000CF9
FFFE09CC
FFFF7156
FFFDF51F
FFFE8726
FFFEDDD3
FFFEFDAC
FFFFE170
FFFD9FE1
FFFDB1A6
0000A6C4
FFFF5F44
00000A5B
00013C5F
00008250
0000F344
00003E6A
FFFEE7F8
FFFD690A
FFFF91AF
FFFEF1AA
000005F2
00008018
FFFEA719
FFFDCBC1
00011EFA
00016899
FFFE9DFA
FFFE4550
FFFF6F8F
FFFF5658
FFFE452D
FFFF63F8
FFFED166
FFFFF62C
FFFFF7FD
00007A90
000049D5
00014B09
FFFF863D
00008FE2
FFFE70F9
00016EC4
00020C7E
FFFFD167
00000301
00010AF1
FFFE7C82
FFFD82D3
FFFF833E
0000E6B9
0002455E
FFFD2E46
FFFC7D5E
0000C50F
FFFC06B3
FFFCF5FD
0003BEC1
FFFEA2F1
0000630D
FFFF33DB
0001F997
FFFF46D9
0000010B
FFFEAB5F
FFFED771
FFFD9E10
FFFD4920
00001788
FFFDD9D4
FFFEB124
0000779C
000276F0
FFFFBB96
000218A1
000015BA
0000DCD0
000014AF
0000E438
00004372
000059CC
000136BB
FFFF11B6
0000C151
00017F9A
FFFF99A0
00010F01
0001283A
FFFD4A56
FFFD9872
0000C2B2
FFFE918E
0001DF6B
FFFFC00F
FFFE5FAF
FFFD26F7
FFFF11D3
FFFEFD2C
FFFF6D00
FFFF8C14
FFFFDE24
FFFDFF30
FFFE7A63
FFFF9CC5
FFFFD3DB
FFFF3BE8
00005514
FFFED2B6
FFFFBB18
FFFDBB6E
0001A791
FFFEB47E
00004D8D
0001D629
00012AF8
FFFFBB47
FFFD1EEB
00018364
00030B8A
0000255C
FFFFA8F8
FFFF22BD
000045F4
00019881
FFFEB9AE
FFFEA3E6
00008DC7
00012B91
FFFD5F3F
FFFEA9EA
FFFDD4B4
0000B745
FFFF53A4
0000FCCB
00005789
000337C4
FFFF21CA
FFFF1AEE
FFFD8A58
FFFEC02C
FFFF608E
0001D7F7
FFFEFA0E
FFFCEB60
00005F0B
FFFDAEE5
FFFF0758
00022E79
FFFEF2E7
FFFE0657
FFFEFC63
0002B107
000083F7
FFFCFD72
FFFF851B
00005E59
00018B38
00005955
FFFF22B3
FFFD3A4B
FFFD98E1
FFFFC046
FFFFAFCB
FFFED819
FFFE3DAD
FFFEFF03
FFFF4FE2
0000AB0B
0000B6DE
FFFDAA99
FFFDDE9E
0000641E
FFFD0F47
FFFDC00E
00026F7D
FFFC8130
0000BA66
0002DF4A
FFFFFA41
0000D6E3
00035015
0001A2F3
000139B4
0002316F
00025CD8
FFFF2E8A
000394C8
0002821A
FFFFAB76
FFFF7F10
00014794
FFFEB52A
00039011
FFFED72A
0000CEC3
00001DDF
FFFF2600
000209F2
FFFFC06A
0001B71B
0001361F
FFFFBC19
FFFFBB18
00000B6F
0000123C
0000240B
FFFFABDF
FFFDA095
FFFCF5CC
FFFF3F19
0000EA9C
FFFFFAFB
000224D2
00004DBA
0000A32D
FFFEDA0B
FFFE40C8
FFFF4A3E
00025DAF
00004CAE
FFFFB536
FFFF7C7F
00005A3E
00011351
FFFF6D95
FFFEABD7
0001CAB8
00007B86
FFFEE0EC
00025256
FFFF49C3
0000A820
00017016
FFFEE89D
FFFEEAF9
0002A06B
FFFF3A15
FFFF41A7
00037956
FFFFA395
00016947
0001816B
00006ADD
FFFF5E38
FFFF2B04
FFFF02CD
00009C97
0000683D
0000CB74
FFFF5B1B
0000DD42
0003622C
0001402D
FFFF240C
FFFF55B0
FFFF2D9E
FFFE8280
0000E698
00018407
00015D5C
FFFE6C8F
FFFF4E97
00017C9B
FFFFD13D
FFFE3831
00000818
FFFF120F
0002F595
FFFEF468
000203AB
0001A8EA
0000624C
00011BE7
FFFFADFE
FFFF6193
FFFECC6F
FFFFBAF7
0002199C
0002B236
FFFDB8CB
00019E89
FFFF9791
FFFE386D
0000882E
000051D5
000102F8
00018F10
00006BF5
FFFF64FB
0000C40E
FFFFC2AC
00011351
00008779
FFFED9EE
00003B8F
FFFFA1F7
00016D6A
000100BF
FFFFDAB6
000113EC
0003AB8F
FFFFA2A1
FFFFD678
00000C2C
FFFD9831
FFFF29E0
FFFE501A
FFFE27F0
0000AC0C
FFFFEC84
FFFDF96A
FFFFA293
FFFD3B94
00003D1E
FFFFF543
00014ACD
00014C3B
FFFFF206
FFFE5BB3
000049A1
FFFF6FFC
0000368C
FFFDC01C
FFFE9D33
0000E9AB
0000657F
FFFF504D
000146E0
00007C89
FFFFE17F
0000361B
FFFF1D17
FFFF3CA5
00019080
FFFDA755
0000821B
000424D8
FFFF22D8
00015AEC
0000D5F8
0000A3D3
FFFF59C4
FFFF8135
FFFD85C5
FFFF010E
00002D4A
00013CEA
FFFDBD9B
00008504
FFFF6E1D
FFFD0B47
0000F364
FFFD4B3A
FFFE2417
FFFE816C
0001B873
FFFEF442
FFFFBE24
FFFF813F
0001F356
0002AC4E
0001B4CB
00024823
00027FC6
000150D9
FFFE6A52
00004138
000051AB
FFFDFFFB
00011B7C
FFFE5ACB
0000B47E
0000B19D
FFFF4736
FFFED2A5
0001C2AC
FFFF4CAD
0000192C
FFFE9022
FFFF72DF
00005F8A
FFFF1CBE
0001A036
FFFEFE2A
FFFEC2E5
FFFD48C0
00007C6A
FFFD05E6
FFFFEC87
FFFE5503
000228C9
FFFEAF51
FFFF0017
FFFF063E
000167B3
FFFEAC07
0000A1B0
FFFE96B7
FFFDA62A
00028AFC
FFFE0F19
FFFF22AB
FFFD63A6
0000B021
0001BB19
FFFF21CB
00011AC6
00009555
FFFEC3F6
FFFE0FE7
0001AEA8
0000A8CE
FFFFF253
0000A346
FFFE9B7B
FFFFBEEB
0000E7C6
FFFEA6F2
FFFE3F8E
00010AA4
00034D6D
00016A3F
0000534E
FFFFC56E
00015641
0000C3E1
FFFF8FAC
0001A5C5
0001EC0F
FFFF7C06
0000A2C1
00029925
0001B52B
FFFFA7FD
00009615
FFFE09E3
00020272
FFFDE6D5
FFFDDD6C
FFFFC77A
00018268
FFFD8543
0001CA41
FFFEAC5C
FFFC670A
FFFE5CDA
00022B58
FFFE8EB4
0000624B
0000C21A
FFFF883A
0001E7BF
0003BC85
FFFE974F
0002097E
FFFDB28A
FFFE7EEF
FFFE5607
FFFF662A
0002FC6A
FFFF64FD
FFFE008C
FFFE0499
00010329
FFFF467D
0001B621
FFFFD2D2
FFFEF1A9
0001EE84
0000701D
0000AE46
00012E44
00007BF4
00012968
FFFFCF46
00023860
00005049
0001DB60
00014BE6
0000939C
0003F32A
000224BB
FFFEECDF
0000047B
0001E0BF
0001D7E3
FFFDBF94
FFFDB54F
00006C33
00016996
FFFF4C85
0000A1CB
FFFD14A9
FFFF8933
FFFF0602
FFFDE7EA
FFFE84D9
FFFFF279
FFFCB67A
0000740B
FFFFB7F4
FFFF76F5
FFFFA3FB
FFFF704C
0000089C
FFFFE910
FFFF76EA
000079A9
0000C9D3
FFFEC797
FFFF83FE
FFFFDB3A
0000B837
FFFE8DE1
0000C535
FFFFFAFB
FFFF7AFC
FFFEF8E4
FFFF8FFF
0001B438
000077B6
FFFEE9B2
00005394
FFFD97BF
FFFEE997
FFFF39F1
FFFFCA53
00007F4A
0000EDAB
FFFF373F
0002A337
0000B092
0002FEB6
FFFEB92C
FFFF94CD
0001125E
FFFF58E5
FFFEF1A9
FFFF7337
FFFFAC9E
0000D440
0001407D
FFFF1AF1
0000E770
00009A2F
0000BA86
FFFFE91C
FFFF0ED0
FFFFE7C2
00019685
00008124
00028E0A
00038EB2
0000C4BF
FFFEC0D1
FFFF6D42
FFFF4A06
00003E8F
FFFFD04D
0001BE51
0002A507
FFFF5828
FFFF3DF7
FFFF42AB
0000EE33
FFFF3B56
FFFFB533
FFFED653
FFFDA909
FFFFF02B
00002AB2
00021E92
