FFF5C5C7
0003D755
FFF944E5
FFFD0145
000AC6EE
FFF7B82E
FFFE856B
FFFACD12
FFF4C4A9
FFFBD3DA
000027E5
0008517B
00085412
000215C2
FFF69B42
FFF937C1
0000E90C
0002D654
0001E2F4
FFF8681C
00011E66
FFF6B37B
FFFFB742
FFF754BE
FFFAD177
FFFF7F87
FFFA9A6A
000727B5
0006DA18
0005EBC6
FFFF28CD
FFFBC4B4
FFF9C910
FFFDE53E
00029B91
000212CD
0001C72E
0005B9FB
00021337
FFFCE78A
0004C793
FFF64D10
FFF5C706
FFF4FE91
FFF83BF7
FFF941AD
FFFA7282
FFFF55A9
FFF6BD25
FFFFC189
FFF5AEF2
000080FC
FFFBA0CB
FFF5DA2A
FFFE215A
0001AA29
0004E64A
FFFBB8C7
FFF78122
FFF704E2
FFFC67F9
00069686
FFF48D6F
0001F573
FFF89407
FFF53C93
00068CFF
FFFA77E3
FFFA2A65
0000E30B
00007BE0
FFFAFD3E
FFFD7631
00089D6E
FFFD0E1F
0005D32F
0002C320
FFFA0238
000049A2
FFF74DB2
FFFCAF9C
000081BA
0002E7CC
FFFE3E6D
FFFEBD86
FFF7F093
FFF67D1F
FFFF493A
FFFD1191
FFFB7A5E
FFFCB3F0
00070A8C
00095733
FFF76D5B
0010CAEC
00071544
000A1994
000A5EB9
FFFF9BE6
000188C8
00069767
00051F8C
FFF8071B
000519CA
FFFB8C1B
FFFFCB96
FFFBCE48
0004FAE9
FFF969FA
0000C71C
FFFE9184
FFFC48AF
00023295
FFFBB9E3
00086A2C
FFFE35A1
FFF6B5E2
FFF9C3D0
FFF80BF4
FFF04271
FFFB2442
FFFBAA53
FFFA56BE
FFF4CE5E
FFED48CB
FFEE8861
FFFD1D4B
00065F03
00052E79
FFF50158
FFF8CE81
FFFB228A
FFF85DCC
FFFB7681
00000377
FFF865DD
00056C69
000913CC
FFF77AE7
FFF80A85
FFFCA456
0003FEE9
FFF91E5F
FFF3860A
FFFD10C8
FFFDF579
FFFC7654
0004A122
FFFEC7AD
0005D2D5
FFF612E9
FFF80765
FFFB589C
FFFB8157
FFF5395B
000132B6
00037002
FFF8E028
FFFCA08F
0007F641
00071395
FFFD3187
00001546
000545BF
0001D832
FFFC49FA
00089AB0
0007DE3C
FFFCE359
FFFF0409
FFFCDBD1
0007A053
000C26BC
00058D5B
0006DDC7
000843F7
FFFCDD5B
0004BA97
FFFC421D
FFF6DB09
FFFA0D22
FFFD6B06
FFFF1335
FFF77E0B
0001A22F
FFF7BB80
FFF426E3
FFF76790
FFF82DBE
0002117D
0000F72C
FFFD6F6B
FFF53BA2
FFFAA8F9
00003BA1
0000623A
FFFF4816
0000F346
000346CD
FFFFF76D
FFFD7A86
FFF92F6A
000165F1
FFF92605
00029A69
0002AD63
00032712
FFF9E16A
0004B7B3
000B1A05
FFF7528B
0003F7A0
FFF7757C
00036A8F
000757F5
FFFA5094
0002C3A3
0002F7F4
0003D7A8
00037552
FFFD6CA2
FFF43231
00017FAB
FFF8D408
FFF63E66
0005E28C
FFF8AC33
00099901
FFF56881
000114DF
00027BAB
FFF76D87
00086B08
0005ADEB
00070E96
000B4347
FFFC4AB5
FFF9804D
FFF9354B
FFFB57DC
FFFEBE65
00027EA3
FFFAB779
00080932
000478FC
FFFD1FE7
FFFC0B4E
FFFB0260
FFF9BFEC
FFFA3D70
00019971
FFFE00D8
FFF7CBB9
FFFB00A9
FFFEB7A6
FFF77F6B
FFF72619
FFFFBE0D
FFFC9F73
0005BBA5
0004C8D9
00028A79
000043DE
00009D26
FFF7272E
00091D8C
FFFB85F3
0004247A
0005F80B
0008FE9E
FFFC2A70
FFF73B93
0002957B
00065F1D
00044F8D
0000C8AD
FFFD242B
FFFF0855
FFFCF7CA
0004B719
FFFFB5C7
0001B162
0002C209
FFFFCB80
FFFD667B
FFFC5F77
00016733
00048930
FFEECAF0
FFF92A71
FFFA0787
FFFA0AC2
FFFE9D7C
FFF77A7C
FFEC9401
FFF8D62A
FFED770E
00020F06
FFFEC1DE
FFF36958
FFFAD603
FFF2E75E
FFEAED2F
FFF6B656
FFFEBB4D
FFF72A30
FFF8A15A
FFFED575
00011CE4
FFF4F3A8
FFFE95B9
0003CFD6
FFFEE016
000784AF
0004CC24
FFF946CA
00037D3B
FFF44156
FFF7FC5C
FFFD622A
FFFA63D4
FFFDB624
FFFB4328
FFFDB09C
FFFB25B5
FFF9666B
0006BC50
00012746
FFF9353B
0003344E
FFFE200B
FFF305E0
FFFDB42C
0008C51E
FFFDFB59
00026250
FFF7AC91
FFFF45D1
FFFB0CD3
FFF84ACF
00000EED
FFF97566
FFF825EA
FFF933DC
0006E888
00031D3D
000056C1
000204E9
FFFF6C8A
FFF6A48E
FFF6CE5D
000247C2
00016801
0001BE52
FFFA90EF
00052090
FFFBFB37
0002F345
0000FFED
0001A111
FFFE27D5
FFFA71B4
FFF88DB3
FFF15F2E
000916FD
FFFBED4C
0002C228
000258CF
FFF7874A
FFFD1EDE
00002D31
0007B9C8
FFF43AEC
FFFF315E
FFF77A1C
000044F5
FFF75931
000161D8
0003B12B
FFF9CDEE
00049E84
FFFBB5E5
FFF2C7B5
FFF41775
FFF9ADF8
0002E798
FFFFE81E
0008811C
00084F90
FFFE8D42
FFF99EEF
FFF8A0EE
FFF92884
00019FAF
00065BD6
0005370D
000095F4
00009E44
00039AFB
00041612
FFF3D6DA
00049335
FFFE505D
00038FC4
FFF6AF72
FFFA49AB
FFFAD1EF
0001FB8A
FFFAA68C
FFFB2CBE
000015AC
FFFAA4F3
0005DED9
FFFE2019
FFF90F84
FFF78DC2
FFF7B9BF
FFF6CB9E
FFF40374
0001D0E2
FFF68049
FFFEBA3C
00060E42
FFFC4CC2
00057D0F
0002C444
FFF851E1
000174A7
FFF4B129
0002BEB4
FFFF9933
FFFDB6ED
FFF58444
FFFFEBB5
FFF6969D
0001A487
FFF7F7FC
FFFCB4E4
FFF3C761
FFFBD9E6
FFF9077E
FFFADFA8
FFFD714A
0000DD18
FFFF9602
FFFA8B39
0004A6F8
FFFF1344
000298A5
0001DD49
00068C25
0005661D
000086FA
FFF63F09
FFFE3B74
FFFF519F
000144CC
FFFD3F62
FFF97DDF
0003753A
0000A04A
FFF97580
FFFE2878
FFF9EAD8
FFF70A17
FFFAF149
FFFE6B01
00098A70
00015020
00029224
0008F514
00037E20
FFFF147F
FFFAC555
FFF64638
0009B031
FFFF3554
0000B594
FFFB7E46
FFFA9104
FFF4CE67
FFF9F1B1
FFF8BBBF
FFFE586B
0001A177
FFF80EDA
0001DECF
FFFB2943
FFFF5615
000972AA
0006BB54
00068405
FFF8FAE2
FFF6EF68
FFF8804D
000172D7
0006A03F
000A453B
FFFDC3FB
FFFDB9B9
00073452
00065B9F
FFF8A711
FFF80F57
0004FF80
FFFC4BCD
FFFF2A5B
FFFE19D7
FFFD83E8
FFFF7A19
0002EC36
FFF8B4DD
FFFC9A5A
FFFAF489
0004CE4E
FFF76281
00082F49
FFFFDFC5
FFFB3CE9
0004E843
000165FB
FFF74F99
FFFF60F0
FFF77BAE
FFFC345A
FFF2CAEE
00013C83
FFFC6B35
FFFE055F
FFF95336
000253A0
FFFF97BD
FFFA61B5
FFFFCE03
FFFB9546
00023FF1
0001DEAD
FFF39970
00014165
FFFF4BF8
FFF9A0C7
000430C8
0005AC4B
0007B38A
FFFF58F8
FFF76DC3
0007520A
FFFB567F
FFFC9DE2
FFFED72F
FFF81422
00027997
FFFD47C2
FFF7A250
FFF991ED
FFF2C56F
FFF7FE4A
FFF9374C
FFF91CBD
FFFFC03A
FFFE9A9E
FFF325A4
00065C21
00047E24
FFFB934A
FFFABDF6
FFFD29AA
FFF6307D
FFFB0661
FFF913C4
FFF9BE2F
FFFF4638
00044356
FFF3E2F3
FFF71E73
FFF51694
0000F3CA
0001A80D
FFFCDFA5
00078E12
FFFECD7B
000D285A
00033A0D
FFED1BA6
00079BDA
00058CD1
FFFCDE42
00104DF1
0001F5B2
0002EC38
00041903
00044A03
FFF9DFA2
FFFD9DAB
00098854
000277AE
FFF9A621
000DDA78
FFFBACF8
FFFD4164
FFFE965E
FFF8272E
000C7A3C
FFFA9311
FFF9DE06
FFFC2779
0006E92C
FFFD33D0
0006703B
FFFC2491
000AD4FA
FFFE95AF
FFFFE69F
FFFA9FB3
00052A12
FFFD38A2
FFFA397D
0004DE7B
FFF9BCF8
FFFBBE40
FFF6ABA1
0004876A
0003FB35
FFF5DC33
FFFCB1F7
FFFC198C
0006B8AB
FFF612E6
FFF87744
00054516
00017C62
FFF88AE7
FFF7B8A5
000E0C8D
0008E698
000074EA
FFF92031
00033C1E
FFFF22BA
00066AFB
FFFAEB8E
000B473D
00086565
000A6384
0003A4FC
000A7AB9
0006B825
00055710
0006ACBD
FFFE4250
00153CFC
FFF32443
00073150
000DC11C
00018011
FFF50BD3
FFFB3651
FFFAC94E
FFF4F269
FFF7F334
FFF89B59
00058A8C
FFF36505
0005C8B3
00036DCF
FFF3DC48
000D1D93
0003FD37
00000E4F
000623C1
FFF9EC2C
FFFD3880
00016036
000D426B
FFFA3EB6
000447FB
FFFCDBA1
FFF9B652
0003FF55
00047C51
FFFBD3CC
00023F96
0005F608
FFFABD11
0003F12D
0009FB85
000BEC20
FFFEB4DD
00015CB5
00013FAA
FFF9FE9B
00048DC3
0010DB82
000AE8C3
00065C06
000172ED
FFF748BB
0004162F
FFFFBB9A
FFF6C2DC
000A747A
FFFDDBE7
000A27BA
00058B73
FFFA9C0D
00063518
00057B9D
FFFBC36F
FFF2C2C8
000A7EA6
FFFB97F5
FFF5A209
FFFFC390
00080A92
FFF5CE0D
0005C72F
FFFAE901
000261E3
00046241
0001FC47
000DA9C3
00065755
000270A8
00061D17
FFF82E5E
00053EFC
00000556
FFFCBFE0
FFFE67A2
0009F3D9
0013C636
00095A15
0002C178
FFF2A42F
000ECC50
FFFD05C7
FFF9FFA1
FFFDEC77
000051B4
FFFE7557
000550EB
FFFCCDB6
FFFBFC53
FFFFF911
FFFB7C70
0003970A
0007E0BB
FFF886D4
000B679D
00057428
000528DA
FFF96E3D
0004F357
00048F08
0002E057
FFFB7C13
000766B3
FFF0EAE9
FFFB5C1F
0010BA25
FFFA0D85
000993AC
FFFCA530
FFF4809A
FFF4C093
FFF89BD9
FFFCC94B
0000DDCB
FFFFA7ED
00044FA7
FFFECF30
FFFFD7F5
FFFDC60A
FFFE56DA
FFF91D18
FFF73913
FFF130EC
000F5A0D
000803D5
000E2CF1
00074F51
0002EBA8
FFF61AEE
FFF1E587
FFF5C3CF
FFF793C7
FFFBCB0C
0000CE1F
00028BBF
FFFF8F40
FFFDC361
00083D78
000B9F4F
FFFC5A12
000DABA4
0003CFC7
000431B0
000D88DA
0005A5D2
FFEFA478
000F0679
000F175B
00116A64
FFFC5D16
00059CF0
000E70BE
0007212C
000D531A
FFFC8215
000AD804
000C2792
FFFE68C9
0006AE60
FFF8B218
000683D2
0007168B
000CE045
000BEAA0
0001731E
FFFDF6B0
FFF6054A
FFFBB924
FFFB8835
000219C6
FFF70FB8
000540D3
FFF83D18
FFFD8050
FFF485BA
0003A410
FFF89754
0005EECC
FFFD2BB4
FFF6E72B
FFFE875A
0007B39E
000B93FE
0004389D
00092DA1
FFF5FB41
FFFEBDD9
000160B1
0009E48C
FFE6D664
00047CDE
FFF1B34C
000255E6
000BA510
FFFD4ADB
FFF46EF6
FFFC5024
FFFC6F7B
00072954
FFFADE51
000302B1
FFFC14CA
FFF5DC3A
0009BF80
FFFFA2CE
00054205
FFF18EAC
FFFE6950
FFF7D408
FFFDE047
FFFBA9C6
FFF7C7AD
0009362C
0007B9D9
00051757
0001D3AB
000C0D91
000407F3
0002D408
FFFA0867
000EF48F
000F9349
0003CCE3
000E22AE
00035400
FFF8AF3B
00037F38
FFF9FE10
0005E1AD
0007B570
FFF42E89
0004E84C
000430D1
FFF3CD7A
00035C44
000CF81E
FFFD286A
0003E50B
FFF69693
FFFB4432
FFEA6AF7
FFF76BBA
FFF66265
FFFC39AD
FFF1CD76
FFFA1595
FFF9EEC0
00069AD3
0009A34F
000076BC
00053AD6
0010CFE2
00019DC0
000A0B87
0009AA94
0009CD53
000844D9
0009429D
00109048
0007940A
00070DA2
000A5E2A
FFF967B1
001392B4
00003447
0010157E
FFFF03CE
FFF20E53
000733C6
0003E1C0
00046431
0007801D
FFFD6679
FFFB95C2
000B23D2
FFF934F8
00056797
FFEFB000
FFFA69A0
0008E1C2
FFF876A2
00012C31
FFFAD3B3
00063EF1
000276D0
00009B20
FFFB1453
FFF69503
FFF55BC3
FFFAAA25
FFFDDFD7
0000E19B
00000F3A
0008C0AC
0000D734
000AAF96
FFF95C22
FFFBA7C7
000570AD
FFF46908
FFFE1F41
00157611
FFFE6416
FFFE3A33
0009D8C3
0008F0DA
0002EA32
FFFDFBDE
0003AAD6
FFF43C31
FFFC3DB8
FFFEFF32
000E17DD
FFFF0530
0003E6C7
FFFEDCD6
FFFBE96F
FFF44E09
FFFC4432
000B05F7
FFF29392
FFF24E5F
0006608F
00001C7B
00027DF4
FFF57500
FFF3298A
00029C26
FFF99EAD
00090AB2
00019363
FFF41A4C
000A683E
0002D4D6
FFF6F144
FFFCEDFA
000435DF
FFF59058
FFFCB6C8
FFF4F3B0
000F1EA7
FFFB104D
FFF45F6D
0006C03A
0007FD0C
0001317D
FFFCD7EA
0001B0CC
00088986
0000CC08
000390F0
FFEFBCB5
0003C7CA
FFF66D26
00067DAA
00092195
0006F931
000127AA
000763F1
000C4D96
00024A52
00036F2E
000B24E4
0007620C
0001A396
FFFB3F5A
FFFE3011
FFF9489C
000095C1
FFFCFD82
00063D93
FFF392FE
000A1B53
FFFF0B75
000C9E25
FFF68F08
FFF48155
000D9DF3
FFF760CD
FFFBC3B8
00047776
000CA29A
FFFEE9A3
0006EF87
0010107C
0006F1BB
FFF54492
FFFE74EE
0013B797
00076668
0004E016
00023C6B
FFFC3F65
FFFB0233
FFFC6490
FFF84324
00008237
0009FF5B
0003A3A5
00023ED7
0005E536
FFFBB1D6
FFFFBA89
000A014E
00044DD6
00039CC1
FFF4BC59
00040C9A
0002CBE1
000806D0
0008D6D6
FFF15E6D
0000CD05
FFEE56D3
FFF89BA6
00037960
FFFDFF15
FFFA7647
FFF963B4
FFF0ECBD
FFEF8B29
0011DEA8
FFF9D949
FFFC43C6
0006CF29
00071D7A
000C57E4
000426D9
000F455E
FFFDE962
00014E2B
0007BADE
00098C83
0005F9F6
00059D5D
00096930
FFF7D8E5
00042EF9
000812E9
0009F89A
FFFB77CA
000157D3
FFF8E34E
000AB95E
000B4C24
000452EF
FFFB347A
FFED22CB
00092710
0006E00D
0002B335
FFF90126
FFFD79DC
FFF6C186
FFFE18D9
00075E28
FFFFF6A0
FFF3AF6C
FFFDDCAB
FFEFBB7F
0007B5EC
00040FAD
0003FBBC
0004BDA9
00086C77
FFF625D6
FFFE2758
0008CBA5
FFF58E48
FFF948E1
00095588
000C2DA0
FFFC6E60
000A7E38
00024EC9
FFF7CA0B
0002B3A1
FFFBBB73
0002E5CB
0001C259
0005CC0F
00017806
000A4F4A
00030644
00067849
00054878
000D4830
000C8B92
FFF9558B
FFF30DC8
FFFDFADE
0007369F
FFF630C2
FFFFD8B6
FFF823CC
FFF87C06
FFF213A0
FFFB80DC
000B8D3E
FFFD6230
0001C3CF
FFFFCF70
0004015C
00053453
FFFB8F34
FFF7A3F6
FFFB57B7
00095F2D
FFFF7C1C
FFFC8CF9
0003146D
00079164
00025A30
00027410
FFFBFCB1
000B7C5C
0009E4F3
FFFBE8BD
FFFB58D7
000707D6
FFFFCA6C
FFF78D83
FFFC86EA
FFFC75FF
00035D15
0008D3E2
0007FBB3
000BB570
00037619
0006AFDD
000384FD
00048B2C
FFFA566C
0006F5CB
0006670F
0005FF29
000BB59E
000504B1
FFFE71F9
00035BDB
FFFCB37C
0008791E
FFF8A1CF
00003324
FFF62C73
00055CFD
000B6A96
00034D01
0008A782
0007182D
0003B844
0001BAE9
FFFB437C
FFF9BC3D
000916B2
0005EE90
FFFDF0C4
0005ACCA
0007E667
FFF5E2EF
000D2211
00035FE9
FFFD2BBE
000866B6
0001929D
0001255A
FFFEB88F
0005C794
00038C2F
FFFF6B35
000669F5
000A820F
FFFAEC11
0006E9F8
000D5624
000569CF
00010D33
00003661
FFF7E348
00017028
FFFE2D02
FFFF611F
000C7BFA
FFFFD67D
FFF837D6
0008A0FB
0008AEF6
000B65A0
0003E161
FFF01676
0000D14B
FFF3D68E
0002000A
0000ED23
FFFF8BB5
0003558E
FFFC4DFB
FFFF4582
00010C28
00027910
FFF96CE7
FFFFABA0
FFF450C3
0006B56A
000E1B1D
000A5A00
0006C5DF
FFFA5353
00081A5C
000D163F
FFFC77B6
0003B67F
00023B9A
00008C72
000DAEB3
FFF75E86
FFFCB37E
FFF878B9
FFFB47F2
0007CC80
0007A8A8
0007186E
000B9816
0000C9A6
000A91AD
00014166
000ACCFF
0008F16B
FFF9BAC8
000B6308
FFFDD43B
000A9F90
0000C819
FFFC73CD
000FD3DD
00057954
FFF762D1
000B5A35
FFF97864
FFF826FC
00066DC8
FFF73701
00056FE3
FFFAAC44
0005664C
FFF7CD1E
FFF2E290
0008B1FB
00078A8B
FFF45C45
00050365
000C957D
FFFD18AF
000FBB77
0005061C
FFFB213F
00054908
0008A8B2
00070EF9
0002E700
0006D419
000A6A3B
00037A37
FFFB5170
FFFD9133
00041CFF
0000524A
FFF9E4B2
0007D62F
00007EF7
0000D27B
FFFCF4B1
000BA2AC
FFF51E41
000443A3
FFFBCD43
FFFDFBEB
FFFF8D6C
0002CFF3
0003FB2F
0002B3E7
FFFD1992
FFFF9E0F
0008C1CC
FFFA13A7
FFF9A7C6
FFFC270F
0000D563
000597BF
00008D57
FFF87DBF
FFF50E39
FFFA633C
FFF9FBA8
0003E22F
FFFD5A95
000E7458
0002B24B
FFFFD2B1
FFFCEAA9
FFF9BA29
0002C215
0001177E
FFFB8F4C
000E203C
00091A33
0009BF01
0005454D
0003BC4A
FFF6A0BD
00083ECC
FFFB0A38
00046DE2
0009A995
0003CCBF
FFFF71A9
000A8FA3
000AF23C
00097B28
000BAF2E
000990CD
FFFD82E7
00012AB3
FFF6B950
FFF9743E
FFFCFDCA
FFF97303
0001C362
FFF95563
FFF7EEC1
0003D289
FFF9C7F6
FFFE17BC
FFFA4937
FFF686A8
0009F9B6
FFFE6183
0002E83C
FFFEC1A6
FFFD8A89
00080F75
00084BFC
FFF9016F
000579B4
0001B17E
0002DE68
0007FD21
00068F79
FFFA13AA
0006DD67
FFFEE6E2
00031789
0002333A
FFF946B2
00075D07
000590F4
FFFFB37B
FFFAAEF1
00002F5A
FFFA413D
00084E4B
0004D809
000207CE
0004A5B4
FFF65DFC
00058319
FFFE151A
FFF954FF
FFFBC7FD
FFFE31C5
00042ED4
FFFE0008
00061DAD
FFF93406
0005AAD6
FFF45CE2
0001971E
0002E34C
FFFBAA96
FFFFE13A
FFF3C63C
000DC7C0
00055298
0002F80F
FFFFEB1B
00075CF0
FFFC7937
00002FBF
000DA026
FFF47872
0004CCE7
FFF97AF3
00052C57
FFFE6FE3
FFF80D79
FFF9E711
00019EAD
0001EA42
0006AB63
00061AAE
FFFBCF47
00043320
FFFE2B40
00043CCA
FFFBF477
00075DA4
000A077C
FFFD8D0A
FFFDCF4C
00004443
0000B935
0010AD53
0002A950
000F0E5E
0008A624
0007000C
0007DD6B
000568B1
0010B46B
00026378
FFF6C049
FFFA3D33
FFF8BBFE
00081F38
FFFD69C5
0008CC1F
000409F3
FFFF58F1
000873D6
0004C64C
FFF9992C
0006E7CB
FFEE6511
000224A5
0006E75E
FFFE7DF8
00080A66
00071B87
FFFEBB25
00035CC4
000640FC
000192AA
00076BD9
00026358
000C070C
FFFA0FC6
0004C651
0005E2DB
000706E0
0004BD4E
FFFB1B1F
FFF8947F
000A4025
0001A186
FFFF00B6
000C1D8C
FFFFBC27
FFFB72D0
FFFCD0FD
000011C7
FFFE29C8
0005E7A5
000B5A60
0003B5CD
FFF8BFBB
0006544C
FFF33934
00098843
FFF8DF2D
FFFFE84B
FFF82D26
FFFB134D
FFFE727A
000367B3
00026E0B
00024F36
0000D203
000589AA
0003FEF6
0008B626
00020D82
0003BFC3
00094F22
FFF515AF
000B8CA4
FFFCBB65
000AC215
FFFBF292
00028E54
FFF7697E
000E34CC
0003BC31
FFF39DF6
000A5EC8
000307D4
FFF9AC04
FFF94D6E
FFFEAB88
FFFEF0AE
000A6AA6
FFFB1F74
FFF7B19E
00079AC6
FFFF7142
00018EC6
FFFBAE98
0005CB42
FFF793A0
000789AD
000B23D3
0004F944
0009E7F2
FFFCC7C1
FFFBDA1F
0000C7AA
000408BD
00094B61
FFFC9538
FFF965B5
00013D0B
FFFBE722
FFFD30A9
00021B32
00103DAD
00035D06
FFF11CE1
0001430E
00057D72
FFF7F21F
000433D8
00031EDC
000296BE
000441D8
00074A6D
00021AB0
FFFF5069
FFFD3D66
FFFD0E54
FFFDDEDB
000237C8
FFFE7CC7
FFFF16E5
000183C3
FFF85066
00040636
0009041F
FFF47A67
0001C650
FFFC74D6
FFF4BF03
000E3453
000724DC
FFFAF27C
000CE6AA
FFF78A31
FFFB20BA
FFFE764B
FFFDB53D
0001090C
000007B1
FFF82B07
FFF3FB61
FFF8D4CB
00030BB0
FFFABC6D
FFFA9C0A
FFF97EC6
FFFB0EBC
00062DA4
00009468
000AE880
FFFB49CF
FFFA3709
000BD3A6
FFF5ED8B
FFF88FD7
FFF6A98C
0003347D
FFF25C38
FFF49D56
FFFC2AD9
FFFBA3C6
FFFB02D6
000A0EF7
0005EF4B
FFFE50CB
0006A7C7
000C47D2
00033C62
000BC404
0001E34E
FFFB62DF
000D7926
000A0ABD
00030ADA
FFFC1083
FFFCD69A
FFF601A3
FFFB4593
FFFBCBFE
0000AC7D
FFFC7A79
00037DCF
FFFBBFD0
00073E7D
0001D76C
FFFADEF1
00020696
0005E169
FFF59473
000C2D9D
0004A96F
FFFBFC70
FFFF1234
00062EE6
FFFCD18C
000E74E6
0008495A
00039D6F
000DD79B
000BD9CE
FFFA8582
FFFF530E
FFF02C3B
00006CA5
FFF85F6A
0009E0E8
000401FD
000A6945
FFF6B53C
000B3DE1
0006EF89
00039D3E
000889DC
0000B6F4
FFFC56CE
000A9BA0
FFFDC49F
000556BA
0005FD6D
000148E6
00081163
FFFA7718
FFFB0CDA
0001C1A7
FFFFE3DF
FFF73DA4
000015B4
00058CF4
000C551A
FFFBE729
0001CC2D
00073862
FFFE6D0B
0003A20C
0007B1C8
FFFF69D5
FFF54086
0000FC24
FFF7A55E
FFF4EE4B
FFFF447C
FFF68E27
FFF97485
FFF796BA
FFFC2DFD
FFFE3199
00001B05
FFF70270
000954F8
FFFFF31B
FFFBEEC0
FFFFAD92
FFFDDE02
FFF5AAA2
FFFE766F
FFF89E0F
00067A09
FFFF8581
FFFA70A8
0007100F
000D6790
0009ECCB
FFFEE7F5
000BD1DB
00080234
FFF9EF3C
000D8F60
0010B9CE
000DA6A2
FFF921BC
000BFF51
0005413E
0002D41E
FFF84818
FFFAE105
FFEDEBDA
FFF4C5C8
0009F360
FFF9100E
00052901
00055C28
FFF90367
FFF8D755
0005D1A6
FFFE06CA
FFF72F35
00082937
FFF40ED5
0005B985
0001F3D9
0011C3D2
0008079C
000056F5
FFFD1A3C
FFFC748A
FFFF7B20
0008F056
FFFC6ACF
FFF443BF
FFF63EBF
FFF25E14
FFFA0992
00093668
00048F97
FFFB535D
FFF642A8
0000BE18
0000EBDB
FFF0BC15
000253CF
0005CC84
FFF0F265
FFF9BE55
FFFF5134
FFFD7785
00010013
FFFF05D0
FFFA10B2
FFF6E5FE
0004F56F
FFF78A6B
FFF835A4
FFFD07B2
00080C10
000054F9
FFFE9994
0008145A
FFF78448
000AEB32
000648A8
FFFD2E7F
0007814D
FFFB72B0
00001F8D
FFFE8510
00021331
000CF3EB
0003EEFE
00117484
FFFE6339
0006FFF9
000C6078
0001A70D
00083405
0004498D
00093D62
000AB848
FFFB0B96
FFFACC96
FFFDAAE8
00068CE5
FFF88A72
FFFF8414
FFFF5C10
FFFA867E
0002D24A
FFFA081A
0003E678
FFF3DFB1
00047D2E
FFF7149F
000BBDFA
FFF4CA89
000615E8
00026612
000A2108
FFFBF1D6
0009E1F5
000C7164
0000E883
FFFCF835
0006544B
00055FE1
00030DEA
FFF94B57
FFF8F60E
FFF631E3
0006B993
000CAF0B
FFFD0B80
FFFFD905
0004AC26
FFF88304
FFF9765B
FFF4FE9D
000B8BC5
000F6614
0007A2F4
0007989A
000C1909
FFFCEF49
FFFF2AD8
00093C03
FFFA1953
00096812
000760CA
0009AAA0
FFFAFEA4
FFFFB77B
00069F10
0011E991
000506A0
0005015C
000DC652
000DD7AB
000442FF
00010E20
FFF7F138
0001B1D6
0009A247
0009820C
000590A1
00110B9A
00167748
000B53C0
FFFE66C0
FFFF4A96
00021600
000258E6
FFF9102A
FFF6111B
00048627
FFFC81ED
0005CEDD
FFFE6967
FFFBD8CE
00094CC1
FFED9B4C
000236B3
FFF6712C
FFF750B9
000652A8
0004C34B
0000F905
000F9B0A
000DEE83
FFF8456C
FFFA67E4
0009DD9D
000FF68F
00001590
FFFA3E16
000C4116
000055AE
00082691
00014D77
FFFC8C1A
00092ED4
0014C7D1
FFFF9EFC
FFFC56FC
FFFC25E0
FFF6B061
FFF68268
FFFC33F9
0002897B
000C8872
0001A4DB
00099344
00011A36
00062744
0010B1BC
000DAA10
FFF82106
FFF1AD44
FFF71A5E
00064D72
0000EE55
000A3A62
FFFC4D6C
00033E9B
FFFA3DF0
FFFD9EC5
FFFE3ACB
00042605
FFF34DC2
00036E46
000900D5
FFEE7BA5
FFFC5CA8
FFF202F2
0006364B
FFF9D628
00000878
FFFFD282
FFF4093D
FFFEB0F7
FFF85D89
0006F51D
0005D85E
0003E65E
FFFBEB1A
0007D98C
FFFDDDD3
FFFA4241
FFFE6083
0006EBBE
FFFF4652
0003BC5C
FFF48D9A
FFFDC59E
FFF1C714
00064F78
FFF65F66
FFFB37D4
00084B7B
00176DFB
0005812F
000C490E
0001871B
00084D77
0007932D
000DD59F
000B8F04
0002D997
0000FC71
FFFD37D2
0002EFAB
FFFE0735
000C9483
FFFB2EEA
FFF97DBF
FFFD9C4B
FFF20950
FFF91C6E
FFF4C83D
000CF797
FFFAD4E1
000950E3
000D61BC
000D7C4A
FFFBCE6B
FFFFFDE1
0002B45C
FFF2D2EF
FFF2F524
FFF478BD
FFF66C6E
000DE751
000B2C7A
0006AE71
00012C1D
00101C13
000CAD86
0008BD27
FFF80471
00018555
000C3423
0011A4DC
000DBEB7
000D352A
FFFD78E3
FFF857FA
00080CC7
000DC4A2
00067F56
00054726
FFFEC5A2
FFFCDB6D
FFFA06C4
FFFC9390
00019AB5
0001BCC7
00061452
FFF8743C
00072A9B
00019322
0004AA69
00087872
00015904
000BF1FB
0000B510
FFF44956
FFFF82C0
FFFEE571
FFF85648
000058A8
00018BF9
FFFDD9B4
0008987B
FFFC216E
0009EFAB
FFF92BFB
FFFDBA1D
0012A66A
000A315E
00023154
00070825
0005C23B
00010552
00071974
FFF8B091
FFF9D4F2
FFFEF79A
FFF8DF4E
000BD689
FFFD3AB0
FFFC16FE
0010FF7B
FFFC7978
0007C8D6
000B717F
FFFB4CA6
00077F32
00009986
FFFF92A9
FFF47A38
FFF82989
FFFA594A
FFF9DA0A
FFF92104
FFFB083D
FFFB9CA7
0001E3A7
00003CB2
FFFF5159
FFF9F3BA
FFF6A04C
00010253
0008450E
0004E39C
000813FC
00005D8F
FFFBC244
0007E49A
00094745
FFF4C331
000A9C1F
FFFCA4CA
0002F0E5
0007118E
0009D1D1
00085283
0002A161
FFFBD9D1
000B51A0
FFF1909A
000374E7
0008D014
FFFC027D
0004A196
000CF712
FFFD6C3C
FFF4F393
000636FA
FFEF3A13
0008E78F
FFFDEEDD
FFF814BA
FFF821DA
FFF7D75E
FFFACE3B
0009A474
00153A3C
FFFB4DF8
FFFA89D2
000603CF
FFFA18A6
00056B5B
0004650F
000653AF
FFEF972E
FFFE515D
0004FD4E
FFF3CE9C
00027F15
FFFDA0B0
FFFE38CC
000E7BC8
FFF8CD51
0001D5D6
FFFC13A9
00046403
00094006
FFFE9B2F
FFFD7BB8
000019F5
0011228A
0007CDEE
00001410
FFFCC523
00067F93
0009A799
FFF9EA6B
000DC94E
FFF899D6
FFF129CA
0008A4A1
00087961
0001B2DD
00024894
FFFC373A
00081FED
00089CAE
000BBE6A
0000AD2C
FFFFBAE4
FFFB3BC6
FFFC46E5
FFFCAF74
00087350
FFF6E52A
0007C6E1
00044657
FFF90029
FFF69A65
FFFDA63B
FFFEC6FE
FFFF840C
FFFF3D5A
000B9B07
0003636C
0006278A
000C3A54
00055569
FFFD207C
00021A04
000A64F0
000F9E92
000FA716
00047EA5
0005068C
FFF0DD9E
FFFF61F5
FFFA0B16
FFF1E54F
FFF5D92C
FFFA390D
FFF21BC1
FFEF3A51
FFFBD66C
FFF247F1
00089C41
00004D21
FFF8B3D2
FFFF57FD
000BE29C
000F1C31
000E4BDC
0003569A
FFFB8EC6
000026A4
00051FE1
00084199
0009464D
FFFCFF0A
0015B828
00044866
00007728
0006AEEC
00102CDB
00058B4E
FFF55BC1
00044ABB
FFFEFB05
0005260A
00051AB6
000819C5
FFFC1797
000E3CA6
FFF48049
0005D0EA
000775F8
000AB7EA
FFFE6950
000AD995
00025B54
0005C6D8
000154EB
0004F2FE
FFFAF7E9
00048650
00058199
00061CE4
00066B25
000A68A6
FFFDBAF0
000D4790
000B9F6E
FFF76B62
000060B7
00052771
00130918
0009C4BB
FFFC2876
0002B4C3
FFF45D70
FFFF0A6D
FFF7A8E3
0003C6B6
000B82D4
000B58FF
0001ACE5
0003A850
0002314E
FFFAEA0C
001253F5
00073EC1
000B6C00
0006AB66
FFFC52FE
0009C60D
FFFDD907
0005922B
FFF87BCD
FFFFC5D6
00032A31
FFFCF223
000483E1
FFFD4A40
000273F9
FFFA4E07
0004E010
00030E35
FFF42C7B
FFF293D4
FFF78FA6
0006E4F7
FFF7563A
0000E280
000B514C
FFF9D7E3
FFFD97CD
FFFF6927
FFEB31ED
FFF7A6E5
FFF944CC
00039052
FFF8C2AE
FFFCCB97
FFF6B34E
00045CE0
FFFF2108
FFFE1C9D
FFFB1D8E
FFFC43EE
0003775A
0004FDE8
FFF86631
000444E2
00019832
FFF8F41C
FFFF1A86
0005ACA9
FFFC8CC3
FFF55912
FFF95414
00018A1B
0000CB40
FFFE05ED
00001738
FFF8386E
000261A6
FFF80A2B
FFFABE8A
000140BE
FFFF774B
FFFB1D52
00021828
00097FC8
FFFE411A
0001D659
00069A54
00071515
0001A8A5
FFFBED3D
00048B14
0007E6F2
FFFA4CE1
FFF826B8
000143A4
000016FD
FFF8E569
00000DED
FFFE5CA6
00096BF0
FFFF0897
FFF75817
0008B6A3
00035982
FFFC731F
00068CB0
0002EDB6
00064B6E
00036C41
FFFBDD20
FFFCAD9C
FFFC1103
00011688
FFFC06B5
FFF9DB6D
FFFF79D4
FFF6173E
0001DF4D
FFF9049D
00013E34
000280A9
FFFF1119
FFF0C522
FFF36890
FFFF1EAF
00057D55
00032901
FFFF0655
FFFEDB11
FFFCA9D4
00022B3C
FFF788C9
FFFCC41B
000449BA
0004035B
FFFB0A7E
FFFFE749
0000A69E
FFFE5AB7
00045631
FFFBA951
0001BE9A
FFFDE55F
00041626
FFF77238
FFFA5FD3
FFFF0B42
00034DD7
FFFED37F
00049C2B
FFFA04DF
FFFC506D
FFFCD899
FFF66854
0001846B
FFFC2EFB
FFFC404E
FFF8F47B
00027CBA
000145AD
0001BDF1
FFFA9580
FFFB72EE
FFFE4FE2
FFF885A5
FFFFE8AA
FFFE49AC
FFF6C7B2
FFFE773A
FFFB7E08
0007C59A
FFFFB195
00077965
0005A7AF
000A979B
FFFFD0F8
FFFF257E
0008B00C
00066126
FFFDFF1B
0002F9BB
FFF8754E
FFFA5722
FFFC29C2
00039BC2
0005D4B3
FFF626A5
FFF88AC5
0006156D
0002E369
00043D95
0004A526
000584D6
0006B52F
00033A1C
FFFF14B8
0004B959
0000FC4B
FFFBD1D6
FFF3249D
FFFFBC30
FFFF4249
FFFFB0FD
00020652
FFFB6236
FFF782BA
FFF7B2F8
0003CD23
FFFF3FFD
0000C055
FFF78A92
FFF74F11
FFFC5995
0003ED77
FFFF57DD
FFF79795
FFFBF56D
FFFFA8F8
FFFEEEDB
FFFAB561
00047B53
FFFCFE1F
FFFED85F
FFF5E873
000152E9
FFFAD141
000007B0
00066EB1
00068A7A
0001A7F5
FFFFC040
0005B18A
000904AB
FFFA1917
FFF7BA26
FFF91A0E
000093B8
FFFCF7DB
FFFCADAD
FFF8A52A
FFFF49C0
FFFD137B
00022DB4
FFFC4CAD
00021ACB
FFFD2A85
000393A8
00047901
00022D87
000082B6
FFFFD9C1
FFFD1606
0005B052
FFFDAAAE
FFFFB115
FFFE2C2E
0000C8F6
0008AB04
FFFCD038
FFF9BA4F
FFF57F43
FFFBB3D5
FFF7D906
00078612
FFFBF0F1
00074157
FFFBDC20
FFFE14D2
FFF9F880
0001304B
FFF8A0B5
FFFA3020
000127EF
FFF9995C
FFF767D2
0002B3F9
FFF8A510
FFF84781
00082104
0006EC74
FFFA79A2
00001C76
0000977A
FFFAC513
FFFC4255
FFFEF1B2
FFFA88B2
FFFF909C
FFF618E3
FFF42F67
00017A42
FFF97FF6
FFF4820F
FFFD2E19
FFF8C098
FFF53FC6
FFFF5C47
FFFC0C12
0000625E
FFFAF18C
FFFD9B1B
0005C0C4
FFFB40FF
FFFF5C83
FFFCC87F
000071C9
FFFFDD10
0002F587
FFFCCBCD
0004AF45
FFFE75A1
FFF63633
FFFDF8F8
FFFC719C
0000E36E
0000C40A
FFFDBFB2
FFF9F7A7
FFF98AE3
FFFC864E
FFFEEA00
FFFABED4
FFF6F2A0
0000099E
FFFD14D3
FFFBECF1
FFF4072B
FFFD6DF1
FFF15823
FFF704CD
000204FD
FFF69BA1
FFFBCC3D
0001ADC4
FFFF6A81
FFFD21DE
FFFEB484
0009F656
FFFC0FA5
FFFB0B55
00014175
FFFD4B16
FFFFB3C4
0001E8A6
FFFA9385
FFF83180
FFFA9013
FFF284BF
FFF3582E
FFF622F5
FFF62DEA
FFF99F51
FFFCF7B2
FFFB5800
FFF3DCD0
FFF89F97
FFFB7164
FFF3FB6A
FFF9336B
0003DE52
FFF7EF59
FFF6DCA0
FFFEE58B
FFF26947
FFFD88A2
FFFCA959
FFFBDD86
FFF9DB15
0006939C
0004FF70
0003822C
0001C4C5
000B9BAA
00033F18
FFFEF017
00096B33
FFF97769
FFFC65D4
FFF9F254
0004E2E1
FFF8DB79
00017A86
FFFFEE55
0003C863
FFF6239D
0002D9BC
FFF96BDA
0004D137
00059087
FFF88C9E
000ADC1E
0006CA78
FFF7BC41
FFFBB2A6
FFFB9C61
FFF960A7
FFFC9CB1
FFF87B9C
FFF57E84
FFFE9D56
FFFACBA7
FFF7D6E7
FFFA369C
FFFAC989
0001DAC9
00083535
0006C381
0008EEED
00072C25
FFFE0AF6
FFFB94FD
000BCFB2
0006E6EB
0005DA56
0007FEC2
000401E8
FFF9AB49
FFFBBF86
FFFF062C
0002A7AB
FFFFDEEC
FFFAD9F9
00039BC5
FFFB6B7B
FFF60BF0
FFFB4D91
0001EEAC
000264A2
FFFEBE91
FFFA6FA8
FFF8C3D3
000145D2
FFF9FF7C
FFF52C6C
FFF387D9
00036539
0000C790
FFF462AE
FFFFD586
FFF6B810
FFF9F19C
FFFD3F3C
0007B744
000680FB
000978DE
00014DB0
FFFFC04C
000545EC
00003D54
FFFEBC8A
00050213
0002679B
000197F9
FFF735AC
FFFE66A8
FFF6BD5D
FFFA00FD
FFFE90C0
FFFB3D27
0004C548
FFF91C24
00051A4D
FFFF2DE1
FFFFBD5D
FFFDCEB2
00005DE6
0002187E
FFF7F989
FFFDD245
FFFF5385
00051340
FFFD8E2C
FFFE166C
00001A9D
FFFD73D1
0004D610
FFFDD210
00017CAE
000321C5
00034082
0003AD6C
FFFE1D22
00009C1C
0004C8F2
FFFD4A80
FFFC4E42
0005851C
FFF9C718
000609EB
000A4E2B
00088D42
00029166
FFF8680B
00041BF4
FFF3B052
FFFEE3AC
00041D13
0005122C
0003FDEB
FFFA9583
FFF7C661
00071C73
FFF909EE
0004AE52
000420C9
00006AE2
FFFB55D1
FFF9AC87
0004C096
FFFD54AE
FFFE8F81
FFFB8DCE
FFF9F3F8
FFFE27CA
FFFB73AD
00079268
FFFFCD9A
0001306C
0003D1B9
FFFFE32E
FFFC9427
00090059
FFFDB4DB
FFFF9AE6
0005A04F
FFFBAF99
000903A1
0000E6BB
FFFE651A
FFFC6DC7
FFFC3DDE
FFFC7A7B
0001C9E2
0001C8E4
0000545B
0000CCC0
0003D0F1
000235E2
FFFAD16A
000663CD
FFFF40CE
FFFB5E93
FFF56F5E
FFFEC55C
000357D8
FFF8CFE1
FFFDD23F
00001EE6
0002D45B
FFF2409B
FFF68BBD
FFFEA1F2
0000206E
00090AB9
FFF36947
FFF23E90
FFFF95C7
FFFD76D1
FFFD4040
FFFBBC09
FFFE7DF2
00070D2D
0005F92C
FFFF7ADD
000551CF
FFFD319D
FFF9B3F8
FFFE78CF
FFFEB561
00027140
00083AA4
000002B7
FFFFE2C5
0001361F
0007B346
00013E52
0007BCCE
00035A46
00051DD3
FFFBC4EA
FFFF1C80
FFFC71A4
FFFEEA45
00010A95
00002407
000140E3
0002CB8B
00041053
0002BAE1
FFFB9B8B
0000A6FF
FFF4FB18
FFFD3183
FFFE1841
FFFD6A52
FFFF4BAE
FFFC698F
FFF87C5A
00059CA5
FFFA7F52
000440E6
00014C03
0003C17B
000361AA
FFFC0D4B
00005918
FFF8B457
FFFFFE23
FFF85665
0004549B
00016036
FFFAC79B
FFFA3C19
FFF9E8B5
000560E9
FFFD630A
0001E67C
0006EC8C
FFF891D4
FFF71CCC
000222EA
FFF9B546
FFF9D509
FFF5DBBA
FFFA3049
0006DE9B
0001B7DD
0004E969
FFF8047C
FFFBDC81
FFFEC37D
00055C47
0000A511
000310CD
00058000
0002C03E
00021585
0002295F
0006E130
00035364
0007171A
00008198
FFFD166E
0007FB7C
0000893A
00004CC9
00056FD1
FFF8227D
0000FA68
00027B02
00058880
0007A9F1
000031FD
00014638
00051EA9
0005CAE4
FFFB8F3F
0001A3CD
00043889
0000F716
FFFC3CA1
00056900
00029617
0001E7A5
FFFECBE1
FFFCD216
00011B88
FFFEC0C9
00030BB4
000333F8
FFF6F43C
FFF96154
00011791
FFFE906E
FFFB1353
FFFFD36E
FFFE030D
FFF7A1CB
000003D2
0005124D
0001C5A9
00058409
FFFDE8A3
FFFE2E64
FFFDFA12
FFFF3344
FFFEB543
FFFFB701
000425C8
00079EE9
FFF9F2E9
0005E00F
00008F6A
FFFEC4EE
FFFDD215
0002D3CF
FFFB57DB
000883C2
000107A5
00090C07
0002FCDE
FFFF296B
FFFEF2FF
00053655
FFF9AB40
FFFE09C5
0004B707
00027D68
00045BAB
FFFE30F8
FFFC3CFE
FFFC3E94
000782B2
00057EFA
0003F96F
FFFFE5FC
00031899
0008A091
000661C9
00025923
00029890
00007A22
000604F4
00049513
00016E7B
0003D787
0006B020
00014F36
FFFEC705
FFFC03DA
FFFFDA5C
0001BF69
FFFBF50B
000A633A
FFFBA2A0
0008F11E
00032D9A
FFFFFDC3
FFFC3FEF
00021595
0009B128
000B873F
0007D89F
FFFA24A2
FFFE7BD5
000094C1
FFFC0457
0000D616
0003F0D8
00060821
0004839A
FFF92A72
FFF928A6
FFFB13FD
FFFF57D8
FFFEC543
00003874
FFFCAB83
FFFCDFB9
FFFF6C8C
00043938
FFFD5281
FFFDDEA2
00064E4E
0001043A
00025508
FFFD96DA
0001089E
FFFA2671
FFF9E2D8
FFFA4A30
0005F7CD
00028FB0
FFF7A1B4
FFFFCB3E
FFFA6965
00014B7C
FFFF6022
000938C5
000294FF
FFFCDE32
FFFA7822
FFFD854F
FFFB7D23
FFFAB44A
FFFAF522
000289FA
000292B3
FFF830E2
00072EC6
FFFDBD70
0004C8B7
0009A71D
00091E75
0007881B
0007FC5B
00075B51
0004D77E
00016A72
0002471B
000493EB
000206CB
000A0E06
000917F8
00060F06
FFFB5E10
FFFF7572
FFFAE41E
00058516
00018AFC
FFFFFC9A
00025E44
0003CB7A
00063A94
0008124E
FFFF84C1
0009C4DC
000E2334
FFFBC90D
FFFCB0F9
FFF9BAE9
00044D04
000341BF
FFFF1401
0003A17D
0006C473
0005CDA9
0000506F
000B6B54
00022146
0000583A
FFFC18F7
00096DAA
FFFDCD28
FFFFF621
FFFAF046
0008126D
0003618E
000C3D8C
00047753
000C70C6
000338A9
000755C2
00047DA4
FFFD8A80
FFFE0EBB
0000ADC8
000361D8
00058D92
FFFFC802
000B5D01
0002DE0F
0005FB98
FFFED245
FFFEE4C7
FFFC98DB
00009193
FFFCBD6B
FFF96607
FFFFC1E8
FFFDB595
00055683
FFFF2AD9
000308C3
0004F3EA
000695C9
0002E037
0007C7AF
FFFA1A68
0001E1FA
FFFA57C6
FFFBB32B
0008069F
0004FC63
00007A01
0004F381
FFF84B85
00019895
FFFCD91C
FFFC2860
0008773E
0002F935
00058281
FFFBD9D0
FFF9A7DC
00005EDD
00025311
0003215C
00051F3E
0002EA20
000743C3
00009E4A
0003E0D9
FFFE1C3E
000B3589
00097F71
000D2F41
FFFF75B2
00030E9D
FFFA77F4
FFF6EF51
FFFE3D47
0004FD52
FFFF5237
000D5E59
000A5EF1
00109A73
00084727
00065721
FFFAD103
FFFE47FF
00045931
FFFAEF0D
FFFD755A
FFF958C2
FFFF4FA3
FFFFF63E
0006CD46
FFFED3BE
FFFBE0BF
FFFCDE4A
0000FF4C
0008844C
000097C5
00103FE7
000B947F
FFFE547D
FFFCD387
0002CEB1
FFF87F3D
0003E225
00059710
FFFE03EB
0004693B
000B0242
0003987B
0001EDCC
00046969
00056140
00033EBA
FFFF8A69
0006706B
FFFFD3C8
000730BE
00036E32
00007DB1
FFFA2BED
FFFB5185
00046AE6
00013ADC
FFF61040
0003FE90
FFF70CAF
FFFED499
00063BF6
000C8304
00089CA1
00047D0F
00062FE6
0007F2D2
FFFFF361
0006FC38
FFFBA76C
FFFFAD3E
FFFF4351
FFFEFE37
00012BBA
000664EE
00025AFF
0006C8F3
000A62C0
FFFAF565
0001AE28
00031580
FFF68219
FFFCAEC6
000426F6
FFF7997C
00064694
00057BA9
FFFAC428
FFFC9D73
FFFD864F
00035865
00015A00
FFFAC821
00038D3D
000C1A5A
0001C521
00001754
0003CC74
0000DF57
FFFF2B37
000B1B13
0006595B
0002E21F
00029A30
FFFE1A17
0005EFF9
00013BE5
0008E0B3
FFFD427A
FFFB78E0
00031B37
0007CE85
FFFDE571
000879A5
0000182A
00003AA8
00051440
FFF75AE2
FFFB0395
0004BE61
0002C297
00050AD3
FFFD5EA2
FFFA7F03
FFFEF5BB
0001558C
0000DA96
FFFFF468
00015F3C
0003A3A6
00077432
000A7A1A
FFFE3349
FFFDC712
FFFCE461
FFFE0919
FFFB28F8
000650E4
FFFD850A
00034233
FFFDA99C
00025D27
00074400
00057BC2
0003795B
0005F23D
0003A678
FFFD044E
FFFE039B
0003BC9B
FFFD9FB0
FFFF409A
000783EA
FFFD3CDD
FFF9C844
0002182A
FFFF6D18
0001A97E
FFFD281B
FFF7DD63
FFFF714E
0004A67C
0009575F
FFFE7F79
00072C35
0005ECF8
0002F670
FFFE2671
00003B38
0003E621
FFFF5288
0007FA0D
0009E84A
0006F220
FFFAB57A
FFFA00A5
FFF8708F
FFFDD607
0006E5EE
FFFE877D
0005BCA6
00032166
000573D4
FFFC25F0
000497FD
00064742
FFF82F68
0002CCF1
00010924
0003D694
0000C620
0000034E
FFFB8F33
FFFE7D48
FFFF43A1
000652F5
FFFEDE72
FFFCB844
FFFF62CF
0005012F
FFFC3B96
FFFB0973
0004E858
FFFF6621
00022147
000246BE
0004E4CE
00003587
FFFCB7D3
FFFFD3E7
000517F1
000087B8
00033C15
FFFDD09C
00003677
FFFF9AE6
00078CF2
000787D1
0006C69C
FFFC6771
00027C66
FFFCC907
FFF9EC2B
FFFD6EF7
0009E629
FFF92845
FFFD79E6
00066992
FFFF6969
0007F53A
000B6E90
00017112
0003BA27
0004F5E8
0000FCFD
FFFC6A94
00037BF0
0005D765
000290F0
0001F256
FFFB8401
000036D7
FFFBD607
00001CEC
0003F687
000679B4
FFF91240
0007F6F6
FFFAA650
0003CA48
000452C1
00061CE7
0001DF72
FFF996C7
0001A5AD
FFFBD725
FFFE3601
0003D8A7
0003DB73
00077D76
0003F0E0
00071543
00002374
FFFF370C
0000806C
00041224
00040832
FFFAE242
0005B758
00095164
000774AE
FFFE7AE9
0004B6B1
000635BA
FFF9F3E2
FFFB8842
000618C2
FFFD4F20
FFFEA27C
0000DD76
FFF8CB8C
00033C9F
0003482F
00050D4E
000701C5
FFFC89D7
0002657B
00047F42
FFF81111
000196C0
0003026F
FFF72449
FFFE2089
FFFB9117
00019DF8
00068FFA
FFFFB6A0
00096C08
FFFFC87F
FFFDDCCA
00030E50
0002E9E3
00023A43
FFFCB3FD
00077CA1
00054650
00031ED1
0000ECD4
00036CE9
FFFDC371
000B5396
0000AD49
00070CAE
FFFB028D
0002EAC0
FFFDF76E
000F7C49
FFF15F2B
FFFA3196
FFFA1D18
FFFB8A65
000498D4
FFF3BDAD
FFEFF8A0
0004EA71
000BED47
00004C88
0009B0DE
FFF718DA
FFF52CED
FFF95480
00099281
00011C4E
00027300
000F784D
FFFA116A
00061675
000197CC
FFFE0A0C
00008B6C
000D6A27
FFFEE0C4
000CDDC0
000935BC
00009813
FFFCAA0B
FFFACD9C
00002F85
0002B3DE
FFF37FCA
FFFE01BD
000C20E6
FFF4769E
000731C5
FFFC9842
FFFC7286
00010E26
FFF1A058
FFF5E067
FFFE743D
FFF236BC
0009C140
FFEB5942
FFEFAF93
FFF98A0B
FFF626F6
00039283
000458F1
FFF3B127
00044447
FFF5CC69
FFFA053F
FFFDCC79
00023B59
FFF377D6
00055C0B
FFFF001C
FFF1D00C
0009072C
FFF8F1AB
00021127
000621C9
FFFC411D
FFF8F309
00061414
000235F3
FFF36CC2
000406BD
FFF25C14
000447FB
0004AD89
FFF9D30E
FFF40782
0003BAF4
FFF5951E
000827F8
000422ED
FFEE58D9
0000B47B
FFFE0D66
000C4B6A
0005709E
FFFE3ADB
000BE83F
000706BD
FFF99610
FFFEE444
000AF67C
00034D29
0001E807
FFFAFBF1
FFFBC089
000AE144
00050866
00099054
FFF7CDCE
00066088
0005D013
FFFC3714
0011FAB6
0000C0C7
FFF7FD5B
FFF34DF5
00020B32
000684EB
FFFB36F6
FFFBCEC7
FFFB9CF2
FFF5D0B2
0000C2DF
00002487
FFFAD590
FFF73563
0001F52B
FFFD17E3
FFFE4800
00021D87
0004A9B7
FFF52B23
FFF77AA9
FFF6A0C8
0002F1F5
FFF80F63
FFFD871C
000DFBBD
0000A367
000DD179
FFF4B7E0
FFF8BE07
0006F408
FFF76235
00062F9A
00010B0B
FFFA0B3B
FFFF5975
000729A6
0008C0A6
0007D965
00024483
00081106
FFF9E4CD
0002D8B7
000B61B7
00063500
FFFA28FC
FFFF4815
FFF7A3DE
FFFCDB36
FFFFB920
0008D689
FFFCE1DC
0008F4A7
00071F3D
FFF63642
FFF9E8E5
000092D1
00037D36
0008AC4C
000D2C76
FFF8D23B
FFFB9B0D
FFF6BD6D
FFFFE3EF
00105481
FFFB0B7B
FFFE002D
00084E4D
000B8A5C
FFECB2E1
00099669
FFFCBE95
FFF424FC
000B0ED2
FFFB6EFC
000D83C0
000597B8
FFF6686E
000884BA
00060A9C
FFF1F8AF
FFFD8756
FFFD8F00
000A0B5A
FFFA22F4
FFF5B557
0008AE41
FFF8BF21
FFED7175
FFF9D24E
0005B1C7
000F0588
FFFAEBCC
000114B1
FFFADD75
FFFD08F6
FFF76CB6
FFFA4D37
FFFAEDF3
FFFB560B
FFFD0309
FFFFE573
FFFFE049
0007785E
00089119
FFFCBC7A
000633B5
FFFA9EAA
FFFDE74D
FFFD8D61
0006E9C5
FFF4641C
000C3552
FFF8C30F
FFFA1F64
FFFC7B99
FFF19031
FFFC271F
0008148F
FFFE8989
FFFC609D
0005E4DA
FFF92396
FFF599C7
FFFD9724
FFFE0572
FFF8F544
FFF72C94
FFFBA046
FFFA28C6
000839D8
00067A8C
00008F30
FFF78B6B
00047871
FFFB7212
FFFF41D9
FFF8D925
000333A0
0007D374
FFFAFD6B
00072D8D
0000D8E4
0002A149
00005FF8
00047A73
FFF89678
FFFA2CEE
FFFD43CE
FFF57FEA
FFF4BE33
FFFD5CB8
FFFCDCE8
0001CB72
0004DFAE
0000EE9B
FFF7403D
FFF90BA9
000110E1
FFEDA7B1
00102521
FFFDD66F
000563AD
FFF7C252
FFFECDF7
FFFE7170
001208CD
FFF97B39
00055E3B
000332CB
FFFD181C
FFF1E7D9
FFFD1DC8
00021403
000882ED
00124E43
00044B81
000D2EE3
00107152
FFF62732
0006E984
000146D7
000C58C8
FFFCA6C4
0007BC90
FFF09D6C
000A9FAC
0001F3D8
00023211
0004D4BC
FFFF6EC1
FFFF6831
00035B23
0003A2A2
FFF62A15
FFF7CD89
00019B66
FFFC4B07
FFF5A8C3
FFFF9F4E
FFFA2BE5
00073847
FFFCAEFF
FFF396ED
FFFFEB7D
000990C2
FFFBE44C
FFEEB344
FFFF0220
FFFEFB28
FFFA5E00
FFF9B271
0006D4B7
FFF86153
FFED2455
FFFDC49A
FFFA7A75
0002D25D
00112CDC
FFFF6F6D
FFF7A60E
00018AE9
0008C584
0000D5C9
FFFD233F
000984D7
000B198B
001240F4
FFF53B0E
FFF94BAF
0006E475
FFF50FFC
FFF5C6CB
0000787C
FFF3F19B
FFEF87D0
00078F9C
FFF5688B
00052E1C
0007FC3D
FFFCABCD
FFFCF176
FFFE6870
FFF89D22
000B3A6E
FFFF3082
00095636
FFFFEEB9
000315C1
00017101
FFF4CDDE
001029EF
FFF79DB4
000050BF
FFFFCC92
000CB2F4
FFF5D52D
FFFA3E41
000074C1
FFFF8D27
FFFFAE60
0001E4A2
00032DC0
00035961
FFF6BDEF
000667B0
FFFCD79D
FFF9F1F6
00019B10
FFFF2224
FFF6A934
FFFCB1DD
000126E4
FFFDF185
0001B36B
FFF9320B
FFFAC2FF
0001D88F
FFFC5E95
FFFBBE12
000C19D2
00047322
0007FB91
FFFA6AC5
FFFDFB04
FFE82446
FFFF5D7B
000E6A2E
FFFA3457
00032E95
FFFF1A66
FFFA04F1
0003C329
000856FA
0008F50E
FFF7956B
0001637B
FFFD4A58
00031D31
FFF6D5A8
FFF98DE0
00094154
FFFD8469
FFEEFCBE
FFF57902
000CA631
FFFD321A
00022933
000D2A06
FFFB2595
FFF931C5
FFF33C4B
000E6C0E
FFF07131
FFFE5D5B
0004C9C0
0006FAB3
0001316B
FFEF751C
0007B06F
00054B95
FFE8B9C7
FFFFA13B
00011D00
FFFF50DC
0001C34B
FFF61F15
FFF2C1F3
FFFB5203
FFEA22ED
FFF542BC
FFF4B267
0006C9D7
FFFEBB20
000397D3
00072F07
FFFC5723
FFF67772
000C6E8B
FFF3D619
FFF73CE0
FFFEF4FD
0001E113
FFF9B027
0001112B
0000026A
00012FBC
FFFFADFB
FFF947AE
FFF895C8
FFF63903
FFF9871D
00042E94
FFFD952F
FFEE6E0E
0004631F
FFFA2CE2
000327BC
FFFC2206
0001A9C8
FFFDE40E
0006DFC6
00041A00
0001A4F0
00058405
000157C4
0002259F
FFFDF08D
FFFA3B84
FFFE2C64
FFF51463
FFFFD498
FFFEC474
0009EF9E
FFFF02F1
FFFDCF78
0005A243
000B6F04
FFF392F7
000881BD
FFF6B7F1
FFFE7853
0011094F
FFFA9C88
FFF5F62B
0005BA03
FFF502C9
FFEC6664
00038E2A
000675E7
FFF7739E
001105B3
FFF640BA
0005E99C
000A9C34
FFFB9C40
FFFE7956
FFF8910F
FFF6BA75
FFFD4D19
0009E5FA
000695AB
0004E365
000521D2
00045E6C
FFF0A534
0005451E
0000CD10
FFF2E9D7
FFF90BC0
FFFE1A68
FFFC255E
00052C32
FFFE9615
FFFAA8B8
FFFFF253
FFFCEF65
FFF2731E
0004EA81
FFFABE26
00092B5E
FFF85501
FFF718CC
0000C5A9
FFFF7404
000A3F75
000568CC
000077CF
0008F82A
FFF34E68
00007A0E
0009E668
FFFCDFFC
FFFBE6D7
00066C47
FFF9B03E
FFFD159B
00018A11
FFFDDDAE
FFFF2FDD
0003B33E
00075DFE
000AC9BE
FFF547AD
FFF5968C
000918FE
FFFF53F0
FFFB16EB
FFF84DE7
FFFA5938
FFF66D01
FFFD1B29
000252F9
0006C2A5
000F696C
00002E2E
0004C4C2
0005FD79
FFF91A35
0001AB6E
FFEC8109
FFF69130
000B3605
0003D733
FFF52F26
000739CA
FFFFA083
FFFDF294
00052AA6
0000AA5E
0006B18E
00054A88
000D8C7B
0005388C
000F0F8C
0014C51A
000E8F31
0014AC94
FFFF5C88
0005F53E
000301C4
00003221
0006CDA7
00047023
FFFD301E
FFF6A4E5
000221A7
FFFC9B58
0000BF0A
00060018
000477D6
00099B76
000C7D63
000EC58A
FFFA7B6D
0004FA5C
FFFB0E40
0000B520
0005134D
000A9B6D
0005B9DC
0007CEB8
0005A817
00014418
FFF866EB
00098699
000252A8
0003ED59
FFF94404
0002DCB8
FFFD97BB
000E27BE
000614CD
FFFBAB04
0009C196
000A9DE6
00026D2F
0006D11D
0007E6A4
000FC771
00068E55
0012107B
00040729
0002F9D4
FFFE422E
FFF8B62F
FFFEC10E
FFF8025C
00030F19
0007CB5C
FFFCC201
000A1DD5
FFFC5EC4
0005CE55
FFF9EDA4
000D40F7
FFF7A9AC
000CE5F4
FFFD072B
0005AF31
FFF76FE6
000DE7F8
00061AC2
000791A7
0003AFCC
FFFB1C35
00033DDA
FFFFAE6B
FFFAD914
FFF79D86
FFF63054
FFFF32A3
FFF5F8EF
FFFE7FD8
0003285D
00031439
0004AB5E
FFF6C2B9
000CF807
FFF540BA
FFF3914B
FFF4412A
FFF7F613
FFF6711F
FFF89A5E
FFFE7143
00014E63
FFEAECBB
000BA54B
0003B07A
FFFEE1D6
0000EDEE
0002DB78
000685B3
FFFF6A62
000B98A0
00051F97
FFFAB416
0003C2EA
FFF9FEBE
00075C23
FFF6E2A9
0006982A
00023240
00035903
00044389
000229FA
0000848E
00077F28
000305BB
000D2D91
FFFE0287
000A4C9D
FFFBD0F7
FFFCDDF1
FFFADC07
0007C15E
00070B27
0004ABD0
000032AC
FFF7716E
0006BBAD
FFFFFB18
000E5CD4
000143B4
00007C2C
FFFC4DC3
000938AF
000A51A7
FFF7E0E5
FFFDD795
00055C74
FFFAFAC7
0000F411
0005F18C
FFFAFB1A
0004181D
00086996
000E1B6F
00013E29
0003B837
00046FDD
FFFBB6C3
FFFAA740
000AC38E
0003C67C
FFF29B3E
000F25A4
000582F8
FFFFCE77
0006F08D
FFF8B20A
00085399
FFFA267D
00011E31
0000DC05
000EE78D
0000FC1C
00050479
00024320
00037B28
0002B444
0002F320
00001D4C
00123816
0005CFAE
0002718E
000A8772
000AD850
0000A2FF
000A8205
000FA8CA
0004DE11
FFF848C4
FFFB8D92
FFF96DBB
FFF8C490
00068467
0008AFB4
FFFF5F6E
00022165
0010B183
FFFADC18
0001C415
000AAF1B
000C208A
00073310
FFFFA637
FFFCFFFB
FFF7680A
000E2D4F
0008101D
FFF814E3
FFFF70EE
FFFCE414
FFFA5AB8
000A4064
FFF93B13
0004FFBD
00006670
0012F899
000153DD
00092094
FFFAA00C
0003816E
000A8CA0
FFF71BB8
0000ED5E
0007AE0C
000A2DAC
00048029
0002459D
0003CC24
FFF80714
FFFA5566
FFF7A497
FFF0420D
FFEB34F8
FFF9C8FD
FFFC8108
FFF86B65
0004CC94
FFF32BC6
FFF8A77D
0003E9D8
FFF82E99
000B213A
00012010
000990BC
000744AE
00012B0A
FFF4D082
000295F8
00089B63
00074985
0004FE8D
0008F6E6
00043DE4
0012DE0B
0002E857
00094268
FFF6636B
00053825
FFFE04D6
FFF5031B
0003F836
FFF373B2
FFFFB052
FFF40BB6
FFF2A123
FFF15A1E
0000C354
FFF74069
FFEF37AE
00041D2F
FFF81A0E
FFF1A7CB
FFF2B58B
FFF7128F
00035243
00036FCD
00024CD6
000960D4
FFF7120B
000AE99C
FFFFD176
00067711
0004B6DD
00070664
00014660
FFF5A405
00024DC4
FFFC7D15
FFFDDD22
FFFBB905
0001333A
000770B2
FFF3445B
0005F6DD
0002387E
0004DAD9
0000E3C6
00065009
0001046C
FFF77CAE
FFEF3A39
000980EB
FFF920E2
0005BCB8
000642BD
FFFD46A8
FFF6570F
00025DE0
FFF7BAAC
FFF7EF66
00066B1D
0000AD48
00078141
0003D34A
FFFFF215
000278D6
0001B1E8
0007807F
000AC79D
FFFF88D7
000C0101
FFF82105
000C144E
000968EA
000DBF3B
0003BBCC
000E4B40
FFFC0DFD
0006F2FB
00013160
FFF91D79
0001A110
00084922
FFF5B8FF
0002C526
0000F76C
0007D3BD
00040870
FFFDCFEC
00089032
0005AF4D
FFFE935B
000322D3
FFF59FE9
FFFDF430
00024764
00012A5B
FFF7C36C
FFF920A1
FFF57EC7
FFF72BAA
FFFB919D
FFF66889
0002A6C7
FFF855C3
00009995
FFFFEBD8
000305C0
FFF9147F
FFFC5427
00084572
000691CE
FFF9169B
00090821
FFFAC51B
FFFD74B3
00075C70
00072F5E
0008E94E
000CFD57
0010E9F1
00097D70
FFFC460B
0007F0EB
0006B5CC
0007ECF8
0001164E
FFF2D5A7
00105A25
0009654F
0000A6E5
FFFCFD0F
0005A44F
00022510
0001D08A
00046E36
FFF6127D
FFF463DE
FFFAFE6F
FFFCBC8A
FFF822FD
0002E142
FFFB80BD
0006480D
000DBDAC
0005B587
FFF877AF
0005DDA7
00082349
000EEBA1
00002AAB
FFFF317A
FFFCB623
0006B6E5
00014555
0009A304
000EC381
0001CA28
0004A74A
FFFC9AB3
0000D672
0006D01E
FFFA840B
00014D90
FFFFB9CE
000B63ED
FFFE21D9
0007169C
FFFD0098
0001857B
FFF9AF10
0003E3F9
0005CB34
000818B1
0000F4A8
FFFFAE3E
000440A6
FFF8D50E
FFFD4984
FFF54C59
0000AB13
000301C3
0000A60E
0009B8E4
00074388
00001E6B
000BD485
000674E2
FFFE15AF
000B8EC7
000DCD08
00004D22
FFFAF1B1
FFFEED0B
FFFEBF4E
FFFAEB18
0002511A
0004722C
0000831A
FFFD6D3F
00035B53
00043A9C
FFF9DA98
FFFE71E4
000D2C97
00090D09
FFFE31F9
0012E2F1
00036425
00038ED0
000891AE
0001BED9
0003EAA9
FFF4E41E
FFF91DB1
FFFE9F2E
0005ED43
FFF5B444
0003B448
FFFFBBE0
00037B55
FFFF7AEF
000B1889
000868F3
FFFA55DD
0009FC7A
FFF744A2
FFFCC81A
000D965F
0007F3CF
0003ACB3
FFFDDF1C
0007CD0E
00031D32
000123C1
FFF95DA6
0002EE5D
00000581
0002ABDF
FFF89B75
0005D49D
000F83A3
00003E35
FFFF4781
00113671
001212C2
00101AFF
FFFB3BC1
000465F6
FFFB834E
0005826F
0002C190
00043E80
FFFDE262
000D7157
FFFE3347
FFF9B648
FFFAF906
FFF9AE53
000793A7
0009AF81
00055DC1
000CD118
FFFD94FA
FFF4BA36
FFFA98FE
FFF8408B
00054AAD
0004611E
FFF8AD8A
00032A9B
00007854
000C2B27
0010B603
000F37A1
00086E4A
000955BB
0001A2CD
FFF8D37F
000531AF
FFFD067E
0010BD06
000628DE
0006858C
0004A02F
00049075
00096F2B
000B93BA
0002D9D6
000EFE06
00136EC2
0001203F
000DD1AE
0001B2F2
00000AA9
FFFE71A5
0002B29C
0003FFB2
FFFE1369
000629FF
00054A9A
0001C8F2
00003D36
000A5F76
00018BDD
000BE1D9
000E7A74
00106D09
00030762
0003DD9C
000EED35
0006C754
FFF57554
FFF6B014
0002F4A2
FFFAC289
FFFFF697
00038D12
00058345
FFFC1F74
000A08B7
001061FE
00027AFB
FFFEBD33
00092DD1
00085C1D
00133620
000F2809
000B1D62
0009CF7F
FFF99928
FFF8F2EB
FFFF154A
FFFDA579
FFF7EE82
FFFEBB5A
FFF9457A
FFF68C4E
FFF4FA89
FFFFF4C5
FFFACF0B
000312C3
FFF5E46A
0002A157
FFFA3385
0001BE27
FFF54EAA
FFF8C0A1
00012A54
000379D5
FFF8E1E3
FFF7C8B2
FFF47305
FFF82F15
00063F45
FFFD1CAE
FFFD80F1
0002A40A
00037072
0002ACDC
0002AB12
FFF8D09B
FFFFC3AD
FFFCBBA1
FFFC1D24
FFFD95A1
0003D5C2
000061F1
0008C40D
FFFD89AF
FFF62311
00043AA5
FFF87D6D
FFFCE2E2
0005CB44
FFFEB4E4
FFFF3875
00035C46
FFFC8892
FFF966B7
0003CBF5
00019050
FFF4F3AF
FFF75C92
FFFD894A
FFF77E32
0000FA8D
FFFF6A4C
00024BB5
FFFC1DD6
FFFC4F12
FFFAB054
FFFEB4B6
0003C43D
0007D35F
000485CA
FFFA0191
0002409E
000391AF
0004997E
FFFAEF38
FFFBD468
00009E02
000A066C
FFFCD0D6
FFFCBF90
000723B6
FFFBB033
FFFAAE22
FFF76354
FFFDF8D6
FFFF4C08
FFFD566E
FFFAC688
000AA9FC
0002A5A2
FFFB58D3
FFFBFAD5
0003EEE5
0003512C
FFF86602
FFF5BDC7
FFFE427C
00000D1B
0000689F
FFFC9D13
FFFCB789
FFFAAF3D
FFF56C61
0001EC80
000335C3
FFFBCEBF
FFF72F5A
FFFB4FDC
FFFD0D20
000659FD
FFFAC91F
FFFA4E9B
FFFB2A70
FFFDAABD
FFFC8CB7
FFF8D528
FFFAA4FF
FFFCBEE2
0000619C
FFFD4C1A
FFF586E7
00029D5D
0008B5D3
000A3ECB
00032AB8
FFF86426
FFF79420
000492EB
FFFD4EAA
0003D911
FFFE315A
FFFF1DF6
FFFD0FB8
FFF3E6B1
FFF7C2F8
FFFEE6DA
FFFDBC84
0000AF7D
FFFF6E3D
0003E4CB
FFFC1E53
0001639E
FFFBA730
FFFBC458
FFFAC728
0001D1B1
000192A0
0008822D
00056827
FFFFC04B
FFFE7B7F
FFFB9545
0007BA9F
0007A611
0000B871
00026935
FFFC0A63
FFFFEE88
FFFDCC21
0001D86F
FFF75977
FFFEB53A
FFFBD47F
FFF8FD4E
0001AB7F
FFF5C565
FFFB91BF
0008364A
FFFFDCC5
FFFA224D
FFF56DF9
0001AE31
FFF6C134
FFFCCE81
FFFE3B95
000131AE
FFF7F866
0003075B
0003BC2D
FFF7436B
FFFA218F
FFFF27C8
0005C489
000273A4
FFF5F3AA
FFFD44C1
FFFEB4F6
FFF69213
FFFA70C3
FFFEEC2A
00038BA3
FFFD9411
0001DFD0
FFFD5301
0002710A
0002B095
FFF9085D
FFFD865C
FFF84FEC
0000A816
00066057
FFFD22E3
000832F1
FFF6B92F
00084C93
0000EF80
FFFF931B
0004693F
00063036
FFFAE777
0000C4FB
FFFF6EB2
FFFA0493
FFFCD1A3
FFF74B07
FFFD6989
FFFE9B9B
FFFC596A
0003D4F3
FFFA8FD9
FFFBB1E5
00008730
0001B19C
0002A107
00033569
0001BB9F
FFFA9A75
FFFCC564
0000581B
FFFADC19
FFF9CBE9
FFFDC183
0001DD40
0004DF57
000229FA
FFFD8CE7
FFFC5DB5
00029670
FFFB77D9
FFF73D00
FFFAF981
FFFE4633
FFF742F4
FFFE9B02
00023B0B
FFFCF4B7
FFFC2859
FFFF7B73
FFF37185
FFFB5C46
0001FF93
FFFD25A9
FFFDC971
000315FC
FFF948F9
0001A9E5
FFFA4A3A
FFFEC809
FFFFB813
FFFC7291
FFF8B9CA
0004551A
00005FD1
0002E052
FFFA3F3F
00028EEA
0001F880
FFFCDD42
0000EE8F
FFFA86D2
FFFA526A
FFFF038A
00065983
00025805
FFFC5511
FFFF3570
0000B8F7
FFFB68DF
FFFCDB7F
FFFB8C58
FFF5D134
FFF00A1F
0001EC92
FFFDB655
FFFF84FA
00019482
FFFFD9DD
00045DE1
00014B50
00044165
FFFBDA62
FFFA1137
FFF5E5B5
FFF83182
FFF7904E
FFFD74DB
FFFA5E80
FFFD0854
0003FFF8
FFFB9A4A
FFFD7F9A
FFFAE539
FFF82B24
FFFCD6E7
FFFCDE65
FFFECDB5
FFFFF1D6
0004ACCF
FFFE4FD0
FFF935C1
0003394C
00031D33
FFFD7723
FFFED2BE
FFF61BD1
FFFBDFEF
0004F1E2
FFFBD600
FFF9CBF4
00035560
0004322B
0001DDFA
000961B9
0004F081
0006965D
0006BCD5
FFF8C183
FFFB6EE6
FFFDA5FC
000191D5
FFFCBB87
0000B6BB
00073869
FFF8F326
FFFF7D8D
FFFDE19D
FFF79CD0
FFF9C3C1
FFFEBBB4
0004C423
FFFA73A6
000C85AD
FFFC4735
FFFF5D3E
0003D70A
FFFD65A9
00005636
00021342
000444A1
00035741
00009D6C
FFFC0D98
FFFF6B59
FFFA3466
FFFE465B
FFFF5F30
FFFD09A7
0007E369
00030EA5
00002A8E
00039995
0005ACA6
FFFF8011
0006060A
FFFFAD60
0000ED28
FFFD2AD7
0000D99C
FFFF52DE
FFF4D622
FFFA5E80
FFFBEEFE
FFF384DB
FFF9825A
FFFC662D
FFF8B293
0002A6CF
FFFA763A
0000437B
0004402F
0003BB33
FFFE2837
FFFEFA2C
FFF83B53
FFF9BC25
FFFC3B6F
FFF84A8F
00049F7B
FFFD9662
FFFA711C
FFF9F55D
0009E583
0000C250
00037D1F
000A5C2B
FFF49CCD
FFFE1072
FFFAB357
FFFD3073
FFFFE74C
FFFEC159
FFFF8752
00040FC5
0000CADC
00024689
0002D2F3
FFFF8164
FFFAE8D7
00017D66
00052562
FFFB0DE3
FFF9DB26
00035A14
FFF5953E
FFFB566A
FFFF8945
FFFD43BF
0002CD55
00006291
00086FDD
FFF79293
FFFDB683
FFFB1837
FFF5E75A
FFFBAD55
FFFA9DFA
00018B5C
FFFE7CD1
FFFFC926
0004C8AC
FFF92EB9
FFF59574
FFFEEAF8
FFFBFBC7
000713BD
0004947A
FFFD9BEA
00089FE8
FFFDBA2C
FFFC79B8
FFFBE7A3
FFF93168
FFFDF24F
FFFAB6F3
FFFD3776
FFFC7B28
FFFB4A59
FFFA4604
FFFFD285
00060AFF
FFF83328
FFFB224E
FFFAAB66
FFFB5C5B
FFFDFD15
FFFEB18C
0000934D
FFF5AA92
0002743D
FFFF22DD
FFF2C3F1
0006C60A
FFFBD7E0
FFFC3636
00026E17
FFF9832A
FFF8BCFC
FFFCD2E8
FFF790FD
FFF78CC5
000599C5
FFFE0A7A
0002A694
FFFA3C9D
FFFE0002
FFF79148
FFFC272C
0000B7DD
00008CEA
00009C41
0004EB76
FFFCC7E4
FFFABCD7
FFFE546C
FFF9812E
FFFCF7BF
FFF8DCB6
000445A7
0001CCD6
FFFB6524
FFFEBCD2
0004D05F
FFFA663B
FFFB0386
FFF1F089
00046609
FFF572BE
FFFC2480
FFF2189E
FFF77673
000628CD
FFF875FF
FFFD46D7
FFF8EE37
FFFED213
FFF8E35A
0003C9B3
FFFBD284
00047053
FFF7ECE1
FFFC2A33
FFF60D31
FFFC8021
0002D6C0
00058B6F
0003137F
FFF8C7E1
0006BCF3
FFFDE01D
00020CAD
0000D3FA
FFF957FD
000449B2
FFFD14AA
FFFA0050
FFFED5D6
FFFF0C6C
FFFE2186
FFF5C241
FFF69A4D
000505CD
000002AC
0002D2FA
FFFD5CB2
FFF51029
00022F63
0002CE9F
0003ADF6
000400D1
FFFDAB8D
FFFBDFD7
FFF6B514
0002C023
FFFC5110
000277F8
00054EA9
FFFE5812
FFFE4F15
FFFE4FCF
FFFAF1D7
0001D60F
FFF8EDA9
FFFE769C
0000CC46
FFFFD3BB
0001BEFE
000A3A20
00093163
00037CEC
00060F0C
FFF8CECE
FFFD4B4C
FFFB2C42
FFFBC1F0
0002F703
00024390
FFFEDEEE
0002D4B0
FFFBB330
FFFF6CF3
FFF5C85D
00007CA0
FFFEA3B1
FFFB55B5
FFF3BA5A
FFFCD49A
000555E6
FFFB2FAB
FFFD90FC
FFFDBF73
000A6E7C
00036BCC
00026A36
00031D03
000EB617
000CDA70
00012CB6
0008E66D
000243C6
FFFF265A
FFFC7973
0002785B
00029965
00068678
00043A6F
00091D50
FFFD69A3
FFFD6934
0003BDEF
FFFE435A
FFFE1C12
FFF7D270
FFFB2C83
FFFC6BFD
00022397
FFFCE54E
00016FDF
00076424
0003C87A
FFFDCB34
000B9C8A
0001940D
FFFE3467
FFFC1EA3
0000E743
00080453
00088C8D
FFFEF120
0004CC67
FFFE42E7
FFFB4E17
FFF920E7
FFFEDB52
000569DB
000405F5
FFFF764F
0004B849
0006D946
0006DE50
0001ACEC
FFFB4442
000335D0
000B5010
FFFF5B6A
000C8ADB
0005E9E7
FFFFFCC1
00003676
00065481
FFFF57A6
0007F998
00085609
00005723
FFFDC481
0002487B
FFFCDA81
0000291F
FFF81A4C
000235E6
FFFB7497
0002BF2E
FFF7C898
FFFCEC0B
0005D3A0
0008AB70
00081BF2
FFF85421
00057A76
00016674
00043CDF
FFFDBC07
0004A067
000434A9
FFFC2331
FFFB70B9
0001EFB2
0002CAA8
0001C49F
FFFE458B
FFFFBFE0
FFFF200C
0000A94A
0005C319
0002E058
FFF2E103
00084B3D
0002540E
FFFB5FDF
00089BA7
00030651
FFFDF097
0003D986
0006B101
000F56D8
00110490
FFFF1255
0005E179
00044618
0004C4A3
0006BDB5
0005FA51
0001391A
FFFC0F12
FFFBD7AB
FFFD0982
FFFAF5AC
FFFE886E
00071ABB
FFFDFF9C
00032228
000C2F09
0005BFF2
0003E0B5
0002598F
000AA099
00013AF6
0004836A
00070024
000AB7AF
FFFE1FE5
0007EE76
000034FD
000A85C0
FFFF7B1B
0008C684
000821EF
FFF5ED47
FFF749FC
0005D3C7
0001B7D9
FFF5CAF5
00093A13
FFF883FF
FFFFF796
FFF96F99
000612AC
FFFB2639
FFFD447F
000904AC
00083A09
FFFFF1CA
0004B0C9
FFF94F61
FFF8FFEE
FFF8BC6B
FFF7F308
0006965F
FFF9C7EF
FFFCF6CA
0005E3E9
00026390
FFFCE21D
FFFDEB3A
FFFA8738
000129E0
000588C9
000DF015
FFFD717D
FFFDFD3A
000AB6B6
0003998E
000759D0
FFFBF82B
0004402C
000528B4
000F0B61
FFFF2E11
FFFB1176
00028D89
0005DF1E
000103D3
00006406
FFFBE4F2
00035F06
000CD152
00051A50
00001872
00082AB4
000A5BF3
00026881
00093AF5
FFFE0EF5
000077AD
00032B6E
000745B5
0000C9F1
FFFC5B3A
00013F85
00099F01
00068E16
0003E617
FFFB5671
00043BEA
00007C1D
0000AB0C
0005D963
00084818
000CE6D5
0003806F
0004E710
00028C4D
0000C201
00069BAE
FFFDA43C
00038C72
FFFB50E7
FFF738F6
FFFDD842
FFFA58DF
00032798
FFFB0446
FFFA76F6
FFF7F7B3
0006DE47
FFFDF242
FFFA35AD
FFFD1B63
FFFEC731
FFFBD19F
FFFC8060
00089923
0000E040
FFFCFC80
FFFF78C1
FFFD1A0A
00025DE8
FFFDB4AD
FFF9E793
0001504A
FFFA88D9
FFFB9A56
0000F735
FFFE78E4
FFFB656F
000864DD
0006B804
000A5DC4
0001FBE6
FFFEE905
000383BA
000E7DA8
000949D7
FFFB2B9F
000644F8
00010B99
FFF5CBF1
FFFD5D88
00059F78
0005F080
00080434
000593A5
0005A02C
0007956B
FFFFBA31
000350E0
000FE51E
00039C4E
000C25D1
FFFAD58E
000B5F92
00010E69
00045C04
FFFF5B4A
00084BB6
FFFA25D0
0005C07E
FFFEFEF6
000E291C
FFFCB7E3
FFFCBF3A
00080BF1
000077EE
0003178F
FFFE9CF2
000AD483
0000E093
0009EFC0
0008014E
FFFBC879
0004B048
FFFB43D0
0007C36F
0008CF81
FFFEF8B1
0005D67B
FFFB8E08
0004AEE0
FFFA8B8D
FFF8CFCA
FFFBD848
FFFAD255
000622DE
00018F29
00021CFC
FFFC87F3
00051FFD
000A81DB
0006EEDA
FFFECC4F
FFFF694A
FFF9AF3B
0001FE4F
FFFFE5E3
FFFC7E29
FFFB5A89
00044C1C
FFFBC19A
000958BA
0001D8E9
00054A3D
0009DABF
000A70B1
0000546D
00037A7B
FFFDF44F
000A50F7
0004A328
FFFEF97D
FFFF74B5
FFFE795E
FFFFC73E
000AA364
FFFCD632
FFF7E837
FFFEA837
00045182
000050AB
FFFAC0FA
FFFA7FE0
00048799
0004248A
00011F11
0002724C
FFFCD03F
0002A6B3
FFFB1420
FFF1A971
00044CF4
FFF7BEDE
FFFFB13C
FFFC7B30
000057D4
FFFEA799
00055E7A
0001590B
FFFE6D02
FFFB8C5F
0006DBC5
FFFFFC08
0001923C
000ACD41
00034ECC
000A79CE
FFFD1E88
0009D59B
0006BADB
000B0C68
FFFC8FCC
000E96AF
FFF8E115
FFFEDAE7
FFF8E2FE
00079ADB
FFFDA055
FFFF2BC5
FFFAFBA5
00062D7E
FFFABAAA
0005B507
FFFF06F2
0003E6A4
FFFC4990
FFFDADB6
000885A3
00008130
FFFFA6B0
FFF8E0D2
0000C7D8
FFFE8C8C
00026EA5
FFFE7926
000BACE6
000677FC
00022F54
00083922
000345CD
FFF7FCDB
FFFCEA8E
FFFB593C
00010969
FFFFF3BA
0005135D
0006C122
FFF9B3BC
0004EBB7
000890E0
FFFE8909
FFFEF623
00033AC8
000A67C6
0000DA31
000B7664
0007AC21
0004BE8E
FFFD0B94
000717E4
FFFCD9AC
000BCF6D
FFFD9D8E
000645B9
00037356
000654B9
00002C90
FFFBED4C
0006AB7E
FFFD24DD
000324DD
00080291
FFFA2C55
00078BFD
0003AB38
0004FD1A
000758A8
0003E793
000B5E73
0008241F
0007D831
000750C5
000B8197
00015E85
0001BAC7
000117D5
00075151
0002637F
00060898
00074CB5
0002F509
FFFFC7CF
0006F286
000252A2
FFFBD198
000A60C7
FFFE3AC3
FFF9209F
FFFE5B6A
0007CBC2
0002AF83
00022D9C
00008498
FFFB15FF
000730FB
FFF65087
00017980
FFFF5CBF
000A92D8
00023514
0006D794
00054CD4
0009A899
FFFE33E9
0005D30F
0008526E
0004C194
000730C3
00031D11
00100173
000ECCD0
FFFB005E
00084E1D
FFF899C9
FFFCB95A
00026A54
FFFBCA91
FFFA2C4E
FFFDD17E
FFFCFC16
0007BAB1
0003744B
0000AE7A
FFFFDCEE
000593CA
00066582
00000958
00059ED8
000CDB4D
0005DC80
0009F5D0
00020876
000225E7
00005944
000576C1
0008DF39
0004FED9
0007619F
FFFD91A9
FFFE66D9
0002BBFC
00060271
00000C69
0008E0CA
00013D35
00051566
00039F55
0001C4F4
0003D9E6
FFF925B2
00060CA7
00081E0C
00006C75
00005C20
FFFEFF6F
FFFFF2BA
FFFBD3C7
00063298
00031D6C
00012FFD
FFFD0E39
FFF92485
FFFAE777
0009CB97
0003B030
00008B42
0005DAEF
FFFB7EB3
FFFFED6B
FFFE9DB8
00068B99
0005E62F
0002F4AE
FFFF3CA1
0002C8C3
FFFC3D8D
00003F64
0005BE6F
00057E49
000BEAB9
00065B4F
00026A1F
000A6112
FFF872E2
000747D5
FFFF1737
00094454
0004E9BF
FFFA2A5B
FFFFCF19
0001F8B2
000671AD
0001BF3A
00062CC0
FFFBAC32
00035CA2
FFF92E5C
FFF7D7E0
0003A5F7
FFF83309
FFF968BF
000C3162
00022CD0
FFFDC3C2
00097308
FFF8BBDC
000EC6A4
0003449B
0005B97F
0007892D
FFFBDB83
FFFD7AF9
FFFD991B
0007C4AD
0017A619
FFEF5C34
FFE9B44E
FFF900CE
00091F2C
000F0FFC
00063290
00122C4E
FFF026A0
0013124B
000D3834
00006520
001DC4C8
FFFE5451
0005F59D
FFFC6030
FFFC5B86
FFF79647
0003658E
FFEDBD14
FFF98703
FFF51D0A
0009CFA2
00008CF7
000BF596
000195D3
FFF8EF39
0001E91C
0003D47F
0006E855
000D5A57
FFF411BA
FFE07BE9
000D6AD2
FFF2C81F
FFED0C1B
000D8AB8
FFEE98CF
FFFC9CB4
FFF77FAC
FFF5BA29
00034ABF
FFFB4D7D
FFFD732B
00114245
00143B2C
0002E937
00013623
FFFF4814
000A69F6
FFFF9E1E
0007EC73
FFF83263
0009B608
FFF654D4
00022EE1
FFF1E91E
000405D1
FFFCB0A6
FFFF81B0
FFFBA90F
FFFC74E6
FFF15DAE
0002DA32
000E0FE5
FFF5BD10
000A513D
FFFEEC65
0002304B
FFE4A2A7
00053257
FFFC0F4A
00095009
FFF86BB2
0006FDB3
0019B812
0003B908
0007BB49
FFFB973B
000AB92E
00015458
0007D677
FFFB06A7
FFF8E731
00060206
0004A6A7
000153A4
0004E2DD
FFFBBE1F
FFFBEAD8
000B0205
FFFB7A60
0007D28A
FFF6D268
000E34D2
FFF7B4EE
FFF213C0
001AD042
000F0BD6
0009DC6C
FFEF5C03
000DC251
FFEFD22E
FFF89A59
000AA584
FFFCF37C
FFFD5464
00080CEF
00064BA2
FFFC24F6
FFF6B41A
FFFC171D
FFEFE6C4
000608AE
FFF7DC5B
FFF7FCFA
0001B63A
00050B1F
FFF94581
FFFFCD9C
0008A235
0010BE7C
FFFEF2BB
FFFF375B
00065EAD
FFFE29CE
00054091
00061274
FFF5F41B
00098745
00056F16
00036714
00045C00
FFEA862E
00028D77
00001674
0016429C
000DD3A2
00021FA7
FFFDB9B3
FFF45DF4
FFEE9A4B
00051543
FFF097EA
000A0DDE
000AE80D
FFFCD6F7
FFEC465E
0008FBDC
0006303C
000D60AD
FFFD7C2A
FFE7AF77
FFF66F4F
FFE92A64
FFE1E015
FFF39285
FFF5CD8B
00028466
FFFBCAC6
0003EA88
FFF59A9E
00006A79
FFFA61F6
FFFE52C2
0000AF06
FFF95904
FFF72943
000A750E
FFE8D669
00045DB7
FFECD6D0
FFFE2872
00056F2E
000BA220
00020820
FFF51F28
0016FF4E
FFF62CA9
FFF865EE
000040E3
FFF0D3EF
FFF9FB2D
0013309D
00091A4E
00011DC7
FFFCEFFB
00095421
0001A60D
FFEC540E
0005B1D0
FFF8C855
FFFCF828
0006E98B
00085A8F
0009C8DF
000DAD0B
FFF74366
FFFCF83A
FFF20BEA
FFFEFD85
000E20D1
000BF44F
000C91B5
001113FF
000D4DFA
000957F3
FFEED930
000E9348
FFEF49C3
000C1E02
FFF72266
000390A5
000053C6
0004D171
FFE7A15C
FFF6E67E
FFFE71E5
FFF08820
00106A0E
FFFC8766
0005E9DD
FFF99200
000D9506
FFFD7A22
FFF011D5
00064F7F
FFFC65E1
0012CA66
000DCD81
FFFB19F8
FFFE7561
000A9B2B
FFFEBE52
FFFF617C
000271CE
FFFAFFCF
FFEAE386
FFFCC9ED
FFF9F2FD
FFF81F0F
00033C8A
00008A75
0004B8CB
0011DE01
FFF44713
000583A6
0006F869
00022C3E
FFEFD51D
000D2534
FFF39394
FFF3C015
0007E7A8
00096311
FFF085CC
0000795D
FFF73749
0009B212
00043B04
FFF720DC
FFF5CEE5
FFFC74D1
FFFBD2A5
000A9FBB
FFFAD5C2
FFF9A905
FFF8A865
000DB17A
FFF4616E
000D4CA0
FFFE74CF
FFFC91BD
FFFACCFA
0009BE1A
000E44B3
FFFCCA55
FFFF732A
FFFB591F
FFF55B1B
00097D94
FFFED671
00048F67
00020F77
0002207A
FFFB9488
0007A436
FFF914B5
FFFDFF9A
FFFD0D69
000D1176
FFF5549A
0005D23D
FFEA9302
00067B6F
FFF91DC6
0006D19B
FFF6EE61
000E7018
FFF9E07E
FFE8B158
00015D33
FFF8E7A5
FFEB7108
00070F6A
FFF85E35
FFF1AE23
FFFC365D
FFF37908
0002272D
000777D2
000B0297
FFFE4894
000934E0
FFF83E6C
0015502B
FFFEFFCE
FFEFDB1F
FFF56E1C
0002FD61
0008A6F2
0007DF00
000053E7
0014A54E
FFF1009E
FFFE8491
0011289C
FFFD8CB2
001940A9
000461A4
00029877
FFFCE628
FFF2988F
FFFE6115
FFF69B8F
0004855F
FFF83633
000DA0F6
0013D0F1
FFF5AC38
FFFDCF6F
0002F206
FFF8A88F
FFF4B081
FFFE6564
0005D685
FFF6DFFB
00016548
FFFA1359
000B7604
FFF79533
FFF98B1D
FFF2AD43
FFFA82EC
00133016
FFFA56CB
0004671D
FFF70C5F
000D6EC2
FFF0B117
00051780
00086ED8
000F0E96
0005C3DD
000834D8
000643E3
FFF1A660
000B32CB
FFFE0815
FFFA4BBA
FFFB7498
FFEDF11E
FFFC6E61
000F80C9
FFEBDBA5
FFFB46B4
000B86BA
00136ACC
0006CA32
FFFD267F
FFED7FBB
000C796B
FFEDD8A4
0001558C
FFFA9569
FFE8A3A7
00014420
000BFEC0
0018196A
FFF2A9E7
FFFD4B08
FFF7A650
FFE8DEAE
FFFE0B7E
FFF47AF1
000A4DF7
FFF2ECD0
00015A57
000525EF
FFF19BCF
00055595
FFFDD798
FFF017EB
00011E35
FFF9BF8C
FFF36247
FFF694DD
FFFEC9A6
FFF1DB2B
0000CC7B
FFFCEA8C
0000EE35
000EF048
FFFD9B7D
FFE449B4
FFEC8C3F
0006E5AA
000901E1
FFFC1649
FFFA479C
000D4D0C
00039CE8
0012ADA6
FFFC638B
000B3CD5
000BC24A
000DA1D2
000FDC54
000B1095
FFEC13E4
FFFAC635
000291CB
000C0DC6
0000A6AD
000CE860
0014F3E1
00042A5A
00060C3B
FFF76198
FFF2383E
FFFBA7A6
FFEE14AF
000A1F32
0011130E
FFF0EF0B
000BA5A4
FFF2183D
0004C6D2
00092837
000468D8
001ACD6A
000FACC3
0001D8E2
FFF4AB92
000A4F99
00032702
000743BC
000D3570
00065B88
FFEE772F
00051907
FFF7587B
FFE21606
FFF87226
0006645F
FFF6DD5F
0002CA7F
FFF1A8C0
FFFDE491
0009FBE9
FFEBF1ED
0007DC44
FFF7743E
FFF231F8
00003636
FFF927AD
FFF5B56E
000652C3
FFFF8DE5
00059D8B
000FF5C7
FFF21AE4
FFEB39CC
FFFFA7D2
0003B5D1
FFE4F9BB
000DC317
00105FB3
FFFF4D45
FFEECB1B
0000A470
FFEF8B45
FFFAE356
FFFEBC26
FFFF4E0A
FFE2EA9A
0004D672
FFFFA991
FFF7EA5B
000B8423
0009365F
FFF95083
0002F5CA
FFF7FE88
FFFB4B69
FFF059A0
FFE5CE06
000601CA
0005F2C1
FFF39D7F
FFF55EDE
FFF0EE58
000366D8
000909F2
000C5408
FFF4CE56
0003F7A9
000DCF7C
FFFFD0D1
FFF6B840
000DA1A6
0012B92D
0017410B
000E3326
000FC5A0
FFE64B4D
FFFD6381
FFFA630E
00039DF4
FFFCD71F
0003FE31
FFFF1D25
0002360B
FFF5A779
FFF1630A
000E9BA9
FFF539F8
FFF38D5E
0001A99C
FFF72155
FFFE0CD1
000A034B
0000FE4C
000C8430
FFF31EE6
FFF1CABA
FFFADDFA
00025A1E
FFF2A497
FFFF675A
00036B1F
0004C1BD
000B7B8C
FFF695B7
FFEBE1E8
0013D057
000348E9
FFF18AB2
FFF289B2
FFFFD80F
FFFB808B
FFE5554E
000D12DA
0004FED9
FFEC56FB
0007A901
000548C9
FFFE9022
FFEB7262
FFF8FCFD
FFF1EC51
FFF06308
0001C344
FFFADB03
FFFD57FF
0000ADC3
00011ECF
FFFDF12A
FFFDAB44
000564B7
00068E9C
00088AC7
00050762
000109F8
FFFAE004
FFFDBB4A
FFFA53B1
000CF066
0007BFB0
FFFD4415
00003D0F
0007F377
00040F3D
FFFB9F11
00006FD2
FFFB276E
FFF8B223
FFF876AE
FFF737C6
FFFD0B97
000004C3
00053AB1
FFF9C162
00035D49
00034E12
FFF9B7F9
FFF96794
FFF9FAE5
FFFF410C
FFFDE4BF
00070109
FFFE262A
0005D9C4
00093449
0002BAB5
00007576
FFFBE9DF
00071E07
FFF47B3D
0008097C
00046BAC
FFF8C546
000174B4
00041E5A
000266F3
FFF617A4
0004B94C
FFF7980A
00055FE8
00032835
FFF99636
FFFA22ED
FFFE4534
FFFCE21E
000306E9
0005DC5E
00029E3F
FFF918C9
FFF94B8B
FFFB0890
FFFD58CB
00078450
00072A9A
000B6B33
00020BD2
00028A60
000622D2
00019F74
FFFE2DCC
FFF4B0FD
000A8BEC
000218AB
00097CAC
000977E6
000207CD
00095D48
000064CB
FFF2FD4D
0005EFEB
0002E6E4
0001DAFF
FFFBBF30
FFF78BBD
FFF7C03A
FFFE7B42
0005F37B
FFF985E4
000306DB
00038BBC
FFEE67E2
FFF6C9C2
000603EA
00081449
FFFF01AC
FFF7C734
FFF0AA0D
00019FC6
00063F4A
FFF802E6
00045CCA
000536F7
FFF7309C
FFF58883
00074B70
FFFB1FB3
0001D811
0006E9A0
FFFAAD03
00010643
0004E25B
FFFE0C38
0003F54C
00031C55
FFFBEDF4
FFFA770D
FFFF67ED
00015646
00056C6B
0003DDD3
FFF7262B
00041643
FFFD4CAF
FFFD12B7
FFFC45B4
000A9559
00076382
000DF21C
0009F958
000B7FB6
000D1E80
FFF928FE
00026BF5
00051957
000765B2
00098847
FFFE90B0
FFFD5590
00055F2E
0002FB89
FFFEF7B5
00007A75
FFFE506C
000804A2
FFFB353E
0007B60C
0005F0EE
FFF935D7
00029F8E
000AD84B
FFFD33AE
000180DD
FFFB63A4
FFF4C1E3
FFFE46A0
FFFE73DB
FFFF30F8
000A61F2
0004D2B0
FFF81B76
FFF9B0F4
0002EED9
000C2FF2
000D8A70
00041F8B
FFFD2E8A
0005D9F5
FFF82F97
FFFD0207
0006FCC8
0002FCE3
FFFB2815
FFFFBBE4
00058152
FFFB1D22
000B46EC
00012279
FFFDC84C
000637A5
000BDA3C
FFF738F1
0001D06D
FFFFCA88
FFFE3A5C
FFF45CB9
00029D16
00053F93
FFFCDDD9
00048FB1
FFFB7FD7
FFFAE12C
00041BA0
00064CCE
00052962
000867F3
000A18CE
0009ABA3
00065685
0004EC3D
00015E46
FFFE40BA
0002EEA1
FFF6415D
FFF92038
00013F17
FFF6D203
00079A65
0003A256
FFF870EF
0000B8A5
00025432
000351A1
FFFC514A
000AA839
0007198A
00085FF8
FFF78201
FFFCED63
FFF9D34E
00058E91
0002184C
FFF52B77
FFFFDDEF
FFFC421B
FFFA5A18
FFF37154
FFFC5BE4
0008A4C2
00045995
FFFE8286
FFFB3A7B
FFF7F2A4
00059B58
FFFF5E71
FFF8C907
00010903
000006F2
00053D64
FFFE37A9
FFF59EB0
FFF7CE16
0000BEBF
0009FF2D
000EE062
000DA7E4
00042BCC
00040133
00002F57
000A0ACE
00082399
000B19BF
FFFF3BD4
000D9239
FFFCBC15
0006199E
FFF5F6D9
00032CF9
FFFF05D7
FFF0D8C4
FFFCC76F
00002989
FFFF44E2
0000BAD7
FFFA8018
FFF60598
FFF73CC3
000B2913
FFFCDC3F
FFFF4372
0002A620
0005C450
FFFEB6C3
000A87B6
FFFD8F51
FFFE3B5E
FFFE4484
FFF74B15
00081BA2
0005C878
0005A57A
FFFEBA5C
000967E4
FFF7AD2D
0002974F
00040384
FFF9FAC4
FFF242E0
0005EC0D
FFFA35E3
0008DCC1
0004B530
000B3751
000C7587
FFF7B9A4
FFF7DA56
FFFAF79B
0000A710
0009949C
FFFD88F9
FFFF7B36
FFFD61DA
FFFE8BDB
0008AA89
000A299C
000934E3
FFFC4A09
FFFFE126
0003E633
000484C7
00041524
FFFDBDA1
FFFDC38C
FFFEB408
00042A57
0004B8A5
00093233
FFFCCEBC
00099AD8
00070A70
0005282E
FFFB21D6
0003C6A0
FFFEA237
FFFF49BC
FFFEF9B7
0002F28A
0006AEC4
0003E0E9
00060E3A
00095CA2
FFFB790C
FFFC997E
0004AF2E
FFFE3C43
FFFCC710
FFF7A988
FFF795BD
FFF3C510
FFFDA8CD
000967D1
FFFD6B19
00024E5E
FFFC0B8F
0003BB87
0008EE8D
0000DB3D
0003EAA6
FFFC089C
FFFE0693
00086660
FFFDCB71
00049A03
FFF7B043
00025956
FFFC4FCA
000A0A29
000C6642
FFF7AA26
00090E3E
0009ADA6
000527D2
00004330
00037F29
FFFEF239
0005FD89
0007ECD2
FFF8E982
00031223
0002D99D
00065184
0002D1B9
0008A0C3
0007EBA6
00040EF5
00041B61
00051443
00062B9C
00020498
000C2A6F
000A4B56
00045BEB
0002E2D4
0007C278
0002C274
FFFACC98
FFFCB25B
FFFBAAEB
00055AD1
00047A6D
0003126A
FFFB64B7
000530EC
FFFD1D27
000567A2
FFFE85B1
0003BC31
0009213F
00053F26
00062D6C
FFFA98F5
FFF5AB0A
0009318F
FFF2E1C4
00037831
00086904
FFFAB75D
FFF7B6AF
00077FE4
FFFF3AEF
0007D554
00021A06
00043A73
FFFAC326
FFFB2B48
FFFDB9B8
000117BC
FFFDB0A8
FFF84699
FFFEF180
FFF8085A
FFF88861
FFF48FC8
0009A701
000B2190
FFFE98FB
000592B4
0006288F
00076AF7
FFF9BE25
FFF988AF
FFF6DCF7
0007439F
000CDD8F
0006751F
0003325E
FFF7C705
FFF65B46
00067202
FFF96158
FFFACE81
FFF56C54
FFFCA73F
FFF229EF
00021978
00013EF1
000266E0
00064AAA
0005959F
FFF86AEE
00076275
000ED6D6
00009EFA
FFFD8662
FFFF0DA2
FFF89DBF
0001156D
FFF737E6
FFFCDB38
FFFB4779
FFFF8F57
FFF83F7F
FFFA572E
FFFED53F
FFFBBA7F
FFFE7FF5
000C1ED7
000628F2
000228F4
FFF6B1FE
0002903D
FFFBE1A2
00004342
00051A30
FFFF0D99
00002F9B
FFFBAE94
00072BD1
000155AF
000B479F
FFFFD981
FFF8C720
FFFCFA13
FFFA52D9
0002D51B
00058E9E
0003A527
FFF9F537
0000CD3E
0006F0B5
00014245
000D2F4C
FFFEC0B1
FFF5791A
FFF71238
0008305D
0003DD50
0008EE85
0002C742
000299DD
0001D8CC
FFFFA317
FFFD6EC5
FFF4FFEF
0003568D
FFFFB28B
0004E3D8
0005BF16
000CE07E
0008CF6B
FFFEE2B6
00009BDA
000020BC
000C0F95
000942F6
00003D11
00006450
00027E31
000487A6
FFFEB7EA
0005815F
FFF8B786
000B2FC4
FFFEA93E
000F6082
00032633
FFFBADFE
FFF5B862
FFF8294A
00017D38
FFF88B4D
FFFA4F83
00007650
FFFC3375
0007F927
FFFAEB3A
FFFDE285
FFF994DE
FFFD390B
FFFFA7B8
00068DE5
00049324
0002EAA1
0004C29E
FFFF7D46
FFF7B496
000842AC
0004FF5A
0000D6EA
FFFA4C68
FFF98BE3
00052527
0005A7DC
00085433
00054EA0
0003899E
FFF77E06
FFFB1884
FFFE2B25
0004551E
0002AE3A
FFF59092
FFF4E86D
FFF9E32B
FFFEF644
FFFEF165
0003E79C
00026E54
FFF9C3CD
00077F0C
0002A790
FFF735C1
000096DA
FFFA7403
FFF5EB44
000CD4C3
000E3D37
000DBA42
0000EE6A
000071A0
FFFEBA31
FFFECFAD
000C61A3
0009947D
FFF5583A
00086C5E
FFFFE478
FFF9BBE0
000AE619
FFF941D8
FFF018D7
FFFD5F35
0005C1E8
0003B73F
00069B98
000CAB29
FFF67030
FFFBDC94
FFFD812C
000D9473
00064CD8
FFF5AB8D
FFFC3017
0006B677
FFF96027
00094E99
FFFC2B56
00069686
00014031
000110F4
FFF6312D
0003AF05
000BA7CF
FFF7839F
00081D9B
00057611
0002B536
000CAB5C
FFFE29AD
FFE9EE27
000A23E3
FFF73931
FFF7D93C
FFF709ED
00094922
0007D408
0007A431
0005440D
FFFB6CD9
000FBB48
000C9FD6
0010E6BD
0000F21F
FFFD01AB
00011548
000EAD9E
0013AD76
0011B08E
FFFB308E
00075D9E
FFFB5CFB
000E8608
000325C6
000E5ED8
0002692B
0006CC82
000588AD
0002315E
0009AB7A
FFF27E54
000A515D
000B818C
FFF360D4
FFFC00DC
FFFFB407
FFFD0E2E
001080A1
000E9A04
FFFE76D1
FFFB6BB5
FFF704A4
FFFE58FC
000C6F0C
FFF15F38
000DDD41
FFF67D02
FFFD6E83
FFF96781
00078333
0008C551
FFFD0353
FFEE9EAF
FFF07737
0008CB26
FFFC0225
0000F91D
FFF1769A
FFF98B43
FFFC9CC5
0006B70B
FFF99A3A
0003BE4E
000656C0
FFFE8CB1
FFFBAEF2
000798C4
0010926F
FFF34768
00003DDB
000B2F30
00011F22
FFF797CC
0009E433
FFF0A2AC
FFEF4508
FFFE60F4
000D5C42
000EBD0D
00094C6A
00064557
FFF66103
00086BCB
00037E6F
000345E4
FFFDE288
0003F5E5
000E1F73
00062485
FFFBA17F
000A168D
FFF9BFF9
00087DEF
FFF7BFC7
00087E92
0005962E
000318EC
0002D715
000C9B28
00066962
0000DF14
000300F6
00072CE5
FFF3B162
00016DA0
FFFD0461
FFF246A0
FFF4AC52
0003C97D
FFF226AC
FFF85730
00076BC5
000CD01E
000A9003
FFFDB9A5
0013AC2E
FFFAC8F5
000D0E12
00197B13
FFFE920A
0006E52F
0011210E
00095AF1
0007EC6D
0001871E
000B830D
00016FA7
00144A6C
0000E704
0000F568
00072301
0002F52C
0002E97F
00086122
FFFDAE1E
000F3A33
00004ACA
0008F2CC
FFEF305F
FFF31E62
FFEB6091
FFFDAA30
000548FC
FFEC46A7
FFFF93BA
00019FA8
FFF4EFFB
000797E8
FFEC58A1
0003E2A6
00081093
0001F9D8
FFFF8ACA
00075C1C
FFFB39A9
FFFD6401
000312D1
000744D9
FFFF260A
000BE44A
FFF33E47
FFFE7300
FFF36E05
0000D37D
FFFA0A92
00024E7A
FFF98788
FFF9AA27
FFFC5591
0008F14C
000FB4EE
00008285
FFF00D62
00073B18
00014D69
00011A93
FFF576DB
0009544C
000172AA
0005C0E3
FFFA174B
0001BEAB
FFFD4A19
FFFE0BF8
FFF66063
FFFD1E36
000B87D4
0009911F
FFF59F69
FFFFEC63
0002DA80
FFF6863A
00016656
000A0F62
00115355
FFFB2D2B
00087515
000B62B1
FFFE61C6
FFFD37F7
000E20BD
FFF8DD70
0005A5A5
000833F4
0009DBD4
FFFF3C51
00021050
FFF16883
00081BD4
FFFB0BA7
FFF5A53B
0003BD60
000B7EE1
0000885A
FFFDD814
FFFDAB0F
00040F19
FFFDCAD4
000013DB
000D44A5
FFFAD56A
00108467
00134716
FFFCCB24
0009E902
0007DC03
FFEEE377
FFF4C003
000032D5
0002D0A5
0002C30C
000B5E17
0001BDD3
FFF920AC
00058928
00028824
0006BECB
0008402D
00096D90
FFFA1295
FFFA841C
FFF6859A
000193C2
00112095
FFF0BDE5
FFFC099E
FFF64915
0001C7CD
FFF81B64
0006BF91
0007F436
000E5CA6
0002A147
000436EE
000C8C0D
000895D1
00032C7A
000FFAAB
0006D789
0000A38C
FFFDD534
000D470C
0000F44B
000887D5
FFFE0B3A
FFF85730
FFF82EB8
00058D33
000AE09E
0008E337
FFFA8C3F
00054ED0
FFFEFE46
FFF0CA67
FFF9A927
FFEA5EFD
FFF4A34A
FFEE3354
FFF46525
000891EC
FFFCE82D
FFFB7EA2
0001D553
0006F6C2
000679E1
FFFE6EF8
FFFD92DD
FFFD34DA
FFFF4C98
FFFE2703
0002E0CB
FFF57D3B
FFF5E303
FFFE08C2
00084AFB
FFFA6D56
FFFC7D21
FFFE0032
FFF73EC6
FFF80F8D
FFFBB3AA
0009697F
0000F171
0002947D
FFFB2E79
FFFF7D0C
FFF2651B
0002F054
FFF88BF2
FFF8485D
000B8542
FFEFD184
0009A831
FFFF656D
FFEE81B0
FFF85989
FFFB4F8A
FFFEE90A
FFF8E855
00017B4F
FFF68A9D
FFF64156
FFFE607E
FFF7635D
000AC2D3
FFFF329B
FFFB429E
FFFE4FE1
FFFEA317
0007F33B
0000A4A2
FFF8AADD
000CFD2B
000503A4
FFFAC3C8
FFFF44BD
FFF95581
00006D82
FFFE2AAD
000023D3
000766BC
000BE1ED
FFF3A428
FFFCAB60
00073C66
FFF836AF
FFF12034
000D3523
FFFEFD6F
0008439B
FFFF3455
00069E0D
FFF5AA4D
FFF6941C
000798A7
00075469
000DBE27
0009780C
000AA5C6
0009F431
00057F2A
FFFCE184
000202AC
FFFA073A
FFF5CE24
FFF8AFB3
00019C09
FFF67A2C
FFF5003C
000F4523
FFF9362C
FFFBE0EE
0000AC11
FFF752F0
000D2E61
000C86DF
000F9AD9
0001B4B0
00001400
000A012C
000AC5E5
FFFD41BF
FFFCF106
00002B91
0003CDF5
FFFCA303
FFFD0811
00069DDD
00015DDF
000A2355
0008C9CB
00084932
FFF736DF
00049DDF
000BF85A
FFF1F0E5
FFFF28DD
FFFD8627
00028265
00072328
FFFCC4DC
0003DB23
FFF58016
FFF8A2A2
FFF3EE5D
FFFF59ED
0001DE7A
00002E85
00127267
FFF213CB
00065904
00097F44
FFFA826E
FFF02B92
0002E526
FFFA1515
0007A88F
000B439B
0001CB5F
FFFDA09A
00022563
FFFD7169
FFED59B7
0011535A
FFF909FD
FFFEDA52
FFFEBE6B
00055259
000D9981
FFF6AE14
0007A567
0007CE8E
0002389F
FFF92269
00082696
FFF9F478
00084267
00112093
FFF959D1
00090D17
00110B0D
FFF67C88
0000CBEB
00099829
FFFF9DFE
FFF71EE4
FFFF6D9D
FFFD02C2
0002190D
FFFF5767
0016141E
FFFFBA23
0008F228
000110FC
FFFA57E5
00072A52
FFFBA001
FFF7B7FF
000837C1
000480DA
FFFDF9C1
FFF6622D
000B6F38
000A2C85
0012B8AB
FFF5DD13
000DA232
0008E651
0005634C
000B0B7E
000D7F48
000B9E2F
FFF9E46D
00065F4A
00025AFD
000E6163
00015D5A
00076D80
FFF105BE
FFFF2C00
000487F0
0002BBBA
0005AF34
00065CA7
00045979
FFF00900
00074597
000C5968
FFFB7B11
000EB4C7
FFF3BBCD
FFF9792E
000C58C1
00014D6B
00014D41
00118E99
FFFF2B7D
00037F15
FFF59CC8
FFFD928C
FFFFC4A2
000A2B9C
00016CD8
000664BA
0002259E
00018182
000068B3
FFF53EF3
00027177
FFFA8F9D
FFFEAD4E
0006A835
FFFBDF40
FFFC112C
FFF48F45
FFFD47E8
000641FC
FFFB07F2
FFF3B7A7
FFFD64DD
FFF331C6
FFFB2316
00013D1A
FFFF01A1
00037B41
0000AFF3
00092D42
FFFBB1EB
FFFBDCFD
00076F8E
00147272
FFF9512F
FFFFEAE4
0007E263
00053F3A
FFF7E4E6
000C05C6
00000EFB
FFFB4448
000082FA
FFF1C669
0000C914
0003D979
FFF6DEB9
0008E78A
00012E7A
FFEF7910
FFF56458
0001A5F5
000233A7
FFFFA98C
FFF7254E
000019C9
FFF67F1C
00043A18
000A0D85
FFFFA562
FFF64541
000E6DEF
FFF90181
0006357B
000D87C7
00016CCB
0005746B
FFFD1BF4
FFF8938A
0007E9FC
FFFC0D63
FFFBB29A
FFFFD718
FFFA21E2
FFF8B814
00000E9D
FFFB3439
FFF2DA05
FFF67005
00053A63
FFF9FD58
000161A2
FFF5A297
FFEF8994
FFFFBC4B
000D5653
000052EA
FFF483AD
FFF786D0
FFFAAFC6
FFFC647D
0000AFC8
FFF5DFE9
00042311
FFFB055D
000CD8C1
FFF83B54
FFFDF62E
FFFE3665
FFFEFE7E
FFF87E7C
FFF43833
FFF8E472
FFFA5C58
00017F92
FFFA90D7
FFF29FAD
00067DD5
FFFF2462
FFF312CA
FFEE2CF6
000CF477
FFFE77ED
000C95BB
0011A03A
FFFB079B
0006A67B
FFF5B07C
0008C6EA
000AEC27
FFFF7FD3
00032F36
000A5B93
00012723
FFFF628E
FFF843BE
0000EFC8
0001A8AF
FFFC1098
0006329F
FFF433CD
00150384
00142536
FFFCD0C7
FFF26F29
FFF5A925
00038843
000C2239
000551D3
00075826
00031982
0009D2AB
FFF4B0BC
0002A4C3
FFF7BA56
FFFEA2FE
0001CB3F
FFF8BDCF
0008136F
00084EAF
FFFDE727
FFF5BAB6
0000C665
FFF90B47
0006CD41
000BC9E9
FFF7C399
FFFE90F6
FFFBACD3
FFFC46CF
000ED4AB
00027B20
0004D731
FFFA2FB5
00009755
00070070
00022D2E
FFFB8F61
FFFC520D
0010F1BD
FFFBB804
000B3020
0002222E
000506E0
FFFA0DA2
0004F701
FFFE9156
FFF8BD62
0011FE9C
0004ADC1
FFF4F16E
FFF3C098
FFFB63FB
FFF162E0
00069621
FFF444DF
0008A4E9
FFF49F1E
00085EC6
FFF311D3
FFF9B186
FFFA9F63
0010CEFB
000014FB
FFFF379F
00078B3C
FFEE5996
000E9102
00012984
000DFB35
FFFCC161
0000D867
FFF810DE
FFF2F45F
FFFC0D2F
0000C450
000F7F45
FFF648EC
00049EF1
00033193
000234E7
FFFC7098
FFFF94D5
00064173
FFF98F10
00041CA3
00080D11
0009E606
FFFADDEC
00093E05
FFFCA871
000079E3
FFF9F569
FFFC18CC
FFFD8FFE
0007B424
FFFFCA89
000159AE
FFF848CB
FFF81DEC
00016BA6
FFF61D9C
00113CF3
FFF7CDD5
FFFF9342
FFFFF5D5
FFFAB217
FFFA1002
0003870A
0007E333
FFFFA11E
FFFA7CBA
00064D53
0005DA3A
0001D4D3
000EBC9F
FFF87927
FFF76AFD
FFFE8770
FFFAF3B4
FFF76D2A
FFFDAD0D
000FE388
FFF16B21
FFFAADB2
FFF9900D
FFF42D22
FFFFC33B
FFF002BF
FFFFF032
0003DDA2
FFFC660B
FFED02EF
FFFE2C35
FFFA59C2
FFEF91E2
FFFD99B6
FFFC9D25
FFFC2BDF
FFF4678A
0005389F
00030120
FFF4DD71
FFF239EA
FFF79776
000EE9CB
FFFAA46B
0009247F
0002310D
00020154
FFF200DA
FFFB9E26
0008AB65
000643CB
00021F17
0008B097
0000338D
0009FB09
0008BAC4
FFF6DEBE
FFFAF79F
000843D2
000A24DC
00033E6D
000679C5
FFFCCD7B
0009DF2E
FFFBD2EF
0000B304
00006A62
FFF3CA97
000960DB
FFFC7CC1
FFFA64F6
FFF7E1A7
FFF9DABF
FFF56F66
000661F5
000BF1CD
FFF80DAD
FFF154F0
00015049
0005800D
0003D552
FFFA7263
FFF9E8E4
FFEEB631
00012B6E
000977FF
FFF35C3D
000CCBED
00044970
FFFDC23A
0001C9E3
00038601
0004DCAF
FFF21676
0009B976
0003837E
FFFB2883
FFFBA393
FFFBB5ED
FFF5E72A
FFF15C63
FFEEBFF8
FFF03F83
FFF7B2CF
000ADCD8
FFFE7F1D
FFF0B0F3
000E25E0
FFF5EA24
FFFFEC05
00102CBF
FFF4E46D
00103761
FFFEDD79
FFFC67F8
000AFDD8
000D2811
000B325B
00032C7F
FFF397D4
00085E41
FFFD6DE4
FFF7C16A
FFF75534
FFEFF41E
FFF968B8
FFFDF84A
FFF0A41A
FFFED323
FFFB3B3D
FFF76576
0003D576
FFFA1C36
0001B52A
FFF1D7B9
FFF44E68
000532C8
FFF7E9D5
FFFBD701
000128E9
FFF72BCC
0008ECD8
000E508B
FFF29937
00004089
0004936B
0003B59B
000621CF
0000FF5A
FFF673A4
00023DA8
FFF3F8F1
FFF1C54B
FFFA5D00
0009A9E1
FFFF2E01
FFFB0BD3
0006B1E8
00000EB7
FFF88D4A
FFFD0445
FFF12DF9
FFFF9F91
0007D38C
FFFE8478
000325C9
FFFFD0D3
0009628E
FFFE4FDF
FFF99078
FFF883D4
FFFCA6FE
0007B571
FFFBFF99
FFFC00F6
FFF54D26
000778E7
FFFEB626
000758DA
000D136B
FFFBFE84
00037E09
FFF09FD0
FFFF7262
0001DFEC
FFFBF32C
FFF117AD
0004F345
000D009B
0001EE0A
FFFDE935
00092953
FFF412C2
0009AEFA
0002E084
0003A4EC
0000386F
000905E0
000DB9FB
FFFC32DE
FFFC6B46
0015F03E
FFF929A6
FFFAEBB9
000D4CB5
0003AB09
FFFD6245
FFFB409B
FFFB2484
0004A81A
00039331
00047884
00130019
00100C40
FFFB6197
00029B1E
00047367
0007A7B9
00068775
000D79DE
0011896B
0003B7B5
00008432
FFF38593
FFFFA25A
0014B3FB
FFFE0C51
00024B61
000C77E8
FFFD483F
0000AA4B
00025E57
00018DB1
FFFD61F2
000FBA28
FFFED31D
FFFE2E61
000576E4
FFFA04F9
000D2AB9
000543E1
0009E250
000B0A58
FFF36AEB
FFF737B8
FFFC12FA
0006FBA6
FFF34A30
FFF3C2C7
00022714
000AAA4A
FFF8EA0C
FFF9D7B8
FFF8EC1B
FFFED05E
0000A790
FFF7E24E
FFF38B05
000A2BDB
000DB602
FFFBFC30
0007F9B3
FFF5ECF0
0011A36A
000ABFAF
000C2292
FFFF944A
0007D232
0007C2BD
FFF31D9A
000192DC
000A3F37
000475A4
0000EE6E
FFF1840A
00001C6E
FFFA50AD
FFF9EAE0
FFFBC2BF
0005B35E
000825D5
FFF9E20C
FFFE241F
FFFD21A7
FFFAB209
000221DB
FFF1C5AE
FFF9ABC5
000688C3
FFFFD879
00106C4D
FFEC8421
0005E20C
000CB3F5
FFFF8B35
FFF900EE
0019CAFC
000959A3
FFFDA92D
0007B8B7
FFF480FF
00092C7C
FFF97760
FFFDAC6C
001433F8
FFF6A5E7
000D25F5
00080483
FFF38045
0012C07D
FFF8D25F
000F87AE
FFFD22D1
FFEDD950
FFFC8BF3
FFFCE32F
FFF8A4EA
0004901F
0001075E
FFF95FB0
00072D0E
FFFE1DE0
FFFB1A81
000D5496
000194BA
FFF519B8
0001D72E
0004B3FD
0009300D
FFF78813
0004ADFE
00056DC5
FFFD5896
0010E3FF
0006F77D
000B656F
FFFA77E9
FFFBA053
FFF66175
FFF82D12
000FD54D
FFF5ED86
FFF39E63
0003AC21
FFEFD9F9
FFF9D583
0003389C
0001F071
000FF895
FFF7A106
FFFFE271
0000AC48
FFF595DF
FFFBD045
000B840A
FFF76341
FFEE66A0
00005FB2
FFFC3957
FFFDDA61
00047C7E
0001E1F8
00000118
FFF92A25
000076B4
00103B5A
000ADEAB
00034A2B
FFFCA5CB
00016DB9
0012EA38
000167FF
000C52A2
FFFA2C71
FFF7C52F
0008942D
0005931D
000440F2
FFFADC5C
FFFEDFE5
FFFC5FF0
FFFC9446
FFFF3C8A
FFFA2D8C
FFFE1A9C
FFFF72D8
000CD429
0009A986
000E5A44
FFFE5EDA
000476B3
0006F609
FFFCDD0F
0008BB3D
0005AB5B
00047A53
FFF89B31
00076B59
0009236D
FFFEA0C0
FFFECA0C
FFFF1E5F
FFFEE8C1
00095BF4
0006DAA2
0000C277
000B8BF4
FFF9A3DB
FFFDE045
FFFEF268
0005AFE3
FFF8B1BD
00011867
FFFF47C7
FFF6C086
0006226E
0000097B
0005FA8B
000481CE
FFF7F755
FFFFA802
FFFC123E
00067F2C
FFFBD320
00084FE4
FFFA4CC0
FFFEF027
00016C32
FFFCA17B
0007B030
0007F8F1
FFF79A90
0007A3E8
FFF93034
FFFE514B
0007B2A0
FFFD08AA
FFFAB2F2
FFFFDB87
FFFE528E
00056C63
0004539A
0003ACE5
00052D89
00045CA5
FFFD6124
000399E8
FFFB17D5
000427B3
00114A39
00059C67
0007C2DC
00027DE8
FFF9E746
FFFC9960
000D557F
0008EDD9
00065FA9
0001A4BF
FFFA92BC
0009952A
0006DA7F
000E2CB4
000287A4
00043B1E
FFFC9675
FFF4B76D
000BD793
FFF975E0
000A5768
000BD22C
0001A4CD
0006159A
FFFFE2FD
FFF8AA32
000037B5
00073400
00033F5A
FFFCCEC7
0001040A
FFFB136B
000B364B
FFFD39F1
00072F36
000AD680
000530A4
0009A835
FFFAD9B2
FFFC89CC
FFFAE314
FFF7315C
0002F78F
FFF60804
00053E2A
FFFD3C00
FFFF07F9
FFFD2520
0000FB90
0001D587
0005DE58
000980F0
000C3D24
0007A742
0002E4C5
00074903
000D9891
0007DF8A
00019C62
00039C8C
00045598
000B474F
0004B57D
FFFCA3F9
0008E994
00030712
FFFBEF89
000C644A
FFF90839
FFF9F846
00039BA8
0001A91E
0001AC01
FFFAC392
FFFF7F68
FFF5467E
FFFF20ED
FFFF1526
FFFD24CF
FFFE05EA
FFF67855
0001CD30
FFFBBA91
00044549
000576A8
FFF37853
000468B4
00093DC7
000ABE73
00024748
FFFF9D0C
0006D9F2
0008C0EF
FFFEF4FE
FFFDC7B6
0002F6C2
0007169B
0006ED91
00115A2A
0001F9C3
00094FD9
000935D2
FFFD581A
0006D405
0005E5E2
FFFD596D
0002109A
0000BB19
000BD0E4
0000B900
000E0937
000A5118
FFFC45FF
FFF98418
FFFCA9CC
FFF7A796
FFF5D6C5
00083915
0000839F
0001E945
00064F5F
FFFE6E7C
000006B0
FFFC8A66
00038AE9
FFFF30E1
FFFF65E7
FFFEEA88
0009F74C
FFFD5150
00079941
000AE9B0
FFFE6093
0004E36D
000A7239
FFFB5A95
FFFFDE41
0005FD3B
000F0F4F
000E9C0A
0004E143
000513DE
000973DF
000344C5
0004D2A3
FFFA9677
00036C99
00036B48
0003D5DA
FFF76EC3
FFEF108E
FFF51CC1
00034CAB
FFF1C4B0
FFFBBDC6
FFFEA513
00013F9E
FFFFD3DB
0005CB44
FFF967D5
FFFAA3A4
FFFF267B
FFF538B7
FFF65F7A
00026638
FFF8EF54
FFFF47C1
00051FB3
00062566
000C344F
0003543B
0004A0EB
00079ADD
000B41CF
0000AD0C
FFFBEDC7
FFFD1EF3
0001BC81
FFF572CA
FFFCC6F4
FFFF2B54
FFF84CC0
FFFE8677
0000B118
00045869
FFFCA231
00083240
000146A2
0004AE7B
FFFFAD88
000D8C97
0006411B
FFF7E188
FFF8FC7F
FFFD7D33
000917E0
0002813F
000C8361
00022449
0002F1D4
0003C765
00095F5F
0004DAB9
FFFF22DE
FFFCAFA6
00024E0D
0006CB23
00036458
FFF917B6
0003D39A
000A3911
00066910
00005C98
FFFA6A1D
FFFD2663
FFFE1331
000A87B5
FFF8E7CF
00026A73
00073EBE
FFFDDD3A
FFF81FE9
FFFC371E
FFFAB52D
FFF95715
00087885
FFFBC411
0006989D
00021095
FFF97A56
0000A8A8
0000EFAA
FFFAE946
FFFCEA6C
FFFC71FE
000B2469
0000144B
00016746
FFFDE6EA
000C7946
00043F5D
FFFD4352
00088C86
0000B99B
000456CC
0005683A
000EE354
000A8F70
FFFD5B3C
0003F2B9
00048E24
0006D951
0004E145
FFFBBB3B
0000EBE6
FFF5F138
0000DE6A
0004DF61
000461BE
000695EC
FFFC9E9A
FFF955D9
00034003
00097BA8
FFFAA500
FFF97B3B
00025279
0007555B
FFFAF84C
FFFD6E3C
0002F4AD
FFF490AF
FFF7C53B
000C1320
FFFB3833
0002B16E
00066E70
00097F70
0002898F
000ADE4C
FFF9D06B
FFFCC468
000DA0FE
FFFB442B
000577E8
000174C8
FFFEE40C
FFF8F452
FFFC9110
FFFB0FFF
FFFA821A
FFFF8A36
FFFFD729
0004ED35
FFFDEDE5
FFF8E987
00044E52
FFF56F3A
FFFA80CE
FFFB59B4
FFF80A0C
FFF62D36
00081C3F
FFFF22B2
FFFAFAE2
FFF612EF
0000D385
FFFB4BBB
0001EBAD
000113EA
00041016
FFFF5143
0006B0FF
00048C48
000AD7AC
FFFF170A
000E1716
00000449
FFFA8058
FFFD8C2C
00046110
FFFF1C24
FFF88DD3
FFF74C39
FFF77275
0001CCF3
0003F9C6
FFFD0170
0001DA2F
000719C0
0002AA2C
FFFE2404
FFFBFEA7
0002624F
FFFAA2FA
000A239E
FFFD7C17
0008102F
00028E0D
00067F77
FFFFE39B
00080060
0002B075
00067717
00081E5A
00096EC1
0002C2D2
00010D72
0007A427
0001D3C9
00048A9F
FFFFCE72
00065E81
0009E519
0001A206
FFFE1EDD
000217F7
FFFA8341
FFFFCF16
00078955
00037C96
FFFD7911
FFFC0FA4
0004E748
000ABF38
FFFA12E4
FFFD65C0
FFF9804D
FFFB9CA5
FFFCD974
FFF61874
0009E0B9
FFF5D459
FFFEB382
FFFA236C
FFFF6C1A
FFFB1F5C
00054512
00091DBB
FFF5311D
FFFFB381
0003A28A
00032772
000601C2
000319A3
FFFE7805
00042327
FFFC6CEB
FFF8D312
0000E7FC
0005E40E
FFFB015D
FFFDBCC2
FFFC01A8
FFFD9199
FFFE1AEB
0002E3D2
FFFD691A
FFFC59A8
000D7AF5
FFF984A7
000234DD
FFFF8F97
0001D612
FFF62CA0
FFFB2047
FFFD48F2
FFFB6C13
00047877
FFF668B9
FFFE5476
0008DD17
0002130E
000A6AA1
FFF861B6
00011B6B
0009CEDD
00043431
0006E37E
000F1CAF
00078E3B
000B4350
0006A23C
0005C003
000DB59B
000C6E5B
0008743C
FFFF79A0
0000C46F
FFFE6668
FFFDB1FA
0000C95A
0004F7FC
FFF4D662
0009549C
000494A9
0000D6D3
0001020D
0007ACE7
000075C8
FFFDDF38
FFFD2439
00025A8D
000CAAEB
FFFBCD88
0002CE93
000BB111
00081B23
00030FFE
000A190C
000418AE
0000CAC9
00080184
000AA7DF
000D8B55
FFFD9E1A
0001C093
FFFAB374
00062DCD
FFFA4205
00019B4C
0000C968
FFF98C35
00066D67
FFF989FF
00004A51
000655B9
00065493
FFFF24B2
FFFD677B
00044DDB
00092791
FFF827F1
00037752
00051F76
0001442C
FFFE8D56
0003D698
FFFD7075
00067395
0000BF4D
00082CF2
000A2FB3
000030DB
00070EEF
0001C132
FFF66394
FFF8FD32
0003278F
0007CBA5
00074154
00042026
FFFA405F
00050B57
FFF852E5
00083ADA
00046F7A
00016A44
000350C5
FFF8E32C
000755BA
000B3740
0005E263
FFF6AD44
000D2888
FFF9421C
000EE39C
0000C96E
FFFC5F99
0004B501
0004787E
FFF87992
000BD117
00038BFF
FFEFF260
FFF98307
00021DA6
00049407
00043393
FFFB92BD
0009D22F
FFFEEA5C
000B71BD
00037E0A
FFF5A90F
FFF91EA3
FFFFEA98
000219AC
000AB910
FFFA1211
FFF23A24
FFF2E702
000A97CB
FFF85BF4
FFFDBF27
0006D7C3
00073626
00094FCC
FFFF82A0
FFEE594B
FFF8FBDE
FFFB67B5
FFFCB565
00028C89
000BBDA0
FFFE02CA
FFF2DBFB
FFF86234
00150095
0008429B
FFFCFAA4
0001702B
FFFA26E8
FFF4D1E8
00025DCB
FFF9D054
FFF42855
0001D377
000C19AD
FFFE9A6B
00022334
00047E3B
FFF841A5
000B968C
00020C99
FFFF002E
FFFCC09F
FFF605FF
FFFCDBD6
FFFA0050
0009471A
00002AE9
FFFA9617
00087941
FFFE2667
000A3CF8
00100518
FFF99D82
000040C0
000F931A
000D3B63
FFFBF6CC
FFFAE62A
0006C6EB
FFFB3A7D
0011E36E
FFF70BF9
0000B31F
00008F40
000E107E
FFFA1689
00099D81
0008043B
FFFC1814
FFF70FEE
FFF3766A
FFF78DC6
FFFD834F
FFF5629C
FFF68E47
FFF6D078
FFFD5A99
00012914
00009A77
000DE8F4
FFF4EB09
FFFDC0A7
FFF93B2A
FFFDED9A
000F4B48
00097978
FFFABAF5
0008552F
00003BB3
000094C6
000E8426
0000327B
0009A305
FFFBC05D
FFF8AF08
00094531
00028668
FFF7447A
000677A6
FFFBA6D2
0008E49D
FFF85FAC
FFFC59EE
FFFEAEEE
FFFAA5CA
FFFA87A6
FFF8BA9B
000B674A
FFF6A7CB
FFF7EF30
FFFDC52B
000A1529
FFF6F5B1
FFF9E506
0000D064
FFFF27EF
0013D5ED
0007BB87
000BBA75
FFF96D9B
FFFADDDA
FFF87D97
00015CBD
0009A353
FFFF7C25
00044525
0006A68D
000ADBED
0004EF8C
0004C6AC
FFF6C091
000037D2
000DB1D6
FFF236F8
00078D08
000E88DE
FFFFB742
00093968
FFFA53B8
FFF8097F
0005493E
00089681
0003C120
0006E085
FFEA8FA1
FFF5BDD6
000FF319
00040A62
FFF80DF6
FFF55725
000A0B72
000202B1
000B83C6
FFF96968
FFFBE469
00032442
0009766D
FFFEE303
FFFBD9D3
FFF7CAE3
FFF50E92
0001F0AD
0002DEAC
FFFB104E
FFFB0BD3
FFFB0C13
000AF45B
FFF207CF
00026A2A
00022C47
00013071
000117E2
FFF98F82
0000C087
FFF8BD44
FFFCDCE2
FFF82595
00009D6F
00024D3A
0008D59E
00061C61
FFF13485
000B9A17
00035EB7
00113AC7
FFF8C3FF
00086557
FFFD4893
0006DC5F
0010B6B2
0003AD16
000D7091
00035494
FFFFC6E5
00052C2F
FFEF7EB2
FFFD1662
00045B36
00013FF9
FFF0876D
0003EA60
0000AB84
FFF1298B
00022518
FFF41C67
00008185
000B7005
00038929
00015531
000BFA51
00039686
FFF79803
00055DDD
FFF6CA7A
FFF60452
00060D18
FFF86E8E
00025B85
000008DE
0006C65A
0008FBEB
000B6275
0004ED1A
FFFBBA69
000E1FE6
FFFCA693
000979F8
FFFD7F14
000228F0
0001E297
FFF64B98
0007A5DF
0008D480
000487BB
FFFBD755
FFF52EF3
000E3DEE
00018C26
FFF48F4C
FFF4C01A
FFF1A08A
000952D1
0001A031
FFF5B638
FFEFCA2B
FFFE9485
0006DF85
FFF79895
00084670
000B7D14
00080019
FFF980DE
FFFAF826
0007B20E
00012927
FFF906A3
FFFCD8AC
000821BB
000168F2
00019539
0004D815
FFF70B47
FFF6C8E1
000D2ED7
FFF8B902
FFF83BE5
FFFC57E5
000C17C2
00041A47
000872C5
000D172D
0002B5CE
FFF8C241
FFEBC534
FFEF8607
FFFB8136
FFFB9239
FFFD9435
FFFC8A1E
0008C57F
00015712
000B744A
FFFCAD49
FFFBA29C
00041E96
000B150F
0002CDA5
0004C021
FFF2F2CF
00076F43
FFFE356B
FFFAB834
00010069
00062BC0
0003BD38
FFFD85FA
FFF68114
000939AE
00037819
FFF759A8
FFFFBDFD
0007BF9F
0001BB2A
FFFB07AA
FFFBE885
0000FE2D
FFF51E2D
000613B9
00037BE0
FFFF3537
FFF98A3D
FFF01E02
00041027
00028D38
0005AF78
0010C5B5
000356BA
FFF4C445
000104D3
0006E270
FFF61042
FFFC4F85
FFFDA73F
00008BCA
FFFB3635
00043A41
00077DDA
FFF58949
FFF30AFF
FFFEA26C
0009C1DF
FFFA58AB
FFF6E3FF
000445EB
FFFCFC98
0000F379
FFF58553
FFFBE5C1
0009CCA0
FFF836FE
FFF1E72C
000882FA
FFF54D62
0003F380
00003E4B
00010344
00001122
000AE896
00082A40
FFF107B4
FFFD8B76
FFFEB16C
FFF7B1B6
FFF8BB77
FFEF7344
0002CD97
00091778
00019193
FFFB4941
00021195
0003D684
FFF9FA58
FFF5ACFC
FFEF9CB3
FFFC3288
FFF8B45D
00009AE3
FFFA2CBC
00033498
FFF66CD8
00078967
00071F01
FFFC9378
000B7DD1
001641AB
000B38C6
00101533
000E4D81
00004E67
000F25D8
0008B939
000C97A7
00050AC9
0003C16D
000171BE
0007BFB9
00035F24
FFFE9B0C
FFFD37ED
0001D231
0002EB4E
00102456
000550B5
FFFD0C03
FFF4A792
FFF587B5
00047B16
000836C5
0002C987
0003B286
00045E4B
0009A17D
000B86D0
0001163F
FFF95384
FFF5C31D
FFFDEF0A
00018C6D
FFF971A4
FFF4CA34
000F216E
00055D0B
00066699
FFF709D2
00098450
FFFCEB9F
00085A13
0002F122
000663A1
0004DC06
00065DAA
FFFABCD0
FFFCCCBF
0000351B
0004EC4E
FFF6E8A7
FFFC234E
FFEC32FF
000A9C25
00032E7B
FFFB8086
FFFB21D2
00000316
00077DCE
0004DC36
00017A27
0007AE89
00096DA4
000635C2
000AB0D6
00018566
000A9621
000C2462
0005879E
00047212
000B3B15
00087977
00045FF9
0003C918
FFF72FD3
00025E5A
00083091
000C7153
0004B952
FFF96F85
0002EC56
FFFCF746
FFFCEC46
FFFC587A
0009B2E6
0001AF50
000997C2
FFF29B2D
0005138E
00052FC9
0002540D
0000ADEA
000DF8DD
FFF49E94
00045CA8
FFFC9A0F
FFF3F918
000CD2A1
FFFCE320
FFEC86DE
FFFF591E
000BE841
0009C71E
FFFBA351
FFF9A004
000D8B12
00022E8A
000A8ACC
000B08D8
0005DC1E
FFFA4BC9
00127026
00055163
00060E6A
FFFC39E2
0001FAB6
FFFFA5D1
FFED1713
FFF273E4
FFF0A66F
FFF7E372
FFF983DC
FFFF36D9
0009B2DB
0007059E
00134410
00046B3C
000A4699
0007ED32
000B79FD
FFF4D704
000BEDCA
0000E7BE
00064EB2
FFF98BF7
FFFA903A
000A94F6
FFFE9F27
FFF7F06C
000B8D9E
00021D29
FFFE5F69
FFEF3746
FFFC65EA
000F8083
0002D364
FFFBD9E3
0011D595
FFFB1C54
FFEF7D87
0007E4CE
FFFE78A0
FFFC7A9A
FFF2E34E
FFF063E8
FFF04294
FFFFCACA
FFF689C4
0000D28A
FFFD349E
FFFFCF2B
0007806B
0004AA83
0004191D
000AAF32
0008833E
FFFAFF2C
0011A77B
00016DB8
00035367
000F2FBF
00066C90
000F7DC8
0004281A
0017B2F6
FFFF4ABF
0003C2C6
FFF8587A
FFF383D1
00022D1A
000BB031
0002521F
00072E3D
FFFAFDBE
FFFABCB3
FFFEAF74
FFF35287
00032046
001067C2
0004739C
0012F3B8
0007C20D
FFF0E48D
FFFB7C68
0006F8F1
000EE4A2
000B85A2
FFF90608
FFFB063C
FFFBE986
0004B929
000CF04A
FFF6E198
FFFED977
FFFF8581
0002FF5D
FFFF2A48
0004D515
000624C7
FFFCC0E3
FFEE8A3E
0001DF85
00052557
00058F5B
FFFF4496
00050ED0
FFFCD7E5
0007358A
FFF70983
FFFB9A11
0001AED9
000042A9
0002D5D7
000000B7
000BFAD0
00062D4D
0005B6BA
0003407A
00081191
FFF8A114
0004F63D
FFF4D5CF
0006BE2A
000BEE45
FFFD22F2
00044AB3
0008D21A
0007BD6F
0009B727
FFF6B14D
FFFB307E
FFFCBBDD
0008CF15
0003AAA6
00033ED4
FFF9C269
FFF839FE
FFF80008
00050723
FFFA349A
FFF030E7
00057374
000DDFF8
0012B564
FFF5B7A1
FFF4497A
FFF58762
000E8196
00066201
00034EA4
FFFE2DE2
00015B4D
FFF93FE5
00031411
000BBDE0
0002C67C
FFFD35A4
FFF9D9E5
FFFF340A
FFFC5FF1
0006B0FE
FFFF4387
FFFD05B5
FFFDE3F5
00015FC1
000683D9
000D1203
000CB6D0
00094128
FFF8B72C
FFF14C16
FFFFB2EB
FFF8EC9F
FFF30C13
FFFF91BF
FFFB549F
FFFD74E6
0009D480
000CE3DF
FFFDA93B
FFF50634
0008B5C7
0006FE56
00082D7D
FFFE622C
000C2BCD
FFFC2167
FFF95ED3
00023880
FFFB6CCF
FFF5DBF3
00054647
FFF84430
FFF602E4
FFF859EF
000F5F45
0004C810
FFFE7D9F
0005149E
FFF5EA0C
FFFDD378
000500EE
FFF29CED
FFF26A9E
FFFB69D1
FFFE2400
0004E40B
FFFC06DC
000350B9
0003BD22
0010E5FE
00020246
00047686
0009E786
000A4E4B
00030C2D
00081861
00011355
0001921C
001004A5
00006855
FFF39685
FFFB30FE
0001A625
FFFBE798
0003B518
0004E391
00031407
000BE23E
FFF72829
FFF4DB3A
FFFFA56E
00019C82
FFFCC2DD
000BFF85
FFF099A4
FFF690E5
000CE40A
FFFEC748
00036E0E
000BE9C7
0000ADF5
FFF9CE04
FFF54678
00024380
00038729
000D69B7
FFFBF5F9
FFFF9386
00000478
00011075
FFFC583F
00067FDB
0011550B
0003730D
FFFD944B
FFF94AEE
0007FC53
0003EB42
0007CC37
00068F5B
FFFEB7A1
000938CD
000C5786
0003BF2C
FFFB4A93
000B4139
FFF80188
FFFD51BA
FFFB70BD
0008643D
000417C8
000800F1
FFF9B01A
000612DC
FFF7F7E0
0005F4A1
0004BCBF
000675EC
0005C5A8
FFF73058
FFFDD6B1
000EA7A8
000246A5
0006C074
000E3F70
00009341
000992CD
0008E2A1
FFF8AE94
FFF68B82
00067F23
00084908
0000A148
00001B63
0005FED1
FFF937B8
FFFA8D46
FFFF8029
000344E2
00074F33
FFF0B215
FFF9988B
0007E8C2
FFF87599
FFFBEBF1
FFFAE63C
0002656D
FFF68331
FFFA25F4
FFF89FB3
0005C82A
00083B6E
00097A51
00089DD1
00025A94
FFFA438F
0001116E
0002F4B1
FFF81A9A
0009AAE2
000577E1
FFFBAC00
FFF2933A
FFF43F60
0005D8E1
FFF4AC85
00087CDF
FFF91C7A
FFFA05BA
FFFEBACB
FFFAC52F
FFF7409D
FFFFDFCE
FFF8FE0F
FFFE9AF1
FFFFD2DE
00071E5D
00026D43
00070576
000FA6FE
FFFC227C
000A6287
00010909
FFF7505F
001081DC
00053DA6
0008DA7C
00145B6B
000256FE
FFF9D705
0004B3DB
FFFDCFF0
00062F5D
00003298
0006AB6F
00008ADF
0000E378
000BDD80
000E01F5
000A4597
000F1E80
FFFB25F1
FFFD79DC
FFF6E4A0
FFFB4493
0001023A
FFFE2684
0009FB42
FFFA6D3F
0001433E
000946A4
FFFFBF25
00060698
00007B90
FFF6E24E
0002C9AC
FFF6B266
0008D417
FFF96338
FFF51132
FFF90865
FFFB3866
FFF52048
FFFFCB2D
FFFE4E48
0006B383
0003FB83
000207F7
FFF5B3F2
0001F27A
0006C465
FFF7AF70
00054529
FFF7E4E0
FFFE601A
00053C5D
00046A85
0002FDCC
00056417
00006A5B
FFF1BC60
0007B7E9
FFFF3CDA
00046070
0007A76C
0002BA31
000ACF26
FFF9653D
FFFB832A
0007787F
FFF970F8
000230EC
000D0DA5
00039C70
FFFE9AF2
FFFBCE61
FFF5B50D
FFFFCBF7
FFFFE0D1
0006F252
000D2D00
FFF65F4A
FFFDA6B5
0003BCE8
0002687E
000C0D5A
0000C656
00077A29
0008DB5C
FFFA94EB
00034DE6
FFFDAC32
FFFBFB9D
00017449
0007E07F
00008C3C
FFFCC574
FFFFA4ED
00092E6B
FFFF170C
000C020D
0009E016
FFFE7ED6
0006E9F1
00080DB7
0008DDE0
FFFBB1C5
000278B4
FFF44991
0008B455
000537FD
FFF7F445
00061C11
0009AD58
0009BCCE
000A076C
0007051C
00086154
FFFA52DE
0008A47D
00080C86
00056DBD
FFFE2053
FFF61A60
0003BBB3
0012852F
00086F12
FFF6E8A4
0002E1B5
FFFB2C2A
000B8343
0005722F
00012E88
FFFCA289
000A20A6
0008B800
0002C2D8
0008F096
FFFFD826
000B7AA5
000171E3
000F087C
00083709
0003B48C
0004B4C3
00114582
00035164
00027A92
FFFFCB76
FFFDAF24
FFF5500F
0000FD56
000047C9
00086D05
FFFB22B5
000340A6
00029116
FFF76707
0003D06D
FFF6ED5E
0002B1C1
FFFBB9E6
FFFC003F
FFF8F276
FFF3A07F
0007B39C
000C331C
FFFB9F68
FFF87794
00117C65
00007429
00085FAD
FFFE8396
0006CA93
00090CCD
0009B889
000302BD
FFF65924
001150BD
000016DB
FFFE1542
FFF42E3C
FFF97C5B
FFFDC935
0012AF5A
000A0244
00077853
00106F6B
FFFBF25B
00043710
0004DB41
FFFFAA95
0010E5F7
000D741E
000E49D0
00060B44
000A1A29
0002CB5F
000013A9
00023B18
FFFAACE5
0005ED01
00004BCA
000550F8
FFFA3EA5
00020688
000FD146
0003E4CF
0007C649
FFFB1156
FFF6B571
0009DF5B
FFF0A431
000795A5
0007EAC8
000C6A89
0011C2CA
000BBA72
0000EBDD
000B4D2A
FFFE3EE5
FFFA2F3B
FFFB14A8
FFFEDA5C
00091B98
0006BE59
00054A01
00069B94
0008D937
0003A07C
FFF85517
FFF9B694
0006E6E5
FFF90FB2
FFF0E3E4
FFFD6697
FFFDBAA3
FFF99F77
FFF9774D
0001BE21
FFFCFBFB
FFF35AF2
000A0663
FFF8112B
0007D8E0
000464B3
FFFD1B02
FFFFC3EF
FFFE9194
0007A078
000F692D
0000B69A
0003FC1D
00008013
FFFE61CE
FFFD17FD
000DDDE4
000E4B21
00069044
00068D6F
FFF5EE95
0007D46F
0007C3BF
0005B75C
FFFF72F5
0007F9D0
00016B4D
FFF1DDBF
0002FE9B
00062AE4
00005EC7
FFFD7800
FFFF4E3A
FFF91DA5
FFFF741A
FFFABE60
FFF44B89
0006CFC2
0006C081
00082400
FFFBA91D
00058BCD
00056836
0003F29D
0000F8E8
FFF2F943
0008515D
FFFE5FC0
00053DD4
00037BB4
00080E34
00084590
000BA1F1
000FC52F
0008BA62
000CBCE5
001235D0
000E8995
0012D0D4
00129E9A
000931BA
00046619
FFFF7C70
000A9570
0010D79A
FFEE4578
FFFE6DE6
0001B4BF
00012811
FFF6D008
FFFD6A5C
000BEA5B
00079327
001158C0
000342F4
0007A1D3
000574DD
FFF201D5
00113B20
FFF0AC99
0004BE1D
FFFE17DB
FFF3026B
FFE2D89E
FFFA42D3
FFFC78F2
FFF665BD
000DF009
FFF67D41
FFFBD670
000F603C
000254CA
00082BB3
FFFBA3ED
FFF76412
FFF7DB74
001A45C0
FFF5337B
FFFFA893
0005B665
FFFCC31F
0006F07E
0001A2AA
FFE9FB28
FFFF4933
FFF0FEB2
FFFDAFE2
00023C17
0005545A
FFF8D080
000AB5D0
FFF73A05
FFEADEE4
FFF3BF45
000CD0DE
0005801F
FFF9F624
FFEB7ECD
00076193
000E4A8C
00075568
0002F7B6
0018CDAE
FFF8D7CA
FFFB24B2
0008468F
FFF43094
0014DFD5
0001321D
0001728B
000EDFCE
FFF23622
0003CFEB
FFF2B3F0
FFF40C8E
FFF99F4E
FFFBF3CD
000D5835
0009B72F
FFF3C371
FFDC0E2C
FFF19C35
000D7700
FFF39CC0
00089002
FFF5BF61
000BF514
000A4AF5
FFEEB42D
FFFDB9A1
000A9C10
FFFFAA34
FFFE82B5
FFFC37F1
000960B2
000FDA22
000C3BC9
FFFAC52C
000B114A
FFF899B2
FFF62DE7
FFF03C91
FFF7197E
000B25F1
000E6DCE
FFF87A8B
FFF7269B
001774BF
0011F14D
FFF52F45
000D438D
000D80F8
0009BDF4
0006260F
FFFB9733
FFF3C008
0008DB50
000172B2
00083F80
FFF02C70
FFFCED36
000A3960
0009C6A7
FFEF4EAC
00098F6C
0007A650
0001D75C
0006B318
000BBEF1
FFF79F78
00013C2C
00062890
FFF31C2F
FFF55051
000D1437
000116CC
FFF05E06
000E8AEA
00023EBF
FFF24843
000DA6C9
000B13C2
FFF03E8E
FFE7BFE9
FFFB8F84
0003A672
FFFBD3A1
FFE9D4A8
FFFAB9A6
000A09E2
00054B06
FFFAF4D6
0001BDEF
FFF4F4FC
FFF6283C
0014F565
000745DA
FFE3071C
0006C09C
0005937E
00006E55
FFF26B48
000FDC6D
00008B55
000973A3
FFF6972B
0002F964
FFF8E50F
000903EE
FFF9A7DC
000A69F9
FFF0FAA1
FFFD78CD
FFF8061C
FFF8C717
000AB12A
0002F669
00072679
FFFF9B0C
000269C4
00055CB4
0005907B
FFF37AFE
000C4D4E
0005A3E1
0008241D
FFFF11DC
000C7078
0002011C
FFEE2EAE
FFF5C51C
FFF8FC06
0002E478
FFE45479
FFFCEF68
000497E7
FFFF03EB
FFF2B552
000171AC
00044CC1
000A1D0D
0005B76C
000DE866
00170E75
FFF049A8
000701FD
FFF99CE3
0004D979
FFF93B3F
FFFE7090
FFFBEED5
0000A2A4
FFF8470A
FFF24353
FFF1D5E4
0008CE8F
000F290E
FFF9100D
0000283D
FFFFB2F7
FFF86631
FFFE3D6F
0008B3D9
0004A607
FFEF67CB
0006DDE4
0008684B
FFEFBA7C
FFF62A5E
0000586F
00091350
001059AD
FFFE695E
00021343
000A02CC
FFF481C1
0013CB81
FFEE77D5
FFFCB4AD
000BB226
FFF728DF
FFF1E076
00075562
00079B4B
FFFC3169
FFF3E4A0
FFFA5BC8
0013FC19
00013A30
000AE98A
00094D38
FFEBA54C
FFFAB37F
000FC3BF
0009EC75
FFFA6365
000025F3
FFE8C0B4
000210F0
000A1E9F
FFF52BA0
000098BB
FFFE19E8
000DD9D5
0007ECD5
00131436
FFF47708
00101DEF
FFF02257
FFFB12B4
000BCD8D
000E5B5E
FFFEA2EC
FFFF2A12
FFFFD451
FFF2F7DE
FFEDB9C7
FFF6DEDC
00015851
001104C3
00100B09
00193F05
0018FD34
0005C76E
001254E6
FFFA5DE5
0005D960
000CF250
0015EDD5
FFF4FA45
FFF3A690
FFF47996
FFEDE02C
FFFB006C
FFF8A871
FFF346CD
FFF90E75
FFFED63E
FFFA7B03
FFF1B800
FFFFD823
001230AE
FFFDDE68
0008AF41
000D1F65
000A7190
FFF45531
FFF3120F
FFFEC87B
FFFFF83B
00043997
FFE78E53
FFED0E97
00059388
0001B749
FFFAE39C
FFF6AA84
FFF4BF12
FFEA5163
FFF346B1
0002118A
0014CD4D
FFF85699
FFEF6C52
FFEA0953
FFFE0D79
FFF66D5E
FFF7750D
000EB474
0001E07D
00094AE8
FFFC2923
001331A5
FFF37F86
FFFB66C3
FFF4CB67
000384C0
FFF182E9
00075951
00004EE3
FFF01960
FFFD0E81
FFFC785E
FFF9708A
00038390
000BC8C2
FFFD036F
000D6B0F
FFF57655
000949E7
000532BA
FFF8B133
000B94F9
000E1042
000666B1
00129BBD
00045A78
0006D9A0
FFF89743
FFF605E4
000AC232
FFFD1D84
001C053D
000D4EF3
FFF7B013
0015EB75
FFF335CF
FFEC0AEA
000D39B7
000FE21C
00015493
0007D77E
00010B6F
0003872E
FFF8E979
000D1C64
000DD637
000CAE90
FFF39A1C
000BB2B4
00058CCC
FFFB6FC4
0011F6EC
FFFF18E4
000BECBA
FFF8BE9B
00011821
000F9AF7
00053F3C
0011B883
FFEF94D3
000B4251
00031BD7
FFFF77AC
0003D5C8
00023638
00113223
FFF4398E
FFF504F9
0009D9E2
FFFB4F2A
FFFECE3E
0000995B
FFFA902B
00012CE2
000E8811
001135EC
0003000D
FFEE3AB4
FFF862BE
FFF863EF
0003F0B3
FFF7DB40
FFFC2DAF
FFFDBEDC
FFFCCBAE
FFF1BD37
FFEDEDE7
FFFAB019
0000125B
FFF84D9B
000E04D2
0004A5B4
00084931
0002D4A8
000088F8
FFFF414A
FFFE62F9
00060227
FFFEC1DA
0004B88B
000D0BC8
00018679
FFEF9E38
FFF0C035
0006F4E7
FFF864A0
FFFF28AD
000A57DC
FFFAF72E
00070258
0002FD5A
FFF13259
000F2842
000CE548
00024C7A
000CCBAE
FFF57E63
FFF38DEA
FFFCC91C
00095A3C
0004D46E
00077DEF
00002591
000A5B8A
FFFE6C31
000C2DED
FFF28E13
00088A85
FFFB5F4B
FFF9CF1D
FFF81A42
FFF864C2
0008B8ED
FFF3B047
FFE44BD8
FFFDCD83
00011446
0007AF75
000C2E41
0006408D
FFF93B0D
FFE68C2F
FFFA8EDE
FFF56AE0
00134716
00040AA7
0003F1F0
0011717D
FFFAFB52
FFFE638A
0010E5A7
000080AF
00044933
0005C4F8
FFF43C0A
000559B7
FFF36B1E
0004BCC2
000AFD79
FFF69C6A
FFE6D902
000418EE
000821BC
000A1C26
FFF1F52A
0000C125
FFECCD94
000372EC
FFF87ED4
0000EC05
0008A844
0007EE8D
00036700
FFF002A4
FFFF5D4B
FFF15943
0006B7C6
FFF7DA18
FFF5D23F
00046E79
FFF0C55D
FFEBD08F
FFEF4836
FFFEA71A
FFFD3A65
000CE824
FFFC2911
FFEC6B38
FFFE46C9
FFFA83AC
00005380
FFF619A8
FFF6416A
FFF5E3C1
FFF9C85E
FFFE29E2
000BF624
00054E61
FFF40374
FFEE846A
00046745
FFF5522F
FFFF0B29
FFFF9870
FFF5A32B
FFF4E084
FFF30E56
FFFA64E1
000142CE
0003F88A
FFFE3E35
000B636E
000A2485
000520C7
00059F44
000A36EE
FFF3DCC6
FFFC088A
00062AFD
000D7013
0005F460
FFF938FC
FFFCAD29
000CA051
000239AA
FFF9AB6C
0000352F
FFF4B3F4
FFF86A01
FFECB8D5
001652AA
FFF88615
0013E5C5
00111A33
000471C4
FFF8C943
FFFC1090
0008F877
000AD065
0006885A
FFE650EE
FFE32773
FFF82335
FFF1CDF4
000BA437
0004A49F
FFEEDD97
FFFB7DD0
FFF56676
000CEA00
0005615B
0003EFAB
FFF733F2
FFF93D9D
00080C04
0002255F
00066394
FFF3F87C
00037482
FFFC0786
FFF54263
0004492C
000B07DF
0002517C
FFF63D52
0001B901
FFFA5FAE
000454E0
FFFAF7B0
000B2205
000742DA
FFF05440
FFFBBD00
000BD5DE
FFF77F9A
FFFB36B8
00052F11
00072EA9
FFF1E70A
000375E0
0000A356
000186B2
FFFD7149
00029419
000CF746
FFF615F0
FFF4D0F5
00061378
00111BF9
FFF70AAC
0000B3A3
0002DF13
FFFFFDFE
FFF0CE63
0005A74A
0008E5DC
FFFC306F
FFFD38E3
FFFF298E
000427E4
FFFC0A59
00090A94
0006F475
000207EE
FFFDCCC7
0002A872
00039645
FFFE9475
000437CC
FFF7BE84
FFFCAF21
00051EBF
FFF99E00
FFFC8F35
00019E29
000B377A
00036C25
FFF6F298
FFF180B1
FFEA1BD7
0007F366
FFFBCA3B
FFFFE965
00003E24
00072202
00032D67
FFF7E017
FFFBD5CF
00024EAC
0003324E
FFF98E4C
FFF7F42D
FFFA6A54
0006ABED
000398F9
FFF8EF87
FFFBC86C
FFFF9DAE
FFFC0247
00056984
001460A2
FFFAFA9D
00038206
FFFB7EAC
FFFC6B20
FFFDDB24
0001F7F5
000E6B14
00019C2C
00038077
FFFBF6B4
FFFB8BCC
FFEE222B
FFFF1780
00027C05
0004D544
FFFDC0B3
FFFCC79F
FFED093E
FFF0E3D6
0009E098
FFF52ACC
FFF97DCC
FFF6D1E2
FFF98CDE
00059116
0003D25F
FFF58C1D
FFF772DE
00073492
0004C898
FFFEEEC9
FFFE93E6
FFFDB03C
FFFF0C62
0007E160
0007E542
FFF85008
FFFBD5DF
000874A2
FFFC9324
FFF7F567
FFF917C3
FFF679D2
000017D6
FFFFEB35
00136D6D
FFFFED31
00121F58
FFF9C0BF
00011CF1
FFF61F97
FFF8F452
000B4AC5
00020896
000BD6F5
00049BE3
00038C6A
FFFD5AAC
000ADC06
FFFBFD54
FFFF8D1B
FFFEE865
000DC615
001013C6
00097FC9
FFFFC2AE
000E1476
0000806C
FFFB9A40
FFF98F34
000E3375
FFF6BAA9
0007CFAA
000462A4
FFF9C391
00052464
0004AB2D
FFFDD965
FFFEBF7B
0000077E
FFEBF872
001145A9
FFF4AE83
0003330F
FFF66736
0003AB36
000715EA
FFF81038
0004D411
FFF7ECD7
FFFEE2F6
00089232
0009DA66
000057D7
FFFA5443
FFF9CA7F
0002C8CC
FFFB4214
FFF7ADC5
00056479
0001A6C7
FFF92AE6
FFF71FD4
000B3460
FFF7EAC0
000AD04E
FFFDBDC6
0003309C
FFF637FE
000B6A02
FFFF7E0D
00080270
0009727A
000DA9DA
00070541
FFFC22E0
0004C3FC
0009C4AD
00062F69
0008E017
FFF87FCD
FFFDF75E
FFFB4A4C
0004DAC4
FFF78A03
000E32DE
FFF4A2CF
000EF368
000E1D7B
00099237
0001414E
000224BE
FFF6CB30
FFF7EEA3
0002449F
000701F9
FFFA06E0
000D1226
FFF7B033
FFFD933F
FFF6C7AE
FFFE8412
FFF54DB6
0004F871
000C4E40
FFFFD803
FFF7BA79
FFF57BBB
FFF947F2
FFF7B121
000244A9
00058FC4
0003325C
FFFFBD92
FFFD1369
FFFB558A
FFF80E4A
00031A17
00019555
000E48C4
FFF6C825
0005D029
FFFA8948
FFFC7BB1
FFFB7138
FFFF4341
FFF44229
000E52B6
00027068
0000A576
FFF70FC0
FFFC88A6
0001D89C
000C387E
FFF539F9
FFFC1E6B
FFF5C261
FFFFEE0F
000B0203
000E0850
FFF66F74
FFF958F9
FFEF9D95
00039455
000B8CF4
FFF20BB6
00041376
FFFDCF38
00039108
FFF9DBE7
00079DFC
FFFCAC6C
00084141
0000E9DD
FFFEC68A
FFF7D27B
FFF779DC
0003A4C2
0009061B
FFFA25E1
FFF45BE2
00024D2F
FFF0B4DA
FFF325B1
FFFD8DEC
FFF85EB4
000C4132
0007369B
00047EC2
FFFD8754
000622C3
000A4AF5
FFFA5867
00024EC4
FFF49A9D
FFFBB828
FFFB590F
FFF288DB
FFF4FEDC
FFFB0116
FFFDEF42
0007ECBD
FFF17D22
00055705
00110D91
FFFBE2AD
FFFB4E68
FFF98526
FFFA37F5
00011722
FFF8083D
00021C96
000A02BD
0000B134
000A5FFD
FFFFF878
0002B98A
00048378
00102925
FFFEFFF3
FFFD9A4A
FFFE3CAE
0007E53D
000AB735
FFFF5D35
00027E3D
FFFED24B
0002A691
FFF7F0B2
FFF93EC6
FFFD2E0A
000AECDC
0004A361
FFFE5D96
0002FA98
000687C2
0005C21E
000D54F0
0006BF15
0006F1AE
FFFC0019
000638D4
FFF2A358
0003748F
00045CB8
FFEF7A59
000661B2
00086C64
FFF2C7F1
FFFBB466
00022918
FFFEB0ED
0004F8CC
000FB0CD
00086DCF
000BBCC0
000F03B5
FFF9EE7C
000FE0FF
00063304
FFFDA2E1
0005D718
000F3EE4
00000164
FFF03162
000197C1
000F692D
00062BB5
0002E040
FFFD2BC6
FFF2317E
FFF2A4C2
FFF9BE56
FFFF41FF
FFFAEFE6
FFFC1AF8
FFF60189
0007ED82
000A3F7D
000F1C04
FFFA8550
FFF4F250
0003935C
FFF7112D
000677C9
FFFF48FB
00060AD7
000A9335
FFFC0990
FFFDA766
FFFE1E92
FFF7E819
FFFEBFBD
FFFCFA55
FFF9F4F9
FFFCC0F4
000B3FD3
FFF78B30
00035E24
000407E7
FFFE9DC8
00028C0B
FFF6BE65
FFF53F26
FFEB6E56
00044AB2
000394C5
0006BF3D
0002DD04
FFF8D107
FFF81D90
0007F229
0000DABF
FFFA667A
00017829
00079015
FFF7AF9C
0009450A
FFFC63A9
0005EF10
0001308E
0001AC22
FFF7982C
FFFEA283
FFFB585C
0001B3A5
FFFD4C57
FFFB6ED7
0000E4AA
0000168B
FFF6710A
FFFF5591
00014BDE
000A4D38
FFFFC94B
FFF0B6B0
FFFDDBB8
FFF475CE
000421DD
000C3576
00025EAA
00058E90
FFF52320
FFF148FF
000121E9
FFFA6210
FFFCB68A
FFFF0EDF
000A12D2
FFFEBE22
FFEFDC21
0007DAF6
FFF8DAB7
0004477C
00080B19
0006CEF9
FFFCF750
FFF62DC2
000270AC
FFFDD2BF
0009E0B7
0009D8E7
0001B797
0005D43F
0004671C
FFEF18F3
FFEFE67A
FFF2394F
0009EF88
0001E8B2
FFFC9AFE
FFF56B27
FFFABB18
0002D4BE
000F6F4E
FFFCB49B
00044B5E
00049DC1
000228BB
0000B6FE
0007A9EC
FFF8F1AB
000957BA
FFF52C4A
0001CD43
FFFEBBE2
FFF1B3AA
0004BE96
0002ADA2
00036613
FFFFFE06
00054E15
FFFD8DEC
FFFF56DF
FFFEF8EA
FFF433A3
FFFAE442
FFF7BF63
000A8CC0
FFFF3755
000390AB
0002E32B
00009CCE
FFFF8B60
000CA447
000FF215
000D1154
FFFE629D
FFF0FF69
0006D25E
0007EE75
00137E2D
00067254
FFFA307F
FFF346C6
FFF34C84
FFFDCF06
FFFAB12D
FFFE2E59
FFFD15B0
00063A2B
000122DB
FFF4AD0B
0005D0C1
FFFB48B4
FFF184FA
00063455
FFFC4091
00081047
00091A46
00054AC8
FFFCC54E
000D745D
FFFE1293
000B05EF
0006A408
00096D82
FFF695BF
000B5CC5
FFFB1B50
FFF9A896
FFFA2C0F
FFFF5F37
000B823B
000775D2
FFF5D071
0006DBC5
000C4226
0007AEE9
FFE8A2DA
FFFFA30F
0004C06D
FFF9D0CF
FFFDF423
0001EBF4
FFFA4669
0008A526
000C5249
0014F5CD
FFF8607F
FFFB66B8
0000D55F
000708AA
FFFB1039
001266FF
0001092C
FFFD001C
000392FE
000D1533
000BF1BA
0006832C
FFF8CDC6
0003BDAD
00045274
0007D072
0006D849
FFF2E4F7
FFEFBC28
FFF5A702
000106D0
000186E3
00034F08
00029B05
FFEEE698
FFECCE1A
FFF3D7D3
000CB8EB
000C2867
000CAFEE
000367C9
FFF679AE
0004F3F1
000EB116
000B46CB
FFFBD9A9
FFF68D49
000BF8D0
000A06E9
FFFA4B2E
0000CAEA
0000C758
FFFF0DB5
FFF88721
FFF565E4
0002E0A9
FFFCCE69
FFFE048E
0013178C
0009DFA0
000B77C7
0004E25B
0008760A
FFFA7594
0005EB11
FFFD6FEA
00003AC6
00094B09
00051C2C
FFF912EA
FFF7E38E
FFFEF510
FFF4F001
0008DFCA
FFF129B3
000B8DD7
FFFFD560
00089C4C
FFF9D16C
FFFCDBF3
FFF1D19D
001039C0
FFFBB6E5
FFFB068C
0002E8B4
0008D09E
FFF371A2
00017CDF
00039206
00013136
0006915C
FFF8541C
FFFA1405
0001E07F
00043331
000BB464
FFFBA78F
FFFFBB30
FFF53041
FFFA1D84
0015C3B2
0001A1CB
000276C3
FFFFEE86
FFFAE8FA
0002E120
000B05E6
000C0A42
000303B6
00025D73
0001DF91
FFFAA15C
FFF3393C
000F69BB
000AE60F
FFFD3EEA
FFF78ACA
0004D27E
0005A2CE
FFF8FBA8
00092F2A
00044728
FFF8F98E
FFFA3B33
000B6A23
FFFF9076
FFFE8448
000880BF
0005BCBF
0005121A
FFF90B66
FFF64D40
FFFA8980
FFF43A22
FFFC719A
FFF45264
FFF9D7E0
FFF83982
FFFF6F6F
0003245A
0008F0B7
000C05CA
FFFD1E97
FFFD2F32
000FAD5E
FFF78201
0004B764
0001DCB2
00030C09
FFFBE491
000CA1BE
FFFEFF48
FFFF45BF
0002ADB2
FFF39815
FFF48C37
FFFFFDA5
00093639
0003F74E
FFFE6978
0010CC9A
0000D192
0008490E
FFFA684E
000027B3
000C4C1C
0004F29F
FFF73EF0
FFF3BB65
000A07CD
00060405
00017D98
FFF8F14C
0002E833
000F0719
FFF38599
0001A7E7
FFF80CC1
FFEE8525
0002AC32
0008528B
00029150
FFF34541
000C84E9
0005628F
FFFA0B59
FFF27F88
0006E544
FFFFA658
FFF127E0
000356D7
FFF20281
00038D25
FFFE6661
000B3659
FFFDEF36
FFFD778E
FFF40B08
000A0A86
FFFAB700
FFF7CD4F
00095CBC
000C3C0E
FFFEA879
FFF8E81E
FFFEE039
0009736C
00067A45
FFFA77B8
000DB5A2
FFFE6202
000840DA
FFFA1DB7
000737D5
000392C7
0007F150
FFF28173
FFFEB431
00067B6B
00051308
FFFBAE9F
FFFA15CA
0000B732
FFFB18C7
00082DF8
0004E6AE
000462C8
0003DEB3
000A9812
00067474
00073C57
FFFC3412
FFFD126A
FFFE47B4
000AD058
FFF47472
FFFCE80F
FFFFD8C4
FFFC112C
0000F8CB
000D09C6
FFFB9C1A
FFFB14B1
FFF95117
000B7BC4
FFFA20D3
000558E1
FFF28086
FFF62E36
00072383
FFFB6AE7
00030F2D
FFFFC2E1
FFF4105B
0008FC4A
FFFB1DC5
00101847
00010A65
00062D46
000D01E2
FFF58179
000ACC0A
000627EE
FFFE49CE
001090EC
001345ED
FFF9C879
0013FC45
FFFCFA8B
000121CE
000F0F57
000D2071
000915E9
0011F8C0
000DCC7C
FFEDAB76
FFF812A3
FFF34D57
FFFD50E0
000313EE
FFF921A6
000921A7
FFF98B65
00044398
FFFD7784
000817DE
FFF50425
FFFCCC0C
FFEFC5FC
FFF5630D
00086CAC
000968F0
000720DD
FFFE1E52
000E4E02
FFF85A64
FFF98125
0010B258
FFF82CDC
00079D54
000AC617
0008D311
FFFEB4BD
0002CF40
FFF22768
FFF61F56
000E3F4A
0003C172
FFFCB470
00055B5B
00113EFE
00141894
0000843B
000344AA
FFFA2B5B
000BFCB9
0005D45B
FFF708E3
0000A527
FFF60489
FFF406A8
FFEA1516
FFEE4064
FFFDF310
FFF5E6FD
FFFE6A23
00058C94
FFF9892B
FFFA6214
0005BF18
FFEFA3A6
00028AE0
FFFC59F7
FFFE1991
FFF66E50
FFECF415
0002569D
000225C6
00059703
FFF6FEE1
FFF37BAB
FFF1EECC
000A2989
000728AE
FFF7691F
000C396B
000429D4
00088401
000959B0
000DF004
FFF03D0D
FFFCE0AE
FFFE9E71
FFFA75A9
00066213
FFFD4AD0
FFF8FC25
0010F92B
FFF2B525
FFFCA955
0001DD79
FFFE4BBF
FFFB9BD2
FFF2070C
0003900F
FFF3E42C
00065C4B
FFF97F35
00063AED
00029418
000F0349
FFF2782F
0004947E
FFEEAD36
000676F7
0005F462
FFF95B41
FFF5F931
FFF6483E
FFF7AA91
00029DB2
000CC589
FFFF6EC1
0001AA76
0000B2BC
0007BD63
000CD4BF
FFFAE9EA
000A01E6
00045E4D
0006FE36
00117B17
00041C8B
0000FF1D
FFF7C4E6
FFF8D294
000D199D
001394CF
0008296C
0005ACD2
0006436C
FFFD2830
000B9151
0002CF9E
00057B1F
FFF5398F
000A8C66
000A7107
0001AEAE
00007F10
0004105D
000435C7
FFFCB362
0001F7BF
000181B8
0000D571
FFFF727F
FFFEBCE9
FFFB26AB
FFF5D02A
FFF1C303
000770DD
FFFB8746
FFF36189
000CB7E2
00090586
FFFAB558
000ED801
FFFA2C07
FFF73672
0003C10B
000FAB0B
00120849
0001894E
FFF350D7
000D9A15
FFFC7A21
FFFEFF23
FFF7FF97
FFF9736F
FFFBEBD3
00061546
FFFFC741
00066EBC
000D70CA
FFFCE23A
FFF902B8
0004702D
FFFE50E6
FFF8FC5A
FFFB16FA
FFFE4821
FFF820ED
FFFEF280
0002E23E
00060877
FFF3AF9F
FFFA1548
000D0E76
FFEFD84E
FFF6949F
001018B6
00056B0D
FFF4EF89
000463AA
FFF8323B
FFFD10FF
FFFAC4D7
FFF9E30A
FFFC299D
FFF72879
0003F9C7
000C2E05
00139B42
FFFE25E3
FFF255B1
000999D7
00085532
FFFC4ED2
0007C3DB
000CF666
FFF307B2
000349D8
0005C42A
FFFF2D02
00004461
0000C7EE
0003A566
FFFF72DB
0001F8E8
00085D81
FFFDA452
FFFCCB84
000D80C6
FFFBCD1F
000E0EF0
FFF4051E
FFF4A8BC
FFF3FEAA
FFFAC6A2
0003C093
0005B38B
00048B06
0002D5C4
FFEFAE7B
00041394
FFF5E17C
000DC4C1
FFF7FA4C
FFF383BA
FFF69826
000342CB
0004E81E
001418CD
FFF690CE
FFFAEA70
FFFDE2D0
000E788B
FFF93029
FFFBCED4
0001103E
FFF57699
0002FCF4
00073A3C
000210A5
FFFE92DE
001126FA
0002D78D
FFFA87A3
0006D0D4
FFFC41B7
00075878
FFF92BE0
00027926
FFF727FB
FFF5235F
0005CA1A
0006C07F
00012E42
FFF0B2EC
000599AA
FFEE61F8
FFF4D7DB
FFF8C6FA
00066594
0008CE63
FFF957B2
FFF3F6C2
FFFAB75F
00015702
000124A1
0001167E
000685A5
001002F0
0008C4E1
0015455B
FFFD8164
0007D572
0013592F
0008D87B
FFF6FF67
0002DEB5
FFFC7DE6
0006E4AC
000AEAF8
FFFDD0BF
00066AA2
000833BF
FFF353A9
FFF2E44C
FFF91F0A
00002314
000BD9B6
00087A47
000ADF8A
FFFE514E
0007254F
000D9EE2
FFF90A1D
00037C16
FFFE8EB7
0005D420
00024DDC
000B05B2
FFF604F5
000335F5
FFF79409
FFFE5AB4
FFF8B0BB
0000F995
000F87A1
FFF6CEF5
0004D56C
FFFB38B0
000AA4A0
FFF71008
FFFFD68F
00010278
FFFE7365
FFF7C851
FFF8D181
FFFD2D68
0007FF53
FFFD399F
00027716
0005BC05
000D2E23
000C1BD3
000EE152
FFFDB65D
FFFBF996
0003B6D5
0003E23D
0004539B
FFF7283E
FFF85E50
00013DF0
0007EBC3
00036F93
FFF212B3
FFF45E8A
0007C3E0
FFF7C227
00006363
00017F2C
FFFCDFB8
0008467C
FFF5B8BA
0004A37A
000272B7
FFFCC645
00034483
FFFE1C8A
FFFF0F82
00066369
000ABB47
FFF7374B
000AD836
000A8A4F
00059B28
000C0303
FFFEFA74
FFFDD53E
FFFAD5C5
00020CFA
FFF3D8B6
0007C685
FFF2B31B
FFF72FF8
FFFABACB
FFF99523
FFF8D3B1
FFFF75B8
FFF367C8
FFF20874
FFF6DAE0
FFFD3C2D
000136EC
00045ED5
FFFE266E
FFF7FD28
FFFC72F4
FFF7E4C3
FFF7251F
FFF3FD4D
000842E6
FFEB22FF
001136C2
0006C4F4
FFF3B804
00014085
FFFEF340
FFF90D5A
000B9F63
FFF0AEE5
00002BF4
000CEAA6
FFF5B099
FFFF69AB
FFFAE875
FFFF2D5A
000CF20E
FFF6B5B5
FFF0DAE8
FFFC779E
FFF169AC
0004D729
0004A31F
FFF33116
FFF9C5EC
000D88A2
000BE8C2
FFF2DACC
FFFC1039
000E76D2
FFF64D35
00084FCC
000CDE10
0006AB99
FFFFA755
FFF8BB47
FFEC4A82
000A83B2
000C61A0
00052C89
FFFA1713
FFEFD38F
FFF52976
FFF91CE2
FFF39D89
FFF05113
0003F99B
FFF51C58
FFF69924
000B45D0
000ADC8E
0000773A
FFFBC902
FFF8DFDD
00050E33
000DD05A
FFFF4F11
00119DF8
000D5611
000A8462
FFFEF38C
FFF7C3EC
FFF7BA3B
0007432C
FFFF6863
FFF099F3
FFED81E6
FFF1E1F8
FFFA6F27
FFFC44D6
FFF40F50
000873CE
0004D9F1
00010297
FFFAA27A
00015CB5
00084A8E
0018D470
0002F1A7
000353C2
FFFF967C
FFF27D89
FFFC5CF0
FFFDA94F
FFFDD577
0007A96F
FFFA36EA
FFF9F96D
FFFFBD93
0002F8E1
FFF67D81
0004A204
FFFAA814
FFFBB4CA
0003D242
FFFCE5FB
FFF10622
FFFCEC4F
FFF5948E
FFECBC11
FFFF36C8
FFFB6C77
FFECB1C5
FFFF28C2
FFFFEC20
0006426C
00045A38
00028551
FFF79E6D
FFF6C076
FFFAECBD
000027A7
000CD521
00085C29
FFFCA6E5
FFF7CEDC
FFF9E188
00099B8B
000F54D0
FFF4EE61
000F2837
0006F64B
000ACB4E
FFF59C07
FFF4D387
FFE60AB9
FFF2ED7A
FFF5EBA6
00089586
FFF55F90
FFFC171A
0007DC94
000C5DA5
FFF6C1B7
00088728
FFEF3DE3
FFFB627D
00000128
FFF1EB95
FFF50106
FFF9CE4F
FFF98530
00078C7D
FFF89D83
FFF761CA
FFFB3955
FFFD291E
FFF0151E
0008B7BD
FFF9F180
FFF0A1E9
00076B7A
FFFCE11B
FFE9C369
FFF560D1
00059F76
FFF8DEF9
000F3808
FFF6F07B
0001D0CB
FFF52C1B
FFF59F78
0006160A
0004AFCB
FFF5F9BA
FFF4CE5F
FFFF7467
FFFD58E8
FFFB82FF
000A60D9
FFF4CE04
0004E617
FFFC0F06
FFF7BEFB
FFFE767B
FFEFDE55
FFFD8D72
FFFC042B
FFF58F42
000AAD78
000457C9
00054437
FFF56733
FFFDFFC2
FFF6A4D3
FFFCFB46
FFFAD4E0
FFF88DED
FFF85F8C
0009F41A
000C5AE3
FFFFEB4A
00061DF4
FFFADB2C
FFFADBE8
FFF453F1
FFFC12F3
FFF539B5
000388E3
FFF0E46D
00077C8B
FFF2EF29
000D3917
FFFD7C25
FFFFC5A6
00025AA4
FFFBED68
FFF07CC3
FFF5EBC6
000546B5
00055E0D
0006E947
000822B2
00053D2D
FFFE5C6E
FFFAEA32
000537A0
00051F60
FFF57813
FFF605F7
0000FB26
FFFA2C36
FFFE3E1C
000C1047
FFFD9649
FFFCBBC4
FFF7D35F
FFFCE433
00140E08
00057236
000C04E2
000DF4C8
000664D2
FFFF9AC6
FFF74EBA
0009D21E
FFEE8C34
FFFA494B
0000FE25
000595BB
0007CCD4
00092966
0006C736
FFEF7A5D
0008A16C
FFFAD2C8
FFFF7D4E
FFFAFFF1
FFF76349
00050721
0012E39F
0008DF7D
00099FDB
00152B3C
FFFD370B
FFFBB389
0008B334
0007648C
0003D7EF
000BE799
00061779
FFEE2AE7
FFFC0CCD
FFFAFFE1
000201BA
FFFDB4A2
FFF8EDAC
FFF23BCC
FFF8826B
FFF2316E
FFF5B342
000B61CC
0006C709
FFF4D712
0009DF57
FFFFA57A
FFFDAE7D
0000A272
000135B9
0000A2F0
FFEEF25A
FFFC4CB6
FFFB316C
0014FD68
000A1964
FFF166D4
0007E72E
FFFF1E7C
FFF94F5E
FFFB2B65
FFFF0219
FFF92D3B
00097364
000003E5
FFFB168E
000C05F1
0014C1D6
FFFF0ED3
00070C75
0007118F
0005AFED
FFFDDEFF
FFF73A9F
FFFD71EF
FFFAB057
FFFC9E17
FFFA40B6
FFE9A3E1
FFF96C97
FFEA1B7A
FFFFA59F
FFF806A5
000AC08F
FFF52FB7
00110089
000220A1
FFFAF6A0
000ACA61
000F82A5
FFFED9F2
0005C23F
FFEE1CAB
FFF301E1
FFFF60F9
000233CC
00077448
0004B817
000363B1
FFF61CBB
FFFFD837
00050C03
FFF9E7C9
000F5D43
0004393C
00012890
00052E80
FFF4614B
FFF9C54B
FFFA110F
00095AB6
00126A2B
00078B82
FFF877E3
FFFADC58
0010554B
FFF6BA6F
0005F281
FFFBE4B3
FFFA863A
FFF1F642
FFF52480
FFF7E861
000E2D95
FFF1D5C4
0009AE57
FFF22E04
000048E4
FFE9A3DF
FFFE56A3
FFFCDA0F
FFFC1C70
FFF6DA1B
000A0BEF
FFED6642
00141968
FFF8FF20
00034C5F
000FA5E1
FFF5C6B1
0007EBEF
0009CE4E
FFFBF401
0003B89F
FFF61118
00077D77
FFFDFF76
FFF8353E
0002A1D8
FFF94175
00058B2A
FFF9B17F
0004C0D0
FFFE50B1
FFF3260F
FFF32AFB
FFF0BDDF
FFF6975E
0009A40C
000E4F95
FFF493A7
FFF91938
FFFD60C5
000408D1
FFFE4AB7
0002C7D4
00067D6D
FFEA4031
FFFDCEA5
FFF4A07E
FFFE542C
0005C52A
0010ED21
FFFBC180
000541C6
FFF926D7
FFF5B15B
0005CA13
FFFFF0F0
00099E35
FFFF2AAC
FFEFB72A
00007378
FFFC068C
0007B9D8
FFFE6C8A
0014FABA
FFFCD9FB
000B8565
FFF8C908
001140C8
00019FF8
00132F88
00074D2B
FFF6C239
0001B839
FFF28BCA
00023168
FFFD76E5
00134D82
00025FC9
0010E425
FFF6A8FE
00047007
0008F5E2
FFF77B17
FFFECEC5
FFEE4BBF
0000FFD3
FFFDB440
FFFCAF1A
0008E03A
FFFC9047
FFF8CB21
FFFAE80C
FFF085F2
0012FFCB
000E8BEE
0009299A
FFFD43B7
00012478
FFFF4D43
00115F33
000A4620
FFF6F9B6
FFF97E3D
00062AA1
FFFD6862
FFFD206D
000DB381
000D3E7F
00066225
FFF65DA1
000A956E
00107147
FFFE3399
FFEC6804
FFFAC3B9
FFF828C4
FFF20B07
FFFED393
00045F01
FFFAB04D
0001C67B
0002C746
FFFEBD2E
000DE456
FFF5EEB1
FFF4EE7D
FFF8160A
FFFB0E02
00010B70
FFF9A7D0
FFFF940B
FFFC2483
000D5357
FFF6805F
FFEED850
00075876
FFFE7BF4
FFF49365
0013D7C5
00005771
FFF5ECC5
FFF6480B
0012321D
0003BE46
000B5CFB
00146624
FFEDFEF6
00022F7D
FFFDEE0D
000ABC86
FFFCDDC2
FFF768AE
000FF0EF
FFFA8BD8
FFFDEDAE
FFFA9C83
FFFF3BD3
FFFAB6EB
FFEDDE03
FFFA1826
FFFF696C
FFF55036
FFF32507
FFFA53DD
00002C4B
000EB5D1
0007F718
00037837
FFF4BEE1
FFFA266A
FFF6B7B7
0000E3FA
000F50D1
00056B5C
FFFB6A19
FFF7AEEE
FFFFE82E
FFF8C222
FFFDB878
FFFFE507
FFF5ECD4
FFFB83C3
FFFFCE84
000F715D
FFF42E90
FFFEA8E9
00144F0D
FFFCC9F3
FFFF5A21
FFF9F234
00027A88
00037007
00048357
FFFDA4D1
00023351
00032986
0009CFBE
FFF79EA4
000C0F25
0009A14B
00089E96
FFFF5CC0
FFFC830D
FFFEB051
0006A39A
000976EE
0004D6DD
0002F9EC
000BD0C6
FFF9FA58
FFFB2938
00043A61
00004442
0008ACF9
FFFF45F0
000BACD2
FFFC4ECF
FFF74931
00015997
00065962
0001A97E
000CB64A
00001823
000A5971
000AFE5A
000D2243
00053DE6
FFFD892F
FFFD8F32
00004A15
FFFD00F1
0007DEF2
0005E416
00058CC6
000261DD
000ED42D
FFF8C273
000732D7
FFF3FA2F
FFFDCF67
0003CA8C
0006C7EF
001587A4
FFFC4546
FFFD01A1
FFFF2342
000D3613
001269F6
000142BB
FFF4708C
FFF68DBE
00051EDC
000C39B8
0002FD92
000E4046
FFFBE338
0004ACBB
000A2AFA
FFFA75F5
FFF85562
000BB549
0008C9D1
FFF509CE
0005DBDF
00035A8A
FFF56E57
000E548F
FFFB29BC
00009879
00058DF9
00039BEE
000D29DB
000125C8
FFF3E207
0004CA19
FFFCB6D7
FFFB2CA0
0007AD40
FFFD9CFC
000EA006
FFFBC7E6
000C58AE
FFFCC313
0002F906
FFFE08AB
0009F3BD
00056C76
00067D83
FFFC2142
FFF9507A
00043111
0004222A
FFFEC733
0005909E
FFF923AE
000CEA50
FFFF48EC
0002C52F
0001D7ED
FFFE320C
00009B03
FFFA376D
FFFD167E
FFF75B4A
FFFD3EFF
FFF9AE69
000248BD
FFFFE990
FFF86FCD
000D09F9
FFFE11C0
000D420F
0003336C
FFF6FF06
000C7D85
FFF7626A
0006C691
0001FF31
000A4E9D
0004F64B
FFFE7A42
000E11AA
0002A9A7
FFFC97A5
FFF3C258
000764F8
00067BF6
FFFF26FA
000BF117
00090975
000A9F44
FFFC227B
00106557
FFF9A26B
0005DB43
FFFE2B33
FFF3FFFC
00022F7D
FFFF935F
FFF5A752
FFF480FD
0006FE36
FFF33ECF
FFFC1166
FFFDA6C4
FFFBECB3
0000D880
FFF3C855
FFF71EC7
FFF50862
0006E68B
FFFEAD84
FFFACBF4
0009F919
FFFBCE8E
FFFEBDDC
FFFFF713
0013AA76
0006F89B
FFF4B80F
0009897F
00038E05
000192EA
FFF86BAB
FFFE23AC
FFF51F70
FFFD96E9
000AC5F3
0008018C
FFFF98AA
FFF169A4
00173FA0
FFF0694B
FFFD6A63
FFF77A07
00085470
FFFE8EAF
00055B30
FFFC5C19
0000E875
00068226
FFFD06A7
000227C3
0000AF28
0004F670
FFF9838C
FFF62ACB
FFFB0242
FFF76968
00059646
FFFFBB7A
FFFB2A5D
FFFCE18F
FFFE917A
001376F8
001825DA
FFFD7954
FFFEFF46
FFFCC9BE
FFF29CB8
00029B4D
00004FA8
FFF4398E
FFF5B258
FFF9A6B9
0000261F
000CA2E7
000AE15C
00081636
FFFF917D
FFF8ED95
FFFF0E46
00016F8D
FFF8D8B4
0004B0B9
FFFC6707
FFF6EDA5
00084F02
FFFB70BB
00058B76
FFF3C342
FFFC1DBE
FFFAE441
FFF868C0
000110BF
0007EB11
FFF9580E
000A7BDA
FFFF9335
FFFA499F
FFFEBA13
FFFB95D4
FFFD2A40
000170D4
00090C83
FFFE6F78
0009EC8B
FFF58B97
00014891
00036771
FFFD0168
FFFDD4CA
FFF95A9A
FFF79DBA
FFFE8162
FFF9C252
0003EB0C
FFF7A9C9
FFF6CC7B
FFF7CEE2
FFE95A98
FFF71525
FFF53B90
00060123
0006BE4C
000EC084
FFFA7692
FFFB8584
FFF37123
FFFD00BF
0002690A
000D1F7A
000F8976
00095CAC
00086610
000207AC
000CE37C
0006C79E
0013490C
FFFFCA41
000AAECD
FFF8635E
FFFE0727
0009F960
FFF166B4
FFF9C48F
0009170B
FFF7C852
FFFB52FF
FFF4550E
FFFA074A
00013974
0000E17A
FFFC264C
FFF7B658
000EF84E
000486F0
000482D0
FFFD116F
0002284A
0001C184
FFF9EF70
FFFDE1CE
FFF1CED8
00038777
FFF5E61C
FFFDCAF5
00096022
FFFE8630
000E3A99
00049195
000F4DFD
0004BA26
00091DEA
00172938
000A926F
001568E6
FFF64DF1
000F12D7
0012D0CE
000B8FAC
FFF9DF34
00002443
0002A82C
FFFB640B
0009DE6D
00079221
FFFEAA48
FFF7340F
FFF67971
0003D271
00041A54
FFFD6A8D
FFFD995D
FFF95ACC
FFFF237A
FFFFB2BB
000518C8
FFF33C14
FFFE0D64
FFFD2B88
0008C9E3
FFFB81F8
FFFCC914
FFF3BF1F
0001CAF2
000A2963
00078432
0009013A
FFFC6949
0006C5F6
000E715D
00009510
00024CDA
FFFD35A7
FFFB4FE6
0008585F
00051FA0
FFF76850
0007B8FE
FFFDC176
0007CFB1
0007437D
0007EC7F
FFFCADA6
00020424
FFF34C8F
0000DF45
0006CA21
0002843A
000CDF85
0009E364
000A75BE
FFF4D4AF
FFFBEAB9
000B562B
FFF9A4B7
0000B305
0001225A
FFFFC9B9
FFFE1FA0
FFF3CA88
00034490
00005B9A
00095B81
FFF560E0
00102706
000B00D3
000DFD2A
FFFA792D
0003966E
000BB183
0002E7D7
FFFFC6CD
000565EA
000B0C95
0001388D
000A99C1
FFF9D3BC
FFF29C29
FFF68961
00000D03
001414DF
FFEFD246
FFEF8864
000E0BE0
0000FF39
0007FCDD
00107DF6
0005D957
0004E919
0006B61B
0014FDE8
FFFF3B23
00048F7F
000AF173
000454EF
FFF9E549
00023D2D
00015D15
000DCC71
FFFF74B5
FFF10E07
0002F3E3
00047C61
00098AC7
FFFDA070
0004E4DE
00113BF6
000881CF
0016A699
001A6DAC
000BBFD1
0012154F
00064E1A
000EA99A
FFFC5FAB
FFFC15E6
FFFF7998
FFFA515E
FFFC9D75
FFF62422
0012F219
FFF70F25
00017729
000AB457
000E4A01
FFFEDB2D
000DBB8C
00088507
000844A6
0001250D
00029CDF
FFFBD9EC
00006B7F
FFF1724A
0009534D
00042E28
FFFDFBA7
0001C210
FFF9C285
FFF9484F
FFFBCD7A
FFEB1562
FFEDDA07
FFEB34C6
000746AE
FFF1AAD7
FFE80824
000B6FF7
00073630
0004E674
FFF9E904
FFF4F260
0002F513
00026076
0009876C
000A3C5E
FFFC31B7
FFFFA5E9
000F452F
FFF84088
FFF5085A
000D6DC8
FFF61DC5
000C80C7
000889AA
FFF4181D
000AC3DA
FFFC4C6F
000181B1
00099186
FFFE0884
FFFA9923
FFF86AE1
FFFBA50E
00104347
FFFBA2F4
000E27DC
00009226
000A260A
0003D2E6
FFFD6481
000F7CFE
0003C734
00078B7A
000003DB
FFFBA616
00064E05
0007C7CD
FFF8D3A6
000874EB
0004E287
FFF33788
0009ADA0
00062E4A
FFFB8115
0005D0C9
FFF57B26
00083A7B
0003D9DB
00021507
00075312
00029A30
0004CE4B
00034E62
000B2232
00091B0D
FFF95973
00027A54
000BDC81
0000A033
000D70BD
0006C295
FFFDF8C0
FFFA4BA0
00021088
FFF60DE9
FFF8854C
0005230A
0004E617
FFF4C152
FFF80544
000FA91D
000C2400
FFF79722
FFFDAE57
FFF7AEFB
0002995C
FFFE05C5
FFFA4860
FFFD3E49
FFF5A3AA
FFF1621E
FFF8D2F1
FFF8128E
FFFECE5A
FFFB5454
FFECDAD0
FFF7386F
00047583
0001AD3E
FFF1CEB7
00017F2A
FFF4A73F
FFFC1432
FFFA3EC5
000603D1
00082E12
001539D4
0019F5C5
FFFEA25B
FFF74CD6
FFF96252
000583EC
000D15E2
000476E1
000D3D05
00093EBC
00088535
FFF87B07
FFF409F1
FFFC5A8F
00017F24
0005A025
FFFD71A1
000C1E46
FFFCAE63
000BC166
0006DC1A
FFFDE662
FFF9D519
0008F1EC
FFFB5796
000341D3
0006CCD9
000F7366
FFFFFA18
FFF9D4FF
FFFADC99
FFFC6FE4
000D5241
FFFE8589
00084B98
0003BF66
0012C063
000F0A6A
0009F1AD
00096169
FFEE6873
0008C944
0002258E
00031CE4
000789E0
FFF9FBDC
FFF3FC43
0002BFB6
000EE388
000B3AF1
00051BBF
000587A9
000470A8
00007B5D
FFF4BD9A
000855F9
FFF8B140
FFF69FF0
0001643A
FFF02CC0
0003DE7A
FFF502B6
0003BFA1
FFF82957
FFEF49EE
FFF02912
0005B0A1
00011734
000D9929
00048C8E
FFF84842
FFF32A6C
FFF93BFF
00088212
0008C9BF
FFF6296F
FFFB277E
FFF91C8B
0009D039
00061C6C
000E9363
FFF9C92D
000249FA
000AA8A4
000EC6CE
FFFE0ECD
00060C89
FFF60860
FFFDC029
FFFB6CA3
000C2504
000633AF
00015F0A
FFFD1613
000D8111
FFF96AB9
0005F2E7
FFFCB69E
00083FD8
000FD1E7
000987A7
FFFF6387
FFEAF923
FFEFAD64
FFFC663C
FFF7C651
0002F278
00126ED4
000BDFB7
FFFBE579
00008B93
0006C7B5
FFFA9F93
000E7351
FFFE4F47
000C98F0
00091978
FFF0441B
00002A84
000E99BA
FFFB09A7
FFF41AFE
00058E8E
FFF9CBFD
FFF26319
FFFF276B
0001C9FE
000E48A8
000C36CD
000666BD
00019238
FFF01217
FFFCFDC7
FFF53BF0
FFF53A6B
000C2929
000D7C69
FFFEB763
0002482C
FFF1A743
00079A9C
FFFDCA67
00077A10
0001C0C9
FFF3517F
FFF5D45B
00093CDD
000155EA
00030D8D
00020760
FFFEE02A
FFF8CFB1
FFF70320
0011369A
0008F860
000C49E1
0010E62E
0009E68C
000AD648
00042876
000B1E2B
0008CE58
000432A1
00069166
00039170
FFF86CB9
FFF6E58A
FFFCECA8
00100468
FFFA0CD9
00004525
000D811D
FFFE6AFB
00064B6D
0005979C
00005AB6
000C0953
FFF41B9C
FFFB94D6
0003FCC7
00116901
00160DEA
0002C16D
FFEB5A70
FFF7AA58
FFFC817C
FFFBCE28
000DDD7C
00086175
FFFCC2CC
FFF3B87C
0001CAF6
FFEE2EC7
0004992C
0003AABE
FFF10D06
FFF290F0
FFF8074B
FFFED9E8
000539CB
0008022F
00021DE4
FFF05961
FFF4B71F
0006FFE4
000BA489
0001661B
00008577
000CB91F
00165CF3
FFF5A0D5
FFFDB603
000CFBAE
00049619
0011C92D
0002CB79
0003DAA2
FFF5F093
FFF1DFD8
FFFA9107
FFF74090
000DAA3D
0000F52E
FFEE5BB9
000634DA
FFF9E7E3
0000844C
0004FE88
001045AD
0008506C
0012E002
FFEE4EC9
000308AF
FFFEF54E
FFF2B127
00015343
FFF7CF8A
FFF4AB63
00074A37
000340CD
FFFC4DB7
FFE6BEAC
FFF598C3
0006BA8B
FFF95F08
000613A8
FFFE9972
00086C3A
001016BB
FFF6CBC9
00093F29
FFFD1E13
FFF7234B
000673BB
0012923C
000DDE8E
FFF5FDB2
00009E21
FFFE5A8E
00007570
000CE874
00010476
FFF9A48F
FFF7A745
00042C6C
000FCBF5
FFFF4046
000777C2
0003A439
FFF823FD
00007C36
0005A4EC
000157A2
0001FAA6
00100468
FFFBEC4B
000641D5
FFFDF3DB
00015E9C
00091E0B
000910C2
FFFC0A62
00053850
FFF6EF11
FFFE4E40
000961CD
0004F8A4
FFFC6440
FFFFF2E9
FFFF7965
00074860
000675F9
000C7709
FFF59C3C
000397B3
0008917F
000B54BB
000A70E4
000168BF
FFFD4C51
0006CA1D
FFF8F28D
0001104E
000C6BE5
00095902
FFFEB67E
00117BF0
FFF9152B
00032F4C
0006A704
FFE80502
FFFCF60C
0006FFE0
0001641E
FFFB1226
FFFDD328
000A4EFA
0008B5A7
00073943
FFFFF0B0
FFF91A95
FFFEC427
00027D81
0002DA73
00018025
001620E6
FFFBAAE9
FFFC7566
FFFF3F60
0005F905
00025260
000D34B6
FFF526A2
000B2F5B
FFF8F78D
00060C80
000F61D3
00077034
00015F45
00029B65
FFF98668
000E1230
FFF7A429
FFEEF6D6
FFFB3E55
FFF1EA56
FFF973C9
0007E022
FFF56334
FFF77ED0
FFF33E92
FFF545F0
FFF1D1C0
000376E7
00030ECA
FFFB6A1D
00114A17
0007670B
FFFE9BCF
0002C5D3
0004AE6E
FFFFCA43
FFF30806
FFFF9F74
FFF7981F
FFF47621
000680E9
FFF588C1
FFF78103
FFFC5DD6
FFFD1409
0004116F
FFF869D2
FFFC1CE6
0001427F
0004A1DA
000631DB
0000AE09
FFF38101
FFFA5E78
0001A8DC
0007240E
FFF3DFF2
00024534
000359BD
FFF1D7A2
000E986E
00054FAA
FFFF3277
000D3A6F
00031B75
00042667
FFF9F70D
000229B3
FFF1AF9A
000DEAB6
FFFCC511
000483E3
000A582B
000E30E6
000FDA8C
000C86E8
000835E1
0004EDC6
FFFB5822
0005B95A
0003E006
000C7357
0000A4EA
FFEEA601
FFF98D84
0002BF9B
FFF1D2DA
FFF8C723
FFFD025A
FFF75EA9
00146457
FFFE6F06
FFFD7C4D
0000A6C7
FFFD1A1D
FFFAA068
FFF94032
000B6FA3
00060E31
FFFF1C9A
000635B3
000B8171
000B81AB
0000EA94
0002F628
001500A3
FFFFAA93
00007E30
000C1E5F
FFF96A38
00033C22
00021B70
FFF854A8
FFF55F20
FFFCD0E9
0002620B
0002A3E4
FFFC5275
FFF8AE47
00073A09
FFFF8D0F
000BAC02
00038301
00077D2F
00023371
0008C831
00158366
FFF9F7B4
FFF2D056
00033FD0
FFF88A60
FFFA417D
00080929
000F4DEF
000465EB
000A4789
FFFB831C
FFF823FA
000C48E1
0008BB17
FFFFA64A
0009DB70
000D6082
000AFFB9
001936A7
0007AC39
000B76A9
00006EEE
00053C55
0003D065
000D5366
0007FD06
FFEFEE2D
FFFA353E
0007C90A
FFF5AC0D
FFF7F0C4
000126E1
0002755F
0003C714
0003ED73
FFFF5A90
00136C96
FFEF87DB
000C7BD0
00059631
FFFE5912
FFFBD0FE
FFFCBA0C
000A17AC
0001314C
FFFF742C
000B5655
00064C2A
00037088
FFF936B9
FFEA88B3
0008D7BD
0005CA26
00051E27
00098F05
FFF77B5A
0005F08E
0006D3CB
FFF776DF
000C346F
FFFD8A26
FFF8C45A
0008A0BB
FFF8D031
FFF6AFF7
FFFE592E
00018DFC
FFFDCD1F
0007741F
FFFB8E54
FFFC4405
00025480
000572C2
FFEC8B84
FFF6C5FF
FFF80CB8
FFFCD61C
000419EA
0003F0E5
FFFFB754
000D6060
000AF56B
FFF5469B
00017542
FFFEAADF
0004D7CB
FFFD61D2
000D68D3
000B5271
00032736
00074740
0006BA7A
FFF958F4
00021BE1
FFFA812B
00086999
FFFE9731
000BC1E4
0007E8DF
FFFD2062
FFFD6663
FFFFC0C5
FFFB4246
00001B07
FFFAD8DC
00044990
FFFC1E68
000C83FB
00009777
000FAC40
0009135C
000E2435
0001115D
00025DCD
FFFF54BE
FFFD405C
FFFE298E
FFFF6F05
0007362F
FFF7E0E9
FFFA3444
FFF3CF63
0004B95A
FFF32EAE
0011907A
FFFFFE0C
00095BC0
000449D4
00006ADB
00031698
FFFC8431
000784FE
FFFC1D1E
000482E7
FFFAF1E5
FFF98B92
FFF86E64
FFFF3E11
FFF6601B
FFFA47FB
0003D252
FFF88148
00119AAD
000CF607
FFF8E82D
0004609D
000D5CE5
00020ACA
FFFF0157
000C679F
0000F2E0
FFFB2E61
FFFC21D0
0003DF58
FFFA8393
FFF9FF39
FFF58424
0003C323
FFF4491A
FFF055F6
FFFFAE44
FFF780F7
FFFC7F10
FFFF79F1
FFF3EAB5
00071CE3
FFF747C2
00047C2F
FFEF0BB1
0007EB46
00068599
000A1FED
0008E45E
00065154
FFFBDCD3
FFF531FC
00040FD3
FFFA31B0
0005B687
00039421
FFFFE805
000B06F7
FFF4DAB6
FFFB4356
FFFA09E0
FFFC1D0A
FFFB7EDD
FFFC8720
FFF924E4
FFFF32A1
000B86A6
FFF73BC0
000251CC
0003C3C2
0001D869
FFFAE692
00009F37
000A5FD8
0008030A
000C4C03
000CF61A
000B3C05
0001BA27
00110D0D
FFFBE9D0
0008A97D
FFFF842A
FFFA48F8
00039723
00003C2C
FFFEE81D
FFFB8A2B
FFFEC5BC
FFF5B08F
000DFAF7
000B4C5A
FFFA1B0E
0006DF44
000504B6
0001654B
000A1E9D
FFFAB240
FFFB222B
000847A5
000212EB
0008CCE7
00126C97
0005BB47
0000DBB7
0001AF17
00093BAB
FFF90C6A
000BE49D
0002C454
FFFE359E
000AC991
000CF69C
000AF7DB
000B929D
FFFB6491
FFFAF98E
FFFBB4B3
0001FE2C
FFF6CF1B
FFFD7EAB
FFF2D393
FFFEE3A3
00043A79
FFF14ACB
0004C533
000A8F02
FFFD3FCF
00051567
000A486F
FFF927B1
FFFF1568
00009BF1
000D93FA
00002741
000614B3
FFFAE2A8
FFF7A50F
FFF44455
000A785D
FFFC131E
00070A16
000E1EEB
FFF810F6
000A79D5
000C377B
00073E0C
FFFF1C09
FFFF546A
0011E392
000D5DC4
000CFD10
00017649
00179C59
0000A1CE
000EBF3D
00051B06
0003D9BA
000BEE4C
00055527
000A5A84
00057634
FFF12C9D
00061A4D
FFF96759
FFF8B2F7
0007CEC1
FFF9D285
0005A8CD
0005145E
00072B90
FFF4F0CD
00052B17
000819C4
FFFC236B
00011D91
FFF24422
0006BD28
FFFF2034
FFFB460D
000AE171
001198AF
FFFA66B9
000DD693
FFFB0BC8
FFF9F1EA
0010D7D7
FFF961AD
0004867F
FFF676D4
FFF526D4
FFFA51ED
0005D4F4
FFF6EE58
FFFDCDE1
FFFA8CE6
FFFE639B
FFF61834
000B54E5
0006EDE7
FFFE664D
0000DA9F
0007D265
00047C14
000367E1
0005D3F2
FFF4EF6B
FFFE294D
00071915
FFF8603D
0004E1EA
000CE79E
FFFF26BE
FFF2DA00
FFF862F6
FFFC8E91
00063AA1
00022ED7
00019475
FFFD2EF4
0002C36C
FFF4FBF6
00059203
FFFD6E19
FFFE3A95
000BF5C1
FFFDE569
000354E1
0007ECE9
0003A992
0001FA01
0007064C
FFFF78F5
00007B6A
FFFE667C
00040088
000EBC92
000962EC
0001A865
FFFF79AC
000038EC
FFFE8D22
00069AB7
FFF830FC
0000782C
0004685C
FFFB43E4
00072AA5
FFFBFDAB
FFFABCF4
00057412
000448D6
00065739
00137934
00042A44
00113141
0003B8BA
00183DBD
001DF4AA
00135CF2
00016D8C
FFFC9C33
00096E7B
00032D9E
00099814
FFFDF53B
0010C13D
001028F1
FFFFCDF8
00067EEF
0008F015
00082E25
FFF49194
FFFD1DC8
000038DE
FFEDBAF3
000B3483
FFF4E0DF
FFF667DE
00049745
000113EA
00058085
FFFE2C18
00081DA5
000B5C03
0005CFBE
FFFF4E0A
0007D7B0
0008F27E
000148D8
FFFCAB39
0002D802
FFF9707C
0007CBDA
00011AB7
000CB779
FFFC5379
00029A2D
000304D5
00052CA3
0000FDD9
000C5190
FFFF1D38
00056DA9
FFFBDDBF
000313C3
0002A865
000734BF
00089C3E
000E5B65
FFFF7BA0
FFF9D155
000A6CCB
0006A749
0006F5E4
00088331
000899B2
00048024
FFFAA235
FFF829B8
FFF0E38A
000BA98F
FFFFFB70
00025AAF
00098C98
000171CD
FFFDB971
0010B985
FFF63801
00009193
FFFDC619
0005FE15
000AD334
FFF84688
000C2F1C
FFFC3897
FFFF98A0
FFFA1B71
0008C7E2
0007FCF5
FFF0D2C2
FFF4338A
FFFB8FD7
FFFCADC0
FFF83944
0006A838
FFF6E0AC
FFFDCFCB
00090CF1
FFF25A01
00059466
FFFAADE2
FFFB642C
FFFF75F5
FFFCC7A0
000B813B
FFF46567
000148F1
0009BC14
0005ACB5
0000E37C
000BCD48
FFF91E3D
0009EF65
00042226
00031C8F
0000845D
FFF7EDD3
0005C583
FFFEED14
000C9DE2
0007F898
0004CF0E
FFFBEC7E
FFFC3B41
FFF67BCB
00085AAF
FFFE2D65
0005E2B6
FFFE7810
FFFB5F66
0000090A
000673B9
00091BE5
000BC4FF
00002264
000665FF
FFFB5A2C
00046561
0002586C
FFF43C50
000716C1
FFF8A01A
000AEA29
0001A470
FFFADC10
0007C828
000CA390
0006DFD1
000C7B9F
FFFFA524
00132F50
FFFE366B
000B7F9D
00102F43
0007825B
000C355F
000EB3E3
FFFD7317
FFFDC85B
00051EE3
FFFE44F1
00079C8E
0010B1E8
FFFF5FA0
FFFE22B9
FFFCEEE4
000AD561
000404EB
FFF30459
00018C90
FFF405C0
FFF80F5C
00142F79
00011954
000D877D
00034D66
00024603
00053ABD
FFF9BE6D
00040B7A
000BABCF
0005F0AB
FFFFDF78
FFF830DD
FFFFDC14
FFEE88C0
00040A4F
FFFD270D
FFEF6429
FFF59885
00103069
000D50C2
FFFE8AE6
0000A32A
000726DD
00031948
001414C8
00065954
00050B89
000D6D61
00033D1B
00018C1C
FFF24485
FFFE3280
FFFC21D6
FFFA78E4
00108207
FFF399DC
0004004A
FFFB2B0A
0002398C
0009A543
000D997C
000BAA86
FFFFA8A4
0004B484
FFFBC8DC
00089BF0
FFFAD1A9
FFFC9897
00007677
00057381
0008BCAC
000337B0
00028B55
00092293
000A6EE6
000D3F63
FFF93109
000B109E
00035B41
FFFDA567
0004E621
FFFEC1BC
FFF7997A
000EF729
FFFA68CD
FFFDA4E0
FFFEC4A6
000E094A
0006B842
000D3759
0002DD8E
FFF6D043
000A53C1
FFFCEBDE
FFFCD0E7
FFFAF952
000E6111
00065A6D
00013376
00061271
FFFBA30F
FFF9B89F
0000E373
FFFFFA38
FFFF782D
FFFA5BD4
FFF46DE5
000A3AE6
FFFD0D90
FFF5E90A
FFF9C69C
FFFCF09B
000256FF
00125DC5
FFFBFA90
FFFEE78D
0008EACC
FFFEB3DA
00036E8A
000C0DC7
FFF715E0
0003542D
000CD82E
FFF803E6
FFFA5779
000E089B
000670A8
00080BB2
FFFF7A2E
FFFCD601
FFF62EE1
00051501
FFF3898F
FFF1CA2C
000A3302
FFFA6DFE
FFFDF539
FFF9F984
FFF9EE39
FFFA86D7
FFFF804C
000B4365
00094C22
0001511B
000200B3
0009DA9A
FFFCD009
FFFF1B1A
FFF0CBEB
FFFD7154
FFF556BD
FFFE5CD1
FFFB2F9C
FFF94B07
00020E0B
000117ED
FFF86AC1
00018244
FFFAA09A
FFF95143
FFF9DD01
FFF2455F
FFF26D81
00081CC0
FFFCDD31
FFFFE2C1
FFF39A32
FFFA696A
000417E0
FFFB03C4
FFFA7E71
FFF887CC
0001A7EA
00004D90
FFF961D3
FFFBDBC2
00041386
0000777B
000BD134
0002BF03
FFF746A9
FFFA2FDC
FFF68CA6
FFFD8BE5
FFF9B520
FFEDE26D
FFF5C759
FFEEE6BC
FFEF3FE4
FFFB71A0
FFFB3504
00046E4E
000A57FA
0008C597
00044A4A
0008A8AD
00084940
FFFF572A
FFFF7EC0
FFFF134C
FFF9B5D6
0001E4B1
FFFB79B9
00140361
00074360
000AFBA6
FFF8A263
0004BF7F
0000CC58
0000A987
0003C1A0
0004AB65
00096A56
00052E9F
0004E856
000554B5
0000886D
FFF25107
FFFB8612
FFFD59B6
FFFFA9F5
FFF8E9C6
FFFC40A2
FFFEAEDB
FFF6A324
FFF3E4AA
0007F065
FFFBC3CF
0008F172
0008CB9B
FFFC1A59
FFF31696
000733A6
0004D0EA
0010B885
FFFB13A2
FFFF28EC
FFF9A592
0006ABE2
FFFB4ADA
FFF29EF6
FFF8976F
FFF9C679
00065015
0003200F
000A85E9
00057AB3
FFFD1859
00004100
0007D7FF
FFFF26FF
FFFCEE7A
FFFCE50F
0001292E
FFFD7414
FFFA7E85
FFFE5FC4
FFFFD332
00109EB5
00074FE3
FFFCCD1C
000BBBD8
FFFD9FCF
FFF8AC49
00044FB3
FFF70A68
00068908
000806D1
FFFDE2CB
FFF4D0A6
FFFB5AB2
FFFB45D5
00072C9D
FFF54BDF
000353D8
000315E5
000A1D2C
0006C213
FFF8E27F
FFF434C3
FFF56F84
FFF948F7
FFFA462C
FFF3F953
0006C52B
0005B68F
FFF63A54
FFFA4F94
0001FFF6
FFF94485
FFFC0E3E
000899F9
00078092
FFF56470
FFF483D1
000AD451
FFF9D8F5
FFFEC439
000293D9
FFFA9C4E
FFF747C8
FFF529E5
FFF34DFA
00079228
0004F7DF
000019D8
0003F272
00019D65
FFF80E4D
0002D061
0004DF63
000297C9
00065AC8
FFF2DA69
FFF70B43
FFFE5C78
FFF8FB2B
0000AA8F
FFF4E1FC
00040A4D
0001AAA3
FFFDAB38
FFFBBADA
FFF1C58A
FFFDADD5
00070F37
FFFAA8E8
FFF89D09
00035E1C
0004D823
FFF78DC2
00018AC0
FFF7F58E
FFFF79B2
FFFEB2F1
FFFD62C1
0007BAD7
0006482C
00095C30
00062BE2
FFFDE529
00031741
000556C1
000BC8B0
0001468E
000DCFA1
0004B4D1
FFFF9794
0011AC90
FFF93292
FFFA33D6
FFFB41D4
0011554E
FFFE539F
FFF6F12B
FFF9F7F9
FFFBC02B
00073338
FFFBBBB2
0004008A
FFF2D626
FFF63484
FFFFA8C6
0007BF2F
00099DA1
FFFF2987
000297FA
00001F63
00029357
0000E6DA
0005CFDF
00018D05
000518FE
0005D13C
00086C95
FFFE7EBE
FFF98528
0008076F
FFFE2748
FFF5BE1C
00052D5B
00095329
000200AA
000AF2A3
0005ECDC
0003A026
FFF38411
0001C856
FFF7A320
FFFDDAE0
000758DB
0003DA8A
FFF68F24
FFF70060
00033BF1
FFFD6660
FFF90377
0001B6ED
000DD903
000ACD4A
000B6587
FFFCCBDB
000B05E0
00044537
00077285
00079AA8
000CF6A2
0005E726
FFFEB510
FFFC5B30
FFFD98E1
FFF78F86
0001784B
00095A18
00029D04
FFF43D1D
FFF1E0A1
0008B9C5
FFFAF57D
00020034
00014AC3
FFFC1AF7
FFECC32B
000B6B93
00006D98
FFF2C2D6
0008BEF7
00050CAA
FFFE593A
00014362
000A1EC5
FFF5F644
00089559
FFFD79B3
0006FD5E
000A7FF4
000073E8
FFFE4364
FFFF0E30
00082F07
000A9DA8
0002B3E1
FFFB6891
FFF74D59
FFFB4932
00057FF6
000C04DA
00046B5F
FFEEAD2E
00057202
0003CB36
FFFDC704
FFF9D92B
000957C6
FFF9D4C6
000240AE
FFF4DBDD
0004B2F7
0002D37E
00050762
FFFF853A
000511FA
FFFDB55C
FFFF05B0
00007C1F
0009B6EC
0007F373
0001EEA9
000B50F1
00023808
0000438F
000717DD
0000EDF9
FFFF8CCC
FFF4CFC2
00090340
0001813F
000AF58E
000590AD
0005889A
FFFD79F2
000367ED
FFFAD2C7
000BA9D6
00096B92
FFF9EDD7
FFFD229A
FFFF3C57
000B65B8
000318ED
000D0A17
0003496E
000B5907
0002DBE1
00081D9B
0002E6DD
000B01DA
FFF58829
00074D0A
FFFE158E
FFF7AA23
00038FB9
001125C0
FFF97299
FFFA8256
000252A7
FFF3B67C
0009C1A9
FFFB4C5E
FFF5A1B3
FFFF7D0D
0009BAF6
FFF29FE6
FFFA186C
0002E44E
FFFB5C96
0003BDA6
00030830
0001ED13
000CA2EB
FFFE0FD4
00004B5B
FFFEC07D
0008057D
FFFB1010
FFF3B4BD
00013C53
FFFBF512
00036798
FFF4D367
00027A32
FFF7C151
FFFBAF52
0000ED1E
FFF98CC8
FFF84898
FFF5DD10
FFFD9111
000A657F
FFF4B471
0008FA79
FFFD35B3
0006E029
00026417
000B5311
000BD25F
001456E3
0005D8DD
00077A52
000046EC
FFFE30FB
00036E7B
00088D7B
FFFD88D6
FFFBBF9E
FFF8562F
FFFB2141
FFFBC184
000D889A
FFFDA792
FFF8AA90
FFFC8667
000A9958
00095965
0002B62E
FFFDED29
FFFE19A3
00013295
000BD3DE
00027F98
00037A86
FFF4351C
0000A3D7
00054391
FFFBE339
0005428F
0000BC16
FFFDA2B1
FFFD6C90
0007B47D
00017DF7
FFF95DE4
0015747A
000F87D5
FFFD3EFA
00019FDB
000BECB5
FFF684E3
FFF66032
FFFE74A1
000BB61B
FFF63957
0004873A
FFF9099C
FFEE9EDC
FFFEE019
FFFEE105
000DC427
001042F3
00040B16
00080BBD
00099D22
0012118F
00081B74
000E2E3A
000C18D6
00073284
FFFCFC72
00035DAA
0006FB9F
000F6647
000B7C4A
0000F902
00098B90
00045440
0002AE95
FFF35208
000ABDA9
FFFF24D3
0001D1ED
FFF6B8C7
FFFC45CE
0005E0DA
000204F9
FFFD2BDC
FFFE2E9D
0008F3F8
00159A83
0004C1E1
FFFA8154
0002B25D
FFF8E34F
FFF13F49
FFF4B45E
0000FF64
000461BD
FFFFB428
FFF793D6
00000546
0006640A
FFF4B979
000937A7
00091C1B
FFFC2088
0009015B
FFFFB4E3
00062359
0001026E
00025260
0007506F
00026CF2
FFFA5404
FFF42C51
FFFF5F60
00051A06
FFF7D64F
0005400F
0003954F
FFFC9622
FFF7DD44
FFFB354E
00016842
0006589E
FFFA48D9
000B1FE9
FFF5618A
0005D54A
FFFD82B1
0001001D
FFFBA480
0007BAB2
000396DA
000B3701
000B9651
0009BF81
FFFD141F
FFFE4401
0006F2C6
FFF7C267
00040F88
00076E53
FFFB5AEA
0001EFE0
FFFBB850
FFFE1A32
0001D297
00047214
00018A28
FFF91D73
000A5EDF
000120EA
0004C425
000389D1
FFF71C83
0001176E
00088C93
000BE5A7
FFFF2A6B
000A49A8
FFF3956B
FFFB3244
00060CE2
00040F52
0002B49B
FFFD9857
0001C8FC
000D82B4
00068EBD
FFFA2FD2
FFFC1CE0
FFFB882C
FFFC89BE
000C6E9A
FFFD9A7B
FFF9327C
0006135B
000B5D6A
00035C98
FFFE7DCF
FFFC15E5
FFFCAB13
000815CB
FFFF9AC5
FFFDC1AD
FFFC7CB4
FFF9FA8C
FFF8ABF0
00043406
00025859
0004B46F
FFFEDFD1
0002CEEF
FFFC4D17
00034A1D
0000881A
0001B574
FFFC8646
FFFFD193
000BF44E
00058A39
00011370
FFF41152
FFF8AC00
00050D2B
FFF5FDA9
FFFC72F7
FFFC0F67
FFF62634
FFFFC78C
00011A49
FFFD3DDC
FFF86954
FFFA8B72
FFFA7F17
0002046D
FFF65AED
FFFDA2EC
FFF3D1A4
00024340
FFFBBCCB
00033C07
FFFD26F9
0005838C
FFFAA711
FFF4A5C8
FFF41BD5
FFFF9BA9
0002137B
00069798
FFF91C20
00022A01
000AA88B
000AD8FC
000022AD
000CB726
00098FBB
FFF9EEA3
FFFA099E
000CFBD4
FFF9C9B7
0001E1BD
FFFA8D5C
000A16CE
000015C3
FFFD30D1
FFFD0A8D
0002AEA8
FFF48CE6
FFFC2ABC
0004C41A
0002D062
FFFA7CCA
FFFD849B
FFF6BEAA
FFF13C79
FFFA9E82
FFF6B1FB
00033ECC
FFF17B6C
FFFCF078
FFF05E88
FFEE579C
FFF5E075
FFFB766D
FFF9283E
00028BE9
FFF54C48
FFF9EA2A
00000E18
FFF6C997
FFF8E5D2
0007B173
FFEF62D9
FFF8093C
00012033
FFFDAB8D
000BAFD6
FFF4BDA3
FFF5BFFD
00019ACE
000538C3
FFFBBA43
00070948
FFF3289A
FFFE54DB
FFFAD623
000037AB
FFFA9617
FFFB5892
FFFD2C62
00030FA4
FFFEFDDF
FFF8E8AE
FFFA522F
FFF85C04
FFFDB685
FFFD6607
FFFE8081
000718CF
FFFE0C2B
FFF6B16F
00003530
FFFBAC24
0006FAAE
00077FE2
FFF70CFB
0002D9DE
00074A61
FFF94D19
FFF6165F
FFF7BF43
FFF97C45
00090438
000535B1
FFFD57A3
0000D8B8
FFF7D4F2
00025154
FFF7E5FC
FFF9B181
FFFFB6B2
0003129B
00069BB6
00018287
0000DD3F
FFF829B6
FFFD47CC
FFFE9D79
FFFC3DF4
00011B30
0002BE7A
FFFE817A
0000E8AE
0000D006
FFFFDC07
00048AE9
00062223
00008F39
FFF7DE05
FFED3D57
0002C745
00077E65
000E9374
0009D8EC
000D3F8E
0003DC54
FFFE94DE
FFFA90A4
FFF75DAF
FFFF4CDA
000492A5
000D65B8
00001765
00078DFF
FFFF294D
FFF937D5
FFF61E27
FFFECC68
FFFF0679
0005CDCF
00068AC4
FFF94D80
FFFD2FA9
FFFC58DC
00011D87
FFF3166E
FFF99025
0002EBD6
0001195D
000603A6
FFFDE81D
FFF21E7C
FFF93676
0004BDD3
00014CB8
FFFFC140
0007A6B1
FFF54463
FFF3177B
FFF5F890
FFF6EC39
FFF9CA0D
00039636
FFFA9B35
FFF06BEB
000A59EA
FFFE3E4B
FFFFCACB
FFFFD0F6
0005A474
0001C3E7
FFF71214
000027D9
00049F94
FFFB94F0
FFFAB16A
FFF27661
FFF4ABCE
FFFC7DC5
0007212A
0007D53C
000AC997
0003DBCD
FFFF4EF6
00006EA4
0008DA93
FFF96483
FFFD0DAA
FFFBFD29
00044E0D
FFF6B79B
FFFEE118
00042552
FFF61A6A
0005430D
00062446
FFFAE975
FFFB8A4C
00017E47
0005A6C7
0011642D
0000E3D0
0003D349
FFFA0DC6
FFFC88C0
FFF5E876
0006CAD0
FFF7C7ED
00045F03
FFF4F967
FFFB709E
0003EAFF
0004A3A9
00036D73
0001B64C
FFFACFC0
0003101F
0009172F
FFECF463
FFF51423
00049EA1
0001B4AC
0008ACF3
00029845
00015AE4
00028AC8
FFFEAF36
0009DC09
FFFC2091
00039E4B
FFF41BCB
0009FC06
0000EC4D
FFF9288A
FFFAE8BA
FFF7A451
000BD327
FFF8EA94
FFF99662
FFF848E3
FFFA55E0
000A8820
FFFB8E49
0009F69A
00011DFE
FFFC28A9
FFFB9D80
0003B1BC
000AA0C7
00090EE8
FFF90599
0006C0EF
000654BE
000A5091
00045485
00043478
0008AE81
0004FD55
FFF8CCBF
FFFA467F
FFF98187
0007130E
FFFCD439
FFFE0D35
0000FA83
00063D2E
000C1827
0007A1FF
00032EDE
FFFB1FBD
FFF26872
00060527
00047543
FFFF13D3
FFF92618
FFF143B8
FFFBFCCF
00031B96
FFFA3E11
0002738B
0002496F
0007061E
0004FF18
FFFE2036
000322CC
FFFF5121
FFF7F8D8
FFFD2507
0002E472
0008EA2D
00116963
FFF8E302
00005DA3
000A2FDD
00019709
00005EBD
0009762C
0007CD9C
0009087A
FFF77E3D
FFFB1EC8
0006214F
000404B9
FFF5159B
FFF6B54E
00082026
FFFFB2C8
00083A7A
FFF1D4C2
FFF51721
0001D8AB
FFFEB7B1
FFFF0762
000076F5
0001D8EB
FFFE9428
0002466B
0007932B
FFF0FC4A
0000B14F
FFF85CB3
FFFD2D0C
000082D0
000022D3
0006C3A5
0002B1BC
000CF003
00031A6A
0009CD2B
0000D7E3
FFFC38E6
FFEE903C
FFF5200A
FFFE7CE9
FFFEB393
FFFE4BFA
000C3E28
0003C9BD
FFEDBEC9
FFFEF916
00002379
FFFE4A0F
FFF9266E
FFFD8E69
FFEF183D
00019350
FFFF7033
FFFA1B71
00077C2E
FFFB144E
00048D2D
FFFE1195
00028BBE
0001AC38
FFFEE54F
0008D446
FFFA5F01
00013468
FFFDD3F4
FFFA6BE6
00074660
FFFCA5F3
FFFEDFA2
FFF960CD
FFFC20C4
0008A61B
FFFEA33C
FFFAD757
00049241
FFFF9EA8
FFF19F03
FFF6ED52
FFF1E572
0008D93D
00081249
0005A057
FFFB025A
FFFBF84A
FFF7853F
FFF7C9E6
0001454A
000A19FE
FFFF8F4D
000CDAA6
FFFCC9D5
FFFAF788
FFF75A25
FFFB04D1
0001AD5E
FFFA418C
00037B4A
FFFF74DA
FFFC5A96
00075556
FFF6AFF3
000816C6
000830AE
0000E075
0000D7E1
FFFACF24
FFFB4BB8
0003D13F
000993FE
FFFD49EF
FFEF50F9
FFF913E5
FFFBCF78
00099C92
000CC2F4
FFF3F1BA
FFFD50FA
FFFE0719
FFFD2998
FFF5B6B8
FFF7D22A
0007F83C
FFFCA71C
FFF96DD5
0006450F
0008BC36
FFFD9A89
000A9E2D
FFFD08FB
FFF72224
FFF344EC
FFFC4C89
FFFC8607
000AD2E7
00021714
000AE52F
000318D8
000DF59C
00079593
FFFBF242
001227D2
0003F7E9
000F904D
0000508C
FFFBE963
FFFEEC80
0002BC22
FFFE9B51
FFEF211D
FFF75242
00025337
FFFA16A2
0001D553
FFFB6895
00033FF2
FFF9C705
00072E6F
00069A53
000D6DBD
0008F9BF
000608F2
0000D0A2
0009CDDB
FFF6E977
FFFEB89B
FFFE6774
FFFCD4B3
00013AAA
00078BD6
0009A816
0004C2E8
FFF7967C
0006F06F
FFEF79DF
00024DF5
FFF7510C
FFFBAA0D
FFF2154B
000B5D34
FFFDF7BF
FFF731AD
0003E63D
FFF59579
FFFE70CA
FFFF2363
0016726A
FFFE9D95
FFF9FE3F
00020659
FFF6E04B
0005FB8A
FFFBCBC1
FFFF38D1
FFFB416F
FFF7279C
0005C3CE
00006BA0
000D5F01
000389EC
000012EC
000966A7
FFF82EBF
FFFC6F0B
000CDBE4
FFFC8CA0
0004B0BB
FFFDA192
0004BA41
FFF5B870
00018B9A
0008A7CC
FFF7322A
FFFA8AC2
0003E752
0002DE87
FFFCED2F
FFFE3E98
FFFC23C3
FFFBBE0C
FFFF954A
00023AC6
000A2ABC
0001CACA
0005C744
FFFA3006
FFFBBC83
000604DF
000B6406
FFFFF18D
00036171
000CC6BF
FFFC060E
00067DCF
FFF7E8D1
0007269F
0002459E
000762B1
FFFC8AEE
000662B9
FFF6DE46
FFFAAD75
0003D190
FFFAA9F4
FFF8095D
FFFC19A5
000A7F8E
FFFEB89A
FFF9BA97
0008D6BB
0000E45E
FFF9DAC4
000032B9
0006FD14
00019301
00079380
FFFDB07F
FFFAA7E3
FFF882AD
FFFEE203
0006749B
FFF9A48C
000D363C
000363FA
00068A78
FFF669AB
000AC49C
0007217B
FFFE145B
000AA3B9
00004DA4
FFFFA90C
FFFA5E55
FFF2D247
FFFC1FF2
00087CEC
FFF8598F
FFFAD610
0001BD65
FFFF9431
000306E9
00022D11
000E2CF7
0006C1B1
0004651C
0000D57B
FFF5D847
FFF93C54
FFFA30F4
FFF88510
00011680
0003AB95
FFFCCAC8
FFF30260
FFF87845
00007924
00068FAB
00084399
00056907
000CE3DC
FFF7B7DC
FFFEB4DD
FFFDA7AD
FFFAE62A
00025FA1
0005B25B
FFF5115B
0002C54A
FFF44F78
FFF09CE0
00032784
FFF1C6FD
FFF5B0A5
FFF5DB4F
FFF23230
FFEF977A
FFFAF992
00046851
FFF95319
FFFFF758
FFF88C97
FFFEDCC9
0008F7B8
FFFE1DC9
FFFE9FC7
FFF990AA
00089964
00013A0C
FFF7EDBB
FFFD59EF
000A57CE
00055861
FFFEC39D
000184DA
FFF8E9B3
FFFE6C47
FFF6F89F
00000817
FFFB7871
00020EF8
FFFDA6FB
FFFABFC4
0007B047
0008F04F
FFF29FED
FFF41A21
FFF93D42
FFFEE6BC
00012CB4
00038009
0003E32B
0001AF2F
FFFD5DEB
0006100B
00067500
0004E054
FFF5AFF2
FFF3711B
FFF4CBFE
000738D4
00082FA4
FFFCB95B
00068F61
0001F3F2
0004E640
FFFD03FA
FFF9F41C
0002B956
00044182
000A62AA
0009B18B
FFF7B80A
FFF76F59
FFF8CA4F
FFFE3754
FFF8CCFF
0009B2CF
000686A5
FFF7E0B8
FFF14CA8
FFF7583F
00035B78
FFF673E2
FFFBCEF9
00008D5F
0001D084
00017FFA
FFF17E45
FFFF06F8
0007EA3F
00077465
000E0348
000777C4
0010332C
00074C69
FFFB8728
00043BE5
FFF9050C
FFFBB3FC
FFFE13A9
FFF2D4CF
FFFD6797
FFEA8945
FFEC5717
00014278
0001F146
00029D90
FFF513BC
FFFC2505
FFF99778
FFFDB4A0
FFEEAB05
FFFE2C2B
0006C855
FFFB799E
FFF78FFA
0004D19F
000EA988
0001741D
FFEFDFFC
000118F0
000D2ED4
FFF4E53D
0005721B
00015649
000844FA
FFFA10E9
FFFC024D
FFF70103
FFF5FD28
FFF64216
00049E41
FFFCD0A9
FFF8A98B
FFFA13C8
FFF4819E
FFFC05EE
FFF8A3CA
000B85DC
0002E7B5
FFFEB3EA
FFF7F041
FFFE65EC
00023847
0004509E
00025925
FFFC52D7
00032242
FFF69585
FFF18B8E
FFF72B69
FFF4550B
00023616
0007A57C
000716A6
0003B968
00032085
FFF51527
FFF86AAC
FFFAEC9D
00084E48
001025CC
0002EE01
00003426
000D5A37
000541DD
FFFF1585
000185B7
00074819
0002B3EC
00000474
00039258
FFFFA899
FFF34F4C
FFF88DC6
000272B4
00059847
FFF7DF95
0001D7C5
FFFD4C89
00030B47
00016D9E
FFFE7F6E
0003A85D
0003EF30
FFF1CFAA
FFF5233F
FFF33B2D
000361BE
0006AD7D
FFFF7324
0004C8FC
000863CE
FFF68473
0009A1F1
FFFE40E1
00068614
0005D504
000AA8D6
FFFC71F8
0001B4F0
00025DB9
FFF661A2
00007581
FFFED6A1
FFF37CAF
0004D06D
000BCB4F
000765BC
0001B3A4
FFF99378
FFF7B1E8
0001A05B
0002BD38
FFFC3515
FFFB0DEC
FFFC9D32
00104FA5
0004B645
0008FC45
0008AC7A
FFFA08C4
00038238
FFF6D932
FFFC78CF
0003D7AB
FFFCA439
FFF6D3A0
0004146C
FFF35166
0000D4D5
FFFB0BCE
FFF3E018
FFFEB355
FFFF6269
00043ABB
00036C32
FFF655CD
FFF1EA62
FFF5DC77
FFEFD170
FFF416F4
00016FE5
0003374A
00086A35
FFF2D591
00012BBB
FFF33E06
00053D11
000A92F1
FFF432C0
FFFC70F2
FFF42921
FFECC257
FFFB7747
0005D92B
0001133A
FFF9CBC4
FFF6636C
FFFCAD55
FFF9F206
000559D5
00031767
FFF51AD9
FFF288F1
0009BA0E
0001402A
FFF2986B
00036D69
FFF8267A
000290DF
0002BE09
FFF74FBB
000AAEF1
0003F885
FFF01F0E
FFF44F42
FFFF2F99
FFF806A2
FFFD0FA0
00023F88
FFFB9FA3
00033316
FFF7D55E
0007A980
0003BF18
000777B0
0000E9AA
0008DC80
00047294
FFF31ABE
FFF9506D
FFEB3007
FFED63CB
0006DE06
FFF73EB5
FFF3D723
00093324
00060A20
FFEED5E0
FFFCBA3C
0006FF80
00028140
FFFB7596
FFF822CD
FFF95B87
FFFEBD12
FFFB915B
FFF77FEC
000055E0
FFFA87B4
0000119F
FFF7586B
FFFAA08E
00048156
FFFFAE54
0006C326
FFFE2F5A
FFFE2406
0009C6A9
000652C4
0009A1B2
FFFD7560
FFF9E742
0007916E
0006CCFE
FFF6D555
FFF5B78C
FFF268D7
00082271
000FA772
000043F1
0006D48A
0008DB1A
0005A833
00029CD8
00011698
FFF7C7AB
FFFC7017
FFF853A6
0006C371
FFFC858D
FFFC7605
FFFB2F9F
000101EA
FFF52D6A
000A87CB
000605F8
FFFFDAA4
000AD1B8
FFFFD31F
FFFE3491
FFFF6CC9
0003DD71
000A187E
FFF8A8A6
FFF7A685
000227D7
0006DC32
FFF9CC13
FFFCF910
FFF64426
FFF17020
FFEB9EA7
FFF27089
FFFB92E1
FFFF35B3
00036690
FFFB6A06
FFFF1CE4
FFFFDE8D
FFF185CD
FFF6904B
0001F2D1
0006E529
FFFA2681
0006E568
FFFC16D7
FFF9D3AF
000436F3
FFFCD915
00066351
FFF298F2
FFF9B464
FFFFA750
FFFE88C8
FFF8BD6C
0002992D
FFFC1A46
FFF65E72
FFF438C1
000A4ABA
FFF93CF7
FFF8F8A2
0000A63B
FFF9E153
FFF18AEE
FFED9DFD
FFFA9CA0
FFF7D0A0
FFEAC002
FFFDE7FB
000512FC
0003B1FB
FFFC4CFE
FFF40EAA
FFFECBF2
FFFB6627
FFF825AC
0003D586
00080432
FFF5FF15
FFFDF0D4
FFFD5567
0003B4CD
000952C8
FFFFA221
FFFD6B6A
FFFA655A
00051F20
000BA2A2
FFFFF426
00065932
00091497
000802D9
FFF3083D
FFED95A4
000283F9
FFFF9260
FFF13AF2
0001D5C9
0001C8DD
00039C54
0006EBCF
FFEFB2EE
00006421
FFF990B1
FFF74A61
00040C38
FFFE13B7
FFF8704B
FFFCEC7C
FFFA012D
FFF8913D
FFF5E42D
FFF6FF54
FFF83C1F
FFF4896B
00084637
00015EC8
FFFF148C
FFF45EA8
FFFEBAB4
0006BDD8
00086D6E
000AF87B
FFF9656F
0002E472
FFFCAB7A
0003EC53
FFF3AAF3
FFF475DB
FFFE99F2
FFFBF4A9
FFF492ED
FFFEE315
0007A66C
000318DE
FFFCA561
FFFD65D6
0005F1F2
00059010
0001CB89
FFF43EE6
000D2F13
0000751F
00054EC5
FFFFC3F7
0004B7E0
0005359E
00004432
FFFEAFAC
FFF83B69
0000988C
FFF33625
FFF51119
FFF8D1DC
FFF4AFBF
FFF84C94
000A8BC5
0004D98A
FFF52756
FFF4028B
0003B609
0006DB43
000716CA
0006677B
FFF5103A
0007A68D
FFF88E56
FFFCF1A8
FFFD483E
00012D41
FFFC84E9
00056DD3
000421AE
FFFFC4BD
000618C6
0004329B
0001DFF4
FFFAC2FA
FFFFBB7C
FFFE7F23
000FB3C6
0001DA79
FFF97EA6
00075AA8
000CA11F
0001F68F
FFF5F6E0
FFFA9412
FFF7750B
FFF9B629
FFE943C1
FFFD4924
0019D190
FFEF6B7E
FFEBE529
FFFAAE4B
000A6065
0007D043
00126C8D
FFF92E1A
0002B768
FFFE09BE
FFFE9B7E
0005CCF1
FFFEDEEF
00198C00
00056A82
FFF4CE05
000A3180
00043710
FFFFC62B
FFF2A442
FFF72CA0
00084072
000545F2
0003274B
000C5C5F
FFFB7670
000F626B
FFFB8C9B
FFF217F8
FFF01DF7
FFEFA0EB
0015428E
0004F9F4
000AFEE1
FFFC7507
FFFD3734
FFFF9E4C
FFFDC418
00094E97
00121E57
0002BC63
FFFED296
FFFE01D4
FFFC8340
00040952
000879D7
000A4F2B
FFF59FF1
FFF8A18B
0007DD0D
FFF8AE2C
FFF3C836
000EC7FB
FFF3512F
000EE719
0008CF91
FFFE67DE
000835A4
00055029
FFFAD42D
FFF148B5
FFFD4BD8
FFFED376
0007C991
FFF78F8A
FFED0449
FFEB462B
000CDFF8
FFFF7D92
FFEDFFEA
0002FA4F
000B90FA
FFFBEF05
000DBD49
0000EB7B
FFFF4A46
FFF45BF9
0002756D
FFF6981B
0001A7AE
FFFC34D0
000C88D7
FFFB3F71
FFF9C502
FFFC9625
00094260
FFF03123
FFF91DBC
FFFD4F49
FFECD5A2
000208EF
00023D0D
00029343
FFFE34C9
000A818C
FFFEABCD
FFF89E42
000842AF
00168947
FFF57EB6
FFFAB5D4
FFF45AC5
FFFDDA2D
FFFA2852
00014A26
0003C4BE
FFF4B671
FFEF69FB
FFFE6876
000AC8BF
00055455
FFF8DDCD
FFFD0809
FFF9BA68
000CC687
00032F47
FFFB2706
0004C6A9
FFF9F8D3
00126293
FFFCF074
0009DF07
FFFD0641
FFF7922B
000A51C4
FFF73836
FFEFB390
FFF89E98
FFFB332E
000738D1
FFFA380F
00092AE6
FFFAF37A
0000F20E
FFFC26EC
FFF303C5
001055FE
00071D12
FFF13FF8
000D1730
0008293E
FFF35F23
FFFBDF4D
FFF0DDFF
00087B9C
FFFD12E8
FFF88DC9
00041E23
FFF867C7
00008A2E
00058BA6
0001D939
00093377
FFF15503
FFF46D2D
FFFEE35A
FFF366C4
FFF281E9
0002C9D0
0006A6EE
FFF15857
000646B3
0001817B
000FB69B
FFFBFEE7
FFFD13FE
00041390
FFF44E53
000A0674
FFF39D54
FFFC98E3
00034633
0009182A
FFF04276
0012A292
FFFCABAD
FFEC8FA0
FFFDD58F
FFE8572C
FFF5049C
000AC5EB
00016A18
FFF3291B
00083C9B
FFFD62A1
FFF91146
FFEDB86C
FFFAF941
0005E489
00044CE8
FFFF2C6E
00030F05
FFFEA2FA
000A7321
FFEB22EB
FFFF603B
FFFC3832
0012DA63
00006103
000B0A4B
0005ADFB
FFFCFCE8
000D572F
0000E8DB
FFF6E5E9
FFF5E880
FFF28DC8
000D0215
FFF263EE
FFECC42A
FFF51512
FFFDA326
FFF6F036
0000EC35
00034913
FFFCD0F0
000946DB
00035C25
FFF4DABA
FFF95749
000052B9
FFF6E9FC
0010DC7E
0003074E
000B69EB
000BA083
FFF87B27
000D963C
FFF901B2
00140F8B
FFFB42BC
0000AFB1
000DF1A7
FFFE0800
FFF755BB
FFF9B820
000310EB
FFFD3428
000546BA
FFFFF40C
0003A57D
000E40D5
00059F57
0003752C
00060A7B
000CEB77
00012C3C
FFFCD44D
FFEBF0B3
000B71E4
FFF16AC2
FFF3653D
0001CC78
FFF43B52
00081281
00131C29
FFF4BAA2
FFFEB3AA
FFFB2D64
00080A79
FFF9AB88
FFF8D796
00009939
001033C4
000ADDDB
0007227E
00004BB6
0009CBDC
0008573A
FFFFED58
00159DEB
FFFB48A5
0000F0A5
001489F8
FFF9BA08
FFF270AF
0003E5AD
FFFF708C
FFE47196
000429ED
FFF09499
000C0B6E
FFFE275D
FFF4E556
0000F95A
FFFFD243
00049172
FFFCCC1B
00070BDD
000740DB
FFF95AA9
0005D623
000005E9
FFF81A0F
0009B880
00099262
FFFC39B1
FFFD4A98
00079F31
0003A685
0002432F
FFFED240
0009DF86
FFFC4B42
FFFCF88D
FFF2382C
00079CAE
FFFB6562
FFFFD568
FFEB6EAB
FFFEF1AF
000710B7
00048B34
000FF50F
FFF6F501
FFF01EE4
FFFF3C56
001D11BA
FFFDD921
FFE92213
000094BF
0002D1F7
FFF6EDB5
000D9AF1
0007F7FB
00096528
00065593
FFF5EFC2
0007F3C6
0000B86C
FFFCE2D2
000DD881
FFF33FA7
000503D9
FFF19DB4
0002A0B3
FFF6C370
00030FC5
FFFD965C
FFFDB37F
FFF16D1D
FFF006BE
FFEECE8D
00080846
FFFE1C25
FFFAFEFE
0007D85B
FFED90E5
000E8473
FFFD8C5C
00096825
0002CC5F
0001F01D
000A3ADC
00084D95
FFF51F0B
000757E8
FFFE35F0
000AB04C
0008DD85
0010F863
0015469D
0012A97C
000C595F
000AE937
0010AB39
00036225
FFFE83EE
FFFDDAAC
FFFAD892
FFF8DFBE
0000546D
000D8DAC
FFFBC351
000D77EA
00005C8D
FFFAD2C0
000E33BE
FFF152CC
0002522F
000A8D54
00100DB6
00073FCC
FFF9B025
FFF8BC44
FFFD9747
FFF90D8B
00005FC1
FFFEDA38
FFFA69E2
FFF8E83E
FFFC8EF8
000E2389
0007D8AC
00014839
001120C0
FFF12CA7
FFFDD621
0007AA94
FFFF3084
00060F37
FFF65801
FFF70C40
FFF4DDD2
FFED9B1C
000A5BD7
FFF568A1
FFF36276
FFFAAE97
FFF5109D
FFF66BA9
FFFCB8B3
FFF2FE96
00025487
FFF4C04C
00110E0B
FFEFC941
00164C29
00009838
FFFD86F5
0000EE1D
0012B9CD
FFFA3985
00138709
000FAA6A
000388CC
FFF96E55
FFF8EE94
FFF1C80B
FFF837B6
000011CF
FFF8EC53
FFEEB06D
FFF9C8E2
FFF64182
000383FA
00072AB1
FFFF5C91
000DDA9C
FFFCBD4A
000BF17A
FFFE9C39
001066A1
FFF41DCF
FFF89481
000B4130
FFF0F552
FFF5C1D1
00070AA0
FFF163C5
0008B273
FFED8F52
000351AB
000427ED
FFFE9B2D
00042377
000452D6
FFF85CA0
FFFF8B0A
000A3395
0002E367
FFF9424B
FFFCA619
0007ABAA
0005C9B7
000B551E
000323A5
0014B668
001325A5
0014B0B7
0000E0A0
FFF859F4
FFFEB097
00071893
0017E0F4
FFF50D37
FFF197EA
FFF3E1FD
00043536
00133576
FFF48E3D
0007D350
0000CA01
FFEF48C0
00056385
00003B93
0002DCC2
FFF803B4
FFF1F7E9
0010523E
00096B57
FFF5B5C5
FFFA82D2
00089BCB
0001CFE3
00109D83
FFFF60D2
FFF22CEC
FFF9A1CB
0008752F
FFFD082F
FFF5D1FB
FFFBB974
0000F8B0
FFF1E700
FFFA629D
FFF6F620
FFF9F395
00034281
FFFF9B3B
00067E03
FFFB4B1F
FFFBA710
001538E4
FFFBA5F4
FFF8A41E
00053CFD
000E5A15
000D6334
000C6223
FFF4D0A4
FFFDA8FA
0003CAFC
FFFFD579
FFFDA8AF
0007FF9E
FFFFACA0
000D4BC6
000223C8
00059A6B
FFF7337F
000C7FA6
FFFC91C7
FFFA3B84
000EDA4E
FFFDC8A8
000AF348
FFFD259E
FFFCE506
FFFBA95A
00115735
FFFFFF94
FFFBA513
0004FEB0
000247EB
FFFEABF2
0004C71C
FFF906A7
FFF6B6C8
000B531A
FFF91E23
FFFC066C
00119CA2
FFEB04EA
FFFD8A1E
FFFF293F
FFFF8494
FFF33450
FFFD2DE4
FFFC9EE7
FFEF6AB6
FFE7C119
00026A18
00013A22
00001E2B
000624A3
FFFF707A
0008E3C6
0014368E
000C7196
FFFAADEA
00004F48
0007F04C
FFF7D5D1
000005E7
FFF41CF7
00001046
000E95CD
0012B49A
0000AC8C
FFFFDB96
FFFBF6BA
FFF687B1
FFFD156B
FFF5E1D4
000FD477
0007DE0B
00014205
FFF6B8BB
FFF58AA8
FFF5B14C
00037F7E
00090BC4
000045E2
0002230F
000D87F7
00068812
00021B8B
0002DAA4
FFF73C0B
FFF11B95
0002B622
FFFD0C7B
FFF3D10D
00044AA8
00023F91
FFFD89C2
000443B5
FFF9DA70
FFFEE77E
FFF02D04
FFF79161
FFF4CC93
00039A8C
FFFCDE1B
FFF01AED
FFFC682F
FFFC17DD
FFFDCE70
FFFDEA8F
00080FF7
FFF49365
FFFCF247
000606CE
FFFCB8AE
00063536
0008E2DB
FFF86470
000C59C8
00087F9E
00015056
000210B0
0004BE71
FFFFE957
FFF43510
FFF8C1E6
0010826D
FFFDE8F0
FFFD8FC0
FFF1001F
FFFCA9FF
0003E5A8
0014CCAD
FFFABE61
FFF977EC
0008AAC3
000075EA
FFF2E571
000ADFEA
0006CD54
0008D268
FFF956CA
FFF96C15
0008632E
FFF5D8FC
0008F1EC
FFF436D1
FFF2D729
FFFD2220
00065CBC
0011FFC4
0003C429
0006C53D
000EA23B
FFF7CC49
0000C5EC
0015E580
00125DA3
FFFD7F3D
000300AA
FFF303BE
FFFEE79D
00015198
0005456C
FFEFE5CB
000A4EBB
FFF49A5B
00084BFB
0001A8A0
FFF200A2
FFF394A6
0009A085
000B9973
FFF75497
000E692E
0003E44C
FFF95E53
0005F99B
FFFF71F6
FFFF08D7
FFFB3354
0003076F
000C267E
FFF778D9
00074C69
FFF57EA3
FFFA8BEA
FFEF1EF6
FFFBDCBD
FFE6BD8F
FFFD66B3
FFFB928A
000154F6
FFEE1F2A
FFF7C32D
FFF7E6C3
00071A7E
000D7F84
00167894
0002D837
FFFFD048
FFF8843F
FFFB5039
000C3CDB
0008C548
00138FEE
FFEC7463
FFFCF829
00024487
FFEE4FFC
FFF764F8
00015B05
FFEE7B7F
FFFA34DF
000D3735
FFF4C610
FFF07372
00039BCF
0005AECF
0017F4FE
FFFAD09D
0006EAE3
FFF3CD19
000E99BB
0005A888
FFFC6C07
000941BD
FFF9D942
000FDA42
FFF70D55
000DC053
FFF69D1A
0000389A
FFFCC6EE
FFF599EC
FFEE292F
FFFDA96C
0010A8B6
FFFFA69E
FFFAFE0C
FFF8B2E8
FFFFDD8E
000B4034
00009B11
000D85EC
00125DE9
00019360
0013E873
FFFA91DD
0001E1FF
FFFC2931
000A6E7E
00167919
0008C719
FFF7FF8F
FFFE1C56
FFFABD85
00128865
00031D9C
000DB9BD
FFF5F827
FFFB43D5
FFF84FEC
00002555
FFF81FFC
FFE868B4
FFFAF7A3
FFF228D5
00071AA7
FFF19484
FFFA0B4B
FFF8DFF4
0007DFE7
FFFCEE2E
FFFFD61C
FFF5D5EB
0006F1F3
00113A3B
0002E0BF
0005016F
FFF9B189
00044E05
FFF70213
FFF5E658
FFFCB8CD
FFF41DA8
FFF648A5
FFFE5D2F
FFFF8CDE
FFFBE609
FFF9B30B
FFF8B033
FFFE4D9D
000393DE
FFF398ED
FFF9B09A
FFF3C35D
00123C42
FFFAA36D
FFF8972F
FFF9408A
FFF17A65
0001EF10
000AB7D8
0002011C
FFF4B915
000A8132
FFF7E9A3
FFF72844
FFFE1A57
0004CB55
FFED9AF2
FFF76F7E
FFFD1968
FFFAC7B9
FFFCF9CC
000277F3
FFF6E1AB
0009290C
000B6408
FFF275B0
FFF4EB37
00035A6C
000D3C58
0012B6CC
FFFD1C65
000481EB
000BFE62
00112201
FFFB0670
00132139
FFF8C629
FFFAA089
FFFDFD2B
FFF8F795
00056027
FFFB3140
FFFF8195
FFFC55D4
00111941
FFF37719
FFFEAD1B
00094E01
FFF5BBD4
00068B69
000CED86
00178670
FFE997BB
FFFFC07F
FFFF6A7D
FFFF0215
000AA767
0006A181
000588DB
0000254B
0005D1C3
000A860E
FFFB039A
0004BAAD
FFFC737A
FFEDAAE3
FFF2FC59
0003CB20
00068B8D
000A6944
FFEEEA59
FFF62E6B
00115408
FFEE65A1
0007587A
FFF28D5D
FFF6E653
00024559
000194A3
00028DF4
000D5565
FFF33092
000A2255
FFF93939
0004AA56
FFFBA57F
0013682B
FFFE709D
00032921
000A8EB9
FFFF52D3
FFEF384E
0002A6EB
0001E702
FFF94BCE
00048680
0003B258
000137C2
00046C50
FFFF5A43
FFF5ECD0
00082DE9
000CF416
FFED83B0
000F14F0
FFFAE6F2
FFF852B5
000BFDA2
0001F3BB
FFFE013F
00060EE4
FFFE0458
FFFC6756
00150149
000097D2
0003702F
000902BB
000574AF
000B4268
FFF825E9
0005FB04
FFEAAB53
0001D03B
0005D5D1
FFFD123A
00000574
000262E9
00064169
00015BEF
FFF80B9C
00056ED1
FFF95E5D
000D7DB2
FFFC0F15
000D18D5
000982ED
FFF74548
000238E4
0008523B
00008E74
0011CBAD
FFFFA73E
FFFE3119
FFF3FB08
FFF9FBA8
FFF2238F
FFF9E85C
FFFF7AC1
FFF9F9DC
001D147D
0007ADEE
0003F4F4
FFEA55AF
FFFAF24F
FFFD60A5
0002057A
00058E54
00054CCB
FFFE8CAF
FFFD2BD3
000A5CCA
00070988
0001997C
FFFC5472
FFFF9CC1
FFFA64BA
0006DE2C
00053F2D
FFF90A8A
FFF8B2F2
FFF487DB
FFFEE38F
000209B4
FFF7041A
FFFB398C
000EF7A6
FFF7153A
00096C0C
FFF764B9
FFFA4752
0000D53B
FFFDE1A6
FFF16794
FFF77F34
FFFBB200
00183616
FFF6C34F
000752DA
FFF67A61
00008DE3
FFFDE51A
0000E7B9
0003E20E
00035B9E
0002C58C
FFFB9BD0
00047023
000C3D4E
000146BF
0000045F
FFFA9B46
FFFF248B
FFFF73B2
00039815
000F0DAC
000AF81F
0002914D
FFFD80BB
FFFF5875
FFFE4A11
FFFBBD9B
FFFC125A
FFFE837A
00083DFD
0002DD0A
00098EFB
001420E7
000E4817
000519BB
0000EFBB
000CAA30
000E43AF
000707EA
000D8F67
FFF5814D
FFFAB64E
FFF58D33
FFF9C0D0
000E387A
000245CE
FFF5DF1B
0001C015
FFEF53FD
FFFC9DCB
000F8EDA
001041ED
FFFAE147
FFFF8410
000E5950
000D87A1
0002873D
FFFFB8A6
0002252B
FFFC570B
00056282
FFF73088
0007869D
00060A18
00083170
FFF1D995
000259F0
FFFC163D
FFFA6F06
FFED0816
FFEFBB12
000C7EE9
000A4B64
FFFE5D33
0007BC06
0000F7D6
00035249
00022721
000D3139
FFFEB306
FFFB6C63
00045AA4
FFF676B9
FFFFBA1B
FFFFD942
000A192F
0009DE09
FFF4B269
0001AF78
FFF31619
FFF8C765
FFF84491
0008FCD0
00045A8B
0008C949
FFF70BFC
00094AB7
0009CFCE
FFF8C04F
0015419E
FFEBEC15
FFF6BB84
00030FF1
000D81D9
FFF9CB88
00083FC0
FFFAD406
FFF46C22
FFF5850F
0015430E
000EEA35
0005321F
0000A436
FFF1EFAC
0001A74E
000890FC
000BEF4C
000CE41C
0009749C
FFFC8071
FFFB6178
000BAC51
FFFEF827
FFFE2AAE
FFFC229D
FFF75533
0001B1D8
FFEFD7CD
FFFDE1D6
FFFF2398
00097C83
FFFE8AF7
0007C702
00079149
FFF2DF4B
FFF9F1C1
0001D735
0008D289
0012BCE0
000026EE
001052B1
000645FA
000931D0
0003A7FE
000D553B
FFEE760A
0006FED3
FFF2FB60
000BC8DA
000930A7
000BA06B
00042A4D
00005D35
0008CB9E
000B7B65
000BD66B
0005909D
0002EB06
0002AE72
000726C7
0004537D
0007D290
FFFBD425
FFFDF44A
0006FEBB
000433E6
000BF2EE
00010609
000500D7
FFFEDD72
00054B6D
00027105
FFFB9176
FFFDE0E1
0000F70C
000500E4
0002DC24
FFF5423E
FFF1D95E
FFF3D7B1
FFF60598
FFFB41E3
FFFD1C34
FFFB3201
FFFDB882
000252B3
000B0CA0
FFF96628
FFFF3A9F
FFFD22B7
00043343
00039E31
FFFDA64D
0003FF9C
FFFEB2DC
0004472A
FFFB3A7E
FFFFC357
0002AA76
00041688
0008B06C
FFFD02F9
00013D70
FFFEF5A5
00101EA6
0003E93E
00091B91
FFFDEA96
000C1D21
000523F3
0004BFA1
00012B72
FFFEEC9E
FFFF83F3
00003292
00011520
FFFD994F
00011C74
FFFE1EB9
FFFDBBF9
000BC7A0
00065267
FFFCFB17
00012051
00034B51
0001C457
FFFBEFCF
FFF76967
FFFD7A05
00068710
FFFB6750
000991C4
FFFC8BEB
000802F9
0003E238
000B9FE5
00075737
0001A3F0
FFFF009A
FFFE8FF6
00033DCC
FFFFB88F
FFFACE92
FFFD67D6
FFF13860
000290C8
FFF84382
00077F77
FFF78E04
FFFE8CF2
0000FCDE
FFFFD852
000451AD
00042F90
FFFCB333
00019848
00043CA8
FFFA9C6A
0006DFCF
0009E504
0004EDB4
0006FDF7
0002C878
00015679
000878D2
000210BE
FFFB4978
00081E3E
0002DF97
0009456C
FFFAC76F
0004C745
FFFFFCF7
FFF90CD3
FFFA209C
FFFB6CE1
000513D1
0007FD14
FFFA63D6
000C2815
000AF226
FFFF55CD
000BB4AD
0003CE38
FFFFF189
FFF9EC9E
FFF64B0A
FFFEBFCC
FFFBFE93
FFFDF454
0000D970
0008651D
000A3B55
FFFE094F
FFFC6E67
00069A6C
FFF94990
FFFFDD59
00014B89
FFFA7812
0006CDF6
000AB244
FFFFAC5D
00099EFE
0001F106
FFFE3886
000AB249
FFFF69DE
0007EBDF
00094F0B
FFFEBAB5
FFFF362C
FFFA7AF4
FFF741B8
00033965
00022505
FFF7015D
FFF6ECA9
0003749C
FFFBD0C4
00060F5C
FFFF57A6
FFFD4966
FFFD8C7B
FFF8A1E5
0003B639
0007C654
00067905
0003054F
00035275
0004C171
000386C1
0008B4A2
FFFDC339
001063F0
00088604
0007D461
000BCD1A
000B1366
00058E65
00016578
FFF5D213
00074520
0001C0D4
FFFFE649
0006B264
000244F5
000021BC
000534CF
000509B7
FFFDF246
0003CDA8
FFF9E9C4
00078B4D
FFFA9285
FFFAA0B7
FFFC627D
FFFECE23
00004899
FFF8F0C1
00076459
000865A9
0004B641
0003EB7F
FFF5C088
FFFC401B
FFFFE271
0005B368
000452F2
0005E2F3
0005389D
FFFFB755
FFFC5B07
000AF67E
FFFA82E7
FFFE3585
000362CF
FFFB8917
0002F1B1
00089B77
00026D4E
FFFC000E
FFFFA97D
FFF8CAAD
0008F9B9
FFFD2193
00053EAD
FFF986AC
FFFD8CE1
FFFC2326
FFFFCF12
FFF9F38E
0001C8F7
FFFD9E33
0008E3C8
FFFDED38
0006FF10
000680BC
0001D553
00052CF0
00067F4F
FFFECD1B
0008E05A
00034CBB
FFFDBFE9
0000C53A
000850D6
FFF9449A
FFFD8B52
00067549
0001621D
FFFD2F56
FFFD3D02
FFFE8C04
FFFBA67D
0004451B
00012BD1
FFF2CDAB
0001D7BA
0000540B
0008D875
000A7B11
FFFFB664
FFFB27DA
FFFF64DA
FFFA732E
FFFCC176
000AF4B3
00022C83
000560F5
0004CBEA
00066FFA
0001F545
FFFD3F86
0001AFFC
FFFDF59E
000B26FA
000017DA
00023CD3
00077BF0
00078932
000313C4
00024D80
0007129E
000B0723
000D8282
000723B6
00022231
000AEEDC
0005D43E
00093803
0006DF40
FFFA8C5C
0004A2FE
0006EF61
0006C968
00043B6A
00037D3E
0000ED08
0001D784
0003EC7E
0000A34F
FFF93566
0000B589
000474F0
FFFB775C
0000CD34
0006D972
0007B453
0002C027
00034AA9
FFFF4BEB
000430C3
FFFF4C22
00070E75
0000270C
000628ED
0005D66B
FFF6E622
FFFC5B07
FFFD97C1
FFF4A34F
FFFF7AE2
000461B8
0000524F
FFFE989E
FFFE2E84
00043F91
FFFE766F
0000BD42
FFF96C76
FFF7ED9F
000085A1
000049E2
0009396C
FFFBDD67
000147CA
000479AC
00027A0A
FFFC61BD
000CF043
FFFB12DF
00034B1B
0000E7B4
FFF8D1D6
FFFF35B8
00091E00
FFFBF3BE
FFFC843D
FFFCCC72
0007D133
FFFB8D38
0002852A
0002E994
0006F257
0001B962
FFF9689F
FFFFF4A7
FFFEC216
0003E082
0006D05B
0008F706
000922D8
0000D10F
00011651
0004F411
0008897B
FFFA56A3
0000A495
0000656D
0004F87C
0007412F
00007ED5
FFF9CD42
FFFE5C80
FFFC547D
00048877
00012F3F
0004263A
00099CC2
FFFD793A
00008293
FFFFA397
00025CAB
FFFC5B0D
FFFEE1B9
FFFCCAD0
0002453F
0004A103
0007C61E
FFF8768D
FFFEE5DC
00097B19
000B9C82
00085425
00097ACD
FFFF303D
FFFE5830
FFFFAAFD
00081A17
000AA790
0002831C
0004749D
FFFC00F8
000BE3CE
00060DF3
000B30FD
000A46AF
000CAF91
00038285
FFFE2512
00062413
FFFD88B1
00038248
FFFCC75A
FFF9C9CD
0002F41F
FFFF2D3A
000133C6
00010D1F
FFF9FADB
FFF4832E
000446D3
00067E27
FFFAED94
00084139
0008809F
FFFF2DE1
0004F619
000466B0
FFFDD352
00057E81
0005EDED
0006652C
00002830
FFFDAA8F
000709CE
000327D1
0006CEE8
0007068E
FFF6AF31
FFFF2D3E
0002D759
FFFF628D
0002E1BF
00025CB6
00067E6B
00031DA0
0000BDF1
000BA6AB
0004CDC6
FFFCF786
000D2B89
00093518
FFFC2432
000B2AA0
0011C366
0003A7C7
FFFF4EE5
FFFD6E8F
FFFC348D
FFFCD259
00014902
FFF9EBBB
00035EAF
00051F22
FFF8B7F9
0010EE26
0006FE8D
FFFF60F8
00039034
FFFEC3EA
000B2E19
000A0843
000ADE90
000573C9
00092547
000058F9
0008AF12
FFFADA64
00055526
00055284
0006161B
0003AE84
00055757
FFF66045
0000F4FB
0000C1D4
00037488
0007C809
00038A7A
FFF78A4F
FFFF6C01
FFFEEEF8
FFFB486A
0001FE45
00011E6B
000627BE
0007FCA1
FFFFCDAE
FFF8AB25
0003D0B8
FFFC74DA
0009A9B3
0006F3AD
0006D35F
00042A3E
000409A6
0004890A
FFFCBBE5
FFFC2B40
00069799
FFF9CAE5
00028598
FFFDF3C6
00052923
FFFE9B37
FFFE516C
0002DA4A
0009AB9D
0005D48D
00063C10
0001D8CC
000199D8
0002F113
000282D2
00062F21
00068E90
0004C3D2
FFFFB6DA
0001C409
0003DCBF
FFF7EABF
000A7A9C
0000E609
FFFAE040
00007768
000507BF
FFFB2797
0005DE3B
000B76C0
00001EFD
000ABC02
FFFCFAC2
0003F201
0007A73C
000C5212
FFFDC002
00017B9D
00046927
FFF8AF61
0007CC9B
0000BAFF
00000D76
0005A544
00088904
FFF6B8C8
0006CAD5
000676BA
FFFFD977
000134BD
0003CC44
FFFDF21B
00025227
000A4F58
00052524
00082C15
FFFC0D27
FFFF1ADC
000B0295
FFF9D4CA
0003D354
000FC91F
00016578
000921E8
FFFA9379
FFF87879
FFFF2F79
FFF81DED
FFECB8AC
000702DF
0003CD3F
FFED8218
FFFCD243
FFFBC42B
0002B154
FFFFBE55
FFFDB0F9
00073E19
FFF93A04
FFFB2DE8
FFFCC8CC
00016112
0001F759
FFF7DD76
FFF6A83B
00083A5C
FFF9303A
00036586
0009E4FB
FFF863A7
0006E7F5
000611C2
FFF04AB9
FFFCC06B
00071394
000AECED
0003C0C3
0004F192
FFF10713
00003EC9
001CAB6D
000EEBF2
0003731B
000AB01C
FFF8D868
FFFDA4C0
00037576
00057449
0004FE25
FFF2F8AB
FFF714F4
FFF504EB
FFFD3AB7
FFFF3526
FFF666FB
FFF9EE94
FFF4F060
FFF9153D
00045C19
FFFC8063
000095E7
FFF6164D
FFFF30B7
FFF45A68
00037C2A
000A77E9
0001DD77
FFFAB6D2
FFFFC425
00020EC3
FFE7DA05
0006F50D
000347FE
FFFF8772
FFFC0828
FFFFA678
0002CE13
FFF5B00B
000CDD3A
0002A97B
FFF5804D
000E54A0
FFFD2419
FFF7D7C4
000B70F9
00039D49
00070308
FFF5ACF3
FFF79D96
000CD915
FFF64BF2
FFFD1E54
00094850
FFF1ED8A
00047B5C
FFFF6618
FFEFFD84
FFF8FA1D
0004C994
FFEA7D12
00068EB3
000A372E
00037B38
FFF38D45
000718E1
0002F559
0008DAAF
00054894
000536A4
FFF066BC
FFF0136B
0006586D
000F3155
0006D557
FFFCE01D
FFFEF23D
FFFF01CA
000732B1
000ED374
FFFE764D
00045E5A
0011C84E
FFFDB335
0005676F
FFFA9E30
FFF6DA84
0003B1FA
0003D1A2
00047127
0001E778
FFFF5135
000CD2B5
FFFFFC6B
FFF78A28
000160B7
FFF6B3DA
000307A0
FFFB04C6
FFFB211E
FFFF4A31
00024E1E
FFFC7223
FFFE2CF8
0005A0E0
0006583B
00118B26
FFF30FA0
FFFC266B
00003315
00142E3B
00032689
00023104
00060079
0003F034
FFF443C7
FFF7A3B7
FFFD4587
FFFB81E7
00047616
000572EC
0004C70F
FFEC271D
FFF7CB74
000297D9
0004D58C
0010F80A
000B259B
FFFC8EA7
FFF4CDC0
0015517A
FFEB00F3
000311EA
000CD155
000D108C
0001E38A
0001B83E
FFFCF249
FFF85807
00142274
FFF9A9C1
FFF4B00A
0006E007
FFFD4841
FFFD0CF1
FFFDE99D
001038B2
FFF427FF
FFF14E5E
FFFE877C
FFF33D53
FFFE2020
0010019C
0008FFF5
0008102A
0006CB82
FFF453EF
000CA9C8
0014780D
001283F0
FFFB761E
000A7C39
FFFA3D74
0006229F
FFF77D44
0003C84F
0004828D
FFF398EB
FFF70882
0002FD81
00036C86
0007AB57
0000B3C8
FFE93939
0003F73A
FFF51FCA
0002D277
FFFEEC4C
0009FB4C
FFE790AF
FFF0459C
FFFA8930
FFFFFCEA
00016AED
FFFB2CE9
00019ECD
FFFA85D4
00049642
FFFA8942
FFF7345C
00087CBD
000999D7
FFF5540C
FFF5F006
000D1146
FFF84C1C
FFF9EE2F
FFF4C8B4
FFFCA5A8
0016993E
00058722
FFFDF473
0002D3EA
FFF8211A
FFFE9DB7
00080367
0006B11A
FFF90893
000A1C5E
0003E9D2
0006E4EF
00021FDB
0005644C
0006B493
FFFD3ACC
FFFF7D5C
0007B7FC
00068B11
FFFB7626
000DD172
000D728B
FFF00260
000391BD
0004FACD
0002E46F
0002D47A
0003EF0C
00017FF0
FFF5DC6C
FFF5DBB8
0002A8C8
0005A794
FFFAD147
0008745D
000C297B
00081685
000E0944
0011698E
FFF9186D
FFFA8DED
0003EE74
000FC87B
0007024F
0004E11E
00040794
FFF5C640
FFFC6CF6
FFF0DDA4
FFFEF479
FFF845BD
000CDEE0
0018375E
000D4EA5
000DB6E4
00137AC9
0007FB76
00076014
000486D0
FFF813DA
00020DFA
000217BA
0000E2FA
0003C542
FFF8148E
FFFB0CFB
0005E10E
FFF537B2
00046374
FFF46361
000700D1
FFFF17A1
000629FC
0001A0E3
FFFD8C36
FFF50CBB
FFF49024
FFFC000F
000C7D37
000B5B0B
FFF18B90
000388E0
00076236
00040D0C
000B8E30
FFFB359C
FFF6C966
0002EB91
00024B5D
000B51B0
FFFFE356
00007CD3
00009856
FFFCFD65
000DFA75
FFF40A51
0007D073
000A78E6
FFF07239
FFF55D01
000CFB84
FFFDA4CC
00044543
00093B7E
FFFE995B
FFF1E49A
0008F0BA
FFEE2912
000E71DF
000F70EE
FFFD3B0A
FFFA840D
000F1570
000BBA15
FFF76784
000C6E1A
0001756B
0005106D
FFFECC6F
FFFF4B72
0004C96F
0012A8A0
00063F86
0002B288
000484C4
FFFB3B69
00083259
FFF5EFA4
FFFCCCEB
FFF81293
000FCD0C
0005ACE3
0008DE57
FFF8DF0F
00099882
0000D5E1
FFFB3E34
000DBD01
FFFE0B32
FFFC03E8
00027EDC
FFF9AFDD
FFFF6C6F
0000C22B
FFFDB1E8
0006FB1A
000D80E9
FFFF73D4
00010CAB
000A7F68
000851B2
0013C253
0015B0D3
00043636
FFFD536F
000F3182
FFF3E3B3
FFF3E50C
000098D2
000980CF
FFF67C17
FFF6887C
FFF7CAF7
00087A47
FFF87C73
FFFB5B49
000511C6
FFF3E77F
000627AC
0001AAE7
FFF570C2
FFF4D816
FFFC066F
FFFB697F
FFFDA47E
000ACF37
FFF1D70F
00014B98
00016CA8
FFFC5C5D
00021BD2
FFF1D512
000B1B60
0010D308
FFF58E81
FFF19C3C
00070BAB
00098F0C
0005FDBF
000A879A
00061527
FFF7045D
FFEFD655
FFE90169
FFF130D1
000AD6BC
FFF75C1D
0005D8E8
FFF5408A
0005354D
FFF85057
FFFFF703
FFFCB6C3
FFF7099F
00017A92
FFF975B4
FFF6E0CB
000C30DE
FFFE702F
FFFE5830
FFFDA234
000372DB
FFFFD7AA
FFF8F252
000CEAD5
FFF71E5E
0008F882
0004D0DE
FFF88633
00072A1B
00136E8A
FFEE053E
FFF9D712
00073BC7
0000469F
FFF4FA5C
000D32E5
FFF9CEB0
00015C0C
000804FE
FFFD6E94
FFFBE1BF
0009028F
FFF61850
0001EE15
FFFED945
FFF150A2
FFF721D1
000FAFC0
000A283B
FFF76AA3
00045476
0001B7BA
000D7B8F
0001DAAB
FFFE62E4
001467B1
00054D3E
0002EE14
0005120C
FFFDFA5C
FFFF4252
FFF89D4B
FFF80E1A
FFFD8B0C
FFFF9EC7
FFF35EA6
FFEBC859
0002B977
00054DE4
00051282
0005B546
FFFE9CE6
00008FE6
FFFBAB89
000B61C1
FFF73FC5
000A5B68
FFF782E7
FFEC2F99
FFFD7859
FFFA4866
000F5C9A
FFFF28C5
FFF8000B
FFFAD94F
000FA2DE
FFF59C0A
FFFA9368
0000C80D
FFF090D7
0006C405
FFF49122
FFF873B7
00048C83
0006CF81
FFF81EC5
00080BCD
FFF14EE7
00016FEC
FFF8C01F
FFFB54BA
0001C048
FFFFB8DC
0000B57D
FFEE35B6
000BC384
FFF9566A
000F7F95
000A6264
00089F36
000BE6AB
00061419
0004799B
000E0C02
0002F3BF
000B3C00
FFF3762C
00056990
000F3981
000227DA
FFFF8AFD
000D07CD
FFFBD282
FFFA7602
0004B642
FFF02CC1
FFF7B86A
0004AE74
FFF9C2F5
00021272
FFFFA101
FFFDCBA5
0001A642
FFF8F232
000851A8
FFFFFFBD
FFFC4C15
00066577
FFFFF398
00020F2D
00047F82
FFF4DDB5
0001C669
0005FD12
00039951
0003DEC2
0003A1B0
000297DB
FFFE5DD9
000096A3
FFFD6A5A
FFFFE4CF
FFF988BD
FFF9049D
FFF4DBE3
FFFD3002
00029CDB
FFF9FF61
FFF505D1
FFF16B3A
00030322
FFFCDB0A
0001DF6C
FFF42B4F
FFEF68E8
0002EE81
FFF54499
0001C0D2
FFFDD701
00024D33
00084C41
FFF85AAC
000325A5
0004812E
FFFDFC81
0007A2F4
0006C32A
0005832D
000375B9
FFFB9FD8
00011F9E
0004BD4B
0007CEE1
FFF6E3BA
00016E74
000867C1
000693DC
000B2135
FFFEE645
FFFD84E9
00021782
FFFB6300
0006B900
00042AC0
0001559D
00084AB6
FFF57D83
FFF5A443
FFFF5720
FFF49A7C
0007D7D0
FFF57A52
FFF4F333
0000D843
FFF9F02C
FFF722D1
FFFAFBD9
FFF14166
0006D229
FFF94448
FFF74D26
FFFFB952
FFF5E187
FFFB3323
000884FF
0009D96D
00012785
000635CF
0005212A
00023182
FFFB8DB2
00059DD2
0004A7FC
FFFF3892
FFF25301
FFEE07CC
FFF770A3
FFFECD7D
FFF1D4F5
FFF42F01
FFF24073
FFFB6B97
FFFCE4CE
FFF3F49C
FFFC4329
FFF547C5
0001C5B2
FFFE86CA
FFF8576F
FFF8623B
FFFE0F01
FFFBDC77
FFF7A8E9
FFF67DE0
00054ECC
0007075B
000132AE
FFFAE317
0002DF41
FFFCBCB5
FFF6D037
00029598
FFF81520
FFF7E3B0
FFFA0E55
0002EB9B
FFF7F972
0005553D
FFFF0556
FFF79151
0004ED73
0005BCFB
00013E92
00025426
FFF8FA46
FFF6118A
FFF8CD44
FFF31EF7
FFF66465
FFFC3866
FFF583B0
00049183
FFFE2558
FFF18B63
FFF84357
0006297E
FFF5F1CD
00073DA1
0003AAA3
FFFEA030
FFFBA092
FFFAA17C
FFF4CF43
00033611
FFFA0B1D
0004BC09
FFF3E45A
FFFFB85E
FFF82AB6
0000DECA
000299D4
FFF62EFC
000351C1
FFFCD9C5
0000C24E
FFFBE79A
FFF3162B
0003E457
00008FFD
FFFE9CEE
000C8448
FFFC5ED7
00043586
00043DD7
0004582B
FFF4DE3F
FFF766C4
FFFFB08F
00030CBC
0006003B
FFF60779
00068F32
FFF91DB6
FFF6F066
0000F209
FFFBB314
FFF6D312
FFFD52D2
0004A3D5
FFFE83A4
FFFB8FEE
FFEFBCF6
0003A847
FFFA55ED
0009A8D1
FFF73A04
FFFBDAE2
FFFEFBDB
FFFD9EB6
FFF69104
FFF7D7F0
000CF464
FFF88FF7
000650E0
FFFF5443
000536B8
000A5585
00070E17
00039092
0000B0DF
FFF7598A
00040422
0001EED3
000AD114
FFFBCFD2
FFFE18E1
000006E8
FFFC6E20
FFFDF148
FFFADD02
00025B45
0004EB5C
FFF33C43
00010036
00028777
0005551B
FFF7CF73
0005B5FF
00040A5C
00025047
00019DA2
FFFFA908
FFFD408B
00062D89
FFF3AA7E
FFF67BE9
FFFF5748
FFF8E1B9
FFFEBE89
FFFE49DD
FFFFCE5E
FFFC6D33
0004D445
FFFE4683
000121C3
000539DA
FFFBA66A
FFFA6806
FFFCE8BF
FFF9389C
0001B5DE
FFFCD66F
00079189
FFFE763E
00068422
0003F774
000A2942
00022832
FFFFB25A
FFFEE0AC
FFF153EB
FFFDD14B
FFF89B8D
0003B216
FFF760DC
FFFC71BF
FFF0F66A
00037552
FFFBEDFF
FFFE1856
00040D4C
FFFC519C
FFFAA58E
000521A5
0000C147
FFF8FDA9
0006626E
FFFFADE7
000304EC
0003E884
FFFE6135
000577A9
0004E7F7
FFF9AC31
00042F65
00081EED
FFF3920E
FFF47A01
FFF9AA9C
00081C21
000B7513
FFF5591B
00002F98
FFF39778
0004F990
00022794
FFF3F788
FFF9B294
00059C9C
FFF7898D
FFF7CD6B
FFF9457F
00060EC5
0001C448
FFF620A5
00011327
FFFD7F69
FFFE89F2
FFF8C8CC
00055B22
FFFF79DB
0003BD13
00063AE6
0004D2EE
FFFB3C8F
FFFAD186
FFFD0F46
000265C5
FFF807C1
FFFDF142
FFF4785A
0000557C
000DB692
FFF7790A
000DA6EB
00005915
0000C73D
0006959D
FFFA9978
00060454
000AE454
FFFFB578
FFFE47BC
0003590E
FFF74A1F
FFFADAE8
FFFD7190
FFFBAF48
FFFA9B4D
FFFE677F
0006F93B
0000A1F0
FFF87EE2
FFFF132C
FFF01233
0006634D
FFFD14B0
000AF870
0005583C
FFF494AB
FFFE9AC2
FFFA5688
0003656F
FFF6B9F5
FFF7671C
FFF2D59B
00061880
0008D4A6
FFFA1A6D
000532F0
000647FF
FFFBDD6B
0000B286
0002A705
FFFC0ED1
FFF6165C
00046D70
FFF95F3B
000A4FD3
000426C9
0005D025
00047E5C
FFFC6CAE
0002FC1C
000C0619
FFFEAB21
FFFB891B
FFFBBBDA
0006E968
000A4F3D
FFFAD659
0004BED3
00069CA7
0009E508
00037E7B
FFFFD339
FFFA00B7
000B4838
000BABDB
FFFF1E42
00004225
000710B1
FFF2348E
FFF984C5
0002E5CA
00048674
0000ADCC
FFF67B3E
0009681C
0005EAC5
FFFD190E
FFFD3FFD
000485ED
FFFB60B2
0006A71F
000ADDCC
FFF84E8B
0001401E
FFF90185
FFFFC107
0001DAF5
00005C30
0000F387
FFFD159C
FFF7F702
FFF3AB6B
FFF9C2CC
FFF9DD32
00024D14
FFFFD9ED
00025DDD
00023BA7
FFF82615
FFF99FF5
00014C44
00013A4B
FFFE6938
FFFBEF81
FFFE5E1D
0005025D
FFF9A32E
FFF865D8
000B0798
000436AF
FFF57AF0
FFFC2E90
00051A64
FFFFD6B4
FFF19875
00075F2F
FFFCB508
FFF6CD28
FFF8F8F5
FFFD2B3C
FFFF0AD1
FFF3A1D2
FFF66140
FFFB4974
FFFF76AF
00054A57
0002A6BD
0003B4FB
00054D04
FFF7AFCF
FFFB57DB
FFFFFD96
FFFF9BDB
FFFE8E58
FFFFAC90
0007DBA2
FFF95F33
FFF814AB
000B1433
FFFB3999
00018745
FFFAE21C
FFF587C2
FFFC66F2
0008B0FC
FFFE26DF
FFFFD7B6
00011E1D
0001F04D
FFFBDB22
FFFBEFFB
FFEDD560
FFF87889
0003E618
FFFEF048
FFF497EC
00034DF5
FFF40E32
00049639
FFFF2515
00070C12
FFFCE628
FFF2752C
FFFB4CD2
FFF2E308
FFF7FEF1
FFF31CED
FFFAF784
0007FB2A
FFF9A90D
FFFB81B1
00069E0B
FFF36A81
FFF92C2E
FFF6DD99
FFFB1F9C
00001F67
FFF90A0B
00082F37
FFF4AF7C
FFFB583D
00041155
FFF59334
FFFFE3DA
FFF58DAA
FFF847EC
FFFA62CD
00011BC4
FFF35CE1
0005E5E9
00048DE6
FFF019A2
00024D93
FFFB9EE3
FFFFFF8F
FFFF9CF3
0001052F
0006D6AB
FFF6FEC8
000205F3
00019C7B
FFFBC209
FFF9486F
FFF326A3
FFF924FC
FFF5B8CA
FFF8C9E3
0000D4FC
FFFF228C
FFFC4F4A
FFF566E1
00038C7B
000534D5
000651D0
000CE638
FFF0F6BE
FFF81318
000664A5
000796B8
FFFBA3F7
0004DA02
FFF7F895
00024715
FFF42AC0
00058EB4
0003001B
00015865
FFF77DA2
FFFE4563
FFF90730
FFFDC730
FFFFFDD1
0004A5E8
FFF6C9D0
FFF93279
FFFE85F0
0000BAA5
00093ADF
FFFE5548
FFFF06F4
FFF9EE2B
FFFE6436
0003EBEA
FFF5897D
00011ABA
FFFD46CB
FFF64EEF
FFF4F174
00032865
00026859
FFFF1817
FFFA5998
0002FB73
00030152
FFF6671E
00038BA8
FFF77FD6
00046C68
00038F4F
FFFFBCCA
FFF93A9F
FFF464AE
0006B0E3
000A1F12
FFF99A42
FFF223E1
FFF4F470
0008B38C
0001692A
000274B5
FFF8B261
FFFDBDB4
0005395D
FFEE387A
FFF23B53
FFE8F941
FFF04A7A
FFF974A9
FFFFEAE0
FFEFC454
FFF15031
FFF20612
FFFD0BAA
00064309
000A3B2F
000660F0
00022E91
FFFA1D5B
FFF7B350
FFFB01AB
FFF6DF3F
000308AA
FFFA7289
FFF3A112
0008B0B9
FFF9116C
FFF837B1
FFF1F444
FFF01510
FFFD1EE3
00076EF5
FFF52AE6
FFEEA65F
0001EC84
FFFF0F12
FFFD0ABB
FFFA7395
FFFFF111
FFFA6C97
FFFAD763
0004DF0F
FFFCBACE
0008BEE5
0000196E
000BF317
000A9B0E
00038D9B
00012BC3
FFF9857E
FFFBE8AF
0009F5E8
FFFCC6A1
0002615D
000C08B4
0004FFF0
FFFFE03D
FFFAF67F
FFF870A5
0009103D
FFF67B20
FFFB79AD
FFF621E2
00076E0F
0002A132
00077D36
FFF0645C
FFF35A97
000AD511
FFF9FB34
000B1D73
FFFC9BF4
000351FD
00022880
00048765
00064AC5
FFECC534
FFFD04BB
FFFA8937
FFF282A7
FFEB2344
FFF4845F
FFFD3062
FFF292D3
0000B6E9
00081297
000A2170
00104977
000E319E
000B4950
0001BA67
FFF6FC09
00147610
000A3415
FFF20DBC
0005A79A
FFFA0C61
000217B9
FFF3D67B
0000C650
FFFC052A
FFFB310B
FFF0B3EA
FFF21C4A
FFF27BF8
FFF0B894
FFEEE0DB
0006FDD0
FFF029A5
FFFCF8EF
FFFD6D55
FFF9CE44
FFFA9495
FFFE992F
0006C5C6
00018B0C
0003C0F7
00097975
FFF57A43
00058468
FFFF8B1C
FFFC570E
FFFDA43E
FFF9F74D
FFF1DB3B
FFF77368
FFFD1F4C
FFFF8570
00040910
FFF4E187
FFF59382
FFF83C9C
FFF5B234
0008A87F
0008A654
FFF8C6C4
FFF9CF6F
FFF573CB
000424E9
0004C105
0006AAC9
FFFBB96C
0008EE5E
FFF65DF8
FFFF03BB
FFFD4210
0004ACE0
FFFE869C
FFFD362F
FFF9D6C0
FFF90610
000218D8
00062854
00096E3F
FFFB1ABB
FFFC22F5
000D8699
FFEF2DC9
FFF5F4AB
FFF88D84
FFF53D12
000B610D
FFFB811B
FFEF7D7A
FFF543AE
FFEDC21C
000B6E92
FFF5DB84
FFFC2251
000A304F
0011E826
FFFFC846
FFFAFFD9
0005DA48
00052A75
0005F47D
FFF7853F
FFFA7369
00073AE6
00074349
FFF691A0
FFF1FA3A
FFF277A8
FFF85E48
FFF44870
FFFC95E7
FFEF13E0
FFF2EA17
FFF705A3
0000B91B
FFF98879
FFFE4B81
FFF4421F
00000F06
0005ADBB
000C762A
000211EC
FFF5F59F
FFFF62D9
0003A89F
0002B3FC
FFF70616
00087C6C
000BC4B5
FFFFF85A
FFF89354
FFFD40A7
00023360
00004ACA
FFF5D116
000C1FDD
00017589
0004286D
FFF640A8
000D4C33
FFF32C45
FFFEF67E
FFFC19B0
FFFF6EDB
FFFFD89F
FFFD1107
0007998B
FFFDAC71
FFFA2AF1
00018152
00035219
000AAB5B
FFFDC86B
000D0365
000603FA
00083C87
FFF9DE04
0012BFE6
FFFF2938
0006B0E5
000C1E03
00014414
FFFAE2A3
0009B870
0000877B
000CEE16
0008FA6F
000B3A18
00012016
000984F5
0003F427
000ECCEC
FFF5816E
0007C10E
FFFBFD7B
FFFE14E4
00038CE4
FFFFE939
00040736
FFF7FAF5
000610E2
FFFE6AEA
00050863
000528F8
FFFFF584
FFFFD02C
00024F04
FFFD6088
FFFA12F6
0003455D
FFFCA886
00106107
00083F3E
000D0B1F
FFF8FA34
000F9B6C
FFF8A814
FFFBF112
00038461
FFEF97C1
FFF03E06
FFFF1D65
00000DC8
0004A23E
FFFF2191
FFFF1D2B
FFFB352F
00009D0E
FFE9AC8C
00008723
0001A117
FFF7232B
FFF8DCFC
FFF3209F
FFF78E2D
FFEB4933
FFF846AF
0000C6DF
FFEFBBE9
FFF7D174
00039201
FFF33993
FFF728B3
FFFE7167
FFFC4161
00026412
FFFE1AA7
FFFEDD42
000A2144
0013A2A3
001112E2
000A986F
00059786
0009BCC0
FFF0F9BB
FFF726D6
FFFD2D77
FFF1BA1C
FFFB88D3
FFFA666B
FFF9A5C8
FFFEEEA8
0008C5C5
000668D4
FFF78C17
FFFBC9D8
00061D78
FFF50356
FFFC96EB
00073635
0000BDA0
FFF71DF4
FFF67E19
000B6482
000D028A
0008F81D
00082D4A
FFF516A5
0009617B
FFFC32B2
0005732F
FFFBADFE
FFEC0DB9
FFF69B3D
FFF88C15
00034A07
000A256B
00096D57
FFFD35B3
FFF7A82D
0007E575
FFFBF9CE
FFFAC3D6
0009856B
0013A57E
00092CF7
FFFD962A
00090DD1
FFFEFF1A
00090337
0001B764
0009E034
FFFAA40C
FFFD26A0
000085C2
000A26BB
000825A1
0003316C
FFF9F010
FFFAE5AD
FFF11061
0000CEF9
FFFE1F01
FFF55655
FFFA1D51
0001583A
FFFB950D
FFF9C5C5
FFEC140C
FFED3BD3
FFED8397
0003DE6F
00014CDA
FFFFE4FB
FFFBDD3C
FFE5A0D8
FFF4955F
00024A8F
FFF5E651
FFF74F44
0004F484
FFF988A8
FFFF2010
000287D6
FFF2D056
FFF12843
0000312B
0004635F
0001D1CF
000A099D
00010AF9
00025DBA
00098659
000ABD7E
0006238E
FFFF51D7
FFF978C4
00017346
FFF6FCDC
0001E4E9
0006A229
FFF69F5A
0002E0F6
FFFE64E1
FFEC5EF5
0002C962
FFF136D9
FFFEFB29
FFF5C311
FFF58B34
FFE90C0C
FFEBCFE1
FFF1EE63
FFF703B6
FFF4D974
0001A50F
FFFB23BD
000C18F3
000BC514
FFF24AAA
0001A71C
FFF1CA09
0005C979
FFF9BF3B
FFF72061
00066D08
00073503
FFFAEF3A
FFF67237
0006BA5B
FFFF1E23
FFF960DB
FFFB7FA4
FFFB17D9
FFF3D437
0003F267
00062036
FFF2F77D
FFF25C75
FFFE04DD
000C2E76
000D618E
FFFB17AB
00027437
0005999A
000558E6
FFF6ACEE
000C8311
FFFD5C7C
FFFD3A21
FFF47AFD
FFF53841
FFF1516A
FFF10812
FFF8B516
0002BF38
00021AC4
FFF6053D
000BEBCC
FFF8C91E
0005395E
FFF323A2
FFFA87FF
0002189D
0004A71F
0008592F
000B170C
00090AD8
FFF5C1D7
FFF488C4
00020594
FFFA4A92
FFFE75F0
FFFD7980
FFFA559B
FFF20F4C
FFF8CE98
FFF973A6
FFF388E7
000C687F
00096C23
FFFEC1B7
FFF6A4C7
FFFC744D
0004D71D
FFFD437E
000835F9
FFF36F46
FFFF4553
0008E5EC
000A88BF
FFF0CCB3
FFFBA09F
FFED9528
FFF01C90
000B500E
FFFAE4A9
FFFCF660
0006AE68
000C9F06
FFF3392C
0001DD95
00041A5F
FFFD6CA7
FFF9703F
FFF91455
FFF338BE
FFEF419E
0006941E
FFF355F1
0008C268
0002C264
FFF05884
FFFB32C6
FFF4AD2A
0007EDEB
FFF3707E
000641D9
FFFA495B
FFFAB8BE
00040CE3
FFF3FB59
FFFD2821
FFF79705
FFF5BB6D
FFFC221B
0009C228
0007E135
FFFFE954
FFFDC61B
000775D5
FFF7A4F7
FFFA8FB7
FFFFE8E8
000416A2
0000D2BE
FFFEA732
FFFB9A26
0002FDD1
0001B057
FFF21439
0000D52C
FFF815AE
0004BC91
FFF527F2
000AED44
0004E36D
FFF5F511
0000C709
0006E4CE
00079E7D
000C528D
FFFC69C1
0006A996
0005EE7D
0006C120
FFFC18E1
FFF66F7B
FFF04951
FFE95E14
0000727F
FFF6EB69
00052453
FFFB04CB
000499EF
FFFCC27F
FFFA99B6
FFFD12DD
FFFBAE7A
FFED7CB0
FFFCEBE9
FFF5B0AC
FFFBE893
0008B69D
FFF67277
FFFCA348
00061094
FFFE6EF5
FFFFE0BD
0001276D
0000F05B
0001E4DE
FFFC0573
FFFD56E6
FFF1C340
FFEFF162
FFF63BE3
FFF63747
00027A3B
00041FFF
00013FE5
0000B425
FFF8BD76
00053C71
FFFA14EE
000D151D
FFFD9453
0000E2EC
000FF24C
000073D3
000C8A20
00024C8B
000811F3
FFFDA54E
00056B0C
FFF6B873
FFFED288
00013F59
FFFF8C7F
FFFDB921
FFF7EA0F
0002E043
00098F21
00061C3F
000676E5
0002604A
FFF999F4
000988DC
FFFAB529
00029194
00054B37
000471B5
00075BE8
FFFF5E46
0003DE21
0008DDD7
00078441
FFF8E205
FFF74AE6
FFF8CB9C
000058C4
00056632
FFFD3EE5
00019572
0005DED8
00002E4A
FFFAF86A
FFFDA00E
00029836
000BAD9C
00042015
FFFB512F
FFF1BBE9
FFF601E2
00059491
FFFD88EB
FFFE4C12
00001953
FFF1E01A
0004C11F
0002AFE1
000B81EF
FFFEAF49
FFFCA756
FFFEB116
00033E5A
FFF970DB
00078EE9
FFF7634F
FFFF7A03
0002B097
000793CE
FFF6D250
0009F8AA
000D6ABA
FFFB5E47
FFF56891
FFFEFD96
00028E61
0005A006
FFF87236
FFFFD596
FFFA8D43
FFFF46EA
0006FFB9
0002B6CF
FFF518C4
0000CE77
0003E06A
000063D2
000884E2
0003951E
FFF6DA4F
FFF9F2C2
FFFD7259
FFFCC9F0
FFF5F46D
FFF36CC7
00050BFB
FFFCE8BB
FFFF17B8
0006327E
00089D48
00094C4A
FFFCA8B0
000C0E26
0001B8D4
FFFCA48E
00011BEF
00000D9C
FFF37607
FFF62499
FFFF3972
00091A5B
FFFC13B1
FFFE8547
FFFD6D13
000B884B
00019B2C
0003A9FA
FFFFCE5A
FFF82C1C
FFFD3FA9
FFFBBE6D
FFF6C0D7
FFF4748B
0003A74F
FFEFD2B3
FFF51C9E
FFF02CAB
00008169
FFF50A4C
00076CB4
FFFCAAB1
FFEE496D
FFFA7DAD
0001C8BD
FFF05FF6
0002702D
0006985E
FFF7D23C
0000C16B
FFF754B6
000485D8
000916BF
000B3628
FFFF471D
FFFAC22C
FFF08031
FFFEA903
FFF704FA
FFFC4E3C
000D83E5
FFFADD32
000C6E18
FFFF3843
FFFE8D98
FFEE142F
FFF0E6D3
000A77E4
0001C655
FFF4C02A
0002393D
FFF8135D
FFF68195
FFF4502D
0009030E
FFF05393
FFFB374A
000A8582
FFF9C8A7
FFFF657E
FFFF7614
FFFEC1B0
00066102
00058BED
FFFA4374
FFFFC7E0
00083DB2
FFFF2FC4
FFFFB552
FFFCF2A5
FFFF3173
FFFF2231
0001839F
FFFDE542
000206AB
000619D1
FFFB2E41
00063E74
0004541D
FFFAD234
FFF5C188
0003F462
0001CC94
FFF11054
FFF79683
FFFDF85B
00075955
0004341B
FFFE2144
FFFD6EE3
FFFE4376
0002A9F5
000FCA37
FFF97594
0004CBE5
FFFFAC33
FFF4AF6D
FFFA9E20
000B8450
FFFB391D
FFFE8655
FFFC4E8F
FFF67AE0
000321C3
FFFFB710
0004ACC0
0006A989
0007A5D4
0007B7E2
FFF9A50C
FFFE94BA
FFF75411
FFFBCD8B
FFFEB79F
00047AD1
FFF2BA0A
0000758D
FFFF7F94
FFF9B995
FFF752ED
00031ED6
00016A87
FFFD981B
00023A3F
0001D28B
FFF57D96
FFFC6004
FFF65EEA
FFF66096
00040770
FFF88DD5
FFFC085E
000035F1
FFF5E424
0007469E
0004FAD4
0003B998
0000AD7D
FFF508F6
FFF6CA7F
FFF68F65
FFF62F68
FFF89E27
FFFCBA3E
00083EFD
000E0E15
FFFCB42D
FFFD6D6C
00043B83
FFF83EF0
FFFBCCFC
0003A9A3
0000CFF2
FFF25AD7
FFF242B7
FFFF7DDA
00027E4C
FFF7F458
FFF61E04
00036353
FFF4221E
0002794F
00084B57
000744AE
FFFD9323
000B68B1
000538F2
FFFCAC46
FFF91F65
FFFC33F2
FFFAA77A
FFF28AC6
FFF790D7
FFFCE108
FFFF7301
00022ABA
FFF639DA
FFFCF87C
0007AA68
00052D8B
FFFDB83F
000275D1
FFF9DB01
FFFECC20
000AE9B0
00089769
00023B84
FFFB5F09
FFFDAC98
00025D41
FFF5A937
0007DF37
FFFDB393
FFF54D25
FFFC19F0
00053B98
00010F44
FFEDC8C8
0004066B
FFF41E0B
00024975
00061AF3
00017A0B
0000FFE2
0001AF67
FFEEE9B6
FFF7F8B5
000CDB63
FFFA4B15
FFF8DD18
00074194
FFF2B5F5
FFFB36FD
0005D4BE
FFFF5463
FFF9C7E3
0000A93B
0007FA89
FFF84DDC
FFFC9212
FFF99791
FFF90E4E
00093971
00044401
00064018
00088F37
0000D297
FFF88629
FFFBBCBE
FFFB5A9C
0000C129
FFF587A2
0007CC0B
FFF72FF1
00014CC0
FFFAFC09
0004766A
FFF83182
0001F042
FFFE204B
FFFF38CE
FFF1AE5A
FFFC0BF4
FFFC95F6
FFF6BC14
FFFC9C2A
FFF9BA89
0004074A
FFF56315
FFF4CE4B
FFFAFEF0
000BC01D
FFF9DFAD
0004EB46
000DAC52
FFFB5816
FFF8F4F2
FFF7FCA6
FFFA9351
FFF9C72A
FFFFE1C1
00026426
0002653B
FFFF4622
FFFB851D
0001A124
FFF4C0A2
FFFD21C2
FFF5947A
FFF9DF14
0005555A
FFF8DCEE
0002F6A5
FFF822F5
00068535
FFF96B04
FFFF9495
FFFC9065
FFF4C1EF
FFF80025
0006AD37
00020A7B
FFFAC4D9
0008E463
00070980
FFF5B415
FFF6D4AE
000515BE
0003F1AB
00053AB5
00029EE6
FFFB1C51
FFF729EC
FFFC5E07
00037C34
FFF8CB32
FFFE4D44
FFF754A0
0008131B
0008C40C
00057C90
0008A429
00008838
FFFEA4A5
0001E21C
FFF9D6C4
00017DCF
00024C54
FFFC6AE7
000842BA
0006EB02
FFFD0FFC
FFFAA12F
FFFCA936
FFFBD111
0001B959
FFFE2F38
FFF4F66D
0002941D
00075EB4
000B3236
000C9106
FFFEBD37
FFFEF35F
FFFB3DA6
0000590D
00072E70
FFFFF6BE
FFF94F1C
FFFB72E3
FFFBC183
FFFE859F
FFF4DD43
FFF3B11D
000097BF
FFF6BD34
FFFD95B5
FFFEBA2A
FFFC6633
00076716
FFFD86D3
000070C2
FFFBB7DF
FFF9A9A6
FFF1DD0D
FFFAC0CD
FFE8AAC1
FFF158F8
00004AAF
FFF75B85
00083C6F
FFF2366C
FFF6D246
FFF88A7C
FFFC0730
FFF35077
0006BD9E
FFFCA5E1
0007D923
0001DD39
FFF1E96A
0006A1D7
0003B151
000800CC
0006844D
00063FD6
FFFA2549
FFFB52B8
FFFE3056
000DBEDF
0002B7FE
FFFF1907
FFFFF13C
00003E68
000704EB
00090211
0000618A
FFFF2AA6
FFFABB5C
0000891D
FFFCA3C4
FFFFEE2F
0002B2F3
000AB3BE
FFFD2824
0006880B
FFFDF57E
00034B87
FFFAEDC4
000753E4
FFFCDDC8
00064284
00004094
FFFA5E93
FFFFC431
FFF3DCA1
FFEFA3E0
FFF28071
FFFC05DF
FFFDED4E
FFF9CC60
FFFE60EA
FFFF6244
FFF7A86D
FFFCA652
00081B0A
00066BE8
FFF86509
00060F13
0001162A
FFF2D737
FFF927A1
FFF48DD2
FFF91C93
000883A2
0001DB00
FFF7268A
FFFAFBCC
00021D1E
0002E9B2
FFF93632
FFFABDC5
FFFB09CB
0001F321
0001D876
00001684
0006A789
FFF82F91
00005E17
FFFB1DCB
000576C4
FFFD966A
FFFA525E
000261F9
00066855
FFFD082C
000088C4
FFFBBA6B
0000F8AC
FFFD930D
FFF862E3
FFF9F96D
FFFA5305
FFFCC427
0001D4B9
FFFF99E7
FFFC772B
FFF3C7FE
FFF78C23
FFFD0915
000DCD66
FFFB25CF
FFF94118
0007E7A7
FFFFD6B6
0006AAF6
0009B88F
FFFDCEA4
FFFA6082
FFFDF50C
000180DC
00062F3A
FFFAB256
FFFDAE15
0005CC2E
FFEDC952
FFF4FC5C
00054A52
000771A5
0003C2D8
0004B920
000BD379
00050575
0009D02E
0004ED22
000A66E8
000418CE
0006F796
000228AA
000E6DE8
FFFC0D47
000DD46A
0000D51A
FFFBC037
FFFFD9D1
000BA4E1
000FCC66
0007C826
FFF511A7
FFFB6C0B
FFFFB1A6
0001683A
0001D5BE
FFFA2A8C
FFFD2143
FFFCBBF7
0000D0BB
0000E321
0001B35B
FFF7EB1E
00045D93
FFF600DE
00066B64
000CD290
00041F25
000059DE
FFFD6687
FFF86EB0
FFFAC8BF
0006C7F4
000736A5
00084D82
0003D93E
FFFFC3B2
FFFA9C6B
FFF74E6A
FFF59082
00068EA7
FFFDD6F0
000C4359
FFFC2C83
0001AD6D
FFFFE6FE
000525AF
00079EF6
FFFDC15E
00073D14
000F3043
FFFA921F
000AA0DF
000D4D11
000B8419
0009D2BF
00018D73
FFF9ACE0
00070932
FFF992E5
0010340F
000216DE
FFF0B56B
FFF9D43E
0000D208
FFFEE5D9
0003D033
0001C965
FFF7ED58
FFF89093
FFFAD706
0001937F
FFFD5CEA
FFFA6D2A
FFF968E7
FFFCDAD1
FFFF2964
FFFA0A88
FFFA8CD0
FFF993C8
0000B7C9
0005FF56
FFFAD3E4
0006B1AE
00003DA5
00002118
0002459C
000825C8
0007769B
0009BB64
0000B622
0003A614
FFFB9A63
FFFEB1A8
0008B5C0
FFF892C6
00077DB2
FFF8AF79
FFFEFD02
FFF94B8F
FFF81E09
000BA51E
FFFDD096
FFF86307
FFFFE764
FFF7D84F
FFF73C0C
FFFA8E48
FFFC2F4A
0008C251
000281FE
FFEF6496
FFFBB62F
000AF8E2
000024F4
FFFAF41E
FFF9D064
FFFF4B89
0002B8E3
FFFEA2FD
0001891C
FFFA9D13
FFF02BC1
0004479B
000307DD
00090C80
00009153
0011BC36
000AA06D
0001BB11
FFFD8A67
00084DD4
0010F7A0
000AC124
FFF90832
00034931
FFFC1B2F
000B86BD
0004F097
0003F24F
00050BA3
00007556
000AD5CD
FFF82BC1
FFF3404A
FFFC2A50
000445F0
FFF8B65E
000CBC88
00018770
FFF52D74
00058839
FFF99409
0005E12C
000C5569
FFF95714
FFFC087B
FFFDDED7
FFFED4DE
FFFEA307
000BB4B9
00099721
0000E909
FFFD75E7
FFFDCBE3
FFF6E27A
FFFDBBE2
FFF6559F
0004F793
0003B581
00086828
0005A472
00002907
00037F85
000EFBA3
00047CC5
FFFD99AA
FFFB906E
0008468A
0004409A
FFF4A65A
0004C820
0002D182
0004385F
00068281
000174DB
0002CBF1
00062DE1
FFF9EDB4
FFF6E45D
FFEB3FFD
FFFD7EE9
FFFD8E3F
FFF123D0
0000FD79
FFF0314C
FFF20828
FFFA7237
FFFEE345
FFFE231A
FFFA35F6
FFFE28F7
000A2E0B
000B1B9B
FFF5962F
FFF8D7DD
0003DA35
0003FAB1
000ADB9E
0005CAB5
FFF971F5
FFF41D9D
FFFCC9DB
0002ED18
FFFF7E46
FFF63486
FFF3CF4D
FFFEC8AF
0005FF26
FFFC328D
000392DE
FFF5D92C
000278EA
FFFE41F6
0004B52A
FFFAFFE3
FFF8812A
00025AB5
0013FDA4
FFF784AC
0000C509
000DD35F
00018B57
00094927
FFFC5767
0005F2FC
FFF5A7AE
000348FC
000653DE
0007255A
00131A1E
FFFFC455
0012230C
000681A7
00034B5F
FFFF5BCA
00028ACA
FFFC246D
000BF350
000CB757
0009AC8F
FFF9D3E0
0009114E
FFFEE4D9
FFF713F7
FFFED635
000A47F6
FFFF433B
FFFD8E8E
000A0E26
00091F8D
00079262
000A7C4F
00004267
00009E59
0005CEAD
FFF1561A
00043CDD
FFFEC97D
FFF80A0A
FFFDA190
00002B09
000C931E
FFFBEB9B
FFF89628
0002DBC0
0001AEB1
FFF74F5F
0005F1F0
000C55CA
000343BF
FFF7AC4A
FFF1F833
FFF44E81
000583B1
00033CBA
0004E0E7
000223E7
00082C8B
FFFF6555
000214FF
00046D96
00099D46
FFF6B117
000862B2
FFF74F85
00007B64
FFF7BCBB
000D07B2
FFFED3A4
FFF3F56D
0011A38E
00037953
FFFD77B6
0007A55D
FFFB382F
00078EAF
0001B917
FFFEDEA2
0003EAC3
FFFF96A1
00042E17
FFFAAFD3
00063CED
000FC967
0003EF8D
000B10E8
FFF7A727
00069196
000BF63F
0001FEAD
FFF9E572
0009139C
FFF30C0F
0001AFA3
FFF73A41
FFF7232A
000542F4
000751BC
00035275
FFFF7124
000177C1
0006F5DC
00030206
00079EEA
FFFC89E7
0000934D
000D6A17
0002E335
00077973
0001F6F6
FFF67AA5
FFF75333
FFF4F7EC
000834D0
0009BF5F
FFF66CF4
FFFC8A75
000115B9
FFFD5EE2
FFFF9D8F
0008070C
0003E570
FFFEFD86
FFF93AE2
00012AB9
0006E7BE
FFFAF1B6
FFFFAEB8
00096503
00038E19
0007710D
FFFBF7AB
00009C6F
FFFC0B23
FFF82239
000C8739
00074202
FFFFAA25
FFF31F4B
FFF9FD09
000C4925
0006B500
FFFDA105
FFFA244E
FFFB689D
FFF8CA3C
FFFEF93A
FFFD88AD
FFF8EBD6
FFFB277A
0008A137
FFFC7445
FFFBDE48
00032EE2
FFFC2710
FFFB6710
FFFE7DE8
FFF4A5EC
00057614
0002BF89
FFFADB35
FFF70497
0004D78B
0002F868
00052AEF
000D6F67
000460EC
FFF524AA
FFF8A5D4
FFF6DB58
000F2042
000BA0EC
000D257F
FFFC4A3C
FFF61748
FFFEFB52
FFFFA713
000AE589
FFFA0D79
0002D327
000E18D9
00070E02
0003A326
00076623
0005473E
000C29A8
FFFBC80A
000C297A
00031DDC
0002CCBD
FFFF88E1
0005A365
000AC81B
0006E176
FFFA5F8A
00086F55
000A34FA
00004135
000C321C
FFF9A662
FFFAA2BB
FFFEA11F
00071EC2
FFFBD2AE
0008F702
FFFC0273
00073420
0004F381
FFFE8CA8
FFF7B4AD
FFFF590A
FFF62CDB
000922CD
FFF65AD8
0001EC96
00081D0E
FFFA101A
00060F09
FFF8F7C5
0005E6EB
0003F225
00009DFD
FFFA2A32
00029AA8
000A9C7D
0001A9DD
00074406
000876CC
FFF86F02
00038985
00099774
000EA0F4
0003DA82
FFFF826A
00068F32
00094F4E
00018738
FFF4C025
00020A3F
FFF597B1
FFF59FD5
FFFE56F5
FFFD0CF7
FFF71F5E
FFFF3A1D
FFFEFC69
00011661
0006F8B6
FFF950CD
FFFBEA49
00083D78
00061C97
0005CC73
FFFD366E
00012940
00080107
00043BD6
FFFC1CC3
0003A57F
FFFB6C87
00053F0C
000A5125
00048886
FFFED296
FFFDEC79
FFF6132C
FFFDCD2E
0007D682
0002B6ED
0000E7D2
0004B54F
FFFBB113
0004606D
FFFBE980
000C4920
0006AB3E
FFF7DA8A
FFF91EB1
FFFD03EF
0003252E
FFFFA381
FFFCC70E
000551D9
FFFE4F5A
0003C86D
FFF9F788
0006E299
FFFF2D6A
0003955E
0006A0CC
FFFC9027
00057F83
00017167
FFF58471
00061FB5
FFF8C64E
FFF7CA83
000778E3
0003F256
FFF80597
000B8FA2
FFF8BC3F
FFFF1A20
FFF38080
FFFA1BC6
000167D0
00072FE2
0006F740
FFF8233A
001350D7
FFED4660
00001695
00081FBE
FFF7AEB0
FFF17E23
FFF285D8
0001E12D
FFF7B265
00049EB5
FFFEE8D6
00092CEA
001867CC
FFFD67BE
001148B1
0005F242
0010A4FA
00012B2B
000129F7
000E3E93
FFF84A17
FFF424FD
0002FEB8
FFFF40F1
00094A3C
0003FE90
0001FA77
0019FCBF
FFF98175
00053965
000E35E9
0003FB90
FFFEC6D7
FFF912A2
00015725
000296B4
00132EA6
0006C2B7
FFFDB7AE
FFF8FDD6
FFFECD62
0008F18F
FFFF7B2A
00037E36
FFEA5E2B
FFFD55F7
FFFE0B90
FFFF2523
FFFADB0E
00019E87
FFFB7479
FFF91A66
FFEDFFB6
FFF0FEE5
FFFEA2E6
0011747E
0006E48F
FFF8044C
FFFDF715
0007A47C
FFFED8DB
000D4D62
FFF942EA
FFFE0D10
FFFEDBA8
FFF90948
000B9C6D
FFF8AACF
FFFB65E7
FFF3DAA1
0009BE67
FFFE574B
FFF9E5E1
000643AD
00033B29
FFEE6DC5
00081B9A
FFFC563F
FFFCEF9E
FFF50B86
000B0ED2
FFF985AD
FFFCEC06
0006B397
FFF68982
0004AB85
FFFBC9B2
FFF9EB27
FFFA95E7
FFFCA9BF
000E92C2
000D9685
FFFD6EB1
FFFFDDE7
0014CC4B
0002D5F1
FFFBE654
000056B1
00017244
00096563
0007F751
FFFADBB6
FFEDA395
000DFC78
FFEDE8B2
FFFEF7BC
000B49DD
FFF9EB57
FFFBC46D
000C302B
00011D37
0006D9EE
FFFB0816
FFFC8678
FFFEA898
FFF04D73
FFEB7648
00021B7C
FFFB63EB
FFFB600F
FFF4C9EC
FFEF5A1B
0005A1A6
FFFA0A17
0004A962
000AEE99
0001E75A
0007DEA1
0004A585
FFF01D23
FFF91A15
000A1EAB
000ABD76
FFFA9345
FFF7C343
0002071B
0010125B
FFF01E5C
FFF88027
00026D21
FFFCAA94
FFED3412
000679BD
FFFF2C2F
00070505
000F87E7
00015827
FFF605C8
FFF89337
000499D7
00066438
FFF5E500
FFF79057
0002AC2A
FFFF3735
000507B1
00081422
FFF79796
FFEFE97E
FFF58760
0004F571
00090BEB
00036569
0000BEB5
FFFFF956
000D7AA9
0003B1EB
FFF76F24
FFFE3771
000E51DD
FFFC97D3
000415D7
0008AAFF
FFEA0852
001F7861
FFFF891D
0007D797
FFFBF207
FFFC30D9
000BEB33
000FDA36
000E17C0
000475A3
001362C8
FFFF66D3
FFF9BCBF
00037CAA
000BF641
FFFBA25F
FFFF19CC
000FF8AA
00024FED
FFEEB978
FFFCA9E6
FFF8A875
0003940E
000FA15D
FFFFC1C1
000FE733
0003CE9D
FFF5EEF2
FFEBF96E
000633F6
0003E8DE
00089EBA
0003D628
000C56F5
000C15C3
000D66B6
FFF02CA1
000F656A
FFF2B7D6
FFFACF0D
000A7B86
00096353
FFF71AA3
0003C4E7
FFF7860B
FFFC2798
000AEB89
FFF68623
FFE6B86C
FFFDDC3A
FFF717CA
0002DA8B
FFFC7D17
FFFB5016
FFFAC2B2
000D295D
FFF315F7
0002BC38
FFFCF333
FFF526CC
0000AEFA
00004A50
FFFD4F4A
FFF58B7E
FFFFF69D
0001928B
00075F0B
FFFB20C5
00044021
FFF81183
0000805F
FFF5B035
0007B31C
000D4E4A
0009CB0A
FFF78FF2
FFFF46FF
000CAC54
0013478E
00129848
000EF444
00070F17
FFFDD5DB
0004C882
000C908D
001139CF
001279E3
FFF5D363
0003C120
FFF41613
FFF170E7
0004B573
000017B1
00008D3F
FFFD5CB5
FFF95C5F
FFFF2787
00081068
0010A7B6
0012A402
0000FCF8
0017E0E2
FFFB1E3A
FFFB21F7
00018D20
0004F2F3
000C7BB1
FFFD8960
000AA8BA
FFFA2BB6
000F98E8
FFF9C6D1
000ACF56
FFF54DBE
FFF55CB7
FFF4FFBE
FFF9F928
000867E0
000372B8
0009DCFD
FFEE16F1
FFF6393E
FFF7DC0C
FFF3DCDB
0000B17E
000B8712
0008FC92
00065FDE
FFFA98A0
FFFB6C19
FFFF8707
00016F4E
000475F8
FFFBFAE0
0009E0A9
FFEC1D87
000B1C8E
FFF7D18A
00015212
0006226D
FFEFB8E2
0000CE5B
00046BE0
0001D3C4
FFF2991A
FFF4F9C4
00006AE7
FFF301E6
000E634A
FFF3313B
FFFE568F
000288C6
FFFFD6A7
FFFA1840
FFF96EE1
0015531F
0006BA2C
FFF567A5
0003C1B0
FFF23E36
00135486
FFFD6350
FFFC91F3
0002CB8A
FFFA44C0
FFF78569
00073CCC
0011728F
00028169
FFFBB11E
FFF56CA1
FFF307A9
FFFADFFC
000AA27F
00050D25
FFF49AA9
00047545
FFFA91F3
00003B8C
FFF919C7
FFE625D0
0015A2BB
000397E9
FFFD2740
0005B254
0000F5F5
0004E1A5
00030ADC
000A45AD
000682C1
FFFCA3D0
00055F8C
FFFFBD76
FFEDB21B
FFFFF6DE
00090544
00082881
000ECB08
00072B6D
FFFA6711
0016298B
FFF9714F
000A06C0
FFFC3493
0007032C
FFFF8168
00037A69
FFF9DC3D
FFFF35C7
FFF0A67D
000F2763
0012110B
0009CE65
00077C1A
0000233F
FFF6EE84
FFFEF7A8
00028DFF
FFF78196
0005AC2A
FFFA181E
FFFDAC83
000CBCE2
000BB7E7
00063D13
00046B73
FFFF3AF0
0008C8D2
FFFFD792
00146A3A
FFF8910D
FFF56EC8
FFFC2CEC
0012353F
FFF6973D
00103B6A
FFF72C58
FFF0D962
0007C3BE
000BCAB3
FFF7EC9B
00014431
00080DD9
FFFC1A0B
FFEB9E8E
0001A015
FFF32CD9
FFF7A985
FFFC0EE3
000D87C8
FFFDF2E7
00061941
FFEBFF17
000A32A4
FFF7A142
FFFAC0BA
00032B33
00067902
FFFD1ED0
FFF99B7F
00056922
FFF99BAA
000BBF62
FFF71CC8
FFF357A7
FFFDAE12
FFF336F9
FFFD3E3C
000C4701
FFFDAB31
FFFA1A49
FFFABEE4
00195D9A
0005ED9B
FFEE1768
0003397E
FFFA58C8
FFFF1701
0002E82D
FFFA0BAE
0004206B
FFFC9C73
000025A4
FFF33CF4
000B2314
0002BABA
00061C50
FFF9A2BE
FFF8561A
00014C34
00123034
00045311
FFF26196
FFFEB11C
FFEFCE95
0002829B
00027ED7
FFEFD317
000ACC21
FFF318C4
FFEAD09D
0004AA7F
FFF5DE09
FFF11DD5
0005435D
00084A5F
FFF85D62
0008F79C
0009F7D2
FFFECCCD
FFFC5090
00090C2C
FFE761F6
FFF39F5E
FFFB14E0
000DD4FE
000CD7D8
0009B735
FFE6D97C
FFFD01BE
0002ADB8
00072A28
FFFDB2B5
001C78DB
FFFFC7D8
FFF1DF22
FFF9E73A
0003BF12
0014BEE1
000947AD
0005FB58
0015819D
FFFECD14
00028C33
0008C7D2
FFF238DF
00008315
000FE8C0
FFF3EE5A
FFFBC954
000F402C
FFFFA2CE
FFFDEE92
0000AE92
0005E6F7
FFF71455
00084A42
000385AA
000477BA
0000A947
00194386
0011A7F0
FFE9B200
00066EDF
FFF5EA9D
0010A6C2
000280C1
000A9D5D
0004CF92
00060A8B
FFF036EF
00012659
000F9FF6
00013ECD
FFEFFE48
FFF87A26
FFF0F046
FFF4EC6B
FFF3E47A
00069DAA
FFFB3E33
0007D41F
FFFA6622
FFEEB518
FFF6CCB6
FFEC10B7
FFFD36B6
FFF4AD5E
FFFE8EF8
000051BE
00029F2A
0000B860
FFF9CBCE
000CB157
0007F8A0
000BDF65
0009E17B
FFFF031F
FFFFE522
FFFA0A37
00029309
000E3953
FFF5DF7B
FFFC16BD
FFFC086C
000DC899
0002D542
FFFDC547
0006973E
FFFD8E06
0008D2DB
00090BD0
FFF2D613
00088220
FFFE75FF
0008E4FB
000818B2
FFF62E2E
00036BEB
0008BBAB
FFFEBA57
FFF7A1EE
00028542
FFF94F5A
0006A798
00040105
FFFCAC4A
00035F94
00038F2C
FFF8F57A
00095E15
0001DD87
000B006B
000D5F73
000AC5CB
000EB00A
000279C7
0004EA7C
FFFA8BCE
0000808D
FFEFA98F
0005DE15
FFF6B1AD
0004325A
00070191
FFF5F5FE
FFF53BC7
FFF6CF92
FFF9C9C2
FFFEA61E
0004F5BC
FFFF8A29
FFFF3BD5
000FBA24
000A8EE5
FFF98755
FFFEE838
0005D2EB
000C7539
000D1E85
000046F7
00002DCD
0003E256
0009879D
FFF94B1A
FFF12646
000B5862
FFF670EB
0001B6C9
000695FF
0004096B
FFFBE32F
000529CB
00128577
0012D110
00065576
FFEB5E13
FFF99663
0001D441
0006E5EB
FFF9CE72
000EB02B
0006A2F4
000D51BA
0001DC82
FFEA5719
FFF1401F
FFFE1BF0
FFF76AC1
000465C9
00086ACC
FFF9BF34
00049834
000790F0
0008E8F0
FFF31814
FFFAD64C
FFF53642
FFF68792
000B863C
0001580D
00027598
000436F5
000FF5F5
FFF6A4F9
00061713
000894DC
FFF5D361
00037448
0012C389
FFFAE514
FFFD05E2
0009990B
000E4ABC
FFF4056F
0012F368
000269ED
FFFFC65D
0001B19E
FFF849F6
00085599
FFF4E4A4
FFFD136E
00034750
FFFD010B
FFF5A036
000833B8
000AE9F4
0000AFBB
0008AFB0
FFFA448E
00086D2D
FFF87064
FFF8C706
FFFE6EC9
FFF94E2A
000828B2
FFFF0EAB
FFF439A5
FFFF2D6A
FFFCD022
00007D35
0006AA73
00028161
000620EF
FFF67B9D
00056CB0
FFFDFB66
0001CBCC
FFFD3910
0007828C
00135A04
000DAF41
FFF7CE14
001003E6
FFFB4B03
0007FBD6
FFFA5BA7
FFF505BB
FFFF789E
FFF13061
FFFE16DC
FFFDE531
FFF238B8
000496FC
FFFD8BB4
0005F39E
FFF53DB6
00052C68
000A8E7D
0000BC78
FFEE1C02
FFF94633
00084D2B
FFFB15AD
00000B97
00066C87
0010F907
0005CF99
FFEDD92F
FFFE489A
FFFB974D
FFFD793B
FFFA2864
0003BEB6
FFFFFDF1
0012A4A8
00089F07
00018E86
000728B6
00121A1B
00001734
000E6351
0008513F
00067D46
00036184
FFFA6DEB
000C92F0
000A2F89
000A9E85
0007D4FE
FFFE76EB
000C7327
FFFBE25F
FFFE93E6
0000F800
00107D5B
FFFB48EE
0010D1D1
00113503
000A1822
FFF78A9A
FFF6C725
0014032C
001253E5
FFFF9814
FFF7035F
00026A4C
0009DC32
FFF039FB
FFFB9C5E
FFF94531
FFF8D99E
00023FCE
FFFF58CF
FFFE70D5
FFFF2350
0006DC69
FFF44F12
FFEEE2B5
FFFBBE9D
FFFBDB1F
0019B5D8
00077C97
FFF9284A
000FBB39
0001D381
FFFF8311
00022D2B
FFF2C60B
00015A25
FFF059B4
FFFFFF20
0008406A
FFFD2A98
00025FE6
FFFABB15
00042FB0
00031173
0000807B
0004C594
00104EC2
FFF8589A
FFFBF80E
0004E2E7
0008F073
0007676F
00084F13
0009C733
0010383E
FFFE6607
0006568E
FFFF66E5
FFFD63C0
FFF4C689
FFF64EE4
000898A5
00058795
FFFE8309
FFF98BEE
FFFCA89A
FFFAF30C
FFFB60DA
FFF6B9C6
FFFED56F
FFFA3D65
FFF4FA32
FFF90951
FFEB3AEB
0000571A
FFFDC7A8
0008CAB0
000A67B7
FFFD0742
00015156
000233F9
000AFD82
FFFBC72B
000FE0AD
0001BB82
0005FD84
000693CB
FFF0094B
000B6790
FFF8D6B8
00043EDE
0002CE65
FFFEC7D9
0000F1EF
00038D71
FFECEDE8
0003BA64
FFF244BF
FFEA710B
000682F8
000336C7
00089BE5
FFFB2A09
000AE4F3
FFF7D3F1
000F15D1
FFF997CB
0007EA1F
00103CA7
0010AFB1
FFFCE20F
FFF7822C
000BCC29
FFFA1EEE
FFFCE28B
00129ECF
0011248B
FFF62B35
00009272
FFFA4CAC
0011A723
00098A4E
000F918B
000A53AC
FFF88F6E
FFEFAF22
FFFB694E
0005D191
00063509
0009E992
000ADB85
0007D2C3
FFFC873E
000046BE
0004FE87
FFFF4D70
00133BB4
00040FC8
FFFFA702
FFFFFD6E
00043371
0007A05E
FFFE55F5
FFF98E6A
FFFF6E11
FFFF87B1
00155E94
0001EE21
0002ADC5
FFFD3435
FFFCF1F4
FFF0EAC8
FFFDAE39
000CCEEF
000265D4
FFFCE1B1
000DC17A
00031BD3
FFFE3920
0006FE02
FFF999C2
0005437E
0002FBE0
FFFCB7EC
FFF14226
FFFD59A5
FFF28DDD
FFEEBA13
FFFB20BC
0001B1ED
FFFF4D94
000DE94E
00097662
FFFC2FBC
FFF87330
FFF627F0
0005CFBD
000607B9
0002E856
00096085
000DD5A3
0004FB4F
00015224
FFFFF743
00007D3E
FFFE7C48
00065A52
000EEB87
000C3344
00105B44
FFF3142A
FFFBA4AC
0003ABEB
0008A4D6
000E6613
00037C9E
0001A289
FFFAFC19
FFF718FF
000A762B
001821FB
FFFC5AB9
000DD0CA
FFF74C3C
FFEDAD56
FFFE659A
FFF783D7
00008C6B
0006670B
00034713
FFFAD692
FFF5721F
FFF84E86
FFFBDE76
FFFCAB69
FFF77F6F
00093CD8
00000E21
FFF30387
0008C624
FFFD2055
000A2927
FFF02986
FFFED2A7
FFF7205D
FFF60F77
0000122B
0000F309
FFF78A91
0006A5A0
FFF4F6DE
000297FC
FFF319C3
0007A80E
FFEDAFB5
FFF374BE
00045405
00048869
0006C73C
FFFEA2ED
0006B2A1
000B74EF
0006268B
FFEF7A7A
FFF572FB
000E6C83
000CD3D4
00046494
000B9EE0
FFF56A0B
FFF74FA7
000AC71B
FFFE6686
000548BD
00133015
0004D618
001567F4
FFFB126D
FFFB0450
FFEEBB13
0015A513
000A366F
0006ED48
000751FF
0002450E
FFF7A62E
FFF6FD8B
0004280F
FFF88EE1
FFFBFBD0
000DB5D6
00043536
FFFB6A5F
FFFE6A2B
0004DD1E
FFF5FA03
00063DB7
FFF1F9C3
FFF6315E
FFFFB8C6
FFFBDA60
000692BA
000B6F41
00060CCA
FFF128C3
FFF12839
FFF4D741
0007B087
0001BC95
FFFF8C84
00052358
000C407F
FFF8FC36
FFF7CF56
0000347C
000035FE
001532AA
0001806B
0012462D
000DF95E
FFF68A48
FFFA113B
0006AF15
FFF6C0D2
FFFECE21
000947F5
FFFF3BA1
0002A2D1
FFF7EFAA
0001AEA7
00117ECB
0008D1B9
0006082D
0004D789
FFFF8C79
001C2CFA
FFF4ECD3
000CA7CB
000BBA5E
FFFDC00E
000E42DE
00045063
FFFC3766
000082CC
FFF15EB2
000718AF
000DEB7B
FFF7C9DD
FFFE91A2
FFFCE8B9
FFF1DE60
FFF08581
00063B55
FFFE2C92
0012D47D
0007406E
00084252
FFF5E37C
FFF47874
FFF83927
FFFE5F71
000376FF
0006B028
FFF98957
FFF7305A
000B6049
001181BA
FFEF152B
FFF04496
FFED8A47
FFE906D3
0003F638
FFEF213A
FFEF25EA
FFFBE212
000022D2
FFF91D58
FFF17B42
00066361
0004A767
000CFDA4
FFF59107
FFF8E082
000EE1ED
0003DA80
000C8F58
0001DE74
000BCC8A
FFFD15C8
00027247
0007FB05
0002CF13
00149D4C
000BCAF3
000186D3
FFFA6667
0015E7E1
000846A6
0019F528
00099188
0009E1CC
FFFC9BA4
000649FF
FFF8BD4A
FFFBC7AD
FFFD0E6F
FFF9B47C
0002FACE
0000BA79
FFF9F98A
0005F39F
FFFAC5FF
00036887
00005601
FFFA09A1
000602B0
FFFFA00B
00059A01
FFF969A5
FFF8E023
FFFD2400
0008CF6C
0000C66C
00059E02
FFFE1A85
FFFCB154
FFFEC2D7
00038D6D
FFFB734C
0001AA2B
FFFF3771
0004BC03
FFFD8D5B
FFFF0765
00089B01
00080C71
00042BED
0006CFBA
0000EA8A
0006637F
0005A757
0003E601
FFFFABDA
00005A14
00063F15
0002B9AA
00045457
00008284
FFFE38D1
0003B54C
FFFD2578
FFFA7643
FFFCC806
FFF9B3A4
FFFEF683
000313BD
0001196E
00005CFF
00039377
FFFE2D06
00010575
FFFE0B68
00082C1D
0006D653
00036F80
00059F3E
00027E97
FFFC1A06
FFFECE96
000A79CE
00083429
0004B1D3
FFFEDBCA
0002189D
0007EDB8
FFFDE0BB
000319C1
0000D915
FFFF9B94
000851A2
00089753
FFF90862
00036209
0006DC5F
000152B9
000403A2
FFFE9235
000411B9
FFFC38BB
000640E9
FFFE1723
0000620C
0001F911
FFFD2CDD
0004D494
FFFFA3F8
FFFEF929
FFF9A8C0
0000743D
FFF90434
0001DE4F
00092E6E
FFFF5FA7
0002CEEA
0000E8B5
0006DB92
FFF73DEA
000460AA
0008617A
00037C7E
FFFBBD4A
00073268
00084C96
0007D568
00080087
0001294E
00026708
FFFBBC81
FFFE941B
0005F6F3
00063C89
FFFFA25E
0004DD2C
0000664C
0001F217
FFFC2126
0003FE16
0000FC7B
00039202
FFFCEE11
00006090
0003B9C7
00056533
FFFDC039
FFFBF06A
000161CC
0003801B
FFF8C368
FFFDCFB4
FFFC7C90
0005A63A
000C91CA
00008828
FFFCD5B8
000366F8
FFFE2589
FFFE2116
FFFBE4F0
0001553B
00079C23
FFFE3216
000649C0
00010979
FFFCA10F
0001E841
FFFC38B9
00080BF6
00031288
FFFC19BC
00038010
0004BAC3
000006F3
FFF8B803
FFFB1048
0007BED0
FFFBDCB2
FFF9F84B
FFF6D3DB
000247AB
00050ED6
FFFD0CFF
00086301
0008ABFE
FFFD313A
00038764
FFFCCC2A
FFFED7A1
FFF7B018
000BAB3F
FFFBBE4E
0003D86E
00035AE7
FFFABF1D
0008E9C4
00014874
00092186
0007FD52
0004DEFE
0005B62C
00066174
FFFF6AA5
00008BCE
FFFC04E6
0003418B
00064F92
0002D4B0
FFF7FDDB
000AD533
000339E0
00029BAD
FFFAF435
FFFB611A
FFFABE08
00055EB8
FFFD55B6
000462FA
FFF70BDC
FFFE929A
000119FD
FFFAFBFD
0005AF82
00036553
0005B229
FFFC00CB
00079397
000615EE
0003E196
0001679C
FFFFAC0A
00031BC1
FFFE5E09
0000224D
00070F37
000B1804
0002F971
FFFD523A
FFFEC2F4
00043AD5
FFFBB90B
FFFA41D9
FFFEC579
FFFD2564
FFFC6D52
FFF8C3C4
0001E87C
FFFAB82C
FFF9C7C8
FFFE4A10
FFFCF01B
000543DA
0001A7AF
0008A146
FFFE4BCF
00065C98
FFFB0638
FFF85B93
FFFB7174
FFFA1B81
00005FD3
00092329
0004449F
FFF72C46
0001D974
000399A4
FFFDF28E
00040C45
00018581
00064380
00065DF2
0006295D
0009EAEE
FFFD3784
FFFE5D9F
0006440D
0000B8B9
00034458
FFFF834D
FFFAAD19
0001AB04
0000BC1B
00045BBD
0006A1F4
FFF9F137
000CE1EB
00053D17
0008D584
00033C08
FFFB1FE7
0003F3B0
000223AD
000937E0
0000A0ED
FFFE891F
000968BC
0005CDCE
0009D962
FFFF727E
000526C5
0001C754
FFFABAF2
000532E0
000EE7DE
FFFE7E83
FFFC9B29
0009D151
FFFBF6A3
00126AA6
0001C3FB
00072D9A
000DB3B8
00058963
0005790F
00051727
00049E1E
000A442F
FFFD99CB
0003C28D
0002F5B4
0002F916
FFFF9331
0006AC5C
FFFD6580
00052ECF
00019583
FFF7B2F6
FFFF1B73
0000D653
FFF6E6D2
000088B7
FFFB7B13
00085AF8
0004D77A
0007CD61
0003A90A
FFFFB99E
0004E0D2
FFF9FFB3
00046779
FFFC2FDC
FFF78832
FFFC9244
FFFF7B40
FFFCC1C3
FFFBC87E
FFF6CDC3
0000EB79
FFFE1440
FFFFD5D5
FFFDDE1C
FFFF9B7F
00011484
FFF6989D
FFFD8589
00008C16
0008905E
0008296B
0006A8F5
FFFDC05A
00013B96
0004B03B
FFFC0F9E
FFFF03CA
0003D2A7
0002317A
0005E43A
00010C20
0004B1FA
FFFD9538
0001F3FD
0008A045
FFFE2B25
FFFE2C00
00070363
00001468
FFF8573C
FFFD38A7
00011E33
0001BDE3
0001CB7B
00095F57
0002AF70
0007DC70
FFFFE069
FFFF686B
FFF9DDB9
000383C7
FFFEA357
0007A45D
000219D3
FFFC15E3
FFFCF21D
FFFE9280
000A69DE
FFFC0668
00034095
0002F01A
00013431
0006639A
0004D222
0001211B
0001851C
00017EED
00004EF6
FFF7C8E4
00024F52
000062F5
FFFE254D
000359E2
FFFD6CBA
0005116B
000492BD
0003600E
000A1A3E
00098703
FFFDCC86
0006A435
0002656A
FFFC88C6
0002AA9F
00014E9D
FFFC2C06
FFFC359B
00012689
FFFE669F
00034738
0004D028
FFFAF843
000BA60D
FFF83936
00021445
0009D87E
000138D8
000333F7
0006DEA5
00030470
0002386F
00001FAB
FFFD4156
00032F0D
00049A87
000858E4
FFFBA839
FFFF4A56
0009D354
FFFCA89C
FFF8CEB7
FFFD78AD
0004F880
00039595
0001588D
FFF98996
FFFF38DD
00062A72
FFFEAADF
FFFBD4D6
00046286
0003C035
00029958
FFFC1085
00021AB2
00022FE9
0004B989
00005730
0003B095
00071950
00021727
000EEA25
000E4399
FFFB27CB
000172A4
0003736C
FFFF7601
FFFBEAD2
00007F41
0007268B
FFFC7012
FFF7EF86
FFFDCF05
00015455
FFF9820E
FFFE2D43
FFFDD648
FFFBC099
FFFC42ED
FFF88EE4
000170F6
00098DEA
FFFDCC67
FFFB2B16
00028974
000976A8
00027DAD
00041B0A
000E32B5
0007A21E
0000C8F5
000087FF
0007FCDA
FFFF8F75
000714D1
FFFF3EF1
FFFBED44
00034C82
000940D3
FFF846E9
FFFFF17E
000B70DF
000112CC
0006102D
FFF87EAB
00002A42
000DBE7F
0008ADBE
FFFA02A4
FFFDA294
00015B87
FFFB52D9
0000F296
00086C36
0001C504
00069ADD
00007E43
FFFFA848
000358A9
00017EC0
FFFDADED
0005EC67
00099738
FFFD24F8
FFFCAD3D
0006E108
00013C93
0004AFD2
FFFF467C
FFFC3F44
00072B19
00073F4A
000B0EF8
000A1E77
0003DE8F
00038122
0003607F
00029370
0002F607
FFFEA74F
00024B4D
00049641
FFF71E75
FFF9574E
0007B173
FFFDF697
00080805
FFFE6F30
FFFDCBE1
FFFC5DCE
FFF92300
0004D4A4
FFFEA81F
00009D91
00041028
FFFF9D05
0000163C
0006A6D1
0008561B
0003C7AD
0006A94D
FFF9FE4F
0001CB42
FFFD717C
00031082
00063D5F
00077273
000319B7
00079427
0005A280
0005E9CE
000369AC
0004EA87
0005A47A
0008EEC8
0005C0E2
FFFDED4E
FFFB0B54
00047231
FFFD7468
FFFA6950
0002E0EA
FFFCE6DB
00006570
000A83EF
FFF628FF
0002E1BA
00062962
FFFABD8F
00026BA0
00038625
FFF3B5EC
00051F08
00012746
00024A82
FFF7B6E2
FFFE2721
FFFCDA81
FFFDE249
FFFFDF38
0005DE31
00014686
000360E5
0003A007
00053EDE
0006AD1D
FFFD4A81
00065EBC
000056DF
FFF7B718
FFFB384E
000770C9
FFFC917B
000376E4
000D4FDE
FFFE30DE
FFFD3217
FFFE0B45
00043876
FFFE5495
FFFBFC20
FFFAC203
00024333
0007972A
FFF9F18E
0004785E
0008932E
00050514
000613E3
000B8B85
FFFE5B49
00047733
FFF9A592
FFFD1339
00052E04
FFFFEE62
00041659
00018B6C
0007C85A
FFFBD7DB
00056719
00053E04
00009C31
FFFF01B9
0001D20A
FFFE5AF0
FFFED529
00037B96
000217DF
FFFE6A5F
00094625
0005D5E9
000C34CB
FFFCBB52
FFFB17DE
FFF903F4
000B2460
0007DD4D
0001289A
FFFC296B
0001F839
0009BA52
FFFE3DF8
FFFF19FC
FFFCBEF7
0004CA2F
FFFBCFB6
00060EDB
000458C1
FFFD0E76
0003D2CC
0009BD39
00069945
FFFECAF2
0003B34D
0001C68F
FFFDCB4A
00058188
0002B1CC
FFFADAA0
FFFEF9C7
0007D928
FFFC40A1
000488A1
0002292A
FFFA5538
00039A42
FFF8F8D9
00041991
0007F9E5
0002B894
FFFE6A19
000A7A45
FFFDDD1B
FFFE5EBA
00009089
00049A3C
000B75A0
000E0D50
0001199B
FFFDC079
000B74F8
00088B4C
0002786F
00007298
0000B1FD
00042090
0000E69A
FFFB7462
FFF9851C
FFFFA67A
0004A110
00014EFC
FFFBF9ED
000200EE
00072D97
FFFE1A9D
0007B660
00080D29
00036FC9
FFFE6A73
00052441
0005113D
FFFE5A6E
FFFEC24B
FFFC478A
0006E7E4
FFFEF968
0008767A
FFFCB9C9
FFFDB47D
0007EAB5
FFFCBBFD
000065F4
FFFB31C3
FFF669D3
00095FE3
FFFCE488
FFFDF2E4
FFFE49DF
0004550C
FFFBE2D3
0006898F
00027FB5
FFFF7B7E
FFFAD5C5
0004E5DF
00001FBD
000633DA
000A918D
FFF99BAD
00075556
000BA7D5
0007E91B
FFFF4529
000B5209
00022A80
0000C4B4
0002CD33
FFFA2438
00000CBB
0005CC84
FFFC3AE0
00037290
00009DB3
FFF938E9
000749A7
FFFD785B
0001DE92
00011BB0
FFF8C7ED
FFF5984A
000425BE
FFF8B858
00081BD9
FFFDF032
0005C180
FFFAAFA4
0001D0CE
FFFC9239
00080070
FFFF7A70
000847C0
FFF45919
FFF7A565
000CD9C4
00015812
0001F27F
0007AABF
000B9403
FFFB354D
0004FE99
FFFAE83C
00014177
00066A06
00037F27
0009D9ED
FFFF03A1
0007DC60
0001B45E
FFFF71C4
FFFF0ECA
0006D67A
000D7905
00004432
00035ECA
FFFECB90
000AD2FB
000C76A2
000506D2
00010F4A
00098942
FFFD4B0F
000231A7
FFFA7D31
FFFFC777
FFFB2096
000054A7
FFFCD114
0009B1E0
0000DBE3
FFF6F3E7
FFFB2260
FFFEF581
FFFA8457
00036E0E
00064D4B
00089B77
FFFA868D
000FCBD8
FFFD9EFF
FFF719D5
000F190E
00082B68
FFF934B7
00041007
FFF76A7B
FFF8F17C
FFFB3227
0002FEF7
00028774
0001ACFE
FFFAB1D8
FFFF9A85
00031B5A
000847C9
000AF849
FFFE8302
00076239
00049D02
FFF341C0
FFF98069
00031444
FFF7C211
0007B33A
FFFD116D
FFF89BAF
000179C7
FFEFA440
0000736F
FFFDAD79
FFFC4368
FFFE4AE7
0007EE14
000283FF
FFFAB2E1
00033429
00098784
0006D887
FFFE55CA
00050C07
0006E45F
FFF79FC4
000CBE61
0003BF00
00001DAB
0005F7FB
FFFD5187
00038D62
FFF2C410
FFF4DE7D
00038D9B
FFFF81F5
000CBC3E
FFFCC3E6
0006F036
00019B29
FFFB0496
0004F024
000249E1
00088D1C
FFFFB6F9
000D346E
FFFFA2BE
FFFBC93E
0008EACF
0003F376
FFFCE035
FFF74E55
0001C30A
FFFEDB6D
000291CD
000B737F
00048EE4
00069CBB
00060FFC
000186EA
000C09AE
FFFE67C5
FFF77ADB
FFFF5528
0009C3EE
0009E5E9
0005AB76
00052105
FFFBA4CD
00062F98
0000105E
0002C5A6
0005C21D
FFFF182A
0004E3D0
00066645
FFFA8318
00004368
00087F51
FFFFC762
000A9E9A
FFFDC885
00096A36
000185DD
FFFC2453
000113A9
000E0CFC
FFFF8B53
00076658
000A2DCB
000C4E03
FFFF4A76
0004120E
FFFCD27A
FFFD97A4
FFFE0BDF
FFFAA8C0
FFFF642C
0002F7FD
FFFF5F9C
FFFB2A8F
000AD2DC
00052EF0
00045FC7
FFFFF705
FFF8ACC5
FFFEC0CD
000C22F0
FFFA3E8F
FFF41176
0008FE2C
000A2FE1
0003F2A3
FFFB1659
FFFE491C
0007DA95
FFFB84EA
FFFD43C4
000A8130
0000D563
0000C7DB
FFFC7BEB
00034333
FFFD0C20
000A50AF
0005701E
00098950
000B9263
00065F2B
FFFBAE3D
0002B005
FFF94275
FFFE049A
00079BEE
FFFF1755
000046F6
FFFD2B38
FFFA3F42
000C7DE5
00091123
0007A574
0000F456
0001A692
0003467F
000234A6
0009A79C
FFFCD8FA
00059FB2
0004202E
00033F0C
FFF8BF9C
FFFE2395
00090A6E
FFF87F75
FFFC3CA2
000E170D
FFFD75AF
FFF635C8
00050D3C
FFFD159F
FFFD06F5
FFFA8E5E
000A66CF
000F0658
FFFEF4D8
00082C7B
000A1B71
FFF9961F
00077E1C
000944F6
0008B57F
000257C3
FFFDF4B5
FFF3175C
0004234E
00084DB0
0001FD36
0008DB5C
0000E5EB
000017B3
0009F482
00032D24
FFFB70FA
FFF28A7D
000313BE
0000DF1B
FFF2D7FB
FFFEFEFF
FFFD443B
FFFDB3EE
FFFDD8F7
FFF8EB23
000A1A1C
FFFB24A9
FFFEC600
00016FE0
FFF903D3
00007A08
FFF4343E
00005241
0003B368
FFF8F7C7
00014529
00091DF4
FFFEE6BD
0005AE30
00008723
000509FF
FFFEBA12
FFFEF034
00027EFC
000768C1
FFFEE9A4
FFFC2BE1
0003099E
0009BD93
000C325C
FFFAF337
FFFB25AE
000C6656
FFFFAAD8
0007B21C
FFFDAAAD
000731F0
000F67B8
00065D37
FFFF66A6
FFF9C269
000622C1
0008C6E8
FFFC8313
0000EC78
0001FF96
00008890
FFFD2D3D
0001E8FB
000A7AD9
000D85F8
FFF9D0A2
FFFD2488
0010950F
FFFBFE45
FFF96B8D
FFFEDF6C
FFFE5BE6
00094A73
0004E630
000484EE
0002C956
000BEEC7
000A1F8A
0000D1E3
FFFFDDCD
0009FBE2
FFFF05C1
00089578
0001D6F3
0001B4F9
000974A1
000ECC13
00084BE7
FFFA07D7
0000E85B
00008AFB
000A6377
FFFF4304
0001823D
00083E80
000A4306
FFFFB0F8
FFFC3AF9
FFFBDFA4
000EBB2E
000316F9
000372CD
FFFF4B7D
0008E8C6
00024942
00091F90
0000CA21
FFFAC0F7
FFF6B345
0002247B
000130F5
FFFD14C4
FFF8218F
FFF6EDCA
FFF768D1
0009F03B
FFFE8D5C
FFFA76BB
0002FA42
00034CB6
00020BEE
000032B5
00083CCF
FFF6DBCE
FFFCC68D
FFFB36AB
FFFD3302
FFFFCA5A
FFF6FC0B
0008A22F
00047F78
FFFFA1D5
0006F8CE
FFF5ECF4
FFFD20C0
0001BA28
000CEC2E
000CA64F
FFF55AAA
00091987
FFF3EB0C
FFF9E1B6
FFF79871
FFF83D85
00012BE0
FFFFA71A
FFFA017A
000461C7
00021ABF
000A936D
000A0005
00040430
0002616E
FFFE251F
0003E0ED
FFFBD040
FFFF8D77
0000FB37
0001CCD0
FFFA5F12
00095515
FFF02038
00028152
000A4DDC
FFFC5283
FFF8B6B9
00078B44
FFFD9F38
0000A49B
0003080C
000757DF
FFFA1BCB
FFF8EFF1
FFF9CD78
FFFC826C
FFFEF150
0006A9CD
00048760
000B197A
000C7D48
FFFF852E
0004C5F8
FFFEF5CE
FFFEAC1E
FFFD2CE6
00050C4B
FFFECECD
000089AD
00046539
0001317F
FFFB0BB7
FFFF9D98
0004909A
FFFF12E5
000572D3
FFF72322
FFFCA631
FFF8C84C
000A3E2F
000976B2
00050042
00084C7F
00079F7B
0004A64C
FFFCE025
00016C49
FFFE3276
00042990
0003ADE1
FFFC5F0C
FFFA8709
0006397C
FFF6BA08
0007EFEB
000AC9FE
FFFCEC12
0001497A
00088695
FFFF8F31
FFF9196C
0008B5CB
FFFCACB3
00040044
000387A2
0008E262
FFFD518D
0009049A
0007054B
FFFA509E
FFFE8CD9
FFFCA6C0
FFFB68FE
FFF523EB
FFF94583
000A8B0F
FFFEC49A
FFF954D3
000596AA
0008191D
FFFBD05A
FFFB9CDD
FFF97916
FFFF8CA7
0004BDA7
0004E6D8
0007CF5A
00053F42
000E49AC
00012B28
FFFA31F4
FFF7B28C
FFFCF009
FFF906E3
0008DEE5
FFF931B4
000A1B88
000618C5
0003CC0B
FFFC54B4
000874F3
FFFEF996
FFFFA10F
0000F0C0
0004C0EE
FFFFF9E5
0004F0FC
FFFE2305
FFFFA5CC
00088A70
FFFA2ADC
FFFD9737
00051310
00018D66
00055032
00012A4F
00064B4F
0005D029
000636D8
FFFAD2FB
FFFF63CE
00008E94
FFFBA18D
FFFD93BE
00060A3C
FFFF5AE9
0002E6D3
0001EE47
FFF9ABBD
FFFD788E
00065946
FFF6D53B
00030A93
FFFA2617
FFF53900
FFFD43F5
FFFD45B1
FFF43929
FFF2B565
FFF63E58
FFF8BB44
FFF585B9
FFF70C84
FFFA6909
FFF4F763
0005E635
FFF54FBA
FFFFBD93
000735B1
00004905
00034183
FFFF95BD
0006C8BA
00083A54
000863B5
00070C14
000DA50C
000C24B4
000111FE
00034D60
FFFFBF68
000FC010
0005DC34
FFFE267F
00098896
0010AAA3
FFFA6CD4
00082D36
000D9B48
00006A4A
FFFF509D
FFF9ED4E
0004202E
FFF8A890
00014309
00059956
00055A33
0002770C
FFFD5137
000AB111
00067545
00079192
000CF758
000B1C00
FFFF100A
FFFE07F4
FFF7B565
FFFFF75C
00087508
000645D8
000279D1
FFF5F531
FFFEFCB5
FFFF9C41
00063220
000713B9
0005BC82
0001C69B
FFFCFE12
000C67DA
00092823
FFFCAE2D
FFF95535
FFFB4636
FFFF5B8B
FFFEC3EE
FFFEE8CC
FFF47F69
FFF5DC37
FFF5EAA6
0002A0C3
FFF29FCD
FFEDBC60
FFF7B6DB
FFEFF0B8
00043BED
0008286F
FFFB59C8
0004D421
FFFA47D8
FFFF5367
000888E7
0002D735
FFFC8DE4
0002A777
0009FA12
000AC69E
000E69E0
00097539
FFFEF924
000344ED
000D0BC2
FFFE1993
FFFBC4C5
000443DD
0002F9B4
FFF744EC
FFF7B6D6
0008C8E9
FFF82096
FFF44ECB
00017348
0006F52E
000845DD
FFFF950B
FFF3FC42
FFFD87C1
FFFEF123
FFFDF92D
FFFEC5A0
0006E5F9
FFF9C5D0
000413DD
FFF83506
FFFE2A08
FFF345AB
0008C700
0004D704
00044248
FFF9DA5F
FFF9F768
FFFF48D9
00062C85
FFFC3A16
00029677
00031FEA
00071E02
FFFAF216
000DA33B
FFFB8EF2
00085631
00059A07
00080326
000337E9
FFF7C63D
0006AC4A
00075DA4
FFFC8EFE
FFFD2768
000820B2
00089708
FFFAD70C
000362DD
00003E53
FFF527C0
FFFCAEE9
FFF2E4EE
0003DDA3
FFF8FD4A
FFF89B07
00004154
000BE3E0
0007FB5C
000C869D
00096C38
FFFF630A
00007A6B
FFF51A32
000A5544
000485D0
FFFB81E8
000430AE
FFF723EF
FFF6E18A
FFFD3B13
FFFF6194
0005A6A7
00091FB5
FFFBCA69
0005F3AB
FFFA4867
00031A53
00063BAF
0001C984
0004DCF3
00088557
001192E1
00094097
000491FF
FFFB2596
FFFBB3B9
FFFD818C
FFF9292B
FFFAA2EC
FFFC7CE3
00090CCE
FFFE3992
FFFBBFAF
0001C70D
0000F04C
0006BAE9
0002C17D
000B107E
0006161E
FFFE22EC
00020048
FFF58580
FFFE9F3E
000AE936
00077D91
FFFFBF2C
FFFF488A
0006B203
FFFCE956
FFFD1F9D
0004C21E
000B5983
FFFC6026
000A50E4
FFFE2BAA
0002CC9C
000B1DBC
000C6E1C
00091226
000AC03F
000CEBD7
FFFC46EB
000523CC
FFFF8484
0003F6ED
FFF139F1
00041A7E
FFFB84D0
FFF0D45A
FFFECC5B
FFF57807
FFFE5C47
FFFF99DA
000B82BD
000605C3
0009609B
0001BB66
FFF63AF6
0009A4B4
FFF89AF5
0001977E
FFFBD8CF
FFF825D0
FFFF9A8A
000B4347
00026D11
FFFE73EB
00063C49
FFFE8C43
0002C21E
000B44E8
FFFF8D48
00056066
0009CE70
FFFDECBC
00029858
00099DE8
00054055
FFF9CC74
0008B58B
00047305
00106117
0008580A
000E00DC
0007D0AD
FFFE7F31
FFFC1B33
000968D5
00071C9B
0000BA63
00005FE3
FFFA04EF
FFFB0EFA
00033690
FFFEA2FE
0008AC6D
0001ADE6
FFFB95D6
FFFA503F
FFF9020F
FFFB6AEF
FFF6C4CD
FFFEC01C
FFFB63C1
00023C48
00024A9D
0003F1C1
FFF15F96
0007AED3
00054831
FFF90B3F
00035989
0002C93E
FFFB024C
000996E2
0001D486
000659E8
00001915
000BD807
000C89C5
0009A6F0
000E3212
FFFFA136
00071EF3
0007CFA9
FFFD0E62
000B2C37
FFF9E8C0
0001CCA0
0007AD61
FFFC009B
FFFF2B6F
FFFD0DC1
0006B085
FFF24DDE
00027945
0006D8E4
FFF61664
FFFF2ADA
FFF92628
FFF9A4AF
00005DA6
FFFDC087
00055994
0002A983
0008A80B
0008D178
00018AB5
00044A34
0001E611
00043766
0005B59A
000C38D4
00008CC5
0000AC62
000D5032
000286AA
000351F5
000BC20A
000F91DC
FFFD476D
000A3712
00092A7F
00021325
0008031B
00080A38
FFFCE8B5
00053C94
0000B885
00003EC7
FFF8C63F
000341D7
000245A8
FFFBF2EE
0001684D
FFFA38AA
00044945
FFF95D7C
FFF9771E
0003DE16
FFFE358D
00004CA1
0006048A
FFFEBC14
FFF83C92
FFFB33D3
00057143
0000BE71
FFFE8177
0007CAE4
FFF891B3
0004A495
000918CC
000896D3
0009DA3A
000A4580
000BAED6
0007B42E
000740AA
FFFC78BB
FFFA3ABB
0007D43B
000A108F
FFF9E621
00101A51
000D0913
FFF490D2
FFF80FE1
FFF7E685
0004500B
FFFF45A0
FFFA6DF0
FFF456A8
FFF89D06
FFFB427A
FFFFD962
00062AB8
0001C193
000C2791
FFFCDD22
00084ADF
000816BB
FFFA4845
FFF9E175
000937C6
000AAA6E
00079E4F
00084649
0005F800
0008306D
000A207B
00098AD2
000153AE
FFFFBA82
000884B1
00044A11
0002A3FF
FFF5747E
0007D6A7
0002F6F2
00081C1C
0004900D
FFF7510E
000156CE
FFF8EDC5
FFFCC0E1
00086F5F
FFF58AA5
00067B18
FFF6262C
FFFDBF1D
000C40D6
FFFD856B
00011C75
000B0DE8
001551FF
FFFF684F
FFFA0724
FFFCAE9C
FFFB3A07
0009F419
0005842F
0005C04D
00040A7A
00084738
0006C5FA
000E392F
FFFCDDF6
000D8767
0000A8EC
FFF9432C
FFF6048B
FFFCD6A4
FFF66157
00045D6A
00044949
000687AB
000278A5
FFF304A0
FFFABBA5
FFF4C48C
000680A4
FFFE83D8
00054BE6
0004B83C
FFFEAC01
FFF4532F
FFF5D2BB
FFF54037
FFFDE254
FFFC07CE
00069F57
00055672
FFF5E0F9
FFF13076
00090476
00042979
00083B71
FFF70C01
000805D2
FFF4155D
FFF8D418
FFFC84AF
000AED76
FFF62711
000BC76C
00009BE6
FFFBE4CE
000300AA
FFF945CE
000755B7
FFFA988B
FFFE6364
FFFD86E2
0001361D
0006B59C
000B8805
000D2990
FFF9B092
FFF7F85C
FFFE5A8C
FFFFE45F
FFF00EA0
000C0870
000980DB
00074013
00013F65
FFFC1364
FFF3989E
FFFBFE4E
000AE4C8
000D9C8A
FFF695D4
FFFE2CD6
000837B7
FFFDA110
FFF49831
00097258
0006AC16
FFFD618F
00015AB6
FFFFA2BC
FFFDD600
00028F04
000382DD
0007ABB8
0000CB8B
FFFDF47D
FFFC71FD
0006BB8C
FFFBEC2C
0002518B
FFFF351F
000934E5
FFFCFA8A
FFFDA825
FFF71F83
FFEFAFA1
FFFB02B8
FFFBE3EB
0004DE52
0000A18C
00069753
FFF1A0A0
000BC9CD
000868AB
FFFCA505
0003F8E0
FFFC29A0
FFFBF554
FFFBD116
0010F565
0005A029
0002CF10
00093ABE
0006EC22
00087BF7
FFFE6E79
FFFA5EAF
00040F18
FFFC9912
FFFA8DD3
000829E0
000A0CAA
000B8010
000A5997
0001CA99
FFFC870C
00078DE1
FFF761AC
FFF43ED6
00091541
FFF2456D
FFFC3DC5
00013870
FFFA583B
FFF8D928
FFE5AC33
FFF63DA9
FFF7CDD1
FFFEB62C
0007C737
000664B2
FFFF5CD9
000A2331
0008994A
0006D4D4
00037C64
0006D084
000B9C10
00099CD8
FFF9A7DA
000AF3BC
FFF276D7
00027665
FFFDB0A0
000A5E40
FFFEB0E9
FFFEBB61
000D3130
00073930
000FB521
00069B45
0010A1DC
0009DC7E
0002B71F
00049FDB
0013072D
000ECE65
0011EC1E
000C1AB9
FFFDC15B
FFFA49CB
FFF1123C
000B4573
FFF0030C
FFFC1EB2
FFFF60B3
00028865
00004B1B
FFF15034
FFFA93D5
FFEE7E1F
FFFCDD07
0008A133
FFFF1A97
FFF83307
FFF17339
0005D9E0
FFF7D8C3
FFF199DB
FFF41956
FFFE316A
FFFC263F
000411D4
FFF92620
0004D6C1
FFFCE750
FFFBB0AB
0005A665
FFFEBCE0
0004E40C
0011DB58
0004B9BF
00135D64
0014AFA9
0001AB45
0006F6CE
FFF91CF8
FFFDA7B1
FFF93F28
FFF87B3C
FFF4195F
FFFA3C98
000A0FC2
FFF3A5DE
FFF70B59
FFEA271A
FFF179F2
FFEFCA76
FFE8BB3A
0002CBB0
FFFFE7FD
FFF58C56
FFF948E4
FFF33300
FFF5BA14
0002ADA9
00021DFC
000BBBEC
FFF8E46F
FFF911F1
FFFB5D54
000A5F31
FFF7C3CD
FFFCAF07
FFF97FD0
FFFE6B16
00049EF2
00071EAF
000CEB80
000008C5
00021789
000B6BCA
0003B406
0006BECE
FFF8195C
000206EC
FFF4E7BA
000615A9
000849D1
000463D0
0009C583
0005BD7D
0009C969
001330AB
000F7CFE
00051663
000D9D3F
0001E71C
0009D3ED
FFF8F440
FFFDA893
0008FEB3
00017F01
000F6B63
0007D5A0
00096CB4
000878C5
00153DF9
00065D04
FFFE6C9C
00042C77
0003C8F5
00005703
000B7628
0011A075
000926E4
00098C82
FFF82809
FFF78A72
FFF88A33
FFF190BA
FFFD53BE
FFF7875E
0004FAED
FFFF3ACA
FFFCE573
0000BCFD
FFF7E100
00015BD7
FFFA2ED2
0008A1EB
001179FC
FFF343B7
FFFE4593
FFF1011C
000984F9
000C4F96
000AE47E
0000C6C6
FFFEEDF0
001078AA
000AF366
FFF87996
FFFC3C21
FFF6EAD5
0004C4ED
FFF3BC1C
FFF3D679
0003B4F1
FFFE9C97
000C143E
0001522A
FFF15C11
FFFA6E50
0002AE21
FFF86AC1
000250B9
0009C080
FFFCCEB8
00057F5A
00101991
000F1252
FFF7EECF
FFFCD453
00036C96
000B721F
000E76DE
FFFA7280
00032654
0009E2F0
FFFC39A3
FFFDEEC0
FFF8CE4C
FFF417A1
FFFFB0AB
0007F784
FFEE2DB4
000C10E7
000ED94A
00088DA0
FFF8AFB9
FFFD20FB
FFF45D45
000B6F7C
FFFE6689
0005AF91
000B567B
FFFD04DF
00099D26
0000FAC8
FFF2DCFB
FFF0E66B
FFF34726
FFFA9AFA
0001F911
FFFEC303
FFFD072A
FFF85B06
FFF909F7
0004AA41
FFFA05AA
FFF149EA
000C41E2
FFF21CBC
FFF99C04
000FDC86
0008F40B
FFFC0E05
0002EC48
FFFF14FA
FFFDA358
0007B0F3
00024223
0000F14B
FFFFC386
FFFE40AB
00036432
FFFFB00F
FFFBDE98
0005D6C9
FFFCB9CB
0004606F
FFF6FDAF
FFF9F608
FFF85C4E
FFFF1933
FFFCAC63
FFEFEE7A
FFFC0290
FFEFC80A
FFEE2CD2
00030790
FFFC3FFF
FFFBC8D8
000B024D
00136422
0001D23E
FFFB959B
FFF9D9CD
FFFAEC62
FFFFCDE8
001248E8
000FB02F
00026D0E
00049550
00041D17
0018383D
FFFD78AF
000579CC
000E96B2
000CF51A
FFFD8A06
000B4D7F
000CE71B
FFF5ED79
000353F0
0003770F
FFFBDAE6
FFFC93BE
FFFB7EDE
FFF6D360
00095058
FFF83AD0
0012E516
FFFB0F68
000B210D
FFFCDC60
FFFDEFB5
0009DE6D
0002E97C
FFF53D79
FFFF41E1
FFF9DA71
FFFA20E9
000B4348
FFF7B071
FFFB3508
FFFEFF35
00022B13
0005D431
FFF33158
FFF91521
FFF8A3BB
FFF6DEBB
000321DB
FFFF20E3
FFEEEEE1
FFFDDBD6
0002E42C
FFF3C4AD
0002306E
0003A910
FFFD236E
FFFDBC69
000554B0
000513B3
FFF3BD19
000403E0
000260F9
00058BEA
000805E0
FFFFD0CF
FFFCEE3F
FFF86843
FFF3FB6D
FFF8C544
0009F959
0001BC79
FFFF3A6F
FFFAC9B9
FFFD7314
0004611B
00106CAE
FFFCFE69
00062FAA
FFFD2F15
FFFD61E4
0002517F
00005014
000D56ED
0002F1A6
000222DC
0009FF59
FFFF421B
FFEC68FF
FFEE2B57
FFFA5244
FFF16102
0002BE7C
FFFDC4EC
FFF5D5AC
FFED8BE9
FFFBD8AD
FFF7C195
00014D76
FFF7D447
FFFD5649
FFFC9BFA
000B5CF6
FFFE1CDD
000257CF
000F5865
FFF908F5
FFF3EAC4
FFF439D3
FFFEEA99
000784E8
0004908E
FFF49501
FFF36B66
0004916D
FFFD2B44
00026FD3
0005A48A
0008D3E0
0006B75D
FFFCD62C
0000B9BD
000B9652
00086AEF
FFFEFCFB
0001658D
FFFC5559
FFF6E858
FFF91085
FFF30AD9
FFF631A1
00049906
FFFD8777
FFFA95FA
FFF3F8BA
0002A356
FFFFEC35
FFFA41ED
FFF4C677
000739CD
000B95A6
00027393
FFFFF482
FFF9BC9B
FFF6EC32
000BD936
001117E9
000F7C49
000B29C2
000B9666
0002D04A
0004C231
FFFF7DF9
0001973C
00004758
000B3080
0002F2BF
00070B3A
FFF28288
FFFB88CE
0003C4AE
00016744
FFF85DB5
00079B55
FFFDC829
FFF6663F
00029CF3
FFFC04C6
0005A33B
FFFA2A13
00033666
FFFBF450
FFF97708
FFF71453
FFF627F6
FFF1CCAF
00033EB9
FFF98DC2
00090AA3
000B439A
00050528
FFFC6146
000438FE
000E81E6
FFF9C45A
0001B28C
00068BAA
000E8420
0007E662
001100BE
00007368
000D131D
FFFAD797
000435D4
000C2FD5
000614E5
FFFCE506
FFFC0D24
000F1B33
00052C09
FFF0FB1F
00095570
FFFEAFB7
FFFE9230
000C4A39
FFF42199
0000EAFC
FFFFCAEB
FFFAD7A2
0000C35B
FFFB9E6E
FFF095D0
FFF911D5
FFED5956
0003C2E4
FFF56DC9
FFFE97D9
0000737E
FFFA6CF3
FFF5B39C
0001760B
000EA2C1
FFF912E8
FFFDFFF9
FFFBC0A2
FFF7AA27
FFFECFCC
FFFC2909
0000D834
FFFC53F6
FFFCD58D
000F1D28
000040B7
0005833E
FFF8E63A
000B4868
FFF272BC
0003F417
0006879D
000372A7
0011C6A2
0005532B
FFE531C8
FFF325E3
FFFF12E5
FFEABE2E
FFFBBEE6
FFF701C2
FFF49F30
FFF20C80
FFF725EF
0000B2FB
FFF59C6D
000B18A3
000A2BA8
FFFDD3B9
FFF57535
FFF94A91
FFF236B6
FFFB964E
00081265
FFF87796
FFF7A4E7
FFEF2BAC
00023B7A
FFFD71EC
FFFADD2D
000B8D01
FFFFAEEA
FFF1FCC2
FFF35F96
FFF30C77
FFF3DC7A
FFF7B40C
FFF32502
FFF85E42
FFFCFAFE
FFFAA42C
FFFC4C01
000865F4
00012C77
FFF52C3E
00040C16
00063FE9
00115DEC
00039782
FFFF03A1
FFF1E469
FFF0BE49
FFF3A05D
000A1F03
FFF848C9
00114008
0008F810
0003508B
FFFDCCBC
FFF95BB0
FFFAAB05
0007A07B
00089861
FFFF7D3D
FFF37851
0003DDFF
0004E0E9
FFFD3E44
FFFFEDDB
FFFE756F
0001979D
000543B5
0005049E
FFF64DD8
FFFC0452
FFFB301F
FFF6EAF1
0004F330
FFF84A8B
FFF2817E
0011BB41
0008873B
FFFF3E33
FFFA8B3C
FFFBE27E
FFFA2FA8
0001A43C
FFFD56CE
FFF8D6FE
0007A238
FFF535A4
FFF183A1
00104B47
FFFCE526
FFFC849C
0000CF9B
00082441
FFFDDB5E
FFF6747D
FFFD0CC5
FFF8DBD6
FFF6B0C2
FFFD1C80
0001C328
FFFCE33A
FFF143D7
FFF3B0D8
FFF04415
FFFCDE24
FFFCD9AA
FFFDB50B
00027750
FFF13F05
0009F7C3
000145D2
FFEEE10E
00017D25
FFF7A6AC
FFF28844
FFFBF5F8
FFFB7105
FFFEBD40
FFFCA73A
FFFD9CBE
00029916
000328E1
FFF9B5E1
00028F47
FFF7627C
FFF3337C
00045224
00056241
0004E0B1
FFF39E47
000DB159
000E9259
FFFCE3F0
00046B9A
0002991D
FFF794D3
FFF8A30B
0001EC26
0001E024
0004576B
0002AB9F
FFF2FAEC
FFFE2140
FFF8AA8F
00072BEB
FFF21F36
00062850
FFF1BEDF
FFF6AA8A
00081375
0002E503
00013C84
FFF9AC64
FFFB2C58
FFF91D28
FFFFCB11
000A34D9
0004B100
FFFFF997
FFF689AE
0006B4E1
FFF4CB26
0008C975
FFEE69CB
FFF9E287
FFFBA6E1
0008DF30
FFFCDF7B
0002F3FA
FFFA0367
FFFCAB64
FFF2F0AD
FFFDE31D
FFF96E23
FFFC3CBE
FFFF8870
000DA13B
000064F9
FFFA5899
FFFF932B
000E87E9
00092802
0008F56E
FFF94B46
000329E5
FFFA1103
0003E86B
FFFE9DB0
000B9822
FFFDC888
00071CE2
FFF391EA
000E8346
000861C9
FFEFCD92
FFF7616A
FFF82AAF
FFFC7247
FFFEE7D9
FFF614D5
000453EA
FFFDFDCA
000084D1
00069E96
FFFEE2D9
0002A25C
FFF93570
FFFBF590
FFFC38B3
FFF9CFBB
0003B013
FFF66D3D
FFF6478E
0003FF69
FFF2562F
FFFFDED0
FFF48F24
FFEDF484
FFF5BC2C
FFEE5576
FFFEC0D6
FFF65BEE
FFFD7AC2
000757F4
0003C8F6
FFEEDB76
FFFCB604
FFF73FCC
FFFBE338
FFEE0E49
FFEE5DF5
FFFF0AB2
FFFB996C
FFEDC112
0005F8AB
0004E97C
00057438
000184D9
0003EB95
0006A2BC
00040A56
FFF00F2A
FFED2472
FFFD35A3
FFFED18C
000215D8
FFFD96D2
000138F3
FFFBF88F
00052DBF
000364A2
FFFCA128
FFF951AE
000555F4
0004853C
FFEEF0F2
FFFA39D8
FFFF4342
0000170C
0005B635
00023902
FFF7F872
00069838
00053411
FFFDAB31
000846AA
000C4120
FFF5D65F
FFF22678
FFFB82BC
00058FF7
0003A8DE
FFFE2122
FFF4568F
FFF0B64E
0006D285
00050CAC
00089C50
00059F2F
FFFDAFD3
000B4FB9
00020C9B
FFFF5054
FFFAE6C5
0001288B
0005BC92
00089970
000F75D7
FFF8F735
00075E5F
00066B38
000E131C
00023F3D
FFFC5118
FFFB410B
000AD4D3
000CCB7B
FFF369E2
FFF011C7
00030BEF
FFFC329E
00039FD2
FFF9A78C
0003EABB
FFFD413C
FFF69BB7
000CF3EA
0005A9DD
000937E5
000CEBEF
FFFDB86B
00091370
000A5B0E
0011E2C8
FFFE1E71
0002E03A
FFF2E6E2
0001BC29
FFFD2A18
FFFBBEDD
FFFAD2BF
FFFB2225
FFFC5FF7
FFFF6211
FFF43250
FFF6EEC4
FFF0CDAB
00029FC2
FFF93C3B
FFF428BF
FFF24B96
000BA2E3
FFF97DFE
FFF3B130
FFF1789A
FFF381ED
FFEEED1F
FFF7E33E
FFF79F8B
00027FC1
FFFD7973
FFFE1EF4
000D3534
FFFFFF11
FFFB5327
FFFDE87E
00027ECC
FFFCE9E0
FFFC0B95
0009B777
000AC3B3
FFF414B3
000A17B0
0007648B
FFF53D20
FFFFED49
FFF62B13
0007DD55
0005F0FB
0009D2ED
FFE99572
FFF122C9
FFFE2A44
FFFDBC73
0001856C
FFFBC0E2
FFFD8F80
FFFF73F6
0003C08D
000850BF
000A015C
0000528F
0006FC70
000F1D60
00071291
FFF5526D
0006DB92
FFFE7218
FFFD87DA
FFF4650F
FFF56628
00069DBB
FFFB60E4
0005C6DF
0001E2E4
FFF99787
FFF648B1
FFFCC632
FFF46187
00043F0F
FFF69C5E
000A5543
FFF4B9CE
FFFCFAEF
00014C75
FFFBD2D2
FFFBB217
FFFFD289
FFFDFB3B
0009B72D
FFFE2581
0004259B
00070F8D
FFFF459E
FFFFE588
00084C4F
FFFF384A
000B721E
000FA8B9
FFF242BC
FFFC92AE
FFF07632
FFFE4ACE
FFF6F5B5
00075650
FFEC9D04
FFF9B628
FFFAA9C5
FFF84EC0
FFFC44EF
00027F13
000EA322
0004734E
FFFBB341
FFFB430B
0007E3A0
FFFF866A
0007E0CF
0005CD0D
FFF61773
FFFE63E1
00083E31
FFFF1CC3
FFFC9BEC
00097961
FFFC9232
FFFAF3D6
FFF541FA
FFFB6233
0008E7CC
FFF7E028
FFFFF998
000A6897
000D5C4C
0000579A
000A509F
000DDF99
FFFA4723
000E3A48
FFF5BD72
FFFF4FB9
FFFA75C6
FFEDF679
000A3C52
FFFB09A4
0006ABF5
FFFACB02
FFFF7FC2
FFF81B83
FFF57ED2
000420FE
0000DFC8
FFF6634D
FFFD747C
FFFEA4FE
00037F81
00077F8B
000544BC
FFFA281C
000B988B
000E5131
000AC1CA
0006B0E2
000325A1
000D8572
FFFB0445
00029A3F
FFF268BF
FFF2A45B
FFF30BA3
FFF2820A
0000E834
00040E6D
0001A348
0002CC51
FFFE66BA
FFF118A0
FFF8CF42
0007A214
FFF8A104
FFF28138
FFF5D1FC
FFF88D19
FFFB54D5
FFF6AD30
00053F9B
0005231D
FFFA35F2
0006BEA4
FFF5E27B
FFF7AC82
00006E6E
FFF6DEA4
0005335E
FFF55F6B
FFFCC9FB
00068754
FFF81DF8
FFF7AA55
FFF8743F
0002B7BF
FFFD088C
FFFA6AD3
0000DB02
0003C347
0001F892
FFF520EE
FFF6E826
FFF405AE
FFFB95C1
0007A105
000241F1
FFFE1CB0
FFFABFB4
FFFB0525
FFF91149
000569A7
FFF9BFBD
0006BD39
0008F589
00056D39
0001C347
00031FEA
FFFF0F14
0009CBDA
000960CC
FFF7CC67
FFFA9BB2
FFFA4212
FFFD3C26
FFF81843
FFF70A99
FFF72E2C
FFF8D813
FFFB1E16
FFFA10A7
FFF297DA
FFFEAB98
FFF6EEED
0005D22B
FFF73DFA
00001CFB
FFFCDA96
FFFDF22B
00003412
0003229E
FFF94538
FFF62CF7
FFFFC242
00008CB1
FFF6895D
FFFB2EA4
FFFDAE5C
FFFEBAFB
FFFCED3F
0000D94C
001002F1
FFFD2B9A
FFF2E464
FFF20BA7
FFF9E316
FFFD3A9E
0000D67A
FFFD0AC2
FFEEF3E0
FFFDEB9E
0000D48E
0006D8F5
00030F81
FFFE0792
FFF67E68
FFF5878A
0008C566
0002426C
FFFEB66C
FFF8D9F7
FFF8F967
FFF29EE0
FFF2B1A3
0006A10B
FFFCCFDB
0000F0F3
FFEFB0DA
FFFD96F0
FFF624D2
FFF17453
FFF9089A
FFFB3749
FFF3812E
FFF7BB07
00001BBE
000910EF
0003557F
FFF49210
FFF5DF46
FFF22045
FFFF7878
FFF5E05D
0004D094
FFFBF76A
FFFA6120
FFFD4696
FFFC1CCB
0003907E
FFF2C399
FFF95E61
00085BED
0006249B
00054D85
FFFE0914
00054D1C
FFFA8D6B
0007BC08
FFF8AF8E
00052BC8
FFFC1C93
FFFD29D0
FFFF5A3C
00091C03
FFF820E6
FFFE855E
000F4D13
FFFF1EE8
FFFD24B6
FFFA7797
0000F7A7
FFF8FC51
FFF22BC3
FFFC2337
FFF88A05
FFF590CA
FFF7D66B
FFF6BDE4
00003D6E
FFFC7D12
0002F9F5
FFF34856
0008AC29
FFF9AD09
FFFC2B62
FFF95E94
FFF6EDA1
FFF9EDEC
FFFD1C72
00002D84
0001EEA2
FFF4DCEB
0000227B
FFF38E25
FFEF01B7
000601E5
FFFC1B92
000B16DA
FFFA02C7
FFF9653B
FFF635BC
FFFABC79
00015773
FFF20AD9
00096CF5
FFF4FADD
FFFC6A46
FFFCE69C
000805E1
FFF72F33
FFFF3424
00075447
000A0D9D
00014102
FFEE2F67
FFFFB7CE
FFFD6F95
0005359D
FFFF27E1
000786F9
FFF69F02
FFFDA791
0001CE83
FFF17DFC
0006E458
000CAADC
00039F05
FFFBE86F
0000D519
FFFF88FD
FFFEF088
FFFBA478
FFF82154
FFEDD823
FFF4E5DE
FFF864D5
FFFA3FE2
FFFF3C2B
000D7FA9
0002FE45
FFFAA5DF
FFEF500B
FFFC0578
FFFFC25A
FFF2715C
FFF9A280
00043753
FFFD0764
FFFA0F37
0000197F
FFFC69E1
0002B280
FFFD2728
FFF8BE19
FFFD3AD9
00006CEF
0004D52B
FFF88CCA
00033CC3
0007FEBD
FFFCF9CE
000739FD
00079234
FFF8EAAB
FFFB5978
00055A87
FFF98442
FFF96AC7
0007A1AA
0000B26A
FFF76027
0004F4E1
FFF95848
FFFC7ECE
000286DE
FFFF1EBF
FFFA2F64
FFF73CC7
0001A619
000244EB
FFF05BA4
FFF944ED
00022D81
00044E37
000CF01C
000D3A75
00054BC2
FFF80670
FFFDC129
00014F6A
000D39BA
FFF75953
FFFD421F
FFF71706
00024D62
FFFB4420
00090738
00072A31
FFFCCAB3
0007E876
FFF6A2E9
FFEFF181
FFF5D64D
FFF67A39
000940B6
0004842E
FFFFCA9F
FFF41647
FFF73F4B
0005518B
00003516
FFF519CA
FFF3FA19
FFFCA634
FFF82464
00003F2F
00044472
0000F5B0
0002BF0A
FFFCD53C
00070734
FFF5A410
FFF29ABE
0001FE26
000761E3
FFFF8EEB
00034772
000A9249
FFFFFA12
0001ADFC
FFFA3FB5
FFF99619
0002AEA8
000676DF
0007159F
00023EB3
000B915A
00005099
0003E269
FFF9F215
FFFC0E5B
FFF4F00D
00072C79
FFFE62EE
FFFA2335
FFF9EE32
FFF9C8EB
00038BE3
00051905
0001BAF2
FFFF7A33
FFFF9411
FFF5D751
FFFF24C2
00005850
FFF4E87D
000249DB
00011FB5
00002E53
FFF240BF
FFF84302
00013E47
FFF9E992
000006D1
FFFAFA24
FFFB7857
00037E1D
FFF20C6E
FFFB9AB0
0003AAEC
FFFA34F8
FFF4BAF8
FFF608D4
FFF7ACC5
000014D2
000806B8
0006F402
0008E551
000AFB04
0004C57A
0006269E
FFF659CD
FFEFDFFD
FFFCE7EC
FFFF57E3
FFEA6102
0005C1A6
FFFFD483
0001ACE7
FFFA8C89
0003EA81
FFEDE232
FFF5068F
0001F73A
FFFDE4D4
FFFE4361
FFFC34A2
0000B26F
000367AE
FFF88E4B
FFFAE56F
00023FAB
FFF6BD11
FFFEA5B3
000072DB
FFFBE888
FFFF2ED2
FFF908C5
FFFB92D3
001008BD
FFFF288A
0009A475
FFFE7D3B
000AB15B
000D05FB
FFFBEDCF
000C0AF2
FFEE3CA2
FFFBCF96
FFFC9B0E
FFF41C06
FFF1115E
FFFEB587
0005E624
FFFC6FD2
FFFCF568
00092B3D
00020C5A
0008960B
00006891
0010CDE1
00090CF2
000C466D
FFFE456A
000837FD
FFFB7CAB
FFF77E84
00003212
FFF92F47
0001B79F
FFF2085B
FFFA0FFB
FFFD9A87
00045728
00050FE8
000C47FA
FFF3DA63
00038F31
FFFD8040
00058039
000989F3
0001B393
FFF96FF0
00057CA9
FFFE3716
00054BD5
FFFC45AF
0001C7C0
000953B0
FFFFE3BD
0008B1B8
0006AD03
000070CF
FFF2EBC8
FFF54290
FFFA865B
00070F58
FFFC3FCC
0007960B
0006AB39
000562C4
FFF85110
FFF98B9C
FFF6B22F
FFF45B3D
00010DB6
0005AA38
0004434F
FFFEDE18
FFFBEC09
0007A322
FFF9A3D0
FFFADECA
000C9038
FFFDB4D0
FFFF4FA6
FFF813AD
FFF99E27
FFFEB0C6
0001A303
FFF6231F
00035EAB
FFF8F446
0003F705
00034022
FFF968C0
0001C61B
000871E7
FFF2C42B
FFEFE431
FFF9CAAB
FFF6CC35
FFF1E883
FFFC03D5
0001E8A4
0004D709
0004A37F
000BDDC0
0000DE06
0000C5E2
FFFD701E
00050E69
FFFB034F
FFFAF943
FFEEC6F2
0003CEDC
FFF1C87C
FFF672C2
00057CC6
000698DC
0004A298
FFF948DB
FFF84AD8
FFF98DE8
FFF64E66
000C6D55
FFFF8A0F
00057A5E
FFFDC5B5
FFFE6FEF
FFFE2EA8
FFFF8CD1
000855A8
FFFD3C99
0005D651
0007EBAD
000751E4
FFF6B468
FFFA4E16
FFFADCC1
000CF44F
FFFCDB30
00016EBF
FFFB2356
FFFAA99C
00060F92
FFFAAEEB
0001306C
FFFA5F8F
0005BC9F
FFF455EC
0003ED49
FFFBFF0D
FFFFC15B
FFFF79C8
FFF653E1
FFFDECE9
FFEAAD66
FFFDC3C7
FFFA2124
FFFD5E8F
FFFAD6CB
000CBCFF
000721EA
0008F36A
FFFAA47A
FFFA69ED
000AA224
0009ED5B
00084DEC
FFFD7001
FFF89C21
000175B1
0006F33F
FFFC4FF8
FFFBC3E6
FFF7F217
00071B7B
FFFF3110
000B0067
0002B9CB
FFFBD973
FFF9A154
00069798
0006E63D
000652D2
FFF629AE
FFFE78D1
FFFF7EF9
000B91ED
000B73FA
FFFE00A8
FFFA6F30
00064744
000DB0AF
FFFE23AA
FFFBE120
FFFEE3C3
00046786
FFF593F9
FFF92D31
FFF8A0D7
FFFB4A95
FFFF6F6B
FFF20E9E
FFFC9194
FFFAB148
00011EBA
FFFEDD64
0005CC31
FFF8B1EA
FFEEA3A5
00007B20
00036932
FFFDCC17
00031620
0008D6BE
FFFD4F17
FFF534EF
FFF21F1F
000CB55A
000E802A
FFF46700
000A83BB
0001A0BE
FFFC56A9
000921C0
0003DA1B
000725D2
000106C6
0001F410
FFF0422F
FFF67CAD
000BADF1
FFF949D1
FFFCD591
FFFB3E3F
000560E7
FFFE3F24
0004BAAE
FFF23150
FFF58986
FFFCC770
0000278F
FFEFAF34
FFF7F7A3
FFFE153D
FFF74738
00000C14
FFF46F78
FFEEC79B
0000FE3B
FFFB19C9
0004E828
FFFC566A
FFF07FC0
00086CAC
000A206F
FFFA1E1D
000B4464
FFF9FBF2
FFFC0560
FFF6B905
FFFE22F7
00002529
000399DE
FFFCEA94
FFFFE497
00006D1B
FFF68317
00054D07
FFF4EA50
000595D3
000546E4
FFFACEB2
FFF8F54E
FFFDA694
0005C4EC
00096CA8
FFFC1FA5
FFF88E71
FFEF5900
FFF83450
FFFC6812
0009BB61
0009BD15
FFF71D12
FFFB0AC5
000998B6
0005DEA6
0004A039
00096AA5
0002A992
0000AE84
0008F5B6
000220F3
00000486
000B6B7B
000213EF
FFEFC114
FFFE9F48
000388E6
0004684D
0007405F
FFFAA3B1
FFF4D4C2
00009369
000351AD
0004B59A
00011CA0
FFFC657A
FFF97072
FFFD811E
FFF67C46
FFFAD434
000A9A16
FFF5EFB7
FFFAA90A
00095FED
FFEC67ED
FFF7EA23
00017549
FFF1351D
FFF68F3D
FFF4055D
FFF400EE
FFF81F6B
000C3593
FFF7FD22
FFFCF31D
FFF757A9
00084B37
FFF5808A
FFF5FF11
0003520B
000B0848
FFFC30ED
000B6A68
0001355F
00069102
FFFD9460
0000E1FC
FFF6BD9D
0001A5FD
000A0ADC
000690A6
FFFE116C
FFF9427A
00049BD6
FFF87077
FFF8D1CF
000A9AE4
00000740
FFFD7E09
00038384
FFFF7B7B
FFF550C9
0001D98E
00085C47
000C2615
FFFAA0AB
FFF4B997
FFF79704
FFFD2758
FFF851F6
FFF77479
FFF87C36
FFF0E1DC
0003096E
000ACE9B
FFFA6D33
0006E434
00017575
FFF55285
FFF38431
00077537
FFFFF114
FFFF7D58
0009F746
FFFD2542
00095037
0000B07D
FFF70F51
FFFB9C9B
FFED816F
FFFFCD04
00020E40
000670B4
00021D85
000D4024
0000F6FA
00023EBC
FFF40F75
000E55C0
FFF506A2
FFFFEF44
FFF5390D
00019F99
FFF8161F
FFF038A7
FFFE148C
FFECF31A
FFF7BBF1
FFFB9F57
FFFA62EE
0007F6B8
FFFD8E36
FFEE8DE6
FFF61E1B
FFF847C5
FFF977F9
FFF93937
000473AA
FFFDA57A
0004E0E3
0007DB54
000608D2
FFF843FE
FFEF980E
0004F74D
FFEEBE4D
FFF6EE75
FFFB0B87
0007C64C
FFFF863C
FFFF98B2
FFFE4B0D
FFF62EC9
0007B281
FFF8DEE0
FFEC5D8D
FFF33692
FFFF1C79
FFFF4957
00032B2C
FFFBD2D2
0003CC0E
FFF62384
FFFE50DC
FFFC8A27
FFF3C57F
0004F3EF
0007D52B
0000CB0F
00018040
FFFBD886
FFFA9712
FFFBFDDD
0001E5DE
000B431A
FFF9CAED
00040E85
FFFB326F
FFEDB395
FFF7985B
FFFF7DE7
001133E2
FFF67438
FFEFA145
00033518
FFF7378E
000D29B9
FFF9EB23
FFF92E9B
FFFA59E9
FFEBABA6
000859B0
FFFEFEBA
FFF4A4F2
00041F07
FFFBD149
00050635
0006972C
0008C98D
FFF84F85
000A3727
0000C9B2
0003ABDB
0006E1A9
0003CB55
000CEF1A
000E01CC
000AF8DB
0009AEEB
FFFB81EE
0011F475
00019BDC
000340AE
FFF330D7
FFF8FE65
00019D88
FFFF765C
0010199D
FFF961C8
0005932B
FFF90A1F
000C6AED
000BFEE5
FFFBEA6D
FFFAA313
FFFFDCFB
0010E890
FFFA3052
FFFBBA8D
0009C942
FFFC7A84
0004CCD1
FFED66B6
FFFEEDEC
FFFB7611
00012637
00025724
FFF080C5
FFFA6E44
00045874
000C9D41
FFFB224B
FFF975CF
FFE819C3
0006545D
FFFA1655
00012377
00087428
FFFF41A9
0004FAB8
FFE809AB
00096240
0010784A
000A3D9C
00054C9E
000701B3
FFFED0BD
000C0EA5
0002D0B3
FFFC60C2
0002E809
000790D8
000EB2CE
FFF907F7
000D6FC5
000867BA
FFF6E31C
FFFCB238
0003E26F
FFFFB02F
FFF9F2B4
000797F1
FFFE2C2C
00040E72
FFFC3699
000313EA
FFF9D6E3
FFF3AC1D
0000AD50
00033E17
FFFE307F
000924D5
FFFB710F
00058D0D
0004C1FC
FFFC0523
000FF304
FFFF5774
00008783
00050723
00051E45
0006E8CE
0000271B
0000C8F2
FFFB61C4
000554B9
FFF7C257
00049252
00029D39
FFF42795
FFF8A34F
FFF35096
0005A3BD
0002BEC3
FFFC815A
FFFEC6FF
FFF85565
00012AED
FFF3FD5C
FFF92328
00039118
000A3F5F
00098921
FFFD5F96
000367ED
0000FF6B
FFFB519D
000DC148
FFF2F835
FFF3DB21
FFF473BF
FFFF28DE
00131BD8
00056635
0004B9A2
FFF7B188
0002D004
FFFD54E8
FFFBD091
FFF530C4
00038750
FFF5C983
0006BAD1
000E486F
FFF60E96
FFF6BB31
FFF5D563
FFF52392
FFF34DA1
0002AEEE
000B48FD
FFF389A7
FFFD8C6B
FFFA1836
FFFCBB46
FFFC1756
FFF64757
FFF6F6C5
FFFD17DE
FFF5C59C
FFFEE7C9
00019A32
00010A2B
FFF9D05A
FFFD3F4A
000674A4
FFFE9FC3
0000DF47
00012E76
0008813A
FFF5555D
00079408
0005D07C
FFFE02A7
FFF81317
0002F771
FFF6A3FE
FFF7ADE8
0005B961
000593FF
FFFDB06B
000773A1
0009A816
FFF4319F
FFF7C468
FFFEE6C7
FFFEC176
0000729B
00005674
FFF57C40
0006DDA9
000C17C3
FFFDB85F
FFFB6A00
0009ED5E
FFEC29DA
FFFD5522
000C8FDE
FFFA8F26
00088FA0
FFF08DCD
00098038
0000CBFF
FFF17EDB
0006A0FB
00109CD2
FFFBB615
FFECECD9
FFFDC2F4
0003126C
FFFAF9D3
00019EF2
001151F2
000DC46F
FFFFB57E
FFF3A4E5
FFFDB0EE
0003C25E
0009F0BA
FFF24541
FFFAD6A5
FFFB1A7E
0008DD04
000728E9
FFFCDFFC
0009A64B
FFF79D87
0001A863
FFF18FA2
FFF6DBCB
0013BB58
FFFD59CD
000311FF
00085703
00064B53
FFFFA79C
0005C2BC
FFF99A8A
FFFA5B49
000DB6CA
0001FF8D
FFF4C02F
FFFA9E5B
FFFB29AE
00045669
FFF9786B
FFFC98C6
FFF1F4B3
00020D6C
FFEF213D
FFF4DFA4
0008E69A
FFEE7ECD
FFF10338
FFF2629E
FFFB74D4
FFF37322
00023C55
FFFF1F13
0001AB41
0009E656
00058C74
00047BB1
FFF6A10E
00093F0F
00019A19
FFF5BCF0
FFFE3BAE
FFFEA1A0
0007BD71
00108CFA
FFFB9E0B
FFFDC7AD
FFF2416B
0001260B
FFF8EA0D
FFF4E37A
FFFF27CD
FFFA0A5E
FFF7A19B
FFF48838
FFFBE5EE
FFF5D472
FFF5B477
FFF4B2CA
0001EDF2
FFF781F1
0000B1C9
0001C907
FFF89957
0000AB33
0003264D
00018436
FFF65749
FFFE2320
FFFCB5C6
0005D4CF
00050CA8
FFF2DFB7
001829DC
0003F582
FFFEC084
FFFA3333
0002DADE
000431A2
0002957C
0006BC6D
000241B6
0001D4BB
FFF5632A
000768DB
000FA011
FFF1C95F
FFEE73E7
FFF8CFD0
0006ED72
FFF76ED3
FFFCA520
FFF902E9
FFFBB207
0000031E
FFFBC5BA
00020735
0007178E
FFFC9F02
00064D76
0001EB76
0003EE61
FFFEC375
000557F3
00033214
FFFF2C46
0005D8E9
FFFF59C6
0003C770
00061048
000BAA0A
000260FF
00008E4A
0002D7DF
000200A7
00063C75
000AD37F
0001AF19
000944D7
000708D6
FFFCB8FB
0004F00D
0008DACB
0006D1B7
000635B6
00067A47
000403C8
00050831
0004A8D6
00007369
00052558
FFF8D268
00003676
0004EEA6
FFFCCB85
0007842D
0006D449
FFFCC972
0008A6F2
0004873C
00093486
0009E504
00039EBF
0001D6F5
000320A0
FFFB6838
FFF89C30
FFFCCFB6
000574A4
FFF526B6
FFFE738A
000563AD
FFFFE6D7
00002F8F
FFFD9EEE
FFF7DD0C
FFF9C2CE
0001AA8E
0003DD0A
0004CCD7
00080AB4
0001501E
00000EA6
FFFCCE02
FFFFED18
0000E815
FFF63906
FFFFD00A
FFFBE9EC
FFFF4F07
00018AD6
00046534
FFF9A4D3
00055F1D
FFFE3D7C
000409C8
0005192B
000B8A65
FFFC3022
FFFE8B7F
000CF233
FFF8B346
FFF981A5
FFF8A679
000430DE
0009683D
FFFE7CE3
FFFBADA9
FFF7A89F
FFFD7119
FFF69D7B
FFFB2098
FFFDBB34
FFFC7C31
00001F14
00054B59
0003CDA9
FFF8FB34
00078EB8
00016C31
FFFE0ED2
FFFEA135
000824BD
FFF77264
FFFF8E9F
000683DC
000172AB
0002B59F
00059EB6
00088527
FFFD7EC6
0008C3E8
FFFC4B43
FFFC06F3
000E3A59
0004E5D4
0001B9C7
00039A56
FFFE8EC3
0000B687
0002E47D
00044957
FFFA8A17
FFFA92F7
FFFCA3C9
0008C568
FFFCD45A
FFF7D045
FFFC58D2
FFFB6CD7
FFFB84F4
00009EDA
0004DF53
0002AE9F
FFFFF550
FFFFF686
FFF2F509
FFF9FB32
0001A7A2
FFFEE8F4
00036AF8
FFFAA2A5
FFF905FE
0001EAF4
0002A51A
FFFE587F
FFF8917C
FFFB2A95
FFFA34DA
000AEC58
FFFFB97F
FFFE777F
0001CDA0
00021A24
0000A021
FFFB44A6
00045DD1
FFFEC77F
0000E719
000185AD
000886FB
FFFC07E9
FFFE6208
FFF9649A
000288DF
FFFC95A7
FFF67261
000243DE
FFFE8DFD
0004D668
FFF99D41
FFFD046A
00072153
0006C6CF
00028A61
FFFFB750
00091ABF
000DDC9B
00063C42
000332AA
000546C2
00025F77
FFFAC172
FFFF66CB
FFFAFB44
FFFBBDE3
00005CD0
0003807A
FFF7F753
FFFD6B4E
FFFA993D
FFFD665E
0001DB48
FFFEF918
FFF6FC55
FFF77D31
FFF9569A
0000127D
000CBFEE
0002BDD4
0006DBB2
0000FA54
FFF7A2D1
0006826A
0001754F
0009DC7F
000939F9
FFFE0398
00032400
0009C65C
FFFADC1B
0004DC7D
0000642D
000AE40C
FFFB01FB
00076CD2
00004C82
0001FC22
FFF54CBC
FFFC707C
00002403
00019523
FFFA7989
FFFA145E
FFFD9A19
0007904E
0000DC99
FFF9788D
FFF86262
00040B41
FFFE505C
0003E806
00054933
FFFDDB1A
FFFCC393
FFFE1A21
FFFD5FA6
00039733
0005AF32
0005DC7F
000911F1
0004FB28
0001255E
FFFC1F15
FFFD97C9
FFFF47D8
000238A8
FFFDF2CE
00074F83
FFFFA51E
0006FE17
0004AF4F
0000A7FF
FFF9B200
FFF9336E
00041E70
FFFE1C44
0000D070
FFFE3459
000A2F1A
0000A659
00029971
FFF9F407
FFFF88C2
FFFE5786
00033C92
FFFFD813
FFFBB7C4
FFFC52CC
000B0AF9
0005DF7B
FFFC565E
0007E6DE
FFF8A913
FFFD6388
000804B4
FFFC8CD2
00027C40
000C693F
FFF98E9B
FFFA54AE
00022227
FFFA1118
00006125
FFFEEA16
000BEB72
00000DAB
00007709
FFFB8BE7
FFFB7D4C
000018EE
0003205E
FFFE8B83
00052E3F
FFF9B2F8
FFFBEAFF
0002BFB5
0002CA3E
FFF676D5
FFFFD17C
00001807
FFFF3AA5
00048E30
00014A1A
00042A6F
00054195
FFFF3576
00019789
FFF71509
FFF7DA54
00035BA4
00063C98
FFF78960
FFF6E2C9
FFFC2F5D
0008A322
0000776B
0004A088
0006B55B
FFFFC984
000588B0
0002C137
00070D8D
0002F350
FFFDED4C
0000FB7A
FFFB4FD2
FFFD9B55
00089FF5
00088242
000A7E21
00077C43
000A3E44
FFFA62EB
FFFC5A9F
FFF9DB5D
FFF86B5A
000727DD
FFFADC6E
00049C75
00061308
FFFAD295
FFFF9837
FFFFFAA3
FFFD219E
FFFF1086
0000DAD0
FFFA762F
FFFC7748
00025C26
FFFDD886
FFFDBA0E
FFFC60C7
FFFBD75E
00043F03
FFFF496B
000BB6D7
000088D7
0000554D
0003C2D7
0003F569
00028151
FFFDA9BF
00065F6E
00091279
FFFB1782
FFFBFEB5
0008338A
000659E0
FFF8A811
FFF7F60A
FFFF1461
FFF85813
00022C7B
FFFA3DDC
FFF60E0F
00049DEA
FFFA81AF
00076A23
0001DD59
FFFBFBA6
00025EB7
00040A62
0001480E
00042E0D
0007E030
FFFED059
FFFC8432
FFFCB504
00039A13
0006022C
00080072
0007383A
FFFC998F
00016BE0
00036CE6
FFFF2855
FFFC3594
00035E72
00056CA1
000066F5
FFF8BB79
FFFCDC14
FFFA8309
FFFB8ED3
000AC10B
00063E52
0004EF55
0004D2DD
0005F833
FFF8BB10
000BBC4A
FFFDCDC7
0005C5C3
0000D2B7
00050400
FFFD8266
0005A2C3
FFF38F92
00015F8E
00066B8A
000346AE
FFFAE4AE
FFF391EB
FFF9F40F
FFF740B0
FFF66191
FFFFCBE9
FFF919C9
FFFB7BFA
FFFDB46B
FFFCBBA6
FFF9AB1B
FFF8CC0A
FFF870E8
FFFE9B9A
00004894
FFFE011B
FFFF076A
000296B5
FFFDDC33
FFF8725E
00026039
00027534
FFFC0C36
0008ABED
0005548D
0002F74D
0003E151
FFFBA680
00042CE7
FFF6B1F7
000076CE
FFFCB402
00054AEB
FFF4F9A2
FFF262F2
FFFBADCF
FFF8E6A0
FFF62CCF
0002F257
FFFFE29B
FFF7EEBA
FFF6EA21
0006B4A1
FFFEFE97
0005EEF4
00028453
FFFE4ABD
000A52B5
000994A2
0001EAF8
FFFB94DA
000221AE
00099000
00068242
00085344
FFFC1EDC
0006887F
0006FC6A
FFFEDD3E
00040F1E
FFFED78C
000580EE
000224D8
0007CC97
0001C92D
FFFAF670
FFFB759C
FFFF0D61
0005857F
FFFC3F68
0005669E
FFFF50A9
000B5060
0000A3A8
FFFFACA3
FFFE1CA1
FFFF8B8D
FFF97379
FFF43271
FFFBC7C7
000215D0
0002F7A0
00003108
FFFFE446
0002D1D6
FFFE1302
0006F8F1
FFFFC984
FFFEBC78
00000B1C
0004188D
0001864F
FFF79A3A
FFFB8C43
FFF9D566
00048221
FFFAC6DC
00021548
FFFD4BFE
00046B91
0005D71B
0003BD7E
FFFB5198
000738E4
0002A1A3
FFFA3F50
FFFAAC47
0009EA07
0004ACA1
FFF8049F
FFFD3097
FFFDBAE3
0008AC47
FFFB7F54
000B0DA7
FFFE9A62
FFFD2FFC
FFFFC1D8
00031B1E
00047648
0007AC0D
FFF8E162
0004F2D8
0008A7E6
00034AF1
00033D96
0008983E
FFF7CD77
FFFE6D4A
0002E736
000826F6
00053D75
00052556
FFFBD185
FFF9D808
0005DD6C
FFFC18DC
0001C91D
FFF8E7C1
FFFDCF6E
FFF973CA
FFFB89FA
0003710A
FFF99433
00049151
0001FBD9
00007003
00026749
FFFDA68D
FFFA22BA
00047988
0000F280
0007BD70
00036668
00032639
000041BC
0006BDDF
00097668
FFF1C252
0004E483
0000067A
FFFDFFB9
000B45AC
00063BD2
00096F9E
00153511
000E46D0
0002B275
000323C9
0011ECAC
0008E062
000F510E
FFFAF506
FFFA0B93
FFFD4302
FFEE318F
FFF4FDB8
FFF97E9E
0003F5F3
0000ED1F
FFF583D7
FFF7B41D
FFFB511A
00055AD2
00095BEA
FFFBCF2F
000338A2
00003132
0007322F
FFFC73F4
FFF23E55
FFF66A53
FFF82E62
FFFF70BC
000AE693
000097C6
FFF834C1
FFF4518A
000C73DC
00061C8B
0006D87C
0005A7C1
00043E39
FFF86CBA
FFFDFCAC
000501C1
00058DFA
FFF813B6
00093B1B
FFF81011
FFFCEA1B
00007227
000A2147
FFFB4913
FFFE5450
FFF870CA
00010993
0008130C
000448BD
0001E88B
00043F72
000C72CC
FFF872DB
FFFC9D8C
FFFD1FD6
00041DCC
FFF8377D
FFF30ADA
FFFA818F
FFFE2F74
FFF50ED7
FFEEC580
00091A29
FFFAC3E8
00042692
00005469
FFF80C1F
0003B312
0009C5DC
000816E2
FFFAE37A
000CFED1
0006CCA2
FFF4030A
FFECC5C8
FFFA6ED3
FFFB2BF6
FFF19F1E
FFFAB0D8
FFF8CE0A
0004A774
00093A85
FFFA7F17
0008A1EC
000359B3
000650AE
FFFDC91D
FFFB3DF4
0000690A
FFF9CAE5
FFFE5C7A
FFF8F9F4
0001359D
FFF93ED4
00065B55
0003F211
00022016
FFFCD14E
FFFCCB80
FFFF044B
FFF77BDD
00028FA8
FFF62375
0005DBCD
0001B619
00051E81
FFFA12DD
00010DA5
000AD7C7
00036211
000ADCDD
FFFFBB14
FFFB3850
FFF94E08
0000BA86
FFFDC748
000810DF
00097F23
FFEF7651
0006E73E
FFFCE7EF
000229B5
FFFF5B5B
0012D6C3
000475BA
FFF9BCA5
00005366
00019BC6
0005689E
FFEE43B0
FFF7F6BF
FFFE6200
000573E6
0001EB95
0005AE93
FFF80357
FFF93896
FFFFF940
0014169B
FFF6107E
000B48BE
0002F349
00035271
0009AB41
FFF67353
FFFE446D
FFFA8473
00037329
FFF6ED8E
00050961
FFEA1B25
00033FAD
FFFCA9A0
000963A9
FFFFDEF0
0008D944
0007B986
0002A7C3
000098B1
FFF86147
0004DC57
0003FCFE
000181EA
000049EF
00007148
FFF6D0AB
000D36B0
FFFECAD8
FFFAE7E5
FFFF686C
FFF7CB71
00098E6F
00081A84
0004E184
0008B420
000C69E3
000D8698
FFFC962F
FFFEF3AF
000F59FB
00071B3F
FFFF5172
000AF5E9
00135F56
FFFC5CD1
00085623
00036191
0001377D
0005086F
FFF91E26
FFF9B641
000F02C8
000220DA
0004E304
FFF418AE
0000DA79
FFF7D6C3
000C1352
00012CDB
FFFA6624
FFF9E487
0007BF9F
00081F4B
0000E0F9
000817AB
000B5987
0005987E
00072DFD
000C750F
00013334
FFFFC193
FFF9515F
00081A0A
000E4D0A
0002523D
000A3BFE
FFF82AAD
0005EBE9
FFFA05D9
FFF45D8F
FFFCE437
FFFF0612
FFFAEE3C
00017590
00020CAE
00011B91
FFFAB6FF
FFFCDE21
000287E3
FFFFFE2C
FFFC36AD
FFFC6BC9
FFFF3786
000998B2
00004902
00089F11
FFFB18A1
00064B66
0004560D
FFFA4012
FFF24E4A
FFFACF28
000A2782
000E80DE
0008C20B
00095ABB
FFFA76AC
FFFF02B0
00082065
001A9F30
0006C056
00048ACC
FFFA4DC8
0009DD55
00037FE6
FFFF4A8C
0000538D
FFF5525E
00061288
FFF15DE6
0003C328
FFF98BDD
0004B024
00027251
FFFC8800
00098984
000789EA
000178DC
0002B805
000AF2FB
00005B6F
FFFE8011
00049417
FFF31551
FFF72BB0
0007A1F3
FFF8C0A1
FFFAF78A
0003DB99
00054BEB
FFFA30E3
0006AD12
FFFF8B7C
00021236
FFF8D8CE
000D81CA
FFFFC2C9
FFF68CA9
00018054
FFFC1495
FFF777AD
0002A10C
0002A468
0005BE43
000434D9
FFFD48FD
0001F229
FFF94457
00090C6E
FFF8213F
FFFD6E40
000C7CF0
FFFEBC75
00083BCA
0003F7D7
00085935
0007A9B3
0009C675
FFFED579
FFFA9159
000E6324
FFFB36B9
000A8BDF
FFFA8F78
00088248
000FC3D7
0000462A
FFFE0B6E
000EC707
00024386
000B3152
FFFD67F9
000B8E6B
000477D6
FFF424DF
000A224D
FFF7D9EB
0004FDBD
FFF66B53
00023F5A
FFEF3691
00052153
001120BF
FFFBA914
000CFD6A
FFF83F83
FFFC2581
FFF55A37
0006718F
00053866
FFF42754
0004CEC3
0005C4DB
FFF62038
FFFCDDDE
FFF5F54E
0001A5BC
FFFFA968
00055260
FFF148C0
FFFE1C8A
0009AC0D
0006D9FB
FFF7629A
FFF86D40
FFFFFF0A
00053044
FFFB42A4
00046D3F
FFFAFAFE
FFF55A48
00033CD6
FFF5B918
FFF62B84
0001810E
FFFEF6E3
FFFFC1D5
00012CD4
0002D9F5
000AB7B8
FFFA8185
FFF6E5F1
FFFE3BFB
FFEF33C4
00038EA0
00037B6A
FFEDC3E2
FFF5A541
FFF4648B
FFFCD223
000A48D8
000AE798
0004683F
FFF906C7
00067178
00038B29
FFFDE988
FFF68EEC
FFF98690
0008AB93
0002C79D
0000FE9E
00014714
FFF8F238
FFEB358F
0006DE8C
00069079
00097D97
0009C51A
000AFCA2
FFFCB208
FFFA6FBB
FFFE99EC
00006E53
0009B7CE
FFFE4791
00025A2C
0002FAF1
00075844
0005DDED
FFFDAEC9
FFFB24F4
00083610
FFFBD991
FFF02254
0004F2DB
0003FBC8
00117443
0000D53E
00082D74
00049A7E
000F60A7
001541CD
FFFE37ED
FFFE78C5
FFFB7595
00047E51
00042882
000E0F3D
FFF70D2F
0006D3FF
FFFBB601
FFFE0918
000F0073
FFFEAA57
FFF98955
0013BCDA
FFFF7831
FFFA021D
00019000
0009484D
00084BFB
0002B2DE
00106BA4
0002952C
FFFB731D
FFF8CC0F
00137829
00070B77
000BAA14
FFF6584C
00007E23
000269F0
FFFA647A
FFF8E169
00007528
0006C646
000420E8
000067FA
FFFBF16B
000E57E5
FFFAD253
FFFC5658
0004C2ED
0007FBB0
000964B6
FFF36BDF
FFF2F422
FFF6BBD5
FFFAFC85
000BDF3A
FFFEF364
000219D7
FFEED2CB
FFF6F291
FFF1BAA2
FFFCFB35
00018D64
00008387
FFF88DFF
00013282
FFFC9D7C
FFF79D4E
FFFC24F1
FFFD59C0
00109CE3
FFF6468F
00000DB6
FFFD0581
000648AE
00040D48
FFF96DC7
FFF3827C
FFF8C52E
000884C8
000289D6
0005093D
FFFFCC41
FFEFDF5E
000A615F
00005AE1
000835B2
FFED8140
0002B722
FFF8BCFA
0005387D
FFFC1532
000D4925
0004DDD6
000EB75A
FFEDDB45
0001C39D
0004230F
0002AC57
FFF4A986
0005D5CA
FFFF9EB9
FFFBB85F
0005BA69
0007AE08
0005A1B0
0003980B
FFF64F2D
FFF5D272
FFFF53B5
000BEE61
00093444
FFFAF423
FFFE90DB
FFF8D225
00098F7F
FFFDE73A
0007B3DB
000B4943
00030E99
00015B5C
000A5606
0002EBA3
0002F90C
FFFDE236
00084706
000A1380
00096F16
FFF708C5
00068662
000224CE
000CBDA1
FFF47337
000021E5
FFF5CBA5
000ACB25
FFF5D26D
FFF443D0
FFFE2B9B
00000E6A
FFF6B626
00023890
FFF84AF6
FFF61A00
FFF804AC
FFFE6F1E
00041A18
000DC14F
FFF60067
0003CFF6
000B3403
FFFB0B81
FFFEDB6C
00047D94
0006008F
0009C923
0006D5F7
FFFC35EC
0006BC0A
0002D213
0000C5D7
0003ACFD
0008E41B
FFFBCAC4
FFF8EB5C
FFFFC7E9
000059EE
000B5726
0004F56D
FFFA6FC6
00026E8F
0007414E
FFF97BD6
FFFB4FF4
0005868A
00065E72
00054013
FFFDC63D
0000154A
00057594
FFF78B89
FFF3763D
0008D544
FFF9CD03
FFFE9257
FFFFF1EF
FFFF1B21
FFF87ABE
FFFC6A8A
0008883E
FFFE2E1C
0006679C
0004851F
FFF9BB74
001028F1
000D6B6A
0005B916
000A1441
00027696
FFFD3C0B
0003CABF
00063A4A
000633FA
000CCA52
000B0CA1
FFFBE34A
FFFFEDE7
FFFB549A
FFFAB5E9
0002785F
FFFC9884
FFFD152C
FFFFB849
FFFE6C72
00055DFC
FFFEE5D2
00043CD0
0004FE5F
0013BC4A
0000032F
FFFB3973
FFFE4277
0004220A
FFFE9F1A
FFFE5B5C
0002ACE6
000C4D0F
FFFD6FBB
0001CBED
000AC0DA
0000C693
0003F3AA
FFFBF183
00015869
FFFECE57
0002A12B
FFF2AE9C
FFFD15AF
0009689D
FFFC688C
FFFA847B
FFF7CD3B
00052A6A
FFFB2853
FFFFF1D3
00050F2D
000C5EE1
FFFA1785
000D736E
FFFFE373
FFFC09C3
000531B5
000925F5
FFFA10F4
FFFEAC40
000B605D
000090F3
00037F45
00087DD2
00072492
FFFB7B96
FFF9A9D8
0006DB6C
FFFDCDE6
FFFC67F3
00007E23
0005E5C6
FFFEF8BA
00029532
FFF7BFAB
FFFF9A77
0005026A
FFFE9A58
000497D8
00061151
000D0D2F
000BE8C1
00027C76
0001E1A8
FFFE49E5
FFF69ADA
FFFCBECE
0006BA39
FFF91D81
0001D9E6
FFFC35AD
FFF78802
000A0099
00061823
00075449
FFFF42A3
FFFFD875
FFF5C312
FFF83387
000B36E1
000C002A
FFF6B5DF
000A35AD
FFFD6887
FFF64577
FFF68EC8
FFFA960C
000799E1
000AA88D
FFFE4311
0008FA7E
0001DB89
00059AE3
00068876
FFFF4DD9
000208F4
00053AC5
FFF8EF5C
FFFC5AC9
00003B7D
FFFE82FD
00102D7A
00088DA0
000E0726
0002664F
000AE713
0000ADA5
0006B00D
FFFE0BA8
00024772
00044B97
FFF7EC4B
0007C453
0000D7BE
FFFA8C23
0008EEF0
FFFEA999
FFFBF4EC
0003434D
FFF8E722
FFFC8E24
FFFEBD3E
000604C8
000323A6
00034425
0008620A
000A1562
000DB3F4
00033CEF
00045844
00014B12
00013F4D
000916AB
000ED358
FFFDF4B9
FFFF3A6A
000265AB
FFFE12B0
00004D56
FFFC9C8C
0003B56C
FFFFE463
00039DFD
00037BE5
FFF7DA19
00007F4F
FFFE28BA
00042554
0002A5A0
FFFA15A7
0007157D
FFFD06D8
FFFA7A3B
FFF828C2
FFFFC06E
0009F923
FFFB5500
FFFECB59
0003CA7B
000056C3
0000B192
0001E533
FFFD5159
FFFB4F37
FFFADCA3
FFF97075
00043078
0008309E
0005800C
000721E2
FFFF56ED
FFF9336C
FFFAFA6E
FFFEC958
0006E1D2
0001D459
000604F5
0004CB36
00060896
FFFCBB4C
0001C4C6
0003BB63
000490FD
FFFC5B19
FFFAF099
FFFB97AA
000BFE0F
000C7BCD
000507A7
000263D4
0009ECE9
FFF67551
001184BA
00070DE9
000A70EF
0003099C
00047BD4
0003D302
00090A45
000382DC
FFFB7331
000906AB
000B096B
FFF6CEE8
FFF7BF24
FFFDE387
000591CA
FFFD8E12
00049F06
FFFEFB11
000518F5
0006A92D
FFFEE07A
FFFC32EC
000888AA
000A28E8
00069B8B
0004D4D2
FFF92F3C
0007AD5E
0003836E
00001276
FFF995B4
000217DF
0004579B
FFF9D8CD
FFFB7844
00032CC0
FFF5CBA0
0003055C
0001C4D5
00074A61
FFFDB463
FFFF0E56
FFF4DBE9
FFF816AB
FFFF0335
00022EF6
FFFA23FD
000BB799
FFFC052C
FFFAB085
0008A56E
0002F23B
FFFC6893
000A25C1
0001A9B9
FFFFF94A
0006A029
00040B4F
00015299
FFF83222
000233B5
000460BB
00093613
FFFBBE33
000651FB
0003F2C3
00078415
0004BF50
FFFAB22A
FFFAF709
000830C1
0002D540
FFF9DF64
FFFFB2EB
0005F9F6
FFF8279F
00056750
FFFFC63C
FFFC2CB9
000E6A13
00079888
FFFB9775
FFFA1131
00076E8D
00003A3A
000A4CAA
000AC086
0000BD05
000CF0A6
000955E1
FFFC163D
0009FB9E
000E74EA
FFFE9E06
FFFCA27E
00040582
0001705D
00053C51
FFFA2B4F
000705C6
FFFF49C3
00027F63
00022832
000ACACB
0000DB67
FFFF346C
FFF937DD
FFFE4E82
000B3F6A
FFFF7A06
0005A94F
0005937C
FFFD0BA6
0000CAC8
0000E06D
0004EB01
0003A88C
000E0DFB
00014DA2
00065841
000012F2
000106FF
0002C47A
FFFA3382
0004147B
FFF93AB0
FFFCF104
FFFCF7B4
FFF9C335
0005FF87
FFFEAA28
FFF5D8E7
FFF77E29
FFFCF5B1
FFFD3AF0
00067436
00028065
FFF9AF7C
000BE389
00083FD1
00042E7B
00086949
00080044
0011DBDE
00081AD9
FFFA73DE
0007E766
FFFC4617
000A855B
00084B4A
FFFD3273
0004DE3E
000E346F
FFFA5198
00071039
00043A90
000A4A1B
0008FC77
FFFDD021
0000318F
0001A97A
00096E93
0002D116
FFFFFF17
00057621
000A70B1
000824B3
FFF9DDEE
FFFE070A
000A0264
00037BDC
000E8B2B
00009B32
0003E1FB
0011BC03
00081E60
000A8095
FFFD697E
0006EE58
FFFB401C
000301D3
00094EB6
0001560F
FFFF23AC
0009D190
FFFB29E8
FFF8EC5E
FFFBB014
0007F2B5
FFFADEE5
000A7C6B
000936AB
FFFA7448
0002DDAB
00052503
FFFDA807
0002D639
000BE6E4
0003FCD1
000417B4
000989A2
FFF9E9FD
00034773
0008498E
00089991
FFFA1940
0006A4F5
000EA9D9
00072203
0009230D
0000D516
00047CB8
0007CEDA
0006A652
FFFC9111
FFFF1607
0005F809
00031E8E
FFFFBF3B
000A8B58
FFFC1020
FFF6FB6D
000A80B1
FFF894FE
0006A9FE
000833C0
FFFC80BB
00000DC8
FFFD3782
0004E986
FFFD3A6B
0002D5FB
FFFED577
FFFF4932
000564A9
000A5023
000AE6F8
000740F2
0002A9F8
FFFE5226
0003F455
FFFCDD55
FFFD778F
FFFB1C95
FFFD613E
FFF80450
000143BA
0007B645
0000E7DD
FFFC36F6
000A7EF3
000898C7
00067EC5
000C18B5
0005E71E
0000CCB9
FFFB2815
0000A3A8
000975E9
0007D9C7
FFFEA631
FFF71A3B
FFFDA924
00015119
FFF87D7B
00026BD3
FFFBFA3F
FFFF7F6B
00014043
0006830D
FFF3C13E
FFFB6FE6
000B088F
FFFCF072
0005CE0C
FFFE38B1
0003F3DC
FFF8156E
00040E8B
FFFE8CAC
000527D6
00009FF6
0007221C
00004643
000900E7
FFFD7CFD
FFFDF1CF
0004C8E7
FFFB26C8
0001422F
FFF7E834
0008BEA0
00073634
00074FAA
00087AC1
000262DA
FFFE6ED2
000011E0
FFFC13BD
00021F69
FFFA02D3
0002F0B8
000169A9
FFFCF99E
00041DF3
00009B72
FFF8EAAE
FFF8F2F1
FFF60E40
00010675
FFF9138F
FFFC7412
FFF54A03
FFF2BCB8
FFF41BA6
0005E60C
FFFDBFE2
FFF5B083
00053CA4
FFFDF61C
FFFF286C
FFF440BF
FFFCA525
FFFD72A1
000034A6
00074879
FFF9C069
000B8030
000CC098
000784AA
00090955
000B0E6B
FFF7DB5A
FFF9CAF5
0000B4D4
0002F54D
0008B7EC
000487FC
FFFD8094
FFFD06F9
000A8541
0007A982
000753DF
FFF833BB
FFF67507
00056BCD
FFFE99C5
00035A35
FFFB8E61
FFFCDFBC
FFF91F3B
FFF8DE0B
0001A5CA
FFF21F5A
FFEEE996
FFF7CC49
FFFAD170
0004AE9C
FFFABA01
0002177B
00030B0E
0002FD39
000525AF
00031DD6
FFF9F905
FFFDD72E
FFF71D90
0000DE00
FFF88A9B
000ABC5E
FFFC9DE2
000A6393
FFF98968
FFF68657
FFF79BA1
FFF974DA
FFFC440A
000CE9EB
000E7273
FFF6C411
FFFF7A66
0002BEC8
FFF8EAE7
FFFE1306
FFF8EF0F
FFFB19EC
FFF779A2
00003FE2
FFFBB58B
FFF334FB
FFF807DE
FFF7C53C
0008EE9A
FFEDAE8D
FFFE8DB4
FFF01822
00060B0F
FFF38F34
FFFEA1A0
0005B17A
FFFFB2EB
FFFC41E9
FFF8471A
FFF28AB8
FFF2E3AA
FFFEAF19
FFF59468
FFEEB7B5
0002C710
00009518
FFFEBF26
FFFC4A1A
FFF7E459
00026505
FFF76F81
FFFCD975
0001956B
FFF9348A
FFF297AD
0008D573
FFFB9003
FFFECC2F
FFF5F586
0001B18A
FFF52D1E
FFFA1004
FFFF0390
FFF9675D
FFFB374A
FFFE554B
0003F671
00052597
FFF84164
00028529
00000686
000691F5
0004A9DE
0004B7F8
FFFE8DFD
0005ABC9
00030EF7
FFFCD835
FFFDD4B5
FFFAC558
FFFBCB84
000DBF1F
0000FA15
FFFB0152
0004BE64
FFFD00B9
0006118B
0008559F
FFFB95B4
FFF59EBF
FFF73F25
FFFE27DB
0002E00A
000471BA
FFFB11AD
00013910
000BC88D
FFFCA2DE
000286EA
FFF9C67F
FFFEFB71
FFF83897
FFF86D43
0000E6F2
FFF656CE
FFFF285C
00080683
0007CDCC
FFF3F614
FFF06A3D
FFF92F62
FFF75777
FFFC3CCE
FFF493F0
00038006
FFFEEC42
FFFAF93C
0002D95E
FFFFB435
FFFC23A0
FFFE309B
0002BB7B
FFFB4117
FFF5FD9D
00009D05
0005AEC7
FFFF7CCA
FFF90A30
FFF71FF1
00037D39
FFF12806
FFFA5F96
0001EE87
00023E6D
FFFCE55F
FFF185E3
FFEF60F4
FFFA751B
FFF89DFD
FFFEEC77
0008F373
0002BDAD
FFF821CA
FFF3418B
FFF01688
FFF8FC62
FFF7A721
FFFAF1B4
0003F462
FFF50ECC
FFFB455F
00042D94
00040D26
00045DA2
FFFF2C56
0008ECF2
FFF5EDED
FFFFD3B9
FFF90F29
00071B86
FFFBD98A
00089109
0005C443
FFF61E52
0008D753
FFFB3A1E
000B9ED5
00017AEE
000921F3
0001ED00
FFF9E1F0
FFFB19DF
FFFFC487
00064B45
FFF6D086
FFF1CFAA
FFFFFCD3
FFF20356
FFF53391
FFFBAB23
00031F67
FFF9580F
0004D76E
FFF83A3A
FFF6123D
FFF4944D
00004AB5
000667B3
FFFB41C4
FFF53FAD
FFF5DB33
0005E2BA
FFF8C639
00084F6E
0002FB29
FFF8BAA5
0003D9E5
000224DB
000B0859
0006EE60
FFF9F94B
FFFFE31D
00008345
FFF57E0A
FFFCBF43
FFFF8288
0008440E
FFF46F5C
FFF8533C
FFFE6363
000A9D16
000C2EB0
00061EB9
FFF8BC06
0006B700
FFFA588F
00039E16
FFFC8361
00003083
0004FABC
FFFE4B48
FFF3CB60
FFFD966D
FFF22888
FFF6C684
FFF77081
FFF30C60
FFFE7A72
FFF79C83
00052112
00035FF6
00043657
0004FBCB
00020B20
0009EAAC
FFFEF4B3
FFFBA378
FFF35F5B
00011A36
00061925
00025504
0006B890
0007202A
0003BBB0
FFFF7426
0000F9E9
00064E80
FFF1EA15
FFFC52F6
FFF83F13
0002135B
0004733C
FFFF059C
FFFEA332
00027DB2
FFFBFC2E
FFFF7191
000559D5
0001DF9C
0004F629
FFF82563
FFF8EEE7
00003777
FFF50813
FFF572EF
FFF5E210
0004969B
0003276F
FFFD0BA8
0002B40E
0002A24D
FFFDE613
FFF72707
FFFE7C3C
000BD12C
00037218
00027FCC
00071188
FFFE34B5
FFFBA318
FFF80387
FFFC68AB
FFFDCFB8
FFFFD608
0005385C
00097AF9
0008ECB1
FFFACC67
0006B9A6
FFFDCEF1
FFFF19D2
00009894
FFFC247F
FFFD52DE
FFF5439E
FFFB1DBC
FFFA546C
0000F9B1
FFFB2483
FFF40F22
0000F401
FFF0E29D
FFFF17F6
FFFA2F6E
FFFBD1CC
000AFFD1
FFF366D3
FFF5AFFA
0009CDDA
FFF816C0
000966FA
0001B925
00001EFC
FFF9D341
FFFED9DA
00043FFA
000B4DB5
0001EDB4
FFF97253
FFF9D5D8
FFF55DB8
FFFEE242
FFFE910D
0001221C
FFFEF915
0003B055
000742B2
0005EB50
FFFE192E
FFFD9866
FFFEDDCF
0009782C
FFFAB60A
FFF833F0
FFFF0D22
FFF714BC
FFF475CD
FFFA4562
FFFED6E4
0000D7AB
0002BBF3
FFED40AA
FFF5174F
FFFF45A4
0003411B
0008488E
FFFB7C23
FFF54C86
FFF058E8
FFF50776
FFFBBC0C
FFF2FA88
0000CEE2
FFFB3A83
FFF4C2E6
FFF5FDEC
FFFCED10
FFEDCB9B
FFFA0953
FFFBCE66
0001EE81
FFFF3623
FFF0F1CD
FFFD5FD3
FFF971C1
00054200
FFFCA6D3
000DB9AA
00043AE2
0001954B
FFFC5D59
0006287C
FFFD36FC
FFFA1CE6
FFFC4A5B
FFF71DF0
FFF216EC
FFFC3C55
FFF7E381
FFF6E6F0
000905E1
00028AAB
FFFB8B75
FFFDD110
00029766
FFF9E586
00050D16
00024B02
FFF7B280
FFF828F8
0003FDA5
0001D2F2
FFFF8105
FFFB730D
FFF4DC0C
000836DF
000533EE
00096F19
00001488
FFFB9B0E
0002920B
FFF39FD6
FFEFBA4E
00000A31
FFFA4054
FFF640B7
FFFCBB8C
FFFA6D48
FFFF37B9
FFF826DD
FFFAC9D7
FFF77A5C
FFEBF4A5
FFF00BEB
FFEBC815
FFF90FE2
FFF755F3
FFF282D2
FFFB3482
00053BD8
FFFECCB9
000318E2
FFF87768
000A2D17
000CB9FE
000B0E89
FFF94523
FFFAA7E9
000579D5
00032EF3
FFFDBC5E
FFEE2413
00010FA5
00000F49
000535D8
FFFB41A3
FFF5F307
000AAC1E
0006BDA5
0002BB61
00035B48
00082228
FFF4098C
FFFF28F5
000156B0
0007CBAF
0004A7AF
00006907
FFFCB55A
00048A24
00099D69
FFFC905B
FFF700F4
00070AF9
FFF72E3E
FFFA26F1
000B554B
FFFD7246
FFFD21B8
000429C5
000DCC57
FFFD33A7
0008C8A6
0000C315
0008D747
FFFEBE77
FFF9094B
FFF9D3DB
FFFC4E63
0002687B
FFFFA96E
00041CF8
000075C0
0004C7C3
FFFE2D7C
000232F0
00095110
FFFE4E55
0004F045
FFEF96E8
0003E284
FFFC18D5
FFFC9205
00025FF8
FFFED361
0006E44F
00058F8F
000B8AE3
00009E3B
00031CF6
000A7044
000726D2
FFF98B46
000955F6
0004EE77
FFF65BE0
FFFEE796
000CDE82
000A022F
0001C57E
00072499
0006CBA5
0001DC78
FFFBDCF2
0006A04D
FFFDD5DE
0005DEF8
00094733
FFF9A31A
FFFBD9A7
FFF67A73
FFF811DE
000185CA
FFFF00DE
FFFD787A
FFF92888
00001A81
FFFB5AB4
00085881
0004C848
FFFD4A1D
FFF93F83
FFFF698D
00031749
0006DC34
00042151
0005B5AC
FFFE6439
FFFD57CA
0008B824
FFF78DF0
0001F25E
00020D9A
00044551
0000A6E7
FFF69D56
FFF84417
FFF2F693
FFFF54F4
FFF31D78
FFF93176
0005B217
00036026
00000424
0005D0DE
FFF3174D
0003F88F
FFF4365E
FFF46E81
000222DB
000612A2
0008D370
FFFF0D92
0009D1F5
FFFD5F8A
FFFD75DD
000853A6
000367F4
00035F78
FFFEB997
000A7CC5
FFF43CCF
FFFF2D11
FFFF17FF
000178C5
000980F3
000DC66A
0006DD5D
0005EE80
00008B37
00063202
FFFCA3DC
FFFB13A6
FFFD46F5
FFFB8904
0007C60C
00118AC0
00041913
FFFCC9DB
FFF980ED
FFFBC678
FFF370BB
FFF8F030
FFFC5D99
FFFA129F
FFFA952B
FFFD0BF3
00034F40
FFF9C5A2
00074174
000867B2
0006714A
00061572
00015FA4
FFFF8125
FFFCC538
FFF7CFBD
000AC54A
000EA7B2
FFFB084D
FFF85827
0011DBC5
00032A25
0004882D
000E0D4C
00031C03
000D0C65
000D88D0
0005D0F1
000956DB
FFFACDF5
FFF81910
000A3A46
000D7B16
0002EE34
000323A3
FFFCE06D
FFF919D8
FFF91A36
0002772D
FFFD90BE
000009A4
000B6429
000869F9
00020E9F
FFF832B1
000C9590
FFFF45E3
FFFBAE2E
0010BE30
000E0354
0003720D
FFF88667
FFFAE02E
0001CC16
000A6818
0007EF4F
00036AF5
00017AD1
00059538
FFFC2A09
000A52A9
FFFBB319
FFF245A6
0008BDC7
0000CEEE
000A15E3
FFFE351D
000A5792
0006774A
0002D7AB
FFF53A9F
00094BA8
0001E1FF
0003ABA5
00009F2D
FFFDD335
FFF2961D
000E6755
000E6CB8
FFFF270E
00004869
0007CC19
FFFF4664
FFFB87E2
001223D1
00035ACB
FFFCB703
000DD021
00062EB6
00031F7E
000031B2
000BEFF6
000CBC9C
00079442
0005731C
000EADB7
FFFD932D
FFF9D826
00006DDC
FFF9212C
FFFFB927
FFF620FB
FFF484F7
0005410A
FFF7C74A
000D2062
FFF9AA1A
0009026E
FFFB14DB
FFFFB7DD
000BD305
FFF2C7C8
0003B21D
FFF45976
000D2804
0001E502
0000CD25
FFFB2601
FFF52D60
00066C68
FFF714A7
FFFDAB79
00061E20
00033A4D
00006155
0004371C
FFFC887E
00087244
FFFB016B
000D9AC8
0001E41B
0010C224
FFF9F76B
000598C3
FFFBB7E4
000116A8
FFF902B0
00011244
0008B13B
00064A31
FFFC5321
FFF6D0CF
FFF9FB55
00036CD3
00013DA9
000266EC
0005EB3C
FFFFB0CC
00019319
00002E3F
000B7A71
FFFB4185
FFFCD4A1
00055CDF
0005FC40
FFF3C846
FFFB2DE8
00056438
00088A09
00005D95
0008C340
FFFE97B9
FFFD6FAB
00092A13
000D29AC
FFFEE879
0003D3F2
0007F40B
00080529
FFFDA8F0
FFF59236
000095E8
FFFE6C1C
000691E6
0001848D
FFF295FE
FFFD51CA
000A0858
FFFEA1E2
00020843
00073758
FFFC471B
00026C1E
000BCADB
0000F8F8
000F52DD
0002F3D0
000E1F62
000081A2
FFFA4C7D
FFFC0DBC
000643E3
FFF8EB56
FFFCE584
00026892
0008267A
00033E1F
000CA1FB
00001A9C
FFFBF04B
0008FD90
00014492
000823F4
FFF8B764
000B9E33
00034D23
FFF68448
FFF2E9F0
FFF2C150
FFFE55C3
000AD9DA
FFFE5669
FFF5935B
FFF6F685
000D9122
0004ADD7
FFFE9694
0002B96C
000458AD
001495C3
000CC35F
0007932A
00007DE2
0002A7D3
00056A8F
FFF04E46
000402C8
FFFC2975
000633D6
FFFD9D63
00037F0C
0009EDAB
000DDF78
0000E816
000187C5
FFFB67FC
00041503
FFFD697F
0001C706
FFFEB2FB
00071F1A
FFF9AF45
FFFE63B5
00019659
FFF5B704
00013E34
FFFE7080
FFF31BA8
FFFA277F
FFFDF7D3
FFF76AB1
000D45B6
00050C52
0012752A
FFFEC2ED
000F840D
FFFEC353
00135609
FFFAF022
000D6B00
FFF65299
FFFBC226
FFFF3DF7
FFF06CB7
FFFB1F12
FFF77EFA
FFF8CB0D
00066B5A
FFFD1570
00039ECD
FFEECCDD
0006E11E
FFF0A5B5
000599CE
FFF7E858
0001C1D2
00012CD7
FFF4FBCB
0001B1C9
00039F28
00046F55
0005E338
FFF5B4D3
00060F69
FFFB8D77
FFF1B91F
FFFE8D48
00049706
FFF27F93
FFFA51C8
000D17F7
FFF45F0A
000BF2E5
000AC13A
00039375
0005C1F9
000807D6
FFFDEDE4
FFFBC716
000572B2
FFFC618E
FFF7905E
FFFB27EC
FFFE7542
000301B3
00035363
FFF97A9E
FFFE451C
00090202
000C8AF4
FFF5B1A1
00019BC9
0001C215
0000664E
FFF993EE
0009C5B4
FFF227C6
000065EA
FFEEB1C4
0002FBB9
FFF9F552
FFF323DF
00035E9A
FFFFD026
000037FF
FFFDE419
000E17E4
FFFE2D43
000D3666
FFFA115E
0011BCC1
00075094
FFFEB295
000592FE
0004305A
0003C487
00075239
000389BE
0008B652
0000966F
000B6C89
FFFD8628
000F9625
FFFEC155
000880FF
000A6501
000E575B
0001D290
000BA573
0009B4C2
FFFAE6A2
FFFD7B86
FFFDDBDC
FFFC5226
00033F29
00094CB9
00073DCC
00035DF0
00097670
00048E5C
FFF68DD5
FFF64C3D
0008F7FD
FFFB4FF9
000A017F
FFFD274B
0004D8BF
00103D3D
00052B40
00002AD4
0007969F
0007B079
0001EBBF
00034785
FFF787B2
000BF455
00099EF4
0003DA06
FFFB12BD
00054AC9
00036377
0009AE75
000660F9
00020EDB
0001EC1D
FFFBCFEA
FFFA3688
FFFCB9AC
FFFE6173
FFF7B348
FFF5AE0C
0008DD04
FFF52E6B
0000143E
FFFEC4FB
FFFE51CF
FFF9161F
000F298D
000BFEB1
FFFEC6D4
000B89C3
FFFD1F59
FFFBC432
00096A08
FFF8C9BC
FFFEA3F4
00072B8B
FFFF7E64
00019198
0010081B
000C31DF
000A563E
0001B7C2
00037D79
0009BE84
FFF2556A
FFFA170A
000CF8D7
0003994A
FFFCA526
FFFEB302
FFF5F59B
001185A1
0006D1EA
0002459F
FFFF1E1B
FFF59ABC
000874E7
FFF62186
00052605
FFFE1B08
FFFAB97B
0004A071
FFF865F6
FFF236A0
00052D06
00034CD0
00124CC2
0002CDFB
FFF8DEDC
FFFC1254
000479EE
FFFC6022
0000359E
00002EAD
000786E4
00005CCA
0000E7B4
FFF7AC9A
FFFA995F
0004857E
00019E73
FFFD50F2
00044C40
FFFFC599
000CD855
0006BB5F
000E2ECD
FFFD5618
FFF658FD
FFFE719F
FFF7CA43
0004EF57
FFF4F04C
000566A1
FFF6110B
FFF89959
00063646
000AF318
0001F572
000B0585
FFF54361
FFF6C454
0003D1E3
FFF750E6
FFF80228
000945C4
000A03CA
0003E880
FFF9297A
0003A6A4
00059268
0002710A
FFFF883F
000B9683
FFF74B31
FFFEF75D
FFFA5493
FFF7B0A2
FFF7A81B
00070B10
000C164D
FFFD3495
00074A39
FFF1D626
FFF5E766
FFF4E52B
FFFE75A3
0003074D
00048029
00060C5F
FFFF171D
FFF60FEB
00055412
00003C55
00048FB5
FFFDC985
00060A33
FFFC180D
0003B497
00090A55
000B65D5
FFFD6A26
00015248
FFFBC552
00002134
FFFC4D14
FFF882CA
FFF99AE6
00076EDC
FFFC9055
0001AA73
FFF3BCB2
0004D711
000306AD
FFF92DE0
FFFC549D
FFFDBF87
0003AD34
0000FEB5
FFF4196F
FFF2F02A
FFFCE24E
00050C14
FFF57D0A
FFFD1D95
000A5EE5
00027744
000C1828
0003C2AD
FFFFAF0F
000AA8F0
0007355A
FFF2351D
00034D9E
00074496
00052DD6
FFFF8A1C
FFFBDE52
0002DD39
0004DEE9
FFFFAC32
0005F944
FFFE7996
0006AAC5
FFFB5B26
FFFAD216
FFFAA0AC
FFFC9BC6
0008579D
0000F431
FFFE96EC
00084A11
FFFF4CC7
FFED07D5
FFFDD25B
FFFC6E2D
FFFBED23
FFF3B951
FFFA6D98
FFF67580
0003B427
FFFBCF05
0002413A
FFFD21D9
FFFE21C2
0001D8AE
FFFF3257
00066ED1
FFFCA096
0003D86B
000748BB
000B328A
000B3201
0007D9F9
0002E09E
0005F5EC
FFFAA3D1
00028F70
00009E4C
FFFF9183
FFF448EC
FFFE69D8
FFF430C2
0001F687
FFFF9982
FFFB38E0
0006B177
00023252
00038809
FFF1959A
00048974
FFF4C8B0
FFF0AD01
000C639D
00040C74
0000FF11
FFFBF4F8
FFFF49ED
FFFA4A09
0003E87B
FFF70588
FFFF0E20
0000E59E
FFFAA1F7
0008EE21
000372BE
FFF7A663
0000C1FF
000D535D
FFFCA16E
0004CA40
000501FA
FFF9AE02
FFF70092
000637C7
FFF81A2B
0007E230
FFFBD332
000372E2
000BB07F
FFFE5B96
FFFA95E4
FFFE0F12
FFFF6032
000B098D
FFFECB72
0001650D
00007011
0002D728
FFFC58C5
FFF80738
000A9850
FFFFBFEF
FFFCA058
FFFE2461
FFF8FB42
FFF8A305
00059E91
0008EBC8
00051CA8
FFFBC073
FFFF1116
FFFD21B8
0003576E
00003B52
FFFE8925
FFFBCE9F
FFF6D048
FFFCC3E0
000BDBC2
FFFA84E4
0003619B
00013759
FFFE59D5
0006C823
0006F006
000739F6
FFFA8CEC
FFFA7D29
000D2F9F
0006C7F9
FFFFCFB5
0002D72B
0003F6CA
000B110F
FFF7FB73
FFF48C95
FFEE46C0
00036A56
000002B5
00047502
FFFDB52E
FFF74D4C
000A0C01
FFFB797F
0001A923
FFFA6EAF
0007C6E8
00013043
000C6FE9
00091E83
0004416F
FFFB7BEA
0001AF13
FFF39A7A
FFFED6D3
0005995E
0000A137
000110A3
0002F784
00067B45
FFF8D2E4
FFFE863D
FFFA6CA6
FFF79BFE
FFF72F1E
00055B77
000CD47C
FFFC79A9
FFF760C7
FFF773BE
FFFAFC25
00124DA0
0004B579
FFFF20FF
FFFB9EAF
000445E4
0002A102
FFFB5393
00023B2E
FFF61F5F
00006180
FFF453B8
000999D8
00099A18
000A2C72
00028856
000741F5
00053824
00062F3F
FFF84ACD
00003248
00061972
0007C233
00058098
0007DCF2
00023846
FFFFF084
0006ED13
0007289F
0000B6DA
FFF6A7C6
FFFEEA94
FFFE75E0
FFFB26A3
000364D0
0006BE05
FFFAC308
00065E3C
FFFAE88B
FFFB72AA
0004CCE0
FFFF2EBB
FFFF6AFF
FFF8373F
FFF461B9
0000EA9E
0004407B
0000DBBF
FFF52345
FFF72789
FFFC9BDA
FFFC4C13
00016FF9
FFFA0655
00054DE8
FFF9DEE3
000607E0
FFFA7F55
0006C507
0002B6E7
0005011B
000BC999
0005099D
000DE877
FFFA6BA4
FFF219E0
0008893A
FFFAC60D
00055883
FFF6EF35
FFF8BC24
FFFEF9BA
FFFA144F
FFFD4520
00002075
FFF92C02
0004B688
FFF24557
FFFAC880
FFFD1E4B
FFF32C9A
FFFA1D34
000197BF
FFFBE3DE
FFF821A9
FFFD8E39
FFF4C6CD
FFFE6C20
0006D0F8
FFFD8D0C
00057CEF
FFF7AE38
000566BA
00082148
00050B87
FFFA4E15
00077B93
FFFA3F1E
FFFC5BFC
00062C22
00087752
FFFEFCB1
FFFA2481
FFFD09FE
0000CABD
00014DF2
0002E245
FFF9109E
FFF59135
FFF6D85C
00066310
00095105
00046820
FFFD0DF8
00059530
00063259
FFEF803F
0006F16D
0003EC96
FFFCAA75
000402BD
FFF6C82A
FFFF1E72
FFF26D2A
FFFF3513
000457BF
00072034
0001B129
00070CE6
0001564F
FFFBFF0A
0006FECE
0008204A
FFFD51F3
00008666
FFF67775
FFFE0B4D
000A65DB
00049B2A
0007523E
FFF8C54A
00058FD1
0008E6A1
FFFAB571
0005BAA6
00090F12
000449F8
000C8528
0001EF91
FFFBD31A
000B14CC
0004AC88
0008B4F2
FFFBB842
000369E7
FFEC9E04
0007305A
000680FB
FFFA529E
0009A397
FFFB9EFD
000764D5
FFFE851B
0005B733
FFFC1E7E
00038915
00024E6F
FFFEA99A
0005CCA9
00039F95
FFF5808C
FFF990B1
FFF96137
0009C67C
FFFAA592
0005DC32
FFF4EC85
00000DB7
000430A3
0007EF28
FFF8E8D7
00037C61
FFFEDEBE
00046E95
FFFED919
FFFC8BCF
00004A7F
0003C4A7
FFF9EC9D
0003B9C2
FFFED1EF
FFECA255
FFFC6CA3
0003548B
00047EB4
FFF3ECF6
0001342A
FFFBAA7A
FFF95F23
000247B2
0002B949
FFFE415E
FFF9A60C
FFF06AD4
0003CA95
FFFE7005
0001EBAC
FFFAD51A
0002B86C
FFF81F09
FFF89FE1
0008CD2C
FFFB68E7
FFFB418F
00020743
FFF9FD6A
FFFC399B
00004276
FFFE7BB0
FFFBF5C8
0003BCF7
0001A4FE
000845B6
FFF5B708
000928A3
0008741B
FFFCE465
FFFAF50A
000015F7
FFFBC61B
000AD91A
FFFF29AE
FFF873BD
FFFA80C2
FFFFFA46
FFF4378F
000286C7
FFFCEBBC
0001C1D6
0003907F
FFF8E442
FFFD1C47
FFFD38FF
FFFB4295
FFFB295F
FFED6D06
00034505
0000A45F
FFFC7858
FFFBA90D
FFF8E327
FFFD4246
00028521
FFFE7330
00101B06
00065440
FFFEB25B
0009B9DD
FFF7C35A
FFF741B8
FFF8DDB7
FFFE26F0
0008405C
FFFC6862
FFF83F3E
00000615
0000BBB8
FFFC737D
FFFFFAC9
FFF663A9
FFF178E3
FFE86089
FFF628EF
0004FA37
FFF67B05
FFF9C34B
FFF78DFD
00089308
000202A9
FFF85C20
FFFF8F29
000C5D14
FFFE0FC5
000BC7C8
FFF8403E
00049F2C
0000E629
000436A3
FFF54057
FFEE7409
FFFEDB66
FFF4177B
00075265
FFF6C122
000299A2
FFFDCB59
00013150
FFF529B7
FFF8FCC7
0011729C
FFFAB2E5
00002466
00080E0A
0007D893
FFFAA50D
FFF72F1F
00055152
000548BF
0003278F
000F8AB1
FFF8F7FC
00036266
000B5701
FFFB1BE8
FFFED205
00008F81
FFFF60CB
000171F9
0005509D
00010006
00075B4C
00022FAF
FFFCF42A
FFEE48BC
FFF735C8
FFFDA4CA
0013BE60
FFFD860B
FFFB8D7A
FFF5BA50
FFFEF733
FFF8A644
FFFDB9BB
FFF89512
00031AC2
FFFAB1E6
000457D2
FFF78BC8
000E3A18
FFFD0695
FFF6BDB3
FFFF5E04
0002459C
FFF999FB
FFF8B84A
000848A6
0005CD63
FFFE10DC
000361FD
0004260E
000322BF
FFFA4F28
00015645
00015C24
FFFB9ED2
FFFD20EF
0003E348
0005020C
FFFDD1CC
000071FD
FFF48556
00042BD7
00086595
FFFD119E
FFF7BCBA
FFF9C1CE
00028CC4
00023536
FFF6D481
FFFE9EB7
FFF459F5
0006C1E0
FFFCB2EA
FFF27A72
FFECFB44
0003631A
0001D1B0
FFF628A8
FFF3E460
00076565
0001B505
FFF9D123
00072B99
FFF1E915
FFF761FF
FFF71695
FFFEF44F
FFF8302E
000D2EC2
0003097D
FFFC4EBC
0003543B
0007D0E2
001017B1
FFF4E278
FFF7B882
FFFD14CC
FFFB2C37
FFF972A9
000A8C30
FFFAA200
FFF44754
FFF7E449
FFFF9F4A
FFFEA50E
FFF995ED
FFFA2388
0001D219
FFFE478A
FFF9749C
0007A81B
FFF9A12C
00030358
000CAC36
FFF8EB58
FFF19C1C
FFF802FE
0002E7E4
FFEF2844
FFFE5508
FFFBB02B
FFFFBDBA
000AB85F
FFEFC9EC
FFF3FF2D
FFF43889
FFFAA25A
00097369
0003AC20
FFF9F0D0
FFF95AE4
FFFC6040
000CD0FB
FFFE7E0C
00063847
000CCB0C
00043B50
000B8D8E
00098DAD
FFF7D491
FFF15D62
00008C30
00065EC9
FFF603FD
00063A69
000A3A32
00063E5A
000AE91F
000BB056
FFFA953D
FFFDCE9F
FFFA1D2A
0003DD87
FFFCADC5
FFFB2EFD
FFFE66B0
000F189A
FFF65EE9
0002FDF0
FFF2D031
FFFB6210
00042203
FFF7D4C5
000C15D8
000DD16C
FFFDA3D4
00138BEA
00069A0D
000E4842
FFFEB781
000B0FC9
000B3D9F
0007067D
0003FF33
FFFC22E2
000A896E
FFF2D126
001044AF
00003ECB
FFFBE803
00029A0A
000C077A
0001E9B7
FFFC415F
FFECF1E8
0002F38D
FFEEF22D
0008B265
FFF1D7B5
FFF2E96D
0000AB2D
000980DB
000009BE
FFF61462
000704F5
FFF32A48
0001C1ED
00046840
FFF69DFD
FFFD5991
000421A3
0004E1E3
FFF6BEAA
FFFE9A49
FFFCBD85
0004D8AF
0010DCD4
FFFC42C1
0007BAF9
00111B7C
00005DA8
000A7346
00092CF2
FFF98143
0009EB9A
00010DE6
0004147C
FFFDEB1A
0007A0E8
000066EC
FFF5BBED
FFF81890
FFF52EFC
FFFBE719
FFF5E538
FFFC2ED8
FFFA3077
FFF4DD08
FFFC103C
FFF3AE78
FFF3E901
FFEE53E0
00018C6F
FFF5D431
000BA78D
FFF8FD95
FFEABE5B
00043A43
0005D99B
0008294C
00041C82
000145A9
000FF4BF
00062289
0006BB41
000B136D
00085855
FFFA3A8F
FFF8BD1D
FFFDB749
0004EF74
FFFF8EEB
FFF86820
FFF8B184
FFF36482
FFFAB1A4
FFF58714
FFF61C6D
FFF45F47
FFFD0CB5
000A6E0A
00097D71
FFF02343
00000F27
00078BF4
000B9626
FFF68DB6
000128FF
00024887
00015C89
FFF73F9D
000C26FA
FFF98F63
FFF653EB
FFF6D76B
FFF562A3
FFF0EDBC
00015ECD
0002DF96
FFF97919
00060FAB
FFF1DAEB
FFFB4251
FFEC79C1
00083AF8
FFFC1EA7
00084D99
000B4E24
000F0BB1
00060744
00005C6C
FFFE750B
FFFAE803
FFF6E441
FFFA3055
FFF5373A
FFFC1AD8
FFF2F0D2
FFEC8ED3
000A09C7
FFFC7391
FFF64021
00043DBB
0006194C
00064160
00008502
FFFC4896
FFFAFFF3
000B8084
FFFD4F2B
FFFB0E59
0002C7D0
FFFE871C
00073433
FFF963E8
000365A4
00013495
0005F560
FFFA53ED
FFFFDB78
FFFB4114
FFF75D49
FFF9DA97
FFFBAE6A
000B54D8
FFF27F9B
FFF1F03B
000E387F
0006EE5E
FFFA7936
0001E113
000B1E61
000F4A29
FFFD3328
0003F807
000AAD46
00038385
000298EA
FFF79A1A
FFFD520D
000D723C
FFFAF17F
FFFA9BA9
00024336
000D5516
000C004D
000C946F
FFF74D5B
FFFBAF3C
FFFB2A21
000892C8
FFFE0EFE
00051AD0
000A3299
000BDE76
FFF64DED
FFED1936
FFE7B7B5
FFECED38
00095848
0001D1B9
FFF48E41
FFF2D3D4
FFFC9C0D
0007851B
FFFBAAB9
FFFBF763
000386C5
FFFE2763
0007C74F
FFFD79DC
0005D01A
000867D4
FFFA0FD7
FFF7E620
FFFA7CF0
00037498
FFF39085
FFFE8FA0
FFF0C49A
FFF605A8
FFFCA399
0007A16C
0001954C
FFFA68BE
FFF7D88D
00033A7B
00058CE0
00035692
00087318
FFFA39D7
FFFCE3D0
000048FA
FFF9B1C7
0004A9AC
00019278
FFFBEFCC
000DD364
FFF6F6F0
FFF97CB0
000375F4
FFF98CC5
000298AD
00071F67
0003703D
FFFFB86C
FFF9728D
FFF1FC6F
FFEF903E
FFFB3773
FFF5DB50
00073CC8
FFF51A69
FFF1D830
FFF83028
0006652C
FFF08B47
0000BA0B
00030381
FFF14C48
FFF895AE
FFFD467A
FFF09460
FFFFF5C0
000D5C4A
FFF4820D
0005D093
FFF150C3
00002745
FFFC0D66
FFF1F1A2
FFF0B26D
FFFA84DE
FFFA60CA
000330FC
FFFE3807
000C1239
000AF034
FFFEE83B
0008D84F
FFFC8457
0000E2F4
FFFF64EC
FFFE7B22
0005ECC2
FFF57FB2
FFF88077
FFFE48FE
FFF326C8
000083DB
FFF54DA7
FFFBE1C2
00005275
FFF62E2C
000919E3
00043D91
0007D45C
000F23CF
000B2420
000CF503
0001DEBF
FFFCC06D
000B7C83
FFFB5160
FFF805F4
FFFEC611
FFF94D52
FFF06139
FFF69142
0003D509
0000451A
FFF97A20
FFFF7B3B
00038F06
FFF3E6C9
FFF8904E
00032C89
FFFFCB57
FFFBB9CE
000FA3A6
FFFA9B52
00027000
0003E9E0
000B7E35
00058FFE
0003BB1B
000BC215
FFFD18E9
FFF6D28C
0008BC82
FFFCC51D
0001595D
FFFAD6D3
FFFA78D9
0009C13B
00078422
0002C48D
000248BF
00008CBE
FFEC5D72
FFF848E6
FFF56B97
000EAE61
0000E8DA
0005EC33
0004AF74
000865E5
000A6EB3
FFF9F0EC
00079274
FFFC0563
00051AC6
00070B0B
FFF7C98D
00113166
000FCD1D
00066F35
00043A09
FFEE3639
00062719
000DBEB9
FFFFC918
00053B07
FFFB3139
00014136
0010B27A
000674BF
FFF73229
0001578E
0009B611
FFFB65CC
000640A6
000D9E0A
FFF05FFB
FFF5B64D
00072274
FFEDA1B9
FFF7DDE3
FFF6F902
FFFC9B86
000E520C
0009523E
FFFF83AC
00022905
000138D5
000BDFFC
000286B6
0004F701
000863DE
FFFFFDCE
FFFE6357
00007493
000B91C3
FFFADA20
FFF5F3F2
FFF6DCDE
0005C285
FFF67FCB
FFF9413F
00043D48
FFFC8CC0
0004AD30
FFFAEC94
FFFCF87F
FFFF4671
FFF3E561
FFF8865D
0003ACD5
0003555E
0003BEBA
00076A3A
0000B61F
FFFA1034
FFFCBD64
000A89E6
00132308
FFF86ECE
000200D2
FFFC5EE1
0006DBD0
FFFD878B
FFFDC24A
00026811
FFF84411
00099E1B
0004C4A1
0005F26C
FFFF510A
FFF999A5
0006DCD8
FFF1D9C5
FFF8326B
FFF273FF
FFF31188
000259C9
FFF4FB6C
FFFA1D4D
00047558
FFFF10E1
FFFB93EF
FFF0346D
00009EDE
FFFB166E
0005661D
FFF88F48
FFF2BC9D
FFFC61D6
0004F725
000318FA
00002EF7
00097EF7
000D2931
FFFF7E67
0000D42D
0006897C
FFFF3F57
0009DE1F
FFF75B01
FFF7E5AF
FFF5A11E
FFF2B245
000A4832
FFFA7EFD
FFFFA8E7
0004D5BF
FFF627C5
FFFB091D
FFF4E86A
00034B28
00034F9C
FFF6D67D
00003E41
FFF8C2AC
000416B3
FFFDC01A
000FE774
FFF9FB4B
FFF7A8B0
001318FC
000860EA
FFFAB971
00068516
FFF8A2FA
FFF84570
0007C838
FFF58CFA
00036F88
FFFF5FC5
00052EE8
000A8F15
FFFC51E6
FFF34FD2
FFFC7047
0005DB4A
0006E848
FFF2C16C
000DAD75
0005E3E7
0006C084
000C64CB
FFF58984
FFF55862
00045A47
00056E73
FFFE1B89
000BDAD8
FFF64548
FFFAB9D5
0000DFE6
FFF10B3C
00027AE3
0001AF25
FFF41C66
FFF8A8AE
0001C7E0
0007E076
000311D2
0004B81B
00035165
FFF76154
FFFF837F
FFFA85CF
FFF4C10E
000233D6
0002426C
FFF58BD8
000DAA4F
00094C72
FFF4F190
000BF8A1
FFFC92DC
FFF6534F
FFFA9A40
FFF787DC
0008EF0B
0003B55F
0006AE0D
FFFE5E44
00099ECE
FFF9420C
FFFF1A42
00020788
FFFF4351
0003BD3E
0003CF93
FFFCACEF
0007F456
000662C4
001339CB
FFF74F09
000B8ACC
00089156
FFFE0545
FFFA618C
FFFBCA8F
0005AF43
FFFC6F2B
FFFE709E
0008C89E
FFF56D37
FFF935AC
FFFF59AB
0008B3A1
FFFF9F45
FFF38FAF
FFF49CB4
0003A483
FFF2B443
FFE8EA5A
0003C83B
FFEBE2C6
FFF202EB
0006EC00
FFF1124C
FFF6009A
0009618A
FFFDB0FF
000464E3
0006F859
FFF282D6
FFFD8D35
0001D788
FFFA74DB
000252EB
0007FEAC
0006B33A
0004AB6A
000729F4
FFF7E9BF
000E953E
FFFF3CFE
00031325
00051E4C
0000EC55
FFF6B2F2
000F1B3D
001629B1
0006454E
FFF25983
000260FD
FFFAE92F
FFFA30D6
000A18F6
FFF6FB09
FFFA0362
0006C48A
0005D4E4
00010F75
FFF1A296
00028C7B
0007A0EF
00080CF1
0002F594
0008D1F5
FFFC5A36
FFF984FB
0004901D
00057082
00055440
0005C5EA
0003EF57
FFF46C55
FFF94EDE
0000BF42
0003E650
0003F23E
FFFE57B2
FFF7E286
FFFF0E71
FFFA3D50
FFFE183D
FFEC51B7
FFFB73EF
FFF5962A
FFFF4E1B
FFFD35D8
FFFF4458
FFF4BB6F
0007AB2D
FFF646AC
0001C647
000A4C9E
FFF7E541
FFFDDBF2
000B2331
FFF23A7F
FFF2A6EE
FFF97981
0003B5B7
0008702C
00009627
00038728
FFFE8F1D
0004B7EA
FFF3BE81
FFFF8C7C
0006448E
FFF14D77
000A77E0
FFF2ED08
FFFE0835
00006AF2
00035AB7
FFF6558B
00110858
FFFE3923
00064F8A
FFFE40DC
FFF7AD88
FFFC8AC2
FFFBD01F
FFFA123B
000A70ED
00164E9F
FFFE874B
000694B4
00109D3F
00071607
FFFFA326
00069764
00087FBC
FFF650DC
FFF85D76
FFF5D292
FFF77B67
000AFB35
FFFFF354
FFFF6431
FFFD6B4D
00087F8D
FFF44F05
FFF973C3
00022414
FFF534C3
FFF51458
FFF06772
0003C831
00062930
00038B33
0002DD62
FFFF1FAB
000C00B5
00044F0E
FFFFF0AF
FFF21A95
FFF343D8
0010651A
FFF785F3
0004D2F2
0000CD77
00005EFD
00081A6F
FFFCEA4F
FFF9D68E
FFF8BBB5
00149200
0004E639
FFFF1DBE
000B0F5C
0000577E
FFF5A3DA
FFF982D8
00052131
FFF7F12D
0000F9FE
FFFD86E0
00104402
0009D99B
0006E662
FFFE24A2
00023B55
0005224E
FFF84EA3
0003577F
000BE568
000D0038
FFF73B10
FFFDC071
00015DF3
FFFB20AE
FFFC50EA
FFFA5A45
000898C4
00022B4F
00018004
FFFA0562
FFFFE85C
FFF3DBE8
FFF1F368
0004372E
FFECA82D
000191A3
FFF491B9
0000EE92
FFF680A6
0009D9F7
FFFECDB2
FFF7EF83
FFF7C675
FFFE11A0
0005D7F3
FFF18B4C
000C4A11
0006620A
00003213
000D1A08
FFFE1B33
0006F967
00071709
FFF7D763
0009AC55
FFFE8699
FFFD7B15
FFFB7B54
FFFA70A1
0008798B
0008C8BE
000A58E2
000A67AE
FFF83CFB
FFFF109C
000CB14F
FFFC4F80
00050842
000238E1
FFF5CB7B
FFFA7D13
FFFF8C96
0007224B
000C03E4
0002884B
00010F57
FFFFA3DF
000DAB67
000700E9
000027CD
000D32A9
0000A5F3
001527BA
0006DC5E
FFFE7393
FFFD10F8
00036E80
0016A6B6
00008798
FFFDDE17
0009C9DD
FFF3966A
FFF04215
FFFB8F7D
FFF5C2D4
FFFE83AA
0004116B
FFF6CAFB
000230AA
FFFBA602
FFF881A4
000A2DD5
00034210
00073ED8
000728C8
000BD118
000AC296
FFFA2662
00001FE1
FFFB18C8
00032B67
000F3699
FFF5C7A0
000DE87A
0001E05F
FFFC6522
00068573
FFFD2068
00063864
FFF7F5D8
00007A2A
00008E06
FFF526E7
00010484
FFFE792D
00069DA3
00034BCE
000BFC21
FFF48CEA
0013406F
000A9D9D
000073B6
000B32C0
FFFFABD3
00043905
0011866B
FFFE99AF
0009F81B
000821E5
FFF562EC
0008BD15
FFF9EC7F
0008B1CF
FFF86C04
FFFF8B13
000169F1
000EC0B4
FFFF2735
FFFE6390
0002D01A
FFFB566F
FFF6D979
00005C78
000DC6E1
FFFCD9C9
FFF97451
FFF61D86
FFEC6C50
FFECF245
FFF9D908
FFF8CDF5
FFFE9A3A
FFE889C2
FFF77997
0002EF6A
FFFD5E6F
00033E2A
FFFBD67A
FFFB5031
0003417F
FFFDFE3E
FFF6EF07
0000E6E7
FFFA9BAF
00040620
0004F003
FFF780E1
0000870E
FFF70EBC
FFF59CB7
000172C6
00010A01
000996F7
000FB66D
FFF7F809
FFFAB30A
0008CCCC
FFFFC0AB
000C3D40
FFF8BDFB
000F1953
000819D7
00106893
0003395F
00035799
FFFF846C
FFFA7207
000095E0
00046CC2
000B67F2
000A2F1A
FFFD0F3C
0000CA37
0007F78C
0003CB81
00018A9B
00088CC1
FFFE8B20
FFFDED89
000205AD
FFFF9245
000A2AFE
0005C24F
FFFF6D9A
FFF9EC43
FFF80CAF
FFEFAF86
00056801
FFFFB761
000D03B0
0001348A
FFFC143B
FFFF5C75
FFFC50B9
FFF1B366
FFFCEFBE
000D1014
000A824D
FFFE3E91
0008C9A8
0009BADA
FFF9815B
000E6CBB
00005DB9
000CDD74
FFF4B797
FFFF0F9F
FFF665D6
FFFBC0AA
FFFCC9DD
0003E52B
FFF91CB9
FFF5309E
FFEEC760
FFF5F20F
FFFA9622
FFFF704C
FFFD91FE
000D25BC
0006B488
FFF749FE
00035AE3
0000FCF7
0006A56D
00014B9B
0002E0C0
00008FD1
0003E79A
FFF8BADF
0003CC05
0000D164
FFF81D09
FFF930F3
000197D0
0008D252
FFF7D06B
00081BC2
0003DDE8
00094DF7
FFF38136
001084BC
000D169C
0003FE99
0011DAA4
000559FD
FFF6B4F1
FFFB3DD1
00068479
FFFF88B9
0007E782
FFFC93AD
FFFF5889
000D8A41
000779BA
000D2E25
FFF7B486
0002537B
000EF163
000620D6
FFF92207
0003B730
FFFB0B90
FFF3FB23
00066C59
00003615
FFF63F62
FFFD902E
0003CBA8
000B6A06
0008A240
FFF93897
00066B81
0000C8D1
FFF8FE38
00010177
FFF9EC80
FFFD136B
FFFCAF77
0004BF09
000055B5
FFF5E38D
FFF9F4EB
FFFC406B
00036475
FFFCB70E
00072FC4
FFFAF690
FFFF5B22
0007C0CB
000249F3
FFFEBCD3
FFFE8700
000020A4
00033958
000616AC
0000B610
00095180
00054C99
FFFEBC0A
0009A506
000A02C7
FFF7F7FD
000EBD83
FFFFAEA9
FFFDDCCA
0010D340
FFF753FA
FFF92FFF
000C2D11
FFF87860
FFF710A2
00014B46
FFF462B6
000C073F
FFF56C2A
FFF997F2
0001861A
000033F3
0010F5A7
00090300
000DF19E
00049C54
000B1D6E
000706E2
000AA249
00028606
00059473
00039C34
FFFD6E43
000D1F7E
FFF9EA5F
0009DF50
FFFFF110
000343D3
FFFC801C
FFF8BEF0
FFFE1822
FFFF21BB
00023B1C
FFFB0217
FFFCF0C5
000CC651
FFFB98F2
0000DF19
000BAE16
000D9B53
FFF632A0
FFFA354A
FFFC73BA
FFFFFDF3
FFFE5D1C
0001BDBC
00075706
000B1B97
000613C7
00018C57
FFF5D006
FFF9769A
FFF4A5A4
FFFEC568
FFF9797F
FFF3862F
0003CDEA
000968C0
00036AD2
FFFB5C5B
000A585C
000725E6
00097F43
0003D09A
FFFAF30B
FFF2FC48
FFFF6794
000A8C93
000633AB
0001AA38
FFF7AE3B
00026353
FFFB3B5B
0007841F
FFF8EE35
000652D1
FFFF0334
000B6FF0
00049CC1
00059B10
00005C0D
00092EE7
000710B9
FFFC5290
000428FE
FFF90896
00095DE3
00049748
0003BEB9
FFF26DA4
FFF8A6BC
FFFBD0A3
FFF84681
FFF54F15
FFF55DAC
FFFAF577
FFF561C1
0008C6DE
0005E8B3
0011863F
FFFDC908
FFF76C8E
FFFE9AAD
000021C5
FFFBBC9C
0000C8D7
FFF36BB0
00100C80
FFFA8679
00032317
000147D5
00021A78
00086A7C
0001A631
0008EF2C
0001E9D6
FFFE6615
FFFE29DF
FFF2495B
FFF814AD
000504E4
FFF3952F
FFF8867E
00065C58
FFF56883
FFFA4943
0000B0B3
FFF2C6FA
FFF908AF
FFF76E78
FFF8C7C0
FFFDCCB2
000013E2
0000BEF6
FFFE8EFA
FFFB6895
FFFF56C8
FFFFAD15
000D2005
FFFF8367
FFF7ED3F
0008BEA1
000C3844
FFF9B16C
0002D06F
FFFBB242
FFF6B49C
000911AB
FFFBBD07
FFFFF7A0
000FCE6F
00016EE5
000C5F87
00113BE4
000B6609
0008BBB5
FFF97334
FFFB640F
FFFB0E78
000A04B3
FFFB59FE
0006DC88
000943D6
000873CB
0005DE35
FFFB5D13
00007C40
00070D78
FFFEDDC1
FFF6803C
000048FC
0001EB66
FFFF137C
FFF63363
FFF427AD
FFF7985E
FFFD0F96
FFF160E3
FFF4F4D4
FFF1E940
00059ECE
0005CEF2
FFFBD461
FFF85093
0001371C
000A9BF2
000502D6
000BEF72
FFF9A062
0006B29C
00098243
000E6964
000682D2
FFFCE100
FFFA5B89
FFFE7468
00013B3A
0003B497
FFF89282
FFF8D02A
FFFB2BDB
00036AD6
0005BC39
FFF2D41B
FFFC9E2D
FFF808B2
0007389A
FFFF2DF3
0005216E
FFFB7E2D
FFF9A8FA
0002FE40
FFFABA2F
FFFEB960
0003E00A
0007F559
FFFA2A7D
FFF990F8
00017CB9
FFFDA5CF
FFFC528E
FFF8E17E
FFFB46C7
0005743D
FFFAD258
0002C938
00057DA7
0009F25E
0005C150
0002C235
0004422E
FFFC2ACE
FFFEC87E
FFFB4141
FFF69F99
0005EE4C
0003102A
FFF6A78E
0003D233
00078C95
FFF16249
00026CAA
FFF9469C
FFFC5E50
FFFCBC24
FFEE76D7
FFF26866
FFF670EB
FFF83499
00011F48
FFF8D3C2
00009A64
FFFDFF5F
FFF51F06
FFFD47B3
0000937A
FFF89428
0005D390
FFFAA90C
000DA45D
000BDD3E
000F83AA
0011876E
000B5589
0002DFCC
000B5785
0010554F
0000EE5C
000ADB1E
FFF8C183
00049980
000933FD
0007541F
FFFAC8B7
0000BC93
000C2166
FFFED874
000291B0
FFFF5144
00027D35
FFFC9607
FFFF5D5D
00072E8A
00048DDB
FFF90603
FFF8ABBB
0003E610
FFF8BE7B
FFF46293
FFFF3FD4
FFF9624E
FFFC15C3
00023D2A
00069238
FFFF077F
FFFFBC6D
0003D6E7
0006002D
FFFE4067
FFFC8685
FFFB0FE0
0000FAC9
00042E39
00059D32
00002A2A
FFF8B761
FFF035FB
FFF50B0A
FFFE79F8
FFF3C127
FFFB7FA8
FFFEF7F1
FFF6F133
000D697A
00073336
000EBF4A
00029611
FFFAAE8D
0001C1B7
FFF7A571
FFFAFA4E
00082E12
FFFF225E
FFF64659
00098ADB
FFF81C92
FFFD1557
000B22FE
FFFC9229
FFF41A9A
0002E530
FFF66FF8
00084E9E
FFFCE3B2
FFFD20F9
0003635C
FFFEC59D
00070253
0007838E
FFF90E3A
FFFC47DF
000DFBE7
FFFC6B27
FFFA9C5B
00008447
FFFEF769
FFFAA819
FFF8A34A
00061180
0008EBF9
000118AC
FFFED0FB
00090E21
00045E46
FFF3C28F
00067132
000614C6
FFF834D9
FFF33E20
FFEF54B9
FFFFD550
FFFF2C07
FFF6FDA8
FFFB9119
FFF714E8
00081B7A
FFFA9A8D
FFFCDF86
FFF6D86D
FFF8901B
FFF516CE
0005A097
FFF692CD
FFF4D17B
FFFD147A
00033B3F
FFFFF7E4
FFF66DD6
FFF651E0
FFFDC8BF
FFF4501B
000B400F
0005D8FC
0004217D
0008F3CD
FFFF6761
0009CAF1
00081757
FFF983B9
0011437A
00097519
000E2A00
FFFFFF01
00076990
FFF9C5AC
FFFBC106
000AA8CF
000575AA
FFFE86E0
FFF969D3
0007D808
00078F1F
000567D8
FFF98631
00039044
FFFABAA7
FFF5E749
0000A137
00042BEC
FFFD2543
FFFE612F
FFFBFFD8
00051B2D
0013AE13
000E9DDF
00154A1C
FFFDF8EE
00034A8B
0014F3D2
000CEA9C
000DBC30
00058D90
0000BE72
FFFB0827
FFF8BEAD
0002B70D
0004725D
0003DE16
FFF6DE40
FFF415FE
FFFACED9
0006E45E
FFFCC49A
0008B616
0003FF40
FFF8FC18
0004A716
FFF31F00
000606C8
0002CB50
FFF56A19
000425B8
00007683
FFFAEE4B
FFFDCC31
00075252
FFF5AA63
0006BC8F
FFFD5209
FFFAE0DA
FFFF89D1
FFFBD930
FFF719B1
00032621
000128CF
000A37B1
0000C63D
FFFC3847
FFF55EE9
FFF47801
FFF5B27C
FFFD0974
0007AFB6
0003AE7D
0007BADF
00019B32
000868C4
00022B88
00093E8B
00018322
000872E5
FFF84FCD
FFFE8A48
FFFC9196
00029E15
FFF2B9FB
FFF86844
FFFD7E18
FFF5E72F
0002DC35
FFF5FDC4
FFF38105
00026A52
0003E4A1
FFED6FA8
0000ECD1
FFFC4445
000191D5
FFFC9377
00009C62
0000315B
0006215E
00089557
000224F2
00071AED
000112ED
000682DD
FFFBF032
000B5166
FFFF70A4
0002D564
0006AD40
00043EB2
FFFCED09
FFFAAF0E
FFF5EEFE
000548A4
000962A2
0006A5B7
0001536E
0000E27B
0000BD96
000ECF0B
0011F3EE
00084ACC
FFFEB78B
0001CCB6
FFFAC63C
FFF48843
FFF7BAA9
00000514
FFF89982
FFF53EFE
000746AA
0000E9B4
FFEDB686
FFFF0986
FFF64D7E
FFFC1777
00040703
00081B8B
0009C010
FFF9C063
0001F8AF
00068EED
FFF95559
FFF8C280
FFF5D8A7
FFFC1249
000D6BC9
0003395C
FFFEB72D
FFF8C6CD
00090E7E
00064E5C
0005C1E1
00054896
0003035F
FFF6AAEE
00087464
00054116
000FB8F5
0003809C
00052451
00003E1C
FFFA33CC
00043EAE
00079466
0001A093
FFF578E2
FFFE3D5B
FFEFC580
0001C4D6
FFF1A591
FFFD6912
0002E79C
000ADEAF
FFFD4398
0007478E
FFFA0EF9
FFFBD2F5
FFF5EC82
FFFEA8C3
0008A78E
000275F8
000AAFAD
000387C4
00049F18
FFFD4E3C
00066946
000A8627
FFF4478F
000DA999
FFF9DC33
FFF92291
0005A0EE
000510D8
000A5825
00037AFC
FFFEAD4C
0002143E
000681B0
FFF694FF
FFFC0B27
FFFF482D
0006B293
FFF5D182
00030A27
00050C4D
FFF50433
FFFC9CAF
FFFA40E7
000012E6
FFF1062B
FFFB6685
FFF2F224
FFF5A155
FFFA1625
0003EBD3
FFF78869
FFFEFC4E
0005B9F7
FFFFDBEC
000B76A6
000962D6
FFF9C2AE
00044B90
FFF86D87
FFFA0BCF
0006CBA5
0001F8DA
FFF6D73F
FFFF2445
0001EDDA
FFFDE5B7
00014A7A
FFFD9AFD
0000E6A1
0002F69D
FFF69CD4
FFFF2694
FFFAF526
0007E969
FFF35F2F
00062511
FFFFA8F4
FFFB38EC
0005DF4E
FFFAF96D
0002424D
FFF2162E
FFEEDB41
FFF03BA9
0002ACEC
00025460
FFF7EE99
FFF5E44E
0005AE03
FFF958C0
FFFAC01C
00008701
00037985
FFF80A43
FFF99417
0004A92C
FFFD4778
FFFB7CC2
000B87E5
FFFF2BA5
000B7491
0008F09B
FFF66644
0003D36D
00002FB9
FFFC5D21
FFF84A1E
FFFF8E75
FFFAD95B
FFFCFE45
0004AFB4
0001D092
00094C8F
FFFCC3B3
FFFCF2C7
FFF92EFA
FFF24F76
FFFC22D9
FFFD649D
FFF8CB90
FFF86845
FFF8A977
FFF247E5
0001A048
FFF5F84E
FFF6D05C
FFF46B03
FFFC324D
FFFE6947
FFFC1ED2
FFFB2591
FFFEDFD5
FFFF840A
FFFB4414
0005A5EA
FFF864C8
FFFEAA2B
FFFFD4C3
000466E9
FFFD865A
FFF797FF
FFF7B388
0004D403
FFFE6A17
00052661
FFFCE7FF
FFFC75CB
000171A6
0002B5E8
FFFD1D82
00026739
0001AE60
00008F87
000590FE
FFF83825
FFFDEF8F
0005D477
00015890
FFFB3144
000052A7
0002C108
0005ACBE
FFF99A43
00069F28
0003399C
00006371
FFFD335F
FFFFC755
FFFA362C
0000FB38
FFF7D4F3
00017F66
000B9847
FFFDB918
FFF96B0C
FFFC6392
FFFE70D1
FFFA03F8
000A66D0
FFF8B9A2
FFFC52F0
0002773B
FFFC741B
0008E22E
FFFCA8F5
000A28A2
0008D277
000471B8
0001A08E
000CC672
FFF8B603
FFF7AF25
00053E1F
FFFD4D8E
0001B39C
FFFE36A3
FFF776D0
FFFD2A64
0006E00C
FFF754A7
00046509
00000857
FFF0B8E7
FFF3A762
FFF8E0EB
00036B91
FFF111A0
0001B913
FFF3C911
FFF5C0B7
FFFF07B5
FFFE0658
FFF3C511
FFF7D4CD
FFFA053F
FFF871D4
00000C0F
FFF72E36
0002BC02
FFF27E67
FFF6FE39
FFF73232
0004B99F
FFFF5D02
FFF9AE71
FFF488D3
FFF7ED64
FFF5619E
FFFB755D
0008740E
FFFC17B1
000668CB
FFF8B079
FFF6EB6E
FFFD28E7
FFFB77AA
000535B9
0006FAC6
000CA540
0004F96A
FFF22539
FFF5AADD
FFF6AE80
0000A4B5
0000F53C
FFF7A13E
FFF69BDA
FFF7AE2F
FFFA926F
FFF7CDAF
FFF00131
FFF96AD0
000599E6
00052D2A
000308E0
000041D5
FFF97E39
FFF905E7
FFFE71F1
0007E229
FFFE2887
0006219D
00011CDE
0006C888
000155F0
0006F0FB
00003340
FFF82489
000290D3
FFFF9167
FFFF6708
0005FC8B
000AEFEA
FFFE3F2E
FFFEB187
FFFDF824
FFFD7E30
FFF7CC6A
00074407
0009DC75
000223C9
FFFBCC5A
0002C592
0006E62D
00053E46
0001BB58
FFFDC8E3
FFFC4DB8
00048095
0006BD81
FFF3BC54
FFF851EC
FFF9254F
FFFA815C
FFF933B4
FFFEBC71
00023250
FFFB354B
000112F4
FFFCF2D1
FFFC6A26
FFF7516B
FFFF25DB
000E7C07
FFFC9505
FFFF1658
FFF9772C
FFF93F3F
FFFA4B8B
000C7222
00074551
FFF5B51F
FFF937EE
00010E38
0000916D
FFF8D5FE
FFFAD69C
FFFDBC29
FFF7148D
FFF828ED
00023389
FFFF51D9
FFF5B5D5
FFFFDA8F
FFF6B346
FFFD9E3E
FFF6259D
FFF72F46
FFF3A041
FFF0ECDE
0008D90C
FFFBA18F
00055758
FFFDBF01
FFFBF443
FFFA6FBE
000640F0
0000AA83
0001E537
FFFEADC3
FFFF5761
FFFF3151
FFFE861B
00039032
FFFB9E49
0002E1D7
000975A7
00021B07
FFFD2BE5
00070F8C
FFF77747
FFF8ACFC
FFF7C69C
FFFAB760
FFFB3CA9
0000B8F0
FFFE837B
FFFA139A
FFFE3F96
FFF83148
FFFDC1DF
0002D6E4
FFFD39F5
FFF97F0E
FFFF2A68
FFFC6618
0006C3F5
FFFE9FAC
FFF701D9
000D9E86
FFFC7A8E
0004DD45
00049C71
FFF9713F
0004200D
0002DC65
FFF7C08E
FFF7EBBF
FFFD12C3
FFF50102
0005B94D
0004DB76
FFFF053C
000A5C6B
FFFDA603
FFFDB766
0000D065
FFFADD55
0004A5A9
0000DD8D
0007BAEB
FFFCBD9D
FFFAAF1F
FFF7C3DE
FFFF0AE8
FFFE7F73
FFF56DAF
FFF325EB
0001ADEB
0000314E
FFFBE377
00006961
000C4A79
0005CE9D
FFFD5CEC
FFF9F58A
000A0CDE
0003F6FC
FFFF4B66
0003E36C
FFFD0CA6
FFFCC818
0001084D
FFFB23E3
00093897
00090F89
FFFE9F4F
FFFCA072
FFF481FE
FFFBECA5
FFFAB172
0007EBB1
00023289
FFFA935E
000A23FA
0004E890
00032021
FFFB3DBA
FFF5849C
FFFEF75C
0001D2C6
FFFC2093
FFFDF036
000241F0
FFFED718
FFFBFCF9
0007A3F3
0002389B
0000565E
FFFB8B1B
FFFFF02A
FFFA29A9
FFF86BBC
FFFCDD3F
FFFB718F
00023D56
FFF9650D
00017190
FFF4C175
FFFA2A88
FFF97FCF
000B11FF
FFFEDFD3
FFFD1203
FFFB69AE
FFF9DF36
FFEE43BA
000460BA
FFF9F764
00078610
FFF80270
00067A75
FFF5C314
FFF83526
FFF65E66
0004F593
FFFAFD21
FFFE239A
FFF38D1B
FFF96D8E
000531D2
FFF79FC4
FFFB7CD7
00023B73
FFFDD273
FFF7B6FB
0009201D
FFF45818
000029D7
FFF7D658
FFFE4511
000BE209
0003DDA0
000521AA
FFFCB537
FFFAD525
000893EB
FFF9901A
FFF86F38
FFFB9A7C
FFFDADE7
00057315
FFFAA1A1
000281F5
00024C7D
FFF33FFD
0000E207
FFFC7987
FFFDD5A9
FFFF4A03
FFFCBFEC
000616C6
0004C7F6
FFFBB4AB
FFFC3A98
00031243
FFFFD5ED
FFFAB91C
0001AB6A
FFF68994
FFFBB82E
0003A512
00043FD1
FFF7F949
FFFE140B
FFFD9139
0003846A
0006A4E8
000A3565
FFF9B638
00017E84
FFF948BB
FFF4654E
000000D5
FFF20EE2
FFFC7656
FFFE268F
FFF521B0
FFF30495
FFFB3BCD
FFFBE7B5
00071697
00053B48
0007E924
FFFBC6E4
FFF5A936
FFFEE3A6
FFF9D484
0003A76B
000424F3
FFFFCB9E
FFF61592
FFF79B19
00046573
00038496
0000B9E9
FFFDC8B3
FFFCC2AA
0003D647
00002766
00047DB1
FFF7E2B5
FFFBC426
FFFDFAB0
FFFCCC40
FFFE6F85
00006A5C
00004629
FFF11CF6
000608E9
0005146F
0005256A
00063332
FFF77B0F
FFF8D5C5
FFF9CA37
00094498
FFFF303B
00064C7B
FFFA64F3
FFFDD19F
FFFE6032
00086309
00061CBD
FFF98C84
0001B7E8
FFFC8FE7
FFF37297
FFF8C8CA
00062226
0003E0C4
FFFF4ABF
000537DC
0005954B
00006CA8
0004C587
00087B32
FFFD5FCB
000ABD81
0006E489
FFFA4D8F
000B6371
0001D7C6
0001D2D6
00067F1B
FFF5C7E4
FFF4363B
FFFCB0B3
FFFB82AA
000143FA
0000A16C
FFFF7ACE
FFFA65EA
FFED054C
0000F1FC
FFF7C583
FFFEEED1
FFFAB263
FFF3FB4D
0000F84B
000B7372
0006202F
000016A0
000DA571
0002C81F
FFF65CB9
000D1B46
FFFDF1C6
00090422
0001FB7C
000C9254
000D5D1E
FFFB7C34
FFFE7CD7
00039654
00092703
FFF951DF
00006FB5
00049189
00040EE1
FFFE30C6
FFF87E1A
FFFCE5B8
0001255C
FFFDEDC0
FFFBD753
FFFBA920
0007BC4A
FFFB8D2B
000527E9
00057190
000AF6CD
0004EB79
0002A01C
00009788
FFF68176
FFFF8BDA
FFFAF495
00028792
000BCBE9
FFF07D01
00021893
FFF55656
FFF52D50
000352C4
FFFD07A6
FFFEC871
FFFA3E3A
FFF6C42E
FFFBF318
0006CC2F
000BB693
0006C97C
FFF82CBA
FFFD9153
FFFB37E3
FFF94626
000887AA
FFFAF9A8
FFFB6153
FFFDF92B
FFFE76BF
0003ACA7
FFFE3301
FFFDE794
00064F36
FFF5E1D5
0004E286
0000BF58
FFFD0D54
FFF77F9C
FFFE9E71
FFFEF936
FFFDE8DB
FFFC6BD2
FFFA5328
FFF972A2
00015BC4
00056804
0001D890
FFFD34AF
000D6C4E
0000F4F1
FFFC30E4
00045EC8
FFF46C81
FFFE4A1F
0000C9AD
0009A094
0000327C
000BB530
0005A0FE
FFFDE97A
FFF6E8E9
00041277
FFF72FF5
00063A83
000198AD
FFFF328F
00057DF6
FFFD6C71
00047D5C
000C26BE
000A937A
FFF64B8E
0007403F
FFF96244
FFFD9A51
000D191B
FFFD4DE8
0004DB5D
0001228B
000972DA
0005E770
0002FB99
FFFDC0C0
FFF9C0E3
FFFC94D0
FFFD5205
0006D986
FFFCB806
FFFC206D
00021B51
00003DBC
FFF8BE36
000A0965
0005D1DA
FFFB88C8
0007D062
0005FE80
0009468F
0004FEF2
FFFE7FD0
00004D91
00025847
FFFA00D1
0009072D
FFF4E52B
FFF4A8E4
00024D61
0001F1A5
FFFE08EE
00038BC8
00061EA7
FFFE55D7
FFFD1775
00052941
FFFD9AA8
00038CEE
000100BC
FFFAAF29
0005AA06
0001907D
000A3341
000855B1
FFFAE6D0
0002747A
FFF7C44C
00027122
000746E2
0008298C
FFFEDA91
FFFE4315
00043395
FFF7D26B
0003700F
FFFB1B38
00054C74
FFFAE881
0003267C
FFF1F2D5
00006A83
000481C1
FFF588E9
FFFF835A
000257D3
FFF9554A
FFF4EDA6
0003BCFB
FFFE357E
0003C2C8
00076A2A
0003D21E
000816C1
FFF5C2DC
0004C4ED
000AC98C
FFFC1043
FFFE436C
00013BB5
0006EC19
00003072
FFFD0C6C
FFF7D50D
0000FA48
FFFC9D04
FFF91280
FFF77736
FFFB84FB
FFF32AED
0000646A
FFFCB694
0006B6A9
00057EB1
00023018
FFF6A281
FFF739D4
FFFE42F2
0008B090
000192D0
00030069
FFF64D80
FFF7BCAF
FFFDAD71
FFFD4A44
FFF94925
000EBB91
0006EEF1
0009F70B
0004FE7F
FFFAF2F0
FFFA2D4C
001104E3
FFFA7501
FFFCBE33
FFF7BFBB
0004205F
FFFD35CE
0004061F
00011558
FFF752B3
FFFEE388
FFFB2DF5
00063DDE
000AB993
000AD8BC
0005B720
0008F3A7
FFFE6771
FFFD0603
0001B98F
FFFDFF90
0004DA15
000E23CD
FFFB3DB7
00007772
FFF9FF18
FFF6D6CE
00035264
00014747
000492B0
00090834
00041DF9
00024A8A
FFFF1FF1
FFFC5FE2
FFF78373
0008B09F
FFF84F63
FFFE24FA
FFFB861F
FFFE0C9E
00071365
000450E2
0000A63D
0008FCC8
00054E68
FFF23238
FFFA6C12
FFFC13AC
FFFED22D
0001690C
0000F189
FFFE4D8E
000729CE
FFFEE7E8
00029636
0006EFB5
00024F4F
FFF83F75
00040758
00061716
00018043
FFFB65A0
FFFDC306
0008D1D6
0005063F
000B4A0F
FFFEB9A8
000C57DB
000A2236
000B6026
0008AAFC
FFFF8F0D
000F8C78
0008B526
000602A2
000E9629
00080A18
00078E0E
00031B37
0007416E
000CBB28
FFF99C35
0007379D
00035759
0001698E
000289F3
FFF7BEA7
FFF7CA16
0007FF09
FFFE0C8F
0000172D
0003395E
FFFBAB66
00004F40
00047564
FFFBAAAA
FFFD5A57
FFF34801
FFFD85D8
FFFF4807
00030D93
000D9F86
0005BD36
FFFA221E
000A1D5F
0002580E
0005B133
00024ADD
FFFD8D5B
FFFF67A4
FFFB8DFA
000BB708
FFF741C7
00071892
00056487
FFFD533D
FFFECE09
0000FC6D
FFF665FA
000109FF
0005BEF4
0004AB6E
FFFDC818
00036D34
00067950
0007CBCF
0002E5A4
0005FB37
FFFB3162
FFFEBE48
0002A413
FFF8FE12
000781BF
FFF531F8
FFF0B605
0001127B
FFFCDF77
00083584
00053DBC
0005D66B
0003FDED
0005AC63
000982EA
FFFCE16B
00020404
00072977
0001057B
FFF7AED6
00026954
00045EED
00002ECE
0006855E
FFF933DE
0007CCE8
FFFE9D04
0004DA4A
00073179
000A73B5
00064736
0000668B
FFF8243A
FFFC6893
000936AE
00085F51
FFFF42CB
FFFD87B9
FFF9C31E
000302DD
000FD5A5
00024AA3
FFF6DADF
FFFFFB2C
0000E9EC
000724A4
0006429E
000056A0
FFFA178E
000272FD
000789F3
0009D99E
0001BB19
FFF96729
FFF8D02C
FFFF5BA4
00007806
FFF55F4C
FFFA1E8C
FFFAAD20
00059F29
00029DBB
FFF6C3E4
0006746E
FFFFA931
000A6CFE
00041E1D
FFF83D3A
0003C275
00092F3E
FFFF2925
00005C1D
FFFAC943
000114C5
FFFF7010
00038BD2
000DAFC3
FFF70246
00063E92
FFFC9598
FFFF51DD
FFFF9FA2
FFFDD647
0002947B
FFFFC051
00090561
00098B42
0007E260
FFFD0A8D
FFF98DF0
FFFA0199
00085095
0006DCCD
FFF6748E
0002BE32
FFFE045A
0003A973
FFF8434F
FFFBF867
000767E2
000A7FBD
FFFDF676
0009E13E
00010216
FFF3940B
000694DA
00075D1D
000013B3
FFFCCAE1
FFFE336B
0001A66F
00031376
FFFA61A4
FFFB3E54
000A81D8
FFFFAED1
0003AC63
FFF69163
FFF4E17D
FFFFFF38
FFF90FEE
00007CF0
0001FD2C
FFEDAC5F
FFFE9159
FFFB195D
00028DAC
FFFDFF12
0002A6E3
000BD6C0
000D98C0
000453DA
FFFEBECC
0004F22F
0007BDA7
FFFE5983
000287B2
00038BE3
FFFB58A2
000C0984
FFFFB190
FFFA527C
FFF32F8C
000EE159
00025212
FFF83873
00054E10
000581C7
FFFA9416
0000315B
FFFC9A72
00020949
FFFAF534
0000C7D7
FFFC92C4
0004AB2A
FFF53035
00020322
FFFCDA3C
00038E8D
FFFCF331
00034D48
FFFADBF8
FFFD75E4
FFFE76B8
FFFF302C
FFFB7743
FFFCF322
0003E369
FFFFEAA0
FFFF2765
0007BC9E
FFFDE8AA
00081418
000C170F
FFF60D99
FFFBCE31
FFF89269
FFFE82D9
00038294
000424A5
0004DC80
0006434C
0006B8D2
0004511B
FFFDCBB3
000892A0
00080678
FFFE1778
FFFFF5D6
FFFFAB53
FFFAAAAE
000398B5
FFFF28A0
0001DCB0
FFF83D32
FFF92F4D
FFFE2C7F
FFFA9922
00049DFD
00030454
00046C8B
00037017
FFFDEAC5
FFFE8D34
000927AE
00033215
FFFDC37E
000A496F
0006F0B9
FFFF552B
FFF62ABA
0009049D
00018FC8
FFFEC701
000CEDCA
0009B315
FFFE769F
00021586
FFF832B4
000347C4
FFF5E1E9
FFF5FBBB
0009A0F6
0004CA65
00045A82
00046097
0003E8D7
00007F8D
0005B570
000AE553
0002FC7B
FFFFD137
00014285
FFF9A827
00022372
00017CA4
FFF945D5
000425AD
FFF6949F
FFF2D34F
0002CDEE
FFFEB3EC
00042940
FFFA470C
0008DC68
FFFAB3C4
0002F16C
FFFE9174
0001BCB1
FFFA1930
00088BDA
00052DC4
000143A1
FFFA1534
000163D3
0005A9AF
0008AEBD
FFFCC532
000C2B15
00051044
0000E8E3
FFFAC6EF
FFFC0BE6
FFFE9952
FFF9E7D8
FFFB20B3
00061758
FFFFD273
FFFC4338
000656D1
00062AE8
000576DB
000683E9
FFF8FFA9
FFFB26D1
FFFE7DA8
FFFAD9BD
00012045
000332BA
FFF73A67
FFFB2A7F
FFF93625
FFFA90AD
0001FCDA
FFF79D94
FFFC7BB2
FFFDA340
FFF80961
FFFB40C7
000188FB
0007669F
FFFC2C0B
0008AB50
FFF7C3EB
FFF50DB6
FFFFBA32
0001D879
FFF665BA
FFFAD6FA
FFFF1A95
FFF538FF
000845F0
00032F2E
FFF98359
FFF135E5
0005B619
FFFD8FD6
FFFB2573
0001F6F7
FFFA742E
FFF60C67
FFFA6EFA
FFFB3A2D
FFFDCFC5
FFF4AD6E
FFFB4A61
FFFAAFD2
00011A44
FFFC9432
0000D856
FFFDCBE5
FFF6B6B4
FFFA6748
FFFABDEC
000143B9
FFF9EC86
FFFDF521
FFF22013
FFF9F0F0
FFF6190C
00020671
FFF66452
FFFA52B5
FFFF6FFD
000544C0
0003CFCA
FFEFB543
FFF37B41
FFF5EFFF
FFFC897A
FFFBD470
00049175
FFF9BDCD
FFF847A7
FFF86F85
FFF99907
0000BC5E
FFFD0540
0005A672
FFFA8D5D
FFFAC94E
000CE235
0009FCFB
000414FC
000B4477
0003532B
FFF8C345
FFF4F535
0004626E
FFF7D0CA
000326E3
FFF9ECA4
0002CB95
FFFC105E
FFFDA000
FFFDC8AE
FFF8A21B
00041D08
0006D3D4
FFF91D86
FFFE1677
0000D70C
00016174
0007F7C3
FFFB8818
0002F261
FFFFE99D
0001DEAA
FFFE841D
000067BE
FFFE5C17
FFFA5F89
00020D9F
0006436B
000100D4
FFFB7B6B
FFFDDD74
FFFBB25E
FFFC9290
FFFB37B6
00004445
00067409
0004D644
FFFC771B
FFFAB692
FFF86EED
FFFB284D
0002EB0C
FFF90B39
00029596
FFF7C74D
000130D6
000A03D1
FFF6DE74
0005226F
0007868D
0002313F
00021DB8
00001C9E
FFFC2E9A
00034914
FFFA32C1
FFFA99D8
0005A4D5
FFFBBB1D
FFFA4C4F
0001E323
FFFE3983
0005CBB3
0003AFDA
FFFFED89
FFFC5A60
FFFBEF29
000540E5
FFFE397A
0007FB71
FFF912BA
0004E1FC
FFF8857E
000876EA
0004C6FC
FFFC43EC
FFF61971
FFF915DA
FFF4B10D
FFFD86A6
FFFC8D61
FFF3D482
00009ABD
FFF6A35E
FFF3F34D
0006BCE3
000472C5
FFF9DA81
00012840
FFFB30F1
0004AC6D
0002FEE4
0002DC9E
00044B2A
FFFF7A58
00081486
00072011
00027143
FFF8C290
FFFED721
00032DBC
FFFBFFAE
00017433
FFF5135D
FFF9F239
FFFCC29A
FFFC478D
FFFC1EC2
0001F31C
00039691
FFFD78C6
FFF5CB09
0000088F
FFFB2F4C
0006509D
FFFB3CEB
FFFED30D
FFF59AC6
FFF9AAC2
FFFEC074
000290EA
0004C55C
FFFC08AF
0002E1DF
FFFC3B56
00000F8A
0004BD9B
FFFA4103
FFF5DFA1
FFFE2881
FFFCC392
FFFD2220
FFF97054
00088769
FFFB1CDE
FFF76B3A
0001BC55
FFFC5782
FFFE442E
0004B39D
00040911
00005B85
FFEF2916
00050EFE
FFFAB064
FFF61B1C
FFF36AE9
00026466
000DD186
0002B476
000DFC7B
00037400
000B1BFD
000410C2
000BB5CF
000A83B0
00025759
FFFF2A35
00012C2B
0004D089
FFFAB86E
000B1FAC
0002B4F6
FFF5CF5A
FFF2B849
FFF85530
FFFA6EF0
FFF87494
FFF6A827
FFFD13AE
FFF6212A
FFF39BD1
FFF1EDDA
FFFB13F4
FFF7AA43
FFFFEA76
000145CD
FFF44945
FFFBF4A1
FFF62A7B
FFF55514
FFFDE889
FFF70BA1
00017072
FFFEA8F6
00059C41
FFFEA87D
0008F70F
000CAA7B
0006BEE3
FFFD6A46
0007034C
000A1D55
0004B74F
FFFC0351
0002BB11
FFFF03C0
FFFAA979
FFF41E03
0006ADB0
FFFBD449
000B9620
0001B0BF
000B4250
0005BD25
0000FBAD
FFFFDFDF
0001FBC5
00017C18
00083E09
FFFA4A1A
00025EE8
FFFE6FEA
00014ED5
00027002
FFFBAE1D
FFFF9C37
FFF62C17
0007263E
0009227A
0001CA3B
FFF8EADF
0001F2A3
FFF22B4F
FFF7E0ED
FFFA9CDB
FFF77A62
FFF9A9F8
00066AC4
FFFF4EE1
00032967
FFF9C863
FFFB2AC4
FFFDE9BF
FFF99FF8
FFF7C9E2
0002F70E
0003AAD4
FFFEA50C
0007BF39
FFF8D007
FFF80BD3
0000D856
FFF74841
FFFB2C4A
0001DF7C
00005344
0005E536
000614E5
000753DF
0005AD8E
00014DE4
FFFE180B
FFFBAE2D
FFFEC50D
00065A10
FFFE8695
FFFFEACC
00016D11
0005EBF4
0002E62D
FFFD11A7
FFF96B84
0003915A
FFFFF89B
FFF75E67
0005F027
000296D5
FFF36C35
0002EB9A
FFF83C73
0000C4F2
0004F900
FFFF0049
0004D426
00021BE1
FFFE161E
0002FD4F
FFF91926
000761BB
FFFA1365
FFF679A1
FFF9BC29
0006FA13
00022CED
FFFFC6B8
FFF67D91
FFF7A377
FFFB6659
FFF6AD37
FFF3D804
0002FB5E
FFFF809C
FFF955FD
FFF2B9D1
0003438D
FFFD86C8
FFFA713C
FFFDD711
FFFB7F93
FFF81B75
0007B5EE
FFFFE268
FFFE260B
0005BC91
0000A747
FFFA1A6F
000713F2
FFFDF6EE
FFF9A2A6
FFF864BC
000456E9
FFF83F23
FFFC4170
FFF41C33
FFFFDE79
0002C5C6
FFFF441E
FFF63F98
FFF8BEDC
0002DE7D
FFFCBB42
FFFD7DFA
0004632D
FFFFBEE5
FFF2A9A0
FFF75F8E
0000CB64
FFFACA51
00008180
00041C51
000050F0
FFFAC07A
0003E205
0001D5E2
FFFD610C
0007C245
000346DB
FFF96533
FFF558B0
FFF6A074
FFFE4F0D
0002ADB3
0006B45A
00002D39
FFF527A0
FFF9D202
00077C6D
FFF4B777
FFED2DD7
000000F5
0003BC25
FFF9EFB5
FFFA8431
FFF49AF2
000A18AD
FFFCDAE1
FFFB4C42
0003860D
00064841
FFFB7EA3
0001D9D7
FFFF156C
FFF91E4C
00017B66
FFF8DF74
00028353
0007AE38
FFFDA9F9
FFF14FFC
FFF710AE
FFF7CB29
00015F16
FFFC2421
000268E2
FFFA3CF1
FFFFD64A
000819E3
0000233E
0004B224
FFFAAC6F
FFFD744A
0001EDED
000091C7
FFFC2FBE
0004594D
FFFD6135
00044822
FFFB34E0
00023162
FFFA1206
0004BEB6
FFF92616
FFFAFE3A
00010F32
FFFBAD11
0008B794
FFFA18F5
000048A5
FFF61FA7
FFF3057A
FFFB79A0
FFF45D52
0006D517
FFFAA625
0000BD0B
00013C30
FFFB6C37
FFFEEB98
FFF8397E
FFFC7543
0001E888
FFFA8A53
00080F49
FFFBB79E
FFFDC2FB
00005694
00016470
0007EA0B
0003E328
FFFC64B1
00014142
000615AF
FFFE2FD0
00013C9B
00071186
FFF6776F
0000C44A
0001220A
FFF9E0BB
FFFF8FED
FFFCE5F4
FFF0DCC1
FFF545BC
FFFFB61C
0004804D
FFF7585E
FFF5E11A
00027E20
FFF61989
00026128
00054830
FFF4F6B1
FFFD46F2
0001F477
000C5506
FFFDB3E0
000A069B
FFF91358
000B79FC
FFFB3A41
FFFDF31C
0007DCE8
FFFA0FFB
000733D3
FFFB1DA0
00079CAB
FFFD40E8
000753DE
000253EA
FFF8AB47
00029001
FFF43F8B
FFF7E938
0003D578
00068932
000408D4
FFF2AA47
0006DF17
0008733B
FFFAF281
0006FCC0
FFFBFFCD
FFFB6EDF
FFF9A807
000A68F3
0002774B
FFFF4222
0003A0B3
0006C996
FFFD9505
FFF67B6E
000A168A
00028C65
FFF48388
FFF340F7
00009445
0008CC05
FFFBCA98
FFF27D73
FFF607D6
00018BD8
0002F3BA
FFF831D6
00027EB2
FFFCC635
FFF6BDBF
0010D16D
000FD4AC
000252E8
00027A22
FFFE9A96
FFFD920D
0014D08E
FFF85D51
0012B8CB
FFFFF734
00062D56
00068694
000FF354
000103A5
000C8ECA
FFFA898A
00006FCB
FFFA5566
000034AE
000227E7
FFF9C2C0
FFF9416D
0009906B
000F63EE
0008478E
FFF3A621
FFEAD59C
0000EC8F
FFFE6C7E
000178AC
FFFDF4D4
0004A299
FFEB1753
000D27E5
FFF928EF
FFFFF397
00049116
00088E7D
0007A9CE
FFFA62A9
000EE0B4
000D6C95
FFF7FA7C
000B3D62
FFFDB854
0000B30A
000675B1
00044034
00036E53
FFEE8D00
0001C67A
00016C31
0001A9C3
00019C1F
FFFC2C53
FFFE7203
00075315
FFFD4AB5
00051118
00037EE7
00119CB6
00041A3D
FFF7E044
000362C3
000350CA
0005FD2C
00091EAC
FFF798F3
FFEE1F6E
FFF10F71
FFEA47E9
FFF9545B
FFFFED7B
FFFD33AD
FFFAB082
000199FB
FFFA29C6
0006C1F8
FFFD8E03
FFFDE1DA
00048A34
0006D6EB
FFF1E1A0
000662AC
000F702D
FFF9C44F
000ACC12
FFFA20D0
0007C844
0002A856
FFF932AD
000E4D45
FFEF7F87
000A4622
FFF3429C
FFFF4D23
FFF39BDC
FFF9A1EB
FFFB0DC5
000A146D
FFF0E477
00008900
00022694
00043115
000DD3A3
00150C36
00076177
0003B8E7
0003E3AF
0005CA15
000755D5
FFFD2B61
FFFF8450
FFF5E563
0008C991
FFFA7846
0000A871
FFF4B655
FFF09897
FFFE5630
FFFC89B6
00027A1F
00027016
0017F4AD
0009A9DD
000BA33C
00094FEE
00077C68
00064A59
00001378
0006BCA9
0003457E
FFF30A26
000D8A15
0004B60F
FFF358B0
0003523B
FFF5C420
00050472
000CB0A2
FFF711D0
0006CDE2
000D9352
000931B8
00065FDB
FFF08173
00004C9E
FFFC6B65
FFFFE718
000B71FC
0002C44D
0003DF26
FFFE77D5
0005E124
FFF1CC80
FFFBF190
0006C2F7
FFF85858
000B7C7D
00192F94
000DA4EE
0002C8AE
0008A088
FFF3BD8B
00056B6D
FFF879E9
FFEF8F96
0010780F
FFF2AEDD
FFF8504F
FFFBD0BA
FFFD42D8
FFF351AF
000C38C9
0013AFD2
FFF523C3
FFFB1036
000DC3F6
FFF78B78
001429C2
FFFCBC5F
000A8D86
FFF2A6D8
00052ED8
00069CB2
FFF5798F
000B046E
00055D82
00030D28
000EAEE9
FFFFC0C2
FFF455C3
FFFF112B
FFF6C35C
0003B77C
0003B086
FFFBC7C9
FFF4D2CF
000CD1D1
0005F31D
FFFE04E2
00003F8E
FFFD2E70
0005E3B3
FFFBC4B6
00064592
000C4CCA
00034462
FFFE7073
FFF82B21
000CD7EA
0006F8C2
FFF8846E
FFFE8912
000094E1
000F0C51
000AF871
000F2522
0007BEAA
FFFDD712
FFF7ABFC
FFF6F893
FFF56006
FFF04665
FFF2F5FB
00187E83
FFE78382
FFFDDA61
FFF7BDBE
000478BA
00144DF7
FFF7140A
FFFF8F64
FFFF08C8
00020D8D
000101C7
00061441
000C8976
FFF4C7A9
000CD912
FFFB04E4
00046D0A
FFF292B1
FFF8839D
000FFC7C
000CDA9C
FFF9D7F0
00004E0B
000D7991
000B0AC9
FFF4D28E
FFF3815C
0009A91F
FFFBBB29
0000D497
FFFFD229
FFF5845A
000DB54B
0006CA62
0002DAE2
0002BBAC
FFF989BF
FFFF120F
FFF49305
00000E69
FFF9F2A9
001199A3
000513FD
0002AB17
00037598
0008DF0F
FFFFD224
FFFC396C
FFFD6AC0
0003D003
FFF8CEDE
FFFE74A9
FFF35E6F
0000A2CA
000CA68F
FFFB580C
FFFD99B8
00002A25
0007E496
00035167
0003B2AF
00085168
FFE5E3ED
FFFD163B
FFFC7C6A
00074178
000165EF
00072602
00001054
00062980
FFFC3293
FFF65B2A
0008FB9D
FFF71FE5
FFF40852
FFF90512
000721D9
FFEEEBD0
FFF76B14
00047D53
0002F352
FFFF403D
FFF0F683
00010EAE
0006A5E4
00079CCE
0001F51E
FFF8F639
0001334B
000AF490
00016BDF
FFFB1A35
FFFE670A
FFFFAE28
000A15D4
000FA909
FFFF3532
0008B62C
FFFD9B2A
000CA09C
0001C3C7
001414F9
FFFC3A2E
0004C752
0002A75C
000DA77E
00064708
000F0F03
00027286
FFFDB5FD
0006C444
FFFB8AC4
000D55D6
FFF139CF
0005480A
FFFA463C
00160D3C
000AE06E
FFF5435B
FFF73D40
00001E68
FFFA1FF6
00140E0B
0005DEAD
000402AB
FFFB05EC
0018C4A1
FFF849B7
000C39E3
FFFBF2C8
FFFFF86D
FFF9A952
000A7CE3
00094BA4
000E3A88
000F1D70
FFFEE6ED
0005F864
FFF307C4
FFE5D1F0
FFF8F511
0007ED4B
FFFF5056
FFFAEF65
000CFD93
000126DB
000470BE
FFFFE460
000C0F2C
FFF8EF46
00078D78
0006B368
000B71E9
0016C434
00006CDE
000DA92F
FFFA3508
FFEEE542
FFF9B437
0003710F
FFF94350
00092E83
000CF3CF
000D5C94
0004EF00
FFFD8614
000DDD33
FFF92641
000A1889
000D18DC
0005B395
FFFFC46E
FFF8782B
FFFB36B1
0002E18D
0004F03D
FFFD0608
0001C45E
0006F22B
FFF66268
FFFD3912
0004AD72
FFFCE444
FFFC4830
FFFFD7DE
FFF90D9D
0003F771
FFFF3E9D
0005D0A9
0006FD65
FFEFFF71
FFFE5F26
FFF3D122
FFF95E6F
FFFD2A2F
FFFCF6D2
000B506F
0008C731
000A6263
00003D57
FFFB525F
FFFD1453
00082133
000FCB4C
FFF4479A
0003D26F
FFF9E559
0009BF32
FFFAC125
00090503
00073FA7
0011BD8B
00067F6E
FFFD381B
FFFD1CE1
FFFE06E3
FFF7B60A
0007DD90
FFFB02AC
FFFE33A0
FFFB711C
0016353B
FFFB70AB
FFFF4AC3
0002EEFF
000001C2
FFFE7562
FFFBD7DF
000F5C01
000360FB
0006C843
00015D4B
000CC7EE
FFF57DD4
0001E860
FFF3E733
FFFAA2BC
00096E6C
FFEF96BA
00070323
FFF61480
0012AAFA
000E2655
0007666C
00094440
FFEFCAC6
FFFD1FA5
0005A009
00192665
FFF6240A
FFF67F78
FFF3DFB9
001347CD
FFF68DDF
00059963
0006F4CC
00097464
FFF79582
FFFD6A78
000B5236
000AC9B1
0006DFE4
FFEE33D5
FFFCF84B
0004E341
FFFF91CB
000814C1
00034F40
0003BEEE
FFF30C42
FFF90727
FFFF52D1
000D0D23
00098A0E
00040001
0008078E
FFF7CC8C
00081E3A
FFF62415
FFFD8B6C
FFFBCF41
FFF98514
00097AEB
FFED7991
00078A58
0003C0E8
0001D84E
000802E8
0005E026
FFFF1B75
FFFEB3DC
000967B0
000987D7
000A93CE
000ABB0A
0014AC0B
FFF3DC8E
000C7B07
FFF60B7C
FFF6F77C
FFF3EE18
00011AE9
FFF9F7EF
FFF95087
FFFEF6C9
FFE97591
FFFD60B4
00049EDF
000FDEC5
0008B6E1
0009BD10
FFFE9A82
000A45E0
FFFA0062
FFFD998A
0004EFED
0000AF2E
00096156
00017152
0000CDF9
00019D83
FFFE6612
FFFD0C53
FFFFC53F
0000C846
0002870C
FFF995DA
FFFE818E
0009F359
FFF9BBB9
00077002
00074C40
0003A286
0007203E
FFFB240B
0005D563
0003042A
FFF98D5E
000E906C
000227FC
0006C63B
000509F4
000D02FB
FFFC5908
FFEDAC6F
FFFE8CB7
FFF5AA41
0002E4E9
FFFED038
FFEDF91A
FFEDEDDE
0006C9A7
000BE94B
0000AFC4
00067168
FFFFD452
FFF9F5E7
FFFAAC08
000566F5
000178B6
000344B3
FFFECB77
FFFE7618
FFF9F7A3
000628A0
000831E7
0009B30A
0005DFA4
FFF80010
FFFC748F
FFF68CCA
0005EDB7
FFFA0ABD
FFEDA512
000A1ED6
0001D65B
FFF18EE4
FFF25AF1
FFF96259
0006003C
0004F51C
00018CEF
00045562
FFFC55FD
000E805A
FFFB2BEE
FFF7ECCE
00149550
00090708
FFFC53CB
00016125
00024F02
0004639F
FFF7807B
0006DB5D
0001E581
000626E3
FFF5B63A
FFFD3A81
FFFAC4DD
FFFC4C2E
000598BD
FFF1103F
FFF909D6
FFF9F8E3
00042A45
FFF4A898
FFF90E1E
000A355E
FFF84D75
FFFD9E5D
0002409F
FFFC52D6
FFF0E3F8
FFFA7585
0009A548
000C00B1
0002B3DD
000014B7
FFF6CB85
00016D9D
FFF8EC94
00082134
0006E171
FFFAD77F
FFFF3854
FFF9C119
00017BCE
FFF9A70A
0009473D
FFFE1134
0002941C
FFF7A554
FFFF459F
FFFECF86
00024040
FFFFB18A
0010FA1B
0007AFB0
FFFE97B5
000544EF
FFFA24B0
FFFF8590
FFF7DEF1
FFFDC7DC
FFF66388
FFF6B0FE
000BAB7A
00005251
FFF1D46B
FFF5A290
00045785
00099734
0008A926
0008A064
000608FF
000AFF7A
00069C5C
FFF9F5AB
FFFF3BB8
FFF85D9C
0000DAA0
000071C8
000346DB
FFEE9A18
00063C6B
FFFE9885
0002875F
FFFD4292
000A79E7
00013A7E
0005C6F5
FFFC7666
FFF89A4C
001338CC
FFF8B9CA
FFFF8592
000641BE
FFFA9B3D
FFF62228
FFF80E27
0000919E
0004F95F
FFFD4644
FFFE0237
FFFCD675
FFFD0633
000D78A8
00015AE5
FFF94657
000F0EDB
FFFB8185
FFFA5193
000CDBDA
000A6A0F
FFFE755B
FFF8A77E
FFEF869B
00027322
000BDBB7
000A3617
000C8B7B
00044AAB
00077498
FFFFDCD4
FFFDFCAF
00007D25
FFFCC645
000B2BEA
FFFC97FB
000757E1
00057848
000B9F72
0004862D
000F2F99
FFF72B23
FFFC0BAD
0005B1F2
00051A5A
0005D9F8
000A0BAC
00074CBF
000E1191
00033302
00070422
FFFD74F9
FFFB0E35
000C57C8
000AE6A6
FFFBAC2A
0001A140
0009C860
000E067B
FFFAE487
0005CB11
0005DC99
000A3DFF
000DEC5A
000B5353
0001DFBC
0006CE51
FFF31AD3
FFF852C4
FFF38BA1
FFFE6BC6
00047AB8
0008C3E2
00001A23
FFFDD8CB
FFF5DA41
FFF65594
FFFC73E5
000ED307
FFF98222
0008C848
000BC9EE
000BCDD9
FFF98415
00068CA8
FFFB6A7E
0005F596
0008E2D3
000745ED
FFFF0C68
001047F5
000474B8
0004C083
FFFFBDBE
00088D9F
FFFCC61B
0008463C
FFFAFFF2
FFF94061
FFFCF3AB
FFF872CB
FFF84C9E
0000D493
000507FD
0005136A
FFF5DAF1
0009AFBF
000AAAC8
000A1102
FFFF748D
00060655
000190D9
00063188
FFFC71D4
FFFA76AD
0001C6C1
FFFDF12E
0000A077
FFF92865
FFFA4B5E
FFF96091
00027AB5
00081F02
FFF77F98
0006C704
FFFFAEF5
00058B8D
0001748E
0003F96F
FFFB1BA8
0001C7BA
FFFFE8A3
00104730
0004CBB5
FFFF971F
0004D264
FFF8686C
000097D5
000B3D02
FFF9A5A6
FFF34622
FFF7F235
0006F806
00021C15
FFFFFD22
FFFC5860
FFFA92D5
FFF3C2B3
00074929
000D37D9
FFFD034F
000FF842
000168C1
0000BFDE
0008EE08
0014E8AA
FFFE51E4
0002164B
0001032E
00030713
0001B5B2
000FA7B9
FFFF9BEC
000E61B0
FFF94544
000954B7
FFFBCC48
FFFE61DD
00050A5B
FFFF3883
00054179
FFFC3FCD
FFFCFFC9
0009C9DB
FFFD8A99
FFF4C2C9
000C259D
0001ACCE
000A083A
FFFC996D
FFFCCAEB
000500B6
FFFB4DFB
FFFAB2EF
FFFE152F
00047282
00010B69
FFFF8BBE
0000D4E6
00013C51
0002B1C8
0002BD09
FFF360E9
000DD53B
FFFBA380
FFFF3A92
FFFD8E5B
00014741
FFFF5C90
00024351
FFFDD9AF
FFFF69B9
0009F06E
FFF94001
000053B0
00096DA4
00021F4B
000A4380
00075C70
00033F0A
00130301
FFFD935B
FFFDC614
00054275
FFFF0FC3
FFF0D90C
00023B30
FFFA3085
FFFED48D
FFF8C355
0007ADE0
FFF801C6
FFF927CB
FFFF5456
00063CE9
0007D2E1
00014939
FFF124EE
0007B42D
000AC7BD
00044D0F
0009667D
0009623A
FFF7865E
0002E839
0005964F
FFF9760B
FFFBA031
FFFFC5CA
FFFFE048
0003A1C4
0004FC41
FFFF9E19
FFF3385C
0007A946
FFFC61DD
FFFEC396
FFF73168
000299DB
0006E75E
0000A2BB
FFF00DFE
0008774C
00009494
FFFF603D
0009B99C
FFFC629A
0007D173
00063883
FFF5E6B4
0002FD6E
0008B03A
FFFAF211
FFF9FA38
FFFC3A02
FFFDF6DA
000A9CAC
FFFD8D98
FFFB1614
FFF9FC94
FFF41309
FFFAF883
001102A7
FFFC9A10
0002C10B
FFF6291D
000CEC1C
FFF86F90
0007F95E
00049F3F
FFFA216A
FFFD35B0
000D6934
FFFD7DCE
FFF91546
000539FC
0008CD9D
FFF9D383
FFF9F7E4
0009F638
00092BA0
000766FF
FFFDD304
000E9876
FFFD2216
FFF5A9DB
FFF916E0
0007443E
00093C23
FFFA49CC
FFFC4BD8
FFFC2C94
0000257F
0005AA72
FFFEFCD2
FFF51768
000C7BAF
0009149C
0005BEEA
00037D2B
000AFAAD
FFF9C8DD
000A5DB9
FFF3D679
FFEED2CA
000996D9
FFFCBE3D
FFFA614D
FFF8F280
FFF78C05
000662FB
000182B6
0003BB10
000E085B
0009E6AC
FFFB9A63
FFFD4811
FFFFF052
FFFAE9F5
000551C3
FFFC265F
00093C2C
0004021D
00020145
00020288
FFFD1406
00032705
FFF82079
FFFAD4E9
000F3821
FFF8E0AC
00063C1D
0008CA3F
FFFB2A43
FFFF0387
00025865
FFFCE5F1
FFF86C3A
FFF9879E
FFF1FF2D
000E21C8
00019B88
FFFC7308
0001F317
0005C4B2
00009FE2
FFF1B053
000CDE3F
FFFF0F46
0001A932
FFF353DB
000949B4
00043F62
FFFA9129
00023335
00049921
FFF48F34
00068EF3
FFFA0E0B
0000F481
FFFCF79D
FFFA36A5
00020599
0001C590
FFFBAE60
FFFA87DA
00036F57
FFF68B40
0005A93F
00025233
0001DC02
00048BA4
FFFEDE7A
00054CBA
000E3597
00016A68
FFFC06E8
000B78F4
0001681F
FFFEF648
0007675F
00095359
000CC68D
FFFBA1FB
FFF4F493
000D1100
0008C352
FFFEA15D
FFFD700B
FFFD4EFA
FFF9A174
0002348F
FFEB550D
FFFE36D8
000675FD
FFF1730E
00017ECC
0009872B
FFF2B474
FFF3EB30
FFFDD7F1
FFF53A5C
FFEFC137
000181D9
FFEBF563
0007F665
000BC082
00062552
FFFF4E7A
FFF5C8A3
0000FA74
FFFFDC38
FFFA3F23
FFFDC91F
FFFEC00E
FFFE91BC
000912B0
FFFE5821
FFFD1286
FFFDC74F
00015B4F
0003C92A
000A5F9C
FFFD1C26
FFFBF276
FFEDD670
FFF6E541
000351F0
FFF6E098
FFFAF1B8
FFEFDD8B
00080C56
00019998
00004528
000C54B9
FFFA44F2
00015342
FFFFA9F4
FFE7451B
00002EEB
FFFC435D
FFF9D072
FFF25785
FFF425B6
FFFEDA22
FFFBC3B5
0012E113
00046291
00071EE1
0011A60E
FFFD2B9A
000686E4
FFFA11AA
FFECFEC1
FFF46B07
FFF8F6B5
0000875D
0004469A
00012292
FFF07604
00072B18
FFF8BEBE
0004A13A
00078C01
000BCC67
000D9865
FFF38D7C
FFF4A593
000FB6CC
FFFB74D5
FFF03E44
FFF56046
FFF507D9
FFE7DD32
0005BA9F
FFFFBDB7
000885A2
FFFA5B51
FFF3EBEE
000297FE
FFF8DFA8
FFF844C8
FFF7B037
0005B0B5
0003225C
0003ED3B
FFFB129F
FFF4F8EC
0002EBC1
FFFEF679
0002C737
FFF27655
0003D927
FFFC65B0
000D25B3
0003A27A
FFF5677A
000FF353
FFFFDAF7
FFF89D87
FFFEC95F
00097ADE
FFF9BA2C
FFF1E235
00076C4A
FFFF6E7C
FFEFA8E6
FFFC8669
FFFF49D6
FFFA30D6
FFEF676B
0003D703
FFF170C3
00058A2A
FFE93DE9
0007FF8A
000724A4
00045B57
00100AEC
0001ED91
000F3964
FFF3C64F
0012E4CA
000869A7
0008DC86
FFFA96DC
FFFDE3E9
FFF89251
00015961
0001BAE3
00083A83
000FAD68
FFF00A8C
00107841
FFF31AEC
000A6CC8
FFF54E38
FFF6B200
0003F912
FFF27763
0008C248
FFFDF4D3
FFF25E0F
FFFB54F7
FFEFF3A1
FFF5D4C0
FFF8DC87
0005BFFA
FFF0E76A
00039E07
000A5FA4
000A02B8
FFF3914F
0004EE00
FFFE7A64
FFFBC66E
00065270
FFF2D2EC
FFF32D00
FFFFA816
FFF47550
FFF6FFED
0003C84A
0003743B
FFE93E85
0009F4E9
FFF9AEE4
0000A4B8
00001700
000B6006
00007685
00103682
FFF0EAAA
FFF8C8E2
000FBD32
FFF5B41E
000BF539
0005ED44
0000C5CC
FFFF2052
0001EBDB
FFFD257C
FFF9448A
000445DD
FFF5A1A7
FFEB3C2B
0004A32B
FFF759F4
FFFCC278
000CA1AE
FFFCCAF9
FFFA7CEF
FFFAAC15
FFFCAEE9
FFF861D2
0006AA0A
0004DAEF
00019BAD
FFF307CE
FFF4F1E9
0003FAA7
000AAC45
FFF7D103
FFE8453C
0007E9D9
FFFE93E0
FFEF7130
FFF1CFD7
FFF6686C
FFF65E68
0006019A
FFFA4F1D
FFFD95CC
000AF86A
FFF7EEE3
0012BC37
00014FC5
FFFC550C
00125F92
001A0D9C
00103BF0
0015AF64
FFFAD22D
0004D7D9
FFF7FBCE
0008351B
0003BDF9
0006BA92
FFF59E57
000F62F1
FFFD868F
0001EE63
0001D7B1
FFF85FFD
FFEE85D3
00001994
FFF891CE
0003CCF4
FFFD9980
FFF9508A
FFFDB393
FFF87B95
FFF968C8
0009A404
FFFE4F5D
FFFDA906
FFFDD824
FFFA9E99
000F2DCF
00117A2E
0007C2CB
000A70E7
00036945
FFFEC240
FFF4736B
0000520A
00020650
FFF7A216
00015DAD
FFF0387A
000904EB
0004A2B6
0002B9AB
000E7D30
000A2288
FFF9BD49
00000BF9
000BF6D3
FFF98918
FFFF42BA
FFF757D3
FFF6C968
00038603
000296A2
00127010
00073143
0005BAA5
000F72A6
FFFFADD2
000A804D
FFEFD57F
000F60CB
00040379
0002E484
FFF3B1F5
FFFBE9C8
0008CDBC
FFF2A393
FFF6E7A1
FFF87724
00051087
000EC455
00050D15
FFF2411C
FFF7A7BE
0007DD8E
FFF9EA6C
FFF30589
FFF51A48
FFFC5072
FFFDE31A
00060C67
FFE91724
FFF57017
00012CFC
00068966
FFFFD671
FFFA7110
FFF21513
FFF89022
000ED3ED
FFFE4CEB
00161344
000E36A1
FFF16BE0
FFF0CF29
FFEF1C6A
FFF7B44B
000AFDCE
00072454
00070BDC
FFF05A2A
0008829C
FFF63510
0005AE96
0002A748
00041674
000795D7
FFF6EAA2
FFFA7042
000C7087
FFFD8C62
0002188C
FFF173EC
FFF4E54C
FFF2CF36
FFF29752
0003B4A2
0008353E
FFF9C628
000A8A9B
FFEA4BCA
FFE9F9E1
FFFAB35F
FFF3D89D
000288FB
FFEF88F7
FFFE957D
FFFC9817
00009CF4
FFF1B4F2
FFFF1EB2
000EB3D3
FFFF4330
00099977
00064756
0006C4AC
FFF94C2D
000EDF97
FFF690E4
FFF9AC1F
FFFECE89
FFF03D16
FFF7489F
00077A58
FFFC8F50
00086C16
00011E9F
FFFD0DCD
FFFAC424
0001F785
FFFEA62C
0007FA99
000497A0
0009071D
0015AA91
FFFAAFC9
FFF3327E
FFFC42F2
FFF05BEE
FFF1BC6E
0012444E
FFEA3347
FFF16CA3
00087231
0003C5CF
0001F257
FFF8FBD7
00025041
FFFE955E
FFF9C5AE
FFFCB06F
00053D34
FFF4CDC8
FFEF80A1
FFF433EF
00043CF4
00056F23
FFFD4081
000983CA
FFFF8952
00099A7F
00012518
0008C5F1
000780EC
FFF6B535
0002DB97
FFFEC341
FFF23EF3
000B276F
FFFDF412
FFFD70A9
FFF736C9
0001251F
0003F47C
00006426
FFF3F681
0014F5DE
000209CC
0002A685
FFFFFE08
FFF6582F
FFF80682
FFF7E230
000DFCE1
000EBCD5
00045643
000AD8EB
000CC9A2
000FF581
FFFEB4E7
000B39B1
FFF8D7A5
FFF5D2EB
000EEE34
000920E0
00015322
FFF1D47C
FFFF13DC
FFF0AF99
FFEDDC21
0004735E
FFF62891
FFEE0686
0009A2F8
FFF04C84
FFF12E00
000EA24D
000102A0
00038D53
000F4D6C
FFED6E08
FFF385CF
0006892C
FFF770EF
00002202
FFFEDE14
0007A106
FFF3C3EE
FFF0FAEE
FFFAB28F
FFFCD66C
000229C2
FFF9E6AE
FFF901FA
001342F4
00007459
FFFA791A
00025FEB
00033B83
FFFC1CD8
FFEF1B65
0008914C
FFF99080
000C382E
FFECF1B4
FFF64F0B
00097B3E
00022173
FFFDCC40
FFF9362A
FFF52F0F
FFFAEE05
000B5F62
FFFA3B2B
FFFA0216
FFF7B785
000982F7
FFF2A90D
FFF6E4B3
00088382
FFF5516B
000BCC68
FFF8DC11
FFF783BD
FFF85E05
00065028
00020C88
FFEFD843
FFF53B66
0002297B
00131212
FFF94BE4
0005A80E
000C6FA7
00096BF1
FFF92127
000D0AA1
FFF57664
FFF8D125
00051D29
000A839C
FFF4368A
00151FC9
0006DC33
0005CB2D
FFEEEDBC
00027566
FFFC4E49
FFF8D488
FFF3A034
00007A41
FFFC8D31
FFED73C1
FFFD3799
FFFC9A33
FFF665E2
FFF0E68C
00048BBE
0008C6AE
FFF5B8E1
0005098B
00047CCD
000C96E9
FFFB6848
000D8BD7
0010601E
FFF995F2
0007B680
00022CB1
FFF7A04A
FFFB8A37
FFFA58BC
FFF6DA1F
FFFC2CC6
FFF3DA2A
0004FDA0
000210B4
FFFBF281
FFFAF1F7
FFFD46C6
0002170E
0012688D
00017388
00087BAD
00071487
000855E6
FFFDBE7A
FFFC7868
FFF17702
000BCEEA
FFEC5317
0004EF24
FFFE78A4
FFF83EBA
FFFD6B38
00001201
FFFAAA6E
FFFE905A
FFFC8839
FFFC0A81
0005FEAB
000394C9
FFFACE05
0000DFFB
FFFDC45F
000489C4
000CC5E1
FFF589D0
0006FB5D
0003D65A
000109FD
000ABB38
FFFA708C
00051597
FFF94599
FFFEFF94
000239B0
FFFC5A5F
00097CD1
FFF75468
0000FDD1
000BCB78
00038DEB
FFFB7AC6
FFFE135C
FFFD0C03
FFF6058C
FFF903EF
0007A373
0005A1C3
000A79CF
FFF8D629
FFF7724C
00072255
FFF6E17A
0006FDA9
FFFE11E4
00057D39
0003F555
FFF8B3F5
FFFDDA2D
FFFE70D1
0004C77B
000AB03F
00066F4F
000C318C
FFFB5F16
FFF2F39F
FFF8FE64
FFF83E62
FFF872B1
0002ECC5
FFF90DE6
FFFB3346
00013984
FFF919A6
00063792
00060D97
000A7175
FFFF952C
0003F16C
FFFCD829
FFFE572D
FFFA919C
000D9744
0003D2DA
0000AC60
FFFFE064
FFFC9051
00099D2E
FFF7C21E
00039C47
FFF915E2
FFFF1190
FFF59933
FFFA65B2
0004B4A0
000D1B63
000C52B5
00091FCF
FFFF419C
0002D884
0007C2DF
0009F57C
000E591B
FFFC139D
FFEFAAAC
00042243
FFF02AF8
0005BE80
0005E895
FFF3F7E5
FFF59063
FFF1B05A
FFFC680E
00093946
000D56A0
000523CF
000E2577
0003A95D
000817BD
00028967
0010F829
00054675
FFF4A7B1
FFF7098A
00065A47
FFF16677
000A53EE
00047460
FFF9F73E
0007B5FE
FFF87B0D
00069E31
000A69BF
0008CB7E
0005387B
0005CE2D
000C6623
FFFC4946
00056BA3
00022548
FFFCA147
00066958
FFFE6A91
0002F5F0
0003CF6F
FFF8EF7B
0009720E
FFFF3DBB
FFFEEB65
00046A61
000384AE
0002C3E9
FFFFCB5C
FFFEB8DE
0002B085
000283B7
FFFA762F
000555C6
FFF30A2A
FFF547C8
0007968F
000A23A8
0008C7FB
0005E9B2
00014FCE
FFFE3C79
FFF9854F
FFECB3EC
000310E6
FFF5511D
FFF98699
FFFB1083
00018A96
FFFE4163
0001E3A0
00075085
000A3209
00053E91
00003DEF
FFF90BC5
0000DD85
FFF6AFD0
00088164
00056738
FFFCCE24
0012587C
000DFC91
0008A7BA
00023D92
000D6738
00072129
0008C7B8
00009E14
FFF3D4F7
00033A2D
000AD6EB
FFF788F8
00011E6B
FFF94791
FFF66F46
000BA6F9
FFF9CD12
FFFC89F0
000544C6
0001B289
FFF90D7F
00064015
0006CB82
00021186
FFFCEB71
0006FBD9
FFFB2084
FFF2DB13
FFFCBB9F
00071C5B
FFFCD813
000330EC
FFFDA611
FFF8E5EB
FFF7F26A
00059741
0005C2ED
0006F090
0001E006
FFEF6D2D
00063BBA
FFF9EBBD
000A8497
000B1964
FFF98FD1
0001DCC7
0010C7DC
FFF38E44
0002DE8B
0006727D
FFF8E451
00015C52
FFFCF7FD
FFF03AC1
FFFA7FAD
FFFB70B0
FFF7E129
FFFB6639
FFF7061F
FFFB3EDF
0002E466
FFFC8CDD
FFF26D82
FFF82EBF
FFF9900B
FFF20ADB
FFF1B230
FFFBB61E
000430B1
FFF29994
FFFFADB6
0006AAE8
000BF0DF
FFFCA0F1
FFF9D05B
0000F7AF
FFF91C35
FFF89047
FFFFB525
FFF62152
0001FAA5
FFF772F0
0001AAAD
FFF64005
FFF95568
FFFCC867
000517BA
0007E0EB
000B2E38
FFF87268
000AAA77
FFFEFE17
0006DE35
FFF92420
0001F008
0004E354
00081C34
FFFEC5AC
FFF3C9D6
FFFA2494
FFF6C1D1
FFF9587D
000286DC
FFF73F26
FFF74264
FFF56704
FFFD8D0B
0008AEF0
00024600
000349FA
FFF7AF8D
0002F905
0008559E
00095DB6
0001C8B3
FFFEC781
FFF4FABB
FFFDAF8A
FFFB4957
FFF954BE
FFFFE753
FFEF9188
FFF4B5CF
00049296
00001F05
FFEF17A6
FFFE6BF1
FFFF43EF
FFFB33EF
FFF88BEC
FFFEAD70
FFF3E4DC
FFFC77FC
FFFCE023
00003B0A
00090B50
000217AB
000299AF
0001CA39
00001289
00060E42
000E58A7
000A249A
000A57FA
FFF50DC1
000C5D2C
00069DC2
000A09A0
00021220
0003CE6C
FFFEF935
00041EAE
FFEFBDCD
0006CA41
FFF5D1B6
FFF30D3E
FFF8DBF3
FFFB60F4
FFFAF918
FFF19068
FFF31291
FFF6D846
FFF21A63
0001EEA6
FFF4B691
FFF4B390
0007C0C2
000239CB
FFFDB2BC
00047F97
FFF773EB
0005CCDB
FFFAC3A0
FFF81526
000A4ACF
000AF10E
FFF89BDA
0002F47F
00011245
0000094C
000C034B
0003BCB6
00024ADC
FFEF3F65
FFF9DC8C
000AAFF2
FFFA8458
000C4157
FFFA7822
FFF75AF2
000D0618
FFF835A1
FFFDE166
0000BD8F
FFF916E6
000B05CA
000711DC
FFFAD1F4
FFF0D0D5
FFF70F7A
FFFF18F0
FFFD4702
FFF4CC89
000701B5
FFFD48C6
0008A5CA
FFFD720D
0004C204
00014B57
FFFF466C
FFFD9399
000601F9
00058FF9
FFFB4407
FFF933D4
00080445
0002ED31
FFFFF99B
FFFE60AA
FFFB2269
FFFA3379
FFFE9629
FFFFD859
00089959
000EC6EA
FFF9D4FA
000CEE01
000BCED1
00059B4E
0004E665
00025245
FFFDBB35
0008DFB8
FFFC2238
00087D21
0007AE23
FFFA7E8E
FFFA69EC
00036597
0000B9BF
00075FCD
00000264
00096DB0
00085E34
FFFFF45E
FFFA5118
FFF409A5
FFF647EE
0002FAB2
0008A089
00086369
0004E79D
00096D4B
000B0D1E
FFF88B9B
FFF74131
FFFE9F01
00011FBE
0000983E
FFFD5D4A
000A0796
FFFB8ECD
FFFE5741
FFF60D2E
0007A819
FFF8A230
0002127F
FFFBA810
000BA4AA
FFF64625
00074630
FFF9C83E
00067CBE
0001CC5C
FFF39335
0003A537
000268F8
FFFA691A
0002B710
000BADA1
000BE97B
FFFD3880
FFFE29B9
FFFF5868
FFFA3C32
000420E9
FFFD9FEB
FFF3806E
000381AF
00070DBC
000732F6
FFFBB62C
FFFA681E
FFF9FCDE
0000F5CD
FFFF9B6B
FFFC3031
FFFD2717
000903F0
FFFA3AF5
FFF77DAA
000D7726
000230C2
000B3AEB
00045821
0000C11F
FFF98A85
FFFCE0B3
0001DC6D
000076A8
FFFCE4C9
0004E1E1
000213FE
000928A0
FFFE0777
0003BF6E
0003F192
FFF6AED3
00033C4F
FFF6A7B6
FFF7B556
0001A657
00005665
FFFAAA07
00019A8D
000CC10D
FFFDBBEC
FFFE7662
00065C11
0003D19F
000DCD7F
0004B8F2
0003A22D
0003B293
000A5A85
FFFDB5FF
00065219
000B17E3
0000DA6A
000E3D58
0008183A
000852CF
00084DB0
FFFE567F
FFFCCAC0
FFFF5080
000864D1
0003526A
FFFBE1B7
000488EF
00075D07
FFFBCBF7
0000B38F
FFF87EBC
00100344
FFF6900E
FFFA4BC9
FFF992C0
FFFCD59D
FFFBA565
000F8B6D
0002DBDB
000733F0
FFFDAE9C
0005E3C3
FFF82F26
FFFE836C
000901D2
00042E6D
FFF4E86A
00063026
FFF5ACE7
0003CBC2
000060F7
00033B80
000198EF
FFFD99FC
FFF5B5C9
FFFA21D8
00035A25
FFFF5788
0005C39F
FFFC0CE9
FFF39B70
FFF460DE
FFFFBC4C
FFFF4274
0000BF95
00070330
FFF56D87
FFFBD6C4
000308A1
FFED859B
FFFBAA28
FFFA7EAF
000A6256
FFF65399
0001AD2D
00072287
FFF9E674
00096DFC
0005A2BA
FFF2481B
000F4341
FFFD1D5F
FFF77099
FFFE65FD
FFFB012B
0000C398
0002A4F8
FFF845CF
00082855
FFFDC1E2
FFFBEAC9
0004935E
0006D9DB
000F5494
00043D8D
000DE857
FFFCDB0D
0011A7E5
FFFBD697
FFFAEA57
FFFCD23A
000863AE
FFFF03BB
FFFD7649
00037EAA
000B2878
FFFE4ACB
00015435
00022487
FFFBD90F
FFFCF197
FFF1B6F9
FFFECBAC
FFFE46E8
00009F30
000199FE
0001483E
0009D468
00109A11
00003EEC
FFFD45AA
00066827
FFFA05E7
FFF8B4C2
00001715
0007B732
000942B2
0001BAC2
FFFFC017
000058FD
000CAE99
000775E7
00003675
FFFA9203
FFF79977
FFF50580
00074001
00044B26
000A5569
FFFFAE4A
FFFC7BDE
FFF570BD
00053699
FFFE6723
FFFA63A9
0000CF66
00079F52
FFFE2D78
000B90C7
FFFCFA1B
FFFB1B25
FFFBDFF1
0007028C
FFF602A7
FFFF5A4A
00023627
0006E94C
000C259E
000A13CA
000B881A
0004F564
FFF51352
000B4A2B
0009D7F1
0004164E
000078D3
FFFFE614
FFFA73AE
FFFCAA3B
FFFA50D1
00092BC8
0007EB42
FFF42CD0
0000F502
00063351
000B279A
00045B34
000E4A34
FFFAF263
0006FC4C
FFFDFC6B
FFF17DC6
00052668
FFFE5150
000A3B69
000B9945
00087B81
FFFED2BF
00093E14
000B02B2
FFFAEF1B
FFFBD2C3
FFFA26B9
FFEA3270
FFFD402F
000A18B7
FFFD7015
FFFF7120
FFF4A279
00059E99
0000C539
0005B3E4
FFF7C3FA
FFF96972
FFFAAAB1
0000ADCB
0001C3CD
FFEDAD35
FFF22964
0005E222
00005639
FFF8CB3B
00047C42
FFEF0052
FFF2A2E3
FFF73A10
FFF71621
00065EAC
0006D632
FFFE746A
FFEF4102
FFFE467A
FFF31011
FFF17FEF
FFF7D1F1
000E6D02
00095FA2
00171E9F
000215B8
0007BD5D
001CB47D
000FDF14
FFFB437B
000D55F5
00011610
FFFBF96E
FFF4953A
FFFB603E
FFF3A5CE
FFF74CF1
FFFBC236
FFF49481
FFFC2BAC
FFF7B976
00090AAD
FFFF2FFB
FFFD5462
0000865C
000D8688
00099354
000647B9
FFFE7F6C
000B5779
00111BC0
FFFF15D3
000B0CC5
00034C0F
000D28F7
00086C52
0004D2C2
FFFB0949
FFFF6098
000680C6
FFF83A99
00002C22
FFF0D3AD
00096571
0000B851
FFFDAF56
0009DC62
FFFDD276
000658AF
000B9D0C
0001A925
0001C658
FFF925C1
FFF8EA4F
FFFEDB07
FFFC7709
0007D6C8
0003694E
0003B8E3
FFFBB2B2
FFFFBBF4
000964C9
000CA29D
000C8F24
FFFA4BB1
000DDD30
0008A6EA
FFFE24D8
0016A139
FFFF3335
0002915E
0006F7B4
FFFF6C84
000F0CDB
0008666F
00068FBC
00050E23
000BAC04
0008411D
FFF90F10
000C1631
0009860B
000035B4
FFF52532
000BAB70
000F7DCF
0005D586
000B0BF3
FFFFEBE3
0005223F
00114268
00069AB4
000E7687
FFFDA539
00000E34
0005824F
FFFFCCA5
0002E29A
0002C302
0001B8F0
FFF8F6B2
00073986
000A6B76
000B10BC
0009AB1D
FFFAF982
0015FE4A
000B02AA
0002687E
00072CC5
0000A0AA
FFF240B9
0006571E
FFF79D83
FFF560BB
FFF7ECD6
FFF6F04B
00066865
0008D716
FFEF350D
FFFDE1F2
000B9E82
FFFE193A
FFFF5835
00044C88
FFF51834
FFFE2960
FFF8A5B6
FFF5A8FF
FFFA8F7E
000A3330
FFF4DE0B
FFFFDEC9
0005CE53
FFF7E2C4
00015081
0001FA41
00159255
FFF650F8
FFFAFBD7
FFFF3FAB
00082AA0
000DE8D6
FFF49AE8
0001F453
FFFF8680
0009BFBD
FFE8D4AD
FFFFC641
FFF868E4
00064C24
000B413F
FFFE9012
00022105
FFFC2CA5
FFFE8F31
0003D995
0004F9FD
00007DA0
FFF4AF4B
FFF5C1E3
FFEECD6B
FFFDCAC0
00014759
FFFB5192
FFFEB01D
000416C8
FFF58D49
FFF81970
00151979
00024115
FFFA2274
0013F4E0
FFF85024
00006F6F
0005D874
FFF77492
000C060A
FFF7028E
FFFEE9F0
FFF42F91
0001BD9F
FFFFA78C
00050785
00005CE6
000D8524
000D12EC
00077F14
0004B88A
FFF33149
000FD9AD
FFF8FDDD
FFF37B90
FFF78765
FFFF352A
FFF7A0A7
00045097
000F3E1B
FFFB8D3D
0002C6BF
0004F8BB
FFF5C8B0
0008506D
0008BC8E
000530D2
FFF8B00B
0002328B
0008F617
FFF2315E
00101B14
FFFD1588
0002F89C
00034E33
000B94D2
0003E66A
FFF6B37E
0010CEF4
000C5854
FFF6DFF3
FFF5CE54
0002C905
FFED89EA
FFEF7435
FFFC3CBE
0003F819
FFF32ED4
0001A413
FFFB4CB7
FFFC84C7
00013420
FFF90359
0001F3F3
00010FF0
FFFC6A97
0001D0F1
00018D83
FFFFE8CE
FFFF8A8C
000ADEC3
FFF6E71C
0003B0B5
FFFA1FBF
FFFC8CD3
FFFA7FD8
FFF4168F
FFFAE70D
00085CA0
FFF84C50
000367A5
000BEB36
00084DB1
00010C8D
00003A0B
00074B95
FFF68EB9
0000FF0F
FFFDC625
FFFC098D
FFF721CD
000A386E
00096360
00049BCD
FFF36450
FFFEAEF3
00020DA5
FFFB3F25
00002E21
FFF9C8A4
00085CAC
000DC246
FFF141C0
00052FAF
FFFC35E3
0007C0AB
000E77BB
000D09FB
0003279A
FFEEA8B4
0008FD42
FFFC9451
00030938
0001BE7F
000CDB2A
000B4AA6
00086325
00012E84
000AE143
FFF9D6D3
FFFE51D9
0007A46F
00082824
FFF78968
0009F41C
0006324E
0001B0C8
FFFE9957
00037173
FFFB2B26
00068FDE
0007DCB4
FFF32647
FFFFD625
0004DA00
FFFD8033
FFFD4376
000ADC17
FFFD656F
00061364
FFFD77C8
FFFC01E5
FFF3C28C
FFFF8BFB
FFFD58B6
00041F8B
FFF3432E
FFFEBD0A
FFFAE80F
000A4E9F
FFFF5B92
000C4481
FFFF0A65
00006860
000BC6EF
FFFBBD0C
FFFC3A93
00038B25
0001CFB4
FFFE39CB
000E6BF6
FFFC447E
FFFBD16E
000B0ED2
0009C361
0003886C
000F93A2
0001B31C
00084EA5
000B2DDE
FFEB946B
00085F8B
000F1D63
FFFEFD50
FFFADA2F
0003B1A9
FFEF6774
FFFC5373
00087013
FFF798CB
0013BACE
FFFC4522
FFFD7E8B
0004DE02
0006B30E
FFFC9B59
000069B7
FFF5F05D
FFF6BB09
FFFDD19B
0004988C
FFF43722
FFFFC316
FFFD48B8
000274AF
FFFD66EB
00019394
00023478
00006F81
FFF8B20E
FFF65724
FFFE44FB
FFF493DF
FFF6DDC9
0005A1E4
00027433
FFFBD6AB
FFF9B346
FFFDBB87
FFF81F32
00042E3B
FFF95753
FFFD0E61
FFF1D5AE
0006833F
0008FB34
000A45F7
000D0160
00004038
FFFBCA56
FFFDEADB
FFF6B159
0003E7AA
00079773
FFFF066A
FFF8B1F1
FFFCAB97
00009369
FFFC0B55
000DA7AA
FFFDD414
FFF8FAE3
00005C46
000786CA
FFFF6887
00067924
00100637
0006B678
000EFE05
00088CAE
0008898A
0005B545
FFFE70CC
FFFF08B0
FFFC7896
FFFF0854
00098B92
FFFF03F9
FFF72182
FFFD228A
FFFE66F6
FFF7C982
FFFBA9DA
0005EDEE
00028C1C
FFF4606F
00045CD0
0008913C
000628A1
FFFF9EE5
FFF1D378
FFFAD428
00040831
FFF67C73
FFF5AE0A
000414C9
0005215A
FFF69FA9
FFFCAC3E
0001BCB1
FFF560FB
000F479C
00005206
FFFBEDD6
FFFF5615
FFFF0706
000A7DC1
0001EF1D
FFFDDB46
FFFA94BE
FFFB4A9A
000E0BC3
00048774
000E7CC3
0007F07D
FFF887E2
FFFB1ACF
FFF595FD
FFFFDB7D
000039C9
000691E7
FFF6B4FF
FFF96046
FFFD10B4
00003019
0001A729
000CD437
00089F2E
0003B145
000BD818
FFFB2624
FFF9E180
0005F876
FFF480C6
FFF5138C
0003D646
0006DEA8
0001204E
00043300
00026F49
FFFA5E6A
FFFFF329
FFFEB388
FFF77E3D
0001421A
FFF8C5C7
FFFE5160
FFF6B871
0006A61E
00030C4E
00011C36
000A0285
00093C2F
00106E25
000C4604
00047C75
000011F3
0006E098
000506A3
000E1BF0
FFFBD973
000CC9F5
0001AD9C
000237EA
0008803F
000128E8
FFF715B8
FFF57496
00093230
00070794
0000EDA6
FFF04707
00045182
FFF10618
FFFFA7AB
0004FAAF
FFF3C398
FFF7CBD8
0006DDE2
0007BBF2
00014485
0002752E
FFF59838
00034DF6
FFFD8226
FFF90B3B
00091B4B
FFF3D11C
FFF81DA3
0007F113
00018D8D
00092D21
FFF7FEBF
0000A1F7
0006FD64
0001B2CB
FFFD0D78
0000F184
FFFA0827
FFF6DA73
FFF4BBC3
FFFD2E7A
000FB2B9
FFF2B52D
000D158C
FFF73CBA
00080EB4
FFF78DC9
00086906
FFFEECA3
0000398B
0008DEE7
FFF89D3D
FFFC6A0A
FFFEE3AD
FFFD0EA3
FFFBC33C
FFF7A1BF
FFF6471C
0004BBAF
00036A7E
FFFBF402
FFF6F6A2
FFFAC1AA
FFFD8FD7
000D78F6
00046D4D
0003B230
00047EF2
FFF8CFDE
FFF2DFFC
000853CF
FFFEE56C
FFFBCB50
000F0F45
FFFD33B0
FFFCAE7D
0008B661
0007B731
FFFDE77A
0009C9BC
FFFCC924
0000BF13
00048227
00079E61
0004E2D1
FFF78FFE
000E445A
FFFE80C7
000DB88B
00089D63
000BEE1C
FFFCB6EA
00073D5A
FFF785F5
0009F6D9
0004EBE1
FFFCEB05
000452C0
FFFC4841
FFFF194B
0000B151
FFF5539B
0002F551
00121C20
000212AE
FFFEB11B
FFF7FDEA
FFF6F4E5
FFF10CE1
0014DB9A
FFFF7321
FFF78359
000CCA84
00057566
000064FA
FFFF7BE7
FFF4E3F1
0002A8A2
00027C9C
000C120B
000BD883
FFF73C1D
FFFBA8CB
FFFF3668
FFFE8DD7
0009FF02
0009688C
000428A6
FFFBE296
FFFD339E
0002DCE2
0006E884
0002EDD4
000966B3
FFFDCED2
FFFE4276
000924D8
FFF72652
000414BC
00114E3D
000C4724
000D27F1
00043E69
00010DFF
FFF5A1F5
000C3A69
000B818C
000600BE
000C9A47
FFF1AD7E
FFFC0628
0005B120
FFFAC135
FFFC149E
000D2C37
00048B58
000F3C16
FFFBF28A
FFFBE5BE
000993E8
000A1812
0006595C
00045C88
000DEC4A
FFFA5450
FFF85F0D
00064D2B
000416CA
FFFFEEA5
FFF06527
0004E23A
FFF92DC2
0005ED82
FFF3D0A6
FFFC4814
0000E77C
FFF5E3C7
FFF4293F
00041F4A
FFF5AD87
0004D97B
000ECA8C
0006FBD1
0008CF58
000D9A19
00076902
0008C945
00005C19
000A1D37
00059E76
000883F1
00005E41
FFF81F0E
000B7A08
0003F8B1
FFFB7614
0004BB94
000542EE
FFFB0270
000EA680
FFFC90FA
FFFA860E
0009C7D3
FFFF76ED
FFF3C4A6
0009F1E0
0004BD9F
000B43F5
0008EDBC
00023E4C
0001D425
0013AEA7
00101608
FFF65F67
0007CB2A
00010FA7
FFFE41C6
0004B491
FFFC323B
FFFC0E75
00093297
00051932
FFFCBD0A
0004319B
00050E8D
00051224
FFF2CA43
00056320
00073D13
FFF4EE59
FFF6D1D0
FFF2F384
000575D0
FFF6497F
FFFBA8F9
FFFA7D94
FFF97086
000305DF
FFF92745
FFF3B7C8
00014BC5
0013CB93
000863FD
00063617
0006893F
FFF39454
FFFB0EBF
00004E42
000D7E8A
FFFF685A
00009E25
FFFD59FF
0006648A
000BC3DA
0000B05A
000634B2
0009E971
0007D385
00011C47
00073B35
FFF876C4
000169B5
FFF9669C
000268A7
FFFCAE2A
FFF2A324
0002A4D6
FFF21328
000AF60E
000FB507
000B4C12
000FA117
0005F513
00113970
FFFCBFEF
000693F0
0002F30F
FFF854AA
0004D532
00035925
FFF4E203
0003693F
000011F7
0006A027
FFFB6808
FFFFCA10
FFFA6BC2
00036460
0004C89E
00069DB0
00021691
0005FCEA
0001E3F8
FFFCCCEF
FFF3E4E1
000C03AA
000ACF0F
00102615
FFF54863
0003CFB4
FFFB57EB
FFF3F94A
FFF74D59
FFFB5C4E
0006AC91
0011DE5E
FFF757E5
FFFD6347
FFFD0FF5
00052EDB
FFF35BD0
FFF8AE02
FFFCF7B8
FFFF6916
00026351
FFFE2722
00080735
FFFFAA9C
000A3F6A
FFFA40B2
FFED09FD
0005D5CF
000291C8
FFF5E23B
FFFE3B65
000C0474
0007254D
FFFDFA4B
FFFCCDE4
0002AD72
FFFD1716
0009DAFA
00063966
FFFAD903
000843B0
FFFEFBFA
FFF6E363
FFF8628F
FFFC2387
00042291
FFFCA780
FFFED271
FFF8BAF4
FFFB948E
0002E9AB
FFFFFC29
FFFFBE76
0003EB60
FFFE0784
FFFE7D8F
000EF753
00078119
FFF7B1B0
001273FA
0009532F
00047D9F
FFF6BE96
FFF1A5A0
000B569C
FFF682F0
000B3EF2
0007A936
00013D87
0005F231
FFFED146
FFF81545
FFFADEB4
000536D2
FFF8AE22
00098D42
FFFD091E
00018D52
FFF8FFA8
000EAF53
00031817
FFFC1C61
FFFE35B9
0000CC04
00077EC8
FFFFBDD9
0016B7DD
FFFC5743
FFF7E28B
0005F430
000CB39C
FFFF7031
00059DA3
0003EA4A
00052812
FFF1357B
000CCB4F
000E94EA
FFFD8ECB
FFF485C2
0004EAA5
0006D6C1
FFFDBF77
FFF552B9
00024115
00028966
0002E16C
0001502A
FFFBC5AB
000CB8A8
FFF53706
00009FED
000193A0
FFF9E70C
00067852
000249CF
000157A6
FFFBAEFE
000D5507
0000D402
000F28F4
000FACF4
0003F89A
0001715E
000AC191
FFF9DBF6
FFFB78F8
000E359C
0008E2D5
FFFC7E6A
0013372E
0001E577
FFF57D32
000ECDE7
FFFC8939
00063356
000DB5C1
FFF8F05D
FFF5D63F
0002FD77
0011C5F7
FFFDC0DB
FFF67F49
FFFB6EAD
FFFE485F
00095E13
FFF871F5
FFFAF7DA
FFF99F9B
000265CA
0000A629
00043E7B
0008A297
FFFFF7F0
00062C4C
0001E174
FFFEA846
0014A2A7
0004B68F
000940A2
0004F246
FFFE3E61
FFF7A698
000AE811
0012B40B
FFFD607E
FFFBFD80
FFFC14FE
FFF620EB
0007496F
FFFF7DC2
FFFF7EB1
000848DB
000CE8A0
00007719
FFFABB0F
00070C92
000496D9
FFF99DAB
000E3ECA
FFFD44DD
FFFF4BED
00017E0E
FFFD1177
0005540C
FFF67A57
000397DD
FFFB3114
FFFAAEAA
FFF3588D
0000C4D3
FFF4A583
000657C7
00084778
FFFCFE3C
FFFB4ED6
FFFD0743
FFFCB325
FFFCB7E5
00124E51
FFF7158E
FFFEE295
0002E16E
FFF6A40B
FFFEE99C
000F9E77
FFFF4501
000660A6
000F4FDA
FFFF1812
0002D49F
0000C54F
FFFCD478
FFFB360D
000E635E
FFFC522A
0003D336
FFF80AAE
FFFD330B
0008C937
00092B93
FFFFA61A
FFFDBD8A
0005EACB
000D34B8
000F721A
00029B52
FFFA1A31
0005E2FE
00068F4D
0000F407
FFF71F02
000916DA
0011A8AB
0002BE10
FFFE0AE1
FFF4AE98
FFFB5849
FFFAE9AC
0003B413
FFF907F2
00014F98
FFF42A17
0007EB9A
000BB709
00040241
FFFE2629
FFF89F38
FFFE1BAB
0000A226
0000B213
FFFE393B
FFFA9A5F
FFFF6773
00048D48
00017CC3
FFFB4215
0004B288
00065CC2
000191E9
FFFA4772
000847FC
000FA8CE
FFFE7760
FFFE8ED0
000549D8
FFFCBA4A
FFF6DFEE
FFFDA7BD
FFF417DA
FFFF79F1
FFEF6D60
FFFC6C40
FFFD7F4B
FFF72586
FFF0B692
000D9903
000646F3
FFFEF55C
FFFEF012
00009A66
FFF924A8
000E1E0A
FFF3B9CC
000BA470
FFFAAEB3
0005AE85
00098824
0001C1FF
FFF9DA90
FFF4AFD5
FFFD3D78
FFFC26FA
000289D1
FFFB6E08
000D2DEB
FFFE002A
FFF166A1
FFF26460
000581E2
00074120
FFFB74AA
FFF8D240
00034F42
00008B57
FFF70229
00056319
00086922
FFF94D81
00004934
FFF6CF46
FFFD2912
FFF990DC
FFF5D410
FFF751AA
FFF5F2E7
FFF251CD
FFF426D8
0007638A
FFF4B334
000F4A12
FFF0AB1E
FFFFE3C1
0003E355
0007A2EE
000B286D
FFF99000
FFF7DFF9
FFFE35B0
FFEF9729
FFFD8250
0003030A
000166BE
00098BDF
000E34AA
00051981
FFFCE3A1
00046D8D
0009355C
FFFE7720
000390A0
FFFE251A
FFFE2E18
000D7CFD
FFFFACEE
FFFA3E01
000348E4
FFF93C20
00028276
00026DAE
000AC764
00094E57
FFFFC6FC
0001365B
FFF4F168
FFF08BE9
FFFA32FC
0003217A
0006E4B9
000687FF
FFFC4668
0000DA6F
FFFD3DDB
0004930C
0002669E
0003EB4D
000CFFEE
00073C28
FFF73AF0
FFFE6315
00076D06
FFFA9E1A
0000B7FA
FFFFEE73
0001ECC8
FFF5C1A9
FFF04E78
FFEECC58
FFF5747D
00095FAF
00057BF4
00008D38
FFFA3609
FFE4F6A2
FFF741C5
000B28A2
FFFD1800
0009AF67
FFF44366
00020BB4
FFF85645
FFFF9951
FFE3EAFF
0002C3D0
FFF39E77
000A6912
00007E81
FFFFEE49
FFF88B7E
000208ED
FFFA8269
FFF098C4
0009A14E
FFFEA1AD
FFFDB140
FFF8B084
FFFFEBDD
0001867F
0001F5C5
FFEA64AB
0003F0B3
FFF71E9D
FFF93E93
FFFA7BF5
FFF9692B
00088950
FFEF016B
FFFE6004
0000588E
00070624
0006A563
00080642
FFFAD7A0
FFF1E425
0009A4E7
000A91E7
0001BF35
00114FE0
FFE97739
FFF93714
FFFEC0FD
0002A9BF
0004BB89
000E1BCF
FFF42EE3
0005D9DB
FFF685C9
00015514
0003E608
000B477A
FFF0ED87
FFE66F16
FFF8BED5
00013650
FFF8B9DB
00054689
FFFA7724
000546A7
000219C2
0001AA8E
FFEF8985
000F66E2
0008A5C4
00093B54
FFF9A8D5
0005B0BD
FFF9B54F
000936DD
FFF87C7B
000507EB
000C7630
FFF0FCAA
FFFE4023
FFFB3890
FFF8B7A9
0004A593
0005F69E
FFF93FF6
FFF420C3
00043C77
000B184E
00018BD5
FFF72C7A
FFF63141
0002095C
00044C8D
FFF29F88
FFF3913C
0005748F
0000F420
0000711A
0001809E
0004EBCB
00015090
FFFCFD42
00108B77
FFFE4E0B
FFFA432A
FFF4730B
0004CE81
FFF11D24
000ABA51
FFFB3FBE
0001A178
FFF96909
00081B60
000C6E61
FFEBB37F
00011FFD
FFF9DD41
00013651
FFED7DBB
0001CAC6
FFFF31C4
FFF7367D
00030DAD
FFFC4F6C
00023C57
FFF29C00
0004E007
FFFF91BB
00074B74
FFFBAFD2
0009D3D0
000388A8
00079CA9
FFF82366
FFF7956D
0002074C
0007F7C1
FFF436C5
FFFFCCF6
000B8AA4
FFF9E095
0008BD2A
FFFF7F38
FFF5EE1A
00068FDC
0000EC15
00035240
FFFBE6B0
0010ED52
FFFAB25C
000D4B48
FFFAF5BF
FFEED52A
0000323C
FFFBD2D9
000C1D63
FFF6336C
FFFA8346
000BB417
0003B748
000EC389
FFFCE244
000A7688
FFF42173
FFFD9314
FFF9968F
00075E02
000BBB31
FFEABBE3
00065A5D
00013E2E
0002F342
FFFFE8E6
FFFBFD24
FFFB25D6
000497D0
FFF279FB
FFFF3331
00061990
00000486
FFF4138C
FFF76A95
00018E7E
FFF89727
FFF06163
FFF073D4
FFF49163
000BB5AB
000BAC2A
FFECFAB7
00002AC3
FFF9B762
FFFD2D34
FFFE5394
FFFA107B
0003DD56
FFF08D34
00033C46
FFF3E3CA
FFFD0943
FFF80DD1
FFFD674C
0002E14D
FFFB336B
FFFE1BF1
FFFDE32E
0003D4C0
00062B7C
0009B2E1
FFFE96F0
FFF869E3
00061095
0008972E
0007DB47
00076229
001492EF
FFF79647
000CCE73
FFFCC336
000684DD
FFF7D01A
FFF64571
000300D9
FFF04A7C
00062E8F
FFF86085
00066E75
00024DDF
FFFC1079
0007B3CC
FFFE074C
0005A212
000B0525
000148B0
FFF9AC27
000746AA
000F40E5
FFF8AA7A
00082F89
0003CFD7
0001E803
0000B35C
FFFDDA71
FFFDB846
0000D13A
000305BF
00066628
0001C41C
FFF292C2
000A014C
0006D33C
FFF4DF2D
FFFC46CF
FFF09448
0011B761
0001EA73
00006B2F
0002ED75
000B4848
0003CD76
FFF350CA
FFE1C5DE
FFF69085
0000E223
000E793F
FFFA9228
00074DF9
FFF61F4B
00044C74
FFF759CE
000309D5
FFF48647
000B5F64
0000CE1B
FFFD352F
0001C329
FFF6A448
FFFDAD3A
FFEED395
FFFA0193
FFF6DE3E
FFEE1FF6
000974AD
0001FDF0
0002B4B2
FFF39280
FFFC5B33
0007C565
FFF331CB
FFFF087C
0004E820
FFFBA7BF
FFFA23B8
FFF36865
FFF3664B
000C4B3D
000969FE
0008DCE0
FFF41081
FFFC6625
FFF8C3C2
00026084
FFFBF93E
00056C6C
0005DA0E
FFFC464A
00054CBC
0006943D
00091106
00034E06
FFF72A83
FFF8B39C
FFF23F3B
000C0590
FFF95085
FFFF4EB9
0005F19F
000A34A6
00041A29
000AA4EC
FFF30F06
000AE636
FFFF6BB2
0001BDA4
FFF6C5B4
0004BC8B
00028DC8
FFFBB7E2
000E48FF
0001470F
00013DD1
0004E92F
FFFD30AE
FFED05CB
0008B364
000333C1
000E68DD
FFF85FC4
000CD2C0
FFFF83D5
0002C643
FFFC17DC
FFFA07CB
FFF22487
0006A032
FFF24D18
0001F247
FFFE5858
FFF85E00
0007502F
FFFC2F6C
0004CE9B
FFFC4D73
00022C0C
000C6FB2
000D0E84
0002C1DF
FFF124F7
000787F8
FFFBA32D
FFFEC547
FFF79CA1
000175F0
FFEE0E6F
00088D59
00007C1D
FFFC880E
000E7F71
FFFB6179
00093608
00024FE0
FFFD94CE
00089082
00096B1C
0007DF39
FFFEACB9
FFFD0EBD
FFF98A80
0000F4A6
0002DDD8
FFF8685D
FFFC7985
FFFB5E10
00075582
FFF2F3EC
00070EEF
0001E378
0000FF95
00082223
0001EE32
FFFB5F9B
FFF8F014
0003309D
FFFD4DC5
FFF5E8A3
FFFADDB7
FFF991DD
FFF5A1A1
FFF2E24C
FFFF12A7
FFFFCEB3
FFF908CF
0003FB0E
FFFA8F71
FFF84CB8
0004F827
FFFE95E6
000BF04A
FFF13208
000E90AF
00092234
000C2FCC
000B0B81
000A2002
FFF91E33
00041EBB
000BF3BD
000B72A6
000CF9D3
000CC6AA
000388DD
FFF5F811
FFFB6433
FFF62918
00003B57
FFFB92B7
0001C507
000DB066
0000BDDA
0002BCDE
FFF58863
FFF9504A
00084E83
00091322
0007C670
00058A4B
FFF99431
FFFE5E01
0001CB54
00003FFA
000DB367
0006CCF5
FFFCECF7
00112F80
0007E5E4
000ED6E2
00084C56
000FB25A
FFFBCE4A
0002760C
FFF84187
000DD32D
FFFF48EF
0011CE11
0000AD14
FFFF106C
FFFB5326
FFFD02FB
000F7AD5
000B4013
00082CDE
00051CA3
FFFF9AC6
00102F61
00004C32
FFF4817F
FFF512C9
FFF55808
FFFF464B
00028EEF
FFFF81F9
FFF62BC4
FFEF92E3
00078B51
FFFC40EE
FFF78294
0006018B
FFFEEB3C
FFF38A8A
FFFA519B
FFF01A67
FFF4D575
000CAC52
0009DB86
0006911C
000CA416
000904F8
FFF816EE
0000450F
000013FE
0009C6C1
000114C2
FFFDA8A6
FFF743ED
FFFA09A3
FFFFA60C
00037E3B
FFF3E1FF
0006DD2B
FFF669A9
FFF9584B
00070C97
0003D1C7
FFFB3D37
000F04ED
00002772
000AECB0
FFFF0912
00090D06
FFF99F81
00043135
FFF4B272
FFF8A539
FFFE9442
FFFEB5CB
00095F3B
00023442
00008857
FFF39427
0006BA2A
FFF3CAC9
000BE907
000CA162
FFFCE90B
FFFC3556
FFFFAF11
FFFC20CC
00072BE6
FFFF7A27
0000F1C4
0000E3EF
FFFD3721
000BFC92
000253C6
0004A726
FFF74376
FFF61CA7
0001BAC1
FFF1CC94
00010930
00076E65
00012565
0009A153
FFFA5877
FFFEAE3D
000791E3
0001477B
00018F48
0000CFB3
000BC330
FFFD0A50
00073843
000ADC64
FFFB4614
FFFD8265
FFF645F5
FFFBD7B3
FFFEF44C
000CC656
FFFAD079
000B1CB1
FFF8E1F0
000A9CED
FFFDD517
00061E39
00009565
FFFC3CC1
FFFC9D0B
FFFFBDCA
000A3C49
FFF90A41
FFFBB9FA
FFF4A089
FFFC1836
FFF37B8B
0000895A
FFF94C38
000E40BC
00020D1B
00043F75
FFF62584
0008FEA0
0003233B
0006BF10
000CA86D
000A3DBA
000C33FF
0007A6E0
000D4237
FFFAAE91
000DF2D8
00052A75
00018F2C
000358A0
00066940
FFF81964
FFFE5C78
0002B25B
FFF7C2C1
0004707E
FFF73354
00019DB6
00024D38
000DDB10
FFFCDEBA
000727E7
000AF843
FFFE0947
FFF99091
FFFCAC5E
0008ECA6
0000E815
000A75D1
FFFC4B75
000B6739
0003B5CD
00048A5B
0001B2B4
FFFCBEEF
FFF7B7BB
00028B94
0001FE21
FFF7FC52
FFF599A9
FFFD6108
FFF234EF
000421F4
00082EE7
000A5299
00026400
FFFF89A7
00054BBB
0006C072
0000EB5A
000E2AE4
00037691
FFFAFF95
00005373
FFF66010
000231C6
FFF87D1D
FFF9FB58
FFFAA8DE
FFFB64AC
FFF23F9C
FFF5C8DF
00031A16
00072AAF
FFF8A404
FFFB4715
0005B673
FFF3A176
FFF6DB38
0005C379
FFFDD391
000508E4
00035909
FFF3D86B
FFF1FE49
FFFD7C77
FFF03D8B
FFFB420E
0001A60A
FFFDE259
FFFF37CC
00004167
00039177
FFF42351
FFF8AA52
FFF96600
FFF43C4F
000A214B
FFFC980D
FFF2EA51
000342B8
00015681
FFFFA91B
FFF49762
000304C3
0005A826
FFFE28FA
0000CF82
FFF49BC8
00015C1F
00016F8C
00002E0E
0001C410
FFF9E2D8
FFFD3B7F
0000CF99
00015537
000635E0
00055622
0009F46E
FFFA0D70
FFFE50C5
FFFF51E6
FFFFA2A0
00023A2B
FFFE0EF4
FFFED7A7
00068C0D
FFFE8693
00048582
FFF89CC5
FFF983BB
FFF2608C
000167AC
FFF26C45
FFFC7530
FFF93B83
FFEEC940
FFFCD36E
FFF046A9
FFECC06E
FFF46A5A
FFF498FB
FFF8A6A6
00001ECB
FFF2D7A2
00027155
FFFB18B0
0003FB1B
00012AE5
000194EA
FFFB16B9
FFFC3D9A
FFF8DB92
FFFE01E9
000BB001
000144AE
FFF6F271
FFFF12CF
FFFC90FD
FFFC9A54
FFF95516
00044202
FFF1C44F
000928C7
00008A6C
FFFFF3C5
FFF48550
FFF7C258
000B2D62
FFF06EB9
00056203
00016E10
00046F4A
FFF51051
0006CB63
FFFA8113
FFFB142D
FFF5C082
000B08D8
FFF1EE28
FFFADF9B
00080A75
FFFA6CD3
00018677
00011BF5
FFFA38D7
000C8AE3
0011F4DC
0009EF21
000C3B24
0001802B
00046F23
000AF510
00166691
000DF502
0009A2E8
0009974C
00010F29
000996AF
0000B7BB
000600DC
0009CED0
00064289
00099C77
0003CB57
FFFF0220
000A40EC
FFF7FF9B
0001AEC7
0004FEB6
FFFB3D07
FFFD577B
FFF4E0AB
00033257
00018752
FFFB7D07
000BFB6E
FFFAC1BE
00085970
FFFA2FDD
00004F9B
000B6895
FFFE7F76
0003600E
FFFC8077
000C7BB5
0006160A
000486B5
0005DF6C
FFFCC67A
0005645C
FFF5FC33
0001F63D
0001B436
00064740
FFF66C2A
FFF96C2C
0001AC69
FFF58C71
FFFEA26E
FFF576D5
FFF59CB5
FFEDEE32
FFF5127E
FFF394A8
FFFA0596
FFF3BAD3
00094E4C
FFFEEED3
FFFE4CD7
FFF3EED9
FFF6951A
FFFD466F
FFF94272
FFFC9948
00002909
FFF34F09
FFFE0E9D
000D1DBF
000161BE
FFF5CE11
000C3A13
FFFA086D
0010BA62
FFF95AF5
FFF95693
FFFCE6D5
FFFB8472
000134F8
0008C9F4
000E953D
000AE2D1
FFFCDEB7
FFFEC10C
FFFB6432
FFF7D510
FFF531E0
FFFDDDF3
FFFADBAE
FFF4CB86
00060AFB
FFFEC272
FFFC0351
FFFCF18F
FFF4FB5B
0003E65B
FFF82391
FFFCAAEE
000973A3
FFF7DE4B
00029EED
000B7110
0002CEF6
000E6846
0000A9BC
0000781C
FFFA4E2F
0005467E
FFFDEA16
FFFF7FE1
0004C5B2
FFF9B0F8
000078EB
FFF6E607
0000726B
0004EF60
FFF8317C
000E3FA2
FFF8EB0A
0003155F
FFFFB90F
0002015D
FFF4B2BA
FFFF35F1
FFFBA72E
0005809D
FFF32150
FFF1296A
00020CFC
FFFABBE1
00021E6A
FFF872BC
000706F3
00048F3D
0002108C
FFF22A1D
0002DE1B
FFF63956
FFF915E5
000016C4
FFFFE8D9
FFFB82B0
FFFB3088
000B854D
00030C83
00023B05
000CD562
FFF68036
FFFE12D8
FFF8E85B
FFF9BEE9
0007478D
FFFB6D19
0009635C
FFFE5DE7
00015BAD
FFFE6881
00037E26
00026EC6
FFF8B35F
0003E253
0006098D
FFFF9FD8
000C7328
FFFCE3E5
FFFD0FE4
000026C9
FFF7D0C9
FFF30EA9
00050DF6
FFFD7321
000BE951
00064540
000D38B1
FFF771DC
00099D21
FFF94948
FFF6A2C3
000066A5
FFFAB80B
0001D4CD
FFF72DE3
FFFAAFE3
FFFD3FF3
FFF8723E
FFF63884
FFF92CD1
FFF2F2E2
FFFF1897
FFF75BE5
FFFF87E1
0003BB3F
00058DD1
FFF378C3
FFFA33C2
00060FD7
00070EDD
FFFD92DE
FFFECA9A
FFF75805
FFFB8557
FFF61644
FFF75D68
0004A0E4
FFF352A3
000412E8
FFF6329A
000102BC
0004C236
00035FC9
FFF87CCC
FFF9F4C2
FFFB0096
FFFA1C27
FFECCA37
FFF6EA7F
FFFC1E80
FFF42C5D
FFFD45DE
FFE78686
FFECDAAE
