FFFFEE1F
FFFE15C1
000209F5
FFFD61DC
00004EF5
0001F484
000020D2
FFFE4FAE
0000E5F6
FFFF6E4D
0000C80C
000040F1
FFFC8C08
00012728
00002150
FFFE1B59
FFFDDCA5
FFFDA6DE
FFFE6108
FFFDE6A7
FFFF2482
FFFEFE47
FFFF1AA8
FFFF3AE1
0000824D
0000E545
FFFEBD31
FFFC009D
FFFF4A55
FFFE198A
FFFB4897
FFFD6DC5
FFFDEEE2
FFFDCE25
FFFD060E
FFFFE4FE
0000B612
0001CFD4
FFFFA95B
FFFED1A1
00000FCF
00000C7C
00008377
0001EDA2
000213B3
0001102A
FFFE574A
FFFFD4E8
0001C560
000201AC
FFFF0B1E
FFFF00AB
00020630
00007775
FFFFF4EB
0000FD3D
0002362F
0001BDBF
FFFF0B51
00023059
000219C1
00013798
FFFFCAF7
00012B86
FFFEE259
0001020B
0000F117
000063E7
00020065
FFFEC42C
00008A36
FFFD1F61
0000E6C0
FFFD9333
00016AFC
FFFDCED0
FFFE44FF
FFFFAB8A
FFFD2A26
FFFE612C
FFFD83C7
FFFFAFB3
000119D9
FFFFDE64
0001D8D8
FFFE4FC3
FFFFB3B6
0000458A
FFFDAD05
0000BF4A
FFFF4BE8
FFFDFA6C
FFFF4A61
FFFEA4B1
FFFE266C
FFFE60A8
00004DD5
FFFE6B4A
FFFDE654
FFFF3014
FFFE6595
FFFE617A
FFFEDEE2
FFFE8EAD
FFFFA969
FFFF06F0
FFFE5B85
FFFD03E8
00000BE4
00019DF6
FFFFE545
FFFFE196
0001AF07
FFFF9B31
0000A32B
FFFF8A48
FFFDBA55
00024AA8
000207A2
FFFFC150
0001D4DA
FFFF74BF
0002A849
FFFFDDA3
FFFF6840
00013DE3
00015178
00021B34
00009CF5
00019ECA
0000E736
FFFF1CBA
0001E46A
0000D89E
00017C7E
FFFE7FDF
FFFE35B7
000036D4
FFFFB087
0000E2E1
FFFF7480
0002D4E5
000310A4
0003BAD6
00026234
FFFEDAC4
FFFFFD33
00018E60
FFFEC1BA
00018E19
00023F08
FFFF464A
000106AB
0002614D
0000ED91
FFFE6751
FFFCAECA
FFFE19A9
00005736
0000BBFD
FFFE88C4
000112B7
00016D61
00017688
00027B76
00010178
000300FD
0000B932
000209F0
0000F17F
FFFD8A25
FFFEFD3F
00004696
000130AF
00019462
FFFD622A
0000C452
0001679B
FFFCEB35
FFFF7C33
FFFF438C
000076FB
00024E1D
000059E1
00002D57
FFFF50A7
0002D48F
00022EEA
FFFFD3C2
0001CA88
FFFF4DE7
0001C745
00011049
FFFCF4D1
00010619
0000C973
FFFF39D4
FFFEC174
0000AE73
00006E84
FFFED7C0
FFFF7217
0000813F
0000050E
FFFFDA89
FFFE358C
FFFE0DE4
FFFDFEC5
FFFF1BDA
000082FF
FFFDB2BB
FFFE59F4
FFFE8787
0000888D
0000CDBC
FFFE8B8E
FFFF2FF5
000297EA
00018FD4
FFFFA5E8
0001297F
0001EDE6
00013800
0001C771
0001AB4D
00009362
00008507
FFFE2BB2
0001FE31
FFFF13A9
FFFEE133
FFFEB796
0000DEE0
FFFE4EEA
00007DAD
00026EB6
FFFFABE7
000081B5
FFFE9FE3
0000EA10
00004810
FFFF6CB3
FFFD68DB
00033E60
FFFFA9E9
0000C955
FFFE4FFE
0000EA85
0001481D
00008FC7
00035BD3
0002B839
FFFE65E9
000051C5
FFFD6CBF
00006C1D
0000F8BD
0000FCB3
00015C49
000134E3
00025A3D
FFFF2042
0000F557
FFFF2843
00027152
00002201
FFFF0051
FFFFFF4E
FFFFB345
FFFEB07C
0001C98B
FFFDEB58
000186AC
FFFE5033
FFFFAF1F
FFFEFF48
0001061A
000068C6
FFFF4620
FFFDC14C
FFFE7189
FFFF6AA4
00003A6F
00008100
000022E9
FFFE13A2
FFFED718
00012EAA
0000B804
00005E72
000115C1
0000CE3D
00025312
00013103
0001C740
00030331
000127BF
0000F93B
00021D09
000026F4
00004B88
0002596F
FFFF2D0E
00018EC9
0001DE95
000319E1
FFFD7E39
FFFE1F7C
FFFF28AB
FFFD5F8C
0000211D
FFFD3555
FFFC9975
FFFFE77C
FFFBC0EE
00005129
0002BBE1
FFFD8999
00015BB8
FFFFCD02
00001BAF
00011AC5
FFFE7B22
FFFE951F
FFFEBA2F
FFFE66EE
FFFEAAAF
FFFE9D14
0002BF74
FFFEDF8C
000035EB
FFFECA64
00006761
FFFF6D90
0000E704
FFFE31A5
0000A6EB
0000DC16
000093C0
00008FC6
0001661D
0002770C
000083B7
0000B77D
000103A9
00006247
00015A1B
FFFDFD46
0000865B
000050F8
FFFF5F8B
0001B789
0000C016
00000985
0001682C
00016305
0000BC89
FFFFFD13
000177FC
FFFFB319
00016ECE
000232E8
FFFED46C
FFFEAD22
00015E66
0000DB70
00009804
00017696
00015A83
FFFEEAE7
FFFE752F
FFFF2CDB
FFFE14B9
FFFF36FA
00030AB2
FFFEC91F
0001E66D
FFFE59FE
FFFD1286
FFFC9A9E
FFFD1E43
FFFD5DAA
000024D9
FFFDBC86
00006A2D
FFFFD8FB
FFFE6CC4
00001991
FFFF2A9F
00008B98
FFFD35DF
FFFE7783
FFFFDBF1
0000B5B2
FFFF79FF
FFFE3999
FFFF08D6
FFFFF7EB
FFFECE99
0001021D
0001E32C
0000AE5A
00024BE8
00015FB6
00013308
0000705D
FFFD3DC3
FFFD3E94
FFFF927B
FFFF622A
FFFF41AD
0001DFFA
0001524C
FFFFF652
0000A201
FFFF75CC
0001D407
00019D49
00004A6D
FFFFD3B0
0000B8A1
FFFEA8C5
FFFF585E
FFFF7DBC
FFFFB8F6
0001204C
0002E34B
000278F7
00029B24
00017871
00013CD8
0001C04C
0001CA89
00014318
FFFECEB6
FFFFE34A
FFFE0B1B
0000C518
FFFE4CBD
00020506
0000FBE8
00014D5C
FFFF134D
00014374
00013879
FFFF510B
FFFF2BD7
FFFF12CB
000099B4
00004B2A
FFFEB4EC
0001B132
00004C8B
00005A59
000022AB
00014F15
FFFD8CDB
FFFE4A3E
00003A08
00013B4A
00018C25
FFFF2314
FFFD9355
0000755B
FFFEB8E9
FFFE1449
FFFEB9A6
0002146C
00013D02
0001D704
00021656
00004488
000060A7
00015888
000053C4
FFFDB617
FFFE351A
FFFF8A44
FFFFC478
FFFF6C8E
0000AD76
0002CD32
0001C4FF
0001938C
0000372A
00023B9D
FFFDA5B5
FFFECCAA
FFFC09D8
0000230C
0000E98C
FFFE2FA3
0000B953
FFFEC8B5
FFFFDF9C
FFFFAC15
0000C18E
FFFED12B
00009B7B
FFFE8295
FFFEECD9
FFFCFEDD
00008828
FFFE09D3
000046DD
00004C77
0001A836
FFFE15AA
FFFEAB3F
FFFE6530
FFFE4836
FFFFB20C
000036DC
FFFFD1A7
FFFE7DDD
000048BC
00019D4B
000133D3
FFFF1510
00011C8B
000206A1
FFFCED1E
000139DC
0001829E
00002A06
0001ADB5
FFFECFB2
FFFF6697
00018006
00000765
0001A7FF
00004857
0000F9ED
FFFF76D1
FFFF37C6
0001E8EC
00011A91
FFFE86EA
00017910
00004468
FFFF1D85
00011EF3
FFFFE959
FFFD67D8
FFFE3BB5
FFFED089
FFFE872F
FFFF1562
FFFE2260
FFFFB7AB
0000AA86
00023901
0000678D
FFFF2178
FFFE660B
FFFF70FC
FFFEC339
FFFE6AFF
FFFEC742
FFFDDD8E
FFFFE6B4
0000D670
000024B4
FFFFE9B1
FFFF798B
00007242
FFFF4A12
0001AB93
FFFE317E
FFFCE882
FFFFA535
FFFC3819
FFFDE389
FFFF43E1
FFFCCCE3
FFFD1D62
FFFFE217
FFFDD6DE
FFFEE464
FFFF1806
FFFEC608
FFFD40B7
FFFE24B6
0000A7E3
0000A052
0001A0F2
00002AB9
00002E5D
FFFFD426
FFFF1993
FFFF0144
00004CBE
00014C09
FFFF7C95
FFFF9A4A
000019FC
FFFECBE8
FFFF67FC
FFFD9E65
FFFD5A14
FFFDD364
FFFF557E
0000715A
FFFD8827
FFFFDEAF
FFFE082D
FFFD4A73
FFFF357D
FFFEB533
FFFD4EB0
FFFD3983
FFFFB076
FFFFD729
FFFDCB14
00017436
FFFFD969
FFFDA05E
FFFCCCFA
0000144D
0000C496
FFFF6926
FFFE73AA
FFFE8E1E
0000503C
FFFF57E6
FFFF033C
FFFF1F17
00019474
FFFFAD35
FFFE7061
0001681E
00002B93
00014460
FFFECF30
FFFE2A82
FFFF9A82
0000D6E9
FFFE273E
00020118
00014476
FFFFE78B
00016BAB
00002C75
000092F9
FFFE6355
00002B34
FFFF15A5
0000D042
000146A8
0002C134
0003C80F
00016166
00002B4D
000051CD
FFFFA1F3
FFFEF617
00014EFB
FFFE9ED0
FFFFDC61
FFFE478A
00001908
FFFCBE20
000068B5
FFFF17EC
000006FB
FFFF977D
FFFF03C3
FFFFC5B2
0000CD73
00001CF0
000011C6
00024C4E
00004E52
0000408F
0001BF04
FFFEF2C4
FFFF7B0C
FFFFA8DE
000180D2
FFFFD02A
000189FD
00014FF7
FFFFADFF
FFFEDF0A
00014121
FFFF6C30
000130ED
0001425F
FFFE4881
FFFF1062
FFFF2A58
FFFEE2B7
FFFFA5BD
FFFF8356
0000B37D
00005E20
FFFE6E87
0000773F
FFFFE196
FFFED298
0001703B
0001563D
FFFDEF14
FFFF6766
00002BD3
FFFE639E
FFFE6648
FFFFB7E8
FFFDF95C
FFFF7D44
FFFE9630
FFFEAF1D
FFFF14B8
00010E35
00012A25
00001757
FFFE8FFB
FFFF8E4E
0001CAB9
FFFF16B9
FFFE8E4B
0000DB1D
FFFFDD00
FFFF65C0
FFFDD908
00008815
FFFFCF55
0000C3AB
00018316
00007AB1
0000DEE6
0000B74B
FFFDD467
0000397E
FFFE4236
0000D728
00014A24
FFFEBC3C
FFFF3D82
FFFF54C9
FFFEDB9E
FFFF4D31
FFFED09B
00020751
00002D48
FFFFBACA
FFFDE124
00015DB2
000020C0
FFFF6B15
FFFED7AA
FFFF4003
FFFF4C23
FFFF8BF1
FFFFA51B
000064D1
FFFE6068
00022330
0000D9D0
00005926
FFFF9AD5
FFFFF091
0002658F
0001E42C
FFFEFC2C
0000B9B1
0000BE2F
00005F06
FFFF18F0
FFFF4559
0001D76B
FFFFD86D
FFFEC46B
0001CFCD
FFFF1BFB
0001C2FD
0000FA1B
FFFF8F11
00002F73
00010BF9
FFFFAA58
FFFF549B
0001419B
FFFF5361
0001ACD6
FFFF5B4D
FFFE4BD8
0000B5B7
00002FEA
0000842F
00018045
0000C998
FFFFD3DD
FFFFBADB
00014161
FFFF7336
00005EE0
00001EBC
0000484D
000057E8
0000DC92
00020F67
0001DD10
00023175
0001D993
000189B1
00016C98
0001E008
0002F310
FFFFC07F
000075B0
000105B6
FFFEE022
0000BDB3
0001FD24
FFFFB248
00012C11
0000BD78
FFFF7812
00007D24
FFFF3454
00017277
0000ED18
00000A6E
FFFEC663
0002144A
FFFFC87B
0000A7D3
0000E67C
00018CF7
FFFF8091
00016870
000025F0
0000B24F
FFFEBC66
0000BF63
0000AF85
00011DAF
FFFF0CEA
FFFFE623
0000E523
FFFF7E05
FFFFCAE9
FFFF0BF9
00009546
00008B25
FFFF5F74
0001A65C
FFFFC951
FFFF04B8
FFFF9A35
FFFFBE33
FFFFB499
FFFFEB3E
0000F1F6
FFFE6BB1
0000E73F
FFFDE772
FFFF59E5
00007F35
0000A296
FFFF1931
0000173D
FFFE47BC
FFFE8EBB
FFFE2FC8
FFFE3F0C
00011543
00015B62
00006257
0001331A
FFFEEE56
FFFE4AB5
FFFFAD9F
0000EC15
00020807
0001505D
FFFFDAD7
FFFDC8EC
00016BBB
000131A9
0000CCC2
FFFF2F30
FFFF9407
000091F7
0000DCAD
FFFF1E77
00028078
FFFF860C
FFFDF5D7
FFFEF029
0000BEDF
0002A8DA
FFFFA2A3
00019E14
00029BC7
0000270E
0001A960
000079AB
0000D597
00011FAD
FFFF76ED
0000B664
0000A920
FFFFC9CB
FFFFB809
00003A44
FFFFCD75
FFFFE7D1
00006B6F
FFFE8003
FFFF6D7F
FFFF19BF
FFFE810F
FFFFF3C6
000154D0
0000DFF1
0000BC66
FFFE5169
FFFE439D
000095AD
0000FADD
FFFE4F47
FFFF0D6F
000114B7
FFFE8B50
FFFEA0A2
FFFF6292
FFFF2955
000068AC
FFFEBA9F
FFFFBF48
FFFEEA67
FFFF671C
FFFE22AF
0001BA8D
FFFE66F0
FFFE5816
FFFCCE4D
00007B3B
FFFF3F10
00018F3C
FFFEA7F8
FFFF90A4
FFFF076B
00011097
0000F8FE
00012E95
000184A9
0000E22A
00015FF8
0000A5B3
00014E97
00010947
000105B3
000009CF
00004E02
FFFEB7A4
0000F5DD
0001F59D
0000DF84
0000A08E
00025904
000099D3
FFFFB876
FFFFFF26
0000DA5D
00002C6B
0001ADD4
FFFF384D
00009F18
0000AB8D
FFFFFBA6
FFFE306F
FFFF6CDE
FFFFDA1B
00014987
0000D906
000158E2
FFFE37AB
000187A9
FFFEE0D9
FFFFF354
FFFE91AE
000165FC
0001C0A3
00007140
FFFECE6A
00003733
FFFF59F7
00010356
FFFEBE52
FFFE5332
FFFF5906
00001A94
FFFEB031
FFFFCAD5
FFFED0D3
0000D13D
00010C0E
FFFFFE1C
00013E07
FFFFAAA4
FFFF2B7E
0001E62B
0000AEE1
000023A8
FFFFFAA4
00008025
FFFF37BC
FFFF9447
FFFE77FF
FFFDC5D6
FFFED15F
00001A9E
000067CC
00014503
00007A5C
FFFF34AA
000172F2
00000E94
FFFFBA13
FFFE5556
000101A0
FFFEE162
FFFF598C
FFFF815F
00003F64
0000E539
000041DF
FFFEE023
0000E880
FFFF3F7F
0000BD3D
FFFF696A
FFFF4A7A
0000655E
00020DBB
00016A74
0000F5A2
FFFF68D1
00006D33
0000E48A
FFFF7787
0000C42A
FFFFCDC2
FFFD5B06
FFFEFE50
000064B0
000072E1
FFFE8253
FFFF5D93
FFFEB125
FFFFD41D
00015E32
000054A3
FFFFDBF8
0000DEDE
FFFF67D5
000077A7
0000FD41
000121B4
00019ED9
FFFE55D0
FFFF7D75
000117D4
0000B5ED
FFFEC84B
FFFFE8FD
00018CF4
0000C9AE
0000382B
FFFF7A54
FFFE74B0
FFFEAFC7
00000CBA
FFFF293B
FFFF3A72
0000C445
FFFDEA7C
0001A026
00020342
00009AD7
FFFE04C2
0000D257
FFFF9FEC
000023C3
00016CB3
0001853E
FFFE85AC
FFFF95DD
00017142
0000F493
FFFFEEE0
0000D69B
0001108F
FFFF8CD6
FFFF0068
FFFFD6B9
FFFFD660
00000D10
FFFF68EE
FFFE8F96
0000BB73
00006187
000074E8
0000AE24
00006834
000099A9
0000CACC
FFFFA79B
FFFEA88A
FFFEF220
FFFF3E9E
FFFF8DE1
0001696A
FFFF53CF
0000E476
0000B84F
FFFED1E8
FFFFF2EC
0000F293
FFFECB51
0000D350
FFFF2DCF
FFFF9ACA
0000B7F0
00011C8F
00019268
000015A6
FFFF8F38
00000B7A
000155E7
0001052B
0001323C
000102BF
0000E89A
00001A47
00007034
FFFE2C93
FFFED32B
FFFF87B7
00008861
00001F4B
00015AB9
FFFFB53F
0001809E
FFFF3521
FFFD2973
0000F71D
0000A1B3
00001F2C
FFFE694E
00007CA3
000176C4
FFFF956E
0000BA5F
FFFF64D7
0000F1DE
FFFFFDF7
FFFFDAD6
00009B58
00001E8D
FFFF6203
00005211
FFFEA1F9
0000D7B3
FFFF520A
FFFEE1A9
FFFEFA1E
FFFFD4F3
FFFF2E1B
FFFF297C
00000D0A
FFFF9DDC
0000D4D4
0000BECF
FFFE015B
FFFE4CD8
FFFE8295
FFFE77A2
00013D64
FFFF9E59
FFFDDE9D
FFFFE6DE
FFFF0E7A
FFFD97E7
00005862
FFFEF5B4
000112FC
FFFFF962
FFFE827F
FFFFDC71
FFFF31D7
00005328
FFFE5A68
FFFF382E
0000E1AD
FFFF0578
FFFEEBF0
0000EA10
0000BC25
FFFF10B7
FFFF6732
FFFFE75E
00012FFD
FFFFFDE4
FFFED311
FFFE676F
FFFD80E6
FFFFCEEB
FFFF615B
FFFDADA4
FFFF7FCC
0000CEEE
FFFFAB35
0000DFA6
0000CC7C
FFFEF6B5
FFFF68D0
FFFEE6B4
00007EF4
00002033
FFFE21D4
FFFF4DB2
0000CC82
FFFF938D
FFFFD54F
0000016D
FFFF651C
FFFE3012
FFFDBC26
FFFE106C
00004638
FFFE5934
0000884B
0000B82D
00011405
0000C5B0
00002B4C
0000346B
FFFF251E
FFFFBE53
FFFF5B40
FFFFCE1B
FFFF898D
FFFF34EF
FFFD177F
FFFF9B00
00025659
FFFF2978
FFFF1F90
FFFEF78E
FFFDADE7
FFFFCB88
00006E74
FFFEA3B7
FFFEFCDF
FFFF67EF
FFFF96D8
FFFF6C0D
0000A639
FFFF30E7
FFFF6F45
FFFED3CC
00001195
FFFEA5DF
FFFEB30E
FFFE92E9
FFFFDE98
0000055A
FFFFEE08
0000F36B
FFFF9C39
000130ED
FFFF4DC4
FFFE98EE
FFFF6172
FFFFCF2C
00010AE0
FFFFD2E9
FFFFF58F
FFFF3D75
000000A2
00002642
FFFF2970
FFFEB6CE
FFFF68E0
0001156A
FFFF2FF6
FFFF970D
0000A0E1
FFFEEF5D
FFFFECBA
FFFE8A47
FFFEE8BA
00015043
FFFF0118
FFFEF43F
00005076
FFFF5542
FFFF22A7
00011E08
00007F42
00007608
FFFEE37A
FFFF1D1E
0000376C
0000A401
0000376C
FFFFBF24
00007243
00013EC3
0000EF7E
000229F4
00014DBE
FFFFF53F
0000AFA5
00001195
0000A928
FFFEF35B
00013A53
FFFFDD79
0000D27F
FFFEE0D0
FFFF49A9
FFFF554D
FFFFF466
FFFF2335
FFFF6D35
0000F101
00003964
00011596
0001851C
00009928
FFFFC715
00008F95
00015CF3
00022579
0001B81B
0001BA78
00003EF2
00005C0E
FFFE88D4
FFFFE4DE
00016DE0
FFFFFC1B
FFFDD2BF
0000DFF6
00007290
FFFE330C
000043CB
000009DE
00010FDB
FFFEB7E4
FFFFB716
FFFF9A1B
00009F83
FFFF43CB
FFFFBF0E
FFFFCD42
00015236
FFFE9D13
00005435
FFFEAC90
FFFFEA3A
000014AC
FFFFFEED
00021FB6
FFFEEEF7
FFFF850F
00010DD5
00021099
0000EAD4
FFFF218B
00014FAA
FFFF89BE
00020D6B
000004A5
0000C671
FFFFC5BE
0000986D
000160C5
00009B66
0001BAE2
00003527
00000556
0000FFF2
00014938
0000997F
0001A029
0001CCB9
FFFFBE36
FFFEB477
00014085
00017982
0001CFAC
FFFE591A
FFFFD60D
00010398
FFFF5E18
FFFEB656
000077D2
FFFFEAE4
FFFF6179
FFFF0E4E
0000338B
FFFEFE47
FFFFD1CC
00005D06
FFFF8C78
000039B1
00006C63
00000328
000073AE
0000EB81
00009399
000287AF
00013E49
FFFFB11F
0000416F
FFFF3E12
FFFF42C8
FFFF8292
FFFCF097
FFFF69A1
FFFEA97F
00001CBE
FFFE79E9
FFFDE491
FFFEEF10
FFFFFE65
FFFE8FB7
000103CB
FFFEF099
FFFFEEE6
0001214C
0001615C
0001A719
FFFFBA04
00012722
FFFF9D84
0001E18D
FFFF441A
FFFF949B
000122C3
000019F6
FFFF5769
0001553D
0000CE6E
FFFF8B41
0000D8E3
0001F847
000246D9
000267AC
000207C1
FFFFBF67
0000D06C
FFFFAF1C
FFFFF95C
FFFE1C16
00011197
0000D551
FFFE3746
FFFF9879
FFFF1B02
000033F0
FFFE984E
FFFFD610
00002030
FFFED779
00006D16
000062FC
FFFF2E40
00021EF3
FFFFD13C
0000D0BA
FFFF8B5B
FFFF6919
00017CD3
00002EAB
00008076
000050CE
000011EC
FFFF5422
FFFF5646
FFFE7999
FFFEECA9
0000FC7B
00009C3E
FFFEEA86
00006E69
0000B0B4
FFFF6B49
FFFFF544
FFFF4EDA
FFFE151E
FFFFA90D
000123E9
000018B3
FFFE5831
FFFEDA5D
00012862
FFFFB02C
FFFE2BF4
FFFE1D36
FFFE62B2
00002165
FFFE2DD3
FFFFFA2E
FFFEDA8C
FFFF7211
FFFFC233
00004857
00009544
00007ED8
FFFE21BA
00005A16
FFFF9598
000168AE
00001BC8
000120AE
00017296
00004F36
0000B5FA
000005B0
00016D4F
FFFF6618
FFFFB4B3
0000EC49
FFFE05E5
FFFFDA95
0000430E
0000AC6C
FFFD5EAD
00002511
FFFE7DA2
FFFFDD01
FFFF8B30
0001DDC1
0000DCAD
00015574
0001F8D7
FFFF4F8A
FFFF9B11
00019859
0000DF0A
00014C13
FFFDBBA8
0000942E
FFFE37FE
FFFFA0E1
FFFE8AE4
FFFD69DE
00004891
0000052F
FFFFCAEA
00016036
0002803E
00010084
000178C5
0000296E
FFFFE653
00017C2E
00014398
00003D0A
00006129
00023D53
0001B5E3
00019AC8
0000E93E
FFFFF2E2
00006981
FFFF5E0C
000011F6
FFFECEEE
FFFEB0C7
FFFF1498
00010A5E
FFFF7817
FFFF359C
0000EEFB
FFFF9030
0000AFB4
FFFED870
FFFEEFA3
FFFED65A
00016489
000036A4
000077EC
FFFFD308
00013286
FFFF8DF5
FFFF96D9
000205CA
FFFFCCB2
FFFE4CAE
FFFF335D
0000F6E8
FFFF50A2
FFFED3CF
FFFF5552
FFFE6054
FFFF819F
FFFE2426
FFFFBEE1
000062C7
00008F8D
00005FC2
0000F478
0000BB7B
0001BA4D
00010AD3
0000AEFC
FFFF751C
00014A3C
0000A0C6
FFFF1E47
FFFEEFEE
FFFF74D8
FFFF5C3B
FFFE0159
0000F7E9
00007C1B
FFFFDC49
FFFFBB7E
00020E52
FFFFC15D
FFFFCF4A
000019EC
00010D6D
FFFE017D
FFFE5AB8
0000DAE1
FFFF32E1
FFFF7305
FFFF1CFA
000001AC
FFFF81FA
00003ADC
FFFFA256
FFFF6472
FFFF129C
0000ADBC
0001E0A9
FFFEF2DA
FFFEF176
FFFF518C
00015D17
000146F1
FFFDD3A2
FFFE5B42
FFFF39C2
FFFF88F1
FFFFAA86
00008809
FFFEEB02
FFFF2665
FFFE8DB1
00000E48
00011941
FFFFE01C
FFFDEE2E
FFFE95EB
FFFF206C
FFFF0A80
0000CA10
FFFE811C
0000BCE1
FFFFC8D1
0001281C
FFFF7609
0001240E
FFFF89E8
00002A02
0000F216
FFFF6635
FFFF94E2
0002C7CA
0000398F
FFFFBC05
FFFF860C
00015D39
FFFDEAE8
0000CE02
FFFFA5E8
00004FFF
FFFE3FA1
FFFE4D31
FFFEC0F2
000018C1
FFFE7B96
FFFEF8D3
FFFECCE6
FFFE498F
FFFDB3DB
00007DB9
00002A15
00008EEE
00017670
00012862
FFFFE5ED
0000C781
000219A8
00021A5C
0000CF39
FFFF7C4F
00000A31
00007844
000152AE
FFFF7664
00007DAF
0000AA35
FFFFDD9A
00010833
0002F837
FFFEF2F1
00003CDA
00007D66
FFFF0D91
FFFECBE3
FFFEDDFE
FFFFE566
FFFD19B6
FFFEF9A1
FFFF66CA
FFFDD1E4
FFFE3EDB
000097B5
FFFF0BE5
0000DE46
0001FEB9
0000A7E3
0000BC50
00010CF9
FFFF484A
FFFFEA78
0000ADA4
FFFECE1F
FFFFB2F5
FFFE848E
0000DC1B
FFFF857B
FFFEE970
00006E59
0000A07B
000045FA
FFFDCFDB
FFFFDB7A
FFFDA271
FFFFDEAE
FFFFB3D1
FFFE0077
FFFDEC97
FFFE350A
FFFE9D93
FFFD9B78
FFFD939B
00001B3E
FFFFF508
00009305
FFFEDDF6
FFFF2465
FFFD11C9
FFFF601E
FFFE74F7
00008927
00007212
0000E262
00005BC7
000087E3
000022FF
0001FCC6
FFFCA6FA
FFFEA9D6
FFFF4DC3
FFFC8CB8
FFFEC6A9
FFFF969B
FFFE3596
FFFF9F6C
FFFDAE81
000098EF
FFFEA664
0000DD5E
000079BD
0000F6A4
0001B42D
000286BC
00007904
FFFFE9C4
FFFEE000
FFFD8BAB
FFFFC008
FFFE9308
000078B9
000032DD
FFFFADA6
FFFEEBAC
FFFFC843
00019FB6
0001090D
0002F585
0000041C
FFFF6B43
FFFFC12D
FFFF5C6E
0000A421
FFFFFADB
FFFE7555
FFFDE5C4
FFFD000C
FFFF2E3F
FFFD0C5B
FFFF449E
FFFCB883
FFFE3B75
FFFED141
00009E2E
0001EA81
FFFF683F
00006F30
0000D701
FFFFDA3C
FFFF4D52
000091D2
FFFDF5C9
FFFD6D5B
FFFDA72A
FFFFBE6A
0000667C
FFFE3409
FFFECDD3
FFFF657D
FFFC4E6A
FFFED7FF
FFFE4AFF
0000543D
FFFDE9AB
FFFF59C9
FFFE6F7B
FFFEF427
00003440
FFFFE1F4
00016F77
FFFF6232
00012EC6
0000E6F3
00002E94
00006440
FFFF9CBE
000215AD
00016A4C
0002BB40
FFFFFA7A
FFFF087B
FFFF6085
0000B270
FFFEA3B8
FFFF068C
FFFD34E6
FFFD6B23
FFFE4D9F
00018522
FFFF37C0
00019378
FFFF7483
FFFFAB79
0001852B
0000361B
FFFE8C83
0000865E
FFFF42D2
00016FC7
FFFF47CA
0000BD10
0000B7E2
0001EC56
FFFFF56D
FFFF5F7F
00004DEC
FFFFC05A
FFFF7EB8
0000D57C
FFFFA492
00011C0B
FFFEAE20
00019C2F
0000E5C2
000295DA
FFFFCD18
FFFF6311
00019D7D
00010CEC
FFFF9684
FFFF2AA3
00020CD9
FFFEFE41
0001F1E5
FFFFCBFA
00000DE1
000079B8
0001C439
00014DF7
0001BED0
FFFEC812
00018BAB
00010469
FFFF2662
000101DF
000050E1
00017B26
0000B1F1
00012FDD
FFFFC035
FFFE3B1B
FFFEFCB3
FFFE8AFE
FFFEB280
FFFF4B55
FFFE10F4
FFFFCBCE
FFFED183
0000144C
00008593
FFFEEF96
00008DF0
00002157
FFFFFAB4
FFFDF5F6
000014A8
FFFD9BBD
FFFF2D40
FFFE44F1
FFFFB30D
FFFEBB3A
FFFFFD76
000165B2
FFFE8F99
FFFF465C
FFFFC9EF
00005C79
000010A9
FFFE57EE
0000AB5F
0000B68F
0000E849
00015CAF
0001D77F
FFFF75FF
FFFFF34D
FFFF533F
00006C57
00027E08
00006E26
00029F42
FFFF0B29
FFFFD9D5
FFFFCA3D
00032580
00011843
0002C56F
0000865F
FFFFFC8F
00001DFA
00003693
00004F31
00012559
0001AE95
00029EC8
00035121
0000250B
FFFF4527
000080D7
FFFF530E
0000FDC9
FFFEE359
0000E4C9
00013CCD
FFFFC02F
FFFF99E1
0000B4A4
FFFF681D
000124A2
FFFEA2F6
0000A76E
FFFE8881
FFFF7184
00016CA0
FFFFF5DF
0000AAF7
0000BFFC
FFFF16E7
00005406
FFFE56CC
FFFF507A
FFFFAA5A
FFFFDB7F
FFFF2035
FFFF2E42
000259BE
0000AF41
0001A64D
FFFF2441
0002B326
FFFF3411
00002ED8
FFFE38AF
FFFFCF9D
00010502
FFFDC07F
FFFFD25D
FFFDEE7B
FFFE30B2
000058DE
FFFF7D1F
0001F3AB
FFFF725B
00001B97
0002545F
0000C53D
0000D9E4
00017760
FFFF92FB
0001DECF
0000299F
FFFFE551
FFFEA625
0000CECC
FFFFD8D0
FFFD36FB
FFFFC884
0000B09A
0000EA5A
000001BA
0000A0F0
000025E4
000208A5
00002288
00016BF7
FFFF8E87
FFFF2888
FFFEECCF
00017990
0003C6AB
FFFFD3AE
FFFE97F2
00007DCE
000195B0
000067FF
00021266
FFFF1222
FFFE8017
0000EB5F
00004679
000210DE
FFFEE870
FFFF97BE
000278B8
0000A365
00008BA2
FFFDA3C3
FFFE1646
FFFDE09D
FFFE7C5F
FFFF091E
00005544
FFFE3780
FFFF92E1
FFFEE97D
FFFE01D9
FFFFEDAD
0000556C
FFFFEAE0
FFFF6617
FFFEBC16
FFFFB1BA
FFFF4ADB
00013582
0000761B
FFFFA900
FFFFEFE6
0001FB1E
FFFFCA8F
FFFF5395
0001E369
00015A06
FFFFEC3D
0000CBDB
00000B97
FFFE5810
FFFE6E8C
0001F23C
FFFE6D59
FFFE0C5F
00008967
FFFF43A1
000029B5
0000E6C7
00022B08
00009E1F
FFFFE585
FFFEBEAF
00010B8E
00030AB9
0002BAE2
0000F2B1
FFFF3AF4
FFFFA764
FFFF86AE
FFFFAF34
FFFF6B25
00020D75
000020F7
00003603
0000A65F
00012945
0002AE43
0002D825
00019785
00031050
00011E95
000111ED
0000247F
FFFD79C7
FFFEFC29
FFFEEA9D
FFFF7A97
FFFF4F5B
FFFDEAD6
FFFF6112
FFFF41A5
FFFEC4D3
FFFF7E19
0000E6D9
FFFE6CF4
FFFFBC9B
000008B3
FFFFD483
00014D3E
FFFFE12C
00006837
0000DDF5
FFFF9B2E
FFFF13DB
FFFEB699
FFFF6A5D
FFFF7ABF
FFFDCBF3
FFFFC485
FFFFCD46
000101B2
0000E9D8
0002BCBC
00011294
FFFF28B0
0001056B
0000C0DB
0001B03A
0000C8D3
FFFFC5EA
FFFE88CA
FFFE7487
FFFEED87
FFFDD589
000000CE
0000498B
FFFFA677
00001776
00011786
FFFDEAEA
00008240
FFFE75E1
FFFEE8BC
FFFD941C
0000E709
0000D59E
00014EDC
00019D94
FFFFAD08
FFFF0C23
FFFDF8D3
FFFEBB5D
FFFECF80
00016A02
FFFEE3A8
FFFEB790
0000B24E
00015922
00026A57
00005BC3
0001B802
00010BB7
FFFFE0AA
0001843E
0001E075
FFFFD4EA
0000D067
FFFE842C
0001BB86
FFFF7847
FFFF72D2
FFFE6430
FFFEBCB4
00008DA5
FFFE87BC
FFFE5096
FFFFB136
00003500
00006203
FFFE9A7E
FFFE4C68
000094B7
FFFF4C8F
0000955C
FFFF0273
00006AEB
0000888A
FFFF9DB0
0000A06A
00015510
FFFFC54C
FFFF72E6
00027CB6
00011368
00033C22
00011F3D
000282B3
FFFFBA71
FFFFD199
0000B35F
FFFFCB5C
FFFFFAD2
00020501
00013CC7
FFFF22C5
FFFFBA24
FFFF5E9B
FFFEF979
FFFE51FB
FFFE9BFF
FFFDD6E4
FFFF9084
FFFE7313
FFFDE875
00007504
FFFECA30
FFFDAD77
FFFF76A2
FFFED0DA
0001B917
00013534
000027D6
FFFF446A
0001B229
000090E7
0000227D
0000D9AC
000057CD
FFFEBB10
FFFF4ED2
FFFF0762
FFFD51E3
FFFD6EF8
FFFFF932
000021D9
FFFF49D2
FFFFF64C
000147D1
FFFEAA59
000010AF
FFFE67A4
FFFE3723
FFFEA151
FFFDE599
FFFEE63F
00005A8F
00012F5F
FFFE8AFE
FFFF40E2
0000DBC5
00013C4F
00024251
FFFF9571
FFFE8C7B
FFFE3471
FFFF0D02
FFFE6036
00008330
FFFCCF0E
FFFCBD20
FFFF6E84
000080DF
000095CA
FFFDE04E
FFFED6DA
00005115
FFFF3439
00008E7E
FFFFBEDC
0000D549
00002EE0
FFFFE4F5
FFFF6568
FFFEB666
FFFF9BBE
FFFF10B5
00002E6F
000149BA
00009824
FFFFCA36
0001035E
00011A57
FFFFD4CC
00002A3A
FFFF2EC4
00005915
00005CA3
FFFEA796
FFFF571E
0000C12D
00003D0B
0000E9BF
0000444A
FFFF9163
FFFEADCC
0000566F
FFFDFFA6
00004BCB
FFFFF1B6
FFFEDCA6
FFFE67F4
00001629
FFFE108C
0000427B
FFFEA2CE
FFFFFE6E
FFFF2927
00004C2B
FFFF43BC
0000F636
00000DB5
0000759D
FFFFEB75
FFFFFA0B
FFFFFF2F
FFFE5D9D
00014D08
FFFE4913
FFFF74E4
FFFF5E2B
000022DB
00014262
FFFF2C1F
FFFDF550
00007A7E
0000E3CB
0000C8CE
00013BC8
FFFED467
FFFF789C
00017DE8
FFFD5A7F
FFFFE9C6
FFFF1D5B
00006C7C
FFFE9F22
FFFF17C0
FFFF66C5
FFFFEBE3
000124C0
FFFE4686
FFFE6E3A
FFFFF926
FFFFAE04
FFFE5E44
FFFF23AF
FFFE5997
00011470
FFFE7536
FFFE5D3F
FFFEC96D
FFFDC000
FFFFBF8C
FFFD9325
000056B1
00010728
FFFEA300
00014EB1
FFFE46F5
FFFF5486
00002946
0000A9B7
FFFF8032
FFFEA0DF
00006BC6
00006217
000028CC
00006B3A
00019294
00013B63
FFFFA599
FFFFA754
FFFF9454
FFFE046E
FFFE4B7C
FFFFAA94
0000CDD9
FFFEC1B6
0000AD47
FFFE4984
FFFF359D
000210A7
0000546D
FFFF62B2
FFFF7A57
00019C94
FFFFEC01
000035FC
FFFF7AE9
0000B8C8
0000ED35
FFFF6785
000057BF
FFFFBF7F
00017235
00007BC7
FFFF615E
FFFFE203
FFFEE96F
0000A012
FFFF9355
FFFE95A4
FFFFBB81
00004179
FFFE4112
0000AF8F
FFFFC67C
000198A7
FFFEFE91
0000FF71
FFFEA6E4
FFFFDAB8
FFFF25E3
FFFE2BF5
00002DE7
0000B01C
0000E44F
FFFE86A3
000033F7
FFFFBC58
FFFFAE82
FFFF7591
000040D7
000123F4
FFFFE90E
FFFE63F2
0000E63A
FFFEAD5E
FFFFB2B6
FFFFC444
000039F4
0000D3FD
000039C0
0000DA71
FFFE7FFF
0000D0F2
0000403D
00021D5F
FFFF1EB2
00002CDF
FFFF0FBF
00001BA5
FFFF79F0
00012E30
FFFFFF38
FFFE8425
0000F7E1
FFFE0F56
FFFEEA4D
0000C5DB
FFFF5203
FFFF3776
FFFE1BD4
FFFFFA89
FFFF8B94
00016AD2
0000BE8C
FFFF6CFA
00009FD8
FFFF687F
FFFFF422
00007F37
00005D3A
000024AB
00004BC7
FFFEF981
FFFF8583
FFFE9615
FFFFD143
FFFE75FA
FFFE0488
FFFFBD4D
FFFF541A
000106A6
FFFE23BB
000003AD
FFFEA409
FFFF2ECB
FFFF558C
00008363
FFFFBCBC
00014E57
0000BF1E
FFFF9E75
FFFDF038
FFFF2A3F
FFFFBCC1
FFFEB7BD
FFFF896C
FFFF6277
0001FB22
FFFF05C0
00019BC0
00012A6F
00016AB6
0001F8C4
00001D6F
FFFF3117
000095EA
FFFF3DD5
FFFF3DA9
FFFFBB6A
00026287
FFFEFE2E
00011D95
FFFF907B
0000401A
FFFF4CA8
00005B83
FFFEAD27
00014433
000185DA
00010705
FFFF85E8
FFFF1212
FFFEC84B
00012F34
FFFEE7C3
00003F41
0000CD2E
00023DD2
FFFFC0E4
000209A8
FFFFECA1
FFFFBF90
0000DCA7
FFFF30A0
FFFFEDA8
00008EAC
FFFFC586
0001F482
00007BA0
000063F8
00017629
00007683
00000E82
FFFF8E83
FFFFC185
FFFFC835
00013E06
FFFFA693
0000560E
FFFF1459
FFFFCD01
FFFDA92E
FFFF0CC8
FFFF32D9
FFFF8D2B
000033A2
FFFF8007
FFFFB516
FFFDE079
FFFF2F01
FFFDF7F2
FFFEA486
FFFFB652
00011D09
FFFFD9D9
FFFE6F8A
FFFF6038
000032AB
00000767
00022891
00019C8A
00025F24
0000BC9D
00018883
00020264
000180A8
00014FDE
00007623
FFFF9678
0000FD0B
FFFFF88C
00015266
0001B63F
0001AC51
FFFFA188
FFFFD38F
FFFF03D8
0000CD66
00004D81
FFFFE6F4
000068FF
FFFF85EC
0000DFCE
FFFEBAAB
FFFE1DCD
FFFF83C0
0002ED54
00018D75
0001166D
FFFFCAEC
0002C70B
FFFF5024
00015D19
0001781C
FFFFFB0C
FFFEC059
FFFEE659
FFFF2530
000018B5
FFFFEBED
FFFF542E
FFFF5A56
FFFEF5CB
FFFF66A1
00006B06
FFFF7189
0001D8CF
FFFF599C
000025DD
0000138C
00002897
0000AF92
FFFEED27
00002088
FFFF011D
00003C68
FFFF79F8
FFFDF754
FFFEE46F
0000E83B
FFFED138
FFFFBF47
FFFEB42D
FFFE83A3
0000B33A
FFFE6264
FFFE4931
0000F070
FFFE7E87
FFFFF680
FFFF750F
0000B6EB
FFFF316E
00016758
0000E0E8
FFFF8BD6
00004AAA
FFFF381E
00002ADC
FFFF3B16
0000E093
FFFED63D
0001E3D5
000039BB
FFFF52A9
FFFFCC69
FFFF5958
0000F59D
FFFFCAA7
0000142F
00000587
FFFEEE64
0000488C
FFFF818C
00000F71
FFFF43F1
FFFFA405
FFFE6354
FFFF4180
00014855
FFFE0F86
FFFF68BC
FFFF11D4
FFFF61C2
FFFDF141
0000B0DF
FFFF9915
0000B415
0000B218
FFFF0692
00004474
FFFF81F2
00016D74
FFFECE92
FFFEE22B
00009FB1
000032A3
00001562
FFFE5C01
0002C211
FFFEE8FE
FFFFEBFC
0000A4DC
00016A48
00011C61
00002CF9
FFFFD434
00011A74
00007927
0001CF19
00000624
FFFF2325
000034C8
00010C6B
0000CE50
FFFFFC63
0000811B
FFFF90CD
0001DACF
FFFEB4A3
FFFE5D8C
FFFF1EC6
0000DD31
FFFEAF84
00004AE6
FFFEF631
00002558
FFFF2B9C
00009FD8
000013A1
FFFF63AC
FFFEE9AC
FFFFBDB8
FFFEB512
FFFF0138
0000D6E8
FFFEC7CB
FFFEF147
FFFFF6E3
00016156
FFFE7F24
FFFEEFDD
0000A9FD
FFFFB00D
0001300E
00012507
FFFF43B0
000049F4
FFFF5BF0
000102EC
000059FF
FFFF239C
FFFEEEBC
0000A9D8
FFFF9E2D
0000AD2E
000099A6
00014C29
0001B594
00011D7E
0001E137
0000E866
0001B4E2
00005096
0001D250
FFFFBBA8
0002175A
FFFF5EB5
FFFDDC41
FFFDD6BA
00009BE8
0000469D
FFFDF4A4
FFFF9F5B
0000E879
FFFFC9F8
0000F5E2
0001BE67
FFFE03CC
FFFF1FF5
FFFE81D6
0001ADAA
FFFFAE58
FFFEF91A
0001461E
000022E6
FFFF2D24
FFFF62F1
FFFF7487
FFFEF628
FFFF8817
00001C2E
FFFFF0F0
00002C8A
FFFFD81A
00002333
0001701B
0001AE4B
FFFFF50C
000140EF
00018099
00004D4E
00017B92
0000D3A8
00010016
0000EB6E
0000D7A4
0000C891
FFFF9D66
FFFFF5EA
0000CD7F
FFFF6DD0
FFFF19A6
00011285
00014F02
00000FBF
FFFFD9DE
000104F9
0000D0E3
000133F4
00012C0B
0000BD47
FFFF7ECE
00002661
00007040
000133DD
FFFF6A2C
0000CAFA
00005CCD
00023448
0000E0B7
FFFF86F3
FFFFA4E4
000077D7
000047AE
FFFF376A
0000471C
FFFEFCB0
00005506
00018AEA
FFFFF8EA
FFFF8F27
FFFE6AFE
FFFF80B7
000006FA
0001B530
FFFEF38E
0000083D
FFFFFEC1
FFFFFC3A
FFFFA38A
00004D43
000255BE
FFFE5B97
0000E50F
00010750
FFFF7C66
0000C2EA
FFFE9C3D
FFFF56A5
FFFF275C
FFFE89AF
FFFDD2DF
000091AD
00005228
0000BA9A
000046F2
0001DB0C
FFFF7D30
0000DD7E
0000E1CD
00002092
00026C4E
0001C5B5
00006228
000114FF
FFFDF7FB
FFFFC52D
FFFF3106
FFFE4D67
0001E593
000072C3
FFFDDD1C
FFFD3778
FFFF819C
000024FF
000001DA
FFFCE9E2
FFFE9245
00001EF0
0001AC70
000015C8
FFFFFEBB
0001D506
FFFF3AAF
0000CBB8
FFFE03E5
FFFD5ECF
00005F8D
FFFFBA20
000145AA
00001B1B
FFFDB0E7
FFFE7610
FFFCB321
00001054
FFFEA496
FFFD5ACF
FFFFE121
FFFC59DB
FFFD7760
FFFE5E12
000209F3
0000E54B
00007C4B
00018544
00018798
0001247F
FFFEF2AD
0001CAA6
00023861
0000856E
FFFF60A1
0000DD94
00017DD3
FFFE1F36
00007249
0000D327
FFFE21E9
FFFDCC46
FFFD55C9
FFFE441D
FFFF6D3E
FFFD12F2
FFFF0A0E
0001CD05
FFFFF077
FFFE11D4
FFFE52C7
FFFDB23B
FFFE8BF2
FFFF8726
FFFDD066
FFFE58DC
FFFF5FC8
FFFDB28E
FFFE4B30
FFFF0C1E
FFFFB34C
FFFD2C9E
FFFEBF3D
FFFF044E
0000235A
000040D7
FFFE6F7A
FFFFC3C8
00010D49
00008229
0000E809
FFFFC314
FFFCCC37
FFFEC97C
FFFEFAD9
FFFFA6C4
00001363
FFFCDE05
FFFE8EA6
FFFE7E7A
FFFF280E
FFFF3367
FFFCFFE4
FFFF2FC2
FFFE9589
FFFF2A69
FFFEFF05
FFFF55C3
FFFD9408
FFFED954
FFFDE43A
00010990
FFFFEF5E
FFFF808E
FFFFD63B
0000154F
FFFF5B4F
00015B50
FFFFE0BF
FFFF7413
FFFF23DB
FFFE9EFF
00009AFC
FFFF457B
FFFE21E0
FFFF429A
FFFE5F6B
FFFFE91B
00003778
0000F2A0
FFFE913E
FFFF5151
FFFEFE2F
000099F5
FFFF1EA0
FFFDCD98
FFFFFEF2
000137E2
FFFDEC74
FFFF8BCD
0000388F
FFFED257
00020E2A
000379FC
00002575
000172B7
00004BC0
FFFF83CF
00024C03
0001CF1A
FFFFA4A1
000168C1
00007891
FFFE0701
FFFF4537
00003485
FFFEAFB8
000127A3
00006DBA
FFFF261D
FFFFF2BE
FFFF85BE
0000A583
FFFD5DD2
FFFC5067
FFFFB916
FFFEEC80
FFFE1DFE
FFFF057F
FFFECDD7
000085DD
00009013
FFFD6FDC
FFFE0003
00005B10
FFFE7442
FFFE8104
000041F2
00008B87
000079D5
FFFFD580
0001C510
0000B0A2
0000D218
0001BF88
FFFFA470
FFFE58B8
00011ADC
FFFF71F1
00008B80
FFFF22A1
000004FB
FFFD03AA
FFFCF78C
FFFED0F0
FFFFC376
0000232E
FFFDFCDC
FFFD4BAF
0000AEED
00005A14
FFFF67C0
FFFDF33A
FFFF4EBB
FFFEE0B5
0000AB4F
FFFE5ACB
FFFF8B7B
FFFFD802
FFFF96FA
0001690D
FFFF0E60
000064ED
00006CEA
00003E9C
0000F33D
00031E54
00020E31
0003DD52
000172BF
000261B8
0002A572
0001D49F
FFFFF7BF
FFFFA098
FFFF13D4
FFFE5BC5
0000DFC6
0000688B
FFFFA2E7
00033591
FFFFAA70
000274D6
0000E940
0001F3D2
0001175A
000066EA
000165BE
00012702
0001B275
0000F4FC
0000DFDD
FFFE821A
FFFDE6D5
0002716F
00021BA8
00012C19
00019352
FFFF8D74
FFFDFB3C
FFFD7026
0000194E
000004A4
0001DF0C
00023B3C
FFFEF760
FFFFA9B9
FFFEF511
FFFF7B3F
FFFFA4AD
FFFF92F3
00010AFD
0001870F
0001B889
0000E69C
FFFFC3F9
FFFE9F00
FFFF660A
FFFEC648
FFFFB13D
FFFF7789
0000A5D1
0000745A
FFFDEFFA
FFFE95CF
FFFEE3DE
FFFFA9A8
00017CD3
FFFF7F29
0001383D
00028451
0001AE8E
FFFEC514
00012BCA
0000DB8C
00002E83
00034183
0002EA78
0000BC72
000230C7
FFFFD33E
000241B6
FFFFE8BC
00027BF9
00027E86
0000AB53
00017C9D
FFFE8EF7
00005EA7
00013BFB
0000CE30
00017A88
00010033
0000BB42
FFFEFB82
FFFF91ED
FFFE49EF
00025635
0000427B
00005CD3
FFFDB461
FFFF5554
FFFF08FC
FFFFEB5F
0000CD95
00010F3D
00007BB8
000170EE
0001C1EE
FFFFD9D5
FFFFDD8C
0001AF50
FFFE99DF
000070AC
FFFE1E96
FFFFBE97
FFFE76C9
000079D5
0000B993
FFFED5FB
FFFDC931
FFFD2B7F
FFFF135E
FFFE3479
0001E975
FFFEB52D
FFFDF7D9
FFFE0785
0001169B
000114A8
FFFEB928
0000F872
00000E56
0001E7EE
FFFED91B
FFFDDC45
FFFE2F79
FFFE8874
FFFE0CB2
00007421
0000B646
FFFE5621
FFFF7CA0
FFFE4C48
FFFEEF65
00002F4B
0000433B
00024FDC
00006342
FFFF3E15
0000447C
00001AF0
FFFEA672
FFFEABBB
000165CF
FFFF4092
FFFE4DB0
0001B0E6
0002545D
FFFEF80B
FFFF4F59
FFFF958E
00011F2B
FFFEFE3B
FFFFF13D
0001CB82
0001509D
FFFE3DDE
FFFF50D9
FFFF12D3
FFFE30F0
FFFF12D0
FFFF4B0C
0001908E
FFFDE9C2
FFFE1F5D
FFFEBBFA
FFFF5F90
0001604D
000177CD
0000223E
FFFEEBDC
0001E5EA
00009109
FFFF3AE7
FFFD1D36
0000B1C4
FFFD666F
FFFF268C
FFFF782D
FFFF11D9
00000449
00006A72
00024D6F
00002ACA
0003543B
00013349
00013CFD
0001CDE7
0000C19F
00004C20
00007D16
0002A9FD
00002D38
000282D1
FFFEEE0A
FFFE2748
000077C3
00025743
00008D05
FFFF8AEE
000241A6
FFFFD384
FFFF480F
000114ED
000032AD
0001C0B0
0001AA03
FFFDF036
00021D31
FFFDE95E
FFFF70BE
FFFFA453
FFFE3921
0001B4C4
00004FA8
FFFDA622
FFFDBC8E
FFFDADC6
FFFE8068
000119A5
FFFE6BB1
FFFF2A9C
00007805
0001183D
0001E998
FFFE266D
FFFF608F
0000BC5C
FFFD968D
0000A664
00006EA5
FFFFC9C1
FFFF2657
0000112B
FFFFE6F8
FFFFE99E
0002F2CC
00031C72
00022430
000173F5
FFFFEA8C
00005C71
000249F0
FFFF2CC9
0002377D
FFFD7343
FFFFFA07
00011A2D
FFFDE485
FFFF9014
FFFEF608
FFFEDE99
0000EC20
FFFDDC27
FFFCDDF4
0000825C
FFFFE2A1
0000174E
0000E492
FFFDD8DA
FFFFC2F5
0000E973
0000A24B
FFFDF62A
00017402
0000436C
FFFF93CB
00006655
0001240D
000051F7
0001D43C
0001C577
0000B13C
FFFECDD3
00023991
000237C8
00007D20
00025E87
FFFED971
FFFF2E67
00012F7A
00019C00
0001787D
FFFFADF7
FFFEB78F
FFFDFC30
00024C05
0001F516
0000E155
FFFFE502
00001663
FFFD8E36
FFFE9510
00016059
0000265D
FFFE714D
FFFE8702
FFFF2B7A
FFFE0805
FFFF186F
FFFF43F5
FFFF35C9
0000CBC6
00026796
0001BCF7
FFFFB089
FFFFCD31
00000DD3
FFFF45D6
FFFF38ED
FFFD96BC
FFFD8CC2
FFFD48ED
0000240E
000112B7
FFFE852B
000047A0
FFFE91B3
FFFECC03
000146EC
FFFFB57B
FFFE3152
00021DA7
0000437D
FFFED69D
00023F19
FFFD5DA2
0000092A
000194EF
00007EBC
0000BB85
FFFCBBBC
FFFE519E
0000BBAC
FFFFEAF8
FFFFD0AA
0001562F
FFFF7363
FFFFF132
0002B0FC
00017C02
0000D8A2
FFFECA41
00010FEC
FFFFB53E
00020407
00011C9D
FFFEEF08
FFFED6CC
FFFFB241
FFFEFA70
FFFEE825
FFFDDEEA
FFFEC9A5
FFFEB8C2
FFFEE3C0
00010ADC
FFFFF04B
00004CDC
FFFFCBBC
000181B6
FFFEB519
00012A93
FFFDA6AF
00009D59
00006761
FFFF516B
000105C9
00002C4C
FFFEABDE
FFFE6788
FFFF4944
00000869
FFFFC74F
FFFDB915
00007897
FFFE481A
FFFFF7B8
FFFF6298
FFFECB93
000134B1
0000FB2E
FFFFE80A
0000D237
FFFE52A7
FFFFD77B
FFFFF4B1
00001639
00009F51
00004939
FFFFD03E
FFFFC47A
0001AA5A
FFFF2BE8
FFFFD874
FFFF9B7E
000128BC
00006F79
00017CCE
FFFF7525
FFFEE21D
0000C8ED
0000E068
FFFEDB35
00001658
00005D76
FFFF8170
FFFE93F9
0001BFE2
00010E1E
00022B76
0000E5A2
00029580
0000238F
FFFF085E
FFFEEE89
FFFEF878
FFFF6F94
00006534
FFFEF465
FFFD4669
FFFF70B0
FFFDCF2D
FFFED5B6
00000937
0000DD7B
00019DC7
00028116
000093DF
FFFFA3A5
0001178B
FFFF0D71
0000E1DF
00003E86
FFFF362B
0001DBA5
FFFFCDC1
00007FC5
FFFF6EF5
00020675
00019775
00007E4A
FFFFCB82
FFFF69D4
00015765
0001E87B
FFFF0E10
00007554
00003502
0000197F
FFFF4A23
00024117
FFFF4073
FFFFD91E
000062F3
00011832
000155EB
FFFEF58D
000057A0
0000FBC4
FFFF5516
0001C4BD
FFFEAD0A
00018479
FFFE95A5
00000EBD
FFFEE4F2
00006CEF
0000C6DB
FFFF803B
FFFE49C9
FFFF8616
FFFFB5B4
FFFE4C4A
00008117
FFFE1A74
00006791
FFFD9CCE
FFFE90C7
000019A2
FFFF4AC0
0000CC4A
0000567D
0001852A
FFFDE698
0000A489
FFFFFD02
FFFFBF02
FFFE6F67
FFFD4AB8
FFFF387A
0000BD00
FFFE3A26
FFFF20A9
FFFE3395
00013CCA
FFFEA309
FFFDCBCE
FFFEB775
FFFDC0A7
0000C93C
00001DFD
00018CF6
000079F4
0000081C
FFFE4112
000182E9
00012A1A
00009BB3
FFFE847E
0000F4EA
000017E9
FFFEF134
FFFF6229
FFFEBFAF
00000919
00018700
0001ED3E
00002CB4
000033D0
FFFEC8A4
000109B9
00009EEE
0001BF15
00002409
000180B7
FFFFC65E
FFFF6819
0000D440
00019C1E
FFFE6F6A
FFFE072E
FFFF2313
000152D7
0001D280
0002093F
FFFED047
FFFEF1B8
00014F4D
FFFFFF2F
00018927
0001D83D
0000E429
FFFEF371
000193C2
0000435A
FFFEF1AC
00019E72
00009820
FFFE9C7A
FFFFB748
00007E64
FFFF83ED
FFFF83FB
0001258B
FFFD6E0E
00014770
FFFE5B35
FFFE47BE
0001662A
0000CDC0
FFFFEA16
FFFFEA90
00002CEE
00000690
0000C7E5
00014C52
0001E8BA
FFFFAB15
00000F73
00009D1A
00008E0F
0000EB9B
00024E59
00027687
0003161F
00002BB1
FFFFD889
00001F12
00009C47
00028C27
0000AD2C
00013457
00003017
0000D8BC
00020A06
00024B36
00005ABF
FFFEF096
000160D0
FFFFC978
FFFDE302
FFFF76C0
00006750
0001E2EF
FFFEB4ED
00012A50
FFFED2B6
000201AB
000113B5
FFFF3E8B
0000001C
0000EE88
0000AF8F
00005CE8
FFFEAF71
00006BF8
0001288A
00005F0C
00015032
FFFF8738
FFFE5231
00014253
FFFF8335
FFFF8FE0
FFFE0A97
FFFDB7A5
000141ED
FFFF8FA8
FFFE2C0E
00014366
FFFF129E
FFFDDE04
0000AEC1
FFFF8759
FFFFDFEA
FFFF17F5
0001A101
FFFEE2F9
0000B624
FFFFF577
0000712E
00002EE2
00014A16
FFFF9AFE
0001BE58
0000DDC7
000130B8
0001A37F
0000BB49
FFFEF694
0000DBFC
FFFED628
00008450
0002D8B1
0001A118
0002461F
0001AF7F
00007D6C
00016FB5
0001637A
0000C26F
FFFF2F01
FFFFE67B
FFFF290E
FFFFD4EB
00009F1F
00011128
00017D81
FFFEF039
FFFF69CD
FFFFEA8B
FFFF564F
FFFFBEA2
000016BF
FFFE7488
FFFE7546
FFFFE61F
0000E903
FFFF8304
FFFDEC39
FFFF23EC
FFFE9E4A
FFFF5C7D
FFFEE456
FFFF3EDF
FFFE7EF5
FFFEE89F
FFFDE218
FFFFAD81
00005BED
FFFED22B
FFFFF63C
FFFF8E42
00017642
0001A474
FFFF2939
00015804
FFFFD80B
000016D3
FFFFF648
0001397E
0000D3D6
FFFF0C0A
FFFF902D
00016D5A
FFFE3A32
0002503C
00022649
FFFFB889
FFFF7098
FFFFF100
00024913
FFFEC457
0000A5D5
FFFF36B7
00021B84
000124A1
0000C167
0000AAEA
00008135
0000BBC0
00004716
FFFDB382
FFFEFD70
FFFE0560
00006B9D
00013279
0001E59A
0000C25F
000093E8
00005686
FFFE8F5E
FFFF05E0
FFFED2E5
0000D024
FFFE03BA
0000793E
0000C68C
0001F7EB
0000212E
00015034
00002E8F
00012FDC
FFFDA271
00003515
FFFF941B
FFFEE605
FFFF205E
0002AA2E
0001D512
FFFFF65A
FFFF78A1
FFFE9904
0000F13C
00028708
00007506
FFFEDA7E
FFFF9795
FFFF7877
000055FA
0001FEAB
0000258E
0000F64E
00025644
00018BCE
FFFF522A
000089B6
FFFF600F
0000A003
FFFFE084
FFFE9BC3
0001A7AD
FFFE1E8F
000168D3
000098F8
00018E4F
FFFFA1CA
00015F19
FFFEE889
FFFF5D5D
000227A2
0001364E
00008CDE
00010991
0000A15F
00012535
0001CCF9
FFFFC5A4
000208DC
FFFF4FB3
00019054
000021ED
FFFEAE37
0000D240
000168C0
FFFEF2DD
FFFF0668
00004F37
FFFF9901
00005D08
0000AA3A
00006325
0001075C
0002C89A
FFFE6872
00000EC0
000253FA
00005682
FFFE9A50
FFFFBDF8
FFFF971C
FFFFF4C8
FFFF3090
FFFEBDD7
0000AFEE
0000C9A9
000123DF
00001E75
FFFFCE2B
000195AF
0002182A
0000A2F0
00011606
FFFEA6BA
FFFEA894
FFFFA2F4
FFFF5F5A
FFFF34C6
0001D003
FFFF7D79
FFFE4847
FFFEE6E4
FFFF699A
00000351
FFFFB94B
FFFEC835
FFFF7557
FFFF6D57
00018193
FFFFD6A8
FFFEC59E
FFFE55EF
00018FC8
00012F70
FFFE873D
FFFFD4F5
0001172C
FFFECE26
FFFED2FC
FFFF9DEB
FFFE1146
FFFF7B62
00010549
FFFD97F7
FFFECBF3
FFFEC28F
FFFF4F2A
00008D6A
0000675D
0001D7A9
FFFF2820
FFFDE824
0000485B
FFFE31C7
00000273
00005447
00000DEC
0000DDEA
0000DDDD
FFFF92B1
00013C14
00013780
0000A563
FFFE0D20
FFFF8F84
FFFE8D41
00009469
0001B7EB
FFFECF97
00012D67
FFFF5103
00006927
FFFF6B67
FFFF0067
FFFECC16
FFFFF1A0
00012701
0001B700
000198F2
00011D7A
FFFFF235
0000D0A9
0000F3CA
FFFF27BF
FFFE24EC
FFFFB8D3
00001B5D
00004C45
FFFFF855
0001C282
FFFF76C2
FFFFB83B
FFFF5C77
FFFF88B8
00004DBC
FFFE9E86
FFFFB2FF
00015EF1
FFFEFD2C
0000DDD7
00012C26
00003C7C
FFFFCA10
0000FD6B
FFFFEE59
0001161E
00011F71
00007D6B
0000CE12
0000DA09
FFFF8C5B
FFFFF97F
0002243A
FFFE3DB3
00019D23
FFFE468A
FFFDFE03
0000C6D9
0000B65F
FFFF9DBB
FFFDAE54
FFFD186F
FFFEBFC5
FFFDA961
FFFD32FF
00005BA0
00002123
FFFD2EA8
00006F29
0000BBBB
0000B08A
00007285
0000800A
FFFF39BF
FFFF11AB
0001A51F
00004651
FFFF47CC
FFFF8DF4
FFFF5A71
FFFF117B
FFFFBC02
FFFF30F6
00001232
00002EAC
00009E0E
FFFFAC48
0000282B
0000D3EA
0001B369
FFFE6C37
0000B87E
FFFEEB87
FFFF046B
00000E3A
00001452
FFFF8C6C
00007051
FFFF5E13
000096A0
FFFFB83B
FFFF72B2
FFFFD628
0000926E
000070FB
00007A88
FFFF0C6B
0000765B
FFFF7F3D
0000987A
000036A7
000022A3
0000336C
FFFED230
FFFFEEF9
000111F7
000001C8
00007BBF
0000BF1D
000073D3
0000E57A
0000308B
00012E92
FFFEDB71
FFFEE55A
FFFEBB77
00019789
FFFE4932
FFFF982D
FFFE5988
FFFF7FA7
0000A583
FFFFE91B
000047DC
FFFEFE2E
0000B3C2
FFFEF697
FFFF391D
FFFFF477
0000E0FE
FFFF9E44
0001BF45
FFFE8BBA
0000057B
FFFEA3B1
FFFF8F4C
00015075
FFFE809E
0000AB43
0000EEAE
FFFEE9C0
000018C4
00005A65
000032FE
FFFFBD8E
0001257C
FFFEA96B
FFFF48C9
FFFEA80B
FFFF08D2
0001324A
0000EAFD
FFFF9359
0000B80E
FFFF498D
00010BAB
FFFFCDC2
0000D0A6
FFFFC4A3
FFFEDC5F
FFFED4FA
FFFEC41B
FFFF0717
0000D496
FFFF594F
FFFF0089
000151FD
00000616
FFFEFF3B
0000C086
0000421D
FFFFBAAC
0000BEDF
FFFE769B
00004157
00010A47
0000F64B
FFFF5285
FFFEAFE0
FFFF42D2
00014709
0000C877
FFFFDC83
FFFF8E51
FFFFB151
FFFF678A
FFFFD10C
0000B272
FFFF1442
0000C5D2
FFFF79A6
0000ED3F
00008C68
000038ED
0000320B
00019298
000125ED
FFFF18DF
00007359
0001832F
0000FC32
FFFF2C49
00014C40
000078DA
FFFFF8D2
00007460
00004A9C
FFFF253C
FFFFA878
000100EB
FFFEC5A8
FFFF9EE6
00001BAD
0000FDEB
0000E3D9
FFFECC72
0001919F
00008CC9
FFFFB1CB
FFFF9161
00003938
0000B3C8
000085EF
0000F013
FFFFB5F9
0001FC08
FFFF021F
FFFF027F
0000223B
00007352
0001007A
FFFE9ECA
FFFE3344
FFFF1796
FFFED95F
FFFF19D3
000167E4
FFFF1A93
00012C86
00011305
00007E36
FFFEBA25
00000BEC
FFFE59E4
0000DEAD
0000C2EE
00004A41
00010259
00006146
000005AD
0000768C
0000B287
0000936D
000131A1
FFFF1990
0000643A
00000DA5
FFFFB0D4
FFFE1DFE
FFFE2399
FFFDFF21
FFFEAC1D
FFFF8AC1
FFFE4B90
FFFF7192
FFFEC3CF
FFFF3CF7
FFFE5ED1
FFFE7B9B
FFFE9A65
FFFF028D
FFFF3922
FFFE6476
FFFE948A
00011931
000032B5
0001CEC2
FFFFE85C
FFFFC376
0000CFC0
0000780F
0000196F
FFFF9365
00014057
00014E59
0001652F
00021CF9
FFFE9208
0000A2F3
FFFFAC5A
FFFFA802
0001CB2E
FFFFD29A
0000EE66
0000DDA6
FFFF6231
FFFE5DED
FFFFC1A3
FFFEF482
FFFFDE7E
0001221F
FFFE7734
FFFEFEC9
FFFF7E34
00007F3C
FFFF98CD
0001DEA8
0000E2BD
00007644
FFFECA9F
FFFFD5C9
FFFECF98
FFFF5737
00010F3A
00014922
00007967
00002AAD
0000970D
0000AB5C
000079C8
FFFF111F
0000C1AF
FFFFDDEA
000010A4
FFFF14B9
00000A36
00000257
000093B9
000050AA
00017AD7
FFFF7F81
FFFFBC60
FFFD4A4A
FFFED92E
FFFF1072
FFFEA3E5
FFFE6C08
0000662D
FFFF5360
00005453
0000A0C5
0000AB75
0000F39D
000032E7
FFFFA566
FFFEB660
00010D02
0000DEA8
FFFF666F
00008610
FFFF8C14
000017DD
0000CCA6
000023E1
00018CE3
00001F22
0002BA8E
0001E85A
0000E004
00019658
00013F08
00005657
000053BD
00014ECD
0000BBA5
FFFF7797
FFFEE797
FFFE1C37
FFFEA78C
FFFFB02B
0000B851
FFFFDE30
FFFFAF3E
FFFFF1C7
00002010
000169EA
FFFEFDA9
0001762E
FFFF6CF7
00008CB7
FFFFE59E
00006230
FFFED692
00003320
00003901
FFFF4F5C
FFFEF019
0000F09E
FFFFC185
FFFE5B2C
00003548
00008CB9
0000B7D7
FFFFC5CB
FFFDBDCB
00018D65
FFFE956B
FFFF1B38
FFFF5379
FFFF7B82
00001685
0000BDB8
FFFF7B55
0000643C
FFFF1C49
FFFFFE7B
0001275A
FFFE3EBB
FFFFEEFE
000017CF
FFFF2406
FFFFA305
FFFFF4C2
FFFEEC84
0000791B
FFFEC78D
FFFDB61D
FFFFF947
FFFF2A54
FFFEBF32
0000CBA9
00029D17
00026363
0000B0A7
000060F7
0000DB54
FFFFD394
00004D44
00006691
00018CCB
FFFF5E35
FFFF6575
0000BEB3
00002807
00009098
0001B83D
FFFF2821
FFFFC492
FFFF74C8
0000A75A
FFFE786D
0000C341
00003DE6
FFFFED8B
FFFFCF33
0000B2AB
FFFE6602
0000EE7D
FFFF5BCD
FFFEEFB9
FFFF06BA
FFFF34EB
FFFFA6F5
000133D0
0000213E
FFFEB4E7
FFFF6A0B
FFFFB64A
000024BB
00012160
FFFFA4BF
FFFEC9F7
0000148D
FFFF65AA
00014FFB
FFFFABE8
0002E803
FFFEF988
00004CDC
00001D04
000039B0
00006D27
000181D0
FFFEBD64
0000B376
0000849D
00002BC7
00002790
FFFF4714
FFFF7E08
FFFF1D38
FFFE3A9A
FFFF4449
FFFECCB6
FFFFB11E
FFFEA6A9
FFFE569B
FFFE4E1D
FFFF6921
FFFF6681
FFFF0E2C
0000B7C7
FFFF0204
000118CC
FFFF2C8B
00000126
FFFECA91
FFFE7CCB
00001AFD
0000627C
0000FD90
FFFF6BA1
00025A6F
FFFEBD35
000044B2
0000A518
0000A12F
FFFE412E
FFFF5547
000069D6
00004E17
FFFFCF93
FFFFE3AB
FFFF465D
00010DF7
00005EEC
0000175A
00005171
FFFFEDA9
FFFFAA73
000011A2
FFFE73A7
FFFFD1B3
000059D6
FFFFCDC3
FFFEE364
FFFE9E73
00006BEA
0000CFC1
0000BB56
0001C40F
FFFFC0BB
FFFF8458
00011BB1
FFFF4A63
FFFED86A
00005616
00011601
00000996
FFFF200F
00015FB8
00005A70
0000937C
FFFFA75A
000003A1
FFFFF1C9
FFFF302C
000145DA
FFFFF0B3
00000D3B
FFFE763E
FFFF9084
00003694
00012177
FFFEC052
FFFFB354
FFFEEEB0
0000F018
FFFE906E
FFFF2CD6
FFFF0434
FFFF8776
FFFE9638
0001C783
0000013A
FFFFDE37
FFFFF9CA
0000D665
FFFFD145
00001390
0000197A
FFFF5C95
FFFF6F6E
FFFFA51D
FFFF883E
FFFFA659
00007553
FFFF760D
0000C7BA
00008EAA
0000A052
FFFFC731
0000294A
FFFF4688
00022E7B
FFFF6C12
0001B7B6
FFFF9733
0000B82A
FFFF2480
FFFF2AA0
0000290F
00003D4E
00000D1B
00006FC7
0000B3FD
FFFF0DF2
00014992
FFFFEB4E
FFFFC39F
00002734
FFFEE561
FFFF7622
00006BAA
00000793
00004BCA
FFFF675F
0000FC74
000066A8
FFFFE15F
000154B2
FFFF8FC8
FFFF64F3
000053F1
00000285
00014C6A
FFFFC2CB
FFFF7D38
0000BCE4
0001AB61
FFFE8094
FFFFE3BD
000158BB
FFFF6C27
FFFFF37F
FFFDF1B3
FFFF328F
FFFE7B95
00007DDA
FFFF9412
FFFE031B
FFFFF780
00008B8E
00007330
00011EFF
000069EB
0001D5D8
FFFFA4BB
FFFF4FF3
00007557
FFFF0A56
00027A90
FFFEB290
00007E3C
000242AB
0000CC10
FFFF3554
00015E8C
00014826
000259EC
FFFFE9BA
00018678
FFFD223D
FFFDA575
FFFD3EFC
FFFDCDB9
FFFF122D
FFFEB35E
FFFE8D06
0000D86F
FFFFDB3B
FFFDB77B
FFFF1B93
0001A36E
FFFF7938
FFFDC9B8
FFFF5FDE
00017D22
0002099A
FFFED52B
FFFD29C4
FFFD61BF
00005E71
FFFF3FCB
FFFF4ABB
FFFF610A
000133D3
FFFFC4AE
FFFFA4C7
FFFBD2EF
FFFCBD37
FFFEBB39
FFFD9669
FFFD49E9
FFFD27A9
FFFDB3B0
FFFEE6C5
FFFE26EC
0000AC1F
FFFF2BC1
FFFE59CD
FFFEE56F
FFFCF95A
FFFF3FB0
FFFF5651
FFFEC120
FFFFA223
FFFF8E32
FFFF0C00
FFFF16CE
00021824
FFFF08D2
00008847
0000F33A
FFFF2D89
FFFF8044
00008073
00005D6A
FFFEB5C7
FFFECFB6
000054ED
FFFF07B0
0000DBF8
0001AAC4
00034000
FFFD3662
FFFF15B1
FFFDC121
FFFF197E
FFFF8FE8
FFFCF7E2
FFFF5046
FFFE1C87
FFFD1ED0
0002B5A8
00005A48
000056ED
FFFDD0C2
0001A84C
00003E12
FFFEF975
0000E45D
FFFE31D4
FFFFF4F1
00008B7C
000017F8
00002E21
FFFD4A74
0000C68B
FFFFCE3E
FFFDCE31
000100D5
FFFDD8D6
00001323
FFFF1FB7
FFFEEB1F
FFFFD39E
FFFEFDD1
00022A84
0000A746
00000F6F
0000D386
0000E5B1
FFFD81B6
FFFEF282
00007CBE
FFFE3B89
FFFF9CB9
00023C9F
00030165
FFFF2280
FFFEFE03
FFFFA7B6
FFFE3E3E
000163A7
000216DA
00002350
FFFEF480
FFFF32F5
00007899
FFFFE029
FFFF36FA
FFFECF26
00003560
0001669C
FFFEFD55
00011CEA
FFFF3FB3
FFFFAB7D
FFFDE80E
FFFEF7F6
0001BF0B
FFFE44DA
0000423F
00021D63
FFFF1032
FFFE5BEB
0000D2EC
FFFD4271
0000A42E
FFFF5285
FFFFF790
FFFFFA69
00020E15
FFFF86B3
0001D257
FFFF3FF6
FFFE27E5
00024890
000085E6
FFFE84D9
FFFE9491
00026167
0001E23A
0000D797
000248B1
FFFEAB4C
FFFF4B89
FFFFD24A
0000FF95
FFFFF947
FFFFFA55
FFFF1ECC
00020244
0000348D
0000B281
0000C4B3
0001DB8C
0000C12A
FFFF2443
0001BB54
0000CC48
0000A795
FFFE6B4E
0000DC39
00019FEB
FFFEA1EC
FFFEAA9F
00000812
00003923
FFFF8EE2
00019F0F
00006C0F
0000908C
FFFFC0C5
FFFD73F9
FFFF7904
FFFE17AF
FFFE07E2
FFFE1D77
FFFF6159
FFFE9964
FFFFB1E2
0000F314
0000200D
0000BD74
FFFE52B6
FFFDBF92
FFFD8AD2
FFFF4DBC
FFFD2EA9
FFFEACA8
FFFE329D
FFFFC6EF
00003306
0001B138
FFFF626B
FFFDB2E5
0000CA3D
FFFEB74E
FFFE95B2
000263B3
FFFF3496
00014F1E
FFFFD7F2
0001DEA7
0001BD70
0000311A
0000FD03
FFFF9B77
00006096
00011138
FFFEBD68
FFFFCBBA
FFFDDFB6
00019271
00009C78
00012937
FFFDB6C5
FFFEA50D
0000C385
00008286
0000C318
FFFF5670
FFFFBA7B
FFFE0D45
FFFE0773
FFFF5832
00011092
0000A5CC
0001EC91
0001696A
FFFD5718
00013201
00015ADB
0000B191
0001762B
FFFE87A5
0002516C
00017ED4
00009C6A
0001A982
FFFF5971
00029A93
00014DFF
FFFFFB8D
00019909
00005E65
FFFFAD4F
FFFDD580
FFFEDDBC
00013217
FFFF2AA1
FFFEBB5B
FFFFD5FA
FFFE6A60
0000FB5C
00001095
000077EF
00008E73
00004C88
FFFFCA7D
0001DF58
0000E5D0
FFFFBC10
FFFF83CE
0000C846
00010702
0001875C
000070A0
00004128
FFFE1095
FFFE4D8B
00009F97
FFFFB903
FFFF44EB
FFFF23A4
0000BE8D
00010FCF
FFFFB6FC
0001DCBC
FFFECC46
FFFF1FE9
FFFF4691
00001947
FFFE83F3
FFFF9166
FFFF71E6
FFFDBB32
0001DE3C
000178B3
0000A7CC
FFFF7230
FFFEA766
FFFF7EA8
FFFE9AD2
0001A3A2
FFFFB0CA
FFFF0C7E
FFFFCB9E
0001C655
000247AF
0001E45F
FFFF8322
0000EB62
0000CACF
FFFFE551
FFFE78AB
00011081
FFFFA07C
FFFFFB62
FFFD3936
00002AB9
00006E69
FFFFECDB
FFFE1B10
FFFD2268
FFFE1CBE
FFFE0A46
000040C4
0002C825
FFFED4AD
00007445
FFFFB716
FFFFD5A6
00009917
FFFEFD73
FFFEC281
FFFD958D
FFFFF1DA
FFFD1F76
FFFEBBEA
FFFE7A50
FFFFAB2E
0000BDF6
FFFF3CC8
FFFDA690
FFFEF74C
00012642
000150BD
FFFE7BE7
FFFF2212
FFFFA67B
FFFE0614
0001BCD8
00005701
FFFEAF1A
00007BE1
0000F52B
FFFE9726
FFFFD321
FFFE6039
FFFFC898
0000601B
00008141
FFFFE6AF
000063D7
FFFE3F2C
00034850
FFFE6379
0000FED5
FFFF5758
FFFF11E5
FFFFB5F8
FFFDDF63
0000FB46
0001A674
FFFFED79
FFFEC818
FFFC0D64
FFFC7D2C
FFFE2744
FFFF6CB6
FFFF09F2
FFFD8D6D
FFFE494B
FFFBD5CF
00009756
000078F9
000005FF
00013F2B
FFFEAF8D
FFFE8E13
00022978
0000E08D
0000DF99
FFFEC828
FFFDD396
FFFF395C
FFFE97E2
0000E575
FFFF206E
FFFFA7FB
0000E10D
00007086
000159F8
FFFF286C
0000175D
00012455
FFFF2240
0000FB0A
FFFCF628
00002E0C
0000D2E4
00003880
FFFE1F31
000052B1
FFFD026F
FFFF3E59
00007F7E
FFFE50A3
FFFD8F2A
0000975A
00001FD9
FFFE0581
FFFF2190
FFFF8F42
0000BB09
00008D88
0002E68D
0000F465
00009E06
FFFE8E89
0000EDEC
FFFF96EC
000120FA
00003F2A
0000A7DA
0000C24B
FFFE46ED
FFFED169
FFFFCA89
00006E0A
0001D48D
FFFEFAA1
0000E4B6
0001E530
00003F05
FFFF1CCF
000052ED
0001EF4A
0002091B
FFFEBADD
0000D1C0
FFFFF86B
FFFF1D66
FFFF8BC3
00015AEB
FFFDAC48
FFFD6B17
00004797
00001665
FFFF412D
FFFE7265
FFFEE378
00017E70
0001324D
FFFFCC4C
FFFEBB64
000020DF
FFFF94C7
FFFF506A
0000E12E
FFFFCA8F
000023DE
00003ABF
0000F380
FFFE1BC9
00000560
FFFF2DEB
0000BC73
0000262E
FFFFF5EA
0001A1F1
00017B70
0001AC3D
00012577
FFFFAA8F
0000B80A
FFFE15C9
FFFFA117
000047C8
FFFE158F
FFFD52A9
0001B40C
0001C30A
FFFF1169
0000F836
00006C75
FFFEA457
00012195
00011324
FFFF4E5B
000278B9
FFFFA260
0000FA39
00019057
0001BC39
0001CD77
FFFFD498
00018625
00023E51
00012B3F
00026EA0
00006F8E
FFFDD616
FFFEAAF3
0000EFE0
FFFF3066
FFFF1AB9
00017100
FFFE7BF9
0000AC01
00001523
FFFEA560
00016B5E
FFFED300
FFFFD903
00017F87
FFFE2DE6
00011838
0000D698
000004BB
FFFF7B0B
FFFF833E
FFFED67E
00024D47
000212B6
0003B1C7
FFFFB0F6
FFFF648F
00010CBB
FFFF3A9C
FFFEA483
FFFED934
FFFDA959
0000D663
FFFC6D85
FFFE8B27
FFFDF69F
FFFED2C9
FFFF4813
FFFEDABB
FFFF5EB8
00009A8E
0000B14D
0000DF28
FFFDF33E
00019FB1
FFFE9EFF
FFFF5A81
00002A9F
0000F8F0
00001DC1
FFFF0DBF
FFFF25E2
0000F22E
00001B83
FFFFAA88
FFFFB235
FFFF690E
FFFF1D34
000184D7
FFFEEBF6
FFFFBC49
FFFF9714
0000B791
FFFF87DE
FFFEFC8A
FFFF643E
FFFFFA2B
FFFE76CD
FFFE6A80
0000B794
FFFF1BAE
FFFF5667
FFFFDF24
00002183
FFFF56CE
FFFFDFCC
FFFF5802
00004555
FFFF71D8
00003571
000037B4
000096D0
00010B7E
FFFF533A
00005AAE
FFFF7BD5
00008445
000079E6
00005EC2
00002AE1
FFFEFD6B
0000507F
FFFFFFB5
00015525
00015CDC
0000CE3B
0000D8F9
0000E367
000128A1
FFFF6C42
000147DD
00013EFD
0000A3CE
FFFEFC88
0000261B
0000603C
00014653
FFFFCA86
FFFE85E9
FFFEEFE0
FFFDC5A7
FFFF0818
FFFF40A3
0000B0E7
FFFF788C
FFFF641B
FFFE5A64
FFFEF532
FFFFF2A1
00000F81
FFFE6176
FFFEF94D
FFFE8DB8
FFFF3468
0000B3DB
FFFED005
FFFEA2DA
00004AEA
00001DA8
00007A68
00008536
00011164
FFFF68A5
00009B68
FFFEB603
FFFF122E
00002628
000140B6
0000B864
FFFF959F
FFFFB615
0000CE20
FFFF0AA4
FFFF8276
FFFF89CA
FFFEDA55
0000C4B0
000071F7
000003B7
FFFF0AE8
FFFE082A
FFFF813A
FFFFCBD9
FFFF98DB
FFFFF810
0000E3A9
0000938B
FFFFEF4F
00003150
000043AE
0000B0CD
0000C7D8
0001441F
FFFF5E61
0000344F
FFFF8EC0
FFFFB90F
FFFF8F45
FFFF4F90
00009AF0
FFFF1621
FFFE4ED1
000054A0
FFFF0D36
00006087
FFFF150C
FFFE41CE
00007C14
FFFFB82E
FFFFCDAB
FFFEE90D
0000FA6C
FFFF9E80
FFFED16A
000063D4
FFFF3EAE
FFFF2430
00011B32
00002202
0000C72D
0000A891
0000123C
0000D8E3
FFFF738B
FFFF9C8A
00012439
00013C27
00000CA9
FFFF1552
FFFFB861
00010CFF
00007867
00015225
FFFED60A
FFFFCC0F
FFFFC8F8
0000E726
FFFFC88C
0000156A
0000ED4B
FFFFF197
FFFFE71B
FFFE3E54
0001B920
FFFF5B06
00000E9C
FFFEDB75
FFFFE3BB
00005F16
FFFF90B4
00013451
FFFEA1EE
0000A9E6
FFFF3F31
FFFFC3CA
00002933
000001B2
FFFFE6A4
000007C9
FFFF44DF
00005DFE
FFFF1B7C
FFFF6866
FFFFFC38
00014436
000059D1
FFFFA76F
00001B96
FFFEF8C0
FFFFAF03
0000C87F
FFFF64DA
00018089
000078CF
0000B636
FFFF4B8B
FFFFB107
00005DF3
FFFFE71C
00008EE0
FFFEFC85
FFFE5011
FFFF5CB1
FFFF34FE
FFFFBD0B
FFFF9665
FFFEF332
00011EF3
FFFE6BAF
FFFED5ED
FFFFEA96
0000A9DA
00015EBE
0000346C
0001742D
00013294
00025208
0000229E
00000B22
00002A6E
0000B992
FFFFB6DA
0001B408
FFFEBF5F
00018CCF
FFFFEA9B
00010202
0000DDEE
000173C9
0001284C
00009EBF
00018E99
000024B2
0000D00E
00008514
00016F46
0001267B
00013CCA
0000281D
FFFFE35B
0000FCE5
00004D0D
FFFEBC7D
FFFE16AC
00001EB9
FFFF71A8
FFFF19D4
FFFF810B
00009F2A
FFFF7A36
0000D76B
00015AC0
0001B80C
FFFF3E98
FFFF4816
000010E8
0000A4DE
FFFFFF3B
FFFF3266
000091F6
FFFFEC03
00011AB8
000062F3
00013190
00005617
00017914
FFFFC209
000021E8
FFFE2F6D
FFFE5BC4
000079C6
000156B9
0000D6E0
FFFE7022
FFFF8A70
0000FFF5
00005FE3
0001397C
00001C41
FFFF3EB2
00012627
FFFEFBC4
00006A4B
0000539E
00009052
0000A270
00016665
00017B67
0000D1E1
000040E4
00011B54
000169E8
00014B0C
FFFFF95F
0000A687
FFFF4803
00006B3A
0000A3DC
FFFFDE68
00005C48
FFFFCD49
00009650
FFFE6F56
FFFEB5B2
FFFE51D2
FFFED830
FFFEA50E
FFFEAA51
FFFF1B3F
FFFFC88F
FFFF9184
FFFEF22F
FFFE4560
FFFF3F2F
FFFF3E6B
00009027
FFFE1CEA
FFFF62EB
FFFF7FCB
000022DA
00007FBA
000082A6
FFFEBF7F
FFFF478E
FFFF6E61
FFFED3FA
FFFFA8CF
FFFE92C7
FFFF80D5
FFFF74EF
000082A3
00005658
FFFF5BAA
FFFF40BB
FFFECE6E
FFFEA049
0000C59D
00009318
0001171C
0000FF7D
00006780
FFFF6C01
FFFFBD91
000045BE
0000285B
0000A9AE
0000F599
FFFFF47D
000020D6
00006C22
FFFFA214
0000CA71
00001BE2
00006E4C
00001218
FFFFD949
0000172A
FFFFB763
000049AC
000050B5
000023AF
FFFFCB16
000095B9
0000EA1D
0000681E
000139D0
00000531
00007AA6
000013D0
00006EF0
FFFF0E3D
FFFF81E6
00002B33
0000218B
FFFE15B0
00004442
FFFF8299
00002BB2
FFFF11CB
0000C032
FFFF3124
00007D8A
FFFE7FDE
00009CE0
FFFFEA0B
FFFF54E6
0000C61D
000110FD
FFFFF84B
FFFF6AE0
FFFE4F92
000098F5
00009021
000029C1
00007C48
FFFFF887
FFFF89A9
0000E4C4
00002FE0
000049A5
000043FA
FFFFF1E7
00016CB8
FFFFEB3F
00024DEB
FFFEE50D
000095AB
00000CBD
0001B9B6
FFFF7A0E
00018C46
00002B2C
00002DB3
0000635F
000200F5
FFFF13FD
00010B7A
0000FB1B
0001F1F6
FFFF7A1A
00002C4C
FFFF6F80
000042E7
00018693
FFFF7330
FFFF4B27
FFFE3B9D
FFFF757C
FFFFA84E
00000696
FFFEA03E
FFFF9BBD
FFFFAC8C
00006ED8
FFFFC508
FFFF9E21
FFFE72BE
FFFEA9C1
000092F0
FFFFF146
000053D2
FFFFB33A
00004857
00008453
000167B6
FFFFBBF6
00005914
FFFF61C8
FFFFBC85
FFFEA965
FFFF6D3C
00002969
FFFF1CDC
0000F861
000036E7
000054CB
FFFFDC7A
FFFF465B
FFFFB588
000060C7
00007905
0000A8B9
0001383C
0000323F
FFFF16F2
00003C52
0000C020
0000720A
FFFEC3DF
FFFF1FE2
00006666
FFFF8287
000071A2
00001C6A
FFFFC3DA
000071AC
FFFF7399
FFFF907C
0000518E
FFFFABE6
FFFFEC8E
00006EAF
FFFF9577
FFFFE3EE
000052B5
FFFF6B63
0001078C
FFFE69A8
00005B6C
000064A8
0000666B
FFFE7C32
FFFE248C
FFFFFA08
00001E32
FFFF5D60
FFFE41D1
FFFEB09D
FFFE7C50
FFFF5591
FFFFD13C
FFFF7CC9
FFFF6112
00002D75
FFFF5FB5
FFFFF70E
FFFED5B3
00005684
FFFF86A7
FFFF2A90
FFFFF195
00001912
0000B6FD
0000282B
0000ABD0
FFFF79B7
0000AB50
FFFFD698
00006DD1
000032BD
0000D5DA
FFFE48C2
00007774
00005C2F
0000064D
FFFFFCCA
00005F76
FFFFB0A5
000071DB
0001442B
0000AC9B
FFFFFD1B
FFFFC809
FFFFC47F
00001D9E
FFFECF71
FFFFED41
FFFF58C4
0000633A
FFFFA6B7
00007DF2
00018E77
00003C80
FFFFBFB5
FFFEB5B8
FFFF7290
00012394
0000452B
0001FB60
0000839F
0000AE4E
FFFF1564
FFFFE427
0001ABC0
00007351
00016ED8
FFFE8DC8
FFFF7A95
FFFEC268
000094EC
FFFFE4DD
FFFFC57E
FFFED438
FFFF63CF
FFFF6022
FFFF984B
0001287A
FFFFE110
00008F84
FFFF5C2B
FFFFA946
FFFFD780
FFFFB454
00006181
FFFFCF48
000003CC
FFFE242C
00009E9F
FFFECD42
00002DBA
000056EC
0000DDA1
00022392
000092E4
000182D9
00007AF9
000068EE
FFFF3A5D
000217CC
00014844
0001ADC2
FFFFFD17
00022857
FFFE4067
000097B9
FFFE963B
FFFF3370
00018E19
000020F1
FFFF25A9
00000E30
00009C7F
00012A69
FFFFDDBC
00006415
0000C7F3
FFFF4491
FFFE91E0
00008FB2
FFFE76E4
FFFE29B1
FFFE7922
000123D8
FFFE7D9C
00001BD9
0001B261
000171B4
0001379A
000104D9
FFFE56A5
FFFF99EC
00010DCA
00011508
FFFFC769
FFFFE2D2
00016952
00027E56
0001BFBC
FFFFA4C3
0000EA70
000262A1
0002F18D
00021925
00020A06
FFFF737E
FFFEE4BE
FFFE5771
FFFF6DBE
FFFF7D1F
FFFE2A61
FFFF8E36
FFFDD814
0001281B
FFFCD1B4
000223C2
FFFF8128
00011553
FFFF6650
00007C9C
000123B2
FFFF7874
00017B9F
00028724
FFFDA9CE
0000AD5C
0000050F
FFFEBDE1
FFFDDC4E
0000BCDF
FFFEC401
FFFF7156
0000B07A
FFFFAAAD
FFFDF4C3
FFFEFCBE
0001B1CE
0000FFEA
FFFF7FA9
FFFDC6EA
FFFCF336
FFFE87EB
FFFDEC43
0000735F
0000E62F
000139E9
00009BBF
FFFE3FFF
FFFFC6DC
FFFD79A0
FFFE8075
000236BB
00007CEE
0000817A
FFFF3EFB
FFFF1DDF
0000AC68
0000AD88
FFFFA5BA
FFFEB5FD
00008746
FFFF4C86
FFFF47B9
00012D98
FFFF57F6
FFFE5035
FFFFD09E
FFFEF604
0000E68A
FFFE3DB5
FFFE9336
FFFE736C
00003FD0
FFFF3F39
FFFE11F9
FFFFB484
FFFE0D99
FFFFB77B
00006B82
FFFF637A
0002071B
0000AE44
0000DD7E
FFFFBF7B
0001A2CB
0001BFFD
000095DD
0000D906
0000D44C
FFFE4069
FFFF997D
FFFDE947
FFFF3957
FFFF540B
0001BD8E
FFFE2E67
00012C8E
00016F4E
0002978F
00004BCE
00009393
00007AAD
00041464
000297EF
FFFFB5A0
0001A731
FFFEFC9B
FFFDDF26
0000677F
FFFDD7ED
0000CD6E
0000FED9
FFFDC1BD
FFFEBDB4
000061D1
000266A6
00029C79
FFFE808B
00013C9F
FFFF4D6A
FFFF8A77
0001A0CE
00001CB9
FFFF7822
FFFE5FDC
00011D36
FFFF28F0
FFFEA827
FFFF7FA1
FFFE1C12
FFFF69B8
FFFF0FC3
000217E4
FFFF813D
FFFF7579
FFFEDCF5
FFFF9B38
00019E50
00003717
FFFE9543
FFFE59A3
FFFF5E2A
FFFF5F20
FFFD3BFA
FFFD9E11
FFFF855D
00010741
FFFD4448
FFFE3AE1
000053F3
00001C8E
0001BCEA
FFFEA2DB
FFFFA105
00013B26
FFFF17EC
FFFFE64A
FFFDFD4A
FFFFCC78
000044BE
0001A7B6
FFFE07E5
00004465
0002610A
FFFF81F1
FFFEEBFA
FFFF2F94
0000CC26
0000A400
0001F48F
FFFF900E
FFFDBB4F
FFFEA28E
00018A57
00013B1C
FFFFA4D5
0002C3D9
0000EE0A
00022BB2
0000621A
0002334E
0001406D
FFFFD619
FFFE05D6
FFFF2424
0001CA73
FFFF1082
FFFFDEE0
FFFE324F
FFFEB6D2
FFFD608C
FFFE5020
FFFF13F0
FFFE5DB7
FFFDFC13
0001EA7C
0001DB1A
FFFFCD47
0002B3C4
00027AD3
0000CC0C
0001E273
FFFFD2C5
FFFF0AC2
0000776C
0000A447
00019CE9
0001FA4A
00007AE0
0000EAC6
00019461
FFFFEC41
FFFFF294
FFFE23D7
FFFF113B
FFFE9BE8
000127DA
00016E4A
0001BB9C
FFFF1E12
FFFEFBAE
FFFF6552
FFFF4E9A
0000469E
FFFD5705
0000C701
0000DFD1
FFFDC711
FFFF6EF5
0001A97E
FFFE59AF
00018EF2
0000D5ED
00006266
000178D0
00010C18
FFFE4310
0001028A
00023BE8
0000A0A2
00015ADC
0001651E
00006B77
00003095
FFFFF58D
FFFF898E
FFFE97B3
FFFF3B98
0001EB3D
FFFCF99F
FFFC0FDA
FFFE37A0
0000771A
000041E9
FFFF9C2C
FFFE5105
FFFE6A15
FFFD5986
00009E6C
FFFFCAFA
FFFFC4C4
FFFE5C53
0001D9EE
000058F5
FFFEFF6D
FFFF8462
00013D26
FFFEB978
FFFD3B84
FFFDC214
00009D86
FFFDFB13
FFFD9E73
FFFDE4DA
FFFDF82E
FFFD1380
FFFCCC65
FFFE1C11
FFFDBB85
FFFF64EF
FFFEFE30
FFFE557B
FFFEB50E
FFFF0353
FFFF76DB
0001FB0C
00009997
0000E7AA
FFFEBF84
FFFF71A0
00021D19
00002CF3
00009B7F
000037EA
FFFEE267
FFFEC782
FFFED84D
00012620
FFFFB785
00003374
FFFF625F
FFFFCA27
000199D9
0000B91B
FFFF169B
FFFE16A2
FFFFF941
FFFED60A
FFFE76F8
FFFEDBEB
00006BAF
FFFF1F6E
FFFF091C
FFFF8B06
FFFDC0EB
00003B71
FFFF931A
FFFF6597
000014ED
FFFFC3BC
0000894E
FFFDA2CF
000056AB
000084F1
FFFD8A89
FFFE37A6
FFFDDA1C
FFFE67BC
FFFE62AF
FFFE6F7D
00013C71
FFFEE699
FFFEA7CC
00031862
00004DBE
FFFF9D04
FFFDABFB
FFFFFC30
FFFF601A
00002E05
000144B8
FFFF34C5
FFFD7108
0000CF76
FFFFA298
0001564C
FFFED596
0000C8AB
00011CC3
FFFFDA0B
00007F7E
00008C1F
0000F28A
0002A436
00018B4F
FFFF8045
000170BB
0000F2C2
00032636
000006D5
00007E04
0001F281
FFFFCB37
FFFF29CB
00029AEB
00025F43
FFFE9A52
FFFF7BBD
FFFFD741
000119BE
FFFEF8F1
FFFE90DB
00013415
FFFFAD57
FFFFB6B8
FFFF034B
FFFC8CAE
FFFD5316
FFFDECF6
00002774
FFFEE508
FFFCDAB9
FFFFEF53
00010906
FFFE1A75
0000C0BC
FFFF260E
0001E01A
00002396
FFFDFBFE
000093E9
FFFFD3D5
000120DB
FFFCF1A0
FFFF912F
FFFD4E32
FFFD953F
FFFE4644
00006F92
00015A96
FFFF0491
FFFF00E8
0000E190
0001CF6C
00017C50
FFFEF1A8
FFFF724F
FFFD5757
FFFF9723
FFFEA798
0000DA94
FFFFB515
0001B1EB
0001D573
0000FB74
00000F13
00007407
FFFFFDA1
FFFF1067
0002EFF2
0000548B
FFFF34B5
FFFE9156
FFFFFB4A
FFFF4AE6
00011E38
FFFFC0F7
0001236A
FFFF0CDC
0000665F
FFFFA6C3
0001AC86
FFFFF574
FFFDE6DF
00016820
FFFF2FEF
FFFEA094
FFFF2261
FFFF70FA
FFFF0345
0000624C
FFFDD9A2
FFFE4960
00005229
FFFF4688
FFFD6EF4
FFFD07AA
0001C05A
0001A3F4
0001ADB3
FFFC9273
FFFDEB3E
00009192
000179B6
00030F54
00022410
0000C4B9
FFFF0A7B
00012131
FFFEDF37
00013DFB
FFFE86E2
00009703
00000DC7
00002435
FFFFB05B
0000443F
FFFE4E98
FFFD8CC6
0000B446
000028C8
00005388
000004A7
FFFF4560
00013CF0
FFFF174E
FFFFA036
FFFD5108
FFFFB10A
FFFE5CBD
0001D98B
000144E4
FFFFF718
FFFD0BED
FFFFD8C2
0000BECB
FFFFDB40
000095BF
FFFE7581
FFFD5600
FFFE3D0D
FFFFAE7C
FFFFB0B7
0000F6C6
FFFF87EC
00032633
00025FF2
FFFFC76E
FFFDDBB2
FFFFAC54
000102E1
00017975
00001508
FFFDFD76
FFFDA27E
000003A6
FFFFB9CE
0001B2EB
FFFE1295
FFFEFF96
FFFC84E5
FFFEB3DA
FFFE3616
FFFF6CC4
FFFC3CF0
FFFD084E
FFFF7F48
FFFFC9E8
FFFE8B5A
FFFEF842
FFFFE9C0
FFFF9F6B
FFFDC169
FFFF01F3
FFFE237A
000025DE
FFFFA794
FFFDF7E6
FFFFFAB8
FFFE4D16
FFFE42A6
FFFF02B9
FFFF94CC
000000F5
000078DA
FFFF5B92
FFFD9ED2
000190C2
00006DC8
0001040D
FFFDE748
00008D7C
00009DFB
00009419
FFFD6F2E
FFFFC63A
00006807
00025D92
00019C0A
FFFF73AF
FFFEA932
FFFFA3F2
FFFEA742
FFFE44CC
FFFEF735
000074CF
0000B21F
00007EE0
FFFE4FD9
00014869
FFFEF6B2
FFFF2E5D
FFFCF2EE
FFFFC2C7
FFFF5F6D
000096E9
FFFFE36F
FFFF434A
FFFE5E4B
0001EC31
FFFE9666
FFFEB555
000058C3
FFFF31CD
0000FFE1
0000870E
FFFFA0DC
0001DD32
FFFF1EF4
00009AB0
00006747
0000365B
FFFF6B8B
FFFEDD37
FFFEC5FE
FFFE5824
FFFD84EB
FFFF86DE
FFFC2CC1
FFFD060E
FFFBFD48
0001ABF9
00002EFF
FFFEDCE1
000077AD
00007041
0000CAF2
FFFF267B
00018223
FFFFA096
FFFE7D51
FFFC7FDF
FFFEA804
FFFF88A0
000051BC
FFFF2492
FFFFB965
0000CB92
000118B4
00004268
0000A5A3
00001ADA
FFFDF3A7
FFFD64FF
FFFF440F
00019CAD
00008929
00019CB7
0000CC7C
0001D555
000108C1
00000866
FFFF1700
FFFDE970
0000C4CE
FFFF74A3
00001842
000219E5
FFFE4015
FFFFE7DE
0001D020
FFFE9C2B
FFFF1124
FFFFF144
000107AA
FFFFE71E
FFFEB7F8
FFFFC043
FFFE841C
FFFECDA1
FFFEE632
0000EFD8
FFFFB9EE
FFFFAD28
FFFDE707
FFFF692A
0001261F
0000328E
0000FD6F
FFFD6D76
FFFDBB23
00008E96
FFFD9777
FFFF9C1E
000125D8
FFFFEC5F
000090FC
FFFFDBA1
FFFF6392
0001103F
0000DAB8
FFFF8259
00011A8F
0000B0D2
FFFD42CF
FFFFA333
00006A49
00008657
FFFE715D
FFFCA850
FFFF002F
FFFCC017
FFFFB747
FFFFFF6F
0000346A
FFFF6B87
0001237D
000022A5
FFFEBDA1
00001D7C
00007769
FFFE871B
00010732
FFFE2F93
FFFDBAF8
FFFF01B9
FFFDD0D1
FFFE6E70
FFFF05CC
FFFFA449
00004A01
00009473
000155F6
0001671F
0000303C
000174B2
000068D5
FFFEDC28
FFFEE35D
00017387
00028EA2
0001CB9E
00003DC9
000140FD
000212DF
00009705
0000E75F
00018111
FFFF81C4
FFFE847C
00005A17
FFFE7CE6
FFFFC981
0000B5A9
FFFDFDDE
000002BB
FFFE80D5
FFFF7A8D
FFFF919F
FFFEF264
FFFEE79A
FFFE59BC
00008D34
00010B78
0000397C
FFFF5ED2
FFFED590
000203C4
00023336
FFFF6A84
00021588
0000450A
FFFF9528
0001802E
00009704
FFFF575D
00024261
0001F9FA
0001E582
0001529D
00022B1A
FFFEFC5B
0000C67D
000053CE
00019951
FFFF1D07
0000362D
000277A0
0000C615
00005A08
FFFF1A6F
000168FB
00004105
FFFF7BA7
0000D719
0001E9F8
000007CD
0001297B
0000FEB0
FFFF1341
FFFECCC3
0000FE3C
000129E1
FFFCE7C2
FFFE5F8F
FFFEE90C
00026A22
00010F89
0000812A
FFFE73CE
FFFEFA1B
0001D39A
00004BF6
0002E158
0001599F
0000B74B
FFFF51DF
0000DF1C
00022D09
00027E25
0001AC4C
FFFFF67B
0001A781
0000053E
0000C577
0001A73B
FFFE7827
000072F5
FFFFF0AE
0000F527
FFFEB250
FFFDE95C
0003522D
0001CE95
0001C87F
FFFE6253
0000B083
FFFED7B1
FFFF7D77
00000773
FFFF7863
000005BB
FFFF7D14
FFFFAB6A
FFFE1CFB
FFFE9E0B
FFFF6DCC
00021474
FFFFC915
000294E5
0000A787
FFFFDD7A
FFFF9A90
FFFF868C
FFFEE7A8
FFFF8B0C
0000E258
FFFEFB40
0000387D
00001496
0002968D
00009C34
00001960
FFFF7B8E
FFFF7275
0001CE4E
FFFEA184
0000C9A1
0001D566
000056B2
FFFDFB37
FFFF37F2
0000D6EA
FFFE6ED8
FFFD1836
0000A881
0000CB55
00006566
FFFE5C9B
FFFDF5ED
FFFE781A
FFFFDFAE
FFFF4351
FFFE57FE
00003B19
FFFFDC77
00001FFC
00005806
000003DC
00014457
00018A7B
0001EC4D
FFFD5222
FFFE154E
FFFE6336
FFFD21DB
000110C1
FFFEA73C
FFFF25A1
FFFEED6F
FFFFB0D4
0000B953
0001538C
0000E589
00028C15
00032F19
00022D48
FFFFBCBC
FFFFC1E7
FFFEA214
FFFE7A19
FFFF3B77
00000C08
0001209B
FFFEA3F3
00009255
FFFEA703
FFFCE8D5
FFFCBD1C
FFFF2A6E
00023B8A
0000B044
FFFD1A13
FFFFD511
0000846F
0000E4D0
0000D4B9
FFFEF158
FFFDA50E
FFFDB274
FFFF7B0A
0000BF85
FFFFDFBA
000078A3
FFFD7388
0000287C
FFFF5B62
000117FB
0001832D
00000E74
0000098F
0001727D
0000EF13
000251AA
0000FCB7
0001CADF
0000A897
0000505A
FFFF3E22
FFFE80A2
FFFEC879
00004157
FFFE56B2
FFFE8316
0000A824
FFFF7542
FFFFB5ED
0001711E
00011DFF
000160DA
00013C06
000261E6
0000C966
000169D5
000281C3
000342EF
0002D014
FFFFE08F
FFFE78F3
FFFFD1C0
00015D9B
0002F52B
FFFEF6A5
00021ED7
0000CD06
00024153
FFFFE5C3
00019159
000048EB
0000706D
0001FC82
FFFEE67A
FFFF9462
0001ABD7
00022259
0003684A
0001FDDC
FFFF9D28
0001B41B
00003EA5
FFFF6DDC
FFFF10D2
FFFD81BE
FFFE5350
FFFE372C
FFFFF7BF
00012F1A
FFFF0D53
000058AB
0000AB65
0002EF7F
FFFFCEF6
FFFDCFD3
FFFF8ECD
00002B11
FFFFAD89
00008293
00003168
0001BBF8
FFFDA77A
FFFC705E
FFFE96E6
0000777C
FFFF5362
FFFFA2D6
FFFF447C
00009B9E
FFFE14E9
0001077B
000274BB
FFFFBB0C
FFFF3942
00020D34
FFFF5F6D
FFFF6C0E
00010DCF
00027DD0
FFFEBEDE
FFFF539F
0000F0C4
FFFEEAC6
00016BE3
000091B8
FFFEE936
FFFF548E
00003DF3
FFFEA8B5
FFFE9569
FFFFE33E
00014CF1
00001235
00014829
000115F2
FFFFF115
000060C3
FFFE7410
FFFF4D3D
FFFF0005
FFFFC7BB
0000BD31
FFFF614F
FFFEED10
FFFDEE07
FFFF795C
0001B5DD
0000F529
FFFE7E17
FFFF3A08
FFFE1D7C
FFFF5835
000073BA
FFFE9FC8
FFFF475C
FFFF4AB8
FFFD8822
FFFE5A6B
00014DE2
000096B3
0001579D
0000AD51
FFFEFEA7
FFFDAFF2
00021758
000011FC
0001278A
0000A6F6
FFFF0888
FFFFE567
FFFFE672
0000BAB0
FFFF444A
FFFFB1EB
FFFD1891
FFFFEE18
FFFFC7BD
FFFFF01C
000076F0
FFFFF22D
FFFE753F
00005840
0002291A
0000577D
0001970C
FFFEDB66
FFFE3946
000198AE
000122EE
FFFF273D
FFFE61B6
000216B9
0001822A
FFFD6F01
FFFFBF0A
FFFE0961
FFFE7346
FFFEEA83
0000D79C
FFFF2558
FFFFF120
FFFF7B28
FFFF7303
00011E6E
FFFF6416
0000D878
0000FD79
0001E44E
0000414C
00012312
0000C3C2
FFFF53B4
00017D93
0002B6F9
00010DBA
FFFEFAB0
00024078
00029B23
00011C8D
FFFFE098
0000AFD3
FFFFC665
00013FFD
0000D637
FFFDFEBA
0000273D
0000253D
00014778
0000CFD4
0001264B
0000EB64
00009B9D
0001A6CE
FFFFE5C8
000041CA
000051AD
FFFF198E
FFFED2F4
000012A2
FFFF2BCA
FFFFEB73
FFFDE53E
0001771B
00007180
00001C76
0000D955
FFFFC8A0
FFFF96D0
FFFF6739
00015B5E
FFFEE39D
00003262
FFFEE172
0001AB42
FFFF0535
0001A7A4
FFFF0D8B
0001AC0B
00006410
00019A24
00009F04
00011C8C
0000AF3B
00003B67
0000F119
0000ECE7
00016F04
00002AC8
000136DC
00003408
0002467C
00014BE4
0000F4EE
0000782D
FFFFDEE4
00010F1F
0001992A
0000B3BB
0000846F
FFFFE7C6
FFFFA8A4
FFFEE30B
00002EAF
FFFF40AD
0000AD5D
00018C20
0001EF84
00013A01
0000E951
FFFE260B
FFFE2FE7
FFFFECE9
00000458
FFFF239D
0000734E
0000B815
FFFF9816
FFFE08DC
FFFF8586
FFFE9FD9
FFFFA495
0001F53C
000082F6
FFFE3026
FFFE1990
000040C6
FFFFB24C
FFFF387A
00017D94
00009E33
00017809
00002483
FFFEDA4F
FFFF7C8B
0000108E
0000F9FE
0000A0D2
0000F7B8
FFFE1A61
0000C3F3
00014774
0000E0FA
0001D664
0000FDF2
FFFE4139
FFFECBFF
FFFF1C59
FFFEB79A
FFFF2E28
00004318
000093D2
FFFE8A19
FFFDFCDD
FFFE0240
FFFFE3A7
00008170
00010E3D
000189F4
00001353
FFFF9C3E
FFFDCFC5
FFFE4106
0001A9CC
FFFF5AFE
FFFEF1B6
FFFFFE24
FFFF005E
0000B9F2
0000F8F0
FFFE7159
00000818
FFFFD25B
FFFFCF66
FFFFBD93
FFFE88E0
FFFE1828
FFFE7C92
FFFEA463
FFFECA78
FFFE013B
FFFF63B7
FFFF6AFD
00003E1E
000029F3
FFFFFE9F
FFFFDE76
0000D2D1
000035B7
FFFFD3F9
FFFF6E65
0000FD96
FFFF2866
FFFF0841
FFFD892A
FFFEC9F3
FFFE449C
FFFEEB0F
FFFF744A
FFFF4FE3
FFFF0DCC
FFFF9357
00004AB0
0001EDD7
FFFF8A99
00012DAD
FFFEB335
0000E55A
00004FD7
FFFF3286
FFFE38DE
FFFF250F
FFFFC0BC
000111D3
FFFF5F55
FFFFBFEF
000019B3
FFFF0B81
FFFE8DDB
FFFF9A4D
000040BA
00015D4C
000008DB
00011CED
FFFF29D7
FFFF016D
0000FBC0
0001B9C4
FFFDD81E
FFFFE7F5
FFFEA229
FFFD8C03
FFFEC343
FFFF956A
FFFF13BD
FFFD7824
FFFF557B
FFFE778B
FFFEFA43
00010718
FFFFDE3F
FFFEB5F2
FFFDCFA1
00009792
FFFED609
FFFDAD00
00014B79
0000C774
00018A08
FFFE53FF
FFFED532
FFFE2EA8
0000115B
FFFFA59F
FFFFE87D
FFFD78E7
FFFF78E7
FFFDCA09
FFFDE2B2
FFFD45C7
FFFEDACC
FFFE2853
FFFE42D2
FFFCEF54
FFFE711D
00005FE5
00002DCE
00017F7B
00014B9D
00002F29
00019ACA
FFFF1184
00001B80
FFFE6B86
0000963C
000062AB
FFFED83F
00015439
FFFF4B27
FFFF86DF
00002A55
FFFFEEA9
00017D95
FFFFFF17
0000D081
0000F6C1
00012843
0000D87D
0001261C
00021849
00008C66
FFFF2C1C
FFFE54A9
FFFF812C
FFFF7F7B
00000BF1
FFFEB363
0001A4B2
0001CAB9
FFFFC9EC
FFFFD914
FFFF83F1
FFFEDE78
FFFFE558
00002C5C
FFFFFB91
FFFE5285
000036CA
FFFF98C3
00017F71
FFFF7772
0001CE2D
000065D6
00011785
0000BDB2
000001FF
00011272
00015AC4
FFFFB962
FFFECE10
0000BF57
FFFDDF6D
FFFDDF77
FFFDFF24
FFFF6BA7
FFFF895A
00002170
FFFEA633
00007518
00008B72
000056BD
00003C4B
00011B3D
FFFF9342
FFFED188
FFFF991B
FFFF5843
FFFFE207
0000339C
00019760
0002638D
0000AC3F
00001B4F
FFFEB6C5
00004FFA
0001BF37
000208C5
000249E9
00000617
FFFF933D
00011E24
0000BA8B
00009D04
00021A2C
000072A3
0000665C
FFFFCA53
FFFF7FB7
00001E9C
FFFF610A
FFFF665D
FFFEDBAE
FFFF0BF0
00032713
00014C26
00009E88
00001D93
FFFFC4BE
0000AF23
00017FE2
FFFEF3F3
FFFFE59D
00000C0A
000031FD
0000E559
00009F8D
FFFE59C0
FFFF96F0
FFFE10EA
000126DC
FFFF9FB9
FFFEE2FF
0000CEBA
FFFFB9FD
000170E5
FFFFA954
0001CA07
FFFFE6EB
FFFE7CB3
00008B0D
FFFF69E2
00004330
0001ADB1
FFFFAFDE
FFFE6AA8
000009FC
FFFDD781
FFFE8BEB
FFFFF4D0
0000852E
0000D852
FFFFFFEC
FFFE8C6C
FFFFC461
FFFDC390
0000FD4C
FFFEFCF2
FFFF775E
FFFF5AAE
FFFF385C
FFFF3E4D
FFFFFC05
00000A9D
00023D04
00007EED
FFFFF7AE
0000C619
00010E97
0000F132
FFFF1EA0
FFFFA63C
FFFF02FF
FFFED0D5
FFFFDA29
0000009F
FFFFC41F
FFFF1482
000155EB
0001337C
FFFF1605
0001571E
FFFFF312
00004833
00001567
00028DAB
0000679B
000137B2
00005D6E
FFFFD72D
000137A1
000120B9
FFFDF2CA
FFFEFFC0
FFFF67FF
00008F29
FFFF4B98
00009F85
00015F2F
FFFF70A1
000102DD
0001A90C
FFFFBA7F
FFFF8B0D
FFFFFC13
00007153
FFFFC7AC
FFFFCEA8
0001D47F
FFFF67C6
FFFE1998
FFFF3FD8
FFFF84C1
FFFF4BF8
00006231
00008900
0000EBFB
00018C53
0000C1B5
FFFF9A48
00005992
FFFF43EB
00002CF6
FFFFE669
FFFF1E3F
0001059F
FFFE8620
00010DD7
FFFFD0E1
FFFF133A
FFFE4A82
00010EE9
0000F295
0000FF2D
00006657
FFFFFB14
FFFF1C51
0000E1E8
FFFFBF11
FFFE6C48
FFFE9E98
FFFFA54A
0001909E
FFFFF597
000185D1
FFFF1DE8
0000A3A9
0001AF53
00016F57
FFFF4130
0001DD33
0001A77B
0000458C
FFFEC08F
000050A5
FFFFC35F
00001F04
FFFF7F5E
0000A616
FFFE7144
FFFF734F
00010309
000014AF
FFFFC28A
0000E44F
00010894
FFFF18CE
0001D5A1
00006DD7
FFFF2394
0001338E
0001BFF1
0000F179
0000BCDD
FFFFE463
FFFE7294
0000AB58
FFFEB151
FFFF3654
00012FAD
0000A4DC
00012A40
FFFFD879
FFFFBC45
0000E4F4
FFFF8CEA
000022C1
FFFDEBC8
FFFEF8F6
0001D234
000021C8
0000A449
FFFFA4D5
00022B50
FFFFA5E4
FFFF0FC7
FFFD2B85
FFFE68E4
FFFE2409
FFFF9BF5
FFFEF528
FFFE2F31
FFFDD2FC
FFFEB663
000028DA
00008F9B
00014D0E
000059AA
FFFF2D53
000159F6
00005DC2
0000B667
00016773
FFFFEB26
000007B1
0001CF59
FFFFE85F
FFFF6E53
FFFE9DCE
FFFFBFD8
00003665
00015CB6
0000B12B
FFFE9CC5
FFFECF27
FFFFB28B
0001303B
0000B794
FFFFE01F
FFFFB487
FFFFB2D7
FFFF72E7
FFFE8C9E
00005AD4
0001CB71
FFFFC838
000055EF
FFFF30CE
00006C72
FFFD79F1
FFFFADB0
FFFE6142
FFFE7C08
0000DA2B
FFFF7E59
FFFDED5A
FFFE2FF8
FFFEF9C6
000121EC
0000B35C
00002CC6
FFFF520F
FFFFFB40
000179E6
FFFF9753
FFFEEEDB
FFFE463F
FFFFAD4F
00012DCA
0001889B
FFFE4BEF
FFFF8335
FFFFE3C5
00017BA8
00015BC8
0000890E
FFFF0B68
FFFECD26
FFFE7ADF
FFFF21AD
FFFEA3F5
000034DC
FFFD99C8
FFFFC51D
FFFF5171
00016A98
0001F8B5
00001D4E
FFFF18CA
0002961A
00014CFF
00002A91
0000F45E
00014B58
00001E7F
00009750
00009D72
FFFF1A86
FFFD614C
FFFE7427
FFFE5386
0000C3EC
FFFEF6C4
FFFD4407
FFFED37F
FFFE1D60
00017977
FFFEEF33
00000FA5
FFFF2A18
FFFC3B9C
FFFEE92C
0000E638
00008856
00009697
FFFEE3F7
000014C3
FFFDF30D
FFFF22C3
00011D7A
FFFF8887
FFFD2206
00005026
FFFF9B02
0000A31F
000322E4
FFFEEDAA
FFFF539C
00009EC1
0001073B
FFFDF3B8
FFFDDA59
FFFDB312
FFFD9EC7
FFFE7BC6
0000F8C6
FFFC69AC
FFFD4013
00015CCB
000003B4
0002320D
FFFEB31D
0002EAF7
000077D4
00008E0B
00007289
FFFE61D5
FFFD3039
FFFD5CAC
FFFDB2C4
FFFF138F
FFFE97E0
FFFEFC49
FFFF44A2
FFFEB153
FFFF377F
FFFF3605
FFFFB54F
FFFF2E36
FFFED364
FFFF5ED9
FFFDD608
0000616D
00009FD2
0000D3C9
FFFF3450
FFFFB310
FFFFA66A
FFFF14D4
000103F0
FFFE27E2
0000CEFA
0000284C
0000CA27
00016AF1
00005EE6
00014383
FFFF796D
FFFE2CA5
FFFF2149
00028220
000059BD
FFFEBD0E
FFFFCACE
000229B2
0001621B
FFFE2C2E
FFFF1F3C
0000AAD2
FFFF9C66
00023F19
000143DA
00014726
00009E4F
FFFF3A95
FFFEF4EB
FFFE2103
FFFE7583
FFFF5822
FFFDF736
00011AC0
00002A90
00005C78
FFFE191A
FFFFDBF9
FFFF5955
FFFD643A
FFFEBDEE
00014DFC
FFFEA3BB
FFFE848C
FFFDE7D6
FFFEEEF0
FFFD16CE
FFFCF49F
FFFD2814
FFFDD56D
FFFF6568
000079D2
00011DC6
0000AD46
FFFFC2DC
0000BCFB
FFFD9F71
00019D97
0000A795
FFFE524B
0001096C
FFFEC760
0001175A
FFFDE2AF
0001CA28
FFFE9F59
FFFFB793
000054DB
FFFFC885
0000317D
0001892D
FFFEFCCE
FFFE1473
0001F082
0000B56F
FFFDEDE2
0002129F
FFFEBD61
FFFFDB03
0000F463
FFFDE7A3
FFFEDCB0
FFFF2E24
FFFE3C7C
00010B07
00005750
00000856
FFFF9CEA
FFFFC0C0
FFFFB5C3
000162BB
00018852
00015F88
00004E98
0000D0CF
0001AD1A
0001C57D
0001A6F2
00020118
00008B8E
00032C21
00012154
000115E1
FFFFDDCF
00028526
00039446
0002E4F6
0000A2C7
0000C781
00014B99
FFFE94D4
FFFD91F0
00002D67
00006132
00008212
FFFF0D2F
FFFFE436
00007D25
FFFEBF8B
FFFE0E5F
000061C7
FFFF1C2D
000069A1
00015C8B
FFFDC0B8
00019A13
00005A34
FFFF0292
0001B0D9
FFFF1E62
00014496
FFFF36E6
FFFEC603
FFFE8A30
00021A15
0000C0AC
FFFF5D27
0000D558
FFFEF729
0001C2B3
00029F94
000258EA
0000ED49
FFFF39EE
FFFE5D18
FFFEDA82
00000EA8
FFFDF601
FFFFFAB8
000117D3
00006FD0
0003407B
00006824
FFFF0E02
FFFF8171
00000B13
00000FE3
FFFF6DCF
FFFFDDB4
000081A3
00022ADA
000048A5
FFFFE8A9
0001A813
FFFE5322
FFFFE12D
000017C7
00022E95
000233F9
0001E695
00022D09
0001FAD9
FFFF9C4F
00003868
FFFEFA27
000288B1
FFFFD037
FFFE4653
FFFD2E3A
FFFE0421
00000099
00003A82
FFFF7CF7
0000CD84
00009217
FFFEF293
00021C3D
0000593C
FFFE8772
FFFDE7CB
0000F52A
FFFF76F9
FFFF0300
FFFD9D09
000009A5
00021D08
00008CED
FFFE9BEF
0000632E
0000F3C9
0000BA09
0000026D
FFFF1220
00002BAC
FFFF78F9
FFFF305C
00025BF0
FFFF0A0F
0001AE0A
0000DE62
00013293
00021998
00015A49
FFFEBCF9
0001D713
FFFFBC38
FFFED07A
00000083
00006D24
FFFDD358
00002448
00035F1D
00031E9F
00002DE6
FFFF8A59
FFFF0BFB
000213B4
000043D9
FFFDB4F7
FFFE731E
0000515C
FFFE394A
0001226F
FFFFAE3E
0001CD25
FFFFCAAE
00004D38
00014645
0001B30B
00017423
FFFFBDF4
0000F839
0001C844
FFFEF4B6
FFFF2C55
FFFFFFA3
FFFEFF6D
00012842
0002C70F
00019A33
000068DC
FFFFFDA6
0000BAC9
00013962
000016FC
FFFEFF4D
00017926
000010B2
0001EF10
FFFF760E
000194C7
00014871
FFFE96DB
0000247C
FFFF5AA6
FFFF1228
00013AD6
FFFE40F7
0001BE9B
FFFE5479
0001915B
00020936
FFFF27D9
FFFE54BF
FFFFF886
FFFE367A
000140DB
FFFFBB92
00017C0D
0000E6F9
FFFF029D
00002943
0000A15E
00013BB1
0000A5ED
FFFED71C
FFFE7F7E
0001BE1E
FFFFC0AD
FFFEA9F3
000315CA
0000C4DD
000264E1
00013F0D
0000F256
FFFE746E
FFFFB065
FFFF0989
FFFFC58C
FFFE61C3
FFFCE816
000047C3
FFFFC78C
00014545
FFFF4D0B
0000512F
FFFEC0E1
00016CF1
0001C329
FFFF4CF1
00022538
FFFF7590
FFFDA648
FFFFA59B
FFFF925A
00015C31
FFFFCB28
00019799
00001E6C
0001F78A
00010B9E
0000AD76
00022051
0000B5F0
FFFEDA47
0001961E
0001B6CA
0001F4E2
0001AFCC
0000B0F3
FFFEDD0D
0000153C
FFFFE5C0
FFFF1DAC
FFFFCD4F
00001E5F
00023713
0001C778
FFFEE16A
FFFF130B
FFFE5CDA
FFFE4722
0000B1CD
0001A48F
FFFEE4E7
FFFFDDAB
FFFFFB1C
000021FB
FFFEF8DB
FFFD503D
FFFDCA3A
FFFD3E23
FFFDAFA6
FFFCAC5D
FFFF542E
FFFDCDA2
FFFF5BE7
000120AA
FFFEC827
0000AB0C
FFFEB67A
FFFE8C66
000066CC
0000475B
FFFFE1D5
FFFE6B59
0002545F
FFFF933D
0001709B
00005922
000268CD
FFFEB0C3
000059E1
FFFDEA81
000224EC
0001F01A
00016882
0001927C
00019BFD
FFFFB063
00010FFA
FFFFEDC5
00027095
0001FA54
FFFFCEEC
FFFFB090
000049FE
000055AC
FFFF0D75
0001425F
00021CE2
000066AD
00014E8B
FFFEC1CC
FFFD923D
0000AF6D
FFFD33A1
FFFDBD06
FFFF235E
000014D7
FFFF502D
FFFE63C7
0000A2B3
00002EBC
0001B32D
00036D6D
000077EF
FFFEC394
000254FC
FFFFE794
0000C939
00006DBD
000001D8
00014912
000116A5
00003959
FFFEDC47
00017A9E
00006FC1
FFFFFAF6
FFFCEB82
FFFF4981
FFFE9675
FFFF1BDB
000235F7
FFFE76F3
0000FF17
FFFEEC9D
0000C6A0
00028720
0000393B
FFFCC7E9
FFFC8EC9
FFFF91DF
FFFF6A5B
00010FB6
FFFF2D66
FFFE83A3
0000E096
0001197B
00031239
00015813
FFFF3CD4
00009311
FFFF3B70
000020F8
FFFFE2BD
00010D42
FFFDD28D
FFFD3BC6
000025A9
FFFE0FF8
0000E775
00001121
FFFFDE91
FFFE3C29
00019A42
0001EF51
0000B9AA
0000EA21
FFFE7D49
FFFE73FA
FFFFD84D
0000E7C7
FFFE54A8
00007691
FFFEAA48
0003E9D2
0001EE01
00007327
000196F1
FFFF843F
0000B61A
0000E944
0000B6C9
00010AC7
00006933
00011BE6
00001E23
FFFF8AC0
FFFEDA6E
0000F700
0000BFDF
0003EB1D
000365D5
FFFDFE59
FFFFFCD9
FFFE2CFF
0000A6AC
FFFF3DAA
FFFED6D4
FFFFEC38
FFFEAE71
000033E6
FFFFCD6A
00008693
0001E6E8
000056F3
00019539
FFFFAC90
0001FE99
00026639
00007DFA
00006EE0
FFFFF7B8
FFFF2296
0000B5CC
0000B1D3
00012836
00017951
FFFFEE3C
FFFFDD84
FFFE9F21
0000B8E2
0000AAE4
0000F4E5
000058F7
FFFE2F07
000049CB
00004FC3
0000B977
FFFFF54A
FFFF837F
000232F0
FFFEE786
FFFF59A7
FFFFD891
000085BB
FFFF464A
FFFFEAF6
FFFE4F49
FFFEB339
00008739
FFFE8257
FFFF4765
FFFEC1A8
FFFFC5D5
FFFEECCD
FFFF7E04
FFFF4A3F
FFFE2565
FFFF8DF9
FFFEE003
FFFF53D0
FFFEED2A
FFFE380D
FFFE9A6E
FFFF8130
0001DD06
00014DCB
00010EEE
00016943
00012022
FFFE3EAA
FFFFADFE
00015B87
FFFFFDB9
0000450B
FFFE5350
FFFE664A
0000C79A
FFFFEC35
FFFD0F80
0000452B
FFFF9DB8
FFFE22FA
FFFFEE3E
00003CB8
0000A983
FFFE6541
FFFE1F2A
00005614
FFFF58AE
00007B58
00006411
00003FF1
FFFF00E9
FFFFAF61
FFFEC1B6
0000465A
FFFF28C8
FFFF7771
FFFF054F
FFFE87AB
0000F48A
FFFF856E
FFFF4769
0000E20A
FFFF057C
FFFE0FA9
FFFD2781
FFFEED49
0000EA63
FFFE74AF
FFFFE33B
FFFE6520
000111AF
FFFDA3CF
FFFF0E47
FFFF2B81
FFFFAD9B
FFFD9D40
0000DFA0
FFFFB6E6
FFFEC668
00007533
FFFFF51D
FFFF97B4
00019B77
FFFECFFE
00013713
00004868
FFFFDF90
FFFF9B9B
00004FDE
FFFDB9B7
FFFFD8E8
0000CE8A
00005C94
FFFFFB4E
0000961E
FFFDB185
00007DC6
00000A0C
FFFE7DCD
FFFF6962
FFFF4FF5
FFFF5B26
FFFF373F
00001572
00009CC4
FFFF3358
FFFE1B03
FFFF2051
FFFF5043
0001335D
FFFE54B7
FFFE7633
FFFF98AA
00003FA6
FFFF0087
FFFE0DE4
FFFEC89B
0000035E
000129BE
FFFF7E95
FFFF3693
FFFF556C
00019E53
0000C79A
FFFEF4F3
000033B6
00017C90
00004263
00019C1F
00015DF4
FFFF58EA
000169B4
FFFEE9F0
FFFF61C2
00006D88
FFFF6730
FFFF695B
FFFF0122
00018AAA
FFFF5C88
000222E3
0000957A
FFFE5134
FFFEDED5
00000D51
FFFFF9A2
0000A0A1
0000B943
00016655
000024FA
0000D48E
FFFF3906
00003EBE
FFFEA278
0001610E
0000A5EF
FFFFE739
FFFF2060
0000AE55
000079E4
000063E1
0001056E
0001243E
FFFF382C
FFFF0693
FFFEED66
FFFD700E
FFFEF386
FFFE1BF0
FFFD3C75
FFFF052D
FFFEBFB5
FFFDA754
FFFFC2AE
FFFDC0A7
FFFEFD3B
FFFE9A73
FFFE4DED
000152EB
FFFF99E8
00001FEE
00005C6C
FFFFFAB3
FFFE36BC
FFFEFB8B
00001BFA
FFFFCEA3
00008FBE
0001FF55
00021685
000160D7
FFFFAA6E
00007651
FFFFEC67
00003D93
00001C3E
FFFF1093
FFFE712E
FFFF4E0C
0001AA47
00005F34
0000B220
FFFF74A8
00016C48
0002AB74
0000CBE9
00012452
FFFF0ECB
0000D7EF
00025F05
00015A7A
FFFE2368
000050F4
FFFF8346
FFFEA7A9
00008676
000111AE
00013FC3
FFFED4E3
0000AB70
FFFEEC04
00014B6F
FFFED983
0001F387
0002A646
0001AF37
FFFE5F6A
FFFFB69E
0000C2CF
000099D3
0000DCD8
00013192
FFFFA52D
FFFFE00D
00006C03
0000D6AD
0000E577
FFFF4B39
00010F7B
0000D726
FFFE0895
FFFF3F06
FFFE0B6F
FFFEA261
000126F8
FFFF3EB8
FFFD9FC5
FFFEFEC8
0000EA73
FFFFC944
FFFEB21E
FFFED5BC
0000A66C
00009950
FFFE82BF
FFFE8F3B
00019A64
00007E5B
0001837D
0000CDEA
00018DE2
00001052
0001C09D
00007F13
00012B95
000035E8
000214C4
000159FA
000171C9
00017D65
000105A8
0000A0FB
0000EB73
0000BA2E
FFFF8E53
FFFE6400
FFFD5D22
FFFF7148
0000D148
000121CA
FFFE214E
FFFE8B74
FFFDBC68
0000578B
FFFFD6CC
FFFFEE30
000061B2
00016C5A
00005536
00007650
00006A96
000183B1
00007510
000100FB
FFFE90A5
FFFE9CE7
FFFF9831
FFFF09E0
00014238
00018EB7
FFFF5009
FFFE23B7
FFFEFDCB
FFFE5E40
00000D8E
FFFFB611
00016BB1
FFFF877A
0000857C
0000627B
FFFED0B3
FFFF707B
FFFEB5A1
0001BD34
FFFF91A7
000075B4
000135FD
FFFDFCAB
FFFEF456
000033CB
0000B357
FFFF46B7
FFFF4377
FFFE340B
0000F484
FFFF3D13
000162FE
00013125
FFFFCD7A
FFFEB0C4
FFFE7358
FFFF53FF
0001859A
00007722
000185A6
00012A6A
000069FD
00001DCD
FFFE235F
FFFFB6F2
FFFFAE17
FFFF5900
FFFF2E49
000051C2
00011CCE
FFFEE88D
0000BAEE
00010206
FFFF60E2
FFFED428
FFFE0854
FFFEB10D
FFFF8BE6
00014D90
FFFFB982
00006A76
FFFEC42B
00001DFF
FFFF4FDB
00004454
0000FCC5
000069B5
FFFE08E1
FFFFA816
0000426F
FFFF2535
FFFFF86D
0000897F
FFFE0333
FFFF298D
00000ACA
0000DFC4
00017F27
FFFF4179
FFFF916F
00002B03
FFFFF360
FFFF8544
00001B39
0001284E
0001A60E
FFFFF959
0000C6D4
00003B3E
0000CEFB
00004BAD
0000CA90
00020C11
FFFFC0DD
00002FEF
00003379
0000E13E
000106A4
FFFF5CDE
FFFF1E98
00012ECF
FFFF3D2C
FFFEDE04
FFFEA78F
0000FC9F
FFFE9FE4
FFFF4C41
FFFEA9AB
FFFF3E49
00001CDF
FFFFA638
FFFFFAE9
00009130
FFFF2F06
FFFEE7A6
0000ECC4
00012659
000142FB
FFFF0028
0000B3FA
0000992E
0001A050
000050E6
00003BDF
FFFEFBFE
FFFE2631
FFFFF7A3
FFFFA55E
0000AFD0
0000D5BE
FFFFD74F
00015EDB
00015A87
FFFF3DC4
00010B94
FFFFF8E5
000059EC
FFFF848D
FFFEFF37
000024E9
0000980B
FFFF637A
FFFEB96E
FFFDA042
FFFF6939
FFFF20BC
FFFFC99D
FFFE6C2C
0000A45F
0001B23D
FFFE789D
000053C9
FFFEE740
00009261
FFFFA47F
FFFF74EE
FFFE3E03
000080C0
FFFF8F72
FFFF7032
FFFDF41D
FFFFC583
0001FDB5
FFFFD1CE
0000916F
FFFEAD46
FFFF91D5
000015E0
FFFFFBFA
000014D3
FFFF2AA3
00009D25
00010F95
FFFFA25F
FFFE86A4
FFFFCAF6
00002975
FFFEC4BF
0001667F
000144B0
FFFFCBE2
FFFE1CDE
FFFE5A92
0001A02B
00028C68
00013858
FFFF581B
FFFEFDA9
FFFF7175
FFFFD3FF
FFFE754E
000053C3
FFFDFAB1
FFFE2157
000020E1
FFFF120B
FFFF49FD
FFFF7590
FFFEDB5E
0000B704
0002A590
FFFF2287
00000B14
00008522
FFFEFBCD
FFFF1D84
0001019D
FFFFEF41
FFFD7ACD
FFFF9CDF
FFFF090F
FFFE876B
FFFEA25A
FFFF95C7
000053AE
FFFD992E
0000FD5D
FFFE6552
000043BD
FFFF0459
FFFF9B6D
FFFE3B73
00010E90
FFFF047D
FFFE531F
0002E98B
00017FDE
000282E8
FFFE6435
FFFEBE81
FFFEAA26
0000AD37
00017120
0000C646
FFFEEF73
0000772C
FFFFDABA
0001A6D9
FFFFB1BF
0001948E
FFFE61FE
FFFF1173
00004D13
000022E7
FFFE6B8A
FFFEA80A
00002A37
FFFECF69
00007338
FFFE45ED
00022BDF
FFFFA725
FFFEE4AC
FFFE1A3D
FFFDCB9A
FFFEB247
00015DEF
FFFD7570
FFFF75AA
0001D5AF
0000F706
FFFF6602
0000BC8D
FFFFFF3B
FFFF6CAE
FFFEEAE8
FFFF83C6
FFFD2F09
FFFBB89A
FFFEE4B0
FFFF24EF
FFFD8C9E
00006315
FFFE5C18
FFFF3B98
0000365D
FFFE5EE2
FFFCFCB0
FFFF4BCD
FFFD1A9F
00010E8B
FFFE7248
000137A1
FFFF1397
0001E5E9
FFFF156A
FFFD409C
FFFB9DFF
FFFDD0F1
FFFEB9D9
FFFE6C80
FFFEC2E2
FFFF8032
FFFE91B2
FFFCCB80
FFFC99BF
FFFC4B45
FFFDDD3A
FFFD8C77
FFFCF141
FFFFA8C5
FFFDA8AD
FFFE60F4
FFFD90EC
FFFE6040
00005543
FFFE010B
0000FD6A
0000250B
00011B74
FFFF2D27
FFFECD35
FFFF8EF0
FFFC4D5D
FFFD859C
FFFD0F06
FFFF479D
FFFC58BB
FFFE18C4
FFFDCE15
FFFD954E
0000B2B8
00030C61
000561BB
00026006
FFFF4C90
000338E4
0002316A
00012FDB
0001CD0E
FFFBBCDB
FFFC089E
FFFC4FDA
FFFB1204
FFFC2487
FFFD7C67
FFFE762A
FFFE574A
FFFCF0E5
FFFED5AF
FFFFD382
FFFFF66C
0002E26F
000365F4
0001F1EC
FFFF3ED6
FFFF2997
FFFEAE1B
FFFE5C4F
FFFD907D
00024E67
FFFDFF0F
FFFDE36A
0000907C
00004537
000115D1
FFFE1FBD
0001439D
FFFD9F9F
FFFE4E5A
FFFD1924
FFFFA57C
FFFEB15B
FFFECA92
FFFFD787
0000577A
000314BD
0000C208
FFFFA983
FFFF0599
0002082B
FFFF4DFE
00034A88
000424AB
00010F1F
FFFD3257
FFFD6592
FFFEEB5B
000054C5
FFFF9420
FFFE54C6
FFFFBABA
000064CB
000231ED
FFFDDE4D
FFFE53C8
FFFE2208
FFFEBDC4
FFFEE51D
FFFDC9BF
FFFF7D4A
000134E4
0000D3B9
FFFE7660
FFFFB8D7
000071EB
FFFDC206
00009944
FFFE67A8
FFFDFD52
FFFEE992
0000B7BB
0001B2BE
00018359
FFFEA1DC
FFFFFDBD
FFFD4C12
FFFF0697
00008B59
000255E4
0000A35F
0000AEAB
00000241
FFFEDECD
FFFE58CA
FFFF132E
FFFF3179
FFFFE431
FFFE3628
FFFCD85D
0003863F
00029302
0003F172
FFFDED7E
FFFEADD7
FFFEF4D8
FFFDAB0A
00012787
000232F4
FFFE08BA
0001DF54
FFFEA4B8
FFFF8369
FFFE8C44
00008234
FFFFB78B
FFFF25FB
00004309
0000AA46
FFFF4B65
0002C522
FFFECD58
FFFFE1CE
00027F4C
FFFC41F9
FFFF6DAE
FFFE678F
FFFF2520
FFFE0E2B
FFFEBD1E
FFFEE3EE
FFFFF159
00007A3A
FFFE504D
FFFFDC0E
FFFEAC8C
FFFED0CA
FFFE74A4
0000BBFF
FFFF37FF
00033379
0001070C
000217F6
FFFF7E00
00027C36
00008681
FFFE6FC0
FFFE523E
0000E3C6
FFFDC6FE
FFFE81A7
0000DE6E
0000D52C
00004B40
000161D7
0001B734
000228AB
00024299
FFFFDF42
00020C01
00029D68
0001FF5C
00019B35
FFFFBA42
FFFF40F6
FFFDCC40
FFFEA86E
00007BE6
00003A67
000016BF
0000B8DC
FFFFCCF8
FFFF1131
FFFE690B
FFFFB5BE
000327F7
00006006
0002750B
FFFE35BD
FFFF478A
00020BB3
0003818B
0002881F
FFFFAC4B
0000D92D
000355F8
00000056
0000D0C6
00018F3B
00028938
00010F51
0001A825
00002A1E
FFFFE67C
FFFDF2D6
FFFE2B0A
00023A86
00007046
0000468E
FFFE6500
0002D252
FFFECDA7
0001AAE0
FFFEC92C
0000568E
0001F576
0001BA7A
00003968
FFFFD49D
FFFBEC49
00001782
FFFF95EE
FFFFC43A
FFFCEB0F
0001365E
00006998
FFFF30F2
00029F1E
FFFF9316
00018085
00019546
00004BFC
FFFED036
0001CA2A
00017970
000178AC
00016EB5
FFFEFA6E
FFFE5E04
FFFFBA7B
FFFEF7B2
FFFF17D8
FFFF9002
FFFDE16A
FFFFB24C
FFFF6038
00001538
FFFF292B
0001DA38
0000B0BE
00010DD8
0002BE6D
FFFEFF55
0000749B
FFFF3A9A
FFFF08DA
00028D60
FFFF3348
0002E3E0
FFFE235B
0000B572
FFFE1B6E
00002135
000131FD
FFFFD44B
FFFFE73A
FFFEBE1A
FFFF77AB
000260FB
0001BD87
00005A26
00012E16
000044D4
00004254
FFFDA72D
FFFD6AA6
FFFF8C0B
FFFD1F21
FFFFB396
FFFEB9D7
FFFD3CC9
FFFE026D
FFFEA4A3
FFFEBB45
FFFE7E50
FFFE1470
0000056A
00033D11
0002FA56
00006FE4
FFFFC196
0001E49D
FFFEA37E
000003BF
0002BB26
00011533
FFFF06B6
000068AC
FFFE67C9
FFFCD809
FFFCC2F9
FFFC497E
00004ECB
000271C4
000011D1
FFFE587D
FFFD10A3
FFFE5C83
FFFDB518
FFFCB20B
0000AAD2
FFFEE251
FFFD7167
FFFD3033
0001B689
FFFF7433
FFFF4C46
FFFE808B
FFFF047A
00016E67
0000F5D3
0001A792
00001F48
FFFD849B
0000BC1C
0002A8D7
FFFF83E1
0001498D
00017A2A
FFFDBF83
000221C8
FFFE0478
FFFE9EEF
0000FC5F
00013699
00007023
FFFF89C2
0001E0A1
0001CB30
FFFFAC1F
0000C107
FFFE3909
0001DAD8
FFFDB3F7
FFFF8AEF
FFFE5A1C
000041D2
0002623C
0001CADD
00022EB2
0001601A
00023F42
000032E1
0002636A
FFFF3B71
000110A3
00021CEE
0000284D
0000C9CD
FFFFE993
FFFFB632
00007975
000056B4
00005FE1
00038C65
FFFE20D7
00015111
0000C453
0001CA9E
FFFEB963
00011518
FFFDFCA6
FFFCC31E
FFFE7748
FFFF0A2C
FFFEEDBC
FFFE8C70
FFFD38C7
FFFF2D61
FFFFCF90
FFFFB346
00006F20
00008B31
00009F7C
FFFDA72B
0001FF7A
0002410D
00030AAA
000278FD
FFFFDA6A
0001D4EB
FFFE6143
0000CDB0
00001C8F
FFFFE362
FFFD9ADF
FFFD440B
0001097B
0000AAE1
00018B60
00012A14
0000FD18
00005E24
00024707
00033371
000053F7
0001B8D4
00005B68
FFFDCE2E
FFFD1ABC
FFFE0913
0000BAF9
FFFF7292
FFFC6EBF
FFFFFACA
FFFF22CB
0000730D
FFFEB42D
FFFCF2D4
FFFD1907
FFFC0D0F
FFFF096E
FFFEC8D2
0000353C
0001865A
FFFF3EF1
FFFFC400
FFFCE5E1
FFFF9B96
FFFEF684
00009461
FFFF7FA9
FFFFE550
FFFF3B88
FFFECBBD
FFFED806
FFFDC451
FFFD9EFD
FFFE6967
0001B6C1
0001573F
FFFDF2B4
FFFCDD37
FFFE4023
0002BEED
00022DD8
000059FA
000144C5
00024427
FFFD946C
FFFF525A
FFFF084F
FFFDD741
FFFD3F7C
FFFFDBD6
FFFDB526
0000540A
000166A4
0000C8CE
0000E8A9
FFFFD785
FFFD1ABB
FFFED849
FFFEE03A
00011B58
FFFFC6AB
00023660
FFFE7320
FFFF2D30
FFFEEEE3
FFFEB095
FFFC89F5
FFFED49B
FFFEB20D
FFFF59E9
0000A0FA
0001C6F0
FFFE2FD5
FFFE8EAD
000139D4
FFFF7BBB
FFFF3469
0000F379
FFFFD553
0000C934
00003DC2
FFFE5CF8
FFFFC974
00002452
00004656
00012943
00019266
FFFFB94B
FFFF786C
000017CD
0002909F
00023A44
000013BE
00000887
FFFFE610
FFFEDD36
FFFD0707
FFFF38C3
FFFF4CC9
FFFEFA12
FFFEAB3B
0000BA0B
0000090F
FFFD6E4F
00018E52
FFFD1548
FFFCAF12
00006969
FFFF2727
00008310
FFFEF5F3
0000147A
FFFE7304
FFFFF265
FFFF1BD0
0001B2CA
000056A1
0002D7EB
0000255C
0000295E
FFFF39EC
FFFEE1B4
0001109E
00009FED
00019437
FFFF7BB0
FFFEC84B
FFFEDE8A
00010E7D
FFFD48CB
FFFDD101
FFFECE62
0000819E
FFFEF15B
00006E84
FFFE711F
FFFE05AE
FFFDCAA0
FFFCEC1E
FFFCD9B2
FFFFD7C6
FFFE490C
FFFFE6ED
FFFF6F1D
FFFD3FAE
FFFD763C
FFFE7E8C
FFFFFBA6
0000A70B
FFFFDB90
FFFF6DD6
FFFEA974
FFFFA30E
00018355
FFFFBCBB
00007B81
FFFD3047
00001A97
FFFFC9BB
FFFFA39F
FFFC3078
00016EBA
0001F860
FFFCEFD1
0001C9F8
FFFE0F59
FFFF28D4
FFFE4A49
FFFD575D
0001E382
0001544B
FFFC95BE
00014687
FFFF5AE0
FFFD7396
FFFE4305
FFFF919F
FFFFBB0C
FFFCDC9A
0000F6C3
FFFF5314
FFFDD051
FFFF7DA5
00030B08
00010B49
000121F4
000212D1
000096AB
FFFE383D
00004044
0002A7A7
FFFDBADD
FFFF820A
0001D0D2
FFFED1CC
FFFC65FD
0001295C
0000E831
FFFC29BB
FFFCFB2C
0000A935
FFFF2063
FFFEB927
00003AC4
00030EA3
FFFFF887
FFFFCA0F
00013A73
FFFFF6DA
FFFFE542
00012276
00002992
00013F56
FFFEE6BA
FFFE4FC7
0002CAB2
00005B47
00013BA6
FFFF75CA
FFFE2D35
FFFEADE4
000074BC
FFFDDE7F
FFFF8467
FFFE5074
FFFE4D4E
FFFD3F88
FFFFC406
00003AE9
000083C3
FFFF8085
000083ED
FFFDB182
000169E5
FFFDAF0F
FFFE46C9
FFFFC272
FFFBF536
0000AEFB
0000D6F7
000071F2
FFFF1803
FFFF3849
0001FB2C
FFFC24AB
FFFFF23F
FFFE1F01
FFFE7C9B
0001494D
FFFCA864
FFFDA0F2
0001A661
00011032
FFFF03D9
FFFD87B0
00011799
FFFF9D5B
FFFF089B
FFFF811A
0000D7A3
FFFEB9B7
FFFD8EBA
FFFEB7D3
FFFF22C0
FFFD9EFA
0001C27F
0001A306
FFFEB941
0002397C
0000C1FE
FFFE80C3
0000F9FF
000073FA
FFFE5BE9
00022E32
FFFFD773
FFFE40EE
FFFF3A3B
000189B0
FFFF1F2C
00006233
FFFEE736
FFFF4FB7
FFFF4348
FFFE1042
0000451A
00014D67
FFFFEE98
FFFF21A6
00000DA0
0000A2BF
0001E2FE
00014E7C
0001B5BF
00017BC8
0002C6B7
FFFFF801
0001EBE7
FFFF5096
0001843C
FFFEA718
FFFDF969
FFFF8CC9
FFFEEC57
000086D7
FFFF8ED4
FFFC0AFF
FFFF2FB5
00007DB3
FFFF0E3A
FFFFB50A
0001825B
00007C65
000176C4
FFFE1749
FFFF929F
FFFF9788
FFFDC385
000249A6
FFFCE152
0000D233
00019AA8
0000F50E
FFFFF818
000138D9
00006292
FFFDDA36
FFFFBC6B
FFFE835D
00015498
FFFEE04B
000167C6
FFFFE1B4
FFFF5246
FFFEC03C
0001F67E
FFFF3F14
0001E8F8
FFFF79C9
FFFF5A4F
00012D78
FFFF4760
00006B56
0001B224
FFFEA3EE
FFFFC938
000012B9
0001B191
0000FA58
FFFE8AA7
00021E21
000100DD
FFFF9D4E
0002B20E
00005FE3
00035C62
FFFF50F4
0000F01B
000029E0
FFFFA7A5
00006240
00015556
FFFDE714
000085EA
FFFE12FC
0000C905
FFFE23B9
FFFF5892
00015BDA
00006747
00008E01
00007C47
FFFE1AFD
0001FAAB
FFFFF5DF
0000BC50
FFFFC96D
0000A8E7
0001D27F
00018F27
0000124E
FFFDC30D
000180A1
00010DDA
FFFFA5DD
00001A2D
0001EE17
0000C3B9
FFFE41E6
FFFE563B
FFFE7584
FFFFB0B5
FFFEDE13
00004035
FFFF60BC
000068CD
0000E93E
FFFDE972
0000B79F
FFFF9C5C
0001DB74
000132D8
00004620
00003CC3
0000262C
00005FD5
FFFEFC1E
00021B9E
FFFE29B1
FFFFA10C
0000DE29
0002114B
FFFFDCA1
00018D9B
00027D5D
FFFEDF8E
FFFF16D3
FFFF217E
FFFF5123
0000F4AB
0000BACA
000072FC
000077B4
0001B7D7
FFFEA88C
0000677A
00034001
0001E6BE
0001E9B3
0001483A
0003578B
FFFE28E9
00006A5B
00021FD3
000035C6
00009B1D
0002FB38
FFFEF78C
FFFDCBA6
0001B85F
FFFFDD3D
FFFF6B88
0000BAAF
FFFF5462
000166F3
FFFDB1BB
FFFECA92
FFFE025D
00003AF0
FFFFE582
FFFF4D89
FFFFEB3D
0000F9CA
FFFEA00A
00010185
FFFFCCD2
FFFE72F3
0000CA83
FFFE775E
FFFF1B5D
FFFDF674
00018EC5
FFFF869E
FFFFE8EB
00007166
FFFF5529
0000B9FF
000212AB
00010C2F
0001355C
FFFFB731
00019AEE
FFFCFF08
FFFEEFD1
00017238
FFFD5E52
FFFF5318
00007D19
0001ECDD
00001420
00017B1F
0001130E
0000B60F
00003F3F
FFFE9EED
000041B6
00003819
0001FBFE
FFFF2A43
0000ED48
0000BB83
FFFC20CD
FFFDF5B3
FFFE77F1
FFFF41FF
0000A50D
00011B54
00021E0B
00007EB5
FFFF94C7
FFFF575D
FFFEFC96
0001FE0A
FFFF265C
00013E13
000291FF
FFFF90AB
00005321
FFFFF670
00014EC1
FFFF3187
00009C9F
0001E8D5
0000BC52
0000AFF5
FFFFAF4F
FFFF7E18
FFFF5398
00001A7F
0002EDB0
00018BFB
FFFFF283
FFFEB8EE
FFFF3B01
FFFEE94B
00002593
FFFDECB1
FFFF1C6A
00030AC7
FFFDFC2D
FFFEFEF1
000171E3
0001FE16
00009DE6
0001F15D
00031013
00016D7F
00016C5B
000006AD
FFFDE46F
FFFEF349
00019A1E
000154EF
FFFE1B4E
FFFDE3A5
FFFE5C89
FFFF8A49
FFFCE6AA
FFFEA1BB
FFFD9CB6
0001463E
0000DE3A
FFFE2741
FFFFA1DD
FFFEBF50
FFFFE6E5
FFFF6BEB
0002D093
0001E728
00001EF5
00009403
FFFF1A0A
0001E1EA
FFFF6557
FFFCFC42
0000E777
FFFDC9A7
FFFF90F6
00001DDB
00013292
FFFE0A63
0000708B
FFFF518E
FFFFCDAA
00028BA1
FFFEFE98
0002AEF8
000051D3
FFFEDC82
FFFF39D4
FFFFA6DF
00003F13
00015610
0001349D
FFFE949F
00006B9B
00026E5D
FFFDF430
FFFE0D22
00005FCB
000049E6
0000B5D5
FFFDB76B
FFFFCDCC
FFFEDE44
FFFD24C0
FFFE3974
FFFDE668
00006240
FFFFA67F
FFFF7AF7
FFFEBE2D
00006E53
00025778
00002D18
FFFDF3AA
FFFFD077
FFFEE2EC
FFFEAA61
0001F7B3
FFFFFCFF
00009A67
00022E53
0001C1F7
FFFFEE8A
000122E1
FFFED65F
FFFE5EBA
00007ADC
000033B8
00001BED
FFFF7EB0
00010855
00014AA4
00017841
0000A862
0001C291
FFFE1D39
0001E38F
FFFF4E41
00003063
FFFFA968
FFFFC685
FFFF6D30
0003861E
0001146D
FFFEC507
00023863
0000E42E
FFFE15AE
FFFEF47E
FFFFD76F
FFFE85E6
00011743
00024DB6
FFFFB97F
FFFF3CA1
FFFFDB68
000004AF
FFFEBF3E
FFFE2DB4
FFFF0612
00022DFC
FFFF9E16
FFFF9AE1
FFFFD006
0000C661
FFFE3AA0
FFFFC244
00004DE8
000045F1
00023BD5
00005220
000264CB
00016115
FFFF4E93
0001DAC7
0000EA58
00013F1B
FFFFDA41
FFFEB3F2
FFFF9F9C
00029A93
FFFF40D3
FFFF2F0B
0002718D
000027A2
FFFE7A29
FFFFEB5B
FFFDE37D
00005B76
FFFECF0F
FFFCCDFB
FFFCAB18
0000E4C5
FFFCDE4D
0001161B
0000E862
00019F36
0001399C
0000D6C1
FFFE7566
00014058
FFFE5A1A
FFFF8263
00004698
FFFFBD6C
FFFE86AA
00009950
FFFFD516
0001C219
FFFFD7A0
0000A62E
0001AE17
FFFD31FE
00009D3B
00002147
FFFED2D6
000011DB
FFFF0EEB
FFFF0DDB
0000557F
00016F9F
0001C272
0000501D
0001D7A4
00017282
00010EBE
00015D1F
0001C616
0001D4FC
FFFE8891
FFFC8901
FFFF472B
0000B0BD
FFFED7A4
FFFCF5A8
0001793C
FFFEB4B1
FFFD9486
FFFEDED6
00002CE6
000137E6
0000BEB5
FFFFFE6D
FFFE23E1
FFFDB7D5
FFFF1C21
FFFE9FB4
FFFE6328
FFFF4374
0000DFC5
FFFF5BB6
FFFEFB27
0001A919
FFFFDF87
000022D5
00032DD3
FFFFB64A
FFFFB601
FFFD51D9
FFFFFA8B
000133A2
FFFEF220
FFFEFBDE
000175AF
FFFE8ECB
000092F2
FFFF5DC3
0000AAB3
FFFE17AA
FFFF4E5A
000208FB
00001A7B
00023BC4
0001EE36
FFFF4E2C
FFFFBB3E
FFFEEDEA
FFFFE96A
FFFF983A
000103B4
0000D31E
0001F86B
0000957C
00012CAD
FFFF39EB
FFFEFFB9
FFFF819F
00011D65
000094F0
FFFF0C29
0000DD40
0000FF6A
FFFED3CA
FFFED5AB
0002FFDD
000131B1
FFFFBE77
0000F0C9
00023E4D
0000C6F4
FFFFB2AD
0001E2F1
FFFFA3DB
0000412A
0000112B
FFFFAEDE
0000471D
00003E18
00010462
00022F5B
000139B8
000177A1
00000093
0001E7B2
FFFFEB26
00000692
FFFF4A4B
FFFE4406
00013210
FFFFE852
FFFDC192
0000A65C
FFFFF08F
00009114
00002600
00012EDE
FFFE7800
FFFE013B
00004573
FFFDF364
0001B4F0
0001391F
FFFE01ED
FFFE0EF5
00020A81
FFFD5262
00003F43
FFFF3E7E
FFFF31BD
00000816
FFFFB635
00016777
00009548
00005A05
FFFEBE5A
FFFEDFCC
FFFE601F
FFFF2768
FFFEFDC2
0001E83A
FFFF9938
FFFFE654
0001D430
FFFEEA61
0001A315
00030616
FFFE2F83
FFFF1881
00004237
FFFF6766
00001A5C
00002CD5
000080F1
000029BD
0000AFC2
0003160B
FFFDD85E
FFFE07BF
FFFFCC53
00001831
FFFFA52A
00013D91
0001BFF5
00009773
00024F9A
0001D7E2
FFFEA2EF
0000BF2E
0002475C
0001E830
FFFFF0F7
0001AE00
0000E65D
FFFF01E8
0000022F
0000B5B0
000028B6
0001F221
FFFF400B
FFFF4035
FFFF76A1
0001092D
FFFFE677
000266B9
FFFFA045
00014DC9
FFFFFB58
0001FDD3
00027C66
00001BF9
00003329
00019762
FFFEA996
0000EBC1
0001A1ED
FFFE7575
FFFF4CD1
FFFFEBBC
0000D3BB
FFFC798B
00002865
0000DD0F
0002AFAE
00011026
0000F15C
0000D78A
000153EB
FFFF4342
0000163C
FFFEF0B0
00013F9D
FFFEAE7D
FFFE4BDF
FFFE5070
FFFFE916
FFFE546A
00010C8C
FFFFEC82
FFFDE6F3
00010A7F
00004DBC
000115F8
00018C30
0001C99A
000035ED
00000259
FFFF59B6
FFFFDA38
0001D495
FFFEDE24
FFFFBBC1
FFFEBBEE
FFFDB281
FFFF1FA4
FFFF5E06
0000465F
000337E2
00007475
00022756
FFFF27C0
FFFE4B50
FFFF2D24
000006FC
000084A5
00001C3B
FFFED07C
00010736
FFFFB5BB
FFFEEC8D
000013B7
FFFFDB40
00000076
FFFF43B9
0000C570
000189B0
00021C79
FFFF9DBD
FFFF15DB
FFFFB174
00008B61
FFFEE2B3
FFFF0C76
FFFF5A46
FFFF06D4
00005AAF
FFFF8D67
00010552
FFFE4413
00014054
FFFEA555
FFFF370F
00004621
0001C4A3
FFFEF0D2
00023402
FFFEC907
FFFEB7AA
00003D00
00006491
00010ED0
0002AB1C
FFFF1A3C
000207A2
00014F21
00027DBE
00000D7B
0002D467
0001A3F8
00040A30
00027FCC
FFFF5292
FFFEDBE1
FFFF03D2
00016120
0001D91C
FFFF46E8
00012050
FFFEF73B
0001138F
00012C87
FFFDC6E8
000126C3
00013EC1
FFFFF247
0002158A
0000E8EC
FFFFA1EB
000070D2
FFFFB78D
00008C2C
FFFFAE99
00014BF5
00004797
FFFE1942
FFFEC84B
0000B8B1
00005BE8
00007BAB
00002421
FFFFDED6
FFFF65A2
00016E16
FFFDDF44
FFFDB283
000199CB
0000FFC6
FFFD7E8B
000156AD
FFFE9C22
FFFE6F95
00009394
FFFEE138
00018418
000121AC
FFFFC57A
FFFFA793
FFFE782B
FFFC9805
FFFE611A
00008408
FFFFD56A
FFFD8966
FFFF4B70
FFFF3718
0002412D
000162DF
00006AC8
0001B558
FFFF1191
FFFF1328
0002A12C
0000EE39
FFFF169F
FFFFFC3B
00025EF3
00012E55
00013D5F
FFFED909
FFFF0361
FFFEF6D5
0001AECB
00009084
0001CC2F
0002176A
FFFF889C
00031923
FFFFC214
0000D447
000176F8
00000D04
0002F890
FFFFCBBB
FFFF8759
000084EB
00005140
00036AF6
000059E4
0001DC02
00017FEB
FFFEB5B1
FFFF167A
FFFF1775
0000989B
0000687F
00019424
0000E514
FFFEEA0B
00014C0C
FFFE161B
FFFF8811
0000817C
FFFF0137
00005308
0000C42A
00002309
00024BFD
FFFEFA53
00006F46
0001CE82
FFFF979A
0000E2CF
FFFEA91F
0000D7EE
FFFF8646
000091EA
FFFDDF98
FFFFA33D
00013769
0001EB5A
00008633
FFFF3C15
0001DC1D
000133F3
FFFFD729
0001FBE1
00013E29
FFFE169F
00019C74
0001B39F
FFFEE0DD
FFFE23A5
00003F2E
000104CB
FFFF8878
00007EFA
FFFF5104
0000B601
0000F822
00018266
FFFF5C4F
0002E523
FFFE5EFA
FFFE7E79
0002DC77
0002230D
0000BF9A
FFFEC0DA
0001E62E
FFFF410F
FFFEADAE
00021232
00011B1A
0000B46A
0000F6C2
00022970
00021A43
00002EEE
00015449
0000C4E3
000058DF
FFFEA915
FFFE4659
FFFFB3CC
FFFF74E4
FFFDAD63
FFFEB138
FFFFBEBB
FFFDB8FA
FFFF2AB0
FFFFAFCF
00004F8A
FFFF81FA
0000132C
00029B3B
00013BE0
0000D1FC
00001A0F
000097C1
FFFE95DE
00008EF5
FFFEA235
FFFF727F
FFFFD533
00018E40
00002076
FFFD4688
FFFE6771
00018414
FFFE3256
0001B6AE
FFFDBC22
FFFF81D4
FFFF1A49
FFFE6C61
0000DA7B
0001B39A
000016EF
0000CD32
0000E031
0000C9E6
FFFE69B1
0000B019
FFFE42F3
000176DD
FFFFEC44
00019124
0001087C
FFFD645C
0001A8CD
00001266
FFFFCE69
FFFFC809
000232C5
0000388C
FFFFB910
0001A8CC
0002145E
0001D4A5
00009199
0000D315
0000B1E4
000069B5
FFFE9312
00003926
FFFD7E98
0000148A
FFFFE5AF
0002F36B
000019D5
00018CB3
0002EF04
FFFFA692
0000FA80
0001D635
000133EA
0000233B
FFFEA02C
FFFF0C0F
FFFFA26A
000097AB
0000B035
FFFEF620
FFFEEE0C
FFFF7526
FFFEE5A0
FFFFDA2C
0002C241
000253D3
00003ADE
0002FB15
FFFE9310
FFFEED0C
00027DC8
FFFF4472
FFFE8594
00027F89
FFFF71CE
0000EC28
00024A2C
00021D7E
FFFFCE86
000065E5
0000641D
FFFF6CE6
FFFE33C1
FFFF52F7
000037C2
0001C8DB
FFFDF3DF
00016823
00004DEE
0000261A
FFFF098E
0002CB8D
00027B15
000296B5
000170CC
FFFFA223
0002920B
0000771C
FFFE0984
00013315
000117FF
FFFF3A1B
0001C68E
FFFF5207
000025F7
0001FA97
FFFF9E44
FFFE10C9
FFFF169D
FFFF878D
FFFEF425
0000389B
FFFF8F10
FFFD732A
FFFFB3EB
00006320
00028140
FFFE922B
0000EECD
00007524
FFFF75FF
000027EF
FFFF5F57
FFFEDAA3
0000CB7C
FFFE80A5
FFFE89C0
0001B8EE
FFFFE13C
0001F81E
FFFDE6EA
FFFFDBDB
FFFF508E
0000B7BD
00000B89
00006EAA
FFFEA3A6
FFFD3DEB
FFFE44D5
FFFFFB98
FFFE7A6F
0000E4B7
0000B06A
00008B00
0000651B
FFFF7132
FFFFAEF1
FFFF5121
FFFDD931
FFFFEC83
FFFED80B
FFFE205E
FFFFAA99
FFFD5BB6
FFFCF876
FFFE2B47
FFFCE4CA
FFFED323
FFFE4BA5
FFFCEF3F
00001C8E
0001C03E
FFFF688A
FFFFEC25
0002680D
00020C38
FFFFACB3
FFFFF394
00009B49
000007D7
FFFFA55D
FFFE000C
FFFEECBF
FFFF5200
FFFDF240
0000187E
000201FC
FFFFE648
FFFF3BA4
FFFFD4D0
00018AA9
FFFE1ACC
0000CACC
FFFFD6BB
0000B7D4
00018D59
FFFF9589
00006EBE
0000AD8D
FFFFF793
00000E80
00014D15
00012E7E
00003F99
0000C49E
0000BE6D
FFFEE407
000196E5
FFFE6ED5
00017598
00024705
FFFFC76B
FFFE8D95
000174B2
FFFFD26D
FFFDF403
FFFFA5CC
00009DFC
FFFFCB1B
0001673B
000054DD
FFFE7600
FFFFF8F0
FFFE4608
FFFF6D0D
FFFF73D8
0000450F
00009B18
FFFC8B9F
FFFE0D03
FFFFA2FF
0000CB5D
FFFDF6B7
0000E2C6
FFFF0E02
0000A93A
0000488B
00008ED9
FFFEEF5A
FFFC3FEE
FFFEB11A
FFFE3CFF
000031B2
0000726D
FFFF878B
FFFFEA4E
00015A9F
FFFEEA3D
0001294C
00014814
FFFF8DF5
FFFEE686
00007547
0001A92D
000294AC
00034E92
000137BE
0002697B
FFFF6EA1
00000537
FFFF206B
FFFEA76D
00017AD3
00007C0E
0000227C
FFFF60CE
FFFE1368
FFFF4E72
FFFECB37
FFFE4CEF
0001059A
0000FBCE
0000E315
00014551
000077BF
FFFF4719
FFFEA30E
FFFEADDF
FFFDADC1
FFFECECB
FFFFEDF1
FFFF9AA6
FFFFDC6E
00002FFD
FFFDA159
FFFFE13F
000155BD
00026488
FFFF98B2
FFFEFF6C
00012F08
FFFF2992
FFFF2440
000227B9
0002CE0B
000282AF
FFFC89B8
FFFDFE87
FFFF4155
000050A9
FFFDC5F9
FFFEC7B0
FFFD7A29
FFFDE832
0000E6C7
00017FA0
FFFF456E
FFFF0A83
FFFF8CEE
0000E32F
FFFFAD9B
0001A29C
00022270
FFFEBF4B
0000B5FB
FFFF8D35
00015B21
00008CE3
FFFFD177
0002F6BD
000254E7
00021D8E
00013F78
0000F626
00009618
00016734
0001CC01
00035505
00026DBA
000139AD
FFFE680A
00023BB1
FFFDE1A1
00006D02
00017373
0000B63E
FFFFCD6E
00028186
00017098
FFFEAF83
0001C0FB
00023A71
00012F55
0000993D
FFFEFDE8
FFFFF043
00008EAB
FFFDF7CA
00017196
00013EE9
FFFF83C0
FFFDC641
00008FDC
FFFFAAD0
FFFFD4C4
FFFFBD5A
FFFF03F1
FFFFBB6B
FFFD127E
00029B4F
0002BC2D
0000B1B7
FFFFE3BC
0000D8D0
0000A23C
000029C1
00019430
00017F37
0000085F
00006667
FFFFA53C
FFFF960C
FFFE2F02
00010FA2
0000BA7B
FFFE8E11
FFFEC7C9
00002EC7
00007645
0001BABB
FFFDEF9E
FFFFE5E3
FFFE5FE8
FFFF883D
FFFE8ACE
FFFFFE94
000129E5
0001DBD8
00010549
0000EE3D
0002B558
000240FD
00015CAB
00006FD3
FFFF5D00
FFFE0599
FFFE5B3F
00002CFB
00012456
FFFF7829
FFFE3272
FFFFCA82
00011357
0000CA24
FFFF6D4C
FFFD7183
FFFEA3F0
FFFDD299
FFFF338D
FFFF8DCB
FFFEC563
00014975
000059AA
0001667B
0001770C
FFFF66DE
FFFF24AB
0001582F
FFFFBC30
00022FD5
00020ABD
FFFF2D4E
FFFFCEC2
0000B7CC
00007F53
0001FBAA
FFFDF328
FFFF6724
00010C3C
FFFFCA78
00021A6A
FFFF5EDE
FFFF300D
0000D043
FFFEBCD9
0000D6A3
FFFE135B
FFFFD7A3
0000BC82
FFFCECBC
0001AA87
0001281F
0001F2AA
FFFFB4ED
FFFFC436
00026EEC
0000992D
FFFFF20E
FFFEE464
00002CB4
FFFDD6F5
00007862
FFFD6E2E
FFFED606
FFFFD9A7
FFFEB496
FFFDCEA7
00002EE3
0002E452
00014656
00012517
000124CA
FFFE1167
FFFFEE89
FFFFA336
000001D1
00014949
FFFF90DB
00017C0F
0000FED5
0001D435
FFFFE2AF
0002A89C
FFFDCC63
000037E5
0000CC08
000119AD
FFFF17C7
FFFE6497
00015C95
00001881
FFFF589A
00008475
0002A2AE
FFFF16AC
0001D722
00029B48
FFFFC9D5
FFFD6B8E
FFFE0CB9
FFFF470F
0002BB5C
0000CC1B
FFFEB717
FFFC6142
FFFDF90E
FFFF9C5E
00006F0A
FFFF3EDD
0000F8C7
FFFE8047
FFFE945E
FFFFF161
000371AF
FFFFD659
00015608
FFFF9E0E
00026FB3
0000B003
0000CE54
00021EDF
00030BE2
0000AB4C
FFFF9A8E
0000171E
FFFFE15A
0000EFBD
00020301
FFFFF042
FFFF8010
00019C3A
FFFD1863
FFFFB974
0000562B
FFFF6B07
FFFE9F84
FFFDD457
FFFE08CA
FFFF02FB
FFFDAAF6
0001E904
FFFFBCF9
0001F539
00011361
FFFFE83B
FFFEB427
000151E5
00018A94
FFFF3134
FFFFC47A
0001F0C9
FFFF775A
FFFE87BF
00011C7B
0001B1F3
0001AF4D
FFFFCC17
0001F8B6
0000101A
FFFED050
000080CD
FFFF5104
FFFDA53E
00005723
FFFED5A3
FFFF4F12
0000F05E
FFFF3FAB
FFFD2D15
FFFE2BA9
00026947
FFFF1485
FFFE2368
FFFEB879
00002611
FFFED534
FFFF9164
FFFFD519
00022552
FFFEF5F4
FFFEF30D
0000E843
FFFFA47E
00018BF8
FFFE9DEF
FFFF0054
0001895F
0001DFE1
FFFE206E
FFFE854A
0001F3E5
FFFFD662
FFFF99AE
FFFE7A8D
0000A428
00014CA0
0000D182
FFFC1123
FFFCABA5
00012C15
FFFE27F9
FFFF8296
FFFEC283
00003495
FFFF2AF0
000009BB
FFFFAA68
FFFE9F2D
FFFDC575
FFFE02F4
00001BCD
FFFD94D9
FFFD4DB2
FFFF0868
FFFFA90B
FFFF7290
000119D6
FFFF98BA
0000BD03
FFFFF311
0000681B
FFFD4212
FFFFB7FF
0000CAFE
00016450
0000E484
FFFEB92A
FFFFF44C
FFFE64A7
FFFF1661
00006373
0001746C
FFFF61E4
00012382
FFFEF473
FFFEF4A8
FFFF09F1
00002953
00011966
FFFF36A7
FFFEB698
FFFF9507
FFFF3A16
000161B5
0000295A
FFFF6E46
FFFE76B7
FFFE88B8
00023D6E
0000EC39
FFFF3D23
00018369
0000C494
FFFE25D4
0000ABA3
FFFFDF18
0000AF42
00007B72
000260BB
00002F04
FFFF3366
FFFFD14E
00010728
00025AAC
0001A018
0002C44D
FFFE96C7
FFFDD698
FFFE2BB0
FFFF0FA4
0001EDCD
FFFF14E9
FFFEA6F4
00017A47
0001E0CE
FFFD8DE4
FFFFE6C5
000036FC
00001468
FFFDAC32
00008BBE
FFFDDDA5
FFFDFE0D
FFFD46B4
FFFFB699
FFFE245C
FFFD6301
FFFE0A9A
000010C2
FFFE9F95
FFFDFFCB
FFFD57F9
0000A0DB
FFFF0C84
000153DD
0001D0F5
FFFF0058
00014086
FFFE2E6D
00005CFB
FFFFEEB9
FFFF6EB4
FFFF02CD
FFFE0B04
FFFDB91F
FFFEAA66
FFFDC67E
FFFEEDFF
00004C0F
FFFED3B9
FFFECBEF
0000119D
00000EEF
FFFD74E3
FFFEE733
FFFC5098
FFFE6499
FFFE81A5
FFFDCF5A
00008750
FFFCF436
FFFEEA33
FFFD0853
0000B7E4
FFFDF68D
FFFCB668
00012E51
FFFFE145
FFFF274D
00001183
FFFD59C5
FFFF4951
0000BC58
FFFEF167
FFFED21E
00004ABE
FFFF7D6A
FFFFFAC6
00015C0A
FFFFBC8E
0000BDBD
00032655
000167BC
00014F78
00000959
FFFFB059
FFFE87A5
FFFF8C1B
FFFF9C86
FFFFA39A
00022A80
FFFFC977
FFFE7A20
FFFDD26C
0002014E
FFFDEC51
0000E04E
00008447
000300CF
FFFE8927
FFFFA0C3
00003736
000036E8
00019FA6
FFFE373E
FFFE6619
FFFF7A83
FFFFC952
FFFD0A7E
FFFFD09A
0000BD18
FFFEC1E3
FFFEBFEC
FFFDFCBB
0000036F
FFFDE879
00012B57
0002FBBE
0001D007
000108CC
FFFEE446
FFFF488B
0002D010
0001B6C1
00015740
0000B2F7
FFFF6F3E
FFFDE32A
FFFCC828
00020A60
000253D9
FFFF61FE
00016CAD
0000E38F
00007C48
FFFF494D
FFFE3BB1
FFFD4A14
00003012
FFFF2198
000052A3
000156A8
FFFF2C0F
FFFFB9E8
FFFE3A08
0001B05A
0001735F
FFFE5AA6
FFFF32BB
FFFDDEB1
00012633
FFFF86AA
FFFDBBA2
FFFFC64D
FFFCE32A
00002354
FFFF32F0
FFFDE319
FFFF450F
0000918B
FFFD426D
00007FCF
FFFF6ABE
FFFF6021
FFFDBFA6
0000F398
00008716
FFFF5355
FFFFD6B8
000016D7
FFFF3789
FFFF2F38
FFFE1802
FFFEAABA
FFFEA1F4
FFFEB610
FFFE8FA4
00019FDA
FFFFEDA5
0000198F
00017205
00014707
FFFE6C16
FFFF21C4
FFFD9A5B
00004847
FFFEEBD6
FFFED664
FFFE4541
FFFDD7F0
FFFFDAD2
00017FCA
000009BB
FFFEE907
FFFE0CF2
0001B8FF
0000EE30
0001BBBA
FFFDB785
0000FDBF
000193C0
FFFEE108
00008537
00020527
000091A9
FFFFA277
00012FC7
FFFD4321
0000D9D3
000011D5
00010BEA
000051D2
0000EC51
000015A2
FFFF1643
0000C55D
FFFDD456
00013DA4
0002360B
FFFFA6F1
FFFD88AA
0000AABF
000195B6
FFFEC6C0
000053FB
FFFEAC78
FFFE229B
FFFF2344
FFFF34E9
FFFD718A
FFFEA16C
FFFE0A3C
FFFEF8AE
0000C9F6
FFFE645C
FFFEE5CF
FFFEB235
0000149E
000053DD
FFFFC649
000034AF
FFFFC2D0
FFFEE3E0
00005AA5
FFFF92C2
FFFFB853
0002A5BF
00013F91
00002CAF
000242DA
FFFF8718
0000AF9F
00009B0E
000337A4
00011CF4
0001AAB6
FFFF6AF8
00000A8E
FFFEDC09
00015FB8
FFFF74F3
0000B50F
FFFF80EE
FFFE9091
00006E23
00013F8F
0000B25A
FFFED090
00007B21
FFFF3747
FFFD6994
FFFFD0ED
FFFFC9A6
00027FFE
FFFE5709
FFFD22EF
00009B75
FFFFF2EE
FFFDF5D3
FFFFA333
0002199F
0000A8D1
0000231D
FFFF42E8
FFFE5225
FFFEDE79
00005C2B
000013B9
FFFE1960
00001B20
FFFE4C8B
FFFFC597
00013623
FFFF1BD8
000048FE
000041DD
0000FD6D
FFFDFD6F
FFFF6B6E
0000BA64
000021C9
FFFD4D0C
FFFF2DC5
FFFF5A93
FFFE2D19
FFFD8008
FFFEAFBA
FFFFC0AB
FFFEBBC8
FFFDEAE8
FFFFDA1B
FFFEB98A
000208F0
FFFEE689
FFFEAAAF
0001226B
FFFFE0F0
000055C9
00012D97
00000F52
000262E2
00032ED8
0000FDE8
00008D2A
FFFFA6BD
000143CD
0000856B
00035925
00005E60
000045BA
FFFF056A
0001EB7A
FFFD9970
000073EE
FFFF05DF
FFFF5E9C
00007283
00004A70
FFFE7BD1
FFFDF607
00011083
FFFE35D0
FFFE8B7D
000152C8
00019066
FFFD91D5
FFFD5110
FFFEB83C
FFFDF877
FFFF9627
FFFFB456
0000ED25
0000AEC9
0000EB6D
FFFEB871
00001ECE
FFFD3C7A
0000902A
00006070
0000F05B
FFFE584D
0001778A
00012A8F
FFFF3D74
FFFDB4CD
FFFFC117
FFFF1FD6
FFFF7127
FFFF4914
0001DE18
0000665B
0000F7EC
FFFE9569
0000945D
FFFD9A6B
0001846C
00017AD7
0000F69E
00006D87
00002A05
00007C80
FFFF0150
FFFECC62
FFFF0D72
0000A85A
FFFDD877
FFFCB9A0
00015B67
FFFFB1BA
000089C6
FFFFDA83
FFFECB4C
0000D1BD
FFFEF35A
0000E10A
00003414
00007670
FFFF9E5F
FFFF72A2
0001F8AB
00003902
0000C7C3
000038B6
0002090A
000237A0
FFFD9129
00003A5C
00008B84
00000F3C
00028943
00034B24
FFFF3F4C
FFFEB3B3
0000BC56
FFFF5994
00001664
0001E045
FFFE5F4B
000061E8
00008948
0000E0DA
FFFE90B2
FFFD9A1C
000137C3
FFFF958C
00002492
FFFDD7DC
FFFF3DC7
FFFF8725
00009FF2
FFFFA130
FFFE6835
FFFF4731
000286CA
FFFEEE80
00016CD9
FFFFE307
0000E43B
FFFFF83D
0000A0DF
FFFFE311
FFFEB963
FFFFA9EC
FFFF66D1
0000D80D
00020204
FFFF329A
00000DDB
00007326
000018FC
FFFFE766
0000BEDD
00040F60
0000AAD2
FFFF5A82
00017D9C
FFFF9A84
FFFE1808
00006474
000017B9
FFFF693C
FFFFB013
00014F27
000082E7
00004A92
FFFF6661
FFFF15CA
FFFE94F8
00021B0F
FFFF3134
FFFF061D
0000FA6A
00010355
FFFF5BF3
FFFF8E1B
0000C4B1
000203C4
FFFFDD2E
FFFF384B
00021B95
0000EAB5
0000FF37
FFFE2E13
0000B501
FFFEFFCC
00017246
0000DEAF
0001F328
FFFEEB8A
00037092
00005ACA
FFFE7671
0000353C
FFFF186C
00003846
0001E893
0000F8D1
0000C956
FFFE3D9B
00016E9F
FFFFE87F
FFFD8A35
FFFD0937
FFFE2962
FFFEF49D
FFFFBD9F
FFFDD4E7
FFFDD223
0001861A
FFFDB9EE
FFFF3CB4
FFFF7216
FFFE0560
FFFFE27C
FFFFFF87
FFFE6EF7
FFFEA91B
FFFFC03C
00016477
0000F894
FFFED802
FFFF84EB
0001A8A9
FFFF4F34
0001A817
FFFE45D4
FFFEE4C7
0001452C
00026B45
00026534
00017BD8
FFFFA6D7
FFFE925A
00019246
00006219
00001460
00002570
FFFFA28C
FFFF3444
000112CD
FFFF3B53
FFFFBE61
FFFEC6EA
00009E38
00007579
FFFEA5D9
00013B5D
00004968
00001032
0001A1FA
FFFF5A6E
00020940
FFFF0657
0000E088
FFFF966E
FFFFE95A
FFFCC799
00007449
FFFE1004
FFFF6D46
FFFDCB92
00003EDF
FFFEBB42
FFFF103D
FFFDBFD2
000077B0
000263CA
FFFECC73
0001BBDD
0000D06A
FFFCA8E2
FFFDFEF4
FFFF8AE8
FFFEFF8A
00017358
00001B1D
FFFE6B18
0000E176
00008243
FFFEE2B0
FFFED6F8
0001F8A5
0000655D
000126EC
0001EF62
FFFC929F
00004584
0000AC19
FFFE982C
FFFED3B6
000114F5
FFFFF72B
FFFF9FF3
FFFE0747
FFFE06BC
00001030
FFFF3540
FFFE41B7
FFFDA633
FFFC2796
FFFFF887
FFFFD45C
00003E04
FFFDDD05
FFFD6DC7
FFFD331B
FFFE460B
00006450
FFFDC456
00000809
FFFF922E
FFFF0E11
000281D2
00013B10
00026687
FFFFA1D9
FFFFA77B
00003F23
0001E0EF
0001C34A
FFFD7BDC
00004ED2
FFFE529E
FFFF0DB9
FFFEA017
FFFFCF33
FFFD4FC5
000209DD
FFFF1827
FFFF59B8
00013DBA
FFFEE6C0
0001190E
0000F823
00004A88
FFFED784
FFFFD233
00037F60
0000A064
00027E42
00026F75
000117DE
0000DDC2
00002F23
000104CF
00007F0A
00003ED6
0001A10F
FFFFA4E7
FFFFB2D6
FFFF3BB8
0000DBF9
FFFEC7D4
0001978B
0000599A
FFFFCC3E
FFFDC286
FFFE560F
FFFFBCDB
000283B5
0000CF91
FFFF39D5
0000536D
0000B27E
FFFF0E9F
0001F1AD
0002172C
0000DDAD
00013C55
FFFF4AAE
000051B6
FFFF5188
FFFBFD56
FFFFA8B7
FFFF1D71
FFFD4330
FFFECA83
FFFE145C
FFFDF433
FFFD9E4C
FFFC4BF1
FFFF0890
00007DD4
FFFEEEFD
FFFFE5FE
0001EE73
FFFEBD67
FFFE760B
0002BF4D
0003465D
000126D6
00023BB0
00019DD0
FFFF8065
00008EFA
FFFF1384
00015A2C
0003342D
0001136D
FFFFC77F
FFFD5087
FFFE53CD
00018345
0000E271
FFFF24D6
0000A704
00009823
0000A665
FFFD95CE
FFFE9125
FFFF6E86
00016747
00003DF9
FFFEBD49
FFFF081C
00019FC2
FFFD78BF
0001FF35
FFFFC9BF
FFFFBEDF
000047A2
FFFE4A7A
0002A730
00010A08
FFFFE2D2
0001BBEE
0000D433
00026820
FFFE1938
0000B045
FFFE8156
0000F457
FFFF75F2
FFFEB93F
000128B4
0000CE65
00023A54
0001CAAA
0000072D
0001CD88
FFFFDA7B
00003DD8
0001F74B
000278A1
FFFF229D
0002BC15
0000E0F4
FFFEF196
000029ED
0000C90C
000097F0
FFFECA1F
FFFED7C0
0001CD85
0001EF49
00001483
FFFF74F3
00008983
000012E2
FFFE176C
0002886D
000052E7
0001CFEA
FFFEADE4
FFFE29E8
FFFF3E7A
00000403
FFFF29A7
FFFC3CDC
FFFE5B1E
0000C36C
FFFFF67F
000242E9
FFFF96A5
000208C6
FFFF7208
0001240C
00014F6E
00001AAA
FFFF2B5B
00008BA2
0000DA99
FFFE9893
00019E84
000011ED
00015D8E
FFFFB0D5
FFFF7952
FFFF79FA
FFFE2EEE
FFFE9639
00010E42
FFFEEF44
FFFD2EAB
0000F944
00027473
FFFF1364
00025442
FFFF53DB
FFFDEEAD
0000ABC8
00006491
FFFFEA23
FFFF2528
FFFD6815
000030D6
0000527E
00014FA7
0000B599
FFFEF732
FFFEEC47
FFFDFEDB
00004443
00020E4A
00011495
00010016
0001517D
FFFEDF02
000015C2
00011DA7
FFFF7438
00022E2B
FFFF227E
FFFF3B06
000149FC
FFFE1203
FFFFC096
00002BCE
FFFFC873
0000CB73
FFFF6EA6
FFFEE47B
FFFF5C29
FFFFD8B9
00005219
FFFEE2C2
00000D7F
0000AFC7
00007A1B
FFFEEBAD
FFFDD970
FFFDE17F
FFFEF97A
000131BF
FFFFD013
0000A0EA
FFFDD55A
00014FCE
FFFFCC30
FFFDC90E
00010721
FFFF4FF5
000196F9
0001ABAC
000103E9
FFFFA215
FFFE87C1
FFFD7973
00012D51
00002523
0001C2FE
0000FADB
000158A7
0003BFC9
FFFF9674
00024D9E
00010A69
000044DB
00005D9F
00029DE0
FFFD5978
00012751
FFFFFE88
FFFDC47E
000167E9
FFFF3E1E
FFFD8E9B
FFFE3E52
00005853
00005084
000208F0
0000619B
FFFF32C5
00005AFF
FFFFAF53
FFFF6D2C
0000030D
00013703
00018873
00011516
00000BF5
FFFF6C08
00009235
0001AF6D
0001BC41
000162F7
0001CE82
FFFF9789
00011AA5
0002994D
000165D4
0001EB0B
000110EF
FFFF760A
0000DC3D
000368EF
FFFC3FD2
FFFE4307
FFFC1DB9
FFFC509D
FFFE13B7
FFFC4144
FFFE256B
FFFD059F
0000853F
0000DD3B
FFFFF4C4
FFFFBB5E
FFFF46AD
FFFEF85D
000191FE
00001C9C
FFFE99B0
00008F39
0001B913
0001EE20
00017743
0001251E
00017615
000126AE
FFFDE6E1
FFFF30AF
00003403
FFFE88A5
FFFF2629
FFFEF33D
0001EA5A
000194DF
0002DB90
FFFF658A
FFFECADE
0001A8BD
00021943
0000A826
00021DFC
0001F281
FFFF8504
FFFE97B6
FFFE3CB1
00005586
FFFEED34
FFFF492F
FFFDF0B8
FFFE0B37
FFFDE822
FFFF56AF
FFFE3E11
FFFFBAB2
FFFE1060
FFFEEAA9
0000EF7A
FFFEC4AC
000056B9
FFFD6CD3
FFFDD516
FFFDE987
000074CE
FFFE6E17
0000CEA5
FFFE8494
FFFF9A08
0000B3D6
0000F26B
FFFF3B10
FFFF5D40
00006080
FFFE9E3F
00006FAC
00004651
FFFCF1CE
FFFDD579
FFFF9990
FFFFF81F
FFFF8B7E
FFFF9F32
FFFFD00F
FFFEDDE1
00017813
FFFF227A
FFFE9AEE
FFFD2560
000214CE
FFFCCAE6
0000B75A
FFFEEBEC
00010BF1
0000CC38
00016A77
FFFDAB12
FFFF1B2C
FFFED76B
FFFF6E60
FFFF5237
FFFEE856
00001B55
FFFFBD72
FFFF11DA
000159CC
FFFEA18B
FFFE9F26
000020BF
FFFEAD93
0002103F
FFFFFE8C
00019E73
0002892F
FFFF1C0D
FFFF6C04
FFFF5117
00011BE8
0003874D
FFFF649C
000192D5
FFFDDD30
0001A9C5
00014D34
FFFDCE89
00011A59
FFFDBBE8
FFFEE8BF
0002AB2A
FFFEC5EA
FFFF4EC2
FFFFBE9E
000043D2
00014080
FFFE3D97
FFFE8A4A
00003885
FFFE6CE7
FFFD592F
0003497B
0002068C
0002B54D
0002E28F
00017A95
FFFF61F2
0002461D
00033DC4
0001E898
FFFFEEFC
FFFD9097
00001DC6
FFFEB9F8
0000D94B
0001520F
FFFF7E32
0000F0C4
00016BE0
FFFF83EE
FFFFB6C5
FFFF2079
FFFD911C
00001992
FFFF30D8
0001C69F
FFFE065D
0001468C
FFFD5F12
FFFFC587
FFFEB2B9
FFFF7A34
FFFFD54B
FFFF4BC1
FFFFB039
FFFF6A56
FFFF854A
0002C4D4
00003472
00023D92
00002F0D
000374AA
00008E1A
0001CDD2
FFFFF5D1
00030600
FFFF25C5
000104E3
0000BF10
FFFF2B19
FFFE3A88
FFFDF358
0000CFFE
FFFD922C
00015695
00000F1B
FFFD5635
FFFEEED6
FFFD0923
FFFF7006
FFFE18FA
FFFE2EBB
FFFE74FC
FFFF28A2
FFFF81A1
FFFCF10B
FFFEBC92
00006DD7
FFFDB993
00001031
FFFF2D55
0000DAAB
FFFEFC6A
FFFE8D11
FFFFF37F
00021195
FFFF28FA
00020646
000092FB
FFFF8844
00003785
0000A6FB
FFFFBEC9
0002119D
000027D2
0000646C
00020DEC
00019800
FFFDDA32
0000AE3F
00024DAF
FFFF82FE
FFFFAA5B
00000498
FFFF1860
00011448
0001A64A
0001352D
0000025D
FFFFA720
FFFFF0C8
FFFCF0DE
FFFF3273
FFFED1A8
FFFEB5AF
0000D5F1
FFFD3ACA
FFFE8545
FFFF9019
0001D91F
FFFFF106
000293BD
00014CBA
FFFF4AF5
00024084
00026166
0001D967
0001BCD1
00011E36
0000C771
00008158
FFFFEB9B
FFFF4A34
0002B723
00003AF0
0001CA00
0001B0E1
FFFED0CD
000112C7
FFFF1965
FFFEB8EB
FFFD1553
FFFF649D
FFFEA011
FFFE1B5F
FFFEC1D8
FFFEB76D
FFFFBD85
00017D48
00006A61
0000765F
FFFF2F98
FFFFF754
FFFFA0B3
FFFF81A3
FFFFD569
FFFF6DC2
FFFE88A3
0000815F
00008BAA
00000BC0
FFFF7456
FFFFB59C
FFFEF8FD
FFFECA9A
000161BB
00008639
FFFFCF7A
00015F52
FFFF9CB1
FFFF0AAF
FFFFDE49
FFFF1A7D
000006F0
FFFE8AD8
FFFFD177
00012F94
0000895D
00009E4B
FFFE04EC
FFFF80A9
00000124
00017C07
FFFF20E2
FFFF6E24
00022451
FFFED6E1
000162E6
00020D34
00018C36
0000108F
FFFE24E1
00004645
00008F02
000199EB
FFFDA6C9
FFFFA8DC
000181D5
FFFE96AE
00010169
0001022E
FFFF72C3
00003337
00010D50
FFFF2068
00007769
00015F53
0000A7E0
FFFEF4C9
00005E84
FFFF6C8A
FFFE1169
00005022
FFFEFED9
FFFD4B1F
0001B9C2
0000AAC0
FFFE930A
00005381
FFFF3BD0
0001AC75
0001594B
0000A64C
FFFE6F78
00004CBF
00022875
00017E0F
00010091
000099F7
0000B384
0000342F
00016158
000243F9
FFFF533D
FFFDF7E5
FFFFCB76
FFFFDC91
0000C4DE
0000C9E0
0000F794
0001CC88
00033340
00018582
FFFFD29D
FFFF4F8E
00003839
0000423D
00015677
000351E3
000184E4
00011AD2
0000E7BF
0000A0AB
00005733
FFFF67DB
FFFE0A95
00002087
0000A47A
FFFF6413
FFFFEB5D
00013FE0
FFFD2322
FFFFF320
FFFF338B
0001DC86
00007EA9
FFFE6FA7
0001BA1F
FFFF7E6E
FFFF09CC
00016F4D
FFFFC625
FFFFA982
FFFE9A91
FFFE2587
00015271
0000808E
00008311
FFFECFFF
FFFCE70D
FFFD36EA
0001477B
FFFF84CF
FFFEA60B
FFFED8E4
FFFE3A0C
FFFEAFE8
000160AD
FFFF5BC6
FFFE5DCD
000037E8
FFFF7F2B
0000D8BF
0000FC17
FFFF4F3A
00006861
0000E92D
00015FC8
FFFF8190
00025DAB
00002CA2
0000795D
0001AA48
0000A0B7
00020F0B
00026FFE
FFFFFECA
000207A6
000095BD
FFFF2A7C
FFFE601A
FFFF6BF2
0000AADA
00004566
000048FD
FFFEC2F1
00011ECF
FFFD9BB3
FFFF74AA
00017AEE
FFFD8194
FFFFACAC
FFFF9C3C
FFFEB611
FFFFBE5F
FFFF3AEF
0000DA7E
FFFE2A82
00005A11
00017E39
000087E1
000053F5
0000A43C
00007FE2
FFFF7D05
FFFD69AD
FFFFA7D0
FFFFD161
0000F548
FFFF4456
FFFCD7F3
FFFE79F8
FFFE773A
FFFF256A
FFFE70BF
FFFD9A3D
FFFFB047
FFFF73E3
0000B437
FFFF03D6
FFFEC5DC
000014C0
FFFF1D53
0001E666
0000AA4C
0001B19D
00007CA0
000228E9
00009796
000086BD
0002FA6E
0000EE83
00001B87
00017743
000062F3
00000024
00010861
FFFF8D3E
FFFF30D1
00015E16
00011F2A
00010676
0001E93D
0001B82F
FFFE8FEF
00005F85
0000E47B
FFFF825B
000127B8
000168C5
FFFF4BD9
00002B55
FFFED0F3
0000610D
0000DCDD
FFFE7E79
FFFF6FBA
FFFEAAE6
00014035
000184A9
0001806F
FFFF9C7F
FFFE498E
00005C7D
FFFD9D24
FFFEFBC4
000192B3
FFFFF47D
00018499
00003FBC
000054BD
0001537F
00026C77
00035A58
000134A2
FFFFA4DC
0000AF7C
0001BFD8
FFFFB1A8
000123BA
0000244D
FFFF6D2C
00023341
00018726
FFFEA873
0002401A
00026F8A
FFFE9FAC
00017C7B
FFFF08A3
FFFF93AC
00010F11
00019890
00016196
00029746
FFFE32CC
00001BEE
FFFFA3CB
FFFEE23B
FFFFEDE3
FFFEBD86
000109DC
000098B5
00010EB2
FFFFC675
0000C0FE
00013397
0001BE89
0000921E
00008679
0002250E
00006E2A
000022B2
FFFFBC48
FFFFEC4B
FFFFB53E
0000BE2C
000125A5
FFFF148E
FFFFEA9B
FFFF5432
0000FDA3
FFFF213A
FFFDABF8
FFFD9783
FFFE6AF3
000168BD
FFFF09C6
FFFEB79A
FFFF5F2B
FFFD8C08
FFFD6A8F
00016B8D
FFFEF828
FFFEC272
FFFF8769
0000F787
FFFFCA49
FFFEAC3E
FFFE90FA
0001F70C
0001CD33
FFFF07E8
FFFFF2AA
00028A1D
00014803
FFFEFEC9
FFFFCFFD
0000CF60
FFFE4D00
FFFE649E
0000833E
000185BC
FFFFEB33
FFFFA6F4
FFFF3C07
00020670
00030139
00006103
FFFFDD5E
000183B1
FFFFBD4F
00022D25
00009A7C
0000D0E5
000025F8
000113EA
FFFE98CC
FFFD8E74
FFFEC6DF
000072EC
FFFED605
FFFF8419
0001B169
0001F6EB
0001A0C0
0000AEA9
0000A689
FFFFDDD5
FFFEED99
0000B361
00003C84
FFFEE6CF
FFFED4E2
FFFDF2E0
FFFF89BF
FFFFC66E
0000B819
0001BE02
00005DF7
FFFF8E5C
FFFF8972
000149CE
00003BA6
FFFE7E2A
FFFF1CCD
00022294
FFFE906D
FFFE3C02
FFFDEACC
FFFF6050
00002B9D
FFFFF77F
FFFF3B02
000113DD
00018CD7
00009854
000038A5
0001699C
FFFE884E
FFFDE30E
FFFF8574
FFFE7363
00018966
00019D0D
0000FA5C
00008813
000180FA
000018C0
FFFFD142
00009A2B
000165A7
0001E776
FFFF9903
FFFEAB2C
0001EA8E
00015EC5
0001F6AA
00006270
FFFFFFD0
FFFF91B7
FFFE5D5F
0000F102
00011FE4
FFFF1C62
FFFFEE57
00002E4D
00010948
00014B08
000121C8
0000144E
0000A06F
00005F74
000138CC
0001650C
00005D3B
00017F86
00021B7F
0001B4D1
000108E8
FFFED62F
FFFFC395
FFFECCBF
FFFDFE47
00010598
FFFFF117
FFFF06A7
0000C927
FFFF17A4
FFFEFDDC
00005C3A
00012109
0001ADCA
00008768
0001EF86
000162D3
00015D64
000056C1
FFFE4CB9
FFFE2FB6
0000EB59
FFFDC403
FFFF007C
00001F09
0001E06C
FFFE528D
00004198
00005992
FFFD7036
FFFD9620
FFFEE4E3
000018A4
FFFFA2E5
FFFFF999
00008E40
FFFEBC4C
FFFDE8E5
0000D586
FFFF2666
0001FC2A
FFFED7D4
FFFE0B6F
00012555
0000A55D
FFFDBA12
FFFCA4DA
FFFE8B22
00021204
00020AC8
FFFE714E
FFFD7B20
00001425
FFFE4758
000069AF
FFFF037D
0000568F
FFFD892B
FFFF84A3
FFFF0104
FFFF3652
FFFD1D39
00000D5A
FFFF0792
00002789
0000BDE9
FFFF056A
FFFE189D
FFFC9652
FFFCF6F5
FFFF744B
00025418
0000F2B6
00022CEC
FFFF10A1
FFFEDA47
FFFD0D11
00017907
00031ED0
00030B1D
FFFFB958
00015F6A
FFFF9B94
FFFF857E
FFFF9563
0000681F
FFFEDBD6
00009A07
000010C4
FFFF5A14
FFFFAB8B
0000BADF
FFFE379B
FFFFBFA2
0000D3D1
FFFECB3F
00004E65
FFFE7A0D
0001553A
00008E66
FFFFF8D5
FFFF247B
00006AA7
FFFF1003
FFFF9B7B
FFFF698D
0001D46C
000036D6
FFFF6313
000100CA
FFFFDE1E
FFFE6E67
000134E8
000185F3
FFFFA1D7
0000C8DF
00006B4E
FFFE1CC4
0001C6E8
FFFFAC38
00035927
0000D944
00008DA1
FFFF6D84
00010DDF
0000FFAA
0002F1DD
000003A9
FFFD70BA
FFFFC598
FFFFC3A1
0001712E
0001EE8E
FFFFBAB3
FFFD197C
FFFC2491
FFFF51AB
FFFE87A2
FFFC8489
FFFDD061
FFFC5A0E
FFFEB85D
FFFF8194
FFFFC26B
0000032D
0002AB83
00007353
0001B2D0
FFFE4A38
00002953
00025DA2
FFFFB553
FFFD23D9
FFFFE655
FFFDF6B6
FFFFCE91
FFFCAC48
FFFE7178
FFFD5303
0000E6DE
000090FE
00021C46
0000B5AC
FFFF8496
00009C0C
00009E03
00007470
0000B1D6
FFFFC407
00004F34
FFFD07CC
FFFD5580
00001638
00003FBD
FFFED310
FFFCB049
FFFF81FB
FFFE297E
FFFFBD3C
00022F14
FFFE329D
FFFD8B98
FFFF067E
FFFE139E
FFFF7A43
FFFF8B81
0002C381
FFFE0C72
00013E49
FFFE7BB0
FFFCA228
FFFDE18A
FFFE5152
000090B7
0000DA77
00005CEE
00003408
FFFCE201
FFFE0FC8
FFFD9911
FFFFE013
FFFFD10A
FFFD4DEA
FFFFDE21
FFFD6C50
FFFBFD30
FFFE9FD8
00003637
FFFD181D
FFFDB46B
FFFF25F7
0000971C
FFFD4BD5
00002B36
00003FEF
0002B19E
0003DB29
00013113
00017584
FFFE54F4
000313F8
000175E2
FFFE7CF0
FFFF97C1
FFFD1D12
FFFE9DF1
FFFE747C
FFFDA15D
FFFF36AB
FFFCD9B6
FFFD938E
FFFEA3C6
FFFD1846
000256B6
FFFED4E7
0000C599
FFFE21EF
0001EA5D
00042785
FFFEC2D5
FFFD8340
FFFFE7EE
FFFE489D
0000B979
0001417E
FFFF8F59
FFFF4A2B
FFFEE5E9
FFFF1C7F
FFFDE3E8
FFFE6650
FFFE44FD
FFFEBD26
FFFE1803
FFFDF0A2
0000C6C0
FFFE0E60
0000FC7E
00015987
0000C119
0001507A
FFFEDECF
FFFF77B3
0002A8C7
FFFF4F82
FFFEB9C4
0002C72F
FFFF3E53
0002C1B0
FFFF883D
FFFC1B62
FFFF978E
FFFEC86A
FFFF001A
FFFD4177
FFFD1D90
FFFF0B71
FFFD6B43
0000066C
FFFD6337
FFFE10C0
00012A97
00016463
FFFE6721
FFFE55B7
0001144A
FFFE1E2D
FFFEA0A5
00000428
FFFEBF17
FFFBE866
FFFF5813
FFFB4BF5
FFFFBEB8
FFFDEE36
FFFEDF4F
00036D19
FFFD83E4
00006FE1
FFFEA665
00013361
FFFEA257
0002E84C
000103E7
0000EF5A
FFFE5136
00003602
FFFD315E
FFFE1399
FFFCF821
00007C8F
0001DFCE
FFFDD8AF
FFFD0EE0
0000E88E
0000530C
00021AC5
FFFD70FC
FFFE3ABA
FFFF11C7
0000611F
0000D10C
00028349
FFFFE28F
0002F822
0000579A
0000E426
00028800
000319B0
FFFED10D
000185B9
FFFFCFD8
00005ECC
FFFFAB62
0001B709
FFFF6A75
FFFE19EC
00005FB6
00027199
FFFE528F
FFFF2210
FFFEEC68
00008EC2
FFFEAF0F
FFFEA7E9
00011D04
0001175E
FFFFA89D
FFFCD411
00022506
FFFE3D18
FFFEBF3C
FFFE51F0
00000DF4
0000A73F
0001FBD8
0000D755
FFFF444C
FFFFDBDD
FFFF17B5
0001BA84
0000C47D
000125D3
00005F1E
00008C76
0002FB0D
FFFE4029
0000A35C
00036612
0000CC20
00038342
00016016
FFFF832B
00024FB8
0003B594
000268B9
0003B54C
FFFF91F4
FFFF2574
FFFD893A
00007EBE
000247AC
FFFED611
00024225
0000289E
0000BCC2
0001BAE8
FFFFC391
0002C2A0
0001AEF3
FFFE90E7
FFFF1615
000333D1
FFFEE833
FFFFB3A7
0001BAA3
00016459
FFFF71E4
000125D9
FFFFCAB1
FFFDD726
0001ED88
FFFED8DB
00009B24
FFFFB55D
FFFE9C00
FFFFD8B8
0001380A
000155EB
0000CCBC
00015FEE
0001FD6D
FFFF120D
00006CD4
FFFD6FB5
FFFEBBCB
0001C002
FFFFFF86
00006622
00028C87
FFFF48E1
00015F5A
0000295F
0000D538
FFFDFB07
0000D948
00007233
0000B621
00027809
FFFEB981
FFFE9CCC
000304CF
0001D028
FFFDE0AF
FFFFEFC5
FFFF3C18
00017FC8
00030A75
00002E8B
0001559F
00004E0A
00006D2C
00011F1E
0002EFD2
00013820
FFFEE625
FFFF54DF
00023D5E
FFFFF971
FFFE3396
000276DC
FFFFF3BE
FFFFB451
0002BAF2
0000F45D
000192CE
0000EDFD
00001424
0001EE6A
FFFFFB4C
000401A1
00000712
0002E5ED
00048346
FFFF2AB9
0000FA4B
00004C98
FFFEDB0D
FFFE2F34
00032395
000168D3
0000C9EF
FFFF52A8
00034B2F
0000887C
FFFF17A5
FFFDC595
0000EBBC
FFFD5230
FFFD5605
00014C96
00001B88
FFFDE898
0001F20E
FFFE6FC6
0000BAC2
FFFFB155
0000B640
00027CE8
FFFDB50E
FFFDF0F0
FFFFACEB
FFFE6A68
FFFF132C
0000A95E
0001D099
FFFF7F30
FFFE5430
FFFDD973
00007B8C
000063B5
00001154
FFFDF75E
FFFF9A4E
0002C6C8
000150F5
00007C1D
0000D2E9
FFFF0DB7
FFFFA438
FFFEB1AD
FFFE999E
FFFFFBCD
FFFD45B8
0000481A
FFFFF2DE
FFFF55A4
0001562D
FFFF8BF0
0000A9BD
FFFFE159
0000B4B0
0002FE76
00017EE1
0000784A
FFFE9C12
0001E95C
FFFFC6C1
00007FB9
000191E1
FFFEE9A0
00012587
00003284
0000CD6F
FFFF71D2
0002A4B3
000056C8
FFFF5E88
00013527
FFFFFE84
00015914
0001514A
FFFE806A
FFFFA156
FFFFB3FB
0001A9CD
00009F53
FFFEA881
00005115
0001583C
00012AFE
0001F1D6
FFFFEA49
000359D4
00019BF2
FFFD6271
0000A08A
0001BF23
FFFF4E58
00008127
00000ADE
00018583
FFFF373F
00010957
FFFE33F9
000167A0
0002E11D
0001AE2A
0001BFE9
00017CE8
00015648
0001E3FB
00039CAB
000219A3
FFFF8F61
FFFDCE36
FFFFF8A8
FFFE24B1
FFFE84A5
FFFE195A
FFFED5F6
00015AA8
FFFF9BAF
0000FE48
0002A94A
FFFF7C62
FFFF5FC1
0002BC73
FFFF4CA7
FFFE5767
0001DE00
00014CF0
FFFF4952
FFFE99E7
FFFEECC9
FFFFE683
FFFD7D1B
FFFC9683
FFFFD152
FFFD702C
00010D40
00002420
0000D822
0002397E
0001D815
0000C8F0
00012689
00001EC7
0001349A
0001519B
00000467
FFFF5021
00004FB2
FFFECAE5
FFFEEEE6
FFFFAED4
FFFF4D53
0000D1CE
FFFE828C
FFFFA2FB
FFFFCC81
FFFC974D
FFFE1EF9
000000F7
00004EA0
00020441
0001BBB0
FFFEAB00
FFFFF2A0
00023C09
0002E5D6
FFFE2326
0001F104
00043CAB
00007E3A
00011026
0002A42D
0002965A
FFFEB648
FFFF1E58
0001045B
FFFF55AC
FFFF16BC
FFFE0867
000228B9
0000C100
0000E618
FFFF37E2
FFFF1B9C
0003BF05
FFFFF129
FFFEACD3
0002B460
FFFFB60F
0000531A
000086F8
FFFEA829
000121A3
FFFEDB9D
FFFF0EFA
00008913
00002BD8
FFFEC81F
000178CA
0000848C
FFFFFD58
FFFDC381
0000A435
FFFFC042
000058B2
FFFF85CA
0000D4D0
0000002F
FFFFF811
FFFF0A74
FFFE7F16
00002FB6
0000A852
FFFEBE2E
FFFC82DB
00017256
00006425
FFFF292B
00018A04
00023326
0001F745
FFFDBF6E
FFFF10E6
FFFEC6CE
FFFDDD3D
FFFF60BD
000044DA
00002F05
0000A732
FFFFF23C
00035362
00022EC2
0000146B
FFFF398F
FFFF9C6B
FFFF00B4
00008B8C
0000B876
00029D4F
00028BE4
0001B8DE
00031677
0003F089
FFFFD826
0003F5A3
0001BB62
FFFFFA93
FFFDCC0F
00003819
00005F4A
FFFEBD8E
FFFFA7E3
00017152
00002B99
00023333
0000A4E1
FFFFE2FA
00000365
FFFF02A1
0000F3F7
0001D39D
0000F1F0
0002F746
FFFCF254
000112E7
FFFB67E4
000010D9
0002564F
FFFE971F
FFFCD32C
FFFF413F
FFFE37CC
FFFFC901
0001495A
FFFEB56A
0002A6EA
FFFED60A
FFFE688C
FFFDCBF3
0002340A
FFFC6142
00002D36
FFFDAB89
00016019
000040B4
00039D84
00033831
FFFD8B2E
FFFCCE0B
FFFE288C
000281C8
0001325C
0003B0FF
FFFCF34C
FFFDE1D4
0001DEDF
FFFED9AD
00009CDE
00027301
FFFB7769
FFFB8DBA
FFFCF708
FFFEBC12
FFFE1B0A
00012A5B
FFFCDEB8
FFFC186E
FFFC1C29
FFFC5484
00028CC7
0002F3BC
00014B59
FFFD87B6
FFFE7BD7
FFFE801A
00019778
FFFF8D94
0000CD5F
00000088
FFFBE795
FFFBB6BA
FFFBEFAC
FFFCB4D0
FFFB8C3A
FFFD32C1
FFFAECC1
00027EA5
FFFE1D1B
FFFEA4A7
FFFE88FC
0001BC42
00009C75
00004B55
0000AC06
00019252
00007B1E
FFFEF34F
FFFFCC38
00005430
0000E9DA
FFFF9E75
FFFF093E
FFFFCFB6
0001B57F
FFFB66F9
FFFFA589
FFFB89A3
00004867
FFFDA459
FFFDC14F
00000C21
FFFBEDF2
FFFEDCA1
00019C61
FFFE38A2
FFFF36B0
0003B5BA
000144E3
00001EFB
FFFDB4F7
00007CD7
FFFD855F
FFFF348B
FFFFDF3C
00007BE2
FFFF9A93
FFFCB864
FFFDC0CA
FFFF7D7C
FFFF6452
00011AC4
FFFF4D7F
FFFEEE06
FFFF895D
00029559
0000DA60
FFFF3DF9
00012A79
00001830
0003FFE9
0000DDC6
FFFF35ED
0001223B
00007477
0002B3C2
FFFEF367
FFFF6B2E
FFFDFEBC
00000CD4
FFFB5542
FFFF3971
0000C883
0001ED6F
FFFF9861
000179E3
0000EE29
FFFF06F0
FFFD2CF0
FFFDC3C3
0002B748
00031AA7
FFFD9DAD
FFFEF9D0
00028892
000200ED
FFFFFE9E
000398B4
00037E50
0001F8EE
FFFF2535
FFFBF6DA
FFFD5A58
FFFDD5A1
FFFF2BC1
FFFE5358
000331EA
FFFB072C
FFFFC99D
000190EC
FFFEA1A7
FFFE6DB4
FFFE8ACD
FFFF6440
FFFE3D37
FFFE496A
00010D68
FFFECC10
0000846B
FFFE9352
FFFEBF79
0000FEF4
FFFF40C8
0002BC73
000124A9
00024A3A
FFFE4414
FFFDB6B3
FFFC1683
FFFC6085
0000BDE3
FFFC9E97
FFFDF76A
FFFDB7E9
000131A6
FFFE9240
FFFE6DB4
FFFEF7F4
FFFDE941
FFFE45F5
0000318A
0000CFA2
FFFD8E65
000260BA
00025C7D
FFFF32BF
000068A8
00000DBD
FFFFB045
FFFF974A
FFFF09E6
FFFDC0C5
FFFFD0A2
0000B257
0003776E
000046BD
00003D74
0001AC26
FFFF1B3D
FFFF2238
00033535
00020DA7
0002FA5A
0002B324
FFFE8E35
00010EAC
0003E8CE
0002C42D
000225F0
0000AA8A
FFFFB8BF
00012598
00005263
00021901
FFFED8EC
00010C28
FFFEDFEF
0002D797
00025492
FFFF55FB
0000577F
00000653
0000DBF6
000138B6
FFFE0AE2
FFFD72B5
FFFDD625
FFFFFC5F
0000819E
0001AF8B
FFFF37AC
FFFFCD7F
0001C87C
000221B4
FFFFF57D
00051234
FFFD461E
FFFED6B8
FFFFF03C
FFFECD05
FFFDBC20
000276F6
FFFFD7C1
00025E95
00008E9F
00061360
0002BDCE
0002B9F9
0002BAE9
FFFF8050
00008991
0000FA42
00016AE4
00000AB5
0001767B
FFFF7236
FFFE31E5
00021CAF
0000F77B
FFFF6B64
00038694
FFFCED09
0000B347
00018C20
0001EC1B
FFFDBA9B
FFFF27EC
FFFCA80A
FFFDF51A
00007854
000063B8
FFFDD246
FFFE1654
FFFECD59
0002D6D8
FFFF63D6
FFFE60BF
00012246
FFFEC287
FFFF9BF3
00019791
00024A2E
FFFF0BD5
FFFECB0B
0000A12C
FFFD264D
FFFD7C29
FFFDA222
FFFCBF20
0001FBCC
000199F9
FFFC9342
0001BDC3
FFFE43AC
FFFFBFE9
FFFFC64B
00003DF7
000138C5
FFFECA15
FFFE057A
00003F6E
0000876C
0001CE44
00025412
00037A60
00003E3B
0000C961
FFFE3137
FFFF853A
FFFFB7D3
000042E0
0002B93F
00002D72
0000CB7F
000060A3
000168F2
FFFEA080
0001D680
FFFBDFB4
00016551
FFFCF0FD
FFFDD18D
FFFDC5EC
00018B06
FFFCD953
000133FF
0000ED98
00024AD3
0002D414
FFFF011F
FFFCB0BE
FFFDF58B
FFFF134E
000150E3
0000BD00
FFFF8DFE
FFFE4A91
FFFEC192
FFFCF5E8
000072ED
0001944E
FFFDDFF3
FFFDA682
FFFEE9CB
FFFF68DF
FFFB17F8
FFFB9BC6
FFFFB519
000199DC
0001FF26
FFFC4AEC
FFFE8218
FFFF8F94
000019D4
000046FC
FFFCD18B
0000ADF7
FFFED27A
FFFF90D7
0000DC71
0001987D
FFFEAAE1
00000E08
00045E2F
00012351
FFFF4F6C
0002081A
00041A5A
000339A2
000245CB
FFFDCC47
FFFE6F58
FFFD16C0
FFFE07BB
FFFCA344
FFFF3491
FFFE04BA
FFFCD471
FFFF92BA
FFFF4549
00009F9D
FFFE3885
FFFDDDD8
FFFE5346
FFFF8646
FFFF9669
FFFF909A
0000ED62
FFFCD86E
FFFCBC85
FFFFD2C9
FFFD8FD9
FFFF04CE
0002AEDB
0002F064
FFFFBBFA
FFFF8A89
0000DBED
0000A07E
FFFECA64
0002AD2B
0001282D
0000DA18
FFFFA093
0000DEBC
FFFE7F1E
00025992
0000F012
000001BF
00019BBE
000358B9
FFFD1251
0000C738
FFFF027B
00002A8B
0000C146
0000ECB7
00019652
FFFC0477
0000D260
000326AB
0001FE88
FFFFEFDB
000246E8
FFFFD28B
FFFE7B3B
FFFE3C51
FFFE8ABB
FFFCCC8B
0000F611
00006FB6
FFFEA4DA
0001DEFF
0000012F
0001265E
000079F8
00039371
FFFD66A4
FFFDC12C
0001E8BC
FFFF282C
0000A128
FFFF4321
00000F7D
00031638
000175EF
00007E0E
0000D0A2
0000D39A
0002B74E
FFFF49B7
0003044A
FFFEC30E
0003007E
000319CD
0002FEB4
FFFFD1EA
FFFFBB85
FFFD80C3
FFFE0A6B
FFFE1A5A
FFFF7FC3
FFFE62AE
0002AFAE
00018A1B
FFFDC065
FFFD0D10
FFFCCE48
00013CC1
FFFF1E59
00020F90
00003217
0000D4A5
FFFD6D4E
0000636C
000127B0
FFFDF04B
FFFCB30F
0002447E
FFFEDE0B
FFFBF6D3
FFFFB352
FFFB2511
FFFD52D2
FFFE1626
FFFCC598
FFFD4511
FFFF5600
FFFEA219
FFFFD9EB
0001A04C
FFFDAEC9
0000ABF1
FFFF7B13
FFFF8FA9
FFFFC6F6
FFFE410C
FFFC890F
000437C5
0003AECF
00016B10
00032D03
000107A6
00036C38
00014090
00041D82
00028CDA
000272BE
00016513
0001A67D
0002B747
000193CA
FFFFC25A
FFFEFC09
0002668B
0001E1F6
00016025
000226D1
0002124A
FFFF695D
0003F2D2
FFFF2CD8
FFFDD8EC
FFFEEF79
FFFDBE60
00008AFD
00013ED8
00021113
0003FE12
00016BA3
00009E92
FFFFA03F
000219F5
FFFE7DC4
FFFF932F
0000FB0A
0002573F
FFFF5BF6
FFFE9C48
0001ED8F
FFFE1109
0000949F
0001DB7B
0002BC59
00006A4B
00032318
0002B226
00005CBD
0000E086
00010F14
00005A62
FFFFF205
0000CAF7
FFFFEB55
00031E1A
FFFF0583
FFFF52A2
FFFFE4A2
FFFFF8F4
00013BBC
00007E58
FFFF2E89
FFFFD2DF
FFFE22E3
0001148B
00021AAF
0000A5E6
0001291F
00000319
FFFFCC70
00015F2C
000094EF
FFFE4694
FFFFDA3B
FFFEC787
0001CE27
FFFF7AAE
00000696
000146F5
FFFF9CE9
00015795
00013D2C
FFFE8ED6
FFFE60AC
FFFE3B07
FFFFC299
FFFD6A2D
FFFD37AD
00011792
00003C29
FFFFEFB6
0000102C
0000B5DC
FFFFF8BB
FFFDF353
FFFFBE66
FFFE441F
0000F633
0000AA88
0000D655
0000A12F
FFFE9284
FFFFC4A7
FFFEDAA3
FFFCAB8C
FFFF7076
FFFFB878
0001C4A2
FFFFF974
FFFD4B89
FFFFB6F0
FFFEA572
FFFF9B92
FFFE9098
00009FAC
0001F100
FFFE1A84
FFFECE45
FFFDE71C
000233AC
FFFD0F25
0000928E
0000C4C5
FFFF3A1A
FFFDDD63
00006FBA
FFFD6FB6
000004DB
0000CB1C
FFFE0056
FFFEB348
FFFE1557
FFFCF0A3
FFFDF903
FFFD8503
FFFDA52D
00007512
00010659
0000CDD8
FFFFA141
FFFB92A4
000039CC
FFFEA4C9
FFFEA1E2
FFFDB18D
00017F1E
FFFFC761
FFFF5662
FFFE7C07
0001C7DE
000068A7
FFFCC925
FFFF7249
FFFD79F9
FFFE83D1
FFFD02D7
00006425
000147A6
FFFF5A1C
0000F214
00000A96
FFFECE81
00025167
FFFF5278
FFFD9C7D
0001AC3D
FFFE50BB
0001189C
0000CDAB
FFFEBF8D
FFFF85CB
0001DAAA
00010C80
FFFEF59D
FFFEDA56
FFFFDD60
FFFD236B
FFFD1052
FFFED9DF
FFFE9AE4
FFFDFBAA
FFFE3C21
FFFFA448
000188CD
FFFEF840
FFFF4C96
FFFDD133
000234DE
00001407
0001D272
0001197C
FFFCD99B
FFFE4575
0001388A
FFFDBA9C
0001106B
FFFDE7BC
0000C24A
FFFFA624
0000EC46
FFFF304E
FFFE2BBE
FFFF9BFC
FFFED9D4
FFFE7865
FFFFE84A
00020887
FFFF0397
0001B2E4
FFFE03D8
FFFE21F5
FFFF0967
FFFE97F4
FFFEDE53
0000CDC6
FFFF7154
0000F2A7
00008472
FFFF93FC
00011C73
000149EE
FFFEAC98
FFFF0682
FFFE00EA
FFFF020E
000168F4
FFFF0882
0001535D
FFFE61CC
FFFF9A16
00008C80
FFFF91AA
FFFFF2CE
FFFCAF69
FFFFA2FD
FFFF3051
0000ECAA
FFFCA864
FFFD11C1
FFFF7E02
FFFD734F
00011FC4
00018554
0000949F
0002B55A
0002D984
0000547D
FFFEC74B
FFFF9E6C
FFFF8DCF
000134A9
FFFCFC59
FFFF9722
00016C7E
FFFFE1A0
FFFFF45D
FFFE9389
FFFE62F4
FFFFC81B
FFFD8B5D
FFFF054B
FFFDB49A
FFFF80D6
FFFFA1C9
FFFF72B6
FFFE82F0
FFFD144F
000085BE
0000C87F
FFFDC5C2
FFFF7EE3
000093F8
0001A7EE
FFFFB0DF
FFFEE66B
00021C41
00015728
00015EF9
FFFF89CF
00017551
00018DCF
000225FB
0001748F
0001AC36
FFFFA719
FFFFC4EF
00019955
0002545A
0000629E
00017619
000048E8
00037293
FFFFD7C7
FFFE52F1
000243D5
00006B7C
0002E7F1
FFFE93A6
FFFF77DB
FFFFF2AB
0000980B
00013576
FFFF98FB
00018A6E
00008C4E
00029E7C
00003853
FFFFB161
0000BC5A
000241BA
FFFF7626
00009A8E
FFFFFD63
FFFDCECE
FFFF6059
000042E1
0000BAB9
FFFF1172
FFFE6215
FFFEE235
FFFE6BAF
FFFF575F
00044EBF
000243D4
000108BD
00002FB1
000288E1
000098E9
0001A9AA
00015F2C
00011ACE
0000B790
FFFE409A
FFFD5F14
FFFF8125
FFFEC862
000201CF
FFFF45C9
FFFF4E4E
00003D48
FFFF91D5
FFFD88C8
0001BB4A
0001E409
FFFF64C2
FFFE0E14
FFFE8B6C
FFFE8C40
000094B3
00025CF8
00027047
0002C764
000212FC
0002D19D
00023E56
000368AB
000123C4
0002168D
FFFF2BC9
00007E0E
FFFF4AD5
000346AD
00014B28
00010A28
0000A39D
00023A22
000224AA
00004302
FFFDBBE4
00000056
FFFFD09A
FFFFCAE1
FFFD76BE
FFFFEEAF
FFFD2DEB
00008AA2
FFFCBB93
0000B195
FFFE5635
FFFEF4BD
0001E537
FFFE93D6
FFFE75C0
00037847
0000656A
00001E74
FFFF9D00
0001662E
00033C8F
000181F7
00016A1E
00028185
000105D1
00034B21
FFFE45C5
FFFEEFDE
FFFE47D5
FFFD9F0D
0001B121
000017A2
00006250
FFFF8CA4
FFFE8259
0000F910
00013C37
FFFF6FAA
0001CE36
0002C901
00018C5F
FFFEC4D1
FFFF2AC4
0000A82B
FFFD366E
FFFEB4C8
FFFF6BCF
FFFF684F
FFFE8EDB
FFFD3A60
FFFF348B
FFFCE31D
FFFF4D8E
00013451
0000316E
00013C5E
FFFE06DA
FFFCCECF
FFFFE01C
0000A1CA
00026557
0000D235
00004C6B
0001176A
FFFF03D0
0000F712
000127AB
00016A96
00016242
FFFDE161
FFFE421A
FFFF8A37
FFFF2BBA
FFFDB3C4
000018E3
FFFC96C9
FFFECE75
00003808
FFFF77D9
FFFFF785
FFFF6060
FFFD23B1
000059BC
0000CE5F
FFFD297A
FFFE5179
FFFEAE9D
FFFEABD1
FFFEA91E
00000413
00001564
FFFF4ABF
FFFF7D01
00000E56
FFFCF131
FFFEF791
FFFFE463
FFFE7CF9
00008973
FFFFE745
00040521
00018BAE
00018127
000047F3
0003B7B3
0003BA47
00014843
000088C7
0000B111
FFFEBBC4
FFFF9C74
0001D0E4
FFFF3BC4
0001FD8B
000211F6
FFFF7C07
000145B2
FFFD4FE9
FFFE81F0
00006F69
00009C10
FFFE6ACB
FFFFC5DD
00007229
0000A025
0000EA2E
00009228
00000DB2
FFFFEA7D
FFFE809F
00003D54
000000CB
FFFE21DD
FFFFAC32
0000F455
0001293D
0001E01C
00023C7A
FFFD89E4
0001300B
00002008
000087F4
FFFDDECF
0000C0CE
FFFE1F01
FFFFAF98
FFFF4795
0000AC86
0002788F
FFFF21EA
FFFF165F
FFFF9752
FFFF4534
0000C7C2
FFFE203C
0000AEFF
FFFD1315
FFFFF3BF
0000B4FE
FFFF0F3C
FFFF0DA1
FFFF08F1
0000355F
00001B89
FFFE2E3C
FFFFC882
00002FE7
0000CB9F
0001A4E1
FFFEF72D
0001D3EB
FFFFA240
FFFE6231
00008A3B
FFFE5A49
0002F3F0
FFFFEDF2
FFFE4A3C
FFFFEED1
00005AAD
0000F481
FFFF960E
0000E806
FFFEF3E7
FFFD5AF5
0000C400
FFFFAC08
00002394
FFFF421D
FFFF1111
FFFD374C
000017C5
FFFEEDF8
FFFDE370
FFFD2F81
0000CEBA
FFFF359E
0000EF4A
FFFF1FE5
FFFE54F8
FFFE1A93
FFFF05C1
FFFF16D5
FFFE6EBF
00011AB3
FFFFB767
0000AED2
FFFED6F0
0000420E
FFFD31ED
FFFEB238
0000FEF4
FFFD27E2
FFFFC5D6
00005669
00010103
00014EA8
0001E279
00019793
0001C496
0000D5AE
0000A8CD
FFFE5E03
0002CAA6
0000857B
FFFFD084
000228F3
FFFF9BB5
FFFDB70D
FFFD2816
FFFE5EE5
FFFD5B7F
FFFE4C1E
0000964F
FFFDC2D6
0000CE12
FFFFD247
0000DDEC
00006EEA
FFFF46AE
0000A688
00005E5E
00030E31
00006931
FFFF6C2B
00005751
00006CD8
0001EA3C
00013281
FFFF7432
00030024
00003FE7
00000ECE
0001140E
FFFE1D32
00016B5C
000000E2
00000CE5
00003C94
0001CD44
00002A98
FFFFC8A1
FFFF8ECE
FFFD1BFF
FFFF7248
0000CF40
FFFD0042
FFFF62F7
FFFED31B
0000AB57
000064A4
FFFF76D9
FFFFBE90
FFFFCF3C
000115BD
FFFFF4C5
FFFFA199
000140B6
FFFF0E01
FFFEE37E
FFFE2F9B
FFFF8DFD
0000C7C9
FFFFBA5A
FFFF3267
FFFE01A5
0000405C
000047D0
0000126A
000107DE
FFFF4A84
0000939C
FFFEBA28
0000CE43
FFFFAFAF
FFFF853C
FFFE71C3
FFFF8475
00008D82
FFFEFDDC
00004CB4
0000F42C
FFFE49C5
FFFF0FE1
00004CE5
0000BC59
00004B50
000037DE
FFFF988C
00009BB8
FFFF29F5
00000BBB
FFFF77F7
FFFF30F2
0000C7EB
FFFF1BF0
000053FB
FFFEE4F9
00004DE8
FFFE99C9
FFFFB0BB
FFFEB44D
FFFF63A1
FFFF6EE4
0000CF36
FFFF6101
FFFFAA93
FFFEF37E
FFFEF601
0000EF9B
FFFF4CCD
FFFF5B92
0000F7F1
FFFFBB22
0000EDDD
FFFF002D
FFFF4229
FFFFCF71
0000121D
00009627
FFFF9882
00003DD1
FFFDB82E
FFFE3212
FFFE58D1
FFFE06F0
FFFE5C58
FFFDC69D
FFFFB4FB
FFFF3450
000050E6
FFFFFFD2
FFFF2F6C
0000D31D
0000451A
00005AFD
FFFF89FE
0000BE75
00002970
FFFEFCBC
0000647B
FFFF06CC
FFFFF3D9
0000746E
FFFFA6E4
FFFF345A
00004052
FFFEFB62
FFFFF04C
FFFF4D98
00002DED
FFFF06D3
FFFE9C56
00003542
FFFEA4F9
0000ACE5
FFFF4906
0000BA81
FFFEE300
FFFFD188
00009BAF
000161A7
FFFF564E
FFFFAB30
FFFF76E5
0001119B
00017C81
00014722
00015550
000082A9
000145FB
00003C5E
00018D4D
0001B080
FFFF6398
FFFED813
000022CE
FFFFB23E
FFFFB0AC
0001B752
FFFE6519
0000C533
FFFF2EDF
FFFF8910
0000902A
00011643
FFFFFE21
00009B67
FFFF738F
00009BA4
FFFF39BA
0000075F
0000046A
00010908
00004DCB
FFFFAB78
000172C4
00006F2C
0000C20C
0000BE6F
FFFEE83C
FFFF6019
FFFF7A99
FFFEAFCA
FFFFF741
FFFED470
00000670
00018AF9
FFFFC6BD
FFFE3188
FFFE98BF
FFFE6278
FFFF1AFD
FFFEE106
FFFF2E3E
00015A66
FFFE1ACD
FFFF908A
FFFF611D
FFFED655
FFFEB9D2
FFFF5E44
00002007
00006D50
FFFEED52
FFFF2B6F
0000A89C
000079DA
FFFF2FE1
0000901E
FFFF60F0
00002E16
00017515
FFFF9DA8
0000199B
FFFFD9C3
FFFEB873
FFFFD132
00001557
000057A2
0000D54F
0000C4D4
0000AA30
0000307C
0000CA52
FFFFD715
FFFFFC5B
FFFF69B8
0001032D
00008160
000039E3
FFFFF68C
000009B1
FFFF0B67
FFFE833D
0000640B
FFFEF9EE
FFFEB1AE
0000C7F3
00019A9E
FFFF5C0A
0000A9B7
FFFEAA4E
FFFF1B99
FFFFBACD
000014C5
0000EE5D
FFFF99F1
000144F7
FFFFD32D
00012222
FFFF65BA
FFFFA971
0001B72A
FFFF1A47
0000D8F6
FFFF8CA7
FFFF9627
FFFFD253
00003922
000011CB
0000AB2E
FFFF08AF
000048C3
0001D89C
00015A09
0000CBAB
00021DEB
FFFF1D60
0000F0CA
00008643
00002981
00007279
FFFF841C
00017D34
FFFE8251
0000FFAF
FFFF8AB5
0000A5A7
0000B3BC
00003A16
000008FC
0000A2F4
FFFFBB3B
FFFFAB15
00000EFB
FFFEDAB1
FFFFBE9A
FFFEEE02
FFFFA39C
00009A42
00007DC4
00000B5D
00012090
FFFF7CA3
00003F6B
FFFFB6F8
0000AB6B
00015ED9
000047E9
FFFF46EF
FFFDFB6F
FFFD7FDB
0000374A
FFFD3C00
0000BF4A
FFFE8989
0000294D
0000366C
FFFF93D6
FFFF62B8
000122A8
FFFEF8DA
000167A4
0000C446
0000A6B7
FFFF0C20
000014DB
00009BF3
00029CEE
00012BF7
00005E46
0001AA17
0001FD3D
0000F440
00005695
FFFF678E
0000DC94
FFFF3A6F
0001164D
00008A9C
0001C4F3
000022B7
FFFFB48B
00009A28
FFFE95FD
000052DB
FFFDC6EA
FFFF2C4D
FFFEE22F
FFFF0BC3
FFFE21F8
FFFF59AD
00000C1C
00001442
FFFFD820
00005136
00004AA5
FFFE6962
00019879
FFFF45DC
00017466
FFFF6B87
0000169D
00009655
00009A70
FFFFFD27
000104FF
FFFFE979
FFFF02E4
00002A10
00012790
FFFFCDCD
FFFF0AB2
00008722
0000E59C
FFFE3A27
00015990
000097C4
0000DE9D
0000BCB6
0000C945
FFFF4521
00007A2F
FFFEA211
FFFF1400
FFFE3E86
FFFEA9AD
FFFF5C21
FFFE4C70
00003814
FFFE6171
FFFE8E30
FFFFB5BF
FFFFECB3
0000F396
FFFF2097
00007CCA
0000A690
FFFF7B6C
00007997
FFFF1978
00018E3B
00005B4E
0000152A
0001519F
FFFFDB92
000209D1
000199BC
FFFF219D
00001B11
FFFF1A54
000123F5
FFFFEBD2
FFFF3698
0001D27A
0000B142
FFFFB896
FFFEED49
0001381A
FFFF2EB9
0000D0F2
FFFFDE18
0000FE08
FFFF4A25
00016347
FFFFD9BB
0001B714
00002D86
FFFFE44D
FFFF51EB
FFFE611A
FFFF3393
FFFE585F
FFFF8DBA
000081FE
0000EF9B
0000F49C
0000786D
0000EE6A
000115FC
FFFFFA82
FFFF83F7
00009CEE
FFFEB964
FFFF3858
FFFF5A2A
FFFE675E
0000D9BD
FFFF45FD
00012D9F
FFFED63E
0000753F
000034A0
FFFEDB81
FFFF23E2
000099BD
0000EF15
0000F516
00008104
FFFF2AFE
000049AB
0000C7FB
00010930
0000AE70
000042F7
00001C5C
00006979
00004487
000178B1
0000EB82
00011BAC
FFFF61AB
FFFFAD54
FFFF76B7
00012A3C
0000C740
0000A347
FFFF2903
000112CE
00012428
00006114
FFFF74D1
FFFF379F
FFFFDF4E
000089C8
000120F2
00005FEB
00009D69
000051FB
00005284
FFFEFC9E
FFFF756F
FFFF4C9B
00007553
FFFFC96C
00001991
FFFFC440
0000EB9C
FFFFCB99
FFFF55AE
FFFFE2A1
FFFF6797
0000D23B
FFFECE5C
FFFF33DC
FFFFAF4C
FFFF811A
FFFEC96D
00003892
FFFF9362
0000352F
FFFF8D43
FFFF3F8B
000112FC
FFFF9C37
FFFFF1D2
00019BBA
00003F67
FFFFB392
00004C30
FFFF7D3F
00011E43
FFFED290
0000C5DD
FFFEB5EC
00020D23
FFFEC4B1
0001B3AD
FFFFC140
0001A3FF
00013139
FFFFDBB3
0000C1BB
FFFE0B5A
0000074B
FFFE4409
FFFF51C4
FFFD7587
FFFFF3D5
FFFD6598
FFFF50BF
FFFD4E0A
00015612
FFFFE439
00003E09
FFFF0ABF
FFFF8612
FFFF2C08
FFFFF96B
00010A93
0000B86B
000103AF
00015056
FFFF0F79
0000732D
000048EC
FFFF8B1D
0000462C
00006CE0
0000629F
00008201
FFFF3E5C
00015ECD
0000365B
FFFF67ED
00014A95
FFFEDBD5
00017C2B
FFFF98F8
FFFF8647
FFFF0185
00011150
FFFFF4F9
000127AF
FFFEA289
0001649E
FFFF0077
00002A95
FFFF7EFD
FFFEA492
FFFFB0AB
00000E43
FFFFE37D
FFFE3BC9
FFFFA04F
FFFE69FF
00002BAF
00020FCC
00014AD3
00021E40
00004960
FFFFA563
FFFF9D04
FFFF8786
00012A1B
00008681
0000CE99
0000B2BC
0001E46A
FFFFAB19
0002481A
FFFF778D
0001FF3A
00000C3E
0000C305
00006C77
00006BC1
FFFFE379
FFFEC7F0
FFFFA0D3
00009C9A
FFFFEAD5
FFFEF7C0
FFFED052
00008FD7
FFFF68A4
0000111B
FFFF204F
FFFE5BDA
FFFF08F3
FFFFD0A0
00003D4B
FFFEBF1C
000062B3
FFFF2DD3
FFFE74CC
00018ADD
0001009C
FFFF8F92
FFFDBE52
FFFF459C
000070E2
FFFE8391
FFFFB093
0000244A
000187C3
FFFFF6AE
FFFED3C9
FFFE97E3
FFFF0319
FFFF3A4A
FFFE4B42
0000533A
FFFDE960
FFFD1535
FFFE0FE2
00008DD0
FFFDCF56
FFFCDB71
FFFD02D8
FFFD8E4A
FFFD16C6
FFFCB672
000020EB
FFFF19A4
FFFF9035
FFFC4442
FFFFA108
FFFF9FD4
FFFFDAD3
0001E757
00009287
00001735
0001E672
FFFECEF4
FFFFBE97
FFFF9CDE
FFFEC10A
FFFE6B0C
FFFFE476
00015D0B
FFFE7F0B
FFFFFEE2
0000FE4C
00002BF6
FFFEC093
00003759
00003E87
0001B6D0
FFFFA380
FFFCE66B
FFFDE14E
00008DE9
FFFE4C41
FFFD563D
FFFE08B7
FFFF04AA
FFFE063B
FFFFDF2C
FFFF88F0
FFFEF82D
0000BA38
FFFE29D3
FFFFE031
000153BE
FFFEF01F
FFFF4AD3
0000AD22
FFFDFFFE
FFFE3624
FFFE7B09
FFFF8920
FFFDFE95
FFFDFD78
FFFE1A68
FFFE7B5F
FFFF7D99
0000A5D3
FFFEAD16
00005275
FFFF6B7C
FFFFD8CF
FFFEBE29
0000015D
000014A8
00009571
FFFCB8F5
FFFE1408
FFFDC01A
FFFFEB74
FFFF524E
FFFDCF3F
00017069
FFFDA6A4
0001589D
00007AC5
FFFCA930
00013436
FFFF6F6D
FFFD550F
FFFF5CD4
FFFF5533
FFFDF33A
FFFE607A
00004064
0000DEF0
FFFFEF07
FFFE6DC3
FFFF0D29
FFFFEC05
FFFEC5E5
FFFFFC60
FFFF8CCF
FFFFDE27
000165D3
0000B12A
FFFE2DD3
FFFE9C55
FFFF59F8
0000EB5B
FFFDCCD0
FFFF0CCD
FFFF29F3
0001AB0A
FFFDFBBB
FFFEFA70
FFFEBDA0
000024B8
00013D66
00000156
FFFD6047
0000B3CE
FFFE73B6
FFFE546A
FFFE29BB
FFFDED89
FFFED83E
FFFF3E9E
FFFE819D
0002E432
00000435
FFFE1EFE
FFFE41B9
0002881B
00005FA5
00018C8A
0000326B
FFFE91F4
FFFF26E5
FFFF24C8
00005332
0000974B
FFFEEA7B
0001CA63
FFFFB177
FFFEB64C
00018274
0001FC07
FFFC16AE
FFFFFF55
FFFD6CA0
FFFD077D
FFFF8777
FFFCEE24
000110AA
FFFFA81A
0001BA69
FFFE4720
0001013B
FFFDF7C1
0001ED4B
00015AD6
FFFFBF98
00005A88
0001AC44
FFFF113E
FFFF14AE
FFFD00B7
FFFD6586
00003DEB
FFFE2AB3
FFFEC390
FFFE4958
00001DB7
00008C2A
00019915
FFFC2BF1
FFFDB4EB
00018F40
FFFF36E3
FFFD7E4C
00009F20
00020C3A
FFFE88AA
0000066D
FFFE5307
0000FB20
0000C42E
FFFF3777
00026495
FFFF3B90
00001FB5
FFFFFFBC
FFFF94FF
0001B91E
FFFE7D50
00031841
0001EFE8
00021B4C
000067D3
FFFED393
00028C9A
0001585B
00013EC0
00027910
000194B6
0003393B
0002EFF7
000079AF
00026902
00021935
00014CDC
00001D4E
00009E65
00020C8A
00011E21
000275C8
000120E9
FFFEBE79
000054CD
00026189
00025589
00012A4B
0000EB1B
00032653
0001292B
FFFD9CC7
FFFE9E9B
00019911
FFFE61D7
FFFF78C1
000092F3
FFFF1427
FFFF72AE
FFFFFC84
00008F65
00011644
00008E32
0000F147
0001DFF4
000004CA
00026B38
0000EB88
00020765
00010EA0
FFFFBAAD
000089CC
FFFE3C1F
FFFD3D34
FFFEEDEB
FFFEB3EC
FFFFA184
FFFE8845
FFFF6ECB
00014DC4
FFFF861B
000233E5
0002248F
00014586
0001FEE2
0002ADF3
000048A4
00037F2F
FFFFA333
0000A87A
FFFF9DAE
000041A6
00039B49
00010C94
FFFEAF05
00006DDD
0001A131
FFFE2206
000214A1
00004980
00024E19
0001C5BE
FFFF1187
00001870
0002939C
000021E2
FFFF55E7
FFFEBED4
FFFD22CE
FFFD8406
FFFCE07E
0000DB14
FFFF08FA
0000B2C9
FFFD0A6E
0000DFB9
000283E6
FFFCD91D
FFFFD2DA
00005FFE
FFFEA312
00014EEC
FFFED345
00022763
00000821
00008F53
00011C5B
FFFEFA5C
00006562
00001E5E
FFFF4304
FFFF825B
FFFEEAEC
0001CD1F
FFFFA3FC
00000922
FFFEF8F9
FFFFE3A7
FFFFD471
00019812
00008E3F
FFFF2938
00000BC0
FFFE0AD4
FFFFFB7C
FFFFBB6E
00006520
FFFF3F26
0000CE78
000068D2
FFFE5FB0
FFFF494F
FFFF5F04
000048BC
000063FD
FFFF8CCF
FFFFB56C
FFFF24AC
0001AB26
FFFCCC5C
FFFFC0D0
FFFE337B
FFFFB7C1
0001535F
FFFDB89A
FFFD24EE
FFFD5049
FFFF3E4E
FFFF2467
FFFFF471
0000E295
00031E19
FFFEC4C2
FFFDC438
00032451
000003C3
FFFDC76E
000089B9
0001399A
00001A76
FFFDB691
FFFF78F9
FFFDCE9C
FFFF92BC
FFFD5956
FFFF415A
FFFF49BA
FFFECDA9
FFFF872F
FFFECED4
FFFB7A36
FFFE899B
FFFF8895
FFFF38D5
FFFF1C0B
FFFE4505
FFFFF0A6
00008638
0000059B
00003809
FFFF65E4
0000DD41
FFFE6E4E
FFFDFDDA
00005D2A
FFFF1DE9
FFFF87E6
FFFFF40E
00006C3A
00040E76
00015532
00015441
00020802
000051E0
000314C4
FFFFCCB8
FFFEAC0B
0000CA8D
0002707D
FFFDCA7F
FFFDFD40
FFFDB918
FFFFBCC6
0000DF0B
00040058
00013C00
FFFD3AA0
FFFFE958
0001ACE9
0000B41E
000121AC
FFFD3AC9
FFFC6986
FFFF8854
00008868
0000B333
00004AD9
FFFDC942
FFFFEE8E
00005A34
00028E4F
FFFE8357
FFFFBA6F
00018F13
0002CCA6
000055C6
0000C0C3
FFFE6CCE
00023E6A
FFFF1B1A
FFFE750C
000213E6
000002C2
0000DC36
000049E9
00013CC7
FFFF4520
FFFF3110
000293F7
00014A87
FFFF9750
0001DFBE
FFFF555B
00018A15
0001514A
0001CC3C
000315F5
000111C8
FFFF909C
FFFED919
FFFE5AF2
FFFF1336
0000B063
FFFFD33E
0000AC48
FFFE0805
0001B2F4
0001503B
FFFE2A82
FFFF4484
FFFFE4AA
FFFDE1C6
0000CC86
00001480
00016136
FFFF26F8
00031923
0001A688
FFFF5E0C
0003656E
0001F2B8
0001886C
FFFECAB0
00007F5E
FFFE6609
00003C44
000017E8
00011AC8
FFFDD153
FFFEE94E
FFFFA766
0000D146
FFFF9F9C
00019D28
FFFF65DC
FFFEBD15
0001A139
FFFF1366
000002A9
FFFE5DF7
FFFE42A0
00025C01
0000E0CF
FFFC3BD9
FFFD22B1
FFFF9310
FFFCF542
FFFD458F
FFFE9F8D
FFFF180E
FFFF1E5E
FFFDDE43
FFFE30F4
FFFE4CE9
00019D28
0000F867
FFFED37E
0000C7A2
FFFEB20C
FFFF7C22
00017D0A
FFFD5720
FFFE01B4
FFFE78A6
00011291
FFFEA9F5
0000CC12
FFFED4D7
FFFEA0EF
FFFF6BEA
000207B6
00008339
0000D842
00015F16
FFFF82A5
FFFFB69B
000018D6
0001FFDD
FFFFE55E
FFFF39F9
00004D70
FFFFDDF0
FFFFC9DA
FFFF908D
FFFF848C
000295E4
FFFF001E
00010431
00007A02
0000657A
0003F569
000109F4
FFFE10EE
00027C26
00046DE4
FFFF69BA
FFFFD2B3
00012DAA
FFFD97A6
FFFFD453
FFFE7824
FFFF12CE
FFFF1041
FFFEBB0F
FFFD2815
000093B9
000190F0
00009CA9
00022457
0001BF77
FFFF5909
00001CA9
FFFFD9DB
00011CE3
0000E189
00015743
00010007
0000EA29
00014ED5
FFFFDEC8
FFFFD3A8
00013BAE
0000F3C1
FFFE5239
FFFEF152
FFFEDBAC
FFFEC6EF
FFFF3A6C
FFFDC3F1
FFFE2CF7
FFFED641
FFFE6D87
FFFE7C6A
FFFFB8B9
FFFDC439
FFFF7ECE
FFFFC537
FFFCF921
00006CAE
FFFE2AA1
FFFF22A5
FFFD1AF7
FFFD5406
FFFEE393
000069E4
FFFCEEE3
FFFE4BC1
FFFE11A1
FFFE8FC4
0000993C
FFFF6121
FFFDBF72
0000A6C4
00004BE1
FFFFCFD8
FFFE4A86
00005FC5
FFFCBEEB
FFFFBF33
FFFEEDF8
FFFF86A0
FFFE5F76
FFFEE70D
FFFF3192
FFFCD030
FFFE06F4
FFFEEA14
FFFCCB27
0001D846
0000C778
000033DA
0000C1C2
FFFE400E
FFFF999A
0000526A
0000EC6C
0001E975
FFFF6C99
0001114E
000138B7
0000352D
0000B039
FFFF6CF8
0000C8EB
FFFF9713
FFFF8909
FFFF6074
FFFD2B23
FFFF4CBA
00001FF6
00003562
FFFFB2C7
FFFFA7FA
FFFDBA3C
FFFE6A47
0001EB00
000088A8
0000788C
0003C1B9
00035F9A
0000251B
0000DD2D
00021F3A
FFFFC0B9
FFFF388B
FFFE97DE
FFFF16B9
0000F804
FFFFC515
FFFFAB4F
FFFE60E4
000069A0
FFFF102A
FFFD4B0B
00001611
000009D7
FFFF30E3
00003127
FFFF4745
0000A945
0000F027
FFFE024F
00016A29
0001B1DC
000242B6
FFFE2A91
0000A570
FFFECD27
0000C40F
FFFFC4C6
000127E9
FFFD85FC
00009D7A
00006DEF
FFFFF1EC
FFFF3F79
000129C5
000039E0
FFFFCE98
0001A2E9
FFFE9A69
00011EB0
FFFF5B38
FFFF8488
0000EFA1
00000D1E
FFFDEDE1
FFFEB92F
00008EFA
00010574
00032B97
000042E9
0001C0B2
0000F50E
FFFF5201
0001BB9D
0000153B
00015420
0000CEAA
00006C61
0002ACC6
FFFE958C
FFFF4451
000087CE
FFFE942B
00001514
00007503
0000F696
0001B6DD
FFFE0E97
FFFF4CB8
FFFECE1E
FFFFD42C
FFFFB5BD
0001A79B
000086DB
FFFF07F0
0000B04C
00009C0A
0000D6B0
FFFEC746
00018EE2
FFFF4FB9
000158D3
FFFF5217
0000E784
FFFF369F
FFFF919D
FFFF4E2C
00002F22
0000C16D
0000960F
00009F77
0000DBE4
FFFFDFD3
FFFFDD45
FFFEC349
FFFF7C6D
FFFFDE04
0000FD24
0001874D
FFFF0138
FFFF1F7E
FFFEF3D7
00010FA4
FFFE1028
FFFDF1E4
00002500
FFFE8FDF
FFFDC439
00007010
FFFE6B27
FFFEB1F9
FFFDA4ED
FFFD868B
FFFF64F1
FFFF4310
FFFF42FD
FFFE6A48
0000C386
FFFE6405
00009FBE
0000EB60
FFFF47FD
00014F2F
000089EB
00002A87
00006E1E
FFFFA177
00023153
00021A56
0002C378
00034064
00009F51
0000538D
000090AF
FFFFF06C
0001C6A5
FFFFC8CF
FFFEF784
0000E724
0000683E
00003EBB
FFFF4256
FFFF4DD5
00017D66
000161D2
00024FC9
000060E2
0000AC45
FFFE867B
FFFED322
FFFE1F36
000155B0
FFFE78F0
0000053A
0001586A
FFFFCD14
FFFF304E
00004C2E
FFFEDAA2
FFFF5CDB
FFFF1797
00018C2C
FFFF2363
00021985
000091BD
FFFF3713
00024E01
FFFEFBC0
0000F3D3
FFFF44CB
0002DB92
FFFFA09D
0001FB17
00018270
000165E8
00016AF7
FFFF31AD
FFFF0839
0001B5CA
FFFEE1B7
FFFFF8BD
FFFE6540
FFFE0C05
FFFE9997
FFFE07DD
FFFE2391
0000D76D
000064CD
00000F6C
00003E9A
FFFD7D67
000009A5
0001A20A
00007B87
00016525
000181EA
000071AF
0000E689
000141F0
FFFF8E78
FFFF7DD9
0001C3F5
0000AFAF
FFFF195A
FFFE13F2
00006247
FFFF3FE3
FFFEA723
FFFF39D4
00003346
FFFEC5D5
FFFF4508
0000AF1D
00022E12
FFFFFFD0
00008B7E
00017A16
0001FEC2
0001BB1F
00018560
00018171
00020BD3
00029733
FFFFE392
00011755
000041C6
0001D266
0000D26C
0002517C
0001BAC9
FFFEE194
FFFFF513
0001A20E
0002606D
000032C1
00017221
000089FB
FFFF62B4
FFFE477D
FFFF94F9
FFFF3C6E
FFFE9907
FFFF49AF
0000A639
FFFEDA06
FFFF3CA2
00007850
FFFD9BE1
FFFED540
000020F2
FFFE9881
000140EF
FFFFA5A5
FFFEBEEF
FFFEABDE
FFFF75CD
00002834
000043F1
FFFFDFA1
FFFE221E
FFFE5DBB
00002C76
FFFFB006
FFFEA7E0
FFFE86AD
FFFDF682
FFFE8440
FFFF18A2
FFFF1A18
FFFF7522
FFFE71F4
00012A2A
0000A5EF
FFFFE8A2
00012A0A
00001A6E
FFFFF1BE
0000F13E
0001B4BC
0002E62F
000344C5
0001245D
00028CE1
00021D10
000190DD
0000A348
00023E3C
FFFE5E5A
0000CDE3
FFFF9BFF
00010BFC
FFFEC128
FFFEF3FB
0002BEBE
00009B68
0000F389
00016CF7
0001070B
00014416
FFFEFE60
FFFFD576
FFFE94CD
FFFD9DC6
FFFF8F1A
FFFD78C4
FFFE7D8D
FFFD815D
FFFDBAC6
FFFF327D
FFFFE87A
FFFFC7D8
000075EC
0001BED7
000008C3
FFFF028E
FFFF08C8
00017360
00004E67
FFFF5162
0000A572
00019487
0001E4D3
FFFEF190
00012953
FFFEF4EF
FFFE99B1
0001F6A8
000074FE
FFFEFE7E
FFFEB984
FFFEA1C8
0001FA4B
0002016D
FFFF6F79
000145FF
00007E90
FFFFCC89
00003432
FFFF8CB4
00000A24
FFFF0A34
0000B6BD
0000EEA3
000102C2
FFFF1BB8
FFFE59E9
FFFECE26
0000C39D
FFFE9886
FFFEE499
00011434
0000DDE6
FFFF29DD
000291E2
0001CB27
FFFF8AE0
FFFF4BC1
FFFE2839
FFFEE5EB
0000B975
0000431D
FFFE2C01
0001988B
FFFEDAC1
0000BBC9
FFFFFBC9
0000A81F
0002A954
FFFF4EA5
00015642
0001FD2E
FFFFAB4D
FFFCD1FE
FFFDAAAD
0000A85E
FFFDD384
0000B3A1
FFFD46F7
FFFFB6AF
FFFD644D
FFFF9056
FFFE3A38
FFFFC474
FFFE5A57
FFFF3177
FFFFE743
FFFFA837
FFFFEEC4
00019CD8
0000032E
FFFFAA24
0000E7C5
FFFF5FF6
FFFEF601
00000713
FFFE5881
00018D93
FFFF0BA0
00020BF7
0000BCA7
00025264
00006AA9
000081E2
FFFFDF47
0002655A
00027DA8
00007147
FFFFE171
FFFFA5BF
0000028C
FFFDDAAD
FFFFCBC1
0000827F
FFFE641F
00006BF6
FFFF8E5F
FFFFDBE4
FFFED097
FFFE510D
FFFE0996
00008555
0001322E
FFFECD5D
0001E9BE
FFFF4632
0002635D
00027B42
0000BFE0
00004D38
0000D731
00006387
00002E71
FFFFD9BA
00015798
FFFCC7AB
00012973
000062BE
FFFEF21E
0000C4E4
00003C8E
FFFDD55F
FFFECBCB
FFFEA042
00025726
000118A2
00005A04
00024864
FFFED0BB
0000E501
FFFE3A47
FFFE8B92
FFFFE5D1
00023708
0001955C
FFFF7C9E
00017114
0001BDF2
00001645
0002C057
FFFF9633
00009F85
FFFDDFCA
FFFFEAC5
FFFF083E
000068FB
FFFF47E6
FFFEE0CE
FFFC9302
FFFF4B66
FFFE1540
000070BA
0001660A
00002428
FFFDFD09
00003ECD
FFFE647D
0000B03E
000033B8
000069CE
FFFE9D0C
0001B3B8
0001CA77
000030C5
0000B8EF
FFFE9B6E
FFFF84D4
0000AFCA
000195D6
FFFFB074
00018797
FFFF7226
00017FC2
FFFEEE9C
00001083
000205D5
0000D60C
0000B33F
FFFC7434
FFFF760F
FFFFCC55
FFFDBDBE
FFFEC953
FFFE472F
FFFF0C48
FFFE178D
00001FBF
FFFFCC87
FFFDE4A1
FFFEEFE4
00006F58
000149A4
0001BA76
FFFEE912
FFFEC6C1
FFFCF5D8
00004297
00010EE9
FFFD88F0
FFFE1C64
FFFDA076
FFFD1EB3
FFFF2C99
0000CCFC
00001E79
FFFCDCDC
FFFD6F41
FFFE9691
FFFEC11C
FFFE4C47
FFFC974D
FFFF87C4
FFFC16F6
FFFEDFFC
FFFFE33C
FFFE49D8
FFFF7729
FFFFC837
FFFF041F
00006E6A
0001599F
0001FFB2
0000BD1C
FFFE8392
0000D831
FFFE2ABF
FFFF4AD7
00002789
FFFFD6C4
000105D3
00008D48
FFFF02EF
0001CF30
00034CE6
0000F2B5
FFFFAEEB
FFFE5CD9
0001EAF7
0000F531
0001FA86
000004D6
FFFEA653
FFFF6E6A
FFFD1EEA
FFFB2613
FFFD29DC
FFFC5249
FFFCF920
FFFA33C5
FFFCC8A3
FFFF3D3E
FFFE4F29
00003A8B
0000516C
FFFFE4F1
00014491
FFFEBDC5
FFFD8BE7
00005605
00009018
FFFD8EE1
FFFE078C
FFFDDEA1
FFFFC016
FFFD14FA
FFFD81D3
FFFD7582
FFFF3B6D
00001709
FFFF6909
FFFF1A72
FFFD3881
FFFFEB44
FFFF4015
FFFD762D
0000296C
0000CBEE
00023E97
000319D3
00037E9E
FFFF5FF8
FFFEC556
FFFEE7DB
0002DD64
00039B14
FFFFEDB3
FFFF0889
FFFEBFB8
00000DEC
0000E487
00014307
00006F5F
FFFFE18B
FFFE471A
FFFF7F4F
FFFF2611
FFFFCAA9
FFFE5DAE
FFFEEF89
00011EB3
000143E7
FFFE6A53
00001A7B
FFFFAA3E
FFFFB8FC
FFFEB768
FFFDFFAA
00002EC3
FFFF7933
00002AB9
0000EA1F
FFFF761F
FFFE54D6
00003B5B
000049A3
0001E7F2
FFFD7DB1
FFFC8219
0001A0E7
FFFDE6B0
0001BCF8
0000E00C
FFFF29B4
FFFE414A
00004F23
FFFF407A
00026078
FFFF45CC
0000BF7D
FFFE8E00
00003BDF
0000026B
0000CF2F
00008211
000059A5
00000F5C
FFFFB284
0001B942
FFFF8C31
FFFF514B
FFFFE25A
0001B278
FFFFD85E
FFFD3A2B
FFFF1E88
FFFFE3B2
00015385
FFFE05BE
00018F25
FFFFB582
00006DF0
000152D9
FFFE6053
FFFEEE41
FFFF781C
FFFFA040
00004216
FFFDBC8F
FFFDA655
FFFF436F
FFFCB353
FFFE3D89
FFFE23FF
FFFF5462
FFFD962A
FFFE7444
FFFD977B
FFFE9E0F
FFFF60A5
0000EA72
00018B0F
FFFF2278
FFFF24C0
FFFE0DDD
00010F3C
00000B40
FFFF17C1
0000EA0C
0000C31D
000222AB
0001C281
FFFF8870
FFFF5B9B
00012818
0000F621
FFFFAF43
00004E3F
0000B0E3
0000A8FF
00004701
000129FC
FFFF23EF
00034B5B
0000586A
0001C296
FFFFB1D7
FFFF7342
00009DA3
0000A622
0000232F
FFFE8BE8
FFFFF278
0000B276
FFFF3BA9
FFFF455B
FFFFDF8F
00025242
00008349
FFFDBA3D
00009736
0003300B
000208F6
FFFFB359
0001CEAD
FFFDC519
00021A71
00024FB1
00024A86
FFFF808E
0002B96C
0002F7C2
FFFE9729
0000A8DA
FFFEB771
FFFF7958
0001794D
FFFF1CA9
FFFFFFAA
FFFFDE52
FFFF20FA
00013DD3
FFFF9FEE
000020FE
0000E760
0000D459
00026C63
0000BF98
000150AE
FFFF874E
FFFF6248
FFFDFB69
FFFDF708
FFFE0307
0000A709
0000A86A
FFFC5273
FFFEC039
FFFF75CE
00002D10
00005126
FFFFFDE8
0003478A
00018DB3
000123E9
00012653
00038783
0002F94F
00009010
FFFE7165
FFFDB81E
FFFF77AF
FFFE0E1A
FFFE2DFB
FFFEA856
0000371D
FFFFFF68
00022E88
FFFE8710
0001BD7E
00019177
0000994D
FFFFC04E
00009F0B
FFFEAAF8
0000475C
00007A2E
FFFF6C53
0001A717
FFFDE555
FFFFA993
0000803F
00014E39
FFFEA195
0002EB1B
FFFE3BB6
FFFE93E0
0000B4BF
FFFF0258
000070C7
000139DA
FFFF432B
FFFFDFF6
00023F39
FFFCD221
FFFCC4C7
00006763
FFFEBA92
FFFC71B4
00003026
FFFE605B
FFFF56F6
00014E2B
FFFF5049
FFFCAD76
0000B625
FFFF3AC8
FFFDF9D6
FFFE562B
000040FC
FFFEC854
00008E0E
FFFF4C4F
FFFE194A
FFFFBB3C
FFFE7F90
0000F5DB
000113AA
0000F8C9
FFFE2ABE
FFFE11FC
FFFF99C6
0000A682
FFFE9A9A
00008D82
0000AD48
FFFF4652
00009F90
FFFE1DFC
0000AABE
00007147
FFFEE76A
00008723
FFFF0ED2
FFFF8E38
FFFF716A
00001BF1
00011A00
FFFFE954
FFFFF330
FFFFA0C6
0001FC35
0002DF35
0000F645
FFFF5359
FFFEDE60
FFFF1D7E
FFFF5105
FFFFAB67
FFFFA991
000088D8
FFFECFC4
000192F9
0001753F
0001FFB9
00002CB8
000119CB
FFFFF83D
000031BE
FFFE9A5E
FFFF4866
0000957C
FFFE5BB1
FFFEDAE6
FFFF1064
FFFCDA91
FFFE5094
FFFD5B82
FFFE3990
FFFF9C93
0000B113
0001C86D
FFFCF1DC
0000D911
0000D11D
FFFED215
FFFDC8D0
FFFEFD90
FFFE9362
FFFE3A3F
0000131D
FFFF6366
0000CA5F
0000F7F1
FFFE39A6
0001FD24
0000768D
FFFDB921
000084F4
0000C61B
000156A2
00012AC2
000238BD
FFFEC663
FFFC20F9
FFFF4AD5
FFFDAD7D
FFFD2279
FFFFB86A
000097D6
FFFE2A34
00010494
00001B04
00009B9C
00006558
0002A5E8
00021992
000226A9
FFFEA640
00011D6E
000142E3
0000D9AC
000168F2
0001DCDD
0000B539
FFFE11FF
0000C3C5
FFFDCD38
FFFEF58F
FFFFFC39
00014B5C
00001217
FFFF4C66
0001F7EC
00027C1F
0002B4F7
0001CB8F
0001541F
FFFFD8A3
FFFDCEFE
FFFEF847
FFFEB74B
FFFF3CE7
0001177E
FFFDC24E
FFFD4148
FFFE4E8B
00019215
FFFE7E55
000097F2
FFFF7F6F
FFFDA5D4
0000125C
FFFE266B
FFFFC7AE
00010C99
FFFF1F05
FFFF5CE1
FFFEE9D3
FFFF3885
00003BE4
FFFFBBF1
FFFF87CE
FFFF7227
00000CD1
FFFF8103
0000AFC6
00002D62
000249BD
000008AC
00013D28
0000E921
00027B27
FFFF9766
00022E73
FFFF0B0D
00011316
00021C0D
FFFFE4CC
FFFDE9A9
00009F6D
FFFF43ED
FFFE0AAC
FFFFCFCA
0000FB7C
FFFF4CF0
FFFFD2EB
FFFF5D10
FFFFE936
FFFE3A34
0001F5E0
00019C3F
0000059D
FFFE9CA5
000219B7
FFFDB704
000124CA
0001CA5D
0000AD93
000173E6
FFFEFDC6
000051B7
FFFCEB98
FFFEEEF8
FFFD06A2
000033FC
FFFF317C
FFFE6A3C
FFFC15BE
FFFD31BB
FFFD875C
FFFF1FDF
FFFE1687
00013514
00012371
000080EF
FFFD2D5C
000172B3
FFFDF532
FFFF24C1
0000F6CB
FFFE7622
00017BF9
0001E0B2
FFFFBA6D
00014A7E
FFFF1897
FFFF27B5
00015313
FFFF58C1
FFFFEF23
FFFD9575
00017EB6
FFFE7323
FFFF1A3B
FFFE60C4
FFFF5383
FFFD1D8B
FFFDA869
FFFE2C42
0001C87A
FFFE6FF1
FFFF8013
FFFEEE6F
0001BBC4
00015BF6
0001F203
FFFE7291
0002B9BF
00013683
FFFFFCF3
FFFFF775
00017EFF
FFFEA4D9
0001C5F1
00012579
00015467
FFFD0A6C
FFFD1753
00020205
00006CA0
FFFE1BBB
00004F04
0001CD99
00019FFD
0001C141
FFFF64BD
FFFF59DE
FFFFD417
FFFED294
0000AB52
FFFE0F85
FFFDCE3D
FFFE9FE4
FFFCB40E
FFFEC322
00009D88
FFFD7CD2
FFFEEE2D
0000C205
FFFE2A22
FFFB9CEF
FFFF118F
00019FE6
00022D10
000029D4
FFFF9F75
FFFE376D
FFFDA787
FFFD5936
FFFD2956
00029F6C
FFFE84AB
FFFD8DB8
FFFDD6DE
FFFC6B5E
FFFDFC4A
FFFDB324
FFFCCB04
FFFE2B5B
00012ED9
FFFF8FAC
FFFDEB44
0001D7B2
FFFEFD96
0000C641
FFFE8E9A
000073F2
FFFEF813
FFFF2670
FFFFAABA
FFFF8EE4
0001DB28
FFFE43C6
0000676F
FFFE1DBD
FFFDDE27
FFFDE5EF
00003B84
000260A1
000383B8
00022F40
0000D1B2
0000D693
FFFF2EB6
0000C800
00022F74
FFFFB2D4
FFFDA2BD
FFFCC368
FFFE2446
FFFD2A6A
FFFC7B0A
FFFEEF84
FFFE81AA
FFFF481A
FFFE915C
FFFE417A
FFFF4A90
0000D962
FFFF02FA
FFFE9133
FFFFAAD2
00011C49
FFFFD134
FFFDBFE6
0000CC12
FFFD72B7
FFFE02CC
00017BDA
0002295E
FFFEBD9F
FFFDEECF
0000A136
FFFD3B2D
0001F23C
0000486F
FFFD9CA6
FFFE2052
00002ED8
FFFEBCD7
00029E5F
FFFFB04C
FFFCE5AB
0002917F
FFFDF3D5
0002F459
FFFEA742
FFFF8C89
000234FC
0001A9BF
00006E14
000236A4
000223D1
FFFFABBA
FFFEBA17
FFFFDF48
00006233
FFFDAD1B
FFFFFAF5
FFFD2BFB
FFFF4859
0003359B
000331EE
FFFDFD3A
FFFF341D
0001765B
00018F4F
FFFD7C54
0002066F
FFFFCE4E
00005AEE
FFFEBBDD
FFFE8BA9
00003C07
FFFFBD47
FFFE1BA2
FFFF2C58
FFFE96C7
FFFFC167
0001330A
00009F1F
FFFEEE62
FFFE39FB
FFFF3961
FFFBA571
0000BD6B
0000B747
FFFFFB61
FFFF967B
0001816F
FFFE5058
00021280
FFFF1ABB
FFFE23AE
00027E15
00019AB1
FFFE8D9B
FFFDAC7D
FFFE916B
FFFE4BFD
FFFE2F1F
FFFF0DC6
FFFE524C
FFFDF880
FFFE579A
000098E2
0000DECF
0002BEB3
000307A3
0000CB57
000006D2
FFFF3025
00015908
0002FBB1
00020CBA
0001FE4E
FFFD508F
0001EC88
0000E693
FFFE2F15
FFFF95A2
FFFF4EBE
00008250
000183BB
FFFF1562
FFFF45C5
FFFDADE0
00007CC6
FFFFE756
FFFE5A3A
00012FE5
FFFE2157
FFFCF76B
000053CA
FFFE3D97
FFFEEA0C
FFFE0BB7
FFFF0635
FFFD76CB
FFFF8B06
FFFD8566
FFFF0313
00002A1A
00030666
00030A30
00003FE9
0000A752
00025912
0002F09C
00017E7B
00013A00
000108B7
000151F5
FFFFBAA9
00044434
0001CACE
0001410D
0003F9BF
0000D0C3
FFFFA364
FFFFCE75
0000C753
0001D9C6
FFFE0C97
FFFF955E
000214A6
FFFD72D7
FFFF9B77
0000EAB0
0001DBAC
FFFFEE66
FFFDF086
00030D63
0003F6B7
000031B2
FFFDA9B6
000003A3
FFFFCB33
FFFEDB58
00004119
FFFF2493
0000A0A8
00016638
FFFE5BAB
FFFEA19F
0000A9FC
00008C88
00016E57
0001E052
00020C80
0000AC2A
0000AECA
000153FC
00009693
00028A12
000088CF
0001F835
FFFD0A3C
000067AA
0002D148
FFFE1143
FFFD83D0
0001BAAF
FFFDB43C
FFFEC86B
0000C03C
FFFEA5DA
FFFFFD81
00019D28
FFFD0CE8
FFFE80D0
FFFDB1BD
FFFD6489
FFFF0AFE
0001F838
FFFF3E32
FFFF47BD
FFFF2930
0003BFBD
0000376D
0000F298
000275AA
000065FF
FFFEA974
00013E03
FFFECAA3
0000F863
0000C1BD
FFFC6D01
000116E1
0001E2DC
00002C28
000168EE
FFFFAA87
00000658
FFFF92CB
FFFF3D46
0000576F
FFFD406B
FFFEB53A
FFFDA2DA
FFFDCC4A
00032B4A
0003B79A
FFFE7793
0002081E
0001877C
FFFFF604
FFFE1010
00012770
FFFFF4A3
FFFE3B86
FFFE530A
0001EA66
00014A19
FFFD9577
0001518E
000248F8
000021FC
0000F1F7
FFFEE8D1
00013D31
00004444
FFFFCFBF
FFFEACE9
0000A90A
0000C363
0000D5E1
000044F0
FFFCD566
FFFE6263
FFFDFD91
0001E625
00007F02
0000EB2D
FFFF14F5
0000C458
FFFF5B26
FFFF944F
FFFF0417
FFFF8481
FFFEF066
0001AD46
FFFE0BF4
FFFE4BED
00020D1E
FFFD9575
FFFCF64E
FFFCFA81
FFFFC4D9
FFFE229F
0001704E
FFFD05B1
FFFDABD8
FFFF0E94
00015A9C
0001B924
FFFEBFAF
FFFDCAEB
FFFEB634
0000C441
00006167
FFFF8132
FFFECDD6
0000EC42
FFFFF488
00006B16
0001B8A6
00009708
000176A5
0001CF0B
0002D1BB
FFFE14E3
00011015
FFFFA864
FFFE2763
00014E28
000113BC
000068E1
0001D26E
FFFE5A54
FFFC091E
FFFFF297
0000C0D0
FFFEE73D
FFFF91EF
FFFDE15D
FFFEEC82
00012C10
0001D2B5
0001122F
FFFF5E8F
FFFF8390
FFFE2D17
00018081
FFFF588C
FFFF7BDD
00015602
0001CD30
0000BD9C
0000B59D
FFFF12D5
0001BA08
FFFE960F
00001A1A
FFFF0563
00006920
000190D5
0000BB61
0000FF4A
0000AB41
000063C5
0002CF01
00012BF1
FFFF616C
0001A73B
00020E36
00025F01
00009CB1
FFFDBBF3
FFFE8C39
0002BFB1
FFFEA150
FFFD6556
00013A24
FFFFAD50
FFFFEC14
0002AD86
000279B9
FFFF5987
00007AAD
0000BFDB
00011B2E
FFFE76AF
FFFE66A3
000132A2
00001C7C
FFFDFFCC
FFFDA022
00019D83
0000D6D4
FFFDA80A
FFFD5113
0000327E
0000E7C3
0003D233
00034271
FFFF72AF
00010D7F
FFFF40EF
000181FC
0002CEF3
0000D365
0000D95D
FFFF6976
FFFE4E24
0001DABD
000006A2
FFFF194E
00014AE1
FFFFEEFA
FFFDE508
00006559
000182B3
FFFEF4CE
0000A979
FFFDDF11
00000783
FFFF5C18
FFFF0032
000003ED
000019EE
FFFF0DA1
FFFF9E4E
000174D1
FFFE6B09
FFFF2CF4
000085F7
FFFCA481
FFFCE6A4
FFFFF7EA
FFFF5692
00028653
00031C33
FFFE181B
FFFEC629
FFFE77FA
FFFFDD84
0001014C
0001F930
0001B062
FFFE97EE
FFFFCD9C
0000A845
000178C4
FFFDDF4E
FFFED90D
FFFF4B74
00020D18
FFFF3B09
FFFDE0E8
FFFD6106
0001DC27
FFFF0E7E
FFFFF627
00015624
FFFF1F14
FFFEB441
0001C6D8
0000C055
00009E35
0000B850
000294DB
0001358F
0003054A
FFFF813C
0003F13F
FFFE4E6D
FFFEABF8
00018E6B
FFFEC4BF
FFFEB05A
0001422D
00015966
00010778
FFFF2205
FFFCBDEB
00005727
0000D7EE
FFFF1349
FFFE5700
000005B3
0000A986
00009554
FFFE62D2
0001412B
0001519B
FFFE199E
000238BF
0000DF90
FFFD285C
000102F5
00013BDF
FFFE5DA6
FFFF5C01
00017929
00027903
FFFFF898
0001B86D
0001B8FD
FFFFFE18
FFFDF0E8
FFFEE128
FFFF291E
000034D4
FFFFB32B
FFFEFF77
0000B9C5
0000BE2C
000152BF
FFFE9992
0000499C
FFFE29BE
FFFF3564
FFFFA494
0000D9FC
FFFF6D2A
00001D0B
FFFF3FBF
0000B296
00012303
00018D01
FFFEFD75
0000E6B9
FFFF770B
000049DD
FFFFAC41
FFFF19C6
00000F72
FFFECFCB
FFFF7A22
00014B80
FFFEDE41
FFFDB963
FFFEE86F
00005CAC
0000662C
FFFD409C
FFFD3F70
000136F9
00017EC0
FFFF6006
FFFEAE85
FFFEA7B1
00014B74
FFFE2DB1
00005B88
0000DAF5
0000FEEA
FFFE5D8A
FFFE4D70
FFFEE94B
00008363
FFFEC239
0000B152
FFFFAA34
FFFDE866
FFFE2559
0000D1EA
FFFEB803
FFFE94FA
FFFFF109
00016194
FFFDA4D1
FFFF6027
0000D36B
0000B54B
0000BE4E
0000BFDE
FFFF57D5
FFFFEBB7
FFFEAE19
000124C0
0001809D
000088FA
FFFF82CB
00019530
00010A28
FFFF37F1
00015A6D
FFFFCBC2
FFFFCC67
FFFFDA30
FFFE2AAB
0000AD67
00007B6A
0000D491
00005EAA
0000E4BB
FFFFEA4C
0001062D
0000841D
0001948C
FFFED50D
FFFEB2FE
FFFF59E5
000097C2
FFFFECB3
0000AA95
00011BC8
0000273F
FFFFEBB2
00016908
00023F5D
0001A642
FFFCCF06
FFFE9BC9
FFFFEA21
0001EB40
000174B8
FFFF4625
00008FC2
00005FA7
000049C6
00004CB2
00012B27
FFFF66E5
FFFFA407
FFFE7AA0
00005822
0000A06A
FFFEF86A
FFFE90B6
00025158
000152CE
000172EE
00010594
FFFEAB5B
00010FB4
FFFED6FB
000042C2
FFFE42FA
FFFFA714
00007821
FFFFD2C6
FFFFFDDB
FFFE5EEA
FFFE44C9
00010B93
FFFF7035
000158E0
00000BB5
00006B19
FFFEFDDF
0001209B
0000648A
FFFEB614
FFFF8646
FFFF5B03
FFFFF96C
0000338D
FFFFBAAC
00017EB5
0000E8CF
FFFE859D
FFFF9892
000207B2
FFFFDAC4
FFFE8970
0000FA9D
00006854
FFFE2000
FFFFD818
FFFE5AC6
FFFF3678
FFFF729F
00018222
0000C3AC
00007C4F
000123AD
FFFF5A59
FFFECCC4
00013C64
FFFFE3CB
0000014A
FFFFE35F
FFFF94D4
FFFEEACC
0000384A
FFFEDF09
FFFF5677
00003271
FFFF80FA
FFFEAA1F
FFFFC195
FFFE8F81
00008BE6
FFFE9C31
FFFFEEA8
FFFE6112
FFFFEC6D
FFFECF3C
00006492
FFFF4D34
FFFFEA36
0001C768
00004A57
FFFFFCFD
000032CC
00015D34
0001A1CE
FFFFCF82
000064D5
0001F34E
0000FBB3
00003356
FFFE1054
00020461
000297FA
00000D44
FFFE1B76
FFFE101B
0000DE4E
0001305A
00007AD6
FFFFDD7E
00016BCF
0000F2C9
00018694
00019BF7
00018F30
00012DB2
00006962
FFFFDB20
FFFEF2A5
00011609
FFFF70FA
FFFE7036
FFFFEB94
0001BB76
0001D32B
FFFF8DC0
0000659F
FFFF4022
FFFECC18
FFFF4704
000191B8
00017670
000080A8
0000A9B5
0002A8FB
0002B05F
0001913E
0001B7E0
FFFEDBDD
0000D70A
000051CA
00017EDD
00014EE6
0001351B
0001A3CF
0000B4A4
0000BCA4
0000FB6C
FFFF4F80
0000B222
FFFF87B8
FFFEA390
0001D64F
0000ABDF
0000C35E
FFFF4C16
FFFF74FA
00026D7B
00008DC2
00014687
00000169
00018E81
FFFFD09C
0000B829
FFFD99C5
FFFFDCD9
00001667
00015039
FFFEF2FA
FFFEB007
FFFF8A30
000051AA
000099A0
00001641
FFFFE349
00007DDB
FFFDB633
FFFD6260
0000BDFD
0000619D
00002F5B
0000B17F
FFFED0B3
00008748
0000D8C4
FFFE3DD8
FFFFF8CE
0000D2B9
FFFE7B5D
0000C706
00009D53
FFFFB4D4
000048C6
FFFF5DAF
0000495A
000069C4
00002C18
00017F43
000151CE
00018A65
00015E70
FFFF4A70
00002851
FFFF1AFD
FFFF39A1
FFFFBEE4
0002E09B
000253D3
FFFF115F
00012956
FFFFD4FC
0001E1D3
FFFDAA52
FFFE39E8
00003B52
FFFFFA25
FFFF38DA
FFFFD20A
FFFE246E
FFFFBC8E
FFFEEE52
FFFED1A4
FFFDC530
00002C0B
FFFEF5CF
FFFF64DC
FFFFC950
0000B5E8
00018D52
0000156E
00014671
0000C76C
0000A3FA
00002B7B
000165C8
00006D2D
0000506F
0000DA52
000040FA
0001237A
00001694
FFFEFA1D
FFFEDD70
FFFF44A4
FFFEE6D1
FFFE8358
FFFF78A2
FFFF677E
0000C4AB
00019B32
00013E2B
000007B2
00026D05
FFFFE154
00023B80
FFFF86DA
FFFF5F35
0000204F
FFFDCE92
FFFE8D6C
FFFDA9D2
FFFE5E67
FFFD48D0
FFFECA88
FFFE604D
FFFE044D
000064A5
00008B05
000090C2
0000986D
0000605E
FFFF8B7C
FFFEEC0C
FFFE7D2D
FFFE29D6
FFFEFEF3
FFFDF92C
FFFFE7B3
0000CEF4
00014DF5
00013621
FFFFB1F1
00000A8F
000067A5
00006DCB
00007465
FFFF2727
00017E99
FFFF5533
FFFECAA4
0000E75B
FFFEEC37
FFFF5C98
00015E63
00020555
FFFFF638
FFFFF235
00003261
0000D622
0002E476
00012720
0000A6B9
000031BF
0000DAC4
FFFE3315
FFFDEDA6
FFFE3764
00000A39
FFFF6A08
0000E363
FFFFF613
0000832E
000173CE
000054F1
FFFFE735
FFFF89D3
000031CA
0002477A
0001BBE7
FFFED28D
0000096C
000255FF
000219B6
FFFE6002
FFFFE174
FFFF9AE1
FFFF9AF3
FFFF9E62
FFFEBCC9
000038A3
0000CAFC
00001D71
00006C83
FFFF7FE2
00006EE2
00017683
FFFF81D8
00016378
FFFD8781
FFFDF689
FFFFC2AC
00000171
00006375
0000CB24
000031B7
FFFEFAC9
FFFE669F
00024897
00001632
FFFEE029
0000815C
0001918F
0001EEB1
0000D54B
00002AAD
FFFEC2AD
FFFE5027
FFFFCC7B
00006AB5
0000C9FC
FFFF93F9
00015085
0000B30D
00016AF4
00014612
000173AC
000052AA
FFFFB2EC
FFFECCA5
000088B2
FFFF5A3D
0000E0A2
FFFFFD74
00002D8C
0000DE41
FFFF5009
00015F48
FFFCDF2F
FFFD55E7
FFFDF311
FFFE98A8
FFFE9F8C
FFFF97B6
00003A66
FFFF180C
0000CC87
00011134
0000D45F
00013898
FFFF51C0
000062E6
00020470
0000E00B
00013334
00003D8F
FFFF9ADA
FFFE7A31
0000CBE1
FFFE895B
FFFEB8DC
FFFFCD61
0000720E
0001EE9F
FFFFFF46
FFFF0E11
00016FED
00013A85
0001364B
FFFF438C
FFFF420E
FFFF7E6A
FFFD2DBE
FFFD7828
FFFFD818
00022BA6
0001052D
FFFDE141
FFFFB352
00001638
FFFE28A0
FFFE3123
FFFF5668
FFFDDA10
FFFF0884
FFFEFD49
FFFEC89B
FFFDD225
0000624D
FFFF5184
0001952F
FFFF6E19
0001F531
0000476C
00009C47
0000E5DD
0000B642
0000007B
0001109B
FFFFD9A7
FFFDD975
FFFD2DEF
FFFD7137
FFFEA291
FFFF3256
FFFC87BC
FFFEBE6B
0001BC9A
0000899D
000068AA
FFFF6C9F
FFFE3A3E
FFFEB248
0001AE1F
FFFFA924
FFFEA0B3
FFFF7B6E
000080CF
FFFFB94A
000025C5
00019095
FFFEF20B
00009EA8
00006844
00007096
FFFEB506
FFFF37FB
FFFF1F87
FFFF8B15
FFFFEA9B
FFFE9DDD
FFFECFD6
FFFEFE03
00011BE1
FFFF67F8
00008040
FFFED6E4
FFFF7898
FFFFED8D
FFFE9127
FFFF574F
FFFF6162
FFFF1FE9
FFFF6860
00009E9C
FFFF4815
0000C54F
000025B6
0001F0F6
00003468
0001C733
FFFFA821
00004B07
FFFD3E33
FFFC0477
FFFF2606
0000D35C
0000CBE7
FFFE4F66
FFFEFDF7
FFFDA6D5
FFFFCF01
FFFEE79C
FFFDFC49
FFFE2F73
FFFF8CBA
00003C54
0000266A
FFFE3AFB
FFFD14B9
FFFEDC89
FFFFB657
0001A123
FFFF9045
0000A60B
FFFE0450
0000D24D
FFFF4FE7
00002A1C
0000F05E
0000B7B5
FFFE85BF
00028E11
00008F50
0000927C
FFFF2A0A
FFFF18C3
0000C47D
FFFF1E95
FFFFF785
000191C5
FFFF40A6
FFFEDC6D
0001B421
0000389E
0001C998
000199BC
0000FA2F
0000FCDD
0000C2B1
0003176C
00023D49
FFFF95CF
0001516F
FFFF162A
000137D6
FFFDBDBB
FFFF599C
FFFDE3A6
00007B21
FFFE27DD
00005A4B
0000E2E2
FFFFB381
FFFFBC4E
0001761F
FFFE21DD
FFFE9B69
FFFEE7D6
0002BBF7
0001F6F1
00007815
000106A5
00018EF1
FFFED58B
FFFEBC97
FFFF33BE
FFFF55BB
FFFFFDDE
00012CED
FFFFFB28
FFFE2513
FFFFFE18
00016380
00017511
0001640F
00005938
0000DD67
000238B0
0000C9B4
00000ABA
000152D3
00011896
FFFF7D98
0001D0EC
0000305D
000106F1
00026558
0001C665
FFFFF7C2
FFFEB6B3
FFFE7630
FFFFE820
FFFEA183
FFFF07A2
FFFEAF6C
FFFE99FA
FFFF765D
FFFFF364
FFFE5A96
00007CAF
0000657B
FFFFA535
FFFF638F
00020E6C
0000B7D1
000041A8
FFFEA260
00002870
FFFF2DE1
000029F8
FFFFD72B
FFFE2F2C
FFFE6ACC
FFFEFB41
FFFFB39B
FFFE2794
FFFDE8E8
00001C80
00001C59
FFFEEC82
FFFC7430
FFFD0AD9
FFFF1F0B
FFFE2EF4
FFFFFEA7
FFFCFE50
00013677
FFFFEAD0
FFFE43EE
0000AFF1
FFFEE525
00003A41
FFFF1F28
FFFFC106
00010D36
0001F510
000199F1
FFFF1A11
00004C77
FFFF9CBD
0001AEEA
000157DB
00022288
0001FE28
00028C51
0001D7A2
0002583B
FFFE56E5
FFFE8A17
FFFFAAFB
0001132B
0001B40C
FFFFE7B6
FFFEB986
00007A90
FFFF0E99
FFFECC7F
FFFF2EDE
FFFF5B99
FFFE7B2A
0000A9AB
FFFE1C2F
FFFF828D
000059F0
00011781
0002DAAB
000243CA
FFFF2BD0
000157A5
FFFEEAE3
FFFEF780
0000B5AB
FFFF56CC
FFFFA82C
FFFF8766
FFFFE69C
FFFFF31C
00012D76
FFFF49FF
FFFE9EAE
FFFE4683
FFFFECAB
00000DC5
FFFFED75
FFFECA0C
FFFE752E
FFFD7FC7
FFFFDC9C
00016031
FFFEED60
FFFF639B
0001B450
00023A43
0000EF30
000043A4
0001A2D3
FFFF6DC1
00016AED
FFFFAB11
00000321
00020AB6
0001A433
0001C764
0000DDAF
0000DF4E
FFFFD61D
FFFFA79A
FFFFA5C0
FFFF3491
00003146
000037C3
FFFF6359
00006EF0
0000EE1D
000268D4
000001BA
FFFFD76F
FFFF4471
FFFD246D
FFFEAE89
00014AD2
FFFFCEB1
0000C54D
00024DA0
FFFF54C1
0000D684
00012B42
0000FEAB
00018B0E
0000E120
00021DAE
FFFF8FCD
FFFFEE04
0001701C
FFFFCF1F
00006BC3
00020533
FFFF2CA4
FFFE6B43
FFFD7FD1
FFFE9FA2
000041CD
0002DBED
000022D6
00008D6C
FFFEE9C8
0000E7BD
FFFF121F
FFFF4773
FFFF06AC
00017AD1
00005404
00001D61
FFFCED32
FFFDD393
FFFFF08B
FFFF3E5B
FFFEC81B
FFFF019B
FFFE6182
FFFFB1A3
00027802
0001C481
FFFFE841
FFFFB055
0000A6F4
FFFF3A90
000104A4
00013E4D
0001DC19
0000BF01
000269C8
00027714
0000672B
00007BE6
00020069
0002B0E6
FFFFFC56
FFFF6A2E
000140BA
00012EDC
FFFF886B
00020625
00031BAE
0000B270
FFFF4250
0001015A
000280CA
000008CC
0000E3EB
00017110
00006E58
00001FB3
FFFED9EB
FFFD98A8
FFFFCC9D
00004C6A
FFFD4D16
FFFFE669
00019D58
FFFEB3CF
FFFF4E69
FFFFE69E
FFFDD472
FFFF75D9
FFFFA0D2
000128D6
00009D05
000115B3
FFFFCDB7
0002852D
00009658
00001ADB
FFFEC870
FFFF7ADB
0000A82D
0000AB6E
FFFE389E
00004AC5
FFFE0500
FFFEDBEB
FFFDF75A
FFFDC0C8
0001433D
00007BBC
FFFF9B4C
FFFD9FC7
0001B1D3
FFFF927A
FFFF5081
FFFEF69C
FFFF6833
00008600
00011C7A
00003515
0000B55E
00016508
FFFE69D4
00002189
0000CE0D
FFFE955D
0000A419
FFFFA137
000004C5
000291C4
000156E9
0000F228
0001619A
0000244F
0001E19B
000067E7
00011EEF
00015337
FFFEF6D0
FFFEA715
FFFEE420
FFFDF482
00011B8E
FFFFC74C
FFFFD076
0001981A
0000FC61
FFFE8DF0
FFFF34D8
FFFE817E
0001160E
FFFFBEF6
FFFEC15B
FFFE9025
00001A6B
FFFFBE58
0002B944
00014C91
FFFE466F
00007EB2
FFFFDEB2
00012A2F
00023320
00005EA9
0002225D
000211FF
000086B2
0000125A
0001D6C2
FFFF6A6E
FFFF094A
00012CD2
0000030B
FFFF94E8
FFFDC1F3
FFFFE4BF
FFFFF220
FFFE6282
FFFEE88F
00006408
FFFF26FC
FFFF436F
0001BD42
000219C8
00009D8D
FFFF9367
FFFEF435
FFFFAF8B
00009C78
0000BFB5
0000A0BC
000012B4
0000C1F6
0002F57B
00008542
00020730
00014247
00014DA5
000250B3
00004E36
FFFFC86D
FFFF7405
FFFE7D1A
00004CB8
FFFF4420
0000BD8E
FFFFC8E0
FFFDCFED
00026940
FFFFEAA7
FFFFF9E6
00002977
0002CC6D
0001FB9D
0000A520
00019A44
FFFF2D08
000034D7
0000D8B5
000142F8
000112AC
FFFF99B5
00021CAD
000107FE
FFFF7B3F
0000C033
00012DB0
FFFEC052
FFFD9D06
FFFFC302
FFFFA837
FFFED2D0
FFFFDED1
FFFF04AB
FFFF3153
FFFED282
FFFD708A
FFFFBE90
FFFF4C9A
FFFDE156
FFFF3117
0001BEE3
FFFE6C7C
FFFF4D89
FFFECBC2
FFFE5309
0001221A
FFFFE53B
000063AA
FFFE271C
0000BCAA
FFFF84F9
00014618
FFFF3F02
0000201A
FFFFA0BB
0001B3C3
FFFEEADB
FFFEC435
FFFEE0FF
FFFE739E
FFFFD33D
00000CE2
FFFF5949
00005F9A
0000A135
FFFFD341
FFFDB245
FFFE0FE3
FFFEFDB1
FFFE25AB
FFFE80E6
FFFE4B7B
FFFD720D
FFFF9BED
FFFEF167
0000256C
FFFDF789
000056A8
FFFD1888
000147A1
00006151
00003064
00000994
00009E59
00024CE6
0000EDC5
00019F2D
0000ECBE
FFFEFD99
FFFFE81F
00000798
0002FD5E
00018A57
FFFEDC0A
00008784
000105C6
00012CA6
FFFFC6B1
FFFFACE9
00004A14
000072B7
FFFF4D53
0000347F
000232B1
0000BE86
FFFF2257
FFFED9FD
000157F2
FFFFC6F0
00009EB2
FFFF4CB3
00013F0F
FFFFFE3C
0000506A
00009244
FFFFE7D0
FFFF5BBD
FFFFB6BC
000211D6
0000D729
00006D3A
00026285
000185DA
00022683
00013823
FFFED941
FFFFDACE
FFFF6E68
0000D01E
00006FD1
0000AF1C
FFFFCC1D
00002AB9
FFFFEC6F
FFFF7A48
FFFD20BB
FFFE47F3
FFFD9C9F
FFFECAD0
FFFD5FDF
FFFE172B
FFFDE7A7
FFFFC403
FFFFDE0A
000048E4
00015024
0000D6DB
00003602
0000D39B
FFFF4EEB
FFFEE8C7
FFFF3729
000009B5
0000B46B
00000C56
FFFE2E78
FFFF8DDD
0001ECC2
0001BAA0
FFFDE161
FFFF7DC4
000028FE
FFFE8981
00009BB1
FFFE6594
FFFDB35F
FFFE893C
FFFF22A6
FFFE7E96
FFFC5367
FFFF817D
FFFC353C
0001A90E
FFFEE543
0001880D
FFFF449F
FFFF15E8
FFFF3481
00002F21
000238B8
FFFF931C
FFFFE3B2
FFFD59F6
00013102
FFFFDB2D
0001E449
0000A514
00002AD2
000097B7
00003C7A
FFFFE2BA
FFFFB2AE
00002B91
FFFE0EEA
FFFDB8ED
00008AE3
FFFF2E9A
FFFCD37D
FFFFD19E
FFFE200E
FFFE47A1
000178FA
FFFEB691
FFFEA428
FFFF0307
0000B829
FFFDB69A
FFFD9832
0001124D
0000D890
FFFD8AA1
FFFEC63B
FFFE69DE
FFFEEE79
000021E3
00022EFA
00025174
00015A0B
0001DB11
00009AD8
FFFF81A5
0000335C
00009064
FFFEB13C
FFFF130D
FFFF8E32
FFFF3B61
FFFDCD38
FFFDEC9F
FFFFFA73
FFFDE53D
00000247
0000052D
FFFDE6A0
0000538A
00025396
00022C85
00019F56
FFFF1BE1
FFFD3CF8
00013565
FFFF8EBA
FFFC044C
FFFC331B
00017A9C
00018AB9
00009492
00008239
00004D4A
FFFECB6C
FFFF9E36
FFFDF77B
00004FA0
FFFEFCBB
FFFE4A17
FFFF5202
FFFFC9D3
FFFF23FA
000025B8
FFFE8190
00002F95
FFFEEB6B
FFFCB0DA
00013589
FFFF5FDE
0001D0E0
00022216
FFFF2617
FFFF805E
FFFE812C
FFFF5D30
0000B75F
FFFE55F5
FFFFE54A
00010BE3
FFFEEE92
FFFEB4E3
FFFFA40E
FFFDF8F7
FFFF7AA7
00006D16
FFFEB83B
FFFFB562
000090EA
FFFD6340
00007DC1
00012B82
FFFFAF62
FFFF676F
FFFD5902
FFFD037E
FFFEB01B
0000B2F2
00015FC2
FFFD298F
000276B9
00020018
FFFEEDAC
FFFE3E6C
FFFEEE4E
00007702
FFFF0E6B
00017C6A
000090BD
00013B54
FFFFCB13
00007DD1
0003523C
000214FA
00013969
FFFE4631
FFFE6AFA
FFFF5FB1
FFFF6402
FFFE9850
00017F25
FFFF111A
0001F34F
00020440
000151E5
000228C6
FFFE2D05
FFFE2698
FFFCE486
FFFDD895
FFFE1DA8
FFFDB67C
FFFFD497
FFFE1217
FFFFB317
00006A45
000019AF
0000C0B7
FFFD1C0E
FFFCF6E6
FFFE176B
FFFEC5BA
00018743
0001B46B
000077E5
FFFF67B6
FFFFA30A
00003395
FFFF7B5A
FFFF40B2
FFFF8F1B
00003D90
FFFFEE29
00002E8E
FFFFEF64
00010DF1
FFFF361E
0001FB6B
0002F216
0003452B
FFFEAEB6
00008E6A
FFFFE8FB
FFFD2704
FFFFBD0C
FFFF3EA7
00002665
FFFE5A18
00009868
FFFDE51C
FFFEBB3C
FFFFAFB0
00013A1C
00016FAD
0001B412
FFFFCD76
0002211E
FFFF0ADD
0000C151
FFFFF4F8
000014A8
FFFF058F
FFFF6F51
FFFF7314
FFFE5BE3
FFFF2DD0
FFFF3171
FFFFB9B6
FFFE974F
FFFF37EC
FFFFF2E9
000267EB
00005E94
FFFF932A
FFFD6B0D
FFFDCC58
FFFF65E6
FFFF8D86
00011BF9
0000D226
FFFF59A6
0000FBA5
0001FA9C
00000B8E
00006E01
00010EC6
00009E05
FFFFC9CB
000120FD
000229E7
000224F6
0001C712
FFFE10A5
FFFE831D
FFFF2BC4
00005DCC
0001FC6D
FFFF58A2
00022617
FFFF0AAB
000084BC
0001C720
00027B20
FFFF8419
FFFF0072
00006F4D
00005B0A
00006C53
00006682
FFFD3D13
FFFF731A
FFFEDAFF
0000A736
00009318
FFFD6BEB
FFFDF4FB
FFFF8150
00011367
00023FA9
0001430C
FFFF3FAB
FFFFEB38
FFFF541B
FFFEDE11
00025858
00012223
00032B5B
FFFF315C
FFFDEF67
0000198D
FFFFF523
00005E1E
00009461
FFFF3D99
00013BF7
FFFF16FF
FFFF9DF4
FFFEDFEE
FFFEB0D3
0001D7D3
0000DC64
FFFE2396
FFFE55B6
0002454B
FFFFC403
FFFFF05E
000380A6
00021AAB
0000E06E
FFFF482E
0000B79F
0001F87B
0001A4CD
FFFF90B2
00025106
00011C83
FFFE41F1
FFFFDE20
FFFE518E
FFFF0449
FFFFD4DB
FFFF3F81
0000D0AD
0000834A
00005F17
FFFFBEC2
00006AD1
00004851
FFFEE716
00004ECA
00024B13
0000EF85
FFFDC8DC
00007C4A
FFFCC819
00004BF6
FFFF5475
0001017D
FFFECD1E
0000EF47
0000DD5E
00007F9A
0001535F
FFFE77E1
FFFFDE71
0000E9A8
FFFE2F34
FFFF391A
FFFEAB55
FFFD8A5B
FFFFB852
FFFF8919
FFFE742D
00000124
FFFEDCA8
FFFF4EEC
000152AC
000051B1
0002565B
FFFE5BDC
FFFF30E5
FFFEC45F
FFFEDC8E
000171C4
FFFE1458
FFFE7240
FFFDC176
FFFF58BC
000077FC
FFFFF12D
00016168
FFFEA3CE
00013AA3
FFFF1532
00014910
000186CD
000057F6
FFFF3766
0000F668
00005AF0
0000A0B4
FFFE2F2E
FFFF8B71
FFFF82A0
FFFF5427
FFFE5F3D
00006E91
00000B61
FFFF3690
00015DA9
FFFDD984
00011FC9
FFFE68A6
00003C49
0000862E
00013E23
00014627
0000BD0A
FFFE04E7
FFFDB8E8
0002263E
FFFDD996
FFFF10BE
00014704
00019B3C
FFFF5561
FFFF5D7F
FFFEB10B
00005A5B
0001C61F
0001DCBB
000295CD
00027B7F
000342D1
000204A8
00031786
0000A4AA
0001591B
FFFECD1B
00000AAE
FFFF7B7B
FFFF8EEF
FFFE01D7
FFFE87EE
000076BE
FFFEFB9E
FFFD7327
FFFDCCD8
FFFF2638
FFFECCFD
0001CE27
FFFF7FAB
FFFEC3A6
FFFEAA41
FFFF7AFD
FFFED985
00011505
000045A1
0002DBDB
0002CA81
00021E42
FFFF7667
00003F30
00016205
00001BD7
FFFEE091
FFFE63EC
FFFEEB50
FFFF4B43
0000CFB5
FFFE65C4
FFFF209B
FFFE0357
FFFF03B5
FFFF26D5
FFFEE59B
FFFE4488
000074AE
FFFDCA04
FFFF55C1
00012445
FFFDF990
000026FE
0000C7F1
0000FCC6
00009A5B
000154A8
0002064D
FFFF07E2
00003438
FFFFBE13
FFFF5F2B
0001E4F0
0000A0DB
000032C1
000242E3
000360A3
FFFDF31D
000149FA
000081D6
FFFE3B84
000355D3
FFFEFA58
FFFE9032
FFFF1227
000055ED
FFFDFB77
FFFEC0F8
FFFD3E62
00006290
FFFDB97F
FFFEBBE8
FFFF8979
FFFF4D8F
00004ED3
FFFF1A04
FFFF85DB
0001A077
FFFF759E
FFFECB72
0000D6A6
0002D286
0002996A
0001C274
00001912
FFFF0FB2
0000ECDB
FFFFD989
FFFFA5C2
0000EA91
FFFECB3E
0000AB9D
FFFCF90A
FFFF5415
0001F651
00008076
000178D4
FFFE4EA1
FFFECEE5
FFFEB754
000096F8
FFFF9681
00003BC1
FFFD5959
FFFEAD7F
FFFDC9F9
FFFECDF3
000135CF
FFFEB355
FFFCB6B9
000358EF
000099B9
00015715
FFFFCEA9
FFFF06C7
00002559
0001AEA9
0001BE80
0001C97A
FFFF7ADE
00014D74
FFFF4B6E
FFFF39C7
FFFF58AC
00022534
0000CA52
0001C85B
FFFE978F
FFFE8F1E
000124D1
FFFD7F73
FFFFE50D
FFFE1329
FFFFAC4A
FFFEC040
00003219
0001CCDF
FFFDA400
FFFEA520
FFFFA100
FFFE52C3
FFFFD39A
FFFE0944
FFFE4A78
FFFF6E8B
FFFF1248
FFFFDD8F
FFFCFF52
FFFF31E5
FFFE6B65
FFFFEE97
000001BE
FFFF8CCF
FFFFD372
FFFEBAE1
FFFF18C4
FFFEA35B
0000EF39
000026B5
0000760C
000117E0
FFFE810D
FFFF066F
FFFD089A
FFFDFCBE
FFFE369A
00004520
FFFDB0E1
FFFD461F
FFFE7601
FFFEF5C8
000010EB
FFFE37D1
FFFD83BA
0000B6AA
FFFD4DB4
FFFE0BFF
FFFE85BE
00005562
FFFECCD0
FFFEAB00
FFFE0AF3
0001F571
000073FF
0000C742
0000CA61
0000A261
00006078
00001883
00005F47
FFFFB361
0000BFF0
FFFEB1FC
FFFF55DF
FFFF9962
00000BDE
FFFDF382
00014849
00007323
0000893B
FFFF09C2
00011663
FFFFA0A3
000134B8
00014591
FFFEBE96
000209F5
FFFE4878
FFFF9346
FFFEF401
FFFEDBE4
0000812F
00015C4B
00007E36
00001602
FFFEBCAE
FFFFB37A
FFFF4EE5
FFFFF161
00000222
FFFFB794
FFFFE1F2
0001F70A
00017A0E
FFFF034B
00013B03
00015EC3
000013A8
FFFEF141
FFFE963D
FFFD45FF
FFFE6312
FFFF52C5
000185B1
00007DD1
FFFF4AC8
FFFFA3C9
0000B90E
0001B524
FFFF0E80
00009C72
FFFDD44A
FFFCEDA5
00005E5D
00004429
FFFFDBFC
FFFF792C
FFFEC9A5
FFFC7F3E
FFFDE037
FFFE9597
FFFFBDEC
0001299D
0000E55E
00011193
FFFFFC02
0000C3F4
FFFE0AF7
FFFF0CAD
00002510
00015199
FFFF00F3
0000549E
0000D015
FFFFFB33
FFFE3346
FFFFEC79
0001603E
00016D68
FFFFAC16
00005E1E
00007E67
FFFE17EB
00008F52
0000855E
0000F20D
000031B5
00006CB2
FFFFD60B
0000262D
0000B38A
FFFE8779
FFFE974A
00009495
000132CA
0000502A
00005DA1
0000925D
0000C23A
FFFFF131
FFFE7867
000059E8
FFFECE77
00003B80
0000ED52
FFFF3CDA
0001A809
0000BEB9
0000C3DC
FFFF1564
FFFECCB6
0000ACD2
000149DC
FFFFC075
00010ADF
FFFF4165
00000EEE
0001B6F8
00003189
FFFE7E2A
FFFEBDC7
0000E6D4
00012702
00000359
0001ECBB
0000E1C3
FFFFF473
FFFF8A4F
FFFE6EF7
FFFEB8F8
000129D7
00023ABB
00009051
FFFF6935
FFFF449E
0000F556
00006AE7
FFFF3602
FFFF5DEB
FFFFC81C
FFFFDA7C
FFFEB979
FFFFB74B
0001A599
0000E1AC
FFFD47A6
00018687
000037E4
FFFE89C4
FFFDADF5
FFFF7822
00004D7A
FFFF8168
00002F34
FFFEE282
FFFF8191
FFFFEE73
FFFF820B
FFFF3E82
FFFDF270
FFFF491D
0000DE38
FFFFD6CA
FFFFF74D
0000B449
0000A5C0
FFFD2B1F
0000E1CD
FFFF0903
000140B7
00020F50
00019C83
FFFF3705
000064D6
FFFF097A
FFFF1CFA
FFFF93C8
FFFEE14E
0000CA50
000315E9
00025E43
FFFF9CA8
0000F266
FFFF8AB3
00020789
0002F6C9
00010278
00006673
0000F00F
FFFF57EE
0002CC41
000069FD
00013A50
0001902D
0000DAFA
0000B7E3
FFFF65EA
0000E4ED
FFFF47D2
000056C0
FFFFB367
0001513E
0000007F
0000DFD4
00013D3E
FFFF3F1A
00014608
FFFFA58A
FFFECAD6
000077B5
00015457
FFFEB1CC
FFFEFCDB
FFFF6622
FFFFC41E
0000CF51
00013F48
FFFF856B
0000A27A
00006FFA
00004161
0001E73E
00007868
FFFEC161
FFFF9C0B
FFFE6286
FFFF4CB4
000080D1
00009DD8
00004AD4
0000FCCD
FFFDE805
000203F3
FFFFB5C2
0000CF12
00012736
FFFF150A
000111E7
FFFEC02A
00006773
0000E054
00005C0F
0001A836
0002724F
0001F7D2
FFFFA9D2
000066B2
00006A89
FFFF7946
FFFFA0AD
00010DFE
00006A89
FFFEA317
FFFF78EE
0001B97C
00014E04
FFFFB198
FFFF2FB8
0000866C
FFFC47E4
FFFE3A85
FFFE1F3D
FFFEC008
FFFEEDE4
FFFE723B
FFFFBEE2
FFFBB8E8
FFFD12F9
00001647
0001B0FA
0000E826
0001F547
FFFF2441
00015D79
00001360
FFFE4744
00002F31
0000ECDA
FFFFD371
00018351
FFFFBE86
FFFDFC22
0001FC75
0001AD55
000073FB
FFFF7D01
0000A55F
0000A761
00007700
FFFEE571
FFFE59F1
FFFD1D3F
00008A87
FFFE9CD5
000030BA
FFFFD6A3
FFFEF42D
FFFF7B45
00021A8C
FFFFEE9A
FFFFCBE7
FFFFA4C6
00019549
FFFEF254
00016FA6
000289DA
FFFF4729
00012B43
000069C4
FFFF955B
FFFFF46C
0000832F
0000127A
00012859
000113EC
FFFE1260
FFFEC05A
FFFEF01C
0000AE8D
0000C540
FFFFCD00
00002B7A
FFFF6191
0001A76C
0001DCE9
000159D7
00012897
FFFF178E
0002AF07
000185F2
FFFF9386
FFFF6ACD
00003104
00029EFB
FFFF904D
0000AEEE
0000F69B
00015BED
FFFF90BE
0001295F
FFFDE1EC
FFFF41B7
0001D846
FFFE9254
00001E7D
00005861
FFFF5C24
FFFD36BF
FFFD17D2
FFFEDED5
000164DB
FFFF71FA
FFFE894A
FFFDADED
FFFF1C51
FFFFBAAD
FFFF336A
00013E78
00011ACF
FFFEB261
FFFFD5FC
FFFE94D0
00000275
0000B20D
00001B3D
FFFFB3C3
000024D1
FFFFD5C1
00006FE2
000037D4
0001A4C5
00003DC3
0001E124
FFFFBCCD
0001524F
FFFF5FB6
000181FA
00021F9D
0000B0FF
00024A80
000196BE
0000ADDF
00027AB1
0000718D
0000FB17
FFFED4F7
0000B12B
0000EAC0
FFFF6D2E
0000B127
FFFFCD85
0000F3BB
00015326
00010BAB
FFFF016E
0001754D
FFFEC38D
FFFFB572
0000D409
FFFF3499
0001F3C6
0000A2F4
0001106B
FFFF5825
00025996
0001CA65
0000BD4D
FFFF1C4D
FFFFD5D7
FFFF37BD
0000892D
FFFE6A93
00021EBA
00004216
000133A9
0001D743
0001EBA8
000239E5
0002155E
0002266D
0000706D
FFFEC0B7
00000EE4
00004376
00001CB7
FFFE122A
00006FDC
FFFF9FF0
FFFEC09F
FFFEC058
FFFF903E
FFFD7725
FFFE92A4
0001BD8C
00012BC4
00011EB0
FFFE4D2F
FFFD9D5D
0000FF32
00007B5C
FFFEE6F1
FFFF6C3C
FFFFD6DA
0002443C
FFFFC7E5
FFFFBED3
00009A0E
000005DC
FFFF7E0A
FFFFA23A
FFFFEFC8
0001A541
0000546B
00006EC6
0000CD32
00002CD0
FFFE4664
000121D7
0001C344
FFFF623E
FFFFCE3E
FFFFDCD9
FFFDDB2E
FFFF26C7
0001AF44
0000F312
00007337
000043DF
0000CF52
FFFF612B
FFFE90B4
000055F8
FFFFA97E
FFFEB5A9
FFFEA85E
FFFDF17E
FFFE38DF
FFFF6705
0000CB66
FFFF7976
0000C437
00003136
00016DC5
0000BB41
0000311D
FFFF88A3
0000A093
0000C7FF
FFFF99E6
00010BF0
00009278
00018AF8
0001E12B
FFFF0AF2
00003097
0000BB52
0000B05C
FFFE6FFA
000143BA
FFFFA695
FFFF5383
FFFFDF8C
FFFEB3D7
FFFF183F
00007990
000191B0
0003085E
0000F77B
FFFEF8EE
FFFECFBC
FFFEBB4C
0000AC96
FFFEC64E
FFFF8D5C
00006EFE
FFFEC8DB
FFFDF68E
0000978E
0001DE57
FFFE9F16
0000E455
FFFEAF23
FFFE8D9E
00001B5C
FFFE4B4A
FFFF6DE7
0001A6E5
000165A0
FFFE7675
FFFE345B
0000A163
0000DDFB
00019ED2
FFFF9B68
FFFF09BC
FFFFB07C
00002512
00015277
FFFF9F30
FFFFB564
FFFF58D5
00028B8E
00005356
000032BA
00023BC3
0000F72F
00027BFB
FFFF83EE
FFFE68D7
FFFDE408
00007F32
00005094
00001170
FFFEAE1B
FFFF938B
FFFEB8F4
0000AFF5
FFFE76A3
FFFF0D89
FFFE292C
FFFDA145
FFFEAF08
FFFE9EEE
FFFF8B00
000097E7
000093CE
FFFFCFCD
FFFF173B
FFFE3E31
00004DE2
FFFEDAD3
FFFE19D9
FFFF0EBB
FFFF8DBA
00006DD3
FFFF3869
FFFE2DBA
FFFD623A
FFFD9964
FFFF534B
FFFDFB5C
FFFD80F3
FFFE66BE
FFFF3F40
FFFFE0FD
0000AF37
000029EF
FFFFBAF2
FFFFF8C1
FFFE4E00
000091A4
00012922
0000ECC4
0000E757
0000F095
FFFEEA62
FFFF9EBB
0000E3FE
000078D0
0000768E
FFFEF906
000072E6
FFFFA944
FFFF4E45
0002C556
0000F169
FFFF81F6
00024EBE
FFFFB9C6
0002C6EC
FFFE4BB5
FFFD8CB8
FFFECA2F
FFFDCC1F
FFFC3BD6
FFFEF596
FFFF5CAB
FFFED524
FFFECE55
FFFFE484
000292F3
FFFF929E
FFFEC913
0000686E
FFFE41DE
00023C8E
00006C20
FFFED73C
FFFE21E7
FFFDC6E8
FFFFEBDC
000057AD
FFFDCC8D
000115E1
00006B3A
FFFD519A
FFFDE570
FFFF8DC4
FFFE2EB4
FFFE9792
FFFEC6CC
00000A9F
FFFF73A6
FFFE6378
FFFDF461
FFFE8CFB
FFFF99AE
FFFEE631
FFFFA619
0000702F
00020ABE
FFFF9162
FFFEDB18
000236ED
00001C40
FFFE4524
FFFE7CFC
FFFE1E0C
FFFD1284
FFFE9234
FFFDF62D
FFFE6442
FFFDE243
FFFF5D41
000150D4
FFFFDA66
00008772
0000450F
FFFF1524
FFFF272C
000076AF
FFFDAC49
0000E5DA
FFFF2964
00001312
00017635
FFFE8061
FFFDAC70
FFFDDE7B
FFFE233F
FFFF05DE
FFFEE247
FFFFA51F
FFFFDC5E
00010C16
00013123
0001E979
FFFE903B
FFFF0118
FFFFB6FE
FFFF5CF4
FFFFB7B0
FFFF8381
00001295
FFFF9AE1
FFFE7FF7
FFFEA84A
000158BB
00003489
00004F5D
FFFED8FE
0000DC38
0002AABB
0001BD2B
000089C6
00011503
00017B5E
00022A50
0002180C
FFFEB1F2
FFFE80C2
00001357
00018C5F
FFFF4E93
0000AF0B
FFFF8838
00003BA7
0000E9E6
000140D4
FFFF258D
FFFF70A1
FFFECF88
00015CDA
FFFF53C0
FFFF92B4
00014B6C
00019D34
FFFFEA44
FFFECF41
FFFF0CA7
FFFEB51A
FFFDE8CE
FFFF0E02
FFFF5D38
FFFFDCD6
0000D1D9
FFFF7BDB
FFFEF878
000019D4
00000D25
FFFE843F
00013F94
FFFEACC4
FFFFE0D4
00003571
FFFF32F2
0000AF1A
FFFF6087
FFFFD878
00011DEA
0001D657
FFFEADF9
00010382
FFFFB379
00006170
FFFFB36C
00013A58
FFFF55C6
0000C31B
000162C6
00019957
FFFFCF44
00029491
00004550
FFFE7B7D
FFFDBE74
FFFE8A6F
0000C901
000043FF
000023DD
0001E714
FFFF4A49
0000EFCD
FFFF4E5C
FFFF6AA2
0001BC89
FFFFFC01
FFFD8F45
FFFF2EE0
FFFF0528
FFFFB476
000287D2
000306F5
FFFFC8A0
000024F2
000044EB
0001BCA0
00007CBF
00012231
000022F0
00006E1B
0000DFBA
00012E04
00013F11
0001713F
0001DB3F
0000BC00
FFFFCF45
0001DCCD
FFFDFEB0
FFFDCDAA
FFFF7D2D
00010DF2
FFFFF8A7
FFFE1D39
00008787
FFFF5D50
000052D2
FFFE6EFE
FFFF7398
FFFE8474
FFFDD23A
FFFF7C1B
FFFDF277
FFFFEAC5
FFFF738A
FFFEDAF7
00029F39
0000B0B8
FFFF5144
000105CA
FFFF764E
0001DE9C
000065AA
0001535D
FFFFB563
FFFFE015
FFFF1771
00004D05
FFFE2C01
0000547D
FFFE02EE
FFFE043E
0000371D
FFFE509B
FFFF00D2
FFFF16AC
0000FD65
FFFF00C1
FFFEE858
0000684A
FFFF2C38
000067A5
FFFEA6B7
FFFF6D68
0001371A
00001B85
00019DFC
00002DF5
0001C427
FFFF8D7A
00013207
FFFE75A2
FFFFEA87
FFFFF47C
FFFEEE76
00018C9F
0000B213
FFFE43FD
0000537B
00020EE4
FFFF4EEE
FFFECFE5
00000B09
00016551
FFFE907C
FFFDD213
FFFDD634
FFFFAC58
FFFF0D16
FFFE1949
FFFF6935
0000A895
FFFFD9E4
FFFF2BE5
FFFFE5B0
FFFE94B6
FFFFFAA8
FFFF3DCC
FFFF896F
0000B7F9
FFFF5199
FFFE9184
000130DF
0000EDC5
FFFF69A6
0000C709
FFFF43A8
FFFFC97A
FFFEBE15
FFFFFB7B
0000B090
FFFE5A5E
FFFECB24
0000611A
000045CF
FFFE6784
FFFE2819
00010555
FFFFB733
0001B17B
FFFF8D3B
0001B743
FFFFC591
FFFEAF63
000159DF
FFFF98AD
FFFFDF31
00002925
00014400
00006E43
0000E962
FFFE709B
00023B98
0000B2AF
0002014A
FFFF4781
00029683
0001E5F2
0000139D
FFFEE310
0001663B
0001F196
FFFFBBC0
0000623F
FFFF58AD
FFFD9320
00019FB3
FFFFF85C
0000C7C8
FFFF96FB
00008B3F
FFFEDF9B
000030A2
00005951
FFFE87DF
00012542
FFFE94F5
FFFF67EE
00011DAD
000068E7
0000ABE9
FFFFBC58
FFFFE10F
FFFEBB3F
FFFFF1E7
0000813E
FFFE179B
FFFEE2B5
FFFFD5F9
FFFFF939
FFFD9D1E
00017C33
FFFEE781
FFFFE0B0
0000FB08
0000C16B
00005F86
00006A75
00023035
FFFFF9FE
FFFF1207
FFFE6A9B
FFFF86F8
00003807
FFFDFC24
FFFDD6A3
00002067
FFFED735
0000CB6D
FFFF1CE5
000167EF
000107EB
FFFFD8CF
FFFF7279
FFFF91FA
FFFEC3C2
FFFF9231
FFFF741D
0000C229
FFFFAC09
000161B8
FFFFDB84
0000B9F5
FFFDDB8A
FFFF0923
FFFEADDD
FFFFC32E
00017F73
000062DC
0000C2C7
FFFFF04E
00003EB8
0001B5D4
0000077F
FFFFBF3D
00019050
FFFF043A
00009C36
FFFF1C0B
FFFE15DB
00006291
FFFFDAA4
FFFEC1BB
FFFE574F
FFFE7842
FFFE5AC7
FFFF14A3
00001EEA
FFFF262D
0001A093
FFFF239B
FFFF43B6
FFFD9E32
0001694B
0000A488
0002147F
0000997A
00009138
FFFED9BA
00008FB7
FFFECF39
FFFFA503
FFFEEA27
000048F1
FFFE2DEE
FFFDD8CE
FFFED0D1
FFFE4BBA
0000AFE9
FFFED927
0001A436
FFFF761E
FFFFEDB3
00005301
FFFECDF2
FFFE95EC
FFFF7800
FFFDF207
FFFEE34C
FFFDC591
FFFF6CBC
FFFFFBE7
FFFF58E5
FFFE54CD
00004A10
00003472
FFFDE020
000069FF
FFFF6C45
FFFFA5A3
FFFEFA7A
FFFF6AE7
000022C4
0001757F
FFFE0996
00002B77
00000691
FFFFA3FF
00002B4B
00009F36
FFFDAD39
FFFFB0E1
FFFE88CB
0000275B
FFFD64FB
FFFED68B
FFFCF203
FFFE3B1A
00006FA2
FFFFB313
00023448
000053C6
000139EC
FFFE81C6
00017F0B
FFFFC574
000039D0
0001CDFA
FFFF589B
FFFF1FDA
0001CFA0
000132BD
0000D536
00009F14
FFFFF65E
0000958F
FFFFBE5B
FFFFA266
FFFE73DD
0000BD43
0001A5E3
FFFF3D21
FFFE6B38
FFFFADF5
FFFF7DE1
000091F1
0000236B
FFFF25C7
FFFE8518
FFFF9A8B
FFFF7C6D
000011D7
FFFFD0C2
FFFFCAA1
FFFFF435
00009789
FFFE2BC5
FFFF19A6
0000274B
FFFFA74C
FFFDA598
FFFD5A34
FFFE16D9
00020699
000021B3
FFFE527D
0001C45C
FFFE35C1
0000F35B
00015A2E
FFFF00F2
FFFE43E6
FFFE6ACE
FFFDCAA5
0001E9CF
FFFE883B
FFFF4F1D
FFFE9D8D
FFFEAB90
FFFF6300
FFFD4F18
0001648B
FFFFB675
FFFFCA12
FFFFA587
FFFFCA13
0000969D
000109EB
FFFDB9C2
FFFD77C5
00002E71
00001A2F
00006E54
FFFF5486
0000DFC4
FFFF90F3
0001965E
FFFFF86D
000122B4
00003129
00020353
FFFFEE0D
FFFFB14C
FFFF13FE
000154C3
FFFDEBE7
00004F9E
000034C1
000040BE
00024460
FFFFEB56
000376B5
00017B14
00018EE7
0002800A
00007C77
FFFEF9D1
FFFEB726
00006D12
FFFDDA4D
FFFE4B8C
FFFF8A70
FFFDFBE1
000064EB
FFFDE545
FFFFA148
FFFFF55D
FFFF0DB8
FFFF92B9
0000F8C9
FFFE099C
000048A8
0000D93A
0001168B
000070CA
0002D7FF
FFFF6AF1
000040DA
00010F76
0002F5A1
00001008
FFFFCDC7
0001044A
FFFF3009
FFFB5BF7
00001126
FFFFFD2F
0001D6A9
FFFF0907
FFFCAC80
000085AF
FFFF97DD
000119D7
00003BF4
00008D50
0003057B
00009A08
FFFEE56C
FFFE7E58
00007EC4
FFFF9E07
000005C5
0001E719
FFFE747B
FFFFE106
FFFEBD20
FFFE6229
0000FAEA
FFFF6135
00006CA2
FFFF7481
0000D590
00008186
000014F4
FFFCE857
FFFF4DDF
FFFBEAD4
FFFE0D0B
00000464
FFFF828B
FFFEAA15
0000A938
FFFF5BE0
00013D2B
00013898
FFFEC457
FFFFBFCF
00015DA3
FFFF3AB2
FFFE7E33
00019794
FFFF7AA9
FFFF4254
FFFFBC76
FFFFCA70
FFFEB7ED
0001297F
FFFEB002
000002B7
0001A2C0
FFFF4781
00010940
0001DDF4
FFFE61ED
00005E92
00012790
00001F48
00008D45
0000FD29
000322C2
00015526
FFFF4717
00020262
FFFEBA02
000205D4
FFFF5060
00013057
FFFEB7D4
FFFFCC8D
0000899E
FFFE4D3C
000033DF
FFFF3D42
0000C4A7
FFFFF366
FFFCD5EF
FFFF61D9
FFFEA55A
FFFF35A4
FFFEC2C9
FFFFF690
FFFFBC8E
0002C46B
00003BE8
0002DCF4
0002154F
FFFEEA7A
00034E63
0001B1D7
000125A4
000147AB
0001DA35
FFFFD2F5
FFFFDD5A
FFFC9118
FFFC4882
FFFE6336
FFFFFC3C
FFFDFEFB
FFFECDCA
FFFEC8BD
FFFEAC6E
FFFD1C50
FFFDE822
FFFF3B72
00020062
00002800
000045EC
00002C04
FFFFFCD5
0000EA4F
FFFF2A17
0002A6D1
00004987
00002546
0000DE3D
0000EDCE
0002A351
0000A268
00000AEA
0001DBF5
00000718
000009BD
0001EB2B
0002E815
0002FEF0
FFFEE6DA
00003C39
FFFEBF4B
0003E433
00011CAF
0001CFD9
0000F165
0001970A
FFFFD5F5
0000708C
0003A8C7
0002FF07
00014720
FFFE1B93
FFFF0802
FFFFCF36
0000E22C
FFFCCD9B
00012D9F
FFFEBF0F
FFFF809D
0003EA29
0002BB57
FFFFF625
FFFF2649
00022ED6
00028FE6
0002ABF6
FFFF960F
0001CC4F
FFFF3776
00020432
FFFFF5F4
0001330A
0000D1CD
0001A525
00003080
000097A5
FFFF8E5C
0001A8BD
00003F33
0001EF6F
FFFEA067
0000663C
FFFEC4E7
00025799
FFFFEC44
000131A7
FFFF40E7
00006A89
000012D0
00033F31
00005AB5
FFFED249
00000393
0001D937
0000F15C
FFFF5772
FFFE579A
FFFFDBBC
00014536
FFFFB757
FFFEAD46
FFFFAAD3
FFFFD25E
0001897F
0003A329
00022481
000281AF
000036B4
00035D65
00033381
00009106
FFFF76C9
FFFFE405
FFFF6030
00013E1E
FFFDD928
FFFDF4C5
000189BB
FFFEE8B6
FFFFD011
00004AE0
FFFE7EC6
00017EB6
FFFE309D
FFFE8501
FFFE5EF0
000038BD
FFFFED30
FFFF20B3
000136B0
00014662
FFFD30A6
FFFE4226
FFFE43A3
FFFE9D62
0002990C
FFFF5B72
000092CA
0001FDD1
00011AFB
00026DC4
000213EF
0003050A
0001720E
0001AF26
0000FDD2
0000E2DE
0000DEDE
000329FE
00019113
0000C90D
FFFE754A
0000FA64
0001895D
FFFFA4AA
FFFFCB2B
000156F7
FFFEA0AF
0000B206
00007733
00022153
00001656
000119A7
0000AEA7
00018F34
00032590
0002BC23
FFFE527F
FFFEE380
FFFFB264
FFFEF9F0
FFFEDB93
0001B046
0000D37A
FFFE9F92
0001DA3A
00019C94
FFFF4A8F
FFFF67DB
FFFF356A
FFFE3BAA
FFFFDD91
000168DE
FFFE9F89
FFFF8B63
FFFFA660
0000A982
00000E00
FFFDF7C6
FFFE23AD
FFFCBA5B
FFFFD64B
0000395D
FFFFE4D0
000125FD
FFFFBBA6
00007104
0001304B
000183A3
FFFE8EF4
FFFEC8DB
FFFF26D3
FFFF747D
FFFD6D28
FFFE11A9
FFFE4862
0000373B
FFFF2F0E
00014B2C
00009D1B
FFFD50A6
FFFF3A4C
0000E10B
00002CD6
000328B1
000181BF
0002ECA5
00000E15
0003547E
0000EAEE
00036450
FFFFDA12
FFFFABDB
FFFFBD80
00003A52
0001BD45
FFFFE088
0002D412
000136F8
0002212F
000103CD
00005427
000005D9
00026644
00002FCA
0000DA6F
FFFF366F
00010849
FFFECD88
0001EF42
0001CD53
FFFF6B31
0001F07D
00003B1B
0001E294
00016982
FFFEAA24
FFFF584B
000010DD
FFFEF9E5
0000754A
00006B63
FFFF8823
0000808F
00009910
FFFF4794
FFFEF055
0000217E
00000A72
0001E2F9
FFFDAD76
000066F4
FFFF9D50
00014B1A
00009573
FFFF8B3A
FFFF78FC
FFFF5335
00006612
FFFFDC31
00010053
FFFEA965
FFFEA3A3
00009CD1
000208B7
0001C01A
0001EF71
FFFFA590
0001CE22
000235E7
FFFFC14E
FFFF06A6
00000ECB
00026644
0000F0C3
0001ABE1
0001AA44
0001860B
FFFFDF3B
FFFEE653
000218A0
FFFEE0F3
0000A042
0002DDD7
00013B96
0001256C
0000BF04
FFFE7BCC
00010519
0000566E
00014BA2
FFFF8577
FFFC2307
00011AEF
FFFFB7B0
FFFD6E6D
00017E9D
FFFF5054
FFFFCD15
FFFD3729
FFFC7360
FFFD6864
FFFEB2C5
FFFF75ED
FFFEC5C6
FFFDA85E
FFFE2F62
FFFD7A95
FFFEC246
FFFFF689
FFFFDA71
0000B210
FFFF9F40
FFFF16B7
00009DA7
000026F8
00010148
FFFF0655
00016ECA
0000F220
FFFDA274
FFFE2AF8
FFFF4A28
FFFF8601
0001DCDA
FFFF7E1C
FFFD3B0E
FFFF963D
FFFEFFF4
0000D835
FFFE2C85
FFFF81F3
00006B24
00014C30
0002808A
00020794
000215C8
FFFFDEE6
FFFFF9AF
00035DC6
FFFED620
FFFFF39C
FFFFB61D
FFFF8B28
00000EC5
FFFFB2E6
FFFE7AD9
000157B7
0000BC8B
0000BBD6
FFFF99D7
FFFE4656
FFFE53E9
FFFEE994
FFFFE1F8
0000D5EB
FFFECEE5
00016C1A
00011F92
000032C0
00027267
0002750B
0000FE0E
00018BCC
00003B04
0000657E
0000C2A9
0001A0F5
000053E3
FFFEC36B
00024C19
0000CDE3
0001AE8C
FFFE61D9
FFFE3BAC
FFFF8741
00008513
FFFF2784
00007FAF
FFFF9F2F
00006403
0000ADC8
0000583A
FFFFDB77
FFFF6474
000358E8
00012794
00012466
00011473
FFFED028
00002CF4
FFFCE3D3
FFFD8D19
FFFD27C5
00004681
FFFF14FA
FFFFF22D
FFFCF1BF
FFFE9934
FFFEA076
0001BE76
0001025E
0000CCB1
FFFF8EC2
FFFCB580
00019D06
FFFF2AC3
FFFF3CA8
FFFCFB16
000113BC
00029EDC
000213C5
FFFEA5AB
FFFF3EA3
FFFFF9AA
FFFFD2D6
00016C21
FFFE665D
FFFD97AA
FFFD7ADF
FFFFDFCD
FFFF5E60
00017DAB
000163BC
FFFDFC00
FFFFA0B9
00008FB6
FFFE993C
FFFEAA5D
00019855
FFFC8905
FFFEDD00
0000DD16
FFFBC858
FFFCD1AB
FFFF12F0
00015BFA
0002122B
0002B19A
00000814
FFFF1EA5
0000B671
0001D0B6
0000131F
FFFD85D1
FFFF6412
FFFE072E
00011A41
000132BC
00008407
00012B88
00000F87
FFFD6C3A
FFFFF350
FFFD7545
FFFD9246
FFFCDFFA
FFFFDE02
FFFF03BC
FFFF750A
000069CD
0000A83A
00013090
00002081
FFFFE4D1
0001784D
00006C2E
FFFF8CED
FFFFC7B4
FFFF81A9
FFFFD231
FFFE6148
00005F95
FFFEDADF
FFFE910D
FFFE69B1
FFFE5667
FFFD1964
FFFE8194
0001C704
FFFEDF7D
0002CAD8
00006395
FFFFFB1E
00009863
FFFE6B28
000025C4
00031681
0002CD3A
00025A3C
00015EB0
FFFF0C6A
0000098C
0000DDBE
0002166C
FFFF1F45
0002A7FA
FFFF941D
FFFF493B
000125C5
00018351
00025A93
FFFF1079
FFFE15E1
0000CFBE
FFFFC34C
0001A01F
FFFF0527
0001F4E9
000221C8
00017908
00011E3E
FFFF930F
FFFF26FA
0000822D
FFFFB2C6
00003893
FFFF4E06
FFFFC1A8
FFFF474A
0001A6E9
FFFE87D0
00028E3F
FFFDE66B
000158A7
FFFF1B88
FFFCFC9E
FFFEA145
000040E4
0000CECD
FFFEA18D
0002CCB4
FFFE578C
00001C72
FFFE5C7C
FFFD1BF9
FFFF44E4
FFFE836E
00018AF3
FFFEA31B
00023BDF
FFFF2758
FFFDAE4C
FFFD78CC
00025B06
00006725
FFFECF93
FFFE85A0
FFFEA74F
0000E537
FFFEA8D7
0001D84A
FFFEF1EB
FFFF6217
00004F61
FFFE9289
00000DE3
FFFD17DF
FFFF92D0
FFFE0080
00005857
FFFD8469
FFFF5867
FFFE6B86
FFFEBF1E
FFFEC628
00026A0C
00009F2F
00009046
FFFF7211
00013317
FFFD76A3
0000314B
000047CA
FFFF82F3
FFFE53F0
000039F8
00007BCD
0002571C
FFFED848
FFFD0884
FFFF3CB5
FFFF1461
FFFDD011
0000DF36
00017C8F
FFFEA30D
0003097D
00028268
000167EC
FFFD0EE2
000267FB
FFFFC23F
FFFEAD08
FFFFC7D2
FFFFA7FC
FFFEEDBC
FFFFEFD0
00017D68
000055E3
00018321
000112AA
000238AF
00022AF3
FFFFEBCF
FFFF1FB0
0003254F
00006BA7
0001F37E
000079BE
FFFF92F8
0000B95D
000231BE
0001F884
0000A23F
00003A6F
000124DE
FFFF5F78
00014446
FFFE1956
FFFD4AE6
FFFD5F19
00009B48
FFFEE99D
FFFFDEB1
FFFE62E8
00025C7F
000205E1
00036F19
0001B81D
FFFDCD2D
FFFF24D0
00002903
0002974F
00005D7A
FFFD2A56
FFFFD99A
FFFF31A3
FFFE7089
FFFFB3D2
FFFDAF0C
FFFEA2E7
FFFEC310
FFFF0CD9
00008602
FFFEC67F
FFFDBAB3
FFFEBDFD
FFFDB915
0000964E
FFFF8AE0
00011CAD
FFFE7520
00020A89
000149A4
FFFFAFC3
FFFFB97B
00004BD8
FFFFB5D4
0000B72B
FFFD70D9
000031B2
FFFD8C94
FFFFE4AD
FFFE3473
0000E95B
00013243
FFFCA0CE
FFFC4AC6
FFFDF85F
FFFFCE86
0003A08F
00007DE8
0000ABF1
00026A7B
0003C3EF
000114C8
00021677
0002924B
FFFE73A4
FFFE5E67
FFFF7970
0001B523
0002928F
FFFEA1C9
FFFFED25
00033441
0003F910
00015E57
FFFFEB21
FFFE5EDD
00023334
FFFDAB42
FFFCA828
00021240
00015C6F
0000717B
FFFD8A04
FFFE0958
0002CCBE
FFFE3711
FFFFB32E
FFFFE2FD
0001B0A2
00002BEE
00017E3A
FFFFA2E4
0002EDBD
FFFF889F
00009F68
00008D64
0000CD1A
0000B4FA
0001E011
0002F2FF
000050E6
FFFD25A1
FFFED576
0000174F
0000A2EF
FFFFF1F8
FFFFD8F1
0002C3D9
0002F107
00000708
FFFEF06F
000287FC
00001EA9
00008063
0000A392
0000E04C
FFFF802B
FFFEB86F
FFFDD931
FFFFBCCF
FFFFA7EE
FFFF9322
00015C75
00003ACB
00008ADA
FFFCFE3B
FFFEDB65
00012A4F
00009E59
000333C0
FFFF987F
FFFE2F1A
00017E24
000224B4
00035EC7
00033398
0000BCE3
0000D015
0001E73F
FFFDC32F
000308AE
FFFD8C92
FFFF31F3
FFFE1D85
000076A8
00006D0F
FFFEE27C
00013676
0002294C
0001FB77
0002707C
0002BDF8
00016487
0002DFAD
00006FC4
0000AEA0
FFFCF41A
FFFFE0C6
000104F4
FFFE78B1
00024D36
00036108
0002F52C
00003DA8
000013ED
0001252D
FFFEC126
FFFF3CA6
FFFF8770
FFFF769B
0000B52A
000072CA
FFFF6CA1
00022BE7
FFFFC501
00009876
FFFE5D24
00003B34
00014B15
FFFE73D1
FFFE45ED
FFFF8784
00010B10
00000A14
FFFFF72D
00016C66
0000C85B
0000DBFA
00008795
0001A7F0
FFFE8DCD
00035911
FFFDE7F6
0001F3A8
0004E1CC
00008AC2
00008011
FFFFEF2D
00029DE0
FFFDBA8C
0003471C
0002C8DD
0001DD67
00008AE8
FFFFC29B
0002A4BB
FFFFCD31
FFFFA79B
00004BD8
0001BF27
00019F27
FFFECC0E
FFFDEE16
FFFF1BBE
FFFD5B47
0000628C
FFFE57BE
FFFD99D0
FFFF20CE
FFFF6713
000152CF
FFFF6239
FFFD3D7F
00011C3F
00007953
00015B8C
000208BA
FFFF62D1
0000614D
000193B2
000396D9
FFFFF133
FFFF57F1
0000FAE5
FFFF5660
FFFF08CD
FFFEA70E
FFFEDF86
FFFB6C65
FFFDB71A
0000B9BF
0000896B
0003134E
FFFEF44A
FFFFF2A2
0000B5F9
00016316
00023518
FFFC9C27
FFFFA8C4
FFFDE538
FFFE2447
FFFFBE61
FFFD6968
FFFF55F8
FFFC9D88
FFFFACC0
00004A91
FFFF3585
00013BB5
FFFE7508
FFFC5CFC
FFFF9BA9
00010E42
0001B88C
FFFFDE15
000045A6
0000F5D3
0000B193
0000DA00
00009FBC
00009BB5
FFFF4636
0001F2D8
000176FD
0002DC4E
FFFEC09B
FFFF0D11
00013798
0002C866
FFFDFCC2
FFFD7D11
000048E4
FFFFBA29
FFFC7DE0
00016F5D
FFFE2FAB
FFFCE3F5
0001297D
FFFF07AA
000204C2
FFFEC2A7
0000A60B
0003FAC1
FFFCAE37
000399F7
0000C7E8
FFFF6CE9
FFFFDB69
00020195
0002B3D4
00020BC6
FFFF2ED7
00024910
0000B7DF
FFFF374B
FFFF7C7A
0001D146
0000DB2A
000033E1
00000C83
0000C0C8
00012160
0002A230
00018ED0
0001610B
FFFE542B
0001143F
FFFEE71B
FFFF559C
FFFC697C
00006D67
FFFF16A9
FFFCEC41
FFFEF6AB
00001DC2
FFFFDE91
0000EA10
000419A5
00006008
0000B799
00026240
0002D9D1
0001F6D0
FFFF29A1
0000DAAA
0002DD91
FFFF43D6
0001A546
0000F778
0001A197
FFFED41A
FFFF1422
FFFFF3C8
FFFE985B
00006128
FFFEAB97
FFFFF6D8
FFFEDD74
FFFF6DAA
0002359D
FFFD7130
FFFF3805
0000F735
FFFFE908
00018023
FFFE9E68
FFFEA557
0000D3ED
FFFFB734
000014D0
00019786
00007621
FFFD6068
FFFFE28F
FFFF2256
0000E5FE
00005833
0001A1E7
FFFF0B1B
FFFF6DD9
FFFE2069
FFFF8004
FFFCC1B4
FFFD5E99
FFFFEEEE
FFFF7EE0
FFFEC192
FFFFF371
00011C28
FFFEF059
FFFCCF3E
FFFF8200
0000084F
FFFF27C2
FFFE9E48
0000626F
FFFC50E0
FFFCDCA8
FFFD4BFD
FFFDA920
FFFD77BA
FFFE8283
FFFF98AE
00010011
FFFF7A34
FFFC908D
FFFFB785
FFFE6ECC
FFFEADF9
000156A1
FFFE87BC
FFFE9AA1
0000849F
FFFBB0D2
00019D38
FFFF34FE
FFFFCD08
FFFF31B6
FFFF5CE5
000033EC
FFFFC2F5
000159BF
00013C41
0001A22D
00031212
000061D8
00031B72
000216E5
00001F6A
0001FB48
0001085B
0001C4ED
0001729E
FFFD62E9
00007DE5
FFFF4C9A
FFFEE76E
FFFF65FE
FFFE9D7B
00010A48
FFFC8F80
FFFED27F
FFFDB4AE
0000B02F
FFFF7B0B
FFFE523D
FFFF1832
00006753
FFFF39D7
FFFD624B
00034091
FFFE87E8
00008238
0001358C
FFFF07F3
000015D5
0001E8CB
0002CF60
FFFE6935
0000062F
0001F5B0
FFFE397A
FFFF79B6
0001D0AE
FFFE93AE
00019732
0000F7BC
FFFD4B49
FFFFA344
00012D09
FFFF0D85
FFFFE270
00004ACF
FFFFE97D
FFFF226C
FFFFC0C9
0000B658
0001E9BD
0001A8FE
FFFE95D7
0001C71D
FFFFD575
0001502B
000043E1
0001538A
0000989C
FFFD81C8
FFFFAE1E
FFFF3B72
FFFF1848
0000955B
FFFE824C
FFFDD5E0
FFFFB973
FFFF211A
FFFE5D9F
0000EF6F
00005562
FFFF45BF
0001517D
0000249C
FFFF1E3C
0001E61D
FFFE5EC4
FFFE96C7
000102A3
0000BD75
0000FD11
0000D28C
0000B2F5
00007CA4
00024002
00008323
FFFFE9FC
FFFF7A77
00003065
FFFE9A83
00001DB4
FFFF8780
000156B9
00012097
FFFFD286
FFFF2432
00018AF3
0002D16D
FFFF3112
FFFF2AC5
00018E92
00001A5A
FFFEEDE4
FFFF80B0
0002AFE3
0001AF94
00035C25
00014316
00006C6C
0001F10B
FFFF7AA4
FFFF4545
FFFF2332
000057FE
FFFF3C3B
0000673E
0002CF5A
0001E06B
FFFF863C
00009D0B
00017D55
00005E53
00013F96
0000170A
00015613
00023334
FFFE72A1
FFFFC6B9
FFFF2B1A
00001C10
FFFEA86E
0000E58A
FFFE60FC
FFFF3E6A
FFFF17E1
FFFF36B0
000198F9
FFFE2266
FFFD1090
FFFE2FDD
FFFE7FF3
00001E9F
00025725
FFFF72EB
FFFFF3F2
0002B837
FFFED146
0000C2BA
FFFEE900
00007B6D
00011930
00001DE1
00035D65
000060D5
00011AF1
00022AEA
00027624
FFFEBDB5
00005C12
FFFFAEFC
0001AE96
FFFDFE38
FFFF3AC4
0001F435
FFFDC8F8
00008EE4
00002745
FFFF88A7
00004C01
FFFED5D9
0000354E
FFFFF550
FFFFD28F
0003ABAA
00008BEE
FFFD4A7A
000056E9
FFFD03DE
00007436
FFFE182D
FFFF0F80
0002A579
00011DC0
FFFDC385
FFFF4BDE
FFFFC9C1
00002FB0
FFFF2FBC
0002DE80
00027069
00005244
000075F5
00009095
00022226
FFFE6DC5
00022A2A
000199FC
FFFFF56F
0000F6EB
FFFCC215
000023E8
FFFE3F05
FFFDB9B1
FFFF95F3
0000B6DF
0000894B
FFFDB3D0
FFFE9580
FFFCE5EA
FFFE7895
FFFDD864
FFFE4D56
FFFE5D9A
0001DA29
FFFD825E
FFFEB430
0001AA3C
000059DB
00015AA4
FFFFE7E7
0000219A
FFFF88D3
0001E906
FFFF0D26
000169CB
00030C3D
FFFF7BB0
00001596
00020FAF
00019EBC
00013F48
000103CE
FFFF6F74
0001233E
FFFF0AD2
000031E3
0000F7D9
00019E0C
FFFF6300
0001A2C3
FFFF73A2
00038EDA
FFFFA975
FFFF7242
0001BA16
FFFE69D0
FFFFCA58
FFFFB930
0000555B
FFFF85F6
00017DFB
00034535
0002EC9F
FFFECBF3
0000637F
0002213F
FFFDC79E
0000CB1A
0000283D
000063AE
00000242
0000B75D
00014C17
FFFEDCF4
00006680
FFFCBE6E
00005CCB
FFFD1E31
FFFDD74A
00006149
FFFE5333
FFFE1148
0001617A
FFFEFC4E
FFFE4685
FFFE9100
00012A09
FFFF9852
FFFFEEC2
FFFF683C
FFFE585B
0000D61B
000267FD
0000C0D3
FFFEE5DC
FFFE4C62
FFFE55A5
FFFC51D0
FFFF6377
000313C5
FFFF43DF
FFFF39A5
0002EF3C
FFFE6B3B
0000E28E
FFFF093E
FFFDC6E5
000107ED
00018716
00008E93
0002C2F4
00000A43
0001A50F
FFFFE091
0002AE66
00004216
00003AC9
0001D4C0
0000524C
00009971
FFFE90DE
0002E103
FFFF5AD5
0000F8E3
FFFFFC6B
FFFEC547
0000DED7
FFFF0ADC
0000A065
FFFF9A03
000010EB
FFFE100C
FFFBFCB2
FFFD3EE2
FFFD517A
FFFFCA87
00005805
00001839
FFFC51B8
000039AF
0000A9F6
FFFE008B
00006CF1
FFFF4120
0000ACE9
0000FA4F
00005D82
00016C9C
0000D53F
FFFF3CA9
0001F830
00007A4B
FFFFEF70
0002C954
FFFF6428
00003DBD
00025F6B
0001B8BF
00013B25
FFFEA404
00002D30
00027C71
FFFF5D41
00047FF4
00005E4E
000061F9
0003F44C
00011FAC
FFFD8948
FFFDBE6D
FFFD0F1A
FFFEBEF3
FFFFEB60
FFFDB6EB
FFFE8222
0000DD17
0001AB5B
FFFFD18E
FFFEC24D
00021020
FFFE50B8
FFFECE57
00000400
0000A192
FFFFBF20
0000CAF5
0000ACA3
0000A616
FFFDDE90
00018E40
00023315
FFFD032D
FFFE1EB7
FFFEC396
000250E8
00021407
00006188
FFFFA764
0001C025
00025200
0001745B
000135C4
00024E55
FFFDC281
FFFF3ECA
FFFE97E1
000116F7
FFFE34BC
FFFFD20A
FFFDF770
00000A07
FFFF8D1C
FFFE34B4
FFFF49F7
FFFF04D3
FFFF6FF1
FFFE5985
FFFE33BB
00019DA1
00007D29
FFFFA541
FFFEAB9A
FFFD0567
FFFF156B
00019E90
0000CF68
FFFDB57E
00015032
0000EFC8
FFFEEF13
00000705
000124E1
00017DAF
FFFF163F
00009CDA
00020956
FFFE8B14
00009E5F
0001209D
FFFF4FDE
000173F2
FFFE3D35
FFFF3738
FFFE706B
0001F8D7
FFFF157D
FFFEEE63
00006D40
FFFE8625
00004754
FFFEA937
0001B175
00016171
FFFEE74E
FFFF7A6F
FFFFC4B9
0001B5F4
FFFE86D6
0001DF01
00017F44
0000DD77
0000B34D
0000E9F2
0000C0BB
0000630D
0001B5E2
FFFDC4D8
FFFED0F0
FFFF1FBD
FFFE904D
00005793
0001E5DA
00006F46
000027CE
FFFF0A24
FFFE2B72
FFFF1843
00000FF0
FFFFB835
FFFF0F4C
00024317
00019B8C
FFFF07D2
FFFF7B9E
0000DA13
0000B03E
FFFF5F32
0000F6DF
000203AB
000105ED
FFFFE54A
0001CBB0
FFFF98D0
FFFF14DA
00032D7F
00012E85
FFFEF2FF
FFFE7548
FFFDF8E2
0000E7AC
0001AE54
FFFEF8A4
0000100D
FFFF8DC1
FFFE2026
FFFD7052
FFFF23EA
FFFC4ABF
FFFE4311
FFFF5353
FFFCA3E1
FFFE63F4
FFFDB737
00005524
00022BD1
FFFE01F8
0000DF95
FFFF6426
0000C87C
FFFFD743
FFFE74BD
FFFE290A
0001E898
0000A46A
FFFE36A4
FFFF404B
FFFE275B
FFFE4DAF
0001268F
00005950
FFFEB05D
000018D3
0000DDB1
FFFFD47A
00001B4B
0000ACCE
FFFEB31D
0001A2B5
FFFEED97
FFFFB384
FFFFFEEE
000082D1
00010A03
FFFE794B
00009A48
000238E0
FFFF0725
00002696
00014240
FFFEF516
FFFF9152
00007E56
FFFE6017
00001895
0002087B
FFFF82F8
0001702B
FFFF5366
FFFFCFF6
FFFDFE1B
FFFCDF33
00002298
0000BA61
FFFE358D
0000E084
FFFE55C4
0001B233
FFFF4E87
0000B2C5
000033B4
FFFE9441
FFFE362F
00019FAD
FFFE3DC0
0003D997
FFFF2EE2
000265D3
0000CB9B
FFFE605E
0000ED0F
00011283
0002DE6D
0000BF14
00003996
00015D66
FFFEEF41
00000C46
FFFDC4BF
FFFF137D
00008184
00014106
FFFF7465
FFFD488A
FFFE9E3E
FFFDFF7B
00005A5F
0000F527
FFFE1851
FFFCBECC
FFFFB770
FFFFF11A
0000E6BD
FFFF278D
0001A5B8
00016A71
FFFF4556
00011C9D
FFFFB1E6
FFFFF1DB
FFFE42A2
FFFCE25D
FFFF6D3A
FFFEEC19
FFFDFB77
000088CA
FFFF6CAA
FFFFF0ED
FFFDECB6
FFFC8F1B
FFFEDCA2
0001A290
FFFCE7C4
FFFF5588
FFFFA7E5
FFFE3104
FFFE105F
FFFF2915
00002D13
FFFF74E6
00011C05
0000D972
FFFF3BE4
0002B93E
FFFDC692
FFFD9CB8
0002DDFB
000024C2
000109AF
FFFDFD25
FFFFD8CF
FFFEAE79
FFFC6284
0000EC20
00012BD4
FFFED0CB
FFFFC9DC
FFFFFE5B
00013B1A
00016FDA
00030702
0000E933
00040D24
00043422
FFFF51D3
0002372E
FFFE53E9
00022347
FFFE6588
FFFDE744
0002BDD8
FFFF08D1
FFFF1C07
0001BC39
FFFE5229
FFFE3A7F
FFFD6A1B
FFFF3C91
FFFD47E0
FFFE8774
0000260C
FFFDCC6E
FFFE3E31
0001201C
FFFDE65A
FFFF2284
FFFE4FDD
0001CD86
FFFE61A5
0001DDFC
FFFF682A
00001685
FFFF4308
FFFF4101
FFFEFE0F
FFFF0467
FFFE4F8D
00010F90
FFFE4D8E
FFFDF328
00001916
FFFEDBA9
0000416B
0001493B
FFFFAB87
FFFF34C8
00012C31
FFFF00F2
0000AE3B
FFFEF413
FFFFCDAB
FFFE7591
FFFFB976
FFFDE6F0
FFFDFCD4
000251F1
FFFE3B30
00027D97
0000899F
FFFF330D
00019317
0000B2AD
0000516A
0000A772
FFFDABB7
000193B7
FFFEF698
FFFD9991
00011EFA
FFFDC3CB
FFFEFF0C
FFFF4584
00004FAF
FFFEE3C0
FFFE4D6E
FFFFC574
0001E353
FFFE4B2C
0000FD16
00017A1C
0002584B
FFFD9549
0001A30E
0000D184
00000C96
00002600
0000CECE
FFFED2A4
0001A9BF
0001CE24
00014950
00004B1C
00019D8A
FFFE22D1
FFFFDC3C
FFFFCE6D
FFFF4349
0000D6FE
FFFF79AF
00024F1E
FFFE8724
00012D68
FFFE83B1
00005CB0
000111F9
00022FE0
FFFEAE73
0001EB4E
0001862F
FFFC1672
0001DA1D
00018770
FFFC9A63
00018458
000118EF
0000E29E
0002F764
00029E0A
00016F2E
00009BAB
00014B69
0000F59C
FFFE7FBB
0000CB73
FFFF9D97
FFFFC0EC
00009236
0000AFB0
000185C6
0001E2FE
FFFEAC1C
FFFFBCFB
FFFE14E0
FFFEBC6F
FFFDDE89
FFFF8962
FFFEE403
0000BE09
FFFF446D
FFFE988F
FFFDFECB
0000A17F
0001C5C7
FFFE0C0D
00001BA8
00008ABD
FFFF1A7C
FFFEF26B
00025E47
FFFFBFB0
FFFEDB53
FFFE69AF
00010720
0001C98C
0001414B
00033547
00003AD5
0001B5C1
0003C291
FFFE6336
00038CC4
000376FF
0001AED7
00025DED
000170C0
0002583B
FFFFAB1C
000206C4
0000C733
00005F3E
FFFEA8F2
FFFF1960
FFFEB1D9
FFFE56E6
0000DAD9
FFFF9BC3
000064A5
00005B76
00006670
00008E9A
000140CE
FFFEBCE9
FFFF8EDA
00019F69
FFFFF8FF
00018B25
000080E6
FFFF29FB
000014FC
000196AC
FFFEC9C2
0000390D
00020340
FFFD8B10
FFFFA977
FFFF8C5A
FFFF6BC7
FFFCF6CA
FFFE8BB2
00001C1B
FFFFC006
00011C94
00029282
FFFFF48E
FFFEABB4
FFFDB4C2
00010677
0000FD50
000065DE
FFFFF2A2
0001C033
FFFE7166
0000BD18
00015B55
FFFFDA80
FFFE7288
FFFF37DF
0001FFBA
0000BCC9
FFFFEC26
FFFF533D
000142FC
0003DA42
000179F7
0002F3CB
00023B36
00001638
000254A9
0002441A
00009B06
0001C7F6
0001D16E
FFFF3C15
0001C264
0002276F
FFFF7A50
FFFF0EED
0001FF9B
FFFEA966
00019399
FFFF6F65
FFFFDD40
FFFD17DA
FFFDE7F4
FFFE3F59
FFFF0456
FFFE429E
00004A99
FFFFD040
FFFEE8A6
00022C4D
FFFF64C4
00003AE3
00027472
FFFEB5A4
FFFEDEC1
00006E85
FFFFB210
000039BC
FFFD19A6
000022AA
FFFF8456
FFFEA3AD
0001EA83
FFFF0A8D
0000198B
0000294F
FFFF653A
FFFF13AD
FFFF857A
00015C8C
FFFDCD50
00003A39
FFFFDE7C
000111AA
000076D1
0000ADEE
0000BF80
00006456
00017534
FFFF33E8
000023BF
FFFF2B8B
0000514E
0000A210
FFFEC9E9
00035929
FFFEA22C
0000EF2C
000046B7
00000A07
FFFF47BD
0001D38D
00006321
00002BB8
00031DA5
0000DF32
FFFDAA0A
0001483C
FFFE207A
FFFFB6A2
00028BC8
FFFE4A04
FFFFC815
FFFF97C6
0002664E
00019217
00008A17
0000A6FA
0000541E
FFFE981F
FFFE8D8F
000017AA
0000AA88
00008DAE
0001FCD4
FFFF91BE
00004D3F
FFFFD356
FFFFA194
000058CE
0000CA02
00004F9C
FFFE805F
0002412D
FFFE404C
FFFEC975
FFFF7B6F
00006301
0001AA90
FFFF3F53
FFFDD4AE
FFFFC4EC
0001751C
0000C4FC
FFFE1F63
FFFF832C
FFFFECAE
000040EA
00013E51
0000CC2E
000058A8
FFFFEA24
0000303B
FFFF7D91
00012AB1
0000B452
0001A6F0
000011CA
00008CF5
FFFF8C00
00017685
FFFF7863
0001DA2F
0001BCA6
00003770
00016FBA
000054B5
FFFF18BE
FFFE7378
FFFF0F4E
0000B405
FFFF587A
FFFDFDD4
FFFF9555
000189B3
FFFFFDFF
FFFF0171
FFFCBA93
FFFF6874
FFFD0C9C
FFFE7340
00005FCE
FFFDCD57
0000736E
FFFE9CDC
00012BC8
0001C6FB
0000F958
0001D467
0000646F
0001B2C2
FFFE2CF1
0001E630
0001BCF9
FFFFBCA0
FFFFE450
FFFFE3E2
00015521
000231F1
FFFF3EAA
FFFF30D0
FFFF6D52
0000F3B2
FFFF9817
FFFF98DB
FFFE1B86
FFFE5245
0000C84D
0001B2E0
00026271
00021AFB
0000EBFA
FFFD3B61
FFFF3042
FFFDB945
FFFC5FA0
00012DB1
FFFF0A09
FFFD48CD
FFFF75EE
00004FD6
00006E9C
00002451
FFFFC030
000230D6
FFFDA052
FFFFB1DB
FFFFC5FA
FFFFD031
0001644F
FFFF1D9F
00020A87
0002450C
000176E4
FFFF8093
FFFF81E0
FFFF4004
00027EAC
FFFE1BD7
FFFF7043
FFFE51B4
FFFE319D
FFFF0270
FFFF1288
FFFF4BEF
FFFF6BB0
00004275
0002B365
0001201A
0001F601
00028787
0001D845
FFFEEC65
000229DD
00004EA5
000060FC
FFFE334F
0000BC1F
FFFE1D5E
00007E83
FFFFA87C
FFFF1806
0000EC67
FFFEEA2F
0000B177
FFFEBAD3
FFFF7A90
0001253A
FFFD9E7D
FFFDA2AB
FFFE715C
0000D5C4
FFFF2FC3
FFFCD1E4
FFFDF7CF
00019F9E
0001AA78
FFFD34CE
FFFFAB3F
FFFD8405
FFFDCBF2
FFFEE667
FFFF2773
FFFDD080
FFFEC90D
FFFF7814
FFFF9856
FFFDB253
00014E6D
0000D63B
00002142
0000CB65
FFFECA30
0001AD18
00005C55
FFFF0BDB
FFFD607E
FFFFAEA4
FFFCFEBF
FFFE0088
00016DDD
0000C393
0002A3C3
0000E5EC
00022D50
0002F898
FFFE0CF8
FFFF10E8
000060E1
FFFDE4BF
FFFCBE5B
FFFEC0D3
FFFD7969
FFFF065F
FFFF9991
FFFD137A
FFFEAFB6
FFFE0376
FFFC59D0
0001F0B1
00001609
00002757
00017CC6
FFFE561E
00024AD8
FFFDF647
00000C44
0000BAF5
00023739
00003CAA
FFFFCAF8
FFFF0F60
0000A81A
0000662C
0000D5AB
0001D648
0001F012
FFFE3C7B
FFFEFB52
FFFF44FE
FFFD310A
0000F26E
FFFC799A
FFFF603C
000079E1
000013A4
00018EF7
00001375
FFFE9072
FFFF37B2
FFFFBDB8
000008C6
FFFE9DDF
0001E27E
FFFFFC43
00011013
00019DFE
FFFFC982
0002D7BC
00017333
FFFF88C5
FFFEE457
FFFEC805
FFFF72F0
0001B0D1
FFFEA990
FFFD7E66
FFFEDA1E
FFFF7087
000204EB
0000B216
FFFFA5DC
FFFDA7C4
00015774
FFFE2371
00020527
FFFE5663
FFFF2FEA
FFFDBAB1
FFFF7177
FFFD4039
FFFDDFDC
FFFDF8EB
FFFD8379
0001A986
FFFE3297
FFFF1B06
FFFD8D7B
00006462
FFFC7BA2
FFFE6BC7
0001917A
0001A7BA
00009059
0000542C
0000248C
00009698
0000EBBC
FFFE8C51
00004813
FFFEA296
0000214C
0001E04A
FFFE07E4
FFFFC810
0001DF29
FFFE57BA
0000588B
FFFF04CD
FFFF930D
FFFE02C7
0000AE43
00000B8A
0000A06F
FFFF1DED
0001E96D
0000D1D5
000109C4
0000AA8B
00005134
FFFD2923
0000FD40
000290BD
00011803
FFFF8D38
000229DC
0000E0A5
0001F3A3
FFFECD83
FFFF99F7
00024139
00030564
00025377
FFFF8E0A
000001E9
FFFFA2F6
0002F4B3
0002306C
0000ECCA
FFFF1725
000126B1
000174AE
0000FD14
FFFEB35A
FFFEF159
FFFCE652
FFFE0BE7
FFFFF188
FFFDD113
00004904
00023048
FFFD4957
FFFFE473
0001CD24
0001C60A
FFFEEBE3
FFFE0099
0001C69C
FFFEBF26
0000EF9B
00001881
00012C44
00026DA6
FFFF7DBA
00037E18
0002C959
0000C787
0000578A
000158CE
00012EF4
0002FEBF
000390A3
0000EB26
00008E37
FFFE7485
00002A92
00002C66
000253A0
0000C49A
0000A428
00015285
FFFF35E2
0000B925
00025CDA
FFFD054F
FFFF375D
0002B621
0001248F
FFFFF42E
00012034
0002BC30
000339F0
00005B63
FFFFC6A1
FFFE9BEB
0002FED2
FFFFEED2
FFFE5165
0003146B
FFFEFC98
0000BAE9
FFFE4C83
000038D2
00008786
FFFEDE22
FFFFFC26
0001C1BC
FFFFD97F
00024CED
0000EA87
0000E36D
00018AFB
000196BA
0001B608
0000BDDD
00017A81
FFFFC1B1
00012F6E
000077C7
FFFE5125
0001112A
00017923
FFFF1C20
000126DA
000070EA
FFFF2CD2
FFFFAAED
0001DD3B
000003EE
FFFEBC29
00004D38
000154D2
00007147
FFFFD8BD
FFFDC84F
00009292
0002A4B4
000264C0
0001193C
FFFF2B9A
0001DBA4
0003505D
FFFFA1C9
000185C0
FFFFA342
FFFF517E
FFFECA02
00024B1E
FFFFD557
000087C8
FFFF7708
00017C7D
00007517
FFFF7005
FFFE7590
00009843
FFFE480A
FFFF425A
FFFD71AE
0000D55B
FFFFC86A
FFFFB20E
00003175
000024F0
00005F24
FFFF59FB
0001F36C
FFFFDF51
FFFFA43D
00010663
0000F11A
000223CD
FFFFB4B2
FFFE65A5
FFFF3D32
00008AC7
FFFEDF45
00008058
00018675
0000673D
FFFE5958
FFFF6E5D
FFFE237E
FFFF244E
FFFD1AEC
FFFF1FF1
FFFE2612
00019D16
00004EA0
0001142B
00000B6B
0001F08C
0000CC77
FFFEF750
00008E14
FFFF6DBF
0000B4E0
FFFEF0B8
FFFC949A
FFFF3E44
FFFC69C5
FFFE5F8A
FFFDB299
FFFD136E
FFFE1398
FFFC875E
000061DC
FFFE3A55
FFFF4531
0001848E
FFFFECD9
FFFF7FE6
FFFD49DA
FFFF4579
00017BDE
FFFF67AF
0000FFBB
00016B25
0001C2E0
0001F05B
00002A8A
0001A563
FFFFBC38
0000575F
FFFE2DA9
0001EA47
FFFEF71F
FFFF5C0A
FFFEA986
FFFDAA25
FFFE39C9
FFFF65FD
000005B4
000008F9
00018105
00023007
FFFF2D26
FFFFC863
0001C42A
FFFDC345
000104EF
000177FE
0000FFCE
FFFD8D20
FFFDFFEB
FFFFE060
00003820
00002DF6
000087C7
FFFD3DD5
0000B08D
0001F189
00009C59
FFFFEFDE
00026A8C
00023E15
000172E5
FFFF408D
00010E2D
FFFF7984
0001510C
FFFDDD55
0001149D
000097AE
FFFF7BDA
FFFE4F61
FFFFA34F
0000A76F
FFFFEA82
FFFDBB88
FFFDDE68
FFFF4CCA
00015327
FFFFB1A5
00025C67
000246A7
00020266
FFFF34BA
0002CF40
FFFE8735
FFFE97D8
FFFE697A
FFFFD795
0001485F
00010344
FFFDADAA
FFFF3AA1
FFFE6EA0
FFFEEFB4
FFFFB70C
FFFFA65B
FFFF4C2A
FFFEB62D
00017C8B
FFFF4F27
FFFDC2D7
00003673
FFFE8E9B
00001CA0
FFFE26C7
0000D93D
FFFFF75F
FFFE9923
FFFD0F2D
FFFF401F
00018F70
FFFE2F2D
FFFF8565
FFFF3185
000016BB
FFFE28F1
00012014
FFFFC81B
FFFE250E
0000DCA6
0000C32F
FFFE5DA1
000177AD
FFFDAA8B
FFFFA5F6
FFFE404C
00016E9B
000111BB
FFFE966C
00008273
FFFFA469
00014319
FFFE2C2D
00012729
0001528B
00017319
0000FCF9
00014A48
FFFFF22D
00002691
FFFE1238
00020200
FFFD578A
FFFC54BE
FFFF0C31
FFFE72F3
00007DA2
FFFD5937
FFFFCA06
00006A5B
FFFECE0A
FFFED37F
FFFE9AF1
FFFE972B
FFFF1504
FFFF9B6B
FFFF2B4E
FFFFC254
FFFF9E28
FFFD88CD
FFFFE2ED
FFFFC83E
0000064A
FFFF8C9F
FFFEE0B7
0000A8A2
FFFF6721
FFFDABDA
FFFE186B
FFFC7984
00011BC0
FFFD0CE3
FFFEC59A
FFFFD895
FFFFC72E
FFFFCC89
00014EC4
FFFF455D
000180B3
FFFF8146
000026AC
00012672
FFFF6E74
FFFE27D5
000161DB
0000FD40
FFFDE6BC
FFFEAA40
0002030F
FFFD8596
FFFD902F
FFFFB90F
0001A70C
FFFF245D
FFFEEED3
0002755D
000255B7
0001BC1C
FFFFBA22
FFFEF2C3
0000680A
000150BD
000411FD
00005A9C
00017048
FFFE9B0D
0001493B
0003E1FC
00020CC0
00008D4A
0002AFBF
00005BE4
FFFFF1D8
FFFD9C18
00022C2F
0000AB36
FFFF2C67
00001939
FFFFBCB3
FFFF2842
FFFE6717
0000AE9B
FFFEDD03
FFFF5C14
FFFFA7FD
FFFDDC5E
FFFDECFE
FFFFD725
FFFFA210
FFFFE5AC
FFFFE5C6
000002FA
00015C0D
0000AE98
FFFF58DB
FFFF9AE3
FFFF4396
0000F11D
FFFDCD1D
FFFEAF36
00001341
FFFEEE1D
0000A548
FFFEA09A
00011EE7
FFFF824B
FFFF28AD
FFFE9389
0000EB9F
FFFEA4B1
00012A55
FFFF6B0A
00006818
FFFFD2EB
FFFEBDF4
000058E7
FFFFF1C6
0000B08B
FFFFA22C
FFFDD5DF
000086EA
00008CA7
FFFFE586
FFFEE853
000087D4
00003235
FFFE7A97
FFFF145C
FFFEEFA7
FFFF92FB
FFFFEBB2
00018514
000090C4
FFFF2445
000204E2
0001AB1C
0000D2FA
FFFF46D4
0000CD8F
FFFFCF13
FFFF9AC3
FFFFFC92
FFFE9861
000099D5
FFFEE272
FFFFC8AF
FFFFDE49
0001AC58
0000EAF0
FFFEBA19
000016DA
FFFEB4EB
FFFFF095
00000D04
FFFEB1A9
FFFE61ED
FFFD4213
FFFEEBB8
FFFF06A8
FFFD2D43
0001787D
FFFFDB52
00014271
FFFF11D0
FFFFCA8D
FFFEE923
0000A9CF
FFFF1B75
0000A5E7
0000993F
00017DA7
0000BF21
0000403D
FFFFB775
FFFEAD69
FFFFFBCA
000021EA
FFFFEC89
FFFE8C06
00006B6F
FFFF9D6F
FFFFC2A0
0000AFC3
FFFF1347
FFFF458D
00007D93
FFFF40B8
FFFF5725
00015C82
FFFFBAC4
FFFE2E69
FFFF0B49
FFFE9F68
00014A0C
00012461
FFFEEDBE
0000F683
FFFFDB8D
00001E0A
0000B2E5
FFFE58D5
FFFEB84B
0000E3CB
00009810
0000A63E
FFFE05EC
FFFCEBF3
FFFF1C82
FFFEF5D7
FFFF5BF9
FFFF7504
FFFDFD84
FFFE806F
FFFE9902
000087A5
0000283E
FFFE79FF
FFFF68BD
0000838C
FFFEE035
FFFEBA2E
FFFF6AAC
000004D6
FFFF32AE
00011ED7
FFFFD545
FFFFC7CE
FFFEBD94
FFFE4F9E
0001268E
FFFE881F
000049C3
FFFFA88C
FFFE50F2
FFFF63C7
0000C53E
000255AD
0001316D
00009E80
00009FC2
FFFEBE80
0002A30C
000001B9
FFFE9FF8
FFFF2C74
00016861
00019C61
000058E9
FFFF4BDD
FFFFC32F
FFFFF885
00003EDB
0000D601
00005D4C
0002A42F
00015E72
00002EAF
FFFF2F0D
FFFEA3CA
0000520C
00008FD5
0000049A
FFFE99B1
000112A8
FFFF0968
FFFF93EC
0000F0DE
00011BFB
00018353
FFFF7C0F
0000DE2C
FFFEBDDD
FFFED34F
FFFFC2EF
FFFFFEC7
00011B81
0000658F
0001499D
FFFDB2E0
FFFDF26F
FFFE6EC0
00008474
FFFF9727
FFFFCF9A
FFFE2427
FFFF8337
00000F85
FFFFB201
0000C6CA
FFFF703E
FFFE2155
00003481
FFFDAD58
FFFE7683
00006119
00004BE3
FFFFDDF4
0000BF80
FFFECE6C
FFFEB59B
00003D3F
00013E40
00010569
00020D70
0000547B
FFFF9647
000090BE
000102FE
00008B40
FFFFC16F
000108F9
00020246
00002279
0001B0C1
FFFF0C71
00009EBE
FFFEC3E9
00018A40
00026830
000065B9
00022EF9
FFFFD9A3
FFFEF776
FFFF3842
00005C62
FFFEA773
FFFFE5FB
FFFFD9C6
0000C359
00012EB2
000093C4
FFFFB058
00004195
FFFF2598
FFFEF526
FFFFCAB7
FFFFE409
00003D39
FFFFAA3A
00007F4C
FFFF0219
00026F96
FFFFAF01
00009EF5
FFFEE8C9
00007A48
FFFEAE37
00004F62
0000F953
FFFFA708
0001353A
FFFFE29A
FFFFF366
00011614
FFFEDD60
FFFFC622
FFFFF538
FFFF9FC8
FFFFA17C
FFFEEC93
0000C3B4
FFFF8223
00017BD8
FFFE3136
FFFF792E
FFFF7A9D
FFFF1C80
000117EA
0000DDD5
00008886
FFFFA585
00000BDE
00001553
000048A9
FFFF93D9
0000D685
0000BFE7
0001345D
00021C50
00006D1C
0001F168
00029156
00011A42
00014194
FFFFAC10
FFFF9EB0
FFFE97ED
FFFEDA3F
FFFFE6BB
FFFF3811
00003489
00006828
00007DCA
00022A89
FFFEE193
FFFF850C
FFFE5385
0000179F
FFFD4601
FFFCC292
FFFE86BA
FFFFC905
00004086
FFFD3740
FFFEFE10
FFFFDE06
FFFEC63D
00007C3D
FFFF3D75
FFFEA374
000129B1
FFFF5DEB
FFFF83C6
FFFF1E0B
00012A6F
FFFFCF88
000236CF
000143AF
00028416
FFFF9DC9
00007BDE
0000D0DE
0000DBDD
FFFF3916
00011C19
FFFF60FC
00014725
FFFF45EA
00008B54
FFFF5D83
FFFFFA2F
FFFEBE2F
FFFFAB76
0001E931
FFFEA704
FFFFB0C2
00016A50
FFFFA927
FFFFD522
0000C5F3
FFFFAD98
000036D4
0000B95F
FFFF781A
FFFF3BE2
00018E3D
0001A3F5
FFFFDC71
FFFE5C4B
FFFE43CA
FFFEEE4D
0000DA6C
FFFF326F
FFFF6AFB
FFFF71B4
FFFFEBAF
00005DEB
FFFF4B41
000062BB
FFFEEE67
FFFFA2BC
FFFFC6AA
FFFFCE14
00009308
FFFFEEBB
FFFE1013
0001CFCE
00006976
000044AB
000103A3
000176C7
FFFF7DD7
FFFFF78E
FFFD80AB
FFFFB5F8
000024AF
000047B7
00017EC1
00001ACE
FFFF4345
FFFE4459
FFFF3587
0000E141
000013E4
0000192E
FFFF3F84
FFFEC82C
FFFEE50B
0001E4FF
00020491
0000CDDA
FFFFBF80
0000BFB8
0001011A
00005EFE
FFFF42C6
00019753
0001971A
000125A3
0001A109
000210DA
FFFF6F27
0000864D
0001476F
FFFF8C82
FFFEEE18
FFFF8569
0001DC11
FFFF4235
00027EA8
00001B06
00002EC6
FFFF3D08
00009652
00016809
FFFFFAF2
FFFF7257
00007A11
FFFF56B6
FFFEC6D2
00003A2D
FFFE730B
FFFF57D2
000086B5
FFFF1D82
00006C47
FFFE8BCF
FFFEEB68
00014573
0000DB7D
FFFF58F6
FFFDB94E
0000582D
FFFFE87D
0000A192
00003E41
00003729
FFFF5555
00009409
FFFF8D40
00003B25
000044D4
0001892D
FFFF11AC
FFFFFB49
0000B63E
00015382
00006D84
00012BC4
00006032
0000B3BE
FFFF4114
FFFE780B
0001B742
00001427
000152D1
FFFFFCE4
FFFEEBE1
FFFE914C
FFFE95CE
00003F3B
FFFFA455
FFFE72B5
000056DC
FFFFB3D6
FFFE0BE6
FFFFBC07
FFFE87A0
FFFF014B
0000929D
FFFEBE95
0000B04D
0000EA1F
FFFEB405
FFFD67CC
0000C43D
0000E627
0000D474
FFFD9E14
FFFEE2B4
FFFEBF87
000022F4
FFFEC13A
FFFF8D5B
00013CDC
FFFEB073
FFFFC5C5
FFFE4983
FFFFAD2E
FFFF9532
000026FF
FFFE16AA
FFFFE8C1
FFFE25C1
FFFDB11A
FFFFF12C
00008414
0000B751
FFFE15D5
FFFEA85C
000021F6
000044C4
FFFE30E9
0000A206
0000D422
FFFFCCC2
0000DA72
FFFEE0F4
00010996
0000CC33
FFFEBD49
0000D712
FFFF5FB0
0001D205
FFFF5E61
00013D5D
00018713
000180C7
FFFF9E7A
0000786A
FFFE8A08
FFFF1086
FFFE51E7
0001208E
FFFE4A49
FFFF8B83
FFFFD51A
00007734
0000A446
0001D911
FFFF192C
0000D43C
00009E55
0000616C
FFFFBD2C
FFFF3F62
0000AC49
00007CB3
0001AAD9
0001EB55
00011979
0000D669
FFFE912A
00025F8A
00036C89
00012335
00006E5B
FFFEFDFD
00001DA3
FFFEDE3D
FFFFA4E0
0000A353
00003DD9
00002761
0000BDEF
0000DD83
FFFF7CCE
FFFED0A7
FFFF2225
000049A3
FFFF30A6
FFFEBA84
00009A3B
FFFF3FE6
0002E9A7
0000A431
000138B0
0000D50C
0000C8C0
00006746
FFFFD286
FFFFCA5E
FFFED565
000223F1
FFFFA296
FFFD3A8D
FFFE10F3
0000BE12
FFFCA16F
FFFE7913
FFFE3969
FFFEDE23
000147A0
FFFF1D54
0000B590
000003C7
0001A759
FFFF1C6D
0001BEB9
00003894
FFFC6A2C
00034E62
0003841D
FFFFA3A8
0000FD6C
0003ADC3
0001B18B
0001A398
FFFFB180
FFFF8297
00017FF9
0002F1B2
000385B8
0003C79A
00016C21
000292EE
00016C92
0001D6FD
0001668D
00008EA4
0000325D
00007D6C
0001716C
00019181
0001E36B
00030469
FFFFB100
00009A10
FFFE2388
000238B2
0000845B
FFFFDB28
0001991D
00029CF8
00015C9E
FFFFD4BA
00007FB2
0002C4D3
00026DD3
0000EF9C
00001497
FFFFEEA9
000093E0
0000C71C
FFFFD598
FFFDE2CC
FFFDE926
FFFF6193
FFFDAA18
FFFEC45E
FFFDBFF4
FFFC849F
FFFF8138
FFFF537C
FFFEC1FB
0001932C
0001A49A
00020264
000210AE
000069D6
FFFFE451
000065FD
0001776C
0002120B
00008509
FFFF0C41
FFFFB205
FFFF28B3
00021A2D
FFFF1323
0003A4B0
0002D283
0001DB0F
0002FF2C
00012424
FFFF5EDC
00016157
00018796
0000BDC8
0001E5FB
0001788F
0000D0CA
0002CDFA
0002960D
FFFEAB6E
FFFEED79
0000AE72
FFFE2B35
FFFDCC70
000154F7
000004EF
00010A13
0000F496
FFFF9AC5
FFFF5140
00014307
000021E1
000150A9
FFFFC85B
FFFE4EA0
FFFF39FB
00012A59
0000B2BC
000183B9
FFFF28D6
000174A5
FFFE5D69
00019DF3
FFFF7C1D
0000B455
FFFFD733
FFFF3CF5
0000791F
000121D6
FFFF8D59
00015752
FFFE61ED
FFFDF958
0001AA8E
0000F353
00005086
00022833
00033726
0002BA5A
FFFF2142
FFFEA2DB
0002C702
00023C17
FFFF5C58
00010025
000138A5
0001622A
000332B1
000371FD
0000691D
FFFF3679
0001AF3F
000063AC
00002812
00010B39
0001E939
0001FEDB
FFFED854
FFFE4155
00012C8E
0001352C
00003A6E
FFFE08A3
FFFFBFEB
0000879A
00001B45
0002A0F8
00002DCF
FFFE7911
FFFD53E2
FFFD08A9
00008B15
000114D6
FFFEEF25
FFFDA49B
FFFD5063
00000522
0000FDA8
FFFE3DDD
FFFF227E
FFFC847D
FFFF98C1
00009BD5
FFFDF8FE
FFFD1502
FFFD65CC
FFFF545F
0000589A
00027DC4
00028E01
FFFF1109
0001541C
FFFEEFE6
FFFD0CCC
FFFE6CDE
0000814C
FFFF72F0
000143A2
FFFDC199
FFFDBB48
FFFD89BE
00008B7A
00008C7D
FFFF87C1
FFFEEAA4
00022513
00024A05
00016E11
FFFF72DE
FFFF7280
00006A48
FFFE66FF
FFFE6CC1
00014E69
00002DE0
0000A4F8
FFFE6367
00017EFF
FFFEFFB7
000038A9
FFFE2672
0000DB35
FFFFEA63
FFFF3068
FFFE85DD
000139B4
FFFFBECD
FFFE8895
FFFFBF1A
0000EEB3
FFFFB224
FFFE3F0C
FFFF1DFA
FFFEF493
FFFF23D5
0000363C
00009F0E
00007A84
0001A432
FFFF4B6B
000080D0
FFFE2440
000016AA
FFFF6DCA
00006B59
FFFF96A4
0000C02B
FFFFC6C7
0002A71B
0002A2CC
0000C46E
0004019A
0002C149
0003DCBF
0003718C
0001D928
00010771
0002C79D
0001EB8D
FFFFD4BE
FFFD32FE
0000301A
0001B749
000035A5
FFFEAD2B
FFFEC33A
FFFD5B97
FFFE6352
000018CD
0001F05B
00010067
FFFFF52E
0001150A
00010721
00015439
00001835
FFFF8674
00022F38
0002F5EF
FFFF9634
0001A221
00032D8A
0000055E
00019695
FFFF1687
0001BC47
000044DF
0001B82A
0001C465
000031BB
0001D174
00013C5E
00009C07
000020AF
00030F7B
FFFDE7E5
FFFF3660
FFFD8453
000176E6
FFFDB2E6
FFFCA464
FFFD4632
0000A4E9
0000D163
FFFF21CA
0001D7D7
FFFDD413
FFFFD097
0001FDD6
FFFE68FA
FFFE21A8
FFFDB5A3
00012738
FFFD6663
FFFED68D
FFFFC2FA
FFFF3F77
00009207
FFFF85A7
FFFE73F7
FFFEA745
FFFDD93F
FFFE933A
FFFF15C3
0000DEC4
0001F7C3
000010CC
00046006
0000B2DF
00022361
0003A1B2
0000A460
FFFE88B2
0002A2F4
0000D53F
00005445
00002700
FFFEB938
FFFF2EC6
00001154
FFFEFB08
FFFDE660
FFFDF74A
FFFF87D9
FFFD39C8
FFFF96E3
FFFFBC7F
000140A7
FFFF3618
00008CEB
0002D828
00005DBE
0001CB6E
00039EC8
00020AEB
0001A362
0002855D
0001D864
00000596
FFFF0A53
0001CBDF
000036E0
FFFE0F86
00008790
0001DE36
0001E402
FFFE9A30
00013031
FFFEC5D2
FFFF5419
00000E87
0001AA8E
0001CB87
FFFDF128
FFFDA390
FFFF6A5A
00001989
0000DC79
FFFECE32
0002193B
FFFF12F0
FFFECD77
FFFE864C
FFFF6573
00004096
0001E16F
FFFE69CA
00015AE2
FFFF8D51
FFFFE1BE
0001B802
000190F6
00017176
0000FCDC
00007699
FFFF8F2C
FFFE71FB
FFFE89EB
000003AE
FFFDDEDF
000165D2
FFFEE9EE
FFFF059D
000060BB
00034B94
00012CC9
FFFF8834
00007376
FFFF9302
FFFF7099
00023A58
0001F3F2
000029B2
FFFF7326
FFFE0985
FFFF9BCA
FFFFB97C
00017C2C
FFFE25BA
FFFFBB0D
FFFE1C52
0000140C
0000DF1C
00037FFA
FFFFD6BE
00035AAA
000274FD
0001961B
FFFF791B
00009C5F
0000C8DF
00005637
0002B9CE
000127BA
000083C9
00006C3B
FFFE44E7
0001084D
FFFF466B
FFFCD1E4
FFFF47C8
FFFE1B77
FFFE9BB8
FFFD60E8
00008237
FFFCA9F7
FFFCA06B
FFFF0DAD
0000980B
FFFEA2D1
00014A8F
FFFEE1C8
FFFD6671
00009DE9
00004E5D
FFFD8495
0000FC43
FFFFEDA7
FFFFFA71
0000B2EC
FFFE1B34
0000BCE5
FFFF3126
FFFE3B8E
0000A90A
FFFFA933
0002C021
000342F0
0001D3EF
00037ECA
0000E4D2
00016DC5
0000B4AE
00022341
0000E343
FFFD3D6D
0000100B
FFFE1D7D
FFFF91E8
FFFE437A
00008562
00008A68
00021B68
00016938
FFFEF4E1
FFFD42F4
FFFD040B
FFFDE8D9
FFFDE43D
FFFCC863
FFFD5398
FFFDDE94
FFFEFD09
FFFF8185
FFFF4ABF
FFFEB477
FFFFBAC2
FFFF0002
FFFE6000
FFFD0B06
FFFFF0B0
000093D9
00000CBD
0001253C
000325A7
0002CE8A
00014D92
FFFFE3BE
000228FD
00018C57
0002484D
00009900
00014AEA
00020F44
0001CD7B
000049EA
00027E57
0000B7B2
FFFCE5AF
000182F8
FFFFAD20
00000850
00018D3A
00011C1E
0003276D
0000765F
00016501
0002D84F
FFFF98A4
FFFDF925
FFFFEAE2
FFFE3C29
00001F43
FFFFF026
FFFC9075
FFFE1B3E
FFFE31A4
0000B008
0000F068
FFFFA9AD
FFFEFB68
0001082E
FFFE631A
0000EB7C
0000BF05
00012FEC
FFFF0518
00005471
00019F3D
000220C4
000177CA
0000273E
FFFEF408
0002181F
00012CC9
FFFE985E
FFFF4C4B
000092FF
0000E3AF
0000C53A
00015C42
0001C7DF
0000BB51
FFFE6B70
FFFEF398
FFFF6FEC
000026E9
0001F1C6
0001930B
FFFE77B4
FFFEE7D6
0001B8FF
FFFF0F9D
00004918
FFFF23C3
FFFE202B
000186B8
FFFFD599
0001AA01
0000CEA7
FFFE5F7F
FFFE14BA
FFFF4210
FFFEFFBF
FFFED751
00004EBF
FFFDC36D
FFFFD8EF
FFFF5FF7
00010E88
FFFDCA40
00008EF0
FFFEC98D
FFFEEB8B
00006835
FFFF89B2
FFFD3642
FFFDF360
FFFD2F35
FFFFABF8
FFFD4E35
0000482B
FFFF0320
FFFFF7B8
FFFF5ED8
FFFCE926
0000A0D0
0000D030
FFFD75BA
FFFF9299
0000FC18
FFFEC183
FFFED4DD
FFFF7B56
FFFC8F78
FFFFFA42
00011325
FFFC86A1
FFFD750A
FFFE34BD
0002610B
FFFDAE32
FFFED2CF
0001FF1C
0000FA78
FFFDFB78
0001E9DB
FFFE7FF2
FFFF0FE9
FFFD7CAD
FFFD0A2F
FFFD430C
FFFE4816
FFFCAA55
0000554D
FFFD8995
FFFB5F4F
FFFF1717
000269DD
FFFE7978
00003602
000262CC
0000D7C3
000151B4
FFFFB456
000119E1
FFFF8E93
FFFFC95C
00011593
FFFF60BE
FFFEA42D
0001E53A
FFFEDA34
FFFE95C8
FFFFFB5E
FFFE3F21
00005486
FFFC9313
FFFE367B
0001F33A
FFFDC6D6
FFFF4DB5
FFFFBFB5
FFFFEE9A
FFFD52E1
00039573
0000FDC2
FFFD7660
FFFFAB8C
00020813
000104C8
0001EE8B
00005443
FFFF4323
FFFF1D44
FFFD4A41
FFFF9D7A
00015AA7
FFFE8D3C
FFFF796D
00022761
FFFF0EF8
0001B495
00013141
00015C03
FFFE1210
FFFF06A7
00019F66
FFFE07B5
00010F29
FFFE7044
FFFD69F6
FFFD9F97
FFFF0F9B
FFFE8C64
FFFDA43E
FFFF1C24
FFFF9C69
FFFD04D1
0000A0E7
FFFFB1C8
FFFEDDD5
FFFEDA71
FFFE1E0F
0001AB28
FFFE9F3B
FFFFBFE5
000063A9
00016ACD
FFFF0B1C
0000F490
FFFD898D
FFFF92C1
FFFE3581
FFFFFB5D
FFFFF548
0001399E
FFFF799E
FFFFBD67
0000006B
FFFE6ED4
FFFF325A
0000FA71
FFFDBA52
00000F7A
00011DCE
000179F4
00010AA7
FFFF0F67
00014A8B
00004461
000198F9
00008693
00011954
00004818
0000B89E
FFFFBF3A
FFFF10AA
FFFC28B1
0000A6E6
FFFFDB9E
FFFDB31D
FFFF7D6B
00006966
FFFCBEB3
0001BC35
00016ABD
00019061
00011D63
00024155
00016122
FFFF50A9
FFFEE944
0001D501
FFFE30D7
00020A1C
0000EAAA
FFFE524C
FFFF81B7
FFFF19E1
FFFE14E4
00016F04
00022097
00009D19
0000E41A
000215B8
00004A0B
00029891
00024C28
0000A953
FFFECE1C
FFFEF510
00014361
FFFD6BD0
FFFF3599
00003C61
FFFDF173
FFFF8C0A
00016BA6
000243CC
00006724
00010C70
0000E2EB
0000B731
00013A33
FFFFAB29
00028F0F
0000D387
FFFF8D99
0002EA94
00036D4B
0001C3B5
0002241E
00017961
00006860
000034D3
0002FF3C
0001107F
00011255
FFFFCD6F
0000D14E
0002D8C8
00024907
00005E8E
0000E3A2
000285CB
FFFE2F2F
FFFF268C
00004C38
00026D4E
0000B1C9
FFFDFFA0
0001FAA7
0000984C
FFFD827E
00015E64
00019BB9
00017FC2
FFFE5C2C
FFFF481F
00000127
FFFE83B1
0000161F
FFFFFF8F
FFFE8E76
FFFDFB88
00017AD2
000035AC
0000B23C
00007C08
00001F0C
00004D13
0001EF59
00002BA0
FFFEB60F
FFFEF345
FFFFC22C
FFFEE1EA
FFFD89D4
0002B449
FFFF5293
FFFD9C53
00007F5D
FFFF9622
FFFFF534
FFFE11C0
FFFF9198
0000C61D
FFFECEF8
0000BDB4
0000CB90
FFFE715E
FFFDA787
00012DF1
FFFE8482
0002B494
FFFF2828
00006498
0003064E
000227ED
0001F346
00017D99
FFFF58D3
0001ACEC
0000554C
00008786
0000A4D6
0000D221
FFFFDB77
FFFFEB41
00018DD2
FFFF2BA6
FFFE2583
FFFFDC8E
FFFFF61C
FFFE13C3
0000E435
0000515C
FFFD4CB5
FFFDED5C
00022A9F
00001DE9
FFFEA479
000255AF
00015C27
0000F88D
00000C66
0002269A
0000A2D6
FFFE3DEB
000171DC
FFFF9BF5
FFFFE4F4
0002C226
00004A91
FFFF78CC
000093A3
FFFFEF8F
FFFF0280
000056BA
00000380
000041ED
000030F9
FFFDD838
00002C33
0000230A
FFFE6C1F
00007B5A
00012E09
00012B9E
FFFF19AD
00018E4E
00019711
FFFE3FCC
FFFE1007
FFFE2EC5
0000D48A
0000F9D5
FFFD1BCD
00017BAC
00017E0B
00017D23
FFFE1D71
00010274
FFFFD480
FFFE5632
000049B9
00004902
FFFF8658
FFFE8515
FFFEF157
00009082
00023485
FFFF0A93
0000AE92
00025FB1
FFFF868E
000058AF
FFFFCB25
FFFF3F5E
FFFD87E3
0001B901
FFFE8326
FFFF23DC
0002895E
00005D85
000237DD
0002FFF3
00016378
FFFF9F88
000143C4
0001FDE6
00002FF1
FFFF8FC7
FFFE4BF6
0001C4EF
000282C1
FFFF569C
FFFF9DCA
00002970
000150A3
FFFFED24
FFFDB1DA
00006652
FFFFBF14
FFFE3337
FFFF324B
000092B0
00007D9F
FFFEC1ED
00025B85
FFFEBE4E
FFFE884D
00017579
00022188
FFFFD0A6
FFFF545F
00003633
FFFEFABB
0001AE7A
FFFEDAAE
FFFFB245
FFFF448F
000012D2
FFFEDA14
FFFFBD33
0002EC3E
0001D353
00036AD3
0001FA62
0002C106
0000E1FA
0001D220
0002A9AE
00011910
0001ADB3
00019C13
FFFE5B16
FFFF1C37
FFFFE45C
0000E19C
FFFF91C7
FFFE63CC
000027E4
FFFFB2DF
FFFEEAB8
FFFFC39F
0000F197
FFFEF4F7
0000FD24
0000029B
0001DDE3
000077B4
FFFF8A2E
FFFF2094
FFFEA1DB
FFFE872E
FFFE654A
00003183
0001BB9D
000138F7
00015BBF
FFFDCCC8
00008CD0
FFFF21CC
00002EC7
000266B5
00030145
000110D7
00000672
0001AE34
00018F27
FFFFB4DF
FFFE0E63
FFFE78E1
00009A91
0000721E
0000F414
FFFDB968
00013D17
00009317
FFFD262A
FFFFA0A5
FFFF3C12
0000F288
FFFEDB7C
000056E6
0001014F
FFFFEE6C
FFFE0AC0
FFFF728E
FFFFC64A
FFFE45AE
FFFF95E6
FFFEBD35
FFFF7AD6
FFFBB020
00017187
FFFDD956
FFFF3A72
000043A4
FFFE4EFE
00017FBB
00012288
FFFE0312
FFFF2FCD
0001FA36
FFFD01AD
00010596
FFFED5BD
FFFEB656
FFFE74CE
000038CF
FFFF6F10
FFFE789C
00000FB9
FFFE3738
FFFFF748
FFFF3D0E
0000B265
FFFDDF26
FFFE45C3
0000FB84
00009A34
FFFF8A36
FFFDBC16
0000DBB5
0002A995
000024BD
00002708
00015D5A
000262A1
FFFEBF79
000041AD
0000AFA3
FFFEE09A
FFFE8303
FFFF5FB7
FFFFB8A7
FFFF4840
00017336
000169FD
FFFF247B
00020606
00011E81
FFFEAE89
FFFEEADA
FFFF89D0
FFFF9705
0000B194
FFFF296F
FFFD6F7B
000212A1
FFFFB680
00024FB5
0001C1AC
000179C8
0002BB9B
0002FB6E
0002D51F
0001CDC4
00027AB4
00021579
00001113
FFFE09F6
00020C18
0000F4A5
000168F4
000005AA
FFFF5948
FFFF1C6D
FFFF689A
FFFD7980
FFFF26A3
FFFE4CF9
FFFFB160
FFFE4CB3
FFFEB145
FFFDABBE
FFFF21D3
0000DA38
FFFF0361
00015323
000042E1
FFFD3066
00020C64
FFFF0403
FFFD81F9
00007531
FFFE359B
FFFFAEF7
0001002D
00008C1D
0000C01C
FFFD5579
FFFF9C24
00021501
0000F299
0001597A
FFFDA108
FFFF2E66
FFFDDFA8
FFFFA6B1
FFFCD5AE
FFFE38DA
FFFF666F
FFFDD645
FFFE6863
FFFEC029
FFFF58BD
00006CBF
FFFEADD6
FFFE25A7
0001BB36
00003AAB
0001EC90
FFFED15B
FFFF1CDC
FFFF89B5
0000046D
FFFF95BF
FFFD479F
00001EA4
FFFF0052
FFFFEFBE
FFFE6402
FFFD0AA5
FFFDA77B
FFFF6041
FFFF9A53
0000C1A1
FFFE6DC4
0000DCD6
FFFE1082
FFFF2D10
00010F59
00004C36
00015EF9
FFFF94D5
FFFF12CA
FFFFF807
000075CC
FFFEBD20
00015B02
FFFF4350
FFFE8D1F
FFFF6FEA
FFFD685E
FFFEA6DB
0001367E
FFFED0A5
FFFFCFC4
FFFF6CCE
FFFEB518
00018BF6
0000ECD6
0000ABC6
FFFD76D1
FFFF9EC1
00018680
FFFFDC09
0001E634
FFFE067A
FFFE77FE
00007E90
FFFF2A75
FFFDCBAB
FFFE0BC3
FFFE9CD4
FFFCA646
FFFFE1E2
0001B53F
000244AC
000176FF
FFFF7103
00036A62
0003415A
FFFF0315
0000A4CA
FFFDAE02
000042CE
00008CB5
FFFF5EB1
00003723
0000B45D
000008BE
000065E5
FFFE87A1
0001C115
FFFE27AC
FFFE8D93
0000F796
0000F8FD
00005EC3
FFFEF16B
FFFEC67F
00005A2E
FFFF79F4
FFFF0C61
0000A15E
0001C713
00013A7E
00010E23
FFFF9FFB
00025526
FFFEF2F3
00001290
000084CC
FFFFFEB4
FFFECAF8
00021CA3
FFFE8557
FFFE944C
FFFFC20D
00003070
00008077
00003BC2
FFFE29AE
FFFE937C
0000ACED
FFFE8519
FFFE6B00
FFFF2918
FFFFD2CD
FFFF5EED
FFFE26CB
FFFF1E71
00010861
0001AC2D
FFFE3AA2
FFFF0F66
0000507E
FFFF6512
FFFF3F1A
00020C19
00031ECF
00008560
0001DF92
0001632A
FFFFDF3F
00011919
FFFEEB19
000056AC
FFFDC7C4
FFFEB3AB
0000F834
000227B9
FFFE43B9
0000AC8D
0000CFFA
00011E7C
FFFCF775
FFFFDDED
00025ABA
FFFF5F67
00003F9D
FFFEA6C7
FFFE7331
0002089F
FFFDD944
000049D0
000224EB
0002A957
000020CD
FFFF11D7
FFFEE22B
FFFF4742
FFFFBD6E
FFFF5BE3
FFFFE110
00020EE3
FFFF2D6A
00011540
00022655
FFFD5DE0
000259B3
FFFDE768
00013684
00003877
FFFD05CE
FFFFA3D3
FFFF2C3D
FFFECA1D
FFFD2BC3
FFFF0823
FFFCC605
FFFDCFCD
00004A7C
FFFFF713
000086F7
000041C8
FFFF423D
00001989
00011C67
FFFE56B9
0000089E
FFFEBE09
0000980C
FFFF8CF4
00008A36
FFFF669E
000126D4
00014380
0002DBEC
0001F125
FFFEF794
0001B9D8
0000495B
00015FB4
00003998
0000009E
FFFF91F6
00048C92
0001F2C8
FFFFFB73
FFFFF1D8
FFFEA45A
000021C5
00014371
00001D5F
FFFED65B
0000E3B0
FFFF33B8
FFFF812D
FFFFDE8B
0000043C
00015083
000099A6
FFFF0173
0000B407
00020C5A
0001F0F4
000201F0
FFFEBE87
FFFD91AF
FFFC8DEB
00022B71
0001FE90
0000A8B0
FFFF7574
FFFE19AC
FFFE18ED
00010023
FFFF4413
FFFE8CBA
000284B5
FFFEFD32
0000E15E
0002B837
00017E2F
0000EDAF
00010AE2
00029A95
0002308F
FFFE6434
FFFF0256
0000575B
0002B660
00006E3A
00014968
FFFE3E49
FFFF1C2C
FFFE3F1B
FFFEA3D4
FFFF0D6D
000030C4
FFFE525C
FFFECFB6
FFFE2A42
0000E3AD
FFFE5F3F
000019A4
00039A5A
00029A1C
0001A279
00011B93
00019616
FFFFB898
0000ED8D
000014DE
FFFF43D6
FFFF5471
FFFEC5F4
FFFD6AD8
FFFEA44B
FFFED260
FFFF61EA
FFFEAF85
FFFD8638
000221CB
FFFEF313
00011150
FFFF56B5
0000D6F5
00003E17
FFFF8899
FFFF8B30
00017158
FFFF643A
00003859
00029403
FFFF05CD
FFFEAB45
000124B8
0001E8F6
00005E1D
FFFF8DD3
000067C0
FFFE4F57
00004945
0000CD4A
00001DE7
0001F403
FFFEE6D5
FFFE2660
00006EE9
FFFFA44B
0000347C
FFFE8542
FFFD99B2
FFFD6189
0000128E
0000C9C2
FFFF7924
0001A1CD
0001FF9A
000179D7
00012F1A
000225E2
00000401
FFFF2E60
FFFF1FAF
FFFFA0CC
00008E8C
0000B42F
FFFD2137
000179B1
FFFFF4C5
FFFF6DE7
FFFF88C2
FFFF75CB
000092EF
0000C829
00001900
000107A5
FFFFCAA8
FFFFC4CA
FFFDA4F2
0000A6E8
000180FE
000032DD
FFFF6D99
FFFFD55B
FFFFE4BF
00005441
FFFFFBFB
000062AE
FFFF23D7
FFFF3CB9
0000444B
00018FAF
000153A4
FFFD6383
FFFF4445
00006918
FFFD7E27
FFFFD330
FFFEA66D
00015A72
00017083
FFFE89D0
0000E1FD
FFFF8E07
00027F95
FFFE019C
0000E077
FFFF3098
FFFF4565
FFFF04E6
FFFE7998
FFFE04A1
0000378A
FFFF7BF3
00006665
FFFF9F51
FFFF550A
0001E999
FFFE8641
FFFEF567
0000261E
FFFFC384
0001F3C5
000008A6
00025CB3
0001DBC2
000058BC
FFFE4B40
FFFF7A79
00012CE4
00013DF0
00020369
FFFEF5BD
FFFFCABA
FFFE2FCC
0000E95D
0001865C
00013D9F
FFFE3E8F
FFFFD900
00001FA0
00018D07
FFFFFEF0
FFFF10A0
0000866D
00003EBF
FFFEEA41
FFFE8D87
FFFD185A
FFFF5A96
0000536D
FFFF41E4
FFFF545B
FFFF4B37
000058D4
00024040
000085EC
FFFE15AE
00001023
00013DC4
FFFF3804
FFFF9E64
FFFDB1D5
FFFFA5E2
FFFFF347
0000C119
0000E473
0001494A
FFFFE531
FFFFA766
FFFFFF08
FFFF644B
00012274
FFFF8E63
FFFE4465
00030106
FFFE6465
00009370
00020A25
0001FDEA
FFFEBB33
FFFF1666
FFFFA6F1
0000A1CE
0000C1EB
FFFDD89C
FFFF0D86
FFFF1114
00010CEE
000103B4
FFFF054B
00011AFF
00003731
0000C1B1
00010F39
FFFF8F64
FFFE798F
FFFEA067
00011981
00007EF1
000086B6
FFFF6CC7
0001B59F
FFFDCAB6
FFFEA292
FFFF05FD
FFFE1120
FFFF1967
0000A218
FFFFDB99
FFFE7A0B
0001CEC0
00011CDE
FFFF6792
FFFF24C3
0000BCAC
FFFD7D16
FFFF64EB
0001B73D
FFFE0D2A
0000EDF2
FFFF1215
FFFF2426
0002D5D8
00016EFF
FFFCA4B6
FFFF45B4
0001183C
FFFD812F
FFFE42E8
FFFF77DA
FFFFECEC
FFFFD775
FFFDE56F
000209F7
FFFF5A90
FFFD66F0
FFFF764E
FFFFC28C
000092D7
00013831
FFFF431F
0000B731
00013139
FFFEBC22
FFFFCE79
FFFF5907
FFFF205D
FFFE20AF
FFFD83A6
00001CF9
FFFEED4B
000210C0
FFFFDA6D
0000B38D
FFFF4B9B
00010A2A
00017C0D
0000CF9D
000111BB
000054E1
FFFF04B8
000157F4
FFFDD963
000227E3
FFFE49EF
0001667B
00023E58
FFFFCFCB
0001A4C0
00014755
0001EB85
FFFE19B7
FFFE95DA
FFFE70F5
FFFEFCD7
0001482D
0000C454
FFFE4A46
FFFD3825
FFFE1681
FFFDC978
FFFDEBD1
FFFDE88B
FFFF25AB
FFFEB670
00009D98
00007F5A
0001EEB3
FFFEA998
FFFFCA2B
0001E6CF
FFFF7C23
FFFEB817
0001A028
000206AF
000192A5
FFFE4BA7
00019A00
FFFF8647
FFFEF97A
000132E7
FFFFAC9B
000088D0
0000DB8D
00006F41
000049A4
FFFF12FD
FFFFBFB0
FFFDF584
FFFE19F1
FFFDAA33
FFFFCF6B
FFFE8A69
FFFDF7C9
00000339
00004708
FFFF9AB3
FFFEED25
FFFF5D8D
FFFE8941
FFFF1D82
000092E6
00007134
00002638
FFFFB68E
FFFF91C2
FFFE9420
FFFF2C62
0000C965
00010971
FFFFB261
FFFE51B1
000098E8
FFFF8052
FFFF88B6
0000264C
FFFFF692
FFFFD685
0000E609
FFFF9AE1
00001D92
FFFDE3EE
FFFF6941
FFFEAC43
0000A9FA
0000556C
FFFF7E45
FFFFAF6C
FFFD539F
0001116B
FFFF4263
00005AFE
00013509
FFFF1CE9
0000D157
0000AF35
0001C41B
00003AE4
FFFEF5B4
FFFFAE17
FFFF3F4D
00005178
FFFF3304
FFFF8C20
00019A27
0000B5E6
FFFE44FB
000139F1
00010A48
0001F567
FFFF5041
0000CA4F
FFFFC87A
FFFF34F9
FFFEF379
FFFEF93E
0000D0BA
00000449
FFFFB0D8
0001569C
FFFFD2D8
FFFF883E
0000D2DE
0001A3C6
00017E0C
0000C4FA
FFFE23A2
00015994
000035B6
00010F8C
FFFE10F8
FFFE39F5
000036BB
FFFF4F46
FFFF04C9
FFFE955A
FFFF64A6
0000EA70
0001152A
000183D3
00019910
FFFDD904
0001D14B
00010F79
00018A53
FFFF3C66
FFFFBCF1
00004FDB
00002E22
00014FDB
FFFCCEA1
FFFF6E24
00004302
FFFF3EFA
FFFDE6EA
00017752
FFFF2A2A
FFFE739A
FFFCF113
FFFF7A2F
0000263F
FFFFE484
FFFFC82E
0001387A
00017436
FFFFF7B4
00001F50
FFFEBC8F
0000D573
000185B0
FFFDE0FD
00009C91
0001C160
FFFEB14E
000189CA
0002C594
FFFFECE4
FFFEC04C
FFFFF6DD
00000AC0
0000F980
00007E39
000123B5
FFFEB976
000011A7
00001DD9
00014EDF
FFFF0AA4
0000B6BA
FFFFA6BF
00019E3A
000279F9
FFFE0AAD
0000803F
FFFFF792
FFFE36A2
FFFF6231
FFFEAF4D
0001C3C8
FFFD1F0B
FFFC835A
FFFE1073
00002300
0000829C
FFFCF773
FFFF1876
FFFFAE18
FFFFE67E
00002B95
FFFE20D0
0000C351
000011DF
FFFFF473
FFFF58FA
FFFF9D21
0000AB7D
FFFF2E8B
FFFEE654
00000ECD
0000EF7C
00025809
0001B983
FFFFC9F3
000138F0
0001B24F
0000230F
FFFEF27B
FFFF49CB
FFFE2AF8
FFFFBA74
FFFEE7A9
FFFE76D0
FFFE3C32
FFFF3A6D
00006CDC
FFFF6C52
FFFCEAFF
0001D9D6
FFFFB9CB
FFFF66EF
FFFF0123
FFFF764C
FFFE95FF
FFFF0A00
000025DC
000040BC
FFFF9725
FFFFB269
0000947C
00010DA1
FFFDCC07
00002FE9
000291FE
FFFF3EC7
000104D0
FFFFD9B7
0001DDA9
000236FE
FFFE8EB1
00011BFD
00004608
0000D1E9
0000A11C
FFFF75B3
00008E55
00017246
FFFFF7A9
0001D768
00016C26
00002508
0001023D
0000E4D7
00006ECB
FFFDF9C6
0000F7E8
FFFF2065
0001BC6E
FFFE2C5F
FFFF0DFE
FFFF36C2
FFFF8FDB
FFFF3771
0000D5AD
00009EAD
0000650C
0000A392
000038AB
0000D578
000081F7
000364A2
0001E33C
0002FE00
0000C96A
000162DF
00016716
0002DBF6
0001DDFC
FFFEBA60
000084B4
FFFE1185
FFFD6A9F
00027BF0
FFFE2CEE
FFFE1ECC
FFFF4B73
FFFD845D
FFFFC6A7
0000BDC0
FFFFA51F
FFFEA3BF
0000ED82
FFFE02EF
00005033
0001B3CD
0001214C
00017D4E
FFFF97A8
0001AAD1
000014A4
00020675
FFFFEDA2
0000D419
00009FA8
000158E6
000248BF
000040CB
00011E87
0000C2FA
0000B18A
00011420
0001DF44
FFFEEA15
FFFFE64B
FFFD16BC
FFFDDC6B
FFFF7E5A
00003AAC
FFFE8C86
00009B22
0001094E
FFFFE86F
FFFDBE32
FFFFE869
0000EF6C
FFFF3C8E
000098F0
000030A1
FFFFE36A
FFFFAF1E
0001A107
FFFF8008
0000AE1D
FFFF400F
00008012
00001664
0001E0B7
000038E5
00011B1A
FFFFC4E5
000072DA
0000F97A
0001C8FC
FFFE08D2
0000BA14
FFFF9E48
00024E29
FFFF77F0
0000D820
0001AB6F
FFFE6B9F
000163C9
FFFF931E
FFFE34E2
00018B1A
0000B887
FFFF7488
FFFFDCDF
FFFD782F
FFFF8ECD
FFFEB7A9
00002F12
FFFF98DC
FFFDD391
FFFF9FD2
FFFF9BC9
FFFF0536
0000600A
FFFE1753
0001A4E9
000141C1
FFFF26FF
00006214
FFFDF819
000051EB
FFFF5DFB
0001FD0A
FFFE7CD9
000030B8
0001BEEE
FFFE6740
FFFEF100
000050EC
00006162
00011BA5
00006E4C
FFFE5FBE
FFFF1C3D
FFFF3508
0000563C
FFFE9F03
FFFE54FC
00014397
FFFE15B1
FFFF024B
000061D1
FFFED765
FFFEC8BD
00012882
00022EC5
FFFD349A
FFFF712F
0001320C
FFFF6ADF
FFFEB09C
FFFFA605
FFFFBC49
FFFE6611
FFFF9D00
FFFD35C4
FFFF4C76
0000BEDD
FFFEAE7B
0000D09E
FFFFCCCC
00032554
00005C2C
000182AA
FFFF6463
0001E1CF
FFFFB30C
00001D09
000034CF
000230BF
0002043A
0000B07B
000073BE
FFFEC19D
00014208
000258CF
FFFFE9ED
FFFECACB
00008577
FFFDB33D
FFFEED49
00020648
00013FFC
FFFEA2B1
FFFECA22
FFFED6F8
000286F5
FFFE1AD2
0000C1B2
FFFD89B5
FFFFE1F5
FFFFEE7F
FFFEF06B
00023998
0001B21F
00004BDC
FFFFAAD2
00031972
00008260
0000058C
FFFF17F9
FFFEC529
FFFF85EE
FFFE46A5
FFFF6819
FFFFC48C
FFFE3AF2
FFFECA98
FFFE2AB6
00004EEE
FFFFE27C
FFFFE904
FFFFD312
FFFF69C5
FFFF1BD4
FFFEADEB
00004A8B
FFFE469B
FFFEDC4B
00004C3C
00007322
FFFEB087
000094C0
FFFD87EE
FFFF3ADA
FFFF6849
FFFECC7E
FFFE7007
FFFE7898
00013C79
FFFEF8B9
FFFF135A
000069B1
0001096B
0000FCBA
FFFF9C66
00007E66
FFFF5FCE
FFFE2F88
FFFE35D1
FFFF3AFC
00004451
0001147A
00020157
FFFFDB3F
FFFED99D
00009380
0001205E
0000E1FC
FFFE5BE2
FFFDAAF8
FFFE81F5
FFFEAFF6
00009D6A
FFFFD7D1
0000527F
FFFE3822
FFFF5EF1
FFFFD7F1
FFFFEDFA
FFFE6935
FFFE2802
FFFEAB7C
000071E1
FFFE96AB
FFFF4E8E
00004C7F
FFFF42C2
FFFED3C9
000138B8
00004A1F
00002EE6
FFFE7A25
0000F8C9
FFFEBA10
FFFDDF65
00013C29
0000C9D1
0000BD4F
00002EBE
00017E8E
000083A1
FFFF57E4
000099D0
FFFF1005
FFFE6E71
FFFFF150
FFFFC2B8
FFFEA4FE
0000B8BC
FFFDAB3D
000172F4
FFFF3A6B
FFFEFEFA
0000E9F9
0001332D
FFFE9721
0001090F
FFFE903F
FFFF1F56
FFFFF45A
00006EA3
00014B58
FFFFB10F
0000078C
0001D166
000194D4
00030AB7
00005CEA
0001BBD8
0001543C
000149DC
FFFFCF07
FFFEFB9B
FFFE53FB
FFFD82AF
FFFE8893
FFFF8B85
0001B0B3
FFFEC8FD
FFFEA423
FFFF72F3
FFFE17CA
0000FAB1
FFFF1492
FFFE5CC2
FFFDAB49
FFFF5768
0000494A
FFFDCC88
FFFE069A
FFFF1DE8
FFFECC7D
FFFF4DA9
FFFF0958
FFFE6556
FFFF0889
FFFF4891
0000FDF4
000037BD
0000760A
0000D4E5
00011119
FFFF6657
00007349
0000918A
00020744
00010DD8
00004ED2
FFFE9DED
0000DBBC
0000B146
FFFE2804
FFFDEE64
00006D55
0000A5D6
0000ADCA
FFFFCC7F
00014EF9
000038A8
0000E963
FFFF9CBE
00011659
000066EC
FFFED5F0
00007E8B
000081AB
FFFF710F
000055E8
FFFFA053
0000D386
FFFFC68A
000090F3
FFFEB3BB
00006428
FFFF0697
FFFE2507
FFFE6593
FFFF241B
FFFD571A
FFFD6FC7
FFFDBE0B
FFFEBDEB
FFFF4AEE
FFFFCA9A
FFFECD59
FFFEEF7D
000082C6
00010A1A
000073B3
FFFEB864
FFFEC151
FFFF7323
0000E8A5
FFFF3964
00004829
000100D8
FFFE35FE
FFFF90BD
0001749A
FFFFDFD6
000227F4
00015D62
00018E6E
0001886D
FFFFF7E4
0001F101
000061FD
0002281F
0002C541
00035D25
FFFF7BC1
FFFFF6F5
FFFE3A2D
FFFF52DA
FFFF55BC
FFFD5D39
FFFF5A36
FFFFD460
FFFE2CCA
0001DFA1
FFFF7C61
000114F5
0000E399
0001372B
FFFF8B03
00003C63
0000C2E4
0001FAF7
00000C1C
FFFE9D59
FFFF4772
FFFDD05B
00005A48
FFFEBCEB
FFFF5402
FFFFE11C
FFFF3B1D
FFFFFE38
FFFE73D3
FFFF0F3E
FFFD47FC
FFFE7CD4
FFFE06E3
FFFDA49F
00003170
FFFE1F96
FFFF9EB2
00007F45
0001CC2F
FFFEEDCA
00001244
FFFFD9D3
000020C3
0000F140
0001F8C1
FFFEDCF0
FFFE98E3
FFFE366F
FFFF3E3C
00009C05
FFFE2D78
00001B82
FFFE9CD4
FFFF51AF
0000DDEF
00021534
FFFF9A1B
FFFFC419
FFFF7A2F
00009D70
FFFEB28C
000110FE
0001ACEA
0000D502
0001D2E9
FFFEDE9A
FFFE9C32
00014EFA
FFFECE77
FFFFDAF5
00013955
0000A0FF
0001042C
FFFEE6FB
FFFF850F
FFFE6C4A
0000F4DE
FFFE63A0
0001A5AC
0000F02B
0000A950
FFFF5C90
00000018
000117AB
FFFE0906
0000FB75
FFFECA00
FFFFE1DB
FFFFC000
00020B1D
0000DE3C
0000D8D4
00018656
FFFF5845
0001EBA0
FFFE67E3
FFFFF857
000036A6
0001F165
FFFEC44D
FFFE910F
FFFFF240
0000EF9B
00002F52
FFFF3169
FFFED560
FFFF2A98
000122A2
FFFE4368
00010BA3
FFFF77A3
FFFF35FB
00001C0C
FFFE697A
000049B7
00001E0B
0001163D
0000C05E
FFFE7608
0000F7A1
000074C1
FFFE604D
00003C3A
FFFF8E1A
0001283B
00000A7C
0000E489
FFFFFC90
00012803
FFFF20FE
00017B32
00015CE3
0000D866
FFFF4134
FFFED770
FFFF56AD
FFFEDC99
FFFEEE26
0001E9CF
FFFEE5F6
FFFFB276
0001471C
FFFF4919
FFFFEA97
0003182F
0001239B
0003259E
000189CF
000354C1
00021732
00033D02
0000F6A9
0000662D
00016AD4
00002E7E
0000EB38
00023490
000011D6
00012728
0002410D
00022522
00020474
0000895F
FFFF67F4
FFFEF7DA
FFFEBAB1
00004A20
FFFD4170
FFFF2CFA
FFFDA6F2
FFFEE211
00008593
00028917
00018C7F
0001DB16
00016AA4
0001846B
00019A4D
00034E43
00010259
FFFFC73A
FFFECBFC
0000AB42
00011ECC
FFFF49EB
00010345
00016335
00009E41
FFFFE5DE
FFFF82A2
FFFF1C4C
0000A51B
0000CE16
0000EE86
00001A40
000065D0
00011B35
0001661E
FFFE638A
FFFE5AA7
FFFE73F2
0000F06B
FFFDEF76
FFFF749D
00001C38
0000087B
FFFE5166
00003C2D
00019799
FFFFCBB8
FFFF9C97
FFFF9F65
00016B26
FFFF6AE3
FFFE7357
FFFECD1E
FFFFDEC9
FFFF4D8B
FFFEF42C
FFFDAF12
FFFE68D7
FFFE69AB
FFFEB0F1
0000C34B
FFFD4EF7
FFFFFCDC
FFFDEEF9
FFFEFCFF
FFFF8A0B
FFFED26F
FFFF94E8
0001408D
FFFF68C4
00018B64
FFFF3195
FFFF150A
FFFE9D4A
FFFFF8D2
FFFFE3B0
0001DAB4
0000E45C
00021F25
00010968
0001581A
00007E05
000204B9
0002620A
000113DC
FFFF118E
FFFFFC25
FFFFAA45
00011946
FFFEE2FE
FFFF1CB2
0000FB29
000169ED
FFFFD346
FFFFE1C2
0000895D
FFFE69DB
FFFFE188
0001888F
FFFEE886
00006575
0001E9B9
0000F65D
FFFF67F4
00003C8E
000097E2
0000DD65
0000978A
FFFF5863
0001ECD4
00000540
FFFEE455
0000669E
FFFF2E6F
0000B3C6
00007DDB
000055E4
0000E01E
FFFE66AD
FFFE834A
FFFDAAB6
FFFED7B4
FFFE1098
FFFF3C14
FFFEBE02
00021137
00005876
0000844A
000228E0
0000697F
00015ED7
00028E11
00029CA2
000004A4
FFFEF5C3
0000BF1F
000179E2
FFFF3669
FFFF3C94
00007425
0000967C
000040D8
00019356
FFFEDCD7
000058F0
0000E3EC
0000E401
0001D6CF
000184FA
FFFF35B8
FFFF1BCF
FFFFD8DF
FFFF9D8E
FFFD973F
FFFEB939
FFFF0032
FFFF88CC
FFFD2449
FFFFAFCE
FFFF0D92
000045E1
FFFF7CC1
000025CC
FFFFE013
FFFDF3D2
00003BCF
FFFE73BD
0000C5F4
00000EF2
FFFF5D2D
FFFE32F2
FFFF5647
FFFF4452
FFFE55A4
FFFF7472
FFFF5B18
FFFF024C
FFFEF8EF
FFFEABA6
FFFFBA57
000173BF
0002B6DB
0000DD60
00001FCB
000248D5
00018500
000045D7
00028768
FFFFBF11
0000F4ED
FFFF672B
FFFEADE5
FFFFF434
FFFE6696
000121FB
FFFF2E6B
0000F724
FFFE37CF
FFFF02A7
FFFFCF3E
0000276C
00008033
FFFFC15B
FFFF8B95
FFFE1A5F
FFFF53F9
00014003
00003FAD
00002BA2
FFFF995C
FFFFBEDC
FFFED71F
FFFF6780
FFFD8532
FFFF2BC9
0002C8F2
0000636A
000178D0
0001AA68
0002856F
00006CFF
FFFF918A
FFFFA3A9
000136FD
FFFE9404
FFFE7FEF
00000D0B
FFFEB230
FFFF8A8E
FFFFEDAA
FFFEFD56
FFFE5071
FFFE6C6D
FFFDFB2F
FFFD6757
0000388A
00000B9C
FFFEBD25
FFFF4A15
FFFEFF06
FFFE01C6
0001C754
FFFF63E1
00007823
00004F5C
FFFED1F5
0000A5D4
FFFFE619
FFFF21E2
000141BB
0000142A
FFFFC870
FFFFEC0F
FFFFCDA4
00011EB8
0001D6CE
0001157F
0002080D
0000C53A
00009F79
000020EF
FFFE71CB
FFFFDC80
FFFFA70D
FFFE99B6
FFFF7817
000110ED
FFFE8DC6
FFFEF726
FFFE8767
FFFFE4CE
00003CE8
FFFFED3B
00015759
00005780
FFFEF1D0
00012D0E
000130F4
00002C12
FFFFA0DF
0000767A
00006DAF
FFFF7594
FFFF6F4C
FFFFB9FC
FFFF61AD
FFFDB9FF
FFFF5446
FFFFF108
00004AE3
FFFE8A6E
FFFDA772
FFFFBF83
0000517C
FFFE0CD8
00015420
FFFEBD00
FFFEC5BE
00012DFA
FFFECEB0
00006E8D
0000125E
FFFF5499
FFFFC342
FFFFF405
FFFE6E3C
00008E8E
0001F1EA
FFFEEA72
00001559
00017B2A
000161E5
000017FC
FFFF8615
FFFF0FA1
FFFE6C3B
FFFF7149
FFFD577C
00000276
FFFD7BFD
FFFFD31F
000073A9
000144BA
000025B2
00003480
FFFDF255
00000D00
FFFFD87E
FFFE8B29
FFFEBCD1
00000520
00009765
00001FE4
FFFFC48D
00005963
0000B8CF
000152A9
000132C6
0001B617
FFFF2770
0000C13D
FFFE58C5
FFFE91FC
0000CF35
FFFE4EE5
FFFEFF69
0000210A
FFFFE907
FFFE3A50
0000AE2E
00020A8C
FFFFB123
000127B8
FFFF2864
00023CB2
000064A7
0000B72B
FFFE59E5
0002383C
FFFE4A97
FFFE8C47
0000D9C2
0000E474
FFFE97B1
FFFF53C9
000082AE
FFFEFCB5
0000278A
FFFF84F9
00009A20
000129D5
FFFE98BD
00008ACC
FFFFD3AC
FFFEE308
00014E84
00011822
FFFF07CF
0001005B
FFFF0CC9
0000A4E6
00012064
FFFF9D59
FFFF920F
FFFF552A
FFFF7495
0000B4B0
FFFF336F
FFFEB187
0000360C
FFFFF6DA
FFFEB977
0000A71E
FFFF059A
FFFCED0A
00009D87
FFFFF6E8
000114AC
FFFFB24D
FFFDA4CC
FFFF810A
FFFD7393
FFFE53F6
00008A02
FFFF14B5
000119C6
FFFECA3C
FFFF96A3
000039A5
FFFF24C3
FFFE9A19
FFFF8B61
000005A6
00013AF3
00012DD8
FFFFA112
FFFFF5B2
0000A92D
FFFE08BD
FFFEC58F
FFFF5D61
FFFF573A
FFFF4FF6
FFFEFA69
FFFEBFBD
FFFF028E
FFFFD7E3
00019878
00015662
FFFDF1F5
00019FC2
FFFFEDD7
00017416
FFFE0EB7
FFFEB5A9
FFFEA4EA
000004EA
FFFDF238
00009D80
FFFF8C41
FFFF5E47
00014D05
FFFDB50A
FFFF7BD1
00013EC6
FFFE7A09
00016575
00001B42
00018022
0001A4B2
0000AF48
0001F0F3
FFFEFA9D
FFFE6FA6
0001B85F
00006B3B
FFFEB484
FFFDFE1F
0000349F
00009018
FFFF8455
FFFE796F
FFFED80C
FFFF8152
FFFEC971
00011BF9
FFFFAB99
FFFF2863
00010F79
FFFDC3B0
FFFF342A
00017AAA
00006A55
0000B38F
00008084
FFFFCE95
FFFE8D01
FFFE0A54
FFFE5F54
FFFF7BE6
00006F4B
FFFF5E2D
0000D8D6
0000376F
FFFF71C2
0000ADCE
00005F9D
FFFEA64A
FFFE5952
FFFF5614
FFFFA8CC
FFFF62A2
FFFF9126
000009C3
000171BB
FFFEE60C
0000224C
FFFD0DA7
0003C281
FFFED2C4
0001E43E
FFFE64EF
00011F9A
FFFFF9A0
00003CFA
0000C2C4
0000939E
00006755
00003CB3
FFFF67CE
FFFE5436
FFFFE90C
FFFFC729
0000D2F9
FFFF50D4
0001B036
FFFFD5A7
FFFEC20C
000104FD
FFFF3CC3
00011225
FFFE7933
000028FF
00000A0C
FFFDD84D
000056A8
FFFEA6DA
FFFE08E2
00005622
FFFF8CEA
00010625
0000D1C0
00006557
0000BC2F
FFFE79C6
FFFF31F1
000157C2
FFFE5A6A
FFFFE51B
FFFEB7B7
FFFE3A1F
FFFECE0F
00009481
00001164
FFFEFBCA
00005270
00002D48
FFFD824C
FFFF30A7
00018896
FFFF7F0C
000165EC
000106AF
00005976
00010D81
0001339F
00001C25
FFFED24B
0001348D
0000E29E
FFFE7263
0001A1BB
FFFFBACB
FFFF8B27
FFFF686B
0000F4DF
00009960
00018DD5
0001309E
FFFFB8F5
0000B62A
0000E196
FFFF47DF
FFFFEFE2
00017D6B
00017177
FFFFFA2B
00006C6C
0000E54D
0001524C
0000463C
FFFFC28E
FFFEA320
00004446
FFFF22BB
000169EC
0000F7CC
00001D98
FFFF1E13
00006704
00016483
00013D94
00015643
FFFE095B
000112D4
FFFFD15C
FFFEAA4A
FFFFADC8
00007F98
FFFE2B8C
0000CB9F
FFFE228C
FFFE4552
FFFF49C3
FFFE9B49
FFFE3820
0000DF89
FFFDB4DB
FFFEFA4E
FFFF154F
00002942
00008913
000098C3
FFFE3523
FFFEBEC3
FFFF8F8E
000051A1
FFFFAE1B
00008F86
00003C99
FFFFF5D0
FFFEBF74
00022660
00018DE2
00003207
0001C794
0001342D
0001AD62
FFFF9DE7
00009B23
00011AB0
00003916
00008F89
000127F7
FFFF7989
FFFFE77B
00017673
00001C05
00005692
FFFFF298
FFFF9BA7
00004D4F
FFFDD788
000037D2
FFFDA323
FFFE2756
FFFF0F9F
00015BDD
FFFE3B05
00029440
FFFFA0AE
FFFDC45E
00002E2D
FFFFB47A
FFFF8877
FFFFAC50
00008E99
FFFFB913
000143FD
00012FE0
0000F206
FFFFC1A4
000042D6
FFFF42DB
0000CB82
000204F0
FFFFB79F
0001D773
00030245
FFFFC32F
FFFF7C38
00004E29
00016F6E
0000DE5F
00013D67
00018E12
00004558
FFFF92B2
0002CA8A
FFFF3506
000025FE
00020FC6
000024CF
00003738
0000915A
0000BA07
0001047C
FFFE9EA4
00009A0E
FFFFC573
0000D250
000125D9
FFFE4CB7
FFFE4555
FFFFD3C0
00018F49
FFFFCE0C
0001304E
000051BD
0001FDD3
0001FF4D
0000115C
FFFF456C
FFFEEA9F
FFFF3FBB
0001134F
000121FD
FFFFD79F
00007941
00004989
FFFEFFAB
FFFEA5F1
0000C909
FFFFA762
FFFF75F7
FFFE5056
0001D405
FFFF4901
0000B7AE
FFFF95FF
0001CB17
FFFE7083
FFFEE2CD
00004E56
FFFE7A42
FFFE53B4
00006740
FFFF37E4
00020F73
000036F1
FFFF8B7B
00011D8D
0000C751
00012EC2
FFFFD0BE
00023C93
FFFF8A66
0000B970
FFFF8F1A
FFFFEAB1
FFFF6D61
FFFFA843
FFFE7F99
0001C725
FFFF6F2C
FFFF46FA
0000807C
FFFFA05D
000252ED
00002CB0
FFFF577C
00002131
000019A6
0001E0B3
FFFFB75D
00015536
0002230A
0000037E
00009735
0000C739
FFFF2886
0000137E
0000A04F
FFFFE4B0
000134E5
FFFE6C0C
FFFFB528
0000CB9F
0001ABC7
FFFFD50B
0001163A
FFFF5A9B
FFFEFA49
FFFEC46F
FFFEF386
0000A2F0
00004437
000155F9
00010C8D
FFFF8ECF
00014833
0001C345
00014918
FFFEB634
FFFEA733
00014516
FFFF865B
FFFF7D3D
0001828A
FFFDFFBE
0000B98F
0000E931
FFFF72D8
FFFFB8C4
0000CE38
0000A4D7
FFFF485A
FFFED68E
FFFFBABD
000210B1
FFFF2A64
FFFF808C
00010627
FFFE75CB
000003FF
000055B1
0000DE76
FFFF0A57
00011EB6
00008F13
00007EDF
00000F87
00002063
0000DA77
FFFFA1F8
0000233C
FFFF71C4
00016043
FFFD58D4
0000AC86
0000F3F9
FFFE6F2D
FFFD0F90
FFFF80FE
FFFF49CC
00014C20
FFFFC043
FFFFBB4E
0000DC39
FFFFFF05
00006316
FFFDF774
0000568C
FFFF3168
00006EB1
0000769C
FFFFB6FF
FFFD54DD
00012FC7
FFFF6AA2
FFFDEBB5
FFFF6A78
000151CE
000019FA
FFFEEF7F
0000D379
00020112
000067F7
00008BAF
000223A4
FFFFD8F8
000008B7
FFFFED1F
FFFF9195
0000FDF1
FFFFEC12
0000C7A9
FFFF3874
FFFFDA2C
000129F3
00017FA5
000294F0
FFFFBDB9
FFFE7829
FFFE0AED
FFFEE5EE
0000BB1B
00006E8A
0000CCFD
00003BFD
FFFF204A
00006334
FFFE00D5
FFFFDD52
00009706
FFFF0E19
0000DAA5
000124E8
00004794
FFFDE026
00011EF4
00007A5A
000164B1
FFFED6AE
FFFF39EE
0002A4DE
FFFF6D01
00013166
0000F608
0000D5BC
FFFFF345
00011347
000014B1
FFFE197B
0000FC9F
00008B28
00016E8F
FFFF0883
FFFF8738
FFFFD10B
FFFF17F0
FFFF4596
000008F9
0000ED4B
0001A3FE
FFFF0829
FFFF461E
FFFF87EC
FFFE6093
00003827
FFFF337B
0000E488
0000515B
FFFF6877
FFFFCCAA
0000F81A
0000D8C6
00026411
FFFFABE9
FFFF61D6
00006849
000388BF
FFFF904C
FFFFE6A6
FFFF7652
FFFE91BD
FFFB3D57
FFFD9705
FFFBE2AE
FFFD2A7E
FFFDBAB1
FFFCC91F
FFFF7CB9
FFFCAE98
FFFE0F4E
FFFF8DFC
0001A666
00018C2B
FFFE0918
FFFFBC35
0000B805
0002BBA5
00010180
000221C6
FFFE1558
FFFF6A2A
FFFD3B04
000142BF
0001FFBD
000038A3
FFFE4A23
FFFF8FEA
FFFD78C5
000060D9
FFFE8A3B
FFFF2FBD
FFFFA375
FFFFFB7E
FFFE8162
FFFDB861
FFFE9232
FFFEFC9C
0001BD67
00011FDA
00009B0C
FFFFDCED
FFFFFE5C
FFFF6178
FFFDDEBC
0002DBE9
0001534D
FFFF27AB
FFFDFA3E
FFFDFD8E
FFFD81ED
FFFE23F9
FFFE7D32
FFFEFDF4
FFFDF33F
00007B82
00011615
00017F0E
00005D2F
0001F4A5
00015E0A
FFFF1C12
FFFDBB40
0000702D
FFFFFE4F
FFFDED04
FFFD2288
FFFF49C7
FFFCFA9C
FFFF8CAD
00003268
FFFE53EF
FFFD8D8D
FFFEBDAE
00012563
00038FF0
0000080E
0000B8C4
00009D04
000371AE
0002BEE5
FFFF301D
FFFFECD5
FFFEE78A
0002C0D2
FFFF8DF0
FFFB67EF
FFFD29EB
FFFB6B8F
00017D4E
00020862
FFFFEDB1
FFFE421F
FFFD5706
00004E83
000081FB
0000BF99
00022C2A
FFFDA744
FFFF18F1
FFFF361E
0001EAB2
FFFF1B2A
0002B3A9
0002C5BB
0000A549
FFFEC816
000092CC
FFFEEFC2
0000E23A
000043A2
000265DB
FFFEB549
FFFF05F5
FFFEACA1
FFFDE1F3
000155A9
FFFF55E7
0000EDF8
FFFFD266
00030942
FFFFC6F2
000188AE
000120D2
00033316
0002066F
00011E6A
0000B2FE
0000FEA4
000227CA
FFFEAD3C
000096BB
0003A8AB
00004B51
00006620
000312CA
0001D1D9
FFFCC9C8
00009BA3
FFFFDFFF
0002FC4C
00000820
FFFF2FF6
00005B8C
FFFEE26D
000195C6
FFFCD262
000136C5
FFFEAEDE
00004706
FFFBC926
FFFF61B6
FFFFC651
FFFDCFBF
0000862B
0000D363
000252F5
0002019D
00002811
FFFD9A23
FFFF1A2B
0000BA73
0002EF52
FFFF75D3
FFFDE1A2
00014852
FFFE0D3E
0000E1CA
FFFEE2AD
FFFF8D63
FFFD5775
0000AADE
FFFD8581
FFFFC090
FFFF10F8
FFFF5B26
0002BA04
FFFFC66E
00006A59
00007460
FFFEF46A
FFFFEFAA
FFFD5F0C
FFFEA22C
FFFE84E7
00004121
00018FBD
FFFF0253
FFFD17D7
FFFE102C
FFFF665C
FFFE6798
0000C59C
00007C72
FFFFEDFE
0003C6AA
0001602C
00024E0C
00003944
FFFDEEE4
FFFE6CE0
FFFE409E
FFFFC832
FFFE0B67
000272D1
000146D0
FFFDD126
FFFFE0A5
FFFEC782
FFFF40F5
FFFFE342
0000B308
00011579
00000B38
0002E99D
00021A69
00023B17
FFFFC9AE
000039FA
FFFE8DFC
0002E645
00023CA6
FFFFC209
FFFF274C
00030CE1
000195A1
00017241
000170CA
FFFFC07C
FFFD93E8
FFFF7C1F
FFFD1AA8
000031F3
FFFF1F03
FFFF39BD
FFFF0AAB
00009022
00015E04
0000930A
0000B039
000417AD
0001AD2C
00020494
0000076C
00005458
FFFD16CE
FFFE9C2B
FFFE3AFA
FFFD2A06
000003E0
FFFD330F
FFFF2FA6
0000E7BC
FFFE166E
FFFF613F
000146FF
00022CCA
0001D2E5
00003F70
0000BCA7
FFFE9E96
00016D4B
0000FDC1
00018D16
00001C7F
00019D9B
0000C00E
0000AE0D
FFFF93A8
FFFFEE92
FFFD072E
FFFDA659
FFFE008A
000063AC
FFFC955C
FFFD7A6C
FFFE3D08
00003539
00013194
FFFF0806
FFFF6F17
FFFE5C84
FFFFAA14
FFFF936E
0000EE4D
FFFE7D40
FFFEB1F3
FFFB9329
FFFD3D8F
FFFC7C7B
00015EE1
00012D2B
FFFF81B2
FFFFBD52
FFFF55A9
FFFFF9FB
FFFDAC13
FFFF9B30
FFFDBFE0
00007630
FFFFDC1B
FFFF5D5E
FFFF714B
FFFC6699
FFFE9363
0000ECB4
FFFEEAFA
000070FD
00022E8F
00036489
00001975
0001ACE7
0000B16C
0001B1AB
FFFF2835
FFFF6D2D
0002A3A9
FFFD9928
FFFE1FCD
00019AC3
FFFDBA8C
00020578
FFFDA819
FFFF33D2
0000EF3E
00022670
FFFEF647
FFFF6381
FFFF5C8D
FFFFEF70
FFFFC2DE
00016C5C
000230E6
FFFD50BD
0000FC8D
FFFFE2A3
FFFF069D
FFFF5E11
0000D0D2
00015A2B
00009C2B
FFFEEF1E
FFFDEE36
FFFECE85
0001431C
FFFE5228
0000F407
FFFDF435
FFFFC712
FFFE0679
FFFE975F
FFFF1389
00027675
00020F4B
000149EB
0001F3FF
00009733
00029E39
00003DCA
00013D96
FFFDC97B
00027E7C
000248FD
00019425
0002322F
FFFF69A6
0001AECB
FFFFC055
000204E2
0004A463
00027740
00048814
0001934E
0002B44E
0000426F
0000CAA5
00021DAE
00033103
00004A50
00017A10
FFFAF5B9
FFFF9567
FFFBF158
FFFFC690
FFFBB0B2
FFFD1CE3
FFFFBDA1
FFFD4D43
FFFDFB92
FFFF6586
000179BD
FFFF740D
FFFD7476
FFFF4665
FFFFBB36
FFFEF0F0
000188F6
00003244
0001405C
FFFD27B5
FFFE51F5
FFFFC148
FFFF769F
FFFE5BA9
FFFEF192
000166A6
FFFF2EAC
0000232B
0001FDBC
FFFFC6B6
00005301
FFFEB183
00035B78
FFFF3AFA
FFFF8848
FFFF09B7
0000BE1A
FFFDF269
FFFEA35B
FFFFF4DE
FFFC5019
FFFF3922
FFFE0165
00019E6E
0000B05F
FFFE5172
00002893
0000BFF0
FFFF566B
000154C3
FFFF0274
FFFEE733
FFFF2095
FFFEA9E0
FFFEDC30
FFFBD8B4
FFFD892D
00009EEB
FFFFD2A6
FFFD89EA
FFFE1AE8
000039FC
FFFFB6DE
00039E9D
FFFE8E5C
000034B4
0001D22A
00002D69
0000EB48
FFFFC401
0001413B
FFFEC483
FFFDAF00
FFFD951B
FFFD1A8B
FFFDA643
FFFF0F9B
FFFE1A30
FFFF6D39
FFFEC02F
0000AD6F
FFFDF5A4
FFFE7EDC
000138E5
0002CEFD
0002F953
0001F9FA
FFFBF086
FFFD7123
0000BDA1
0001E747
FFFFAAB4
0000F2E2
FFFE8CB6
FFFE5E7E
00012145
00021C01
00005398
0002D210
FFFED5FC
FFFF9F81
000203F0
0003413B
00026ABE
0002872C
00015036
00004499
0000383B
FFFE6A64
FFFDAC22
FFFE32A5
00003BE4
000069EF
FFFCD869
FFFE5BAA
FFFE9793
FFFEDFF5
FFFDAE29
0000DACA
0001E139
00017B1B
FFFEBC6B
00006292
0001A070
FFFFF34F
00009B35
0000C23D
FFFEDA3A
0000C054
000286C4
00018735
0001417F
0002260F
0000CD4E
0000DDB0
FFFFBD41
0000E07D
FFFE6CE2
0000C13E
FFFEF8DE
FFFE418F
0000A7B0
FFFFF4FA
FFFFD244
00038757
FFFEBE99
FFFFC9C9
000169DD
00027B7D
00009485
0001F5E4
0000D59A
000100DA
00000A23
00022D0E
0002A52A
00034C75
0001CA4E
FFFEE323
FFFD8D0B
FFFF14A3
00002686
000023B0
FFFE4F57
FFFDA543
FFFD9944
FFFC8EAD
0000C78D
FFFFC42E
00009500
FFFF8163
FFFEE98D
FFFF1A6D
FFFC6E40
0001C09D
00000D4C
FFFF08BE
0000AE76
FFFC78EC
00001FC8
FFFF1311
FFFF99AF
FFFF99A6
FFFEE196
00018701
00012531
FFFF9997
0001601A
0001C71D
0001A6F3
FFFF8D35
00007CD5
00002ACD
FFFD720E
FFFE74EA
00011FD4
000038A3
FFFEA879
FFFFE608
FFFD682F
00010752
0000907F
FFFEBB84
FFFE8C4D
FFFEAC41
FFFDDD9E
FFFEA8CD
000089B4
FFFFD2CF
00005D3B
00005920
FFFF5CB0
00000489
0000A5C7
FFFFBB60
0000454B
FFFF24C9
FFFEDC9C
FFFE9955
FFFE1826
FFFE5679
FFFEFAF0
0000123E
FFFFFC4B
FFFED236
0001425C
FFFF420C
FFFD4661
000009ED
FFFEA77A
00012226
00009BD4
FFFE2D26
00000DA5
FFFF20D8
FFFF5EFA
0000398C
00009DBD
FFFF8F60
FFFF65C6
FFFFF66E
FFFF3EEB
FFFEE0D1
000131CE
FFFEDA46
FFFF5A4F
00002A67
FFFD5D49
FFFF8C09
FFFEBB28
FFFFDF6F
FFFE2620
FFFF5505
0000EDCF
FFFF918F
FFFE5DF5
FFFF2A87
FFFE5781
FFFF3328
FFFF8788
FFFF41CA
00006903
FFFFB45E
0000BB11
00001E9F
FFFEFE6F
00005B4D
0000DF32
FFFEFCB4
FFFFFE01
FFFFDD94
FFFE00C0
FFFFB8C6
FFFF33C4
0002021D
0000F8DA
00006165
FFFEA7E0
00013152
0000253C
FFFF7084
FFFE83D6
FFFFD418
FFFFB028
0000AC63
FFFF5862
0000ECAD
FFFECC47
0000CB3A
FFFE353E
0000A7A4
FFFFE25D
FFFEDAAC
FFFEDEBD
FFFF19D9
FFFE595C
FFFEE482
00006338
00026853
00003B47
FFFFFB22
FFFF0D7C
FFFF2E6D
FFFF509F
FFFFE4C2
0000B238
FFFDE130
FFFF72C0
000010DF
FFFD4E6C
0000D141
FFFEED67
FFFF2E37
FFFE6382
000008DF
0000007E
FFFEDAF6
FFFF6FBB
FFFFBE31
FFFFB31A
FFFDCCF8
0000830F
0000E169
FFFF5881
FFFFCDBD
FFFFD54F
FFFE14FA
00011162
FFFF7548
FFFE8AB3
FFFEADA4
00002A5B
FFFEA7E8
FFFFCAB3
00006EB2
00016881
FFFF336D
FFFEB874
FFFFD981
FFFFE924
FFFDF629
0000A33E
0000173D
FFFD5AA5
00006667
00014149
0001E385
0000A103
FFFE8B8D
FFFF04E1
0000A1B2
0000CC0A
0001A20C
FFFF97C3
FFFFA6E5
FFFF5AB2
0000212A
000163B8
FFFD1BBD
FFFEB6B5
00009488
0001A1D0
FFFF4BDB
000184F0
FFFEA2D1
FFFEDDD1
0000FBC4
000022BC
0000FFC9
FFFF3F79
00011BC1
00010540
FFFE4A0F
FFFF60A3
000145C4
00011235
0000218A
FFFE1138
FFFF4807
FFFEAB12
FFFFCEE9
FFFD51FF
FFFD5CFC
FFFDD5F2
00001942
FFFFA85E
FFFF1FF2
00001393
0001713D
FFFE7951
FFFFAE50
00001250
0001BAE3
FFFF69EC
FFFEBF3B
FFFE73FA
0000B6FD
0000E07B
00013EAC
FFFFE5D0
FFFE4AD9
000239C5
00016655
00013E8A
FFFF2DF3
FFFFF04B
00009880
00003D1B
FFFF64D0
00011DA4
00001AEC
000005FB
0001F515
00003CA5
00016F66
FFFED717
000162E3
0000B791
00010E37
0000496E
0001CEC4
00014542
00015CA8
FFFFE075
000116C8
00011143
00017AA9
000020E0
FFFE34C3
0002016F
000231A6
FFFEF2F8
000019E8
FFFFB5C3
FFFE3E2A
FFFE2910
0000A394
000171D4
FFFFCBEF
0000CEB9
FFFF127C
00019ADF
00021737
000002CC
00001E19
FFFFD35B
FFFF9615
00008385
FFFFDA9A
FFFF971C
00006929
FFFF8F62
FFFE9BC3
FFFECB79
FFFC9BCB
FFFE8CD1
FFFEEA3E
000060FB
FFFE1C3B
FFFFE795
FFFFC297
00001DD3
FFFE4D70
FFFF09F8
FFFF790A
0000C101
0000EA9B
0000B68D
0002B818
000006FF
0001A3AF
0001DA11
0001BC12
000139A2
0000EF8E
00018A96
00016030
00015421
00025FE5
00006E82
FFFF03E5
00001D94
00016FC3
0000697A
00022B4F
000069D4
0000EDE3
FFFF5716
0000A6BD
FFFE6EA1
FFFEAAC5
FFFF2EFC
FFFFF79D
FFFE6332
FFFF8171
00006E1B
00010B72
FFFE8638
FFFFEC51
FFFE8079
000053B7
FFFFEC38
000146CF
0000DD53
000020F1
FFFEAC91
0000D23E
FFFF2A5A
FFFDF622
0000855D
00005027
00003E1A
FFFE72ED
00002CA0
FFFEF4CC
0000AD85
FFFF06E9
FFFEF0CA
0000D4F0
000123C9
FFFFEA16
0000F732
FFFF94C0
FFFF7CEE
00007179
FFFEFC55
000057E3
000085C3
FFFF99C8
0001D880
FFFEF81D
00000C50
FFFFC86A
00006AB6
000165E9
FFFF2FF2
FFFF8156
0001B936
0001D9BC
FFFFAEF3
0001114A
FFFFCF1B
00008D71
0001A4F7
0001BE6B
FFFFB5F0
FFFFE795
FFFFF565
FFFF6D18
0001E1AD
FFFF6157
0001420C
FFFF7929
FFFFC145
0000A6BC
FFFF4978
0000C278
FFFF2783
FFFED423
000002C2
00022713
0000BDF0
FFFF910B
000198CD
000040CE
FFFFB10A
FFFFDCD9
FFFD652F
FFFE8C86
FFFE3A6B
00008D7C
0001CF80
0000A8AA
FFFEADE8
FFFF5CDB
FFFE55E9
FFFFF598
FFFFBBF6
0000B26F
0000A68B
00001C60
000128FA
0000BF89
0000B1C9
00006BCC
FFFFD6B7
00003A22
FFFE104B
000126C6
00020D47
FFFF6F05
FFFF283A
FFFEBB68
00016950
00004ACE
000167F7
FFFFAA0F
00005BE8
FFFFA113
000091B5
0001BFF5
FFFEC302
FFFF1600
0000609B
0000E50B
000331AB
FFFF5959
FFFE41CB
00005776
FFFF84BE
0001707E
FFFF8A51
00001ABD
FFFF65BB
FFFF045D
FFFEAC0B
00001C76
FFFE52F6
FFFF9010
00011995
000083C1
0000AC13
FFFE9E9C
0000EE9A
00028D06
0001E7F7
FFFE581B
00021E37
000231FB
00026944
00012AA3
000126FD
0001A8B7
FFFEA516
FFFF99BD
00014494
0000D3FE
00005D00
FFFE94CF
00005B44
FFFEDA9C
00008B02
000121A2
00022997
FFFE9C68
0000A999
FFFFF586
00019B61
FFFF3C23
FFFF3A9D
FFFE04C1
FFFF2228
0000394C
FFFE6252
FFFFB3C7
000093BB
0000F3BD
FFFFA46B
FFFECF58
0000ED18
FFFE5224
FFFEF8B1
FFFDB50A
FFFDFBB4
FFFFF158
0000F983
0000FEAE
000078DA
FFFE778D
FFFF1658
0000E4F8
00008CFA
00001430
00001FE6
0001CCF1
FFFFB9CC
FFFF844A
FFFE4AF6
FFFFA352
FFFFA5FB
FFFF1D44
FFFFBD7E
FFFE2DE5
FFFE5B6B
FFFF62E1
000050AC
000059E1
FFFF0996
FFFF5C50
0000E9CD
FFFFEDFD
0000B73B
00008B2E
FFFF57E9
00007F88
FFFF7238
FFFFD552
FFFF5686
FFFEDA18
FFFF5DD4
00014270
FFFF6E91
00001B6A
000067BD
FFFF1DCE
0000E239
FFFFD215
00007FE5
FFFEA1B5
0001F3C4
0000CCA6
FFFE532B
00004CEE
FFFF8D02
0000B9E4
FFFFD7F9
FFFF2269
FFFEB9B1
0001A12A
00000C9A
FFFFD3A9
00007EBA
FFFF7CAD
0000DA09
FFFF2079
FFFF54DC
FFFFFB4C
FFFFFBF2
00000AF8
0000D07A
0000DB74
00005BC3
FFFE9FB4
00006561
0000B78C
00016D20
FFFFC9C0
FFFFF6D0
00014A07
00020B93
0000E159
0000BA03
00027B71
FFFEF6FD
0003314D
000289EC
0001E7DE
FFFE1C26
FFFE3F6B
FFFF91AF
000077EC
FFFFA4CC
00000202
FFFE1521
FFFE7F6E
FFFF49D4
00007C7B
FFFE8907
FFFEAC22
000128AF
FFFED163
00006997
FFFF554E
0000B303
FFFE9AC8
0002108B
FFFECEE4
00012EA2
0001FFEB
FFFE0E42
FFFFBCC4
00004B98
00015660
00021462
FFFF2F71
FFFFAEEE
0000C8E0
FFFEA649
FFFE228F
FFFFDF66
FFFF734F
FFFF4189
FFFFB58B
00015787
0001ACB6
FFFFDAA6
0000ACD0
FFFFCFBE
FFFFD9DD
00004863
00009851
FFFDAB86
000064D3
FFFE3D83
FFFDE7B6
00016657
00015252
FFFF8692
FFFFCCE4
000262E3
000086DE
0000023E
FFFE5AC8
FFFF364D
FFFE7124
FFFF3EC1
FFFDD9FF
FFFF0868
FFFCB391
FFFC86C0
FFFF6C7D
00004968
0000802C
FFFFC730
FFFE563E
00001565
FFFF8C4B
00013C83
FFFEF687
00020054
0000589C
FFFEF2DB
00021838
FFFEA3AD
0001D340
0000B268
0000E6ED
00011FD5
000045BB
00008487
00004732
FFFF538E
00017D39
FFFF13E4
000292F0
0001EFB4
0001B69B
000065FA
0001310C
FFFFF9AF
FFFCAB64
FFFED2E5
FFFE6F9B
FFFFDBC3
0000C1EB
FFFF1F79
0000DA0F
FFFF756F
0000AC44
00015C95
000158C3
0001F763
00003832
FFFEA168
000083F8
FFFF93B9
FFFFAE22
0000984B
FFFED156
FFFED4D3
FFFF5331
00005FDF
FFFE22FC
FFFE8551
FFFD7105
0000348D
FFFE31A2
FFFD3713
FFFFA02B
FFFEACE1
0000F7BA
FFFFF45D
0001204D
0000D8FE
FFFFBF30
00019241
0000FEB0
FFFF3C80
FFFF221E
FFFFAB97
0000E31A
FFFF2246
FFFEC328
FFFEEBDC
0000E3C6
00009868
FFFD9976
FFFE9AB3
00003F6B
FFFEEEDE
FFFE4D3A
00004F7C
0000FD74
FFFF3C64
00002B95
000278B8
FFFFFBF1
000013A5
00024835
FFFF5F39
FFFFCE75
00013C3B
0000A877
FFFF53D4
FFFF9C2B
00019379
00017D00
000036A5
FFFEEA4E
FFFD4CF1
FFFE41D3
FFFE0F6A
FFFD58E1
FFFF1F4E
FFFDCB16
FFFE599B
0000B6A8
00011CEB
FFFFD0EE
00019BA7
FFFFF91F
00029F34
00012DDB
00020837
FFFF4AC5
FFFDE405
00019C84
00002CCF
FFFEC119
0001EBCB
0001E127
00011823
FFFF4C0B
0002434C
00024CAB
0000FBAF
000178FD
FFFF6C94
FFFE32A9
FFFED72E
FFFEDFCC
FFFF2DE8
FFFDB326
FFFD9970
FFFE97DB
FFFF13DD
00019192
FFFF6E8A
00017744
FFFF3C46
FFFF280F
FFFFF7AF
FFFF36C4
000149E2
FFFDA1BD
0000445A
0000FBCB
FFFFBE13
FFFCEFE4
FFFEC1EB
FFFFFC75
000107E7
FFFFE0F8
00000318
0000609A
FFFFEF66
FFFF8EE6
000177FC
00026ACF
00021B3F
00005A34
000184A8
000013B4
FFFEC453
FFFD9F4C
FFFE6812
0000A341
0000D521
000154B3
000031B3
FFFF0C20
00017652
000148F8
00000F83
000275B9
000094DD
0000403E
00020554
0003466B
00025B96
0000F04A
FFFECF50
FFFE5199
0000D655
FFFFEC07
00006509
000141AC
0002327A
000006F5
FFFCE888
FFFE8B91
00001116
FFFFA739
FFFD484F
FFFDCCFF
000012F7
00006029
00006B91
0001121D
00026D3D
00024369
00002B78
000307B0
00007884
0002D090
0001225F
FFFF1ECF
FFFFF421
FFFF81E1
FFFDFBEB
000110DB
FFFFCA9F
00007A41
00007FB9
0000E5A9
FFFED6E4
FFFFA15F
0000680C
0000B3C1
FFFF5BF7
FFFD9996
FFFEC60E
FFFFE429
FFFFE967
00003A61
FFFF0A01
00012C0D
000061A7
FFFECCE9
0000A786
FFFDBE4D
FFFE2CF3
00003379
FFFFEBBB
0000EE55
FFFF0D60
FFFE943F
FFFF3D6A
FFFF7534
00017157
0001578C
00006E55
FFFFE4FF
00009588
0000A38B
0000B1FE
FFFF962A
000008FB
0000A878
FFFF6624
0000A5EB
0000122C
00025B65
000257CF
FFFF1444
00008563
00013B89
FFFFFF99
0002EA23
00003684
00004B7D
FFFF97D1
FFFF9288
00002DB5
0000A310
0001CC36
0000A125
00015065
FFFEBAF4
00006BA9
FFFFC427
000043B2
0000DE77
FFFF70AA
FFFF9A1B
00019369
00019A8F
0000E066
00009BF5
00012D48
00008795
FFFE768C
FFFEBBDE
0000A7BB
FFFDB4B8
FFFF856E
00014DD4
FFFEC002
FFFF997F
FFFE4AA8
00011921
000147BD
0000B915
00013302
0000E68D
00016235
000128B7
FFFE7E79
00011D8D
FFFEF18B
FFFED3DD
FFFF8757
FFFEA14C
0000007F
000027D7
00013D12
000067CE
FFFEFD1D
FFFD90B0
FFFEF2E3
FFFE8034
FFFDF88B
FFFFBD37
FFFE057F
FFFCE971
FFFFE6A1
000191BB
00026A77
0000AF53
000283ED
00010BC1
0001402D
FFFFC6B9
FFFFEC14
0000FE4D
000358BE
00013218
00014CA7
FFFF81F2
FFFF0585
00011A6B
FFFE16BE
0001EB9F
00026F98
0000E25F
0002169F
0001452F
0001BB68
00002696
000141AA
0000C9BA
FFFF883C
FFFD0CA7
FFFE37AB
FFFDC270
FFFFB551
FFFD6D71
FFFFC45F
FFFF2529
FFFE19C3
FFFE8466
00001A57
FFFE1505
FFFFD13E
FFFF52A2
FFFFBC79
FFFFEC79
FFFFD0C8
00008551
FFFE2562
FFFF7B19
FFFE87A2
00004345
00011B67
00018E6C
0000F77F
00013F3A
0000CBE1
FFFF9A5C
FFFF267C
0000B897
00006934
FFFFBE59
00014DBB
0001FEBB
FFFF4A8B
000104B6
FFFF7F33
FFFE856E
FFFE46D8
0000E27C
FFFE6D08
FFFF5B42
00005280
FFFE3F97
FFFFBA7D
0000429C
FFFE4A72
FFFDE9C8
0000A06F
00012E35
FFFEA61C
FFFF3332
00007B9F
FFFFE32F
00000B15
FFFF86AE
00010235
0001CAEF
FFFF5C9B
FFFDB2CC
00011BA8
FFFE7EB5
0000B313
0001630E
00011A51
FFFFAEE1
0000D3B9
0000DE3C
00028EAB
00000F22
0001629B
000268DF
FFFE0F1D
FFFE5D5C
FFFE3ACA
FFFD803F
FFFF4154
FFFEA937
FFFF20CE
FFFB8538
FFFDE3F1
FFFFD6FA
FFFEB112
FFFEE26D
FFFF5187
FFFF9638
FFFE240D
00017052
0002F077
00000AC5
0000E09A
00003754
FFFEEDF6
0000D2DC
FFFFB076
0000CD94
000260E6
00005A51
FFFFBE1A
FFFF06E8
00013EB0
FFFE474B
FFFFD56F
00020140
FFFEA1FC
FFFED5A0
00001365
00009E0A
000089DF
FFFFF7A6
FFFF8F46
FFFF116A
FFFFBEA0
FFFED913
00002114
FFFDCD14
FFFDF339
000184E3
FFFE97B5
FFFDEE24
FFFED1D7
FFFEE6F6
FFFE0BB5
0000CEA8
000142E3
00008F9C
0002E14B
00004131
0000AB2F
FFFED181
00010D4E
0000BB55
00020EEF
00001672
00025224
0000D39D
FFFF033C
0000A523
FFFDC765
FFFF40BA
0000ECC9
FFFED4DF
FFFD9861
FFFDA55A
FFFEFC4A
FFFFC629
FFFF0637
0000E062
FFFFD0DF
FFFDF70F
FFFDA53B
FFFE8B50
FFFE12C3
FFFD6DF9
0001E5FB
00012DD2
0001554E
0000F3AF
00014BEA
0000E978
00025750
00024C2C
00003D41
FFFE4737
FFFF893C
FFFF240F
0000DB7C
FFFE5581
FFFF1220
0000A581
FFFDFBA0
0000C032
FFFF15DF
FFFC8F8D
FFFF9BAD
FFFF96F0
FFFF1641
FFFEC72E
FFFE8559
FFFF4F38
FFFEF1CB
FFFE8FAF
000289A6
000044CC
000160D3
0000C1F0
00021605
00025D41
0001B578
FFFF7B03
00027537
FFFDC20A
0003C8FE
FFFF5876
FFFFCB32
FFFECDA8
FFFF6A0B
FFFEDF81
0002EB98
00018437
FFFD5E63
0000A6A4
FFFC1D16
FFFFC5C5
FFFF0592
0000CF14
00015F5C
FFFDD24F
0001337A
0001ACE4
FFFF74C3
0001FCF0
FFFEC9F7
00014EED
FFFDE174
0000C3D9
FFFD9BBC
FFFF9477
FFFF0EE5
0001B1F9
FFFC5967
00013AE5
FFFE5347
00009EBC
0001D6B9
FFFEEA58
FFFFBAA3
00020AAE
FFFEE2FA
0000C7F9
000323B3
0002F057
000003C4
00009EC1
00009CFB
FFFF41AB
00033E65
FFFFE298
0000ABD8
FFFD7DE0
0000B1B0
00000407
FFFEBA7F
0000D53C
0002542E
FFFE2193
00019C01
00027136
FFFED7DB
FFFECAB9
00015F40
00012933
FFFFEFC5
FFFF240E
FFFBEA0B
FFFD2418
FFFFC766
FFFC29D8
FFFF954B
FFFCD567
00026E09
FFFF87BC
00011A74
FFFFA73E
00003F43
0000381A
FFFEA089
0000C77C
0000876C
00008B8C
000076D8
FFFDA80E
FFFEC62C
FFFE6B97
00007527
FFFF4A88
FFFE7133
00006D74
FFFF4CF1
0002956E
FFFFE87F
FFFD9AB1
FFFF68E5
FFFE0264
FFF939D9
FFFEFFFA
FFFE9B5D
FFFB9BA9
FFFCD7A8
00027B73
FFFE7E47
0002A644
FFFDF892
000142F8
0000CB52
0001CECE
00024F04
0000B96F
FFFED5C1
0000D565
FFFED161
FFFD4640
FFFCF839
0001FA2A
FFFDB368
00022CAD
FFFF5683
FFFC27A8
FFFCAEFC
FFFED682
FFFEC38C
FFFC1108
FFFE79A6
FFFBAE1C
FFFCD78C
FFFC0AD2
FFFF539E
00015B28
FFFE2AD9
FFFDD5AD
00024308
FFFC3BD4
FFFE1EDA
FFFF866C
FFFFC4C4
FFFC55F1
FFFF230B
FFFDD9DC
0002BBCD
0000BB92
FFFDB801
000336D8
00007DCE
FFFEEFA8
0001519C
FFFE1F7C
FFFF968B
FFFE52B9
0003A4C1
0001009F
FFFCA01D
FFFFC30B
0001965E
000282EA
00044657
0001C18B
FFFE5632
FFFF91B5
000035FF
00004324
00037885
0003B553
FFFD43B5
000110BB
00023A9D
00014C24
FFFFD843
FFFF9B8B
00003BFB
FFFEB234
00006235
0000E734
0000896D
00017536
000046C4
FFFF37E8
FFFB3968
FFFE0B11
FFFDF164
00004298
FFFE588B
00002D9E
FFFDFDFC
FFFEF84A
0001CD19
00010A44
0000AB87
0000BBF8
FFFDA9CA
FFFFEDDE
FFFF0878
0001410F
0002B2BE
FFFE7293
FFFEE0CB
000386B1
0001AE4A
0001C201
00023DD5
0002A125
00020CEF
0000350B
FFFC7410
FFFBAA59
00004C0F
00017F1E
FFFDFD15
FFFF0CA8
FFFFF36A
FFFE63F4
FFFE3FCB
0001CD07
FFFED865
FFFDFC57
FFFE0790
FFFFE307
FFFE1F0B
FFFF6E62
FFFF8566
FFFE9890
0003C2C2
0001CCBC
FFFFCE88
0000ED44
FFFFAD7A
000161FE
FFFFD1D0
0001217B
FFFF5E14
0001EC6D
00002F94
FFFF3BB7
FFFF95BC
FFFF59C1
FFFE2D13
FFFF64A7
FFFED207
0000E563
00021FCA
0000E0E7
FFFF5F14
FFFC5535
FFFB62B1
FFFD91E9
FFFFBFD4
0000169A
FFFE845E
000334D4
FFFE56BA
FFFFDC04
FFFD57AC
00021906
FFFDEE02
00036BD0
00011843
00018FBB
000070A6
000090BC
0000EA0A
00013B7A
FFFEC410
FFFFB9EA
FFFD77B8
FFFCC399
FFFF5614
FFFEE346
FFFE0153
FFFD5BD3
FFFDC955
FFFE7523
00023F13
0000579A
0001FF29
0002BFC3
FFFF7AD1
00011DA7
00006867
00003175
FFFF0012
0002A4CB
0002667F
00040884
00040584
0004471B
00039026
000002F0
FFFECCFA
00023013
000036F8
00001585
FFFF01BA
FFFD3C16
FFFF8A54
FFFFA6D2
0001EAED
FFFF114B
000085D0
00010DB4
00010FED
FFFD47FE
FFFF9C18
0000F22A
FFFE3BFF
FFFE9627
FFFD1537
00004A6C
FFFEC570
0002978D
FFFFB4FB
FFFF974A
0000AE7F
FFFE7FF0
FFFF4C57
FFFEDD2B
FFFFFAFC
FFFF7BEC
FFFDBEC2
FFFD7F56
FFFE7C89
0000D5DE
FFFD878F
FFFCCAA8
FFFF5DB6
00004BCF
FFFD7893
FFFD0D1A
00017029
0001B224
FFFFE04F
FFFF2E45
0000B167
FFFE16F3
FFFF34CE
FFFEF3BC
FFFDC6DC
FFFE54A9
FFFFC493
FFFF5A5C
FFFCD296
00007500
00009B4F
FFFCE570
0002646F
FFFE009E
0000D931
00007A81
00009F51
00010549
00015910
000281D5
0002C3E1
0001A6B5
FFFE9E87
000258D0
0001312A
00034C6F
FFFFA5CC
00020858
FFFD238B
FFFE1C8E
000087F3
00017A72
00011C7B
0000D3FF
FFFEDCFD
0000F49C
FFFCD4B6
000033D3
FFFF5AD9
FFFF496A
00002564
0000F33B
FFFF69E6
000338E5
FFFF8AA2
FFFEBE60
00002CD5
FFFFC2F5
00018AEC
0000F55D
0000ADC4
FFFF8E84
00014B52
0000A56D
0000EB05
FFFF0E42
FFFF8E33
0000C91B
000197C2
0000BD0A
00037480
00019587
FFFFE16E
00017B31
000451B2
0001B078
FFFF81B4
FFFE4E64
00022ED4
00024E6D
0001ABFA
0001447B
00004917
00026CAB
0000D9B5
0002C1F7
FFFEED8A
FFFFD9E1
00002B8A
0000B5A5
FFFFFDFE
000244D4
0000FEB8
00011966
FFFF76FB
0003615B
0002580A
0000E08F
00002EE7
FFFEC49C
00008E78
00015DA8
00042840
000199C9
0000E8AC
00023AA3
0000528C
000235A5
00030508
000259B7
000158B1
FFFDF16C
00029C93
FFFEAADC
FFFE8831
00029518
00010763
FFFF7897
0000F12A
FFFE61DA
FFFF98ED
00027373
0001578F
FFFDB073
000205E5
FFFEA0C9
00016FD8
00025CF1
FFFF14E3
000100B5
0001B513
0000CB95
00024E6F
FFFF5F05
FFFF451D
0001D142
FFFF5BCE
FFFE8A42
00006BA9
0000B50E
0003BC57
0001E1BD
FFFCE278
FFFD6429
FFFD0D55
FFFFCAD9
FFFE6EBE
FFFFBE57
0002D977
FFFF2DFD
0000F352
FFFF86B6
00002C61
0000F851
0001B3D0
FFFE2AF8
FFFEC291
FFFE5EF9
00021F8B
0002496D
FFFE0AB2
00010314
0003570E
0000839F
FFFD24B4
00008938
0000C4D5
FFFDF359
FFFD12F9
FFFF8C5E
FFFBB021
00008F31
00017620
FFFF6326
FFFFC903
0000B451
FFFC0BCB
FFFF9905
000059A8
FFFC2962
000057A8
FFFEDC2F
0001E6E9
FFFF4493
00022996
0001072A
000202E2
0000EA2E
00033AD8
FFFE7306
FFFEDD0B
FFFEB5F7
000261EE
FFFEBEDB
0002B2BC
00017A47
FFFD6D46
FFFEBA90
0000EF72
FFFEB74E
0001E359
000376E6
FFFE5D11
00015AD0
FFFDD4B1
FFFF750F
0000C63C
00008A3C
FFFDD9E0
FFFCBB9A
FFFD8C17
FFFD8303
FFFD8265
FFFFA316
FFFE71C4
FFFE197B
FFFF4565
0002D28E
00001B77
0000C0EE
00017FD9
0002E3DB
00017542
FFFE492E
00043A0E
FFFFA64C
000084E2
00027996
FFFFB7E1
FFFFEA11
0002049A
0002CDE1
000157EA
0001D24B
FFFD93AB
000200CA
0002669B
FFFDCC05
FFFE6197
FFFD69C0
FFFD7C88
00000BE6
FFFD5C1F
FFFE4806
FFFD8784
0002F9FB
0000A0BA
00004764
00016B80
00009CBE
0001C21D
FFFF3C1D
FFFFA52C
0001B5C1
FFFEAA30
00016863
000167E4
0001D2AF
0001EC18
FFFFF0A6
0000F1A7
0003403B
000069ED
00007314
FFFE0319
000118CF
FFFCA4AE
FFFE12DB
FFFF55ED
FFFC3156
FFFF4401
FFFFEAAC
FFFE9FB2
FFFD16C6
00009616
FFFB1AF1
00003DCF
FFFCC793
FFFBF7ED
FFFE9101
FFFD4A92
0002A71A
FFFD89DC
0001A7C4
FFFC63B6
FFFE8A05
00018FD0
FFFE35BA
0001A046
FFFFA1F8
FFFD805C
000172B0
FFFE808F
00020E34
000052E1
00004DA6
00022007
FFFE6B50
FFFD4DF8
FFFF91E6
FFFFA5B8
00012AF9
FFFE7791
FFFF314E
FFFEFCB0
0001D76F
FFFC8980
FFFCA6E1
000131CF
FFFC8D6B
00004566
FFFCA923
FFFD31CA
FFFFC991
FFFCD0B5
FFFB883C
0001A05C
00004A6A
00005FE4
FFFFD64C
FFFF7307
FFFE565E
FFFFA6EB
FFFD36CC
0002C98A
FFFF67CF
FFFD92BA
FFFDBEF3
FFFF8587
0000A676
0001CFB1
000096D4
0001DA4F
00000A6A
FFFE0423
0001355A
FFFE07FE
0000E176
000169ED
FFFE91F2
000210AD
FFFF9B4B
FFFF97DD
00035218
FFFF7D69
000104E4
FFFFEB54
FFFBA91B
FFFDC867
00022CE5
FFFD897B
FFFCF282
0000CE28
FFFE4742
FFFC2497
00056B77
000111D6
FFFFC132
0003313D
00009906
FFFDD6E6
000523B7
FFFDFA39
FFFE6303
FFFFD0E3
00007879
00028DA6
000223DB
0002E431
00015476
00017B83
000203E2
FFFFC802
FFFF542E
FFFCBABF
00006DA5
000015C3
FFFFA43B
0001DD42
FFFF90A3
00010C27
00019CFB
000474EC
FFFE6433
0003C08F
0000C9C8
FFFE0537
00027D13
00052237
FFFEA699
00027402
00042683
FFFE56C6
0000F330
00015291
FFFE477F
0000F496
FFFF845E
FFFCEADD
FFFE2A60
0001ACA4
000083CA
FFFF25E6
FFFE334E
0002CA6D
FFFF3093
FFFD3669
0000AA48
FFFFB7B2
FFFDAAB5
00023614
000105DF
FFFD3DD3
0001C8A3
FFFD8D5C
FFFF286C
0000F8E3
FFFD3050
FFFF366D
FFFF29A1
0000538E
FFFF164D
0000E644
FFFF182C
FFFDF351
FFFC8F3F
FFFFE821
FFFE7843
FFFF7593
00028540
FFFFF539
0000FF00
0001B395
0000AF95
FFFD93E0
FFFF4882
0000F62F
FFFAE685
00010CAE
FFFF75CB
FFFDFBBE
FFFDC446
FFFE591A
FFFD497C
FFFF3EF7
00007A4F
FFFFFA4E
FFFC9D78
0001B181
FFFE45A3
FFFE9CA0
FFFE8229
FFFDD79A
00007040
FFFDF5F7
FFFEF62C
FFFBA368
FFFD22E9
0003591E
FFFF926F
00000B18
FFFE7B19
FFFE53B8
FFFD09BC
00024D7D
00032FCA
FFFD2BAA
00028933
0000A77C
FFFFBAF9
00017603
FFFF8686
FFFCF5A1
FFFF5CD0
00023E95
FFFD3A56
FFFD7B29
00015F42
0000EB8A
FFFECA4F
FFFEF249
FFFB2371
FFFE993A
00013662
FFFC18E5
FFFF84EC
0000F18F
FFFA73D2
00017CEF
0001CD73
0001DD37
FFFE8B46
FFFE9D62
0000E196
FFFFCEFD
FFFE9118
FFFDAAD2
000085A9
FFFF5039
0000691E
FFFF4BA0
00021C05
FFFE703B
00007D87
0000194B
FFFC745D
FFFF5B1A
0001F4AF
FFFE6311
FFFFAAAC
00027EE0
0001B7F3
00014608
0000C534
00028141
FFFE9BEE
FFFEAEC1
FFFDEA3D
FFFF566B
00011F2D
FFFF6F1A
FFFD7B6F
0000C113
FFFE6417
FFFFEDC8
FFFF2AC8
FFFEE4BF
FFFF0838
00004C06
FFFF6ED6
FFFFC3B0
FFFEEB57
FFFD853F
FFFFD2AA
FFFE63E4
0001E793
00029C41
000107DE
000197E2
000124D2
00023548
00015908
000361C3
00043643
00004850
00021E03
00020111
0002385C
FFFF4F58
FFFFDA87
00016F21
FFFDB881
000124A5
FFFFDD99
FFFF245C
FFFF3BEB
0002D47F
0000B668
FFFFE541
FFFECB8C
FFFD835A
FFFF0440
00002745
00033882
FFFF8FF1
000028CD
00031EA5
0000899C
FFFB9870
00011305
00000A75
FFFEF614
FFFDE6CE
0000508E
FFFF9709
00021B23
FFFF8D6C
FFFE42CF
FFFD8AC8
FFFEBE99
FFFD6B44
FFFFF6F2
FFFE44F8
00011A7A
0000BEE8
00005BF9
00000268
FFFE67DB
FFFED023
FFFFE4BB
FFFF18D6
0000727F
FFFDD205
FFFEDF95
0001C3D2
FFFF2B83
0000DEDB
FFFFF8C5
FFFFBED3
FFFFD76D
FFFDD7C3
0000F7AD
FFFED618
FFFCF99D
000313A8
FFFE6D11
FFFBFC65
FFFE7450
FFFE56DE
00005007
0002A0DE
00033254
000247E0
0003082D
000265B6
000173B8
FFFE2B95
FFFF1203
00017033
FFFE0993
00012B30
00020C23
0002126E
0000183D
FFFF34C4
0000A78C
FFFCD0EF
FFFDB47E
00003E8F
00013F71
0001311F
00044AF1
0000BCDF
FFFEDBED
FFFE96A1
FFFEE90F
0000BB82
FFFDC057
0003DDDA
00016271
FFFFED24
00035994
0002DE5E
000276CF
FFFD8906
0002A5DB
FFFEE806
FFFE6F74
FFFFE322
FFFFE6C0
FFFF74B8
00014A7E
FFFF31F6
0001EA32
FFFCD3EB
FFFC3F4E
FFFFD740
FFFD4B8F
FFFEE7C1
00010CFC
FFFF73E2
00000D15
0002607A
0001BF8A
000241D5
FFFFE48D
FFFF6B72
00020C29
FFFFA675
0001E835
00006389
00011B50
00002379
00030276
00016A22
FFFEC4E8
FFFF18D8
0000C6D2
000090D4
0000E182
00017369
FFFE6E37
FFFE887A
FFFD871C
FFFDED73
FFFE9313
FFFEC24D
00004519
0001EC82
FFFF8474
0002502B
00034C2E
0000039F
0002F134
0004735E
00035ADA
00046715
FFFC2062
00014A21
FFFBED47
00003709
0001312D
FFFDF686
0000E51A
FFFDEDB0
FFFF403F
00001FFD
0002DF28
00003A5A
FFFF20C5
00046EF2
0003F25B
FFFEC12A
0002B80A
0002EE58
FFFE7BF6
FFFFE29B
FFFDB6D6
000149BF
FFFEB95C
FFFF3E80
FFFF91D9
00000C05
FFFF7AE1
FFFF1C04
FFFF298F
FFFF32E6
0002F32E
0002C805
FFFEF220
FFFF6D99
FFFECC68
00028461
00008032
FFFD4FDB
00000C03
FFFF40EE
00004B7D
000083A5
FFFFE353
FFFE3211
FFFF91F9
FFFE6CA7
FFFEBF24
FFFCD4FD
FFFEE1B1
0002C478
FFFF5D39
FFFF5C6A
000110C1
FFFD93BD
00003D19
00007940
FFFE84E7
FFFE732F
00009825
FFFF016E
FFFF7CCC
FFFE1023
FFFF7852
0000888C
FFFFE0B4
FFFD3CC5
000052A9
FFFD2E8A
000174E4
0000223D
FFFE1961
0001DB83
000051F9
FFFFA17C
00010513
0001C7CB
0003D01B
00044881
FFFFEDDF
FFFE80A7
00011796
00007F3F
FFFE427E
FFFDF9AE
00008E5F
FFFE09F1
0002967F
00015497
00004DA7
00026EDC
0002588C
FFFF2C19
0000AA45
FFFE7CB5
0000A1E7
000030C3
00033DDC
FFFED1E4
00003A7E
000077E8
FFFDF9A6
00001799
0000EE5A
0001F421
FFFF6705
FFFC33CD
FFFD62AC
FFFEAAE9
00008B7B
FFFFFD7F
FFFE31EC
0001744E
00006692
FFFE07D9
000038F4
FFFF5D0B
FFFD3346
0002FDE0
0003437E
FFFEBB3C
FFFE7585
000023B8
00002CBA
FFFF7BFD
00028F7D
00001EE1
0000505C
00017C6D
FFFF5D87
FFFFEE57
FFFF6DF2
FFFE661E
FFFF3000
FFFFDCE4
0000A88F
00000357
0000226B
000103DC
FFFF060B
00000870
FFFF36F9
FFFEB746
FFFFC5EE
FFFED6A0
00001257
0000E28A
0000A0CF
FFFE9DD2
FFFFFAB4
FFFEDF24
FFFFA169
00016ACC
00010FC0
FFFF2529
0001B0C1
FFFF303D
00013D4C
FFFF9314
FFFE6DDF
FFFFE602
00014230
FFFFB308
000099E0
FFFEE07F
00008393
00009675
FFFE3819
00017D78
FFFE6F90
000012C7
0000A8E4
FFFF82D3
0000D8C7
FFFF9636
0000D5CD
00002815
FFFFA7EC
00007B0E
FFFF5BF8
FFFEFF80
FFFF0A0E
0000F5D5
FFFEEA28
00011B06
FFFE0665
0000ED53
FFFF1B4C
00023FA6
FFFFB114
FFFF5AB9
00018CDA
FFFFA6CC
FFFFE72F
FFFF7A9F
FFFFD6CC
0000E526
0000DC40
FFFFD696
0000DAB7
FFFECD6E
FFFFCD68
FFFD8F2F
FFFE0173
FFFC69E7
00007854
0000068E
FFFEC475
FFFF1D28
00002A0C
FFFE4FBA
00007AD1
0000B292
FFFF6BFD
FFFFF7C4
FFFF3460
00005DA7
00001255
FFFFCFF4
00003410
FFFF50F9
FFFFA176
FFFD9F70
FFFF533C
FFFD8401
FFFE2528
FFFF0C08
FFFF3FD2
FFFF20C7
FFFEB98B
FFFE50D2
FFFF04C3
FFFE08DE
FFFE1443
000068BF
0001002D
0000E7A7
FFFF765D
FFFF517F
FFFF6FDC
000006B7
FFFFFD6B
FFFFA31B
FFFFA0F7
00000A8A
00027D7E
0001B426
00013C5A
000074CB
FFFE97E0
00019D25
00000DC9
000216A2
FFFE7550
00007698
FFFF4202
00002C95
000113D6
FFFFB6C5
000035E6
FFFE8854
FFFE3821
000179CD
0000A76E
FFFF6FC6
FFFF0E81
FFFFBE45
00008236
00021BE0
FFFFA35F
FFFF9175
000074D8
FFFF7CB7
FFFEFAFC
0000620B
FFFFD60B
FFFF997A
0000E5A1
0000C9B7
FFFFA718
0001DDC2
0000F085
0001E0E9
00002BAE
00018864
FFFFEE7E
000086DE
0001417A
0000F60A
0000BFF6
0000684C
FFFFE095
FFFF32C6
FFFE0937
FFFD4BEB
00002FDA
FFFDEEA7
00015540
00008031
0000DD76
000247C5
00001153
000158D1
FFFDE81D
00003F86
00019576
000243FE
FFFFEF2E
FFFF4BC3
FFFFD89D
FFFDFBAA
FFFD899B
FFFF1424
00000321
FFFE4F8D
FFFFE825
0000C8FD
00005251
FFFF2E8B
FFFF7132
FFFFA3E7
FFFF2CE7
0000A568
0000A723
FFFFC10F
FFFE9601
FFFF950B
FFFDA525
FFFEC2B7
FFFFFCAC
0000CA87
FFFE36EF
00006002
FFFF1282
FFFF7DB9
FFFDB218
00003967
00000F10
FFFE9A96
FFFEBE29
FFFF3D16
FFFE377E
FFFF7D45
FFFF7AD1
00013A2E
0000B2FB
FFFFCF6A
000077BE
0002FAE9
0002063A
00000088
000120FF
FFFFA057
FFFF151B
FFFF6D03
FFFE1E73
FFFEF1AA
FFFF6591
FFFF7388
00004601
FFFF92B0
0001B528
00000639
000155A7
00012232
FFFFDBBE
00001863
FFFECCD9
FFFEEA40
FFFFE26A
FFFEF466
FFFEC231
FFFE6EA7
0000733E
FFFF6A79
0000421C
FFFFD424
FFFF38DD
FFFFD91E
FFFFDED7
FFFFE53A
FFFEB07D
00007B6C
0002CD69
0000F07B
00007144
FFFEE4F6
FFFEBEAD
FFFF6CD2
0000EF1F
0000AD67
00001983
00007315
FFFFB55F
FFFF2A4D
FFFF88A8
00013847
FFFE9DFD
0000B6AA
FFFE884D
FFFDEA28
FFFF27BB
FFFF3FF9
FFFF439B
FFFF2DD8
0000195F
FFFF43F4
00006071
FFFF1B55
FFFF5B22
0001B68E
FFFF09D6
FFFF2467
00012700
FFFF403C
00004EF5
00017DBC
0000E881
00012A2B
00017CF5
FFFFF300
FFFF328A
FFFE7001
00004BF5
000186C2
00012E44
00001C3C
000058CD
FFFF1B50
0000BC89
00012D06
FFFED6BB
FFFFD0E1
FFFE04E0
FFFD0DE7
FFFED175
FFFE8AA7
FFFE63E3
FFFE64CF
FFFF29D7
FFFCEA09
FFFE5B5A
FFFF3B3E
FFFEE9D8
FFFFF769
0000C279
FFFF7CF8
000051D4
FFFFE8B0
FFFE8A72
FFFF8FE9
FFFFE59D
000039F5
FFFE76E9
0000CBC1
FFFFFE5B
FFFE79A7
FFFFBD5A
FFFF6A0A
FFFE3631
0000C163
00002376
00000FEB
00017505
00000CCD
0001666C
FFFFAF4B
0000E256
00025966
0000221A
FFFFD42B
FFFECF13
FFFF4CAC
000157E6
FFFFF7B5
FFFE1F54
FFFF1E77
FFFF9740
0000301F
FFFEB39A
FFFEFDB9
FFFE7406
00000C77
FFFF059C
FFFFAC06
000066B1
00014352
00002185
00001172
FFFE617C
00016520
FFFF1DB8
0000BC17
0000635B
FFFE6132
00002C80
0000ABDC
00018149
00019E17
FFFFDE93
00005E47
00000F1C
0000313F
00008F36
0001AE0F
FFFF8AA4
00019BBD
0000521E
FFFE9994
000028C6
FFFEA354
0000ED9A
0000E08D
00007057
FFFE3586
FFFFC55A
FFFEF2D4
FFFFCB52
00028781
00012F78
0000DC9F
FFFEC368
FFFE6310
FFFF499D
00000AD4
FFFFCAE0
FFFFA12F
FFFDF700
FFFECCDF
FFFF35DE
0001C9CF
00007FC6
000124BB
FFFFFCDB
FFFFB084
0001F48B
00019253
0000532D
0001451F
FFFF54E0
0000BE9A
0000199B
00025D5D
00014A34
FFFFBF68
00012AFC
0000BCA1
FFFF014D
FFFFD855
FFFFF183
00005E0A
00001235
FFFEF1A9
0000728C
00008B55
FFFE9F9A
000070A6
FFFE78E3
FFFDCF6C
FFFF123A
FFFE9674
0000F695
FFFF7B49
000100E5
FFFF57F2
00000D88
00012BB7
FFFFB2CD
FFFFB94F
000034DB
00001622
000132E9
FFFF8B52
0000A3B1
000064FC
FFFF235F
FFFFFED6
FFFF83FA
FFFE8EDF
FFFF889B
00002E32
0000ACCB
FFFEC5D6
00003489
0000104F
FFFF737A
00008F95
000099D6
00006383
FFFE6FFA
00008425
0000A8CC
FFFE6FD8
0001561D
0001BCFB
FFFFC3E0
FFFE56FF
000085B2
FFFFD400
FFFF6EA4
FFFDDF23
00008EBF
00000216
000047DD
FFFEC7A1
FFFEFF52
FFFFC165
00006742
00005A11
FFFF84CC
FFFEF58F
FFFEDA70
FFFE998C
FFFF2ED6
FFFF35E6
FFFED89D
0000A8A8
FFFF2C5F
0001F1C2
00004701
FFFF8661
FFFF6146
FFFEE46C
FFFF1301
FFFEBE90
FFFF52E5
000021E9
FFFE465F
FFFF19EB
FFFE99F1
FFFE43F6
0000E4E9
0001862B
00022EAC
FFFF2CAF
00012060
FFFE637D
00018E9B
00006A9C
0003661F
000028E5
FFFF7F04
0000D8D4
00009E63
000141AB
0000C1A6
FFFFA8F7
FFFE9694
FFFF921E
FFFEA0A0
FFFF9752
FFFE87F5
FFFF8AE3
FFFEB093
FFFFA718
FFFF6A05
FFFFAEE4
00018E2D
00013602
0000C8BC
0000553B
FFFEB008
FFFE25B0
FFFF1102
FFFF655A
FFFF4B06
00001127
0000EE75
FFFECEB6
FFFE0213
FFFEBDFC
0000D75A
000040E5
00002CBD
FFFEEDEB
FFFECE39
00002522
FFFE5B94
00001ACB
FFFF29AF
0002290C
00018219
FFFE9413
FFFD3E27
FFFF2982
000163B3
00002F4C
FFFFC614
FFFE98C6
0000EF09
00003E9A
FFFFEB3B
00026A48
00026818
FFFEAE82
FFFEA327
FFFFA726
FFFE88AE
FFFFE56F
FFFF9D5D
FFFF68A7
0000151B
00006054
FFFF7D89
FFFFC433
00005F9B
00026AC1
FFFFBF42
00012473
0001361A
000109F3
FFFFB824
FFFF271C
FFFF2E4C
0000E64E
00001394
FFFE283E
0000EAC9
FFFE8FEC
00009B79
FFFFE106
FFFF1158
FFFF0436
FFFEFD7A
FFFFA24A
FFFFCD74
0000C97E
FFFF1572
FFFF9039
00007A2F
FFFF9F30
0000757A
FFFED35B
000034DB
FFFEF4FC
FFFF0C3C
00002BCD
FFFFC31B
FFFEF30D
FFFFE9CC
000095FE
00009CEE
00015F7E
0001F13E
0000C78A
00012447
0000FCB7
FFFF4AB9
FFFFF106
FFFF66DD
0001C69E
00006C2C
00006953
00021C10
00012705
FFFF288B
0000E3A8
FFFEF9AF
FFFF7829
FFFE1F66
FFFDEDDA
00008C6C
FFFEAD0B
FFFEF677
00006912
FFFDF053
FFFE08C8
0000B318
FFFF969F
00001965
FFFF7FCE
0000936E
FFFE07FC
FFFFE624
FFFFDCB3
FFFF681C
00000321
FFFF4A97
0000400F
0001144D
00006A3B
00004F2D
FFFF3535
FFFF871E
FFFF1F98
FFFF37D8
00007694
000075D6
0000BB0A
FFFECCD9
0000E89D
FFFF27D3
FFFE8AB0
FFFE5ACB
FFFEE1F6
0000CAE7
FFFEDE7A
FFFDC65B
0000E070
FFFE1573
FFFF0039
FFFEED43
0001126D
00024554
FFFF018C
00008D54
0000CE72
0001230A
FFFFDFCE
0001A0F4
00009A93
FFFE2FA4
FFFFF669
FFFE0CA5
000032ED
FFFEA838
FFFDEA59
0000E5F0
00001A54
00007817
000102B2
0000580C
FFFF7EAB
FFFF6430
0000ECED
FFFF8548
FFFF464E
00018776
FFFE7D33
FFFF0085
00014CDE
FFFFCDFB
000191A4
FFFF0880
00018C51
00001274
FFFE74C4
00004ED6
FFFEAC5A
FFFE6623
00003240
00013DE7
0000EFE2
0000102F
00010EC1
00001F88
00007FAC
00015F56
0000FA91
FFFEEA38
FFFEF2A8
FFFF76C0
FFFE9C6C
000082F6
00012161
00004A15
FFFF52CA
0000FE6D
FFFF7C2D
000095BE
0001041D
FFFECAD5
FFFECF81
000053A7
0000805E
FFFF74D5
00016714
00002E73
FFFF4FE3
FFFFD852
00007D53
0000A7FE
00006D5B
00006B8C
FFFF6E08
FFFFE8B4
FFFEE214
FFFF16D6
FFFF779F
FFFDD557
FFFEBDBB
FFFDC037
FFFD2715
0001EB0A
00011D8B
FFFF141C
FFFF7F71
FFFE6994
FFFF3434
FFFF64CE
00000748
FFFEE0C3
FFFEF840
0000F6C0
FFFFF80D
FFFF8439
00001B6A
FFFE3C6D
FFFE5189
00003139
FFFE77AB
FFFF86C1
0000B4D6
0000B022
00012055
FFFF8FF9
0000F2F5
0000FAAC
00003ED2
00010CB1
00002896
FFFE19AD
0000449A
FFFF12C8
FFFF8423
FFFDBF74
FFFFE643
FFFF4C69
0000B279
0001FEBE
00014D3E
0002C899
000168ED
0002379A
0000BEB8
00019FF5
0000159D
FFFFB024
0000AB8F
00011AA5
0001B717
000209E3
000014E2
FFFFD3DD
0001B88A
0000238F
FFFFA1D9
00008D8E
000075C6
00013A3D
FFFF9EA8
FFFE25BC
0001D664
00008F0A
FFFF2AA1
FFFF740A
0000849A
FFFFB319
FFFFE2A8
00016B92
FFFE5EA5
0001C3F0
FFFE0D0D
00004191
00000579
0001043D
0000AF25
00003D2B
0001D792
0001C1DD
0000E4B7
FFFFF5EB
FFFF6EC8
FFFFED7B
000155BC
00019FFB
000019E8
FFFEA08D
0000A568
00015040
FFFF940B
FFFFA33E
000003C9
FFFFD742
00007E8A
FFFEEBD0
FFFFBB7C
FFFD4578
00008DAC
00006484
00002DCF
FFFFF6FC
0000C876
0000AD05
0000ACDA
0001EF0D
000143BA
0000F8EF
00003D0B
FFFFAFBF
FFFF4E07
0000212B
FFFF7046
00016153
00020139
00013583
00018841
00006B9B
00008651
000125E0
0000AC60
0000F6F2
0000DCCA
00011435
00011C93
00004D5E
0000C331
00005B8C
0000F8EE
FFFEA178
000082B1
FFFE0A18
FFFEA4E3
FFFEB39B
FFFF3D00
FFFE6403
FFFFEBB4
FFFEBCC5
000024BB
FFFEDBA5
000169A1
FFFF7074
00014D2A
000131D7
00013856
FFFFC75F
FFFF5767
FFFF4163
0000DDCE
000081C8
FFFFA3AC
00015F34
000171BB
FFFEA542
00017A19
FFFF82F6
0000331D
FFFFE126
00019F69
FFFFC78C
0001DFC3
00002158
FFFF97CD
000217D0
0000574C
FFFF2E92
00014276
FFFED280
FFFEBFA5
FFFEEB5A
0001339C
FFFFD0D4
FFFEAB15
00011D8A
00011AF3
000115B7
0000736A
FFFF9D10
0001943D
FFFFE652
0001C05D
000117F5
FFFFC2E3
0000AD71
0000479D
FFFFBBDD
0002E5B5
0002684D
000288C0
0000F41F
000091E0
00004EA0
FFFF2695
FFFF9F96
000005A6
0000D79F
0000CBE2
0000E32C
0000A89D
00012CE6
0001DF5A
00001FAC
00015228
FFFF5274
000024DE
FFFF29B9
0000A0E2
FFFEB1A7
00016978
FFFFA9AC
0000BA03
FFFE6096
FFFFEECC
00016108
FFFEB58E
FFFEC6E3
000062D7
0000305F
FFFFE49E
FFFE12DF
FFFF88E8
FFFF701E
FFFFF68B
0000CE28
0000A73B
FFFF5F81
0001125D
00005CBA
0000289B
FFFF5F75
000072C2
0001D2E3
FFFE7108
FFFF3DBB
00004C10
0000358D
FFFFF678
0001D0FF
FFFE9858
00003217
FFFF3FA1
000040C4
FFFF57F6
00010F48
000024F0
FFFF92E3
00002790
00024A0F
00016C34
00015937
0000BA3F
FFFF6FA1
00008A98
FFFED182
00014158
FFFE82AD
FFFE6955
FFFFCBC2
00004E7F
FFFE3639
00011037
00006877
0000BA66
00009C44
00012BFC
0001EF9D
00012DEC
00010B80
0001277F
00021D08
FFFFAC08
00012F95
FFFFD1F3
FFFF16D0
0000F350
00016DC2
FFFEDBEC
00013665
0001D5D4
0000316C
FFFF8532
00006C56
FFFF0692
00012CC7
0000DB30
000133D3
0000AD88
0000976C
00016EAF
FFFFCB0E
00001769
FFFE72F4
00009EB2
FFFE9831
0000ED37
000001E7
FFFFB58D
FFFFBA21
0000444A
FFFF05AD
FFFFC17C
0000D76A
FFFEDF64
000068CC
FFFECE4F
FFFF1683
FFFF069B
00009954
FFFF8F23
00005EC9
FFFF4B65
00007A66
FFFEDAFB
FFFF4A89
000024B6
FFFF7E66
FFFDF0AD
00005F31
FFFF9631
0000D276
FFFF168C
FFFFA67E
FFFE955E
FFFE4356
FFFE356E
FFFE3DA2
FFFEF679
FFFD65B3
FFFE6BDB
FFFE66D2
FFFE8D1C
FFFF5A34
FFFF7C3A
FFFEE2C0
0000343C
FFFF41A4
FFFF84CF
00003B5B
FFFEB327
00007D17
FFFEE28B
0001BAC2
00012600
FFFF984C
FFFF4E1D
000217E5
00021C51
0000C1A1
FFFF985F
0000C419
0001DD43
0000B0E6
00006BEE
FFFF6EC0
0000C723
0001B200
00016EC6
0001571D
00011167
0002C745
FFFFD885
0001A33C
FFFFEBCF
FFFFF450
000100E4
FFFF6F81
FFFE38E5
00002D8B
FFFF5B88
FFFE51DC
00005611
FFFECCC7
00026CE2
FFFFFF66
0001250E
000272F7
FFFF36B9
0000D7C1
0001B9C9
000060E0
00012D79
000013F0
0000B564
0000D029
FFFFEDF0
FFFE9D88
00025A30
00012639
FFFF1A63
0001D948
00004FFF
00004C2A
FFFFEC9E
FFFEDA5C
FFFDD4D2
000063B2
0001D118
FFFE9902
000061F0
0001687F
0001CB4F
00000F12
00000016
FFFFB72B
FFFF9AC8
FFFE8713
0001C2A5
FFFFEFDF
00002530
FFFE3EEB
FFFE79A9
FFFE59D8
0001162E
00009762
00009E5A
FFFE9505
00000888
FFFFEC05
FFFF43E0
FFFD2784
FFFFEA61
00001A53
00003536
FFFF26B3
FFFFA21A
FFFE9B5F
FFFDCC18
00016B14
FFFF9D35
FFFF32D2
FFFE0CB3
FFFDE25B
FFFD170E
FFFF4877
FFFE4429
FFFF170C
FFFE2181
0000FBE3
FFFE7F13
FFFEE274
FFFED31D
00017CB8
FFFF778F
FFFFFFA5
0001705A
FFFF3AFB
00000CB4
00008E39
0000D527
FFFF956B
000148CB
0000C1F4
FFFF99B7
00008B3B
FFFF2F85
00005A02
FFFF3486
FFFFFED5
00013EAD
FFFD9DD6
0001926E
FFFEB4B4
FFFE4007
FFFEA5AC
FFFE416A
FFFE85D6
FFFF1300
FFFC2BD8
FFFD737F
FFFCF768
FFFDF736
FFFEED00
FFFE3CA8
FFFD8654
FFFE3596
FFFEC870
FFFF0598
FFFF0DEE
FFFF5921
FFFDBF8C
0000EFF1
FFFFB25F
0001EF09
000212AA
0000739A
00020393
00006B99
00006A6E
0000DE00
00008764
FFFFE7ED
00002E38
FFFD3CEF
FFFF7200
00007484
00000F81
0001978F
0000E945
FFFFB996
FFFFF21A
FFFEB355
FFFFCF32
FFFF05B3
FFFFFDB0
FFFF2F2C
0000CD67
FFFFA132
00013DE1
0001E9D4
0000E4A8
FFFF9FD6
FFFE9F79
00002A9A
00017370
000134EC
0000FF7B
000013DF
FFFFC199
FFFE3A3B
FFFF6D61
00005EB5
000054B2
000066FD
FFFCEAF7
FFFFE807
FFFF25AB
FFFF301F
0000124B
FFFE6C20
FFFE1DDA
FFFEE541
FFFEBF7D
00011404
FFFDC3E4
0000EAE8
FFFE6D05
FFFD4979
FFFE1DA6
FFFF485E
0001608B
FFFF78D4
0000FA40
FFFE541F
00003B69
00010403
FFFFF21A
00020ACC
00001697
FFFF25FA
0000F951
FFFFA099
FFFF55E0
FFFF3F59
0002054A
0000C041
00006BC7
FFFF187A
FFFF7E44
000159FD
0000BA01
FFFF1B09
0002E472
0000A750
FFFFD6F6
FFFEEE0B
0001B8A1
0001BE88
000019C0
000189DA
FFFF1C45
000069C9
00001E65
FFFF9F4C
FFFF037A
FFFF6F4E
FFFFB92F
00007B0F
FFFF4096
FFFF6613
00026A65
00008BD1
0002D0C2
0000950E
FFFE8B5C
FFFF1806
FFFFC9DC
FFFEE108
0000807C
00002033
0000AB4B
0000DA77
0000BD64
FFFF9786
FFFF0733
FFFDF7EF
FFFE34C5
00008C58
FFFF17F0
FFFFC1D9
0000FBA8
FFFEA991
00009398
FFFFF336
FFFEE6E5
FFFEB52E
FFFE8E22
FFFFD6D1
00012FFB
FFFFF43C
000056E4
FFFEEE51
FFFFD2C8
FFFF715D
FFFF87CA
FFFFB042
FFFF6ABB
0000C991
0001EF0A
00033528
0000E705
000194A4
0001AE5D
00027BFB
FFFFB981
0001434E
0000092C
FFFFCCDB
FFFEA969
FFFF5F8B
00014EAB
0000A39B
000020A9
00010DAC
00006DAA
FFFE9E04
FFFE2A5A
FFFEE33D
00002009
00008067
FFFFEC8C
FFFED91C
00019796
FFFF6DC2
FFFE9590
FFFFE067
FFFDB392
0001379B
FFFF4D7D
FFFEEE73
00005A09
FFFEA242
0000537D
FFFFE7DF
00023A30
0002DF5D
FFFF844A
FFFF0436
FFFED59D
FFFFC7AF
000011DE
FFFFA94D
0001BFC9
FFFFFC4F
0001E8F0
00007D83
0001E235
FFFFE4B6
FFFFF5A4
FFFF26A6
0000EEFD
FFFF8BD7
000136C1
FFFEC77E
FFFF29DB
FFFF44C1
FFFFFF99
FFFF5D8F
FFFFDCB0
FFFE1092
0001EC3A
FFFF49DB
0000D4C2
0001594E
FFFE7EA0
00009AB8
FFFFDAFF
FFFFC93D
000099E2
0000EA77
00015904
000206C8
FFFF394D
00011D42
0001DBCF
00014208
FFFF0D7C
0001747A
FFFE519A
0001AEC2
0001B6A4
FFFF5F38
FFFEB061
FFFFF06F
00013654
FFFF8F60
FFFDF72E
FFFF70F5
FFFDA999
0000D615
FFFDED57
FFFD637A
FFFEEC10
FFFFF5C7
FFFF5B14
00002DBB
FFFE0392
FFFFC309
00015CFB
FFFD2CE3
000067DC
0000102D
FFFF9689
0000201F
FFFF2788
00003E45
FFFEA6FF
000090A8
00003BF0
FFFFBF7A
FFFF9985
FFFF49EB
0001193F
FFFFADDC
000030C1
00011B45
FFFFEE47
FFFE0DF5
FFFF5456
00006CD9
0001FCD2
0000FD4D
0001FFD5
000062D1
00004537
FFFFDA53
00018BEA
00007B67
FFFEABA3
FFFE2752
FFFF8891
FFFF5D76
00015118
00004F54
0000FF1D
FFFF4F78
FFFF3A92
00000BAF
00001558
0000FE4A
0000FE0A
FFFF4A4A
FFFD2585
00008461
FFFFC98B
00013063
0000EEED
00011EB0
FFFEB436
FFFFE7B9
00009607
FFFFEC8A
0001261A
FFFF029D
FFFFE6C4
FFFF96C8
0000871F
FFFF627C
0001CAAA
FFFF51B0
FFFF5F32
FFFF77C4
FFFE5B7D
FFFF6C8C
00013B31
FFFECDF3
0000F0A2
FFFDAD42
0001EF2D
00008784
00010D7C
FFFE609D
000053DE
0000B6F0
0001536A
FFFFDB14
0000F938
0000E3F4
00005FE5
FFFE6AE8
FFFF00B1
00003840
000105CE
0001ABED
0001D6A8
00011474
00029EF6
FFFE32CD
FFFE55AE
FFFEB246
000182C8
000246CD
0001F0C8
FFFEB22A
00003B35
FFFFED6D
0000FFFA
0000ACF6
0000E1C6
0000304E
0001EB23
0001414F
00023344
0001C30E
000041AE
0000DAE5
FFFF3747
FFFFFA25
FFFE9515
FFFE370C
FFFF6FF1
FFFFE488
FFFE8AAD
00014955
FFFE0709
FFFF46F9
0000650A
FFFF359D
000032A6
0000A452
0000FA5C
00012BE7
FFFFABC7
FFFF9B16
FFFF0E45
0000B602
00004AA3
0001F7A2
FFFF1430
FFFFFC5C
00004FBB
FFFE2D90
0001F11F
FFFF91B0
FFFFF4EE
00005330
FFFE8658
FFFEEEB2
FFFF80EE
00015A90
000149A4
0000BC01
FFFFA808
0001556C
00003F2E
0000E9B1
0000A236
FFFEB2E5
FFFFA8C0
FFFE830C
FFFE8306
FFFE4E87
0001D903
FFFEFDC0
FFFF4797
0000F239
00002ACF
FFFFB51B
FFFD4D32
FFFF45C7
00011117
000112E2
FFFF13E3
FFFEE106
FFFEF0AF
00014801
0000206F
FFFF5EA1
FFFF4A64
FFFE820D
FFFF848E
FFFFB48D
FFFFD50A
0000D01A
FFFE6A8F
00005BF3
000035F0
FFFFBBD0
FFFD56EE
FFFDE78D
FFFD10AD
FFFF9FD5
00002798
00000770
FFFF5424
FFFF0905
FFFF6E9E
FFFEE21F
FFFF10DC
0001619B
0000E2D9
FFFEBC98
FFFEDDA4
00005816
FFFF2BA7
FFFFC90A
0000251D
0001B375
000169E3
00017281
0000E0C6
000024D8
0000CDEB
FFFFF80D
0000F510
00009638
000246FC
0002351E
FFFEE385
0001ED51
0001CBA2
FFFFDC53
000048DF
FFFE8B8B
FFFFB23F
00009FEF
FFFFC75F
0000E166
FFFE3FB9
000044C1
000060CA
0000409F
FFFFBD91
FFFFDAD9
FFFFE996
FFFFDDF4
0000E826
FFFDE099
0000DFB4
00013BD4
0000BF31
00005678
00012BBF
FFFFD5B8
FFFF700B
FFFF9F4C
0000FEDE
00005D0A
00025AC1
0000BBC5
FFFEBB68
FFFF081D
00029724
00001C59
0000933F
FFFDC3C0
0000FEF8
0000326F
FFFFFA60
FFFEB185
FFFD3A61
FFFE3C01
FFFFE77C
0000A01E
FFFF284B
00004952
0001AB0A
00006FF4
0001DC2D
00016FE2
FFFFDF3C
0000DC3D
FFFEE695
00008BE0
00002E0C
FFFE5F83
FFFFD64C
0000B709
00003BDD
FFFDD4A1
0001E241
FFFFF7F9
FFFE6B38
FFFEC8D7
FFFF6791
00000180
FFFEA28A
FFFE644A
FFFF1479
0001FF1C
FFFF0691
FFFF17D5
0000A2DF
FFFE5A59
000080F1
00009921
000008B0
00009A9B
FFFCA485
FFFDC0FB
0000E162
FFFEA3E8
0001CDDA
00015FC8
FFFFF148
00019DFF
0001EAE7
00030702
FFFFC7FA
FFFFBD2C
00017141
FFFEF280
00015793
00012FF3
00003C4A
0000E810
00018A62
000052A5
00024A1D
000155CA
000205A0
FFFF487B
FFFFF816
FFFF8CD1
0000020F
0001485A
0001CEA3
FFFD2950
FFFF5A5D
00004C8A
FFFEC410
FFFF0850
FFFFBA58
0000785C
0000D447
FFFDE58A
0000D40D
FFFEACFB
00017371
FFFFB85E
000113F6
FFFEF72C
FFFF3D92
00015C22
0000036B
FFFE7A92
000040BE
0000804D
FFFFE853
FFFF8409
FFFFEC1A
FFFF68EF
00008B92
FFFF5B70
FFFF9496
FFFE4D95
FFFE540B
FFFF573E
FFFF5D37
FFFD982A
FFFE4567
00006BD3
FFFEABDE
FFFFA3B8
0000E0B7
00000F05
FFFE8EF8
00014B34
FFFF6204
FFFE2F30
FFFCF041
0000C707
FFFF53E6
00013144
00018E3D
00005989
FFFF9550
0001BEAF
FFFFF4BF
00006551
FFFFC392
000078A1
00014CB2
FFFFEF79
0000F680
FFFFC80D
FFFF34C2
00028571
0000BA22
FFFDE059
FFFDDAC5
FFFED53B
0001E9DF
0000544C
FFFEFC15
00011B36
FFFE3CB4
FFFFEFDD
FFFEECFF
000026C4
00007C91
000081FB
0001851F
0001BAFF
0000260F
0001CFDD
000030F2
0002D41D
0000ED99
FFFFE7D8
0000523E
000177F7
000144D3
FFFEC48E
000004D1
0000D7E7
000032FA
FFFED821
00017CDC
00001537
0001203D
FFFF3A93
0000FF80
00014F25
0000C9DF
00003082
00010965
FFFFE6FC
0000E506
FFFF0D10
FFFEFCBA
00009C6C
FFFCF0C5
000096DD
FFFEA3EF
FFFF086E
FFFFA003
FFFF13ED
000169EC
FFFE1028
FFFFF8E2
FFFF2513
FFFFD9D3
FFFE8482
00012492
0000A184
00006C30
0000378E
0000EF1E
0000DED9
0001B314
FFFFD422
00003B7D
FFFF8F10
00017DEC
0000635D
FFFE6D4D
00009338
FFFF82D3
FFFED5A8
FFFF96FB
000111DA
FFFF6C2F
0000BD8B
FFFEA521
FFFD8DA1
0000C33B
FFFEB2B8
00006B40
0000798E
FFFD8FD3
FFFFFE6E
00004C1F
FFFFBB4D
00012827
0000BB89
FFFDBC7C
FFFF8ED0
FFFF4CCB
FFFEA1C2
FFFED729
FFFE0377
0000DD1F
FFFF3985
FFFEBD22
0001D6AD
00032768
0001CA13
00000615
0000C8A6
0001D7B9
00014FEC
FFFFD9B0
00010DA7
0001AEDD
00009D8B
0000D675
000254F1
FFFF7E12
FFFEAE58
0001B279
00022079
00018057
00019806
FFFE8D5E
FFFED643
00017E77
0000DD05
00016DAF
FFFF4869
0000D2A6
0000DB65
FFFF2312
FFFEAB78
0001CD0E
0000B1EA
0000FD92
FFFF460E
FFFEEC0D
FFFF2F2C
00012152
00023A56
0002B949
FFFEDCE9
00006404
FFFFE4EC
FFFF4FF3
00021BD5
00006E1E
0002430B
0001D17D
0000D599
FFFFA0FC
000168B0
000184DE
FFFF71EB
00004C88
FFFF4D78
FFFE8E29
FFFFF4FA
FFFF26CD
FFFFB5E1
FFFFBE14
FFFFD425
0000B122
0000EDA5
FFFFBE5B
FFFFC0EB
00005EA5
00023840
0000CC02
FFFEA21C
0001B42D
0001702F
00011E70
00004866
000146D3
0000B8AB
FFFFCC90
000029B1
00008AD3
000072F7
FFFFEF46
000311EA
00011311
FFFF0CD9
00010E1C
FFFFFD4E
0000B099
FFFF6E2D
0000138B
FFFFF39B
FFFE5621
FFFDB488
0000C567
00002667
FFFE640F
0000DBB4
FFFF1E0E
FFFE42FB
FFFF1DCC
FFFFBE24
FFFEC7B3
00010DE6
FFFDA14B
00026E38
FFFF954F
FFFFE6E5
00021114
FFFFAF5B
FFFEFB20
FFFFFD32
FFFF019B
0000C580
FFFEC782
00023C1A
0000C5A3
FFFF0509
FFFF812A
FFFEA159
FFFEA755
FFFE8EDF
0000CC53
0001807D
0000DA50
000180A4
00006E9E
00002D53
0001B30F
0000CBE2
0001BE9A
000067D8
000096CA
00011526
00004E23
FFFE8BBB
FFFF0F3E
0000781B
FFFE3DB2
FFFF37F7
FFFFF497
FFFEFB3E
FFFEFA87
FFFEEC79
FFFDEE9E
00003BE0
FFFFF3B5
000011DF
FFFF868E
000178F7
000004EB
0000D313
00012C37
0000E626
FFFFB631
0000B7AA
00002202
00006CB0
00023337
0001B7F4
0000F54D
00006618
FFFFFB42
FFFFD665
FFFDF8BC
000092D8
000053CE
FFFFDB73
FFFCDB3F
FFFF777D
FFFD47B8
00007038
00009BBB
00007456
00017A4B
FFFF5434
0001013C
FFFF2BF3
00002760
00014C94
00020B8F
FFFFBD8F
00000218
00003F1F
000019F6
FFFFAC4A
FFFF9B0D
00010D12
FFFE7B0F
FFFF7886
00002ED1
FFFEBB2F
00011869
00000A1B
000188C4
FFFD8A92
FFFE8536
FFFF929C
000308BE
FFFF8961
FFFE483D
0001E7E5
0000695B
0000BC55
FFFFA54E
FFFF5F11
FFFEF3C2
0001C448
FFFFC9B5
000152CD
00006220
00013485
0001B95F
000080A3
0000CBF6
0001AD2A
FFFE226F
0000F83C
FFFEB972
FFFF2230
FFFFB2A6
FFFDFAA9
FFFE28B0
0000A6C2
00005E49
FFFEDBAD
0000F660
0000C346
FFFDE2C2
00003596
00009393
FFFEE0B3
0001B2CF
000019F3
FFFFC7AC
FFFDCA58
FFFDB90E
FFFDB0E4
FFFDC5ED
0000F938
00017B97
0001B917
FFFE084F
00005998
FFFDAFC6
000016C8
FFFFD28B
0000A33E
FFFE5B55
FFFE9381
FFFF2832
FFFFDE75
0000FB56
000083C9
0000BD18
FFFE11F3
00000B1C
FFFF191B
FFFE6FD3
FFFE0390
0000FE5F
FFFF8DE8
FFFE6330
FFFFAB26
FFFE79CC
00002BFE
0001CF00
FFFEB685
000328FE
00000BF7
FFFF40E2
FFFE6F7A
0002525E
00002093
000130D4
FFFFFA36
0000B251
FFFEA3D5
0000FAE5
00018F35
FFFFC3C1
FFFFE05F
FFFE8792
FFFF9D14
FFFD3F4E
FFFED86B
FFFEC7B3
FFFE67FB
FFFE5A22
FFFF12F7
FFFF1F5B
0000D102
000072BF
FFFE4CA0
FFFF401A
00003E20
FFFE9112
00019ACD
0000AFB9
FFFF282E
FFFFC359
00006B8B
0000D088
0000469C
FFFFF814
FFFEE28C
0001ADC0
FFFFAC7F
00012FFB
FFFFEFAD
00001184
0000D410
FFFFC143
0000EE31
000130D2
0000338F
FFFE2EA0
0000B4F5
FFFDE28D
0000BBBC
00008A2D
FFFF959C
0000FA63
00015C30
000196CB
000066DA
00000271
000040EF
FFFFDE4C
FFFE9283
FFFF99D2
0000AFFB
FFFDE6C7
0000E3B5
FFFEC1DE
0001744D
00020014
0001FEFF
00018AE8
00006A32
FFFFB50A
FFFFF97A
0000C821
00015B84
FFFFE8C6
00002389
00009997
0000C4F1
FFFEA4E1
0000E907
FFFEB711
FFFFE8E6
00013E47
00006F14
00017214
000084A5
0001D48B
0000DE7E
00005D17
FFFF4214
00005760
FFFFBC60
0000B749
FFFF93A9
000128A6
00013418
FFFFFA7D
000110FB
000037CE
FFFEF614
FFFFDB5F
000148FE
00004B32
FFFFE33F
00006E5B
FFFF7023
FFFF5927
FFFFCC93
FFFF4AB3
00000415
000018EF
FFFFEB40
00009A97
00003B05
FFFFD467
0000486C
FFFF6A74
FFFF0706
FFFF6F34
FFFE4312
00006F0D
FFFF34C6
FFFEBA03
00004D90
000092DC
000057E7
FFFF3727
FFFE62A1
FFFED6AC
000037C8
000003D0
FFFF0BD1
FFFEAEBA
00006083
FFFFF37C
000066DE
FFFF0E72
FFFFCBB6
0000AAB0
FFFEDF39
00003153
00005CCE
FFFEE3A6
0000E43E
0000A31A
00006DDA
FFFFE65A
00004981
FFFFF60B
00014882
FFFF32C0
FFFF9FEA
00002999
FFFF6328
FFFFE1CC
FFFEE0A2
00004598
FFFE86C6
00001195
FFFEF88D
00001C61
FFFF59DB
0000CA00
00000147
000084D1
FFFE863E
0000BC81
FFFF1099
FFFF2313
0000B9F0
FFFFA4A7
00007A63
00002657
FFFF29FD
0001AE4B
FFFF7561
0000B2EC
FFFE289D
FFFF4C3B
FFFF27A0
FFFFA7EC
FFFE4734
FFFEC58C
FFFFB43E
00012B68
FFFF8BD9
00004491
FFFF176F
FFFEC58C
FFFE6037
000171A5
FFFF0785
FFFE5539
FFFDF774
FFFEA123
FFFED80F
FFFF5886
0000B773
FFFE9E46
FFFEEF99
0000C127
FFFFCE0B
FFFF94D1
FFFEF9E9
00005409
000024A4
FFFFFFA9
00003EF3
FFFFCD42
000009C1
FFFF3430
FFFF8200
0000531D
00010E84
FFFF3DAE
00002AD0
000108C4
0000B781
FFFEF10E
FFFE55EF
000074ED
FFFED1A7
FFFFCD87
00001D08
00009006
FFFE294A
FFFF1792
FFFF6C76
FFFF965A
FFFF5477
0000236E
0000FAFA
FFFFF968
0000A860
00015BDB
0000D9A8
FFFE9784
0000CC29
00003F6F
00000B87
00002A02
FFFE13D2
FFFF6A2D
FFFFA83F
00000093
0000452E
FFFEE94B
00017343
FFFF007F
00008B5E
FFFEE8DA
000139F1
FFFF1BEB
FFFFC0EC
FFFF149D
FFFF8541
0000FAF2
FFFF7B82
0001353B
FFFE6AA6
00006483
FFFDF9F8
0000200C
0000C9E7
FFFEBBED
00009188
0000834F
0001BCB8
FFFEEEF5
0001689D
0000D237
00002E01
00000D38
000067D7
FFFE4F0D
00005D61
FFFEF739
FFFF735C
FFFEB29D
000042DB
FFFE5279
000010FC
FFFEDB39
FFFFF9B4
FFFE6E62
0001FA52
FFFF30D8
00008C06
FFFF647F
FFFF446C
0000C5B7
FFFF774C
00010279
FFFF2F39
00002B04
FFFEB2A3
FFFE60C3
0000AB36
FFFEE825
FFFE7484
0000DFA5
FFFE98CD
0000F885
FFFFD80D
FFFFBF34
FFFEFF37
FFFFECA0
FFFFCBB7
FFFE9D4D
00000318
00001BEA
FFFF93EA
00000A62
000103F4
FFFF5B00
0000C849
FFFE9740
0000A47A
000018EB
00013B98
FFFF7325
0001E502
FFFFB161
00003B62
00005277
0000A332
0000713D
00004E89
00013579
FFFEDD02
000191F6
000094FC
00003B43
0000BF1F
000163CC
FFFFED21
FFFF653E
FFFEA437
00003514
000013CA
FFFF9B75
00002D25
FFFF942F
00003BE3
FFFF87AA
000143F1
FFFEF9DB
0000F124
FFFEF8D7
00028487
00001274
0001EBAF
FFFFFBD1
00012F45
0000FFF5
FFFF1AB5
000104C8
FFFF8C42
FFFF88A1
00001087
00009A48
FFFFF06B
00006FAE
FFFF7E1D
000051BA
FFFEF0B1
FFFF7EB5
FFFEE9EA
FFFFF125
FFFF01D9
0001922C
00005195
FFFEA5BC
00000330
FFFE8BF1
00008F69
FFFEBF5B
0000BB55
0000C9C0
00014A12
000100E3
00009914
FFFFF2B5
00008A0D
0000F95C
000052EE
00008631
00005BE5
FFFEFF0A
0000E751
FFFF917C
FFFFA082
FFFEBCC2
FFFFF095
0000ACF4
FFFF5FBF
FFFF00A0
0000E7A8
FFFF2E78
0000707F
FFFF066A
FFFFA8FA
FFFD9D58
FFFF57AA
00001071
FFFFC928
FFFFCB22
FFFFE7DE
00003D92
0000ACFF
FFFEE2C1
00006986
00012754
0000E8FE
0001561A
00019C6B
0000242B
FFFFA671
FFFF4260
0000C1A7
FFFF6948
00001959
0000300C
FFFE8BDB
FFFF9B0B
00010BBA
00009F6D
0000B95A
00013115
00011A30
00013D58
0000DCDA
FFFEE8B2
0000B21E
FFFEFED1
FFFF32E9
FFFF73A4
0000AFDC
FFFED79D
00007A48
FFFF62FA
0000A9F9
0000679C
00016CC8
FFFFD066
000062CA
0000DF12
FFFF08BC
000130AA
FFFF5CDC
FFFF52B9
FFFFEEBF
FFFFB06D
FFFFD426
00000FB5
00005D65
00000BDD
0001CADD
00006E05
00016752
FFFF91C3
00006AD8
00000DDA
FFFF4D60
00008E6D
00010FA4
0000309A
000083CE
FFFF53E1
FFFF7143
0000A3FB
FFFEBB72
FFFFC39D
FFFE00E7
0000F9F8
FFFFB429
00007598
FFFE75E8
00004033
0000CC49
000118B5
FFFF06D5
000037FF
FFFEFF10
FFFF22E0
00008560
00003450
FFFFB8AF
0000E87E
FFFF47D3
000114B6
0000E60A
FFFFBEF8
FFFF7D2B
00007306
0000CA4A
0000D7E4
00010ABC
FFFFB722
00004852
000135E5
0002B727
FFFFCE50
FFFFDADB
FFFEFE5E
0000ECD8
0000B101
FFFF0CA8
FFFFA441
FFFFCDC1
00006F4F
00004378
FFFEC76F
000032FA
00003C8B
00014ED9
00002224
0000D772
0000C728
000036CD
000139C6
00017567
00022967
FFFFA0B9
0000F4D9
FFFF3798
FFFF7E89
0000345E
FFFEFB5B
FFFEDD28
FFFEFBBC
FFFF0751
FFFF0A0C
FFFFF81B
FFFEF344
00002A18
FFFFB6EB
00010FEA
00006742
00005C69
FFFF46C0
FFFF2502
00004707
00008D95
FFFF9D53
FFFEAE96
FFFF7DF6
00001E91
FFFF32CB
FFFF9F51
0000C093
FFFFC7DC
FFFEDD0B
00007233
FFFFC0AA
FFFF204A
000009FB
00011BAC
FFFED55E
FFFF99A5
FFFF46DB
FFFFBCA5
000022D9
00013146
0000B76C
00001D37
00000251
000162D3
0001A2C6
000008F4
0000B4DB
FFFF0182
FFFEEA54
000036E1
FFFE6854
FFFFBE40
FFFE62CB
FFFF1C79
000021BD
FFFF39EB
FFFF3A27
FFFF02DF
FFFF1EBF
0001B520
FFFFF58E
00010648
000029FF
FFFF3198
00007992
FFFEA20A
FFFF5856
FFFF5BD2
0000337D
FFFE8FBF
FFFFF996
FFFEDE4D
0000CAA4
00000497
000004AB
FFFFE92D
000202F4
0001B343
000056E0
0000E95F
000001DC
FFFF373C
FFFFBF75
FFFF9139
FFFE9C50
0000175E
0000364B
FFFF8A27
FFFEE22E
00001711
FFFE8D76
00002AA4
FFFF9055
FFFFE536
FFFFB409
00021624
FFFF419E
0000B9B3
00019AD4
0000A78B
FFFEA63A
FFFF4C1B
0000E1E7
FFFFCB7B
00002C4E
FFFFF3D0
0000BC56
0000537D
00013D0E
FFFF4ACC
000063CF
FFFFC6D2
0000D53D
FFFFC24A
00001A4F
0000634A
000114D7
00000A57
FFFF3BF3
FFFE27AC
00001DB6
00002655
0000938A
00001DCF
FFFFF44F
FFFFC602
00009A73
FFFE96ED
000133C0
00006023
000119BE
FFFDA9BF
FFFFCF2F
0000D50B
00009B1B
0001B380
0000A171
FFFF70A9
00016654
0000AF01
00011A3C
00000A1D
FFFFE2E7
000069E0
FFFED756
FFFE57B0
00016655
FFFEE9EE
FFFF13E1
00005AF5
FFFF1299
FFFF232B
FFFFFCCB
0000BDD0
0001F3D8
FFFF21E4
FFFF95E0
FFFF0E02
FFFF6C15
0000AC84
FFFF71D3
FFFF6B29
FFFF742C
0000E5A7
0001FA33
FFFF6793
00011FB9
FFFF4817
FFFDDFB3
FFFE13FB
00004C4F
0000B1D8
FFFED301
0001C1AA
FFFD2E4B
FFFC5A89
FFFFDF49
FFFD6877
FFFCDE12
FFFF9B79
000073C9
000190EF
000268E5
FFFF89D2
000129D6
00019B8F
FFFD5E58
0000DD00
0001A2C4
00002D90
000316DD
00018B6A
FFFEA570
00015A27
00016DF1
0000DDBF
0000A7D3
00010ED1
00013ADD
FFFF8D9E
0001C37A
000043AC
00015903
FFFECDF5
00007EE2
FFFEB070
FFFFA0AA
FFFD6DE8
0002AB10
00014AF5
FFFD0FD6
FFFE87AB
FFFE9576
FFFF7E6E
0000991A
FFFEF657
FFFCABF7
0001DEAF
FFFF2273
FFFF1740
FFFE570B
FFFF8E25
FFFEF612
FFFF7F88
00014930
00004507
FFFDCF1B
00007374
0000E2BC
00000215
FFFEFA5A
FFFEA6DB
FFFE8862
FFFD76CC
00002C19
FFFDAC51
0001E127
FFFE4FA8
FFFCBFDE
0000691E
00029435
0002A518
000104A9
FFFFBE05
000217BA
0000DBE8
FFFCA723
FFFF01C3
FFFEE11B
FFFE173C
00019F4C
000228BD
FFFBC62F
0002D20A
FFFEAE77
FFFF2620
000319D6
FFFCEFB3
FFFCBC13
FFFFAB72
FFFF583F
00023E33
000122D6
0001C242
0000B75B
FFFD66F5
FFFE51B4
FFFFE20E
FFFF5E42
000142B7
FFFFE8A5
0001E968
00004ADA
FFFD802F
0002BBF6
0001EDEB
FFFCF6F3
00013557
FFFF0908
0000BB1A
0000A6B5
FFFEB7B8
FFFF9C21
00003E7F
0001D6E8
FFFFC89A
FFFDC530
00005339
FFFD75B1
FFFFAF58
FFFD0FA5
FFFED68F
FFFD3E0A
FFFDF521
FFFF306B
0000B3DD
FFFF24DD
00010213
0000FFE5
0000F751
000159B5
FFFEA26C
FFFEDDFA
000226AD
FFFE34D3
0001FAA4
FFFE39D3
000287CE
FFFDEF40
000063D2
0002BF17
00008F06
FFFD0547
0000710E
0001E259
FFFEC909
FFFFFD4E
FFFCF6FF
FFFD85E6
FFFC832D
FFFC3DAE
00015A5E
00001D88
FFFC3E3F
000311EC
00030716
00006078
0002080B
00022717
0000F700
0000918F
0003D113
00011924
00004CC1
00004EE4
FFFFDB55
000131AF
0001B060
000040F0
0001769A
FFFFFE19
FFFE06CE
FFFE4142
0000D75E
0000FFB2
FFFED596
0001D94F
00002E5C
0000FB12
FFFFC08D
000025B9
0000D0DF
FFFEE362
000292D5
0001BEE0
FFFF611F
0000DCC4
0001FFBB
000010A9
00010262
00019797
0001348D
00023A0D
0000B53D
000144D1
FFFF82F1
0002F4DE
FFFF54A3
FFFFD111
00015600
000174D5
FFFE8200
000204CA
FFFF4259
0001DAAB
FFFF2F39
0000D6BC
FFFF6F1B
00032417
0000C179
000122D5
FFFF7CB8
FFFFA59A
FFFE4FB8
FFFFA271
FFFE5DDB
0000751F
0001311F
0000F612
000181F7
FFFF917A
000035F6
FFFF3246
FFFEC5B4
00018760
00024EB3
0000CF96
FFFDDF12
0001604A
FFFEF199
FFFE41C8
FFFE1C40
000052AE
FFFD1027
0000C1EB
0000238C
00013DF2
FFFF5118
000121F1
FFFFA303
FFFF3AA6
0000D958
000228C0
00010FA6
FFFFC624
FFFF6B6C
FFFFD2EE
FFFF06F3
00006D4B
FFFE8DA8
FFFDB12B
0001ED46
00003626
00027ED6
FFFF3BA2
00020B10
FFFFA398
FFFDAA59
00006A0C
0000227C
FFFF724B
FFFFC961
FFFE99FD
0002815A
0000E5B1
FFFF568D
000164B4
0000866F
FFFDFAF1
FFFFCD75
00004556
FFFE73CB
000185EF
FFFE0B02
0001393B
0001CD7D
0002D9BA
00003A2F
FFFF6AF9
00016574
000009D4
FFFF5AD1
0001145A
FFFDDF0F
FFFDA3E2
FFFF7D74
00007E6D
FFFFDD0D
FFFE7C52
0000814B
FFFC1D12
FFFF03F5
0004329A
FFFDB15A
FFFF09B8
0000F5D6
FFFF30C2
0001D005
000002C9
FFFFF0C2
0000E463
FFFF0C71
0000372A
FFFFE4F2
FFFDE7F9
0000676D
FFFEF451
FFFE32F8
FFFE74C0
0001D5E6
FFFFBCF2
FFFF4BDB
FFFEAFDB
0000B3C0
0001792F
FFFF4C96
00012127
0000FFCD
FFFF63F3
FFFF360F
00020FB3
00002F9B
FFFE71F1
00028D23
FFFFE2DD
FFFC062D
FFFFB49C
FFFE1376
FFFEA196
FFFC0F71
FFFBE96F
FFFBA602
FFFEDE74
FFFDCFA1
FFFFDAFC
FFFF4F7F
FFFF1881
0001C05E
FFFEFD33
0001DD8D
0000A2DB
FFFDA39E
FFFE3641
000255B1
00004ABB
FFFF3A7A
FFFFB484
FFFFDC7C
000228F8
FFFF80DE
FFFF8A26
0000DBB7
FFFC4DA9
FFFEC4F9
FFFD7F01
FFFEF443
FFFF16D8
FFFF6027
0000BCD5
00014D86
FFFC3A0E
0000A8B2
FFFDB51B
FFFF40A2
0001B8CB
FFFDCBAB
00007E6B
FFFEF75F
00018A4F
FFFF064B
FFFEE29C
FFFE98B8
FFFEDF84
FFFDF3F1
00015763
0000E842
000260DF
000350FC
00018EFA
000289E2
00022CFF
0000E6D0
FFFF83AE
00010E4D
00022B64
0001C160
0000C588
FFFFA7C2
00028D58
FFFECA3C
000169F6
0001B0FF
FFFDBD8A
FFFF876E
FFFF9586
FFFF84F5
000208A8
FFFDAC75
0001CF02
FFFE645E
0000EEB6
FFFED274
FFFF4EB7
0001E332
FFFFF1CE
00004E7A
00007785
00028630
FFFEA8C7
FFFF9AE9
00020F0B
0002B47B
00017B50
FFFFAFCA
000276C5
FFFE845B
000012A4
000289D9
FFFECD8E
00004FCF
0000CECB
FFFFA862
FFFE01C4
FFFEC3C5
00011732
FFFE039D
0000CD4E
00029C24
000003DF
FFFE9BD1
0001576F
00005F15
FFFFC795
00015352
000062FF
FFFED67C
FFFF5D1F
0002999C
00035DDB
0001945C
00011EE7
FFFF1584
FFFE02FB
00013FD2
FFFE8529
FFFEC5EB
0000ECC9
00018E1C
FFFFE67C
FFFF6EC6
000043C3
00003197
000228B1
000194CF
FFFF9FBE
FFFF01C2
0001A8E3
FFFD0C1B
00025125
00007D5E
0000718E
FFFF0697
FFFF973A
00001998
0000E47A
FFFE5334
0000B349
FFFD5DB0
0000A31E
00017B4F
00016FF0
00025A90
00002AD6
FFFE8A42
000044A0
0000A9DF
FFFF1677
00015E47
FFFDF238
FFFD4CBF
FFFD38DE
FFFF880A
00002DAD
FFFDEBB1
00004ECA
FFFFBA7A
00002D59
FFFEF2F8
FFFFADA5
FFFE2E10
FFFC27F7
00018985
FFFE62D8
0000583F
FFFF5C2A
FFFD16A3
000032AE
00020AA1
00018CD3
000263A3
0000471B
000131BF
00001B27
FFFED591
0000C13F
FFFEB18D
00039203
FFFFA6A2
0000267C
000267E9
FFFFB169
FFFD1124
0001CB03
0002478B
FFFDBDA4
FFFDEE56
FFFDFCB4
FFFD6033
FFFFFAFA
FFFD2666
FFFE17F4
FFFF3A68
FFFFCDF5
0001195B
00018DDC
00016A80
00000FF4
00013F0A
00013824
00033895
00018524
0001AA5E
0002A3B7
FFFDE6CD
FFFFD205
00015CCA
0001A5E7
0001ECFE
00035F0F
FFFFF3C8
0001EAA2
0000F3BB
00006E43
FFFFEC1D
FFFD8380
FFFFD220
FFFCDEF8
FFFE3679
FFFEFDF2
FFFF4149
FFFF157C
FFFF2320
FFFEDD4C
FFFDEF35
0001F0CF
FFFF27B9
00004292
FFFF366B
0000922A
00018DF1
FFFEC22E
FFFF441D
00003C6D
FFFE26BF
00006D1F
00009D9A
0000C913
FFFE3E4B
00006D43
FFFDB847
0000AB2B
0000232D
00016D9C
FFFF294D
FFFF3BB4
FFFEEDFD
FFFFC6C1
FFFE29B8
FFFF50F8
FFFDF933
FFFDBFD3
FFFE0C1D
00015853
00018F56
000146F2
FFFFBA00
00009A4D
000068FF
FFFFA1BF
000114E5
00013617
FFFE0B94
FFFF5DEE
FFFFE95C
FFFF79BB
000095A5
FFFEAC6E
FFFF2CC9
FFFF6369
FFFF262C
FFFE09A5
0000829C
FFFFC4FB
FFFFD021
0000CE9A
0001A2DB
FFFFB63E
00024009
FFFFF4C0
0001B2B9
00014C3A
FFFFE4C5
FFFEA600
FFFFA701
00009193
00008CC0
FFFFD447
FFFDB5B2
FFFEACF9
FFFFD970
FFFFF32A
FFFE809B
000187DC
FFFE45C6
000202DB
FFFF61EE
FFFCFADC
FFFEEA66
FFFF2191
FFFF43AE
FFFF2FBC
00000AFE
FFFDE093
0001BA36
00005E25
FFFFB1D1
FFFE64DA
FFFFB521
0000BF9F
00008A71
FFFD38EE
00005E7F
FFFEE22B
FFFD2B61
00012FB7
000198F4
FFFEFDBF
FFFE1E3E
FFFDC155
0002F4D0
00002C08
0002243C
FFFF6667
FFFEE420
00008BD1
FFFFAB8C
00018878
FFFF735F
0000A717
FFFF8850
FFFED6FC
FFFE6936
FFFE8A4B
FFFDCE04
FFFE5155
00001693
00002A61
FFFF9D0F
00008A1C
FFFEBDF2
FFFF9C80
0001350A
FFFF57E2
FFFE436F
FFFEEB2F
FFFF76AA
00002ACC
FFFE5082
FFFF1672
FFFFFC92
FFFF5D26
FFFEB518
FFFF94A2
FFFF74B8
00006BEC
0000A7B6
FFFE1190
FFFC419D
FFFE4124
000095A4
FFFE9BBD
00006299
FFFEA538
FFFF4EC3
FFFF6F08
FFFFB339
000051D8
FFFFADDA
FFFEC877
FFFEF1D3
00023CA1
00007210
FFFEFDFF
0001C930
FFFE99D1
FFFE90E4
00019C8E
FFFF8D5D
FFFEA5DE
000161E5
FFFF5C4F
0001C229
FFFE7736
FFFFCF5E
FFFF265F
FFFF8601
FFFEB252
FFFE9F75
FFFF9479
000025DF
0000D51B
FFFE4467
00010FA4
00001AF4
FFFE3DAF
FFFF1A54
00004A2F
FFFEEF4F
FFFE9C68
FFFFCA16
FFFFD6EB
0000BE82
000025AF
0000AD13
00003A26
00019DEB
0000DBC5
00008B25
00012D83
FFFE1D49
FFFD773C
00017012
FFFE2445
FFFE82C9
000072E4
00004375
FFFF9475
00001C30
0000490A
FFFEC998
00002223
FFFF766D
FFFFC64B
00005E68
FFFD956D
FFFEDEBE
0000FA51
FFFFF135
FFFFF72A
FFFE24E3
FFFE2B71
0000389A
00008E68
FFFD3C21
0000205F
FFFF5612
0001D7E5
00016391
000074CC
FFFFA5B3
0001105F
FFFF9699
0002B98D
FFFFF084
FFFE17F8
00019D74
0000E179
00014E82
00005F57
000307CE
0000AE7C
00013957
0001C690
000066D4
0001B540
0001A6E9
FFFEC6A7
00011603
00004287
00017E87
0001DA46
0001FA87
00017D63
0001750C
FFFE11F2
000193E8
00037A0F
000000A8
FFFEEEEF
000078A3
000131B8
0001C9A9
FFFD9147
FFFEFC18
00016C3C
FFFF4048
000064DA
00013882
00006BE3
FFFE0A85
FFFF903C
0001E5B0
0000427E
FFFFDCD8
0001DE87
0001A566
0000074D
0002FF53
0000BE53
00021EA0
FFFE156C
00005E45
0000E92E
FFFF46E6
FFFFFBA9
000089DF
00001692
FFFFA941
00014F18
0000D6AE
0000D99E
00017882
00011D3A
FFFFF166
00004BE8
0001D98B
00015AA4
0000AE46
0002E7BE
0000842A
0001316F
00015305
0003DE3B
00007EE6
000083B4
0001EF09
000193E2
00000CB6
FFFE2D3A
0002296C
000082AF
FFFF3E0F
FFFE7036
00005F19
0001DE50
0000B5B1
FFFF0E45
FFFC5DC5
FFFE8542
FFFEA15A
FFFCFF5C
FFFF5ECD
FFFFF8CC
000021E0
FFFDF8E5
00008449
000337DC
000166F6
FFFD52E0
FFFF7874
0000E58A
FFFE4C1F
0001644A
0000CE16
00010FD9
000005BF
0002CC83
00015FB0
FFFEB5EC
FFFF9177
00009520
00000B90
000158D4
FFFF815D
FFFF9A99
00007CB5
0000B8BF
FFFF2939
00002502
FFFF4153
FFFEE00A
00012A0A
FFFF8959
FFFD9FE5
0001A8D0
0002D838
000090AC
FFFF3FD0
FFFE73E4
00006780
FFFF482E
00008A91
FFFDEB6A
FFFED1B0
FFFFFBD9
FFFF4914
FFFE44AA
FFFE6DE4
FFFF2D07
FFFF0988
FFFFF165
0000731B
000085F4
FFFFCE72
0000A874
FFFF39A9
FFFE126A
FFFF1536
FFFFD576
FFFF2146
0001D11E
0001FE15
0000F78C
FFFF99A4
FFFF4A86
0001B0B3
FFFF4DB0
00013E97
FFFEBE4F
FFFFF30A
FFFE4F17
FFFCA731
FFFFAB0F
FFFF4D06
FFFF80E9
FFFFAA10
0000180D
FFFE68F6
00013CF4
0000F8E4
FFFE52C2
000068BD
0001AA14
FFFE3FEB
FFFD2736
FFFE58FC
FFFF53D8
FFFF3D7B
FFFEACF8
00008423
00000CBF
00002752
FFFFC3A9
00000256
00019F1A
0000452F
FFFF9F9A
FFFF857E
FFFF5AEA
0000B7B8
0000877C
FFFFC988
00014E3B
0001B0E6
FFFEFDA2
0000FBCA
00006725
FFFFD81E
0000F933
0001BB63
FFFEF65F
00007446
00014A96
00007031
FFFFB617
00022AB3
FFFEEB37
FFFF3D3C
FFFF29C9
FFFF4A1D
FFFE76BC
FFFEA01D
00003593
FFFE9E00
0000DA0C
FFFE1536
0000C220
00001C0C
FFFEDBBA
00004038
000128F1
0003326F
FFFDCAA1
FFFFF811
00007765
0002D380
00002C0E
FFFFEFAC
FFFFD139
00011D7D
FFFD2F53
FFFE0110
00025CA3
FFFF9AC2
00004FAF
00008E65
FFFF37FE
00010608
0000E57D
000296E1
000097A5
00016FB8
00004565
FFFEF602
FFFF4A47
00024C53
00001BCE
0001D03C
00003345
FFFF53B4
FFFF6730
FFFFD3CA
FFFFB58C
000185BB
0001461B
FFFF479B
0000CC00
0000D5FA
FFFF17CF
FFFDB042
00018252
FFFFB503
FFFF5404
FFFD8CD0
00005DBD
FFFEDCA8
FFFFDC1A
00021BEA
FFFC8373
FFFE42AD
FFFF9CF6
FFFF412C
00014C84
0000196D
00020350
FFFECE14
0000B399
FFFF5058
FFFF2A37
00009553
FFFF5313
FFFE20D3
FFFF8718
FFFEB82A
FFFF7DC4
0001DD9F
00000B7E
FFFF14D2
0000D43C
FFFF993C
000006F7
0000ED32
0000BF3A
00002E3A
FFFDAA53
FFFF5BCB
FFFF40FD
FFFE81F5
FFFFD32D
FFFD6147
FFFE44D2
FFFF53A9
FFFFB7A1
FFFE51DB
00011E75
0001F545
FFFDBC1A
FFFFA34D
00010B12
FFFF0F7D
FFFFF517
0000AC73
0000DDB6
FFFE867C
FFFE93CF
FFFFB73C
FFFF199C
FFFFBF48
FFFF5CAB
000028CE
FFFED239
FFFFFBFC
0000CE4F
00006185
0001A2CC
000241B6
FFFEC13D
00006701
00010C64
0000573A
0000B080
000071C7
0000CE19
00004EAA
0001F964
0001E24C
00029CF3
00006317
0001D189
000161FC
00019FF9
00004F37
0000CBA7
FFFFB9A3
000105C9
0001D853
0001975D
00003CFD
FFFF3AF7
FFFD6150
FFFCE8CC
00000AE6
FFFCEB04
FFFC139F
FFFFD788
FFFF1A9A
0000DEFF
0000E7A5
FFFF2624
FFFE50D4
FFFE3804
FFFE0AFF
FFFDD46E
0000F946
0000F973
FFFFC0BF
00017E1A
00007CE3
0000D67E
FFFF0EDE
FFFF48FD
00000549
FFFFE893
000257EE
FFFD3110
00006CC5
0000483B
FFFDE086
000057A5
FFFE67C8
FFFCBE80
FFFE389A
FFFD5910
FFFC5843
FFFFF48D
FFFD6E21
FFFEF673
0001015B
FFFE47C0
FFFDB071
FFFEEA44
FFFFF1A5
0000776A
FFFDC671
FFFCF1A0
FFFE93E2
0000C6D2
FFFE5205
0000134A
FFFFE0E2
0001F1DE
FFFEA5F0
FFFF4C71
0000AB43
FFFCFF78
FFFFF413
00008948
FFFEC033
000033A7
FFFFB7B5
000207D2
FFFE43FE
0000BE8B
00018F8F
00020740
FFFE3ADC
0002A435
FFFEEB98
FFFF748F
0001B28A
000152AE
00018C54
FFFDF0E8
FFFF4232
FFFF7F87
FFFF9B51
FFFEE80A
000185E5
0002DCBA
FFFDDE0A
0000642D
00018A56
00003A15
00002C90
00012550
FFFF92FB
FFFF31F5
FFFEBAB7
FFFEB60B
FFFC5B80
00006156
FFFE4B40
FFFCE3EB
FFFF8E76
FFFCC5A8
FFFF68AC
FFFFBFD4
0002AA6C
FFFFB71A
FFFE753E
00000371
00020C20
00019E7F
FFFD5360
FFFD6026
FFFE982B
0000A434
FFFE81E1
FFFE0802
FFFF0DA7
FFFF7155
FFFEB1E2
FFFFD34F
FFFF0D87
0000E273
FFFD5DFE
FFFD0AAE
00000DE3
FFFD871B
00003FD3
00017E7D
FFFFD677
00006FC7
00013132
FFFF4197
00027703
00017E1D
0002155C
00015281
FFFF00FB
0001E22F
FFFF92E2
0000B6D9
00002DCE
00025656
000012A9
FFFE5471
0001B94D
0001BCE4
0000F9D4
FFFED720
000069C4
0000D66C
00009F7D
00011139
0000A9B9
0000C23F
000048DA
0000689C
FFFEC801
00025274
FFFF9A5A
000088CB
0000ACD4
00014EAF
00023268
0002C2EB
FFFDB5E8
00013142
00008BA0
000085D8
FFFF2F31
FFFE3E8C
00020D15
0000DF2E
FFFDCF8A
00008FD9
0001DF72
00018A7B
FFFE7344
0002110C
0001B98D
0003430C
0002D7C1
0002F53A
0000AE64
00013FD7
FFFE795E
FFFEE18F
FFFD87C9
FFFF77A3
FFFD53EE
FFFF5F5F
000252D3
0002051D
0000A558
00023247
00017FCD
FFFFC2F5
00026D62
000047A2
FFFE4EB3
FFFF53CC
FFFEFB7B
FFFF796F
FFFFFB5F
FFFE69F4
0000A54D
FFFF7532
FFFE79F2
00005459
00026539
000065DC
00006968
FFFF0C70
FFFDE202
FFFE2064
FFFE74B8
FFFE7B6B
0000E03D
0000B0D9
000047A7
FFFFAB63
FFFE61C2
FFFF904C
FFFF54D3
000067F6
00027AA1
0000DB52
FFFFE151
FFFF122F
FFFEE421
FFFE72D7
FFFFB077
FFFDF753
FFFF3F10
0000DA81
000196B4
FFFED949
000013F4
0002B179
FFFFAC41
FFFF6A00
00006B93
0000FE17
0000093F
00016BDB
000161AC
000319A3
0002CD14
000157A8
FFFF73DD
0001206D
00009D81
0000BCD4
00018CB7
FFFEE462
00017A84
0000C78C
00020D05
0001C145
000105B1
FFFF4B15
0001EAA0
000049D0
FFFF2759
FFFFCF8E
FFFEC470
FFFDAAC3
FFFEA97C
00001655
FFFFCC0A
FFFECDD2
0002013B
FFFE9C2D
00014AB2
00006CA8
FFFF781F
00022AD7
FFFF51B0
000051F1
00004A0E
00011F5E
FFFF4524
000005B8
00003ADC
0000363D
FFFD4EFE
FFFE935B
FFFF69F3
0001685B
FFFDA462
00024E55
0001842E
0002495E
FFFE414A
00007DA1
00009973
FFFE8ADE
FFFE5CBF
FFFF5793
FFFD0C0B
000107B6
FFFFFD90
FFFF97CC
0001F58E
00025268
0001DC1B
0000C7CB
0000CAE3
FFFFD9D7
FFFFB36D
FFFFA611
0000F554
FFFFC3BB
FFFBFC1D
FFFE4C0B
FFFFF408
FFFC84D3
00009D83
FFFE335C
FFFDCC5E
FFFE7F9E
00018BDE
00025597
00006029
FFFF3A80
FFFE270C
FFFF37D9
000147BE
0000FC7C
000189D3
0002962A
0001F18E
00016858
00006565
00011E9E
0000F7F4
00001D8D
0000D134
0002813A
0000C213
FFFE1235
FFFF19D6
FFFFE540
FFFF56A6
00035042
000061D2
00022127
FFFD92A9
0001A544
FFFCD205
FFFF0504
FFFDF77A
FFFE5E51
00009B76
0000A7A2
00010C45
FFFEA5CA
FFFEF841
FFFF304F
FFFE06EC
0001C6C6
FFFF9CCE
FFFF3103
0000DE32
00010E75
0001EBFF
FFFE444F
00009408
FFFFEE84
FFFFBA25
FFFFD43B
FFFFF95B
00007796
00004D85
FFFD9B86
FFFFF4AC
0000A17C
FFFCA21A
000076B0
FFFEDA6C
FFFD8B2A
FFFE7438
FFFD34E1
00030F27
FFFFFA13
00000BA6
FFFF3452
000176C6
0003AC4A
FFFE7724
00016061
0000E16E
0001220A
FFFFE5E0
00003918
0001C708
00008EEB
FFFF07F4
0000A905
FFFEF3EF
FFFFA6CD
00002A62
000013FD
FFFF8A90
000104EC
FFFFE36E
00004335
000012DF
0000DB78
FFFD7318
FFFC984E
FFFE0A5A
FFFD2E81
FFFCED99
000023AB
FFFF7786
FFFE4981
FFFF2C8C
FFFE8A11
0000304A
0001E1AD
0001DE26
000108E5
FFFF34E4
FFFFDEE0
FFFEEF32
00006B99
FFFE6C69
00008190
FFFFA36C
FFFE5260
FFFFBE31
00012BC6
FFFFA0F4
FFFFBA3A
000080BF
00013896
0000EDEF
00017D2F
00034E95
FFFFBD8C
FFFFB11C
FFFF9796
00037D51
00007552
00014DF2
FFFF3CD6
FFFD444B
FFFEDA1F
FFFE337E
FFFD9B03
FFFF1C68
FFFE673B
0000D9AE
0001A1CD
00022049
00004982
00004415
00018B40
00022472
FFFFDB73
FFFE4D91
FFFFB8D9
00000833
FFFFB0A8
0002C32E
FFFF8B63
0000E9CF
FFFFF4F5
FFFDD45D
FFFE8DF6
FFFFC44E
FFFEC673
FFFEB3F4
0000BF82
FFFF106F
0002F681
0001C591
FFFF78C2
00005E11
00021659
00003C4B
FFFEB735
FFFE682B
00015A06
FFFEFA37
FFFD2447
FFFEFBD6
000034E3
FFFF9D65
FFFE3174
FFFE9E3D
FFFF8DF2
000063BC
FFFF6687
0001C2E0
00003F81
000157C1
FFFE5B26
FFFF6441
FFFFA319
FFFF348C
FFFF1B1C
FFFFDB24
FFFE616A
FFFEB909
FFFF9CCA
FFFFFFCC
00008822
FFFEA403
FFFF56CE
0000E9AD
000120A1
0000E9A1
00025584
FFFEEB65
00028C54
0001ED26
000122AA
FFFDB4E1
FFFC5664
0000A6E3
FFFF1949
FFFE7F2F
0000A19E
0000F2EE
00006B12
0000D21B
FFFE4DD1
FFFE78AC
00000E7F
FFFEBD28
FFFF1F33
000173BA
FFFFD057
FFFEB37D
00009D52
0000C6ED
00013A4C
000028E2
FFFFA659
00008FC5
FFFFB012
0000F2AB
0002CB29
FFFF144E
FFFD539A
FFFF0075
0000087E
FFFE4CD6
FFFE985C
FFFCDDF3
FFFE08BF
FFFF94DF
FFFE1892
FFFF70E8
FFFD8C4E
000088A6
FFFEE4AF
FFFED273
0002825A
FFFF7457
00004957
000212AF
00019499
FFFF9572
0002F5A3
0002BA82
0000D6E1
00001774
0002FAFE
FFFFCA90
FFFCB903
FFFF92E1
FFFF95F5
FFFB5E0C
FFFFC72E
FFFBEC23
FFFDCDB2
FFFF466C
FFFE7716
00011B33
FFFDB6FD
FFFDC388
FFFE8428
FFFF8864
00017227
FFFEE744
00003848
00004E6E
FFFDF066
FFFE681E
FFFF87E1
FFFEABE5
FFFE36ED
FFFE073C
FFFFDD32
FFFF3454
FFFE5C82
FFFFBF2D
FFFF8AC1
FFFFC97C
0000E9E9
0001A81A
FFFEDBCC
00010387
0000E81F
0000FB67
00012497
0003321A
00019D22
000189FC
000088C8
FFFEDA71
0001F205
00018290
FFFF2AD4
FFFF93EB
000047C9
0001FDA9
0000A571
FFFF08AE
0001EA10
0000E635
0001CDC2
0001CC3C
000138AD
00012298
0000CF27
FFFFF56B
FFFF7EAF
00029606
FFFE4392
FFFFC9EC
FFFEFE0D
000046CA
00022AAF
FFFFEE40
00016048
FFFFD2C2
FFFF3EA2
00000EE8
0000690F
00013A26
00013CA1
FFFDB705
0001555A
FFFF5C4C
FFFF9654
0002420B
00008006
FFFE3366
FFFF7303
0001911B
0000124E
FFFEE70F
000045F9
FFFFAE3B
FFFF51E5
FFFF504F
00011144
FFFF170B
FFFE606F
FFFE9BA1
FFFE3E9E
0000D257
FFFF7E5D
FFFBCE33
FFFDA965
FFFD7FA3
FFFEF3E6
FFFE3364
00001EE1
FFFEF168
FFFF913D
FFFF56BD
0001391E
00017770
0000164A
000099D7
0001363C
00003A8F
FFFF9358
FFFF04CA
00025D8A
0000B28A
00004B0D
000041C0
000068DD
FFFEBAA2
00009E1A
00008DAE
00000C91
FFFD6CF8
00006B8C
00001569
FFFE2476
000096D1
FFFE46B6
0000A2FB
0000F983
00001CED
FFFFC1FC
00003CC6
FFFEE414
00001B9F
FFFED964
FFFFAE36
FFFE79A8
00023A4A
0002896D
0000F907
0003DA4A
FFFFDAAE
FFFE5A11
FFFEB0FF
FFFF340C
000114C1
FFFFB120
FFFF6575
000136B1
0001387A
00024514
00013B4B
FFFFB27D
FFFF6DDA
00011919
00012EEF
00000018
FFFE5880
00005B2E
000012BE
FFFE63A8
000124F5
000068FA
FFFE47AD
00003211
000060E8
FFFF9296
00022F41
FFFF4A59
FFFCDF41
00005E4D
FFFF3D20
0000DF0D
00009948
FFFDAA1C
FFFF8897
00007019
0000F403
00006303
00021057
FFFD1F2D
00014FF1
FFFFDB24
000098D0
0002DB21
FFFF6F4C
FFFE32B9
00019BEE
FFFF251B
00004390
FFFE2DC0
FFFE31DD
0000AF79
FFFD6889
0001536C
00025D3A
FFFFE7C7
FFFEF8D4
00000164
FFFDE0B0
FFFE31D5
FFFFB315
FFFFE229
00013878
00002308
FFFDCCC8
0000E9B9
00008219
0000955C
000000CF
0001CFC2
FFFE7D6F
FFFE8B69
FFFE13C9
FFFDF62B
00002986
FFFEF2E1
00015FEC
FFFF88D2
FFFE84B3
00017F97
FFFDB76D
FFFFFF2E
0000F011
FFFE848D
00014F67
FFFD813B
FFFF9AAD
00016044
FFFEBCFA
00009292
FFFF1199
000027C3
FFFFB74F
FFFFAE87
00003A36
FFFED1E3
0001BF3B
00003B72
0002D526
FFFFB7DF
00012A9B
00024F10
0002202B
00012A0C
000071B4
FFFE5862
00025BBB
00002986
00007AA9
00004E46
FFFF088A
0000667A
FFFF90A3
0000381A
00002CC5
0002E429
FFFFC358
0001BE81
000016AB
00007BEF
FFFEF8D7
00010D20
00000A2B
FFFE43B2
FFFFF05B
FFFD8124
FFFE6871
000092FC
FFFEDD19
FFFEFC0D
0001089A
FFFE5BCB
0001009B
000158F6
00012523
00000BEB
FFFEC4DE
00007CB6
0001AF5C
FFFFB79B
00009717
FFFFCB6F
00002F90
000060A2
00010783
0001D3AC
FFFFAE1F
00007657
00014A33
FFFF7627
FFFE7B5C
FFFF87BE
FFFF0E77
FFFEE68A
FFFD5C64
00016FBE
000052C0
FFFFAA8A
FFFEEA25
FFFF3F45
00013F6F
00006458
FFFF8D18
00005935
FFFEC493
FFFF5063
FFFFB723
00004EE9
FFFF0FE3
00020033
FFFF4E4B
00008997
000055DB
FFFEA771
0000FE82
0002D88D
00018A40
FFFFF8BA
0000BB3B
FFFF5903
00028167
FFFEC439
000118F7
FFFFCED8
FFFFF03A
FFFD2B09
FFFCE78F
0000563D
FFFD643C
FFFF5EBA
0000C34F
FFFD671E
FFFFE1F2
FFFF38AB
FFFDFE69
FFFF9857
FFFED315
0000B2A9
FFFFF3E1
00010DCA
FFFEE056
FFFD42A7
00014024
FFFEDBA0
FFFBC6D1
00011504
FFFD8D4C
FFFE92F5
FFFEE776
00001998
00019DFF
0000C250
0001CB59
FFFF766D
FFFDF691
000258AF
FFFF288E
FFFF6AB1
FFFF7AD4
0001EA9A
000059D7
0000AB9B
0001BB95
000050F4
FFFF1A84
FFFF5E99
0001D57F
FFFF923A
FFFE2E6A
00009B4B
00009B29
FFFDF188
0000E24E
FFFD4458
FFFCF115
FFFDBE1D
00006D5D
00015E2B
0000986E
00015DF6
00017B3E
000227A3
FFFFF5D2
0002B101
000159CF
0002024F
FFFF30A4
0000D340
000291BB
FFFEE9B9
00021FEF
00011F6B
FFFFFA4D
00005885
FFFFC1ED
00019BB3
00019789
FFFF0D8D
FFFF347D
FFFF2643
FFFFF329
0001A932
FFFEB024
0000C2E7
00003FD0
FFFE8F38
FFFED927
00005036
FFFE1E18
FFFF8258
00013508
00012A41
FFFFB20E
FFFFDF44
00007027
FFFE595A
FFFDF124
00003CD4
FFFEAD45
FFFE222E
0000634F
FFFF31AD
FFFF246A
0001563E
0001A1BA
FFFF718B
FFFFD3D9
FFFF41FB
0000BF49
000117ED
FFFF24D8
FFFF633E
FFFEDE41
0001AE4D
000257A2
0001BDC9
FFFFA378
0000B999
FFFFFC57
FFFFCA81
FFFE404B
FFFDB388
FFFEF543
FFFD079F
0000652B
FFFE11D3
FFFDBE76
0000DD8C
FFFFD0D3
00013098
00000923
00029BF3
0000DFA1
0000C0DD
FFFFBE76
00015DC3
FFFF08D6
00014610
FFFEB70E
00005B2C
00000689
00003D1B
00014B2B
0000C47D
FFFFAD31
FFFF178B
0000B4EE
FFFF9EA9
FFFFA6E1
FFFFF840
FFFF33DA
00023E6A
FFFF1025
000012A1
00024139
00014151
FFFDC716
FFFEE435
FFFF2A8A
FFFF1899
FFFFF501
FFFFC61C
FFFDF0F9
0001CB5C
0000E33F
FFFF262F
FFFF7CA8
00012687
0000E6C8
FFFF6C75
FFFF1168
000081A6
00009F69
FFFF6F3A
00015855
0001474A
FFFF9548
FFFF69B3
00017C74
0001A2A9
FFFF70A0
00009FCF
0000AD05
FFFDED5C
FFFFECFF
00004A67
FFFF92B3
FFFFD73F
FFFF79A7
FFFE46B2
FFFFEF76
FFFF12EB
FFFE82D6
FFFEF204
00008A03
FFFFB69D
FFFFCCB1
00004B5B
FFFFBF8D
00004B9A
FFFF36E4
00023085
00005319
0001D16D
FFFE52C7
000253D3
FFFF8B8A
00009A24
00001A86
00001124
FFFE953E
000195DD
FFFF0B4B
FFFEB7A2
0002126F
000101B6
0000A475
FFFF0A2E
FFFE74E4
FFFF7F76
FFFE0C21
0000F8A5
000163F2
0000EE44
000162ED
000017A4
0001A8F7
00000A9D
FFFF6C02
000221AD
0001D263
FFFEDCE1
00009322
000038E7
00004585
00019F46
000111B0
FFFD0209
FFFF4903
FFFC3F76
0000C1DF
FFFE0B5A
FFFD26F2
000036D7
FFFEEEA3
00001A27
00006130
FFFFE569
0000220A
FFFF8E0D
00001D83
FFFD974A
FFFFDE9A
FFFEFC1D
000038E5
0000873E
FFFF9E46
000137F9
FFFE7029
000111B0
FFFF6B77
0000A621
FFFFEA1B
0000A598
FFFEE827
FFFE6B29
FFFF0395
FFFF6241
FFFE899A
FFFDA7F7
FFFE6174
FFFCECA4
FFFEAE94
FFFF3E21
FFFF4CD2
00033255
0000A697
000228A9
000180EB
FFFFB8C3
0002011A
00003E30
FFFE0A32
FFFF2BA8
00019113
000064E0
FFFFD6CD
FFFE80A1
0001DA86
FFFF4EE4
FFFFC4EF
00007434
FFFF3E0E
0000B236
FFFED7B0
00003FF5
FFFCAF38
FFFE191D
000049D3
FFFE63BE
FFFCFEA8
FFFD46C7
FFFC9C85
FFFD62B7
FFFF37CD
00002F8F
FFFEF7C7
FFFE8546
FFFFD225
FFFECEBB
000048B3
0000CF73
0001B273
FFFEB58C
0000BF9D
FFFE7D57
FFFF02F6
FFFFA23A
000190D8
FFFF02E0
FFFF6F62
FFFF4CAC
0000FD74
FFFE7DED
00009987
0002CDD5
FFFEF806
0000EFD3
0000E796
FFFFDAA0
00008B0C
FFFF0ABF
00014BBF
FFFE5665
FFFD203E
00005EE0
FFFF57F1
FFFDBD2C
FFFD0A70
FFFD7AEE
FFFEC0A1
FFFEF4E1
FFFE0C40
FFFE4662
FFFE7110
0000C765
000067B1
FFFFCCFB
00011A80
00021D0A
0000D4EB
FFFDF861
00017C68
FFFF0D1E
FFFF9592
00021EDF
FFFFED95
FFFEFAC1
FFFFE9C6
FFFF33A4
00021E0E
FFFEB318
00014F53
FFFFA440
FFFFA738
FFFFDA91
FFFF0E0A
00000916
FFFF99A4
FFFEA1A0
FFFEA964
00039771
000100EB
0000D5D2
00005493
FFFEEA0D
FFFFD596
FFFE2B43
FFFF5660
FFFEA3D9
FFFDCC30
0001A981
FFFE781E
00018F31
00008B65
0001EED3
FFFF59B1
FFFF62FE
0000AF49
FFFF64E8
FFFDE1D2
00008F2A
FFFE2CAE
FFFDBAFF
00011E23
FFFFD613
FFFFD455
FFFE72DB
00005177
FFFF933A
FFFC0637
FFFE4DD4
FFFD5DA8
FFFFBF3E
FFFDF092
FFFFD20E
FFFDB319
FFFF866E
00016327
0000C619
FFFE5C3D
00009485
FFFF196C
FFFD4D6B
000192F0
FFFF9FD9
00016717
0001AB2B
0001240F
FFFF4F4B
00010138
FFFE46F1
FFFF3FE0
FFFFB64D
FFFE3DF3
000155B3
FFFF6B2E
FFFFD955
000038F9
00006A74
0001A532
FFFF98DB
FFFF0D99
0000F910
FFFFC446
00016AE3
00005B06
FFFF3AFE
FFFF39E1
000065EC
FFFDBFFB
00013764
FFFF671A
00004AD4
000118CF
00008C4E
FFFE7802
0001B1EC
00012922
0000B977
FFFFF6F8
FFFDE7BA
FFFF79F4
000151B1
0001A0A6
FFFFB33B
000158CF
FFFFF48C
FFFFE6BE
000003B7
00001627
000120BF
FFFEDBC0
000051AC
00013CD8
FFFF59BA
00004DED
0001D930
00000C41
FFFD946E
FFFF49AE
0001A68D
0000FA8B
000138BC
FFFF4215
00018D9C
FFFF7F93
FFFE4A68
00001461
FFFF750A
FFFDCB93
FFFEF899
FFFE8945
FFFF1F47
FFFF3527
0002288D
FFFE7B2A
FFFE0CF7
000181E2
FFFF53D5
00016578
000167C5
000270B2
FFFF3B83
0000B224
0002CD02
0001D53B
FFFF2DFA
00015C7D
00001D96
00005841
00005C42
0002F978
0000E878
0000DCDD
00004674
00013B50
FFFDE883
0000A859
FFFF1898
00021FA2
0000DD7B
00014845
FFFFB2E4
FFFF1322
000204AD
FFFE9437
0001B63D
0002823A
FFFF4E5C
FFFEEC5F
000121E0
FFFF74F9
FFFEC9BF
FFFECA5B
000081AA
000111EA
FFFF5D56
FFFFCA3F
00009248
0001AB9D
0003D3E2
FFFFAEB9
00016EAB
00011A23
FFFE02C4
0000FE36
00009B55
0000C755
FFFF1C20
00013D32
FFFEBCAE
FFFF64F2
0000A808
FFFE6E13
00015CD0
FFFEB575
FFFD47CD
FFFEBD40
0001C813
FFFFA551
FFFE0F43
FFFF59F2
FFFED73E
FFFF9328
FFFED8E5
0000EF1A
FFFF7587
FFFF5E11
FFFFA113
FFFD9863
00014AEA
00015D1B
000144E7
000078EF
00014029
00026489
00005E5C
FFFFE450
00023A02
000023B8
FFFEE35A
00029997
0002112B
FFFFCF23
00027ACB
FFFFE134
00006365
000034DD
FFFF9425
FFFECB03
00006698
FFFE1C19
0000125E
FFFDC5C9
FFFF1B3D
FFFEC46B
FFFE8F3C
FFFE6B32
0000FFCA
FFFE61A9
FFFEF766
FFFF73C2
FFFF86DE
FFFFC554
FFFF57CE
0000D711
000098E4
FFFECE0F
000090D4
FFFECC9C
FFFE07E0
000079EB
FFFF7F52
00015A8E
00017E69
FFFF937D
000201FA
00006A08
FFFFF7CA
FFFF0A4F
FFFF6896
000140A7
00004996
0002A9E3
FFFF5495
0001240B
00005C7E
00013FD2
FFFF626E
000151AB
00017C88
FFFF05C7
FFFCC31D
FFFF6D11
0000CFCD
0002480E
0002253C
000021A7
FFFFCBBD
0001BF3D
000269EE
FFFEB14D
0000A187
FFFF9A39
FFFF17EB
0000DBE2
00010A2C
FFFFDF98
FFFF4EDA
FFFFE05D
FFFEA839
000091F6
00003931
FFFF003A
0000B258
FFFEF58A
FFFFE434
FFFEC6BE
0000EA0E
FFFEB7BA
FFFFCA98
FFFF9B63
FFFFCEF4
FFFF0FCC
FFFF9ED0
FFFECE82
FFFE40BF
FFFE7D04
FFFF6FA3
00026B13
FFFF4ADC
FFFE7AC5
00008693
00008968
FFFEE250
FFFE65A7
00001D96
00012FC0
00005D5A
FFFFB37E
00008701
FFFFE84A
00011637
0000CF86
0000A38A
00011E06
0000205D
000175C4
000180DE
00015CC7
00016FB0
0002E66D
FFFE9EAE
000153A0
0001E4C6
0000B883
0000E345
00012200
0000F29F
000087CA
0002233D
00002AE9
FFFFF116
FFFF860F
FFFFAE83
FFFFFF34
000054FB
00012081
FFFEE4C7
FFFF4024
0000B098
00000E0D
0001F094
00010F36
00001376
FFFFC73D
FFFD8FDC
00006078
0000112B
FFFE37D2
FFFE0EF1
000092F9
00000635
FFFEC01F
FFFD586F
FFFF72DB
00023D76
0000229B
FFFD9BFC
00034377
000002D5
FFFEF39A
00012A30
FFFEEF87
0000A5D5
FFFFD3D3
00003B60
0001B724
FFFF2AF2
FFFFE27D
0000C709
000011C7
FFFF4BD7
00013920
FFFF90AE
0000E19B
FFFF7433
000275B5
FFFF7CC1
FFFFE5C5
00022C18
FFFEEF8F
00000BC6
00005D9E
000005A4
FFFF607A
0001AA26
00010392
FFFFC1BE
00003A05
FFFD8BF4
FFFE9E90
FFFE848F
FFFECEB7
FFFFD453
00001748
0000121E
FFFE51E7
FFFF3F2F
FFFEAB8C
FFFEA8BC
FFFFD73E
00001B3B
000053B9
0000C488
FFFFD635
000163DE
FFFD86BC
0000068C
000066CD
FFFE6041
FFFE036B
00009711
FFFD98C5
00009CA5
FFFD7162
0000BE57
FFFF65D3
0000D32E
FFFE1A0E
000165CC
0000910C
0000681C
FFFF14EA
00002BE4
000110C9
FFFE7892
FFFF68ED
FFFED4E5
0000015B
FFFFC7E7
FFFE9A49
00006CAB
FFFF4663
FFFE903C
0001F125
0000457D
0001D49C
FFFE03EA
00034FFA
0000C969
FFFF717B
FFFFC150
FFFEC9D1
000068FC
FFFEC2F3
00016CE2
000175D0
FFFE5CDB
00018866
0001177C
00016154
0001A013
FFFF494F
00027794
FFFFF14C
FFFF19BA
0001F0E2
0001ACE8
FFFF0B2B
FFFF4C4C
0000CB40
00041140
00004178
FFFFE718
0000FCFD
FFFFEC1A
000203BA
0000914F
00009C6D
0000EAD6
FFFDD158
000066FA
FFFFED2B
0001A16F
FFFE8DE1
FFFF4D10
FFFEA8A3
FFFF0342
FFFFFFF0
FFFD52CF
FFFCBFE9
FFFE379A
FFFFC893
FFFF79C6
FFFFE217
FFFE88BD
FFFE6144
FFFFC153
FFFFFF17
0000C943
00004102
0002BF6E
0002A91D
00014767
00002261
00005A3A
00004E36
FFFE37C1
FFFFFC6F
FFFCE6FF
FFFED97B
FFFDE575
0000A729
FFFCF890
FFFE0B40
FFFEC717
FFFF9AD0
0000FE49
FFFE0167
0001D49A
FFFFAEFC
FFFCF0E7
FFFE7C57
00018F11
000163DB
0001195A
FFFED499
0002C54A
0001A203
00019A5C
0001AAE2
FFFF1CE2
FFFF7172
FFFEE727
0001D33A
0001101C
FFFF3F42
0001F726
FFFF7724
FFFF34EB
FFFE7EE6
00003AEE
FFFE78EC
FFFEEA6E
00004587
FFFF1ACD
00012465
FFFF48C4
FFFDCC51
FFFF91DB
FFFFFD68
FFFFC4B9
0000B444
FFFDA01B
00018303
FFFEC088
FFFEE2C9
FFFD07EA
FFFE719A
FFFEB516
FFFE7643
FFFE5BD7
0000B2B2
FFFF83ED
FFFD764D
0000BF05
000168E2
FFFF94B8
FFFF4854
0001550A
00019A4C
0001ADE5
FFFE74BE
00012869
FFFF7D34
FFFF5D3F
FFFE9F64
FFFEFCCB
FFFE825F
FFFF6D43
FFFFCE09
FFFED4C6
0000A251
00011878
FFFEE309
000144D5
00004539
00020BC9
FFFCD6FB
FFFFF454
000209B3
0001CD6D
FFFF7763
FFFECB5B
FFFEF1BC
FFFF3124
FFFFF12B
0000BDCB
00011A36
FFFEE03E
00013F28
FFFF03CD
FFFEF249
000019FC
00017128
0001EEB1
FFFF3D6D
0001D999
00005331
FFFF9383
FFFF6F3E
FFFE171D
000293E9
FFFE35B7
FFFE22B1
00011A7F
FFFE81F7
FFFDC84A
FFFEB013
00015565
FFFF5638
FFFE9647
FFFE4544
0000323F
00006A03
FFFE58CA
FFFFB3D4
000058D4
FFFFA86E
00000673
0000CE27
0000F958
FFFEAE58
FFFF728B
FFFF8C18
00000999
00014098
FFFFFCB1
FFFD6321
0001C9A6
FFFDFE0E
FFFD9BBC
FFFE95EB
FFFE458E
FFFEB688
00016538
FFFF36F3
FFFED30D
FFFDF2D2
FFFD4636
00013935
000172AA
00001454
FFFEBA3B
00017B57
FFFE3E1A
FFFD03C9
FFFEF041
FFFEBBD6
00002288
FFFF400C
FFFEA7FA
0001D3A1
00003379
00018475
000179DF
00003DB7
0000DFE8
FFFEC4A9
0001F57B
00000807
00001BB6
FFFEAC36
FFFE7E0D
00020B8F
000006C1
FFFE9F75
0000C443
00014762
00039A78
00010AEF
FFFED054
00007628
00026261
00005049
00019E0E
0001B102
0001A470
FFFD790F
0001F925
FFFE9555
00000853
0000ECFD
FFFE916E
FFFF7289
0001C760
00011E89
0001589A
FFFF24DC
FFFF6227
FFFFA8B7
0001E318
FFFE8D14
FFFFEA30
FFFD8B1B
0001680B
FFFDBBEF
FFFF83E2
FFFF5FB0
000146C5
FFFFD7C4
FFFF9AC1
0001847D
0001ABA2
00015996
0001B43F
0000E1D1
FFFF323A
FFFF83AD
0001C4F2
FFFEAB1F
FFFE36D8
FFFFFF7C
000083D4
00000D2A
0000E362
FFFF90BF
0001FE81
FFFFC84D
0000AE5F
00024A47
00021D23
0002E6F1
0000CDF2
FFFE148E
FFFFB91A
FFFF3FAA
00006BE6
0001F802
00019E18
FFFFBCA3
000173A2
0002E60A
0001459F
FFFFACA0
FFFF9E0A
00020964
00017781
FFFFF635
FFFCD80A
FFFD4DBC
FFFEBA20
0000034F
FFFF9627
FFFD86A5
FFFE1BCB
FFFE934D
FFFFEE0A
0001DE65
0002E7C9
000143E7
00012B29
00003904
FFFF5A68
FFFF8F52
0002CB46
0001EC3A
0002F421
FFFDBC63
000139A3
FFFC541B
00017430
FFFE66FB
0000AC04
000266E9
FFFFCEB7
FFFF4F49
0000417F
FFFF3190
00016CE5
000121F1
0000F101
FFFE27FB
FFFEF780
FFFF95F1
0000A715
00004A50
FFFFF9EA
0002575E
0003B880
00015045
FFFF0157
FFFFEC8E
0001CE5D
000364E2
000150FE
000339E5
FFFF13D2
000295E4
FFFE4899
0000198D
0001EF72
0002856F
0000C172
000012F5
FFFFB97C
00017574
FFFCF1ED
0000B517
000107AE
FFFFC00E
00005911
FFFFA818
0001BD3E
00010C3D
00035546
000036A7
FFFFF48A
000227D7
FFFFB274
FFFEF3F4
000294BE
00002257
0003E42F
0002D96F
00012849
0000DB21
00004CD6
00020B71
0002CB30
FFFDAD32
00000F19
00007564
00012436
FFFE2095
FFFED12D
000275AF
FFFF6CC5
FFFFB62F
000049C8
FFFF6480
00025417
0000FE9F
FFFFA7B9
FFFFA146
FFFE7446
FFFF6A9F
FFFE015F
FFFFBACB
00019045
FFFFE06E
0001B5AF
FFFEA00F
0001A7AB
00004A18
0001A501
00018ABF
00002332
0000B41F
FFFE65EF
FFFEAF86
00012859
FFFF8F3F
0000DB05
FFFDCFF5
FFFD9D99
0000B7EC
0002D023
0001D28B
0001695B
0000E36A
00018DFD
0001FCC5
00002056
FFFE4A20
FFFED946
00002A59
FFFE435C
FFFF30A3
00027C10
0001DF6B
00015901
FFFF2D0F
00005963
FFFF3F71
FFFE716B
FFFD5748
FFFF7C9D
FFFF5B2A
FFFF69B3
0000F8E9
FFFF0A9F
0000EB06
0000FE0F
00004F5F
FFFDAFF0
0001147C
FFFF1C04
0001EABB
0001D844
FFFE4D84
00019483
0000F67A
FFFE0948
FFFFF17C
000115FC
FFFFD2DF
FFFFE52A
FFFEA16C
00012502
00024655
FFFE5D4E
0001FB4E
0000ADB8
0002E583
00011133
FFFE65DE
000112FA
FFFF3C8D
FFFE1194
FFFF29B1
FFFF12CB
0000FE6C
FFFFF3F5
FFFF4DAD
0001A492
FFFE646B
000042CE
FFFD9C51
00000731
000100FE
FFFFE355
FFFE8A9E
FFFF6327
FFFF1AB4
00000FDF
FFFED100
00021302
FFFE9EB8
000168E4
00018E27
FFFF5F4D
000392DA
FFFF240C
00007340
000020DC
0002D824
FFFE11F5
0000ABA3
FFFE0451
FFFE0C24
FFFF8D63
FFFD6421
0000EF58
00016AD4
FFFDED50
FFFFBC68
FFFF838E
0001B544
FFFFBF05
0001456C
FFFFF307
000217CB
00015931
FFFF55BB
00029CAA
00018DE6
0000F951
0002E18A
0001428A
000106DE
0000111F
00005B88
0001D05D
FFFE04D8
FFFF951F
FFFFD073
FFFE97F4
0000953E
FFFF59ED
FFFF7AA4
0000DE3B
FFFEED57
FFFF9211
FFFF335D
0002150A
FFFF8FD0
FFFF147A
0000784B
FFFFA9AF
0001ABE8
FFFF0401
00008CE4
00010880
FFFFF1A4
FFFE6E60
FFFF9227
00029C8A
FFFDCD6C
00002C96
00012440
0000A69B
FFFEB4B2
FFFECA71
FFFF7116
FFFCF084
00028131
FFFE6B42
FFFED9B5
FFFF85D1
00014842
FFFED402
000172C4
FFFED282
FFFF2019
FFFFE558
FFFF8F3B
00019EC5
FFFF96EC
00024CCE
000075B7
00023EA6
000363C6
00006552
00007ED9
0000AF4B
FFFFAA77
0000F26E
0000989D
000087F0
0000CCAE
FFFFF25F
FFFE4ED1
FFFFE6CA
FFFFC9F7
000121D2
FFFEDBC1
00004344
FFFE1734
00006928
FFFE4C33
00022B9F
00001ACC
000024DB
FFFEA719
0000A25E
0000222B
000231E5
00025CF1
00010417
000026FC
0000B1B0
0000964C
000093FA
FFFFEA55
00008B4A
00015CA3
0001A069
00009528
0002A3E3
FFFF66E8
0001CC16
000384A3
000291EA
0000E84A
0001ED80
FFFDF207
FFFFAF94
FFFF9F70
FFFFDA5D
FFFF1B0F
FFFDC964
00008235
000202AA
0002B17C
00015828
0001478C
FFFF9B1A
FFFFD5B7
00011B0F
FFFF656E
00016667
0000FDD4
FFFEA6E6
0001989E
00004828
FFFF5D21
FFFE6BAD
FFFFF361
FFFED18B
FFFF560B
FFFDFFE5
FFFE6AA4
00000456
FFFF8445
FFFF2631
FFFFE32F
FFFE8E0C
00001BD6
FFFE81CD
FFFED770
FFFF257E
FFFE17B7
FFFD9D6A
FFFFAD75
FFFEFA46
FFFF558B
0000EEE7
FFFFE5A9
FFFFF59C
000061BF
00005FA3
FFFF38A8
FFFE6A30
FFFEE87B
0000A28B
0001282F
FFFDAEC2
FFFF6FEC
FFFDFD26
FFFEEFD2
FFFFEF23
0000E2A9
0000A0A1
FFFF45E2
FFFD0D75
000074EB
00026BDE
000263EC
0000EC17
FFFE037C
00029CED
0001B6BE
FFFF3BB9
FFFF6098
FFFE93EF
FFFEB650
00000F3E
FFFEF284
FFFF490C
FFFF3670
FFFDD441
FFFF2934
FFFD750C
000018A7
00019385
FFFE3614
FFFDC1DC
00000273
FFFD7C11
FFFFB7FA
00011E65
FFFF44E4
000049D9
00021266
00025F39
0000D988
00015325
0000C66A
FFFEDD32
00017E06
FFFE9538
00008C3C
FFFEF812
FFFF7BF4
FFFD1706
FFFED8D8
0000B6C8
FFFEA2BE
FFFF1EEE
FFFD4D46
FFFE90FB
FFFF8D55
00012D5D
00015171
FFFE1167
00006047
00009E23
FFFE21E6
000150D7
0000BB84
FFFFE3AC
FFFEFB8F
00000BE3
FFFFF9A9
00000A7B
00010BAA
FFFFCF55
FFFFD7DC
00006C82
FFFF68F5
0001D6B5
0000B66C
FFFD7603
FFFC55FF
00010BBF
FFFEA7D7
000114FC
00000DF9
00009E5F
FFFE4994
FFFF9502
FFFF0A10
FFFDF620
FFFEE2FF
FFFFD0EC
FFFDC6FB
FFFE24A8
00019CCD
00008E57
FFFFE95A
FFFF69FF
0001C3AA
0000979E
00018B25
00020E6D
0001A502
0001A42F
FFFF2EF8
0000A768
0000D597
00007CE1
FFFF27F3
FFFFDE6D
FFFF9BB1
FFFE97C3
FFFF4C92
0000738A
00001C31
FFFF17DB
0000ECB1
FFFF6FC3
0000ED5F
000019B8
FFFE7325
FFFE8449
00004243
FFFEA0A2
FFFDC177
FFFF8520
00003291
FFFFB5E1
FFFF1FE2
FFFF90F4
FFFF4951
00022D67
FFFFD7E8
00003734
FFFFD3DC
FFFE8A31
00013148
FFFFBD9A
FFFEC5F2
000319A1
0001E7DA
FFFFE946
00025CAB
0002E8A2
000147C4
000020FB
000062A5
00024295
0000419F
FFFF1C34
FFFEA072
0001A6DA
00013AF7
00005CD7
000114D6
FFFFE2CC
FFFEE64C
FFFFAB33
FFFF5D9F
00001DB0
FFFD3316
FFFEBDA8
0000E948
FFFF59FD
FFFF6A9C
0000BF00
0000ACAD
FFFDF29B
FFFFBC00
0000BF42
000111E0
FFFDE9C4
FFFF5353
FFFEAE26
FFFF0C5A
00007FB9
FFFFCF2B
00010208
00012BF1
0001B955
00015DF0
FFFE542A
FFFF488E
0000E349
FFFF451C
00018A35
00022AF5
FFFFEF35
FFFCDFFD
FFFFC91C
FFFEF4C3
00000246
0000EB36
FFFEF7E8
00022250
FFFFC0FD
FFFFF922
FFFF82E3
FFFEAABE
0001DEF1
00021CAB
0000B3DC
FFFEF0D5
00020FA3
000064FB
FFFD0D86
FFFF89BE
FFFDB530
FFFF76BB
FFFF1694
0000890F
00007097
FFFF5268
000138E8
FFFF6337
0002F230
FFFF7F92
FFFF339E
FFFECAE4
FFFFCF58
00010D3C
FFFEF1B9
00018150
0001EC03
0000672F
FFFF21A0
00010D13
00018CF7
FFFE416C
00010422
00009ABF
FFFF9825
FFFF4394
FFFCB380
FFFF824D
0000BE28
FFFF4802
FFFE6022
0001055A
FFFE3FB4
FFFFE7C1
FFFE5650
FFFFC1EB
0000A14A
00003EC7
FFFFCD60
0001029D
0001C66F
FFFF8B1E
FFFFE883
0002C614
0001BE6B
00018748
FFFFB548
00012313
0000E6F0
FFFFB38A
000111AB
FFFFCFAC
00005E81
0000ED6A
00004BAD
0001D7AC
0000ED25
FFFF326A
0000A36D
FFFE09D9
FFFF7171
FFFED0E3
FFFDC4E9
FFFD2775
FFFE7295
00002C9D
00008F2A
FFFE8B12
FFFDF563
FFFF2873
FFFF9E57
0001B830
FFFF1F45
FFFF92D9
FFFF5615
FFFDC556
00007186
0001EEF3
00015530
FFFF4532
FFFF261C
FFFFC909
FFFF383D
FFFFDECA
FFFF822F
00012F1E
FFFEF823
FFFFD78E
FFFFC303
00006E77
00000CF1
00008892
00012452
00016712
000051E3
0000D50E
0000BA22
FFFDC798
FFFF4EDB
FFFE2EA4
00006DA6
0000BEF0
FFFF4501
FFFE1960
FFFE25FF
FFFF242D
FFFFD043
FFFEBC7C
FFFC642A
FFFF0E2D
FFFF0073
FFFF9401
0000CF66
0000368C
00004040
00004AA9
00011715
FFFF39EF
000145BD
0000A2F8
0000D377
0000932D
000095EF
000181B7
FFFEEC52
FFFEAD22
0001348D
0002190D
FFFFB569
00010B22
0000EED7
0000B816
FFFF0B6C
000019F3
FFFE62B1
FFFEE110
FFFE59B9
FFFF57A7
0000A7F0
0000BA9B
0000D70A
FFFF9A6D
000362FB
000289EA
0000A6EF
FFFF9EAE
0000CF27
00013CD5
00008F1F
FFFE829D
0001B55A
0000CC73
00008139
000166C7
00007B84
0001C218
000007FC
FFFF7E09
FFFD919F
00004C03
00015620
0000D709
0000A53E
FFFE4CBF
0000EA00
0001DD22
0001CC65
000175F6
FFFF499D
0001E6B9
00021482
00006B9E
00014FF2
FFFFF168
00010CCB
0001D4DA
00017E26
0001A229
FFFFB374
0001F23E
0003258C
00011873
00002F58
00004DFB
0000B328
FFFE4033
FFFF6B43
FFFF0590
FFFDD91C
FFFFA295
FFFFA7EB
00014ECD
FFFE0971
FFFDD5F0
0000CF10
000081DD
FFFEEC73
FFFE6C7E
FFFDD949
0001B88A
0000A307
FFFECFA6
00019D63
FFFFB571
FFFF1E68
FFFE3BE4
FFFE341D
00008075
000033A1
0000B19D
0001B305
00008046
0001BFE1
FFFEFF13
00018493
FFFFC1CA
FFFF18B4
0000BC3E
FFFFE197
0000988F
FFFEB214
FFFE4A89
00003850
0000F5F3
FFFEF612
FFFEFDE5
FFFF45CB
FFFFD96A
FFFFCD64
FFFED787
0000CD30
FFFE54FA
000197D5
0001C8F4
FFFFC531
0000A03A
0000F50F
00008AB8
FFFFAF33
0000680F
FFFFCFFA
00009807
0001357D
FFFDD4FC
FFFFF9AC
00021903
0001532A
FFFF28DB
FFFEB427
FFFE8ACA
000172EA
FFFE4374
FFFF57A2
FFFD661A
FFFE78F2
0000C41A
000073D4
FFFEC31D
0000F65A
FFFE547E
FFFCF3BE
00014238
00007833
FFFFCBB1
FFFED472
00002281
FFFFEE81
FFFF332D
000154DB
FFFEA787
FFFFE111
FFFED21C
FFFF9364
FFFE7CB2
0001AA71
00018DEA
FFFF9ECB
00008A32
00008900
0001BD9D
FFFF1787
FFFEC922
0001B16B
FFFF9F64
0000A5E8
FFFE85AA
FFFF7561
FFFD8674
FFFEE7FC
FFFFFA69
000157FA
FFFE4796
FFFFEFFF
0000530E
000054D9
0000A38C
FFFF9A1E
00003C19
FFFD6C61
FFFDAE35
FFFE45CD
0000329D
0002004F
00019ABD
00028F0B
00013130
FFFF9619
FFFF6FAC
00006406
000057BB
0001C8A6
0001B978
0000346F
FFFEC21D
FFFF0ECA
000047A4
00028520
0000BA3F
000140AA
FFFEA83D
FFFF4A68
0001AECD
0001437A
00011387
00009078
00011725
00000F42
0000B145
