FFF8FC8F
0016C400
00077980
FFF4E3A8
00146A1E
00066CC0
FFF74699
0008A7A5
00077390
FFFFC4CF
00092EA5
FFFCC4BF
00068EAC
000C4FD3
001686D6
00082177
0012D2D7
000B423B
0004631D
FFF682A6
FFFD69C6
00061FE1
FFF58A69
0003CEBF
00079298
0001A842
0007D347
FFFB828F
FFF944D7
00055C2B
00067420
000483A0
FFFEEC34
FFF1BC5C
FFF6CDB7
00012BDB
FFFB7D3D
FFEF9011
000D1B14
FFF349DF
FFFAB06B
FFFF26FF
00061659
000C541F
000CE14D
FFFED895
FFFF0898
FFF13D5D
000A9EE5
FFF6778E
FFFCBA2D
00023267
0003E965
00099729
FFEFDAAB
000A4270
000322C2
FFF4DBF2
FFF74D7B
00003CB9
FFFA1053
0005738F
FFF9A4B5
00033411
FFF382CA
000634C0
0007BACB
000E73D5
0003E49E
FFEDFB43
0003EB6A
FFF2ADC6
FFFA32FF
000076F6
FFEFDBB4
FFF8CABB
FFFFE205
FFEDDF21
FFF19E9B
000FEBF2
FFE86B88
FFFB8864
00071F19
FFFE22F9
FFEE008C
FFFADC11
0010C8C8
00046707
0012A667
000A0263
00078E2E
0004B510
0001E024
FFFFD4BE
FFF62A71
FFF07E5D
FFFB9EB1
FFFC9414
FFFCCB4B
FFF6F2B0
FFF78D6D
FFEEAD7B
FFEF79B5
FFF5ECF5
FFFEF466
00012152
FFEFA028
000659AE
FFF3F398
0004246D
0011BFFE
00054A28
000AFBE4
FFF5651A
00026223
0008B4B5
FFFCD058
00047074
000C634B
FFFBF9E6
00054D39
000E074D
0005D661
FFF9C4AA
000D3C4D
0001EACE
FFFFC42E
FFEF5DC8
FFFCBB05
FFFA66E3
000C48EF
00007B99
00024D4D
00025143
000852FF
FFFAEF7C
0005D5F2
FFFBD387
FFF3A333
0002CC41
FFF30CFB
FFFA224A
FFFB063F
00047BFE
0010ADB4
000BA283
FFFE7F27
0010C79A
000030FD
00125064
FFFE95CF
FFFFE56D
000B6B95
FFFEA5F6
00100B2D
0001987B
000E5721
000444CA
FFFDA13F
00048FD7
0005E8EF
FFF71250
000AA04F
001484B0
000E6529
FFF0179A
0005CE70
FFFF1D81
FFF83F24
FFF66A30
FFEDA632
00077154
00029FA1
FFFA70D9
FFFF9716
FFF685FE
FFFDFA65
000FF44E
000AB879
00046D1B
FFF0F4D0
FFF41279
FFF9CE51
FFF5C093
FFFE2593
FFFCCDE1
FFF84E57
FFF9066B
FFF0A416
FFFF930D
FFF7D2E9
0006A0EA
00009FAF
0003F28F
0001A48E
FFFC7A6D
000F203E
FFF20686
00078CC6
0000C4CE
FFF3E192
0005B772
FFF81000
FFFC39BD
00054493
FFF8D5E3
FFF8390E
000296F0
FFFFC29E
FFFBA9F5
00102816
00119EBC
000DC782
000EA032
00063C11
000A8099
FFF4C053
FFFF0F6D
FFFE2187
FFFFC2D6
FFF5AFF8
FFFC2559
FFFC410F
FFFA1BE5
FFF8F803
0007D441
000AD6F1
FFFFAF15
000FED39
0009CA8A
001184EC
00150834
FFF6C332
00008494
FFF9EE11
FFFF8789
FFF7578D
FFFF614F
FFFB1662
000318EC
FFF74ADB
000033F2
FFFF9A35
000CEE04
FFFC8BC1
0002A79C
FFFF4C46
FFF1F82F
FFED3F33
000E5E8B
FFECE70F
FFED8D2E
FFF5CECA
000A69FE
0002F23B
00056574
0016A5BC
0009E8DB
FFFB2057
0009AE67
FFFA5A5E
0008D493
0007B27C
00011714
FFFE2F77
000B0A64
000FF210
000617F3
0001D9EB
000C50F7
FFEFB040
FFFE1647
0013CCA4
FFF688E4
0003D40D
00083D42
FFF3EFB0
000FE275
00041C58
00029AF4
000E9C97
000C2595
000CDB9E
0004AC27
00020948
00082779
FFFBA5D5
0005CBF2
000CF9A0
000C16F1
000A44A0
00041CF2
000368E4
FFF08305
000ABEA9
FFF72B0F
000B6486
FFF2B7E1
FFF0AE92
FFFE44D0
FFFFF28C
FFF5EE7A
0009CEAD
FFF54FCA
FFFEBC88
FFFCC13A
FFF52CC0
FFFEE923
FFEAF3F1
00024E26
FFFFB2F2
0004949C
FFEC505E
00013E65
0001FD45
0005B40A
FFFE9DEC
FFFCAC76
0007B003
00027D51
000495B9
00039604
FFFD797F
FFFAC713
FFF42164
00068CA3
FFF50AFE
FFF1C4A3
FFFAC96E
FFF92578
FFF75E2B
0009C8A9
FFF251CA
FFFA9BAA
FFF44371
0002B3D6
FFFFA077
00027172
FFF0ACDF
000A0F9E
FFF63294
FFFF9684
FFFBD363
00097B57
000A2921
FFF5C403
00021655
FFFBBFEC
0010976E
FFF5D3A0
FFFD25AC
0007C3AF
FFEFDFEB
00087F6C
000B5E7C
FFF26225
FFFFAFEB
FFF7353D
FFFB72B5
0002BC76
FFEEE95C
00054024
FFF8662B
FFF65335
FFFB632D
0005BD56
000734AD
0002E39D
FFFE2275
FFF53A9D
FFF0F241
FFF0CCA1
FFF36FB3
00037FF4
00038DAC
000C2E7C
0004D3E6
000CD451
000226A8
00049493
000F3796
000B8693
0007DFA8
001313A2
000DD2BD
0009373C
0004F1E5
FFEDA553
FFED227E
FFF2D20F
FFF89C61
FFEF1E09
00078FB7
0003570B
FFF18103
FFEB52AA
0002F202
FFFC0F85
FFFFE96D
FFFED6A3
FFF2C79D
FFFAFE2D
FFFC3BFA
FFFCC2F8
FFFC6F5C
FFFFA850
000C3E35
FFFEDE19
00096166
00098DEA
00014971
FFFE73BB
FFF80594
000AA631
FFFD2BA7
0003BC26
FFFDC024
FFF83979
0004D581
0009200E
FFEFABA7
00023B36
FFFF4C12
FFF0FA7B
0007A536
FFF79C1E
FFFB0F71
000E2AF1
FFF6EA0D
FFF50DE4
000B0052
FFFF66B6
000D975B
00041842
00114D3A
0005AD43
00168EB8
0012187B
FFF6FD64
FFFC827D
FFFBF7C6
FFFC56DA
FFF6DCDB
0001A074
FFFC98AB
0002F752
FFFB31BE
FFFDFC3F
FFFD27CF
00018DE8
FFF7A956
FFFA3B24
FFED2A58
FFF54E78
0003AC38
FFFCC9C7
FFFEAAD9
0001A581
FFF6D29D
FFFF8D21
FFF8C0CF
FFF404D1
FFEBC594
FFFEBA9A
FFF6766D
FFEC8BB6
FFF76B20
FFF72A55
00013504
FFFB5DBD
FFFF06C4
00003B4C
FFF92146
FFFC2EB2
00034AAA
0011C0A8
FFF6FCB5
00004B1D
FFF3A51F
FFF2BACF
FFF2501A
00070EE7
0001F241
FFF20D5D
0000B488
00034FFE
00068511
0004D9F0
FFF95658
FFF30EF1
00127C6B
FFF367B0
FFF2A776
FFF7DBAD
FFF75529
00010FDF
0004B44A
000B3955
0001053F
FFFD4F26
000EC9D3
FFF73760
FFF3CBC2
FFF856C5
0005B669
00019791
FFF67257
001050E0
FFFFB4F9
FFFC3DC3
00014A67
0008F10A
FFFFF1CA
FFECB9E7
0005A45D
00007425
FFF5C2AB
0002926F
FFFB88E6
FFFF91D2
0010E6CC
000F0BE9
00163748
00034E6C
000EF019
001730FA
00143CFB
0006AA3A
0015360A
0007DB5A
00199F5C
0002E4F9
FFF8F523
0004F9EC
001316E4
FFFAAB71
FFF595C1
00008271
000C22F7
000B5334
FFFA955C
00056D94
FFF945C4
00050E9E
FFFCCB34
00032200
FFF73738
000A9EBB
000858C7
FFFEFDCB
000B4177
FFF43E4A
000B44D1
000BF8A3
FFFBD225
FFFA2278
FFFB5052
FFF6EE35
000C1092
0019C03B
000D8F90
00106DD4
000BCE28
FFFC2F0E
00128B07
000E6BD3
0008DBD9
000374F3
FFF4370B
FFFDA3D2
0001AE98
FFF9EC4A
FFF9AB13
0006209F
FFF70C23
00073BF2
FFFFABC6
FFF2041C
FFFE1051
0001EC53
FFF1F3DB
FFFB5D8B
FFFF804D
FFF7F1EB
0005AB6B
0003A224
00031E76
0002D627
FFF6A5EE
FFFEC1F0
FFFD2E8E
FFFD70F7
0000BA0B
00000420
FFF894AF
0006FC6D
FFFF2A5C
FFF2E88A
FFFEA64C
FFFB1DBE
FFFF8B19
FFFF27B2
0002C4EF
000B4E65
FFFE50B5
00080A9F
0004EE47
0007726C
FFFEC150
000246C6
FFF79A82
0003E521
FFFBD378
FFFF8630
FFFAA9CC
FFF7DF3E
FFFA5BF0
FFFE4662
FFF6F383
FFF4C00D
FFFDA32A
FFFFE6B9
FFFD7DF3
FFFE3833
0002BFFE
FFF7A6EC
FFFB1C11
00074621
FFF96030
0003C8E7
000E272E
FFFD5060
0005D271
00036436
0006DEC4
FFFD7878
0004AA98
00062168
00060359
0007D924
000388A8
000986DA
FFFF4273
0000DB48
FFF84419
000233B5
FFF8DBFE
000000C3
FFFBCF45
FFFFD635
FFF95D48
FFF6B650
00021A59
FFF76166
00012E33
FFF22258
FFFF730D
00061A7B
00019CC5
0004BEB4
00003525
FFFE100E
00044A99
000A379C
FFFC70D5
0005C501
00098240
00122267
000DAC6F
FFFB45DD
00021FBC
0006ECE4
FFFA4DCA
0001A152
0007DBB8
FFF6F668
0002C04F
FFFACD68
FFF1EA57
000BCE0D
0002D9DE
FFF82CD7
00046358
FFF9F7AA
000E067A
FFF88A82
000E8100
00070486
FFF7914A
0005C314
0009C8EC
FFF41278
0002AB7D
00043D2E
00061456
FFF8B89B
FFF6C3F8
000613DE
FFFB7DA9
FFFB4FC3
FFFB6FBC
000318DD
FFFA6CB8
00036C72
00022529
00031EAE
FFFC8392
FFFB93AE
000218E7
0004F2F1
FFFAB9CC
FFFC46CE
0003056D
0003D450
00042575
000709E6
0000618B
FFFFC16C
FFFDC0DB
00017EA2
FFFB2BEF
000A137B
FFFA1062
0004FC24
000E44E4
0006D9D0
FFFDA5BE
000AD8D8
FFFFC360
000A8E46
FFFD07A2
000514B5
00059CD2
0000DEFE
FFFFA2F1
0005C1B5
FFF5E256
FFFC43C4
00046D7E
000AD2EC
000BF051
FFFF9D01
FFF1AD00
000AB665
FFF1A825
0001BFAC
0003219D
FFFE1E5E
00012A0C
0003CE97
00013F0D
00065904
000D1113
0008A781
0004E62D
0001C564
00001A7D
0005FDEF
FFFCAE68
FFFCEACC
000BEDA9
0007C0D7
FFFF859B
FFFA3AB8
FFFDB78D
00043948
000A421D
0005BF4F
0001A6D8
00046D13
0003D91F
FFFD71BB
FFF9E8B5
FFFF6430
FFFF24DC
FFF9DCB7
0008819E
FFF8F8AC
0004630F
00048370
FFF4DD55
FFFE2454
0003F7FD
FFF23547
FFF72882
00014199
00029782
FFF1B6BE
00001352
FFF56976
FFF46AC3
FFF87A02
00024835
FFF96784
0002EB23
FFFE505E
FFF9F81A
0004947C
FFF718C8
FFFFA8BF
FFF71FEB
FFF8F47C
00080D60
FFF76417
0003FEFA
FFFE0C74
0000D9C2
FFFB72A0
FFFF0426
0002633A
00050FB3
0002CA7C
00041F94
00079EBA
00051D31
FFFD89D4
FFF900D9
0004A39A
00066CDB
0001E255
FFFBDE65
FFFE8964
FFF197A3
0007F2F6
00032A32
FFFE0037
0006BE94
FFFFE8DF
000D11C3
FFFF4DE4
0002E771
FFFFF0C6
000231E2
FFFDD3B0
FFFD324C
0000FFB9
FFF8EAD7
0006C66D
000733F6
000CD30F
0008005E
0005EE6C
000A6477
0001CBFA
000C176E
0009B102
000B68DD
0006263E
00067F7D
000FB3F0
FFF72DEE
FFFD706E
00042B6D
0003CD09
FFFF6028
000C028B
0004BB0E
0001B59A
FFF7431D
00075F45
0005D618
000BA1CF
FFFAE3E6
FFFF59FD
00040145
0006AA8A
00094934
FFFB8BF0
0002D0D6
0001BEDA
FFFF7572
FFF44A26
FFFB37CB
0007E3A2
FFFBAB23
0002A26B
0006029B
0004D421
00040075
0008A008
00057992
FFFC87C7
0005D1A4
0002A276
00015F7C
FFFECC07
FFFDCA68
0009242A
000AF64F
0005F253
0003FBF4
FFF9EBBD
000DC1DB
FFFB9025
FFFC8115
FFFF73AF
0007D092
0008DFB1
0007055B
0000E5A0
FFFEB14D
0003D93A
000D6424
0003E53A
FFF9D9C4
00089014
FFFF0C74
FFFEECE1
00022384
0000C83A
000053AC
0006F237
0007E857
00019834
FFFB6E32
FFF54D18
FFFEA197
FFF861AD
000B334F
FFFE3838
000CED2C
0001099E
FFF6D2BA
FFFE7F5B
00071135
FFFC478C
000905AA
000178AC
000189D5
FFFFFE8D
000528F5
FFFC84E3
FFFD9700
000353B1
FFF7DB20
FFFD7B3B
0001D894
FFF79809
FFFF5978
0002F0D9
FFF03314
000356E8
FFF45542
FFF2BDF4
FFFCBF9D
FFFA8738
FFFB3ABD
00066D02
0002839D
00030FA8
0000845B
FFFB87EA
0001096F
0003451B
0008BCF0
0000D21D
0001445B
000197C2
FFFD6070
00072335
00076D19
FFFEFE74
FFFDE6F5
FFFB37D6
FFFE5BCE
FFFA2E73
0004E4AF
FFF48976
FFFFD2DD
FFF9AE22
FFFC37E8
FFF5C340
FFFC43D1
000D0132
0008BB18
FFFC69C4
000CBF53
000A03F9
FFFB3E21
FFFD9099
00014AD0
FFFE1671
00018CF6
000F2F2D
0003A040
FFFEEC37
00080899
FFF9A5C2
FFFDDC35
000CA193
000236C9
000A3740
000E97AA
0005ECAA
FFFDED13
FFFCB71B
00099A5D
FFFBC1DC
FFFABC21
0004C8AC
0009A305
000ABBEB
FFFE8C7D
0002D201
FFFBC853
FFFC4E3E
00082061
FFFED79B
FFFF82D5
FFFE102A
00016EEF
FFFD0188
FFF93011
FFFD365E
0006C09B
00080687
FFFD36A9
FFFD8F8A
FFFF1F60
000202DC
FFFE4A7F
00025A27
0000DF55
00072976
000C9E1C
0008B24C
FFFB2B8A
0004B194
0006CE42
00041076
FFF6AC57
FFFB64F4
FFF53CF7
000140D7
FFFBF7E4
00091C5C
0005647D
0008153C
FFFC8312
FFFFA0C9
FFFABE93
FFFBEDF3
FFF7C19C
FFFDF71F
0008A512
0000FFB8
FFFF4120
000A5DE9
FFFD70C8
FFFFA9E6
FFFFFF8F
00044CAB
FFFF9829
00060EA4
FFFF7C90
000933B3
FFF89401
000820C0
0008A91F
FFFB2FE0
00006302
FFFF1615
00076C18
FFFB8488
0005C227
FFF7E077
000AA61F
000C32E6
FFFC8F2E
FFFEE9A1
00069F3B
FFFC98BA
FFFEC983
FFFEEF0A
FFF899F5
00061E75
00029562
00008A98
00019433
0005E78E
FFF88ED5
000AA972
FFFB8DD7
0000920C
FFFE428F
FFFFF06C
FFFDC68C
000A047C
FFF78C4A
00067E43
FFF38BE1
FFFFD46B
FFFD34B7
FFFB9924
0001AA97
FFF6CB51
FFF63525
000191BB
FFFF39A1
FFFA598D
FFFCA77C
FFF89D0F
000F2829
0000D736
000128E8
0003F878
0003D516
FFF98D8F
FFF7DBFF
000518D7
FFF7F31E
FFF57A86
00083987
0000162E
0005E6AD
0000045C
000022BE
FFFE2919
0002EA9B
FFFE8602
FFF9F53F
FFFBC2BF
FFF81410
FFFBFB1B
FFFC93E0
FFF81EFA
00011473
00013BA8
0006D70B
00055985
FFFEDBF7
FFF61E7D
FFFDC30C
00025899
FFFE99A5
00096F9A
0004F409
FFFDD2F6
FFFF85CA
0003EED2
FFF8889A
0001030C
000A254B
000477AB
00005FCB
00040EAB
FFFCB760
FFFE37A8
00071D91
00087C72
0004AFAC
0009699C
FFFED913
FFF82D99
00009340
FFFDF367
FFFF98AB
000167A0
000A9723
00032746
FFFBAEB0
00024558
0009CCA3
0006D3E5
FFF94BFD
FFFC5B0F
0004A17A
00057896
000A01F2
0004CEE0
FFF956A7
0002DCC3
FFF84811
0009D33D
00036E09
00048373
FFF4F2A4
FFFDC424
0009F395
000E8D12
00062FD8
000130EB
000600EB
0009481E
0006F119
00017E82
FFF62BF3
000C9D51
FFFEE51A
FFF316EE
000585BC
0007BDEA
0001B40F
000AB184
FFF7749C
00074EBB
FFFF1727
FFF19B59
FFF76FBA
FFF46611
FFF8A13F
00071BB4
FFF5DBC7
FFED3ADF
FFF362FF
0003B54C
0001D9A4
000DC78B
0005E6C4
0008F013
000E08A1
FFFE2EE0
FFF81133
0001A7E5
000071CE
000180BF
000C2687
00080B85
FFFEF6FF
000C3463
00021939
000ABC4B
FFF31909
00084343
FFF50128
FFFAECF7
FFFD7E72
FFFFA807
000B4683
FFF4E28B
FFFA07ED
FFFA0FF3
FFF3B943
0001164F
00070135
000750C0
FFFF8275
000947B5
FFFF3DDF
00076B4D
FFFFCA97
00043AB1
FFFCEEF0
00075BC4
FFFB9F45
000AECED
FFF9E3B1
00004967
000B761F
000A2636
00095859
FFFD0AC3
FFFB8573
FFF90726
FFFAB89C
FFFDFA9B
FFFAA31A
00028E70
FFF8ABDA
FFF719DA
00006140
FFFED11C
000E6EB8
000E0038
FFF72FAE
00050A19
000E0350
FFF580DE
0001502E
FFED4702
FFFE679E
0000B7C8
FFF1C1A0
FFF8DB0F
FFF925A7
FFFA867C
FFFECCA6
000290F0
00033969
FFFFEF9B
000277AA
0004843D
000013F2
FFFE6D75
00095392
00072328
FFF5D157
FFF50419
FFFD469C
FFF6A450
FFF70955
FFF404B5
FFED81DD
FFFBE8A7
FFFB6847
0002DE7F
FFF00BBE
00000A2E
0005D568
000443B1
FFF8185E
FFF98C67
00077C31
000CE7D7
000989D3
00026FB3
FFF8AD92
FFFF5F13
00098365
00021B04
00067AFF
000688DB
FFF7833B
000C5148
0007DCD5
FFF3AD0E
00112C44
FFFE3F86
FFF3B0F7
00051612
0006E413
00004CD5
0004A0E2
FFFEE868
00060AD6
00046C94
FFF358DA
FFF25147
00053577
000146B4
FFF7D2F3
00061B26
FFF87CF5
FFF770A0
FFF27BE3
00030554
FFF35167
00006EB9
FFF0CD68
FFF014E3
FFF0F3DB
FFF45B44
000243BF
FFFFCEF5
00020DE2
FFF3CF3A
FFF71BC6
0000ABDB
0004D4AA
FFF224EA
FFF83760
FFF911BD
FFF92C27
00036FA3
000C50A3
000FE451
0001EAD5
FFFB13C9
0008F1B8
0007D9FC
FFF793F4
0009F658
FFF61C1F
FFF6F476
FFFF9EEF
FFFF0A0C
FFFA610D
FFFB4424
FFF94974
FFFCE34B
0005AB19
FFFA0093
FFF5881A
0002BF0C
FFFAA6FD
000A53CD
00037DAC
00092F25
FFFBC4BE
FFFF87E9
0002FB2F
00038D3D
000D0B48
FFF2A4C6
FFFC59D0
FFFAB2C1
000369DA
FFFCB08F
FFFF14BE
FFFB0A78
FFFF359A
00137B9D
0005B5F1
FFED4923
000C489B
FFFCF26B
FFFB54C2
000AE51D
FFFA2FB3
00036A2A
0005EDDC
000255AF
0004A86B
00046624
000BE1C9
0000873B
000A155F
000C5D4B
00107C4A
FFF7E277
00022E5B
FFF9F4AE
000CCA42
00050CA2
000DB681
FFF8EF83
00074F09
FFFD9E73
0008D588
0006C5BB
000A3827
FFFDCA56
00020E65
FFF73A19
0002B8CD
000C0CD8
FFF34E45
0006C9A5
00046DD2
FFF5F009
00010D05
000D8C1C
FFFECF83
000B610B
000DF854
0004E38D
00031E56
000A42A1
FFFD87EE
00157F0E
0009F3FA
FFFA00A1
000A15D2
FFF74035
FFFFC419
FFF1B230
FFF6B36A
FFFCD5A0
0000CB89
000E8FC8
0005E7B5
00004E9D
00010BF8
0000EE47
0007DBA9
00084DC4
FFFD2913
FFFD1800
000ADE77
0007B0F3
FFFC30B3
000C43D0
000F6FF1
FFFE889D
000740D0
0000F725
FFFFC163
FFFC062F
0002E446
000AEC56
0009F096
FFFC1B99
0011F92F
000E24BD
FFFC2D89
000520BB
00061376
0005BFB6
000749C1
FFFD7952
FFFBB68D
FFFF90F0
FFF961A9
FFFCF182
FFEC831E
FFFD73F4
0004DD19
FFF121A6
000F0B3E
000404A9
000F3FAB
000AB3BD
000DA59B
000B7035
FFFF63F9
FFF9DD8C
000456B2
FFF8E763
FFF85536
FFFCAEF4
FFF8E406
FFF322D5
00052495
FFFDC7CB
0003E819
00069C73
0000297E
FFFE043A
00089CFF
00014A46
0006C311
000B651D
FFF6EACA
FFF1224D
FFF809F3
FFFDB2A2
FFF2147F
000C4401
00013C06
0004DC5F
00051F81
0003964F
FFFA14EE
00051C95
FFEE6125
FFE8C649
FFFBACAD
FFFD0D0E
FFF3D963
FFF68C8B
FFF893C0
FFFD9621
FFFAA8AD
FFF861B6
0007FA5F
000C0DEE
00072CDE
000D0955
00033AEB
FFFCC52D
000D2F15
FFF6969B
00058079
FFFD8112
000D6E04
FFFD1212
000683F8
FFFD432E
FFFD7FAE
000881A2
000A23E1
FFF9F1C2
0005D7B3
0002D0DA
000259C0
FFF89A99
0014A276
00006068
000DB597
FFF970A1
FFFE6330
0008D935
000D09FD
00043906
00022587
FFF74B1B
000799E8
00089706
00087CCA
FFFCBEB3
0003807C
0008DC42
FFFB06A8
000B841D
FFFB13CD
FFFE01FD
FFFB42DD
FFFC67A5
FFF28F82
000273AB
000009A5
FFF649B4
FFF86EA4
FFF36027
000400D6
FFFEB41D
00021D86
FFF9A55A
00042D52
00119472
000F0082
0005B4C2
FFF89648
FFEFD6CD
0005A9C8
FFFA5D7B
FFE9E4CE
FFF9B0F6
0001E2D2
FFFD5B49
0000E17E
00051136
FFFFA3F9
0004A860
FFFC802C
FFFB7580
FFF53306
000D9600
00019E1A
00079C34
000353B8
FFF7B2D5
FFFBBEDF
FFFF8E28
000739F2
00024871
00049C61
FFFC1761
000985DF
0007AA5B
FFFE666A
00007203
00099A11
FFFD9772
00095F88
000473DE
00097468
FFFC11F7
FFFF2420
FFF685F1
FFF68AE6
00025DD2
FFF7E81E
00051532
00056AA1
FFFB428B
FFFC2996
FFF9DB98
FFF23AF7
FFF5907E
0009543B
FFF60C53
00181A03
FFFCD2A8
00070835
FFFF80F1
FFFBE251
0002148E
00075618
00068DE8
FFFB27A3
FFF1BA7B
0000501A
FFF75041
000A1D1C
FFFF8F3D
FFF67F08
00000D50
0003A239
FFFE55D2
FFFF273C
FFF6ABE0
FFF4BD65
FFEE23C4
000264B0
00064022
00089483
0008C228
000C7608
0003F3AB
0007354E
0008E923
00042B37
FFFC38D2
0004C705
00048678
000CD88F
FFFCD014
000D8308
FFF9F123
FFFA6C22
FFF62C1B
000C80F9
FFF3FADB
FFF1B994
000449F7
00021711
000B45E1
00014753
FFEE1D55
FFF30467
0003BE92
0002AA27
000E6150
FFF8546A
FFFB29FF
FFF7B0CE
FFF75230
0013DF3F
0001C179
000382C8
FFFF34B9
FFF8CD30
00094F3D
0002E7D8
FFEDD22E
FFFE5C55
FFF91F5F
FFFCB080
000CF4D9
000A7880
0013BC47
000E39EB
000E2F66
000B11B7
000C8775
FFFC84DC
00020F2C
0005FDFF
FFFA8B8E
FFFE4331
FFFD860F
000130A5
00041CA5
000570D6
00037885
FFFFE99C
000CEA77
FFFC7061
FFFB87F1
000650ED
FFFC4EF8
0000514F
FFFD2206
0003F2BB
00055091
000082B4
FFFA6D55
00021D80
00002EC5
FFFECB16
FFFDE4AF
FFFFB70B
FFF843B4
FFFB5E9D
FFF95E27
FFFCAF73
00038D70
FFFCF7F4
00046F66
FFFFBFE5
FFFE3FF7
FFFD2D4A
0002BCBF
00014BF0
FFFB6F69
0002B61B
FFFEFE5D
0003DAD9
FFFD3A74
FFFCA0C4
00024B7A
000227F6
000131C1
000159B5
00022906
FFFC3F37
00069B61
0001E2FB
00062DB9
000754F3
0001B80C
000D51BF
FFF7045C
FFFBDCC1
FFFCD55C
FFFBC5B5
FFFB8D1D
FFF8A3A9
FFF92842
FFF959DE
FFFD8212
0001D0D9
FFFCCE69
0001B941
FFFD4180
00023DA8
FFFADE33
FFFFBE3D
00042BE3
FFFB1C46
FFFEC6F5
FFFB3C0E
FFFE075E
FFFACCFB
0002D939
FFFC727F
000120BD
FFF99EC5
0002B780
FFFD11AB
FFFE9EB1
00025B73
0004E559
0002E9DA
00023727
0006EF7B
00035ED4
000469C2
FFFB84D3
FFFD99D9
FFF8F7C6
FFFF7C7F
FFF8EE23
00003883
0003349E
00024F55
0003AD2E
FFFF7C80
FFFF1BC4
FFFBFF1A
0003498E
FFFDBB8E
FFFEAEB7
0003F5BF
00050F83
FFF44EB2
FFFFB614
0001872A
FFFA9D40
000053CE
FFFAFB36
FFF81C71
00044555
000301E7
0000353D
00005382
FFFE782B
00005E90
000277D0
00043EF2
0008377C
FFFD1997
00036731
FFFC595F
0001BFDB
0000905D
FFFD2EFF
FFFB6866
00017759
0001453C
FFF83C66
FFFE9991
FFFFE0DA
0000261F
00057A90
FFFF121C
00046408
FFFFBF0E
FFFE9904
00055D01
FFFD8807
0005C931
FFFC29AA
00011419
FFFC382D
00064A6B
0002F2C6
FFFD7F9F
FFFB8044
0001C227
000156EC
FFFC2A18
FFF767BA
FFF618F1
FFFA6466
000317AA
FFFCC286
FFF9424F
0000D6AF
FFF5B69B
FFFA3551
FFFB6547
FFFDD2D5
FFFFA6D9
0002C877
00021995
FFFB6AEB
FFFD145B
0005163A
00033A67
FFF89481
FFFB2662
FFF85E29
000587EA
0000E87F
000154C8
FFF8F54F
00018E94
00017396
0002309D
FFFF73AE
FFF99915
FFFEF74D
FFF928FE
FFFB98D8
FFF8BA72
FFFBF630
FFFC4EC9
FFFBF696
FFF24176
FFF9B230
FFFE160D
FFF76774
FFF96636
FFFACD97
FFF5F359
0000B432
0000364D
FFFBD1B5
FFF778B3
FFFC83AF
FFFAC67E
FFFD4611
00013847
00005613
00071BD3
FFFAD5C2
00007FB3
0007EFE9
FFF849DD
00069DCB
00048F34
FFFD0B5A
00000C95
FFFF4AB6
0000041B
0002E9C9
FFFD27EB
FFFA832D
FFFE7B09
0005E421
000213E5
FFFE02BE
00089114
000764ED
00036354
000187A5
FFF828B6
FFFDB555
FFFD9AE3
0000E382
0006DB0D
0002EFCB
0007AD9F
00084D2B
FFFB2695
00027EFD
00002E38
FFFE0373
FFFD789B
0001B335
FFFC69CB
00056732
FFFB33F2
0004B012
0000DDD6
000041F2
FFFCF880
FFFA52EE
FFFE8245
0008D554
FFFF9292
00007BA0
0003A4F1
000620FB
FFFD3B18
0003FCA9
0002E0F3
000095C0
FFFBE3AF
00004F8B
0001AC46
00066B57
FFF6A6E5
00016AA2
0003FCC1
0002C0B3
FFFA8CFB
0004D2FA
00026F61
00008D32
FFFE609A
FFFD952F
FFF98624
0002D364
FFF9791F
FFFB5BCB
00037222
0008C46F
FFFC8D2D
FFFA2649
000512B2
FFFD0EC6
FFF92B1D
FFFC2C5F
FFF71414
FFFD8674
00059C5B
FFFE19C6
00076722
FFF88B6E
0000490B
FFFD3585
00039FAE
FFFA8A8E
00031921
0004ADD1
FFFC6136
000336B2
FFFCBD6D
FFFBAD4E
FFFB3019
FFFB5D02
FFFA2C81
FFFEAF15
FFFA3EC9
FFFBFAF0
FFFE5EDE
FFFF707E
00016CEB
FFFC39E7
FFF5167C
FFFBDB78
FFFC2C5D
FFFF41D4
000364EA
0002BCA2
0000BC2B
FFFC7662
FFF96D1C
FFF8A148
FFFBF11B
FFFF176D
FFFD7A4B
FFFEAE07
FFFC004E
00007EB0
FFF767B7
FFFEAEB1
00047E7A
00010937
00064E5E
FFFA4803
0001AF92
FFFE75AD
0004517F
00012C68
0006989E
0001C49D
0000CF25
00012A95
00064DE8
000581AD
00044B4E
000787C8
FFFE53E1
0000BF6E
FFFAB5F1
FFFACFD5
FFFE7B61
FFFCA38B
0000560C
FFFECFCE
FFFA2879
FFF92F4C
0000F10E
FFFFB86D
FFFE02CB
FFF7C674
00019C9E
00023BA7
FFFDE7ED
FFFEAEB2
FFFA4309
0002C18F
FFFD444C
FFF8CE03
00038F9C
FFFA184B
FFF9906C
000121DA
000B9193
00026E44
000426F6
00010D36
FFFEF933
FFF7BF76
0001B914
FFFCC324
FFFFF4DE
FFF5066C
FFFDFF27
0001507F
00029573
FFFDB66E
FFFD01E5
0005A00A
0000D37A
0002E181
0009162B
0004285E
000255DA
0000D729
0001F733
FFFF3426
FFFEA73F
0000A0F3
0005FA72
0003B8F7
00057BCB
0006FCA0
0006778A
0008B009
00006BE0
0002092E
FFFD06DF
000370D7
00024164
FFF45360
FFFCF0A7
00014533
FFF59A53
FFF98DCF
0006F61C
0002A2E5
0003F22C
FFFCE638
FFFCDB2F
FFFBA30A
0002591A
FFFF7107
0006D96C
FFFAFDCA
FFFC25AF
0003E844
00018768
00046736
0000BFBA
FFF89878
FFFB1219
FFFD3218
0001A2B4
000127E2
FFFE3A7D
FFF7578C
FFFD29E1
FFFED3D1
FFF36423
00014EA0
FFFCDD47
FFFC526D
FFFEE09E
FFF84398
0003F348
FFFEAB0E
FFFA67BA
FFFFA981
0007DF57
FFFACF8F
FFFD54F3
FFFE6BC5
00001D0A
00049891
FFF69E97
00012762
FFFBBA7D
FFFEABB7
0007764E
000133BE
0002A8ED
00005AE3
0007DBF6
0003B017
0004993E
FFFC471F
FFFB6049
FFF9942B
00023110
FFF83A7E
00047201
00014D08
0000A0FA
FFF83791
FFFDCAFF
0002D625
0004ABC6
00072A5A
000133DA
FFFF94AD
0002F173
00043C8F
0004DBFA
FFFDFD47
0002ABB8
FFF99498
00061C76
FFFDE087
FFFDB0AD
FFF8D374
00024A87
FFFC9E6D
FFF6A730
FFFC5DF1
FFF68AF7
0000966F
00000D3B
FFF97883
FFFA05C0
FFFA8550
0003354F
0007794A
00036DD0
0006D5D2
000196BE
00038408
FFFE7B18
FFFDAA61
FFFD57E7
0006F0F4
FFFC4A74
FFFC7D42
FFF86B93
FFFC31C4
FFFD4ACE
000186A1
FFF58FD6
FFF4B91E
FFFF285C
FFF7D2F6
FFF9802F
00010EFB
00002BD4
0001D31E
00027F47
000817AF
00070AE9
FFFCBC55
FFFF9218
00031B8F
FFFE46C3
00044451
0005DD6F
FFFF82F4
FFF46AD6
00022E26
FFFFCA0F
FFFBFD25
FFF9390C
00017C5D
FFFFD9C1
FFF94125
00037CE6
FFFBCE05
00046F77
FFFE7C42
FFFA7C20
FFFAD9A7
00002942
FFF612F8
FFF6E8BE
00074BFA
00083657
00057113
0001E78E
0002A1D5
00015CA5
00025E8D
0004018F
FFF5EB52
00008CED
FFFBC047
FFFCE724
00000DEE
0005ACA1
00002CFA
0001CB3B
FFFD1E29
FFFD95BD
FFFB7EFC
000531A8
0001F3ED
0001DD07
00024BAE
0004BD6B
FFFDE33D
00078653
000621E6
000033D4
0001038E
0005739A
000223E5
0002E36D
00018C6D
0002C729
FFFA3BC5
00010DAB
FFFCED3E
FFFF9A8B
0000DF85
FFFDA53A
FFFE0F8A
0000B204
00030019
FFFFF1EA
00012E3A
00069918
FFFE5FD2
FFFCDDED
0005DC96
0001D3AC
0003C6FE
FFFC784B
FFFCAA0A
FFFEA747
FFFD7213
FFFC5069
FFF639F1
000559FD
FFFCFADE
0001530B
FFFCF046
00023680
FFFFB75A
00044799
00019515
0006755F
00068896
FFF96379
FFFB064D
FFFA34FF
FFFF82B6
FFFC4CD1
FFFFFE07
FFF7ED27
FFF7DC64
FFFAADC6
FFFCF0A0
FFF9F3D5
FFFCCB5D
FFFE93D1
00032EC4
FFFD337D
FFFD60F6
000567ED
FFFDA96E
FFFA267B
00033D4F
FFFD1CC0
FFFF9335
00056699
0000CD7A
FFFE8073
000188ED
FFFD84E7
FFFE1C35
FFFDC759
FFFBCA05
FFFF44FE
FFFFA49A
00071EF3
FFFA77FA
0000DAEC
00013C0C
FFFEFF26
0002F24F
FFFD5203
00006E21
FFFF10F5
FFFC69D9
FFFFEC62
0002EF29
FFFCC44B
FFF97B8F
00020A9B
FFFC1215
00022167
0006076E
FFFE2E97
0004CF4C
00030CE2
FFFC6BAD
00037115
00014890
00029741
FFFC674C
FFFA6804
FFFDE942
000390FE
FFFC359E
FFFF76BC
FFFD7341
00000E55
FFFF7E3D
FFFBD774
00037155
00047E89
0006CB46
FFFD808B
0000C02F
FFFD33F0
00033F4F
0004A060
FFF9A595
0001B1DF
FFF82A15
FFF9BE8C
FFFBD9D6
FFFF2659
000332B4
00002C10
FFF83EA6
FFFBF6E4
FFFC4093
FFFAA734
FFFD45FB
FFFCC738
00010401
0002C3B1
00046D9A
FFFEA831
FFF75D01
0003DEE3
FFFD412C
00031E76
FFFE6945
0000055A
0002AC95
FFF99C61
FFFE95D6
FFFA002C
FFF8FC01
FFFE4992
FFFC2167
FFFCD8F0
FFF74429
FFFBCA51
FFFCC060
FFF80783
FFFEA287
FFFEBED4
00061824
0004D6E8
FFF5BE3D
FFFEAA4D
00010B8B
FFF91275
FFF83C5B
FFF80CF1
FFFE4DF8
FFF5BCA1
FFF93288
FFFC6898
FFFBAE53
FFFB2277
00042E77
FFF69D66
00009E5E
000564A7
FFFD6DE2
00014F33
FFFE2408
FFFB885D
00038C6D
FFFBAAFD
0000E4E7
FFFF965F
FFFD741A
0000DA9C
0002DF3C
00016FEA
0001C59A
00014ED8
FFFF44A2
0001A669
FFFA43C4
FFF78DAB
FFF96843
0000A9F6
00043366
FFFBCA25
FFFF95D4
00023FE4
FFFEBED5
FFFC1302
FFF71BD2
FFFEB367
FFFFA2F6
000672AE
FFF97A97
0000BC92
0003085F
FFFA01A8
0001CA54
FFFFECB4
0001DF81
000450DD
FFFECAA5
FFFC1AF1
00024A70
0002F00C
FFFC2C0C
00023A03
00027F0F
0001A900
FFFADA90
0001B8A3
FFFFC67B
FFFEDCC7
FFF98D89
000259DC
00036B16
FFFF0F9E
0002AA6A
00074B52
00015BF0
FFF9E7B8
0004D92A
FFFE1CBE
00045C2F
0000E4CA
FFFE0DB9
000000D1
FFFFF966
FFFAF3DE
FFF8EE40
FFFC533E
FFFF9B53
FFFA73E2
00007429
0003A7C4
FFFB6F14
00006EC6
0000D551
FFF8E054
FFFE20A6
00021D22
FFF81192
FFFEA9A6
FFF7B281
000036BA
0000A751
FFFA5F4D
FFFFFB13
FFFD8391
FFFE9B14
FFFBCECA
FFFAD2C8
FFF88163
FFFE81DC
FFFDB8D0
0001855B
0002C540
FFF87815
FFFAE406
0003E35B
0001B7A2
00076F63
0002A075
00075469
0008F437
0004518E
0000BE74
00002B73
0000C334
FFFA23E3
FFFE6BC0
0002FE80
FFFD0429
FFFF4460
FFFFB3E7
000510C0
00011269
00018290
00044DAA
FFFDD532
FFFE084D
FFFBBF23
0001713A
000737B6
00018C5C
00003F13
FFFC18C8
0003D4A1
FFFD6FCE
FFFEC7C0
000322B9
FFFED082
FFFD9AD3
FFFD128D
0002C8E9
000016EB
FFFD350F
FFFEBA01
FFFFD809
FFFD20EE
FFFD8757
0002CB3E
FFFC1A8F
FFF70361
FFF96284
FFFF32A3
FFF9B2C0
0001BCA7
FFFA4A50
FFFCC436
0001EC5F
FFFDCF7B
0005FA78
0002024E
00028679
FFFBB047
FFFF9E02
000041C0
00054366
00023D00
00004085
00011C0D
00020070
0003F3A1
0005618F
FFF76958
0003475E
00048DA1
FFFDD58E
000356DD
00028FF1
FFFEEF06
FFFF327C
FFFA0F14
FFF9F7BD
FFFEBFFE
0004DA95
FFFC0909
000470EC
FFFC2817
FFFB46D6
FFFD3C8E
000693F3
FFFF7DFC
FFF81E36
FFFC5769
FFFFB5EF
0004D0E9
FFFAABF4
0003E6A7
00018A4A
00025CE4
0001B4A9
00029114
0000C54E
0003E104
00057011
00035A5E
0006F086
FFFDE8D2
0000692B
FFFC841D
00006A3C
FFFE8F05
00007F9E
00042CF0
FFFE8333
FFF62CAB
FFFB2FFC
0000F3AC
FFFC830B
FFFA640D
FFFBBB9E
FFFA4852
FFFE31FE
FFFC1DAD
FFFC3FA1
00002FE3
0000C089
0005F78A
0001037F
0004DB32
00005FCE
000526A5
FFFF50FC
00033BE2
00045903
FFFC1784
FFFF2199
00011B69
FFFC1932
FFFE24CE
00005495
FFFF80EB
FFFFA888
FFFC7708
FFF7051F
0004EE48
0005D798
FFF77AF9
FFFE860D
FFFCB609
FFFB58D9
00004DB7
FFFB6150
000481B6
0000CF6C
0000CB89
FFFA3091
FFFE655F
000181D3
FFFF434C
0001717F
FFFE2B16
0003BC38
0006F75F
00012FF0
0001885C
FFFE1477
000333BD
00023742
FFFCE9CC
FFF98A80
00025F1F
FFFF85A2
FFFCB60C
00068184
FFFC2A11
FFF95680
FFFAA484
0001D9AB
000423AB
0000A10B
FFFDBD8E
FFFF9725
FFFE3184
FFFC2F1B
00016580
FFFDDEDB
FFFD70A2
FFF9C708
FFF72F0B
FFFEA2E1
FFFA3247
FFFB1C97
FFFC32C3
000488CF
FFFC1690
FFFB46FE
FFFFD9A8
FFFC5AA0
FFFC6E5C
FFF954C0
FFFF8B9C
FFFFF253
00026D95
FFFEC401
FFFF4897
0000A2B5
FFFF118C
FFFF8B8E
00011FC9
FFFFE04A
00031D7E
FFFDF891
FFFFDB60
00020F5B
0002CCD5
0003F4F0
0003AE93
FFFAA6AC
00020DC3
FFFBDA5D
FFFCF2D5
0001AA23
FFFC998E
FFFDA6DC
00024E9A
FFFA6BF0
FFFD6CF6
00042F02
FFFCE471
00015762
0005BCA8
0004DC1D
00003B03
00002AFD
FFFE3F86
00037632
000229D6
FFFD49CA
FFF6E059
FFFF4755
FFFC98F8
FFFAE0A3
FFFA3335
00019B96
00013F53
FFFF0524
FFFA59CF
FFFC698F
FFFC0B14
FFFE4FCE
FFF70D24
FFFAAFD8
FFFDF602
FFFBA773
FFF647DC
FFFB5446
0003F082
FFFDEA5C
0000F530
00004AAF
FFFFC8E0
FFFA5D3A
FFFF4DE6
FFFAAFF4
0003D2FC
FFFCCF03
0000038B
000568D0
FFFE13DD
FFFA5635
FFFC8DA9
00007F4A
0002A8D9
0000D819
FFF80C22
00050C50
FFFFCBA9
FFFA2847
FFFE740B
FFF9B329
FFFCEE46
FFFEE88F
FFFF35D1
FFFE24AC
FFFA3227
FFFEB30D
000563A8
0005F1CE
FFFCDAC0
FFFAEFE8
FFFC5E76
FFFD6A13
0006CCC0
FFFE6978
00008116
FFF90AE4
FFFE5E93
FFFF3075
00018594
00059933
FFF8715B
000429C4
FFFE25E5
0004A5E3
0005C464
000793DF
FFFF3702
FFFD2702
FFFE9C13
FFFF2840
FFFBE9A7
00067FF5
000538A9
FFFAC9C0
0000AA41
FFFD9FF4
FFFF608F
0001D345
00019F17
0000190E
0001F2A2
FFFF018B
FFFCF714
00018F95
FFFB6330
FFFFE43F
FFFD6701
000217F5
00021AFB
00006A37
0000D6CE
FFFF017E
0007203C
0003F296
00012700
000530E3
0000070D
00032C36
0003B68F
0005188E
0007745C
0003AC2A
000083C6
00056421
0007430C
000360C9
0002F90C
00008E63
FFFDFE1B
00039006
0005A45D
FFFD477A
00026C2F
0002C966
FFFF888B
FFFF7CEB
0003B1F5
00018135
FFFCD307
0002A537
FFFEC7CE
0003DC82
00026B12
FFFCAFCE
FFFC271F
FFFCD0F5
FFFBC130
FFFEDC4A
00022A41
0000D7D4
000329CF
0001AFE4
FFFFF686
FFFDFC44
FFFFFFE1
FFFFEF64
0001232F
000097C4
FFFFF046
00002359
FFFB6E78
FFFC9808
FFFF84CF
FFFE3598
00018D9B
00004ABE
0000DF48
FFFC5254
FFFE5897
FFFE948E
FFFE3B02
00015BF9
FFFC9B14
FFFD8884
000121EB
00037B8E
FFFFA577
FFFE3C46
00024F13
0000E6D2
FFFFDD13
00030400
0002B6C0
0003721D
FFFD7A2A
FFFD97B4
FFFB447A
0000B842
FFFC3501
FFFDB903
FFFCD6D0
0003783C
00056925
0005B59D
000490A1
0001E069
00017DA1
FFFD3DD5
0004A182
00033BEC
0002626D
FFFE97CB
FFFEF190
000180A3
FFFF973F
FFFE7FFA
FFFEB6E0
00013058
FFFDA1E3
00040B13
FFFEB150
0001482C
FFFD6A8D
FFFDCBA8
FFFFF28D
FFFC2653
FFFDEC6B
000182BE
FFFE0A6F
00031FBD
0004C9B4
FFFF9E4D
00033CCD
00043D50
FFFE67FA
00036E88
FFFFC516
FFFEBD1C
FFFDF01A
00065BBD
00037B66
0004736F
00052732
FFFFE73E
0002B895
0000170B
000525C3
FFFEE404
FFFFDB8D
FFFE8171
000244E2
0002B11F
FFFDDEAC
FFFF9C4F
00036C0E
00028201
0000B333
000499E4
0004195D
FFFEA25D
000487C6
0002BB1D
00040547
FFFD2749
0000496E
FFFDFA34
000674D3
0004094E
FFFF02AA
00048D27
00011678
00007A03
0005206B
0002F14D
FFFFBA90
0002CF8F
FFFC393C
FFFF4623
0000D8C5
FFFFC9E5
FFFFB1F6
0002620C
0002C426
0003D2F7
0007527B
FFFE2C97
000152E2
0004F3E9
FFFD3A61
00048C7E
FFFFC0E8
0001978F
FFFF9E2F
00001822
00010DAB
0003984C
0000015A
FFFCDA24
FFFDFF44
000201D1
0000C168
000216F4
0002B1D3
0000418B
FFFEE7DD
0002300C
FFFF4942
FFFF61F0
FFFEBB99
0000D4B7
00067098
0002AC11
00067CF4
00018B90
00077A9B
FFFE3041
0001D0E1
00032163
0000D8B6
00061BEC
0002D34B
00009623
000090A2
0004E13C
00063438
00005503
00040FBD
0004C8DC
0001A21B
FFFD070C
00044063
00049CBF
FFFF36E8
FFFFD064
0003E1D4
FFFDA7FD
0004C847
0004976B
0000B2E7
FFFF52A9
FFFFA1C6
0004BC1D
0004BF0D
00016E01
000228FA
FFFBFCB0
00029711
0005D580
0001C14A
0004D343
0001BDB6
FFFDFB70
0001F3BA
FFFF01C1
FFFF87E7
FFFF5554
00013101
FFFEEE5E
00037969
FFFE8D32
000270B8
FFFF5054
00035510
00016F86
0000AB4F
0002D1C1
0002138C
0000E0A6
FFFF8DEA
00018BAD
FFFFD304
FFFD252B
00041070
000436CF
FFFD5349
00000CF4
00002B21
00029CB9
FFFDCCCB
FFFDE45D
FFFE0FA3
00015DA7
0002BA9A
0000C868
00017543
00016F94
0002E13B
FFFC9EB5
FFFB754E
FFFCFFD7
FFFFD62F
FFFC16BF
00015716
00001585
000105D0
00002DE5
000152C5
FFFB8125
FFFD6221
00020594
0003E5D2
FFFE6904
FFFE4BD0
FFFEF44D
0004FE78
FFFBF0B5
FFFF670E
0000501A
FFFC136A
0003C477
0000E72D
FFFE97B4
0002606C
FFFD0751
FFFA9980
000105A0
0000A080
0001A298
0003E8FA
0000E742
0000712C
00007662
000025C6
0001BED7
0000A3BA
00009D36
FFFFE46B
00031080
000154E1
FFFCC735
00016F2D
0002B57D
FFF90224
0000C966
FFFDB0B9
FFFE9308
00048CC4
00024A70
FFFEBF18
00008030
00023361
00039CD8
FFFDF4CE
00043E59
0001A1E2
0005F3E9
00041858
FFFE11E3
0004B62E
0001BC67
FFFDC783
0005E921
00044F33
FFFDB899
0000BA49
00024A46
FFFD8341
FFFD5C32
0004AB8D
FFFD44D3
FFFFAB6A
00027E67
FFFEB79D
FFFFA6BD
00035B8D
00005C73
0002A85F
000226E1
FFFDA6B3
00015E01
00021205
00038AE9
00002999
00001E33
0001FB21
0002E8D8
00053A78
000093B9
00024C66
00044A34
FFFF473C
0000A430
0004E4D0
0001D755
00060038
00074E4C
0004FEE9
00007AE1
00003D45
FFFD176F
FFFD850E
FFFDACC7
FFFABB22
0001E6BB
0003A8C9
FFFE4383
FFFB1EBF
FFFF0A38
00009638
FFFC0B65
FFFE3409
000492FB
FFFE9505
FFFF1BFE
FFFEA08B
FFFDC385
000187A7
FFFF6E5F
0002E5DB
00055FB3
000361E2
0005EE5B
000220F9
FFFDC4B1
00053808
0002547D
00032D33
0001EA5A
0002F074
FFFEFC04
FFFBEF23
FFFEDF86
FFFDBE2D
FFFAEA22
FFFFDC83
000193ED
0001D445
FFFDEC1A
FFFF56B0
000094B8
0000AAE1
FFFB9AB6
FFFE2C1B
FFFDEE23
FFFF1318
0002C9C6
00003A8F
FFFFD62E
FFFF57B3
0004F081
00048344
FFFE249B
FFFFB9D8
00033B8D
0003AE6E
0001F70B
FFFCD772
000022C0
FFFDBA25
00000A0B
FFFFC6D5
00036CBA
00053AE3
0004DEA3
FFFFCB54
00034923
00010EB1
00060E41
FFFF6F61
FFFFB4B3
FFFFD720
FFFF040C
FFFF277B
00012E2A
FFFB9520
00003BDA
FFFEDD0F
FFFE1BFB
FFFCA53C
00013E4B
FFFD8497
0003897E
000343DC
00014D3C
0002AA82
FFFFBD47
FFFE2621
FFFD3D30
00032F00
FFFFDCB7
00069A99
00046C6C
00004D92
00020A42
FFFFF1DE
00051FCB
FFFD6595
00046048
0000259A
0005F9B7
00058932
0002AF52
FFFFA3F4
00054024
FFFE98F9
000315BB
00029D8F
00010519
FFFFFD4D
0001D325
FFFF1D9C
FFFD27EC
FFFF7743
00027C13
FFFEDB64
0000AD3C
00021BCE
00024756
000048E7
000030BA
00003316
0001A33A
FFFE3B52
00023D93
FFFD244F
FFFE232E
000162D7
FFFF975C
FFFF89F0
0002B136
0002CFEC
00024D73
000214F8
FFFD9F23
0000DA2F
0000445D
00031D1F
00028244
FFFEAFD8
FFFD08ED
FFFB8817
0001409B
00012257
FFFF1751
00047173
000470AF
FFFF5552
00039145
00042D98
00028F56
FFFF1562
FFFE9F64
00047B79
0002E0F5
0006C942
000008D9
00067184
00096B40
000519E5
FFFFBE88
0005699E
FFFE89EF
00000F65
FFFE9949
0000B3AB
FFFC9874
FFFFFAC3
00010062
FFFD9FD5
FFFE5CAB
00026C31
00006E13
0000755A
FFFD63F9
FFFED3D8
0002C002
0000FFCC
000179B9
FFFED004
00003F0C
000645EB
00005071
0000207F
00029D98
00034B58
FFFD78FE
FFFF2E38
0001EC43
FFFDB293
00021E6A
FFFCD39C
00025019
0000EB5A
0004E60C
FFFDADE1
00026617
FFFD5C35
001302C9
0004C23C
000FBF2D
00000B59
FFEF4281
000120C9
00066FF7
0005AF18
0016B0D4
FFFF7B97
FFF9083D
FFFDBDE4
0007079D
FFF55CEE
0015112A
0001FA95
FFF934CD
0004D02A
000DC04C
0000B0D6
00056262
0007E00E
FFFC8C0F
FFF787B6
0005916D
0008F7EC
000F4666
0003814C
FFFE29F7
FFF40DAD
00101403
FFFA7D70
0000C9D8
FFFAC387
FFF8578D
FFF8B30E
00016BD7
FFFA4AF9
00027EB4
FFF2FAC8
FFF487EF
FFEC8CB9
0006E4CD
0002AFD5
FFF50C72
FFFE1F61
FFFAFE42
FFF31835
0013B434
FFFF8C42
FFF26377
0009FA9F
FFF48E42
FFF19780
FFF5401A
FFF578F5
FFFEDD9A
000A3170
FFECB5D8
FFF8D7C1
FFF8A043
FFF718BC
FFF50DA2
FFFFE3D6
FFF7B3DA
FFF5C9B5
FFFCF3CD
001309DF
FFFAEC65
FFECD0F2
0001FC6A
FFE98516
FFFE1D82
FFF8246C
00092064
0000AFE5
FFF23675
00070605
FFFF3C68
00040093
000D20B9
000CE89B
00029863
FFFC4061
FFFF5B49
000A72C5
00182B39
00177F45
FFFAFAFB
000CDA95
FFF52972
0004F84B
0008316F
00020A7B
FFFF548A
0005AC6B
FFFE479B
FFF82653
FFFCE191
0000DA9F
FFF46DB4
FFFA7995
FFF1428D
FFFBA8C7
FFF9BB9B
0000AC29
00054B05
FFF48F60
00050B34
0007675B
FFF2968C
000B2FBA
000BF7D2
0001CFF0
0001B255
FFFD34DD
FFF0A8C5
FFFB3DB0
0005AB19
000D3A72
0007F33C
FFEB27BE
0006B0EC
000DDB33
FFFA7F74
00158A72
FFFB8BD1
00021BFF
00079C30
FFF4FFA1
00005F5D
FFFCB3A8
0006AEF4
000B762A
00003179
00000E97
FFF45CF2
000EDA83
0004F36E
FFF6CC8D
0008FBF2
000AEFE7
0003AA49
0009A272
FFF252A7
00146C11
0001AABE
00036F3A
00061CD8
00026B79
FFF8D213
000AFCCC
FFEA0C02
00079ABB
00086255
FFFD7C9E
0013E0AD
00044FF3
FFF0EEE7
FFF26CE1
FFF4E6AA
0003025E
00027D59
000CA9A5
FFEC7375
FFEF6C27
000B2E83
FFEBEA11
000BA802
0014B0C5
FFEF17FF
FFFA5317
000E6E41
FFFD6C45
FFF4E8F5
00136544
FFFCA4D4
0002AFAC
0003301A
FFEC2683
FFF81230
000F8972
FFFEA815
000DCDE9
0007E301
FFFBC39F
FFF23A8F
000A64B8
FFF54C71
FFF9E76F
FFF7A9AC
000DC929
000B131F
FFF9B66E
000DC0A3
FFFECA4C
FFF7BDD2
FFFD9CA7
0002E750
00113573
FFF2A5F7
FFFC2AC4
FFF7F000
FFF612C8
FFF5A0D9
00043F8F
FFF58D5A
FFFDF9B6
FFF8CE67
000AB868
FFFC4E70
0007493D
FFFE4A58
0002DBA4
00006372
FFF2D9DF
FFF7A687
00173665
FFEF8DDA
000CB1B6
FFFADA14
FFF0F397
00020C4E
FFFE3349
FFFF2A9D
0007888A
000BD8AB
00018C29
FFFCA0CD
000B85D7
FFF1FE40
FFF70E15
FFFAE50E
0001BE4B
0005C781
0003365C
FFF14B35
FFF9C56C
FFFB97B7
FFF5C7F7
FFF2D395
00161165
FFF551A3
FFFD6C3F
00017575
FFF4ECB3
0002A564
00048A5A
000AB9E8
FFFF5E91
FFFDDF86
000F4AAE
FFFDAB1A
FFEAD1F4
FFEF441C
00006CEE
00067A7F
000BBFD4
0009F2F4
FFE33B0F
FFF17A92
000D4AAA
FFF022DC
0004ED3A
FFF84F2E
FFE54400
00075496
0004C464
00023F03
00097B45
00012BCE
00095098
FFFB9B11
FFFA51B0
000C4003
FFE21290
000303B5
001806EC
FFCFF09E
00081A76
00056FCC
FFF4A6E5
00080910
0007ED26
0006ACD0
0006048B
FFF5F9AB
000ED917
FFFC6115
FFF02865
000E1F78
0010989C
FFF83303
00025D4F
FFFFB25E
00050F4A
00014D27
000A5D9E
0005F849
0000085F
0004FE73
00043B78
00096E25
0004B556
000032C7
000D68C9
000A8644
FFEF81EB
FFEED57B
00004B0F
FFF3B5BD
0005C098
000167F6
FFF219F6
000CDAE8
0004093D
00023819
000DD6C5
FFF7FF07
0002E6AC
FFE7D6B5
FFF43AA4
0015EF3C
FFF8F521
000913DE
000CDB4F
FFF79DBE
FFFB13A2
00077391
000D5291
00150A01
FFF5DFD7
000E6CB7
000B10D6
0003998D
000799EB
0014CE2F
FFF5D25B
FFF94159
00047AE5
FFFAF005
000D6A23
0009B2CB
0008B92C
FFFB0897
FFFF428E
00150999
FFF8465E
0000AFB8
000A68A0
FFEFF76B
FFF695E7
FFFFBBEE
FFF1D3AC
FFF70139
00124AE9
FFF1CA81
FFFEA83F
000A9D48
FFE5BDF1
0002C932
00152449
00002424
FFFC31F1
FFFF4FC6
FFEFFDA6
000F7150
FFF7B5D8
FFFE14D8
0008C900
00046751
FFEDD305
FFF0B03D
FFFD01CF
FFFC8683
FFFFA24F
0008594D
FFF57FDD
FFF1C7FA
FFF6F203
FFFF033C
FFF9F16E
FFF1AB84
FFE61C9F
FFEC5B3A
00084CAB
FFF71BEE
000CA6F9
0007B30E
000AC459
FFF1A4C5
FFF7FEF2
FFEC9CB2
0004F0D1
0012DED8
FFF1EAFA
00025926
0010B91B
FFF8ED0B
FFF4181F
000CB49E
FFEB81FD
00012440
00198DC1
FFEA8AD4
00124A31
00039144
00035CF1
0009B316
FFF42B37
FFFD616E
0003E927
FFFF33D6
FFF45042
FFF87074
0006D7B2
00058A86
FFFA7FB8
FFEC754A
FFF4EB0B
0014531F
FFF8BB6C
00056892
FFF54440
0002EA90
FFF42D79
FFF9B078
000D7047
FFFBF993
FFFEAA9A
00039185
FFFC037D
FFFA5CBE
FFFF991F
FFF67778
000349A8
000ADB6B
FFF729B1
000CE67A
FFFB4970
FFE9F57F
0002221E
FFFC38C7
FFFF7C85
FFF5871A
00065F99
0003434C
0001BC8F
00065135
0009BD65
00045FE4
FFF4B61C
FFF6E810
00087555
FFFD9156
FFFD8786
FFED25B6
00069458
FFF59422
FFF5A1AC
0000455F
FFFFDB0D
FFF14CA7
FFF0367A
0000F3E3
FFFF9113
FFF20B04
00074814
FFF6A5DB
FFFCAA47
000247BA
0005D1BE
0002F7C0
00031FEE
000574B2
000009EF
0000FC23
000BA896
000E8D44
FFF0D247
FFF7F3D0
FFFE33BB
FFFE3EBB
0001B6B8
FFFF66B4
FFED3F99
FFFB65A5
FFEB933B
FFF2BB3E
0008252C
FFF311EB
0007D302
0004D0F6
FFE7033E
00026004
00049B8E
0015518D
00168CA5
FFFFE6E4
FFFEA6BB
FFF84B3B
00031656
00029019
FFFDCE73
FFEF5A20
00114448
FFF6C3E8
FFF9677C
00131D73
FFE88356
FFEA37D4
00111E90
FFEA7687
FFFC5FA2
FFFB0E35
000A28CC
FFFE8A74
0007A197
00094948
00038A6C
FFF307A8
0005C738
FFF09DB2
FFFC26A3
FFF39DA1
000963F5
0002BB0A
00037047
000A077F
FFF9ADF9
000CD0CD
FFF95374
00065E80
FFEF7BC1
000B2FCB
0000A47E
0005F82F
FFFF9582
FFFFF598
FFFD6CEB
000EF652
0003750A
FFFAEDA0
FFFD6A38
0000C9F3
000EEB11
0004178A
FFF9836B
FFED7134
FFF54B31
000CFB9A
FFF350BB
FFF39BBD
00099722
00032A30
00010CD4
0009021C
000E1277
FFFBB962
FFF8F6CA
0001C8CF
FFFAD812
FFEA25F9
000BD1D8
FFF16609
FFF7EFB5
0009B2D4
000A26CA
FFFC3CB2
00110DE2
FFF906AF
FFF6BDD6
FFF443F4
001224BC
FFF814BE
FFF69288
0010FC80
00009B0C
000224B2
000C2DEA
0004D899
000EF72C
00051BA6
00066D91
000E3864
FFF2C2D9
FFF5AC68
FFFA6919
FFF2F44A
FFF64202
0001B123
0004F575
000A2912
00031D78
FFF757FB
0004420F
FFF83A4D
FFFE45F7
000244C3
FFF56227
000291C7
000382D1
00026571
FFFF402F
FFFFF406
000A2696
0000D671
00024AE6
00009C25
FFF87F1E
FFF8B006
FFFC6BE1
00034585
000796C2
FFFE7379
00033890
0002ABB0
0004D3B2
0004E35B
000743F5
000D897A
FFFFA597
0004F6FA
FFF7B3E7
00030725
FFF3D88E
FFFF8507
FFF5BFAD
FFF2C5AF
00013342
000D5312
FFFB479A
0010119B
0004B157
0000A73C
FFFC3808
000A9FF7
00052EAB
0008E332
0008229E
000A45E1
000072B1
0004E024
FFFB1B05
0003C7D5
0008474E
FFF97C89
FFF647EB
FFF390E2
FFFD1894
FFFA9D0B
FFF25380
FFFBCF31
FFFE7C44
FFF30D9F
FFFCCC2B
FFF81811
0002F8FE
FFFBF7B2
FFFACB48
00019DCE
0004E501
000B1DEC
000AD7CA
00056033
000C3623
00091605
FFFBAC88
FFFC30AE
0003EC0C
FFF7DE92
FFF539BC
FFFF0B0F
FFFC1081
FFF93465
0008D7FC
00007B95
000A4E38
FFF91156
0008C21A
0000A17F
FFF6D3DC
0003EA7F
0009681F
00068D55
00107F5C
000BE664
0000917F
00024540
00047737
0008FA74
FFFF8E2E
FFFCC0BD
FFF8D0CB
FFF2B538
0000C708
00002A87
FFFD28E0
FFF21241
FFF0E4DF
00011E45
FFF690B6
FFFBAC9F
0003D203
00033F59
000557CA
FFFEE2A6
00103395
FFFEA052
0001472F
0004BFD3
00075559
FFFB6898
FFEEA5E0
FFFF6DDD
FFEFDE05
FFF0702F
000257C7
FFF6BB14
FFFA91C7
FFF50CB6
00000165
FFF52212
0007816A
FFFED1F8
FFFC1712
FFF44C2D
FFF8F54E
FFFD21D5
FFFAA438
FFFA8432
FFFED832
FFF7D4F8
00024629
00002624
0004290E
0001A300
00071918
0003C1FB
000188B6
000D500B
0002B2FD
FFFD2E9F
00041EC1
0003FD70
FFFA7BFE
0008E4F6
00077B98
00004C64
FFFFA843
FFF97A29
FFF7F678
FFFB59E2
0004CDD2
FFF80142
00098537
FFF9A248
FFFFF5F6
FFEBAE5A
FFFFC488
00046081
FFF6C091
FFFAD2CA
FFFA5A5C
FFF0DC85
FFF34170
000188A5
FFFAF299
00019CA7
00063BFC
FFFE05D6
00072FD1
00097442
FFFA2D61
00061EB6
0003619A
FFF9FA99
000D1EE0
00063039
000DB326
0004042C
0008A5B4
FFFCFB6D
FFFFE202
FFF97650
FFF7F28E
0003A0C6
FFF694E7
00041B71
000125F0
00041805
0005FC20
0002987D
0004B6AB
00088417
FFFF92DE
0007F1AA
FFFB2624
000D0CE0
0009FAE5
0002F1CA
00044454
FFF8E6F2
FFFE4EA3
FFFE89BE
0008AEDA
00016D6E
0000E3A7
FFF4CAC7
FFF61121
0004E658
00028A26
0002846D
0004DF9B
0003EFA5
FFFF69DD
FFFF1989
000645CA
0001AB42
FFFB7F4A
000DF252
00065D84
000707DE
FFFC25F6
000364D6
FFFAD8C4
FFFD8789
FFFB1DE2
FFFE33DD
FFFFE9B6
000925E0
FFFEB004
0003C39E
0004F08E
0018321E
FFFE5CB4
000A374E
00078F2B
FFFBE7A0
FFFE7D18
0003BA78
FFF4A03E
000333B1
FFF54AC6
FFF959D6
0001D684
FFFC534A
00082634
000ADDD5
0005BB5B
00120971
000297D0
00059CA1
000A2301
FFF9863E
000E3E44
0005F5AE
FFFB96A1
00054CAA
FFFCA598
FFFE49D8
FFFE64DF
00077FC7
0002CC30
00023F77
FFF94923
0007490B
00003BCF
00064D44
FFFA25CF
000494D5
00014F2A
00030ECE
000A0F64
FFF9C734
FFFAC6A1
FFF8EDD6
0008EEB5
FFFE3B4E
FFFCD76F
FFF6AEC8
00037C8C
FFFBB5E4
00014C8E
FFFA61B0
00018C4E
00028685
FFFE34C4
0007C8C8
0000C429
FFFBEFCE
FFF7DEDE
FFFE48AC
FFFE24DE
FFFFC171
0002A940
000788FF
0005BB7B
00045B34
FFF63687
0001C8F4
FFF80C62
FFF8F52A
0004CFC5
FFF65FCF
00029015
FFFABF39
FFFC4153
FFFCD9DA
00088CC2
FFFCF7B2
FFFD29C2
FFFCE680
0007C1E6
0002D706
0007B1EE
FFF6B3A9
00049B55
0001C1CF
FFF42209
000721E5
FFFA8BAD
000129E1
000A32BC
0001F655
FFF96832
00024D05
0007002D
00085C96
0000D251
000806FB
FFFB4023
0007F29F
FFFF8576
00007CCF
0009DC9A
000E6299
FFFEFC2E
000A5928
00130075
FFFE7606
000BE0EC
000E203C
000BABC0
000A444D
FFFBE0C2
00031616
0003DFED
FFFA027B
0001F587
FFF8CBCB
0002FF1A
00091489
FFF9C6BD
FFFA4377
FFFF1079
0008F05B
FFFAC713
0004BCB3
00109CE0
00014877
00039BF0
0004B6E2
FFF98279
00099B88
000E3965
000EE386
0009439D
FFF8AF50
00107AB1
0014D782
00033B1A
FFFA93A0
FFF6F6EE
FFFE9DA7
00085187
000A1F02
FFFBD3C7
0009F8BE
FFF71341
FFF8129A
0009A831
00074CBE
0005E9F7
FFF68CA3
FFFB3F13
FFFEA08B
FFF83E8D
FFFF514A
FFF14710
FFF6D6F1
FFFE02C1
000392EF
000C120C
00052E53
0000478D
FFFE5357
FFFEBB03
00054998
FFEE92B5
0002580F
FFF16007
FFF5BE7C
0001F250
0005A3AA
FFF7564F
FFFCB799
FFFDC4DC
000B63C1
00054630
000C091B
0005B8FF
FFFDE66D
00071EEC
FFFF4804
000ADA28
FFF9958F
FFFE7BDB
FFF591A8
FFEE6832
0001A86F
FFF342D1
FFFA2797
000700EA
00015268
FFF4F043
FFFC8F36
000203CE
FFF472F7
00045312
000A85E3
00030466
00069CCC
000A55EA
FFFDC451
FFFB0536
0004FD0B
FFF4E1AD
0005C7A3
000A3B64
00022A60
FFFCE1FE
FFFC9119
FFFDF42A
00002DB8
FFFACA90
00005316
0004D788
0004C75D
0007E9E5
00018CDF
FFF77D41
0009A55B
FFFB9065
0005ED5F
FFFB0C8F
FFEFE78B
FFEFF5F6
FFF906ED
FFF8C646
FFF6129C
00036731
000836F3
FFFFB4B3
0009CE5E
000492C3
0000415D
0005CA17
000A2FF9
FFFF97CE
00075E35
FFFB7B18
0003F223
0001D9C4
FFF784D5
FFF1BA94
0005116C
FFF8A9CC
FFF5B1F8
0000A806
0002A777
FFF5EA11
00037785
FFFCB80D
FFF06BD4
FFF0B19B
0005FC88
FFFE4007
FFF2A8E0
000A74CF
000305C4
000A9C86
00108B86
FFFA5A5F
0003CF0D
00113FEA
000C8CB4
0004B85E
00023178
FFFDCF2C
00066C14
0004733F
FFF4CDF2
00072F8F
FFFFBC43
FFF50DF4
000F1AC7
FFF5BA1F
FFFE0DA4
FFEEA0CE
FFFE74B3
0001063C
0009F036
FFF8ECDB
FFFB2D45
00006075
000A5B27
FFFE329A
00080AFC
FFF90EA8
FFF38201
000691F2
0009AE9B
00023616
0008190F
FFF6CD51
FFF5238D
0006040C
FFFCD025
FFF34A99
FFF11A8B
FFF49AE5
FFFF7E63
FFFB78AD
FFFDDA20
0004DF83
000066D6
0003FB58
00079038
00002177
FFFCFFB5
FFFE430C
FFF8E33E
FFFB2296
FFFC9307
000500C6
FFFA760F
00034173
00035356
FFFD8F4C
FFFF63AC
0005919A
0016F13E
000F2FC0
001211AD
0019B9A6
000C4AC2
000E58EC
0013F0EF
000255C4
FFFC2796
0005F726
FFFD7155
FFEF446F
FFF8DF1A
000B7530
FFF63C36
0012E811
0008F996
000C7391
FFF59BEF
FFF396F6
FFF90444
FFE7E1AC
0007B12D
FFF77567
00002F99
FFFBE712
000558D5
FFFAFD89
FFFF17E6
FFF07EED
000816D1
FFF2E00A
FFF0A284
000D07B7
000D6A3E
FFF0BB7D
00076D24
000F73D3
000C98D2
000A1C36
FFE9BF61
FFEFA564
000C22F6
FFFE493E
00046558
00107F8C
FFF86838
FFF8E2C9
000AEB55
FFF8E66A
FFF7B08E
000B85C5
001210D2
FFF81F67
00165EAE
000CD530
001B7B84
000F8993
FFF6D04A
0009B103
0016E92F
000957D6
0019D7ED
FFFCE0B1
0007C844
FFE8B2C2
0002EE9F
FFF479EC
0005E2CA
FFFEF206
FFF20B2B
FFF8EE81
FFFCE549
FFEF66F9
FFFEA6FF
FFF6322C
FFF79C30
0009D0F9
FFEDC3D8
FFFE54A7
FFE9D2C6
00148342
0005C130
FFF200C4
FFFDA65F
0003200D
00018232
FFFE5033
FFF64B88
FFF65468
00084C07
000C07A9
FFFE1681
FFEB9976
000CB776
0012A3A8
FFF80B40
000407A3
FFF8A9C6
FFFC324C
000421C4
FFF84608
FFF65368
FFF99CBB
FFEF63D2
FFF35703
000A65B5
FFEE3EE2
0009C2BA
FFF3983B
FFFFFA15
00057915
FFF86BE3
FFFD0178
00041368
FFFEF097
00074D63
FFFE9F58
FFF3ED65
FFF8E5D4
FFED0E70
FFFDD3E8
FFFC67D3
FFEF1F68
FFF13D5A
000DBCCE
0001066D
FFF698BA
FFF3711C
0009B8BD
FFF12350
FFFBF9F0
0005199A
FFF4D764
FFFA45EF
000C57BE
FFF8DD6C
0013EAF2
FFF800E1
0001059E
FFFC8799
FFF9AFB5
FFFA680D
FFF841C5
FFFA5D08
001BBCDE
FFF6E283
0008EA2E
0002F453
0015804B
000EE5DE
FFFD19BE
00050447
0006A1CF
FFFAFD65
FFFE2106
FFF4D0FE
00052264
FFFF4B7F
FFEFC56C
FFF4374B
FFF6BBFB
FFF68024
FFF5B084
FFFE1A2B
FFFD2600
0011C65E
FFF5CCC8
FFFC956F
FFF1ABA3
000E3F0F
0006C1D3
00189357
0009DA84
FFFFAE54
FFF439D3
000AAAE0
000FAD61
0002C1A0
00109FE2
000BCEBE
FFF94109
0011E1DE
00020859
FFF150B9
000BDE81
0002E36F
000B9324
000E5AAE
0000E4A2
000E3A44
FFF70190
00023049
000008D8
000E71C0
0004D5EC
0006BB59
FFFC0A25
FFFCD782
FFF7D714
FFFD0120
FFED32BA
FFF7B657
0008F631
FFEBAE4B
FFF89B7F
FFFD27B1
FFFE5367
FFEFA858
FFEAF82F
FFF7A2DE
FFEF295D
00018B77
FFEF7960
000218ED
0000BA74
FFEFF839
FFF354F7
000966A9
FFFCE347
FFF720AD
FFECAFCF
FFF5985A
FFF4E2A3
FFF2021B
0005647B
FFFF3E52
FFFCE1AC
0000AA84
001273A1
0012A566
000235E2
000953AD
FFF4FDBC
0003420C
00070EA1
000A1C8A
00067D1F
001760A7
000762F1
000503EF
00080156
001457E6
000097B8
FFEC8137
00034011
000B7D99
0019255E
00047688
FFFBE68D
FFF97BD6
00016F0A
000802F0
0000D3CF
000A908C
0000F317
001FCF6E
00038E6C
00055A29
00129DD1
00203FD3
00084D69
00037ED1
000B8326
FFFBA1A4
00119AD4
FFFA78F7
000251EE
0004886D
FFF9843A
0017DE1D
FFF25C10
00015A75
0016238E
FFF9E742
0013CBBF
FFF9C599
FFFE1B47
FFFBEA80
0016391D
0002A5FD
FFEEC024
00020FE1
FFFBCCA2
000BDCF5
FFFD9300
0013F1BC
FFFFBEA9
00177BE1
FFFB11AD
0002FBA8
FFEF343C
0000DA1B
FFF83C2F
0017E2A1
0003D910
00075509
0005024D
00074C5A
000D9882
000C5030
000F0E3B
0003C043
FFFBF0BE
0019A206
000468D8
FFFF2A28
FFFCF351
00148C04
FFF577EB
0002DAC6
0009E814
000D6538
0003BEEA
FFFA248A
FFF96949
00109FED
FFF34A58
FFF15253
FFFBB516
000ED371
FFF26474
00105BBC
FFFF3FB4
000202DD
0002F9A6
000ABE4F
FFF6D0BE
FFF385FF
000F50E4
FFFEC312
000574A2
000C5962
FFEEE032
FFF1F328
FFF0F3BD
FFF49F65
00050B1F
FFFA3257
FFFE2DD3
0008DC44
000C6AD3
00045256
FFFF24E0
000751A5
FFFA3CF1
00046720
000AC602
FFFE2292
000D5F88
00086CB8
FFEFE6DB
000A5FA1
0008B378
000329EC
000633D0
FFF1FFA1
FFF3CA3F
FFEC2085
0003D16D
FFF7EDCE
FFFCDE25
0014720D
FFEA8E14
FFFC1CE9
000A3A47
FFFC08CF
FFF7CEF9
00147893
000C7DAA
000E23BA
FFF6564C
FFF3753F
0018CC56
000D194E
FFF9712F
0004BDD0
FFFB8960
FFFE6617
FFFE697D
00022D42
0002D3FE
FFFDC5CF
0002AB5F
FFFD3816
0004914F
001109D6
FFF3FD5A
001452A6
0009C7E4
FFF352AE
FFF77EF7
00006B47
FFFB8A93
FFF13C57
FFEDC778
FFF4141A
00177822
FFFF5DFC
FFEDB531
000336FC
0002B258
00047A65
FFF5ECFD
0006E199
FFF2BACF
FFE9D3B8
FFF7641F
00020F36
00034040
FFFBA6E1
00003665
0009BF0F
000F0BD2
0011392A
000E1F7E
00067253
000397C4
FFEA1FC7
0006191D
000AC51C
FFF64653
00112ECE
FFF4A3E5
FFF7DBDD
000084A0
000FA73D
0005B9EF
0000B984
0007F4EA
FFFFC55E
000CD9C7
000BBC98
FFF434E4
001278A5
FFF710C9
FFF9A28F
FFFFF838
001737E8
0004544E
FFFCAE79
0009BA80
00110ECE
000FF367
FFFED587
00058BB4
000232FB
FFFC3F3A
0007F350
FFFA3AFD
FFF35C02
FFFDC657
00094E46
0004D5F0
FFFD119C
FFEF38A7
0008A9D1
FFFC4C83
000E8C77
000A5A39
00034FED
FFF9E2BD
0014A347
00125F0A
000CDF86
000427B9
FFF8B2B8
00073DD3
0003E6A5
FFF1BBA3
FFFE4F47
FFEBF4EC
FFEBA501
0008FA5F
FFFB2AF9
FFF259B6
000905FA
0007475C
0004EAE6
000E5B82
FFF415DB
FFFD38FB
FFFC000B
0003C346
000E739B
00129354
000EC2AC
00042784
0006ACE2
0011D1C3
001D46A2
FFFAF68A
FFFE511D
FFEF77B4
FFFD898F
00085098
0002E65F
FFF93BB2
FFFFCA32
FFF3CAA8
FFFBFB4A
0004423B
0002814C
0016C590
000025C5
0013E693
FFFB39B4
FFF8C39E
000F9624
0014D898
FFFE5694
FFF613FC
00071118
00002257
FFFF67B8
001AF28C
00156428
00098B78
FFF253B0
FFFD3A36
FFF56FA1
000B43C3
FFFD84B6
001058FB
FFFCE79C
FFF5EA33
001FB42F
000B7483
FFF690B9
00028344
FFF8FAA6
FFFD3D1F
00000484
FFFF4A85
FFF14C12
0009846C
FFFAB607
FFF736BF
FFFDE924
00080B44
FFF238E2
000D33D7
FFFFB8ED
FFF18406
0001F5C8
FFEE8B8F
FFF8D4DA
FFF66789
000B859C
00001E46
FFF5E4AB
FFF54760
FFE8B83A
0009DD77
FFFF1FA4
FFFA0894
FFFFA244
FFEC59A9
000BDB68
001009FC
00037304
FFF13FC7
00079DA6
000CBEB3
0002924A
FFF93F47
000DD2AA
FFFD1898
00097E99
0008CCD8
FFF948AD
FFFC40A7
FFEEA1E6
FFFDF47C
FFEF9D0E
FFFED2A0
FFFFA799
FFFA946E
00051F7A
000D6120
FFFFE294
000BD315
00044B42
FFFD803E
0006F3F4
0005862B
FFFFC219
FFF9E8E4
FFFCE107
0004BB90
FFFB5729
FFFD684F
FFFC517D
0002EBF7
FFF9ED74
FFFECDCE
FFFC1D2E
FFFF81B3
00049012
FFF91761
FFF9A68C
000331E6
0005954E
00041F78
0004853F
FFFB69CC
000E1C0A
FFF78DF2
FFFB8B28
00016A36
0001C7A5
FFF17F75
FFFBAC80
FFFB6B17
FFFF4717
FFFB6DE1
FFFC1F47
FFFE8515
0009B0FF
0009D92E
FFFED179
FFFA119D
FFF8AC12
FFFEBC39
00072B44
FFF7527E
FFF531B1
FFFED327
FFFDE507
FFF54B33
FFFC0525
FFFBF451
FFF776EB
FFED45BC
FFFA5E0E
FFF235B8
FFF70504
0003F7F8
FFF776E2
0002C084
0004094C
FFF27E36
FFF830EF
FFF9614C
FFF21E7F
000055B4
0005A655
FFF95B6F
FFFE35DE
FFEEBF9B
0004D896
FFF9711F
FFF6C6A3
00047E32
FFFCE7F4
FFFC55E6
FFFD5860
00018854
00011202
00024CF4
0009A8AD
00009298
FFF7790B
FFFB0647
000A1964
000A2CEA
FFFFB8DD
FFF83D21
FFF24461
FFF55580
00000921
00064BCD
FFFC6140
0007CF0D
0001692E
000092FC
00041560
FFFE936A
000195C9
000BBB6E
0000F64F
00053D90
FFF99D53
0001618F
0008A19A
0009DD4A
FFFC1976
00035608
FFFE5398
FFFFB6D7
000B62CA
000731AF
000463C7
000237FE
0001A545
FFFFBFC7
000C975F
FFFBA0C5
00038C6C
00079E01
00043577
FFF7FDB4
FFFCDBCE
FFFD6E14
FFFF2A24
0000C1F1
00095673
000467CB
FFFFD143
00022C4A
00019783
FFF69B59
0005E691
FFF6EE9B
00064D74
FFFD214D
0001916B
FFFF7A3B
00081ABD
FFFDA5D6
FFFD2736
FFF71B12
FFFB4AB4
00020848
FFFA1487
000571AC
FFF3B8D3
FFF4796E
00075FBD
FFF54E6E
000547BC
FFFA3A2C
FFF9CF0E
000563E4
FFFC9D07
0002AB3A
FFFF0F91
FFF3C64A
000A4035
FFFD7BC4
FFFC7F45
00083D10
00053715
FFF7285E
FFFBFA03
00023BF7
0003E686
FFF99818
0003001E
0000DAEB
FFFE3A28
00029AE1
FFFE9DB7
0004C0D8
000E76E8
00084B7E
FFFDC7D3
00057F42
0000C806
FFF83F8E
00023E84
0003595F
FFFEF1EA
0007877D
FFFB8F96
FFFA2A8C
0003C950
FFFD3859
FFF72ED1
FFF6805C
00001995
000388B3
FFF96891
00074731
FFF9700C
0001CDA0
FFF30EC7
0003B0B7
FFF70754
FFFB381C
0008CF86
0004F554
FFF552B0
FFF60DBF
00081D77
000407CE
FFF91B5B
FFF75278
FFFA644E
0000ED9C
FFFFA749
0000B3AA
0006F432
FFFEBAFF
FFFC7EAF
000A3674
0006BEB2
FFFC02A9
FFFFE600
FFFCA7AE
FFFCE04A
FFF60E86
FFFE5342
FFF5A6DE
FFF0C60A
FFF66FE8
FFFF2218
FFF9AA4C
FFFB4034
0001C8D7
FFFD3460
00060C41
FFF45ADC
FFFCF63C
00048502
FFF5B43E
FFF36248
0001E932
FFE9451A
00052016
FFF62B00
FFF260F9
0005EA4D
FFFE0356
FFFB4894
0005B5CD
FFFDF21D
FFF92523
00020CE8
00033008
FFF2524E
FFF95CDA
FFF86F21
FFF64F60
0000C5EE
00002487
FFFAB315
FFFC26BB
FFF0CE8B
FFF86578
0003AFAB
FFF2D17A
00035A32
FFF4521F
000080A6
FFF83746
00088782
000A3E64
FFFD112A
00009A4F
00042D91
FFFCC3A2
FFF2A074
FFF901E9
FFFB725B
FFF87E6F
FFFF1CAF
FFFCB95F
0006075D
FFF46177
0005D74F
FFF70363
00028F2A
0001955D
FFF0479A
FFF707D4
FFF5AEDA
FFF83502
FFFE8C9E
FFF66114
FFFEAEF7
FFFCFF02
FFF4C5FF
00042078
00051913
00007AD6
00070EF8
00109E12
0004A9A6
0008F8C7
0002465D
00061DEA
FFF5B13E
00058B87
0006600E
0001D4B7
FFFC0C6D
FFFBFA22
000C0591
0007D477
FFF84F71
FFF65CA6
FFF8B0CD
FFFBE37E
FFF5C9BC
0008498A
FFF23E2F
FFF5BDF0
0002B93E
FFFC49C6
000BF871
0005BE08
000B6F8B
FFFF47DB
FFFE86A7
00076D34
0005ECD7
FFFC43F6
0001CF99
FFF82DD2
00011829
FFFAA324
FFF07AA3
FFF2054C
FFFA3743
FFFEC848
FFF99A4A
FFFE1BF9
FFFFE139
00028233
FFF764A2
0003FF49
FFFCC009
FFFCC32F
00017EE4
000EE9CF
FFFF7650
FFFFE093
FFFDE2E6
FFFED7F9
FFFDC3E4
0002FF41
FFF85F07
00079110
000BE6B0
FFF72CC1
FFFE806A
00002120
FFF9E169
FFFCFF40
000A375C
FFFEDE03
000D2261
0006C332
000937AC
FFF71A8C
0000578B
FFF3C8F2
FFFF44A7
0007DE9E
FFF361FF
FFFCE217
000A2ADC
FFFFAA72
FFFC49FC
FFF9A585
FFF754DC
FFF1E38A
000422B6
FFFE0930
FFEF5791
FFFF1799
FFF8A3B6
000200CB
FFFB6747
FFF9B2C4
00018104
FFF826C4
FFF6A461
FFF81A13
FFFC5DB5
0007989C
FFF662DB
000671E9
FFFC6F86
FFF4480F
0003824E
0004E9D3
00004857
0007B3E7
FFF8D818
FFF55129
FFF8A44F
FFFD5263
00091D0C
FFF933B5
00057B0F
FFFEC0C5
FFF8D304
0002D52A
FFFEF5F6
FFECAC85
0000AB7E
FFF6391E
FFF80B04
FFFC13F5
FFFFFDDB
FFF7E72D
FFFE9B28
FFF99C86
FFFDF6A6
FFFF4BCF
FFFD006A
0003A859
FFF73DA7
FFFFCBA5
00007BDF
FFF9884A
0000A3E7
000663E1
FFF7360F
FFFD6F15
FFFB73C7
FFF45FB4
FFF79E26
0000CC22
0005D8C1
00054071
00003368
00018518
FFFE98A3
0006AA2D
FFFFAF36
FFFF37A6
00095ABD
FFFB5609
0007981E
FFF8CCE4
0000CEB5
FFFD6BDF
00088DF4
FFFA14F3
00080BF8
FFF75D8C
000BC3F0
FFFA338F
FFF64BA6
FFF3D8CB
0003D8A9
FFF9903D
FFF6E383
000A3653
FFFAB562
FFF6D1B9
FFFD719D
00014301
00039B68
000AF4CD
0002D5EC
000406AE
000580EF
00077C75
FFFE787E
FFF30571
FFF61737
00043934
FFFC40D1
00011DA4
FFFD4506
FFFCF025
0003A232
FFFFBDBA
00022E7E
0006C30D
FFF4A87E
FFEFEE43
FFE8B606
FFF4C345
FFF356E4
FFFF3F9E
FFF32570
000AA396
0000211A
FFFA6C46
000A37A8
0007B5EB
FFFE927A
0001A164
FFFCFB56
FFF6EE6B
FFFDEFD4
FFFD4BEB
FFFC88C1
FFFDC3B1
00059983
FFFD73F7
FFF9E3F9
FFFEBFE8
0009AD0D
FFFF9887
FFFCB823
00030EB3
000608AC
FFF93733
00061867
FFFAE894
FFFC4579
0008A484
00089C99
0004CB89
0003AFF2
0008CC7A
FFF8396E
FFFFE7E7
FFFC72E6
00017603
FFF7D906
FFFB1F94
00092548
FFFD28D6
FFFB8D4E
FFFA135A
FFF9A09A
000F578E
000BA617
00057B4E
000080DF
FFF78C14
FFF61810
FFF67F25
000358BE
FFFF05FE
00041F45
0003B03E
0008E4D3
00021D5C
0009295A
FFF070C9
FFFF1E83
0000EFE1
FFF75A59
000715F5
0004604A
FFF30E46
0003A02B
000081FD
FFF03A6B
FFFA8F91
FFF749E5
FFFAC6C7
FFF9610A
FFFD5887
FFF562DA
FFFD215D
FFFECC07
FFFF774D
FFF97A58
0009E02E
FFFE5B58
00004712
00060AF4
0002A6EC
FFF5866C
000D14A2
FFFCE757
FFFD262A
000B31E4
FFFF765E
FFF3C952
FFFEBD3D
FFF6E2A8
FFFCBD2C
000773B9
0002AA74
FFFD64A7
FFFAC338
00018BEC
FFFB669A
FFF94084
FFF10E41
FFF8BFBD
FFE7EE15
0001F54D
FFFCF6E7
0003E4D5
00042D2C
FFF980B3
FFF638D2
FFFB6224
000D57A3
0002BBD7
FFFD66A0
0009C970
000E4629
FFFDF8FB
FFFFC56F
FFFABD22
0010D502
FFFF6E7B
FFFDFDBB
00028A9C
FFFD90E9
00124758
000C5A9F
0002FF54
FFFF82DD
00115E2A
000291A6
000520B9
0000E1EC
000E4656
000BAA25
000D317B
FFFEB9B1
00083779
FFFD6EC9
FFF9EFDC
0003DE52
FFF30948
FFFA9B62
FFEC30C0
FFF51339
0008F305
FFFA91AB
0004457E
000D0C2F
000189E6
0009B967
FFF4AC0D
00075B58
000F6658
00033D96
00091053
FFF531E2
FFFE803B
FFFB21CD
0013ABB7
FFF3A943
0017ACA6
FFF941E7
00074121
000ECE91
00044383
00029AF2
0003A894
0000E2C0
FFF1B8BD
FFF63B9B
FFF1C251
FFFA88FA
FFF90DF6
0003A968
FFF1A74C
FFF00BDA
0001C5E6
FFEE3A1C
00017B44
FFFAB4C3
000A9A2A
0003765D
000351F0
FFFA4DD7
FFF96B27
0000DB74
FFF2D946
FFED43E9
FFFDB150
FFFA2FCF
FFFAD487
FFFFD778
FFF6EE9A
FFFE7EFE
FFFD2052
FFF82DEA
000F1D9B
FFF9B5F8
000AB2B0
0002EC52
FFF8EF4A
0008ED35
000887A3
FFFF709D
00035FCC
FFFB342E
FFF7F27E
0002A7EF
0000F61C
0004177E
FFF387DA
FFF2570A
0002F430
0001901F
0007AAD9
000D3926
FFFE27C9
FFFD0DC6
00027677
FFF3BEFF
000058B3
FFF9DE74
0002CD37
000B4744
00041EF2
000DB029
FFFE1B72
FFF3BD8B
0005973B
FFFECC5D
000CD3D4
FFF778FC
FFE9ED38
FFFAE5C7
0007648A
0004ACB6
FFF1D044
FFFD55C5
FFF2BE80
000EB051
FFF393A1
0006A4B0
00080473
000E39FE
00142F9B
FFFB12F9
000E760E
00059F54
FFF8E708
00017010
FFFA31A1
0017BCE7
FFF99151
000E19B2
000847DD
0005EA3E
FFFC5A82
FFFEECF8
000774BC
FFF82FA6
0006255E
FFFCC9E2
000181B4
FFF38EC6
FFFD3CC9
FFFDA7CE
FFFE608C
0006233F
0005F031
FFE95ACB
FFF492C6
0005FDB5
0000D2CB
FFFB34AB
0011CB5D
00021D79
FFF76358
FFF70AF2
FFF52744
000724F2
000AACC3
FFF69FF7
0005DCEC
FFFB7FDD
00093FCF
FFFC777B
FFFDB3DC
FFFAFA79
00047D97
FFF9C96D
0008688F
000B6C22
000D318E
000C7257
0007C6CA
FFF59469
000A054B
000A9F5C
0000B69D
00092FF6
FFF370E2
FFFC82DF
00050226
FFFC69B8
FFF6993F
0007BFA3
FFFBDEDD
0007FF1E
0002DDEA
FFFDFF58
FFF1B6C0
FFE9A604
00027684
FFED59A5
0006AA0D
FFFC6D6B
FFF3E547
00057BE8
0008A5DB
FFFF381A
FFF26014
0004AC33
0000C9F5
0003F442
00073581
FFF8E46B
FFFD86B0
000C6F00
0006C2B6
000A2014
0008E3DC
FFF3CD38
0003F526
000ADC21
0001BCCC
00023105
FFE79165
FFFF06B9
000FD34B
00060478
FFF9369C
FFF865E7
FFEB596F
FFF5A81D
0009951C
FFFBFD1E
0002757E
000F5E41
FFF4E712
FFF97985
00036EA3
0002795D
FFFB27CD
FFFDBCEE
00088156
FFFE0C59
FFFCCCA2
FFF05128
FFF6E1F7
FFF82463
FFF91CDB
00012ACB
FFF849F6
FFF535DA
FFFFB401
FFFE4D9B
0002DF7C
000404D4
FFEC9BC9
000B5F5D
FFFB6DFA
00070C44
FFEC39C0
FFE7DCAE
FFFA1148
00009E68
00075D8F
0009D95A
000F1BA7
FFF6CD00
FFFA969B
FFFD40D4
00014185
FFEA3EF4
0004CC48
FFFFE730
00059C64
FFF77781
FFF488D9
000DB61A
FFF935C6
00017AE8
0002069E
00060DE7
000AE0E5
0005581B
000973E0
00032CAA
00022BD1
FFF7C930
000606DA
FFF355E9
0001A741
FFEAA4B1
FFF67BD6
FFFAEC21
FFF5D269
0009E38C
FFF1EC3A
FFF73EC4
FFF79525
00099BA6
0008716F
FFFA6BC8
FFFD75D6
00005F84
0004B38B
FFEFAB05
FFED4EA9
FFF26600
000D34F5
FFF23F5A
FFF01997
00076B90
000B6A7B
000A65D3
00029B6A
0003C287
FFF93C64
00028D3D
000A6216
00051D50
FFEED7EE
FFE8E9EB
00055EED
000D1B90
FFF81DBF
FFEA5D3D
0012744B
0006B336
FFF9393E
0002EA0C
0002F036
FFF2287C
FFF7C020
FFF39371
FFF03A77
FFFB5D24
FFF5B770
0000B086
000018D7
0005EE81
000221F3
001495B0
001368C8
FFF785A5
000A1A8F
000836F9
0000C7D7
00022EE3
FFF2683A
FFF6453F
FFFDAE10
FFFFC075
FFFC16D6
00012D09
FFF67575
000E620D
0005A5FB
00072D9E
FFFDD51D
FFF6AF6A
00092FD3
0008E152
FFF53331
FFFCC3C2
FFFD32E8
00098926
000AFF63
00055421
FFFA5A60
FFF74B83
0009609D
FFFD5595
FFFA6687
FFF27FDC
000EA67F
0002C6EF
FFF1995A
FFFD7D28
FFF7ADC5
FFEF2214
FFF6FA3B
000E4933
00001C57
FFF27FEC
FFF07BF2
FFFF2112
000FD906
00092020
FFF2EF4A
FFEFF583
0000A198
FFF6BBF5
FFFCCB75
000A52D6
00022566
00036739
FFFD9778
FFFE94AA
000F9CFF
000C8B2C
FFF8AA53
FFFCB99F
00085770
00064F9A
FFFDD83D
FFFA82C9
FFFC1E96
FFF4F994
000B35EE
0002FF17
FFFEC0F9
FFF1CB60
000ADD00
0003D602
00059BF6
00051581
000405DD
FFFB9021
00030EFD
00086FEF
FFF7A105
FFFF7736
0003E9E8
000A3178
FFF5F3D8
FFF9513C
000858A4
000D83D4
FFFBAE11
000B32DF
0008CCBC
00027EB2
FFFFA401
00023F11
FFFCE2C1
0003BD2A
000006E7
000784B3
000C5233
FFFEFCC4
FFF0A654
FFFA1DD3
FFFCE5AE
0006178E
000D6639
000D4E8C
FFF24837
FFFB4003
000402D2
FFFD2DA4
FFFE5536
FFF18F33
0001D41E
FFFE7BB9
00026822
FFFAC065
00040529
FFF57D3E
FFF9D64A
FFFF8517
00035D01
0006EBD7
00020F6F
0008B740
FFF53180
00069C18
0002A410
00043BC4
FFF32E91
0009458E
0001F9C8
00034F85
FFF76880
0009EB95
00047D2D
00101338
0007BBD8
000232A5
00091E24
FFFD0B1F
FFF8F73E
00094EB7
00075E64
FFF54A2C
FFFA26E3
0002BA33
00059017
FFF3EC9D
0007086F
0003554A
FFF97EC9
000449AD
0003C23D
00013793
FFFB0B46
0005B7F5
000AB714
FFF92843
FFF8B044
0001326C
FFF3E6E7
FFF8B9AC
00039DD1
FFF6CA9B
FFFA5C4A
000C1CBB
0007F015
00030714
FFF64F18
00047E75
00019EC9
000EECEE
FFF7002E
00064FDF
0008BD83
0009687D
FFFE6388
00168B99
FFFFF1BF
FFFD4280
0009C48F
FFFEDF33
0005546E
FFFF4FCB
FFF2B486
FFF4FC49
FFECE3C1
000AACD0
000013BF
FFFB6FA8
00071167
000560E5
FFFFD33C
FFFDB0CA
FFEFC093
FFF99C8E
FFFC4DBF
000AF6F4
00040C8A
FFFFE60C
000F2025
FFF7B367
FFEE02A9
FFFF2977
00021A80
FFF524FF
0004677E
0004C8FE
00022D10
FFFCECBA
000A6837
FFFFEE29
FFF629D8
0001E824
000A720A
FFF0A343
00081699
FFEFA050
FFE4D606
00021B1D
000272BD
00063104
0005FBBF
00018814
FFEC0A8D
FFF4B8E8
00005C66
FFF1A1FB
FFF72FBF
FFF95A4A
FFFEF595
FFFE61CC
0005AE58
0004CB5B
0004C708
000C4FD1
FFF68591
00002F48
0001C839
FFEA71D0
FFF2D277
000D0AF1
00006063
FFF802EA
000385ED
00028E35
FFF9C006
000A406A
000A2C4B
00008CBE
00001E4C
FFFD4C55
00000D6A
FFF8E044
FFEEC227
FFFDBD81
FFFF0172
FFF3BEBB
FFFD2F69
FFFA8957
00007BE7
FFFF51CD
FFF7766D
FFF67A97
000942F4
000ADFA8
0006C0F6
000E967F
0009CAFE
000A3264
FFF35C86
FFF80173
0003AE46
000C403B
FFF60401
FFFEDC27
00016465
FFFFF4AF
00027E39
FFFFDA22
FFF7CB30
FFF9DF35
00054C7B
FFF231FB
FFEEFD62
000A022B
00030847
FFF23BE8
FFF94F48
00082CB6
FFF9D184
000BF81C
0002144B
00015960
0009F1A2
000B9499
FFF0655B
0001EA55
000B0C6C
0005A257
0004E902
FFFA9AF4
00167B70
0011C99F
000325F8
000D2007
0008A8C2
FFFE43F8
FFFCEB9C
FFF7D23B
000AE5D5
0004C309
FFF9A26A
FFFE161D
000EFB04
FFF3F7A0
FFF5D270
FFE400B0
00081E2E
000C3967
FFFA8084
000C5535
FFFABB43
FFEBD465
FFFC132D
FFFBA518
FFFDDEB2
FFFCA118
00059C0F
FFF66851
FFF970B8
0004DBEE
0004416B
FFF9ED21
0006DF3A
0004417E
000EB4D7
00005B08
FFF593F9
FFFAAB72
0011EFA1
00004E90
000C4F03
0002BE43
0006DF52
FFFBF803
00015898
0008F642
000E5CD5
0011115A
000B6D95
FFF5FAC5
000434EA
FFFA4C49
FFF64684
FFFA69AA
00082B79
FFFA8D63
FFF13301
00112A98
FFF00D46
FFF9DDD2
FFF4B4F1
FFF93418
FFF53E2F
0004415E
FFF839F9
FFFFA8AA
FFFBA3FB
FFF9EF3D
00083EC9
FFFAAA57
FFF36D21
0006A853
FFFC8F0C
FFF37FEF
FFF1B19E
FFF08F78
000B3274
0002BFD3
FFF8E793
FFFD28FA
FFF3E72A
0000F6B2
FFFF6429
0000F710
000E4EEC
FFF39A60
0006409E
0010EC98
FFF11BAE
FFFAEC03
000C56B0
FFF3094A
FFFD3B6D
0003FBF9
FFF6C9EE
0004E8D3
0004B617
0002F5BC
FFFCA2C6
FFFDEDE4
00022B64
0003BCFD
00072B5E
000159D9
0005D4CF
FFFF4558
0009B7B7
FFFC7FC7
FFF142BB
FFF98009
0002CB6D
FFFD3A18
FFFB93ED
FFF92011
000A39E5
FFFB0BEE
FFF6669F
FFEE38CC
FFF2B5A2
FFFB6969
FFF53990
0008574E
0007D754
00074DCF
0004523B
0001A4BF
FFEF760B
FFEEF7A4
00060D32
0002E4BA
FFFAC0F4
0012D9C6
0000FA85
FFFDF3D2
FFF36CA7
000384F5
FFFA9224
00051537
FFFB1ABE
000C0372
00142C7C
00007F60
00052698
FFFB8C35
FFFDC0AD
FFF25F98
000CA960
000ADD5C
FFF9EB1C
FFFC8D75
FFFD4AC1
FFFF003B
FFE7E86E
FFF1067B
FFED6FB4
FFFD0C23
000A4CC0
0006E369
00078AEF
000EAC4E
0009F2AE
000358AD
FFF60EA8
0002FA01
0003C8BB
000A9D33
001748D5
FFF394DB
000B7772
0005EC3F
FFF33D75
FFF841A6
FFF3689A
000F05D5
FFFA82C3
FFFBAAE7
000FA241
FFE97421
000CB43A
000E83F8
0002C0A1
00072A93
FFFE88D5
000CC291
FFEA7043
0006A1EE
00020C88
FFFBB68F
00052F47
000097D3
FFF27BEA
FFFA32DE
00030D51
FFFFC1C1
FFF6E464
FFEE9604
0002BCC3
0006FB5F
000A0BFC
0009899A
0001FD28
FFF8A70A
FFFCD95C
000E310E
0002A734
000CCD1E
0004C5AC
FFFDEBB6
000911BD
00156916
00029513
000503B1
00040C49
000B43E6
000651A3
FFFB5167
FFFE3770
000D18B1
000535EE
FFF32682
00092EF5
000D8E23
FFFA7344
000136B0
FFFC0A64
00097A8A
FFF7725B
00073BA4
FFF6C3B3
FFF46884
FFFAE430
00061C12
000464DF
0005FF17
FFFDB30A
FFFE257D
0004C22C
FFF178D1
FFFB36C8
00075475
FFF804B4
000BB6B0
0012F14F
FFF28802
0008324A
000353E2
FFFFEF07
FFFC8866
FFFE808A
FFEEDDE5
00063B7D
0010138A
FFF794B3
FFF04048
0009E624
FFEE6DA0
0003270B
FFF784E5
FFEFBD01
FFF79AFE
FFFE0DAA
FFFF6A81
00051181
FFFBF6D5
0009A7E1
FFFEFD18
00027460
FFF31B33
00049055
FFF8B127
FFFB1C75
FFF3BF60
0005ACE7
00005202
FFF70CF3
0007E335
FFF23909
FFF4779B
0000D5B5
000945F2
FFFA973E
0002E520
000372BC
FFF387E6
FFF978C2
FFEFBFC1
00016B7D
00030EA2
00009DBC
FFF6C56B
0003BD76
FFFD37DD
FFF47094
0017143E
FFFD5051
0002947A
0009C830
000493FD
0001538D
FFFBF842
00062602
FFFA6F79
FFFB5D4C
000F32E1
FFF1960A
0006B4C3
000DB261
FFF09D09
00042311
00133FD3
FFF7BDFF
FFFD10EB
000133F2
000C4FA5
FFFB8DF6
000072BE
00053239
FFEF8DD6
0000E8D6
00007030
000FFE6F
0002AF22
000F085F
0004E58D
FFFA3A0D
00005A34
FFFD0D76
FFFCA770
00061B03
0003F840
0008745B
0004F827
FFFD3211
0004E4B8
00053826
000664C1
FFFC9DEC
FFFB5E16
0014A713
FFF9635E
FFFC990F
00163108
0019A746
00035597
000A28EC
0009A5B5
0001F149
FFFF7CDA
00071E5F
FFF61B0F
FFF23A30
FFFDD523
00036EC8
FFED522B
000CA29A
FFF652C1
FFF57E8E
000B074A
000629BB
000336D7
FFEEB915
FFFB249B
00002DEB
FFFABCE8
000ECC5E
FFFEB102
FFED7C4E
0002C2A4
FFF9A41D
0005FF3C
FFFFA74D
00092CAD
FFF9D123
FFF4192A
FFF8CC04
FFEE7198
000DCFDF
FFFC1887
FFF8354B
FFFB038F
FFF68384
0001CEDC
FFF7D347
FFFA4B0A
FFFEE8A7
00080A18
FFFF34DE
000B54D6
FFFC5272
FFFF41B9
000A5F24
FFFCB94C
00003151
0014EDE2
000112BD
000A019A
FFF5B38E
FFFCE69F
0003EE9B
0006D99D
001AE6E0
FFFBD786
000FB0E0
FFF8224A
00073E10
FFF667B4
FFF88E94
FFFF128C
FFFF201D
FFFDDD65
FFF5615D
FFF6E9EC
0000B70D
000810AB
00050E96
FFF7C09F
FFFF9825
000EECB4
FFEC6198
0005AE72
FFFA0E93
FFFD1D7E
000FF9A7
FFFDF592
0009E2B6
0013D2E0
FFF2ABD2
000067CA
FFFA70ED
000DB1BF
000323CD
FFF1A11E
00051659
000882EE
FFF39237
0000B7B5
FFFD052C
00045B62
FFF64B20
FFFE2273
000496C6
FFFE04C5
FFEE3BFC
0001C88B
FFFC52B9
FFF98C3A
FFFF7BAE
FFE7E2CF
FFFF0CDB
000F550A
0000FCCB
000A72F8
FFF92530
FFEDB5B7
0001E14E
FFF761EC
FFFB6E2D
00029974
0000441D
0000EBCE
FFF1C047
00009522
FFFB8EC8
00096C6D
FFFD8875
FFF80F47
FFFBB44A
000AD5FF
0004F067
00099B7A
FFFED8BC
000317F0
FFFC71B1
000F10BC
FFEEDE83
000186E7
0008C667
FFF30ACF
FFFE7D6E
00049200
FFF320CF
FFFE5AF8
00086787
FFFE1F68
FFFF905A
0002AAD9
FFFADA09
FFFE88EF
000C5007
000179F6
0005767D
FFFF2964
FFFF5770
FFF948F5
FFFBB1D9
FFFE7A0E
00058001
0005C8D6
00003DF9
00034458
00033521
FFFE8E5A
FFFE72F0
0003F3C0
FFFC1A57
FFFC4708
FFFE2D7D
FFFEF688
FFFF01CD
FFFD1421
00034E0B
0004A494
0004B3CF
00017293
FFFF6428
FFFB5E87
000328D4
00024C1E
000417BE
FFFC963C
FFFA9252
0002339D
FFFB29E6
FFFE3CCD
FFFD76D4
FFFC32E4
FFFBD7CE
FFFC72C8
0000BB74
0002228C
FFFD902F
FFFECAA6
FFFF0A05
FFFBD672
0001246B
FFFE8B72
FFFD945E
FFFEF833
0000B6A6
FFFD6311
FFFC5CFA
FFFA9FF4
0000228A
FFF60463
0002C918
000191FE
0004C664
0000A859
00058A5E
00071A6F
FFFD19BB
0002AFDB
00037ADB
FFFE6F9B
000099FB
00059A26
FFF863B6
00035EC2
00046FBF
FFFC88F2
0006238A
FFFC8190
0002A9BA
0002C0B8
FFFBAF72
000130A9
00067A33
FFF879A7
FFFA8660
00001E6E
00023711
FFFB0A51
0002A5DC
FFFD8D1E
FFFEA036
FFFC4042
FFF8D588
0001C54B
FFF89D2D
FFFBB0B6
00004E26
FFFF90A9
FFFBCEF3
FFF99BCE
FFF92E4E
0003CF18
FFF8DFB6
FFFA3447
0000DAF1
FFFBEA27
FFFE0144
FFFBD4D3
00012FFE
FFFE247A
FFFF7D10
FFFDA2E7
00033EEC
FFFB9B8B
FFFC6978
FFF57497
FFF6DDF2
FFF984B7
FFF9120D
FFF80EB2
000265E2
0000ECC6
FFFCD887
0000A0E1
FFFF86B6
00050691
FFF83FFD
0005D110
FFFB6A90
0001B1AE
0004B7DA
FFFA4D93
FFFD2C04
FFFC3925
00028F1A
00000157
0002A375
FFFE2806
00020AA5
00024299
FFF776B6
00027B3B
FFF307ED
FFFD9A9C
FFF85614
FFF8C32F
FFFC62D7
0000C527
FFFB1DF1
0001EE5F
0001AB47
0001B0E2
FFFB2374
FFFD3A50
FFFEEF2E
FFFA73D7
FFF74B43
FFFDA716
0003529D
FFFF3D70
FFFB90D9
00068285
FFF8A504
FFFE5170
0005F347
FFF4D3A8
000371D3
000199CE
FFFE5D3C
FFFE390C
0004F0DD
FFFBE7A1
FFFFF134
FFFEFE69
FFFC39DD
FFF6A743
FFFD0E7D
00057703
FFF724CE
FFFDD9F8
FFFE1100
FFFA6B90
FFFB5800
FFF9BE48
000018B9
0000B5B6
0001CCB2
FFFB479F
FFF929CA
00039E45
FFF88AA7
00000AD8
00030922
000021F8
FFFC43DF
FFFACB91
FFF944BA
FFFE7446
FFF9B71F
FFFEFD67
FFFD589E
FFFE2EAA
FFF9CE9E
000071B9
FFF9376A
000124BC
FFFE95D4
0005823A
00072555
00030ACB
00018001
00067973
0005E762
0001300A
FFFDF27D
FFFBDBB2
0002CC53
FFFFE6BF
FFFEBCC6
00009DC8
00044432
FFFFA098
FFFDC056
FFFE2DD8
FFFFBC01
00027A5F
0001B530
0005A958
0008BA6A
0001AAF0
00096773
FFFCCEC2
FFFC85C1
FFFE78E4
FFF9EC45
0005398B
0004D9A4
FFF70295
000105DD
0002C6F9
FFFAB916
FFFF3382
0003188B
FFFD52A4
FFFD709B
FFFF7429
0002C87A
00016DA0
FFFEB500
FFFA2B3E
0004D09D
00056526
0003E436
FFFBA47D
FFFE7472
FFF3D80D
0002D2E6
0005788B
0004603C
FFFFF23A
0004363C
00054CBA
0001C573
0003962A
00015821
00042175
FFFAD712
00043C28
000070ED
FFFCB25E
FFFBDB20
0008F6D7
FFFA9F57
0005AAAE
00049167
0006134F
FFF8EBE8
000472E3
FFFD7B7A
FFFF1E2C
00037E73
000329D5
00023012
FFFAF08F
FFFDDE32
0002B700
00053CE1
00063B8B
FFF94A70
00026A93
FFF9899D
FFFAF39B
0005B6B8
FFF995B6
0004CD40
000AC020
FFFED870
0005A802
0001CA67
0000AB61
FFFF3297
00032881
FFFA340A
FFFB600E
00084A96
0000B1E3
0000AFB8
FFFEB15F
00009C52
00063B17
FFFBDD14
FFFC7D51
FFFEBCA2
0000E74D
FFF94E24
FFF9E61C
0001E0DF
FFF8D18F
FFFCA819
FFF9366E
00049A1B
000157CB
00040F18
FFFECB8C
FFFBBC82
0004FF5D
FFFE6614
FFFB4AB2
FFFC771F
FFFA4F49
00000DE6
00027D91
FFF920D1
FFFA8C61
00019784
000149B1
FFFC5E05
00069ED3
FFFD3108
000044CB
FFFD729D
FFFCF9A3
FFF8AD5D
00019C70
0002A02F
FFF7AD3A
FFFC857D
0004F14F
0000EDC7
00026FA4
000410E7
FFFDDE53
0000A50A
FFFD2A8C
FFFAB8E9
00064317
0003B916
000433A6
0003C56A
FFFFA2AE
0002BF97
000199B5
FFFB8F4E
FFFE7167
FFFA3E9C
FFFF85C5
FFFC4378
00021890
FFF6C979
FFF92CD4
FFFB5C38
0000C9E9
FFF9F4B8
000120DE
0005B8F1
000021B3
00001156
0000580B
00056C64
FFFEF5A5
0001DB4E
FFFC3984
FFFFA91D
00044891
FFFC666D
FFFE3D7D
0003EF01
FFFB26EF
FFFFEFD9
0003D5A2
00043BCD
FFFB3275
FFFFDBF7
FFF8BAF8
FFF5636E
00003E18
FFFD0632
FFFD3970
FFFEA42D
FFFE5161
FFFF800B
FFFF43FF
FFF96A8C
00049344
FFFC91A6
0000B7E5
FFFBB4C0
000B100C
FFFAF78A
0004BCE7
FFFBF711
000446D6
000839CF
FFFBDA7F
FFFF6ABD
0006F25C
00046957
FFFFA3BF
000709BE
0001C0E6
00015EFF
FFFC3395
FFFD262A
FFFEFF45
FFFE42E7
00024C34
FFFF3E50
FFFFCFB5
0004BDD7
FFFD9190
0003ECDA
FFFF3A3A
00019D8A
FFFD3987
000206C4
0001BD2A
00065B8B
FFFC9047
00046788
FFF6D67E
FFFEB1EE
FFFF0B30
FFF4D1CF
FFFC90E5
FFFEA3CE
FFF6BD84
FFFB6828
0001C8E3
FFFB35CA
FFFDD84D
FFFDFA74
FFFB781A
FFFF1BDE
FFFF9E57
FFFAFA1B
FFFF13C2
FFF73ACA
FFFC8A96
00007295
FFF878B3
FFFC2178
FFFCD660
0002DB85
0000C631
00024C7B
00006D54
00018DC7
00037AC8
FFFD7189
FFFD7F5D
FFF851AD
0003EAEB
FFF87634
0004A9B6
FFFCF051
FFFEE6FB
FFFACDE0
FFFD2814
FFF9CE70
0000C96C
FFFEAD64
FFF8C64D
FFFA811F
0002A1B5
0001FD3F
00081C03
00084ED9
00059B3E
000378D5
FFFDA8FD
FFFFC7E6
00010080
0004E08B
FFFEBB17
FFFC6DC1
0003E657
0004ADFE
0005E404
FFFED41C
FFFD29D5
000117E4
FFFB2738
FFFD1B5F
FFFB4097
FFF836F9
FFF8C33C
0001E545
FFFBE94B
FFFB7831
FFF7C77E
00040ADD
000C60D2
000398BF
0001BE63
0006E568
FFF8B58F
0004B747
0005BA53
FFFD9BEB
0006CE1A
00024EA1
0002823F
FFFFE84E
FFFF95B7
0001DE49
0003CF93
00018D0F
0007170C
000A6495
FFF89F81
FFF7F46E
0001E7EF
FFFC43ED
FFFF373C
FFF655B0
0000B8C1
0002A14F
FFFB245A
000464D5
FFF7924D
FFFD39E6
0005ABD4
FFF87337
FFFC9D8A
00058BA6
0004815C
0000B7BA
FFFC316D
000107D0
FFFEC1D5
FFF4C34A
00006C87
FFFC7A4A
FFFA3B66
000706DF
FFF7004B
000289DD
0003D628
0002104E
FFFDCCC3
0006DD54
FFFF9B58
0004611D
FFFD36A6
00032066
0001D81A
FFFCDEFB
000017B0
FFFE72B7
FFF98AEC
0001570F
0005F867
FFFCFEB4
FFFFAEEC
000B61A9
000B45DA
000354C9
0001F9E1
000CFF77
000FBD5C
FFFFF97D
0006A817
0012DB0F
FFFD343B
0008AC0D
FFFC2276
FFF8AD53
000619CD
000AAA13
000C2B2D
FFFC9CEF
00029227
000166C0
FFFD5440
FFF5BC36
000344E6
0002945A
FFF997A2
0000AB1A
FFF6E523
FFFFA318
000A871D
000D9BEC
000C0C12
FFFF2C03
FFF78234
00048794
000AA67D
FFFBC1C4
000C0930
FFF77AA5
00064E56
0009D221
FFF88AA6
0004895A
0001D014
0006D01B
FFFA6AF7
FFF61A14
FFF933B9
FFF7F691
FFFAA51E
FFF81309
FFFDBA9D
FFF9C117
00071B51
FFFC6B8B
FFFA1D4B
FFFDF55A
FFF14267
FFEF14B2
FFF2CF90
FFF4C61B
00047F2B
FFFFEF1A
FFF56CB4
FFF6884B
FFF6B47A
00057DBB
00073AFC
00125A21
0009072B
000C0246
0005B0F1
FFF95EFB
0000838A
0003543D
000B9A7A
FFFBB0B7
000B011E
FFF691EA
FFFC629F
FFFC1668
FFF3CE70
000B0DBF
FFF6E787
000BC037
FFFD4ED4
FFFDE479
FFFC7990
00014621
FFF8D6F2
FFFE8929
0001910B
00037C77
FFFAEEA1
00034B33
FFFE4686
0000CCC3
FFF86612
00010873
0003E8FF
FFF2A497
000BF607
00044BD0
FFFC67F8
000AAE0D
0009F429
0001CB3E
00094E31
FFFB13FF
FFF43352
FFF4C60C
0002F480
0001B258
FFF98E23
000682B0
0003ED81
00004D69
00015044
00018C2E
0000CACF
0007EB11
FFFAA2E6
FFF25AE0
FFF5C7CD
00014D49
FFF8D4F6
FFF3DFF0
FFF8A7DA
FFF9F5C8
FFFFBE94
FFFF42B5
FFFFA5BC
FFFAE46D
000867A4
FFFEA980
FFF8956D
000E7383
FFF835AB
FFF4AD01
FFEEE816
FFF4E05B
FFFD62D4
FFFA5763
FFF6490C
FFED5A61
FFF91896
00088CCA
0003FF25
FFF7384E
000524AB
00012D72
FFFB4B1A
FFF93172
FFF5B60A
FFFB872A
0000ADDD
00031E26
FFF8A1FC
FFFC946B
FFF7719D
FFFD5F7E
00002348
0000B8AC
00013458
00015282
FFFA16A6
0003391C
000BEB63
00058482
FFF9B0FC
000283BE
FFFDDF8F
000D1BED
00004969
FFF9E48D
0000DC29
000C546A
FFF3CDCA
00067457
FFFF1774
FFFFA00B
0003522E
000771A4
FFFDAD4F
000232D0
FFF9F983
FFF5A08E
0007283D
FFF3F762
000544B6
FFF77AA3
FFFBB1FE
000A1A85
0006160F
FFF21554
FFF95CA3
0006D1B9
FFF87E16
FFF1B405
00058F1B
FFFD9887
000A234A
FFFDDC03
0008D6B7
FFFDA5AE
000F32C1
FFFAC202
FFF71BF6
FFFCEBD0
FFF5ECF8
0002A423
FFFDB100
FFFA12CF
0001C9A2
000411AD
FFFB78AE
FFF37D74
0000E887
FFFD57C4
0003D143
FFFB801F
0002146B
0008F2AB
000CA106
FFF83EDD
FFF5B4DA
FFF3D1A3
0006E390
FFFF90CB
FFF3DEF7
00092A8D
000E0493
FFF6C73F
FFFCBAF7
FFF150AB
FFF3D99C
000C87F1
FFF9C6F6
0007B0A3
FFF83825
FFFC5F56
000A528A
FFFCF77F
FFF56E65
FFF70536
000460F9
0004A5CC
0005C665
FFFDE3DF
00036EC0
00086FDC
0003F188
FFF605E2
FFF792D3
FFEDB709
FFF57F80
FFFCA317
000A9E38
FFF360B3
FFEF65C4
FFFC25EE
FFEF5AD0
FFFB91A5
FFF428C2
FFFC168E
FFF02AB0
FFF8BBB2
FFF69F05
FFF62A2B
FFF6E6C8
FFFD0C65
FFEB31B1
0003B78B
000B386C
FFF614FE
0003F631
000D4D4A
FFF48D37
0002E2F0
000C0A3E
FFF3D7F0
FFF56229
FFF84D6B
FFF6E1F6
FFFBCBAA
FFFF0AAD
00032A43
FFFC0DE0
0005B813
FFFE4E2D
00031756
0005185D
00069DCD
00050FF1
FFFDD720
00030600
FFFF1188
00003719
FFFD82D8
000294C9
FFFBEF4A
FFFD3BC9
FFF82F27
0003C512
000A70EA
FFFEB1AC
0008CB4A
FFF9DD7F
FFF95AB3
00042A7E
FFF6A6F5
0003D545
FFFC9E75
FFF6ABB5
00030A0E
FFF93107
FFF8FD45
FFFA615C
0004FB6F
FFEF591B
00052BE9
0002B6CC
FFF13C78
FFFB50EE
FFF8C1C6
FFFC8D23
FFF89DA3
FFF3A0BA
FFF996A4
FFF555DC
FFFCD853
FFF5C3C4
0003F022
FFF81D3E
FFFE0860
0002DB6B
0006F9A4
FFFF8F36
FFF32961
FFFC238A
FFFA827E
FFFB4AEA
FFF9C2F1
0000402F
FFF71230
FFFECA46
0007D017
FFFE5859
000A36E7
000921FE
FFFE6886
00006B26
0005FAC8
00036863
000B72B2
00069C80
00037CFC
00024872
FFF36A8F
0006EE71
00055524
FFFAE7CF
FFFD6581
000E7649
FFF855A1
0001DB9C
00055F74
FFFB4736
FFFD4A8A
0006CEEF
000A18D4
FFFE8B17
FFF4F42B
FFFB3260
FFFC4FEB
00005302
FFF5D636
FFF59629
FFF933CF
FFFF8539
FFF4C703
0004261F
FFFC454F
FFFA399E
FFF89250
FFFEB6C8
FFFE9E80
FFFC739F
FFF5BC8B
FFF9558B
0005C4EA
0006BD00
FFFECC5F
FFF3F0BA
00033EE2
FFFECD4B
00026F2E
FFFB9D08
00067B3C
000A9496
FFF431A7
000A0528
0001A793
FFFCD91E
FFF93200
FFFE0A19
FFF76464
FFF0EFF9
FFF6D397
0006D164
00005FB7
0007B5FD
FFF9B9AC
0008B2D2
FFF86AAC
0000F2E1
FFFDF521
000568E2
0004A6AF
0005AE8B
FFF35798
FFFB4A87
00007AF1
FFFFA6A5
000BCB5C
FFF3D3E9
FFFD5054
000A152B
FFF7696D
FFF0963E
00089887
FFFC19FF
FFFB33E9
00022BC5
FFF2E74F
FFF7C52E
FFFFD039
000266CF
0006E3BC
FFF885C9
00056121
000163E3
00088579
FFFD4884
00043208
FFF2F30E
FFF98D7F
0002DE72
FFF99A28
FFF91FC7
FFFA74B3
FFFA595A
FFFB607D
000DAB0C
000659CC
0006FC3E
000AFA34
FFFA4ED7
FFF9AAF1
000A9F4C
FFFC0978
00071AAE
0005816C
FFF82275
FFF27845
FFF612C7
FFFDC013
FFF53595
0003A599
FFFE9993
FFFD38A3
000BE5CE
00062514
0003A662
00093B51
FFFF5E8B
000669E9
FFF979E2
FFF903C2
000220F6
00008C63
FFFF71F5
000646B3
0007D6F8
00076248
FFF9B51F
FFFB9081
FFFBAFF2
FFFCD9CA
FFFD94DA
FFF8DB00
000D30F9
FFFDA9C4
FFF7A94A
FFEB6F51
FFFB594A
0000130D
FFFABFD9
0000E128
FFF3E7B2
FFFA6913
FFFFA45C
FFF9BCDC
FFFC9AB8
000A1FD1
00046F2B
000CFBDB
FFFB356B
FFF74ABC
0007EF22
00054A3D
FFF37C24
FFFD27EC
FFF84CF9
0000222D
FFF7C9E8
000249C7
00003952
FFF9BC12
FFF4F082
FFFF78DA
00094B9D
00020A23
FFFC43ED
000A1353
FFF9CCB9
FFF4BBA1
FFFB534D
FFF300A0
FFFE9ED0
FFEEE4B9
FFF0BFCC
FFEB4F66
0005A810
FFF9A7C5
0005D9AE
FFFC2970
FFF9DBF2
00003991
0001929A
FFF73F26
000116AE
000175CB
000E267D
0005132A
00000948
FFFAF25D
0005950A
FFFEB6FC
0009D9ED
001054F8
FFFAD06C
0001B543
00055C61
FFFCF2AF
000C88F7
0002D1F2
FFF075FF
FFF69DB5
00059946
FFFFC0E9
0009BCD4
FFFEAC90
0004852F
FFFE5175
00044478
FFFFC7DC
000293FB
FFF501D3
00004751
0003B16F
00042AFF
0002C407
0001AED5
FFF7016C
FFF0DC76
FFF71F98
0005D873
00054D13
FFFA340A
FFEB8B68
FFF76D6F
000A1187
FFFA9C8E
FFF40B66
FFF2A4B3
00020F99
00086F35
FFF5CF2D
000419D5
00084D05
FFF32BB4
FFFBF011
FFF3C600
00042D76
0001F87B
00019CCA
FFFF1932
000B9F66
000B594C
FFFD885D
FFF89BD1
0007F75E
FFF6CFAF
FFF3F349
0002B4B9
000E4748
FFFFD3BB
FFFAB8CF
000016E2
FFFC528F
0009495C
FFFB495F
000AAFDA
FFFCF65C
FFEF0993
0003F74B
FFF5DD4C
FFF34FC3
00081CD4
000782C5
000EB066
FFF8D795
FFF3DC81
FFFB4CA5
000982E0
FFFADD30
FFFE5F2B
FFF7EA04
00002BDA
000364FC
00017BD2
0002C251
FFFD3E1C
FFFF6CE4
0002BEA2
0000928F
FFFF65DD
FFFDB7BF
0007BF39
0002B0CA
FFFD0E6D
000DCB00
000A263D
FFF3D06E
FFF6E7D8
FFF639A4
000BB192
000CDCE0
FFFE66A7
00075F30
000551F4
0004C821
FFF451C3
00028BD7
00007448
000598A1
0001C58E
FFFDE687
FFFF5186
FFF2AA79
0003480A
FFF9C38F
FFFB8ABF
0002C71A
FFF86A09
00084E3E
00026BBE
0001C173
00015274
FFFD5392
000C3223
FFFBE0F8
FFF63988
0006A8EA
001192B5
00020279
0003AB19
00075C0B
000A1A68
FFFF0CF0
0003137F
FFFFCBFB
000D02E5
000C4612
00022407
00018D18
FFEFE55D
00048A53
FFF70D45
00000BA7
00031EFC
00024D4E
FFF53BD3
00086923
FFF38A7C
FFFC98C1
0004AD45
000E61BC
000B21C7
FFFA940B
FFFE446A
FFFD3FDC
FFEF8FBC
00169FBA
00087C24
00076008
0007F6AA
FFFFF3BE
00015D78
001277B8
0008523D
000AFD4C
FFFDFE3C
FFFCACF6
0005D169
FFF4241F
0012479E
00037202
00044C9B
FFFE981A
FFFCCF66
000731A3
FFF6C7AF
FFF9FD4B
FFFFD6E6
0006D5AD
FFF5BFEB
FFF90CAF
FFF61F01
FFFCC780
0003B0D7
FFFA1269
FFFE47B1
0005BEC4
000CD2DC
FFF580B7
00061531
FFF27A5B
FFF9689B
0008E706
0003A0AD
0004CB92
FFFA4591
000BFC4C
FFFBB699
0006A6C4
000A185A
FFF725E0
FFF34963
00061978
FFFBF3B7
0001278E
FFF35EC3
FFF1E8B9
FFF61A2C
FFF926CC
FFF31079
FFFD598F
FFF5AE69
FFF9B18B
FFFF5236
FFF9CC19
00044202
FFF244EB
FFFB70DF
FFF38779
000797AD
00064BF0
0007F05C
000C2A04
FFF9D1D0
000D2207
FFF5B976
000BA7FD
FFF7A771
00049BA6
FFF9756B
00097277
FFF4F790
FFFDE330
00059F6B
FFF39F70
FFF67C17
00028B50
FFF3C974
FFFB7FC7
00055F59
FFF016BD
FFFD06B9
FFF3D2F5
FFFE97CD
000586B8
FFF8907A
FFFAB92F
FFFBBBEA
00090366
FFFD2760
00073659
FFFA1A26
FFFAA36E
FFFFAD9A
00018C45
000542EE
FFFE2773
000F008D
0008B84B
000F7C52
0002C25A
000E5F67
00209F16
0003D1A0
FFF95F3E
FFFDEB2B
FFFBFC6F
0005E04E
000BEAA3
00032539
00037E35
FFFC18CA
00017100
0003BECE
0002E1DB
000C94BD
FFFCD770
000568C6
FFF46E53
000A28DC
00001486
00066CBD
0007F2DE
FFFAC976
00049476
001061EF
000037CB
000E3C85
00085769
0017E8A5
0008A81A
FFFE88E6
FFFA3174
FFF45F22
FFF25AD7
0006C4AF
FFFA9DC1
FFFF7C0B
FFFE7EFD
00003284
00063822
FFFC8A66
FFF56EC7
FFF2B80A
FFEAFD82
0005B104
0001300C
FFF94569
0002C368
00064B1F
000213EB
FFFF2333
000B2B2F
FFFAA47B
FFF72452
0011338B
FFF5C8A1
FFFD2C36
0003BD9E
00052FC0
000B7695
00010BDE
000DACD3
0000C999
FFFA0C73
FFF6F000
0002342D
FFFE2F62
FFFD0F4A
FFFBDFB7
0007E26C
0004072E
FFFAE91D
FFFD978E
FFF08357
FFF3FD48
000E10D2
000E2CA8
00002F36
FFFC0C36
000BD8D1
FFFD6A89
FFFDFCD9
00037841
FFF64300
FFF1BB97
FFFEDB8D
FFEFFBD3
0006B220
FFF99E82
00079DF1
FFEE7F95
FFFCC976
FFFECD01
FFF758F4
0001E151
FFF55751
FFF3C970
FFF8065A
00032418
FFF7E5AE
FFF990A2
FFF341CB
00034C5B
000B01EA
FFFAB966
000EECF4
0004C5CD
0004C43D
0001650E
00105CAB
FFFCD2CA
FFFBCD8B
FFF5FFA6
FFFA8251
0006CB99
0003A668
FFFC1502
00037F9F
FFF9AB53
FFFD6CFA
FFFE87F2
FFF85D58
FFFEB4CE
FFFCFBC5
0000FC94
0000912A
FFFD39EB
FFF40CC9
FFEF4337
FFFD7777
FFF099B1
FFF81A89
000355FA
FFF530EA
FFF5D171
FFFB6FF4
00020554
FFF5F974
FFF81A6E
FFF0C42A
00069578
0009CC05
FFFF6401
0003DE6D
FFFBDAB1
FFFB16C0
0003EAB5
00042589
FFFABF35
000C9316
FFFF2546
FFF11E96
FFFDB96B
FFFEC034
000891EE
FFF8851E
FFFF47ED
000755DD
0003BDE7
00087E01
00119034
FFFE130A
0008FC6D
000A9584
000E4D8E
0005F05A
000BD381
000F0206
FFFE74B0
FFF7BB96
FFFB4B2A
FFF5CB0E
0006DFC9
00054F0E
00099CBF
FFF9A698
FFFCF357
FFF62480
00029A0D
000630EE
FFF986ED
000B9398
FFEF3752
000ADC3A
0004DC8F
000D6B4A
0001FC88
FFF6E1F5
0002B240
000964D5
0007AB9C
FFFD2E1F
FFF28D95
0003607D
FFF6DF9A
FFFB0D0B
FFF41E3E
FFF1A37A
00071258
FFF66673
FFFA3A40
FFFDFAAB
FFFC01F5
00073E39
00065299
00048212
FFF563AE
FFFD9DD9
00019A9A
00069C50
FFF9A11D
0002AAC3
FFFA0A7E
FFFC4420
FFFD4F1F
FFFBAC76
FFF5CDE7
0003AE87
FFEBCA88
00040308
000960A7
FFF8F758
0001AED2
0000BB24
0003ECBE
00098AC1
0002801E
0003DD2F
FFF59385
FFF17EF1
000016C9
0004AA6E
0000AB0D
FFF6F1BD
0001D749
FFECC4B8
FFF243A9
00018A4D
00032D3F
000060E8
0003591B
FFF942DF
FFFB9594
FFFD3ABC
000643A5
0004D9AC
0000DC16
FFF6AEDA
00056436
FFF82EB5
000806CC
FFF9605D
FFFA872E
FFEF42E9
FFF5F873
000209B0
FFFAA8F2
00010CE5
0009007F
000D1628
00081DC3
0012A79D
0012DAB0
0006BB13
0004B94B
0007C4B8
000E3FC3
000B7987
000566B1
000391C3
00038550
FFFBD2DB
FFFA7566
FFF8FA79
00063F41
FFF48C2C
00057D80
0003CECB
FFF70B4B
00023CFC
FFFA496F
FFECA867
FFFC84AD
FFEF893D
FFF12B54
FFFC4232
FFF6A5B0
FFF1D25F
FFFA6685
FFFD2132
000140F9
FFF85EA3
000C2A7E
00018069
FFF769B3
000455E8
FFF95C08
00046853
00041541
000293C6
FFF65AF7
0007B14D
FFFC9020
000131C0
0005AF99
000644CD
FFFA511F
FFF4FF91
FFF81E2F
000AD8A7
FFFCBC67
FFFA178D
000C0AC7
0000B399
00098371
000D6709
0003DF82
000C54FC
FFF45709
FFF3F176
FFFFD26E
000655C2
000B5DD2
FFFCEFC7
FFFF5094
00024649
FFFD6D4E
FFFF4CF0
FFFA28B9
000FAE8D
FFF5D89D
000E5354
000FE98D
FFF9BAA1
000A9DCD
000608FD
0002671D
FFF52A03
FFFE3C4A
FFFD8765
FFF23D83
FFF7F9D1
FFFF0E89
FFF39FC2
FFF4C081
FFFB4331
FFFDB99C
FFF4D23D
FFF6DD96
FFF9189D
00080CE7
FFF8B25A
FFF3F67F
FFF45100
FFFAC0EB
FFF3CC5A
FFF44760
0008818A
FFF5A6C2
FFF15289
FFFB2EAA
FFFBA963
FFF7D320
FFFC207C
FFFF24E7
FFF9A48A
FFF95DB1
FFFEFF59
0006E62F
0005DC51
000467A0
FFF31175
00019520
FFFCE596
00024010
00007D4D
FFFF894C
00027ADA
FFFFEAA7
FFFB623F
FFFF611D
FFF7F078
FFF9E591
FFF60E43
00033167
FFFF8B67
FFF75A96
00050A55
0006111E
FFFF6D90
FFF86D7F
FFFE4A73
FFFCA5FB
FFFBAFB9
FFF8852C
0005A243
FFF8EF01
FFF312EF
FFF6046D
FFFAC108
000177E3
FFFEEB77
000236DD
00016074
FFF650D4
FFF9BB03
0005CC64
FFFEA7AB
FFF71E9A
FFF941A8
00044574
FFEBCB1C
FFFDB103
FFECA2D6
FFF2BD48
FFF81297
FFEE6B11
00062A22
FFF78BB3
FFF872C2
FFFAFD71
00039B3F
FFFA00E5
FFFCC639
FFF6B387
0000328C
0003EB52
FFF28F6D
FFFF8207
00029C97
FFFEF4D8
0000C69E
0004EDD6
0006C00A
FFFFBFE3
000B8784
000EC2EA
0002C429
FFFCBB5B
000CBB0C
00048717
FFFAB3E1
0009A038
00088DC7
00017388
00007903
00016B5F
FFF7DB86
FFF5A162
FFFBCB40
FFF3CE1F
FFF94E30
FFF38724
FFF9E589
FFF9770E
FFFB62A0
0006D9E0
FFFDAF33
00010E93
FFFF9C98
0002F173
00075D0C
FFFBC623
0007583F
0009008B
FFF5D1B3
FFFC7B91
00016117
00052D77
FFFB28CD
0000E7C4
FFF5FA82
0002D046
FFFEBDF9
000033DC
FFFB0B00
00033C21
FFFA0F92
0003D62C
FFF97B69
000050E4
FFFF2FC1
00072324
FFFE4E97
FFFF15F6
00057E8A
000629E0
00055A9F
FFF937BC
FFF8D9F7
0004A564
FFF972F4
00007265
FFF27C74
FFFF1A51
000274C2
0002A0AE
FFFBCB33
0005A356
FFFC4FA1
FFFAFBC3
00047EDC
0000585E
FFF63527
FFF87A05
000451C2
FFFF38D3
FFFCA5EE
000C4898
000BC997
000BEB89
000024DC
000F19D4
00087AF5
0011C995
FFFC32FB
0006B703
FFFCAA2A
FFF6F4B7
00002B44
FFFB68A9
0004210B
00009D0B
FFFCDDCE
FFF276C6
0005402C
00034844
0006C01C
FFFABA6B
FFFF798D
FFFBD4F8
FFF1D75B
FFFC7D74
FFFE3144
00069117
FFFF6E7D
000A3CC5
FFFEB93F
FFFF0A0F
FFFDC531
000B4360
FFFA3104
000A04A3
000112FD
0000FCBF
0001D0E3
000054D5
FFFC2059
FFF73C87
FFFB0E15
FFF5124A
FFFEE220
00056ECE
0000B4A1
00034FAD
FFFEA379
FFFDCD09
FFF5E1C4
FFF192C1
FFFB4910
FFF64702
0006E61D
00082359
00030835
00022BE7
FFF83636
0000A644
FFFD6D02
FFF88EE0
FFFCCB76
FFF9B0D2
0004BEDF
00005BF4
00045A5F
FFFA6E74
FFFBCC0E
FFFF8C5D
00047D21
FFFFA642
FFF4E680
FFFD812E
FFFB3AFE
FFF1E6AC
FFFAB08D
FFF87B12
0002959A
00007D49
FFF7AC0A
FFFDE61C
00074BC3
0008D048
FFFA50B9
0006C538
FFFAB0C5
00059830
000E94BF
FFFBF471
00093710
00093020
FFFEF3D0
001368F4
000922A5
0004AF67
FFFEE6C1
0001E79D
00048D04
0002CC97
0002853D
FFF81F01
FFFFFB0B
FFF58BE8
FFF68875
FFF6137E
FFFC85EE
0006D418
00054F78
FFF38E88
0009B6D8
FFFB5DD4
FFF351B0
FFFE3F60
0005D804
0004BD80
FFFCAAA1
FFF98F24
FFFC1CB3
FFFC84EB
FFF41098
FFFD7548
FFF643D3
FFF846BB
FFF93903
FFF5051D
FFFACE04
FFFF1967
000102EB
00065A7F
000054AA
000A8B8E
FFF8737F
FFF1B2ED
FFFD9BD8
00065E90
0000D962
00049A49
00015EE5
FFF529C4
FFF992A5
00004222
FFFAB546
00027B93
FFFE8E6B
000109A9
FFFBEFEB
FFFDA927
FFF69D4E
FFFB6057
FFF2663B
FFF87DD6
FFF990ED
00002632
FFF89045
000A4727
FFFEDA7D
FFFF0846
FFFAE2BC
FFF70533
0003E6B7
00064FB4
FFEFC5D6
FFFF7347
0001FC0A
FFFD3213
FFF681F3
00063417
FFF59A0F
FFFD579D
0000088E
FFFE818D
FFFE4860
000643D6
00046697
00096A4B
000848CD
0008CBD3
FFFCCE3F
FFF9A45D
FFF87DB3
00032F08
0000B134
FFFBAF1B
0002F6CC
00001DA4
FFF3448C
FFFCCCDF
FFFCD0C8
0005107D
FFF8E5AE
00018043
00040385
0001849F
0007BB70
FFFF2F9C
FFFAF877
0002876E
00078176
FFF28B79
00013CD9
FFF99496
FFFDFD5F
0003071A
FFFAE256
00049D7E
FFF8D2B5
0002865E
FFFCD4C2
FFFC75DA
FFF6D6B6
FFFEC397
0001A326
FFF8F775
0001E824
FFFB2A47
FFF5BA87
FFEFC01E
FFF4E0DB
FFF71F51
00018DAE
FFFE07A7
00080381
FFF661A5
0002A2E0
FFFEDABB
FFFA389A
FFFC8796
001004EB
00065655
000CAB9D
000E1FDF
000BD293
0008608D
000B53FF
000CCB77
FFFE2484
0005584D
00061625
00034737
FFF80BCA
000429BB
0006D90D
0008B335
FFFB7027
FFFDA84B
FFFBEF58
00065CB5
FFFF8620
000123BF
00003489
FFF4F797
00037CDD
FFF89F52
FFFB77D3
FFF87CB1
FFF01CDD
0003D09D
FFF7070B
000235A5
FFFDF606
0008A2FF
0002900E
00032ECC
000370E8
FFFB4974
FFFD85D2
FFFF6583
FFF8101D
FFFC5132
000A939C
000481E5
FFFC9060
FFFCDFD8
000B3398
0006AEF8
0005D6D6
0000E98A
0000EA7E
FFFC7E56
FFFED0D0
00029DED
FFFE1357
0000492E
000423BB
FFFBCCB7
FFFA6FD6
FFFCA6CA
FFFE34B5
FFF98BE7
FFF92B8B
FFFBEBC5
FFFD62AC
0001CA2F
000BA151
0009D372
000280B4
00024C35
000B270C
000214D6
FFFD1426
FFF8E062
000203AA
FFF66CB9
FFF54524
00003396
0004A83B
0003A46A
0003C390
FFFAF434
FFF44B76
FFFFB079
FFF447BD
FFF922FA
FFFFF221
FFF7D247
FFFDD3D0
FFF96F2E
0005F49E
00019E60
FFFBC99C
0002C7E8
FFF94204
FFF452CC
FFF5C3B7
FFFBB9F3
FFF6DF0D
0014CE2C
000DDD56
00066021
FFFA6B12
FFF4ECB7
00027780
000B809F
FFFED906
0008B435
000C42EE
0002C080
FFF9424C
FFFCC7BC
FFFCCC7D
0008B01D
00083A1E
FFF68847
00088467
FFF7144E
FFF5431E
FFF3C9A4
FFF1FADF
FFF3EF93
FFF86032
FFFBAD3E
FFFFC155
FFFAEEFD
00103C18
0009D6A4
00056B19
00027659
0001CE0B
0007A771
FFFE323F
00000A90
00014BDE
00040175
0001908F
0000296D
FFFCE96F
FFFBE5C0
0007339B
FFF68FEF
0004860B
FFF846E8
00051A4F
00055DE7
FFFFD177
FFFF1D3E
FFF2633A
FFFC93AF
0008D81D
0000F889
0008DE66
000C611C
000BF66C
0007C568
000806FB
FFFCAC0A
FFFD87A8
FFFB4531
000BA67B
FFFE60CD
000463B8
FFF6D732
FFFBD6A9
0002301F
FFFC3E3F
FFFE39CA
00083CB1
FFFA41D2
0006E62E
00027014
FFFDA824
0002B3EC
FFF52627
FFF92FA5
FFFBD9A3
00036C4B
FFF29C86
FFFCA126
000863C8
FFF7D12B
FFFAAC6C
FFFB99F6
FFF253E2
FFF9E2FB
00095D39
FFFF593E
FFFD1808
0004A8FB
FFF59C10
0001F51B
00120D72
FFFBB56B
000F8B11
FFFEEDF1
FFF975B9
00071122
0000E5A3
00084B9C
FFF43A5F
0000123A
0008647B
FFF71A0B
000812ED
FFFD14FD
00098992
000AE5F0
FFF322F1
FFF5372D
FFFB29B4
FFFF477A
FFFB1386
FFFED222
FFF10C5D
FFFEB855
0006A84A
FFF9D2E5
FFFEB99B
0008BEEC
FFFEA3FD
0002B021
00017442
FFF77663
FFF10337
00075BF6
FFF6FBB9
FFFD9CC0
0003374B
FFF9CDB1
FFF925EB
0007E090
FFF80C1C
FFFB1832
000E067D
FFF6F82E
FFF6CD22
00085471
00077D4A
FFFF3776
FFFD2255
FFF0A8E5
FFF82E77
FFFCB527
0001C5CD
FFF48EFF
FFFB4CE5
FFEE8CDC
FFFC32ED
00085510
0005A060
FFFE8EF1
FFFED7D6
0005AAF6
000ADAE4
FFF4616E
000514DB
FFF5C539
0006588A
FFFB9269
00011725
00045075
FFFB8273
000933D2
000A90E7
FFFB87FB
00082365
FFFA3062
0006B770
FFF84D0C
FFF60D93
FFF39B6F
0008DC21
00099754
FFF00B91
0003C8A0
000293CC
0008C9A6
0000C736
FFF97BC9
FFFA9B3D
FFF288DC
FFF98EAE
0000A8FC
FFFE984F
FFFA8CB1
FFF92B4F
0000B197
0004E0D3
00016879
FFF08B21
FFF794A4
FFFFDA14
FFEE2502
000A889B
000C496D
000D14AE
000CD721
FFF9AB27
0002FAE3
FFFEFC33
FFFBEEDF
FFFF8C1E
00065923
FFF84D84
FFF267CF
FFFAECC8
FFF3D1A0
FFF24F11
FFEFC552
FFFD98A3
000052BD
000008D4
FFF4DD30
FFFB7E79
000CDD0A
000969B9
00057750
FFFF291D
000BD733
00044F3F
FFFE255C
FFFE2CED
FFFD2372
FFF9D7D6
0004B434
FFF54371
FFF785F2
FFF0B45E
FFF8BB67
0000FC84
0007BD77
FFF945D5
FFF993C4
00080FC2
FFF6313D
FFF51B8C
FFFBD85F
FFEDDE45
FFFDE6C3
FFFC1DDF
FFF7EE5E
00029597
FFFE709D
FFFB953D
000958AC
FFF5BFC3
FFFEE87D
000A65FE
00039E10
00056B78
000B25A2
FFFEDC0A
FFF4A519
0018D4FF
0008E80A
FFF7B4E4
FFEF014F
FFF6B8CA
FFED2D8A
00083363
0002667B
0004434A
FFFCCEF1
FFF6C48B
FFEE0683
FFF7E340
000B8331
FFF198C8
00029D7B
0004F733
0000C088
00009351
0000FBFC
FFF229E8
FFFC97B7
00039099
00014985
0000707D
0003C27F
FFFD3C91
000C28E4
FFF7FA98
0003FD92
FFFFBC42
FFF57427
00000F94
0003E445
000C3D16
0005B977
FFFC1714
000A7539
FFF82AE0
0007FBA5
FFF63BF2
0008E1B2
000DAC12
001168C1
FFFBEE07
FFFE7FB3
0002E100
FFFFDDFC
FFF3158C
0005AE2B
FFF1554C
0002E011
FFF7AFE4
0004A43E
FFF69794
0001FA10
FFF117ED
FFEE8C5A
FFFDBFE1
FFF3D857
FFF680C0
FFFB571B
FFFA1589
FFECF94B
00048FF1
FFEB3A95
000132D4
FFF68E6D
FFEDD807
FFFE0FAF
FFF7A22A
FFF603A7
000C676B
00031AC0
FFF15BF1
FFF93B8C
FFF7627C
FFFE7C77
0007B201
00014FBD
FFFE16B6
000658FE
0004784B
FFF4FF4A
00090815
0002522E
000810B1
0005E136
00052741
00020FDA
FFF54B02
FFFFE39B
FFF4F7F2
000351A1
FFEFF584
FFF441BE
FFFF8FF8
FFF4D9FE
FFFC18F2
FFF60CC6
FFF925F5
FFF5D8F4
FFFE31E6
FFF87B9B
0001E2D2
000BFBA8
000A602F
FFF81F8C
0007B44B
FFFD1B5A
FFF3468D
FFF86D8A
00004BD0
FFF70A8B
0006E537
FFFB1827
FFF5B2B0
0003E916
0006D7A6
FFF71311
FFF9EB06
FFFE8A49
0009A0D7
00075B53
00015A4E
FFF4769D
000051C2
0003DE95
0005B704
0000971B
FFFE1BF6
0005C70C
00142FAE
00077D7F
FFFF9F4A
00158771
0010FF9E
0002F99D
000482B6
0009F10A
0006CB7D
FFFEA5A9
0008D4F7
FFFEECA2
000821CA
000F211D
0002FFCD
0004712E
FFFD3C90
0007480F
FFFCDA3A
FFFA320B
FFF5147E
00072AFC
00033D24
FFF82022
FFFF6A54
000AE29F
FFF3DE4B
FFFFBE68
00090E4D
FFF96926
0009BFEA
FFFCC1CD
0004309D
0001DA22
FFFB9937
000BDA92
000103F7
000AA936
FFF2FBA0
00065000
FFF86D0E
FFFF0C17
FFFE355B
0000B4FA
FFF876A4
FFFF6238
FFFD5B35
FFFA4F2B
FFFF1735
FFF2E86A
FFFCCFA2
00062414
FFF43B8F
000107F1
000041DF
FFF9EFF5
FFF35E5A
FFFD614E
FFF80640
00000620
FFF9C175
FFF64A26
FFFA42D7
FFFA84F1
FFFC9626
FFF90D51
FFFADEE2
FFEFCBA4
FFEF4846
0009E6B2
000A5387
FFF5024E
000AE881
00003041
FFFEAF00
FFFD188B
FFFE3BB7
FFF8403A
FFFAE030
00014E40
00037AE7
FFFDD8B3
0006E17F
FFF29EC9
000A3EA5
0001553B
0006C4F4
000898D3
00095AE5
0008F338
FFFFDE37
000F26DA
0007A969
FFFDCC55
FFFE7515
0004DF57
00041B2B
0005AF1B
00041034
FFFA5ACA
000D1653
FFF8FC9C
FFF9DECF
0001FDE5
FFFCF846
0000DF52
0005DE49
FFF969AD
000E54E8
FFF71175
FFFC2C28
FFFD8B7C
FFFC80A6
FFFB08B7
00089169
FFFFE2CF
FFEF4279
000B8EED
000125F8
FFFCA3C4
00005215
FFFAF7FB
FFF209D3
FFFAEF37
00003BEB
00012DE9
0009833A
FFFD7DEE
FFF81DA3
0009EA61
FFF9B836
FFF8F642
FFEFD5DC
FFFECF44
FFED8893
FFE9AD66
0004B4C5
FFFEE240
00056577
FFFCCBF7
FFFA4057
0003109E
000BD4CD
FFF84481
0002E716
FFF7A059
FFFE7F71
000853C7
00011F48
FFF68772
00074303
FFFB6671
FFF763C9
00002AD9
FFF785E3
FFFA2D90
0008D8D7
FFFDA7B4
00015FCF
00017544
FFFF4193
FFFB52B0
0008465B
0001FDF8
FFF61184
FFFEC209
0000E00B
0000A8A0
FFFD2B13
0004A42C
FFF02C55
000B50DD
FFFC9CB7
FFF90978
FFF89464
FFF676CD
FFFFE1A7
FFFBB555
00040EE6
FFEECE85
FFFE0565
FFF5F50E
000397E3
00000D50
FFFBB5F4
FFF7398C
FFFCBF1A
FFF0A4C3
FFFA516A
000AB11E
000AB883
FFFB4052
00037DF7
FFF91FC7
FFFB5D96
FFFA0FE2
000B13D6
FFF89571
00055035
FFF37F7D
FFEEB7DF
00090F56
000D593E
00029AFC
000009A0
FFFA3FE4
FFFCE4B9
000169F3
FFFBAD37
FFEE09FB
FFFA9275
FFF93F25
FFFA8B11
000B5400
FFF7237C
00090634
0006B42D
FFF913F0
00071747
FFFC49C1
FFF85C5F
FFFBDC07
000A63DE
0003BAEA
FFFEC2C4
FFFBB334
FFF47189
00029977
00060BC3
00046193
0002D425
FFFEB0BD
000713CD
FFF77D03
0005FC60
00062AC0
FFFB8A58
00046B1A
0000976E
FFF64DB5
00035969
FFFEB40A
FFFD8BA9
FFF9F0C2
FFF12DD0
00034A49
FFF8B2C9
FFFCA845
FFF7B1E3
000CD7EA
00090A81
FFF8F065
FFF8DAB9
FFF9F83E
FFF3A2C8
0002927E
FFF89C36
FFFB0DD4
FFF5B21D
FFFAA6A1
FFF2F2F3
FFF80EFD
FFF422C3
FFFD17D7
000797C7
FFF899AD
FFFB4675
000B2A06
00049D18
000428CF
FFFA08EB
FFFAFD0E
FFFCD856
0003CCA6
FFF4D7AB
FFF74EA9
00064353
00061926
FFFFABB9
FFEFF246
00015BAC
0002FEE1
FFFF1DAF
000B81F4
0009C2BB
0006F07D
0004936B
FFFB72A6
FFF37AEA
FFFFA0E1
FFF253E8
0000448E
0010825B
FFFCBC4E
FFFBF35E
FFFD0564
FFF7FE50
FFFDD7A1
FFFBF01B
FFF81B7B
FFF8918D
00031889
FFF79E4F
00088D4B
0000305E
FFFC2122
00042D6F
00068CEB
FFF9FC8F
0003457D
00067FF0
FFF67D80
FFFF6077
00068CE4
0001126F
FFFE135F
0008DE91
FFFDC9BD
000292A7
FFFD4EE8
FFF72DD4
00051942
FFFBFF59
FFFAAD5D
FFF5700F
FFFC0C7D
FFFF5295
FFFA1F2A
FFF63817
FFFE6CD8
0004759D
0002A606
FFF9C098
FFFC418F
FFF8F661
FFEE9F4D
FFEA5F76
FFFA8E4C
FFFBDCDD
0003FDFE
0003DB4E
0002067B
FFFD7155
0009DD68
FFFDDF5B
00035571
FFF252B8
0006583E
FFFF5BB0
FFF6D2E1
0006248A
00041A82
FFF3CE26
FFF461BD
0002213B
FFF762B6
FFFA3008
0003A9B7
000E8D15
00002141
0002C152
FFF94876
FFFD7227
00063ACD
000D5A49
FFFCB67F
00053676
000472A7
0002D6A8
FFF774FB
FFFD2495
FFFE3E47
FFF678D6
FFFCB6DF
FFF8191B
000716C1
00041DEB
FFFC906A
FFF461A1
00009513
FFFBA62F
FFFE52E5
FFFCE698
00009E25
FFF46F60
0004C33B
FFFDF07A
0003798A
0003A05A
FFF36900
00016D41
00068123
FFFE9078
FFF4F386
0001680E
FFFAC931
FFF42F65
FFFA2721
FFFD2495
FFFBD8EA
0000CB5D
0001A3DF
FFFCF41E
FFFC1134
FFFC9686
000278E6
000A9016
FFFC9DFD
FFFA3D40
FFF51009
FFF6DE56
FFFF48E0
FFFC188C
FFFB6A9C
FFF7320C
0006CB6A
FFF7FD85
FFFF538E
FFFED813
000A7362
00083EAA
0009914A
FFF3E59F
FFFD54F4
00076CCB
0008652B
FFF5E025
000426C4
00093793
FFF67822
0001AFC9
FFFBD094
FFFBE8F2
FFF6A46B
FFF4800D
FFFEC858
00005FC2
0000BB6E
000DA6BD
0000AC31
FFFE3C94
FFFD8FD0
000D62CA
0003494F
0007B336
0008743B
000DF57B
000BA597
FFFE9048
00095F8C
00044786
0005C242
0008A7F6
FFF8FCED
FFFE8E0B
000518AA
000350D7
00052913
0001BD95
FFF689F0
FFFF11FA
0006FB9F
FFFC78DF
FFF6DFA5
0007AE2C
FFFE7D5D
FFFF6DE2
FFFD3515
FFFB2E61
FFFF2AC8
000E1375
0000121E
00025B95
00057722
0002B9EE
FFF964E7
0003191E
000A9A5B
00122A21
FFFE1F78
FFF9A792
FFF2EFFA
FFF3D34C
FFF99F7D
00060C58
00036D29
FFF27247
FFFC9236
00021B2E
FFF514BB
00028788
FFF8898E
FFF888FB
0002FB2B
FFF5D36B
FFEFA278
FFFB4819
FFFB803D
00049700
0003D438
FFF84993
00040C16
FFFFFB8A
FFF90C16
000B9B6C
FFFC89B0
001114D4
FFFC4CF3
00087828
FFF58EBB
FFFD6A90
FFF293F7
00045A40
FFFB8D50
0001E88F
0007C91D
00060FBE
00004FD0
FFF9942F
FFFE8EFB
FFF66112
000338AB
00091342
000DDAF7
000627AE
FFFA2E2C
FFFDB470
FFF66B93
FFF48ED6
FFF97564
FFFA2B19
FFFA482B
00011E6A
FFEFBEA8
FFF556AE
FFF24B2C
0001A6A0
000879E4
00016635
00056F54
FFFC7DAF
00041512
0009956F
00025AA3
0007D86B
0000D290
0003A7E3
000A14A1
FFF527BD
FFFDF1C5
FFF5E997
00014262
000696DB
FFF849EC
000E40C2
000383FC
0000F18E
00052E86
FFFCC664
00016128
FFFF1875
FFFB1963
FFFF2F3B
000ADE5A
00085435
000E6CAC
0006287A
FFFE7CC7
FFF7AAD2
FFF60494
FFF7F2F8
000A33D3
000A1A57
FFFA5B7D
0008E4A8
0002C113
FFF7A0E4
000A7B47
00066BEC
FFF80401
00083D6E
FFF61BD7
00073C34
00073E92
FFFD3C2F
000487E9
FFF6B23D
FFF4DDA6
00002E37
000A394F
FFFBBE1E
0007139B
FFFF6639
FFFE56B5
FFF86391
FFF2ABE7
FFFA7721
0000771A
0005564E
0004BE25
FFFDDD46
000500BA
00053DBB
FFFE6289
000FB334
00093EC6
0001C06C
0008D1FB
000C295B
00089D86
00077FE4
000453EB
00061256
0001234B
000BC060
FFF67E2A
000A10ED
FFFDE606
00003D4B
FFF8AC2E
FFF7D127
FFFD0850
FFFC4979
FFF807B8
00025C24
0003F9FE
FFFCFBA2
FFFC7E41
FFFD68F4
0005CF97
FFF9747F
FFF179A5
FFF67DD0
FFF9FC49
FFFD2B7B
FFF8217C
0008408E
00001EE4
FFF9CC27
00050703
FFFF4C96
FFF5DEFB
FFFBB35F
FFFB21D5
00034C5E
00024A6F
00057CDC
FFF7331F
FFF29403
FFFB205E
00043640
FFF9A0DD
0001BFEA
FFF7977C
FFF40A47
FFEEE267
FFFE462B
FFFE4C24
FFFE647D
000708DD
0008EDE6
FFF69795
00048D1B
00062BD7
FFFC9374
0002F897
000D8D65
FFFBCEA9
00021492
000AE3CC
FFFC6B3F
0000BC84
FFFAD474
0008ADF5
FFF35EEA
00063991
00063E9F
0005BB28
FFF49DA3
00022A51
00059A9A
00081029
FFFB6B16
FFFDB141
FFF3A6E1
000443B8
FFFDFAB4
FFFBA9A0
FFFC8997
FFFCEBD7
FFFD0C3A
00072BFB
FFFA02B6
FFF7CBA7
FFF5983A
FFFF20FD
FFFD8A46
00064F64
FFF4E1C2
FFF4ABF1
FFFA0DCF
0004953A
FFF6A9FC
FFF82C17
FFF8CD9B
FFFC28F5
00047F05
FFF48C4C
FFFA2F14
FFFA0E16
000067E2
FFF72F3A
FFFC8E52
FFFB7E9C
FFFD60A5
FFFED32A
FFFCF569
00073244
FFFFCCEE
FFFC0BFB
FFFEE264
FFF5C905
FFFE3163
000940D1
FFF8CB47
0006800A
00031C4F
FFF6C916
FFF4A606
FFFAD495
FFFCABBF
00045B47
FFFB13EA
0000B590
00079614
FFF7A042
00096A71
00003274
FFF73EB9
FFFEA052
FFFCF9D8
FFFAA605
FFFFED47
FFFFA221
FFFED103
000777DC
FFF9C3AA
000906A9
FFFB0700
FFFFCDDD
FFFAE227
0006DF61
FFF795B6
FFFFC90C
000873C4
FFFD4BC3
00020B94
FFFFEE4F
FFFD6EC4
FFFDD39A
FFFCEA6D
FFFB5000
FFEE7834
FFF26890
FFF72731
0005702A
0005844C
FFF19004
FFFE39E0
0003F9EB
FFFB4D75
FFF99236
FFFF0580
FFFBF08E
FFFC737B
00057F25
FFFBF8FC
00082DEC
FFFD4E19
FFF7B93F
FFFD62A4
FFF8E90B
FFF939B8
FFFA0EBA
00007F0C
FFF25EB4
FFFA4BFB
FFFDA0B6
FFFAA067
0002FF67
000A88EC
FFFD8DC1
FFFE2EEB
0001E933
FFF601DA
FFF8D8CC
000A16D7
FFF86484
00068691
0010F4ED
FFFD247F
FFF32405
FFFE2BCF
0003996F
FFF4FD3C
FFFAC328
000042A9
FFF473CE
FFFE0574
FFFE1A7B
FFFC0634
FFF4D73A
FFF96FF6
0005D831
FFEEAF69
FFFA0EF6
00028581
00028E70
FFF90B38
00006508
FFF23276
FFF533B8
00070667
0006B3E0
FFF8E083
FFF63D55
FFF50F65
FFF576F6
0000935F
FFFB1AA3
0008C8B1
FFF8FCD1
FFFD8840
000053AF
000872E2
0003B20B
0009DAF2
FFF325A9
FFF04004
FFFB994C
FFF92F4F
FFFEDBAE
00008054
0006B759
FFFAE7F2
000C277D
FFF6E75A
00032F34
00061A8E
FFFD66A2
FFF9EC7B
FFFC695D
FFFCC1E7
FFFB9A9B
FFFCC979
FFFD8A89
FFF62B9A
FFFAAFAF
FFF8409C
FFF266D0
FFF3C0AB
FFFA9A0E
00048B45
FFFC7092
0006AED4
000BEE24
FFFCC973
0000361C
000CBAB6
00049FE9
FFF74DF0
FFF5EEF2
FFF68344
00072443
00106067
FFFA513A
FFFF6589
0006F669
FFF94BE2
FFFE9AD0
FFFE95BB
00055588
FFFBBF99
FFFB53F5
0002EBFF
FFFE8477
FFF202C6
00088ECF
FFFDF139
00030049
FFFF028D
0006150F
000CC3E0
000F5919
0005B47A
FFFD92C6
FFFBA8F1
0006AC4F
FFFBE4B9
0005B5BA
0001CBEC
FFF80B68
FFF838DA
0007A3F5
FFF557C1
FFF7E8A2
FFFF8559
0004BFE6
FFF90E6E
FFF67F9C
0000468E
0000C852
00095B6B
FFFE75CA
00060A50
FFF78B31
00016EF1
FFF9BDC8
FFFBAC99
001018B8
000074A6
0003793C
0004E238
FFF68E59
FFF9294E
0001B4FC
FFF7AB2B
00032A17
000D2698
FFF6BB08
00097EB3
FFF5D13F
FFFB9CB6
FFF7AAAA
FFF48B8D
FFFA82F5
0002FB71
0005A306
FFF6FBA3
FFF79803
0000F057
0005960E
00007214
000944D4
FFFF8E24
FFF9A55B
000B33C9
00015EC4
0004CF5B
0008DEB3
0002C165
FFF42353
FFF77F67
00008EC0
FFEA9ABC
FFF3506C
FFFEC7E2
FFEDD9D3
FFFA07BD
FFF75D20
000D1C35
FFF6397A
000D13D2
0007B70A
000B57E4
0004D0CB
0001D1E5
FFFBCD98
FFFED5CB
FFF8E6AA
00068605
FFF7D548
FFF100EC
FFF8580D
FFEFA67D
00037E3D
FFF9EFEB
FFF4F605
00032501
FFF7B303
FFFA885B
0005AA87
00020F9A
FFFF4E4C
0009490A
FFF7768F
FFF6EB50
000709B4
FFF721F7
FFFDCF61
FFF65C24
FFF997C4
FFFD7F4C
000022BC
FFFA80D5
FFF3B804
00036477
00095160
FFFB3E7F
FFF42A7E
FFFDF543
FFF59E7B
000D55A8
0007A8E2
FFFD630C
000490B7
00079E4A
0000A491
00024DF1
FFF6AEED
FFFDB51C
0001CF16
0004FCD8
00070F66
0007DA66
FFF72351
000F448C
FFF7CC90
000A5DD3
00103B0C
FFFAB694
0006A32F
FFFE9E43
FFF25C23
FFF4A460
FFF03A90
FFF5087D
0004F520
FFFC60C6
FFF55AD3
000479C0
FFFF8E17
FFF1C99D
000126B9
FFFB05BB
FFFEFCA5
0000CC22
FFF0ACAE
FFFD0412
00089259
FFF96777
FFFC86AA
000582C6
FFFA0105
000562F3
0008FB32
FFFFE87E
FFF83D42
FFFEAA15
00021D95
000D2AC8
000B4F48
00031795
000BA18F
000A68E7
000B8B00
FFFF2828
FFFB7260
0003A80C
0007FFD8
FFF7BE98
0003B5BC
000B420E
FFFE0BEB
FFF7AFF9
00019D1D
00051069
00096302
000163E2
0010FC7F
FFF91F53
00070E49
FFF8C88D
FFF9D1E6
00028A30
000457C9
0002F6ED
FFFDA0FA
0009B3C7
FFF4D136
000B1CA9
FFF2F92E
00122D5C
000A6840
0008E135
FFF37F60
0001FE3A
0004B126
000CEE38
FFFE0C0C
FFFF94FF
FFF9D718
000517AD
0000B6AB
00027981
0006CEB6
FFFE3281
0000F81B
0001544E
00076A78
FFFF7418
00044F1B
0005C666
FFFDB329
FFFD0113
FFEA11AF
FFFC0524
FFFE4203
000938B6
FFFC70DD
00032A49
FFFBAC8F
00001820
000E92CA
000FE1FE
0000A5DF
00080999
000071C7
00091DB4
0006FE83
000269DF
0006CA17
00036E80
FFFA8EBE
000BB6C2
FFF9FB62
FFFE7259
0009BC47
00060CD2
0006CACD
00024411
00103100
FFF328A0
000111F4
000D5052
0001C38F
00002018
0008F359
FFF53B81
000A3829
00046B67
FFF22EC8
0002E425
00013CE1
00034006
000BA20A
FFFC69A4
FFF7B27A
0001C666
0000080B
FFF197E4
00065D52
0002CAC1
FFF2EA31
0008EC1A
FFFE31B8
FFF9E8C6
000790C9
0000A6FA
FFFE78B6
FFFE5C58
FFF329F1
FFF02C37
FFF93467
FFF7CE10
FFFEC6B6
FFF76A59
FFF0A2C0
000B649B
0007B214
0005ECBD
FFFED649
FFFF9478
FFF55CEB
000B98A2
00008899
0004FEBF
FFF84111
FFFAB8CF
0006EB3E
FFF6FC8F
FFF79BE2
FFF98164
00001192
FFFDEC45
FFF5582E
00020571
00053086
FFFF7166
FFFB40E9
00044210
FFF9EC5F
0005199D
000593B5
FFF683D7
FFEF8BBE
FFFB118A
000A2709
0006B7B5
00056855
0005776A
FFF81061
FFFBCBC3
0001753C
FFFE0395
0014C8CD
FFFC4D4D
0003E30D
0006B2FF
0006D072
FFFD844A
00055252
000827FD
FFF8DFAD
FFFF1D80
FFFC4037
FFFC7535
0005C91F
FFFA9B69
00022F7B
FFF0BE6C
00046DA6
FFF88211
000769EF
FFFDE663
FFFC9890
00076AE9
00048877
FFFF6120
0003DC6D
000D8A2A
FFF8AD13
00048623
000286E8
0000362F
000A5407
0008D715
00033210
FFFD5C97
00073700
FFFA7C19
FFF7ED99
0006091E
0006ADF0
000571EA
FFF37710
0001BB22
FFF03192
00068FFD
0005D56A
FFFBB41F
FFF49ACC
000771CE
FFF5AF5E
FFF6E059
000E6F67
FFF96D8C
0009399C
FFFA910C
0001F000
FFF88DF4
000FA426
0007A018
00081132
FFF6124F
0006EF5D
000E83B7
0006C860
00027C68
0003891B
0002E190
FFF67C7C
0009886B
0012AF81
000EC3AC
FFFF7FD6
FFF97FAA
000718BD
FFFD3F89
FFF35BB0
FFF510C4
0002E6E6
FFF73312
FFFD2333
0005FC60
FFFFDD53
FFFB7742
FFFE5FFA
FFFAE2DF
000AEB81
0008AC53
FFF85025
FFFD1A39
FFFF63B4
000C9667
FFF7D601
0004CBC7
000721AF
FFF67636
FFFB312C
FFF63EB2
0003A855
0009D368
FFF62427
FFF41F51
000088E1
FFFB208B
0000B901
0007401A
FFFB2061
0001F11B
00058DA5
000AEB47
FFFE6D4C
0003D44F
FFF5D4E4
FFFF3B06
0001AB8D
0002B8E8
FFF8D80E
FFF8666B
FFFBE897
FFF3536A
0006EF7B
FFEEA8CA
FFF72FC8
00027B9B
FFF06DBA
FFFAC2F2
FFFB267E
FFF72004
FFF47BCC
000439E4
FFFF73C4
00087E4A
000B314A
00052603
FFFE5612
FFF6C29E
FFF4CB1C
000DFAE3
000EEFB9
001277C1
0002E631
000133C7
0007D31F
0009107B
FFFFDADE
FFFA0875
000156CA
FFF59535
FFFA937C
FFFB5875
FFFF89CD
001127E2
FFFF9837
FFFDF810
0003698D
FFFE3605
00026806
FFFFABC9
FFF2A780
FFF39FBD
000A0DC0
FFF0746F
0004AEE4
FFF9D533
0004CE27
FFFCBE3D
FFF53C6B
00002624
FFFFFA8B
FFF53455
000E24F0
FFF25EA2
00017EAC
FFFB7646
FFF7FF05
000852B6
FFFBE2A8
0006763B
00098359
000696B2
FFF6F503
FFFED4BA
0005C564
000D781B
FFFC4AAD
0001746C
FFFA1C49
FFFF7F94
00021E8B
FFFAF32E
FFFBDFC3
FFF9674D
00018966
000CF6B4
0009C121
0002792D
FFF9FC18
0008F33D
FFFCE308
000371DB
0004C069
FFF1135D
FFFEA301
FFF8CFAC
0005240C
FFFC1EF3
FFFAE898
00102926
0011CD9A
FFFCCEEF
FFFE7AD3
FFFB48B2
FFF878CE
0011496B
0001119B
FFF95A9F
000F01D5
00092C2A
00005D95
000F09BF
FFFC23CD
0009162D
FFFCADA6
0005FF94
0004EE0F
0011CCE4
000B82D9
FFFBB5E9
FFFC519D
000160BE
0007F26D
FFFCA392
00065BF7
FFFAE124
0000E8A9
FFFD32AF
0006559B
00070F33
FFF2ACC9
0001116D
FFFF7384
FFFBA790
0000D0A6
FFF78576
FFF8D4B1
FFFDF2A3
000C31EA
FFFE1942
FFF81D2F
00092385
FFF90650
FFFF7E37
00098A7A
FFFE6CE8
00008059
00070920
000758B1
0003E367
00024E49
000C11E6
0007A6DD
00047C94
FFFA98E1
00024F80
00020D25
FFFE5BA2
FFFBD97E
FFFEA73D
FFF6EA28
FFFB4094
00072E90
00093DBB
000121ED
0007E6AE
0007D548
FFFF53AD
FFF85730
0009AF42
000C6FE4
000EC37A
000F1D3E
00100BA5
FFFF5C23
000AB908
000DEC1F
0002649C
00116615
00063B9D
0002FF4E
00072ED6
00065ED9
FFFF26A0
FFFD299E
00009E11
00007B87
000CE6A7
0009039D
0007CE5F
000EA022
FFF92B3C
0006845F
FFFB370A
FFF5F709
00008B33
FFFDD022
00001F37
0009FD8B
00036991
00068ECF
000B2012
FFFE923D
0000F8D0
00088BA3
FFF8E608
0000B79C
00037A31
FFF69C60
00074BBD
FFF6AAB9
FFFB0A2F
000564BF
0001BE07
FFF33378
FFF56B13
0014F051
00046FCE
00086FF1
FFFEE35C
00037110
00047D61
0005F43E
000B1D9C
000DBAFC
FFF66EDE
00069A40
000487EA
000AA29C
0003EDFC
FFFEC899
FFFE9C5D
FFF63964
FFFFF2C7
00022590
FFFFAD7A
000362A0
FFFC7874
00024C05
000E6CB4
0007A5B8
000401FD
0006D5CB
FFF58C32
FFF53733
FFFAA41C
FFFC46E6
0009747F
0001569D
FFFBE8A8
FFFF6128
000730E1
000C9F78
FFFEDB90
00056E07
0000311B
00080D0D
00039285
000B0321
0002A69F
000650AA
00055E1D
0005C016
000248EB
0000C53A
00021513
00089F4F
0005C7BC
FFF6BC2A
FFFD9FB2
0000E905
FFF5FA13
0007AC5A
0003A9CC
0005BFCD
0002002D
FFFC35D7
FFFCDFB3
00076CBD
00028F50
FFFB65D7
FFF9986E
0003F19A
FFF5AD4D
00012603
00023A45
FFFE013E
FFFF95D8
0004D35E
FFF7A799
00073601
FFFC593A
FFFC8739
FFF73C04
FFF5E108
FFFD4D6D
FFFEB12D
FFFE1A2F
FFFE0906
00010AF1
FFFA8738
0005A6F9
000A0A17
0006770F
FFFC3210
0003CA52
FFFE71B4
00071699
0004AD7D
FFFDE061
00037289
FFFB3948
FFFE4DD3
00063743
FFFD87A4
FFF4EF96
FFF97D14
FFF86969
FFF63970
0001F826
FFF82167
00045AAC
000268A2
00039623
0007330F
FFFC1A21
0003DC12
FFFC9249
FFFF074F
00045BC6
000A783D
00000B56
FFFCAF4C
00096015
00020AB3
0008214F
FFF42329
FFF6BC5E
FFFC2B68
000AFB06
000169B9
FFFCA8CF
0008BB02
00002C33
0000598D
FFFF0198
0000B759
FFFF629A
FFF92127
0004AD35
00016641
000769DC
FFFBE55D
FFFBC39A
0001725B
000358E7
FFF9AE94
FFFBBBD9
FFFB7FA6
00000D8F
FFF7D171
FFF25FFE
000727B7
FFF6832F
FFF9426C
FFFC0E6F
0005A9DC
FFF0FA68
00030FA6
FFFF67B0
0003A9DA
000A9515
000CBBF4
FFF8328C
FFF590F8
FFF30449
FFFA41A2
FFFE863F
00038D09
0004A0CF
FFFCC612
00011AB9
FFFC6937
000B2017
0006F250
000405B4
000806F4
000A455F
001016F8
FFF96206
00046CD8
000EEF29
FFFDED83
FFFB714B
00031F55
00021DF9
FFF36ABE
00050E2A
FFF82DF2
FFFC8585
FFFBF0D0
FFFC3472
FFF65243
00016793
FFFD913C
0006D19E
00061A72
00048D6B
00019BB5
FFF64017
FFFA9608
00011BBF
FFF6E0C2
0000134A
00043667
0001E509
00078F8E
00028A34
0009532E
FFFCBFA7
0008E480
0003DA8B
000F7369
FFFFF690
0005FB7A
00046F29
000185CB
FFFDD7AC
FFFBEC7F
00016E42
0009711B
0000E193
FFFDA3CA
00057221
FFFE3183
000B46B1
FFF4F9FC
FFFE73DF
0004B79D
FFFB45E0
FFF6F3A9
000894BE
FFFF6249
0006C138
0008CB47
000AF7CB
000142B7
FFFE777D
FFFB22F5
FFFFDE7B
FFF75AFC
FFF9EFFD
FFF7648E
FFFA501E
FFF44AA5
0000527E
FFF9329F
FFF608B2
FFF0EDE9
0002CD30
000A0D91
FFFD5A9C
FFF930AE
000C6BDE
FFFE25F6
00072B84
0001A3D0
0001B32F
FFFE5DD4
00035A88
FFF70C79
FFFE143A
FFFD6CB9
FFFA7312
000342A2
FFFB4A20
0005F393
00009028
00038198
00017FC9
FFFFA89E
FFFC9D17
00056735
001181A2
0002AFCD
FFFFC0F0
00013F25
0006CCBB
00004E8D
000176D7
0001184A
0006BC03
000A7F4F
0009858B
00055B1C
0005F572
0008EB8A
FFF61427
0000E100
000A9100
FFF8FC8A
FFFE4E1A
00089CDC
FFFC975D
FFF6B9F7
FFFABB4B
00055C5D
00043E77
0002BBA8
FFFF2D07
0001B390
FFF898D4
00016F9A
FFFCD71C
FFF6545F
000820E0
00062736
FFFAFFA7
FFFFDE6C
FFFB5F1A
FFF43DD1
FFF98EC0
0002D853
000304B0
0004228D
FFFA0967
00077B27
00015C1A
0003F3A5
FFF97AFE
00008E7C
00004979
FFF8DDD9
FFFF9015
FFF5686C
FFF6A173
FFF22E39
FFFC0A6B
FFFADA83
FFF2A744
000241A2
00035199
0002D90F
000C7C11
000261AE
000676B2
FFFE2865
FFFEAAEB
000684A0
FFFD82C6
FFFAEFF2
000B0A3E
00016C3E
0001F4F1
FFFB8176
FFFB88E4
FFFF958B
0001EFFF
000BE930
000A6348
FFFDF857
FFF9E83B
FFFBC0BE
000DC241
000B266D
FFFF5DF9
00079457
00099A24
00088B8C
FFFDD0D7
FFF727EA
FFF8CB1A
FFFFD2DF
00010D61
000687F7
0000B527
0011E134
0004629D
FFFC2C69
0005ADAF
000C9165
0009F6E6
000C73F5
000413C5
FFFE9CF1
0000253B
FFFB7967
FFFC708E
FFFCA86E
0000E823
0006692C
FFF690E2
00078E61
0006B6A4
00068CCD
FFF9F404
FFFAE35D
00001B54
00006078
000506D3
0000DACE
0008989D
000B23EB
FFF0E88A
FFF2CA8D
000ABCF5
00057DC5
FFF64718
FFEDF690
FFF5AFEB
FFF251A9
0001AD4C
00096DFD
00046A9C
FFFB4D85
FFEF7108
FFF89FEA
FFFA65F9
0003920C
FFF58918
FFFF0A5F
000D2DD3
0002D3E8
000A64C3
FFFC3B52
FFF5CAFB
FFFECBC6
00073571
FFF6ED4F
0001556A
0005E199
FFFDE8F3
FFFBC59B
000E953E
FFF8E2C2
0006ED88
FFFACB51
0002E702
00066587
000AF921
00024511
0001AFDE
000A22B4
00020C27
00083C1F
000A3B5C
0001DE3B
000C0E98
000602C3
FFFC73A8
00004AF5
FFFCAABB
00004C95
0003F844
FFFD70CD
FFF9A582
FFFB537A
FFF92AD4
0006F1F4
000417B8
FFFCEEAD
00051D08
00099C50
0003AB19
FFF864D0
0008AD30
000B01CD
00022944
00021CA2
FFF9A640
0003A644
00064493
0005C94D
0004B4D7
0000AE94
0002893C
000101C0
FFFFDF54
FFFB73C8
FFFCDB97
000126BA
FFF8AD19
0003D757
FFF59E66
000025E9
0004C58E
000C5DBD
0002A5F6
0000B865
000154B2
FFFCD13E
FFF9CFD9
FFFDDEE2
FFFB18AD
0004499D
00004280
FFFD0301
000280D6
FFF4CA74
000B17CF
FFFF42BD
FFF11C17
0006FA6E
00063887
FFF93B56
0004D14B
FFFE839B
00009E6D
FFFB2EBA
0006E043
FFF6F87A
0007BF12
FFEEEB65
00061F64
FFF569F8
FFF2E2E9
0001CBF2
000E5AE0
0010A20E
000F4F7C
000229B5
FFF4A635
FFFD87F7
000D8414
000B382B
FFF55E3B
FFFA1C52
00146E1F
FFF88298
0016B5C5
0001EBCA
000A48DA
00001A21
000BDDF5
FFFD646D
FFFBF8B6
0001ECF0
FFF229C0
000A504B
FFF2DDBA
FFF136DE
00007964
0006E2A6
000C09AE
00106146
000CDFBF
0007A473
00021E3D
001E8136
00058AE8
00032DE8
000AADF9
FFF0A8B0
00086E48
0003200F
00037D24
FFF3714D
0003E7DE
FFF42B5E
FFEF7627
00004A92
FFFD4458
FFF749DA
0004A20A
FFEB534C
FFF4AC8E
00065E58
FFEE4415
0005793D
FFF690DB
0007C723
FFF383BD
0004C739
FFFB10B2
00086954
0002D973
FFF96B11
0002D988
0000505C
FFF1E309
000ED749
FFF2DC68
FFEBCE75
000052EB
0001246A
0002EF62
FFFAF804
FFFE69BA
001680ED
000500C0
FFF6DDDE
FFFF14E6
000BDF01
FFFFEAF5
0006A6FB
FFFC661D
FFF7E327
FFF3B0D0
0006D659
000E08E3
FFFD59C8
0003BC51
FFF0DCFE
FFF925D6
00136A99
0003BC43
0003C2D0
000A3256
FFEE34BF
FFF1361B
FFFA237D
00051CF0
FFEF73F0
000D8323
FFFEA988
FFF42FC5
00104E06
000680DB
0011E374
FFF852AF
FFF8FD35
FFF9B2F1
00086AA8
0001A495
0003DF4F
0005628A
000AA4FB
000385E2
FFFEEC16
FFFD5A25
FFFE0779
0006CE45
FFFFDDFE
0002E453
00060998
FFFB6E95
00046E94
FFFEAC86
00061CD9
FFF68B5A
00048C3B
000E811E
00055813
000CFA89
0002B18A
00090436
FFFBF5F4
FFF9E8C9
FFE829C6
FFF132DE
FFF70431
FFF1BB7A
0006970D
000396D3
FFF2CC8E
FFFECC6F
FFFD6D0C
FFF639FB
00097EC9
FFFF43EC
FFF97BFD
FFF9AE07
FFEBA187
FFFEEC5B
FFF7F0C9
FFFD712A
FFF94C27
FFFC82AD
FFE89DDA
FFE8E693
00029593
0008F7CD
0008D861
00020291
00077CFB
FFF4E4F3
FFF69688
FFFF36CD
00003359
00015F15
00007ACC
0008E153
000BEF13
FFFE3498
FFF698C2
FFF3883A
0004862A
FFF067F6
FFF98653
FFFAC8DC
000B72D4
FFF55AE6
FFF3710D
FFEEED82
FFE83A44
FFFC5A14
FFF2AE27
0002AD07
FFF5CBE6
FFEC3A4D
FFF3D089
0006421B
000908D9
FFFEEABC
000DA595
FFFDB566
001181DC
FFFA3830
FFFF0795
FFEC42FF
000276EA
FFFD42D4
FFEE6B4E
FFF7E4B3
FFF0C15B
FFF8767A
FFF8953C
00056E29
FFF4E895
FFF59E67
000A131C
FFF60C90
00161D86
000A3449
FFFE3EEC
FFF1CAB2
0004386C
00039919
FFFDA915
0003ED8A
0018CC5A
000EECD9
000F454E
00125A23
001A48E9
000C7BD5
FFEA06A0
FFF89B9D
FFF1C69E
0013FA47
FFF96189
FFFE593B
FFFCE517
FFEDFA27
0012DAB4
0020A511
001F0806
00055C6A
00029D58
FFFCC865
000ED566
00025AE1
0006EBC1
0006DA4D
FFF431C8
FFF5B908
FFFCC444
FFEF16B8
FFF0814F
00081DE8
FFFA4941
FFFD1EE5
FFF94080
000E4546
FFF85456
FFEFBB90
FFF8CDBC
000868F5
FFEB5BA4
00018F74
FFF9A9A1
FFFA2B35
FFFDFA1B
FFFC30C5
FFECB090
000ED03B
0003C787
0001E338
FFF79B06
0009035E
FFED0918
FFE7FB48
FFED54AF
FFF93B51
FFF6A564
FFF72D35
FFFD9322
00089C64
000F9BF9
FFFCDBAF
FFF55167
0008C502
00026535
FFFEA3BB
000207AF
FFFEE6D5
0012A9EA
000C9EBF
0013FF93
FFFAA008
FFF6A272
FFF78A7D
000059A9
00079810
FFFBB2E1
0016C41F
00133961
000813BC
000C5409
FFF8DE64
000CD6F0
0000B6D8
FFFEB21E
FFFD8BB6
0003F1D6
FFFE7170
FFF74A4E
FFF727A1
0000A78C
FFF0B658
FFFDED3D
FFFF4750
FFED3D38
FFF37722
0000BE6F
00043247
000A543C
000C933E
FFF78E9E
FFFA16D9
0001F5FA
0008B34E
00027692
FFFD091E
FFF6461B
FFFB1D42
FFF808F0
000BFB11
000518F3
FFF72467
FFFA50F1
0002503B
00041BF0
000D91F1
FFF6D2BE
0005ED4C
FFFDC10B
0001E224
FFF506EB
0005ACC0
0004D053
FFF79C0F
00109E05
FFEFE8F4
FFECCC01
0001A74D
FFF540CF
FFE34E22
FFF64F1F
FFFA6D23
FFFA1488
FFFE2941
000CEFF1
000A02FE
FFF9A21F
000B9F43
000A774E
FFF47AAA
000DD587
0010FF8D
00166080
0003A587
00011B6F
FFEB0E03
FFFF8708
000A3167
0000F249
FFFAED7A
FFF809FB
FFF81A15
0008CC1A
0007FC17
000CEA29
FFFA4677
FFF4A5D1
FFFCFF7E
FFECAC11
FFF38D59
FFF499E8
000770E9
FFFFC2A1
0009C080
FFF7A5AF
FFFC7624
0004882E
FFFCB2C4
FFFAF254
0008A3AC
FFF80891
FFF41F20
FFF90316
FFF4720A
FFF17DFE
FFFF239F
FFF398E6
FFFA6A4B
0010D70C
FFF19E22
FFEE5D23
FFEA1935
0004F09E
000193FE
000B5EF1
FFED0FC6
FFFA358C
FFF121DC
00160051
FFFBB5E6
0001A580
0009FE22
00019A9C
0002B953
001A9ADD
000A5525
000F3C4F
FFFF70BB
0011132F
00121EA9
00041F3C
FFF69660
FFFC4264
00118A36
0007C77E
000275AC
000C4E3A
00120C22
0001C9F4
FFFB9F0C
00032882
000CA363
0015E857
FFFEA9C2
000B5280
FFF7CD3A
FFF63F98
FFF8AB08
FFF4C026
FFFA9D74
FFF7A90A
FFFCE9A3
FFF7275F
000969BC
00076BB1
FFF32BAE
FFFE3A8D
FFF544D7
FFFDDA76
000FE8B2
00156E46
FFFF70F3
000F374E
FFF87E3C
FFEDF292
000294C9
FFF697F1
FFF92F55
FFF874AF
000999D5
00090082
FFFDD9EC
FFFE7EDA
FFFE6450
FFFC752C
0002173A
000E53AE
FFF61BAA
00146B5A
000DD896
00032BD3
00173A33
FFFE0AED
00090D7C
FFF1B8EB
FFF2D779
FFF12E9C
FFF12F5A
000CD658
0017E950
0002372D
FFF3A14A
FFF383CD
000ABC02
0013E7BE
00073856
00065E62
000B0E65
FFF7E5C5
0015AABB
FFF8381F
FFF8D3B7
00101001
00128C20
0001A642
00074439
00089DB2
0014DC53
FFF6CC2B
FFF8DA4D
FFFAD170
FFEF31F0
FFFF8B6C
FFEFE2BF
FFF5F846
00076D99
FFF78CEB
000AA812
FFFE9A63
000ED0DD
00004BC9
FFFCA386
000D03EF
FFFCFF73
FFF9C346
000964AE
0002181C
FFFBCE74
000644C8
0000BA6F
0001346F
000F7B2A
000518D2
000C87CD
0000EEC7
FFF0D3B8
FFE9A069
FFF5D207
FFF4921D
FFE37E27
0000081A
FFFCE79B
FFFA387F
FFFFF968
FFEE8425
FFFD0863
FFEC33EF
00010344
FFF48016
00042B25
FFFEC0DD
00077A6F
FFF4A357
FFF56287
FFF85499
FFF142D1
FFF60C36
FFF89B4C
FFF6B5F3
000356F6
FFF27704
FFF83849
00107DB5
FFFB2B58
0002FA6C
00010DEC
FFEFC40C
FFF0E199
000C89CA
FFFAD464
000D87DB
000BF382
0001D60B
000FE8CC
001D7E5F
FFF952AC
001592FF
0017DBCB
000F7633
FFFF7C76
FFF9BFAA
00045D0A
FFF83CCD
0004FDEF
FFFACEEA
FFF32EA4
FFF9D1AA
FFFE3567
FFFAA3EF
0006C29A
000CAD6B
000FE418
FFFC9C24
000202E6
FFF72E6C
00028E95
FFFDDAEB
00044643
000077B3
FFFB289D
0005ACDA
0013C69B
00058753
FFFCD43E
00029E83
001597CE
0005608F
00029565
FFFF4B70
00011846
FFF8E1F2
0001AED8
0006F2EC
00197929
FFF6A213
00097DE5
000D020D
FFED30F2
FFF434C6
00087971
0006B22D
FFF18658
FFF656C1
FFFD1597
0007ECC6
000AC8C6
FFFC4E09
FFFAD106
00096CE0
FFF8337E
0005E9E0
00078095
FFFC097D
FFFFBF28
000CB894
0002F5A8
FFFA9BDF
FFF56395
000CFE3C
FFFE6B71
000EB38A
0000EDC6
0005FCA8
FFFC8377
000441D6
FFF507CA
FFF49F3E
FFFB7575
FFF9A7F3
0005B31F
FFEC0C14
FFF6EE0E
FFFA430A
00018503
FFE8BAB8
FFF6FC45
00128878
00088E89
000358C0
FFFFF960
00031234
0006C215
0018A1DD
0002E2FE
FFE632F7
000EBD5C
FFFEE730
FFF78B5D
FFFF6F45
FFF826F7
FFF98276
000118B7
FFEEDA27
0008F899
0003A7F8
FFF2937B
FFF73E38
00086F13
FFEC28E5
001747FB
00042F89
000CF8E3
FFF65D30
000DB14C
FFF45274
001656A9
FFF07E3E
000A3448
FFF3B220
00079D37
FFECFAC0
FFEE51B3
FFF533EE
00070F2B
000B43C5
FFF79F5A
FFFD7026
0008C916
0008368D
00023F65
00034111
001612EE
0000A55E
FFFCCD50
00013342
000FDD47
FFE91993
0000716C
FFF9A494
0000E088
000444F5
FFF4A004
0002D38A
FFE8CE38
0000EC47
FFFDDED5
0019373D
FFFA7D93
FFE65914
0011F629
000F3553
FFFAE1FD
00091B3B
FFF10C3F
FFF81037
001279E4
0005B578
000CC8DD
FFF3D034
000782E5
0001A5F7
000F7B58
FFF2B006
FFF63B16
000C6184
000B0E32
FFF0DB89
00185298
FFEFC2E4
FFFD6036
0002653C
00040F97
0006D11D
00043C26
00052AC4
0009FF1C
FFEE1B64
FFFDB5C5
00015DCC
0008BF19
FFEDA022
FFE652CB
FFF05EA7
FFEF9622
0009403F
FFEAD3B6
FFEB5961
00058D0C
0001BEE3
FFF132C5
FFF73AE7
FFFD1C20
FFF8F762
FFF8BCFF
FFF2E462
0002BA5E
000C4286
FFF08AEB
FFFAA075
FFF3416B
FFFBA269
FFFE59B4
FFFB4320
FFFE8626
FFF8E00E
0013E5B8
0011CF3B
FFEB4421
0011C8DD
00063F24
0003E8A4
0012CB1A
FFFD7B6D
00112971
0007DEAC
FFF885F4
FFF9F017
000FE6DE
000556C7
FFF0E503
00009CDD
FFF13BFE
0003B6BA
FFF49255
FFFE2CA2
FFFC2C9D
0006DE73
FFFFF6DA
000CF183
FFFAEE89
FFFCFAB9
000BAF96
FFE75055
000A0F33
FFF1DB28
000D96B7
FFF51367
FFFA56AB
0011D4B7
00041FE9
FFEDFE9A
00013216
000B676D
FFE788EA
000ED0B8
000F0E67
000A5D76
FFF706EF
00078D7C
0001BC25
FFFFCF6F
000644A1
FFF2FA46
001019B8
000F8FED
00150B35
FFF2CA01
FFFC18BE
000AF8BB
FFF942A4
FFFC9203
00186F2F
FFF831A6
FFF7F723
FFE4BF2A
000279CF
000261BB
FFE9C8DB
00028531
FFF12A29
FFF45E1D
00183F67
00076B30
FFEBE4C3
0014FB24
00089BC1
FFEC4952
FFF06DE6
FFFCE9DC
FFEF80D9
000DA402
00069F48
FFF4A503
0005D7C0
FFF71996
FFF7FC69
00021373
FFF85462
FFF71AC0
FFF3BD4C
FFF84135
FFEE3998
FFF41E10
FFF1F097
FFF645FE
00111667
FFF2FF39
0005514F
00136354
FFF8AE0C
000D8851
001C2622
000AFA8A
FFFF9154
FFFA3095
000FA5B0
FFFEFBD8
0002BDF3
FFEDE07D
000A1781
000560A1
FFEE77EE
FFFCB5EB
00048A50
FFF2ED0F
FFF78284
FFFACF72
0004F523
FFFDB01B
000DD191
000FB141
FFF2F2F7
00013F4A
000F3ADE
FFF0B8E9
000AA364
000F91D2
FFFB39AA
00136F30
FFFCA10D
000E3ECD
00163B04
FFF6AE87
FFFE1719
FFF0847B
00048F3D
000C6AA9
00108B1B
FFF1CCCD
FFF09FCC
001198B1
000D8D0E
0002D4BF
00070558
FFFE1CC2
00039F50
FFFDED42
FFFC9ED8
FFEEB110
FFF8A23A
0008F976
FFF40DF0
0003A910
FFF28295
00086250
FFF2C49A
FFFF17C3
FFE3392D
FFFB0356
FFFD323E
FFF5F892
0012AB84
0006ACE5
000FB3F7
FFF7DA8D
0004D74F
FFE75D13
FFF810FB
000F92B9
FFFB1855
001077FF
FFFBCA77
FFEB10D3
00001AE2
00114FCA
FFFED36F
00011627
00047487
FFFA7F11
0005875D
0007BCDB
0006A29A
FFE5324E
0000F015
FFE823D8
FFF51D2F
FFEB22C3
FFF7BA81
00061358
00184A53
0027C1B6
FFF3E0DE
FFF2FA5D
FFFD1EBD
0012B5C2
001CCEC8
000B635E
FFF3143D
00012AD6
00030B9F
000759D9
00029459
FFEF6652
FFF51E02
0009AFCF
FFFD27B1
FFFC3ADF
FFF44FD3
FFEF50FB
FFF8D354
00014727
0014797D
FFF9E01E
FFEDF017
000C48F7
00078770
FFF24233
FFFAEA38
00067E10
FFFCAED0
FFF35586
0011C2C2
FFF9BA59
000DF50A
00072124
00012C56
FFF7C548
0007465B
FFFBBC29
00037DF5
000C62B9
FFFE75D3
0009F1F7
FFF667A4
FFEE45B0
FFFE6CC6
000085DD
FFF49173
00069580
00084394
FFF76C9E
000133ED
FFF85B64
00038F0F
FFFFE88D
FFF30255
00083E2A
0003384A
FFF87A6F
0003180C
FFF3BDAC
0013AB88
000CD5A5
00067B2B
00068A50
00173713
000089FC
FFFB58BA
000B62E7
FFFBAFF9
0000B2F5
000B92C8
FFFDC5AC
001140A2
FFF708E2
FFF19432
001AE882
00057646
FFFBA582
0003E3C3
001A3DCB
FFFE97EC
000B214E
FFFCFB8B
00018B6D
FFFEF036
000B2D9D
000A075B
FFF461B0
FFE81B29
FFFA083A
00049180
FFFDFD26
00007019
0005AD68
FFFB86E2
FFFF9BE0
FFF4708E
FFF1C75C
FFF9E909
000FD3FD
0017234B
000B3F8A
FFFB54DA
FFF942FD
000168EC
FFEF56E4
FFF2E322
00035182
00097EA1
FFF546A5
000526B9
00118393
000B3350
0002718D
FFF410CF
0013126D
FFF2DD75
FFED8395
000FD693
00037DAB
FFF29E79
000F1F73
FFF2CA63
001FD9A5
0006E3E9
0009D454
000C6F82
0003E0A2
00051BF3
001E00D5
00084735
FFFEF998
000A2756
0006000E
FFE21570
00007413
0008CDA1
FFFCB545
FFEBEBA1
FFEBABCB
00007BDB
FFFDA1BC
FFF0BCC5
FFFCE433
000EB6DF
000F08C6
FFF51637
0015756C
0003D04E
FFFCAF3E
0007F173
0009DAD5
0012A766
FFFC4BDE
000ABC64
FFFAC812
00119D48
000A093C
FFF91C2F
FFF4D25F
0007FEB5
FFEC7994
FFF2717A
00070021
0001A218
000D64B4
0003FF66
FFF25BEF
FFF8A668
FFEA35DA
FFF6C5AC
FFF8FD48
FFFAB0C5
FFF6FF46
FFF88CEB
FFED1D83
00046081
0012BF6F
FFF6B663
0011E9B6
FFF8E0A9
000C987A
000D38A4
000A14DB
FFFBFD1F
00047DC7
FFFAB888
FFF60B3B
0005355B
FFFF79B2
FFFBCB34
FFF80B4A
000516C2
00075FD2
FFF9778C
FFED05D1
FFFBAD29
FFFA59A3
FFF193B7
000ABC00
00072471
FFEF5F3B
0002C42F
0006F03B
000630C6
FFFA2D94
0005B03E
FFFC981D
FFF88F1F
00047839
00004566
000CCEA6
0007AA2E
00091E8A
FFFB252C
FFF70141
000C42EA
FFFF8A50
00037FF1
00076408
0010DB19
FFFE8D75
000663CA
FFF63610
000CCC38
FFFCFD98
FFFA5FEA
FFF67277
FFF54B63
FFFC0EFB
FFF8B693
FFF929C3
FFF5C9DC
FFF3A1E4
00050B76
FFF8DAF6
0003FA9B
FFFDF51E
FFFF5181
FFFCF468
0004E988
00111702
00003114
000A77A0
000AA168
FFFE02DA
000D7BC6
FFFDA18A
000BD9F5
FFFD600C
00068577
0000AEC2
0004E309
FFFACCF7
FFF551B1
0006D062
00046E17
000B1255
FFFE2BC9
000C22C6
FFFBCA92
FFFD022E
FFF92A44
FFFCB383
FFFFF723
000273E3
00013DB5
000535FD
FFF8FA10
00047498
0000635D
00016E7B
FFF7AF2A
FFF95362
00004BB3
FFF88691
00013D5E
00097C4E
0006321F
FFF07016
0004759E
FFFB37CE
FFF63B78
FFFD9A85
0005CAF3
000347EF
FFF83708
FFF8A847
0005DA19
0005489D
FFFA9F2D
FFFC78EC
FFF9EFCC
000667FF
000ACCCD
00027B3B
FFF99F90
FFFC9C9E
00069168
000C0061
FFFE484F
FFFD6C43
FFF4706C
FFFD7C02
0001C25B
FFFEA219
FFFCD060
0009FA35
00004FED
000CFCAC
0004EB56
FFFB4FC1
000D55CD
FFFDA33D
FFFE1CE8
00074490
000B5E1D
000F17CA
000AB290
0009E8AD
000BD261
00008B9A
00033FA7
FFF99B52
FFF68F0C
FFFA2D19
00011633
000BF750
0003F4AB
0000DD8B
00070676
FFFB694F
FFF868F8
000B7002
000F8D71
000970AE
FFFDFFC6
FFF3DCE3
FFFB42DD
000C2FF4
00059A0D
000241DA
FFFF8CA5
FFF43205
FFFB58F9
000400A6
000822BB
FFEFF253
FFF55821
FFED13F3
FFFAB401
FFF9B59D
FFF6B16B
00054066
0002FC4C
0001131C
0007B1D8
0007C85C
00066A64
FFF86871
0000A8ED
0006776B
FFF7B9D4
0009F591
FFF8853D
FFF9D4D1
FFFF4A77
000433BC
00041BFE
0006CAD8
FFF56202
FFEDA5E1
FFFCFA58
FFF70A2C
000123D3
FFF50C12
000A91A1
000501DC
FFF83BBE
FFF322EE
FFF843D6
FFF9A1CB
FFFBE201
000042B8
000B6F50
FFFF47E5
000D811E
FFFD24A8
FFF80B3B
FFF97CB7
FFFBAB6F
FFF1D00B
FFFE7FA6
000309BE
0000C110
FFFE0F8D
0009C51B
FFFB7D6D
000957AC
000C0FA3
00071B70
0001C30E
0004622A
FFF93A25
0000F5EB
FFF3A4EE
FFFDCFD0
000956F1
00055404
FFF091AC
FFF661AE
000A4AC0
FFFD4F42
FFFEE1CE
FFFC67C9
0009C576
FFFA7697
00002D92
FFFB4F76
00023F87
FFFE5551
FFFE9A7F
FFF69B5A
FFFD02F4
FFED359B
0002634A
0009FC00
FFFD833A
FFFD92F9
FFFF4D4A
0004FAA0
0000F175
FFF86968
0001F82D
00017A82
FFFCCAC2
FFFF08BE
FFFFB1AB
00098462
FFFC905F
0003C7BB
FFFBD582
00049BAC
0009A7BB
000C97F6
FFFCF410
FFF13458
FFF78CDB
FFFA6DA2
FFF948FA
00051DCF
FFFB2C9B
FFFB3288
00026D31
00086DFA
FFF6B7C5
000E1CD6
FFFE2A21
0001990B
00023855
FFFA2F80
FFFBBBF6
0000AA37
FFF7EFF4
0012C230
00019259
FFF3FB24
FFFFE0C8
FFF0EC74
FFFE8E73
FFFA66A8
0001B33C
FFF69220
FFFF85A6
00014EEB
FFF4CE5F
FFFAC515
00068A6C
0001BC1B
FFFA29D5
000823C2
FFFA11D4
FFFEFF8E
FFF395AF
FFF65867
FFFB9ADA
00093EE6
FFF6850E
FFFE50B4
000B20B3
0006CEDB
001230A9
000649B7
FFF8B353
0001F14B
00004A3F
0002B717
FFF9CE31
00081A90
000431F7
FFFE0A0A
FFFE69FD
FFFC2F57
00032799
00074839
FFF461D4
FFFDCE46
0001E514
FFF11825
00102EA5
00081DAA
000098BD
0003B084
0006296A
FFF9C061
FFFA0F2F
0001252B
FFFE8920
00020FC9
0002D01D
0006D6EA
000CFD4D
FFFC0ACB
FFEE3C61
FFFAF203
0008EB50
FFFDE59E
FFFF1E85
FFFD936A
00025C3E
0003C379
0005D456
00007CF9
0002467D
00088D51
FFFCEF37
00110C13
FFF0596F
FFF6218C
FFFA73CA
0007C5DB
FFEFF7B7
FFFBD7BC
FFF984F4
FFF6F02E
0003FD00
00004351
0002FCEE
FFFF716C
FFF9F4E1
00080B87
FFFFE344
FFFD1EC7
00028DF1
000C5EB2
FFF77643
0000EBC9
FFF4CF88
000B5C71
FFFBFFD4
FFFFE426
FFFEB52A
FFF99DED
000815AF
FFFBDB74
FFF5E203
0001A788
FFFA8D27
FFFF1C87
FFFD7F49
FFF8B003
FFFF31EA
FFFF5BF2
0008B9EA
001286CB
00053430
000428D7
FFF4C9C1
FFF80D2F
0000C8E3
FFF88D4E
000B5FC1
000BF9B3
00024C48
FFFB1333
0002D8AC
0005DCE9
000C6BB0
FFFA76F7
FFF09FD4
FFF44DD4
FFFA7EDD
FFF8807F
FFF93BDF
00099A40
0002F561
00045EFF
0000E8AE
0005F2CD
0008FD4C
FFFD1130
00031E86
00001215
000CAA8F
FFFBBD36
FFF92B85
FFF1D97C
000A5E64
0009E04E
FFF44E3C
00055016
FFEDC972
FFFF4EDA
FFFF5FDA
FFFEC123
000339AA
000A72D4
000BEB5C
000AFF63
FFFA313A
00098F83
00076C3E
FFFEF0AE
FFFD51ED
000BDB92
000F60EA
00038859
FFFED6EC
00076002
FFFCA24D
FFF375E8
00079BF1
FFF8DD11
00046FB5
FFFF15F8
FFF9BB52
FFF80290
FFFF0930
00034637
FFFFA3C5
000AFD93
FFF6FF58
FFF63904
FFFE0BA8
0006622F
FFFC5DF7
FFF31AFA
FFF168E7
000846EC
FFFDFC11
FFFD1314
000F13FB
FFFC1433
FFF19501
FFFA88FC
FFFDBBA2
0005D0A1
000472E8
00077387
0000884A
00010EF1
00066B83
000BF27C
FFF273D2
00018631
FFF6B174
FFF4F6F8
FFFFA03A
FFF8436E
0007469A
FFFE21F2
FFF8E0F0
00027295
000628FA
FFFCEA44
FFF7AE57
00113B28
000BC672
000F9F30
FFF9D4CF
FFF46CA5
FFF79EF8
00023538
0007BB60
00022C9B
00106820
FFFC87F5
000359F2
FFFD886C
FFF6FB5B
FFF3EBF0
FFF64A4E
FFF9A117
000391F4
FFF45232
000B4EFC
00072AED
FFF41FE8
00070541
FFFC7C1F
FFEF9416
0000A961
00073417
FFFC391A
FFFE143F
FFF4967E
FFFD1698
FFF16233
FFF91630
00080F29
FFFCB89D
FFF5FB21
000055E2
00081AD2
00044EE9
FFFA99C8
0005872F
FFFA7817
FFFE0217
000150AA
FFFE8860
FFEDBE89
FFF75F74
0005D52C
0004C466
0002B04D
FFFFE05A
FFEB3667
FFF9C1B7
000BEBB1
FFF83CDC
FFF31667
FFF7163D
FFF8EDAD
FFFF8491
00011198
FFF3AE61
FFF81288
FFF7B380
00039426
FFF8BB14
FFF3675C
FFFFB715
FFFA393D
000023AC
00011CDA
000ED172
FFFC2714
FFFE5832
00031794
FFF8FACC
FFFC1359
0019CF62
00084C70
00077A88
000EF823
000DA7E0
00023C38
00093656
0011A8D4
FFF8CB1F
000D7F44
00064531
000F9C7F
00055F75
0001F57D
0002FF58
0001FB53
FFFB7934
00051F42
FFFACA52
0006DAB8
FFF487FA
00020FD3
0003E42E
0009F2DF
FFF93EED
000A7D8C
FFFAE6DA
FFF952CC
FFFDE87D
FFEF3FEB
FFF84288
0006DBF9
00099869
FFF538C3
0001545C
FFFFCAD4
FFF9E73C
0001EA84
FFFF457C
0004D462
00051AFF
000998BC
0006AE4E
00059E6C
0002D4EA
FFF79F3B
00052698
000FD094
000BCFE7
0002CD79
FFFF492E
0005C407
0015C7AD
0012CB6E
00181C93
FFF51090
FFFD5ED9
FFF1A53E
00085D9A
00049231
000BE05C
0000156D
FFFD1CA1
FFFB87F5
FFFCE446
FFFB2F3C
FFF3DE09
0004E493
00010393
FFFEAB48
00038EDB
FFF47B90
FFF42F02
0004E0C5
0004A74A
FFFBAAF7
000B4D26
000DE06C
FFFE0349
00057C65
FFFDE3F7
0003CFA1
000B20CB
FFF9A68D
FFFDB296
00032A66
FFFCA47B
FFFDAD64
000D4199
000F721C
000F4782
FFF900B2
FFFC6ECE
FFF2B75A
FFF64418
FFFBE73A
FFF6724B
FFF9D20E
FFF9AC84
000954C5
0009A130
FFFC7DE5
0006951E
00096344
00006D5F
FFF026AE
000A1644
000AD744
0002BE13
00123742
FFF7D5E1
0002C537
000E3B53
FFFED638
000778A2
00089CCF
00047EE1
FFFA1BF4
FFF97C2B
00062647
FFEF55C5
FFF70F11
0007701D
000625D7
00034C40
00064DBA
0005E49B
000B6C40
FFFEC6DA
FFFFD337
FFFF72C6
FFF8E7CC
FFF7663D
FFFA5CFE
00053961
FFFA024B
FFF96FBF
000BDEDC
FFFB0432
0008FE95
00057AB4
FFFF67AE
00075983
FFFA2E2B
000B7B53
00063BDE
FFF5568D
FFFF6C45
00092725
FFFA63BD
FFFC564A
0007339B
0001D961
000275A3
001026BC
FFF9F6D1
00091063
0006A914
FFEF4101
00018E45
00083D48
00032751
00032472
FFF72302
0008C7E6
FFF8B8C0
0004037E
000285AD
FFF9A810
0004B80A
000ECE38
000B638C
000070D4
000688AC
FFFABD5F
FFF958E2
FFFE5D4D
00006932
0006C8E0
FFF6BD23
000779E6
00063679
FFF473AA
0003AE1B
FFF70610
0000EBBD
FFF595AE
0008B6EA
00093735
FFF52422
FFFD1E7D
FFF4580C
00000B22
000EDFB9
0001C148
0003EADA
0002D9EE
FFFBE048
FFF3339C
00069941
0004913E
FFFAACB7
FFFB7038
FFFFFB4C
FFFC5881
000942ED
0005FBA3
0003950C
000A0CA3
FFFD8457
00031983
0007F30A
0005EC32
00001E5D
000D5BAD
0005577E
FFFAD5AB
000A8CAC
FFF95CA6
FFFAF8A4
000869C2
FFF487FC
FFF680B8
00047BB5
FFF56FC9
FFFAD05A
000BBE02
00072C74
FFFA9667
0001275E
FFF9109B
00002977
00058626
FFFD877E
00090109
0004983F
FFF46C55
00043AD9
FFFBA4D7
FFFE8471
FFEFDF72
FFFFA185
FFF526E7
FFF91A53
00021B4C
FFFF163F
FFFB7A28
000E20A6
0008D990
00082630
0006BC53
000BAB70
FFF79E4E
000C4AC7
FFFAFB76
FFF89677
FFF2173D
00037E98
FFFE0D43
FFFF16D6
FFFD96F4
FFFCD2C1
000695C3
00008843
FFF5E17E
000225B2
FFF48F8B
FFFA8CBA
FFFF0A9F
FFFE6281
FFF742DD
00004489
0000B97D
0001CF01
000BF8DE
FFFB278D
FFF9CC78
FFFA8AD7
FFFBA2A2
FFF6C255
FFF4FEF3
000AB96D
00062233
FFFE8A46
00009D89
FFEEAC15
000508DC
FFF333F1
FFFC0EB2
FFF7EFA3
000253C8
FFF6D1B2
FFFD7969
000B8A10
001010AF
FFFD8D8B
0002E78C
0000174A
000111FD
FFF64901
FFF3EE33
FFFB45E4
0002BA36
FFFF2379
FFF86027
000A1F1D
FFFFBEFA
FFFEAFB9
000F2344
FFF5CB94
0006EED8
0001609B
00042B68
FFF9E246
FFFB2F34
0000111E
FFF65AC2
000993E9
FFF55615
000EC4BC
000541FE
FFF85F49
FFFE9706
FFFF050C
00050116
FFFA4FEF
0004E839
0002395C
000DAA9D
FFFA813B
FFFE7F0B
000AEFA5
00026359
FFFBC91F
0000B51A
00098876
FFF20503
000F1C02
FFFA3043
FFF56A32
000A6BFC
FFFE2728
00044ED5
FFF5DE7C
FFFA7474
FFF92A12
0004F490
00004BCE
00046ECD
00001C95
00055580
000C0843
FFFFA2F5
FFF9B290
FFFE2933
FFFFE8F0
FFFC9A79
000BA94E
FFF8F4DB
FFFA7DB4
FFF97A1E
0004517E
000403A0
FFF8FF8A
FFFDDC9A
00092C3E
FFFAB9F4
00091F6F
000D6E6B
FFFBDED6
00061D7B
000567BF
FFF4BE51
FFF6A6D4
00055B28
FFF28F24
000BF8B8
0003D4CB
00078182
000387A1
FFFEE61A
000543E5
FFF9F26E
FFFB3C6D
FFFDF863
FFFCE801
000421CE
FFF9132C
FFFE52A1
000357D7
0003AFB5
FFFA3819
FFFEE249
FFF7E728
0001EAAB
0005B4D3
FFF73BC9
000F395A
000AF3CC
FFFE44AE
0005489F
FFFD3A6F
0001F30C
000E1865
000CCA36
000A8E08
FFFF6F52
FFFC5897
0001DB81
FFFAD1AD
FFF4B436
FFF677B1
00127EC4
FFFF0E66
000084FD
FFFD10AE
FFF8EAF9
00088D99
00019C9B
00067AE3
000F4652
FFF4EC0A
FFF28DB8
FFF7825E
FFF46CEB
FFFD0865
FFF9B74F
FFFE42C5
FFFCFC38
00097612
00036558
0002431D
FFFBFCFE
0002EAB7
0000553E
00074A78
00015AA3
FFFFE672
00086F45
00017115
FFFEF462
000581EF
0010B858
000F8CEE
000527D0
000DEC48
FFF7E7F6
000A4372
00075762
00043F8F
0016FBA4
FFF691DF
FFFA7221
0002B6BE
FFFF1E9B
FFF96E75
0001E883
00061091
00027876
FFEFEC66
000AEFB3
0003CEAE
000BFBC8
0009F6D8
0008B1CA
0002B382
FFF6EE30
FFFA11D3
FFFB229F
00102F66
0003B1F6
FFF4B626
FFF92AC5
000132F4
00017FA9
0009D387
FFFD5406
0009B628
FFF5BA55
0001F2FB
FFF845DE
00020911
FFFF6F90
FFF7D59F
FFFD6DBA
FFFFFDBB
FFFB0BD2
FFFA51A1
FFFCD1B5
0003D662
00128E16
00117F22
0011EF05
000940EA
000635DE
000048BC
FFFFADB6
FFFCF24D
FFFE1EFB
FFF435FD
FFF2B597
FFFFECE3
00082C66
FFFB3474
FFFB2E30
000967BD
00090A57
00086143
0009E0B9
0007C9D9
FFFD95EB
000927F3
FFFEDABB
FFFCB083
00077EBD
FFFD8D51
000BE419
0003A17A
FFFBE1D8
FFFCF06D
0003A272
0003015F
FFF7B5E2
FFFDA5A6
00073D19
FFF79022
00025D8F
000A9FD3
00027877
000C92A1
000AD0F8
0007D474
0007B94A
00079B85
FFFDA970
FFF95561
FFF3B049
FFF96007
FFF84A1C
000AF53A
FFF1C42A
FFFDAEB1
FFFB3088
FFFC34C2
000BC139
FFF94005
FFF3CA76
0000A802
FFFCDFF5
FFFE43C5
FFFB0F44
000938BF
0009919D
00015D4F
000C6B08
FFFCD319
0004BDBF
000D575E
0005E58B
000120D6
FFFAF6F4
0005B1D8
FFFE1068
000733BF
FFF2188F
0007F75E
000A2F6C
FFF6F0FF
000A2EDF
000856F8
000BB405
00023055
000666E1
FFFE10C3
00040991
FFF9A4DF
FFFE3575
FFFAC365
0000DB81
000FB7D4
FFFAE6D4
FFF6C72F
FFFCF9CE
00089838
00095533
0004F33E
000476F6
000CCE0B
000366A4
0004AC4D
FFFAFA3B
0007EDE6
FFFAD166
0008B32B
0004716B
000901BC
0000DC2D
FFFFC71D
000395DA
000E54A5
FFFC36C1
FFF7AC49
0015175B
0004ACB3
0008FCB1
0007A245
00039097
00096139
0014D16C
FFFC062D
000A9E78
000F0B08
00040C6D
FFF283D6
000170B9
FFF75F9E
FFF7D996
FFF81157
000AE8D4
FFFCCDD0
00014E88
FFFF752B
FFF00D52
00081DE1
FFFA574C
000C3AAD
00072019
000A8D29
FFED681F
0000FE05
0001F755
FFFB3B28
FFF1548F
00007460
0002E6FC
0003F522
FFF2FA3B
000A85B9
000C689E
FFEF1DDF
FFFDA03A
FFFA4245
FFE91715
FFF6C7F7
FFF7D910
FFF941EF
FFF59BA8
FFE6C4ED
FFF79B7E
FFED4480
FFFD58A9
FFF08E6D
FFFA648E
00083A27
0002D2BB
000560BD
FFF4090F
FFEF23BC
FFEEB1C9
FFFC3FE7
FFFF4F23
FFF34BB7
FFF6F4BD
0001117A
FFF1868D
FFF91DFE
0011AD36
FFF7B70A
FFF65703
FFF9CB7F
FFFB6AC2
FFFF2259
FFE94991
FFEC5C09
00051923
FFF649D5
0006766E
FFF4C483
0007C0C2
FFF940F0
FFF68EA2
FFF75D30
FFFBCB50
0004AD52
000E0314
000C4CF7
FFF17EAF
FFF9AAFE
000D5706
FFF43A5D
00048A8C
FFF0F5CE
FFFD8E8B
FFFA2377
00070600
00028E6D
FFFB8539
00098669
FFF8ED7A
FFFB52FA
FFF43285
FFF32492
00030BC8
FFF6974E
00017527
FFF04955
00022A69
FFF895B5
FFFD3288
000A94A2
0009A67C
00091A62
FFEB9FA3
00114F42
FFFB462B
00014129
0010321B
0006EED8
0001394E
FFFE3DFB
FFFD4DB0
FFF685C0
FFF92DDB
FFFA2FAA
0005CD43
0007C37C
0011AA9E
FFF766E7
0001A017
FFF8D50D
FFFCF1D5
FFEDBE2B
FFF86041
00001DE1
0004233D
FFFE8D38
00072DE7
000690E6
0001C44D
0003E948
FFF48268
FFFE64CF
000E3B14
FFF7B426
FFFCE8C7
FFFECBA5
FFFE3E3E
FFF4AC93
0005AEDA
0007848C
FFFF9C12
FFFE6F9E
FFF62FE2
FFFC72C5
0005E131
00012C55
00020868
FFF8EC6D
00032DBE
FFF8131A
FFFAFEF5
001AC37B
FFFEB6BB
000D6A85
FFF55837
FFF98057
FFFFEBC1
0001FB1E
00045697
00032A93
FFF5FAFA
0008E3D0
FFFBDB27
000042C2
0006661C
FFF6CB64
00066494
FFF69352
000B6C82
00008EFF
00026A46
000A7424
00016DA4
00042B62
0005D616
00030123
00004AD0
000E1293
000F04EB
00058012
00120856
FFFE8452
000C6F40
FFFEC7F6
0002BA27
00022984
FFFDF293
000CE034
000157D2
0002E0EE
FFFF1842
00166BB2
000AB7B8
00128665
0010D433
0001A588
000BED7D
00092F08
FFFE7161
0011E812
00027A8C
FFF812A4
FFF702D4
FFFBA72A
FFF25647
000F4CB9
FFFEB3C7
FFF7EB9C
FFECC0C7
FFFDF802
FFFB4A8B
00059E54
FFFFAD97
FFF51A6B
FFF190A5
00007FCA
FFFBE1E4
000578AC
FFF9183E
000C48A8
000901E4
000511BE
FFF9BCC7
000A3F66
00047F9A
000D8CC6
001087FD
00042751
0005724A
000EB013
FFF6ACCB
FFF79FEE
FFFDD6DB
001241BC
FFEFB79C
00084E0A
FFECDF25
FFFCF972
FFFE3773
000489F1
00084D57
FFF05389
00001C2C
00055A92
FFF4E6F7
FFF55BD3
FFEA6585
000F842F
FFFE275B
FFFBCDC7
000B035B
FFF7D0D5
FFFEDCC1
FFEB5BE3
0000F21B
FFFA396E
00070447
FFFE04AB
00032EB1
FFF1F63E
000D5695
FFFB1680
000CA0C4
FFFEA3D3
FFF97753
FFF603C5
FFF936DC
FFF40C13
000953CB
0002C5ED
FFFA6452
FFFA4E67
FFFD370F
FFFB4A45
0007FFF3
00040E4B
FFF26CF9
FFF9884A
FFF95BC3
00034D94
00097E8F
FFF1C490
FFF56754
00070D49
000BF11B
00064BB9
000DBA68
00012FEB
FFFFFE00
0004607A
000A5430
FFF71536
FFF49D0A
FFF93F94
FFEF3FC4
0008B771
FFE931E4
FFF29846
FFF1C5D1
0006BC47
FFFB0AB8
FFF8B6C4
FFF83CB8
000CDB13
FFF2A85C
000559D5
FFEFDA0A
FFEF3F1B
FFFE3D6E
000EBED4
00067726
FFF770E2
FFEA6722
FFFB37DF
00028119
FFE86118
FFF7F090
FFFF7A31
FFEB576A
FFF6D93F
000245CC
FFF0082F
0008AC33
FFFA9FBA
FFF27645
FFFDD44B
FFF78F83
FFF11095
00182B2A
00029EBB
FFFACE88
0003FB24
FFF9B8DB
000164AE
0001231E
FFF95E20
000FD270
001281E8
0008796B
000A7D8E
000BEEEB
FFFCFA36
00005571
0006FCCA
0000F27F
FFF25D1B
FFF97C12
FFFF6B00
0000EAE6
000427EC
FFF03D62
FFFC5144
000EF661
00070E1E
FFF2CCEE
FFFB795A
FFFBBE69
FFF8F2C4
0006DCC5
FFFC7841
FFF505C0
000425D6
FFF4DA32
FFF852C0
FFFB1214
FFF426B0
00093146
00046B84
0000ACC2
00049308
FFFEBACA
00089D7C
FFF3830E
FFF93383
FFFA51F9
FFF89AE0
FFFA6E83
00036BF8
000B398D
000CB944
0009B655
FFEE7607
FFF9AEF7
0008A4AF
FFF7DB4F
0006C18B
FFF79DC3
FFF94975
FFF6E25D
00071E30
FFEDFB25
FFF2E9F9
FFEC3F09
00077D82
FFF96E6A
FFFC00BC
FFF4F72B
FFEFB7FA
0000DB4C
FFF424C2
FFFF12AA
FFF89512
FFFBBFA8
FFF8B533
00097A02
FFFF0EF1
00060B85
FFF08AEF
FFF1D811
0005F41D
FFF49B2D
FFEF897A
FFE39D0B
FFEDE703
FFEB73F5
FFF8DBAF
FFFA1837
FFFEB64E
000E506D
00052C14
00068661
FFFBDC2E
0005FA8C
00095CE9
00068A16
000A2187
FFFA2428
000572C7
000DC6A2
FFFE7B42
FFF93CC1
FFEF2A91
00000C0F
FFF2B231
FFFD3297
000B6EB5
FFF98043
FFF92021
FFF88D57
FFF90270
000C16FC
FFF43F07
000522F9
0000A2E8
FFFFB0AD
000172E7
000A42EE
FFF5EBC0
001710FB
FFF8827D
00116783
0007FBE1
000F6D74
FFF978C1
FFFFC6DD
00023B40
FFF6C3A6
FFFAD776
FFF986CB
FFF3DB3D
00009DFC
FFFA3FF4
FFF4AC7E
000271D1
FFDCE7E0
FFDEE1E1
FFE39FDF
0002A241
FFF2F32E
FFFF03B4
FFEC2DC5
FFF453AC
FFED7B33
FFF3C50B
00044869
FFF0BD81
FFFE46E4
FFFB85F6
FFFE4189
00092195
00046279
0003BA7B
FFF47402
0004CFC3
00117964
FFF3111A
0000A6B3
FFFFC671
000E15BB
FFFE2A87
000A7769
000703D5
FFFC56D0
FFFB5758
FFFDB878
FFFDB956
00043B6D
0008AE1B
00097056
FFEDDCC5
000DF5A4
00072E33
FFF8B4B7
0002F463
FFFD90E9
000BA236
00040AEB
0008840B
0011BD27
0004767E
0006C2CD
FFFDA43B
000552CE
000AD2F3
000090DE
000C2C37
FFEB9E5F
FFFA968A
FFF1AAE2
FFF81C6A
0004CEDE
FFEFB151
FFEE2A7B
FFFF19C5
FFFB7230
FFF14280
FFFFEBD3
0007BFCA
00052166
FFF86BEF
000450DC
FFFB2F9F
0004821B
0007A94D
FFF8DBA8
FFFAE0F6
FFFC2E5F
FFF961CA
0011FE02
0007386B
0009FDC6
FFFFBAB5
00053974
FFFCA198
FFFC6971
FFF2BED5
000087C5
000582D3
FFFAE686
FFFED3FC
000246FB
000DA721
FFFA0AD7
FFFD2C73
FFFDB491
FFFFEC3F
00015EEB
FFFBCF67
FFFE7277
FFF86C83
FFFC0E2C
00069618
00068AFC
FFFEA460
FFFEAEF3
FFFBE5D8
0000AB9D
000344EE
00065580
000AA743
000314CF
000136B7
0003AFAE
000234E3
0003F696
FFFAE7A9
0007BEDF
0004FB42
00098170
00010CA0
FFFFC2C2
FFFED603
0000DBD5
0003FB5D
FFFF1CB5
FFFF9D3C
FFFE1AD8
FFFF5F5E
00025176
FFF97D75
FFFC58A7
FFFEF51A
FFFB4E4E
FFFF3A6D
FFFBE286
FFFFAEC4
FFFA8399
00065A42
00058500
FFFFFF97
FFFDC45A
0003A668
0001406B
00073FD3
00061CCC
FFFE092E
FFFC07A9
00024A96
FFF962FE
FFFFFB5E
0000EBA8
FFFB6233
FFFB5EFC
FFFE3132
FFFC6585
FFFD3D04
FFF866E9
FFFA667A
FFFBB261
FFFA3F37
FFFA05BF
00056B46
00012BF4
FFF84F08
FFFE6376
FFFCE695
FFFB9116
0001D21B
FFF7F459
FFF8CA5F
00032E8D
FFF473B0
00040F22
00017A63
FFFAC68E
00032CDD
FFFB3EFB
FFFFA9D5
FFF8664D
FFFBBE96
00046165
FFFB3686
FFFDD8DA
00010874
00046E26
FFF85A5F
00035F90
0004D615
FFFA7A12
0005AFC7
0009C8F7
000387F6
0000956D
00043EBB
FFFB6764
FFFFFB43
FFFB81C1
FFFC95A4
FFFF1B5C
FFFC6E7E
000361FF
FFFA8AEC
00048514
00003E45
00037A79
00034F1C
0004CBE6
FFFDBD52
FFFFF57C
000895B1
FFFE3283
00023B71
FFFE7D41
FFFB887C
000243A7
000746C0
0002D1CE
000145E7
0005FC19
FFFD7335
000510D5
00046D35
FFFF8E0D
FFF667DB
FFFF7CE8
0003825A
FFFB0696
0003389E
FFFDD306
00066F51
FFFD96C8
00066A0A
FFFF6494
000CBF01
0001F8C9
00096B96
FFFE9A46
FFFC8450
FFFDCD47
0001092E
00012E2E
FFFC3826
FFFB2911
0000A09A
0004B5CE
0000BC73
FFFC5FAE
FFFAC282
00013BEC
0007FD33
00029D23
0007D251
00003C61
FFFD7462
FFF8F265
FFFB845D
FFFFF75D
FFFCC2D0
0002DC32
00053116
FFFCF1AA
FFFE6056
FFFEAD37
FFFE68C9
FFFDF4F4
FFFD1065
0003F4A0
000246AC
00051854
000295FC
FFFDB2DD
FFFFA29B
0003A9F6
000542A8
000A14F5
00041B61
0004D8E7
000B75FB
000204D6
0002BC46
000C5BA4
0005A416
0002770B
00004C41
0005A670
FFFA6804
0005EBF9
00046A68
FFFB5DEA
00019154
FFFD7F65
FFFF210E
FFF9AC8E
FFFBF819
FFFF3BB1
FFFD3F91
FFFC4F7C
FFF9472D
FFFB5268
FFFE115C
00017205
FFF9AD79
0005A583
0000A023
FFFBB9FD
00028291
FFFF5440
FFFFD981
FFFBAA92
FFFF8F87
FFFC7B90
FFFE8055
0001BAA2
FFFBDBF1
000003BB
FFF92A9F
FFFD49E4
0002F06C
00032207
FFF8CC53
FFFFBE62
FFFEA1C3
0000C53A
000120EE
FFFF9E4A
00018A19
0001E2CC
FFFAF7AE
FFFFE437
FFFE687D
FFFCB04E
000581AF
00024F65
0002630D
FFFC9490
FFFAF228
FFF68749
00004D87
FFFD086A
00026DD1
00039BD1
FFFF6E21
FFFE9071
FFFEA52D
000540A0
0002A5C6
0005FC5F
0009842E
0007DEBD
FFFCA052
000053EF
0001AE1A
0005825E
FFFD87AB
FFF9D15E
00023289
000166EA
00077ADE
0004C931
00033C9A
00002C6C
0000D131
FFF8ABCF
FFFB038E
FFFB1F84
00000B2B
FFF649E4
0002CE1C
0003EDEF
FFFF608C
0005583C
FFFC06CE
00001160
000117C1
0001DCC2
FFFCCC45
FFF6D8AC
FFFE85C2
FFF90476
FFFC4C64
FFFEFCA1
0007C763
00007C16
FFFA63F0
0004F180
00007CA0
0004E359
0000A4F9
0005AD50
00033071
00037401
FFFF6197
00057002
0002870A
FFFD703E
00041E6D
000ECC35
000657B4
FFFCEC8F
00011E89
00046907
FFFF3044
00038F99
0005338F
000A9681
00095CDB
00061AE8
FFF8994E
00036F70
00045DB1
00015BFD
FFFAF15D
0002B95C
FFFBFD60
000416D5
0000893E
FFFC759C
0004688C
000376A4
FFFA6D68
00017B6C
000216A7
FFFFDA6D
0005808B
FFFBCBBF
FFFBEC47
FFFFB2FD
0001D8C7
FFFA28D5
FFFE3107
00001FA1
00034053
0002A04D
0000653C
FFFD4CB5
00016247
FFFD77AB
00059FCA
0001B75C
FFFBEFDE
FFFB4EA5
0002971C
0006053D
00027C17
0002AD98
FFFEE9AA
FFFBBA10
FFFF3CB8
FFFE77C0
00029683
000321DF
0001839F
FFFC5448
FFFD5B06
FFFDE47B
FFF9EBE6
FFFF761E
00071890
FFFDD3A6
00023B6F
00000CCA
00001296
000049F0
0000A6E8
00085ACC
00007C5A
FFFF7A2E
0000A186
0002BB89
00062972
FFFEC2F1
FFFD71EC
FFFC0957
00006DDD
FFF9B4FB
FFFF4FE8
0000D0CB
000056D2
FFFD1057
FFF86583
FFFF975C
FFFAD39F
FFF8A260
FFFC1D60
FFFBD70C
FFF68F9A
FFF9BA1C
FFF6E88F
FFFF237E
00014001
0003B7E6
0003D861
00041C7B
0008492E
00039248
FFFC6578
00041251
FFF95A4D
FFF7E0B1
0003C2B0
FFFD3FB0
0000AB80
0005F7A4
000610CF
00070F83
0002D768
FFFE8577
00050FD9
00001349
000018A7
FFF8EA70
FFFD26D6
0005EF9F
0003AC1D
0006B30A
0001EE3D
00019103
0001EE16
0006DDE8
000198A4
0005BD4B
000891AE
00083FEB
0006AB72
FFFF72DE
FFFECD29
000138E3
00045BEC
0008F065
FFFFC75D
000824B0
FFFFAB6B
00021E2A
000027E8
00044FB8
00015254
FFFD5781
00064E5E
000B49E6
0005FC19
FFFBE946
00080741
FFFF2F42
0005DC02
00011C5A
00039B10
FFFD6498
0007FEB4
FFFECCFA
0006F430
FFFD638D
000320BD
FFFE34B0
FFFC1972
0006A4F8
FFFCF6CD
0004B032
FFFA4CB4
00005E32
00045859
00033495
00045A1F
FFFC7BAA
00049708
00020EA7
FFFA5202
FFFF497C
00042A4F
FFFF8E53
FFF99EE2
FFFEEDFD
0006EEFF
FFFF5C26
00045168
00008489
0002443E
00092854
000CB2F6
FFFE1580
00011682
000148D4
0009A8CF
00055C2C
FFFAF4C3
FFFC1856
FFFCF244
0002024C
0005137C
FFFE9F92
0006947C
00016904
0007CC8E
000924D5
FFFE8117
00038230
0001A1BD
000621CF
00049B67
FFFC3FF5
00034806
00061D0A
000786AB
FFFC49DA
000407FC
00030FBF
FFFB954E
FFFD39A6
FFFFC6E0
FFF9466E
FFF9D847
00018B15
FFFD6957
0001B23B
00020054
FFFAB9E3
0004F7B4
FFFD2B39
FFFD7EA8
000809E1
FFFDA9C2
FFFF7807
FFFEF323
0000B69B
0003C9D7
FFFE929B
FFFD9E6D
0001CB08
FFFBF415
FFFA90AF
FFFBD23D
00002FB6
FFFD8EA1
FFFCA978
FFFEBF26
000006BB
FFF930B1
FFFD2D99
000112D8
0004E0C3
FFFC150C
0001A677
000153D0
FFF9CFB5
FFFE7847
000303F9
000129F0
00056C16
00028BF3
0001191B
0001F810
0003FC92
FFFF2BFB
0001EB81
FFFC4999
FFFE02D5
000485E5
0000D8DA
0003DC1F
00012EB2
0004C261
00050416
000039D5
000681B6
FFFE1F18
00017B0F
FFFC40ED
FFFDB601
FFFC17BE
00013B57
0009FDF6
00097A9D
FFFAB2CF
0006087B
00020E13
FFF71BEA
000B35C0
00027B16
0000F74F
000B88F2
FFFE3050
FFFB23A0
00045981
FFF82FDB
00034126
FFFB8C2C
FFF48F81
00072E77
000307B3
FFFE6D2B
00071AB5
00101A40
FFFDC937
00064E1A
00013AEE
FFFA037A
000956A9
001177C2
000AE89B
FFF96981
00039FAD
000432BB
FFFA3C8D
00069C64
000AB608
FFFD485D
00007C60
000140AE
FFF68B1F
FFF9FD0D
0003386C
FFF5EDAF
FFF60A1C
FFF3FE3A
FFFD92B4
00062171
000E9983
0004201E
0002F7CD
000BA68E
FFFE9D98
FFFBE72D
000673E6
FFFEC173
FFF8B0D8
0003181D
FFF94B45
FFF859E3
00010598
000192DC
0003F7A9
FFF5DE2D
FFFBE166
FFFEFCD7
FFFC6315
FFFDCA42
FFF79680
FFF94224
FFFFC5BF
00045B1C
FFFDDE16
FFFF29C5
000E1771
FFFDE64C
000057F7
FFFBF4D4
FFF5A09E
0001BCED
FFFFCEDB
FFF632B6
FFFB969D
00036714
FFFA51AD
FFF86AB2
FFFB58C0
0002C7F0
FFEDB275
FFFC8FAB
0002D811
FFFEB75C
00085C48
FFFA630A
000936CD
0004F131
FFF94168
00036B2D
0008391E
00075B3C
0000089E
00058019
0004AC47
00034B19
FFF98263
00049B46
00001E95
000B99E3
FFFE465F
FFF13C6C
FFF8B913
FFFEEF00
FFFB7F5A
000A1F42
0006BA01
FFEFC827
FFFFBCB2
00074E23
0007A76F
0001C88D
FFF9CEE0
0005F19D
FFFD19A1
00035C79
00068BD9
FFFDE778
000340AE
FFFDF8D4
0005C214
0009C21D
FFF2F9DD
FFFF275A
FFF526A5
0002095B
0004E124
0001A21E
FFFAD95D
00004E01
FFFDCD62
00013AB2
000D0F0E
FFFF091A
FFFBEB4C
FFFB601E
00072748
0001506D
FFFFCBBD
00048B4B
000DC08A
FFFC3A55
000B1F75
0006EFA5
FFFFEF9B
00057CCD
FFFD3784
0009C8BD
000854B0
0005ECBA
00028D92
00059487
FFF8D78A
FFF64C8D
FFFDE021
00099A38
00031480
00052769
FFFAF796
0008E2B2
000F0FDE
0006F026
00013459
00098B05
0006E866
0002247D
FFFCE015
00039081
FFF7ABEC
00079FDD
FFFA204D
FFF75815
FFFCDFD1
0007786D
0001CAB2
00005D88
0005AA00
0000FA19
FFFE9435
FFFAEC87
00000E8E
FFFEDCA4
00049118
FFFE8E5D
0005B238
FFF6EE62
00041ACA
FFFDB50D
FFF8B9CB
00076FEE
000792FD
FFFBCD87
0002FA7F
0005FDF1
00050A72
0001CD2B
00096D3F
00038B9B
FFFBAF38
00040875
00098A69
000BDB23
000FA8AB
FFF667D2
00008589
00039FDA
FFFF29B0
0008A386
FFFFD423
FFFE13E3
0009E879
00021F2A
00033AD2
FFF6A255
0003D26D
0001D9C3
FFF80017
00008DC0
000A2EDC
00010DA7
000A56A1
FFFB20FE
FFFEC7B6
FFFF0E32
FFFA8022
0003674E
FFFA4FE4
000600F0
0006B82E
000350BB
FFFF2AB9
0009A6E9
000B3C0E
0006AA9F
000255C3
000AFA5E
000085C4
00048EE9
0003CF5C
0003DAA3
00012D7E
000378E3
000B4D25
0002C820
00093B87
00017A8E
FFFF60A0
000719EA
FFFDD2A4
FFFF67F0
FFF21F6D
FFFC7E99
FFFB287F
0003B0B6
FFFB8876
FFFDA0DF
0007758D
0004ACB1
FFFF1DDA
000A83CF
000428AA
FFFF8497
FFFDDEE1
FFF39E00
0007A618
FFF9B681
FFFBC0B0
FFFFC9FB
FFFFE797
FFFA9EA2
FFF87B34
FFFFB77F
00033A38
00054DE1
FFFDDCBE
FFFAE2C8
00008254
FFFFC687
00037EB4
FFFCBBD8
00087CBF
FFF73037
FFFFFAD1
0008D784
FFFBF923
000ADE4B
FFF9C7A1
FFFFA389
FFFB323C
FFFC2869
FFFE3009
00046BF3
FFFAA95E
FFFEF849
FFFF5052
FFF82BB7
000323E4
FFFD93C1
00027C6D
0008A89C
000066E9
FFFA1169
00040FD6
0004037E
000086C5
FFF3B108
FFFEE5DD
FFFD5126
FFFB0B8B
000476D0
0009AAAD
FFFB96F8
0000E32C
00070DFF
FFFC97D4
00040FBB
FFF7894F
FFF9A4E3
FFFF6119
000A27EF
FFFF229D
0004246D
000A3F75
FFFE33A0
00047DA2
00039FBF
FFF92AE3
000B966B
FFF9F301
FFF99857
000B131A
FFFFD154
FFF7FC06
00003960
FFFD5771
00049AAC
0009774A
000CFC9C
FFF89E75
0000B988
FFFDC9BA
FFF633DB
00044D64
FFF7F625
FFFEA241
FFFD0E40
FFFE7B37
FFF2B380
FFFD3B97
00002E7D
FFFAC847
FFF57C30
FFFA0D12
FFF79876
FFF8C1E9
FFFB1C9B
0004AD4D
00026360
0008047A
FFFE50FF
FFFAFBF6
FFF97FAE
0003EEEA
FFFCA837
FFFFC692
FFFA8065
FFF660C9
00041E86
FFF7186D
000289CB
FFFEAF8F
FFFB023C
0005C423
FFFC5B2E
000027C8
0000298B
0000B1A7
00047468
FFFDFA74
FFF6B458
FFFD752F
00058F08
FFF4AC75
FFF8CD52
FFFB67A0
FFF348D6
FFFB6FCA
FFF3BB0E
FFFBC252
0007CED0
00048E8E
00006AB6
00062A27
000ADD86
FFFC804A
0007E7DB
00031AE4
000BECB9
00029D7F
FFF98E87
00002766
FFF69A0A
0002032F
0006558A
FFFAC8B8
00012875
FFFEBE70
0003365E
0012C291
0002BB2D
FFEF0D2D
FFFBB415
FFF8DEF5
FFF9E2F6
00090A47
FFF285EB
FFFE5F10
000A2E71
0009C0EA
FFF6709B
FFFE9638
FFF96682
00007DC8
FFF845CB
FFFDA419
FFF44EF9
FFF1D7C8
FFFC6866
000009E3
000162FC
FFF6C488
0002F92F
FFF6CFEB
FFFDBD34
0001E5DE
FFFF8D97
FFFB9284
0006D300
FFFE9C1F
FFFE6B9D
000A7214
FFFFEECD
0006F5A6
FFFEA177
00014F25
FFFB6BFB
FFF96870
FFF67EFB
00030CFD
FFFCCC30
00041928
0001C60D
00026023
000D672B
000C1E08
FFFEBC89
000919EB
000190F3
000642BA
FFFF9837
000ADCDE
0001E795
000C57EA
FFFE0FC3
FFFB7C3D
FFF4F9A9
0007B67F
FFFF87B6
000677AB
0002D55C
FFFBE5FF
000451DD
00011FD4
00015842
FFF882FD
000497F9
FFF8562A
00015958
0004BD64
FFFD658C
FFF46A34
000EAB06
000167BC
00041715
FFFDEB9A
FFFA4698
00009EC2
00074A97
000047B8
FFF7C64C
FFF9583D
FFF4ABE6
FFF774BC
FFFE565D
FFFC1E4B
0002A4D3
FFF9210E
00048057
00025B53
0000A121
FFFA2713
00041653
FFF9D67F
00086188
FFFF426C
FFFF12E4
FFFB4826
00016A1D
000103F1
FFF2F525
FFF936A1
FFFAA8BD
FFF3EBFD
00002D96
FFF6A936
0000CF27
00073AC8
FFFE60A6
00068F5D
FFFBB271
000055AC
00002D6F
FFFC8525
00031EC8
0002978D
FFFA2A2E
FFFFB2F2
FFF4B16D
0009D83C
00024A0F
FFFF6A6A
FFFFAA97
00026870
FFFCA8D7
0002FA3D
000583D3
00016F33
000BBD63
0004D72C
FFF8DBD8
FFFE1B61
00073AD9
FFFB9BD0
0004E779
000A9B8A
FFF8ED73
000161E1
FFFF842A
FFFEAB9D
0007953F
0007A7E0
0007F63A
FFFDBDB6
FFF31F20
FFFD1740
FFF9A9D6
000067C0
FFFDBEBA
FFFBEB8C
FFEF444C
FFF3D2C6
00032A4C
FFF9514D
FFFEECDA
FFFDC8C2
FFF6FFC4
FFF8934B
00000E97
FFFDA7C2
FFF5E7B0
FFF77910
FFF97675
0006ACD6
0003B1C2
FFF8E2BF
FFF9D1FE
000054A9
FFFC9E88
FFEE9072
FFFC8BC9
000EE0AB
0002C49B
000A6BE7
00013D09
FFF311C4
00047F2B
000506A2
FFF836B3
000E4A57
000354FE
FFF472CD
FFFB9F9E
FFF7CBD7
00057D67
000F1D59
00014F2F
0004AD27
0006BDB6
000F4112
FFFC7971
FFF62BC7
00057F46
000D32E5
FFFD30F6
FFF71B69
FFEFDAFC
000459A4
FFF6D062
FFF00B41
FFF02638
FFFF2897
0007140B
FFFD28C1
FFF5FE84
000AA7F7
FFF5F4A7
000E170F
FFF59D2B
FFFDC06F
FFF611A4
00086CD5
0003592F
00022124
00017416
FFFD6638
FFFDF6F2
000F05F9
FFFB5491
000BC1C6
0001D597
FFFB9C7F
00024491
FFF5767D
000025F7
FFF7AD83
FFF4D788
FFFB5473
FFFDD659
FFF7C102
FFFC3E6A
000B7B1C
00084651
000B1F14
FFF342EC
FFFDD402
FFFC4096
FFFD8487
FFF3028A
FFF2B68A
FFFD3DB7
000D406C
000AEC3F
0009BAB1
FFFB3970
000FDC3A
0000F3D6
0000CA8D
000BA758
000A8D18
0001D292
FFF7E730
00045258
FFF96F3D
000A3AF1
FFFC3D74
00049491
000E193C
FFFFFDFA
FFF7EAF7
FFEF4C2C
0009FDE1
000601C9
001015D2
FFFB8D48
FFFB9281
000E0C28
FFFD9950
FFFAA3AA
0005EAE7
FFFAFFD6
0001D913
00015A98
FFF50629
FFF17E74
0002CDD6
0003CF99
0004EEBA
FFF3D1D2
00019216
0005DC34
000456B0
FFF2AC87
FFF11B98
FFF0C3C0
FFFA5E85
000A81DC
0008F9CA
001191AF
00003432
00030A5B
FFF7655C
000DB9CF
0005698E
0002E123
FFFE57C0
00007324
0002A43E
FFF5F885
000E8AFA
0005E881
000633CD
000913FB
00018C53
00034167
00016D30
FFF986A7
FFFDA5A8
0000C9B3
00067D0D
FFEFE473
000705DF
0008DE7A
FFFF9949
FFFE147E
FFF80442
FFFE604A
FFFF4CE3
000FE171
0002298A
FFF7A3FF
00037A93
0007CC84
FFF5F1B4
000EBC90
FFFFE11B
FFFC8885
0002B4AA
FFEC646B
001445F0
000EB34B
FFEE5107
FFFB7F21
FFFDACE0
0006A631
FFF243B5
FFFB235C
FFF3CA0C
FFFB6721
FFF242D8
000209E4
00028B82
0001FAB1
00079BEF
FFF67070
000AD1F1
FFFB1BBC
FFF3A77E
00078395
FFF1ECCE
00037B18
000342B7
FFFCB32F
0007B26D
000055B1
FFF77A1D
FFFAC25F
0000A690
00095C5B
FFFB9D82
FFFEFE03
FFF317F8
00065A25
0002DC5D
FFFE3A17
FFEEED72
FFFD4148
FFF75C20
FFF8BE8F
00040FCF
00089723
FFFCDD12
FFF5B727
FFF93CEC
FFF36590
FFFDF004
00018AE3
00061425
FFF340EF
00063254
0002A0F5
00069B88
FFF6DD28
FFFBD5BF
FFFA4D94
FFFA7CC2
FFFD320B
FFF764D7
0003F9C3
FFEE0E11
FFFBB499
FFFF5960
000FE3BB
FFFE8D11
00023333
FFFEEAA3
0008C833
FFEDD7C8
FFFC702E
00059EA5
000713ED
FFF623C3
0006BB19
00013264
FFF53CC2
00092D0F
FFF438EE
000360EA
00015935
FFFEA142
001006C3
0005A7F0
0001F178
FFFC18CC
FFF49F7A
000866BC
FFFD0B90
00040070
FFFBD2D1
FFFEA2DD
000EB325
00052239
FFF037EE
00079A1E
00091D3A
000CFADE
001074CF
00056205
FFFE34C4
0005D233
0007B934
000C8C6C
00074598
00056461
FFF8900F
000A0F60
0006C53A
FFFA6E60
000C1A84
FFF8BB31
FFF6433C
FFFC04D0
FFF6D651
0000729C
FFF8BD75
00034924
FFF2E007
FFFE0D6D
FFF97027
000466AB
FFFA59DA
FFF9B0F1
00062449
FFF91E92
000569A1
0000577A
0008FB92
FFF2F11F
FFF4A57E
00112422
0006380B
FFF2B8CE
000285B1
000C2787
FFFD50AC
FFFFBDEF
FFF42A28
0009B4DF
FFFFE456
00061D78
000648BA
FFF8B777
000322D0
FFF3A359
FFFC5A44
FFF1521F
000B19B4
0000AEDC
FFFF4D5B
00034B1A
000A675B
FFEF7FEE
FFF77C39
FFFC83A0
FFF70D25
FFFEC87C
000A34F3
FFFB77E5
00068F13
0003B191
FFFD9D57
FFFC8509
00019921
FFF608D8
FFFDC2E7
FFF99880
000035E4
0001F7DC
00088132
FFFE8294
FFFFC41D
FFFBF78A
000AA882
FFF3D48C
FFFED486
000945F6
FFFD9DD6
000A8BFB
FFFBADF9
000620D1
0002D330
0000D09C
000146E5
00028B33
FFEFF597
000079CA
FFF2D456
FFFD9B91
FFFBECFE
000A377F
00019E6F
FFF3DAFE
0008D5FC
FFFCCA5D
FFEBB56B
FFFC35C2
FFED6BFC
000A2D57
FFF9564E
FFFBEB72
FFFB5C64
0003C423
00098B44
0001B049
000441CC
FFEEC215
FFFD5064
FFEFB0DF
000C819E
000CD97D
00096F02
00024293
0002315D
000BF294
000B1831
00059A21
FFFE88AF
00080A59
000DEE10
FFFC3F32
FFF38AFC
0002DA3D
00020866
0003A8D0
FFF51146
0006BBE7
0007C117
000163DC
FFFC15C2
0009A8AF
0000F9D3
FFF9889B
000238BC
0003C165
FFFC7F4E
00020B54
00060F8F
FFFFA12D
FFF328EB
FFF83534
FFFFDCC0
FFFB6231
0006FC78
0003281F
FFF7AE1D
000BA34C
0001BDD2
FFF0944B
FFF82504
FFFA824D
FFFAE95A
0007DD55
000089E4
FFFD28AB
0000ABCE
000BDFD1
FFF80467
FFF5DC20
FFF3ED7C
00034D44
FFF14279
FFF947C8
0003858F
FFF4306D
FFFB86FA
000BC444
FFF4E1A9
000F5B60
FFFCE156
FFF5D8B6
00040B6D
FFF94522
FFF9474E
FFFBA6F7
FFFF4586
0013A65B
0006907F
0006222F
FFF5D122
FFF29BC9
FFFFF8A4
0003D12D
00069335
00010D7B
FFF45B6E
000036DF
0002F167
000AB89B
FFFA562A
FFED9244
FFFE8A79
000859D8
00073A57
00084779
000686F2
FFFF8FA1
FFF34185
FFF4420C
00070F1E
FFFCD8DE
0008A5D8
000433C2
FFEB54C8
FFF6C1B1
FFF458C4
FFF3A628
FFF9D225
00070953
00082480
00003DF9
000780FB
FFFA97D6
FFFFBC4D
00066578
000909BD
FFFF1391
FFFA5CE0
FFFF58BC
00094A37
00085520
0010B3B8
FFFC2571
FFF370E7
FFFCFC87
000F0DC2
FFFEF3C1
FFF99374
FFF71E11
FFFC8102
000375B9
FFF61A2D
00020724
00018A19
FFF73A91
0002A551
0006EA87
FFFEAB37
0006699E
000E7020
FFFCBB64
FFF633E5
000D91B1
0003059D
0006FDB2
FFF23896
00055E2B
0003AF25
FFF9A0FD
FFFC3AA0
0003CD64
FFF895E7
00017B06
FFF7B1F2
FFF334E1
FFF01EF9
FFEED0F8
000F1E5E
000A8B2B
FFF67035
FFFA8DC8
0010231C
000FB666
00004E26
00072E35
FFF7F422
FFFE7763
000E3AB3
0005B119
FFFB0A1D
FFED9A57
00091712
000FEC1A
000246EC
0009618A
FFFDDDDA
FFF2FF8E
FFFC79DB
00015B3D
0001ADBC
FFF9BD47
FFFEB524
FFFC7D8E
FFF70351
00029FEE
000CEC35
FFEFF547
FFF552C4
0001EB6E
00040C92
FFF8E495
FFF447AA
FFFFD093
00027884
FFF4F18E
FFFABDA4
FFFA3C78
FFF86285
FFF01A2C
FFFC57B9
FFF9C101
00052D57
000ECA6A
0004BF2D
FFF31822
FFF59DE7
0002EF10
FFFD876E
0002FFC3
FFF9106D
FFFE0677
0002F7B2
0006066F
00006C67
FFF2CF07
000651ED
000DE8F5
FFF41D56
000B0DFD
000404A1
000F95D5
000797FB
0006E985
FFFA3C5B
0001759D
FFF47991
0003C0F6
0002AA82
0006CC21
00001E2A
000222B2
FFF776C9
FFF3D621
FFF84AB6
00092F2C
FFF8B738
FFFA687D
FFFAC492
000B5225
0002AFAC
FFFFE9B2
00034A0A
FFF690B8
FFF572E7
0001B19B
FFF3E5E7
000A64D6
000BEA43
FFF70144
FFF6E71D
FFF2F85E
00043423
00014232
0005A5E5
FFF79F78
000A337E
000CB57A
00095F98
FFFBB67E
000AB54F
FFFAD33A
FFF646C8
FFFD2810
FFFB25EB
FFF09356
FFF3D775
FFEF6738
FFEB2618
FFF15DF0
FFF7D41A
000E8E53
FFFD9AFA
FFFEB1A7
0007C06E
0011F45E
0008710E
FFFF0E1D
000A58BE
FFFFE93C
000D4FD2
00021BCD
FFF70844
000A07A4
FFFE02DF
000718A8
FFF6FAF3
00040E6B
000115D5
0008E5FE
00057D6F
0008BCD3
0007DCC3
0002238E
FFFF129A
FFF3F374
000DE55C
00013720
FFFD2DD1
000A0F6A
000721A7
000A862A
00011BB8
FFFD8767
FFFFF20C
FFF0E4F3
00045D1A
000CBF8C
00039CE0
FFFD846A
0011E4B1
0007633E
FFFE444A
000AB942
000F9A72
0009DE76
FFF913C1
0008294B
00016BAD
0007BB98
FFF050FC
0006BFCA
FFFF44F4
FFF918FF
000E0D85
000ECC4D
FFFF9C5B
000ACC80
0000EEA3
0009FABF
00074FC4
FFFF019A
00076BBB
00094ED8
FFF58DC2
0006AA6A
FFFE11D5
FFFA7CC6
FFFF4042
FFFEFAF6
FFF442F5
FFFCBA16
FFF844FA
0000AC42
FFFCA471
000832C1
FFFDFE8D
FFFECD8D
00050C19
00060901
FFF99B89
FFF465BB
FFF95242
FFFF154A
00036BDC
000AD650
FFF5B38A
0007651A
00050FAA
FFF37584
FFF2C9E6
00039F1B
0009E8CA
FFF9CC44
FFF8E904
FFF4E01B
0000AC9F
00059E55
0011A138
FFF6B3B9
FFFED68A
FFF791B6
FFF9B52E
FFFF0BD2
FFFFFFCC
FFF81082
00027BBD
FFF264B9
0003C442
FFFB63D4
00034AEC
FFFEB859
0009F721
0011111D
0000297E
FFFC7A1A
FFFFA6C5
00014FE7
FFFA94B9
0003DB6B
00047C2D
FFF7F6A7
FFFD6992
FFFDB0C9
FFFC011B
000A747E
00096E70
0006A4F0
0007FFA4
FFFCFF25
0008F5E9
FFF6C8C7
FFF6E195
000083E9
0003D108
000914B0
0004EAF0
0007EC18
FFF9A366
000791AB
00042FA9
FFFC2D7E
FFF79BCB
FFF892E0
FFF70543
FFF8F313
FFFC6AE5
00017916
0001E9C6
FFFB51C0
FFFF276D
FFFAB138
000407AF
FFFBFE31
FFFD0D3E
FFF92C2C
FFFB010A
00069006
001044A5
FFFC05F7
00099772
0006A82E
00086245
FFF37A7E
FFFA997F
00000D48
FFFD70E5
FFFCD166
FFF7B171
0009932E
FFF37540
FFF82A06
00079A26
000CE887
0001877E
0007ED1C
000A3537
FFF2E5BE
00031B85
FFFBB0E2
0008A752
FFF93A3C
FFF45A1F
0005F0E1
FFF89012
00018227
00029B2A
FFFC8BE2
FFFADA4F
FFFDF422
FFEA27FF
FFFB3EC1
FFE16E08
FFEFF1A0
FFE6DB6F
FFF8AD63
FFE811CB
00048E7D
FFE144C0
FFF3EB15
FFF4F5CA
000475E0
000A7206
FFF6EF00
000371A3
FFF6177F
FFF2245C
00014D92
FFFCB71A
000C7F1A
FFF8420F
0001B26B
000A3BAB
FFF8E010
000650EC
FFEF88B3
0010C2E8
FFF66FE1
00046B06
0000BC3D
FFF89DAF
FFEE4A88
FFF40C78
FFEFAE5B
0008BEA6
FFEF0C35
000377AB
000051B2
FFF29BBF
00071F7D
000A2C7E
00024C00
0001AEC4
FFFFD620
FFF6981E
000A54A6
FFFE6C32
FFFAEFE9
FFFA40D4
00034C84
0006F8F8
FFF55807
000659B4
0004DA39
000AECDD
FFFC950D
000748E3
FFFA24FC
00093C84
00007528
000549B3
000526B0
FFF5903F
00022CDA
0003424C
FFFA5930
00023038
0000C373
FFF2028C
00039D2A
FFFF8358
00019113
0004B989
00112099
000507DE
000DDEC1
FFF5AC86
FFFB9F30
0009E8A3
0000DDCE
00016F01
000F3585
0005681B
000A5502
FFFCCD32
000A8BEA
FFF39B4E
FFFF87E4
0005434D
00050331
00014288
FFF7FB54
FFFAD59B
FFFB62BF
FFFBE38A
FFFCF4B7
000582A4
000B19E5
FFFD9109
FFFBB3BA
0010DA94
FFF80B2A
FFFA1A76
FFFF121B
000E4617
000C455A
0005C6C1
00043940
00092275
FFFE5A78
FFFDACBB
00004EA0
0006AFA0
FFFE1897
FFF7F3B4
00040C08
00004F8B
FFF95BDE
000FCE2C
FFFC896B
00084371
000EA05E
000B84DF
0004D37E
FFFA2A3B
000468D0
FFFB8C14
FFFEECAF
0006829E
000BD455
0001CB6B
FFFD21DB
00004995
FFF1B78E
0007ECE4
FFF98F51
FFF4C524
FFFA5465
FFFCBE64
0009440D
000413A7
00075BC2
FFF67C39
000927C7
FFFE0CAA
0002A2F7
FFFEFFDE
000CDB4A
FFF5F111
000B366C
FFFC6482
FFFEB7A4
FFFA70A2
FFFB4F07
FFFC9349
FFFEDE26
FFF7D130
FFFBFA69
FFF9E986
FFF7C38F
00093242
FFF62C30
FFFA0E1E
FFF4F34D
FFEFB520
000F0C47
00060F47
FFF9F4C5
FFFCA171
FFF5FC67
FFF40233
FFFF226F
0002714C
00098702
FFFBE90B
FFFDEC73
FFFB3242
FFFCC3E2
FFFFB7FC
FFFD2163
FFF14B9C
00071A05
FFFC3B1B
0000A6A4
FFF14AE6
FFF35FDD
FFF08C79
FFF2B5DD
FFFEA966
000CC4BC
00008C85
FFF8FABD
000B0DF5
FFF57C98
000560A3
FFFDC0A6
FFFBB759
FFF7EB47
00012CBF
FFFBAF17
FFF857DE
00025248
000CF032
FFF40238
FFFAF325
FFFDC657
000721E6
000702AA
FFFE18D2
FFFAB1B7
0009CA40
FFFFAE54
000ADC79
FFFA18B9
00057D89
FFF43D9B
FFFB111D
FFF134F1
FFFAEBD4
0008CAE8
FFFDCD34
FFFE64E2
0006B514
FFF2B1F0
FFFCD492
FFFBBDBD
000A8B81
00094F80
000C854C
0002808D
00001F63
000A6C00
00018112
00082ABA
0002125A
000039E1
FFE7A07B
FFE88521
FFEAC1FF
000CC145
FFFB66F5
000B9343
FFF0B0E4
FFF7981D
FFF44E76
FFF89C4F
000A2AB4
0004605F
00016D54
FFFFAA7A
FFF9E30E
0004061B
0000EA0B
FFFE3C25
FFFBE658
0001D74F
0001E6A8
0005C6E7
00002947
00089A65
FFFD64FA
000A85DE
000681A7
FFFD44F2
FFF019F5
FFF3AFE0
000C337D
FFFD6EB7
FFF2ECA7
FFF96032
FFFED79B
FFFD38E2
FFF6707D
0001DADE
FFEBEA12
FFF33DD7
0004D1E2
FFF75319
FFFA13B8
0004B00C
00048CC9
0003368D
0006B3A1
FFF89725
00021A62
FFF7BA59
000966F6
00040FB9
00009EB9
FFFC4782
000083DF
0003526D
FFFCE6F4
FFF8FFFD
FFF1F9D0
FFF5D3EA
00023EAD
000D1BD4
000E680F
FFF8A7CE
000EF92D
000A8A8B
0003AF7A
000D9C08
FFF66775
00027701
00010AAF
000301C3
00030362
00090E24
000F8CBC
FFF72D7F
000C58B4
000BE99E
0002F84F
FFF74D34
00077C70
FFF426A8
FFFB6BF2
000C5760
FFFD8413
0006C315
FFFAD3A6
000950A6
FFFCF8FF
FFFB9C4C
FFFD81B7
000A4CD9
FFFC4843
0005E77A
00050060
FFFF02BE
FFF9B29F
0003C200
000385E6
00022E67
FFFB4B22
00056487
FFF6CADB
FFFB6322
FFF6C404
FFF9C361
00058648
FFFCB4DA
FFFB99C0
FFFF4056
00059A2C
FFFFF1F6
00091D8C
0000BC3B
FFF60B99
000887DC
0002E61A
0000193E
FFF7E311
FFFCA7E8
000B3E9B
00031D5A
FFF82D35
0001E456
00031946
FFFBEAD2
FFFEE8D3
FFF9810A
FFFAEAC2
FFFE15BF
0002C52B
FFFA1FDA
000385FA
FFFAA23C
FFFE5458
000ABB0C
FFFAFFD0
0006D295
FFFE28EC
0000C2EC
0004B9CB
00064E65
000207FE
FFF7CABB
FFF9715C
0000D27A
0000F42F
FFFD2D50
FFFA1A08
FFF3DE00
FFF8848D
FFFB4F42
00086D13
00066670
FFFAD69E
FFF7AF01
FFFEC606
FFFB2A76
FFFDFED9
0002641D
FFFBCD64
0005D35E
0002CF5E
00030423
00015BB4
00048487
0002A8AD
FFFFD253
0001D7BC
FFF78871
FFFBBAF8
FFFC2835
FFFA3497
FFF56D48
FFF766FA
000738B0
FFF65C13
0001890B
00070B51
000583AA
FFFC8A18
0003B1BD
00059166
FFF955AC
000508A3
00063D7B
0008F0C2
FFFED55C
00063BA9
00011529
FFF897A0
00018B9B
FFFC22B6
00023B0E
FFFFA8DD
00011320
00015B3F
00048827
000907AA
0000B06C
FFF5AE48
0003D7C8
0002CB6F
0000E9C9
FFFEEBCB
FFF792E4
FFFB9840
00023B84
FFF78D75
000267E3
FFFA4676
0003B7DA
FFFA416B
FFF8E630
FFFCB46C
000BF633
FFF93990
00046473
0003C4BC
FFF6FBA4
FFF9DD08
0006FE03
FFF8ED00
0002A688
FFFF82FA
00013ECC
000A56A8
0004F302
FFFD0488
FFFE6E6A
0005E5D4
000875B1
FFF9D5A9
FFF85DFC
FFFDA26B
FFFF9178
0005226F
FFF91377
FFF9DB21
000B7191
000088E4
00054EF4
FFFCF88B
0002A3A5
FFFD9FB3
0001C318
FFFEAFF2
FFFE02F0
00026C8F
FFFCA1DC
000496D8
0006DA58
00012274
FFFF205E
FFFD403A
FFF9DD63
0003E219
FFFC35D0
FFFBF3F0
FFFEB392
FFFF4061
000992F0
00033987
0005941F
000058F6
FFFDBC7A
0007242A
0002E9C6
00046E8C
00060309
0003E5A3
FFFF2A4D
0005F035
0001B6BB
FFF41D0B
0001877C
0008862A
0009482B
0004406A
000198E8
00092F8B
00022371
0002FE7A
000D467A
000E260B
000E2414
00040908
000D2889
0008CE27
000529F4
000A58D6
00080C97
0003BBB2
0009D4FF
00077310
0004842C
00057099
00094118
FFF75EAE
00076269
0002454F
00087035
0008EACB
FFFC8E34
000C6A9B
FFFF442C
00028CAC
FFFE984F
000AD0FA
00005D87
FFF7B48E
0009421B
0000ECD6
FFFF52E5
FFF9C28A
000252D5
FFF1A306
0007F9CE
FFF7804B
0002AAFF
FFFB0EBD
FFFF05B6
0006A28C
FFFD1A65
000294CB
0003B5CD
0000513D
00011B73
000598C9
0002A295
FFFCE108
00047B63
0000229A
FFFE2105
0005A5A4
FFFC33EF
FFFA8AC0
000C4DF0
000967A5
000876F0
0001C65B
FFF93FEC
FFFE347C
FFFE9A12
FFF2A50A
FFF94892
FFFD4936
00061107
000082B5
0001B4E8
000752D0
00062EED
00066B29
FFFB7E85
FFFF3188
00056336
FFFCB4B4
FFFA55AA
0003E2AA
FFF46783
000AD687
000196F6
FFFB233F
FFFDE114
00080CE5
00041E91
FFFB2166
0000C1A1
00079D29
FFF9FB13
00085ED6
0002EB38
FFFCC9EF
00080E1B
00008BBD
FFFB661A
000A6D17
000BD5AA
0009D992
000CF5CF
0000101B
0002A4A7
FFFEB12C
000A084D
FFFE77B2
FFFFEFB9
0003BAA3
00074419
00018E8C
FFF5C22D
00025AFB
00097A93
FFFE9BEB
FFF88EB9
00071F7E
000706E6
00001245
00017BF8
FFFE5526
FFFD2194
000164ED
FFFDE790
000372CB
00057622
000683F0
000944D8
00070626
000C1D6A
FFFF9D90
0001D142
FFFDA523
00002E13
000C2357
0003EFE3
FFFF32BC
FFFFB47E
00073F6E
FFFDCE29
00046458
00052E55
000724A9
000CEF4D
0000D0AD
000273E4
0003B905
0006D426
00070BD0
FFFD04F2
FFFB9892
0000B7E3
FFFA693D
FFFB42E0
0004A072
000882E3
000268F1
FFFE43DB
FFFDEF47
0005D6E7
00007679
000DBA9D
000AF044
000DBB10
0004FAD0
0000217F
00091BFC
00006AB1
000AD5B3
00090BBB
FFFAC433
FFF81637
FFF97E7C
0004A341
FFF94DAE
FFFEF965
00002A3E
FFFA1E11
000403D1
FFF768D4
FFFC2523
00066778
FFFF58B0
FFF7A055
FFFD7A98
FFFB29F8
0004DF51
FFFD69E9
FFFBD0F1
FFF83E77
000788FA
0006B4FE
FFFEA28A
0002380F
FFFC9DB4
0002F88F
000008B9
FFFD265C
FFFC5FC0
FFF7F6B2
00013459
000C898A
FFF6BB5D
0001A25F
FFFCD3DA
00077099
000011F9
FFFB3CE7
FFFF4EEB
FFFF65FB
00096288
000123A3
FFFD16AB
0005A6B6
00007C2F
FFFB885C
0007280C
000178B4
000ACEE9
00051B15
FFF85035
00023DF2
0006696E
FFF560D1
FFFCD2DA
FFFAEB9D
FFF27805
0005E387
FFF585F3
00065149
00026388
FFF53C56
0002EF5F
FFFEBE07
0002DF56
FFF995A9
FFF3B779
FFF23F36
FFFACB33
FFF6DD88
FFFC533F
FFFD0E83
FFF76826
0002C362
FFFA7881
FFFC41A9
FFFA1339
FFF5E7E4
FFF663E2
0002BEDD
FFFCA3E1
FFFF5CF4
FFF797AB
FFFFC1BE
FFFE7D3C
0004B292
00030FFE
0003BB74
0002590F
FFFC68D8
FFFB85DB
FFF912E9
FFF6687F
000010ED
00084191
00047D6C
0008FBEB
00027905
0006777C
0004BB25
00043757
00007DB9
FFFCE7ED
000371DE
FFF9A034
000048A3
FFFAAF59
00005031
00020433
FFFBB3BC
0005CBC5
FFF8C4F2
FFFCFAA3
0009BD88
FFF87010
0002BEC6
0002C6D6
0006B075
000CA2C2
000ED210
FFFA4649
FFFDD9E6
0001D931
FFF63B40
FFF57FD5
00009153
FFF9B451
000805CE
FFFC9FA5
FFFB4213
FFF5F221
FFF6D752
FFFD5C35
0002C264
0000BEF9
FFF6A47A
0001F9E1
FFFA9170
0003CC3D
FFF473B0
FFF50351
FFFEB238
FFFBAE0D
FFF84D16
FFFD3365
FFF54D98
00077FC0
FFF73793
00008481
FFF92873
FFF3611D
FFFF5075
FFF97DFD
FFFDF387
FFF50719
0000F03F
000628F2
FFF988CA
0003BB69
FFFA28AC
0002D19A
00017A95
FFF6E773
00033A03
000244AD
FFF72821
FFF9207B
FFF79F45
FFF61397
00060766
FFFAEB41
00037E6E
00011E25
00003375
FFFE668C
FFFFD534
0007DA51
0001A107
FFF91D94
FFF503F6
0005A7F6
0001C25D
000334A5
000B0EA4
0001F529
00079604
0001AE81
00018A53
000338FF
00055BA5
000687B2
00065108
000611AB
00070D8D
00010A15
00036AF9
000612DD
000B820F
0009933C
FFFF12B6
FFFF443D
FFFB44DB
000349A6
FFFCD910
FFFC5B70
FFF37F66
FFF3F8DE
FFFDFE20
000024EC
FFF9079F
000232A3
0009112D
FFFA937C
0005219D
0001932F
FFFCFF64
FFFDAB4F
FFF9E859
FFFA5217
000E7B06
FFF5A98A
FFFCF40B
0002BF28
00010546
FFFC4F3C
0000827B
FFECDBD6
0003E0CD
0006458B
000BB622
FFF896E9
00049B9D
FFEF4CFB
FFFC3236
00044571
FFFDC968
0014216F
FFF767BC
FFF8C3CF
FFFAB7D9
FFFA3156
00061F3D
0007CDC7
000226B9
FFF0CC05
0001FC97
FFFE4A21
0006C95A
FFFBE6C7
0006FA62
0011CEB0
0000E6A9
000C5617
0001D416
00063C55
FFFD9666
FFF5CDB1
FFFF2204
FFF87224
000B7390
00096B7C
000FEF46
FFF884E5
0009433D
FFFF7318
FFF3B20E
FFED363D
FFFB2B90
00109BEC
FFEF2D49
00019B0B
00059742
0008600F
0004256C
00101AA2
FFEE17C1
000134B6
0007AC8E
000DE69D
FFFF4925
00064ADF
FFFF0B90
FFF1BAC7
000826BF
FFEA7AE5
FFF5806A
0008C5DD
FFF26C2E
00127260
000201C9
FFFE9FE1
FFF8A7E1
FFFA33D4
FFF22930
0008EADD
0004EAA2
FFF0407E
000AFB6D
FFFF650C
FFFEBE79
FFFA1CE3
FFF12B40
FFFBD6A6
000D6DE2
0007C373
FFF378BA
FFFD6541
00036D5B
000ADF98
FFEE66D6
0007D4EA
00146E21
FFFB5489
FFF57F6F
0008483D
00079503
FFFC05D1
FFF13B74
FFFBBB8A
000075B4
FFF9DF6E
000049DD
0000022E
FFF9ABE1
000E3D51
FFEFE51B
FFFCF54F
0009542E
000975E1
00101D04
00082169
FFF249A0
FFFC1E7F
FFF81045
FFFCD7CE
FFF271B1
FFF6C1A2
0000541E
000724F8
000AED34
FFF4EFE9
000094AB
00001D82
FFF9ED3C
000A4587
FFF840FA
00002A34
FFF7BEB4
FFFB0FD6
001891BF
00025697
000C3D59
00088816
FFF9DCA6
0000FCD2
FFF89362
0003DC6F
00021806
000DDD77
000D9896
FFF3B1E4
000B5DDD
FFFA9070
FFFFD69F
0001B7CE
0010E399
FFF2068C
00032F11
00041C84
FFFFCA44
0001D9F2
0004DF8F
FFF7FB11
00058F67
FFFF32AD
FFF6F127
FFFE5C54
FFF7CAB2
000A6552
FFEF5F71
FFFC424C
000C179E
FFF748D1
000136A2
FFF38522
0006B658
0000E0A4
FFFEC1A3
0009B23C
FFF70B01
FFFA0D29
FFECAC85
FFFE1D5B
FFEF8D85
00013C00
FFFF3ED8
FFFAC4F8
0000D235
00121143
000025BB
FFF965B9
000781C1
00085AE7
FFF60273
00042EF2
FFFDB501
000D39F5
FFFC8C45
000A0A3A
FFF1153D
000E0BD4
FFF72632
000E20DF
FFF3253B
FFF8688F
00046C7A
FFFC3BAB
FFF5D91C
FFFBF867
000D2350
FFFF0523
FFFA88E1
0003681C
FFF6B9F9
FFF507C3
FFF61F6F
0004FE8C
00007C83
FFE95A52
00014FB8
000A9D47
FFF9BA92
000B93BB
0015ACBB
0012159D
00070A44
000386E3
0000A5C7
000AEC77
0006B64A
FFFE67A6
FFFA2AA9
00125658
FFF7D1C5
FFF90F29
FFF2665C
FFF41FFA
FFF467BB
000DF3B6
00053B0F
000A702A
0015F92D
000C1811
000B3BA1
FFF71055
0002DCB4
00071216
FFFD20A2
0009809D
0000633F
00063097
FFFFD4D5
FFFBE26C
FFFDD71E
000F4CF2
FFFD0821
000A9E53
FFFE217D
00176E8B
FFF28EDA
FFEDF5D5
FFF094E9
0013EA21
0009D0C2
0004B091
FFF3C78D
FFF6DFA2
FFF93C48
001AD236
FFFB8D05
FFFB7CF4
0007E798
000333DF
0011A1C2
00108D64
000BE60F
000D6A10
FFFA7874
0008C890
0004A984
FFF0F5E4
FFFF15C6
00080BA0
000C8802
000172C9
00004C15
FFF33887
FFFDC73F
FFFD8D50
000CE8D1
00113994
000B736F
0008376B
000412A5
00087642
FFFA97CD
000BF5B3
FFF73D34
FFF5913C
FFF4E9FF
0001B785
000C6430
FFFD8072
00138DCE
0006D4D5
00053A1E
000EDFED
0006C15E
FFFAEBDE
00012E80
00057496
000ED29A
00096F52
0002A22E
00010908
0005DE1A
FFEDBACC
FFEFA5EE
00006491
FFFFBF41
FFEEB37F
FFF64837
000218B3
00110C3D
0012867F
FFEEB0EC
000F1E0A
0008E707
FFFFED3F
0004F111
FFF232E9
FFFD872B
FFF92782
FFF255E1
FFF92AF3
FFF2AF59
FFF7A837
0000164C
00001C46
FFFC38CE
FFFF4986
0008B70B
0008DFBE
FFEFA388
FFF4F683
000103AC
00026F23
0000B927
000CD794
FFF557E7
FFF872F3
0004EA8E
00003CE3
FFF507DF
0009D21A
000E938A
FFF7E5C3
FFF9171F
00022CEE
00041A8F
FFFB6AD7
00005241
0007DB9E
FFF8E448
000A12A6
FFFA9FF5
0002035A
00072651
0014A6AC
00151225
FFFE7A60
FFFF81E7
FFF16358
001356BC
00023555
000F9FBA
FFFD3724
FFF3EB5B
000AF914
000096DF
FFFAD03E
0002F590
00035064
FFFE22AB
FFF44D5B
FFFDD1FF
FFF77ACD
000884ED
FFEEB6E7
00040CC5
FFF89234
0001F7C1
FFFA6DC4
000867C1
0007A314
0006D2AA
FFFBAC19
FFF80BCA
000E4EF0
0011577C
000F169B
FFEF294E
FFF8551B
000C53B1
0004C01C
FFFAEC9D
FFFFDAE4
FFFD7127
FFF21EC6
FFF10F45
00033F48
FFFDB3DF
FFFEEF48
FFF36DC1
FFF5A34B
000BAAA2
FFF15FC9
FFFF89D4
00084132
FFF848E6
FFF08D39
FFF0E1C2
00018E5F
001317CE
FFE9755A
FFF2CAB5
FFFB15BC
000B077F
FFFFE06E
FFF3791D
FFF2A4E5
00008EFD
000E10E8
FFFBCB73
00049654
FFFD6C00
000D7104
FFF5FCAA
FFFB0FFE
001420F1
FFF7E91E
FFF6ABA7
000627A2
FFFFD3AA
00081966
00124378
FFF7C9C0
0001EA6D
00082C5F
000C240B
FFF6ADB8
0001B202
0013CB4A
FFFFE90D
FFF66F27
FFFB6F5C
FFEBE5C0
0004889C
000550F2
0012A2DC
FFE4CC2C
FFF925BB
FFF719D9
FFF6BCC8
0003E0DB
0009B930
0007900C
000A2E68
000A1317
000F8E23
000DBD8D
0002D383
00054542
FFF9F3CA
00021797
0004D324
00036C25
00005189
00011AAB
FFF24D78
FFF86BE1
FFFAB8A0
000D063B
00047349
00078844
00089B50
000D2BED
FFF63333
0007933A
00072045
000ACA24
FFFA8659
0020226F
FFF2D77B
FFEE312E
FFFEFE45
000DB5EB
FFFF6505
0015FD58
FFF810D1
000313D2
FFF6F410
00079801
00023E38
00055F89
FFFB7A0E
0005FA2F
FFEB3DC5
FFF1B362
FFF5C6F8
000564C6
FFF5226F
000820B9
FFF44A15
00030F65
FFF65655
FFF3CA81
FFF8B0DF
00037D6B
000CFD1A
000638E9
0004D4FB
0011DA4D
0010D2E2
00061675
00011466
FFF5F9B0
FFF94D8D
FFF6ABCC
FFFA29EF
FFFB8C14
FFF93BB1
000BDB4A
0004F2FA
00040002
FFED2BEF
000121EB
000B6D4E
FFFEB998
0002068F
000311FE
FFFFCD4A
FFF8F633
000878EA
0009A046
0000E5F0
000D7C11
00040CE8
00033D61
000987B7
00108399
0000548A
00061D6B
FFFF5F35
000F0B4D
FFF16FFE
000084E0
FFF1556E
FFFA05F4
0004F0C3
000C3B05
000BC10B
FFF86B13
00024EDC
000A937D
000105AD
00005DB6
000C4096
FFF092E1
0003928E
FFEFEB2C
00042B50
FFF012D8
0009AA3B
FFF61907
00022BD8
FFFC85E6
FFF6724C
00079FD3
FFFCB105
FFFE4E58
FFF7F5CC
0004C45D
0000C0C3
FFFF4A5F
FFFE88E9
FFFF6C8E
FFFEB941
00015A51
FFFF29FE
FFFCDED4
FFFCE4F2
FFFCD4B5
FFFD2862
000092A9
FFFF543A
FFFF1115
0001A09E
FFFE9162
FFFD4F32
FFFC61D8
FFFFA6AC
FFFF24C3
000541AB
FFFE8409
FFF97945
FFFAABE5
0003BD8D
000086DC
FFFFD680
00040561
00046538
00010B83
00014254
00032E3D
00008A26
000552C3
0004FC9C
FFFD1610
00036ABD
000139D7
00043950
000114D1
0000B145
FFFBF260
FFFD4A05
000458CC
0000B389
FFFE89CD
00000BD7
FFFE7CB2
00035C61
FFFE9FBD
00001D3A
FFFBEEF4
FFFF52A4
00004CA1
FFFACCC0
FFFA2108
FFFA6BE1
FFFA8EFE
FFFF7AEB
0000F22A
00002399
FFFD5D3D
FFFFFA20
00014209
FFF9F617
00065095
FFFA0697
0003BF60
0002602F
FFFF63D1
0002305E
00037609
FFFF18E5
FFFC0A91
00008181
FFFF7FA9
000288F7
0005345D
0000FF09
0002EA10
000036E5
FFFB7A86
00003DEB
000016BC
000322DA
0003800C
FFFD6B95
0002C9F9
00057016
000322A6
FFFE0D13
000085B2
0000D7DF
00006A3F
FFFD06E3
000235EC
FFFAF9FF
FFFA98C7
00003209
0000A391
FFFD409B
0002528B
0000A73A
0001658F
0002F0A3
FFFFBC34
000000FB
FFFC82A4
0000FFC7
FFFCE335
FFFF8F97
0001E6AC
FFFDD167
FFFB79F3
00040D8D
FFFC762A
FFFC8A65
000217A5
FFFD5C68
FFFDBF18
0003A48B
0002915E
0002C8A9
FFFD4179
0001BA64
FFFED479
00000E55
FFFFAE97
00064FD1
FFFE18E5
0000185E
00005D9F
FFFCA5C4
00067528
FFFBF7DE
FFFE1374
00018780
FFFFF011
FFFF8FFF
00003D63
FFFFD90E
00001166
FFFD8271
FFFA839B
FFFA67BE
FFFD6866
000301E2
00002E7F
00008E8D
00001FD2
FFF8BDA0
FFFE9EBA
FFF9511C
FFFEDBD6
FFF9C7E4
00017F26
00008E9F
FFFE6A3C
FFF8D2C9
FFFE93A9
FFFED9D7
00006C1E
FFF8FB46
FFFF7609
FFF9653F
FFFD476C
0000EEF0
00004D3F
FFFF42C5
0001A6F0
0001DC64
FFF96547
000181A8
0004018D
00006836
FFFB47BB
0000C615
000187FC
FFFC31CD
FFFA8B39
FFFA3956
000084F0
FFFB6A9A
FFFE0209
FFFCE858
000314CB
FFFA2EB3
FFF8AF67
0000AC93
FFF985CC
FFFA769F
FFFAA67E
0001122A
0000752E
FFFF358E
FFFB3162
FFF963C3
FFFE2962
FFFF8E7D
FFFA7393
FFFEC502
00007650
FFFAC896
FFFF7BA4
FFFD58B7
FFFB15B0
FFFE21FB
FFFC9BBA
FFFEADA2
FFFC4A4B
FFFCE168
000452B3
FFFEDC4D
FFFBB4E7
FFFF0B1A
FFFF2C3F
FFFDE45A
FFFBE297
FFFEBC80
FFFC086A
0000618F
FFFC85C8
FFFCDC4D
000058D9
0005ACF8
FFFBEC9C
FFFD2C95
00011BD2
FFFFDE9E
FFFF7B72
00036585
FFFBE663
000183CC
FFFEE1D3
FFFD0AA1
FFFDFDE2
FFFA9C53
FFFFAB80
FFFAA278
00005196
FFFE9995
FFFF7108
0003EA0E
000207DF
FFFEC195
00010AB6
00012F99
FFFEA4BC
00013F43
FFFAF481
FFFDEF2F
FFFC2469
FFFF2579
FFFA8AA1
FFFD4DB2
FFFFA7E6
FFFCB6C7
FFFD07E8
FFFC3B02
FFF7EFA1
FFFD6FE1
00012BDF
FFFE7DB2
FFFD0592
00031A18
00013EAF
FFFD50B7
FFFFE371
FFF97437
FFFED04C
00019A24
00014683
FFFE870B
00004959
FFFDAECE
FFFD66A6
FFFD59FE
0000F39C
00017EC5
FFFE14D2
0001DC1A
FFFB97E9
FFFF4499
FFFC6BCA
0000866D
FFFC416A
000071DE
FFFFDEC2
FFFE1ED3
00004209
000246D4
FFFBE594
FFFA0829
FFFEE04C
FFFF6238
0002A859
FFFE6294
00017DC1
0000DF42
FFFB56E8
000164BD
00002CCD
FFFD2C4B
FFFDD5E4
FFFD5038
000550C8
00035CA2
0002D404
00026098
FFFE9026
FFFC416C
FFFE8FAD
0004BA61
00000263
FFFD3195
FFFF23CA
FFFAE1EF
FFFA150C
FFFD4B1C
FFFE9F63
0000CAA9
FFF9636C
00015791
0000DCEB
0002F93F
FFFD4840
0000DC0E
FFFEBBA0
00038F34
FFFF4C1F
FFFD2527
FFFD9CFB
00023734
FFFF5979
FFFFB6B3
0001A292
000348D2
FFFEBEE2
FFFB47C7
FFFAF455
FFFE466D
FFF9C725
FFFD3F88
FFFB915B
FFFA7B93
0000ED08
FFFA9AF1
FFFCB161
000055C6
00017BA7
FFFE70EF
FFFFF6FF
FFFA423B
FFFF60B5
FFFFAF56
FFFBDC28
0004FC1C
FFFED862
0003944F
00029FEC
FFFF552C
000094B2
00014095
000461F0
FFFDDAA9
FFFC2B81
FFFD4A8C
FFFF4607
FFF9CBAA
FFFAF2BB
FFFDE87B
FFFCC505
00016FD8
FFFB0773
FFFE9740
FFFC9719
000174EA
0000F8B8
FFFFDAD0
FFFF4A1A
00007C45
00011EC4
FFFD5B66
FFFCBAE5
0000F787
0003AA61
FFFFC79A
0001AAD7
FFFB3418
000023E6
00051A31
00036939
00010BD4
FFFB92F4
FFFFE23A
FFFEB777
FFFB0C07
FFFE48C6
000346D3
FFFD9EE5
000131EE
00006B62
FFFACA3A
00016FD8
0000A985
FFFFFF98
0003416F
FFF8C190
0001719A
FFFEA7B3
FFFEBC9F
FFFE3D73
FFFB1824
000255A0
0000C0B1
000173C6
FFF9F9B6
0000269F
FFFE33B7
00007F71
FFFF10B5
0001FF80
0002E5CA
00017F47
FFFDC599
FFF9B0D4
000331B6
FFFE51AC
0001F185
FFFF7ADD
00024B54
00005519
FFFE55A5
FFFEFC1D
0001FB20
0001D996
FFFFA53D
FFFEE0B2
00001BA8
FFFF64E3
FFFB51DA
FFFFD780
FFF7AADC
FFFDBDA0
FFFBB1AD
FFFDA4FA
0000E943
FFFD7728
FFF86335
0002D1F1
0001F8FE
00019A0E
FFFBABDA
00022461
FFFF5A7B
FFFF43EA
FFFFCAAE
FFFE2E1E
00018DA2
FFF9DE1B
FFFED31F
FFFD9CE1
FFFD274D
FFFDDBC1
0001E1B7
FFFCEF9C
FFFC3BCF
00010969
000349F6
FFFC38F6
00041180
FFFC0296
FFFF36CD
FFFEB8E4
00046931
FFFC8141
FFFD24E0
FFFED808
FFFC1399
FFFBA072
FFFC1198
FFF821F5
FFFCC06D
FFFD32DE
FFF9C65B
0000D44D
00006E84
00007923
FFFC0D40
FFFB6912
FFF78B0D
FFFD3909
FFFD164F
FFFA8777
0000DA3B
0001EC56
FFFEA692
FFFEE208
FFFFE4FF
FFFC94D4
00030063
FFFC2CA4
000106D0
FFFC0FE2
00015F6B
FFF9E276
00032291
FFFC6C90
FFFAA0BC
00042C68
FFFCA4FF
0000956E
FFFD2BE9
FFFF4105
FFFE54BF
FFFBAB92
00020138
FFFDD62F
FFFEC79D
FFFC9227
FFFEBBCC
00032AC4
0000B1C9
000126BD
FFFD669E
FFFAA2AB
00011769
000176CC
FFFC952A
FFF8D5E6
FFFB9C27
FFF8FF96
FFF95DA7
FFF98CB1
FFFFA887
FFF9F9CE
FFFADE0F
0001312C
FFFAFC62
FFFDFED0
00024066
FFFBCAA9
FFFC6FF9
FFFEA5F0
FFFF8C8C
00025784
FFFC6D6D
FFFD3FE1
FFFE11C6
FFFAA977
FFF84B71
FFF86910
FFFCB241
000000B0
0000E5C7
FFFB1A3A
FFF944B9
FFFDE8B2
0001EECA
FFFDE9E4
00034158
FFFFB60E
FFFFEFB3
FFFD5F9E
FFFA807B
000224BE
0000656B
000482DE
000223A2
FFFC3254
FFFFFBED
00014ECB
FFFE2854
0003ED1D
FFFB34E0
0006714C
FFFA0746
000633FE
FFFD728C
FFF97BB1
00006F2F
0001CD61
0001770F
000156A8
000B910A
0008C82D
00072146
0003B857
001067CF
000AB089
000AC6E4
000A10F0
00032F25
0002AFB4
FFFE3A1A
FFF542BB
00041506
0002A964
FFFE8F38
0001A8FD
FFFCFB74
FFF9FE36
FFF935E1
FFFA3993
FFFBB975
FFF4E302
FFFB4BB7
00047954
FFF54D27
FFF3A0B1
FFFD0A94
FFF73EE5
FFF7088E
0004A290
0002D432
00066154
000051A2
00031B6B
FFF9ECA6
FFFCF991
00001C12
0006599A
000773B3
FFFCDE1B
FFFDD6DF
0008012D
000089E3
FFF6A64D
00074EF1
FFF9FF0A
FFF6C1AC
FFFC3F59
FFFE24DC
0001CA38
FFFEDAF6
FFFA4103
FFFEB02A
FFFAD30E
FFF70317
0002F1A6
FFFC3E7D
FFFD01C8
FFFB6CA1
FFFC672D
FFFEBF6C
FFFA84C8
FFFC898E
FFFE43BD
00012A73
00030739
0000A58A
00093466
FFFE2FF4
0003DC46
0002A2B4
0003B29C
000170E5
FFF9E608
00073BDA
FFFFB4DA
FFFEAF42
FFFFDA1E
000808F7
00040D4C
0003CB26
FFFDCDEE
FFF7FCB5
FFEF1398
00055E96
FFFCC8BE
FFF6FB43
00013E07
FFFC9F01
FFF71AFD
FFF7EDC7
FFF9C369
000418CD
FFF88002
FFF86779
00019E3C
0000FA01
00033781
FFFE2206
00008A36
00047561
FFFDC387
000C098C
00045864
FFFE8753
FFFE96C2
FFFEDDFC
FFFD42F8
FFF96AC4
FFFF93EA
FFFC53C6
0004DE17
FFF79B42
FFF99D50
FFFA01BB
FFFF49F9
0002AED4
FFF7CD65
FFF6F587
FFF9795D
00005917
FFFC1593
FFFD5026
000247F0
00029964
0006676B
00028A24
FFF90E7C
FFFB6A59
00013C6D
FFF788D8
FFFEAD8B
0001BAAF
FFFBB2B3
FFFC915A
FFF673B3
000661F6
FFFD2BBC
FFF76035
0005EB30
FFFDE345
FFFACCB9
FFFFD07C
FFFD54E8
00086636
FFFC710B
FFFD5004
0004E843
FFFC8ED3
00028120
00020C61
0004F011
0008BA97
FFFC18D0
FFFEF195
FFFB5889
FFF4D106
FFFF145E
FFFFB07C
00043E3E
00014CFB
FFFEDD36
0003F85F
0009DCC6
0005BB5D
00023B3A
0007962B
0004246E
FFFB3C44
FFFF2DC7
0000F1F6
FFF7BD85
00046EC2
FFF6A7D2
FFFA3359
FFFADBD0
00005612
00034BC9
FFFD1BC2
0003B985
FFFBC0AE
FFF68DB6
FFFDA899
FFFCEBA7
FFFEA92F
0003F0A8
FFFA00DC
FFFE4E9F
FFF9F5C1
00042080
FFFD4039
FFFD9219
0005BD1F
00079636
0000FEA1
00032A4F
0007DD34
000A954F
FFFE24CE
FFFAB900
FFF67371
FFF8B9F0
0005B125
0003AD98
FFF612DE
FFF78B8B
FFF64832
FFFF2A5F
FFFF759D
00017044
FFFFC3D1
FFFEA9AE
FFFC45BD
FFF42392
FFFFE2DD
FFFFDF33
FFFD88DE
FFF61492
FFFEB4AC
0003738F
FFFE6A48
00001E9C
FFFE42EC
FFF3E656
FFFD8A41
FFF73654
0001F7A8
FFFFA719
FFF90A9A
FFF738FF
FFFC79E2
FFFA7044
FFFC272E
000359C3
FFFAFE23
FFFD0842
000506D9
00097E03
0005E7DD
FFFA0FCC
00076660
0007F6C0
FFF9E11E
FFF27A95
FFFEA30B
FFF49EB5
0000CA7A
000460F3
00019F36
FFFCFA62
FFFB6EA7
FFF4B201
000290E0
00097523
0004A069
000A63DB
000D725B
0004FB29
FFFF41F5
0006F087
0000AC20
0002635D
FFFF95C9
0000791E
FFFAE961
0000811B
000180A8
0006379B
000386E1
000648E6
0003293B
000BD23B
FFFF792F
0001C954
00005690
000C69A6
FFFFF7BC
FFFFB7E4
00001622
FFFE0DAA
0005F71B
00064C87
FFFFEFAA
000A1FAD
0002AB54
FFFF1C9B
FFFCD2A9
FFFB11FD
FFF6BA79
FFFE2AE2
FFF6ECD6
FFFAD3DF
FFFD002B
0003D1F2
FFFA6722
FFF88331
FFF516C9
FFFE915C
FFF372F1
FFF0C6AC
FFF321AC
FFF6AD46
FFF5E2A2
FFF66D12
FFF2DEB2
FFF3E2D4
FFFF3DEE
FFFDDB53
FFFF7B37
FFFA2AEF
00065F6F
FFFD633B
FFFE65B0
FFFC2AFA
FFFFE396
00008CC1
FFFC88B8
00025F12
0002D20E
0001B811
FFFD801A
FFFB9535
FFFE845B
00005738
FFFC6ACD
FFFC386C
FFFC8EFC
FFFEC608
0001F444
0003983A
FFF9606E
0002017D
FFFFC0B1
FFFEE324
FFFD3132
0003FEA5
0000D6F1
FFF6F613
FFFCD0FB
00020A77
FFF78A4B
FFF5EEDC
00019C5E
FFFCEC8E
0004E823
0003AA4A
000066BE
0009E261
0000AD4B
00054D39
FFFCFD98
000BF3B2
00079949
0009223C
0007BCCA
0004CCE0
00001413
FFFFF0D5
00081B7F
FFFEEA12
0003545A
FFF930D1
FFFD11AE
0002E594
FFF60A59
FFFA84FF
FFF828F7
0000253E
FFFAD7F1
0001F7CF
FFFA9D95
00026274
00049F18
00061FAB
00066B3B
000699D8
00055A5D
0007973A
FFFA78A1
0002F43D
FFF72E0E
FFF9D943
FFFB5CA8
FFFE40F0
FFFD56DC
00022A7E
00020C80
FFF6E660
00011640
FFFFDB4F
FFFDF892
FFFD806B
FFFEC970
000122D0
FFF890D0
FFFE7612
FFF8F215
00066BDC
FFF9178A
FFFF8986
FFFA7640
FFF9F97C
FFFAE1B0
0006EAB9
000120BF
FFFB8FAF
FFFEE677
FFFA3B1B
00020AB2
00075FD7
000087B7
FFF98856
00022A7A
FFF4C9B4
FFFA978E
00017853
000566D4
FFFCB415
00029CC1
FFFDB76B
FFFD6DA3
FFF75CB0
FFFE77BA
00030693
FFF7A86F
FFFF9064
FFF75893
FFFCA548
0001C2A7
FFF252C8
FFFA8AC2
FFFCE878
FFF8642A
FFFA5FD4
FFF938FB
000054BE
FFFA0FF6
FFFA5BB9
FFFAAF4F
00054DAC
00027214
FFFA968E
FFF818CC
0004AA58
FFF6C2E1
00022470
00055A18
FFFF86D6
00041CFC
FFF78ABF
FFF4DFD4
0003FC01
FFFB3CFE
FFF61A20
FFF7EB41
FFFEE664
FFFB595D
FFF468BB
000133C1
FFFA0600
000117F8
0002E42D
0008B212
FFFFBA45
0002E682
FFFD91E8
00038D6E
FFFF8960
00016BE3
0002EEB9
FFFED063
FFF658B2
FFFE40CA
FFFDFF31
FFFFA960
FFF94801
FFFD9821
FFFA6DC0
FFFC9C0C
FFFE45C9
FFF74163
0005D0EC
FFFD46CE
00022999
0008D1D3
00020E83
00024296
FFFD5DCA
00037981
0004E1EE
FFFE7081
FFFD8096
0000DB75
0002F48B
0004AD1F
0003E505
000074A5
00039A3D
0005BE6F
FFFE8F95
0000FBDD
FFFEA866
FFFB3983
FFFC61CC
000998EC
FFFC4142
FFFF53C6
FFFEEE68
00026B96
0008C67B
00085EC0
00049B61
FFFF8BAB
00011656
FFFE4E1B
00078550
00056527
000B508D
FFFFEB75
00081A93
0007F4BE
FFFC3142
00009B1B
0003A95F
00075846
00004CAF
0002503E
00080302
00051560
FFF6D69B
FFFB56E0
FFFC542B
0003B703
FFFF2A85
00000EA7
0001F7C5
FFFEB150
0003A689
FFF7BE5E
FFF65934
FFFB7D9F
000142C8
0007982E
0006B147
00074A1B
00002841
FFFDC3B6
00094775
000077CA
0009810B
0000F875
0005BE37
000246D8
00060D32
0002FE90
00061E12
0003BF01
FFFCD9B0
00015AB5
FFF9FBC0
FFF83021
FFFC9436
FFFF474E
FFFEE2E8
FFFC8C29
0001AE04
0001A566
FFFA0F2D
00000F7D
FFF55A41
00025F0C
00076848
FFFF7055
00057154
FFFA393C
0003B9F9
FFFE66B1
FFE9C7B9
FFFCACB8
00097851
0007C9DD
0000646A
FFFCAED5
0009E171
0003B937
000A4780
FFF77AA4
0012C118
0005C709
FFF20283
000CBCEE
FFFDFF3C
000952E6
00076E13
000BE3EC
0008FE59
000F4E68
FFFA3EBC
000213BC
000CAAC8
00083984
FFFC88F4
FFF67549
FFF414C1
000388F4
0003FA96
FFFBFD78
FFED4D0C
FFFEBEE5
FFFE6648
FFF3FC21
FFF47A26
FFFF15D1
00023364
FFFDA80E
00090860
FFFC4B74
FFFD611A
000C656D
0004DCAF
FFFF6635
0001A075
FFF16E37
FFEEB4B4
FFE9F96A
FFEAD39C
FFEFA0B3
FFEFF015
FFF61EA0
00049F0E
000054A4
FFF5778C
FFF3D79D
0001D0A1
FFF6EFF3
FFF9EA93
00054D56
00026B16
FFFBB3B1
00038C16
FFF5E4B2
FFFBC8E1
0003BF59
FFF82B3F
FFFB6BCC
00043A0B
FFEC4ECD
FFEFAC51
00025833
FFEE7487
FFFCAB37
FFFD5438
FFF8BA10
FFF311A4
FFF615C6
FFFC70CB
FFF671EC
000618E7
FFFDDEBC
0000B4B9
FFF58CA5
FFFCD63C
FFFBB4BA
000B09D8
0002DB47
0002376A
FFFC3B42
FFFBAB4D
FFF293CE
000E4750
FFFD5957
FFFDCA96
00081651
FFF8C304
FFFC7ED8
00056074
0007224F
00070870
FFFBBD9B
FFEF1511
00011CD6
000135DC
000D4C9C
FFFF0F82
00019748
FFF3FEB7
FFFC5BA5
00001243
00003494
0008A126
000A1D79
FFFCBC9B
FFF8D174
0007DE6D
00067DC6
000B356D
FFFDE615
00111B96
FFF3C90A
00005076
00045120
00051072
FFFF40E2
FFF8C242
000C2BC7
FFFBC1C1
FFFF9E54
00065140
FFFA6296
FFFCB11D
000FFBAA
0000D06F
00052617
FFF97B1B
00095690
00023326
0004BC72
FFFFC312
00042EE8
00092E63
FFF87C80
FFF59BA5
FFF3EE8E
0001818A
FFFAF5D9
FFF7542C
0010974B
00009668
FFFFA790
FFFC3525
FFFB3B46
FFF64AFF
000878FB
00168F54
FFEEF9F0
000DAC67
FFFFF733
00005F40
FFF9A59E
000B2DED
FFF93832
FFF5AE70
FFFD5DC6
FFF40761
FFFCF8AF
000C2FDD
000A22EE
FFFA232C
00074E0B
FFF40A94
FFEF1EA1
0002DABD
00090C54
FFF80E4E
0000AE1A
FFFBBB95
FFFDB338
0007F081
FFFA19FC
000870C7
00053D4E
0005F164
000B1738
0007864D
0009D61F
FFFA9B5F
000D63EF
000A43E1
FFED4ED6
0009EFEB
FFFF0FE2
FFFC8089
FFF72C86
FFFFAD0C
0000EFDE
000D9D1A
00090959
000DCC11
000C442C
000DE005
0010A675
00116CCA
0001010C
FFFA24E2
00004B67
0006EAB2
FFFF589C
00125970
00064D6E
FFF85DD6
000937F7
0002118E
0009421A
000DF62B
000C5CB4
FFF9DB25
0003F579
FFFB6ED1
FFFE6C71
FFFA199C
00047F84
00043F31
FFFA3161
FFFE21CC
FFF615AD
FFF2B991
FFFD91DF
00048734
FFF19746
000065DE
FFFEC2FB
FFF7A6E1
00057E0A
0006F718
00028674
000CA8BC
000C242B
FFFEC667
000977E5
00004840
FFFBE129
FFFE60D3
0006CAE4
FFF974F2
FFF6FBFF
FFF65E16
00066900
0002C50E
FFF8431B
FFFA0A31
FFF19581
00030713
FFFA0989
FFF2088A
0004DD9D
0005444F
FFF5212F
FFFCB57F
FFFA0C49
FFF4D686
0001A853
FFFF1D00
FFFEDCD2
0004706E
00032C3E
FFF7B8CD
0000EEC3
FFFCDD63
FFF83FEA
00030EE7
0002246E
0005EFEA
000763F0
FFF6193F
000412DC
000BF09A
000257FF
FFFF7415
000762A0
FFEF4D0B
FFF3B7A3
00062AD1
000AA4E0
00131235
FFFF05F5
00078176
00089821
000E6EAD
0000D3C7
00034BDA
FFFA7188
00076CDD
0003B18F
FFF58E02
FFFC4CA6
0000ACF8
FFF2029E
0004BE11
FFF81F40
FFFF5E13
FFFE1BB4
FFFE8EF7
0001F17D
FFFC7E99
FFFE3ACB
0007F45C
FFFC34F7
00034DC7
FFF180F2
0004611D
FFFE3238
FFEF3DAF
FFFED3EE
0001CB81
FFF4077C
0003BFAC
FFFAC8CF
FFF98914
000A3BDE
0000AED8
0009FF90
FFFBD9DE
00065FF4
FFF09AB7
FFEE94C4
00084E12
000E0A34
0006334A
FFF3A657
0005817F
FFF70D21
0010533E
000A0832
FFF69B67
FFF05F26
000FAA75
0012D405
000B48FB
FFF67A99
FFF861C1
0008EA46
FFFA9986
FFEDE9CD
00067707
FFFBF918
000273AD
0007DDEB
000311E1
00028C6D
000C41A4
0000AD01
FFFFA196
0009A76C
FFF8C70B
000BFE20
FFFD705A
FFFEBAEC
FFF1A11D
FFF89D56
00071806
000FDE65
FFF783DD
000A74F8
0001BEF0
FFFEEA7F
0000A0CA
FFFA01D5
FFF42005
FFF6301E
FFEADCAF
FFEE5ED4
FFFEF833
FFEBA541
FFEB4C41
FFF97DB6
0008651F
FFFDD71F
0000EE54
FFF5DBED
FFF28764
FFEC5853
FFFA00F2
FFEEC398
0007FD76
FFF5B9D8
000498BE
FFF23CF6
FFF7FA22
00095ADC
FFF2669B
FFF43EF7
FFFAE5AE
FFF193FE
FFECF4C6
FFF8473E
FFF76E8B
000019B0
0002C3DD
FFF67491
0006B0A6
000B8A5F
FFF6C7AC
FFFC7848
0009B108
00095A9C
FFF21486
FFEE7BA5
FFF39DE9
0001B11A
FFF94259
FFF6E832
FFFB6158
0002CB03
00065D11
FFFBE87F
FFFB16B5
000FCCCB
00075F67
0009EDDE
FFE4A3C7
FFFD37F4
FFFA19F8
00006B3E
0008C969
FFEAD5DC
FFF9190B
FFF4E038
FFF37154
FFFCD5FF
FFFF1EF5
0005B521
000C4224
000E8987
0003592D
FFFEAC69
00093EBF
FFFC47A2
FFF2E1A3
0000B6AD
FFFD2272
0002FFD2
00062E81
00018837
0001F6E2
FFF69D1A
00061269
00129EA1
FFFF2AA2
00004DFE
000E8455
00077368
001105EA
00129A1B
FFFDAD93
0003F8E7
FFFB9F2B
FFFC755C
FFFA5263
FFF650F2
000163DC
0003F1DA
FFF360D1
00081176
FFF190A7
FFF95234
0006FEF6
000D12B4
FFFAAB72
0007F222
FFFF7CEF
0006F3FD
000FE700
000CBBF3
00076E6F
FFFC2BC5
FFFCB260
00009770
FFF7DEED
000337AD
FFFBC493
FFFBDC7E
FFF8DB5B
FFFDDFCE
00032FA6
FFFDFE7C
FFF98641
00047A01
FFFEACB2
FFF435A7
FFF83B9E
FFF28694
FFFA9D19
FFF60956
FFFB7A73
00088E45
FFF92E9D
FFFB3C9C
00065CA9
0002CCE0
0005B3D1
FFFCAB4A
000C3446
0002B7FF
0000AC85
FFF6BDFA
FFF97575
00001887
FFF9FBC2
FFFB0791
FFFD72A0
FFF45FC2
0001B1CD
FFF04CC5
FFFB40E9
FFF78AC6
FFFAAE31
0005662F
FFEDECE3
00003E07
0010568F
000188CA
FFFBA2CA
000254F7
FFFAF02D
0006F077
00049E6A
FFF68A3C
00077C2A
FFFAAFEF
00057776
00039425
FFFFFE86
00002329
FFFDDDC5
00016AEE
000EB49F
FFF83660
FFF974B2
FFF91359
FFFAAD2C
000759F7
0001E503
FFF7CAB4
00083470
FFFAE1D3
FFEFC0C2
FFE9F52C
FFFA9583
FFF2FF53
FFFB9CC1
000045C9
FFEF6BBF
FFFAB74F
000105DA
FFFF7EFC
FFF5BA4B
00076692
00046D19
0004081B
FFF7F928
FFFCED8F
FFFC3356
00025E57
FFF8A4A7
FFFA1F3A
FFFD1FBD
0004C7B0
FFFC4A3B
FFFB355F
FFED8857
FFEF18B8
FFFE8722
FFFAF5AC
FFF81A13
FFEDA2AA
FFFB2345
00092A87
00091E2D
FFF36E85
FFF55CC8
FFE86E7D
FFF7A761
000928C8
000BA606
FFF4A0C2
FFF4EA44
FFFB9748
FFF8ED04
FFF3563B
FFF934A8
000FDF0A
000BB20B
00076587
00002C72
FFFA30BE
000000CD
FFFB68AD
000D4CCC
000383C8
0001B16F
0002AEB4
FFFBD21A
000BD723
00088BCF
0004BAB3
FFFB9488
FFFF2133
0000821D
0013C210
000B01EC
001216E9
0006AD68
FFF27403
FFFBF1B5
0000C348
FFF5685F
00008033
0010EC44
FFF86F48
0013B39F
0005C595
0015D5BC
000EEF3E
000C5DD2
000CE27A
000F4830
FFFE2CEF
00018EC7
00082E70
000B2555
00088935
000BA06F
FFFD038D
FFFCD288
000FC243
000CCB43
00070DD1
FFFA787E
FFF0B3BC
FFF97480
FFFE7B7E
00054059
FFFFEB8A
FFF86E3C
FFFEA896
FFFFD868
000CBE2E
FFFEC597
0008116C
0001D726
FFF94DDA
0000A51E
000EEC8B
FFF92588
FFFFD334
FFFEC21A
00034D46
00028B05
0003D7E8
FFFEDAF6
00031B9B
0000DF0C
000572B0
FFF65F4D
0006A4C8
FFF3EC91
00074726
0001477F
FFFFC10A
000A9B2F
FFF70EAA
FFFF00F5
FFF59608
FFF68CA9
000A2FCA
FFFAB2C5
000FD433
00004014
FFF85BFF
FFFBE091
FFF4E0A2
0001A897
FFF77CDD
0000541F
000687C2
00063D64
FFFDC171
0000EB14
FFF820A2
00086F8D
0013317E
00078C6D
00002D61
FFF4E023
FFFE97C0
FFFC80FC
000A5ADA
00156E1D
0006BD43
FFFCF195
0008D5AC
000EFF58
00021913
FFFC497D
FFFA7DA4
FFF7C0EF
FFFA56BD
0002994F
FFF51FFE
FFFC4356
FFFB9265
0013D9DD
0009A0A3
0008F57D
000628BB
00076ACF
0005F473
0005CE75
FFF67FBA
00089FD3
FFFAA9F2
00087B2E
0001D5E1
FFFB290E
FFF39504
FFFB29F9
FFF90139
000E30F2
000337DF
FFF720FE
FFFB2859
FFEEADC2
FFFEACB0
00043B1F
FFFB6E28
FFFBF9DC
FFF82011
FFF5F3DB
00023AD2
FFFF3A54
FFFEE3DF
FFF778AC
FFFBBF83
0005CB3F
000C75EF
0004C725
000DEB2F
000B3210
000472BC
FFF87827
0006F63B
FFFDD2FD
FFFB1B53
000BE835
FFF41493
0001F809
FFF6733E
FFF09893
0004E61E
0000BF5B
0002FDEE
FFF87CB2
0009359C
0006D70C
000194C5
0004E83F
0003A17E
FFFB67B9
FFFF947D
00019AAB
FFFC00B4
0007C2AC
FFF2A0CF
FFFB7D9E
FFF4D70A
FFF27A07
0007C149
00023150
FFFA327C
000655CD
FFF44317
FFF28F3E
000966B9
0001EE9C
FFFB0BD2
00008E10
FFF061E8
0005787D
0003305E
FFFB9AA9
000FFE84
FFF7DD7D
0004EEF2
0005D7BC
000028E7
FFFEA72D
0005C3E2
FFFFEE97
000FC632
000C7EC4
FFFA6CC4
000A371E
0003A1B4
FFFECB0E
000D764C
0002FDCC
00049120
FFFC59C2
FFF2F2EA
00090CBF
00030D8A
FFF7BB23
FFFF74D9
00077104
0009BA44
FFFC8BC0
000E308A
000A4FBB
0006611B
FFFD9A8C
0002E536
00023F03
000A2F55
000FB21E
FFF6DC64
FFF6CFC6
00067336
FFFC50C2
000D725E
000B2FD9
FFF84B2A
FFFD04FB
00087F1E
0015D00A
FFF9A4BC
FFFB39C8
00015738
00023D75
00047AC1
000B64CA
FFFDCFAC
0007E8C4
000B796B
000669C5
000C9CC7
0006E20B
000839F4
FFFA47B9
0001AF77
000B43A1
FFF9900F
FFF8DB08
FFFDEDDC
FFFF6E55
0003A241
000CEF78
000F9E6E
FFFE6C1A
FFFC236F
FFF329C9
00013139
FFFE80A8
0006CA84
00007507
FFFA9AD1
0001EAC6
0000E7DE
FFF65DEE
0009A593
00037771
000F3D49
0004762F
00110E0B
000FA3EF
000C2302
00141DE7
FFFF3296
000A5519
000755BD
0008F2FC
00032AAF
FFF9A734
000545E7
FFF882B0
FFFB8041
FFFE6E86
FFFCC6AB
000E6589
FFFAFAD6
000CA0A3
000B67C2
000078BD
000CC6D4
FFFC9D7E
00050C7F
FFF44812
000B26D9
FFF99CBB
0009C1C0
FFFD37D0
FFFA58AC
0005086C
00076811
FFFD9A55
0004482C
00128FBF
FFF977A1
00056740
001427DC
0009B8F6
000A037A
0000B471
FFFD378A
FFFBFD38
FFFF05C1
00068EFC
000378E8
000B1F89
FFF8B165
FFF75184
FFF656B4
0000B13C
00070296
FFFFB69E
FFFBC7ED
000C7162
FFF2C4CC
FFFDEAFA
FFFFD7F1
FFFBE900
FFF20910
FFFAC1ED
FFFB5F4C
FFF7901C
FFFB5D0B
00054013
0004A8CC
000A0294
FFFEACE6
00016C4E
FFFEAD73
00042D39
00097B63
000AA620
FFFA949D
000871CF
FFFC400A
FFEE72EE
0001A3D8
FFF9A84B
0007CFC5
00087BC6
00043DB3
00071A3D
00104DC1
0004C346
000C31A6
000D9983
000C8E5C
0005D000
00027AC3
FFF88EAF
0009F939
0000483D
00067F2B
FFF6CE6A
FFFBF9BD
00038601
FFF9DE49
FFFBE50D
000B1CC5
FFF8C50E
00078E44
FFF37E60
FFF4D94D
FFFC4E35
00066AFE
000AA122
FFF0E6E7
FFFD0B9F
FFFA50A4
00136AE7
000BFFAC
FFFB6E89
FFFDBA14
FFFE3EFA
000658B2
0007C357
000D4BD4
0000460F
FFF97951
00070D32
0001FE1C
00087DAD
00036CAB
FFFFD8D2
0004B539
FFFF5D58
001ACB19
0001EA83
000A8ACA
FFF36F9D
000561DD
000F68E4
00096E04
00036FD2
00012A45
FFF9A7D8
00039005
FFF51457
FFF5DABF
000862AD
FFF56040
00046D38
0008D8A8
0003408B
000817AB
0000AFC9
FFF31769
00075CC4
FFF3CD16
FFFFFB68
FFFF5AF7
FFF68B01
0008A795
00038A82
000BB34C
FFFDCD40
000DDC18
000A5E56
FFF5B2E4
00011D1E
FFFC6965
FFF823A9
000CCC71
FFF9F7CE
000031D7
FFFBE8C4
00036ED0
0005C690
000B958B
00065D36
000162C1
0002C35D
000BAD86
000653C2
0002CEA8
FFFA70F3
FFF37F9C
000850D6
0006A882
FFFD7851
FFF98D8D
FFF40061
00041CA7
0004A65A
00088F3B
000E4000
FFF9B18F
000437AB
000783B5
0002B5CD
00029E95
000415F3
FFF46FB9
0002717D
FFFA8CD5
00038BC3
FFF9784E
0007C082
FFFE2F37
00024D8A
FFF6F317
FFFBB5D0
FFF9640E
000771A9
000B97C8
FFFDB2D4
00054093
FFF835E3
0005B403
FFFB091F
FFFA2371
FFFF6FBD
00012585
000A578F
0009309F
000954A0
FFF33585
000A39B2
000C2395
FFFC2E2E
0002F7D1
FFFB8E4D
0004A71C
FFFCCED3
000BF266
FFF1B617
FFF2ACAE
00071E89
0002E8EF
0001BB6E
FFF9048F
FFFE7637
FFF631EA
FFFA218B
FFFD96F5
000536A1
FFF66790
00045F14
FFF166BF
FFFE25F0
FFFEF836
FFF45415
FFFDEFDD
000A290B
00080A07
0011D5CB
FFFC786D
FFFBBC41
FFF5841F
FFF8BDBA
0004BE22
0006F163
000363FD
000EC701
0007CC43
FFFFB268
0004024E
0001D902
FFF65B16
000556E1
FFF8C644
000D545A
0003409E
FFFEF481
000BBF6A
000246DC
0011B578
FFEE106F
000646F1
FFEE7706
FFE89BFC
0015ED99
FFEF1F7B
FFF117AA
0008A713
FFF73402
0001D79D
FFF9CFA9
FFFD569B
FFF7A19F
000BA12E
FFF65E89
FFF3E4E3
000E094C
0007B6CA
00001FF9
FFFA84F7
00059946
FFFFC9FD
0007054F
FFFE992D
FFF82B99
00044AB9
0006B8B0
FFF26B55
000A2415
000646EB
0006EEFB
FFFDA46A
00081D10
FFF6B9E0
00090D7B
FFFE8C0A
FFF39CF8
000BBF78
FFFC9B48
FFFB20BC
000AD3D5
00054701
FFF29B26
FFF7ABAE
FFFE6A47
FFF704B5
FFFEA99F
00009686
FFFD05CA
000696C6
000CBDC0
FFFCD243
00147DCE
000FC6C4
FFFC337E
0009B3DC
000591C4
000BAEE3
00075428
0009FA16
0012A030
0012334A
0003CF53
000BBC5F
FFFB0CF3
FFFA9DEC
FFF0B64C
0001B004
0001077B
FFF940CD
000EC90C
0007F939
FFFBD8DD
FFFDDA06
FFF3998F
0001DE3D
0010EA8D
000460EA
FFED395A
000ABE78
FFF0E165
FFF3CDC5
0006AD56
FFFA31B1
FFF4C96C
FFED9934
FFFCC39E
FFEEEC1B
0007B113
FFEE1A78
00031452
FFF84677
0008F573
FFF24EFA
FFEFEC4B
FFFD1E39
0003B5C4
FFF3CCE1
000CC813
0001291F
FFFD1713
00112125
0000017A
FFEBEA2E
000F2A0E
FFFFC890
FFF35F0F
FFFFFA11
FFED4276
00219A39
FFF36101
FFEDAF00
FFFF2190
00051A91
FFF24C68
000654BB
FFE9F6AA
FFFECD6D
000271F4
000CD148
FFF6C7E9
000BD584
0004E3F3
000640AB
FFFDBAF2
0001F39F
FFFB7B45
00071346
FFFE1A9B
FFF704EB
0002857C
0005B9C3
FFF579F1
FFFF0687
00054C5E
FFF36BF1
000924F9
00062551
0001D1C2
FFECE70C
00077E25
FFF9E37D
0004C63C
FFFF45AE
0003B003
FFF7278F
0012B94D
000DCAA3
FFF1002C
00020408
00112FF5
FFF1ADF4
0006E390
FFF6A256
FFFB92BE
FFF6EE57
00048C3C
FFF3FED7
0007A16B
FFEE944F
00004D3A
FFF7958D
0000B836
0002BA29
FFFC87F2
FFF3A4A4
00001C47
0001A402
0002756F
FFF5A11F
00019137
000335BF
FFF64329
00120F68
00082FBB
00026F70
000E607A
00162187
000CD272
0012FD2E
0004677B
00024421
000998DD
000A9260
FFF0D525
00086B36
000A51A3
FFF9141A
0003DA5B
FFFE2D11
000E5CFE
000D3464
00003270
000C11F9
FFFC5402
000E4167
0007BB5D
0005255F
00064E74
FFF8377C
0005A3BF
FFF02A9B
FFFA2680
0000D652
0004C7A3
FFFDDCFE
0006DDE5
FFF7A8FD
0000A4C5
FFFCE6B6
FFFE5E82
000BFE91
FFFACF75
FFFF3D29
0006737C
0001A06D
0000FFE4
FFF5E0F6
FFFD0DD9
00008120
FFF29BC1
FFF8E8BB
00090C28
FFFBA075
FFFC684E
FFFA001B
000310F6
0004FAE2
FFFCE14C
000D995D
0009FD0C
0008573F
FFEC8FA6
000E9E55
0004648B
00018FF0
FFFBE9B5
00069168
FFFF7752
000D90A4
0006570C
000D38E3
FFFDE635
000D811F
FFF9BA00
FFFEDE5B
FFF85D7F
FFF62ECC
00090DA3
000736AA
FFF95C22
000A0B79
000322E3
0000FBF6
FFFBBAAE
FFFF6C85
0002E791
FFFD53C5
000ACA5A
0005FC0A
0004BF67
0002FDB6
FFF72D85
00134AE3
FFFA61FF
FFF61E06
000C3B99
000639AC
FFFB36E0
00028B65
FFF1AE20
000FC482
FFF5BB00
FFF1D0AD
0011EA2B
FFF9A46E
FFE82818
FFFAA2E5
000868C8
FFF9D353
000513A4
FFF0D36F
FFF2188D
FFF56658
0005E9D4
FFEB7312
FFFFEAC5
000115BB
FFF8C97A
FFFD8F7C
FFF534B0
FFF532C2
0002D00E
FFF99995
FFFDE763
000E838C
0001D9A6
FFE8DD2E
FFFE15BA
FFF6F0F7
FFF106FD
000F9C3A
FFFC5AA7
FFEDBA75
000385A1
00030757
FFF09664
000697F9
0006C5D6
FFFC6C1F
FFFEF38C
00033223
FFF63F0B
00025E1C
00060EF8
FFF811EA
FFFB2956
0004CA75
FFFA2A2A
000D06C0
0003DD66
FFEF62D3
FFF6426D
FFF3E0F6
FFF1B9C7
FFF7EDB2
00008F48
FFF9F6E2
FFF3D982
000874F3
00025E86
0001B3FD
0000A900
FFF37760
FFF7AD3F
00017EAD
FFF3E818
00094191
FFFD504F
FFFA6EDC
000D3CA8
FFFE3FCD
FFF160F4
00040C67
FFF61BB7
FFF4F07C
00058D6A
FFFC20DE
000177F5
0007D0BB
FFFB8EE0
00055536
000235D5
00067955
FFF6852B
FFFF02FA
00031FE4
FFF279AA
FFF9D3BE
000CE237
FFFF6A1D
000AB512
0008E118
FFEF7C15
0001AFD9
FFF3A56D
0004FB1E
FFF83E30
00002BE0
0008BEB9
0008C001
000AECFF
FFF50A94
00090AB9
000910DB
0003A642
FFFA5788
000A143D
0007C90A
0005EF07
000B4660
FFF86D70
0001021A
000326BC
0005AB8B
000FBCA2
FFF679C3
FFF9B0DA
FFFB947A
0006B044
FFF68BD1
FFF08255
FFE7B43E
FFF0EA9B
FFFA6AC5
FFFBBC0E
0001E5A9
FFF688D3
0011D6E6
0000FFE0
FFF13704
000B0FCA
000F62E9
FFEF926B
FFFAC531
000013C9
FFF82284
FFFEEB26
FFF9CB8E
FFFA9144
FFF435CE
FFF668CC
0001DE20
FFF87511
FFEE5A6D
FFFC4372
00097C5D
FFF61B91
00110DAF
FFFAF367
FFF48514
000106F7
0001AE79
FFFE91B2
000DD7E0
FFFEE789
FFFE4F64
00085DCD
00049BD9
0000287B
0008DB23
00042B72
FFF817F6
0009F9CC
FFFD6C23
000493DB
00006335
FFFA339D
FFFB8A30
FFF3C719
0009A462
FFFC50AD
FFFDBE84
FFFD12D3
000001DC
000096EC
000A76B3
000025BD
00040764
00021C21
0004F23D
0002245E
0001B270
FFF5956D
0004BC71
FFF5B2E2
FFFFE124
FFFE3F60
FFFCB0FF
00015BF9
000C2E23
FFFCACAF
FFF9F613
FFF9BB86
FFFCA405
FFF720C7
0001E73F
00094BD9
000DC61B
0007250C
0001CB58
FFFF27E3
001018EA
FFFA0AC2
FFFAB7C7
00069964
0011B4CE
0002EEE3
0005490A
0003688B
00080AC6
0009A851
FFFB8166
FFFD846E
FFF65591
00078342
FFFB2103
FFFDAA92
0004328B
0006D4EF
FFFE9462
0010C6A2
FFFC3577
FFFD8743
0003D334
FFF59318
FFFB923B
00001B07
FFF268A0
FFF96923
00034CDA
00072C6D
000A4F7C
FFFD956A
000C3125
0006DE8D
0001A363
FFF8EBC1
0004C51F
FFFD0506
00074789
FFF641E4
FFFE9807
FFEB5210
FFFB377B
FFFC6043
00029673
FFF65E57
0007C727
FFFB0405
000D7443
FFFB37B8
00071591
FFF7C7CC
0019B69F
001390A6
FFE51988
00103F8E
000053BF
FFFDB290
000896BD
FFFFEFBC
00081F16
0000DCA0
FFF96C3F
FFFBF78A
FFFE4172
FFF9E1CC
0000BA4A
000C229A
FFF17330
0002B1C6
000A0EED
FFF54521
FFFF8DC7
FFFF653F
FFFDB101
FFFC794B
0004CB72
FFF62878
0002B950
FFFFADC9
00073DAF
FFF422D7
0003CFAF
0007266B
FFF4457A
00040302
FFF779FC
FFFCBFE8
FFFCD8EF
FFFA3130
000A2E7B
00015FCD
FFFC85C1
0003ADB5
00019844
00001ED2
00027D73
FFEC0E3A
FFE400C1
00081643
FFFF6629
FFFC08D0
FFFB3229
FFF9EEF3
FFFED111
0003B6CA
0001F9A9
FFFE8535
FFFAFCC3
000223B1
FFFEEF3F
FFFBAB48
0002897C
00014BD0
FFFC8169
0000AF33
FFFDD77A
000671BB
0001253F
0001B29B
FFFFE5A9
FFFFD904
000045F6
000567FE
00029C12
00033D43
00006E90
0001E79D
FFFD460F
FFFFCD20
FFFEDDAC
0001ACE1
0002DD18
FFFD8927
FFFD4E08
00037EEF
FFF95FF3
FFFE24B7
FFFF4D1A
00038386
00033741
00035AE3
FFFED99F
FFFB2B50
FFFDE9B1
0003D02C
000041BD
0002EF52
00008A7F
00054A78
0005759D
00018635
00062E68
0001AA0F
FFFE9ED4
0000FFBB
000646D7
FFFC79E7
FFFC2EE7
FFFA63F9
FFFAB436
00016AC7
0001406E
FFFA93F2
000115BC
FFF90F71
FFFFBAF0
0002A924
0003CC56
0003FD69
FFFED156
00068514
FFFD946F
FFFCAC25
0002FB3B
FFFC052D
FFFC5D27
FFFDAEFA
FFFB683B
00027477
00059216
FFFED911
0003E448
0002F210
FFFE16DE
000325B7
FFFE289E
00020D0A
0001BC50
FFFFE8CB
00005847
FFFAF3F3
FFFCEA53
FFFD23A5
0000B0B6
0007221D
00000337
00046F17
0005137F
0000E74C
FFFF35C8
000157B9
FFFF3AD0
FFFEF0D2
000578D5
FFFEA7EB
0002F6AE
0005A56F
000059F6
FFFEE99C
0005519D
00062E45
FFFD4F34
FFFA2816
00028B49
FFFF3A89
0002BFC0
FFFF083B
FFFF60B8
FFFFA752
00023144
FFFEC4C7
000075DA
FFFC466D
00042566
0006D823
0004602F
000226FF
FFFEBBCE
00018F48
000486B2
FFFF7B14
FFFCBE44
FFFE66D8
00017356
FFFB12FC
00038F67
00060063
FFFE4C13
0004766F
0003A2A0
00033D7D
0000C85D
0006761C
0004A8BF
0001E68C
000300FD
0002DA23
0000CAB1
0003DAB0
0002C116
00017E86
00063F57
FFFE5408
FFFA7831
FFFE08C5
00036548
FFFF106E
FFFCF7EB
FFFEE363
0006365B
FFFFF682
00064BF2
00027689
0000D0F7
FFFE2013
0002277F
FFFB0F4C
FFFA6291
000383FB
00030484
FFFAA169
FFF932D3
FFFFDA20
00014265
00024AF3
000592E3
0000CF04
FFFFA338
0004E016
0005F37C
FFFEB68F
FFFD3233
0001B5F5
FFFD832C
0005E0C8
0001731C
FFFF9DDE
0002C552
FFFD6EF8
FFFEAEBA
0000E24A
0005B8D4
FFFEB5FE
000244AD
0003ABC5
00042402
0001204A
000337F0
FFFBE555
FFFDD8EE
FFFF8AF3
FFFEB2E0
00029B20
000327C0
FFFCA323
0004C61C
0002CDBD
0004BC62
FFFB3E49
00024F8E
FFFE7D7F
FFFE6707
0004073A
0005DB37
0008367D
00035D97
00035179
0001A17E
0002C3FF
00031793
0001D79C
00016BAD
00014D5A
00054560
000422F7
0001C566
FFFBBEC0
FFFF0705
FFFF5498
FFFCB897
FFFC9D25
0000B37C
00023700
00039C09
FFFAA96A
FFFF380B
FFFA6706
00001113
000094D4
0001AC04
00014591
0002C566
FFFD3D2D
FFFEB617
0002981C
FFFE4C99
00009D0F
00056475
FFFFCBCC
000434FB
000040C0
000451F8
FFFD5585
0002020D
FFFCE237
FFFE8A21
FFFB9C83
FFFBE738
FFFF5AA4
0002D51D
FFFD49A9
000261B4
0001A73E
FFFF4796
00021101
00027C38
000183F7
00043E46
000236C4
00065171
0000C9A4
00039B13
00028E7D
0007D370
00016A35
FFFFF8EB
FFFE2BA0
0004E571
0005B9C5
FFFEB490
0001F697
0000BDA7
0003A274
0001D618
0001FE6D
FFFE559A
FFFBF2C2
0003FFE1
0004C786
00003F12
00012C96
0003ADB6
FFFFB336
FFFEC6A2
FFFD2352
0003E6B4
000533F7
FFFEF93A
0000F52F
00015456
00013332
000420A5
00003468
00035AB6
FFFC7D5A
FFFC34D6
0001E4D7
0000BAD1
FFFE0A05
FFFE9DAF
FFFE4DAA
00027893
FFFCDF00
FFFFC50F
0001CAAC
00005434
FFFF3121
0005148E
FFFCB0D4
0001D661
0004B36A
FFFF55DC
00041357
00008338
FFFE0DE2
00006D75
FFFDACE5
FFFD94FB
FFFFA862
00047F94
FFFECBD4
000219A1
00041810
FFFFB8F4
000182B1
FFFCDA8C
00060B25
0003DA15
0007E0B6
0002125E
0002A5BF
00035854
FFFC5A10
0000EF93
FFFF6CF6
00038B71
0001C6B7
00000B80
000751DB
00015E7D
00049016
FFFE7899
FFFFAFEA
FFFCF174
00048EFA
000294FE
00040BFA
000458E2
00029358
FFFFA9A3
00064193
0007EA8D
0001B03A
00064BB0
0000B212
0007546B
00067549
FFFE3AA3
FFFF7A00
0004D45C
000503FA
FFFF0329
00043246
00007088
0004D274
000491B0
00033FB0
00049AC0
FFFE4FC5
0002FB31
0004F9F5
FFFEBDE6
FFFCAD88
00004653
FFFC8F37
FFFBFC1D
FFFA637E
FFFAEEB3
0002350B
FFFD782D
FFFF7CA0
0004D36A
FFFEB79D
0002BCEA
000423DE
FFFFCE1C
0001E8A3
FFFF4A1C
FFFE49A4
FFFC9581
00028359
FFFED4CB
FFFA3FD9
0006F280
0000E7C1
FFFBE966
0005548B
FFFE9884
00025703
00031631
0001BBE1
00010BAE
00057560
FFFBDE50
FFFDE235
FFFEF194
0002A6C3
00023652
0000DF72
00022664
00009784
FFFCCD8B
FFFAD3FE
00013B88
FFFEEF2F
FFFC8C3F
FFFFCD02
0000B7E3
000592D6
00017796
FFFEF995
0003BD89
0007B4BF
00034115
000125A1
FFF991E2
FFFAE1F0
FFFF9261
0003D2F6
FFFD26F6
000260AF
0000B939
0000706F
0003EC90
00031089
0004CC78
00031EEB
FFFEC4B7
0008C0E0
FFFF81B0
00020538
00040985
00063994
0001E5B8
0003E9C1
00064547
00070565
FFFCE90C
0000A250
0004F995
0002FB95
0001F8E9
FFFF8607
FFFC0DC2
FFFF562F
FFFF6D7F
FFFE0FEC
000034BA
FFFF8818
FFFD6210
FFF80163
0003D1C6
FFFDBD8E
FFFBECEB
FFFFBBFB
FFFEAD57
FFFEE6A3
0004C787
0001AACB
FFFD4E89
FFFD84D2
FFFECD6C
0004A598
0004DA20
FFFED43E
FFFED994
00063C9F
0005336B
FFFDCD1E
00033E36
000274DE
0001F16A
0001EBEE
0002DD9D
FFFE2DC1
FFFE2D2C
FFFFB4E2
FFFE3E8E
FFFBAD59
000132AE
0002DF15
FFFA7C45
000001E7
FFFB013B
0000630D
FFFC9D2A
FFFE9B25
FFFD2CE8
0003FF24
000181FB
00008C03
0006882A
FFFD4E94
FFFC8A0D
00072CCF
FFFD0CAC
0006012C
FFFB3655
0003901F
000109FA
FFFDE7D0
0001E2A8
00019DBC
00030BEA
0000F2D0
0001CCD3
FFFDBAD3
0000A7E3
FFFC9D16
000158ED
00026C37
000170F7
FFFDDC04
000779BE
000129F4
0003C153
00057202
0002302C
FFFFA7A8
000131F3
0004E365
0005E5B7
00033029
00037745
0000A28C
0004ADE1
FFFD566C
FFFC6BF3
00038F99
FFFD0338
0000BFE1
00029F62
00017A9A
00038013
FFFC14F1
0006640D
000753EE
00056C6A
FFFC2CDF
00035B04
FFFCA464
FFFFA445
FFFF7B9E
FFFAF123
FFFFF664
FFFF8C48
FFFEF1F1
FFFD6C72
000407F4
FFFDA4D8
FFFE753C
0001CEA6
0004045D
FFFF6F49
FFFE2ED4
FFFCD453
0001FB46
FFFF556C
000305A6
FFFFD57E
FFFFDF37
FFFE1EB3
FFF60016
FFFFED23
FFF8B625
FFFA707C
FFFF80A6
0002CE60
0004FE3E
FFFC214A
00064698
0007D637
00069C20
0000B066
00017FC8
0005DD4E
FFFD5371
0007474C
FFF83B45
FFFEC0AE
FFFB87DF
FFF7B157
000625C0
00002CB8
00039858
000508BB
FFF7A172
00011C43
FFF9FCBE
FFFB7492
FFFF5BDF
FFF77A31
00018971
00068509
FFFDDCE8
0005CE42
0002EFD9
FFFC00A1
0000D5F0
0007DD84
0004569E
FFFB781A
FFFAABD5
FFFB413D
00078C5B
FFFD4EC7
0001F0AC
0009D1D6
FFFC426B
FFFB10C5
FFFF3A8B
00086311
00032698
00043CAA
0000ED85
FFFF7CB7
FFFFF80F
00086459
00066D2A
FFFF7A52
FFFF2FDC
00080986
00019EE0
FFFC405F
FFFF1808
000428D6
000935FE
FFFF9093
0003C3EA
0008A4F3
00049E48
00033F02
00043641
0002C6AA
FFFD2B8B
FFF66B4D
0001432F
00009901
0002F510
FFFE62A4
0002DB6E
00055B00
FFFDABFA
00022D4B
00004989
FFFE53CE
0001AB5B
0003ED53
00000940
0005A3C7
FFFC8785
0001A53B
00008B87
00039B0F
00068FF3
0004D62C
0003E19E
0000EADF
0000EE5E
00062F17
00002191
00063F70
00039659
0006A5ED
0008BD33
00068698
00035197
FFFC691C
00042783
000091C6
FFFC6100
FFFEC178
FFFA81B3
0004539E
0004468D
FFF79D01
000CB1B5
00012D48
000755D7
000A9429
FFFEB095
0002F0F4
00055CC1
0007754C
0002D5E5
FFF5AF51
00019BE6
000421AA
FFFDDE2F
FFFEDB2B
00031267
FFFB879A
00002413
00085488
00064AF6
FFFD61F1
0000E034
FFFD983C
FFFD0FAF
FFFE0478
FFFE256F
0004EB24
FFFEE18B
00070511
00001B1B
FFFD4357
00006BF5
FFF7BBC7
FFFEEC6E
FFFAF1D3
0001C4C3
FFFE2242
FFFD0F0D
0003B057
0001FBFE
00023933
00074036
FFFCE91D
00017C31
0004362D
0005315A
FFFD16D1
00068009
FFF64EAE
FFFE93DE
0003F41C
FFFB98F6
FFFDE615
FFFBFF98
000224BD
0002FBB1
FFFB8DC7
00035D6E
000640CB
0006B61A
000025CA
0004F7E4
000B1E0E
FFF836A6
FFFFD9B5
00034408
FFFF55D9
00021ACC
FFFF4848
00020634
0009850A
00041798
FFFB82CE
FFFFD011
00008594
0005480B
00088D7C
0002C8C0
FFFBBAA4
FFFF8A29
FFFE566D
FFFB9F04
00006E91
FFFBF69E
FFFB64E3
0002C551
0004B8A5
FFFD0018
0004AD55
FFFA37FE
FFF9E3C8
FFFE73F0
FFFA100D
FFFD3D23
FFFFEB9A
0007BB42
FFFE2241
00044343
FFFAB08B
FFFEBC54
FFFA93AB
0000DA0F
000456DB
00012C13
0001E68B
0000DC79
00046F85
FFFBA9D1
FFF92C8C
00021C25
FFFEDFEE
FFFF2A26
0003D15B
0003630E
FFF5F6D3
0000F56A
FFFD7A46
0005BE88
00078293
FFFD238A
FFFDF35C
000307E0
0004D084
000330C5
FFFFBAA7
00047A48
FFFDA0BF
0001DFEC
FFFE4CF1
0001C7FC
0005EE51
00012580
FFFD7160
00032F36
FFFB3657
FFFCC69D
000159BB
00011387
FFFAEC42
FFFF8E14
FFF797C5
FFFAF180
FFFF1833
FFF52A64
00007E3D
00063EC2
00034D3D
0006A18A
FFFD1FF7
0002D816
0002F095
FFFD038E
FFFD38DB
FFFCA86B
00007F44
FFFC89CF
0000C1FB
00004067
0007812C
FFF2C403
FFFE3D41
0006537B
FFF6B81B
FFFAB6D3
FFFCC477
FFFEAC0C
000568A4
00006C44
FFFCF509
FFFE7572
0000A0CE
FFF9B255
00034AEE
00040227
0001477E
FFFC0BAD
FFF66088
000837E2
FFFA9AEA
0002989E
00037B8A
FFFB2406
000123C8
FFFC4671
FFFBC74B
FFFAC757
00027F49
0002F002
0001B434
FFFCF23C
00047DC4
00020B0B
00002638
0002EC34
FFFAA968
000775D5
FFFCE905
FFFB9BA2
00056402
0001DFA6
0001F8DB
0004FEC1
FFFECBC6
0003DB90
FFF9C384
0006C78E
00001EE2
00028DA8
0002E27A
00012323
0000D4D5
000A5072
FFFFA845
00021098
0004EE2D
FFFEF127
0003AA31
000520C3
FFFE709F
FFFD5D4E
FFF8EF52
FFF8423B
FFF9E3FE
0003D543
FFFDA46A
00020342
FFFBCF52
FFFF6A1F
FFFC5BFB
00081B7E
000B5C58
FFFD8A32
FFFF846A
FFFFB1E1
00043370
FFFADF7B
0000C9F3
00057313
FFFC3B11
FFFBB577
FFF8D73E
FFFDC9B6
FFFC7E0F
000471BC
00016E4F
0003DE7F
FFFCFEC9
00021C53
00068596
FFF94D64
000306B2
FFFAE9EC
0001B155
00031E1C
0003E4F8
00033878
000561D1
FFFEC199
00052AA3
FFFEECC1
0000ADF0
0000C10B
0005F7D6
0002EC07
FFFB21AA
FFFF88A8
00046CE2
FFFCB891
0003D846
0006BF9E
FFFCE04F
FFFBDF03
FFFAAD46
FFF9BDE3
FFFEBDC5
FFFC3ED1
FFFEC883
FFF9EE92
FFF7016B
FFF9BFB6
000494C9
0005BF78
00028B96
FFFFD2E8
FFFE0801
FFF9FA4A
FFFFDE8A
FFFD391D
FFF91855
0001B745
FFFD10F5
FFFCD1CC
FFFCE0DD
000054AF
FFFFD28B
00020BF2
FFFCDA56
000379ED
FFFB044F
00044581
FFFC082B
FFFE5961
0003A624
FFFB6144
0002190F
00021330
FFFFD837
00021B8E
00003EC4
FFFEC435
00091932
000AA113
FFFFA6E4
0000F25B
0003CD4E
0007A857
00000392
00065058
FFFF1271
FFFE6E0A
0006C258
FFFF7A2B
00032424
FFFC7A35
000464AF
00015441
00016E34
0006C7EA
000508CC
FFFDF827
000A3F9C
000488FE
0005A457
00053E89
000623D8
FFFF2477
0006A637
00043FB6
00090886
00056543
000840A4
FFFEEC5C
0002FF45
00040A9F
0004A58D
0004BFC7
FFFDB17C
FFFFECA7
000736ED
00019360
FFFBC87E
FFFF1C84
0001D1E8
0004FED0
0005D4F0
0008EDE6
00079003
0004149C
0002D2A9
000AA1E4
0002B388
FFFF8FA5
FFFCFD01
FFFA55E5
FFFD9469
FFFCFA19
00032ACC
00011E86
0000A11A
0004FE4D
FFFC916F
000861DB
00067033
00068373
FFFFD611
0005D40D
FFFB58CC
0001BDCF
FFFEB224
000367ED
00059070
FFFB5AC5
00013125
FFFECF0C
FFFD9A85
000173B8
0004EC4C
00037F6A
0008C56F
0001F366
0000CA36
0005D4E9
0006F218
0006CFDF
00075B85
FFFD7D50
00052352
00033BE2
00008B1E
FFFB4739
0006C2DA
000265F7
FFFB0859
FFFB907C
FFFC8CA4
FFFD7391
0001F65E
00001CDA
00003EEB
00043A6F
FFF75C7C
00079CF3
0007E002
00033912
FFFC7406
0003898C
00090700
0000CEC6
FFFE0A18
0003A86E
0001D434
00098655
0008675A
0003652B
FFFEC4AF
FFF7DC49
FFFF7F54
00044296
00011754
00001FEC
00025DD2
FFFD7763
FFFF5A6E
0008979D
00075A8F
0005EB69
00040EDF
00062BE8
FFFF842D
0009C947
00002A07
FFFC7B73
000309C3
FFF6E0CB
00012FDA
00013A52
FFFEEC4B
0004608C
FFFECBD2
0003112C
0007A335
0004BD2D
000246F0
0003FBA5
0001CB6C
0005F5FB
00029835
0003ECFD
00069B4E
FFFC6D2D
FFFD10A8
00045C94
00044410
0000584D
0001108B
0000EB21
00011954
FFFE31B0
00034585
FFFD311E
FFFD6D4E
FFFC686E
0001B56F
00061DBB
FFFF6AD9
0005E1C1
FFFCCA24
000485AC
00070987
00030438
0000CBD2
FFFF949D
0005585B
00028CAA
000451AF
0000FE16
FFFD4B2B
00044118
00051B56
000197BA
0003736B
00038393
0000A7D6
00040579
0000DAE3
FFFF5F70
000260F3
FFFEEBDE
00027047
FFFF457C
00020651
FFFC33A1
FFFD50B2
0004F51F
FFFC0752
0002C732
FFFF505F
0003D340
0003D81F
FFFEAB15
FFFCA739
00048F70
00043F84
0000E3A5
0002E8AF
FFFCAC55
000028C2
FFFE2080
000126A6
FFFD0023
0004C6D2
0002077D
00023B3F
FFFFB1D1
FFFF571E
0002F691
00061B2A
FFFE90D0
FFFED8F0
FFFED166
FFFF80E2
0000D2B8
00033FC8
FFFDFD45
FFFE1AF3
FFFDD649
FFFF00E5
FFFDBCC1
FFFE4992
FFFF9634
FFFBD4F7
00008337
FFFD28AC
00017FA7
00068BFE
00008809
00033153
000168CD
FFFCFA32
FFFD9CEE
0000D6AC
00016A56
FFFE2788
00035C0B
00062AC9
00031EA4
FFFDC3DB
00010FEC
00012110
000556B6
0005CE6C
FFFEC78E
FFFFFC60
00072C93
00005A78
000062D4
FFFFAC09
0003D196
00013433
00005F99
00000CB7
00042EFA
000139B9
00001A4B
FFFE725D
FFFB9E4F
FFFBF656
0006D378
FFFD7ED3
00020D58
000553B0
0007E20A
0003125F
00008599
FFFF5BE8
00039260
0005AEDD
000219D5
000740FB
00011E0E
000013DC
FFFF8BE9
00035CA0
00081CA5
00036773
00042611
0003A4F6
FFFEDBD9
000353D3
00064F21
0000E5F9
FFFFA658
FFFD9296
FFFEFD42
00035EDD
FFFED92C
0000BBDD
0003B2C6
00062ABA
00016DC7
FFFFBB76
00066FDB
0000F61D
00035437
00051E51
0004A631
0005473B
000267C4
000177F2
0005F2A4
000032D5
00037E98
FFFFE5C2
FFFE39D7
0000273E
00038112
FFFB2D45
00035744
FFFC5AB3
00018723
FFFF3B89
00032024
00039A50
00020261
0000940F
0003C57D
00028A58
000548C7
FFFF1C88
00015D57
0007967B
00056BDF
00006F68
0004215D
FFFFE24E
0004200F
00005035
000624DF
00011429
0001C63C
FFFF1382
FFFCAA01
0004CEFF
00013D4F
FFFFFA2C
0002F94B
00047D30
000387C8
00037FB5
0006A278
00054C7A
FFFF010B
00015782
000029F8
0006426C
0003565F
00014111
FFFE7C21
0003AFE8
FFFCA5F0
0005D3B8
00031337
0003363E
0000B507
000270FD
0004E38B
00007752
FFFFF154
FFFBED4B
FFFFADF9
0005BBA8
00047333
FFFE091E
FFFD9F49
0006C877
FFFDF977
000556E4
00036C09
00048506
00007A94
FFFEC9F9
FFFC69AA
FFFE594C
FFFDF1AD
FFFDE890
FFFE05C1
0003E87B
00032395
FFFFE555
FFFE62CC
000013E8
0002A9B9
0003D248
FFFC1783
FFFC0F66
FFFFDD75
00036B1B
00041788
FFFC8A06
0000E141
FFFDCB78
FFFFD279
FFFEDD2D
000297F9
00000676
FFFB31CD
FFFF92FE
FFFF5440
00066D98
00046EAD
00015422
FFFD25EE
FFFDFDCB
FFFCCABB
0004C699
FFFFF432
FFFECF71
FFFFF501
0004378D
FFFF5108
00022877
FFFAAAA9
FFFFD023
FFFFA893
FFFFCB68
FFFF3815
FFFFBB38
FFFBD8DE
FFFDC35F
FFFE4078
FFFDC3A5
FFFDAB39
0002DD19
00029BB7
FFFD30DF
FFFF9D99
00042AEF
FFFD346C
FFFF440F
000546A3
00039F3C
FFFC8F8C
FFFFFE49
000326A0
FFFFBC93
FFFF6DDD
FFFCBF5A
000502D5
00031291
000496FA
FFFC30F7
00015D7B
FFFA964D
00005CD3
0003E449
FFF99754
0001A6F2
000556E9
FFFC6F69
0003AED2
FFFF0230
0003ABED
0002577C
FFFED88B
FFFF5E25
FFFF74C7
0006BEE0
00067690
000373C1
00023D0A
0004BA07
FFFED5E5
0001F2D0
FFFE53A2
FFFEE73A
0001CFD4
FFFF434C
0001863A
FFFFAF89
FFFE82C1
00041C4F
0001BC56
0001BEAD
0000B5B2
0000D6D3
FFFFA343
00051A85
0002C817
FFFD651F
0001BAC0
FFFFE784
FFFBB4C9
0000995E
FFFD82C2
00020447
FFFFBCF0
FFFCDBEF
000067F4
00050ED1
0000BA5E
FFFECC20
FFFDF174
0001337A
FFFE7A21
FFFDDD65
00027C52
FFFD5D1A
0002D6DD
00030EAC
0001D3B7
FFFF30C6
FFFE4D78
00020777
FFFF843A
FFFEAC05
00009F5F
00001954
000198EE
FFFD43CD
FFFE516B
000147EF
00023DD4
00020327
0001E652
FFFCC9CE
00058785
00068394
FFFCD639
00030093
00016103
000104D7
FFFFC0DF
0003DA8A
FFFD6149
FFFF02BB
00041DCE
0001EBD0
FFFDFA7C
0004F48E
00037C72
000151CD
FFFB7407
00001337
FFFE3407
00010947
FFFC9929
000355E9
0004799F
FFFC6382
FFFF8F0D
00002672
0000F0CE
0003A698
00062D4E
000007CE
000171B6
0004C7FB
FFFE02EC
FFFFFF5F
FFFC5B5E
FFFF58F9
000397FA
FFFDA3D8
FFFD0403
FFFEA0C2
FFFCAAE7
0004364E
0005E6E8
00023405
FFFCB3A6
0004976D
FFFD55B1
FFF977A6
FFFEF7B0
FFFE6AA3
0002EE41
FFFE269A
FFFBC48F
FFFDC24A
00024710
FFFFC024
FFFF4D60
FFFFA530
FFFEA9EC
00026D84
FFFE8E4C
FFFE777A
FFFBC101
0003774E
000544B0
FFFED521
000269ED
0005C990
FFFE7812
0000E010
00065E62
FFFFC79C
00037E6B
00084278
000176FF
FFFF06A2
FFFFACA8
0003522E
00029FAA
FFFBD325
000003B1
FFFE59BA
FFFDBA3C
0001FA52
FFFF7988
000181E2
FFFC0C31
0001B9B6
FFFE136A
00023694
FFFF5C3E
0000FC11
FFFCA5DC
0000CAEB
0005611C
000051EF
0001B603
0003F8DA
0000D9FA
00081BF0
FFFDCD8D
00052C3C
0006D543
0005B5AD
FFFEE36E
000473CA
FFFFDF92
00004947
0004C5E3
00010569
00006B8D
0005CD6E
FFFC7D2F
FFFC2A59
0000F79A
FFFDA215
000095E3
00015868
00005A75
00003441
FFFD5A3A
00023121
FFFC8742
0001AEC4
000022CF
FFFF037A
FFFA5556
0000CD9C
FFFE970A
00011853
000340A9
000020EB
0004DB4E
000227E9
FFFE52C3
00003486
00053B95
0000957F
00029C74
000197DB
FFFD44A1
FFFB880F
FFFE0AE6
FFFF40CC
0002B923
0000F36A
FFF868B5
FFFD793C
00019DA5
FFFB539C
FFFF9E2F
0006160B
00003223
0003BD33
0003A61D
00005582
000375C6
FFFE95D6
0003550D
FFFD3D0D
0002DBD9
0004DE45
000853F0
0002B38E
FFFEF18C
FFFE9763
000070B0
00027AD5
FFFF4FE6
00003BAC
FFFB7EA6
FFFCDA84
000200E2
0001DB21
0004292A
000416CA
0003C6B1
00001E10
00060FB8
00032370
0003D2DC
FFFFB0FC
FFFF738C
FFFE8318
FFFF8C2A
FFFC23E4
000295C9
FFFE0D16
FFFFD8E0
0000D3A7
0001F0B0
FFFDDC1B
FFFEA889
0001D0C7
0004B80E
00067E0D
FFFF7C1A
0002BA4D
00043933
0001E11E
0003597C
FFF698BF
FFF7BFCB
FFFB476A
000757C2
000046FE
FFFC1077
00007FA8
0001A32B
FFF93CF9
0000A076
FFFC2BDF
00069771
00067FAE
0007AEB4
FFFF1E69
000F896F
001344A8
0014FC6C
FFFD0420
FFFCD920
0000A950
FFEE39E5
FFF3443C
00048DDF
0003CC21
FFF65B5A
0002F788
FFFA5DE7
FFFD0CC1
FFFD4067
0007F885
FFF6BE45
0006DB80
000BDD3E
0005621D
000F9E3C
FFFD7B1A
0001A7A3
00095692
FFFE1436
00043BAC
FFFAA503
0003D4C9
FFFBFB77
FFF19846
00078B11
00016EC4
000217DB
000C7339
FFFE83AA
FFFD9FDD
000F81E4
000147BF
FFFAB129
000BC348
00015CFC
000B495E
0005B81D
FFFA0EC5
00119640
000392B0
000A61BC
0000F65D
FFFB6C47
00010ABB
FFF394D4
0004931A
FFFD0C95
0003FDD6
0004349F
000F19DB
FFFC2881
FFFC5797
00013F29
FFF200B6
0008CF05
00083006
FFF7E61E
FFFCF437
FFF80AFF
0002E3AD
000A407E
00030213
00091DDF
0003D70B
FFF4AA7E
0008E6CF
FFFD747A
FFF78747
0001B519
FFF9D4F4
FFFA95A1
FFFCFFD7
FFF54286
000A8812
FFF9CD1E
FFEC2F6E
FFFA3724
000F0420
FFF4F116
0005A821
FFFE0B29
00018795
00083C56
0003AF6E
FFFF1623
FFFDE162
0010ABEB
FFF46364
FFFF7E5C
000F2577
0004051F
FFF8B9B2
0005C79D
FFEFE934
FFFA280C
FFFB4B4B
FFF7ACF8
0007DB19
00002A03
00035278
FFFDB3A6
000F1CAA
FFF59906
0009324D
000460AD
000757B2
FFF9148E
000B7E2F
FFFE41C9
FFFBAC03
FFFA4FCA
000440F3
FFF9DCD3
0001E838
0000B314
FFF1987B
00066893
FFF325F8
FFF08CD2
0004BE39
000280ED
0009BFD5
000D9FB3
FFFE3686
000A6DDA
0000099F
FFF24B20
000EDADD
FFFBF39B
FFF0107D
000780FA
000C6B66
FFF18B60
0009062B
FFFFB9DB
FFFEAFB8
FFFBCAAC
FFFECA05
00020F7D
FFF5C8B6
FFFBCFA6
FFEF8327
0003D540
00051697
0004FB7D
0001A208
FFF70248
FFF68646
000BE6E0
FFFB3449
FFEF6216
00048E08
FFF7F598
FFF878AB
00001EBB
FFFD7EEF
FFFD3550
FFFF27A5
FFFF3200
FFF32110
FFF5BCFE
FFF82BE3
00012CB8
FFFD43BD
00051012
FFF85D35
FFFD0BEC
00093761
FFF0AF2B
FFF7B458
0003A47F
FFF83CFA
FFFE7E28
000D83CA
FFF6BC3C
0007167D
FFF7E8FA
0001AFA7
FFF7CBFE
0002E4D9
FFF4D7CB
FFF850F1
FFF40115
FFFECE38
FFF516FF
0000DB0E
FFFE5096
00068752
00061871
000B865A
000CD149
FFFA846E
00108FF9
000A23DB
0005D002
FFF03FB4
000182FA
FFF7009D
FFF422DB
000C6BE4
FFF10B40
00041A87
FFFBD7BF
FFFAA15F
000EB464
FFF50E78
000EFF1A
FFFFAAFA
00032544
FFFE4C3A
000564CF
000EBC6E
0001907A
000BD167
0000E171
00008059
00040E56
00020A64
000CB4F0
00041F89
00058AE3
FFFD7E34
FFFDBBFA
0007A3CE
FFFE7839
00032243
00098A34
FFFB11FC
FFF72517
FFF2F96F
FFF51439
FFF9CF6C
00135BFE
0006D238
000468AC
FFF39A60
FFEF3BE1
FFF233D8
000B70A9
0013E940
0010C708
0007B5F2
000A1017
FFFA40F2
000AA2C2
0010ED4B
0013A741
000B9CC7
000B5C68
0003E8E3
FFF3F35D
0006461A
FFFFDC4B
FFF91E54
00079C16
0001FD88
0001FFBF
000351CD
0004B915
000F88F9
0011296D
000FEE75
FFFABAD5
00021256
FFFA7B78
FFFACE9D
00154F72
000A7844
FFFC6E25
FFFBAC16
FFFB536A
FFF26738
FFFEB725
000CE271
00025E1B
00105D5B
FFF5F6ED
FFF6A60F
00056482
0006CA19
000161A7
FFF864AB
FFFEF6F4
000A603D
000402F0
FFECCE5D
FFF968DF
0009DF2F
FFF2EACC
FFFF5F7F
000E807C
000CFAC0
FFFCC50F
FFFB8B1F
FFF846EB
000B4C22
FFFD0984
000DB082
0000F5D9
000319D7
00053C7B
0010466D
000FFCAA
FFF700A8
00008293
FFFFC3F0
FFF877E3
FFF95DC3
00089EB8
000B51EE
FFF5BC00
FFFB8A9E
0001E7FD
0002761A
FFF69837
FFFD2D46
FFF065BD
FFFDD74F
00014D45
0001AE22
0009EECE
FFFE2181
FFF4F2AE
00026151
FFFEDC7A
0000C297
FFF06EFD
FFFF644C
0012798D
FFFFD270
0007C9C1
0005BFEA
FFFCE508
FFFE1E49
FFFD5E89
00041E5A
000E2F07
000B6CE6
00042D08
0004B1C0
0001CC92
FFFC0955
FFFFBDAE
FFFAA3DA
FFF80C54
0003C423
FFF6C2FE
FFF75451
FFF5F404
FFFA9287
FFF9AB07
000182D7
00055328
000639D6
000222C1
00042BA2
0004FBBC
0001E919
FFFF0C58
000764D8
0001AC72
00125A16
00082EF4
0001882A
000651AF
00035C7C
FFFD51C5
FFF93832
000B06E2
000173F5
0004BD0C
FFF8754A
FFF82A18
0007EDB6
FFF4BC50
FFF6EF26
00012708
FFFAEB6A
FFF03B18
FFFB3B85
FFF8FFB6
FFF14655
FFFA9EEA
000CE286
00023688
FFFC2D74
FFFD7263
FFFF82E5
FFF75209
FFFD9889
0006DD6C
000D92A5
00024DE5
001167E0
FFFF312C
00022D94
FFFE61C5
FFF50F53
000B6F2D
000A8C76
000E7EC1
0003DAA4
FFF39BFE
FFF229FA
FFFC5535
FFF88FBE
000404BF
000388C8
000897E5
0003E315
0001D8B2
000608EB
FFFAFF34
000FEA84
0005B512
000AC7C6
FFF2108C
0008F9B0
FFFDEC25
0004B0EC
FFF24F06
FFF0F79B
FFF5D3D6
FFF234DD
FFFEFF24
000832D3
FFED54E8
FFFC19C8
FFFAA9BD
0001B0AA
FFFE89EA
FFFC32D5
0002D71C
FFF83B02
FFF65399
0003353E
FFFBCE0F
FFF7CE11
0009FEE9
0007CC5F
FFFE510B
0003D864
0001300A
FFFC231D
000796E5
FFFE7790
FFFB6357
FFFE84E9
FFF67FCA
FFFD506B
FFFA447F
0002E585
FFFFE1C1
000092AC
0008A27B
0002332C
FFF31CD0
FFEDE578
FFFDC88D
FFFE2C2C
FFF11A77
FFF68CBF
FFF8A44E
00031DD7
FFFA0E97
00027AA0
000E6251
001400F5
00099D5C
FFFDA0AB
FFF08309
FFF2A2FE
FFFEF775
001B035A
FFF64262
000A9D9D
00028179
0000E8F5
00038096
0006DF70
FFFD1602
FFF9A0FB
00036794
FFF10D9D
0004B002
0000B991
0002D710
00067817
0006E50F
0001FE13
000C71B1
0002576D
FFF67998
FFEEE0D0
00033734
FFFCB733
FFF40F9C
00056442
0006C3BE
0001F37B
00031EF8
0002F1BF
001E6F53
FFF8500B
00038D19
000E3C98
0004D5CA
000A8253
00104073
001B1C9F
000850B7
FFF7DCEC
00041C78
FFF5A06E
000547B0
0000ABBB
FFFA9B67
00029836
FFF32C3E
0002E875
FFF4C369
FFFFC829
000567AC
00014B28
FFFE5F92
0002995E
FFF483AE
FFFB3D0B
FFFB701F
FFF2A832
FFFDF890
00017A43
FFF911CF
0006575F
FFF35DC8
000237F1
000685C6
0006788D
FFFEF1EC
FFFCC12F
000590FD
0011802D
00073423
000FD741
FFFE7D57
FFFF3A74
FFFF5566
0008479A
00009B3D
FFF6D9F9
FFF51F49
FFF7CAC7
00002A6B
0003DB56
FFF6CAD8
00010E6E
FFFE8CCF
FFF18B32
000B4B36
000FE471
00160238
FFF9BFB9
FFF461D2
0004968E
00016270
FFFDE9CD
0006D05B
0016E82A
000C2F22
000D5C52
000ED249
00031374
FFFFC365
0001BA89
FFF852E2
0005E7E3
00031993
FFFEDA80
FFEFC2CB
FFFDB930
FFF88941
FFFBF2FE
000FAAC6
0007736C
00076718
00112B6C
00081FC0
000792E8
FFF525DC
00096CD6
00112CA4
0000F81E
00027BCC
FFFAEAD6
000D2015
FFFF9F62
0001E9D7
FFFC8975
000CAA42
FFFACCC8
0000A4C5
000AFC5E
000A33E5
FFFFCB1B
FFF927E6
000E9826
FFF850EB
00036CB5
FFF72CA9
FFEBE6BC
FFE56A21
FFF3122D
00000A6C
FFF63F05
0008698C
0003D002
FFF8977B
FFEB749C
0008DEEB
FFF7820B
FFFA516E
FFEFAF87
00002B3A
FFFF04D8
000EE2BD
FFF5B2D6
000A2852
FFFE59ED
000945AA
FFFD6AC7
000E43D0
0013234E
000C3DC8
000E775A
0001908B
0003AE73
FFF1B69C
FFF85D22
FFFBE2E2
0003448A
FFF83AE4
0006AA84
FFF6549E
000A51E8
FFF7589A
FFFB03E5
FFFE3BD1
0001D712
0009AB01
00042AFD
FFFE6E29
000EF051
0004466C
FFF2B231
FFF35749
FFFBBB54
FFF5BED0
FFFB074C
FFF60359
FFFD1D49
000057C8
FFF5748F
FFEE08D2
00072D28
FFF2B32D
FFFC99DE
FFFD1163
FFF9A6E8
FFF188C3
FFFEA459
FFF3CE19
FFF47F42
000EDCE8
FFFB7DA3
000490E3
00064C0B
000E079D
00016365
FFF837D4
FFF6A05F
FFFA6700
001869AA
0004F399
000CD4E6
000B45FC
0014F475
00111E05
000344AE
0016BA0E
0015FF6C
FFF7AD54
FFF41041
FFF07C85
FFF26140
FFF87C44
0000724A
FFFEBD79
FFF4DF07
FFF356DA
FFFBF388
000FB1C5
00064757
FFFE9E97
FFF106E4
00094CB6
000754DA
00134125
FFF13CED
FFF59BDE
FFFEF7C6
FFF16184
000B6D49
FFF58380
0006CC31
FFFA5204
FFF870CA
0002F857
000C09C2
FFF8E910
FFFB79E7
000709BF
FFFDABE7
00080749
FFFD30B0
FFF4DAE2
FFF6062E
FFFB310B
FFFAEE55
FFFCB869
FFFA2DEE
00044CF1
0009BE06
000C4927
00059365
000213ED
FFED5939
FFF063C4
00042DCD
FFFDCCCA
FFFA9BEE
FFF2DF43
FFF2B63B
FFF6F2D0
0002E2E5
FFFCC236
00075AF9
00025580
000E0A58
00039169
FFF3A841
0004A002
00053313
FFF8BA8C
FFF6FC87
FFF85379
FFFA7F39
0013ED0A
FFF6560D
00045D96
FFFECF2D
0011FFDD
00037A7A
0004FE65
0004643F
00066FEB
00046C6A
0009BC2A
FFFB6C2A
FFF8BFA5
FFF768FA
FFFAA71A
FFFDBF94
FFF76865
FFF8114A
001B4DAB
000EB4E5
00045F78
0017BACD
000EECCA
000D8969
FFFDEF72
000905B5
FFF91D15
000D7912
FFF3774B
FFF51238
00046EDC
000FEF1E
0003247E
FFF76EC6
FFFFFF53
FFEB1C25
FFFFEA46
000528F1
FFEFE724
FFF9C064
FFFE4A68
FFF23B75
0015D71C
00020AA7
0007F4B4
FFFF229A
FFE8F260
FFF89937
000C770D
000C4793
000D9659
FFF9F280
FFF3CDFA
FFF91777
0003EB2A
FFF3731F
FFF26C8F
FFFD2BDD
FFF2B850
000451CC
00019251
FFF71AA0
FFE8F9B8
000161B5
FFF214C9
000470CD
FFFEDE28
FFF3DEE4
FFEEFA3D
FFF08711
FFFB3D04
FFEDEFC7
FFF625E6
FFE78B9F
FFF4BC4F
FFEF175B
FFFB5B97
FFFADDD0
00004BAB
FFF90358
FFFB0071
00034A2C
FFF3345E
00085D50
000EF78C
000787FD
000A0BDD
FFF100D8
FFFC53F9
FFFCD67A
FFF98802
00122DC1
000A9D62
0003D0C6
000568C6
0001F511
00064AA0
000324A4
FFFB6E63
0003DDDD
FFF7D03D
FFFDF234
00046DCC
FFF01E62
00000C9D
FFF68415
00091E80
FFF45048
0006EC93
0006725B
FFFAEE02
000271FB
000494A1
FFF71468
FFF1F8D5
FFEEC8FF
FFF274E0
0007F7ED
0003D53E
FFFCD890
FFFE95C2
FFF9E8E8
00022DBB
000B5AD0
FFFFEBD8
0002EA98
0003C6CE
FFFE8E0C
00002E2A
FFF57A87
FFF9D251
0002555E
FFFFD222
FFF5A93B
FFEF167B
000B0899
000D3320
FFECDEF6
00038091
000D06BD
001059C9
FFF79F0A
00066AB4
0001E896
000D44FD
00049B06
00112D05
00011713
FFF5E0D2
FFFCC8C5
FFF5CBFC
FFF94F2A
FFF098FE
00062916
0009C0ED
00109454
000F7125
00093CD8
FFF7413A
000AF47C
0007FDDD
0006D74E
0005FF2F
000F37FE
FFFE6324
FFF86C62
00085B13
FFFA3B29
FFF8A3E7
0002DDA0
FFF97D3E
00119EAF
000D12CE
000D22E6
FFF44713
FFF1E4B7
FFFD749E
00075C51
FFFB2F7F
000A811B
FFF61EDF
FFEEA3A6
0003F938
000425BA
FFF7FEFB
0000F723
FFF36BF8
FFF261E0
00012A65
00045AB0
FFF00A9A
000899A9
000D7715
00108E7B
FFF1FDCB
FFFF8314
FFED624A
FFF2EE74
000C4D15
FFEBBAC6
FFEFC3E1
0010B79F
FFFE3CFC
FFF6FC1B
FFFCC854
000B8644
FFFD5746
FFF620D9
00027DC6
000B1E5E
FFFFFAE1
00057291
00080465
000C0269
0012A15D
0012F4CE
000E45C6
FFF39673
000EEF86
000E757D
00177F56
0005631F
00023C04
00115890
000CF362
0003E6D3
0001D06B
0005908A
FFF86AB9
FFEE9689
0009D971
FFF4CE5A
FFF0D6C2
FFF1AD94
FFFE3632
00011C51
FFFD0FD9
FFEB6884
FFFDA047
FFF2B264
FFF43A7E
FFFBFC61
00054AC4
FFFED54D
FFFF97C5
0000C498
FFFF081D
FFEE3E65
FFEC88EB
0004A98E
000F80F3
000EC101
0000D7CC
000CACF1
FFFE0CB9
001042B1
FFF71D24
000B81E7
000827F6
000C6016
000CCB64
00119333
FFFF4060
000D95D8
0008B8A8
0007185B
FFF789FF
000E32A5
000D9265
0004EC65
FFFB6058
000A3372
000AD732
00017AE2
FFFD6198
0001E384
0002C83A
FFFAE3EA
FFFEC94D
FFFDACCA
00089161
FFFD0525
00054744
FFF2273D
FFFBB1FC
00035EF9
FFFC032B
00066FED
FFF90E91
0010C423
0010B5DC
FFF0E0F1
FFF44631
0002717B
00078CCB
FFF5B11C
FFFC78EF
FFF6854B
FFF1D11F
FFF68041
00056E46
FFFC0580
00166F24
000BF224
000A34E8
0003108F
001160F9
FFF70C37
FFF6C2AB
0009C31B
FFF8D30D
000288FC
FFFDD93C
FFF7BE81
0002F902
000E94E1
FFFBAB05
FFF96598
0015F730
001264DD
000FF3EC
FFF2CEF4
FFF957A1
0000C72E
00002F4E
00040B01
FFFC948D
FFEF30F2
00040C14
FFF824E9
FFFE2A42
000C90D1
000F68CE
00148893
0007DA38
000C4E95
FFF6A49F
FFFAB1C9
0009EE47
000EF96C
00049C16
000D09ED
0003CC1F
0005E758
00145654
00034E14
FFF71807
FFF5F304
FFF59372
00030489
FFFCD21B
0000CC39
FFFA952C
FFEC0E78
FFF95C7E
FFFAC7B1
FFF953BC
000870C0
000AD42B
000A2BF6
000A685F
000C702B
FFFB19DD
00076C24
000C569F
FFFDD0CF
FFF2F405
FFFB3F7C
FFF5B749
001545B9
000F0521
001626C9
0014A171
0003B3E3
0007C244
0004B334
00006D72
0001943F
FFF9291B
00024228
FFFFABD2
00061A90
00012A23
FFFDD6EC
FFFA943B
FFFE7B20
FFFCD1EF
0005CEC1
00096E38
000A2A11
FFFD92D5
0005A184
0004CE22
FFF96EA0
FFFAF02C
FFF9FA39
FFFD1628
00017280
FFFB4C6E
00005445
0007317A
FFFCD487
0002C6D5
FFF97952
000B1A62
FFFF4B3D
000172B3
000718CC
FFF748B1
FFFEBDE9
00038991
FFFE52D6
00072E07
0007B1BD
FFFE007C
000B58C6
0002ECBF
0006E088
00078B38
FFFDF059
FFFF159E
FFFE8961
FFFEEF45
FFFFE886
FFFB8314
0002F9C8
FFF97331
FFFEEF1B
0000F0C4
FFFED59F
FFFAE9FE
0002699C
00054AD3
00009895
FFFF7BC6
000284E3
0000F0D3
FFF9859E
FFFCE42E
0001654C
0001C4CA
00092C28
FFFB847E
0004B269
FFFE9436
FFF79FCE
000286C4
00032C4E
FFFF5AF8
0003F2C7
0001090F
FFFC5FE5
00012F66
0005EA2F
FFFAD6DF
00017A83
FFFA953C
00032E4B
FFFB931D
FFFD6290
000080F3
FFFF5A84
0000B3AE
FFF92A64
FFFC6CE1
000098E1
FFF9808A
FFFEE180
FFF691C5
FFFF0389
FFFF5F1A
FFF83862
FFFE170B
FFF870BB
0003CA97
0001F120
0001DB26
FFFF591D
FFFF9EB5
0000933C
00062AC5
FFFCE9F8
FFFCAFE4
FFF96FEC
FFFCB456
0002FA99
FFFBA298
0007A91E
FFF80F11
FFFD6BFF
00051C23
FFFB3124
FFFD23D5
00043FD0
FFFAFE14
FFFA4BD5
FFFA8112
FFFE31C8
0001E3DF
FFF98D52
FFFBAD51
FFF786DC
0002089A
00007698
0001FB93
00019589
0007DC28
00052060
FFFAD67C
0001CA33
FFFC6C82
0002B3B2
FFFFE7CA
FFFBB265
FFFBA2E2
00054E2A
FFFCF848
FFF9BBAE
FFFB89AA
FFF7EDD5
FFFB72E3
FFFD6596
FFFB4A31
00052C53
FFF8ED5B
FFFDD931
00054E16
FFFCE076
FFFEFFDC
FFFF6F3B
FFF8C09C
000217DA
FFF5FC57
00030FC3
FFF6FDF5
FFFEA7E9
00080859
FFFAF009
0000B8A5
00069427
FFF70C64
000315E7
0001CD84
00038137
FFFCFEDE
FFFDA4C7
00018963
00006122
FFFFAB88
00046A42
FFFEDB82
FFFEA03A
FFFC1711
FFFDA7C8
FFF7600E
FFF4BA91
FFFD7A01
FFF9F36F
000121BA
FFFEF308
00018719
FFF9CBF2
FFF9AEB2
0005CF91
FFF92432
FFFF97D6
0007016B
FFFFD77E
FFFCC64C
FFFC78DA
FFFFF8BC
0000E6B2
0004A94B
00007FD4
FFFF7C2A
FFFD3D32
0000ABEA
FFFC713E
FFFFA53C
FFFDCFF0
FFFC2EDC
0006842A
FFFC1D3B
FFF8615B
0007A9E6
FFF8A06D
0004D875
0002DB2D
FFF5B4FE
FFFF29BC
FFFC8D53
00006EC2
0003FD06
000467FB
FFFA2A7E
00000542
000084F6
00052376
00063382
0001E68B
FFFFA244
0007E953
0005A516
FFFF35FD
000D09E3
0004E624
0004E8BB
FFFD779A
FFF8FA05
00071AE1
0000E56A
00043727
0003360E
0006E879
FFFF342F
FFFC7A26
0000CB90
FFFCFA79
000211CC
FFFA2B6F
FFFA89FF
000680D9
000494E1
FFFFC1FE
00009CC0
00085E14
0004E7C9
FFFB5B15
FFFD782A
0002AAB4
0009D76D
0001E221
FFFE8004
FFFCBE34
0001DB52
00017478
FFF9063B
FFF81E64
FFFC6CA4
000199A6
FFFB6588
00012F74
0000BD65
0001E6FC
FFFACCC7
FFF58EC9
FFFA740A
FFF7DC5B
FFFBF398
FFFBF154
FFFEE6D3
FFFA7BEB
0000B08E
FFF8F8FB
FFF97689
FFF9F207
0001D1CD
FFFAA55A
FFFB4079
FFFD9F33
FFF96DCA
FFFA6223
FFFC6772
FFFC5E92
FFFCD54A
00013938
FFFC1656
00028D9C
000143A5
FFFCAFE5
0006AB7D
0001B71B
FFFB4ED3
FFFEADD8
00056FB7
00004D22
FFF99741
FFFE2380
FFF8001C
FFFEC637
FFFA2CB3
FFFDB953
FFF907C3
FFFE989F
FFFD7A45
FFF89EC5
0005621D
00056D68
00014EE5
FFFE1FD5
FFFF2D50
0004519A
FFF8992E
FFFC49C6
000030AF
FFFDA218
00001361
000917A2
0003A040
FFF281F5
FFFA0200
00068DDF
FFFD6F61
FFFCCC3A
FFF8C34F
FFF90486
00006BA7
0007238F
FFFB904B
00016DC2
FFFDA889
000138EC
FFF88751
FFFA2127
FFF8A631
FFFF4412
FFFD09B6
FFF680CC
FFFE2005
FFFC28FE
FFFED2AD
00007A43
FFFC9001
0000A4D9
0001E011
00009848
FFFB04B5
0007B2A8
FFFEDD50
00023A27
0001F008
0004A96E
FFF9CA04
00062EB9
000BBC0B
00051D0D
FFFEC3B4
00054F11
FFFE9AB9
FFFB96A7
FFFE1F62
FFFAB95F
FFFE335D
0002179C
FFF7514B
FFFBD270
FFFDA329
FFFF2357
0001ACDD
00058EDC
FFFB21CF
FFFEB3AA
FFFFADF1
FFFC6936
000296D1
FFF9D4F5
FFFA8D9C
FFFF0ABC
FFFCC6CC
00008D4C
FFFE1C0A
00011FB1
00053F21
FFFF659C
FFFBB77A
FFFFCE3E
0003446F
0002272C
000481BC
00057A4B
FFFB1554
0000E902
0002AC78
FFF4C1E3
FFFF8ADB
FFFE8E7F
FFFC5969
FFFC7525
FFFD4DE7
FFF7EA12
FFFF690E
0001596E
FFFFF2A6
FFFC9F13
0000B696
FFF9150B
FFFA5471
FFF59EB1
FFFDB633
00034C28
FFFF1223
FFFE9FBC
FFF984B5
00015BA5
FFFEDCC1
00043DC3
FFFE5F52
0001C0D6
FFFF18FC
FFF3D223
FFFE70FD
FFF8788C
FFFE1419
FFFFE86D
FFF5954E
00025688
FFFD2B27
FFFD95F3
FFF88858
00041B16
FFF99F15
0001596C
00023668
FFF9900A
FFFAEA14
FFFBCBE3
FFFD9CC7
FFF587D1
FFFB28AF
00009402
FFFFE3DC
FFFA9C8A
00018727
0004A4AF
0001F137
FFFF08DE
FFF87139
FFFD5AC2
0002ED25
0002739B
FFFDA165
00021EC5
FFFC6B5A
00008A9D
FFFB5D4E
0002D3C8
FFFF7E5F
FFFF6D95
FFFE5493
0005F997
0003AFE6
00035A53
0004C30F
FFF95C9C
FFF62AC1
FFFF43A6
FFFCFAEC
00024A00
000854A5
FFFEEAC1
FFFDAC28
0001CDAE
FFFEB553
FFF7DB14
FFFC6877
FFF63A15
FFF77C26
0006D3DA
FFFA41FE
0005BB94
FFFC4BDB
FFF7B09B
000379CC
00055BF7
000336B7
00026151
FFFC2A43
FFFCCCFC
FFFE002B
FFFF6ECF
FFFFD5CC
FFFF3D24
0002987C
FFFC76B6
000839A8
00004427
0003C3F3
0007C09A
FFF81559
FFFAE4E5
0001C26D
FFFAF913
FFF89D2A
FFF8BAFD
FFFA8E5C
0000910C
00063517
FFFEF12A
FFF8BFFA
0001A6C8
0006CCAD
FFFDE081
FFFEB2D1
FFFCD0CE
0006A7B6
000186EC
FFFF65C6
FFF63683
FFFEA7ED
FFFDFDF1
0002DC67
FFFED706
00060B05
FFFE7FBA
FFF82EFC
0001D63F
FFF8B0A5
FFFA52C1
0002A217
0000E0FF
FFF87831
FFF98C11
FFF7E0BB
FFFF15B4
00054354
00084039
00067254
FFFF659A
FFFF0A3E
FFFE4D99
000268BA
0005C585
0004B34B
0000154B
0003D50D
00061873
000507CD
FFFB6D2A
0001F1AF
FFFA01D7
00011B36
FFFC6963
FFFBEB09
0008ABF4
FFFD242C
FFFCAE06
00037CFC
0004B01F
00059F6E
0002AE4A
FFF4DF32
FFFE20E2
0001370D
FFFA98B0
FFF9212F
FFF7C7C5
FFF92A48
FFFF4834
00022DC0
FFF83C35
0001A7B6
000BBA8C
000FF3D0
00040A23
000B45CC
FFFAE69A
000C7A42
001E6F47
00144705
00138B50
FFFC861B
00002A4C
000512CA
0002E7FC
FFF995AF
00009E7E
000417E9
00008CAB
000A8931
FFFB3D55
FFF7DE10
FFFFFFF1
0004BEE1
0008B524
FFF86B80
0007791D
00086ABB
FFF9D023
FFFC3DAF
FFF4EFD5
FFF39326
00032717
000F213A
FFEFD74C
0013BFAC
000E8B6E
000E8F38
0002B9ED
FFFB080C
000822A0
00122C87
FFFDD088
00003302
001690BB
00056235
FFFE9F7A
FFFFC7A5
FFF11B7F
FFFD686F
000B4E32
000C139B
FFEE0F57
000371FA
FFFB9D62
00017DDE
0003947F
00058B92
FFF9414D
FFFC4572
FFF69569
FFFC36D9
FFF77672
00011906
FFF574CD
FFF0A436
0000EFC4
FFFED0D0
FFF5BCC8
FFF4C0D3
FFFBA2CF
00059025
FFF9B5CD
FFFC260E
000640FD
FFFAABAA
FFFE2D13
FFF88315
000B897C
FFF78148
FFF7A0B1
FFFB457D
FFF7B2A3
000AFFD8
FFFA5918
FFF7A484
00072543
FFFBDAED
FFF2BB05
000FAEA8
FFF6D777
000D7D97
FFFEABBC
FFFFDBF5
FFFA3E4F
00044A0A
FFF7FA83
FFF50238
FFFCD9A5
00007CEB
FFF790BB
00051B33
FFF84A77
FFF64059
FFF7A7BF
000581E8
000155C8
000836CF
000E0171
000CFF93
00072B14
FFFAEE83
00012F63
000402FC
00088EC6
FFED4144
FFF906FD
FFFF3624
000A14B3
0008B918
00066E93
0003A254
FFF6E41B
FFFB1B31
FFF49299
000AC30F
FFFA3F20
0003B384
FFFAB261
FFF29FA3
FFF8D946
000BAC06
000F1EB2
FFFAA40B
FFFEA903
FFF869C2
FFFC2286
FFFD1E20
FFFBBCC8
00000C35
FFF53A13
FFFB135F
FFFAD7F2
00024A50
00032A53
FFFC195F
FFF52D19
FFF5FD17
0003588F
FFF729A4
000645EE
0002E58A
FFF78D12
FFF6F601
FFF71399
FFF5E10B
FFFA75FD
000B3C38
000855AD
000DE4AB
FFF4ECC9
0007DFE1
FFF26984
00061BCF
FFFD75B5
FFF63D0A
FFF52764
FFF8D203
FFF8C97C
0016698B
FFFE86DB
0004531C
00031C2F
00069EF4
FFFD0EBC
FFF3A642
00034413
FFFC9057
FFEFA6B0
00005E4A
FFFE6209
FFF7FAD5
FFF67F65
0004E0D0
FFF97CB5
FFF983C1
FFFD26FC
000894DD
000BED77
00078744
FFF33052
0004B9FE
FFFF6763
FFFE00EC
FFF11555
00008342
FFF3A42E
FFFE9E8B
FFF301F6
FFF5D1BF
FFFAAA42
FFEF34C2
00050540
FFF9D34E
FFF5D202
FFF5534C
000688DA
FFF3E05B
FFEC48FB
000187D6
FFF5F78D
FFF834C8
FFFB0589
000006D9
0000294F
00038D0D
00063A87
FFFF01D4
0001C001
FFFB9605
FFF491D2
FFFC460A
0000C0B9
FFED5641
FFFA2E5F
FFFE8955
FFFC5FA8
000791A8
0006106F
00034E7B
FFFF129C
FFFE391C
000EFD83
FFF8DFA7
000794D8
FFFFB8DC
FFFFF9E2
FFF3ED1D
00001486
0001823A
000AF9D1
FFF939A6
0008116E
FFFEB501
FFFF67E3
000C9B50
0008D678
FFF94EA1
000952B4
00049D6F
FFF694AA
FFF66E96
0001D7B8
00092892
0008851C
FFFC384F
000A0279
00030DE0
0001E954
000086C9
FFF9BB70
FFF33013
000DB980
FFFC8D63
FFF7CAF2
FFF774D9
FFFC8105
FFFA652E
FFF79A46
FFFF3CFC
FFF76C3B
00036AF5
00003A6F
000BC755
FFF643DE
0006A83E
FFEA954C
000A1EDC
00125B66
FFF5D31B
000312D6
000114C3
FFF08F96
FFF9E4EF
FFFFC5A9
FFFEE89E
00021F29
000C220C
FFF68C0E
00099F5A
FFFDEF85
FFF7B09C
00096375
FFF8CFC6
FFF2C4EB
FFFBED02
000DCA24
000690D2
000B3212
FFFA1A6C
0005592C
FFEE92FB
00059986
FFFC52BE
00044A70
00153C0C
000CD54C
0004FB99
0005870B
000A517B
FFF7AC7D
FFFCAB4E
FFF80DEC
0002980F
0010AED8
00176C50
000EA363
FFFE57E0
FFFD3396
FFF8E08B
FFF6658C
FFE877B3
FFF3DDA2
FFF3CEEA
00051767
FFF6022A
000B0C9B
FFF3645F
0001EB9C
000AF890
00039A8F
00030C2C
FFFB07DE
FFF95C6D
FFFD3D68
0009AC6D
00073F2D
0000EC26
FFFDA28F
FFF82FD0
000A6BB9
0003691F
FFFE036B
FFF86C05
000625E9
00007EA2
FFFA3B09
FFFD7EC0
000367B0
0002FF4D
FFFEE710
FFF8E89F
0006C88A
FFF3A90F
0000CDE5
FFF165B3
FFF67AA0
FFF31675
FFFE8C1C
000589F1
FFEF17CB
FFF98643
FFF63421
FFFBFFA9
000471F3
0006E880
FFFD423F
0009D8AA
0001B0D7
00032DDE
00095940
000F97C1
FFFC3D62
00029F1F
FFFA5989
0007F86F
FFFCD98C
00037F06
0009756E
0002B1C3
FFFE445C
FFF97E62
FFFB4AF3
FFFE0D7B
000489F3
00027843
0007EAAC
FFF8CC8F
FFFAB93B
00092817
0003A159
FFFE9A5E
FFFCD895
FFFFDA66
001031E1
000402F7
0001D12F
FFF5FFAA
000B0FDA
000BBE8D
000C7E49
0007C1D7
FFFE7ADA
0006479F
FFF79667
FFF8225B
000CE27C
FFFAFD47
FFFDE6F9
FFFDF4CB
FFFA9AFF
FFFE37BB
0009B10F
000F3ACC
0009DFC8
000B3BD9
000885C4
000C7BE6
FFFF8CA2
FFF39CAD
000588BA
0007AE1A
0009F5E8
000E0EFD
00062665
FFFB3359
FFFF178A
FFF4935D
0004DFBA
00121712
0008E71F
00035F64
0007459B
FFFD662C
0000A186
00097549
FFF817C3
000A8A77
FFF72605
001428A8
00090F4D
0002EFB5
000D58FA
FFFFC19A
000036A6
000405AC
FFF1497B
FFFE8C70
000D298B
0009B896
FFFD5BAE
FFF94E4B
000AC20A
00106594
FFFF1531
0006F231
FFF4E9E1
00032CF4
0003FB23
00138A08
000B89E2
FFF1BB13
FFFF666F
FFF177F6
000DFAFB
00076140
000121BF
0001A8C8
00040F8B
FFF4E63B
00047857
FFF49EDD
FFF2C9A0
00007679
FFFB2574
FFFED1D3
FFFF5ADD
FFFC47A9
0008597B
0000D968
00013D8F
FFEF6581
0000C99C
FFF50F8F
FFF3C95F
FFFED55B
000674BC
000BF04D
00036145
0002A2BB
00147F1E
FFFFF4A3
000379BB
FFF8A8C0
FFF9A233
FFF6317D
001EDAD2
00104607
00042804
001122C9
000BA19A
FFF7DCCB
0009011F
00075EF9
0008FFC3
00000AF0
FFF82454
FFF422AE
FFF22BDE
000110A1
0003F748
000B1838
000C989F
000B1B96
0009152D
00004F8B
0000AF71
FFF95D3D
0007B3ED
00093098
00087D8F
FFF87929
FFFACB85
FFFE9091
0011CEE2
00065EF0
000F1AD7
000859D5
00090E14
FFF72A06
000B05EB
000B517A
000E3DBD
0001D6F5
FFF4FCB3
FFF092B3
FFFFD9B9
00089D54
FFF9A27D
000F67BA
0002AB7B
FFF401DE
00045E49
FFFF42CB
000146A2
FFEF0E31
FFFE62EF
000386BB
00049FEA
FFF83CAE
FFF93A75
00097021
FFF7C144
FFF89D27
FFFE3ACC
FFFDB025
0000F29E
FFFD8D88
FFFEAC85
FFF89B1B
000B68B0
00088364
FFF8CB21
FFF884B9
00004F31
FFF9A350
000B5F53
000B1FF3
FFFA1D04
0000485C
000AE715
00063A76
FFF315FE
FFF41BAF
000838F9
00039315
00022129
00029190
FFFF0FFA
FFF89EE0
FFF3DBC6
FFFBBC35
00015484
FFF2BDD0
0005C6ED
FFFD8DA8
FFF809F6
FFEE4866
FFEECDAC
FFF19CC2
0008B4CD
00002618
0004CF43
00022860
FFFFC265
FFF7FD51
FFF24830
FFFA98E2
FFFADBDF
FFF6B2A2
0003E3A3
0005E738
00006A83
FFF615CA
FFFDB1A3
0009F1C1
0000CD8E
FFFB2CAF
0008CF7F
00023A5C
FFFE9D5F
FFFDE91B
0007DCE8
FFFEC72A
000ABF7F
0002F70E
0007E095
FFFF6564
FFFE6E09
FFF7F39D
FFF96C3B
FFFBB612
FFFA18A5
00056CA8
0002E85F
FFF161FF
FFFF42EC
0016BEBA
000237E6
FFF83BA7
0011A9E1
FFF487A3
00064507
FFFDAA41
FFFF52CB
0001B36C
FFFFF618
000623DD
FFF5A11A
0005F729
FFFC6EEE
FFFFB152
0007134C
FFF28CE4
FFF8F5CE
00073CE5
FFF90971
0010E225
FFF7F418
FFF8A049
FFFB9475
FFF787D6
00082043
000341A8
FFFA8F01
FFFAA2BC
FFFEF295
FFFAB905
0006AA36
000B2E79
FFFF5997
FFF8C08C
00026F9F
FFFF8498
FFF783EB
0003A662
0007CD72
FFFDFED3
FFFC13D9
00009401
FFFED7CC
000640AE
FFFA5F48
FFF9DA55
000245A5
FFFD5820
000C2FE7
FFFD2026
FFFCF0D2
FFF9A4EB
00094AA7
0009101A
0003239C
FFFEAC90
FFFD340E
0005C12B
0004D3B6
FFF9D839
FFFDF8DE
FFFD39CF
0000110C
0008A924
00076BE1
0005193F
000366CD
000D598A
0008124E
0006774F
000AD388
00024BC6
00015577
00128674
000674DC
FFFD9639
00079B24
00040EFA
FFF712DA
FFFFAEE0
00022C9C
FFEC142E
000C4A53
0007F711
FFF35CFF
FFFDE574
FFF8A812
0001EE0B
FFFC560D
000A827B
FFFCBFF7
0001E1EE
FFFEFC2A
FFFD9B1E
0004792C
000350FC
0005C093
FFF7021F
FFFAC87A
00062439
000FA4BF
FFF7E46F
0010E8E5
FFF85215
0000FB71
FFF4FFBA
0004BBBA
000339E7
FFF15389
0005EACD
000050A7
FFFFC4B8
0000EE13
00033F8D
FFFDBA6D
FFF9D221
FFFB34E0
FFF5468E
FFFE4E3A
000160C1
FFF9A79C
FFF828B2
FFFFB752
FFF1F379
00097615
0000A983
FFFD3B90
000AAF25
FFF8A5FC
FFFF0350
FFFBAC78
FFFC7B22
FFFEB703
000EB7AD
00030748
0003DB15
FFFED3A2
00039AB3
FFF8E359
00071224
FFFF139E
00009361
000025AA
FFF621B0
FFFCB896
00117877
000794F1
000C3417
000791EE
FFFE40E6
FFF1D4A1
FFF901F6
FFEFD48A
FFEE1738
0007B879
FFFDA8B1
FFFA11F9
FFFC454F
0007D54B
FFFF032D
000BE61D
0002F633
FFF243C3
000DD69E
FFFF9005
FFFF1726
000039C3
FFFC2711
FFF55F2A
000857F2
FFF6FAAE
FFF23088
00010E19
FFF6B217
FFFB5251
00019CD6
0002C832
FFFD0A90
FFFE9DE7
00056030
00002988
FFF4C478
FFFB98A3
FFFD40D6
FFFBC5C4
0002135C
000742FA
0004DE6B
FFFE5A93
FFFEAC6A
000044E6
FFFA99E8
FFFD9E84
0000CAB5
FFF9546E
000548E2
00044969
FFF9112C
0000D323
000EFCD1
000C78CA
000124B4
0001ADD2
0003ACDD
FFFB5A9C
FFFB59B3
00031C85
000BBE58
0006CB79
000F9BEF
00000273
FFFBD1A5
0002CF74
FFFED19E
00024231
00054ABD
FFFA1456
FFEC1760
FFF37FF6
FFF5D9B9
FFFEDDF7
000689B4
FFF58630
000AC3FC
FFF6AD02
0009A4CB
00047EA6
FFF60E4F
0003BE71
FFF28299
FFF8FA9E
FFFE0C98
FFFBCB03
FFE98888
00040CCB
FFFCE997
FFFAF22D
FFF8B18E
FFF52B4A
FFF88FEF
FFF7E10D
000C266C
0011BF0F
000BDB52
FFFBD511
FFFA7D82
FFFA9BB0
00023027
0006493D
FFFAAC26
000875BA
00151189
0000D4E8
0006071A
000146C4
FFF452D1
000AA0A6
FFF3C84E
00069A24
00084DD0
0007F7EE
FFF6F897
000B1107
0003FB79
FFF6AF38
00041E64
FFF4C8DD
FFFB1A71
0000593C
00015D58
FFFF9D0D
000DF7EA
FFF79A7E
FFF5EB3D
0008B258
FFF89BC3
FFFA2593
000A06C9
FFFBC02D
FFF41C35
00020B0E
000B62E9
00061CC9
0000B755
00070F25
FFF84E2E
FFF98E0C
FFF90B02
000460E7
000B597C
FFF70BDA
000041A9
0005F0B2
000472D9
FFF88A9C
0007D940
00089E1F
FFF909F4
00073C05
FFFC75A3
FFF127A6
FFFCB733
00014B8F
FFFB683C
FFFDC4C4
0006EA6F
000668B9
FFF6BFDC
FFF5642E
FFF8DE6B
FFF6A269
0002B2FF
00014AB1
FFF906F1
0002D68C
FFFCD4D0
0009FD11
0000A650
000A8A46
FFF7A312
FFFEFE94
FFF8B242
FFFD8EB4
FFFE6F39
FFFECA3D
FFF74850
FFFCA14B
0001AD82
FFFC22AF
000537C2
FFEDAEC4
00038735
FFF1CA98
FFF48A41
0000070E
FFF49CDC
FFFFD436
00094AA7
0003B751
0005605F
00044A67
FFFD946C
00034473
0010D472
FFFCDDEA
000D3223
0005B328
FFFA6D0A
FFFE8A0B
FFFB52EB
00041D9E
000597E8
FFFC7592
0007D178
000087E8
0003E67A
FFFE3960
0004B5B0
FFF950C7
FFFE7E00
FFF85049
0003E1BD
FFF603F1
00015424
FFF6C1A6
FFF91ABE
FFF1A991
000AAB5F
000B90E8
0005C636
FFF4BB18
0004D7F4
0000F07B
000D544C
000023EC
FFFA3A91
00098428
000FA71A
FFFC9FE3
00008D05
00054C6B
FFF9B241
00098398
00104C51
00101820
00145ACA
000118AA
FFFB6E6C
000C9785
FFFC81CF
000C5E70
FFF757D6
FFFA320F
FFF6E6B2
000E7808
FFFC8732
0006AD00
FFFFDF30
FFF4A883
FFFBF0DF
FFFC6E0F
FFFBE9D3
FFF574E0
FFFE2805
FFF89634
00043FCA
FFF3233D
FFEE24B5
FFFA9FBE
FFFDC6A0
FFF69DFB
00038879
00006F4C
0004FB71
FFFD6F9A
00004664
000CE7AB
FFFE98CC
FFF47075
FFF98B41
FFF015B7
00097CA8
000205C8
FFF5527A
0009A7B1
00007AC7
FFF5ED0F
FFFECD4C
00005DBC
00008E34
00131156
000A9991
000108C5
0006934A
0000FD22
FFF59034
0010493B
000743A9
0006402F
FFF65333
FFF882D2
FFFA9322
FFFA97CD
0007C61C
00050712
000227DE
FFFA2AD8
FFFF0728
FFFE302D
00068D93
FFFC7096
000549E3
000200B3
FFFE43AD
FFFDA75D
000841AB
FFFD4894
FFF8184B
FFF9FC1B
000AF002
FFFD7BC2
000723A9
000B7FC3
0008E4B2
FFF6A5A3
FFF3D95F
FFFD1B85
000BAF42
FFFB5896
000C2E8C
000E69C8
00006917
FFF8FA6B
00013AEC
0005BF65
FFF6CA6E
FFFE19E4
FFF96159
0002F265
0005F008
FFFE445D
000E9219
000A4FF3
FFF3C6CA
FFFB7F9A
00047DAD
FFF1724A
0007370B
0011FCC8
FFF4C772
FFFDEE00
FFEB2DF5
FFEAC0F6
00029210
0002BE21
FFFB3AEF
FFF74FF4
FFF6431B
FFEDDB7B
FFFF302A
00017A01
0002ECFC
FFFFB797
FFF39B48
FFF80564
00072C8D
00023101
FFFBCEBA
FFF71178
FFF9052C
FFFA384E
FFFEEB0D
FFFD3B22
FFF7ADC5
FFFD850E
FFF3BFFD
FFF9E7D9
FFFE2C77
FFF5810C
FFF4C2B3
FFFA09E4
FFF907A2
FFF7D76B
0000E9CD
FFFEAF17
FFF7ACDA
00020C1C
FFFC8399
FFF202DE
FFF8C52E
FFEE102A
FFFC5408
00056E87
0002A325
FFF2F3C7
0002328D
FFF9E454
000897FA
FFFCB8AC
FFF3341C
0003BBD2
000C514B
FFF82AA3
000FB5B1
FFFD908C
FFFE9F2F
FFF81771
000123B7
00024CEB
FFFFDC12
000176D2
000617F9
000D592D
FFFFF2A0
FFF06A10
0002A736
00012D28
FFF4986A
FFF5B7B9
00048413
FFF8FA42
FFFD52CB
000147F0
0000DEA2
FFF95C8D
0003C586
0006E0DA
00077D2C
00078EC1
0001F018
FFF4B85A
FFFEE51E
00058A0F
FFF8CF3D
00096FD9
00069DEF
FFF902D6
0007CFFD
0006E186
000D4B46
FFFF8C62
FFFFA9DC
0003DA4A
000FC179
FFFAB069
00023641
000FDC06
FFFF0426
0013DCA6
FFFC13CC
FFF26A2D
FFFA765F
FFFBC838
0000C983
FFFE673D
FFFF2FBB
FFF873B5
FFFEE94A
FFF5268C
00037BB6
000DF24A
0002A636
00031A5C
000A760A
000894F2
FFFD57B1
000A2778
0005632D
00018162
FFFD43C0
00000886
FFFFB0EF
FFF71DE3
00040482
00021B4A
FFFE0853
00047589
00028776
00042B0B
0003E9EC
FFFB7487
0006BF9F
00060DBC
000EC485
FFFA91A3
00021457
0005A2AC
00094D3F
FFFCDF5E
FFFBE1EA
FFFF45E9
FFFF2F70
000BF748
00049FCE
FFF33146
FFEF6C06
00080542
FFF5CE89
FFFCFFCF
FFFBB4E6
FFFC2F25
FFF3C47F
000B2F95
000B4690
0001E02C
FFFFC567
FFFF3CDF
0007424C
00050FCF
FFFC089E
FFFE2D88
000A0359
00028740
FFF0D959
FFF87A7F
FFFCF6E6
0004FEA7
FFF6B48F
FFFCCF41
FFF4168B
FFFBD539
FFFD2555
0002137F
00007FA4
FFFC730C
0009D8D2
0001BB50
000BF359
0009D83E
0004D966
0003BBEC
00046409
FFF9071B
FFF2D6DD
FFF8D547
0001BA0A
0002CA4C
000AA156
00048F57
FFF33502
FFF6F180
0002BF3D
0005EE2A
FFF71CFC
FFFF6955
0009A72C
FFF9286B
0011D10E
FFFFF855
FFF6867B
00062F9A
FFF6507E
00047E2D
00031322
FFFA4A89
000A6905
FFF1568E
FFF118DD
FFFE908E
00035C2F
FFFD3549
FFFBB7BA
FFF3BD2B
FFFE5E26
0008D9D0
00065AAA
FFFA264E
FFFFE142
0000C504
FFFC0609
0009652A
0001BDB7
000A0F35
000F9F77
00033AA6
FFF8919A
FFFCF2AB
FFFCFAB7
FFFA2F87
FFF9CFFF
000CEC9A
FFFA4E72
00023A2A
000918E9
FFF9BE26
FFFC175E
FFF7FAE1
FFF261BF
FFF54320
00023D5F
FFF4E863
000264AF
00068E70
000217A0
00035774
FFF3E7F8
0000807D
FFF9ADC0
00018858
FFF67710
0006CE60
0001BCDB
FFF0C316
00065778
0000EEE4
FFFE7499
FFFC0E65
FFFDDF76
00038673
0007C967
0006C38F
FFF98581
FFFE858A
FFFB82F5
00072592
000386D0
00171B90
000861A3
0010389E
0010AEC5
0008779A
000921D6
000378EA
00036733
00145CC1
000B2CB9
00029041
000A1D78
000BD274
FFF10F22
FFEDE3B3
FFFA43E0
FFF6A5BE
FFF7C360
0004790B
FFF17ACF
FFF925BB
FFF3F7E1
FFFCB290
000DA584
00035B19
0006B173
00135F6F
FFFDBB41
FFFAAB0D
FFF8DEBD
00097808
000C8826
00017914
000A812B
0009D51E
00099F6A
000D0B83
00096370
FFFAA06C
000A3783
FFFEE97E
FFF7A208
FFFC0878
00018C17
FFF941C6
FFF87180
FFFE4198
001195EF
FFFA12D0
FFF9BDD6
FFFC90A4
00014620
FFFD475E
00046AEA
FFFE8AA5
0007C664
FFFB0322
0010D7D5
FFF9A7F6
FFFEFC08
00022CAE
FFF47143
FFF97AF3
FFFA49D6
00035CF5
FFF6A9FC
FFFB36D4
FFFAC0DE
FFFF1C43
FFF5B605
0002A191
000AA35A
FFFD762A
FFFC597E
00048C32
0004A9C0
FFFCD0C3
FFFCC036
FFF505F0
FFFB6D38
FFFF9FDB
000CD3AD
00086E86
FFFDC071
000096FC
0002719F
000A2060
0003A080
FFF9DEAD
0008E09A
00133A74
00091DDC
000C6CC8
0003CABA
FFFA6361
0002C101
0006141E
0009C278
FFFDAE1A
00086F9C
FFFCA426
00065F55
FFFCE90B
000108B8
FFF607D5
00052C78
0008BAD8
000D58CB
000C9091
00043768
0006FEF7
0006A849
000608E3
0006C572
FFF9FA9B
FFF6E3A3
FFFD77AB
0001ED0D
00052EDA
FFF70C80
00086295
FFF40708
0002DBC3
000CEEBE
FFFE33EC
000A4289
00061306
FFFE677A
000E3328
00084321
FFFCFECA
FFF660A2
00037566
FFF2CCE4
FFFBA69B
0001B412
FFF64577
FFF3C312
FFF41B9B
FFFB934F
0005D16E
FFFF26E0
FFF3442A
0004E4A7
000AA6F1
0004B4D0
0001C5C1
000707FA
0005A349
000894DB
FFFB4EC9
0007FC60
0001CF84
0004897D
000757A2
00023737
0003BC37
FFF078EA
FFF86E33
000246EE
FFEE3166
FFEFE44C
00007EB8
FFF6C67A
FFFC3BFA
FFF1824F
0001FA84
000C0465
000EDBFD
FFF3C12C
00005393
00033E28
FFFB40A9
0009BCC1
00099F6F
FFFC20DA
FFFD2403
0001C352
FFF8AD52
0003DE92
00036FD0
00041405
FFFF23EA
FFFC2863
000F1293
00039D0C
00022678
FFF96222
0003BCCE
0005B9B3
00038B68
00070262
FFFFEE49
FFFA8A83
FFF9ECCD
FFFF3A3B
00010EF5
00025101
0001F814
0001DEBE
0002BC2C
000E14AA
FFFF01F0
FFFCF536
000590E8
000806D6
FFFB3812
000559D9
000E29FC
FFFD305F
0007DF00
000B67A4
00090AB5
00027185
FFF5EC0B
FFFAFD9D
FFFE1938
000C89A4
FFFA3B45
00090208
FFFEE2EA
FFFEF254
0003BFDE
FFF72D8D
FFF6CEB6
000EA078
FFF7CBA6
00060EED
FFF54B2C
0004AA0B
00065E90
FFFFAA70
FFF85A86
0005902B
FFFF738A
FFFA8E88
FFF8DF29
000957BB
0007812A
FFFC40EA
0005C37B
FFFE589B
0003FE70
FFFFCBFA
FFF9D7E5
FFFFE09A
FFF9275A
FFFD7A5E
0002D672
FFFB12BE
FFFF5E48
FFFF1DE6
00016229
000811CE
0003E1F3
000D0C06
0000A9BE
FFF60A39
00036254
FFFC5EA3
00092758
FFFFA144
FFFA61AC
FFFE6630
0006FA23
FFFF344C
00043ACF
00121A98
FFFAA0A8
00029967
0006F0EA
FFFB345F
000F2FB4
000D7DFB
0007BB46
000525CD
00020711
FFF5A55A
0009925D
0003D87E
000495F1
00005E67
FFF9D8DA
FFF9BB38
FFFA9A35
0007CB96
0003E4D2
FFF73091
FFF839B3
FFFCB6F9
FFFF0449
00030EA4
FFFB6305
FFFA5F73
FFFE2386
000643A6
000AEBE8
00031663
FFFBD2D2
FFFD1E15
000A6B82
FFF5E0D0
FFFAFCD1
00084961
0001A6F1
FFFE4C63
FFFB33BD
00042698
FFFE6D16
000A4E6D
FFFD7BB3
FFFCC4BF
0009015C
0006350D
FFF85EB1
0007D43E
00044DF6
0009D09F
00045B26
00021A07
FFFC7D88
000D00F5
FFFB6476
FFF5F009
000A04BF
0003BE4D
000A6A2D
00048A29
0006694D
FFFFD599
0003CDEF
FFF4C24D
FFF77515
0006F77C
0004C786
000CEA77
00053D6A
00038B24
FFFDA60E
000C76B6
00015D40
00017795
FFFE2849
00089814
FFF9F0E9
FFF949ED
FFFC91B8
0007E2E5
FFFE482C
FFFAE4AB
00031B0E
0004F066
FFFF4EB4
00017379
00045BC5
00053637
0007EECF
FFFE514F
FFFA67CE
0005FF0B
0003CBB5
00027D6C
FFF9356C
00013CCD
FFFD3FF6
FFF92080
FFFC794E
FFFFFEFA
0007DD97
FFFD5683
FFF83079
FFF95459
FFF7D5DE
0002D311
00051708
00042793
FFFDFEA8
0005E0B9
FFFECE96
0001994D
FFFE3212
FFFC4DCB
FFF6A994
FFF53CEA
FFFE48AD
FFFFD713
FFFD8244
FFFB5D1E
FFFAC66C
FFF64B02
00007792
0006AB21
0001B409
FFFD0432
FFF814DF
00028C8A
00019335
FFFC68BE
FFFD1D00
0001833C
FFF7C2CB
FFFB610B
00004EB6
FFFDE732
00013182
FFFA0352
FFFFD092
FFFDAF65
FFFAE054
FFF57F89
0006A704
0001CEE5
FFFDBBDC
0001A1DD
FFFB63FC
FFFE9590
FFF81176
00029DBC
FFF956BD
00047E76
000647C2
0007DBB2
000817B8
FFFCCF31
FFFE1002
00032372
0001BF20
FFFEFCB7
0005D9D3
00015529
FFFE28DC
0002276C
FFFA739F
000133B0
00001663
0001DA38
FFF749C5
FFFC7A1F
00004897
FFF6DE78
FFF1ED45
FFF71C76
FFFB534F
FFFC10E2
FFFD4157
00012C48
FFFC2821
00020EFC
FFFDF0E7
00014051
FFFAD696
FFFB259D
000837ED
FFFD76E3
00043E27
0005B723
FFFDBDFB
0001395C
FFF72649
FFFCDA27
FFFFCD55
FFF8CF4D
00049BCE
FFF8E3CB
000186E1
FFFA9EE1
FFF84850
0003E2C9
0000BF9C
FFFC71C0
FFFE33F4
0005399D
FFF9F59E
00039107
FFF5A545
FFFD587A
FFFEC08F
0006C8DF
FFFC1E0A
00010595
0002151C
FFF68951
FFFC5424
000244CD
00023B57
000400C9
FFFB597A
0000B437
FFFA0F07
FFFFB14B
000182AF
0003BBA8
FFFEEDB1
FFFC2FBD
00013911
0002D29F
00048397
000611DD
FFFE4190
00034D0C
FFFC3612
FFFE0D36
0001411E
00002E8E
FFFDCAA0
FFFF20FD
FFF9271A
00025340
0006E1FA
FFFCD269
FFFCF599
FFF80FA9
FFFDA7F2
FFFEBB44
00053610
FFFA7DEF
FFFAFAC9
FFFD6F9E
0003BBE4
FFFAC075
000073A5
0006F6DE
FFFE253D
FFFF1245
0003E6E5
00006989
FFF73737
00032DF9
0008D1BD
00086F1C
FFFF35D1
FFF95763
FFF9EF12
0001AFA1
000367E4
FFFD3A6E
000551C3
00031494
0001DB4F
FFFFE904
FFF46EE1
FFF9B4B7
FFFF6EEB
FFF81134
00015EAD
FFFB0587
0006B9E6
FFFC7145
00008E75
FFFDF12A
00000297
FFFEE875
FFFE73A6
00070E20
0005048E
00026A90
0000A321
0002BF4B
FFFAC7B4
0002D52C
000263ED
00009D3D
0001CDFD
000567A8
0002BBD1
00069613
0000A266
FFFBDF52
FFF8D93E
00055F50
00060904
FFFA0286
00025DF6
000214C6
FFFA1A1C
FFF68A92
0002F09F
0001A8B8
0003DE70
FFF6C3AC
00008B96
FFF5DB96
FFFB757F
FFFFBD97
0001C9DE
FFFBEA08
0001A593
FFF8953A
FFFE3943
000767FD
0008135A
0004993F
0000E0AE
FFFBCE69
0000054D
FFFDFEE7
0008D897
FFFB72B4
0002AB13
0007E255
FFFF50E8
0003CB92
00077597
FFF04CDD
FFFBC37D
FFFE44BF
0003F1D4
FFFDC6E5
0002E8FA
0005222A
FFFD96C4
FFFCA0A2
0003D120
00070891
000A542F
FFFF3253
FFF866E0
0005B01C
0002764D
FFFF1844
FFF18FE4
00021C6F
0004E115
FFF7C99C
FFFEE40F
0002CCE3
FFFAED5F
0004DFA5
FFF92A40
000924A5
00042B68
0002B101
FFFB5577
0003CF54
0000E9C5
0000C309
FFFEEAB4
00054105
0000F277
FFFBBCB8
FFFAAB14
00069A9D
FFFDAF0A
FFF8A405
00026B3A
FFFA1ACF
FFF9B093
0007A7FB
0004ECCC
FFF8A453
FFFF8BA3
FFFB62A3
0002347A
FFFC75EC
00034E5B
FFFE22C4
FFFF2816
000132EC
000507CD
0001DE2C
00047233
FFFEB5C0
FFF8894B
00020FCF
0003EFC9
FFFC8F73
00039599
000104CA
FFFB06CA
FFFA7717
00066E2C
FFFEB481
FFFFDE3C
FFF9337F
00032E34
0000456F
FFFDE501
FFFFD75B
000104C3
FFF0E9BF
FFFAF439
FFFEBB69
00062344
00028653
FFFFF720
FFF8AC57
FFF800AF
FFFB789F
0003BE91
0004E271
FFF8563F
00009104
FFFEE973
0002238E
FFF9A1D1
FFF1811A
FFFCECB0
0001BB4F
FFF4C9E0
FFF8D974
00075023
0006B941
00000E86
000191D3
0000606A
00047DE4
FFF92ACD
FFFD8252
FFFE7B84
FFFA4DE6
00032736
00091DBB
0000294E
0003687F
FFFE5035
FFFF9595
FFFD5619
000536B6
0002396C
FFFBA832
FFFBDEAC
FFFA283C
FFF8A872
00010E81
0007409E
00055462
FFFE092A
0008F289
00063C33
0003A9C6
FFFCD6D1
000166E1
0004D549
FFFDDA9A
FFF63743
FFF97802
FFFA536F
FFFB2BC3
FFFC02BB
FFF3C0C4
FFF87628
FFF96E07
FFFAB723
0002410A
FFFB1731
FFF40FB6
FFF937C5
0003AEF3
FFFB7C80
FFF9C960
00043527
000364FA
FFFAB80C
FFFB42AA
FFFFA326
0002BC35
FFFC70FB
FFFA1CCB
FFF7C74E
0001115A
FFFD8F86
0000005D
FFF5F956
FFF95BE6
FFF7454A
FFF8A606
FFFDCA7A
FFFE35CB
FFFD8B77
FFFB45C7
0005BD02
0004F66D
FFFCADCF
00059CC1
FFF6048C
FFF912FF
FFFA6851
000411A8
FFFDDDB7
FFF78D30
0000045F
FFFEF9F3
FFF6F2C5
00027270
FFF969ED
FFEC8AEE
FFF323C3
FFF86F9A
FFFA41E2
00085177
FFFD3F9C
FFF9DC92
FFFA3D20
000155E9
FFFD9285
00011F27
FFF91323
0006439E
FFF7DA54
FFFA6D30
0000D8DB
FFFCF0C6
FFFA0875
FFF4E708
FFFF89B4
0001F418
00027663
FFFD6360
0000FA8A
FFFE1BE0
00054258
FFFC8F56
00083989
0003C316
FFFF587E
00054303
FFFE7DFF
0002CA2D
FFFE359B
0005C845
FFF600FE
FFF71718
FFFBAEBE
FFFB239D
FFF9BA73
FFFF3941
FFF5FE76
00006B5B
000124E2
FFFDA48D
FFF89E5A
00004009
FFF87D80
FFF978CB
FFFC1340
0001CE17
FFF981C6
FFF48AB4
FFF9E7AE
0003A418
FFFA24CD
FFFDCD37
FFFFB6E4
0001D08C
FFF83068
FFEDC160
FFF424C4
FFFE354A
FFFD833D
00023D88
FFF64443
00009891
00070134
FFF984D4
FFF64D92
FFFBCA8F
00043E0C
0001143D
0001839B
0002FFDB
FFF8DBD4
FFFD5592
00024CFC
FFFF433E
FFF8EA48
FFFB4D24
FFF7567D
FFF9DEEC
FFF8BA4A
0002DA0D
00053A2E
FFFE636B
0007DE88
FFF8AD31
0000653A
0002016B
FFF9B322
0000CB5C
0002C0C3
00036A73
FFFE8726
FFFEA97C
FFFBE37F
FFF60F8F
0000E56E
00078017
FFFD5BCF
FFFC784B
FFF827BF
FFFCC85F
00024212
FFFCC6F4
FFF7047E
FFFA3F12
FFFFE81A
FFFFA208
0005B958
000165A9
FFFE8055
FFF8C738
FFFDA10E
FFFC96A6
0008CCA0
00048CC6
FFFAB41B
FFFADC9E
FFF9848F
FFFF1FA0
FFF629E1
FFF8FBEB
FFFFC062
FFFF1AAB
FFF52313
FFFA7F06
FFF9A7C7
0002E7C0
FFF8FCB5
FFFFA364
FFFF0779
FFFFC7E7
FFF69851
FFF7AC58
FFFFD712
FFFAA14C
0006B5D9
00074FA2
FFFBE2C7
FFFFBDB5
FFF5AD26
00031FFD
00086015
000A619C
000D2942
000B00C7
FFF9319F
FFFEC59A
000769D5
FFFE2B86
FFFDC614
FFFA86F6
00072F26
0002BE8B
FFF8ED4B
000B59A1
FFFFDBA0
FFFF09BF
FFF590FC
FFF36C3F
FFFA6492
FFF8465E
00034B79
0002AE8D
FFFF5C49
FFFBACC3
00099153
FFF5B75F
FFF6F432
FFFE9FFD
FFF52CDA
FFF4500E
FFFACE00
FFF9F476
FFFE7513
0003482A
00021118
FFF3C457
00033E21
00072F1B
0008471B
000400FA
00065F27
FFFE39C5
000E44CF
0005605E
0003F9F7
000518E0
0002FD98
FFFC9454
0001BD9A
0005EFE0
000280B5
0004CE0E
00006032
FFFF8F98
00039CFB
FFF90879
000396CC
FFF8D976
FFF8B402
FFF92FBE
000048B6
0002D87E
FFFCB342
FFFAF716
FFFF24DC
000057A5
FFF69764
FFFD6270
FFFEE81B
FFF82C1D
FFFF5FCA
FFFBAC95
00040F63
000B9E4F
0009D811
00021D97
FFFD9476
000442B8
0004FEEF
FFFF5C49
0008910E
0005987B
00048660
FFF7000C
000472BD
000DD701
0005BD21
FFF87ACA
000C4317
FFFB2BD2
FFFED452
0004E9C5
000B6BA6
0005CA63
000418D8
FFFF91FA
0000BF28
000664B9
00046208
FFF841E9
FFFB7845
0006878E
FFFB0254
FFF8D361
FFF85010
FFF5A329
000453AB
FFFA55C4
000335B0
000721A3
0005B980
0007045E
FFFDE3D0
FFFD58E0
FFFFA11B
FFFD467C
0003B7D3
FFFA6F34
FFF8607E
FFFC5688
FFFAC429
0009BAEC
000375A5
FFFE68BF
0001F84B
FFF606A8
00066E6D
000182DA
FFFE2EC3
FFFD2ED9
00102A0B
FFFE2E2C
FFFE1274
0004D795
0000D444
FFFC5344
000A0DF7
00015747
0009138D
00020E9F
FFFFF287
00017F21
0007CD49
000BB821
FFF73278
0008AE61
FFF9CF26
000187C7
000ADE71
FFF76759
000AA7F5
FFFB78D2
FFFD1A0E
000C484F
00081C5A
0009896C
000211DB
FFF9BA36
FFFF3D4B
FFFDE055
FFFF1341
FFFBE081
FFF94763
0007EEA6
00004A2C
000AC90F
000815D9
000A5EE7
0001E5A8
000A6BC1
000191DA
FFFF0428
00017411
FFF67C52
FFF93201
FFFF6CDD
FFFF8B35
000278F6
FFFDAC6A
FFFF2B7C
FFF9C7C9
0007DEB9
00027D06
0001B2A3
00004188
00051498
00082ED0
000759C1
0001BCA2
00089B90
00019D41
FFFE373E
FFF834F9
000C2773
000399D6
0006A372
000298F7
00053A53
FFFCC959
000A037F
FFFC9DC1
FFF91164
00049AF8
00006F22
00036462
000778EF
FFFBF92F
00043B76
FFF9F072
FFF99DF9
FFF8D5B8
00064FEA
00010E07
00045A5A
FFFE7DE1
000141F1
FFFE9DD8
00030B5E
FFFABF56
FFFEC8C3
00061966
000019AB
FFF975F8
0005CF37
FFFE514A
00049B80
0000E4E0
0001B3B5
FFFDC1C6
FFFAA4D6
00061D39
FFF4836F
FFF1145C
FFFB032F
00009EB7
000A8167
FFFA4705
FFF7C11D
0000AD06
FFFE68EE
FFFE777E
FFFF8292
FFFE2FEA
0001902A
FFF26E20
FFF884AA
0007FC8E
FFF728BD
FFF2AF0A
000047D3
FFF77529
FFF90106
FFF8B0B4
0008CA90
FFFF9123
00088090
FFFF46EB
00010222
0006E43C
0003179C
00012F0F
00028D7A
00047781
0005E956
FFFB0D9B
FFF67A85
000C7598
FFF9B667
0001AECD
FFFCBDDC
0001A980
0002C6E7
000BEB38
000185B4
0005A3E2
00099449
FFFB03C5
FFFF9CE9
00074B3D
0001A2AC
000BD5F3
000C04AB
FFF90EF5
0006B553
0004BF71
000AF685
0000FCF5
000347CA
FFFADDA4
FFF9F4EB
FFFE52F8
FFFD04EB
FFFFFE52
00012229
FFFE2CC3
FFFC06CF
FFFED5AB
FFF8FBDB
0003BCF2
FFFBCD30
FFF5BDB4
FFF985AE
FFFD808B
FFF93513
FFFFB10A
FFFCB632
00013E44
000B75F8
0006E2F0
FFF97347
000698AB
FFFF8776
FFF6ABC7
00018A44
00023997
FFFE2ACA
000522E2
000AC4E7
00015D50
000DF1BD
00027AA4
000CB033
0001DE06
00015589
000701EF
0003127A
FFFE884B
FFF90565
0008A5DE
00085569
FFFAD9A1
000A4B35
0002EB7B
FFFFA7F2
0002C1A7
FFF9DB9E
0003F9EE
FFFA801A
0004CB6C
00083C98
00075F18
FFFACCF0
FFFFE3C7
FFFFE75C
0001A852
FFF5AA08
FFFC8391
00090D9F
00099C52
FFFF00A0
FFFBCDF3
FFFBBF57
FFF4D986
FFF3A4ED
FFF24C29
00012A6C
00029382
FFFD1AA9
FFF697AD
FFF60447
00000CE2
0001BAFA
000C685E
FFFF1769
FFFB6A4F
0003AC4B
FFFBD1A0
00036F8E
0002970E
FFFC633D
0002D67E
FFFF7B73
0000A702
FFFD445C
FFFD73BA
FFFD34D5
0004EFE8
0002BED0
0005A6F4
FFF5C9E9
FFF2B949
FFF63CA3
FFFCDD6B
FFF4696F
FFFFC56F
000047F9
FFFAAE7E
FFF73036
000D12C2
FFF7C81D
0006C21D
0007B119
0005746C
FFFA2A3D
000283CB
000A5F09
FFFEF7B8
FFF78D45
FFFC4540
000689A7
FFFED0FF
FFFC2572
00067E7A
00015E0D
FFFD1D7B
FFF46BAA
0004730A
00020951
FFFC80CD
FFFDA8F4
0003C2B3
FFFF03B5
FFFA522B
00020247
000218FD
0003237A
00096290
00069432
FFFF6E58
FFFEDE14
0008B97D
FFFD104C
FFF9E034
00045EF0
FFF7E558
FFFF3C75
00025150
FFFE9238
FFF83BFB
FFFD7A0A
FFF956C6
FFFCF899
00040B2E
000B452D
FFFCA0DC
0004CC0E
FFFEE226
FFFAB902
FFFCEE4F
FFF8CEF1
00026114
FFF929CD
00092894
0002322E
FFF7E478
00011994
00072A1F
00030F94
FFFDCD3A
FFFF06CA
FFFFB05C
000BA0C1
000A4DDB
000ADC46
0000310C
0005E63F
FFFA0724
FFFC28AE
0009E1BF
00047F0A
0003E024
00052B71
FFFB6011
00086944
0007D794
0002E943
FFF99EFD
FFF6A2BF
FFF90808
0006EDD7
0001F695
FFFE61E5
0009A3AA
0007CE6D
0009ADB2
FFF7046D
FFFDED0E
0002B408
FFFE6759
0003E7ED
FFFCBB06
0004BAB4
FFF29ABA
FFF8428A
000015A9
FFFD21BF
FFFA24C3
0005AF53
0003525F
00058E97
FFF7EC8E
00025503
00009BAA
00039574
FFF7E224
FFF98122
0000FAB2
FFF957B7
000705A9
000A1B16
00014020
00001E58
000788D0
FFFDCA6B
FFFB5C5A
000023FF
0000060C
FFFCA627
0001BB39
FFF9D959
FFFC9EA7
FFF5576C
FFF9A957
FFFCE764
000F8B59
FFFE9344
000C4641
000CB0A7
0000AE10
00070EED
0009A6CB
0006491A
0005767B
0001AC38
FFFA1BD9
000433D3
000998FC
0001AE71
0002D89D
00048D16
000091B2
0008044A
0008337D
0004A453
0001C350
FFFC20CE
FFFB5270
0005F691
FFFD0C4C
FFFCC780
FFF9C20D
FFFF1DE6
FFFD0420
0007DD4E
FFFDB7A8
FFFDCAFF
FFFACE7E
000434E2
00069DDB
FFFD967C
0002F6D9
0003006B
0002819D
FFFA31E3
000031B2
FFF816C1
FFFB718F
FFFE0452
00070E4F
FFF98AF2
000AF423
0004D726
FFFBAEC7
FFFB1670
0000B945
0008B38D
000368D3
FFFCFD2F
00051BE5
00082647
FFF64EC6
FFE72F14
FFFD31E3
FFE8CA95
FFE5F3BD
FFFFB3FB
FFFFCA0A
000608BA
FFF68AE6
FFFC8825
FFFBED79
0011BF40
00004569
FFF2FF81
FFF9D5A3
000FD681
00138D92
00133E65
0018B628
FFFE6E8F
FFF05F7C
00004D44
FFF9D8C5
FFF153DE
000A469A
00098F42
FFF71545
000504A3
00047A3D
FFF2920D
FFEBEF86
00038195
000F3C4D
FFF3F74C
FFFFED9A
FFF7C08A
FFF945C4
00002453
0006DF82
FFFB6954
FFEF3F0D
FFFF84AC
FFF07E1F
0002BD69
00124FF9
FFFA1CBC
FFFC2BA6
000CBCCB
FFF37BD1
000D4FFB
00035E04
0008B495
FFF1F2F2
000F7D53
000BDB35
0000FB32
FFFF46C1
00068974
000B9896
0006B7F4
000221C0
FFFCDA09
0002EECA
FFE6A101
FFFB488E
000286D9
FFFF8D7D
FFE9FAAA
FFF4F2F4
00096A47
0000216E
FFF9A34A
001194E5
00101AA2
000CFD8E
FFF8F03F
FFFBAF3C
0007085C
FFF7B4E5
FFF6ECDB
FFF0A674
0002C2CB
00006DE9
000132EB
FFF763DB
FFF7B831
FFF43E60
FFF0F537
FFF8C0BF
0016861A
001124F2
FFFAB13A
000481B5
001AFDC2
FFF70F8D
000CB45C
00022F12
FFFA510B
000600E3
FFFB82C6
0013FFE9
00096F9A
00050076
00145809
0001429B
00156D1B
FFFF743D
FFEE374B
FFF21C82
FFE75D7E
0002CE4B
FFFCA094
FFF95B43
000041F9
00032BD9
000C3376
FFF3597C
000E396D
FFFF2A74
FFFC713D
0002402D
0003835D
0006857A
0006C0FC
FFFF2036
FFFDF22C
FFFCE141
0005CC0C
FFF26E79
FFEF4849
FFEEA236
FFF06A2A
FFED4B1A
FFFC182D
000F91EF
0017F77A
00005206
0008BF85
FFFF2DDC
00096DFE
000B798A
00029F80
FFF5CE02
000A0079
0006BCDB
000C1478
00064B88
0005D4B0
000486D7
0002AA81
00091428
00065EF6
000A7A38
FFFE5113
000D4655
FFF2CC42
FFF86A05
FFFA168D
FFFC0A02
FFEF8752
FFFD245F
000169F4
FFFB2A85
FFF47A81
000DD422
FFFC6714
FFE2952F
FFFAEDD5
FFF7C9DF
FFF67063
000C4AD0
FFF18C89
000C424D
000804E4
00044BC3
FFFF86E6
FFFE3134
0016D092
0003D144
0009547E
FFFD608B
0003FA1E
0002B57E
0013C9FC
000DB458
00009459
000D91F9
FFFBF3F0
FFF5ACA6
000643FB
0008B75E
FFF567D6
0002E2EA
000150A6
00021B11
000449CC
FFF863BD
0001F648
FFFD2BE3
FFF3627C
FFF17655
FFFF1598
FFF1F86A
FFE91918
FFEDE4D1
00177723
FFFA044B
000B5646
000FCC6D
0007852A
00046AEB
000D68B6
0010CEBB
FFF07A69
FFF2B2B0
FFF57CFB
FFEA3F97
FFE35BFF
FFE5F214
FFFEEC8E
FFF6D674
FFE5B33D
FFFBE70F
FFFA4544
000CE942
000888D4
0000C8F9
0019C567
FFFB9EA4
FFFBF125
FFF5B0E3
FFF76718
0006DAB8
FFF9AFBC
FFFC2A34
000BA623
FFEE051E
0007BD76
00041D30
FFF8A4F0
00045A69
FFFA82D2
FFF60BF1
FFF2F1A3
00091467
FFF0FB8E
00004930
FFF298E2
FFE5AF67
FFE89AD9
FFF8FBA7
00149982
FFF137A5
FFF6961C
0008F613
000BEEE4
FFF9C3B3
0000C3F4
FFFB9A3A
FFE624BA
0008196A
FFFC2312
00085755
FFF8D0E9
00080397
FFF362A3
0008C193
FFFFB480
FFF3B792
FFF42F1A
FFEFB4C1
FFFA5A22
FFFAA537
FFFE6908
FFFE72FA
FFF428D8
000E6E3F
FFF4E431
00029756
FFE7F74A
FFF4E6DF
FFF0AAF0
FFFE8022
000211D1
FFF41B50
00094BCC
FFF39BF2
FFFB1151
0004D66C
FFF739C9
FFEBE1BF
000BEEFD
00046EBC
000E53ED
00068970
FFFDE117
000B0BAE
FFF286BC
FFF91AD5
0000C169
FFFFADA9
00074F76
00059636
0014432D
00078F7C
00124383
FFF80DFB
000ADE86
0004A1DC
FFFACBAA
00109530
001675BD
0006728C
FFF6048E
FFF5B441
FFFB9DAF
000980C5
FFFB34DE
FFF292A0
FFFD19E9
FFFFD169
FFF8883C
00052121
FFEB5A22
FFFE0DED
FFEBF1BA
000882DA
FFEED2E1
0006484A
001030C7
FFE6B8F3
FFF87755
FFF2619B
0006EC3D
FFFA6131
FFEA13AB
FFF8554C
FFF6E511
FFF5E8EC
FFFDE1C6
000961C5
0003DF6C
0000B859
FFF1FCD9
00120567
FFF5ABCB
00015605
001167DE
FFF83B9E
00076736
FFFD1DAB
FFFE754A
FFEF1052
FFE73F8F
000567AD
00063C29
FFF6049C
000404DB
FFFE374D
FFFBB223
0003B54E
FFEBF51D
FFEBA11D
FFFC7273
0001CAC7
FFF259AD
000FF68C
FFFE26C3
001217C7
FFF9776B
FFF4584A
FFF978C0
00008170
00077EBA
0005F96D
00069E4D
00031303
FFF3D781
FFF43AF2
0000CAD3
FFF55CA6
FFF4295C
0004FC00
00001853
FFF70C09
FFF6CC15
00045D18
00045CB9
FFFE4403
FFEBE4F6
FFECD800
FFFBEE31
FFF18A94
FFF44F12
FFE98F6E
00117D6E
FFFDAB2B
FFFBC0BA
0005406B
FFFA797A
00075042
FFEF7272
0009DE12
00014757
0005B445
FFEAB24F
000C34CD
0004916F
FFFE246F
FFF072DF
FFF05C2D
FFF33EF8
FFFCB855
00050905
FFF37EAC
000BD380
0011FF83
FFFC69E3
000335D8
FFFC0B6B
FFFD8008
00141EF9
0008B910
FFF411B9
0000EFC0
0002A1DC
0002E099
0017550F
0008FDB4
000F1E9F
0002C31B
0000392F
000A279E
00045EA6
000AC088
FFF4CD90
FFF3E066
FFFF7573
0005DBB0
FFFAA670
0014C9BE
FFFFA9FB
00039347
00060581
001258F0
000067E8
0007E4FE
00019320
FFF50065
FFF38BF4
0007BE61
00035C25
FFFEB90C
0000F0A3
FFF22269
FFEF59FD
FFF4E2CD
FFFC9F7A
FFF5C264
000C90AB
FFFE50B7
FFFCBC97
0009926B
000AC607
0008D120
FFFCB0E7
0010A711
000AD54F
00097BA4
00034005
000554B2
FFFE9CED
00087D75
000C9B9E
000732CC
FFF2F61E
00070A4B
FFFC14ED
000F731D
0006BF95
FFF3FD5A
00174E9E
00197A78
001B4B87
000E2C82
001DB2B0
00123235
FFF04F03
000B1330
FFFBB231
FFFD18F6
FFFA1593
FFF73F41
FFECBFFF
FFFE3FED
FFF41554
FFF10FE2
FFF49D76
0006E617
FFF52B93
FFF124EA
0003A082
FFFABAE4
0007742E
00033705
FFFBA024
00066387
0018AD5C
000BD2A7
000C850B
0013BC12
FFF084F5
FFECF29C
FFF87C3A
FFE9F3F1
FFEDB380
FFFB21A4
FFF51A07
0002324B
0004BD84
FFFD7607
FFFDF5E6
FFF1F4BB
FFF0443B
0010B949
FFFECADB
00093F0C
FFF3DA2D
FFF6C4C3
FFFF55DB
FFEE5347
0007CEFF
0006440A
FFEDB706
FFF1513D
001228DA
FFF6FE67
FFF6D29F
FFFC6E1B
FFF68169
FFF86EBD
FFFBF872
FFE8C591
FFFF27B4
FFFBC60F
FFEBEBE2
FFF2711C
000EFF29
FFFD0A38
00099C51
FFF10D9E
FFFA8387
FFF55CC1
FFFC4B53
FFF4DAFE
000389E4
0002AE13
FFFA5826
FFFB5AFA
000B0CEA
00022E13
FFFC889A
FFF71A6C
FFF0479A
FFEBD0BC
FFFBD178
0002AC53
FFF2D651
FFE07CC2
FFEE7E4F
FFF3F428
FFE9C1FC
FFEB18C5
FFFE3318
0008E36F
00097E41
000A0A0B
001030E1
000BB07F
0003933A
0000CFE6
000BE7A8
FFFCF6C9
FFEF8334
0001EB13
FFFE6BD1
FFF40107
FFFC91D6
FFF7066F
00029AB3
00049B7E
FFFE800C
0002D6EA
000035D8
FFFCEC20
000B80B9
00038177
FFFAB83C
000A3436
00070557
00085D83
00085F94
000047A2
00009FAF
0000A0A8
0000437D
0003324E
000AC325
FFFDDD37
FFF879F8
FFFD8CF9
0004A269
0004A73E
00043247
00009CB0
0008CCB1
00099172
00037AE0
000366FF
FFF582A6
FFF617D1
FFF77A9D
FFF26EDC
00014102
FFF59529
FFFB540D
000340C6
FFF5977D
FFF8112E
0004D7E1
FFFB3FE0
FFF63ED2
FFF89B79
00015E2F
000065F9
FFFB8FE8
000333A8
000765A1
000AF10A
FFFBE7C4
000853CA
FFF6F2F7
000335D1
00057460
FFFCC07C
00051C0E
FFFD2201
FFFFA39B
FFFAB667
0003A31E
000548D6
00029083
0005ED7E
FFF9FAD9
0004B489
FFF7377E
00050FAD
FFFB49A5
FFFC98BC
FFFA8037
FFF977AD
0009ECE5
0002A611
00029F8C
FFFB4706
FFF7D2C2
FFF9AB83
00040909
FFF8529E
00008536
0000016D
FFFAFCA7
FFF90392
FFF7A3E9
FFFF8791
FFFDB42F
FFF5D4E9
FFF98C8D
FFFC66C9
FFFB12A4
FFFA942D
00033E83
0009A883
FFFFE225
0002E6B3
FFF6BB74
00057278
FFFD51EA
FFFE9896
FFFA8FFB
00068D8E
00000504
000296CF
00006B1C
FFFC1B59
FFFAD506
0009AE5D
FFFC7F79
FFFBAB20
FFF80D67
0003324D
0002C985
000C54E2
FFFD99B3
FFFE8722
00081517
000364CA
FFFDC271
00097403
0004016D
FFFA879A
00044AFB
0004187E
FFFEAAFE
FFFDB042
0000E2D0
FFFFF4B7
0008FD11
FFFA697F
FFFC8CA6
FFFB9D7E
000659BF
0004A44F
FFFA8233
00055896
FFF5F0D2
FFFDA9F1
00052096
00036EF6
FFF6FEDC
FFFCF541
FFFBEE6D
000563BF
FFF76B81
0004D5FF
FFF86982
FFFF902F
FFFA247A
FFFC6982
FFFE0904
0005FD52
0003CFFB
00085283
0005C7C8
000090D3
FFF775BB
FFF2C24C
FFFAFBCD
0005D734
FFF1CC08
FFF83C5E
FFF9FCC9
0000BFE3
FFF75423
FFF915D9
FFF40F2E
FFF361B7
FFF6FC2C
FFF7DA88
FFFD9BAF
FFFA4192
FFF4B4CC
FFF50461
FFFA0373
FFFB12DF
0005B54E
FFFF078B
000195DB
FFFF6777
FFF9294E
0005964B
0000F268
000C737F
FFFF937D
000613DE
00058EC7
FFFD68F7
FFFC0CB0
FFFF8067
00034CFC
000BA791
FFFF5FCC
0005ABD2
0006B075
000053EB
FFFEEEA4
FFFBC13C
FFFF1C85
0008709B
000A76A3
0004CEFB
FFF898F4
000687A3
FFF765FD
00095603
0008BE02
000873C5
000A6FF3
00047CBD
FFFF815B
00001225
00013FB9
000807BC
000331BA
FFFBBE47
00072A46
000D5BC0
FFF92925
0001085D
0000A523
000543CF
0003DF50
FFF703F1
00018D7B
0006CDC7
00024B5C
FFFCB1F1
000A3C6C
FFFFE850
FFF94A3C
FFFAAF81
FFFC0598
FFFE93EE
FFFE34B6
FFFDDFB9
000005BA
00025B7B
FFF8D792
FFF62356
FFFDF7D4
FFFDD920
00013E6E
00068310
00000FBC
00042054
FFF4A58F
0000797E
FFFBB07A
0002B3BD
000388AC
FFF48EB1
FFFB8F56
00080F6F
00038D6A
FFF92523
0003FE5D
FFFC1231
0008E7BF
FFF6CE02
FFFAD460
FFFC63A2
00034C6E
FFFB1BA4
000AFD1C
FFFF4408
00061CD4
FFFE36C6
0009134A
0004F189
0004E4ED
000AFA5E
000A36BC
FFFAEDB4
FFFA46F7
FFFD6440
FFFB3774
0003DD71
FFF9505D
0001D46C
0008C014
FFFE2267
FFF9E174
FFFA426C
FFF8F498
FFF96485
00002F2C
FFFA601F
0000BB96
00053039
FFF91128
000391C8
000490D7
000015CF
00061454
000670B9
0000E346
00074EE3
FFFD94C7
FFFFFE5E
0000DEAC
FFFC4A6A
FFF1D8EB
00009128
FFF3B3DA
00072AD9
00049FD6
FFF5C522
FFFD3B88
FFF95A86
FFF81582
0006241F
FFFEFCAA
0007C382
FFFC434D
FFF83C1B
0009DC5B
FFFDBA92
0003AE4C
00085B07
00011CE8
000590AD
0003F413
FFFAF0A2
FFFFD534
00003CD6
0003F618
FFFB65B0
FFF78AFF
FFF41C76
FFFA4C81
FFFA9257
FFF43308
0005464A
00010E0C
FFFB8295
FFFC0600
FFFF8F96
FFFC6CE8
00034F28
000A17B7
FFFD203B
FFFFB193
FFF893B5
FFFFF991
000C7681
000D3C0C
FFFE9D63
00049496
00020900
0002A411
0003D9C6
0008C368
0007E455
FFF5FFDC
FFEE62D3
FFFA413B
FFF8784E
FFFF7AEF
0002DC6A
0000AFE4
00003846
0004AD5D
FFFD1ED6
00085FE2
FFFE950E
FFFC0DA1
0007674B
FFFD069C
00024FD8
FFFBD908
00074CB8
000935D3
FFFEBBF9
00059889
00096DF6
000A70ED
00023D3F
000189EF
00058DD7
0002766D
00015943
FFFDB020
FFFA6532
0005C43C
0002FAA2
FFFD9D10
FFFA89BA
FFF9C879
FFFA5C78
00017F36
FFFCAFAA
FFFE374C
FFFE6F8F
000888B1
FFFFA468
000840D3
00051CB1
000BE364
FFF9155C
0008832D
0001EE5F
00064E1F
0001D7D4
FFF99954
0000C0F5
FFFE3D08
000124EA
FFF9B9A1
FFF2D702
FFFA5BB9
0000D5F1
00022DEC
FFF70179
FFF1EB04
FFF44018
FFF670E1
FFFE34F3
FFFC1A9E
00096778
FFF84421
000150FF
00041086
FFFA9DDD
000376A1
0004092F
FFF1F88D
FFF8F3E9
FFF726BA
FFFF2C6A
0003652F
00058981
FFF9C927
FFF67D9E
FFFC0A19
000387D7
FFF9B352
00046F55
0000E0ED
FFFF5A48
FFFCF6DA
0000A25D
FFFF5F3A
00074CC6
0005F4B1
00073AE9
FFFB2EDF
000DDACA
00081584
000A1A12
FFFA3899
FFFBAC52
0000FC90
0003CA92
000AE34C
FFFCDCD7
FFFE2F4B
FFFE83FF
00071A16
00009620
FFFE5C4A
00023F0F
FFFC1BD2
FFF655A9
FFFE5737
FFF72E18
FFFDD1D3
FFFE6010
000176FD
FFF8C2B1
FFFB1BE5
0002D7D9
0006FD62
00057463
FFF9A888
0001FD96
FFF7ED67
000775B9
FFFD6463
0005670A
FFFECC44
000B567A
0006B845
0003E47B
0000BFFE
0003F2EB
FFFA84DD
000A56F7
FFFEA651
FFF5090E
FFFBC804
FFEFD27E
00076D96
FFFF8201
FFFA4B98
FFFD5E32
FFF9E10E
00028408
000F8A88
000A1D03
0006CBF2
0009EE0F
000B8A60
000508DA
0000F7E9
0002DCF5
FFFB5571
FFFCCDF4
000648A9
FFF71ADD
FFFB3066
00028D91
FFFDFEB2
0000121A
FFFEED2F
FFF8395E
FFFDE216
000653B3
00031DFB
FFFAA469
FFFFED9A
0003928C
FFFDC01E
FFF97089
FFFA506E
FFFA38B6
FFF7BBD2
FFFA39E3
FFFE529A
000003F8
00027E00
00090754
00079F0D
00010F6A
FFFC776F
FFF6A96D
FFF9940B
FFFC869B
FFFE4DA9
000082AA
FFFF4357
FFFC1E48
0001C328
0001E085
FFFFB169
0005527A
FFFEB98C
00068BD3
FFFE1192
00094065
00083DB0
0010E519
00028D87
FFFEC239
FFFAF8FB
FFFE9002
00085EA6
00060F71
000058D8
00062CE6
FFFE1E94
FFF93B3E
00062796
FFFE4FAA
000CD3F5
000176BB
0007C8EE
FFFDB454
00056B93
FFFB486A
FFFD2427
FFFFF1CB
FFF80FF5
FFFA052F
000AD6BA
FFF819F9
0009CED8
001050E5
00021E99
00064CF9
0004159B
FFFAD007
0006A1D3
00074DD5
FFF59AD6
FFFF0D93
FFF91A0A
FFFCDA1D
FFFA69D9
0006E652
0007026C
FFFCE4F1
0007E4CF
000799FC
0009E4E9
FFFD8455
FFFECE1F
FFF6D618
FFFF737F
FFFF464F
00053BFD
0003A7EB
000764A7
FFF57824
FFFCE63A
FFF8BD70
0001B434
FFF831BE
00043FA9
FFFC967D
FFFB1CE2
000A2733
00037237
FFF37AAF
0005973D
FFFD8725
0006546A
000B75A2
FFFC8970
00080835
FFFFA32B
00077740
00110C53
0005A31C
000FA548
0003A69A
0004625F
0006BBAD
FFFAC6AC
00030273
001278B0
FFFF0F0D
000941DC
0004CBE5
FFF65F91
0003531E
000096DD
FFFD1D67
000BA511
FFFFC2B9
0006B571
0000B3E5
00038186
00079666
FFF7D6E4
0009F9D7
00032205
FFF50620
0009E6BF
FFFFEA34
00085C0E
FFFE5C3F
00071536
FFFACC36
00067E0D
FFFB25AA
FFF2B8C2
FFFAFD45
00079925
FFF66D51
FFF7F158
FFFD75DD
FFFE1FD7
FFFB48ED
FFFF1D29
00052997
000AE609
FFF78532
FFF63E15
00078FBC
FFF6970A
FFFB5BA2
FFF967AC
00081FC1
00068E3F
FFFB41A9
FFF832F3
000583BC
FFF67751
FFFC19A6
0007B387
FFFEBF75
000A88DB
0006BEDC
00072628
FFFE5AFA
FFFF5DF7
00068336
00071F05
00064943
000A61CD
000132CD
000CC6B7
000BF55F
FFF57C49
0006BF56
00067CA9
FFFC0EC3
FFFF650A
000970B4
00058651
FFF99E7A
FFFCFCF7
FFFCADAD
FFFD91F6
000A4EB3
0009B3D0
000883F2
FFF4D37F
00017B98
0002F0FF
FFF86A96
FFFF6861
FFFBC32D
00048208
FFFB9727
FFFF1A1A
FFF62690
FFFF45DC
0006446B
FFFC3F40
0003372A
000DC387
FFFBCA45
00076EDA
FFFEC3B1
000849C5
0007E9BD
000785FF
FFF5D63B
00021245
FFF8BB76
0001C019
FFFF8FA9
FFFE79CB
00012CCB
00045FC2
FFFEFAB0
FFFDC318
FFFC2E4A
FFFCB341
FFFBC3F4
00096AC9
FFFF3CD5
FFFE688E
000668E9
00056686
FFF52F23
FFF80D30
000A6FD7
00081771
00028706
000B429C
000138F1
000582E7
FFFCAD77
FFFFD929
00031727
000064B4
FFFF54D4
000B27A1
FFFBCED6
0004651C
000DDBAB
0003AD56
FFF59290
FFFE0C46
00055BCC
0000230C
FFFBE90C
00032E8B
FFF44ABE
00004485
FFFF9F32
FFFC1BB1
000532F7
00024D63
FFFF33F5
FFFEDE61
000C4203
FFFDF0A7
000A8148
0006BB68
FFFE7BB8
0001BF40
0005AD3C
FFFF4E51
FFFAE19D
0004F557
000A1CB7
FFFA0B97
FFFCC3BE
FFFD8C88
000A4E15
00077A68
FFFF9E1F
FFF5C8FF
000085E9
FFFCE8A6
FFFBB433
0001DB61
00026694
FFF9442F
FFFB2C1F
FFFD66C2
000B6200
00043449
000C6C4A
000914BA
FFFAC9E3
00068FD7
00110C2F
FFFB1B98
FFFA2444
FFF1ADAB
FFFA0527
FFFDCE9E
00073EA7
FFFDFE3B
FFFD93C5
FFFA52AC
FFFF7A77
FFFD4F2D
FFFACAB3
0009DD6E
FFF95575
0003BD8F
0000EB41
0000B3B1
FFFFF3B7
00033AFE
000544CD
FFFD9FCE
0007E614
0009196D
FFE908F1
000799D3
0008874D
FFF71E7A
00023E7E
FFFB2942
FFF71193
00052351
FFFD19E0
00021989
FFF71CBE
000BCCF7
FFFDBF91
FFFD12EA
FFFF612D
00036816
00047EC1
FFFCF368
000AAB37
000141E4
00018C82
0000E78F
00052147
00082D09
0004EEDE
FFFCB8CF
00089088
FFFA5AC6
0008881B
0009BB22
FFF7DA11
0006FEC7
FFFC22FE
FFFD447C
0006F703
FFF5BB09
FFF7E276
00048B09
FFFBAE3B
FFF72EE8
0009D8F8
FFFF9E87
FFFB27D1
FFF8F852
FFFA880D
0004CBE1
0001D98D
FFFF12D3
00035DB3
000F7176
00013B11
0007D650
0003BF0D
FFFCDBD0
FFFF758B
00044316
00009998
00055244
FFFFE75A
0006A0F2
FFF9C36E
FFF7B96F
000C0B82
0002DAC7
0000E5B9
FFF76B20
00046C61
0009C6D4
FFFDC56E
FFF79E2E
000BCFF7
000A1E25
FFFC6AA0
00082311
0006062B
FFF6ED1E
FFF680CC
0003EAED
0000D796
00076EFF
00042FDD
00045E97
000AF3CA
00011CB1
FFF40EB2
000583C2
000878F4
0001F5A5
FFFBDA59
000A995A
FFFC7F7D
0007E0A4
00015A05
000E2DFE
000851BD
FFFC414F
0002C527
0006BCC7
00073C69
FFFE4E85
000AC9D5
0004A458
00022096
FFF7D68A
00080E56
00066244
000769C0
00065778
FFFE7E49
00113834
000C228C
000B0D82
0010A074
00005768
FFFDB8D0
FFEE5D50
FFFACF5A
000204CB
00074664
FFF3E0DE
FFFCCDCA
FFF6D1EA
000A3B5D
FFFE2E98
FFFA8C77
0005EE08
FFFEACD4
FFF7079C
00045761
00050BC5
FFF8D49C
FFFE8F15
000386FD
00071581
000486C7
FFF894E4
000B6B09
FFFE81A7
00031A28
0003A111
00064792
00066505
FFFEFF5C
FFFD38C6
FFFAACBA
FFFFF10B
0005359E
000B52A2
0006DA2D
00005632
000D4EF3
000FA3EF
00013561
00029E10
FFFEB5FA
FFFCC11B
FFF5B7A1
00075AC5
FFFCAB5D
0007952B
FFFB18C3
FFFAA1CC
FFFB2097
001127D8
0002714F
000806CA
0004A788
FFFDF214
FFFC05ED
000D384E
00004C97
FFFECA7A
000038B3
FFF7E780
00090384
0001D123
00047204
000A607E
FFF76C9B
00060CAD
FFF61AAD
0005C775
FFFC812B
FFFE5EF2
0005C620
000459A6
00070281
00116AF0
FFF89F93
FFFF035E
000DB7DC
FFF361FC
FFF777B2
00004052
000470B0
00090B51
FFF9820B
FFF44223
00008FCB
FFF7C22A
FFF4E5D7
FFFBD843
FFF9BC77
FFFA096C
00060A20
00086F41
FFFE766C
0001E1E1
000437A8
0001F7C9
FFFAD898
00019A15
FFFDF772
FFF5E345
0007A510
0011204D
001DF916
FFF3723C
00018DE8
00073F2A
0004B73D
FFF75F02
FFFED593
FFF75E44
00069954
FFF601AB
FFFE85E6
FFFD8A18
0007323B
000ABA11
000C42D3
FFF794AB
0005852B
000904AD
FFFCABB9
00011618
0006BDD7
0005926E
FFFA43FD
FFF79125
00031711
FFF56D60
FFF38730
0000E2B0
FFF8960B
FFF50C71
FFF4CD35
000072E6
FFFD0CCF
FFF4F414
FFFF077D
0001CD54
FFFD5C25
FFF976B7
000482FE
00094E17
0001E90E
FFF6D3D2
FFF8885D
0007E9B4
00020729
0001A7EC
0003164C
FFFE25C5
FFF5A3F1
000C2D9E
0009A830
00029008
FFEFEAC8
0009D6B9
0001D929
FFF66B0B
FFFF968E
FFFCB38D
00036F90
0008620D
FFFB4669
000AF8A0
FFFF1BEC
00101232
FFFE2DC7
FFFBE763
000D926B
FFFF655F
000406B7
0002ED9E
00082576
0007068B
00022307
000DA579
FFFC678E
00000F27
FFF9420C
FFFCFE9A
FFFAE02B
0005F374
000ED2F3
FFF9BFB7
FFFE0699
00059861
0005363F
FFFC75A2
000E1024
0008C43C
00021CD3
FFFCF58B
0011A57B
FFF5DF03
FFF7E78D
000A65B8
FFFB2590
FFFA1F67
FFF5009F
FFF2F266
FFFA265F
0010F9C0
0009D24B
FFF09C97
FFF75670
0006CEEB
0005A060
FFFEAC84
FFF21190
000135B7
FFFFAA8C
FFF2A1B0
FFF6B14E
00167656
FFFF8E5B
00055295
000800F3
FFF73AA0
0004EDE4
FFFD6997
FFFB483B
000BC624
0011F29C
0002777A
000BB650
FFFFE5F4
FFF204DF
0014A04D
00097791
000ACDF0
000BE023
00150380
000BCC7A
FFF24536
0003E511
FFEB0704
FFF53822
00091F51
FFEB9EDE
0003CCA3
00102C52
00038EEC
FFFF14DD
FFF2A246
000475BB
FFF5F421
FFFC69C3
FFEE3694
FFEED8B4
000807F5
FFF93E2A
FFF31CCB
FFED66BD
FFEF780F
0001A5BE
0004EBA2
FFF89137
FFFEC052
FFFF4C87
000F6817
0006DFE4
FFF51AC6
FFF857B0
00017852
000A9D25
FFFE98D0
FFF4847E
00092DD6
FFF9EB8E
FFF1BD89
000105F7
FFF71B17
FFFCE462
0011ECDD
000DE920
FFF5E892
00026D6E
000409A6
000634C1
00020F3F
FFF9625E
00029A0E
0003993F
00099EFE
000253E7
FFFA6D36
000B296C
000CAB65
000C4A6C
FFFA7451
00118C69
0012885F
0016D099
00048F17
000E0490
0015F3AA
000C37DF
000339A4
0000D027
0008501B
000C50CD
FFF8AC8F
000DEB49
FFF909B8
FFFFC5E8
FFF72BC6
FFFAEF70
FFF5F833
0011D650
000ACF9D
000105AC
00018137
FFFD6463
000091D5
0008A2F4
0004E98C
00089A46
FFFF65CB
0002B157
FFF748E0
0002A047
FFFE2052
00021F6A
FFF159FA
00039FA8
FFFCA04B
FFF81BD7
FFFA46F3
FFEF111B
000FD6F2
00002A99
FFFF26C9
000938FB
FFFDC0F2
FFEBDBBC
0007C8CC
FFFA7054
FFEF0AA2
FFF19F81
0007EA55
FFF4CC11
FFF25C41
000283CA
FFF2D299
FFFD005D
FFF59D0D
FFF28AB5
0003444B
0008C152
000564D4
00092382
FFEFD629
FFEF69F9
000C51E2
FFF49CA4
FFF85D77
000F5C79
0009060E
000BB3DD
FFEF19F5
FFFB7AE3
FFE764B3
0012ED24
FFFB4EF5
00098763
00054C54
00046F24
FFFEF980
FFF1046E
00034E06
FFF625A6
FFF4F0EB
0008A878
000040AA
0016AFC5
FFF54725
FFF02810
0002C59E
000A8644
FFF6984D
FFFBF2D5
00060163
FFFCFC3C
00127355
FFF8BFD7
FFF7DFFB
00036CE3
FFFFFEBD
000849D4
0000555B
FFF1BBD2
00059AE1
0008AEBC
00067F28
FFF759AC
0006D187
00071171
FFF3B6F5
000E2A41
0015536B
00039BD1
00161F95
000467BA
00090DE7
000A73F3
0003532D
FFF26116
0016FB43
0011FD26
0004D69F
000CADDC
0003586B
000CDE2A
FFFFEEFC
0003051B
FFFCBD64
000AC204
FFF95336
0007DABA
00027E2D
000F94EE
FFFDE403
00140C48
FFF97A53
FFEB2231
0001AC57
FFF9D0C9
000CDBF8
0000BA2D
FFFC0E12
FFF3EB7B
000FD5DD
0004052B
FFFC3794
FFFD209B
FFFB251A
FFF7AAC4
FFF6F6F8
FFFEF2C0
000C663F
FFF38F58
FFED4867
FFF59516
0001B7D3
000C4A50
000EC19B
00033887
0004487F
00020940
FFFDF3A3
FFF51A7E
FFF51891
00039FE3
00022F34
FFF8DD70
FFFEE400
00040E9B
FFEFB624
FFF1A49A
FFF47D8D
FFF1A368
000134CD
0008D4DF
000D5309
001124D3
FFF65379
00013C1E
FFFE9E10
FFFD1803
FFE6B983
FFF820BF
FFFEB595
0000E8D4
FFFFB1D5
0005E4C5
FFEA8C9A
FFFAC7EB
FFEAE835
FFEB6014
000CF1DA
0009A700
FFF3A90E
000566B3
0009A4AA
FFFC9BF2
00002CCA
FFF56AA7
FFF9E6BD
FFFB5F24
FFFA871B
FFF51F94
FFF8DA12
00165579
00084B3B
000D6346
000E8372
000546C4
000731C6
0012668B
000A4580
0008A41F
001E5FDD
000F1AFB
FFF5092D
FFF57D4D
FFE38703
000B86C8
FFF3BAC1
FFE7B0EC
0005751B
FFF3CFF2
FFF04E84
00059A53
FFF21AA1
FFFF50FB
0004E804
FFFB7368
000E298C
0015F183
000DCD80
000DCBA6
FFF1F010
FFF41D7E
FFF8BCB9
FFFA2EB5
FFF34C70
FFEAD29C
000C9907
00096A04
FFFF1EA3
FFF8BBDD
FFF8A840
FFEFD8CD
00191501
00004C42
000985C9
000E087D
00020379
000AAE97
FFFFB29A
FFEE1CA0
FFF78C0A
0007D27D
FFF74623
FFEA55C8
0011AEBA
000CA13D
FFF67A3F
000CB44C
FFF3F7FD
FFFB8EB0
000A4A89
000161CF
0002649F
00161AD9
001016A9
0008D480
FFFB5EA1
0001D2D5
FFE9750E
0002A39D
00015665
000A9887
00073146
FFFFAB96
FFF3E1F1
00021327
000A1DB7
0003E266
FFE988D7
FFECE52B
00053A7E
0001ED8D
FFEBFE16
FFFB2432
FFFDA91B
000E9E70
000BFBB3
00063399
000364F1
00022865
00169609
000B5ADF
0011E177
FFF256D8
FFEB2E09
FFF05014
FFEE5392
0005102B
00051720
000BE20D
0005C623
FFF721E1
0001DFAA
0007F739
FFF18E28
00093CD0
00084714
0004912D
0007B4F4
000342BC
00046F31
FFE6BC67
0002EDB7
FFFCCEC3
FFFC3D15
FFFEDC55
00004937
FFF50FB6
000D63C3
000DBFA9
FFFF4EA2
FFFCCB2F
0000D707
FFFB5C0A
FFFC46E8
0001E268
0001258D
000F4BB4
000292AA
FFEBCAB5
FFEEDA55
FFFBFACC
FFFF15F3
FFFEEC8C
0015CA22
0000F52D
FFFDFD70
FFFC31B3
FFF7E65A
FFEBB73A
FFECCA2F
FFF515E7
0005129D
FFF3B6B7
000FCD48
0009FF43
FFF25DEE
00075620
000BBE6D
000D7F63
000CA60C
FFFE27C6
FFF1F282
000CB8FC
FFFAC926
00000DDA
FFFFDB97
FFF747FC
FFEDBEC5
000DE941
000BA0C6
000263C6
00068F21
FFFE2EE0
000557BA
FFF301D9
FFF41354
FFFC4643
FFF7AB0E
00016EEB
FFFF956E
FFFDD7CD
0015A92E
0002836D
0003ADE9
FFEB91FF
FFF5A305
0000D77C
000E2D97
00018EEA
0017031F
0012C7B8
0005850C
FFEFEF03
FFFDC3C0
FFF30439
FFFB0743
0007198B
FFF751D4
FFE5EAB4
0003B686
FFF5F2F4
00053F07
FFF6D110
FFF6701F
FFF88F1C
000A6326
FFFC1128
FFF88F78
FFF750A5
0006694F
FFF193F9
FFFB3FF1
FFF8DEED
FFF73DD1
FFFCD5B1
0010C2C1
000B8444
FFFB865E
000E33FB
00003A8F
FFFB46A0
FFFF69BB
FFFC7ACC
FFFFFEB6
000ED046
0018ACBA
00198D56
00057769
000DDF49
000084AC
00095DCF
FFFF4DA3
FFFB6FF7
0007C142
FFF1C6CA
000D2F27
0010FE5A
0009535B
FFEF2377
0004AD11
FFFD9204
FFF08F3A
FFF8DE8B
000501C8
0006823B
FFEE788B
000ECE05
0005F6F7
00095C99
FFF65FAC
00087DC6
0003F402
FFFBA025
0004ABFA
000AA189
FFFDF754
0003F030
FFFA63F3
00109FCE
00102631
000A16C3
FFFC5843
00032527
FFEB95F9
FFF17CE8
FFFCC996
FFFA8FC2
FFFEE22A
0009BD0B
FFF4D4D6
FFEDFEBE
FFFFB5F6
000EEE40
FFF78C50
FFF0543D
FFF5B45A
FFF60E7B
000832BC
0008052F
FFF2D35B
FFFFF148
000327AF
FFF0A733
FFFF747B
FFF8A047
FFF49F75
FFFA8A7F
FFFE07A8
0001D29E
FFF5116F
FFF6002B
FFFC4473
0007E270
000012D0
FFF89148
00014497
00057170
FFFCEE72
FFFEB97E
00056378
FFFDEB66
FFF4D4D5
00010E42
0005356D
0003A329
FFF9F7A6
0001C1E9
FFF65354
FFFF7953
FFF7D531
00074443
0006824D
FFF9483E
FFF6BA93
0006277A
0002695C
FFFF5347
FFF9DE9D
00009324
0005362C
00073E1A
0005030D
0001B728
00063B57
0003B815
0004279D
000BB943
0001DBC8
FFFFFADA
0001A22B
FFFE0884
FFFD2E9E
00062AB7
0006CFB6
FFFF58BC
FFFA7440
00005253
FFFBECF4
00016205
00045847
FFF70E56
FFFE4505
00048D36
FFFE194F
0002A29D
00094363
FFFA8628
FFFDB379
00033FF2
FFFD8E4B
FFF73B6C
FFF95E99
FFFED7DD
00051607
0003E25F
FFFD908D
00003C1A
00076567
FFFEF48E
0009D4D2
FFFCB025
FFFD7C26
FFFAB0AD
FFF75D44
FFFB26EB
0001F3FB
FFFF2FB6
FFFDDC23
FFFE4FFF
FFFC8E88
0001039B
000584BD
0000166A
0000EA4D
FFFC241F
FFFD666B
FFFC1051
FFF9F94E
00017B6F
0001A12C
000003F7
FFFEEDE3
000390B9
FFFEF3B2
0003DB79
00036A20
FFFEFB3A
0006D949
00009D7F
0007323C
FFFA5243
FFFC44F3
FFFDDC16
FFF62404
FFFAC8DB
FFFACF6E
FFF59133
FFFB3DFE
0003F552
FFF8693B
FFFB3AC0
00023999
0007056B
FFFEFDCC
0000929D
00044601
0000DF9A
FFFD5E63
000423D6
000025EC
FFFE74EA
FFFAE969
0002C6D0
0009B31A
FFFE530A
FFFFC50F
0005933A
00082407
FFFBBCF2
00011B8E
FFFB2DC7
0000AFEA
0005DFC0
FFFFC03C
FFFF6103
0007C83E
0001853E
FFFC2C6E
00060144
FFF6EC50
FFFEFF23
FFFDF092
FFF79C70
FFF7620F
FFF5EA8D
FFF8677E
FFFA995D
FFFC5F3F
0004FEE8
0004F3F6
FFFDF8A8
FFF7FBF6
FFF96DBC
FFF96FD0
FFF23418
00000612
FFF97EAC
FFFD98A8
FFFE2529
0001C870
FFFA58BA
FFFE3428
FFF4176E
00029942
0009EF2B
00057A00
FFF7B9AA
00053C82
00012BAA
000163B6
0002850F
FFF9610A
0002D09E
0000C4B2
0000C0C9
FFFC7442
0006A624
FFFFBEF5
FFF7A1C2
FFFE60BC
00031EEC
FFF87C4B
FFFFC4EF
FFFB2784
FFFE96AC
FFFBE1EE
FFFC5EEF
000030CE
FFFD6A14
000018AB
00053E63
FFFFF9A9
FFF91434
FFF8D23E
FFFBB853
00013134
FFFCF10A
FFF8D334
00020B8E
0005C0C9
FFFF06AD
00017E92
FFFB2729
FFFD5851
FFFC8617
0002539B
000247CC
00007280
FFFF232D
0008BCBB
0001CC36
FFF9B225
0002536A
FFF7CE03
FFFCFA29
FFFE1E95
0008C1C2
000438EE
FFFE1027
FFFA71C0
FFF96FD1
FFF6AE6B
FFFB2133
0009557E
00037C4B
FFFC0F3F
FFF93422
FFFC4A70
FFF75445
FFF9F41F
00048638
FFF86864
FFF741BB
FFFFE322
FFF77BC3
FFF8BDF2
FFFAA9A1
FFF3FB64
FFFB38EB
FFFF23F6
FFFEA6F2
FFF9D8CA
FFF90374
0002240D
FFF49A00
FFFE60B5
FFFFFE38
FFFBDE14
FFFC270A
FFF0EC65
FFF819CB
FFF14DB4
FFF6354F
0006B318
000943F7
00017693
00035FA0
00001A19
00031830
000984EB
0000E3A8
00067261
00023E41
FFF924A8
FFFEE04E
FFF7CA56
FFFA3947
00010FA5
FFEFEC00
00073176
FFFB4B61
FFF9C0E5
FFF94024
00004DBD
FFFC2367
0002B4E5
00046CE8
0005B704
FFF684B6
FFFE9A2C
0007C334
0000ED9C
FFF9FFBF
FFFFA3B9
FFF57F5B
0000976F
FFF7255B
FFF99A42
FFFECEB3
FFF7DE39
FFFC20E4
FFFD0236
000169E7
FFF65504
FFF97FF0
FFF8A78B
FFF47EC6
0002060C
FFFEA22A
00012C37
0004D443
00025D55
00003AED
FFFD0EDA
FFF79832
FFFDFA69
0000E02C
000316A1
FFFBC531
FFFDCA74
FFFEDAE2
FFFAD3B8
FFFE90EE
FFFC4BA4
0008BB1F
FFFEA510
000943A4
0000BED4
FFFF00BE
00003EFE
0005B99B
00093C74
FFFCD11A
FFFEF5C8
0008D641
FFF7838E
FFFF3117
00001FA0
FFFECB97
FFFBCE80
0008F024
FFFBCBBF
0002FCCA
0002A6F3
FFFDB1F8
FFFE7607
00085C3F
FFFB0AE9
FFFE8F70
FFF6A2B4
00039FB5
FFF9E735
FFFA2E3F
0000386F
FFFA1D03
FFFD73E3
FFFC5E88
000393BF
0001BCF6
FFFEDC94
00014EED
00022538
000BA1B9
0007DC22
FFFDAD71
0008622B
00040D2B
000D0040
FFFEAF72
0003538A
0002E527
FFF9E25D
FFFE23B2
000291F4
FFFCD98F
FFFDE9FF
FFFE79E2
00031620
0000CD4A
FFFEF22B
FFF7F4C7
FFF3A6D2
0000B483
FFFFA599
000264D0
FFFA8706
FFF8BB45
00035041
0001711B
000215A5
FFF95450
000017AA
00053520
FFF8728C
FFFDD8BE
0001B18D
FFF8C9F6
FFF844BA
00047D9E
FFFBB215
000089AD
00021B4E
FFFA40F5
FFF78E82
000081C2
00069CC5
FFF53204
000134C2
FFFB02E2
FFFA0BC1
FFF82838
0000A7EB
FFF4BD8F
FFF6B252
FFF40E09
FFF74F85
00048CB8
00010422
00005832
FFFAFB6C
FFF6631E
FFF4157A
FFF963B3
00033023
0002AF67
FFFF1760
FFFF3BCF
0008F78E
FFF8832C
FFFA350B
FFFB0F02
FFFD41B1
FFFE4E42
00009CE8
000377B6
FFFF184A
FFFC1739
000046DB
FFFEBB80
0001F352
FFFF18C7
FFFE47D2
FFF7224A
FFF7D0B8
00034421
00045FB1
FFF7D3D4
FFFB9D6C
FFF58045
FFFF14B4
000666BC
FFF6E0B0
0005E300
00095947
FFFEFA1B
00017E1E
00037A63
FFFDF970
00011274
000D6CDE
00034FDF
FFFE368E
0003C00D
FFFA7588
FFF797C0
FFF96ECE
0002CB3E
0000AA11
FFF851E2
FFFEC817
0000DEEA
00058BCD
000737BD
FFFB6C5E
00072104
0003852B
FFF7CBDC
000748CD
FFFE9114
FFFEA07E
FFFF6465
FFFEC840
FFFC82DD
0003EA4B
0006F05E
FFFB4835
000192F0
FFFBF20C
FFFDB865
0005EC42
FFFE2CE5
00089D04
FFFEC711
FFF7887D
FFFAD716
00015AB4
0000A17E
FFFF8A88
000274FA
00072708
FFFBE501
FFFFE546
FFFFCE28
000799FA
0004043B
FFFBBE06
FFFD2D9E
FFF80936
00047F4B
FFF61F64
FFFE62D0
FFF8D8E5
00002DE3
FFFD4DF4
FFFC6DB8
FFF94793
FFFEDDA5
FFFBD53D
000451B1
FFFDE69B
FFFE614A
FFFD01EB
FFF986A3
FFFE4660
FFF7B620
00021ABD
000430F3
FFF99252
FFF772D7
FFF91420
FFFE3368
000A9C7E
000258E2
FFF80EDA
FFFF42D9
FFF8783E
FFFA11EF
0004B514
00053A59
FFF9A27F
00046781
0005729A
FFF53D12
FFF854FE
FFFB808F
FFFE22FF
FFF65BC2
FFF9C3CE
FFF924B3
FFF281CD
FFF7B60E
FFFBBBFE
000C5617
FFFC7F5C
000175B4
FFFAD92B
FFF6D97C
00043F33
000237FA
000143F5
0003096E
0001D0BD
000347BE
0003D47E
00011DDC
FFFDF087
FFF72906
0001B6A8
00060F1D
0002578B
FFFA897C
FFFA6361
000395E9
FFFC6063
00007499
00052514
FFFCDA7A
000319E8
000277A2
0016C5F6
FFFAA762
FFFB76EB
0003982F
000EF8CC
0009E83C
000FA38C
0007286D
0002E129
00004F02
00062B25
0011BD8D
FFF41F93
0010D803
001104CE
FFF64ED9
000908BA
FFF844C9
FFFE2FBF
0008FE94
FFF3C382
FFF13C9E
FFFCC69D
FFEBC00B
FFF96680
0011DC3D
FFFB0C6E
FFFAC8B1
00003C18
000C874E
FFF7D27F
000951A3
FFFD71A6
FFF3B8E2
000677AD
001443CA
FFFF0C98
000CDFD6
FFF6550D
0007B2DB
00058197
00106D0C
0017563A
FFFA8B2B
FFFD0A6F
00085D4E
0006AB4F
FFFE4515
FFF9DBD9
00053A47
FFF3D589
FFFCCFA0
00008E0E
000B6001
000698CC
0009F29C
0008C5BB
FFFF2490
000EE2C2
00190D2C
00022F26
00128947
000A2A3C
FFF0F05E
FFFD2BA9
00085923
FFFFA5BC
FFFDA4EE
FFF16C8D
00038F4E
FFFCF88F
FFFA5378
00072E7F
FFFF175F
000907D7
000A628D
000B328D
0008C628
FFFE2B9C
00006653
FFF7B0F7
00013976
0006759D
001062AE
000E70FE
00180E5D
FFF8A410
FFF7AF2D
0000BC82
FFEE49AE
FFF1C9CF
FFF300AE
FFE8B0C8
FFF9937A
0008E16A
FFFB058E
FFF05C48
FFFFC4D1
FFF72A00
000DAD89
FFF2E9D9
FFE9BF73
FFF06846
FFFAEC2B
FFF48481
FFFD4E90
0009D1F8
FFF966CD
000BC2F7
00133453
FFF6DA2C
0016AF3C
FFFA64C4
FFFEDBBF
000BCCDC
0008DDFE
FFEF5A38
FFFDA8BF
FFF8F3BF
FFF8CF5B
FFF34E12
FFF2D42D
FFFE34AC
00034BDB
FFEFF54C
00046AC0
0014B382
FFFD2264
FFF95225
000494A2
00041892
00076285
00081342
000FE0E5
FFFB8D76
0008B159
FFFB3EC4
FFF79404
FFFA1696
00093A75
FFF11DA2
000FE611
0005D54C
000920B9
0009D0D2
00106430
FFED1A3B
FFE74A24
00088AC7
00069B88
000BD8D7
FFF97B46
FFF9201E
000BF6EE
FFFCA9CF
00002314
000CFBB0
00011A4C
000B51A0
0002E44F
FFF40404
000267FE
00094176
FFF44FDE
00035E71
FFF79876
FFFF1A10
FFF054D3
FFFA7F23
FFF641C1
0011909F
FFF14B99
FFF31588
00034D20
FFF656E4
FFF41B7A
000524D5
00167363
00087B52
FFEFF052
000343C6
FFF833C9
FFF5A351
0009BACA
FFF72039
FFF63FF7
FFFFA534
FFF754A9
0000F3E1
0000BE85
00100B41
000B02E2
FFF99E32
FFFB93DF
FFFF8453
0007BFE4
FFF7907E
FFFBAA50
FFFB96E1
00072E37
FFFC0A44
0002F10F
FFF3CD1C
000D0919
00098138
0004F276
00016559
FFFC69BF
000AD208
00058E99
00015B10
FFF523BD
FFEE2F7E
FFFCEDCD
0007A6B3
000084A1
FFFE4037
00036B04
FFFD5115
000346D0
0009A510
00125B2F
FFFDC03C
FFF26589
00010EC0
0019A7B7
FFFEC5ED
FFFE4D3C
0009AAF7
000BD3B0
FFFF5A9C
FFEACB3E
0012724D
00102C34
FFF95593
00010175
000C5397
00039A4D
0014884D
FFF4EA13
00033611
FFFD79CA
FFEFA374
0006E798
0011E494
FFEFC586
FFEBD702
FFF4EBFE
FFF6BBA9
FFE9604E
FFF39DBB
00049195
00038325
00153BF4
000C53B0
0016FB46
FFF07934
0009E4E2
FFFFB214
0014395E
FFF9FCA8
00055F49
0006BFA2
0010C34F
FFF37C2A
000C3B13
000384F6
000A4EE6
FFFF6D86
0003D5C8
000D6051
0009C7D8
0002B8AA
0007AC70
FFFA82D8
FFEC0A44
000C3824
0002A8A6
0000DFF1
000ACAF7
FFFEF842
00049AF4
001278F8
00077519
00118968
FFF301DF
00015870
FFF93508
FFFE0C43
FFF3E859
FFFBD7EE
FFF3B363
0010456E
FFF89626
FFFF079F
000ED819
0003DCBD
0000ECF3
FFFDC621
FFF883FB
000C3DAE
00138BB2
FFFB7EED
0000B9E8
FFFEDB67
0004B074
FFFCA5F9
FFFF1C1A
000AABDD
FFFAB6EC
FFF6E5D9
FFFE55A0
000A6DE5
FFF9AA49
000E16B5
FFFE1924
00043D64
000CB39A
FFF0A858
00120524
FFF79A6C
FFFC0767
00013D68
000C1127
00183D5E
000F830C
FFF68076
0010C849
0010AF55
0000C25A
000D65F1
001A1ED3
FFE78B51
FFEBB1B3
000884B4
0006BACD
FFF52D52
0000B6AF
FFFB3685
FFF76764
001394E1
FFEE62C4
FFF698A1
000257D0
FFF14540
FFFF5434
000889F6
FFFA262C
FFFEA698
FFF69C9F
000A232A
0000D61A
FFF4CD4C
FFF47E15
FFFD834D
FFFAD564
00083E70
0001FA4B
000C1441
00052124
00188948
FFF8BD41
FFFD7D84
0009BC99
000097D1
0011E968
0002D3BB
000D748F
FFFB5CFB
FFFDB13B
FFFBE708
FFED43AA
FFF31AD8
000E152B
FFFAC2BC
FFF08A94
000B71AE
000D0F0D
0011F36E
000DF8F7
FFF25146
00083CBA
0003936A
00112BB1
FFFE8380
0000825B
FFFB5F97
FFFD22B8
00024452
FFF71B46
FFE92D50
FFF00C82
FFFE0E25
00123A36
00001565
FFE8957C
FFFFF4CC
00029195
FFF2FB01
FFED8540
000C46FD
FFFC5F95
00134B3B
000480D3
FFFA35EF
00025D7F
FFF3C55F
FFFEA2D3
00072F0F
00006891
FFFF7E39
FFF32139
00092FF8
FFFFA7C0
000EF12C
000D9D15
000D9A69
FFFD5847
00089F96
FFFE80BA
000659ED
000DB0D6
FFFEBA20
FFF5B321
FFF12636
000959B5
FFFD0C9A
00076CFE
FFE5E00F
FFFEEA69
00024586
000AD6B9
001BD7CC
00037C70
000D0139
000E57A4
0015B45F
00061CF3
00173040
000B9FF5
FFED6276
FFEAE98B
00080D83
FFEE22CE
0001F27A
FFFF83FE
FFFA8BD6
000565DB
FFFFE81A
0004BD24
00043B3E
FFF3D0F5
0003204C
FFF90B66
FFFE7E46
FFF27F16
FFF72CF6
FFFF37E8
000CB784
FFFF4B00
FFF3B7E3
FFFD574E
FFF6764F
00100778
0001EE60
00060A64
FFFF830E
FFFFF61F
FFFD7FB1
000AB179
000B83AA
FFFAC44E
000F0A53
000E6D47
000277F0
0001D731
00032240
FFEF45A2
FFEECDA8
FFE83B82
FFF6BF6E
000C9E35
FFFD396B
00043F6D
00076590
00072A91
0006709C
00023357
FFFA4655
00099D7A
00071AA6
FFFB758A
FFFD9ACD
FFFE8019
FFF9C5B0
FFF4F869
FFFFAC0F
FFF53D05
FFFD65CC
0010976B
0009914D
00081709
0017A4EE
FFF13FF2
FFFBDDC7
FFFECD50
FFF4042A
FFF8FF86
FFFFC0BE
FFF2AB14
000271BA
FFF418D9
FFF74B2A
001463FD
000CCAA2
000797D9
000444B0
FFF9C6AD
00118D65
FFFFED85
0009A6AC
000F4DD2
00034313
0000F9C3
00033ABD
FFF835A2
FFF995C0
0003F0DA
000F20C8
000AF4C1
FFF25453
FFEF59A6
FFFFB5E5
0004A81F
0009F5B5
00017932
FFEEFF7A
FFFF2AB1
001A56E0
0003447B
FFFC8469
FFF81315
FFF95F84
FFF93AE3
000207F1
0003A273
FFF16282
FFF67AA9
FFF42396
FFFCAA60
000B1419
FFEB605F
FFF3300F
FFE90943
00030E9B
FFF25D2E
FFF1AE0B
000B286B
FFF85EF4
FFF77714
000A0F10
000CE0B4
00022F76
000890FC
FFF9880E
0010078F
000E7199
000C00FC
000C320E
000B64E8
0007DBFA
0012E367
00046FAD
000439EF
00022297
000990AB
FFFF1BBE
00011864
00018025
FFFD7374
FFFFF73E
FFFC1646
0000D942
FFFEE892
FFFEE5E5
FFFABADD
00017472
FFFDBB65
00097B94
000231AF
0001686C
FFF96457
FFFDA594
FFFD8C6E
00070FC7
00049272
FFFB7A08
0000B80B
FFFC38FB
00010F15
000421D1
000681AE
FFF4AF7E
FFF8531E
0004155F
FFFC2B47
FFF597AB
00061146
FFFF7DCF
FFF6FAFC
00019826
00069F41
FFFBD097
000694A5
FFFC97CD
FFFA8288
FFF78A95
0004769E
FFF9799E
00010E9A
FFF7BBA0
FFF7D79D
FFFFEE8B
00033304
FFFE1370
000090E6
00010F2D
FFFAD58F
FFFD42AF
FFFB8CD0
FFFD6BE8
000642FF
0005631F
0004D381
FFF8FFA0
000001AD
FFF918E4
00083C95
FFFF66AD
FFFE2700
FFFA4437
FFFA1430
00075B6F
FFF65206
00000216
FFF9F903
FFFF2898
00080EBB
0002AC03
0001EBCD
FFFCF92D
FFF88FDB
FFF64032
FFFDFB3A
000029B7
000313F3
0007F8D0
FFFF46A0
FFFD55C4
0001405D
0002065D
0000DB16
FFFCD462
0001DD38
00074283
0003A074
0002FE37
FFF92345
FFFDCE87
0005C22D
0002A7C8
00055654
00042BE4
0003B130
0003CE13
FFFB7857
FFF8F5BF
000251D3
0005AF8D
FFFD19DE
00023116
00080752
FFF62ABC
0001DC38
FFF49DC2
FFF73935
FFFFD710
FFF44151
0000371E
0003FF30
FFFF3E28
0000FF7A
FFFDC271
FFFA59CA
FFF6191E
FFF6296A
FFFED8A9
FFFAFA80
000628E3
00013A79
00040FC8
000178FB
00068A67
FFFA34A0
0002B4B5
FFF96E6B
FFF4614F
FFFFCF14
FFFEA01F
0003D3BD
FFFB1D19
FFFD70BD
FFFAC7F2
00055AFB
000791CE
FFFDBFEC
FFF8D036
FFFDA2CC
FFFBFF33
0000230B
00017D78
000028AF
FFFA04A0
0003F319
FFF51380
00005B35
0003CBE4
00004132
FFF89FE9
0005A65D
FFFDD8B4
FFF9D3DB
0002246B
00041417
0009C92F
0001B98F
FFFC36DE
FFF6E5E9
FFF98F10
00033D68
FFFE80CB
FFF6D94C
FFF7006B
FFF22CCE
FFFAD92C
FFFECE02
FFF9947F
0003168B
FFFB1376
0001A74A
000455E6
00004CC5
00001444
00025473
0001DD0C
FFF67F08
FFFC0C83
FFFA0283
FFFEB294
0004B7F8
00047D2E
0000DA5F
0000239C
0002BAF0
FFFE6AEB
FFFF0EBC
FFFA5E35
FFFC9326
FFFD12BB
FFFAD015
FFFE90A4
00046D09
0002555D
FFFF4D11
FFFFC872
00043E77
FFFCF127
00006DFC
FFFE2D81
000417A2
FFFF1168
FFFE2A8B
FFF7AAA8
FFFDB83C
FFFFFF40
0002CC55
FFFDE8A9
FFF6C478
FFF7020E
0000D496
00022A92
FFFD2975
FFFC7C14
FFF90114
0000829C
0001420B
FFFF8E67
FFF686EA
FFFD953C
00018E71
FFF65002
0000FE54
FFFAD4E5
0008BBCB
0006C555
FFFC70CA
0002E613
00057FA9
FFFE3117
FFFA1114
FFFC60A0
00042B8D
00016702
00001A96
00015155
FFFAAFB4
FFFB5C74
FFF98FED
FFF7878B
0002CE71
0003C5D1
00062948
000B159C
FFFEB31F
FFFEC562
00054413
FFFD1EFF
000A4FFB
0004A550
FFFDA931
FFFD4DA7
0001B5E6
FFFFDE2C
000B2F42
00051074
0001382F
FFFEC55A
FFFD670B
000902A0
FFFF1406
00045AED
00045793
FFFDC27C
FFFDF131
00033796
FFF8FD7D
FFF9F6A6
00008D31
00058155
000179C7
00009E05
FFFB8BA8
FFF83747
0001FE25
00072BD9
FFFF4BC9
0000ADD5
0006D28A
FFFFF9DF
00029F72
00042B98
00038C23
FFFBE1AD
FFFB3CE9
00029B28
FFF90D98
0002D2E3
00015CCD
00002884
FFFC7537
0002D176
FFFDF2AB
00024141
FFFBE723
FFFEEE52
0005F7B6
00014EDA
FFFE97AF
FFFC4578
FFF51619
FFF6FD43
000113EB
FFF77FEA
FFFA9143
FFFA488E
FFF724F6
FFFF8A4C
FFF82C22
FFFBFB7C
00001C18
FFFC0C0B
0003566E
FFFF428B
FFFFF1F9
FFFD307A
FFFCBE1E
0000246C
000360DA
000833F1
00029648
FFFABF0A
00048A78
000363CE
FFF70F52
FFFF2EEB
FFFAC41E
FFFDDDC5
FFFD75B7
FFFE9281
0001AF93
00042324
FFFDE6B3
FFFB282B
00020835
FFFC7191
FFFFA451
000017B4
FFFD70B4
FFFD44A5
00031D8E
FFFD0423
FFF89812
000358FD
000513C8
FFFC8B7C
FFF9D8FE
00052F59
0000A2FD
FFFF3409
0000BEB4
FFFD68AE
FFFE70B4
000036BD
0001C220
0001CF2F
00008B68
0002BEDC
FFFFED3A
0001BBC7
FFF99693
00029525
FFFA557E
00004AC3
0001DA5B
FFFF672E
FFF88AAF
FFFF3F01
FFFFBC99
FFF64E5D
FFFA66B3
FFFCD554
FFFEAD8A
FFFC0A2C
0004E3F5
0001AAAD
0004BD15
0000BAEC
FFFACBF0
FFF7CDA8
000337AE
0002C885
FFFD01D1
000299DA
00038D75
00080479
0003749E
0002FEFE
FFFC7195
FFFEA5B6
0004713A
FFFD57C1
FFFC28C7
00006C94
0004F281
FFFA2EEB
0004043B
00002607
FFFA8821
00011798
FFFC8A03
FFFD5379
FFFB0A61
FFFC183A
000583CD
FFFC4B6F
FFFD1E39
000732FA
000077B8
FFFC84CE
00012306
FFF8DDF5
FFFBCAD7
000B6FE9
000635A6
00007F56
FFFB9790
FFF76911
000310C5
FFFE34D8
FFFE6D70
FFFA71F5
FFFAC417
FFFEB885
FFFA8B4E
FFFB9CAA
00019A0D
00031C3A
FFFC11B0
0009AEB7
FFFE0A7A
0005D7EB
FFF8A967
FFFE020A
FFFB77FA
000517FA
000470C1
FFFB16E7
FFF87143
FFFFB610
00069B07
00085B66
FFFBBA6B
FFFF9D4C
0003FAFD
00022E76
FFFDAA2B
FFF7AE8F
00017439
0008C5EB
000093F4
00018F54
FFFE789F
FFF664A9
FFF9A6CE
FFFE529E
0000FA25
FFFDA243
FFF4A1D2
FFFE54A7
FFFEB05E
0004E890
FFFEBFB1
0000E0F1
FFFBEAC9
FFFF9AB8
00034EC3
FFFC1FE7
00044B84
00050455
000392CF
FFFCA0AC
00073D24
FFF65932
FFFF937B
FFF8B576
FFFE7534
FFFA65E2
FFFEF565
FFFDC003
00036682
FFFA9F3E
0003D09C
00085635
FFFE08C4
FFF45E0C
FFF892B7
000889D6
000814CE
000819B6
00018F3C
FFF66EB2
FFF4E9CB
FFF994B8
0004AE47
00071812
0008B811
000158F7
FFFDD436
FFFBE285
0003EC23
FFFA4374
FFFB3588
FFFA9E55
00026058
FFF70693
0003567B
0004D6A6
FFFEC1C2
00051293
FFFE846F
00084543
FFFCEDFF
FFFDB062
00060BEF
00041524
FFFAC497
00003636
FFF84D50
00028181
FFFD08E6
FFF8BE8D
0003B313
FFF473B5
FFFBE812
000750ED
FFF76E79
0002570D
00067593
00006921
FFFB21D0
FFFD5847
FFFF50FA
0004477F
FFFFC58D
0003B19B
FFF8F917
FFFB8011
0001503E
FFFC3064
FFFDC036
FFF6B4A8
FFF8DF83
FFF8CE91
000161E7
00024A2A
FFF94584
FFFFFD31
FFFCDA72
0003C9FA
FFFE2E79
000340BB
FFFE3766
0007052D
FFFCE0E7
0004AFBB
0005C99C
000486AD
FFFF0114
FFFCF63D
00047216
000486CE
00005061
FFFACA5D
00005CF8
FFFEAC6F
0005FBCD
FFFE0E92
FFFFC0D6
FFFFC504
00035ECC
0003953A
0004C68C
000751F8
0003004C
FFFE2DB1
0008F199
FFFB2720
00005573
00031BAB
00052FA1
0005ED27
FFF84D44
FFFEDD45
00072C51
0000ECAC
00024A08
FFF9BE80
00024B0D
0005F7F6
000250B8
0000EEE6
FFF8F78D
0007332C
FFFB354C
FFF260E9
00006ED5
FFF4FA47
FFFBC38A
00097DED
000627C9
000A7ECA
0000F9A9
FFFFCE49
000F7BDA
FFFA31A7
0001FD39
000AA55B
0007B778
00035CCD
000A0C0E
FFFDA31A
000A64F0
00007C27
FFFD37A4
000C8B49
00098E23
FFFD433E
000D4694
0005C859
FFFC9966
000500FC
000AD8E3
FFF9B456
00042A30
FFFB53CC
FFFA3E60
FFF7516C
0000D208
0003969F
00034895
FFF9CD7F
00079964
000A09BA
0004DCC4
0007930A
FFFECC0C
000EA845
FFF72404
000464EE
0001121A
FFF9DD27
000418BA
FFF6F912
00019580
FFFE8249
00048B21
000031D3
FFFDF797
FFFBF7B1
FFFB2C0E
FFFF0012
FFFA34E1
FFFDC70D
FFF7935E
0000B48D
FFFDB545
000261E6
FFFEBC37
0000C6C8
000567AF
FFF810F1
000553ED
FFFCA26C
0001EFB6
0009498C
00008020
FFFA2CA1
FFFD442F
FFFB2E68
FFFA16D1
0002572B
FFFB1BBB
FFFD05F8
0002ECA2
000500BB
0006489F
00046C49
FFFA3895
FFFA1982
FFF67C09
000B08FF
0004221D
000419F0
0006AA81
0002750B
FFFF2AFA
0002E449
0001A68D
000679BB
FFFC39A8
00005B37
FFF85772
FFFF85F4
0003DBCE
FFF4BCCF
FFFFA559
00017A41
FFFE12F6
0008168F
00087D70
FFF9A17A
FFFF601D
000AE974
FFFC63E3
000469D4
000B02E6
FFFC1990
000454BD
0006555F
000800B1
FFFB8B4A
FFFB125F
FFF97021
FFF9082F
FFF8D3AD
000022A3
FFF8511A
000E6D6F
FFFF6597
00019F7D
00035B72
000726A8
FFFD2C0E
FFF7E0C3
FFFEEEF3
FFF9F40C
0002642C
0007FFBA
000E242D
FFFEACFF
00076070
00089C9D
0003B734
0000072C
000F2E36
FFF86B59
00050AD2
FFF6EEA1
FFFD4628
FFFA92A6
0005565B
FFFE04A8
0005ED87
FFFE9449
000531F5
00010D28
00100C05
0002344E
00059BAB
FFFDABF0
000386DF
0007368F
FFFCE9D7
FFFCB646
00002EA8
FFFCDF5B
FFF8BA9D
FFFF064A
FFFF6BAE
FFFC019A
FFFE1E09
FFF78718
FFFAF822
FFF87BA9
0008B377
FFFFABF8
000707F9
0003C1C1
FFF8248D
0009F1CE
000515C5
FFFC9365
0002300C
0007C906
FFF7466F
000840EA
FFFCCB1E
FFFE7C91
000AB1BE
FFFB217A
0006066D
FFFA1B99
FFFA8263
0003C4C2
FFFE9788
0004C234
FFFCB2B6
FFFD351E
0006BDFC
00062476
000B0F0F
000CA55A
FFFF02F4
000AA43C
0008A8AF
00063565
FFF88CA2
0007323D
FFFB9948
FFFBEF5C
00036083
FFFA8517
00076E4A
FFF86C6F
00022CEB
000AC42D
FFFB4B80
00032852
00038C91
000821B8
FFFF96ED
FFFDE6F5
00032629
00055DBF
FFF5AE11
FFFB122B
FFFBFDCB
FFF8C43A
FFF5805E
FFF5D945
000CA180
000A9874
FFF9B38B
FFFB1148
FFF9EA99
FFF9AB12
FFFE5573
FFF4F1C1
0001863F
FFFD518B
0009770E
FFFCE6CB
00064BF0
0006CCE9
00087C56
0005549F
0002C060
FFFF07BB
0008A1E5
FFFD9D36
0004366B
FFF4484D
0000F55B
00005F4F
FFFA5BDC
0008BC37
0005A726
FFF967F2
FFF6BD30
0002A07C
000932E7
000EDE87
000E9018
0004087E
00060394
00076A01
0003279B
0009F74A
000F117C
000B8815
FFFBB350
0001C60A
00059EDB
FFFBF663
0001ECA5
FFFF7717
0003600C
000C91A6
FFFD95F2
000954B9
00007EB6
0004662A
00076EAD
0008C229
0001CAD4
FFF93196
0005DBB3
0000ABF1
FFFA8A25
FFF98372
FFF63603
000112E1
00006138
FFFF7697
FFFFCE89
FFFA173C
00077C36
FFFA8F19
0000263D
FFFD51A3
FFFC0AFB
0002A805
0002A63F
FFF850E5
0008FE4F
0006A317
000EB48C
00041268
000A6B5A
0001CE7B
FFFBD927
FFFD4984
FFFAB872
FFFE56A5
0005B9FD
FFFD4EF9
FFF9E47B
FFFF74D2
FFFB9519
0006C13E
FFF6B8A1
000455B7
00050846
FFFE954C
00056BE5
00036645
FFFBC41E
FFFE14A4
000C667B
00004D95
FFFFA65B
FFFE0A7C
000B9246
FFFAA9ED
000C35FF
00099B48
0008CEAA
000FF829
FFFFD592
0001B6B8
00049015
00083172
0005E9D4
00002BA7
0010D165
00031995
000FAE85
0005608C
000C1C17
FFFF9D33
0006D72D
00039AB8
00055860
00078F39
0001F281
00018736
FFF82CED
FFFF6CC1
FFF9A726
0000EBF1
FFFE94AC
00010D03
00036C4F
FFFAB15D
000C6E5F
0001493A
FFFFBBE1
000427ED
FFFA9F0A
FFF8E80B
FFF6DC73
FFFB8E83
000411E6
FFF6CC99
FFFBA66B
FFFB3EDE
0008ED9A
FFFF5B32
FFFC2627
FFFAC763
00039A50
000504E4
0006AE4B
FFFC3715
00045420
FFFC3E95
000832EF
0000D5F3
000AB92A
FFFB6F56
00020FE2
FFF59B1E
000095D6
FFF9A38B
FFF57F70
0003E646
FFFB1BDA
FFFA4F98
00004B97
FFFD82F8
00057666
FFFDEF80
FFFF8B1A
FFFEFE82
00019484
00023D4A
FFFDEF31
FFFD0B54
00076941
00064589
FFFB9F84
FFF96A03
FFF7FE87
FFFBB576
FFFFC2D0
FFFB3977
0001A282
00056E94
FFF9F7E5
00014664
00013216
0008942B
0000E3F9
FFFD12C4
0005470C
00037C7C
0004BD51
000017A2
000237A4
FFFB16BC
000015FA
00059CD5
00098BE5
0003F899
00042C2A
0008DDC5
FFFE0C48
000513D0
FFF7B254
00069028
0008C3F7
00033F20
000AF414
0002F5A1
FFFEECDA
FFFEB511
0000CAB9
00057E1C
00052F8C
FFFE2DD3
FFFB5F24
00062BB9
FFFC2403
00076316
00020C04
FFF41E18
FFFEE293
FFFAEA47
FFFF3960
001174B5
00028E15
FFFDCE11
FFFC367C
000AB7F3
FFF72980
FFF8C42A
000828C6
FFF8C2DB
FFFE61A0
FFFA82C8
FFFCE551
FFF761E8
FFFD04B5
00045FCF
000C15D3
FFF9241F
FFFD655C
FFF85E5A
0004B22C
FFFA63EB
0004B3F7
FFF7FAD6
00027B51
0001D12D
FFFF6027
00023EA0
FFF9BB2C
000C3D99
00067C7A
FFFBB2EF
0002D8DA
00029F6C
FFFC30A8
0004B279
000682A1
0004396E
FFF77E82
00070B09
FFFED58A
00038681
000824F7
00025D81
0003A3B5
000B68DA
FFFCB5EF
FFFE77AE
000AC254
FFF6778B
0006A22E
000544FC
000821D0
0006B628
00032279
FFFF4BE5
FFFEB6D9
000298A5
0007C9D5
FFFEA012
0006A731
0007FF0D
00010A21
0006C865
FFFD5574
000652A5
FFFCB184
00067C54
00018760
00091C7F
0000925E
0002956F
0004CFC3
0009EDAB
FFFA9EA0
00075388
00094992
FFF5B6D0
FFFF5F2D
00003A6F
FFF8A39A
FFFF2472
0009FE14
0005A5B3
000F2C5B
000CD53E
FFFD1BAA
000606E3
0009E184
0001EFD3
FFFA549B
00019149
FFFFE0E8
000C63C8
FFFFA750
FFFDC1B3
FFFC3B5A
00085512
FFFB3F51
FFFE444D
FFFD7CB4
00049882
FFF42710
FFFB2876
FFFE9096
FFF3826D
FFF857E1
FFF85AB3
0003815F
0003F5A8
000206CC
FFFAF087
FFF9A20A
FFFDF420
FFFFE0D4
FFF788D3
FFF7A5FA
FFF97EFD
00051913
0004CB1C
FFFCB791
00011FCB
0008A9F5
FFFAA4D7
FFFFFE0A
FFFF52B0
00055FC4
0006D753
FFFE8E43
000291FE
FFFC082D
00037525
0005461A
FFFD83FB
FFFEF709
FFFC9AB4
FFFFA589
FFFF7AE1
FFFB79FC
000339EC
000576B9
0002CF87
FFFD1306
0009810C
00025D29
FFFF9AAB
00006D99
00067D6A
00057A21
0006A73F
0002AFF9
0002B48D
00012AF2
0005A04F
000923A9
0000CDB0
0006F60F
00058ED4
FFFE87A7
00024610
00070329
0002B432
FFFDEB59
00038D3E
00027446
00061A6E
FFF93F38
FFFEBF36
FFFABEDD
FFF8063D
FFFAE5DC
FFFE0FAA
00066603
00025F47
0001D216
FFFF9646
00095836
FFF90E36
0008ED0D
00026A62
FFF7448C
00021124
FFF97AE4
00009011
FFFFF2A3
FFFE3A97
FFFEF00A
FFF79FCE
00074D8C
FFFE981C
0001E815
FFFEB160
FFFFC2C2
FFFF24C4
0008A9B7
0003BFFB
0005CBE9
00035185
FFFB2D2E
0005FDF6
0009ED95
00027821
00008253
FFFC35F6
00099056
FFFE481E
FFFBDCC9
FFF99FBB
FFFD5111
FFFEA93A
00043EC6
FFFB1C91
0006BC01
00054908
00053107
00055A57
FFFEE8E4
000297AA
0001C189
000062DA
FFFAD258
FFFB6850
FFFF3880
FFFBFFFA
FFFC7A07
FFFC559B
FFFD2B40
0003D08A
FFFF4D7C
FFFD2517
00046439
FFF92682
FFF9BB1F
FFFD22A3
FFFC1B8D
FFF9B735
0000D449
0002FDC1
FFFEC62B
0006B74A
FFFD7A92
000268C2
FFFAA71E
0001D6DF
0002B113
FFFDA23C
00021EBC
000523D8
FFFD7CBB
00047C7F
FFFFD855
0004802D
FFFC424F
00004E24
0004A26F
0003A5E4
FFFE1E29
0008024D
00041744
000553FB
0003AE2E
000ABCC1
000B5559
000FBD33
000132A9
0005658F
00020200
0007A1D4
00090B05
00096C59
FFFAB68F
0003A05D
FFFD77A9
FFFA6A92
00044C90
0004A45A
FFFE46CE
FFFD03BF
FFFA567B
00049635
00085CE0
0006EB90
FFFE3074
00042997
FFFB6FC9
0002E941
00010F87
0002701C
FFFE69B2
00028332
0003D8FC
FFFC9963
00065982
00037BD3
0000F56E
0008F972
0003210B
00043143
FFFEA66D
0006FD17
000864D6
00005131
000334D5
0004F8D9
0004B665
FFFCF0DC
0004E74D
FFF8E5B1
FFFC66E8
00016735
FFFE35CD
FFFD7D74
000386F8
FFF84060
FFFC72AD
FFFE9A9F
FFFC38A9
00017764
FFFFF645
FFFAAB08
000635F5
FFFDCDE8
0003074E
00036120
0003A0C5
0001605A
00032A13
FFFD537C
000339CE
000271B9
FFFE53DC
FFF80E9D
FFFEC450
00006A00
00015DA6
00082297
000B70D9
0008956E
000B7476
FFFF49C0
FFFB1901
FFFEE362
00020633
0002325B
FFFF239B
0007739E
0008FB7B
000C30A3
000887A1
FFFD4BE3
000007E3
FFFF16FA
00050570
0009A68B
00009112
00049C47
000335D1
0009CFE1
00014736
000171FC
000515C3
0001D4A5
FFFD1746
000025E6
0005A401
0004F835
FFF8BCDB
000047A6
FFFFFF82
0000D4BF
FFFD4665
00033024
00034839
000641FB
00034944
FFFF55B2
0000FF60
0004DEC2
FFF9B84F
FFF95CBD
0001BD29
00030096
0002C8C4
FFFDC4BB
FFF83F0A
FFFD3321
FFF7EB8D
00031540
FFFDD504
0008E225
000652A7
0000F5E4
0009490D
FFFDBEEC
0006418E
FFFC87FF
0004520D
000035E5
000B3589
00005889
000343CC
00019AE0
000101AA
FFFEB6A8
0000A09B
0000B9BB
000851F5
00064707
0000B426
000451AD
0002E02A
000416BB
FFFF63A5
FFFCB002
000A58AE
0004F90E
000347DD
FFFFE228
FFFB44CD
FFFB61E0
FFFDFDB9
00025A0E
FFFEA647
FFF9D697
FFFD4A57
FFFA887E
FFF83599
FFF9BA93
00037201
FFF937AA
000100D5
0006D1F4
FFFD0095
00013441
FFFE2139
00050515
0000A902
00023971
FFFB9F9E
0006BB68
000BDB9A
00025F61
00006291
000BF47F
00067D66
0005000C
FFFF2F56
00022091
FFFC9687
000237BC
FFFD3AC9
000770D3
FFFE5522
FFFCD3B4
FFFD604D
FFFB91FE
FFFE60B8
00021631
00020A4A
FFFFBCB6
00021500
FFFAC0DA
FFFEA725
FFFCBDEE
FFF8CDEB
FFF7739D
00049061
00051B1A
FFFC8D5D
00071D36
000B01D1
0001FA14
000291BC
FFFD85DD
FFFF265B
FFFF2D85
00058372
FFFA7B49
00004423
FFF8A2DD
FFFCA955
FFFFC791
000029E6
FFF98EA5
FFFB3308
FFFFA992
0000DAD9
FFFFCB99
00048291
0003026E
0006EBAC
00069040
0000D4FA
00047743
0001F91C
00023E70
0003FE8C
FFFEF954
FFFDB030
000046DA
FFFE7613
0006B76A
0002F48B
00030185
FFF64E35
FFFFF297
FFFFDF0C
FFFD73A5
0004FC3F
0007686C
00043B17
FFFB3890
FFF89295
FFFB169D
0001A4C5
00071B33
FFF7326B
0002B380
0004AD91
FFFD1149
FFFE1F19
FFFA2F14
00063B2F
0008A40C
FFFE5FDF
00038D98
FFF9DA65
FFFCFEAC
0003CE90
FFFF1074
00010210
0001FD22
000224C7
0005A668
00041C50
FFF750C5
FFF8E813
0001645A
00084045
00007F2B
0001E1E6
FFFE43FA
0001935F
0000225D
FFFAE0AC
000376BB
FFFB8FFF
FFFEAFD9
00057D21
0005E310
00058B46
000746ED
0003C86F
00004576
000511A3
FFFCFFD7
FFFC7AD2
FFFDBB8F
FFFFAC68
00088B74
000C6DF0
FFF70481
FFFF6803
000313CB
0006A7DD
000AB203
0006748C
FFFA25BC
FFF5F011
FFFED49E
FFF99E20
000329D6
0003AD86
FFFF6024
FFFA511D
FFF9BAFB
FFFE0DDF
0000F0E7
00068CB9
0006809F
0002A010
FFFE214B
0005CB6F
FFF6F496
FFFA3CFD
0004DE69
0001DE28
0004A45C
00091C05
FFF9DBCA
00039402
FFF8F68E
000BA853
000B1DB5
FFFCB033
FFFB4B89
FFFB0096
0001FD83
000487EF
FFFDC84B
000531CD
00040C78
FFFD15A4
00076D46
FFFCAB4A
000245EE
FFFB720E
FFFB4839
FFFEA870
0000F223
FFFCC5EA
FFFD96D9
0006763B
0008A0FA
000031BC
00005874
FFFEA8B5
00021D43
00072AEC
00053284
00074955
FFFF3F28
00056C31
0004C2CA
00008F2B
000649E9
00057D58
00086548
FFFA9083
0003222C
FFFED751
0002D730
FFFFC6DD
FFFAA455
FFFF56A5
00037081
FFFF3251
000185D2
00066083
000003BD
000B4C5E
00076E27
FFFA692B
00019353
00066029
00013471
0001BEB2
00011AF8
000112AA
0006078E
0008DEBF
FFFB705E
FFFBFF47
0007A480
0002825C
0002861A
0005C72F
FFFDD3A8
0009660C
0000B2A6
FFFD618F
FFFDCAB1
00037666
0008BC7F
00018470
0004FD09
FFFB5110
00012853
000346B5
FFF8F8E7
FFFD4069
FFF81DD8
00004D0C
00054162
000225F4
0005B0A0
000AED9E
0008C282
000E262F
FFFBFBCF
FFF7873D
00088E2F
000C28E3
FFFF147D
FFF40CB1
FFFFAA38
FFF7CD29
FFFE7410
FFF9C6E7
0004E341
FFF49980
000352C6
000099B2
FFF6C12A
0001881C
FFFB054A
FFF0E901
FFED9D33
FFF6C4C5
0007E6F4
FFFBB4FB
FFFF9640
FFFE0976
0006AE7D
FFFAE0B1
00050E65
FFF9B900
FFFD34FC
000CA456
000466FE
000C8CF5
FFF95C4F
0004853D
00042831
00058543
00077778
00059B53
0002DC38
FFF91578
FFFDB19E
00045F79
000D678E
FFFA6FA1
0005F6DA
FFFA7DC5
FFEEAD1F
FFFE3441
FFFFE8C2
000077E6
00026E4B
FFFEB3D9
FFFE714C
FFF7F63C
000996B7
0006CEBA
000B0034
FFFB60D4
000CF212
FFF21C0F
FFFD3A68
00035AB8
00041725
00027D91
001063B0
FFFEC637
00031C78
FFFACAA1
FFF4CCFA
00094355
FFFA7C64
FFFEBC51
FFFF3E38
FFFF4D2F
FFFE1437
FFEDFAFA
00046FC5
00021AF5
0001DD02
FFFBD787
000BB575
00187948
0002F84B
00086F9C
FFFF644F
00016632
000A33DC
FFFC0E50
00001585
FFFB7264
FFF6AE7D
FFF3FFC1
FFFC57AD
0005E950
FFF6D482
FFFAD08E
0000E71C
FFFA0E30
000B1A88
FFF96914
FFF7A7FC
FFFE2AFD
0003F289
000F06D2
00059B2E
FFFACF69
FFFECAC1
000E8341
00132270
0006A91B
0001BA49
00009237
FFFB26E2
0005CCD2
FFFC8D10
FFF71788
000965FD
000E1C9E
000E7211
FFF7D01A
00050F13
00076478
FFF5A38E
FFF1F108
0009221B
00087CDA
FFFF8FC3
FFF9C8FB
FFFEBA74
FFEEAED3
000E0BD0
FFF73A1C
00023D41
FFF76F69
FFF2FA93
FFF4A3A1
00007E66
FFFF5521
FFFD5241
00097338
000432C0
00035C11
FFF65902
0007A536
000C5847
FFFD194C
FFF40B88
FFF02FEE
FFFB5147
0007F6CD
0001EFBA
FFF60029
000982FC
000E71DA
00016A0A
00088E2D
FFF74EF4
FFF68A1A
0003843C
00070FB6
FFF81EB9
0004FDEA
0007E75A
FFF71EB1
000E068A
FFF152C5
000E90D3
0000AA60
FFF80138
FFFD50D3
000454BB
FFF39835
0009171F
000B1B12
000C078C
00117263
0004629A
000D5425
000823FA
FFF765B0
FFFE7CA8
FFFA83A3
000EDB0E
0000082C
FFFDA6E0
FFEB1061
0003F191
0004A158
FFED856F
0000AEA4
000C29B3
FFFDF7E0
FFFFB97C
FFFC6F1E
FFFD4C4C
FFF69383
FFFA0AAC
FFFE1195
FFFF1014
0000ED77
0004F956
FFF81616
FFFD1EA3
00077DCE
0001A003
00093793
000CDDBF
00016512
00033AA8
000716CF
FFFEFE0E
00063CB9
0007E677
FFFC1CB3
000A86A3
FFFBE994
FFFCC938
0000F8F3
000A4584
0013026F
0008C2D4
FFF765D2
00101794
000B7840
FFFB5F7B
0005CFC5
FFFECDD3
000A4B71
000513AF
00023637
000172E4
FFF06247
000305E1
0005E72E
FFF592B1
FFFFB906
0001EE61
000160FB
000B6D89
FFFD128C
FFF35B3D
FFFB7920
FFFC3239
00025539
FFFADD26
FFF3813A
FFEEE47C
FFF0157E
FFFC50CA
0000EDFE
FFFD7CA4
000015D1
FFFF629B
FFEBFA1E
FFEDBB9F
FFEDF124
0006DB26
FFFB75FE
FFF753EB
FFFAB720
FFFF9DC3
0009D334
00092803
FFFBE121
000A778B
000B32C8
00010505
FFFB17A4
000A6C7A
0008CEB4
FFFDFE80
001370BF
000BDBF0
0011DF60
0005EFC9
000446EE
0006AA05
0010E6A7
00094838
FFFD2D0D
FFF67B3C
FFFCA6A0
00057D84
0010A239
00077CA9
0003AABF
FFF9D178
FFFB31B4
FFFDC520
FFF37753
FFFF9902
00103562
0017F710
FFFE21C0
FFF198D1
FFF7F83A
FFF9D21D
FFEFDEC0
FFFFC332
00097F5E
00149703
0011DE24
000A7AC7
FFFC873A
000B6C86
0002810F
FFF7338D
FFF7565C
00115C29
000410C5
0000C206
FFF7131A
FFF87044
0000EDA8
FFFEC3A4
00064ECC
00056D74
00012AB5
FFFEC453
000350E2
FFF834A3
00031EFE
0006DC92
000D9B11
000D1F86
0001C942
FFF76A55
00015BAB
FFF8DF78
FFFD2D72
FFF68FF9
0001120B
FFF8B76E
FFF9F1CB
FFFCCE83
FFF78347
0009FFBF
FFFBEF9B
FFFFBBFA
00085A4F
000690C1
FFFCF4A0
000916DB
FFFC5497
000C1E65
001175EE
000FF981
FFF956E9
FFEE8253
FFFC1E0B
FFF2745E
0006504B
FFFBFD96
000AAE8C
000C383F
000CC6C0
FFF21CDD
000AE9D3
FFF54A18
FFF88E76
FFFE8F93
FFFD9C76
000286A9
FFF57ED7
0007EE28
FFF86950
FFEF4BC4
FFEC61A1
000927DD
0005BF5C
FFFDABEA
FFFD68BB
000B08B6
0002703D
FFFE78C4
FFFEF58D
FFFD43B9
00081626
0004571A
000D4D41
FFFB64A7
00057D71
0002966E
FFF93ACA
FFFEB498
FFFB8068
FFFA07C2
00083882
00094D7B
FFEDDE0F
FFFB10A9
FFFC2D97
FFFFC150
FFEEBA2D
FFF44C9E
FFF1E647
FFFE70A0
FFFC34C7
FFF94657
FFE9BBD2
FFF4984A
FFFAFAFF
0006C9E1
00031E11
0006E047
FFFBBC21
000219FF
0013F0D0
FFFDF553
00115D1C
FFF9BCAA
FFFE8ED3
00033AE0
FFF8E11E
FFFE04D7
FFFF91F6
FFF709B7
000BD3A9
0008490B
FFFB4F6C
0004F376
FFFC175E
FFF54F86
FFFD4282
0007BB6C
000F5628
00020F79
00055875
FFEF3D0C
FFF07DAF
0002F284
0007BB55
FFF9AE3F
0001BAEA
FFFCB289
FFF9646F
0009EF54
FFF9DD72
00025EEE
FFF7E939
FFEDE1CE
FFF59818
000AC613
FFFAABE2
00029C57
000A7A0C
00009F1D
00088DBA
000156EE
00020C9B
FFFFA090
0004E6E7
FFF84D85
000F1855
000AB909
0002702E
000337FA
FFF90EE7
0005A5A3
0008D1A6
0007654F
00033C23
00081B39
FFFCE56A
000D57DB
0002207E
00006F7D
00000B2A
FFF8453C
0005EA57
0010EFC1
00067DC8
0004F5A2
FFF97E8D
FFFA19ED
00021444
FFF28E38
FFF77E7B
FFF51615
FFF814BF
00050BFA
FFFE20CE
FFE7B2F3
FFF1C3F9
0006EA84
00079E89
00136084
FFFEF350
FFE9885C
FFECA921
FFFC9FB4
00064AE7
0006A9C0
000EF068
FFEA4E05
FFFAFC89
FFF61BA3
FFF4E66B
00075BF6
FFFF18ED
FFF525BE
FFFF4826
FFF8D681
0001D5AF
FFFB312A
000C9BD4
FFF54F8A
FFFEADCD
000FA1A5
FFF467EE
000B5CAF
000383FF
00039367
00058EE8
FFF8ED39
FFF7DE82
FFF3D9A3
0004BA9B
000C2BE2
FFF9E92D
FFFC50F7
000EA70F
001056AA
0006E3CE
FFF88B9F
00028E6B
000ABDDE
00076144
FFFAB84A
FFF78BA5
FFFDD179
FFFE423C
00054B47
FFFAF48A
FFED3F80
FFF9ABD6
0005E97C
0001D481
00008E7F
00042322
FFF57842
0006BC25
0008654C
000232A7
0009DDE9
0006DFF7
000282B9
FFFAA393
FFFB1513
0006A375
FFF53A4F
FFF31A2A
FFECE5ED
FFF439E2
FFFE42F7
00002EDB
FFF5215B
000E24C8
FFFF56D2
000E087A
000CE328
0010A6A0
00073FEF
00090CB5
000621F7
FFFBDDE6
00057556
FFFE1576
000D0FDB
00073857
FFF4F1E6
00040D81
0004D8B5
0002FA81
00052881
00015DD8
00064606
00000A3D
000575BC
000208FF
FFFD6B02
0000AC7F
0003041B
00051ED3
FFFBF5FC
0001B084
FFFDB465
00025333
0003C26F
FFFFD30A
FFFD0D20
FFFD9BF3
0004F288
FFFC2088
FFFC6400
000354D4
0000D9C8
0000FAA9
FFFCEF7E
00057CB3
000250DE
00047EDA
0000EF9E
00067564
FFFE6B5A
FFFDBB22
0006569F
0003CD54
00043BE1
000364B4
0004EACB
0000A2D7
00021F58
0000A52F
0005069B
000679A4
00030CEC
00006BAF
FFFF34A6
FFFCB184
0002265E
00009CCE
FFF99674
0002021C
00039E97
FFFB7FBA
FFFE7D58
00013A9E
FFFBE744
FFFBEAB2
FFFC9086
FFFAE880
FFFBB4FD
FFFBC71D
FFFB2CE0
0000354E
FFFDCC8F
FFFA932C
FFFF532C
00007D18
0000C9D8
FFFDD8B4
FFFD3351
000382DA
0000F675
FFFDA54B
0006734C
00023B01
00011BD3
0002BF29
0005B2BF
0000FE8E
FFFD9F28
0001FF2F
0003A249
000025D8
0005FC4C
00061B74
00047915
00057714
0000D243
FFFD61BC
FFFEA005
000454AE
FFFF1358
00045496
0000766B
0003DF6E
FFFF908F
00029724
00035B24
FFFF6FA0
FFFFABB2
0004E197
00025969
FFFDD105
FFFCDDC2
FFFDB427
0000F8B5
00025704
FFFD8AAE
FFFBC56C
0002DB5E
00032ABF
0003CC92
0000A196
0000AF78
FFFAB1A6
FFFE2106
0001EAB5
0001A845
0005DA8D
FFFDE62B
FFFD3888
00037F74
FFFE8CCF
FFFF6F84
0004328C
0004D11A
0001D61B
00032EE0
0003A49B
FFFBE6BE
0003CA87
FFFF31AC
000485C1
0003EC26
0000D5B8
000604F5
0001D4E4
00053F18
00061E73
FFFE8441
0005E01C
00042648
FFFC0B5D
FFFE3EA9
00043BBE
00018ACB
FFFD7DBD
FFFE3475
0002CF70
FFFD706B
0004C811
0000DE65
0004CAFB
0002288B
FFFC11D0
FFFCEE04
00000864
0000C793
000082A3
0000CA94
00045E22
0000C124
FFFCB78E
FFFF1768
0000D3F4
00028E22
00026A25
FFFFBBC3
FFFC8744
00025D98
FFFEFC19
0002E24C
FFFFEBFF
00017BD5
FFFC7E90
0004A2EE
00032C92
0002EAC9
00034ACC
FFFDA0DE
00041FD4
0003395D
FFFB4CE1
FFFAAE4C
0002714F
FFFB3C71
FFFCD844
FFFCEDF5
FFFE4676
FFFDC326
00044510
00039B86
FFFDF6B1
00052E46
00058D5D
FFFF0A18
FFFFA2D8
00045718
00021956
0001AA05
FFFDD361
FFFD6D6E
FFFD9191
FFFDA788
0002C330
0002AAFF
0000162A
00051AC9
FFFD2CD3
00051448
00076E8C
0000CD33
0002263B
0006048B
000635AF
00009403
00008173
00023C6C
FFFF3E9D
000598F0
FFFE1F3F
FFFC7349
FFFE34A2
0006CC61
00022194
000137F6
0005DC7F
00019E2B
00063142
0001BA40
00030FAF
0003B4C9
0001B510
FFFB9A33
FFFC9C13
FFFBA052
FFFD78D2
FFF9F2B9
00031695
FFFBC5B2
FFFBE03A
00010960
FFF84738
FFF92682
FFF81010
FFFFA9E9
FFFA9ED4
00016A7B
FFFA9244
FFFD64E2
0004E657
00010107
FFFB3223
FFFFDA25
FFFD6684
000386A4
FFFDD88C
FFFBA58B
0000C61D
FFFC9EC7
FFFCE5CE
FFFE3C70
FFFB3CD8
00038B35
FFFDA8FA
000236D9
FFFF1670
FFFBC1BB
00037855
FFFF4DC0
FFFD0D90
0000AC0C
0003D53D
FFFE8B14
FFFD6E54
FFFF7ECF
000102E3
FFFD8ACB
000603AF
0003202E
00006028
00025059
00012B2C
00054142
00035909
0003F5FC
FFFC7FA1
00050BF2
FFFD2973
000369AE
FFFEA233
FFFD235D
00006818
FFFE3A12
000155D2
FFF9692C
0006C86A
000542D9
00034D1D
0004DBDB
00039E65
00016BF5
000526F1
00055404
00036014
0008A993
00053A10
000507D6
0004F433
0001A3ED
0000451A
0003CF7A
00035E42
FFFC5234
FFFCBB5F
000268DE
FFFE3B9A
FFFE2BEC
0002D854
FFFFAB5F
000282F7
00054DAB
00008600
0004DCE3
0004967C
000062C1
00076980
0008240D
0002E5CE
000540B5
0001DFFC
FFFE98C9
00082AFD
000187CA
0006865E
0006D474
0001D4B6
00085C65
0001A9D5
0004B2D9
FFFF13FA
0003E80E
FFFFA01C
0003E63F
0002694F
0002FAB7
FFFDE09E
00026350
FFFD17EB
FFFECECE
0003E430
000494BC
00039C66
FFFF6BFF
0001EDB5
00026667
FFFC4C51
FFFCB4AB
FFFD0C43
0005B38B
FFFD374A
FFFE2FE2
00059489
FFFD2705
FFFCDCCE
000010B3
FFFCB789
FFFDD5E1
00026D9D
00052545
0003125A
00036895
00051AE3
FFFEC103
0000F85F
FFFDB08C
0001D6DF
0000E14F
00021EE0
0002FDFB
0002A7E0
FFFF68C7
0001A246
00039936
FFFE5ECC
0002C992
FFFC7A2E
0001EA30
00025205
0004F686
FFFE2193
00025DA8
000038FB
FFFDD2A5
FFFE5AEC
00014413
00000392
FFFD587B
0000C981
00027401
FFFF3CB0
000308E4
00017881
00041A86
0007A284
000446C5
000303D3
00086B4A
00040CDC
FFFDC750
0004E4B2
00024301
FFFE846A
0002E88E
00023CA4
00000956
0002FEFB
00007B0C
FFFC50E5
FFFFA2A5
FFFAAFFE
FFF94F4A
0004222F
00019BBE
FFFB8BD6
0002001D
0002A47E
FFFA650A
00014CAC
00060E6D
00003C15
FFFBD0CA
FFFF54B5
0000269C
00063B4C
00035013
0007C902
0002BA08
FFFD6D61
000371AA
00027FA0
0003F397
FFFF48F9
FFFDA0CF
FFFE0169
FFFF8B43
000182FF
00002995
00054845
0005CED3
0002EAA9
00041A3A
0007EFEE
00044654
00026E23
00032953
000894E1
0001BCB5
00000764
FFFF58C0
0000B968
00047F30
0007CBE4
FFFF016A
00018E11
00026A83
00028A47
0004EE1B
000324F6
00020F70
000122D4
000584D9
0000D4CE
00039587
0001A646
0001B712
0001A73D
FFFFDFD2
FFFF55C4
0001EFD7
0005FFFE
FFFC5B60
0005FD75
FFFD7C13
FFFE3C23
FFF95FA9
FFFAD486
00005ECC
000482E2
FFFD9A53
0000DFA9
FFFBFDE2
00025BE7
FFFFB789
0000EC43
00005D12
FFFF2505
0003CE5F
00029925
00018289
0001FA7D
0007488A
000400CD
FFFCCCFE
00038C04
0003FCD8
FFFC358B
FFFC8038
00009028
FFFDBD05
00028C8F
0002716B
0006674B
FFFFCB65
0004F83B
00097A18
0002433E
FFFF1CA8
00033EEA
00020C6D
FFFBE9C3
FFFC437A
FFFB0F3B
00029410
FFFD3606
00047227
FFFF5B50
0002A605
0000D6E7
00020AF4
00043AB7
00027FE3
FFFF87F8
0003095B
FFFC27C2
0003B970
00002552
FFFA97FB
FFFB87E2
00081D2A
FFFF9A3A
FFFFC479
FFFEB138
FFFD2AD5
FFFEACE6
00050AED
000259AB
000001C7
0001AA53
FFFED9E5
00035190
000040EF
FFFEA0B9
0005806C
0000787A
00058A62
00028664
0002B32E
00006EF0
0000500F
FFFD385B
FFFBE252
0002B62F
FFFCC08D
FFFCEC00
FFFE70A8
0000BACE
0002E581
000431BA
0001B77F
00057BAB
00015F60
0002253C
FFFD9F38
00084BE3
FFF9A242
0002E0D8
FFE91FFF
FFF3DAC9
FFF70874
000C0C97
0005AE71
00048114
FFF0AD8C
FFFE4C93
FFFB6A7A
0002BAB1
0001BBAF
FFFFB6B5
00079718
000BEB91
000EDBDC
0008F132
000BE4AB
00045224
0003416D
00092620
FFFD404F
0001CD3B
FFFC9588
000FCCE5
FFFF966E
FFF9F038
FFF6ECB0
FFEFD35B
0003CB80
FFECFD0D
FFFD04B0
FFF5B721
FFF27B9A
0003044A
FFEF4F9D
FFF8ECA0
0000D8AD
FFF238B8
FFFDF404
000A7E5D
FFFB55E7
0007109D
FFF6DB93
000004E0
000184AB
FFF8CC09
001341E9
FFF0C923
FFFA930D
0007BA4E
0006D479
FFF668AF
FFEED183
FFEE7F63
FFF59B2D
0001B05A
FFEE9369
000AA0A3
FFF34EDD
00028EDE
000465A1
00022BCF
FFF9BD9A
FFEE530B
FFFAAB60
FFF72EB9
FFF9CAB4
FFFA67F6
000D2F17
FFF5D949
FFFF3CA9
00054501
FFEE8DCC
00071315
FFF64E4A
0002602B
000D9959
FFF7FC62
0001CA65
FFF7B272
0001152C
FFFEE84E
FFF26227
FFFABDA0
0001EA7D
FFF375F7
FFFAAAEB
00017903
FFFE5B23
0015D037
000F1307
00029F97
0001E6A0
0001D0F9
0004BD59
00084C3E
000563AA
FFF31EE4
000030CE
FFF70C0F
FFFAB243
00062C1D
FFFAC8A8
00041A70
FFFE2040
FFFC43CC
FFF457E0
FFFAAE79
0006BFEA
FFEFF9DA
0004E5E0
FFFD6A92
FFFCF4F2
00111691
00015CA0
0001AE66
FFF5C3DF
FFF2DC86
00096904
000603FB
FFFD52D7
0006FD91
FFFB6986
00010C0A
000796C0
00045F26
FFFFFEBC
000AF566
000CF320
FFF7D095
0008FE66
FFF63F67
FFF171F9
000DC021
FFFE0610
0002A6F4
00104ECD
000F590C
00025178
0011F81E
FFFC5265
0011EC19
FFFDCB92
FFF4428A
000EB668
00007E2C
FFF16612
FFF71A4B
0007CD5C
000105C7
FFF881A8
FFF7C960
000921D8
FFF83D13
000291F7
0003CDC7
FFF010E3
0002946F
0005837C
FFF09EE3
FFF4AD0C
000BFD93
00080BFD
FFF65A0A
000C5962
FFF15382
0003343A
FFFAFD7C
000595BB
FFFE7CEA
FFF4239F
FFFAA8D3
0008A740
00001C4F
FFFA9D23
FFFA1D50
FFFF8C88
FFF600B4
0004B697
FFFE54F1
000519F8
FFFE0B5A
FFF20F8A
FFF26BE3
FFFA8778
0000AB53
000589BC
FFF85975
FFF2D101
00015890
000E6D1B
0003F5C7
FFFE5C2C
FFFC309A
000332CB
0009FCB1
00020698
000C09D3
00005AF3
FFEA61B9
FFF88564
000187EA
FFF90062
FFF7F14F
00000D11
0005FE04
FFEE6725
FFF2FB44
0003A2F5
FFF77A94
0005012A
FFF9E132
00062E0F
FFF714FF
000360EA
FFF26238
0004F67B
000088B5
FFF8C87D
FFFD25A6
FFF58F51
FFF94404
000B4729
00014A59
FFF42A83
0000C459
FFFF1C4D
000DF837
FFFDEEB3
00066FB5
FFF362A5
00077690
FFF55E1E
000479E2
FFFC93E1
00022722
0006DA04
00035E9C
FFF9C188
000F0EFE
FFF0E41F
000442D1
000FB144
00093694
FFF6E391
000EB757
0010A640
0006EAE2
FFFC0C74
FFFDA7FF
FFEA1869
FFF5C3D1
0006B139
FFF5F29E
FFFADFA3
FFFFC531
FFFC4AB2
FFFFC0F6
FFF4A74F
FFF7C322
FFF61166
FFF3FFD0
000ED875
000205DE
FFFE5855
FFFF1B84
FFFD49FF
00103B13
FFF43CC1
FFF97511
0002BA27
FFEA5076
000AA457
FFF47BD0
FFEC086A
000E7E77
000871D6
0006CAD3
FFFB6196
FFFB75EE
00074709
FFFB625B
000640F8
0009D898
00060AB5
FFF1FE51
FFEB48EE
FFFC2452
00095358
000AA36F
FFF7C045
FFF47638
FFFDD842
FFFB236F
000CDD41
FFED3874
000836E9
FFEC800E
FFF6BC27
FFFB7A6F
00098EB0
FFFE0FC0
0006470C
000387F3
FFF45675
FFF502D4
FFEC89C8
FFF9241E
FFFA89D0
FFF696C2
FFF4C7CA
000648A4
00007E36
00000AE6
FFF6AF6F
0004461B
FFECD40D
FFF8CD8B
00061267
FFFC3690
0001D57F
0008177C
0001BADA
0005FF0C
FFEEA7C1
FFFB8FED
FFF09867
FFF095B1
000BDF5A
FFEE86E5
FFF17B25
FFFCD0A4
0001E6C7
000A232D
FFFD1109
00033848
FFF8CFCA
0009C058
000992BD
000BEFE6
FFF6CE04
000462B2
FFF287EE
0003520C
0004B555
FFFDC4F4
000BDBD5
00091676
0008E732
FFF53E1D
000A9EDD
0006D78C
0003A1F3
FFFB2189
0008F6AA
FFF3364C
00088D7C
FFF99DEE
00031467
00099969
000B1501
FFF78AE5
00051E6A
FFFCDDE1
FFF6709F
FFF28634
FFEFE862
0000ED61
FFF69C2F
FFFEAE24
FFFAEF1E
FFF4161A
FFF89730
FFF8821E
FFF644E7
0008C110
00084B8D
000ABB55
0007B493
00062EEC
0000FF85
FFF23AD7
000BE53C
000200EC
FFF92C3D
FFF89D8D
FFEE264E
FFF5C68E
FFE39DC4
FFF3A584
FFFDC934
FFE75132
FFFCACAD
FFE1B1B7
000737B4
000A9468
000AED9B
FFF89762
FFF961F8
0009B1FB
0007B85C
00036CDF
FFFC48DC
0004841B
000879D7
FFF545B1
001138C9
000228FE
FFFA3424
FFF4AD20
000056E3
FFF71091
FFF012A1
00063A18
00031E3A
0000DF76
FFFA75FF
FFFA52DB
FFF821EA
FFFC959A
FFFBB2BD
000DFE68
FFFE2D81
FFFFCB90
0014AF26
0002EADF
FFFD93BA
000C9A6F
000DAF86
FFF7F321
FFF71443
0003123E
FFFA603A
0004C165
0003B178
0005FEB6
FFFF41D3
00072802
FFF3AA14
FFFBB854
FFF31FE1
00073831
FFFF7C65
FFFD2987
FFFF4E34
FFF8E23A
FFF92D2B
0006372C
0005A2B7
000C3BB9
FFF9229D
FFF86EE2
00009A52
FFF46A7A
0002E200
000435E3
FFFC1969
000A7D22
FFFABAD2
FFFF8749
FFF94366
FFF71EBC
00007128
0004EE0E
FFFA4928
000279CC
FFF5E174
00033A3C
FFFCBAF5
FFF9A5A0
00040320
FFECEF8F
FFFCE897
000C6397
FFF5C219
00032D99
FFF2945D
FFF958EE
FFFAB0CB
0003125E
00073802
FFFFAAB4
FFFE02A4
FFFBF7A2
FFF7BF4C
FFFBC846
FFF8FE19
00019FD8
000AE26F
00127DF7
FFF76604
FFE61C43
FFE7B6FF
000CBE1D
FFF44D38
FFFF816E
FFF5013A
00014A25
00067041
0011C1F6
000E00A3
0012B89B
000F6C53
FFFC4D0C
FFFD2D15
FFF9AB29
000F52EB
0000DD39
001058EF
0002E674
000440C2
FFE73D1F
FFFF1644
FFF57F29
FFFBFF29
FFF1F07F
000B41DA
000570F8
FFF58AF2
FFFBE945
FFF707DB
000E51A0
FFF3D90E
FFFDDE7B
00076DAD
000265B1
00122B1E
FFF7C19D
FFFA0BC2
0001A504
000D5984
00057FEF
FFFE5BAA
0005111D
FFF449CF
FFFBE69A
0000253A
FFFA068F
FFFA8796
00056A6A
0018C895
FFF81C8A
FFFC9547
00040D11
FFF63968
FFF9B474
001880BD
000F60D7
00086238
000ACCC2
0000F8A2
FFF536DE
FFF9C6E5
FFF7FC1D
FFFC01DD
0004B895
FFFA4D5D
00006CB4
0002BCCD
000810D7
00050A37
FFEE3219
00031264
00136A65
000C605B
00074F63
000C13A0
00063B4B
0000142C
00181D13
00034E33
000EC3A6
00128653
000304E0
FFFE6493
FFF97FDF
00026DB8
FFFE0D0A
000019AF
00042D13
000079C9
FFF71F7C
FFF969BD
000A158B
000C8234
000234E9
FFFD9049
00045063
FFFE9D78
000A1F13
000C2A46
000CF61C
FFFBB1A7
FFFF959E
FFF74F92
0003A4BC
FFFE08AB
FFFD33CA
000092CC
FFF82B0F
0002FE80
0004E0C6
FFF91924
FFFE188E
FFF91253
0002326E
0002C6A1
FFF96D53
FFFDC7A5
FFFD6CB0
FFF5DB7A
FFFC4A43
FFF90E64
FFF757E0
FFFEACCF
00066AF2
FFFBF7DC
0003C08E
FFFBE224
FFF54C02
0002C840
FFF98D96
FFF6C5F4
FFF4FDF8
FFF91C2B
FFFAA67A
FFF51FD3
FFF63427
000167EA
FFF7F8F3
00066D26
FFFBC122
0003DEB3
FFFE1F17
0005C180
00006224
00029CEC
0003C9CA
00008142
0006DAC9
00009637
000274B9
FFFE2BED
000D0089
FFFD9B35
000DB501
FFF58D26
00052CE7
0007E600
0001076F
000B7C24
FFFC9AED
0000D317
FFFE5F8F
0009A515
00030DC8
FFF3509A
FFFC650B
000390A1
FFFDD09F
FFFE9CFF
000458E7
FFFDBD14
FFFE4D8A
FFFFAD82
0004A417
FFFF54EF
FFF8335C
00053A3A
00098EAE
00059275
0003A4C4
FFFF42B2
00033C44
FFFD0D88
FFFD64B0
FFF45C4D
FFFD0FD0
FFFFCCE5
FFF98490
0005BAF9
00003C8A
FFF40729
FFF4ABEF
0005CCBA
FFFB9591
000575C7
FFFA15FC
FFF8CDC3
00064617
000BAAAC
FFF5AE9B
FFFD8577
FFFAA24A
FFFAC7B3
00068020
FFF9B2F1
FFF9174B
FFFDCE7E
0006747E
0004DD2E
FFF98AEA
FFFDEAE8
000AE237
FFF9F5AE
00018582
0001D328
FFF598B6
FFF8C612
0008161A
000023A5
00021E08
0005DE3D
FFFFDFEB
0005CB1D
0009EEE1
FFFFE28C
FFFCB2A5
00017C60
00037F51
FFFBD010
FFF5254E
FFF98436
FFFC7510
FFFBFCBD
00051C2F
FFFAB59F
FFFDC765
00013871
0003EDB6
FFF56ABF
0007CB1E
FFF937A2
FFFE3527
FFFC888D
000586C3
00033C76
000648FA
FFFBA212
FFEFFA90
0008254C
0002D154
FFF719AB
000A5463
FFFB2753
FFFD8F23
FFFD6224
FFF61B78
FFFE6D6A
00004C3E
FFF4350B
FFF70B63
FFF70A71
000333B4
FFF9985B
FFFDF3DE
FFF9A98C
FFFECF4C
000238C0
0006896E
FFFC8EE0
FFF8D68C
0000B035
0003A78E
FFF8B545
000386BD
0000F440
FFF9CD12
FFFD5ACF
00021D73
00076C42
000759E6
FFF70E49
FFF6A465
FFFD64EA
00019D6D
0003EED7
FFF7484F
FFFA7737
FFFDC051
00061211
FFFA06CC
0008025A
FFFFE217
FFFA4360
FFF84458
FFFD2466
0001556E
0008A063
FFFC24FD
FFF3E13E
FFF20E4A
00029833
FFFDA4EA
FFF39A8C
FFFECEAB
FFEF3F52
FFF8E0FF
FFF52BA3
0005A364
00029750
00049200
000053BA
FFF63C6F
0000E638
0001E43F
0008145C
FFF99BFE
FFFB8726
0003712A
00097C0D
FFFBA68A
FFFC6057
00000F8D
FFFD8F50
FFF7DCB4
000232DB
FFF7C600
FFF78FA2
00068413
0000A2C8
FFF88CC5
FFF5C528
FFF52393
FFFC5F46
FFFC15FA
FFFB59BF
FFF52B09
FFF8DDF3
FFFBA92D
0005E104
FFF2057E
FFFED8F6
FFFE45FE
FFFC9D47
0004493D
000B267A
0005C737
000284DC
0006B7EE
000794F2
0000EB50
00097C92
0001A57B
000836B0
FFF862BE
00053057
FFF78CB7
FFF0FFF5
0008D4E2
FFFE47F7
FFFC4DA1
0005205B
0004F73C
FFF6042F
FFFDC54E
00044540
FFFD6394
FFF7392E
00027330
FFF9D5AD
00008E37
0003C2F9
FFFB8DE0
00007122
000359F0
0004F006
00058396
00037DCA
FFFC39B6
00042573
FFFE2CC7
FFF9F9DA
FFFEB427
0005F0CD
00009742
FFFBA444
000A9CEC
0005762F
0004D1CA
0000C3C0
FFFD2EFD
00053C01
000156E2
00056DC5
00033E76
FFFB19F7
FFF84160
FFFC7119
0003F0BE
00031A7F
FFFD8DA9
FFFCDCFE
FFF917D4
00063529
FFFE4E7B
FFFC6DB0
0003CD59
FFFEB00F
0003AC00
FFFB87F3
FFFD02F4
FFF9655D
00037AC1
FFFF7D1F
0004EC00
FFF8358E
000506B2
00024E2E
0008DD61
000113D3
0000A2CD
000895B9
00038ED3
FFFCE3E7
0009C8E1
0002F53E
FFF517B8
FFF8FF06
FFFEAD55
0001FCE3
FFF6EE84
000184CF
00009F2E
FFFD56A9
00057CEE
FFF27739
FFF97796
FFFD8217
00054BBA
0003B95D
000393FB
00007E55
00044000
FFF62159
FFFCA1EB
FFFC1D4C
FFFAB8EC
FFF59C89
00010EF1
FFF361FF
FFFBFC8B
FFFD019C
0004C00E
FFFA35FB
FFFC8DFA
FFF798B6
FFFFEFF3
FFFBE6BC
FFF63332
0002FAA6
FFF9A502
0001FE64
FFFAFCDD
FFFB9AE8
000372AC
FFFC6814
00024DF3
0001F6AA
0002EDDD
00038A04
000556FB
FFFC0001
FFFB2A14
000793CE
00067075
00040F6A
0001EC71
000ACE10
0006CF48
00090666
0006B2FD
000161A7
000191B4
FFFD3C5B
FFF9462E
0000A370
FFFFCC1C
0008552E
00029645
FFF90664
FFFC6243
FFF8EB08
FFFD4F16
0001C493
FFFB0017
00051D8D
000536DC
0004A3A0
00027972
000E25C6
00007A43
FFFF441F
000139F6
0004128F
00087936
00066B5D
FFFC085F
000259CD
FFFE63D7
FFFBE0C2
FFFE5A73
0003644B
FFF8E900
FFFE905D
00032B0A
0006975D
0001CE58
00095F7B
FFFF28A2
000DC4F3
000CB206
000905AC
00052B9C
FFFDC050
FFFFBDAB
FFF8668A
FFFB4085
000164FE
0006FF11
00024821
0001EA59
FFFA6771
00034D08
FFFAFB01
FFFC2615
FFF92156
FFF9316D
FFF30986
FFFED2A6
FFF5E0EC
00078C94
FFF69139
FFF4F60D
FFF88CAD
FFFBFA0E
FFFAB719
FFF82007
FFFFFF68
FFFCF478
FFF8676E
00036D03
00094805
0003EB3C
FFFF4814
FFFF73D4
FFFD78BA
FFFD5AE9
0006E14D
FFFB9BE5
FFFC747A
FFFF3720
FFFF0303
FFFF2188
0002F303
FFF8002F
0003CEC1
FFFD3996
FFF7FEF5
FFF97533
FFFE90DD
000594B9
00000093
00015F3F
001062C2
000435BA
000AF51F
FFFD24C1
0008F50C
000CC64D
00047691
00030D0B
0009A031
000120D2
0004D147
FFFC1FF2
FFFE7A20
0009BB0B
00006340
0005C9EE
000148DA
0003DBF3
FFFBF4FF
FFFEAF30
FFF86999
0004FF8E
FFF8BFE2
00029714
FFFBBBD7
FFF9637C
FFFE1BDF
00033553
FFFBE8BC
FFFD1A8C
0001E2A2
000AA437
FFFDE949
0006C632
00007767
FFF79DC6
0005C822
FFF9EDD3
00081F83
0007277F
FFFA5A87
00006DBD
FFF05DA4
00044449
0000AA47
000404ED
FFFEA1A1
FFF2779A
FFEFC082
FFF6F9B9
FFFB6AE3
00031D93
FFFBF794
FFFC7680
FFF2EDE3
000057AC
FFFE2E45
FFF55CA2
FFFEDD93
FFF95D9F
0000CE71
FFFD297E
FFF878C7
FFFF6794
00032BA3
FFF4F569
000BDCEB
000293C7
FFFE362C
00092A1C
000012FC
0006E818
FFFF23C2
0008AEE5
0000E550
FFFC2316
FFFE88DB
FFF3913F
FFF48F53
FFF326D0
0001A9CD
FFFB6FC8
FFF48739
0002A78B
00021ADF
FFF98E25
00142D52
000C5852
FFFC3AC8
00121432
FFF918B6
0002CFBF
000DF07B
FFFC3C93
0004DFB3
FFF5F049
FFFAA1ED
000AB57C
FFF51B06
000559B9
0001C4FC
000C0C5E
000AFA52
000D5B21
FFFEBC35
00035968
000BCF5B
00036068
0005AACC
0014A982
FFFA4A80
FFF87F2B
FFF3866C
000796D2
FFF84562
FFEFB4B2
001150C2
FFFA0E3D
FFF82A3B
001603D6
FFFFDB6A
00093232
0002DE98
FFF62573
FFEBD381
001092CB
000B5005
FFF67FAD
00141D68
00035B2E
00104420
001559C8
FFF962DF
FFFD593D
000664E4
FFFE0A28
00083924
000FD001
FFF9BF33
FFF7F7B4
FFF5AFE8
0001585F
FFFA74A9
FFF2EAF7
FFF80CFC
FFFD78E2
FFF827CE
FFFD4A61
0001C219
0001C489
0008ED3B
000ECC3B
0002B2A6
0010105F
00038605
00022681
0003EEF5
FFFF9FBA
FFF56866
00083796
FFFD3724
FFF256E2
000EFA82
FFFB7F7D
FFFD9419
0013395F
000B0ADA
0004ECD6
000BBF9D
FFFBC441
00122FAD
FFF654F3
0009935D
FFFBDF42
FFFA85FE
0003DA05
FFF88859
0006F129
FFF81A96
FFFF6E63
FFFBD10E
00041764
00082167
FFF399AE
FFF530D7
0016324E
00063DBE
0003491F
00117670
000CF6A0
000E329B
000864B7
FFF9019E
00078E18
000FFE0D
00070B7E
FFF7D91F
0009ADA0
FFF52A7D
0001909C
FFFC9AC0
FFF3DE03
FFEEB604
FFFD23D6
00063A5F
000F3D71
FFFBF9F6
000373B3
FFF28264
FFFA7A70
000FD0C4
FFF75A39
0013BAD4
00048616
00052303
0009FAA4
FFFE1645
0017DF33
0005BA2C
000191B1
000C47C3
0000B416
00110477
0003E68B
0002CC02
000CEBC1
0012AD07
FFFAE075
FFFCF409
000753FE
0006AE09
FFFC5946
FFF5F3C9
FFFE84E3
FFFF0AE5
FFF5C946
000EC92D
0008B347
FFED7DE1
FFF6EAE7
0004D2D4
00048C6C
0006F617
FFF7471B
FFFB8C58
0009C62F
00097022
0000A5F5
FFFA5AEA
FFEDA125
FFF9484A
000A0FE8
FFF7AA4E
FFF451AC
0007D8FE
000EA5A6
FFEFF5A6
FFF97290
FFF1057F
FFFD20BA
FFFF1E92
0003D6C6
FFF55C76
0012733B
FFFA3346
FFEB89BE
0000F7E4
FFF7B5CF
FFF6435E
0000A8C7
00058C10
FFE9DA5A
0002F99F
FFF3BC32
FFEAABFF
FFF949DA
000A86E6
FFFB05AF
0007BE12
000B9A75
FFF8EE3B
FFF91419
0011B18E
FFFEC841
FFFD44E7
FFFC49FB
FFFFD2F8
0003D64D
FFFF47FF
FFF7C9EA
001E3C28
0006E10E
FFFEC737
00050B42
000E1FC6
FFF5E24B
0010D206
0011AC3A
000A729B
001234ED
FFFC3255
FFFFE41D
0009BC6A
0006BA13
FFF887A9
000A1D3D
FFFF46F2
FFF4D827
000DDF4A
FFFDAD55
0001A3B1
FFF6A3AD
FFF4F2FD
FFFFFE6A
FFEE7A92
FFFD1631
0001BA0B
00051813
FFF2F64E
FFFF187D
FFF5C77D
FFEBF8C9
FFFB640B
FFFF3C8D
00049438
FFF1E81F
FFFD3747
000CD673
FFFC46E6
FFFD2D3F
FFF57AC1
FFFCACF0
0004432B
000130D0
0004D6D1
00068C78
FFF47451
FFF82710
FFF34CAA
FFE11256
00032F8C
FFF62521
FFE8B2D4
00014714
FFE42774
FFF42157
FFF1D7BC
FFE9B516
00065FCB
FFF0FF98
FFF942A8
FFE7E90F
FFF6B7C1
00000392
FFE9C176
FFF65C31
000CDE2D
0003175F
FFF6F4F6
000E400C
FFF151C1
FFEEA9FE
FFF7275A
FFF21233
0000B1A4
00013DD9
FFF05DC8
FFEEDAFF
FFF2B039
FFF761D6
FFFD784A
0008A6C9
0006DEAC
000513AB
FFECE707
FFFC7447
FFE910D9
FFFBFEB9
FFF725DD
FFF70AFA
FFFCD006
FFFC62A7
FFE9E4B1
000E0B44
FFFE3DDA
FFED6AEB
001371A8
000434AF
0001FA6C
FFFF0993
FFF75C8F
FFFCBA81
FFF151A3
FFF4AB30
FFF34113
FFF9259D
000550DA
FFF89EAC
001090DD
00057A17
0004BDDC
0009AA92
00092C8D
000177F0
FFFE2A23
0003E85A
FFFBBF76
0004E231
000753BD
FFFBFA4A
FFF66E9F
FFF8DBC9
0008803B
00170518
FFF1834A
000FBB35
0006775B
FFF0D987
FFF85E36
FFEE123F
FFF81D1E
FFF44AF3
FFF4B61D
FFF22676
FFF61E04
0005FD48
FFFABF82
00018AF8
000D1329
000712B9
FFEAAE41
00162B4F
FFFAA609
00081DDF
FFFB8286
FFFFAA1D
FFF21B12
0006A417
FFFE7742
FFFBEAC9
000A95A2
0011FB87
00059E00
0013D1F6
0012A169
FFEFF8B1
00089C22
FFFBB709
FFFAA055
00024636
FFF8F2C3
0009962F
00155ABE
000739ED
FFFB26E2
001874FE
000AEABD
00055278
000DD6FD
FFFF4DA3
FFFEE46E
0008194B
0003BB9A
FFFD0729
FFFF312A
FFFAF924
0000C72E
000B64D9
FFED96B3
000B43B3
FFFCE683
FFF67C5F
FFF6A968
0001324E
001384CE
000F6794
FFF09275
FFFEEB90
00052389
000F6BDF
000C2C26
0012349C
FFF4762E
000874F3
FFF85CC3
FFFB9C7B
FFF52455
FFEA466A
FFEE9A07
000BB80C
FFFD8859
FFFCB7AF
FFF7FAAF
FFFAC283
FFF81215
FFFEA99D
000FACBF
000C3A6B
0012691F
000EE21C
0001A760
FFF6A904
000B27C0
FFFF9FDA
FFF68869
FFFBF194
FFF5AE28
00059E3E
0004CBEB
000748D7
FFF6760A
00007667
0004EE86
0001464D
FFF19A93
00016CDB
FFFF0458
000B5BC3
FFF718BA
000D0BED
0001CDCA
00033F4E
0005F5D0
0019886D
0001D3E3
FFF0AB94
0003FA21
00092163
FFFC0C08
FFF50FBE
FFF95420
FFFFD08D
0004035D
0003ACA5
FFFE4233
FFF1FEF8
000118DE
0001C738
FFFE846B
000CEEA1
000A0B1E
000ADAC9
0000A814
00050F42
000136F9
000531BC
FFF75AB3
FFF57896
000827BA
FFFCF13E
FFFB37F1
FFFF06B0
00013669
FFF6964E
000101FB
000A941C
FFF68CD3
0011D8A5
00180431
FFFF8A60
0003F960
FFFAD959
0007206C
FFFD380E
00009D97
FFF0E4D4
000C1791
000CAB7B
0006C6AC
0001DD64
FFFEAA68
FFFB6501
FFF5233F
FFF9C710
FFECE6DA
FFF3A697
FFF367CB
00031FE0
FFFDEE49
FFF65AA9
FFF8CF6C
0011B1B3
00048B58
00092579
FFF64343
00000AD9
FFF9966D
000EB635
0000A3C1
00163D49
0008F788
FFFA82FD
000980E7
00041979
000AAC40
FFFF1CE9
FFF8D07B
0008D319
0007967C
0004F0C8
0006EBC9
FFF61EDA
FFF833FB
FFF4A0C0
FFFCFCC7
FFFD3E2B
000AF6D1
000AB070
FFFD4A18
FFFD41AD
FFF2CC68
FFEFE0C5
FFF8C3E7
0000FCE4
00024F5E
FFFC5707
FFF74FF9
FFFA8FFD
FFF857CA
000CB1C8
000AAC16
000403AE
00041586
000FD32E
0012A7E3
000E8A42
FFF93EA4
0004BEC1
0007550E
0004A734
000AF54B
000A885B
0002E402
FFFBA6B1
000B933E
FFFB8C69
00017ADB
FFF7A983
000AE04E
FFF566C9
FFFC306E
00106955
FFF5AA8A
FFFE5913
FFFDA1C6
00021F9C
00094C5A
FFF576A5
FFFF14EA
FFFDBA61
00032E08
00143025
000D8725
0008A32D
000B6325
0019F2CC
000075AC
FFF52A6E
000B7FC6
00133280
00070631
0001EE37
000AC00F
FFFA6992
0000E223
FFFD536C
00020070
FFF4A934
0005CE6E
FFFA143C
00053EA3
000A99AF
00010810
000C2375
00032C29
0009ACD4
0006E81C
000D1B6E
FFF2843E
FFFA5EFE
FFF93959
FFFAFDAC
FFF93DDD
FFFFF2F5
FFFCEE9C
FFFE6831
FFFD2575
FFF936A9
FFF30330
0009C6E9
0009EE4B
FFFF8881
0001210D
FFF9662A
FFFDC4FF
FFF7CB46
FFFBEF96
FFF5F540
00052615
FFFDA499
FFFF96FB
000563E1
FFFA232A
FFFD8AC4
00062959
000287F6
0008BC1C
000BD751
FFFF2403
FFFD35B4
FFF86547
00072C94
FFF988D3
0007DF50
000A09EE
FFF5F33B
FFF7C1A6
0007713A
FFF701A6
FFFC2839
0000CB4E
FFFEE2D9
FFFADB85
FFF8300C
000232DC
0003A97C
000A0B19
FFF5977B
00047ADF
00069339
FFFD2BBF
0007632B
FFF64FD9
000979A0
000C9B67
00057EDC
FFF97A9D
000ABBD5
FFFC8338
FFF91CCE
FFFFFE5B
FFFAA0E1
FFF57032
000A931C
000B49D3
00063FC0
000F3F3D
FFFB4DE6
FFFFE48A
FFF7CAFC
FFFB0714
000579FC
0001E7DD
FFFAAD3F
FFFDCA66
FFFE5F33
0001259D
0002A0CB
0000359A
FFF9A408
00035BF7
0004E522
FFF2996D
0005ED78
0005BB84
000AD54C
00048F3C
FFFE5653
FFF9FF17
00006308
00098311
0006DBD1
0000223B
0004FC05
FFEC6C8F
00062B7D
00099DC9
0001923F
FFFE96E7
0000FDCF
FFF87692
FFF3F7CF
FFFCC4DF
0004B715
000A1191
0005F8D2
FFFA6E3C
FFFD55CB
FFFF3259
000DB078
FFF5CDAE
FFF80D3A
FFF83264
FFF16EA6
FFFBF095
00102F9A
FFF4556F
00000BCB
FFFC98E2
0007CA49
00006ABC
00090CE4
FFFA185A
FFF6A06F
00025F53
FFF91FD6
FFF3E6B3
FFF46ED8
0005B84C
FFF7B49A
FFFD1EFA
FFFE1F50
00091579
FFFC881D
00035839
FFFE6460
FFFCF8AA
FFF78E5D
00001175
FFF5E495
FFFA3CB6
0006F2BD
00051747
FFF58463
FFF6D99C
FFFF3ACF
0004F311
FFFEEBFE
FFFE5D96
FFF49A02
FFFF85CA
FFF80AA7
00065C00
00064E37
FFFE2E9D
FFFD5727
0000A2FF
FFFB6CFB
0005CDF4
000760EC
000204F7
FFF71811
0000ACAD
FFFCFB7D
FFFF43DC
000921B6
FFFA31B8
FFF77EEB
FFFF4733
FFF464E6
FFFA848E
00049FFE
FFF4BF65
FFFB4F32
000D64AA
FFF9D826
FFFDE25E
00006543
FFF49557
FFFC654D
0000D4BD
FFFC3363
FFFAB007
00059D75
FFFF6B57
FFF3434A
0005F6FF
0006B892
00033A4C
00056E0C
00018D91
00046D6D
FFFAB660
000B3480
FFF76565
00016161
FFF99CEB
FFFB99C4
0004D725
FFF69ED5
FFFA4D2D
FFFE7955
0002C266
FFF8D8CD
00010F40
FFFD8D94
000184B7
FFFF214D
FFF24FC7
0001578F
000348B4
FFFD9C8F
FFFAB08B
FFFB906D
FFFC1123
FFFECDAF
FFFC5214
0004C942
0008AB3E
0001C602
FFFCECAC
FFF97025
FFFA74D2
FFF9C389
00006231
00052194
0003C92A
FFF0A753
FFFBBEB3
0001C7A3
FFFA8E16
00038139
00040512
FFFE62C1
FFFEA4F6
FFFF81F7
FFF07F6B
FFEECD55
FFEDF3D9
FFFD0713
0007418E
0006CC2B
00007774
FFFF37E5
0001CCBF
0007B194
00122FC9
0014535A
FFFC84E9
FFF8511E
0001E916
000598D0
FFF9F2E4
FFFE6E51
FFF84AC4
000DCF44
FFFBA964
0000F399
000653BB
FFFA2E47
000739DC
0003EAFF
000BECCC
FFFE8931
0001E5C6
00038F20
00082C43
FFF7835B
0009555C
FFF7C7EB
0004672D
00010E22
FFFBD5CF
FFFC9BE3
0005E089
FFFA2D2C
00008153
FFF479B1
FFF5F997
FFFB4E6F
FFFD57DB
00036D22
000A0E8B
00078FB5
0002FBE4
FFF77801
FFF50077
FFFA0B94
0003C3CA
FFFEA4A0
000291EB
000A05E3
0008B032
FFF69B2A
FFF8C601
FFFA9F1C
FFF117D1
FFF94B16
00086E38
FFFCC605
FFFEFAE5
FFFAA5CC
FFFDE566
00084CBE
00002BB2
00009BF1
FFFFEDA0
00094B6B
FFFC03A3
00082DBE
0001970D
FFF9461D
FFF7EBEE
00027260
FFF9C4CA
FFF9A059
0005013F
000445FE
000647CB
FFFC71C5
00055DB8
FFF7B815
FFF8F732
00022064
FFFB64E3
0009DA8E
0000EF95
FFFCAE83
0006D926
FFF71B8F
FFF671DC
FFFCF315
FFFFBADB
0009ABF0
000C861E
00008593
FFFBACC0
000420D0
FFFADF2F
FFFC4A63
FFFA3EB8
FFF8666F
000858A1
0002E38F
000F15FC
00077E9C
FFFB8CE3
FFF69F73
FFF9F6C1
00049A23
00018F28
FFF79F9E
FFF81FF5
0004D4E5
FFFF816E
00074FA5
FFF38388
FFFB5741
000034F7
FFFB3A9A
FFFE9C02
0005A258
FFFEC167
000769A1
00096FDD
0000572C
0003F4F6
00017478
000D6FCD
FFF72666
FFF68987
FFFED6A1
000179AB
FFFA7489
FFF38ECB
00013CB9
FFFF94C1
000741C2
FFFB0FD9
FFFA08AD
00002ABB
FFF6B793
FFF63590
00067956
0002FF9B
0003DF1A
0005933C
FFF82721
FFF937C7
FFFE8F26
000279B9
FFF7FAAD
0004548C
FFFA19B8
FFF62425
FFFA596D
FFFA71D0
FFF0AF77
0002A1B7
00009653
0002DD3D
FFF93321
0006037B
FFF59B29
FFF36178
FFFEC5D9
00073862
00015834
00046898
FFFEC8C3
FFF40D09
000401A3
0007FBC2
0008648E
FFF923FA
FFFC36F0
FFFACBB4
FFF818B3
FFF03461
FFEF66D9
FFFA6C46
00052DE3
FFFD9A93
FFF87262
FFFDB88E
0003E613
00003987
FFFC03E3
FFFF5F3F
FFFC0792
FFF7164E
00013099
FFFAE3DF
FFF3536C
00074307
FFFC3F19
00060231
0000089E
FFEFEB2B
FFFB66BD
FFFFF7AE
FFF9EB64
FFF67693
0003EB1F
00053976
FFF3945F
FFFB20D8
000979FF
0006B885
0001E935
FFFF1D76
00005D7A
FFF2C0FD
FFF72212
0004D29B
0000966B
FFF87EB9
FFF48463
000291B6
00049142
FFFC947E
FFFF166F
FFFE882B
00085890
0001B6C6
FFFE7E93
FFF35A30
FFF6611C
FFFF432E
FFFFC24A
FFF3DEA1
FFFF6705
FFF40D00
000066A2
000C038C
000990A6
FFF387E9
FFF89C57
FFF0D120
FFF63C50
FFFC7ED3
FFF885CD
FFF7DD0D
FFFEF6E0
FFFFD338
000892EE
0001C0A1
FFFB8800
0007E373
FFF9C890
FFFF1ADE
00044584
000A200E
0009D2B1
000C5A3B
00106697
000599F7
FFFDA536
000228D6
FFFB8E53
0000B7EF
FFFAD931
0008731F
FFF23551
0000B301
000A5321
FFF6A940
000210D9
0007DA9A
FFFD5CEF
000B589A
000BF78C
FFFC9DFA
000F8B5C
000F0D77
00071F81
000471AD
FFFDD0E1
FFF9DCC8
FFFFFAD0
000B3BBD
000871F7
FFFAB241
00053B6B
FFFC6691
00039349
FFFB353F
FFF8426F
FFF4C408
FFEFDC2C
FFFF1C6E
FFF67014
FFF9A124
FFFCFF47
000749A2
00029DDA
FFFBFEC3
0008C6D2
FFFD0921
FFFB54DC
0001219A
0006A0C7
000B6838
00087ADC
0005799B
0000E289
000C7E0A
0002B707
FFFE083B
00018010
0002FB51
FFFC321D
000B7EE3
00035509
FFF635E2
000C7EA3
FFFCC864
0008CBD4
FFFE7E1D
00005A34
FFF747D8
000C78A2
0002B62A
000A9D43
000BE62F
0001B1AC
00027CEF
0005ED1C
FFFC7B32
FFFB3A0B
000996AB
0005B5A6
FFF98FC7
00031E0C
000DE37D
0010830D
FFFB6F62
0001FDC9
FFFB3F50
FFFD1A2D
FFFFBAD1
00003D5C
000411EA
000AD627
00084EB6
000582F2
FFFE8EF1
0001276D
FFFF3DA7
FFFE3564
FFF631CA
FFFDA2EA
FFFEAF43
0003732D
0004C9F8
FFFEB02F
000B5E2C
FFF8B0E3
FFF35672
000491AF
FFFE9A6C
0008B780
FFFDF265
000833E3
FFFD1FF7
FFFBAEE6
FFF27F76
FFF5B980
FFFEB6F8
FFFFE124
FFF9D393
00041571
0006124C
00084F06
FFFADA70
FFF54043
0001117D
00006AE5
FFF6F574
FFFA6953
FFF95FE5
FFFA1FF4
00077C9F
00069554
FFFFCC2B
FFFC124C
0002C6E9
0001E465
0001B13D
0007AF12
00038942
FFF99AD0
00020079
FFF444DD
000AB39D
FFF72331
FFF7C0B7
FFF835DA
FFF54316
FFFEC442
000C16D5
FFF6448E
FFFC2AC6
000012E2
FFFEBD94
00003CA7
000673FE
FFFE25C0
000C5067
FFF86542
00070108
FFF38736
FFFB697E
0001995B
FFFACBB8
FFF4D1A8
FFFF3B70
FFF892D3
00010235
FFFD7EA8
00024F4E
0004DDBA
0002D42A
FFFD0917
0007E1DB
00078787
0000A325
FFF0140D
0008C76C
FFFE997B
00057B7A
FFFBDA2F
0006D91D
FFF68BE5
FFFA6550
0002508A
FFF8ED23
FFF7E157
00001D13
FFFDF5FE
0009509E
FFFFF58D
000025C4
FFFF5AD3
00013585
FFFEF60D
00067F5B
FFFC35E3
FFFBEE7A
FFFC2092
0001F8F3
0001675F
FFF9E007
000C8867
FFFCE6AD
0000CF41
FFEF2B1E
00019D47
FFFC21AC
0010B5F1
00097AA6
000E92CA
FFF615F9
FFFE522B
00048583
0000CE3E
0004CF5D
FFFC618E
FFF533E1
FFF8FF01
FFFDF963
00064943
0004F280
00056622
00010FB1
FFFFC495
0009ACD3
00021EF1
FFFA0E50
00077527
000C11BA
FFF798C8
FFF75ECA
000BB66B
FFFC5689
000AF1C8
FFFA5C5A
0008E7B8
FFFFEE79
FFF79580
0004CD32
000E8F51
000257CB
FFF44F59
FFFC1747
0004B6DB
00052BEF
000732C3
FFFDE080
0007F912
00027650
00003141
FFF274A5
FFF7AC3C
FFF92A4F
000A5EAB
FFFFAF83
000172E9
00095565
FFFCCA1F
FFFD9029
0000278B
FFFCFB42
FFFB8559
0008856B
FFF628E9
0003D156
00059F95
FFFCBC19
FFF83C60
00050F79
00002CF0
FFF22275
FFFEC68F
FFF4DAB4
FFFB142E
0006005F
00065B35
00044C67
FFFEA97D
000C96F1
000CBC5E
000E1C6B
0007861B
FFFE3FD3
FFFD636C
0007A999
0001430E
FFFCFE2B
FFFB9EE7
0003FECA
FFFB6154
FFF82267
0007B9FF
0002B124
FFFEC359
FFF8E52D
FFFAABBE
00024847
000BBBCD
00062C50
0008B87C
FFF8785E
FFFBD25C
FFF727BD
FFFB970C
0002D5AC
FFFB29CA
0008B507
FFFBE208
000AAC12
0006EC9C
0007A525
0004B0CF
00000107
0003A3A8
000A7040
FFFF85E5
00009AEF
0003416D
FFFDA4D3
FFF0E255
FFFB0E15
00052D8C
000A04A7
FFFDF7E3
FFF2DC31
FFF3F783
0001144C
00062F50
0006363C
FFF8111E
00035DAF
FFF5D16B
FFF7B245
0007D3AE
000BA6EA
00021A1C
FFF9A9F8
0004E2A3
00048694
0002194E
FFEBB722
FFFC8397
0004504B
0003E09F
0004F564
00005000
FFFD99BE
000420FB
FFFCF706
000B75C7
0003EF39
00055C3B
FFF7427B
00056040
00055C4D
00073859
FFFFC3D5
FFF155EF
0006B3A7
FFF4AABE
000D408A
000F08CD
0004E4AF
00055225
FFF80D8F
0000B90C
0007963E
FFFD32D6
FFFE1172
FFFD4F1A
00096742
000BBE1E
FFF723F7
00058EF6
FFFA6B86
0002FB11
0003651B
FFF94750
FFFAA335
000CFA32
FFFF6F28
FFFC9F11
000308A1
FFFA3B03
000778B8
FFF148AE
0004BE57
FFF9AFF0
0004FB8E
FFFE6932
000B4192
FFF5454B
FFF8A311
FFFCC353
000344A6
0005F0D5
FFFCBE6E
FFFCAE6E
FFF663AC
000A9202
00041A2B
FFF9AE6C
0005A2C6
0000A1A7
00008775
0000676F
00018B2F
FFFB286A
FFFCB328
FFF792F8
0006B436
FFFC411F
FFFD4ED4
FFFAE31F
FFFD9109
000AD224
000C27B9
00049018
FFFEEEB7
FFF7D80D
FFFE3AAB
00051974
FFF80A55
FFF97765
000514E5
FFF92EFE
FFF4B819
00066C2C
00039DA1
FFF85193
FFF3D7F3
00011D76
FFFB8989
FFFB7D5D
00024571
FFFF5EA2
FFF54600
FFF9139C
FFFD4C41
FFFD36BB
FFFED27F
FFFD12A9
000432B2
FFFDAAC3
FFFFD9BE
0003D55C
FFF73ABA
00064A63
000959D1
00093575
FFF73524
FFFB367F
00049D69
0000E981
FFFD49DE
00070E30
FFFED1EE
00029B31
FFFFA7D4
FFF7FEB2
FFF3F6C8
0000014F
FFF8C3CA
FFFCD139
FFFF4038
00023BA4
0006C52D
0006E2F7
00035225
FFF04D51
FFFA097E
000A0128
FFF7368A
000BC40E
FFF8C874
000B5599
FFFC782B
FFF89B85
000E161F
0007A845
00069C2B
0000A186
000281A3
FFF8FF64
FFFB89E5
FFF7352E
FFF974BE
00020F1C
00001B67
FFF322EC
000507DB
000244B3
FFF820A4
FFF8F3F0
00053246
FFF9406E
00095F21
FFFB17E1
00059F33
FFF17465
FFFF76C9
FFF6D8B6
00015B65
00089372
00054170
FFFB57F6
FFF17CEF
FFFE2052
0002A6E2
00040438
FFF3DFDB
00015525
FFF90AD5
0005FDC1
0005DC7A
0009078C
FFF155AA
00030980
0003429C
00075B98
FFF6579A
0001BE55
FFFB5CC8
000D3DC7
00053EF2
00049CC9
FFFA950D
FFF6B4DF
00089327
0005826C
FFF9AFB3
000572AE
FFF15C99
FFF97D2B
FFFE56BB
000C9D01
FFFCA770
FFFAA2F4
0000293A
00064A66
000610A6
000B2D74
0005ECE7
FFFC17C6
FFF51688
FFFB2F11
FFF9F779
FFFEA385
FFFA0F8F
00039AEE
00005B1A
000E3951
000836C2
FFF1F402
FFF7687C
000906B1
001192BD
0000FAD7
00037EF5
FFF7CD37
0001984F
000646C3
00015AF5
FFF4D0D5
00087033
00077DB7
00029ADC
FFF53CE6
FFF19122
0004B300
FFF3356D
FFFF0530
00041CFB
FFF9C9B8
FFF51DA4
00089206
FFF4A6DF
FFFD945B
0009EB73
FFFD5C15
FFF45277
0005DC21
FFFC94C3
FFF87485
0004364C
FFF28F85
FFF9C531
000320C5
FFFA6546
00002773
00064D0F
FFF07D9B
FFF92CE4
0004ABDA
0000D344
00027E7C
0009236B
FFFF5974
FFFEB8DF
000881D0
FFF62A82
FFFD9E0C
000A9EDA
0008C614
00057547
FFF99008
FFF675AE
FFFD0010
FFF7392F
FFFA1320
FFF951F9
FFF61266
000BD00D
000E5E50
000082C2
FFFCD413
FFFAE120
FFF4C7D4
00098005
00001E74
00099809
FFFC6C71
FFFFD46E
FFF87608
000AC3D9
000776F7
0005483E
00072D7A
FFFD5A12
00070A61
FFFF8424
000E54B9
FFFB35C5
FFF8090E
FFF054DB
FFF5532E
FFF463EC
FFF0D0C0
FFFAE3AE
FFF2C7A2
FFFB0548
FFFF13A2
FFFD2052
0006855E
000ACDEC
0003D0ED
FFFD1EF8
0006851B
0004D210
000C271A
000AF74D
000237EA
0001D719
FFFC95D5
FFFEF967
FFFC28DC
000329AA
000DB519
0003B149
000988D0
0007A19B
00034A4F
FFFB426C
FFFAE347
FFF695AB
00007EE8
FFFE6D4F
FFFB87E5
0003B351
000508EF
000434D6
00035061
00000EE6
000B3E08
0007BA37
FFF7BA35
FFF5769F
0005BECA
FFF8A01C
FFFCE038
FFF82BBE
FFFD796C
0002E34C
FFFC9217
FFF815BD
FFFE6B7D
00062E46
FFF4E32A
FFFD6744
FFFCD534
FFF5876F
00078BDE
000696DB
0001392D
FFF4453E
FFF9DE9C
00077B61
0005FCB8
FFFE3F99
0001CD68
000B5514
000CF917
0008D515
000F83FC
0008537C
FFFC4D87
FFFCF840
FFFDB10A
000C329F
FFFC5CFF
000064B2
0005EFF7
FFF6A3A4
000176D3
0005FF6A
000B5459
000010EA
000AA7C2
00025E46
FFF7624A
000865F5
00009F73
00004C56
00026683
000CBC72
000162DD
FFFDFDB1
000EEC52
00095D28
00068FC7
FFFEC8F6
00012B98
0006082F
FFFC3F68
FFF85327
00070108
FFFDA432
FFFC12E9
FFFEAD94
FFFD2C43
FFFC4EC1
FFFC2372
FFFECD04
FFF789BA
FFFADCC9
FFFA8D6D
0002F396
0000BD1D
000497C8
00018EFD
0007B85D
0006FBB2
00068E58
0003DE3D
FFFF35C1
00046FD9
FFFF7C86
FFF925F8
FFFBFCFE
FFFFC0E5
FFFB6DE1
FFFC33F3
00036D9D
FFF79E70
FFFD5295
00024AB2
FFFC0CED
FFFABF3C
0001FCFF
FFFDBDE7
FFFDA00E
0003AD49
FFFC998D
0002DD44
FFF6B7ED
00003313
000933BC
000265A6
FFFACA7D
FFF8DB33
FFFB6C52
FFFDF486
000137B5
FFF8FCA7
FFFEBF65
00033AF8
000276BD
FFF644EF
FFFBE03E
FFFB728D
FFF22908
FFFA3625
FFFF477F
FFF9040D
FFF8C52B
FFF9E069
FFFE8DB9
00059CB0
00050687
000385D8
FFFF5E90
0006C694
FFFEECF1
000BF2AA
00029CED
FFF9EAC3
FFFA1158
FFFAF07D
FFF9EA7F
FFF2407C
00032E1F
FFFA5ADE
FFF80B31
00012CF5
FFF89D31
0001F5CF
000062E2
FFFE14A8
FFFC7CE1
FFF83A37
FFF543C3
FFF7BB0B
FFFCF1E4
00042CB0
00022966
FFF94ED0
FFFEA7BB
00030D46
FFF7667C
FFF8D056
FFFB7259
FFF47E0E
FFFE26F8
FFF6D9EC
FFF8A0FE
00006278
0003C12D
FFF7CA8B
FFF414D1
FFFB631F
00026CB4
0005B4DE
FFFE2133
0006DD39
00036386
0006B339
FFFAF745
0001973E
0005A5D3
0002E96E
FFF9614F
0001B672
FFF4FA6F
0006AD56
00022063
000199B7
FFF1109F
FFF7BDB6
FFF9B5A7
FFF8EB83
000483AB
0001BC5E
0001AC75
000BF68E
0009322F
FFFFAACF
FFF6EF69
0005EE65
0009B12C
FFF61301
000A009F
FFFA035D
0007B2FD
0005E6E2
FFF80AA1
FFF89B25
000288EC
000507F6
FFFE6B02
FFF5E1E8
0001FC63
000557AB
FFF7034B
FFF7AE63
FFFA5C03
FFFE79D5
FFFA224B
FFF3A319
FFFF1D4C
0003C8E9
FFF83592
00012D5F
FFF7DC69
0004CC2B
0003331C
FFFD5836
FFF5F39B
00062152
FFFC879C
FFECAB2B
000410C4
00035141
0002B788
00065305
0004E7FD
FFFCDCFA
FFFEABB5
00073E3E
FFFC9415
0004D217
0005231F
FFFA59F0
FFFCB18A
0008651B
FFFC3860
000800EE
0004AB43
000504D2
FFFB1AED
0000A21C
FFFEC72E
00000885
0002DB6C
FFFDCE15
000A1F48
FFFCA400
00041169
00020092
000276FB
0001E676
000374DA
00087F3B
0003A020
FFF91712
00021A79
FFFAD04A
000039D5
0000207D
FFFE68EA
FFF2943C
000055DB
FFFA5F5D
FFF2DF05
0002D711
FFF93A31
FFF3FF41
FFF6C4FD
000256AF
0004B9B5
FFFDBD8C
00040564
00050A45
FFF74537
00063F85
FFFED7C7
00024877
FFF387C9
0001080D
FFFF6BB5
00038633
00066945
00044604
00011591
FFF9A173
FFFA118B
FFF988E4
0008650F
000D32F6
0009100C
0002E5BE
00031775
FFFADD63
FFFE153A
0002B1A3
FFFAB513
00085D30
00097301
FFFE6609
FFF8FA46
FFFA1CD3
00052BE6
FFFAF0E4
0007574C
FFF7E8C7
FFFBF172
FFFB4920
FFFC0B9E
00012BE9
FFF401EE
00082B13
FFFCF8B5
FFF4B3BE
FFFDD5CE
FFFBF12B
00086DD6
00039F6D
FFFD4D2B
0003D53C
0008A759
00007227
FFF96619
0002545D
0004C313
00031F3A
0008A3C9
00065207
00046EBE
0009C69E
000CBA63
0007374C
00053BD4
00008069
000045CA
00086878
FFF5CB66
FFF9E550
00043697
FFFAEE72
FFF35F49
FFF9A2AB
0008B981
000B4251
000C9A16
0002EDEE
0003906D
00066A3F
000AD790
000A5914
0000CF78
0008BCB6
0005C983
00029709
00044B94
FFFC0DF1
000220FA
0007E109
FFF7160A
FFFC214A
FFFDC679
00005FF3
00046076
000A811B
00012840
FFF9D885
0002A497
FFF51C7F
0007538B
FFFCAC27
FFF7B197
FFF652EE
0002C740
FFF76542
FFFDF42A
00004DCF
FFF8974F
FFF7CFF6
000D308A
FFF8A6D3
FFFAD692
FFFD4086
000176F5
00080468
000892FC
FFF73046
FFFBEC71
FFFE7088
FFF9AEEE
FFFDFABD
FFF3328A
FFF81C7D
00041C1C
FFF25A23
FFFBFED2
FFFB0659
00070CDE
FFF622AE
0004A3A0
00064846
0004D9B7
FFFB1ABD
000A8571
FFFD4ED8
FFFC2814
FFF96F3C
FFFB4438
FFF5C8CD
00058C5C
0005D53D
FFFC6B2E
FFFA4B74
FFF28BF8
FFFAE591
000EDEA4
0001B964
0002D138
000A0E67
0009E7FD
FFFF2619
FFFEE546
00069004
FFFAF82C
0005A4C3
000C5B22
00037823
FFFB7B3F
0001D814
000016B3
FFF5C7D6
FFFBE24F
FFFCD9A2
000732B4
00039320
FFFEF567
0009FC08
FFF5F5AC
00053D4E
00040E32
000553CD
00075A93
FFF7A7B3
FFFF24B5
FFF8A2FE
FFFDE0A3
00045D47
00029948
FFF10A7B
FFF2F7A4
FFFFEF77
FFF9CFF8
FFF63249
000590C1
00138267
FFFEF31A
FFF43E5D
0000E9F7
FFF8127F
00026C4B
FFF9B91F
00080B34
FFFB6296
FFFAFC60
0004ECB7
FFFD65CC
00050B35
0004C896
0006FB99
FFFD0A03
0001AE66
00026929
00086F2D
FFF7803D
00069F3B
FFFF7AD7
FFFE9BC7
00007378
0000A2C1
00040ADC
0004F5E0
FFFE133F
FFFE83BC
FFFB8188
FFFD9F0E
000B42BA
FFFF9731
00009AD2
FFFCBC3F
0001B5E9
0008D355
00037D79
000580B3
FFFEE646
FFF4662A
0001ABE2
FFFF702C
FFFE454D
0009C3D4
FFF61D44
0008876B
0006BB59
FFF76522
FFF8EE00
00086627
000460C8
0008DDB9
FFFE399F
0004868A
FFF5A0A7
FFF2E55C
FFFD95ED
0005691F
00013AE3
FFFE04F9
FFFFD8AA
0004A04E
00059A62
FFFCEC02
00022CA5
FFF380AB
000428BA
FFF59D9B
0008E441
00135994
0010B2FF
0008F31D
FFFB7D7E
0006B6AF
000585A3
00032DA1
0006AC3E
000837E6
0007C168
000303BD
FFFE1BDD
000475CE
0006CC41
000B0C16
00083816
0005B815
