FFFD4618
FFFB25F6
FFFEF3AD
0001C089
0000AAED
FFF9EAF2
FFFB1CA8
0000C01E
FFFC329D
0004EAEF
0001D5B3
FFFF0FD7
0004E397
00016FB5
00005E5C
FFFFB852
FFFD860C
00005EB5
0002EB14
00014C82
FFFE5D91
00035BB6
0001BECC
FFFD11E8
000316F8
00013B32
FFFC2D07
FFFB8FA4
FFFF342C
FFFF7971
FFFA8280
FFFF4886
FFFA2544
FFFFF32A
0000AFCD
FFFD2909
0002181B
FFFF5B92
FFFD3883
FFFF6AC4
FFFD15BE
FFFF752A
000026D2
FFFBFACF
FFFFDE55
0002559D
00025EE9
0001069A
FFFDF69F
FFFEF4D7
00008D31
FFFED6D7
00043F77
0001978E
FFFF2295
FFFCB864
FFFC084E
000143E8
FFFCCEF1
FFFE2270
00050C04
FFFCEA96
FFFD75F9
FFFCD2DD
00023A07
FFFCF396
FFFCBE72
FFFED1A6
FFFC73E0
0000B0B5
FFFA19FD
FFFC5216
FFFC5BF9
FFFE2B62
FFFD3C73
000119A3
FFFEA549
000033E6
FFFE7087
FFFD5274
FFFD5D5D
00019F18
FFFF9FE9
0002FB78
0000ADFC
FFFD616C
FFFE8055
0003B658
FFFCC7AB
000065D6
FFFC076E
00060268
FFFE71CE
FFFB1EDC
00001A4F
0002DC31
0001B4E7
00022A49
00025AF2
000506F2
FFFE3DF8
00013F10
00022667
00005FB9
0001F053
FFFFF9D1
FFFF9A21
FFFFA69F
00036F5A
FFFFB42C
FFFD6527
00043C5F
FFFD21AC
FFFADD47
0000862A
FFFA9985
FFF9D7B8
FFFE1580
FFFC2C2C
FFFDCF9A
FFF8C129
FFFC6856
0001C44C
FFFB9327
FFFA8B13
0002E479
00014183
00024F37
FFFCF8C8
00010A02
FFFD77F7
FFFDBCE0
00023EF3
FFFD6307
FFFFAEF4
000385C0
0000B11C
00033DE4
00011CB4
FFFEC751
FFFFA8D9
0005B340
00003729
00022A67
00022FE6
00013716
FFFCB49F
FFFE27BE
FFFFCE66
FFFAACD6
FFFFCE74
00012FE9
00009D9A
FFFF6787
0000940F
00012899
00001617
00012F51
FFFE2B1F
000066E6
0002C7B3
00011210
FFFEF121
0001DB6F
FFFF49AC
0004A75E
FFFD5A6A
FFFE02A2
00024DAF
0002B38E
00037FB1
FFFE1F94
FFFE6372
0000E780
0000C341
0002E29A
FFFCE5EC
FFFDDF04
FFFC797E
FFFF2C75
000091C7
00012BA3
0000193C
0000F6A1
0004125E
FFFD82BA
FFFE71C8
0001EDDE
FFFAF911
0004CA4F
FFFC9C9F
0001FF5D
FFFD59CB
FFFFF6C7
FFFE21B4
0002E2DF
FFFB9D87
00016AB0
FFFDD36C
00001B05
0001723D
000370DE
0001D120
FFFE9D9D
FFFC7A57
000053AE
FFFE89F1
FFFE0353
FFFF55A1
FFFCA07B
FFFECBB1
0001B047
000340E4
FFFB7D0F
FFFDDB6C
00028CA4
FFFFBD39
FFFE537D
FFFF5C3C
FFFA6F69
FFFCB11A
FFFB24C5
FFFECD94
FFFBA86A
FFFE9DD1
FFFE3939
0002138E
000155E3
FFFC387C
FFFCA204
0002C235
FFFD025A
00015B47
0000C8C4
FFFFF4BE
00002600
FFFE1241
FFFD5EA9
FFFFF42D
000138D9
FFFC053F
FFFE0880
00024130
FFFD81D9
FFFDABB4
000391B1
000266E9
00001F02
0002BA5D
FFFFC63C
FFFFAB83
FFFC1E6D
000116CC
FFFBCE44
FFFC6B1A
0001D42B
FFFD6FC2
FFFFB46F
0003D54C
FFFDB6AD
0003DF55
FFFF788E
FFFAC488
FFFFF8D6
FFFA98A0
FFFDFCE5
00023525
FFFA9DA9
FFFA2E45
FFFA3FE2
0001FA55
FFFE5D82
00019DBC
0003A9F8
FFFFE870
FFFDD3B3
00018583
000453D9
FFFD7726
0000DCC4
FFFE0771
000121D1
0000CA0E
FFFF84E4
FFFD6047
FFFE6F08
00013BAE
0003934F
00023899
FFFDA3E9
FFFDD90C
000073AA
FFFD2774
0000D7E4
0002409C
FFFDB8F8
000090E0
00027DE4
FFFED08C
0003658A
FFFFDA35
FFFF332A
0003202E
FFFEA7B0
0000D83A
FFFDFE98
0000A816
FFFDEDEC
00041F30
00009E72
FFFFE9A5
00005D8F
FFFE4DB0
FFFF750B
0002E454
FFFC4FBE
00008081
000436BF
0000103F
FFFE09C9
FFFC1125
0002A7EC
00015020
00043907
0002D9D7
FFFEFFC0
FFFC445A
0001BEDD
FFFC62A9
FFFDE709
FFFCFC0E
0000C3C8
FFFFC6DE
0001927D
000612F9
0002F239
FFFD9755
000079AA
0000D9A5
00025B96
FFFF3462
00019F2A
000280B4
00016833
0003B9B8
00022455
FFFBB9BA
0001C387
00036498
FFFADA92
FFFCE344
00028959
FFFFCF9E
0002E7E5
0005D316
FFFD8761
FFFF7C8A
0001DABE
FFFD81F6
FFFEE606
0003B8FF
00039CAE
FFFF211F
000294B6
0003081D
00019561
0001464F
000608CE
0002A884
FFFE7CD6
FFFD6526
0002F0A4
000083CC
FFFC034D
FFFECBE9
00005230
FFFFD4D0
FFFE9AC9
00022200
000047CF
00007EAF
FFFC05EE
FFFDBC30
FFFC0841
FFFC54E1
FFFC0B56
FFFFF832
0004A99C
FFFF8EFD
FFFBA3BB
0003C8FB
000436F5
000237BA
FFFEB59B
FFFFDABD
0004154C
00060815
000274E5
FFFEA4DA
0003534E
0002B80E
000144F4
0007A396
000538DC
0003C1F6
FFFD49F6
000113B5
FFFE34F8
FFFF1E1D
0001D22F
000095B0
0000C3DB
FFFDBC83
FFFBEDC4
0001790F
000227C6
0003062E
FFFBAC7B
FFFF3423
FFFEB5D5
FFFF9DF4
000453A5
0004249C
FFFFD4D0
FFFE67D2
0002ACF4
000258EB
00001A69
0001A2FF
00007FA5
0001A274
00030ECF
FFFB4750
FFFB066A
FFFF972B
FFFCEC3A
FFFE7B88
FFFBAE53
FFF9A8C2
FFF84B31
FFF94472
FFFCA778
FFFBBB93
0003582A
0001DF90
0000514E
0003622F
0003604C
FFFE4424
FFFBF8CC
0000C3AD
0002EFB2
FFFF5494
FFFC499C
0000EA1C
FFFF6768
00032E28
0001B33A
FFFD74CC
FFFEBB73
00052D42
00072CE1
00014076
0004A324
FFFEC623
FFFF0A38
0002F923
0002A4C3
0001E01D
FFFBC3CE
FFFE60DC
FFFF0BD9
FFFF9BCF
FFFD74C1
FFFBF2FD
FFFC1175
FFFC5843
FFFCA643
FFFC9170
FFFCDCA9
FFFA3DFA
FFFA4FC4
FFFC71EF
00009E3A
00007402
FFFA5FE7
FFFAEF83
00017E12
FFFFE115
00012506
0003C0A5
FFFD0335
FFFABEC9
FFFC0604
0001D221
FFFF1279
00009B85
0000BC62
FFFFBE50
FFFF7BD3
0005F5B5
0000E65D
00025FCB
0002CB57
000273B2
FFFCB044
FFFDF051
FFFEA54D
0000EAE6
FFFEC1BA
FFFB4AD7
FFFC7A2A
FFFC3C28
FFFCBD25
0000E31C
000056B7
00015472
FFFDEFA4
00013ECA
0000A121
FFFD3C46
FFFDA781
FFFE97E7
FFFD5BA2
0000B584
FFFF865C
000212B3
00028707
FFFE6D6A
FFFD137F
FFFF8AFB
000441FE
FFFEC7F8
FFFF7BFA
00061E8F
FFFFA72C
00004E13
0005AC91
0001503C
00063E23
FFFC879A
000140DC
0002B0BD
FFFCA3B0
0002FD4F
FFFFC29A
FFFE650F
00055937
FFFC7243
FFFFCCFE
000237CB
FFFDDE62
FFFEA1C3
FFFD0645
000053DD
0002D880
FFFB1566
0001BC15
FFFF9227
FFFB7F54
FFFF7E0A
FFFE8E2E
FFFF893D
FFFFCB9E
FFFD7D4C
FFFCCB7E
0002CAC9
FFFF32F9
FFFE9AA2
FFFB28FD
00000F67
0000E74C
FFFF0CDD
FFFE5537
FFFD9DCD
FFFCD2C5
FFFE09EF
0000C54C
FFFF45DD
FFFE7F76
FFFAE39D
00005C79
000108CA
FFFD783E
00015DDC
00032980
FFFEF768
FFFF4E50
FFFE5DB0
0005B36A
FFFEA1B0
FFFD0D56
FFFEDF4C
FFFF21C7
0000B17D
FFFE0E3A
00031A68
FFFF61B3
FFFC05CE
FFFDB61B
00004BEF
00017027
FFFDB866
FFFF8FF2
0002E4EA
0002D69A
FFFBFFD4
FFFEDA4E
0003367D
0003B210
00001340
0001B37D
FFFD74B8
FFFDACD4
000196BA
FFFEBF1F
FFFAD732
FFFE00DF
0002F433
FFFB9887
FFFEA134
FFFAD6B8
FFFCB89C
FFFEE1D1
FFF93860
FFFEB954
FFFF2097
000143D1
FFFD1B68
FFFD93E2
FFFFD77F
0000CAD5
FFFF64D1
000054B5
FFFDFA1A
FFFF0A0D
00030D58
FFFBABB3
00004362
00041BF4
0002118A
0000DF82
000122E8
00013E64
000236A4
FFFEC99E
0003A224
00045CE9
0003B474
0002C8FD
0001919F
FFFCE40A
FFFEFC22
FFFE9FAE
0001CAEC
0001C5B8
00018FD6
00009BFA
00013C27
FFFA8858
FFFF6D79
FFFDD420
0001EEF2
FFFDF131
FFFD33E4
00010850
00063514
0000597E
FFFE8A89
FFFD4D7C
FFFD6745
FFFFBA1D
FFFF5718
0001BAB3
FFFD376A
0000454A
FFFC74D1
00011367
0001A27A
0002905C
0004D043
FFFDCC2E
FFFC756D
FFFCC64A
0002AC6C
00021E9E
FFFEEEF9
0000ACC6
0000A390
00042531
FFFF19C2
FFFF5EC3
000127E3
FFFF3A92
FFFF52DD
000547A3
000026B3
00027662
FFFF4C32
0002C7EF
0002008D
FFFDBB29
000779D2
FFFF71C4
00022F23
FFFD5877
FFFBE2BC
0004D667
000393E0
0001D0D2
0001FDA4
00052267
00065C55
0001CCF4
0000A189
00047AF5
00066D6D
0004DAC3
FFFFAA8C
00085D0F
FFFD16BD
000088C9
FFFE695B
FFFE7EAB
FFF80987
FFFFC8F6
0001A688
FFFD825B
FFFDE417
FFFF788C
00029343
00009BFD
FFFD7610
0006AB2E
FFFF1F39
FFFDA558
0001BD6B
00021F0C
0000D247
000058D8
000284D4
FFFF0320
0003045C
00019BAD
FFFD9869
FFFE1499
0001A3BD
00017CDC
0001BF23
FFFFEE3C
FFFC6C96
FFFD7CD4
FFFCB97B
00044282
FFFF564A
FFFEB933
0004CEF5
0006E40F
000375FE
0004B8B9
0004B946
000418C4
0005D719
00059CF8
00078FE2
0001B67D
FFFF1EE0
0001BC8F
FFFF6543
FFFC3C86
FFFD8D56
0001B521
000236C8
0000FB0A
FFFDB436
00038A4C
FFFEA4B2
FFFD695B
FFFC20EE
FFFCEAFC
FFF9ACA7
00036A88
FFFC3645
00002D75
FFFF4B10
0002700D
0002A040
00039FC9
00008F11
0003F4FE
000202F1
FFFEEE79
0001D644
FFFDC40D
00015F82
FFFA20B3
FFFF86F1
FFFC65DA
FFFF557D
FFFC2FC8
FFFE042A
FFFEBB2B
FFFD762D
FFFF94B7
FFFE86D7
FFFE490C
000083FE
00030494
00069418
000070FB
0000D155
FFFF0FD9
FFFF66D4
00027490
0002F23B
0003B418
FFFD2E75
FFFCB18B
FFFE2E1A
FFFE42C6
FFFF8033
FFFC7233
FFFCA8A9
0003C653
FFFDD4FE
0001052A
FFFCCF9B
FFFED97E
FFFFD553
FFFAF529
FFFA2920
00001448
0001737C
FFFAFB4E
FFF9A23D
FFFBCD9B
0000B1C0
FFFCC3B0
0002B53B
FFFD3391
0001713C
00013B05
FFFDD1BF
00038AA2
00028918
FFFE7FE4
FFFE416F
00004308
FFFCD121
00060298
000143D4
000206B0
FFFFF754
FFFEBF19
0003F7B3
0000C2F8
00024956
FFFE16DD
FFFE6062
00057812
FFFB92D5
000406F6
000725FC
FFFD7A33
FFFA8F3F
FFFB8A14
FFFBECB4
FFFE63E7
FFF9500C
FFFDE83B
FFFB129A
FFFF6938
FFFC1C93
0000C677
FFFFCD4E
FFFD4F12
0002F846
FFFF778C
0003F26F
000513AF
FFFC3E37
00040649
000125F7
0001B6F0
FFFD66BE
0004EA7F
00005760
00064AAC
FFFCCC20
FFFF2006
FFFDB0E7
000174B7
00021CCA
00037BD3
0002E95C
00024216
00016966
FFFD88A1
FFFA5369
00024186
FFFF6215
FFFD6692
FFFFEA81
FFFFAD90
00007A89
0000EEFF
FFFFA180
FFFB1B76
FFFDBA1B
FFFFB514
FFFECD29
FFFC5BCC
00019E6E
FFFDF061
00008ED5
FFFF540F
FFFFDA6F
FFFD0B16
FFFA8603
FFFDCC3B
00014C4C
000349ED
FFFE1CA2
00016626
FFFD4573
000021C4
000331DB
FFFEC380
00024918
FFFEEA2F
FFFB67CD
FFF9F1EC
0001DC5A
000083D5
0000EA3E
0001CBBB
FFFDED29
FFFE0F58
FFFD6885
000022BD
00024B78
FFFF17C1
FFFE8218
FFFAFEE4
FFFE81A1
FFFE9619
00008618
FFFBA308
FFFBEEDB
000003A3
FFFF4DCF
FFFD2524
00012D12
FFFE917A
0004CB1E
0001D9B6
00002770
FFFB30C3
00007DD6
000382F4
0007B543
0001D82F
FFFE7A9F
000319B5
0000362B
00047E92
00023F0F
00088A3E
0001210B
00057C2E
FFFDB931
FFFDD2CC
00026745
0004619E
000532A7
FFFEA0FB
0000CBD3
00001D58
00008B03
000414CE
00016883
00024712
00045595
00005B11
FFFF9DAD
FFFE3648
FFF8E7A4
FFFD19D0
FFFFE928
FFFF609D
FFFE2CB6
FFFED3B6
00000AE6
0002176D
00028964
FFFE5BC0
FFFCE0C9
0002612B
FFFF8041
FFFB55C7
FFFFC6F1
FFFCB42D
00032379
0004238E
00005AB1
FFFD2407
0002C2FF
FFFF092E
FFFBF817
0000DEED
000024E7
FFFF10E8
000189E5
00023047
FFFE0470
00031351
FFF85A02
FFFE284D
FFFCBF44
0002123C
FFFF4558
00032332
FFFD80F2
FFFD8AEB
0000C1B6
0002A794
FFFCE156
FFFE2A69
FFFFB12C
0000AB00
00037DF1
FFFC982B
0002463E
0002F495
FFFC0043
000220BE
000100C9
FFFEEC3C
FFFFCE91
00016114
FFFB61FF
00010AA1
00024842
FFFF4494
FFFFB013
FFFD8599
FFFFC463
00023744
FFFB0629
FFFF543B
0000D212
FFF97A53
FFFDF75F
FFFF677E
00004BD6
00047686
00053FE1
0004C419
FFFF1060
0005F864
FFFFD006
0002280B
00018793
FFFD1D4C
FFFE68D0
FFFD9FDF
FFFDAF87
00025609
0006DC53
FFF69E82
FFFC36D4
00023BD1
0001C2EF
00042948
0001EF13
0000647D
0000BD14
FFFDB05D
0001CACE
00054C47
FFFCDD7E
00006DD2
FFFED6C0
000195CB
00044E33
FFFFABDA
0000948E
FFFF2611
FFFFB393
FFFDF2C3
FFFDAA77
0005A582
FFFCA91F
FFFE6BA4
FFFFF02E
0001D79E
FFFE15DB
00022B8E
FFFE6FF9
00004D02
FFFCDAB5
0001915F
0001FEF4
FFFDF9B4
FFFF96A2
FFFE82B0
00045669
FFFCDE43
FFFC3154
FFFA4CB7
FFF96B21
FFF9AFA2
FFFA5A47
FFFBB23E
00015CEF
0001178D
00023917
FFFE9745
FFFEF7CC
FFF9F30B
FFF7899D
FFFE9803
00016323
FFFD5C35
00011712
0001104F
FFF92D03
0000664F
00042BCB
00007AC8
FFFC45F2
FFFFEA3E
0000670C
00004D4F
FFFCC7E9
FFFA40AF
0001789A
FFFF9473
FFFD2C93
FFFE3578
FFFEDF4C
0001B892
FFFCBE9A
0001F129
FFFDAB02
FFFC75CB
FFFFC274
FFFDF227
FFFC01C4
00030296
FFFF61AA
0002F3B6
FFFF69C4
FFFD3FAA
FFFDD357
FFFFBFD4
00001833
00003670
00008A79
FFFF88D6
0001D583
FFFF8011
FFFF3F7C
00020A1C
0000497F
0001CC72
0001E680
0001295B
FFFFA02F
00006B64
00025005
FFFEB9D4
0002BD4B
FFFCD747
00022D5C
0000E34E
FFFD196F
0000BCBC
0000D478
FFFE509B
FFFE8F61
0000623D
000354A5
00006856
00002EF9
0002E738
0000AB75
000076EF
00033D1D
0001EB44
0001ECEC
FFFEF214
FFFEDDA9
000073B7
FFFFB0E2
000130B4
0002E90C
FFFEA142
0000208F
FFFBDB4B
00004717
FFFF043B
FFFEB6BC
FFFF8F78
FFFEAFB2
FFFD325D
00009C95
FFFD7E80
FFFE7B35
FFFEFA48
FFFE1AEF
00004FB0
00010A53
FFFE0D13
FFFEA90D
000214DA
0000783D
FFFE284A
00020C9F
00021FD1
FFFE5F2E
0002D318
00018EDB
0001C533
0002C039
000347C3
0002D628
0000A5BF
0000D3FB
FFFF85CA
0001188E
000402DE
000125FD
00008748
FFFF3B51
FFFE1827
00013A87
FFFE0D12
FFFCCC73
00002201
00015ED1
FFFD92FC
FFFD6266
FFFDDE62
FFFF26A2
000281CD
00003753
0000E8F1
0001145F
FFFC714A
FFFE99B3
0000B1D0
0000511A
00018258
0000B94E
00000838
0000F627
00007285
FFFDBC92
FFFE3A7C
FFFFFE53
FFFF45B4
FFFF08E9
000034C0
FFFF4334
FFFE5998
FFFFA1EA
0001E6FC
0000E587
FFFF1E8D
FFFDD795
FFFF7CF1
FFFE2FA5
0000B206
FFFE452A
FFFF489A
00030CB3
FFFFE795
00001246
FFFEC7C3
0001DA04
0000298D
0001E1F5
0002AE64
FFFF3F47
000279F5
000268BA
FFFE32F6
00019284
00014B9B
000347EE
0000DCC3
FFFFBF69
FFFFE6DC
00001474
00021669
0001CF0E
00011F88
FFFD9765
0001640C
FFFD7EE0
FFFEF36A
0002A47B
FFFE60C4
FFFFC999
000091BC
00020160
FFFEA315
FFFFD0F4
FFFFD37F
00022127
FFFEB874
FFFEED8B
00002396
0002DD7F
0003B473
0000075B
FFFFC3F2
00020F93
0001BB27
0000C74E
00031376
0000F41F
FFFEE307
FFFDEB05
FFFFE92A
FFFFA386
FFFF444D
FFFF1088
00031897
0000166C
00017A5E
000034B3
0003CD34
00004111
0002E1E2
00019316
FFFFD244
0002B1C7
FFFFF026
000400C1
00030AC2
00024965
0002DEF3
FFFC5E61
000026EC
FFFF2C69
0001327A
0002A61A
000099C6
000137B1
FFFCFCC7
00018D06
FFFEEB14
00010A98
0000FE96
FFFD67FA
FFFE3364
FFFE72D6
0000F5B4
000151B8
FFFFDE8C
0001FB79
0000F07D
FFFF0855
00023868
0000CA58
FFFDE118
FFFE180F
FFFFBF80
FFFFB2F9
FFFED222
FFFF8BF1
FFFD5915
00002A66
FFFD57E1
FFFDC890
FFFE0BE9
000095A1
0002931A
FFFD0A7E
FFFE854C
FFFF2B61
FFFF1271
00009CAD
000283C9
00013DE3
000290A9
FFFE29DA
FFFF3AF2
00011502
00006BE4
FFFE3D6E
0000DACD
FFFD6039
FFFDAFFB
0002A922
00016E50
FFFE749D
00009373
FFFE8530
000152D4
0002A4AE
FFFE3B4F
FFFD8683
FFFE6CCA
FFFE3227
00004808
0001383D
0001CC13
FFFE772E
FFFE7D85
000247FD
000095D5
0001DDB7
FFFF19AB
00016512
FFFFC002
FFFF627D
00007368
FFFF954E
0000FC7F
0001A209
0000B3CD
FFFE7D58
00002039
FFFEF80D
000173E9
0000D18F
FFFE7044
000068AB
FFFFB959
FFFEF564
FFFE6CB8
FFFF3CC9
000193CA
FFFE68C6
FFFF3B11
0000139A
00029D1E
00006C9D
FFFE793F
FFFE3004
FFFEFA87
FFFF061F
FFFEA70F
FFFEB29D
FFFE73F6
FFFFF16D
FFFFD711
FFFF64AA
0000DF2A
FFFEC511
0000ED84
FFFFB88F
0001491A
FFFD3875
FFFFF0F9
0000EC44
0000007A
00002E7B
FFFF73BA
00017CE0
000085E4
000031BF
00038736
0001179D
FFFE9607
FFFE6CBE
FFFD48E3
0000BF0D
0000837F
FFFECB55
0000F1CF
000009AD
FFFF9788
FFFEA4DD
0000C7BB
FFFF4E72
0001B977
00016052
0000E244
000025C7
00000F94
00003E87
00001139
00034E42
00003506
0001C3AC
FFFE38A8
00001BCC
000274A9
0000BB20
00027C57
FFFE9881
FFFEF89C
FFFE737A
FFFF3941
0001E42B
FFFC95E0
FFFEB2CB
0001D355
FFFFDA86
000207CE
FFFF6A7A
000043E1
FFFFEDD3
00026DEE
00020F42
00030556
00015798
0001CB1F
00002247
FFFD7A39
FFFD5235
FFFE23D0
00019F1F
0000D373
000011A0
FFFFCF2D
FFFFD2FC
0000D1D1
00000612
FFFF5DFB
FFFEE4E8
FFFF2BC8
0002232C
00017779
0001323E
0001F84D
0001A1A0
FFFE5DFB
FFFD2192
FFFEE464
FFFFF1F7
FFFD561E
0002D7AC
0000C6F3
00010066
0000673B
000344DB
FFFF9E46
00004551
0001EDAE
00017295
FFFF71F5
FFFF6841
000000C7
FFFF6C79
0002A166
0000DE51
0000D2A7
000044C3
00010622
FFFF1243
00020B07
00036F93
FFFDC8E2
FFFC62FC
FFFCBBEB
FFFF9C2C
00019D1E
FFFDF646
FFFE8543
FFFF7819
FFFC3EBC
00005D7D
0000B354
0000E277
000229BB
00019BE2
0001FF55
FFFFCA85
0000C219
FFFF1FE7
FFFE3208
00005CAD
FFFF62D2
FFFE4FF3
FFFEC6B0
FFFE25A0
FFFE4672
00009579
0000B613
0001858F
FFFE9C9A
FFFF9F5B
00012149
FFFC5F3C
00008D56
FFFDE26F
0001415E
FFFE1830
FFFEFC8A
FFFE7B32
FFFE1AED
FFFF9DB9
FFFFDDBC
FFFD2357
00011871
FFFF39E5
FFFFBF07
FFFFCE7C
0000A6A6
FFFF16B5
FFFE26AD
FFFFDF12
FFFD0898
FFFF6534
00016B61
0000398A
FFFF9574
0001604E
FFFF9E0B
0000EF30
FFFFECE9
FFFE898B
00013C7A
FFFEA4A1
0001199A
0003277A
00028665
00015AC1
00021B41
FFFF6D7B
00029456
0002508C
FFFFC3E0
00046095
0002C6BA
00012977
000224AC
FFFDA8F9
0000B6E0
0000F966
FFFE290A
00022B5D
000071D6
0000FC65
FFFFBA1F
0001FD11
00004664
FFFE519C
0001FE2E
FFFF7335
FFFDB098
00001F1A
0002A8EF
0001B8A1
000133A9
000270EE
00025F48
0000A949
00019CE1
000174DF
0001E3A4
00032570
0000BFDC
000133B4
FFFFFB71
0000E42E
00015E2E
000083D7
00000419
00007711
FFFE437E
0001F0F5
00001086
00000008
FFFFF3DF
FFFF7CFD
FFFDC837
FFFF5F39
FFFDD3D6
000069E1
00003E69
0001347D
00026995
00016B3A
000349E6
0002DAFF
0000CE78
FFFF3B69
FFFF0B87
00008997
00027A28
00016869
00014446
FFFF68FC
00012295
0002C492
0002D177
FFFF1DCD
FFFDF887
FFFE81C2
00006D2A
00016F43
FFFCCE14
0000755A
FFFF3672
FFFF3B81
0002A65C
00029666
00029CC5
FFFF7CFE
00015919
0001CFA2
00000446
FFFF9E66
FFFDFC2C
FFFF7B29
FFFF6810
00010499
00003EA4
FFFF80BA
FFFEA9D0
0002CBC1
0001F827
00002771
0001D5C6
FFFF9DB6
0001989D
000075B7
0001A0F5
00003272
0001739E
00037775
00001680
0000569D
0001890F
FFFE374D
FFFF7A10
0000E3D2
FFFF38EC
0000D76E
00003DCC
FFFE7D8B
FFFDF10B
0000B628
000047E5
00012774
FFFEC573
FFFE680D
0001A9D6
FFFF76C4
FFFD6372
0001FA1D
FFFFE739
00028712
FFFEC2F1
0000B1C8
00010BCE
000002AF
FFFD6067
FFFF658B
FFFE5799
0000EDD1
FFFCEB36
FFFED2F4
00006013
FFFCA53F
000102CD
FFFFA887
FFFD4FA2
FFFCFD5F
FFFD4BDF
0000DAD1
FFFE0FE1
00001117
FFFF29C7
0000AC63
FFFE9B51
FFFF666E
FFFE253C
FFFD47E0
FFFD523D
FFFDC57F
FFFFE1DF
FFFC53E3
FFFE6E32
FFFD87D8
FFFFD311
00027559
00013E1B
0003BD18
0002A775
00007FFE
00035DD9
0001330F
0000368C
00010E57
00006E27
0001A2D3
FFFE7BDF
FFFF741E
00014C70
FFFD031B
FFFD00D3
00026B08
FFFE5CF8
0000942D
0001AC63
0003455D
00008DDC
00035997
0001A4B8
000198C4
00023CA0
0000F04E
FFFE5390
FFFF54AA
0000B8FD
FFFD104E
000008F6
FFFF6B6A
FFFD78D2
000178A5
FFFEFD93
0000BE67
FFFDCA42
00024FE7
FFFF6BEE
FFFF37D2
0001F016
00005C57
FFFF97CB
0001C689
000105E3
FFFCB0DF
00027135
FFFD15B6
FFFED3D1
FFFED8F1
0002E240
0000C6B4
000011CA
FFFF65AF
FFFDBA95
000187BA
0000935C
00000DEB
FFFFE639
00022991
FFFEB9AA
FFFF2B96
FFFD529C
FFFE6FC7
FFFFAFC4
000085C3
FFFC6E12
FFFF8284
FFFEAB8E
FFFD155D
FFFDC143
00009908
00027113
FFFF2932
0000A636
FFFF56B4
FFFEDBEE
FFFFF239
0001740F
FFFE8FFA
0000A48B
00006CE0
000131DE
FFFD9C2F
FFFEEA9E
0001926F
000033A4
00003C65
00016A79
FFFDC364
FFFE8C95
0000F12E
FFFE5E38
FFFDD404
FFFF3B9C
FFFEC749
FFFBBAE1
FFFEFBA3
FFFF40E9
000045EA
FFFF76DF
0000327D
FFFF5195
FFFD582E
FFFF0E3A
00004A39
00002AB5
FFFDFFF2
0000E38B
000123F2
FFFE9358
000051A2
0000F592
FFFFCA86
FFFFB9DF
0002D96F
FFFE349F
FFFEE30E
000159E7
00009150
FFFFBB73
FFFDD23E
0000CA09
FFFF63B6
FFFE214C
FFFCF7CA
0001C4F1
FFFCB468
FFFF855F
00007C27
FFFF295A
0000BBA9
FFFFCBC1
0000D949
FFFDB835
00006B63
00022164
FFFC69FB
000008F9
FFFDEE2D
FFFFBF5F
FFFD9C76
0000B65E
FFFDE5A7
FFFE317D
FFFD1F07
00025B90
FFFDA67A
FFFE3F52
0000EFD5
FFFF579F
0000DEBE
FFFEFDA0
FFFF43C2
FFFC649B
00004365
00009EB2
FFFE0224
FFFF61FF
00022DBA
FFFD0498
FFFF63C3
000010AE
FFFCE76F
FFFDD3D0
FFFECE3F
FFFD92C9
FFFE474D
0001FD0F
FFFD9C86
0001714B
0001BF43
000050F7
00018060
00022C46
0001E637
FFFEF556
00014FD8
000149F4
FFFC7979
FFFFA88C
FFFC4888
FFFFFE97
FFFE8105
FFFD61E6
FFFE5C86
000089CC
FFFEF483
FFFED92B
FFFED033
00018049
FFFD9A44
FFFEF049
FFFDE929
00018FAD
FFFE633D
FFFF2AEA
000015BA
FFFFAEDB
FFFF28D6
0000AFA1
00003DA6
FFFFF3C7
FFFD39AF
00004615
FFFE387B
FFFE365B
FFFBFE25
FFFF6C95
FFFC5336
FFFAD9B1
FFFC4365
FFFC978F
FFFE5BD6
FFFB3263
00017A7D
00009811
FFFF22E8
FFFFCDDB
0001BA60
000062D4
00010B96
00024F0B
00007665
000123CC
00015731
FFFE2D43
FFFE0793
000105BD
FFFE40F0
0001CFED
FFFF8F53
00000F95
FFFF42AB
00032961
FFFFA36A
00024A45
FFFE85AB
FFFE2CF7
FFFFE2C3
0002C0C0
FFFF9AFF
FFFEB619
FFFE35C0
FFFEE8D3
FFFDCF66
FFFCCEE3
FFFDA59A
FFFCAD3F
FFFCE0D2
FFFF16D5
00015AF1
FFFF8A26
FFFFDC9F
00009B24
00021F84
FFFD8188
000115A7
FFFF4778
00028E14
00016DD8
0002D017
FFFE55E8
00024D09
00010465
FFFEE85E
FFFFFB68
FFFE40F0
FFFEE1DF
FFFF52A4
00022DD7
0002870E
FFFF7543
FFFD57B1
00006A50
FFFF1C57
0001C0E0
000283EA
00015CC3
0002A47A
FFFDC7CA
FFFFC436
FFFF13F8
00024414
FFFF53A9
0000C76C
00009ABD
FFFF1AB1
00005F83
FFFFCC38
FFFE5BFB
FFFCCBB9
00015CCD
FFFD4D03
FFFCE045
FFFE26F5
00030020
00018D98
FFFF1292
000130F0
FFFF22CF
0000CE6D
00002DF9
000051DC
0003A101
0000066A
00006504
FFFEF14D
FFFCBC39
FFFDEF15
FFFE6B3B
FFFE1852
FFFF2A99
FFFFD3CF
0000271A
00013710
0000E6A0
000017A6
FFFDE760
00003385
FFFE9659
000007BA
FFFFE932
00002A21
FFFE7A75
0000930C
00006081
00024540
00001CE8
FFFFB1F4
0002E6B1
FFFF66E0
0002FCD6
0001D898
FFFD9288
00022B14
000212C0
0002F98B
FFFF70CD
FFFFA8CB
00017C57
000373C7
00023E89
00031F35
00001E35
00033491
FFFF987E
0002E0FE
000395F5
00051CDD
FFFF9EBB
FFFC8BFF
FFFDC4F1
FFFC634F
FFFE9839
FFFFC6A8
FFFF3AF1
FFFB9A63
FFFC6822
FFFD69A8
FFFDAA83
FFFC4EFA
00005CDA
00007C3B
FFFD4C8D
000107F8
000280B3
00009182
FFFF8B66
FFFF97F4
0000991E
0001E6A5
FFFFF70B
0001F18B
FFFF9DE0
FFFF466A
000094E1
FFFF90FE
0000D36E
FFFDF3A1
FFFE6C78
FFFE05AF
FFFFE388
FFFD970C
0000BFBE
FFFD778D
0000059F
FFFF569F
0001007D
FFFE4C65
000078AD
FFFDFA18
0001A388
000140C6
FFFEA5CC
0001BCD8
FFFEC317
0000B86D
0001344B
00006D7E
00008C16
FFFDC75E
0001170B
0000DEAF
FFFDECF9
000039C6
FFFE9A94
00015485
00001AE6
FFFFD968
0000EB50
FFFFB81E
00005F38
0000EA29
FFFFE1AF
0001135A
00008E83
0003162E
00003251
00030050
0001C598
00026212
FFFEEEB4
00009DD6
FFFEEE0D
FFFED1E8
FFFD7D71
0000E76B
0001CD4A
FFFFF0EB
FFFDF8A2
FFFFCC6F
FFFCF244
FFFD2B36
FFFE4911
FFFF2BCB
FFFD5184
0000BBF2
00012711
FFFEEF8F
0000ACE4
00007101
FFFE7C8A
FFFF55D2
FFFF2FB1
00015425
FFFFC8CD
FFFFAEEA
FFFF0FC0
00031A1B
FFFF48F3
0000C2D5
00019C88
FFFE2776
FFFEA200
00002E64
FFFEE14E
FFFEAF02
FFFE7FE5
FFFEEDA9
FFFFBCC8
FFFD6563
FFFCF19C
000009CE
FFFD564C
FFFBA8F4
FFFFBF8B
FFFD5BE8
000109BF
0001E79B
FFFFC370
FFFD7E7F
00013751
FFFDDD8E
FFFF4CA3
FFFE3F76
0001DCA8
0001254D
FFFFC380
FFFF5C61
000303EC
000323A2
00006D60
FFFFD8C0
0000AB22
0002107B
FFFE17D1
0002DA67
00000877
00011A02
0001407C
0001519D
FFFDB8F5
0002850C
FFFE0AB2
0000B006
0002309C
FFFE5A76
00001E3E
FFFE273C
FFFD3054
FFFEB63A
FFFDA947
0001ED08
FFFF5895
0000266F
FFFE7E35
FFFF4B4F
000034E5
00024B60
00014C11
000108F1
00016B1A
0001FEA3
000164B5
0000541F
00024229
FFFD53A3
FFFFFBEB
00017949
FFFD008B
FFFFF3E8
0002F7AF
FFFDC95E
00010E54
FFFF67CB
00012C9D
000167D2
FFFCA486
000128F7
00020350
FFFD580A
00018CD3
00037490
FFFE7424
000151FE
0004EF48
000019D8
00020A03
FFFDB7C3
0002335A
00030BE2
0000383A
0001E7D3
000126F6
0002DA0A
0002EE0C
00022075
FFFE5315
FFFDAAD7
FFFEBB73
FFFE0195
FFFFCC42
FFFD2E37
FFFD217C
FFFD64B1
FFFEE622
0000561F
FFFDC993
FFFFA08C
00010DEF
FFFF4750
00018A1D
00010568
0003063C
00028B39
00028B66
00016C8B
FFFF429C
FFFF7C37
0001BD8C
00016EED
00011A4D
FFFF2719
FFFEC21F
000023AE
00004C04
FFFEE014
0001B970
00003B1C
00019E17
0002AADE
0001CC07
0002B837
FFFE1CB0
FFFDAFC1
FFFF5674
FFFD9E07
FFFCA38C
FFFC44F8
FFFB48C3
FFFFD9AB
FFFD3E4C
000364FB
000100AE
00044607
0003C813
FFFF4738
0000B2D1
000103EF
FFFF148A
FFFF063B
00016ECE
FFFF223D
FFFDE17B
FFFB2380
FFFD80BB
FFFEE501
00016741
00009B53
FFFCB364
FFFF8344
000019D6
000169B5
FFFF055F
0000C444
00017FC7
FFFB371C
FFFD100D
FFFE1122
0003AE9F
FFFEDF87
FFFE1D86
FFFCA85F
00000660
FFFCC1E0
0000A821
00013B86
FFFCFCAE
00019EFD
FFFEAE46
00000E98
0001692D
FFFD84D8
0000E3C8
0001B178
00002A33
0001EA5A
FFFBCC73
FFFCB3EC
0000E94F
000141A4
000282A0
00012C62
FFFFBF36
FFFD28E4
FFFEE9FD
00022E83
0000061F
FFFE4F57
00020D26
FFFE030D
FFFC83B6
00004038
FFFC9B18
0002B28F
FFFFC0ED
FFFE7A8C
000189D8
0003E744
0002271D
00028EEE
FFFD3115
FFFF63C1
0002E75A
FFFE527B
FFFE11EF
00021E8A
00022BFA
FFFDB185
FFFE9F16
00007371
FFFD67D7
FFFF1ABE
FFFD3ABD
FFFDE270
FFFE4C54
00004996
FFFE505D
FFFDB27B
000194F6
00017240
FFFD1076
00011C51
FFFE5E0E
FFFD5A08
000338AD
FFFEE778
FFFCEA26
FFFD831E
00007068
0000F72A
FFFDB01B
00014E88
00029C73
FFFFADE5
0000F29B
00008599
00029A8E
00018C46
0000E501
0002A62F
FFFEC7FE
FFFD9165
FFFE669F
FFFE4581
FFFDE762
FFFF2F22
00029822
00004588
000184AD
FFFD291E
0003A534
FFFF7689
FFFE120E
0001C440
FFFF9B99
FFFD266D
FFFBCD96
000137AF
0002FA07
FFFFA71C
0000D1EC
00032A12
0002010E
FFFF7390
00034EEC
FFFF574E
FFFF9424
FFFCFA14
FFFD4D9C
FFFB6407
FFFD2002
FFFBB9EA
FFFCA80B
FFFD4989
FFFB7C5F
FFFC8177
FFFC748F
FFFBF688
0000AC2A
00015FB5
FFFF5166
00017CD0
0000ABEC
FFFD7C76
000039BE
FFFC5C30
00000F11
00010099
FFFECF3C
0000B979
FFFEAEFF
FFFD9E6C
0002834F
FFFEC07F
00022A80
000328C4
FFFE725A
FFFFB7BC
00012DE7
000440EE
0002BFE3
00022B92
00001000
FFFFF975
0004A730
FFFFDF0B
00039E10
00011325
00015957
00048E61
00014FA1
00019BC6
000177A4
0001CEF9
FFFFE9B6
FFFFC0B7
00006E19
000330E2
FFFDCB34
0000ED5B
FFFC05C6
FFFDCEFA
00017B89
00016F4A
0000BCFF
000171DC
00001996
FFFDDE9F
0001C086
00007E2F
0001EA45
FFFFE28B
FFFBBFE5
FFFCCFC6
FFFE90BE
00012D26
FFFE6A96
000073A2
FFFED86F
00010629
FFFFEF7A
FFFDDEA7
00018BE5
00009524
00010038
FFFFF8CC
00003550
0002FF76
00013EAE
FFFF5EAD
0003A65D
00004827
FFFF047B
00021D9C
000272F2
FFFE99AD
FFFFC599
FFFFAE3B
FFFEE7C4
0001517B
FFFE27D8
00020B5E
0003EEA1
0003C072
00045E34
FFFEB34B
FFFF542D
FFFEB311
FFFDC116
FFFDECEB
FFFF494B
FFFFD2C0
0000D770
000035EB
000233AE
0004B42D
FFFEEDF7
FFFDE855
0003A0AD
0002C3AA
FFFEED15
0001E0A5
FFFE72AF
000195A6
00010173
FFFD05AF
00017057
00028FE0
0000B661
FFFD9583
FFFCD60F
FFFFA567
FFFCA41A
FFFD0106
FFFE43AE
FFFE1A65
00038460
FFFF12C6
FFFE33CC
FFFF643E
FFFFC5B0
FFFC6B35
FFFE9CF3
FFFFD9AF
FFFF8D34
FFFCC7CC
FFFF479B
00028EF8
000417DC
0002779A
0000FDD6
FFFE7BD3
FFFE640B
0001088C
0002470E
FFFF3FC3
0003527F
00017EB7
FFFE8B45
00006E68
FFFEE93D
000112FA
FFFFC533
FFFF09E4
FFFFA9A8
0001A7AF
0000CD15
FFFE254C
FFFC8A95
FFFE6555
FFFF4FCC
0000B6EE
00006344
0001E4CB
FFFEDBBC
0000CBC0
0002355F
FFFD1272
000191BE
00000258
0001D63C
FFFECA50
FFFF0134
FFFDE719
FFFD08A9
FFFD5C68
00012E73
00040DFF
0000577C
FFFF17E8
FFFED76C
00001881
00023D85
FFFD6D4F
000047EF
0002F09D
0001A463
0001A3BC
FFFEE36A
FFFEE7B6
000162FD
FFFDF2D6
0000D1E9
FFFCCA2E
FFFF39B0
0001536F
00034BFB
0002170C
00049D8F
0000F613
00034672
FFFE2EA3
FFFF04F1
FFFC0198
00029472
00005DE5
FFFEA166
0000EDA9
FFFDD29D
FFFF47E3
00023DA7
0000AFA5
000387A5
00017638
FFFCF17A
FFFEEC98
FFFD4EB7
FFFE7224
0003A694
00017F69
0002674E
FFFE9AFB
FFFEBE24
00001A47
FFFC0020
FFFD7D52
FFFD57E6
FFFFAF71
FFFCDC01
FFFCBDA1
FFFC1A0B
FFFD8A42
000172F2
0004B668
00038337
00009398
00028B08
0002BE64
FFFF686F
FFFFC434
FFFF08ED
FFFE0488
FFFA8EDE
FFFF7414
FFFC8549
FFFBB329
FFFF3A0F
FFFE87DC
0000ABDF
FFFFCF64
FFFEB681
00009AB7
0001C558
FFFE43A8
000080BF
00000DA4
0001CD41
FFFDAE19
FFFE40F2
000017DD
0001AE12
0000EEED
FFFC1885
FFFFEE2E
FFFC88E2
FFFE9A80
FFFDB88E
FFFBF4D5
FFFEDF71
FFFE3D9A
FFFD2B29
FFFE4CF7
000406B3
FFFF95E3
0000DC26
FFFD1DDD
FFFE1668
FFFDC1AA
FFFF56FE
0000B550
FFFD2325
00031B25
FFFFA70A
FFFD9C0B
FFFF9357
FFFF8B77
0001AFC7
0002205B
00023DD3
FFFED752
FFFE3E05
0000569F
00001CEC
FFFD5ED2
FFFFC965
00028BE0
FFFFDBF2
000097E1
0001918E
FFFE4179
FFFFDF32
0000533A
FFFAD579
FFFD3B58
FFFBBB81
00004B52
FFFE7D96
FFFCECB6
FFFE71BA
FFFDCFBA
00010CBF
FFFEB7D1
FFFDAFD9
00015877
FFFEAE46
FFFF0D5F
FFFF22D6
00012BE7
FFFD68D5
FFFE75B5
000305D8
00001554
00027ABC
0003D585
0000B26D
0003905D
0000FEA3
000297AB
FFFE8085
FFFFDE14
000157AF
FFFE0EEB
FFFF7A3A
FFFE964A
FFFDBF2B
00013925
FFFE7156
FFFF2EAA
000107A3
FFFC6C3A
FFFC13B8
FFFD73B4
FFFA8654
0000BA25
FFFE080C
FFFCE74F
0000F194
00002712
00015FC0
FFFF92C7
FFFE07D3
FFFD5876
0001305A
FFFF9D64
00018030
FFFF2010
0000D04F
FFFC5B30
FFFDE7B9
0002EBE0
FFFDAB03
0001CA6A
00012AE0
00005FB2
FFFE3466
FFFE93A0
FFFE37D2
FFFF6880
FFFF9D4E
0000AC99
FFFF5409
00003CA6
FFFECFAA
00015257
FFFFDA8F
00015480
00026771
FFFED649
0000635C
0000E555
00001AD0
FFFDA1CF
000011E4
FFFEDC5D
FFFFBCA3
000106AE
FFFFC6EC
FFFFD6AC
00006004
FFFFB67D
FFFF18A5
00010918
00017050
00006CE4
00017507
0001FA3E
00004EF1
FFFF9236
000232F1
00018403
FFFF784D
00008776
00011F2F
FFFFC6C3
00005856
00026992
000115C2
00031EF3
00022E34
000118C9
FFFCF77D
00002320
00004559
FFFE0BD4
FFFED396
0000A2BC
FFFD4DD0
FFFECDC6
FFFF5284
FFFFBA2B
00006F8F
0000CB41
0000D936
FFFF20CF
0001939A
FFFF25B1
FFFE47F4
00000C03
FFFDF21E
0000205D
FFFEBA4A
FFFFEBC6
0000C281
FFFF92FF
000140B2
000290ED
0000F11C
0001AE0C
00019F13
FFFFD799
000161E5
FFFF8D5F
FFFFD161
00023092
0000B181
0000A7D7
FFFE0574
FFFE90A2
FFFCE9C0
000063B7
FFFF4014
FFFEAA89
FFFD71E2
0000A21A
FFFF356F
00015F4B
FFFF424D
000081A0
0001D57C
0002A5DC
FFFF8E6A
00015934
00013C32
FFFFB923
000318FE
000010A3
0001913C
00014594
00013F4A
FFFF342C
00029FAB
0000397A
0002C71E
FFFF718F
FFFFE8E6
FFFF558F
FFFEEAAC
0000F85C
FFFED3DA
FFFFA630
0000F35B
0001400D
FFFF4AEF
FFFE28E3
00002C7C
00012F1A
FFFE9A54
FFFEA79F
FFFE19A8
FFFF2D15
0000F87B
FFFF1683
000165DE
0000A9D2
000036C0
FFFF179E
0000E361
00008D24
0002531B
00000625
FFFF7BBD
00011716
0000A4F9
0000755A
0000C76C
0001E7A5
0001D03F
00023A2F
0001D056
FFFF37F1
FFFF15B4
FFFE2B0E
FFFE2C20
FFFF4F5B
0000738B
FFFF9DB5
00002CE2
FFFD8DB3
FFFE55D3
FFFFA4E7
00000E22
FFFDA418
0000D84B
FFFDC604
FFFFC887
FFFE6F78
FFFD748B
0000FAE3
FFFFA6D2
0001875C
0001D62E
00017D1A
0001CA26
0000CE02
0000BB37
00032A3C
FFFFA5EC
0000511C
00014423
FFFFBEFB
FFFFDC58
FFFF27A9
FFFEF64C
000004B7
FFFE43B5
00019B47
00020A36
FFFFDF98
0001F647
FFFF8DF8
FFFFF4DB
0000861E
0000DE33
0002BC4C
00010C5D
FFFF36C5
000057FD
FFFEBF27
FFFE5004
FFFEB7E0
FFFEA56F
FFFEEC30
000080A8
FFFECC27
FFFFC5D7
FFFE33ED
00011814
FFFE436E
FFFE46A0
FFFE05DE
FFFE90F6
FFFFF84D
FFFFBD9B
FFFFF17E
FFFE2D8A
FFFFDC47
00019A82
00003A30
FFFE68E0
0001617E
0000D688
FFFE45BB
00004065
FFFD3DB1
FFFED2F5
0000FA17
0001011E
FFFF64AF
0000E559
FFFE0D6D
00030175
0001625E
0001381C
FFFEB373
00012973
FFFEEF48
000212AD
0002B92A
FFFF5A29
FFFC8F68
FFFCB28C
FFFDCF11
FFFEEE92
FFFE38C3
FFFE4007
FFFF0314
FFFEDE1D
FFFD70B7
00024EEF
00020777
FFFFF668
0000C77F
0000B473
FFFF5084
0001F0F4
00000BAF
0002BFBB
FFFEA098
FFFEB22F
FFFF4E19
0000F855
FFFD6E84
00003C41
00001ED0
FFFE807F
FFFEE7E7
FFFFB072
FFFED77C
FFFEEBF7
FFFE41C6
FFFDD0DE
FFFD9222
FFFEBD3F
FFFDC3F1
FFFE02D5
FFFEDDBF
00017B71
00006910
0000D089
00001B2F
FFFECB9D
FFFE9FB7
FFFE7218
0000B866
FFFD71A0
FFFE97C1
FFFFD825
0000C5FD
FFFF3BD3
FFFD7E13
FFFEFFAF
FFFFE31B
FFFEED92
000124F0
0000AB5A
FFFF8028
00017BAE
FFFF66DE
00021CE4
00015241
0001EF6A
FFFFAEF2
FFFD5240
FFFEA910
FFFF321A
FFFCDD9F
00005AD9
0000A4E5
FFFE77AA
FFFE1A32
FFFEF028
0000D594
0001D65F
00018B33
0000D9AB
00014FE8
00019D88
000051B6
0000F688
0000B8B6
000113F4
FFFEDE4F
FFFFD7C3
FFFFFD3C
00001BAB
00015075
FFFF8C04
00010CA4
00017C81
00016735
FFFF5C53
FFFF4B04
FFFE97DE
FFFE9BF9
0000893A
000081F0
000099D4
FFFFD609
00002771
FFFF60F7
0000118A
FFFEDF3C
0000A491
FFFEF1D2
FFFF03C1
FFFFD688
FFFEE94A
FFFC5F79
FFFD3E80
00008EA9
FFFDB38A
FFFFA93F
000179AE
000079F0
FFFDDD12
0000AD65
0000001E
00006E75
00027505
000024A1
0000A0F9
0000E6F8
00023F51
000159EA
0002F1FC
FFFF9733
FFFF64F3
FFFE0869
FFFE71E2
FFFE45ED
FFFF00D8
FFFF3879
FFFE098C
FFFE9A9E
FFFEEAA3
FFFEE422
000264D3
FFFE6F82
FFFFC903
FFFFC938
00015223
FFFFD6AB
FFFED95D
00010B65
00016C08
FFFF3C07
FFFFEBFB
0002B303
FFFE4451
0001A458
FFFFECC3
FFFFEEA4
00014AE8
00015E35
FFFF6DF9
000223A6
00014FBE
FFFF46EF
FFFDEB7D
00003503
FFFEFDD5
FFFF2671
00016DFF
0001A36E
00002EBB
FFFF56EB
00008E47
FFFFF20F
0001CC09
0000E4D9
00000B58
FFFF559F
FFFE905C
FFFE895F
FFFFF7D0
000054BA
FFFF4361
FFFD89A2
FFFE0FB2
FFFED300
FFFFF4D5
FFFD6C3C
FFFF9514
FFFF72D4
00008570
FFFE5FEB
FFFEBEFD
FFFF176E
FFFF8339
FFFF2E14
00008E31
FFFEE4AF
0001ED59
FFFF4C9E
00013D51
00020017
000156DA
0001B1AD
FFFE3271
FFFF986B
00004AB0
FFFFF0D6
FFFF9797
FFFE9165
0000AE6E
FFFFD688
0001382F
00007B2A
0000A27B
FFFFD665
FFFE2842
FFFD5577
FFFDF8CE
0000A025
FFFDB650
00004B10
FFFF6F5E
FFFF3A2A
00018CF7
00017297
FFFFCB0C
00003462
FFFF3193
0000C313
FFFF5D9B
FFFEF032
0000670A
00024211
FFFFEA2E
0001218B
0001B461
FFFED66A
FFFFFF12
0001828F
000305D9
0000D6F9
0001F24A
0003344B
0002D71E
00018601
00034932
00039CE8
0000007C
FFFF090E
00019EE4
0001E3EE
00004248
000121DA
0000D976
0001854D
00025BF7
000117EF
FFFEF350
00013C7A
FFFE97B4
FFFF391B
FFFF11A5
0000762A
FFFECDD8
FFFFCDAF
0000CCF4
0000A632
000244A6
000014D0
0001EA50
FFFF96D0
FFFEF3B7
00022BC9
000010E6
000158BA
FFFF2932
FFFEF74B
FFFD561A
FFFF2C63
0000ED54
FFFEEC02
FFFF4D53
0000E456
FFFFDC24
FFFDCCE3
000054FB
FFFF4D88
FFFF91D1
FFFF44F2
FFFEAA62
FFFFD9B5
FFFFACD4
000041C3
FFFF70BF
00004714
0000B6FC
FFFDB59E
FFFFD4C1
FFFFE8FB
FFFFA5DA
0001159E
0000D640
FFFEE6E3
FFFFBE4C
FFFF9DDA
00017ED3
00005B4A
00008DD7
FFFEB22E
FFFFA54E
000163E7
0000C8E2
0001EADF
00026035
000084A4
0001A3EF
0002A8F8
FFFEEF07
000085DC
0001778B
0000F086
0001EDD9
FFFE6638
000178D3
000047A6
00002A3A
FFFE7467
0000C300
0000D499
0001EEAC
00010D4F
FFFF9BC8
0000AEB8
FFFDE4F3
00022031
FFFF17F3
00010B2C
00015082
FFFEB88F
FFFF7499
0001987D
0002066D
FFFF1D60
0000B905
00012DE3
0001A6E1
FFFF2FCB
FFFF3613
0001BD1C
FFFD99EC
FFFD7238
0001FCF7
00028036
000108E2
0001EC38
FFFE73F5
000005BE
FFFC553A
FFFD4A98
FFFCA20B
FFFFD38F
FFFAE47D
FFFEC0F4
FFFC45D9
00009823
0000A36E
FFFFB55C
FFFB5A61
FFFC779D
FFFE348F
FFFEFC7A
0000E1AE
FFFAD067
FFFE3A1E
FFFE4F80
000009C9
FFFE67E8
00014268
FFFF45C1
00018113
FFFF08CA
FFFF635A
FFFFA0E3
0001C401
0001B12D
0000BE5D
000187B0
FFFF7B09
FFFFDD13
0001FFC8
00003C5E
0000FC71
FFFFF857
FFFDD3A4
000053B4
0000E1C7
0001B57B
FFFF1FF8
FFFF4721
FFFF7EC9
000079F2
000387E9
00027DF0
0004DA47
00021DDF
0002F908
000233A1
FFFCB935
00016C2C
FFFFE928
FFFD3703
FFFFC67A
FFFF3993
FFFCA9AD
FFFF58CB
FFFC2578
FFFC6810
FFFE63AB
FFFFE468
0000F5C7
FFFE8621
0000B4CF
FFFCB017
FFFEC033
FFFCDD45
FFFC0ADF
FFFE6AC8
0003C31F
0000E918
000026E4
00004E5A
FFFF6C56
0001AC00
0000A92C
00001862
00017E7D
00010D75
00007374
0003CD1F
0001385C
FFFFC915
0001FF73
FFFF0519
FFFFA6B1
0004516A
FFFF1BBF
00005FD1
FFFEC1BF
00011617
FFFFC8B6
00011FE7
00005CE6
FFFFBDD9
FFFED5DE
00030AE4
00015670
00011C5F
00027058
FFFCCD0D
FFFF6468
FFFCEECE
FFFF46F5
0000FE0E
00033711
0001EA2C
0000438F
0003CFBD
FFFD7FCB
000210A8
FFFE0079
0000C931
00026521
FFFF7379
00026BAE
00020681
FFFE7F1B
00008293
FFFFE4BD
FFFEA0F8
FFFFA4E5
FFFE3C1A
FFFE75A8
000270C2
FFFF35A6
FFFD4BE3
FFFE5238
FFFF7CF2
00001F61
FFFE6792
FFFDA656
FFFD6ACB
000303EB
00027359
FFFDFBFE
0001767F
0000CD93
FFFEEA51
FFFE08AA
00036CF1
0002DD35
000301B0
000190EB
000416D2
0003714D
0000FEBE
FFFF1230
0000493F
0002051C
0002C6B1
00016F9E
000278F7
FFFE0D1D
000100B3
0001FBAB
FFFE2139
FFFECCC4
FFFFE42D
FFFD93DC
FFFCEB94
FFFC494C
FFFD0917
0000FF9B
FFFDE416
FFFACC2B
FFFAF46E
FFFF8F54
00011A1F
FFFE919C
0001E65D
FFFF3BAE
FFFE74F4
FFFF15AE
000250E4
00028158
0000B668
FFFEA59B
FFFFB406
FFFEAB36
FFFE5A50
FFFCB40A
0000C64F
0000A3A7
FFFB9681
FFFDA6DB
0002F209
FFFE1D55
0000D1F8
00000DFE
FFFF4179
FFFF956E
FFFDD5BA
00024605
00018F01
00022DD3
0001093E
0000985C
FFFD83E2
FFFF68B5
0000F750
0001C25A
0001D0D2
00034DF5
FFFFC2B7
0000027E
FFFF1C82
0000D246
0000D6AE
FFFE5B7B
0002F614
FFFF220B
FFFFBE70
FFFF9C31
FFFD3192
00035412
00038319
0001E0A9
FFFFEEEF
FFFC9676
000078C2
00017655
FFFFC93E
FFFF9256
FFFFC87C
000123FD
FFFE8AD2
FFFED11D
0002685F
FFFE8551
FFFD3592
0000245B
00013761
00028D66
00004A70
000292F8
00002CC4
FFFF0FA3
000095FB
00010AE6
0005D6A1
00040FFA
00012DA6
00037663
00050462
0003DCC0
0003BCAB
0004C8E2
00048624
FFFF1610
00022CCA
FFFF7406
00038C54
FFFF134C
FFFF581C
0002E4FF
0002E60D
FFFFE76B
FFFF96D8
FFFDFC47
FFFC0210
FFFFEDA1
FFFF5B3F
FFFD6B11
FFFE6B9E
0001427B
FFFB9300
000037EF
000273E3
0003063A
0001F2A8
0003301A
FFFFA19D
0001F10B
0000180F
00034256
0001778E
00009595
FFFFCBA8
00018844
FFFFA318
00008C7E
FFFF5ADF
0001A661
00008DD6
0004A5B9
0000A6C2
0002CF21
000018F5
00032CA5
00016C03
00003A5C
000073F3
0000C7EB
FFFF78E4
FFFBEEDF
FFFE07AC
FFFF46B2
FFFF6109
FFFE3BB4
0000804A
00009085
000059FE
FFFF3016
FFFEE903
FFFDBE6E
FFFF5A21
FFFD960A
FFFD97A8
FFFFF534
FFFD3D51
0003E11E
0000BF79
00018B11
0002880E
000125D7
00028796
00020F01
0004D3D3
00031285
0002F04A
FFFE7985
00001C98
FFFE5A18
0001AB34
FFFEC9A9
0000D2AA
FFFDCAEF
FFFCF03B
0002F999
0000A214
FFFF0AD8
00004EA4
0004AF4A
0000D9F8
000143D2
0001CE96
FFFFC5F1
FFFCFD9D
FFFDD551
00006AC2
0000E0F5
000075B3
000069AF
FFFEAE60
FFFE734D
0001B6AC
000004BE
00024583
FFFDE114
0000FDAF
00012C83
0001D9A2
0002AE5B
00015C9B
FFFE1FFE
0000C7D0
FFFE6747
FFFD9335
FFFE8AB7
00022B57
FFFE434B
00009AD2
0000CD19
FFFCF41E
FFFC1471
FFFF7F18
0000E2A1
FFFF59D7
FFFE1823
FFFD515E
0001E384
00024A96
000178CD
FFFF81EE
00014873
FFFF6F4E
FFFF0B78
FFFCD637
00031422
FFFE6848
FFFF9085
FFFEAFE0
0000A164
FFFF612D
FFFD2096
00002260
FFFFDCE3
FFFFA258
00022EC8
FFFFA9A1
FFFFA54B
00006902
00017477
00004F86
00003909
FFFF9A8F
00020100
0000CD8F
FFFF4352
00035FBE
000126D9
000280BD
FFFF36CC
0002002A
0000885D
00018F92
FFFF19E2
FFFD8EF0
FFFFFE8C
00009DD2
0002588F
FFFD28BD
0001DC52
0002C2F6
00031921
0000AB1C
FFFEAD8C
FFFE8491
FFFD5A22
FFFFA6FE
FFFFD4C9
FFFF5073
FFFF5C52
0001E355
00003330
FFFF5ADC
000204A0
FFFF3964
0000C20D
FFFE57E0
FFFE47A9
FFFEBE90
FFFE39F1
000250B1
FFFD251E
0001F9D6
FFFD5132
0001CF20
FFFD263B
0001972E
FFFEB51E
FFFF3ED2
00034F0B
000372EF
FFFE1B1A
000186A2
00026B80
00009A08
0002B499
FFFF92B5
FFFF1C63
0001D53C
000175BF
0000C5BC
0000AE8D
FFFC4127
FFFDEA5A
FFFC8BC6
FFFFC1D8
FFFEDE57
0000B283
FFFE6367
FFFEE4CF
FFFCC5AB
FFFEE14D
FFFA6FEF
FFFEF806
FFFC6C6B
FFFD475A
FFFDF3CB
FFFE80E3
FFFBE4C3
FFFD6513
0002373B
FFFF52EC
FFFF0E03
00012323
00002D76
FFFFF0E0
00001D23
FFFD7104
0001DC5E
000189F4
FFFD9FB9
FFFF9BBA
FFFD847E
FFFC5454
FFFD8D50
FFFFDC0E
00005CFD
FFFCFE19
0000832E
FFFDE8D1
0002BCE2
0002506F
000064F9
FFFECAE1
FFFFB1D4
FFFD6F6B
FFFDD2E1
0001B8A5
0000BBAA
00024190
000086E1
FFFFEEB8
00009CA7
0001FE23
0003A9DD
0000EB2F
FFFF42FD
FFFEB9AC
0001FB97
0002CBF9
FFFDBDD6
00005F1B
00031BB3
FFFE13FE
00032FBA
FFFEB819
FFFFDB0A
00025792
FFFE4C24
FFFE72D3
FFFCCB9B
FFFC6AAF
00007DC0
0000BB5D
0002BB4C
000352E7
FFFF4A8F
FFFFBFFA
FFFEFABB
0000FE97
00030DA2
00004418
FFFF875A
00019807
FFFECB36
FFFDCC20
FFFD4E96
FFFF4B8A
FFFF4028
FFFF75A6
FFFEB6D1
0000F1EC
0001375B
FFFF458D
0000AA9C
FFFD8961
FFFE5F66
FFFE5339
0000C390
0002136D
00005917
FFFC67ED
FFFF278F
FFFEF3C7
FFFDC894
FFFBF9C0
FFFE5748
FFFEFABA
FFFEE346
FFFD23AE
FFFD3334
0003BB2F
0000839F
FFFDBA42
0002DF49
0003F546
FFFB20E8
FFFDF5CB
000085D2
000411A3
00022A0F
0001C22B
FFFD70FA
0000ADFE
FFFD691B
FFFC9545
0000CF7E
000104F3
FFFF1CD8
00001FFC
0002D7A3
00001ED6
FFFD2AD9
FFFEC75E
FFFF9831
FFFCDD85
FFFE2383
0000E88F
000047D0
00054D6B
00005B82
00022CBC
FFFFA0AB
FFFE0771
0001FD3C
0000BD03
FFFDC66C
FFFEC848
FFFAB33D
00015634
FFFFFDEA
FFFB4972
FFFC3FDE
FFFEE177
FFFFD1D3
FFFE6129
0001B557
FFFF70DA
FFFB1381
FFFB908A
FFFDA892
0002AFED
0002B8E2
00027CDB
FFFD54EE
000087BD
FFFBA4DC
0003E47C
FFFF7AD2
0003CE1F
00006EAA
00024D94
00021397
FFFE07A1
00010747
0000D7D8
00009065
0003C47A
0003D92A
FFFED3AC
00010264
FFFD45A0
00016315
FFFF7006
FFFEF180
0005A8BF
FFFEEFB6
00058444
0001B150
FFFD9735
000226EC
000007D7
0001B518
0002DA60
FFFFBBD7
00019F04
00004EC7
FFFD7D1C
FFFF4980
00003E5B
FFF85FA0
0002FA57
FFF7DACE
FFFEDBDA
0001A255
FFFF4BAE
000145C7
FFFEE6B7
000013A1
0001EC9C
00023829
0000BE88
00020BBC
FFFB8DDE
FFFAEC8B
FFFFD0FD
00019183
FFFD2DBD
0003007D
FFFCE87B
0001C076
FFFD332B
FFFF89A7
000459CF
FFFCBF9F
FFFC4D50
FFFDCDA5
FFF9F3DD
FFFB09C1
00032638
FFFF4F22
FFFDCAD7
FFFDB423
FFFC56E6
0000FC00
FFF965B5
FFFF037C
FFFCBB27
FFFA4277
FFF939C6
FFFFB352
FFFC0C45
FFFD976D
FFFD4F88
00000821
0007468E
0006270B
00017750
00003F5E
0005F8D3
FFFFFFB4
00037DF0
0005909E
00037834
FFFBE1C1
00023C66
FFFA8BF4
0004DF5D
0004ED60
FFFBFD47
0001F742
FFFF7185
FFFF5E24
000271E1
FFFE3A47
FFFFFC28
FFFB8A6E
FFFDEAE1
FFFA926F
FFFB3DE1
FFFE490D
FFFB455C
00023034
FFFF51EE
FFFF552C
00023CF3
000636F2
FFFE38C9
FFFF50FB
FFFB66F3
FFFEE734
FFFF5A33
000000A1
00047F25
0000B710
FFFFA095
FFFCA51B
FFFF1530
00007EC9
000198A0
FFFD36C3
0000EEEF
FFFF06DC
FFFFC463
0001DE02
00028244
FFFFD5FC
FFFFD4CA
000328C6
0001D03C
FFFAD505
0000BDC4
FFFEA17F
000088A1
0000C3FC
00018E3B
0002C1DA
0002CABB
FFFBC0D2
FFFEEB20
FFFB629E
FFFDD7A5
FFF730E5
FFFDD73C
00014439
FFFDED57
FFFA34F4
FFFBE954
0001E053
FFFF153F
FFFE7EB1
FFFD149F
0001EDA4
FFFF0B4C
FFFED7D7
FFFDBC40
00033CD6
FFFF1686
000581F6
00064839
000616FA
0003A5BF
FFFED50A
0000BE32
FFFD4E99
FFFD4133
00046596
0004BFBC
00049634
FFFCE828
FFFD5946
0001E5E1
00039733
00024F51
00003D00
FFFEDD03
FFFE6EFD
FFFF629F
000492B1
FFFD41C1
FFFFE811
0000AA9A
FFFE4502
0006909B
FFFB28AF
0000A3C6
FFFF27B8
00036912
FFFDA982
0003AC20
FFFF2F52
00010758
FFFEDCC5
FFF8E63A
FFFD7D32
FFFDF3C8
FFFE72BC
FFFEE33F
FFFC0B74
FFFB0284
FFFE59A6
0002A8D2
0001ADB5
000303CE
00003F8B
FFFEE468
00018CE5
FFFF6125
0000BA7B
0004077B
000226A5
0002B18E
00008292
0001FFB4
FFFF724E
0001A6C6
FFFEB356
FFFF5F29
0004600C
FFFEA696
FFFE96C5
00044AA1
0000BA86
FFFC8FB6
0002CF74
FFFEB6A9
000241B0
FFFD2FBF
0005B591
FFFFC787
000446D3
000443B1
00055CEA
0004AEAC
FFFF1290
0005258A
0000E618
00033F9A
000846B7
00016685
FFFD7158
FFFEFD7F
00016C49
FFFDF739
0003F17E
00048AF7
FFFAB401
FFFA2943
FFFAE181
FFFF3406
FFFF1D1F
0000916B
FFFBE44F
FFFEC484
FFFDEA7C
FFFF5333
0004FE6C
FFFCF98C
00000004
0004FD8B
FFFD8C3E
00015108
0003C795
FFFC23A8
FFFF1BB2
FFFFC92F
FFFF86E6
FFFFCFCA
00023E23
FFFEE597
00035895
FFFE0E30
FFFFAB2F
FFFA39CF
FFFCA2FF
FFFDE33C
FFFF0927
FFFC96F2
0000DFE6
FFFE7F85
FFFBE683
FFFCCE00
FFFCD860
FFFDAF59
FFFBD00D
FFFDD2B1
FFFE174A
FFFF0528
00019F31
00013889
0002388B
FFFA88BA
FFFD7950
FFFD7FC0
FFF9B038
FFF8925A
0001C42F
0000D00D
000237CB
0001118F
00004C77
FFFE1EC4
FFFFD080
FFFD8AF5
00047726
FFFFD42F
FFFDAB3C
00047F7F
FFFDDEE6
FFFC98A2
FFFCFA7B
FFFFD3F7
FFFFEAEF
FFFFCCE9
FFFC362A
FFFEA7AC
0000056E
FFFDAB83
0004F4B5
FFFFF4DE
00050A8C
FFFF9E44
FFFD7677
FFFF8FC0
00005FBA
0002DAD4
0001C8F5
0002E672
0001F0D7
0001FC1A
00018E4D
FFFD12D6
FFFF4B0C
FFFE266E
FFFF66F4
00023C9B
FFFC43B2
00012267
FFFECFDB
FFFEC129
FFFD81A9
FFFDF07A
FFFB33D9
0001B21E
FFFD3612
0004DBE8
FFFEDD94
0002C904
00022C9D
0000E095
000119C3
FFFD4C91
00003CB2
FFFEAEC2
FFF9CB02
0001695A
FFFCDEE7
00007BAD
FFFC4584
00007852
FFFFC0B6
FFFFA1D2
FFF9ADC9
FFFE8F16
0003189E
FFFDC144
000372D0
0004D68D
0007751F
FFFDD7D4
00024995
00023369
00011882
FFFDFB43
0003EC56
0001E3DD
FFFCA4BB
FFFBDDA7
00008459
000343F1
0000B777
00009FD8
0001D5F9
FFFE2E18
0001CB71
FFFDA0B1
000231ED
FFFCC16C
FFFCC6E1
0000610F
00006CEE
FFFC4BAC
00031B1D
00029BD3
00002C0B
FFFF73ED
FFFBE33A
FFFDE14A
00027660
000099B5
0004EDD2
FFF9ADC1
FFFBC0CE
00028A9D
FFFEEA88
FFFB435B
000170A2
00030A20
FFFD49B4
00008D60
FFFDBFE6
FFFF863F
00011801
FFFD4179
00035332
00025C75
00007B4F
0000F815
FFFD25B4
0001CB4E
0003402A
000656A2
00051C33
0002F0DB
FFFE4914
FFFE7EFB
FFFB14DA
00046AA6
0001217A
FFF9ABD0
00025877
00014378
0000FB90
FFFC0DF6
00031B78
FFFEF8D3
00032F5A
0002C06F
000136E1
0000B71F
0006FA12
0005134D
00039100
00034F49
FFFF14E5
FFFF3BA0
FFFEB03A
0001033B
0000DF60
FFFF4BE3
FFFD87F9
0002DE63
FFFE4640
0001DACD
FFFE11AB
00061187
FFFE4D34
0002BBC1
0000B5C9
FFFD67F6
00047DDE
0002C948
FFFF8725
0005C3AF
0001AC99
FFFF6E60
000059FC
FFFDF6DA
FFFF7B01
FFFF5339
FFFD2839
0000BFB2
FFFA6B56
FFFD0D8C
FFFD40B8
FFFA02C5
0002D6F5
FFFF9E88
00028608
FFFF4CAA
FFFB37E3
FFFC58A7
FFFEBDBE
FFFEB22C
00016AAD
FFFD7DE4
FFFE41D3
FFFCDC80
FFFEFBF0
000707E5
FFFDDCE6
00015522
0000C5CC
00003F55
00002DC1
000260BD
00035E40
00048947
0001B61B
00061B88
0001E7C6
FFFF6063
00038ACE
FFFF721F
0002F8F7
000176B9
FFFD97CD
FFFD0625
0000B18A
FFFB3295
00032757
FFFE8E25
0000ED16
FFFEB1CC
0001C0D2
000565AF
00017B4D
00012EB0
00016B71
FFFFF378
00007896
FFFE98DD
FFFDC84B
00005758
000023CA
FFFEAA68
0001C53F
000336EC
00018FC3
0001F726
FFFF1171
FFFEEB87
00017874
0004938B
FFFDD19D
FFFF3F96
0001AEA2
FFFE2225
00003173
FFFFFE9B
0002C612
FFFF8CD3
000146FC
000357A0
FFFDA5D2
0002C936
00004237
0001975A
0001DB57
00034592
FFFE8B35
FFFF71A6
FFFF177D
00012A36
00014FBC
0001C72B
0001FF18
FFFF6AFF
FFFF651C
00021189
FFFF076B
FFFC6AC0
00030215
FFFF219B
0001C132
FFFECCE0
FFFEF2B3
00005D8C
FFFE6682
FFFDC2E9
FFFFF4D8
FFFF1738
000197C7
00022C1F
0001478B
000407C4
FFFDA4E5
FFFF3005
0003C271
0002A3BE
000374E9
0000A822
00035B99
00039074
00017606
0000AFBF
0002CDD7
FFFEB098
FFFCA4E3
FFFBFEE8
00009824
0001CA26
FFFF2754
000194A3
0000380D
FFFFA731
FFFE8CBF
000093B1
FFFD4EF2
00015936
00013335
FFFDB9DE
FFFE7DDB
0000B06A
000093DD
00015255
FFFE7818
FFFFBB91
FFFCD321
FFFCB22F
FFFDD21D
FFFDD104
FFFE6E5E
00019770
FFFF78E0
00030BC6
FFFF5019
0002FB28
00043938
0000E619
0001B0AF
000131BF
FFFFBC3C
0001AA43
FFFF03D8
00004983
FFFF017F
FFFFAF3F
0000A077
0000A1D0
0000912E
FFFDD710
0000DADD
0001F643
FFFDF3C6
FFFDECD1
FFFE00AC
FFFE6822
00021054
FFFFA9B7
000278AA
000038CE
0001CEF2
000264B7
000226D4
0000FB30
00006605
0000E2EB
0000AA4F
00028E39
FFFD3E5F
FFFEB2D9
000171C0
0001A62C
00027800
00034E63
FFFEAF38
00025868
FFFF5688
FFFFD6A0
00009556
FFFDFF17
FFFF666B
FFFDAFA4
FFFEDDF4
FFFC1BD3
FFFDB7CA
FFFFFC82
0000087E
00006AB5
FFFE7D41
FFFEAD20
FFFD4C2A
FFFC38F1
0000DB46
FFFF7509
0002082F
FFFE7DF3
000104C3
FFFE83A3
000159EE
0000D615
000453E8
FFFFF605
000054AF
000066DC
00022F83
0001477D
FFFF199B
00009B62
FFFE39C9
FFFF53B2
FFFFF61D
000085C3
FFFEF251
FFFCF5D7
FFFF7D93
000135EE
FFFFD358
00000880
000135D7
0000E8CF
00015ADD
FFFF61AC
00012A2A
0002D2CA
FFFF9A83
FFFE98FD
0000A494
0001069D
FFFE4011
FFFDAAA6
FFFFFD32
FFFF7EAC
FFFE043A
FFFB0E78
FFFC9BE7
FFFDB66A
00015432
FFFE9FEF
FFFD3F9E
0001872B
FFFD6784
FFFEFAE1
FFFEF6D5
00015348
FFFD7DF3
FFFC5604
00034803
0001F146
000062C8
FFFF2666
00016808
00019812
000023EC
FFFE3693
00012588
0002B8DA
00006A56
0001B266
FFFE9A14
00022567
00005AE6
00044534
00010EE3
FFFED250
00038A1D
0000DD38
0003984E
0002A2FD
FFFE22E2
000046F7
FFFEAE6C
FFFA9BC8
FFFF5186
FFFE3643
FFFEBF54
00036E4D
0001A5D5
FFFE684B
00019A41
000097C8
FFFCB710
00009AE5
FFFC82A7
000094AD
00035A93
FFFE9F99
0001830D
FFFDF225
000070E1
FFFE9B9D
FFFF0EF2
00014C01
FFFFFA83
FFFF6613
00002164
FFFEB563
FFFE7C3F
FFFD5AAC
00006537
FFFD1F14
FFFFD540
FFFE1807
000179D2
00009E59
0001B757
00029085
FFFDF936
FFFE4EBF
FFFC5F6B
FFFD85FD
0002DDAC
FFFDE9CB
00007907
0002B07D
FFFFA619
FFFE4332
FFFEE251
FFFD2979
FFFDEE7F
FFFDEAD7
FFFEA36E
00004A25
0003603B
0000715E
0001E754
00031BB7
FFFF040F
0002119B
0000ECC1
00018B5E
FFFECF64
FFFE8667
00011AC3
0002259D
000205E8
FFFFA74A
0001A933
0002F212
00005999
0002BA8D
FFFFD83A
0001DBF3
000110B0
FFFE4AB7
FFFE23C2
FFFCE9C0
FFFF57B5
FFFECF36
FFFE2299
0001C560
000000EA
FFFF4CFA
FFFFA986
FFFDC8FA
00017843
FFFF3A04
00027059
FFFE0436
FFFE76CA
0004E6A0
0004037A
FFFCABF0
000012E7
FFFE1C26
00000656
00017E5D
FFFFC4CF
000054CB
FFFEF41B
FFFF1C53
0000AF66
FFFDB166
00012D1C
00005D18
FFFE9D00
00013374
FFFB7DE5
FFFDEE98
0001786F
FFFF44E7
00020D42
00008675
FFFF314D
0002D40E
FFFEC1C3
0000770A
FFFFD581
FFFF7F5B
FFFE31AE
FFFF2001
0001806A
FFFDE974
FFFE3F93
FFFF9A1F
0000D0BA
FFFEDAEC
FFFFE3D7
00009198
00033459
FFFEBC82
00002624
FFFF88F2
FFFF0138
FFFD1E15
FFFFCA34
000031BD
FFFF1557
0000BDA5
FFFEDDEC
FFFD0E5F
000270FC
FFFFA2BC
00039907
FFFF60B1
FFFF2D7C
00021866
FFFD9B9B
FFFD335C
FFFFBBE4
FFFE365A
FFFFD39D
FFFED612
00001852
0000D176
FFFDE35A
FFFE3FE4
FFFE3E87
000111B8
FFFF06F6
FFFFD490
FFFE87B8
000144A4
FFFF4BD7
FFFD667F
000069FB
FFFDF81B
FFFEDAEF
0000193C
00002FDF
FFFD5D23
FFFA4AE3
00016EED
FFFD2DD0
000389CF
FFFDBE9D
FFFF8DE2
FFFBF939
FFFCFCE7
FFFF8E5E
FFFFF951
FFFDE337
FFFE27C0
FFFF0E46
00005064
0001A090
0001D31B
FFFD8067
FFFF6432
FFFD57A8
FFFEFCD5
FFFDA7B2
FFFE0DD3
FFFD1817
FFFE3BC5
00015A48
00002050
0000ABC9
FFFC47AA
0000F0AE
FFFE2DAD
FFFDBFCD
FFFDA04D
FFFFC6A1
FFFBE3C0
00004FA0
0001B51F
FFFC72D9
0000D59D
00028F60
FFFD1292
0001D912
FFFE3DAA
FFFC3E5E
00035EF7
FFFF2A54
0001C89F
0001583C
00004603
FFFF97D3
FFFAED70
FFFEC0A3
FFFC2C31
FFFFE3F4
FFFCBAD0
0001A493
FFFDE507
0001A7E8
FFFEB735
FFFF7167
FFFF9BB1
FFFE319B
000232E2
FFFFB8B9
000152D5
00009715
000093C4
FFFDAEC6
00017FF3
000122C8
FFFD7670
00011FF4
FFFFC732
000190DE
000404E4
0002CF23
00054AC2
00036C95
0003834C
00014F31
0005DFE1
FFFF3C65
FFFF4879
000176FC
000233F5
00011300
00019F19
FFFF2B8C
FFFEE8C3
0001CEB4
0001770B
00013436
FFFFDF01
FFFE17AD
000008C9
0000198A
FFFDCB97
FFFE4249
FFFF07E6
FFFFC431
00003F35
00008733
FFFFBA0A
FFFFE77E
FFFF362F
FFFE3A10
FFFD693B
FFFC98E5
FFFD3263
FFFC1B13
FFFF7CE9
FFFCD683
FFFD4388
FFFBF001
0000CB1F
FFFD4BF0
FFFB7521
00014701
000428D0
00008ABF
00032468
0000863E
0002D712
00005CD1
00023AD8
00010FA9
FFFE3AC8
00024C3A
0002E647
FFFF9F32
00020FA4
FFFF8E69
FFFE8D28
FFFE3458
FFFF266A
00021ABA
0002AB53
000164AF
FFFE3FE6
0003B88C
FFFDABC8
000068A9
FFFC2F92
FFFD2394
FFFDD2A4
FFFF7DDF
FFFD2D2D
FFFF81B2
FFFF452C
0000B170
FFFE7D3F
FFFDC329
FFFFA902
0001E9A7
000236BA
00043CB3
0002CE2B
0003ADE8
FFFDDB72
0000135D
0003C078
00009DD7
0003B996
0000231E
00025A87
FFFF6B47
00004295
0000C62D
FFFFA0FE
0002DC57
FFFE5BE4
FFFD5F6D
0001AA9B
00031897
0000F5D4
0000A3E7
000137A5
FFFE8ADF
FFFB94AE
FFFCF3FD
0005E248
FFFF8E64
FFFCEC53
00023323
000275A0
00002110
FFFF8674
FFFF7F83
0001F551
0003D6F3
FFFE4453
000223BA
000313D3
0002E51F
0000DC27
FFFE227F
FFFE176B
FFF9A7CD
0003E3C8
000044C9
0004C920
00048637
00016171
FFFDAD38
00033BFF
00011790
000377D9
FFFD7C70
00042B32
FFFED840
FFFE3C48
0001048F
FFFEA4F8
FFFE1228
00000911
000336B9
00023EE6
000277A5
FFFFF47F
FFFF27D4
FFFB01E0
0001E695
FFFF7703
000206A4
0003CBED
00026700
FFF95866
FFFDAB9D
0005D078
0000EAF6
FFFC4E9C
FFFED6CF
FFFF8277
FFFC7768
00022A75
FFFBE8E9
FFFA7FF7
FFFE1CC8
FFFFFF5C
FFFCA3C1
FFFDBF74
FFFA8208
FFFC651D
0000D72E
FFFEF80C
FFFCDD67
FFFF5027
00037ED1
FFFFDED9
FFFF1D37
00032DA2
FFFE987E
FFFE3F48
FFFF4D50
0002254A
FFFFADCA
0001437B
0001D4A3
FFFD7591
FFFD8276
FFFEE29E
00009532
FFFFB1D6
00032BA7
FFFD6C28
FFFEA726
0003FEE5
00019762
0003FC22
00035F69
FFFEA7FA
FFFE7F4D
0000A915
FFFF7960
0004B238
0003710B
00003860
00007C20
FFFDE412
0004C4AF
00030D23
FFFFDE10
00025AFF
FFFE79E6
FFFEBA1F
FFFF6C76
FFFCC61D
FFFFBC9F
00018E03
FFFFA8C9
00042E04
FFFDCAC4
000091E2
0001C548
00030676
0001D970
FFFF4C42
00048EAC
FFFF9B26
00027978
00048FDC
FFFE677B
FFFCD7A8
000293FF
FFFD4F43
0000C432
FFFDAB81
0001F696
00027C8C
FFFDF9D2
FFFC16E7
FFFF914B
00032849
FFFC51BE
FFFF95C9
000214B3
FFFC4E7B
FFFE9B96
0001EE6D
00018BB2
FFFEDCA8
0003FC56
FFFD5C2E
0002E47F
FFFDA6AF
FFFF803B
FFFFAD5A
FFFD08E9
0000AC01
FFFDDB31
00011497
FFFEDC54
FFFF0FFC
FFFD77B4
FFFAE49B
FFFFADDD
000343C3
0001A889
FFFD3A9B
0001F255
FFFCED5D
FFFF333B
0002457D
FFFFA8C0
FFFE8C52
FFFE230F
FFFECC2F
FFFEC819
0000EB3F
FFFEB78F
FFFD1097
FFFF9306
00022F8A
0001FC68
FFFC5EBE
00027E64
00030766
00028A37
FFFDA10B
00008D87
FFFFB88A
FFFFED9E
0001A412
00047699
00041564
FFFC6266
FFFCF787
00027EC2
FFFFD173
FFFDC563
00049F64
0001C3DF
00013118
000560C8
0003FB49
FFFF016F
0002DA83
FFFF0874
FFFD7096
00030DB8
0003410A
FFFFF2DC
0002FC83
00038BB3
FFFEF2BA
00032DF3
FFFF45F5
00022E69
00018F1D
0003302E
FFFF4ACC
0001D740
00048A95
FFFF462B
FFFF1617
0006810C
FFFD2685
FFFCC8B3
FFFC9FD4
00009D4C
FFFF9553
FFFB0E72
000029E7
0005BEBF
00027268
FFFE2364
0002DBCE
0000733A
FFFEDCE3
000133F5
00053937
00005DC4
FFFF6D04
0001BF66
FFFF83FB
FFFA915B
FFFCCD79
FFF9D01F
FFFFC691
00002C7F
FFFAFCB6
FFFA09BE
00024FDB
FFFDA04C
0001B15D
FFFCDBC9
FFFF8302
FFFEA475
000209B0
FFFDF723
FFFC6846
FFFFADD2
0000F87A
FFFD0EC0
FFFEE94F
00031E88
0002425E
FFFF8DE2
FFFE4626
000057B2
FFFF9DD8
000355C9
FFFF94C4
FFFCAC91
0002CFC7
0002E937
00010515
00038F76
00046B54
FFFE9E5E
FFFE5E41
FFFD2D49
FFFE46D3
00004CE4
0001DF50
0000F3C0
FFFDEFBD
00043BE5
0002AD72
FFFF368C
FFFE4289
FFFC0065
00009D77
FFFBDAE2
000203E1
FFFC9BB2
FFFDBE05
FFFB363C
FFFECBB0
00025A4B
000198AC
FFFFD967
FFFE8246
0002CC3B
0002C4FF
00007F64
0001730C
000127F8
00000C09
FFFF7645
00012AE6
FFFCA9BB
000073C5
0001594F
FFFCA1F9
FFFE9248
FFFEEEDB
00039DF3
0000C069
FFFE5749
0001997D
0003C99C
FFFECC0C
FFFD3C32
0004CCF9
0002C3C0
00037087
0003F0EE
FFFEDD39
0005026A
FFFEF4BE
00003370
FFFF4D06
00034F16
FFFB89DE
FFFD0C37
0002CDF5
00008356
FFFEAA60
00012771
0001F752
00029EC3
0001595E
0003D00D
FFFEA52C
FFFC99AC
0003E744
0000F2FB
00004D69
000113B4
FFFF31DC
FFFFD858
0002142A
00015A82
FFFFD879
00018B2B
FFFF281D
FFFD1834
00003968
FFFF54E0
FFFFA604
FFFDF660
0002045C
FFFC85A3
0002C031
0003678E
FFFD650E
FFFF765E
FFFF084F
00001044
FFFDB33F
FFFF9BC4
FFFFA5F2
0000F2C1
FFFF6661
00014708
FFFFEBC0
00002736
0004DE65
0004F2FA
0000A92B
0001E6B7
FFFEA95F
00000877
FFFDE363
FFFBBA7E
0001D399
0002DFBA
00022E78
00019238
FFFE7B1C
FFFCD877
FFFD4162
FFFC87E5
0000BF85
FFFF7566
FFFC1251
0001FDCD
FFFCCFE5
FFFFF213
000110B9
FFFD198A
FFFE189B
FFFF7029
FFFFAE5A
000359FD
0001021B
00020D2B
FFFF9CE7
FFFFA013
000470EB
0000F053
FFFE16AB
000310F3
FFFB7281
0000F337
FFFF7609
0001DAEE
FFFF41A9
000106D5
00028131
FFFB43FC
000193C3
000436B9
00027570
00006441
FFFE5522
FFFF0B2B
00023BB3
0001FFF5
0001504E
FFFD36B5
FFFF76FF
00000C25
FFFF6CB4
00039858
FFFFF448
00011670
FFFCECD9
FFFEB804
FFFF97A0
FFFFA69F
FFFC63B4
FFFB59E7
FFFC5225
FFFFE77F
0000A922
0002BA0D
FFFF417F
FFFDD181
FFFDD1BF
FFFF5483
FFFF5807
000024D4
FFFD16E8
0004A81A
00014589
FFFEDF5F
000469BF
000588AD
0000AF0E
FFFE955A
0002E890
00005C94
FFFCF66D
FFFFAEFC
000031CF
FFFFC977
FFFF4C88
000065A7
FFFE93FD
FFFC2AD4
FFFE6AB6
FFFA7015
FFFD0A77
FFFC1982
FFFC1928
FFFA5D37
00027302
FFFC69D2
FFFAF09C
FFFF412D
FFFF65F8
FFFF9436
FFFDC5ED
FFFF6CE4
FFFD111C
00037B89
0001EF60
0000972F
0001FCE7
FFFC3994
FFFEE7EF
0001F33C
FFFC0B29
00024B34
0003EFA2
FFFEE6A6
FFFD8067
FFFF62D2
FFFE26B3
FFFE2B75
FFFC7476
FFFFA35A
00033BD4
FFFF6775
FFFE79EA
FFFF05CF
FFFAC62A
0002E461
FFFC5F8C
FFFD0D31
FFFDB27B
FFFE0FC9
0000E4B4
FFFC9826
00005BBB
000181B5
FFFE43F8
FFFEBC99
0001ACD5
0002095C
FFFCEE66
FFFE49F0
FFFE2750
FFFD0806
FFFEA8DE
FFFEE5CB
0003CE34
00007F4E
FFFC9459
0003EC1D
FFFF5098
FFFED7D3
FFFC399E
0002B5DD
FFFFD65B
0000536F
FFFFCDB5
FFFE7930
FFFD0C74
00004227
FFFC5D96
00012DFA
FFFFF3D7
FFFB3449
FFFE44FC
FFFEA8A2
FFFFE64F
0002AE83
0003F4C6
000019A2
FFFB8E6A
00007357
0001234D
FFFA07CC
FFFE315D
FFFD68C3
FFFC24C4
0000E1A6
0001091D
FFFF2F46
FFFFD311
FFFD18FC
FFFEE458
00023209
FFFFA526
FFFE00AD
0001FFC0
FFFD4E26
FFFF290B
000114AD
FFFEA49D
FFFC145B
FFFB837E
FFFADCC9
FFFE94D5
0001F024
0000845A
00010E32
0002079F
00002C6E
FFFF9A2B
00006349
FFFE59CC
FFFF0BD7
FFFF8BCC
00023D18
00017EA8
00002166
FFFF476B
000049AD
FFFDD332
FFFDE7EF
000179AD
FFFE99ED
0000ADA3
00021AD6
FFFE7F49
FFFE46D9
0001B963
00011627
FFFF8245
00008DEB
000331CE
00002D7C
00031135
00031076
00008D4E
00002CAD
000120FC
FFFFD77D
FFFFD2DF
0000FCB5
00020C98
0002D6C0
00024C31
00014308
00013074
0001E71D
FFFFD8DA
0003970A
FFFFB42E
0000B2F2
FFFFF265
FFFE1A77
00012445
0000AD28
FFFD6A0A
FFFE38DB
FFFF4E5A
00019B23
00002FE9
FFFCA100
00000341
0000EE6C
FFFF6E10
FFFF255A
0000E52C
FFFD676C
0001A801
FFFE3CBE
00000F44
0001FF8F
0001662E
FFFFAEFD
0003D247
FFFFE03E
00000B34
FFFF1C83
0000AE98
FFFF623B
0000538C
FFFF9BFC
FFFE3C80
00028523
000308E2
0001BBF6
FFFF74C7
FFFD1A1E
FFFCE139
FFFFEC35
0001718A
FFFF8C34
000135EC
000184FD
00008430
FFFEB390
FFFE179A
000251DC
00004099
00009B77
FFFEE338
0002E9FC
FFFF314A
FFFD3658
0001DF0C
000217C3
00008B16
000063C0
FFFF4BC9
00006061
FFFF658A
FFFE73E8
0002CBCC
00010600
00009F50
0003346C
000129CF
000344AF
0002FAFB
000073AE
0002F46E
00006366
000124F1
FFFDC256
FFFFD546
FFFE5A77
0000A8C5
0000B4E1
FFFED9C8
FFFFF8F6
FFFF62FB
0001B131
00012D4A
0002B8B7
00007AE7
0003B804
000291E8
00006E48
00009DD0
0003853B
FFFEE93A
0001456D
FFFDEF30
FFFDFC25
FFFEF973
FFFEBBF2
FFFF5F7E
FFFD7410
FFFE5DA5
000118B0
FFFE9C67
FFFD4909
0000F4BB
FFFF401B
FFFF91F4
0000CAED
00002FEA
FFFDE0CC
0000AA0A
FFFF2DB5
000176AE
FFFD8C88
0000BD84
0001F1E0
FFFD1C54
0001299F
0000C7EA
00024929
0002294F
FFFF1ACB
0000E3A1
00032E52
0001C541
00008F9B
0001E066
FFFF88BA
FFFF340D
FFFE6553
FFFC68CC
0000C172
FFFFF41F
FFFDA845
FFFE9F08
000071E8
FFFFFBE8
0001EA17
0000CC8A
0000890E
0001F35D
0001582F
0000CA90
FFFF88DD
0000C7B6
00020DB7
0002870F
0000A391
00022A2C
00005F12
0001602F
00012ED5
00019D99
0002030D
0002D5A9
00006783
FFFEA823
00021C1A
FFFFE13B
FFFEF077
00019EE0
FFFE9481
0000FBDF
0000B64F
0000251A
FFFFA93D
FFFEFA9E
0001D73A
FFFEC0D0
FFFDE65B
00009B92
0000F47D
000002CC
FFFE17E1
FFFE90BC
FFFDEC2B
00006EE5
000123D2
FFFFFE50
00018297
FFFEAF85
FFFBE8E3
FFFBD3DA
000114BB
00004A0E
FFFECE24
FFFEE855
0000DDDB
FFFE9877
00000949
0000BD11
FFFE5613
FFFCC583
FFFCBDC5
FFFED59E
00009310
FFFE6EBF
FFFDE1A1
FFFFCE32
FFFC5DC6
FFFDE735
0000C89F
FFFFF0D2
FFFD705C
00015EA7
FFFF7153
FFFF1886
FFFFA690
FFFE0A04
0000A166
FFFE41CC
FFFFAB8E
FFFE881F
FFFF2657
FFFCB1C6
00019485
000196DA
FFFE0FC7
0001D600
FFFFA9D5
FFFE45C6
000023D0
FFFFBF7A
000023E6
00017C34
0000C36E
00011B74
00007B19
00003B24
FFFD5DA1
FFFEBEC2
FFFFFA8E
0001096A
00006E3E
00004145
000167C8
0000C293
0000A01A
FFFDC501
FFFF0136
FFFF4942
FFFEDB1B
FFFEC5CD
FFFDD42C
FFFE931A
0000220A
0000768F
FFFEAD7B
0000B065
FFFEBB71
0001FC78
000132F8
FFFFDFBA
FFFFB93C
FFFF7AD5
FFFD2ED7
FFFF4B58
FFFF07FF
FFFDF6F0
FFFD6E18
FFFEFA21
FFFFB99A
FFFF2A5E
00013D8B
0000134D
FFFFD317
00038B58
FFFFC455
0000C61E
0002D6C3
00015781
00014844
FFFFCF58
FFFF5216
000023C0
0000A664
FFFF832D
00027005
FFFF8992
00005D77
0000524D
FFFF9F59
00008BE5
FFFD1743
FFFFD527
00024051
0000A562
FFFFFCC7
FFFF4054
00003717
00011140
FFFDB2F1
000106EE
0000DA56
FFFD13EC
FFFF4DC4
00024126
00009784
00008F2A
FFFED5EE
FFFE0F60
FFFEFE79
00014EF2
000090F1
FFFDA61D
FFFFAAF9
FFFFC027
FFFD3493
FFFF44EA
FFFEBBB6
0001DE7A
0000605E
0002510D
0002C55B
0002BBF6
00014871
0002CF52
00027F6E
FFFFC226
0001BA83
00003831
FFFFA8F5
0000385B
FFFF1F8A
00005B50
FFFEB862
000149B4
00017FB4
000077A2
0001D4C3
00002A1D
0000E688
00013524
0002715A
00036D51
FFFEAF89
FFFD524E
FFFE44B5
FFFEFFE2
000008DC
00011C74
00007E24
FFFFF533
FFFF54EC
0000EEFD
FFFF345F
FFFF3496
0000E6EA
FFFF87C7
FFFEE2F7
00012257
FFFF0320
0000724E
0001C213
00018818
0000EDBE
000089A5
000061AB
000138F8
0000BFD9
FFFF4E06
FFFFC101
FFFFC3C3
000229FD
FFFD39E6
00004531
FFFF99F2
FFFF1B9D
000147BF
FFFF9598
FFFE7A78
0000930B
0001096C
00019E50
FFFE3A99
FFFD91AF
00012391
00005A36
FFFD58D9
000062B7
FFFF79EB
FFFDC2E4
0000818A
FFFE6CE3
FFFEF1FD
FFFF97C1
FFFE2821
00007A12
0001B842
000024F0
FFFE6024
FFFFB4CC
FFFE3407
FFFF028E
0000246A
00032B23
00029C9E
00007773
0001C079
000088F0
0000638E
FFFE0234
00013A53
FFFE7B60
FFFF8438
00004C82
FFFF9003
FFFDFB9B
00013281
FFFC97B7
0000C5CF
0000D990
FFFC32D8
FFFF6EE3
00024349
00008FCC
0002A32C
FFFEE4A3
0002906C
FFFED543
FFFF42DF
FFFF90B9
FFFF4962
FFFF2B41
0001D125
0002FAF2
FFFFD1FD
00008A6C
000032F2
0000BEE6
FFFFE5BE
00001E1F
FFFF0605
0000552F
0000EAA1
0000321E
00018F29
00013DBD
000021DA
FFFF9DE4
0000D74F
00015E3E
FFFF36F8
000200C1
0000D2E6
00012AFD
FFFD8A6F
FFFE08C8
0001409A
FFFE3448
FFFE97DC
FFFCCD17
00005847
FFFFEF9B
0001BF5D
FFFFD5A7
00000C29
0001721D
00030392
0000847C
FFFFA096
FFFEF56E
0001F4A9
00027CFF
00001336
0000422D
00017E43
000148A6
000067A3
0002F0A5
FFFD9D84
FFFFD098
FFFF0903
FFFD21CA
FFFEF11F
0000ABF9
FFFDEA2C
FFFFF530
0000BBDD
00024BB9
FFFCD531
FFFF7B76
FFFFE237
000047A2
FFFDE3DD
0000B4D1
000132ED
0000CFB3
00004A49
00021D01
0002A166
0000B97E
000002E1
00030A84
FFFECB94
00013D10
000109E6
000076B4
00002C2D
0000F69C
FFFF4D87
FFFECBBC
FFFFA175
FFFFFBFD
FFFEB50C
00008847
000238B9
FFFFD754
FFFE4528
00022D6C
FFFF19C8
FFFEC137
0001375E
00014526
FFFE5915
000230DA
0000B071
0000AA0F
0001A0DA
0001FC67
FFFFB294
FFFEE798
0001049D
0000438C
0000BF1C
000334C1
00022C04
00010203
00002DA3
00023CD1
0000FC95
000259AA
0004790F
0004C891
FFFF51E6
FFFE104E
FFFEF21B
00001302
00033599
00012D0E
00046330
00039D79
FFFD3140
00002D1D
FFFC3F21
FFFD1B6E
FFFC4FB4
000147D4
FFFA846D
FFFDEF6C
FFFC5443
FFFFDA51
0004C269
00019C02
FFFDD2EA
00014AA5
FFFE7886
FFFEDEA2
000063DB
FFFE50D9
0004621C
0001B60F
0004305D
FFFDACA7
FFFEC9C8
000324E8
0001FF95
FFFFE541
FFFFC3BC
FFFF60C8
0000E30D
FFFFBA30
0000F9F1
FFFE341B
FFFDDDFB
FFFEE8E3
FFFD2D0C
FFFFCCCC
0000A2F9
FFFD87C4
FFFCFD98
00025327
0001AFAE
FFFFECE0
00021A2A
FFFFE1A1
0000C584
0002EC2F
00061876
FFFFE323
0003FCDD
0004D4B0
000190F3
FFFDBB5D
0003BE55
FFFE7396
FFFB6ED8
FFF9237F
FFF9B756
FFFF1E45
FFFAD907
FFFBC0E9
FFFEE1B2
FFFABC18
FFFBB335
0001512D
00034BD2
FFFF2AF4
FFFEFA64
0003253D
0002E407
00039BCE
FFFDECB9
FFFFFBFD
00002B36
FFFFC882
00025375
00002DA6
FFFF7A8A
00003765
FFFC2A0F
FFFD3466
FFFF84F8
0003E8A4
000170CC
000334C2
00048A22
00015324
0000EBA8
0001C28C
000356FC
FFFFCF75
FFFDD116
FFFE6755
00003B3A
FFFE9BE6
FFFFB344
0000EC43
00017E50
0000F836
000436E3
00009571
00006428
FFFF11BF
0002DCAA
0005606F
FFFEF982
0005016A
0004C9E1
0001AA71
0000FEBB
00015785
000226B7
FFFF0445
FFFF486F
FFFF58E3
FFFDBB71
FFFDE5B8
00026CBF
0003818A
000310BD
0001E0B4
00001340
FFFF6BEA
FFFECB9A
0003C830
FFFFA632
FFFE9239
00030760
FFFEEBD7
0000FD14
FFFE01DC
0003B8D2
FFFFB629
000478B4
FFFF792C
0002C3EA
00022EE6
FFFF82DA
00001624
00028EE8
FFFCEBD5
FFFC81E3
0001B7A2
00008329
000023A4
FFFBF7AF
000208D6
0001C283
FFFD8FEC
00035547
000100B8
0000B694
FFFE6667
00002EB9
0002AE43
00054FFD
FFFD4B7B
FFFF0CD4
FFFFE39B
000354CD
00050241
0002FF06
000419F7
FFFD8391
FFFDA738
FFF969AC
FFFCC762
FFFE05E1
FFFCE12A
FFFBF0DD
FFFA5FF0
FFFA34D2
00029E7D
000275EC
FFFE3688
0000CD22
FFFF2278
FFFDECE8
0000F807
FFFF04D6
00043870
FFFC8FBE
00030108
FFFD37AD
00029DDC
00036FB2
FFFD20A2
00000770
FFFC57E4
FFFEE7DF
FFFED51C
00007B75
0001A8E8
0000379D
00025A57
FFFE3C28
FFFCC8B4
FFFE5441
FFFF9584
00045871
FFFAABBB
00008CDA
00034AD8
FFFC2CC1
FFFD095D
FFFF8565
FFFB6D2A
FFFF478E
00024422
FFFE7A24
FFFF681B
0002FE69
00023B46
FFFCCAA3
00020D63
FFFC63DE
00019632
FFFF6877
0000C388
FFFDDF43
FFFB8D02
0004D020
0004367A
FFFE8B55
00007620
FFFF9A58
00010EF6
0004A486
000032A2
FFFC41A8
000040D6
00008742
FFFCD90D
000303CC
FFFE7A70
FFFC0C40
00031A24
0001CA4E
0001109E
FFFFCC3C
FFFCD21F
FFFD6E84
FFFDCEDA
FFFE940E
FFFE74EE
FFFDD072
FFFB5C96
FFFD4921
FFFF2DD1
FFFBEEB8
0001342E
FFFBF2E6
00016A14
000060E8
00025ADD
0001B28B
FFFE28C7
0001F393
0001FD16
FFFDBFA8
FFFB46C5
00017195
FFFD3DB9
FFFE34A6
FFFEFEBE
FFFE3CA6
00011574
FFFCC148
00017218
FFFD13DD
00019D6E
FFFDC256
0000F548
FFFE2D52
FFFD17CA
00012973
FFFED06F
00037403
FFFED6D7
FFFF5FE2
00006ADD
FFFFBFFD
0003B826
00023155
FFFE2050
FFFFC0C2
00016986
0002F3BF
00036A82
0000B491
00019999
0001B070
FFFDED7D
00035F55
FFFFB2E5
FFFE21E5
FFFF5A76
0003D1A2
FFFC2D4C
0000B25C
FFFF46B1
000211F8
FFFD9F4E
FFFF482E
FFFEDE4A
FFFF6332
FFFD474E
00026FC0
0000CFEF
00001AB2
FFFFDFD2
FFFEA502
0005563A
000058FD
FFFFA786
00004A7A
FFFA5F9A
FFFF4ED8
FFFACECA
FFFFF045
FFFB1347
FFFAC6A9
FFFD02B0
FFFEB910
FFFA4800
FFFC8098
FFFD4254
FFFF4F21
00034780
FFFE3955
FFFC5B14
FFFADCD1
FFFCE4FE
FFFB05E7
FFFDBB35
00003F07
FFFDD2DC
FFFF6218
000109F2
00015BC4
FFFBFFA2
00008266
000059D2
FFFFFDDA
00009EE7
0001F2E3
0001B573
FFFE133B
000287ED
FFFF17D5
000182FA
FFFF4611
0001EFEF
0003149C
0000CB86
0007908E
00050499
000744F0
000859B6
0003CD3C
00071125
FFFF3354
FFFDC973
00003BA8
00000FB0
FFFEE4E4
FFFF94AA
FFFDD87A
0001328F
00006370
0000F292
0002336C
FFFF23B7
FFFEC51E
FFFDAE6C
FFFE732E
000223A5
FFFDA5BD
0001DDBB
00011174
00006F4E
00018613
FFFDC60D
FFFF69A7
FFFFF777
000039E6
FFFD82CC
000084B7
0001D392
FFFF7A64
0002BC84
FFFFE91F
00027D71
0002F28E
00041428
FFFF608D
0001CBAF
FFFDE3C2
00040C3C
00025A5C
FFFF9FE7
0003EFC5
FFFFC10A
FFFF55FA
FFFC2C97
FFFEC89E
FFFE8571
00019148
00013E05
FFFF49C5
FFFE4A8F
FFFDE502
FFFD4786
FFFC6A53
0001089E
FFFE4BBA
FFFBD9EE
00001091
FFFD274F
FFFE1EB2
FFFC1182
FFFC087E
FFFBC840
FFFF33D3
FFFEA6A0
0001FCEF
000015C9
0000EA4D
0004BEE7
FFFE4531
FFFDED6D
FFFF1FFD
0002D652
00019279
FFFF7569
FFFFB24A
0002C286
0001167D
0002EBE8
FFFE8FCC
00013C81
0001D20A
FFFF8D9D
FFFEAD36
FFFD129D
00027461
FFFBF123
FFFF13A8
0002EDBB
FFFE0758
FFFEB649
FFFB935F
FFFF74D3
FFFE2BE1
FFFBE2D8
00009AC6
FFFF30F7
FFFE1557
FFFD64D6
FFFE2F80
00007C5D
00031BDA
000262FA
00016629
FFFD3B31
FFFCB566
00021DEF
00029140
FFFDA0B2
FFFEE44D
0000BB55
FFFD173E
00034EE1
0001AD94
FFFE042F
00031FED
FFFEF02A
FFFCFE92
00027E1F
FFFA993F
FFFF7FD6
00013D6D
0000736B
FFFEE13D
0001CECD
000183D2
0001EF32
0000EA05
FFFD9993
FFFFE053
0003BE6B
00025D49
0001245C
00021B8B
00028831
0003D586
00007446
FFFDC8FC
000293F6
FFFD4AA6
00002948
0000DD43
FFFCEC50
000160C7
0004CC7A
FFF9F13D
FFFE630F
FFFB2BAF
FFFCB67F
FFFF4F6F
0001C6B1
FFFE591B
FFFCDEEB
0002D714
0002A858
0000C7BE
00013E90
0003AACF
0003D11B
0003312E
000123E9
000103AD
FFFFC37B
FFFD6F5B
0000BBDD
0000C67A
FFFAA332
0000D0F1
0002C0C8
000105C9
0000DE6B
000311BB
00009A7F
FFFCE254
FFFF70CC
FFFE5062
FFFBCB04
FFFC8E3F
FFFB60F7
FFFF4A60
FFFDB1FC
FFFDEE3A
000388EB
FFFF9E49
FFFCF7FE
0002E5B5
FFFCE4B3
FFFDA1DC
00022A30
FFFFB19D
FFFE3940
00012CB3
FFFE0883
00020234
0001EDEC
FFFE7206
FFFF3765
00028ED3
00025DFD
FFFE56A6
0003365C
0002B1C6
FFFDBCB8
00010FB4
0000FAA3
FFFF98A8
0003AD95
0000DE73
FFFC7949
FFFCF17F
FFFF888E
FFFDA811
0001D578
000287E7
FFFE9D0A
0000C713
FFFF60E6
FFFFD9BA
000224C9
0001B6AB
00023201
0000D4C9
00006722
00002A89
FFFF79F9
0001C7D8
000231C0
FFFDE34F
0000FB3A
000254CC
00007407
000261C0
000309C4
FFFDB990
FFFF5050
FFFF51A2
0000A050
FFFD11C1
0000F1A2
00004CFE
FFFEABAE
FFFD865F
00012093
FFFFA623
0002916E
0003CBD8
00053581
FFFDEBD4
FFFD8029
0000652B
FFFEFADE
0000F549
00058D2B
0000C8E2
0000DE0B
0001A911
FFFFBBC3
FFFFDC67
000086D5
FFFEDFF9
FFFF5FB7
FFFE3C95
FFFF73EF
00000EEB
0000CBCD
00048679
0000DF33
FFFF2DD3
00005457
FFFDA01D
FFFD7268
FFFCB02D
FFFD602E
FFFF96A8
00005E99
FFFC90CF
00010F1A
0000D69F
00003B26
0001F005
00028592
FFFE296F
00032761
FFFF0710
0000682F
FFFEBEBA
FFFE8B85
FFFDF90B
00031396
0000F717
FFFFD2C2
FFFDE9B5
FFFF6A08
FFFBD25D
FFFC42F5
FFFE7DDF
000167A0
FFFE5D05
FFFE9134
00004776
000103C2
FFFC2FE5
00045938
FFFDD132
FFFF71A2
FFFFB9FF
000014D2
0003A54E
FFFCAC5E
FFFC5A8F
0002543B
FFFFFB0B
0002FFF0
00034E61
FFFFE7C3
FFFBF895
00056BFE
00015C5E
00036F90
0000AE18
FFFAF40F
00025737
FFFF34E2
FFFD53CE
FFFEB1B7
FFFDABB7
FFFFE35B
FFFFD2BF
FFFDD7D6
00000B01
FFFC09C9
0001D8E9
FFFEE843
FFFBBE7A
0002774C
000165B5
0000E3C7
000001BD
FFFC5101
FFFF28A4
00042223
00008D0B
000223F5
00009A30
FFFD2436
FFFD5E25
00013063
FFFBB202
0002E0EC
FFFE96DA
FFFF8E52
0001787F
FFFCA284
FFFC2189
FFFE41A0
FFFD4D36
FFFFA83F
FFFE864D
0000E2EB
FFFC290D
FFFFF443
FFFCCB0A
000175FF
000310BD
FFFBAA83
FFFEBDBD
00032209
0000391B
00004314
0000E0A2
FFFFB91E
FFFDB173
FFFDFBC8
0000FB18
0001EA86
00005B0F
FFFF7EC7
FFFD50E4
FFFE3A8C
0003602B
FFFCD319
FFFEBB31
FFFE0F9E
FFFF933C
FFFED7BE
00026406
FFFE5FB8
FFFD4980
FFFF6250
00019F1C
FFFC7312
000039FF
FFFFD72E
00002640
FFFEEAC3
FFFF163D
FFFEF794
FFFEF184
FFFD9E76
0000EAFE
FFFD94B6
FFFB13E1
0001621F
00018340
FFFBD345
00005BAD
FFFF1A11
0000CAD2
000096D1
FFFD251F
0002B217
FFFD0137
FFFC0AD0
FFFFE674
0002D5D3
FFFD6FFA
00010B4C
FFFF481F
00001F33
FFFFF643
FFFBBC7E
FFFEB2AC
00029F7C
FFFBD5E3
FFFFED99
000275AD
FFFE777B
00018B3C
FFFE140D
FFFF07F1
FFFCB855
0002409D
FFFDAE2E
FFFEEBEE
00008AB5
FFFEC2EA
0000F98D
FFFFED07
00028983
FFFE9A8C
FFFE212A
0000E15E
FFFD7CB1
0001EF14
FFFEFA01
FFFEC765
000068CD
FFFF500C
FFFE23E2
0003E41F
0001744E
00020EC3
FFFEB262
FFFE9140
FFFED080
FFFE2E59
00002386
00012552
FFFD3163
0003D7AE
000040AB
00019A68
FFFEACAE
0003A08F
FFFCCB61
000035AF
FFFEA57A
FFFE1256
FFFDB5AA
FFFE7C8A
00010BAB
FFFE2435
0001E019
FFFED7FB
FFFE415D
FFFED6AB
FFFF5D32
FFFBB270
FFFFA3FB
FFFD28FD
00001F9D
0004BD8F
0000537C
0000540C
0000448E
FFFC3921
FFFEAC83
0001468F
FFFF078F
FFFDDDFA
FFFE3F3F
0001847B
FFFE1BB6
FFFF8FA3
0002B04D
0000E116
FFFE861F
000104A5
00007818
FFFFD11F
FFFEC4C4
00030466
FFFDBE32
000275B2
0002392D
00008725
FFFF3EF3
FFFF6338
000222D8
00009454
FFFD39F5
FFFEFE5D
00002A26
FFFDF3F0
FFFE0A9E
0002CB0C
0001AC68
00017DBE
0001A712
FFFE72D5
0002DB64
FFFF3859
FFFEA7EE
000056FA
0000E743
00018BF7
FFFD68DF
0002B784
0001BC40
0000B1D5
00016320
FFFF8ADA
000324BF
FFFDB6E5
00006132
000219BC
00048E74
000223D7
0000ED7A
FFFD37B4
FFFD0030
FFFDF754
FFFFBF79
FFFBDAAB
FFFB11E9
FFFE57F1
FFFE4B1A
00004E7D
0000F645
FFFDF8AD
FFFE9CDD
FFFD4334
FFFFC399
FFFF74A0
FFFFB593
00013A48
0003159E
000192C4
0001A334
00028B82
FFFF1A21
00021830
000249E5
00001482
FFFF53D7
0001DB78
0000D37A
000399CB
00046E14
FFFEBBB8
00001019
00006C2D
FFFE9976
0001547A
0001C95D
00016718
0000D15D
00024505
0001848E
0002C043
000026D9
00032FCC
000057C2
0002026B
FFFE076D
FFFFED61
000060E8
FFFCA29D
FFFE3DB1
FFFFFD14
00010CEB
FFFF8873
FFFFA894
0000F11B
FFFC8B91
FFFE76EA
00014DA6
FFFAC11B
00011D82
FFFC1BE4
0001AA77
FFFFFC8B
00024C96
FFFFCECF
0003AF68
00012679
0003F212
FFFE3F28
0003E611
00009625
0000CD8F
FFFE6D01
FFFF8707
0000493B
00009D60
00020DD9
0001A394
0000714C
0001337B
FFFE7447
0001568C
FFFEC7A2
FFFFCDB4
0001AC46
0001923C
0001D722
0003E722
FFFF3B3E
FFFD2770
FFFEE22F
0000F288
000236DE
00011E1B
0000B65F
0003F8FA
000091F0
FFFF74DB
FFFE9B72
00029502
00006F26
0000AE2F
FFFC5F7B
00007F08
000162A8
FFFCE5D3
FFFD1D20
FFFEE365
000286CB
FFFFBB07
00021D97
0000C06F
000016D8
FFFE17E0
00029958
000382E7
FFFEC27A
FFFBA446
FFFDED22
FFFC01AA
0002EE27
FFFFC3E0
FFFE0134
0000BB1B
FFFE7EB0
FFFCCF41
FFFEB895
FFFF0E95
FFFE4586
0003C481
FFFFAAD5
FFFD4BA7
00032F87
0001A81C
FFFE43A3
0000585C
0000A28F
FFFDDF38
FFFC539E
FFFCF789
FFFD772F
0000D7F9
FFFE1745
0000C4ED
FFFC4BD5
00025E2B
00034131
00000743
00013E4A
00015743
0002EEDD
FFFFE5A2
00006A09
FFFFB721
0003E184
FFFDE30B
0002DC35
FFFFA87A
00007362
FFFEB6DD
FFFB7871
FFFBE5EF
FFFF2009
FFFFCB0F
FFFB3F8D
00001E54
FFFF8478
FFFE1FE7
FFFDCD09
00004310
FFFCBB90
00028476
00021FBF
FFFD22A2
FFFDABD8
0000E5A9
FFFBED17
000105DB
0000BACC
FFFE0156
0001AED1
FFFF23C5
0000D34F
FFFD4B9F
000118B3
FFFE3533
FFFFA40A
0002D857
00022A6D
0000DFD3
000064B7
FFFDD407
000356A3
FFFF8803
0000FD8A
FFFE9B1E
FFFB8A8B
FFFFF12A
FFFEF276
FFFD833D
00027920
FFFD1B7A
00001FFC
FFFE376C
FFFDCE60
0002A5E6
FFFDD809
FFFC8A42
FFFFD64F
0001CC67
0002B33A
0002E072
00002963
00003067
00015EA9
00015313
FFFD4BEB
0003634F
00020E63
FFFAAC16
FFFCF9AB
0002A63E
FFF95F19
0000BD8D
FFFF0169
FFFF6D0A
FFFF0F4D
00038B18
FFFD90F7
00015315
00025402
FFFF7E65
0002C005
00041BE1
FFFA55F5
0001DA20
00015BA8
FFFDF052
FFFF5A45
00016E37
FFFDDEA9
FFFF72D5
FFFF3CD1
FFFD59D8
00025BC1
0000AFB7
0001488F
FFFEE50B
00017C54
FFFFFEE0
0000C60D
00021804
0000B584
FFFF2B3F
00009550
FFFE9F1B
FFFEDC46
FFFF9CC0
FFFEA74A
FFFF065D
FFFC6F9C
0001C5AF
FFFE2915
00004437
0001C968
00012B6C
FFFF71E5
FFFEE5C5
00003241
FFFEE2A5
0001459E
FFFF527D
00013CB2
FFFFC39C
0002B1C8
000276E0
0000B9F1
FFFFBD28
0000EB00
FFFF677C
0000848F
FFFFE787
FFFE820E
00004D14
0000171F
000159E1
FFFF801D
FFFF1DE5
FFFE1656
00006ACF
FFFAF75D
FFFD33CF
000047AB
FFFBBAF2
FFFE680A
FFFDFB11
FFFF632D
FFFDD5A6
0001A812
00005451
FFFE93C5
0000AAD8
FFFE5298
FFFF0066
0001502B
00008696
0000BB62
FFFD452C
FFFF10AA
0001FF5D
00003A5D
0001E406
00002973
FFFDE040
000155EC
FFFDAA7B
0001284A
00012B73
0000EFE3
FFFEE010
00010F56
0000A3CF
000218BE
0000A205
FFFFC7D2
0000330C
00000A01
FFFF9807
0000AB0B
0001155C
FFFEFE57
0000E9C7
FFFDBE78
0000CBFA
FFFFEDE7
0000BF89
FFFED131
0001CA97
0000AFAC
00010AE5
FFFF3C1F
000168EE
FFFFA359
0001DA4C
FFFFD2C8
00015FF2
FFFFCCCB
000042BE
0000CA8E
00020613
0000CABB
000046EF
FFFFFD54
FFFF62EB
000132F0
00010A33
FFFFCBCF
00020C22
00013E44
00017823
000197DB
00043119
FFFF78D2
FFFDDA30
000259F2
0001E70F
FFFF356A
FFFEADE1
000173EE
FFFF99B9
FFFF5011
000180F4
00015B60
0001F4A1
000166B8
00015635
0002774A
0001D641
00002B74
0004434A
FFFDD3E8
00016BE0
FFFEA5B0
FFFE4321
FFFF70B9
0001D43A
00022529
000072A2
00021BC6
0001BCAB
0000F786
FFFF3693
0000F25B
0000CC54
0001B6AD
0000B51A
FFFF5079
0000719B
FFFFBEE1
FFFF39D2
FFFFCF8B
FFFEA5D5
0000867E
FFFD9264
FFFEA66A
FFFEE136
FFFEA139
0001A660
0003725A
000333EC
FFFF9730
0003DA89
00007690
00022765
00048675
00028A72
0001B0C9
FFFD21AD
0000D704
FFFEAC5E
FFFE75C1
FFFFCEEE
00001133
000095F7
FFFD9D94
FFFF4B0D
FFFFA7E8
00010049
0001AA51
FFFEE8F8
000069AB
000365AF
FFFF99D1
FFFF796A
00005FA7
FFFE7DF2
FFFFC13D
FFFF3DA4
0001A6FD
000227F2
FFFE20FB
FFFFE25F
00003109
FFFD406F
0000DCE8
0000FFF8
FFFDC746
000077CF
00005280
FFFD70F8
0000BBE2
00007888
FFFFE658
0000F2A9
0002158F
00018536
FFFD634B
FFFF44DD
000171F2
00012EE1
000184E3
00008470
0001C1E0
0000EFCC
FFFC19D3
FFFD5D3B
FFFC373F
FFFEF4FF
FFFD9E6E
00003C36
FFFD900B
FFFE95B6
FFFDBF08
00014886
00010580
FFFF881A
FFFFD1F1
FFFE02F8
FFFECF57
FFFC24D5
FFFB662E
FFFE0674
FFFEC789
FFFE3927
FFFF5BB6
FFFBCCC7
FFFC8451
FFFD8DC9
FFFFF557
00001B84
000243B9
00017DF0
00016A0F
0000D912
FFFF5326
00025CC9
FFFFE563
FFFD1692
FFFE9D52
FFFD34E1
00008514
FFFE5DB8
FFFE3009
FFFD12CB
FFFDEDF1
00002169
FFFED3E6
FFFF39BF
00028836
FFFF9027
000286B5
00021C69
FFFD1EE5
FFFC932B
FFFF6700
0001EAA6
FFFFFE48
0002EA39
FFFF3D50
00023BF6
000185E2
00011814
000118FA
00001DC7
FFFF0C98
00014ABC
000140BD
00013EDA
00007A4A
FFFED08F
FFFD1477
FFFEC520
FFFFF8C2
000226AF
0001C796
FFFEB284
FFFFFB2A
00002035
FFFFB552
000141DF
00038E9F
00000088
FFFB89F4
FFFD9A97
FFFF62FE
00014A58
0001E211
FFFE2A7C
FFFFC3F2
FFFE5322
FFFECB26
0000E12E
0002FFDF
00038222
000265D0
00029501
FFFF2514
0001C275
00008F65
00020FB8
0001C2D2
0000CDB5
FFFF8847
00012EFE
00001DFC
0000C6C8
00013483
FFFE5422
0000FD96
0001FECC
FFFF044D
00027E50
0000990B
00023E27
00024726
00009FAA
00036E11
000119EA
00009D50
FFFD750F
00006DBC
00004B96
0000362E
FFFFFA88
FFFDEA65
FFFFEB60
FFFF892C
FFFC6D2C
FFFD0896
FFFD633D
FFFF4E0D
000073AA
FFFDF862
FFFE83E3
FFFD91AE
FFFEB505
00040D12
000061C7
000242CA
0003B51B
000043FB
0002C06A
00001482
0002240F
00006537
000048DB
FFFD8C09
FFFF86EF
0000C9CC
00023A3D
FFFE077E
FFFFA52C
0001DAC6
FFFF8BF3
00007C2A
00009566
000029C7
00016E2D
FFFE7B1E
00024951
FFFE9240
00006AF2
FFFF08F2
00024B02
00026CA1
00007D5D
0003513B
00033A9B
FFFF8A59
000147B2
00013D2A
00014B0C
FFFF2F2C
00026133
FFFF9C14
FFFE4E2D
FFFF6DBF
000059CB
FFFFEDFF
0001BA8F
FFFE06F0
0000B4A2
0001B143
00012C33
0001C9FE
000298CF
FFFF11ED
00023C5C
FFFF13B2
0000EDDB
FFFF44FA
00005A97
FFFE27EA
FFFFFFB1
FFFEDF9D
FFFFF9CE
FFFDB570
0000CB6D
0000C6D1
0002CA73
FFFFAAFF
FFFF543D
000122C8
FFFE044D
00029196
0001D1D4
FFFD6FC7
FFFEFDCF
FFFD7991
000252BD
FFFF88DB
FFFEDE6F
0000AD3D
FFFD9785
FFFE0ACE
0000530E
000032B8
FFFF7A98
0001143B
FFFF9478
00013308
000043EF
FFFFE3E5
FFFE1EBE
FFFF522E
FFFD15BA
FFFDD300
FFFD14BA
FFFC1533
FFFB85BA
000203B2
0000114D
FFFF093A
FFFE6848
FFFEA67D
FFFC996B
00013556
000117AD
FFFE3D7D
00011F28
FFFF57E4
0000690E
00022CFD
FFFDE2DD
FFFEA753
000024C9
00014A5A
0001339C
FFFF4740
000082F1
0001DE7D
FFFE8309
FFFDBB9F
00052535
0003981F
00015A31
0002DC4B
0001600B
0003B373
00014C59
0000C89F
FFFF79F9
0002455C
FFFF703B
00044350
FFFFA4AF
FFFF3F11
0002ED5A
000117B4
FFFFDC9E
000365F4
FFFE5293
0002613D
000132DF
00019E18
00004CE9
FFFDE366
00004AAE
FFFD7B8E
000049A2
000433DB
0001DE39
00037D9D
0002089F
FFFEEFFD
0001C419
00024F86
00029ECF
FFFEF5B7
FFFF54B5
FFFD3923
00004462
00013F51
00028D4B
00006414
FFFD84D2
00003B69
FFFF55AA
FFFEC9E6
FFFCE317
FFFD185F
FFFBA09B
FFFD5535
FFFF33FD
FFFEA443
0000E867
00009B2F
FFFF04D6
000238D2
FFFE7882
00022ABE
00010C69
FFFFD2BF
00006742
00006663
00008A0E
FFFF7214
000046D3
FFFED5BF
0000241F
FFFE479A
FFFD8085
0000720D
FFFE5551
FFFEA59A
00016C0F
FFFEC9F2
000072E7
0000202E
0002B9CF
FFFF26CC
FFFF0590
00012C9C
FFFF9A3B
00018B5A
FFFF46A9
000059ED
FFFEEBCC
000344FE
FFFEECAF
00000104
FFFF8638
000212CA
FFFF9E9E
FFFEB512
FFFFA241
FFFDEE37
FFFE6403
FFFE0912
FFFBB417
FFFFE19F
FFFD6415
0000A939
FFFFAAE4
FFFED43D
FFFEFD13
FFFEB792
0001BCD2
FFFEFD7A
FFFDCB25
00017A4E
0005DA55
00022E3B
FFFB9B47
0004FBA3
0003F27E
FFFC1E74
FFFE295E
FFFCC6EB
FFFD53AE
0001C29E
00023C5C
0004E355
00043830
0000FFA0
000261DB
0004E31C
0000E088
FFFF9D4E
00029FDA
0000CFF2
0000B10D
FFFF356E
FFFA8977
FFFF827D
000375AF
0000CE86
FFFFA7F9
FFFFE541
FFFD081C
FFFBE06E
FFFEB4C8
FFFFC30C
FFFC0970
FFFD96A9
000244B5
00025696
0001A88D
0003BEDC
FFFD3529
00050434
000074DA
FFFEF44F
FFFF2F61
0000F06D
FFFF2645
FFF9675C
FFFCEAFE
FFFEAB7C
00011D3A
FFFDB30D
0000BD1E
FFFE80C3
00027BAD
FFFCE94B
000468C4
00053114
00002A9E
00040EB0
0002B5D6
FFFEDFED
0003CBA2
FFFEB345
FFFEB4C9
FFFE996F
0001E8C3
FFFB536B
000164C7
0001372F
FFFD936D
00034352
000278A0
FFFF6BEC
0002ADCF
0000F7C2
FFFEF32E
0002F919
00022FAD
0000C314
FFFF4ED8
FFFD3B4E
00013AD0
FFFDDF35
00023AC8
FFFF2344
FFFE243A
FFFD6C58
FFFBF0FF
00000627
0000948F
FFFE22D8
FFFBF804
000209F5
FFFF42B8
0001FBB3
00009B5C
0002FDE8
00012EFA
FFFD6B35
00039FAD
0002F3BE
FFFABAB8
0001A58B
FFFB955F
FFFD583F
FFFACB6B
00025589
FFFDD48B
FFFD1E89
0004E1B2
0001FC9E
00011BF1
FFFF46E8
0000E1C4
0001B893
FFFE5186
00020662
FFFE3DF6
0000205B
FFFB28D3
00020991
FFFF3B58
FFFCCBC6
00004944
FFFA57A4
FFFFB7A8
0000AEDA
FFFC6F06
FFFB9B7A
FFFECE6F
FFFCBA63
0003171B
00013F99
FFFF2027
0000FFFF
FFFD8C49
0003B0ED
00012991
FFFE6832
0005718A
000577BF
00009A7F
FFFF5590
FFFF645B
0002A37C
0003E2E6
00028676
FFFE5C2C
FFFEA8A7
FFFE1552
00020A9B
00029DD7
00005363
FFFF5DCA
FFFF1F58
FFFDDB79
00024DFD
FFFC13F2
FFFCCF1D
0000F81E
FFFFBA4A
FFFF3EDF
0000FCE2
0001491C
FFFEF8CD
FFFE5C1D
0002CA96
00022C42
FFFDBF98
000049B0
FFFFD5A8
00028855
FFFF9946
00040AA5
0001E589
FFFB1C02
0001C36E
FFFEB6FB
FFFBD8E6
0002A618
FFFE35B2
FFFBA01E
00048BF5
FFFEADC2
00025413
0004159F
FFFF0A14
000268A7
FFFE1B4D
FFFE3610
0002C0B4
0001CDD9
FFFF3DFB
FFFC88A4
0001D29E
FFFE5621
FFFF1239
FFFD64AA
000004BD
FFFC4F12
FFFB375A
FFFBA74E
FFFDA19D
FFFF6502
FFFD8B64
FFFD474C
FFFD2420
FFFC4F57
FFFA653F
FFFE3749
FFFC892A
FFFD2F2B
00015CB6
FFFBA964
FFFE0DA9
0003B3C6
FFFE416C
0000BB05
FFFCA330
FFFD6503
FFFE1B81
000173EE
FFFDE189
00009470
00020E72
FFFE956B
FFFF5E48
0003A363
0002FA74
FFFF4E39
FFFF7256
FFFF0147
0000BA3B
FFFC976D
FFFDCB56
FFFFF919
00071E6E
FFFF8721
FFFB75D8
000085F6
FFFD44D7
000390DD
FFFE62FA
0000E340
00021B0D
00044D3A
FFFFB0A1
FFFDF47D
FFFFD529
00009677
FFFFE6DD
FFFD57A3
00000958
FFFD4748
000027EB
FFFFABAE
0001C62F
FFFCCD52
0005D16E
FFFCD043
0000CF95
0000A722
0002D779
FFFD4D76
000189F0
FFFC678B
FFFB5402
FFFB8A87
FFFD32D5
00034483
FFFE71F2
0003138A
0005F6CF
000259CE
FFFE9CE6
00018536
00015BE8
00042C7E
FFFF9F3C
0001BD2C
00005A29
FFFF11A4
FFFCBEC3
0000353C
0001CC65
0002F579
0002975F
FFFCDA92
FFFF0E18
FFFE4C36
0002EAE2
0000CBA4
0001E82F
FFFF0B1D
FFFC54FF
FFFCDA4D
FFFC9FDB
FFFE8B52
FFFC7725
00023AED
FFFED4D2
FFFF5F17
FFFDFE6D
0002249C
FFFD535D
0004C319
0003696C
0006CC2C
FFFFAADA
0001DE45
00009B17
FFFC75E9
FFFCC42B
00032685
0000D37A
FFFE986E
FFFD3C88
FFFD30AD
FFFE45E1
FFFD47D7
00041350
00019CE0
FFFC0DDE
FFFE2CA4
FFFDE600
00023D66
0001685F
0001D9D4
FFFFE465
FFFE2743
0000C836
0004308E
000001A7
00040C7C
00014242
0002E362
000432EC
0003161D
0005CC93
0003E28C
FFFDDC3B
FFFED602
00008023
0002ED71
FFFF7294
0000CAFA
FFFCECB3
000226A6
00022BDB
FFFC51F8
FFFBF66A
0002D678
0001647A
FFFF8B4D
FFFD5EB2
000036EE
FFFF5E71
00023B91
00037999
000064C6
FFFEB3FA
FFFC2FC7
FFFBFDFA
FFF96303
FFFD3B31
FFFAAACB
00001E40
FFF92046
FFFBB5DA
FFFAE401
FFFEC3A9
FFFDB3DA
00026BEE
0000B3DC
000186A2
FFFE26F2
0001F552
FFFC356E
0002DFA7
FFFEB81B
FFFC455E
0000D575
0000AAFB
FFFF1D2F
FFFEFABF
FFFC3AEF
FFFBAC71
FFFDD414
0000C799
0000EC7F
FFFF1EEF
000236E4
00047E39
0002560A
0003691E
FFFE70E0
00013510
00008D20
FFFE16E3
000039AB
00047F5A
0000E881
00017B7B
FFFFC13A
00022A70
000507D4
FFFDB35C
FFFF1076
00014895
00007416
FFFF50FE
0001C6A3
FFFE3CA4
0002905F
FFFC4EC5
FFFD9261
FFFBB078
FFFEAF10
FFFDC58F
000124C7
00030F60
FFFA66BF
FFFE4897
FFFE0236
0004662D
00036B7E
00025512
0002356C
FFFEE3F4
0001C1AB
000319BB
FFFBCEF2
000407CA
0004B5C8
0000F65A
FFFD18AC
FFFEEEEB
0001330A
000109EC
00001FED
FFFD3435
FFFED29F
000031DB
000165BF
FFFB4F04
FFFF693F
FFFA247F
FFFFA451
00003803
FFFBB12E
FFFD2E01
0002AAC9
0000D68A
FFFD5105
FFFBEF60
FFFB706F
FFFFF1D9
FFFCE3CA
FFFAD0DB
FFFF2F5E
FFFF70A9
FFFC7CCE
FFF9DA2D
0000EE50
00012F53
FFFD6C4F
FFFF52A6
FFFBE0CA
FFFF6AB6
FFFC13DD
00004C9E
0001AD12
0001F87D
FFFDB5E0
FFFF5C82
FFFFE203
FFFD93C9
FFFF75B4
FFFF86C2
0004A1D2
000005BA
0000E079
0004600A
000564C7
FFFEA650
0000921F
00030A3A
FFFA52F6
FFFC3C1B
FFFB742F
FFFE29C5
0001C27D
FFFF5832
FFF8F641
0003E162
00005E12
00006142
0000A713
000453C0
0004A149
0004307E
0005FCA0
FFFEEF5B
FFFE7D09
000146D9
00054B90
FFFC1962
00021284
FFFF45ED
FFFDF049
00023CE6
0002EE7A
FFFB746E
FFFD348E
FFFF7C2D
FFF98EC4
FFFCD8EB
FFFF3CCE
FFFED3BA
FFFBA4C7
FFFC65E2
FFF9D797
FFF84333
FFFF4B2C
00008ABD
FFFC9918
FFFD3969
00032161
0000FE09
FFFCFD39
0003268A
0001D3A2
FFFF36B0
FFFCCCF5
FFFDE861
000453C0
00026408
00027D11
0004ABCD
0003C8B4
0000C79F
FFFBC5DD
FFF9AABE
000101DA
0000732D
00008ACB
FFFE03BB
00008E61
000035A6
00014D27
FFFF9633
00013233
FFFFEE4A
00041D76
FFFE20E4
0000FA24
00016644
0001CE49
FFFC943F
0002D492
FFFEA01E
0003803A
FFFBCDBD
0001E2B9
00024B98
0000C05A
00038F23
0000901D
00035F01
FFFFE8BF
000258C5
0000013A
0003385D
FFFB004C
00000180
FFFF4CB6
FFFA832B
0002D7AA
00003B8D
FFFFF6CC
00008FFD
00012F22
FFFF1144
00006231
0000A859
00001C0A
000167B7
FFFFECB0
000045C3
FFFE732D
0000CA4A
000123CA
FFFE925C
FFFFC5D3
FFFFC1D8
00016C9E
0001B250
0002CB02
FFFF668E
00012FF9
00010360
00011FB5
00018181
FFFF5C74
0001B6B1
00002BB1
00001F3F
0001362D
FFFFC938
00000607
0002BC0D
00020214
FFFF791C
00026A7C
0000ADD0
00028E0C
00033716
0000E811
00012DB1
0003503E
00019894
00009B6D
FFFD03E5
FFFFE966
FFFF2C3E
000126DA
00010BCC
FFFFFA4B
0000B5C0
00002E3D
00005CB0
0001A094
FFFF8039
FFFF3E80
000081CB
FFFF3111
FFFF6F8A
00002F94
0001A05F
00019B24
0001655B
00024289
000113A8
000135E7
0002A1B4
0002102D
00029EBC
0001D666
00030317
0001E5E2
FFFFDBEE
000146E9
00007EAB
000135B9
FFFF89A3
00004F3D
FFFFFF2A
0000B628
FFFF7492
FFFDCFE6
000020FD
0001401C
FFFFEEC7
FFFF2D83
FFFED353
00001D9D
0000970E
000122BA
000096C1
000124C2
0000844E
0000AD04
000009B7
000135EC
00006B13
000045B5
00023EB9
FFFF2DE8
0000EC98
FFFF9C20
0000C662
00009D62
0000C4D5
00012902
FFFFAFB2
0001B6B5
FFFEDAFD
FFFF5A39
00001E20
00019745
00000FCA
0000822E
00030E98
000175C0
FFFF5C5E
FFFE0A8D
FFFF9CC5
FFFEC5ED
FFFF00EB
0000D4E3
00017B8D
00017B27
000223A8
0001829A
0002F486
00026B1F
000359A9
0000D822
00015C7C
0000EBFB
00013CA0
0002F848
FFFE7628
FFFFDF1B
FFFF774C
FFFFB216
FFFF089F
FFFFC301
0000C7A7
0002949D
0000DF31
000129C4
FFFFD71B
FFFFEA8F
000178A4
FFFF7E95
FFFF8D42
FFFFC125
FFFE762F
00002AC0
0000B5BD
FFFE983A
FFFDD66A
00001C50
000165B7
0000DCBC
FFFEBEA5
00009623
FFFF2506
FFFF6C6E
0000DDC9
0002E80B
0000EAC9
0001293E
0001A70B
0000DF01
FFFFAFE2
0001F53F
00002B41
FFFCD3C1
FFFD689E
FFFFB657
FFFE9DE8
FFFE6C28
FFFF65F8
FFFFDF91
0000DB71
FFFFF5B3
FFFF0B9E
000082E2
0000D7EC
FFFF1658
0000D2AE
FFFF9C85
FFFF65AB
FFFF5587
0001A7D8
FFFFDB86
0001C36B
FFFE9889
0000C33F
0001A987
00022B90
FFFF4CB0
00023E72
FFFE1280
FFFF34B2
0000C24F
FFFE0EA4
0000E7F2
FFFF2051
FFFE711F
FFFE7D10
00000D13
FFFF21DD
FFFEC3B9
0000834E
0000DA12
FFFF294E
FFFF7223
0000C951
00009FEB
FFFE43BF
FFFDC5D8
FFFF4109
FFFE80ED
FFFF6F67
FFFF1AB1
00018327
FFFF7C3C
0000DA2E
FFFFA033
FFFF3E23
FFFE56B6
FFFF6CD9
FFFD6B96
00019157
FFFEFBD1
FFFF4D8E
FFFFFDCF
FFFFC80C
FFFD140B
FFFDE459
FFFDE1E2
FFFCD927
FFFDFB47
FFFCEE48
FFFE5982
FFFFE228
FFFF8D27
000154D4
FFFFFAE1
00019A74
0000E772
0000A2B1
FFFE412B
00011DC5
FFFEC689
00003C58
FFFC5551
00012787
FFFD5AFB
0000F859
FFFED98E
00013CB2
00002BF7
FFFFB365
FFFD186F
000042BE
00025686
0002149F
0001E6ED
0001653A
FFFFEAE4
00003CF8
FFFFFE16
FFFFFF41
FFFF25B8
FFFEFFE8
FFFF9639
FFFF6F2F
FFFECB65
FFFF955E
0000CDEF
000031DC
FFFE641B
FFFFEADE
FFFFB4DD
FFFEC158
FFFF3DAF
FFFF3284
0000A743
FFFDCF2A
00004E12
00013CDA
FFFED05C
00005346
FFFFAE7F
00012EB6
0000905D
0000FAEF
0001786E
FFFE71C3
FFFF94C9
FFFFF88E
FFFFA43C
FFFDC7E9
FFFE6B13
FFFF2F28
FFFD9C5C
FFFE3709
FFFFACA9
FFFFB8EE
0000D7A1
000130ED
FFFF7582
FFFFD1E3
00000C79
00002F26
0000F4DE
000070C0
FFFFC624
FFFFDE34
0001E6B8
000027FF
0001E9B4
00010D26
00011991
FFFF2DBC
0000D3EB
FFFF76AA
FFFEB678
FFFE839B
FFFFDE07
000006B2
00014727
FFFF5E42
0000F269
FFFE4738
FFFD7BD3
FFFFD94E
000052EB
FFFFCE3F
0000A98D
00007CC6
0000A165
FFFF8FAB
00005B84
FFFEEE20
00004A78
FFFF0361
000020CE
FFFE9656
FFFEF6C1
0000975F
FFFFBFCF
0000AA5C
000018A9
0000C9B5
00012AEC
FFFFDD67
00020E78
000127AB
00025272
0001B251
FFFF9C01
0002C618
0002271B
0001E3CA
0000E8D7
00028F50
000122EE
0001D35E
00019EC8
00004C8C
FFFFB799
0001212D
FFFE3D09
FFFFFB82
00005554
00015622
FFFF74E5
FFFF658F
0001AECC
0000812D
00022458
FFFF29E7
FFFFF3B4
000100CE
00005980
FFFFD5BB
0002478F
FFFFAF6D
FFFFDF06
FFFD5959
FFFE0C91
FFFF206C
00008F48
FFFFB47B
FFFE8088
FFFF4026
FFFF1B6E
FFFC33D2
FFFEA63A
FFFF6FB7
FFFE5F3A
0001A6D9
000117C1
000162EF
00014E70
000035B9
00007C7B
FFFF9F55
FFFF7CC4
FFFEE9A5
FFFFF2D8
0001E863
FFFEFA83
FFFE0BAF
0000A278
000014FA
0000E244
00019309
000145E5
FFFE2C67
FFFFD507
FFFF758C
FFFE6C58
FFFE942C
FFFDA9A5
000139E7
FFFE582E
FFFF7F51
0001722C
FFFF6521
FFFEB943
FFFF6FF1
0000363B
FFFEF8CD
00001A11
000023ED
FFFEBDC1
FFFD3C7A
FFFF2ACE
FFFEFAA2
FFFE483C
FFFF5760
0000BA99
0000190F
FFFDF349
FFFDB4C3
FFFDD2AE
FFFD7D8C
FFFDDDBD
00002C7C
0000E0B7
00018668
FFFFAEFF
00012F9C
FFFEEECA
00016EF3
FFFF740E
FFFF8B8D
0001DFDF
0000B1C3
FFFFB936
00020030
00009A45
FFFFC5A9
0000A1A9
00011DF0
00007791
FFFF903D
FFFF5DB5
0001E975
00008693
FFFF73E6
00023188
00002D12
FFFFD5F2
00008F02
0000AE42
FFFF6D58
0001BE2F
0002068B
00014302
0000E902
000222BA
000131CA
0001999A
FFFFD06B
0002220D
FFFF21AE
0000C277
0000719D
00001DF6
00001E52
000037A4
000096FE
FFFF1FFE
FFFDE95D
FFFF8F05
FFFF4581
00020BA6
00022083
00021D33
FFFE8FDD
00022A71
000093AE
FFFF3222
FFFFA684
00006B7E
000058EF
FFFED86E
FFFE38E2
FFFEEA2E
FFFFCAD6
0000C91B
0002DEB8
0001148A
00006BAB
FFFF829C
FFFE95AA
FFFEF002
FFFF28E3
000120E5
FFFE9FA7
FFFDDC9D
00000B4A
FFFF875B
FFFFCD04
FFFF0928
000041D5
00002CB8
FFFEB2EA
FFFF76F7
00011F21
00019DB2
0002AD2A
FFFF5339
0002BFA1
00010AE9
FFFECC67
FFFFB7C7
0001FF25
00004796
0001B31B
00004565
0000EE8B
000035B6
FFFFD0B8
FFFEE303
FFFFBCE7
FFFF825C
FFFF11BE
FFFF2A5F
00013635
000172D4
0001DCC1
00006718
000268BE
0002099A
FFFF334E
FFFFD425
FFFDEFB2
00008E84
FFFF09C0
00013FDE
FFFE86B0
00023DB3
FFFEE3B2
000152D3
FFFF5E9B
00001366
0000B868
0000C315
FFFFD83F
FFFF107E
0000C224
00022E3E
0000EA30
00020298
00015A00
00002E54
0000A306
000008AA
FFFF8F22
FFFE2AD9
00008329
FFFFDAC3
00012962
FFFF5131
FFFFA40F
00010F0C
FFFEDB53
FFFE819C
FFFFCE34
FFFEC1C5
FFFD2731
0000E4DC
0001F119
FFFED4A2
000141DE
00003182
FFFDC9C8
FFFF520E
0002B2B1
FFFE3061
FFFE1E19
000148D9
0000FC82
FFFEAC54
0001DB0F
FFFF84D2
FFFEEDBA
0001E8A2
000038F6
000173BD
FFFF93C2
00020A86
0001DDD1
0000C0FA
00001720
0002122C
000182C0
00004396
FFFF8568
00014848
FFFF1815
FFFF846A
00004D29
FFFE7AA6
FFFDC9A7
FFFE1421
0000546A
FFFF30A8
FFFCC728
FFFDE700
0001AB3E
FFFEACBD
0000BBB9
00000332
FFFC805A
FFFF7203
FFFFDCB7
FFFDEADE
00018E0B
FFFE4428
FFFEA9ED
00014BD0
FFFF5BA7
FFFFD91F
000127AA
00021E13
FFFDE19F
FFFE3081
00007AF4
FFFD5A16
FFFF851B
0000F924
0001FC78
FFFEE18A
FFFDF14D
FFFE7F42
FFFE7759
00007F88
FFFF7F0E
00012F7A
FFFE8D22
FFFE49D1
FFFF9DA5
FFFEA2A0
FFFFA2BA
0000939A
0002451B
00027D71
000394E1
FFFED5A6
0003C61D
000307B0
FFFEEDB9
0001F27B
FFFF94B7
00005655
00005596
FFFE725D
00028855
0000A917
00002EB1
0000309B
000387AE
FFFE477B
00017FCC
0001630A
FFFF29FE
0000C296
00000391
00004EA9
FFFFC923
0002133C
FFFFE9F4
000127B5
FFFF22F5
FFFF9289
FFFEEF45
000123BD
000046A3
FFFFFD2A
FFFE11C1
00013EB7
000329E7
000306B9
000144B2
00037ECA
00002B44
000127F6
00037C46
00003100
FFFEF232
0001CDE9
FFFF9718
FFFD4846
000010A9
FFFF8EB8
FFFE8F2B
FFFF20BB
00000831
00018FBA
0000AC59
FFFF41AB
FFFDD56F
FFFE05E7
00005C91
FFFD22B9
FFFCDB26
FFFE0171
FFFD71FC
FFFF6996
FFFD939A
FFFD9480
0000FC79
0001A746
FFFBF06C
FFFDE147
FFFDB19C
0002F167
000346FA
FFFED991
FFFEE96C
0000076E
00011934
FFFE55CE
0001E31F
00014DFE
FFFF64A6
FFFC5900
FFFE7600
0000C2E8
FFFF7461
FFFDF820
FFFE6397
FFFFDC0E
FFFBCDD7
00003FBF
FFFE0C3C
00015313
000286B4
0000E71C
0001F8FE
000125A2
FFFF4394
FFFF7D27
FFFD5F2B
00018EAD
FFFF63AE
FFFF98AB
0001A3D5
FFFFE6A5
FFFF63D9
FFFDE822
FFFD9738
FFFD3B22
0000E911
0000CC62
0000C769
00007CEA
FFFFD167
0000BFA4
0001B8E8
00024B8F
000195FD
00018632
000149D8
FFFF9023
FFFFCAFD
FFFE09BD
0000B04C
FFFFE125
0001CDAA
00021954
00006142
FFFD3338
00015F67
FFFD9023
FFFCCC9A
FFFECBBD
FFFEE4CD
FFFE850C
FFFFE15A
FFFEFDDB
FFFE790F
FFFFB7C2
0002A3A5
0003BCD0
0000E3F1
0001025F
000238C9
FFFF188D
00002451
FFFE1F90
FFFF0498
FFFFB4C9
FFFEE1B8
FFFEB7EF
FFFEC51D
FFFDBD35
FFFD6682
0000526E
0000F2B4
00002CBF
000116DE
0000D3F6
0000A02A
0000A72C
0000FB8B
FFFF649F
FFFDA187
FFFEA48E
FFFDFA15
00010832
FFFDE76E
FFFE5F58
FFFDFBDF
FFFF9E82
FFFEFC9B
FFFF651D
FFFE6CD8
FFFE9A14
000140CA
0000FEDB
00003134
FFFDC57A
FFFF52C9
00009D4E
000037F0
FFFECBDB
0000E89D
00025955
0000F29A
FFFFD6B7
000227DB
FFFF4A14
FFFFA8A7
000077E9
0001AD1D
00014ADF
0000A3ED
00007B09
0002504D
FFFF0AC5
0000E95C
FFFF1A4B
0001875A
FFFF2167
000072EE
FFFF281E
0002ACB2
FFFF5FE9
FFFE487E
00015597
FFFE0289
FFFDB382
FFFC1079
FFFEAD1C
FFFEF085
FFFD4853
FFFE346E
FFFF4CA6
FFFE0781
0001C358
00019876
FFFF8483
00006036
00016C0A
00007E51
000270AB
00023C81
000164CB
FFFEE4B0
FFFED8D0
0002624A
00012593
00015CA2
FFFFD4C7
00031F32
0002451A
FFFFCB25
FFFFAE92
FFFF4F4D
FFFE4BE1
FFFE8C2F
0001D90D
FFFDEACA
000053CF
FFFF255E
000225F9
00028062
0000AE11
00015883
0001A951
FFFFC8B8
FFFEBD50
00016FFF
000112EE
FFFEB55F
00003B9C
00017D46
00006EEF
000075EE
000129FE
FFFCD2B6
FFFE1572
000043D8
FFFF7972
FFFEC0DF
0000F43A
00001086
0001E840
00032035
000055E0
00007DA7
FFFFFFEA
00024472
00007E00
FFFF4612
FFFCC2FC
FFFE5340
FFFF58BF
FFFD27A5
000216BF
FFFFBAE0
0000700D
FFFE3241
FFFE7674
FFFF9477
FFFF58A9
000159F8
0001FC44
FFFF71B8
FFFFC1F5
FFFDDE35
FFFE8F7E
00015476
FFFE6092
FFFF0D44
FFFEDF2C
0000C78A
00016909
FFFEC5A8
00015671
FFFF123E
0001C292
00034977
FFFE6A8F
FFFECA25
FFFF5EA9
0001E0BB
FFFF176E
0000460B
FFFF7338
0001191D
000023DC
FFFF29E3
FFFF5C91
00027A4A
0001B034
00022AE6
FFFF610D
000112E6
00008693
0001D374
FFFFB569
FFFDE2B7
FFFFBE6B
FFFE62F1
FFFF8624
FFFE4B57
000013BF
FFFFDB17
FFFFA92F
0001064F
FFFF07CC
0001F818
000145DA
0001555B
000021A4
FFFFCCF3
000088F6
FFFD96D3
0000D991
00014C84
FFFF65A0
FFFEB8A9
FFFEE7F8
0000F9F3
FFFE0108
FFFF4024
FFFF98AB
00019EED
0000C3BA
0000BD4B
FFFF1ACF
000113DA
0001D370
FFFDF4FC
00001251
FFFEABCC
FFFFC20F
0000391E
0000D619
FFFF5779
FFFE2FC5
FFFE3AB6
00013B43
FFFDFA23
FFFE75A1
00009C11
00014172
FFFEC629
0001E023
0000E7BF
00011D55
FFFECF44
FFFFA9FE
FFFE9530
FFFF4F56
FFFE2DCB
FFFE4F3D
000025B4
0001F340
FFFF1308
FFFFB679
0000ADC5
000123B0
0001BACA
00014D7E
0000C2D1
00009714
FFFFAA5A
FFFE536B
FFFFDAD9
00036FCF
0001814C
000113D2
0002C544
00010E60
0000DAEA
0002D915
0002566D
FFFFDC39
FFFD6A7C
FFFE33DA
00008CAE
FFFE9177
FFFE47ED
000175B3
FFFE58FB
FFFE0191
000118B2
0001DF76
0003478C
00032DFE
FFFFE43C
00033351
0002398F
FFFDA699
FFFE4DF1
FFFFB0F4
FFFED57D
FFFEA10D
00002B91
00000402
00029DE5
FFFF6910
0000F831
000271FB
FFFF3885
0001DBA3
FFFE2B58
FFFD3D99
00019E5F
00020282
FFFDEBF5
00008AAF
000391DE
000087C4
FFFED3F3
FFFF83BD
0001EF3B
FFFDF076
FFFF1657
0001A798
0000FE22
FFFC42ED
0002423C
000260A4
0002B5DD
FFFF6CBA
FFFFDEE0
0001E6E1
FFFFA87F
0000679D
FFFF880F
FFFFFC29
00025302
00020808
0001F84C
FFFE47E2
FFFF2F8F
FFFE8CE7
FFFF9F6C
FFFFBEFC
000229BC
0002E744
0000B8B5
00002661
FFFFD658
FFFD758A
0000C602
FFFF2A54
FFFF6837
000011BB
FFFFDE4A
00001909
00032B3A
0000BC96
00026A6C
00017FA8
FFFE58AA
FFFE0783
00029EAB
000260AA
FFFFDAEC
00017B33
0002EDC5
00023733
00012300
0001A8AE
0001C398
FFFE7D93
000158B3
0000E869
FFFF52B2
FFFFF674
00022DCC
FFFFCC53
0001BB4E
000172E4
00021FB5
FFFEEBBC
00040293
000320ED
FFFDBFBB
0000DAFD
000162CC
000051CE
00013454
0001D570
FFFCCBC6
FFFE8F4A
00005934
FFFD659B
0000DB19
0000CC5A
FFFCF6D9
FFFF77E8
0000D106
00004034
FFFFB4CB
FFFDD0EC
0002FDC6
00020B37
000012F7
FFFF9C6F
FFFE84BA
0002B988
0000743A
00015755
0001AF33
00035C59
0000FAA4
00041C20
0002AAFC
000165BB
FFFBE32D
FFFD3FCA
00012B62
FFFE884C
FFFF652E
0000A34E
FFFD8579
FFFDBD2C
0001663C
0000434C
FFFFE4D6
000014C0
FFFE9113
FFFF5C6A
0001860F
FFFF7154
FFFF7639
0000BB46
0000E56D
FFFD854A
FFFEA56D
00006126
FFFEC1FB
0000A7CD
FFFF257E
00018347
00008E1D
FFFF64BF
FFFD3E06
000002F2
0000D3E6
FFFF095D
00008D0D
FFFEB7AB
FFFED326
FFFDF400
FFFE1D33
00011F43
FFFFDC9E
FFFEB6FC
FFFCB05D
FFFF61F3
000254D0
000082C2
FFFD460C
FFFD50CB
00016FC6
0003FC0B
FFFC5ECA
000144EA
FFFD8703
FFFFAA0A
FFFFFDD0
00023CD6
FFFF76BB
FFFEF741
FFFF235C
FFFFD384
0002ABE4
000452F9
FFFF7C2C
FFFF902D
FFFEBA27
000372A0
00002721
00005E58
00005C26
0000C710
FFFEB542
0002AECA
FFFF7F23
FFFFB68B
FFFF939E
FFFEF321
FFFEF25A
FFFFB270
FFFC892E
0000EA04
00011F33
0001AB82
FFFDD67A
0000C1E1
FFFF0728
00018F64
FFFFFFAE
FFFED21D
FFFEE251
00038998
FFFEC2EB
0001E612
00036B67
00007AEE
00018DF9
00031D3A
00013D4F
FFFE6029
FFFFB797
FFFE585E
0001C51A
FFFFD159
FFFE4EE4
FFFE27F9
000232E7
FFFFF7DB
FFFDFD1F
FFFFFD98
FFFFFA26
FFFF24CC
FFFFB55A
0000D13D
FFFEAA0D
FFFE052B
FFFECDC7
FFFFD751
FFFE5EE8
FFFF489B
FFFD8BD2
FFFFB9DF
FFFDFD3E
00037001
FFFED0A1
0000ED41
00008BC4
00002C3F
0001EA42
000292EC
FFFF3975
FFFE754F
FFFEB91D
FFFF33BF
0000EAEB
0001B687
FFFCD6F6
FFFF61FB
FFFFDDB2
0001356C
00021B94
0002BE65
0002A3DF
0002E4D1
00004AEF
0000E07C
000335E4
000066C2
FFFE71AA
FFFC8A1E
FFFD8366
FFFF4853
FFFCD855
00001F04
FFFFCF8E
FFFBD731
000029C1
00015F8C
0000AE77
FFFE1CDD
FFFEEE1E
FFFE7BAB
FFFDF1EF
FFFD6980
000044D1
FFFF7AF2
0000D244
0002C49B
0000843A
0000E41C
FFFE2E01
00010C15
00000E3C
00015070
FFFF4019
000075D7
0000CD3C
FFFD6F6A
000015FB
0000BB12
00026646
FFFECF13
FFFF2200
0001B75F
FFFFD887
FFFEBAF2
000197DE
00020AAD
0001FD11
FFFF951D
000064E8
FFFF7398
00022532
FFFED224
FFFFA461
0000C40D
FFFEF744
FFFE3817
FFFDFEA9
FFFFBC49
0001375C
FFFDBED2
FFFE4DD5
FFFE6549
FFFEF66E
00006E62
0000A7BC
FFFEAD4C
0001DCFD
FFFDF98C
0001C8EE
00002823
0000972B
0000C002
FFFEB7B2
00020AC3
FFFF36AC
0002D2F4
00023FDB
0000D33E
00005A96
000104B5
FFFD6691
FFFEB3F9
0001B42A
000040FF
FFFEC5EC
FFFF0E1E
0001405E
000151D1
FFFE958A
0003067A
FFFFF7DB
0000689F
FFFF96C8
FFFF8308
FFFD0B4D
0001661D
00014EE1
FFFFC36E
000109D3
FFFF5728
0000FAB8
0000B2DD
FFFFCFBD
0000B1A5
FFFFB864
00014057
00001771
00007694
FFFFF87C
FFFEF0AE
0002555D
FFFFDBDF
0001A7F0
00018496
FFFEF83B
FFFE9986
000049AC
00009EE1
00017620
FFFCEAF3
00011529
00001398
FFFED86A
00029761
00001A39
FFFF9359
FFFEB630
FFFF99E7
0002E1FD
0003EA4E
00029986
000278B4
00028311
00033DB9
FFFF5218
FFFD9F6E
00009246
0002820E
FFFFB0DA
00016EE9
000104C0
FFFE73F4
FFFE191B
0002B103
0001546C
FFFF8E5F
0001A0D0
0000E6F2
0001370B
00025CFD
00002146
FFFF5A3A
FFFDB4ED
FFFD3B3C
FFFFD070
FFFDBE0A
FFFE432A
FFFCB165
FFFF4F0B
FFFFD599
FFFC024E
FFFFF262
00016103
FFFD86F6
FFFF6205
00016E87
FFFEC016
00014B3A
00009C6C
0001E6D9
00019AB4
0000BA34
0000B6A4
00043CEC
00029288
0000FB0E
0002D896
FFFDDA55
FFFD4BE7
000111A7
0002B1A3
0003D002
FFFEE10E
0000A9DD
00026A34
0000783F
FFFED7C6
00011092
FFFEFA38
FFFD6E0C
FFFD4E33
0000E8B7
00025F23
000085FC
FFFED9BB
0000D95B
FFFE0CD3
00010921
00004827
0001B707
FFFE9AE5
FFFFDD50
FFFCE7A6
FFFFCCAF
000093C2
FFFF9521
0000AE6C
0000DAC4
00016C82
FFFF163F
FFFECAE6
00015008
00009053
00011881
FFFF88A4
0003E5DB
FFFE3081
0000BFDC
0001A965
FFFF0F08
FFFE7AD3
0001E1B0
0001FA7C
FFFE067F
FFFD1077
FFFD0293
0001FE42
FFFEE4DE
FFFEB492
FFFEEE9C
FFFD07D8
0000CDE3
00000AA4
FFFE7176
00000545
FFFE73FF
FFFF8C01
FFFD4CED
0002C050
0000C7A9
FFFFF0EF
0001ACC1
0001C3A8
0001D485
00015DD7
00003428
00030973
000071C4
FFFF0824
00012BAA
FFFE62DB
FFFC3D92
FFFF049C
FFFF562E
FFFDD6C2
FFFF0F47
FFFD32B4
FFFDEAEE
FFFD04A2
FFFFD496
000112FA
FFFF84E6
000130E6
FFFCA693
FFFD359B
FFFF7108
0001780E
FFFD5E4A
FFFEA9D2
0000F4EA
FFFC2E53
00007951
FFFCB751
FFFEC018
00014A9C
0000F272
FFFE6C45
00008F8E
FFFDBDD1
00007443
FFFF50AB
FFFE09BE
FFFE6E1B
00013B8B
FFFFB47E
FFFE9B90
00009D65
0001B19E
FFFE7D4E
00000C09
0002864F
FFFF5881
0001DC59
00001CDB
FFFF1BE8
0000ED5D
0002262E
0002A197
0001C790
FFFEBE3E
0000A690
00021509
00023318
FFFE04BE
0000AAD9
0000E2EB
00012448
00004B2B
FFFFE928
00007083
000077C2
FFFDD8B1
FFFE8685
FFFF8345
00029E45
0000F588
FFFF2C7F
0001ED1B
0002E2B9
0001719A
00010A61
FFFD9C9E
FFFC9C38
FFFF4046
0000B6A4
FFFEB8CD
FFFFCCAD
FFFEB717
FFFCF06E
00014BF2
0001AA24
FFFD3281
00028069
FFFDF6F3
FFFE8ED1
FFFE5EF1
FFFF8D86
0001568C
000241F8
0001CD88
0000C88F
FFFDE92B
FFFDCD0C
FFFDC03E
FFFF7911
0001E559
00018E0E
0001988A
0000294A
FFFEA794
00013247
FFFF5512
FFFF6088
FFFD108E
FFFE7C5E
FFFE694A
FFFEC264
FFFDE953
00003A30
FFFFFFAD
00009CE7
00035403
FFFF4357
00006BD7
FFFDF013
FFFEAF23
00013FCB
0000C1BD
FFFF81DC
0002928C
FFFF60B2
0001F46A
00034433
000195A7
FFFF19D9
FFFDDBB6
FFFD42BA
00024348
00013365
00000A9B
FFFDC225
FFFF9D7B
FFFCAE67
FFFEF27C
0001D2FC
FFFFD960
FFFEBB9C
FFFFF963
FFFF89FF
00000045
0002D768
000345F0
0000452F
00033533
FFFF7777
00014E2E
0000D877
FFFEEF16
FFFD1B83
0000AB29
FFFE860A
00001593
0001369E
00024219
0002B876
FFFF39AD
FFFF258C
0007077D
00001063
FFFF1D93
0000C891
FFFED02B
FFFD0182
0002E9AA
0003C986
FFFBA0E3
FFFE9614
000028F9
FFFB23CA
000404BD
FFFFFF91
FFFFE498
00052421
FFFE8329
FFFE7BB8
FFFC0AC2
0000F959
FFFA5868
FFFEB1B6
00011F15
000324AC
0001B5A9
FFFF58E8
000055CF
0004328B
0003EB35
0003D3FE
0004B046
FFFC26D8
FFFF5CCB
FFFF9301
FFFD4BEF
000000D9
FFFD1095
FFFFA2C1
FFFEE2B9
0002281D
FFFF6F93
FFFE7A6C
00031D6A
0001E944
FFFD722E
FFFB77B4
FFFF5A03
FFFF2D6D
0001F51F
FFFEDD5C
FFFCE1D1
0003F5B4
FFFF921F
FFFD5CAC
FFFE3A3F
0000BB13
FFFD2C64
0002C7C3
FFFEF993
FFFE1B81
00030457
000288C0
000158B3
FFFE0BAE
FFFE070D
0000E0C0
FFFEC39A
FFFD410C
FFF91B90
FFF72ECC
FFFBD3DA
FFFC54DC
FFFF5F0A
FFFAF1BC
FFFFC0D1
FFFB21E5
FFFEE7E2
0000771C
FFFC8F2B
00017609
00008606
00028A1B
FFFBA40C
00030B2D
FFFC25AC
FFFEA7E7
00008E63
FFFEDB99
00016516
FFFFE6CE
0003DA38
FFFD7078
0002221D
FFFF0943
FFFD506E
00004DEF
00018952
0001AE3A
00004DFF
00011671
0001E6CB
0003304F
FFFF4922
000000A2
FFFB786D
0002064F
0001B415
FFFC47A0
0001319C
00010692
00003109
FFFBC642
FFFF81B5
FFFDC0C8
FFFF4820
FFFF3DE8
FFFB6853
0003F64F
0001840A
000134D3
0001036D
FFFD0D49
FFFD8715
0000C6E3
FFF9F449
FFFE57B4
FFFF0BAF
FFFAF0BF
FFFAC830
0000A31F
FFFB1F66
FFFD5A87
FFFE2CAE
FFFFE3B1
FFFBA7B4
FFFC130D
FFFC8C0E
FFFC8359
00016376
00001336
FFFF8CFD
FFFAEBD3
FFFAFAF6
00022626
0001AE03
0001D6AD
FFFF2E0D
00032960
FFFE1C05
FFFBED2A
00010FA7
FFFC0C28
FFFDA352
0002A4D2
FFFA00E7
FFFACF98
00042E8D
00001D5D
FFFF3EEB
000044CB
FFFE1FDE
FFFD37BC
0000799B
FFFEE72F
0000F98E
FFFDD8BF
FFFE41D3
000405C1
00019470
FFFC4DE7
FFFAE1FA
0004DAFB
FFFCCF7E
000114F6
000086B5
0001B83C
FFFC9D20
FFFE8253
000243C8
FFFF289A
FFFA8BCF
0004E7DA
00030724
000378EB
FFFED322
FFFE25B8
FFFDF316
000268A0
0005BDBC
FFFB1B3F
00034A66
FFFFD72D
000175EE
000659D1
FFFDF732
0003C759
FFFE2359
FFFE58B2
FFFEB365
000271D4
FFFFDB2F
FFFF88FE
FFFC4517
0001ABBD
00001994
00006D1C
0000DD26
FFFCB4D1
FFFCF978
FFFD313B
0000B2CA
00052EDE
FFFC3D53
00027CFF
FFFEEE61
0001DAF9
00012E1E
FFFF20B9
00021953
00012030
FFFB4DDF
FFFEF50E
FFFAB41B
0000F9A0
FFFCB92F
FFFEFD60
FFFF1CFF
FFFC7387
FFF9B063
FFFBFD3F
000525F1
000170A1
FFFE00A9
0004B28B
FFFE7178
0002CFA2
FFFD5903
00029F51
FFFA054A
00043BD9
FFFF69F7
FFFE00F4
00061836
00051F50
00025FF9
FFFF1404
FFFD35A0
FFFEB79A
FFFEB53F
FFFA4F9A
FFFB6223
FFFE8312
000104A1
00019DA3
000109C1
FFFD5AD6
FFFD2264
FFFF01CA
FFFB6D02
000067B8
FFFDF90C
0004E3FC
0003CC5B
FFFBEBF1
00028932
0002BC46
00021DA4
FFFF691C
0004D7C0
00018158
000181B6
FFFF52F6
0003008E
FFFDFBDF
FFFD5A7F
0004014A
00063C0C
0001EB05
000242C1
FFFFB894
0004776D
0001B385
00020C7F
FFFCD417
00006D40
FFFD43D7
FFFFFE06
FFFDE56D
0002D083
00000540
000210C8
FFFB1918
FFFE1AE6
00038A3B
0000BC9E
FFFE8BE1
0000EE8B
0001E5EB
FFFDA121
FFFE124A
0000F010
FFFEE56F
00002190
0006127B
FFFF7731
0004F49A
FFFDA37A
FFFBBC6B
FFFF34A9
FFFE5902
FFFDBE27
0001164E
FFFE82EE
0001D4E0
FFFE455F
000142AD
FFFF50DB
0001DFB4
0000B3A9
000259C0
00016D50
FFFE9400
FFFE06B1
000476BA
00010441
0000662F
0006172D
FFFD4D16
FFFF8F98
FFF9F827
FFFE476F
FFFEA078
FFFC9F89
00029AD7
00042140
0000FA01
FFFEDD67
0003596E
FFFFA172
00019DAC
000113EA
0002A4EE
FFFF98D1
FFFF8841
0001FFBF
FFFFA66B
0000CB3D
FFFF92E0
FFFB251A
00004CB7
FFFC5162
FFFFC88C
FFFBD30A
FFFFEC17
FFFE0902
0001482E
000322ED
FFFE68BA
FFF9DEE6
00048540
FFF8A838
FFFE5756
FFFB535A
FFFFDDDD
FFFE4BE4
00057F09
0000F6E4
000565ED
FFFAA63A
FFFBDF1C
00025CD2
00050886
FFFED1B0
00026D5C
FFFF6FB0
FFFE8BA9
00032E4F
FFFE9D62
FFFEF91B
0004BC8E
FFFFC599
FFFFCD34
FFFEED6B
FFFFCAAE
0002E667
FFFEEEE8
0004290E
00007096
0000C209
00056BDB
0002B5E9
00012493
FFFF33EE
0004C894
0005CCD3
FFFD1D41
FFFCA1BF
00016E08
00002D6C
FFFE0E8A
FFFF9900
00022599
00022842
00036BD8
0001D09A
FFFCCFB8
000030E7
FFFE5F46
FFFF6E2C
00035344
00027B44
FFFDE002
FFFECFDC
0006819B
0003F7FD
00018891
000191AD
000050F4
FFFD60CD
FFFF7365
FFFED3F1
0000AB25
00024C0A
FFFFFBA2
FFFD6749
FFFA09A3
FFFDF4D6
00010033
0003CAC2
FFFE9B9C
0002E624
0002D8A8
FFFCED2F
FFF92A88
0002B045
FFFFB523
0002EBF9
FFFED8CD
FFFCA101
0001F2AC
FFFF4C26
FFFF1375
FFFF7EC1
FFFF1532
FFFCD3DE
FFFDBBB3
FFFE75F2
00006E2C
00014521
0003AE07
FFFD90CC
0001F721
000388AC
FFFFEB7A
0002AFDE
00034C95
0002151B
FFFD5F18
FFFD659E
FFFF988D
FFFF96B6
0004812E
0000FBD9
000538B8
0000D909
00036059
0004A138
FFFCF86D
0001D847
00035E4E
FFFF3DF6
000114B4
FFFB6ABB
00052EF1
FFFE9FC1
FFFDFBD4
FFFE4B09
000367BA
FFFC95D9
0002D835
FFFBCD73
0000FD78
00009F83
FFFB4C72
FFFFA4CF
FFFCED9B
0001DD4B
FFFD12A4
FFFD8E8D
00018FAE
0005319D
FFFDD90A
00019BC1
0000B94B
FFFE118F
0001036A
00001F40
0003DDD4
FFFF70BA
00029720
FFFEB4AB
FFFF013D
FFFCBAA6
FFFB9721
0005939C
FFFD9F51
FFFBB7BD
0002D779
FFFB2DA9
FFFF35BC
FFFF15C3
0002076D
0003A921
FFFA278A
0001E415
00017BD7
FFFD671D
0001AE6C
00000489
FFFE1A56
0003506B
0000EA70
FFFE2E29
FFF9EA99
FFFFF2C2
0002508B
FFFE4B9E
000361C5
0004B64B
0006A023
FFFBD60F
FFFF5FFA
FFFF9E50
0004EA6B
FFFF12BC
0001DDA8
FFFEC672
0000C86A
00028EE4
FFFDC14F
FFFEA745
FFFF3E72
FFFACA16
000068D3
FFFDEBD9
00023D6C
0000F2A8
FFFFE539
FFFD4291
0000F352
FFFD4B8F
FFFBF40A
0000ECC0
0004C1C5
FFFFE97A
00024CD4
0002EB6A
0004773A
000593E5
000260AD
FFFE716C
00040610
FFFF83A3
00001043
00015FD3
FFFF5793
00016CD0
FFFFE247
FFFFFB40
0001600E
FFFF7B4E
00016B16
FFFE48BC
FFFF6046
000019FB
00014977
FFFFDE5E
000042E1
FFFE6A2D
FFFDC9DB
000084A0
00009791
00023460
FFFE8DE5
FFFEF035
FFFFE7B7
FFFEAB4B
00012AC7
0001383C
FFFF07AF
00017BEA
00004A8C
FFFF3909
00026BBD
0002E01D
0002D4C6
0001C742
FFFF19BF
00000DBC
0001F537
0002AC12
000040E2
00035B1F
000370DA
00036639
0000ED32
00035C6C
FFFFAA1F
FFFEC28A
FFFED5ED
FFFD2AF9
00021A73
FFFCDBEC
FFFDFC8F
FFFC6AE0
FFFC454A
000042A6
00000100
00008B0A
FFFDD6F8
00026443
FFFE413F
FFFEA3FF
FFFEBE34
FFFB45EB
000021A7
FFFC7F9C
00009B6C
FFFFB0BC
0001EED1
00029A2F
000373C9
FFFF5B7A
FFFF2439
FFFEA610
FFFCCB47
FFFE237E
FFFC8CF9
FFFA8CC1
FFFD86C5
0000C9A1
0000A6B5
FFFE22C8
FFFEB2C9
FFFC4CCB
FFFCDC9C
FFFEE3AB
00009F9B
FFFF9242
00011A43
FFFD526A
FFFD53F5
000089F7
0001ACE7
FFFE4873
00012559
0002C384
000176B4
FFFEDC47
FFFE894F
00027BF9
000245D1
000174C9
FFFFE1B6
FFFCA3F2
FFFBC808
FFFB6ADF
FFFC93BF
FFFD1851
FFFFEFE4
0001746D
FFFF57AF
000143C4
FFFE876B
FFFFC28B
000479AA
00035E8D
00053793
00009C05
FFFD33C3
000308E9
FFFFF9A5
0002D9F9
FFFE32A4
0000AEF4
0000C8ED
000087AF
00007492
0000B5FD
FFFFF58D
0001F853
FFFFFBFC
FFFF5F3C
FFFD9763
FFFFAE36
00018475
FFFE7439
0000636D
0001196D
0000E3A2
FFFBAD8E
00010C6E
0000A355
0001B01F
FFFF242A
FFFF3504
000007EA
0001F72B
FFFFFE55
0002BD34
FFFFC220
000227F6
FFFDBF81
FFFE47EF
FFFD891A
FFFE7C4C
00005EF8
FFFF656C
FFFF3012
0000F1A7
0000BDFF
0000811C
FFFD07DC
FFFD3597
0003919F
FFFF7334
0003AE81
00013B10
0003000E
0003F31D
FFFEDE81
000187FA
0002EEDA
FFFDCABA
0002E9A3
FFFF0094
FFFE8799
FFFBB347
0000894B
0000DA75
00014301
FFFD1520
0001F0EA
FFFED448
0000507D
FFFD15DD
FFFF50E8
FFFFD2EA
00001B9F
FFFF6DB8
0002CFD7
FFFEAB98
000188CD
FFFD3BE9
0002EF49
FFFDF16E
FFFECC76
00028C50
FFFE2D67
FFFDE85F
0001AFC1
00008F42
FFFE7B02
FFFD5347
FFFBE4E2
FFFF643F
FFFEBCEA
FFFE5552
FFFDD8F8
0001316F
00026A9A
FFFF59D6
FFFFFFB3
0000D57B
0000E4A6
00012835
0000C308
FFFE03F1
00014718
FFFD5556
00009ABF
FFFFDA20
000227EE
0002B26B
00032DC6
0000C384
FFFDF7C2
0001A5DC
FFFEDCC7
FFFF5A91
0001B1D5
0001AC95
00023CBD
0003838F
00030609
0000548A
000248B8
FFFECDB7
0001D440
0001FF21
000015BE
FFFD28CA
FFFEA8F5
0001CCA8
FFFE0003
0001838A
FFFED53A
00027732
00011E24
FFFFFE74
0002209D
FFFEF411
0000A852
FFFE4DD3
FFFD9DD6
FFFCA454
FFFDFB19
00001573
000408B3
0002225D
FFFDA48D
0000EEAD
00024EFA
FFFD80CF
FFFC8345
FFFEB55F
FFFC733B
FFFD579D
0000D3DA
FFFEFB15
FFFFAE0A
FFFC7808
FFFF3FB5
0002F044
00038FA4
000102DB
FFFF57C3
FFFF130C
FFFE60EA
0000591D
00014348
FFFF13FB
FFFDBE35
FFFE2D26
00005A2F
0000326B
00024661
0001FC8D
0000D944
FFFE2FB7
00038EA3
FFFF178C
0004297D
0003111E
00021D6B
0005C30B
FFFFEE28
0001A588
00007215
FFFEFA4B
FFFFA6C1
00013720
FFFC8A2F
FFFD839D
FFFD2951
FFFEE3DB
FFFDCEBF
FFFE2B32
FFFEAAF8
FFFE81A5
000206A0
0000E21D
000047BB
FFFFADC7
FFFEF583
FFFF5813
00009A87
00010AC3
FFFEF1B9
00015602
0001707E
0000435E
000197A3
00009DC0
FFFF64D8
FFFF23AF
FFFD5553
0001D31B
FFFC77DD
000018A8
0001FB9B
FFFEDD1A
FFFED832
0001F63D
FFFFEB12
00005C6F
FFFECF66
FFFC3344
FFFF2A23
0001EF11
FFFE19DC
00018074
FFFE2C63
FFFECDD8
00005506
FFFBD428
000056B8
000199B6
00027D3B
00029C4D
FFFE4E36
00018D4B
00002BE5
00005A68
000575E0
0004E612
0003FF9D
0001CE97
0003A459
0003B838
FFFFE01B
0000352A
FFFF6503
FFFF910A
FFFE299A
FFFEC198
FFFE669D
FFFD29B1
0001B558
00025C27
FFFE1DD4
FFFDD8A3
000161D5
FFFE1524
00017AD2
FFFF146F
00034DE3
FFFF6707
00044995
FFFF2851
FFFFCA8C
00024264
FFFF929F
0001CD44
000168F2
FFFDB6F5
0002CE20
FFFE70DA
FFFF929B
0002EF01
FFFEB29A
000447D5
0000A3D6
00048742
0002AFFA
FFFFFFE0
0000664B
FFFEAC53
FFFF8AAD
FFFF0ABB
FFFF2D43
000025E2
000206BB
00041A97
0001688E
FFFF7C93
000093D9
FFFE7027
FFFE1B1A
0001D872
000352D4
00010AEE
0000CECD
FFFF92BA
0003AB64
FFFFB188
00014197
00013A5B
FFFFC8BD
000266F0
FFFDFE8D
0000BCF7
0000404B
FFFD6A75
0000AAB1
FFFCF4EA
FFFDC72C
FFFD0DBA
00001A80
00039DCB
000072B2
FFFDB075
0000DD18
000154E5
FFFE075A
0002C49E
00025D5B
FFFF4AF4
FFFD9A76
00005B7D
FFFF4B55
00027E08
0000E54A
FFFF5FEA
FFFDEE92
FFFF27A3
0001AA1A
0001F3ED
FFFDFBB2
FFFEA962
000307CD
FFFC6124
FFFE75B8
FFFE02FC
FFFCE314
0000FDC1
0000456E
00022D42
FFFF1D89
FFFDBD0E
00027939
00002DC3
0002C7A4
0000099B
FFFCD858
FFFE6B5C
FFFC775E
FFFE40B8
FFFF67C9
FFFF7D52
00008025
00023936
000200F1
0002473A
00035457
FFFECC13
00025CEA
000208D7
00000710
0002B7D0
FFFE93C4
000271FA
00039325
000083D7
FFFF6DF2
0002BFE3
000411BD
00006BB0
FFFD1AD7
000061C6
FFFD8F72
FFFB19CE
0001974C
FFFAE8F7
FFFE2267
0003BB5C
0000FBBE
0000732E
0000B753
00032652
0001EC7C
000098D4
000122BC
0001CE72
FFFEB214
0003E3C2
FFFDAD7E
FFFF3FC8
FFFE8755
00002CB7
FFFFBD9B
FFFFF410
FFFF8A99
0003984F
0002EBFC
FFFE0FD9
0001B1F9
0001C740
00001803
FFFDC35C
00018EB9
FFFF187F
00015098
00038BD3
FFFE86A0
0002CD25
FFFF1D4A
000071E7
FFFF7D26
00004DF3
00036B76
00025366
FFFF77C3
FFFFC689
FFFDE857
FFFFC011
FFFD800F
FFFC485B
0001DFF9
FFFE3B2D
FFFEB7A5
0001733C
00005A02
00002797
FFFE4E8C
FFFFEE5B
FFFEBFCC
00004BBD
FFFCDA13
0000F94E
FFFE4841
00014ADF
FFFD9E9E
FFFF31E4
FFFF6B98
00002804
0002CB7F
0003274B
00024D9A
00007493
0001322A
0001BE94
000413F5
00005DD5
FFFECBB0
00019E06
FFFEC8C7
0000C59F
00020822
FFFFF05E
00020A68
FFFEC551
FFFE7227
FFFD0EB0
00035A59
000037B1
FFFF9051
FFFF267D
FFFFA846
00004D06
0001ECDF
FFFF00C3
FFFFCCAC
0001B67F
0001581E
0000CA48
0000D82C
00019DC2
000048DC
000132CD
0000E43A
0000708E
FFFF2D6D
FFFFA341
00008AEC
FFFF1273
0000C3F2
0001FB1B
00001640
00001802
FFFF2EA9
0002B7DE
000188BD
0002149B
0002421A
0002967B
00013C3A
00029620
000177D6
0002188A
0001C155
FFFFD38F
FFFF5E50
00012D7B
0002234E
00017CC5
FFFFE3CA
00014896
0000979C
FFFFF807
FFFF5354
000200B8
00002D28
00006650
FFFE7F15
FFFE239D
FFFDF162
00018D91
FFFE69CC
FFFF2212
FFFE7CC6
FFFEF47E
FFFE9E04
00006CB6
FFFEB177
FFFE2D91
FFFF9C14
FFFDD601
FFFEDBFB
000247B1
FFFDB2EE
FFFFC73D
FFFFCDEF
FFFEBE40
FFFF0777
FFFF7761
0002AF46
0000F28D
000202DE
00009354
0000BC77
FFFFFA17
000146E8
000060C3
000021FB
FFFFC98B
FFFF44D2
00000B6D
000169BF
FFFEB96C
FFFE086D
FFFFDFB1
FFFE7804
00008CE0
FFFE07CA
00013B7E
00008BEC
FFFFAAAF
0001CB0E
00015BF1
0000909F
FFFE0ED7
00012F3B
0001C657
00015C10
0000137C
FFFF9A21
00009346
00019029
0002234D
FFFFF2A1
0000B99F
FFFF4E4B
0000F810
0000AE96
FFFFD6ED
FFFF6DC1
00014015
FFFFC1AF
0001BD34
000257E3
00012747
000094D0
00022984
00029CD0
FFFFFE13
FFFEFBCB
0001F1C4
00005134
FFFFFB0F
FFFE657A
00013DDF
FFFEB2AE
0000D6FF
0002777E
00001613
00019051
FFFF6447
0002399A
0001431B
FFFFBB41
00035498
00005202
00012DBE
00029C96
00007E6C
FFFEFEF8
FFFFBD75
FFFFE22A
0000FA29
FFFFF69F
0000824B
FFFDC035
FFFDE27C
FFFCE421
0000A6A4
FFFE5E77
00005E83
FFFDF840
FFFEF305
FFFE2893
FFFFD901
FFFE558B
000006A4
FFFE8129
FFFFE545
FFFEC9D8
FFFEDCE4
FFFEFC3A
FFFF4F4F
00009C72
000278F4
0002BF22
0000059B
000026E8
0001FDA5
FFFFAD0C
000280D9
000113F3
FFFCAEC8
FFFEAB0E
FFFEE262
FFFE21DC
FFFF82D9
FFFC96AC
FFFC742B
FFFDB307
0000D7EB
000153A4
0000819E
00024DF4
00008FD4
00018869
00015DEC
FFFF0BC9
FFFF5EC3
0001C42A
FFFF48E2
0000D62E
FFFFDE9B
000073ED
00003700
FFFED9F5
FFFFE348
00005612
FFFF8CF3
FFFEF47C
0001195A
00004A90
FFFFBF78
FFFEC00E
FFFF7C27
0000E8A1
00010730
0000359F
00026C03
000146E8
00019656
0000D4DD
0000A8EE
00028624
00004053
00008CC3
FFFFC4B8
00014101
0000531A
0000863D
FFFF0EFD
FFFEA93E
00009154
0000547A
000158D3
FFFF7972
FFFFD2A3
FFFFEC2C
FFFFC32C
FFFF1FBE
FFFD9811
000218DB
00016B52
0002032E
00022491
000081D6
FFFED0E2
00003C46
FFFE78D2
FFFF027A
FFFFA59C
FFFD0086
FFFE2B48
FFFE8DEB
FFFFD23A
FFFF04F4
0002580D
00011EAC
0001E20B
000043A5
FFFE6AF6
FFFF2D0E
00018EC3
FFFF0439
00011D5A
FFFDDA27
FFFDC3CF
00011157
FFFF859E
FFFE845B
FFFE1CE9
000060B2
FFFD436B
FFFFAAA1
00009C56
00010DE7
FFFFEE12
FFFF28B0
FFFE8926
FFFD88CF
FFFD6D6C
FFFF99EC
0000A0FC
00001794
FFFCE8A7
FFFE5BD8
FFFD0971
FFFECF91
FFFFE2D8
0000B1EC
FFFE2D93
FFFFF212
00004146
FFFECF25
FFFCF431
000087C2
FFFE3848
FFFE1D15
0000AC66
FFFEACDD
FFFFF442
FFFFC703
FFFFB4D4
0001758C
0001E022
0001944B
0000AB19
00006E40
FFFF89D3
FFFF670F
FFFE7F05
FFFE8EFB
FFFE1619
FFFE4B8A
FFFE6D17
FFFED225
FFFD70E5
00008386
0000D348
00015A69
00005F40
FFFE6D22
FFFEBE70
0000F08D
FFFED2DF
0001441E
00005EC4
0000E317
00027571
0000A19D
00027692
00013E97
0000A9FE
FFFFF95B
FFFF4EDA
FFFE153C
00005150
FFFFD30C
00012F5C
00012A4F
FFFFC976
FFFEE516
000230A2
FFFF7516
FFFE685E
FFFDFAB2
FFFFD81E
FFFF2EB8
FFFEEC6A
000096E9
FFFF50FC
FFFFAC20
FFFE00C1
FFFECC78
FFFD449F
FFFE3D11
FFFD63FF
FFFF689F
000072A0
FFFDFAF1
FFFDA4BA
FFFEFD1B
000089DC
00017AAC
00038C4F
0002E415
00026D5A
00012D68
00040DFE
000329FA
00038399
00007AE6
00002776
000154E9
FFFFE2BB
00014FD9
00022B56
00003169
FFFF90B7
00002E7B
0000443F
00003996
0000DFED
FFFF8191
00000563
FFFFDC76
0000FBDC
00022770
00012457
00009A65
FFFEBA31
FFFEE242
FFFFE2E8
0000D862
000073DE
00022312
00001A27
000086F3
FFFEF1B9
FFFE15E4
FFFE6F19
FFFF80BF
FFFF046E
0000ADB7
FFFF3098
FFFD1CDD
0000F187
0000C96F
FFFF5D41
FFFFED84
FFFF1CB7
FFFE6FBE
00018C1D
0000D488
00025A8D
00017E51
FFFECCD5
000054A4
0000D706
00011CEE
FFFD99B1
000282B3
FFFE3CE4
0000298C
FFFE8FC1
FFFE88C2
FFFEA0CD
0000FC22
0001D42E
FFFF150F
000130FB
FFFDF04B
FFFDC907
FFFED84D
FFFFE4F1
FFFF5E3F
00007B0E
FFFFBAF2
FFFF0BFB
FFFF39C8
0001D88D
FFFDDB9F
00004D75
FFFF397E
000053D6
000106B4
000069BB
FFFFBBB2
FFFFFF81
0000DE3B
00018365
0001DCBB
FFFDA9AC
0000240E
FFFDEC92
FFFFCDC9
FFFE8E36
FFFD8FC0
000036B7
FFFEF921
FFFF8F1F
00005BA8
FFFC697C
FFFDD410
0000F51E
FFFF1084
FFFFD41E
0001E066
FFFF4314
FFFD44E8
00009A07
0000D0FA
FFFF23EE
FFFFEA67
0000365B
0001267E
FFFEE2C9
000105A3
FFFEC19B
FFFFE2A6
00003A91
000248E5
FFFFC36B
0000FF78
0001AEE7
0001504C
000244E2
000240F9
FFFFE8D0
FFFF4E50
0002DB11
FFFF6B2B
0000AF51
000235EB
00015CC1
00008FEE
0000FC5F
FFFEEE8C
00002CDC
000080BB
FFFFC998
0002465D
FFFF3963
0000980B
00001010
FFFFF2FB
0000C099
0001BAEC
0001684E
0002C700
0000A863
FFFF83CB
0001DA35
FFFFC3AB
00002C1E
FFFE01D5
0000F5CA
0000CC5F
00001052
FFFDF362
000086FC
00002B78
0001EC4F
00022717
FFFF5627
0001DC9A
0001F614
0000DD13
FFFF844D
FFFF6690
0001265E
00009B34
0000B509
00014A3B
00004E0D
00002604
FFFFF965
00000F59
0000D04A
00015374
FFFFF728
FFFD96B9
FFFF31DE
0001C9CF
00015E37
00007629
FFFE9883
FFFFE50F
00003E4B
FFFF369C
0000C6D8
FFFFDDEF
00031175
0001068E
FFFEED15
0001FBC0
0000EB8C
FFFF8982
000360BA
000035E0
00008773
00015CCC
FFFEBD47
0000E051
00009EB7
00027C5E
000153EB
000184AD
00008F31
00006210
FFFF548A
00007893
00013D46
00013650
FFFE2A5C
FFFFCCA8
00000AEF
00005E95
FFFFE34E
0000E498
000056BE
00024205
000075E5
FFFF744D
0000764C
00013ADA
0002D8AE
FFFF0507
0001E66D
FFFF2D05
FFFF6896
FFFED598
FFFECF11
0000E6B4
FFFECEAC
000181B0
0001B4C5
00004F90
0000794B
00006D42
00013473
FFFF00F0
FFFFB707
000095E0
FFFDAB9D
0001F69E
0002A9EB
FFFEF21B
000218F9
FFFFAF1C
00004D30
FFFFC5F5
FFFF9FB4
FFFFF99C
0000397F
FFFF67F7
0002475E
000110FF
FFFEEA26
FFFF51B6
FFFF649E
FFFF1504
0000F889
0003637A
0001EBD2
000113AF
0000EB00
00015149
00046233
0001CB97
0002F22F
00026601
0000BA53
000048E0
FFFD7355
FFFF1F30
FFFE5E74
FFFF6F0A
FFFD51EE
FFFDF46A
FFFEFA73
0000E2A2
FFFE1FF8
00025704
00003421
0000D964
00001E06
FFFFCE0D
FFFF179C
FFFEF61B
0001BF3E
000091B4
00003813
0002A6DE
0000EEA2
0000D540
000122FF
00019DAD
0000522E
FFFE9013
00027CEF
FFFEC4A5
00028DDC
000101C1
0001824D
00004BBE
FFFF2171
FFFF043A
FFFF7184
FFFE35C3
FFFF85CF
FFFF7643
FFFEFAED
FFFF64F2
00008D1F
FFFD929D
0001EFC9
0001165D
00014C38
000003AC
00006CA6
0000EE7B
00004024
FFFFE9A0
0001867D
FFFFCA55
0002C578
FFFE7EE7
0002C4C7
FFFE7E36
000115EA
FFFD8CE4
00020712
0000A41A
FFFF66FE
00002655
00005920
0001302F
0000A74B
0000759F
00013A55
000355A0
00010EEB
000196D0
FFFF9876
FFFEF3FE
0000B679
FFFEE5D8
FFFEF39C
FFFEE3AE
FFFF36BE
0000A742
FFFF2AD5
000131E7
00016DAB
FFFEB298
000158A0
FFFE9135
00007E67
0001BEE5
00026F58
00021CFA
FFFDC803
FFFEA412
FFFEC610
FFFE5ED4
FFFE6C88
FFFF5DBD
FFFFD65F
FFFFED3C
0000BCC5
FFFFAC59
FFFE20B1
00002B6F
FFFDFAC3
FFFEEBED
00002746
FFFD48BF
00005788
FFFF1F7A
0000128E
FFFFB188
FFFCBF1A
FFFFC1EE
0000F2E4
0000DE09
FFFDA232
FFFE4A25
0000627A
FFFF84E4
FFFEA46D
0000C06B
000023C9
00008002
FFFEF558
FFFE31C1
00022C86
00017AA3
00007490
FFFE9B74
FFFE6685
000239EB
FFFDFD4E
FFFF0EDA
FFFDE371
FFFE5748
00015EB5
00002A6B
FFFE8D90
FFFF55E3
FFFF5B8A
00015ED6
FFFFB756
0001AE05
FFFFADDB
0001A6BB
00016596
FFFE4449
FFFF8782
00026515
00004C95
0000DBA0
FFFF6C3F
0002104E
FFFFF851
000085BD
FFFF7250
FFFFDFF6
FFFDCE1E
0000FDC7
FFFF5BDB
00014737
FFFFB97B
00001889
FFFFA979
FFFDED35
0001B777
FFFEEF32
00002205
0001DCBF
FFFE7426
FFFDDD4D
FFFFFED4
FFFF7B47
FFFF2D20
FFFFB25F
0000696B
0000D061
FFFF7566
0000428C
000103D9
0000826E
FFFE599A
0000D5A8
FFFF206B
00024DE9
FFFFC413
FFFE4083
0000A854
FFFFCFEE
FFFF89FE
FFFDE078
FFFD6FFD
FFFED040
FFFDB388
FFFF8EF4
00006467
FFFD7894
FFFF901C
FFFFFB2B
FFFEA93A
00023059
0000AB29
FFFF68F6
00011A83
FFFFD95C
FFFDC8EB
0000ECFA
FFFF83EB
0000CFDD
FFFF8FA7
FFFE18EA
FFFD3A06
00010B19
FFFFFE52
FFFE213F
FFFD99A3
000178A7
0001E35B
FFFFA048
000135C5
00004ED6
00026FB7
0001384A
FFFDC3C8
FFFDABAD
FFFFA7EF
FFFEB509
0001F9E5
FFFFB225
0000ADBA
FFFF7C04
FFFF98C0
00013241
00018779
FFFFE170
FFFE50E9
000079E6
FFFEA49A
000026DF
0001702A
0000C63D
0001480D
FFFE85E6
0000342E
0000D863
FFFF19DF
FFFE1D08
000177F5
0001595A
000150BE
00015034
00004234
FFFF2F17
FFFF1443
FFFD3BCF
0000E7F1
FFFFFCBD
FFFE11B1
FFFDA603
0000E3D0
FFFD4131
00013357
00001BAD
0001A705
00002CDB
FFFFE616
00022147
FFFEEB09
0000F238
0002DBEE
FFFEFF8B
0000AE41
00013D87
000221F1
00007237
00003A5C
00007C36
000172EA
FFFFBDEE
00005B45
00003B77
0000821B
000096A3
000056A5
00012EA2
FFFE6868
FFFF2A92
0000D662
00006373
FFFE93FD
FFFEEC34
0002538B
FFFFC1CB
00013F61
00021B2C
000214FC
FFFE4DA7
00029A40
FFFFB001
000033C5
00006B80
FFFFD245
0001728A
FFFFEE2F
00013500
00022509
FFFE2548
FFFFFE00
00021A71
0003D93F
00015C0B
00001ABC
0003229A
0001D4F1
0002F6B8
00013F84
000213DB
FFFF2816
FFFF00F7
0000F0CA
0001B26C
00020BA7
FFFF4313
00012C33
FFFF12AB
FFFFC239
FFFE12D4
FFFFF7F9
0000176B
0001B350
FFFFFAF1
00019B27
FFFEF517
0000E5C4
00015AF2
0001326F
000003B3
0000AFDB
00003D27
00003B8C
FFFF2E79
0001E689
00004BB8
0000EAB4
FFFEDCCE
00006721
FFFFF44A
FFFCEF1C
000070EF
0001C6A6
00018C15
00022404
FFFFA867
0000ACE7
00013FE6
00037707
00001CCE
000141D0
00015153
00020320
00007E4A
0000D653
FFFF5EE6
00005A90
FFFF065F
FFFF6FA6
FFFFD6B8
FFFD2DB8
FFFE844E
FFFFB516
FFFFD9EA
00005C6A
0000A3D6
FFFFE4BB
00013949
FFFEB962
0001181B
FFFE3111
FFFFA6F9
FFFF1B9C
FFFE2A19
FFFEFC86
FFFE97D3
00008D76
00015CD9
0000C48B
FFFEDE8C
FFFF8652
0000C758
FFFF8A27
00006C98
000178C4
FFFE16D8
FFFE0B0E
FFFEFFA5
FFFEC70F
000080CD
FFFDA354
000163E4
FFFFF17C
FFFF9611
FFFF0BFF
FFFEFF78
FFFF7759
FFFF97FB
000124DF
FFFE7E78
FFFE1365
FFFDF62B
00002683
FFFF46A4
FFFDDCA9
0000AE69
000205DF
FFFFBE0F
000089C6
0001CEF5
0001AF11
00014E3C
0001685D
00022072
0001E265
00013146
FFFF9118
FFFF5A1C
FFFFE556
0000E0F1
00026A66
000082C5
0003E45B
0001DB83
FFFEB150
00014BFA
FFFF7A7D
00003D37
000281EC
00009673
FFFF7126
0001B8A5
00009400
00029043
00021DA3
000148A2
0001F444
00012753
00009E38
FFFD7D8F
0001A952
000137F1
00005082
FFFFE2BD
00010D16
0000AA87
FFFF71EB
0000229E
00003601
000253A5
0000777A
FFFFED2E
FFFEAAE6
FFFE0DD2
00002DED
FFFF2973
00013C69
00021D9C
FFFDB611
FFFF61B8
000099CC
FFFDFC07
00012D9E
0000EEC2
FFFE79FA
FFFEECEB
FFFFB9A5
FFFDBBF2
FFFF390B
FFFFCF08
FFFEB8C5
0001AFF2
0001313D
000064F8
0001C91E
00009632
FFFED2BF
00028D5D
0000687F
FFFF6653
00020CDE
000171A5
FFFE434F
000206C4
0000AF6C
FFFF6161
FFFDD2AE
00016E88
0002227D
FFFFB704
00002CDA
0000EA2B
00013EB1
FFFE9F6C
FFFEAF82
FFFFE30D
0001EFD0
0000449B
FFFF91C1
FFFF20DD
0002EAF0
0000A7D2
00004C8C
00014870
FFFE8DE3
0000D2F5
FFFF2E2B
FFFE7C46
00019170
000026F0
0001E8CD
FFFFED81
FFFFBCA0
FFFF848A
000151EB
FFFFA742
00013CC8
0001A853
0002A4DA
0001B9E5
00022A36
000263A2
0000C58E
00015DB6
00016D87
0000C36B
FFFF5722
FFFF22B9
00009C84
0003A928
00001B6C
0002C654
FFFFEC4B
0000EF8E
00007DAB
0000F5F5
0002C2A8
0000A420
FFFFF790
00006D84
FFFFF09C
00028551
0003471A
00012508
FFFDA5C5
0002AB18
FFFE3578
0000227C
0003176E
00000A0D
FFFE3CCE
FFFF5985
FFFF9D01
0001B48A
FFFC6F4C
FFFF883E
00007AAD
FFFE363A
FFFF11CF
00018D0C
0003271E
00043226
0000CDC5
00008FCF
000359A8
00030CA5
00021F54
FFFF0DAD
00054F92
00000A17
FFFE50B1
FFFD1320
FFFCD787
FFFE923A
FFFE1CE3
FFFD88C5
FFFD471C
FFFDD80A
FFFFA2A7
FFFEEF6F
00006098
FFFC8B0E
00002979
FFFCCE57
00001E0D
FFFD5092
FFFFB788
FFFFC33C
FFFC3D62
FFFD5F63
FFFDF58C
00011679
FFFDD89A
FFFD933B
FFFF2027
FFFF4886
FFFF61E8
00029E9D
FFFE48D8
FFFFCF30
FFFFBDD1
000217A0
0001111A
00011FA5
FFFF2141
00000537
FFFD0DAE
FFFF9B22
FFFD5A30
FFFD95DD
FFFE6437
FFFCA065
FFFF3D13
0001AF07
FFFDFDDF
000120AF
00009BFE
FFFFC3E3
00025FEF
0002B008
0000B85D
FFFDE653
00000F3A
00007DAD
0001B840
0002C9BF
0002D1C2
FFFE8BBC
000025C8
FFFD8154
00014797
000222FD
0001A7C7
0001DD8F
FFFEFEAE
0003CE68
FFFFF049
FFFFAA15
0002C895
FFFDF18D
FFFF0C69
FFFEFC10
0000136C
00029B2F
FFFD6ACB
00009266
000353D0
FFFE88A0
FFFFB680
FFFE2400
FFFF830E
FFFD03F2
FFFC99E9
FFFCABBA
FFFF6F93
FFFCBB89
000112A8
000148C6
FFFF9A22
00006154
FFFE8208
0000A66E
0001D34F
FFFF39E3
FFFFF9AC
0002E532
FFFCACC3
FFFCBEC1
00011E73
FFFE1030
FFFED8DE
FFFBD79F
FFFF64B2
FFFE1D1D
FFFB8D54
FFFCEBE3
FFFED7F1
FFFB8616
FFFEC92B
FFFE85C2
FFFDBFB1
FFFE225B
FFFE25D3
FFFCEFC9
FFFC42FC
FFFDC244
00010320
FFFC9A8E
FFFC1321
FFFCBCC4
00020564
FFFFFD4A
00002117
FFFD364E
FFFED7E1
FFFCF8DB
0001BF1F
FFFF7A35
000393F3
00029F7A
0003DF8E
FFFFA943
0002B127
FFFEB3FD
00017747
00004FEF
0003CC10
000472C2
0001B279
0001B5BC
FFFF5E32
0001B663
0003445E
0003BF4F
0000A409
FFFCEC3E
FFFD0D69
0000A85D
FFFDC7D0
000093E1
FFFE8B80
FFFFEF2D
FFFCF701
FFFFF125
FFFF37C8
FFFF9F52
FFFEA91D
0000885F
0000911A
0002FB7F
FFFD45F6
FFFF8C9B
FFFFE713
FFFFD6F2
FFFC9DF0
FFFDDF14
00005D85
FFFC598A
0000CCD0
0000AC73
FFFB154A
00001462
FFFC8054
0001550E
0001ABDE
FFFFCDDE
000050DD
0001BED3
0001231D
FFFDFE55
000057E7
00020F6F
FFFEFCD9
00027730
000556ED
FFFF7C7D
0000EB49
0000432D
00029B11
00040CAA
00034515
0002BD8D
00013565
00013133
FFFE8C14
00026293
00026C40
FFFFE666
0001E637
0000834F
0002A8F2
000415A5
FFFF93CB
FFFFD924
0002AD70
00021F9F
FFFF21AD
FFFE78BA
000071D1
FFFD6A42
FFFDC828
FFFEFFDF
00018C6F
0002E52E
0000C0A4
FFFE7E35
00001846
FFFFE838
FFFE1896
0002998C
00008DA9
0000762E
0000CDEF
00014762
0001175B
000104EF
000170B1
FFFFCEA0
00005D17
0001D157
000091A6
00009A27
FFFF50C1
FFFE9F0C
FFFC72BA
FFFDFEAA
0000CC86
FFFD894F
FFFEBA08
FFFF45C8
00015C29
000133BF
0001EF20
FFFD8BF1
FFFF940F
0001BCEF
00010491
FFFF5AC0
0002BA38
FFFF3AC7
00009041
FFFEDFB4
FFFDD622
00000A44
0002175E
FFFE1708
0001B248
FFFE9B3A
FFFF6EA3
0000EDD2
FFFFD949
00025A32
FFFD605B
0002F3A2
FFFF7162
FFFCEC8E
FFFEFC00
00024B11
0000C453
0000F11A
00011C03
00026555
000024FA
FFFFE1B3
0001F122
0002308A
FFFCD73F
00022305
FFFE582D
0000D8C3
00002278
FFFF167A
000319F7
0000CD00
FFFDE67C
FFFE450F
00018B5F
FFFF7695
0001A667
FFFFFF02
00024490
0002E8AA
FFFE8A83
FFFDA29A
FFFFE64D
FFFFAE0F
FFFF7300
FFFEDFD5
FFFFE33A
FFFCBF42
0002AB51
FFFE514A
FFFD5D34
0002D723
00016D38
00002F53
FFFF3A3A
000160CD
0001D7D3
00010918
000275C7
0004CDB5
FFFE9521
000207EA
00008B21
FFFFD841
FFFE36CA
FFFF5525
00001DE6
FFFBD2F6
FFFEB0B2
FFFC2434
FFFE539D
FFFC6AE0
FFFFFCAF
FFFD969C
FFFE4E55
FFFF0D52
000133D7
FFFE2502
FFFF6D72
FFFFDD32
0002445A
0000ACDD
FFFD64E6
FFFFD614
0001603A
00030480
0001B040
00002B6C
00003B43
FFFE817B
FFFD2E50
00034146
00037EED
FFFE08DE
0000AFFC
0000BAA0
FFFE99A4
000185BA
000047EE
FFFE001C
00017832
FFFDDCA7
00037EAC
FFFFBAD6
00014992
00002E6E
00000F5B
0000A4E6
FFFD660A
000028AD
FFFF2FC9
FFFC3226
FFFEE012
FFFC9745
FFFE6008
FFFDE713
FFFDF6C2
00027BA1
0002C311
00015818
0002A609
00020358
FFFF28DE
FFFECE94
FFFD9A68
FFFD8961
FFFFFE53
FFFF2A33
00003474
0001D746
00001944
00043685
00002B02
FFFFFAB1
FFFFAE87
FFFDA3C4
FFFE76F3
FFFBFF4B
FFFE618A
FFFF057B
FFFF9548
00015B13
0000132F
0000E805
FFFE7356
FFFFE22B
FFFDDC77
FFFD11B7
000030AB
FFFCBC2B
FFFC684D
00000ACA
00001DD1
FFFEA116
FFFB3FA0
FFFF0152
00002D35
FFFE414B
FFFCA680
FFFF580B
FFFB47D8
FFFB8044
00036853
00003755
00001BD9
FFFDEC0F
FFFEF366
0000AA03
0000DC61
FFFF29D0
00020169
00004CB3
00025895
000045C3
00015967
00046EBB
0000FC1F
000079BD
0002006F
FFFFB5D2
00060BF2
00036153
00020C28
0001E0BE
00004931
000144FF
0003A8A7
0002DDBE
000043D6
0000E1A3
00039EB4
FFFDEE03
FFFFED84
000271E2
FFFFBE2E
00002162
0002B9DD
00005A8D
0000C3F8
000017D2
FFFF30C8
00046818
00038823
0000626A
0000E6D5
FFFF08FC
0001C308
FFFD1FB8
FFFCF1A5
000271FD
FFFFAD23
FFFF6584
000220B9
FFFF2DCA
FFFCC128
FFFF5332
0001489D
00020295
00009883
FFFEE9AD
0002785E
00000851
FFFDB0AE
FFFD6A53
FFFF1811
00001E1B
FFFE87F2
00013939
00040908
00019ABE
00001DA7
FFFFF864
0003E078
FFFF0DE5
0001FA86
FFFD04B5
FFFF1F9A
0001DF10
0000AAFC
00010DD2
FFFE59C5
FFFD2CCF
0000EB49
FFFCE2B4
FFFB45C6
0000E12C
FFFEA009
FFFEC474
FFFE49C7
FFFFFADF
FFFD8537
FFFF84BC
FFFD5B38
FFFF425C
0001E989
0001DEE0
00013D02
00007AED
0002B268
0001D784
000282A1
0000B0E2
0001127F
FFFD9466
0000C4CA
FFFFB379
FFFEE471
00005359
FFFE48DC
FFFEF9CC
0000B34C
00023750
00003B89
00010514
00031755
00019A8A
FFFD9AE5
FFFDFA4B
00033E17
FFFC7F1E
FFFBA95F
FFFEDAA9
FFFD9254
FFFE662F
000284DD
0003AE44
FFFBFFD9
000402CE
0000978C
0000C226
FFFE39BA
00041D9A
000351BD
FFFDEEAD
FFFF6F9D
000287E9
FFFEF520
FFFE825F
FFFC2A45
000232E0
FFFEE742
FFFC0281
000345E4
FFFC3236
FFFC4DD0
00019E5C
FFFDA60D
FFFC0134
FFFF415C
FFFC5CCA
FFFD6CEF
FFF991A7
FFFCECCF
FFFBBA6C
FFFD9796
FFFF113F
FFFD54B5
FFFC63C1
0001F77C
FFFFFA5D
0002CFC4
FFFF40C5
FFFFD2CB
0002BED0
FFF94151
FFFBFACC
FFFEF2B8
FFFD3D89
FFFDD3D7
FFFDB385
FFFB1CF8
FFFC3468
FFFB36EE
00007D5C
0000E75C
00003ECB
00013087
FFFD0DAC
0005F9E6
00025361
FFFF1D96
0002A3B2
0000BEAE
0004B0DA
FFFFF68B
00055163
FFFEA39B
0000F80B
FFFFF1DC
000188A9
0001B3EE
000220FF
0004204A
0000E52B
00001612
0003ADA6
000286D2
0005F7AF
FFFFE590
0003C49F
FFFD7145
00038ABF
0003AA0A
FFFF2C83
FFFDB386
FFFEBD00
FFFDFEAE
FFFB8924
FFFD1907
FFFB8793
0000A64A
0000F19C
000298B9
0001A52D
0003854D
000055B7
00056BEE
FFFEEADB
0002EC61
FFFEE80E
0001D576
000191B5
00006787
FFFC7FD5
FFFF7977
FFFC1EA2
000167DA
00014605
FFFC31C2
FFFFD1BB
FFFB849B
FFFDAD75
FFFE3F0A
0001D35F
FFFC346A
FFFD4E22
FFFDAAF0
FFFBC48E
0004A1E4
FFFEDBE7
FFFFB8E5
FFFE4EC4
FFFCE990
FFFCC8EA
00020630
0000BE88
FFFF3C82
000123D2
00043F20
FFFEE73D
FFFFE9CA
0003A174
FFFF6367
00044A7C
0002B0C3
000421E5
0000EAB0
00054D29
000012BC
00008FB7
0005CCA4
0006009A
00005296
0002DA15
FFFC5264
FFFC8E74
FFFD8F0B
0000F1FE
FFFF3F43
FFFB71BD
FFF97643
00005B39
FFFE8CCB
FFFE20AC
0001B095
0003CA55
00009130
0003E1CC
FFFFEF8B
00034AA3
FFFEC06A
000305F4
FFFCDFBB
0000013B
0003E82E
0002E146
00049FCC
0005E784
00010A73
FFFEBF40
0000CD0C
FFFDFC12
0002DA18
00003511
00017F57
0004FA6F
00065278
00019E2D
FFFE1C06
FFFF918F
FFFCF475
0003F2F0
FFFEF2E7
FFFE1AB7
000103DE
000466C7
0004EB8B
0002D097
00007F06
FFF9E963
FFFBDECA
00047F48
FFFEF333
0003F0CB
FFFE212E
00019724
0003160C
FFFFDB3C
FFFF8E6B
000262C1
0000A105
FFFE1BD5
FFFD2A08
FFFE6C75
FFFD6FC5
00005D5A
FFFDD0BC
FFFC708B
FFFAD50D
FFFA82E3
0000F3F4
FFFC5DAC
FFFD35F5
000060DF
000295E0
FFFF9051
FFFC3309
FFFC4EA1
000127F2
0004AB9F
FFFFD6E7
0000335E
00012C05
FFFF9B96
0001D1F7
FFFF6D41
FFFC1DB8
FFFF8434
FFFCF1F8
FFFE47DC
0000AC1E
FFFFFD3A
FFFE5EB7
FFFAF1CB
00005366
FFFCC0A4
00002022
FFFDD301
FFFBC771
FFFD1486
FFFCCEB3
FFFA9061
000220C9
00010245
FFFEA841
00015F73
0003BF32
FFFE286E
00013587
0002A536
0001951A
0003DF16
00017D1B
00016867
FFFFE6A9
00063DED
000413C2
0002356A
00040C7E
00062014
FFFF68BC
FFFDC32E
0000CE7B
0001A31C
FFFB330F
FFFC1681
FFFFE4D3
FFFB0267
FFFC0388
00012DB2
00055360
00004C0A
00028593
0002CC4C
00048FCC
FFFE1256
00010884
FFFF170A
0003670A
000681CF
00043B95
FFFEC544
00043926
0000B81C
FFFDE796
0001C240
0003FAC1
FFFFDD61
FFFEF5F2
FFFE25D2
FFFFC97A
00029FAB
0002C66F
0000D158
00017810
0002D6A3
FFFDAB19
FFFE676B
0003B4FE
FFFDC2E6
FFFD346B
0003903C
00028BFC
FFFBEA83
00017192
00029A1E
000109AE
000359A3
000310E9
00023968
00033257
00039208
FFFCDF71
000141DC
FFFC5522
FFFEA464
FFFFCB2F
FFFFD0C1
FFFE9A79
0000D0FF
FFFE61E0
FFFF1222
FFFF9877
FFFE395C
FFFCE813
00011562
FFFDA74B
FFFC4BA1
FFFE8DDE
FFFDB162
FFFF6519
000095C0
FFFF40FD
0001E8B8
00000184
0002BFF5
0004D64B
0002BD68
00001EFD
00016834
FFFDCBF9
FFFD1E9B
FFFA93CB
FFFECF4C
00000973
FFF9E7B1
FFFEFB3C
FFFE2E27
FFFD8B51
FFFBC810
0000524A
00032AAB
FFFFDEE0
00026D2A
000024F2
FFFD83AB
0003B772
0000EECA
00016577
0004D257
FFFE6E23
0000D2A0
FFFFE1B0
000265E1
00000563
00010976
0003A374
FFFF2261
FFFB297C
FFFE2A57
FFFF8958
0001646D
FFFF817B
FFFE273D
FFFF2052
0002C4A7
FFFEA3BD
0000F919
FFFFC9FD
000200D9
0003A374
00026022
FFFFC67E
00011BA8
0004C19F
0000F46A
FFFD9C6A
0002ECF5
000081C7
FFFE971B
FFFE8360
0001C205
00042A80
00030FFF
00038986
FFFF1D93
00008A21
FFFF0918
00011E3A
FFFF60B0
00030428
00022E1E
00039310
0000B51D
FFFF24D3
FFFDC63A
0000B591
FFFDF33B
FFFF5732
FFFE6381
FFFE6ADF
FFFFBBF2
FFFC3378
FFFF01F0
0002FA5B
FFFD583D
0002BC71
FFFC9A5B
00003427
FFFD7DC8
0002C609
FFFF8F52
FFFE6B41
FFFD1579
000266EA
000010ED
00051F43
0004BD24
FFFFAC3E
FFFBC211
FFFE9716
FFFD8D4A
FFFCA6D7
FFFA63A7
FFFDE071
FFFE26FA
FFFF4072
FFFFAC3B
FFFF5411
FFFFA692
FFFE6D8D
0002BF5F
FFFF0CF9
FFFA6662
FFFA6E78
FFFD3267
FFFA488D
FFFAE8F9
0000DFD6
FFFC1879
FFFD0EE0
0001C75E
FFFDE20A
000202A8
FFFFF8C3
FFFF8BA4
FFFFF5A8
0000F33D
0000EF20
00041E86
FFFEC3AD
00041069
00047C80
0000A00A
00027EAF
00029D6B
FFFE7E57
FFFFA45E
00002114
FFFF10C4
FFFF4EC2
00014386
0002C9FD
00006C43
0002722F
FFFFE722
FFFF7C11
FFFD3C50
FFFC72EB
00029A04
FFFD6456
00027A40
00023F6E
00030405
FFFEBBFB
000248D3
FFFDB7C6
00003CD6
FFFFCDE1
FFFB61A1
FFFE4F94
FFFFD680
0001CE1F
000411CF
00046A4F
0000E92F
000307C2
00057616
00051C7F
0003332E
FFFE9A5C
0003DD65
FFFF1ED9
FFFD6061
FFFBF9D7
0001F33A
FFFC454A
FFFF2841
FFFD8884
00013B5C
FFFED1AF
000163AA
FFF98EFA
FFFA22FD
FFFDC968
FFFBEE76
000178E1
00005128
0000DE5D
FFFBE03C
FFFE1C0D
000208D4
0004BB8B
0002B72F
0002797A
0000C532
00014B4F
0001BE7F
0001B0BF
0000CCE6
FFFE0166
FFFF4DE9
FFFEF4F0
0000B493
FFFA69A9
FFFB2612
FFFFC994
FFFE3CE8
FFFDD5A5
FFFFCEB1
FFFDA639
FFF9B3FD
000000B7
FFFEF365
00019660
FFFD1907
FFFCB3BA
FFFEA294
0002BE38
FFFA54E8
FFFF1073
00011FF5
0000041F
FFFE3A18
FFFDD24E
FFFE4C3B
FFFBA45A
FFFF8C7F
0001C8E4
FFFD2D87
FFFDB236
FFFA4887
00001EA1
FFFC1D6D
FFFFD7E1
FFFDFDD2
0000A762
00047232
0000C5A4
00077438
0003D549
FFFF992F
00052839
0001C966
FFFEC083
FFFC20EE
FFFFD854
00030402
FFFCF92B
FFFFB46E
FFFCA234
FFFFE431
0003171B
FFFAAD91
0001EF3D
0003444E
0002D1FF
000534D3
00034F38
FFFE95E2
0005AD52
00012DE9
0004F945
0001D132
0000E76E
FFFE6B68
00007485
FFFDFEEE
FFFC24CB
0002E51E
FFFCED1D
FFFD696E
FFFD9571
FFFE9E28
FFFCDFEC
FFFF7CD5
FFF912C6
FFFC58D1
00008D9C
00013160
FFFC1907
FFFF286E
FFFDA959
000120D9
00010933
00019964
FFFF9212
0002E3A5
FFFEE761
0001AEEF
FFFE9892
000130AB
FFFD2190
0000E9FE
000185D5
FFFC47F7
00015395
FFFE6934
FFFD869F
FFFDD86E
FFFBD5B2
FFFDE153
FFFFC940
FFFE4243
0001A417
0000ECEE
00023D51
FFFC47D5
FFFBE257
FFFE7BD5
FFFDB163
FFFDF6FA
FFFB81F0
FFFD8ADF
FFFB6A81
FFFE6955
FFF905A4
00015235
00038827
0000B471
0001706C
00008832
000031AC
0002657C
00037CF4
000415D0
FFFA6766
FFF7F6ED
FFFDB8F3
FFFB7199
FFFC2552
FFFC575F
FFF95360
FFF98C05
FFFB248B
0001E60D
FFFDB5C7
000157CA
FFFFFAC9
FFFE7495
0001D49D
00055644
0002AEE7
FFFDA2D3
0002BA2F
00020C92
FFFFC070
FFFD8525
FFFDAF90
FFFE6A76
0002F9C0
00048BA2
FFFF5AD6
FFFB77DD
FFFF50BD
00015818
FFFF967D
0000A892
0002107C
FFFEFA97
00002478
000212DE
FFFEFE40
FFFF59DB
0000826A
FFFFF021
0001A126
000294E1
FFFEFD6B
00009AEB
FFFA764B
FFFFA501
FFFD9994
FFFF63EC
FFFCDE8A
FFFB5694
FFFCD32C
0000F677
FFFF8FBC
FFFF4947
00011833
0000D0CE
FFFF8B63
0002C71A
00042E64
00009397
0003442D
FFFD58E6
0001DA5F
000043B3
000207EE
FFFF559E
00004A90
FFFFD4EE
FFFECB96
0002797C
FFFF7B01
0002D435
FFFD5FBA
00025BDA
00033B6F
0004090F
FFFF0ED8
FFFFC18A
00026CE5
000031C4
00014F83
FFFF4246
FFFF5588
FFFDC372
0000A409
FFFF1F9B
FFFFF92A
FFFFDBB5
0003385E
FFFDF025
FFFE90EF
FFFC6CB5
00003276
FFFF6187
FFFDCE38
FFFD5995
FFFE9AF4
000375E1
FFFCDF39
000331B5
FFFF683E
00042A78
FFFFE773
00043047
00007826
0002F489
0004568E
00013BBF
0000CDDC
000118E7
00000633
0002309C
FFFBB690
FFFFD2DC
00006291
FFFDCDC8
FFFF2053
FFFF32C5
000153A8
0000A9EA
FFFCAB88
FFFE3576
00004A6A
FFFC5E0E
FFFD8471
0000C0FD
000097AA
00013C29
FFFF117D
FFFB0B1A
FFFFB4A2
FFFA9868
FFFD2EC0
FFFC817F
FFFB05D8
00022B63
FFFDB6A9
FFFD694B
FFFEEE71
FFFCB854
FFFE4471
00010F0A
FFFE6610
FFFD1123
FFFF3793
00030796
000370CC
FFFFF378
00005D8C
FFFFAC50
0003A0CB
FFFE2CC0
000522DC
000237BF
00006362
00001E12
00042DFC
0004CFA9
FFFEB3DF
FFFF52DC
000305B6
0002C058
FFFF599F
FFFEB3BA
0001876A
0000CEF1
00010EB3
00006073
00015EB9
FFFFEFCB
FFFD8111
FFFF5E99
FFFF09A4
000280DD
FFFE8AAB
FFFD2B77
FFFD0AFC
FFFB2A8D
FFFA9B5C
FFFD0640
FFFBCE0E
FFFFB987
00009940
0000CAC7
0003E2FC
0001ACD6
FFFCB067
FFFECD03
00018662
FFFC7AEE
0001A2F8
0003F391
00003F5E
FFFC7A43
FFFBD1AE
FFFF4B01
FFFF8534
FFFB7699
00030F86
00001010
0002E5DB
FFFE3563
000017EE
0000D2FC
00033C7A
00038848
FFFDFFEB
0002C635
000049EC
000211C1
00014F53
FFFE2338
000187F5
FFFE7461
0002A69A
000178DC
00003DE2
FFFF66FC
00002C6C
FFFDE590
0002B19E
00030972
FFFF8842
FFFF44B3
FFFFC790
00003907
FFFEF519
0000E6A7
FFFF6973
0000569F
FFFB06AB
00012B0C
00027D43
FFFFE6B7
FFFF6D05
0002B051
0002F32A
00008E72
0001457E
FFFD7DED
00023BA7
00059074
0001B3E4
00004D7D
FFFEC783
00010898
00035AF7
FFFF2F93
00024E67
FFFE87B1
0003B053
FFFF709C
00007619
FFFC8051
FFFA216A
FFFE057A
00014D8C
FFFDABFD
FFFBF63A
FFFFBA9B
FFFDCAA5
FFFC3BFD
FFF8B9ED
FFFEC273
0003027C
FFFFA5DD
00003DC0
FFF94093
FFFFC48F
FFFE6A00
0000494C
00010362
0000B284
000199E4
0001A1CE
FFFDD145
00012B5D
0001EAA8
FFFF766C
00005B7A
FFFADDA7
00010B71
FFFFB53F
FFFDA786
00028328
FFFCFCC8
FFFE25ED
FFFD089E
FFFC81C8
000083DF
0000410B
00013978
FFFEEEBC
FFFCA6E5
0000B92D
0001AF2E
00010455
00020BF9
00019D53
00004A51
00017710
FFFF8505
000410D3
00026E56
0000B86D
000106AE
00006495
0001DCD0
0004D32C
FFFD63B9
FFFEB5C3
0002B240
FFFF1678
000229AB
0002DE40
FFFEA2A6
FFFC7B04
FFFDA0E3
0001F613
00050438
FFFF2E66
FFFEF5AF
00059BD2
00002CDB
0000341C
FFFFEE4D
0000905B
00004F45
0001F28D
00047077
00021508
0001378C
FFFDD939
0004E409
0001BF2D
FFFE3276
FFFFC185
00017AC9
FFFF50F0
FFFDF066
00003117
0001BD0E
FFFE48A2
0001AD7D
0002BCF6
0004E623
0001C428
0004755E
00017FFD
00014DD4
000393A9
FFFB11D9
FFFEC114
FFFC5D9C
0000DA8C
000165D9
000059FD
FFFFDC79
FFFC0521
00006858
0001AAA7
FFFFB637
FFFF9DDA
00011BF8
000557CB
FFFF2CCD
000031DE
00006893
FFFC6973
FFFB97CF
FFFA1500
FFFC55EA
FFFAC11B
FFFEB9AC
FFF9C395
0000809D
FFFCA243
FFFB016D
FFFE2F1E
0000FC9E
00014C26
FFFED9E6
0005C0F3
00023DA5
00018D84
0001B502
FFFDC70B
0000C43E
FFFDC887
FFFD71F0
FFFC5B55
FFFEF342
FFFFAE25
0003279C
000015CF
FFFD73E0
00038EF3
FFFE5AF3
FFFF0344
0003BEA1
0000F37D
FFFF9BFC
FFFDACD9
FFFE73CD
0002B725
FFFF6A20
000218C0
0000FD81
FFFAEFD9
00001186
FFFFBE2E
0000CB60
FFFD301D
FFFBEA53
FFFEC596
0000665F
000171BB
0001D7A5
0005E5E9
FFFE76CF
0004D572
00043115
0003ABA8
FFF9E56E
FFFEA2FA
FFFEF8BA
FFFF41EC
FFFA3117
FFFEC225
FFFEBBE1
FFFF89F4
FFFEC7D1
FFFD23DE
FFFAE65D
0000ABE9
000404F7
FFFD7D85
0000A6B2
FFFF4D2A
FFFF6043
0002A459
00020313
0000A2E4
0000D157
0002F425
FFFDCA3F
FFFD1893
FFFEF033
FFFF24BA
0003AF0C
0003BEE8
00017023
00019BE3
0005799E
00025581
FFFF2746
0001739F
0003398D
00018C9B
FFFEF028
FFFB985C
FFFE40B2
FFFB0B65
FFFE4112
FFFE687F
000016E7
FFFE244B
FFFA48E1
FFFDF6FA
00013F93
FFFD7966
0000A5E1
FFFD9DD8
00001547
00001371
0001D450
0003BBF4
000220F6
FFFE8B10
FFFEC25B
0001B88F
FFFEC83C
FFFCE7D8
FFFFDE19
0000D0AF
FFFD8229
00032900
FFFF9851
0000F3A4
FFFD9F57
00023191
FFFF2950
FFFD6CE9
FFFF2EA1
FFFDB5DD
FFFB197A
FFFC210F
FFFF00AC
FFFD90FE
FFFF677A
FFFF27E2
FFFB97E4
FFFFA4AD
FFFDB5D3
FFFFB15E
FFFF245A
00004F64
FFFF6F39
FFFB521F
00013553
0002442C
0000E793
FFFFF3FA
FFFF1A67
000295FA
FFFD3D00
FFFF850A
FFFB4F7D
0002323C
FFFF2356
00000641
000097AE
FFFD1AE0
0001D816
00016CE2
FFFFB586
0001210A
FFFFD171
FFFFCE0B
000120B7
FFFE5D91
FFFE25B2
000283FE
0003257A
FFFFD41F
000087A4
0002652C
00003662
FFFDE4FD
00001788
00029F59
FFFE47D0
FFFC000D
FFFE0D3A
FFFBDEE1
FFFBF029
FFFFB587
FFFC9648
000004B6
FFFF5242
FFF9E1BC
FFFFAAE9
FFFCCD5D
00035E31
FFFFD21E
FFFC221A
FFFFEEF6
0001D331
000364BE
FFFDF637
000470F3
0003F321
00014A99
FFFFFAAB
FFFF0208
FFFFF977
00022ECE
00024E8E
000050DA
FFFF8351
0000EC9A
FFFFB696
FFFFA942
0000C6A4
FFFE6350
00014A71
00026220
FFFDA554
FFFFEF89
0000ECC5
0005470F
000043AD
FFFDCD2E
FFFF08A4
0000A50A
0000F86A
0001B7CB
FFFEB3AD
00017C50
0002C570
FFFE8F80
0000B0C2
00043F96
0000AC1A
FFFCA4E8
FFFF680A
0003AD8E
FFFF10B0
FFFEF6B0
FFFC4115
0002938E
FFFF1461
FFFDC0A3
FFFE9208
FFFC00F9
00009D5F
00008A22
FFFD9F54
FFFFBA45
FFFE3395
FFFD1FDB
FFFD9C16
FFFD1501
0000CD42
0002B795
FFFE4429
FFFF04E7
00000A22
FFFF01E0
FFFEFF9B
00010B31
FFFDE1CF
0002E452
FFFE04A2
0003D44E
0002A40E
FFFEAF71
000336E0
0000742A
FFFDDC2F
FFFFBBD1
00021AAB
00017D5D
FFFD6381
FFFF92EB
0000B780
0001B150
000231D7
0003122D
0002130A
0002D2DB
0002EFCE
0001A62E
0002D67C
0004B2F6
FFFE647F
FFFE9AF5
000042C3
FFFFF780
FFFC3CC9
FFFC84F5
0001BD8A
FFFE7EB7
0001927A
FFFDA877
FFFE1590
FFFCDB6F
FFFFACB9
FFFFAC97
0001162B
0004C6B4
FFFAB8E7
0003442B
FFFE4AEA
FFFFAEAC
FFFFE9EA
00033D76
0001FD77
FFFCCC69
FFFD2E21
0003E4B9
FFFF251E
0003D558
00005E75
FFFD36CF
00017B82
FFFE363B
FFFFD090
FFFF39F5
0000DBCA
FFFEC45C
0001BDFB
0001DC08
FFFEF9BA
FFFE8D86
FFFC124B
FFFECBDE
FFFEC5AE
FFFE02E0
FFFE3131
FFFE52BA
FFFFC095
FFFF59FF
FFFF14D1
00006FC6
00030555
000237E1
FFFDECBC
FFFEB3A4
0001278A
FFFFD496
0000B427
00011FCD
0003A885
0000F862
FFFEB8FF
FFFFF6AD
000262B8
00003291
0002E86C
0002ED90
FFFFA87C
FFFCA8D9
FFFDF8CC
FFFE1FAC
00046A45
00026991
0000972E
FFFF44F9
FFFD410A
000324EF
00007CE6
FFFEC6C8
FFFE6294
000086C9
FFFD9BEF
00021105
0001C7C2
00026C60
FFFD49BE
FFFE75AA
FFFE34D0
FFFEFCEB
FFFC9903
FFFEE9FA
FFFD4F59
FFFEF1F3
FFFFA8EC
00021709
0000472E
FFFDDAC1
00061911
FFFDC94B
FFFEADD2
0002FC18
FFFEEFF2
FFFEBF29
FFFE29EC
FFFFB081
000267DF
0003FF3D
00026A70
FFFD9DF1
0002B119
00011D26
FFFECC99
00033BA5
FFFDAD9A
0001401A
0003F36C
00036E70
FFFDFF65
FFFFE635
FFFE722A
FFFF06ED
0001E970
0001D732
00010517
FFFFAC68
000046E8
0002345B
0000FE68
00047C3C
00033580
00001D29
000340AC
FFFD02D4
00035BAC
000095EB
FFFF54EB
FFFF3008
0000D6F6
FFFEB168
FFFE174E
0001FC60
FFFF0492
000270E5
0002EB42
0002716E
FFFF2D6F
00004E37
0002646D
00000116
000172AD
0000B5DB
00014DAE
00022199
00013275
FFFF126B
0002B8EB
FFFE4456
FFFD376F
FFFF59A5
FFFF8D24
0004B66C
FFFCEB95
0003250E
0000F18D
FFFE0BD5
00033CF9
00004FFB
0002B354
0001D57F
0000E20E
00002C53
0000591B
000229B5
00022285
00006CF4
FFFF13C8
00009E68
00001B09
0004C038
0000B5A2
FFFFDD7E
000064BF
FFFF4595
FFFED7F2
0002A87F
00005991
FFFDC162
00024381
00009115
00011DD9
0000E4B3
FFFEA362
FFFE62CF
FFFE9EFC
FFFD6335
FFFF5EF3
0000A525
FFFF6D98
FFFED9BD
FFFD174D
FFFDE0E1
FFFEA1EA
FFFD89D6
FFFD2AF8
FFFF4299
FFFD30D2
FFFE38DF
0001ACB9
FFFDA850
FFFE3953
000365AF
FFFD0E84
0001F02F
FFFD8F23
FFFFCB37
00000A23
FFFD48CE
00011EEA
0001CD6A
FFFDB93F
FFFE2DB4
00020F93
FFFE6764
0001FFBE
FFFE55B6
FFFE0025
FFFF3DD5
00003CE5
FFFFBA98
00014537
0001B6B2
FFFF2785
FFFFE25C
FFFC9977
FFFFE048
0001CAAC
0002E6AA
0003B253
FFFFFE8B
FFFDEEA1
0000A869
FFFE0C7B
000089A1
00032F3A
FFFDEC40
0000292A
00004105
FFFD4169
FFFDBFC3
00034F72
FFFEA480
FFFCDAF8
000242C1
FFFD8DD0
FFFDDAC0
FFFEC67A
0003445D
00042264
FFFE1EB1
FFFEA533
FFFE3984
000269B5
0001E194
FFFF2B14
FFFFB86D
0001D40B
FFFF4E9B
FFFB17CF
0002409B
0004FD9A
FFFEC885
000048A7
00004F21
FFFE75F2
00009393
FFFAF741
FFFF28EB
FFFF7B11
0002CBEE
FFFD77D3
00016F69
00010833
FFFDA2F3
FFFEAFB9
FFFF8E2D
0000EAA3
FFFDDD5E
FFFBBF48
FFFE01D9
FFFE06D0
FFFE52D3
0003B96E
0000E3CC
0000629D
FFFDCA16
FFFFCCD7
FFFDA393
FFFE9935
FFFE1B9F
00028EF2
00028041
00033AEA
000166DF
FFFE3951
0000CB6E
FFFD15AF
FFFE9A3F
FFFEFE1E
FFFC0842
FFFE8ACB
FFFF776F
FFFE516A
0002BFA9
00013177
FFFE045B
FFFF7F53
FFFE912C
00010109
FFFE95AC
FFFE8963
000157DD
0002F64D
FFFE6C74
FFFF6686
0000B9D7
FFFD98D5
0004B64B
000192A7
FFFDD3D8
FFFB40F4
FFFB0B01
FFFED185
00004177
00009B96
FFFE6723
00027A04
FFFA668E
0001D316
FFFE3240
FFFF17E3
FFFD2E28
0002A07C
FFFC5976
0000BAA8
00037763
000092F3
0001BDD4
00016FF6
FFFE6E37
FFFD80EA
00035951
00000B4E
FFFE06AE
FFFB7AA3
00039E84
FFFEDB29
FFFEF5E3
FFFE1A33
FFFE2050
0000225C
0004F136
00013F76
0002D16C
0000185E
FFFD0CD8
FFFE754C
FFFE3890
00012E00
FFFCCCA1
0000DC87
FFFDC48A
FFFD1F41
FFFD004F
0003194F
FFFFA1F0
00034BDF
0004E721
00079C3F
FFFEE566
0003C365
00006C42
00026E4B
FFFCFF19
FFFF2EAD
FFFC621C
0000F1F0
FFF9213D
FFFD1F5A
00006DAB
00031D6C
FFFD9E34
0001A660
0002094E
FFFF3D75
00049D34
FFFDA64D
00030242
FFFDC300
0002A01A
0001CF79
FFFBBFF8
0000B8AD
FFFD4BC3
00007701
FFFC6163
0002A3E3
FFFD255C
FFFF3468
0000F966
00004BAC
0002764D
0002DE81
FFFE5B66
FFFAA158
FFFF2AE1
FFFDD4FE
FFFED1DE
0002FB11
000024CF
FFFFD57B
0001551C
FFFE0118
0002CD36
FFFED254
FFFE064B
FFFEF09E
FFFF5518
000079CD
FFFD8F52
FFFCAC8B
FFFF098D
FFFFE24D
0001DD3F
FFFE8FC2
0000BD88
0000AAFF
FFFE8959
000043A8
0001B307
00012656
FFFEE817
00021E7B
000180EC
FFFF5445
0002C856
FFFF4B6A
FFFF16D3
0000BDC7
FFFDDD90
FFFB9F94
0003536C
00014D1F
FFFD8C5C
FFFF820C
0001683E
FFFD474E
00013779
000120FE
FFFFBEF0
00029ED2
0003DBDC
00010BDE
000102B1
00000729
FFFF57AF
FFFF36BF
0002114E
000016FB
00020380
FFFE3659
00025356
0000AB78
FFFEB404
FFFECDF8
FFFE6ED3
000190D0
FFFDE8BB
FFFE5271
00021E28
FFFF5EE3
00014D09
FFFF6A39
0000285A
FFFB7116
000188A1
00023442
FFFD5CA6
FFFBCED0
00038199
FFFD8BA7
FFFD95AD
FFFE7DD3
FFFCB105
000126E9
FFFD984A
FFFFE74F
00033C07
00024E88
FFFD6A1E
FFFEA12D
FFFC70EA
FFFF66DB
00005AE9
FFFEC688
FFFFA264
FFFF15BF
FFFFF4EA
0000F436
FFFE2968
0002D994
FFFD2076
0002D3E7
0002BE68
FFFF95E4
00034133
000348FC
FFFD51B4
0000AAEA
0000027E
00015B39
00023BED
FFFF3BC7
00015A33
00001E10
FFFCC7B2
00021ECD
00020037
000074D9
FFFFB85B
FFFE08A0
0001A7E9
FFFE54E4
00020DD0
FFFF2685
FFFE8EB8
FFFD9F71
FFFE998D
000238BF
0000B56B
0001A8C4
00025B4B
00030B5A
FFFFB327
FFFFED5B
FFFEB8ED
FFFDF253
0000BEB1
0000920E
000231F8
FFFB826F
FFFD8A3A
FFFF3EB9
0001583E
FFFEBFD0
FFFE5060
00024420
FFFEA338
0000FFFE
00032DED
00023A5E
0002E540
00028D08
FFFE2646
000123D2
000284DB
FFFEB7B8
000309A5
0000E9CC
0000B96C
00018723
FFFF0DF4
0000C288
0000B24C
FFFEB0A6
FFFF99F5
00006DE5
FFFF9117
0001CBF2
FFFFB52A
FFFDD837
FFFE3E59
FFFDA2DD
FFFF8539
FFFE6FE4
0002D745
FFFDDC6C
00010149
FFFFACA6
0001CA6E
0001641D
FFFCFE43
FFFF5D57
0000D3F2
0001C9AF
FFFD1E9F
FFFE1495
FFFF4019
FFFEE80C
FFFE4113
FFFFDC44
FFFF349D
00010E03
0000AE16
0000C964
FFFF8406
FFFE4788
0001D0B4
FFFFA1BB
00007599
FFFDF009
00026B62
00010D4B
0000698F
FFFFB325
FFFD524E
FFFED132
FFFAFBC1
FFFF6BBE
FFFAF262
FFFEB5A2
000164FE
FFFC1DFB
FFFE1AFE
00008244
FFFCACE5
00021F09
0000E488
00012348
0000EB41
0001C907
00038DB7
00022AE2
FFFDE43F
0001C290
FFFEE3CE
0000B0AF
FFFE6362
FFFFBC56
0000D2AB
FFFD9CD1
FFFEF44B
FFFFA058
FFFC41C3
0002462B
00022712
FFFE738D
0001647E
FFFF17E7
0000B333
00026877
00027FBF
FFFEA1DE
FFFD9BC4
0000F5D4
0005C792
FFFE5F11
0000F9AE
00020E1F
00018D82
FFFFEFA4
0004D489
0000AD61
FFFF70EF
0000B4B1
FFFE6DA8
000021D9
FFFE5BB9
FFFE1176
FFFEEA44
FFFF4033
000009CF
FFFE42FC
0000173C
0000C17B
0001DE1B
FFFE2F64
FFFF8A39
FFFE8AE1
0000DE7C
FFFE90FA
FFFFF7B8
0000BC08
FFFD9D63
FFFF5667
00022ADA
000137BF
000313A6
0001119B
0002DB4F
00004220
0000300C
FFFE6195
000072B8
FFFFFC1F
FFFFBC15
FFFFEF63
FFFFC4FD
FFFF2C28
0000B120
00006AFA
FFFE8EC2
FFFB384C
FFFDDCA0
FFFC6B75
0001E7FE
FFFFD303
00022BCD
000128EF
FFFE5A87
0000AB92
00024043
00016BF9
0001CC72
FFFF5D71
FFFF90A9
FFFE6871
000058BD
000126B2
0000BD4E
FFFCEFCC
FFFFFE12
FFFE2E02
FFFF2AB5
000038EC
00012660
FFFF28D1
FFFF5232
FFFEF8EC
00028054
00033643
000146C9
000314B8
FFFDE52F
00046472
FFFFA1FB
0001F1CC
FFFEE0B9
FFFE2290
0001B3E3
00026175
00002F61
0001A98C
00001695
FFFEA3CE
FFFE53FA
FFFFE66E
00012C67
FFFECFFD
FFFE5CD1
0000D841
FFFD55BF
00016B99
00027985
0001E5B8
00011673
FFFFD444
FFFBCC9D
FFFF9EC5
0003B8B4
FFFD1049
FFFEB759
00021DCB
FFFE4DC1
00006BA4
FFFF1EB6
FFFC65FF
FFFFB9C1
FFFD538F
FFFF6307
000184D5
00007726
FFFEF775
FFFF8207
FFFF85F1
FFFF788A
00013859
0001B8AD
00009963
FFFFE606
0001A316
FFFE75D4
00000016
00027CD1
FFFE73B7
0001F187
0000C06C
FFFE893D
0000DE5E
FFFE0967
0001C97E
FFFF2F7F
FFFF492C
FFFEAD34
00027893
00021FD6
FFFF5102
00001B89
0000729D
FFFB4521
FFFCB247
00015E9D
FFFB9584
FFFE39FB
FFFEC744
FFFCB830
FFFE43F0
FFFDEF06
0001AA8D
FFFED58A
0001B056
FFFC27B8
0002EB7A
FFFDBEA7
0001DE16
00029B36
FFFEC6FA
000225CE
FFFE21A6
00019016
000422F4
0001A131
00001DD8
FFFD3797
FFFE4F13
FFFC44F3
FFFF76FC
FFFD3382
FFFDC5B1
FFFE3EFB
FFFC8268
FFFD8F8B
FFFEF706
0000F49C
FFFC1F92
FFFD8FC5
0001E5BF
0000BBFD
0002C52E
00018F97
FFFF471C
00006C1E
FFFF7CC3
FFFE3C98
0000F86F
000089B2
FFFFBE99
000444DA
00012EB0
FFFD969B
FFFFBE69
000132F0
FFFE1281
0000F291
0001284F
FFFC9910
0002FC58
FFFF912E
FFFFDB4D
FFFF0B70
0000C938
00024818
FFFF6E19
FFFF481E
FFFF8B71
0002957E
0002782A
00008919
FFFE9A60
00000265
000099FC
0003A2E0
FFFE03D5
0001E0E9
00002DB8
FFFED692
FFFD93C3
000320B6
FFFF4114
FFFF9D6F
FFFBA993
0000ADF7
FFFE565F
FFFBF677
000347C1
FFFD4F48
FFFF9E9E
FFFF69E0
0003721C
00030166
00009142
00047686
00032F92
FFFF0B7A
FFFE7153
0002391C
FFFE6C02
FFFF437A
FFFDE974
FFFDEC57
0000CF31
FFFFCBCE
FFFE3CDA
FFFE8176
FFFEB33F
FFFF20F5
00007B15
0001B20F
0000003E
000229D8
0001960C
FFFFD48D
FFFFD717
FFFEAD3F
0000462E
0000C2DD
000194DF
FFFFAB3F
0000E654
FFFE6BA7
000060B1
0000DAD3
FFFF16D9
0000BB44
000123E6
FFFE9AB3
00002B7C
FFFDBE85
000255A2
FFFED06B
FFFC5292
000150C6
00025A88
00021BFA
00009078
FFFFA422
FFFFBF57
FFFF4C8C
00036FD0
FFFE2678
0002C4A5
00025928
0000510A
0002CA79
000301A1
00010A12
00031E42
00007002
FFFF4845
00015E25
FFFEE24F
0002F606
FFFD4BAD
000029E2
00026CE4
FFFEAC0C
FFFFE379
0001B56D
FFFDA528
0001E029
FFFE9F07
000246E1
00005F03
0001FE28
FFFDFB2F
FFFF92E3
FFFF72FC
00039F8E
FFFFB7DA
FFFEA6CA
FFFE8D0C
FFFEC9C4
00028F76
FFFF6CF7
00041322
000141B6
0000AA5B
00021465
FFFE54EA
FFFF43EC
FFFE2E1E
00018F4F
00017741
00008666
00002042
FFFECD43
FFFF742C
FFFD8234
0002D254
FFFEF326
FFFD5D16
00002A96
FFFEE806
FFFE8197
0001AB5B
FFFF73FD
0002C193
FFFF6C56
0002C2BC
0001F8F6
0001C0C6
0002FEA1
FFFFBD56
000412CB
00022AB4
FFFC6236
00006C87
FFFF00C9
FFFDB573
FFFDF638
FFFEE43D
0002BE40
FFFDCFA0
0000F400
FFFF7522
00027EE1
00018195
00021A83
FFFF3D87
0000B8F9
0000C5EF
FFFF9717
FFFCCC6B
FFFD0C4B
FFFD578A
FFFD5535
FFFDB96C
00014737
FFFEAA65
FFFAEB25
0000B836
FFFD217A
0001A437
FFFE156A
0002328F
FFFE75AD
FFFEC9F7
000254F3
0001D527
000209E2
00043A76
0002D735
000243DD
0002D8FD
FFFFAA60
0002EB66
00028D59
FFFFC52A
000058CC
FFFCE485
00003FA3
00009A61
FFFDBD32
FFFC8572
FFFBFAED
FFFEFCBA
0001430B
FFFC1162
0001835B
FFFDD9A1
FFFEC334
FFFF9C5B
00034D88
FFFE6805
FFFC8187
0004683D
FFFDCB20
00021CCC
FFFEE23E
FFFF3510
00059D3E
00001398
00021856
0002374C
FFFFD744
FFFFE8AE
FFFF4C5A
FFFD8426
FFFEBE5D
0000E941
00024F03
FFFF9ED2
FFFE29B3
FFFE4D05
0000678D
FFFC6FD1
FFFCF2A4
FFFD74B2
FFFB6596
00015EB7
FFFB0C1B
FFFBBF10
FFFE3217
FFFF58ED
FFFFDC63
FFFCAE64
FFFFA654
00020067
FFFF06F6
00000212
000116AF
FFFC703D
FFFC3E86
FFFE509A
0001505E
FFFEAFAC
FFFCE6CF
FFFD623E
FFFEFFEC
0002C9F0
0000A0CC
0002740A
FFFBDAB9
FFFC68EC
00019825
FFFDD5A8
00037DB1
0003F77D
0001ECD3
0000F89B
00019202
FFFE191D
FFFF1A2D
FFFEEC9F
0002B18C
000369C9
0001628C
FFFE9017
FFFD1B84
FFFFC9C8
00003101
00003CDC
FFFE0706
0001ED84
FFFDFD3E
0001F958
00014719
00020EC6
FFFF7E4B
FFFF751A
FFFEAE40
FFFC6F4C
FFFF255C
FFFBAE94
00010F73
FFFE7AD3
FFFA8AB1
FFFE9E23
FFFEC329
FFFC9781
FFFEB923
0001134D
FFFE955B
FFFF4166
FFFF2CEE
FFFF3DA3
FFFD8F8C
FFFC2D33
FFFE3F83
FFFFE4C7
FFFE71F2
00005740
000002DB
FFFB0672
FFFCD25F
FFFF5C23
FFFF43CD
FFFDBD42
FFFED540
00049BFA
FFFDFC5D
000113A6
FFFF2106
FFFADECB
FFFE9C26
0002563C
0002A138
0002EA6A
00008656
0002DAA1
FFFFA957
0000D6C8
0002C67E
FFFE2B89
FFFDD261
FFFF5D90
00009CE1
0002975A
00035D4B
00014817
FFFF87B3
00037EA7
0002A353
FFFF2EEB
FFFEE773
FFFF9D28
00004A17
FFFFE441
0000F7EF
FFFDF7B1
FFFCDD2D
FFFCDC7D
0002C0F6
FFFCD012
00005961
0001F714
0002B9D2
000436C3
FFFFC061
FFFDDEBE
00010759
000032C2
000278EE
FFFC886B
00015101
0002502F
FFFD49B1
FFFF32C4
FFFEA359
00005DFF
FFFBDF81
00018101
FFFB5045
FFFC9257
FFFF74A1
FFFD2A02
FFFF6014
FFFC91EB
FFFD9A3F
000129AC
0004DCB8
0001560F
FFFEFFC3
00068E7A
0002C45E
FFFFA4CE
FFFEBC61
FFFFFDE4
0001932B
FFFF8AB1
FFFEB2FE
FFFF15CF
0000E79E
FFFD3B88
FFFCF932
FFFF7141
FFFEFDC7
00004AE5
0001C8B9
FFFFB8A4
0001E0E1
FFFF46A0
FFFC5B64
0002EE52
FFFE275E
FFFE4B51
000046CD
000259D5
FFFF4E72
FFFBF3C9
00032650
FFFDA21B
FFFF66A7
000302A8
FFFFFA79
0002ACB5
0000E90A
00015890
FFFFEC71
FFFFBC98
FFFE1C0B
0001F185
000266DB
FFFFF00F
FFFFB9DB
00059A7A
00000627
FFFCD6E8
FFFEDC63
00021241
0001DC39
00035D65
FFFE5F02
00023625
0000806B
FFFFC199
FFFE058C
00000723
00017FD6
FFFE7946
0002B885
00004940
000182C9
FFFF4EA0
FFFDC2B4
FFFD7111
0000EFFC
FFFEB189
0002F904
00019822
0001AFEE
FFFC9149
FFFE26AE
FFFDF6F9
0000D16D
FFFD6F3B
000188D6
0000610D
FFFF05FE
FFFD9305
0000FC26
0000364C
00012976
FFFF7B7E
FFFDDBE7
00019142
000090A6
000202C5
0000FC1C
FFFB8664
00000EB1
00006EB6
FFFF78B9
FFFD42C0
00017AA0
FFFDDD48
FFFF7D6D
0000F552
0001CD50
FFFEACDF
000019C4
FFFE4678
FFFB73D9
FFFF6884
FFFD6062
00023B69
FFFEA0EC
0003EF4C
00012E8E
0004616A
FFFF0EEF
FFFD86E9
FFFECC2C
FFFFD8E3
00005547
FFFFBED2
0001863D
00024410
0001BD40
000114E3
00005799
FFFF6950
FFFEFB6A
00017A9F
00015788
00018485
FFFF2217
000102C7
00035F8D
FFFF1AE7
00052AA7
FFFF5D25
FFFF8D76
FFFFF1F6
00013E96
FFFE762F
FFFB3295
00010CF5
FFF8CC43
FFFCF6E7
00019A47
0001172A
FFFBF5F6
FFFDF82D
0001ECCB
FFFDCE76
FFFF62B5
00018135
FFFF2809
FFFCD4F4
FFFD320C
0002FC4F
FFFCE02E
FFFE4FFB
FFFD056C
0003249B
FFFF1161
0000432E
00021E34
0002874A
0001C7FA
FFFFE292
0003E8EC
000093ED
00006291
FFFC9227
FFFBB2D5
FFFF3C46
000360F1
00008015
0000896C
FFFE423B
00033B43
0002B7D4
0004A342
0001F3C1
0002A9C3
0002C120
0005A0C7
FFFE3317
00037F97
FFFBF29D
FFFD1A7B
FFFEDEF5
FFFDF567
FFFE1BFA
0000D302
FFFF4D0D
0003265C
0000942F
00011BC4
00030A03
FFFFF21E
0000FF61
FFFED0D6
FFFD35A9
00030ADB
00004357
FFFF21CE
000032D6
000403C8
0002C592
000040A2
FFFEBEB9
00019D32
FFFE9580
00022F03
00028884
0001884C
FFFFC241
FFFDA93F
FFFE45DC
FFFC44C5
00004DBA
FFFFB58E
FFFE00C4
FFFE777D
0000A2B1
FFFD1283
0003131C
0000B169
FFFE2F0B
FFFF6F6C
FFFF1915
0000E295
FFFD54C0
FFFC50EB
00007148
000063BB
FFFB09C4
FFFFD392
FFFD3E97
FFFCC117
FFFE2F2B
FFFC6318
FFFFD5FD
0000A257
FFFDBB34
FFFF7858
000163C7
FFFD816C
FFFD8AC8
FFFF0827
FFFE9FC3
0004D733
00023FDF
FFFF94C4
000252E8
00029538
0002ED68
0001A379
000370B2
00016894
FFFECF50
00031E7A
0000981D
000056EE
000021C8
000071B8
000096FA
00002D11
0003F6A2
0001CE3B
0001326C
00005EC7
FFFD81FC
00052E2D
0002F6A2
0001C754
0001BACF
FFFC4163
FFFF06F4
FFFF3676
0001C1EB
FFFE862E
00005635
FFFF341C
0000881E
FFFC3AF4
FFFE9EA1
0001885F
FFFFEB93
00011D75
0002FC6D
00008AB2
FFFEFC9A
0001F5FB
00004EE4
0001F5EC
FFFDC0DF
FFFEF11B
FFFFBF3C
0000AA92
000074BB
000103C5
00010099
0000569A
00007BBC
FFFE4339
00039DCC
FFFF2A04
FFFD93A3
0002D1A4
0002F028
FFFE1760
00005208
00000A56
0005D00A
00009840
FFFFEF87
00044C9F
0002F1D1
0000B04F
00036E05
00010370
FFFF0700
FFFDB1AB
00032D68
FFFDBF24
00030537
00002E57
00004674
FFFF67DD
000294AB
00008A3C
FFFEE201
00024AED
0003E48F
FFFD0C2D
00024D22
FFFF457A
FFFD9F8D
FFFEACB3
FFFD5C3F
000366B3
0001DEF1
FFFF6A60
FFFE201D
0001323F
FFFEA486
FFFD2F31
00041AB4
00033ACA
00051510
000296AE
0002AD4B
FFFFA994
00042C89
0000FF69
00012715
FFFF7102
00008524
FFFE5833
FFFFA0CE
0001B85F
0000729F
000067D2
00004E3C
FFFF9DA2
0000C4F3
FFFEDAB7
FFFFA6CF
FFFD5A4C
FFFCD4E6
FFFF278C
FFFF3240
0000DC59
FFFEF3BC
FFFE90A2
FFFD5C1D
00015A73
FFFF342C
FFFF0619
FFFCE2E2
FFFDF454
FFFD96B9
00003FB1
FFFE086A
FFFF650B
FFFF649F
0001D9A4
FFFDE33A
FFFFA7D1
0002081D
FFFDE3DB
FFFDB9DD
00006B2C
00009E2C
FFFF4B29
00005C89
FFFFFFC5
FFFD0542
FFFEFAE5
0001862A
FFFFB8A9
FFFF71E4
0001DC26
00000C12
0003081E
FFFDC9E9
FFFD7E4C
FFFF862D
FFFDDA25
FFFDA6E7
00025B62
00014F07
FFFE2B40
FFFFDBFC
00003F5B
FFFEE69A
00029A2D
00015743
FFFFCE9A
FFFEFB3F
0000D793
00007698
FFFCA019
FFFBE524
FFFE5612
FFFFAB17
FFFD8D58
0000360D
0000F452
FFFC1350
00014B05
FFFFF3F1
FFFFF671
FFFF2961
0001D506
FFFFB5C2
FFFDAC63
000056F4
00038102
00015938
0000CB4E
FFFDF7C0
0001B48A
FFFF5804
FFFF0DCE
FFFDDCEB
00019B00
FFFC9B3A
0000051E
00021F3F
0002E425
0002193E
00003E57
0000ED9B
FFFF0C44
0000121C
0002970A
0001B251
FFFDF5CC
FFFD925C
FFFDBD18
FFFEE9AB
FFFD6936
00004575
FFFFBCA7
000068CC
FFFFA802
FFFE5807
FFFCB871
FFFC52E8
00008CA3
FFFFB963
FFFF0CB0
00005B62
0000E462
FFFF499B
0000872C
00015726
00038707
00011A8F
FFFF833B
FFFD3795
FFFC2ADE
FFFCF8FF
FFFD0D27
FFFE5705
FFFD0CA9
0000A08D
0000145C
FFFBCD63
0000AFB1
000035D3
00012C5A
FFFC8457
FFFE13F6
FFFDC9FD
FFFF8284
00008EAD
FFFE6823
FFFE215F
FFFEB346
FFFCC566
FFFC8CCC
FFFCDC99
0001996E
FFFF666C
0000554C
FFFDB49E
FFFF0F1D
00008C03
FFFF093A
000209BF
0001B790
000056E2
0002DD35
0004FF12
00023725
0001EFF3
000098BD
FFFCCBC0
FFFD2839
FFFEB495
0001521C
00024C04
0003835A
FFFE080E
000096B3
000306AB
0000B036
0000D11D
FFFDD0CF
FFFF51DE
000254F2
0003372F
00000729
00022B98
0002D93B
FFFFF23A
00005FEA
0001E3C4
FFFE638F
FFFCAFA2
FFFD6AB8
FFFD049D
00010B6A
00012B7F
FFFE545A
00001578
FFFF6B44
FFFC2587
FFFD27CB
FFFCF362
FFFF0AD3
0000EA2B
00016E16
FFFCF8EB
0002FC01
00013D94
FFFF0296
0001ED79
FFFD94B8
FFFE5CB8
000153A1
000103EB
FFFF15E9
000278BB
FFFFB4B1
FFFE6861
00029E1E
FFFFD1CF
00023D89
0002B5F5
FFFE8877
FFFE7618
FFFF1972
000029C0
00006C2E
FFFFEFE5
FFFCC9C7
FFFD057A
00004CE2
FFFE1FF0
FFFD8175
FFFCD14D
FFFCD9BC
0001012B
00027B94
0002C5C0
0000D813
00011583
00008D56
FFFE2B01
FFFF662A
FFFFED19
00008EE0
00018578
00012DEB
0001E682
0000331B
0001F9A7
0000A924
FFFED612
00003428
FFFF2712
00003BBC
0000E10E
00016C09
FFFE5363
FFFFD88B
000752A7
00044526
00050B37
00038499
00041EA8
00012AC0
0003478F
0003EF54
00015AD4
00042FF1
FFFE128B
000040A9
FFFFBBCE
FFFF643C
0001250D
0004791A
FFFE424A
00018E3E
FFFD464C
FFFF8F56
00015834
000369D6
0000EF2F
0002721E
FFFE8A10
FFFF4374
00046B61
0002D369
00005F62
0001644E
00008CDD
00012D62
00023E58
000301C4
0001437F
FFFDB208
FFFF39D9
00018AD2
00027E72
00004345
00019269
0000F8ED
0002CBB1
FFFFAF73
00023B0F
00007CEF
FFFE9E23
00033DC7
FFFD4357
FFFDD7EC
FFFF10A7
0001A84A
FFFE8401
00006D88
FFFEBC8D
0001D26A
00032454
00028600
FFFC74AC
0001A2B9
FFFF9D3E
FFFEBB55
000073A7
FFFF9035
00016859
0000EEC2
FFFEFDBC
FFFE5250
FFFD56F3
0000E326
FFFF104B
FFFF637E
FFFEE5E1
FFFE383F
00000154
00048747
FFFF3D09
FFFF64F1
00008B8E
000077C5
00045789
000050EC
FFFD6FD5
0002B5F0
0000C662
0000C9E8
00019C81
000353B5
00009F1F
FFFCA8B9
0000BF79
00005CC6
00025069
FFFDB62B
FFFB7DE0
FFFFCE5C
00023CF6
FFFF16DC
000169A7
FFFF95A0
000268ED
0000C028
FFFCF0B7
FFFDD4FD
0001240F
FFFEBB86
FFFEB996
00003597
FFFD9865
FFFD6B6E
000365B2
000373A6
FFFEFD73
0001FB84
00016CB8
FFFD7D9F
0000AA97
FFFD887D
FFFF215A
00017943
0004311E
FFFFCA80
0001EA42
FFFFC9F9
FFFF935B
000191A5
FFFE4F6E
FFFFBF49
FFFEE4D7
FFFBCFF1
0000064D
FFFE5115
FFFE9B92
FFFEE5AB
FFFCC02B
00016B10
FFFE11A3
00040908
FFFE68F4
FFFF2650
FFFC3A88
0000DC02
00006F9C
0000B56E
FFFE064C
00026507
0000DF6D
FFFEF7A1
FFFF2A8F
FFFF68C4
00021169
FFFDFE24
00033291
FFFECBB5
FFFDC633
00008975
0002C46C
00015135
00016EB3
00020E5A
00012EB9
00024FFB
00003306
00015E8D
FFFFB862
000344E3
FFFF78BD
0000485E
00018DCB
000335D5
FFFE8B3A
0000C0FD
00006DFE
00021295
000060AE
FFFFC16C
FFFF327B
FFFFFA36
FFFFE24D
0000B599
FFFE75B1
FFFE3AA4
FFFF0061
00016D52
FFFDC502
FFFE14E2
FFFDA5F3
00030164
0002F41C
FFFDDB65
FFFDA93B
FFFF9F0E
FFFFC4ED
0002ADB7
00005230
00027DBE
FFFFF1E0
FFFF4BFC
0000C9C8
FFFEAA5A
0000A020
FFFF28CD
FFFE5612
FFFE0E23
FFFDEEB3
FFFE339A
0001AA95
0000B3FB
00014125
0001AA43
FFFE8C9C
FFFEC3E1
00025D15
FFFF762B
00011F62
FFFE7D14
0000F49B
0000F519
FFFD4430
FFFE6731
FFFE4732
0000D9D5
FFFFF0DD
FFFEA6CE
FFFD81C8
FFFD97FA
FFFE704D
FFFE9E2D
000189C9
FFFD0BA9
FFFF7761
FFFEF549
00003B57
FFFED10E
00024B2C
00052459
00001E76
FFFC72AF
FFFEA310
0000D300
00022A98
000324BF
FFFFAE77
FFFF4DF9
00008F02
FFFD289F
FFFD4BDA
0000B23C
FFFFEC43
FFFEF26D
FFFDC61E
0004FEAE
FFFF3E4C
FFFFBD17
FFFE9916
0002D096
00040AB1
00032094
00020BF1
0002A789
0002CD92
FFFCD042
0001FC32
000158BD
00012862
FFFFAE57
00007175
00004EE0
FFFEFF6A
FFFF8280
0000897B
000257A1
0001161B
000040B3
00032524
0000CE97
000020EB
0001F7DF
FFFD5FD0
FFFE78BD
FFFD8EAB
FFFD656A
0002D378
00026BD1
FFFEE665
00018247
FFFF54B5
00001EA2
0000A17B
00035DBE
FFFFD841
00040FAC
00012749
00000DA4
00026307
0000E736
FFFEA0BF
00005A9A
FFFDD3F0
00011368
FFFE916B
FFFE8DB7
FFFEB16B
0001F211
0002EAEB
00006E28
000199D9
FFFFC993
FFFF1A63
0002F54D
00019D1A
FFFF4AD8
FFFE7BE1
0000A8C0
0000DA30
FFFBE91B
FFFE4F9A
0000C594
FFFFE5C7
00011821
FFFE114B
000043B7
00015329
0003483F
00032454
000397E3
0000DFEA
0000EC7F
FFFE5C4D
FFFFC8FA
000004D2
FFFE75E6
FFFDA6F2
FFFDEB11
FFFEEF46
FFFC4BFB
FFFEB548
FFFFE210
FFFFBFF9
FFFC1D9B
000166DF
000212D6
FFFFC1AA
FFFFE756
FFFBCDF8
00011E8B
FFFC1FB7
FFFC5F5B
FFFDA2F7
FFFDED2C
0001941B
FFFEE741
0002033A
0000579E
FFFDC2A3
FFFD4299
FFFED8AC
0003CB3F
FFFF49B0
FFFFE4B1
00021AFD
FFFE7964
00010830
0001EE0A
0001ADA5
FFFCCA27
FFFF1D99
FFFC16CD
0000F98F
FFFABBF3
FFFD714C
00013A4C
FFFD5EB6
FFFE25B3
FFFEE58A
00015EE6
FFFB752E
00010937
00004417
FFFF990C
0002F108
0000262F
FFFD155C
FFFDC6B8
00025BE5
00045BCF
FFFF32E4
FFFFC481
FFFC7588
FFFEDF01
FFFC3DA7
00005D01
000160F8
FFFE6BEB
0002774D
FFFEC1AA
0004F5C6
00000A8D
FFFF4718
FFFE6BAC
FFFCA03D
FFFF3DF0
0001A86A
00013708
FFFE6634
FFFEA88D
FFFDBF3A
000243F1
00021950
FFFE3185
FFFE5CAA
0000952B
FFFEBE38
00026870
000043C7
00016BCF
FFFDE17A
FFFE36BD
0003213E
00027F87
0001C248
00004F20
00008633
00005B46
000210A8
FFFC73B4
000124D7
0002EE2B
FFFE8B80
FFFF9E52
00014882
000165C9
0001472B
FFFDF0C0
0002451A
00013D89
FFFFF86F
FFFECD59
0000CAE1
FFFE1374
FFFE87E8
000344B0
00029A67
0002BA70
00007810
00023B6A
FFFF8BAC
00018615
0000D1A6
FFFF13B0
0003A030
00029582
0002CE99
FFFE8665
0000E08A
0001A95A
00035C03
FFFF9717
0000C615
0002A359
00038536
000084D9
0001095C
FFFFFB3C
FFFE18B9
00008D94
FFFED240
000069B4
0002237A
FFFE1359
0000CA1C
FFFFB552
FFFDE6FA
FFFCE8D6
0000EAF5
0002F5A2
000071C7
FFFE5BA1
FFFECF5F
000316E6
000010DA
FFFC0A10
00002A04
FFFC720A
00029B8F
FFFBD112
FFFDF79D
FFFCCF29
FFFC3AB0
FFFB5806
FFFCBCC5
FFFD3C0A
FFFF8A45
00021038
0001B5B7
000026AA
00031073
FFFEDE9A
FFFEB3CE
FFFC0471
0000F0DE
FFFE3C79
0003BB71
FFFF14D6
000196F0
000360F2
FFFED72D
FFFF38FD
FFFFE52A
0003A347
00005DDC
0004262C
0000F45D
0000677C
00012A0C
FFFF052A
FFFF481E
FFFE7D57
00027C84
FFFF025D
00022809
00011714
0001C327
00025689
000359C0
0000BC87
FFFDC073
0002177D
000154D6
FFFF5406
000457F4
0002D47A
0000B280
00031427
0001F412
0002FB44
FFFF3395
00007962
00025FC8
FFFDD3C5
0000D789
FFFE979F
FFFFEA68
FFFEBE20
00012A02
000278B6
FFFD2A15
0001F58B
FFFD4B58
00023AA0
FFFF1CC9
FFFEF69C
00032FC9
FFFC3346
0003AE7C
0004364F
0000176E
FFFF1D4C
0000B037
0000DD9B
0001A5B1
FFFEA486
FFFE892B
FFFE8742
FFFC8D87
FFFDA3D9
FFFECEE5
FFFDE0C4
000072E2
00048C69
0002466A
0000F953
0000FBC6
00000B23
FFFFE494
000297B0
000358C1
000128CD
FFFF4CC4
000451E5
000406A8
00035344
0003E952
FFFDD59B
00002725
0001E6E9
FFFEC6C2
0000FBF3
0000C69B
FFFEFED1
0000F811
FFFE9807
0001F1C5
FFFB790A
FFFCCBC4
FFFAF0CC
FFFC9AC5
FFFD49CC
FFFDCFCA
FFFDB5C2
FFFF04FE
00005E00
FFFDA0CA
FFFDD454
FFFD4E21
FFFCB70D
FFFFE71A
FFFD5F60
00007AD6
000102C6
FFFCC586
00002302
FFFC8895
FFFE7E8E
FFFB45FF
FFFC5F36
FFFC2F05
FFFE8704
FFFBF49A
FFFCA858
0001FA85
FFFED92C
FFFBAEB4
00023071
00007D2B
000241AD
00047901
FFFFA929
0001CB41
FFFF05FB
0003B765
00018957
0000FE2C
00014323
00023336
00017014
0000E310
FFFFAD07
00019082
0001017C
0002AEF7
FFFEAD2C
FFFB36FB
0001FED8
0002701B
000260C2
FFFECFAE
000108E0
FFFD3C78
FFFF4ED6
FFFF0940
FFFE6F6C
FFFE9066
FFFDD3FE
0001AFA1
FFFE0C89
FFFDA2BF
FFFB920A
0001FD56
00008CFD
0000BA5D
0001EE13
FFFCFF0B
FFFEB5BA
00025AEA
FFFF2EC9
000242C6
FFFD0DF0
00014736
0000024A
000270DA
00022731
FFFDC23A
0000613C
FFFD5E7A
FFFE97B7
FFFE5035
FFFB2068
0000B3C6
FFFC2D3F
00004BB8
FFFEED29
FFFF4B94
FFFF9700
0001A9A2
0001133E
0001DD4D
FFFBB35F
00022D5A
00022C35
00026921
FFFFBA19
FFFC11F5
FFFFF90A
000071CC
FFFCB3F4
FFFFA448
FFFD2098
FFFF17D4
FFFBF16F
FFFF2C5B
FFFE8DA7
0004F597
000282B4
0001FFC9
0000AA26
0000BC64
00030948
00038BAA
0002652E
00031DA7
0000AD20
FFFC387F
FFFFE4C4
0000C168
FFFF833B
00004E49
FFFD0B6B
FFFD4711
FFFEF5F8
00000965
00017708
FFFE22DA
FFFD1F35
00002AF8
00022A1F
FFFEDBA5
00014343
00000E81
00027E47
00013DF7
FFFCC6C9
00027737
FFFDF9F4
FFFECFA1
FFFE1BE0
FFFE1ACB
FFFE5FD4
00028133
FFFF405A
FFFFA1C7
00015088
0001070A
FFFCBE20
FFFB842F
0001F509
0002FF16
FFFD96FD
00015AA0
0003B2C7
00031E33
00032BF8
FFFFA75F
00032656
FFFD9BB1
000002EA
FFFC2C93
FFFC4740
FFFD9D8C
0002BC88
FFFD788C
0000DD07
FFFF8A0F
FFFFBB90
FFFC3118
FFFED3B4
FFFFA413
FFFA9600
0001F697
FFFD0D92
FFFC454A
0001241B
FFFE191C
0001EA13
FFFFAD00
0000F242
000256B5
00040203
000009D9
FFFFDB04
000278E8
0001F501
0002B8E8
0000C888
00003437
FFFF942D
00017A2A
FFFEA680
00005AB4
00002B4A
0000AE6B
FFFC8A30
FFFD8928
FFFD5DC0
FFFD1D25
FFFF2F00
FFFF781F
FFFD8F75
FFFF0F60
0000F500
0001AFDB
FFFF87FD
00003E23
FFFE254F
FFFEC7A6
00033AF1
0000C873
FFFF710C
FFFB5E05
0002499B
FFFAD082
FFFE0322
FFFD091B
FFFE62AB
0001B77F
FFFF7EC5
FFFC2532
FFFD10A7
000025A6
0000FDD9
0000C880
FFFCED3C
000049AA
FFFF9F79
FFFFDA7B
00022B0A
000251D3
FFFC5478
FFFD2161
0001083B
000082A4
FFFFE47F
FFFF81AB
FFFCD072
00017ADB
000379E2
FFFCA950
FFFD7706
FFFE0252
0002AAD7
00005258
FFFE61F3
FFFF1948
FFFF279B
0001AC85
0002000F
FFFE4E79
0002B8E0
00057ACE
00005A25
00038EE3
0004BD01
0003DC2A
0000CB85
FFFB4A5C
FFFE9DED
FFFF90E9
FFF96C22
FFFBCF85
FFFBE794
FFFE2819
FFFA1A29
000138F5
00041D03
00015D36
0006323A
0001ED5F
FFFF52CD
0003C360
0002C352
0006A93D
000268F5
FFFFF46A
00010C3A
FFFAF2E1
0000DF43
FFFF2317
00005C88
00004E7A
FFFAFB67
FFFADD77
FFFF770E
00029527
00019220
00019992
FFFD2F20
FFFB9EE7
FFFCD7F2
00019CF2
00022D5B
00009DAF
000247D9
FFFD82B0
0000B05B
FFFD9C95
FFFC45DA
000035EF
FFFEB2F6
FFFBCE19
FFFA4157
FFFC571E
FFFCBFA7
FFFBF534
FFFC4D49
FFFC7610
0001173B
FFFFD2A5
FFFEB5D5
00027F9A
FFFC5AF2
0001AD4B
FFFF30B1
FFFBC2FB
00019413
0000F0EE
00006C34
FFFEB9B2
000029FA
00006DBA
00015710
00014C52
FFFFC24F
00064E5D
0001474A
FFFB06C3
000393F8
000025D8
0002B76B
FFFB885F
0000E705
FFFEA225
FFFE3095
FFFFCB50
00044725
FFFE6AF2
FFFDBE49
0000C030
FFFF268D
FFFFC8E1
FFFDE22F
0002232F
0000EAB0
0003053E
00054113
00034D69
FFFFD13A
0000F181
00000075
FFFE3AEB
00007763
FFFCC737
FFFCE026
000006CB
FFFDEC3C
0001239B
FFFBC8A4
0000E685
00046F78
FFFC5553
FFFEFC27
FFFFD6A0
00013FD2
FFFD8E7A
FFFFD65C
FFFEF4AD
FFFE7A04
00057661
FFFC2CDC
00044A47
00029F44
00046FC2
FFFE2FE0
FFFCD669
FFFF3A1F
FFFFBEF1
FFFA117F
000251C9
00013384
FFFB4B34
0004533C
00042248
FFFF8478
FFFD54DF
0003EF12
00002C7A
FFFD4DC5
FFFFE06A
000127CA
00021140
FFF9ECB7
0002B2D0
000276B4
FFFA8233
FFFF47A8
0002BA44
0002F7A0
0002D323
0001CCCC
FFFFF5C6
FFFC4E10
00045637
0004C1C0
FFFCAF09
00002F29
0001268E
FFFEE407
FFFDB5BB
FFFF7661
FFFD6299
FFFD79D5
000591D8
FFFB7383
0002D42C
0002F43B
FFFDBB28
0001D074
FFFEEE34
0002B37D
FFFC70BC
FFFDAD4C
000256D3
FFFF65D4
FFFEC587
0002C955
FFFCB372
00029682
FFFFA6EE
00050A49
0007C90A
FFFFCBF1
00031A60
00073673
0001EEE8
FFFF2054
0002DACF
FFFF5E0B
00026D83
FFFD828A
00019D9D
0000831E
00034EBC
FFFD982D
0000FBC2
FFFE515E
FFFE5B6A
FFFA4865
FFFE27B9
0000E970
FFFD3CA5
0002689D
000150B6
FFFA32B8
FFFE8A89
FFFDCC17
00003E56
FFFEEBC4
000300E0
000182EC
FFFA51A4
0003DF29
FFFBE72B
00014ADB
000005E7
FFFEF7D6
0002D3C7
FFFE82CB
FFFE7AC0
FFFD0773
0002DB6A
FFFE13D5
FFFE9566
FFFD22FA
FFFB735C
FFFFE5A8
FFFFD185
FFFE58B4
FFFDB946
FFFE057E
FFF9A856
FFFFC4FA
FFFE6C18
00009F73
FFFE051E
0004D9DF
0000340B
FFFC871C
00051AE1
0002DD7C
FFFE226F
FFFD3DE1
000283CC
0002B55F
FFF9C6CE
0001CC1E
FFFD17CB
0001C762
FFFDF112
FFFDC8FC
0001490E
0000C23E
0003A0ED
0000F646
FFFFB492
0001491A
00029436
FFFDB4F3
00002BCA
00017355
0000FA7C
FFFBD7B1
0001D18E
FFFF9527
0000398E
0005CAD2
FFFDCEE5
0001F1FC
FFFF0A98
00029591
FFFDE016
00013D57
FFFF4B87
FFFEC3DB
FFFFCD18
00017760
FFFCB2D0
FFFCC71A
0005F128
00020633
FFFBE04D
00032F65
FFFF0808
0003A3BB
000558E0
FFFBEFE2
FFFDC72A
000483C0
FFFF52CD
000220E0
FFFEA5DD
FFFE5B4C
00003C2D
000210B8
0002811B
FFFB78EB
000145EC
0001E304
FFFDFB46
FFFEA122
FFFCDFF3
0001B369
00023793
FFFD9B02
0000C174
FFFD4232
FFFED76D
FFFCE750
FFFE9765
FFFF66BE
00004DD2
FFFF6C35
0002B478
FFFE22B5
FFFC73CB
000163D3
FFFC5285
00013D7E
0000CE29
00002A3A
FFFAE578
000227DC
0002AE30
FFFF0ECE
FFFF4CB8
FFFD8588
000275A2
00025D3D
FFFE95AB
0000282E
FFFE51B0
FFFFFCE6
FFFE93B1
FFFE8BDB
FFFE3250
000212A2
FFFDDCD6
FFFEAA54
000118B0
0000811C
FFFB2D01
0003AA8D
FFFD82E7
0000F466
00013485
FFFDA3C0
FFFEB1D0
0002CC27
0002481D
00028C5E
00014A23
0001373B
FFFCF0BE
FFFB99BD
00026DE5
000031F2
000098B5
00015ACF
FFFE48C0
000075AA
00016F59
FFFEE689
00030159
0001BF80
FFFE0DC8
FFFFAA2D
FFFF5AD0
00009DFA
0002B567
FFFDB8FF
0002106E
FFFE98EE
FFFDC97E
0002C56D
FFFD4510
FFFCDF5E
00022E84
FFFFB59F
00035005
FFFF9EE7
FFFC2E5B
0001F562
FFFFD45D
00004DD6
FFFDED2C
00007FE9
FFFE0F14
FFFCE64E
0007A8BA
FFFFDFC3
FFFBD124
0001D595
FFFFA4AF
00023139
0001D21D
000287DC
0001EA8F
000097B0
00045086
000024A3
000218EC
FFFEAF91
0001E542
0002201A
FFFD5F25
FFFB343B
FFFD4F30
0001C420
00016FC6
000067B0
0004454C
000212EF
00015C3D
FFFFE9EB
0001FDE6
0001D2CE
FFFD84BF
0003E189
00009DF2
0001FFAB
000116C4
0000AECE
0001C4D3
00015D92
FFFF5B23
0001F4C0
00017404
0000FB5E
000251CD
00059B19
00019BEA
FFFE6AAB
000131E6
00001827
FFFE6A38
00020AF6
00003824
00006989
0001BFC3
FFFC42BD
FFFDD89E
FFFE080F
FFFE15C5
000071DB
00001F70
0001E577
FFFE62C0
00010A06
FFFFA33F
0000A0AE
00026C5B
FFFF6C26
0004001D
FFFEA4F5
0001C38E
FFFF884D
FFFD4D5B
000227D3
00027E8B
00045300
FFFA8F57
FFFF6CC7
0003067F
00018649
00009C62
0001BC2D
0002D0B4
FFFB65F1
FFFBE43F
FFFDDFB4
FFFBF190
FFFC9B35
FFFFF2FC
FFFE26B0
00058CAF
00002B33
0004F8DE
00041511
0001BD1F
00048C89
00017E57
FFFE83B8
0000093C
FFFD341C
0000C252
00014877
00028A9D
FFFAC314
FFFD9EEF
0004045E
0003CEB0
000132B2
0001F41D
FFFD2225
000008B2
FFFAEF66
FFFB1A59
0000C4A8
00014ABD
FFFDEF46
FFFEABC0
000034FE
000326D3
0001C7DA
00001D2C
00022D74
00018491
00026829
0004DF75
0005A059
00000692
00041AF0
FFFF1F35
FFFFA90F
FFFEECAB
FFFEFC2C
FFFC0DD7
00001A10
0002E71B
FFFB1D1F
00030CA2
FFFF899E
FFFC27E7
00047432
FFFEFC0D
00032C86
FFFFCC11
00023B2A
FFFF4B22
FFFB40A2
0002FD29
0000B801
000077BC
0000B6F5
000677D4
FFFF6718
00007B81
00033F98
000336E8
FFFF296C
FFFD69D5
00026565
FFFDC3FB
FFFE0BB7
00000095
0000FD2B
00004FC1
0000E46A
FFFE8799
0000BFE1
0003E58D
FFFE05DC
FFFFEF7F
FFFE5D90
FFFF95AF
FFFB025A
FFFDBD9E
0000E169
FFFD19C3
FFFDFCAE
FFFFA1C2
FFFF74B1
0002D087
FFFE622B
FFFE9D25
FFFD4281
0003CDBD
0000BA29
FFFA2EAE
000441B4
0002D24E
FFFEE21F
0000D591
FFFC77DB
00003025
00010842
FFFFDED2
FFFFB92F
FFFB564F
00013AB7
00001873
00009E78
00012A1E
FFFD724E
0001E5C4
FFFEBF1A
FFFF1DD9
0000A6DB
FFFE564E
0001CD03
00017B44
0000C0A4
0003EDB8
00021A66
00014D91
FFFD3494
00007DA9
000314FB
FFFDCCA7
00056628
FFFD7BC2
FFFB63F6
000164E4
0002123E
0000A242
FFFE199A
FFFE151A
0001ADFD
0001B4F5
00043BDD
FFFEF3F6
0003AA28
00045855
FFFB6FF6
00004574
0005182C
FFFEC2DA
0004BAF8
FFFBC3B4
00022E05
0000720C
FFFF3AC6
FFFE2213
0002094D
00049B15
FFFF9C46
0001754D
FFFFB0F0
FFFE0964
FFFFCA82
000261FE
FFFFDC1F
00016190
FFFE0991
0000E1B4
FFFF49C3
0001EDE2
FFFC6DB5
000010F3
FFFFD786
0000A0B4
FFFC7CE4
000048BB
000086EB
FFFE8B44
FFFF4503
FFFCD66A
FFFD2705
FFFF6CE1
0002400D
000094EE
FFFC979D
FFFF6239
000069DE
FFFECA30
FFFE610D
FFFF6570
FFFF46B8
FFFEA6B7
FFFF41E1
FFFECABB
0001B019
0002E7AB
FFFFB25A
0001EC30
FFFFE426
00007E33
FFFEB895
FFFDD619
FFFDD342
FFFE1C70
FFFDE497
0002CF23
0001B91C
FFFFAA51
FFFF3709
FFFE3018
FFFE32C5
0002901C
0000BD32
00001B3A
FFFE68F4
FFFD7E09
FFFD1A81
00011E9A
FFFD89DD
00000BB5
FFFFB30A
FFFF333A
FFFF8123
FFFF0A8D
0001AB6E
FFFCBF24
FFFE0155
FFFF030C
FFFEDC56
000020F6
000119A5
FFFE1948
00008D4B
FFFFBC44
00001EC3
FFFFB196
0001ED2A
FFFDBA88
FFFD9BC5
0000D3F0
00001F5B
0001F35B
FFFFC72C
00026AB7
00024738
FFFED596
FFFF4F3C
FFFE5631
FFFF35F0
00010BBE
0002C5B6
0000BF35
00036BAC
FFFE05B1
000477D8
FFFFC7F6
FFFF1EF2
00007F78
FFFF39B4
0002C0D0
FFFF4903
FFFE3DE3
000074F3
FFFFA15E
00035C6F
FFFF42C1
00018A6B
0000E764
FFFF7338
0000E20B
00013351
0001D530
FFFF5E02
FFFF4862
FFFE82B6
0001256B
00019C56
0000989F
FFFF6FE7
FFFDBE4C
FFFC7479
00001874
FFFEC2C2
FFFCE125
FFFBDB21
FFFFAEE0
FFFEAA68
FFFEEB94
FFFD5522
000019A6
0000B6E7
0001884B
FFFFAB20
00018A1F
FFFE04CF
000118A9
0000A25E
0001CDCD
FFFEC6CE
0003A79C
FFFF8E46
0001D4F8
00006575
00005ADC
000144D7
0000C72B
FFFE9941
FFFDF962
0000CFCA
FFFF15EF
FFFDF1B3
00009200
FFFE50E7
FFFE2ACC
FFFE2A4B
FFFDDA86
FFFF9A26
00018775
FFFFB9F3
FFFF5B3C
FFFF7172
FFFDB1BA
0000E65F
FFFD4BA0
000176A7
FFFFDC62
000373D2
00022D1B
0000424A
FFFCFFA8
FFFE2A6D
0001954E
0002A74D
0000C257
FFFE7C51
0001B78A
00012FC0
00002D18
0003D56A
0000A793
FFFCD83B
FFFFE130
0002B251
FFFE74C7
00001D52
00021EEF
00006F4B
00009484
FFFF9928
FFFF4820
FFFECDFA
FFFE207B
FFFE9932
0000BD68
FFFE6296
0000D0FD
000059E4
000101B5
00015B70
000148BF
FFFE1E7F
0000EDE8
FFFD1D61
FFFFE086
0001D50F
0001530B
00000DC6
FFFE6565
FFFFB819
00012F3F
00008008
0001C42A
0001A38B
000047A1
FFFE056C
00013944
FFFE98A8
0001925B
FFFE2AAE
FFFEFF63
FFFEF48F
FFFF45F9
FFFDCD0D
000193EF
FFFE9BB4
FFFDD828
FFFE9CCF
00031C5B
0001564B
FFFF82B1
000070D3
0000E595
FFFED2CD
000057D5
00022174
FFFFC41F
000008B6
0001CF98
FFFFFADD
00001434
FFFF35D8
FFFCC02B
0000482E
0000B32D
FFFE5BD6
FFFFF6EB
00008554
000162B8
000025BC
FFFEEB5A
FFFF9F85
FFFDFF85
00003622
00046C53
00027986
0001F4EB
FFFE9E9B
0002B4C5
00042DDA
0004B05F
000048BA
FFFEC1F9
00003F3E
FFFF7374
FFFDF32F
FFFF04A1
FFFCD8D0
00015C28
FFFF883D
FFFD0525
00016690
FFFF97B3
00014699
FFFDE41B
FFFEDE0E
FFFE0982
FFFC7966
FFFFFC89
FFFE33FE
0000165F
FFFFF7EC
FFFE1BD5
0000A4EA
0001D586
00011ECC
00004263
0001AFC9
FFFE46C8
FFFEB4B0
FFFE68F5
FFFEDB10
FFFD7D48
FFFE3F48
FFFCECA1
FFFFD123
0000AEB1
FFFD9E26
FFFF89F5
FFFE32CB
FFFF7EA0
FFFE5E48
00022CBD
FFFEA7AD
FFFE36B5
FFFE1236
FFFFDB5C
00002F54
FFFFF610
0000F7FE
0002CFDF
FFFE6542
FFFF55DE
0000AD28
FFFDEA42
FFFFF174
FFFEA4A3
FFFFCA60
0000C7F3
000226F6
FFFE4236
00048350
FFFF7B15
0000C146
FFFFCC37
0001DB77
FFFE6801
000074B5
FFFFC8B8
FFFF8785
00006E18
00025C1F
FFFECE3A
0000D4DD
FFFFBA4A
0001E6FD
FFFE85E4
FFFE0EFC
00024772
FFFE3BF3
FFFEB8DF
000278F5
FFFEC434
FFFE220F
0000E5A5
0000D80D
FFFF3E31
FFFCE0FB
FFFEE7D9
00003B79
FFFC826D
FFFFEBF4
FFFF03A5
FFFE2A8E
FFFF3181
00017770
FFFF1971
FFFEE789
FFFF76E7
0000737F
FFFE997C
FFFFD99A
FFFE816C
0002A905
FFFF6708
FFFE6938
FFFCD207
FFFFDA2A
0002C641
0003576A
000435D1
00029615
FFFE6F20
0002BED1
FFFFAB0C
00027FCF
000355B6
0001001C
FFFFB4BF
00031FD1
00001F3C
0000BEE7
FFFFDD71
00049BA3
0003FEB3
00029B77
000102D1
FFFF4313
0000C00D
00033EB8
00038E06
0003C397
FFFFDDB8
0003D26E
FFFEDA8F
000305ED
00011F87
0001949F
FFFED775
FFFFDA7B
FFFF5C7A
FFFFBB3F
00008BE1
00024814
FFFE5776
00018E9C
FFFF7F33
FFFE649D
FFFEC9A8
FFFE52BF
00001CAD
FFFF6652
FFFF719D
FFFEB993
00001DCE
FFFE2138
FFFE9E33
FFFD295C
FFFD3C15
00019869
FFFF9FE9
FFFFA836
0001403A
FFFD5D29
0000E5B9
00011A81
0001820B
0003BF08
FFFE36F8
FFFFE4D1
00006CE8
FFFFD90D
FFFDC053
FFFD09DF
FFFBEA4C
FFFE5882
FFFBCE95
FFFD158E
FFFE5B68
00003A1F
FFFC2C15
FFFE6686
FFFF0EC2
FFFFDCCA
0001D364
FFFD3719
0003C4A7
FFFD2CB8
FFFFA015
FFFF3192
00013C95
0003801C
0000E2EE
0002227B
00010D88
0001795D
00002B03
000041D1
00010528
FFFE3890
0003A243
FFFEF97F
0000B315
FFFF3D16
00007BDE
0002751B
0002075D
FFFDBAAC
00024124
FFFD8F83
FFFD1CCF
FFFCD683
FFFD8B26
000106EE
FFFE753E
FFFF8AB4
FFFEF466
FFFDFAED
FFFFAD6C
FFFECDA4
000017BB
FFFF3A49
FFFE987E
00004F1C
FFFBF4E1
FFFE59F1
0000BBE3
FFFDA986
00014CB2
FFFCEA95
FFFB1B0C
FFFC6612
00005177
FFFD9487
FFFE0530
FFFE8AF7
FFFF5653
FFFE80AD
FFFE7230
0000A380
FFFDBB30
0001005C
00003A2D
FFFF916F
0001F26D
000046D0
FFFD74BB
FFFEB663
0000871D
FFFFA2E2
FFFE7C46
FFFE2CEE
FFFCC5D9
0000F6EF
FFFEB64E
00011BFF
FFFECE9C
FFFE953E
FFFDC430
FFFE87D1
FFFFC338
FFFC8359
FFFC9B42
FFFE9047
00036E6F
FFFEDF2F
FFFECDA4
FFFD034D
0000BF0B
0001C88D
FFFFDCBC
FFFFC924
000189BD
FFFF0F40
FFFFE5E0
0001CE76
00026867
000096D8
000226A3
00013C13
00005397
00000C06
00020F6E
000209ED
0000C5F0
00041DE6
00019285
000376DE
FFFE9465
00030AFD
FFFFF9FD
FFFE9219
FFFF4E81
FFFEB6DB
FFFD5B67
00001E85
FFFC0378
FFFEB4ED
FFFCDA0A
00013AB4
FFFCAD62
FFFE9D42
000079B0
00019973
FFFE81A2
00026B40
FFFF7259
00018A7B
FFFE5AE6
0000C02C
FFFFA3CC
FFFDFCD0
0001C840
FFFDBD6D
FFFF8F5C
FFFF5230
FFFED21B
000017C6
FFFF5812
000092E4
00001BEB
FFFF989B
000199EC
0001D7E7
FFFEB741
00027EDC
0000EECD
00035C00
00040F8B
0001D2F0
00033347
00018681
FFFFA9CE
00011FCC
0002B637
0002E1E5
FFFFE665
000003CB
FFFF5861
00019B4F
FFFEEE5A
0001C1F2
0000F255
0001E4CD
FFFF5C87
00007702
0002BFBF
000245E9
FFFEA476
FFFFF1CC
00007604
00009A9F
FFFF8E9D
0001749F
00032ACD
000332EA
0002F6C9
0000AF8A
00034273
00029892
0000D818
0000DB43
FFFD7F10
00001ACB
FFFFF6C8
FFFF9A72
FFFDC841
FFFDBFDD
FFFECBA5
FFFF059C
FFFD8860
0001A32B
FFFF51E4
00006A44
FFFF815A
0000E5A0
00006A5C
FFFFE754
00004514
FFFFAC5F
FFFF8D47
000071AE
FFFF79C1
FFFFCE6C
000115C0
FFFEC068
0002428D
000160BC
FFFFFBC0
0002D31B
FFFE308E
0002134F
0000F44D
FFFCD8F8
FFFEFA35
FFFFCFD0
0002A8E4
00031160
FFFD917C
FFFF8E8C
FFFC2523
FFFEEC60
FFFDA154
FFFE75C2
FFFC6D59
000063DE
FFFEDB62
0000568E
000316A4
00021C49
00018B7D
0000DB37
0001A59A
00009781
FFFF807D
00006B5B
FFFF4C2D
FFFF3B1C
FFFDC858
0000C452
FFFDF44F
FFFF892D
FFFF2241
FFFC9215
FFFF230E
0001B6A1
0001618A
FFFF41C5
0001B174
FFFFADCF
00017D79
00025AD5
00019E47
00005CB7
FFFE0020
0001D556
FFFDB431
FFFD7C0F
00024495
FFFDB415
FFFEDE32
FFFEB528
FFFF3E27
000065D6
000040AE
0002D333
000091D8
00004E41
0001E7B3
000318A4
FFFF1EED
FFFFADAF
0000A258
0002485F
00008660
FFFFE6F5
00002256
0001240B
00014829
00015621
FFFFB537
FFFF91DD
FFFD8827
FFFE4B0D
FFFEF40F
FFFDBD18
FFFE2180
FFFFB18D
FFFDDBE4
FFFCE1B2
00012376
FFFDA6C3
FFFDDEE5
FFFE49C1
00018C20
0000507F
00010638
00003C15
0001235B
00008836
FFFF0122
00028A42
00019E92
00021566
FFFFD1EA
0000A767
FFFFB3BD
00004568
00006B7D
00008D37
FFFFA643
00007A39
FFFFAE24
0000105E
00016791
0002716A
FFFFA433
0001B815
0001EECE
00001AD5
0000124B
00004A1E
00012617
FFFFC399
FFFF1786
0000A384
00028E33
000022AF
0000C79B
FFFDDE75
00000231
0001386E
0002E28F
FFFF2C2A
000123D2
FFFE61E8
FFFF2038
FFFD1F99
FFFF9B1A
FFFF0CE9
FFFF7F7D
FFFFAEA7
FFFE99E2
FFFE2073
FFFF182F
00028D94
FFFF8A85
FFFE3836
000087BC
0001CA8A
FFFEC876
00011520
FFFF3EB8
000077C1
FFFF972C
FFFF9B9B
0001C1BB
FFFF4881
FFFFD1AA
FFFE5AA4
FFFF07AE
FFFEFD90
00012055
00020E70
FFFF7087
FFFD01B8
000097D1
FFFFE085
00025CD3
000441B8
00011407
FFFE6ECC
FFFF88BA
00012FE7
FFFFC79A
FFFF1467
FFFF75BA
00003EA2
FFFE1813
00000647
FFFE3E2E
0001EA1A
0000F290
FFFF5411
0001AD20
0000D0A8
00003BDD
0001495A
0000D6AB
FFFED960
0000D69D
00002D22
FFFE552B
00007C79
00013782
FFFD5BFA
FFFFE52F
FFFE2E73
FFFCF60A
FFFEDC7C
FFFCF825
FFFFA1BD
FFFF677A
FFFD1EC9
00015C03
FFFFCDD9
000004A1
FFFFB027
000074DE
FFFF66DE
FFFCF5CC
0000639E
00003893
FFFE3851
00006D2B
FFFF7F63
FFFEE041
FFFD7106
FFFCD88A
00001DCE
0000AF0E
FFFE4A46
FFFF15A5
FFFF60CC
FFFFB897
000062BD
FFFDF691
FFFEFC21
FFFFD4C2
0001B67E
0002E9A5
FFFDC373
000040C9
0001AF02
FFFD8D36
FFFE0EED
FFFE5FC7
FFFE315C
FFFDBCDA
FFFED5AD
FFFDD882
FFFDEE3E
FFFEC6AF
FFFF8FFE
0000F198
FFFEAE8A
0001FAAF
0002572C
00001A72
FFFF5215
FFFDD91B
FFFEBF28
0002A8EC
0003160D
0000C8E0
FFFE76FA
FFFFA12A
00038AA1
00004BF4
000324F0
0003D8AF
00018273
FFFDB6A4
FFFEB38E
0002719E
00010A22
FFFE132F
00000A1D
FFFD5964
0001C9B6
FFFEBE7B
FFFECEFB
00007F4E
00011DEA
FFFDBE24
00003871
FFFFF6AB
00014E89
FFFF2E03
FFFF43D1
FFFDBCDD
FFFF6205
000106A5
FFFEEE00
0001E3F7
FFFEE05C
FFFFA086
FFFF92CE
00024D15
0001780F
00011569
FFFE0714
FFFF112D
0002A12B
FFFF4954
000250F5
00011152
FFFF03B6
FFFEC138
FFFF9FA9
FFFF709E
0000828F
FFFDB8A1
00014B73
0000BF7A
000105FD
FFFF8AC7
FFFD5C08
FFFF6FD4
FFFDEFC2
0000DAFA
0000A405
FFFF0493
000031AC
FFFEC9C8
00003EF6
FFFDF247
FFFD8EB5
FFFD8820
FFFF41A8
FFFDC24E
FFFFE4A3
00014545
FFFF0AD3
00010A13
FFFEEEF4
FFFE6D0F
FFFE9FA3
0001C60E
0001C374
FFFD82FD
FFFD0C3D
FFFB8015
FFFFAF5D
0001BCE9
0002014C
FFFE5B65
00023276
FFFF3364
FFFFC4ED
00021E0F
00044BBA
FFFF54D6
000029C5
00013B28
FFFD9D84
000184FD
FFFE462A
FFFFAEA2
FFFEEDA3
FFFD0960
FFFF285E
FFFF9921
0000ADE1
FFFEC830
000048C7
000255D3
000010A0
FFFEF4F5
FFFDBC2F
FFFED056
FFFE66AE
FFFE3938
0001DA50
FFFFA6D8
FFFFBC97
0001D4CB
FFFFF9FD
0002D431
000066F7
FFFC48F0
FFFD6067
FFFD603E
FFFD4C8C
FFFFA8A6
FFFEFAAB
FFFFBD9E
FFFE9DD6
00013AAE
FFFE380A
0001090D
FFFF60C2
FFFFF488
000029AF
FFFF83C1
0001EA00
FFFFA55A
FFFEC816
FFFF9248
FFFEF9D7
00015A10
0001078A
000086CE
FFFF652F
FFFF966F
FFFE53B5
0001C327
00006B69
00012CB0
0000107B
FFFD174D
00003147
FFFFD3B9
FFFCD5F5
FFFEE5B8
FFFEB0A0
00008878
0000E09B
00013F1D
000026F5
0000A6BD
00008DF4
FFFF0547
00020FB0
00008F5A
000036E6
FFFF7961
00022FD4
0003DAF3
00008682
00021151
0000CAD1
0002BE39
00026A51
FFFE5A89
FFFEC51B
FFFFBCB9
FFFF2FFE
00001836
FFFF515A
FFFE7F72
0000C491
FFFD5A53
FFFF11ED
0000A831
FFFEC6E9
FFFFDE6C
0001B08C
FFFD4578
FFFDE779
FFFEE6A1
FFFEE081
FFFEE3D3
FFFDA626
0000979F
FFFEC5A4
FFFEED08
FFFE9DAB
000071EB
00010922
0000A9AD
000001AF
00008274
000039CC
00011CFE
FFFF7B2B
FFFF3491
FFFEA5AF
FFFF9540
FFFD1E5B
FFFCC0A9
FFFDECD4
000050AD
FFFDFB02
00005C79
FFFF2A29
00014201
00017A41
000145E4
FFFF766B
0002AF22
FFFDD454
FFFFCBC8
FFFFF352
00005EE3
FFFFCC4D
FFFF4144
000112B3
FFFF10E1
000301B7
0000476C
000016B0
FFFFD4FC
FFFF9D76
FFFFFB2C
00008474
FFFE4EDC
FFFE804D
000040D0
0001185E
0000D505
FFFEF467
FFFF8587
FFFD9C7D
FFFE8083
FFFE9482
0000E3E9
0003557F
FFFF6D68
000033D1
FFFFBDEB
00030A34
FFFFC453
FFFFA353
000124D1
0001A848
00029F9E
0000BC82
FFFFD862
000088F3
000052EB
00027440
0002F5D0
00030039
000082F8
FFFFD01A
0002B15F
FFFEE6B4
FFFF76F1
000085D3
0000F615
0002ACBD
FFFF8B31
FFFF2899
0000C2FC
00015BB6
00006934
000059D0
FFFEC3A2
FFFE9031
0000B952
FFFF1801
FFFEC5EE
00005A37
0001D46A
0000FDF5
0000EDAF
00016809
0001C67B
FFFD4B07
FFFD964A
FFFE5015
00003B6E
00015CA0
000001A1
00008205
FFFEB5B0
0001E18B
00015387
FFFF40D9
FFFEFB6C
FFFF63F5
0001C454
FFFFE50E
FFFFBF3E
00011325
FFFED322
FFFF0240
0000A313
FFFEC3D3
00024C8C
FFFFA9BF
0000BD8A
FFFD80C6
FFFDBE41
FFFF5156
FFFFAC37
00034CF5
00004CF9
FFFFD2D7
00014C46
FFFF97A8
FFFF7689
0002F3A0
FFFD806B
00017DE9
FFFF3646
FFFE9ACC
FFFE974D
000176BA
FFFECF35
FFFFECAA
0000069A
0000CEC3
0001EAC3
00027CCA
000173DB
0001D647
FFFDA419
0001E029
0000C408
0000119F
000087DD
0001ACCF
FFFF007B
FFFD4E1C
FFFDB4C4
FFFD9304
00014722
FFFF89E7
00002862
FFFFCAC7
FFFF9449
FFFECB53
000163BB
FFFFBB30
0000F923
FFFFC6D1
000135C3
FFFE7661
0002B3A5
0001AFCB
0001B1CB
FFFD9591
00022D14
0002F392
FFFEE5BA
000168EF
000240E7
FFFDCFED
0000E8B6
0003DD1F
FFFD73BE
FFFFE17E
0002D37D
00009862
00011719
00019D27
000122F7
FFFFB5B1
FFFE8976
0002A507
FFFDBCC4
FFFE67A1
FFFFC8E8
FFFD73E8
FFFFE3BD
FFFD4D63
FFFEC520
00010512
0001D96E
0000E63D
0000C496
FFFED55F
0000CC0B
0001B8B1
000073F2
00010E66
FFFFDD1D
FFFFF9E3
0000053B
00007141
FFFF5855
FFFFCD2E
00003D5F
FFFF86A2
FFFE6D09
0001F00B
FFFEE20A
FFFE7BE3
FFFF0573
FFFF453B
FFFFA09A
FFFE6C49
FFFC3E58
FFFD2847
0001856D
0001395F
00020023
0001BBF6
FFFEC016
FFFFADC3
FFFFC3C2
FFFE99F6
FFFF78E9
0002A719
00018871
00013BFB
FFFEF648
FFFEE880
0001B0D3
FFFF2C1D
FFFFE04F
00025720
FFFEF628
FFFE55DB
FFFE416E
FFFE655C
FFFF7CDA
FFFDB79C
FFFD2E4C
FFFEB87D
0000ECAB
FFFEB233
00002D23
FFFF2FBF
FFFEC9D6
0001F02A
0000B767
FFFE2794
00026C63
00028AA8
00013C80
00016EEC
0001CCEA
FFFFBE80
FFFFCD46
0002F66A
00023DAC
FFFF821F
0000E868
FFFF4180
0001F936
FFFF71DE
0001974B
FFFF5BAA
FFFF709F
0000D5A4
FFFEED4A
FFFEAD05
FFFD24A1
00010F04
FFFDB574
FFFD1E80
00010FDE
00006F47
FFFF9D11
FFFE7992
FFFFF8A1
FFFD546C
FFFE29A2
FFFE87EB
FFFEB2C4
FFFFD8BA
FFFDEB6E
00003635
FFFFD9EA
FFFF9B46
FFFE24D8
00000A26
00009C6C
FFFE68D1
FFFDEB49
00000848
0001403F
00019906
00019469
FFFE7DF2
FFFE8F5D
FFFF9BEA
FFFDB3FB
FFFECC28
00032F6C
FFFD5750
FFFD7AE6
FFFE8564
0000F062
FFFE0717
00021D61
FFFFE866
FFFFE89D
000238EE
FFFEE91D
FFFE3DB2
00008ADD
FFFE35C3
FFFF930F
FFFEED9A
FFFEE53D
FFFDDB3F
0000914D
FFFD30DF
FFFDF22C
FFFE65D0
FFFF3BB0
FFFE4811
FFFF585B
FFFF47CC
FFFD0E44
FFFFCB57
FFFD46AC
FFFDB162
FFFDCD1B
00019F71
FFFF0317
000115FE
0000708B
FFFE5473
FFFF4D87
FFFFF08E
00007996
FFFE66B0
FFFD9F16
FFFEF461
FFFDD3A1
FFFEB8AB
00011065
FFFF3B83
00011C21
000264F7
FFFD801F
FFFFAA7E
0002201B
000021D0
0001C056
00012A0D
FFFFC6FE
0001DAA4
0001F857
000122BF
FFFF7AA2
FFFE1D5D
FFFF50B5
FFFDBF56
0000702F
FFFF3FA2
FFFFAEAC
FFFD9A1B
FFFCA269
0000CBF3
FFFFD9AF
FFFDF2FB
00024335
0000499A
0000BA37
00011BCD
000096EA
0001FF84
FFFF0914
0002D17B
00031F49
0001BF58
00014661
000145BB
FFFF4BD3
0002E9EC
0001C20B
00005F37
FFFED40B
00005F92
0000ABA1
FFFDF208
FFFF2C23
0002A76D
FFFF0F54
FFFF3732
FFFEA004
0002FDAD
FFFFBDEC
0001B882
FFFF5ABB
FFFE8208
000075A1
FFFFB0F6
0002F491
00015B7D
00021A26
0001FFB1
00016324
000055D9
0001A239
FFFFF21C
FFFE8F2E
FFFE338D
00022801
00010301
0001ECA9
00034357
FFFEF254
00033BEF
00049C2F
FFFF7769
0003F44F
0003A6EA
0001F3D4
00006A94
0000001B
FFFF6B81
FFFEAFE0
00003C45
FFFF9D3D
00027970
FFFFDE54
FFFEE45D
0001DEC6
00023A52
FFFF2A60
0000CC95
0002C1A1
00017FCE
FFFF4C66
FFFEE73B
0000928F
FFFF7DB7
FFFF81EC
FFFF9732
000116AB
FFFFF134
0001AAE5
FFFEEC71
FFFE6C10
FFFFD17E
FFFDFDAF
FFFFADEC
00006771
00009C0C
FFFD8EC6
FFFF6070
FFFF92E3
00027EC7
00002B07
00000EF8
00015D46
000196CC
0000C847
00040110
FFFF5516
00019483
0000B8DA
FFFF8227
FFFF0A1C
00009C74
FFFF1255
000176CF
FFFE27E1
FFFE118A
FFFF5E8F
FFFD052C
0001BBB9
FFFF0CFD
FFFF6019
FFFF6684
FFFEDECB
FFFCA1DD
00004876
FFFEF6A1
00029785
FFFFEF8A
0001C502
0000961C
FFFF5FCE
FFFFABD6
0000E5F5
FFFF5450
FFFEC359
FFFFC09D
FFFEEF73
0000F452
000082C4
FFFF5C4E
0001F476
FFFE36B7
FFFE6335
FFFFD434
FFFE7434
FFFE57B9
FFFFD633
FFFEE14A
FFFC633E
FFFD25E5
000006E6
FFFEE603
FFFFC611
00018447
000233B1
FFFE3E25
0001F469
FFFFB4BC
FFFEA63C
FFFFABFD
00024540
00002D48
FFFE5FFB
FFFE5C55
FFFFA7ED
FFFFFC7C
FFFF3A45
0002BB36
FFFFF738
FFFEEF24
00005C36
FFFE6936
00007F38
FFFE0763
0001E07B
FFFDEBFB
00007656
00016478
00001E48
0001BC3D
00001BE8
00000E3C
0001D632
00017DE2
0000BDE7
00008418
FFFFEACD
FFFEF835
00012C7E
0000EE3C
FFFD8494
FFFD9776
FFFF44D3
000031E3
00007CFF
FFFCC3AC
FFFDCA8D
FFFDE3CB
FFFE2859
00034957
FFFEB40E
FFFD1155
00011B50
00000FE0
FFFD59C1
00016182
FFFE95C4
FFFF724E
FFFFF83F
00011BCF
FFFF0D23
0000E554
FFFEF797
0000F5F3
0001B269
FFFF4DB8
00002FB8
FFFFB4D2
00000C34
FFFDF52E
00002E71
FFFF5553
FFFE66CF
FFFD0668
FFFF1ECC
FFFF0EC3
FFFE3D78
000011A8
FFFF8A9E
0001A3D8
00023B69
FFFF8A07
00011174
0002A81A
0000A3DC
000166E6
00032330
FFFFE45A
0000D5EE
0000C720
00009B79
000166E5
00023214
FFFF3A6F
FFFE8024
FFFF4EBC
0002A4B3
0001171B
0002466B
FFFFEFF5
0000B82D
0002263E
0001F938
00023E10
FFFF2B57
FFFE265A
0001C3B7
FFFF389B
FFFFCCF2
00005678
FFFEC237
00012194
FFFE8D6A
00013BB7
00013EC2
0000733B
000285ED
000122EB
0001D6D2
0000384C
000295BF
000197EB
000109A6
00015029
000178D7
00026CD5
0000EF49
000294D1
00027A03
0002A465
0002A9C5
FFFF987A
00008599
0001EAAD
00021BD1
0001E63E
0002D663
00038D9C
FFFFB63C
FFFDFDBD
FFFD1121
FFFD0D7C
FFFFE0EB
FFFF503A
FFFFF18A
FFFEDF43
FFFECAE2
00013182
FFFDC49C
FFFE7F30
FFFF8D36
FFFF8548
FFFF5EFC
FFFE3227
FFFFC6D8
0001E1F6
FFFE47BF
00005E4D
FFFEF67E
FFFF0649
0000DBAC
0000EE59
FFFFAE18
FFFF781B
00037D0F
FFFF68F9
FFFF3BBE
FFFEC863
FFFF7656
FFFFA23E
FFFE40C7
FFFEA741
FFFEF16F
FFFE9CE6
FFFF2382
0000A2F8
FFFFCF67
FFFCB5DB
FFFF3285
00005A47
00001139
FFFF1C7A
FFFE988F
000019E2
FFFF5BAD
00012745
0001E6CF
FFFDFC06
0000B799
00059F63
0000F9BC
0003D23C
FFFF7AB2
00009F57
0000167A
000005CF
FFFE649B
FFFDC042
0001D162
00011AD3
000109FD
00011EB1
000371D2
FFFF6BB1
FFFFCAF0
00020724
FFFFE736
00030A1D
FFFF8742
FFFF9D69
FFFDB89F
00027F06
0001D9BB
FFFD9F43
FFFE4E7F
00005214
FFFE0F47
00009EFD
00005296
FFFEE8F8
000246ED
000258AC
FFFD1F5E
000148F3
0001AA88
FFFEC875
0000DFD2
FFFF284B
FFFEE579
FFFF99CC
0001DFA2
000267DC
FFFFB372
000130BC
0001D79D
FFFDC6F4
FFFEDA97
0002E811
FFFF1F41
FFFE6E1C
FFFE2DDE
00019886
FFFFED71
FFFD70EE
FFFDB499
FFFCE056
FFFED4CF
0001D24D
000180D2
FFFE6663
FFFFA45E
FFFE3A77
FFFF5515
00007BFD
00006ABE
000093C9
FFFE374D
FFFEE823
00027F1A
FFFE4DE1
0000E193
000016D5
0000130B
00020CE0
00006D40
0001AC07
FFFFCF5C
FFFEB71F
FFFE8256
FFFEC89F
00006D96
000230A6
00008219
00004CDF
FFFC76D4
FFFFD98C
FFFC72E0
FFFBC739
FFFFF692
0000B3DD
FFFD84A9
FFFE749A
0002449B
0001DBFB
FFFFB889
00002C55
00010399
FFFE229F
000232B3
00008964
000061A0
0001DC40
0004339F
0001848C
00028F7E
00014C26
000112E3
000131EE
00018FBE
00026B77
FFFEB057
FFFE7BBA
FFFD2AFF
FFFFB79F
000055C1
FFFFD3EC
FFFEE83F
FFFDEEA9
00008A38
FFFE7EDB
FFFEB1BD
FFFD2EAD
FFFD8E29
0000B752
FFFFD51A
0000DF87
00000D4C
FFFEB2AF
0000131E
FFFF3F7B
00018E6E
00022AE0
0001712D
00045411
0004F5F7
FFFF9ACE
00003FD9
0000599E
000045AE
FFFE07B0
FFFFFEE9
FFFF1C67
FFFC9663
FFFC189C
FFFF8523
FFFDF603
FFFF467F
0001A579
FFFDBF9E
FFFCC56A
00013E9F
FFFFE071
00002BDB
FFFD91ED
FFFDE59E
00010C38
FFFDA292
FFFFBA4C
FFFFC7CA
FFFDF98E
FFFE3153
FFFECAE3
FFFD028B
FFFF2432
FFFD5117
FFFB8700
FFFBED2C
FFFCA83E
FFFB9356
FFFDFD16
FFFEC83E
FFFE2306
FFFD24FB
FFFF2A75
0000470D
FFFBBEC0
00004465
FFFED751
FFFD3341
000009AD
FFFC84C4
FFFD6787
00013B1A
FFFFFEA2
FFFE1E47
0001B766
000028E2
00013E0B
FFFFD7AC
0001B81B
FFFCD516
FFFD1AC9
FFFE3D7D
FFFDF20B
FFFE799B
000258CC
FFFE0254
FFFFBD5B
0001E431
FFFDC26D
00013F58
FFFF40A3
0001E633
00012F44
FFFF63EC
FFFD216A
FFFF7F64
00001181
FFFE213F
0000D606
0000C11A
FFFF7308
00018486
FFFE5D97
000106AE
00015A29
FFFEC4D3
FFFDB251
00011566
0001856E
00002A2F
FFFFFAB8
FFFE748C
FFFDBCB5
FFFC8AE4
0000B7A3
FFFEDD83
00026D9B
0001ADF4
00008D4C
00005447
000007F6
0002BCE9
00028F73
000264C9
FFFFB6DF
FFFE5B33
FFFF0EEB
FFFE5A22
0000B185
FFFE9D07
00006124
FFFF2328
FFFE0011
FFFDF120
00003C9F
FFFC59C5
FFFF5D7D
00011106
FFFE7ECC
000016A6
000041E5
0000C238
FFFD1CE7
FFFE0373
0000AD5F
FFFF5AA7
FFFE2417
0001DC21
FFFD9A50
FFFE32A9
FFFFC31D
FFFEBA32
00008FBF
FFFF9597
00008436
FFFEA89E
FFFF4603
FFFDDC20
0001E907
FFFFBB02
FFFE8F75
FFFE5844
00004F7C
0000AD1B
0001D932
FFFE1D1A
FFFE47C9
000046F1
FFFED3F4
0002DDBD
FFFE4DA0
FFFF2C3C
0000BE6A
00012E0A
FFFBF331
FFFD053E
FFFFD902
FFFED49E
FFFCD639
000408D8
FFFFDF18
0001E220
000435B1
00040007
00035C2D
00032263
0003EAA1
000462CA
FFFFF098
0000DAD0
00007583
FFFE2A9D
0002732F
00023867
00025C6B
0003ED2B
0000E32A
FFFF1A60
FFFD5C65
000012CA
FFFF3CDA
FFFE4EDE
FFFEE7CC
0001E3B7
000161F9
0000DC40
FFFE6772
00009A07
FFFE49E2
FFFF7C9B
00003A8F
0000FDAE
0002BC4E
00004427
0001FC4C
00008B8B
00003CBC
FFFE4F11
FFFE125C
FFFFDF19
00025DF0
FFFFD706
00013436
FFFE39A8
FFFF9D73
0001E197
000230DC
FFFFAF9B
0000ECC4
00000BFD
000479E1
FFFFDB6D
FFFFD902
FFFCA004
FFFEBD54
FFFD6DF4
FFFB7208
FFFEA45A
FFFF48B4
FFFB7389
FFFC2C1E
FFFDDBA7
0000263B
0000CFBF
FFFC238B
FFFFED01
FFFF62DF
FFFDF8FB
FFFCB04E
FFFDBAA1
000082A4
00017B88
0001FCC0
FFFFAEDA
FFFFACC8
FFFEB8A8
FFFFF3ED
FFFE7C49
FFFE0495
000095C5
0000AC06
00003C8D
000098A2
0001A0F5
FFFDEACF
FFFDFD92
FFFFDB1A
FFFEB342
FFFEFF4B
00008A89
FFFFD31A
FFFF9CC7
0001AECE
FFFF4C76
0000D0FB
000047AF
0003AD4F
FFFE54B6
FFFD804E
0001DF8F
0000900D
FFFE84AD
FFFD7D10
FFFEB9F4
FFFDB808
FFFE749A
000112D1
00007A95
FFFEB42E
00012A54
0001527E
FFFFAC9B
0001438A
0002D4E6
00007D40
000051DC
FFFFA1A8
0002E647
0001CB79
FFFF9B2A
0000D340
FFFF41A2
00016825
000001E2
000082B5
00009C94
FFFED219
0000C942
FFFFC224
FFFDAA0E
000027D2
FFFD6356
FFFE844C
0000170C
00008044
0000A743
000247DB
FFFFECED
FFFF655F
000271A1
000073CB
FFFF5AAD
FFFFFAFE
0000A57F
000238E4
FFFE1A9C
0000BC27
00018F63
00006919
0000989D
FFFDBA53
FFFF6A68
FFFECCFE
FFFD803E
0001B607
0000EC22
00007A10
0001CBA3
00013306
FFFDF697
00007066
FFFDDDED
FFFD4103
FFFD0AFD
FFFCF2D4
000053E9
FFFC222F
FFFD4963
000253A4
FFFBD7F3
FFFF5191
000312BC
FFFF9C4B
FFFF2257
0001795C
0000FCC6
000022DA
000132CD
00017603
0002534A
FFFFCCD0
FFFF3898
0001760C
0001FF08
FFFFD1D9
0000C7E9
0001F7AF
00026DFC
FFFF4C3B
000243F6
00032FB2
0000BCB7
00009A13
0000B46C
0002F9BE
00013B74
000242E0
FFFE0683
FFFDE49E
000264FF
FFFF2679
FFFD8368
FFFEF9AB
FFFFC2C3
FFFC9B5C
FFFE5BDB
00008495
00009315
FFFEBF88
0001DE8C
0000F40A
0000E6F1
FFFEA6E9
00014AF4
FFFFDB7E
0002BAE3
FFFDD6C4
FFFDF17B
FFFF6395
FFFF588A
0001592F
00029F0A
00002BB6
FFFFD7C2
FFFE7474
00017A5B
FFFE2712
0001680F
00000E51
FFFF98C1
0002C4DC
00003AE6
FFFFCFC0
FFFF242F
FFFF8A21
FFFE8DE6
00003686
00028805
FFFE043C
FFFC14A4
00027706
0001ED45
FFFFC8E3
FFFE454B
0003C354
0000E9A6
FFFC257F
000244E5
FFFC794D
000013B5
FFFF613A
0002A776
00025919
0001F1D9
FFFED0E6
FFFFEFBB
00016CAF
0001D5D1
FFFCAC29
FFFDFA2D
00004C98
00026D0E
00005E49
0003C625
0003CC26
00004FC4
FFFEEBB2
FFFE5834
0003B5D9
FFFF0E2C
FFFBDED6
00004FCB
FFFF85C2
00017887
FFFBDD72
000110E7
FFFE78BC
0000F5CA
FFFF9FD4
FFFE3F69
FFFEE160
FFFE8C51
0003B6B9
FFFC5024
FFFFE376
FFFFF0D6
FFFDE78A
000008F8
FFFF8706
FFFF83B7
FFFCF0F8
00021DC6
00005FD3
FFFFF5DD
0002153A
FFFF6DB4
FFFF677F
00014323
FFFDD650
0000880A
FFFBC072
FFFF0C06
0001F05F
000030F8
FFFD0650
00019F7A
FFFEDDDA
FFFF1A63
FFFDFC7F
000007EE
FFFEF5E8
FFFF97B6
0000EFCC
000196F3
000436FC
00021FDA
FFFF456F
0001B536
FFFCDF90
00021B7E
0004E701
000263A3
00034A19
00036841
FFFEC9EF
000149D4
00039ED6
FFFF4349
0001C16F
FFFFFCDE
FFFF909D
00003C61
FFFFB3C7
00030F18
0001D219
0001B808
000259ED
0001D597
00003EAD
FFFEC099
00046B21
0001FE63
000071BA
00021ADE
0000420F
0002ACDA
00002FE3
0002C495
000013AD
FFFE5964
00035FAE
FFFF5F8B
FFFF8A64
00023D37
00004009
00029A46
000144F5
FFFFB769
00035503
00013942
FFFF6C90
00048EAC
FFFEC05C
000264AF
FFFF3568
0002A0BB
0002582F
0000B68B
FFFDC551
0001CD23
FFFBB447
00006D89
FFFE55EB
FFFBF11B
000158D8
FFFC9C43
FFFA3830
00007C84
00028E56
FFFF32B9
FFFCB990
000064F1
0000216D
00010148
0002352A
00010CF1
000289E4
FFFDB959
FFFE32FF
FFFF13DB
FFFDB151
FFFE367C
0000B408
FFFF0EF7
FFFF5935
FFFEFC69
FFFD08F0
FFFC0BA7
00013FC9
0000220F
FFFF175F
FFFF307A
FFFE6F90
FFFD0190
00031424
00010CFD
00008074
FFFD73FD
0001D68F
00018490
0003AFB7
00013677
00002446
FFFCDB18
00007413
FFFA8C71
FFFDD95C
FFFE7717
FFFDF20F
FFFE3EDA
FFFE7C7C
FFFF871F
FFFF08C0
00023299
FFFDA1FE
0002A26B
FFFE77C0
FFFFE751
FFFE2EF3
FFFF29F2
FFFF4771
0000B0AC
FFFF9CF6
FFFF1812
000148B7
0000292E
0000679F
0002F2DF
FFFDA6ED
FFFD99AE
0001F69E
FFFE2075
FFFF5EB8
FFFE3DEE
00017D1F
00027C8F
FFFF4827
00017D07
0002C83E
000075B1
000315FB
00029986
00012F73
FFFF5C98
00062350
FFFE23C7
0002D3C8
FFFF6DDC
FFFDB2B5
000041EC
FFFC1415
FFFBE1FE
FFFED35F
FFFE90C0
FFFC3B21
00003F2E
FFFCC50B
00018E0D
00025E37
0000585E
0001B86B
00005AAB
FFFF5C8E
000149FB
0001FAF4
00003904
00021027
000047A1
FFFE1B4D
FFFD8FE4
0003AD37
FFFD2CE5
0002659D
FFFFC14D
FFFFDFFF
FFFCC077
FFFDCEB7
FFFBF76E
FFFC7952
00009BE0
FFFD1F2A
FFFD3FC7
FFFEFEA3
FFFDC89D
0000468E
00007760
000397E8
0000E6BC
FFFC15B7
00023B73
FFFC3CE4
FFFE4A57
0002A5B5
00012B5B
FFFE5DBA
00020354
0001188E
FFFE915F
FFFFCBBB
FFFEEF20
00016D43
0001CB54
0002EEB0
FFFE59B2
00004ED7
00012939
000334C4
FFFF5C80
00033163
0001ACA9
0001337F
FFFDC208
00028B2D
00019936
0000333B
0002B491
FFFECFE4
0002C00C
0000D617
00010F63
FFFF452D
FFFD458A
00010A94
00035C60
FFFF1758
FFFD4DE8
000011DC
FFFEAD23
FFFEEC17
FFFEDE2D
00041CB2
00028CD8
0001A031
0005953D
FFFF3ABE
00050DB1
00031912
FFFF5C44
000006F7
FFFEAFFA
FFFD9945
0000D71E
FFFF5A74
FFFFE9F1
000207EA
00012F98
FFFF00AB
FFFF8943
FFFF0E40
FFFE23E2
FFFDE430
0002B095
FFFCF580
FFFE9C16
FFFEF8B3
FFFBAEEB
FFFF8BF8
FFFFE148
FFFEBA81
FFFD9394
FFFEA512
FFFCBED3
00017B6E
00005ADA
FFFCD341
0000B3AC
00033F16
0000CB61
FFFE4763
FFFD33E0
0001F46E
FFFDBC96
00006B51
00035554
FFFCEF5E
FFFD9E69
FFFFE257
FFFF5531
FFFCD611
000023D0
FFFE597E
FFFDCFD8
FFFE7498
FFFF4570
00029903
FFFD4F8B
FFFF5705
FFFE3973
FFFE73D9
000071BE
FFFDF465
00009C8B
0004FF4C
00018A49
00029F0C
FFFFCAE5
FFFE66F7
FFFF941F
FFFEB344
0003442D
0001D2BE
FFFDBB2A
FFFCF1A5
0002B043
FFFD0624
000085AC
FFFEE66D
0001EB76
00006040
FFFF8C29
FFFFE633
0000A697
FFFE5629
FFFC810A
FFFCCA5E
FFFF331A
FFFF5630
FFFCC983
000139B8
FFFCBD80
000233A7
0002567E
FFFEF7AB
000227D9
00026454
00000401
0002A937
FFFDBB56
FFFE2616
00027F1F
00014DF1
FFFDCDDE
0001E801
0000BC0D
FFFDF5B1
FFFE3183
FFFFF00E
00030639
0002572F
FFFF155E
FFFF27E8
000157D3
0004F82B
00003B4E
0002463E
000399BE
FFFC78A3
FFFD2843
0000E847
00020C69
FFFE925C
FFFF2CEF
FFFF8BD6
FFFFC697
0001A333
FFFD87E9
FFFDCCED
FFFEEC2E
FFFD3954
FFFE78AC
0002661C
FFFCA3DF
000151DC
0001EBBE
0001879A
0000CF55
FFFEB733
0002EF4A
0000BECE
FFFC2452
000103FB
00043CEC
000103D3
00000D9F
000373B7
00033333
0003C1B6
0000E43B
FFFE318B
FFFE3A83
FFFDE2E0
0002C54E
00009D15
0002C3EE
0001E4B5
0001A7B5
FFFE5192
FFFE886F
FFFE9CC6
00006F02
00038279
FFFE467D
000113C4
0002081E
FFFEC956
000027DB
0003D0D6
FFFD4735
000620C5
FFFFEA6E
0000CD5C
FFFE62A9
FFFF27EF
000087E1
0000767F
FFFFB548
FFFE9A73
FFFC4234
0001BDF6
00008338
000077C2
0002CD81
0000B728
FFFEEB0E
FFFF0AEC
0002FA1F
0000BA75
00010280
FFFCD028
FFFE5558
FFFE623E
0002C1A5
FFFDA5D8
0004AE22
FFFFF78F
0000BFB0
FFFF0DC5
FFFE78B0
FFFD360E
FFFF65A8
0000D076
FFFFAC61
0003AB54
FFFEF6F6
00030995
FFFF43A2
0001B52D
0004A785
FFFCA878
FFFED77A
0001452A
FFFFDA6C
FFFFA767
00010D03
000115DF
0003158F
000126C8
FFFF3151
FFFE0D16
FFFCDE17
0001B541
FFFD27D8
FFFEBDB4
00007B50
0001E2B4
00006D71
FFFF6445
0002583B
FFFF6CC0
FFFF1F5C
00018A01
FFFCD4EE
FFFD7F99
00000E3D
FFFE9D84
FFFDDB07
0002792C
00009BDC
00003164
0001A0D8
0000EB4E
FFFF4811
0002E28D
FFFEB1E3
FFFFCC81
00033053
FFFB06F8
00027FE6
0001F8EA
0001F9B5
00008CE2
0001DC03
00020F53
FFFE5963
00025056
0000F501
00038A56
FFFE6B58
000397DE
0001B144
0003BB6C
00034C49
0003913C
00024CEA
00044885
000126D7
00010CA2
000017D8
0000DAED
0000710E
00013F81
FFFF9615
000191AC
00006009
FFFF6174
000216F6
FFFD5BD3
FFFD51BB
000287EA
000372C0
FFFF622C
0001DAC8
00012559
FFFE10BD
0002B45C
000024BD
000173DC
00004D6B
00010A33
FFFE03A7
000409E8
FFFF71CA
0000149F
FFFE76B1
0000D71B
0000C653
0003D45D
00033C0E
0000B49B
0001181A
0001CB2D
000085C4
000351F2
0002F229
FFFFCBD4
000058A9
FFFF3694
FFFD90D1
FFFFE7F1
FFFBE69A
FFFD2DB7
FFFD3F14
FFFF0FEC
FFFCACD2
00017CFD
0000501D
FFFEE885
FFFF40C1
FFFFEBEE
00010ECD
00010D2D
00003904
00016DEF
0001F0A9
FFFEA9BD
FFFEBB40
00016AEE
FFFD2DC5
0001F6B4
FFFEE6D8
0000831D
00038B51
FFFE4C4D
00009CCA
FFFD6295
FFFEE192
00015268
FFFC6DDA
FFFEB683
FFFECF01
FFFF12C9
00017D2E
0001B905
00021AAC
FFFD2D98
FFFE9F19
FFFEDBC2
FFFDDFF3
FFFFF8AB
FFFE9439
00009E90
000034F5
0000CCDD
000384F2
000088CB
00027493
FFFE2145
0002B23D
FFFFFB48
0000CFFB
00032987
0003CDB4
00015319
FFFFC319
FFFEC91F
0001424B
00014931
FFFF25F2
0003EF9D
00032EEF
0000BACB
FFFE7C1F
0001474F
FFFFA3DF
00004770
00019828
0000D2B1
0001C627
FFFE9210
FFFF86B8
FFFF9737
00009674
0001B5AF
0002AEE9
0002ACED
0002F184
FFFF1ADD
0000DCCE
FFFED792
00003658
FFFEB2BD
00005E87
00030D87
00043CCD
0000F428
0000B53E
00012739
FFFFAFA7
00026F01
000325A4
FFFF0FF6
00018243
00025B27
00020544
FFFE3324
FFFCFD76
00005DFA
FFFF0EB7
FFFF1AC5
FFFED10F
000011BC
000070DF
FFFE92A0
FFFD52C7
FFFE592C
FFFB0533
FFFAA1FC
FFFCF843
FFFF8276
FFFAA494
FFFCDEEC
FFFF11DB
FFFDECD7
00001984
00022EBD
00022D94
0002B768
FFFF48D2
00036BF6
FFFEFBDB
0001CF2B
0000C119
FFFF9A5C
000047BE
FFFD89EE
FFFEBD99
FFFE6D3B
0000606C
FFFDADFF
FFFDD84F
FFFE7477
FFFDB2F2
0000C76F
0001FEF7
000355F6
FFFFF931
0001C700
FFFE4AF1
FFFF7F93
FFFC6905
FFFE8E07
0000B20D
000040EF
FFFFD295
FFFF2759
FFFE6BE6
FFFC53B7
0000F2EA
FFFE4978
00003F90
FFFDC1D8
FFFBED1C
FFFE4F87
FFFC2CD4
0000D1BD
000122F0
FFFC1400
00035610
FFFF43EF
FFFFEE77
0003644D
00035694
000134CA
FFFFA763
00029E6C
0000E67D
000463D8
0000C9A3
00012806
0003FEDC
00016C4F
0003E1F5
00030B8F
00011DD8
0001916C
0000C8A7
0001E450
FFFDA558
FFFE88BE
FFFF870D
FFFDC6DA
FFFD0AD6
FFFDE968
FFFF7B47
0000B39A
000174DB
FFFE93B9
0000E853
FFFF35BF
FFFE1065
FFFFF45E
FFFFC4FE
0001379C
0000FA95
00013637
FFFE7A5D
00032689
FFFD8B10
FFFF91DC
0001CD34
FFFF23AB
FFFF5782
FFFDDF6A
FFFFDF32
FFFE6577
FFFF76A0
FFFF6333
00019B06
0000278C
FFFEFD80
FFFF9672
FFFBA5BD
FFFECE0D
FFFE01FC
FFFE1553
FFFB2A8E
FFFF2F92
FFFDF73A
FFFDEB18
FFFF1BF6
FFFE9217
000359F0
FFFC7291
000095C4
FFFF2CFC
00011F1D
00001216
000031D5
FFFC169A
00000BD1
FFFFB9A0
FFFD44DB
FFFE6CD7
FFFF18B2
0000E049
FFFF5BF0
FFFEC7FE
FFFEFA0C
00014001
0001B512
00025629
00033DFF
FFFE3B82
FFFE572A
00016BC0
00001B90
FFFFD7D3
FFFFD3F4
0000483A
0001213E
FFFE9556
FFFEC7BC
0001E45E
FFFF5407
FFFF3721
FFFD8E26
FFFFBAE4
FFFF7DC7
00004E72
FFFF7060
FFFCFD84
FFFE4ACD
0002A6BD
FFFF2A19
FFFFE51F
00016217
FFFDE4A6
00039115
00021E6F
00028059
00030FAC
00036A0D
000348DE
0001334A
FFFDFECA
0002FA63
FFFF8EE3
FFFEFA84
00012E10
000137A1
00026F84
FFFEF3FB
FFFFEF29
FFFF33A2
FFFC6811
FFFD6B22
000054CB
FFFE7EDF
0000346C
0000B520
00002458
FFFD4F54
0000D119
00014A63
FFFE06A6
00008E30
000031A2
FFFF258B
FFFF6297
00025603
00028B5C
0001067F
00023F00
FFFD5FCC
00014701
00011B91
00025284
0003E8B2
FFFF1257
0001ED5C
0001F85D
0000CD3C
0003A5D8
00016AD7
0001A732
0002ECD0
000172B4
000030F9
00024A8E
FFFC4BDC
00017249
FFFFC180
FFFC86BE
FFFF9F93
FFFFA94E
FFFFE976
00017FBE
0001B60D
000178DE
0000F425
FFFE68F8
FFFFC94B
FFFFBDA5
FFFFEBFE
FFFEE706
0001E349
FFFDCE34
FFFE7894
0000AA4E
FFFE230B
0000C2FA
00015F23
FFFE4C4B
FFFF5491
0000424E
0000719C
FFFF768E
FFFDE222
FFFEBDF8
FFFEE0D2
FFFF5BB3
000009BB
FFFDE779
FFFFAD7B
FFFE7B4F
0001B23F
0003E0DC
0000123F
000080D1
0002E5FD
00002C48
FFFDF07C
FFFFD1E6
0001AF57
FFFE1522
FFFEF5EE
0000861B
FFFE796E
FFFD7ACD
FFFF5A6E
FFFF6E54
FFFF79B0
FFFD94FA
FFFF3C2A
0001CB9A
00011E04
FFFF9612
FFFFFA44
FFFCA331
FFFE6AF6
0000CD96
0000AEEC
FFFCC493
00007478
FFFD8CF0
FFFF1E4A
00015A2E
FFFB45E7
000076DD
FFFE1E25
FFFCAFA1
FFFF636D
FFFCC33C
000069F8
FFFFE61B
FFFC89F2
FFFEF0D1
FFFC86CD
FFFD1643
FFFD657E
0003073A
00002191
0001EAE3
FFFEEFA6
FFFE7620
00036639
FFFEE51A
FFFEAA5A
FFFFAF31
FFFFEA7D
000087DC
000071B2
FFFD94ED
FFFF33BF
FFFEC1B8
FFFFF10F
FFFF91F6
FFFD3724
FFFC73EC
FFFF6B65
FFFED9D7
FFFD92B6
FFFEB581
FFFE2FF8
FFFEAACD
FFFFA6BB
FFFEF7C4
0001CBD0
FFFF8AE0
FFFFCDD9
FFFFFB5A
0000B35F
0001062A
0001AC3F
00006D46
0000D8F9
FFFFE171
FFFD3965
00003F0B
FFFF1130
FFFF960B
FFFC7DE5
FFFECE98
0001746E
000126E9
000264FC
00016015
00038D5F
00006921
000012B9
00039AB5
0000D68D
0003A84E
000416CD
FFFDA371
FFFC917F
FFFD2DBD
FFFF5194
FFFED5F0
FFFD2F6F
FFFDC0DD
FFFD77C8
0002CF09
FFFF164E
FFFD8EB5
0000486C
FFFDBD56
00017105
FFFC8F88
FFFFFA96
FFFCFBE2
FFFEB6F3
FFFF7348
000148FD
0001B175
FFFCFECA
FFFD6890
0002F1CD
00021BFC
0000D9D4
0002C5F7
000339C3
0001F567
00000A82
00016A22
FFFE03CD
00007854
00010044
FFFF8C45
000085F5
000136CD
00003BC1
00022867
FFFE16E7
FFFDACC0
000380BB
00008BC8
00002180
00007643
FFFE715A
00014C63
FFFF4B5F
00005BC8
00005C4B
FFFE3223
00012BFD
00023405
FFFEB34D
00013E0D
00032CEF
00015212
0002565C
0003B21C
000033C3
0002BFA2
FFFF3F8B
0001B368
FFFDE295
00009454
FFFF423C
FFFF8FA1
00000DA4
FFFFBE9E
0000A776
00027626
FFFD52D6
FFFE50CE
FFFE7E57
00019049
0002EF7E
FFFEB3CD
00002FFB
FFFFFFE7
0001CD06
0000620A
000313BF
0002829E
00025CE4
FFFEE445
00012B8F
FFFFD72D
00026C43
0002B9B4
00021512
FFFEDFE6
00016317
0001976E
FFFEFCA8
00011868
000185C3
000077FF
0002DCCC
FFFF83B9
0000F6E9
FFFD6821
FFFFD8AE
FFFF0875
0001B4DA
00003B6B
00028805
00003945
0000CF40
00002E9D
0004116C
00051A93
0001E62F
00020381
0001ACD4
00020070
0000E49C
0004D6B4
FFFE582D
FFFDFC22
FFFFF04F
FFFDC0D8
FFFDE3FA
FFFF64BF
00017980
FFFE4FEE
FFFC6B7D
0000D7C0
FFFB0342
FFFF6055
0000D5BC
FFFF6F1B
FFFC739F
0002B039
FFFB49B4
000098B3
FFFFAC6E
FFFDA860
FFFFFD6F
FFFFAD13
FFFF4176
000007AC
00020007
00004A84
00000AF0
FFFF9F28
0000993C
00001D32
FFFF9670
000107E7
00016485
FFFFE6E4
0004A88A
0002526C
0001CF98
0000F6E6
00002C52
FFFE7DF1
0000E483
FFFFB072
00028A45
00005FC1
FFFF2EFA
FFFF6297
00022D50
FFFF5E4B
00017A96
000087F6
000224BF
FFFD625C
FFFF01A2
FFFF993A
0003A2D5
00002C7B
FFFDA0FA
0000A71F
FFFD0326
FFFED535
FFFDA105
FFFDC4AD
FFFE95EF
0001D742
FFFFC2CE
00000EF0
0001D096
FFFF21DA
0000BAFA
00026652
0001E212
00004714
0000278B
FFFED3DA
FFFE6F1F
FFFDBC50
FFFF384D
FFFE601E
FFFE252A
FFFF0CB3
0000D249
000352D3
0001609B
FFFF9631
0003E529
00028677
000242CE
000228FA
FFFF5534
00027A78
FFFED823
FFFE408A
FFFFAD9B
FFFDF185
FFFE17C1
0001C88A
FFFE0236
00004CD6
00022806
FFFFE2BB
FFFF8AA8
0000E591
0000E87D
FFFDFE58
FFFE7D24
FFFDDD04
FFFE9D41
FFFF10B4
FFFEFDD1
FFFC5005
FFFC524E
00003284
FFFD623B
FFFEA1B2
FFFF0EE9
FFFF2633
0002529A
00022A49
FFFE9F34
00011B0A
00003A86
0001A123
00007174
00039C9C
0002ACB5
000100EE
FFFDF43C
FFFF3560
FFFF1E29
00022C95
FFFE7C93
00025AC8
FFFECAD1
FFFFDFCD
FFFF791B
FFFF215F
FFFFD2B8
0001992A
FFFE591C
FFFE6C4C
FFFFC9E6
FFFF1A74
FFFEF5E7
FFFFE504
00001060
0001D675
FFFF7650
0000C833
00006649
FFFF175D
FFFDE2B1
0000B5D2
000046BC
FFFF9F05
00006DFD
FFFD6436
FFFF33D6
00000F53
FFFEA747
00010579
FFFF9484
0000E0E6
FFFF18F2
00019BEC
FFFE7D8D
FFFE23D9
00023DBB
FFFF5B0D
000031F4
FFFE65FD
FFFE7054
00016F8E
FFFF994C
0000C629
00004C7D
FFFF62ED
00010964
FFFFDB44
FFFD583E
FFFF4167
FFFCD328
FFFD9A94
00008331
00001914
FFFCE6CB
FFFFC910
FFFCFD8F
00039783
000150A1
FFFDA7A0
FFFC81DD
FFFFC282
00019780
00015C2A
FFFFBD69
FFFE47D8
FFFFEE6B
00013A60
00016793
000137E2
FFFFD1E3
00020287
FFFF77F4
FFFEAEF4
00013E41
0001504A
0002863D
00006E15
00000532
00006129
FFFD6A8B
FFFC709D
0000CA1B
00019DD7
FFFE437F
FFFC337B
FFFEE77D
FFFEE350
FFFFF8B2
00017579
00007689
FFFD55F2
000107CD
00009DCD
0001B19E
0000DB4F
FFFF8A37
FFFF92FE
FFFEFBE1
FFFD29CE
0001BDAA
00019857
00014141
000211A8
00021A61
FFFF7B85
FFFBEEAF
000106D4
FFFD7F13
FFFE2050
FFFF3597
0002DC37
FFFEA2C9
FFFF5077
000067D3
00009461
FFFE25C9
000397F0
00007D33
FFFE39BA
00011D6B
0001A258
0000845C
FFFEC962
000195DD
00005841
FFFDA870
FFFDA50C
0001564F
000021DB
FFFF047A
0002D251
00041DC0
FFFFFE97
00012B81
0001E4F0
00031B42
000380D9
00012C4F
FFFFF9E6
FFFF2A30
00038D6D
00039243
FFFECA8B
FFFE41CB
000263BD
FFFF6DD9
FFFE276C
00017778
FFFE4637
0000DD98
FFFF6AB5
FFFF1B7B
FFFF99BF
0000D1E9
FFFF18DD
FFFE09D2
00005CED
FFFE35BE
000140A9
0000314E
FFFDAF39
0000E000
FFFFFA39
FFFEC94A
FFFFF2F6
00007CE5
00005880
00012E07
FFFD67CF
00021F1E
00024326
FFFFB20E
00001314
0002036F
000080FA
FFFFFC58
000265ED
FFFF2BCD
FFFF9F53
00007FD7
00005976
0000E5F4
000276C7
0003925B
00004C76
0000B02F
0001BA91
FFFDE99E
00006950
FFFFAA3C
FFFF595F
FFFE8D1A
FFFD33F9
FFFFDD0A
00014570
0000578C
FFFF07FC
00006667
FFFF7EAD
0000A53F
00000009
FFFE8DD4
FFFD3F27
FFFF187D
FFFCCD0B
FFFF0B16
FFFF3FBD
FFFC88F1
FFFFA0F7
FFFF3CB0
FFFF1437
000112B6
FFFFAE20
000178CE
00006325
00021E58
00012694
FFFDFDE4
FFFE9B80
FFFE3E42
00015851
00006278
FFFEFFEC
FFFF691B
00014DE8
FFFDDD20
FFFFC210
0001A683
00000150
00016AE9
FFFE8415
FFFEF53A
FFFED223
00011807
00004017
FFFE763E
FFFE1D6B
FFFD3AC5
FFFFDD56
0000468D
FFFDF0B0
00012635
000173B6
FFFFB302
FFFE38A1
FFFD7E41
0000F0CA
FFFE4249
000059AE
00003F31
FFFF50CB
000062B7
FFFE856F
FFFFBD52
0000F60C
FFFDB631
FFFE9529
FFFDFE43
000070CB
FFFFCD76
FFFF9B8A
0001B826
FFFF7BAE
0001E45A
FFFEC443
0000419A
FFFD4539
FFFE841D
0001C778
0001015E
0000745B
00016CC1
FFFEC6FC
0000BD56
000178BA
FFFEE9CF
FFFD1FF2
0000EA99
FFFF5727
FFFCD372
0000F4C4
FFFF3A5F
FFFD5093
0000700A
0002C6B8
0001095D
00024A43
000075DB
00005CE9
000159FA
FFFEBF99
0001275E
FFFF3782
FFFF5D77
0000973F
FFFFEA7A
FFFCF324
FFFF5486
FFFFE6F0
0000BBCA
00027208
0002149A
00039CE1
0003098E
0001EF02
0002DA4E
00031760
0000080F
FFFE99DA
FFFDF50F
0001D675
0000B5AE
FFFEFD83
00006A74
FFFFA55B
FFFF9986
FFFD8B60
FFFB4C5B
FFFF5477
00002C89
FFFF620A
FFFE8A1D
FFFF49B8
00029DFF
0001D359
0000309D
0003178C
0003F0EE
0000DA4D
FFFF147D
0001D17C
00013452
FFFDBEF0
00014E44
FFFFBBF6
0001371C
0000DE5C
FFFDD34C
FFFF4012
FFFDBC15
FFFFF120
000221EA
FFFE9781
FFFEFBB5
FFFEC1DC
0000B196
FFFFB3C5
0001349C
0001BEAA
FFFFD44D
00006A5A
FFFE0C0E
FFFFB9D1
0000CD20
00011D39
0000BC7A
FFFF2ED5
FFFFEC92
00009EDA
FFFFEBD5
00004C40
FFFF9EAA
FFFF4840
FFFDD606
0002AE08
00011CF0
00003CD6
FFFF46C9
FFFE4B00
FFFFD9D9
0001447B
FFFF41BF
0002449B
00005253
FFFD8F27
FFFD18EC
FFFFD5C1
FFFFE40C
FFFFB84B
00000F94
FFFE7AA9
00004DFF
FFFFDD31
0000CACA
FFFF9644
FFFF6FA8
FFFEA097
FFFFFEFC
000011F8
0002D28C
FFFEE2DB
0000E205
00025C67
0003A27D
000270CA
FFFFCD5E
0000B2F3
00009654
0003D6A3
0003FB50
0000D281
00001840
000117E4
FFFE00EA
FFFE3D1F
FFFCD2F1
00012658
0003067F
0001CE63
FFFF0E9D
FFFF643C
0001E930
0001FBB3
FFFD7372
0002A0C3
FFFFA483
FFFF1C1B
0000261C
FFFF0695
FFFE047D
0001B2B9
0001C8EE
FFFF77B9
000078E9
0002C3C9
FFFE0B15
0002C96D
FFFEC706
FFFF0691
0000E074
0000B259
FFFFDD93
FFFC98E8
FFFE53BC
00004B85
00016B0D
000184F3
0000D470
0001E28C
FFFF2D56
FFFF614F
00028D78
FFFFCACF
00010999
FFFF52F7
FFFDE173
00006656
FFFDB240
FFFD3FDB
00004C6C
0000189C
FFFE1C45
FFFF7248
FFFC9C45
0000C184
FFFF295C
FFFF164C
00008E57
000254A1
FFFF3E7E
0002A052
00005414
FFFFD051
00013C4D
0000BF38
FFFE2424
FFFEA048
FFFE714A
FFFF08F4
00019243
00026ED2
000098BD
000224AB
0002243B
00028046
FFFE5D6F
0000E7DC
FFFDD025
0001481D
FFFF2BF6
000112B3
FFFFC2CB
FFFF474E
FFFF51DB
FFFE5088
FFFEB923
FFFE7FE4
FFFE6525
00005E2B
FFFDB053
FFFF6421
FFFDF5D7
FFFDFB63
00000859
0000272E
FFFDAE6C
00000345
00037E2C
0001C095
FFFFE47E
FFFFE610
FFFEC3D1
FFFEC6D2
000125BC
0000103C
0000D78A
FFFF20B5
FFFFF577
00041927
00015B9B
00022B19
00021F11
FFFD62E0
FFFFF5FA
000336AF
00012FF6
FFFF9408
FFFF89A9
FFFFDD17
00000183
0000F833
0000E300
0000F5AE
FFFFD74B
FFFD6190
FFFE1D84
0003F9A9
FFFFE253
0001B7AF
0003117A
00012706
FFFDED4F
0002BF80
FFFF11BA
0001B4C5
00025302
0002C839
0001B537
000024AD
FFFF7691
00029C5B
00036D2A
000059C9
FFFEA653
FFFEEF46
FFFF9F89
FFFCED83
00019D26
FFFFFA47
FFFDB1BE
FFFFE218
FFFF3ACA
00003668
FFFE40B7
FFFFD0BA
00017129
FFFE5612
FFFFE45A
FFFF1757
00007CC7
FFFFAF63
FFFF42E3
0002B37E
00002D29
00027185
00019001
FFFF7F4D
00035208
0001D05A
0001FDC5
00027922
FFFF4A29
0001E3B7
0001CD91
0000BCA3
FFFEAA2B
FFFE8970
FFFDD77A
00007C24
00013779
FFFF6904
00002152
0002D756
FFFEAB94
0000932A
0001FA2D
00011668
00035893
0002DC45
00037687
00014239
0000CC3A
00016DC5
FFFEA6CB
FFFE2671
00001219
000163DA
0003A2F5
0001F136
FFFF8DD6
000290DA
FFFE68C7
FFFE4536
FFFFBCE6
FFFF590F
FFFFF9F4
00019797
0000B615
0001E3C9
FFFEC043
FFFE5986
FFFF49D8
FFFF3D8B
FFFDBAC2
00020C4F
FFFDD61E
FFFE86DD
FFFF1808
0001BCD6
FFFEE4EA
00005BCA
000308F4
FFFEF0B8
000190DE
00019A83
00001579
00000131
000014CC
00012597
FFFE242E
FFFEA3D0
00000D93
FFFE400B
00009FD7
FFFC3CEB
FFFD97DA
000021EE
FFFE0A35
FFFD3E4B
FFFE3EC9
FFFFD6D4
FFFD87FC
FFFEA721
0001955A
00012B6E
FFFE3C86
00004F65
FFFEE1AD
0001E8C7
FFFF5DF7
FFFFDB53
FFFFB250
FFFDBF78
000115AF
FFFDEFE0
0001625E
FFFF7371
0000426A
FFFFF72D
FFFF04C3
FFFCB32A
FFFDC018
0000E3D6
FFFDA629
FFFE70A5
00005241
FFFE147A
FFFE7F2E
FFFE34BE
000092FD
0002E687
FFFF8421
FFFE8008
000171A6
FFFF6D68
0000BA60
0000A9AE
FFFF1CC1
00007005
FFFE3D46
00001905
0000A7FD
FFFCD870
FFFE82A7
FFFECFD3
FFFE13B4
FFFFDC97
FFFE511E
0001A322
00004729
FFFE85A0
0001C175
00029C41
FFFF9843
0002BDA9
0000CF03
0000D8D5
FFFE0F2D
FFFDEB72
FFFDE9A0
FFFDF5CB
FFFDF336
000118AA
FFFFB4DA
FFFFB2F6
FFFD1B4E
FFFF9501
0000F618
0000BC6D
0000D9C5
0001265A
0000B19F
FFFEAE53
FFFDEC63
0000D0C6
0000A069
00008F29
00026CBD
FFFEBE36
00001039
0000DAAA
FFFFD590
00030222
FFFFE24A
FFFFD782
FFFE6AAA
FFFE373E
0001C064
000249A7
00006ACA
FFFFC998
FFFE3CFC
0000D4AB
00005F69
0000C1ED
FFFDFF36
00000968
000136DA
FFFE4A5B
FFFD74E8
0000FB7A
00010C5E
FFFE11C2
00007776
0001D133
FFFFBA52
FFFF430E
FFFFB693
FFFF8D22
FFFE8F46
00012E83
0001F027
00020048
0000D5E5
00028514
FFFFDF8C
0000AA18
00024193
0001B836
0003FC46
FFFF6A74
0000AF85
FFFD91B3
0000D19E
00003C22
00002EFE
FFFFFE03
0000CE03
00000A51
FFFCD75F
000042F1
FFFF49F8
FFFF0791
0000B12D
FFFE312F
00022E25
FFFF6C68
0001DAD4
00040FB7
FFFFDC4C
00011253
00005A58
0000F14E
FFFE40D1
0002AF8D
0003E096
00035748
0001997E
FFFF1EDB
FFFDC785
00033CF9
00021C3F
FFFEBD0D
FFFF6AD8
0000023A
000074D2
000012ED
FFFEE23D
00033B13
000069C6
0000F280
00013FB2
00019B8E
00009159
00011FA8
FFFDB515
FFFE3563
FFFE8601
00002667
0000AA33
000049E4
FFFE6FAC
FFFFFE44
0000AA43
FFFF480C
FFFF473F
FFFF0CD6
FFFFB7D8
00009179
FFFCC12F
FFFCA177
FFFF391B
FFFF41A8
FFFF8440
0001179C
00012EDA
0001C541
FFFFD206
000063CD
0001639F
FFFFA896
FFFFE95B
FFFF5402
FFFEAF27
FFFF08BB
FFFF2924
000074C1
FFFFA1DC
FFFF097B
0000FF13
FFFEA87E
FFFFA766
FFFEF70B
00013683
000191E0
0001AA46
00009360
FFFF9D09
00003897
FFFDD717
00014745
FFFDA9E8
00009BAA
000095DA
00030475
00005B5E
00003C26
00025891
FFFE017F
00006AE3
00001084
0000EF99
FFFDD4EB
FFFEFE46
FFFE5F78
FFFFBB21
000227F2
FFFFCD65
FFFEDDB4
00027333
0001ED57
00021D68
0002E508
0000A2DC
0002198B
000308CD
000123BB
0002590B
000076F0
FFFE8341
000169E0
00006638
FFFF9DBD
000163F6
0001C8B7
0001331C
FFFF1BAF
FFFF5FAF
00002FC5
FFFD4D91
FFFED5AF
FFFCD1BF
FFFDF66C
0000ABEB
FFFD2A61
0000DA6E
0000087A
0000D9EE
00011EB9
FFFFDE02
000176AC
FFFD48A6
000031F8
0000F430
00004A9A
FFFE06F7
FFFE1CB0
0000EF8A
FFFFD7B9
00004111
FFFF691D
FFFEEFDE
0001D729
FFFEE825
FFFD7125
FFFEBEAB
FFFF9A4C
FFFCB570
00008773
00007D78
00004D85
FFFEA0C7
0001F62A
00024188
00000025
00004216
00004A6E
FFFFF00A
FFFF88D5
FFFF6D37
00007C9E
0001EBE7
000186DA
0001036D
FFFF029C
FFFDCEE1
FFFE04EC
00024106
000248BA
FFFF110C
0002B1AF
000128A6
FFFFA60F
FFFF5B07
00004654
FFFFEDB3
0000DC9A
FFFE4582
FFFF666F
0001D891
00029556
000124E4
00030A2E
FFFEFF53
FFFEE3CA
00011496
FFFECCE7
FFFEAB43
00022C9E
FFFED00C
00013A92
FFFE8B8F
0000DF85
FFFF1BEE
0003A1AB
0000DD04
000196D3
0002A70B
0000A012
FFFFB9A0
00022918
FFFEFD19
0000F4C5
000068D9
FFFF87F0
FFFFD33B
FFFBD1B3
FFFDEDB3
FFFF6366
FFFEEFCF
FFFE6EA6
FFFFAD57
FFFA52F9
FFFCA6D3
FFFC573A
FFFF2534
FFFE32BA
0000558B
00026CE4
0000A267
00033094
00035E4C
FFFF7AD4
FFFE3BDA
FFFDC8C2
FFFC8FB6
000259C2
000149FE
0000A561
0001912B
0000E22B
00031E3E
FFFE7BC5
FFFD53F6
FFFE3083
00014931
FFFFD266
000108FD
FFFE0620
FFFEBE80
00019EE8
FFFD3139
FFFF038C
FFFF34FA
FFFFA01A
FFFE9C43
FFFF39C9
0000292F
00009E68
000244C9
0003C350
FFFF2AAC
FFFF6845
FFFDC81E
FFFED51C
FFFE2991
FFFFA353
FFFFE3DA
FFFD6C00
FFFD5727
FFFF87E5
00008EA1
FFFF2BC6
FFFD032F
FFFDEA63
FFFFB8B8
FFFB5136
000000AD
FFFAF219
000171F7
FFFBD0D2
0000F4A4
FFFD2F33
FFFB0DBE
FFFD25E1
0000D315
00010EF6
FFFF1FA3
00004087
00012C58
0004AF98
0000546F
FFFDF868
00012C77
000433EA
FFFF9CD5
FFFF8DFA
FFFF2B37
FFFC77D7
FFFC0843
FFFD4C36
FFFAE265
FFFC0CCD
FFFDCAF0
FFFCC0A5
FFFE5B4E
00009976
0003A0AA
FFFF9730
FFFEB719
000319EA
FFFE0679
FFFF8B53
FFFDBE18
0002AC90
000025E5
0002BE2B
0000B22E
0000115A
000037F0
000448FC
000075C5
FFFE96B7
000071D0
000049C3
FFFF5A8C
000339F3
0000E0FA
000214B0
FFFEE7D2
0000849A
FFFE869D
00006AF6
FFFE26E7
FFFFCA08
00019077
FFFB7EAD
0001AEFA
FFFE4833
0000FD17
0001826C
FFFD22EB
0002CD79
0001DB7D
00022BCC
FFFE2B4E
FFFE85EF
FFFEFC28
0001711D
FFFFDB82
00003ED9
00022109
0002ED0A
00026100
000163D8
FFFE4174
0000476B
FFFDAC6D
00039E59
FFFFF521
FFFFFD06
FFFCB372
FFFC2941
FFFF506A
0000BCC4
FFFA0356
FFFF00B0
FFFCE003
FFFEAD5E
FFFDB747
00008ABA
00014F2F
00004316
FFFD0D39
FFFF9620
FFFF562D
FFFE1AA8
0001FB77
FFFFC2A1
00029EA4
FFFE997A
FFFEFE3B
FFFF4E6B
FFFBF568
0003EDD9
FFFDA89C
FFFD78E0
FFFE76F3
0001C419
FFFF29C3
FFFC887E
0001DE3F
FFFC7230
FFFDE10E
FFFF44DC
00031E9B
FFFD652F
00043715
FFFE35BA
000264D7
000157F4
FFFDD856
000013C2
0003CAA3
0004FCEE
00022E8F
FFFDE617
000250DA
FFFC8733
00017128
FFFF214A
0001BA72
00017E82
000005CA
FFFE870F
FFFD0926
FFFF93D0
FFFFB70A
FFFC996C
FFFDD08A
000328F5
FFFE0C03
00016195
FFFCC708
FFFD3452
FFFFDEC6
FFFD4C39
00004DAC
FFFB27D2
FFFD496C
FFFAD64B
FFFE5A2C
FFFDFA0D
000117C7
FFFE8592
FFFFF2F3
000204FD
FFFE1E82
0001E76C
00029CCC
0001771D
0002E6B1
FFFEC2E3
0000B560
FFFF5A41
00024C82
0001BCF0
FFFEE1E5
0004BA40
0002820B
FFFEBFFF
000062B2
FFFD878D
0000AD01
0000472D
00019544
00009CA0
0000DAE2
0002D14F
FFFDA933
00018EA5
0000DFB9
00009591
00032B36
FFFECE8A
0002E10E
0001AD11
00025C8D
FFFDCDB5
FFFBCC44
00007160
0000F230
FFFC603A
FFFDE971
FFFBD8AA
FFFB8A6A
FFFC55F3
FFFE3C0E
FFFC83EF
FFFDE446
00016A2B
FFFE48A0
FFFB7153
FFFE1D02
000164CE
FFFD5B9E
FFFDB42F
FFFD8CAE
FFFBB764
FFFEE756
0000DC0D
0001DBF0
FFFDD7CA
FFFE0172
FFFD3AD3
FFFE882C
FFFCBA0A
FFFCF757
00010CA2
FFFEF611
FFFDA791
000067AB
FFFD7502
FFFF084B
FFFF6350
00026FAB
00014DB0
FFFDEA6E
00022C79
0002070D
FFFFF29B
FFFEF7B6
0000D91E
FFFFB72B
00001D63
0001BCD6
0001F45B
00002D49
00009181
0002565E
0000091C
0002D76D
000103EC
FFFDEFB8
FFFD6322
FFFF8C7A
0000DDC7
FFFF980F
FFFDA6F0
FFFED1BE
FFFA2E6F
0001877A
0001FBD4
0000A67E
FFFD9E09
000382F3
0001B5C6
0003A06A
0002FD65
00009032
0000E7DC
FFFC8755
FFFEA3EE
000036E2
FFFDD81C
FFFD9A70
FFFF358A
FFFD6348
FFFAFEA4
FFFE9408
FFFE32D3
00006E0D
FFFE0C4F
00016D7B
FFFC08EB
00001E8D
FFFCA943
FFFC72F1
FFFD915A
FFFE5E4B
FFFA806B
FFFCF273
FFFC218D
FFFE795C
00002F52
000217E7
FFFFCED4
00030BB8
FFFFDF82
00031B8C
FFFD5611
FFFC7FD6
FFFCBB22
FFFD6D10
FFFFBA54
0000904D
FFFDBD83
FFFEF269
FFFC1447
0001DDDA
0000370A
FFFE83BE
FFFCF52E
FFFC73DE
FFFC9473
0001304A
FFFE4E0D
FFFF3A3A
000126A1
FFFCB5A4
FFFF3C5A
FFFF7028
FFFFB981
00010B19
FFFE99CD
0001DA1B
00055183
0000423C
0002B418
FFFF7873
000088B8
FFFFE77D
FFFE967E
0001E8AB
FFFC8CD2
000235D8
FFFED9B8
FFFF01AE
00037F4D
00025022
FFFF961F
00009C9E
FFFE3253
00002DAE
0002DE38
00020423
FFFCACDC
FFFCDEA5
FFFDF476
00006DE3
0002AE8F
FFFD5816
FFFCF888
FFFD8317
00002809
00047558
FFFF3630
FFFCB99F
FFFD7BE2
0002124E
FFFE254A
FFFC9E44
FFFF5C9D
0000040D
00006973
FFFE0D53
FFFEBA22
000000FF
FFFEBD4E
000357B9
0000229E
000287E5
FFFF0CFB
FFFDD099
00010ABD
0001C4E8
FFFF6D40
0002385B
FFFCB80B
FFFE7876
FFFCE6B4
00006E31
0002CF92
00021C89
00013462
FFFDD82E
FFFE52F2
000178FF
FFFFEAE0
000179F9
0003A765
FFFEC401
0001CD2E
FFFED46F
FFFE390B
00014A16
FFFDAA0D
00016882
FFFEC044
000099BB
0000A768
FFFF6499
0000A591
FFFD499F
FFFB64FF
0001F520
00013A22
FFFFC06E
FFFF8CAB
FFFFC051
FFFD6E71
FFFF8A7D
0002E7E1
000306E2
00005AFE
0001AF81
0001D821
0000CA19
00001A1B
FFFED7DE
FFFD3700
000324F2
0001CCDC
FFFF326B
0002C7C9
0002F9B1
000234D5
00030779
FFFFFE44
000108A4
00050A23
00012AC4
0000366C
FFFFF13E
00013CC5
FFFF5D16
FFFE7F1B
FFFF5CFE
00019BBC
FFFC8A31
FFFFE389
FFFF7D2A
0002E9EC
0001086A
0003AACD
00037B66
0000F1E6
00014E2A
00041553
0001CDF4
0001237F
000061EC
0004343E
FFFCEC97
FFFD1127
00009FCB
0002C3CD
FFFD6360
0000D6DF
FFFB7867
00008E6F
FFFF44B9
FFFE87CC
000050D7
FFFC6F38
0001A9AA
FFFDB99B
FFFE9E46
FFFE66D6
0000C306
FFFC6EEA
FFFD1A5D
FFFE7EE1
00034B95
00028F03
000171C2
000056FF
0000109F
FFFE163A
0003F0A9
00020DEE
FFFE8F55
FFFD95F5
FFFDC4B5
FFFC7DBE
00018DE8
FFFEAFF4
FFFD4400
00010723
FFFFC32D
000061A0
FFFB6D77
FFFEC705
FFFB0EBB
00000267
00001884
000159DA
FFFF6FA2
FFFDAA36
FFFD9A48
0000D227
000003D4
FFFDA074
0000FE9E
0002A648
0001C088
FFFEEAD1
FFFE7D0E
FFFE5BD6
FFFE4403
000331D1
FFFDFED6
FFFE1B9A
FFFD86C8
0002DCE4
00022ABD
00027B64
FFFE0734
FFFEF2D7
00002598
FFFF1F69
00016116
0000B814
FFFC0CD9
FFFEE943
FFFED735
FFFC6177
FFFF01D4
FFFBA574
FFFF0534
0000BE04
0001B397
0004B9FF
00010677
FFFD2BF5
00036B6D
FFFEB281
0002CD6F
000415A0
00010220
FFFEB047
00030AD3
0001E6DB
0000928A
0002FC71
FFFF206C
00023CA5
FFFFF15B
00036E22
FFFFD09B
FFFCE6C7
FFFBC96D
FFFEAA42
00027912
00008ACD
00008C39
FFFF198B
00014916
FFFF0E12
0002BCF1
0002A296
FFFDFB92
FFFEB91C
FFFE4890
FFFF11F7
0003F8EA
0001BCF6
FFFF4ACA
FFFF9E75
FFFD74B8
00031A18
00007F02
0002F8C6
FFFBBCBF
FFFD367F
FFFF53D9
FFFE6B37
FFFD3BA0
FFFC63E8
00012F29
000128BA
000105A5
00014A3A
FFFF82C6
00001AC3
FFFDDD8D
FFFBD862
FFFAFC65
FFFA7153
FFFFE6D1
FFFFB7D3
FFFFD3E1
FFFE4B96
00024423
FFFE313B
00023D1F
00003A05
FFFFBC10
FFFE1FC4
FFFD0561
FFFD222C
FFFFBEC2
FFFF9D82
000257CB
FFFDCCA2
FFFE6DE0
0000B4CB
FFFEFB79
FFFC9708
FFFCCC01
0001E9CA
FFFC99DF
FFFA5B9B
0003F3F0
FFFFBCA7
00024B8D
000044EC
00029A19
FFFBB0EB
0003F650
000035F6
FFFF3304
0002FA3D
FFFF56C1
00039CB4
0003ECBB
00011FB6
FFFDFEF0
0003A3AB
0001D3C1
00017911
00027D6F
FFFE152F
FFFF51C0
0001E89E
00011C5D
FFFFE47D
0003E662
0002F17E
0000B606
FFFCD0A4
0000BCE0
00004580
FFFCBE9E
FFFBCE70
FFFAEA5F
0000EC28
FFFF76D5
0001BF9D
0002271C
FFFEB525
FFFEC8B3
000429C4
FFFE8641
0000C8F8
FFFD4810
0002C4BA
FFFBF3BB
000005FB
00013E7E
00052EB3
00001740
0001942C
FFFEF4AF
FFFF31A0
0004EB4A
0000E961
00034CE4
FFFC1869
0001E519
0001196F
0000143F
FFFD0F82
00035F47
00024FA7
00050ED5
00047CD7
FFFD898F
00029BD3
FFFD215C
0006995B
FFFBB2BB
FFFB69B1
FFFFFCD8
FFFF62E8
0002C4E5
FFFF3BE4
0002E7B2
FFFF914B
FFFEE88C
0001FAC3
FFFE9EB3
FFFFCEE8
00000555
FFFD7E3E
FFFAB93E
FFFD37DB
FFFC2642
FFFB799A
0000AB34
00007B7D
FFFDDDB2
00036C3A
00021EAA
00052FFA
00039EC7
FFFF4A54
000305D8
FFFFB3B5
FFFC9AF6
00060073
FFFF771F
FFFBD9D1
00013B59
0002CD44
FFFE85CE
FFFE62F1
00028520
FFFE773F
FFFCE88C
0001A27C
0002708F
00017344
FFFF633E
0002E7BA
0001DDEE
00023165
FFFCD069
FFFD66F4
0003BF6E
FFFC85BC
FFFBEE9E
FFFC1A4B
FFFF97DB
FFFF855B
FFFDB083
0001BA09
0000FEEC
0000C5B9
000019CB
FFFE2205
FFFE3067
00016D9B
FFFE193C
0001FFDE
FFFA18B1
FFFE58EB
00039F53
FFFB2B50
00044190
FFFE3003
0000CE91
0003983E
FFFC4AF6
FFFCD031
FFFD64B5
0001B7D5
00030D9D
00055522
000437D1
00004FEA
0001C90C
000309F8
FFFF8EB9
000050BA
FFFE7065
00051373
00036B3D
0001860C
0000C276
0002ED8E
0002107B
000157BB
0002B1BA
0000DE2A
00057007
FFFEE53A
00040A2E
FFFEAA3D
FFFC72C8
FFFFDF81
FFFCECAB
FFFFB809
FFFF7F13
FFFF043C
FFFF31EE
FFFE2626
FFFC7BCA
FFFDCD57
0001EBE7
FFFE5CF8
00001F26
000087BE
FFFB72DB
FFFDD492
FFFEAFD4
FFFA2271
00012115
FFFF3FB1
FFFB3AE1
FFFD843E
00003056
0002403B
FFFD7EB6
FFFDC627
FFFDA71F
000206D9
FFFC57C7
0001A577
00019F04
0001087F
000130FF
FFFBD0C2
FFFFCE22
000050C1
FFFF83D4
FFFCE89A
0000BD37
FFFED563
FFFDFCC4
0003F34C
FFFD5159
0002E8CE
0000234F
0002F03F
FFFFA188
FFFF51C5
FFFEF185
000101D5
00003964
00020871
FFFD5FB3
0000EE8C
000322A7
FFFF00C0
FFFCB30A
000293F1
FFFF877A
0002DDEB
FFFC8457
FFFDDEDD
FFFFDD2E
FFFC7665
00038240
00038366
000264EC
0000B88A
FFFF814C
FFFC07B1
FFFD157E
FFFD7842
0000D8AB
0000E4E4
FFFB7242
FFFCE7E6
0000742A
FFFDE986
FFFAD6C1
FFF972AA
00005BFA
FFFDBA9E
FFFACE22
FFFBCFC3
000058FD
0000C9B4
FFFE4860
00015A40
FFFF5499
FFFF17D5
FFFEC687
00006900
FFFF8671
00012BA8
FFFFD341
00027FB7
00009BAA
00027887
000059AA
00015C17
0001131E
FFFD300A
FFFFF43B
FFFC0B98
00010FF2
FFFCF97E
00009041
FFFD93E2
00015F26
FFFCFD1B
FFFCDF36
FFFB0234
000136A9
0000FF31
FFFCFADB
FFFC91C7
FFFFC5CC
00015479
00013755
FFFB003F
00034D6B
0002117D
FFFD9D55
FFFC1B68
FFFE188C
FFFF9B1E
FFFDF4FD
FFFAE09C
FFFE302D
FFFE29DE
FFFDCB4B
FFFDDA0C
0001C218
FFFC5B2E
FFFBCE0E
00016FFF
FFFDFE12
FFFE379F
0001E2AA
00022C4F
00040E36
0004FC92
00029F7B
00076A51
00043559
000124A9
00054DA6
FFFFFE8A
FFFC1986
FFF88A53
0003F405
FFFFAD8E
00006169
FFFBCD5B
FFFEF363
0002DC61
FFFF9B45
0001A810
00009C45
000219F0
0003EB1B
00063385
FFFE3F3B
00033E11
00043B15
000516A1
FFFE790E
FFFF9498
00017192
000210BD
FFFD5396
00019F8F
00013215
FFFFD4A3
FFFF6FAF
FFFF25C4
FFF93FAB
FFFCBD41
FFFEE1ED
FFFFAC41
FFFE4756
FFFEC21A
FFFC475C
FFFB0305
000103FC
FFFB1222
00000173
0001784A
FFFE80AC
00006D16
FFFCF7F9
FFFE193D
FFFF6E23
FFFF80C1
FFFD25C3
FFFC3286
FFFB408F
FFFBDC38
00019317
FFFF9D72
FFFB3CC6
FFFDD6F8
FFFC9830
FFFD3B54
FFFCC375
FFFC9F42
FFFB3FC9
FFFDE16F
FFFFC680
00010B0D
FFFDFD71
FFFE296F
000200BD
FFFEC748
0002CCD2
00019DB5
FFFF13B7
0000F1C4
FFFEF74B
00015291
00004877
FFFEB351
00039E01
00009C3A
FFFC1DA8
0002FDC6
FFFF7E49
FFFFFF71
FFFC7A23
FFFC3BE7
FFFE99E3
FFFF6BA8
00000B35
FFFCEEAE
FFF91F2F
FFFF4527
FFFED42C
FFFB0DD5
FFFF4BAC
00011448
FFFEBEAA
FFFE6191
0003FD5B
000123EC
00016968
FFFD9215
0000ECF2
FFFFA694
0000F92D
FFFD07F8
FFFEFED8
FFFFF48F
FFFF2C16
FFFF38C1
000168BE
FFFE2D9A
0003CFDF
0002B52E
0002F8E2
0000B1A8
FFFD619A
00029B68
0002CB73
FFFEC6F9
FFFC3E5C
000025B8
FFFBCF1E
0000CE90
FFFF38D6
00033EA4
FFFF5D81
FFFF3E65
00000AF9
FFFD57B6
0000EA0F
0002C21B
FFFF4B1A
0002C40A
FFFF43D9
0001431F
FFFFCDF9
FFFF73A8
0003225A
FFF92BE3
FFFD7D02
FFFF6B0B
0001F85D
FFFF2CA4
FFFDC52E
FFFE6CCB
000012DC
FFFB3B11
FFFCD8D7
FFFF0E1F
00010145
FFFD82B7
FFFD5CFD
FFFE6141
FFFD31F3
FFFB408E
FFFCA2AB
FFFF7E89
FFFFB432
00016870
0003DAA2
FFFEA330
FFFFEB53
FFFF391A
000111C5
0003AB68
FFFC6429
FFF9D199
FFFE4B63
FFFDA343
FFFD2A90
FFFC9D09
FFFB8056
FFFA6404
FFFB32E9
00027618
FFFEEFBB
0000B016
0001654A
FFFEF1A0
FFFE96EB
FFFFB584
0001A1F8
FFFFAB8F
FFFFD10C
FFFF29ED
000128ED
00014BEC
000068DB
00015A24
000146B3
FFFFB1FF
0000C486
FFFFCD92
0000CA23
FFFF6F9B
0000A734
0000423C
00025FD0
0003348C
0001F508
0000129B
FFFEDF41
000228F6
FFFF9081
FFFE9C4A
00002F38
FFFF6077
0002B817
FFFF4237
FFFECB69
00004FFE
0002AA4D
00019775
00012E76
FFFFE494
FFFF404B
0002E800
00016380
FFFF7D26
FFFF70CD
FFFDA166
FFFDA65F
000077FC
FFFF4E17
FFFF235B
FFFF61E8
FFFF1F54
0000AC5B
FFFEA9D0
00009199
00001424
00009092
00000CBE
0000AD15
0000238E
000108E8
FFFE4E48
00013462
00003CA5
FFFEF2F9
00022950
FFFF1FDD
FFFE6080
000045BF
FFFF386F
FFFDD722
FFFF7DAE
00021C32
FFFF2526
00010C53
00001E04
FFFF0FFD
FFFE5BEF
FFFEFDFA
FFFE967E
FFFE1E11
0000AE7F
FFFE88FB
FFFE5F9F
00008D41
00022406
FFFF04C8
FFFF98FA
FFFEBFAC
000315F1
FFFE938F
00011C58
FFFFF8B7
0000DC7D
FFFF9FB0
000063D9
0002201B
000187DC
000313F5
0002795D
000231C6
00023AF0
00005C74
00005E77
0001C808
0000E550
00001016
FFFF0617
0002445B
FFFF99D5
FFFF7B48
FFFF4F29
00009F83
00015F47
FFFF8D06
00028B70
FFFF2FD5
FFFEB84F
FFFF1D23
FFFF3726
00009521
FFFECFB6
0000F4E8
FFFEC0BF
00017CA1
00001816
0001C66D
0001FA8D
00023F50
00010790
FFFF843E
0001FFE8
00009316
00001588
0000AB95
00011D85
0001CF53
FFFF2DBA
0003181B
0000FEDE
000231A9
FFFFC382
0000F85A
0000FF63
FFFF0EAA
FFFF7BF2
FFFD8392
FFFDF051
FFFE53A5
FFFF6276
FFFDBB0F
FFFFE9A7
FFFFC314
FFFFE043
FFFEEF30
0000083C
FFFD99C0
00010B0D
0000059B
FFFF8EA2
000005C3
0001BD72
0000FEE1
000196CC
00008706
FFFE4B13
0001552A
FFFFCF29
FFFF1EB1
0001BFBF
FFFFBCE4
0000196E
FFFED08A
00009162
FFFDC13A
0000ABF9
FFFE8981
0000E52C
00005EE0
000175A6
000201D1
0002CE3D
0001A77E
0000BA3A
FFFF5989
000085DA
0000E638
0002C2FB
0001386C
0001806F
FFFF5421
00017416
00026699
FFFFC19D
0000400F
0002061C
00010CE2
FFFF3976
000173F0
0000712E
FFFF6DE6
00004FAE
000043B1
FFFEF201
00014078
FFFE5F04
00005308
0001B1CF
00012B12
00014355
FFFEC072
000115EB
FFFEDE45
00010E54
FFFE5501
0000D183
00014A5F
FFFF017C
FFFE634A
FFFF0EC2
00012BF6
FFFF3AAC
FFFF63C2
FFFE86FC
000264F9
FFFE2C76
00008E2E
00004567
FFFDD2EC
0001C0BA
FFFECA93
FFFE2489
0000909B
FFFF2481
FFFFE1EB
FFFF02DB
FFFE4E47
FFFBC58F
00005A3F
FFFF1D73
FFFEE7CC
FFFE9C03
FFFEB974
00011F49
0000CD1A
00034055
00018E38
00026D68
0000262E
FFFFD152
0001076F
FFFC15A4
FFFCE570
FFFDD1D3
FFFE2050
0000AE26
0000AF0E
FFFE445A
FFFCE0CD
FFFDB50B
FFFFAFB5
FFFE7349
0000A988
FFFF258A
FFFF5584
FFFFBF1F
FFFC9A7E
FFFF4986
FFFDE31F
FFFE8E32
FFFE82C4
FFFFCA8C
FFFE6433
FFFFE87F
00016CE8
FFFD3B39
FFFF9790
FFFF7E2E
FFFF7713
000181F7
000038E0
00006F5F
000002C5
FFFD2D4E
FFFF84C6
FFFE9696
FFFE604D
FFFEBB67
FFFFC382
FFFDE611
000018BB
FFFEEEE6
0001ACFC
00010F80
0002715C
FFFF93DC
FFFFDC6D
FFFDC182
FFFE2BCA
FFFF7BCF
00002D7B
00009CF2
FFFE0A4F
FFFF35A1
00001735
0000DA6D
FFFEE982
0000B3A6
0000B7CB
FFFEE60F
FFFEFE2E
000114A6
FFFE5DC0
FFFF4444
FFFFA514
0000BD2C
FFFEEB8B
FFFF066B
00003966
FFFFBC7C
FFFEA4C2
00018DA9
00016862
FFFEB84C
FFFF38A4
FFFF0E1D
FFFF6BA4
FFFE2095
FFFE8F19
FFFEB7E4
FFFF817D
000143C8
FFFE3F2A
000197AB
00001CAB
FFFEDBA9
FFFF5EAD
FFFF8BDC
FFFD9895
00010352
FFFF5862
FFFFEC94
FFFFDFF4
FFFFDEEA
FFFF098D
00002BB1
FFFDB4C6
FFFEE946
FFFD9FA4
FFFDE750
00038813
00005AF9
0002CBD0
0000B9D6
0002F78B
0001602B
00031968
0002AD11
00016D6A
FFFDA6F6
FFFFA6A1
FFFD26D4
0001782A
000038CF
0000F055
FFFF828A
FFFF6C7A
FFFF379D
FFFED2F6
00000423
FFFEBFF0
00013A7D
00017C65
FFFDD7F1
FFFEB746
FFFF8147
0000180C
00017232
0003882D
000229AD
FFFE76EE
FFFE9E6A
FFFE6B4B
FFFF433A
00018FB3
0001B30C
000199A7
FFFD0D98
00016C56
0000B1BA
FFFFC338
FFFF298C
00002DD4
00014A55
FFFFBB38
00015D7C
000237DF
000140F0
00011FC4
FFFFCC9F
FFFF9D7E
FFFF9D99
000026BF
FFFFF526
FFFEEF14
00010A35
00006780
FFFD062F
FFFD9E48
FFFEE78A
FFFFB598
FFFF4844
FFFEADC0
00002C9B
00013E60
FFFF4945
FFFE57ED
FFFDF75F
FFFC9F77
00016FF1
FFFE71E2
0000B9CD
000037A6
FFFE6230
0001BC5F
00000FA1
00010525
00011CF9
00012F32
000079F9
FFFF2577
FFFEAB40
FFFE514F
FFFE4EB9
00013F54
FFFFEDD0
0000ECEB
00007A96
0001BFF1
0000B9C1
FFFCA0CD
FFFE7AC1
FFFCA657
FFFD6F5F
FFFD9B1E
FFFCB9F3
FFFF886F
FFFD2678
FFFD1CCE
FFFDEFB5
FFFE7A59
00001C78
0001D642
00004674
000111D8
0000A064
FFFEA099
0001CF21
00018D85
FFFFF211
0000C4DD
FFFF6051
00006FA1
FFFDDDC2
00018B73
FFFE635B
00016B22
00027B68
0002BD44
FFFFEE02
000051C8
00005AB3
0002705E
000262B3
000327E0
0001E501
00018474
00007127
FFFFAE66
00025786
FFFFDCBA
000129AE
0001E6F6
FFFE7963
0000F073
0000C2DF
FFFF888A
00004A6A
FFFEC131
FFFEE097
FFFF23E0
FFFEE325
FFFF4DA5
FFFEEFDC
0001D2F6
00030DCD
00029D4E
000190B4
00028E1D
0001E341
0001E552
0000E4E5
0000DEBA
FFFF2F88
00008C12
FFFE1B1B
FFFE040B
0000DA2A
FFFFFC53
00005F4C
FFFFD393
FFFF7D72
FFFD56AE
FFFE84CE
FFFDF5E6
0000DAFE
FFFE8FBA
FFFE1D6C
000155CC
FFFF0FFE
FFFE8981
0000930A
00004DCE
FFFF0531
FFFE505A
0001D915
00002DA4
FFFF81DD
FFFF3B57
0001B41F
0001DF6C
0000518D
FFFD57E8
00015B9E
0001B94A
00015F08
00000048
FFFEDFEE
00008F46
0000444A
0000BB10
000196DA
0000AFB6
00007213
00003407
0001E3AD
00007501
00014817
FFFF8EE5
0001981E
00029693
FFFFD61D
FFFF5B92
FFFF0102
FFFED4AB
0001316C
FFFF8A57
0002219E
0000D8E8
FFFED1A8
FFFEAB19
00013F4A
0001EE8A
00012C6E
FFFEAB1B
FFFEE528
00001DB5
000152C3
0001C43B
00025F57
00009AA8
00024E85
0000E9E9
000061F3
00028F01
FFFDE589
0000AEB9
FFFDA268
00000E84
FFFEE1B4
0000CBC0
00014F23
FFFD978C
FFFEE167
FFFF43B8
FFFFB4DD
00027D61
0000B6A0
000024AA
FFFE1C22
00028C5A
FFFE6DB5
FFFF659A
FFFE817E
FFFCCA4C
FFFDE5CA
00001F4A
0000297D
FFFF8DAE
FFFDDD69
FFFE04B8
FFFFBB92
00002B1F
FFFF5D74
FFFF1F45
FFFFB93B
FFFDEB58
FFFFAAE6
FFFE5EE9
FFFD0F95
00016B02
FFFE7F0D
FFFD658B
00011353
FFFC8F85
00008999
FFFD512F
FFFE3BDD
00011FA5
00008705
0000420C
FFFD56BE
FFFF8168
FFFFA21F
00024544
00033136
FFFE8FA7
000278E2
FFFECD67
FFFFB825
00020BA3
000266C1
0001470F
0003139C
FFFD169C
0002516A
0001C7F9
00006458
FFFD9AC4
FFFC882D
FFFBEAD6
00003C5B
FFFF7B19
FFFF26A3
FFFD2187
0000BFBB
FFFF0829
00024D87
00023A90
00001972
00007997
FFFCD92A
FFFEFC2E
00025DB8
0000A527
FFFF07E7
FFFF79C8
FFFD770A
00024F3A
000170E2
000177CA
FFFE5ACE
FFFF21E6
0000A447
FFFD9FD4
FFFCFAB7
FFFCCA8F
FFFE55C6
0002B819
0000CBFE
0000710E
FFFBA17A
0000F339
FFFEA65D
FFFF8EBF
00023AE2
00036907
00040D1A
000060AA
FFFFED5E
000129D2
00032412
00000E12
FFFDF2D5
00009152
00021A9C
FFFC9943
FFFF790F
0002B05A
00010E63
FFFD4FF3
0003999F
000090C3
FFFFAB8B
0002BCB5
FFFEF688
0002040F
FFFC0301
FFFF5F0F
00035270
FFFF1880
0000FF15
FFFDD355
FFFFDC07
00010966
FFFE578D
00009FAF
00023334
FFFE8A53
00027484
FFFCCCB8
0000FBCB
FFFD8E4E
0000DBAD
0002B64F
00021EBA
FFFDE877
0002C5F6
00031097
FFFEC923
0001C383
00009031
FFFD6452
0000EA5F
FFFC417C
FFFEE319
00015694
000079CA
FFFFB660
FFFD63E8
000299D3
000104C7
000019AA
00002A5B
FFFF0AA7
FFFE372D
00002A75
FFFCC63D
FFFDAB2A
FFFEBC4E
FFFF9B41
FFFE5DE0
FFFFB428
FFFF456D
FFFE98FA
FFFF8BCB
FFFF46DD
0000E49F
0000A6F6
FFFF4DFC
FFFD6CEC
FFFECE51
FFFD49CA
FFFF790D
0000688A
0003A13B
00000A94
0000F6F0
00036DCE
0001080F
0001B160
000193F4
000312E1
0003990A
00036EA2
00011D15
FFFFC22B
FFFFD612
000104C4
FFFF9330
FFFF56AA
00011DFE
FFFF6027
000044CF
00012DD3
FFFF0E51
0002BCB4
00038537
0002D497
00053AB7
0001AE8A
0000CE63
FFFE844A
000125E2
000159EB
FFFE188B
00024403
0000E667
FFFEA022
000114AF
00015DFF
0002C2A7
00013D30
FFFEC034
FFFF28BC
0001EFC1
FFFF968F
00011D9D
FFFED00C
0000A1E1
FFFEE9FA
00009716
0000F3C6
FFFF99BB
FFFEFFC5
000156D5
00008F03
000100F8
000031BE
00012E80
FFFFF390
0000685B
00011749
FFFDC4DE
0001376A
00009921
0001C848
FFFF8071
FFFFD858
FFFF7918
FFFF38C6
00026CBF
FFFF9558
FFFCB34C
00004C32
000235A2
FFFF4698
0001B32F
FFFE0F23
FFFE4D44
FFFE5FC7
00019214
00018152
FFFCAD2D
00016EB2
FFFF7920
0002FDFD
FFFE468F
0000256B
0002EC8D
FFFEC3A8
FFFEE846
000281A3
0000B4C2
FFFE2299
FFFFE7D4
0002B144
0003569F
0002D2B8
00010997
000317C3
0002B55A
0000817F
0002BEDE
00006640
FFFE8A8F
FFFD7747
0000D14D
FFFFC4AE
000051A5
FFFE2207
000178BC
0001E4AF
FFFDD105
FFFB8C3F
FFFD48A9
FFFAF0DC
FFFD47A3
000043CE
FFFD708D
FFFB8EA0
FFFEEBFB
FFFF1268
000300D3
0001A03A
00037529
FFFF77BE
0005C260
0000DA43
00013042
0001A7EB
000272DE
00014D9C
000169AF
FFFFF730
00010D46
FFFEE19C
00017471
FFFFD394
0000AB84
FFFFAD10
FFFC13D4
FFFB3E1F
FFFF3812
FFFDB066
FFFDE2E4
FFFC2337
FFFD85EA
FFFC9A2C
0002F8AD
000383D7
000285C7
0001772E
00011B6B
0003A349
00036EE9
0001BD76
0001052D
000034B5
FFFF2270
FFFEDACD
FFFF38A2
0001D4FA
FFFE6ADE
0000FCF5
00004E6D
FFFF5EEB
FFFF3D07
0001E31F
00018945
00017DAD
FFFDD505
FFFF706E
000051ED
00033328
00013031
FFFE9D55
FFFD58BA
FFFE3612
FFFDF868
FFFD9CDA
FFFD54D8
FFFF3CE5
FFFD3020
0000BE1E
00025F47
000220E9
FFFE362F
00014838
00001C98
FFFCB5AF
0001FC48
00028B4A
FFFE1478
FFFF594E
000232F8
FFFFF2C0
00007F08
00011650
FFFF8BA1
FFFE4318
FFFE2137
0000E16A
FFFE92A6
00025C6A
00029B2A
00046644
000195D3
0000AD06
000042E1
FFFF4877
FFFE7587
000253AB
0000B5B9
0000637E
FFFF4ACE
000329B7
00037B4F
00008449
FFFE4B8D
FFFDE0EB
FFFE03F3
0000A6DB
FFFEB2C4
000257E4
FFFE4631
FFFEDE93
FFFF2EA0
00010D49
FFFEE7BC
FFFE830F
0001831B
000093FF
000175B4
00012767
00010C70
0002C668
FFFF3BA4
0000CE2C
0000E703
FFFE0E75
FFFC7AB6
FFFE530F
0002BC7B
FFFFB038
FFFFC89C
000186B4
00005A20
0001BB69
0003ABC0
0000EB83
0003B6D5
0000B73A
000298C7
000360FD
0003AFC6
0000E46B
FFFFAB1E
FFFF5250
0000E94F
FFFF213F
0000E75C
FFFF5475
FFFE55B8
0001FE52
FFFEB692
FFFC485D
FFFEC04F
FFFCD8F5
00004330
FFFED331
FFFEEAB7
FFFE39B5
FFFDEF0C
FFFFEB57
0002829C
FFFF831D
000352BA
00012F97
000267EA
FFFF6955
0001B36B
0000BDD1
FFFEE2E1
0001F876
00002FB0
FFFE5568
FFFE7760
000147BC
00007816
FFFF6090
FFFF9F34
FFFF88B7
0000ADA8
FFFF6690
FFFDBE9B
FFFEA1DC
FFFEE844
0000A950
FFFD5006
FFFD1E72
0001048B
00020FAC
00003B6A
FFFE37A3
0002633B
00011E30
FFFEE4B9
FFFE9862
00023F81
0002F340
FFFF70CE
FFFE95ED
FFFCA2CF
0000A3F2
FFFE8825
FFFEC9BE
FFFF0394
FFFC9115
FFFCBEA5
0000BE4E
FFFD947E
FFFE3EFC
00034ED1
00014971
FFFF942C
0001D9C4
0000A6E3
0001ACC0
FFFE3AF3
0000F1F1
0001FA1E
FFFDF3F7
000044D3
FFFC29AE
00027131
FFFFBD49
0002959A
0001666B
FFFDAE55
0002ED9B
FFFFF457
FFFD119D
FFFE8CC2
000125F9
FFFFB50A
000382E3
FFFEC85F
FFFE4A9E
00001F07
00000DF2
FFFFF4DA
FFFC4ED0
000201D9
FFFDAC60
FFFBF846
FFFF47A1
FFFDD302
000191B5
FFFD00E6
FFFF2230
FFFE0632
00003C48
FFFD2779
FFFFBD5E
00004A8D
00023A52
00005F06
000496FD
FFFFEB13
0002D853
FFFF0B11
00011329
00021759
FFFEC8AE
FFFCB1C9
FFFFB00B
FFFCE652
FFFCF16F
FFFDE7A1
0000DCC8
FFFF9046
FFFF3780
FFFDBEFF
00001B2E
00006023
FFFF7B22
FFFCB598
00022830
00022A08
FFFD7605
00008005
FFFFA1AA
FFFCBB7B
0000CD84
FFFEBFC3
FFFBC147
FFFBCC2C
FFFC757B
FFFF8C4A
00010133
0002FB45
0000EF66
00033473
00004AC6
0000A80D
0002ACA7
0001110A
FFFFA894
FFFF3C97
FFFEE4CE
00002F14
FFFE4584
FFFE9039
FFFE48FD
FFFE3A13
00026F60
000140AE
000126BE
000221BC
00014E07
FFFF846F
0000E2A5
0000B14D
FFFF1220
00050265
00006D0B
FFFFECFF
00015BC3
FFFFB51A
00013A3C
FFFE7E91
00009963
0000148C
FFFF668F
0001F298
0001FF75
FFFE997D
FFFE69F6
FFFD626F
FFFE60E4
FFFEF674
FFFD0D41
00027BD8
FFFE7DB7
FFFE0170
0000D1C3
0001C004
00027FD2
00029333
00007249
FFFFB9C5
00017FF2
FFFDC2E3
FFFDAC8D
0000B677
000005D6
000306D2
FFFE6160
FFFDDFE3
FFFFB74F
FFFE4BFE
0001D600
FFFE451B
FFFD6DD3
0000FDA9
0000A8A9
FFFD2E06
FFFE1829
FFFC6B12
00007731
FFFEDAA2
FFFDAE93
FFFE663F
FFFF856F
00024214
FFFFD63B
FFFE93A1
0000E0DA
0001216A
00012318
FFFEB7BE
00005F19
0001C3CD
00000D5A
FFFF4B73
FFFE3BED
000072AC
FFFF818E
FFFE57A0
FFFD6D53
FFFC3BE0
00016FA8
FFFBCEF8
FFFD44B2
0000A763
FFFEA4CE
FFFF6DF2
FFFD2D8B
00010A4E
FFFFD5CB
000154CB
FFFF4662
FFFC9AD6
FFFECB2A
FFFEF039
FFFCA5D9
000048CC
FFFD9926
0000C254
FFFF4BE0
000248F3
00004F52
FFFDD8F2
00005AE9
FFFF3B1B
FFFF8F85
00000A5D
00019E0B
000007AE
FFFEEDFA
FFFFCD42
FFFE606C
FFFF094E
FFFF6D21
00022AD8
0000F0D9
FFFD29B2
FFFFBF41
FFFE303A
FFFD5E8E
0000F601
0000CE7E
FFFD2E4D
0000309E
FFFDAC16
00008713
FFFB5DD8
FFFB579B
0002557E
000118B7
FFFDEF7D
FFFD6E45
0000C2EC
00025192
FFFE7700
00009B28
FFFFF315
0000310A
0000A04A
FFFE38D7
FFFE30D9
0002DF99
FFFEA9C9
0000FA99
FFFF7B9F
00030CAE
00009E38
000081D2
FFFE53E7
FFFEF6C5
000003A6
FFFFAF5D
FFFDE0F7
FFFE247D
FFFF6651
0001B4FE
00001AFF
0001D436
FFFFDF5A
000204C7
FFFF7C13
0000CCAB
FFFF4131
00009211
FFFE6DA6
FFFFBA60
0000B45B
FFFDF8BB
FFFE419F
000174EF
00021AEB
0000E506
FFFDE3EF
0000EB94
FFFF8813
FFFFD07A
FFFD8EDA
FFFEAE7F
FFFF8F9E
00002D90
000073B8
0001EAA1
FFFD03F2
FFFBC345
FFFFF005
FFFCF9D0
FFFC0C29
FFFF7CF3
00024A3B
000200C3
0001C69E
FFFD6F45
FFFDCC85
00006DBB
FFFF8F42
FFFDA090
0002A29A
FFFD86A0
00007810
FFFE055C
FFFC8C15
000021B8
000006F6
FFFB7469
FFFFF99A
FFFFEE28
00004F58
FFFE7ACB
0000AD7E
FFFC90B4
FFFEE9C4
FFFF4D89
FFFFE6C6
FFFE798E
FFFED3F0
FFFDB54B
000144F2
0001B109
FFFFDD0A
FFFE7172
00009308
0001A427
000151A7
FFFF4DC9
FFFD7256
000154B6
0000FDAE
FFFF8842
FFFF8DE2
FFFF1D2A
00016854
00021AC7
000025A9
FFFDCD54
FFFF51A8
0002E425
FFFDDF07
FFFDFC69
FFFDFEC2
FFFD03FD
0001771E
FFFF7D81
0000DA6E
0000A056
FFFD3EC2
00004D7A
00026358
FFFFEF08
FFFDA56A
FFFDDBCE
FFFE7B86
FFFD4E0D
FFFCA1D4
FFFEFE26
FFFE2C70
FFFD4966
000050C6
FFFEB3BB
0001D5E7
00015EFA
00030554
0001D9A4
FFFEBD64
FFFDF89F
FFFC6318
00001CE3
00014217
FFFBF85E
FFFF44EF
0000B6A3
00025C3D
0000780A
FFFC7ED0
FFFD36C9
0000DC07
FFFD4EAD
FFFF00FD
FFFF6ED2
FFFFE121
FFFFEC58
FFFFE499
000020FB
00041852
00019260
0003D2B8
0001E814
0004799A
0002462E
FFFFC243
FFFF975A
FFFF5A5B
FFFF8B64
FFFF7D81
FFFFD266
FFFE1282
00024C65
FFFD0962
00005BF7
FFFE0589
FFFE4C10
FFFB8BD4
FFFE6E7D
000024F2
FFFD9240
FFFCD2D6
FFFF4302
0001778C
00016C9C
00014C27
0003F319
0000340D
FFFF511C
FFFEDB5B
0001BE4C
FFFDEBAE
00002B08
00011E27
000108FD
FFFC20CF
00015899
FFFE6B00
FFFFFA0E
00008322
FFFD0C66
00004858
0000C507
0002752A
FFFFFBEA
FFFDCB5C
FFFE3204
0002B624
00022148
FFFA7D16
FFFD9A2E
FFFCA948
FFFF9F08
FFFB8E05
FFFDF408
0001F211
FFFDA1AB
FFFF8AE6
FFFF77C2
000168F8
FFFF5121
FFFF0366
FFFCFB36
0001677D
0000B481
0000F1AF
FFFC9B7A
FFFD72FF
FFFC1AA9
000014F8
0000C0E3
00000746
FFFE89EB
00006A5C
FFFE2BF9
FFFD3DFC
FFFD0BE4
FFFDBF27
00014961
FFFE2466
FFFFD7AA
FFFDDB54
FFFF38D3
FFFF07C4
FFFE9EEB
FFFF6A9A
000011CC
0002C102
FFFF2B0B
FFFE9296
00002D6F
FFFBB6A2
FFFC90B9
00002DA7
0001D58E
FFFFD8F5
FFFF2558
FFFCF78A
FFFFD553
0000097A
FFFAAD93
FFFDDE12
0000E169
00006459
FFFFEFF9
0001D711
0002A6E4
00016F6E
0001D8F9
00025CAA
0002AA21
FFFE0751
0001C48C
FFFCE85E
00002773
0004B083
000304D0
0001E428
FFFE9C94
0002E4C3
00025EF4
0000FE27
FFFF42F1
0000D54D
000085ED
00018D90
FFFF63D6
0001AECA
FFFDD512
000201AC
FFFD9561
0001B489
00011123
FFFCC4AC
FFFD2832
FFFEE9E6
FFFDF1BA
FFFDEDFF
FFFD7FE9
000010CC
000027D3
FFFED88F
00015F1C
FFFF89F7
000092BF
FFFF9659
00021522
00021862
00012EAF
0000A760
FFFF134B
00049E31
0000E706
000194AF
00029A74
0000604D
00048D08
FFFC8163
FFFEB31B
000072A7
FFFC4DE0
FFFE2283
000049EA
FFFD6021
FFFB81EB
FFFC9178
0000C71B
FFFE4BBF
FFFF1F7A
00015653
00032B66
00002C0B
00035084
000127DB
FFFF9543
00007374
0000C627
FFFE2DEE
0002A045
FFFE9386
00012B0E
FFFF8BC4
FFFF1DF6
00005B0D
FFFD56C1
FFFD2749
FFFF1343
0001137A
FFFB6721
FFFF2334
0000AA7B
0000BE9F
FFFE0D18
00024C05
0003752D
0000396F
0001977E
00047B6B
00034D17
0001B2CB
000221A0
0000DEA4
FFFC68BD
FFFDD0FC
FFFF15D2
FFFD9188
FFFE4427
FFFBAE1F
FFFFEF95
00014347
FFFC1E62
FFFF3E42
0001BE9E
FFFFC981
0001D772
FFFE8625
FFFEDE6E
00022F6C
FFFEA1CD
00012795
000107C8
FFFCC581
FFFEA78E
0001822A
FFFE02A9
FFFDEF43
00008FBE
FFFE5B5D
FFFE6CA4
FFFFDA63
000354EE
0000C756
0000BB1A
00011003
0002EBF0
FFFFEFEC
000234EA
00008CD8
00005D61
00028D37
0001FB67
000073D3
000103E4
FFFDF698
0000C8F8
FFFD4A6F
FFFEEC31
FFFF1620
FFFCF669
FFFFAFDB
0001C084
FFFD9E12
FFFEDB59
FFFF0AB6
FFFE8EC7
0000B8D1
FFFEBD0D
FFFF52DD
00027E84
FFFF4F24
FFFFDDFA
0001BE74
00002EF7
FFFFDB67
FFFD86A2
000019DA
00001D6F
00017006
000247C2
FFFC757F
FFFE8437
FFFFBFFD
000149A2
00019DB7
00016681
FFFD53B6
FFFFA5CD
0000CB6A
0000A1BD
FFFF6D46
00019939
0002B25B
000006A0
000128F2
00000BFB
0001481C
FFFEBD6B
00008A3D
FFFEE1EC
FFFFE123
FFFE876A
FFFEBBAE
FFFF6101
00016D8A
00032D0B
FFFEBBBC
000301B7
FFFFC27F
FFFFD162
FFFEDE34
00006418
00008747
FFFFB6F4
00008271
FFFE68B5
FFFECDFB
00005560
FFFE77BD
FFFF1206
0001E06B
0003434E
000192CD
0001C44E
00013F62
FFFEF42C
00022EE2
0004A4C2
0000CF1E
FFFFB966
00015530
FFFF7976
00027677
FFFF76DE
0000A66B
00038BF6
0001F3B2
000196B2
0001E4CD
FFFF7078
FFFD14EA
FFFD12FD
FFFEA35F
0000C088
FFFE3C93
00017036
FFFEBAA7
00012A47
000086BA
00005473
FFFCBE5E
FFFE4117
FFFF7B3E
FFFB698D
0000C979
0000ED16
FFF9F215
0000D758
00004A45
0000B2D3
00016CE9
0003C77F
FFFFB08B
0000595D
00022D45
FFFE942C
000056A3
FFFE612D
0000607F
00007003
FFFFEFB5
0000ECBD
FFFFC95D
FFFF564C
00017012
FFFFE0B8
FFFF1E43
FFFD8F6E
0001E278
0000BB10
FFFD1AFD
00010D13
0000F1F1
0000A1C9
FFFED3D6
0000E8FD
0001097B
00006973
FFFED513
FFFF66D5
000134FC
000037D3
0002AAAA
00008830
000353A6
00002141
FFFF8188
FFFF7CBD
0000AA4D
0001FBCA
00005F15
0003820C
000016F6
0000A7C7
0001F7AA
00025FE9
00001F31
FFFF2C39
00010F18
0000A9F8
0001019E
00005B16
FFFE0E6A
0001CBC0
0001B8A7
0000C687
0001A5BF
0001C987
0000DFDC
FFFE7763
00029EFE
0000D6F2
00029B20
FFFE0F95
0001E8FC
00024E27
0000DF23
00011873
0001060D
FFFEF6F2
FFFEDC41
00001225
00003199
00008EED
FFFE6EB4
FFFDDE3D
FFFF291C
FFFF4FF9
FFFF75D6
FFFE25EE
FFFE75B3
FFFF9B34
FFFEBA80
FFFDE202
00007CE3
FFFE40D1
FFFB286E
FFFED750
FFFD379F
FFFE55DA
00001B7C
00004A2E
FFFF6BA2
FFFC79FA
FFFDA4E7
FFFD7ECB
0001467A
00027E1F
00007196
FFFFF553
00001878
FFFE9B8E
00006278
0000214C
0000491C
FFFF44ED
000014A7
FFFCDA21
0000EA9C
00016F6F
FFFE01C3
FFFE869D
FFFFDB12
FFFE7754
0000C3CC
FFFFA8C2
FFFF4C67
FFFFE583
0000DE6B
FFFE842B
00024648
0000E689
FFFF411A
000051BE
FFFFA88F
00008FF0
FFFE05A1
00000A34
0001B990
0000D1AB
000209AF
000072E1
FFFF9C35
00004793
0001F6B1
FFFEABCE
0002643B
00015015
FFFE10F2
0000CF83
00037C29
00024996
00002C94
0001C621
FFFF257C
0000E01D
00001DB9
0000A52C
FFFE6329
0000E6BF
000226FA
FFFDC924
0000CD7C
FFFFC0DC
0000C2DD
FFFC6BFB
000039F4
FFFEE3D9
FFFC9464
FFFEA1E8
FFFE7C18
FFFE6F07
00015168
000368A4
0002059E
FFFF21A0
FFFFD13F
00007C1D
000189BB
FFFDA026
00009924
FFFCA32A
0000049D
000041AA
FFFDF5DD
FFFFECA6
FFFCB5E9
0001017E
FFFF8079
FFFDABE8
FFFE1F1E
0001347A
00023157
0000AE10
FFFDDBCB
FFFEDF6B
00011854
FFFEBAE9
FFFD314A
FFFFCB27
FFFF2F68
FFFD63B8
FFFE7103
000165DA
FFFFA8BC
FFFEBEA8
FFFF347D
FFFDB948
0000A08C
FFFECF15
FFFE2827
0000BDA0
0000B741
FFFDAE92
00019570
0000A8B2
00012BE1
0002F871
FFFF62C3
FFFF190A
000030FA
FFFEEDE2
00025B11
0000B02E
FFFD8ED9
00008A55
FFFEB17B
00001FE6
00003C0B
FFFED942
FFFEB192
FFFFE10B
00016B47
FFFF1F03
00002C67
FFFEEC2A
FFFE0C60
0000C190
000084BA
0001E61F
0000BB80
FFFCC02A
FFFEE083
FFFDB711
00020BF3
FFFF64FF
FFFD2CC0
FFFF5191
0001166C
FFFE50FA
0002BCD8
00017DBD
0002060C
0001E68F
FFFF7C60
FFFECFD4
0000B500
00013D9D
0002DDCE
00010A00
FFFFF0D5
FFFF9B6A
00009728
0000BAA3
FFFFAEAE
FFFE3D02
FFFF1F65
FFFF6FDC
FFFD81E6
0000B0D6
00008C4F
00002F5C
000200BB
FFFDA9F6
00009334
FFFF2EE7
0001D301
0001E4C0
00008A2F
FFFF38CD
00002A89
FFFDB182
0001629B
0000F28E
000089B0
FFFEA3E6
FFFF339C
FFFFB884
FFFDC9D5
0000BEC3
0001916D
FFFFCF40
0001AE2D
0001B500
000008BA
0001E730
000085D1
00033711
00030A2D
000300C8
00020B58
0002FEB7
0003B3DC
000276E4
FFFFFC9B
00015631
0000B285
00006FA0
00010B09
FFFDD7B9
000095C6
0000078A
0000E629
FFFF0957
FFFEB0F8
FFFEB999
00018B84
0000D1DD
FFFFADBF
0000350D
0001E1E2
FFFFF932
0000255E
FFFBC58C
FFFE2682
FFFE7C0A
FFFF6299
FFFE024F
000150A5
FFFE7595
FFFED024
FFFEA3E8
FFFFCE7B
00013577
FFFE02B1
FFFE0593
00013A52
00014FB4
FFFDB9A3
FFFF9746
0002688E
FFFED3BC
00016E4B
FFFF9727
FFFED8ED
FFFEE6AA
FFFFA9D0
0001E23E
00020494
FFFF692C
FFFF39A1
FFFF85EA
00002A0E
FFFF4FE5
00002051
00005328
FFFEB548
00003EAC
00000A0E
00012A86
00031084
000133C4
FFFF6B3A
0000F66D
00004261
000066D4
FFFEF53A
FFFDF079
FFFDAC9E
FFFF3C47
0000FC8D
00016E9C
0001106A
FFFDC0EB
0000D4E5
0001AD95
FFFEB9BE
00003FA8
FFFED2C2
FFFE9923
FFFE276B
00015713
FFFD5798
FFFF128B
0001EFB9
FFFE2E4B
FFFF39AE
0001262A
FFFF6320
FFFF0248
0000892E
FFFC9599
FFFDB83E
FFFFD3F6
00006875
FFFF1AF2
FFFE3067
FFFEB685
00003754
FFFE0246
00001627
0000D7C0
FFFEFFEE
FFFEF847
FFFF9CA1
0001EDFE
FFFFCDA0
0000496B
FFFE4DE4
00002151
00015E89
FFFEAB6E
00022532
0002679C
0000ED50
000066ED
0000D857
FFFEFB34
00032414
FFFF5F5E
FFFE3855
0002993D
0003E2E2
0002CCCF
00024451
00039E37
0001B6C5
0003260E
000379F7
0002BD7D
FFFE32D1
FFFD8C84
0000F141
FFFF12D8
FFFE4E89
FFFE6A0E
FFFFDFA0
0001175D
0000696F
0003C348
00016009
00012602
0003DECC
0000DF3C
FFFF499E
00031166
FFFFCBC2
000250CA
FFFF968E
00024442
FFFFD530
FFFF5742
000173E5
000178D9
FFFE7820
0000DB9A
00012910
FFFF4642
0000CE76
0001866B
FFFCE5B6
FFFFFF84
000058F5
FFFDC08C
FFFEFEC4
FFFEC7DD
FFFFEED0
FFFF560D
000003BD
00032126
00002895
00011BB9
00011B85
FFFDCE33
FFFDE926
FFFF8B78
FFFE8479
0002663D
FFFDF033
FFFE3FB5
0002347A
FFFFEE0D
FFFE5D12
0000EC84
0001CF5C
00000FD4
0001DB8A
000131C8
0002E273
FFFF6260
FFFFE208
FFFF7869
0001F563
0000AD12
00024B7D
FFFD5F9D
000267D6
00011F83
FFFFCB3D
FFFFE7C0
000351E2
0000BB7A
FFFFDC62
000078AD
00012157
FFFF2519
0002B595
FFFF8AA8
0001177D
0000A022
00017024
0002C698
0003753D
00022B95
FFFEC386
FFFFC31C
000327BD
FFFF1C4F
00008379
FFFF0226
FFFF6665
00009341
0000F908
FFFE75DF
FFFDF8D8
0001C661
FFFF21EF
FFFFF123
00032F64
FFFE19EC
0001F53B
FFFE2897
FFFDB7CF
FFFE40F2
FFFE2456
FFFE46C5
FFFF0456
FFFCA79F
FFFF6297
00014E16
FFFEC4A1
FFFD12DF
00008986
FFFDF270
00039392
00007700
FFFFF3A9
FFFBA96E
FFFFBFEF
0001F292
FFFDE150
000075E5
FFFF4052
00007BC7
0001025B
0000213F
00020CC5
00028951
0000B4FA
00015755
00000947
FFFF00F1
FFFDE85A
FFFF474B
FFFF4077
FFFF4963
0002D75F
FFFFEB13
0000FE2D
0000923E
00019A39
0000039B
00007CA4
FFFEF8FB
00006D79
FFFDAFB3
0001AABC
0001DF1F
FFFCBCE2
000434CE
00006658
00000902
00006272
FFFF8F41
FFFF1303
FFFD3D43
FFFE0DB2
FFFF8652
0002DED0
00015905
000206CB
00002C77
FFFF1DC8
000159DC
0002E251
FFFEEBD6
FFFDEC31
FFFF46AE
0001DC94
0002414C
00011F46
FFFEAFD9
0002297B
FFFFEAB0
FFFFC91C
00027534
00014DD8
0000BEDB
FFFEA3FC
FFFEE3EC
0000CEF3
0000B2A5
0001B3E1
0002F9F7
00048754
0000ADB7
0002A3A3
0002D7A4
0001CCA5
FFFF192C
FFFFA8D3
FFFDC070
FFFF88C4
000034E1
0001B8D8
0001060D
FFFE7D10
FFFE7E80
FFFE1A97
FFFF0EF0
FFFF94D5
00030842
FFFF9C88
FFFE1720
00020B58
FFFD12FC
00009B98
FFFE4B76
FFFCD332
00014279
FFFD9850
0001B50D
00040F33
00018E15
FFFCE927
0001B4CD
0000B79B
0003397F
FFFFDCAF
0002B742
00033CB4
0001D983
FFFF0986
0001CAE0
FFFE66D9
00017A39
FFFE61E7
FFFFF726
000013F9
00004EAF
FFFDB260
FFFF81FA
00019FA1
0000407D
0002AF9F
FFFFB8B6
0001BB49
FFFE4BF4
FFFC4399
0002BD3F
FFFDE850
FFFE4DF7
FFFFF544
00011AA3
FFFF1B78
00005517
FFFBEE7A
00006223
000215BD
FFFDB987
FFFE58D3
FFFFC329
00007371
FFFF11A9
FFFDE725
00035C3D
00036D02
FFFE471A
000249EC
000073F7
0001D425
0000CF02
000071B5
FFFF9E04
FFFFC1AF
FFFE71A3
00005061
0001779D
00038554
0001BA00
FFFF30BE
FFFF8795
FFFEA241
0001342B
00021487
0001DDFD
FFFE785A
00016A8E
00046184
00046421
FFFEAAAA
00009A7A
00037DA1
00031AFD
0002111A
FFFF9031
00027B14
000405DA
FFFD0B8A
FFFF68BF
FFFEE4FB
FFFEB3D9
FFFF285A
0001F2C3
FFFE24D9
FFFD8C84
000086CC
FFFE75B5
FFFEA958
0001CAF4
00013914
FFFD6C68
FFFDD234
FFFEA793
FFFC9851
FFFE82A1
0001331E
FFFE4FCA
FFFEC116
00011F8B
FFFEE07F
000071C1
FFFFF6AB
FFFE85CB
000071C0
0000D8AA
0001BC97
000123ED
FFFDA834
FFFC0B27
00023F0E
0001E703
00005309
00022782
FFFBBCD4
FFFAFC64
FFFADF78
FFFFD831
FFFC0FD9
FFFF5A21
FFFE9125
FFFDF5C3
FFFCF52E
0003DD12
00018F2A
FFFC69F6
000156E2
0000BCF3
FFFE9D9F
FFFF7FFC
FFFFB69A
000342E7
0000D57B
00019511
FFFFC529
00032924
0003B97B
FFFF3748
FFFD83B4
00000831
FFFED1FF
FFFE1E85
FFFD2235
FFFEC428
FFFEE1A8
FFFF05FD
FFFFA6F4
FFFFA06D
0000ED14
FFFB13CE
00039262
FFFE6455
FFFD518D
00001E2C
00015CA7
00017E86
00020D65
FFFE0D13
00016495
FFFDEBE3
FFFCF251
0003FD11
0001F5CC
000106E6
FFFD65DD
FFFE633D
FFFF1588
FFFF96B3
FFFE7AC6
FFFF679C
00004F01
FFFF9F3E
FFFDF778
000183E9
00013B97
FFFDC1AB
00015289
FFFD4F53
0000A626
FFFE6C04
00015D0F
0000ACE8
FFFE18FC
FFFD6990
FFFEDEE8
FFFF43CC
00032690
FFFE7FC8
FFFEE317
0001ED0B
0002D065
0000A296
0000E2F5
00016ABD
0001B74A
FFFF449D
FFFF4DD5
00005AD2
FFFFD2BB
00039C28
FFFFFF38
0000FB0A
000450C9
00007DE0
FFFFC41A
00015AD0
0000C277
0000BF0D
FFFE4556
FFFC94E1
0000491A
00018223
FFFFC24A
FFFFC16B
00025D9A
00007321
000255DA
FFFDC2DC
FFFFC9D2
FFFEE86B
0001285D
0000C140
0000DE43
FFFFB4F3
FFFC914E
FFFF6DE7
0002497C
FFFFECAE
FFFF8586
FFFEAFA5
FFFDCF6C
FFFED2F8
FFFFC9E8
000181C5
000069A6
00028CEF
00023DA3
00011B8A
0001EB37
FFFFB294
00017AE1
0002CBEE
0000BEC7
00010225
0001C36F
FFFF9701
FFFFC9BB
00035054
0001AE3C
FFFE9F94
FFFD2AF3
0000F466
00011005
00012BEC
0000E5AC
000040B9
FFFFD561
0000D715
000034BB
FFFE713A
FFFDADD3
0001CC5A
0000811F
0000B6B5
00007093
00012C7C
0002143C
0001C207
FFFD554E
FFFEEDD9
00015095
00012CF6
000297C7
FFFF261F
FFFFC18D
0002266A
FFFF4777
000440EB
00036722
0000D30D
000397D6
000161F3
0000D46B
000094CE
0001C852
00009461
FFFEB4EC
00010B2F
000346E9
FFFD3329
FFFD9BCF
FFFDEE1B
FFFFF118
000253FB
00006137
FFFEF348
00033EBE
00016DC7
000150FF
00017A4F
000061A7
00013BCC
0000E952
0001A37F
00021C5E
FFFF0381
00000AA3
000339C0
00009ABA
FFFFE7FE
FFFF6F4E
FFFFCE34
0000EBF6
FFFE64D0
FFFF8975
FFFCB3E4
FFFBB846
FFFDA002
FFFCFD38
FFFDA5CB
0002C13A
FFFD01AB
FFFFBEAB
0002C0CA
FFFE55A6
FFFB7DB0
000019EA
00021624
000049FA
FFFCFF39
000126C1
FFFEFEED
FFFCE271
0000D414
FFFD6CB4
FFFD6F34
FFFEDF08
00006E16
FFFE6950
FFFEC621
0000ACF9
FFFF5FFF
00002202
000382D3
0002DBE0
FFFEC38E
0001A34B
0002EC27
FFFED7B2
FFFDA67D
00026079
000116B4
0001FC48
000314F4
00032ED8
FFFF1C6F
0003ED6A
FFFE2D1E
000039CD
FFFFD862
00026DD4
FFFDEFA6
000021FD
FFFF9BDA
FFFF2830
FFFF57F6
FFFCBB56
0001568D
00009678
0002EE4E
FFFF9E54
00023CB4
0000BC4F
00018D26
FFFF4A17
0001E3BD
0001A0BC
FFFE8AE1
0000B4BC
000145D3
FFFFD04F
FFFDA222
00025B2F
00007920
00030851
FFFC98C3
FFFF70AF
FFFEB531
00004BBF
FFFE7791
FFFFC690
0003B94B
0001B525
FFFE5EA9
FFFDD0F6
FFFF1882
00017713
FFFD60E3
FFFDB2F0
FFFE43FF
00000A21
FFFBDDC2
000364D7
000045B0
FFFEBF5F
FFFEC15B
0003EE75
000496C0
FFFC3D6A
00006531
0001E049
FFFDE347
FFFF60AC
00027181
FFFF93CE
0002D190
FFFE742B
0000DB4A
0002604C
FFFFDD5C
0000F139
0003E596
00020F76
FFFE27F9
0002DD0E
000107C1
FFFF54E7
00005FCA
FFFE7F0F
0001EFC9
FFFC3178
000176BC
00038EC5
FFFE6574
FFFF99F7
00000436
FFFE44A4
000091F3
FFFEE22B
FFFF66AA
FFFBE1D8
000035CA
0001CBCA
FFFEA6EC
000282D5
FFFD0F9D
00010AC9
00042CF1
0004B984
0003CDC9
0000623A
00019DAB
0002BCF1
0002390A
00033055
000427CE
00001DF9
000001B1
FFFF0455
00004DE2
FFFF3AD6
FFFFD6E3
0000EFFF
0001DED7
0002A321
000046EA
FFFE2780
FFFF0725
FFFE5564
FFFF4C8F
FFFEC641
0001781A
0000413B
FFFD0BB5
FFFDE912
FFFE7CCC
00006001
FFFEEB42
FFFEBA8A
0000A348
FFFDC293
00017C5D
FFFF69FE
FFFEC1F0
0001B632
00007E90
FFFF5D39
FFFEF0B2
000003DE
00009A38
00005FCD
0000B789
FFFEA4F8
000037E8
FFFDD41B
00010946
FFFE4AB6
FFFEC363
0000F2F8
FFFFFA33
FFFE2C5E
FFFD3321
0000BB7B
FFFF395D
FFFD43B3
0001D703
0000D5BF
FFFE0BE0
FFFEBB5C
FFFF564C
00025AAE
FFFF57DD
00019E02
000137E4
FFFF11A2
FFFEA8ED
0000E153
0000F41C
0000CD9A
FFFE310F
FFFEE11E
FFFD0CC7
FFFF93BF
FFFFB5E5
FFFDF79C
0000D41B
FFFF9FD3
0000CC0D
0000DC97
FFFF466E
0001DAE0
0000523D
0000E9F9
FFFE8595
FFFFD733
0000E2E6
00005E54
FFFFD0C0
000163E7
FFFDF4D2
FFFFB774
0001704E
FFFF40AB
00009670
FFFFBAB4
FFFE30E5
0001E118
0004C176
0000E649
FFFFB446
FFFE5C71
FFFF7992
FFFE1C0D
00017454
FFFFC7E0
00009391
00007F4B
FFFF599F
FFFFBD72
FFFE9421
FFFF574B
00029736
00008FC5
FFFF5A8F
FFFDB76A
FFFC76F6
0000B4EC
0001ABD7
FFFE2471
FFFDCC1F
FFFD68B9
FFFDB688
FFFF96A7
00010A8C
00012C40
00020954
00005C13
FFFEEE03
FFFE26AE
FFFDF568
00017068
FFFFDD9A
FFFE5FC9
00018F57
FFFFE448
FFFFFB0B
00006531
FFFDCD58
00017467
0001670B
FFFD9E75
00004224
0003A44F
00024740
FFFF52B5
00020750
00026FB0
FFFFE98F
FFFF9A87
00018F8C
000055B1
FFFCE7B5
FFFFB168
0000C006
FFFC0BFB
FFFE0DA6
0000E077
00015108
FFFD513C
FFFF6984
0003D5B9
0002141A
FFFF7B5F
FFFE4A4C
00020888
00003452
00031995
FFFF4F0F
0001EB84
FFFEF539
000043DD
FFFF7C22
FFFCC898
FFFDC0AA
000117DE
FFFE70C7
00014306
0001D39E
FFFF766A
00036D94
00036D42
000118B3
FFFF2814
000187BD
00010A48
00024E35
0000F497
FFFD0611
00001FEB
0000E059
0000A68F
FFFF0E7C
FFFF6AAB
000011B1
0000190F
00003FAA
0000674C
0001A951
00025927
00003C28
0001A738
FFFF5C74
FFFF4920
00010617
00012300
FFFE1FAA
FFFED62F
FFFD839B
00015475
FFFE49CD
FFFF7359
0000FCC0
FFFE74D1
00008D87
0000BCB2
0002DE4A
FFFFE9A0
0001E288
FFFF481B
000097FE
FFFDCE37
FFFF366C
FFFF94D5
00010276
0001947B
00009ED8
0002BBAD
000333FB
FFFF3ED3
FFFEF940
FFFF3004
00026A78
000202BA
00023211
FFFEE5AD
FFFCFF02
FFFE249B
0001A583
00043045
0002D0CF
FFFD3050
FFFFDD41
FFFE704D
FFFF029B
0002450D
FFFDE414
000152BC
00031470
00033BB1
FFFFF27B
00026E2E
FFFF5612
FFFEAAD9
FFFE0F0E
FFFF2A22
00015D23
0000F1CE
00003ED7
00019CB6
000124C7
00004B47
0003AF4B
0001D62D
0002540F
0002FE7F
FFFF2E32
FFFDCB1C
000056E1
FFFE911D
FFFEC68C
FFFFF54B
000030DB
FFFE8788
FFFEC8DF
FFFEFF93
000082A7
0000C2C1
FFFE3D9E
000114EF
00017EA1
FFFF836A
00003F73
0001BE14
00031E16
FFFF6141
FFFE8330
FFFE0CD4
0001B0F5
00004CC9
00027F33
000175F8
FFFFB251
FFFEDD6A
000148CE
0000157B
00016F68
00018301
FFFF7C93
00028AC5
00005B78
FFFF4DBE
FFFDC0C3
FFFEDED9
FFFFFCBF
00011B42
FFFEA4CF
FFFF3BF8
FFFE8444
0002BF05
FFFFB9DB
FFFF9E73
0000579C
0001477E
FFFDC657
FFFDBA2B
FFFE74A4
00026ADF
00005BDE
FFFEAE04
FFFEB7E1
FFFE12D6
0000C38C
FFFFE131
00026362
FFFE81BE
00025128
000237E4
FFFFEDAE
FFFFDD80
00034A22
FFFF7A9D
0001CC3E
0000DE2D
00021AC1
0002440D
000061AA
00024522
000140E6
FFFE1542
FFFF066A
0000B109
00019EDA
0002680E
0000143C
00021F4D
FFFE6599
0000C607
0002F1D2
00016305
FFFE76AB
FFFB9DF0
0002BE56
FFFF746B
FFFFEE94
00026E53
0001729E
FFFD80EC
00007262
FFFFBDFE
FFFF4EFE
000105F1
FFFE79EF
FFFEC374
FFFF0D13
FFFF8983
00003396
00019D3F
000050F7
FFFF12CB
FFFCFA6E
FFFB7E8B
FFFC077B
0001CDB3
FFFF8D12
FFFF0FBD
FFFF5E2E
FFFE2B16
0000B262
FFFEC693
0001C067
FFFEE09B
FFFF02A1
FFFF2BA1
FFFF87A1
FFFEBC4B
FFFE35BF
FFFDE7B5
00013180
FFFD15AD
FFFEA73A
FFFEC605
FFFFF2DD
0000D1B7
00000025
FFFE5849
FFFF730E
0002F8DD
0001F76A
0001345F
0001B020
FFFEC7EA
FFFC06DB
000138F2
0000C46F
FFFF3236
FFFD823A
FFFDCF66
FFFDB910
FFFFA759
0001D2E0
00033451
0000ADEE
00003BF1
0002A1EF
0002461F
00001EBA
00016FE4
0000260B
0002AA14
0001F8FD
FFFF0943
FFFF5907
000142DE
00016A57
00029869
FFFE574C
FFFDD220
0000ED0A
FFFFFDE0
0001E0BF
FFFFC589
FFFD9C25
00004947
00017D76
FFFF2408
0002661F
FFFDBD1B
FFFCE40A
000016E6
FFFE1714
FFFF502F
FFFC291E
FFFBDFF4
FFFDF68D
FFFE208B
FFFFA067
00011069
00012DF7
00007EDE
FFFFFDF0
FFFF4E0C
FFFC59C9
0000049B
0000BA12
00033026
0004625F
FFFF9547
FFFE27A5
00014210
FFFF758A
00012F96
FFFE8306
FFFF4D4C
FFFF1B3A
FFFFB4E2
FFFFE726
000110A1
FFFE7D3C
0000A1A1
00026237
00010FE7
00001FBC
FFFD9AA1
000069FA
00009678
FFFE0211
FFFDF2C8
00004068
0000F46A
0001E6A2
00007942
FFFF9FD5
FFFFB8B3
0000DBBF
FFFD5921
FFFEFA3E
0000F3A2
00007EEE
0002467B
FFFEF199
0000BAA4
FFFE78E9
00013AD7
FFFDB59F
00029685
00008616
FFFF0A67
00004C03
0001EFF7
FFFD9E88
0000EDF2
0000445D
00011FB3
0000FEB2
FFFFCA47
FFFF0696
FFFF2817
00012898
FFFED75F
00020762
00000FFF
0000551B
00021290
0000A6CB
00013F77
FFFDE50C
0001B4AE
0003B2B0
00021CBA
FFFDE6BD
0001A88D
0000A09F
00018B2A
0000EA93
0001A167
00007AE1
000275A9
FFFEF7D4
00012862
FFFD4CCC
FFFF533B
FFFF27E0
FFFF6CE6
000182A7
0002BA4B
FFFD55FF
000090FB
0000C7D3
000047A7
00008B06
FFFE8586
FFFDFA85
00006D6E
FFFEA72B
0002C811
FFFED82F
0002BF4C
0003303B
00013C16
FFFF0046
FFFFE444
0001E6C6
FFFEB0A9
FFFEACF5
00015F74
FFFFE0C2
FFFC6292
FFFE910B
0003A766
0000C7A2
FFFF2464
00004372
FFFCE3CD
FFFBD8A3
00013EDC
FFFFFC30
000129CA
FFFEA92B
FFFE3FB8
FFFEDC6B
00029FF5
0000EEEA
FFFF6CA3
FFFDEE3A
FFFF8ABF
0001CCA6
00011FB2
00004C1C
FFFD714C
0001B401
FFFF29CF
00009037
FFFF0560
FFFE5B1B
00007B2B
FFFFBEE4
00001C31
FFFE8464
00020F18
FFFEC216
00014A5B
FFFF3C15
FFFF865E
00019233
FFFFD470
00002F16
FFFFB762
FFFF7584
FFFE3694
00002ED6
0000F438
FFFEFB44
FFFF8221
000157E1
FFFEB43E
0000C066
00001F94
0001512B
FFFFD2CB
0000ED10
00021D04
FFFF7B89
000226EC
00016D1A
0000F242
00012F31
0001C711
0000D253
00010AB6
FFFE8F9B
FFFF790A
00005AEE
000129C9
FFFF97B6
0000A8D7
0001F4B5
00001AC6
FFFD3125
FFFEFB48
FFFFF7B4
FFFDD952
FFFE9121
FFFED084
FFFD757F
FFFF6427
FFFFC8FD
FFFFBA7F
00017EED
0001D0CC
00002FFD
00002977
00017AB2
FFFEDB91
FFFE3D38
00019048
00014863
FFFF5FB3
0000BE26
00002728
FFFFE6FC
FFFE1362
FFFFF8EB
FFFF44F7
FFFF0172
0001C4D1
0000F65A
FFFF5CCF
0000E0A0
FFFFD833
FFFE9F22
000058C5
000014AC
0000CD1E
0000FA7D
FFFF38F0
FFFE973E
FFFE7156
00000AC4
00018AC8
FFFE5307
FFFEFE9D
FFFE90D7
FFFF5D17
00019DD3
00004D1B
FFFFB340
FFFF0CA1
FFFEF1E0
FFFEF003
FFFEFE82
0002BB59
00003BE1
00022E96
00017E71
00021AF5
0000515D
00010917
00033E67
FFFF8847
000248B6
0001FBB2
0000FAB2
00009D4F
00024ED1
FFFEEA56
0001AA0E
000110E9
0000A363
0000E79C
FFFF3E43
00005815
00011857
FFFF2D49
00013846
FFFE78AD
FFFDEC52
FFFEDDFF
FFFEC7DE
0000D5BC
0001D589
FFFFEF65
0001369A
00026828
00020F54
00017A62
0000FBB6
0002B321
FFFFD949
FFFFDA9C
FFFF779E
FFFFCBB9
000040B2
000052DE
00014AF3
00010CCA
0001061B
0000445A
FFFE46A3
FFFFD8C2
FFFF71D2
000046A3
FFFF766B
FFFE63DC
FFFE40E8
00000FAB
FFFF08C4
0000279E
FFFF2058
FFFE21A7
00004F61
0000EA77
FFFE0737
FFFEAAD2
FFFDF722
00030422
FFFFE9CA
00025D0A
00020EE8
00021EEE
0002B0C4
00002ADC
00009CFC
00003599
FFFDFCAA
FFFE1A74
00013901
FFFDD9DF
FFFF2735
0000BEBF
FFFDFBEE
FFFDB858
FFFEB8D1
FFFFEE3A
0000D979
0001DE09
FFFFB657
00010819
0001BB9C
000128A9
00020888
000350CF
000198BC
FFFEC015
0000FC2D
00007FDB
000138BF
FFFF55A9
00018FF9
00011809
00010AC7
FFFEA1CD
0000D12E
0000D3C3
FFFE28F3
00001D5D
FFFFCDAE
00003381
00003559
000160DD
00022B84
0000CF94
00003BF2
FFFF3757
000197F8
FFFF1AC1
0001190F
FFFF48A7
0000EBA9
FFFD8365
FFFE30FB
000037EA
FFFDF9FA
FFFF37F5
FFFFB0AE
FFFFDA9E
FFFF3ECF
000024FF
00015350
00000F56
FFFF1F41
0001189E
FFFF9FAF
0000C33F
FFFFE0EB
0001009A
FFFF190A
FFFD3CDA
FFFF56D2
FFFFE0B7
FFFD421B
FFFDF6A9
FFFEC9DB
FFFC9D9B
FFFD1BD7
00007773
000039EF
FFFFA857
0001B5A3
FFFE3C57
00022BA6
0000668D
0000BE8B
00019A61
00015239
FFFEA5D4
0000A4A9
0000D44F
FFFE7BF1
FFFF5DBD
FFFE8BD7
FFFDE07A
FFFE826E
0000879F
000039CC
0000C9B9
FFFFF7E1
FFFEF22C
0000891C
FFFFF10B
FFFF06A7
FFFFF37A
FFFE1ECC
0000674B
00019CDF
00009C1C
000095EF
FFFEFCA8
00017DCE
FFFFD98A
0000E440
FFFFA0EC
FFFF96CA
FFFED224
00008019
FFFF2570
0000B7F5
FFFD75E6
FFFF0CFA
FFFEF60E
FFFF069E
FFFFDD9D
FFFFCF7F
0000A69F
0001C03C
00010A16
00020512
FFFFDF27
00009EC6
00006A15
FFFD302D
FFFF10FF
FFFE1E4B
FFFDD6D3
FFFDA5E5
00008471
FFFE6040
FFFE3B1A
FFFEE81C
000105F6
00016743
00015AC4
FFFFC0D7
000031C7
0001DBB8
00012802
0002B3C9
0001DEFA
0000227D
000039EB
FFFFBA18
00007F11
000113EF
FFFF17AC
FFFFF18B
000113A7
FFFFFF02
00009AF9
FFFF0D73
0000C744
FFFEFE12
0000598B
FFFF4DFA
FFFE0E91
0000E15C
FFFE10DC
FFFE3C19
FFFFCB02
FFFF3923
0000348B
00016E97
FFFDB024
FFFE3E36
FFFEC20C
00003371
FFFD920C
FFFEA209
FFFEE0ED
FFFD656E
FFFFE087
FFFE8E26
000025AB
FFFE338B
FFFF1E55
00017BEC
0002D1AF
000281B4
00009648
0002660D
0001CC8C
00020ABD
0001FD4C
00020FD0
00011440
0001487A
FFFE39EB
0001442E
0000242B
0001F793
0000CF2F
000059D9
0000DEE1
FFFE9655
000009E8
0000288B
FFFFCE4D
0000B0A4
FFFFFE19
FFFFF1AB
0000260E
FFFF19C0
00014ADF
0000ADEF
00017B39
00029888
FFFED3F8
000070B3
0000FA2C
0000BBC9
00018E8B
00000777
FFFF9C25
FFFD953C
FFFF78DE
00019548
FFFF07F5
0000D25F
000013EC
FFFDCCEE
FFFF3A51
0000E665
0001D9DD
000035C6
0001A9D7
000094E2
000219D5
FFFF7000
000168F7
FFFED7DF
FFFEB030
FFFFB11C
FFFD92A5
000047F8
FFFFC0C0
FFFDEA47
FFFFE9F5
FFFDA16C
FFFE0A80
FFFF14DA
FFFED5B2
FFFDA997
FFFDFEA6
00005A2C
FFFE0EDC
0000CF4F
0000B4EE
0001A13A
FFFF693C
FFFFA37F
FFFF7C90
0000AAB8
0000CBED
000128FB
FFFFD89C
FFFFC46F
00002CE7
FFFE4FE4
0000DB71
FFFF6547
FFFFB7E3
FFFE74B0
FFFF9396
FFFFE4D1
0000A513
FFFD9B7E
00006032
FFFDF3FB
FFFCB4C2
FFFF9808
FFFEAECE
FFFD2257
00001584
FFFFEB10
000117C2
FFFFDD46
FFFFEC07
00010B2A
00026855
FFFFB4E1
0000899C
FFFF9BED
000163BA
FFFE2521
FFFFB1EC
00013B2A
00004589
0001956E
00006EF6
0001BAC6
0000B2A7
FFFF538C
000307ED
00000EF3
0001668B
00018276
00024AB2
FFFF1552
0003915D
000089CA
0001452B
00028B69
FFFEE2B1
FFFEED76
FFFFC6C9
FFFF09F0
00010D03
00022F7C
000149F3
00013C79
00003AA4
FFFEF7B7
FFFE5B54
FFFFA20C
FFFF7010
0000E433
00007074
FFFFE032
FFFDBE48
FFFFC7DC
00013A1B
00025806
0000ECCB
0000ED36
FFFF29D3
0001247C
00002AFE
0000CE49
000063BF
FFFF12E7
0000E970
FFFF6AE5
000095EF
0000DCDF
FFFE7715
FFFF24BD
0000E8CB
FFFEF96E
FFFE4CCB
FFFFDFD7
FFFDEABD
FFFEEBBD
FFFFBEA0
FFFF9993
0000547E
FFFDB3B4
FFFF1A3E
FFFF8C14
FFFF719B
FFFF73B7
FFFF6102
00014988
FFFF86C0
FFFEF970
FFFF1988
0000477E
0000DA9C
00013456
0000A8C8
000003A2
FFFF6CA6
0001AD44
00006CE6
FFFFB87A
0000E202
000084A7
FFFFB1FB
000179CC
FFFF0D00
00003362
00004493
000120DB
0001B9A6
00019244
FFFEF4E5
FFFF7D17
FFFFFE7C
FFFEE34C
FFFF1AD2
000256B3
000207C2
00001091
FFFFAD71
00009CF7
00006EB9
00017B9D
FFFEBC61
00018B17
0000BFCF
0000DE87
00004682
00004689
000045D9
FFFEF864
0002D618
0001B23E
FFFFB513
0001C37C
00018F10
0001014D
000066B2
FFFC9863
FFFFF035
00010D07
FFFE23FD
FFFC3740
FFFBDBC4
FFFFCDA7
FFFF22EA
FFFD3B11
FFFFEF8F
000170BA
0000D3FA
FFFD9E65
FFFFB5E2
FFFE25D4
00030E95
00003EAD
00001DE1
00005721
FFFF7085
FFFFE797
FFFDEF66
FFFDCD0B
FFFE6604
0000A705
0000753F
FFFF6EF5
0000B893
00010FFA
000019B4
FFFF6262
FFFEB5DE
FFFD9422
FFFEA851
FFFE91A6
000067F1
00020296
FFFFE467
00001424
FFFF39E5
0001700B
FFFEE88E
00000684
0001D843
FFFDDF7A
00010587
00027A74
FFFF4BD7
FFFD1E21
FFFEB5A5
FFFE9C51
FFFF9244
000230B1
FFFE7DD0
00025A01
0000A53D
0001D5A4
00040DEF
FFFF37C9
0002D87F
00005A80
FFFF04F4
00002DDD
000354B9
00014FE6
0000567B
0000A0A7
FFFF5DA3
FFFE4603
FFFF2409
FFFEB77F
FFFC73CC
00011DF7
00014475
0000FD4F
00020978
FFFCEE04
0000A965
FFFF3231
FFFD9046
00013576
FFFFB267
0000B584
000225F6
FFFE0EBF
00010838
00027203
FFFEF42F
FFFE5B4B
FFFE8A4D
FFFFAD54
00031C7D
0000A666
FFFE704D
FFFED619
FFFCF54B
00021EB4
0004C02E
FFFF8C5C
000137B0
FFFD8D10
00008463
00003796
FFFD088D
FFFF59C7
FFFE1F41
0001E533
000277AC
000024F2
FFFDB3FD
FFFED94A
00005578
FFFCFFFF
00035C79
0000F0B7
00013438
FFFD5985
FFFC5C4F
FFFE4B2B
FFFE31B8
000057BB
000273C6
0002DBC3
FFFD9BE4
0002263F
FFFFA20A
FFFEBC87
00016136
00012AB4
00008B9B
FFFE6211
0000D52F
FFFE4589
FFFF9AF2
FFFEDF27
0001AD8B
00001693
00006DF7
FFFDBAC2
FFFE39E0
FFFE983C
00000779
FFFC24E7
FFFFB258
FFFF8DF0
0001602A
0001DB2C
FFFEB59B
FFFFA668
0000803B
0001A336
FFFE6462
FFFF9BCC
0001C640
00019F12
FFFE6A7C
000109B9
0000E9E2
00037317
000063C5
00007255
FFFE1107
FFFD28FE
00022F17
FFFF36DF
FFFE911A
0000A1F6
FFFDE941
FFFE8A47
0002599F
FFFED085
FFFD7C55
FFFFADC8
FFFD14EA
00041643
FFFDB8E4
0002D4AB
FFFFF8F9
00000D5B
00004475
FFFD0D29
FFFDE880
FFFB0C1F
000053D7
FFFC7C08
FFFFD010
0003D478
FFFCEB51
FFFF11AC
FFFECBE1
FFFD4866
FFFFE190
FFFC2B8B
FFFF2FC4
000054F0
FFFB650E
00011B47
0001933A
0001AD95
0000C199
FFFEFF15
FFFDAE59
FFFED975
0000076E
0001055E
00000B41
FFFDBDFE
FFFFE663
FFFBB26B
FFFDC199
FFFD9251
FFFF1C98
0000C309
000165DC
0000A698
0000E22B
0001BA5C
0000746B
0002F8F3
00020C33
0001226F
FFFDF0C8
00012D31
00006095
FFFD5865
FFFEA6EC
00009F11
0000755A
0001E7B2
000211D4
00034D3B
FFFDA417
FFFC6C45
FFFEA0B3
FFFD7F8D
00026488
FFFF31A6
FFFF858E
0002EC51
0002C49B
00015521
FFFF5532
0000BA82
FFFDEEC1
FFFFAED8
00006A13
00009CB0
0000C4A9
FFFFC4C5
000021F9
0000631D
000285E2
00038C0F
00034A86
0003AAFC
00021A3D
0002620F
FFFED2DF
0003C097
0001F5BB
0002030C
FFFE9634
FFFEFB58
FFFE8F1A
00025DF5
0000D0A4
00020E7F
0001CFED
FFFE0C02
FFFD528E
FFFFC82E
0001D8D3
00033B20
FFFD5562
FFFF650A
FFFFFADD
FFFFF989
0000602A
FFFF32C1
0001F35E
00009C70
0001C65A
FFFE69D3
0002D04A
000263AF
0002BC78
0001312E
FFFE3C5E
0001D376
FFFFF48D
0000492D
00012C22
00014872
FFFEC5D0
00020DF1
0000BF39
00020C00
00024B73
0002D2C1
FFFF2D72
000308F2
0000764C
00029E4B
000252B3
00003DB1
0001BCD3
0001C2CB
FFFD6C1B
FFFFABC8
0000C415
0002D174
0002C593
00015534
0001DBA5
FFFF28B5
0002BA7D
000270B9
0000B07F
0001E457
00010FD9
FFFD2958
0001D762
FFFE5EFE
00026CF5
FFFD7AAA
FFFCDCFA
00019566
FFFD9BCA
0001C32C
0003228B
FFFF9542
0001EEB6
0000CD6C
00007758
FFFFC31E
FFFF95FE
0002047B
FFFF7F21
00008A4C
FFFFC370
FFFD6DE8
000065C4
00000854
FFFF0213
00038D2B
FFFD1E24
00008945
00008640
FFFD18A2
0003625A
FFFECF48
FFFF482A
00012BF5
FFFE4030
FFFD7F42
FFFF47BB
00021FA6
FFFF4447
FFFFCE5A
FFFEF0ED
0000CA06
00008A39
0002733F
00013A15
0000E509
000062F3
00022540
0000D9FB
00006FDB
FFFF5917
0003EC6B
00026CB1
00018779
FFFF50C0
00025E72
FFFFA7F3
00034C54
FFFD92D2
000048A7
FFFFAC3E
0001B0AB
FFFE7F77
FFFD056F
000042EA
FFFEF89B
000165E3
FFFF4805
FFFE488D
FFFA707B
FFFD4C4F
FFFE43D6
FFFE2C72
FFFF2BEC
FFFE8617
FFFE0E7F
0000C6EA
FFFE96A7
0001A7C5
00016AC4
FFFF1AFD
0000148A
FFFEC393
FFFD5403
00002B49
0004CD88
000027BA
00045367
00058BD5
00021567
00000C22
FFFFEA36
0001BC16
FFFE4FB9
00024E1F
000001F6
0000FF0F
FFFEDD95
00001420
00009851
00028EB3
0000E210
0000D409
FFFEBDD1
0002996A
FFFD8332
0001734F
0002C3B8
000087EE
0000C356
0000075E
FFFEA9F6
FFFCB843
FFFF3BC1
0001112B
FFFEE9D1
0000288D
00005F1E
FFFDF785
FFFAEBA8
FFFCF3F4
FFFF0B4C
FFFEB714
00038012
FFFF159F
0001E0E8
FFFF0506
FFFF8031
00017CC0
FFFD0585
00004907
FFFE8B15
0001D2C9
00032C06
FFFF112C
00017736
000046AD
00013924
FFFF35DC
000216EB
0001B796
0001E0BC
0001EF9A
FFFE1F29
FFFE566A
000189E1
FFFD8E3B
FFFF7308
FFFF64BE
000056B2
FFFF1919
FFFD052A
FFFE9624
FFFF3C5F
000131E6
FFFD2DF2
FFFD0389
0000C6D2
FFFFD2AA
FFFE5F48
FFFE6AAB
FFFC7F51
FFFFAE7D
FFFF07D8
00015AE2
FFFFB0F2
00014DE9
0001437B
00014990
FFFE0DE3
0001FFFE
FFFF14A9
FFFAD57B
0002EDDB
FFFDCBD7
00003A16
FFFEE2BE
FFFEC9A9
FFFEF334
FFFDA5CD
FFFF708A
FFFF012F
000174D9
FFFF8974
00018033
FFFED422
0001BC5F
000261F6
0002977E
00037FDB
0000E8F1
00021BB0
FFFE79D7
FFFE6FCB
FFFEAC6E
00022ED7
0000FDA6
00000D36
FFFEE83B
0000F0C8
00011DC1
00009B57
0001713A
00017F53
FFFCFBCE
FFFDBE0F
000269F1
FFFF8D23
0001A2FC
FFFE7FE6
FFFED11B
FFFF74AB
FFFE3A13
FFFE0579
00027375
FFFE1E4C
FFFEECD7
FFFC89AD
FFFD4CAC
00007FFF
FFFCA2C7
FFFF5D39
0000ADEC
FFFF4C67
FFFFB188
FFFE059F
FFFD752D
00010ADC
FFFEF75D
0000443C
00019DD9
FFFE4E47
00026A17
FFFD65BE
000042B9
0002A97A
00012FD8
00027D28
FFFE692B
0000DABE
00013C19
0003C258
0000A46F
00005C03
0002C3E7
FFFF4982
0001D869
0000263C
FFFFB34B
FFFE967B
FFFD7F58
FFFFDDB1
FFFE0279
00026BFB
00004863
FFFD856C
FFFF28DE
0001B9C9
FFFF6A89
000042F3
FFFF7153
000166FB
0000D47E
000267ED
0000C304
FFFE3FDA
00022EB5
FFFF8A76
FFFEE916
00022150
FFFE612E
FFFCB1DB
FFFF3ECE
00007FF6
0000ECE4
0002FDA7
00002D55
00015C2D
00008013
0000170F
00013A63
FFFF3B15
00005C85
000347CD
0000BFA9
FFFEE1C5
00007F0F
FFFF8A11
00012030
0002EC1B
00006D4D
0002134C
00022701
00001CDA
00035BC2
0000380B
0000F5D1
0001B1AC
0003056C
FFFF0CD1
00014B17
FFFDA353
FFFFE664
FFFDB69B
FFFED0FF
FFFFD987
FFFF41C5
FFFF871E
FFFD9B56
FFFE1250
00010C45
FFFF0806
00000D99
0000EA06
000245A4
FFFF6A00
FFFEA78E
0001C554
FFFE4058
0001018F
0001D7F1
FFFEC0DC
FFFF0D47
FFFFD12E
00012823
000077F6
0001A144
FFFF5FC8
00003B01
00004C39
00022D7F
0001B2AE
FFFF36A7
FFFE68BF
0001952D
00018044
FFFFF633
FFFFAA61
FFFD5942
FFFBE2A7
000028DB
FFFF913A
000115D1
FFFF115C
FFFEFA72
00000FEF
0000066A
FFFFBFC6
000279BD
0001C7DE
00008E25
FFFF12F5
00026349
FFFFE888
00022163
0002928E
00046285
0001C216
00011718
00028ADE
0001745C
00024FA8
00010E9B
000360D0
FFFF2D08
FFFF28B1
FFFEE99E
0000E659
FFFF529A
00008A4A
FFFFC998
FFFF97ED
00025AED
0001CD8D
00008CD0
FFFE89D5
FFFFA077
FFFE51FD
0001D79B
FFFDEEF4
00023004
FFFEC669
00021A10
0003650C
00021013
FFFFEECC
00011C2C
00038079
00038BA2
00021577
0002FF20
FFFF65D3
00000483
00004FD5
FFFDF920
0000ECC4
FFFE7007
FFFF4262
FFFE11DC
FFFFF2A2
FFFE6A49
FFFEB14A
000044AE
FFFE2478
FFFE3E73
FFFE5AB7
00015BD8
00006846
FFFF3340
FFFD530A
FFFF41FE
FFFF83CD
FFFEE953
FFFE63D4
FFFD41F7
FFFFE3FF
FFFE8FEA
FFFF1EFB
0002D829
FFFFA899
0000C3EA
FFFEDB96
FFFF4FD4
00002F6E
000075C4
00012578
FFFFE560
FFFF1911
0000766C
FFFDA7FF
FFFDD4DF
FFFD5296
FFFE1EBA
FFFF1106
FFFD0F18
FFFF536A
0001F51E
0001A539
0002B7B3
0001204F
FFFF0464
FFFEC0DC
00039835
000163FA
FFFEDF80
FFFE6262
FFFFEB3F
0000709E
000002C1
000218BF
FFFFE0FA
FFFEDA8E
0001DC30
0003392A
000143E9
FFFEBDDB
00012618
FFFE96A6
FFFFE4C3
00003D8B
FFFEB09C
0000D6AB
FFFE9654
00028B6F
FFFEA469
00020237
00018076
00015D4F
00001C57
0000DC57
FFFF6E63
00000C14
FFFE6897
0000CBB1
FFFE8FDE
FFFFA375
FFFE2D22
FFFDA667
00009148
FFFE41B1
FFFE0626
00008B5C
FFFF3442
0002382C
0001C98F
FFFF9C6A
00010581
00006007
0002CE55
0004220B
00008626
FFFF57F3
00006268
00000705
0001631E
0001141F
FFFED0F9
0000EDE2
FFFED193
FFFDEB13
FFFDDA88
0001E8DC
0001E258
0003407F
0000B1C0
0001A1AE
FFFEED34
00005B30
FFFEF5EE
FFFEE109
FFFE2007
00019CCB
00012CAD
00005E95
FFFDFAE0
FFFEFFC6
0000F228
FFFFE114
FFFF760F
FFFF3EEF
FFFF27FE
FFFEE2A0
000169F7
FFFE667A
00008F8D
0001BF67
0000B8F9
FFFF97BE
FFFFEC1C
FFFF67DB
FFFFAD07
FFFCE324
FFFE32F7
FFFFE7C4
FFFEA4CA
FFFFA4C2
00003E9E
00008EFA
0000D3FA
FFFF66A8
FFFF10C9
00024079
000033D3
0001759E
000127DC
FFFFAE66
FFFFCB47
FFFE6E22
FFFFE06E
00031509
00006097
FFFF3D94
00011AC2
FFFCFEAE
FFFE967E
FFFE721A
FFFF0B6D
FFFEB2FA
FFFE2539
FFFD704E
FFFE0853
FFFDD72C
0000BFBF
00027C2E
0000E8D2
FFFEF516
00001B32
0000DB9A
FFFE0CAC
00004C2B
FFFF4F1C
00018D11
00017ED5
0000C2B9
000012B1
FFFF7372
FFFE174E
0000FE41
0002518F
0001146C
FFFCE061
FFFFC147
00013B6A
FFFDB873
0001BD31
FFFD6DA0
FFFDDF1D
00001C5D
00010F2F
FFFF39D7
FFFFC66F
0000F739
0001A8C6
FFFF9045
0000070C
FFFF23F8
FFFE363A
FFFE50D3
00001A56
FFFF1B28
FFFDE87C
0000F5E4
FFFFCA95
FFFFDBAA
FFFE6D76
FFFEDAE0
FFFFDB75
0001DB4F
00026B9B
00032A88
0003902D
0000B262
00014BFF
00029D21
00029099
00036075
000017A0
0000C480
FFFF555C
0001F285
0000E83E
FFFFE86C
00028442
FFFF8301
0000D5FA
0001C853
000026A2
0000D168
FFFEFAC8
00011665
FFFFA4B3
00007CE0
0000F25A
FFFFA43C
0000883D
0000FA15
0001B85B
00018D60
FFFFFAFA
FFFDD29A
000224B9
FFFFE920
00024F10
00015DE0
FFFFB109
FFFF82DE
FFFE5999
FFFF95DE
FFFE7077
0001A526
0001502E
FFFF8150
FFFF6DE9
000129B2
FFFF7925
0000EE29
00013F3C
0000C2E5
FFFF0FB3
0001DD0F
0000A0DC
000032A1
0000A50D
00017CA6
FFFE5814
FFFFD5D5
FFFD681F
000187EA
FFFFF10F
FFFFC39C
00007B4B
0000F12A
00009DFA
00013078
00006B4F
0000BE7D
FFFF48D7
FFFF06A9
00000A98
000083EF
FFFF2F52
FFFE0792
0000306E
FFFF6BBA
FFFF7F54
00009594
00000B76
FFFDC512
FFFEC201
FFFED464
00013732
FFFE954C
000199A7
FFFF738C
000075AC
0000359D
0000B61E
FFFFA523
FFFDBA52
FFFE8CA0
00009366
FFFEBB91
FFFE28B5
00007D14
FFFF104A
000117CC
FFFF6F3B
00007E04
FFFC847A
FFFF803B
00008940
FFFDD185
0001A457
00013C39
0000B800
FFFEC3D6
000180E4
0001D101
FFFEB415
00008B51
FFFDD785
FFFFB5FE
FFFFFBA5
FFFF38D6
0003C3BD
00023DDA
000260E2
0001F9F6
0002672D
00014359
0002BB66
0000217F
00003ABD
00014141
FFFFCA7A
0000BEFB
00001EB3
000334E9
0001E2D3
FFFEABE5
00004E7B
FFFF324E
FFFFBE92
FFFE3D6D
FFFFEADC
00029B75
0000B4BC
00007416
0001A29F
FFFFAFDA
FFFD48A0
000042F6
FFFF7053
0001AF42
0002632E
00019E0D
FFFF5DA2
0001EC62
00015DA2
FFFF4D6E
FFFDC1CD
FFFDF4D9
000212C0
00019F1A
00006EF4
0001352B
FFFED593
FFFF19DE
00025577
FFFEDBB5
FFFFC1CE
00003390
FFFE9D43
FFFE57FF
0001A765
0000B59B
FFFE18CF
FFFF7EAC
0000CEE1
FFFF9EFF
FFFF376B
00019B60
FFFF0BEC
0000D3E7
00014E45
000131F7
FFFF8D72
00012D49
00010A27
0001D50D
FFFEFCDB
FFFFC968
FFFE9401
0001A889
FFFF1801
0001074A
FFFD6ADA
FFFDF98B
FFFF867D
FFFF5154
000030F2
FFFEB2A4
0002514C
00026274
00023C7A
0000E406
00029715
00019E94
0000AE5C
0002DB2F
FFFF5AEC
00007E1E
FFFED844
00017DE2
0001CA2F
0001461C
FFFF73BB
00012E03
FFFF9170
FFFE2E34
FFFFDA2F
00024BFB
FFFF4510
00021715
000192F6
00002CE8
00000C87
00021493
00023BC1
00007532
00010900
000272EC
0003832A
0003299C
00013155
0002D83B
0000B8DF
000261D6
FFFFD195
0003AA10
FFFF6F28
FFFFF562
0003B097
000301E9
FFFF82A6
FFFDFC4D
0002A97D
FFFF8793
FFFE8DD9
FFFF53F8
FFFED54F
FFFF1C65
00013D5D
000122A1
FFFD491B
FFFE7AF6
FFFE92AE
FFFEB3A2
FFFF3F55
FFFFF5DF
FFFCE709
0000C4A8
FFFE12A5
FFFE363E
FFFC9704
FFFE1C42
FFFE51FB
00005D37
0001252C
0000919F
0000ED1B
FFFEF908
FFFF014B
FFFFCB45
FFFFA8F5
000122F2
0000BF4F
FFFF760A
FFFE3AF6
0000E054
FFFF1FE8
0000E394
00001375
FFFFCC06
FFFE90CB
FFFE6A82
0000A4A2
0001A993
FFFF6E06
000044E6
FFFE459E
FFFEB83F
000079D3
FFFF7461
0003584F
FFFF9B8F
FFFF0FA3
FFFDC2B0
FFFF49AE
FFFDB9F4
FFFED1CE
FFFFD107
00011465
FFFED33C
000068AD
0002F311
FFFFF32F
00011335
FFFE7AB7
00026178
000029E8
FFFFB273
000377BD
FFFD0BCB
FFFCC628
FFFF2DC2
FFFE69C3
0001A56B
00022363
FFFE9928
FFFDB2CB
FFFFF530
000262E9
000316C9
FFFF8AC1
00038F40
FFFFF73B
00001093
FFFEF2E5
0002D4D6
FFFFFC0B
00009929
0000E063
FFFE55D6
FFFF23D0
FFFF054B
FFFFE513
00007CB5
0000B05B
000130E8
0000D0E5
0000EAE4
000093BF
0001D0A3
FFFFE37F
0000B1AA
0000F058
FFFFACD6
000024A9
FFFE9A2D
FFFF461B
FFFEC8C6
0000703C
FFFED914
FFFEC346
FFFE60DE
FFFF296A
FFFFDAB4
0001F2AE
00019DEF
00007FD5
0001C969
FFFDCDE1
FFFEC7A0
0000A5AB
FFFFE68F
FFFDC61A
0000404E
FFFECFC0
0001AF82
FFFFD1D2
FFFEFA5E
FFFED642
00010EEA
0002AD26
FFFF7F01
FFFCF1A5
FFFFA9EB
FFFEF7B0
FFFEB35A
FFFF7038
FFFCD13F
FFFC7BE5
FFFF5346
00003A85
FFFE2988
FFFE788D
FFFE4A2F
00016991
FFFEB876
00000673
00000DB4
FFFF6C49
00020D8C
00008448
0000D827
FFFFEADB
00005E0C
FFFF6D72
FFFF20A3
00007906
FFFFDE5D
000146AA
00005724
FFFFB25C
0000C9D8
00006348
00012D41
FFFE3E1C
FFFF3C13
FFFF13DB
FFFF64DA
00016179
FFFE9D84
FFFF99D2
FFFE6D83
00010B12
0001B1DB
00017E0E
FFFEC88E
FFFEDAF9
FFFDC571
FFFDF555
FFFA3097
FFFC21E8
FFFEFD47
00011AC6
FFFDCDB3
FFFCC109
FFFE82CC
FFFECBDD
FFFFACA9
FFFEEFC4
0000167E
0000E10A
00036E2C
FFFF4688
FFFD4C0E
FFFE49D1
FFFEE7DD
FFFF9860
FFFD1802
00021EEC
000200BB
0000EEC3
FFFEC812
FFFC8080
FFFE734D
FFFF0A82
FFFFE479
0003362F
FFFF489D
00009CCC
FFFFFE9C
0001415F
FFFE0BAE
0001DB01
00013130
0001006B
00020EEB
FFFF5332
FFFF5AF7
FFFFCC4D
000276C4
00029F06
FFFF99DB
0002C22E
00003F67
FFFFED6B
0001638A
0002468C
0001C481
000060A4
0000EE95
000055DD
0003348D
0001D3C2
00022108
00011FF6
FFFDD73F
000088CC
000273C1
00001331
FFFF6ACC
0002A513
FFFECD9D
FFFDF4E6
0002A1A2
0001E428
0001A72B
FFFF5A71
FFFECD29
FFFEEEEA
FFFCF523
FFFFE52B
0002A1F9
FFFDD311
FFFF3488
FFFE5560
FFFE4BD4
00017545
FFFEC0CF
00021951
FFFE5505
FFFFFD42
FFFF0E14
00011189
0001B54A
0000FD0E
0001602E
FFFF899A
FFFECC8D
FFFED039
00022E8F
00021D54
00032045
00006620
FFFFC892
FFFF7E78
0003D5B3
0001192F
FFFFC221
000123D4
FFFFD19B
FFFFF782
FFFE7B9A
00011708
0000B82F
00021302
00009437
0000DB4E
FFFF7078
0000D3F1
0000C6C9
0002F521
FFFEF3E6
0000F2D9
00016571
00017E4E
FFFFFEC8
FFFF16EA
FFFE8669
FFFF0721
00023B5E
FFFE8438
FFFE3BC5
FFFF5497
000036AF
000153AC
00020220
FFFF958C
00039C61
FFFFBEA5
000067F1
FFFF8915
0001B22A
0001BD14
000081AE
FFFF7FC1
FFFE7333
FFFE94ED
FFFFC961
0000C2DF
FFFF5781
00004B5C
FFFC89E3
FFFEB7E5
0000D451
FFFDA4E4
FFFDFD68
FFFD61A3
FFFF4AAC
FFFEE0CD
00003F38
FFFF0226
00014BEE
0001C937
00014419
FFFF183D
00024EFB
0001A0A1
FFFD8B8B
FFFBF905
FFFF92A5
FFFFCAAE
FFFFA5A2
FFFFF794
0001522C
0000A7B4
0003294F
0001FD65
0003537B
FFFFB52A
0001D40D
FFFEA897
FFFDECCB
FFFCF896
FFFF7E8E
0002ABED
00000E89
FFFF0488
0001D496
FFFE11CB
0001CC46
FFFF0F6B
FFFD6AF0
FFFF8400
0002BDEF
000219E0
0001A39B
FFFD4F78
0000A6CA
FFFC166C
FFFED67E
FFFCDFA2
FFFF56CC
FFFFED5A
0001D0F1
0001526F
0002B5C8
FFFF00E0
FFFDB35B
FFFFC60F
00016057
0001DCD6
FFFF2076
FFFD5B60
00028216
0001A6B1
000418AF
00029F63
FFFF085C
FFFFD5CE
00026B7E
00004E2D
0002F563
00023522
0001AEF7
00015B1E
00015CDE
000150AC
FFFEBA92
0001BBB5
0000020E
00010072
0002F489
FFFE2862
FFFE5148
0000ECDB
00020781
0002377A
FFFF533F
FFFDE9A9
FFFE7719
FFFE6BBE
00009AC3
000072E5
FFFFA8FD
FFFF114D
0004BEC2
00047AB6
0002DC1C
FFFFF154
00002ABE
0000CEBF
00007664
FFFF595D
FFFE11FB
FFFC1B13
FFFE65C4
00003C8E
FFFDDAC8
0000337F
0000FF2A
000168C1
FFFFD02D
00009BA2
FFFE9977
000183CA
000267E3
000416DE
FFFE92C1
FFFE117E
FFFFF460
00003191
FFFE0B1D
FFFE6B55
FFFEED3E
FFFE46C5
000094D3
FFFF8688
FFFD2066
FFFD7AA3
000018F8
00009CE2
0001729B
000112E4
FFFEC76C
FFFF3F14
FFFD92FA
0000C23A
0001D32B
0000F268
FFFD7DEB
FFFF0F7B
00021521
FFFFC9FE
FFFF63B1
FFFE17E6
00013A47
FFFF8BB0
FFFF1830
FFFE4A6C
FFFEA50F
00031E84
FFFE4C69
00004261
FFFEE52D
0000D3A7
00013F8A
000016AF
FFFDE40E
0000AB35
FFFF3260
00008ABA
FFFE363E
000106D0
FFFF4151
FFFE81A8
00022F93
0001B02F
000221A7
FFFEE2F5
FFFE30E8
FFFCA21B
0000E56E
0001E756
000270FA
0002C805
FFFF814E
FFFE4A30
00009AC4
FFFF355E
FFFFF250
000018AF
FFFE3806
FFFD3E24
FFFDD86F
0000260B
FFFDC64D
00005FFA
FFFC3564
FFFF0942
FFFDF952
0000B6B1
FFFF9A5D
FFFECB1D
000012B0
0002D35B
FFFE9044
00001EB8
FFFDAD02
FFFE1CBA
FFFDE16A
FFFFD223
000236B3
FFFFCAB4
000101C4
FFFF4595
00007339
00034E23
FFFFFC36
FFFDE4F6
FFFF7972
FFFFE175
FFFF6CC0
FFFD9AA2
FFFC7173
00004075
FFFF68BB
FFFDA2FF
0001547E
FFFD3C09
000036E3
0000D4FE
000295E7
0000F290
000078F8
FFFB5729
00007E94
FFFEA449
0002124B
FFFCEC0E
0001899D
FFFE9C74
0002388F
00014962
0000A46E
FFFDE69F
FFFFB29B
FFFFE668
00010FE8
FFFF2F6F
FFFD90EC
FFFC72AA
FFFE1A90
FFFD757A
0000FDC5
00025C5A
FFFF5362
000150BB
0001BD2A
0000D3B7
000136D1
0001D45D
0000F854
FFFE74DB
0001C7DB
00007778
FFFF5F7A
0000A398
FFFF3A99
0001DAED
FFFFA33C
FFFF898A
0001BB98
0002D6EF
0002605F
000030AD
00027522
000355DB
FFFF7D50
00002FDB
00000228
00015603
FFFFD73B
FFFF30EF
FFFE792C
FFFDEFE5
FFFE693E
FFFCD4C7
00003D38
0000DC8E
FFFE1D6D
FFFF96C1
FFFE0966
0000295C
0003104C
FFFE32AD
FFFF50DB
00016EA3
000242D5
FFFED49C
FFFDD221
FFFD26CB
FFFC39C8
FFFFDB93
FFFDDB2E
FFFE88AD
FFFEF8AA
FFFDD735
FFFC3D1E
00025F81
FFFF49F8
0004F571
FFFF6F2C
FFFED815
000005B1
000163A2
FFFE9FE3
000087BB
FFFFDFF6
FFFD7AB2
FFFDF4E6
FFFFEF51
FFFDF2D2
FFFDE538
FFFC9C26
FFFC1DF9
FFFFB611
FFFE3E1C
0000B523
00009A70
FFFF0B27
0000585E
000121F7
FFFD930A
FFFE675D
FFFF81F3
FFFD64F3
FFFFA4D3
FFFFC198
FFFC8175
FFFCC351
FFFD2AEF
FFFE40B4
FFFF148A
0000A222
000422C3
0001F572
00030861
0000E0CE
00041A4A
FFFF5E20
0002DFCB
00030EBE
00012D24
000155CC
FFFF9A78
FFFF2E7E
000124C7
0000CCD5
FFFFFA20
0002581B
00023F5D
0000D338
0000681C
000039C8
FFFDA282
00019ABC
00004A58
FFFE9B3E
0000415A
00002FCE
000088CB
0000D01B
0001CF85
FFFF367C
FFFED34F
00013034
FFFF822C
FFFDE21A
FFFDCFAB
FFFE93E3
00034DCD
000027AB
0000D2A2
FFFFAD9D
FFFF5131
0003394B
0000BE87
FFFF4A4D
0001512A
FFFE7273
00006095
FFFF0E33
FFFDA226
0000F3B1
0000E09A
0000BB8F
FFFFAC65
FFFE9C71
FFFEA2A2
FFFE2955
FFFD8AAF
00004869
000062FC
000006B8
FFFC7A4F
FFFDAEC9
FFFCEE6E
FFFD6983
0000A908
0001DD71
000216FA
0000BCF3
0000989E
FFFEB025
FFFE96BE
00009550
FFFEC6F0
0000DC73
00021D10
FFFEDE18
FFFDBE00
00017FA6
FFFD0CE9
FFFF7843
00017CCF
FFFFEFEC
FFFDF002
FFFFEE47
FFFF9D7A
00002DEF
FFFFC8F4
FFFD1AAF
FFFE624C
FFFED401
FFFEE033
0002EA22
0000A2FA
FFFD7649
FFFE7D36
FFFF0DF4
0001680D
0000C58B
00040399
0000BE0A
FFFD9FBB
FFFEE8CB
FFFDA9C0
FFFCE7EE
FFFF9B67
FFFDD2F5
FFFFCA97
FFFFADFF
0001515C
0001CB70
FFFD77F7
FFFF34D8
0000BD15
000053EB
FFFDE2FC
FFFECA51
FFFE0F36
FFFFB70A
0001FD9C
00023F97
FFFD7316
0000A513
FFFFCD47
0000F837
FFFE30B1
00000587
FFFD1676
FFFFDEC6
FFFC9073
FFFC7977
FFFD7CC5
FFFD60BD
FFFF4E67
FFFDE372
FFFED454
FFFF8985
FFFE7A0E
FFFDA19B
00026FE9
FFFF67D6
00017688
FFFC387B
FFFF0439
0000AA98
FFFD50FF
00019820
0000B7EC
FFFD075E
FFFDDC70
FFFE906D
FFFE796B
FFFDC3CE
FFFF5952
FFFEAB2D
FFFFE177
FFFFAE9A
00000F2D
00030683
000257C9
0000C328
0001B9B5
FFFEB77B
FFFFAC0E
FFFE7DEE
000021C1
000037E2
FFFDD4F3
FFFCC431
FFFE3BCE
FFFCF769
FFFF7B42
00011051
00009A94
0001195D
FFFD2B29
FFFDCDFB
FFFE66E8
FFFDD617
FFFC03CE
FFFEB719
FFFF1821
0000933B
0001CB8F
FFFEF092
FFFEC04A
0001292D
FFFD7150
FFFE122F
0000122B
00004C8A
FFFF0272
00004808
0001327E
FFFF7D40
FFFF4ED7
FFFDBCE2
FFFE7365
0000610B
FFFF1875
0001E052
FFFFA3C9
00003A39
FFFE8A4F
00019018
0002FFD3
0001D2CC
FFFDABF8
FFFD0B28
FFFE60EB
FFFC1687
FFFF45BB
FFFE6E0F
FFFBF67F
FFFD5827
FFFE30DD
00005CAC
FFFE9629
000122BE
FFFFBF51
00001320
FFFFF29F
FFFDE3FA
0000D123
0001D879
0002917A
000156E5
0002559D
0000ED92
00011819
FFFE4325
000049B8
FFFFC538
FFFF97B7
00029E8E
00011BD7
00001C3D
FFFE625B
FFFEBBD1
0001170F
000188E1
0001F31B
FFFEEE0D
FFFE0633
FFFD4496
FFFCDED7
FFFEBA7C
FFFE8C8D
FFFCAABA
FFFFAE3B
FFFE121F
FFFDAFA4
FFFE48BA
FFFDE9E4
FFFEF039
0000FDCD
FFFFCF15
FFFD6CE2
FFFFAF4C
00001D01
FFFD4AF4
FFFD21CD
00022385
0001331A
0000B1CD
FFFF5270
00004AA7
FFFEF305
0000736A
FFFEA6F4
00025239
0001EF81
0000FF31
FFFEAB5E
FFFF10D8
0000CF3D
00001187
FFFD5C44
FFFD5ED1
FFFF83FD
FFFEE5A3
0000AA6A
FFFE2DAE
FFFFA7F6
00011FD1
FFFE9906
FFFE7945
000190B0
FFFDD8C2
000113A5
000207F9
000062DD
00015286
0002346E
0000A27C
0001B5A2
000056E6
FFFF55D7
0001B329
FFFF594F
FFFDF472
00009779
00000B34
FFFF9BC5
FFFF386B
0000F37C
0002073A
00012ABA
00020AFD
0002459F
00018AA9
00008A5C
000014B8
FFFF50FF
00013368
00029E63
FFFEE327
FFFECB6B
FFFFC0DA
FFFDEEB5
FFFFA223
0000B40A
FFFD52E4
FFFD6F6C
FFFB2419
000060F6
FFFD700F
FFFF9ED0
00007D43
00013F42
FFFE3050
FFFED743
FFFCE635
FFFC141F
FFFFD3AB
FFFF62C4
FFFFB405
FFFF640E
FFFF0C30
0000C116
0001BC9F
FFFF1233
00015AE5
0001451A
FFFDE9D5
FFFE674B
00011DD5
FFFE0527
0002F32B
FFFF3998
FFFE3E76
00008F16
0000A526
FFFDCE19
00016114
00022913
00008942
00025A7E
FFFDF5F8
FFFDE2D6
FFFFE495
FFFE6E94
00002FA7
00008E47
FFFF75C8
0000F279
FFFE45E0
FFFD51EE
FFFD5C2A
FFFDF1EF
0000F084
FFFEF391
0002602E
0002BBDA
FFFE5450
FFFFD13E
0002A900
00018F97
00009FC0
000171B6
FFFE44EE
000203DC
0003B09F
FFFEA7FE
0000564D
FFFEFAF7
00015D49
000161AB
0000C2CA
00023C17
00007256
000208D7
FFFFAFA9
00009D5D
00000B6D
000326B6
0003A602
FFFD7E82
00015DD7
0000385E
0000CAC1
FFFF456C
FFFF34C8
000231F6
FFFE1940
FFFEE0CE
FFFF4F7F
FFFFECEB
FFFF9185
000049E1
FFFF1BF0
FFFDF2DB
00004ED5
FFFE148A
00027610
0000A7E8
FFFDA777
FFFDDCE1
00025185
FFFEF121
0000D335
FFFF77B7
FFFEDA49
FFFE52A1
00007FE9
FFFEFAFF
FFFF43FA
FFFEC860
FFFC9D5A
FFFEFEAB
FFFCBD0B
FFFD32AD
FFFBCF14
FFFCEB99
FFFF8E09
FFFD8E3A
FFFE151C
FFFDD684
FFFFE593
FFFCA014
FFFD9AF4
FFFE149F
00029737
00023FDE
000375E6
0001F29B
0004630D
00020B8C
00001737
00000A3B
000154E9
FFFFF6A8
00018B60
00012C29
000379FB
FFFEBC49
0001AED8
00005D1B
00017540
00008C60
00026F07
0002831F
0000DD70
FFFF2945
0000D319
0001EA1E
0000560E
00010074
0000FCF6
00001C9B
FFFEA522
FFFFFE97
FFFFC68A
0002CAD7
FFFF7CBA
FFFCE168
00023796
0000A10E
FFFE59FD
FFFE7431
FFFF9293
00016128
FFFFF28E
00001DF5
00020F3B
0001D152
FFFF9E95
000210A7
00045D09
00036D24
0005F42F
FFFEB235
00049074
0000DE95
00039682
00063F8B
00015DAF
00015548
FFFF98FA
0003339E
00004B04
00016D26
FFFDD4EB
00019C73
000127A5
000259AF
FFFDE663
0001A9B1
00006A3E
FFFCDC0D
FFFE883F
000059B2
FFFF0959
FFFF6DDA
0002787F
0001E814
0002BCC1
00021EC8
FFFCB824
00033D83
FFFED466
FFFFC105
00039FE1
0001DD37
FFFE95A6
FFFBC8BB
FFFF09BB
0002878D
00001382
00037791
0003F28C
0001E895
FFFF58D2
FFFB76CE
00007234
FFFC542F
FFFD4B5D
FFFFD0F7
FFFECCF8
FFFE2A20
FFFB5A48
FFFFBAF5
000031FF
0000AC62
FFFBCF01
0000B9A9
FFFE9F1E
FFFF5DB1
FFFF234D
FFFCD8F0
00004F40
FFFC30EA
000131DA
00012186
0001982E
000115B7
FFFE4D3F
000067FD
00029FAE
FFFF261B
0004EC11
0001E238
FFFE6E76
FFFAE724
0000857E
FFFE787A
000421E7
000367B1
00004DE5
0000EB75
FFFE0699
FFFAFCDC
FFFF7717
FFFD9CDE
FFFE11CE
FFFF4F75
FFFFDE20
FFFF98D5
000507FD
00006CED
0000BDCD
00038FAC
FFFF841D
00009DD0
0001ED91
FFFD59F6
00010BAB
FFFF2E3E
FFFBB698
FFFD5497
FFFF964E
FFFBA229
FFFC40C8
FFFEDC4C
00006AFD
FFFE7C79
FFFDA86E
FFFD0D4C
000078EE
FFFC94BD
FFFBDF8D
FFFD47A9
0001E768
FFFF5BFC
00006F95
FFFE5B76
0002239F
0000535D
FFFB3BBC
FFFC2FC4
FFFEA826
0003A0D1
00004C8B
FFFC8A66
FFFCB8A4
00028144
000238C6
FFFBDF14
FFFED739
0002FF0B
FFFD2E22
00032C80
00015693
0003162B
FFFEE964
FFFE71D4
FFFDC996
000126E4
00018D1B
00002187
0002C26A
00016258
FFFE1831
0001806C
FFFCE933
0002F6A2
FFFBE8F6
FFFFB395
FFFE90EC
FFFBB839
0001B328
FFFDD1F2
0002A31C
000295AC
FFFDF8EB
0005607F
FFFE4682
0001E542
FFFBF020
0005DF60
0003818D
0008AAA9
00026D27
00017991
00050667
0001064E
FFFFD804
00014648
FFFD3E0C
FFFF0FB3
00015EC5
00011C71
FFFBCF3D
0001797F
00041BF0
0001E73D
FFFFDF51
0002AF98
FFFDF12C
00022E81
FFFF4F7C
0003F05F
FFFDE828
FFFE92D5
00033534
00020A80
FFFFF1D8
FFFC4E43
FFFFCE7A
FFFB6CCC
FFFC603A
FFFD600F
FFFD9C71
FFFD804B
0000E938
FFFA116A
FFFCF641
FFFB648B
FFFCDF88
FFFE38AD
FFFECAE2
FFF8674B
FFFA86BB
FFFD3340
FFFEB1EE
FFFF6879
FFFDBE82
00013096
00027BD7
00029FCD
FFFDF4EA
0002A4F9
FFFBC4C5
000149F5
00003CF9
FFFFEA34
FFFFDFEF
0003D9CB
0002A6B9
0001F1A2
00005E70
00037260
00001018
FFFFD4EF
0001D5F6
FFFFB332
FFFFBC5E
0002DBF5
FFFEFD25
FFFFAD36
FFFCD497
0003871C
FFFE9F73
FFFED10E
0001C2A7
FFFDB0A2
0002E2DD
00032FF0
00022600
00000580
0005B638
FFFF52CC
FFFD7CB4
FFFE9022
FFFEDDE8
FFFF9732
0002F80A
000335D0
0002DE83
00018F19
00002495
FFFFBD84
FFFCE2E4
00065EBF
00033A77
FFFC233A
FFFAF3C7
0001D0BD
FFFF9B2C
FFFC8CD8
000089DB
00029FA9
FFFE1A63
FFFEA07E
000158F8
FFFED23E
FFFD4BFB
FFFECEE8
00010B70
FFFCD929
FFFFC036
FFFC587F
FFFBFA2B
00016747
00014966
FFFE9079
FFFFCE0B
FFFD3B61
FFFA4B39
0000FFB9
FFFC2A10
FFFDACC2
FFFDB6DE
FFFCB1D3
FFFEA9B9
FFFFBBBC
FFFF1248
0003212F
00005EDD
000402B3
00047B56
FFFD04C8
FFFF23B6
FFFD87B6
FFFFEE3D
00022851
FFFE4C9F
00021ED5
FFFE8604
0000EDB1
FFFCE784
FFFF00CB
0001C3CB
0001EF09
FFFE7338
0000E7C3
FFFDC728
000058BD
0003C97D
0002789F
FFFC6530
00003D16
000176B9
FFFF1F01
00026582
000052D9
FFFF2C9C
FFFEB37F
0002255C
FFFECEEF
00007591
00057357
0001D411
0004FECA
FFFFCCAF
0000DC13
0003FD7D
0002B650
FFFD12D0
000235CD
0003172C
FFFDCFB5
FFF84849
FFFE59CA
FFFD6DE1
FFFE9ED2
0001AB2B
FFFE7185
FFFFF798
0001F063
FFF94F4D
FFFFA536
FFFDC4A9
FFFDE98F
FFFC418B
FFFECE4F
FFFDA673
FFFCAFEF
FFFE3B80
FFFE212F
0002EEBE
FFFE3D21
00001AD1
00004B4D
0004CD3D
FFFF06B8
FFFF84FE
00010861
FFFD1FED
FFFBDA41
FFFBBACC
FFFD1F41
FFFBBFD0
0001BCD5
0001B471
FFFD2BDE
00027412
0002346B
00002E1D
000048F9
FFFF3AE8
0002D759
0002D261
0003AC42
00015E2C
0004338C
FFFBB3A1
FFFC3B0B
0001CCCB
FFFE9E31
FFFF4933
FFFE9AF7
FFFF03FA
00022100
00044165
FFFF094B
0001685E
FFFD98E2
00034AA6
0005135D
000056C9
FFFF13FF
FFFB9D8D
00037A51
FFFD7FA0
0002A09D
FFFC5CD1
FFFDEDE3
FFFF0A7A
0001D5DB
0003463F
FFFDE635
FFFEEE7D
FFFD621D
FFFD4413
0000EDC6
FFFD1BA8
00015568
FFFFD44F
FFFE57CC
000020FE
000106CA
0001662D
000012CD
0001DFF8
FFFF154D
FFFFC115
0001776B
FFFF54E1
FFFF527A
FFFA4EB3
0000A26A
FFFCB6BA
FFFC6504
000331CC
FFFC75D5
FFFBC29D
FFFC5949
FFFFDA2F
FFFD9D2D
0000D61A
FFFAF4DD
0000EB1C
FFFF0CC1
FFFDE291
0001411B
0001AEB3
FFFE9D2D
0002F855
0000AFCC
000025B3
FFFE99E5
000007E3
FFFD13A4
FFFE943D
FFFF3065
FFFFE948
FFFEF6C9
FFFF706F
0002DA55
0003F123
FFFD49F8
0003588D
FFFD139D
0000A834
00019536
0000E155
00017739
FFF9C073
FFFB3D8C
FFF9AAEA
FFFCEB05
FFFC1305
FFFCCADA
FFFC46F2
00017BB4
000201B0
FFFE415A
0003BA7D
00057577
FFFF6CC1
00053553
0002D264
0000A7D9
000347E4
FFFCBD4C
00007ED1
FFFD2181
0001BC14
FFFED35E
0001C689
0005A012
00001626
FFFE4A94
00027774
0001604E
FFFEC090
0001D7A1
00014AC6
0004AA7B
0002029E
000464A2
0004B046
0001C7E3
FFFF36A2
FFFFDAFA
0004FB5A
0002177E
00020D19
0003700A
FFFF1B61
FFFD1896
000267CA
0001B8C8
FFFC530D
0001104F
0000984B
00016280
000311A0
0000668C
FFFB7F70
0001A6D6
00008F09
FFFB7BA0
FFFDEAA2
FFFF21FB
FFFDCA34
FFFDF5DA
00013B02
FFFE7792
FFFC22A3
FFFC7831
00033D10
0001BB11
0001910B
00022FE6
FFFEE044
00038AE3
000271A4
FFFE70BF
FFFF7423
FFFD31B7
FFFDFF15
0000226B
FFFF89B1
0003040A
FFFD43AA
FFFFE8BE
00013906
00001C2D
FFFD526E
FFFEDAA1
FFFF3DB3
FFFFA90E
FFFB1D26
0000FEEA
00003E05
0004EF57
00058FDD
0002156A
0004FA16
0002CB8D
FFFF1457
00060641
0003EF90
FFFF897A
0001177E
00056E5E
0000900E
FFFD5BE6
FFFCA5E7
FFFF7BC3
FFFF1571
0002DC82
FFFDEE62
FFFF03F5
FFFE4BBE
FFFD78C9
0000036A
FFFE9B1F
000011D5
FFFD685E
FFFCAB66
0000BDD1
000074BC
00000F8D
FFFFBDD4
FFFFD8B1
0000B9C9
00004F86
000059D3
FFFFF916
FFFFB545
FFFFEBCA
0001BC21
FFFF973C
00018890
00018097
0000B6B9
FFFE8A98
FFFFEE46
00017329
FFFF98F4
00027916
FFFF8C88
0001495D
0001DB41
0000245A
000159A0
0001A7D0
00017E99
FFFF379D
FFFEDD97
FFFFE765
000036AA
000007BF
000171B3
00000931
0002246D
0002967F
000126D0
00021B66
0001150B
FFFFCDF0
FFFECC94
0000D40A
0001A61E
0001A8A1
FFFF2E2E
FFFD949A
00008A1D
FFFD6ABE
FFFE0CB7
00012C2E
FFFF9293
FFFFB857
00009047
FFFF0A2F
FFFF30F6
0000C3D7
FFFFB32F
000093E2
FFFE94F4
FFFFC408
000007F9
00012FAA
000100BA
FFFE8C85
FFFF6D9A
FFFF7747
0001462D
FFFE8D01
00012974
00017E3A
0000D8A2
0001B884
00003DC6
00008936
FFFFDFE5
FFFF2746
FFFF51BA
FFFF6662
FFFF5801
000086E0
000006A8
FFFE7100
0000031A
0000A82E
00013A12
FFFF0B2B
FFFE732A
FFFE718D
FFFE53EC
0000F965
000029C7
00021865
FFFFBBA4
00011C53
00020289
0001C5D3
FFFEEF02
0000CA00
00009EEF
0001D9AC
00026EA2
0002611D
00013E5D
FFFFE7A3
00019A76
0000D452
FFFFE853
00021637
00024CBB
0000F1C2
00032573
00012627
00021DE6
0001C53E
0002C135
0001FC86
FFFF9CA6
FFFFB457
FFFE601D
FFFF4C22
FFFE332C
FFFF6C2B
00002CD0
FFFF32D7
00004650
00029A60
000225D6
00021740
0003056A
00001F8E
0000F9BC
0002B73F
00010640
00006D44
0001475C
00002EBE
FFFE9E0E
FFFF3DA6
FFFF1CF4
0000A7D7
0001A2DF
0000DB83
FFFEB110
FFFF36E5
0000BF88
FFFE4BF9
FFFDF173
FFFF14B1
FFFEF755
FFFFFECC
FFFEE111
FFFE7386
FFFECDB6
FFFEE89D
FFFE5DF7
FFFF9F0C
00000D86
FFFFB73F
FFFE6244
00007C46
FFFEAE4D
FFFF4946
0001DFC5
000194B3
000059D7
FFFF1569
0000B8B9
0001319A
0000EAD6
0000BF9A
0000015F
FFFF9840
FFFDF996
FFFD2529
FFFF1AE8
FFFF8247
FFFE470D
FFFED023
FFFECDEB
0000D997
FFFFDD23
00016A8D
00020C65
00007FF4
0000FF74
00001B52
00014543
000213A0
0001062E
0000D5E4
000039F5
000090F8
00011A2D
000037E5
FFFFE963
000093A6
0000DBF4
000106A4
FFFFDB0F
0000BF25
FFFEF084
0000BC85
0000F8E6
FFFEC594
FFFF7917
FFFF785C
00010BD1
FFFEDD1C
00002268
00019572
00005E55
FFFF11A3
FFFF64CF
FFFEA2F1
00003257
FFFE862C
FFFEC136
FFFEC6C1
00009171
FFFEDDD3
0000BD97
FFFE15A5
0000D2EA
FFFFD31A
0000EDAE
00005BB5
00002D89
FFFE252F
FFFF333B
000070F1
0000570A
FFFFC639
000116F5
FFFEF07B
FFFF2865
FFFEE853
FFFD5C5A
FFFE92BE
FFFFE5B1
FFFE5F93
FFFF83BD
FFFEFF5A
FFFF94DD
FFFFCB3F
FFFF2DF5
FFFF7DFB
FFFE78DE
FFFF1433
FFFE5C90
00007BC6
FFFFDFA8
FFFEA7F7
FFFF4C56
FFFECC59
FFFFDBAE
FFFEE7F8
FFFF596E
FFFE03BA
FFFD951E
FFFF3A6F
FFFDA9B5
FFFE834A
FFFEA147
FFFE6F91
FFFE761E
FFFEC616
FFFF1F27
FFFF6855
000087F5
00001515
00003347
FFFF7F5E
00001854
FFFF1B2A
FFFE48B7
00005191
FFFF3069
FFFE4565
00012103
FFFF163F
FFFFA7B7
00001AA5
FFFE2D72
00009E53
FFFEA1CF
FFFEBAB0
00001FF4
00000CCF
FFFFD705
FFFFE585
000098E5
00015B9C
FFFFEDDF
0000771E
FFFFA2DA
0001F782
FFFE8D48
FFFDA953
FFFF7063
FFFE5E0C
FFFE4FBE
FFFF9578
FFFE2D1E
FFFF8BC5
FFFD306C
0000AEC8
0000187D
FFFFFEDA
FFFFEA9B
00010542
FFFFA661
FFFFAC73
00003A62
00014E29
0000316E
000243A5
00022377
FFFFFBA1
0000DE03
0001135F
FFFF61E7
FFFF1F24
0000E862
FFFE726F
00014F94
FFFFA9DD
FFFF6F9C
FFFF9867
00015CCC
FFFFE6E8
FFFF98BF
FFFFC9AD
00000A1F
FFFF4BFC
FFFF82A0
FFFF2EF3
0000A0F9
00008807
FFFE2690
FFFF9371
000181A5
FFFF27C0
FFFE95ED
FFFF54F4
FFFFCB67
FFFE406A
FFFF3E3B
FFFF4B9B
000074A0
FFFEF4AC
0002E487
00016206
00014BDC
00020AE7
00016FEA
FFFF9BD5
0000B41D
000237B9
00017813
000009D1
000048F9
FFFF3C2C
0001E00F
0001DDBE
00013F86
0002025A
0001CB90
0000C0DE
FFFEF7BE
00010714
000014D3
FFFFA5F9
FFFDE6C2
FFFF6EBD
FFFECA52
000071FD
0000B7EB
00001B27
000170DA
FFFF0B92
00019878
FFFF7DB8
FFFFD721
0001518A
0001C3CD
FFFFA7ED
0000C3AB
00007424
0000DC73
00004F33
FFFFD78C
0000F0E7
FFFE581B
FFFF3400
FFFF7A60
00004F9C
FFFFC55B
0001656A
00007A5F
00011B31
FFFFE4C2
00029812
FFFFEDEC
0001978F
FFFF4DA3
FFFE3DED
FFFF7465
FFFEE38A
000087DE
FFFF7140
0000A217
FFFE7B80
FFFFBB8F
FFFFD958
FFFEEAB3
FFFFCF0E
FFFE883D
FFFDE568
00009ABC
000039FF
FFFF612C
00004C6F
FFFE3A8A
00008503
FFFFDE6C
FFFE17F2
0000EB66
FFFF1A19
FFFFE983
FFFE9DE7
0000A5F4
FFFECF7E
00018DCA
0000CB01
FFFFB092
FFFE6EA7
0000B8C3
00005240
000073BE
00015A8E
00000850
00000D5A
00001080
FFFE1FE6
FFFE2274
00001CA4
FFFFF58E
FFFF269F
FFFF8989
FFFFF670
FFFE3DE2
FFFEF12A
0000526B
FFFFE1FD
FFFFBBBF
00005F6D
FFFF76A4
FFFF1ABE
FFFFBD62
FFFECF3C
0000D542
00001C1B
0000AD1B
FFFF944B
0000C65B
00000E15
FFFF66F9
FFFF5DB4
00007BFF
00018632
0001267E
000233D7
FFFEF931
FFFFDDCC
FFFFD905
0001F688
0000743A
FFFFC2CD
00029427
0000F417
0000DCB0
0000485C
0000A490
FFFF93DD
0000A4EE
FFFFAD4C
FFFFA6EF
FFFED0D9
FFFF97F8
FFFFA2F5
FFFE3A3D
FFFEBA6D
0000DDD9
00001382
000157EE
00000B6A
0001375B
FFFF1697
FFFF367B
00017749
00014B1F
FFFF4B4A
FFFFE140
FFFE4669
0000CA4F
FFFF7229
FFFF135E
000022B8
00006B23
FFFF6424
FFFF4622
FFFFC715
FFFEBE7D
FFFF6651
FFFF4B3A
00000BF4
0000CC36
00010399
FFFF3438
FFFF2B48
FFFED1A0
FFFF0078
FFFFE061
FFFFE5D3
FFFF0541
FFFFB62E
FFFE1D6F
00013412
FFFEE157
FFFF3F11
0001624A
0001A04B
00022DC8
0001BAE9
FFFF499A
0001408C
0003175B
000260FB
00017F3C
000267DB
00005927
0000A107
0001BFCE
000096F5
00004069
0000EBD5
FFFF8EC0
000022D9
0000AE28
0000A75E
0001842A
00021904
0000A86E
0001EBDF
FFFF4A66
FFFFAEF3
FFFFE3CF
0001E88D
FFFEE033
FFFF35B1
FFFEA45D
0000A8E3
00016663
00005A56
00007FE7
000163E6
0000907C
FFFFCE3C
0001FB64
00015E7D
0000C13C
0000FD93
00005BE8
0001432B
000176B7
FFFFCBD6
0000DBD2
0001E7C3
FFFFC493
00003C98
00022885
00026094
FFFE0B36
00004C77
FFFEBD7A
FFFE9B40
FFFEFC7A
FFFE346B
0000A15C
00032994
FFFE7512
FFFE20C5
000041EE
0001648C
FFFF2B79
0000B337
000066FE
00029460
FFFE547F
FFFFE1BF
FFFCCF69
FFFE3097
0000C1C5
0001E677
FFFEB71F
FFFF9A22
FFFFA528
FFFF7F86
00032607
00004340
00020832
FFFFA32E
FFFEFC3C
FFFEB8B1
00016867
FFFE0601
0000E362
000007B2
FFFD16B5
FFFD3236
FFFC913D
FFFFC785
FFFE3B7B
FFFF2194
00009EAF
FFFD47C7
FFFD9BD3
FFFE3E1F
000206AF
FFFF3B01
FFFF4B48
000034B3
00008AA6
0003CB46
0002B840
00042AFC
FFFF2CE8
FFFFB090
00007AC0
FFFD7267
FFFEDE12
FFFFBBB8
FFFD09D5
FFFDEF86
0000AC25
FFFC3F7D
FFFD4B36
0000FE94
FFFDDC7D
00008612
FFFCFCDB
00025D1C
00026B99
0001DD8F
FFFE0A8B
FFFD2BA8
FFFE6B23
00028AB8
00018C6C
000251A4
FFFE171B
FFFF0E49
FFFF4C1C
0001201E
FFFF7A0F
0003A127
FFFF7D91
00024D46
00006957
FFFF05D8
0000BAF6
FFFDA1A4
FFFF9744
FFFFB3E9
FFFEDE4D
00016289
FFFEEAAB
FFFE14C2
FFFD4F72
00005D3F
000194E3
000022FF
FFFFBEC4
FFFEE15E
0001728A
FFFE8AC6
FFFEAB2F
FFFF37DC
00008272
FFFFEBDF
000143D7
FFFF1734
FFFE20C4
FFFCD0AB
FFFE0682
0000BF50
FFFFE562
00013D55
00007EDC
00011F32
FFFEE450
FFFEF34C
FFFD7298
0000D38D
00011897
0000DED3
FFFD588B
FFFDF999
FFFE39FA
FFFF13F4
FFFE9EAE
FFFD4C6F
FFFEF6C2
000186F3
FFFE9436
000219D5
FFFEF0E2
00003D2A
FFFF44DE
FFFDC6FA
FFFD9A2A
FFFCB5CF
FFFDC80A
000081F0
0001C4A7
00005313
FFFE099A
FFFD9AC9
000053BE
000139F5
00021364
FFFF7A5D
000491D3
0001FA56
00013BDA
FFFEDBDA
0002BA02
FFFF7851
FFFCF40D
FFFD9A72
FFFF1C52
FFFDA366
FFFE1090
00014D38
FFFCC692
FFFD3F3A
0001ADD8
00025846
FFFD25C0
0000C512
00012C6D
0001E90E
0003BCAF
0000FFF8
0001E02D
000027DD
FFFF94FC
FFFEB5BD
FFFE5BCC
00000E69
FFFD219C
FFFE04A0
00005D31
0000379E
00011F8F
FFFDA430
0000E3EF
00006A1E
00012858
FFFC2D7F
00003828
FFFEBDDC
FFFC1D4A
FFFE6DD1
FFFBEBD2
0001D218
FFFE1504
00001538
FFFDB465
FFFE49BC
FFFE58DC
0000ADB8
00028519
00011C96
00005325
00014ED1
FFFF465A
00010948
00007771
FFFEF8F3
FFFE9716
0000BBF2
0000DC22
0000072F
000245C6
FFFF0860
00018CAE
FFFEF380
000093EB
0001D56B
00008379
FFFE6364
FFFEB4CC
FFFDC9CA
0003BB9B
000160B8
00006C86
FFFE788A
FFFCBCE0
FFFE01F2
FFFF85B9
FFFFA04C
FFFE94C5
FFFF09CC
0000FD43
0002A9FE
0000FDE2
FFFF2A1F
00009ECF
FFFD6B8C
FFFD65B3
FFFEA59D
0002B748
0002B2B7
FFFE35D1
FFFD4A24
000148E7
FFFD91E5
0001E48D
00042B54
00027291
00003861
00015B00
FFFF6CDA
0005B0E3
0001FA06
0001CF3A
FFFFF724
FFFCE99F
FFFEC353
00006C6F
0001C719
00034BCD
0000669F
000011B1
00004716
FFFFAE64
FFFF95BD
0001DF35
0002C6F9
FFFCAC3B
00006EED
FFFDDBFE
FFFFEE5D
0003EE9E
FFFFBB41
FFFF0898
FFFE21CE
FFFF740B
0001921D
00029C8C
FFFF321B
FFFE71F5
FFFFED85
0001B67C
FFFEF925
000099F6
0000FB09
00025DC5
0000EC7E
000242F3
FFFF3773
FFFD80D0
FFFF84CD
FFFDDD48
FFFFBC7D
FFFE6D27
0000A98B
FFFEFB4A
0002FF52
0001A692
FFFD979D
0002CCDF
FFFFFB7F
FFFF5F97
FFFCB2CB
FFFFDC5B
00017D1A
0001844B
000016D9
FFFFD97E
00013858
FFFF41C7
FFFF828F
FFFF90D5
FFFFA481
0000D403
0000AEE1
0000FA7E
0000E4FA
FFFFEBEB
FFFE92C9
00027618
00028903
00002C5A
FFFF942C
0000E42D
FFFF2303
00001EAB
00023C80
FFFDF78D
FFFED1FB
FFFF8628
00010033
FFFF47C5
0002787E
FFFE7CB3
FFFF72C3
0000E518
FFFF639F
00031FF6
00010792
FFFDFADA
000130E9
FFFE2E45
000028FD
FFFE67B5
00017533
FFFF9B76
FFFEC959
FFFF5F28
FFFFE38B
FFFFFDD8
FFFFEE16
FFFD763A
FFFCA70D
FFFE2A6C
FFFDEB4E
FFFF0979
000274AD
00016B52
FFFE84E1
FFFDC844
FFFF78D9
FFFEC757
FFFF7622
FFFDC146
FFFB589A
00003342
00005291
0001374F
FFFF8AB5
FFFFA785
000482CC
FFFE77F9
FFFF78BC
FFFF3181
FFFFB5E4
FFFE7B90
00001038
FFFDDE3D
FFFC85BA
0002D6A2
000052DF
00013220
FFFFE3CA
FFFE2BB5
FFFE6B0A
FFFD0ACC
FFFF3772
FFFF36BB
FFFFF6D3
000066D4
FFFD97E2
0001612B
000182F8
00029626
00008646
FFFE4D70
0001694A
00007618
00039D34
00030514
000023C4
0002095A
0002C2C7
000339C1
00031EC7
00019695
0000713C
FFFFDFE0
00010D73
FFFD77B8
00013A22
00003F54
FFFF824B
000176FE
00015583
FFFE422B
FFFE161E
FFFE97FE
FFFFB409
FFFEAEE1
0000BF00
0000748A
00001817
000142D4
FFFF61E6
FFFF3431
FFFF7AD0
FFFDB286
FFFE607B
FFFF69D2
00005A7A
FFFDDB8A
FFFE7C22
0000797E
FFFE10FD
FFFCCA38
0000F093
00031E6B
0001CF05
FFFFE447
FFFE97B0
FFFE8BBB
00012D24
FFFDECAA
FFFF7E1E
FFFE230F
FFFD36EF
0000C803
000062E8
00014FC8
FFFF15AB
FFFE88C5
0000FBB7
0000508D
00017F2C
00012D05
0002417C
FFFE7713
FFFF944C
FFFFF372
00020227
00001497
000133C8
FFFE6B2D
FFFEC7DB
00027D65
FFFF7D3B
FFFEBE8D
0001BEAD
FFFD8D20
FFFF9DC5
0004044C
00000587
FFFF3025
FFFE958D
FFFDD350
FFFEE316
0002F759
0000C27F
00004C84
000004F5
00025B93
FFFE1B3B
FFFE0FA5
00008A47
00001261
00017BEF
FFFF5A31
FFFFC947
0000E464
FFFE4F6E
FFFC5EB4
FFFE203D
FFFF4EB4
FFFCD5D4
0000BBDD
0001BDC5
00013C18
FFFFA63E
FFFE3289
000335E1
0004A3F6
00045642
000109DD
FFFF17EF
FFFE31ED
FFFEFA19
FFFE6D9B
FFFFE5BA
00015EDD
FFFF0C03
FFFF795F
FFFE85A3
FFFE27B1
FFFCF2FF
FFFF9B28
FFFEAD41
0000D3F5
00014053
FFFDC428
0000435C
0000BEE4
0001BF38
FFFE4994
FFFD39F4
FFFFF9AB
FFFFF9F1
00024B9C
FFFE536A
FFFE0CAC
FFFF05F6
FFFE344A
0001ED4E
FFFFC22F
0001780B
0002FB7D
0004517C
000032A4
FFFEAC33
0000E4E7
FFFD8DE2
FFFFF21D
FFFE4ECC
000064C4
0001ED0C
FFFF0622
FFFDE9B9
FFFE9851
0000AC82
00008A34
FFFF7DC8
FFFD4D8D
FFFF7D00
0000C221
0002EB15
FFFE1473
0000DE48
00003F27
FFFEC2CB
0001BDC9
0001759F
FFFE9DB9
FFFD1804
00017C62
000164C9
000331DF
FFFFA61E
FFFE0DDD
FFFE6853
0000A6F9
FFFE5626
000444B1
00025CED
00003CFA
00053D2E
00022DC7
00000BF6
0000B3EA
0000F3DB
FFFE0A22
0000D024
000260D6
0000490F
00016DEE
FFFED6D3
FFFCEB21
0001092B
0004160F
FFFFB010
000031DD
00016F00
0000D433
FFFF66F4
0002B1C5
000130D9
0003CFC1
00047D33
0001DB83
FFFD0F2F
FFFFAC72
FFFD089F
000044C9
00020FB0
FFFDABF4
FFFDF54B
00022ADA
00001BF2
00041B56
0000DC01
0000749B
000404E1
0001FBE5
0000298D
FFFE7397
FFFFDEBB
FFFE4ABE
FFFF5098
FFFD32D2
0001DC06
000346DC
00034B5B
FFFE2C78
0001099E
00019A8A
000019C4
FFFCD969
FFFD36AB
FFFA56BD
FFFCD044
00006DAA
FFFFF6EE
0004A208
00021A16
0003A3C9
FFFFD393
00040362
00001781
0003CFAE
FFFF66E1
00022E43
FFFFE168
FFFF36DD
FFFEBD53
00027D20
00015D13
FFFFE8BB
FFFB6F37
FFFC1194
FFFE15A9
00004445
FFFB76F8
FFFDFB35
0002F41B
FFFF6D1B
00009831
00007743
FFFCD854
FFFBB31B
000180B4
00003A1E
FFFE8FDC
FFFE157F
FFFC5B05
FFFCB619
00036CB5
FFFD30F7
000074F4
0001C8F1
FFFB9E41
FFFD5334
00021781
FFFCEED9
0001E5FC
000175CA
0001FB5F
FFFD5150
FFFCCA49
FFFC6BDC
00015FE9
0002A15E
00006D9A
0001DBC6
0000FA4A
FFFF6F60
FFFDB6C6
0000A1A2
0000B367
00003661
0001DDCE
00039EA0
FFFFCC3A
FFFEC96E
FFFC55A5
FFFC2252
000039DC
00000E6D
00029E19
0001CE95
00011987
0002B42C
00019B46
FFFFDDB8
000199B7
FFFED8B6
FFFFB013
FFFFACB7
FFFF4D8B
00038732
00017E89
FFFDE8E7
00030AFD
FFFEB63C
FFFE5D34
0001F660
0001FC1A
FFFFC00E
FFFF6798
FFFD8095
FFFEA25F
FFFF3725
FFFFB5BF
000283A6
FFFF87E0
0000459A
FFFF52EC
00044C3B
FFFDB90F
FFFCC219
0001E05C
FFFEB7C7
FFFE2A46
FFFC53D9
FFFD7C49
FFFD2DF5
FFFD8DD0
FFFE21DA
FFFCDF6B
00007437
000220B1
0000CE46
0001EA6A
0000587B
0002E8AC
FFFF6C6C
00013206
FFFCFCC4
FFFAF1FF
FFFC75C9
FFFD0AFD
00009104
FFFE6E98
FFFC572F
FFFE2873
FFFD828D
FFFF4B3A
000055BB
00017515
FFFD3BE2
FFFDD26B
00018B37
FFFCF63D
FFFB6123
00017546
00013F64
FFFD3C56
000136B3
00000E05
FFFF685B
FFFECFBE
FFFDC6AB
0002F2BB
000198AE
FFFD15E7
FFFB05A5
FFFD8111
FFFFD5F1
000332B6
00032A1D
FFFD94E2
0002A27D
FFFF41C9
00000517
00010CC8
FFFEC259
FFFFA914
000264AA
00020824
FFFFBD42
FFFEF313
FFFD8EAB
FFFF8722
000011B4
0003056F
0000A55F
000434D6
FFFE9882
00006B0B
0003506E
0002EDDE
FFFEB42C
FFFC37B5
00027908
00037147
FFFFF06C
0003376F
0002886C
FFFFB459
FFFDAA50
0000F972
FFFC4EAF
FFFBA203
FFFCEA85
FFFFF32F
FFFFF1DD
FFFFFB21
00020A03
00005D63
FFFE5D96
00046DCF
00003663
FFFD79F9
FFFBDC9E
0000FDC2
0001C4DE
000128DD
00018A14
0004C063
00007769
FFFFE03B
FFFE0AC8
00012BBC
000066D1
FFFE8DC3
0002FD2F
FFFDE7A3
000078D9
FFFF6D16
FFFCE65C
FFFD157E
FFFEEC19
FFFC22DB
0003421A
0004842E
000210C3
0000CBE3
000052A6
00024364
0002AF46
00019332
0001EB73
FFFE33B3
0000A2A0
FFFF92C0
FFFF1243
FFFF3ACA
00015E85
0000C693
FFFCFFDA
FFFFD24E
FFFEAE17
00011702
FFFEADF0
00030557
0003DAC2
FFFF4A49
000009A7
00011883
0000E69E
0004CFB0
000463C9
00011672
FFFCF4B3
00022F13
FFFF7EE7
FFFB470A
FFFEAE7C
0000FA58
0003CC73
00007C12
0002AFBD
FFFCE191
FFFF7D7C
FFFCF2E7
00033B72
0003C220
0001BEE2
FFFCF6D9
FFFF27B3
00001D7F
000381C4
0002C3BC
00004E49
FFFF92A6
00033D36
FFFD5855
0002FC9C
FFFF8D74
FFFE5C6F
0003BC0D
00043689
0001FB3F
0001FF3D
FFFFE8E7
00038AF3
FFFBFAEB
FFFFAFB1
00002DB4
FFFF801A
FFFF3358
00023FA2
00022D62
FFFF1DF6
FFFD0DC0
FFFF88EA
0000F67A
FFFD5B68
FFFE1DFA
FFFE38F5
00005D8C
00015779
FFFFFE7A
FFFC8E0E
0002B81B
FFFECBD1
FFFDE23C
FFFFBA86
FFFD5C48
00018782
0002E8E4
FFFE02DF
00013D9D
FFFF921C
FFFE5B12
00031F89
00038A07
000588AC
0005E2F2
FFFEA6BB
000316F3
FFFF3EC2
FFFF1A2D
0000AD7E
FFFE37A3
FFFEC5D8
00007F12
0000668C
FFFC8AED
FFFB4DAA
FFFC3061
00004E78
FFFC9282
FFFF24E6
FFFE9D18
FFFE93ED
FFFFA221
0001BE28
FFFF7F62
FFFD6F9F
0001FE94
FFFEF09A
FFFFD4FE
000470B7
000111E9
00003449
FFFED283
FFFFAB07
00017D7E
0001402D
FFFBFB57
0000F478
FFFC4FE9
FFFD4B80
FFFE6B9E
0004CC23
00064E5F
FFFEC983
FFFD4811
0000F09C
FFFFF463
FFFF6E8A
FFFE9451
FFFECBE9
000279D4
FFFF22A5
FFFECBDB
FFFE52BB
0000DCCE
FFFF1D55
0001D0C4
0000F746
FFFF9158
FFFCA9F2
00019586
0000C063
00038891
FFFF59B5
FFFC0A16
000181B6
FFFF99B9
00004AD6
FFFB40ED
FFFCBAF1
0001F116
FFFB5B7B
0001B622
FFFFC695
FFFF4BB7
FFFFA0A2
FFFE1E91
00060559
0002C001
0001D8DF
00032181
FFFF153B
00019F40
FFFC7B3B
0001B58F
0001C29B
FFFEA455
FFFD7B28
FFFEC7FD
00034984
0005730B
FFFF8CD9
0004EA0A
000559FB
00028C41
FFFE7D7A
00018660
FFFD7204
000100EE
0000ABA8
FFFFF089
FFFDCC2C
FFFDE699
FFFEDDF6
FFFC1FD0
FFFD30AE
FFFD152A
FFFDDDC0
FFFF9E7B
FFFF51C4
0000F47C
FFFD62B4
FFFFC019
FFFEEFCF
FFFEE116
FFFD96DD
0001B89F
000098B8
00013A78
0002ACD6
0001BFFB
00014B77
FFFF6E2A
FFFCC5CA
FFFD5183
00007773
00026D08
00011C09
000396B7
FFFE044E
FFFE50CD
FFFC463C
FFFF32F0
00009558
00012B8E
FFFDF84E
FFFCDC31
FFFF9A7E
FFFE8DD7
FFFF1850
FFFED2DE
0004C557
00005B30
FFFECCD7
00042D0A
FFFF03DE
0001B0D9
000241C1
FFFD140C
0001E6CA
0000F25B
FFFCB7C4
FFFEBAE8
FFFD31D0
00006F68
00006799
FFFD68A7
FFFFEC6E
FFFEE6FB
FFFB49D6
00007FA6
FFFFBC40
0000187E
FFFB9D9A
000297B9
FFFD6913
FFFECD32
FFFF2E8F
0002EFAB
0003F5CD
0002A25F
FFFD3426
00029D32
FFFD416C
FFFF67D9
000015E3
0000C889
FFFB99F0
FFFF5975
FFFFEAC3
FFFCF7B8
FFFF816E
FFFE7BB6
FFFE4373
FFFE403E
000037FF
FFFD8C95
0001A41D
00025A36
FFFDCA3A
0002EF07
0000DA1D
00024A57
FFFF97D7
0003F0B9
FFFE2347
00007DA9
0003F0C3
0003D4C4
0001DA3E
FFFFDCC2
00001F6F
FFFF643B
FFFEED30
000062E2
FFFF8B14
FFFEF351
00024633
FFFB99AD
00019F85
0000452B
FFFF6F56
00002784
FFFD79EF
FFFFD511
FFFFC714
FFFED383
FFFD66EE
FFFFA3F1
FFFE52F1
0000E474
00029789
FFFFD8FA
0002B6F7
FFFE0E65
FFFF8668
0001E53D
FFFC80E1
0001AC19
000112CC
FFFF3C8F
00004537
000244E9
000005CA
FFFDF811
00010E6A
00017767
0000ECEB
FFFFA1DD
FFFEF9D2
00021137
FFFF95A1
FFFEFC9A
00000CF9
FFFE7FD6
0003D344
000185CB
00008B8A
0000724F
FFFFE1DF
00011572
FFFF2647
FFFE26B5
FFFE675D
0002E73F
000029E9
00009780
FFFC9FF1
FFFFA985
FFFCDFFE
FFFD3571
000123FE
FFFE4C20
FFFD1F78
FFFDD004
FFFF8F13
0000348B
0000F774
FFFCF3FB
FFFE6BB0
0000D74A
FFFDAAB3
FFFE8366
0003783E
FFFB55C5
00006F16
FFFF76F1
0000BB5E
FFFF900D
FFFF4587
000212E1
0002919E
FFFEF763
FFFEB570
0001DA42
000208CC
0001965E
0000887D
00004492
00017A0E
0001011A
FFFE1861
FFFE56D7
000139C6
FFFE8F75
FFFD9804
FFFECE20
00004561
000005AA
FFFF8CC2
FFFE19DD
FFFF0E82
FFFDC2F8
0001A8F3
00013111
0000E8D2
FFFE852F
0000A98A
0003171C
FFFF0AF7
FFFE597E
000059AF
0003ED1D
0003E997
0000BFA3
000093DA
00012353
00010DDF
0002BC89
FFFF8D48
FFFF4CFB
0001EA89
00000987
0001B292
00009968
00010433
FFFF1D96
00009E74
000100FB
FFFEE09E
FFFD64D4
00016BA9
FFFF67CA
FFFDEB01
0000C638
FFFE3171
FFFFE0A2
FFFE4763
0002A031
00032E89
FFFF2EF0
FFFF4BAB
FFFFFCF1
00016055
0001CFE8
0001C17D
00024467
00005748
00001A15
0000DB1F
000207DE
00023A10
FFFF7F85
0000466C
00007AAA
00029C52
0000E8FA
FFFDA769
FFFD6450
00022304
FFFE3532
00008847
000045A9
FFFF0BFE
FFFF8D53
FFFF29D6
FFFDFDF9
0000EA1A
0000158C
FFFE7B8B
FFFF5ECC
FFFDE903
FFFD0822
FFFDCD26
000250E5
0003726F
00001189
000184FE
0002FA4F
0001A376
0001CBB6
0003542C
FFFFD483
0000AAA0
FFFF8B39
FFFD9702
FFFDED1F
FFFF6BA0
FFFE2928
00013580
FFFF3DE2
FFFF23B7
0000A9E8
00007AE1
000126CF
0002EDE1
FFFF8C79
FFFF2ECD
0003673B
00004224
00010460
FFFEEC73
00000947
FFFE22F5
0000B1AB
FFFEE93E
0001143E
FFFD1AAD
00029F00
FFFE1E88
FFFD898D
FFFF6044
00026167
00012F94
0001CA25
0002814B
FFFE81CB
00001447
00003823
000052E2
0000A918
00020B8B
0001E239
0001F3AB
FFFE39C8
00001C58
00021BB5
FFFF4461
FFFE628F
FFFE2824
FFFE06B9
FFFFA307
FFFDF3DC
FFFFC990
FFFDF275
FFFE93CB
FFFF8719
FFFF5FA1
FFFFBB7E
00007248
FFFE91DF
FFFF9BD4
0001DD13
FFFDE62A
FFFEB50E
00010210
FFFD8082
00015420
FFFDDD80
FFFC92B3
FFFFB9D7
000043D9
00001FC4
FFFD94F4
FFFD6EA4
FFFFC528
0000FE9A
FFFE7A9F
000021C2
000047DE
00013D25
FFFF2147
00008DFE
0001637B
FFFDA487
FFFD5068
FFFCC55C
FFFEF281
FFFFD30C
FFFE6D9E
FFFE8F02
FFFE1417
FFFDC69A
00002830
FFFFEBD5
FFFF46A6
FFFC6A12
FFFE711F
00013C46
FFFF0CB9
FFFFABC0
FFFF68A3
0001A62A
FFFF9322
FFFE6D52
FFFFA05F
0000F6B5
00007401
FFFF4A21
000136FE
00023E03
FFFEDF46
0000909A
00019E7F
FFFE71A8
FFFE63C5
FFFF97D5
FFFD7893
FFFC5B17
000135C4
0001D225
FFFEC9F7
00003EF6
00000ADA
0000853C
00000C41
0000506E
FFFF3562
000085A6
FFFFEE53
FFFFFEEA
FFFE651D
000087D7
0001FBAB
FFFDD5B2
FFFE8597
FFFF1AD5
FFFFD2A0
0002F83C
FFFFAF0A
00003641
0001D94E
FFFED5AD
FFFE349A
0001B97C
000248C4
0000E60E
00002021
FFFE7D78
0000A1FB
FFFFA720
0001A0AF
000128B1
00005BC6
FFFE765A
00006088
0000D758
FFFFD27C
FFFCEFC6
FFFDF4C8
00018478
00000211
000029C0
0002394B
0000C617
000022BB
FFFECBFF
FFFE2CAD
FFFF888E
00000FA0
00006DC7
FFFE57FB
FFFF3885
FFFCA9BD
FFFCB383
FFFEBD8D
FFFEC379
FFFE2A39
FFFED56B
FFFDAABD
FFFD45E5
000237AB
FFFE5D8E
00019A6C
0000C916
0003CA3A
0002D69E
0000EA66
00021082
FFFFAD5E
0003B423
000323A4
0000986A
FFFDCA54
00000633
FFFED347
00007ADB
FFFEFDC5
FFFF55D5
00016511
FFFEBD73
FFFEAA93
000052AC
00013482
00006347
0000BDAE
FFFF7283
FFFE8766
FFFE9CA5
00002980
FFFEE210
0001C829
0000C263
0002DBE9
0000C3DD
FFFF97F6
00005E71
000205F7
FFFF2663
0001D222
FFFF3403
FFFF871F
000155EC
000162C1
00006C87
000054C8
00020246
0001F54D
0001ACFA
FFFF7CB0
FFFFDF6A
00018D3C
0001139A
0002561A
FFFFFFCD
0001B91D
FFFF17AC
00019E74
FFFEE4FB
0000B248
0000985F
FFFF23F7
000205EA
FFFE6EF2
00003159
FFFF882B
0000A93C
FFFCF9ED
00021475
0000598E
FFFD3785
00007F11
FFFF5BF1
00006DAE
00008E3A
FFFFBD0E
FFFFFF90
00022CB8
0000D9C3
0002E3C1
FFFF15A7
00008488
0002B02C
00007EBA
FFFF3647
FFFE12A9
FFFF2CB0
FFFF1CFD
FFFE0F96
00020C03
FFFE498E
000102C9
00015D3C
FFFE7219
FFFEE37B
0000A966
FFFCFF7B
FFFE41E6
0000C8C8
FFFC4FF9
FFFE31F9
FFFFE578
0000704E
00000AD9
000135AC
0001B3AF
000019EC
FFFECB4D
000017B5
000028F2
00022B33
FFFF1245
FFFED4D7
FFFEAC8C
00013EF4
FFFFB89C
FFFFB37C
00008E5D
FFFFB599
FFFF1AEB
0003B0B5
00019B89
0000A923
0002E267
FFFF90DB
0001A7AC
00030B3E
0002CAC0
0000A40D
00003C17
FFFFF9BC
FFFE6546
0001A553
0001FD44
FFFD98E3
00016B7D
0003C7A8
00036786
000183CD
FFFFA792
00014945
FFFDFD8F
FFFDC832
FFFE6130
00003B04
FFFFED5D
FFFF2D7D
00025AB1
0002F68B
0001495C
0001AF22
00024346
00015C94
000278C7
000256EE
00002383
FFFE947F
0000622F
FFFF97F3
00005735
FFFFD5F7
00016AE1
FFFE28DD
FFFFB677
FFFD8A57
FFFC9445
FFFE599B
FFFE5D23
FFFEF4BB
FFFDC73B
0001C805
FFFD6174
FFFDEA3C
0000F599
0000ED01
FFFDEA79
00007B67
00018190
FFFF36F8
FFFF335C
FFFFCDE9
FFFFCA83
FFFE5139
FFFE4E60
FFFF3262
000377F8
00013504
0002A2D6
0000D18A
FFFE93ED
0000ED0F
00026F7F
FFFE65F0
0000CAF2
FFFE7CD3
0001676F
0000BCDA
FFFE41E7
000133C0
0000C9DE
000015DF
FFFF87A7
00019CBF
FFFF08F0
FFFFE5BC
00009CA1
FFFD4955
00014B47
0001AE7E
00009B3B
0000CD15
0002C856
00004628
0001342A
FFFF5889
000199A5
FFFD62CF
00009134
FFFEE97A
0000B46D
FFFEA275
FFFCFD65
FFFE24F1
FFFF79B7
0001505E
0001D545
FFFF3C77
00001190
0000B8DE
00012614
00003357
00019ED6
FFFD09BC
000208AD
FFFF86B6
FFFBA78E
FFFF5C25
0001418B
FFFE772F
FFFF5C26
0003553B
00002752
FFFD87FC
000247CC
00045B2F
00013C1F
FFFE061C
FFFF8BC7
FFFED424
FFFD358A
00027D11
FFFD29C4
000188FB
FFFF0178
0000DCB0
FFFCDEC6
0001F93F
FFFC07D5
FFFE0D7D
FFFE2721
FFFF8AE1
FFFDDC35
FFFCB8F2
FFFFD5DC
00008054
0001F200
00004536
FFFDAE73
FFFF9CD8
0001BBA3
00026434
0002D2E1
0002B8E5
0001FEB8
FFFFDB02
FFFEB51D
00018561
FFFF527A
000079E3
00019D1E
FFFE72E0
FFFFD3A8
FFFEE400
0001EBC7
00019C67
00018480
00001944
FFFE092D
0003176A
FFFE46DB
FFFE88D6
FFFDCE51
0000CD5E
FFFCA334
FFFDD87F
FFFC8E7E
FFFE1AD3
00015367
FFFC573C
00013D87
0001BFC4
FFFFDB8A
FFFFC0A1
FFFEDC73
FFFF72AD
000019C2
000233C4
00005177
00011DF2
00005C14
000117A0
00016FC5
FFFC6ABE
FFFDCA2D
0000C4CA
0000BF8F
FFFB9C1C
FFFFA41E
FFFFB07F
FFFDEBE6
00011812
FFFF5640
FFFF1DD3
000414F6
0000BC25
00041749
0001C3FB
00023EC4
00013FF8
FFFD0920
000112EB
00004B75
00007611
FFFDDD41
FFFDFE06
FFFB5BD8
FFFFC6D2
00004D1F
00003823
FFFFF2B2
FFFF15AF
FFFF55A3
0000E9E9
FFFDF195
FFFF2CD1
FFFED2C4
FFFEEF60
FFFF7A63
FFFD49EF
FFFD9EBE
000046B9
00009A05
FFFF6055
FFFF7064
0001EB66
FFFDE543
0000FDFB
00016350
0000832B
00006F61
FFFFFCF6
00024D38
FFFEB655
000248C0
FFFF6092
000009AE
FFFE0DF4
0000EB26
FFFFFBFE
0000F875
FFFFD083
FFFF15D0
FFFD0017
000079EE
00011D71
FFFED5D0
FFFE0C53
FFFE2EED
0000B254
FFFC815B
FFFF30A0
00023351
0003BEB1
0001A6DE
FFFFF792
00024C2F
FFFEBCCE
FFFF65FC
FFFE8911
FFFE146F
FFFF2775
FFFE1FEA
FFFE1730
00018F3D
FFFCEB9F
00005328
0001F79D
0000C35D
FFFEF57D
FFFBF6AF
00012DF4
FFFE4930
FFFD59E8
FFFE6781
000018BF
FFFC8FB8
000124B2
00025927
00000AA6
0002189B
00012E02
0000743D
0003C2B2
0000CC18
FFFDCB87
0000C479
0002458E
FFFF95EF
FFFFF719
00008A87
FFFFD12D
FFFDA57D
FFFF48F4
FFFE259E
FFF9A771
FFFDD05A
FFFF0DF8
000074E2
0002E826
00001C65
00048577
00016DBC
0000ECC2
0003D086
0000DF4C
FFFE3B61
000042E8
0001C6FB
FFFF5254
FFFF361F
0003A6A6
000003C4
FFFF8313
0001115A
FFFE2D59
00011E89
FFFDBC55
0001AC5A
FFFF969E
FFFBB09C
00006328
FFFF7047
000015C7
FFFFF3E9
FFFEA99A
FFFF90A6
FFFFB2F2
FFFF910F
FFFD2250
000123F9
00037F5F
FFFF66AA
FFFD96E5
FFFD2C40
0000830C
0003069A
FFFF7295
FFFF14E6
0005A58E
00028718
000221F5
FFFC44B1
FFFDDADE
0001AD8E
FFFE634B
FFFF71C2
0001C1E1
00039B89
0000845D
FFFF4E48
000124F6
0002C570
0000E6EB
FFFEE4D0
FFFFBB0C
FFFD3A14
FFFEC582
FFFF171E
FFFDCF99
FFFC6F3A
FFFD1C6B
00011DA7
00008871
FFFBC2B2
FFFF41F3
0002A18D
FFFF57AF
FFFF7C16
000027B9
FFFD736C
FFFE42C1
FFFBF470
FFFD6769
00000ACE
FFFFE53D
FFFF4665
FFFDF6C5
0002849C
0002814F
000338BC
0000ADBF
0001E9ED
FFFF986D
FFFD5E0E
FFFE64D1
0001CDF7
000069C6
0001DA2B
0000FEE8
00031D91
FFFF095D
FFFEB62A
00005EFA
00032130
FFFFB1E2
00019821
FFFF991A
0000DD2C
FFFF48D4
FFFE88ED
FFFDD0E7
00000AB0
FFFD7D0E
000011D1
0001358F
000229C0
000231DD
000252F0
0001FDCC
FFFF05F7
FFFFA09A
FFFE21E2
FFFEC7B0
FFFF9DC5
00027AF7
FFFF1281
0001841A
00030C84
00033DA7
FFFFD0CE
0000856C
000067A6
FFFF0BA4
0000CC7A
00024FC4
0000B0DC
FFFFF36B
FFFE3BE8
0002C7E2
00004D3D
FFFE2EA1
FFFF1A30
0000E9A6
FFFCCE93
FFFD2779
000024FB
FFFE6428
FFFB9336
FFFB50D5
00002DEF
0000E37A
FFFFAAE5
000179CC
0002CB76
FFFCCD30
00010E3E
00038553
FFFF6E90
0000B9E0
00000DB4
FFFF71B4
00003A30
FFFFC3A6
00002186
0001FAA5
000072E0
FFFE2BC2
0001CE5C
0001B9F4
FFFFDEC3
FFFD8498
00005A44
FFFD8CC0
FFFDB000
FFFFD30D
0001A0A1
FFFD8B70
00004010
0000AF1F
0001023E
00023D0E
0001FDB3
0001D4D1
000237F7
00003BF3
00017A22
FFFEA904
FFFFD38E
FFFD3148
00000CF5
0002D0D8
00027418
FFFDB919
FFFCD89B
FFFEA566
FFFE9D72
FFFF23A2
FFFF0B22
FFFFE0CA
00039E96
0000D8D1
FFFF721E
FFFF0B83
00011579
00030E4C
000197EA
000320A4
00028003
000247BF
FFFF1EF9
0001DFC7
0001C66C
00049D02
000190D8
FFFF53E7
FFFDF39A
00025D14
0004ACE7
FFFFAA27
FFFE9A1E
FFFFBA8A
00031E5D
0001DEBB
000267B0
00018D9D
FFFE4481
0001616B
00031974
FFFF4314
0003781A
00039346
00004C62
0003A45D
00039C99
FFFFA123
000213E7
FFFE9A18
000019F2
FFFDC0B2
FFFDA4B6
FFFD9A0C
FFFD1E2B
FFFCC294
FFFE13C5
FFFFDA36
FFFF99FD
FFFC880F
FFFDD01A
00014CEF
00029339
FFFD7A4A
FFFFE431
FFFFABAD
0000B116
00021301
00013E63
00068E92
00010A61
FFFD7C14
00010E1F
FFFDF5FF
FFFE9054
FFFC679E
00012936
FFFF22D3
FFFC13F1
FFFEF3F7
00019DD1
FFFE6B22
FFFFA657
FFFF541C
FFFF20E1
0000E0D0
000385DF
0001CBDA
0001DDE2
00006DEF
FFFFCAB7
000079BA
FFFE5EBA
FFFE8DBF
FFFCAC36
000021D6
FFFD80A4
FFFD668A
FFFECDB4
FFFFF203
FFFEAB39
0000EA2E
FFFD9388
FFFFD37E
0000B058
00015D92
FFFC7368
FFFDF9C5
FFFDBDDE
FFFFB7F6
00024C31
FFFFAFAB
FFFE3D85
FFFD61EE
FFFDA444
00026480
00002ED6
FFFE7ADF
FFFDB03C
FFFCA118
FFFB7903
FFFD4C1E
0001FB99
FFFDAE32
FFFC95DF
0001D5C0
00024E64
00021719
FFFFCA56
000322EE
00024259
FFFE03A5
0001F6A2
00018FE5
FFFF708C
000012C9
0000DAB6
FFFEE462
FFFF3695
FFFC34E4
00004D80
00026845
000065A9
FFFEC0BD
FFFF4A05
0002C5B7
FFFE395D
FFFCE27C
00018DA2
000037A3
FFFD4491
000294B5
000136F0
0000AF8B
0000741C
00017CFA
00025B94
00015AB0
FFFFACF3
FFFEC3D7
0002A7EC
0001086C
FFFDE081
FFFE0E86
FFFE2FE0
000147BE
FFFD3056
FFFF9998
FFFF5871
000003A8
00018194
FFFEC164
FFFDDCB2
FFFF924E
FFFDC865
0001A7CA
00014525
FFFE19B9
FFFC4CD4
00006444
FFFE0360
0000F038
0002374C
0002CF0B
000233C6
FFFE5D6A
FFFE728A
00015474
FFFE308B
FFFE494E
FFFFFF16
FFFE91DB
FFFD8DA9
0000D723
00010B0C
FFFFC532
FFFEAE19
00001CE3
FFFB453A
FFFEB632
FFFB7B46
FFFED7FD
FFFD8BF8
FFFE1797
FFFDAEA4
FFFFD250
FFFC4D02
FFFED4A4
000072AB
FFFC65BE
00021410
FFFE7C68
FFFEFA8D
FFFE5723
00021C6E
00024261
FFFE4A86
0003BC1A
FFFBE66F
00012284
FFFE64B1
FFFEE30F
FFFF3E8F
0000C2FB
FFFF81CE
FFFDC825
0002B62D
0001DA34
FFFF1E3E
FFFEE391
00017FAF
0000EBEF
FFFDCBD7
000083C9
FFFFD49B
0001B595
000044DB
0001D1E3
00030989
FFFF3654
FFFDC14A
00042EEB
FFFF5E4A
FFFE8F65
FFFFA703
FFFFAD07
FFFE3118
FFFE955C
FFFF0868
FFFFA79F
FFFE75F1
00008B20
FFFEEFEA
FFFEABB8
0003F920
0001F4DB
00021332
FFFDFC9A
000308ED
FFFB0348
0000EDC7
FFFD69AD
FFFF1D03
0000C7CE
FFFB823A
0001F2A0
0000BC07
0000A236
FFFF507C
00028511
FFFE5701
FFFEFF23
FFFF2FD3
0002D5EC
0000B6B2
FFFC9AD0
000019C8
000211F9
FFFD8DAE
FFFD8707
FFFC9DA7
000062C1
FFFC6239
FFFDB9B8
FFFDEF10
FFFEAD72
0000FC96
0001202B
00002CE7
0002586A
000194EA
0000C04C
00022D24
0003421C
0001D848
FFFDF5ED
000036BB
FFFF7331
0000D85A
FFFF53CB
FFFCC489
0003D112
00004EB2
FFFD22D1
0001D15C
FFFB51E2
00002E92
FFFDD7C8
FFFE2863
FFFC945C
FFFF9515
0000610D
FFFE1145
FFFCD3F6
0000F1C1
0000ECB1
FFFEC75B
00013214
FFFFB5AF
FFFF9B82
FFFE8FD7
00025AC4
FFFF612F
00024C3F
FFFE7D8C
000284CB
FFFD95F1
000038A3
00000A11
0000F2CC
FFFE9C39
000074A1
FFFDBD7D
00020322
00020F1C
00000992
000376EA
000170B3
00020CCF
FFFEAF61
0001C8F8
0001ADBE
FFFC5911
FFFD60A6
FFFEB9AC
FFFB8A87
0000EF44
FFFBC35E
FFFD17B7
FFFCA7FE
00015E21
0000B374
0000F117
FFFF6732
000130D0
FFFFBF0D
FFFEA956
00030DED
FFFEC030
FFFC9B99
FFFC95B2
FFFC0851
00003299
FFFE0275
FFFF7C19
FFFF0DA4
00011FC2
FFFEE14A
00054C37
00014C6A
FFFCBA60
0001EA0D
FFFDE677
FFFD8344
FFFFA6FB
00016BE4
00019714
0001C6C7
FFFDC934
00030ED7
0001DF9F
FFFD3CB6
FFFE662E
000349DC
FFFEAD3B
00022CA0
FFFF3633
00043B64
FFFFD689
00002A43
0003BE3E
0001B3E1
FFFE7561
FFFE53D3
0001E7F7
FFFF04DA
000165FC
000410A6
FFFF530E
FFFE465F
FFFFD0F9
0002AB92
0003322F
00017D6B
00046948
0000ED14
FFFEE71B
0004A022
00002644
0003D04B
FFFFCD98
0001F318
FFFE7ECD
FFFD1EC5
FFFF2839
FFFF06E0
FFFF6AE5
FFFCEEB3
000149E9
FFFE73DB
FFFE0E04
FFFDD7AC
FFFF95D6
FFFFD856
0001319B
FFFCC196
0004F8B2
FFFE6D55
FFFE036A
00043D63
00006A20
0000ACEF
00001DB0
0002CBAD
00011DA2
00004513
FFFDDF54
FFFD4AF8
00039814
FFFF8548
0001A5B5
00004598
00020B4F
0000B80F
00046B71
0000E49C
FFFE16DC
00010DD3
00011583
000149E5
00034253
0001DFBF
0003AE38
0004DD6C
00046CCC
FFFF8F52
FFFFFC20
FFFE7574
0001DFA6
00021C65
FFFF7647
000197D1
0001DA52
FFFD3EC6
FFFDC53B
00019487
0001ED07
FFFF859D
000002E3
FFFE8C1E
FFFFF40C
00003C04
FFFD9F5A
0001A808
FFFE258A
00011A2E
FFFFBAC7
FFFFEFFE
FFFFBF60
000039A2
0001D6E4
FFFFAD35
00017FAD
FFFF980A
FFFF5AB6
FFFDF37D
FFFB545A
FFFEB85F
FFFDA60D
000007A2
FFFF8EF0
FFFBEF16
FFFBEB27
FFFE8448
FFFFBB23
0000E5BB
0001E506
0002CA18
00023DE1
000015AF
0000D58F
0003D3F3
000110C5
00001698
FFFF9C54
FFFEA2F1
00038E02
FFFD10B0
FFFC186E
0001536C
FFFDA907
FFFDC4D6
FFFE460B
FFFE1E3B
0000A004
FFFEC9D1
FFFFAA4F
0002DB4C
0001A5C6
FFFFF4D4
00015A89
FFFE7692
FFFEE217
0000E805
FFFDBF73
000126FD
FFFCB7D3
FFFE0160
00028035
FFFC2B83
000401F1
FFFD72F9
FFFE48D0
0000FF28
FFFBD28A
0002A15B
FFFFA671
FFFE71CF
00003E82
FFFDA19A
000210B4
00023D9E
000217CB
00028B0A
FFFE1816
FFFD88E6
0000338A
FFFF5985
FFFDAFAA
FFFD4963
00013041
FFFB6A1F
FFFB66E7
FFFE79A0
FFFD7A31
FFFE059D
FFFE88A0
FFFD2110
FFFE0F46
FFFFC9AD
00015D4E
00011DD0
0001CED6
0000A178
FFFFD37F
FFFF1996
0000254B
0000CA3F
00015990
FFFEE822
FFFFA17E
000221F6
FFFCE417
00007606
0001B4F2
00000385
FFFFD907
000211A6
FFFFF13E
FFFDA708
FFFD72AB
0002AA7D
FFFE5889
0001D03B
FFFF325B
0000034B
0000B224
0000D4F1
FFFF205A
FFFC026A
00010251
FFFF884E
FFFE8041
FFFE09D4
FFFF4B03
FFFEA7FE
FFFE03EA
00010729
000307D7
FFFE206E
0001091D
FFFFEDBD
FFFE2E43
0001B22E
0000A450
FFFD3039
00000705
00008095
00010E9D
00015F56
FFFE977B
FFFDFF0F
FFFEB929
000030D0
FFFF88C7
FFFE1EF5
00016AF5
FFFFFAF4
00031EEA
FFFEB9F6
FFFE7506
0001F690
0001C5C4
0000F840
0004B29C
FFFFF95B
FFFD9FA0
0003BC49
FFFFA8D0
FFFE5DF2
FFFFF750
FFFED731
FFFFD900
FFFF70BB
FFFD95D4
FFFDD29C
FFFFEF92
FFFF08D0
FFFFC62B
00013AAA
FFFE184C
FFFB124B
0000BEB2
FFFE26F9
FFFD50BF
FFFE6821
FFFDC49D
FFFE7CD3
000314D1
0000BD53
0000D4A7
FFFF6305
00025F0B
00002527
FFFDDA6F
0002F101
00012A55
00014A1E
FFFE9576
FFFFC2BA
FFFC0CAA
FFFE92E6
FFFFC278
FFFFC658
FFFD81C6
FFFF9FB7
FFFF5DC9
00010A75
FFFFB288
0000A396
FFFF06FA
0000BF72
FFFD450D
FFFD908C
0000A6B2
FFFF8684
000051B8
FFFE4BA1
00013A18
FFFD6C5A
000074B9
0004292A
00015E67
FFFECCA0
FFFF04CD
FFFF5085
FFFF7F40
FFFBBD5E
000240B9
0002A334
FFFFC625
00014CA5
00029F31
FFFD2A23
00022042
FFFE3205
FFFB7F71
000132B4
FFFEC2A7
FFFC9ADF
FFFEB117
FFFF06DE
FFFE2402
FFFE3353
FFFE801E
000052E9
0000B3B8
FFFFF9BF
FFFFAAED
00039194
FFFC7276
00004AF8
0002C5CA
FFFBB880
FFFFBEFF
FFFD5A67
00018F31
FFFF274D
0000E974
0001735D
0000151C
00009DCD
000303CA
00010551
FFFEC058
00003B36
0001D456
FFFE9063
FFFB9D30
000028B3
FFFFB4F4
FFFCB9FE
FFFED181
FFFFF1F9
FFFD8C10
0001B3F7
FFFF70C1
00006B70
0000C5C8
00006C77
FFFD34B0
FFFECADD
0002BC27
000317CB
0000D448
0000D84B
FFFE100D
FFFDED54
FFFD16E8
FFFD1EA2
FFFFFF06
FFFDFFC4
00014422
000034A8
FFFDE217
0001ACA4
FFFE67E3
0000D8C5
FFFDBDBC
00030B0E
FFFAE378
FFFF76F0
00005D89
0000EA79
0000401A
00005326
0000E7F5
00014274
FFFC779B
FFFFF339
FFFD2552
FFFF957A
FFFF24AF
000316D4
0000BC02
FFFD01D5
FFFFB095
0001189B
000080EE
FFFF0F62
00029D2C
0000EA07
0001781E
00024D17
00068E4C
0001CC13
0000E6D4
00032AE6
000352F3
0001E0F1
00012E76
0001969D
FFFFE6C3
00005E29
00027637
FFFFB4B7
FFFE5BD8
FFFF25E1
FFFDF622
FFFEC88A
FFFCA255
FFFD533C
FFFE3AE3
00018E30
000165E7
FFFE8FFF
FFFFB24A
FFFEC05D
FFFFACBD
0003E4F8
0000066F
00025EE9
000297E7
000382B1
FFFF0F1A
0002DD68
00022AD8
0001BAC2
FFFB31E3
FFFD000F
FFFCF741
FFFF346F
FFFE1ED1
FFFCB091
FFFDD63C
FFFFB78F
FFFC4CD7
FFFF3FDF
0002A514
0000CEE4
00008C19
00021014
00023D4A
FFFEFCD8
FFFFE46C
FFFEA6ED
00025327
FFFE2333
FFFEA5A8
0002D7BF
FFFD7EC0
FFFF49C9
00003602
FFFF813D
FFFF0D79
FFFF1B75
FFFFE8AB
FFFFEDD2
000023C8
00018DA7
FFFD3D87
FFFDAEE0
FFFE0B1F
0001FDBF
FFFFAB3F
0001B2A5
FFFCB832
FFFD2BB7
FFFEF8B5
FFFE7B0A
FFFDAAF5
FFFE679E
FFFF498F
000031D8
00001024
FFFEF949
FFFF5575
000382C2
FFFF6558
FFFE54A7
0000C218
000060FB
0003CC95
0001B5EB
000052DE
FFFE1FD3
FFFEE456
0002FEAB
00011257
0000CB09
FFFF75C8
00009B9D
FFFF1C5B
00012161
00002C5E
0003DBBF
0000EF3D
000375E5
00017DFB
000301AD
FFFDE118
0000F263
00013DDD
FFFF2556
FFFF4100
FFFFED97
FFFC5606
FFFFE615
FFFEBBF8
00013E46
FFFD5597
FFFF0DCE
00017FE3
0001E49B
000032E2
0002B5AF
FFFF1AC1
0000D4AB
FFFFBA4D
FFFE8753
FFFD7000
0001803D
000176C2
FFFEE6A7
FFFFD26A
0002549B
FFFE2856
000072B8
FFFDB326
FFFDF2C4
0000E88A
FFFEA1AC
FFFC131F
FFFDBF42
0000C1DC
FFFF2788
FFFC7865
0000FF33
00032912
000129B9
FFFCF59A
FFFE0547
000016F3
FFFD80D9
0000D90A
0000D812
000173A9
00021A26
0000E454
FFFEAA46
0000C3E2
00026FDC
0000404B
0000DB29
FFFF370F
00000481
0000B08D
00016AFA
00021595
FFFE438A
FFFCDDFF
00018859
0002471C
0002A8C8
0004FDC0
0003D522
FFFFA74F
00000B1A
00044E17
FFFFBABF
000172DD
00039102
FFFFF48B
FFFC4D43
FFFF8B40
FFFE1FA5
FFFF638B
FFFEF345
0000EB2D
FFFF5D41
00028F86
FFFF1EED
FFFFB040
FFFDFB60
FFFD6455
FFFEF27F
000074BB
00008C21
FFFF5431
FFFDACFA
000325CC
FFFFC393
000120A2
00016058
0001E3A3
00021C45
00010BBE
00005692
00008708
FFFF2948
FFFFEA0B
FFFE11D9
0000C367
FFFE6B47
000291D2
FFFEC820
0000E013
FFFCF61F
0001B5CA
0001E1F3
0004A3C3
0001D67D
00020004
FFFE2676
FFFDFDA7
0001016E
0001A9F3
FFFCA010
FFFF0715
0001AB66
000006FF
0000E64C
00014C18
FFFD214A
FFFFB461
00008BFA
FFFF9107
00021F59
00018552
00008361
0001103A
00018F3C
FFFF4B89
0000758A
FFFF322A
00019CC0
0000CFB3
FFFD8238
FFFF722F
000087EB
00006B49
FFFE17BB
000259EE
FFFEA0BB
FFFF6A23
FFFE4CD2
FFFEDE13
00014B69
FFFD025A
FFFEE374
FFFE4084
FFFDB797
FFFDA01D
00030BC4
0001E244
FFFFF45B
FFFF2D44
FFFF4969
FFFFD783
0000FF57
0003AD65
FFFEA588
00010781
0002BDAE
00027B46
00023A20
FFFF2D2A
000096DF
000181E8
FFFECC55
FFFF5C1C
FFFE65A1
0000E5FE
FFFDDA1B
0000F4C4
FFFFD54E
00003D70
000351D0
0001597A
FFFF7824
0001A610
00032899
0002FB32
FFFDA348
FFFCFE96
FFFF463D
FFFEA0D8
0000E98C
FFFFCE5C
000323B2
00030D74
0001257F
000031B6
FFFEF08B
0001002E
00030319
000069B9
0001337B
FFFF74BB
FFFFFF46
0001F4F0
00001964
0000ECF1
0000215F
FFFDD598
FFFFCFCD
FFFF87AD
000142AC
00009784
00018535
0000353F
FFFFD3E2
FFFF8922
00001E64
0000315C
0001D7F1
FFFE0BE0
FFFFEF8F
000138D0
FFFED131
FFFEC655
FFFE8481
FFFDFACE
FFFD7DD1
FFFF5DC0
FFFF3055
FFFD52C0
000042F3
FFFDA897
FFFDE0A1
0000D470
000156E4
00024E14
FFFF2054
0004100F
0002F6C6
0001EE60
FFFFEA11
00019D0F
00018764
0003DF8B
FFFF857F
00033BF8
FFFE9F87
FFFCB1A1
FFFEF697
FFFFE6E2
00000E2E
FFFE81A4
000058C0
0001E8B3
FFFEB8E6
FFFD50F2
00008D31
000297A3
FFFEF432
0002D07B
0001E789
00014262
00032854
FFFFD1D1
00012E0D
00000148
00025515
0003B97E
FFFF38BA
FFFCC616
00027EE6
FFFF0641
FFFE0ABA
FFFFBD8C
0000B251
0002156F
000161FD
FFFDDC94
0002E308
0003A387
0002488B
FFFEDDA7
FFFFDD8B
FFFE8AAC
00032FA3
0000DE03
FFFE46C9
00021450
0000DA90
00020285
0000B5F0
FFFEA8ED
FFFDD921
FFFF62A9
FFFF875C
00014BAB
0002C18C
FFFF05D1
FFFF681D
0000D2A9
0000A8A2
FFFE0A6E
FFFFADF9
0001585D
FFFF0A78
00023848
FFFF0EE6
00004F6D
00013A77
00002CF0
FFFE9E66
0001F6D5
FFFF5017
00011566
00005272
00017BE6
000261CD
0000BC86
FFFEE387
FFFE5884
FFFE02C3
FFFD28BA
0000FDBA
FFFB7BE3
FFFECDD9
FFFFFD53
FFFE6E85
FFFAEEAE
FFFE9C28
0000B6D7
000037B8
FFFFCC4B
FFFBF420
FFFB6EA4
FFFD5C50
0001094E
FFFE209B
FFFDF2FA
0000AB26
00026AF9
FFFF273D
FFFE3FB8
FFFEEE3A
FFFC00F6
FFFCF4F6
0003086C
000006E8
0000A832
0000EAA5
0002A6E4
0001EB3D
00004280
FFFF76B5
FFFF20E0
FFFF8A43
00024F0E
FFFDD11B
FFFFF7C2
0000CEBA
0002FA0D
0000106F
FFFE9354
0000376C
00028BF3
0002D6FC
00039E25
FFFEFD3D
0000D0FD
0004A93D
0001E50F
FFFF01BD
0000C0DA
FFFE4924
FFFE18CB
FFFFFD31
FFFF6EB2
FFFE5363
FFFE1D73
000176CF
0001F606
00003D57
0002A7CF
00046296
0002C283
00040D27
FFFFF4D4
0003862F
000144FE
0000085C
0003A1D4
00013A6E
FFFF593F
FFFF5B2D
FFFF859C
FFFE23B4
FFFC1AF8
FFFEB4F8
FFFC71DB
0001D991
FFFCEAA0
FFFE1808
FFFE8F15
FFFEA013
FFFCCC40
FFFE156F
FFFFE611
000101BE
FFFE310D
0002BC80
0001672F
000230B7
00005D11
0003BB28
FFFF66A6
000075DE
0002D8B9
FFFE967C
FFFD44F9
0000BDFC
0000DF99
00030417
00014421
FFFEC28B
FFFE6CA7
00019C02
00024E53
0001BE1D
FFFC2079
FFFF3AD6
0001B861
FFFEB892
00001851
FFFF20B1
FFFE3857
FFFD856B
FFFEC142
0001597E
000072E7
FFFD8686
FFFEA636
FFFE1171
00017321
0001D9BB
000150D5
FFFE7036
00016798
FFFFE7A1
FFFFA7A1
00018760
FFFF8B2F
00006780
00026DD1
FFFFEFDD
00018975
FFFD46D1
0000FC25
00039846
00025449
FFFE264A
FFFECE03
FFFF5D7C
FFFFC13D
000144C6
FFFD2102
FFFD19DB
FFFEC8F8
FFFD9D74
FFFD439D
FFFE61FF
FFFC67EA
FFFE7880
00060947
00052D02
FFFDDD5C
FFFF9446
00002283
FFFE964E
FFFDE15A
FFFFB2B4
FFFEBAE9
FFFD475F
0001F041
FFFFA1D1
FFFAE310
FFFD3589
FFFF5117
FFFF88FE
FFFFEEAD
FFFD98BE
FFFDC19B
0000CCCB
0001357E
FFFED87F
00022D67
000108CC
FFFAC41C
00012550
FFFAE85B
0004DCA7
000124EE
0002D912
FFFCD134
00013C18
00029B66
0002CB03
00008286
0002465F
0001132C
FFFC1E39
FFFF41BF
00025E6D
000331ED
FFFEB3C6
FFFEEE55
0001C777
FFFF2CED
FFFE055F
FFFBD0A4
00000095
0001B2E7
0000C246
FFFA2A28
000249BE
000031D0
00009530
FFFDBD14
FFFE683A
FFFF7C32
FFFF1FDA
FFFBA7D6
FFFAA450
FFFB61AB
FFFD70C6
FFFE41D7
FFFFD5A6
0001EB7B
0004057B
000139DC
FFFFBC4B
00041221
0002BACF
00038207
0001A9A6
FFFD3975
FFFC8724
FFFB683D
FFFCC56D
FFFD5DD0
00006B80
FFFE757E
000078E9
0000AE8C
FFFA6493
00024C00
FFFFE275
0001CEA8
FFFE4B48
FFFEF6DB
FFFD300D
FFFEDA30
FFFDF83D
0000DFB1
FFFDBE53
FFFDF76D
00010090
0006A4BD
000550D8
FFFDC3EC
FFFCE9AE
FFFE6862
000496D5
0003DA7C
00023EF3
00039525
FFFF4410
000153D0
0004EEB6
0000EBDE
FFFFD595
00012382
00038A86
00008665
FFFF2F20
FFFF74F8
FFFD44A8
FFFF5D95
FFFF26BB
0000AC82
FFFF8D0C
FFFE2D4E
00014572
000201CF
0001BD6C
FFFE52DB
0002F8E8
FFFCE6AF
00004E3C
FFFD2B2D
FFFF195F
FFFF6D39
FFFC5530
FFFA71A8
FFFB5B0B
000160A3
FFFC0BC2
0002366C
0003CFF1
00016531
00010300
0003BDC7
FFFDD23D
FFFBFD02
000536A6
00032A9F
0000D341
00044938
0003C4CD
FFFFAA1A
FFFD1F07
0001A9C6
FFFF035B
FFFEC9AC
FFFFB00E
00032D00
0004151F
000023D1
000315E5
FFFD8C05
FFFCA187
000074F5
FFFDF97C
FFFDF70F
00017BD5
FFFDBB7A
FFFE9BFB
0003CE36
FFFCB896
FFFF72BD
FFFBEA01
0001173F
FFFF82B1
FFFE6AEC
0000A865
00017D3D
00014DDA
FFFD6C20
0003A245
00035B84
0002D53D
00005DA9
0001FE47
0001495D
FFFCE216
FFFCD020
FFFF1213
00013DA3
FFFA9BCC
0003B92F
00058315
FFFD6804
000325C7
FFFEEAA0
000129D9
00001008
FFFDFBD7
FFFFFE2E
00014847
00018291
0000B782
FFFA084A
00027494
FFFF7D35
FFFE42EC
FFFD742E
FFFC73A5
FFFE6B53
FFFBDCFE
FFFEE9E1
000201B3
00007CF6
0003BD0B
0002B25E
0000C8E8
00034DC0
00024ED5
FFFFE542
FFFFCDA4
0002C5B0
00019C56
00028252
0000355F
00007B9E
00011969
FFFF1CBE
00009975
0002380B
FFFEE7E8
00016261
0000D3FB
00007854
FFFBED36
00009378
FFFBEA0F
FFFC8592
FFFF9D23
FFFE71E8
FFFC97E1
00005D06
00036A36
FFFFF9D8
00017BD0
00005EC2
00025D6C
FFFEE8AB
FFFEE632
FFFF698E
FFFDF79D
0001E036
00032C3E
00032A84
00031968
FFFEF6E9
0000601F
00014466
00038777
FFFD6610
00004D9B
FFFFBC31
FFFCEF45
00025FF9
FFFD887C
FFFE74DA
00032F87
FFFD5001
FFFB3025
FFFD4152
FFFF162C
FFFE4430
00005B0E
FFFCD60A
FFFDC5DF
FFFFABD0
000141DE
FFFF5D22
0002D12B
000491DB
00030869
00030F0A
0000B486
FFFEF9E4
0002C355
FFFF6E6E
FFFF2FD6
0001F12F
000221D2
FFFD0FA4
FFFBFE78
0001DB12
FFFDA8B8
FFFFA304
FFFCDEF0
FFFEC36A
0001B10D
FFFF6337
00035F92
00018D67
FFFC0B14
FFFC5901
000252A8
FFFF3AE5
0000A4F4
FFFF62E3
00044B37
0000E9B3
0002436C
00020B74
000439C3
FFFFFF78
FFFCF580
FFFFE92F
0001E1D3
FFFE8D0D
0001A10B
0003438D
FFFF6DCD
00044BE1
0000C72A
FFFE54C7
FFFC7E6F
0002637A
FFFE84B2
0002CF86
FFFE4F60
FFFDEDFA
00023298
FFFD2CD4
FFFFCDB8
0001B93F
FFFB7B67
FFFB7D6C
FFFE583B
00009DEB
FFFC151D
0002EA67
FFFF9B67
00008974
FFFE0E0D
FFFCD0A4
FFFE2872
0000908C
FFFC757E
FFFB426D
0000E037
FFFE8BF7
00031D7B
0003B610
FFFE9D09
0002E283
00054BAA
00028AAD
FFFFF79C
000416E7
FFFD00C1
FFFEACF0
FFFE7EEB
FFFC7B76
FFFFB3B6
FFFA815C
0000277B
FFFE82D3
FFFF2060
0001DEAC
FFFCCD58
FFFD056C
FFFDBF74
FFFD47ED
000017DD
FFFDAEFF
FFFF5050
FFFEDA31
FFFED1C5
FFFE218F
FFFF11F8
00017631
000345D7
FFFDB136
FFFFC7BD
0004393B
00049722
0001A9EA
FFFF71BA
00032E0D
000087AB
00012899
00039130
0001498D
0001E9BB
FFFFE2D0
FFFEE1CD
000171C5
00046AEF
0000CAD1
FFFC8E6D
00006C4A
00029466
FFFF3409
0000FC24
00017112
00031AF2
FFFDAC7A
FFFF196E
0004C570
FFFF8E62
0000557C
00044399
00013773
00011786
0001478C
0000D247
FFFCB8D5
FFFCD367
000031F6
FFFF03D2
0000A34B
FFFC7577
00043AA0
00006344
00012B1E
0004BBD0
FFFFD7B1
00028EBA
0000146B
0000400D
0005A93B
FFFCBD5C
FFFAB3E3
FFFDD0CA
FFFBAA1E
FFF9974A
FFFFAA13
FFFBBF56
0000DB79
FFFE76FE
FFFE5E6E
0003FBFE
FFFCBCE0
FFFF08AF
FFFFD1D5
FFFF0A6F
000117FA
00003028
0004BB08
FFFB7389
FFFC0B94
FFFAF7A3
FFFAC746
FFF9CD33
FFFC3210
FFFA84DF
FFFFD4F7
00019259
00039BA7
0002E523
0005136B
0002876D
FFFC84D5
00013077
0003354F
FFFDE432
00002E93
0001689F
FFFEFC4F
FFFE603B
FFFEF3C6
000012CF
0003C5CC
FFFEA0F7
FFFDAFBE
0000C8D7
0003DD97
0005A2BC
0002673A
0000FF45
00040795
00013C7B
0003459E
FFFEF044
00024F4C
000071AF
000308B0
FFFDCA42
0002F67E
000066D2
0003F4D7
0002561B
FFFBB5F8
00023590
0002332F
00025578
FFFF86B0
00017D8B
00035339
FFFCF9B1
FFFFE15D
00036D89
0003F241
FFFF0202
FFFD7A98
00030A7F
FFFED0FC
000135FE
FFFD9663
00010C97
FFFFA2AB
0002E565
FFFF14D6
0001296C
0000928D
FFFEC709
FFFE52C4
00005F58
FFFE632D
FFFC67DB
FFFF8647
00005C22
FFFEB365
00010ADD
FFFD5E4B
0001CE3E
FFFEF834
FFFE7F6F
FFFCB2F0
0003CFEE
00028D91
00038327
0000AA70
0002FE4C
000001D1
000169DC
00013903
0005C722
FFFEF345
000298CC
FFFC5A98
00032E21
00023695
FFFE93A1
FFFEF87A
0001ED9E
000258F7
00037B6D
0000BAB5
FFFF782F
00012060
00039151
00056483
00018054
FFFFB7E8
FFFFAE77
FFFCD800
000244F5
0000483A
FFFE8F30
0002EA2E
00006374
FFFD4261
00013EC4
FFFD768A
FFFFEB6F
FFFEEF5F
00011C42
00044E7D
000036CF
FFFF6E13
FFFD34AC
00017CF1
00035458
0002C7B7
0003CA3E
0000AF7E
FFFF9F35
0001B5F8
FFFE9146
00034ABA
0002CBF4
00023D78
000033C6
FFFF5A34
00018BE8
FFFEFDCB
000341F7
FFFFD46D
0000C820
FFFDC816
FFFD680A
0001BE19
000149E1
000129C5
FFFE636C
FFFF9F2C
FFFDCB14
FFFEC3B9
00017180
FFFE8380
00019464
00017F70
FFFFF0E7
FFFE36A0
0001B1D6
0002246B
FFFFBF83
0001A64D
FFFE76D1
00013E2C
00007D1B
00049BD6
0004E7EC
FFFFC47D
0001AA8C
0001EB4A
FFFF4813
00037FD2
FFFFFA03
FFFCC95C
FFFD8A16
FFFF7608
00012F59
000142BC
0000266C
00016C59
FFFED72D
FFFD1054
0000F71E
FFFE2E4E
FFFC4A87
FFFDC142
FFFCEDDE
FFFE00AB
0000A96C
00036CB0
FFFF9AA8
00016251
FFFFCA2B
0002FC6C
00007D4B
000100DE
000125EA
00036334
FFFD85CD
FFFF2925
FFFDC760
00017999
FFFD6280
0003904F
00011911
FFFE8606
000129E5
FFFFBA02
FFFF2947
FFFC3717
FFFBA57A
FFFEEE04
0002A485
000281EC
0000732E
FFFEC503
0000B7F5
FFFE5AE5
0001EE91
000199B3
000057BF
FFFE9B68
0001AB5B
0000C9A6
00044B70
FFFF800B
FFFE37EF
00012322
FFFE7C22
FFFFC7BA
FFFF7E94
0001E8E1
FFFFB75C
0000AE8B
0001E22A
FFFE9C3A
000117C7
FFFFBF1C
00022BEF
00018460
0003062D
0003D534
00005693
00011865
0004039C
00001AE7
FFFC9DA3
FFFD5BB2
0002415A
FFFE2934
FFFF32F0
FFFDD661
FFFBE0AB
FFFF6BBC
00042CA7
0002749D
FFFE3811
000112D1
FFFF03B0
FFFFDDB7
00035741
0000427C
00010E8D
00000533
00029734
FFFDA1D8
FFFEA84F
FFFF36FC
00008318
00006563
000212FE
0001861C
FFFE1DBD
0001CB67
FFFCFAD4
FFFF032A
0000414D
FFFD8079
FFFD8060
0001DF6E
0000BEAA
FFFC95D5
FFFE0930
FFFD1626
00016D82
00007E71
00040967
FFFEC1ED
FFFD53A7
FFFF1ACB
000108BC
FFFFA6A7
0001EC57
00001A81
FFFE35DB
00049475
00025CCC
00023558
00003527
FFFBF1E1
FFFDE3BB
00001F41
FFFD7B52
00003B14
00001668
00007C4D
FFFFD443
FFFFB0CB
0002079E
FFFFF5CE
00049A09
0000084E
0001A175
0000D3F8
0003AC26
00009EF8
00049320
FFFD062B
0000D735
FFFB5645
0002313A
FFFCC148
FFFFEAD9
FFFED294
00022C9F
000095CD
FFFECC73
00023056
FFFAE3FB
FFFF28FF
0001EACE
FFFD1E17
00011975
FFFE539F
FFFECFD5
0003C958
FFFFC50B
FFFF85EE
0000051D
FFFF9A68
FFFDB1EE
00003332
FFFF18F2
0002339C
FFFE7676
FFFEC9DE
0001E636
0001F602
FFFE2B7E
0002C95F
0000F473
0002952B
FFFEDD59
FFFD809A
00003C1C
FFFFF036
00020851
00015B9E
00008133
FFFE5CAE
FFFDF8EB
FFFFEE04
FFFEC25D
FFFE0C3A
FFFEDD5A
FFFF5DF3
FFFE690D
FFFE10BF
000018CC
FFFD13BB
FFFF7480
FFFE5713
00005C1E
FFFE9669
00006957
FFFD924D
0001C357
0000CD13
FFFEF958
0000511E
FFFD155D
0000807E
FFFF7160
FFFC1FE9
FFFE3C5F
FFFCF649
FFFFDED1
FFFFBDF5
00009DA0
FFFFEC9F
FFFF6E06
FFFE89A7
FFFEFE3A
0000D837
0002CBCF
FFFFB668
FFFED115
FFFF7C95
FFFFCAB0
FFFD5B03
FFFCF44F
FFFF2861
FFFE33E9
00001873
FFFD1512
FFFEC48B
0000D10F
FFFDBA59
00024867
FFFCDC73
00012A6F
0002C462
FFFE89CD
00034FA2
FFFEEFD9
0002F0AF
FFFEC7DD
0001B90B
FFFF1E0E
000213FF
FFFFA0E8
0002C9C9
0002EAF9
00033456
0000992E
FFFCBA39
FFFEB29D
0001DD2E
FFFF34B6
00005189
0001B065
FFFF0031
000393D2
FFFF8EE6
00010AD4
FFFDB9C9
0003AD87
0003594B
FFFD83A3
FFFD9E9A
0001EDF7
FFFD7473
FFFD936C
0001ECD3
0000C000
000280BD
FFFE85A8
000046BE
0000927D
00001A94
00026508
0004A6E2
FFFF8DB8
0000D976
000066BE
0003451A
FFFEEA78
FFFE6334
FFFE3F60
FFFE983B
FFFD5185
FFFC933E
FFFD6948
FFFFAB56
FFFE391A
00016905
FFFE06F3
00023F97
00009843
FFFF8A27
00027F97
FFFE9F09
FFFCAC4A
FFFFFAED
FFFEF3B9
00004D2C
0000E4D2
FFFE1148
FFFDA212
FFFF7448
000354C7
0003EE7A
00016208
FFFFC22F
0001C3BC
00005158
0000A827
00025078
0001CEC7
0002590A
00026B17
FFFFF3A4
0002451D
0000BE96
0002D227
00015C65
000204CF
FFFF7DE8
FFFFD64F
FFFDF27C
FFFEA8DD
FFFDF440
FFFCFDE1
FFFEA792
FFFFB0EF
FFFF89E8
0002DBBF
FFFE82F9
000046B4
000325A6
0000A2CF
00010483
00020E38
FFFEFF79
FFFF297D
00007D3E
0002CE9A
FFFFC9DA
FFFD3899
FFFBB834
0000E377
00024043
00017CA9
00009CAB
FFFFE955
FFFEFD63
FFFE5644
0001CBD2
000054EF
00030813
FFFEB407
FFFEFBF3
00009254
0000DEDE
0002CF17
FFFFF3E6
FFFD5419
FFFF2F66
FFFFE60D
FFFE49E4
0001E7D1
FFFF2528
0002314A
00027968
00029B36
0000C64E
FFFFDDB1
0001DAC4
00021DE7
FFFE6B36
00007382
FFFD7540
00016CB2
0001E498
FFFE2835
FFFEBFC9
FFFF867E
00003055
00001447
FFFF913A
FFFDD1C6
FFFDDCCD
FFFC4D95
00011467
FFFDA917
FFFB9184
0000FB94
FFFF0050
0002BCD7
FFFE031A
FFFE5A14
FFFE9EF7
FFFFE818
000184D6
FFFEAAEF
FFFFCD8A
0000F1F0
FFFE7ECF
FFFDB928
FFFFFD76
FFFB1EC4
00002BB5
FFFE5325
FFFAE98D
0001E607
FFFF6BF7
000229FA
000068C4
00009AB5
0003C3F1
FFFE3239
000240EE
FFFE33E2
FFFD01F5
FFFE26F6
FFFDD05E
0000CCFD
00022874
00039C5A
00011B85
FFFF9D2F
000188D7
000163D7
0003C9EB
0004D848
00040A2C
FFFF16AE
0004E3BB
000302A5
FFFEDC2F
FFFFB221
00022270
FFFF3230
FFFFD1AB
00038E78
00029A12
0001D9C0
0000DAF7
FFFF25FC
FFFF4534
FFFD3C51
0000A288
0001388A
FFFDD6EC
00000DE8
FFFFBE89
00010878
00005E18
FFFEB179
00012915
00001F79
000067EE
FFFFFD3B
00014361
FFFDD09E
00028E4D
0002B577
000196E4
FFFD8D97
0000E706
00024C09
00015F07
FFFD7572
FFFDB80E
000201E3
FFFE0CA2
FFFDE1EC
FFFE4E2A
FFFD607E
FFFFD4AE
FFFEB91F
FFFECCB2
00025264
FFFFF6CD
000376BA
FFFF576D
FFFEBBA7
00024C02
FFFDFE1D
0000DC9B
0000B56B
FFFCAE07
FFFF3F74
FFFEDD1A
000093FA
FFFE76F6
FFFD2E96
FFFDEEE1
0001E735
000086E5
FFFDF69D
0002FB20
FFFCF5CC
000143DE
0001AAB3
FFFF84BF
FFFF1CA5
FFFED954
FFFFF076
0000788A
000383A1
000048F8
00025113
000052AC
00032A12
000267F9
FFFF2908
FFFE7ECE
FFFEC898
0000347D
FFFF9911
0002B1AE
FFFEA98B
FFFD1578
00012B8E
00002CA2
FFFFC8C2
000364AA
0001031C
00013371
FFFF3C98
0001E945
FFFE9DE2
00021947
FFFDC597
FFFEBB6A
FFFE3A41
FFFDB2DE
FFFFFEC7
FFFDFDAE
FFFFB399
0000DAEF
FFFD15D0
FFFDBB2C
0001D3E2
00019B5D
0001F537
FFFE5C4B
FFFE8757
FFFC943E
00005280
FFFE8A88
FFFE8147
000086E9
FFFFDA83
FFFDCD1A
FFFE7B78
FFFD470B
FFFD7FA4
FFFD68B3
FFFC38E9
0001F632
00034F1B
0002E444
FFFCF237
00000682
FFFBB337
FFFFC9D6
00023E78
FFFEC9A2
00008AFA
000026F5
FFFD115A
00027597
000271A5
FFFF859A
0002DBF7
00001C1F
00004AA8
0001F7EF
FFFDFB4E
00004C0E
0001A07F
00003DA7
00037F92
FFFE9C9A
0001B0AC
00003AB6
000146A1
FFFE41C2
00047BEB
0002ABB4
00016B04
00035754
FFFD39A9
0001972F
00031B7C
0000FDF8
0002FC0A
00035378
0001091E
FFFF0DC9
FFFEE599
000191DA
000077FF
0000110F
0002189B
0002403E
00007AF1
000073E3
FFFBD370
000061DC
FFFD6716
00002BFF
00028438
0003D836
00034C5D
FFFE9090
FFFEEADB
FFFFD5A6
0003B19D
FFFFFFA9
FFFFF123
000124CF
000208ED
0004DE80
0002229C
00023862
FFFF3449
FFFD8A81
0002D0AF
FFFFC599
000121A4
FFFE4BE6
FFFD7AC8
00018B7D
000367AF
0004FB4A
0002E009
FFFE68D3
FFFD845E
FFFDF4CC
FFFDCD04
FFFBD9EE
00013A9D
FFFC13D7
0001A001
FFFFB170
0001FA7D
FFFDC04F
00002488
FFFF42C3
FFFE904E
0003D178
FFFF2DC7
FFFF37C1
00002B7F
FFFEE9C2
0002FC1C
FFFDEDB9
FFFF1EDC
00019761
00030AE1
0000B028
FFFF31E1
00040973
00019B75
FFFF9476
0004E73B
0001221C
0001E388
000447C2
00011491
FFFEF02A
FFFE4693
FFFEE656
FFFF226D
0002EBE1
00057F24
0004E537
00022795
00022834
FFFFFE67
0000A23C
00009BA4
00046558
0000A16B
FFFE26D0
00005787
0003B1C1
FFFE4B8A
FFFEF6D7
FFFE1883
00017F1A
0000E74E
00020EE2
00020ED5
00001753
0001700C
000081F3
FFFDD186
FFFB3CC4
FFFBDFE7
00010D9B
FFFF5055
FFFE39D1
FFFF5314
0002BF4E
0000569D
0000864D
000148DF
FFFFC86F
FFFF47C9
0000F10D
00005344
000070C6
FFFD5A83
0001ADCF
FFFC3D92
FFFEF660
000112A2
00013C25
00002B5F
00013DB4
FFFE73F9
000125CC
00036174
00042AEC
0002197B
0000CB3E
0000ADDF
FFFEE57D
00018573
FFFEACB3
FFFF466E
00019189
FFFE51CC
0002358E
FFFFC200
00033C0C
00043A8B
000055A2
FFFF088F
0002BED3
0003F45F
FFFE4C62
0000E20D
000050D2
FFFF65AC
000014FA
000152A4
FFFF4D96
0001B35E
FFFEBA5F
FFFEB6F4
FFFD1B23
FFFFD5C8
00008D77
FFFE8585
00012D52
0001D020
00008D23
0001658C
FFFC4C56
00020EDB
FFFC733F
FFFF6039
FFFEE5A1
FFFD8D33
FFFFD84B
FFFE7C24
0000EEC5
FFFFE13C
0002D67C
FFFD6D4B
FFFDAE8D
00022680
0000E298
0001ADD0
FFFF02AD
00025041
00006004
00027F76
00020BEF
FFFF5EB6
00029AE7
FFFC20D4
FFFFB5ED
FFFF17AD
FFFE4952
FFFE50CC
FFFDEFBC
FFFDA9CE
FFFEF4A8
FFFB9B6E
FFFEE017
0001C585
FFFEFC85
FFFE1DBA
FFFF69E6
FFFDB72E
FFFF2671
00006BA9
0000BF0C
FFFF27DB
FFFD062E
FFFD2944
0000557F
FFFE0330
00002E0B
00003BFE
FFFC780A
0000E233
FFFD632F
0001AF73
FFFFD859
FFFF1CC9
FFFE00F9
00000251
FFFF53A5
000138E4
FFFE3165
FFFD58EC
FFFCB5E4
FFFE6AE7
FFFE30D7
FFFE0C4A
FFFD40F6
FFFD6F23
FFFE64E0
FFFD35A8
0000638A
00033929
0002ADCC
000308D8
0004ABE2
0001D49E
000050BC
0002D746
00006250
0001331E
FFFE9130
FFFEA6E9
FFFD7671
FFFF7DCD
00016AE8
000126E8
FFFDE1DA
FFFFEE5A
FFFDA231
FFFEBC5D
0001C2D3
0000BDC5
0003F22E
000137D6
FFFE944C
FFFE378C
FFFF7003
00033C0B
FFFDCEB1
FFFF4AF4
0001D5C8
0001A8F3
FFFEDD4B
FFFD1E5C
FFFEEDF9
00032FFA
0001F316
0002A640
FFFCA3D4
00018CB5
0000428D
FFFC14EE
FFFF2C33
00008A48
FFFEC7A2
FFFF29C6
00003D17
00011FC2
FFFC6066
00036634
FFFFA4A6
FFFEC30A
FFFC4BFE
000169CA
FFFE142F
FFFE3632
FFFF2E5C
FFFFA98B
0000CC3A
FFFFC1A2
FFFF2313
FFFE29E4
00018CEF
FFFE0A4E
FFFE437A
FFFBA33B
FFFE2AB1
FFFFDC33
00000E45
00011873
FFFE33C4
FFFC4FFF
FFFE411F
FFFCFB43
00005CC1
00004F1C
FFFFEB9F
FFFF08F1
FFFEE77D
0001AC37
00013FA4
00031B07
0002B36D
00003F8E
00022137
00000A6A
00015942
0002654D
00002002
FFFF45DE
FFFED807
FFFD05DF
FFFEF580
0003ADD0
0001EFAD
FFFFA317
0000CDCE
00018287
FFFF2D37
0000979B
0002AE37
0000AD29
00008C2B
FFFE4692
0001118B
FFFE41D9
0003CA95
00003635
FFFF3EF9
00024F03
00014011
0002E965
FFFE5AE4
00007D7D
0000B7B0
000209BF
00014555
FFFF98D1
FFFE3571
00042C3A
FFFEA1B8
00025885
00013008
0002E579
FFFF6BE6
0001044E
FFFEA65F
FFFD78B2
0002DBED
000304BF
00055EB2
0003DA06
0003164F
FFFEF30F
000491EF
FFFD0CDC
FFF969CC
FFFE77AF
FFFFB2B9
FFFAE704
FFFE97C9
000037CF
FFFCA368
FFFF45A4
FFFF9354
000337F2
0000AD3A
FFFE7DEC
00000E09
FFFD3E00
FFFE7E91
FFFEC23C
000192D2
FFFEC0E1
FFFCF133
FFFE4DD2
000222BE
00033A12
00023037
FFFF898D
00016FD9
000138B1
FFFFADAB
FFFFC44F
FFFFBD53
FFFE421F
00003DFD
FFFF7A71
FFFEEF25
0000803C
000112BC
00002290
FFFFB3E9
FFFDE392
FFFFAACE
FFFCD405
00000D07
FFFFC381
FFFF4222
FFFF09F7
FFFDA0A6
FFFF0394
FFFE7228
FFFC9D5A
00014FB2
00039C97
FFFCA9FB
0000B705
FFFD9244
FFFA87FE
FFFBFDCE
FFFCC220
FFFD8B15
00002245
0000C0A6
FFFE7D07
FFFCE8B0
FFFBD75D
FFFC5512
FFFD78B7
FFFCA945
00011D60
FFFD0097
FFFFC22F
FFFDCC83
FFFEF8B5
FFFFE0D3
FFFE5AE0
FFFC2DC1
00014CC8
FFFEE4A3
FFFEB8A8
000013DC
FFFD96DA
FFFFE00D
FFFEF98B
FFFFA3F4
000172D5
FFFF69B2
FFFFE2B7
FFFEF5CC
00005816
0001F6EB
FFFEE3FF
0000D8BA
FFFFB19D
00008CC4
FFFA67BA
FFFFC185
00004FEC
0000EAEC
000143EF
FFFD3598
FFFC7D01
FFFFE429
00023024
FFFE37F8
FFFCD6F1
FFFD2AFA
0000804E
FFFDCB67
FFFF1774
FFFE0CFD
FFFE8E8D
000088EE
FFFFCE02
FFFCDB9A
FFFF9B3C
FFFFB17A
00029D80
FFFF682B
0001268D
FFFB7970
FFFD2108
FFFEBD37
FFFD9B27
FFFD4E7B
FFFFAA60
FFFECE60
FFFDCE07
FFFB9331
0000C39E
00023F08
0001DF6A
FFFC1AEA
FFFEC7F1
FFFE5DCD
FFFBF552
FFFE70CF
FFFC697E
FFFD3213
FFFCA843
00008FD4
FFFFC325
FFFCF0BA
000092F3
FFFD19A9
00000742
FFFE20D4
00024918
0000213D
000121E3
FFFE8CF2
FFFCC994
FFFB621A
00002001
0000CFEF
FFFE213A
FFFCF843
00010498
FFFF708A
FFFCE034
000204E6
FFFE3ACB
FFFC938D
00018F48
FFFCC4B7
FFFE38E9
FFFF9DC9
00008C8B
0001F7DF
FFFC28D3
0000F48B
FFFE6762
FFFF2206
FFFDB54C
FFFD1FE4
FFFC86B7
FFFF8A52
FFFA49B7
FFFE3190
FFFE4AE3
FFFFA4A4
FFFD5E88
FFFBB0FC
00014289
FFFED40F
0002843A
FFFFB787
0004370B
FFFF046B
00036F66
00028260
FFFD7B1C
FFFC6A34
0002916D
0000C9CD
FFFDD6C8
0000FC67
00032C2D
FFFCF334
FFFDBE6E
FFFF5068
000312FF
FFFCDD6E
0001A3C1
00012594
00015CFF
0000F331
00025208
FFFF123D
000323EE
FFFD5E5D
00003A01
0003A370
000298C2
0001D31A
FFFF0E66
00028996
FFFCE660
0000C406
FFFF50C3
FFFF855E
00043C3F
0000344C
0003A087
FFFEE5CF
0001CC06
0000C8A4
FFFE4134
0002673B
0000B0CC
00018BE4
FFFEF5F2
FFFDE071
FFFDCAB1
FFFF36BB
00009610
0001DC10
FFFDD915
0003AD2A
00010B99
FFFD4456
FFFF1DE3
0001FA75
00037751
0006782A
00020EB4
FFFF0F28
00005F30
FFFF592B
FFFFDA45
0000E61E
00014B80
0000B64A
00009590
00010175
000369DB
FFFECC74
0000B105
0003AAAB
FFFFD80B
0000EC18
FFFF65BA
000042BC
FFFEBB8A
FFFE3902
00037FD6
FFFE024B
0000679E
00010393
000141CC
FFFB2739
00024B35
00027C24
00038936
0002FD26
FFFEE0D5
000389A9
00043227
00023440
000463C2
0001EAF9
0003E6D1
00004620
0002D47E
0001E5C7
000177A2
FFFF63F7
FFFD50D4
000383F6
FFFDE41A
0000151A
0000CECE
FFFD07E9
00017629
0002C145
FFFE62D2
FFFC9AEB
FFFD2BF7
00012C1C
0000611B
FFFF17E5
FFFC22BE
FFFF44EB
FFFF2C60
00008A66
0000DC94
FFFD64CE
FFFD2CA3
FFFF01A6
FFFE6DD3
FFFEC172
000061B4
0002CF49
FFFD057F
FFFFDAE6
00026CA7
0001F5AF
FFFF0CDB
00009FE4
0000A08C
FFFE1183
0000F916
FFFEA2B4
FFFF6AB3
FFFF7AA0
FFFDA390
FFFFE7AB
00021C2A
0002DAAB
FFFD2587
FFFE98CA
FFFD5C61
FFFD351D
0003E590
FFFE7BD2
000232D5
FFFFA7CE
0000F1E4
FFFE7E09
00014ED7
FFFD19A1
FFFDB492
FFFD3EA9
FFFF422A
FFFCD25D
0003103E
FFFE36AB
00041EEF
FFFDC89C
000265C8
00004319
FFFEECEE
FFFE9698
FFFDA332
FFFE054C
FFFFE650
0001A2F8
FFFB7BD7
FFFD7CD5
FFFFF909
FFFFD430
FFFD9A01
FFFCF4C7
FFFD9303
FFFEC116
FFFF2822
FFFE1D5E
FFFEB52E
FFFE2335
FFFB8A86
FFFDE729
0000A3A2
00047D9F
0002AEC8
000255CE
0002A71E
0000A652
00007CC4
FFFDE57D
00011E78
0001CD43
00004049
0005499A
0002F824
FFFE2C05
FFFFF728
000395AD
0001C9B9
00037EAD
00032B36
FFFF3943
FFFF261E
00022FC7
0000180B
0001D75D
0001BD06
FFFE2692
00017069
0002A499
FFFBDB2F
FFFE5F12
FFFBE30C
FFFD8A02
FFFFA564
FFFEBBDD
FFFEA369
0001EF91
FFFE4652
000291AE
0001FE43
000265F8
FFFF26EF
FFFFE674
0004C178
00002359
000057D0
000010E5
000615EE
00000406
FFFCF3B6
0006DA5D
000294DA
FFFF7D62
00045FE4
00036BEC
0004C94F
FFFF6E11
0001038A
000045F1
FFFEA3A5
00026037
00011464
00012D4C
FFFE088C
FFFF45B0
00020CDB
FFFF78F6
000217E7
FFFE741B
FFFB1EFD
FFFA9075
0000E662
FFFE270A
FFFF9B3C
00021109
00000AA2
FFFED349
00044BCC
0001433F
00042C36
00022C47
00055831
0003D352
FFFF6115
FFFF1374
FFFD7585
FFFEDF88
FFFE1925
FFFBFA08
FFFE4333
0001DC82
FFFEC52C
FFFCAE01
0001474D
00013324
FFFFCB55
FFFE4E11
FFFFA733
FFFBD181
00022B8C
0002D6AD
00033F95
FFFCD624
FFFCFBE9
0003B49B
FFFE502C
FFFEC13C
FFFEB90D
0002CFFB
0000CFC3
FFF8EAE5
FFFE5F5E
FFFBC3AD
FFFFD5F3
00018D70
FFFE2A66
FFFD2FF5
FFFF149A
FFFB27A6
0003625C
00018CC1
0001686B
0002339F
FFFCB056
FFFE2E5A
00020A25
FFFC675E
FFFCA3EA
0001A70B
00005FDC
0001E7A0
0001F08C
FFFE88AE
FFFC6177
0001E2AE
FFFEA048
FFFC70D8
FFFB9FE0
FFFB1E8E
FFF9AA28
00011380
0000CFB1
FFFEB34A
FFFD9BC0
FFFA7359
FFFF3659
FFFF5912
0002DF26
0001D2CF
0004087A
0002F102
00010DF1
00023044
FFFFFD0F
00039A54
0002207A
FFFFCB11
00019A32
00017C0E
FFFC872A
FFFC2144
00006EF5
FFFEDA18
FFFF3D58
0001B6BF
FFFE4A94
FFFD4D4C
FFFE2D64
FFFF9983
FFFC359E
00027188
00018AF7
FFFE9E0D
FFFD2C38
00006EE6
000128CE
FFFE39AD
00009387
0001E166
00032354
FFFF9E4E
00007BB9
00042BC8
0004110F
0003BAC3
00029F3D
FFFF23EC
FFFFE396
00018D65
000231E3
00043646
FFFCEDAE
0001D67F
00030576
FFFEB455
FFFD4611
FFFBF60F
FFFCD2E1
00036114
0000F7F8
00032E15
0000B5F9
000343EB
0000AE12
0003ADB1
00049D95
0003A674
00033853
0003F572
FFFE3F72
FFFA6154
FFFB844B
00026978
0001A90C
FFFEB2F5
FFFC7406
FFFE702C
FFFF2EFF
FFFCF1BF
FFFED3A7
FFFFFB09
FFFECA92
FFFF4526
000164AA
FFFEF4C4
FFFCBB32
FFFC08D5
FFFE0905
0000AAF6
FFFEBC47
00026E55
FFFF0CF6
0001A207
000092AB
0003D0E2
0001F3FE
FFFF3C5C
00027B95
00024DFE
FFFFDB9C
FFFF0E78
FFFE4690
FFFD19F6
FFFCC097
000100A2
0002B586
FFFECC36
000086C4
00003511
FFFE76B8
FFFF9A1A
FFFDA6E1
FFFCBFE2
FFFDECB6
FFFD4E47
FFFFBAEA
FFFB212D
00008DE4
FFFEF575
FFFBC502
FFFF8CBA
FFFD2C3D
0001A58C
FFFB6EDC
00013560
000068C2
FFFEB8B0
FFFE5EEE
FFFD9B51
FFFBC458
FFFE657D
FFFF828B
0002852E
00023C86
00023B92
FFFC9B04
00026393
0000D9AB
000165C8
0003EA8D
00053B73
FFFE6D23
FFFAE8C4
FFFF72B7
00003F19
FFFC1E02
00003744
FFFF8BF8
FFFEC776
0000EEA5
FFFC6B2C
FFFC5F91
00006F5D
00005C01
00003E35
0000BE44
FFFE8CEB
FFFCEDC1
0000DECA
FFFE3E83
00019786
FFFD9F25
FFFE3388
FFFEE698
FFFC936B
FFFADADC
FFFD2FCD
00004FD4
FFFF5E51
00014EBA
FFFEDD66
0000FF6A
0002B416
0002189D
FFFFDDCA
00002C7F
00021C8E
FFFC4B5D
0003BD74
FFFB29E0
0000E5AD
FFFF0487
FFFD928D
FFFE352E
FFFEE34B
FFFDD891
FFFED483
FFFAB506
FFFCA8CD
0001CD5C
FFFC8E89
00000231
00004176
FFFF163F
FFFE8101
0000D97F
00035AEE
00014AF7
0004DB77
0002041C
0001F077
0002C1AA
FFFFEFDE
00029AED
FFFD7E2F
FFFF1E43
FFFFC667
000087D5
FFFDAE1B
00004639
0001A1CD
FFFF43AA
FFFB768A
