FFF93DE0
0001DCD8
FFFC53D7
00049C16
FFFF434C
00046458
FFF9F28B
FFFD8A08
0003E01A
FFF842D2
0002AA0C
FFF8542E
FFFC48F5
00018DE7
FFFD51A0
FFF7F419
00006D27
FFFC5505
FFFD808F
FFFEF7D9
0000C94F
0000B37B
0005404B
FFFF5D21
FFFFA589
FFFE9A96
FFFA0DE5
FFFDD441
FFF825EB
FFFF4F95
FFFCEC05
FFFE681D
FFFAEA17
00037B87
FFFC5B59
FFF88FEF
FFF6AF1F
00010E60
FFFFAF03
0002C219
FFFDB932
0000932A
FFFBD312
FFF85F62
FFFF1585
00032331
00051720
FFFD6194
FFFC3CC9
FFFC0EC7
00017798
00040285
FFFF0331
00043680
FFF83426
00026513
FFF812FC
FFFF6638
FFF81ED3
FFF84063
FFFDDC5B
FFFF8E7B
FFF8BC2F
00036AAA
00037A3C
00020387
FFFD9E28
FFFCCE44
00017729
FFFD1655
FFFA5FE5
00032B97
00015F71
00019D5A
FFF93082
00024F8B
00011F6F
FFF95DA5
FFFD9D7C
0003C316
FFFE32C4
FFFEE018
0000BBB7
FFFC8D01
FFFE552E
FFFD2969
FFF8BF4C
FFFE7761
FFFFBBCC
FFFD33FA
FFF8E050
0004B14F
FFF82ACE
FFFD4558
0004B119
FFFB45AD
FFF8B59C
00059F5B
00003E72
FFF9CAEC
FFF9B810
000377CD
FFFD5F8D
FFFCB784
FFFF6CC6
FFF98696
FFFBE593
FFFCFED6
0003C36B
0002D0B6
FFFC8688
FFFD4B20
FFFDC6F3
0002314D
FFFF373C
00005896
00010E30
00056DC5
FFFD02BE
FFFE9696
FFFA4CCA
FFFC0A92
FFF9C35A
FFFCA08C
FFFECC4C
FFFEDB55
FFFF5908
FFFCB9BA
000006F4
FFFC5AA5
FFFA2FA7
FFFADE0D
00013DFC
00016932
00033D08
00029920
00020046
FFFC09C5
FFFA4457
FFFD8CCE
FFFFB5EA
FFFF7B2D
FFFC660A
00019D45
0001F87C
FFFFDD67
00063D7F
FFFCCB62
0004324E
0001B28C
00085AE0
FFFA8CE7
0006D5EB
FFF907F9
FFFDAA2C
FFFB0D62
000205CD
FFFEBA6A
00019588
FFFB14DF
FFFD1C7A
FFFDF1F3
FFFEB6AF
FFFBDF66
0003DF90
FFFBE245
FFFF8B5E
FFFD265C
FFFDB333
FFFB6BD6
FFFD05C8
FFFBBD7E
FFFCB9F3
FFFADD9B
FFF95858
0001B6B1
FFFF30FA
FFFFADD3
000323BA
FFFF0A23
0005D18A
FFFF3625
FFF8E61E
00044E4B
0007CC9D
FFFD9639
FFFB90C6
FFFE796F
FFF7EF5F
FFFDB21A
00003D9D
FFFE5354
00009098
000165CA
0004B72C
FFFEBD96
0002314C
0005233F
FFFE3CBE
0003F974
FFF61397
FFFFDD82
0003C4D2
FFFD2CEE
0003B273
00021A84
FFFBF5F1
FFF99A09
FFFA5763
FFFB8F31
00038E06
0000FFC1
FFFF981C
FFF7B467
FFFF39A5
0001D9BE
FFFC56F9
0002F16D
FFFCD670
0002157B
0004758E
FFF67B5D
FFFD4E0D
0002E9A6
FFF55F5D
0003EDEA
FFF8A365
FFF7C872
0004D685
00006188
FFF5B532
FFFF8A1E
0000E398
00016B32
FFFA755E
00037B3A
FFFBF0A1
0000D407
000260FA
FFFB9E3F
0003F36E
0000100E
000140B4
0007B46F
00041DD0
FFFFEFC9
000148EF
FFFD0C43
0003B9FD
FFFD72D2
00011BB2
000136EF
00052F10
00014274
00050B16
FFFB5603
FFF91060
FFFB1843
FFFF38E2
FFFA62EE
FFFD64BD
FFFDDC52
0000AEC8
00029A5C
00038722
FFFC2CFE
FFFCA900
FFFDDC4B
FFF8EF13
FFFB95B2
00037BAC
FFFFFD30
FFFC32C1
0004DF4C
FFF82E49
FFF65A59
000184FE
FFFAD802
FFFB1BD1
00020EC1
FFFB876B
00028B44
00044CB2
FFFFA4A4
FFFC3910
0007BFB7
0005F61D
FFFA74D6
FFFD02C5
0000636B
0000E39F
0007F1D3
FFFA38B2
00031DD2
0006F6CD
FFFBA076
00026034
FFF9EDF5
0005B9A6
0001D99D
FFFAB9D5
00042F6D
FFFA7EBE
FFFDC50B
0000E557
00021602
00015CEC
0002B51D
FFFF8384
000754CB
0003D4D0
0005610E
000247DB
00073B56
FFFC7049
FFFF5ACD
0001D6C4
FFFADA39
00035F25
FFF9BF4E
FFFD904B
FFFCFAA9
FFF770C8
0001FE0D
FFFE09C6
FFFE77CE
FFFF1343
FFFBF191
FFFC37F6
00047D21
00009813
FFFD36EC
000341C0
0004E7C8
FFFDE1E7
FFFF09AB
0000B216
FFF9E978
FFFA56A6
FFFD3E62
FFF63F8E
00015FAB
FFFF9171
FFFAEE3A
FFF95572
0004F96C
FFFFFC9A
0000CB98
FFFC78A8
00027274
FFFF611C
FFFE5DC2
FFFEB932
FFFA0B15
00040379
00032AA9
0003ADD9
FFFDB480
000250E7
FFFC13DB
0001AA6D
FFFA9EAA
FFFC3619
000572CC
0000F422
0003DC80
FFFD5587
FFFCDA6B
FFFCAE7E
FFFEC243
FFF95B42
FFF76BC8
0002E692
FFFDDFA1
000048F8
FFFB6C9F
00014FEE
FFFB6953
00034B4E
FFFB8FFB
FFFF13B4
FFFEE5D9
00003CB4
00012102
00051C19
00021C94
00044E8E
000049B2
FFFFB422
000364EB
00015AA9
FFFCAFC9
0001F5CB
00016CAE
FFF912FD
FFFA5642
0001E309
FFFBAEA6
0007A57C
000247F1
0003F339
0004C717
FFFE1B22
0000E43D
00025607
000217DC
0004F5F9
0005D1AD
0000633D
0005C700
FFFCD217
0003F684
0004708C
FFFC5D9B
0001D5B9
0004DA94
0001B197
FFF79A21
FFFCE2BE
FFFD9944
FFF694E7
0002EBF5
00041D03
FFFDA1EE
00003104
0000A2BB
FFF848FB
FFFD1EB9
0004E714
000354BA
FFFFF0DC
FFFA68DF
FFFAD35A
FFFD3C09
00006F47
FFFE5BC3
FFFF2395
FFFED9D5
0000A814
FFFF6009
FFFC584B
FFFF3B71
FFF8B180
FFFA056B
0003A218
FFFCB944
FFFB4911
FFF9B3EB
FFFE65C2
FFF68FE7
FFFC2544
FFFAE6F5
000125CC
FFFFDAFD
0000A7CE
0003CA69
0003D293
FFF9EA0C
FFFA6338
FFFC0D9F
FFFC1D45
00016051
FFF6FB96
FFFDCF94
FFFE0030
FFFFFFF0
0001BE6E
FFFEBAF8
FFFE213E
0001870D
0001C066
0003B5DC
FFF9F4CE
FFF4C322
000249D3
0001E5A9
FFF6A35E
FFF9BFCC
FFFB4E20
FFFB8EFE
FFFA8295
FFF7ADC4
0000D293
00031E47
0003CA5B
FFFA2CFC
0007FB3D
FFFE48CB
0001CDB0
00027B1A
FFFF8FB6
FFFFA0D7
00030408
0001CD5D
FFFECE24
FFFB4F44
FFFA8DA6
FFFEE890
FFF9ED89
FFFC5B07
00027F4D
00015E07
FFFD0D93
FFF74149
FFF982E6
0001F446
FFFC525C
FFFA7D63
FFFEE70F
00042A69
FFFF0DCC
00052172
FFFD0001
FFFF1AA1
00003747
0002903B
000615CE
00046042
000609B0
00026B39
000220BB
0001C4DE
FFF701CA
FFFA5139
0006B3EE
FFFFA6D8
0006CF42
00047A88
00025BE3
00046011
FFFDB8B2
0002B033
FFFBC4CA
00014F78
0005C928
0000C0F5
FFFB0630
FFFFF97A
0007BFBE
FFFE5275
000138E2
0002548F
FFFE412A
000028C7
0004D318
FFFE50D7
FFF9006A
0004C943
0004A150
FFFE9FBB
FFFDE1D4
0000973D
0000B21F
FFFEA7CA
FFFD4970
FFFD9A19
FFFC9281
FFF8A959
000202F4
FFF802B0
FFFD9724
0002C82B
0000940C
0000A049
00013AF9
FFFF91D8
00020D80
0003B9D7
000025CF
FFFDC536
0007ECF4
00015C55
00029E3E
000246F3
FFFC9F28
0004644E
FFF4BF29
FFFE73FE
00025255
FFFE19BC
FFFB1FBA
FFFAD762
FFF7DC33
00061BDF
00011E20
FFF40FDC
FFF6005D
00004415
FFF6A574
FFFC035B
FFFB6E86
0004C90F
FFFB4086
0006FC49
FFF2BB99
000E8B67
00039074
00066302
00034100
0006E1A1
0007A800
FFFED745
FFFF60C1
FFFE22F3
00012B7E
0000809F
00035821
00085C8A
FFFC030E
FFFF3676
00088641
FFFBF788
0008932B
FFF77DB8
FFFFE795
FFFED522
0007F57C
00001186
0009BA53
FFFA5179
0002D68C
FFF74BFE
00063BA8
0000FBE6
000558B6
0002D7F6
0002CE62
FFF92FCA
FFFC458A
0004F89F
FFF4BE8F
000142D3
000A8F31
FFFD42AE
FFF06F95
FFF42086
FFFA3FD4
0002CF35
0000A058
FFFEEDCD
00058AF0
000257C6
00071788
FFF9B9FD
0003EF0F
00022B46
FFF5F7C8
0002DFE5
FFFBD4A3
000CDC21
000688B5
FFF47D5F
0000E46D
000D71F1
FFFFCC04
FFF34CD0
00043A83
FFFD0A83
FFF89BE2
FFFD83F0
FFFA55F4
000B6CCB
FFFEC25F
FFF17DB5
00095D70
000EDB7D
0000795A
FFFD5468
0007B64C
FFF9D703
000654FA
FFFD1642
00059DB9
FFF61082
000919FA
FFFE374D
0003ED7B
0003A473
00024276
0003ADFE
FFFB0E5E
FFF919FC
FFED5DD8
000727FC
000D7539
00097063
000CE54F
0001B558
00057103
0003A540
00044D33
00013D7C
0006E7D1
FFFCE756
00078DEB
FFFB8D3E
0007BC44
0001DC4E
FFF994F6
0003BD41
FFF85E17
FFF5A73A
00063373
FFFA8BE9
00042A0F
FFF8D8DD
00067A43
00083F0E
FFF9DCF9
FFFC5BF2
FFFBF882
FFFBE638
FFF78919
000699CE
0008CBA0
0001EC9F
0000D26B
000221FB
FFFDC4BE
FFFCE071
000BF4DC
FFFD53CB
000486F7
FFFB6665
0008802A
FFF9E5A5
0002F442
000AA1C3
FFF9F3AF
0007B6CA
00063DFF
FFFF84A4
000647B6
00014817
FFFF2F4C
FFFBC365
FFF6D6A0
FFF7C519
FFFDB90A
00028963
FFF68094
0003F6C9
FFF5F855
0006E7C8
000C3DF5
FFFDF995
FFFC569D
FFFCBAE7
FFFC31A3
00050A35
00014578
FFF1FC40
0005933D
FFFB5D00
FFF9C3CB
FFFB0B4B
FFF37781
0003B4C9
000DF777
000053FC
FFF48171
00091E1A
FFFE26FE
FFFD97BE
000C6166
000B8320
00069AFE
00149C8B
00081792
00145FDA
0004B242
0006435F
FFFDF036
0004F5D3
0001B6DE
00081803
000A20FE
FFF54C19
000612E9
000D7495
FFF19A0B
FFFC9968
00025B4A
00065E62
FFFD516B
0005D426
FFFE0296
FFF7299A
FFFBAEDB
00081E30
FFF48032
000B4013
FFFB6D7C
FFF765DB
0009DF6B
FFF6C7DC
FFF52B8F
000A415B
FFEE5322
FFFB74DC
FFFF9775
00067402
00138408
0010A4C8
FFF6D76D
0009B134
000EB7C6
FFF64781
FFFBACDF
00038D99
00039BBD
FFFA99B2
000D9C57
000483E9
FFFAC8B2
0006CA60
FFFBB6C3
FFFDC726
00012B73
FFF99CC2
000C07E0
00096013
0002285A
0005FFBC
0002B150
FFFD4559
FFFC110C
0012CC87
00067580
000B8B7F
0002F1F0
0006BC98
000259AF
000C2E38
FFF561D1
FFF60C05
0005D6BE
FFFA8AB5
FFF9201C
FFF54C92
00052F98
0006CF5F
000199B8
FFF846B9
FFF76DCE
FFF84A94
FFF79C97
00060A34
000A9E9C
00020C39
000AA149
000B850F
0006B48F
00060486
00043E37
FFF900AC
000E73DE
0006A07D
000CDFFF
0007FA4D
000BA210
FFFAB231
0008BD8F
000011DA
0000E40E
FFFB0925
FFF7541B
0008B389
00068407
00049EAA
FFEFD8F5
0003EB54
0003646A
000AC464
FFFA9180
0004C965
FFF74DB4
FFF441F7
FFFCB1DE
0005576D
FFF9C04B
000101C9
FFF12503
FFF972B8
00040DD6
FFFD886E
000286E0
00074F11
FFFC27B0
00041B2F
000D0009
FFFBD465
000293C9
FFF4FC4E
00019758
00055317
FFFE84EB
FFF9D18D
FFFF574A
FFF68065
000907CE
000EA3A3
0003C045
FFFF2B80
0000631B
000D1339
0009C3AA
0004AA19
0001A703
FFFE2E4F
000A1DFF
00015559
FFFBEBA6
0009C9F9
FFFA46E6
00020C36
0011FFE9
00028C05
0006D0F4
000CE876
00025CDB
FFF967DA
FFF3B99D
000B6117
00097198
00034DEB
FFFDAFF7
000E6837
00032470
0008CAFD
FFF4943A
FFF55630
000758D3
FFFDA2CF
FFF98638
FFFE0358
FFFB0992
0005FF03
000BE69A
FFF6229C
FFF47A28
0000092F
FFFD278F
00050AA9
FFFE8898
000319D5
00006AAD
000443BA
FFF38CBE
0009258D
000110FF
0002CC55
FFF5E37E
0005B4F8
0007C2C4
00002382
000DB734
0001DC77
FFFE9FDE
FFF9B3B0
FFFD4CB7
000F3E1B
00006E9F
FFFCEC98
FFF9773E
000D5074
FFF73CC1
00063D15
000AE739
FFFAD4E3
0006645E
FFF79FC6
FFF25E0C
0006EE64
FFFC4051
FFFE07CD
00028B7B
000D7706
FFF7A364
0001C277
FFFF2735
FFF8204A
FFF9A933
FFF1F84A
00002FED
FFF868D8
000998F2
FFFD373D
FFF29817
00070702
FFFACFA1
00016D53
FFFF67C9
FFFDF5D8
FFF94044
00067154
00111C13
FFF26D2B
0008D312
0007913C
00041953
FFF1F781
FFFAE491
FFFC2C4C
00011644
FFFC1E29
00097529
FFFD0EEB
FFFEA60C
FFFDB35E
FFEDE5FA
0006B93D
000346EF
FFF67D0E
00054F2F
00097003
FFFC8960
FFFE5A36
000265B7
0000EEC2
FFFA8EB0
FFFD1EB0
0008DA53
FFF86C62
000C36BB
0005E848
FFFA505E
00085B85
00100E85
FFF47D95
FFF6099D
FFFF85DB
FFF6CE63
FFFC696A
FFFBC352
000F66CC
00073A78
000A4B87
0004D28A
0001221F
0006D04D
00009FCB
00078345
0007ECDB
00114686
00111E19
0008DA1F
FFF1E425
00020991
000D2C50
000630D3
000856C5
00063549
FFFCA9F8
00114F93
0008BA32
0002E050
0006CC00
FFFB1773
0008A3E2
00003839
0005CA07
000AF598
000A29C8
FFFDBB92
0009B800
FFFBC6F9
000B022D
000571EA
FFFC9FFC
0001D346
FFF819C5
FFF6F3FA
000228FD
FFFD6934
0008929A
0002019E
FFFA7743
FFF6BF39
FFFA1ADF
00016FFD
FFF97C44
0002676D
00023296
FFFD9E67
FFF153D9
FFFAD165
FFFB9C47
FFF900FC
0004F647
FFFD063D
000427D7
FFFB7F65
FFF90E03
FFFF2300
00062D64
000815C7
0008793F
FFFEE9D4
FFF69FDA
FFFAA01B
FFFD997E
FFFD3B22
0003DCF9
000F0D59
00096B84
FFFCF8C5
FFF4BEDC
0001849B
FFFD32DB
FFF4FA2A
FFFA20EE
00063614
FFFE00FC
FFFB0B1B
00024D17
00034B5A
000C2B32
FFFFD4A2
FFFD8BB5
FFFADF4D
0008486C
FFFFE601
000285F8
0009BA7F
00000CA0
00021F98
FFF61B47
FFF1A3F4
00068955
0000BC99
0007FB9D
000511A8
00045D3F
0006787A
0003ECF9
000BEF74
FFEB97D7
0002AD18
FFF6FCF1
FFF3E140
FFF0DF4F
FFFEC74A
FFF54ACA
FFFF2D36
FFFB6978
0000D436
0000EB6E
FFFE9EF0
FFF2B4E9
0005F071
0009A861
FFFE59E6
FFFF68F6
000A4F9F
FFFAE951
FFFE95EF
FFF48BE5
FFFEF782
00083ED9
FFFCA320
FFFCE594
0009D6B2
FFFCD81D
FFFC5351
FFFE1524
FFFEFB8B
00078E7C
FFF91D0B
FFFF8D71
0002AE5B
00078C96
FFFF34B4
0007CB98
FFFE1802
FFFD5A2E
FFF9892C
FFF683EB
FFFEE2F2
FFF72C6B
FFFDA4A1
FFFC1BC1
FFF87749
FFFEE01A
FFFFE33C
FFFE173D
FFFC355E
FFFF6167
FFFFC329
FFFD479C
FFFFC5C0
FFF6DBFA
000115EF
0001FDB1
0000F8CD
0001A989
FFFE41CF
00072F03
FFFC3306
FFFD8FD8
000AD95F
000B54C6
000A641E
FFFE2277
0002D724
000515E8
FFFE9EC6
0000B8FD
0009703E
00045661
00037561
0003442F
FFF95E6D
FFF7D457
000691EF
FFF33093
FFF25E5D
FFFDA72E
FFFAA138
FFFB409C
FFF514CF
FFF92C01
FFF89E97
FFF271BE
0003350C
FFF8C67B
FFFB5EAD
FFFEC822
0009A0C5
00002E05
000071A3
FFFE3656
FFFF9C0E
FFF9BC64
FFFDA8BB
FFF78CA2
0000C516
FFEEB2EB
FFFA0D63
00065E93
0001A26A
FFFCC777
000BBE1F
FFFE23BB
FFF949FF
0000BB7F
000705C2
00050996
FFFCA112
00040385
FFFF3F2B
FFFE6401
00082DC3
00020912
000A31EF
00006B2A
0005BFB9
00039FCD
FFFA64DD
0002630A
00097EC8
FFFCCFA0
00076A62
000264FE
000A7D5D
00072F1B
00049515
FFF8B7E3
FFFC665C
FFFAAD5C
0003865D
FFFDD252
0001E844
FFF810E6
FFF9F47D
000443F6
FFFC9A92
FFF849D4
0005D618
00071857
000519B1
00009628
00074669
0005038A
00053DB8
00044D2A
0003C02A
00037CD0
0004D56F
001176B2
00015ED7
FFFC2C07
0001BB22
0004A431
0008FA8B
000BABDD
FFFFCEB2
FFFC24A5
00001432
FFF424CA
FFFDA1BC
0008BAF7
FFFADA8F
00046245
0001FDCC
0008EC0F
0000DE9A
FFFB5384
FFFEE529
00036BAE
00089FA5
0003D04E
000A8FF2
000B5304
FFF6E964
FFFB5AE5
0005D7B5
000686DB
FFFA39FD
0002537B
FFF3CB3F
FFFEE8B1
FFFC26DC
0003F419
FFF9574C
00055B1A
00068B0D
00016B3F
00087D69
00030397
FFFE6F32
FFFEF225
000627F2
0009A114
FFFF8B5B
00092062
000BCA93
FFFFD5F7
00045BE9
FFFEA885
FFFE6B64
FFFD34CB
00115AF5
00079507
FFFE18F9
0001F10C
FFFBDB5B
0004A719
0009D4A2
0005B42C
FFFC7615
FFFD4961
00065986
0002F7B3
FFFD5C88
000335E2
0009693C
FFFAA18A
FFFE90E4
000A676B
000101C4
0000B432
000868C5
0001EBA5
00010E1F
00028330
FFF9B452
0002D923
00011B56
FFFAA4E1
00060068
0003DE16
FFFD84B2
FFF8B6D6
0002C44A
000A744E
FFFA76B7
0002E9B4
0009B144
000AA058
000E9760
000ABDE0
00085C98
0008EA9D
0005FF08
0001F611
0003A037
FFF8430F
0003FA98
00042D94
FFFD76A5
FFFF22C5
FFFFD4FE
000CE876
FFFC60CC
FFF9E2B7
00077C3E
00085B58
FFFDB6A3
00077DF3
000CD122
0004CD37
FFFE5361
00049D6F
0007651D
FFFD8B8A
000B523C
0002EA42
FFF94A5B
00004DCB
00068968
00008262
FFFCAB7A
000676DE
00048584
00061C7B
FFF63BF5
FFFC5D55
FFF62530
00010515
FFFFCAD1
FFF75143
FFF8C1BD
00036C45
FFFF5A10
FFF88592
FFFE150E
FFFD1FB9
0000013C
FFFB819E
FFF59002
00072A84
000C530F
000377D7
0004532F
00003CBE
000BB2C1
00098CAC
0008DFE4
0000360F
FFF56A7B
0001A08C
FFF98D5E
0002003C
FFFC8EF0
0000579D
FFFD26BF
FFFF4571
FFFE4F8C
00039EE2
0004B5BF
FFF94267
FFFA3A98
00084BD2
00016E25
FFF8FD4B
FFF6FF65
0004FE6A
FFFC0E51
FFFFDB61
FFF8F026
0004AF52
FFF75E8E
0004DC0D
FFFD2665
00077AB3
000896C0
000243FC
FFFB8EA0
FFFAF44E
FFFD2E01
FFFE91B3
FFFEDFE6
0005F406
FFF3B2F7
FFFFF53F
000246EB
0003158A
FFF87912
FFFBE404
00041D3B
FFFE6E26
0005E865
FFFDB476
FFF72D44
FFFBEFBC
FFF8F0EB
00042CA9
FFF8D2C1
00007A14
0003E708
FFFBF028
FFF64861
FFF74807
0005754C
000B3AD6
00043C99
00097181
000E34CA
000D94EA
FFFF2FF2
000032A7
00054734
000BC2C4
000405DE
000A9877
0004A851
000C2E1B
000D5589
0007BF07
FFF82F7D
00065323
0007162B
00041E18
0001EB22
000C0590
0001AEFD
FFFC2956
FFFBEC25
0007EECA
00056171
000BFDF4
FFFE2A6E
0008BB27
000B1315
00093500
FFFE9981
FFFD2B44
000A54A7
000571B2
00036A9A
00036210
00021C08
00029FEA
000A34F1
0003CB8E
FFF59C04
00000E4F
FFFF9536
FFFFD242
000C6D68
00073751
FFF9429B
000775FF
00061951
00015248
00084AFA
00046CAB
FFF8EC17
FFFFE99D
000649D0
0008A87E
0000882A
FFF819D8
FFF96963
0001C6AA
000F3AF6
000237B5
0001C03B
00041E33
00039804
00072C82
0003F2D9
FFFB86BF
FFFF80FC
00004B74
00070513
0004649D
0005EC3A
FFFC5AD3
00030A68
FFFD0937
00029EAB
0007B58B
FFFA91B8
FFFA9C37
FFF4393E
0002D310
FFFBE652
FFF55E21
0004591E
FFF756C1
FFF3CAD1
FFFD963D
FFF69D79
FFFE8BD7
0001CC29
000833DA
0000FBAA
000749CD
FFFC901C
FFFB04C2
0008F21F
FFFFCA85
00034672
FFFCFC31
FFFE4947
000175BD
0000E65E
FFF96109
FFFB4371
FFF79CBF
FFFD23A4
00027F5A
000D863B
FFF65B97
000670A7
FFFB4B81
FFFDF1D8
00037FB7
000A68F6
000A638E
0003CBE4
000155DC
000082D5
000505A3
0000CBAD
FFF7FDD0
FFF63B44
FFF57FB9
FFFD615E
FFF821B0
FFFA584E
00014445
FFFEC2EB
FFFF77D4
0004D96D
FFFE450B
FFFAD79E
FFFF7426
0002D133
000AD77E
FFFA148F
0000A67A
0006ED46
000CC176
0003F853
000A2262
00023366
0006BD72
FFFD691B
FFFFF8F2
00039BD4
000015FC
0008A7B6
000963B1
0005EAE9
FFF4CFDC
0002DB4F
FFFC7C56
FFF8CF74
FFFC2F1A
00060F01
FFFD61F2
FFFF3EA3
FFFE5B1C
0000F9F7
000671BE
FFFEF4D8
FFF78BE5
000185D1
0003E29D
FFFBEEFA
00020C7C
00013293
0008FAE9
0009BE9A
000699A6
FFFCE8F4
000C6B96
0001D32B
FFFDBF30
000484EC
FFFBC899
FFFD8517
0003436B
000CCF2B
FFF843F7
FFFDADDA
FFFF4D62
FFFB5CF5
FFF50BF9
FFFFE82D
0001CB4E
000C00D7
00007FA7
0008A460
FFFFED91
FFFFD092
FFFFE6D3
000AF09B
0007D187
000AFF3E
0003DA11
0005069B
FFF9F191
00056EF2
0003BFE5
FFFC5ED6
0001BE62
FFFCA083
FFFBAB0C
FFFDE764
0004A01B
FFF55B57
0007CF64
00043F65
FFF81210
0002C8B3
00043CA8
FFFCCD17
FFFD7E67
FFF7A183
FFF2E402
FFF78F82
000150D4
FFFFF332
FFF6B12A
FFF9BDE9
00029EAF
0001648B
0004A4A2
000776E2
000E6C03
000B3278
FFFF6B71
FFFE957B
00081540
00043C91
FFFDD077
FFFABE88
FFFC8CDD
000203AB
FFF9B904
0000ED43
FFF853FB
0007C238
FFFE5821
00085C55
FFFECDFF
00106F5C
FFF7FAA3
000654CA
0007B4DC
0009523B
000BD586
00034603
FFFAFCE3
000A72FE
FFEA7508
000B7980
FFF35474
00038624
0008B879
FFFB75E2
00091494
000499D7
00055EC2
000B24CA
FFFB4CD0
FFFDB30C
FFF8F7B3
000E4C30
0001AB12
FFFBC869
FFF95BF5
FFF61A21
0001ACA1
000B0B54
000598D6
FFFBFE0D
FFFFC029
000512AA
FFFBC6BF
00014AAF
000892C6
00025A55
0007A0FC
00031779
0000A0F0
000AEC96
0005898F
0009BAD4
FFFEA426
FFFA6DFF
FFF9E46A
FFF8E05B
FFFCE2C6
00087CBB
00014CE4
000088DF
000200C1
FFFEFDA9
FFFE5FDC
FFF9CF10
0008C9C2
FFFA4FDF
000365F0
FFFC02AA
FFF98C2B
FFF66F28
0004422D
0007D179
00084015
0005C501
000286CE
0006CA30
0008C89B
FFFF4F91
0000B0F7
FFF8DF4F
FFFBBB9F
FFFF274E
FFFF2262
FFF56AAA
FFF92672
00001D21
FFFFFAB5
0001D68A
FFF7FF95
FFF8B7DE
00019BFD
00012848
FFFCD1EA
00011840
FFFFF4F1
FFF7334A
00093230
0003740B
FFFEA4FD
0004818F
0000280C
FFF7F7EC
FFFA428B
000124E2
0001E0E1
0007D670
0008684C
00004A4F
00000BCD
0002498C
0004E066
FFFCC5FE
0003F933
00038551
FFF94A16
00018529
FFFE4253
FFF265FC
FFFD55F2
FFFDC50F
FFFFFD90
FFFDB773
00027A86
00040033
0007FE2D
0000E9C2
0001C36F
00012EF8
0000A1A5
000120DD
000BFB0A
0001B8E1
FFFC9786
0008928F
0004381E
00092BC7
00086721
000BB6C2
FFFE2DC6
FFFF19EB
0009D85A
0006BC7F
FFFF653B
0008AAC2
0009BF67
FFF7E9AE
00024C54
FFFDB883
00112603
0008E0CB
FFFA57B1
FFFCD454
FFFB9847
FFFFC76A
0001B990
00086948
FFF93014
FFF9C7F7
000805B9
FFFED070
FFFAFA73
FFFA1C19
FFFFF274
00043832
FFFB5A2D
FFFB6354
FFF7C0C7
00049B95
FFFC700A
FFF8380D
FFFB4FFC
0003E261
FFFBB4C1
FFFE7056
FFFF08B6
FFFCEEDB
0009102C
0000C803
00056B89
000B0181
FFF50355
0007BBF1
0004E313
FFF725EA
FFFDFF32
0006A1BF
00004932
FFFCB029
FFF9217F
00045A28
FFF6659A
000CEA81
00081EC5
000108C8
0003520C
000304C0
FFFF064B
000A99E8
FFFC1781
0008F1B3
FFFFDB57
000A0C94
00078353
FFFFB43D
FFFC869E
0008A52E
FFFEF266
FFFE865C
FFF8F51B
FFFBDD13
00075BC1
000234AC
00056D5A
FFFAD656
FFFFE60F
FFFFCEE6
0001BBF2
00008625
FFFD2E77
FFFD75C0
00023795
00014F0D
00096CCF
00007A28
0006558A
000B1DC4
000E0877
0004CFC1
FFFA1F78
0009F48E
FFFC46E4
FFF9F022
FFF78F03
0000A9A6
FFF4D421
FFF8876B
00080994
00078A28
00012AF5
0009C11D
FFFD7158
FFFF816D
FFF31989
000514DF
FFF926DA
FFF78E82
FFF7A09A
FFF9F52E
FFF8AB86
00059455
FFFFFCEA
000B844B
00002510
0005466E
FFF73F48
FFFB4DA7
000527FF
0003A570
FFFA8596
000BBCCD
FFFA3E9A
000978E9
0005CCFC
FFFF1556
000C127E
0008AE4D
FFFDB246
000A223C
0002BB21
FFFBC201
0008F911
FFFC2409
FFFE7041
00013774
0004E6DB
FFFD0D9F
00012B8D
000105C3
000022C8
FFFAF07B
FFF78462
FFF79782
FFFEDC4B
0001F086
FFFA8956
FFFF630B
0002442E
FFFC297F
00099DEF
FFF69DF4
FFF91FCC
00055E60
FFFE27A5
FFFA2CFB
FFFD8C51
0003325B
0008158F
000172D9
00028601
000B00F0
00043B1D
FFFB7FFD
0006CBDE
00086A57
FFF9F5B0
000603E4
0000CD81
FFF8FBCA
FFFE2576
000D4164
000375FB
000B8481
000842D5
00014E16
0005D373
FFFB9D9D
0001EB29
00010622
0008ADCE
FFF92417
00007E76
0008BE55
FFFFE81B
00007B32
FFF8B6AE
00014AD9
000ADC69
00061CA7
FFFCD747
00077B47
00007F4A
FFFE816C
000730DF
0009570A
00066931
FFFC6E16
00003429
FFFC72EB
0006A83A
FFFB9549
0000A6DC
FFFFB47C
FFFE0BF7
00040994
FFF732E3
FFF67048
FFF82D3D
FFFD3D72
00090F53
000A78E4
0006D843
000F8D19
00005EEB
00065343
FFFF328A
00047169
000770C6
FFFFE43A
00027213
000738C0
FFFD6865
0002A0A1
FFFC9395
000AC99A
FFFE7D9D
00096F09
FFF9043C
FFFC035A
FFFDAAC1
FFFE4EAB
FFF7FB14
00046043
FFF610FC
FFF7B82D
00014387
00114AAA
00026696
0007B036
00060E80
FFFFB758
00068BA0
0005A44E
00037167
FFF3B10F
FFFFA830
FFFD7E92
000032AB
000A0670
00039048
000401FA
000085A6
FFFA55D1
FFF8106A
FFFC877C
0002D2E5
FFFCA1C5
FFF27D99
FFFC5D4F
FFF6664A
000449A8
00033282
00017EDB
FFFBD6DF
00010862
FFF5EE90
000E4F8F
0004F0DE
FFFF2946
FFF84A15
FFF9ED80
FFFB8CF2
0000E3DE
000BF371
00020639
FFFD769C
FFFE87CC
000A7E37
0000AC5A
0003817C
0000DDFF
FFF606AA
FFF94573
FFFDE7C3
FFFFBE1B
FFFFA09D
0005DC59
FFF89266
0001B576
0006B6F0
0000493E
FFFF24F2
FFFF6B98
0002EB3E
FFFD8263
0007DF14
FFFFF59E
000DB4BD
00014833
FFF88B59
0000B4EF
FFFF55C7
FFFE0AE4
FFF8357D
FFF75C29
00088A4F
0003A44F
FFFD0199
0002A3EB
FFFDFD9D
00025832
0001CD3A
0004C6B2
0003C034
00052FF9
00022E28
FFFEEA63
FFF69718
0006677D
0002831A
00083E3C
0002D3E9
0004F851
000469C0
FFFC1C24
0002A767
FFF97CB7
FFF9E28A
FFF99E75
0001D894
FFFF6E5C
FFFA7D0D
FFFE81CF
00029707
FFFE1E1A
0003B4CD
00028CF1
FFFC4851
FFFB984E
FFFCD165
FFF7A800
0004C1E4
FFF81F6D
FFFD75CA
FFFD0787
0005B9E4
00024ACA
0007EB6A
0005A7CC
FFFBD68B
00050F7D
000AB019
0002DD68
0000B1FE
00097F38
0006EBB7
0001D6D6
FFFCD0E9
FFFA475F
000D36B9
0007D244
FFFE4E91
FFFFFB4F
0001D4A0
FFFE7D21
FFF9B312
000545F3
FFFDE0D1
FFFE7BEB
FFFA1617
FFFDF3F4
00088773
FFFDA633
00001A8D
0007455D
000C7FAD
0008E989
0004E566
FFFD046B
FFF8ECA6
00079E14
FFFB7034
000035CA
00050785
FFFBC014
00098860
0008DF3F
FFFE1AB0
00039343
0000CD0C
FFFAD0F0
0000F799
000450E1
FFF3511F
FFF7BBCC
FFFDD100
000B5F17
FFFA4E67
FFFDA7D7
000527E4
00082777
0003EA1A
0000688B
00046501
FFFBA655
0004E096
00002443
FFFD0782
0004D5FF
FFFD195A
00071BB8
00053282
FFF96041
FFFFD992
000A4F9C
FFF5EC2A
0006063D
FFFC849B
FFF6E4DE
00001555
0007AFBF
0002C3B3
00000C47
00054410
FFFAD961
00078DC5
000A1C7F
000B6B28
00049F18
FFF66DE6
FFFB1B9C
0006D0D9
000B4B06
00052B53
FFF28118
FFF975FC
FFF72124
0005D951
FFF72175
FFFF0CE2
0001D724
0000D2AC
000B9158
FFF48099
0002A7DD
FFFA7958
FFF9193B
FFFC2387
FFF85664
FFF903F4
FFF08024
FFFB3A08
FFF2DF18
FFFD33CC
0000C31F
0001D6AA
00096564
00029251
FFF8065B
FFF65066
FFF43EE9
FFF9A650
FFFCF07D
FFF580F1
FFFEE233
FFFD3F2D
FFF60458
FFF8BEC1
000613A6
FFFB5DFE
FFF66C59
FFFAC600
FFFDB89A
00027BA5
0001DA39
FFF9976A
0004DA62
FFF607E6
FFF955F6
FFF56839
0008A57D
FFFA720F
FFFAAA78
FFFE5013
00057FA5
000A04D7
00060AC9
00080239
FFFD67B3
0004E728
0007779B
FFFC3159
FFF98E7C
00028961
000293D6
0006F872
FFFFABB1
FFF7380C
00004019
FFF8FB25
FFFD4EFF
00041497
0000DB90
FFFB12DE
FFFC3EDC
FFFE400B
FFF8BCF9
FFFFC457
000867CC
00005137
0002C508
00056DC8
FFFCC514
0009E7C6
000A4E2A
000562EE
FFFC4C1C
000147A4
00085DE6
0008F5C7
FFF81421
FFFF6103
FFFF641F
FFFA51B5
FFF8A032
000BAD82
000C4033
FFFA969A
000026DA
000A78C6
FFFCD05E
0001157A
00048665
FFFE20C0
FFFBBFC3
00044DC5
000ACD00
0009DCB0
0005719D
00018A45
FFFF0BA6
0003DF8F
00078C27
FFFD9A64
000424FB
FFFD523B
00040E9E
FFF87729
FFFD29A6
0007AE79
FFFCB01B
0000045B
FFFE9F69
FFFE3475
FFF2B0AE
0003DC48
FFF7DB6D
0000946B
00066D05
FFFE2E0E
FFFE0C40
FFFC8F18
0006906B
FFFD9F4D
FFFF53CC
00060BE8
00013B42
00056F60
FFFCAA68
FFF66059
00004AC7
FFFBC127
0003C6C5
FFFE7487
000E6E44
0003ED92
FFF93360
FFFF1750
0002C3A3
FFF4BB94
FFF33DE8
FFF9971D
000046D0
FFF40C39
00084015
00022B93
FFFC8EB4
00010221
FFF8FF25
FFF85D9F
000000B4
FFFF300F
FFFCF97D
0007591C
0002F1F1
00023BC1
FFF5C81C
00022BD7
FFFB05D5
FFF5B526
FFFE7CCF
FFF935D7
FFF7EF42
FFF2EC93
FFFA1870
FFFD55B1
FFF95FFB
FFFBD99B
FFF4D08A
00045588
FFFC933B
0006F141
000386D3
FFFD2970
000354CC
0009BBC3
00011FA1
FFF4E0CC
00089545
000246A7
FFF7B095
FFFD2D11
0000E490
0004BACE
00015976
00038A5C
0002D81D
000585F5
0000CFB6
0004D287
FFFB5CB6
0003BD14
00017CF7
FFFC8936
000086F9
00007147
FFFF44A1
FFFC4F45
00075CFE
0007614C
FFF9080A
FFFC5EA9
00030575
FFFB016E
FFFA61D6
0005AAA2
0005DF82
FFFA1892
FFFBA603
FFFC8FB4
00079F25
00076487
000267CA
0005B097
0008FAA2
FFFDDF67
FFF892FA
0003F9B2
00031DF1
FFF99E27
0002CF21
00028374
FFFDD663
000413DA
0009F576
FFF8F2BF
FFFD22E0
0002C3D1
FFF9F15D
FFF4765C
00059566
00084591
FFFF37DF
FFF94B34
FFFFBFEB
00037AEE
FFFC1A06
FFFD38EB
0007501F
0002F99B
FFFCC69D
FFF4AB73
0002CF2F
0001F3E1
00054DF1
000153EC
000085FB
FFFF97AB
00088BA6
FFF9305B
000584FA
FFFC2AA1
0008B132
000A0C6E
0000A898
FFF9E2D7
00077C08
FFFF190A
FFFDD019
0003E869
FFF61DB6
0007C45D
FFFA659A
00031AEE
00019541
FFFFAB67
FFF7C19E
000255CD
FFFCFD33
FFFC9E9A
00020168
0006974F
00046DF7
000002F0
00099C5B
FFFFDC94
0008D0C0
0005D0E2
FFFD8E61
000CF446
FFFD91DE
FFFBAC74
FFF19493
FFF7EC3A
FFF755CC
000542DC
0007C3A1
FFF94837
00038045
0002A3E7
FFFEA1FE
FFFC8DFE
000163E3
0000945B
00029011
00044322
00067282
0008EDC4
FFFEEDDA
00020B25
0000E5F9
000066B2
000272F0
FFFDBF7F
0001FD28
000A2FD1
FFFC791E
000703BD
0000BDDE
FFFCBC5B
FFF61200
FFFAB9D8
FFFF118C
0001C972
FFFDC019
0001CE3C
FFFB7A64
FFF30436
FFFF5A93
000128F7
0009DCD8
00055646
00035001
0002759B
0007EBAC
00065680
FFFFD49B
FFF603AC
FFFD8C9F
00020E1C
0002628C
FFFD5F72
FFF6571A
FFFF9E6D
00054A29
FFFE860C
000238D5
0007741C
0003205B
0004BF36
FFFCFB44
000734BD
0007498C
00021C1A
00093277
FFFAD5E8
FFFFACF6
FFF4D4C2
0002C7A8
00069F6A
00018746
00041AC8
FFFDBC28
FFFF5F5F
0006F811
00080280
FFFD0495
FFFB79EA
00058CA1
00055A19
FFFD78DA
FFFF6E24
0001A294
FFF840EC
FFFC4CA4
FFFC44C3
0000688D
00018365
0009F764
FFFD05D2
0007A5AC
0000B50E
FFF7D461
FFF797F6
0000F21D
00000960
FFF30071
FFFBB91D
00002EF3
FFFBC697
FFFA8897
FFFEAC30
FFF90B08
FFF7EFC4
00000370
FFFA64CF
FFFF1B08
FFFD9393
FFFA272B
FFFFF258
FFFF7C60
0005959E
00051209
FFFBA84A
000DE2A8
FFFF2EB8
0005CE5A
FFFFF173
0004A1E9
000B2A91
0007DA6B
FFFB3447
FFF23593
FFFB963C
0001ED52
0008D0C9
00013E0D
0006FE54
00007F60
0001FBD5
FFFBF130
FFF2DF2B
FFF55966
0001E3B9
0000A31B
FFF399F0
00064D36
0000D23A
FFF1B844
FFF5AB3F
00008633
FFF23B3F
FFF97360
FFFC860B
FFFB63A4
FFFA35BA
FFF4203F
FFF4DAF2
FFF4B072
0006751A
FFF4F9D7
FFF5CDB4
FFFE7C61
00000B4A
FFF76B59
FFFD4CAB
FFFB4FA6
FFF9D5C4
FFFCB404
FFFC4F9A
0000059C
FFFD5A9D
FFFF7FEC
FFFC94DF
00013BBB
00015D8C
FFFBB0FC
FFFCBB3C
FFF73530
0002DF97
00015349
FFFDFCB8
0004ECCA
FFF1CB2B
FFF53E5A
FFFEA15D
FFFC69B6
FFEF7F68
0009D6F9
000375AB
FFF3E7FE
FFFB6037
FFFD44EF
0001419D
FFFB6CD7
FFFB2C20
00032737
000293C5
FFFEBCFD
FFFBAC1D
00087ADF
FFFD9434
0006D8BA
FFFFDB6C
0004D897
0000E03B
FFFC9246
0004798E
00071EAB
0004A5B1
00065BC0
0004D7C8
0003A7A9
000386BF
00002492
0002D3B1
000407A9
000A4A9E
0001E0AF
FFFA7D9C
FFF6C1CA
0003C049
FFFD3E27
FFF80D92
FFFC459F
000358F8
FFF99339
FFF0659D
00042D4E
FFFB4A29
000850E3
FFFA4B4F
FFEF0531
00010947
00011265
0003327A
FFF5548F
FFFEC45B
00018B9F
000065A4
FFFF228C
FFFC75CC
FFFC30DD
000059A2
FFFE4BF6
FFFA4761
FFF4D37B
FFFBCC42
000343A4
FFFDD6B4
FFF42E82
FFFC3586
FFFBE2E7
FFFD56E1
FFF3CDBC
000473BD
FFFCA0D2
000818AA
FFFED670
FFFF866A
0007154B
0002E82D
FFFE2095
00036834
0003AC60
0000FE9B
FFFF383E
00034DD1
FFFC8E68
0007E183
FFFCCFB1
FFFC63B1
FFF9A825
FFFB07C6
FFF489F6
FFF1F261
0005C000
000431F7
FFF2F441
0003DD8D
FFF7F647
FFF89AFF
FFFD193C
FFFFE653
FFFD1074
00031845
0002295C
00040D90
FFFA3CD5
FFFD2C7B
00065BFB
0000AA7E
FFF55C5F
FFFA1412
00074DFC
000B3020
FFFBC8CD
FFFEF706
00035C6A
00084DD7
FFF973F0
FFFB1C03
FFFA01FE
FFFC15D1
FFFEB923
00007A16
FFFA26E0
FFFD1828
000199D0
FFFEEB47
000381EB
00027388
0000851B
FFFDC90C
FFFE6691
00022A27
0002AF95
FFFCB896
FFFD02EE
00003212
FFFC0E2A
FFFC3340
FFFDFF7A
FFFC3C5F
FFFB9BAC
FFFB999D
FFFE212D
FFFD53D4
FFFF251D
FFFDFF62
000360AA
000143FE
FFFE5D73
FFFD8E53
0002B71E
FFFE4DB1
FFFC9C55
FFFF9374
FFFE639D
FFFD207E
FFFF3016
FFFC8A89
00027397
FFFEC2AC
0003FF48
FFFCB9E6
000256C2
FFFF1D28
00009997
0001B93C
0001AB45
FFFD0C4C
FFFDD16B
00003816
FFFC8627
00003ACF
00028C43
FFFB83FD
FFFCCA38
FFFF55F5
FFF8306D
FFFF339F
FFFB68D4
000224B6
FFFD849A
000056D1
0000F777
FFFC9E6A
FFFBDAA5
00026FEF
FFFD9EE5
FFFEF6FF
FFFFC75B
0002DB57
FFFF8F69
FFFBFF0D
FFFF9E91
0003301B
0000B34D
FFFD4CA8
00004105
FFFED9FC
FFFD8878
FFFCCF19
00013EB5
FFFE04E0
FFFE5265
FFFCA5DB
FFFEB052
FFFE71F6
FFFE7A14
FFFD39BE
FFFD41BC
FFFE7F67
0002461E
0003F5C6
FFF9C1E1
FFFA6EB4
FFFE18AD
000475E2
0003001F
FFFF447C
0001509F
0004D3ED
FFFFC70A
000169C1
FFFFB2EF
FFFE0507
00011CB7
0000D7EF
00019A6B
000023F1
00043902
0002A94F
000125C4
0003E442
00000538
FFFD187D
FFFEA960
FFFBD61C
FFF97A1D
0001EB61
0000C351
FFFFB119
00017A5D
FFFDC0C2
FFFB7AAC
FFFDECFC
00039660
FFFB8D3C
FFFABE87
FFFB3CA9
FFFF0F28
0000B49E
FFFA9277
FFFAF1DB
0000A9FD
000348C5
FFFE50A3
FFFD64A3
FFFFCD85
FFFF539E
FFF8E979
FFFC4DF3
FFFED0CF
FFFB1A5F
00001230
0003B7B6
FFFFEF70
00025DA7
000195D8
0000983D
000185C2
0003E961
FFFEC8CA
FFFF609A
0001ED32
FFFDD0AD
000023AB
0002C014
FFFF7199
FFFCB999
0001DA68
FFFD4DE9
000017D3
FFFEFDAC
FFFCCA1C
FFFEAC7E
FFFED04F
00009CB3
FFFACC97
FFFE42E9
0002DBA3
0002E65E
FFFF7308
FFFD19D2
0003239E
FFFEDD99
FFFCEE71
FFFF3B3A
00014F29
000127FA
0001E9CA
FFFEF2A6
00011C0F
FFFEEEE2
FFFD95D5
FFFC033A
0000A48D
00040A21
0001A489
FFFF7793
0003ACD5
FFFD069C
FFFEEEA8
0000317E
FFFE1655
0002F173
0005F10D
0001A9DA
0002F133
000198FB
0004A491
FFFF954D
00009F0C
0002F83A
FFFF6638
0000424A
FFFCA0A7
FFFDC63D
00048BD7
FFFC126E
00038EAD
FFFF0575
FFFEE24C
000141D1
FFFCBC7A
0001AB8A
FFFD0BEB
FFFAAFCB
00035D74
0001D52E
FFFA08CD
FFFBE5B7
0002A577
000358BB
FFFDA006
0003EE5C
FFFC27AB
FFFFD531
FFFE5EE2
000293A3
FFFFA2BC
00007D3F
FFFD0D84
FFFECDF3
FFFFFBC4
FFFBB146
0002A86A
FFFFAA60
FFFA9627
FFFD0C15
FFFFF086
00022728
00047005
00043DCD
00029F14
FFFDF89A
0002B782
FFFF2213
00011B77
FFFC1F02
FFFE2848
FFFC985B
000416F9
FFFD5D45
FFFF964A
FFFAD7ED
FFFC9D20
0000A990
FFFF2FA8
FFFC98E3
FFFFFE6E
FFFD3CED
0000D8CB
FFFBE1B3
0002B4BA
FFFCC9B1
FFFFB3FB
00019286
00031865
FFFB2E10
FFFBF2CB
FFFFEA80
FFFE00CD
00000A6F
FFFC1D64
0002EE43
FFFDDB81
0001F5CA
0000BF50
00019544
00005267
000191D5
FFFFC473
0000BE34
FFFEF8D7
FFFA98DC
FFFD68E8
FFFE2EF0
0000E9DE
0001933D
FFF8590E
00005186
FFFCC989
00007D45
FFFE25D2
00026758
FFFB1227
FFFD7123
FFFF10CE
00018B10
000001ED
FFFA4044
FFF8584B
0001272D
FFFD1030
00002424
FFFB357A
00023A13
FFFF1CD4
FFFD9A60
0000E935
FFFF04B5
FFFFDCB9
FFFC1D5D
FFFF3F7B
FFFF4738
FFFB6633
FFFD1479
FFFE4651
FFFC0A8C
00019880
FFFA292A
FFFF5731
00033BB0
FFFD493A
FFFB1C08
FFFEE53A
0002D2F5
000073A4
0001C820
FFFFDFB5
FFFD13FE
FFFDFEF0
0000AA87
FFFEC8A2
FFFCBD39
FFFABAF8
FFFBF6D0
FFFF32CA
FFFCFBA3
FFFC5818
FFFDD21E
FFFCDBE9
FFFC5E4F
0000AF9E
0002B04C
0001C9A6
FFFCE172
FFFC14AD
FFFC06A2
FFFDBDB4
00006F74
000303F5
0000797E
FFFC5441
FFFF5842
FFFF9BC7
FFFC05E3
FFFF0253
0001A0EF
FFFD28BB
FFFE18C8
FFFBAEB6
FFFDDA1A
FFFFA475
FFFDD484
FFFB970E
FFFD1E4B
000191E0
00018E78
FFFE840D
00017E7B
FFFDDCC2
FFFDCE76
0000FC6D
000372EB
0003F2C5
0000CAC7
0002F9C4
0000AB60
FFFC3736
0003DDA4
FFFD3EC8
FFFC4C3D
FFFD6855
0001A622
000489C5
0002DA7B
FFFEE0B0
0002241D
000609E9
00033691
0004443B
0004323D
FFFAA55E
0000DC21
00011A55
FFFB5C3C
FFFE24DB
FFFA9928
FFFCED8A
FFFFE8A0
FFFE3A9D
FFFFC602
FFFE42C0
FFFC29C7
00015A6A
FFFE15DE
00002E1D
FFFD69F6
FFFE3D4A
FFFBCF2B
FFFC3C28
0002227D
0001EE08
FFFD2B4F
FFFC27DB
FFFFF5FD
FFF9D57D
FFFA6A9F
FFFD7792
FFFCE830
FFFF345A
FFFF97FF
FFF9E6BC
000058CD
FFFCBB25
FFFB71A9
FFFBCA87
FFFF3EC4
FFFC6CE4
FFFC54AC
0001F570
000046FC
FFFD306A
FFFD37FD
FFFD49EF
000293BB
FFFBF552
000021A7
FFFDB5FA
0001A6CC
00008610
FFFDB358
00010B30
FFFFD64E
0000CE37
0001952A
0002AEE0
FFFC0DEE
FFFEE069
FFFE2C5D
FFFF7287
FFFD1BDF
FFFE403C
FFFE0986
FFFF03BF
FFFD08B6
FFFE3446
00048DB5
FFFAC030
FFFAAF8F
FFFB1E07
FFFD588A
FFFA1F97
FFFD24EE
FFFF62A7
FFFBA48D
FFFA028C
FFFC0947
00009748
FFFD92E0
FFF939F9
FFFD59D9
FFFB9744
FFFF782D
0001873B
FFFFB00D
0001AEAD
FFFCBB95
FFFDA448
FFFAB7D5
FFFEC7C5
FFF9BB2A
FFFCE919
FFFFA700
0001AD89
FFFFADCE
0000E356
FFFDF537
00018E0E
FFFFB261
0001F913
FFFB1AEA
FFFEBEDE
00020C45
0000A09A
FFFA5A49
0002856A
FFFEC00A
FFFF9228
FFFBA510
FFFC1E5E
FFFAF981
FFFE707C
FFFBAC27
00004718
0001A762
FFFC132C
FFF85F29
FFF7E14C
FFFD6C93
FFFB930D
00027026
FFFB2B3E
FFFECFA5
0000CDB1
FFFF4EB2
0000BF33
0001E1D0
FFFB1C46
FFFD051C
000325D5
FFFCA6E7
FFFA4F38
FFFB98B1
FFFF614F
FFFBFF59
FFFC23DA
00024661
FFFDAF16
00000132
FFFE9EB3
FFFF9EA0
0001999B
FFFEB9F9
FFFD83AA
0001A75C
FFFE364E
0002BF52
0001F49F
0001FAEF
0002EA07
FFFC6D68
FFFEF560
FFFB12B5
0001B073
0000E78B
FFF9DB43
0003E0AD
FFFC4296
FFFDE8E0
FFFD0472
FFFE4ACC
FFFD919A
FFFF9464
FFFCAB2A
FFFCC838
FFFE1635
00004890
FFFF6D01
0000078F
FFFF9D94
FFFF71D2
FFFB592C
FFFE7D51
FFFF74C4
FFFD9EC2
FFFF43D0
00005B57
FFFD04CB
FFFFEE69
FFFE0425
FFFCA780
000AEB12
FFFAEA23
00039EFA
00066399
FFF0A9A2
FFFE4FC2
000956EC
FFFB6EAB
00005ADE
0002F2CE
00047E18
FFFD7644
FFFAC504
FFEA93E3
FFFC9D57
00065F18
FFFC2CD5
FFFAE449
001A630C
FFE549A5
00135F80
0001B792
000E856F
FFF365FA
00013A0D
000CCC39
FFF389A7
000544A3
0010DA36
0007FA8A
000D0AF1
000E04E6
0001A906
FFFE6705
0007FDAE
FFF3EC6F
0008089B
FFFE5535
FFF79916
000184AC
00031CF2
00052D24
FFF8CFA8
0003691D
FFFCCD95
00057C4F
FFFC285E
FFFF433C
00085BC5
FFF6B91C
FFFE5CDA
FFFD6EA4
FFF695C1
0004D519
000646DA
FFF9B238
FFF77C01
0007655B
0003CBDD
FFFA66F6
000C8FA1
00048F37
FFFB06A7
0007B7A0
FFFFDF81
FFFDC4C5
FFF46E0B
00115A74
FFF85509
FFF91B6C
FFFF0E02
00081610
FFF2CF5A
FFF74E3B
0004A5C0
FFFB3A99
FFF989F1
FFFA5AAD
0007F281
00040EA9
000A7C31
FFF7BDFA
000E9FB3
FFFCF970
FFFABBC5
0007ADDD
FFF81F35
0009B4A6
FFFA3A39
FFFA456D
0002DB8D
00085136
FFF41AC9
FFF8EC92
FFF6D1D8
00049096
0000EBEB
0007D427
00081412
00082DE0
0008C8E9
FFF962A2
FFFFAD61
0003949F
0008A077
FFFEB069
FFFB7CFA
FFF2F42E
000E5C64
000A15E7
0003F2D9
FFFF38EB
00062C37
000561FB
FFFF6901
00041A72
FFFA9B3F
FFFEC9A2
FFF06DBA
FFFC4E57
FFFB775B
0003971F
FFFDF67C
FFED6FB9
0000AAA4
0001E430
FFFE8E84
0003CD27
00082E71
FFF6B80C
000F9983
FFFE81C1
000B54C3
00110353
FFF9BE2E
00092F75
FFFC514A
0005E190
00076946
FFF533CA
FFF73AE4
FFFF947B
0001B96B
FFFC4B92
FFFBD099
00018C24
00037D7F
FFF73EAF
0002A97B
000F97D2
FFF66709
FFFDC4D7
000D6B67
FFF6E673
000992DB
000046A2
FFF871F0
FFFA62CF
FFF92585
00000030
FFFFED2A
0003F71D
00015546
FFF607D7
00056D14
FFF9C649
000CF59F
00007DA4
0004A35E
FFFC68DC
FFFF5377
0001882E
FFFA0E21
000847BF
FFF35182
FFF92EC7
00044C4A
FFFCBD8D
00018769
FFFB281C
0005E48A
0007DC45
000253DE
000B9234
FFF6EDFB
FFFEC5F7
FFFF344D
00045D3D
FFF8BC7D
FFFAC0B4
FFF36702
0009B475
00144DE1
FFE873AA
000FCAB2
FFFCE410
FFEBA231
000B3546
00011161
00006C76
00000663
FFF63ADE
FFEA2957
0011AAC4
FFFF437E
00063EE9
FFF81705
0009BB02
0011CA09
0004ED12
000C1882
0000DFB8
FFF75B13
FFFC7842
FFFC9EEC
FFFC4B1B
000CDA62
FFF77BDB
0011B1BE
FFFBB671
FFF41A18
001190B9
00088219
FFF4F3B6
000FEAE3
FFEEACC6
0009F360
000032FB
0008365D
00025274
0004B54D
000277B6
000889E1
FFF916EF
000E18B4
FFFE3EFA
00012194
FFFB462C
FFF323EB
001557A9
000E71FC
FFFBDDDC
FFFC084B
FFFF1A72
FFF4DD96
FFF19220
FFEFBBD7
FFED51CC
000FACB4
FFFBCF80
FFFB9E64
FFF6D64A
00137D89
000DE4A4
FFF78062
000B1D2B
00069F58
FFF56B0D
FFFFC89A
00072D16
FFFA46C9
000FD59F
000E5327
0004EE39
00083CC9
0011C735
FFF368AC
000D6188
000B4DC9
FFF2980B
FFFEEB64
0005EB1C
0000DD25
FFF4B16F
FFFE7537
FFF675D4
FFF8D8A4
0008A624
000C6416
0008703F
000E6FD5
FFF41EBC
FFF410C2
FFF30144
FFFC32B7
FFEEAE3D
FFFD4222
FFED34B1
FFF9A144
000A650B
00093457
FFFB20AB
000926A2
0003085B
FFFD2C86
000A232C
FFF01F8A
0004F76F
FFFCB373
FFFEB289
FFF6A99A
FFFCCF46
00033CD8
FFFC57C9
00059ABF
0003A6C8
000B803F
001357BB
FFF0254E
FFFA1287
00083DED
FFF58461
FFFA6668
000F8F2D
FFF29763
00070B38
FFFC1173
00034040
0005F473
0017EDCA
FFF491F9
0004F029
000A5331
FFF30817
FFFCAB1E
FFF4E00E
FFF6E1A9
00084788
FFFAD92C
0013F525
000EB80C
FFF449CF
0004C734
00034C75
0007DFB3
FFFE3C84
0005B4A9
001402CF
FFFA4EA6
FFF5C9F9
000B4767
FFFBB3F2
000C647C
FFF745F6
FFEC2482
000841F2
FFFF74B3
FFFC75AB
0009D902
FFF048B3
FFF79D12
0003E197
FFF92D44
000FD855
000C06E3
FFF08913
00020C2A
FFFFA5E8
FFEF7437
0008BDDD
FFF7A282
FFF5DC31
0009E20D
000194DA
0002BACD
00099380
00094FA1
FFF5F12B
FFF1EEFA
000139F0
FFFF7312
FFF92E52
000C8095
FFF081DB
000313A5
00092902
00056DC2
000FD2C1
000190E8
00029371
FFFB4F60
FFFF5486
000E37FB
FFF3AC24
FFFF6C8A
0006A342
FFEF2880
FFF5F9B1
000B2A67
FFFF6CF5
FFF1DD32
0003B801
FFFBC995
FFF6C1A6
000EEF7E
FFFDDAD5
FFFB724D
00009026
000BBC62
0001AC80
000C4CA2
FFF7307D
FFF6405D
0000E787
00081279
FFF4EF1C
0002BEBA
FFF9E2B0
FFFD2A55
FFF2C0FB
00077F72
000531FD
FFF8409B
FFF79724
000A1453
000500D6
0013CFDF
000C925F
00039E3E
00077800
00006CB1
00059300
0011271A
000B8EB2
0005F2C4
FFFEBFA7
0009CA2F
FFFA79E5
FFFEBFCF
FFFD5946
FFF550BD
00084796
FFF891E9
000C4A50
00007031
FFF2EA75
000B9E91
FFFFFEB0
FFF8C621
FFF67BBC
FFFB671D
000EE5AE
000F1C4E
00034ADA
FFFED6BB
FFF49023
00032B4A
00040390
00033647
0003F2CD
000845CF
FFF07067
FFF6796A
FFF65325
FFECECFF
FFFD6320
000380D9
FFF0D2A6
FFEB7CF5
0003BC92
00005E3C
00045CE1
001138AE
FFFF1813
000710A5
FFFC6D37
FFF95AA4
00060246
0000B16C
FFF6A334
000C01C1
FFFD62BD
FFFECAB9
000EBB61
001034CB
FFF31FC6
000A6ECB
FFF5A357
FFEE933F
FFF7C7B7
FFEFAEEA
FFE9CFD1
FFF454E9
FFF12F47
0005073E
FFFB8AAA
FFF880EA
000E7016
FFFBA738
FFFFD2EB
000A210C
0007E01F
FFFA3A2D
000EC4C3
FFF79C64
FFFDB82F
FFFA46E1
FFF65654
00039F3B
0007D793
0003C8F7
FFFCDF0B
000A8CCF
0008EE47
FFF8862A
FFEDCD55
FFFFCCC7
FFFC2AC6
FFFE7174
00054374
FFFDB5E7
FFF020C7
FFFB0A46
00000B1E
00062332
FFED37C6
FFF1DFC2
0009D4BB
FFE91923
FFF63D6D
0008AD7C
FFF79DA3
0004AD9A
FFFD72E5
FFF88C59
FFF5AAC5
00003F5A
FFF66B0A
FFF35E5E
00071F73
0008A3D3
000B73AD
0001F65E
00161790
00029756
FFFD8B25
001725E4
000CBF3F
000D20FF
000414DA
FFF551FD
FFF15A8F
0005461E
0004979D
00023ABD
00094D3E
FFFEF918
FFF0A63D
FFF2D317
00054867
000628AA
000A1AEE
FFF418D3
FFFD4737
FFF16837
FFFE1253
000F19AD
0002ED1F
FFFC1448
000B86C5
FFF0712D
00087E78
FFF28DBD
FFF7D93B
FFFD659C
FFFBDE91
FFEF2698
FFEB60C7
FFF1A79E
FFFCB472
FFEA8015
000635CA
FFEF2B88
FFFFB46A
FFF2CF62
FFFA4CF1
FFF81CA0
0001E2E1
FFFB492C
00029322
00029F02
FFFD7AEE
FFFC0E4C
FFF7D2B6
00020921
FFFC5A8D
0003DF87
0006DFEB
000589A7
0000B602
0001EB78
0003863E
000124EF
000612C5
0004FBC2
FFF9D7BF
FFFFE34B
FFFE9669
000DC1F4
0001D27A
000108FD
0003D85F
FFFC04D2
FFF8C3A5
FFFB0CDE
FFFCCFB3
0005045F
FFFCF8B3
FFF7ED2B
000262C4
0003A3CA
FFF6C96F
FFFD2B12
FFFD3E28
0002B89C
FFFAD33F
000054F0
FFFB5E94
FFFD7AE6
FFFD986F
FFF851C1
00023F7E
000943AC
FFFB606B
00029119
00007513
00067076
0004C681
0005F796
000B565E
0005C15C
FFFE088B
0004849B
FFF860B1
00009C7E
00018A31
FFFF1575
00015138
0001FD33
0008268E
FFFFE40E
0009A9AB
0000A77D
000883F8
00062B69
FFFA58B2
FFFC8E98
000381D7
FFFDAE2E
0007EB28
0008DB94
FFFC1278
00050454
0006C60F
00065683
000648B3
00058288
FFF78AD9
FFFAE6B4
FFFAD3D7
FFF961F9
FFF9D7F0
FFF2D923
FFFC1AA2
FFFFAB38
FFFCF9AC
FFFBE1DC
0005FCD2
FFFC889E
000535D5
FFF9BEDB
0004507A
FFFCAD9E
FFFD3252
0002FB16
00003D87
FFFE6E28
0005D6E8
000C1D37
0005D2CE
0007D439
00087494
000B0896
000A0292
FFFEAD97
0000940E
0002C721
FFFEB28D
00092E9B
0006124E
0006F689
0009DE07
00023FA1
0000060F
FFFF30C7
000066D0
FFF39613
FFFF8A3C
FFFCF7AE
FFFA5776
00087AEB
FFFFBDF1
000164AE
FFFF5199
0007AD59
00078DB1
FFFBA862
00007481
0002E52E
FFFFD96E
0009EC24
FFFD0FF8
00052468
0009FC88
0000530F
0007D5A5
000C1328
0006F02C
FFFFB32B
00014CAF
FFFFF8DD
FFFA5ABF
000214AD
00023141
FFF4F44C
0005E847
0004F891
FFFEB81A
FFFBF064
FFF5D31A
FFFB53F9
FFFC108C
FFF9FA10
FFFDE84F
00012164
FFF99E4B
FFFDB9F9
FFFF3C78
00000855
FFFCD69F
FFFFB2C1
FFFB426A
0006F708
FFFC50B3
FFF876CB
FFFF13E5
FFF87D1A
FFFF22D1
FFFF1819
000367C9
FFF785DC
00001DF1
00084CA9
FFF8AF99
FFFD4C72
0004D06F
0007AAA3
00071CEE
00030910
FFFBAB41
00054A49
000441AA
FFFC0618
FFF9206C
FFFEE66D
FFFFD3C9
0002D257
000836E4
00047676
0003CE93
0007D339
FFFD11BE
0000FCB2
0001EB49
000715A5
00036BED
00040954
00026355
0000D6D4
000044F6
0000E65A
000ABF5B
0001CFA4
0004126B
FFFD574A
FFFFECDA
000140D7
0008B2B0
0005611A
0003580B
0003CD2E
0003DD18
FFFC74C8
0002BC2B
00005E93
000682A8
00028F21
FFF73C1A
00058077
00053EF7
00050FC0
00087B2B
0001F864
00000C89
0006D970
FFFA00CA
0004410E
000300F2
000A220F
0007C39F
0000172A
00040189
FFFA44D7
00019D5B
0001BC9C
FFFE66CC
FFFEEBE9
FFFBE69D
FFF99846
FFFC6504
00058D97
0009A42F
0001ABD6
FFFBF69A
0004F498
00015F67
0001CB97
00085DFB
00048DD1
00082CB8
0008D096
0007294E
FFFCA664
00038D61
000E0464
000A0AF8
FFFB7E1B
FFF697D6
00046F64
FFF8CD81
FFFCAE44
0000CA7F
FFF1939D
000527EB
00009BA6
0001F2E7
0006A9E8
FFF9DBBA
FFF4F870
000417CE
FFFCE7A9
FFFE9E85
0004F716
FFFFAF57
FFFD156B
00049A24
FFFC7561
0003A092
00066EB1
0000F37B
0003D18A
000A99B9
FFFB63C7
FFFA44B1
FFF4F255
FFF6E349
FFF72E51
0008FC67
FFF84C80
FFFD3F36
00028AB6
FFF85DC5
FFFE9CBF
FFFEACE6
00065D0A
00014836
FFFD267A
0001F73B
0006272B
0007102D
FFFBCB53
0008E1E2
FFF7538D
0001284A
0007C1EC
00008790
FFF98CBF
00074CCA
FFFC96F6
FFFE6641
FFFE33E3
0003EE6D
FFF8B238
FFF890C2
FFFA533C
FFFAD587
FFFE269C
000360CD
FFF9F853
FFFFFF6F
0000CDB8
000C3EAF
FFFF679A
00051421
FFF7C70B
00016987
000A0E98
FFF96E2F
FFFFF157
FFFDCBBC
00036B9A
00060BC3
FFFA05AA
FFF9DF9F
FFF788DF
FFFD3F0C
0001DA34
FFF8586D
000DF5F8
00012E67
00024E71
00101139
000B6DF4
00088B14
000B8B28
0001E67A
FFFD8352
0002A7EA
0006E88F
000D5EE2
000BC7D3
0001D139
000C9196
00060E4D
000AD837
00072472
000992D2
000711F8
FFF71474
0003FB7E
0008389F
0003E069
000988FD
FFFE91CF
FFFF7DB8
FFFEEBA9
0002F883
FFFC33C0
FFFCA4D8
00012E65
FFFC1174
00052A22
FFFF04D7
000912DF
0009FAD7
00073AC2
0000E54A
FFFD4C26
FFFAD750
000F0417
0002162B
0006887B
FFFE3AAF
FFFE4DC5
00003FAA
00070E99
00074ECB
0003C6DD
00040CE5
FFFE8167
000229FD
00098830
FFFF2052
FFFF4422
00065591
FFFAFF16
FFFE9672
000270C0
FFFF4845
FFFF229D
00071057
FFF8BD67
FFFBC131
0007DC8A
0001FE90
FFF8140B
0006392C
000AAD26
FFFD0629
FFFF0473
0001F693
00089FB1
0006D258
0004E273
000790EB
FFFFCD38
0001FD2E
000145A6
000C0612
FFF77761
FFFE050A
0000AF3E
FFFE406A
FFF9518C
00014BE4
00023495
FFF99695
00037341
0002A073
FFFE82C5
000405B5
FFFCEF12
000490F9
0007AC2E
0003E6E7
FFFA2152
00033958
FFF80C9B
FFF84C9B
00024507
FFFBE01C
FFF923F3
FFFF4AFF
FFFE4E4B
FFF8E4C5
FFF66CA9
FFFDDECD
FFFADFB5
0004D243
00040005
FFF4C2FB
00041C6D
FFF8BDD7
0003C033
0000C2D2
0005C867
0006D599
0000543B
FFF80585
FFFA2FB6
000B1305
0006378E
FFFEB9FB
0000A946
0005E0DE
FFF9C7DE
00010ACE
00018D11
FFFE8E05
FFF940EF
FFFF7136
0003A60A
0004F9EC
0004E9B7
000195F9
00006151
FFFD31EE
FFFDB9F2
0004D525
00061A69
00034C4E
0000813B
0009EC08
FFFE24B6
0000C997
000723CE
FFF9B60F
FFFD133A
000B590F
00089F6F
FFFE80E9
00004FAE
00061C70
FFFC4741
000598E9
0002599E
0000016F
FFFD4710
FFF823CD
FFFA151B
00000DD8
000A246B
00042B85
0000E137
00073248
FFFFCA39
0003EC82
FFFB8B17
0008FEE7
00075DFB
FFFD2F26
00067638
0004F80E
FFFE836D
00070A7F
0003771D
FFFC6F6B
00067AE9
0001C669
00078408
00039096
0003A96C
FFFB2BDE
000AB13B
FFFB422D
FFF94854
FFF82141
FFFEE5DF
FFF90E7E
00009FFC
FFFC635A
FFFE11E4
FFFBFEF9
FFFA86DA
FFFE86C1
0001FF14
00024F1C
0006FDBC
0003A769
00001210
00067CFD
0003AAE1
00042568
FFFCA0F4
00067E42
FFFF1330
FFF87AD0
FFFD7209
0006FE5F
00063496
FFFE265F
0002F74F
FFF9B4A3
FFF763C3
FFFDB0B1
FFFF2D03
FFF9CBDA
FFFFEB48
0001B4A9
0005D14F
000490B1
FFFE6129
0004C2C7
00036C2E
00069B10
0005EDA0
0002071D
00086E4E
0009246D
FFFCED86
FFFBD941
0009B1F9
00058797
00109921
00050822
000D62A8
FFFA98F9
FFFE33FD
FFF59AB5
0004B713
00063D73
FFFB3796
FFF89AE8
FFF9EA5D
FFF612D7
0004C890
FFF9A29F
0000CFF4
FFFADA11
FFFD58E0
0009E26E
0000EAD4
001047E6
00147CB5
FFFF8513
0005E96A
FFFC91D3
000CB5BC
00014C93
FFF7FB2D
000279F8
FFF92345
FFFB3CC8
0005D65F
000B4E0F
FFF90141
FFFD56A6
FFFAC748
000D2242
FFF724B4
FFF712CF
FFF794AD
FFF4C9CE
FFFBD988
FFFD2216
000B1DFD
FFFF40BC
0006F43B
FFFF85A3
0006C798
0003B969
FFF7503F
FFF17A69
000049BD
FFFC2E88
00087F34
FFFDA965
FFF892FF
FFF94186
00031B32
FFFB75BB
FFF14605
000506AE
FFFD9C8C
FFFAA29A
0001806E
FFFA5258
000A589C
FFFC170D
FFFA4287
FFFF02C1
00040239
000FDC01
00019530
00003238
FFF6C457
FFFCD9B6
FFFFD0A4
00001AD4
FFF82A14
FFFC1C44
00045FF0
00006D84
FFFE5C60
FFFB9D23
FFF4E78F
FFF3EB0A
0005921F
0000323C
FFFE59FB
FFF88640
FFFFA1F2
FFF64940
FFF572F5
FFF77FA1
00060460
FFF9ED5B
FFF77FF9
000E5061
00012AB4
00061419
FFF7C629
FFF3905E
FFEE2912
0002AAC9
FFFB6187
FFF8D02B
0005B34F
FFFD6F2C
FFF83A51
0004B58E
00008D8C
00033516
000D0370
00032D24
0003CF70
000442FA
00002857
00021C95
000378B9
FFF630B7
0005FE00
00065831
0001D5F0
000582B6
00050EB8
000C8AE3
00049853
0007ABD9
0002ED9D
00037D6B
FFFE456D
FFFE2D5E
0002154E
00037D69
FFFBBA7C
0003F147
0001B45B
FFF38D2A
FFF91866
0004F24B
FFF7DF16
00004C64
FFF8DE91
FFFA975C
FFFE0293
FFEFD222
FFF21DC5
FFF1B403
FFF409C5
0006CD61
FFFB2C19
FFF8DDE7
FFFD4EA7
0003331C
FFFEAABD
000401CE
FFF15DE4
FFF962C9
FFFBEC5E
00007D14
0008D3C7
FFFAD76B
FFF90F66
FFF78701
FFF851FC
FFFFED80
00097B0F
FFF984D4
FFF8A199
0001669E
000A45C3
00009BB4
000C4F3D
00005F63
000D6B0B
0009295C
FFFF98B4
00073B2D
FFF9ABEE
0002784C
FFFD7B6D
FFF6F8A8
FFF3680B
FFF72BB8
FFF50559
FFFBD269
FFEFFA58
FFF816DE
FFEFE83A
FFF21D19
00016A5E
000E7D78
000082D9
FFFFCF6F
00080486
FFF9ABF1
FFFAF516
000471D8
00081EC5
FFFA746A
FFF85A5D
0007B225
FFFDF1B2
FFF982E1
FFFF51D6
FFFD8AB1
FFEE934C
FFFF3007
FFF37D7A
FFF7216E
FFF65282
FFFC3369
FFFD98AE
FFF22D47
FFF64FAB
FFFBC982
FFF173AA
0000F4FD
FFFBD39B
FFFF00CD
000161D6
00010738
0006B710
0004CBF0
00055FD3
FFFAF255
FFF29C03
0005C353
000189DD
00000D0B
0004EC06
FFF7A035
000231B1
00024858
00057820
FFFE6424
0003838C
FFF95E06
FFF94FE1
FFF96CEC
FFF9F904
00069FE4
FFF8249E
FFF9AF41
0007E06C
0006FADC
0000104C
0001FE51
0005D5DA
000E4268
000AB92B
00001DA9
000E8076
FFFB5CF6
0008A6B0
0008C316
FFFDDB05
0009C86C
FFF8505B
FFFE9210
0008F6D9
FFF93E00
0007AE41
0002C48A
0009A3D6
000213EA
FFFD4588
FFF858D6
FFF71D60
000AEF3F
000A14AD
00022B3A
FFFBF87C
00089CA6
FFF606B4
00067D1A
FFFD86DB
FFFC72CE
000504CF
00020077
FFFD4CEA
0009D4CC
FFFD5E1D
00070A67
FFFD8E0E
0002C764
0005A5D4
FFFB04A6
000A1889
000A4DD9
000A7E32
0006FE21
FFFF6628
FFFDCD26
0003DF02
FFF48159
0000311A
00003001
FFF6DD81
FFF059EB
0002A9FA
FFFB077A
FFF54ADC
FFF563E6
0002687C
FFF9C918
0004CFEB
FFF9BD22
0008920E
FFF686DF
FFFB4692
0006B8A9
FFF81AEF
FFF42BD0
FFF7DB83
000310EC
FFF3C5F1
FFF674B3
0003AC79
FFF5F470
FFFE68B2
FFF68FAD
FFF63499
00071DB1
0007CD72
FFF49408
00012F78
00042C85
00069BFE
000B03EF
FFFB88BE
000AD7A3
FFF8A853
0009E3BD
FFFB9B18
0000F4F1
FFFBD4BF
FFF59832
0006E869
000063C2
FFF6C6E7
FFF1EA19
FFF7F8CF
0007A455
0009AA48
FFFDA790
FFF96FCC
FFFBF20E
0006A7DE
000009E8
0004F15C
0007A6C4
FFF77C66
0004A0C7
0006E278
FFFF2543
0005DACC
000888DF
FFF9F19C
FFF34CC4
FFF98497
FFFFC7A0
FFF2DD98
FFF8B383
FFF61BBE
FFFC48C4
0001B9C5
00022B1E
FFFAC159
FFFC3BAF
00093B38
FFF50D97
FFFB4A43
0003E861
FFF735CF
FFFF92E8
FFFE3CD8
0007352F
FFFAE660
FFF7103B
FFFD5B30
FFF6678A
FFFD40BF
FFFFEC62
FFFF88E0
FFFCBF70
FFF9C3EA
0006EA0F
0007650F
00041BD1
FFFC2A13
000697EC
0007F27B
FFFF072D
0004F3FE
00016F13
000D5FA8
0004C921
00011684
000BE17E
00015E84
000F37AF
00062695
FFFEA83F
FFFEF0A1
0007C3D2
00054ED5
FFFF783D
00005E10
FFFC4DD6
000640E4
00072581
FFFF100A
000608D1
FFFD2265
0006CEB1
FFF46245
0009A55E
00064101
00035E10
000250E2
00115D79
00060ACF
000B8BCF
0006AFF7
0003A0E7
FFFF177D
FFFD3438
FFFD872E
00038E1D
00018C0E
00025C21
FFFFC6C7
0005EA04
000A6618
0000AC94
0007959F
0002B841
00048082
FFF47195
FFFCD303
FFF6CFD7
FFF9EA4C
00050C3F
FFF51AC0
FFFD6281
FFFC1EC6
00043AFE
FFF06AF8
FFF554A5
FFF9C4AB
0001BAE8
00012A4A
FFF9BD31
0008B548
FFFF8646
000C849C
000ACEF2
FFFF62A3
00000D33
FFFDAE00
000368A7
FFFC4226
0014A09C
000932CC
0009093A
FFFE0097
00088B71
000CF666
0007DC96
FFF9202C
FFFDC256
FFF12879
FFF893D4
00052572
000878E2
FFF7FAF4
0003DEC0
FFF6F0CA
FFFBFD01
FFF9BCDB
00029F1C
FFF93E88
FFF87CF5
00085744
000893E2
FFFF96EA
0001CA25
FFFD8EA0
FFFFC62C
000118A8
FFFCE82A
0005CEE3
FFF5206F
FFF59B29
00009D46
0004F923
FFFB2DA0
00009733
00038313
0003400E
FFF843F3
FFEFA447
FFFEEFA6
FFFE3640
0000E070
FFF729F0
FFF80002
000D9000
0001E6B6
FFF83330
FFFCEFBC
00080F15
FFFF7EA6
00025691
000344DA
0003050C
0003FD3D
0003EED9
FFF6D8AB
0003A23C
0001C51B
FFFD9F5D
000212CC
FFFBDFA9
000705A1
FFFFF3D0
000326F4
FFFEC9DD
FFF8FDC5
0003DF5A
000AD2A7
FFFF99F1
00097C75
00033552
000EE437
0006B764
FFFD49BA
000AB6FA
FFF6D3A5
FFFC2318
FFF74360
0002C93F
00039B9A
FFFC98DD
FFF7A322
FFFA15A7
FFFAE21C
000311CD
0004C7DE
FFFC2659
000AE97F
0002A15B
0001DBC5
FFF9D7C2
000307A0
00032B59
00044DB8
00098107
FFFABB2B
00066816
00075B77
FFF902F3
FFFEB36E
FFFA5365
0008F9DF
FFFC07DF
0009A327
FFFD0FA9
00091F7F
00012050
0005B30D
0003F8F5
0000AF35
FFFFC1A3
FFF87DD4
00022DEE
000967F9
FFFCFB7A
FFF681F2
000A1D54
FFFED62D
00011B07
000C9FC0
FFF8618D
0002CD29
000B52C3
FFFF7DA0
00074EE8
0000CAA8
00003DC4
FFFD15F6
000314A6
000A3399
000A6E79
000C0FA2
00076E5B
FFF8EEF9
00044453
001200E5
00039F9C
FFFCE62D
FFF809DF
0002E8AC
0007362D
0002DF9E
00080163
000236CE
000BA97B
000D7E03
000066EC
0009A8E5
00013FDC
000AEB13
FFF524FB
00017AE3
FFFF2A20
FFF7EF53
FFF2B115
0009F2E4
00089364
00067DB6
FFF0D8F8
FFF72AD5
00009B03
FFF89B11
FFFE1C98
FFF22A39
FFFCA457
00058DF2
FFF94790
FFF75D6C
0000B0E6
0002B175
00051416
FFF38409
FFFEA35F
000E3FE2
000D24A0
FFF8426F
000282A3
0006158F
FFF7C27F
000611E5
FFFFAC80
FFFEAB9C
FFF75111
0003716E
FFF5AB3B
FFF3D3A8
FFFBB3D8
00041A13
00029C63
FFF94455
0008E4A5
FFF79EF8
0001BF09
FFFB658A
000017A7
FFFC7A3B
FFF3605E
FFF5983B
000A75E2
000A3A55
FFFEB5AA
FFFA6E9D
FFFC5956
FFF6E0B4
FFFEEDED
0003E5F6
0003E3F1
000B5C80
FFF1C1F0
FFFC6336
00025519
0005473A
FFF9F387
00017DCA
0002CD5C
FFFC86EC
00032452
FFF9A1F0
0008216A
FFFEDF95
FFF4DDE1
00060320
000ECEF8
00055A3C
FFF9378C
0004A7C3
000EA2F2
00098174
000ACF45
000B16B6
FFFF15E3
0006CC1A
000107C0
0007879B
FFFC5140
000A0B4E
FFFAFD47
000309C2
000524C7
FFF84222
0009ADCE
000288FD
0000CCBD
000564A8
FFFB456C
FFFF6FC3
000AA200
FFFE3721
001567FE
0002DD84
00016700
000E95CB
0007CCC7
0006A51B
00087906
00066D21
FFFE8B1B
FFFC0662
000CC5EC
000982B6
0000A672
FFF8087C
FFFF643B
0000BED8
FFFEDD97
FFFBC226
FFF72AE0
000D145E
FFFB25BA
0006453F
FFFAB7EB
0006D127
000798BE
000CB2C2
FFFB20ED
0007D048
000C0CC1
FFFBE103
0004BEFE
00057179
FFFD9FE0
000E9A05
000E096E
0000FC7E
00000E7A
FFFEE0AF
00003D67
FFFF2FB8
00043E71
FFFCD04B
000B3E0C
00053F07
00045013
0002400B
FFF87402
FFFA5B0D
0003D06C
FFFBC78F
000A9065
00076582
000927AD
00050FA8
FFF501F7
FFF46C39
FFFC5D63
FFEFA8DB
FFF1223C
FFF4AD7C
FFEE7E18
FFFB55E1
FFECF730
FFFD6B01
00026BA0
FFF99BF2
FFFED949
FFFA43E4
000C0390
000841D5
FFFB23C4
FFFD912A
FFFC63CF
000BF3D8
000266B4
00025A7D
0002B1DE
00097BD9
000206D0
00097F1A
FFFFB434
FFF704B1
FFFEB339
FFF01410
FFF5107D
FFF50D62
FFF6C766
00057B87
FFF5C6BE
00024EF2
000685A6
FFFEAD02
00026FC8
FFFFEC02
FFFA99D7
00036752
FFFE792C
FFFC20D0
FFFBA6D0
0009884B
00080EB9
FFFDCEF0
0008037B
00084AE7
000CEE24
FFF65D1A
00068F59
FFFEDCCD
FFF14252
FFFD5BA1
FFF8362F
00049EE9
FFFB83A5
FFFF9D7B
FFF06A96
0003F070
FFF2399E
FFF5EC35
000997A0
FFF71D08
00005D36
FFFD8831
FFFAD251
FFF7161C
000D6179
FFFCBE94
FFFB3516
FFFA0D82
FFF6C9A7
FFFF5131
0007D89A
FFF9BF56
FFFD1843
000096D3
00045892
FFF4E58C
0002D197
00035BAF
FFFFAC19
FFFBB0F5
0003303D
0005817C
00066D4D
000D5159
FFFEFCF1
FFF4BF6B
FFF722F4
00059BFA
FFF81183
FFF6925D
00083295
FFF8BF7E
0008F60A
00016840
00025B80
FFFDB1D8
FFFAF0ED
000BD244
FFF93B4C
FFFEB041
FFF7BD8D
FFFBF0A7
FFF721A0
FFF60DC9
FFF46776
0009BBBA
FFF4EE05
FFFBCA7F
00015220
0011834B
FFFF720C
00035C12
FFFDD742
FFF43360
000CC50D
000EF0D4
FFFA9D1C
000E3428
000B2CA9
FFFB7080
0001D423
000586FD
FFF11559
0002EBF1
000D3456
0005FE69
000485F7
000FE918
00003280
FFF2E73D
0004756F
FFF56611
0000BFD8
FFF38300
FFFD49C8
00049EE5
00046181
000CE225
00043612
0008CA84
000AA55E
FFF76A65
0005A9C9
FFFB8A95
FFFA88E3
00115B23
000EAFA1
FFF4B745
FFFE8147
FFF8D593
0005696F
FFF296C8
FFF82E21
FFFFFD7B
FFFCA21B
FFF5946C
FFFBA336
00005BB0
0008864F
00003605
0003C63F
FFFB19F6
000A4179
FFFF5D03
FFFE5D2A
0000A5CC
FFFD9A9B
00091F75
FFFF4EF1
000758B3
000C53E9
000DDE51
00034112
FFFD0138
00032B91
0005E8EF
00022D2F
00012A78
FFF82709
0003B77E
FFF7F2E4
00014DFB
FFF37F52
00075766
00029E6C
FFFC86F5
0009EB71
000053F0
FFFCBE0E
0012ABB4
000CDDF0
0004A2CB
FFFFE84D
FFF68332
FFF715E3
0002FB3B
FFF6A4E4
0000431A
FFF9A342
FFF4CF9F
FFF14119
FFF888CB
FFFFFEFB
FFF09C6C
FFF81627
FFF9BA3D
FFFD05E8
FFFAAC9B
FFFFACEB
FFF7FEBB
000065FD
FFF6DB24
000125F1
FFFB96A3
00018BCF
FFFBC141
0003A6DB
FFFAFC95
FFFD1E25
FFFB5E23
0007B3F9
FFF6FA06
FFFE0E5F
000BCD1E
FFFECCFA
000C16CB
0003A9DA
000D2232
0008865A
FFFCFDD8
FFF386F8
00078B42
00007B47
FFFA4D6F
00066248
00014ACE
FFFCBB17
000C3EF4
00029692
000900E3
000623D3
00157BE0
000995D8
00049F7B
00134DEF
00076A22
FFF5D71A
FFFD9C83
0005896E
00053D38
00056F1C
0000A99C
FFF87084
FFFEEC28
000AD006
FFFBE1E7
FFF7A1BC
FFF353B0
FFFCFAF5
FFEE67E9
FFFADC65
FFEBFAC0
FFFB3316
FFF787BC
00024476
FFF88D4A
00019C21
000E0A3D
00016AAA
FFF3923E
00140B81
000309DD
0003734F
FFFD7DA6
FFFECCB3
FFF840AA
0001EA1D
FFFD8621
0006D104
FFF839C4
FFFB2533
FFFFE2C3
FFFAE931
FFF5DD2D
FFFBEA7B
FFF856BF
0004F930
0000C77A
FFF77EFC
0002AE09
FFFD46C1
FFF8A221
FFFEB393
FFF230BA
FFFAC7BE
FFFB7907
FFF92480
FFFFBB9D
0006A77C
000A1A98
FFF8D0DE
FFF87520
FFF4FADA
FFFBCC4F
0000A334
FFFA0450
000415C1
FFFD5B4A
FFFB1BFE
FFF9FD85
000A646F
FFFA8233
0001D21C
00006004
FFFE3BB3
00064034
000638F1
0001C1BE
00030FEE
FFF2B269
FFFBC616
00019339
FFFD454F
FFF7FBDD
00088092
FFFCA3F8
0006E2A0
0008124A
00096843
0003F6E0
FFFD2009
000576A2
FFF5FA7A
FFFAFC85
0010A7F3
00025E28
0003E295
FFFB7898
FFFCFF81
FFF5E4B8
FFFB1495
FFF2B2DC
FFFC01BC
FFF92CDA
0000887C
FFF647A5
FFFD05A9
FFF81AAA
FFF86090
00012B15
FFF86CBE
FFFA33D1
000DA5C8
FFFCF8FF
000205CC
FFF3C014
0002DF9D
000C9923
00048827
000A2056
00089E20
00023A25
FFFE63F8
FFFCB7F2
FFF30C93
FFF444C6
00058749
FFF9B287
0004A630
0005859A
0003E538
FFF73283
0006356A
0005EB7E
FFEE990B
FFF251AB
FFF0177E
FFF17064
0002E1D3
FFF544BB
FFF8E715
000A9430
00022FBB
FFFE010A
FFF18680
FFF3D76C
0005273B
FFF9E72A
0000C195
000549C5
0005DB1D
FFFB243C
0007E768
000A5E8E
000CC9B4
000631AE
0000F04F
FFFAB3BF
000D1B10
FFF6D8F4
FFF7F4F1
0001B126
00000C96
FFFA9AB6
FFFAD798
FFF3F7C2
0008B7AF
0007A4AA
FFFE8E0F
FFF86789
000B1EAB
00048E9B
FFFD73E0
00081BB5
FFFAB6C8
FFFDDCE9
FFF6606A
0002BFA9
00031365
0004331D
0002A07D
00018741
FFFEB3D7
FFF9D1E5
00060BD3
000BC35A
0004BD55
FFFB27E6
FFFE7371
00101C88
00035328
0008BEE5
00015B45
FFFE25E0
00024890
00007C06
000288C2
FFEB1638
000B5043
001131FB
00039803
FFF70814
FFF993A2
FFFA857E
0006092B
FFFF25D2
00019BC4
00027853
FFFBEB5B
00019470
000DFD8C
0004B7D8
0006798D
FFFC2169
FFEC7FCC
FFF5F587
FFF72E76
FFFBA149
FFFA626D
00022055
0001653A
FFF74E6C
FFF7D9E2
0003898B
FFFC9C83
FFFD6AE0
0003C882
00035064
FFFF1CB3
FFF5F0F6
FFF5F150
FFFA741F
FFF46681
0000AB67
00057D83
00013DB6
FFFDBEA3
FFF696F6
FFF68AA9
00066ED3
FFFF1619
FFF6C376
000148DD
FFF96456
FFF48B2E
FFF44A84
0006CD41
FFFE8D55
00041EED
00089153
0005CAC2
0009F6D5
000035FB
FFF94F1C
000230D3
00058A16
0008343C
FFFF01BD
FFFBBC9B
FFFD767C
0006F74D
0005ABA1
00045B24
FFFE417F
FFFAC6E9
FFF957D5
0005BE21
FFFC7897
FFFD3F59
FFFA17CE
FFF7CAD4
FFF99F48
00014D40
000722BA
0003B6B5
0001587F
0008F331
FFFB138F
FFFEF26C
FFF7ED4F
FFF4B748
FFEEC3F0
00027B9E
FFF995EC
000C952D
00028CC9
FFF70C55
00028910
FFF2F589
FFFB4553
000A3189
0002A652
FFEA00D4
FFF8D93E
000BDDA0
FFF82C7A
FFFBCF7A
000680BE
FFFA5FC5
FFF5CAAB
0013C92B
00032166
FFFD03BA
0002823C
0007A216
00062B19
000ADE73
00063104
FFF5EC6A
00010C2D
FFFB907D
FFFC31D5
0002CFED
00078158
FFF8D3D2
00072486
FFFAC693
FFF549B7
FFF3F67A
FFF824C2
FFFA77F7
FFFD98C4
FFF4596C
FFF137E4
00031F08
FFF4D462
FFFEE45F
0001EBEE
FFF96570
000180C8
FFFAE8DF
FFFDA045
FFFE1453
FFFC1987
FFEFB508
FFFE1E24
FFF63B42
FFF7714A
FFFEF7F8
000062C9
0002441D
00009EDB
0003B090
FFF69BE2
00029580
0008F9C6
0003E51D
FFF4215F
0000A2FC
FFF3C03D
00035BC7
000DF4BA
0003DCA2
FFFEDA21
FFF78F19
FFF93F8B
0006A192
0003D6DA
0002B22E
FFF7E9EF
FFFFB1A2
FFF471B6
FFFFBD33
0008AD1E
00052E01
FFF5C952
FFFEEB0E
FFFA9510
FFF61EA0
0005AF8F
FFFCD0F0
FFFC521F
000BEEAB
00046E6E
FFFCAC1A
FFFFD54E
FFF86403
FFFB1902
FFF694A6
000007D9
0001AD16
0009BC57
FFFA5340
FFFD48F1
FFFFB45D
FFF97F85
0001C9FC
0001E7AE
000B8ACA
00097952
FFFEAA1D
FFF851F9
FFFBFC8C
0009B525
000192EE
00074763
FFF7233B
FFF9BAF3
00031AED
0001C6A2
FFF53273
00003530
FFF3FB6B
0006194E
FFFBD4D0
FFFE4B7D
0003C906
FFFCA0B6
FFFF910B
0001C89B
FFFEF8F8
FFF5FD2E
FFFB92A6
0002AB53
00040CB0
FFFDE6D6
00051016
FFF97D2D
FFFAAB6F
FFF2DA9B
00101B6E
0005866C
FFFFD643
FFF04A33
FFF27926
0009C4E7
00092DA4
000888A4
FFFEB709
0006CEE7
FFF6A9AD
FFFC0E1D
FFF5966E
FFF8656D
FFFD7E7A
0005F613
FFF4EA6E
FFFF76C8
000409AD
FFFA82B0
FFF575CB
0000CA1F
000422C0
000A79FC
FFFA175A
0008DCAB
FFFCF20B
FFFFDC74
00034994
0004887F
0003F4C2
FFEBF05A
FFF92C2C
FFFC685F
0001FDCE
FFF5BCF9
FFFB08E4
FFFB3BE0
FFF98349
00052A22
0004BBC0
00086764
FFF70C9E
000390F3
000A80A7
0005AC2A
FFFF1706
FFFA5020
0000213A
000114DF
0000CF36
FFFABFD6
FFFCAD84
FFFE0CAE
FFFBC26A
FFF57076
FFF67258
00035CEA
FFF48B20
0009F993
0005E99F
FFF55F41
FFF6146F
FFFF04BC
FFF66051
FFF484FD
FFF4CAB3
00084EC0
FFFDF9EA
0005AA93
0004B2AE
0003EE8C
FFF95CB9
00002FF7
FFF70105
FFFC62D4
00089546
FFED9C57
0008761E
FFF40DDB
FFF7AB08
00017219
FFF5E373
0003849F
000746B0
FFFA53BE
0000B4A5
00075738
0000535E
FFF81EC5
00032235
00077210
00005E54
0006CADD
000CEE34
0008B4B8
FFFD178D
0007AA01
0008C5F4
0002DA69
00045F3E
0006315C
0008898A
0004AA1C
0000D50A
FFF8E375
0003BFF3
FFFFF810
FFF7206B
FFF5ED01
0006ECAE
0007C64E
0009C098
FFFFF95B
FFFA1155
0002D8C8
0009345C
FFFFAC0C
00043BC6
FFFF5D3C
FFFFC573
FFF562D7
00041BEE
FFFBA6B2
000984BC
FFFF3D5F
000759F0
FFFFF799
000557D9
0000012B
0012B2EA
0008EEC4
000D12D1
00007189
000A0C59
FFF68EE3
FFF780D3
FFF275BB
00099625
00006641
FFF4DD24
00067091
000A0B57
FFFA1A3A
FFFD5A04
FFFFC8FD
0001CEF3
0006B7F3
0000EA3C
FFF6B8FB
00033610
FFFFA8EB
0004DECD
FFFAB11B
0000FCF5
000ED0A5
FFFA8096
FFF71CF5
0000ED70
FFFDF524
FFF8EA1C
0005639A
000844B3
FFFC7A26
000300BE
FFFF2FCF
FFF16695
FFFEF6A8
0001D565
0006E7BF
FFF1FAEC
FFF92808
FFFDC2FE
0004CA5D
0000C06B
FFF79701
00034754
0002FD43
FFF7FFDC
FFFC10B9
0007E8DC
0002FE0F
00035F9E
00024955
001145D1
FFFD1FD6
FFEEA5B3
FFF4F63E
FFF81BB7
FFF32161
FFEF54A2
0005BFAB
FFFEE70F
FFF6915F
00018DCD
000322CF
0008E52D
FFF161D9
FFF2C878
0000231C
FFF5E421
0009F0FB
000AA58B
0004C78E
FFFC1A29
FFEE9427
FFFF027E
FFFC7021
FFFB9ECA
0002E61F
FFFE824C
FFFB6542
FFFF5F78
FFFE4AB2
0001ADCA
FFFD523A
000B3EC1
00088A76
00023F77
FFF8F40C
00014135
0000152A
00020C58
000275E5
00062EBE
0005EBB7
FFFB3B91
FFF2C261
001320B8
0008F269
00083BC0
FFF4BF02
FFF8925D
FFFC1697
FFFCA6A1
FFF60062
FFF67443
00096456
0000014B
000F6F5C
00080FCE
00084261
000EDB02
00066E93
000586C2
FFFAC25E
000164C4
0009D167
00094657
FFF1A7FD
FFFB1E88
00035B07
00086220
00003D0C
000B9966
FFF3D186
FFF63B54
FFF70B71
FFFDDA8D
000CBB47
00072616
0007A27B
FFFC7F19
FFFF269A
000466EB
000A4DD1
0009B8FD
FFF6C100
FFF76042
FFF7D618
FFFB18A2
0006F2AF
FFFEACB3
00023A06
FFFF40D3
FFFA95AF
FFFEF1FE
FFFC7821
FFFB806D
FFF6E452
FFF957D8
FFF7FD5E
FFFAAF51
000C1595
FFFD07F5
0007AD85
FFF95158
FFFEF499
FFFD05A1
0002B21F
0010902E
FFF7F787
FFF6761A
00005284
FFFCC0D0
FFFFFE5F
FFFEC2F1
FFFE9DBB
FFFAC132
FFFE1B55
0002E86D
00015615
FFFB55F9
000A7588
FFFE8345
FFFDCE27
00068A9C
FFFE0A2E
FFFFA3D0
0002211C
000C9AB3
000B9984
00098DA9
FFFDB936
0002ED1D
001DE8AD
FFFF15B5
000A89BA
FFFC68FE
FFFA3746
000F5B5D
00070AF6
00173330
000DD246
0008A494
FFFB1C97
FFFB1263
FFFCFB04
FFF796EF
FFFE7D83
0007F729
00042B3A
FFFAAB14
000459ED
00073A87
000DC342
FFFEE71B
0003CD56
0007B9AD
FFFC9CB0
FFFD3A89
000977C3
00005F23
FFF33AA9
00160171
00065801
FFFC14B4
0003B326
00140C40
00040F2E
0017AC06
000052FD
FFFE3DD8
FFF8DC2C
0002AD2B
FFF74B62
FFF3AE6E
00069331
FFFFC50D
FFF79F3A
FFFE8DF1
FFF5F974
00048474
FFEC9240
FFF99BF4
FFFB001A
00028BB8
00089226
00043F84
0004EDEA
FFEE579E
FFF7D0FD
000B5DFE
0003F738
000654C9
000A440A
FFEFDAFA
000A4D77
FFFB53C8
FFF8D4FC
FFF30775
FFF3344D
FFFE0375
00085F1F
FFFA6E5F
0001F9FE
FFF41838
FFFDAFF7
FFFCA28D
00182E5C
00050EC2
FFFC569B
FFFA3704
000DA399
FFF8E77D
0002811F
00032AAB
0004719D
000F76C8
00004C48
FFF25B52
FFFA04AD
000F0DBD
00103041
FFFA32DA
00051312
00058E49
FFFDE9AD
00039181
FFF5056F
FFFB40D3
00021E60
FFF9AFE6
FFF53C6B
000932E2
FFFEE4A3
FFFB1639
000A75C1
0006A6DD
FFFE490A
FFFCCC26
0000FC78
FFFEBDAF
000A1FE4
FFFCD4AB
0007BE49
00034BF5
0008989F
FFF96F69
0008C020
FFF9089C
0000391C
FFF99C10
FFFC2541
00116229
FFFB87F0
FFED21B9
FFF37732
000257BC
0003DFFE
0004DE48
0004FC1E
00037DB1
FFFDA19A
00166B84
0002BD91
FFFD414B
001782B5
000C2AA0
00081637
000512C5
0006189B
00065CBC
0006455D
FFF96E8F
000A7C5A
FFFFC794
FFF9DF05
FFFC2790
000500F9
0006D101
FFFA0C95
FFF950EE
0000CBAD
FFF4E0E0
FFF46FE8
0007B537
FFF69BCB
FFFD70EF
FFFF30A1
000C6D85
0000446A
FFEF23D6
000D0163
0002369B
FFF89232
000BE9E5
FFFD8D61
000BF7B5
0003059B
000842D8
FFF16F5B
0009329A
000754ED
FFFA83FC
00064519
0002BBCE
FFF432D9
FFFC5F62
FFFD1F2F
FFFD30A7
000C9902
FFFD1CE2
FFFE330C
0008B913
00049D5D
0003C4CB
000C16C5
FFFAA881
FFECCECE
0005FCBB
FFFF8C40
0000F803
000CFB17
000118F5
0002C95A
0002C848
FFF06F9B
FFF1A7F2
FFF04C33
0006B13A
FFF7F3CE
FFF8663B
FFFDF1A2
00040923
FFFF1622
00064465
FFF6013C
FFFD8CA2
000205C0
FFFC74A5
0013DCC9
FFFF8AAB
00030978
FFF4E866
FFFFE497
0006E5FF
000037E9
FFFB27FB
FFF408BE
FFFBA8E1
0014FA6E
00070B8F
FFFB5359
00092005
FFEE0CB4
00068290
0000A8C1
FFF57206
00093A2A
FFFA5568
00087392
00139422
000D6A64
000B2A27
001343DB
FFF5F4C4
FFFC3C51
0006AE08
00037258
0002A46D
000728F5
00154B3B
00009125
FFF7D330
FFFC6935
FFFEB4EF
FFFA15B2
000A3B3F
0006D1B2
FFFCD9FE
0007A782
FFFB0442
FFFAB6CC
00009C3B
00148D7F
FFFE2DD7
FFFF5C82
0001197D
FFFFA984
FFFBC309
001293CD
0006776E
FFF020A5
00138876
FFF021BD
00138912
FFFDC374
FFFEA0FA
FFFEB659
000146EA
FFF61BC2
FFFCD1F2
0007056F
00051F6F
000E8EEA
FFF8A6A6
FFF7FFF9
FFF6E848
00021BE3
FFEDFB71
000CFAF2
000748A8
FFF3F5E1
00015024
FFFEF55E
0003776A
00131C56
FFFC7DA1
000D325E
0010E723
FFF989EE
000ADDD6
FFFAFC9D
FFFA50A0
000439AA
0004D0BD
FFEFCA5A
FFF34D59
FFF8146A
000ECC3C
000C6542
001085BC
000B2D72
00064D0B
0003CBD9
FFFC8DA8
FFFD9E50
FFFB9664
000AED87
FFF5C016
000BF4AF
FFFC0FD9
000A0C09
0003B075
0004C7C0
FFFABEB2
0008DF99
000EE69E
001B1ADA
0010B4AD
00135F8F
000E4A79
FFFD7416
FFFD4BC2
0003E71F
FFFCC51F
FFFCE034
FFF4CBC4
00061DCB
0000D65E
FFFC5DE5
FFFA4963
000B2301
0003946B
0004EF83
00117018
000A393B
000490C4
FFF6539D
00032183
FFFEB3F7
FFFB1A2E
FFF77F0D
000D972C
FFEFD552
000182D3
000F0230
000295DB
FFF82372
000875C7
FFFE97A9
FFFC641F
0005B61B
FFECBED8
0003C6D0
0004C5A8
0000B0D9
FFFBC6CA
000CE23A
FFFB796F
FFFB8FA6
001121A1
00071CFA
0003A115
FFFEBAA2
00040AFE
FFF7EA2D
0004BE37
00031250
FFFAD31A
FFFB46F0
FFFC0138
00084B0E
0002C9F0
FFFB1E93
0005B8E2
FFF57E49
0015A49A
000194A1
FFFB2F4C
FFFC2501
FFF5C855
FFF8C657
001884B3
0005A5C2
FFF86959
000A6EF0
000C3D2A
FFFE206D
000EEC09
0004CAB1
FFFC453D
FFF65856
FFFE5E8A
00083894
FFFBD75C
FFF8A5EA
0002CCC6
00016054
FFFA6A82
0003886A
FFEEC077
0014CB03
0006D661
00037411
001253CB
00139683
FFFB312A
0008204F
FFFF24C6
FFFE8724
FFF7F873
FFFDD236
FFFCF01A
0006DDEA
FFFC61D5
FFF57320
FFF2975B
0009F9F2
FFF58EC4
FFF88C36
0001456F
FFF16DCC
FFF1D088
0005599F
00087F13
0001EBA9
FFFF1839
FFF90BE9
00093BC7
FFF2BC13
0001750D
FFFB1872
FFF8AA18
0008785E
000D8795
000627CB
000104E5
FFFE940B
0006ABA6
FFF6FDCF
FFFD9BFD
FFF62B15
00046776
FFFC4405
00020CEB
FFF7A92B
00074A5F
0009705C
0003B626
FFF9F296
00134184
00063A58
FFFD06F3
000280A7
FFFE4AB1
FFFF3C4D
FFFE0B25
FFFED9AA
0007BCED
000090CB
000CA560
FFFDABA9
FFFA906D
FFF6728D
000191AE
000297D1
00016399
FFFBFA75
FFFA9447
0002BBDE
00095CE5
00010E72
FFFED18F
FFFE5AC7
0009E037
000D3AFB
FFF6C565
0000B62D
000C5AA1
FFF5E701
000B036C
FFFD24DB
FFF53911
FFFC2576
FFF9ABDE
0003CEE8
FFF70A9F
00030E07
00058E92
FFF4B244
FFFC08FA
FFFF374A
FFF66A25
FFF1E5A4
000541D6
FFFB12DD
00077E6D
FFFBBC3D
FFFD90E3
00079FC3
FFFADAB3
FFEC31F5
FFF3868C
FFF26667
FFF5FF76
FFFF2644
FFFE3DBC
000F9110
000AFFB6
0007E515
FFF91D34
00033579
00018E71
000B6BA6
000AD1B6
000B356A
FFF7CF3F
FFFB733D
FFFB36D1
0008CB0D
FFF9FCEE
0003CE99
FFF45F1E
FFFA17CD
0000AE8C
00035AC1
0002BBD5
0004CFD0
FFFEB79C
0004461A
FFFA787E
000D0443
0005C047
000144B9
FFF8B999
000AD428
000CD3C6
FFF325BC
00015E38
FFFE49FB
0005F671
0019EADF
FFF962AB
FFF8A8C8
000561C4
FFF3C639
FFF55190
000A5DD9
00023A49
00013502
FFFDEE8A
FFFA2631
0000AD2E
00080624
00057D2E
FFF41199
FFFEB900
FFFAD0C7
FFFAF782
FFFB2F44
000C6A6A
FFFD873B
000270D3
00051BE4
00036395
FFF4E325
FFFCA8D4
FFFB7BAC
FFF8C949
00046682
FFF9F646
000E8141
0000408B
00043026
000B3A86
FFF3EA03
000283A2
000592BF
FFFF1351
0005E727
FFF94F24
0005B89C
001AB222
FFE6D0F1
FFFB0DA6
0011A7D0
FFF2C694
FFF8C4BE
FFEA53D2
FFF92AF1
FFEDA8D6
FFEE77B5
FFF00178
0005539A
FFF4E130
FFF8A277
FFFC430C
FFF2990A
FFF8F933
FFF5A7DE
000428E3
FFFBDEB5
00066DAA
0006B51E
FFFBDC09
FFF33B7A
000570C5
0001800F
00133624
000F136F
FFF37871
0000F198
000BC81E
0007814F
FFF5C813
00023537
FFF5E252
FFF886BD
FFF390AF
FFF80114
FFF704BD
FFFF6ADC
FFFE8E77
FFFEE887
FFFC7A29
FFF7D281
FFFAF973
FFF72D58
FFF1154C
000694A7
FFF553E3
00080E6A
FFF51CB6
00150B6D
FFF8EC37
0003EA58
001A2ECA
00050B8A
FFFA71C8
0012D9CB
00046167
FFFB9A24
00013A85
FFF3F698
FFF6287D
FFF3B71E
FFFEFEC1
000597F6
00023217
00077452
0006EB6A
00017BEA
00068A7C
00110959
000EBF95
FFFB3818
0004A435
0008E166
0004D9BD
FFF708E1
FFF24563
FFF69590
000759D1
FFFE153D
0006817B
FFF9886A
000003F1
0004EDC5
FFF59A54
00001CAC
00011E48
00043D8C
0003ADEE
000585A7
FFF5D687
00107AAF
00090A9C
FFFBD318
000BC48A
FFFA0E69
00056321
000E6190
FFF6E051
FFFE8801
00031900
0007EE20
FFF295B7
FFFF4D3B
0003CAD0
0003CC5F
0010EE9E
0002824B
FFFDBC5D
FFFE53A0
0009D496
000452D0
00084898
FFF75ACB
000943EA
FFFCF349
FFF7EF6A
00023550
000E5B35
FFFDDEFA
FFF2034B
FFFAE06A
00003A5E
FFF9C7D9
FFF58EAE
0009112B
FFFB9571
FFF2D13B
000D8493
00104B65
FFFB50F1
0006BF76
FFFAC8DF
FFF98C7D
00065D58
000ABF94
FFF71101
FFFE8A11
FFF7CBF0
FFF8B480
FFFE2185
FFF5E458
0000EE60
000B2E3E
FFF798B9
00026961
FFFC18B8
000E9A9C
0005629D
FFF9A5F3
FFF621B3
00102116
00074AA1
00014F03
00032AE5
FFF2F002
0002002D
000401BF
FFFA2C1B
FFFFD9F7
0007695C
FFFA9E6F
FFFA1CC2
000C628F
FFF94A79
FFFBC93E
000775F6
001B8798
FFF5FF0C
FFF42371
00079459
000A71E8
0012672D
0009AE1E
000F3D01
00023CE9
0009C4D1
00061C48
000E3008
000679C7
FFF7145B
000D1AD4
FFF31724
000D4293
FFFC54ED
00068969
FFFB28E0
FFFECA92
000B4DCB
FFEF0D0B
FFFA996C
000953EC
FFF1D06A
00072DA2
FFF66413
FFF9042D
0011A8A5
FFEF673F
FFF4D650
0015EAB3
FFF3ACF5
FFFAE4D5
FFFBA685
FFFCE8F1
000AAEAB
000A833E
001010B3
0006EC7F
0001FBC4
FFFC9A25
000FF4ED
000DF07D
FFFF0446
00013EF0
0011F564
000742F0
FFFDCAF5
000E698A
FFFA11AD
00095051
00092945
FFF1C1B3
00023944
FFF203DC
FFF61C63
0003F9DE
00064B7E
00095038
0006A4C6
000BEC1F
FFF66DF5
FFFB4815
000D6ECE
000427BC
FFFF37F5
0005D6D8
0009D6CC
FFF36C6B
FFFBD405
FFFAE7DF
FFF958D7
FFF9DC5A
FFFF4007
00019CA1
000BB019
00052453
00073B6C
FFE443BC
00033EA0
00041E0A
FFFAD3EC
FFF411F4
FFF983FD
FFF436AA
00027E62
FFF20781
0004D57A
FFF08C3A
000782B8
000055D1
FFF7EEEB
FFF8EFFE
000A32FC
0008C122
FFFA6737
FFFB2E6A
FFF96E9D
FFF1426A
FFF94BCA
00093DA1
000D5A27
0006D33D
00081C50
00036010
0016F428
FFFA0817
001091E2
0007DA7A
FFF63993
FFF863FA
FFFBF658
00083A3C
000B5A8C
FFF647A3
00067B65
FFFF00AE
FFFB4C7B
00089D39
00044398
000A8195
000141E1
FFFD59BD
FFF31180
FFE9503E
FFEF066A
FFF52DCF
00029051
FFFE2D49
FFE99760
00005F74
FFFBDBAC
FFFB7FE8
FFFE4194
0004EADB
FFF6BD9A
00009192
FFEBFC63
00027A42
FFF48D0E
0001BE96
00041417
FFF92CD2
FFF91D6C
FFFEABDA
FFF6E4E8
00063385
FFFBFAE6
00072763
FFFE7613
FFFE2F97
001121E3
FFFA4178
FFFA5B25
0003E665
FFF780D1
0001DBC3
0008D302
FFFB71B7
000949E1
0009ECCD
000DADCB
00165B90
000AB4F2
FFFB6D82
000E2E4C
000DE7D4
000FE541
0000943D
FFF8ACAF
000AFB09
0010456C
FFFD80B1
FFF39802
FFF8D92F
FFF8CDA6
0007B79E
000E4E25
FFEDC862
0005CA28
0009A21E
0002EDC4
0002FC61
000DBEDF
FFFB8BF4
FFF4F953
FFFD2288
00022EE2
FFF31280
FFF65687
00124E9B
FFFA0E9D
FFF4DE4E
00098C34
00011567
FFF48D4A
0003A1A4
FFF4AEF9
FFFA6D31
00081908
000BFB97
0002F428
00030967
FFF8BD6B
0006297B
FFF951EA
FFF51022
0007B9CE
00009B39
000614EA
00042DF3
0005D58A
FFF55ED3
FFFEFF04
FFFD6ECF
000E1F53
000207C1
000741B9
FFF793DD
FFFD66A3
000A8D77
001642FE
000A9A61
FFED3B2F
000D6B21
00085BCB
0003FCFE
0008683B
00128385
FFFC89F3
FFFA625E
FFF6E162
FFF3E86F
FFF288C7
0008131C
FFF811F0
FFF78BE2
000CBFAB
0005D06C
00003DA0
FFFFC331
FFF631F8
FFFC81E8
FFF4D399
00033D64
0009B734
000884AB
FFF836E9
FFFE75D8
00065105
0004EB4C
FFF4C63D
0010CE7A
FFF63E42
0002CCEB
00039CB5
FFF34624
FFFCDD4D
FFF98A7A
00114A80
FFFD13A9
FFF58472
0010761B
00069F07
FFF74651
FFF04B2D
00138649
00066B48
FFF11480
0004E3D9
FFF2A901
FFF786D0
0006F788
FFFA1919
FFFC1026
0000D1B8
00048157
FFFBAC92
0007E1EF
00010EBE
FFFD3162
FFF4BE33
00086997
FFF84E1D
0008F4FC
0007C628
0006AFCB
00031456
FFF1E7C1
FFFE8B18
FFFFA4D5
000631F9
FFFD118E
FFFE79C2
00037505
FFF938D1
FFEDB8EB
00019834
FFFD2A48
FFFF3CFE
00008C03
FFF8FA17
000C746B
FFF62968
FFEA472A
FFEBB244
FFEFA01C
FFF2D3E4
FFFCD54B
FFF963B2
FFF786CB
0002FE8D
FFF74060
FFFBF536
00113FD7
0005F5BD
00088C0E
FFF9F810
FFFC3F6D
000C5B3E
000A256F
00058544
000647F1
FFF810D5
FFF9EB59
0008D1D1
00042444
FFF98E0C
FFF57C36
00075BC2
FFECF6E2
FFFC5FB8
FFF17722
0005E48B
FFFD0996
FFEBC60C
FFF4D7F8
FFF3B180
0007C76D
00083647
000114DA
FFF40C78
FFFF370E
FFFD2990
FFF5E274
0003429A
0007192F
FFF57314
0005BD7C
000C8458
FFFF8A2A
FFFB3ABA
00046E74
0004822A
000DE166
0000213E
001025EB
FFDEF10C
00002944
FFEBEAE5
FFEFC529
FFF89D81
00026906
FFFDDFEC
FFF8B868
FFF8B1EC
FFF717D9
FFFF13C1
0001E4A4
FFF4F7F3
FFFB4AA6
00027B55
FFFD2649
FFFB57EF
FFFD7998
0005AB05
FFFDFD79
FFFDE224
0011166F
FFF78A26
000AD064
FFFCA83D
FFFD7A0F
FFF04EF6
000719D3
FFFFB9D0
FFFDCFAA
FFF78E1A
0003764C
FFFF0AB1
00039AD1
0005C54F
0004EE99
FFFDB45B
FFFE62D8
0005EF33
00012C7F
FFFC869F
0006AE8C
0001587A
FFF6013D
FFFDF94F
FFF23F6F
FFFE90A3
000174EF
FFFB2E97
0000095B
00041E01
FFF5D4B7
0006D5E9
000169E3
00037BD9
0004FA28
FFFBF879
FFF9E052
0009C067
FFFE5E46
FFFEB63B
FFFC05C9
0000DBC3
FFF61C85
0000FB2B
00024C27
000363B9
FFF98AEB
FFFD15D4
0001A815
FFFF293D
00020611
FFF572CD
000C7E05
00043ED6
FFF4B497
0004C217
FFFFA94B
FFFB7E4C
00054977
00050991
FFF3F69F
FFFD58B4
0006406D
FFF9EFC1
FFFA297F
0003AD15
FFFA12EA
FFFAC4F9
0003F207
00025F52
000113CF
FFF67FA1
FFFF2D2F
FFFCAA12
000526F5
0000A862
FFF963CD
FFFD9549
0001F7CB
0002CED1
00022E3B
0003E8AB
0003F632
0004D42C
FFFC2F84
FFF8F08A
00002C45
000EC5B5
0002607D
0000264C
000447BA
00014CA0
FFFECF34
0000AD83
000ABB20
000262A5
FFFD3939
0005CFB0
000C0560
0000245B
FFFD293C
000901FE
FFFE87E7
0009C14E
00082A5B
FFFF2795
0007015D
FFFEC0A1
00032375
0009A6AB
000B0A9F
FFFD386A
0001381C
FFFCD90C
0000B51A
FFFC24F3
00040855
0002AF97
00071498
0002C587
00033553
FFF8AB4F
00004603
FFF983C8
FFF9D5E7
FFF44BAA
FFF4A86C
FFF5D365
000032E9
00009CB5
FFF899CB
FFFE30B1
FFF9A254
00097D52
000510AD
FFFD09F5
FFFEC352
00027A7F
FFF9E5EA
FFFD9BAD
FFFE23C7
0000636F
FFFB318C
0004A78E
FFF9FB61
00050524
000F40E7
00042C9E
FFFF5D59
FFFC041D
0002B7E8
FFFDE57A
FFFDAB7C
000398A9
0007AD5D
FFFD37DE
FFFB0C6C
FFF9759B
000209AF
FFFAB3EB
FFFE0870
00044EC4
FFFD0BCF
0002E336
0006E6D1
FFFC4EDB
FFF95ACC
FFFDB517
0007173B
00040393
00061443
000756D2
00037CF2
FFFABC77
FFFBE237
FFFAE3E3
00008FE6
FFF94363
0002F179
0006BF4E
FFFA0D08
00094914
000280C4
FFFFBC76
00040D9C
00055C3B
FFFBCCA2
FFF84FAA
00092F48
0009340A
0002818D
FFF68D20
FFFBE868
00036598
FFFBAA7E
0004F615
FFFBF33D
0009E5AC
000026EF
FFF7B9CC
00082776
FFFCBF9A
FFFE9C13
FFF8C8AD
0007AF4F
00010177
0009334D
000946B6
0006FE55
000511FD
FFFBE52A
FFFBD806
0000EF11
FFFB2ADB
00031696
FFF96442
00069652
00073D36
0003DD36
0001C735
00014F2D
FFFBE878
0003CB56
0004F6E6
00089834
FFF9E5E3
0004FD5E
FFFD85A7
FFF95134
FFFBEB11
FFFF3BC5
00006DDC
00086782
0006590D
FFFB2D98
00002790
FFFBF2C9
0003F4B6
0000A53E
0002BD83
FFFF20D9
0003A600
FFFE4A32
FFFD408B
FFFD6FA9
0005A77A
FFFF6D88
FFF84CA5
FFFBBDB5
FFFEDADD
FFFC8508
FFFB3A3B
FFF7B58B
0003FCAD
0006C798
0002E6D0
FFF794CF
00012750
FFF5AB8F
FFFC7AFE
00022B8B
FFFD70DD
00075EBB
0000883E
00027495
FFFF0DC9
00017464
FFF7B5DD
FFFB0194
FFF57158
FFF6862F
0000FF99
FFF56098
FFFA490E
00036755
00010C58
000DCFA8
FFFEDBF1
FFFA49FC
000574FD
00092CFD
FFFDAC5A
FFFD7EF2
FFFC38F2
FFFBA9FB
FFF715A4
00010A2D
FFFFBFDE
00044C1C
0004DC9C
FFFDB529
FFFD47D9
00064403
00005713
0002E4EC
FFF9EC99
0002A33F
0005A57F
0008E9BF
FFFEB2AE
000132BE
FFFC39B7
0000462C
00004DF7
000BACE5
000A81B9
000337CD
0005DE3E
0005BA5F
00000493
000C5390
FFFE9E66
FFFF6BEB
FFFEE827
00086226
00005071
0003C836
FFFFFEFC
000063AF
FFFDD476
0003DD09
FFFC5F62
00044C19
FFF8401C
FFFEA183
FFF9D9D0
FFFB6974
FFFC4DB1
FFFB141D
FFFDD1E9
FFF96883
FFFA76B0
00025D51
FFFEDDDC
00033CB1
0002C8C7
0001AD17
FFF9BBC9
FFF9D6A8
FFFF3C8C
0000A246
FFF7FE72
000D6026
00008C8F
00028BC4
00005F90
0003B684
000330A2
000158EA
FFFF1075
FFFF0440
FFF645CD
FFFED2D0
FFF6CE16
FFF6C2F9
FFFBBCE8
FFFCB301
0002C475
FFFEBBE9
0004CA1C
FFFB03EB
FFF6FEC9
000432C0
FFF67A5F
00046325
FFFFA002
00051C27
000C021F
0006B56C
FFFE3AD1
00018FE0
00013004
00068399
00089967
FFFC7EC0
FFFB45ED
0003B6B6
0003BDD9
FFF8A3F9
00029D70
00096123
0001A970
0001E0A9
FFFF01F9
0000D8F1
00054BC9
FFFFDE71
FFFC69BB
00021928
FFF79C5D
FFFE2CBF
00051228
0005C8B0
000BF6CB
00086ED5
000309E1
00026A93
00083236
0001BA96
0006628A
000096BD
00051ACC
0002C889
0002D246
0001EDBB
0009C203
FFFBAC7A
FFF7D76D
FFF8CE90
00029671
00051AA4
00030C84
FFFE144C
0005568E
FFFCF74B
FFF63BA0
0005A3B2
000381B3
00009C1C
000310FD
FFFBE346
00073F4C
000421AD
FFFD48C5
FFFE95B6
0007509D
00038E3D
FFF9F7F4
0008B5E4
0006D192
00034AE4
000723F4
FFFA276E
FFFC76F3
00011201
0001D3C3
FFFA3C7A
FFFD3BD6
0009F5DC
FFFC0CD6
FFFC1B9A
000705BA
000291BA
00011FAD
00031FD2
FFFEBCFD
FFFD4B63
0000B9A4
000A78FB
0001E8AC
000A7A02
0004BCDE
FFFB0162
0002A979
0000495B
FFFD2DF8
FFF67564
FFF9721F
00010FB7
0006335B
0002EC95
FFFBDCDD
FFFF761E
0002D513
FFF84888
00000D4E
000160BB
FFFDBF41
00072B89
00057E48
0007D0D8
0002D988
FFFF4076
FFFF235E
00026C6E
000DAB6F
00010629
00030E9E
FFFF4666
FFFB7B91
00089583
FFFAAF7C
000149FD
0001656E
00070FA9
0003EFD6
00064165
FFFA3003
00022CC7
FFFDA153
0002BEA5
0005065A
00095C39
0004E6D0
00045C6B
00051FCD
0009E892
FFFD2D73
000715A7
000922E4
FFFAA6D4
FFF95CB3
00003FB9
0000D90F
0000672A
0002A09B
FFF96A95
FFF9CA65
FFF7FAD4
0001CD3D
FFFF0C57
00023EE9
0006DE7E
00030450
FFFD208C
000140A7
00003204
0003D926
00078F08
FFFB5F4B
000A2940
FFFE73BA
00058F85
FFF9F574
FFFA3FAA
FFFE594D
00039B33
FFFF316A
0005EF30
FFF8BDE7
00079E8C
00036ABE
FFFB48A2
FFFEBDBF
00080B5F
0007C2F6
00055535
FFFBA0A3
FFFAEDF4
000085C8
0009A1AA
00048FAF
FFFDA86B
0001A7E2
0001A5FC
FFF8A56D
000AED02
0004A81F
000B9285
FFFD76FB
00094E98
0006C805
00085FC8
00055C8A
00069811
00044DB5
0003E8F9
FFF49632
00040CD0
0005D22A
00028912
000224D9
FFFAA59C
FFF4574B
FFFF9ACA
FFFB3323
000872BF
0004BF10
0005F735
FFFBEFF8
00011FFF
0007CEBD
0001F50B
00080E8B
00032EE0
FFF971CC
00075B8F
0010D0AC
000220A3
FFFA368B
FFFD5BCC
0001BB23
FFF72C12
000BF60C
FFFC0739
FFFFAA0A
000586AC
FFFB9C2D
000627E6
0007866E
FFFB0BA8
00016D2C
0003A425
FFFC1056
FFF7F51E
00093B25
FFF3B160
FFF51D38
FFF9B7AC
FFFEE432
0005A3AD
000E7E05
FFF8D5D2
000CB3A6
FFED92B9
FFFD0BC1
000C20DC
00001A04
FFFD6F56
FFFA7187
00026605
FFFB5578
FFF9BCEE
FFFDBA41
FFF5EEE1
0004CD6A
FFF9FFD0
FFF7811A
FFFDE59E
00091553
FFFE1E61
FFF5CC14
FFF1D5BB
FFFC6F9A
000A5526
FFFEBF0B
0006D93E
0003E352
000B12A9
00029701
0001CBF6
FFFF231A
000B3673
FFFB7F50
FFFCE43C
FFFA776E
FFFB00ED
FFF9D794
FFFBC99A
0001BA8D
FFFDCCAB
FFF756EA
0007EDC6
FFEFC783
FFF67982
000542E8
FFF6662F
FFFCBBA8
FFFAC486
FFF5B210
FFFF11BE
FFFCDFDF
FFF6D96A
FFF67CDE
0000B9B8
FFF9DC74
FFF1B966
0005975A
00101311
FFFEAC70
0002FA6A
00077C68
FFFFD262
FFFAD7D9
FFF0A97E
FFF557C4
FFFF273A
0002C9EC
FFF610B8
FFF16C0D
FFF9D887
FFF1DAFE
FFEF9CD7
FFFC620A
FFFEC9C6
0005B723
000B2D12
0002B5BE
FFFFD940
FFF4D693
FFF0B0F4
000B4BDD
FFFE470C
000CF477
FFF44718
00021FFC
FFF65141
0005D2AB
0009A3CD
000083AD
001087D2
0008357D
000DFEBF
00079245
00021678
FFFD950F
FFFDE13A
FFFE966B
FFFC0008
0006B2C1
FFF97D46
0007D6D9
00019DCA
FFF25050
000854E0
000ABB98
00062B93
00061360
FFFBACB0
FFFAB536
FFFFD7D5
FFFFFFF8
FFF670DD
FFF5C6C0
FFFF3B24
00074D99
FFF7A925
0009FE17
0008358D
000E825E
FFFCFE77
FFFB0017
FFFEC772
FFF9ABCF
FFF293D1
FFFE3582
00014727
000A05B4
FFFEEA94
0002333D
FFFFDC8D
FFFE47B6
00106C2B
FFFD81FD
FFFF06B5
FFFD1A20
0009D89F
00050409
FFFE4CFC
00035AE7
000473D5
FFF5072A
FFFA7FEC
FFF7B4BE
FFF90048
FFFA6263
0001CED3
FFFE42B6
FFFB5A75
FFF9E48C
FFF59609
FFF13763
0006FEAD
0004DC94
00104E8B
0007776F
FFF4ECA5
FFFF930D
FFFD9A0F
00079993
FFFDCB95
FFF7291D
00000877
000BFA3F
000241BC
FFF4CC8C
0004DC57
FFF531DF
FFF8B992
000B035C
000728E6
FFFB2407
0000F097
00047D97
00017FE5
0005F703
000AC09B
FFFDAAD8
FFFFD2CE
0011EAE2
000C7ABF
000326AD
00096F24
FFFB35F2
000610A5
FFFAAD5C
000FBF56
000D16B1
0000D29C
0003CB03
FFFB037B
00035321
FFF36368
FFF74537
FFF4FA61
FFFB29DB
00083FCA
FFFC505A
000539BA
00081825
FFFC0435
0006FFBA
000430DE
FFFF7419
FFF7CF9F
000AA271
FFF5C900
FFFCBD6B
FFFFD989
0005EEFF
FFFE00B6
FFFC233E
FFF9DBCA
00086E49
00056767
FFFFD1B9
000CA9B1
FFFCECA9
FFF7876B
FFF7AB39
FFFD29E7
00001AE8
FFFF694E
0002E1A2
0001880A
FFF48FB9
000A0727
00091991
FFF527D4
FFFF430B
0003BE4D
FFFD0124
0001E9D5
FFFB415D
000AC506
FFFE2AC9
00074F2B
FFFF13FE
FFF1FB9F
0003F21C
000A0483
FFFEC395
FFFDDBF3
FFF6310F
FFFB1B83
FFFE7FC3
0005DDA1
FFFDDF4C
00003855
001078AF
000BBE00
FFFF2BAE
FFFB760A
FFF6F75C
FFF3B869
FFFF365E
FFFA4500
0004F408
0002F39A
FFF386E1
FFFCE5FA
0003F3BF
FFFA3D20
FFF8A729
0001C71A
FFF5E20A
00081840
FFF4214D
000EC743
00038F57
00022D5D
FFFBC6AC
FFFDA316
FFFFAAFD
FFF5253A
0001FE7E
00016697
00060CDC
FFFC599E
FFF4F5E3
FFFBB136
FFF6C82A
FFF975C4
0003F86A
00085664
FFFAB7D2
FFFA1ADC
FFFFABCA
00000602
0003A219
0003CE69
FFFFADC2
FFF2B2FE
FFF500E0
FFF60EB9
00061902
000D8FFC
FFFBFD13
FFFBB1D6
0000D55B
000489E7
FFF7E3A5
00051FC4
0008F25E
FFFE9923
FFFA2E82
00106663
FFFE7091
0000186F
0001EA62
FFF4E7A1
FFFCA745
00048C01
00095738
0005F98A
00038F08
000892F0
00076BE9
FFFE0AB9
FFF06386
FFFFEDA0
FFFC0B31
0007F6ED
FFFAE222
00093102
0003A60A
FFFF5A9E
0008F5F4
000A4BC9
000390DC
0000628C
FFF73047
0003FEB3
00063FDF
000E89BD
FFFE6E09
FFFBCF7A
00075084
FFF82EC1
FFF734A7
0002341A
000AAFCD
00059AE1
000596E2
FFF854DF
0005970E
FFFAD481
FFFBD2E2
FFF8EB1E
FFF87B3D
FFF534CD
0008637E
000070A4
0006FB31
00018020
00022428
FFF0C39B
FFFF9941
FFF7A3B8
FFF87E1E
00084E3F
FFF7CC47
00026BAB
0004F805
0002BD9B
000373BB
FFF3A274
FFFB961C
FFF8BC5F
FFFD1F60
00034649
0006530E
0006A507
000E0254
000A179F
000652B7
00067B98
00011A64
00097485
000A8EB8
0009CE02
000C2DEB
0001F74F
0006947B
0006657E
0003CF29
FFFF5D59
FFF7989E
FFF4DD46
00052D71
000661ED
000BD663
FFFAD854
00001F97
0004BF26
0004C4AC
FFF953D4
00041B71
0008AE2E
FFFD5ECD
0009E427
000EF0FE
00031058
FFFD5A15
00033C75
000508D9
FFFCF6FB
00003227
000006DF
FFF81C00
FFF7D861
FFFE2450
FFFEE0B3
FFF77EF3
000E9483
FFF75FE7
000AF78D
000525B2
FFF7CA54
FFFFE733
0000A0B8
000836A1
FFF2C4C0
00015EA8
FFFD2192
0007F39F
FFFD1183
00088692
FFF0720F
0003D2BB
FFFAA45A
FFFF76F7
FFFACB1F
00004274
0003FA01
00036BDE
00083D1F
00020C3B
0001D552
0007E85F
000DF961
FFFCE91D
0003F2F1
FFFBBE2C
00088AD1
FFF2F2B5
FFFD23C5
FFFF0BD2
00011272
FFF1359C
00080CBC
FFF887E8
00004C0B
00085074
000F81C2
0006AEDC
00002F14
000B3AEB
FFFBF3E9
FFFBBCE3
FFF801FF
FFF3E125
FFFB62F1
FFFA630E
FFFA25F1
FFFF3B35
FFFC96F0
FFEDF637
00077782
0004E51C
FFF3B26F
00011F43
FFF96D31
00085788
0004052E
00077D05
0005098F
FFF9BCD5
FFF9B348
000A2DF7
FFF80962
FFFA4032
00035C7E
00086992
0006A27A
000559B8
FFF60947
FFF7D32A
0009F43F
0009BB65
000208FC
FFFC42F3
0001C933
FFECE282
FFFDD870
FFF9F8FE
00019E5F
00015183
FFFCD818
FFFCF104
000C3DEE
00044AFC
FFFCDCDB
000F9972
00100C93
00081E9E
FFFED137
00023019
FFF2DB84
FFFEF59F
FFFB449B
0008F93F
FFFA9FC7
000657D2
FFFB02E9
FFFE6051
FFF51CE4
FFFBA160
FFF36304
00071FC1
0008C320
FFF82B9F
00082B90
0005F92C
0002D52C
FFFCCDFB
00027AAD
FFFBD10A
00066836
00032E73
0004B4FD
00028365
00024295
0006565F
FFFC2396
000021DE
FFF7C533
0004ED1F
FFFF1DE9
0001E261
FFFAF74C
FFF459AB
FFF32C65
000506D3
00059FDE
00026E8A
FFF5C82F
FFEE0E45
FFFD2C19
000B785D
0005DD67
000D9213
FFFAC518
FFF6D43E
00056F30
00015647
0000A28C
0000F9BE
0006BCE5
FFFF6321
FFF1A913
FFF12A43
FFFC9DFD
FFF3382C
000E5AFA
FFF62DD1
000A81E2
FFFBFCEC
000AC829
FFF422DF
0007B0A0
0001AD45
000406D2
0001C26D
000C6234
FFFCAB80
FFFD938E
00066845
FFF88D15
FFF35E3F
FFF0D41D
FFFB71D3
FFF9A533
FFFC55D0
000470C2
FFFF6F5B
00033DFC
00022DB6
000CB4E4
FFF6A0CE
FFF54922
FFFB1235
FFF495DB
000F4D9A
000A2808
000D3E53
0002DABF
000846A9
FFF54CC6
0006BF79
0012ACAF
000BFE24
000F2225
00071C21
FFF15F88
FFF7A451
FFFF1EE4
FFFC0CDE
FFFB257B
FFF2DDF1
FFED9671
FFF7E50A
FFFF19FE
000BD262
FFFC78EB
0001EF40
000495FB
00135A6C
FFF883BB
FFF519B4
FFFB2305
FFF67DF4
00074EDE
FFF6970F
FFF57E72
FFF039AB
FFF1AFB9
FFFD89D2
FFF19D2C
00026774
FFF8B942
000F2B8F
001171BC
FFFD1E74
00025F11
FFFC4B28
FFF30AB9
FFF1F2C5
00069C88
FFFF8033
0005DA5C
00159217
FFF7808F
000A7019
000AD71F
FFFEC794
FFF959FF
FFFCDE56
FFFC2293
FFFF3B3A
00048F76
FFF16F97
FFEDA81B
FFFAFCAF
FFFBE892
FFF5D5BD
FFFF71ED
0013B495
000FAC4E
0012DABA
00044262
0013A6F1
000D65AE
000D9FF9
00004458
FFFCA592
000B9645
FFF89506
FFFFCA0C
0006572D
FFFE7B9B
0001E636
FFFD70BA
0008BF3F
FFF78DE1
FFECDD84
FFF9F1BB
000387D6
0000B430
0001E63A
FFF01B9C
0004C792
FFFCAB4F
FFFFAE92
00088A25
FFEFB1EC
0003BA83
0008ACBA
FFFC8C50
FFF77AC6
FFF3F388
FFFAD9EC
FFF2C9CC
FFEFDF26
FFFC6D2E
FFFB3879
FFFD1512
FFEF0064
0006EFA4
00027D5E
00002555
FFF48B60
FFF2004A
FFFF2767
FFECF07A
000966CE
00098B33
0002328E
000F7183
0006A100
00014128
FFF9D05F
000B3AE2
0001E87A
000B4D7A
FFFDA496
00051E94
FFFBC84A
000538C7
0009CCE5
FFFFC47B
000AEEB9
000CCD57
0006752A
0001CAC7
FFFBF021
FFF95759
FFF6C36B
FFFFAA55
FFF833F3
FFFD216F
000873E4
FFFB11F0
00066F92
FFFD4ED5
0008EDEB
000894BE
0009CE1D
FFEF4DFA
000BA9C7
FFFF7606
FFEBEF20
000A068E
0005685C
000AA11E
000792ED
000125E2
FFFD0F98
FFF142B0
FFEAAA6D
FFFB8EA1
0001FE1D
FFFA9D36
FFFA4A59
FFFDBD27
FFFA99D7
000EE3BB
000F295F
0003020B
00103E19
000CC699
FFFABCBE
FFFF1AD2
FFFF075E
0004178C
00111343
FFFDFB4D
FFFDA546
0003483C
FFF82BC4
FFF1FBB0
FFF47F29
000042C2
0008FD6D
00006BF4
FFFFCC90
FFFB6025
FFF34638
FFF6E9E4
00030DB3
0006F082
000044EE
000964F7
FFF4682F
FFEE578C
0001CB51
FFF3D0B3
000E370F
000185CB
FFFCCDD5
FFFCB935
0000FA36
000A366B
FFF6808C
FFFFDB32
00016F7E
00047E11
000A8469
FFF8AA87
00081926
FFF77B0F
FFF02E6E
FFF75FA2
FFF0E0A1
0000FC23
FFFB1107
FFF61ADA
000914D0
FFF6267C
00000F40
FFEAEC08
FFEBA70B
0004C2EA
FFF9448B
FFF70819
FFE6CC0C
000320D0
FFFDF3AB
FFFBAC53
FFF796F8
FFDEC960
FFF16CAC
FFFB0483
FFE82B56
FFE8DAF4
FFF7D205
FFF71301
FFF3CA39
FFFB8352
FFFF9AD6
FFF8F4E2
00074A8D
000DA252
FFF2D6BD
FFF362D2
0009FEB1
FFF3E372
000F6862
FFFADB96
000C2FF2
FFF6D6C3
FFEF1D7A
FFF3B404
FFFC851F
FFFEF9C1
000D29EE
0004DF46
FFFCBC7F
000B86FB
FFFB6BFE
0006D1A3
000E97E7
FFFF7A43
0000C093
FFF89F27
0009B3D0
00001CB1
000DD338
000E27C1
FFFDA9E9
00106A8A
FFF86F67
FFF20D19
FFFC57D5
0008B325
0001D316
0006E2BF
FFF3ABF2
FFFC24CD
FFF48E13
FFF9B900
FFFCC097
000AFBE2
000FF5D3
FFF743E5
00183324
000028EF
FFFA3B2A
FFF9045A
FFFC7FAF
000390C9
FFF52057
00031FED
FFEBA608
FFFA0FF0
FFF3BE83
FFFF55EC
FFF4B53B
FFE328DD
FFF7653D
FFF526DB
000FB3C9
0002BE0B
FFFD9508
FFFA0165
0003DB95
FFF5824E
000433BE
000F3D97
0006C1FB
FFF92EB7
FFFBA304
FFEC9B7C
FFFBE97C
00074FEC
000CF024
00083029
FFFBF23E
00051662
FFE81CC7
FFF87908
FFF5743E
FFEAEB03
FFF83216
FFEFECC9
FFF37221
FFF4562B
FFFBD047
0004D3AD
00068E92
00134862
FFFC37C3
FFF8A7D7
000517BF
FFFF857C
FFFF9B67
FFFC8D99
0003636C
00067CED
FFFE76E4
00024F1C
FFFD106D
00020D25
FFF681CC
0005DB1F
FFFE12D2
FFF0270E
FFF9AEDB
00007127
FFFD6BBE
FFF9170D
FFFA4FEE
FFE90A3D
FFED32AA
FFF0DD8C
FFF3BC91
FFE52D2C
FFECCB0A
FFE3EFCF
FFF210E7
FFF6A9AB
FFED00AD
FFF8A95F
FFF00448
FFF69D2B
000532CE
000E230E
0015A986
00064D8A
FFFF66CD
FFF75B55
000D905D
00002189
00050F3D
FFECA104
FFFCBE16
FFF74BAA
001BD01C
0004C0E1
0005AE42
FFF0D5BB
FFF113C8
FFF9A9D9
FFF439E1
000C3F31
0009DC64
000361B8
0007D02C
00015ED1
FFF103A2
FFF7E54A
000D9A44
FFF87BE0
000D1999
0003233B
FFFEE996
FFF81A0E
FFFF47BE
FFF6C796
FFFDC20E
FFF1B097
FFE8672D
FFFC6A88
FFF32675
FFFE128A
FFF71E94
FFFA02AB
FFF7548F
00003F26
0004FB49
0007BB29
000C7085
FFF60D1D
0001D5C5
00092341
FFFB0ABB
001144DD
FFFBF5F0
FFFD84E6
FFED5862
FFF15B38
FFFF5322
FFF9D37E
FFFA7F6B
FFF91A00
FFF33ED0
FFF608D8
0007D59B
000278BB
000DBF10
FFF0EAD5
FFFC1388
FFFA1FCE
FFFAFFED
FFF894F4
FFFCD621
0000B5C6
FFF95508
000CBA9B
FFFACD7D
FFFD41CC
0009AD1D
FFF1A95A
FFF81DBE
0005DCA7
0003D1C3
00077D07
00134E29
0010E3F9
FFF859A2
FFFD394F
FFF552BE
FFFB61B0
00007FCF
0010755A
FFFDAEC9
FFFE65FF
FFF7932C
000204C8
000207CF
000038DE
00087FFC
FFFF9C19
000E51B3
000DFB8F
0016DA82
0000DEC0
FFFAB4B7
0002BDE5
0003225F
0009C5E7
FFF8D256
FFFF17A1
FFF1866B
0004EFC2
FFF5C379
FFF0ED71
0013E40E
FFF49B20
FFEC5153
0001B457
FFFBEDFC
FFED0950
00020ABC
FFFA636B
FFF31937
0008F58B
FFF80701
FFF7A793
FFF79FBE
00059A6D
FFF96B96
00003436
FFFC24AC
000A313F
FFF867C6
FFFD376F
00015C54
0003DC59
000BD6CA
00050C04
0009A9D3
00055F81
FFEDF5D5
FFF3DC85
FFEAC92F
FFFD69FE
FFF63FB2
FFF9CED5
FFF68289
0001C1BD
FFF9424E
FFF84271
FFF368EA
FFF937ED
FFEA5260
FFFA8B59
FFFF0F97
0007CF53
FFF9229D
FFF9A5A7
0011262C
FFF3FC19
000B64F1
0009783C
FFF4B473
000FD7A7
0011A495
0010CE48
000D717F
FFFB45EF
00014B08
FFF44B58
FFF9F165
FFF2A257
FFF9A0E9
FFF79BDC
FFF14952
FFFBBD07
FFF0D8DF
FFF21E76
FFF702CA
0001AA57
FFF524DF
00003024
0003D02C
0000DC00
FFFE5B01
FFFD0755
00070E8D
FFFD397B
000101C3
FFFFD65A
FFFA3100
0000C68A
00041964
00099679
0003C75E
FFFA8869
000582BA
FFF893EE
0004EE56
0005F054
FFED6E9A
FFFDA5EB
FFFC5910
00042F63
FFFC7AEE
FFF59AB0
FFFA25D7
FFFBCDE0
0008C933
00006A75
FFFBCFCD
00074A35
FFFE62CE
0000B8A2
FFFB52D4
0005794E
000277E9
FFFBB891
00047645
00029855
0001CCA6
FFFB53BF
00019670
FFFF67CB
0001730C
FFFAA2BA
000172EC
FFF7F4E8
0007B724
00019B94
00001178
00001762
0005FFD6
0004E9DB
000A8854
FFFCBB22
00022435
FFFB7AFF
FFFF953A
00036845
000609D5
000587B5
00036AB9
FFFA6B99
FFFE3B20
FFFB0254
FFEFC666
00044496
00009196
FFFB95CD
FFFD0C57
FFF52219
FFFD7940
0005A68F
00073FD0
00021041
0008EC8A
000998CD
000393AA
000B2F1C
000393B4
00029F0A
0000E0F7
000A0529
0004B486
00021C45
000028C8
FFFC8418
FFF9649A
0001E46E
FFFE7D07
00012F2D
FFFA61B5
0003A9AC
0001A947
00020E31
000C995F
000AAD63
0000118B
000A2160
00059229
00062773
00062884
0001FC73
0000154B
0003CDB2
000880EB
0009596C
FFFF0E10
FFFC14AB
FFFCA44C
FFF707DC
FFFFF414
00085023
0001E606
FFFDE3B7
FFFF2F97
FFF624AA
FFF306F6
FFF4D3E2
FFF16975
FFF83FE1
FFF6CE49
FFF440C9
FFF5E8E4
FFF2EDD6
FFFA4487
0003E6A3
FFFB3CED
00045842
000B3157
FFFB0E3F
FFFD4BEC
000BBAB4
00010DF9
FFFB062B
FFFAC1B7
000389E7
00039FAB
FFF6B822
FFFFCF7B
0002EC1A
FFFA4EF9
FFFA430C
0001A47F
FFFA09DF
00026A34
FFFCAC28
FFFEF292
000711D4
FFFF1311
FFF771B3
FFFD844E
FFF915F5
FFFAEE4B
000487E2
000313A3
FFFF51E5
0002CFBF
000028E3
0003FA39
00052CF1
FFFF5430
FFFEA151
0006358F
0003C655
0001F068
FFFB5670
FFFFC1CF
000648B3
FFFF557E
FFF8C6A0
00009482
FFFE5A65
000111CF
000D9A15
FFF9C415
0001598B
FFFF5A95
FFF929B9
0006875D
0002FBA6
FFF91E39
000390A8
FFFF8520
FFF7F04E
000716A6
000554FD
0002CBC4
000630E2
FFFFD363
0000E42C
FFFD6E56
0009FF5A
FFFA63AE
00014E7E
0001A6BC
0000E07E
FFF8F522
000B7576
0002A452
00058C8B
FFFCCF0E
FFFAFF6A
000784A1
FFFCA613
0004C611
00081A58
00036065
0002D3FE
FFF76D30
000BB1E2
FFFCEEF5
000568C5
FFFF2115
00087691
0001C185
000005D9
FFFDFBE4
0000229C
000E8EC1
0007E12A
00072954
0008D004
00053576
0007782B
FFFA982B
00025ADB
0000A239
0006D177
0002408F
FFFE5D00
00049666
0003C2B9
00009EDF
FFFBE1DE
FFF9D7E1
0007EDC7
0009F7E8
FFFD88AB
FFFD2331
0009A0B0
0005F526
0005C256
0006101D
FFF5C057
FFFEA7B3
0002ECFA
FFF45D0C
FFFB6CD9
FFF3DCD6
FFF99F06
FFFD5024
FFF7EFF8
00005862
FFFF6DCC
FFF89C69
0002DA0D
00004385
FFF974B2
FFFDB628
FFF81E54
FFF0E231
0000AB12
FFF10DE3
FFF89BCC
FFF339D0
FFF11D48
FFFA6692
FFF529E5
FFF51494
FFF96A5F
00043A4D
FFFD5159
FFFFFED1
000B8473
0000CF35
000303C6
00030DC1
00012D35
00045812
00033355
FFF8609E
000879A0
FFFE95EF
0000423A
000967F6
000321AD
FFF5C20B
FFFA9926
000215A2
FFFB4D7B
FFFD590F
0002EE48
0005CA3A
00005C34
00079FD5
FFF493DF
0000912E
00026438
0001F3C7
0001A69A
FFFECC1E
000598D2
000B151A
00020F9A
00052F27
FFFC3F11
FFFF1079
FFF63386
00004018
0007F05E
000893FE
FFFAB013
0004C52D
FFFB1A1D
FFFD9D28
FFFE85D6
FFF84431
FFFAB4DD
0009B09E
FFFC92A9
0000BA2E
000180C4
FFFC0F70
00048324
FFFB7408
FFF995CD
FFF88C8B
FFFB2142
FFF9A2B4
00014438
0000A091
FFF6AF19
FFF96EDE
FFF8D7A4
000367EB
000942DE
000CA21A
0007185F
FFFB0806
0003BF6C
FFFD0A85
000BAB59
00001824
FFFD1B57
000075FB
00041C3F
000ADD87
0000B1C0
00082560
0001AC73
0005BC28
FFFE6D5E
0000FE9D
00071601
00090A09
FFFFE581
00093601
00029478
0001BB85
FFFE5CBA
FFFAD0ED
0003D020
FFFDE17D
00010889
FFFC6565
00090C48
0003152E
FFFB6810
0004EAB1
FFF9E073
000667FE
000953DD
00097552
00008460
00071A1E
FFFEC0DC
FFFCBC65
000608B0
00037D15
FFFCFFBE
0004866F
0000D169
0004D7C0
FFFEDD48
00054FD8
FFFE5863
00087373
FFFEB0B5
00057C37
0002ED0F
000066CC
FFFB23A5
0000C25E
FFF8E768
FFFFD8BF
FFFE5262
FFFFB65E
00033E0C
000784E0
FFFDC17C
000283B1
FFF7E98F
FFF4FCCA
0001265C
00042750
FFFD99E4
FFFC4003
000050E1
0002D64F
FFF83101
0004841C
00024D13
FFFEC7EB
0003CBBB
FFF8750E
00027326
0009073B
FFFE97EB
FFFDDFEE
000666D7
FFFAC46A
0004778E
FFFB9983
0006281F
FFFC6232
FFFF2841
FFFD0024
FFF69305
00079FFA
FFFD095B
FFFB1A52
FFFF42C0
00040F61
0003FC08
000717BC
FFFF6A68
FFFC0176
FFFD3B2E
000004F5
000533D1
0003CC75
FFF8C49B
0001E844
FFFF5B1C
0006D967
0004CE2D
00000627
FFF8FC84
FFFF6CAB
FFF8EDE1
FFFD5AC2
FFFCD647
FFFDC6E7
00032881
FFFC9F37
FFFED35F
FFF8695A
FFF42D02
00009E68
FFFD924A
FFF7FCA4
00038DAA
FFFB70A5
000058DC
00080FD3
FFFEF701
FFFCFEB5
0002F4F1
FFF9E064
0008A859
FFF9FAD2
FFFD9877
00049BB9
FFFDC7C6
00009081
000C9DD8
00031C7E
FFFEEB45
FFFE3D32
0004468B
0006F3A9
0000CCC4
00059D03
0008B197
00014F50
FFFCBA1C
FFFCE71F
0000ECD4
000AA96A
0003306E
FFFF3FF3
000765CD
0004D5B6
0003DAB3
000187D0
0004D431
FFFF540A
000682AD
000A7175
0000DE1D
0006DE01
FFFF3D1B
FFFAB9A9
FFF78764
FFF644EC
FFF3823E
0000ED3E
000379F5
FFFE62A2
FFFECAC6
0001E841
FFF80875
FFFAABE7
00079A82
0000C2D7
00017763
000A0CF6
FFF95D38
000942B4
000753A9
FFF975EF
00001F8B
FFF820FD
FFFED3DB
FFFCB295
FFFB7D93
0001C1F3
FFFA4134
FFF74C6A
FFFB1AE6
00087B40
FFFB6D28
0006FB62
FFFC1D6B
FFFDB7F1
000104EA
FFFB8296
00061856
0005C3F9
000CF96B
0007EFAB
00018DAC
0005C228
000275ED
000A3E30
0007385A
FFFE6C26
0000C408
FFFC345A
FFF983FC
FFFFF7CD
FFFD5D41
0004C269
000460F2
FFF6DC6C
000001B0
FFF87586
0003D4F5
FFFFEBFC
0007D593
0006B09B
0005E46B
FFFBCD25
00053C57
0005BA94
0002F137
0000F15C
00068848
FFFB2A81
000AB254
000D1E3E
0004ACD5
FFFCE945
FFFDB91A
FFF9C925
000D19BD
0006A44E
00078E04
00057508
FFF5EABF
000A4F04
FFFDC537
FFF964D8
FFF15BE3
001B008C
000372F4
00129CE8
0003507D
00064472
FFFED331
0010423B
0014155F
FFFDCAD8
FFEF8552
00078448
000A4796
000B0990
00030F5D
0013FAED
FFFFF639
FFE8C726
000D96DD
000E2F2B
FFFFC36C
FFF47851
000E4F20
0012E147
FFF80EAD
00084599
00118033
0010F300
000C4F67
00008312
FFFA03DC
00106D67
FFFE3D4C
0006FC53
0005AC6F
FFFFC7F0
0005FA78
FFFCF2BF
000BDD9A
0001F4FA
000C8189
000A0A7D
0001C1D6
FFFFC745
00025659
FFFB20FC
0001FAED
FFFA602E
0005340D
FFF00B09
0008301B
FFFEB090
FFEA9C52
FFEB6BC3
FFF8B4D0
FFFE6868
0011BFE7
0006FE88
000850CA
00139470
0012A41C
000D50EF
000C978B
0009301B
00112857
00116F29
0002C17E
00048A5A
0006FB98
FFF6205D
FFEEEFAC
000B0278
0001DD22
000B192D
000FE2DF
FFF8E04A
000E16F9
FFF6881B
FFFBC7A6
000B2FD9
FFFCA37C
0000D139
FFF686D3
000F1564
00042A5B
FFFACAA6
0001D48B
000209CB
00070462
000DEFA4
FFF1D42F
0004E4D1
000B04AB
FFF72243
00064B25
00158BF4
000216AE
FFF34643
FFF4A6C3
0001370C
FFFD0B0F
00048F7A
FFF54BE5
FFFD3937
FFF6B69E
FFF90D6A
FFFABBBD
000153B9
0007A678
FFFC5197
FFFE8668
FFF93257
FFF73B2F
FFEDD58C
FFFFFB46
001015F0
FFFDC6D1
0006F5A9
FFFC2B33
FFFA6D5E
FFFD47D4
0006E2AF
FFF3B208
FFF0D61D
FFFA5C11
FFEEE083
FFF555CD
00089C62
FFF69430
FFF7E81C
00110F56
FFF76A4D
000C49C2
FFFB0943
0008E5A9
FFFB0012
0001DDFE
FFFF732B
00085F2A
0000DD49
0016F182
FFF8DDA9
FFFE3082
0010F508
FFF6BFF8
0003F2A5
00032AA0
FFFBE745
00079411
000B1388
FFF1B16E
0001F323
00088DE9
000110EC
FFF5039A
00015D4E
00038391
000E3CF4
FFEDF492
00002CB8
00095940
FFF63359
FFEE40F7
00020918
00070B73
FFFF7D14
000EC5A0
000CB5A2
000A01CE
FFFB25C3
FFFAB5B7
FFF31E95
0002FDF0
FFFC1285
FFFEB6E1
FFF8F81B
0002E547
0005F74E
FFF6C351
00066624
FFF6EA42
0003D8BB
0009A74C
000E5254
FFFBF69C
FFFF1EE9
FFFCF176
FFF8EEFD
0012F209
00059E74
000BAD7B
0008908E
FFFED22E
000B1B57
001258E3
00053A7E
00017302
000A6745
00124EFF
FFE85924
FFF5D09B
FFFF9430
000572A8
FFFF83A2
FFF245CC
FFFF37A7
FFFD23EC
FFF2D641
FFF3EF7E
001551E3
000203DA
00014160
00047723
FFFF9580
0006365F
0008F4DA
000C724B
FFEFFA36
000B01C3
FFFB250A
FFFA793C
000C1A28
000CBFEB
FFF2B74B
000290CD
FFFC873D
000ACABE
FFFB72B7
FFF5E6B1
FFF214F5
FFFC40B5
FFF91984
FFEBAB72
00079FF8
FFFD7FAE
000FB491
FFFEEE1D
0008D950
FFFD9039
FFF7801F
FFFFF0B0
FFF80035
00070C0C
FFFB7984
000D4506
0008D726
0011D069
FFFF6EF0
00056D1A
FFFE430E
0009BB4C
00034FDB
00034FA6
0008F811
FFEC246E
000F4F55
FFF55F85
FFF847A9
000D1E7D
0004B0F3
000B1E6A
00015414
000ED466
0003E522
FFFD41CE
000188CD
000A53C5
00050423
0003ABBC
000CDC79
FFFCCE21
FFED3013
FFFDB162
FFEADDCE
FFEFC8C6
FFF86818
FFF01514
0008E16D
FFFB2F7B
FFE50223
FFFCABCB
FFF786F7
FFFA7B50
FFFFD627
000C2E08
FFFE9E30
000600E7
0006C7D7
00012308
FFFB2B91
001414C9
0003C076
00013565
00043243
FFE9F0F2
00053117
FFFFCF57
FFFA82F9
000367FE
000A8FCE
000ED961
FFF21842
00125C47
FFFF8B21
FFFC6DED
FFFDECA8
0001CD83
FFFFD97D
FFF9AD0B
FFF6AD32
000BDA29
0006F6C7
0009F4E6
FFF230FB
00064EFC
00023535
FFEBAF1D
00031C60
0001E0CC
FFEB52F0
FFF78CC6
FFF83B8D
FFF355FD
00078A78
FFEB80DB
0005015F
FFF96355
0003412A
FFFADE9A
000A5990
00001020
FFEE75B6
000A7D61
00064887
0005A213
0001D97F
00016FCE
FFF7C01B
FFF63A58
0008603D
FFE5851A
FFF3623E
000098B8
0002F32F
FFFF8EBA
001382A1
00082821
0002394E
000F16D6
0002986B
0017A3BA
0005A7CF
FFF710B3
000B65AE
FFF88D36
FFF4FB23
0000D8BB
0002D0E7
FFF5D8FC
FFF2FE5F
FFF330F4
FFF4FFE0
0003922C
000F9835
FFF9C20C
00153D6C
000A6D8D
FFF50AC0
00098B04
FFF7EAF9
FFF35BCD
0011981C
FFFFFD64
000B9D16
00063AE3
FFF287BF
FFFC3CC3
FFF467E5
000459E5
000937AA
000A72BB
000D3D75
000AB99F
0006030A
00059F8C
000F6775
000A4DBB
00025FD8
00008D9C
000151DF
000B4847
FFF04550
FFF2DE74
FFFDCCDD
FFF4FF90
FFFD4FD3
00083D88
FFF93CD2
FFF62059
FFF5517E
FFF93561
FFF504BB
FFF6C4F4
00069F54
FFFC4B88
0006DE23
0007E261
FFFEB3DB
00052226
0004513B
FFF70B9C
0003DD4B
FFFC6A68
FFFB99F7
000093FF
0004B96D
000274BC
FFF43F76
FFFB0FC4
FFF8AAB0
00053416
FFFBA0C7
00081092
FFF3F907
FFF9932B
00115800
FFF6E84B
000047D4
000952A1
00049C10
0012CC4B
000D120A
FFFB41F3
FFFC348D
0009429E
FFFC2D46
000703A2
0000BC8A
00021BCA
FFF837EB
000716C4
0004D616
FFFCCA90
FFFC1444
000BCA9A
000D516D
000139AB
00041500
00007F08
000F2FAB
000D2CF0
FFFB9872
0000C5CA
FFF72B95
000B187C
FFF9B4C4
0002AE44
FFF69AB5
0001FEF6
00033977
FFF9E048
0013D8F3
000937EC
FFFB0142
0000B962
FFFD9082
FFF1D008
FFF83A60
000C4D96
000E9FF8
000B2A82
000A96F4
FFFE366F
FFF5C421
FFF51160
00062450
00055B60
FFFE2FA8
000CCA4A
0011A2B7
00040444
FFF7984C
FFFB7ABB
FFFA8FEB
FFFEEA9D
000294F5
FFF72BB2
FFFCD905
000C018A
0007B671
FFFB960F
000365AB
FFF96017
000552A6
FFFA010D
FFFE6F0C
00034244
FFEFE34E
000EEB9F
FFF204F3
FFF6740D
0002088B
0005B187
FFF630EA
000674F2
FFFC7BDB
000164EF
00024018
00170EA5
001031F8
0014274F
FFFAEC3B
0000C20B
0009383C
FFFBD0F9
00085BD3
FFFD0524
FFFC4374
000956A3
FFF33925
000B898D
FFF3848E
000002BF
00003CBC
000E7C1F
FFFAFDE2
FFFC4948
00043DA8
0000EC75
00079490
0006C5D4
000A277C
FFFBE5F8
00039599
00025CEA
000F4548
FFF7A120
000A692C
00038FD0
FFF7959E
000AA6EF
FFFF3DBE
FFFC9EC8
FFEEBF64
0004C9BB
000B9A1B
0004A533
FFF176E8
FFEEBA38
0005CB68
00088C08
FFFF1A73
FFFFF7C5
FFFDDD3B
FFFAD77F
FFF8532B
000CF22C
FFF970CE
00185BC7
00030597
000F7381
0009BDD8
0006F7B8
00035F5F
00064F0E
FFFD4939
FFFC2EBB
FFF56A74
FFFF057E
000A5872
00015857
00023796
FFF5C2A1
FFFDF148
00056504
0000DB9F
FFFED804
0002F0F1
FFFCBADC
FFF948F7
FFF85937
FFFFF325
FFFA5B09
0002988D
FFF53CCA
0002723D
FFFCF0A0
FFF688C4
FFFB269B
000AB6EB
FFF3C5CD
0003C54E
FFF9FFB7
00051228
FFFB5F14
000364C9
0007B0C5
FFFA4D3D
FFFD6E83
0000C495
0002676F
0006AABA
FFFF0D17
FFFD3A16
FFFF51E5
FFFF0DE2
FFF86538
000C901F
000366A5
FFFEB56B
FFFD1BD4
0005CD90
0003B21E
FFF5DBDB
FFFF75D2
FFFB84BC
00040393
00056E9B
FFF9F7CB
FFF90A55
0003EA9E
0001287D
00024024
00009053
FFFF438E
000373B8
FFFB0E7E
FFF6C352
FFF92E75
FFF58FF7
FFF8720B
0002831E
FFFEE98E
0005ED97
FFFE11E2
00003AE2
0006EBE0
0005B803
00090BB0
FFFED54B
FFFCCADE
00035623
0003C24D
0000F923
0005F668
FFFB81F0
FFFDF6CB
FFFBC194
0000C109
0003693F
00014F42
0000AC8E
FFF9A2B5
FFFC139F
00005043
0003E484
FFFF0721
FFFF0E92
0001B9DC
0006814E
FFF76F69
0005A2FF
0003E61F
FFFBD7F7
FFFCB128
0003DB83
0004F91D
FFFDA86D
00020B37
00059C17
FFFA97C0
0003CDC2
FFFDCA04
0002DBBC
FFFE36C1
FFF72BF2
000590EC
FFFF4645
00045664
FFF817E4
FFFAAB03
FFFB3BE3
FFFC70FC
FFF96864
000162AF
FFFD5F13
0005981F
0001AC3B
0005F913
000210A3
000A2512
FFFDF5D5
000C545F
0000C3D9
FFFF3480
0001A84A
FFFF7488
FFFFD517
000427E6
0002F13A
00068980
0000D02E
000079ED
FFFCD1DD
FFFE15D2
0002D6B8
0000C0A0
FFF5BE9D
FFFC2375
FFFDE76E
FFFD7944
FFFD9D76
FFFCBA49
FFF71D30
0007C04A
FFFFE482
0008D112
FFFC1B5C
FFFFD172
FFF87269
0006CC50
FFFC5E53
FFF88739
FFFB2B14
FFF4D0F2
FFF452D8
00018599
FFF729A2
0003DAE3
FFF85DF2
FFFB8E65
FFFD4B34
FFF2C620
00018A3F
FFFE9F50
FFFDC94F
FFFF87FD
000131EA
FFFF269B
FFFE23F9
FFFF0F7D
FFFFC86E
00069826
00028A8E
0006D9F1
00021766
0001BB19
0004AA07
0000FD76
FFFDC24E
00081401
FFFC6F17
00009798
00069244
0000AC5D
0003F28D
FFFDD91E
FFF9043D
00028711
FFFE18F2
FFFEB9AF
00042AB9
FFF95B39
000198DA
0006401A
0001FE5C
00024A61
FFFEA2E3
00067D45
FFFCFF44
000596BA
0005575F
FFFEB72E
FFFFD480
FFFE9D69
FFFBF6BA
FFF70213
FFFA6CE9
FFFB344D
0001037C
FFFDE101
000101B1
FFFC1030
FFFDD988
FFF5D9FF
FFF66CB2
FFFF1865
FFF97A0B
FFFFF9EE
0003B230
FFFB9AD4
FFF98DC9
FFFE2891
FFFD06D8
FFFB1317
000730BD
000395A1
0004BDE7
0006AA45
0000691B
0000567E
0003F73B
0005598B
FFFBA815
0000900F
FFF84E36
FFFDFCAF
FFFD6949
FFFE56A2
FFFF7235
00040707
FFF9D1BF
FFFDFB00
FFFD6AC1
FFF9C7B1
0009174D
0007791D
FFFC0170
FFFA51FC
000737E3
000BF8BA
FFFC218C
0002F481
FFFD553D
FFFC686F
000BBEAE
00081DD2
FFFD499F
000B966C
FFFC1B2C
0000C732
FFFC607C
0008F99F
000830E6
FFFDAF54
00028D09
FFFC006D
0003EFA4
FFFAF0EC
00016B53
FFF83F30
000557C7
0000C608
00004AED
FFFF3ABA
FFFA801A
FFF9B863
000343F3
0002046C
00047B75
000098DA
FFFF10AC
00049E16
FFFCAB48
00022626
0003E957
FFFC69A0
00010670
FFFE42CA
FFF61CF4
FFF51231
00005F33
FFFA868C
FFFCD548
00046D6B
FFF988C9
FFF38198
FFFDA400
000024E1
FFFB2095
FFFD710C
FFF989F0
FFFC4EB9
FFF96AEB
00024CEB
000247B4
FFFD3FAE
000415FF
FFFAACA1
0006B75D
00018ED9
0005E804
0005CCED
FFFDD1DF
00041EBC
FFFB1291
FFFAF495
00035E40
FFFC4791
FFFD4E10
0001746F
FFFED5FB
00030A93
FFFED9E7
FFFCD5CF
0001B294
FFFB02CD
0000BEB4
FFFA4D52
FFFF0393
FFF9A31E
00028429
FFFA48A9
FFF5899B
0005DC27
0006D17D
0009BF22
0001E81B
FFFC6E67
FFFB4833
0001DAEB
FFFE6B07
00024E47
FFF98B25
FFFFD562
00062E5F
FFFB8A7A
00021044
FFF68C88
FFFEA943
0008B524
00009E96
0004E45E
FFFF62AE
FFF8291D
FFFF6CB6
000371E0
FFFFA236
FFF5392F
0003D823
0001EF21
0001EC12
000008BB
00002D01
FFFA784D
FFFE6B07
0002A971
FFFB3611
00006239
FFFA26CC
FFFEA688
000399E9
0003D4CF
00008A80
0003BB4A
00024460
FFFBA06B
FFF5DCAD
FFFA91D4
FFFE3C23
00015515
00000FD8
000049BE
FFFE2402
FFFEA82F
0001CA7F
0003D88B
FFFBCEAC
FFFF7DCC
FFFD3674
000229CB
FFF9094E
FFFC5D24
FFFD521E
FFF9FEF3
0000B2E4
0004091B
00085B44
FFFDF815
FFF879AD
FFFE6B5E
0005E4F8
00080489
0001C309
000202FF
0002E099
0003EFAB
000ECD9C
FFFCD882
FFFF3DA8
FFF6B949
FFFFE293
FFFD18FA
FFF9F89E
FFF81616
0003D221
FFFA2D4C
00006E6F
00035A7A
FFFEFBB9
FFF99819
FFF50CB8
FFFB8E5A
FFF982BD
FFFFAF91
FFFE307C
FFF58AFE
000345DC
0002A594
FFF716A9
FFF4EF5F
000320B8
FFFB6083
FFFB76CF
000540BD
FFF9426C
0003A66C
FFFBDCE0
00008C87
00016514
FFFD7522
FFFC1642
FFFF2959
FFFD06DA
FFFB4E14
00068FDB
0003C5B9
00002F38
FFF718A5
FFF4E56D
FFF800AB
FFF7E3A9
0002D156
0003B409
FFFE00CD
FFF52F77
00067D35
FFFA7DF6
FFF3CF6B
FFF7C57F
FFFF09DD
FFFCE80D
FFF55F60
FFFB1587
FFFD4D3E
FFF86C9D
FFFD8B42
FFF767E3
FFFF687E
000142BE
0002A6AA
0003F9D9
000605AD
0006A548
FFF8AEE5
00055F20
FFF9EE91
FFFD0B64
000603A2
00000050
FFFC2644
FFFD08D3
00071DE1
FFFB56C7
FFF98589
00023FEC
FFFB8B09
FFFC1D78
00020B74
FFFB98D3
00051C79
00057993
0003E2EB
FFFCC2A1
FFFF6B96
FFFC16A7
FFFCAD16
FFFC497B
FFFD2ED1
FFF89089
00012103
FFFF3055
FFF6A26B
FFF22644
FFFB734B
0005C278
FFFEB944
FFF6BC95
FFF71703
FFF786FF
0001EC9B
00073665
FFFF96E3
00018D4D
000D97A0
000840B8
00025AF5
FFFFA14D
FFFEB7BD
000617B4
FFF8EEDF
FFFCB501
FFFB5834
000997AE
00018EB6
FFF8C7A6
FFFE5045
00052A09
FFFEEDA3
FFF79DD9
0004A71F
FFFEEAC9
FFFC6A63
000A3602
FFFE0E30
000415A9
FFFB9648
FFFF8AF8
FFFE250A
0006643A
0005AD03
FFFFDE30
0001D9B2
0001676F
FFFF06F0
00054480
FFFB45EE
FFF97F47
FFFB1008
FFFC4575
FFFA96DD
FFF8EC38
FFFD287B
FFFA4532
00024502
FFFDCB93
00026E59
FFFB4505
0000ED50
00070BC2
00061B01
00032D01
FFFE28F6
000278B4
FFFC7D08
0000F4B7
0003EFFC
000183E3
0001C0A3
000AFE30
FFFDDEC9
000259C3
FFFB5CC5
00046933
000E948D
000E6972
FFFABB06
00093A78
000418DA
0011BE21
FFF3F537
0004F9C0
FFF3AFF2
000DEDE4
FFF92DD7
0008EBF6
0002DF37
00022400
000A926E
00041F65
00087563
0006789C
000671A9
0018B1E8
0007FB8C
0001744B
000E4A89
000F1592
FFF52A2F
0012C425
FFF6A100
00008FEF
0006B470
FFF84B8A
FFF7EDD9
00071259
000CBC57
FFF9595F
FFFD5A94
FFF87D17
00060B96
0009B351
FFFB54BD
FFFB27B1
00070A34
0004DD1B
FFFA71C2
00096C69
0006A2E3
00077119
00095732
00084863
000B339D
0002E06B
0004B85F
0004766E
000032AF
00075471
0001249F
FFF3C979
FFF3AB32
00020CF6
000C4F5A
FFF50872
FFF9DAD0
000DA4C9
00092D56
001062F2
0003639D
00026DFB
0000372D
000AC9FD
00131DD2
000AEB04
000BC35B
00073C7C
000AE488
00041314
0006949E
00039460
FFF66510
FFFFA33D
FFFAEB08
FFF5876D
0002937C
FFF80B6E
000A05AD
FFFFB280
FFFF4D46
FFF4EF3D
FFFE502A
000536F3
FFF48DEC
FFFDB216
FFF88015
0000AA89
FFF22888
FFF5F5F2
FFF6E411
FFEFD7A6
FFFAA83A
000AA59F
FFF6DDF8
FFFBA368
FFEF5D3C
FFFBA801
FFF992FB
FFF3B890
FFFFF58D
000092CB
FFEEA04B
FFF91CAF
0003409C
FFEFB899
00036A8E
FFED6702
00002FEB
FFFD7CE5
FFFE21BE
00026897
FFF10997
FFF86666
0009171D
FFFC7FB6
00007599
FFF7FF1E
0006526A
000841D4
FFF85203
FFF6A9FC
FFFEA655
0004F80A
FFFB4F45
00070C51
FFF82050
000211A8
FFFF0B8C
FFF6545F
00096923
00083A7D
000036F4
000488D8
FFFA72E3
000DD030
FFFFE668
FFF6D16D
0008F0B5
FFF7FEBB
00049645
FFFEDAF1
00071B24
FFF9A301
001219D6
0008D4C8
0001BDDA
FFF6582C
001239C0
00020494
FFFC68F7
FFF710E6
00090CBC
00043A23
FFFCB72D
FFF9B5CD
FFF98FD4
FFFC5CE4
00026397
FFF9A182
FFFE70A1
0000468C
FFFC9B34
FFFDFA21
FFFC41E7
000399F7
0007566B
FFFA36C1
FFF806D8
0009533E
000CEE79
00010C0A
00011A1B
0000C4E4
00007E9A
0002A8D7
000E5D8B
00023812
FFFB250A
00152D58
000B7133
FFF1A0DA
0001D9AF
FFF7B83B
0004086B
00080746
0005BC4D
FFFE8A71
0004ED44
FFF59B71
00047AAD
FFFA9315
FFFA8EF8
0007D230
0008A3FF
FFF77525
FFFA0876
000947E4
FFF60A8D
00040DB1
0002AB30
FFF7025B
FFF803AA
FFF6A681
00021430
FFFDCD72
FFF43E3D
FFFA5FAF
FFFF1679
00081673
FFF9B617
FFFA8E03
FFFDBFCE
0005902B
FFFB014F
0007BD7D
FFEEB7FB
FFF8A182
0007706B
FFF75707
FFEF6C1F
FFF5B5F8
000166AC
0006BFF9
000B9D2B
FFFC1A3C
FFF6CE42
FFFF305E
FFF3C34A
FFF208CA
000A5CC6
000C6AA2
FFFDCC23
FFF8A73D
00073AF8
FFFCD978
000C88EC
FFF4A4E0
FFFCF547
0002AE62
FFF6A88D
0000067F
0004B5B1
00091482
FFFC3298
FFFF0A0B
00005CBB
FFFC6553
FFEF84E1
FFF3D968
FFFE616B
FFFF1959
FFFE5A20
00014760
FFFE6238
FFFC7EF4
FFFB7EEB
FFF68D63
00070562
00004FAC
FFF1977F
FFF4F14F
00004399
FFF47EE1
FFF6E91B
000009D4
FFF856E7
FFF5B20D
0013A5F3
FFF35011
FFFA7C97
0007FAEB
FFFBD0AC
000129EA
000C15EF
FFFB95E6
0007B7D9
000AB0D1
FFFADA67
FFEFEF32
0007429E
0004F1F8
FFFACDAE
00050CB5
FFFA4B1C
FFFF8E15
00058BE0
FFF1E74B
0007311C
0007471B
000460BC
0002D94F
FFFEE2F5
00049FBB
FFFF9E75
00040F1E
FFF34C7D
FFF4132D
FFEB5DB1
000074A3
FFF77D4D
000B0EB7
00099F22
000BE834
FFFDA9AD
FFEDD0B2
FFF5EECD
FFF7938D
00063286
0006ED15
0004DF92
000A9383
00031A23
00007579
0004584D
FFFBE76C
00063387
FFFACEF4
FFFC8157
FFF77554
FFF3B513
FFF2B28B
FFFEA9E8
0003EDC3
00094F83
00084FB2
FFFED1DB
00097996
000302FB
0007D22F
00034D02
0003DF97
000081EC
FFFCE2AE
FFFA2C19
000994BF
0000CCF7
FFFF6EEB
000ABC28
FFED92EC
FFF9A3A9
000668C2
000AFEB6
0007019A
FFF6D6BB
FFFA2268
FFFA643C
000DE4C8
FFFA55BA
00183360
00093E3C
FFF3D07B
FFFA61A5
00054F40
000385EB
FFFEB0B2
0009E358
00032E7D
FFF24B72
00057EAA
0002E4C8
FFF26AB6
0004EC93
FFF6A0C4
FFF3C6F1
FFFAE9A3
FFFF21E5
00045AA1
0008B1A0
FFFCCF27
FFFE589C
FFF88FA9
0003030D
0000EAEE
FFFE61A4
000494F8
FFFED527
000DA94B
FFF6D440
00036424
00008770
FFFBDCEE
000CB576
000B903D
FFFCC250
FFFB5CA3
000DE648
000DA5BE
0003123D
FFFED736
FFFCD77C
0005D527
FFFB25F3
FFFFB124
FFFC376F
FFF8CBE5
FFEB7FD9
FFFA1540
FFF19830
FFFD47BD
FFFD25DC
FFFA7899
FFFBBFEA
FFFC8A8A
001BB435
00052051
000707AB
000711A7
FFFA324D
0007075F
FFFEAA99
000A2BEC
00058D73
000E516C
00072AC4
000035DC
0001FDCD
0013A0EB
0004D4DA
00065B1A
FFFBF620
000713A7
0002AA0A
000F2986
FFF95B2D
FFFC8B62
FFFF2517
000559E6
FFFC9051
0014F653
0000E952
00017074
0000B05D
0008B3F5
00030958
00010258
000373F0
FFF23AD8
FFFF6531
FFFBFD63
0004AE34
FFFCCE42
FFF509DF
0005ACCC
FFF20581
FFFDBD8C
0005A0B9
00089755
FFFA9A6C
FFFD3D7B
FFF7A889
000A15E9
FFF6247F
00012A17
0002F078
00007C8D
FFFF9161
0001933D
FFF8BEB2
0016AF73
FFFC54C7
0002144D
000824D2
00126A37
0000C17E
0007E939
0009EC5F
00057957
FFFAB00A
FFF76326
FFFFC4EA
00070C9D
000412E9
0002FD69
000109A5
FFFBD598
FFF07F4E
FFED6984
FFF493CB
000302A2
FFFB42E3
FFF9E92B
FFFF771E
0000CBA7
FFFD71F1
FFF3653B
FFEAA90E
000277E0
FFFD2148
FFFF5C78
FFFE08B0
FFFFA361
FFFE840C
FFF4DD3C
FFFDA735
00051873
FFFD35F8
FFFB8CF2
FFFD5366
0001DA4B
0000A8EA
000421C9
00074AE4
FFF8C785
0005DC31
FFFB50F3
000500BD
000E3FD4
00090895
0002B264
FFFC026E
FFEEB21F
000A6CAB
0002BB1B
FFF5A415
FFF40B85
FFF9FC05
FFF89F7B
FFF54154
000357AC
00087DC1
FFF79712
0001E9F5
0008588E
00020249
FFF2F073
0001BEE8
FFFEC238
FFF7EE8E
FFFE9FE6
000A6C18
00018E6A
FFFA2A9C
FFF87BA6
FFFB1901
FFF8AE8F
FFF737F3
FFF0EECC
FFFD07FC
0000D59A
FFEEB7A4
FFEE2F8C
FFF50FBD
FFF9735B
0004CEDC
0005FFC7
00084064
0001EA7E
000C7254
FFFD55B7
000C3D15
0009B4F9
FFFF455D
FFFCEE48
000AAA4E
0004AB7B
0000900F
FFFF6B3C
FFFE400E
FFEF3FF0
FFFD2630
FFF9823A
00098666
00037704
FFFAECDB
000AB5BC
FFF68A8E
00060D13
FFF92DD8
FFFC83DA
FFEC8271
FFF092F9
000BCD2A
FFF87951
0001C01C
000CBB91
0000EFD9
FFFB450D
FFF886C6
FFFA61DA
0003A41B
FFFD3C0F
00106C71
00122927
0000ED3E
FFF9C152
FFF40946
000702B7
00019B24
FFF95C79
001FC54D
000547C0
0000B08E
FFFEE728
FFF662D7
FFFC66C0
FFF98D3A
000493B7
0013A74D
FFF0B65D
FFFF1376
0000FCA0
0007447C
FFFA6EB4
0000C0C3
FFF77FCD
00025F2C
000119DA
FFFA6604
FFFECF02
FFFB639C
FFFEA14B
000653B2
FFFE0ECF
00016369
0002574D
0002A2D8
FFF8428F
FFFF98C2
FFFD4265
FFFC50C2
FFEF560D
FFFACB18
000068BE
FFFF681A
FFFC37B8
00011B58
FFF08652
FFFFFC57
FFEFF837
FFFA7083
0001365D
FFFD5B8B
00123CCD
00100CC7
000532FF
FFFD5DDD
FFEFEF28
00007F3C
00109FA1
000AFC5F
FFFBDCDA
0002A74A
0004C412
000091F8
FFF7D3B2
000BEC0D
0006017A
0002DF62
FFF6C5E0
FFFF9C25
000BEE3B
FFF4E682
0000C210
00029E6C
000E06EA
0005EE71
FFF87B93
0008AC83
0001FD0D
00054D4C
00080FC9
FFFE3F26
FFF32FE8
00024B75
FFF2D72B
FFFB8308
FFF8A107
00127C35
00043FFF
0003C549
FFEF6A29
FFFBD61D
000907B4
00004F40
FFF05B6D
00047D0E
FFF1D14D
FFFE0983
FFF45A12
000917B9
000A6E2A
FFFA2D44
00081A9C
0007E7F9
FFF7E66C
FFFC8194
00014A7D
FFF2B54F
0005B9E9
00037D1A
FFF84FF5
0009B443
00055C14
FFF5C50B
00089413
0009D16F
00087158
0004191A
0004F5C5
FFECB283
0004D091
FFED745D
FFFAD482
FFF80702
FFED66BB
00025346
FFFA4546
FFF6F620
FFF59229
000DD22C
00058FE3
00022AE2
FFFFD2AF
FFFA209A
FFF8A4DD
FFF93523
0009054D
FFFAD1DF
FFFE7F13
FFFE7ED1
FFF78BA1
000360A0
FFFC9BB0
FFFD911D
0001432E
FFF31341
FFF0AEF0
FFF827DC
000A0B4A
00021DA2
FFF72F91
FFFCCF51
FFF0357A
000425DC
000561AE
FFF57D58
FFF8BB62
FFF56459
FFFD4BED
000720CC
FFFD7E17
00038EFA
000CF2DF
FFEF201F
FFF9E1AA
FFFF3650
00038E12
FFFF8CBA
0000938B
FFFF0AD8
0003FA7B
FFF6D384
FFF97D2C
FFEF45E8
000EC9FA
FFEF1414
FFFEC976
FFF770C9
FFEC86C4
0003D4B1
0007A1DD
FFF5020E
0003495A
000BC006
00044A11
000CD3AB
000FFC06
FFF02428
FFF55A3B
0004A005
000132FC
FFF38D89
FFF9FD88
FFFD89D8
FFFC591E
FFF98222
000B23AB
FFFCB4D2
FFEB535C
FFFA6278
FFFBC17D
FFF2492B
FFF8FB4E
FFF48AD6
00041538
FFF5D9F8
00020F47
FFF80BBE
FFFD26AE
FFF77963
FFF05F84
0003925B
FFF84F27
FFFA64F1
FFF8D4C7
00091803
FFF52F1C
0007DC7A
000A85DA
FFFA2A14
000B4341
0006D932
FFF10C25
FFFFB485
FFFDF7C9
FFFD9956
00037044
FFFE14EF
FFFD67F1
FFFA403E
FFF90F75
FFFFCBC4
00034C3C
FFF4E2B2
0007CDE5
00010F19
000AAA80
000BD474
0003E3F0
FFFBC0CF
0008E586
0005D334
FFF6E891
FFF33A91
000D5024
FFFAB5B0
00078424
FFF66055
FFFB28A6
0002A0DE
FFF21BD9
FFF5E09D
000B4EBD
0000D41A
000B49A7
FFF2E2D5
0000905D
000DE15E
00068760
0004E802
00139C14
FFFF58F6
00067179
000A4DC7
FFF89C68
FFF6242F
FFFDA481
00083B65
FFFF9E8B
000DA824
0019D8DB
00112CBF
FFF97475
0007F651
FFFC902B
FFFF0C47
0004195F
FFF15048
FFF9831C
00050753
00093342
00006D92
000914BB
00007028
0008DC7B
000C9543
00032660
00091C64
00035D5E
FFFDA4DA
FFFA3187
FFFFEA86
FFF9B8D9
0002C303
0013F655
FFFE8A7A
0005C12D
0006DB05
000464AA
000929FE
FFFD012F
FFFDE8CE
0001B854
FFF75A30
FFF63C2D
FFFC40B1
0002F471
FFFF392C
000DE9EF
FFF6E750
FFFB9784
00090675
00083F2A
0002507C
000C3CF7
000B4CD8
00021622
FFFB3890
0011507D
FFFFCD5D
FFEFB5A4
00035621
FFFEA855
000C31D2
FFFF00F1
0008CF3A
000E9A91
00066700
FFF8116F
0007150C
000AD64B
000C528E
0011C711
00019530
FFFF977E
FFF7BDD2
FFFEF90D
0005581F
000789B4
00116D22
FFFA07D9
0005C29A
0004EA63
FFF8E9B9
0011E877
000B5625
FFF4AB0B
FFFE7E76
00010396
FFFF8971
FFFBB888
00011D3C
000095A9
000C36D2
00087EFB
00081A6D
FFFE46EA
000FAEE1
0000D2A6
0003A947
00002133
FFEF3F7B
FFF68742
FFF4D0FC
00069A4F
00020A49
FFF7AFB8
0000B8EA
FFFD04D9
00066E2D
FFF9A734
FFFDAED9
00075A3A
FFF0578A
FFFC6FEB
000620B5
FFFBC5DB
00125880
FFF088FD
0004C9D6
00048BBD
0001D5F9
FFFCD717
00041F31
FFFA8FA0
0009C436
FFFA733F
0010E4E4
0000A343
000BD1A2
000726E0
00046359
FFFC8CAA
0002608F
000FFEC6
FFFCE816
FFF9DB42
FFFC524F
00045D4D
FFFE2CF5
FFFED948
FFFD4F2C
0007E2EB
0008286A
FFF8F769
00086BCE
FFF6E423
000D72E3
FFF989BD
FFF4D952
0001B376
0010DAE2
00016DB9
FFF72496
00087F33
000C5B6C
FFF9F9F6
00088798
000BEB14
0001D9AF
0009F947
0015C5D4
000235D2
0005F2E9
FFFD741C
FFEB4C31
FFFD8734
FFFDDD10
FFFC33E9
000D0EA0
00010F7B
000D8AC8
FFF4DFBC
FFF94384
00075C45
FFFAFC03
FFF961FD
0009F4E8
FFF961F6
FFFEBA85
000847F5
FFF8075E
000A8F32
FFF9451C
FFF71814
FFFDD0AB
FFED49CA
0003B696
FFFE3251
FFF1B27C
FFFE5B5E
FFFAA57C
FFEE01FF
FFFD0109
00024B70
FFF78EAC
0005C007
0014EA01
000CF3A4
FFFC12D2
FFFD8F29
FFFD9D68
00007CEA
0003D062
FFFDC3CE
00075C4C
0005F015
00056F6F
FFF10CCA
FFF150FE
0003449B
FFF54CAC
FFF6D51C
00011EA6
0003130E
000A95D9
FFF1185D
0001C27A
FFF52247
FFFC99D6
FFFF3DE0
00037165
0001EDA9
0006A370
00033509
0002BEC8
0006F5C8
0000A9FD
FFF28239
FFFE3505
000BA84D
FFFF9C5D
FFF5C716
FFF642C5
0013946C
FFF9D5B5
00087C54
FFF3D6E1
0006155E
FFFB2B45
FFF4941D
000D6AF5
0002EA0B
0003B323
FFE939E4
0001118B
FFF93DEA
FFE6AA93
FFF756B2
FFF041AA
FFFAB3F1
FFFC8D70
00028152
0003A4D2
000B5E84
FFF30C89
000F0261
00018E60
000D7D1A
00076DA9
FFFB23B0
00159C99
0009AB27
FFF603C1
00048843
FFEC7012
FFF1F267
FFF21592
00019B86
FFF81E06
00061F10
FFE9E598
FFF9F4A3
FFF1DF6B
FFFDF856
FFF2E29C
0002F645
00059C50
FFEE2103
0008F3C6
FFFC6ECF
0002BA40
000100AF
FFFA5193
00081022
00047323
FFFE40D4
00039DFC
001475EC
FFF352C2
FFF93495
FFFC7EF5
FFF4B500
FFF00BFA
FFFF2145
FFFA969C
000FA6B3
FFFDDE10
FFEEB575
00065F83
FFF37A16
FFFE774A
FFED17F3
0002F2FD
FFFC91FF
FFF44F32
FFFA448D
0008DF9B
000ACB94
000C50A6
00062EB0
FFF4A056
0000FD16
FFFA17D0
FFFC593E
FFFEEEE7
FFFB0470
FFFE514E
FFF2ADD8
FFF908F6
0003B043
000F7444
000B9BF5
FFF53276
000CBF73
000727E8
FFFD70D7
001C7BBB
001E47C0
FFFB199E
0001CA8B
00059F49
000C30BD
0009E144
FFFBDE6F
00138366
0004C4FA
00043C81
000A46D3
FFFE01D4
0000E954
FFFE6117
FFFD04D6
0013C24B
000855B2
FFFEBBBF
000A0F5F
FFF6FDE8
0005B386
00009403
00008757
000E282A
0002D85A
00026220
00004711
00086953
00048F3E
00078990
FFF434AA
FFFCF13D
FFFFC596
FFFA23EC
FFEFB643
FFEF4886
00083EF8
FFF5BD7A
00006F81
000ABEEA
000FB654
00088091
00065ED8
0000D8B3
FFF97284
0005B6BF
000A6C96
000113BC
FFFB4111
00032934
FFF1BC9E
FFF79576
0006F2EC
FFFF4236
FFFD0A9F
FFF5CE2B
FFF9ABA4
00022507
00046D97
000E1A2D
FFFFE136
00077039
0004B29A
FFEA449B
FFFF4839
FFF46F73
FFF8091B
FFFF07CC
FFF6C882
FFFE9D6B
FFEA063F
FFF56FCB
0001CF12
000C5663
0008049D
FFF506A2
001068FD
FFF74AF7
FFF4B49A
000929DB
FFFDC879
FFFC717E
00009CB3
FFEDE676
000E88C3
FFF5746D
0008E0E9
00115E6A
0011F3FD
0009DC6D
000C6744
000A9DC3
0007FBC0
0008B2E5
00053CDC
00104EE4
FFF6B43E
FFF81641
00014242
FFFF5B9E
FFF53EC6
0006E427
000450BD
00027DA5
FFEE14EA
0001A6F7
000CE6DB
0003F221
0005409B
FFFAB4E7
FFF3A871
00116CA7
0004111F
FFF343DA
0010F25D
FFF54BD6
FFF708C5
000A3AEE
00077353
0001C28A
FFFAA64D
FFFFD17A
FFEC8AFF
FFF812D3
000C55C1
0004BA73
0003DD79
001BFC3D
FFFAAB9C
FFF224C2
000F4B9E
00051480
000BCD20
000588B8
000028D8
FFF4F074
000A0DEE
FFFA79DC
000D2290
000A823A
FFFB1D85
FFFD2C74
0007BD90
00035593
0005FF51
FFF4F79B
FFEF6C3E
FFFBA7CC
000D08B0
FFFB46DF
00146B66
FFFA2D25
000C0404
000E1D23
FFF891AC
FFFEE3F7
FFFC9D44
000C7C0A
00054BDB
FFFE6CC0
FFF6EF0F
0004E17D
FFFB83A5
0000DF21
0001092B
FFFA65C4
FFFF0F0D
00007DDD
000EE9FC
000F6D77
00001FE7
FFFD8F1D
FFF5066B
0000D469
FFF28E25
FFF2CFE8
00076D44
000ED15C
000790E1
0003C083
FFFB0498
FFFE9CAE
000E7B7E
00018A6E
FFF54CC0
000D3722
FFF383CA
0001B967
00092E31
FFF8D760
FFF823CA
FFFB0323
000C42A1
FFF57224
00086B59
0000E1A2
000273D6
FFFC52FA
000AAF28
FFEFEBE9
FFFECAC5
000A7F1C
FFF6B313
0005EC97
FFFE2F2C
000B545C
FFFFC58B
00016A75
000B242B
00010DD3
000984CA
FFFD3636
FFFEDC39
FFFF8F10
FFFDE343
FFF9F145
FFF2E064
0005FF0E
00099F05
0006DB6E
FFFA88E4
0003E735
FFFC66E3
FFFD9FA2
FFF7C9C2
FFF760F0
00041B11
00126804
FFF71061
FFF5EF53
000693D4
FFF60916
000E8E10
0002E5C7
FFEC214E
000C2E4D
FFFC3190
FFF715C4
000BAFBA
FFEE31B0
FFFE9707
000117E2
FFFEE405
FFF4F9B4
FFFA4C22
FFFEA4DA
FFEE957C
FFF2432F
00001120
FFFA2A31
FFF9F7DA
000AA601
FFF23EEC
FFFA88EC
0006F2E5
FFF2473C
FFF2575B
0008746F
FFFDD771
FFFB9DBA
FFF309B5
0004A316
0004183B
00051E75
00040295
FFEF0A9B
FFFCEAC9
FFF87D12
000C0FAB
FFFC308B
FFF0391D
FFFAF69F
FFF62B1A
FFFCDE06
000B997E
FFEA578A
FFFBBFA0
FFF2A01F
000466AB
000F537A
FFFDB14A
FFE821C9
FFFD42E8
FFFCA3EC
FFF905CA
FFFE1820
000E8850
FFF6B091
FFFB286A
FFFBAEC5
FFFEF24C
FFF87DAC
00018340
FFFDAE98
FFFB2B49
FFF634BD
000283D1
00037E84
000BF960
00078684
FFFA2B08
FFFB56C3
FFFDD674
FFF968E5
FFF6D8E3
FFF14CBB
0013C2EF
000B6692
00067D6A
00147E44
FFF41849
00039E14
FFF7F4E5
000EED52
001077F4
0006B31C
00147D6C
000C6115
FFF08301
00016ED1
000154EF
FFFEC582
000596F4
0000CB54
FFF9F48D
FFFCB000
FFFAC693
000799F8
00059909
FFFB0D76
00088C82
001189BB
FFFF73C3
FFF90AA5
FFEC9E97
00016B18
001586CD
FFF6AB20
0005432F
FFFEADBE
FFFEC499
00042536
FFFC1C74
FFF88E6B
FFFB16B3
00039ABE
000BD612
FFFF1177
FFF98588
000384B1
0005018F
000245D8
0003B4F5
FFF60F37
FFF5CBFA
FFF18576
00029D59
0002BA7C
FFF8FC43
FFF3F99A
00030C8A
000EAA67
FFF59724
FFFB439A
000B67C8
FFFA890C
FFF21E7A
0004AD4F
0007B394
FFFC12CE
FFF4D46E
FFF9D160
FFF5F208
00052392
000A34B8
FFFE9F1C
00004F7B
000B2CDC
00050073
000963C1
0007EE69
FFFA8180
FFFA95C8
00033864
0009A070
0007EA98
FFFD0EA1
00074AE3
FFF873FE
FFFBDF48
0010AFAF
FFFD41C7
FFFB6BD5
0001B80D
FFF7811A
FFF9C94A
0015F735
FFEE300D
FFF3309B
0013E472
FFFEE42A
00045720
000548CF
000D7FE2
FFF20138
000896C3
001120F1
FFEFA39F
00072634
000C3918
FFFD690C
000CDCCE
00069743
FFF8CDDA
FFF70C3B
00051CB1
0006546E
FFF6E3D0
FFF7895A
000DB816
000557C1
0007D3B0
0005A889
FFF22888
FFF75E37
00115018
FFFA2FA9
FFEC960B
FFFC2127
0004D855
0009F849
FFF0F80E
FFF8101D
0004DF52
FFFD700F
FFF7AAE1
FFED4B7F
FFFA5943
000987F9
FFF2E492
FFF2F01D
00128049
FFFD7D1A
FFFCF218
0006ADB4
000BB539
000B9856
FFFB43CD
FFFF30A4
FFF8A9DD
FFF941EC
FFF7D068
FFF6385F
000B0B47
FFF14630
FFFECFA1
FFFC87F7
0006A81B
FFF99D4F
000EF4C3
FFFEB9CF
FFF942A4
00049C8E
000CCC86
00090462
FFF28B9F
00006D2F
00037E3F
FFFFFD9C
000C5D78
FFFCA5AC
FFFF2C59
FFF2F217
00039BA0
FFFCDEEA
0002A2EA
FFFB6834
00030F42
0004B8C1
000999B0
FFFE308F
000ED978
0002FB60
000A9A97
FFF29A3D
FFFF1508
000C3649
00048E8D
FFF440A7
0002D65F
00017203
FFFFDAC0
00041B8D
FFF1684D
000425C7
FFFAF6E3
FFFC40E8
FFF763CA
00047B6C
000ACB26
FFF6B8BF
00016E9D
FFFE6671
FFF8A549
FFFD902D
000CA294
0009B953
FFF8037B
FFFE0D2D
000DD4C6
FFF69319
FFFE6DB5
00102E38
00098AAB
0003CA9A
000495F4
001236C2
FFF98B69
00023DD5
FFEA9039
FFF612E7
000757E9
000B5C96
FFF97FC5
0003A6FF
FFF7D0D5
FFEB0405
0007F75F
FFFB3A9A
00125D1A
FFFB4271
0004AD40
FFFF654C
000D40C5
FFF88AF3
000BD7AC
0000796F
FFEECA59
00021982
FFF0CB0B
000922E3
0006209A
000482DD
000340BD
FFF9029D
00051B90
FFFAC2AF
FFFFFC79
FFFD9548
FFF768E2
0011E792
FFF6B45D
00080A4D
FFF8D1FB
FFFCD47A
000977CA
0007DB45
FFF42C83
0003739D
0012C0A1
00027A28
000338D4
FFFB7833
FFF345D4
000A4D13
FFF98672
000F8B1D
00018CA6
000FC8CA
FFFFAE16
FFFDAC69
0019E6F9
000C8DBF
00096B25
FFFFA398
0003D351
00018751
FFEFED02
00106ADB
0008B674
FFF04A8B
00006EF2
FFFD873A
00048109
FFF3BE11
000CE794
FFF78239
0018A41C
FFFFCE9A
FFF163A0
FFFF87F1
FFFA5B74
0008FE2A
FFFDA0EE
FFFE2EFA
0002C952
FFECF987
000256D7
000922A8
0008500D
000D7F76
FFFF3DEB
FFFE7DDF
0008A10C
FFFBC951
FFED4389
0011EB87
000836EA
000B6865
000C726D
FFFEC378
FFF54A7C
FFFC608A
000F31ED
FFF73E18
000FBCBE
0004757F
000A39CA
0000B348
000AFD2B
00002638
000789C8
FFF9F424
FFFEF16D
FFFA68A9
FFFF6091
FFFEEB0B
FFFBBF13
FFF7BAC1
FFFB3F80
0002BA20
000687DB
00005490
00119518
FFF6DA81
FFFCBE65
FFEEFBA6
FFF3209C
FFF42A73
FFF28100
00033E92
0012AF73
FFF62D6F
FFE7D974
FFFD8C23
FFF5DCA3
FFEC524A
FFFE71FC
FFF61E6A
FFEF681F
FFF6E743
000E5E31
0005A16F
FFFB69FD
FFFE03D3
00095C7D
00095120
FFFFC1ED
FFEC7F24
000659BC
000C0435
FFFD2653
000994AC
000E3148
00075E94
FFF07CC9
0000EF4F
FFFD1E0F
0010050D
000B0743
FFFDDEBB
000D4DAA
0006EDD9
FFFA202E
FFFDBAB9
000BB954
FFF2A050
0004CE2A
000B95FE
00031ED3
000A6C42
000AB664
000CD530
00035A82
FFF95BB9
00060E81
0017AF35
00138808
FFF8EC00
FFF38D97
000E3012
000644A3
FFED1F9B
000C5037
000B6BC4
FFF3339A
00062D64
0010F9F2
FFFFD5FB
0013602A
00073B7F
0016361B
FFFB610A
0002813C
000FEA97
0013BE80
0004181B
00180865
FFFCDD21
FFF4CA9A
FFE91F5C
FFEDDF8D
00040545
FFF43B0D
FFF9C460
0004DEA2
FFEE10D3
FFFD060C
FFF8F8C9
FFFD25A4
00002E9E
00010C1C
FFF50F27
FFFCD91A
000C11EF
0008AD6B
00024360
00040975
FFF17741
000098EF
FFF59F80
FFFA558A
0010D5AD
00124DC8
FFF0F156
000001F1
FFF41671
000C217E
0006DF89
FFFD2BF9
00094A4F
0009A8B6
FFF6FF91
FFFE0436
FFE61E53
000CEC89
FFF875E4
FFF2A5A1
000F1FEC
FFF2B29A
FFF89ED3
0000DCE7
FFFB585E
FFF89AF0
0000353B
0002B29E
FFF1B1A1
00044995
FFFE9F58
FFFF6DFA
FFFF534F
0000A7D2
FFF3DCF6
FFF9B975
00060299
000B3A15
00066145
0002CC79
0008A084
000C325C
0003C000
FFF4A504
FFFC9EC9
0005059E
000AF399
FFFFC3A4
001062AF
0003C581
00035600
FFFC6EBE
0011042D
0002ED89
00097BCD
000C9A8C
000481F7
0012DC78
0019339D
FFFCECAC
FFF9DA26
00062E4D
0000EC1C
FFF01B8B
FFFF26E5
000B4097
FFFCEE3B
0003AC6C
FFEFEF53
000A4767
0005EC71
FFF9F8AD
00156D7A
FFFB1A8D
FFFA9FF5
001670C1
0002E443
000EB99F
000E1B9D
0019B8CD
FFF0D185
0011F880
FFFBFD9E
0003BADA
00056A9A
00148E9A
000F332F
FFF9D7AA
FFFFDBEC
00010671
00106A35
00087F15
0002C3ED
0009B058
000011F2
0005EF39
00035F52
FFFF0E31
FFF92358
0007152B
0004CFC4
000BCAA4
FFFFACDD
FFF6272A
FFFB8ACB
000ABB68
FFFA548A
FFFC61B1
00090BC3
000C9AAC
FFEE06C6
FFFCB5AC
FFF1256F
FFF882BD
000BF770
000AADCF
000CE3B9
FFEEB39B
000F0D3B
0002FD99
FFFB6F0B
FFFFB626
FFFA02C8
0008826C
FFF57AC6
FFF656B0
00037203
FFF86A5F
FFF93801
FFE87035
FFF83838
000CB74C
000AC6FF
0009B127
FFF6F95A
000C44D1
00069256
00012029
000A0CAC
0002222E
FFEF82CE
0006B7A8
00080497
FFFA5982
00019164
0014BC03
FFFF4C27
0002804D
FFFDDDC2
0004F12B
000C3319
FFF54385
0002C1B9
0001E4B7
000C2EF2
FFF9D1B8
00093063
0007E735
FFF95A6E
FFFD7FAE
000F15AD
FFF52103
FFF65856
FFFA80A5
FFF34695
FFF4BD05
00071EB6
FFF9341C
00114D9F
FFFCAF26
FFFF901E
FFFCDF51
FFF38C90
FFFB334B
FFFF6E81
0002CA25
0018DC4F
00077C59
00063E49
FFF873D6
FFFECF35
FFF4BD89
0006F32E
000B539F
FFFD672B
00082A60
00018C4A
FFF19CDA
0004499A
0010F91A
000105DD
FFF41FEF
00056D3D
0007492A
000A217B
FFF976B4
FFEEC3FA
FFFC89A1
FFEF93AE
FFFE6C6F
FFF99E52
00075EF1
0007AF66
FFFB4CE2
FFF29BFA
FFEEFC2B
FFF869E0
00048754
0001F5CC
0004F986
0002EAD3
000028EB
FFFFBDDF
0002DF08
00080DEA
FFF0A7D5
0001F6EC
00039090
FFFF19B1
0009296D
000C501C
0000A86C
0004FFBD
0009F9CD
FFF6C52B
FFF28C6B
FFF463A6
0008BDC1
0007C219
FFF5216F
FFFC0D87
000834C3
FFF5239D
FFFD1946
FFF260EC
FFFEAC75
FFFF9498
000B5E23
00025D79
FFF63261
FFF2502A
000AC9BC
FFEA47CD
FFFDF385
00005ABF
00093BB4
FFF88B6B
000C52D0
000F7E36
FFFA954E
FFFBC369
000E0A35
FFF3B40E
FFFCC733
FFFEB09B
FFF13FC2
0005CF06
FFFF9A74
000AA1B5
0006BD00
000F394B
FFEC15DB
FFF79999
00012F6B
00115EDC
000AC295
000A16C2
FFF9B7CE
FFF4FC9F
00011853
0001C80A
FFFE550B
FFF9B141
000BF517
FFFA039B
FFFE32A0
00024C1B
FFEC8A4E
FFF31CB8
FFF597D6
0004FE2D
FFFFBE43
FFF0BA7E
FFF76D5D
FFEDA889
FFFAE03F
FFFD6C76
FFFA89B5
FFEB4A27
0003951A
000E1294
FFFB0267
FFF94C16
00180652
FFFD2598
FFFD1663
FFFC1652
FFFD4ED2
0002E772
FFED9115
00026C91
FFFC2A87
FFFCC5F5
00061310
FFEC8A0D
FFF2A2BF
FFF2304A
000193F1
FFFE7D7B
0004132C
00065FA5
000601DE
0007A73B
FFFD194E
FFFDEFC1
000C1CB2
FFF8444E
FFEFC1CE
FFF9EB5D
FFEEBE32
FFE7E099
000BFE19
000A50EC
00076C8E
FFF510AB
FFF3E358
000B6317
0007B4C2
00053BE1
FFFA09A5
00034691
FFFA168F
0005BB5D
FFF27026
00089F8F
FFFB7E0F
FFE745B1
00095CBE
FFFCA112
0000F69B
FFEADADE
FFED933E
FFF4D95A
FFEF1700
FFFFCA7D
FFE7DA86
FFFF152C
FFFD0654
000CD45B
FFF8DE43
FFFABBE4
0003CB78
FFF37C91
0007519B
00075888
00010C15
000CE05A
FFF8553D
FFF400A7
0004F60B
FFF891AE
00074855
FFFD16A8
000C4F13
00008808
FFF32EC2
FFEE34A8
FFEB39F5
00022BAC
FFF6907B
FFFBEC88
FFF0627F
00029602
FFF689A3
FFF4002F
0000DF07
FFF6741F
00074C6D
0001AD2C
0000ED39
00098879
0008FD89
0000CA15
00152D13
0000B1E5
FFF5B0BD
FFFA3876
0008F129
FFF8D734
000765A4
FFF3338C
FFF95312
FFF71499
FFF72EE3
FFFDD658
0004493F
FFFB7CE4
FFF21099
0006C646
00142B4A
0008443D
0009930A
FFF4B2DF
000F384C
00091091
FFFB1C64
FFFEBABE
0002E9F4
FFF4BC8E
FFFF52FE
000B8B6D
0009BBA3
000081B2
FFFDF89E
FFFABF46
00023C52
0003A4B6
00149C31
0008E6EB
0003B148
000B0146
000D3473
0002F717
000B6D9B
FFF28C7C
000D5A5D
0005CA79
FFF71931
0010501A
FFF842C7
0001A63E
00022598
0005380B
FFFD50E4
00001F1D
FFF86D72
FFF86AA3
FFFD5B01
FFFD9CB9
FFFF5FD3
00040B7D
00001A2A
FFF421CF
0008A3E0
0005AD7D
FFF50AD4
0005B4BB
0008A341
FFFEE591
FFFF06CB
0006BF0D
FFFDE46C
000F7DD8
00088481
FFFF6141
000E7A03
00007F36
0009BE89
FFFFAF21
FFF2B559
00018E8D
000A70C1
0006C37B
000FE9FC
000DB19B
FFFA2223
00171CA9
000B14CF
00053FF6
0003D79D
0017ECF7
000F065E
000245E7
000950E4
000B24EB
FFFD5E75
FFFEA58F
FFE81695
FFFCD8D9
000ACB99
00072223
FFFEEC6C
000C814B
0003A8F1
FFF6CFC1
FFFE6BAF
FFFD9A3D
FFF80C1D
000392F7
FFFBA818
FFFA618F
FFFAD99E
FFF5C63D
FFF0E02C
FFFD0046
FFFB680B
000A5C15
000CF543
000551F6
FFFEBC48
FFFE2530
FFF93793
00037892
FFFF3A3F
FFED341F
000B625D
FFF5B58D
00004397
00032ABF
000579A1
FFFB41A7
000C275C
000C3D2B
0007B4F7
000A8D4C
FFFB43C2
FFFB87A2
FFFA9A6D
FFF8A5B4
FFFC9233
FFFE196F
FFF76A74
FFFE8FCB
FFEFE3F7
000B2ADC
FFF99CA5
FFF56A0D
FFF6CC40
000296BA
FFF423E2
FFF63544
FFFB2B08
FFF7154F
000A66DF
000321BA
FFFCBAB2
FFFB7E60
000BAC10
000567C6
000BC6AB
FFFB4206
FFF65CA5
0007B98D
0006B5A6
FFFF7F6B
0001DED7
000589B8
00093212
0005017D
0005709B
00072951
FFEE6319
FFFA5FA1
000837CD
00019827
FFF962D0
FFF74D3A
FFF79C26
FFEEDADC
FFF561F3
00005241
FFF41BAC
FFFD7F1A
0002FC62
FFF6A3EF
000892E3
00099BF2
FFFEF9F1
0006911D
0005B8EE
FFFD76EE
FFF87176
FFF7EFB7
00059A31
FFF540BF
0007DD96
FFF8AD8D
0001EB87
000AE75C
FFF40DE3
FFF6C8D0
FFF3CE5E
FFEFD3D1
000823FC
0004CBAC
FFEB416B
0000F6F5
FFF239BA
0003E4F4
FFF39A3A
00064707
00018637
FFFECCF1
FFF8EAF4
000BD384
00104479
FFF2EDAC
0001F71D
FFF6632C
001112B7
FFFE0472
FFF91BD2
FFF17575
00085AE2
FFF4C556
FFF9440A
00078358
FFFD946C
0005B76A
FFFB463F
00057027
00078382
0004F80F
000B70BF
00087A91
FFFF0BEF
000FC945
0002254E
FFFC86B2
00047079
FFF4D152
FFEA3CD8
00033A1E
0006E71F
FFED5FFE
FFF69EC2
00063E91
0003186A
FFFEEF8F
FFFD5EA6
FFF5FF3A
000B4AB2
FFF80E30
FFF00174
0011A5FD
0007EA16
FFF9A0B8
00023F76
00073B4D
0000FF85
0007741E
00032998
FFF47E0D
FFFF6DFA
FFF90382
00011DDC
00062008
00007272
FFF8649D
00093488
FFFCDD6F
FFFBCB8B
00017AB2
FFFDCA78
FFE984AD
00026BA7
FFF8A5CF
000411C8
00074A2D
FFFB174E
0008F2C4
FFF978AD
00018C02
0006878A
0003D280
FFFB51C8
000527C7
FFF8AA52
0004D8F4
00034A02
0008A8B6
FFFA2F1E
00010F79
00085FD0
FFF064BB
FFF40089
00028485
FFF2E9D5
FFFA39CC
0002FCBB
FFF30536
FFF0AC8A
000AD416
00065296
000ECA1F
00070836
FFF1FD39
FFEFE0D0
000C5CA8
0002B869
FFFBA1DA
0005EF81
000116FE
0006A976
FFF65567
00041718
FFF51AFC
00045EA8
000938A3
FFFFBBEC
FFFFC256
FFF2DF10
FFFBEC39
0004E1F3
000B67AA
00023D26
FFFC4A56
FFFE4395
00007B69
00009864
00023F96
FFFDA3DC
FFFF18E4
00048413
00052296
001069E7
0001AD8E
00032D98
FFFA3F1F
000790C1
FFF68DEC
FFFA0BC8
000807F0
0003174C
000601A8
FFFC3A80
000A4C54
FFFE8850
000C7753
FFFD878F
FFFDAC6C
00038267
0008E19A
FFF9060A
FFF700D8
FFF8DE88
0006BE5C
FFF74636
FFFDD96C
FFF9AAA5
FFFD1694
FFFC47AD
001024A8
FFFEA5A7
FFF5F451
FFF9400F
00012D7F
FFF97D9E
00016E85
FFFECBFB
0006882B
00117F9F
FFFE425F
00078582
00084FE0
000AC04D
0000A624
0004A9DC
FFF4863F
0006B4E0
0008AF28
000F4407
0007CD7B
FFF2492D
FFFA8B60
FFF372A8
FFFD9EC4
00074983
FFF03EC2
FFFA9002
FFF5F67C
FFFFC3AD
FFF7BCDD
0002F149
FFFB3D84
FFFB9D55
0006830A
FFF389F8
FFF8E5DA
FFF3BA24
FFF44CE6
0011E4A9
FFF9474B
0002D51B
0014D7B7
0008745E
FFFA1F79
0007A575
00053C46
FFFE06C4
0013B135
FFF69BCF
0007D14F
0011FAF9
000491CC
000CE933
0014DC53
000445A0
FFFD8E0D
FFF8D40E
FFFBDA47
0006D7E6
FFFCBD5D
0004B24C
FFF8164F
0004BB93
FFF4EB8D
00049FDE
00089C7E
0005F431
000271AD
FFFFA11B
FFFE5C4F
FFFC873C
001364D7
00042C69
001017FB
FFFE7788
00110645
FFF481AB
FFFDA900
000CFA46
FFF7D5EF
FFFA99F8
FFFED587
FFF6758B
FFF276B9
FFFB1A75
FFF92C6F
FFF560A6
FFFB77DC
FFFD2D3A
0003EF86
FFF868C2
0004DF9E
000826E9
0000AE87
0012C8B9
000E3D95
00072C19
FFFC833E
0005F714
FFFA6068
000A07A6
FFFDFD20
00096BB4
FFFF0C33
FFFC4B81
00001AEB
FFF42EAF
00010A3B
FFF56894
0003559B
000EC9E4
FFFEE48F
FFF862B1
0012E0CC
FFF7C566
FFF5D8AC
FFFE247B
FFFD97B3
000460A2
FFF446EE
00147403
00029BB6
0004FEF8
00041B7F
00081A53
FFF8E4F3
00011C94
FFF38001
FFF3C604
FFFD2DE7
FFFCC419
FFFDF57B
FFFF9093
0003EBFF
00019FF6
FFFBEB82
FFF0FA29
FFFC1C14
FFF651A5
FFFB4FD3
FFF5BDA3
FFFD2314
FFF75720
FFEF87F0
FFEFC5E5
FFF1B138
FFFA3E6D
FFFB2B34
FFF37466
000889E1
FFF3B748
00022CEA
FFF9ACC5
0006C3E7
FFFA494A
0001E84A
0007F6D6
FFF5C328
FFF6353E
FFF33F40
0001B893
0001BD8D
FFFFDD3B
00056FB6
0005CE5A
FFFEEF23
FFF6A51C
0006F259
0005ECF4
00073050
FFF59E21
FFF7E502
FFF1D5FE
000BC595
FFF83B0C
FFFD0AC0
0005C2E5
FFF64207
FFF3E65C
FFFF986B
FFFF33E2
FFFE2D9A
FFFB2EA0
FFFB5C58
FFFA67D2
0005F7F1
FFF33876
0002472D
FFF9F06E
0007D1C2
000495A4
FFFE797E
0005E4AE
FFFCFA52
FFF7BD10
FFF6DB8E
FFF781C8
00047535
FFFBF185
0000F3F2
FFFC24DE
FFFF3755
FFF5B705
00049CAE
00029F68
FFFECC88
0007FBFA
FFF6F104
00015238
000F0840
FFFAEFC1
0000DE97
FFFF16CC
00009A65
000566C6
FFF9092C
FFF7E066
FFFFBCB8
0008A64D
FFFB4299
0002C114
000904DC
00091FF5
00060F3A
FFF80615
0007E4CA
FFFA3951
00074F83
000BA425
0005CA6F
0004E784
00098D93
FFEDFE51
0009ADA8
00098207
000749A9
000D3EC8
FFF4615B
FFFECCEE
FFFC03D8
0007502E
FFF729FA
00127816
00033AD2
00099AD9
FFF73651
0004B98D
FFFF2B9F
FFFF3CE6
FFF26853
0009438C
FFFBB5B5
FFF8C616
FFF7AF22
FFFA577E
00084D17
FFF513D5
FFE47BCD
000CB8BE
FFF6E1B7
000621FA
0000714D
0005AD38
0004A947
0001C77E
FFFA524C
00071893
000B87EF
FFF38F1B
FFFECFBA
000F3CF8
00004C9A
0002A71F
0003BF81
0007D771
000688C5
FFFBE836
000EEBA2
0008EBE6
00005C44
00092888
FFF48990
FFF9805A
FFFE36AB
00012484
00064EAF
FFFB01B6
FFFF5C53
FFF6856A
FFF7D7CD
FFF7E3CE
FFF3C8A0
000B4F0C
FFFA953C
FFFD6D48
FFFC7531
FFFDD0A2
FFFFD5E4
FFF98BC2
0002057B
FFF28EF3
FFFDCB47
0008D84F
001234A8
FFF92A1B
0005EB09
FFF67A70
FFFCE921
FFF8C0EF
FFFE0DE3
FFF950F5
0002A741
FFFEBDEF
FFFEE1C5
FFF0760C
000B2D44
0008799C
000100A1
0002D92A
00087DDB
FFFFE874
FFFE7C92
0004F750
000DF346
000AAAD9
0008B107
FFF39B76
000222D5
00066B9B
0004BE4E
000DD145
000358F3
FFF64411
FFEF4B6C
00012595
FFF33515
00051AD5
000904F6
FFFC1A4F
000065E9
FFF5EC15
FFFEB4FF
FFFC8A47
FFF359A1
00066B12
000DB181
000A1852
00082E0F
00059A56
001579C0
0000E707
00098C97
000CDE0F
00026345
000566A2
FFF6EE65
FFF81F68
FFF88DF1
FFF70638
000A930F
0000634E
FFF99052
FFF8BCC5
00021C69
FFF41C3B
000960DE
FFFE27D5
FFF8662B
00004826
000B2909
0002CCE3
FFFCC309
FFF108E6
FFFB89FE
00055A8B
FFFD14A7
FFF6D0E7
0002F250
FFFA3528
FFFAF619
FFFA7ECF
00038F10
00020DB1
0007C3FC
FFFB3F6F
000B191C
FFF57F06
00005911
FFFE4467
0004B3E3
00027D48
FFFB6F01
FFFB1785
000960A8
FFFEA409
00024AD5
0001952E
000982D0
FFFB9B00
FFFA388B
FFFA5D18
FFFEF685
000C1E51
FFFE39AC
0008F98A
0002ACBD
FFFD8549
FFFEE511
00007202
FFF63D27
00053E44
00044A8B
FFFDAD45
00004205
0005634B
00072ADF
FFF426C0
FFF6C2F6
FFFE1608
FFF3141F
FFFDDD03
FFF9A08A
FFF5D43F
00044044
FFFF77D9
FFFB39B8
FFE277AC
FFFE395B
FFFE1448
FFF4BB02
FFFF7AFF
FFF42D54
0006C6A5
FFE3C584
0004962E
FFF88613
FFF4EC20
0007E31F
00002A98
00076A90
FFF07850
FFFF68C2
00050C93
000300E2
FFF9D018
00034E32
000A738D
00006E79
FFFC62CD
FFF2F004
00063CAF
000B74C4
FFEB883A
000709E6
FFFBB725
00016023
0007F8E4
FFFEAB7A
FFEEFC29
FFF622C8
FFFDE999
00053128
000991D7
0000A03E
FFF32F68
0001CA93
0007ACE1
FFF8304E
FFF6D173
0005FFF6
FFF911CC
000D5E0F
FFF7F0AC
0003CF47
FFF2BE03
FFF70DFC
FFEEDC3D
0000FE54
00091C7C
FFF5ABB9
0009028F
FFFCC2AF
000AE839
FFFFA718
FFF519DA
FFF7FB7F
FFF7532B
00024499
FFF1D902
0005E526
FFF2E6CD
FFFCC915
0001004E
0001D8A4
00001665
FFF807DF
0009BC4C
FFF81F60
FFF12105
FFFE954F
0006826E
0005C876
FFFE9FB3
FFFAEA08
FFF63B7F
FFF519B6
000255F9
FFF7A8E1
FFFFED85
0004FE8A
FFFFCEF4
000F0010
FFFFA376
FFF9C3FB
000899D8
FFF71CD4
FFFC1179
FFF8CE39
FFF65303
0006C48F
FFF6374F
000237A2
FFF4BF5E
FFF876E6
FFFDBFA5
000A9493
FFFFFAF7
0007ABF5
000233CB
FFF8DB77
FFFB76D0
000420C2
FFFEF5F4
FFFEDB03
00074D09
FFF6EEBD
0008C748
00002B3E
000E5765
FFFC10D5
FFFA4E46
FFFB0223
FFF2DA13
FFFA88A7
0004CEA4
FFFB3009
FFFB78FD
FFFB3CFD
FFF9B0EE
FFF856A9
000057AA
FFFC6F0F
00016469
00004484
FFFBF0E3
000BD9FF
FFF84356
000794F5
000F421C
0003ED4E
0009CC1D
00083ABC
0006B709
FFFE2BF3
FFF6B86C
FFFCDDB3
0007C37A
FFF79CF1
FFFB075C
FFFB6BAF
000F3B40
00041E9B
FFF77EB6
000F56AD
FFFBD212
000236DD
001241C1
FFFC9D40
FFFC7324
00003A10
FFFCA889
0005217B
FFFD5C6D
00036FD2
0000A5A4
FFFB082C
00068538
FFF97211
FFFCF0C2
FFFC6E75
FFF462AA
FFFCB077
0007B14C
FFED1973
0005AA20
FFF2E0BF
0007BF2B
0010C3F9
0007C259
FFF44474
000569FE
00003B24
000510BD
00098971
001306A4
FFF4BC9C
0008D59A
00044843
FFF94826
000AF09E
000F47E9
FFF3B74E
FFFAAE07
FFFFD24D
FFFDBFD2
FFF5046F
0001C588
0005DA2F
FFF4C32B
FFF44E15
000A7267
FFFCA373
0001E3DB
FFF73993
0000EB69
0004339E
FFFACAF1
FFED6BBA
FFFD0177
FFF879C5
FFEFBCEB
FFF73B67
FFF9DD8D
FFF69B1D
FFF0D10F
FFFA3926
000CECCE
FFF8708C
00049651
FFFA70D3
FFF58368
FFFBF2BA
0002DAB2
FFFA8914
FFFA06E8
FFEAC691
FFED7A48
FFFDE1DD
FFF3DCFE
00005927
FFF31857
FFF4DF1A
FFF31B79
0006A35C
FFF6C89B
00049B62
FFFE7B03
FFFA6DCD
FFF3BE98
FFFE0362
000624DB
FFFDB45B
00031A64
0000EB3A
00032E68
00085771
00056AED
0009BD29
0005BADC
000471CB
FFF12C46
FFFFACB6
0008E23B
FFF309D4
FFFB0705
0009F504
FFF66459
000523A7
0000FC38
000015CD
0007C0C1
0005D267
000BDB52
00076481
00112FD4
0002084B
FFF13C34
FFFC512B
FFECF750
FFF1BDA4
FFEA1F61
FFF88F94
FFED9555
FFFBFE06
FFF37E6C
FFF88F86
FFFFCC62
0000D9B7
00092AD1
FFFF8D27
FFF3E819
0004BAEC
000ECF93
FFFBD94B
FFF6AFC4
FFF9E2FC
00061C43
00062D83
00000171
000A949F
FFF11955
00019821
000E9F3E
000469F5
0001FFA5
000CE8C0
FFF5E576
FFF6BEA7
FFFC75F1
0005520C
FFF67B70
00044549
FFFC7BD4
FFFC996C
000EFBDE
FFF95188
000962EA
000CE9DC
FFFF5525
FFFC4D80
FFFA07BC
FFFFCB0C
00017222
FFFF1315
000312E1
FFF7B808
FFFA41B1
00096CDE
00014A95
000549BC
000408B5
FFF41F20
0002DED0
00037751
FFF54612
FFF4D4DB
000B5DFD
FFFB8564
FFF54648
FFFFC547
FFF15DBB
0004AAF7
00025547
FFF76FA7
FFF49984
00059ECF
FFEEFECA
FFFA9D03
FFFF892A
FFF50BB8
FFEDE984
FFF73A21
FFFAB328
000C327C
00001B75
000B692B
FFF503DD
0000073C
000A83AB
FFFC916C
FFF89F45
000A7F45
FFF9FA43
0008A869
00031A1D
0009A10B
FFFA7872
FFFBCF6F
FFF0B96E
0001D93E
FFF7881E
00018CBB
FFF5B2E7
FFFA2572
FFFED5ED
0008B4CA
00066E5A
FFF9D89C
FFF88493
FFFC3849
00030577
00069FD0
FFFB2E77
00037D96
FFFF8BD2
FFF9625D
FFFD9ACF
0010E4F1
FFFFC1DE
0009A097
0006A78B
0000B91B
0006E900
FFFC7DCE
FFF85A37
FFEF2EC3
FFF6D5B2
FFEDB71E
FFF66957
000616EF
00003BFB
FFF17740
0005D3FB
FFFFF5FC
FFFB3B2D
0001653D
0000876F
FFFF86BD
00026E0C
00015E9B
FFFF8716
00004553
FFF7EF2E
FFFE4C0F
FFF9B7F9
00069836
FFF90EB9
FFFA31F4
FFFC752B
FFFFDB6B
FFF91A11
0000A027
FFFBB830
0009D27A
FFECF8E8
FFFCD7CD
FFFAE450
FFF53A7F
FFFC4F6B
FFF75A79
0006D83A
FFF9D985
FFF9F256
0008B320
0005563E
FFFA1B24
0000F288
0007FB71
00019964
00054F3E
FFFB55DB
FFFA2AE1
00013AC6
FFFF8D24
0003A74F
FFFFB086
FFFE4857
FFFE0736
00076B56
000235BA
FFF77C57
FFFB17E2
FFFAB937
FFFF0CF5
000BF645
FFF81095
FFFFB17A
FFF64EE9
FFFD6FA0
000841CB
FFFC2AAA
00021D8F
FFFAD0D8
FFF649D9
00046A90
FFF7E30D
FFF844A6
FFFDBCFE
FFFA6E12
FFF37D30
FFF8E906
000441F9
00078DB3
00023D16
0003328B
000496FD
FFFBBE6B
FFF6A336
FFF81597
FFFDF49C
FFF84E37
FFFA501E
00070CE9
00028E92
0006B1CA
000A3E22
FFF8F4E1
000470C7
00030114
FFFADEA1
00029DC6
000A826A
FFFEFCDB
00058FA1
0004B709
FFFDB904
FFF5E41C
FFFCD385
FFFEB974
0006C694
FFFD35E3
FFF1CD5F
FFFA57F1
FFF8DDD4
FFF8B72A
00065126
FFFD3323
FFF6A2CC
FFF75C19
00023A04
FFF7E1D4
FFFFEB41
0004DF05
FFF56B08
000204C8
FFFDD815
00034B73
FFFFC46C
FFFB0B9E
FFFB7A29
00013024
000580B0
0004B6FC
FFFDF3B7
FFF8D7C0
00056019
00095E15
00032871
00047EF5
FFFA0371
00035BD5
00053204
0005BD90
FFF6C38F
FFF905CA
FFFA179A
FFFCDFB6
FFFD6D27
FFFF4A6A
FFF29984
FFFAB531
000571C4
FFFD5C10
00015D68
FFFB1982
FFFDD058
FFF9A10B
FFFCBD95
FFFE1697
FFFB23EA
0007048F
0002532D
FFF9ADA9
FFF57057
FFF961CC
FFFD44E4
FFF71699
00001D03
000199C2
00046E56
FFFD98E3
FFFD94B8
FFF94C94
FFF6B50C
FFFAA984
FFF77FAF
00053DF3
FFF99607
000212CC
0000B522
FFFE4188
FFF85B3D
FFF9B08D
00013DD6
FFFB4C29
000451BF
FFFBD80B
000846B6
0002184D
00024427
0001C2C8
FFFCCF72
00030E4F
00039848
FFFC16AD
FFFD5120
00055B1D
FFFD80D8
00005209
0007533C
00064927
FFFBD12A
00037E14
FFFE9E9B
FFF4E377
0002FC96
FFF70FD3
0001344C
00052A1D
0003A63D
FFFE079E
FFF984D3
FFF82EB6
000384E5
FFFE5FE7
FFF9C4A4
FFFDF24B
FFF7961E
FFFEC31D
FFFC4574
FFFE1FA1
0006792D
FFF65A87
00020ED4
FFF7B86A
FFF8E3A6
FFFDC767
FFFFB716
0004AE79
FFFE1B30
00019E59
000061F4
00022945
00023C77
FFFE4F70
00035363
FFFF9DAF
000166F2
FFFD5087
FFFFD46F
FFFD7BF3
00045ADB
FFF6F272
000018D9
00041984
000328BF
00007248
FFFFB2C6
FFFDA728
0004965C
FFFEC633
00022C0E
FFF48355
FFF5D648
FFF927ED
FFFCA2AF
FFF8768E
FFF9AA43
0001941B
000352DD
FFF4A55E
000414B9
FFF7D375
0003E9F6
FFFBB311
FFF9E223
FFF31D47
FFFE263F
FFFDDEFC
0004FDF3
FFFA1A21
FFF17306
FFFBFF02
FFFB4539
00003B68
FFFCA1E2
0002E3BA
FFFDECB8
FFFD609B
FFF8C145
0004E67D
FFFD3335
000526BB
FFFED548
0007B379
FFF91C39
0002E9C4
000490DB
FFFE3132
FFFED3F4
00092371
0004AB50
00022BEA
FFFD0F3D
000780ED
FFFF69C6
0000DB3A
000A5285
000D592D
FFFC838B
FFFA0B5D
0002951A
0005CED8
FFFE1C7F
000423C9
0008BF34
FFF68BF5
FFF880DB
FFFD01D1
0000500F
00022AB5
0002521F
FFF80F25
FFF7CED5
FFF7CC23
FFFFC2DA
0004D815
000615C6
0001504F
FFFC58B7
FFFB8B74
FFF66516
00008D99
FFFF0399
0000287A
00019B6C
FFFF8013
00020FDC
00075E84
FFFDE91D
0000020E
0003B4E4
00039724
0002AE06
00018C42
0007F1FF
FFF79D6F
0001D562
00077832
000404E6
000009ED
FFFB73C7
FFF7349B
FFF9D17B
FFFC14AA
FFF758C1
FFF90A87
FFFE6179
000302F4
FFFB8D56
000B04E9
FFFC6819
FFFF6AF5
FFFE3FD3
0004055F
FFFAC5EF
FFFB2C68
FFF71951
00007E6D
FFFD4240
FFFAAA52
FFF76949
FFF7DEA0
0002A9DB
FFF6CCED
FFFD319B
00003D27
0004ED8A
FFF50C64
FFFFC5FD
FFF60724
FFFE4199
FFFBDAAA
00020B37
FFFAAF3D
FFFF4CB2
00019114
FFFC3EAA
0002151E
FFFE16F7
FFFA4397
FFFD225A
FFFEA524
000AA904
FFFE03AB
0007FC8E
0006CDAF
FFFEA128
FFFD469C
FFF9ED5C
FFF8C204
FFFBCD59
0003FD6D
FFFE5ED4
FFFC0F13
00000A1A
0008EF89
FFFF72AE
00019879
000062EF
FFFEA773
FFF9217B
FFFC937D
FFF8CE73
FFF67F92
00032811
FFFEA6CB
000051DE
FFF4962E
0004FBE8
FFFD56D0
0007E64D
0003AA6E
FFF57CAE
FFF555CB
FFFDCB05
FFFB2E2E
0000AEBD
FFF90837
FFFFFBFD
FFF88D1B
00075A27
00034B4D
FFF2D396
FFF81465
FFFDD964
FFFBD226
0000FCA6
0008D1CC
0002B662
FFFC81A7
FFF9AF4E
0000642D
0007F60E
0002AB4B
00021BEE
00059E0A
00032698
FFFCCBB5
00039BAC
FFF91190
0002E132
000502F0
FFFBF614
FFF75351
FFFE652C
FFF9A100
0003C48A
000323DF
FFFF4DEC
FFFBDC5B
0002FD84
FFF9855D
0003AF3D
FFFBD68F
000574EE
0000130D
0008AA60
00092418
FFFA5AE0
0001F19F
00069979
FFFDB1C7
FFF5F079
FFF22B8D
FFF8A1D6
FFF937B1
FFFF625A
FFF8F367
FFF867A5
0001DA8C
FFFC77AE
FFFE0676
000007B3
FFF9AAEC
0001F3B4
FFFCC6F1
FFFE535C
000897C4
0001F738
00036F7F
00045742
0007706D
FFFD0D71
FFFC48A5
0004D671
0003B053
0006C988
FFFF880E
00008250
0005DE4D
FFFEFD72
FFF77BC6
FFF7F340
FFFA9248
00023D35
0005EEBB
0005FF08
FFF45A21
FFFBC25D
FFFB8C2B
FFF9018C
FFFF1EDA
FFF7DDC8
FFFF39A4
0006A2C1
000264C1
FFFA7AEB
00051DAC
FFFF7D68
FFFBC199
FFFD3822
00007255
FFFE4BE1
FFFD1CE0
FFF81DDE
FFF78001
FFFCB3A1
FFFE08B1
00013385
FFFE4897
0001018E
0003CAA6
FFFAE5CC
FFFB5E6B
FFFF5264
0004DDF2
FFF955C7
FFFC6F6C
FFF7D72E
FFFA8CE2
FFFCEFFF
FFFF86C5
FFF8230D
FFFD93DE
FFFF0A1C
FFFF4A01
FFFE2709
0003558A
FFFA8947
FFFC9BAA
FFFAB15E
0004E676
FFF43A24
FFF7E74B
00010B3B
FFFDFF66
0005EE2E
00046065
FFFE3B44
FFF39855
FFF765AE
FFFDEEE2
000874EF
0006899A
FFFAF69C
0001F14A
FFFE665A
FFFFB1B7
000DA153
FFFF2C06
FFF8D621
FFFAF3DB
0002DBB1
FFFD6882
00073FDF
00060293
0005961E
0003EDFE
00084A58
FFFAF489
00058ED5
000B6AB7
FFFCB1D2
000486FE
00039D2E
000295F1
0005AAA4
0007C078
FFFE29FE
FFFA625B
FFF9D496
0004CC3B
00082A7D
FFFEE4CC
FFF58274
FFF74E96
FFF92406
0007D655
0007CA5B
0001B73E
00016A70
FFF4281D
FFFC2B4F
0006637D
000A1FF8
0006E9DD
FFFC0428
FFFCA937
FFFE089D
FFFDD1AE
00010131
FFF54AC9
FFFB9972
FFFCC59D
FFFD47BF
FFF7E62C
0002CB8A
FFFAEDFD
0000AFC9
FFF5C9BF
FFF8B919
FFF6B740
0001AAE3
FFFF0EFE
0002D479
FFF96A25
FFF732C2
000CEC42
FFFFC5C2
FFF5D7CA
0007FAA2
000278F3
0000D8AC
00021455
00018C7F
FFFE3A33
FFF913FD
000591AA
000154BC
FFFD384A
0009CBF7
0005A719
00013066
0001D873
FFFDAAAF
FFF4D398
000579D3
FFFFD54C
FFF87AEB
00084A25
0004593A
FFF9C622
00066889
FFFE24AE
FFFC1FA5
FFF848B2
FFFE0D75
FFF7859D
FFF39301
FFF718FB
0000117A
FFF86AAA
FFFB5B82
FFF96278
FFF592D8
FFFDE24A
FFF8C69E
FFFB8F98
FFF27F4B
FFF9F618
0011A279
FFFEE7F8
FFFA8C32
000F9276
FFFE25FB
FFF186A1
FFFE8891
0007F37F
FFFDC6FA
000CF3F5
00082FFA
0007D59F
0003BAA8
FFF9817A
0000E587
000699BF
FFFEADA1
00041A42
000981C7
000423EF
FFFEB384
0000140E
0008D117
FFFBE0E8
0007D85D
00045AA5
FFFB0069
000BB56B
000342BD
0007ABAB
00000B3D
FFFF507B
FFFFFF32
0000421F
0004768A
FFF843B4
000116C7
0010DFF3
FFF25E69
000643B5
000A3B25
00040946
FFF94FBB
000D1BCB
FFF4AA3E
000BF0D5
00075BA2
000702FB
0001BFD1
0001EE9E
FFFE3993
00038495
FFFC91BA
FFF2AC6A
FFFFC51F
00005422
FFFDD550
000323F7
0003830D
FFFAB5C3
FFFEB17A
0004197B
FFF95A43
000592D3
0006BD4E
00041E98
FFF80E19
FFFC0C89
00040DF8
00012BB0
FFFC363E
FFF8E22F
FFF6FB27
000149C4
00035C03
FFFF3000
00030D0A
FFFB4D85
FFF6472F
FFFDEB24
0007CE03
FFFDD63F
00115FEF
0001CC54
000E3485
00077389
FFFF6EA3
000AE10B
FFFFF4EA
0005386B
FFFAED6F
0000E018
FFF978F3
0003BBF1
FFFA6208
000820C7
FFF2E309
FFFE92FA
FFF7CBA3
00047AB4
FFFC73A9
FFF82858
000E809C
FFF93C9F
FFF7ED63
000E7B59
000229AB
0001B6AA
00094956
FFFFE734
FFFD161D
0002FA49
FFF9A33A
FFF2D3DB
0007E07A
FFFC70C3
00007981
000BA86E
FFFCBAAB
000EA7B9
FFFE1A43
FFFD98E5
0009F363
00099C8A
0006F8F9
FFFC13BA
000407E8
0008298A
00038CF9
0012D943
FFFCE6C2
FFFA04D8
0007A491
FFF8578F
FFFCCF50
FFFCF2B0
000B75AE
FFFA3028
FFFC22C0
FFFD06AB
00020EB0
00008DC4
00082D86
000146AD
000E099C
00017B88
FFF33B80
0009646E
0007DEEA
FFF56B97
00104A74
FFFDF60A
0008CD91
FFFB94C1
00095538
FFF98130
FFFE66A9
0008888E
FFF2EC09
FFF4677E
FFFA0B9C
FFFFCB8C
000EEE0F
FFFC73C1
FFF6078A
000B07EB
FFFD0ABE
FFF27293
00000D31
0003BD72
FFF31371
FFFB8430
FFFBA438
FFF7A392
FFFFA730
FFFA3237
0009EB36
0001F293
FFFC2C61
0001B120
FFFB37AC
000F38DB
FFF3550D
0004333B
0000B68E
FFFA2B56
FFF583A8
FFF5D894
00035FFB
0002C728
00042C2E
FFFB528F
FFF1218D
FFFA38CC
00071F50
FFFF1001
0007AA59
000E7877
FFFF98B8
0005DD7A
000F1BCE
FFF97566
FFFF1A28
000D1CBB
00021847
000E5E51
FFFC090D
FFFDC8E5
FFFD5EA1
FFF47AD2
FFF41E68
FFF50072
00011492
000B6E72
0007022C
FFFC4924
00037516
00054E4F
00005E9E
FFF804BE
FFFE378D
00012B23
000555DB
FFFEDAAB
00052F0B
000F7482
000B1D6C
FFF33835
00060629
FFF58074
FFF10501
FFF94E75
FFF561A8
FFFBCE62
FFFEB78E
000DEFB7
00057068
0001DDC4
0006D5C5
FFFE1365
0007E321
FFFFABB0
0002DA74
0006F0B7
0000969A
00001361
000168A9
FFF6042C
00071BB8
000E2871
00023455
FFF5157B
FFF81BC8
FFFA6645
FFF81192
FFF94595
0002718C
FFFC7460
FFFC6D15
FFF4A922
FFFF4DCD
00075D21
FFFBCB64
00011BF8
0009E4C7
FFF87A77
00076449
0009A193
0001D516
0003EDBC
FFF91EE4
FFFCE1B1
FFFE4E6B
FFF817DA
FFFACC42
FFFE8B1F
FFFF4669
FFF99BAB
00031764
000B902D
00066A46
FFFD1BC2
00022083
000BED43
FFF587DD
FFFF6C11
0001D0A5
00042EA6
0009FAEB
0002481E
FFFA4C46
FFFD6C9C
00045BF6
FFF835E8
0003ACDB
00011EA9
FFF4DCBB
000A358E
FFFBCE9C
FFFA9C36
000D2EBB
000445EF
FFF0B30E
000E1325
FFF7BD22
0007F001
FFF6F642
000FF4C2
0002D26A
FFFD155A
000708C6
0008F066
FFF5D40B
FFFDCDB8
00061AC7
FFFE0476
00020272
0008FCED
FFFCAE88
FFFD636E
FFFD0147
FFF496E6
FFF94E58
00048465
000236F2
00040644
FFFF6527
00022996
FFF5DD2B
FFF5A596
00097437
0002FC55
FFF823AC
FFFB0FE5
FFF8EAF6
FFFEFEF3
FFF89165
0001FF5A
FFF6DFAF
FFFF0187
0002608B
FFFB0BEE
000A67EC
0009BED4
FFFD3152
0007410B
00093C5C
FFFFD99C
00009D60
FFFFC63E
0001F281
FFFEC55E
00005491
FFFF770A
FFF99A19
FFEFAD72
FFF8951C
00007DDE
FFFFBAB2
000548D5
00027F2C
0000C10C
FFFBB318
FFFA0856
FFED9E48
00021172
FFFD9E79
FFFB867A
000791A6
0001EAB0
FFFF3E84
00031EDD
0005D217
FFFB34E8
000734E0
0012A5F1
00084CCD
0005F2E5
FFF698B5
000B1949
00042287
FFFF6D14
0003744D
000B9465
FFFFE21A
00002C4C
0000F22F
000261C4
000563F8
FFF790B9
FFF4CCA8
FFF7EE85
FFFAA803
FFFF100C
FFF7EE2F
0000405B
FFFF0B9D
FFF3EEC4
FFFDE9B9
000C514D
FFF89088
FFF864AD
FFF8EC6E
0008C2A6
000A7CD2
00082E23
FFFE0716
00057AE3
FFFAFB99
FFF902F5
000AA30D
00041DE7
00093908
0002EB0D
00114F55
00041EE9
0007B991
FFFD00BF
0006C357
000B7800
0004C90C
FFFE51E7
FFFE2DC4
00087EDE
0001F6ED
0002A13B
0002E70C
FFFA652A
00089996
000BA7D0
00024135
0003288D
00015761
0009C260
FFF31EB4
FFEFFB5F
FFFF105C
FFFC7A25
FFFA2727
FFF3DFBE
00066C93
FFFEAA37
000C08B4
0008D8A9
FFF33C8C
FFFD71ED
00075FA9
FFFA8F52
00021D91
FFFBACD8
00033FF9
FFF80130
FFFF779A
FFFCBA4B
FFF2BEB5
00064D49
0005B22E
00044B20
0002E340
00032EFB
0002D551
FFFA483C
FFFB5B34
FFFD6C32
FFFA0949
FFFDA47A
000A2F3D
FFFBD6F2
000C6D45
000BBC6A
FFFB314F
000CF5EF
0005B542
0002C6BD
00021D51
FFFD3728
000A6E0E
0005B463
FFF97DB0
0004A597
0003BA3B
FFFED558
0006C4F2
000545CE
0009AC53
000E7F05
FFFB5297
000E0FC9
00062C92
0002188E
0003F219
00099107
FFFC0A59
0006F814
FFF73E9B
FFFD9EC8
00011356
FFF6491E
FFFC70F5
FFED2D99
0001EBBB
000236E3
FFFC41B2
FFF63EE6
FFF8C3C8
FFFFDE17
001066E9
00006F91
FFFED21B
FFF1C5BD
FFEDA48F
000216A2
0009C5BA
FFF97144
0006758D
FFFE237A
0006FE49
FFFDF228
000CB53E
FFF5F107
FFFA5F28
00052686
FFF9C762
000361E4
001423CA
FFFFC1AE
FFFE3149
FFFADC05
000DD771
000BE3AD
0005394D
FFFC79EC
FFF80032
000ADF32
FFFC647C
FFFAC2F4
FFF4F3CA
FFF66375
FFFC4D38
000DD3E3
FFF7AA1E
00067AA0
FFF2B800
FFEEA607
00036C0D
0009134F
FFFEB19D
000B1F1C
0008B8BF
00037F89
00092D9C
00041F55
FFF82ADA
0004D33A
00073DF7
0003FCF5
FFFC058D
FFEA5646
00035525
FFF576F3
FFF6E1EB
FFF16B4B
FFF97C68
FFECA4A0
FFFECE65
000082E1
00007C12
FFF708A9
00009266
000446D8
00037902
0007D920
00127AC7
00115A55
000BC19A
0002F025
FFFAFA07
0005FD71
0003BBD5
FFF41EAD
0007EBBF
00099D43
FFF5699E
0009FD36
FFFB838F
FFFB4891
FFF17101
FFFF4BF2
000B31DC
FFFFA966
FFF1C5D9
FFF7F053
000EFB00
FFFAE6CB
00049F44
00152651
0008B333
FFFBF34A
0006959F
FFFC8C81
0003C033
0007E811
FFF7CD03
00062203
FFFDB9D6
FFFBCA90
FFF9A2E7
FFFB13D6
FFF8444B
FFFEAB4A
0002B9A6
000156D1
FFFF01E5
FFFC6074
000806A0
FFFC3232
FFF47DA6
FFF7377A
FFF28757
000B8879
0008E7A1
000555E5
0009E89D
00020EEF
FFFBA9C4
00077CA7
FFF8D5AF
FFF760B0
00089E29
00078C9E
FFF6289A
000A4629
00044372
00159BB4
0007D33F
FFF6549E
000C4E54
000BB776
FFFB83EE
FFF78973
000BFBB2
000B6E2C
FFFAD05A
FFFAFDAE
0007EDDD
FFF119F9
FFFE1FBC
FFFE3769
FFEF3468
0000F676
FFF684E3
000C9710
00010FE6
FFFEDAA6
FFEF5B92
000F3227
FFF700A5
FFE991F8
0005F7EE
000131B5
FFFCBF37
FFFBB3CF
FFF335E2
FFFF13B7
FFFC80CE
000E518F
000BC873
FFF8757F
FFFEF3FB
FFF3CABF
000AA4B1
000E847E
FFFFA3E1
FFFD3476
0001611D
FFFE0A48
00013953
00008243
FFF1569E
0011DA81
000EFAF4
FFF61BB9
FFF9D6F2
FFFDF0A1
000156C1
00060FF1
FFF6E869
FFF2689E
FFFC030C
000841A6
FFFF6BDF
000A3813
0007CCB5
000BCD19
001401F3
00028E5A
0011E30A
FFFA77E1
0008143C
000C23FE
FFFF7348
FFFD2AF2
FFFD8E51
FFF224AD
00087029
00105B2C
FFF4194D
FFF2EA63
FFFEE89D
0002B15B
FFFA8145
FFFD9AF2
000725EC
FFEFB3A9
0000E11F
FFF96C04
000320BC
FFF4A2CA
00005034
00002643
0005D67D
FFF65BB9
FFFC4ED1
0000F151
FFFD17F5
FFF92519
0004342C
FFF80A8B
0008FB7A
000316EB
00014008
FFF26F4A
FFE9BD37
FFFD02C5
00094146
FFF43C84
FFFE8C02
FFFCFFF8
FFF7AF9D
000D888E
FFFB4034
0009962E
0005FB1D
FFF2DBD6
00017C28
FFFE076E
FFFFD144
FFFBE8C2
0009CB4D
0006B905
0004F8D1
000F9578
0001C462
FFFED078
00021D54
FFFCBF17
FFF501DC
00045651
0008970B
000E5CFE
000ECA58
00054FF6
FFFCF308
0006ADF5
FFFF9CAC
FFFBBB41
FFFF34BE
FFFBC7F4
FFFA779B
0001EB49
0004E814
0000F55E
000C8199
FFFD5383
000AADF8
FFFA4E72
0002B0BB
000AB46B
00002C4E
0004DFF5
0004516E
FFFD0A5E
FFFF905E
FFF9BE70
FFF87EBB
FFFC931A
00078013
00027E3F
FFF18D36
FFF3D701
FFF0EF16
0005D65F
FFFB209B
FFF83722
FFFAA4F3
0003657A
00089CCF
FFF160E1
FFF74EE0
000628E3
0002E4A7
0001B75E
0010337E
000381CE
00013F73
0001EC5E
000DED5B
0001417A
FFFBB890
0000721D
0000590F
FFEF91FA
00086012
00021B8A
000A7240
FFEDADAE
FFFE1C53
000F22AA
FFFC8C36
00014F36
FFFD78B2
00064AC3
FFFDB162
0006B43F
FFFBA62E
00128284
00004719
000F606E
00047346
000DDBB6
FFFB0945
00041B3F
00019F3A
00106638
FFFD93DB
00021AD5
FFFB902A
FFFD5084
000CE034
FFFDA7DB
FFF9E7BA
FFF32EED
FFF652B2
00042A08
000A0E18
0003C7B8
000E1C97
00014F69
FFF71A69
0013471B
00129C83
000C57DD
0006F8B4
FFFFCBB3
FFF640D0
000E3A36
FFF347AB
FFF22770
000B3D80
000EFCC2
FFF706E6
000092A4
0009C1E5
0005933A
000BE60E
FFFBDBA4
0002440F
FFF715E3
000CAADB
FFF934FC
FFF17EED
FFFB3987
FFFF59E6
FFF87B82
0008AB73
FFEFC564
FFED35F9
FFF79C85
FFF77133
FFFAC379
FFF6A3AD
FFF32247
00044195
00062ADC
FFFDE3C3
FFFBEC6A
FFF6D7AC
0006647A
0000B176
FFF6E5E8
FFF6CD07
00096969
00084450
00006BAE
FFF9136A
FFF9644E
FFFD8AFC
00016AB5
000C2855
0002F6CB
FFFD395B
0010EC91
00061EC5
0015B4B8
00115B81
FFEC8510
FFFF8316
FFFBB35C
00022C0C
FFF97A60
FFFAE2FF
0003EC99
FFFE9CA4
FFFD2B55
FFF88F7C
000357A3
FFF54B6D
FFF7D343
000A305D
000CEACB
000929FE
FFEC4781
0001AD8F
0015DB77
FFF6C731
0008D19D
000E5260
FFF88D4A
FFF9434A
000269F2
FFF4EEAF
FFF9A2A0
00003C91
00091C2C
0003DAF0
FFFE9327
FFFC15C0
FFF6B37B
FFFD1944
000877E8
FFEDE53D
FFEF955B
FFF3BD26
FFFB6660
FFFC0E31
FFFC509F
00047B97
00032C29
000A2DAC
FFF6CAC1
0000CAAB
FFFD66D0
000B5752
00062B9D
0002F5E4
000D0237
FFFEDB9A
FFF93DEF
FFF6FDAD
0015BC4A
FFFCD8CB
FFFDD6C0
000D745B
FFF86557
000831B7
0012276D
FFFFB021
FFEF0DA3
FFFD7D13
0002C24B
00038386
00056748
FFF9D033
FFF7C67E
FFF300B6
000DAD1E
00120FF1
FFFD2537
0003588D
000A2911
00073BA7
0002B23A
FFFF5B32
0001F660
0003C1A4
0003AC00
FFFC290E
000A2A88
0002414A
00017878
FFFDF99D
FFFE9B1F
FFF28D39
00045991
FFFA05B6
FFF590AF
000BFBDA
00013376
FFFF4DBD
FFF18CB1
FFFF568B
FFF715B2
00014822
00084C2E
FFFB8CE0
0000C82B
000516F3
FFF49867
FFF442E8
FFF9EF94
FFF7B62C
FFFD8C77
FFFA61F8
FFFCD6D5
FFF89983
FFF22B2D
000B0716
0003C6FA
000C4A1A
00047485
FFE5D486
00061527
0010D5E6
0004D1BB
FFF47F5A
000C6D10
000DCFF7
FFFBD43E
FFF46DE4
000877D6
00060E7F
00055C26
FFFD837E
0011765C
FFF0A9CC
0003A0CB
0006DBC5
FFFC0A13
000E1362
FFFBC107
FFF733C9
00014A8A
0008C7C9
FFFA98BA
000FD33C
00129497
FFF7732A
0007EC24
FFFE7613
00067CDA
0008DFC5
000C46CC
FFFEB0F6
000F2AD0
FFFB1972
FFF3D785
0008D2D5
00089F00
FFFFE5A2
FFF6FBE7
00040ABB
FFFD6C87
0007E367
00059BA9
00029B66
0003B347
FFF5E4B9
FFFEDB50
FFF90BF7
000881C2
0004098E
FFF31B6E
FFF9D9BA
FFF7D0B7
000604D5
FFF9E9BF
FFF8E2D6
000B9980
000F143F
00008D41
0004BD49
0008DC66
FFFA9F4D
00124239
FFFF4D00
00073B4D
0008B423
FFFE1B26
FFF46213
FFF7445E
FFFCF365
000339B2
FFF7F7E1
FFEE43B5
FFE38A64
FFFA12F0
FFF464DC
FFF9D1E1
FFED75E2
FFFAFB0A
FFDC4AE8
000BA90F
FFF0C442
000ADB2D
FFF3F5DD
FFF1B7B7
0009834F
0006E682
FFFA493F
FFFFF42C
FFFC5C8D
FFFD7EBA
FFF65872
FFF239C5
FFFE932B
0003C46B
FFF7EF9F
00045741
FFFAC234
FFF93D91
FFFAEA5C
FFF42713
000268F5
FFFFD8C7
000979EB
FFFC614C
FFFCA941
000A994D
0005A465
00019D5E
000569F6
FFF98633
FFF23F47
00084B1A
00068DE7
FFF68205
FFF6C129
000F64C5
00033329
0001E02B
0003F279
FFF37EC9
0001E556
FFEE88BE
0000CB8E
0003F3D1
FFF91C18
FFF4233F
FFFA0BB0
FFF088CC
0001DE04
FFFD5DBA
0006359D
FFFBCA10
FFFF310F
000CAC79
FFF58318
FFF86499
000546EC
FFFCB51B
0005E396
0005F79D
0006614B
FFFC6272
FFFD0A09
FFFFB015
00025F1C
FFF93CC8
FFFB2CD7
FFFA553A
00052845
FFF456C9
FFFFF9B4
000FD923
FFF26163
FFFA3E05
0004B5FF
FFF05FE5
0007232C
000CFA03
0008A8EB
0006F6F8
FFFD2303
0003192F
FFFFABC5
FFFC67DE
FFF57664
0001398A
FFFEE064
FFF31F5F
00096DB5
FFF81E64
00000066
00073A26
0003A2FE
FFF8F6B0
000B806E
0007582C
0008942C
00102301
00079CD6
000A1BFB
0001D88F
FFF8CBD1
00127EA7
FFFEC48B
00020700
00030935
000EAE26
FFFEB954
000C5C13
000CD530
FFFA4684
00097976
0008F9DF
FFFC5A0E
000225B6
0006B8E3
00082700
0005BB76
FFFEECA1
000B9D57
FFF45F47
FFF173E0
000D00C7
000BC526
0002DAA3
FFE3F5DA
FFFEE8E2
FFFD55DB
FFF33BC2
0002EC61
000CA224
00086C43
FFFAB694
0003240D
FFF3BD12
FFF94D8B
FFFF9FAB
0006D3FB
FFFC0C07
000744F0
FFFE5B0C
FFFEBE4C
00078D1D
0009169F
000C61AD
FFF70547
00076EC9
FFFB420C
000B5F1C
FFFC3385
00076C40
000721FF
FFFF6799
0000AA4B
0002106B
0003B2E4
00054143
FFFC5819
FFF5E120
FFF3FFA8
FFF7916A
FFF5AB98
FFF6432A
FFF9FD99
000012E8
FFFEDEC0
0005088A
FFEC5797
FFF4E62D
FFFBB4A9
0005F09F
000784D9
FFFEEAED
00042A4A
FFE6376E
000CD305
000AA25D
00022D02
0009F3B1
FFFAE315
0000E92D
FFF79F5A
FFFA587D
FFF3135E
FFFE62D3
FFF36A4B
FFEF0AAE
0010B064
000D0A87
00146E62
FFFBCCC3
0004C222
FFF76178
0009E293
0003D477
FFFA7F1A
FFFF636B
00017F45
00062175
00046568
0007C0B9
0005789C
FFFAA7C3
FFF3BFF7
FFF0504A
FFF19483
FFF8CDF7
FFFD2642
FFFF0D66
FFF68599
FFECB7B4
000297A2
FFFE3B62
00022970
0005CEE7
000201DF
0005422C
FFF52A16
0002F2B6
0004D4BE
0009B690
FFFA19F2
FFF4FA53
0003AF4F
FFFEB199
FFF4A996
00046545
00091C78
0000D0B5
FFF35545
FFFEE20C
FFFB1E9B
FFFDD406
FFF75FD7
FFF5169C
FFFCE58C
FFF63A4F
0002BB9E
0002427B
00013FAA
0001CA04
FFF9ABD3
FFFF6517
00000744
FFFA3065
FFF51B1C
FFF7EA7F
00051C7E
FFFBD9C3
000CE79D
00097208
0000F712
000E1532
FFF78646
FFF9FFF6
FFFD28E2
FFF08E3B
FFEBCAE3
FFEF56B9
00035336
FFFC0DBB
00075543
0000EA57
FFF9CF51
FFF9D03C
FFF8900E
0009384C
FFFC6963
FFFD2393
0010CFB6
0008FC39
000C3179
FFF9B007
00018B0A
0003B47D
0006691F
FFF0F2CE
FFFED393
FFFFD4DB
0000C387
00034ED5
FFFCB33C
FFFA6F84
FFF72BCE
0004FA57
0005F70D
FFFF762F
00144C15
00036DE6
00069C88
FFFF585A
FFFF9511
FFFCD58B
0006EF47
FFFFADE4
FFF91C2E
0014F1CA
00009668
FFF72351
FFFCDA97
000BE677
0005169E
00054899
000CD424
FFF9931A
0000BF3A
FFF65060
0001CA0D
00123C25
FFF719AD
FFFB4FF5
0000D56E
FFFCD82F
FFFF3921
000BC32D
FFF7D614
0000ED53
FFF64619
0006FC2C
FFFF51B8
000B400D
FFFF3A6E
0007C550
FFF8B9A3
FFF50552
FFFC8C97
000318C0
0000B2CE
000671B1
0001DDF5
00000803
00022BF4
FFEC2521
FFF641E5
FFF41EEE
FFFFFA3B
FFFF314A
FFF9AE07
0003A960
FFFC9BC5
FFF4B667
0005D295
FFF67613
FFFA4274
FFFF2526
0004C2CA
000BFFC3
00078BCB
00083877
FFF7060C
0004D45E
0000C36A
00030B9E
00058C02
FFF7A254
00090508
FFFD5C59
000767F7
FFF7FE40
FFF504CD
FFFDCEC7
000958B2
FFE7CB5A
FFF94D0E
FFFA0364
0003492D
FFFB4F95
FFF883C1
FFF241E2
FFEF4DDD
00001017
FFF41BCA
FFF619AE
000150D2
FFF70F5C
FFFE484C
FFF0D5D4
FFFD62F3
000CF415
0009E536
FFF97F39
FFF4E4FB
0005E938
FFFCF4F9
FFF2C827
00091C5E
FFFE7A94
FFF05259
FFFD5CBC
FFF912CE
0003E18F
FFF8BFD5
FFFC52C2
FFFE16DD
00068230
0005B703
00002897
FFFC84E8
000BA728
FFF9990D
00043290
FFFC2E52
0003851A
00039ADC
000ECC3C
FFF9E554
00083622
000BC359
FFFEB4C8
00097B88
FFFB18C8
FFFCAF6E
00016A89
00027FE6
FFFFA1BB
00006805
0001E121
FFFC041A
FFF90EC7
00073C01
FFF40832
0003544F
FFFBB80B
FFFC5BA9
FFFC87F1
0000807E
FFF9944F
FFF4D8A1
FFF4C92C
FFF832E3
FFEF8929
00007B48
FFF5C8CF
FFEAECE3
FFF73E42
FFEC852F
00013531
00013C1A
FFFA1918
FFFD9271
0009A46F
FFFAEEFB
0000ABAE
FFF6A931
000B656A
0006EFC2
FFFF7676
FFF5D698
0012511B
FFFCA489
000D16CC
FFF1ED04
FFFF65FC
FFEFBA64
FFFC74D5
FFF8B8F9
FFF4E0D6
0007F56C
0004BA6F
00069F84
FFFCDADF
0001F2EB
FFF31C39
FFF5845C
0003AA27
00031A00
000F94A6
00070EA4
FFF6DBFE
FFFAB862
FFEEE433
FFF7E4E8
FFFD4796
000772F1
00089AC8
FFFF66FC
0004290E
FFF362F9
00022FB3
0002225D
FFFD398E
FFF8C2E4
0009457A
00010F6C
0002B351
0000346B
000408AD
00008332
000C95A5
FFFA8122
FFF9E805
FFFFB0A2
FFFB06B2
000BEC2A
00024D35
0002A162
FFFA4A9D
FFF11467
000248D6
FFF199D1
FFFD1D97
0001CF56
FFFBF85B
FFF2C1B2
0003C561
00013C89
FFF7F975
0002C2B6
00064591
FFFC86EB
0006B650
FFF06C99
0000D4D0
FFF56A84
FFFAC521
0004F34C
FFFB82EB
00108BFE
0003EF22
00074638
000ED26E
0002598D
FFFA16E7
FFF6CD3B
FFFB6442
FFF7958A
00034CA4
FFF41E23
00000745
FFF9D589
FFF160E3
00041F73
FFFB363B
00038676
FFF9C806
000CB442
000D18F1
FFF3E3F4
00067AC4
00044F77
000E46C5
FFFE04F4
FFFF18D2
FFFA3BDC
FFFDDC94
00094FCB
FFF558D1
00005012
FFF24779
00027DD4
0006F03E
FFF85F11
FFF97EDA
FFFA9C9D
FFF59DE6
FFFD4621
FFFCB1C6
00088B92
FFFC4499
FFFFBB19
00014E9D
FFFD5DDC
00053966
00054564
FFFBBC99
00087589
FFF8DBE9
FFFF69A1
000572BD
000AA91E
FFFE5545
FFFB75F8
00012185
FFFD5C6A
0001EC8F
00021B6C
00068C2F
FFF75799
FFFA8648
FFFCD3EF
FFF4F5DC
FFFAD6D1
FFF5C21A
000805F7
FFFDA603
FFFE5A1E
FFF43503
00057564
FFFB37E7
000089EB
FFF6FD9B
FFF58C3A
FFF32785
FFFE055D
00026082
000800C9
0004355B
0002E840
FFFD9159
00034FB0
00022E2B
00000540
0005DA03
0008BEBE
FFFF6B9D
000640B0
00087B9E
00052975
0007814F
FFFBD064
FFF9AC39
FFF4FF6D
FFFF57F2
FFFE994C
00047E38
000466C5
FFFF716E
0001D345
FFF5A60B
FFFE284C
0001E16F
FFFB16BF
FFFE33D0
FFF69E74
FFFEA681
FFFE6307
000465A0
FFFD6426
00051BD1
0008A2DF
00080830
FFFFDF9C
00022EEF
0008460B
00004AAD
0005AFD0
0009CE9C
0002BFE1
00080534
FFFAEBAD
FFFB6536
00052964
00049603
0001CC1D
0002134E
0004FD10
FFF98002
0005927B
0004BA5E
FFF92489
00011EC4
0006DA02
0004A4A3
0004F87E
00014F2C
00073EAE
000176EB
00068504
FFF9F1D8
000813AB
000AED6B
FFFC5126
FFFAB6C5
0006F0B1
FFFD94EF
000350D1
0006067B
FFFD3E48
0008A14F
FFFED318
00032698
0000AB15
FFFA8FF9
FFFDD9DC
00037E3A
FFFD611D
FFFC7AD3
FFFB586E
FFFC102C
0000B8E9
FFFED56B
FFFAD4E6
00082DFC
FFFAC58F
FFFE5212
FFF6A9E5
FFFB1EC4
FFF9C53D
FFF7AAE1
FFF3A5B6
FFFB840A
FFF632DD
FFF74F67
0001999F
FFF118FA
FFF4CA56
FFF5CAC9
FFFB4AB5
FFFFF0A9
FFFEC5AA
FFFF26BC
FFFACC1D
FFF7C256
FFFCF48B
00044DFE
000114A4
FFFBD41D
FFFD1B68
0002AF4C
00035981
FFFB719F
0004D72B
FFF132BC
FFF71136
FFFFEEF3
0003DAB9
FFF78CBF
FFFBFDF2
FFF7C05D
FFFBF4BA
000573A4
00004395
FFF336F8
00035BBE
00015739
00006F7D
00007A10
FFFCE988
0002F010
FFF7A0D7
00098B2A
00012A29
0005C82C
00048D66
0002A03B
FFFAA2F1
FFFDFF49
000547B3
00031813
000A2C8D
0002E971
00071C40
FFF8E43E
0007C902
FFFFE0DF
FFF9B61F
FFFD0EDB
0002873E
FFF760AF
FFFA9F22
FFFD334B
00020040
0003C1B5
FFFA8F94
00048EE2
FFFAC220
00021C3A
0008FDD6
000A69CE
00055E90
0004636F
0005E79A
000468EE
FFF179F1
FFFC1611
0005F748
FFF72448
FFF7E0F3
FFF519D8
0006BC9B
FFFFBB55
0005041E
000423C3
0005952B
000738AF
0004ABA5
FFFEC77F
000AE04A
FFFA585C
FFFFB186
FFF8C494
FFF9C466
00080765
000018D6
0000C9EA
0002473F
FFFC80E0
FFFEAF40
0008F127
000B1F78
00093ADC
FFFFB60C
00026BF9
00034AAB
0008DC80
0005CE60
FFF28AEC
00045692
FFF8AB5D
FFF76F36
FFFE953E
FFF62CC6
FFF5BCA1
0004D518
FFF867D9
FFFCE2A3
FFF9EC9A
FFFF0B2F
FFF9751B
FFF76730
FFEFE2BE
FFFE29A2
FFF9C273
FFFCDF1B
FFF95C26
FFFDEC97
FFFCDDD7
FFF30AC5
FFFA10C7
FFF2376C
FFFDC5A3
FFFB2098
FFF152B9
FFF9496B
FFFE13E6
FFFC6502
FFF6791B
00010B23
FFFEB922
00012E3A
FFFEACC1
FFFBC2B0
00012E2E
FFF6E858
00006D93
000022E7
FFFD1722
FFF63BD3
FFF92B57
0004D8BB
0002B37E
FFFCFDDC
FFFF91C7
FFFF8A83
0005E045
0000AAB2
FFFA0DCE
00035690
0000B4B1
0000CC75
0007A23F
0005A0F6
000D662A
FFF607D3
FFF47962
000504ED
000322D8
0002033B
0005456E
FFF6E6A6
00006744
FFF77783
00026B2F
00099833
FFF65095
000093A7
000707E5
00057C2E
0004CCAE
FFFAE3C7
0001640C
0001D201
0002D190
FFFD1972
0002417E
000451FD
FFFBA110
FFF7D912
0009FE2D
000206E0
000021A7
FFFC94DB
FFFBD4F8
FFFBE495
FFF751FE
FFFD79A9
0001ABCD
FFF8B014
FFF83DEB
000402E6
FFFA9FBA
00023E2D
00022B4A
FFFD5DAE
000784A6
000510DE
FFFCEA5F
FFF764DE
00052E53
000CFF2F
000093CF
0000866B
FFFB548D
FFF72D0C
FFFE4376
FFF9E15B
0003E7FD
0000AD98
00094226
FFFE06D2
0001F461
00037315
FFFB7503
0002AA1E
00010AE7
00039739
FFF2CE61
FFFD7C26
0003FF1F
FFF52782
FFF0C525
FFFF1F30
FFF852DD
FFFC98AF
FFFE352B
FFFD5FBF
FFF624CF
0005D77F
FFFBDD4A
FFFADF93
00035581
FFF41918
FFF8D921
000493D0
FFFB27DC
00024D5A
FFFF4484
FFF452B0
FFF70CDE
FFF636A1
FFF65930
FFF7B1B7
0003F10B
FFFBC802
FFFB41EE
0002E365
FFFEDFC4
FFFA781B
000142F6
FFFB0D20
00019932
FFFA8090
FFF8A08C
FFFD4895
FFFCF6AB
FFFF7EE3
0002B741
FFF67F5E
FFF5D9D0
FFFD5165
FFFC4007
FFFEA002
FFFE45FC
FFFCDDD9
FFFA810B
FFFB0892
FFF92CB2
0003E39F
00047722
00071806
FFF62E74
FFFBD35A
0004A91A
00054305
FFFDC092
FFFAD7E9
000011B3
FFF62228
FFFB5295
FFFF67D1
FFF637B7
0003DDA7
FFF9233E
FFFE03EC
FFFAD6E3
0003AFA1
FFF887C4
FFFA7C55
FFFF0369
FFFD9DA0
FFF46720
FFF673E4
0001E89D
FFFBF1EE
FFFA47DA
FFF9C547
FFFC0FF9
FFF79BB3
FFFA510B
00002A5A
FFF88694
000837B8
0002030F
FFF4707E
0006C57C
0003733F
FFFCA002
FFFFD83A
000281DD
FFF795F5
0005DBC5
FFFE06B2
FFF40A50
FFFA98D9
FFFCB170
FFF05E16
FFF4B7F4
FFF2CD13
FFFD88BD
FFF5EA5A
FFF5A50F
FFFC5937
00094113
FFF83095
0004964C
000A2816
FFFE8B3C
FFFC148D
FFFFDDEB
0008A013
000CBD7A
0000FEE7
FFFC767F
FFFA0126
0000DD96
FFF7B58F
00033BD0
0001D72E
00018513
00040D5C
FFFF33BF
FFF99B7D
0007BE2F
000493B3
FFFD3EE1
000797BA
0003FA6B
000BEF84
FFF92DAB
FFFC85A6
0002D37E
0003A3F0
0003717A
FFFF23EB
0007C90D
FFF8E979
FFFB5CF7
00010450
FFFDDA9F
FFF8C073
FFF33206
FFF6B487
00000A7D
00003142
FFFCC18E
FFF829AA
FFF951AD
000AAF5E
FFFB938C
FFFC35A3
FFFBBAD3
0005761D
FFFB6BA9
0000A3AE
00001D58
FFFAF019
0002A6C5
FFF83317
FFFD0FA2
FFF6C26F
00010A1A
0002525D
FFFCD224
FFF369E6
00024B30
000079A8
FFFC68D3
FFFBB7FB
FFFD26AD
000020F2
FFFC9E74
00021F72
00038BC8
FFFFAF24
000594C1
00014EE0
FFFDE0AF
000083F4
00023C8E
00089D7C
0008DE01
FFFB0473
FFF3061E
000236D6
FFF9C16D
FFF1835C
FFFF61CE
FFFE6C82
FFFE714A
FFF63595
FFFC1C50
000059A2
00116DAB
00075FFE
00036330
00032F8A
00080747
00007D38
FFFD2772
00032AAA
0001340F
FFF45458
0005134C
00094FA8
FFFF142E
FFF93F55
FFFBC972
FFFFD816
FFFD0F9B
FFF9B726
0007CD4E
FFFD9851
000B0E9A
FFF72703
000E54DE
0003F4F1
FFFC92EA
FFF8EA2E
FFFA755A
000F4562
FFF80E4A
FFFBB185
00040494
FFFA708D
000B34D1
FFFF052C
FFF35518
0010B1DF
FFEF3211
FFFD5D7D
0013CE94
FFFE2292
FFFDE0FE
000147FA
FFF1ABC1
000B568F
FFFD6DF3
0003C46C
000A23C0
FFF76104
000CFE58
000887D1
FFF8610D
FFF67D38
FFFEB4C6
000670AF
00033D63
0007FCE3
000B63F2
FFFD1667
0002FCBE
FFFD812B
0002AD4E
0008C48C
000BCE77
FFF868B8
000D1E18
000CE1FF
FFEF475F
FFF3D2F6
FFFC734B
000192CF
FFFC3B8F
FFFA43F4
FFE89902
0002EC9D
000B553D
00036511
FFFC8AFC
000C59D7
FFFA3E68
FFF42B9D
FFF59F6F
000221AB
FFFD2972
00002259
FFEDD34D
FFFE62F6
000A58E4
00053C32
FFFF489D
0001AF41
0003808B
0001A18A
FFF6A886
FFFDEE67
FFF3CC25
FFF7F97D
0006802C
FFF7F46D
FFFF944D
FFF9FAF1
FFFA80E6
FFFFA426
000C82F8
000774C3
FFFDAE6E
FFF95E89
000F11ED
00088972
FFF1B466
0005B2C9
001226ED
FFF392DE
FFF17274
FFF794D2
FFFF528B
00088FED
FFF243C6
0003267A
0002E4C8
FFF6FEE4
FFF7DA07
FFF0777A
000C4E72
FFFDB995
00004F25
FFFA12C0
FFF84834
FFFB453B
FFFA7733
0003AF78
00014B45
00071AED
FFFA7FEF
FFF439CD
0007D47F
FFF331B6
FFFC6710
000A0640
FFF5D9F4
FFF79C26
000A02BD
0002473F
00073C23
00172062
FFF9BB71
00047BB5
FFF7D6DD
000040AF
000BB67B
0002A538
FFF5955A
0000C37A
000714BF
FFFFA6E5
FFF8A294
00012D30
000C791D
FFF18D34
FFF49201
0007B3D9
FFF10BA4
FFFF4524
0007373E
00020DA5
FFECC4E0
000D97B0
00068D29
000A0094
FFF8949A
000EE926
FFF877DC
00042BA0
FFFB9CB4
0006E6B8
FFFD7713
FFFBE2F8
FFFAE0DF
00047CE3
FFFE59FA
FFFEC6E4
0002A6F6
00085403
000A3E6D
FFFA6D8C
FFF06133
000974C9
00064E2C
FFFF4339
0007FDCF
FFF867FA
00006F5A
00036F96
FFFD534D
000633CB
00088FC6
0009D193
0003FAF2
FFFB2CCB
00039906
FFFB595D
FFFF75E6
000126BE
FFEE6B02
000C6AB5
00038A12
FFFAF8FA
FFEE86E3
FFF83D66
FFF45C90
0016240D
0014088F
FFE5AC0C
0006EA63
FFF85398
0007E6E1
FFFAF0BD
FFFA9841
0001E0BC
FFF06FD2
000C0615
00035CDD
FFF02E5C
FFF43427
00032422
FFF69379
FFFEBE78
00034304
FFF4E5E1
0004BA4F
FFEE0624
0005C790
000194AE
000FB071
FFF8478E
00061BCF
000B7757
FFFB243D
FFF28E70
0001BF8A
00079382
FFFD565C
0001999E
0004E51D
00072FDB
00062A33
FFF74EE0
FFF0728F
000B23DB
0001F192
FFF57628
FFF4CF4A
0000F180
FFFCCB55
0006FE9D
00021FB9
0004048D
FFFDC77E
FFF0CA13
FFFC0527
FFF745FF
FFFB5F8E
FFF469E6
FFF13C48
0004E9A6
0000B7B3
FFFF9896
000CBFB2
FFFE012D
00019573
00028729
00053E08
FFF956A0
FFFBDB94
0000BD22
FFFE0313
FFF68E07
FFF2921C
FFF1B8FF
000F4D5D
FFFF9F45
000F89FC
000D02B5
FFFC6106
00022308
0000AB99
000768FF
00076CB7
FFF087F8
0002E378
0006AC5C
00010ECE
0009A66E
0012E134
00020F03
FFF8A3A0
00079A3C
0003A953
FFFC8D80
00054A5A
000051D4
FFF44000
0004103D
000526A7
FFF6071E
FFFEFC6D
FFF28280
00025E64
FFF3C23B
00034F45
00003AF4
000A96A1
FFE96DA6
FFF60C37
FFF5A1DD
0005457D
0001F43B
0009A8B9
000479F5
0000E396
FFFF79C1
FFFA97CF
FFFFE7FF
0005875D
00045DCE
00096281
0001E7DA
FFED07AE
FFFBA979
0004DED9
FFF48A5C
FFFC70B6
000762BC
000928C8
00062149
0002720C
0006D8A9
FFFA714E
FFF4EE92
FFFB5916
0010AFB4
00031C3E
000C9822
FFF72104
000093A1
0002845D
00091DD3
FFFEAA3F
000E0C91
0002A006
FFF8E4B6
FFF88FF8
00051FAF
0003B5BA
FFF22A97
0000988D
0004EC43
FFF7D772
000B9245
000D2861
000ACD3D
000C61E1
0002FA38
00034769
FFF0296F
000B7D86
0009FDC4
00116C59
000730E2
FFF4748E
00060EAE
FFF00F66
FFF340F2
FFE756A3
FFFB7BB9
0003DD11
FFEFDFA6
FFEE5DCD
FFFE4E43
00019F75
000AD7E4
FFF9E23B
FFF13298
0002B826
000445E0
0009FB8E
FFFA875C
FFF89BF0
FFF24C93
000DAF29
0009CED2
FFF55CF9
FFF5DA6B
000ACC02
FFFAF25B
0006E349
FFF5214A
0005E9D0
FFFE616B
FFFD8043
FFF1F8F0
FFEEB680
FFF722AC
FFFF8454
0003A294
FFFC4578
0005C3CA
FFF94DF0
FFFFDE37
FFFB17AE
FFFC9540
FFF4FDAB
FFFB0128
0008D3D7
0003C068
FFF40898
0001A754
FFFD797D
00066F6A
00077030
FFF757A8
FFE35FA4
FFF7449F
FFFF08B9
FFFF9C22
000AD5F4
FFF7C185
0002209B
00073C02
00177AAE
0006323B
FFFAB2CA
000E2725
FFFD6BD3
000389F2
0011CE6C
FFF1937F
FFF64821
0005D16F
00037AED
FFFC6F20
00072C44
00029B22
FFF80D65
00023D4C
000749C0
FFFA298A
00002673
0005E23C
FFF44A80
FFF6ED72
000C0AC9
FFF7B930
FFF263D1
000C3CCC
FFF82791
FFFBAF78
FFFFDB61
00041D85
FFFE77D7
FFFD6E83
FFFEC342
FFF11720
FFFB0726
0006ACE8
FFF66A20
FFF22773
FFFF1B97
0002CFA6
FFF7B754
FFF4D198
FFEE0624
FFFD818C
FFF759B4
FFFEA232
FFFFAD0A
FFFB545C
00033AA8
FFF10807
FFF81AA1
00022EF3
00049EA2
FFEFF2A2
0007A00A
0003AF01
FFFF01F6
FFF882C5
0003F1D5
000F6697
FFFBF983
FFF77BDA
0001116F
00039B11
0009361B
00003505
FFF307D8
000A2983
FFFD4C37
000B7262
00062C12
FFFE1B45
000B6A37
FFFCC1E7
0000EEA0
FFFAB0DA
00104DBD
FFFE922B
FFF74415
FFFEBCC7
00092279
0005CB61
FFFB9D32
FFFDDD51
FFF4FC53
FFFF66CC
FFF9EF05
0008D6A7
000AE416
0007EAFF
FFF80786
FFFA9D51
FFF7ECFC
0005E9FD
FFF5C577
FFFFA3EF
000A89B4
00092D44
FFFC00CB
FFF4A7A0
000D1A95
0007DAA6
FFFF0277
0011F5A9
00084CBD
000CF326
FFFADE42
FFF6E455
FFFEE873
0016CA55
0004A990
00112C38
000EF582
FFF697C0
FFF8287E
FFFED94F
00060A06
FFF9516E
FFFA0462
00047DDB
000E8636
FFF1B23C
0001EF89
FFFF46CA
FFFD9A5D
FFFB5A24
FFFB6E84
000760CF
0005C43F
FFFCA4D2
000785C9
0008A1B4
0009C7BF
000055DF
00061143
000B9926
FFFD054F
0002CD99
FFFBC0DF
00066BF8
FFF50E59
FFFDC343
0007C856
FFFFBA1D
FFF19B6A
0006D40A
000BE6C1
FFF3E70D
0003DB8C
000A28D7
FFF8D429
FFF3C107
000928D2
FFFB97F0
FFF8C911
000935BD
0010AD5D
00005263
0002372C
FFFB4331
0002694E
00097376
000C3437
FFF926B8
FFFE3909
00054348
0002ECEE
FFFD2015
FFFDC46F
00071CEB
FFFE7C41
0002DC7D
FFFFA0C3
0003149F
00030949
FFFC0BC5
0005161C
00008AC8
00040242
0003E967
00058200
00011D14
00060CF9
FFFCF378
000A5952
FFFB7AB3
0001E677
0001F118
FFFF9E5F
00069E90
FFFD4659
FFFC1988
FFFC285E
0004278E
FFF9222E
FFFA2C65
00035D97
FFFAA9F8
FFFFE90C
00035B69
FFFDD665
FFFDC92A
FFFA6C70
00005B55
00042F84
0005188E
FFFD9468
FFFF5499
00004031
FFFAE797
00016C03
00063C96
00038D22
FFFE6DC9
00073F7B
0000400F
0002A454
000663FA
0000E402
00039A8E
FFFF212A
0002047A
00051454
000559EA
00079B0C
FFFAFC10
00018DE9
FFFF7359
FFFE10C7
00017557
FFFD316F
FFFDE108
0001D406
FFF91AA2
0004766F
00016D0D
0002F857
0004BB3A
0000E447
0002FD6E
FFFF41CA
00008D70
00028C2C
0001E6E7
0007A806
0006ABAE
0002E90A
0005947F
0006A335
0000D996
00043A34
FFFE8A42
0007E266
FFFCEFFB
00055692
000BF1EC
00062267
00096D7A
0006FEBC
0005C5CC
00052DA4
0004F952
0009A017
FFFEDF39
0005F423
00005D6D
FFFE45A2
000431BE
0007AC29
FFFFEF3A
0002A906
FFFFDF24
00062FA9
000197F0
0000EC2E
00048061
FFFDA640
FFFCCF56
00035784
000224C3
0006A2E7
0003E4D8
FFFB91D6
FFFEE548
FFFB42E7
FFFC12E2
FFF83EB1
0002407D
0002342B
00011B9B
FFFE91B3
FFFF1E77
0001FF26
FFFD8B04
FFFF24D9
FFFF9746
0002EA24
FFFD6641
00049D38
00055867
0002207F
00024592
00069CD6
FFFEFEFE
00022CDD
0004787C
0002AFB7
0005BF6B
FFFD8B13
00049034
FFF91064
000070D6
FFFE238A
FFFFC70D
00007DB1
0001027D
00060F5F
00015F2B
FFFF1643
0001292A
0004A6CD
00053A7B
000558BD
00034EE5
0004D6AB
00010094
00038EB1
000462C7
FFFE258C
0000376E
00028D8B
00020807
FFFC2D1B
FFFFE844
FFFAFFC6
00032C1E
FFFE67D8
0006FDF0
FFFEE3CC
00020876
00075CBF
00018AD5
FFFB3EB1
000888C0
FFFB91D3
0000B3F5
00053D53
0004D835
FFFDF217
00056854
FFFF18F8
FFFEC2C8
FFFF34EE
0000C41F
00036122
000298C1
00007187
FFFD11C3
0005D107
FFFB9361
0005FA4D
0005AFA7
FFFAB59B
0001C8F9
FFFEB7D5
FFFEA865
FFFB8FF5
0001AAC5
0003511A
FFFFC2F5
00003123
FFFF54D3
000438F6
0001871E
00064C3E
000266FE
FFFC15BB
FFFE70EA
00066146
00018212
0004262B
00073A83
0005ED66
00083AAF
0003DAE1
00072CF2
0001EA30
0005C5D4
00033C8E
FFFCDC2A
0005A759
0004B07A
0006D21D
0007901C
00031087
FFFD3CAA
00002188
FFFFE088
0003CD77
000440E3
0004B47B
FFFF757F
0004A51E
0008FEDD
00028059
FFFE2E09
00027009
0001062B
0005B33C
FFFE23C6
FFFF36BD
FFFC9D36
FFFE3312
000155D6
0000014E
FFFF5D2C
0004BC9B
FFFC73B8
00004091
FFFADF4C
0003A14C
00030AE4
FFFB4E09
000674BD
00049C33
00054BB9
FFFD4952
FFFC2ED6
FFFF8ECB
FFFB2DEC
0000EBD4
0000826E
0001E3DE
FFFE03C8
FFFD6CA8
FFFEFC2E
FFFC2877
00044C62
FFFFD6F6
000270DF
FFFDCF39
0004BFCD
FFFFB845
FFFB89E1
FFFD12AF
00008440
0000F977
00070A3F
0002B9B0
FFFE43EA
00032F4A
FFFE690A
FFFF250D
0006BD90
00054BAE
FFFF68CB
00044B6D
0004D231
FFFCDC3D
000185C5
FFFC9AD5
0002401B
FFFF9A30
00048E36
FFFD2C08
00047763
00011B04
00022553
0001C095
000626FD
0000976C
0000A2C6
000497A9
00054AC0
000428B8
FFFD56D7
00034CEC
000580B4
00008351
0001C17F
0005E4BC
00043CFD
0001782B
0003D190
FFFC5B0C
FFFA2E8B
00018091
FFFF4A2B
FFFFA9C7
FFFE7D48
0005A097
0001A10E
FFFAEF6A
FFFACBE6
FFFC14D8
00011705
FFFD73FC
000083CD
0003B4C3
FFFEA124
FFF81EC1
0003164E
0003B7A9
FFFA88D7
0001B670
FFFFC5BD
FFF965DE
00033012
FFFE82F5
0000F7C1
FFFE87E5
FFFEDFDA
FFFFE588
FFFFF148
0001F166
000249DF
FFFB4D39
0002B9BA
0002D654
FFFFB840
FFFFED76
00023F85
FFF97494
00042DC6
FFFA56EC
0003FFEB
000436DD
FFFF62D6
FFFD52A0
FFFE7B17
FFF94B76
0005E8E5
FFFF650B
FFFFDAD0
00044CB8
000413B5
000506C8
FFFEC0B8
00045E53
0000429A
FFFDFED4
0007B6B8
FFFE6AF3
00035E0D
FFFF5611
0000FCB1
FFFE787B
FFFE3B1F
00024648
000109A5
FFF6B013
FFFB392A
0005F148
0006107B
0000DCDC
00006C7D
FFFF7D85
FFFCFCFD
FFFD1FBF
FFFAB182
0003E0E2
0001F01D
0002CFD6
FFF9A0B4
0004D0C8
FFF779AD
FFFB860E
00049695
FFFF478E
0001C7CD
FFFC3CC5
FFFC3772
00021B05
0000902D
000392CB
FFFEEC41
FFFD456C
00034251
0005673D
FFFFDF55
FFFCDFA1
0002D8C3
0002CD3D
FFFF9C7E
FFFF6E82
0001D549
000236EB
0003459D
00007379
0004A3AB
FFFDEC1B
00033B24
0001CD02
0005F412
FFFF3459
00012EDA
FFFC0102
FFFC79E9
FFFBB5AD
FFF9C60D
00008A45
FFFA35BA
FFF9B652
00002174
FFFF1615
00019392
00055E3C
0005F235
FFFA4045
FFFD926D
FFFE2AE8
FFF8D4FE
FFFEE3C9
FFFE0F86
FFFED1FE
FFFB0667
00034889
FFFD741B
00009247
FFFF3E72
0001AFF1
FFFDFBD2
FFFFA66C
0002901A
00031007
00052033
FFFDB6F7
00010983
0004C35F
FFFBA47C
FFFD7248
00039242
000071DC
0003130D
00014355
0001CA2E
FFFF91D9
00043A43
FFFC2EB8
FFFF49E4
0005671F
FFFC2FED
00038B9C
000129CB
FFFB6C2D
00002476
FFFCA316
FFFD5E9F
FFFDF009
00057897
FFFCFA5A
000614DB
0004A0BD
FFFFBC7B
FFFFC53E
FFFA4530
FFF80E18
00061BB5
0003DD55
FFFB5427
0002C8CF
FFFF7F71
FFF8E323
FFFC3E6E
00032719
FFFA706F
FFFE8E34
FFF903AB
0002B791
0005D073
00090E14
00019E52
FFFE28C3
00076B0C
0006D023
FFFF274D
00009A23
00002DB1
FFFF6FBB
FFFDC6CD
00032064
FFFDAB43
FFFE5ADD
0003F1E5
FFFF6B1A
00024CEB
00018126
FFFDF0DC
FFFC6DE2
00026F23
FFFDC46F
FFFC308E
FFFB77B1
0000F9B7
FFFDA035
0001F78D
000617FA
0003F5AE
000408E7
0002C811
FFFC05D8
FFFF1A8E
00029A06
FFFE0764
0004E913
0006FC7D
0000F91C
00071465
FFFD661C
FFFB9479
00014BC9
0002472D
FFFDBA54
FFFB8BE3
000507FA
0004CB4C
00005FF8
00017DA3
FFFDCC47
000042BA
FFFD364F
FFFFF78E
FFFDF5B4
00054DED
00016E7B
000619DE
0001CCC1
00015B39
FFFCF434
00048E03
00016269
0003CE2A
FFFD51AB
0000C045
FFFBED90
0006D375
00005C35
FFFDD6F4
00016EE7
000234CF
0005CA1C
0002F551
FFFF8235
FFF5B32F
0009E8E1
FFF23B45
00063433
00036271
000690C1
FFF61883
FFE6B8E8
FFE9E180
FFF4ADB3
FFEE318B
FFFB6577
FFF6BC2E
FFEF6DBB
FFEA2236
FFE7AB32
FFF1DF07
FFF05144
0006691F
FFF4F11F
FFFD5AD2
FFF89014
FFFD3220
FFFE3D37
000343A8
0003CC17
FFF4D013
FFFFE4CE
000C8360
FFFA76B0
FFF82728
00011FFF
00042886
FFF78AA1
FFFAD5F4
FFFF7DF9
00072182
FFF1E6E1
FFF516D9
0009B45A
0001108C
FFF0CD33
FFED0A20
FFFCC9E5
FFFB0715
FFF138B9
FFFACD53
00035839
0009FFA4
0005D0B5
FFF721DE
FFF24FFF
FFFE3F76
0010DD4D
00026644
00029E8D
FFF30E53
0005461F
FFF70B47
FFFEF9F7
FFFA4E14
FFEFEB98
FFFFF4F5
FFF30394
FFF294DD
FFFB4033
FFF9ED5E
FFFCCC8A
FFEB98C3
FFF1FBAE
FFFD4F04
00087FFF
FFF7480F
000173FE
000BE9F9
0007018C
00139D64
00032A27
FFFEC4F7
00114FF3
000CF841
000E35E3
00134005
00016A4A
FFFD2E5F
0010125C
000E226F
0005167B
0002A032
000903BF
0000705C
00079AC4
0000A951
00115D48
FFF3C991
00033492
00074FC5
FFFBDA09
FFFECFBF
000397F0
000DA61D
0007DE79
0017DC0E
FFF89AF4
000586FE
00165C88
FFFD6F69
FFF390FD
FFF74459
000A5ADE
000A491F
000CD77B
00007094
FFF1F3E1
000DBC9C
FFFC26C3
0004DD0A
0008A737
FFEF3BA7
FFF9DADB
FFF46B0B
0005EB1D
FFF58E72
0001A7C7
00057CB6
FFF9442B
0008B59A
000650A4
FFF8FF84
00061F23
FFFDEE4C
FFFA1CED
00072D50
00049381
FFF5F65E
00004612
000613DE
FFFE127F
000B5CCF
00081E8D
FFF67D5C
0005739B
FFFC7CEB
FFF8E39E
FFEA7B50
0001CBEE
00005F28
FFE07792
FFF5B10E
0002D8BF
FFE4D3E6
00022515
FFFBA053
0011F7E9
000BF516
FFFEDC47
FFFAAF0F
FFF90BAA
00018812
000393BC
0009BE3F
FFFD7DA3
00048804
FFF14F60
0004E1E4
FFF44B77
FFF74C98
FFFA0E2A
0003A5AF
FFFBAC6B
FFFEA599
0007C4AB
000DF80C
FFFABE55
00006730
FFFEAB28
0000929E
FFF325F8
000DBF25
00059C5B
000A17E0
FFFA1F80
000DDF25
FFFD3C62
FFF99EBB
00031A43
FFFDA312
FFFDA08C
0004AD83
FFF54CC7
0009B973
000769F8
0010F929
0011CAD3
000BC10E
FFF5FBC2
FFFBD094
FFF697A2
FFF3C895
FFFEECD0
FFF9DC21
FFEFA293
00030955
0004CA18
FFF3861A
FFFAA055
000E5C33
00034737
000D0020
0000AFC7
FFFA117E
FFF21B86
0005EDC6
FFFCF7B3
00179A7D
00072E82
0014A2F9
001167DB
001472E4
00167759
0010C9EA
00146022
000C7F3C
FFF187AC
FFF713B5
FFFC0AC7
00093F5C
FFFB3162
0005F899
FFEE9185
FFEC3DBB
0008B76C
0002675B
000487B0
00033CA8
0004E836
000D7706
000D650B
001343FB
000F5903
FFFEEF15
FFF34CD4
0001A829
FFFAF7BE
FFFC0C2F
FFFDFBFD
00080517
0005845E
00017AC8
000B3B08
FFFBA2BC
FFF44CB2
FFF06D95
FFFDBB11
FFFE8ADD
FFF41E3F
FFF1AAEE
FFF53B8B
FFFB360C
00037E60
FFFC1654
FFF1284E
FFFD171A
FFF45FA6
000534D3
000BCEAD
FFFB2759
FFF0543C
0007C1DD
FFF836DC
000379F5
00058923
FFFF9E81
FFF4A2E1
FFF652DF
000E22DA
FFF010E5
0005E569
000C24DE
00034172
001261CE
00100DCB
00193E1B
0017958D
0011F7C2
FFF85AD3
0009D1AB
00026C9F
000698A9
000CD59B
0008BBFB
0009131B
0007FDCE
000BF01B
0005712F
00115084
FFFA50EC
FFFC55C2
00065DDB
000A420E
001358C3
000E8787
FFF6BE12
FFF7E725
FFFB84E3
000711D8
FFFFFDBD
FFF3DF17
00052091
000D435F
FFFA0973
FFF8A20C
FFF65962
000F4BD3
000D9D17
000787AF
0001BB0C
FFF313B0
000EAF91
0003A564
FFFF899B
FFF71003
FFFB9F43
0008C7AB
000216EB
0001B7B9
FFFD3BED
FFFC9B59
00018FE6
0002C5B1
0007AB0E
000522CD
FFFD9E9A
FFF16A63
FFFD776E
00032DC7
00054FF6
FFF8CD16
FFFAB5F3
FFF7A880
FFFBE13C
00099E50
FFFF3631
00041B5D
00085EF3
FFFAA9A6
FFF6D0D8
001054B4
FFFA7E7D
FFF57BF4
FFEDA3F1
FFF6880C
000A11AE
0004542E
FFEF5ED7
FFF74306
FFFD5FD1
FFF28C8F
000BBF97
000CB24C
FFFD7B15
FFFDA7CA
0010CBEE
FFFABC76
00054F6A
000E39AF
FFF96304
000950AC
FFFD5AC9
000E2103
FFF684F9
FFF84CC9
000DEA1C
000194F5
0003CA52
000B724B
FFF24809
FFF40EDC
000233E6
FFFC6B71
000498C0
000937D6
FFF565F8
00028DDA
FFF43691
FFED4870
FFFBB1EF
00044DBE
FFFB82C0
FFF0BC3E
FFF70581
FFE769F0
FFFDC141
00008D90
00107AAB
FFFD8085
000AC6AA
0004C363
FFFFA12A
FFFE76A3
000A21A9
0014FC32
00028621
00051117
0002B0DF
FFF9A27B
00087643
00025D86
00002D2E
00015D35
FFFB1968
000E56BD
FFFA3CBA
FFFCA59C
FFF353D1
FFF8C2F6
FFF1434F
FFF7BA02
FFF240DE
FFE4A6F2
FFFCB98E
0002DA50
FFFFF3C5
000605D8
FFF8811C
FFF48E5C
FFFC263D
FFFE12F0
0000547C
000945EE
FFF8DA9B
FFFFA8D7
FFFF3AEF
0002E77B
FFF6495D
FFF2674F
00074B14
FFF60540
FFF16A0A
FFFD1314
00033086
FFFB97F5
001279A5
000FCA28
FFF25901
000615BA
FFFAAB7E
FFFC13A2
FFF2B53B
FFF75E2D
FFF3BC6F
FFFF382A
000437CA
0004CC1F
FFF63DF9
FFF19892
FFF7898E
FFFFEEB2
00021DD9
FFFF98A4
FFF3A229
FFFC9F63
FFFE1C1E
0002EBED
FFEE3E2D
FFF19B1E
FFF8F47A
000847BA
00051E78
0011EA68
000D6312
00054C52
FFF65F87
0004A04F
000777F6
00073914
FFF8A5C9
FFFCCCDE
FFF9D6E0
00024EFA
FFFED0CB
FFFD6E14
00031B68
0003C6BC
0010442A
00009A43
00028602
000BC3C7
FFF9961E
00007E02
000739B4
0002FE1C
00077F53
00074FD7
FFF67C3E
0008F3D7
00053720
000362BB
FFF974A7
FFF4258B
FFFAB170
FFF932A9
FFF58209
FFFFF7F9
FFFB1543
FFFCC167
FFF14867
000D54D3
FFFA6807
FFFA6E16
0008F5C2
0001B864
000400A5
FFF69B57
FFF946A9
FFF9D73E
0008E520
FFF7A4F9
00022A6F
00012963
FFF06820
FFE92D0D
FFF6E532
000348B0
FFF58489
FFEBE873
FFF836FF
FFF185CD
FFFD356F
0001C989
000B170E
000C8DC8
FFF44344
FFFF2041
0000CA7B
00068AB2
FFFA47D4
000E03EF
00013AE4
0002469F
0006890B
FFFED7E6
FFF92EA9
0004B7E9
00088373
FFFF6000
00002459
FFF1D4E6
FFFE1E58
0000C415
FFFC6328
FFFC9F76
FFEB49E7
0004B38F
FFFC3005
FFFE432D
00013C5E
0006ADB2
FFFBFCA7
FFF58B7C
FFFDC469
FFFAA6BB
FFF8FBD8
FFFF5D23
000D8D9E
FFF900F6
0003A9EC
000692B8
0006E932
00079698
000E4003
0005DE5C
00078268
0005D855
000530EF
FFFDF0CF
0002E984
0009959A
FFFE037C
0007AE57
0008133F
FFFBB140
FFFBF592
FFFB5800
0000992F
0005B1A4
00041CBC
0003AE73
0009070B
000426CE
00033850
FFF86204
FFF58BFB
FFF553CF
FFFA979B
0005AF42
FFF70730
0000D7C1
FFFA3C1C
FFF58CC2
FFFB64EE
FFFB0977
00001AE6
FFF8C7B7
FFFB622E
000B8548
000A6F1B
0001AC0E
0001FD32
0008068C
00040359
0009582F
000DF137
FFF915A3
FFFE711B
0002F308
000EF565
000F967E
00004780
000911E3
FFFB7840
000B1276
000C1A8B
FFFF5B92
0004A1CF
0000A044
0005C539
FFF555E4
000249CA
FFF9F02B
0002D03E
0005AD0D
FFFBE4FD
FFF7812C
000AE349
000A595C
000AB473
FFF43763
FFF48324
FFF7759B
FFF7E373
FFFB70FB
000355C7
FFF2E39C
FFF94197
FFFDF8E6
0000C36A
00046D49
0002BBAC
00059EB5
FFFFBBE5
FFFA8B21
FFFE8D97
FFFBF3F4
0002CD4A
FFFD2655
FFFC31F5
FFF660A9
FFFFBB3B
0008CF2C
00042B00
FFFA54D8
FFFCBC20
000A46EB
00048A12
00036F1B
0008FDE2
00039527
00077521
000A2D8E
000688F9
00094032
0006B0C4
00052887
FFFDD944
0009DEF7
0004830F
FFFDD327
00052E00
0000051C
FFFC817A
0009140F
FFFEF868
FFF72D48
FFFDB871
00015C44
FFFD309D
0006318E
0007A3AE
FFFF9CD6
FFFC8D91
00038351
FFFBA713
0002EB63
FFFB5F00
FFFD2F3D
0002C697
FFFEFA79
00046CC3
FFFBAE0D
00099704
FFF86574
0005A0B1
FFFED052
000438F2
000218BA
FFFEE1A6
FFF71F3C
FFF8EFA3
0003F6DC
000A2A37
0001BB5E
0006CC42
00013639
000AEE91
00050D3A
FFFAA867
FFF6335B
FFF1DD26
FFF7DCC0
FFF54D34
FFF7B2F8
0003385B
FFF511C4
FFFCB559
FFF8CA2F
FFFA687E
0004B957
FFFE3DCD
00026C3D
00052EE3
FFFCE318
00033240
00019922
FFF8C00A
FFFC7E39
FFFE571B
000A364A
0006B2E0
0008EFCA
FFFAED11
00073F35
000E3313
000F9A96
00076515
00047027
0007F0F8
000232A2
000141D4
FFFD1CC2
00027EC3
00095A68
FFFD447E
0000E360
FFFD045E
FFFDABED
FFFD44CF
FFFEBF83
FFFFECF6
FFF66FC1
FFFAAC3C
FFFBE85C
00017D42
0001FD07
00046F2B
00035EFE
FFF85859
0001F32F
FFF62FB2
0001B42F
0000F5A6
FFFFC53C
000AD01C
FFFB62D9
FFFD7C3D
000879EA
00065753
FFF90DCE
FFFDAF50
0000AB08
0003BE5A
FFFB3F11
000357AA
FFFCF9BC
0004C018
FFFEADA7
FFFC1AE2
FFFC6E44
FFFEEEB8
FFF53F68
000A9720
FFFDD671
0003486A
0003ADFC
0007408E
0006194B
00027CEF
FFFD0324
0000C3C2
0000BB8D
FFFF1267
0002082B
FFF6A2B2
FFF7736C
FFFF81B8
0000570B
00002953
FFF5F64C
00021C76
FFFF9AE8
0004ABAD
000153BD
00046F56
000721CA
0002A1EB
FFF7F5AD
FFFD7FBE
00038F75
FFF88798
0000262E
FFFEA6E1
FFFBED1E
00028310
00009C58
0003C725
00005166
FFF43954
FFEFF244
FFF21014
FFF859EC
FFF7DC6C
FFFFE823
00009F94
0003C535
FFEF5B75
FFF7A13E
0000F3EB
00059B5E
FFFB9720
FFF3FAD2
FFF7E772
FFF81193
00080020
00015F54
0000AA8D
000032AD
FFFB818E
FFFDCDF5
0001E6A9
00018E12
FFFB4032
0006BBB1
00022B5F
FFF560E1
FFFB390C
FFF7CEF9
0009BD56
FFF7C2BF
00016DB2
FFF87376
0006E69D
000771A6
FFFB1FFE
FFFAFB36
FFFC9EAC
00096D14
000ADE41
00090E53
00013497
FFFD0057
FFFA7FD7
00064780
FFFFC02F
000583F1
0001C3A6
FFF68B12
FFFA1E6D
000E09A7
00042AED
00033616
FFFE5475
FFFBA238
FFFF7AFD
FFFB6918
000BDA55
0000E872
FFFD3710
00052DCC
00048FE5
FFFBDE83
FFFCEA0C
FFFAAF90
00030964
FFF6B63C
000675E9
0004D264
00028FF2
FFFEBB38
FFF7446D
FFF3BEC1
FFFA0073
FFF6B961
FFF8FD52
FFF3B4A9
FFFFBFD9
FFF38002
FFFFEC19
FFF6ED6B
FFF5E631
FFFEA044
0005F9E1
FFF7B456
FFF93ADA
0004056A
000104C3
FFFFCA0B
FFF870E1
FFFE4346
FFFBDEC4
FFF69804
FFFCCD67
FFFFDF50
FFFBE5D1
0001C84D
FFFA5BD5
FFFC3E99
0001B083
FFFB0330
FFF35611
FFF67BEB
FFF8FFBF
0003BDD9
0001509E
FFF42CB7
000043EC
FFFFB14F
000DBC3A
FFFE1B2A
0000417C
0008F25B
FFFEBBF2
0002CE51
FFFF8B63
000117AF
00033CF1
FFFEB1C7
0007B955
00085A34
0006A075
FFFFBCBA
00089388
FFFD05EA
FFF5FBEF
FFFB17F4
00022D45
000A3F34
FFFD23CD
FFFB6E9E
FFFFB931
00009288
FFFF3CB7
FFFAC266
0007FAF6
000189D2
FFF6F8F3
0004805D
FFFA3AB6
FFF92B14
FFF9BD79
0000E651
FFFBBE18
00027FDF
FFF7A165
0004C47B
000851E5
0001D630
FFFA23B4
FFFF6497
0002935F
FFF8A9F6
FFFF1E22
0001432D
FFFD0762
FFFC525E
FFFA29DC
00041DAE
000927C0
00003E4A
00018D26
FFF9EB88
0004D74F
000000DF
FFF84E61
00008C29
000D0820
00048A1E
FFFB5A0B
0001DC4F
0000FB3E
0005B028
000649BD
FFFDBFAC
000BC651
000750A4
0005CD57
00050767
000AABA2
FFF61617
0003D3AC
0003D14C
000723A6
00081156
0003D0E9
0001A515
FFFAD41C
FFFCC0EC
FFF97D25
FFFC69AC
0009405C
000624C3
FFFD7EEF
FFFDB357
FFFD811C
FFFC6758
FFFBC203
FFF46A69
FFF1C7BE
FFFDAF1E
FFF25895
FFF3358C
FFFB6504
FFF40D87
FFFB6507
FFF79C5A
FFFDCC21
0004D4EC
0004E82F
00030BD6
FFFA771D
00054699
0002C256
000D83EE
00070E59
FFFAEADE
0004A412
0000D332
FFF62FF6
0004E552
FFFAC1A0
FFFA42E9
00092FF5
0003B2C7
0000B784
FFFD5CFB
0005BE5A
FFFFEF72
000092E5
0008BB5B
0008A16D
FFFCE59C
FFF71F70
FFFD3892
FFF9935E
FFF93F11
FFFEAAA6
00041952
FFF29735
000283EF
0002AF55
0006D61B
0004E61E
FFFF46CB
00031636
000792CC
000691CB
00075953
FFF9195E
0006AB2D
FFFAEE77
00065C37
000E5E23
0000F906
FFF77253
FFFD11D4
001018B6
000532AD
FFFF7D83
FFFF01FC
000BA391
000B4EF5
FFFFBE8D
FFF43C44
FFF6AFFE
00033D3C
FFFCB720
00043276
00031F58
00082764
FFF9CB6A
FFFF6258
FFF47BFC
FFF5E7C3
0008CA20
000346CF
0000A81B
FFFE9078
FFFB8FFB
00034695
00055203
0006FE9C
FFFF2C60
FFFE60DB
FFFD69C8
000555D0
000065BF
000270B9
00086ABF
00020F63
FFFE5F55
FFF71E58
FFF7A248
FFFCF672
00028617
00090952
FFFB2BB3
0005698D
00054E9F
FFFDEE78
000853D5
00088976
000C3FDF
000670E9
FFF84345
FFFF76C8
0005C149
FFFFF0BC
FFFD3F16
FFFBEC39
FFFA7EDF
0007DB05
FFFEDD15
000675D8
00024E6D
FFFF0A16
000766A3
00034E12
0001BC68
0009832A
000686DF
0005C1BB
FFF4324B
FFEF0D5A
FFFA343E
FFF70B3C
FFFB5E5B
000993FA
FFF9C1A2
FFFFC8EA
FFFF1FA8
0005CEAE
00038ADA
00000A3B
00144755
0004AEE1
FFFC6E98
000E7FB7
FFFA6719
0007787E
0011B80F
000626F6
00052D03
FFEFB247
0003204A
FFEF0CD9
0000BF41
000323A2
000DEDF8
FFF68F7B
FFF9FDF4
FFEF1F93
00023E0F
FFF1CEAD
FFFEE536
FFF1E71A
FFF36326
FFE97BF7
FFFE7712
FFFC88B7
0007526F
FFF89E45
FFF10FA6
FFF73A59
00026C18
000639E1
FFF8F0FF
0010B933
0013925E
0000016E
000DB03A
000CE4E7
FFFC0026
00054FB9
00041D11
FFFF317A
00115A2C
000251D8
00030F15
00045B05
000E2F83
FFF84C77
0002609C
000D6B76
FFFE602F
0003E8DD
FFF57159
00016B67
FFF8660A
0008142B
000073B1
0004726C
FFFA702A
FFF50C84
000107D4
00020D4C
00000F7D
0001E47B
FFFE86B7
FFFE92C0
FFF6A825
FFFC2131
FFFBF0CE
FFF77E14
FFF73F1B
FFEFEDB4
FFF35B60
FFEEBB48
FFFBF707
FFF95801
FFED76B7
FFF3D1D5
0004D6B6
00025068
FFF85D0B
0007D049
0005191E
0005EC71
000572B4
FFF325F3
0002D61A
0005B4B4
FFF6E058
FFFE42FA
FFF2B410
FFFBF3A1
FFF31BFE
00002EA2
0003E142
FFF46491
FFFE2C24
FFFD44D3
0006792B
000E2F84
FFF76E1C
0009C161
0002306E
FFFB9F38
0007D0A1
FFFAB77E
001085EC
000DD8D9
000C6FE3
000455CA
000E2E22
0004A65A
000C15C0
001412F6
00047B4B
000AB222
FFFCAC92
FFFE23D9
FFFA9CF5
000D59F0
00022115
000CAC8F
0003B9C7
00127C22
00026C6A
0007064A
00145A08
00030051
000E3352
00101E72
FFF0F0FD
0009D5E0
000B37CF
0008779D
0013919C
000B3599
FFF14F5C
FFFB5135
00017A01
000765EA
FFF87FF2
000C79B5
FFFD8971
0004B8DA
FFFEED64
FFFB5B2E
FFFB9081
00025E42
FFFCBD69
00065496
FFFAEBB3
0009242D
00020959
FFF38228
FFF20B75
FFFD5706
FFFA6919
FFF8BF4B
FFF99769
00036BAF
FFF4B919
000D8267
00057582
00027CBA
FFF7A007
FFF130E2
FFF0AB91
FFF7DB43
FFF8D00F
000C97B8
000A308A
0004D861
0001D437
FFF99FDA
FFF061A7
FFF9C0B4
001163BA
000C201F
FFF24A0D
0004C6DF
FFFFC006
0013931F
0007C2C3
0007E78B
00075A68
FFEDFC29
FFFA10FD
FFFF1AEA
FFF1AAB2
0007739A
0009A119
0003EFF6
FFF8DB44
0006FCFB
0004461B
0014F428
000E491B
000B0C0C
000BB8EA
FFFB246C
00092B0D
0005C31A
0002D267
00108044
000AAC7B
FFFB6E78
FFFC1179
0003E549
FFFE6F4D
0006F3D6
FFEF6B61
00024238
FFF41E4F
000EF9AE
0010C031
00026B24
0008E278
0004695E
000750C0
00001459
FFFB5EB7
000698E2
FFF8E897
FFED7512
FFF671F9
000C9305
00036A50
000FB8F5
FFF2E3AF
00042393
00075444
FFFBA245
0008C307
000BDDEE
FFFCE0EE
00081280
FFFAB6D2
FFFC7B17
000F30FC
0005693E
000835D8
000D2AA8
0008D0AB
0004612B
000F08A2
000E8832
0003FDE3
0002DE2E
000ECC25
001709F8
000919AB
FFFE4382
FFFC9B50
000562DB
000AE41F
00077B4B
0002DBA4
00099943
FFEE5343
FFFE6350
0000640F
FFF45A18
FFF7A553
FFFABD46
FFF29CFC
FFF33C17
FFFF235B
FFFA5409
FFFA5DA3
FFFE85CE
00012959
0004948A
00143CE1
0000B993
FFFBD47D
000CDAFA
FFFB8C6A
FFFF504D
FFF2DE1E
000542F0
0007A02E
FFFB06C6
FFFB1ABB
FFEC8F60
FFF15618
FFFA6A4F
FFF0921B
FFFA2020
0009F4C6
0001904E
FFFA9729
FFFA7CF2
FFFD0B43
000074F7
00053BC9
00010792
000815FB
0007C56E
000233B7
FFFC323C
FFF78BB5
00012E38
000AE04A
00054574
FFFA92AD
0007C3B8
FFF12850
0001ECCB
0002211D
0001F8FA
FFEE1224
00024473
FFF8F420
0003C4E6
000758E8
FFFF2F13
00011B30
FFF13BE4
FFFEBD7D
000196C1
0012774A
0005D3FB
FFFA1198
00017610
FFE55279
FFEEE529
FFF0A366
FFFC72E5
00049F6D
FFF45079
FFFE13E4
0005E0BF
0013E0ED
000A5488
FFFF5148
FFF9D36E
00041A69
00067ED7
FFFA6070
000932A3
000C5F0C
0012B936
000E0F25
FFFE3C95
000A7056
0016F219
00022759
0009A946
00070D86
0003B3CF
FFF6E7A0
000B7A31
0001B274
0000658B
000F2411
FFFDFE64
FFFD15F4
00006981
000B34CB
FFFCD45B
FFF54402
FFF4D0CF
0007CF43
0000512D
00053029
00047B4B
00088FDA
00031FC4
FFFE9BBD
0003B0A6
FFF9A379
FFF42B97
FFE72F0A
FFFCC009
FFF63503
0003FD7D
000CA157
FFFFF53E
FFFF74A3
000A616C
0001835B
FFF53F5D
00006FBA
0007D542
0005C2D7
FFF87FAB
FFF5C226
FFEC7355
00087E33
0003953F
FFFF4527
0000B636
FFFF64E5
0009B951
000E3B39
0012D2BF
FFF756F7
00076CA6
00014C53
00045A8B
000FA610
000995C4
000CE271
FFFE4872
FFFB6063
00013E20
FFF85AC9
0010DF70
FFFEA71F
FFF0A0E3
FFFEF99F
FFFD57DA
00085881
FFF4020D
0000B02C
FFF37B2F
FFFC7816
FFF90CB4
FFF195D4
FFFA180D
0001864A
FFFCCFFD
0004B02E
FFEC323C
0009B1C4
0009FA3B
FFFC73FF
FFFF81BF
00083FC7
FFF2DB55
FFFB302E
FFF98904
0000B6FF
FFF359C1
0002059B
FFEEA3E3
FFF8591A
FFF6A435
FFFDD29E
000C8F5B
0016076D
FFFD46D6
000BC52E
00086743
000A22EA
0007A971
00066F71
0009E455
000962F8
000ECB65
000DDB6A
00054159
FFF9600E
0000D3BD
FFF50A3D
00039604
00037EB4
FFF43E47
FFF7A64A
000410C4
00071305
0001D28E
FFFA2AC2
FFF98586
FFFA4BA7
000442B0
0005E232
00024FC8
000AC1C7
FFFAB5ED
0006DCFA
FFFEA18C
FFF6D3DE
000321BA
FFF153EE
FFF99F28
000A8222
FFFCA940
FFFA163A
0004D798
FFFEDE39
0000CB42
0006AC61
FFF20DD4
FFEE8B7B
FFFA37C0
FFFF47AE
00097DBD
00013481
0001D8EA
FFFCE321
000167E9
0006FAE2
000032D3
FFFE999F
0002FC75
FFF0B990
FFF785D8
FFFA94AE
FFFCBD46
0007200B
00040CE3
0005B823
000501DE
FFFD89B1
0008D49F
00060466
00002D14
000C8356
0003E9E1
FFFF84F6
00079204
FFFAD126
FFFF0A2C
FFF29D87
00037E0B
FFF914CB
000EF07E
0004B2E3
FFFD6F3E
000D7815
0006D710
0003BAE0
000CEEFA
0001D8DC
FFFA74B6
000FB7B2
0006DC2B
FFF8FBED
00082969
0000B332
00009C95
FFFAB48D
FFF94228
0004C466
FFFAB072
FFF75698
FFF0D954
000D59AA
FFFD85FC
FFEB9E11
FFFBEBCF
FFF5C60E
000011A8
FFF8D2DE
FFEEC3D6
FFFF16B9
FFFFFC9A
00041A01
0004C7E3
FFFE9718
FFF356BD
FFFBDCE6
FFF95093
FFFD084A
0006DDFD
000D602F
FFF1F7A0
000402E0
FFF705F8
000BFB2F
00087474
FFFC6364
00084C9E
0007E5C7
FFFAB6CE
000BE9F2
FFFD94E6
FFFA7AB6
0008B799
00030C5A
FFF4480E
000BA4A1
FFFD2F70
FFF5A851
00048DC4
00053A6F
FFFBDD40
FFFE3E08
0005119E
0006A44E
FFFD9393
0006A7DC
000E80CE
00006984
FFED1E8E
00160FE4
FFFA9664
0000460B
FFF95DE4
FFFDD49C
FFFCE889
FFFA3402
FFFFC2E4
FFF6CCA0
FFFBBACF
FFFE2642
000A5347
FFF7779A
FFFF8295
0004F4D8
000DD296
00016DF9
FFFE698A
FFFD4249
0005540E
0005C27B
00031343
000CA8D1
FFF97522
FFFA535A
00001506
00058E70
FFFB8186
FFF620CD
0000D40B
0003FB9F
0004518D
0005146B
FFFFA8F7
FFFA7B1A
FFFB5A31
000222A5
0003AE90
00067748
0001D78B
00068501
000AE99C
FFF7E250
00067FE7
FFFAA021
FFFE06F3
FFFCC67C
FFFCF8F7
FFF879F8
00007075
FFF8FA50
FFFF3942
FFFAEF6A
FFF51D0D
0004D8FF
FFFC9360
FFF751AC
FFFF21FD
FFFE6399
FFFF112F
000875CA
0009AB1D
00032CEA
FFF7FE17
00098D08
000592F6
00052684
0003AF4A
FFEF2365
FFF9C29C
FFFB33D1
FFFF8451
FFFEBC5A
FFF4E875
FFF5D894
0003ABF6
0000DB85
FFF95746
FFF8D5C9
FFFB675E
FFF699C0
0004110F
FFFFCF7D
00024E06
0005BE2C
000452F8
FFFCCEA7
000A9856
0003BDE7
FFF470BD
FFF749DF
000B7E09
FFEFD145
000008FB
0004E33E
FFF74F3C
FFEF9BC1
FFF1F8A7
FFFE992F
000E23B5
FFF4D8CB
000323E7
FFFF3192
FFFE3797
FFF3EA17
000A5EC2
000A7DA1
FFF92438
FFFB8453
00090BA8
0001309E
0009F364
000845B3
000374BA
000ECFD8
000A7464
FFFD7D28
00014EAA
000BA905
FFF97053
FFFD77B2
000B84BD
FFFD3E46
FFFC93B6
00065E5D
000FAF37
FFEBC0EA
0006C6B0
0007AC46
FFFAEBE2
000B31FB
FFF31BAF
000467FF
000BA86C
FFF8981B
FFFD7230
FFF921C6
FFFAD7C5
0005D534
FFFAD982
FFF5EE5B
00007FD2
FFF7DB8D
000057B0
FFFB2CAB
00008BB7
0005B144
00073292
000A5F55
FFFD1E9E
0006EA64
FFFC4E92
000181AD
0001B20F
FFFC4516
FFF26471
FFFD0AF0
FFF79FED
FFF67BBD
0006C579
FFF171C7
00053BB3
0003B232
000B6832
000516C5
0008A3F5
0006A0CA
0007642B
0008A979
00014DB4
0008D4EC
FFFDCA7D
00034D51
0001CDE1
000097AC
FFFF43EA
FFF89F56
0005AF02
0005775F
000280DB
00070BFF
FFFB2A4A
FFF149AA
FFF9E5D4
FFFE8060
FFF59F94
FFFFF60F
FFFC9FA5
FFF4A9B0
FFF87202
FFF8A83A
000063CC
00043F13
FFFCA40B
FFF6863A
000631AE
FFFB4D50
FFF1F0E1
000647C4
FFFF7378
FFF58008
0002AE64
00086288
FFF6BBFC
FFF9B4BC
000F39E6
FFFF9BBB
FFEF403C
00072735
FFFE914C
FFFBC35B
FFFAC8A5
FFF5BB10
000975CD
FFFB792F
FFFBBD87
00010C29
000A606E
FFF0A0BE
000401B0
00043F93
000319C5
000B2BCA
FFFC15EC
000F3F3A
FFFDA576
00058210
FFF59098
00024C84
FFF3ED64
0001E598
FFFFCBD4
FFFA4EEE
FFFA420A
FFF6A5CD
0008F80B
FFF1E536
FFF16365
FFFDF372
FFF8C9C9
FFF828F0
FFFA8A39
00007F5C
FFF9BB18
FFFA2788
FFF74A32
FFF02758
000481E5
000CC0F8
FFF95357
000FA8B4
00095AFC
FFF43FF0
FFFE4891
000A937B
FFF7F4E4
FFF90951
FFFBE993
0006E0FB
00092BA4
FFFC777D
FFFCD6F1
0005A3CC
00000F11
0005270E
0006B00A
000404E1
FFFB5B66
0004AFEB
FFF70E0F
FFFCEFD8
FFFB38A9
0004C7E3
FFF50E95
000974FA
FFFA5D27
000304A1
FFFC7D4D
00014EA2
0007357D
FFFC5898
FFFE01A8
FFF92426
FFFAD5D9
000A2E46
0005F456
000F35EC
00030B4B
FFF317CB
FFF52C60
000FD823
FFF1C47E
000CDFF5
0003BA0C
FFFBCC56
0009121E
FFF67971
000598E3
0004215B
0001DD64
000206D5
00027AD0
FFFC507C
0006C298
000878A5
00081E1C
000F764C
0016E2C7
000140FD
0007A25B
00085EEA
FFF6CBCF
0001FEE2
0008200E
FFEF90F6
FFF639B3
00023117
FFFC4EDE
FFF2FA9A
000521F5
FFFD5854
FFFEC34E
000E078D
FFF7DBB8
FFF642E3
000605D9
FFF5D5E4
00059487
000B0D44
FFFEC685
0006FA1B
0003AFEF
FFFBBFF0
00079CD9
000BD645
0002DDC0
000CF215
FFFD923D
FFF451D9
FFF6FEBA
FFFB9638
FFF91DEC
FFFF8BFA
FFF20291
FFF637E5
00024383
0007CB79
FFF31254
FFFE35FE
FFF42391
FFFA8E6D
FFFE404E
00005887
FFF98C3C
FFF5B4E3
FFF82D76
FFFDC559
FFED2B1A
FFFE8379
00055717
FFF58945
FFFDA92B
000D0E89
00061CB8
0008D777
0014A7BB
FFF4344E
0001AC05
000660B2
FFFA6493
0002A8D4
000BB0F5
0005C93E
0003A486
FFFB60BC
FFF5EC65
0006D5FE
FFF60575
FFF56B1C
00021750
FFF7F7CD
FFF8F314
FFF696E1
FFEF0627
000A222A
000794DE
FFF7ADC4
FFFAD87A
FFFD85FF
FFFE2845
FFFD7F57
FFFF1E80
FFF07533
000B7E38
FFFAD551
FFF2BA12
00068B31
FFFDE80E
FFEA716B
00019868
000329B9
0001BE70
0008172A
0009875E
FFEFB096
000ADADA
FFFD5891
FFEFB48A
0001A4B3
FFFDF9FA
FFFA5698
0000B253
FFFFD718
FFFEF146
FFFE4472
00021F00
00033D82
FFFEF09F
0000C123
FFFFB7E0
0001305F
FFFE49AB
FFF42E2C
0005CCEA
FFF8CB13
FFF54053
0001621C
FFFBA72D
000BCCD5
0008DE70
000D6454
000E5DE8
FFF70B2C
000334B7
0006C380
000318E3
FFFFCD1C
00024E30
FFFE0356
FFFCE8C0
FFF2E91C
0015B799
000D454E
FFF61BFB
0006AC97
000D01DF
FFF6F316
FFF68350
FFFD2AFA
FFFC9D32
FFFCB3B7
FFF67A42
FFFAD267
FFFC14D4
FFFD3083
FFF72F9E
FFF86CC1
FFFA9F4D
FFF9AF5A
FFFBE248
FFF75D6D
0002A4E8
000C9C48
000D581B
FFF3FB28
FFF3D151
0002F0BE
FFF6FDC1
FFF3A23E
00062B6F
000664AA
FFF9084A
0006AF33
00076986
00031315
0004E31E
FFFA817D
0002DF93
00031B24
FFFA973D
FFFBEE5F
0007978D
FFFE481D
000489ED
FFF8126A
00018D12
00031D2C
00029CFA
FFF906ED
0008DE00
FFFC466A
0012514D
FFFBE938
0003ABC3
FFF91CF1
FFF8AECE
FFFF2B25
00029CFF
FFF9C819
000F70A5
FFFA3E5C
0003128E
FFF98121
FFF89400
0005041E
0008074A
FFFB3DE0
FFFA54B9
0007C9CB
FFFC6702
0005E5D6
FFFC11F7
FFFE9C48
FFFE4ADF
0003BD38
FFF6300F
FFFEC7BC
FFF3FF64
0000F142
0004FE58
0005306C
0001B495
0006CA0A
FFFE7235
FFF4CDE5
00039D05
000522A5
000A4D9A
FFF8BACC
FFFC2DC5
00031CF9
FFF38423
FFF8F856
0007B3DE
FFFA56C2
0002E08B
0007F66F
FFF928B8
FFFE9218
000B8046
0004F83B
000B17BC
FFFD19F1
FFF99261
FFF9A05B
0006DD49
0007E548
0007AB8C
FFFAE754
FFFB9ED2
0003F4C9
000B1828
000A45AC
FFFE7006
00006FF3
FFFD7B5A
FFFB41F9
FFFE7BAD
FFFE4FDA
00004888
000170A8
00030229
00009D43
FFFD2DB5
00027409
FFFA79BD
0004A3B0
00007074
FFFCE7FA
FFFCEC27
00013189
FFFE8B17
FFFF88BC
FFFBA2C5
FFFDD570
FFFF6948
FFF9A141
FFFEBCE7
0003A3BF
FFFB6A95
00001199
00026081
00023692
FFFD444B
FFFDEB8D
00029496
000410F5
FFFA2C62
FFFA589B
00025B63
FFFE4F3A
FFFDC95F
FFF87424
000226CC
FFFCB423
00008E76
FFFF5683
000284B3
FFFD29E3
FFFCB1FE
FFF9A3CA
FFFF361A
00002B69
FFFED3C3
00018EE8
00050D0B
FFFCED76
00032FAD
FFF7F718
FFF7E562
FFFFAE08
FFFC8AA0
FFFC590E
FFFE5756
000248F6
0000C2E6
FFFB3059
FFFEE500
FFFEBCFE
00002E8A
0003F4CA
FFFC8852
FFFC54D1
FFFF4BD5
00003A06
0003E1CD
00001D5B
0001BAA1
00027F90
0004B666
FFFD5106
FFFBA16D
FFFFE775
FFFD1A35
FFFA3764
FFFB221F
FFFEA1C3
FFF9696E
000181B4
00037813
00017800
FFF91F6D
0000570E
FFFD2583
FFFE73B7
FFFC2F84
FFFF2C40
0004A6C6
00024A5E
FFFB58AF
00043072
FFFC8E40
00003A81
00000E31
FFFFCAA9
FFFEBA6B
FFF7E661
FFF8246B
FFFF9209
FFFC1D02
FFFA8B9D
FFFB4A98
0003F162
00010727
FFFBBC9C
0002C8B5
00009FBC
00022998
0003D532
00045E81
0001F428
000254F1
0002C468
00053FA0
FFFFF1B1
000424DE
0001BD9D
00033A92
00067160
0005373C
00042B66
FFFF82C8
0003D4BE
00034294
00018DB3
00037E12
FFFFD99F
FFFDA66D
FFFB1FA7
0001B636
FFFE9DA4
000294D2
0005AE5B
0002A794
FFFB3196
00051C95
FFFC9D83
0003DF9D
FFF843D4
0002F5B1
FFFB3599
00016478
FFFD68F3
FFFF43C2
FFFFD432
0000BE83
0004B765
FFFDA6FF
FFFFB9B8
FFFAA30F
FFFBF134
FFFBFF07
0002E512
FFFF666A
FFFD0F34
FFFAD97C
0001732F
0000AA9D
FFFDA006
FFFB31A3
FFFB2762
FFFE5067
00015A2D
00015B47
FFFE87EE
0000951B
FFFD2542
FFFDC5B0
FFFF3A0C
FFFD8F6C
00058B72
0001D81C
FFFB6D45
0000E1F5
00013268
0000E170
FFFC8A47
FFFAADDA
FFFB4825
FFFEC362
FFFDD40B
0002AAE0
0002CAD2
FFFF5484
0000510E
00021C05
00006C8C
00030634
0001E748
FFFB0240
000115E3
0004A448
FFFD497E
FFFFF919
FFFF5E6D
FFFE8B24
FFFE0092
0001000A
FFFBE34C
FFFEA7DC
0003ACCF
FFF7021C
FFFEC6B4
FFFB1015
FFFE394A
00032CF2
FFFC6494
0002029B
FFFC8E86
FFFA9A4A
0000BF95
FFFA5416
FFFEB03F
0001B49B
FFFE59CE
0001A8B5
0003401B
FFFBF4AC
0000D225
FFFBD0BB
0001A887
0000A241
FFFD7CF8
00004DCC
0002E5D7
0003D457
FFFBDF66
FFFBBCB4
FFFCD712
FFFA84B8
0001840B
000431D3
FFFE9FDA
FFFADE59
FFFD1B3D
FFFDEFC8
FFFF0D50
FFFDF461
FFFE4210
00059136
0002116D
0004AC31
00019289
FFFC39B5
0000DD9D
FFFFC5BB
00037292
FFF7A4D9
0002F702
00010CF4
FFFB6F7A
FFFEDF0A
0003CBE2
00023AF5
FFFD7EC2
0004EC3F
0001268B
FFFE1FAC
00077D1C
000569ED
0003EDD4
0002AA53
FFFF8808
FFFFC853
0002A966
0001E0D8
FFFC2EA2
FFFBF766
0005EBCD
00009610
FFFECB22
FFFB7C52
FFFC5A02
00017976
00017F5B
FFFF1C95
FFFCF7D9
FFFC3D85
FFFBE8F1
00011ACB
0002B174
FFFB1154
FFFF20BB
00019F21
FFFB9586
FFFABB9F
FFFEB62A
00055FA0
0000C6EC
00017415
FFFF26C6
FFFFEF89
FFF938FB
FFFF9097
00064E55
FFFD84FA
FFFD262F
FFFC1761
FFFE8D31
FFFF05CF
FFFE780C
FFFAFFF2
FFFB9D7F
FFFE490B
00033487
FFFAE980
0000F5E7
FFFA7CC5
FFFB34A2
FFFFD886
FFFE075A
FFFB7996
FFFF6078
FFFD81E5
00005FC2
FFF73AFA
000099F6
FFFE58E0
000493B8
000196A3
00032DE5
FFFF29DA
0004B8A5
FFFDECCF
FFFE8B81
00012BE6
0003AF2C
FFFD38D1
00008B38
FFFC917C
FFF81209
00006BFA
FFFC8A70
FFF9F77F
0002C4A2
000043EB
00019EE2
0008F035
FFFFAF1C
FFFF834A
FFFE707F
00034F91
00020A08
000632D4
FFFDF439
FFFEA738
FFFDDA71
FFF89D27
FFF94C5B
FFFDEB52
FFFD54F0
00009527
FFFDFB94
FFFD5A7C
00035204
FFFC0662
FFFD5AAE
FFF964BD
FFF7E0FC
FFFDD720
FFFA6045
FFF9A7E1
FFFEBC28
FFFA91D6
FFF5ABA5
FFFEAFAD
FFF9225A
FFF9349A
FFFA658A
FFFE5123
FFFDB598
FFFF1C11
FFFC98D0
FFFC1699
000064C6
FFFFB714
00037664
FFF81F86
FFFC2D3B
FFFE7C87
FFFB64DF
000184CC
FFFD58EE
0001151C
FFFEE54F
0003AB93
0000F7C2
0001AD8A
FFFFCAF6
0001B24E
FFFA5978
FFFCB689
000382F3
00058B2B
0005C82D
00003201
FFFF0B3E
FFFDB625
FFFE1E0D
FFFE76F4
000304AF
FFFEA892
0000C44A
00012A1E
FFFF7771
00042C19
FFFA15CA
000153DB
000026F3
FFF85C0D
FFFEBFA3
FFFC81CA
FFF71980
FFFE43D2
000597CA
FFFFACED
FFF8787C
000313DA
0001FDE9
FFF95D79
00040323
FFFFC28B
FFF98C83
0001D01E
0000C53C
FFFCB92A
FFFECDC8
00052629
FFFAEB6A
00014B76
00001A03
00021D65
FFFB9929
FFFF2184
00035BF7
FFFE1F51
FFFED547
FFF9F7D6
00015A7D
FFFD5328
0005E2F0
000085E0
FFFA5440
FFFEA585
0000A200
FFFE30D0
FFFFA847
00001FDC
FFFF6775
0003542C
000287DF
00022497
FFFDD899
FFFC9F69
FFF6D75D
FFFF4299
0004C133
0003728C
FFF73CE2
00025B85
000251A2
FFFDD55D
00034C88
FFFB8C39
FFFB7FC1
0002979C
0002BB9E
00001014
FFFB09F7
FFF9C029
FFFC0C4F
0003989E
FFFD3E84
FFFD70E9
FFFFABA8
000038A6
FFFED70F
00009714
FFFF87AD
0000AD11
FFFB1087
FFFC9D2C
FFFC494D
FFFE0CF1
00015B67
FFFE283A
FFFBA8CF
000193C3
000048EC
000060DF
FFF72778
FFFB0A77
FFFDCFFA
00017E9A
FFF89473
FFFB3D01
FFFC1A8A
FFFC0EE3
00031635
FFFC0FD7
000301C3
0002A0B7
0000FCDE
FFFBE6C8
FFFE5950
00034D7D
00032EE1
FFFEEADB
FFFE33EC
FFFDE29F
FFFDFE05
FFFEC454
FFFC78B6
FFFE996A
00071E2C
FFFF02E7
00040594
00010D9A
FFFA31E3
FFFA12C3
FFFD20B5
0001233E
0000E8AC
0000E73D
000327F0
0000B34F
FFF9C7FE
FFFC8610
FFFD39D6
FFFC6613
FFFFB734
FFFC5449
FFFABD90
FFF8D424
00039028
00059604
FFFEAD1C
00042FEF
0001F378
FFFFB641
00014834
00043A0B
00067C5C
0002ED43
FFFDC2E9
FFFD6425
FFFFC0E4
000615E3
FFFE967E
FFFEFCEF
00060754
0000B0DE
FFF94315
000258C7
FFFD855C
FFFB7FCC
00018E52
FFFC0B82
FFFFF1E6
FFFB3EBE
FFFBDCD9
FFFFCC08
000245E7
0001A157
FFFDA4A7
0005BFD0
00049921
FFFE9370
FFFF0FF0
0002C829
FFFDDB88
FFFFE6D5
FFFF028B
00007D79
0001861B
0002720A
0000A005
FFFF3E54
FFFDAC70
FFFE8DEA
FFFAAA27
FFFED95E
FFFCB4DF
00001877
00010393
FFFD7BF1
000067A3
FFFE599B
FFFECFAA
FFFA7BA2
FFFEA2B0
FFF8859B
000151EA
FFFD9CA4
FFFBBA53
FFFF3627
FFFF63CA
FFFF14AD
0000461B
0001946E
00000F49
FFFDCF3B
00013BDA
FFFE3E0B
FFFE072B
FFFFC807
FFFEA396
FFFCFCF0
FFFCF085
FFFCEA48
0000C119
FFFDF618
FFFEFCF5
FFFF536A
0002B775
FFFE1E2D
FFFD9A0A
FFFE3810
FFFD09AE
FFFF8B2D
FFFE7205
FFFFC97C
FFFD742D
0001580E
FFFFD453
FFFEA4A6
FFFB7A32
FFFECD9F
00018714
FFFD2A98
FFFD9AEB
FFFE170B
FFFC6EA2
FFFEDB6A
FFFF3678
FFFC6E30
FFFE06E3
FFFE0959
FFFD9630
FFFEC183
FFFC0103
FFFFC005
00006692
00012E0E
FFFF1A4D
FFFE5D8D
FFFCF224
FFFF9CCD
FFFCAA87
FFFE1F31
FFFF0EB7
FFFDF98D
FFFEF426
FFFDD3F9
00013738
FFFBDC21
FFFDDA6D
FFFCDBF5
FFFC7220
FFFB07B4
FFFEBA03
FFFF30B8
FFFF104C
FFFC4550
FFFF15FB
FFFC2A19
0002F6A4
0001205E
FFFB6E3D
00007DB8
FFFD3786
FFFF172D
FFFDCD8D
FFFE2F55
FFFFF20A
000016DE
FFFEB82C
FFFD68BD
FFFB3035
0000DD54
FFFDF68C
FFFF8F6D
00020406
0000AFE6
FFFF4C33
FFFF05B6
FFFEF5AE
00002679
FFFEECED
FFFBBE26
FFFB53D9
00014418
FFFEB898
0000A40C
FFFC35ED
FFFE3BB6
FFFF2907
0003FB26
00027F30
FFFE58A3
0001F986
FFFCCDF7
00016A5D
FFFE5BD5
FFFC662F
FFFC9FCA
FFFF1415
000026DC
FFFF3C98
00001E7E
FFFBA6E5
00026076
00005D10
FFFD812C
FFFC51FC
FFFB892B
FFFE1F87
0002980B
FFFB84DC
FFFEFBD7
0001C84C
FFFFCB05
FFFE9890
FFFFE4C1
FFFFC609
000130C0
FFFE316F
00011749
FFFD5561
0002370E
FFFDC50E
FFFCDA54
00010EC6
0003B691
FFFF0064
FFFC214B
FFFF8721
FFFC1A70
FFFFF561
0000D0AC
FFFD3A6F
00024564
FFFD26CB
FFFD56B2
FFFEECA3
FFFDBAE3
FFFD25A3
FFFE8C6A
FFFD9441
FFFDDA00
00002C92
FFFDDA55
FFFEDF15
0002C1B7
FFFF1937
FFFE7194
FFFEF45E
FFFDA94B
FFFED67D
FFFEF039
FFFF883E
000124B0
FFFFEB6C
FFFA6BEF
0001A172
0000D61C
FFFDD05F
FFFE166C
FFFCE42D
0001F00E
0001D43F
0001F177
FFFEF74E
FFFFFFD7
FFFD29A9
000148FC
00030AA1
FFFB3F3F
FFFE6103
FFFE311B
00039AE3
00019A56
FFFEAB32
00024352
FFFD34BA
FFFEC812
FFFDEC8E
FFFD83FB
FFFDC5CE
FFFE7340
FFFB4EB5
00000651
FFFC750C
FFFD4DEB
FFFFCAF0
FFFDB2A8
000010C8
00002928
FFFFFEFB
0000FB54
00018206
FFFCAC60
FFFC49F9
00012EFC
FFFEDC2E
00030CDF
FFFB70E8
FFFD5F4F
FFFC01EB
FFFCC688
FFFDBC9D
FFFCC82C
FFFFFFEB
00000CBF
0000BBDA
FFFEEBEC
00022864
FFFF2E2B
FFFED207
0002EE9D
0001474B
FFFD0735
0000222E
0000A41D
FFFD7FF3
000087A5
00037864
00013CE3
0000C109
FFFFE0AA
FFFCDBFA
FFFE6578
FFFFBCA8
FFFFD59D
0002A4FF
FFFFB79D
FFFD1840
0002E701
FFFEBAEA
FFFDAB5C
00004EDE
00006B27
00006D46
00009889
FFFE9F08
0000EC4C
000059F5
FFFF4C94
FFFE06C6
0000F760
0003204B
FFFF8791
FFFE534A
0004BA8A
000219EC
0000D8EE
00019AE8
FFFEC6B7
FFFD7E3C
0000C281
00019AE5
FFFF09A7
FFFCD9DD
FFFCB29A
00017B11
FFFF96AF
FFFCAEA9
FFFB40F6
FFFFAA8B
FFFE0D53
FFFDD31F
FFFF56D3
00015979
FFFFD0D8
00024207
0000155F
0001AE97
0000B659
FFFD51B6
00006AD9
0000D8F7
FFFE0EEB
00017C6C
FFFC8A95
FFFA9F92
FFFD4DE5
FFFB6552
FFFC138A
FFFC51C5
FFFDA4C1
FFFE0999
0000BF7F
000073E1
FFFCEE05
FFFF7EDF
FFF9D172
FFFB72E6
FFFFEB66
FFFEC64A
0001158A
FFFEEBC7
FFFFDFCF
FFFDC1F3
FFFFACE0
FFFBB08F
FFFFC4C6
00031FFA
FFFF1562
FFFE27A6
FFFB9D18
FFFE2A4F
FFFEE764
FFFF0C79
0000A772
FFFE90B0
0003ABD1
00006256
FFFDB089
0001197F
FFFE7B34
000072E6
FFFE25D2
FFFD6A71
FFFC04F9
FFFDCDC6
FFFF6C68
FFFA7AFC
FFFD6B93
FFFC2E7F
FFFA00D6
FFFF28F4
000130EA
00014850
000243D4
0001B7A7
FFFF1AEE
FFFDE93D
FFFE75E4
00021516
FFFB73EA
FFFEB6D2
0000919E
FFFF2FAB
FFFF74A7
FFFFE18E
FFFDB17B
FFFC2DD7
FFFEF0E9
FFFBDDC1
FFFD4D65
FFFEBB76
FFFD61E2
FFFC43F2
FFF9958D
000238A0
FFFE6378
FFFC8F28
00000BC8
FFFFE641
0001810D
0004053C
000212A7
FFFE66B8
0001D425
00022B56
000055DD
FFFDAE81
FFFF72CA
FFFB970D
FFFEAB5D
FFFD35FE
FFFD194A
0000C27E
FFFE6F1A
FFFD09B4
0000E495
0000BC56
0001D02E
0000A125
00011940
FFFE6AFC
FFFECCF5
000136D0
FFFEE1B2
00006F64
0001938A
FFFCBF0A
FFFD31DA
FFFCA358
FFFBE432
00026C09
FFFE8C6E
FFFF4CC7
00001EA2
FFFDAEB0
0000658B
FFFEBC1E
00011EB5
FFFE65B4
00015708
FFFEF3B3
0002D9C8
FFFE5F28
FFFC528A
FFFD63AD
FFFD23CD
000223D8
FFFFEB98
0000C12E
00018B1B
FFFEB816
0000291F
FFFABB7A
0000E55A
00006E3F
FFFF1B40
FFFECD94
FFFDD994
FFFA9E03
FFFF2502
00002596
00011C03
FFFFDFB1
0002FF56
000070C0
0000957A
FFFC6D5A
FFFF3499
FFFEFBF2
FFFC87DF
FFFBFB6F
FFFBF898
FFFCA2E1
000194E4
FFF9D303
FFFE900E
FFFCA2EA
0000CA8C
FFFAC75E
FFFA764E
FFFE5AD1
FFFE5031
FFF91F2E
FFFEEAEC
FFFC75A7
FFFC204F
FFFE7F2F
0002A9A0
FFFCBE9D
FFFE66CA
0001BC69
0000C15D
FFFFC0F7
FFFFEBDF
FFFE6FAB
0000CF1C
FFFC9AED
FFFF25D4
00018013
0000E448
FFFDA34D
00005BEA
FFFE199E
FFFBB5F8
0000F812
FFFE94BF
FFFD078C
0000B018
FFFD47CC
FFFF6F8C
FFFF84BE
FFFC8B50
FFF9EFA4
FFFEC3B1
FFFD5246
FFFABCDD
FFFD366C
00036FC4
00046E79
FFFB9F60
FFFBD841
FFFDE72C
FFFFA979
0001EBC0
00015DE8
FFFD0464
FFFF9CB8
FFFC04F0
FFFBEE07
00003879
FFFFDE78
FFFDFAFE
FFFA3AF6
00008881
FFFC770C
00012B98
FFFF7FF0
FFFD5803
FFFE4E2B
FFFFE20C
FFFDC2ED
0000C056
FFFB9A64
00028E1F
00035DA5
000041F4
0000AFB8
FFFD452E
FFFDE486
FFFC1E78
FFFCD0DF
FFFED4EB
FFFE5A90
FFFF1A25
0000AB4F
FFFE8E4E
00009D33
00000CEF
000198D2
00028D2C
FFFFD78E
FFFDC871
00012C37
FFFC111C
FFFE289A
FFFC9F82
0002AC04
FFFD7769
FFFB2937
FFFE963A
FFFBC044
FFFCE2CA
FFFBE41F
FFFF7540
0000DDD3
000105D5
FFFE7613
FFFE5A92
FFFE5CC0
00014ED6
00019D5E
00021620
00011DFB
000158DF
FFFD5BC9
00016C05
FFFCD201
000220FE
FFFE747F
0008CDEF
00045A3F
FFFE56BA
FFFD81FB
00007FA3
000075EC
0000B8F1
FFFAD5BB
FFFEDA06
0003F592
FFFEBA9A
000615A3
0001A91B
FFFC6DF8
00090A15
FFFE4F7F
FFFC6B19
0004408F
00006981
FFF44B00
FFF7491E
FFFE8A40
00011DCC
000049DB
FFFD3D27
0000153C
FFF9303A
0001AF44
00078A1B
FFF88028
FFFF534F
FFFFD869
FFFDC45B
000137F7
FFFD6756
FFFF3C38
0000BDA5
FFFD635C
FFFE6795
0001561D
000341A7
FFFDBB06
FFFCEE0A
FFFE9E83
FFFB0E6D
FFFC8AD7
00046058
FFFFD7A8
00006293
FFFBE4A5
FFFEC974
0001CF40
000633FD
FFFCA224
FFFC94F8
FFF42BCD
FFF860A7
FFFA3FA5
000176AB
00025561
FFFE4407
0003BF56
FFFCF548
0004665A
00020987
FFF9EC6C
FFFA0D52
FFFFF92E
0000245E
FFFAEBFF
0001C3EA
FFFC7297
00029834
0006856D
FFFCE9A5
FFFF521E
FFFB9012
FFFA4CCC
00003F3E
00039062
FFF8B769
0002991D
00012DF1
FFF9593A
0001B41C
FFFB1C5C
0004BE0E
0002936C
FFFDAAA0
FFFA4935
00026B73
FFFBE410
00030907
FFFCBA8E
FFF79345
FFFC0642
FFFB97EC
FFFC4E12
FFF948CE
FFFB20EB
FFFF0D50
00001F6C
FFF89BD6
FFFD5325
FFFEE4B9
FFFF6AC8
0002FBC8
FFFF59E6
FFFD1279
0001B7D8
FFFC4E57
FFFA7934
FFFE933B
FFF9D030
FFFF96D5
000217B7
FFFE6AAA
00099EF7
0004EEAA
00039AE2
00074B5B
000124A3
0007A8CD
0002DB49
FFFE1F84
0002D0A8
FFFD3F4E
00053DBF
000456B6
0001FA5B
000782A0
0000522B
00054DBE
FFF6190F
FFFD2BE3
0002BB7A
FFF58916
00029E31
000111EC
FFFC3A08
FFF87CAE
FFF9F487
000340F0
FFF9AFC0
FFFC01E2
FFFBDD0F
0004E088
FFFE9D7C
0001506B
0004E333
0000C8CE
FFF5D113
FFFEBC0A
FFFA2ABB
00032FAD
FFF8B6F2
FFFBC72E
FFFEF00A
FFFD46D7
00030598
FFFA6390
FFF62D58
000404C5
FFFFC258
FFFF7A92
000460DB
FFF9CCE3
FFF73EB0
FFFF84B1
FFFD7493
FFF834C8
FFFBB9F4
FFFA9E3F
0001DC8B
0002101F
0003619C
0001D34F
FFFFAC9A
0004F5A1
0001AB11
FFFCD130
FFFA1D67
0006DB36
0002C7BC
0002AD88
0005407C
FFFF5418
FFFC1B9A
FFFC9294
FFFAA4F2
FFFDA30F
FFF92851
FFFF7A09
FFFB6CBD
FFFBD34B
FFF9F69D
FFFF4413
FFFE35E8
00041D62
FFFC370E
FFF83FC3
FFFA52B3
0003858F
FFFD6D15
FFFFFAD2
FFFE9035
FFF3EDD0
FFFE1BAB
FFF9F6C1
0001DB74
FFFF3ECA
FFF5E06D
FFFF2493
FFFCE40D
FFF9E667
FFFD046A
FFF67ADF
FFFAC616
00011BC4
FFFCC900
FFF9687B
0000F617
000110E1
0005A1B5
0007678C
FFFA1016
0000C434
0001B150
0003E338
FFF85CDF
0000901C
0001A46B
FFF7A13B
FFFEEEE7
000392D6
0007F8CB
FFF93A7A
FFF7DE21
FFFD897F
FFF921D9
FFFCE157
FFFEBD04
FFFFE975
FFFB9C87
FFF9DB10
0000FFD5
FFF992E7
FFFC7830
FFFFA4E6
00009AB9
FFFC1ED0
FFFD1E91
FFF931E4
FFFB0B83
0004FD95
FFF7BE04
FFFCA675
FFFDFFCB
00029799
FFFE111A
0007E9AC
FFFAEC1D
000776BC
00026D9B
0004C270
FFFC6013
000045A3
00032618
0002838D
00021986
0004F5D2
0005B135
00043660
FFFF802A
FFFE8AC3
FFFEF563
FFF919F7
FFF26A5A
FFFD5360
0003BAD1
FFFB4AAB
FFFB4156
FFFFF981
00006C87
00015857
00015AE1
FFF93766
FFFE388A
000640FC
FFFF0C9F
FFFE88BF
FFFF382B
FFFA7471
0002AE39
FFFDE781
0002EA62
FFFC5A69
FFFCBB7B
FFF8CF16
0001D0E7
0001C9BC
FFFD2BBB
FFF8ECD2
000173BE
FFF64892
FFF8DCF3
FFFE3049
00058B1B
0000F942
00008F7B
00006C62
00076617
FFFC3999
FFFE2004
000164D9
000508A1
FFFC3904
FFFF6C27
000750F8
0004DA46
FFFDD053
0000AD6F
0004764B
FFFDB367
0004D147
00027B50
0001DBD0
00021C48
00028CA5
000568A1
FFFB5BF4
0000B4D6
000181DC
000142A8
00054B6D
FFFE1FB7
FFFEE808
000725C0
FFFAAF7E
0003D910
000B5383
FFFEA3AC
FFFB9398
FFF98D67
0001599B
0002A6A9
FFF66D0A
FFF9763E
000291B6
FFFF34EA
FFF67FA4
FFFC548C
FFFA2712
000207F6
FFFDBB86
FFF61F0B
00016214
FFFA8C56
FFFC3B46
0005BEB3
FFFEC17C
0001741A
FFF9FBD9
FFFC3C21
FFFCCCD0
FFFFC964
FFFDBF24
FFFFCA52
00045F1B
FFFD7FF8
FFF7D6F1
0000137F
00025C9A
FFFC3376
FFFB2B8A
00021582
FFFC113C
FFFDD9B1
FFFFD154
FFF8F5F6
00018927
FFF9C6C6
FFFF167E
FFFADE10
FFFA4723
FFFDEB9F
00096DAB
FFF6B810
0003B9F5
FFFEA38D
FFF8CBCC
FFFFEF07
0003E602
FFFA2A18
FFF8C197
FFFD1F7E
0000C6AB
000BFA1F
00004732
0002FC09
FFFBDD7B
FFFD66F6
0001C583
00090222
FFFDA581
FFF92B7F
FFFD3100
FFFEF977
000435B9
FFFF004C
0000755E
0003E913
FFFE1405
FFFEC01A
0000E2D1
FFFA5435
00003874
00004CDD
FFF82B3A
FFFC8B64
FFFFAC73
FFF817AC
FFFAD573
FFFB2F6B
0003226F
00016663
0001EBA1
FFFCE211
FFF5F400
00024D69
FFFDE891
FFF67ECF
FFFDE7C6
00052C3C
FFF52F7C
0003198D
FFFD7136
00063B1A
FFFF728A
FFFC09FB
FFFF32FC
0004AEA0
00017DF1
0002D381
000247F7
0001712B
FFFB416C
FFFBAEF5
FFFDAD4E
FFFB32DF
FFFDC2D3
FFFD3E4E
FFF5921E
0003616C
FFFF5B4C
FFFF08A7
0005589F
0002847A
FFFFE8E2
00032D9A
FFF8ACEB
FFF9A09D
000AEC27
0007E0C5
FFFDDD6B
FFFDD001
000345C0
FFFACBD2
FFFB3B16
000233C4
00061330
00068C1C
0001B666
FFF97637
FFFB9B06
00004D47
00026C09
000578ED
000546C3
FFFDEB38
FFFCAA97
FFFC5146
0000909C
FFFB7DD8
0003501D
FFFC236A
FFFF06F0
0000C099
000161D0
FFFEEFC1
FFFB3391
FFFCFFF4
FFFD17ED
FFF62D2F
00002F3A
00008824
00020A57
FFFAD82E
000149B1
FFFC8853
FFF93897
00056F87
0002BD25
FFFC5D4F
FFFD54DC
FFF6A8EF
FFF5BF2A
00067BC2
00015DE7
FFFD86DE
00053974
FFFF8D68
00081C93
FFFF4B93
FFF5CD7B
00040FFD
0004E01A
0003AD7B
FFFA4830
FFFF768B
FFFE7469
0000514F
000431A0
FFFCDCDE
FFFB17F7
00040ED5
000B7F89
0006BA59
FFFE6A2B
FFFC0213
0002BC8B
00016FDD
00012B1D
00035B40
000264AF
FFF89DBD
FFFFD527
0006609D
0007A5B9
FFFEFCE2
0004D687
FFFA2DF4
00013E52
FFFFB2AB
FFF65559
FFF4BDCF
0004EEA5
00043406
FFF63C10
FFFB2D43
FFFD4904
FFFF655D
FFFE9220
FFFBC8C7
FFFB3559
00061EBF
00070807
FFFE045C
0001DE3E
00031340
000526F7
FFFDF956
FFFD533D
FFFB2F1B
FFFC531E
FFFB61AB
FFF59A78
FFF6F951
FFFACB94
FFFA038D
FFF81A87
FFFF0883
0004332C
000004C5
FFF75B9D
FFFF6352
000590D0
000B19AF
FFFB74AC
FFF6F8D8
0004C9F7
FFF4A5E2
FFFAE644
FFFCAB9F
FFF466D0
FFFF2915
FFF79A8F
FFF8F29B
00086CA6
FFFEA1C2
0005D32D
00041AD0
FFF44CD2
0010A9EE
0016C341
FFFD4153
0009BCFA
00041AE5
00047879
FFF6483D
FFF52A80
0000D6DA
FFEF23D0
FFEB1C11
00070230
0002DE1B
FFEA5DC0
0001B002
0005D14F
FFFF264F
FFFAADFD
0003A9D8
FFF08607
FFF4F04C
00032DF5
FFF27453
000651DB
0004A2E7
00069768
FFFC69E9
FFFB7C58
00062C09
00022FF1
000C833A
FFFD6447
FFF66C14
FFFA9674
FFF7436C
FFF12B8B
0009E1DE
000923C1
FFFFC8A1
FFFB3F72
FFFBAA93
000A9537
FFFE5560
00075B0F
FFF9E6D8
0000E8A9
FFFBFCB0
0012A35E
000921D6
0001EC82
000E0FE8
00007647
00021FB5
0005AF30
0005BEBE
FFFED32E
0007B0E8
0007D9A5
FFFEA6C9
FFFF1236
000E2894
00015BFE
000472C0
FFF2B093
FFF414CB
000469E9
000253B0
FFF058DB
FFFA13B4
0006C8C0
FFFA8D63
0007613A
000B3699
00032975
FFF59706
0001E395
00061B97
000607F0
0007A730
FFFE7B19
FFF1F94D
00006812
FFF0D10D
00016B27
FFFFDA2E
FFFEDA0B
FFF94879
FFF79E94
FFF5B6FF
FFF1B107
FFF857B7
FFFB92E2
FFEE355E
FFECB2C2
FFFE18A7
FFF0F26E
FFF21A16
000D9FE4
FFFDAF59
0005C8C4
0014FC4B
000A4DE7
001238CE
00018211
0012B1F5
00040B28
000E649B
FFFF95BF
FFFBEAB0
000479E1
FFF42A39
0009C812
FFF7356C
0009A2ED
FFFFEBF1
0002AD0F
00062E38
FFFC2AF5
FFFF18D0
00009501
FFFDB8F4
FFF2915E
0002C05B
000ADC07
FFFD5E46
0005E08E
0001EF3D
FFFA872D
00041A87
00001F77
FFF2967B
000041CE
FFFFD793
0007B56A
000712F4
0001C1F2
FFF75227
000BA5D0
0004BEFF
00068CA3
FFF850AB
FFFE91E4
FFEFE6C0
FFF04DA1
FFFF59A0
FFF52C51
0008C43E
00014DA6
FFF9E9E9
FFFADC3B
FFF1E730
000CC108
FFF681B0
0006C118
00068EA6
0007B775
000C03D1
0004FF14
FFF0C98A
000D883F
0006AA69
FFF7DA8A
00002ABD
00095065
0007A7FF
FFF89D43
00046711
FFFA0626
FFFD8A4B
FFF89CB5
000458F6
FFEF6DA7
FFF41312
00042F50
000811DE
FFF834C9
FFF65EA3
000407E5
FFFB82D1
FFF5A0B1
FFFA5FBC
FFF29C08
FFFBD2B2
FFFE8AF7
FFEB5B73
FFF6CB6A
FFFB4642
0006EF40
FFFC8FFA
FFFC279A
FFF94906
00040681
FFFE7FAB
00087C1C
00003641
FFFAE26E
000EEB2E
FFF5691C
00002B15
000DCB91
FFFA1318
00087BB5
0000360F
0001BD36
00093A81
0001FB39
FFFABD77
000C0B1E
FFF59905
0004A6AD
0010B352
00047680
FFFE0978
FFFE8294
FFFC703B
FFF25059
FFF55F90
FFFE7C7A
FFF31F35
0009ACDC
FFF8DC24
FFF4E46C
000478C9
FFF13B6C
0004E53C
FFFD83F4
FFF7BEE0
FFFF2FB3
0006BDD4
FFFC6CE2
FFF40DCE
00026F2A
00034F28
00037668
000758AA
000457D9
0005553C
00015C0D
000734E1
FFFBA339
000010E2
000B050A
0010F6A5
000C7311
FFFDB21A
0012C138
000F2EC1
000D62B3
00061CE8
00068C49
FFFFE6A8
FFFEF5A2
00055055
FFF57ED1
000D72DA
000C497B
FFEE4358
0009690E
FFFFACBC
FFFEAEE4
000494F4
0002CEB9
FFF9FD1C
0001582A
FFF7C8FF
FFF35F2B
000025E4
0002A8F4
FFFC6B27
000C54AE
FFF43D34
FFF1DE72
000BA53F
FFF552A9
FFF6B37B
FFFF7954
FFF93E95
FFF96D67
000583F5
FFFECD58
FFFF6CE7
FFFFEB0B
FFFB68FD
0006C885
000C9774
00021EF7
FFFC677F
000F4774
FFF9E67C
FFED2604
0005E61D
FFF888A9
FFFA5730
00046B0A
FFFFAFDD
FFF04A5B
FFF5F10A
00018653
0005E2F5
0005C233
FFFAC312
FFFBB2C2
0008F66B
FFFC7684
FFFB29B7
000FE041
000322D1
FFF6FE87
FFF92FB2
0001BF99
00106904
FFFA2783
00058861
00000086
FFFA5BC3
FFF898C7
FFF1DF4A
FFF88DD9
0001731F
FFFDEBD9
00046297
FFF6A772
000AC000
000C31CB
000B9A44
FFF9B336
0008A24A
0003B7FB
00039428
0008BAE7
00020680
FFF4D380
000246EC
FFF8134D
00041C41
000DF73C
FFFC7648
0004B3EA
FFFD8B28
00102528
000DB894
FFF87A04
00048BE4
000104CE
00049E04
FFFE5E2B
0005AD3A
FFFD4160
FFFA5451
00060BB2
FFF7CC1C
FFF824E2
00123976
FFF81614
FFFB38CD
0002989D
FFF28EB2
00038CB9
FFEABC8C
FFFFBBD6
FFF5BE46
FFF5FDF5
00081285
FFFA4AF2
FFF75BF9
0006D2F8
FFFD0005
00009D4E
FFF814D5
FFFDA0B8
00063AC9
000890D9
000CAB9D
FFFD0EC5
FFFD75AC
0002F8E2
FFFD7E34
000A40B9
FFFCB8ED
0000E041
FFF5842F
FFFAAEE1
FFED5097
00047510
FFFF3AE3
FFF3E2E8
00019C61
FFFC6200
FFFCB12A
00010F55
000705EE
0005BAFB
FFFBF3A4
000C1D00
0009D5B5
FFFC6355
00086C7F
000939B3
FFF9CEF3
0008C4E9
000D2B77
0002E87D
00048F51
FFFB7727
FFFD2D08
0008DC3E
000AFCBE
FFFE8134
00083309
FFFE3D3B
0008812E
00077EA7
FFF875DB
FFF9C627
FFFEC7B5
FFEF9D10
000C5A49
000809D3
FFE8CE3B
000313AC
FFFA79BC
FFFB4588
FFF1F299
FFFAE4DB
FFFE59C9
FFFFF8F8
FFF67BFE
FFFFBF57
0001F1D0
FFF8CA26
FFFF48FD
0000DB47
000770C0
0003AE8D
FFFFFE29
0007903F
FFFC9402
0002CAC8
0014AB54
FFFD1768
FFF792F7
0004533B
000B9E92
FFFF5DA2
00058CA5
000A0C2A
00028D89
00086DF5
000BA882
FFF95E3E
00041EF4
000A6E81
000158AA
000AE2D5
0001C89D
0008833A
000AD5F3
000799F2
FFF30169
0003C701
0007E8FF
000700DE
00066846
000CBD4D
00054391
FFFF2743
00002EEC
FFFD3474
FFF21BF2
FFF99ADE
FFFE766B
0000CE69
FFF9B29F
000D8DF8
FFF6BB41
FFE792CB
FFF27759
FFF67F60
FFEBCC80
FFF5295C
00009CF6
FFF23968
FFFF5F77
0000631E
FFFDF529
000B961A
FFFF078C
FFFA59A4
0008D8F5
000ACA65
000B9E39
000C75E0
FFF9BDE4
0002E4DC
00053117
000218F8
FFF7A20A
FFFDBDC7
000A0E7C
FFF8DBCE
0009D22F
000B9F46
FFF8F0DE
FFF1076A
FFF8D6DB
FFFD0CE3
000847D8
0002DC3E
FFEBB19D
FFF6F74E
FFF92664
0000A923
000AD4CC
00060633
0004815A
000F8D95
001050E4
0009A599
00038BB0
000DFFB2
00033134
FFFB82CE
FFF15F3C
FFF4D8FA
FFFDFAF2
FFF8A8F1
0004D3BB
0003F876
000366EC
FFFC2A7E
FFFC1447
FFFB1597
FFEA1A35
FFFFEE85
00082D41
FFF01532
FFF97024
FFFCD955
FFE9ECBA
FFF7F747
FFF9F942
FFF4E965
FFF6A25B
0006B9BB
FFFA9B13
00047A5A
00047FA8
FFF19BBA
000011BC
FFFF0F7C
FFF4C554
FFF8E358
FFF56252
FFFAB346
FFF7F2A6
FFFEE1CF
FFF7DEC3
00031504
0001B923
FFF8479C
FFFF4D0C
00017A1A
00021A55
FFF89DB6
0005DBC1
FFF9A18A
FFFE26A7
FFF3F578
FFFF24BE
00004094
0002668F
FFF9F33E
FFF6C8B5
FFF7F0F1
FFFB19BF
FFFD27D6
FFF84578
0000EB59
00011F18
FFF79972
FFFA4DCA
FFFEABE0
FFFCC33A
FFFDB951
0001752F
0006200C
00016FD1
FFF761AD
00019561
00057109
0006801B
FFFAF3F1
0007A579
FFFD5C17
000261AA
FFFB4B48
FFFB8ACB
FFFCD80B
FFFAD3FB
000706C4
0005E206
0001818B
FFFA4B9A
FFFEC251
00062297
0005F25D
00075592
FFF76ECA
FFFBB7A3
000B08D9
000ADE78
00040EC8
000501C2
00012B2F
000A8044
00049C06
FFFF5187
0000A986
00069902
FFFEF994
0002DB13
000743F3
000454D6
FFFE1190
FFFE024D
FFFCBE52
00055465
FFFAE3CF
FFF950ED
FFF36328
FFF619E2
000189B0
00094BD5
FFFF93C5
000A9437
0000B40B
0001DC3A
FFFB41C7
FFF8EDBC
FFFA17EC
0003F967
FFFF9611
FFFAC31A
FFFE032B
0002CBF0
FFFD5434
0003F499
FFFB35AD
FFFF212F
00004F09
00073707
000B6493
FFFE2A8C
FFFC65C5
000B38D9
00002B24
0001FC0A
0004EBE3
000B00FD
00014FD5
0007ECDB
0008C91C
0007B28A
000E5A09
FFF6ECCC
0001A559
00074198
000392C8
0007774C
FFFE30C6
0007A468
FFF93AC8
00006C66
0005C748
FFFD4754
FFFCF039
FFFCB356
000A9344
00040C87
FFF6BC6C
000258E1
FFF88F73
FFFA2D86
FFFEEB61
00013928
FFFAEF47
FFF78C10
0003DA69
FFFD83A8
0005C0E4
FFFBB608
FFFC4476
0009D696
000C5CC9
FFF7667F
FFF8F939
0004EB73
00035BE6
0002DD40
000D020E
00054B0B
FFF6C1C6
FFFD7CF5
FFFD4A82
FFF96D84
FFFCEF17
0003CF57
FFF9B998
000338ED
FFFD94B3
0001A537
0000EB2D
00087CD7
0001F096
FFF9460A
00071D91
00031214
000BBCC3
FFFC0685
00017A67
000307E9
0009721A
000651D9
0004BCE2
00065619
FFFFCFA4
FFFC6B0D
0007A08F
FFFFF8BF
FFFEA370
0000DF60
FFFCF798
00056447
00083242
00061313
00039279
000E7358
0008C054
0007C4C7
00018915
FFFDD0D2
FFFBA493
0000C255
000944CF
0009560C
FFFE3F45
FFFEE9AE
00081A7A
00037266
FFFCBA2F
FFFF46E3
FFFF946D
FFFA6E89
0006EF38
0005235E
000657C3
000040A5
FFFC9042
0000A544
0003090A
00065220
000BE8BF
FFF9C150
00016F4D
00042EC6
FFFE3935
000D9325
000D0E1E
0002B2D2
0004694E
FFFF6D17
000627B6
00035816
FFF58584
FFF69FBF
0007EE2E
0007BDA9
000220EE
00049CF9
00004C92
00096CD2
FFFFAAA9
FFF8F7D7
FFF837E9
0007FF63
0001CA28
00051B7F
0007E8CD
00028883
FFFB0E81
00068DF9
0003092A
0002030B
00004888
FFFEA092
000699B9
0009BEB4
0002F9D3
000398C5
00005A89
FFFF677B
00037F2D
FFFD612F
0002CAA3
00025208
000448A3
000062D2
FFF97597
FFF3CAC9
FFF72417
FFFBE8E2
0004F145
FFFEA771
FFFFEB47
FFFC5D3B
FFF9E426
FFFDEFFF
FFF6EA00
00022B9D
FFF6EC18
FFFF2CE0
FFFCD3C4
FFFC5791
FFF9DEC3
FFF92A67
FFFECECF
FFFA331C
FFFF7353
00007454
FFF9D513
FFFF1600
FFFF108D
0000AE39
0001CEB6
FFF2548C
0006202E
00023224
000342E5
FFFD8717
00075709
0007829D
FFFEFB5A
00058DFF
00090BA1
FFFA496B
FFFB5BEB
0003064B
0002A216
00006043
FFF706CB
0009C5E0
00001DF0
FFFD6351
FFFB02D4
FFFCA23C
FFFCB05F
00052BEE
0004196C
000ADD8E
FFFBB706
FFF51AB9
0000ED96
FFFB45BB
0003BA88
FFF934A7
000AF1A2
FFFAC8A3
00052F34
FFFA35D6
00031814
000138D3
FFF9BCF6
0006A8DB
FFFF9AF8
0005DF63
FFFF3E83
FFFDCE14
FFFE1E77
FFF72248
00016D33
FFF9FCC6
FFFA8C67
FFF481AB
00003E82
0000FA17
0003A859
FFF68974
FFF64BBA
FFFDB31F
FFFC55F0
000351BB
00052451
FFFC974B
FFF988B8
FFF47E01
0008763F
FFFD9B57
FFF87BB2
FFFC11F0
00010565
0002DFA4
0001A33C
00007761
00029746
FFFFBC8E
0007CB5C
FFFE3661
FFF5AF5C
FFF0DD2E
FFF97ED8
FFFA6BB2
0002845C
FFF9AA78
00090FC0
0004D62E
FFFFD5D1
00008391
00021083
FFF7C92F
00108168
000A1593
000167CA
000C386B
FFFF4635
0003BA21
0009697F
0006862C
0002C779
FFFD8F95
0007067D
0001FC88
000BDA7D
0004F34D
FFFF07EE
FFFE45B2
00006387
FFFF5C91
00067BC5
FFFF00F5
000BAC8E
FFF5F097
FFF94A39
00021283
0006E5D4
00058723
000325FB
FFF91C60
FFFB15B8
FFFA80D7
FFFD26C1
000A072E
0001E1FC
00002A0C
0005A1F3
00095285
0006CD1A
000DD00C
00019CE4
00024164
0002F1E8
FFFFC3B3
0000B986
FFFD031C
FFFE07F5
000992C9
000CF306
0004ABB3
FFFFF8E4
0001FB16
00049EDF
000286BB
00003F9A
FFFCC65A
FFFC660B
0007F344
00001B8A
FFF8E102
FFFC5001
0001214A
FFFE7096
FFFF8EAC
0004ED41
000352B4
0003BC9B
0000ABDE
FFFB8789
FFF6BDC7
0000E6C8
FFFD3C88
FFF9CC24
0006262F
FFFFD395
FFF8D1CA
00024279
0003EFF9
FFF457A7
FFFA7C71
0000A132
00032B7D
FFFD97B5
000393E0
FFFB6823
0004D7EA
FFFF80A6
0007B47B
FFF5FD6C
FFFB800C
FFFC4E65
0002735E
0006BAFD
00026426
000645CD
0004BC38
FFF73FF7
FFFC4EEB
0004F8C0
0008D51E
000988A1
FFF9F9AF
00045EAC
0000C13D
FFFB070E
FFFAD14C
FFFEDD3D
FFF8E108
FFFD1B87
FFF7FEDE
000354C3
FFFB85A0
FFFB9B70
FFFFCAF3
00041F08
0002F102
00003896
FFFCB9F9
FFFF732E
00092F6D
000D3BD4
000BC0A2
00027260
00069F7C
FFFC2B85
FFFBD08E
FFFFD0B6
00008060
0001E07D
FFFDE44B
FFFD2BE1
000B198E
FFFC51D8
FFFE5ABF
FFFDDC4A
00046AE3
00012F1B
00059382
FFFA41FE
0008211D
FFFB95FE
00024DC3
0007B18C
000116F5
000977AC
FFFFD65E
000044E4
0009C979
0011124C
FFFC749C
FFFA28C8
0002C9CA
000B4487
FFFFF006
FFFCCA9C
FFFFF557
FFFED958
FFFF8D9E
FFFED40F
0005C8F8
000DA5A5
FFFF433C
00098601
FFFEE5CF
FFFBE1F2
0003E6B6
FFFE00CD
00033BF0
0002A65B
00048C2A
0000CBF4
FFFD07DC
00066F71
FFFCC41F
0007C9DD
000A4EC6
FFFBBB8D
FFFB4B6B
FFFA77FD
FFFC05FE
0004123C
FFFC0C84
00017DF7
FFFC1A52
00014450
FFFAA843
000727B7
0005AB3A
0007C9D5
00039727
000D8DD0
00095D5E
FFFA234A
FFFBF777
FFFBEA6E
FFFAEBA4
FFF60174
00039D4E
FFFA88A2
FFFA5B29
FFFFF52D
0001E678
FFFEDB8C
0009985D
FFFAD2B0
FFFCC55F
00054760
000275B5
000057F9
0004EE4A
FFFE89E9
0001131F
0006E29C
00066481
0001A51F
FFFCF596
FFFAA07A
000644D8
0001AE7F
FFF68A88
00039C5A
FFFF4061
FFFF4658
000105B0
FFFED0BF
FFF58A44
00012753
0001126E
FFFCB63D
FFFD9F9B
0000B937
FFFEF137
FFFE4E3D
FFF7FBED
FFFF45A3
00029688
00049B2B
FFFAC0CB
0001F87D
FFFE5412
FFFDA089
FFFC704D
FFFE2597
0005CC0E
FFFE7ECB
FFFDB97D
FFFF7E27
FFF7910D
FFFE4CF4
FFFE39EC
FFF8659D
000058C4
0000B76A
FFFC9F33
FFFD3B68
000188BC
FFFF09BC
FFF72437
FFF9BD5E
000168B5
0001ACD9
0002D345
00094723
00029264
FFFDBF6E
FFFE2363
FFFFBD99
FFFFF06D
00057C78
0001AB2D
0000AF4C
0008BEA3
FFF965A8
0000A4E2
00056DC0
FFFA031D
000165D8
0009C96C
FFFDE18A
0001A48D
FFFC3D1F
FFFE120C
FFFFAF3C
0002A8C9
0002812D
00027517
FFFCB2DD
00028695
0004DF58
FFFFE1B1
000520CE
FFFBE410
00007878
00035276
FFFF2F11
0006B43A
000307DA
000C26B0
00085B29
FFFE3CA3
0001C51F
00082698
0003C274
0003BC50
0006BD2B
FFFFA93E
FFFC2B87
00057057
FFFAD575
0001BDD7
00015716
00049875
0007BE87
0008E7A1
00070DBF
0008FBBD
FFFFEB63
00088273
0007A1A1
00027E8E
0001F932
000568BB
00090224
FFF845C1
FFFCC11A
00020494
0003D4FD
FFFDF77E
000048EF
FFFCD73A
FFFEE6BF
FFF89671
000069F2
000370E8
FFFDFDA1
0001AC7F
FFF7E2DB
00035F3B
FFFFDADD
FFFE0D1E
00002DA6
FFFC6708
FFFDF04B
FFFB5DC1
00012D03
0004EA9A
FFFD9838
FFFBAD2A
0003BACC
00046C8E
0005DCFB
FFFEBF05
000DA96D
FFF9EEF1
FFFD22CF
0001B406
FFFFD25B
00082B84
FFFDF7F0
FFF5C24C
FFF798B7
FFFC6D76
FFFFAE63
00070B3F
00009A0A
0000CB77
00039D4E
FFFA2B43
0004AF6C
0001BB51
00090F6F
FFFA23DA
0002A719
000138AA
000014BC
00068588
FFFF5366
0001E5E8
FFF836D9
000566E9
000057CC
FFFC970B
00044E0A
000049EA
FFFE0118
0000C01B
FFFA0799
FFFD0189
0002821C
0002EE73
0000CAB1
000842DB
00059074
000491D4
0006E5DB
0003B861
00085711
00088AD4
0004F206
000883E7
0002AD87
00026504
0002E20A
00058318
FFFD5929
0005A7E7
00006D97
0002C71C
000119F0
00014333
000330FD
000447E8
FFFDB884
FFFB8D7A
FFFBC401
FFFFB3AA
0005CD5C
00041544
00000B01
0005F96D
00028BD9
00023FB8
FFFC8DBC
00047F2C
0002A386
FFFC9328
00027370
00063F0C
0001AA67
0004B5D4
00044900
00038789
00032328
0003E907
FFF9FE82
00094115
000A280A
0001E5C2
000420E7
000A87C9
0001C748
000517E2
FFFDDB36
0002C620
FFFF9832
FFFDDB55
FFFE82C6
0003AB91
0002EC1D
00056951
00051DE9
0008D4C4
00016139
FFFFF006
FFFF9243
0006C63F
0002B993
0006DB7A
000405E8
00022988
00007EB4
0000FB5A
00036BF5
FFFF6AE6
0001B464
0002099B
FFFBA254
0000D93C
00029A56
000228F7
FFFDE9E1
FFFF6B21
00048990
FFFFFEDC
FFFDEE34
FFFC5342
FFFD88E0
FFFBF192
00017080
000006F8
FFFBBBAD
FFF656AA
0002ED1C
00039572
FFFBF52C
00035593
FFFC2192
0003E344
0000DDA3
000055A8
0000AE6F
0002DD43
000365FF
0005D683
000329B0
000204C6
000068B4
00081DF9
00099180
FFFE8CCC
FFFD4733
00013EA9
FFFB7636
0002DB2B
FFFCC84C
00029F6A
FFFC93E3
00034F50
FFFF7472
FFFCE1AF
000384A4
FFFD9BC7
FFFD774B
00063364
000759AF
00016B05
00063193
0000D993
FFFF2E2B
000498D2
0004DB69
0000CCC8
FFFEE319
00013FEE
0003BA8B
000373B0
0006819F
FFFE1585
FFFD78F4
FFFA3986
0000161A
0002C195
00030300
00050F1D
0009474A
00058BBE
FFFE8CBF
00015055
0001C905
00032147
000210C2
00021C9F
0003EEFC
FFFE5D53
FFFCA586
0002D526
FFFA951B
FFFEF2C2
FFFCF128
00026185
FFFCC673
00089726
00080B22
00023C91
00031AF4
0007100D
FFFD6A32
FFFEEABF
0004634F
00040371
00025AB3
FFFBCDFF
00027017
000158E8
0006D128
FFFDA31B
FFF8F7AD
0001749A
FFFF21CC
FFFF519D
0002727C
FFFC80DB
FFFB2013
0001BCEB
FFFB65D6
000635F3
00014E6F
000343E2
0005C042
00038B27
0002CE6F
00007368
00015547
00003118
0002A631
0003662D
0008EBB5
00048903
0006B9C7
00016077
0003DAB2
00038338
0000E81E
0000208E
0003848B
FFFA6772
00064AEA
0001C02F
0001239D
0004883B
FFFC8ABB
FFFC9F1F
00066324
0002C4AD
FFFCBB89
0002D68C
0000D634
FFFF28B7
0000700C
0003DF88
00011BD1
FFFD99BB
00080E94
0001EF75
FFFF1E6D
0003F41E
FFFD85CA
FFFC971B
0004EEE1
FFFAD910
0002544E
0000C59D
0000827F
0003015C
0001C8A9
FFFCD5A2
0001A1F0
00031CCF
FFFD4867
00046A87
FFFAC71E
0008AB38
0002C65C
00020CE6
0001C5F3
00064008
000155AE
000949C1
00023A7D
FFFB0DA8
0006F0E3
FFF847E4
FFFAFCFE
0001583C
FFFE8783
00005E09
FFFD8940
FFFD7EBB
FFFFE5D2
FFFC884E
FFFB6FEA
FFFB9E1F
FFFA6ADB
FFFA9024
FFFD0EED
FFF78F99
0005B4E3
00031437
000620A4
0007626D
00093395
0000D7F6
00058E46
0006E46C
0005BCA9
FFFD4F53
FFFF02F9
00014B76
0006C06B
00070A81
0002ED6B
FFFED1B6
0003CFBD
0000759B
FFFF9F52
FFFF1C4B
FFFDDC07
FFFC9B68
FFF910CB
000031B9
FFFF3016
FFF8600C
FFFB2484
FFFEA37F
00065FA6
00058FF0
00052CAF
00025950
0001D156
00017901
0004237B
000694DB
FFFAEEF1
FFFC2C9F
FFFF2D60
FFFE6341
FFF7B1D0
FFFE2B74
FFFC32A2
FFFED30D
0000A9A3
0008A5D0
0009C68B
0005F4B1
FFFE0BEF
0001ECA9
FFF98B44
000748E4
FFFEB7D3
000290AC
FFFD385B
FFFCA3F7
00035693
FFFE97B6
00049D79
FFFBAE37
FFFD7B3B
FFFEB2C7
0003CEFF
FFF8F7D0
00011DDD
00028099
FFFAD2A5
000249F3
FFFEE8B3
FFFDF000
FFFBDB34
0007A36D
00034499
FFFC8C81
0003FCF2
FFFB7921
FFFDAFA6
FFFB1992
000445E9
FFF9DDA6
FFFF917C
00018730
000039C8
FFFC187D
000109AA
FFFAA114
0003F299
FFFD98F7
0001810B
FFFDF816
FFF91FA1
FFFE4B82
FFFD6BDD
00020C3C
00049F6E
FFFFB50A
FFFC48A0
FFFFCC5E
FFFAE6AF
FFFF038A
FFFC5693
FFFF1215
FFFDB1A5
0005980C
FFFDAC6A
0001DB31
0008429E
0000D41D
FFFC4F90
0006BBDA
FFFCBA06
0006B64B
FFFBD6D4
FFFE64A4
FFFB95D9
FFFDE3EC
FFFA1DF8
0003CC53
0002120C
0003CCFF
FFFE2D30
00008806
FFFC8F06
0004A5E9
00066E30
00055337
00002456
FFFCDEB2
0002FB64
00032D56
0005097F
00039BB6
FFFFDCF8
FFFD8DAC
FFFDE5A9
FFF92FD8
00053E44
FFF64459
000B4005
0005555C
0007A963
FFFDD7A4
00043E60
0004CB78
FFFC67D5
FFFF4104
00054114
FFF3DE17
FFFF6BB5
FFFF7257
FFF83DED
000A74F9
FFFBD625
FFFA20AF
000BE027
00033618
0006CEE3
0001E9BD
0000D42B
00023AEA
FFFEA62B
FFFDDC18
FFFDB77D
0009A06F
FFF7A58C
0006D4CC
000B6750
FFFB3C5F
0000E422
0003F2D5
0003C6AC
000B5AEF
FFF76F2D
FFF3C2A2
000A8937
FFFB67E4
00016175
FFFBCD50
FFFD34C5
FFFECB8E
00077AA6
00095DBD
FFF5086B
0005E180
FFFDED52
00094871
00099F62
00096061
FFFBD896
00007339
00040405
FFF9C776
FFFF6F45
00017B39
FFEFEE32
00055CFB
FFF9DB1B
0005DDFC
00043A59
000AD35E
000FC99E
000B8EEF
0001A051
0010D279
00033898
000A5EF4
000D813A
FFFB793E
FFF586DC
FFF9F81E
FFF87E8C
FFF511B3
FFF1C41E
FFFD0CBC
0007BA28
FFF9F091
FFF759C7
0001CC63
FFFAAE4C
000711E9
FFFE9B7D
FFF88470
FFF935A8
00011356
FFFE22EC
FFFDD1F2
0005BE95
0001D433
000423CB
FFF4A55C
FFF86551
0008C6F5
000DBF71
0005C158
FFEEA84F
FFFB8D52
0002144A
FFFD7397
FFF154A0
FFF81CC8
FFFF5FB0
FFFEDA49
FFFC3E25
FFFE1166
FFEF1AB1
FFF8C6E6
00010049
0009D168
FFF20620
0002810C
FFF5D883
FFFFB647
0000CD03
FFFD7B8A
00064A34
0000C830
FFF81742
000219AE
0008984D
0004FEE4
FFF58855
FFF74D93
FFF84A19
000908C2
0003C558
FFF5773A
FFEFE523
0004684D
FFFE18F3
00023ABD
00048A0E
FFF93776
FFEE73F3
0009C764
0003704E
FFF83513
00080CCC
0000BBBA
FFF6AF90
0002312E
FFED779F
00035741
FFF7BBCC
000ECFCC
000401FD
0005FEF6
0000E000
000410A1
FFF78858
00005C39
FFFB50C0
0008789A
000AD491
FFFAA6ED
FFFC5481
FFFF447C
00055B91
0003F81D
00000A93
0003CBF1
FFFD0494
FFFBE8A1
00043C63
000174F4
0007DDEA
000694BE
000CF8C2
000747B2
FFFE6060
0003C8E5
FFF99354
FFF54241
0003F95A
FFF97B87
FFFF9A34
000366B2
FFEFAC11
FFFBC4EA
FFFD77E5
000293C5
0004C0A4
00001CD3
0001741E
FFFFE96B
000313B9
000B3382
0004F21A
FFF5F937
0005FE78
FFEBEA5F
FFFA5E61
0001C502
000B4D1B
000D139A
FFF52169
00032D09
FFFC218B
0008804B
00046CFA
FFF844D9
FFF37E9B
FFF84E68
00035F06
FFF8ECD0
00025B57
FFFBDD6E
FFF8A646
FFF663A1
000AE650
00089800
FFFCD568
000A21A6
000667FC
FFFA8CC1
FFFFD271
FFF7FE88
000182B7
FFF9E1D1
000024DD
FFFBEC3C
FFFBE8F2
FFFB3EC6
00018E6C
00017F81
FFFB6B53
FFF6B735
FFF96A21
0000D3B7
FFF98879
0002AE18
00070E48
FFFDCAD1
00070FBD
FFFADCD8
FFFF4851
0002E512
FFFC644F
FFF9A284
FFFB31EB
FFFC396E
00051489
FFF9FE0D
000968AE
FFF2AA80
FFFBCFFC
FFF91E3C
00066687
000C98AF
FFFCB015
0000036A
FFFC8286
FFFE0959
FFF9BD3F
FFFDF473
FFF5A1B9
0007D58A
FFFAD473
0007EF3A
000A1A07
FFFD307B
FFFB14C4
0003E4C9
000BED5A
00087AA4
000AADD7
0008F7E3
FFFFD7A9
FFFE5E88
00038A4A
0008F237
000924AF
00079C33
00032084
00087E57
00054927
000065BF
FFFF4923
00007A00
FFEEED7A
FFFA2FBE
FFFFE4CA
FFFF637C
0000DA8C
00013528
FFFD8E2B
00056B01
0009A29C
FFF6BB94
000354B1
FFFF15F9
FFF7E307
FFFEBB8D
FFFBBCBC
FFF77082
00042130
FFFD3B9E
00043576
FFEEEBFB
000C77DE
00085AE3
0006BEAF
FFF97EDF
000EE4D2
FFFAA0D4
0005A68E
FFF13203
FFF43947
0008D3E8
000541B5
FFFF2E13
FFFFF8DD
0002CC1D
FFF33B4E
00029BA5
FFF6D07E
000E083F
FFFB681B
000324DC
FFFB978A
0001E2A3
0006B141
FFF5C54D
0003BC87
000BCEAE
0002CEAB
FFFC5F04
000777C8
00091B85
00088296
FFF9B234
0004C808
FFFDDC13
0000B054
FFFFD30E
00063634
FFFEFE5F
00057E7D
000838C6
FFEFC06F
FFF8D0F9
FFFDDF16
0002434E
FFFA1363
FFFF9DEA
FFF73B35
FFF6F7D4
FFFD050D
FFF851C9
0009D3BC
00067CD1
00062F03
FFFC27D5
00047D54
0003FB1C
0005BBF0
FFFC8811
FFF6FF2A
FFF7B9A8
FFF82A6F
FFF53DFC
00075B4D
FFFDC0D1
000ADCE0
FFFE0E84
FFF70523
FFFAA47D
FFFEF062
000DD3FC
0000D9B6
FFF99853
0009514E
FFF89F75
0005721D
FFF33B1B
00029499
FFF35058
00092202
FFF23105
FFFADEA8
00076837
000B74BD
000C911E
0001E906
00074D51
FFFB47E1
000C8C01
FFF983C8
FFFA4AE9
0005708D
000A1D49
FFF95132
FFF75142
000B9A90
000042AA
0001994D
FFF914D4
FFF9E71D
FFF311A0
FFFDB2DD
000EA9A5
FFFACDC0
FFFF09E3
000ACE5F
000A3D1D
000D0E85
FFFD9B48
FFFFAB87
FFF7336C
FFFB20BB
0006F6BA
FFFC2B60
FFFBD143
FFFD142A
FFF9C693
FFF2649E
00038EAD
000AFA4A
FFFDC7C0
00082E13
00015B1D
FFF6CCD4
000C99DE
0005C876
FFFD3C7D
00081F94
0004CC6A
FFF8634F
0007F51D
000A4695
FFF37E54
000C5BC5
00012662
00021094
FFFC9898
FFF7273D
0007345A
FFFA9A67
FFFD10FD
FFF9A53D
0000BA22
00054D48
FFFA4110
FFFCA9CF
FFFA2564
FFF98577
FFF94C6F
FFF8448B
FFF471FC
FFF163DA
FFFE008A
FFFF6DB8
FFF2CACB
FFF9EF3E
FFFA9A82
0001B4B6
FFFB905C
FFFB008E
000E6BDA
000C208E
FFF9DD72
0000E6CA
FFFBCF7B
FFFFF9D6
00000354
FFF6D290
FFFF9F2B
FFFB86B0
FFFEEBC1
0005A8F8
0004DF7C
FFF7D64A
00025F99
FFF5950C
FFF5C1D3
FFFF9C9B
FFF88A22
FFFFAAEF
FFF6827D
0005B998
000D526A
00062BEA
00000E23
00013FDE
FFF91045
FFF7EC34
FFF04BFD
FFFDAEA9
0008EA5B
000D008A
FFF911B6
FFFEE3BC
FFF5EE52
FFF77F97
0002D024
0006DC00
00064962
FFFBA5AA
FFF73C51
000643BA
0007B139
FFF71A4B
FFF1FF4C
FFF68C5D
000246A2
0004AAA5
000DD898
FFFFE226
FFF63F20
FFFC42DE
FFFE0C71
FFF811FF
FFF95D87
0004895F
00113759
00076AA8
00019424
FFFC5B09
00013995
FFFF61DF
0007A3E7
FFFED5FD
000ED845
FFF88101
000B9ADE
FFF47683
0006C1F3
FFF7534B
00053D33
FFFE5E3B
000633E5
FFFDCCA1
FFF40377
FFFFEC69
000422C2
00046CAB
FFF61644
FFFC9455
FFFD97A7
FFF4A7D2
000466C8
00035AFD
000582F9
0005270E
0007A548
0004D451
00015CAC
FFFDF208
00053EA6
000088AA
FFFEDF02
000B93A0
FFFE16D7
0000C115
FFFCEA57
00008CA6
FFF6D89C
FFF89966
00043EFA
FFFB6844
FFFCA9ED
FFFBD0FF
00094FCA
00047BDF
FFFEABC7
000FF868
00047950
FFFE1FBD
FFFD4E97
0001915B
FFF7D397
00036564
00003AC8
FFF47C3F
FFF9EE21
000024DF
FFFEE316
0001E664
000CDEAE
00107B21
FFF8176B
0001FA01
FFFE3C0F
000B5421
00048DD2
000A6AED
FFF221B6
FFF8D246
000F6E7E
FFF9BC1B
0005CB17
00095776
FFFAD1DD
000892FB
FFF43E59
00001B38
00069871
FFF01B37
0009B080
FFF5F0F8
FFFF6E66
00049F2B
FFF994F0
FFFD0347
0002273F
FFFE21F4
FFFD5C99
00037E77
000B3BDD
FFF8A5E7
00061A68
FFFDDB3C
FFFDFED5
000A2681
FFFEE004
00074D57
000CED90
0003F6BF
FFFCC558
FFF75039
000902A9
000380EA
FFFC08A0
0000A030
00008DFE
FFEEF7BB
000D443A
FFF5FC31
FFF45262
0008B155
000C8DC9
FFFB2B4F
000C3AA0
0006B242
FFF56860
FFF64385
FFF2E6E5
FFEF9B7A
FFFEB83B
000962C9
FFFF6C4A
00064F01
FFFB25B5
FFF671A6
0008BCD7
FFFA0DF7
FFFFE376
FFFFCAF9
000AFA0B
FFFF0922
0006CFEB
00077A79
FFF7C59B
FFF1E093
FFEF751E
FFF6E3BD
FFF8B89C
0000AC09
FFFB6C34
FFFBCE06
FFFA36BD
0003FE6B
FFF9C3FE
FFF95DDB
FFEFD896
000C1114
0001361D
FFFFFE78
FFFB3C28
FFFA5F18
FFEB25D7
FFFDBD6F
FFFD7E87
00013F24
FFFF705E
FFF3484F
FFEEC6D6
000E0404
FFFAA749
0007AEE4
000982CD
000B421A
00042320
0002132E
FFF7247F
000310DB
FFFD5A6D
0006DED9
0003E477
00077979
FFF11C7E
0003ECC0
000965C1
FFF8772F
00020DEF
000F01AC
FFEE195D
FFFBA3E7
FFF995A7
00010DB1
FFF7DD3C
0007D321
FFFAC40C
0005B2B3
FFFFD8C5
000B731B
00096EA1
000CE2A9
00020785
FFF93CA5
000035D3
0006DACF
FFF34449
FFFBCAD9
000CC379
00050BA4
FFFC583C
0010A650
000EC135
FFF8322D
FFF84513
000F0B29
FFF7440D
0006941B
000A3C55
00015690
FFF6E010
FFEDAB4B
00002B8E
00010B57
FFFADDE9
0006FB82
000AA35E
FFF8325A
0000ED5A
000EA23D
00014304
0007A3DF
FFFBBF69
FFF68610
00035551
000BA9B7
FFFE8DC6
0009579C
0001F6EE
FFF7F7CD
00052746
00047F4A
FFEFEA6F
00054A50
FFFF7312
FFFBFC74
000E0E87
0006C072
FFF6AF81
FFFA6A85
FFFF193B
FFEFDFFE
00071610
000E2BF4
FFF6F5F7
FFF86BB1
FFEA3EC0
FFF1E942
00041338
FFFC2133
000190F4
00089B33
00048BD3
FFF5BABF
000B1151
000401BF
FFFA6A10
000375C7
00045C81
FFFD75CB
FFFA5171
0005DD75
FFFE2263
00055686
0002870E
0005A755
FFFDF26D
FFFDF5F7
00044079
FFF89ED5
FFF7D5EB
00024236
0001FE98
FFF667F7
FFF5949E
FFFFBBD0
00028578
FFFB5B7F
00000DE9
00001BDB
0009A5D6
00049358
00087AC7
0000AE60
FFF53551
FFFE4FDE
FFF5A85B
00018FB3
000D167E
FFFE3071
0009EFEE
FFF4FFA3
FFF4D76D
FFFE9DC1
FFF8B063
FFF52E8B
FFF79EA2
00099918
00000A94
00002A41
FFF6D1BD
FFF4156A
FFFC9748
FFFF9ED6
FFFC5F53
000540F9
FFF9BBDE
FFFC964C
000C26D1
FFFE0832
FFF923BE
FFFF3516
FFF360E0
FFF929A8
FFF0EF03
FFFF6555
00009D12
FFFB13B8
FFFA4A2E
0002658B
0005E568
FFFF1BAD
00060457
FFF5C503
FFF7EE0A
FFFDBFBA
FFFE9615
FFF6D563
0004B6E3
FFFD4578
FFFCF788
000CE44E
FFFC934B
FFF22ABE
FFFDD610
FFFFD63D
FFFC60E1
FFFAB0B8
FFFA9398
FFFBBD5E
FFF54DC9
FFFFEF89
0001984D
FFF70220
FFF68417
000CAD82
FFFB4449
FFFE71AE
FFF88C55
FFF191B2
FFFCDB0A
000494C0
000E8201
0005FDC4
00025954
FFED7C41
FFFCBE4E
00099FF9
FFF8C5D1
FFF17CDC
0007EB23
FFF6D809
000D70B0
0009348F
FFFAB5DE
000A33AB
00009730
FFED4666
000202C4
0000C121
00019649
00021A53
00021C31
FFF88049
FFF8AB73
00032641
FFFD4AD9
000C3167
00071DDE
FFFB942F
0002D35B
0003D2DC
FFFEBC38
0000CFF1
00049530
FFFE621B
FFFCF902
FFFE6288
FFF71BD5
FFF967AE
0008E1E1
00040AD6
FFF54586
000195D4
00013F13
00045C7C
FFFD5C55
000DD09D
FFF652B6
FFFE4197
FFF97FDF
00063295
0000AE03
FFFA033C
FFF9DBF3
FFF8BEF6
FFF37BF5
00027DBB
00036DD1
FFF9B3C9
000CADA5
00019AF3
FFFC07B1
000E9835
FFFE36EA
FFFC2DD6
FFFA3811
FFF88AF2
00023691
FFFDA053
FFFF4DE9
00011C60
FFFCCADA
FFF8658C
FFF9C7EB
FFFEFA79
FFFC3C75
FFFDEFE4
0006DC3F
FFF9E972
0003DA30
FFFB91B6
FFFAE1D6
FFF5C8A2
0002C03B
000C9342
FFF8CDF2
0001D853
0005CB16
FFFFC485
0007F3F7
FFFEC9F5
0010D942
0002DBF1
0001D559
FFFCE523
0008193A
FFFD8F9B
FFFC4033
000095E7
00079111
000835C1
FFFA338C
FFF6341E
FFF1587B
FFF4A410
FFFF7190
FFF89A3D
FFFE1377
00084962
00014338
FFFBAA92
000368C6
FFFC59F8
FFFD00C5
FFF6D495
FFF970F8
FFFF30E8
00066E9F
0009362C
000A6362
FFF83D2C
FFF10F65
00110ACE
000B75B0
FFF820EC
FFF96F8C
FFFF72B1
FFF33AD3
0009889D
FFFF330B
00048E07
000054E6
000E7BA3
FFFCF15F
FFF9744F
000901A9
FFFD1427
0003AC76
0001ABD3
FFFE96BF
FFFC7192
FFF99F3D
FFFEA07F
FFFFD83A
000B7AD5
000ED2CF
0005D502
FFFC658B
000B7426
FFF5E722
FFF5D999
FFF6E4C9
000BDF57
FFFB08C7
00057BB3
000B4884
000E0D33
FFF74052
0001705C
00009095
0001E24E
FFFD444B
FFFB965B
FFF4F162
0007FBCF
000E8E12
0000297B
000B9C12
000972C2
FFF59E81
000A3B8A
0003FEF5
00008803
FFEED942
FFFB2A87
FFF9C1C7
FFFDCBE2
00088EA6
000A9DD3
FFFFC6CD
FFF8FFCC
FFFE4ABC
FFFAE8B6
FFFC2EC3
FFFCA979
0010F542
0007706B
FFFA6B3D
FFF69287
FFFF4B6E
FFEF97DB
FFF98E15
FFF5274D
0001AB50
FFFD633D
FFFD5919
000658EF
FFFE1048
00026233
FFFE5F33
0010422E
000A5731
000B068D
0003F30C
FFF8C1F8
FFF6AA66
0002496B
000A3CCF
001256F9
FFF9A2CD
00070348
FFFD1309
0001F20F
FFFC469F
0003E70F
00097F00
FFF82837
FFF2DDDA
FFFDCAEA
FFF2BBBA
FFF78E86
FFFCFE69
FFF5F645
FFFDD26C
00073A4A
0002AC4E
000ACC41
000EDBC1
FFFCC8D0
FFF9E0FC
FFFDA68A
FFF7AAE6
0000B315
000FA3DD
FFFDC97A
000187CB
000047FD
FFFE48E4
000028B9
00009518
FFF4FFEE
FFF58995
0009DCED
000A4E89
000A3E11
FFF60FF8
FFFD064D
FFFFCEF8
FFF7DE25
000A2CE8
FFF826CA
FFF5A985
0007282A
000041DD
000477C1
00075B66
FFFD20C2
FFF589BA
FFF5F422
FFFDFD74
000D727A
FFF953EE
0004EEDC
FFF486F0
FFFA3C89
FFED6ECF
000497EC
FFFE2C79
0007C0A2
0001B05F
FFF47923
FFF3AA1F
0002DD2D
00018804
FFF75BE6
FFFC7B87
FFF60461
FFE995DB
000D1AB5
0008E1F5
00019383
FFFA8CFE
000077B5
FFFC7B97
FFFB1176
FFEAFBAB
FFFCAA70
0002F674
FFFDC87F
0008143A
FFF71F7A
0003CA20
FFF8891E
FFF94277
00019191
00009609
0006D571
FFFD68DB
00003950
00011F88
FFFD86AA
000AE317
FFFE2735
00014D97
000B8FCC
FFF098EE
00038129
FFFC2FAE
FFF7DAB0
FFF841AE
0001829B
FFF3232C
FFFBF869
FFFAA0BF
FFF8EBAE
FFFE3418
FFFC9BF4
FFF877D2
FFF919B6
FFFBDA34
FFFE4A19
0002DCA6
FFFA4A25
FFFEB4A6
00004AB6
0001F218
FFFE236B
FFF86015
FFF900C6
0000AAA4
FFFD7D4A
000DC2E9
0006CD72
0000DB54
FFFBDEE5
FFF949C6
FFFA81F9
FFFF1A89
00072A94
FFFD878A
00013B10
00030896
0003396E
FFFB764F
FFFF6876
00005A00
FFFE2F4F
FFFDBA0A
00012484
FFFBB7B6
00050CD4
000D27F2
FFFDB1F8
FFF6E409
FFFFA339
FFFE88FC
FFFAAE35
00013473
FFFAABFF
00007805
FFFD3BDC
00102908
FFF762A6
000AA6F3
00083476
FFF01EA0
000152FF
0003F755
FFF5DB6B
FFFF48A7
FFFC35FD
00043762
FFF8FC84
FFF6ACE8
00043D27
000106EF
000057EE
0001F296
0007F03A
0001388E
FFF46BA2
FFF76AC9
FFFB1155
0006D67F
FFFE6BF4
0002E336
0002286C
FFF97EBB
00067E40
0007CBE9
00003712
FFFD7693
FFFCDC0A
0005B825
0002CF13
000D21E2
00058C38
000CC8B6
000A2D6B
000D4F88
FFFF51D4
000CE329
000D08A0
000426D4
00062439
00029E0F
FFFC82AC
FFFDC272
0000D3B8
0007A23C
FFFB0616
FFF8FD3E
FFF42D2A
FFFBE888
000037F8
00084013
FFFA71C2
0002DE2F
FFFC3B2B
000105DA
FFF84928
FFFCB393
FFFB2248
00079E41
00005231
FFFFF453
0000B3C4
0007A609
FFFF3C70
00089F42
00005979
000B1E45
FFF522D1
FFFC5B23
0003CAF4
FFFA7392
FFFF7533
0001AC50
FFF83BF0
00067A29
FFFD926C
0004C140
000A165F
FFFD1B58
FFF57969
FFFB28CA
0003A88F
FFFF202A
00013186
FFF6BEB9
FFF84F9F
FFF80A3A
FFFDC37E
FFF24576
FFFDF5E5
000074FC
FFFE5770
0002116F
00022555
FFF720F6
0003FA97
FFF82929
FFFC2279
FFFE7B6A
00047135
FFFA39FC
000E3D26
0003681B
0009F254
00068727
00017EA9
FFFD1D91
0005719C
FFFC669A
FFFAA159
FFF979AF
FFFE8D5D
FFF60AA0
00044314
0004466E
FFF6C8FB
000DA6CB
FFF75D51
FFFBA1BF
00051E26
00045F02
FFF2CAF4
000275E8
FFFE43E7
0008F20E
0008B452
0003FC8C
00082599
FFFF7384
000AF20E
FFFEC5DD
0007D72A
FFF73FA3
FFFFEB99
00038D03
FFFB72BE
FFFBE843
00083A24
0004B27A
FFF77943
FFFD156F
FFFDA8F5
FFF76C88
FFF9C995
FFFA91A5
00064282
00010D85
FFFDD935
0000C309
0002AAC5
FFFEC03A
FFFA3C5D
0004785E
FFFD7A32
0000E225
000ADACA
000304FF
00006EB2
FFFFB985
FFFDC93C
000019F9
00069A7F
FFF9BDF1
0004EDC0
000C442E
0005BE57
FFFEFEE6
000DB2B0
FFF6D3B9
FFF6671C
000822BE
FFF6B6C7
FFF9C9D8
0006D27E
00063D65
0008BC3F
FFF88F11
FFFC8640
0004CBB8
0002EE85
FFFFEE82
0009FA39
0009DC50
00049B20
0000B7FB
0005C17D
FFF9A693
FFFA2792
FFF5D3E5
FFF696F3
0000306D
FFFFBE59
FFEECE99
0006F9F0
FFFD9202
FFFB9361
0000441B
0004D666
FFFE5425
FFF562BB
00072FC4
00028708
00033D64
0005D6BC
FFF96B20
FFFBDB6A
FFF8541F
000261D6
FFF9793E
0003BAAC
00014342
FFFE2FA7
0003C10A
00045A57
00001FD8
FFFF2503
00008B35
0000210C
00066209
00004EC5
FFF2C8A6
000337E3
0000DB41
FFF34DB4
000337A4
FFFD26D0
FFEF7A6A
FFF8C3E8
FFFFC415
FFF9457A
FFF68CAA
0005C29C
0002FAED
FFFD3C28
FFFBA99D
00088262
FFFA9EC2
FFFC6FB7
0009894E
FFF26FE5
0002DF7B
FFFCD393
FFF9DF0B
0002BBE1
0009B2D6
000CE177
0004B305
00063906
FFFFF67B
FFF8B7CA
FFFDBDF1
FFFF6B1D
0003F654
000C1BB6
000AC1A0
FFF85731
00076FE1
FFFB0F67
0004C54E
FFF90169
FFFF86B1
000354EA
FFFAB1B2
FFF9ADDC
00078F9F
FFFDE5A2
00037EF9
FFF61767
FFF5276C
FFF8F30B
FFF988AE
FFF49EEE
000363CB
FFFC95CB
FFF5C442
FFFBC10F
FFF80721
00096DC2
0002DB46
00030DE5
FFF9EED3
0003CF6A
0005D209
00048F35
FFFC8D9E
00029C50
FFFF3D2E
FFF7074A
0000B5A6
00034DE7
00060740
000059DA
FFFE6EB2
0001DE2C
0009B710
FFFE89C1
00047EBF
FFFEF937
0000E4F4
FFFDDFFE
FFFB6784
0010E332
FFF66A96
00020924
0004B094
000B52EA
00023F57
0007DA3D
000882BB
FFFC3D9E
00029AF3
00035D44
FFF8111B
0006ECA4
00028BA1
000DF95D
00014662
00015935
000560A7
0003C3CD
000F751E
FFF818A8
FFFE325F
FFFEBEA9
00086F01
FFFEAA0D
0008E661
FFFBA0A6
FFF60838
0006881D
0001497C
FFF8FC8E
FFFE7564
FFF8C82F
00038D4B
FFFCBE51
00050585
000109D2
000A0607
0001B8FA
FFF9466F
FFFDBA0B
FFFF0D37
0000EB00
FFFF4BD0
0004BC22
FFF84E15
FFFBC144
FFF9D5B3
FFFA1B1E
0000967B
0001CCE9
0004E4B5
FFFAC9D6
00055058
00087332
FFF9B575
FFFE26F6
000BC351
0010556E
00040755
000235A3
FFFB2AE4
00063755
0001C106
00071E00
FFFA1C3E
FFF5A1BD
FFFFEE4C
FFFD4356
FFF9F486
00020D14
FFFF925B
0000EC2A
00076599
FFFE396C
FFFA4C88
FFF2C70A
FFFAA04D
FFFB9D76
0003CBC0
FFFF9E6B
FFF331D3
00085804
FFFCC4B8
FFF1299A
000754B8
FFFF71CE
FFFC9E0E
00040D3F
00017E9A
000308E8
FFFE725A
FFFCE9AD
00095948
0001FECD
FFFDBF7E
000413F8
FFFE424E
FFF57B6B
FFF9BF3F
FFF5C3F5
FFF48857
0003406F
00029A88
FFF9964A
00018164
FFFE4698
0000460F
0004003F
FFFE6ABF
00063BDA
0002ED34
FFFBD5BB
000358CF
0004E405
00053981
FFFEC6AE
0000CB01
0003696C
FFFE6FB4
FFFCFDE8
FFFCA5AC
0006FF14
00071A32
FFFA670B
FFFABFA4
FFF2EB98
FFFE4C36
FFF58B7F
FFF5E03A
00022F45
FFFB700B
00014F2C
000F4C1B
0001017D
000B7401
FFFCE4FB
FFF65719
FFF22D45
FFF80D35
FFFA82CF
0000FB45
FFF6CFB7
FFFA0F8B
FFF8B7D0
FFFCE19C
FFFF4409
0005E67A
000BE7BB
00054476
000A67FB
FFFB2779
FFF82BED
FFFF6978
FFFED588
00019BBB
FFF0F254
FFFE8A8D
FFFD7AD6
0007BB51
FFFD92FE
FFFD6EC3
FFFD13C8
00021D80
FFF7537D
FFFD8588
000113CD
FFF71CF8
00067B34
FFFBF0B5
FFFA7202
FFFE848D
FFF65C1F
FFF6E05E
FFF12959
FFF8FA7B
FFF2F37C
00008AD9
FFFC5A9D
FFF383CB
FFF9EDD2
FFFD422B
FFF97F5F
FFF490E2
0008A1F0
FFF54032
00018582
FFFA34CC
FFFF8684
FFFF64C2
0005A00E
00044FBD
000E45C4
0006E695
0006ED6D
FFFB6248
00016FA5
0006F37E
000DDC1B
FFFF1484
0000A373
FFFA9494
00018236
000652DD
000D5FE9
FFFADAA9
00020C18
FFFBE887
FFFEBE22
FFFE581A
000F8E98
FFFD838A
FFFA47E1
FFEA696C
000A0F19
00002929
0002D94D
00039A8B
0003C32B
0006D636
00048BA3
FFF85A76
FFF6BFDE
000635D4
FFF9FDD5
FFFEA5C3
0007DEA6
FFFDBA66
FFFF0FEE
0007BC59
00007CC0
000208D3
0000CE79
FFFA65A9
FFF6AE5C
00020B38
0005C821
FFFE6977
FFFAC4F6
0002E5C8
0007B4D6
FFF7BE7D
FFFCCC0E
00081B4D
FFFE25F0
0004FEDE
00029315
FFF93913
0004D395
000EAC14
00017B15
0003BFB9
0000AF93
FFFB39AB
FFFCE03A
FFF713A1
FFF9CE1E
00011487
FFFCF85F
FFFAB40F
FFFB5506
0000B25E
FFFB1D23
FFFB1198
00000389
FFF823A7
FFFEF0C3
000E8CAE
0009EBA8
0004C991
0001B59D
FFFBC04A
00017D2E
00043632
0005A954
0008C350
FFFD89B8
FFFEB45C
00091F0F
000AC3A8
FFF7C0D3
FFFCF7D5
000241D8
FFF701C2
FFFA3F23
00026B00
0003D662
000476B4
00051ADB
00045DFA
FFF9176F
0005D10D
000844F6
00097A9B
0002708B
FFF9F45A
0002F1A9
000774ED
00027D34
FFFA19EF
00005B2B
00027618
FFFE398E
00001538
FFFA90C7
000A76A9
FFFADFDA
000A00B0
00010418
FFF6FF2E
FFF79B03
000459D5
00002828
000C0EAA
00028C0C
0003CCA0
0001DCA9
0001B642
FFFCE889
0000BDEF
FFFE2283
0006D5F9
0003E33D
0003900E
000261E0
0002E998
00073E22
00062D80
0007CAE3
0006226E
FFF97D36
FFFFF0C8
FFFE5E61
000D60B4
000C788E
000B7DF4
FFF43560
00012ECA
FFFFBB4E
0002DCCA
FFF851B5
000085F8
FFF938E9
FFFA644A
000683D7
000196B9
FFFD9EBE
00037EBF
FFFD22B7
FFF8B074
000217CF
000C5FB1
0007002C
FFFBD489
00048D8B
0007A9BD
0003B04B
FFF9FCBA
00080ACC
FFF8C137
FFFD4560
0004ECE2
FFFD2FC1
FFFDB872
0006B119
00093CF1
00000B75
FFF805CE
0007D3E8
FFFFAD2C
000073A6
00040882
00013FB9
FFF4633B
FFFCF911
00047912
0004ACAA
FFF69072
000598F6
FFFA953F
FFFE8AD9
FFFEC15A
00023CAE
FFF8874C
00031C6C
FFF7B18F
FFF6D1FC
FFFA45CF
FFFEEEA1
FFFC0D2D
0004A454
FFFEF72A
FFF9134A
000330F9
FFFCD50A
00080118
FFFCBBA3
00019E0E
FFF91E0C
0004FB34
0006264A
FFF92FEE
00039F89
FFF8D67A
000860FC
FFF833C7
FFFA10F0
FFFC7315
0009E3D9
FFFA4A77
00070B45
0009E576
000B520F
00034C3D
00074A8D
00041446
FFF65304
FFFF53C9
0000331A
FFFEF167
FFFCD41D
FFFE9337
FFFEA38B
FFFD0B21
000372B1
FFFAD662
0008A1C8
0004C6D0
FFF78CA9
FFFD35A1
FFFF3A5B
FFFC372B
000C8304
00066B71
0002513A
00014664
FFFAE59E
0006630A
000F0803
FFFDC23A
FFFC22D3
FFFFA057
FFFDEFB7
FFFF4821
FFF94F47
FFFFE1CF
FFF79F9E
FFFDFD91
FFFD1C2F
FFFFB00A
FFF3EA48
FFFFE45D
FFFA1BF5
00027961
00081D44
FFFA3474
FFF4AF89
000173E7
FFFB7D84
FFFF3642
0003F146
000373DC
FFF788F2
FFFBBFF4
00025736
FFFBE04C
000507CF
FFFC156F
FFFF76A1
0000384B
0005F887
FFFBBEA0
0002B552
FFF892B5
FFF9A640
00014B08
FFFB0347
00095106
00080614
00030904
000C669F
00070841
FFFDB235
00028E6E
0002D58F
0004E5A8
000E7AD6
000FBCB4
FFFFE0B9
FFFD8C38
FFFBC1B4
00050E3D
000B1DBF
FFFBDADA
FFFAB6F6
FFFAB183
00031663
FFFC894B
000CE031
000338F9
0006F8F9
FFFDCE21
000865F4
000B446E
000BCDF6
0004A39D
FFF4A092
0005CA1C
00022F4E
0001BCD7
FFF7FB3F
0004361B
00037E1C
0000E254
FFFAB652
FFFA7DF4
FFFA9CFF
FFF1E9FE
FFF37ECE
FFFB8173
FFFA6BD7
FFF285D3
FFF83E57
FFF8E6CA
FFF763A0
0004D85D
FFFC87BA
FFF8B63D
FFFE4950
00010BA3
000520F1
00029933
FFFF8241
0006EE4B
FFF78CD7
FFF69B9D
FFFB2DCE
FFFCB524
FFFF38DF
FFFEE628
00015414
FFFD6F48
FFFA28C0
FFFB79F5
FFF6384A
FFF7CAC7
0004D897
FFF95ECA
0002DE71
FFFE0236
0005CC01
FFF89986
FFFA77A3
0001EE63
0004AD52
0000DCDA
FFFFB631
FFF8D111
FFFA336D
FFFA6833
00009F61
FFF8AAAA
FFF828BC
FFFF5615
FFFB79CC
FFF83738
0001C3E7
000340FE
00001672
000D6149
FFFF406C
00073571
000B621A
FFFDD812
000CD31E
0003F80E
0003FB70
0007EDBD
FFFBAC35
FFFB51AE
00016AD8
FFFDA87C
0005B345
FFFFDE0D
FFFF8CB8
0004851F
000142A2
FFFB6065
000D7557
0003D9C9
FFFFCFB8
FFF85D09
FFF3C45B
FFFD3984
000D39EE
FFFAE6A5
000989A1
FFF73157
FFFE66B0
00007555
000598B6
0002E356
FFFDE6A2
FFFA7E43
000B4A9B
0000842C
0000723B
FFFE036C
00091EED
0002CD09
FFFE29A7
FFFFE7AE
FFFDF6CD
00032E1D
000120C9
000AB2BE
00010EF9
FFFDAE8E
FFFF4A9F
FFFAFF57
0006F408
0007A2F2
000A7250
FFFE9240
000B1A22
00089100
FFFE95BF
FFFBE324
0003C01E
FFFE0151
FFFA2595
0006BFF6
0005BE41
00020998
FFFA933F
0000EDA7
FFFCE8D6
0003B23A
00044867
0008695F
FFF60CF9
FFF65F38
FFF65A89
0002119A
FFF7D980
FFF86401
FFF87A3C
00028F6D
FFFCA941
FFF95958
00003245
FFFED436
FFFC7E0A
FFFDA50F
FFFCD16F
FFFF65D2
FFFADB23
FFF75A4B
FFFFD817
FFF8A277
FFF7EBF3
FFF7CCD3
000259A1
0008C0C1
FFF7B88F
FFFE0F05
FFFDB7B3
FFF445B8
FFFE828B
FFF9E156
FFF5E050
FFFB64BE
000A531C
0000F771
FFF719B6
0001FECD
FFFE62AC
FFF77175
FFFCE9FB
00037044
00049E6B
00058C79
00027479
00004519
FFF73F9D
FFFFD759
0003560C
FFFC6FA4
00037247
0000CC91
000509D1
0000D7F5
00019635
0001F635
000BE8B0
0000BCFF
00082906
0005299F
0007E799
000E32AF
FFFC4218
FFFB5D29
FFF82182
FFFEBD7C
FFF86672
FFFF07EC
0003EC86
FFFF6412
FFFDA6FD
0007B8AA
0001EEEA
000114A2
FFFF195C
0007E390
FFFA7A8B
FFFB0410
00079AA4
00007AAC
FFFAC8EE
FFFD69E2
FFF68A1B
00026851
FFFBBE20
00108DA5
FFFD6938
000009F8
00061D5A
FFF74ED8
000D3B77
00086612
0000DD76
0004655C
FFF93D4A
0001BE11
FFF65AC8
000402B5
00060938
00066AFC
FFF7A78D
FFFE90A0
FFFED684
00072E6E
0007E43D
FFFCA7A8
FFFF7156
0004260E
00052900
FFFB12E1
000A3300
00086819
00061344
000A6FCE
00004C62
001023A3
00038902
FFF99347
FFF7361B
FFF9E2A5
00024E50
0000B907
FFFA5E31
FFF80357
FFF3C838
FFFB96C7
000031E9
FFFFE44E
FFFB3269
00021E21
000901E4
000A6A66
FFF467D8
FFF8B218
00041FB0
0002FF55
000792D0
00014CE7
FFFDA710
00012A20
00088954
0005E09F
FFFCDBCB
000A5BAC
FFF8AF15
FFFFE792
FFF7BFB2
FFFA98AC
FFFE2C90
FFFEE2F4
FFF0391C
0013CA8D
FFF72038
000076F9
FFFDACEF
FFF45A7A
FFFCCA84
FFFF8940
0003D013
00047DA6
FFF1DEBA
FFF62386
FFFF29CB
00038645
FFFF7A24
00081CB5
FFFA7C92
00078DB2
0003B3F5
00078CC7
0005694D
FFFDEA0D
FFF82DE0
000436A8
0004D28B
FFFF18D2
FFFE1586
FFFE0A25
0008FBD9
FFFF6872
FFF80EF1
FFFD1FBF
0004B197
FFFF9D16
000CC478
0004C267
FFFFE772
000A3BF7
0004058E
FFFC418D
0006F536
0003CAE8
000178D6
FFFF3049
00038807
00022F29
000CBAC4
000BEB1E
0002B3FE
FFF86138
00047DE9
00049E6C
00005568
0003D671
0001EE7B
000722CA
0008C08A
0004042E
000064BF
00038B34
000269CD
FFFE7B88
0002EF4E
0006FC03
00012BAD
FFF216BB
0000519C
00041BA8
FFF1442B
0004141F
0002A9B2
00003374
FFF888AB
00031221
0001664E
FFF31627
FFFCA71A
FFFCA835
00007832
FFFD73C5
FFFDDED5
0000C87A
FFFE2C00
FFFB0946
FFFFCD96
000A6269
00003B80
FFF19365
00001BD2
0001106B
FFFC8540
FFF68408
FFF48A88
FFF9EFAC
FFFB33F7
00022832
0003B298
0005E4E9
00038AF8
00012C77
00038A11
FFF69DF3
FFFDEC23
FFFDD8E0
00013ACA
FFF5C327
FFFFCDD7
FFF9023C
0004938C
FFFC35A5
FFFF3563
FFFFA8A3
FFFF0CF4
FFFDE8DD
0006117D
FFFCBFE5
0003A8DD
FFFBFB77
FFFA71C7
FFFB9E7C
00036A31
FFF49E43
0003A645
FFFFA605
00029825
FFFC601E
000C7E98
FFF0A6C3
FFFEE8F6
0000FC4F
FFF87AB6
FFFC3B40
FFFC2D7C
FFF858A6
000A3CA2
FFF92833
FFF5894A
FFFC5E4F
0002A9CF
FFF8648F
00052B77
000131AA
FFFB8C7D
FFFEFDA6
FFFDCCB0
00007845
FFF86186
FFF04875
FFF9A932
000632AF
0000996D
000550F0
0002F03A
0003084F
000516BA
FFFBE8C8
FFF7FC06
FFF84B0B
0004CBD2
000B63FE
00066061
FFFBC4F1
FFFFF76B
000A03F4
00062A3C
FFFFE888
FFFDFEA0
FFFFD9D7
000A554E
00022B8D
FFFEB02D
0005E0EB
FFFCDA8E
000CD15C
FFFBC843
FFFE3B8A
0001E546
00039A3C
0002C717
0005D7F9
00084319
FFFB5D16
FFF53BC9
0003D964
FFF96677
FFF8F299
0000FA66
0002DFF1
FFFA512A
00030E3A
00024E52
FFFE5816
FFFEE9AF
FFF66BE2
FFFD0152
0006F828
000275E1
FFFA3F09
0002677E
000CAA3D
00019439
0002921F
0006581E
00016230
FFFD81AA
FFF74010
0000EBF2
FFFC43D8
FFFFEBCC
FFFD4977
FFFE572E
000122D4
FFFE419D
FFFF3FF4
00016E27
FFF84837
000A122A
FFFCDB49
00096F66
0007BFD5
FFFE0125
FFFE0F93
FFFD2FFD
0004810C
FFFA0043
FFFF7D9F
FFFB2206
0002C5F4
FFFB46D3
FFF7990E
FFFC814D
FFFD357A
0007F2D4
FFFB4944
FFF63E31
FFFBDFAC
FFFADE09
0001DA7A
0000387D
FFF7E7D0
FFF8FDF9
FFFEC7BF
FFF9AB59
FFFD5862
00018A25
FFF7E24E
0000C117
FFFDD294
FFF5D7CB
FFFD35CA
FFFB3615
FFFCF9EB
00004C7B
FFF81B05
FFF68E68
0002F9C1
FFFA6F37
FFF66363
FFFD3584
FFFF7B93
0006EC78
00022104
00095CD6
000374A4
000948A7
FFFABE6F
000716AA
FFF80A50
0003258E
00081A61
FFF8A77C
0000A9D5
FFF846DC
000AB2AD
FFF72D8D
000188A7
0003826E
0005F33F
FFFD8F58
FFFE3F01
0006A434
FFFEC675
FFF6A8E7
FFF26E7E
FFFB865C
FFFBD6E4
FFF581E7
FFFF3903
FFF96FEB
FFFB8FD4
0001A6F4
0004B2AA
0005A3D4
FFF75943
00007015
FFFA3A16
000341FC
00071130
0001A7DA
FFFDF2B0
000456D2
FFF799F2
FFFC71A5
000418A8
FFFEF85F
FFFD3145
00083A8F
0000C903
00024AF1
0007480E
0000F57A
FFF8837C
FFFD092B
FFFE965C
FFFFB14E
000BFE92
FFFD3284
FFF8D39A
00050334
FFF604AF
FFF772F6
FFF9C2B0
FFF88ED4
FFFCB705
0003FBB0
00029643
FFFB54B4
FFFFD9F2
FFF48C8F
00046900
FFFCA90C
FFF0062E
FFFFEDAD
000635AB
FFF7734D
FFF650F1
FFFF2406
FFFA17D6
FFFE5902
0001B8D0
FFF83A03
FFED06CB
00059785
0001DC40
FFF9398F
FFFCD5A1
FFF8B87E
FFF7FB84
00081F5B
000B09B0
00014F8B
00009AC0
FFFD997F
0005EC3F
00050B3D
FFFCFABD
00083465
FFFF3D0E
FFF8C919
FFF885CC
0006070D
FFFAEC6F
00025FCE
FFF85F65
FFFF621E
FFFEC363
00076E7D
FFFBA91C
FFF8EC7A
FFFACAF2
FFFB1329
FFFC23DA
0000237B
FFFC206B
FFF60567
000A2A21
FFFEE621
0001A050
FFF80292
FFFDD7E5
FFF2BB91
000274B7
FFFB5BA0
0005BBAF
FFFD7D31
0000CAFD
00032EFF
00063F52
0002FB94
FFF8D21F
FFFE48A5
FFF86B4B
FFF49B7B
00017A17
FFFC93BB
FFF6B063
FFFB8DDD
FFFC12E9
FFF936AA
FFF5F265
FFF1EFFF
FFFD306A
FFFE19A2
FFFB0351
FFFF7962
FFFA1446
00023FB5
0002EA61
00080F1B
FFF2C862
00020065
000B46C9
FFFBC3FB
FFFDFD8C
FFFE1CCE
0000D0EE
FFFADCE3
0005804C
0004F71D
0000DA96
00044CBC
FFFAAF8E
FFFD0246
000813FE
FFFD51B5
FFFCD6E4
0000C1D6
FFF7DB8C
FFFA65A9
FFFF0296
00014B11
FFF7CEE6
0006F16F
FFFD3E56
000945D5
FFFE8B1C
FFFBA27B
FFF55467
000111CB
00050D21
FFFA72B9
FFF2DA3B
FFFAB6E2
0009CD4B
FFF77369
FFF606E5
FFFE7B23
0000FB8E
FFF5FC9D
FFF4EC8F
0006CF43
00062CC0
0001C482
0004D53C
FFFEB34A
FFFE1055
FFFB11F7
0009376E
FFF58214
FFFC7A04
00018E94
00008152
0003E094
FFF764FF
FFF37286
0007B2EE
FFF4EA56
FFF9B413
00012124
0000500F
00060805
00077488
FFF8D7D4
FFF527A0
FFFD5430
FFFFF22D
FFFD8599
FFF756AF
00017DA7
FFFAA627
00081D33
00052CE3
FFFD497D
FFFD213A
000392A1
0001EF33
FFFD1BF5
0003C43D
000CD5D1
FFFB10CD
FFF1973B
0000D52C
0000A93D
FFF53FCA
FFF8551F
FFFC4195
0002183B
00030010
0001A100
0001F604
FFFA6BB5
FFF61686
FFF5D9CE
0009054A
00004F65
0001CC0F
0008547D
FFFBE377
FFF4F36A
FFFD125B
00009591
FFFE02F6
0007FC8B
00070FE6
000051B5
FFFA98C0
FFFFA01F
0007875D
0004F154
0006B016
FFF1B26D
0001C9C2
FFF751FF
FFF53F10
FFF77148
FFF94FB6
FFF1B943
FFF37D14
000B2541
FFFDB66F
000448ED
000A8928
00007D19
FFFA38D2
FFFA241B
FFFFF842
FFF948C6
00023E73
000872B3
00011F4C
000169AD
FFFFD3DF
000A7591
FFFAD8D4
FFFA66C8
FFFD2157
000154BD
FFFAE5C0
00013E7D
FFFD751A
0004F627
FFF947DC
0007F537
00017FBD
00003486
000F7120
00088D3F
00077F1C
000728E6
0005E741
000366E7
FFFBA62B
000A534F
00063054
000215CE
000B65E8
FFF4A950
0009CBEE
000143A8
FFF33AED
FFFF0EA7
FFFFC9E5
FFFF4C02
000241F1
00037D5A
FFF9C805
00037B91
FFF7D27A
000406C3
00087412
FFF2F941
00043612
000598B0
000367EB
0000B11A
0003C693
FFF3105C
000D6656
FFF63690
0001D51D
000B3BA3
000D6CC7
FFF97B65
000292FE
FFFBD765
00024CDB
FFFE5D04
00048C42
FFFD520E
0004166E
0008FEDB
FFEF655F
0001185D
00075459
FFEA9058
FFEE5F85
FFFE720F
0001CAD8
FFF6D567
FFF2F6F0
FFF5C3C8
FFF2A7E4
0006AF1B
FFF2A811
FFEFC1C0
00047981
FFFECCFC
0003924C
FFF63AC3
FFF9403D
0002EA1C
0007393E
FFFDC61B
00008C6F
FFFBEA8D
00084998
00086CB9
0003921A
0000D448
0007B8A0
FFF7A89B
FFFFF473
FFF0F972
FFF8B284
FFFE31F1
FFF84360
00065168
00070765
000DB086
FFF99F07
FFF35715
000B96CD
0001DB99
FFFC9AFC
0000268A
FFF61350
00065706
FFFCD6B9
000307F8
0000CE1A
FFFE39D6
FFFAB3AE
00085F2C
0000F6A6
FFEEC0B1
FFEEC47E
FFF35A94
FFFB1F89
FFF96332
FFFBE8EF
0000265A
FFF81C82
0000B1E8
FFFBC5DD
FFFBFDCD
FFFE0925
FFF6D5B5
00040BE9
FFFDD870
FFF4B226
FFFB6A69
00005B70
00084BDB
000281C5
FFFEAEB8
000477C0
000AE6A5
FFF8C83E
00089767
000915DF
000376FE
FFFC8BCB
00017F67
FFF6CBD9
FFF277F7
000172A0
FFFCA058
FFF2FE26
FFF9869F
FFF23FE8
000B12CA
FFF6CCAA
FFF35441
FFFBCF86
00021916
FFF15568
FFFC48DD
00064880
FFF5CEAB
FFFA5068
000BB999
FFFCB51B
00088AAC
0002C09B
000FFA3E
0000905C
00045CB8
000BC1E7
0001A5F1
00002A98
FFFE8450
FFFCF6B2
FFF5B9AB
FFF4814B
FFF650C4
FFFCF0EC
0002EB9A
00057B80
000641A1
0004F51B
FFFE9642
00072049
FFFAC1FA
FFFF3E66
0009EEFC
000507B3
00114B42
00007555
FFFF6297
FFFE91D4
FFFFB0A8
0003F151
FFFDEC60
000634E6
00092737
00096CF0
0004B1C6
FFF30325
00099DE9
FFFFA936
FFF1C7C6
FFFB40A2
FFF82B0B
00032E45
FFF0907E
00007B2F
FFF573D7
FFFC6EFC
00031ECB
FFF5E99C
0001FFBF
FFF54131
FFFA2E70
FFF4AD90
0001B38C
FFFE7DB7
FFF294C3
00032F10
00025CB2
00036620
FFF52D51
FFFA7374
FFFE0F4A
FFF67263
FFFAD088
FFF520DD
000A8F54
FFFDB879
FFF38175
0000E95B
FFF1DF02
FFFC1759
FFF5CCDA
FFF83D4C
00065A59
FFF50450
FFF6CA67
FFF955E3
FFF9E4AE
0003EBD5
FFFBA18F
FFF3E81F
0000B865
FFEF67AD
FFFBDA5C
FFF0CD30
FFF94547
FFF07612
FFF72EB9
FFFEBF40
FFF6960E
FFFB32CB
FFF9126A
FFF568AB
0000D388
FFF6C460
00030DB1
FFFEDCC6
000AECFD
00096E9F
FFF8E371
0009BA5A
FFF1FBDE
FFF9481C
FFFEF86C
0006F8A2
FFFB674F
FFFC754B
FFF98678
FFFD9F1B
FFF60DF3
FFF553E6
0003500E
00043C08
FFFDA1A1
FFFA5CEC
000468D6
000B42E3
000EF148
FFFBBAC7
00092B15
000A0A99
FFF336E1
FFF5924A
0007E553
000112DA
000ADA86
000DB051
FFFEF806
00020E31
000D8583
00024A02
FFF48B14
0000F4BC
FFFF7FA9
FFFBD21B
0006B333
FFFA1920
0008D093
FFFAD0AA
FFFA73B9
FFF3C201
FFFE220D
FFFA81D6
000B1593
000674D5
00029DA8
FFFCCDB2
0005A36D
FFFD57F6
00064F19
000A5B36
000099FD
0007ECD1
FFF62A46
0003DE54
00030BB1
FFFDDC58
FFF8311B
0003D649
000693CD
FFFEC417
0002D261
FFF74F6F
FFFC5EB5
FFFDEC46
00027744
000C0CCD
0007795F
00036AFE
FFFA0A86
0001E2BA
000C68D0
FFFCD977
0004FC33
0003744E
0008CB9F
FFFF6BCE
0009703B
FFF8F9B0
FFF3FCCF
FFF8DA47
0002C6C1
FFF7F03D
FFF0609E
FFF14836
0002E75A
FFFA45F0
FFFB60D2
FFFD800A
001017EB
0005A167
000AF3A3
000D9ECE
FFF8C4EA
FFF3BA85
000D13AD
FFF1241E
00088402
0000763E
FFF52E16
FFF775FC
FFFA7C50
FFF91B21
FFF6602F
FFF315A2
0001C611
0009AE05
FFF02720
FFFB3B27
FFFF4D27
FFF342BF
00026C92
FFFEC029
00011525
00031E40
FFF7BDD1
00059534
FFFBF1F1
00035E57
000046A3
FFFE82B1
FFF80F70
00065AA7
FFFEC6AB
FFFD9EB0
FFFFAD8C
00026C60
FFF6696B
FFEDB139
FFFDAD77
FFF09F57
FFF51160
0003BDA8
00074BF3
000C4281
00016115
00036255
0007D12E
0002804A
00131D03
0001F776
000352F8
0005F9E4
00018CF9
FFFCFAA4
FFFCD827
FFF1E50E
FFFE479A
FFFE6B52
00018994
000E59F3
FFFC2679
FFFA42FE
FFF46168
0007F5E7
0008AFE3
FFF64DFF
FFFFE958
00049312
FFFA0779
0003EB4B
000DFDD2
00065959
FFF570D0
0002F206
0006B46F
000770CA
000000E4
000B7848
00034E6E
000B8214
0004F494
0006B779
FFF4EC6D
000C77CC
0005C75D
00021231
000E5C18
0004233E
00001AC4
FFFAA126
000F8486
0011FEB0
FFFFA6DD
000496C3
0008A01C
00063955
FFFBFCAD
00039FDA
FFF69DD3
FFFBC541
00025FA3
FFF9CEFD
FFFFE565
00015E32
000C5D3A
000F0DC3
000DD43E
0004F7AF
0001EDCE
000F6724
0003BC50
00015E6C
FFFFE204
FFFAAB2D
FFF6F68A
FFFB6C25
FFF53356
000048F5
FFF4FF52
0005CE00
FFFB33D1
FFFDF1CE
0003F1DE
FFFD5BDC
FFFE60F2
000DC03E
0006C03D
FFFD032E
00041B42
00080AED
FFFAEE28
00045FC1
0002E272
000D662B
00001F05
FFFEB1D6
FFFAC326
0004E63B
FFFF1181
0000EBF9
FFFC8E00
FFF4AD76
FFFB35FC
FFFAF357
FFFBC4DB
FFF1C845
000015C3
FFF6E6FE
FFFB243C
FFF68CF8
0002A3FD
0005EB09
FFF86150
FFFCFBD6
FFFC0BBF
FFF1F5BA
FFF4B693
0003A488
0000C737
FFFF1905
00058CAF
FFF953E0
00012D42
00032A94
FFF95124
000218A3
FFFFD3DF
00035DCA
FFF3E7BF
FFFA58AF
FFFEDD1D
00016DB4
0000B4C6
000D1E65
0001E91F
000B3F90
FFFD632A
FFF43845
FFFF5776
FFF00912
FFF94751
FFEF1DE7
00052B09
FFFB7514
FFEF5D56
00002490
0002ABC5
0006359A
000A7007
0007C4D0
FFF955C0
00099281
00062300
0003CC8B
0007A6D8
FFF181F6
FFFF7EB5
FFFA5194
FFF9D042
0002A4B0
FFFBCD09
FFF70761
0006AC54
FFF51056
FFF18B6A
FFF437FA
FFF2682D
FFFDCA5B
FFFACB53
FFF7C4EB
FFF49B26
FFF74A6D
FFF7BF5F
0000CFDA
0007B951
00067AB6
000A479B
0000A796
0008735F
000CA2BA
000F67F4
FFF8D0AF
0006A326
FFF7EDC4
FFF6E58E
FFFAA8A4
000268D1
0007505C
FFF8D3B7
000178C0
0000B964
FFFABFDF
FFF9BF61
FFEAB85A
FFF54CCC
FFFC7E11
FFEFEA09
FFF57609
FFF57648
FFFABAD1
FFFD2EA9
FFF98284
FFF9BCF1
00036289
0004A430
FFF291D1
00039472
FFF1BB32
FFFAA530
FFF3E794
0005F291
FFF84D6D
00004FAC
0003E0A7
FFF6A091
FFF4AF21
FFF72B5B
FFFFAEDF
FFFAFE7E
FFFE4427
000096FA
FFF4270C
0005E567
FFFC61D6
0001538D
0000F9AF
00083CF4
0005D6E1
FFEF8798
00030BB2
000366CF
FFF93702
FFFCEF7F
FFF7C0C4
00058344
00024CDE
FFF3D0C9
0000EE42
0002D96A
00042548
FFF3B733
FFFECE64
0006E7D8
FFFAFCB9
FFFC9DA4
FFFE44CB
0001D71B
FFF6586E
FFFDD872
FFFA7DD7
00012586
0007E497
FFF4744F
FFF96F33
FFF76079
FFFE9653
FFFC1E67
FFFA34DD
FFFD9256
FFF40D04
FFF90CA6
00005B65
FFF80696
FFF7CE3D
FFFA2022
FFFA36D1
FFF9677E
FFF7C515
FFFED055
0001B5A3
FFFC57D1
000301E3
0003800F
00046438
FFFA7E1B
0007DD35
0009CDA1
00084FA5
FFFBB14F
00003ACC
FFF26ECB
FFF1FB43
FFF8A2D2
FFFED4CD
FFF92780
FFFF875C
00036441
0000880A
00005008
FFFB3F74
FFFA306A
00036FF0
FFFD52EC
FFFE92E5
FFFB44AD
FFF92124
0006D5F5
FFFF6306
0001F174
0008A6A1
00049D3A
00081C60
FFFCBF41
0009B3F2
000A6501
FFFE5024
FFFE3BB7
FFFDEE43
00088237
000A4595
000DAC72
FFFA14B2
FFFA51F1
0001D0E0
FFFD6110
0008AD46
FFFC193E
FFF0C519
00006466
FFFA9342
FFFEC591
000279FB
FFFF7BCE
FFFA8A00
FFFC628C
00072D51
00068968
0001A359
00051D89
FFFE3D9C
FFFE2021
FFF8BED4
FFFE0F46
000989C9
00054B64
FFFCF959
FFFBE70B
FFF40F4F
00035E15
00050133
00031B17
0007EF04
FFF2EBA8
FFFAB762
00015457
FFFF897B
FFFE17F7
000F6BB5
FFFD35B5
FFF85C0D
00035191
00040938
0000AE9A
00050A54
FFF7721C
FFFE0674
0005F2DE
FFFEEB0B
FFFDC16B
0006E293
FFFB58B9
00015587
FFFD07E1
FFF83EE1
FFF3DF68
FFF33B88
FFF3F345
FFFD6A72
FFF7C470
FFFE4041
FFF826B1
0000F578
00036691
FFFC012A
00015E01
FFF6C8BA
FFF9C887
000B0B8F
FFF2091D
0000A950
0003441E
FFFE8B95
000B4473
00059EA0
FFF97F53
000B1E62
0005D1F9
FFF3D6E9
00001D82
FFFD36A8
FFF71C73
00040FA5
FFFE28DE
FFF900D6
FFFBFCFC
00020895
0003B317
FFF5E552
FFFF512E
00060132
0001E46E
0005E6D5
0006ADBE
00060B5B
0000C346
FFFFE82C
FFFC113B
00060DAB
0004BC64
0004E9B8
FFF3ADA7
FFFDBBDD
FFFFB962
0005CB51
000757E6
0005EBA4
FFF9D36F
FFFF50D4
0008B70B
0007B69A
0006AAA0
0002E371
FFFE0017
FFF6C617
FFFF067B
FFFF147D
0006B32B
FFF8C4FC
FFFED1E7
00046190
FFFA1F37
0003D776
FFFF643D
0003B541
FFF9FDF7
FFF33624
FFFCCC97
000A7A86
FFFE919F
00041F41
00020146
FFF51E24
FFFB9E81
000090F8
FFFAEB37
FFFD3667
FFF804B5
FFF5E464
FFF78D83
FFF1C945
FFF81C21
FFFBDD92
FFFBC9A1
00070C67
000485FE
0008B134
000C5C23
FFFAF331
00060CBE
FFFE4D24
FFF7AA2D
FFF19100
FFFC8E89
FFFAC93C
FFF77393
FFF7E2E7
0006157E
FFFBFA05
FFFBE81C
FFFEACA7
0001C968
FFF3987B
FFFA841D
000126A6
00025B1F
FFFD9025
FFF6B3B4
0003CF82
FFF5D0E9
FFFF9DD4
FFFEA2B7
FFFDA452
00065E14
FFF8CA07
0004183F
00016BF6
0003D5E8
FFFAE058
FFFFFBE8
FFF68CC8
000122E9
FFFCB224
FFF75FEC
FFFD89C7
FFFCDCBA
FFFFDE83
FFF85D76
FFF6A2C2
FFF59BDB
00049D37
0005376D
FFEE2EF2
0008F887
00019BCB
0004597E
FFF90F4F
00006C10
FFF6DB36
FFF97146
FFF7795D
FFF6FBD6
00008501
FFFF8979
FFFF083E
FFFFB49B
FFFCC17C
FFFE5C06
FFFA2123
FFF5B892
FFFD3346
00013183
FFF7065B
0000F2DB
FFF3EA11
FFFCDA00
00080238
FFFB9829
000A5132
00039750
0005C5E0
00050B35
00000BEE
FFFFEB9A
FFF935CF
FFFA80BA
00006B9D
FFF73CE6
FFF78555
000481DA
0004CAAE
0007DD2D
0004C3F6
000876E5
FFFBD4B9
FFFEDE9B
0002F8A0
FFFB2EC8
0000546D
000A8345
00066396
FFF75E8C
FFFED382
FFFFBB5B
0001CD6A
FFF58385
00009575
FFFEE245
000A5239
FFF5A32C
00034680
00097093
0004C5FF
000BC660
FFFF38A1
FFFC6264
000BBFEB
000265F2
FFF9337E
000706A6
00041245
00004332
000B4E35
00028982
FFFB2F96
00073DCD
0010300A
0001292E
FFF41A2F
0002AFCD
FFF819A8
FFFD921B
00032138
00018EAA
000884E6
FFF92B7F
00089271
FFF85C49
FFF8D50B
FFF5987E
0004F614
FFF27D51
0003B4FE
FFFA0FBD
FFFEE72C
FFFDDC6E
FFF959D4
FFF96714
FFFEA0E0
0005632E
0005B918
00046864
FFFCD71B
FFFAE614
FFFA9B15
000965CF
000BC408
00095716
00029D56
00021F99
001012C2
000BBDFC
0001CE9D
0002DC2E
FFFF4EBC
FFF5B730
FFF1A1D4
0001A3BE
FFFBC678
FFFA0FB9
FFF77070
0001B158
FFF72363
FFFCF9A7
FFFC1C02
FFF8599A
FFF4A4BE
FFFD94E7
FFF8F7E1
FFF3A8C1
FFFF8BB8
FFF59E82
0005C9EC
FFFE6BBF
FFF249DA
FFFAC7C6
FFF62328
0004C82D
0006FE71
FFF71371
0006B388
FFFF668B
FFF8825E
FFF04B78
00067866
FFFCA8CA
00023400
FFFC7552
0005AF20
0000ED88
FFFCA0B2
FFFECDB9
FFF3FBB7
FFF705E8
000025CC
FFFF76AE
000592DB
FFFFC429
FFF75649
0003FFFA
FFF8D0EB
FFFC3AF1
FFF1F1B9
FFF9442E
FFFE9389
00001EC3
0005E92B
00038F99
FFFC6AAB
00068FA6
FFF88CB4
0001753B
0001AC97
FFFEC068
0003C9BF
0008D970
0005D748
0004A750
00028AD8
00046795
FFFC790D
00061E2B
00086CDF
00090DDC
FFFB8E00
00079008
000BF85B
FFFCFFA5
FFF93966
00052B90
FFFB91EE
00062103
000AC3B5
FFFC1C4D
000B7D89
0000E7D8
FFF78FC0
FFF83FF4
00040FEC
0004A7D5
FFF46AD4
FFF7ECAE
FFFAC419
FFFDB0F3
FFFCBE1F
000015F7
FFF6244F
FFFB7181
0001E88E
FFF81F8B
0004568B
00086C7B
00022826
FFFF25F7
00001303
FFF7A8CB
0007C895
FFFCE9D0
FFFC9A27
000852E8
00087FA2
FFFAD235
FFF6E767
0001375E
0004FF4F
FFF2C5FC
00012606
0000FA0A
FFFEE070
00003C25
00041633
FFF6D91F
00076C28
FFFF7E74
0007AB52
00043FF5
000387B6
0000B01A
FFF85A0F
000BD887
00004226
00067F3D
0003DA27
00026B30
00013880
FFF97D3E
00080AA5
0006F148
000C240A
FFF1863D
0002AF8C
00009A90
000194BE
FFF04037
FFF56C9F
FFF83F11
FFF7E31A
FFFDDF43
FFF92B86
FFFD3ED1
FFFD33C6
FFFA7F2C
FFF98780
FFFE74C9
00000BA2
FFFB6CEC
0009C0E3
FFFEDA08
00006DB7
00034E7A
FFFC57E7
00080DA1
000252CD
FFF70CBD
000770D5
FFFF1C9B
FFF5E7C3
FFF8F294
0002DA38
00017FBE
FFFF37D6
FFF69463
00011DE4
FFF70AD3
FFFEE539
000B00AB
00014D99
0006DF18
FFFE0D15
000FBF9C
00030F9E
FFFCCB9C
0005F11A
000FA38B
FFE8603D
0005875A
000F5D12
00149D5C
FFEDBACC
FFFB6EC4
000C0CE5
000B78DD
FFFB5BA1
FFFDB708
FFF93377
FFF09EFE
0005058D
FFF973E5
00029493
0007B0C5
0004EED1
FFFF0F02
FFFCFB21
000022DC
00013054
FFFC5F54
000669D3
FFFE2282
00089CF5
FFF7571A
FFFAF74E
000532B1
FFFD7EC7
FFF9D858
FFF8C4F0
FFFB7337
FFFE113C
FFF9D0F5
FFF94C6F
FFF194AE
FFFCEDD7
00037C67
00036264
0001CF0C
FFF7A587
00152BE9
FFEC96CF
FFED4D8A
000A2033
000198D9
0002A834
FFF5751C
FFFA6833
FFF9D9F5
FFFFA84E
FFF4DB1C
0006DA69
00020829
00009EF3
FFFFD028
000C5529
00020DC3
000987DF
000B7F87
FFF8C7D1
FFFE9145
FFFDAAC0
000B5C90
0009AF4D
0006BED4
00084CB6
0010CE67
00050D06
FFFCB905
00092E67
0000E3F9
000246F4
00061232
0001C349
FFFD4E69
00064A98
000FAAFA
0004B4E5
0006AB6E
FFF55C44
FFFE192F
0010CC96
00083AA8
0004002B
0002D5AB
0006F815
000573D1
000106CD
00103F94
FFFB72F3
FFFCD785
0003AFDB
0002D214
FFFEF7EE
FFFFAB72
000870CE
FFF48506
000DF1EF
FFEFCEF9
FFF92826
0004AB8E
0008DED8
FFEC8928
FFFEFF5F
FFFC209F
FFFF99AB
FFF0AEC9
000A6AD0
00011E35
000885F1
FFFD7CDD
FFF6DC88
00071531
FFF7CAB7
FFF61234
FFF759FC
FFEF99D6
000097B3
00099A64
FFF16B17
FFF875CB
FFF907E9
FFF776DF
FFFC28E8
FFFBCCAC
0000BA3E
00034F4B
FFF19E9A
FFFB242A
001E36B9
0002C7A0
00092C13
00088977
0002965A
FFFF43E7
000C6BEF
0006E97A
00021193
000625D9
000335D8
00025433
FFFDE109
0005594D
FFFDFF1B
FFFD3751
00090B3F
FFF8065F
FFF9D256
FFF9FD72
FFF3E7AB
FFF3635E
FFFFAA27
0006A1CA
FFFD80A5
FFF81654
0003BC19
0003B983
FFF9142D
FFFF7CCE
000352FB
0000347C
FFFB936C
0002CB31
0009DD2A
FFFF184C
FFFBA5E4
FFFF54EC
00001795
0004E2AE
00071BFA
FFFD3615
000BCE1E
0008CA6A
0003FCA4
00078F57
FFF2F798
0008227C
000E782F
FFFCA15D
FFFDA914
0003EF2A
000FF4FB
000CF0EA
0004D361
FFFB84F2
000BCEEE
FFFCF507
00064E94
0000197E
0008C973
0007F86D
FFF51DD3
FFFCD711
0000563C
0001AC9B
00031A22
000F737A
000EAE93
000BE5AF
00079FFC
FFFBDB7A
00068408
000D3396
00057A10
000CD9DA
000CCEFD
FFFD1BE2
000A1B60
FFF633DB
FFF6A7CE
000D3955
00115725
00025157
00043411
0006C2AE
000E8113
FFFAB3CE
000CBCE3
FFFCB052
00014A8A
00005BEB
00067AA9
00097514
FFFC6B2D
000DFDED
0001F041
00063D29
0001E0AD
0018E7CD
00076BEA
000824AE
FFFFD85D
000987BC
FFFC1168
000AD3A4
000604F9
0000761C
0011E0B9
FFFAB372
0001D3D4
FFF7AFE4
FFF555A1
FFFDD19D
00029C51
FFFA0212
0002A16A
FFF6D8BF
FFF60E33
FFF7D0C2
FFFB5483
FFF52DA1
FFFCE441
000B3F28
FFF6D90B
FFFB130D
0000F14B
0004D720
000843D6
000226C3
0007D7FE
00024059
000AF7E0
0006FFB5
0000431E
00087050
00024744
0012B59E
0001F33E
0003BB9A
FFFEF760
000A4CEB
FFF7599E
0000346D
00032938
FFFDC6E0
00070AB7
FFFF04F6
0002C89B
00099708
000CFB2F
0005986C
FFFC5C27
0003C31C
0000085D
FFF8211A
FFF4B214
0005860A
FFEEAE65
FFF1427C
0000E011
0001F03B
0009491B
FFF483A5
FFFC473D
FFFA774A
0001DF7B
00022491
FFF84B73
FFF579D5
00070908
FFF8ECE6
000417BD
00021320
FFFB75E8
FFF504F1
FFF916A6
00098F92
00043F8F
0005FF78
0007175D
FFFF928D
0003C257
FFFE358B
FFFB4BD7
FFF3DF21
00094A35
FFFC21DB
FFFE6E3D
FFFCF773
FFF7283F
FFFD411F
00032476
FFF3E429
0004DFA7
000E120D
00031D66
0004320A
0013846F
00068720
00088531
FFF901F5
FFFCE57E
FFFF7669
FFFE9916
FFF9A493
FFED2384
0000F8BC
FFFCB71E
FFF218CD
FFFA038D
FFFC8079
FFFDCD27
0004BCE3
FFFDD62F
000DB6C4
FFF9E076
FFFFB57E
FFFF962C
FFFE1E36
0009586C
0006C89F
00028A8D
0014B209
0002D61D
00040139
0003C350
0003A822
FFF8636C
00099C4A
FFFD3CA9
00011C33
FFF79736
FFFE9506
FFFCADFE
FFF30A71
FFF2283A
FFF65F6B
FFF59D8C
000417CB
FFFC3CD3
FFF4BBD2
00056736
000C574D
00008D1A
FFF36612
00084F7C
0001E94A
00049AB1
0011B817
FFFB250C
000A143A
000A7782
FFEF97ED
FFF8A692
001006E7
0002B0DC
0000854F
0002768E
FFFAB0C4
FFFBA155
001511B8
0010AF08
FFFF965F
0008B0B8
0000A7A1
00090344
FFF4F683
0001556E
000009B4
FFFA9C83
FFF9F87A
FFF4438F
FFF70031
00012D91
FFF82DDB
FFFE1C51
000BDCE4
FFF8C4D6
FFF1063D
FFF54CEF
FFF8072B
FFFA8BA2
FFF4CBEE
FFF7CBA2
FFF1D659
FFF7C0D7
0000ED9F
FFF32384
FFF38CC4
0008E13A
FFF5D751
0002EDA3
0003D89E
000A4C65
0000B184
000DB178
000B5339
FFFB7114
0003077D
000A4390
0004E518
FFFE0107
000C65D2
001152E5
00034F4B
000D30B7
00078E1D
0007B7D4
0012E90E
000D3CAD
000361BB
FFF4B4DB
000E5B07
FFFF4CC6
FFE9E63C
0004BFB1
0002C42A
FFFF4738
FFF0B586
0002E2E5
FFFE8250
0004A64B
00030669
00016F51
0001D17F
FFFD9353
FFFD8211
FFFBB534
0003C79B
000D7940
0008A615
0002371A
000169C7
00068135
0004509F
FFF341A7
00035C74
FFFB34FB
00041820
FFF64FB3
000D8018
FFFC731B
0002CBF1
000AF4B6
000FA23E
000A4DE9
000107C0
0003C8C1
00075BB5
FFF843D5
FFFF70B7
FFF7CAA0
000380AD
FFF481B3
FFFDABC8
0003507D
FFF8746B
FFFE7ECC
00054F74
FFF4A569
00027391
FFF7EFA3
0000FC1C
00087A9A
FFFE21C7
FFFCC68D
000AE619
FFFE91C7
FFF7193F
0014A95D
FFF665A9
FFF5D3A4
FFF95508
FFF91937
FFFD3EBB
FFF8F239
000270EB
FFF23F41
0001B174
FFFD3B41
FFFDE1D1
00049425
FFFF98AB
0009C57F
00069848
FFFD16D4
00090BCA
FFFB4110
FFFB0779
FFF904E2
000529F9
001031A0
000F66EC
FFFD362B
FFF61984
000660C7
0007F5BE
FFFD114C
00055E87
FFFBBD25
FFF86F51
0006D195
00034CD3
0005EC63
FFF8B912
FFFFD254
000147C3
0007E1DD
FFF65EEC
FFFD0745
00043A67
000DF897
FFFDC8CD
0006B83B
0008B6E3
000B3125
0007EF36
FFFE6FF1
000A5878
FFF5DAB3
0002AC49
00112DDE
FFFFC20E
0006003F
0003990D
0003C5AD
00086110
000CE8E0
000459C1
FFF30B11
000095BD
000A6C0F
0007DB88
000DB441
FFF8EECA
FFF2784A
FFFE0B9C
FFFDD295
000F265D
FFFF844E
00092095
000A8C1A
000860AF
000BF404
FFFA6A43
FFF47C06
0010365C
FFFBCDCC
000E1C64
FFFADFB8
FFF06AB2
0000C173
0006FB56
000E4EC6
FFF71719
FFEE70A2
FFFB7A64
FFFA0EA1
0004B9D5
00075140
FFFA254E
FFEFA997
000A3067
000E74F5
FFFDDB12
0003251D
0002F3C7
FFF603CC
FFFA7E5E
000F023C
00015908
00045AEA
0009280B
FFFBAB09
FFFBAD3D
0007D6B5
0009F930
FFF905F2
0011A935
00028272
FFFE5E92
00010E08
FFF28AF4
0004F455
FFFDC0D4
000F430F
FFF3AF14
0001C0D8
001012DD
000926F6
0009B173
FFF883F6
00059643
0013B034
000046E8
000E01BF
FFFC1AFE
0003600A
000829FA
FFFA7852
FFFD5C8D
00015A39
FFFAE927
00066268
000309A7
0002384A
FFFA8331
000B87DE
FFFB80F4
FFF2ABFE
FFF99A89
FFFE5685
FFF7CFAB
FFFAD3AF
0003F59B
FFEFFDEE
0005DCA6
FFF7E77D
FFFCABD8
0005A75D
0006B1E1
000C21F3
0003FDD1
00096EAE
000AE5D2
0007311C
FFFE1965
FFF18809
FFFAE39F
FFFD42AC
FFFD7E57
00034B4A
FFFC9BB2
FFFE1851
FFF7F4BF
FFF803A0
FFF1F778
FFF580F4
FFF90ECF
000B88F2
000740CB
FFF7FEDC
0004331B
FFFDB98C
FFF8C5C5
0004E562
FFFD17F2
0003BCE2
FFF7820B
FFFA156A
000DCB5E
0006A4D4
000825AD
FFF6D6E2
FFF77F9F
FFECB516
FFF1A551
FFF86328
000642C8
FFF941D2
00042474
FFF6EE86
000AEA34
FFF51AB4
FFEE925D
0011E67E
FFFF8866
00047E00
0011DA9C
FFF601FE
000289B3
FFF4B980
FFFA4C90
000AC730
00040B08
00063BDE
00063D00
00027720
FFFB40A8
00016444
FFF92431
000A0724
FFFC8F38
FFFE3843
FFFBC44C
FFF53A2F
00041728
FFFC8E5D
FFEFCBB1
00028BD2
FFF7A7E0
FFF97EA1
FFFD9985
FFFB75E0
0007E09B
0002BDE4
0008B012
FFF54EEF
000C1E0A
000D3DCC
FFF520C6
00006386
0000D71E
00066FD9
0000F06B
FFFD03C3
FFF662BE
FFF90B67
FFFA1916
00091322
00040134
0001F68A
FFF67FB3
000B557E
0000D464
000EFFCE
FFEBC824
FFE6A201
FFF375C5
FFEBF7E9
000348E8
FFF75D10
FFE9A11B
FFFA8DAE
FFF4C012
FFFDBDD0
FFF1CCB7
FFF19E59
00022121
00051460
FFF05B41
FFEED187
FFFF2F1A
FFF9D312
FFF53DFC
FFF275C8
0003E5A1
FFF677D3
FFFA0310
00104212
000F0663
0000B673
FFF2CC45
FFF92F41
FFF2570C
FFEA840C
FFF3A652
FFF90A09
FFF222CC
0002B366
FFF15F9F
FFEE1A4E
FFF9B5FE
00001389
FFF656EC
FFFC921B
FFED750F
FFFDA9F6
0007BB25
FFF53B1B
FFEE271D
00031F3E
0002FC4C
FFF0CA2D
0009A275
FFFA59D7
000099E3
0000E292
FFF91EE2
000144C5
FFFC8654
FFF7C2C1
FFF8648E
FFF5911D
FFF88130
FFED01AD
FFF37D73
FFFEFA4D
FFF1888B
0004CFB4
000714CE
FFF4D8F8
FFFDAE55
00031185
0008A7A0
FFFE983D
FFF57D1A
FFFBA95D
0000F291
0003EE56
0008E182
FFFF2339
0004F319
FFFD6FC4
FFFC6628
FFFE10D3
FFF9BA45
FFF7A039
FFFA4559
FFFC3A97
FFFE272A
FFF48A53
0008C5D5
0008DE08
FFFAAD43
000C0300
FFE929DB
FFF90B72
FFE73F0F
FFFCF5BF
FFF7814A
FFFA41F4
FFEE888E
FFF49F2B
FFFB7204
FFF9521E
FFF82C68
FFFD3329
0002EA21
FFFDF33A
FFF9AB4A
00078DBB
000556F7
FFF09065
FFF34C20
00027FC1
0001CFEE
000FB647
FFF71620
0007FE69
0014A455
000F2B45
0001DA9B
0002DDAB
FFF519C6
FFF2E92D
000C055C
0009EEA2
FFFA657B
000F55BE
FFF70E3D
0005EB72
FFF24B9D
FFF0A1D1
0003AF87
FFFFCEBA
000A9859
00070B34
0009482D
000D37F9
FFF7CDB4
00072AAB
FFF79795
FFF8FB72
FFF1AF53
FFF22363
00038D9C
000336EF
0002C26E
000F6007
00006189
FFF97581
FFF4E7E3
FFF48087
FFFEBDC4
0004BB14
FFFCC8ED
FFFC541F
FFF7E5B5
FFF8A01C
FFF0EABC
00077C33
FFF49C0D
FFEC7C55
0006D06E
00092E5C
FFFDFE1F
0000DEFA
00036B7A
000602BD
FFF5B6D5
FFFC2B5E
000F081E
FFFD7434
000E4149
000D0AC8
FFF0D7FA
0003B9BA
0005D1A9
0003E8BF
FFF6EB9E
00078A23
FFFF63BE
FFFEEF5F
001121CC
0006260F
FFF376FE
FFF36187
FFF494C4
0008314E
FFFF743F
0001480E
FFF80491
000B84DC
FFF93194
0002E5AD
00030C8B
FFFD2301
0010F75E
FFFC5494
00006E3A
0004376B
00043311
00021156
000EE115
FFFE577C
0006E395
0000A11B
FFF91357
FFFC4FDE
000BB2C6
00069D85
00019306
0002289A
FFF25CB1
FFFB4C59
000688F3
00066914
FFF84E02
FFEDE36B
00021F50
FFFC55F2
FFFB272B
000BF666
00018930
FFFF5055
FFF145F1
00055894
FFFBF051
00043C74
FFEAF5A6
0003E26A
FFFA8258
FFFC0A91
0009A99A
0001D790
00047531
000BB672
00171CE3
FFFF09DA
FFFC1E24
000200B6
FFF9C5C9
0007945E
00055464
FFFDF820
000B4182
000734AD
000381C8
0006330B
FFFF8AF0
FFFCFAE2
FFFC2B29
000BB02D
000FD1F3
0001B664
000F8098
FFFCFB01
FFFA9A06
FFF06281
FFEC2E0E
FFFC2138
0004FA36
FFF322CC
FFF3AABE
FFFA558E
FFF63D26
0007E202
0001ECF9
FFF5423C
FFF664DC
FFFC4065
FFF7A54D
00035986
FFFA0909
FFFE20E5
FFF87F33
0004E470
000529F2
0006E7C4
FFFDD44B
00039C2E
FFFEFDA0
00014F07
FFFD0FAA
0000AE41
0004695A
000085AF
FFF63861
FFF47B92
00014C45
000C0448
000881B6
00099455
FFFDA235
FFFBDFEB
FFF8253F
0000E761
FFFE74A2
0003F422
00067326
00195DEE
FFFDD005
000319DC
FFF17440
FFEDC2D6
00066A4B
FFF29310
FFF0AA2F
FFFBFBE7
FFF8AC95
000C0231
FFF8AB74
FFFD6E63
FFF3B859
00071E14
FFFC01C1
00007EA4
FFFA95D2
FFFFD832
000C3E03
FFFA4696
FFF5CA85
0002FB20
00063C6E
000092A3
FFFC6A42
0011A7F5
000426D9
FFF7A209
000BE9DE
FFF1D58E
0002CE0C
000FC56A
FFFDC4AC
FFFA2698
001456AD
0014F635
FFFAF078
000853F6
000C89D6
FFFF9670
0011B517
000DC6F1
000815A7
0012829F
000AB87D
000C6C65
0007FDF9
FFEE85A9
FFF2BBE1
FFFFF01E
FFFF178B
000107DF
00025E52
FFF7C5E6
FFF6AFC1
FFFD57A0
00028D9E
FFFAF3C5
0000B37D
00046AE6
0009BDEF
000B4D13
000A1091
FFFF6136
00046703
000063F7
FFED7684
FFFFB0EB
FFF39DDD
00081E16
00102465
000F06D7
0003761F
00003B43
FFFCB79F
FFF977C1
000DFE68
FFFAEEA2
FFFD0408
000278A9
0007D6EE
00088F0C
00018B64
00057C6B
FFFE1C50
FFF4B651
FFFD84A3
0005362E
FFFEA3AC
00000CE1
00060736
0004B7EF
FFFFBD50
00047717
0003D24A
FFFD6BED
FFFB8550
FFFC8E77
00002E89
00039972
FFFFFEEC
FFFDA958
FFFF0EBC
FFFDA43A
000272D5
0002C93F
FFFCFCCF
FFFA957D
FFFEDA6A
0004F32B
00099B8A
FFFF9DC2
0006E324
FFF84B21
0002A153
0002655F
FFFFF793
FFFCBD81
FFFE6C7D
0002122F
FFFBABC3
00012186
000566A1
FFFED68D
00016CDA
0005E06A
00021864
000489F6
FFFDDFF6
0000D613
0008E463
00009376
FFFF0018
00057879
0004D209
FFFFA751
FFFEA89D
000057EC
FFFDF07D
FFFDF16F
FFFBD56D
FFFF6D77
00020791
FFFDB4C6
000432A4
FFFF63E4
0003686E
000284D5
FFFEDD9E
0002F8F4
0002E0AB
FFFED703
FFFE7BE5
FFFE795F
000AF0F6
00045861
00012198
0004729B
FFFDF957
0002CA26
0000150F
00038D62
000919C5
00010D5B
00034D31
FFFB359E
0005C3D9
0000A149
0002FF3F
FFFFA95F
FFFFD0A7
00052D1B
00074243
0007E6E7
FFFEC7C5
0005451F
FFFD21C1
0005B374
0002FA34
0001CF61
000415AB
00060772
00073D72
0005DFD0
00000CE2
000598BF
00028A2B
00019BA7
000509FC
FFFE1612
0003A6FC
FFFEDED3
000075B1
FFFF5B89
FFFCF559
00069EFD
00021996
FFFED9C6
0002F135
FFF6C391
FFF86C0E
FFFE9ED9
FFFA0B49
FFF733A8
FFF6949A
FFF7A044
FFFD2C1A
FFF91089
000580FE
0006D95B
00040D12
0001B8C2
00048341
00037F2C
FFFDDFE8
00015B81
FFFF5D4D
FFFD5CCA
00028C50
0001434D
FFFF0AF1
0005E063
FFFE97AC
FFFE9AD0
00084F38
FFFC3F9E
FFFD01F3
000066B5
0008826A
0002BA6B
00002B49
FFFFBCE5
000087B3
FFFAC43A
0001DB87
FFFC0D43
00045957
FFF963EB
FFF993A6
FFFD397B
FFFAF81E
0002426E
FFF91070
0001269F
FFFA9A92
FFFF95CF
0002D6A1
00077915
FFFF63F3
FFFFB125
0001AA5D
FFFC7518
000373B7
FFFE6729
00032C04
00031AC0
FFFC744F
0001F7DF
0003F27E
FFFE289B
0000C803
0000FB19
0005AFE3
0006E6BD
0007F018
0000DE5A
0005FB4B
00075C20
0008ED95
FFFE115D
000952A3
0003207A
00002F6A
FFFB909F
0004B7E1
0002F4F5
00075420
FFFCEEDD
0003CFF4
0005AE4F
00044B1F
0001FB11
0004455D
FFFBA151
FFFDB461
FFFD8F6E
0003F114
00010837
000339F7
FFFE979E
00013784
00050272
FFFBC807
FFFCECB3
0005A64E
00033258
00052241
FFFB36D6
00061B8E
0001F4C3
0001699A
FFFEE74E
000374FF
FFF9F08E
FFF8B40E
FFFDA6B3
00012C42
00025FB8
0007ED39
FFFF68F6
00076180
0003CCA6
FFFCB329
FFFDAB2F
00040F57
00070400
000172CD
FFF73D66
00015340
FFFE4865
FFFCAEB7
FFFDD5AA
FFF94A3C
FFFC4613
FFFB8B35
0001D7A3
FFFDDC2C
00030914
FFFBECE4
FFFB4BEF
00068BDB
00056D13
0000DBB4
FFFE4B66
000042A4
00010D46
0007F307
FFFDDE07
0008028E
00029800
00017375
0002A7F1
FFFFB2A0
0004537D
0002CD8E
0000DCA2
00024A07
FFFB874B
FFFE8FE2
00047079
FFFE2392
00015E8D
0002347E
FFFDE804
00002342
FFFFADFF
FFFE02D7
FFFAE096
FFFC3DE1
FFFE6F8F
00032500
0001C7BA
0000B405
FFFC6607
FFFEF1A3
FFFFF3AD
FFFE6E96
0007F5DD
00009125
FFFC9973
0002C008
00032F59
FFFF9742
000031CE
0000A402
FFFA7DAB
FFFA7188
FFFAC598
00021D6F
00051F12
00053525
FFFF180E
FFFFC0E1
00033638
00020069
00012F3F
FFFE0341
00030C07
0003899A
0003F86D
0003B275
000088B2
FFFD4F55
000542FE
0003661F
FFFA87D9
FFFEFE52
FFFFEDCB
0003AEE5
000652C2
00042F26
0000007B
FFF794C8
00053D18
FFFDFDA8
0004C248
FFFE389E
FFFC90D9
FFFF4EA0
0002E8E8
00017C5A
0000069E
0004B893
0003BCA3
FFFC4835
FFF8F066
FFFF731D
0004BF28
FFF9E4F7
00001785
FFFC2084
FFF9763A
FFFEC309
00035D14
00013133
FFFC54A6
FFFF4162
FFFDCF93
00010DB3
FFFE2B81
00012DBA
FFFE56A3
FFFCE21E
0000B4CA
FFFD0795
0003576C
0004400F
0002A649
FFFE6FD7
0006F5B7
00036D9A
FFFE7CF2
FFFE08B2
FFFC6169
FFFCD6F0
00017843
0005DAEA
00034727
FFFD2B1B
FFFEE888
00054ACA
FFFDF082
FFFE7660
00035A18
0001CDF6
000133AD
FFFCD098
00007C00
0004C79F
00000147
0006F97C
0001915F
00062694
0003AD9B
00012F3D
FFFC62C6
00072E75
0004CA36
00041347
00021A5A
00015F6A
0002F7A4
0005ACFA
00055E64
000046A0
00056237
FFFF901B
00046F3C
0000395F
FFF6DFD4
0000F7EA
0000C5C7
00004E64
0000AAA1
FFF852B0
FFFF4DF5
00006C85
FFFE4C9D
0003C07A
00087C94
00071D27
FFFE804C
00016ACC
FFFCBE7D
FFFE7E7B
FFFE4417
00004E79
00008E75
00012721
0002DFEE
00071B77
FFFFB17B
FFFB3E04
00039936
0006A351
00013853
FFFEF763
FFFD9870
FFFFEB7F
FFFFB202
0006F8F1
0001DF9F
FFFC4E2A
00050320
FFFB836F
FFFD59CF
FFFFA92A
0002A265
000547E2
FFFF9F58
0000B31D
0000E0FE
0000F731
FFFD99CA
FFFD0111
0001D375
0004540D
FFFF6CF6
FFFD2484
FFFFD03E
FFFA954F
FFFF8244
0007672B
00059F91
00049478
0005CC18
FFFF94B9
0000F5C8
000080C7
FFFFEB46
000202C0
FFFCC118
FFF8E467
FFFD6C22
FFFD005C
FFFE7093
FFF993C3
FFFC3DD0
FFF8B95C
FFFC1BF7
0004FA40
0000C02D
00062C98
FFFBDBA2
FFFE98C5
00044A4F
000416E8
0003C0D3
000757C3
00060AEC
0000D0BA
000011E2
0004C0B7
FFFED00D
00074973
0001CC69
00072099
00055340
FFFF18B7
FFFEB203
FFFD3CF2
000259B1
FFFC783C
00039E0E
FFFE6701
FFFE1D51
FFFE9F65
0006A379
0002DEAD
FFF7F79A
000341F1
00004657
FFFC3A57
0003A07B
000288F9
FFFF1762
0001A4B9
00050FBF
00014436
FFFF14F4
000316A8
0003A799
FFFF69A9
00021ED3
FFFDFAD6
FFFDE594
000744D8
000B78BD
FFFFC6FC
FFFBC6F2
0009B47D
FFFBD380
00043CD1
000772F3
0005E8A9
FFFC826E
0004C054
FFFBDF3A
FFFA21D2
FFFD28B1
FFF86F09
FFFF437A
000425C2
FFFF7314
0000C507
000282C2
00029B4C
FFFFB538
FFFFDD14
FFFFFC09
FFFD1E8A
FFFD23FD
FFFD324D
FFFE524C
FFFF9F6F
FFFF2850
000305B3
FFFF83A8
FFFD9B44
00073007
0006CDC7
FFFD54D4
FFFFCB02
FFFF2902
FFFB766C
FFFE891B
000276AA
0001B9D5
00028508
000489B2
0008512E
0005432A
00018D5D
00065A16
FFFDC5F6
FFFD3103
0008D3E5
000335C9
FFFB1F0C
0006A0E6
0003B510
00001FD5
00062625
00001489
FFFFD189
00043ECF
000157E4
0004D5B8
0001C00F
0003C2BE
00027CA1
00016F92
00032D4E
0002611D
00054E77
000494C0
FFFC37F2
FFFB8369
00027BB7
000CA6D9
FFF67D51
FFF09E68
FFF38CCC
FFFFDBED
0005439C
FFF8CF5B
FFF23D3B
FFEFD35B
FFF5C61E
FFFFA543
FFFDAA24
FFF233C5
FFF772CD
FFF2BC61
FFF9F8A5
000275F3
FFFE0804
00062CA1
00081DF0
FFF87F7A
000258DE
FFF88AFD
0007F88A
FFF58B4E
FFF0A0A5
FFFBE516
0007F001
FFFB3DFE
FFFC2DCD
000940D5
00033AAB
000D0A79
FFFEC2E4
FFF91CD7
0008D823
FFFE3CA9
FFF99CF4
0002B5C7
FFF63F2B
FFF4AA33
FFF88B52
00089ED2
FFFF7D4D
FFF44D95
FFF87C63
0006E684
FFFEE3FB
0000BD99
FFF28F22
FFF8CF0E
0009A15E
0007203F
00035617
FFF43340
0003AE32
00008493
FFFF841E
0001775D
00081EBE
00006457
FFF60900
0004B057
FFFCDA41
0008279C
FFF77109
FFFC0744
0000A53D
0001F1F3
FFFFC9BF
FFFB9263
FFF210F2
FFF2CA53
FFF8424D
FFFD5A78
FFFB7CDA
0003EFE1
FFFF3569
FFFAE773
FFF9A39C
FFFF05A2
00073213
FFF52781
FFF5F20B
FFFBA7E1
0006BF8C
FFF95848
FFFF955B
0004EBA3
FFF5E7DF
FFF60A8C
FFF6BE3B
00080B14
000A3748
0004A18C
FFF8E451
FFF70D0B
FFFA389A
FFF45755
FFFA8288
FFFBD6B9
0001BF7E
FFFD5F97
000967E2
0007F622
0005459D
FFF4A240
FFF92210
00058758
00036833
0000F238
0002C827
FFF81448
FFFF48A5
FFF4E4B9
00008BD3
0009B5AC
000E95BC
FFFF53BC
0008A6CE
0008FA9E
FFFBA2BF
000AFD0D
00078C17
FFF6A938
FFFC2DE8
FFFD4412
FFFA32DF
FFF7111E
FFFA1E85
0009EC57
000A20CF
0000EAC3
0004B369
0007A560
000ADB0B
FFFF867F
FFF96FC1
FFF93AE1
0002A44A
FFFA0B3C
FFFCF1E3
0004B0EE
0001DA01
00078DA9
FFF713AF
0009AD01
FFFC3027
FFFC687B
FFFF8CB2
FFFCB04A
FFFAEE38
0001B432
000408C6
FFF95314
FFF1BA9A
FFFAC485
FFFE5E00
0007595E
00026B52
FFFC3D4C
FFFC2D87
0006E593
000289D1
000358E3
00055D35
0001BA75
00019947
00040A19
FFFF3FCF
FFFFEF56
00040E6E
FFFB7FA0
00045D86
FFFEC115
FFF1A86E
0001C3C3
0001C7CB
000AA6AC
0006B2C8
FFF296FD
0003E4A7
000420FD
FFFA6047
FFF3695A
00008C6B
00020201
FFF7F3A7
0006082D
00036005
00025238
FFFD577E
00080B54
0000A620
FFF58171
FFF98D20
00012605
FFFF8C8D
000AB776
FFF37D21
FFF3C788
FFFDEB70
FFFC23A4
0005CF70
0001E0F0
00033CAB
FFFCC945
FFFB4661
0005E73E
00128B23
FFF7A651
FFFBACA8
000B2ACD
0002DF8F
FFFF5D2F
FFFCC4C2
FFFF63B1
FFF5D1A9
FFF8C2BC
FFF540D6
000292FA
00035CB7
00022949
FFF8C287
FFF9A09E
FFFA29DA
00046913
00024E29
FFFCA38C
FFFD3D21
0008B5EF
FFFE08CC
FFF72DDC
0002F48F
FFF87E90
FFED25DF
FFFE22DE
FFFD90A9
0006198B
FFEEB819
0008E4DD
000A1D34
FFF64B58
0005E547
FFFF3182
000685B0
000246B0
00078815
0005D383
0009A7E0
00067FD5
00094636
FFFDB391
0001E628
FFFE0CFE
0001AD18
0000D427
FFFD98A5
FFFC0F67
00004D27
00060EE3
000D28F7
FFF9ABB9
0002EEB0
0007CD46
FFF887D0
0000C613
0006EFEF
FFFC5A44
FFFE23A2
FFFB8B02
FFF9A802
FFF50440
0009CDD1
FFFAC3B3
FFFE5584
00001023
000412B3
0007439B
0006A303
0005C618
FFFF6C2C
00014CC7
FFF6979C
0000665F
00062CC9
0003CD89
00007963
00081CC0
FFFECEA7
FFF5B142
00026D17
FFF92A92
00044F3E
FFFF8E05
FFF43808
FFF5C9FD
FFEFD26B
0002838A
FFFCD913
0005DDEA
FFF6260E
00047AD0
000BAA6C
FFFDC71B
FFFF8BDD
00035CD8
FFF38133
0000ED2C
FFFB1D94
FFF9B8FC
000B1303
FFF825E6
00034A52
00009715
000033EA
FFF1D62E
FFFA5BE5
0003E570
FFF3D3D8
FFFC5572
00052906
0006BE05
00056D3A
000B4B21
000415DE
FFF7E068
000661CB
FFF6C92D
FFF7CBC5
00073C62
000324FE
FFF9659D
000CE7F6
FFFB9C67
FFFED3E2
FFFF2D88
FFF529D5
000576A3
FFFCD271
0002AF04
00005CFB
FFF78495
FFFDB103
0004AD81
FFF878C3
FFF80B13
0000E926
0000A107
FFF86E6B
FFFF3E4E
0001FD81
00017972
00040903
000660D6
FFFA5935
FFFEB2CB
FFFD46D3
FFFE3933
FFEDBF4E
FFFB56E3
00001CDE
FFFE68D5
FFFC27A4
FFFE7DB1
0006515C
000AC449
FFFF44A0
FFFF9015
FFFB7484
FFFF9378
00076AD6
0002856E
FFF75466
0001CEA6
000857B0
FFF88E6C
0004C8B4
FFF94396
00084D64
0008FC64
0004F758
FFFC739F
00000A44
0007D425
00071426
000C161D
000A03C2
0002C48E
FFFA513F
00061296
FFFA5178
000DF8EF
FFFD799B
00083C88
FFFD6F19
000143F7
FFFE5C8D
FFF7BDF8
FFFC1EE6
00077CE6
00042C7E
00051D9B
0005E640
FFF9D4C4
000242AF
FFFBB8CB
00057255
FFFB1503
FFFFF36A
00053C24
00058F17
000215F5
0005D2AE
FFF870B1
FFFB4167
000BCC75
000151EC
FFF400FF
0001AEFF
FFFE5F0E
FFF9CD08
00079D1C
00028EC7
FFF69648
0005F95D
00023CEF
FFFD773A
FFFBE9AE
0009EC9F
FFFDF3DF
000ADE54
000D6A41
FFFF6A37
0000E625
FFFAD6D8
FFFCC7BC
FFF69F70
FFF48B53
00027035
00080F7C
000B6C69
FFF3876C
FFFD8AFD
00028F5D
00048EC3
FFF7D949
00091C83
0000F89A
FFFD902E
000968AA
FFFF3395
00097198
000D2CFB
FFFCD741
000A77CB
FFFE6919
0007FD26
000CA872
000409B4
FFF756CA
000DD239
0012BFE7
FFFA18C7
FFF90AE6
FFFB4617
FFFE2A44
FFEF8E01
0001C5B4
FFFDFD54
FFFFB267
FFFE5A95
FFFD66C4
FFFE2167
0002DF50
FFFBFB18
FFF66BC7
FFFC800D
000E757F
00043CE9
000F64D4
FFFDB73C
FFFCD22D
FFFC6231
FFF0FB18
000253D1
FFF19287
FFFCDCF3
0005AB58
FFFC51FF
FFFB9376
FFF2ED91
FFF6BE81
FFF7B6D3
00099017
0002D2C4
FFFD4B98
00022CE4
FFF7077F
0001861F
FFF44EE8
000CC837
0002A95C
000390AD
00001CFD
00068B2D
0002C536
0008437B
FFF7FCFF
FFF242C2
0006B5F7
FFFA2285
0001E104
FFFAE59D
FFFA5049
00092B9F
FFFDE540
000101D4
FFFC9925
000CB8FB
FFFC53D0
000455E5
00020D52
000684B7
00018FB5
FFFC9FDD
FFFADDB0
FFFD756D
00021418
000EDF69
FFF9912A
00072922
000B0EC7
000A0057
00026A72
00029EF4
00026EF7
00098163
FFFDB12C
0002F665
FFFAB9A8
FFFF4AA2
FFFED2AC
0008031A
FFF42149
FFFB5066
000447D2
000319CE
000842AF
00080FB1
FFF7F423
FFF82333
0006B779
FFFCA9F4
FFFE0380
FFF8CEDE
000124DC
FFFFD468
FFEE2C11
FFF477CF
FFFCB999
0009D4BA
0005B7CC
FFFD7E5D
FFF91DCE
00020E37
00024606
00004B95
FFF6F524
00016B96
FFFD1FD9
FFFF27BE
FFFEF859
FFFCF8FF
FFFA3007
0000646C
FFF80D24
000130E3
0003F901
FFFCE72A
00045EC6
00070DCE
000AB841
00074A68
0009703E
FFFF97BB
00044C17
000909F7
FFFAADA1
0004814C
FFFCF53B
0005E731
FFF8566F
FFF9AD8F
FFFBB7F4
0001C169
FFF8422F
FFF83265
FFF4C168
0003C9AF
FFFFF81A
0000BDB0
0002F986
FFF72839
FFF7C548
FFFD34DA
FFFAA9B4
FFF6EBD3
000557A7
FFFC5E83
FFFD3E8F
FFF7826E
FFFC78A5
FFFB78CC
0002CD18
00050056
00091D0C
00064C61
0008D792
FFFABD6A
FFFE3606
0007F52E
0000CCA3
00096A74
0002D476
FFFFAABB
000BB365
0006B346
0005B921
FFFD035F
000631D0
0000E041
FFF46154
FFFE8C32
FFFEB2E6
FFFE77A3
FFFE8869
FFF8A715
FFF7E3AB
FFFB26F1
0003274D
FFFE43B8
FFFF9699
0003A115
FFFCF942
000600AD
00046FAB
000228FE
FFFF0C7D
FFFCBF69
FFFA6940
000208B2
FFFE9C71
00031E10
00071AE4
00057E92
FFFFEF3C
FFFA6300
000247FF
0008D86E
00032C5A
FFFE6A44
FFFFC55E
FFFD6801
0002BC09
FFFC7354
00057FBE
FFFCA023
0003BFFF
0009CD68
FFFA26A8
0001ADCC
000462B5
FFFD228E
FFFAAE28
0009FF6F
00007D4B
00099F61
000435AF
0005EA10
FFFF5132
0004AC11
FFFC6F48
FFFFC10A
00016182
000166DC
FFFE31E8
FFFAD36C
0002D2E8
0001A6E5
00089311
FFF873D7
FFFA9357
FFF5A2A5
FFF57219
FFF64616
00015855
FFF915E6
FFFEDD7D
FFF37942
0005153E
00004977
FFFEEC0D
0000E54F
FFF9CCAF
FFF9C5DA
0001991A
FFF8FCC1
000506B2
FFF20120
FFF368FF
FFF92341
FFF83709
FFFAD9B5
0002D687
FFFA41FE
FFFBADFF
0000686D
FFFF8F57
FFF8B88A
00022CB2
FFFCD4CC
FFF51179
0000227D
FFF749F8
FFFEF128
FFFA40D9
0004E8AC
FFFA953E
000397EC
FFFF76A5
FFFE2B7B
00054790
0006D321
0005CFFC
FFFB4204
FFF51AA8
00032F36
FFFD9152
FFFC3D27
FFF62D1A
000483D0
FFFA46DB
FFFA2204
0005AEF3
FFF3740D
FFF58174
FFF89855
FFF3CB60
FFF48EA1
0004DA18
FFFE77DA
FFFE8042
000046D0
FFF3595F
FFF92A37
FFFD9FA5
0001056A
FFFD1B29
FFFE7BE3
FFF89C8C
FFFD1101
FFFAE12A
FFFCFA8F
FFF4AC0F
000027CE
FFFABE7E
0004BEB5
FFFF7130
0008A6B0
FFFB4BDA
000191CA
00079685
FFF67FC3
FFFA40EE
FFFA4906
00010D41
0001213A
0002C2F9
0006EC16
FFFB81B4
FFFE5FB9
00028EDE
0005C5FA
FFFF8CB8
0002BC22
FFFF4156
FFFBF916
00003824
00010400
FFF7D0EF
00068C48
FFFB638C
FFFD0C1A
0004E489
000B3065
00042661
FFFD57EC
FFFC73E9
0005DB79
FFFBE5CD
00002786
FFFEBB2C
FFFE05DA
0004034C
FFF9A52F
000627B8
00012BBB
0007834B
FFF7B719
FFFB3AE6
0009057C
00024B3C
FFFA3FB4
0000B8B5
0008FC51
0000078D
00042B1F
FFFB4E6C
FFFB5088
FFF7E97A
FFFE4645
FFFCFF4B
000260A0
000477D8
00081FD3
FFFA0325
00010460
00004958
0003E279
FFF927C3
0006A72F
00064C7D
00071428
FFFAA33D
FFFE2FF8
FFFEA044
FFFDF3C2
FFF53A2C
FFF62E5D
FFF4E5DE
FFF9152B
FFFD197A
FFFA9E5A
00013572
00066CD7
FFFC5902
0005C659
0001E741
FFF644E5
0005CFE9
FFFE6222
000616AA
0002AE10
00001F78
00097591
00014645
0007F1DB
FFFCB19B
FFFA1D4D
0005860F
FFF7B0E0
FFF69426
FFF8C5B8
FFF80B5E
00080C86
FFFFBA3C
FFFFEBBC
FFF4F8A1
0002779E
0004E79A
0001F093
FFF73C30
000914CD
FFFA1425
FFFBC5F3
0000B30A
00018C82
FFFFBDA0
FFF887D8
FFF732EE
FFFDB387
FFFC6857
0000B2C0
FFFF90E5
FFFD9D74
FFF2D45F
FFFDDA7E
FFFEE328
FFFFD57B
0001819E
FFFCDF95
0002565E
FFFDE8AB
FFF8A1FB
0004F46F
FFFB797E
FFFE2FBA
0005CAF8
FFFE67A7
0000B718
000038EA
0007DA58
00027B3A
00015CF8
FFFC59F8
FFFBBB56
FFF9E864
FFFABEA9
FFF7F8DE
FFFC5CA3
0003BB73
FFF6E54A
FFF91254
FFFCEE0B
000100C5
00057723
00085811
000C08AD
00013707
FFFA4ADB
FFFBA30A
0004BA16
0008C4A3
00054B17
000662E2
0004AAFF
FFF96A17
0002DB52
FFF6FE20
0002BF2C
00057B37
FFF9AC65
0004D058
FFFCC643
FFFE9044
0007BB5F
0005AFDD
FFF967A6
00006EED
FFF9A0F1
FFFADF00
FFFB308E
FFFC266F
FFFF10DC
FFFE4EEA
FFFF1B10
0003B7C9
0002C96E
00017F6B
000496F3
0006D8D5
FFFBF99E
FFFE4B50
0000DC1C
FFF442B4
FFF6760D
FFF7F166
FFFFC081
000215D0
FFFB7A34
FFFBB5E5
0003D148
00028F13
FFF966A6
FFFA701C
00051EA8
FFFB63B7
0005C1D7
00017C14
000793DD
0006AFF4
00019816
FFFC96F6
0004E65C
00074D1B
FFFF9EA5
0004B6A9
FFF967B7
00003160
0009D684
00000C31
FFF00B76
FFFAE090
FFF6873A
0003DD93
00033082
0002D106
FFF6B92E
00032745
0002C540
FFF3BBAC
FFFA578C
FFFA63DB
00015E00
FFF49E9E
FFFB7F70
FFF4FA78
FFF6514D
00039DC2
0003C73D
FFF3FD57
FFF4A69C
0000567D
FFFD573D
FFFCEAC5
FFF58796
FFF3F05A
FFF4F50B
FFF88B6A
FFFE0E71
FFF8D3BA
FFFA503A
FFFEDD68
FFFC2237
FFFEAFAE
FFFFFF45
00057462
0005374D
00015196
FFFF312A
0002672B
00019CC4
FFFBA8CD
FFF85E7A
FFFE1166
FFFF2049
FFF32C40
00047FD0
FFF7D211
0002EDB2
FFFF0BE0
FFFDD72A
FFF421E1
FFF6E0DE
00004AD0
0001E331
FFF28105
0000FE6C
0004B855
00009FDE
FFFC8148
00000FFC
FFFFEF4F
FFFB7BF8
00035E3A
00043FEE
00073AE6
FFFAFC28
00014DD6
FFFEEF3D
0001BB58
0002FA14
FFFC6AAA
FFFCD9F4
FFFCFD4B
FFFE7E11
FFFB9DAE
0005FD01
00034B35
0004317F
0000ED6E
00044950
00003508
0006A2E4
FFFF1FB5
0002BD08
0003AD47
FFFBFBE6
FFFF49F1
FFF5BDC9
0002AACF
FFFECD48
FFF7EE78
FFF6500F
FFF916C0
FFFE1593
FFFA9664
FFFDA011
FFF96B40
FFFFBCBA
FFFCE015
FFF66F75
FFF84DDC
0003552E
FFFBBF8F
FFFAEBC0
FFFA6C4F
000395AA
00050A9D
FFF8E57B
FFFF127D
FFFA5055
FFFCAE8D
0005628B
0003A20A
FFF77A5F
FFFCBEF8
00008911
FFFB0E34
00015418
FFFA9833
000686BB
0000874D
0003C17C
0002D27A
FFFEC193
FFFE1CE5
FFFEBECA
0006F467
00005B2B
00018CBF
0003FCDF
0005A522
00007C16
0004C2A5
0000787B
000291A9
FFF8A637
FFFABFC7
00011143
FFF7560F
0005D9D1
FFF4278C
00023D76
FFFF9A76
FFF8AD36
FFFB6880
0001A129
FFFBD864
00043F44
FFFF7690
0001DF0A
FFF82DFE
FFFB2F6C
FFFA0C63
FFFAA9AB
000784C7
FFF99C0B
FFFF63E6
00029237
FFFDC54F
FFFBE744
FFFD3C74
0005FBE5
00096736
FFFC20EF
0000D85D
000D56C7
000501DC
FFF6562F
00019954
FFF81D4F
00005D51
00043F52
00030CC5
FFFFBB3F
00050D88
FFFB40DE
FFF739BE
FFF7A665
FFFFFA55
0001B984
00064564
FFFF0B59
FFFC7461
0006E0AD
0001FACC
0000D8EA
00054C7C
0002FEF9
00003A0D
FFFCCEB7
FFFD533B
FFFBFA16
FFFF4BEE
FFF88C6E
FFFC3099
00008CE9
0008A593
0006BBAF
FFF9C56C
FFF965EF
FFFE7F38
0002B3E2
FFFF728E
00019E77
0009763B
00022BCB
0002D480
FFFCCA6C
00084713
FFFD1049
FFF6961E
FFFF4070
FFFD681E
0002D931
FFF97938
FFFFAB4A
0008F8CF
00047D77
000589ED
FFFA03F0
000014B6
000E4B5D
00038D65
FFFC5A70
000AB4BA
00029A3D
00095C99
00022884
00047DB4
0007D46A
FFFE375F
FFFC8FDC
00090E3A
FFFAF5F0
FFF96AC1
FFFDC15C
0001CB29
FFFAFFF9
00000EA1
FFFABAC8
FFFF3942
0002EAD0
FFFFA988
000A8588
00068F56
00063E93
00011D9E
FFFC544D
FFFBB468
FFF175B6
0004F074
FFFE95B8
FFF61418
FFF85BA8
000006EC
0003FA5B
FFFF70AD
0005D8A7
000B0BA3
00033A12
FFFFEF31
000CC759
000B56EE
FFF76936
00023BED
000572CE
FFFE667A
0002185F
0008A01E
00082576
0008C002
0004F7F0
FFFF5455
000605B2
0000DF9D
FFFBCC69
00060469
FFFE9B8A
000173FD
000821F4
FFFC55E9
0003081F
FFFC2F08
FFFDC965
000112B9
0000FB63
0003E65C
FFF999A0
00037714
0000BF6C
00010CF5
FFF7778F
FFFB6283
0001F672
0000EA3C
0000C615
00081911
FFFB2FCB
000075A0
FFFE4BE1
FFFC9DBE
0005077E
000094AD
000E4682
00081572
0001C70B
00015F0C
000BF8B3
0007EE51
00036843
0002704D
FFF7B887
000334F0
0003AB0D
0002BDDD
FFF6E9D6
FFFF4548
FFFF5216
FFFA419C
FFFE4020
0001C908
0003110D
000446E3
00091D3D
0000D712
0008BD4E
0008382F
0000BC9D
00072100
00043B5F
0004750F
00055C90
FFFD157B
00081151
0008B199
FFF785FB
FFFED8FB
0004103D
FFFE1E82
FFFFB99D
00047C44
000250DC
00017C08
FFF6A79A
0000B948
FFF9D04A
0004CF46
00001F73
000498DB
FFF5E342
FFF59BFA
0004817F
00000284
0004058E
FFF62230
FFF898DB
FFFD911B
FFF98C5E
000190B5
FFF9715A
FFFEAF18
00032E34
0006CB0A
000B22DC
00040310
FFF5A4FE
FFFED966
FFF5F8B7
000605C7
FFF30A34
FFF4242C
000774C0
0000FC0A
0000F011
000544B7
000D5049
FFFC396E
0008ED19
0006892F
FFFEB727
0006A185
000A8ED0
00073DC1
00056A6C
FFFB4378
FFF2DC3E
00085547
000256A8
FFF55F17
FFFB8EE6
000A3074
FFF76A12
0007257E
000262B9
0004D17B
FFFB3651
FFFE1586
FFFF425B
000372BB
000186FF
FFFCFCBA
FFF5180D
00094D65
00033509
0006590E
FFFA5DC2
FFFFD941
FFFC5471
000668ED
FFFDE5B9
0001D206
00025635
00053F2F
FFFBE837
FFF7710D
00029FF5
FFF4A0DF
00052CDD
FFF75E40
00021026
000697C7
FFFA528F
FFFE53F2
FFFB15C2
FFF9344F
00079275
FFF7CA78
FFFF2F1A
00023827
0004F818
00038FE2
FFFC0E0B
00022F3D
000A0A12
000701D3
FFFBC97A
FFFF2BA3
FFF913F0
000137E7
000269C2
000B75F8
FFF7A087
FFF4EDD7
FFFC8D2D
FFF95564
FFF9A319
FFFA2B4F
FFF10B77
00054C06
000300BD
FFFDF5FD
FFF99F3B
FFFA4DDE
FFF53D47
0000B290
FFFA2EAC
00015137
0006944A
0004E4DE
FFF8A7EB
FFF6A9AA
000361E9
FFFE1D5F
0005B658
FFFAB605
0007E11B
00005B96
000785F9
000DBACF
00107938
FFFD12E4
FFF78C69
00039F25
00025E29
FFFAC977
FFFEB428
FFFF6F7D
00008D5E
FFFBC1B7
00023060
FFFE8E31
FFFE4A10
00063472
0001EBE1
FFFFAE8A
FFFE269C
FFF76F72
FFFE7474
FFFE04BE
FFF808AC
FFF9CD1F
000492F2
0002E2F9
000030B3
00094987
FFF94881
FFFF844E
FFFB7CC5
0001E282
FFF8397A
00064766
FFFDDA54
00043AB6
00057FE6
FFF56CCF
FFFF73D7
FFFCA40F
FFFE2F77
FFFB8A3A
000453DD
FFF92B97
FFF755AF
000C2DCB
000A3E28
FFFB0190
FFFE6DCA
00047A61
000B083C
0005E873
000B4676
FFFAB4E1
FFFEDFF7
0004D599
00018844
0009ACED
00042187
000B55DC
0008785E
FFFD80DF
FFF5FD87
0006ADE6
FFFDCF7F
FFFA2042
FFFC5873
0008B307
0002D409
0008E712
FFFF5203
FFFCCF71
0006B08E
00031B1D
FFFC3692
00052AD6
00096643
0002AEB0
000AD645
00091F14
00018724
FFFC8F3D
FFFE4398
000B00C6
FFFF5B9A
00012C78
FFF48152
FFFB5833
FFF93453
00010EA8
FFFEDC52
0001E461
000445DA
00038A84
00043BC2
FFFAC165
0005324E
0002B2B2
00024DA4
FFFA9E9A
FFFC9798
0005E026
FFFD1D55
FFFF3093
FFFDDA29
FFFDBAC6
FFFD13BA
00054E84
000271D6
00052F2E
FFFEBB1A
FFFFD9E4
000FB101
0003AD8A
00062052
00066977
00046946
FFFE9677
000DE59D
000751E5
FFFFDA7D
FFF77A96
000A3EDC
FFF7B893
FFFA2DC1
00066D73
FFFD83B9
FFFA1E3C
00090DF2
FFFA3A40
FFF43DC1
FFFD6C10
FFFCA4B1
00021B3B
000650BD
FFF6872B
FFF76E5C
FFFE6FF3
FFF80FA1
FFFABABA
FFF847FC
00057C50
00006356
FFFCC9E4
0008EFA6
FFFB8D42
FFF6F32B
FFFBA5DE
0006CFC7
FFF6D825
FFFF7862
000791A5
000A281A
FFF6A9F0
0006E348
0007BFB8
00013BB7
000B0325
FFFCA060
FFFECFD5
00065E18
0011B97D
FFF2712A
FFF957D1
000ACB82
FFF019CA
0001CC67
0006BC06
0005F727
FFF8AD42
FFFB205A
FFFFE0FF
FFFFC18F
FFF86C0C
00043156
0006C462
FFF85A0F
0000EA09
0000289C
0004643B
00016598
000AB8D2
00037920
FFF7E1FD
FFF96884
00017F98
FFFA7156
FFFEA9E3
FFF892AA
FFF99460
FFFC667F
FFFCF12E
0003EAAA
00056A6E
000037E2
0001D649
000AE721
000584E7
FFFD3C7B
FFFEF2C0
0004A703
00044768
FFFFB6FD
00063B85
FFFD2DCF
000671EF
00097FB2
0002CD2E
FFFD2488
000D56A2
FFF7AECF
0002DC43
0005E8E0
0004E36A
000A1FE7
FFFB3355
FFFCF7FF
00006C68
00089BEE
0007CFC6
0005336A
FFFF09CC
FFF6EA78
00010AE2
0002AD41
FFF76462
FFF9A8F7
0001AB98
0001BFCF
FFF50806
FFF2C693
0011D820
000345F8
0004ED75
000B893A
000244DB
FFFE183C
00024E77
000E6228
000D0C67
000289BB
000C83CA
FFFEED01
FFFF5A2A
0009A2BE
FFFEAF05
000127D1
00002822
0001065D
0009E6BE
FFFDD294
000A920C
0003B7ED
FFFAFB75
00020FB7
00027D3B
00045CBA
0001DF01
00025715
FFFA9F9B
0000DD4F
FFFD062F
00003696
0003D840
FFFA7A9E
0000F441
FFFE7071
FFFBFD4E
0006A4C4
00039F4C
FFFB2D07
000354D6
FFFF77A5
000020E5
0007962E
00069F16
FFFCCBF0
FFFF1336
FFFE70CD
FFF6260A
FFF5F38A
FFF34B48
00023B74
0004BC4F
0005113D
FFFC5E2B
FFFEECE1
000A73C0
FFFE7A20
00042B21
0006126C
0003BBF6
FFFD9A59
00051E2D
FFF9E31B
00007327
FFFFE119
FFF969AA
FFFD51A6
00023967
FFFA6629
FFFD66ED
FFF6C547
FFFA5A34
FFF743B4
FFF8DF83
FFF5D9DD
FFFF212D
FFFC7EA2
0005ADEE
00019FC0
FFFE1BEC
FFFD915D
FFFA0074
FFFA42F9
FFF86B07
0000D53C
0002B2D8
0004EE86
00001ABF
FFF88F3C
000088D0
FFFFE3D3
FFF9EDA2
0000B255
FFFECF70
0003E4F4
FFFEF634
FFFF2A26
00032B26
FFFD2EAD
0004EA44
00055039
FFFA5281
FFFB2BF7
FFF5748E
FFF90062
0000D388
00003B8F
0000513F
FFFCB468
00094AB8
0000162C
0002EBD2
0007C556
FFFD71C4
000308C5
FFFF6634
FFF8F0F2
FFFC8E7C
FFFE3C6B
FFFFD2E9
FFF77B39
0008EAAC
00001FF2
FFFE754A
FFFA2638
FFFE10CA
FFF8CC93
FFF7D966
0003CC96
FFFD7D48
0002022B
0000D7A6
FFFC1581
0002CC63
0004527C
0003877A
FFFC6CAE
0008A000
0003E839
0001A023
00038E1C
FFFEE8C8
00044FF8
FFFB29CB
FFFC89AB
FFFAC287
FFF9887B
00052273
FFFF7E4E
FFFFF9E3
FFFDB85A
FFFE30FD
0001D3A1
FFFCD496
00048979
00037AB2
FFF3E4D0
0003AEA5
FFFF94AE
0004945B
0001BE6C
FFFE4E2A
0005938B
0006806A
FFFEE1C6
FFFDACA9
FFFDB933
FFFD61AF
FFFC8FE2
0002F4DC
FFF8E39C
FFF84C0B
FFFDEFA9
FFF50708
FFF7CA0B
FFFF095B
00037635
FFFF170B
FFFD6ED3
00052107
0001F9CA
FFFDAAF7
0003C367
00036B24
FFFEFF16
FFFACBBC
0000BFFB
000827C1
00021FBD
0005F931
FFFDE653
0008D3F3
FFFBC664
FFFC8DBA
FFFD0671
FFFCC21B
FFFA3DED
00060616
0002FA45
00019BCF
FFFE66A4
FFF7E9D6
FFFAC071
0007B51B
FFF9CA9F
00005914
FFFB9BB2
FFFCA6A0
FFFD50A2
FFF731BD
FFF993FE
FFF71069
0002DD30
FFFA531E
FFF98D75
FFF9D9C0
FFFE0F47
FFFC2502
FFFD613E
FFF9DFA9
00049140
FFFAEFE9
0003776A
0006AC3C
FFFD2CD0
FFFED41E
FFFD69BF
000733CE
000446BE
000532B7
FFFFA50D
FFFBDAF0
FFFF6770
000B4A68
00065FC8
0006A622
0000197A
FFFC97CC
000F6314
0009B624
00028A93
FFFB42BB
0004E27E
FFFA6619
0003A6FA
FFFD8538
FFFADEDA
FFFD0E3C
FFF6C006
FFFF3C29
0006A0C5
0003CA81
FFF8B1AF
FFFF9D36
FFFDE1DA
000220C8
FFFB61D9
FFFD0732
FFF68EF6
FFF75EB6
00010FB0
FFF617B6
FFF7A17D
FFFB0CD4
0001856E
FFF982FD
FFEFC126
FFFA3BB3
FFFF4B73
000095B5
FFF734FE
FFFAD7FC
FFFCFAFA
0006AFB4
00088111
FFFCC130
FFF73F2C
FFF8E764
FFFDC8E0
0002835C
0001BE95
FFF8994F
FFF92EAC
00005616
FFF9225B
FFF798B7
000107FC
000676FB
FFFD8877
00015BF3
0001E915
0002BE64
00017A05
0006AC3E
FFFD9D8A
000A465F
FFFCA09C
0008FDEA
0002173C
0000469D
00026409
00019ADD
FFFCFB88
00027783
00026241
FFFEA8B8
FFFC9D5A
FFFE4AEC
0003AAAD
FFFA419D
FFFD3208
00033843
0004EF87
FFFED69B
FFFF605C
FFF73093
FFFB8101
FFFD9D45
0000B308
FFFE99D4
00067CBC
0002836D
FFFA03B1
000098A5
00062051
000BF999
FFFDF37A
000B0876
00035A11
FFFB55AF
00065E9D
000736B0
000966D1
FFF74B3E
FFFF732E
FFFC1E14
FFFD980A
FFF72FF6
00000E0C
FFFEB8B2
FFFAC87D
00018B97
00013A5E
0004DAEE
FFFE1BAA
FFFF9DF3
FFFC34F3
0001C2DC
FFFFBDA4
00069390
00046645
FFF93AAE
FFFF5B91
FFFE7121
FFF9A6D5
0005AE1C
0000AE14
FFFB631A
00052412
FFFC6B09
FFFB4299
00012974
FFFB2242
FFF69906
FFF77E8A
0000AD8E
FFFFB9F4
FFFDE06E
000014B8
FFFD8AF3
00041B59
00078506
FFFA5403
FFFB3810
FFF8BAA5
FFF6A1EE
FFFC9745
FFFF9266
FFFCF8F5
FFFA4728
FFFEB2B5
FFFFF632
FFFF5620
FFF8188B
FFFD9BD0
FFF8EC53
00053825
00066230
000204C9
FFFF5342
FFFDCEB8
FFF65ED8
0000FC73
FFFCE198
FFFBD51B
00040E2F
0007A805
0000C94A
FFFCAA19
FFFB6A22
FFFE9BCA
000803EF
000DB97F
00072D75
0002F876
FFFD96C6
FFFC73F8
FFF84A5F
000145E1
FFF47D4D
FFF9BA99
FFF88F1B
000491DB
0001A911
0003F20B
FFFF5058
FFFA6281
FFFCF00D
00040FF6
0000F80A
FFFF599F
FFF946AC
00078C24
000164DB
0001AAC6
0002FA9D
FFFC14B7
0005DA6E
0005456B
FFFBE65D
0004CCA7
000BBDB3
000095BE
00063522
0006AAA9
FFFF5FD9
0007A520
000A307D
000298AB
00000629
0006EE91
000A38CB
0009B35F
FFFAE7C8
FFFA067B
FFFCA27F
000646F5
FFFD2AE3
FFFED059
FFFAC201
FFFF6CED
FFFCA36E
FFFF39D6
FFF7E6B6
00000AC9
000101B0
0005B43B
FFFE0DC9
FFF9FD5E
FFFEBF1B
FFFF4B94
FFFC84C3
00062B8F
FFFE1394
FFFE8534
FFFF385C
00016F59
FFF81003
FFFBB75F
FFFDBBE6
FFF6F8B2
FFF4A4E7
FFFD4EA6
0001F96D
00023EEE
00022FE3
FFFFEEEE
FFF4C72A
0003409F
00022965
00042D9C
0001DF20
0004D7D1
00035025
FFF986AB
00031FEB
0005F973
FFFF39D2
0003324D
FFF9588D
0005C7AA
0003D240
FFFB8B20
FFFB47D8
0004FC7E
00062D3B
FFFC9825
0000FD59
FFFE8B5E
00002FCA
00034C86
00053CCE
FFFB4652
FFFBDEAD
FFF5B634
FFF5F1B1
FFF6D5C5
FFFB783B
000258E7
FFFFAF40
000289E1
0002DB98
FFF861B6
FFF8B3DE
FFFC2E30
00022563
0002ADFD
0008459C
FFF2BF5D
FFFE5F11
FFFB3CAA
FFFC910E
0007C719
0005AEAE
FFFC3817
0003F58D
00051FDC
FFFAA41D
FFF5C246
0001A932
FFFD6129
FFF654A8
FFFFE00F
00082706
00054680
FFFFE58B
FFF80AE6
FFF79F89
FFFF19A1
FFF8CB9B
FFFE8499
0003CEAC
FFF9445A
FFFD3CC3
00032D03
00044266
0004A204
000536E8
FFF5BE3D
0000FFC2
0004AA9C
FFFDFCE3
FFFFE3C7
00003298
FFFE3137
0003ABC0
FFFC4FF7
0007943B
00003C2C
0000802C
000A269D
0002337F
000003F4
00024049
0007F7FB
00045E2C
0002B8B5
0002D6AC
FFF9CF26
0001C30F
FFFFF87E
000840FC
FFFDA845
000CF0D0
FFFE048F
00045426
FFFCA633
0001D346
FFFFABF8
FFF3620C
FFFE139E
0001ADED
FFFB434D
FFF9A9A5
FFFD2843
0004D42D
00056B94
FFFD9909
000107D7
00086861
0003E7BD
FFFEEF0E
00006D54
00057613
FFF85990
0002A7CF
0004231E
00019820
000535C7
00010619
FFFED414
FFF58F58
FFF55E7A
FFF59B7D
FFFF457E
FFFD984D
FFFC1750
FFFB2C82
FFF489CE
FFF6B8DD
00012D44
00053D10
00048A61
FFFDAE41
00025392
00033E8A
00043DCA
00076D78
FFFF815C
0003ACF6
FFF8DD30
00065B15
FFF8C263
FFFDE338
000D0847
000C010B
FFF5650D
0006A031
0002D404
FFF839AD
FFFBF314
FFF51F1A
FFFBAC2B
0007A29A
00046373
0009B33E
000E6870
000557B3
FFF1F841
FFFF5E67
FFF815BF
0012A28D
FFF8359A
000C3264
0001F3FD
FFF889C7
FFEF4144
FFFEC4C7
FFF67514
FFFBDC34
FFFCA2E4
00088318
FFFF9E9D
FFF50A36
000219C1
FFFACDF1
FFFE66DF
FFF939A3
0000AF6E
000A21D5
0000C507
FFF692B0
FFF7CBE5
FFFC7391
FFFE5A2A
000D3D86
0002B46D
FFFAA375
00074AE9
00030E83
FFEF2892
000F01EF
00012448
0007F5CC
FFF1752D
FFFA674E
FFFA4BD7
00060C56
00012836
00033723
000A0F71
00007E55
FFFE0664
FFEED5C9
FFF37A12
FFF428DF
FFEF95D7
FFF61210
FFF5869B
FFFDFBF9
000029AF
0004407B
000D8DBF
FFFF5917
000442EE
0007B371
FFF40A2D
FFF154AA
00041B2D
FFF3F3ED
00069981
FFFC5D30
0008B107
FFFBA667
0005971A
00009B15
00036FFA
FFFC8D54
FFF98D68
0008F9BD
00073B2B
FFFB2F5D
FFFDF1B3
0004BD6A
FFFAE07C
FFFA4DF0
00066E69
000E1980
000849A0
FFF4E2F0
0002257C
0005B2A6
FFFB0622
00075CC5
FFFD1380
FFF81E45
000230A2
0003CDB5
000031C2
0000B9A8
FFFDDE13
FFF60039
000C3292
0003EDE7
FFFCA48B
0002726D
000AF303
000403FB
0004101B
000BAB86
00059AB7
0006B11E
0007B2DC
00000267
0004151C
0008A30E
00033EF4
FFFD7164
0006C01B
FFFB36BB
FFF34267
0008B5EA
FFF723E2
FFF0193D
000D3F36
FFFF2D10
FFFBDA46
FFF6CFA5
00008227
000D8B1C
FFFDB286
000824DC
0008EE47
FFF4CF81
0008BD32
FFF85A56
0002BB9B
FFF956AB
000774AB
FFFD6C65
000024DA
00041E6C
0007FD74
000220E8
FFF88010
00054AE7
0009516D
0001F86F
00003F5F
00035F47
FFF4ABD2
00064324
000698A8
00066BF3
000645D8
FFF8C00F
0002FF19
FFFCFB59
0006AEEC
0007EE69
FFFFD5D4
000DF58B
0004A130
FFFA8E96
FFFE61D6
FFF7288D
FFFE62F7
0007E541
00066E17
FFF5A3B5
FFF9BCC1
FFF8E9FA
000275A4
FFFEF0FB
FFF457D9
FFFF0574
00083936
0001FEBE
FFFAFA8C
FFF2579D
0005AEF5
0004E369
FFFDFC87
FFFF78E1
FFFF9DD7
FFFA2DE4
000046DE
FFFD406E
FFF3D52C
FFFD5B22
FFF1EDDA
FFFAD848
FFF5AC4C
00064FEF
FFF9120D
FFEEEE32
000C5E1B
00041E6B
0006300F
FFFA2BFC
FFF299BC
FFFDDC39
FFF66255
0001B6B1
00002810
FFFC24E4
FFFE5258
0004A039
FFFDDC8D
000D249A
FFF6F9EA
FFFA5D2B
0011C0E7
FFF703EA
FFFC1902
0001133D
00053604
FFF787ED
00020F48
FFF9CB20
FFF317D1
FFFE3892
FFFC2501
FFFB46BA
FFF7F834
0007A54F
0002ECFC
000236DD
FFFE2BDF
FFF75D4C
FFFCAFF0
FFFAE0C2
0006971B
000159B2
FFFE56DE
000893CE
00044BE6
000406A9
0013F66C
FFFCC196
000E5E6B
000D8BA9
0008DF0F
FFF4918D
0006B33B
FFFEE1FE
00089AA6
000F3A0B
00019949
FFF59E3A
00034E89
000499A1
0001600C
00041390
0002C507
FFFD58FE
FFFD137D
FFFCFBA9
0005B802
000D1731
0005A6CE
0005630D
FFF79523
FFF967D4
FFF65C93
FFFEF4B3
FFFD23AD
00067339
0004C77D
FFFB46FF
00080001
00030952
00014F51
FFFDF32E
0002B183
FFFF8151
0005D326
FFFBA947
00098F13
FFF97F89
FFF6F98B
0005D633
00036D38
000A8DC5
FFFDCF16
FFF2BCC0
00034E35
FFFF4C45
FFF88019
000BE64D
FFF810FE
FFFC99A4
FFEF31AA
000226CB
000C4BD0
001106E5
FFFE0CF9
0005A076
FFFBABAD
FFF9B8AC
FFFAB2B3
FFFFA7F2
FFFA9F13
FFF68F5F
FFFE7E14
FFFB6C8B
FFF3C2CD
FFF948DB
FFFBCA9E
FFF9B5DB
FFF8F07A
FFFB4C8E
FFF587F2
0003B7FA
FFFADAB7
FFEFE201
FFFBE6D3
FFFC8A55
0001AFF7
00015577
00099957
FFF9ABDE
0008CACC
0005646F
0001D357
0002EE01
000638E4
FFF5E76E
000B719A
FFF50A91
FFF50144
00024EDA
FFFB24D1
FFF2468E
FFF52EA9
FFFCF77F
FFF0A3C0
FFF32584
00009FCF
FFF3CFE0
FFF8B229
000486CD
000DBA47
FFFB0C01
000012A9
000C97C8
FFF7F14B
FFFC76FF
FFF955A1
000B4A9B
FFF93732
FFFC1CE5
FFFE23B7
FFFF71B5
FFF2B9D0
FFF8C370
000CF2C3
00039C6E
FFF5182B
FFFEB971
FFFCF808
0003BB86
FFFC4AAE
FFFBF71F
0001269B
000E4A03
0006E576
000CEFAA
FFF11039
FFFE1482
FFFBDA4E
FFF4E594
FFFC84E5
FFF8C6D8
000801B9
000343F8
000C537C
FFFF03AC
000CF0C7
FFFBBC88
00098EDF
FFFB5C68
00045D1C
0006A452
00025728
00047366
FFFD70F1
00060AA0
000A4CED
FFFF837E
00028EB2
000282C1
FFED1EB2
FFFDBEF0
0003652C
00023E61
FFF7C170
FFFA9FF9
000AE5BE
001001B9
0007C2C9
FFF1518F
FFF2A9C7
000551ED
000909D7
FFF97B79
0006C48A
FFFBD01D
FFF039C7
FFFA69B7
FFFE5D77
000BF30C
00046118
000344B5
FFF97B0D
FFFDE592
00066108
0002CCAF
000B1D1D
FFFA4BD7
000C2569
FFFA9C6F
FFFDEA8A
00038EEE
0008DE51
0000DCF9
FFFB43C9
000BAA8B
000629FA
FFF7CE2B
FFFE140A
000A1969
FFFD7A25
00019A37
FFFFB2D2
0009A364
0007E04C
FFF58F9C
FFFA4D8B
000196F8
FFF112B9
0000E8AA
0003D42B
00007083
0009772F
0005323B
FFFF090B
FFF6A7ED
000C725A
FFFAB37A
FFF1EAA7
0002B1C9
FFFF55C5
FFFF3C84
0001C898
000370CC
0014B8EE
00042167
000BF6C1
000348E0
0005C039
FFEEF073
FFF227B0
FFFC7B56
FFFD86CB
00029283
00057C3A
00019CF9
000AAD0D
000255F5
FFF58B78
FFFB87FF
00050DDA
000E7BB9
000458F2
00099EA2
0005673F
FFF833E1
000501C7
FFF57A27
FFF9E33A
FFF34146
000C268E
000771FC
000198F9
FFF8E813
00018EE7
FFFBD30B
FFFBFCEB
FFFA0FF7
0002C5B1
FFF840A6
FFF6FB5F
FFFF7F9A
00049C06
FFF9C449
000023AA
00079834
FFFB55B0
FFF3473C
0003161A
00092104
000ECE8B
FFFAF719
000EA3E6
00087035
FFFCE910
000217D0
0008FB6C
00091AF5
00015278
FFFD817B
000527F3
0000CEAC
FFFB2D18
00009421
000E6C3D
000028DD
FFFD1A3E
FFF5C470
00038FAA
0000EA66
00053D4C
FFFB5828
0001E9A3
0012E29C
FFFD8E18
FFFA4FB2
0002BAD3
0002A4A4
FFF96DC4
00080605
000F0B09
FFF936E8
FFFDBEBE
FFF76035
000A099E
FFFF610D
0011C81D
FFF98A16
FFFF3A1D
FFFC5F8E
00025C46
000268E2
FFF923B3
00056B1E
0000DA53
FFF543A0
0004C86C
FFFC7E4B
000CEDEF
FFF5A787
FFF7707A
FFF682FD
FFFC34F3
000D8341
00019D80
FFFCAB8B
00006CB7
000BD5C2
0001BD94
0004514F
0000759E
FFF75310
0001B448
000244C5
FFF8FB67
FFF8AC53
FFF8B2E4
FFFBA49A
FFF84467
FFF9E937
00007FD0
FFFDFB75
FFF9E2BA
000392F8
FFFB9E2F
0000DD51
0000933B
0004A447
FFFFAC07
FFFE56FB
FFFD1619
FFFC3CFB
FFFC33EE
00022B9F
FFFFF7AA
FFFF1D09
FFF83F0B
000406F8
FFFCB93F
FFFFEB02
00016D15
FFFD1944
FFFFCA94
FFFB8CDF
000143D5
FFFAD331
FFFF67A2
FFFC874D
FFF8FD9A
FFFD353F
0002ED15
FFFFB2EE
FFFBB217
FFFC4418
000086A5
FFFC6E02
00038FC6
FFFF0952
FFFB4AB8
00011F65
00011E37
FFFB9E5D
FFFE4BBC
FFFF9D18
00006D5E
FFFCE0D0
0004CB66
FFFD5CCA
000051D2
FFFBA0F4
00016422
0004F657
FFFF16F0
00008345
FFFB89D7
00021896
0003AFDB
000205B6
FFFDD72E
FFFE5D5B
0000E075
FFFDF1B2
FFFB8E3C
FFFF09EE
00008A79
FFFD1B24
FFFE0E3A
0000ED5F
FFFE3C9F
0006694C
0002EF7A
FFFB6C37
FFFB99FE
FFFA9978
0000F30F
FFFB1BAE
FFFF6C5B
FFF8782D
FFFB97C7
00011444
FFF87E83
FFFFAC07
FFFC20CA
00021F60
00008129
0004098E
0001A55A
0000E1A2
FFFDDA84
FFFB88BA
0001210B
FFFEA971
FFFD3391
FFFC6EE1
0001FA3F
0004537F
FFFBC439
00034417
0005982F
0000236E
00006CE9
FFFBAADF
0003B975
FFFFE968
FFFDE467
FFFEA94C
00021717
FFFDD24F
00003DBD
FFFDCBA7
FFFFE357
FFFE291D
FFFDAF06
FFF8EFA9
FFF8D91F
FFFC6802
FFFABE93
FFFF3A2A
FFFC8169
FFFB08E2
FFFB8F61
FFFCED5F
FFFBDDCA
000258FC
FFFEEA9C
0003FF02
00006384
FFF97B4E
FFFD26BA
00013E4D
FFFC62A3
FFFDFEAF
00011414
FFFEB278
FFF84EE7
FFFFFC01
0001ADBD
FFFC1753
FFFDE5F6
0004BDFE
00000A79
FFFB1968
FFFD8734
FFFBFECA
FFFDB81F
FFFCC6C0
FFFECD18
FFFE4B4D
000202A5
00009326
FFFA71F4
00046D77
0001706E
FFFEA73E
000469C9
FFF9C18D
0001A808
FFF89A65
0001AD29
FFFEBB20
FFFFBF1F
000137B9
0000131F
FFFCD9DF
FFF86D1C
000460FB
FFFAED20
0000EF5B
0000B90F
FFFF7020
FFFEC825
0004E724
0003CE2D
FFFCCCA4
0002C4F8
00063445
FFFF0CE1
00068446
FFFF904C
FFFA90D1
00016E7D
FFFC7601
FFFEF6AF
0003C94F
FFFC8929
FFFCA4CC
000070F7
FFFE111B
FFFE172B
00026650
FFFD17A0
FFFBB7FD
FFFCE9E5
0000B873
FFFE0574
00032605
0001E5FD
FFFA7017
00026E21
0003BE2A
0002062C
0000E9EC
000446F4
FFFF86F0
FFFCB1BA
FFFFE1AC
FFFEA754
FFFEA9D4
FFFC82D1
FFFC265C
FFFE07B4
FFF8183D
0001704A
0003AB67
0000F8BF
FFFEF9A7
00022780
FFFCBAF3
FFFA27E9
FFFE8848
0006DA8C
0003B5E6
FFFA62A1
00063844
00034FCF
0000BEDF
FFFE56DD
00044215
FFFB8296
FFF9CAED
000255C3
0004D55C
FFFE992D
FFFBEC20
FFF9D07A
00006D2D
FFFF50E9
FFFD567C
FFFF41BF
0004E389
FFF68DA6
FFFE297A
0000D3AB
FFF8D420
FFFEA9BF
FFFC14DA
00021702
00017069
FFFD1D56
FFFAA3F3
FFFD79BA
0000959D
FFFEA93D
FFFEB609
00040F87
FFFC0CCB
FFFC86D4
FFFB986A
FFFB8A4D
00005A1A
0001D020
00000779
FFFD6A14
FFFC80A4
FFFA9D7F
000182A7
FFFAFC70
FFFC72B4
0001DB89
FFFC4E9F
FFFC1735
FFFAFFEC
FFFE79D8
00005D44
FFFCD1CD
FFFEBAC7
FFFDE132
00035DFA
00079210
FFFF685F
0001D3DA
0001B151
FFF870E1
FFFB8625
FFF62DE3
FFFC61A7
FFFFADD4
FFFA9E92
FFFFDCFB
FFFA2176
FFFA563F
00023369
FFFF74C6
00004505
FFFC5946
0003DCDF
FFFB8AB4
000106F7
0002D387
0001246A
000044C7
00034559
FFF7A993
FFFBAA5C
0001AACD
0001D0E1
0001E488
000296C6
FFFF88F5
FFF8248C
FFFED5C6
FFF838DB
FFF8764B
FFFF25E8
FFF8D172
FFF994C6
FFFB8BF2
FFFBDCFF
000112F9
FFFEF3C3
FFF94C0E
FFFA3048
00000B97
FFF8A812
FFF7C8ED
000397B6
FFFB2684
FFFD4996
FFFE5A30
FFFD2E28
0000B3CF
FFFC32D7
00043266
FFFBCFD3
00005C05
FFFDA043
000A28E3
00004848
00057475
0005D236
000071B9
0006FB35
FFFEFE85
0003E8A5
00058F75
000A601A
00015DAF
FFFF84FE
0007CD03
00021009
0003B86C
00029F94
FFFCFE75
0002EF29
FFFC6A8A
00045515
000290CE
FFFB01E4
FFFEFB3F
000084BA
FFFF366D
000124FD
FFFB3238
0004733D
FFFFC7E3
000022D2
FFFFE464
FFFDDCE7
00025CEE
FFFB9F4F
FFFE4B79
FFFB055C
FFFCB5D5
00007EED
FFFD172C
FFFE1952
FFFC0FB3
FFFE74A1
FFFCA640
FFF93A5D
0001B77F
FFFD443D
000145D5
00034112
FFFA8C23
FFFC2215
00011C22
FFFB0312
FFFB88C2
FFFF74D8
FFFBD2E9
FFF9E11E
FFFAEF8D
FFFF8EBA
FFFEA8AD
00019529
FFF5D154
00001BBD
0002D479
0000CAC1
0005CAEB
000564BF
FFFBC320
FFFC6E3F
0001DFD9
000278E3
FFFEF218
0002B717
FFFBE5AD
FFF8E907
0000BC02
FFFFFD55
000224F0
00021A5F
0003DDFB
FFFCBA02
FFFBA254
00017C62
FFFA9D14
FFFB01D0
FFFC173E
FFFAFBDF
FFF7F601
0002127C
00018F1C
FFFAD0E1
FFFE485D
00013BEF
FFFEF94C
0000E545
FFFD4C89
FFFC19E4
00027D37
FFFD81E4
FFFF5ABB
00009440
FFFB01F7
0000973A
FFFB6659
FFFC6C0F
FFFBF968
FFFC24A0
FFFE4990
FFFA7CEC
FFFE3115
FFFA7FC0
FFFC75B3
FFFE9E16
000078FE
FFFA6FB0
00007AD0
000040FC
FFF9773B
0001AFA5
FFF9D795
FFFEE896
FFFADCC5
0000685D
FFF918CA
FFFDC7D7
FFFF9985
FFFCDC9B
00015244
FFFCC171
FFFB2B1B
0001AE1B
0005DF73
0000FC5E
FFFE0687
0002A422
00000878
FFFD95A4
FFFF9CBE
00058AD8
FFFED8C0
FFFEBB55
00039EA1
FFFB850B
FFFCE30D
00021646
FFF99956
FFFA89C9
FFFB53C3
FFFF8E2D
FFFD5C5F
FFFC5864
0002DB9D
FFFD7101
00016312
FFFC87DA
00009F57
FFF8167E
FFF9DC84
0000725D
FFFDCC3B
FFFE91F9
0001AF46
0001E26A
FFFE271C
0003A97D
0002C124
FFFB1991
FFFC46A9
FFFF8AFE
FFFB784F
00033483
0000D51F
00007403
00051424
0001B353
FFFE5062
FFFB2702
0005346A
00055426
0002146F
FFFD3911
FFFEE165
FFFE18FA
FFFA6A0E
FFF9B19C
FFF94CA7
0004DB4B
FFFF80EE
FFFEDB61
FFFC6496
FFFAA98E
FFFDE62C
FFFD5CEB
000184C3
0000EE78
FFFCAF54
00036C0C
FFFD247B
FFFF6B7D
000094CC
0003658B
FFFCD86B
FFFCC1BB
FFFD304D
00018014
0005B2DA
FFFEE39C
0003EA49
FFFAF909
FFFC5288
FFFB192F
FFFAE3C8
00040C92
FFFCB4F5
FFFD539E
FFFC1D6F
FFFC65F1
FFF93C11
FFFB3578
00012A65
FFFFDD3E
FFFEFE3D
FFFED5E5
FFFC3AD8
FFFE2589
0000E404
FFFC260F
0002B875
00039647
FFFA57C2
0002AADD
00048D0C
0000DA25
000023B7
FFFFBB7D
001A8CDC
000BACEE
0006B773
000D1A56
0000A627
FFF6E06E
000E019F
0005A699
000FD162
00013D9F
FFFE689B
FFE9A5A5
0011A1CA
FFF57622
000DB2EC
FFFA31B9
FFF6A2FD
0000E2AE
000BBF37
FFE3AE6C
00069309
FFF4F489
FFF677B7
FFFA07DF
FFF87004
FFF034A4
FFF93B61
0001F120
000C4B16
FFFA91E6
FFF398A3
000C95B4
0009C837
0001F913
FFF585A6
FFED39B8
000F72A2
0000F2DC
FFFEEA47
000502D8
000E130D
00055073
00136D3E
FFFAD41D
0008D96C
FFEA351D
00015802
FFF7DEDE
000269AB
FFF0F6F9
FFF27D4A
FFFFFF74
FFF0891A
FFFA0938
00039DA2
FFFCB102
FFFC0E0A
000697AE
0001F56B
FFF2109A
0005881E
0001CE40
FFF65811
0008D6E5
FFF2032A
0002D38E
0008EEEB
000B94A1
FFF392DC
FFF4626F
FFFC6415
FFEF1DAF
FFF3DCA6
0008EF2D
FFFE434F
000EA91C
FFFF8EDB
000DBA52
00084EC6
00141526
FFF75BC2
FFF81B49
0010FF1A
000B3366
FFF30687
0018A893
0006126E
0002D63F
0008221B
0009102B
FFE8E990
FFEB9C9E
FFEB0772
FFF7D459
FFF9E441
FFF80799
0004515E
FFFF07A8
00055436
FFF34117
FFEF7975
00121ED6
FFEDCF30
FFF0E7E4
FFFFEA1F
0008038E
0006CE94
FFF7CD05
FFFA66F6
FFFC105F
00060C5C
FFE40A74
FFF74B7D
000EBB7C
FFF89E09
000AD8C7
FFF17336
0004C170
FFFCA8C8
FFF532CE
00044EF9
00140FA2
FFFB7EDF
FFED3981
000F3480
FFF7B624
0008BDD5
00004F37
FFFB2644
FFF38004
000A22BF
FFFDB0DE
FFF62C8C
0011CA07
FFFDB383
FFFA2A26
FFF29BFC
FFEC8AF2
FFF7E820
FFF61689
00021BC5
FFFD2FC5
FFF8B811
FFFE9186
FFE7F137
0011170D
FFF25A9D
0000C1FD
FFEC90EE
FFFB4F16
00026468
0004CE8D
FFF3A3F3
FFF17290
FFEEEA28
FFFBF25E
FFEEFAFE
0001D07C
FFFF786C
0003DF04
0004ED1A
FFF6C5C9
000A84CE
FFECD677
FFE9011C
0000047E
0004CD30
FFF43BCA
0005D6AB
0003ABFD
0007A2C3
0006D621
00072205
FFF85204
FFF9A84A
FFFACD8B
00001C15
0004BBFA
00005028
0000BC9D
00019D1C
000B4873
FFEE9502
FFFB6639
FFFA42EA
000540F5
FFF61E3F
0007C8F5
0006F5C2
FFE60228
00086876
FFEBB888
0002D4AA
FFE9F2B7
FFFF0335
FFEE8239
FFE31CC1
0006351D
000D7DEE
0004EC95
FFFAD6A6
FFFB462C
FFF8FB66
FFFE39E9
000200F1
000C6DD6
0002692B
FFF0D07E
000733BB
FFFEAA28
00041CEF
FFF834A3
FFF380D5
FFFE5B7F
FFF89F50
000BA66E
FFF0C01A
0000513A
FFFCEB13
FFF6CADD
000795DF
00108922
0006E414
00000D20
FFF6C75E
FFF3F049
FFF3E2AD
00016C7C
000261E1
FFF9583E
FFFFC996
FFFF4A18
FFF83FE3
FFF1934C
FFE976C7
FFFD049E
00058807
FFF1828A
0002578F
000D3FC2
FFF27285
0007ACF3
000C4214
000A37C5
FFF30232
FFFA278E
FFFBB8DA
FFFD5E11
FFF7E753
000B267D
FFF5586A
FFECF193
0000F07A
FFE9A4F0
FFF02F2B
FFFEEE74
001291E1
FFFE8FA7
FFEDE2A4
0011456F
FFE86645
FFF38CDA
0003EE1E
0006B293
00009096
00158724
FFF09FAF
FFF6ED82
FFEE10A4
00060F9C
0008ACFB
FFFE330F
FFF34F57
FFFD92E3
000E14CC
000FF1B4
FFFDA5B5
000EA734
FFFC3AC2
FFF920C8
00073251
FFFE4BE8
FFFF3C61
00128D68
0007E471
000490CB
0002B685
0006BAE5
FFFB85F4
001375BD
FFF793DF
00046363
000D0C8C
00052F6D
FFFAA385
FFF462A6
000B5EA8
FFED0193
FFFDA268
0000FD93
000966FC
00073BAD
FFFDA365
FFF3C7A3
000A43EB
00079DE9
0008C35B
FFF71C27
FFFA6816
FFF48EC1
000537CD
FFF99328
FFFA3CC4
000AE80E
FFED807F
FFF12824
000B907C
FFF8BCEA
00003866
00126682
0002E02F
00066AFC
FFFB5FFC
FFF0F972
00079470
FFFB732C
FFFE75CB
0003B34C
FFFA4BE8
00165396
000B2E39
FFFA3973
FFFEF345
0005A0FA
0001EB28
FFFF54DC
0008F39C
000A3E13
0000331A
FFF4EE57
0016EF2B
0009AC98
000C2789
0015F5FD
FFF43711
FFFCE110
FFFA312B
FFEE5D52
FFFDDE57
00056704
000EDC00
FFF3DAF3
FFFDA74A
FFF1E2EA
0007A76B
FFF38004
0005F82F
FFE77861
0009D7B0
FFFE6B57
FFF4CF80
FFFAA559
0018F54E
FFFF68EA
00124B4B
00072D82
FFF4B1A1
00081C58
00002519
FFF6DA19
FFFC75D8
0001D982
FFF7C493
000C04BB
FFFA0402
FFF58E29
FFF36C0B
FFF76257
FFFE8F63
FFE71F6B
FFFEBEB8
00058D6C
FFEF44BD
FFFFDEB8
000688C7
000A2CE3
FFFDE0D0
FFFAF1CB
FFF812E6
FFEA44D7
FFF1F867
FFE960D7
FFE7BD8D
FFFABDD4
00082681
FFF649F7
00050D86
00057BAF
FFF82A43
000F0645
00105160
00103B74
FFFED424
0000C266
FFFBBB5C
000FDF27
000D95E8
000513A7
0005419F
FFF5B75D
00084BCA
FFF96D43
000BFA57
00028EBB
FFFB263A
FFF03EF8
FFE901EB
00058187
000DFB33
0003F895
001215FF
0007DE00
FFFEA83E
0002661F
FFF99FDE
FFFF140B
FFFABCEC
FFFFFBEB
FFFA01A3
0002B6D8
0008894D
FFF60A4C
FFFFF6D6
000523C1
00085FDA
000DCDC9
FFFE1CB4
FFF60899
000DE41F
00055FA1
FFEEF58A
000C7C22
0011AF39
000597BC
FFFA2553
0006548C
0009C93E
FFF243EE
FFFCF204
000E83E3
FFFDF7D0
FFF004A1
FFFFD8CC
000CD8B5
FFE92565
FFFE80AA
FFFB56AB
FFF381F3
FFED5D38
FFFCAC77
FFEF2DB4
FFEB705A
FFFFC414
0003B992
0000E0F5
000DA9DD
0003148E
000FB979
FFEF682F
FFFE3D6A
0015B172
00086189
FFFE7B90
FFFE536F
00070F04
FFFC8A4E
000F5234
0004CCC7
000AC0C7
00064FB5
00154CB5
FFFBCB20
000639FB
FFFBC997
0013F44B
0000C516
000733EE
000CBA46
00022701
FFF76678
000C45EC
FFF846AC
FFF3234E
000CFFD5
FFFAD62F
000F8DF7
00035BB6
FFF8496E
FFF88E7C
FFF33A1E
FFF71829
001279B2
FFF8F0CF
FFF1A3C9
0009E34D
FFF167E3
FFFE579D
FFFC07B8
FFF867A5
FFEEE70B
FFFB6905
0005DA9F
FFF859A5
0008CCB8
000628C8
0013D18B
FFF5EED7
0001830F
FFFC6D21
0001BDCD
FFFA1183
FFF4ACE5
00099311
FFF0E9FC
FFF770E8
000BBE37
FFFD3924
000252D5
000E7B87
001A4902
00049EF4
FFFDF162
0005322B
FFFE312C
0008F83A
000D969C
0005D835
FFF9D13B
00104530
FFF355F6
FFFB8988
00101F4C
FFED4D63
FFF78BB7
001424AC
000085FC
FFEF5D04
0010E529
FFF6AA33
00088722
000BB83D
FFF88658
00000302
000226E5
FFF2E035
FFFFFD35
FFFEAAE8
FFF0E350
0010B7D0
00079E39
00032C00
000A2252
FFFCA93E
0008FB2E
000D20AD
FFFAD205
FFEEDEA4
001040CE
00145C31
FFEA02E9
0009E9F7
0002183A
FFF85396
FFFB810C
FFFAEB5E
FFF42DDE
FFEE4257
FFFEEAAD
FFFD247F
0006997F
FFF3BAF7
FFF4C562
FFFE4373
FFF26C53
0007A507
FFFEFD04
FFF65104
FFF1E04B
0004780F
FFF6DDDF
FFF0BBC1
FFF5399D
FFFE4AE7
FFECB933
FFF4331E
FFF9B514
0007E705
FFFE9579
FFEB0289
0005B4EE
0009F885
0000E1E8
0006F383
FFF5CE86
FFF702EE
0005862D
00082A4D
00097678
FFF9B7E3
00070F5A
0001D055
FFFC1DF3
FFF5584C
FFF6CF1F
0007CAC9
0008917B
FFFCA29A
0004320A
00017BB1
000BD9D3
000AC8EE
000D6465
FFF00066
000681D4
FFFBAF51
000B18E2
000B4932
00072265
FFFFE705
FFFC4D85
0002A457
0005E8B6
FFFD6BC6
FFFBCCBA
FFFBB3CC
00015459
FFF6D760
FFF52298
FFFEC8E5
FFF1B183
FFF8FF0A
FFF25592
FFECA112
FFEC33B2
FFFD4AAF
FFEC7C4E
FFF9F9C3
FFFCAEB5
FFF420D6
0008F251
00043FDE
00057CA8
FFFB0EEC
0003EE5B
0001956E
000AEA94
0007B0F3
FFF77E0C
000690F5
000921D0
FFF93E9F
FFFA5E5A
FFF43AF7
FFFBFE92
000AE185
0006F9E2
FFFDA624
0006EEAA
FFFE9E2F
FFF0115D
0004D78B
0001AAE2
FFFFF2A8
FFFB92EA
00070835
FFFC1F90
0000911A
FFFC178E
FFFF07FC
FFFC2438
0010EABA
0000BD5B
000348B3
FFFF6867
00088E62
0000430D
0011FC32
000BB383
FFF96594
FFFDE0BE
000824E2
0005B821
0014AA55
FFFE5E56
FFF46CBB
FFFECCFD
FFFC326A
FFFA4378
00012424
00053F87
FFF2529A
FFF5C072
FFFA964C
FFFA0FDA
FFF788C7
0002E7CE
FFF5D24B
FFF6BD17
0002B83D
FFFAA4A4
000653A9
FFFDFF18
000C6ABE
000888B4
0002C3DA
FFFA8405
FFF92066
FFF2EEE1
FFF70C07
FFF6369F
00071531
00005C6E
FFF40C7D
FFFE0445
001DD7EC
FFFF163D
00059636
00148E44
FFF58F43
0005D8C9
0009003B
000EC38D
0003D93E
00055838
0003804E
FFFD07A4
FFF7F4BB
FFFAE4DD
FFF8E2BC
FFFA8746
FFFD4E0E
00015B73
FFF18AF2
0006AB8E
FFFE5104
FFFF2A54
FFF62358
0006ABCC
0007EFA0
00019535
FFF256B9
0002456B
00097E48
FFF86EB6
FFFD8E2A
FFF80CD7
FFFD75BF
00017443
0008B346
FFF6AFEB
00025850
000272E6
FFF599E6
000263B6
00025C9B
00002213
001828E7
000555D4
0012C7F4
FFFFD960
FFFD0785
000ED63A
00129C4A
00152533
FFF7FAB0
00135CEE
0012A904
00077731
0001039F
00050853
0006E657
000434B6
000DCB7E
00070371
0007A03E
0006E8F3
00035E79
000171CC
00004538
FFF505ED
FFFDCC77
FFFDC518
FFFA925E
FFFBDC31
00016F7A
FFFB93A4
FFFF160C
0005F6BB
FFF8C1EC
00040AE9
FFF8FFD8
00078E58
FFFB6BED
FFF5BC30
000387E3
0000298B
000A5E9C
FFFE6670
00051AEE
00029246
FFFED7A3
FFFF1A33
00083E1C
FFFB9D4B
FFF2C118
0003FA2C
00073C77
000ACA33
00056120
0003A4B6
0004E349
FFF41518
FFEE6DC6
FFF5A521
FFFEEB7F
00069F0C
FFECA1E9
0001BF44
000134F9
FFFAD2B3
FFFD9437
FFFE20C5
00010AA6
FFFEBB8D
000BDC4B
0010E955
000234B9
FFF8544C
FFF65A7B
FFF571EC
FFF96533
FFF03351
FFFC2DAC
00014FB6
000DFAD1
0004DB7E
0002D8A3
000C24B2
0005CCF3
0009F497
FFFCE571
0006CADA
000A3D05
000DCFF7
FFFECCCB
0003E3D6
00056FBA
000C830B
00000EC3
00049AA0
00093C18
000E8C3C
001341B0
000F9DC6
FFF1B28A
FFF95513
00044A17
0003C840
00034F29
FFFA0CFB
FFF346DE
0007C144
FFF8598B
FFFC0C23
FFF687C0
0009D0AD
FFF49751
FFF11A2D
000A8986
FFFD7B20
0005E3B9
FFFD5E3E
00012362
FFF30315
FFF6CD26
FFF642DB
FFFD4360
FFF9F463
FFF94323
000893F3
000C76FF
FFF9F1E3
FFF431FC
FFFF054C
FFFF1381
0005FC6C
00097D6D
0007B7BD
FFF99927
00042667
FFFC5873
000B92FC
00028220
FFFBFB13
FFF5DBE0
FFFF3540
0000A477
00048956
000C8DD4
FFF5B5A4
FFFB38E1
000A08E9
FFFF571E
00078EB1
000922F4
FFF9FCE0
0009182D
FFF86C4F
00009C89
FFF72CC6
FFF200FB
FFFE1A66
FFF5617E
000B4F67
FFF5EDFC
FFFB3996
00011A4F
FFF37358
FFF74BB4
000459E0
00058C64
0007D337
FFF8284E
FFFDB227
000585C1
00031DB1
00012F49
0007327A
000BD068
FFF5C450
0007D959
0004011F
FFF38104
FFFC18E3
FFFF8068
000B70B5
00170691
00141E70
00051F4F
FFFC851C
000381D9
000B1ABE
00113BE0
000CA423
FFF65211
000BCCF9
FFFE47D3
FFEDE027
FFFCBDA0
FFF9E9D3
FFE81788
FFFB62DA
FFEFB10C
FFF96695
FFEFC87D
FFF94351
FFF8EBB1
FFF17667
FFF15A97
FFEB2E7B
FFFEA2ED
FFF9D0F9
FFF58706
0004352F
0007E31F
0007F329
00012FF9
FFF8BD24
FFF83919
0005E722
FFFB021B
FFF013D3
FFFDBFC5
000159DF
FFF5499F
000CC522
FFF5E554
FFED4BE4
FFFDAC1D
FFF86A6E
FFFA7AF3
FFF2B880
FFFD636E
000219FC
FFF656CD
0001E1B5
00056411
FFF390F5
00067FC8
0005AC0F
FFECEFEA
FFF2EB45
FFFCB173
FFFCA489
FFFAFC18
FFFA888A
FFFCAB49
FFF331D2
0001B1A3
FFF94BBF
FFF7866D
FFF4345C
FFF52AA5
FFF83627
00030277
FFF5713E
FFFE31E7
FFFA78BD
000FAD6F
0005C096
FFF9A0F0
00041B55
FFF86B0A
FFF7BA91
FFFF5485
00012FBE
FFF94E29
FFFC916A
FFF278D8
FFFA9722
00059029
000261F4
00020F2E
FFF39B65
0003AFDC
FFFE5A41
FFF38273
000FD543
FFF362D4
FFEEF6CB
FFF8611B
FFF24192
FFFE4F4A
FFF81215
FFF916D9
000291E3
000E8404
0007BA8C
000FF3D3
000E2D72
FFFF5008
000C8F98
00079FA9
0005AE38
FFFA8705
FFFE9169
FFF99454
0009F1B8
0006E012
FFFF46D9
FFF87C67
FFF3CC3D
000A9A99
0012F10A
000AD901
FFFC454A
0006389B
FFFCF9B0
000D4751
00105727
00002E45
FFFC8D1A
00067BCC
000A29AE
0000DE1E
00034BC2
FFF72E72
00084130
00078AD1
FFFA11FD
00074576
FFEF621B
FFF8785D
FFF403EF
FFEB36A7
FFF686AA
FFF126BF
FFE64815
FFF022FC
0000035E
000C90E0
0002CA27
FFF44EB3
FFFA23D3
00056D9A
FFF0A2EF
0007F1E9
FFF82A89
FFF7531B
FFF5E2AB
0007B5A8
FFFA35FC
000B5EE5
FFF9A6E5
0001EB24
FFFFCE16
0007F462
FFF3BB2F
00007999
0005BED0
FFF64603
000E668F
000B21BF
FFFA69D2
FFFBF102
0012CF3F
0014D6EA
000CD9AD
000E6119
000206BB
0003C862
0000F316
FFFF6251
00014CB9
0002D818
FFF8D70B
000EE5D0
000174DE
FFF01EFB
FFFD69AF
FFF432EA
FFF35CE5
00013665
000895C4
0000E981
00021272
00077EB2
FFED8D4C
0009C6DE
00011367
FFF6530F
FFF8A767
0003BD89
FFFC9C3B
FFF261FF
FFFF1468
FFFE2C7D
FFF9654F
000998AA
00047ED5
FFFCA5A2
000076F3
000D5A14
00055EC5
00102D29
0001159D
000B8FA1
0006349E
00024FD7
FFFF6BF3
FFFC9C2E
FFFA4B24
FFFDCBFD
0001FACA
FFF6A9E2
00094210
FFFE311D
00002C39
0006D15E
FFF49177
FFF7ADF7
0004FF79
001215FE
FFF8E0F3
FFF8E48A
00084B4C
00094D56
FFFF650C
00078432
FFFC60CA
0002656F
00009456
00092658
FFFB19BA
0002ACFC
FFFFB29C
FFF58D34
00013D56
FFFF0E27
FFFDDFA3
FFF71893
00002E58
00098E15
FFFD2A11
FFF4162F
FFFD8C87
00031D44
00081326
0002DAAB
FFFD6F60
FFFED26E
000359A6
FFF9B27B
00042202
FFECC1A9
FFFA9F5A
FFFA83EA
FFFCD390
FFEB6B9B
0000EA4B
0001845D
FFF765C5
FFFC2320
0002BD4C
FFFEEFC4
FFF75570
0004524D
FFFD4B7E
FFFF7132
FFF41F58
00092B7B
00055ED1
000EC1EB
000FE37B
0007C934
FFEC5A86
FFF6F796
FFF878AC
FFF80E99
FFFD2B35
000A8A3A
FFFC0C0F
FFFE4322
0005FB9F
FFFD2A69
FFF5EA11
FFFF1B50
FFFE74AC
FFF6AD84
FFF2050B
FFF6CD1B
0000708B
000031F0
00049C01
FFF4AA30
FFFFE0E3
FFF85115
0003A300
000CAF5E
FFF8E6CE
FFF4532A
FFF8CAB8
FFF90919
FFED138F
FFF79148
FFF18C07
FFEC7C37
FFFBF886
000775C9
00021687
000A649D
FFF748DF
FFF6D453
FFFCF576
FFF7C25E
00004E2E
FFFDD469
FFFB3701
000176C0
000887A0
000E28D0
00071F51
FFFD793D
000BD544
0015C6CF
0007A8C4
0002A980
000B738D
0005CC77
00031B24
000094D5
FFFA0CAC
FFF7EE45
000863A3
FFF87567
FFF88A7F
FFFD4C00
00025CE5
FFFEC8CA
FFFBAB44
FFFA8B0E
FFF778EF
FFF351CF
00005FA3
FFF724FF
0007BC52
FFFDC787
FFFC6478
FFF75578
FFF749FE
00029911
FFFD78B3
00059695
FFF8207A
00023058
FFFCF17D
00021A0B
FFF7AAAF
FFFED022
FFF4DF63
00029E04
000560A8
FFF69D28
FFFA38DC
000C3035
000260BF
0007D538
000B7494
FFFE7160
FFFD651E
FFFDE80D
000D441B
FFFED331
000F362F
0007400D
0003E09E
00092A1B
00011F6B
000080DD
00006CF4
FFF67BC2
0000D823
00035514
FFF58638
FFF9D7B4
FFFF286A
FFF6EC38
0002B672
0006E5FA
00053EE2
00005499
0008C9FA
FFFCFE27
000AD255
FFF753B4
00044C64
FFFB43FD
FFF2C9E9
FFFE5C59
FFFE1478
000C8FB6
00062077
FFFDF7C1
00011E9D
FFFFAEA2
0005AA63
FFFBB160
00090527
FFFF4248
FFFD525D
FFED2B52
FFEDF9E5
00017359
FFF2C04C
FFF700DE
FFECDEE2
FFF4B9CD
FFF59925
0005DFA3
FFFDC191
FFFE2BDD
FFFCDD86
FFEFD709
0000B85C
000AA6D8
FFF73F5D
FFF55E6C
0004BE3F
FFF5D1BA
FFF9040B
FFFDA33E
0004C016
FFF9B3BB
00071299
FFFB04B7
00060318
0004EB4F
FFFD29AB
FFFF7A4F
00058811
000085D6
FFFDB455
0004C5EC
FFFF90C7
FFF3CC31
000A90D9
FFFA5D0F
0002AA78
FFFA82A7
001150EB
00124926
FFF56DD3
FFFE63AC
0003D6E6
0006EFCA
0008D5EE
00052FBC
00076D80
FFFFC16E
FFF5A1D1
00078F87
00008AFB
FFFECF5C
0000E6EE
000BF3FC
00071E5E
000ABC76
0003E75B
000B6927
0006C7B5
0002D98B
0002B0DF
00029100
FFFD0E58
FFFFC309
FFF55BF0
0003CDB6
FFFB7983
FFFA9982
0005A39F
FFFA84A6
0001E7B6
FFF7E88E
FFFC9ED9
FFF6E973
FFF9F3D9
FFF7CAAA
FFF6FF95
FFFB3D4A
00020899
0000204E
0003B6A0
FFFA20CB
00044CAC
FFFB1FF3
FFF82071
000A45CB
0002177D
00068E3B
FFFFCF40
FFF07F15
FFF09FE1
000E7615
FFF6609B
FFFFB23F
000A056C
FFF51466
FFFB22EF
FFFE77B6
0000C1B9
FFFF4B79
0008CF0E
FFFE77EE
00002011
0008CA94
0002CC0B
FFF5FBD9
FFFFFA24
FFFD1609
0001A42D
00033C93
00081BF1
00083EA8
0002FA87
000A1078
FFF4E0C8
00052E4A
FFFA6A8E
000A8E82
001225A7
000D36E0
000DA038
00025313
00040E2F
FFFCF37B
FFFD0E3B
FFF91118
FFFF900B
000003A1
00086CF0
FFFDF2E2
00002CE8
00023E3E
FFF2D1CE
FFFC51F4
FFFC90EA
0001A212
0002CDB5
FFFD134D
FFFCC825
FFFBA5D4
0002A55C
0001935E
FFFFA7D3
0008DAFE
FFF75B87
000240C9
FFFF3704
FFFE4DA6
FFF82610
FFFDBE03
FFF2FFD2
FFFF9F1B
FFF160BE
FFF87AC0
000AE59A
FFF311F7
FFEF059F
00035151
00033DB6
FFFD3F8B
FFFCC771
FFECAF49
FFF4FE9F
0006B5C4
FFF0E10D
FFF769A4
00033C32
FFEC7C44
FFFB104E
000D37D1
0006D0F4
00009F3B
000D3A31
FFFB756B
0003025A
000433F2
000388BB
FFF9E40B
0005AFA0
FFFD0D78
00050B77
FFFD234E
FFFE379F
FFFF0B20
00074784
00093938
0002B995
FFF94ED5
00091A95
00007559
0006E498
00027BD6
FFFC6E14
FFF8B5E9
FFFDCDF0
00056277
000709C9
00016015
0006C0DF
FFFF3D43
FFFD3E6B
0008DFEB
0003DBD6
FFFF2103
00002E6D
0009FB44
00010CAC
FFFFF0E5
0004A971
00036A33
FFFB0A26
000DCB5E
00004BD9
0004C5AD
00079947
00010FFB
0005A4B8
0007CA46
00046DEF
FFFA6498
FFFCC211
FFFD94D5
FFF738A3
000EA4DD
0000E0B3
0008A483
0009D6C3
000D8DEE
00100796
0006908D
FFFB6972
FFFC5B66
00018B5E
FFFA1027
0000B4AD
00064FCA
0003A72E
FFF986ED
FFFFDE26
FFFF649D
000543ED
FFF9E03B
FFFB0C2A
00110712
FFF98271
000B8AF9
001293BE
000ABAC8
FFFFDC66
000AE7DC
0012BB85
0004BFB2
FFFB51D0
00137B83
00104DC5
0006C1A7
0001ADD3
FFF906BE
0000BF7C
FFFACBC0
FFED3E00
FFEE34D9
0007E1E3
0000047D
FFF361F6
00063F89
FFF259FC
FFF200F6
FFF9D100
FFFC7F5D
FFF7AE59
FFFB1FE1
0006B49B
FFFA6FF9
FFF34F36
000834FF
FFFB93BB
0007C7EB
FFFB99DF
FFFF86C9
FFF8DF65
FFFA0DE2
0007248A
FFFD49C5
FFFEF756
FFFC5385
0001E917
00070EE1
00085C85
FFFCC808
FFFE4C61
00061DD5
00048284
0005CE98
FFF9C8B6
FFFE8679
FFF7D5BE
FFF80B49
000EB31B
000E0AA6
00008037
0005418D
00097ADF
FFFF553A
FFF520FF
FFF532AB
FFFA5963
00053CA3
00015774
FFFCF133
FFFFE37D
FFFDF360
000D9AB0
FFFCA77D
00025F3B
0009B45F
00068368
0008254B
FFFFD153
FFF329BD
00028A50
0005D13B
FFFD7E70
0007293F
000074B1
00010E8F
0006AB76
FFF80B8F
00093964
000F54CE
FFFB9CD3
00089634
0005AEDC
00043E46
0001471A
FFFC3218
00024C60
FFFCEA86
0002B5BD
FFFC5BB5
0000D18E
00009066
FFF5F40E
FFFBEB8A
FFFE8E00
FFF8A026
00063FE1
000754FC
FFFB506B
0004E1BB
FFF97973
FFF8EEED
00052D8D
FFFA5CED
000995D9
0008AA24
000436D2
FFF90099
0005767D
00029FCA
000E76D2
FFFDF718
0002E556
FFFF144E
FFF51CA7
00003FE4
00038CF8
000A6D45
0006D25A
FFFB8D2F
00035E30
0003D84C
FFFA267D
FFFEDC69
0007CAA7
0007D123
FFFD54F8
0000A9FF
FFFD0E41
0008FEC4
FFFC7D57
000271FD
00016243
00043980
FFF6D7DA
FFF8D6D5
FFFB6B94
FFF4F405
FFFE3B96
000251DE
FFFE8B7E
000415F2
FFFDFA99
FFFD0777
00003BE9
FFFE62CD
FFFD77F8
FFFC6134
FFFC3E12
FFFF3B03
000914B6
00001E7C
FFFCEE9D
000A1E92
0007C86A
0000C8EC
FFF7FB3B
0002B588
0000419C
00039F34
0000DD19
FFFAB08C
FFF2E0A1
FFF92BEB
FFF1AEC0
000A2871
0009EBD6
FFFE47DF
FFED5C9D
FFF4AE00
FFF057E3
000504B5
FFFEA0F0
FFFACB23
000256F3
FFFB2244
FFF7C0BF
FFFF404E
FFFC9192
0000B717
00067C75
FFFAB3E1
000351B6
FFFB4615
00033318
FFF9D977
FFFCB6D4
FFF8B0DC
FFF6F9E5
FFFE45FA
FFF9D4A4
FFFFDD43
FFFE5DCF
000196A8
00006EBF
FFFEF221
FFFA5B10
FFFCA7D1
00043639
FFFBFF03
00069281
FFFEBF7B
00061708
00074D58
FFFF9F00
FFF98A46
0000FB6E
FFF744CC
FFF94B09
FFF2125A
FFFDFD20
000779AC
FFF87022
FFF4E982
FFF3F34B
FFF7ABE2
0004D8CB
FFFCC481
FFFCCD32
00050579
FFFDCEF2
0002BDE9
FFF9DC23
FFFB0D3A
000A4476
00051DF7
000BD547
0001441D
0001DCD1
FFF38794
0000FC6A
FFFAFE1E
00097F9B
FFFAC8E8
0006303C
FFFE181E
FFF753A3
FFFE9285
00071912
000B720E
0004BFD4
FFFC48F3
000027E0
FFFCC85F
FFFD2934
00044780
00085D8E
0009C490
000323D9
000860DB
00046E84
00029A93
00008049
00052F21
FFFFD696
FFF75617
0004D3F6
FFF5F5CE
FFF68A7D
000483A5
0006BA36
FFFCD467
FFFA4821
0008CA69
FFF76FC9
FFFA5170
FFF876D3
FFF14EFD
FFF5F39C
FFFF8087
00019A58
0003CDD7
0001F458
FFFFB4AA
00005192
000241D8
00052927
FFFF6623
FFFDC237
FFFCAC3A
0008766A
FFFA56F7
FFFEC25F
000361EF
0001BD6C
0005F23D
0004C191
00098FC2
0000ED69
000606AC
FFF913D1
000067BA
00020C48
0001986B
0005DAFE
FFFFA705
FFF7CE46
FFF4587A
FFFF4CAE
0003F42F
FFF64DD9
FFFEE3AB
00012A66
FFF979A7
000760E6
FFF78D88
000691E3
FFF6CCE0
FFF75A12
FFED621D
FFFEE9E2
FFFD6D3D
FFF7A868
FFFBAD17
FFE97A88
FFFC4FB4
FFF896FA
FFF9C31B
FFFBCC82
FFF77E23
FFFF95C4
FFF985B7
FFFDBB02
00020841
00052BA8
0002F74D
FFF966A4
0000EA63
FFF7502B
FFFAC4E9
000105F2
FFF8DE3C
FFFEEA21
FFFC3DEA
FFF6D0B9
FFF66E74
0003B5EA
0007B6A7
000643DE
FFFBDC6E
00076CF0
FFFC6032
FFFB4C37
FFFFDBE8
FFFC752E
FFF2C1A2
FFFA329F
FFFE7824
FFF82120
FFF6F3B2
FFFA8295
FFF96758
FFF6E93A
FFF61169
00029745
0000866F
FFFED208
00031326
FFFB81A5
FFFC7536
FFFC6DB8
FFFFBF48
FFF4E9F2
000033AF
FFF5DAC4
FFFF0ADE
FFF8A512
FFF73494
FFFBE02B
0001B88E
FFFFF834
FFFAD92D
FFF6FE53
FFFFFC03
FFFE2D4A
0004EC35
0000E678
FFFFEC93
0001BE3A
00034C60
FFFA2926
FFF42CB3
FFF517DE
0002232D
FFFFEEC7
0001E796
FFFC4EA2
00008A4A
FFF46112
FFFB297A
0003750B
00049DEA
FFFB7D8D
FFF69CEF
FFFA7B68
FFFCFB62
FFF15A70
FFF4731B
FFFB5570
000634C4
00004439
00012269
FFF75281
FFFFD5ED
0003C3DD
FFF7F510
00031327
FFF8529E
FFF61860
FFFD6808
0000B4B1
00094BFF
000E3E89
0002563F
0003E543
FFFB692E
0006E040
0009F100
000CA5E3
00005EA0
FFFA1F14
FFFA85E8
FFFD35EC
FFF90477
00040AE3
FFFC2550
000723BF
000B4DEB
FFFD559C
00017BDF
00020A16
000A3F66
0006A4C7
000AB22C
FFFFF67C
00042D78
00080EEF
FFFA441F
0002F96F
0004F9D7
000525C3
FFF3AAB2
0002FD20
FFFE05B7
FFFC7EAF
00007E71
FFFD8B62
00034FFF
0002BBA9
FFEF6441
00038F88
000BA978
00005A3B
FFFCF21E
00026436
00043DB5
FFF9A6BE
0008614F
0008822C
000136F1
0003FF90
000890C6
000BCB73
FFFAD633
FFFB1DA0
FFFB2453
0000DA01
FFFD2D83
FFFE93E4
000418C1
00060F0C
00012CC4
FFFB7422
0008EFF6
000B5F47
000C7F9A
FFFFE411
FFFF531B
00005076
0000605C
00050A65
000968CB
0001C8B5
00057BAE
0008B24D
FFFF3B7F
FFFBF13E
0002ACE6
00025D44
FFFB102D
FFF818A3
FFF685F5
FFFB4105
FFF92EBF
FFF79FE7
FFFE4121
FFFFC20F
FFFEF6CA
00020917
00086ED2
00044B42
0001364E
FFF3BC23
0008FD6E
FFFC4A91
FFFDFFE4
0005DE93
FFF89782
FFF54F52
00036337
0007D24B
00001FAD
FFFEB7DD
000BFE35
FFFE9A55
FFFA35E5
FFF9AA0C
FFFDA8BF
0009715D
000C2BF7
000067A5
FFECF817
000469C8
00008053
00029D37
FFFA202A
FFF67F2E
FFFE6647
000885AE
000606B4
00010C72
0005330D
FFF8DEFD
0000FC17
00023BF3
000278A5
FFFCE07A
0001B839
0003EB38
FFFF6797
0001158A
0000083F
FFFD4B4B
FFFFFB53
0001A4C7
000483AA
0003E161
000613CF
000074D2
0006095C
000385DC
FFF2D5F3
FFF74DD6
FFF91F1F
FFFCF934
00057DFF
FFFD446F
00046EA9
FFF74BD6
FFFE7202
FFFE1E14
FFF2F797
FFFF2640
FFFC76E2
FFFE2620
00050F17
00007E99
000068F2
FFFE008C
FFF9CD5D
00001325
FFF5577C
FFFC2AC5
FFF81DA0
FFFA9DFE
FFF933F0
0002536E
0006D47B
0002AD6B
00067B41
FFFC95C7
000528ED
0005B1CB
0005F161
FFF9437D
FFF2BD0C
FFF6BBAC
FFF69C8C
000C15B9
000D1A2F
0002E387
FFF7463F
FFF806EF
FFF57AAC
FFFEC5C7
FFF9AE38
0000E1EF
0005CAC7
FFFDC9D2
FFFF0351
FFF62B8F
FFFB0EB7
FFFDE7AF
FFEFABC8
FFF58EB8
FFFA92A2
00083FA1
FFFF4513
FFFE400D
FFFE89A6
FFF3EB61
FFF84B4B
0002CD55
FFF8EA1D
00096E5D
FFFA7411
00025151
FFFBCD7F
FFFE7A27
FFFC08E2
0007DD10
FFFBF736
000122D2
0000D917
0009514A
FFFF7844
FFF489CC
FFF41E41
FFF89666
FFFD6905
FFFF534E
00032635
00060873
000025DB
FFFD0180
FFFD9308
000025B3
00017386
FFFD7CE5
00078302
00085424
FFF7B724
FFF87011
FFF0DBBE
0005151A
0004AAD2
000BB739
FFFAB68E
0007279D
00004C4E
FFFB3DC3
FFF425AF
FFF2B0F5
FFFF8855
000C863F
000391C3
FFF9B6E0
0006114B
00078E43
00023F70
000C743C
FFFB1D8E
FFFBB14A
FFF75429
FFF6F0C1
FFFA53E0
FFFB44F0
0004F8A2
000060B8
0006209B
FFF5F7E8
000475D1
0001326D
00072A21
000C7603
FFF58A5D
FFFAE253
00009D5D
000451B6
00095CCE
000A195E
FFF88268
FFFB199D
00028373
FFFF25B9
FFFCE164
FFF23170
000437C3
FFF33CE7
FFFB385D
000ADD65
0005480C
0005E4AE
FFF4B654
FFFC53CE
FFFF84D3
FFFAAEFC
000B896A
00079D65
FFFA6000
FFF72968
FFFD2635
000598F7
0003B0EF
0004F0BD
0002D8AB
00018BC9
0002684D
000396C0
0001D308
000A4D67
FFF6A994
0003D7AA
000125E0
000C547E
0000E485
0003FF4F
FFFD11FA
0008AEE3
FFF84ABE
FFFE6243
FFF6782A
FFFD0B4A
FFFE098B
000A1180
00074E40
FFF89FB3
FFFA2A37
FFFD8B3D
00013792
00053F38
00016C1E
000A6074
FFF4F0E0
0007432E
FFFB5494
FFFD79A4
0006B1C4
00035D35
000B2AAB
FFFE2A3F
FFFFC583
FFF9E4F6
FFF31112
00001393
000A3CEA
FFFB2427
FFFCFD89
000479EC
FFF680EE
FFF70780
0005761D
FFF6D27C
00048B89
0001F674
FFF9DA24
FFFC75A5
FFFBE9BE
00081B1E
00021C9E
FFEFCA72
0001CEF2
00087131
FFFCEBDB
00083B1B
FFFE597F
0009366A
0009945D
FFF4B659
00019FE3
FFFCC0B1
000277FD
000132A1
0001A8E5
0004788D
FFFAAC09
FFF7F280
FFFF650B
FFFD6626
0005CED6
FFFEAC15
0001E6B9
000545C0
0001E60F
000B6447
000C97C4
00010A72
FFF4F36B
FFFABCDE
00043EA5
000962BC
000B2F34
000266BC
000396EA
0001D7FB
0001B631
FFFCDDF9
00030350
FFFFCD00
0005AEC9
FFFF4576
000406DE
000177A1
FFFB01A7
00024434
00055A29
FFFCC704
000C1280
FFFC11DF
00053B96
FFF6CEAA
000258C0
00043455
00073596
FFF94BBF
FFFE9436
FFFAA78E
FFF93AFE
FFFB47EF
000915C6
FFFA47DA
FFFBD0E0
FFF905AA
FFFDE487
FFF5BF94
FFF63084
FFFF36D4
FFFD578D
FFFB5E13
FFFD242C
FFFB4FCB
000B51AD
00022296
000A7B93
FFF85E5F
FFF72FC9
FFFA2FD8
0004D7F2
FFF2193C
00000362
FFFD37B1
0004D685
0003C670
00027062
00020D7C
0009A4BB
FFFBE2F1
FFF92A05
FFFBA761
0004F35E
00090AB9
00034193
FFFA72F6
FFFBE49B
FFF8E2CD
00055B5B
0007AB8B
000212C9
FFF5616E
0000D9C2
FFFD803D
0009AC9B
FFFB7E94
00092B47
FFFD19B2
00008C35
00032B4F
0003B78B
FFF7E80C
FFFD84F1
00032739
0004DE99
00016F1F
000A5A97
FFFB7D61
0002612C
000020BF
0005E75E
000A46A5
FFFD0C40
FFFA1407
FFFB1492
FFF67597
0008BA7A
0009DB67
FFFF225D
FFFD8E24
FFF40A2E
FFF5FA1E
0005954F
000CC072
0005209B
FFF660D5
FFF9BF29
FFFD6C36
00046E96
FFFF19AA
FFFD6D53
FFF431EC
FFF865B6
00034D82
FFFF2DEA
00068034
FFFEF4D7
FFF9F358
00094850
00126F48
000E814A
00100CF5
000A390D
FFFE55F2
00043860
FFF76B6C
00056407
FFFCD0E4
0001301A
00007C38
0006C91C
FFFE347D
FFFF6F04
FFFBC7B1
FFF9348D
00034549
FFFD2F8C
FFFE2392
FFFBC982
FFF291A7
00065E4D
00016EBC
0001CD8A
FFFCF4DE
000835ED
FFFAF15F
FFFAA651
FFF8A614
0004EA74
000303EC
FFFA4227
00062C88
FFFCA9FD
000DB433
FFFF89BE
0001F63B
000378A3
FFFEC208
0004FE0C
FFFF3D58
0008C2D8
00053E72
FFF9A067
FFFA1001
FFFA91D4
00030482
FFFA294F
FFF25E68
FFFA6D47
FFF7E9E9
FFFDEFC3
FFF96D9A
FFF9417E
00006E70
00057226
FFF9FB92
00014D48
FFF80E4C
0004FB6A
0000EF0E
FFF43731
FFFE8200
FFFAD1B4
00048E94
FFF95914
FFFF5F3C
00086AB5
000AD0D7
FFF97CCC
FFFF91DA
FFFCAB2C
00086440
000A29C8
00098745
FFFC5585
FFF8EA19
0002DFE3
0002892C
FFFC18E5
0008102E
FFF94FEB
FFFA5482
FFF674F4
FFFB6DCC
FFFC6917
00087C6E
FFFE1A07
FFFBE397
FFF9CA88
00018CD9
000B8EA6
0004159A
FFFB39DA
0008BE8D
FFFC28D5
FFFDFFA4
0000D21B
0004E082
0001791B
00009E54
000258B0
0001CBFB
00046C00
00039123
000153E2
FFF36B76
FFFC5196
FFFEE9FF
000A1AAA
000D4C34
0002BC42
000D1BB0
00056EEF
FFFF3AF4
FFFFFF90
FFF4E5C7
000D0C42
00066A9F
FFFC6C53
0008A372
FFF7E866
000A3790
FFF8BA85
FFFA088A
FFFD966B
0005A646
FFFF0A0E
FFFCD533
FFFFBEAA
0007261C
FFF77DA4
FFF00002
FFF9160E
FFFC54DC
0008ED8C
FFFCFB7C
FFFEC4A3
FFFEFCA5
0005318F
FFFFEB78
0000AE0B
FFFC9996
0000C6BF
FFFE19E0
FFF969F1
FFFBD533
FFF80DD7
00057251
0007E31E
FFF83A02
FFF5303A
00044D27
000580AE
FFFD9F1F
FFF83399
000074F5
FFFA2A05
00035511
FFFE7724
000641F5
FFFF2112
000857FA
FFFED586
00067CCF
0002924D
FFFE8273
FFFE4BF0
FFFC57DD
000400AD
FFFFE992
0001CC9A
00000DFA
0005480E
FFF6F593
FFFC5501
FFF5867A
000771E4
000D4097
00000C90
00068796
FFFEAFC4
FFFF1D4B
FFF9BEF7
0006E3D7
0009BB42
0006C279
000B4E76
FFF95146
FFEF6139
FFFC2DAD
FFFEC68A
0002FAAB
FFFFDF27
FFF21454
00039949
000DB9A4
00022F44
FFFB0EC1
FFFF7412
0000E245
0002715B
0003C692
0003F296
FFF752AB
FFF60C7B
FFF6124D
000A5464
000AC559
FFFF1A9E
0002D8FD
FFF7D15B
FFF2F902
00026BA4
FFFB2622
00071FA5
00062F73
FFFEB19F
FFFCC8C2
FFFA58BE
0003CABF
FFFB871A
FFFC41DA
FFFD58AD
FFFF38BF
FFFAF1F9
00054189
0003C3B3
FFF7A293
00023190
000292C9
0003270F
0000CDE4
FFFEF1B2
FFFAC2C1
0004C3B7
FFFA899B
0008BC95
FFFB1A58
000AE06C
0004C45F
FFFDCF5D
FFFD4AA7
0009A431
000695C6
00022C25
FFF2FC26
FFF6F3C2
00002AD6
FFFA8113
FFFB506F
FFF642C6
0000F936
000101BC
FFFCCEE7
00020317
000B7FD5
00080C6C
FFF0520C
FFF01295
FFFBDDF5
FFFF4709
000A8F7D
0001614B
0003D8E5
FFFF3F81
FFFDD076
FFFE611E
FFFEC84E
0005118F
0005A855
00025740
000B3966
0004E5F4
FFFB2AA9
FFFE364F
FFFEEB21
FFF78A00
FFFD7C85
FFFDB950
00055F19
00087F4E
FFFABC44
FFFF9F98
0001770A
00068114
00054D20
000185EB
FFFB72AA
FFFC1D37
FFF94AEE
FFF9F02A
FFF797CD
0006FC6D
FFFFF23F
0000D6A7
FFFFB193
00002188
000DAD13
FFFE8A4F
FFFE8F48
000296A9
FFFF1178
00009937
FFEE046E
FFF54F30
FFEE3DBF
FFF61438
FFFA185D
00008347
FFF85824
000459D7
0005F14F
0006D36F
FFFF66FC
0001146E
00026BCE
000AD448
FFF36B21
0003701B
FFFAB3B5
00049D74
00109527
0000C4B9
00003A25
FFF8944C
FFF886C3
FFFE2A41
000312E7
FFFE7E11
0001954A
FFEF5339
FFFA10E1
FFFAD903
00057486
00066BE4
00057872
00030969
FFFB31E8
0002966B
00054AFC
000A3D5A
FFFACDEC
FFFDC76D
FFFA7677
000112B7
FFFD6774
FFFDE5D4
FFF325F1
FFFE8103
FFFA1628
00053F9C
0004B1E5
0009D815
000553BA
0005E541
FFFCDD61
FFFC68FB
000B43DD
000887B0
00000112
FFF38F66
FFFA8495
FFFBF3CA
FFFD9770
FFF7A461
FFFA9B75
FFFAFDE7
FFFD34E7
FFFC1E0F
FFFD6D31
FFF07156
00010746
FFF6E98E
FFF934AD
FFFFF362
FFFA3206
FFFCE4DF
FFFAA099
FFF82A52
0007AA4D
FFFFD9BC
0008045E
FFFB1EB0
000EFF8C
00026902
FFFAAD55
FFF78E01
FFFD60A3
0003C3F7
FFF9FE64
FFFF12C4
FFF65507
FFF78BC8
FFF14729
00013755
0005002A
FFF47A8E
FFFB9F11
FFFA3A66
FFFA272C
00001023
FFF4124D
0001DD03
FFF44336
FFFE808C
FFFC6749
FFF812EB
000390CA
0005CDA9
FFF7F525
FFFD956D
0008E6D1
FFFC5EE6
FFFA978E
FFFD4FF4
FFFF2BCF
00048710
FFFE8AF6
FFFB7626
FFFD1D80
FFFA7D6D
00077571
FFFE3259
FFF9DF7F
FFFDBB4E
00049239
0000314E
FFF75559
FFFB0DAA
000394FC
0000D201
FFFE8D1B
00005849
0003E0FE
FFFC3E10
000653C9
0000A85F
00051518
0004A7F2
FFFD5380
FFFDB063
000D3A9E
0000626B
FFFD532C
FFFF4730
FFF8123C
000340B8
FFF74E2A
FFF6BFCA
0004686E
0004F250
00006F45
00073F3A
FFFF0F89
FFFC28CD
FFFFDDE1
00028515
0002224F
0003AC2E
0005F83A
FFFDDCF7
FFF93C76
00010321
FFF3919F
0008F772
FFFF572C
FFFE9BDE
FFFEFFC8
FFFDFA56
FFFC6A96
00002C91
FFFEF4E6
FFFDF2EF
000C8FD3
00035875
0001B166
FFFD0C64
00076C37
0004E9D8
FFFCDFD7
FFFF75CE
FFFFE585
FFFEDAEB
FFF83217
FFF9B6C0
FFFA3BCD
FFF696C9
FFFDDC40
FFFFF3EB
FFFF581E
0008D5AF
FFFF39ED
00074F61
0007F717
0002708F
FFFF3783
FFFF88F9
0007F5B0
0005F39B
FFFC9553
FFFF6260
FFFF378C
000AE642
FFF4F5F6
0005AD59
0002D88E
000C647D
FFFFED9F
000659A0
000D40BD
000362D2
FFFB5306
000895BF
FFFBF458
FFFC1FEF
000C0674
00018463
FFFD8163
FFFA430D
00030670
FFFBA4E3
000B146F
00012694
0003AF8B
FFF50347
FFFF8516
FFFE6975
0004EB69
FFF60965
FFFD6C89
0001DA3C
FFF64A26
FFF95DFC
FFF30A72
00027585
FFFC022A
FFF56136
0007E435
FFFA13EF
FFF99F8F
000388D6
FFFBEF6C
000BC365
000AF235
0001E2DC
0004D9CA
000B0942
FFFBAA7A
FFFB570E
0005C1D0
FFFA1EC5
00087EB5
000FD813
000DAE74
00075831
FFF7C885
00068F50
0014E4E4
00090A92
00043A9B
FFFC6160
FFFA69C9
FFFABE75
FFFD6EB3
000A3D21
FFF8EEBB
FFF9FD8C
0003EEC7
0007E69C
000623E6
FFFF6CEF
FFFD4AC4
FFFD48CB
000276B4
000E4A87
000553F9
00093CA4
FFFA95CE
FFF9D4D3
FFFC0458
FFF6056D
0002391C
FFFE8819
FFF857B1
FFFB3461
0003C0CC
FFF554A5
00096B19
000BE7B6
0009C498
0004985E
000AADD0
FFFC73F1
FFFF937A
000A7807
FFFF8AEE
FFF0FAF6
FFFD5F59
00065F70
FFF57F88
000ADFBD
FFFBD1C2
FFF47857
FFF72FE7
FFF66DEE
0001FF7E
000673BB
00015B76
00016053
FFFE14BD
FFFDE0AD
0001BE8D
0006C396
0009F132
000415BA
FFFCF44F
0001926C
FFFE30DC
FFFA9D11
0000A947
00082900
000A0EB5
0005E058
0003D9B1
0006B4DF
FFFF039B
FFFC20A9
FFF8F9E2
FFFCAE55
00003502
FFFB3D13
FFFE7339
FFFCF9DB
FFF46468
00035121
0005C6C1
FFFE93D3
FFFEEFAF
0000DD4F
FFFBA70B
00005CED
0008E158
FFFF818B
0005820D
00034E73
000C0CA3
00042244
00026DB9
00027CED
FFF9C7CD
0008DC2B
FFF6C3E3
FFFFA8E6
FFFBF22B
00053007
00027F7D
FFFD6D5C
FFF6CDCC
FFFC3888
FFFA60D5
FFFE11B7
FFFBAE9D
FFF86FAD
0004D662
00061FD1
FFF9E16F
FFFF6DD1
FFFE1780
FFFAA38C
0000CE13
FFFCA61C
0000BE0C
00086101
FFFF81B5
000159BA
00012386
FFF7AD2B
FFF9A289
FFF50B2E
FFF661E3
FFFAF44E
0001D694
0007B943
FFF876D8
FFEF8866
00010B05
FFFB49BB
0005AD38
FFFD52B9
0005F4C3
FFFE26F9
00027AF3
000435A8
FFFD9260
FFF8F767
0003AA89
FFF2FFBD
0000CD5A
000845F7
00050CD0
00076536
FFF7257B
0002C590
FFFBFAF0
FFFBD6EE
00052ECB
FFFFA97D
0004C25D
0000464E
00078390
0000081E
FFFA6B00
FFFF9F07
00045F74
FFFCB857
0006A049
0009D9AF
00020721
FFFF2139
0007D348
FFFE868E
FFFBCF7E
FFFBBEF8
0006FD77
FFFE9F78
FFFB1CCB
0008F989
000820BD
00014E9D
FFFCC356
FFFEE549
FFFD5CBE
00078C3B
0002D8C4
FFFE1496
0009FBC4
FFF9FBDB
00006FC3
FFFD5C56
FFF78738
00028D95
00040C07
FFFCF553
FFF7DD3B
FFF84402
FFFFE3F1
0000ED98
FFF9467E
00054212
000B49E0
000CC330
FFFB63A5
FFFD05F9
00071FED
00020AD9
FFFD0EC6
0002CF46
0008BCC9
0002127A
000962D1
000091DE
000C765A
FFFE7640
0005BEF8
FFFC80F5
FFFA2ED9
FFFA2195
FFF90D02
0002C467
FFFE297A
0003FB46
000526E8
FFFF45A2
FFFFAB8F
0004085D
FFFD6FDC
000406F0
0001D775
FFFAF4E3
FFFEE007
FFFA89A7
FFFCF7FD
FFF198BD
FFFA6CE3
FFFA62E3
FFF5F921
0000BF86
FFFB8C60
FFF6C439
FFF0E7B1
FFF7007F
FFFBDB13
FFFCBCE3
FFFE0DE7
FFF52FE0
FFF59639
FFF97B41
FFF38F7E
FFF574FE
0008752B
0003A2D5
FFF5FF10
FFFFB5A8
0004B680
FFFFC58A
FFFD818D
000306BB
FFFE90F7
FFF91093
00007201
FFFFD02E
FFFC58F3
0001F682
000AE95F
0003371E
00092722
0007659C
00000C73
00098896
0007C144
000853A3
FFF63F8D
FFFEA1D2
FFFABB5F
FFF7F678
FFF5A8E1
00011E04
FFFE3F52
FFF65821
FFFC6497
FFF68DBC
FFF8B875
0000A0E3
FFF9F1B6
00089C7D
0005C76A
FFF9CA0C
FFF9A010
FFF984B6
FFFCDA2E
00052155
FFFBF563
FFF712B4
FFF921A0
FFFF893E
0004E80A
000401CD
FFFEB911
FFFBC810
00022258
00031189
000BBDC2
FFF90F68
000837AB
FFFEC324
FFF72FD6
00036D26
FFF9CF6D
000249C2
0001BA53
FFFD533C
FFFC28ED
FFFA212A
000013D6
FFF3F58B
FFFE267E
FFFBA73C
0005AD4E
00024051
FFFF39FB
00057EDC
0003E722
00022519
FFFD19F8
FFFAC933
FFFB8B00
0007E984
00052AD2
00057E8A
0001276B
00016154
0003312F
FFF7DB24
FFF684CA
FFF4F930
FFFCAA39
00000814
000045BA
FFFF5BB1
FFF6459E
FFFC5248
FFF95BAA
FFFF3457
0007F9DB
FFFD04DD
FFFB74B8
000D5514
00050798
0007F88D
000251EB
000030D5
0003C10C
0009AA81
FFFBAB39
00059A43
FFFAC634
00049D2C
FFF57710
0007FBFA
00071E81
0004E774
FFFA73A1
FFFDB35D
00079E78
000DD686
FFFEEDAA
00027CEE
FFFB5194
FFF13A50
FFFBE31E
0002DF17
FFFB20A5
FFFB3B73
00003385
FFF4A27B
FFF50809
00044FD8
FFF66130
00028FFA
FFFC2BA7
FFF7D575
00034E2E
000B26C1
000B9DFC
0006C00F
FFFB688A
00005CF0
0005FEFF
