FFFFDED7
000D1B71
0006ABD9
00066DA3
000C27F1
FFF43F85
00002F97
0008215D
FFFF1041
FFFFC317
000B88AB
000CB59E
FFFEE6F6
000CA793
0013B96E
FFFD1636
0005F83F
00115849
FFF834A7
000C0B00
00050C66
0002093D
001A46A1
00007659
000F3D14
0008B740
00086883
FFFD03D0
0008876E
0009EE73
00071DFF
00063760
FFFACD9B
0002B642
0005E976
FFFCFA4B
0001894A
FFF4E548
FFF452D5
0001BD24
FFFF9779
FFFCFF61
00012660
FFFDCF12
FFED7470
FFF7EED1
FFF9D2A3
FFFE25F5
FFFC8B89
000592AE
0005C8B0
0006CF6E
000917E9
0006BB7C
FFFFD636
00059A86
0006297D
00073A5A
FFFF0989
001087BD
000B469C
000BB0C2
00068FE0
0006C453
FFF93C51
FFF4373F
00039A88
00015FF7
FFF2319B
FFFD4AE5
FFFBD6E4
FFF78446
FFF0592D
0004FA82
FFFB0B72
FFFB8CDC
00067230
0002BDF8
FFFB25AF
0000248D
00011AF6
00029C09
FFF2A39B
FFFAB566
000430DA
FFFE9350
000317E3
FFFC2969
FFFE6470
00031BB9
FFF904E1
FFFBEE42
0008ACF2
00042761
0007CE6F
0007BC2B
FFF93993
000171F5
000448BE
FFF65BBF
FFF6BB6E
FFF51F95
FFF8ECD2
FFFD36E8
0003CEB8
0006C9F2
0001B131
FFFCACD0
00011BAC
0006CC7D
FFFB2CF8
FFFCE448
FFF8D6F7
0002C59E
FFFF9A4F
FFF9EC0F
000A343D
FFF5E559
0008C353
FFF55B0B
00051721
FFF81166
FFFC5894
00021D96
000220B5
00037D4A
FFFFE284
000AC106
000D8A01
0000916E
FFFD1BEE
FFFF4934
0007D836
000D8098
00053CA9
FFFAD81D
FFF5AC97
00015659
0001A020
FFFA5BA6
0007E163
000B0330
FFFC7CAE
00094181
0001F093
0002E8F0
FFFB0F00
000189EE
FFF86624
00023D85
FFF89597
0000EB09
FFF7B3B0
FFF8E8B1
FFF86EDF
FFFE83B2
000CE543
000C2446
0000370B
FFFA0DF6
00028476
FFFDA3E2
000004BC
000105CD
FFFD625B
FFFABC3E
000C5E28
0002CF38
FFF9CAFB
00099F23
FFF780CF
000D6326
000C76D5
00055236
000545E8
FFFEA3AF
FFFF66E5
00093CD7
FFFCFF13
000D04D8
FFFC5DDA
0006907A
FFFC62CE
FFF620DF
00005BEB
FFF423B6
0006E3E6
00080A7D
FFF8763A
FFFF0FC7
FFF1F7F8
FFF6C5D1
000893A0
FFF8F29A
000502A8
FFFFD31A
00034005
000BFC61
000B2EB7
0002CC87
0004C845
000AB995
000A8F20
0007328D
0000639F
FFFA825E
000E715F
0003C0FA
000C597D
0007D322
FFF98005
000A130C
000BF6E6
000001CE
FFF8BB46
FFF96FF0
00023B7A
0000F24F
0006094E
0009CF85
00076F0E
FFFF332F
00077929
000A5427
000E5356
000A4E73
00062525
000098DB
FFFA2BFF
0003EE13
FFF91A98
00086220
000B0C16
FFFB1055
00066CA2
000A42B5
00049355
00020D90
00098F5A
0006F70A
000E3AAD
00098618
FFF7802C
0007EB59
FFF83753
FFF6BC79
FFFEEA8C
0002A4B5
FFF76000
FFFC37C3
000AC104
FFF72410
FFFB0F52
FFFE575F
FFFA526D
0008A68C
0006A626
FFF1ECE2
0003DA45
000117EF
000ADC84
000DDA9A
000A4F61
00030D9C
000583AA
FFF6164D
00048387
00007B8F
FFFB7327
000E8B3B
FFF49A97
FFF771D1
FFFE738B
00094F1A
FFFE0381
0005F21E
00002982
0007BEBC
000559F8
000D8ADD
000BF309
FFFD7579
FFF8128E
000D2230
FFF6B3E9
FFF81382
000DD284
FFFA24B5
00029AA4
FFF2D35C
FFF503AF
0001E0A2
00020249
FFF97C43
FFF2BDB4
00061CDE
FFFFF167
FFFCA858
000CB766
0003DEC2
00028722
000955C2
00016AF7
FFF90F40
FFF9A6FC
FFFC17D6
00037064
00012CE6
FFF90DE6
00062B66
0001F539
FFF90E4A
FFFAE0E8
FFFBBE0C
FFF4C137
FFFE6F76
00032E8F
0006B69E
FFFD4038
FFFEC5CA
FFF41485
0005FC0F
000581BF
FFFA22B3
FFFF45E3
FFF68A05
FFF150D3
FFF7DE56
FFF6A55B
FFFBA571
0007E2B7
FFFF537E
0008DA26
FFFB463F
FFF09F51
00009969
00072F63
FFF4A011
00017D09
000A73A2
00036F5D
000D05B6
FFFDD299
FFF3B711
FFFCB2A1
0007080C
FFF91D9A
00092C71
00086109
FFFE8536
000ACD58
FFFC6C9C
FFFB45E9
FFFCFB6F
FFFA4667
00026C5E
00061A00
FFF98588
00013583
00028189
0007D3F0
FFFEAF3A
00017C47
0009A1C6
00046142
FFFC4716
000652C6
FFFED877
FFFD13F8
000DF5BC
00012E8B
FFFEB845
0000D6B3
0008132A
FFFB647E
FFFCAA19
0007E7F7
FFF8D707
FFFB760D
FFFFBB43
00009934
FFFE4329
0007584F
FFF76C35
00000F78
00000FA3
0003E966
00009B51
00001206
0001EA33
0005E831
00056BC7
FFFEA893
00005E74
FFF38B68
00027724
FFF86D7F
FFFB66B0
FFFB629C
FFF7FDFC
FFFEBBE7
FFFAD74D
00059283
0006EC6D
FFF00601
FFFE23C8
FFFBC17C
FFF7A899
FFF6DA6A
FFFA868E
FFF78DD4
FFFABD49
FFFFF4D1
00065C8F
00012414
FFFF8D0D
000265CD
FFFC4596
000E0804
000795C7
000B5499
00071565
000E9506
00070C50
FFF9962A
00082706
0008D9A5
FFFDF4CD
000CF3A2
0003398B
FFF876A9
0009B877
0002EFFA
00049B7B
FFFEB8DA
FFFEFFE8
FFF4C9D5
FFF41F7B
0003B1A8
FFFFD2EB
0003C03B
FFF4B3B5
00041992
FFFF3280
FFFA38E1
FFFB88D4
FFF6A920
FFF5DDA1
00052ED7
FFF451A0
00002667
FFF8D874
FFEFC075
FFFAEA7C
FFF9646A
FFFD274E
000760CA
000806A1
000A403C
0004965D
FFFAE09D
00040823
0002B5D4
FFF36E01
FFFC4B7A
FFF28388
FFF4A7EC
FFF410DD
FFFB66C0
0002E9CF
0003AF8C
000F5FB6
FFFE17A6
0002750B
00025145
0009B04E
0001AC03
FFF7226E
000CF721
FFFB1154
0000276F
000BB2CE
000C3D35
00033BB5
00091C0E
00005476
FFF8596A
FFF4FDA6
0001EC42
00020CFE
FFF50E53
FFF4EAAD
00030CD8
FFF5D6D2
FFFDF88A
000DFDA8
FFFB3D3E
00033056
FFFFFDAE
000DE084
00040B8B
FFF789CB
00054934
000ADA53
FFFA8529
FFF9CBDD
FFF4B963
0008E002
00005944
FFF32956
FFFDD8CE
000C8520
000929C5
FFFB63FA
FFFD3ADC
000A4145
0009BA03
00074A54
00066E40
FFFC4A13
FFFA1189
FFF29C50
FFFE469F
FFF62576
FFFD1B95
FFF36CF6
0006C8CC
FFF68AC7
FFF875AF
0004D03F
FFFDD6DD
000D8356
FFFF9650
000BC7E8
00152138
000D81D8
00170D33
000BE6A0
00156C89
000D64FA
000BE21C
00089AFD
FFF7E35B
0004FD4B
00035F36
00069CF4
FFF8AEFD
0007969A
00024756
0002EED0
0008D7FD
FFFB3F37
0001DB13
FFFBAD0E
0002E58D
00079A55
FFFFBA0F
00083B70
FFFA8D5D
FFF84655
FFF88D8F
FFFDD1BB
00020BD4
000E2AFC
00073C27
000324BE
0009B3EF
000B58D2
FFFC0664
FFF80668
0001E27A
00002BD3
000BAFD3
00017119
00073CDA
FFFE9C4D
FFFB0988
FFFFE712
FFFF6124
FFF8D681
000772C3
FFF5107A
FFF50B26
00000F9E
FFFCCE8D
0000C390
00055ACC
000D34EA
0008721D
FFF55496
00005560
00027836
0003FA86
0000D758
00043103
0008E5BC
00023D77
000842CB
FFFA077A
FFFCFBA4
FFFBA93F
FFF6BE88
FFF7B8DB
FFFDA708
FFF9BCAB
FFF89EB9
0001E9DA
000184B0
0000987A
FFF5F359
000883A1
0002C0B2
000490A7
FFF89089
0004AB5E
00084C29
FFF6D3D8
000483BE
FFFD0314
FFFCFAFA
0005F9B4
000292AB
0008E82B
0008012E
FFFB5E9D
FFFA028D
000CB8ED
FFFEE51D
FFF80303
0003B84F
000915FF
00117685
0009920B
FFF5B3B8
FFFBD46D
000109FB
0004D835
0000E332
00034BD7
FFF55B72
FFFD2EA2
0007B4C3
00059F93
FFF8D8A9
FFFD88D0
FFFECC13
FFF7F231
0003CE41
000EB5F2
FFFFDC15
00007B14
FFF951F8
0002BE29
00043B0E
FFFD921A
FFFB864E
FFFF6F2B
FFFCA4A2
0007EE60
0008ED5F
0007E38C
FFF7E66A
00006C7B
0002E562
000B5E33
FFF86ACE
FFFC4C94
0009AC48
0002894A
FFF99D08
FFF79A21
FFFEF62B
FFF7861D
0003D003
FFF8F47E
FFF859A1
0005C10D
0001FFB8
FFF37A6D
FFFD39E9
FFFAC290
FFFED8D7
00020BA3
0001244D
FFF581D8
0001AD4C
FFF988AC
FFFA5C5D
000E798C
000629E7
FFFB0DE5
0001206E
00021ED3
FFFCF1E2
000235EC
FFFE709B
0003912C
FFF7B330
00054FA1
0001092B
FFFD42E4
000903D8
000474AC
00069507
0006F23D
0004D94B
0008CC91
FFF80820
000A5D5E
FFFAACD5
0009F1E5
000774EF
000893D3
00019578
FFFF62E5
000D7C05
000203CC
FFFB8B34
00067073
FFF8BB69
0000DBB4
00086B9E
0001EF0A
FFFEB369
0006602B
FFF736B2
FFF76412
FFFBEAAD
000800C3
0001AAB6
00077860
00035E80
FFF0EFAF
FFFB6B04
FFF40A7D
FFF71197
FFF63A8D
FFFBB67C
0003167C
FFFD63BB
FFFDBFE7
FFFDC6D2
FFF425A6
00005D5A
FFF995D6
FFF65A15
FFFA2708
0002F897
0003B1D6
0009C547
FFF776D5
FFFE0247
000528CD
0005C872
FFFD809B
00027310
00095F4C
0002BA73
FFFDA9CD
FFF48DA8
FFFC1C14
FFFFB1BF
00054D82
FFF5D448
FFFB33BA
0007308F
000BA778
FFFDAB06
FFF65EB8
FFFD5F7C
FFFBA93F
FFFD96A3
FFF97C8E
0005D4B7
FFFB7CDA
FFFA90C6
00083010
0009109E
00064885
FFFF53D6
00003E3F
FFFF8DE6
00070DDC
FFFA51CC
00071BE0
000143A0
0003E9D8
FFF95C60
0007E756
00075EED
0004BD55
FFFF4314
FFF7FF1C
FFF7FAEF
FFFEF5F9
0000F946
FFFAAE7C
FFF97DC4
0005A0CC
FFFB46FE
0001D04C
0000E7C9
00058332
000829A2
FFF95846
000A5A4A
00003594
FFFB575B
FFFF607C
0009A862
0007E1A1
FFFF6393
FFFB511C
FFF8E464
000159F4
FFF53A89
FFFE38FA
FFF69F76
FFFBE67D
0000FC80
00059707
FFFE5489
FFFAE96E
FFF6F6FB
000917E7
0001A8D3
FFFC0E3B
FFFAA7A4
FFFC10C0
00090B5D
FFFE9582
FFF362DD
000B5F0A
000300D3
00038729
00055BD8
00029479
00023FE3
00100474
FFFBA0DF
0006BC5F
000032CE
0008D4DD
FFF69E9F
0007B4E2
0000B60C
FFF92B89
0009C058
00043854
000027B4
FFFA763F
FFF73631
FFF3D518
FFFC755F
0000BF05
FFFAE660
FFF74AA3
FFFCA419
FFF2ED0C
0001EE70
0000A56E
FFF59F91
FFFF4CA4
FFFD16C5
FFF6EFD7
FFFD9D2A
0002C203
000616A5
FFEE32D9
FFFFC63D
00024CD4
FFFCF0BB
FFF31554
FFFD9219
0004E396
0006A147
FFFD92A6
0010BD29
0005DDD9
0001B185
FFFA72DA
FFFE57FC
0002AC19
FFFBA3CB
0004C926
000549DD
0002FE1C
00005F10
FFFC4880
FFF81DF7
FFF91EDB
FFF71A12
FFFE9965
000365E0
000A3FAA
FFFB0A56
0006590C
FFFF7A4C
FFFDD4C5
0005F94E
00019AFE
FFF787BE
000BB09C
0004E35C
00009413
0005C591
00065D31
FFF5D9AA
FFF9AE3F
FFFDBCB6
000280C1
FFFE5B4E
FFFB6A34
0009602F
FFF756F4
0000D8BD
FFF52CBC
FFFDC6D2
000286CE
00071C9E
0000E2B9
FFF830A0
000453F6
FFFF2DC1
FFF18B59
000A36EB
FFFAFD45
00061EAC
FFFF9623
00016582
FFFB688F
00085D49
00019A4C
0009A3A3
0002CACB
000310BA
FFF4F551
0005594B
00060830
0005292D
FFFF6832
0005741F
FFF6B613
FFF55F52
FFF737DA
00033371
FFFD7713
00064B5D
000A7D8F
000A1034
000AB494
FFFE5151
00059E77
000CF73B
0004CB6B
0009E3EB
00069ED2
FFF95FAB
FFF9192C
FFFAE42B
00054F9E
FFF3073E
FFFF912C
FFF39EEE
FFFD2E31
0006BE7A
FFF8AA90
FFF81E44
000B1046
00055C14
FFFD0613
000186DF
0007662D
0007B07D
000DFD50
FFF7ECBA
00058F7D
000A9E70
00088B81
FFF68A80
000D6833
0007403A
FFFE8FDC
0003E954
000082B2
FFFF925F
000313EA
FFFF97B2
FFFD700F
0001CEBF
FFFAEA42
0000ACE1
FFFE994C
000168BB
FFFAA466
00006C74
000057C2
FFFA2BF5
000101B7
FFFB932D
FFFC6BE9
00069B85
FFF39728
0006C1F9
FFFF3CCB
FFFEDA20
000111C4
FFFD72B5
FFFD1851
00043579
FFFCC2A5
0002BAAF
00072F8C
FFFECE93
0008346E
FFFC9DF8
00033FAD
000EEF63
00089DF7
0006B8B5
000DBC52
001054FD
0004D0D5
0003539F
FFFF977A
0007C981
00038976
00043693
000156BC
FFFD47E8
FFF681B7
0003AAA6
FFF84704
0001F487
FFF601F0
FFFD44D3
FFFFD523
00078FB2
00015CF8
000B73B5
FFFD5D55
FFFBEEBC
FFFD7AD8
00013538
FFFF8F61
FFFDC072
FFFD1CF9
FFFB8386
0005626C
FFFD1068
FFFFBA6F
000B4A11
0005A345
000036F4
0007A960
000B6B35
00011918
FFFB9DFB
FFFDBD9F
00052050
FFF90AEA
FFFE1EBF
000C7C47
000493E7
0009B4DF
000090A2
00074D51
00035812
0008DCB6
FFFA6568
0007E0F6
0001EE8A
0007CBBA
000F6DC0
0005F265
FFFA0309
0001D73F
00003739
000B249D
FFF84A60
FFFEB086
000BF607
0004C013
FFF63B40
FFFF1B2C
0010DE3A
000AC634
FFFE764B
00023185
FFF74AC4
00021413
FFFD7BC1
00055C0F
FFFB6CB8
0009409F
FFF9114D
0000216D
FFFAB91B
FFFE2F93
FFFF4727
0007DA27
000B9969
FFF6FD2B
0006C6FE
000172C8
00056FE2
00087B4E
FFF4505B
FFFE5AE9
FFF8FB1F
FFF06432
FFF871BE
00027CD9
0000CA8F
FFF2C3F1
FFFEFA00
FFFB9191
FFFBAB3E
000BFC7B
00065F32
000B2B60
FFFEC901
0000AF6F
0003CFFC
FFFCB9DF
00002E7B
FFF77C96
00005C2B
FFF46D62
0008B6CA
00004A9D
FFF04686
FFFF587B
FFF5D813
0003CCE5
00015D03
0005BA45
FFFE6C21
FFFD2B6D
00050FE9
00001A5E
FFF6F78B
00017FE1
00079C6E
0002804F
FFFCBDED
00068E73
0000B8D2
0008ABEA
00046535
000FE60E
FFFF3E90
FFFE1384
0003B9FC
00024539
FFFAF0AE
00026906
0000C90B
0004D46F
0002B229
000110B8
000235AC
FFFCDDB7
00021DC7
0006B769
FFF36850
00015FE8
0005FBBA
0005A752
0007301D
FFFF4977
FFFB816C
0003F0AD
0008CB84
FFF454EB
0004E30B
0004C292
FFFFBB49
000577E8
00025C86
FFFC4FBE
000146EE
FFFF94E5
FFF8BFB8
FFF9938B
FFFCC59B
FFFAB375
0003074A
00069D8E
0005B904
000550F0
000A98DE
FFFE6DC7
FFFF5840
0006E10E
0005C1D7
0006B4F7
0003030F
FFFCCA54
0003CBC4
FFFF648D
00011688
00076C1F
FFFE31F6
0000C11C
00062D8E
000658EC
0003E219
000517F3
FFFD4040
0008A8F1
0008CEA2
00040F70
FFFC6DA5
FFF83BD4
FFFC962B
FFFDC2D2
FFFD5D8F
0001EE8A
00016CA9
0002797B
00014DDD
FFFDE369
FFFD970E
FFFC8457
FFFE7CA3
000091C4
FFFD5714
FFFE00B6
FFFBCA77
0001A86E
FFFC93DA
FFFDEF7B
00067F15
0002E244
0007BC4C
FFFEE8D5
FFFD020A
0002996B
FFFDCCDC
00047F1D
00005440
00053CDB
000199D8
0001E89A
00014A2B
00033802
0002E8B9
0003850B
FFFD8522
00027B4A
FFF9810F
FFFBEAAB
FFFCAE84
FFF8A171
00025B99
FFFD51DC
FFFBA3F9
FFFAB63A
0001E131
00020408
0003A6C6
0003A201
00068633
000216BA
00030121
0004D46B
FFFEFA02
000637E6
00065704
00072AB5
FFFC1142
00045A77
0002415E
00027DD0
000332BD
00063CCF
FFFEB80F
FFFEBD65
FFFBAB40
FFFF5D90
FFFA8388
FFFC8665
FFF9C620
00047E03
FFF8A0CD
FFFF11CB
FFFEA682
00099472
00053E39
FFFF2D09
00048910
FFFE78EC
0004B4DE
000848C4
000024C5
000306C6
FFFF40C4
00045D72
FFFD9C46
FFFD284F
FFFC8D1D
FFFD742F
FFFF633F
00068AED
FFFE95FA
000274C6
FFFA8A22
FFFD2259
0002AB4D
FFFB2235
0002C926
FFFFFE08
0003EDA4
00091126
0002C27A
FFFF0CD1
00045DB1
00062D89
00062DBF
FFFD7D16
FFFD6378
00052871
00087FAF
00037D5D
00073730
FFFDFE6F
FFFD4AFB
000393D2
FFFF411A
0000C34D
0009E323
00061407
FFFFE28B
000640E8
FFFCA6F8
FFFFDCB7
FFFD7482
00080707
000426C4
0001A966
FFFD576B
0001B4F5
000589FE
FFFD8707
FFFE3367
00035DF6
00003865
FFFE36F4
00057B6A
000284FE
000A2983
00020F3F
FFFDD1C8
FFFE1512
FFFF286E
000256ED
0000B403
000165C9
00016CCC
00027B7B
00019CCA
FFF98C79
FFFA8774
000927D8
000538E0
0003B34D
000239A1
00036D71
000610B6
000334E9
FFFA0AA6
FFFB9C94
0005D6A1
FFF9EEB7
000326A4
0001C635
00076A7C
FFFC150E
FFFED0F3
0002A539
FFF849C5
FFFC88DD
0009CF09
00081E80
0008EAE0
0003B59E
FFFCB012
00041558
FFFE7FBA
00064D16
FFFBA140
0001EE69
FFF95CD6
00012BDB
0004A0E8
00048981
00041610
00034B4A
00006668
FFFF6D3E
FFFB6C9D
0001378C
0008305D
FFFBD3A7
00076F4E
0003636B
00019ADC
00051AA3
00017250
00062CE2
0000D261
00058B15
000062F7
000696FD
00014A6F
FFFF1514
000DBDCF
0002F6A5
00031EEC
FFFB19AF
0001CDD3
00065B27
FFFF1FC9
0005AA0E
FFFC529D
0003EC88
00070351
00037FC1
FFFBB18B
FFFCF26C
00030AC8
FFFB40E0
FFFFE2E9
FFFD325E
00003F20
FFF877E7
FFFC194F
FFFBC9DC
0003D3FA
FFFF74B3
0006BC8E
FFFD4EDE
00004762
000238C3
0000E082
FFF5FDC0
FFFAAD6F
FFFC80EA
0003FC9D
FFFA297F
FFFC67AF
FFFF87F6
FFFAEEFB
FFF6441E
FFF8DBA1
FFFFE8F1
FFFFFE7C
000480E7
0004F2E0
0001D066
000095C7
0000B6F0
FFFF9E15
0005A2DE
FFFE6D50
FFFB45EC
00025D5D
FFFE345D
00098C26
00016C2D
FFFA0B8D
00056CAA
FFFC31F5
000779AC
00017ACE
00004686
000035D4
000614FD
0002CE04
000678F7
0002EAD6
0003BA1C
0007F13D
000888B8
FFFD983B
0002D19B
FFFA57CE
FFFB6A19
0000F6D1
FFFF6D42
0001BBF4
00037DE8
000207F7
0004CC4E
0001E6E3
00019D6B
0004D5FA
00052AA9
000749DD
000533B7
00008DF8
FFFECDDC
FFFF36E5
000476CB
FFFB2908
FFFE5D94
FFFFB1F4
00014A0D
FFFD3C54
FFFF79A2
0001CD0D
0002CB3D
00028976
FFFE99A5
00007108
FFFFFFDD
0000FD53
0006877B
0006ED62
0000A5E1
0001C067
0001821D
0008224C
FFFB50B8
00021D37
0002DCF7
00081218
FFFE5A59
FFFD8A0A
00093104
000290F5
00081945
FFFED562
00023AA5
0001C1F3
000646AE
FFFC4182
0001E26C
0002F573
0006078B
FFFE3F40
0003E3A5
FFFF4AEA
FFFFEAA0
0002DFE0
0003661A
FFFFA962
0002EB0E
FFF9C668
0000B5B7
00048D08
00090B3F
0004F9AF
FFFB2CD7
0003DF2A
00038332
00013D5A
FFFB140A
0004ECD8
000322C4
00022F38
FFFBAC57
00011120
0001F978
0003FEE1
0006B6C0
FFFD266E
00086583
FFFC57F0
FFFFA48B
00041C00
0006F2AE
FFFCA7F6
0002F7A4
00020A18
0006BAEC
0004AD21
0006CB47
FFFED197
FFFE97D6
FFFA963F
00015868
0004616A
FFFCEAB9
00071B6D
0000E519
00012CF0
0006E763
FFF92E57
000870F7
FFFD547A
FFFEF8CC
0001DB34
0002947F
FFFF112C
FFFF0CAE
0002B72D
0003D301
FFFC7E9E
FFFD85C8
0004F314
0001014E
FFFDAC14
0001A4C7
00002CD4
FFFA0A56
FFFF8411
0003B467
FFFB5ABE
000434D9
00006341
00053EF9
00082E3B
0003101D
FFFDC6EF
FFFE06A5
FFFCFDB9
00019A31
0004295D
00031044
00011429
0002ABB9
00013FC8
0000C437
FFF919F3
FFF8C9B4
FFFEFAA5
FFFE65C8
000636B6
FFFEA409
0001BF14
FFFFC495
000488C5
FFFAC933
FFFF910F
FFFF7361
0003F071
FFFD9927
FFF68A33
FFFE1270
0002118D
00095B35
00051043
FFFE7CFC
0007243A
00064542
0002DC90
00019130
000BF780
0000017E
0002FB0E
0005B9AC
0006993B
00012BE8
FFFEE5A5
0003FF77
FFFE23A8
0003E4C1
FFFA0910
00007034
0002E953
FFFCD999
00075FC0
00028F2C
0002641C
0003BEC4
0008F878
00022CF7
00026338
000490CF
FFFC6C64
000199B3
FFF9F9E5
000148D0
FFFD6F2D
0004399E
0002A1CF
FFF92287
0004E286
FFFC4443
FFF81730
FFFF7F30
00000942
000490D4
FFFD6747
0000DBF0
FFFC27DC
0008D33C
000A04B2
000416CA
00066796
000058FC
000569A1
000A7F69
FFFE0DF0
FFFA7EDE
0002E908
00040626
0007428E
0009C1B1
00072401
FFFDF365
0008924D
00073B4F
0003F370
00006BC4
FFFE87E9
000559EB
00029879
00083DF7
FFFACC54
0002EDA8
FFFE4EA2
0002CCE4
00049582
FFFD3849
0004F1A9
0005C47E
00075A1B
0005950E
0002D3A4
00003D86
FFF61166
0000F94B
FFFA7376
FFFF63CA
00000CFF
00029057
00029449
FFFA6B2A
000676D3
FFFF6C8E
0001DE44
000D7697
00017A12
0008DC40
000B2B69
0006D78E
0008D356
FFF716A5
0003F283
FFFD1316
00071CEE
FFF779F2
FFF9DF3E
FFFC2637
FFFF1F11
FFFDCC0A
FFF8EC23
000036F8
0004A2CB
FFFECC96
00062D02
FFFD2EE0
00001F8F
00089B15
FFFC32DB
00033298
FFFC869A
0005208F
0011D789
FFFDFB3A
FFFA65CD
000D2C9F
000082A1
000060F4
000964CC
FFFC8883
000A3781
000759B4
00057864
00070F78
FFFA3584
FFF9F156
0005B332
FFF81D68
000A8E37
FFFE98B3
FFFA502A
FFFB9FE2
FFFA0D3C
000A6AB5
FFFA6FC0
000FB75E
000739E2
000371CC
00050947
FFFC6AA6
FFFFC375
FFF756DE
FFFCB9D0
0006476E
00051080
FFF6B9E6
FFF43E1C
00010467
00033417
FFFB6EBE
000198D7
FFF7679D
FFF863F5
FFFDB0F9
FFFCF441
FFFF13BE
FFFF68EC
FFFF3D7F
0001791C
000CBFCE
0002AF64
FFF745B8
FFF6A050
000259AF
FFFD7F53
0007017D
0006BFEA
00008AC8
0000C4E6
000894A3
FFF589C8
FFFBF908
000DCD46
00038304
0003FC84
0006E487
000635E4
0007F898
000914D1
FFF6629E
0001BD61
0009F24C
000A0AD6
FFF5EC6D
000791BA
FFF9DAA0
FFF54AB7
0000B908
000BDF0B
000B48F5
0000994F
0000F44F
0004C235
00059F6A
000B3A0C
00049E29
000140A8
FFFAEC42
0001B0B5
FFF2FD62
0001B4C6
FFFF9C84
FFFB8F87
00018D71
0007732D
FFFDE4FC
0007D7D3
FFFC66B8
FFFCF498
FFF354AB
000228D6
FFFFA623
FFFEC11C
FFF83347
000E0141
0001C3D8
FFFE6C9D
FFFACA7D
00020978
FFF67736
00035497
FFFE7A50
FFF339BE
000ECDBF
00074DCD
0009FEBA
00046538
FFFB1922
FFF899B8
00065DA1
0008F9F9
0002D674
FFF5EB97
FFF91B15
FFF78E9D
000B4116
FFFCDE5A
FFF9F48C
000A51A8
0001F8F5
FFFB2AEC
0008526A
00080465
0002BB42
0008ABEB
FFF6FAFC
00024600
00024C20
FFF90D6D
FFF76483
0003B0E8
000060BF
FFFF64E1
FFFFE9E6
FFFAE8BF
0004D0C6
FFFEBFE5
0004DA21
000373E3
000B0C1D
00026603
00047BCF
0007F114
FFFCC99E
00060A95
000C1E79
FFF98356
00080FA3
0002A13A
0005B3E0
FFFF2A62
FFFF6093
000D81C3
FFF9E30C
00044053
FFFD489F
FFFCDFBD
0005B34F
0007FFD9
FFFBF9C6
000A6140
00097B24
FFF69857
FFF74A26
00062C41
000A897C
FFFC9D24
FFFF3A6E
FFF67742
FFF7F48C
00016C2A
FFFFAFD9
00047CFE
000732F0
FFFC65E8
0009E327
000C7D34
FFFC7716
FFFCCBA5
0001DE9D
0001CD0F
FFFE23E0
001015AB
000999CE
0002E63F
FFFFA746
FFFBA820
00071B28
FFF99790
0004639A
FFFC071E
FFF52B53
FFF8D9F0
FFFE7DC8
000E644D
00063847
0008AB9A
0000D79E
FFFD9B30
FFF798AF
000E49E1
FFFDFF42
FFFFBE62
0001FDFC
FFF9D088
00071843
FFF57731
000096CD
FFFD5A7C
0009CBD5
FFF9FA49
FFF509EE
FFF8765D
FFF831F2
00077E99
FFFB58BF
0006BB45
000AC157
00033985
000E68B5
000544F0
000163D8
FFFFEECD
000EF40B
000A3658
FFF758BB
FFFECC59
FFFC239C
FFFD90E0
FFF866B5
FFF59772
FFFFA058
000BFBEE
000BB50F
FFFE2549
FFF7FFAE
00043943
FFFB526D
0003F7C3
000E000F
FFFC15C6
FFFF572C
FFEEC565
00073B20
0006CA1F
0000533A
000069CA
000040F2
00060985
FFFBA1A8
00067C65
0012BA2D
0002ABD7
0002A799
FFF505A1
0006DD79
FFFC688E
0005C821
0000E37D
0000A92B
0000492F
FFFD4E76
FFFFFEE9
00099C83
00047E74
00090926
00002F2D
FFF75AFC
FFFC4DDD
FFF716FE
FFF59C93
000596DB
FFF89E59
FFF4B131
000495A7
0002AEA9
00041E02
FFF5A7CB
FFF7953A
0005DDEF
000C36FC
000CF9A3
0012D0CA
FFFDBD65
FFFCBCE1
FFFF2D55
0003F602
FFFF1251
FFF5219D
0002CEFC
000FA53C
FFFFAF95
00034EB9
00010F9A
FFF58E7E
FFFF7160
FFF633EC
00019CFB
FFFD686D
0003193A
00031F33
0003C50A
FFFD149E
000844EA
0005BC51
0001290C
0003F30B
000D0FBE
0004617F
FFF386DA
0000463E
0004D14C
FFFCFB74
0002B1C9
FFF73BF0
FFFEF46E
FFFED420
000417F8
0000BF8F
000AA995
00000472
000C9D2B
00029305
0004FA36
0003EF02
00021241
00096BC2
000DBAEC
FFFC401F
00002C07
0006A5C4
FFF3DEC0
00035E21
FFF972F4
000E03D2
FFFE360A
000879A7
0004D038
000172FF
FFFFA04E
FFFEEFCA
0008499A
FFFB4E14
0002AB8E
FFF143DB
FFFBFA78
0001F2F6
FFF756BA
FFFD81A8
0007F428
0000EE26
FFFE341C
FFF40358
FFFC9153
0008ABE2
FFFD1D96
00000D92
0003C2D0
0000C056
FFF71237
00019F47
FFFDBB4C
FFFD9DE3
0003982E
00070FCF
FFF95BD6
000A2D8D
000856C7
FFFBE098
FFF758DB
FFF97193
00009266
00071193
0001F04D
000A990E
000164D4
FFFCDDC8
FFFF3F23
FFF8EEC9
0006B058
0010F556
000CD4B5
000A07BD
FFF92CFB
FFFFF4B3
FFFA9C3D
FFF1D582
FFF86319
FFFA0DA9
000DADB5
00076B3C
FFFF6E60
0004279C
0006186E
000A8157
FFF8CC1A
000777FA
0009ED87
000A0284
000AAB09
FFFCC76C
FFFE5FB3
0000B1C3
00087753
FFF94B29
FFFAE868
0009638A
FFFC57C3
FFFE066A
FFF8283A
FFFE8CB8
FFF6B863
000A636B
FFFD481A
000979E4
000CF863
FFFC3285
FFF8F054
0009429A
0001772D
000287BD
FFFF0AE2
0000B003
FFFE8FCE
0004854D
FFFEBF96
000917AA
000042A9
FFFA9A90
00019217
000B1242
FFFB95A1
000117E2
FFFCC231
00056CDC
00015C42
000AF318
FFFD0B93
FFF70886
0008019B
FFFF11B7
FFFDE05C
00017701
FFFB0569
0003D0C8
FFF5BB10
FFF5839D
00095208
0008781F
FFF88029
FFF47B8D
000A2D14
000583BE
0004473F
000F1E14
00041DF2
FFF3E6EE
0007FCA2
000D667E
FFF9291A
FFF921F0
FFFA09C0
FFFC93E8
FFF8E6AD
00001A9F
FFFB2122
000581DD
0000CF93
0005991F
FFFA7157
FFFAE1C6
FFFE5BFB
00073300
FFFB184D
FFFE808A
FFFF4274
000ABB44
0004055D
000C6DB9
FFFDD4A2
000B6C30
FFFCE122
FFF564A2
0006E2A2
FFFB9B41
0006A4A7
0007267C
FFF9AA3F
FFF93A32
FFFB2508
00078E54
0003EE80
000AE92F
00054AF3
0007E22E
FFF8F158
FFFB4330
0004E715
FFF85128
0002BA36
0009FC9F
FFFA1A11
FFF3D1B4
FFFC19A0
FFF6E98D
FFFE6434
0006A9B1
FFFD686C
0007D342
FFFB8129
000B6CAE
FFFF18D5
FFFA182B
FFFE3DB1
0009C000
000CF4C5
FFFBBC73
00061265
000053F6
00020897
000C6837
0006711B
00084F64
00061C14
00051B06
000847C9
000A821E
00084054
0002D080
FFFADB88
0007C2D0
FFF35EB8
00012028
000059F8
0003614D
0000679C
00026A0F
00020D6A
FFF8F950
FFFBA7F1
000713C2
FFFE03CE
0003FDDA
FFF94692
FFFB1079
FFFB7F25
0009BF64
0005C24B
000C22B2
000B2326
0001C318
00077756
000546A8
000350FB
FFFEBBD4
FFFDD276
00023074
000062FA
00061088
FFFECBE1
00051462
0003891F
00034B32
FFFBFEF7
FFFFC568
0001EE78
0006C8F7
0000C0A1
FFFF46DB
FFF7E2B2
FFFA650C
FFFCFB47
FFF9F63C
00002751
00031402
000350F8
FFFF684A
FFF93C72
00015D7F
FFFCEA75
0001B4BF
FFFE6E3B
00096D6C
FFF99C61
FFFCA543
0005FCBE
FFFCDDF3
FFFC9CA1
0002408F
FFFEF337
FFFC3C22
00012D4A
00021523
FFFD242A
0002720F
00007F6F
FFFF66A6
0001C4FB
0000165F
FFFAEAF1
00006915
00043E74
FFFB5353
00008485
00048A38
FFFE38C4
0003F9C6
00091A72
000936D8
000C24DF
0007414B
0002A942
000FFE7F
00040CF2
00060703
0002EE80
0003FBF4
000ACC82
000B86B2
FFFE1572
FFFD6BE2
000AD6B5
FFFF9696
00043169
FFFDBBE5
FFFB4EDC
000349CA
00019980
FFFF7B89
00011D9A
000A9140
FFFDC141
0008E597
0002D354
FFFB93B5
FFF7CDCE
FFF9C41C
FFFCF278
FFFE5479
FFFAC10A
FFFF9BA1
0005061F
FFFA43CD
000140C1
FFFBD552
FFFF59F9
0001B352
FFFB526D
FFF2D504
000293AB
0005CC21
00008225
FFF49F08
FFFA482D
FFFAF5C7
FFFEFF5C
0000EB49
00012C6A
FFF88B61
000348F9
00045654
00066BA1
FFFBFABB
00040824
000A597F
000E8FC3
00027BB2
000A5864
FFFC7013
00006222
00057B84
00052FAF
0002D2A3
00075974
00051C03
FFFD0F08
00094479
000D7B50
000345B0
00013C7E
FFF9A9E1
0001D7BD
00067C53
FFFC8E20
00039897
FFFA7774
0007D439
FFFA489D
0003738E
0002D135
FFFF5C80
FFF46B66
FFF42651
00024739
FFFAC08C
FFFB5B72
FFFCCDCF
FFFB16DE
FFFB126F
0002EA13
FFFA7EF8
0000CA55
0004E98E
00008115
FFFCB81D
FFFD042B
FFFFC1BD
00023352
0000C0B4
FFFFF407
FFFCB438
FFFD3029
FFFEB3F0
FFF94C44
00034E0E
0008876E
00001A94
0009DE06
0003C525
000A798C
00000E37
000000BE
FFFF353F
0000D14F
FFFE0C76
0008D199
000413B7
FFFFE998
FFFD021D
00033C87
00016A1F
0006AED9
0002AA26
FFFD5804
0007D1B4
0006A22A
000BB163
000A81E4
000B19D4
FFFCBAE8
FFFF426F
0004BB45
FFFA7E46
FFFFFB88
00043B74
0005EA1A
FFF82BA6
0005565F
FFF972EE
FFFB5C07
0005ABE8
FFFC2F70
FFFD7E74
FFF9B910
FFFFA869
FFFC8DBD
00023751
0000A57A
FFF9B1B5
0002FBA3
0007E3AC
00075386
FFFFA35E
00072572
0002D7B6
FFFB1FA9
0001AFFA
000998F5
00085353
0005C71A
0007C124
FFFD6AB4
FFFF838C
0000DB58
0003E281
000DBCF5
0006CB39
000CBC0F
FFFB1EDD
00097FD1
000810C2
FFF8AFB7
0005812B
FFFCAB70
FFFB969F
FFFAFA4E
000BE9BB
00056CDE
00021561
0007409A
00063136
FFFD7743
0000A357
FFFE6982
000618E7
000350DD
00054D2E
00071827
0002E322
FFFEBCAB
00097227
000DB494
0008F7B5
000DFA1A
0009B02B
00088755
0003A37F
0007A1F2
0004D885
0000C423
000388FE
000B29A1
00093A05
0000C7D7
FFFA587C
0005805F
00051A28
00003C98
0005AE4C
000001BC
FFFCAD09
FFFE98C0
FFFD57B1
FFFC59A9
00028055
0000CC59
000B59CB
000A5797
0009AA00
0007AC5D
FFFFB0C8
000B1BF1
FFFEC648
0002B818
FFFC0097
000223A6
00005948
00054666
0008DBF3
0003FB83
00095D6F
000512BA
00093653
0006056C
FFFF24B2
000057C1
FFFFB70B
0008BE6C
FFFC629A
00012F09
FFFA22CE
00013F27
FFFE847C
000A998B
00000FAA
000ABD3B
FFFA1D26
FFFCFC4E
FFF8D335
FFFE5C5C
FFFEA1F4
FFF9A608
0000CB11
00034A7C
FFFFA1FA
FFFE2052
FFFBB5AC
FFFA1082
000AFF18
000B00F8
FFFC42A3
0003EBAA
000972AD
0004E2EA
0003BA92
00031BCC
0002E090
0008A118
FFFE9713
FFF80F84
000947A3
0003C64A
FFFC1C78
00060A1F
0005427A
FFFC7957
FFFB938D
000078BE
FFF5EC30
FFF95C9B
0001679C
000A0B00
FFFA390A
00048C3D
0008410C
FFFDC172
FFF6E242
00036D03
0004E4A0
FFF5DC45
FFFDE01E
FFFAA3CD
FFFABE2C
FFF5DB97
00027391
0000F1ED
0008145E
FFFE8DBB
FFF916B3
0004004B
FFFC04D6
FFF37AF4
FFF1CD2D
00057361
FFFDF0A2
FFFF67A6
FFF74624
FFFAF8A1
00051E96
FFFC591A
FFFC3636
00022103
FFFC8E68
FFF73A06
FFFAC3B2
FFF98E13
FFFC267B
0000C7BD
000302A3
FFFD151E
FFF65BE5
FFFC5AAB
FFFC35EA
0009232F
0002F452
00075252
FFFD74DE
00009F26
FFF74415
00085CCD
FFF90726
FFF6CDDA
00008FD7
FFFEC0B3
FFF8B0C2
FFF6D1C6
00011062
FFFDF744
000206CD
FFFDC3A3
FFFE0146
FFFD7A5D
FFFFAAD4
00035681
0004D570
0004C57D
FFFBCF15
FFFFFF12
FFF92BD3
FFF7B865
FFFC717D
FFFDC254
00026EB6
FFFF0DAF
0003DF80
FFF85C4B
FFFBD7DA
FFFF1E7B
FFFE18C3
00007AC3
0001CE5A
000729CB
00044897
FFFC6B7E
FFFD4938
0005C05B
00041CC8
0003F43C
FFF9A36C
0002FFE9
FFFEF95D
00003B92
FFFB3109
FFFAE853
FFFF4586
FFF73A2E
0000D1EB
FFFB88DA
00057A79
FFF870C9
FFF782D7
0004A803
FFF70DE7
FFF9D945
0008F069
00026146
000A8887
FFFD3874
000627DB
00003EC7
000500F2
0004421C
FFFAEE92
FFF64680
FFF9FFE6
FFFCAF28
FFFA8F51
0000E441
FFFEAE5B
0000A994
FFF45629
FFF61C58
FFFC6C04
FFF9DF7A
FFF906C0
0003AC80
0001E242
FFFB05ED
00000121
00038EB1
000507F4
00108644
00024CAC
0003957C
0004EB83
0002D6BE
000164BB
00056F61
000A6775
FFFE71D6
FFFBC310
FFFC44FC
0008BA94
0007EEE1
FFFAB79B
000146A8
00064B0E
00064933
00065A0E
0006E551
00028CB6
FFFB1AED
0004EE95
0005E550
00027234
00051E53
FFFCC79D
FFFDD546
FFFF7775
FFF4DD65
FFF6DA4D
00059F7D
FFFDA2C3
FFFEE4EB
0000A7A8
00009404
FFF971D1
FFFF51FE
FFFB0700
0004A9F3
FFF7EBCA
0004E3CE
00017C61
0001F78D
FFFD2CB5
FFFBA863
FFFAC960
00047775
0002619F
FFFCAC86
00055F52
FFFA75D8
00018518
000802F7
0000DB60
0006021F
FFF8D747
FFFF8331
0007F0E5
000AF485
00095480
FFFC959C
FFFCF955
00048161
00051D2B
00039B57
FFFEAEA1
000000A3
FFFECCD8
FFFEABFA
FFF9E1BE
00028711
00086A9C
0004F5A2
000843FF
FFFBCEB2
FFFCB136
0009CAE1
0001D6A7
00028A52
0003C697
0002FC1E
FFFE9B5B
FFF94DDE
00006E06
000ABDC6
0000A2DA
0002771B
FFF82C1A
FFFD34AC
FFFE29CD
00019955
FFFE54D2
00000D78
0001C541
FFFC64B5
0001A94C
0004023E
0000E14D
FFFE0555
FFFCAF91
FFFC6AC1
FFFC24B8
FFF55B86
FFFDEE7C
FFFBB540
FFF9E8D8
FFF9314E
FFFE0DBB
FFFCFCFC
FFFB3096
00009139
FFFD2964
0000756C
FFFD2A17
FFF86721
FFFD2BDD
FFFEB7A3
0000038F
FFFE6970
FFFD859E
0005BFF4
FFFE1C40
00059A86
000176BD
0004C83B
000632C6
0006F694
0007A69E
FFFD3B08
000067DC
000307F0
FFFDD233
FFFD29CE
FFFE0930
FFFFE52B
FFFAE0B8
FFF9E54B
FFFFCB63
FFFF6291
FFFF4DFF
0004F399
000018DB
00001ECA
FFFFAC67
000561FE
FFFDA30B
FFFFA2D9
FFFB24C0
00062ABB
0001EBD4
FFFFF993
000077E2
0008868E
FFFBA4EB
FFFCE4A9
FFFD8771
FFFAFC42
FFFAC2E5
00023246
FFFC450F
00042CD8
00041588
FFFD7CBA
FFFD1007
FFFA54E0
00004688
00021921
00057C03
0001292C
FFFA6D48
00022259
FFF8B6CB
000152A5
FFF7C7D5
0000A73D
FFFB36F4
0000C72A
FFFD41F6
FFFAD1B5
FFF8782D
0000E40C
FFF98B9E
0004E6AD
FFFAF78F
0004C4E2
00045391
FFFDCDAF
FFFE8106
000542BA
FFFCA259
00023B34
0003D34D
0003134C
00023F89
00047D36
00011559
FFFD62C8
FFFE4062
FFFC81F5
FFFC4296
00001318
FFFE0455
FFFC89E4
FFF96223
0002F142
FFFA09CC
FFFF94CA
0000D937
FFFD2455
0004F5C3
00024FFC
0003B6DF
0002C899
FFFBAC7A
0000C419
00047CBD
FFFBB3BB
FFF7BE1C
000077A1
FFF74935
FFFD2540
0001D470
FFFB81F1
00005178
FFFFC2AE
FFFC7F0E
0000C914
FFF9DA4C
00001BCF
000265BA
FFFF8B5F
FFF9427A
FFF9D4DE
0001EC91
FFFC0614
FFFD73E7
000438C8
FFFB922F
FFFCB438
FFFA4DD2
0000BCE6
FFFDF1E2
0000A6C1
FFFA312F
0005BFAF
0005D10A
0002A3CD
FFFEB07E
000340D7
FFFC524E
00022257
0001A97A
FFFA67C1
FFFCC30A
FFFCB425
FFF79458
FFFA6E15
FFFF9FAE
FFF83CD9
FFFBDD56
FFFC6D8B
FFFB63A6
00027821
00078D64
0003D9F3
FFF9C081
FFFDF895
FFFAC35E
000041E3
FFFD44B3
00001246
FFFCC46C
00046305
00030B6B
00026690
FFFAE91B
FFFEF278
00004263
000336B0
FFFA3B04
FFFF768C
00015A56
00060D52
FFFD157F
FFFCF86B
000394E2
FFFCBBE4
FFFE89AC
0003C5B3
FFFF88DD
FFFB4465
00033D9A
FFFE9112
00026AB2
FFFCEFC1
0001378F
FFFBC672
FFF9F8BF
00033240
FFFA3994
FFFC24E7
FFF850AF
00006A72
FFFACB16
FFFA18E8
00028A40
000143AC
0001FA91
FFFB1A02
FFF7F818
FFF91753
0001D880
FFFD8767
FFFBEE9C
FFF969B2
FFFFAF88
000489B0
0002F9A1
FFFC4DD4
FFFE5482
FFFEA4CD
FFFA0398
FFFDA5A5
FFFB1A01
0000BABF
000030A3
0002AD81
FFFEBD25
FFF6B425
FFF9AE88
00001356
FFFBA20D
FFFD554C
FFF8BCEB
FFFF0E2D
FFFCFDA5
FFFD6738
FFFD4E2B
0000E219
FFF61A4F
FFFCB5E3
00011DCE
FFFE34F5
FFFCE27F
FFFF428D
FFFFB172
000085E2
00065E65
FFFEB111
FFFB84CE
FFFC1793
FFFB5FE9
FFFD6A54
0002D8EA
000047E6
0001DF54
FFFFB8B4
FFFF3E5E
000512A7
FFFEB8C6
FFFFFF49
FFFCB2FB
FFFEC19F
FFFB21D2
0001304F
00046604
FFFE8A3D
FFFC9F58
FFFA9346
FFFDA2B3
FFFEB29F
0002F585
FFFA49FA
00000BA8
FFF82A1A
FFFA9D62
00003CB2
0001899F
000074F2
FFFED722
0000DCA1
0005581B
0005EE7B
FFFBF439
FFFBAD24
000408E1
00084D64
FFFBE222
00009C86
FFFEFD2A
FFFAD5C2
FFFD48B6
00030779
FFFC1411
FFFBFF75
FFFECDD2
FFFCB77D
FFFDFFF4
FFFE1E32
FFFD1790
FFFA0C81
FFFD247B
FFF89886
0000EE91
FFFF42F2
00000101
FFFBC34A
FFFD0B93
FFFF909A
FFFC16D4
FFFF3083
FFF813E2
00036EAC
FFFF681E
0004661F
000223CA
000338E2
000461D8
000052EB
FFFDFEC4
0000708B
FFFC1590
00052522
0002E1B0
FFFCF32B
0001D84A
000194C8
FFFCBB9F
FFFDFC79
FFF9D066
FFFB93C7
FFF8D963
FFFBB166
FFFCBE9D
00024E07
FFFFEF4A
FFFBBD13
000326F2
FFFAA9AF
FFFC6B77
FFF9EE0A
FFFBAA00
00008ABC
00025A8A
FFFF5171
FFF8BD73
00006A2C
FFFEA961
FFFE74C9
0003483B
00071F90
0000A1B1
000416DA
0004DA71
00046E18
00003BB2
00035925
0005511F
0003D228
FFFCD802
FFFB3AB6
00024747
FFFBD584
00039125
FFFD7E5D
0002F36B
000251E7
0001B931
FFF9E6DA
FFF63264
FFFA7B94
FFFFFDA4
FFFAF5EB
FFFE4E23
FFF7BBFE
FFF78DAC
FFFB57C7
FFFA9608
FFFB1B7E
FFFF49B9
00019958
00034AD0
FFFF249D
0000E184
FFFB19A1
FFFAAC30
FFFEA246
FFF8F838
FFFA3F87
FFFE41FF
FFFC55F5
00026E0E
FFFD2A0A
FFFC5A55
FFFE73B3
FFFEAA84
FFFAD3C6
FFFF7DD5
FFFAE0D8
FFFAEBCA
FFF771EC
FFF9A38E
00019E5B
FFF7888C
FFFA6CB3
FFFDF11B
0001909E
FFFBA4CB
00001032
00020545
FFFDB496
FFFD06F9
FFFB27DB
FFFF78A7
00006F6B
FFFD4F85
00002D55
FFFCCB5B
00024348
00006011
FFFF4F52
000262C5
FFFF4E0E
FFFB8E98
FFFBAB3B
FFFE3FFF
00057549
00056811
FFFBC046
0002460F
FFFFECBB
FFFCB0E9
FFFF6A57
00022C5D
000066B8
0002ED1E
FFFE667E
00036C2E
00025F7A
FFFF248D
FFFAC491
FFFC20A7
FFFDEB01
00047EA7
00036D1F
FFFF50B6
FFFD5DE9
FFFCCBDD
00001F12
0004B2FE
00034008
FFFDC73B
0001F168
0001A77B
0000BE5D
0003FEDC
0006C67B
00024AFF
FFF5A519
FFF83721
0002E433
FFF84BCB
FFFAEC0C
FFFCF950
FFFEA83E
00025A13
FFFDFEB9
00038F0D
00010019
FFFB857C
00079570
00017264
0002595B
0002683C
FFFF43B4
FFFF83F7
FFF62DFE
FFF4C3FA
FFFEDE03
FFF7DC62
FFFAD593
FFFDC7A2
FFF89F11
0000136F
FFF813FA
FFFB8F0D
00013700
FFFC38DB
FFFD2CE8
FFF9BBE9
FFFF42A4
FFF8605E
FFF7EB82
FFFF0AE1
FFF60241
FFFAD241
FFFC2B81
FFF9B1E2
FFF904AB
FFF9F150
FFF5726F
FFFB063E
FFF5788A
0002B80D
0000F3C6
000011F8
00032434
00023BE7
FFFC8A58
FFFE1607
FFFC45DA
00056C12
FFFE87AA
FFFF5E36
FFFF1C15
000145F2
FFFF8A49
00058244
000399FD
00010F57
FFFD5168
FFFBD37B
00016153
0003B76A
0002A395
FFFC7406
0004ABBB
FFFA6579
0000451D
FFFFDD3F
FFFE7AAC
000792EB
0005ADC9
FFF81297
FFFE3CB4
FFFC930A
FFFC9DD3
00042AFF
00001A1A
FFF8AC2C
FFFB0434
FFFCD596
FFFABBAA
00048F70
FFF91055
FFF9CB69
FFFAAD32
0002D50F
FFFC8203
FFFF1813
00003512
FFFD9091
FFFB2A3A
00002150
FFFF0E7D
FFFF84EA
0000D771
FFF9431B
FFFAE284
FFF7FAA1
00039A89
0002D0CD
0002E7B0
FFFC5EFA
00005FE1
FFFBFC66
FFFDC34A
FFFCA11B
00085C50
FFF7B96F
00015890
000FB3B6
000502A4
000937BD
000AD9E2
0012EDF0
FFF4FBD3
FFF155F4
0005169A
00052B54
FFE3CDE3
FFF461DC
FFFEFB9C
FFF39880
000F2C7E
FFF995EB
00091ECF
000995A3
001665D1
FFDCF0DC
FFF719F1
0002610E
FFE4DD65
0004FF20
001272B3
FFF99B1F
00032776
0002116F
FFF4D6F4
FFF28B9B
FFF5F00E
FFF7261A
000480E4
00009B48
FFFE9CF4
000D806F
00069A3C
FFF8CFAA
FFF9997F
000096C8
FFFFC8FB
00100028
FFF8108C
000822A2
000F78C4
FFFFD6F3
00018482
0003FC5E
FFFD0472
000B2629
000075F7
00006C9A
FFF4CCA9
FFF9CA92
000B19B3
FFFC7752
FFFBE9D0
00096FB8
FFEF7892
FFF809C1
00084563
00000CE7
FFF6E7AD
0004F6F2
000521E8
0000BA31
000E22A4
FFF140D2
000A49E2
FFF49BC1
FFF21C39
00127B08
00008A1A
FFEFD99A
FFF6CA87
00048E3F
FFF8C3DF
FFFAB6E8
0007B9D3
FFEED0CB
FFF80CED
FFFEB179
FFFC4005
0007C105
0005EDCB
00088979
FFF4C954
0003952A
FFF8B028
0005A437
00070A61
FFF4622A
FFF98E0A
000789D2
FFFE6E7D
00054C22
0003E79A
FFFE3C7D
00060D36
FFFABC1C
FFF7C69F
FFF5052F
0004D65C
000702ED
FFF8BDC7
0001C1A5
FFFC3882
FFFF9EFE
00021ED3
00029D41
0004D199
00070C1A
FFF53349
0014EE39
00024A29
FFFFB6CF
000AEEAD
FFF6EAF2
000116F5
000D21C7
FFF3D60A
FFF8799A
FFFE690D
0003C2F7
000DB81B
FFFD3F54
FFF2FF05
FFF81741
FFF08A33
FFFCE16B
FFFF2613
0001436E
00055039
0003BD98
FFF2F8C8
001178D3
FFEF712A
FFF29A77
00121637
FFEBB9F2
FFF9FB78
00075582
FFF5F871
FFF5176C
FFF9F56B
000088CF
FFF32EF8
00116D47
FFF684DB
FFF82B07
FFFDF3D5
FFF9C192
FFFED246
00053159
0005DC02
FFF0C445
000287D5
FFF2080C
000D4227
FFFE551F
0007DACB
000924FF
0006E1F0
FFF52F0B
000F2AEC
FFFB313A
FFF47F78
FFFCEC2C
FFED6B57
FFFEB5A6
00067DF3
FFEFCE66
00085053
FFF918B9
FFF7C32A
00077279
FFF477EF
0002162F
FFFE7A9E
00020D9D
0001F32E
000531A6
0001B6A5
00050534
0009038D
0001056F
FFFCAA13
000E979E
FFFC568D
FFFA5784
FFF41B81
00079FAE
0009F91B
0003C063
000BA5C8
0000B039
FFFD3652
0002D3D6
FFFC28C1
FFE85F8E
FFFF4F73
000C84EB
FFF11220
00103B46
FFFF7C12
0002A6ED
000B0D3A
FFFAB76D
000C1B63
000E18AD
0003CC21
000B671B
0004773A
FFF0EABF
FFFD4625
000FD1BF
FFF95234
FFFA9ED4
000BE36A
FFEFD978
FFF600C0
FFFAA869
FFF653F7
FFF9D029
FFFCB72E
FFFB326B
FFFAD1F2
00055B36
FFF0B0EE
FFFF0D8E
000A9C39
FFFC3EAD
FFF1D291
00094050
FFF765E8
0004D385
0003D195
0005DAD4
FFF2896E
0001A3CF
FFFEA00D
FFFA57AA
000AED76
FFFCA6B5
000A8850
0006202E
FFFB9067
00049524
FFFB5723
FFF2ED3B
FFF042F6
0009066F
00054686
FFF4934D
0007A654
FFFA814E
FFF7ED41
00081633
FFFF9574
FFFAFB09
FFF2549F
FFF8AF74
FFEEBF55
FFFED1D4
0000DA06
000715D9
FFFCDB99
00037E8C
FFEEE38B
0006B454
FFFF91BA
FFF32B51
FFFADAF3
000A30D6
FFFCDC36
00038EA7
0008D8D2
FFF5EC51
FFFF4E95
FFF987B6
FFFB03C5
FFF7381A
00011F40
0003552F
FFF1A92E
00053514
FFFDBC7E
FFFD6CE0
FFFFC3A1
FFF44300
00070BD3
00022578
FFFE7D18
FFF47913
00044E69
FFFBE0DD
FFFC5AF7
FFFEFF46
00028CEC
000911E0
FFF78317
0009E9C0
FFF8DA17
00085942
FFFC5752
FFFA6883
00004E0E
FFFB583F
0005AB43
FFFAFB4F
FFFF9F2C
00079635
FFF259B3
00052B29
FFFEC188
0000C175
FFF45921
FFEF76B0
0003B7F2
0001F8BD
FFFEB113
FFEE519F
0001FFEF
0002C1DD
FFEE84ED
00065021
000E984B
00057582
FFF83D4F
0011D89F
FFFEFBBD
00014434
0002F73D
0007102B
000E9E73
00056AE1
FFFD545A
000BF305
FFF91885
FFFEC246
FFF11488
00036327
000279A5
FFF80078
FFF31F43
FFFA7C11
FFF17B7C
00013717
FFFC9456
FFFD2B1F
000F172F
FFFE5BAB
00090533
0009DFF2
FFFF5DC3
FFF68097
00068E1F
00015C03
FFF4D337
000BEE05
000279B4
00006571
0005A311
00014D08
FFF0F17F
00057822
00070F8F
00062B95
FFF6D604
FFFDFCBE
FFF8F3CF
0004B392
FFFD2575
0005BD6B
0011A209
000123DB
00073308
00136B4B
FFFC7E9B
FFF39982
000DF1FC
0001B527
000126C2
FFFE1FA3
FFF71A1D
00085BDB
000030ED
000729DE
FFFBF081
0005560B
00023DFA
FFF55993
000216D0
FFE9AA93
000E94C1
0011C543
FFF23161
000B6BED
0009C08B
FFFEEADE
000A976C
FFF83545
FFF5A91C
000E864E
FFFE0D7D
FFF1AC17
FFF2A3EC
0005056E
FFF58228
FFF8D7E2
0005556C
FFFC230D
00085FE0
FFF858C0
0007654E
FFF13864
FFF54B71
FFFA89FF
FFF453ED
FFFDDF75
000CFE40
FFF94563
0002C7B4
FFFF9DEB
0000C0C5
FFF58EE7
FFF877B7
FFF7AB73
000227E7
0003BA1A
000FD73D
FFFCE4CB
FFECFEBF
0007A91E
FFF7CFF9
FFECCEBA
FFF4D4C7
00049C9F
000C5C07
FFEA8222
FFF18565
00034083
FFEE466C
000AD4D1
0006FC90
FFF99EB5
00050258
FFFEF032
FFFE60C6
FFFDD60D
000624F0
FFFD0C9A
FFFE7FE3
FFFD2125
FFF3BA7A
000D67A4
0002C407
00066082
0003A29A
FFF80859
0004E548
000EF9C8
00011D6C
0002A1E3
0009513F
FFFCD97A
FFFC01B0
FFFA9C79
000303A4
0004EBB5
00042CD2
FFF2452C
001155C3
FFF95C1A
FFF593D2
00093C3A
0009D8E0
000189A0
FFFE6C0D
FFFABADB
000AE0D2
FFFE161E
FFF1DE2A
FFF04DA0
0004C9EA
FFFD5E47
000B0106
FFF3AE7E
FFF99921
FFED0C5A
0002F2E1
0006393E
FFF58AC6
FFF78446
0006D41C
FFF64C00
00001AD7
0005ADBD
FFFD0D4A
FFF017BF
FFFF1791
FFEE0151
FFF67BB4
00063120
FFEA93C9
000BA65E
00065441
FFF1A8AD
00036EC7
FFF7E5BA
00002C18
00025E66
000A0AEC
0004AFCD
00031D3D
FFFE792C
FFEFB992
00012B54
00174055
0001960E
FFFECA65
0003C734
00069FC1
FFF16415
00042A03
FFFA239A
FFF5696D
000575B3
000769E0
FFFC78F3
FFFA1AEF
FFFDE236
000B0EA4
000A47A8
000BC85A
FFFEBC23
0007375B
0003D2E5
0004778F
00084752
FFFD71A5
000865B8
00054E9A
0008553A
FFFB2CE2
FFF5E942
00110E50
000CCEAD
FFF96FF3
000BBBCD
0008A3BB
FFFAF411
000EBD09
0019332A
0004BEB9
0001F084
00070B8F
000834EB
0003639F
00010E6A
00068E95
FFF58BE5
000A20BF
000A8520
FFF301C7
FFF68A6C
FFF21A10
FFF3779A
FFF07F27
FFF6EC8F
000803FB
FFF4061A
FFF69D82
FFFE0505
FFFEF665
0000F7C3
00013743
0009FADC
FFFC5E57
00052067
FFFD17E3
0008775C
FFFFF751
00010F98
FFFC4CB1
0003F0B4
00024EB6
FFF5FD4A
FFF973D3
0000E04A
FFFF4FE6
0005EC9B
00031232
000AF2B7
000E2283
FFFF0583
000D79D0
FFFC14E3
FFFE704B
FFF8F557
0009249C
FFF73035
000286A3
FFFA38EA
00073B84
FFF9C13B
0006E303
FFF7B7D6
0007D735
0006B559
0000F529
00114CF2
00086D9A
0004BE90
00073A91
00042CD8
000C5F8F
FFF4A086
000499C2
FFFCD811
00049C99
FFF83C20
FFFD244E
000440E4
FFF7A0BC
FFFBBA1C
0009A12A
FFFE7AB8
00030326
0004C70A
0007D5B9
000098D1
000903E0
000B4EBF
0001F707
0000E475
FFFFEA7A
FFFBBD56
FFF82F7D
FFFF6E38
FFF27357
0003B2CD
FFFF286D
FFFD8B97
FFFE5370
FFF9DCA2
00024CA7
FFFFE531
FFF9B222
FFFF7D59
0002A591
0001A616
FFFECD6C
FFFFD4DD
FFFF8FAA
00065E49
FFFEEF00
00018518
00023424
000BDFCE
000375CE
0006D308
0003E93D
FFFD9498
000583C1
FFFCCBFD
FFFE3E46
000222FF
0006184C
0007F856
00043211
000D271A
000597B1
FFFF84F9
000A6D39
000469D9
000BED43
0007D408
001071C6
0008E9C1
FFF676CC
FFFF605A
FFFA59BD
FFF4D6D1
FFF524AA
FFFB75F2
FFFBBCD0
0001FC22
FFF8C00C
00067936
0002F40A
FFFF8F31
00081835
000D51D3
000DAD53
000A06E8
FFFE3F92
000D14E2
0004B97B
0009A86A
0005CD08
FFFCD43C
00069ACB
FFFDF982
0008B15D
FFFC7E48
00097835
FFF83152
FFFA5034
000438E0
FFFEDED6
FFFE14ED
FFF5A5FA
0007EB4E
000715E9
00060747
0004A853
00059130
00066447
FFFDD90C
FFF660EE
FFFA4C5B
FFFC5A71
00052F37
000515C6
FFFE5FC3
000B752F
FFFDB39D
FFFC839B
0008930D
00087A05
00117AF0
0010F0A0
00114497
FFF8ABDD
0000E429
FFFEC9DD
0002D8AF
000279BA
FFFBEACE
00093A6F
0004C1A6
0008479D
00086A00
FFFDEB69
00056C2C
00024CAA
FFF3BD5C
00054A45
000BAB08
000273A4
0002D3FC
00022CB7
FFFED8D8
00016930
FFFD158E
FFF5C5ED
000286F2
000518BC
0001F5DF
FFFFC9F0
FFF9EE53
00069FD8
00091E3B
0003736C
000A95EA
0004B22B
00007C77
000A80EE
0007EF3B
00011470
FFFB617A
FFFF22E0
00050B43
0010B819
FFFE6899
FFFBEED4
0008C0DB
FFFF30A1
FFFE202C
FFFFC19F
FFFFC401
000486C3
FFFD3543
FFF831E7
FFFCED64
0003C4D3
FFFD7C0C
FFFACA34
000A9319
FFFC6C28
00081D8C
0004F70D
FFFB2DB7
FFF792DC
0000E110
FFFCDFC6
FFFA176D
0003F5FB
FFFB5AB6
FFF7490B
0001BABC
FFF9A302
0004EA5D
00042244
0002D326
FFFD31A3
00097596
00061FD4
FFFDE565
FFF72788
FFFC7872
FFFAC18D
000C756D
FFF6CECF
FFF9F55F
FFF6CA78
FFF11E4A
FFF6B03B
FFFE064D
FFF76497
000069AA
FFF56937
FFF5FFEB
FFF504BE
FFF9AFC4
FFF70CDB
FFFEB49E
000824D2
FFFBAFD3
FFFC2187
000933D0
000C18DD
000748A2
00038136
00050F84
000BCB54
FFFC74EC
00002263
00087074
0008CE24
0002A667
00049BBF
FFFAFDA5
FFFDAB3C
0006A596
FFF4A1E5
FFF700A6
00001402
00071CDD
FFFB69BE
0003696B
00012501
00012BF9
FFFF7C6C
FFFEA176
FFFF3BDA
0006F55C
FFFD590C
0006C50B
0006AA6E
FFEE66CC
FFFEB1F1
0006BF5A
0005594A
FFFE4C43
000041C0
000359B9
00053184
00057E9F
000649C5
000006D0
FFFAA57C
FFFB44A4
000350ED
0005E536
FFFD175E
0004D46A
FFFC535F
FFFF15B3
FFFA9A45
0001DD5D
FFF6EF64
FFF58A2C
FFFCBA4E
000880B1
FFF5B51B
0001F870
00032F96
000E1BDF
0008CBC0
00022E3F
FFFF3B8E
FFFFF948
00030549
000842E0
0005DC21
00039340
FFFAC8AE
000D6023
FFFC87C0
FFFAF518
FFFD7194
00055F63
00074069
0000D1A9
FFFF494C
FFF2D220
FFF7FFF7
FFF7D5BB
FFFF7644
0008073C
0005C182
0009BFE0
00082AB8
000271B4
00004FEC
000BED71
000BA731
0002EC8C
0006023F
0009B311
000689DE
FFFE1906
000A2BAF
FFFB7FF6
FFFE0067
FFFBB6E0
0005F051
FFFDB6D6
00004450
0003806D
FFFC6FB2
FFF6D7AB
FFFC1F8F
00035911
FFFAEC3A
FFFE7B10
FFF9480B
FFFEC3B5
0001E707
FFFBD20E
FFFE2A10
00067EA6
FFFBB1AD
0000CD74
0003E9EC
0000D776
0000EBAD
00004FC4
FFFFCE07
000658FF
FFFA1875
FFF6915C
00010732
000E1177
00035262
0001D8D3
FFFDD64C
00031DF1
FFF23642
FFF81925
FFFDD955
00013A2C
FFFC79D9
FFFC8CE0
0006C6E4
FFF80EC4
FFFAC123
FFFF62FD
0003CD03
0008D865
00090C67
FFFCCEBE
00008C3F
00047BFC
FFFEE7CC
0003427E
0001118A
00062877
FFFD599E
000336FA
0009324B
0009C521
0008FEE1
000A6D0B
0008618E
FFF747A9
00034597
FFF9E4A1
000408A9
FFF7138F
FFFF4626
FFFE0FB9
0002ECCB
00086B62
FFFAE993
0005F77F
000C3BED
FFFE7D11
0008DA56
FFFF8A5F
00038170
FFF8091F
000797BB
000675EA
0003CDB6
FFFEFF06
000544C3
FFF77680
FFFC899D
00032613
0001CA2B
00051964
0003A434
00067DC8
0008D392
00007499
00079A2C
0008812A
FFFAE95C
0003AED4
00093CCD
000039AC
0002227E
0009235B
0004B334
FFFF5FDE
0004E4BF
00081057
FFFFFE6B
FFF95B07
000DDCB7
000D9CC8
FFFC568F
0003610E
FFF935C4
00055CF2
000A6CA4
00030C65
FFFCFB6E
FFF60575
FFFDC2A5
FFF819D6
000016C4
FFFA16BC
FFF61114
FFFB2418
FFFFDB6C
0009364E
FFFED6BA
FFF9AA44
FFFCC4FE
0002C7E8
FFFBF881
00062985
00095B24
0005FBCC
FFFFAC64
FFF752C2
FFFDB8AB
00054C38
FFFE82D2
00027E1C
FFFF4906
FFFD6C60
0009454B
0005CC38
0008DB83
FFFF0F62
FFFBCB1D
0008D135
0003DB9A
000B742B
000A4DE1
FFFA4041
00095980
00013E3B
0000522B
000721F7
00057E30
00025AC8
FFFA740B
0006C8CF
00034BFD
000243D3
0000183A
FFF99570
0000C49E
00069749
FFFF2480
FFFD2EB0
00009D85
00071DBC
FFFECB9E
0002C06F
FFF9FA30
0000D3F2
FFFB7B56
0003AC15
00030BA3
FFFB668F
00018E6C
FFF78A04
FFF42286
FFF91E35
FFFE98BD
FFFF35FE
FFF73741
FFFB38B7
FFFF90E6
FFFE29A4
00008986
FFFF4065
00045815
00046A54
FFFC3711
000861E6
0006ABFE
FFFEDA09
FFFFEB28
FFF6FD50
0005B41F
00004FA4
00060C6E
0003F929
FFF639E6
FFFA496B
0005240C
0000F6B3
FFFEF272
0004B698
0002C8F6
0005EA1B
FFFB2E18
FFFA64B8
0006C720
0006A688
000B5FDC
000BD3A9
00048B29
00029DB1
0002C064
00111E23
001414F1
000A8E18
00056900
000EAA59
FFFB549F
FFFD8256
000B514E
000A50BD
0005D9B0
000A1C6C
FFF7BAA9
0000B427
0003CA31
000C0399
FFFDC66B
0005E4FB
0000CB98
FFFA91EA
FFFCB890
0004EAD0
00050C54
00009AB8
000CB69C
000AAABD
000B5871
000BD856
FFFD8A41
000A4A0A
0007308F
0006AEA3
000BEFD1
0007385D
0006DAFE
FFFB6384
FFF25873
FFFA19B8
FFFB4966
FFFE26F2
00033127
000121BF
FFF60194
0001446B
FFFF0F42
0003AB9B
000321C4
00073ABD
FFF2DA4B
00092D87
FFFD2357
0007109A
0003DDCE
FFF66252
00016023
FFF6C15A
FFF6FCE4
00007985
00031855
00008083
FFF6FBA0
000C2B35
0004E3FD
FFF6E8E2
FFFFF387
FFF112AB
FFFD8B5D
00015DCC
FFFAA507
FFF2B70C
FFFC5582
00013FAF
0002897C
00017310
0005C92C
FFF751E7
FFFBEBD3
FFF5A26D
FFFF94A8
FFFB06D5
00049269
FFFFB0B9
000714A2
FFF8B672
FFF4787C
FFF290D0
FFF1A5C7
FFFCEFD5
FFF9D313
0005C05B
FFFBD5F4
FFF72D23
FFF0C0A5
000337C6
0003C83F
000910C0
FFFF258E
0007DC0C
00016B6F
0001FC54
FFFFEDD5
FFF49E0A
FFF703F2
00035E9F
FFFB160B
00060866
00073DC6
000A0EEA
FFF6EAFF
FFFB5140
FFF5318A
0002C410
FFFCDC4F
000582E7
FFFC96FA
FFFD4F45
FFF4E529
00069AF2
0000201E
000109C8
FFFCA252
FFF53237
00008DBE
FFFD2BEF
FFF85039
FFFD7082
FFF4CBBA
FFF6D2F5
00048408
FFFA0CFE
FFF7F3AA
0001639D
0005C6DD
0007C5ED
000DD673
00053BE9
00010527
FFF8962D
0004F7AC
000631D7
000148F9
0001CDA1
000C07BD
0004C67F
00057072
000AAFA0
000B3A24
FFFDE1DE
FFFCD8D1
00019AD2
00038952
FFFD9D24
FFF9F281
0006CA62
0001459E
000B6F63
0002A562
FFF821B4
00042CD2
FFFE8061
000003CC
00050F6A
FFF4F011
FFF83AB3
FFFC31C1
FFFFFFE5
00075AF9
00080134
0002703F
00011477
FFF5BD79
FFFB9BAA
FFFE5606
0003C1CC
0004012F
FFF41EC2
0000C0FA
00011563
0006339F
0004316F
FFFC6DAC
00052124
FFFA0F65
FFF9877D
000750BD
00073825
FFFB1179
FFFC7632
FFFC6188
FFFA2FBE
0005A4B0
000873C7
FFF97825
FFFD62AE
00044FF1
0000C451
FFFF657E
FFF84A27
FFF7B79E
FFFDEA71
FFF87B71
00026CC8
0004D36F
FFFD1A58
0008DD89
FFFA9E20
0000FCB0
FFFEB108
FFF4B8C7
FFF8D544
0005240F
0004F331
000C2A25
0002AA73
FFFD7C0D
FFF4681C
00085077
0003E046
0002DDED
FFFA00F5
FFF829A2
00048CA7
00034BA3
0000E1A6
000548DC
0004D9C8
FFFD47C5
000048B6
FFFCF1F8
000158E0
FFFCAA42
FFFB022E
FFFE6F3F
00051FDF
FFF30923
FFFE97C8
0003F96B
0000E843
000B99F0
00022C98
FFFA844D
FFF82FEE
FFF5B082
00088220
0009F808
00011A49
0001702C
FFFADCEA
FFFD0929
FFFA06D8
FFFAABE9
0005EB35
FFFFA48B
FFFB4CEB
00069626
000089B3
FFF8EB6E
FFF76BA3
0006FA44
000555F9
000B21F8
FFF71160
FFF65497
FFF83B03
0000DC5F
0009E91D
000608D7
0000C935
00006936
000D5D7D
000405B3
0006739A
0001C686
FFFD6443
00038B48
FFFFF636
0004471C
000234B8
00072B4D
FFF6F3A7
FFF011F9
FFF3775C
0008845E
FFFEBD82
000070BB
FFFCDCD9
0008C36B
000069EF
FFF9803B
000A83B9
FFFF8BAE
000796A1
00028150
FFFADF22
00071507
FFFEE8B5
00098495
FFFBBFF5
FFF515B5
00007FD7
FFFB15BE
00031E27
FFFFCCCF
00089751
0009BAFC
00046FAB
FFFAA0CD
FFFC10E8
0001C966
FFF924B8
FFF8750C
FFFE7599
00021395
FFFA6FD9
FFFDFDBF
00039212
00008120
00051DB7
0007ADFC
FFFCFF14
0006F9B5
000C821F
FFFB70F1
00070F4C
FFFFD1F3
0000F28C
00041BFA
0003A94F
FFFD26E8
FFFC6696
FFF99CEB
FFF98828
0003BF37
FFFBB55D
0000C68E
FFFE639E
0004E82A
FFF21FE3
FFFD9C13
FFFE6D6E
000190A0
000A43CF
FFF82EAF
FFFBE10F
FFFC46DC
0004995A
00039612
FFFE1192
00022DB0
0005913A
00067AB2
FFF89F35
FFFE522B
000356DD
000155A1
0007D869
00071CA9
000675CA
FFFC2CAF
FFF3A5E9
FFFB28FB
FFEF98EE
FFFCD9DE
FFF67BC7
000AEE83
FFF8B988
FFFBF18B
000367E6
000233A5
FFFE1C5D
FFFA057C
FFFB505B
000398CD
FFFB6BF2
0004B800
FFF87ED3
00044345
0000EB8A
00026A8A
FFFAF846
FFFE06F9
FFF0BF5B
FFFB85FD
FFFE34E6
FFFD90C2
FFFBDEE9
000050D0
00016606
0006BDCF
FFFF6FA4
0006C284
FFFBA9FD
FFF99D76
000A1F3E
0008F371
0007BF08
00055E93
FFF71EA7
FFFCF9BD
000671B1
000D1A36
0000E62E
00004DDD
0001C7EC
FFFDCB3F
0001E72D
0008BEA3
FFFD5E63
000555FF
FFFFAC71
FFF54F75
0006CB20
00010567
00032748
0002205B
FFFDD091
0002100E
0004CAAE
0003D1F4
0004F307
0002CE26
FFF83B9E
0000A95B
FFFF08DF
FFFF05D0
0002DEDE
FFF669A5
000089CB
FFF7AB04
FFFC6EAF
FFFAEB48
FFF1C9EA
FFF88F58
FFFC1253
FFFFCB3D
FFF23EFF
FFF5476C
FFF5A249
FFF79128
FFFC97CD
000165DB
FFFF0650
00008039
FFFC73B8
FFFF4B0A
000367D2
FFFC580B
FFFD7904
FFFC2187
00027B17
FFF91BE9
FFF9543F
0000B16D
FFFE7A83
FFF308D3
FFFDFC49
FFFD513E
FFFB3E3A
0001992D
FFFE87D6
00005F94
FFFF554F
00034629
0004741E
FFFD687B
0000AE84
0005A8B1
FFFDF259
FFF71F80
00080954
00017489
FFF78EE9
FFFD010C
0008B304
FFFEC3D2
00081CB0
00007983
00060EB8
FFFCE6B1
FFF72A7B
0002CD9A
FFFD6195
FFFFEFC4
00015818
FFFA8CE1
FFFF30B7
00010212
FFFA87A0
FFF97C7D
FFFB01F9
FFF8191F
000543E4
0004DD5A
0003D817
0002EF38
00107B7E
001066C8
00073BDB
FFFDFA10
FFF56CDA
FFF45D14
FFFA39CB
0002B9E5
00052EE3
0000F983
FFFFA27F
FFF53CBF
00054976
FFFAD010
000A275A
000C3CC2
0003CB92
0009B6C8
FFFED907
FFFF2B3B
FFFC2C73
0008EFF6
0004107E
FFFD99C1
00008294
FFF8B240
FFF886B4
FFFDC279
0005767F
FFFCF168
FFF7ED04
FFF9BB21
FFFA17E9
FFFC68D9
00045496
00056BC6
00017541
FFFBE592
FFF7D1B1
0002477D
000146A6
FFFCF6B4
FFFAAFF9
FFFEE6F0
FFF5108E
FFF7F775
0000D9EB
00004DCC
FFF91AA8
FFF9E54F
FFF9A61F
FFFF31E3
00039955
FFFFCF0A
00029CDB
FFFCFF18
FFFD4376
FFFE4483
FFFCBACB
00077EDC
0002F02E
FFF9B8E7
000A2091
FFFC4CCE
00020502
00036239
FFFB8A79
FFF74CCA
FFF7FC68
0005A9A6
00064B16
00087AEC
00005331
00096592
000304DB
00098F4A
FFFB068C
FFF9D4D9
0006CF14
0005F016
0000BA3D
FFFAFBE9
FFF5796A
FFF4CED4
FFFBF0E4
0004502F
0009DDD9
0008DD59
FFF8CDC2
00018809
0007DA95
FFF8D9AF
FFFC02DD
00091E48
00048698
FFFE81B9
000A3772
FFF8C612
FFFF3497
FFFCB352
000A090E
FFEDEA3A
00041134
FFF53DAE
00017DE0
FFFFD983
FFFC314A
FFFFF2BB
FFFEC837
0008E43F
FFFED218
0007DB3F
FFF32651
0003013A
0004D91A
0001922F
0002C7BA
000D259E
FFF85981
000BB54A
0004B549
0003211E
0002D1BE
0010867D
00017204
FFFBC6F4
000439D8
00105DF6
FFFAD2B7
000071A5
00068E62
000F4769
FFF7F514
000672F5
FFF9637B
FFFDC894
0004693E
0001A839
FFFBA619
FFFFA94A
FFFE3791
FFFBAFFE
FFFF4C72
00038274
00045C38
000A6B29
FFF63B0E
00073ED6
0008D7E6
000303CA
0005E6E9
FFFD830A
00089595
000175D0
000A9F36
FFF705DF
FFFEBD50
000159E4
0009BA1E
FFF88289
FFFAC2D9
FFEF6173
00001652
FFFC76F2
FFF9D388
00071FBE
0008E090
FFF12BF9
FFFDD7A7
FFF4736F
FFF8D39B
FFFBC330
FFF57FA3
FFF1FFCB
FFFD64FB
000005A7
FFFF4AD2
000367D4
FFFF6AA6
FFFBE435
00097D9A
FFFDE309
000A754F
0009E118
0000425A
00065E91
000429E1
FFFAFAEE
00065A5D
000909CD
00020D75
FFF75AE2
FFFBF7CE
FFFE40D6
FFFE8DB9
FFFD1A04
FFFC089B
FFF36999
FFFEC924
00010340
FFFD300E
FFF8D240
0004D996
0008C6B1
000B6060
00017DD4
000AE85F
00060B03
00034738
FFFFFBBF
000A939A
0009ED69
00094E0D
00006319
FFF293C0
FFF48608
FFF2321E
FFFF2F85
FFFD2438
FFF8DE7D
FFFA2E49
FFEED293
FFFB3459
FFF7537D
FFECA0A7
0002E599
00078197
FFF80272
FFF72D3E
FFFD10CE
FFFC2FC7
000702AC
0002EFBB
FFF881DE
000BC41A
FFFC7DC4
000559BD
FFF9A346
0007E9B8
00023DF8
FFFFFAFB
FFFFCB74
FFFDAFA6
FFF84C4C
FFFA620B
FFFF8E8D
FFFCD8B1
000CF66E
FFFA6A7E
FFFBACAF
00028136
FFFD4A48
FFF9DA28
FFFAF00C
0004CBBB
FFF792AD
00075DB5
FFF9D3C4
0009B4F8
000B6966
0004F139
FFFE8EBB
FFFD661C
FFF6E089
000E8265
0007674D
FFF99D66
00041BE0
0002E287
FFFE2D52
00045934
000532C8
0005145B
FFFF5D0A
0009A192
00030767
00046A47
0008A073
0002D97C
FFF80BF2
000A1222
00027457
0001B582
00062D61
0008596A
00070B94
FFFA5D97
0005D252
000322AE
FFFDC640
FFFEA634
FFFD99BE
FFF8EFBC
FFF44591
0003A43D
00018201
FFF6149B
FFF8E945
FFFDFAAE
FFF67440
00088B74
000447EF
FFFA636F
FFFE2B5C
0003769E
000152D5
0001CE6E
00032D59
FFFF2E69
FFFB7F94
FFFE9635
0002270E
FFFB3856
FFF8C940
FFF6DF26
FFFBE261
FFFFB023
FFF61124
FFF50454
FFF577DE
FFF9756C
0003EB9F
FFF8E305
FFF5C5E2
0000BB38
FFF568D0
000594FF
FFFD4C3D
00061165
FFF380EC
FFFF7140
FFF843ED
FFFBC5FF
FFF9385A
FFF6156A
0000624C
FFFA10F6
FFFE7157
0001DBEB
FFF86B25
0000C360
0006224A
000054BE
FFFE0B7F
FFFF1897
000C6B59
000B1290
0003E27C
000A901A
00036EA6
FFF67968
0002F110
FFFEA888
00019589
000146F4
00010C0B
FFEB53A3
FFF8F9AE
0004C761
FFFF61EE
0008F3D2
FFF8AE5A
FFFCE084
00051E3A
FFFED42E
FFFAA3D0
FFF91475
FFF5FC59
FFFB02A0
FFFCC0B2
FFF40C45
0008AF24
FFFF4EF0
FFFD816C
FFFA8EBC
0004F4C8
00089F43
00035A6F
000785AD
000830C8
FFFA9453
00002F56
FFFA7A03
00026414
0002CFAB
00012C81
FFF6F9DB
000107E3
FFF30EA8
FFF8BB06
FFF59AC6
FFFC3CE1
FFF1C0F2
FFFBE66E
FFFF528C
FFFF7CDB
FFFDC083
FFFE0FC9
FFFBC870
000465D6
00035CE0
FFF78817
FFFE6496
FFF8654A
FFFBB4EB
FFFF02E3
0008C24A
FFFC4CFB
FFFE0D4F
0004A320
FFFC5A13
FFF8D9E1
00033609
FFFFA9A5
FFFD4CC9
FFF64D32
000978CC
0000FB27
0007CC19
0002A58F
0001E5EF
000CCE87
FFFB8D46
FFFC92CA
FFFCFFDA
FFF65809
00003F84
FFFAF1FB
0007AFDE
FFFCE093
0005CFB6
FFFCC615
FFFCFFE9
FFFFE4B2
FFFA9A59
FFF7899D
FFFE70AC
00042ABD
0003A265
00028A29
FFF9E4E9
000BCE05
000D6051
00035604
FFFECC87
00006911
000570CF
0008899A
FFFEAB45
000AF7B4
FFFABC53
00089D76
FFFFB844
000B2338
00014992
000EBE17
00015C2A
FFF7B252
FFF0BFFB
FFF8C162
FFF967A6
FFFBC843
0004C962
000008AD
00068EB6
FFFC2A48
00052BEF
FFF35295
0001B476
FFF37BB5
FFF2D7D2
FFFF1D17
0007F9C5
FFFCC8A2
FFFF0E76
0000AF11
FFFDD8D6
FFF8260F
FFFC79CA
FFFFFF33
000016F8
0000ABB6
00063A3F
FFFA7B4A
FFF7A0D0
FFED2886
FFF7B11A
FFF05024
FFFF0493
0005329E
0006CC62
000285D7
000037B8
00057E40
FFF7A1D5
00014C4E
FFF90924
FFF82617
FFFE885A
0002BB70
FFFBE1D6
00040CBF
00054557
FFF629EA
FFFCCF33
0008B62D
0001BBDE
00080FA0
FFFDDECB
FFFA6508
0002F673
FFFF4362
00074211
00093630
FFF9F3D3
000190BD
FFFD6DAA
00058B5F
000362DF
FFF562DB
FFF72398
FFF469E4
FFFC4877
FFFC70BB
FFFF458C
00060C1B
000B5FD3
FFF7BEE7
00051EA7
FFFD4B1E
FFFC8A34
FFFFDB9E
0006CD83
FFFD63CA
00057949
0004778F
FFFF80EF
FFFD9CE1
00086EF9
0009180F
000ADF1D
000D9CCB
000778A3
000B3D75
000A47E9
00065C96
0004C0AE
0003661E
FFF5F67D
0002B3D2
00084616
FFF1CBB3
FFFF2C75
FFFA38F1
00090FEB
0002737F
FFFD40CE
FFF81B02
FFFE26D3
00010E43
00043513
FFFEB554
FFFC3FC3
FFFD2BB0
00019A4B
FFFCC4E1
0000B5E9
00088713
0003E034
000A0521
00044721
FFFBDCFF
FFFF53C2
FFFC4B59
00014315
FFF19A8C
FFE8C649
FFEDA8E8
0000A1E4
00032187
FFF8AACB
FFFF7BAC
FFF7C726
0002F9C7
FFF7D7E4
000D9E42
FFFC886A
FFFAF59E
0004C71E
FFFC9716
000422E1
FFFD5D93
FFF5A9B9
FFF437CC
FFF76A71
FFF80F13
FFF12B3C
00060304
00060B01
FFF2E3C0
00073A26
0009AAD4
0007912C
0001AD9E
000CB8CA
0002772F
00091A93
0001CE6B
00085D62
FFFC16DA
FFF914A2
FFFD9D8E
FFF8F7E3
0006660C
FFFB1B8D
00060DAB
FFFE7FB5
FFFFF164
000167A5
0005C073
FFFA65C3
FFFC0909
00084B05
FFF3BAC5
0002A9B3
0005D1D4
FFF33BF9
FFF8ED99
0000F2B5
FFFA7DCA
0007C89F
FFFBF52C
0004D297
FFFEBEF6
FFFD3632
FFF496CC
FFFD3F43
FFFA8717
0001BB9F
FFF99722
00061AFC
FFFC6E31
0002D5CB
0009D97A
0009376A
00066BD2
00019182
FFFB8E7E
00094CF0
FFFA9079
000173CF
00018E22
FFFA4EAD
FFFBF5EE
00090154
FFFA115A
00005722
0006DE57
0000AB61
FFF9B895
00091D02
FFF423CC
FFF60424
FFF8348A
FFFF24AF
00033944
000585D8
000463D6
00017303
0000FD83
00058E40
00022196
FFFCE93A
FFFC48D1
FFFCAB33
0005CF50
FFF3F380
000786A0
FFF69B3D
FFFD25E4
0009AAEE
00028CB8
00012FA7
000260E6
00082DC7
FFF8C9A6
FFFAB8B0
FFF7E675
FFFAF601
00088074
FFFB4C97
FFFB9789
000474A1
FFFB6EAB
FFFEFDBA
FFFC2B3A
FFFE5794
FFFCC555
0003C0F1
FFF74E86
00066596
FFFE687D
FFFDEBCD
FFF9EF94
FFFBE4CF
FFFD3A64
FFF67A83
00005467
00063EBB
0005556D
000278EE
00026AB7
00037453
0009C716
0000480C
000D3C78
0008088C
FFFABABC
FFF9A72D
FFF26301
FFFE00BB
FFFB6CF1
00097DB6
000362CF
000017AC
000B5F94
00064796
00068432
0005D184
0005FFC7
FFF7452A
00007075
000F225F
FFFA7110
000AA6A7
0011F7EA
000F4DC9
00031F6F
0000731D
000A5946
FFFCD2D0
0009C501
0009B417
00037FAF
000C5792
00006CBE
00007E2A
000E7AC4
000FA476
000BCA22
0003AC59
FFFDC216
00053DFE
FFFF34AC
FFFD96F9
FFFA3DAD
FFFBE676
FFFCD885
0009BC22
000AC644
00096C8F
00074322
000A2D37
00055F7C
FFF8F8C7
00005C70
000BCB67
FFFCFCBE
0002B984
00016C81
000536EA
0004D6FA
FFF1C68D
0002DE5E
FFF91413
FFF09BFB
000A3619
FFFF5672
FFF48692
000696A2
FFFD64C3
0007DFDD
0002F9B6
FFFD1A82
FFF52D0D
00078553
000851A9
0004CCCA
FFFD480E
0007BAFA
FFFD42FD
0010767D
00042C7E
000327A0
FFFB26EF
FFFB5C0B
FFFA8A6B
00007B45
0009786B
000484B4
000B31C5
0007D74C
000080F5
00040898
000B7FB9
FFF804D1
FFFE97A4
000F3437
000195A9
000AE742
FFFFFBF4
0001DAE9
00044109
FFFBD943
FFFB2898
0003C2A9
FFF5B1DB
FFF871DA
00064994
FFFB73EF
FFFF01B1
FFF4AE9C
00016FDE
FFF667D6
FFFC6F3C
0000926F
FFF92C85
00079CE8
FFFCC231
000BB3CB
00093D86
00019F9E
FFF87697
0003B35F
FFFA614B
00024D57
0003B6A3
00088042
FFFFA08F
00078B75
0006CF5E
FFFD8B7A
000120D6
FFFB583C
FFFBFBC8
00053D79
00072A97
00022440
FFFB74F7
FFFFC085
FFFB6B01
FFFA9EF8
FFFFE07D
0002A32B
0001B8E1
FFFB8D4C
FFFFA2F4
00060F41
0006843D
FFFAA894
FFFF7D00
FFFE0AAE
FFFD283B
FFFEF8AA
0005705E
FFFC6BD0
FFF33417
00029D33
00047F4D
FFFC6D7F
0000E657
000A4A4E
FFF958D2
FFF46584
FFF7B5C5
0002C58A
FFF7D01E
FFFD1C73
0002606F
FFFE4B9B
FFF56772
0001C167
FFFD53A0
00019184
0009A408
FFFBDD26
FFFE946A
FFFF90E9
FFFFCA1A
FFFA2414
FFFAD818
0000D243
0005FB4F
00025F7D
0009AC2E
000180CE
FFF10EC5
FFFD67A6
FFF4DA79
FFFDB317
FFFD4655
0010EDEB
FFFF9A2C
FFFAEB71
FFF3E23D
FFFB03F0
FFF28C28
FFFB25DC
000547E9
00002378
00020224
FFFFF15E
FFFE88C2
000C43EC
000828EE
FFF9D426
FFFE4429
FFFFECA6
0006B2B4
0005C12A
0001E972
00064E62
00086863
FFFD6BA7
000518C4
FFF34EC1
FFFDB98D
0003A053
0005790E
0001BE14
0008AF8A
00043E61
000AAA8A
0007CFA6
FFF987E8
0005BA0E
00073A28
FFFFAF5F
00005DF8
0005EAEA
00014BBB
0007F013
00063A98
FFFDCCA9
000703E7
00043A5D
0004CB26
000179CF
000A2296
FFFE42BD
FFFFE43F
FFF52008
FFF55751
FFF716E5
FFF448C1
FFFD5B35
00053DC1
FFF83C68
FFFF7675
FFFA3B8E
0004FCFC
FFFA5D7C
FFFE781F
000A19E4
FFFCF9ED
000066FD
000381A1
00067673
FFFC8E67
FFF98B88
FFFA7EA1
FFF8CDB6
00090948
FFFE9DBF
FFFD5324
00047B81
FFF94FF9
FFFEAC09
0007D7BE
00054943
FFFEBFEF
FFFE1F65
FFF85984
0003BC6E
FFF749BC
0007A916
FFFD09E8
0002FACE
0001C4EA
0005A71F
FFFABBB0
FFFD5E1A
000293ED
FFFB4846
00034E58
FFFFC23A
0003AA3C
FFFCC2DF
00004FC6
000F1869
0009A405
FFF5FEC1
FFFABDE0
FFFDCAB1
FFFB003D
FFFE69B0
00023D0A
0005FBCF
000815A2
FFFB588A
000C300C
FFFD2E57
FFFEFD65
000B02A2
00023DF7
FFF6C1DD
000748A2
000CABB9
0000076F
0002F766
FFFC51BD
FFF44851
000602F4
00011BF1
FFFA222A
FFF8707C
0002933A
00003027
00026D43
FFFA1E8A
0007E324
FFFF8BA1
0006770F
0010B0CE
00019D45
0001E2D1
00033EB1
FFFE0679
0007569C
000610FA
000BD6FF
000A4A15
00072CA2
FFF88FF0
00086123
00066812
0001DEC1
FFFABA6B
00032ECF
0007A357
FFFBA462
00056EDD
FFFCF595
00040A7F
FFF86DE0
0005E166
0004FB7B
0008BAA1
FFFBD009
00049FB2
FFFE0C9A
00033013
000228FC
00054894
FFF9DF85
FFFDA17F
000D9E22
FFFD1310
FFF3459F
FFFA256D
FFF5DDE4
00009F6C
00020D1F
0002E01C
FFF6B8BB
FFF6B888
FFF7B6BC
0001201C
00000F50
FFFE376B
FFFFD8D5
00079162
000328D2
FFF6E703
FFFEE6B2
0001357D
0001B174
0003E3F8
000406A5
FFFAA075
FFF9D97D
000459FE
FFFD3A36
FFFFF909
00097E45
0003413E
FFFACD9D
FFFC7822
FFF9FDBF
0003AA9E
FFFFC519
FFFADABD
FFFCA4DB
FFFDD753
0009F271
000CDD18
00048E29
0008BF18
FFFA7FD7
FFFC7E90
00027500
000AEAFD
00067742
FFF5F160
FFF8070B
FFFC4523
FFF4A4B2
FFF81363
FFFF27EA
0001ED4E
FFF26222
FFF9CCE2
000578D0
FFFFF96A
0006FE23
FFFBB5ED
0003DF09
000790B3
FFFB7C05
FFF307E9
FFF7AC2A
FFF39DEF
FFFBE571
FFFACFA3
0001DD03
000110D7
FFFA28A1
00031E3C
00067E90
00042B72
FFF7413F
0005788D
FFFC8BEE
0008209E
FFFF8851
0001B93E
00086A48
000086A9
FFF76E13
FFFB067F
00063448
000DB441
00036BA9
00048666
FFFC1C9E
00076DE5
00073EF2
0003B2D7
000043EA
0002337A
00020C56
FFFB5486
00035B5F
00064ABB
FFF8CB69
FFF5D6DC
FFFAD395
00035156
FFF61397
FFFFF2BC
0005A540
000D7074
FFF9EF8E
0006CD90
000341BD
0006FE44
FFF95D4D
00020265
0000C886
FFF86D5A
FFF4196D
0002AC54
FFFED27F
0008396D
00066067
00044ACB
0007EDC7
FFF57837
FFF9D783
0008F792
FFFAF6D2
FFFA28CA
0007DB8A
00069E2C
FFF6CC92
FFF58292
000506F8
0003CD55
00001FD1
0001D845
0010B4FC
FFFB9E4A
0003858E
FFF69764
0008DF88
000214CC
FFFA358E
FFFE1A2C
FFF6FE4D
FFFA9D41
00041BBA
00008FA5
00022EE2
0010210E
00015D42
FFFF4BA2
000944E4
0008CAF6
000D2C63
000F662D
00100D94
0005AD25
FFFD37E4
0000A0FA
00075DB6
FFFF5EC7
0004BE03
000C71F9
0003E970
0005DBFA
FFEFC721
00016781
FFF90F87
FFFB96EF
FFFEDAA7
000117BC
FFF321FB
FFFCCA2C
000540E1
0000D751
FFEC81C0
FFF88BD6
000B4DB5
FFEB4957
001252FE
FFE90B24
FFF265CF
000336A3
0017EDD2
FFF95E06
0008EA19
0003EA64
FFF7815A
0001771E
001029DA
FFEFF81F
FFF54087
0008CCC6
FFF11336
00112DF1
000C8300
FFF01AFE
00061E5C
00180131
0010FA94
FFFF0D69
FFE3AE41
0000EF25
000D9AE8
FFF2ED51
FFE8C902
FFFA9669
0002961C
0016311A
FFF577FF
FFFDDFA8
00058A54
00081625
000A9890
FFF9C2C3
FFF3FA3F
000E079A
FFECE2F8
00067C80
0003498B
FFECB0D7
FFEBBC4C
000BBAAB
FFF8F604
0008AE2F
FFFBC34D
FFFE6998
00019654
0000784E
FFF192FC
FFE696E0
FFFF2AF8
00105155
0002F2B5
FFFF8633
FFEFDA78
FFE5694F
000820C0
00031DE7
0002366B
000496CB
0005A71A
FFFE4F66
001131EB
000EA369
00096ED0
000D63E5
00073B34
00066570
FFEE198E
00054CC4
000A1AD6
FFF45849
00007F3B
000143B7
FFFB9449
000D7F00
000D9C42
000CA549
FFF24614
00076460
FFFE4630
001060BE
FFFF09C6
000FDA66
000C424A
FFE5390D
00059EFD
00054A11
FFF7AE98
000BF190
FFF7C59C
00070997
0000E800
000C51D7
FFFD3F1E
00025E14
FFF06242
00073E0F
00006BBF
000FA23C
00152A6C
000636D0
000182B7
FFF7A47A
00059ED3
00121751
001459E5
FFF68012
FFF13C3A
FFF02CCF
00086C59
FFFB8FEC
0012BB52
FFF179C5
FFFCF2B0
FFEDF962
FFFEF635
FFFF4AAD
0009BE49
000052CE
000FBDF5
FFF558BF
000CED93
FFF1FA67
FFF6E4EC
0017C68E
00119699
000B82EB
000C394B
000C60F1
00028513
FFFF7149
0014E795
FFFFEB2A
FFFD2521
000796F1
FFFA2E93
00197698
000A7BB7
FFFE0D14
000A352A
FFFD557B
FFFBFDB3
0007CF7C
000767A3
FFFA3E3D
FFF6D185
FFE341B7
000A8CE8
FFF7868C
00083147
FFF82F7B
FFEBF842
FFE8F5B3
FFEC1F86
000AFE0C
FFEE947F
FFFB6F32
0000748D
FFEBC643
FFE0738D
FFF6A8B3
FFE602B5
000471A6
FFFCEF59
FFF7ED8C
FFEBB463
000FF65B
00060377
FFF71D7D
FFF845CA
FFFAD9C5
FFFFF004
0006C089
FFF40CE6
0001B505
00069AB1
FFF2BC79
0000F3DA
000A0EB8
00065A5A
FFFA8E31
00117574
00010223
FFF8931C
FFFE6320
00005CB0
0003E874
000C34D3
FFEB06B1
FFEA5559
0015309B
00078FBF
000B6CC3
000A58D8
FFF79E27
FFF38B3A
00114115
0005CDEF
FFF97926
FFEB5309
FFE9C6B8
FFFAC0E7
0013BD3E
FFF8DD4A
0006E836
FFFFDE79
FFF173A7
FFFB8098
001484E4
0008D705
00060D3D
000347EB
00063286
00002841
000063CF
00087783
FFF0EB82
0004D8BD
FFE8E733
000D27A9
00076D0B
0007A5BF
0000BD01
00025B4D
FFF8DF4C
000740DE
000784EA
001329E3
000C605B
0023B165
FFFEA1CC
000DE476
0009F31E
001035BE
0014E83F
000E8F90
0008571E
00052CBB
FFF5087F
0009325E
FFEDAC23
FFF566EB
FFFF9B3F
0000CE0F
FFF5CD90
FFF8DAB3
00120F61
FFE5FD3A
FFF0F020
FFFEA920
FFE8D3AE
00073482
FFFA737F
0001864D
0013D8A2
FFFD6A81
000E88FC
FFEBCCCD
FFF32500
001C93BD
001574FB
FFF8D9E0
000155EA
0007FD1D
0008E940
001BBD50
000CFACC
FFF29A02
FFFC9C19
FFFAEE57
FFFF0650
FFF66AAC
0003E43F
FFFAD6D8
000532F1
00004614
FFF27794
FFEE31B0
FFEDB6C1
000735A5
00051EB1
000E9A63
0007D1CD
FFE27D41
0003BA93
FFFD51DC
FFF89A27
FFF8537C
FFF1A193
FFF9F1BB
00075D18
00044E55
FFF947ED
FFF21EBA
FFFD8D5D
0007FED3
FFFDA3A9
FFF8BD23
0003AB37
000665D9
0009E997
0005C193
0003868E
FFF8ED00
00038816
FFF5DE01
000EB02E
000D5FEB
FFF6D195
0005331F
FFF58A8D
FFF32FA6
000AF6F9
FFFCF9A4
FFF92C3B
FFFBC387
0004CE01
0013DEBD
FFFC9A8D
0004A482
FFF1241B
FFEB43C0
0012946F
FFFD739D
0010B40B
FFF1BA9D
00029183
00123EE8
000B0B4C
0014B3B5
0006CE23
FFFEA91A
FFFB4DFB
FFF83002
FFFB55C4
00026F65
00002761
00088C79
FFEBDD55
FFEF28B6
FFF377D5
00095E69
FFFDD091
FFF6B6AC
00086E83
0003AFF2
0002829B
FFFA6867
FFF34C6E
FFFA3572
FFF13C36
000E993A
FFFB1ECA
000411DA
FFF485BC
00032071
0004E044
00093CFB
FFFA553B
FFE9953D
FFFE1D8F
0006A8A4
FFF4674C
FFF0603B
FFFF30FC
FFFD645A
FFF0C2AB
FFF35EAA
FFFE052C
FFFCA01E
FFF39A65
FFF81C00
00131BD5
0007CEAF
FFF6C9DA
FFF4117A
FFF51DCD
000F4256
0003C3FA
FFF9C92A
FFF7C0BF
0000076E
FFF5F360
FFF2DEA8
FFEAAAA1
00030D15
000AAA9C
FFED755D
FFFABB1C
00017534
00074F25
0008A791
FFF6AEED
FFFD3599
0007ED59
00053A30
0005E30E
00088A6A
FFFE05D8
FFF86CB3
FFEE8063
FFFD02B8
FFF1A80D
00010861
FFEFE69F
000370DE
000F5333
00012D9C
000A8C7B
0007A264
FFF32815
FFECF5F0
FFFB4B7C
000D953C
FFF2DE4F
FFEFB2CB
000421EA
00087DC0
FFF58913
FFDCD2B7
FFDE7FA0
00095CA5
FFFEC282
00069197
000DD07B
FFF4D779
001C117B
FFF46D1D
0009135C
0003EC0A
000A64DF
000CD1EC
FFFFB977
000E4422
000ED4C6
000ED8A7
FFF3FE2B
FFF351A6
FFFC70D9
001A39E8
0007ED08
FFF60A48
000A03DA
FFF0EA0C
FFFBFC60
FFFEC97E
000A8C35
FFF7C6BA
FFEF9F07
FFF4E50B
FFFDA940
000C38B1
FFE22018
FFEE48D5
000AFACF
00044CB9
FFFE9D33
FFF89984
FFF52AFB
00107371
FFFFFEFF
00092EAC
0013688A
FFF3A976
FFF1FA26
FFF73638
000A6198
0011116C
0001FDE3
FFF2F427
FFF783BD
FFFEC284
FFF22556
FFF62FEF
FFF72C26
FFFF3730
FFFB3238
FFEEFB38
000D371F
FFFF5A84
FFF59B3C
FFF8398B
FFF5AA54
FFFAA3AD
00052021
000245B1
001BBE28
FFFCDEBD
000E14CE
00011FB2
0009CE26
0007DBCA
00039DE4
FFF7A79F
0004BCC0
FFFC08B3
FFF429C5
00025F36
00019245
00024436
000BF24F
FFF119E6
0013BE28
000FE6AF
FFF90977
000C4244
0000D5F0
00065466
FFEF65F1
FFEAE0D2
FFF1DF3D
000A758A
FFECF957
FFFC3BF1
0003D7EB
FFECC441
000F27C0
000E342F
FFF11A74
000911B1
FFF9FAE6
0006B7F8
0009800B
00160E9B
FFEDFC43
FFFAF73B
000ED3F5
FFF347D6
FFF67DA2
000B2216
000909D6
00003A76
000F9993
00000BFB
00015FBA
00004992
FFFF3411
FFFE6A8F
0012B254
FFFE1FDB
FFFB574E
FFF21556
000306FD
FFFE3BFD
FFFC1449
FFDA2343
FFF8B791
FFFBCB1B
FFF11129
0001B7A5
FFFDCB4D
FFFDC8EC
FFFFC196
001141FF
000A71B7
FFF8958A
FFF84A02
FFF59515
FFF37231
000519DC
FFF77864
0003F7D3
FFF92479
FFE92C83
FFEA982D
00105B83
000DD48D
0005ADFA
FFF9975A
FFFBF668
0003C326
FFF871EF
FFFB8089
FFF79DFC
0002690A
0000FD1A
FFFD790E
00006FB6
FFFFD673
0007657C
00070C99
000598FF
0001AB6E
00023989
00060CC1
0002254D
FFFDEAC6
FFFB2A0B
00000610
FFFDB1D2
000038FA
FFFF8D26
FFFD9B60
0004B5C9
FFF959B7
FFF69C34
FFFFF82D
00003048
FFF91B7C
0006AEC1
FFFB6BB7
FFFD01C3
FFFF2135
FFFB36B3
FFFD94D7
FFFD4949
FFFF4AA6
FFFD6796
FFFD43B8
00022304
0001A6CE
0004E241
00037ACF
FFFF4B89
0002323C
FFFD1F27
00049DB7
FFFD602E
000179B8
FFFDB652
FFFA8E5D
0002CC4C
00073BA5
000709C3
FFFFDDA5
00038647
00046651
FFFE28F6
00035501
00013165
FFFB182F
FFFA0037
FFFF19B8
FFFEB74F
00018642
FFFA8AAD
FFF77682
FFFF8639
00030541
FFF98998
FFFE8D63
FFFB78C8
0000D50B
FFFB8594
0004C99F
FFFBEBF1
00034060
FFFF3A84
FFFBE73D
FFFF0212
00078955
00032D5E
0003E2EE
FFFF1E59
00028A82
00056112
FFFFABB6
000209F6
0002926A
FFFF7A61
000221C2
FFFD053D
00066032
FFFA3B5B
000086A4
000236C5
0002BCB8
FFFFC302
00066850
0001F16C
0002D33D
FFFF7365
FFFF5587
FFFFB7E6
FFFF6339
00012D3D
FFFB358A
FFFDAAA0
0004210D
FFFC3267
00023DD4
000006C7
FFFD011E
FFFB723C
FFFD7EDF
FFFCDBFF
00002266
00050E3E
000852AC
0000905F
00053A79
0000998B
00026B4F
00080210
FFFE6BFD
00022A0A
FFF93072
000533C3
0003C51F
000502C5
00031DF4
FFFCA49F
0003AECE
FFFF750F
0007EB34
FFF9ADA8
000359C9
0006992A
00067DF8
00031E57
FFFEF9FA
0006F910
FFFC5782
0004374B
0003983D
FFFF7EFF
0001BA79
0004DA66
0001145F
00012173
00036C20
00010DAA
FFFCDF07
00050B49
0000CD27
FFFE26D3
FFFB1F4C
FFFEB213
000816F3
00025D75
00040C5C
0001CC91
0006C3FE
000767C4
00075C4B
FFFFB503
FFFE4D25
0000FE6A
00086F7D
000337DF
00023897
00049340
0006F6BC
FFFF05E6
FFFEA08C
0005554C
0006DF30
0001641B
0001DA89
00038AC7
00034686
FFFCDC6E
000255CE
FFFFDAB4
000396D8
0001A0A4
0001743A
0003B6BF
FFFA0BB5
FFFEED27
FFFD33F6
FFFA02D7
00057500
00006FCD
0003639D
FFFB3ED6
00042A31
000024E1
00065D70
000091E2
0001DE38
00023A1D
00010599
FFFC3420
FFFE7FE6
00040EE7
FFFE0F49
0002E72C
0004229B
0000708C
00031919
00050240
000021B1
FFFE5F42
000394F1
000046C6
0000FF45
FFFF874E
000622F8
FFFDD674
FFFF55CA
FFFEC4D4
FFFFD95A
0004E5AB
FFFDDA7C
FFFB6F60
FFFEE2DC
FFFE7B49
FFFCD313
FFFC5889
000489AE
000507F9
0000FA72
00076D3C
00059149
0004FE54
FFFE53FD
FFFFA30D
0003CE29
0000B100
0000E004
000961BC
FFFA94F1
0003DA3C
00072695
FFFFF1AC
0003DF34
0006D254
00075BC4
FFFE186F
0000BBE1
0004AA57
0005ED87
00002854
FFFFEE79
FFFF94AC
FFFB260B
0006B549
00054640
FFFDE1F6
000AD2CC
0005E22D
00027F64
00059EFF
000504B2
0002772E
0005DF1B
00026153
FFFFE6A1
FFFE786C
00036B27
0004270D
0006B7BF
FFFFA301
0001E77B
00052BB0
FFFF5573
FFFD3965
FFFCE4F4
000262F0
FFFBB646
0003EE5F
FFFAFA19
FFFB4AB1
000531EA
00021015
FFFD6904
0004C2AC
FFFCA6EB
FFFC8BA4
0001D50B
00032659
00014A48
FFFDB022
FFFC3302
0002099A
0001A3E0
0002DECA
00000ECA
0003BEC3
FFFE7EB1
000633E0
00072DE8
FFFD1F1C
0002C0DD
FFFFF091
00023E93
000294A2
00068ED0
FFFDAF74
FFFFEAED
0001767F
00058F25
00001A66
000339AB
00091BEE
00069414
000115C7
000554F4
0003C88F
000782CA
FFFE3DC6
FFFF3C8A
000248FD
0005197D
0005575A
0000518B
0000602F
0008C37C
0004CE06
000176B5
000798FC
000507D1
00093E2F
FFFCA200
FFFBD147
0001B30D
0002CEA4
0003C0F4
00024655
FFFB9C5E
0000D765
0005B2BF
00000EC6
FFFBAF4F
FFFC4A88
0001ABD8
FFFA285B
FFFB968A
FFFF2201
FFFA859C
000569F3
0002200A
000305DA
FFFCB193
FFFCC410
FFFE272A
00053209
FFFF48EC
0003001A
FFFE88EE
FFFEE201
0005744D
FFFFB7D6
0007039F
FFFE291A
0006EEC4
FFFB15C3
000435C1
00013637
00013ECA
0001E487
0001DE17
000020AA
0006C011
FFFE9546
00003B98
FFFC9611
00025CA9
0002AC01
0004A76D
FFFE65D9
0005AEA4
00052169
00084F79
0001E505
000267D1
FFFBEFA7
FFF8F7C6
FFFEA763
FFFE4A8D
0001246B
FFFB89ED
00019AD9
00067032
FFFBD784
0005791D
0005A32F
FFFD7D49
FFFF04ED
0001544F
0000F99F
00021147
000488D4
FFFFEEF4
000117FE
00005BDC
0004E077
000486C1
000625D2
FFFE6E6B
FFFD27EF
0008EE41
FFFE2F57
FFFE5877
00077A89
FFFAA922
FFFD7368
000636A3
0003854A
FFFFB907
FFF9BA51
0003D0E2
00043241
FFFDAC68
00062F5C
FFFCDE9E
00028892
FFFCC2C1
FFFF74D2
000487C2
00049168
00006331
0006809C
FFFEDD60
FFFDA9EF
FFFD94CA
00038F7C
FFFF80C3
FFFDB3A5
FFFF4EE5
00011E26
00009289
000465DF
00025839
00038ABD
000475C4
FFF9C5F9
0000CCB1
0001DA34
FFFE46BC
0006BB53
000170EF
FFFE40A6
0007600D
FFFF3A23
00035A24
00092E6B
000123F0
00010E92
0006BEDF
FFFD4550
00059AEA
00066127
FFFE6E13
000155BC
00017153
000580AC
000202DD
00077984
FFFC2A90
0005C96A
FFFF9D0D
00049889
FFFA4D65
FFFB521F
00029EB3
FFFD77E1
FFFAC230
FFFCCFD9
FFFF2C31
FFFD0AA5
FFFD0DEE
0004577F
FFFE2766
0007D17B
FFFA05FB
0003AD00
0000D52A
00028193
000212B7
0001DA6D
FFFC3AD4
0005AFF2
00028473
000537D5
00080372
0006999E
FFFD406B
0003B75B
FFFDC265
00019F72
0003CF72
0008AFE8
0000A4AB
00003674
0004549C
00011B79
000A2CB6
00033E1B
00056D04
000124BF
FFFDB632
0002421A
00037435
0002D89F
00034FC6
FFFE5BEC
FFFD6B3A
00020404
00012896
000028F7
FFFD627C
00003D38
00040EAF
FFFC933A
00035AA9
0001F776
00004E0B
FFFFE62F
0008AA46
000571F3
000739DC
FFFF8A25
FFFC7B47
FFFD0407
0000A022
000405C7
00084B52
FFFBBBAB
FFFCD3C9
00047EA2
0004E3E0
FFFFBA30
00076CBD
FFFCC3B3
FFFC4D1B
0000ED3C
0001DFFF
000201F0
00025982
FFF8A28B
FFFFBBA3
00013DE0
FFFF105F
FFFC071B
00074A6C
FFFDBE2C
000058DA
00047492
FFFC4C4E
FFFE0257
00030A8F
FFF9A03C
00048BF0
0005ED7E
FFFC09FE
00012E15
0001643D
00010BA1
00062C35
000695CA
000175FB
FFFE6F10
00018062
0001AE6D
00083538
000BE3CB
FFF414BC
0005481A
FFFF63E6
000283FE
00029925
FFFF3577
FFFABBA1
00033D5A
FFF9EC12
00062675
FFFFB091
FFF1DFB1
00013907
0006C2E7
000530AF
00056EB1
FFF6A33C
FFFE2E59
FFF3F898
FFF79FB1
FFF6542D
000E1FF0
FFFE56C5
00113138
00081E7C
0003BD58
000FAD0D
0000B13F
0000974D
00051D1C
0002998E
FFF6A294
0005D831
FFFF0CFA
000CE75A
00106011
000A5BBA
0008B65C
FFFF59E5
0004F281
0005C804
FFFA09A6
000883DB
FFF8BB41
0003F357
0000BFF5
000105A8
0004F0DD
FFEE03CA
FFF636B7
FFFE2458
00085561
000C5379
FFF990EA
0002A573
FFFAF799
000044ED
000DF9DA
FFF832EC
FFFD8BE6
00071CF4
000E8B60
0000407A
00049E9C
FFFFDC3E
FFFA38CA
FFFA58D6
0001251E
0003E45E
000B6C35
FFFC3897
FFF7CC9D
0000FAF5
FFFDF6B8
0004FD4B
0007AFAB
FFFD8B7B
FFF8B63C
000A3312
FFFBEAD5
FFFBB6C8
0007BD13
FFFE1FC7
FFF92244
FFFF76C2
FFFCA37F
00038C9B
000C07C6
00008999
FFFC219A
FFF7C2E2
000579EC
0003F579
FFFDD86E
00075000
000B0E91
00080ECF
00057B59
000514C2
FFF9F6BD
FFFFE166
00041439
FFFE5ECB
000881BB
FFF7C665
FFF12A5F
FFF720BD
FFFEC3B7
000667ED
00002B69
0002F063
00035C59
FFF4082D
0004EF26
00041469
0003E51E
FFFFEB92
0014AB7C
000FAC27
000F1382
FFFF9ACA
000306FA
00024EC7
000925B1
FFF50DBD
FFFFB2BF
FFE54B6D
FFFBDC14
FFE5887C
FFED408A
00019384
FFFE67D2
FFEF908C
FFF43F96
FFF58A19
FFFEF77E
0004E0B0
FFF9FCB1
FFFE34D7
FFF2555D
FFF7A2FC
FFF7BE29
FFFFE460
FFFDD27B
FFFA3061
FFF8D064
FFFCC691
FFFBF780
FFF2DEDE
000815D5
000C526B
00039C19
FFFC2AD6
FFF5BB3B
00076D9A
0007B85D
000051F9
0003C580
FFFDFFEC
FFFA7F5E
FFFCE6C0
000FAE01
00001FF4
FFF6B008
00050871
0002BFF4
000A1CD3
0001EB71
00031657
00017C07
FFF1E985
000749B8
0002E9AB
FFF7F14C
FFF7507D
FFFF08D5
0005EA1F
FFF8C9F2
0003F971
00044328
FFF7ED1D
FFFD87DD
FFFFB7AA
FFF109D7
FFFA3B95
0007DF89
000DE0A5
FFFB359D
FFF9B7E0
FFF9B7A3
FFF0F29B
FFFDB0FA
0004C902
000BAAEF
00003403
FFFD24CB
000048EC
FFF831BC
0001D205
0001FA28
0001EC00
0007D0AC
0001F6D1
FFF8F63B
0005D60A
FFFFACB8
000033DC
000BD161
FFF54E81
FFFBC3C2
FFF619DD
00034BCF
0007610D
FFFDF1B8
00014C70
0002AF96
0004406F
000B2951
FFFB0E85
00006A41
FFF8B000
0002C241
000408C5
0008F645
0005A96E
0003E0E2
0007B3F2
0007378D
FFFC2139
FFFF4893
FFF86FF7
0004E7A9
FFF439B5
0000E562
0007DED2
00043F07
FFFAD679
00090E77
0000FF07
0006F639
0002FA27
000BCF8C
0002DF9C
FFFAAEDC
FFFB1116
FFFEE947
FFF485D0
FFF62B72
FFFEEC2E
FFFF96E0
00090270
FFF87425
FFFE2221
000653C6
FFFE71E2
FFF95441
000419BE
00090F6A
FFFDF267
FFF93AFC
000A3497
0003D854
FFFCCDBD
FFF0BD42
FFF640CF
0006D224
00005D5C
FFFD0ED3
00015D47
FFF99AB9
FFFFF988
FFF890C7
FFFE2C93
00087709
FFF7AEBB
000001A9
FFFDD675
0000BADB
FFFE62F0
FFEF0D72
0000955D
FFF75FD8
FFEEDC5C
FFFE633D
000AB282
00026CB4
FFF3431B
00051979
0000237F
FFFE8036
FFFCAA5F
FFFFEBCA
FFFED3A9
FFFCB9AE
FFFC2F21
FFFE8115
FFF7220B
FFF2D388
FFF2472F
FFFF0C10
FFFD2C16
FFFAF2FA
FFFF32DA
0002C7BF
00030BA8
00033755
FFF5BD3E
000047D3
000828E7
FFF8D07B
FFFE9647
FFFE72F5
000158D8
00025596
FFFA5EC8
00016502
000E73CC
0003F400
FFF81944
FFFB6255
0008BD86
FFFF9F58
FFFBB790
FFFA10F5
0007986F
FFFA73E9
FFF5EB8E
FFF6E245
000716DB
0002F700
FFFDA2CB
FFF8AEE7
00014BEB
0007AEF9
000412AA
0002D0DD
000B7E7F
0002591E
FFFE956C
00029A24
FFF3D34A
0009B591
FFF81F31
FFF41A7D
FFFF82B3
0002065E
000067E2
0005942D
FFF5605C
FFFF6B40
FFFC0589
00027A7C
000543E7
000D0659
0005E5EB
00043B69
0000F9A2
000153E8
00057E5E
FFF97CC5
00008C2D
00085B2A
0003C117
0003D445
FFFDBF77
0009D2A1
0004EA9D
00038976
000D7B38
FFFD45CF
FFFDB9FE
FFF7F68E
000528AD
FFFE0C8E
FFF08089
FFFD2251
FFF44580
00016A82
000334DB
000022B6
FFF7ADDA
FFFAFF70
FFFAB4D7
00071517
FFF3642D
000BBB61
FFFC627D
0000015C
0003C64A
000664FD
0005971A
FFF962A1
FFFA889E
0000B45D
FFF97EE7
FFF8AAAF
FFFCE2C8
0000C49F
FFFAC838
FFF9D7C3
FFFCC8D4
FFF8B715
FFFC4B2F
FFFB7BC6
FFFEBC35
FFEEAF4F
FFFC662A
00029B05
FFF4E9F6
000B766C
0006B48F
0002C096
FFFE7317
00168E06
000668FB
000D2511
000410D8
0002C4B8
00085C80
0006C348
00091B03
0007469D
000509DF
000639C7
000873D3
FFFD0954
0006D65E
FFF8E556
00078ED6
FFFC87D8
FFFD69D0
FFF85E40
FFFC958C
FFFAD6D5
FFECD746
FFF1AABD
FFF820AE
000CEBD5
00017EA0
000A24D3
0005B578
000DD861
000B05E8
FFF58010
000681DB
FFFFC6A5
FFFF2E8A
FFF54AC1
0008D100
FFF10A1A
FFFF73BB
FFFD1820
FFFAF695
FFFDEA3F
FFF8B2B1
FFFE9600
FFFDD7ED
00048AB6
FFFD3AB0
00010FB5
000CF566
FFFC492E
00012767
000776C2
FFF4BA43
FFFCD393
FFFEA1C9
FFF3E28D
0000AA87
00077062
FFF3760A
FFFCF05A
FFFD6556
00081AD5
0008E7DA
FFFA491F
0007F7D3
0008D062
0006276D
000027D3
000656C3
00130659
0000046A
FFF840F6
FFFE0B85
000E8E85
000394CA
0000A2FC
FFFD0585
FFF3CE62
FFF9DB86
FFF15830
000CD9E4
000143A0
FFF85B32
FFF87326
FFFA9301
000200B0
FFFEE558
0002C168
FFFDA374
FFFF64F0
FFFE443D
FFF5269A
FFF1102B
FFF49BCF
0002B42E
FFF3BD6E
FFFABF91
FFFADBC0
FFFBE75C
00053C25
FFFC4165
0003AAC8
000D0601
FFFA45F6
FFF2E00C
0008D3DD
FFEF6717
FFFA1DF9
FFF31148
FFF75852
FFF12DF0
FFFCB2C2
FFFFE961
FFFA9D1D
FFFB7416
0002C5AB
0006E139
FFFED34C
FFF57D7D
FFFDF976
FFF912BF
FFFBC54C
FFFA3CE5
0005C913
00061531
FFF50FA0
00060A5B
000175AC
FFFB70BA
00003D43
FFF70507
FFF61DB7
00006289
000C6498
000FB056
000EE92D
000022C4
000AD6AD
0004BAAD
FFFDD86C
000597D2
FFFDA7AF
FFFDF89D
00003D50
0000683A
FFED89D9
FFF26FD1
FFF2557D
FFF42445
000330F2
00013EAC
FFFDB602
00002264
FFFB0A4D
FFFE10A7
FFFA5870
000C3A2B
000CA6BA
000EA712
FFF7D8E3
00072C9A
000561D7
FFFFFAC3
FFFDFE4C
0004A15D
FFFBB6D4
FFFEFE1D
0006C626
000513EC
FFFCBF86
0007376F
00019EC6
0004563B
FFF7ACB3
FFF892AA
0003673F
FFFFAB7D
00016C3A
FFF97556
0000CD61
00037FBF
00018168
FFFF45FF
0002482B
00018D6F
000217E9
00004754
FFF9F3A3
FFFF5A1F
FFFB6D96
000368CB
00075AA8
FFFD5B3F
FFFF28F6
0005264F
FFFDE8AC
00055E44
000AF7B7
0004BC29
000692ED
000043F4
0003A55D
FFFC71EE
000404E9
FFFDA1D1
00066BC1
FFFB5E7C
FFFF17DB
FFFCA1D0
00050179
0002C094
0005F623
00007247
FFFC9AA0
00033A01
00063229
0000467C
00060429
0004EE92
00033774
0009F8F2
0003D886
0004618F
0003D9CE
FFFD8479
FFF8D495
00059198
FFFEF1EE
FFFBBF8C
FFFFD454
00033BA7
00049B7B
FFFD7A7E
FFFF067C
FFFD7489
FFFE24A5
FFFF2481
FFFB887E
0002497C
00071EBE
00036117
FFFF9FAD
FFFCA74F
0000A11A
000023D8
FFFEF8F7
0002BDC5
0001B387
FFFB9DD9
FFFC7319
00003AAC
FFFE0F5B
FFFFD226
0000A035
FFFDB35B
0000FBDA
FFFEAB33
00026E17
00011444
FFFED3D2
000773C2
00002F3B
000009AE
00003CA1
FFFB5A23
FFFB90F7
FFFE6859
00040900
000031C7
00017737
FFFF71A5
00095CCB
000040E2
0007416A
00004CB4
00040879
00072F19
000A92AE
000644E1
0001F1AD
FFFE3CFE
FFF8E072
00033297
00036C44
0000D0A8
FFFC4D1A
000524C5
00041FCE
0006D43B
00092101
000923DB
FFFEEDC4
0003182E
0005E998
0005FF39
0002BD7F
00015C4C
FFFE7673
FFFB7A85
00071275
0005B0BC
FFFCA4F2
000592AA
FFFCFE6D
0009189B
00082722
00091E3F
FFFEB497
0002A7DA
0005AE70
000481AF
0004D68A
0007FB82
00070119
0002EBB9
00053BBC
0004A9EF
0003E1B0
FFFD7C3A
FFFE8355
00058B16
00000A54
0002F1BA
FFFC2AA8
0001CE6F
0000C304
0002CACB
FFFF1350
0007434D
FFFF9933
FFFBAF9F
00034C2F
FFFBFE51
0004D0F1
FFFD828F
FFFEA2D5
FFF9F614
0005EF84
FFFF2528
00088539
FFFF37CE
0002F148
0001010E
0001CB83
0001E531
FFF81AAF
0003ECE3
FFFCFBE1
00015F4E
0002CC6C
00030C2A
000242E4
FFFD8756
00025020
FFF7F525
0008E3C1
FFFC7AA5
000524CB
000099CB
0002CF43
0003E06B
0002F9B5
0005B171
FFFF4929
FFFF256D
0004DEE8
0004F2A2
00049505
FFFD4811
0001C124
FFFAD973
FFFC74B7
FFF77D35
FFFE999A
FFF76C02
0000D73E
00051330
00014905
FFFB3BB2
FFFC0C87
FFFD9DC3
FFFC711A
FFFB3892
0001A79E
FFFEA080
FFFC3D9C
FFFB47CE
FFFC9FC8
FFFF495A
FFFA30F9
FFFBF456
0005DAE7
00048618
000406BB
FFFF804C
000415D9
00005621
FFFF55A8
0000764D
00002987
FFFF5253
FFFAC629
00057DBC
FFFE595A
00028FA2
FFFF0C69
00027FAD
0004B41F
00002ED5
0005D436
000555A6
0007D115
FFFAA968
FFFA407E
00026534
FFF8EB74
FFFBBADD
FFFF8922
00017BA8
FFFB2CFE
0001B497
000606A6
000961A8
0005CA48
0008F795
FFFEB359
0003CB7C
00064F7F
FFFD2E40
0008AFFE
FFFC37E3
0005E9D3
00080A00
FFFFA1B0
000388E0
0005C0A5
0003DF22
00067CB0
00059344
FFFF923E
FFFC4781
FFFAB9B2
FFF7D6D7
00004E4F
FFF651C4
FFFCD79B
FFFF74E7
FFF6A9BF
0007350E
FFFAB4F8
00033375
FFFD7E06
0000C620
FFFFBED9
FFFF8210
FFFEB0ED
0002DA3C
FFFD97DC
0000C223
FFFFCA41
FFFC5422
FFFE1D5F
FFFF5E01
0002D887
00051E80
FFFC623E
00078322
0003740A
0000C97D
00075663
FFFB537E
00013F19
FFFB82C4
000552EB
0004972D
0008ED78
00066A4E
FFFF710D
00016007
00044DE7
FFFC0215
00077802
000A07BC
0004EFAF
0000F44E
FFFF1744
0005F1DA
FFFB97C1
00070DAD
FFFBC517
FFFC9C14
00006184
00040114
00038DB4
000A7D41
0007A990
00060665
0008F90C
0008CE12
0007FB09
0000798B
000AD2B3
FFFF6948
0003E759
00019EF3
00054885
FFFB5A4E
00034440
FFFF5859
00029BF2
00008822
0003D3FE
0006D1C4
000400BD
000291CF
0000FDC3
FFFE7564
FFFBD545
00007320
0001DAC7
00079494
FFFFB2DF
0001FA7A
FFFB5C94
0005DD71
FFFDF951
FFFB1662
0003178F
000792FB
0000686C
FFFB6CD5
000260A4
FFFC76DC
0000E8C8
FFF9B37E
FFFA7D2B
0005A457
FFFFBA28
FFFBB17F
FFFFE6CC
0001DACB
00055224
FFFE2E2D
FFFF85BE
FFFFB03F
FFFA9C9E
0000D7CF
000117F9
00055DB9
FFFADC1E
00049FC6
FFFD2F2D
00039FD4
0006B68F
FFFE47DD
FFFCC824
FFFB5A60
0000E1C2
FFFE25D7
0003CF20
000514B1
00002A8D
0000EE9A
0000CBE8
FFFC46EB
00004BED
0001B33E
FFFB2453
000138E9
0006959B
FFF88185
FFFD7D9A
000514E1
0001D9DA
00058880
FFFF1B67
0001FB22
FFFF0A33
000629C1
FFFD9A06
000635FF
0003822F
FFFFF8A4
00071B93
0003211F
FFFD1052
0000309C
FFF8413D
00008F40
000830FB
000327A3
FFFC9C5B
00019983
0009A87E
000223AF
00043CF6
0008B7D7
0003777B
0007662A
FFFDC995
0006B173
0007D3AE
0000B72B
00020D6B
0001B7A4
0004DE30
000782C3
0001C18C
0000EC8D
0002579B
FFFF6753
00043396
FFF9F412
00071329
FFFCFEF0
FFFDDD6E
0004083D
0004909F
00059D8A
000AE6DB
FFFA967C
FFFE1FB1
000867F9
FFFC9395
0003DFBB
0005E7FE
00052777
FFFD8D4F
00020F5E
FFFAD0B5
00023EB8
00043903
00046095
0003295C
000874C5
0002098E
0000A39E
0001E22E
00002326
0006D0F8
FFFE1742
FFFEE22D
0005A512
00045694
FFFB20C3
FFFF8D7D
0007C767
0002D8D7
FFFDB1B8
00062646
0005ABBE
00021A45
0000BA31
0007E3FE
0002CAD2
0007F30C
0004DEF8
0007F801
FFFE535E
00036CF2
00055DEC
000073F0
00036187
FFFCD059
FFFF7E86
FFFD8D03
FFF8F676
00015347
FFFC48E9
FFFDEB11
000160A9
FFF95A34
FFFB746D
0005C106
FFFF88FC
FFFF2321
0002A94B
FFFB59DC
FFFA7B17
0000D40A
0004E3E4
FFFB372F
00014D9E
FFFE1030
0002A5AD
FFFDB489
00016C06
FFFDA5C3
0005F6D3
FFF9B48B
00033DA6
00044A23
0000DB3A
00044770
0007F16E
FFFA900D
00085BB5
0004EFC4
FFFFAE3C
0004CFE1
FFFE8A8E
FFFF6623
FFFE906F
00005D1E
FFF9BAEF
FFF6849B
00046EE0
0003ECEB
FFFDD82D
00058094
00062CF0
0001C618
FFFEED51
0005E2A1
0002F781
000359EA
0003C902
FFFEB17B
0005FEB9
00017B9C
0003920A
00012231
FFFF4E00
00002B83
00038319
FFFC8A25
FFFDA1A4
00009A35
FFFE0883
FFF97D48
00050644
FFFA1FBB
0004102C
FFFBF9F4
FFFFB484
0000FF89
00000880
FFFD12EC
FFFCCFE2
FFFBC99B
00010EB4
FFF980EC
0003AA04
FFFD6B5C
FFF94974
FFF6AAEC
FFF73E92
FFFE235F
00002298
FFF9134F
00001E4E
FFFE0FF6
0002099E
FFF6C0DC
0002143D
FFF9642E
FFFF692A
FFF71B52
FFF64C7F
FFFD1240
FFFCD4BB
FFF74A1E
000003ED
FFFB49BA
0006F836
FFFD5173
00053334
FFF941D6
FFFA971F
00019AEE
0001996C
FFF9B0D0
0003C65F
000875F5
00060B88
0005CEBB
00049890
0006A33F
000A082C
0002A7F8
00007F42
00052F01
00019F6D
0006A72F
FFFBE9D9
0000152D
00058C23
00021A65
FFF9DD0B
00019F94
000461AE
000322D5
FFFF0319
0002DA87
FFFA7617
000B3704
0006186D
0002CE1C
00054C1B
FFFF2735
00047741
00072538
FFF6D2D1
00019884
FFF9252C
FFF4B074
FFF7CD7B
0004FB99
0007D532
0006EE4F
00083146
0008B7BC
00002B69
FFFD192A
00073B96
FFFC3D17
0004FC85
0004696E
00081B7B
00065A55
FFFE540A
000A7AE0
00045F3C
FFFE0581
0000DEC8
FFFFBF88
FFFAF834
FFFC3D16
FFF9886B
FFF9506B
000AF654
0002CA79
0002ED7B
0007FF12
FFFC8DD9
00007F81
FFFC50DD
FFFBB9C9
0005B639
0003F99F
FFFD7C19
FFF789E6
FFFC244C
0003960C
0004614E
FFFCE34D
0005D68B
FFF9EFC2
FFF81D9D
FFF8C616
FFFDBD92
00041699
00021E47
00018FFD
FFFFA5E0
00055D7D
00014395
0000F438
FFFA9A81
FFFBB2BA
FFFD094F
00035572
0002DCBD
FFF8E519
0002AFB8
00083519
00046E07
FFF221EF
00007DD9
FFFFF353
0005432F
000315B1
000152F5
0005FC56
0001D775
FFFF87D7
00002191
FFF9A040
00043044
0003E86F
FFFDACD3
0000A76C
0007F7AF
FFFB5B13
FFFC6127
FFFAE15B
00013F3D
FFFEC1E6
FFFC21AA
FFF9D3AD
FFFD7D41
00001CE8
FFFF090C
000A82A7
FFFB1056
0004E305
0004D6FB
00038D0F
FFFF681B
FFFCE034
FFFD97AA
0005A40B
FFFDE116
0000B7E5
FFF9085D
00030FE5
FFFC18C7
FFFD9AAF
00025964
00011742
00017D98
0001B531
00036C7A
FFFF8B65
FFFE5EA2
0005941E
000087DF
0000AF96
0005B269
0003DB9D
0009763A
0004E13A
00006004
FFFACE14
000147FA
00007E7C
0002AC92
FFF72923
0005099F
FFF7BDE2
00001F6C
FFFFC8A8
0009D1C2
00002E38
FFFC3744
FFFBCE1C
0008280C
0007101B
FFFF6DA1
00010494
FFFDBCD3
FFFEEA80
FFFE4B67
0005B5D6
0008444D
000874E9
0001EC75
FFFED813
0004D72A
000369A9
FFF78700
00029B71
000335CF
FFFBA6DA
FFFA2E41
FFFE14F1
FFF84C27
FFFA9D06
00041B4C
FFF9E1D5
0000D812
00022FE1
0008D87A
0002DC84
00072B9D
FFFFF5AB
000393EB
0009DB93
00062DF3
0008615E
FFFCCA29
0000AC1F
FFFD1AB1
000C028C
0007DC4D
00079F14
000ABBE2
0005B405
00027F25
00012496
FFFAF7A5
00075018
00043861
000278A0
FFFEFF8D
FFFA619B
000396B7
000071B4
0009AE38
FFFBB22D
00006A5A
00073100
00095B41
FFFD02E8
FFFD0A0F
FFFF1FF4
FFFEC3ED
FFFFE648
0005BB34
00063323
000567FE
00079DB4
FFFFB2E9
000207A0
000614F8
0009594C
0006614E
0004FCB5
FFFEA129
FFFBEE50
FFFF5FDD
FFFBE0B6
FFFF8710
00051DF5
0004C8BD
FFFF4F50
FFFDE471
00001688
FFFE4158
FFFAEE4E
FFFE9E40
000414F2
00071692
FFFF9DF1
0007C1F7
FFFA263E
FFF49A58
FFFEA424
00034E1D
000A21B2
00075E13
0000A73C
00037260
FFF671FB
FFF821E5
000011ED
0001623C
FFFF890E
FFFC3877
FFF42059
0002EB46
FFFFF00B
00095EC3
000124A7
FFFDDB93
00056301
00030C6C
00014E40
FFFAE138
FFF8FFBF
0005D74F
0002A00D
FFFEB055
0003C859
00036DB9
FFFDA2F9
00053816
0002D628
0002A07D
FFFC42A9
00064113
0005ED63
FFFB11E0
0007BC93
0009D7BD
000545DD
00050F92
0005C5E3
000B8D49
FFFB6970
0002C7DB
000A6572
00071F35
00024C27
FFFDFC44
FFF93C33
FFFA7F40
000322EB
FFFC4AA0
00069849
00025B6F
FFFC6834
00063E0C
000844BB
FFFD0B3F
0000F6AE
0005403D
0004C82F
FFFD8824
FFFA7246
FFFEF7D0
FFFBA621
0000BE5F
FFFD5852
0005ECEF
00055D75
0001AB95
00088DC7
FFFBDEC5
FFFAB8C7
0000FAFD
000086A9
FFFB68A6
00062694
0000D28B
FFFF4497
0005B558
FFFC50F3
00025676
FFFBC442
0006B512
FFFE799C
0009124E
00035141
00067DE4
000551F2
0003C752
00099327
FFFF168E
000BEF2B
000059A3
0002C310
00002C52
FFFFBFA3
0006165F
FFFFF9C4
FFF9DFE9
FFFC6EE8
FFFA5197
FFFB0F08
0001BAD9
00037909
0003306E
0003FDA8
00082F6B
000A5447
00069DF4
000363E6
0000343F
0000D318
0006AB21
0003D9C1
00023D98
FFF8D405
0007E36E
FFFF3066
000173A9
FFFAE72D
FFFD2D42
FFF63418
FFF9EB50
FFFE2516
FFFC5D16
00032264
000363BD
FFFF89C5
FFFB2C75
FFF5F5A7
FFF7AFD9
00000C5C
FFF54696
FFF893D1
FFFF6D5C
FFF52BCF
FFFD1296
FFFBB75D
FFFBF2C4
0003AA6C
0009E45A
FFFCC4D0
FFFEC106
FFFBAF5A
FFFE4DFC
FFF86A4F
00083141
FFFDBE80
FFFE3FD0
0001DD9C
000C524B
00016B64
FFFEB510
FFFF3123
FFFFDB61
FFFD0654
0005FD20
FFFD3825
FFFFBA0A
FFF77162
FFFFE816
FFFE885D
FFFA80E1
0000E93A
FFF5F896
FFF576D5
FFF97459
0000A08E
00059837
0002BAFE
0000E6E3
000B0233
0003A754
FFFC1EE9
FFFE05FC
FFFCCA42
00025D2E
FFFBF092
FFFD77CF
0000253E
00049674
0001E927
FFFF34EB
FFFA9547
00079892
0001F07D
FFF6C49A
FFFAAE97
00019C77
00000567
00061177
FFFABA69
FFF9FBEA
000382D3
FFF961B2
FFFDDB8E
0001058E
0000E579
000C561A
FFFA2F89
FFFA4639
FFFE8F61
0005C447
00092851
FFFE2791
0000A507
0005CBA1
FFFA0EB2
000B91F0
000251EE
0002834A
FFFA3BC7
000A46A4
00048FC8
00042878
FFFEA195
000C4E38
000B3DC5
0002134E
00090A67
000AB5EA
0005A263
FFFEC43C
0005EEA3
0006667A
FFFB0795
FFFE6E03
FFFD975F
00042B2C
FFF9A71A
0003CA8B
0003ABC7
000ADE9A
00069768
0005DF72
000C7C85
000BB553
00094764
00070CDF
FFF5B3FC
FFF3E737
FFF47C75
FFF7A71A
FFFA6CB1
FFF4F085
FFF8A9C0
FFFEC92E
FFFD7152
00094E64
00013041
0006E227
FFFCE0FA
000071B2
FFF9A65F
FFFE3996
0003AF4A
FFF8D076
0001B041
0004B0D4
FFFEDE20
0002F482
FFF88A03
FFFD256B
00034A30
000319C9
0003CA3A
FFFAD164
00051832
0006F1BD
FFFE4FC5
0002A42A
FFFD25F8
000411EA
0007B902
FFFEF6C7
FFFEA8D6
00027630
FFFB4CBF
0001C910
FFFC5364
00000962
0000674B
FFFBEFCE
FFF95B11
0006DF4E
000986EB
FFFE8D32
0000F2F6
000D7468
000EA319
FFFFF70C
00029011
00030980
0005D0D2
FFF8F497
00038410
000AD686
0006F494
000640DE
FFFDA97B
FFFC77BE
FFF8F1C5
000562CF
0005D488
000932CE
000CE004
000F47D8
FFFA8141
0008F8A3
0007D743
FFF752A6
0008C224
0009FD29
FFF75E9A
00037743
0011C0A6
0007E5D2
FFF6FE3D
00082A9F
00108D23
FFFB93AC
000281D5
FFF63ED7
0006492A
FFF80BE7
00090950
00042A54
00038DE8
FFF34186
FFF99939
FFF8D53E
FFFCE0C5
FFF50CB1
FFFCB4E3
FFFCD4C6
00031FB1
FFF534AA
FFF0BD0B
00118E53
FFFFAFE9
0000083A
000D9E7E
0007A2B5
000D182C
0009D9C5
FFFFC452
00033B9F
FFF7F68A
000D8135
FFFC41B0
FFFCC3C1
00087DC4
FFFB1313
FFF799A2
00087EA6
FFF4564C
00030A44
00028AB4
FFF46302
0004C949
000648C1
0005827F
000965C9
0008394A
00031917
FFF96829
00003925
FFEF5B0D
000D3FC3
FFFF29E8
000506D9
00086BAA
00013812
FFF48627
0001A49A
00006DA1
FFF142AA
0010EB50
000711DC
FFF75A3E
0002809B
FFF9E9A3
000438AF
0007054F
FFF8A4F0
FFF708C8
FFF9C1D5
FFFE40D5
FFFE223D
FFFAC4C7
FFF9FBB8
0000FF1B
000A4E5F
00048F0E
FFF82C12
0009100A
FFF5B48B
FFF9472E
000289C1
00017173
0002FEE4
0003C89D
FFF5C334
FFF2CB01
000AC78E
FFFE99BF
FFFEE47B
FFF6F624
FFF4C8BA
FFF1C5C2
FFFE67E0
FFF9FACB
FFF912D2
000D0F98
0004AC29
FFFD067A
FFFA1730
00076E07
FFF79690
FFFA677D
FFF8A2F6
FFF34167
00056281
FFEFB62E
FFF35BFD
FFF7CA32
FFF45F48
FFEF0828
FFF5F7EC
00076C60
00065526
00040630
FFFD2E3C
00002C09
FFF4B21D
00004F6E
FFF4EDEB
0000D3DF
FFF87131
0003F109
000042DC
0001F5A6
00008B76
FFF82C80
FFF4CBDD
FFFD2183
FFFD09AF
FFF60B86
FFF2E02D
FFF99DD8
FFFF986B
FFF34987
FFF61A37
0003AF34
FFFFD314
FFF40599
FFF3E3DC
000523FD
FFF76E43
0007F8BD
FFEE1AD3
FFF6E75C
FFFC79DB
FFF59221
0002F018
FFFAF953
FFFC300D
FFFEDE52
FFF681A8
FFF26794
FFFC3D1B
FFF680CF
FFEDC830
0009A422
00081339
FFFDAC35
FFFD1CDF
FFF91586
FFF71C06
0001362E
00030286
00053E16
FFF39470
FFF910DE
FFFE14A7
FFFCFA27
FFFDD06F
00016758
FFFFC5D9
FFF324A9
FFF34138
000AE156
FFF6352F
00058E2C
FFFF72EB
00098EA4
00043D9F
FFFC3080
FFF96E6C
0005F334
FFFB6271
000BAA9B
FFFA6E67
000C173B
00047D3A
FFFFFBF8
000D33ED
FFFDF9DB
FFF7689A
FFF8EF85
00026B97
00074D30
0001CFE0
00072A89
FFFB359A
FFFF1A4B
0004A965
FFF34A3A
000AD709
FFFE4C38
FFF9C139
000F3B26
000BDBB4
FFFB2714
0010AE95
FFF80B3D
FFF2FC41
00007FFF
0005D0BB
FFF86F97
FFF892BB
00060A42
FFFFCD1A
000945CC
FFF87962
000538F8
000892D3
FFFAC42F
FFF61496
FFFFBE8F
0009578C
00001354
FFFD1A92
FFFA6E81
0007990D
FFF763A6
FFFE90F9
00024741
FFFFDF9E
00095597
FFFDFEE4
FFF263C4
0004FAA0
00021D75
000B05B5
000668C2
00029002
000FBC7D
FFF6E7F6
FFFED3DB
001120C6
FFF71F1E
FFF90438
00026FCF
FFFFDCED
FFF96B53
001159C7
000E1494
FFFEB4F1
000A1446
FFFBBABB
000005C8
FFFF2261
00102E99
FFF73D1E
0000700A
0007ADB2
FFF8518C
FFFBD27F
00004DCC
FFFEBB61
FFFB0B5D
FFF69A83
FFFBDAE8
000DABA7
000C8CFE
00058EE2
000D85DF
00055F52
0004A0C7
FFF8393D
FFF5D72A
FFF31C78
FFFB8FC1
00007FA3
FFF7D686
00031957
FFFFBDE8
00019657
FFF9D465
0003818D
FFFB2267
00082637
FFFA9EF4
0002BA7B
000AFB9D
FFF82BB7
000289E6
0003369F
FFF94022
FFFF7C89
00001B5B
000190A8
FFFE12C4
FFFFEB85
0006EB33
FFFAC195
FFFF4B1F
FFF4D072
FFFBD46F
FFF6EDFA
00075889
00037E87
00057B0C
0002B419
000017D3
FFF9BA89
FFEC462A
FFF53D8E
000819C7
0005DE1A
FFEEE702
00032A02
FFF772AD
FFF16067
FFFB53C9
0002AD59
0001DACE
FFFED760
000A6F91
FFF4FE94
FFFC7E86
0005D3BF
FFF5C8D4
FFF57E06
0004E692
FFF54F79
FFF5DD27
0005C33F
000537F9
FFF55C7B
FFF07D3C
0003F975
FFFE3C5C
00011204
FFFAB3B9
0002733E
000E2DE6
FFFF4E21
00088110
FFFF7535
00000521
0002A99B
FFF658BE
FFF07F02
0001E71F
00009BC3
FFF99579
FFFB430D
FFFECFD7
0000D0A2
0005DD89
00006575
FFF102B3
FFFC1F51
0005BD24
FFFF45BE
FFF95CB9
FFFCC6D9
000173AB
00063642
FFF7BEF7
000496E1
FFFEC29C
FFFCB93D
00037791
00090AFE
FFFB8F75
000289FA
0002AB68
FFFBB26B
FFF230AE
FFFA52D8
00036694
FFF3F546
00081890
0002FF30
FFFCB9C9
FFFEE751
00070A15
0002F6F8
000CF456
FFFE2A50
FFF08A93
FFFF0620
FFFF303B
FFF25B78
0007774E
0006827C
000725C7
0003E345
000C7B60
000249F7
FFF72A70
0006C9DB
FFFBFD0D
FFFBE362
FFEE4882
0001FC49
00093105
FFFBC4F8
FFEF3BA8
FFF8B858
00087C56
000390E6
FFFAA390
0001055E
FFF0D420
FFFEA90E
FFF303A9
FFF90060
00005C4F
00042F65
FFF881B7
0003864E
FFFB727C
FFFD0083
0006AEBD
FFF7327E
FFFACFBD
00040930
FFF99DFA
0005F20B
001270B9
00099CDB
FFFC07FE
00000D17
0000C2FD
FFFCCA5B
00041B4C
0003D936
FFF716FF
00099E66
0003D9D9
FFF7195A
000ADFB4
FFFB3A55
000500EE
0002C6C0
00079D67
00058692
FFF69756
FFF34E1D
FFF617D4
00004EDB
0002A3D8
FFFF3247
FFF0DA14
00053F44
FFFAFF6D
FFF2305E
FFF687FF
FFF4FD14
000EB6E6
FFFDF5E9
0001BFE8
00013D10
FFE93068
FFEFE518
FFFFC963
FFF8B077
FFFEBD93
FFFDE576
000F027A
FFF52EB6
FFF8A60B
0002E753
FFFDF905
FFF00CE4
FFF6A4E3
FFF6BE84
00091F65
FFFD85BF
FFF5A4D3
00039FED
FFFD880A
FFFCB7F2
FFFDC5AE
FFF6FD0C
FFF30D3B
000231E7
FFEF8B9C
000129BD
0008E517
FFECED7E
00060AB7
0009AFAC
00053ED2
FFF7AFC5
0009C195
FFF7BBF0
FFF8F329
FFFA6B00
FFFDFC4A
0001A4E5
0002EF72
0008CDB1
000B76BA
FFFB7D0B
001413B4
00090081
0007861A
FFFFA1F9
FFF90038
00070A5E
0000DF66
FFF5BE26
FFFAE92E
FFF30055
FFF84C94
0002A7AF
FFFCD763
FFEF6DCD
000A6DAE
FFFC02EC
00015C01
000CA00F
FFFC9F3B
000C561D
FFFA50F6
FFFDD397
00002653
FFFC1A85
0000C85B
FFF4DC46
FFF8A63D
0008B77F
FFF9B834
FFFF8316
0000C935
FFF92303
FFFF7CCA
FFF93F08
0000CF17
000A2FF7
000970BD
0005661E
0005FF5C
000F45B9
0009A68C
0005FA58
000E299D
FFFE7DD5
00027EF4
0006EDF3
FFFCE8DE
000D1218
FFFCB2B9
00057794
00039057
00064FA3
FFF57607
FFF7A260
FFF9965E
FFFC8434
FFFF97E4
00017118
0001FC8C
FFF82DB4
0005B464
FFF01BBB
00097545
00010259
FFFE0F49
00012F9F
FFF65EF2
0000403E
0005A2FB
FFF597E1
0002295D
FFF5CE4B
FFF60514
00017680
0007B103
FFFEE698
FFF404D9
0000CCA1
FFF89A37
00034719
FFFF1169
00038A00
00011385
FFFACD29
FFFC5A17
00039942
FFF967DA
00041012
FFFED4C4
FFFBE910
0004B476
00050EDE
FFF9D0DB
FFF7E78A
0005E86D
0001EE0C
0002113A
000A488F
FFF3E9AE
FFF9F1D7
FFFC8AE4
FFF7E545
00001851
0003F04F
FFFFAB54
FFFF4442
FFFE4C29
FFF7D308
FFFFFD6E
0001FBC4
0003B34C
00004174
0007D3DF
FFFB6919
00009EAE
FFFF84C3
FFFFFB87
FFF872D1
FFFFBD5D
0002B1F9
FFFBBC0B
0008F9EA
FFF84C05
FFF92F67
0003A5DA
FFFFFB72
FFFF938B
0006C374
FFFEA955
0004B587
0003B453
FFF26507
FFFE3CA5
FFFF056B
0003E002
0006A14C
000224E2
0001E89C
FFFC5EE7
000177E3
FFFEDD31
FFF2B466
0002591F
FFF96FE8
FFFC8394
00060A57
FFF9E3FE
FFF80BF6
FFF76FA4
00026F92
FFFAF137
FFFE362E
FFFC1470
0001DA3E
FFFCBB34
0005B510
FFFEA8E8
FFF5976F
00033F02
FFFB50BF
FFFC56D0
0006B300
FFFC64ED
00034016
FFF6D895
FFF7F657
000165E1
FFFE5D13
FFF85B37
FFF39AC9
FFFC28E6
00086501
FFFB5AE8
FFF67B60
FFF9E04D
0008739B
000844A1
FFFF5D75
0001272B
FFFA1F01
FFFB3891
0001C4A0
FFFD6D56
FFF84833
FFFF905C
FFFA586F
0003CCC9
00059060
FFF39617
00033EC4
FFFC23DB
00006608
FFFC8FF9
00065433
FFFFE4BB
0006EB61
0002B4FA
FFFDB2A5
FFFD591C
FFFEFB16
0007EAE5
000463F1
FFFBA4F9
00022352
FFFD8D42
FFFDAD0F
FFF61C1D
00048B68
000347FF
FFF30255
FFFE8B95
FFFAFCFC
FFFBD8FF
FFF79A51
00003057
00051AFF
00067E05
FFFB57CB
FFFBCCBF
FFFDE1B7
FFFBD09A
FFFB1A70
FFF96621
FFFA4419
00010A40
FFFEE533
FFFF191C
FFFEC786
FFF69403
FFF72DEA
00026759
FFF7DF2A
FFF843E0
0003A6D9
0001268B
FFF9F68D
FFF53A15
FFFAB5B7
0005448C
0007F81F
FFFACD1E
FFF5A2A1
FFF7AAC5
FFFDA3D5
FFFF4331
FFF75C2D
FFF22C6B
FFFC3026
FFFC8CBA
FFFE1E6D
00034D2F
FFF83FDA
FFFB6164
0000D730
FFFDA513
FFFE83BF
00026781
FFFCAD65
FFF9364D
FFFDD2E1
0000672C
FFF69B5F
FFF92C8A
FFF95A7D
FFFE85C5
FFFC4564
000572CB
FFFEB4EC
0006FBDD
0000BC79
FFFE8764
FFF8C6A2
FFFF07BE
000709FB
FFFC3E9C
FFFC7234
FFFB0F39
FFFAD78D
FFF02EC2
0003460D
FFFBC772
FFF88F2B
FFEF2CFC
FFFA5EAC
FFFFDB1B
00019155
FFFD22F4
FFF7CE3E
FFF3C034
0007AB0E
FFF4EF09
FFFDE384
FFF5820B
FFF8A28A
0002B2CB
FFFE63DF
0002B55D
FFF677B9
FFF7C0D9
000017F3
FFF84BAC
0005F548
FFF31A10
FFF909D6
FFFB9A9F
FFF6817D
FFFFB9F3
00083CB0
FFF31708
FFFF3AA5
0001CACC
FFFAA71A
FFFD1A66
000077FF
FFFD3E2F
0001EE07
00033006
FFFC6F7A
00027605
FFFAF86E
FFFEDF95
0001473D
0000CE1E
0001815E
FFFAC067
00046FDA
FFFBF522
FFFABE6A
FFFE0F6C
FFEDE4EF
FFF33866
FFFD1514
0005A394
FFF64B29
000462C0
FFFF5DF5
FFF65E07
0000225F
FFFA30BB
0003DE0C
FFFDEA1F
FFF77412
000114B3
FFFFC0F9
FFF72270
FFFAAD23
FFF9CDFF
FFF70DC3
FFF8BAC0
0002A11C
0001704A
0002AC1E
FFFACD8A
FFFD2F39
FFFE90EC
FFFCBD44
0007C359
0008B000
FFFEE59B
FFFB9865
0000E1FD
0000CD59
0005FBFA
FFFA68CC
FFFD367F
FFFA3B26
FFFA1F28
000746BE
FFF64F1D
0004F529
00054E5D
00062D88
FFFAD857
00035F07
0000C428
FFFE469B
000146DF
FFF2D289
FFFB5BE3
000427DF
FFF92F7C
FFF9EB4C
FFF60429
FFFDEC82
00026F2C
00064CE6
0004F0C2
0000B382
00029F22
FFF8FD1F
FFFE84BA
00078712
000022D5
00007FD0
FFFF66EF
000A3CD5
FFFDAF52
FFFCB0A5
FFFE65B1
0003DAE8
00032124
00041471
0005B9A6
0004325B
FFF959EE
000466EA
FFF6125D
0002622A
0002EE91
FFF9830D
0008A672
0005C96F
FFFA867B
000B96C5
FFFBE277
FFFFB3C1
00034016
FFF965F6
0001A357
FFFA5AE1
FFFBA15A
FFFD7E8C
0006E814
FFFB9D57
0008323A
0002121F
FFFA5A0F
FFF8ED00
00088F3D
FFF6C333
FFFA7E61
000081B5
FFFF7204
00051E2D
FFF3FA5F
00016781
0000C01C
FFFEC1DD
00040A76
FFFDFE16
FFFFC440
00043BBE
0000D019
00049EB5
FFF6083D
FFFD74DB
FFFFFD4E
FFF8B5A4
FFF7EFD2
FFFD640A
FFFD3272
00047336
FFF4D80A
FFFC0F55
FFF93EF2
FFF64562
FFFEB2D8
FFF97CE5
FFF88C54
FFF93AF3
FFFA176F
FFF9F69D
0000B218
000230C3
FFF4C7DC
00035036
0003A015
FFF89EE3
FFFEE26E
0006F6E7
FFF93D87
FFFE9264
FFFF827C
FFFB1BB4
0007571A
0006DB18
0007162C
FFFD96D3
FFFA35D3
0000FC17
000BCEE1
FFFFAC5A
FFF9F7A6
FFFA45A6
FFF94214
FFFAA77D
00026F02
FFFDA70C
FFFA3AB2
FFFF74E4
FFF58B84
0007CC5E
00021FCC
FFFF5B12
FFFC5F7A
FFFE0B04
000549AB
0002833C
00062346
FFFC591F
0008D6E7
0002C22B
000286D5
FFF85ADD
00065F30
FFFF464F
FFF7D0A9
00053C9B
FFF96B3B
00031520
FFF514F6
FFF82D8C
FFFEE7F2
0001BF39
000831E4
FFFE9757
FFFA5612
FFFE1F12
0002C9ED
00004C7E
FFFBCBA4
00088B5D
FFFF8D78
0003C875
FFFB2CCC
00027948
000C75AA
FFF0B31A
FFF57453
FFF97390
FFF941D2
FFFFCDBC
0002EF04
FFF98335
FFFCB693
0001541E
FFFA309A
FFF96E76
00011623
0001ED42
FFF7A2F8
FFFCECF0
00004E1D
FFF74BB0
FFFF48A9
00077B9C
00088F15
000B693D
00030FD4
FFFAF74A
FFFA6D66
000185B3
0002D249
00006EB4
FFF5E128
000366D2
FFFE9E82
0000BE07
FFF4DF8D
000886FD
FFFC658D
0007C0F3
FFFAF05B
FFFB4841
FFFE4DE4
0008A6B0
FFFE93C1
0002686F
FFFB2790
FFF9F91D
0002BDC6
FFF97862
FFFD24A9
FFFC8DB0
FFFE68E8
000C906D
0008D69B
FFF63474
00003A91
FFFB6DE2
000019FA
FFFF8F3E
00034929
FFFD66A6
FFFA0570
00091345
000270D7
00057968
FFFA27D4
0005B5FC
0007EC78
FFFD329C
FFF7979C
00027E8E
0009CE19
00001E1F
FFFDCBFB
00056E78
FFFF1E45
FFF76FF3
0006A462
0006EF72
FFF9E56C
0009F859
FFFD772B
FFF81688
00047444
00054625
00079EE9
FFFB6080
0003D847
FFF8E4E1
00004017
000A8901
0006FBA5
00013DFD
FFFC5360
0001555B
0010F3FE
FFF7B647
0002B8B7
000FF4AC
FFFBF806
00044D0B
FFFD68E7
000FC62D
FFFB7836
000F8323
000C2324
000DE286
0002C42F
FFFFA7AE
00071834
0010F6D7
000030EB
FFFC1060
000E1BB9
00083D3B
0005DEC5
000338A8
001170EF
FFFB5E45
000391EE
000B0F77
FFF7829F
FFFF4FEB
FFFE0F08
FFF56D5D
0009ED06
FFF3950A
FFFFEEBF
0002E158
FFFDAF03
FFFBFDC0
FFFA54A3
FFF3A0F7
0002FBF0
000271D1
FFF7CA58
FFF46815
FFF976E5
00012CD5
FFF84AAB
FFF609A1
0005116C
00049B2F
FFFD5260
00008F3F
FFFAF6D6
FFFCE809
00003682
0004B0AC
0001473C
0006C082
FFF2F867
FFF7E0AC
FFFE0804
FFFE41C0
00041222
0005D9AC
0005ED42
0008084E
FFF67372
FFF97530
FFF3B672
FFF82F2B
FFFCC62A
0003986D
00013984
FFF5859D
FFF6BDDF
0005C590
FFF1ED40
0001F549
FFF85E39
00022177
00093576
FFF723E6
0004BA92
FFFDCE4A
FFFE49B6
00027560
0007C80C
FFFB3FBB
0009561F
FFFC3A04
FFFF5880
FFFE9B17
00032F71
000A2054
FFFDED7C
00058305
FFF8D6C0
FFFE8DFF
0002BDC5
00045532
FFFA7D21
0001EA78
FFFE0E8A
0005E742
000A4690
0004F515
00041FDF
000566CA
000A6DA4
000010DA
0001423D
0007D0DA
FFF768DC
0002E216
000A77CE
0002CB5D
00006FB8
FFFD8B6B
FFF94D39
FFFDBF23
FFF3FBA7
00005A52
FFFA1C5B
000156A0
FFF8E83C
0005BC3F
0002D321
000AB010
0014E39A
001141F8
0012C127
000228A9
FFF0C684
00008850
000001F8
000BC781
00063E8D
000A3368
FFF8530C
0003EF7F
0001CA82
0008B865
000C26A9
00012AD6
FFF819F2
FFFC5814
000B0393
FFFAF95B
0001E1E7
0005659D
FFF8A30C
0006A00A
FFFC7F3B
0002D7A1
FFFC4878
FFF6A6BA
FFF97349
FFFC26E9
00075B4A
FFED4BE9
FFFEAFFF
FFF59165
FFF50BFA
FFFBE5F2
000470CC
FFF7E6D7
FFF5DC57
00075136
FFFFCFB4
FFF24DF5
FFFBFFBB
FFFCD469
FFFEA04A
FFF5589A
FFF3DBBA
0000A2DE
FFF50A5E
FFFAAEA5
00052E15
FFF771CE
FFFA9A93
FFF369D6
00010D86
FFF35DD0
FFFBBA98
0007E721
0003049A
FFFF61AC
FFF43CB0
0006C24A
000DD6B2
000248B4
0008BECA
00008471
000AF1F5
FFFDFBFC
000C16CA
0001A338
FFFFEC08
FFFCD445
FFFD5181
00075743
00082924
FFF2B353
00010A67
000A13D0
000E299E
00062551
FFFF1CD4
FFFF58F6
FFF8FD0E
FFFA17C4
0001FDDE
000055E3
000C5B35
00066053
FFFEBF6E
FFFFB3B1
FFFC8CA6
FFF9351A
FFF76A3B
FFFFF50C
0004ECFA
0008A363
00041EBF
0005FD90
00034DF1
FFF98546
0002AAC6
0006717C
00078736
FFF9095C
FFFF2EB6
FFF551A1
0000FA12
0006EFDA
FFF7BA78
00153771
000C2721
001773EC
000500DE
0009E5C1
0004A2E7
00048793
FFFA96B7
FFFADD24
0005935F
FFFB8B54
00016C86
FFFFCFE6
0001BBE9
00027BFB
0004FD87
FFF4015F
000634E4
00058963
000629D5
0008875F
0001454C
FFF543C6
000729D8
0006B50D
FFF9A0FE
FFF98DCC
001452AC
00029EE3
00009E74
0006D2C5
00076DC8
00004BB3
0006ED14
00065AE3
FFF9D9AD
0003B0AB
0005ECC6
0003D520
FFF6109B
FFF88CF5
FFFA6632
0006FA64
000B3752
00031FFA
00006D32
000760AF
000B6C9A
00080AC5
000D7721
0000E29B
00064A18
0011B4EA
000A1853
0001F34A
0008C621
000225A5
000A34E4
000EE1F3
00090A3C
FFF8C096
00014886
0003D0AF
00055C10
0007710F
00108FE7
FFFC7F9B
000EA3CC
FFFD522E
00054D65
000270D3
FFF52FC0
000048F5
0004681F
0008D23B
FFFB3319
0001D7AA
FFFBA41A
FFF8E416
00106A92
00070D41
FFFA4962
FFF2C8E8
FFF99426
0004D388
FFF78C4C
FFFE75DF
0009B63F
0005FE62
FFF50B36
FFF9E955
FFF7CA86
00002C58
FFF872D0
00085B13
0002E2E8
FFFB2EC0
0003CA1F
00076705
FFFBECBF
0006581A
FFFFDC71
FFF8B045
000F6CFF
FFFBD9FF
0002E1FB
00012EE6
FFF6C92B
FFFEE8E4
0008F173
0008188C
000681EA
FFF920D7
0006926B
00068BF5
FFF553B2
FFFB16A1
FFF98B86
000B07D3
FFF9C37C
0007314F
FFFC15D8
FFF0DE7D
00085527
0004FC94
FFF65C38
0000C614
FFF57DF0
FFF216DA
FFF93BE0
FFFD8B6B
0003F710
00060756
FFFFFFAF
0006048D
0003B2E3
00087272
FFF2DA87
FFFA463F
0000E382
00040365
FFF7F311
00065358
FFFC952A
00036B46
00094964
00008E2F
FFF28457
FFFD21FC
FFFE4206
0007132B
FFFFF4A2
FFFDC2A6
000180FF
FFF88F64
FFFDF598
FFFAD003
FFF6FA17
FFFFD748
000E1B85
0009E027
0000588B
000B564C
00010875
00090441
FFF62BB1
00041168
00044C2D
0008EE42
FFFAF5F1
00078167
FFFCA645
0009664A
000C4AB7
000716E1
0004D409
FFF7A9D8
FFF2C7DF
000587B8
00016F10
FFFE409E
000AA0C5
00039A93
00053F70
0002BF15
FFFD0118
0007337C
FFF487F7
FFFC87D2
FFF3B807
0002E510
0007B29C
000270B3
FFFF48A4
FFF40810
FFFFEDA7
FFFCF786
FFFFA0B7
000164D2
0005B4B3
000CA399
0006CD43
0008B81A
FFF99749
000C2750
0003D9C7
000C3134
0001EC46
FFFD8831
FFF7F412
FFF4B7FD
FFFE5CB6
000AB0B1
FFF8BC5A
00021E9D
00006DC1
FFF27815
FFFDF2E4
000B37D6
FFF93863
000553CE
FFF8E8D1
00067CB0
00007048
000005E5
FFFB1517
0002DB00
0008042B
0006B4CA
0003D5BB
00042F6F
0002EF11
0006B373
000952C2
00062C83
000A1914
FFF7DD1E
0004AF56
FFF892DE
0000F486
FFFFD35D
FFF19F17
FFF86695
FFFFD1C7
0002AF01
FFF88ABC
FFF8D116
FFF5131E
00033DD3
0000D885
FFFCB959
00153576
000468B1
001A6072
000EF5FB
00068FDF
001151A3
FFFE8075
000DC962
0008E698
FFF75FCD
000361B8
FFFAC4F1
000D213B
FFFBF859
FFFF3F5B
FFF4C734
FFF443E6
000006DB
0005AEAC
FFF94632
FFF983E7
FFFC48C8
FFFE1C3F
000D0214
0003676B
FFF8F776
000824A4
000DFABD
000A7E6B
FFFFD11D
00025338
FFF577D2
FFFB39E5
000A859E
FFF94F0F
0009AEED
FFFB5ACC
00081439
0009F551
000642BD
FFFD3E8E
00099FF3
000D454E
0003C0DC
00072E6F
0002890D
0004DCE4
0004ADA3
FFFE3A58
000E77EE
0009D9A8
FFFF833B
0004866E
0007F4AB
FFFFB373
FFF6301C
FFF0086A
00004BA2
FFF9DBAC
00000161
FFFD6C04
FFF3AF87
000131B0
00101FBC
00158021
0005A0EC
0000BEEB
000B2FB1
000E4460
000780A1
0004DA56
000931C5
FFFF0C11
FFFF0C8B
FFF819C5
0004B006
FFF2D80D
00041FA9
0000F53C
FFFB855E
000EB3B7
000BED8B
000524EE
00000500
FFF634AE
000169CB
FFFE5A81
00120FC3
FFFA175B
0003A747
000383C4
00009A91
FFFAA543
0004E4F5
0005E153
FFFF3D8F
FFF5CD42
FFFB9F69
000ADAE0
0002F322
FFF815A8
FFFF1F94
00041041
FFFB570A
FFFC54FA
00090B3B
FFFA9AF0
0003D841
FFFD7A97
FFFAEF28
0004B77E
FFF95D9E
FFF3BF80
FFFD710A
00110294
00063248
000B6C19
000AF26E
FFFEF0BB
FFF1A515
FFF80062
0008D3DF
FFFB3FB0
00001E39
FFFB3473
0003A6F8
FFF99B81
FFFE0BE1
0002D239
00032F69
FFF98E49
FFFD857F
0007319D
0002A384
00036F5E
0005252E
000564DB
000332D2
00080001
000080D7
0009E4CA
0001D7B0
FFF9D161
FFFFD97B
FFFD418E
FFF43970
FFF9A8A2
00092C03
0002DE58
FFF35B08
FFFED39F
00002E87
FFFE7BC4
0002BD9A
FFF888B7
00035A0E
FFFFCE2A
FFFF8FEF
FFF73FD5
000081C4
FFF74100
FFFECC6C
FFF9F843
0006705E
FFFB8333
00024D3E
FFF9F3EC
000244D4
0002AB54
FFFB6290
000538E7
0001C9C8
FFFAD911
FFFEDFA0
FFFA0375
FFFA5BEE
0001F836
0003CF33
FFFD17B9
FFFC8C1A
FFFC5934
FFFD3B8A
000C374C
0004128C
00039CBA
0003D959
FFF3B752
FFF9E810
FFFEC723
00053963
FFFB4AEC
00002877
FFFA47DE
00068C90
0007D56F
000125DE
FFFFA9BA
00080B24
000A2403
0002A97F
000DE189
00010F16
0007C4C6
0002B73B
0004F433
000073E9
0004C629
FFFFA75D
FFFAA097
FFFC310D
0008E3FA
FFFA2FA1
FFFD424B
FFFB8EFD
FFF4FED0
FFF92B7D
000956FC
FFFEF479
FFFECA2C
FFEAD8F4
FFFB7C1B
00004708
0001FE03
FFF36CDF
FFFDF06C
00024F2C
FFFBEF8C
FFFC0441
FFFDBE13
FFFB3016
FFF9F57C
FFFE22A8
FFF7D6E7
00060770
000B9F4F
00082366
FFFB4711
FFFF06D2
FFFB007D
0006281A
FFF67FBC
FFF61829
FFF9F319
000635F8
FFF887A2
FFFEC8DC
FFFDE57B
FFFCCCAD
FFFB2532
FFF97A7A
00027340
0001078A
FFFC5475
0002F5BC
0002A88F
0008A033
0001FB6C
00018F47
00035F13
FFFEC6C7
FFFDEC12
0002083E
FFFE9CDD
FFF9E7D6
00079625
FFF79424
FFFE5229
FFFD6B5F
000724B1
00005D39
0000B532
FFF8FDCF
0002E582
FFFCE77B
FFFC98CC
000169AF
FFFF0CFF
FFF66B49
FFFFF15E
00058F41
0000CAE8
0001D029
FFF90908
FFFDDDF8
FFF9C7A6
FFFD4F18
000733E3
00059782
000486A8
FFFD55D0
FFF6CBC9
FFFBEC21
0005FD9D
FFF3C4D8
0007A157
FFF6F769
FFF95EB8
00007663
FFF5B384
00042A00
000A578F
FFF6FC7F
FFFAD9A9
0001FB2A
FFFE2833
0004FE31
000A7F1E
0004AE80
00006840
000FA33B
0001210B
FFFCA3B6
0005A3A9
0002FF45
0006EC31
FFF9C211
FFFD1D1E
0002C561
0001521A
FFF76A17
000A93EF
FFFF5701
FFFA5431
FFE9302F
FFEFF990
FFFD63BA
00044F71
FFFCC78D
FFED75C8
FFFE004D
FFECC379
FFFF456A
00033BB9
FFFA591E
FFFE7F74
FFFDF550
FFFF827F
FFF5D651
00028AEE
FFFE7E13
FFFCFED6
FFFC15CA
FFF8A5BF
00041D3B
FFFA4279
FFFA1E81
FFF354F8
FFFF461F
00028CC6
0006443F
FFF9E247
00079AC4
FFFF1B20
FFFB0BC8
FFFFD5D8
FFF63673
FFFBD508
FFF80BB3
FFF848B5
FFFCECE6
FFF42E8D
000527F0
0000BFAA
FFF334F8
FFF39D93
00037E93
FFF2C373
FFF8DE2E
000786D6
0007E250
000522FA
FFFC771E
00003E08
00037CE1
0001F1C9
00028079
FFFE9792
FFFFD4D7
FFF7A4CD
FFF09C32
FFF8B33F
FFF5610C
FFF560C3
FFF5CC80
FFFD194E
FFF90D56
00042D53
000AF6E9
FFFB7CE9
FFFECFB9
FFF5EE39
00036789
00050C57
00005228
0003EA47
00009F7C
0002B6FC
0004E52F
FFFB3445
FFFA7B94
0006A54E
0002340A
FFFE234C
00052D9C
FFFBB04B
0002FCF1
00018702
FFFFB853
FFF985C4
FFFC2724
000295F5
FFF4BEAD
FFF6F1C9
FFF85FAE
00022BC8
0001FF1E
FFFC080F
FFFE24EA
FFF4FC2D
FFFBEADA
FFF8164C
FFFC3663
00017969
FFF9E938
FFF7DC0B
FFFBE45C
FFFDD2DD
FFFBE27D
FFFE41CA
000500D8
FFF887DE
000D7DEB
0002D991
FFFCD87F
FFF91B0A
FFFF836E
FFFA6594
FFFC9FD7
FFFB6B00
FFFC045C
FFFE2D12
00006373
0007E4D6
00052AE3
FFFABE78
FFF9D7C8
00068E5B
0004CB2B
0000ABEA
0005FDEB
0001B9C7
00000B13
0001484D
0008A6F6
FFFA54A4
FFFC75C4
FFFE4E87
00038C49
0003C32E
FFFE284F
00063CC6
0004C211
00046158
00041728
FFF51E74
000813BC
0004A108
0003D99E
FFFD6DEE
FFFA72CD
FFF8F914
0008708D
000513AA
00029D63
0009FCB8
0002A7D0
000C4C0A
FFFC3B5B
FFFC956B
FFF8F448
0002BADC
00087348
00038BE9
0007B1C8
0000A032
FFFCAD67
FFFDBCA4
FFFD7779
FFFF9E69
00099949
00014556
FFFE14CE
FFFBCE69
FFFEDC63
0004C6BD
0009CF77
FFFA9BBC
000AF7DE
FFFBDE2D
FFF75484
00000F46
0004905E
0001CFCD
FFFA270D
0000C853
FFFDA41A
00017C9E
00037F5F
FFFD5AD3
00031C8C
FFF898E4
0007A826
FFF6B15E
000402F7
00005F02
FFF5BDE8
0000F250
00007032
FFFE4096
FFFB42A2
0000A3C5
000953F8
FFF9F127
0003D4C8
FFFFFC95
FFFE1AE6
000044D7
FFFE3066
0004280E
FFF91248
0001A89E
0000CD27
FFFFF4F3
FFF025D2
FFFDC170
0001EE89
FFFFCE56
FFF9B84C
FFF58D3C
0007C36B
FFFCB092
00034D89
0009424C
00019E2B
000485FA
0005FA98
0006D563
FFFA00D3
FFFB9331
00059E43
FFFE9F7E
FFF3B199
FFF31A82
FFFAA07B
FFF9D5A7
FFF6A26D
FFF380A3
FFFDFDD4
00049310
00031BC1
0009D474
FFFF4D64
0007AD63
FFFC5BF2
00056F37
000282C2
0002A3B8
00002057
FFFE51B6
FFF8528C
00040414
0000E5D1
FFFE7978
FFF6823E
0005D600
FFF68B10
FFFB836D
FFF52E5E
00058208
FFFD443F
FFF55878
FFF6091D
FFFDDEF5
FFFD080B
FFFB3D56
0000BA7A
FFF50065
FFF4E199
0000B7C3
FFFEAD34
FFFCD546
0000A8B8
FFFFDBC7
00068D85
FFFB3CCC
FFFACB07
FFFC7DF2
FFF673C3
FFFEED7A
00042EC7
000203D2
FFFB018D
00017D6B
FFF31AAB
FFF47E70
000531D4
FFF7D993
FFFFF4B8
0002C4F0
FFFFFAC1
FFF9BF49
00064F3F
0006802A
0007490D
FFFB975F
0008D353
00041595
FFFB2D66
0003F99C
0002A3D5
00042443
FFF70D86
FFFF51E4
000029B4
00061B09
FFFA5C09
00013F3D
FFF67DD6
000390BD
FFFACF97
FFFF7DFF
00060D0E
FFFD3C26
FFF9DCD0
000494FB
00066DDC
FFFF47D0
0002363F
FFF5FE72
0002B4DF
FFFB69D9
FFFF745C
0005AF8D
00038CAC
00010F78
FFF6F066
FFF977B3
FFFD9602
FFF86254
00024DE0
0000A470
FFFF403A
FFF58259
00036D81
FFF94E6D
00000142
00019C4B
000293F1
FFF89F19
FFEB7D7E
000084F9
000159AE
0007999D
00008BBD
FFFBF22A
000A1C3D
00015693
FFFE50F4
0004F895
FFFE9410
FFFD3322
FFFE688D
FFFBF131
00047230
FFF88212
00064C48
FFFC2138
00014470
0006F6A3
0001884B
00043976
00038B89
000AFF4A
FFFB6480
FFF37D0B
FFFA4FEE
FFFCB567
00043BBE
0001E02B
000D8B88
FFFB5D51
0006C8CF
FFFCA2AD
FFFCA4C5
FFFD25AA
FFF2787D
FFF279F3
FFFAEC46
00026B37
FFFCD721
000816DE
FFFA92E0
00007BDB
00060EE7
FFF39F63
00015ABD
FFEFF7F4
FFEF5CE0
FFEBB667
FFF4F9B3
FFF6973B
FFF94954
FFFBAB04
FFFB5C68
FFFD24AA
00003266
FFFA4FF9
0002B4BC
FFF9D3BB
FFF7596E
FFF3B1BA
FFFF3046
FFFA941C
FFFF7D20
00021374
FFFB7E05
FFFEFDDF
000A74DF
0009A851
000972EF
00027F66
0005402C
FFFB445B
0001F61F
FFFA1DBC
0002B717
0006EFA0
0005A511
0005AAAF
FFFE3E25
FFFCDC26
FFFE6588
FFFFFF8D
0007F92B
000FE665
0009CE09
FFFBECE5
FFF3CE18
00044D40
0007287A
0000A4F2
FFFF6B57
0004ADF6
FFFCBC03
00099949
00089405
0009FD54
0004A80A
0008408F
FFF42332
00005F50
FFFDE9FC
000AEAEE
000A3A29
00011666
FFFF7C10
FFF285E8
0007AA8C
0004E382
0001188B
FFFCD9B9
FFF9F47B
00026B74
0000A1BE
FFF1B840
FFFC6A11
FFFBFEC6
FFF4E123
FFF6B57A
0001098B
FFFE2A14
FFF476CA
FFF86A99
FFF9A91E
FFF4394F
0004C0BC
FFF20251
FFFCF937
FFF9F822
FFF6415D
FFF69DBD
0002C269
00011D1D
000267FB
000E3098
000E1C88
000398FC
000B7F87
000F0264
000789E6
FFF9833B
FFFB0928
FFFA5B1D
000A66AA
000485DB
0006F0A1
FFFC916F
0000D943
00020A80
000A4AD1
00039E37
FFFE23C2
0009A4AE
0001BC9F
00017812
000F6C2C
00030843
0004134C
0004D5A2
FFF7FE3D
000AF0CB
FFFC1EF8
0000F187
0001BCBF
0000B4CE
00004F9F
FFFECB61
FFF860DE
FFFF91E7
0000A59A
FFF3FD3B
FFFD43FD
FFF699B4
FFF1F9F0
000522D5
FFF70DE1
0001CF3A
FFFF5B81
FFFC8162
00043E03
00011533
FFFA8063
00086B30
FFFE4D47
00060781
00049658
00036BB7
000A007C
000B8FC4
FFFC6DC1
00082D90
000A3108
0002C0F7
00020D37
FFFBD862
FFF3BF7D
0004AB46
FFFB33CD
0001E3D1
FFFA1EE0
FFFB40DA
0008291A
0004D087
000306FB
FFF7BD89
FFFE3E61
FFFE97E5
00083E48
0004FEB4
000CBF12
FFFAF067
FFFDAFE1
00035F54
00045C2B
0000F77D
FFFF6D4B
00083D49
0001BEDF
000A0F3D
FFF97670
FFFB6125
00061125
00056EEE
FFFD5304
00078350
00001EA7
0003E98C
0004A808
FFFB3210
0005B423
FFF6EBA5
FFF9359E
FFF9CE53
00011419
00066269
000A3758
000B988F
FFFFD686
FFF9F723
0009A073
000317DA
FFF57B19
0004291F
FFFDBD3B
000D60DC
FFFDA8B8
0000AE1C
0004C812
0003BF86
FFF7A142
00024CA2
FFFB4AFE
00060EDF
FFFA38A5
0005B1C5
0003D805
FFFC9815
0001BA82
FFFCAC67
0006C1FE
FFFD6098
FFF7AE32
00040890
00052D93
000B1B87
FFF726D9
FFFD6699
000B276D
00016097
000A479D
000346A0
0011BB23
00137D64
000FC43F
000F0BCA
FFFFCB84
000B739F
000272F2
FFFB618C
FFF6BAA4
FFF84788
0013EC3A
FFFEB91F
000EF1EF
0007A93C
000978B8
00024492
FFFCEA0F
FFFF2BF7
00062105
0008FDF1
FFFCE753
00023330
FFF6BA7B
00040C2D
0002ADE7
FFF6E324
0003E3D2
0005504F
000B3EF2
FFFB63DB
000AFD67
00053BBF
FFFC95D8
0002E072
0002C6C3
000542D7
000496F0
0003564C
000B2C42
0008693A
00011D43
FFF62E1B
0006FFBC
FFF94891
FFF88B5F
00029541
000B3415
FFFE7728
00033E59
000492D3
00072804
0000A49F
FFF2179F
FFF0DEF9
FFF9B113
00043561
FFF387CF
FFF7EEEA
FFFD7370
00043C79
FFFD7D6D
000536FB
FFFEC140
00097074
FFFB1609
00037E92
FFF9DB33
000627A7
00064E34
000E4727
FFFCCF1F
FFFACF95
0005F0C7
0002AA37
000D22AB
000532CB
0006FDD1
FFFB8B1F
0004D5BB
FFFD856C
FFFFC44D
FFFF0F8D
000491D9
FFFE0894
FFFED0B4
00064CA6
00000C14
FFFB6982
FFF536A9
0006E9DD
0007ADB8
00051695
FFFFD8A2
FFFBC17F
00031920
FFF74E0B
FFFA7204
00082FC8
FFFC7CBF
0002D9C2
FFF246BB
FFFC86C2
FFFE9827
FFF5DF13
00006405
00031FA4
FFF4F442
FFF03546
0002D25C
FFFCDC9F
FFF21805
00068975
0006BAE0
0003662B
0001BEA1
00045918
FFF36C94
FFFDF990
FFF660A0
00051856
FFFA1F4E
000AEC64
FFFEB4C9
FFF355CB
FFF366F1
FFF7CDFB
FFF74D11
FFF46DDE
FFFBCCD3
FFFC859F
FFFF32F9
000F197A
FFFD6D5E
0009A606
FFFE2865
0004D838
00046C0A
000E1A48
FFFD9436
FFFF9D8B
000C4FB3
FFFB1973
FFF7ED8A
00082518
FFFAD444
0004793E
00016BAD
0006BD2D
0000665D
00040A02
000073B3
00030812
FFF33FC5
FFFF76D9
FFFBC5A7
FFFE52A4
0006E48F
FFFF044C
FFFF99A3
FFF7F4E3
FFFB0303
00044E15
FFFB5CC6
FFFBD291
0001B0D9
FFF2511F
0011E492
00115909
000216FE
00020E12
FFF7E712
FFF9BFBB
FFFBE083
000C53E7
00022D46
00071B28
00041115
FFF9FDEF
FFFC3140
FFF2D4D7
FFF75B8A
000384E8
FFF216CE
00074BBF
0000E8E8
00022A2A
FFFDDF50
0002A5B0
FFF981C9
FFFD6CF9
FFFD2D73
0004FACA
00096843
000602CA
00074F21
00045024
FFF54E2D
0001D10A
00034E53
FFF8E7C1
FFF7F74D
FFFCF4D9
000BECB5
000B7A2B
00094AE7
0002B3DF
00080B97
0001B6DF
0005A95E
00041EC8
0010F1CA
00010743
FFF8456C
FFFEF2CB
00069C6A
000150DE
FFFC6971
FFFC6BB5
FFFC1B6E
FFF90D25
0008B925
FFFFBAEC
0004D999
FFF91886
FFFB935B
FFFBA5CC
000B73B5
00027027
0009BBE4
00016475
FFF881F4
FFF6F059
0004C61F
FFFD440B
FFF9BE33
0002C350
00015BFF
FFF8AAA9
0004694D
0001CB90
FFF4D51B
FFF55ED6
FFFEDB99
FFF6AFFD
FFF79D49
0005F1A6
FFFB8425
FFFD7925
000349E3
FFFBC55D
FFFDCDF0
FFF7CF05
FFF633F9
FFFC71D5
FFFE00DB
FFFE4215
00079E2F
0008C7A2
FFFBBA96
0002642A
FFFB7327
FFF85A01
0003AE4E
000D8D95
00030053
00075D1C
FFFA92A6
FFFA8985
FFFEE5DC
FFF5E4C9
FFF2FF96
0004EB20
00099437
FFF7591E
FFF4078A
00070242
0006424E
FFFD26EA
0003A5FE
00046544
00011181
00014517
0003BA0C
FFFE7CD2
FFFD0297
FFFB1823
FFF5F777
0004A1E4
00026D24
000542F7
00007FB2
0004C74A
FFFD6A11
00059705
0005BC8E
00063A80
000E9E05
0003FD64
000C0DEE
FFFEAF4A
0008D9CD
0002987A
00090747
00093803
0001E5AD
000C95BE
000376B3
0009ED3D
000228DC
FFFBE487
000B99F4
000DAC33
00054202
0001BE3F
00068EF3
000065BE
00046729
FFF92A4F
000E9833
00102FCB
FFF54661
000B58C9
0004ED39
FFFE790E
0002B05A
FFFA3138
000C417C
FFF63E38
000BC15B
FFF8618D
FFFDABA0
0011C496
FFF3B1B4
FFFCB7B9
FFFED5AE
00034E62
FFF05B0A
FFF31C9D
0000AEE8
FFEF5CA8
FFEBB9D9
FFFC8511
0008CF07
FFF08EFD
000216EC
FFF2FAC0
00121321
FFF66C0D
FFFF4569
00077B06
00089B9E
000AE7D9
FFF2BEE9
0002C4C5
FFFAED21
FFF5830E
0005B87B
FFFEB17C
FFF66360
00045252
FFF6C207
000937AD
FFFC1C79
0003DA65
FFF98A88
FFF2F366
0009556D
FFF90366
FFFBE3EF
FFF6A41F
0004B496
001165D4
0001CD75
00047398
0009B397
FFF7AFF4
FFF8DEC6
0001446A
FFFF32A6
FFF86FBC
FFFF7F18
00065CAC
FFFE8480
FFF23C65
FFF0F021
FFF007CD
FFF0B73B
000090CD
FFFE350A
FFFC8B80
FFF8EA17
FFFE5B87
FFF4BED4
FFEB4845
FFFFC446
00072478
FFF48784
FFF9A204
000A50E9
00005647
FFFBC0A6
FFFB6423
00002C80
FFFBA3D5
FFFF47BE
FFF85A4A
FFF88850
FFF4D570
00050527
0004DE5E
0002DFBC
FFFD719F
FFF8F0D1
00034DFA
FFFFCB32
0007EE11
FFFF2AB4
000A177B
FFF38E30
00039EC7
0009F90E
FFFC5BEA
FFFD0284
000078DA
00040970
FFFA6226
FFFBB58D
000B812E
0003487C
FFFF2EE8
FFFC86E4
FFF4E5F8
0004B11B
FFF4FC9F
FFF4459F
FFF69355
00048F8A
0008C0DA
FFF776AE
FFF8FA51
000A4708
0000644D
FFFF2C63
FFF36417
0004BEDF
00008207
0010498C
FFEF6AF6
FFFD6875
FFFC312B
FFF80F41
FFF839B0
FFF3CB87
FFFE8FBC
FFF851AA
0006D838
FFFA4BA5
FFFC195F
FFFC45E2
FFFA96A9
000598FE
FFF614C7
FFFC1BC0
000C6560
000A55A1
0004377D
FFFBD77B
000267CB
0001B11B
0009758A
FFFE62D3
0006D710
FFFFC610
FFFD9297
000693D7
FFFE7D3E
000ADACE
000A3DFC
000CEA58
FFFE26E5
0004AB78
0009E6AD
FFFA387C
00019140
000A094F
FFF69B24
FFF2237D
000915EF
FFFF9490
00033400
FFF7F3C1
FFF5EBB4
00037FFA
FFF0F300
00025C59
FFFE1349
00045151
FFF968EC
FFFF00C5
FFF66369
00094112
FFFC868A
00071CD0
00074843
FFF07079
000107C2
0005C2A9
000E5635
0005B149
FFFB0053
000B65ED
0002CB48
FFFC1BFC
FFFA55C6
FFF48317
000F9622
FFFA6C3C
00070F23
FFFA9EF2
FFF5DF16
000BD5EC
000211C4
FFF82562
FFF99350
FFFD91D4
00089C47
00090A0F
FFF1046F
000312F4
00030E3E
FFFD4B75
FFF492A7
FFF90EB6
FFFCE97D
FFF8B649
FFF89AC0
000977ED
FFFAC7E5
FFF4C2A9
0000E28A
FFF881AE
000E78F8
FFF7301B
00021CD7
FFF67DCF
0003B9A9
00009353
FFF86E42
0005B5D0
FFF275F9
FFFFC268
FFEB1674
FFF91362
FFF424E6
00068C63
00067AFF
FFFD62EE
FFEE171C
000A115C
FFFB2AFA
000805F7
FFFE5D9F
0006801F
000387C2
00094A62
000765B7
00051F9E
FFF42583
000212C1
000666B4
00047A55
FFEE55FB
0004EE2C
FFF3E2D1
FFF96B9E
0008CC4E
FFF8C0F6
FFFCD0A1
00039C29
FFFF4594
FFFDB196
FFFE39E6
FFFB2B39
FFFD8C9C
FFF535BF
FFF1E190
000503D8
FFFF19ED
FFEE24E0
FFFEFBCA
000AC8D3
FFFCB05B
000A8F21
FFFBE46A
000F48B5
FFFE631E
FFFA912F
FFFE5E87
FFFC6082
000451E6
0010385E
FFFD5C63
FFF98112
FFF6B237
FFFB02DF
00082BB4
0002B884
FFFB49EE
FFFB479D
FFEDC512
0006B635
FFFEA7CC
FFFC05DE
0008C6CD
FFEE5008
00025E3B
00014466
FFFA44CC
0000F09D
FFFB219C
FFFC5132
0000A0B0
000617EE
FFFC7A39
00041335
000ED7F7
FFF817A8
FFF779BB
00011B65
000C05A0
000735F6
FFF5660F
FFF300D5
0002C2A8
FFF56E50
FFF824CF
00091400
FFF60E9D
FFFE432A
FFF19C95
00074336
00092603
FFF44061
0004C0FF
000C0143
FFFBABB4
FFF4CBA4
FFF6020B
FFF118D1
FFFFE42C
FFFAD560
FFF3E262
000CD002
000A5FFF
FFF8F4CF
FFFB60DE
000744E2
FFFFEA65
FFFA4101
FFFF071A
FFFB88C3
0008CB8D
0006A91D
000ABB69
FFFD402F
FFF62316
000BCF2B
FFF7F01A
FFF9FDF6
FFFC5078
000600DD
FFF66522
FFF98517
00083032
FFFE693D
FFFC3EE9
0003B1BC
0001109F
FFFFBD30
000EAFDA
00094FC9
FFFAE503
0009998E
0003416F
000A04CD
0002B280
000471F7
FFF73037
FFFF7D92
FFF73AA3
FFF76D31
FFFE9F24
FFFEA2A7
FFFE8253
0007DAB7
FFFFEAAC
FFFD6744
FFF91766
00004A3E
000FCF5A
000E185E
00020EA2
0008C639
0008F70D
000885E8
00035905
FFF76805
FFF81DB4
FFFB9B0D
FFFE6C02
0002D42E
00070654
00020C46
FFFDE861
FFF9B1B6
0003C555
000303C1
FFF8B088
00047426
FFF908F9
FFF36913
FFFB2593
FFF483D2
0007FB04
000DF0FD
00059DF5
FFFB67D3
FFFF282C
FFF0E5AD
000560A9
000CD561
00033A9E
0003981B
0009AFA8
00028902
FFF9BEAE
000BE12D
0006174B
00002B48
FFFA0E86
FFFA897F
00063D8F
0004C88F
FFF6B3C7
FFFE0309
FFFA5A76
FFF75087
001045FD
FFFA6716
00002B88
0006F976
FFF4DE77
FFF96C39
0000D4C9
FFFA9896
00023385
00004ECF
0006D642
FFF99A9E
FFFB5946
FFFA2A77
FFFE31E4
00026929
000E21D8
000494BF
FFFC266C
FFFD8AF5
000CD067
000AC2B7
FFFE16A5
0003E062
FFF84499
0007A74D
000ADF18
00039CA4
FFF8B4EE
0003762F
00028704
0006695F
FFFBF581
FFFE4A7B
FFFBF35E
FFFAF7B9
FFF75AD3
000061EF
000182EA
000786B7
000A8985
00060FC2
00102069
000141B8
FFF5C041
FFF4C719
0008CF55
00062D4C
0006F7DB
FFFDF97A
FFFD817E
0004DC11
FFFBADB7
FFFF2848
000B1FEF
000C8CAB
0002AF25
FFF7D0DD
00041C17
FFF303A7
FFFD5125
FFFF1E29
000D23C7
FFF5E1EA
FFF0B1D1
FFF5D8F0
0007D11A
FFFC30D6
0003E808
0009F9A0
0007A1F4
000512DF
00019ACF
00098B6F
00040287
FFFB9DE1
FFFE3D59
FFFDD0B1
FFF77F8B
000006A5
FFFF5A03
000AAFF8
00074A82
000365C9
0009980A
00052E31
FFFA1585
FFFF8194
0006D523
FFF61130
FFF9ABCE
FFFD797A
0006A61D
00026C77
FFFC3250
00037FAC
FFFC8FF6
FFFE576C
FFFEEE0F
FFF73894
FFFD4018
FFF78DED
FFF580B7
0008B535
0001EC4E
FFF9255A
000225B0
0003EB52
000146A3
000282C9
FFF7A6B2
FFFBE7D2
00098E1A
0005A5E6
001023C4
000A452B
0004BBFC
000473E3
000164B9
00041AFB
000A382D
FFFFC46B
00081D04
0005CAB0
0000F8B3
FFFB4986
FFFD545D
0002988C
0001243D
FFF6A6DC
000C18A4
FFFD84AA
0009BE0B
001076F7
001131BB
FFFECCD0
00005C94
00158944
0004D613
FFF9D69F
00034475
00061590
000603C5
00059601
FFF7E716
0008ABD0
FFFB2A31
00009EC5
FFFAF9DD
FFF818D8
FFF9D5FA
00075547
000081E5
0003140E
FFFAECC8
FFF79F3F
0009033E
FFF1E29B
FFF69D93
FFF5698B
000302EB
FFF96681
FFF71F7C
FFF73360
FFF8CC66
FFFAE0FA
FFFE5360
000323B7
00014BCD
FFFC1575
00043A6E
FFFFF241
FFFA1259
FFFC14A7
00047023
0002CD2E
FFFCDE12
0001D171
000A5670
00060FFA
000ADCC3
FFFA2B2A
FFFF4D65
FFFD9D07
0004DC06
FFFFAC7D
FFFE2192
00021710
FFFD45F4
FFFC90B2
FFFD0079
FFF949DB
FFF7C0D9
0004801F
00006179
0004A0F4
FFFA4F3B
FFF5EAD2
FFFDA7FB
0004C56D
FFFED433
0000B384
00054B1D
000124D4
0000176D
0004D866
FFFDB9BE
0002232C
00021EDB
FFFCB859
0007BC68
FFFCD513
00053253
000708F8
000243D6
FFF9340E
FFFC772C
0007299D
FFFB3192
0000CCCF
FFFA843F
FFFCBA1D
FFF46198
FFFE5794
FFFCF46B
00004F82
FFFA158A
FFFD97D0
FFFB94DD
FFF60A53
00016495
FFF61FB8
00014A54
0002BDCC
FFFA8C96
FFFAE83A
FFFC62AC
FFF3B6F4
FFFA6869
FFFCE32B
FFFBCA41
FFFE807E
00098C57
FFFFE211
FFF94CB0
FFFBC3EA
0003E456
00052D8D
FFF76518
000644C5
00037F52
FFFD2339
0000907B
0003568F
FFF7B87F
FFFD26F5
000015DA
0008ED50
0005D526
00072B6F
FFFB9811
FFF7016A
0008C5D8
0001B08F
0005BDF3
FFF53A07
FFF32DE9
0002B48F
FFF995C5
FFF9D0F6
FFF9C732
FFF6DB7B
FFF32383
FFFFF046
FFF31169
FFFC3E8D
FFF11190
0004CE45
FFFA4A84
FFFC7FA4
00031ED8
FFF2D577
FFFF0D2C
00030949
0000D581
FFF959AE
0007780C
0001D4D3
FFFC3F56
0005E97A
000260B1
FFFFE645
FFFFBC35
0001A3BE
0005B076
FFFF2F8F
FFF4A03C
FFF95D10
0005E57D
00062024
00090C74
FFFE2891
FFF68294
0002741C
000221B0
FFFD1E9D
FFFA2FC0
FFF6ABD9
FFF815D9
FFFE31A9
FFFD350B
0004BEEA
0002F4C8
FFF96097
0003A9D9
0006B806
00019A1F
00068E96
0005F161
FFFE5166
FFFD15A0
FFFB9D9B
FFFFB64D
FFFF9E6F
FFFB7B71
FFFF64B3
00054FE1
FFFE7225
0005AE78
FFF225D8
FFF7C10E
0003B0D3
FFFBB572
FFFB3C75
000107AB
FFFA347C
00077A5B
FFFBD24E
FFFE8DD8
0001F007
0001874D
FFFEA9B3
00030CEC
0001BE7D
FFF9021E
0005A1FC
FFFBAB1F
FFFA65D6
FFFC69FD
FFFD295F
000054BF
FFF7150D
FFFBB123
00087755
0000DA6A
000452D1
FFF9087B
FFFC0FD3
FFFC7F70
FFFF8CCA
FFFEB83D
FFF8FD04
FFF58C83
FFFEE025
FFF8EAC1
00024B2C
FFFF47C6
FFFFDCCF
FFFD9269
FFF821D3
FFF4A446
00020088
00031453
0002B397
FFF6E4BE
FFF29895
FFF27C32
FFFD071D
FFF9E2A4
FFFEBD8D
0003F210
FFF5D426
00011E96
FFFA7014
FFFBE698
FFFE0058
FFFCD7D4
FFF39725
00003F2A
FFF89C52
FFF4D3E4
00028A27
00041EFC
FFFA6F4B
FFFBA1F5
FFFEA7A1
FFF5CFCF
00039145
FFFC5B9C
00003532
00064CC0
FFF90E71
0008DB08
FFF6E85C
FFFBB9AD
FFFC8C2F
00094A1B
FFFD6204
0002E670
FFF68A97
00029EA7
FFFF6909
00031DB0
FFF835BB
FFFB2D11
00000078
FFFEC42C
FFFB57A2
FFFD5328
00081C26
FFFA044F
FFF5013E
FFF8E072
FFFFE452
FFF9B140
0002265D
0003D097
FFFBA812
FFFFD51A
00030E20
0004D167
0002501C
FFF8C551
000030A5
FFFCE109
FFFA5A0A
FFFD75C1
00038617
0000A8C2
000058F2
0002AE87
FFF4C390
000496A2
FFFF7094
FFFC0004
FFF267A8
FFF35537
FFFAEAE7
0000F263
FFFF2E03
0002D139
000212C6
FFFB9B47
0003DBE3
FFFC974E
0009F5F3
FFFE398B
00024946
000319A6
000441F5
00039646
0006D09D
FFFC3688
0001D327
FFF85959
FFFA441A
FFF9CCD5
00069726
00059F5E
FFF906E7
0000C092
FFF9DEB5
FFFD52BD
FFF6A116
00011C27
00008215
FFFC0707
00050DDD
000769AA
00084F59
FFFD04C7
FFF879DE
00063C40
00071447
FFFC182F
FFFB41DB
0004C018
0000428A
FFF9BEB1
0008475B
FFFE5CCE
000859D1
000636E6
FFFF4517
FFFE1FB3
000F7BBF
FFFD0B2F
00026751
00082403
00014CC6
00099B2F
FFFA85BF
FFFF3D93
000470AD
FFF53EA3
FFF854DF
0000EB20
FFF715F0
FFF9B9DB
FFFC79FA
000025C1
FFFFE5CF
0002EF3C
FFFA3FF4
0000B176
FFF3D00E
FFFF342B
FFFB2858
00042301
FFF754D8
FFF8C8E1
FFFC64A5
FFFFC49A
0000D51A
FFFFF7FD
FFFF1480
0004B2A8
000DEBB5
FFF895FB
FFFAF2ED
FFFAF8AC
FFFC9674
0003F9A4
FFFE4813
000A5DCB
FFFC3887
FFFD65F7
FFFB8301
FFF6AA53
FFFE3F85
FFF4BCAF
FFFFBD55
FFFBC573
FFFB74F2
FFFAF38B
000130EB
FFFAF848
FFF82F42
00016185
FFFAD1EA
FFF6E44A
0003E2A3
FFFD3DB8
00021FD0
FFF63E79
FFFB9BCD
FFF9DA7F
00024D8B
0001B2D3
FFF47BDE
FFFFFAC6
FFF685CF
000328EC
FFF8F64B
FFFC869E
FFFDCE2E
FFF761DE
0002D990
0000FC14
0007064D
00051A5E
FFF94FB9
FFFCA34F
0004D566
000249A2
FFFB8FB2
000427BB
FFF9E290
FFFADBDE
FFFF5B86
FFF718AE
00038572
FFFF3421
0001BCA5
FFFC7F17
000150A8
FFFFE495
0003F9D6
FFF71233
0000BC1F
0003BB7E
000605EA
FFFE1CBD
FFFE5F52
000055D0
FFFDEBE9
00008393
FFFB104D
FFFAB7F2
FFF67B8E
FFFDDB2D
FFFDE9D5
00078AE7
000CC904
FFFF4351
FFFF35B9
0004EBED
FFFAB7F6
00073375
000B16DD
00068799
FFFF5B14
0000A204
000429C3
0008D7AA
00015B8A
000574AB
FFF9A190
FFF59512
FFFC489F
0003714E
FFF65814
000446EA
FFFD6E2E
00007227
0004478E
FFFCC5E0
FFF6F824
FFFE8F2A
00057853
000BEDDB
0002B7C8
00012004
FFF652C7
0004B09D
FFFFC0B2
FFFEDE86
FFFCA61C
000883FD
0001C54C
FFFB108E
00056804
FFFD6AFB
00034671
FFFC0243
FFFBF15D
0001E8D3
FFF92907
FFFCB1DE
0001816A
FFFCAAD6
00031ED0
FFF87FE5
FFF9DDAE
0002EEE6
FFFC7CEF
00029FB7
FFFCBC95
FFFE628D
00006A34
000181C9
FFFD492C
0000A90D
0006F25F
FFFB0FA2
FFF72C0F
FFFDD413
00021AF6
FFFF2F95
0008E5FB
000B5A6D
0003901E
0009B2FE
00059D70
FFFA7A85
000689E7
000004EC
FFFF41DB
FFFC7FB8
FFF84147
FFFA02AB
00090901
FFF9540E
FFF89132
000A84CC
FFFA3096
FFFF5C56
000989CD
000558B8
FFFBCF43
000089BF
0001670B
00002CE7
0006B230
FFF70DC5
00020C0B
0003214D
FFF4BC90
0000E1C0
00072A72
FFF6BC71
FFF81C81
FFFCBAD7
FFF45759
FFF8E183
FFFF3781
FFF4A48F
FFFCB324
FFFED691
FFFDF95C
FFFC3506
0002BDE5
FFF9138A
FFFE793F
FFF85EA1
FFFEF54E
0005BF7D
00060A00
000D736B
0003472A
00038346
0004E25A
0006ECFC
0004D9C4
FFFDA046
000DECA4
FFFF360F
00045CCD
000E4082
000866A1
0001124F
00079FBE
FFF7D8A8
FFF68A9F
0006087E
FFFB3BF4
0000E9DA
FFFCB650
FFF48C11
00107B3C
FFF818E2
FFFD94D5
000B5DE9
FFF98B64
0007C8FD
0014032E
0004171B
000A2499
0008A15B
00006028
0002C0F5
FFF5F4DA
FFFEAB5C
000332F7
FFFFBB36
FFFE447E
FFF9A11D
FFF997C6
FFF88B3F
FFFB8252
FFF95B5B
000E8565
FFFF4323
FFF7A9F8
0004DAA4
FFF59588
000AA49E
000A141A
00026979
000164DB
FFF9CC1E
FFFD2943
0001BBF4
000984FF
00055B38
0005A372
0001D05A
FFFF017E
00051973
00038D5D
00065475
0007787B
00039F6E
FFFD8130
00080001
FFF7C443
FFF9C49B
0001FB37
00099954
FFFE2A69
000251BD
FFF1B72E
FFF49423
000366E5
0003BE71
000CC45D
000C75C8
0001C082
FFFE434F
0001FCE0
0007D03B
00049246
FFFA87FA
FFF72FC5
FFF6D649
001250F8
FFFDAEB8
FFFE6AAC
0009B6F6
0004AD07
FFF9E4E0
00024D35
FFFCF02E
000E2261
000F7ABC
0001E525
0005866F
00098DE9
FFFA23F8
0001C9F5
FFF942FB
0003A9F3
0001DCAE
00037B7E
FFFD36B7
00022D5B
00044EAB
FFFF3F61
0003C0E5
FFFBA81F
0001C54E
FFF73D9A
0000257B
0006FDB1
FFFDD908
00022A88
FFF77653
FFF182E2
0003092A
00029A19
FFFE7C48
0004F247
FFFFAB53
FFFD15B1
00052C62
FFF9E524
00037285
0005EDAB
FFFF3BA1
FFF9F966
00094C20
0002A012
0007A980
FFFE4D73
0005E38F
FFFD8D74
000A3BF9
000157B9
FFFBC946
00094681
00089606
0006F5D8
000653A8
0005E72B
FFFC5C10
000C83CD
0006AEDC
00044F9B
FFFC4C05
FFFC2687
000490BA
0005B517
FFFF4198
FFFBE2D9
00066CBB
0003BF3C
FFFF1A07
FFFCACD3
FFFC1740
00039412
00026692
FFF78857
0006E4D4
000775CF
00009DDD
0005A683
0003A502
000B5590
0003CFBA
00035CD9
00069B76
FFFC76B0
0004B0C2
FFFBAA9B
00046E82
0006571F
0001F2EC
00055347
000E59B9
FFF50D70
FFFB6D2B
FFFEBB27
FFF95C36
000C4E65
FFFF5644
000B0405
FFFD9E83
0004E34C
000147FF
FFF894EE
000236BC
FFFF47A3
FFFFE8CB
000707CA
0008CB67
0000A487
0002CA54
00121AB1
FFF98A58
FFFB8208
0007915A
FFFEC033
00033F4E
000C9C3A
FFFBF82D
FFFD32D4
FFFF813F
00079B83
00051455
0000A44C
FFF9D08E
000180A2
FFFB2B94
00059D35
0002C9BD
000600BF
000B3534
000175E0
FFF9CA74
FFFF3859
FFF61A4B
FFFFF228
0005169D
0004B5DC
000630E3
FFFF85CE
00031743
0000B293
FFFE3508
FFFD0A48
0003480E
0002F80B
00001E5E
0000718D
FFFE17F0
00056A67
00072C51
FFF68119
0002F640
FFFDA3D7
FFFDE087
00057FB9
FFFC285B
FFF6E17E
FFFFA3FA
FFFE0649
FFFE25F8
FFFCDC2F
0002F5EA
FFF9334A
0008725D
FFFD5269
FFFCC030
00092A6F
00073417
FFF98A0E
FFFBC53C
0002B30E
FFF5A92C
00096273
00010493
FFFA0D59
000876B5
00012E91
00030D48
000910DD
FFF38A89
FFFEEE73
000BA83B
FFFEE8E3
00050444
FFFD3DFC
0006D70C
FFFD0A70
000489A2
00053507
FFFFDCE3
00084279
FFF959FD
0005C0D4
0008D050
FFF4D1B3
FFF66B94
FFFEE05A
FFFF0A3F
FFFB91F8
0004E702
FFFDC86E
FFEEF050
FFFD67AD
0001A0A0
00087843
0005CBBB
000D82A7
000A6338
00009C11
0008167C
000743A1
000C1426
000C2B5C
0008B843
000B6B0B
0003C501
00075628
0005DE19
FFFAF9F3
0000AC65
FFFEA8D7
FFF31803
FFF48A7E
FFFACA1F
0003548D
00021021
00023213
00016BBD
FFFE34CA
0004A180
FFF45D88
00092A95
FFFA8D84
FFF76E93
FFFC3478
0004DABB
FFF39580
000065B9
00006D9C
000585D9
000308CC
00030414
FFFFF526
FFFF22D9
FFFCDA18
000620AC
FFFC9423
00015A6E
FFF9625E
FFFDE401
00017692
FFF3683A
000ACF9C
FFFCD270
0002E6A8
0002580C
FFFCFBFD
00001732
000093DA
FFFFF425
0000C34B
FFF9EFD0
00082851
FFFCE114
FFFA8910
FFFD8AC8
FFF8E163
FFFE6625
00078FBB
00079291
0005B2F5
0005FC24
FFFC4667
FFFF70E0
0005BBBD
FFFB6D85
FFFA02CA
0008199F
FFFB8792
FFFB3B2D
FFFCFE9F
00044745
000275C0
0003593B
000BA1C2
FFFC7FCA
FFF58BF9
0005FA15
FFF5C426
00047B19
FFFE0634
0005B43B
FFF3F6FD
FFF5CD3E
00051020
000924B9
00014212
FFFDA9E2
00000679
FFFB6BFD
000BFA2C
FFFE3997
00039A45
000B6983
FFFFA685
000BB142
0004B66C
00036F5B
0003F6F9
FFF4C295
000687BB
0007F73D
00042743
FFF4088B
FFFA2200
FFF193D7
FFF93DA5
FFF87B0E
FFFABD1F
00030A9D
FFF64D5B
FFFBEFF5
FFFF53A8
FFFFDE74
FFFAF18A
000596B5
FFF6C922
FFFB3710
00011F00
FFF87ACF
FFFECFA4
FFFAD270
00042A36
000826C7
FFFC4113
00017F93
FFF8629C
000345D9
000257DB
FFF7B564
000B70B4
000413CC
0005449E
FFFE6D2B
000362AC
0009EA4D
0001C092
000DB801
FFFDA96F
000D0A12
FFFA7054
00059F1F
000376B3
FFFD339E
FFF44B30
00085AB7
FFF751EB
00049C50
FFFAA1E3
0006B238
0003308D
00067EDF
0006D7C1
FFF9FF84
00039967
000A0DD1
FFFCEE34
0002977C
000C6287
00079B20
FFF7E13C
FFFF3942
FFFD72E4
0005315E
FFFF9312
FFFBDB59
000B3486
00097A55
FFFABDB9
FFFA6B78
0001839B
FFFEAEEC
00046FB5
0007459F
0002A1C0
000699F5
0003C9FD
0002F2AA
FFFB3C3A
0007B19D
FFFB4BE0
00084AE6
0003CFCC
00074E5E
0000204A
FFFEAAB2
0006FE33
FFFB7344
FFF640B5
0000787A
0004B29A
0005546D
FFFBA336
FFFEAAD8
0007040F
FFFB1520
000A31A9
000854E8
00028E2C
00012160
FFF56E9A
FFF46B8C
FFF615DE
FFFEA555
FFF78E38
FFFB6C07
00044F1F
FFFC944B
FFF629E9
0001C8FB
FFFAA805
000546C6
FFF9C52C
0004F55C
00016750
0003A9DD
FFFB5309
FFF90D2F
FFF9B6D4
0004B59D
0002FAB1
000313B5
FFF47C85
FFF6AB6D
0009EB9D
00045C9A
FFFBCE68
FFFAC974
00003B18
FFFD844B
0001BD5E
000437F8
FFFD2A51
0007FA49
0003D94B
0008C5D9
00092926
FFFDB67A
FFF66A48
000675DB
00011076
0004E802
FFFCA7F2
FFFEC22C
FFFB5E43
FFFC2996
FFF5F4F2
0000E366
FFFDE3E8
FFFC788F
FFFEC09F
FFF901FD
000448D5
FFF9E3A1
000979DC
FFFEC8A4
FFFA47E4
00039B24
0004782F
FFFFCC1E
00030139
FFFFB5F5
FFF94466
000797A7
FFF59581
FFF708C3
FFFD91D4
FFFB73AF
FFF65F28
000EC8DE
FFFFB819
00001615
0000ACE4
0000BDC3
FFF8C376
FFFD50F1
0000E425
0002BE3B
FFF324C6
FFFCDBD3
FFF6415A
FFFE9DF5
00023F9A
000361CF
FFFCA0D6
FFFE912B
0001D07F
0002D940
FFF930CD
FFFA3DE5
FFFCC26F
FFFE42FC
FFF72D3F
FFF62D69
FFF37996
0002E1C0
FFFED11F
0003BC31
FFF9F875
FFEE8E0E
0000027F
0007065B
FFFC6859
00068640
0000CF64
FFF4DFBC
000A24BB
000B7A4F
0008AA81
FFFE6139
00055C21
FFFCF50A
FFF824DD
0002F36D
FFFB466E
FFF86AE4
0004AF8E
FFFC7C28
FFFA0AF4
FFF879B4
0001E773
0002ECF3
FFFE8CF7
FFFDF58A
FFFBA224
FFFEE79D
FFFBAB9A
00000D79
0001E9CA
00054C74
00064768
0003E228
00056000
00000026
000496E0
FFFBC854
FFFBFD26
0000C312
000578CB
0009B09A
FFFBF4F1
FFF9578D
FFF8C927
000027F5
000314F3
0006B733
FFF9464B
FFFDD98A
FFEDA83C
0004E0C2
FFF2EF86
00046BE8
0002FAE3
FFFAE248
FFFA2798
FFF8561B
FFFFBE32
FFFC8F50
FFFE7C95
FFF78CF6
00016C12
FFF7D41D
FFFC5FBE
FFF85B90
FFFD46E0
FFFE4D02
FFF4C0AC
FFFFC399
FFF5FA0A
FFFB6E16
FFF44507
0002159C
FFFC134C
FFF991DB
FFFD35D2
FFF54DE7
0002BD59
FFFA13F6
0007B656
0005A232
00052010
FFF79B0E
FFFCEECE
FFFD3845
000373F4
FFFAFDD5
00027BB4
FFF3B8FD
FFF8A471
FFFF9BF4
FFF996DF
FFFBA149
FFF7E40C
FFF844FF
FFFE2CBE
00060810
0006E00A
0000B567
00044566
FFFE98C0
FFF6A29A
FFF1C0D3
000048BD
FFF91B6A
FFFCEFCD
0004B07E
FFF60A5E
FFFFC3C4
FFF7956C
FFF9102F
FFFF2B80
FFFABB94
FFFFCD70
FFFDC952
FFFB201C
0004F062
0005F5F3
FFFBC86B
FFFF79EC
0000F9DE
00003FC6
FFFC583E
000435C2
FFF8B609
FFF9CF07
FFFB922B
FFFE59D6
000127B3
FFFF3CFE
0005EB3D
FFFB3792
0003EE3A
0001F319
FFF8CF86
FFFFD1D6
FFF9F63F
FFFFAF60
000A92B6
FFFA3F26
00067923
FFFEA1E2
000C21AB
FFFAAB85
0008CEAA
00017B16
FFFBECF4
00098F49
FFFC573A
0009C684
00045572
0001979A
000556E0
0006B389
FFF73B90
FFFB2C71
00032904
FFF755B3
000074EA
FFF1808C
00084630
FFF3D4BF
0001800D
00023070
FFFD267D
FFFD1C8C
00092F48
FFFD1D04
0009ED88
FFFEE50E
FFF9B832
FFF77C89
FFF8776B
0002653B
0000139E
00075D89
0002A96F
0006A8F3
00009548
FFFE1C60
FFF80A1F
FFFA4BBC
FFFBE185
FFFA5402
0003314F
FFFFD14B
FFFA19A0
FFFF1208
FFF8F2C4
FFFE4440
FFFB2443
FFFBCD2E
FFFE450D
0008EC8F
0002C564
00052FEB
00015AED
000190CF
0006ECD1
00090058
00002CD9
000882A6
FFFDEDD8
FFFC6448
00061F9E
0006AD47
FFFA34B2
FFFB5B4C
FFFE6FA4
FFFEEF1F
000F04E6
0004A233
00075B17
FFF8411E
000AD562
0006158B
000A9021
00002934
FFFA70B7
FFFADCD8
FFFB83BE
FFF92DDA
FFF93950
FFFF664B
FFFB47D0
FFF5AC9C
0005C201
FFFB088B
00048965
FFFC55E3
000A6942
0000D455
0002A590
0008144A
FFFC18CC
00027045
FFFFDA4D
FFF79941
FFFF0879
00005AE6
000276A1
000615C8
0001F1B1
00006675
000229CD
FFF7B7FA
0002E378
FFF97492
FFFDAE8C
000473BB
FFFE7C92
FFFB01CB
FFFE648D
00015100
FFFA454C
00071EAA
FFFB599F
00006088
FFF72059
000864E3
00046069
00081B8B
00031F16
FFFC7EC4
FFFC1741
0003F2D1
0009BB3E
00040AF1
FFFF9239
FFFDB286
FFFE3CDD
000A9150
FFF9407A
FFF34FB8
FFFBE30A
0001DFFB
0002DF47
FFFF4FB9
FFFF065E
00071CB7
FFF86D41
0001122B
000572C8
0000DC28
FFFC3AD0
00025F9D
FFFFAD51
FFFC3F6B
FFFDE998
FFF7BF2D
FFFF919F
000092EA
FFFA6711
FFFB3AD2
000606AE
FFFA2293
0009ACBB
FFFFA6F8
00006BDA
0002B3B2
FFFD1FBF
0003B411
FFFAA03B
FFF4D2B5
FFFF73B9
FFF88FBE
00024D85
0005E67A
FFFC5FEA
0009DAA7
0004B0CB
00065DF7
0007515F
FFFC1FF5
FFF6D136
FFFFF863
FFF48178
FFF80D54
FFFA3FB6
FFFFC956
0000CF50
0007537E
0005BF93
00051D76
0007DF62
FFFF1941
FFF8CAF1
FFFA6D4B
00052DD5
00056B27
00046412
FFFBE442
0000BE7D
FFF806FE
FFFCD4AF
000290A9
0000B102
0000C2BB
FFF8AD6E
0001EC1F
0005FFFC
00023E7A
FFFBBC07
0004611B
FFFC7692
000328F8
FFF9E34A
FFFC127F
0009DE79
0000BA15
0007C3C4
0006C0A8
000C8CC4
FFF9D082
FFFBB52B
00018C69
000513FA
FFFD26F8
FFFC2E34
FFF7416B
0003483F
FFF824EF
000148ED
FFFD2F0A
0007DA44
FFFBA409
0001C041
0002641E
FFF9B385
FFF9A4FF
00072069
0001CED7
FFF949D3
0001F967
FFF3DD5A
FFF543FC
FFFCE35F
000136A7
00012584
FFFDE4EF
FFF6D26A
FFFB8D8C
0004C0CB
0004795F
FFFC404F
00008B3C
FFF9F8C2
FFFF5553
000286AF
0004D614
000980F6
FFF7EC1C
000347F3
000357A0
00014CB8
00001717
FFFFDCC9
00001696
FFFB6815
0000735B
0001D9A4
000148B3
FFF6CE8B
FFFE859F
FFFE18F2
FFFA8481
FFF8A387
FFFC1EF9
FFFB3E76
FFF7E368
FFFD788A
FFF97E8C
FFFC1CD8
FFF6AFA6
00027898
FFF5A23B
000397D7
0004C579
0004E0B1
FFFF49CB
00053ABE
000167F1
0001A6DC
FFFEC65E
0004B7BB
0003AF07
00051EB9
0001897E
FFFBD056
FFFC9A7E
0004E8E5
0009C2CD
00066D3E
0004B30A
FFF68203
0001D2DD
FFF898BC
FFFFBAD7
00025AA0
FFF1D6D4
FFFC539E
FFFA7866
FFF6CF4D
FFFBD747
FFF833F2
FFFAA29E
FFFF3E22
000359A1
FFFE3664
00074BE3
000A1E8B
FFF979EA
0001455B
FFFB388F
FFF947BA
FFFF61A9
0003CD54
FFFBDF26
0001249E
0002AE9C
FFF90D23
000C1C21
0000D543
FFF7C0CE
FFFF4F24
0001E2E3
FFFF1BD4
00079182
0000453F
00020014
0001A31A
000322E0
0003E7CF
FFFF5AD2
0000AEDD
FFFDDEEE
0004160A
0005447E
00029538
FFF811A3
FFF99AB5
FFF9BD6B
000D0A2D
FFFDAAB0
000A4138
FFF5A55B
00027BDD
FFFEF7DB
000513A9
FFFB19A0
0000ADED
FFF6439C
00002F14
FFFD731E
FFF8A287
FFFE283B
FFFECED3
FFFFA49F
FFFB9BD9
FFFE2EAA
FFFD0FC1
0000A139
0007ED2C
0004A40C
0001FF31
FFF97255
FFF94835
FFFC716C
00005097
FFFDEACA
FFFEC848
FFF52CA0
FFF272B2
0001BF29
FFF3BABC
FFF891BF
00073D5C
0007067D
000358C2
FFF74B41
00077B3F
000156D1
00026E89
0005AEDF
00007410
00013A97
FFFDBCDB
000132E6
FFFFFDD3
0007F66D
FFFC18C5
000CC276
00015259
FFF69884
0003B104
0002BAF7
FFFEDB7C
00057C7E
00005BA6
FFFEC5D1
FFFB2C24
FFF9A929
FFF61AF0
FFF660B4
0003C6F9
FFFA66EF
000A8B06
FFF91119
FFFC3AC8
FFF93A25
FFF88924
FFFED367
FFFBD40A
FFF6D081
FFFF60BB
000AEB97
FFFAEE42
FFFDD43C
00000EC2
FFFB41B6
FFFAC8FA
00072488
FFF81FE8
0003094C
FFF64F74
0002D5D9
FFFEF582
0002266C
0003D11B
FFFF4D68
000913DC
0006BF79
0005DD4A
FFFCA436
00005E66
0004E31B
0008AF08
0009A307
00064BB8
00017972
0004AED5
FFFB6D14
000775BD
0004A713
0008C00C
0007E547
FFFE70D6
FFF9D416
FFF83902
000061A7
FFFD8B7E
0002EB1C
00037D3F
FFFEC222
FFF89E26
FFFB94B6
0000E42C
00009666
FFFF2047
000628F2
0005C107
00007973
FFFDA661
FFFAFC5D
FFFF0380
0001BE46
00023A9B
FFF6ED4B
FFF6CC43
FFF99CFE
FFF8E87C
FFFC05DC
00025698
0001BA0D
000049B3
0007A131
0002BD24
00054751
00009847
0005DAA0
FFFA2748
FFFF6286
00002CC6
FFFBCD8A
00022225
FFFD1107
FFFB66A1
00068396
0002F614
00015E5F
0002B675
00076787
FFFA9458
FFFC50CF
0001929D
0001608D
FFFB3821
00028FA7
000A73C9
0009A0CE
000B1A67
000229DA
0001DC95
FFFF5B43
00001E0D
0004006F
FFFE4B7C
00060ACC
FFFCD7BD
0007E270
000243FC
0001CBBE
0009D8FA
00013BCB
FFFDD0A1
00042AB8
00095C9C
0006D2E0
000D7678
FFFE9A7A
FFFF0216
FFFB355D
00018063
FFFC4670
00008081
000524F2
00041DA3
FFF63A3A
FFF9CC26
FFFE4C50
00019F8C
000170D7
FFFE5FA5
0005EA68
00071BBA
00031FFB
FFFA0F24
FFFCEC5E
000B0BC1
FFFF39F6
0006887F
FFF8C49A
FFFF7A6B
0006DBAF
000090A3
00040A1A
FFFE3ECB
0001251D
FFFF93DA
0001E91D
FFFC233A
FFFD2820
FFFF3AB0
FFFC04D4
0008B381
FFFB9234
0001F25B
00006ACA
0005405B
00055FA7
00023606
FFFA7BC4
FFFE6F84
00045F51
FFFC1C6C
FFFE883B
0002FFAF
0005C995
FFFBBF76
FFFFC5EF
FFFCAA86
FFFE2FA5
00059705
00024B08
00006B20
000353CD
FFFF5897
000220FE
0001BCEC
FFFEA0B0
FFFE3DE9
FFFE6634
FFF92E3E
000299E1
FFF860C1
00036C47
000A394D
FFF91CC1
0006AA51
00032EC2
FFF91017
0001EFE0
00020A03
FFFF5B66
FFFC69AB
0003B1BE
FFFB09FD
0002350D
FFFA576B
FFFC9205
0000060A
00061FD1
FFFA92A4
0000ED61
FFF8E96A
FFFC5841
FFFCC00C
00011F5F
00003F8D
FFFF08D3
0001F5E1
FFF9E421
FFFD87E4
FFF3B45A
00037E31
00003B26
0007A494
0001250E
00002A3E
FFFF2217
0005CDA2
FFFD02BF
FFFF0B22
FFFC9BEE
00042E13
00003708
00042C7A
FFFD8D62
FFF67F5A
0000103E
FFFDECBE
FFF733F7
00015E60
00048896
FFFD503B
00026AB5
0000EF14
0004F271
00067D9E
FFFE87FB
FFF64C6E
FFF89537
0004278D
00022DEB
0008287F
00039ACD
FFFCFBCD
00085C9D
0007C7DB
000A8149
00040B52
00012973
FFFDA3B0
00045484
0005BBBC
FFFE9B76
00082452
0005FE3D
FFF6EC43
FFFA6D8C
00025570
0006DCBF
00048EE4
0005ECFE
00042EFB
000505AF
FFFB7D05
FFFCFDB3
FFFC9022
00010B4F
00011C45
FFFF1932
FFF7D84A
0000930E
FFFC35FD
FFFED73B
0005C743
FFFA61FE
0001BA6B
FFFF1FF5
00063C80
FFFDE2EB
000622C2
00095A5A
FFF8606B
FFFCA715
FFFE6D1F
000AB60B
00069C46
000CCAF7
FFFD7FE9
FFF7A82B
FFFF86AD
FFF860A9
FFFE6EEB
FFFF2110
FFFE3DD6
FFFDFC74
0006A511
FFFE33C6
000174E0
00037300
FFFEC3C4
FFFD67F8
0003F28F
00054800
000AD609
00013393
FFF59F98
FFFD334D
FFF8FFAC
FFFA3F85
FFFB9AF1
FFFB4C6E
FFF902B6
FFFFF464
FFFA9418
FFFD963A
FFFF37F6
00028C45
00029B05
0000B9A2
FFFFC114
0005AD38
00050A3A
000058FB
0003C479
FFFF4112
FFFFC4AE
FFFFAF94
00024DCF
0003F7D9
0003CFDB
FFFA39D1
000118C4
FFFCA3C8
0003579B
00006E12
FFFCAFD4
000913E0
FFFF886B
00003E8B
FFF8C0A8
FFFDCA5E
00055CF4
00079AA1
000091DB
FFFC62D6
FFFDD85D
0007FA56
0001D070
000C3850
0006E4EA
00003C8D
0008BA09
0005FAAA
FFFB402F
FFF9CE6A
FFFD0E7C
0006CC2A
0000365F
000B67C5
000274D9
0000324D
FFFD4348
FFFE3797
FFF7C0EE
FFF9D180
00074FE3
000479D9
0005069C
FFF844CC
000130B7
00038755
000058E8
00008F6B
000113B1
0003724E
FFFFFE13
FFFE6276
FFF97D07
0005FEF2
00078133
00012938
FFFB4D03
FFF8FD1D
FFF7FA00
FFFCACA3
0004473F
FFFAEEA9
FFFF65CC
0002D36B
FFFE4B79
FFFCB577
FFFE4C49
FFFD45B4
FFFF1D95
FFF7F95F
FFFBEC44
FFFA69E3
FFFBCF6B
0003D57C
FFFE8678
00037D1B
FFFF95AF
FFF8DA42
00012C2A
FFFBA23B
0002D8C6
FFFE4723
0002D0C7
00087B22
FFFE3F18
FFFF20AB
FFFAD27B
FFF885F1
0002D602
FFF60FC1
FFFFB0D4
00054834
00034C8B
FFF8D542
0003BAD3
FFFF1A1D
00003D10
FFFF0B66
FFF665EC
0009AA09
0003A6B1
0003DAB4
00007912
FFF5ADBF
FFF9388B
FFF97E55
0000325A
FFF91EE7
FFF9D812
00002E66
FFFD9DDF
00068BDA
0003550E
0004050B
FFFD0163
FFFC81B6
FFFBF1FE
FFFE464F
000041FB
0004BD2F
00028703
0001FFD3
FFFDF466
FFFC3D3D
FFFE3869
FFFB5C47
00019144
0001DDE6
00004C38
FFFE506A
0001CFCD
FFFBEF35
FFFD3F6A
FFFCCFB6
00017BDE
0004D83F
00023642
00014CC8
0000F93B
00018DBC
00003699
00030596
00006E7F
FFFF36DB
00045DC5
0005503A
FFFB9ECC
FFFA01EF
FFFDD409
FFFEDD06
FFFDB79B
0003237A
FFFCABFE
FFFD8746
00024173
FFFD3767
FFFCCEA9
FFFD1A26
FFFC5420
0002FC56
FFFE58A3
0000589C
FFFEE4E4
FFFF0BA4
FFFC3794
FFFBB177
0003DC19
FFFDFFCE
FFFDF53A
FFFCF7D5
FFFB9D2F
00081B04
000D5496
000B23C1
00006ABB
FFFCB9CA
FFFC78A3
FFFC2AD8
FFFC7044
00028C32
FFFD37EA
FFFD774F
FFF80DD2
FFFA68A9
000B094B
00080D26
000245AF
0002E75B
0007D823
000A0760
FFF86463
FFFB135F
FFF83C44
0005F504
0006CD9B
000ADC95
FFFDF9DC
FFF62F13
FFFF5E50
FFFEFB28
FFFF5EE1
0005C44B
FFFAB4C7
FFFEA5F7
00016C50
00053504
0001DD97
FFF812C4
FFFD35A3
FFFD4265
00034855
0007D3E2
0006B6D9
FFFEB30B
FFF87522
00006E53
FFFB26B7
FFF61332
FFFDAE36
FFFC4ACE
00011611
FFF81BF9
FFFB4010
FFFB9175
FFF9EB24
0000A648
FFFCB626
00049B13
00018426
0003CFE1
0002F5B7
00041C98
0003ECD2
FFFA70B5
FFFF0D46
FFFF66FE
000A8A51
FFFA837A
FFFEF37F
000035C7
FFF7C0E1
FFF90C11
0006A1E5
FFFC3EB0
FFFCBB51
FFFF29FC
FFFED5F2
000163CA
000B172B
0005F832
FFFFCA30
00005BAF
FFF98002
FFFE55C4
FFF8776C
000116B7
000C40C7
000451F7
FFFE0E74
FFFDF3CD
0007711E
FFF9D613
000134A8
FFFFCBBD
00007906
FFFBF0C4
0004CA57
0001E90D
FFFCF318
00040D34
FFFBB426
FFFCD1E8
FFF9E11D
FFFE59B0
FFFAE1BD
000831E4
FFFA3624
FFFD7CD7
0003DF14
FFFD5195
FFF9A777
FFF9D3C6
FFFF2D27
0003433A
FFFCAA87
FFFF8A7E
00069086
FFFCA704
0004CDE7
00068DD5
FFFC6AD6
FFFE3D77
00001FCE
FFFB4D72
00059ED1
00002D5E
FFFE9072
FFFC4857
FFFDFAE0
FFFCBA65
00028B3C
000058F5
0001C87F
0001A2EE
FFFC9FB2
00015D64
00014BF0
FFFE5473
000180D5
00025129
FFFA1424
00026C0B
FFFCA1AA
FFF9D4EB
0001643A
FFFCAD1F
FFFD9373
00005744
0001F450
FFFCFA69
FFF7A460
FFFD3387
FFFB7263
FFFCA20B
0005E438
0002F421
FFFCB47F
00016743
FFFDDEBB
FFFF6954
FFFE698A
0000639A
00053D23
FFFFC25C
FFFE58E4
FFFCC2AF
FFFE39E9
FFFD361A
FFFCABF7
00024055
FFFD4D01
FFFAE1AF
000266F6
FFF962E1
FFF84EA9
FFF9DAAF
FFF8345E
FFF9115F
FFF8566A
FFFE7B3B
FFFB7518
FFFECBB6
FFFB863D
FFFD2239
0003872C
00016702
FFFB47D8
0001B85E
0003ACF1
FFF9EF95
FFFEB695
0004F7EC
FFFCA4A1
00022834
FFFFDAF3
FFFDDDAA
FFFEA94A
0003E92D
FFFD6E08
FFFCEF46
FFFDFFDD
FFFF39B8
FFFCCE2C
FFFCCA1D
000673BA
FFFF7328
0000A792
000665EC
FFFD4844
FFFED99C
0000F22F
00016779
FFFEF672
FFFE3821
FFFF4EB9
0000910F
00013A19
0004CDC4
FFF9ADAC
0000490C
00019889
FFF836D4
FFFD98C6
0002252C
000065FB
FFFE1833
FFFAFD34
FFF97859
FFFE41A2
FFF8B584
FFFAA0D5
0003958E
FFFD79B7
FFFF5A4D
00039436
FFFD3E42
FFF9EF2E
FFFB06B4
FFF8CA97
00028D67
FFFC1F88
FFF97823
0002472D
FFFFFCC7
FFFC69E7
0000194D
0000126B
FFFBEFD8
0003AE03
0000821F
FFFE0817
0000E2E3
FFFE61FA
0007A3F5
FFFCA1B1
00044347
FFFB7160
FFFFE733
00041E80
FFFECFF9
0000DDA7
FFF85F47
000357C1
FFFDA16F
FFFD1453
000216EC
FFF86919
FFFB871D
0001A837
FFFD8C45
FFFE9CAD
00040E86
0001CB5E
000531BF
FFFB8B8C
00015E2C
FFFEEDC5
FFFE7200
FFFC580A
FFFD604B
00021407
FFFF1168
0000B2B7
FFFF4A48
0000EBB7
0002F06C
FFFD6D2A
FFFAFF4B
00021438
FFF724A3
FFFFAC46
FFF9CD2F
FFFEB9A9
FFFDDE8B
0000F9A7
FFFFFFB8
FFFD7A3E
FFFEAC56
00034A94
0000ABB8
0000293E
0000FF39
FFF8E959
FFFB3670
FFF93439
FFFE90D9
00016272
0004F20D
FFFA6508
0005CB2C
FFFF9247
00010C7F
00047B6B
FFFD61E9
0000360B
0005F352
0003F054
FFFA3477
00057778
0006DEDD
FFF7C5FC
000070D0
0004023D
FFFB4D66
FFFFCD30
FFFFF82A
FFFE0190
0001C4E6
0001AABD
FFF8403B
FFFA0EE8
FFFF4B61
00038FEB
FFFEDFDB
FFFFE6D3
FFFC7503
FFFC6DFB
FFFE721B
FFF88EAA
FFFC603F
FFFF1F93
00022F53
FFFBCF73
FFF97C49
FFFF5E04
00000ED1
FFFD226E
00030BC3
FFF90735
FFFF5153
000081C4
FFFC7135
0001CBE4
FFF8C067
FFFF4C01
FFFC1485
FFFF10B5
00021C1D
000451C1
FFFF07D9
FFFE6A98
FFFD72EC
FFFEB3AE
FFFBC630
00013CD5
FFF84663
FFFA58C4
FFFDD098
000999E3
0006FC44
00000091
FFFD0073
FFFD9250
000271E1
000248DC
00023D2E
FFFF7737
FFFD5159
FFFF3CD5
00027C23
0002ADE5
FFF9879D
FFFDFFC6
FFFF5A4C
0001CA60
FFFB90BD
00009992
FFFB68CA
00030C1D
FFFAF433
FFFF1DBB
FFFB6578
000042C1
FFFAC25C
FFFC62FF
FFFEA3BB
FFFB707E
FFFD2BB9
FFFC9F1D
FFF9E3D1
FFFCCE39
FFFB64D8
FFF708B9
FFFE07C0
FFFBDC88
0000756F
FFFCB94C
00027501
FFFA9B5B
0002F43C
0001EEA0
FFFDA185
00012857
FFF97BFD
FFFFA39F
00038D4F
FFF9A2BB
FFFEC5F9
FFFE1758
FFFEDF35
0001AB15
FFFE3A0D
FFFB4811
FFFAEFB5
00020F1D
0000D48E
FFFB397B
FFFFFD96
FFFD576B
FFFBE201
00023F3A
000339A1
FFFD5C84
FFF8AA65
FFFADFCA
FFFA6972
FFFC9DF8
00029D6A
FFFD82D4
FFFD8D6D
FFF89B9D
FFFC1EEE
FFFF51BF
FFFEDA4C
FFF74BE7
0001375A
FFFBEACB
FFF8D1E8
FFFBFFEB
FFFF9988
000070AC
00059A7D
FFFF70D8
00027ECB
0002416F
FFFEE70A
00044636
FFFAE60F
FFF9206D
FFFEC3EE
FFFFE26C
0001AFB0
0002C1AD
FFFE9C33
00024B69
00050769
0000C6BE
FFFD1ADF
FFFB6D66
0003CF35
FFF9224B
FFFC4428
00041400
FFFD3AA2
FFFC98B5
FFFDA94E
FFFB9116
0001630C
000049EA
FFFD97B6
FFF9386B
FFFBAFC0
FFFC53FF
0001B588
FFFCB236
FFF5556C
FFFAF6AB
FFFDBD0F
FFFB110A
FFF9ECED
FFFE1F99
FFFD96D5
FFFEC413
0002FE49
FFF83A97
0003679E
00046DE5
FFFABA13
0000D3D6
FFFC28CD
FFFED7EA
000314B8
FFFB6F9E
FFFE5F25
FFFD8BD6
FFFCFB4E
FFFD50A3
0002BEB9
0000CD1D
00014382
0000A263
FFFD97A6
FFFED73D
000729A4
0004FA8A
0000C647
0000AE36
0002FF0F
FFFF989C
FFFDC53C
0002014D
FFFAD8CC
FFFB36D6
FFFCB3BA
FFFFDB8A
FFFB72BD
FFFA9B86
FFFA6449
FFFF3218
0000FBB7
0002F08D
FFFCA4B9
FFFA6117
00033988
0001282A
0001E558
00026F52
FFFEA62B
0003B545
0000934B
00014115
00011CA8
0001C5D1
FFFB78C8
FFFC9FA8
FFFA79B3
FFFE9698
00022E54
FFFDEBCE
FFFC057C
FFFA490D
FFFABB23
FFFF4F65
FFFA4E23
FFFC8676
0003ACD1
000072A4
00026094
000235FA
FFFEECD1
FFFD1C57
FFFB8E3F
FFF9BAC1
FFFEC749
FFFE0A58
00022EC8
000010B3
FFFEBBD3
00025985
FFFBBABB
FFFCE40F
FFFAD833
FFFF8F2F
FFFAA97B
00006BBE
FFFA5631
FFFBBFC4
00013902
000176DD
00036102
FFF776FE
FFFC200B
FFFEA614
FFFD3C9F
FFF90D87
000469AF
FFFD4D45
FFFB2425
00023937
FFFD0797
FFF9E597
FFFBC820
FFFADCC9
00022E8A
00032DAD
FFFCE78E
FFFC6332
0000BD9B
0000E30E
FFFA89C6
FFFABC64
FFFE2078
FFFC0D2F
0000F5DC
FFFC7784
FFFC8099
FFFECFA5
00008958
FFFD02EF
FFFC6BC9
FFFD9D41
FFFA78E1
00041EF3
FFF9F85E
FFFBE123
0001F958
00005241
000224D1
000264AE
00033AFD
000401A0
000430BF
FFFBE6AE
FFFAD7D0
00066A08
FFFFB73A
FFFF0989
FFFD98CE
00041D56
000044C2
00090069
0001F361
FFFD8090
000A23C6
00046C95
FFFE9361
FFFEA99F
FFFF7349
0001EED6
00009CB6
FFFBB6A8
FFFAC8D9
0007F22B
FFFD2D77
0001339C
00033C3B
00069478
FFF7A86B
0002A098
00001BF8
FFFDCFE8
0002443A
FFFDC146
FFF9A444
00006120
FFF90F83
00038129
00029E5B
FFFDB0F2
FFF88D46
0000C670
FFF8E79B
0000CAD1
FFFDAAF7
0001FEE5
FFF9A555
000D7790
00056DE6
FFF39FA5
001483AB
0001B394
00032ABB
FFFAD730
000E1930
FFF507A9
FFFDD52D
0009D052
FFFA840A
FFF87858
00063C05
FFFFFC7F
000D4982
00075C72
0003A48A
00064F00
FFF8F7C3
FFF92A34
FFE69D9D
FFFCB712
FFFF7D20
0005597D
00130D51
FFFED179
FFFDCBF9
FFEFB014
FFF432DA
0009C32E
000BBB81
FFF6F2CA
00062A1D
00060A82
FFFD4C64
000888FE
FFFCEF0E
FFFF3358
FFF7EDAB
FFFCC177
FFF0AF83
00071654
00028611
000B6C82
FFF6B6D1
FFF7DD27
00041E2A
00027293
00065819
FFFABA1F
0001781F
0007C5C9
FFF5287A
0003F187
FFFE38DF
FFF8CED3
00051A51
00047431
000958FE
0001136F
0000D00D
FFF65B78
0001B302
000510EC
FFF70C6B
FFFE815C
FFF8D82C
FFFDE286
FFF0400F
FFF61C28
FFF7811B
FFF5BFC2
0002EB17
FFFD7D5F
000BB5B9
00097D5E
FFF634CD
FFF16CA3
FFFD54BF
FFF50E06
FFF6F0E5
FFFA35D7
0002F0BE
000509BD
FFFCF017
00086307
00058E25
0006058D
0008DD4C
0006C289
00011DF9
FFF1A96F
000AFD85
FFFE216A
0001A011
FFFDD0DF
0006A227
0002DD4C
0008F1D4
000AF2D4
FFFB5895
00052D9F
FFFF2E52
000DA3A4
FFFF39AD
00069C32
00045AD7
FFFD44B3
FFFEF322
FFFE7FB2
FFFC6845
FFFEDDB1
00039577
FFFB93A1
FFFD10DA
0000DC55
0000BBC5
FFF8385D
00031711
00045446
FFFE8CF3
FFFE0E12
00039157
000DFCB2
0000B19C
FFF6C595
000DF8D8
000B0FE6
0011A545
000927FD
FFFE1E14
FFFE331F
000FEE44
00081CC9
0008646E
FFF81796
FFFF9F01
FFFCD33D
00088B02
FFFD6516
FFF9A3B2
00077337
FFF62D10
00035060
0005EBD8
FFF30EAF
00035F5A
FFF10BEB
FFF92D31
0006983C
00085172
0001F3B9
00070A66
0005B7AB
0005BD09
0009EBC2
FFFA743B
FFFE536B
FFFD0919
000F2440
FFFC3096
00091F69
000758D3
FFF9A08E
0002C5C9
0007F9A6
00077A3F
0007288D
00069DC0
FFF6E5E8
FFF68DB0
000C0237
000AC2B2
FFFA705E
FFFB7865
FFF7644F
FFFABF99
FFFE8BE1
FFF99BA5
FFF7697C
FFF6CC02
FFEBD9CB
000924D9
00093C91
0006C64B
000D1C5F
00079D95
000B7EA3
000D62AB
000D298E
FFFED0D6
FFF7B5DB
FFECF572
00029C65
FFFE1176
FFFBD1EA
FFF221A2
FFFCA1E5
0003D384
FFFE8C7F
0001E49D
0006781B
FFFEF747
00015970
FFFE1981
FFFB9C08
FFFF0D27
000BA125
000C0E4F
FFF4D32C
FFF4BD54
FFF473AC
0001C641
0001548A
00044BA7
000728A9
FFFC7D67
FFF34FC5
FFF05C94
FFFEB080
0003E582
FFF37D5B
000667DA
00010B8D
000A7F3E
000856F7
FFFD60B7
FFF304DA
FFFDE43C
000128E6
00074434
00097902
00068332
FFF5B329
00011A0A
FFFE829F
0001AC19
FFF2B4CB
00090341
FFFE410B
00138622
001133F2
00072BA0
000A33EE
0007F96A
FFF9AD23
000A31F3
FFFE4C36
FFFF6002
FFFDEADD
FFF70F91
000699A2
FFF82471
FFF37296
0007E785
FFFC0018
FFFC8109
00046E2C
000821BC
FFF84359
00005A6E
0001E164
00085973
00025E2C
FFFD7AB4
00037695
00087D13
000B21B4
FFF823C8
FFFFCABC
00024B1B
FFF07EC8
00071997
0006D70F
FFFB1E3D
FFF40C9C
FFFC969D
FFF3FC4E
0000F5E2
000138CF
FFF0A6AD
0000F709
FFFC2024
0003174D
FFFBE1E9
FFF8F245
000D68A7
0009C5BE
FFFE76D3
FFF560B2
FFFC91E1
0000FF70
0004FEE5
000A514F
0002190B
0006CB70
FFF54494
000A3028
FFFFAED4
00130613
FFFDB8E3
00095934
FFF92C69
FFFE0721
0008E880
000633E6
00054711
000BA21D
00068368
FFFD9A42
00025C46
FFFBCED7
FFF78A31
FFFD53E5
FFF274DE
FFF233D9
0003352B
000AE57E
FFF376C8
FFF3F88B
FFFE87E7
FFFAC37E
0003B018
FFF8E03A
000C5776
FFF9D2E5
0001A763
00127183
000921EF
00034EC1
00049643
FFF640FB
00076CFA
FFF72D40
000F3CDF
0007FA3B
00037930
00013607
000119DB
FFF9DF3C
000A2FC0
0001C495
FFFEFF17
FFF96FF4
FFFA553C
FFF3359B
FFFCE6A9
000C1928
FFF1A5C8
000469D8
000AF692
FFFDD829
FFF778C8
FFFBB396
00091705
FFF9F017
FFF5E36C
0002B098
000B628F
000A011E
00061B17
FFFE89FC
000C3186
FFFAB013
FFFE7C9C
000B5DD8
0003A466
0006637A
000588C4
FFFAD2B4
0000B99C
FFFFEFFD
000B0B14
FFF51317
FFFA38DB
0005B185
000B74F4
FFF4C6CD
00025AF2
000092FE
000484DB
0009A664
000CB15E
0001A46E
0008B4A4
FFF8B7EC
000690BF
00058536
0004C86F
000253D1
00000D4D
0006F233
0001EB62
00046E83
000E5B3A
0004331B
00018898
FFF66A3A
0003AC18
00018A31
0005ED04
FFFBFF00
FFF48882
FFF3C7E2
00062FF9
0000D99A
FFFB1A18
000A9004
FFFD82AB
FFFE8C8A
FFFC9BD0
0000B6C7
FFFB1710
0007BD51
FFFFF856
FFFB65FC
00004D3E
0001BC91
FFF7AF83
FFFFAC86
FFF8575D
0006CB55
FFF63E9E
00082C1E
FFFA3549
FFFD5B1F
0000977F
0002171A
FFF5277A
0007657E
000D9019
0004A6B9
00021E07
FFFD103C
00095966
00040FD0
00090453
FFF457F6
000F3CB4
FFFD7784
FFFD5C49
00013916
FFF79B51
FFFC1968
00073BF6
00015358
FFF1B0EC
FFFE1FB5
00081521
00090B27
0005DA1F
FFF4C6D3
FFFAC41E
FFF4B5A9
0005EE42
FFFD7B1A
000076C8
FFFBDCDF
FFFDBFFE
FFFC01AE
FFF95D4F
00127B99
0003E518
FFF499F9
00013733
FFFDC82D
00063F0E
FFFFC6D2
0001D8AC
FFF53CE3
0012E594
0003F235
0001DBC7
FFFD5E34
0005196A
FFFE7C1D
FFFD2BD1
0005E9FA
FFFDB196
0003E18C
0004A92D
FFFF312B
00077B11
FFFCC05E
FFFD1CB1
0000794F
FFF7C002
00032579
00183D22
00002CD4
FFFBF914
FFFF55C0
0004F54B
FFFF2C0F
0005B7F1
000E795B
FFFA94EC
FFF21FE4
FFFB86E5
FFF70289
FFFFCC8E
00096788
00046EE4
FFF9705E
FFFE0417
FFED31A5
00002921
0003070A
FFFB34FB
0009375B
FFF9DD85
FFFD4E01
0008B850
FFEF422C
0002318E
FFF45F92
FFF60668
FFFEAEF7
0002790D
FFEDBBD8
FFFDD33A
00088032
FFFB4ED3
000AF235
000A5DF3
000BA966
FFFD0629
FFFED06A
0005B788
FFF9181D
FFF94C05
000AFDC2
0006636B
00073DCD
000BF02C
FFF6F799
FFF01570
0002E80C
00072151
FFFFFEC9
FFF5E5CC
FFF2EE41
000AC3EC
FFF5C169
FFF03D24
FFFB5C0D
00081C66
00016857
FFF9A53E
000BFD01
0008760F
FFFDFC3D
FFFBF9EC
0004CA5F
0005B8C0
0000C1FE
0002AF52
FFF57E4E
0007B9E8
FFF43797
000663B5
FFFC9878
0002EF7A
FFFC6733
FFFFF4F2
FFEEF086
0002D19F
0004BF43
FFFF7E47
FFFDE228
00014D93
FFFDCB55
FFFAF275
FFF59818
FFF520D6
FFFA6D60
FFF0A1BA
FFF41502
00010BB1
000395A8
00015A7B
000172A6
FFF1E6B8
00023744
FFF816E4
FFF6479F
FFF6DAC5
00104A1E
FFFE1E67
000C944B
FFF7F8F4
000A5C4E
00045FE1
FFF9C7C6
FFFBBDD3
FFEDE698
000BBE3A
00065D46
FFFFAED8
FFEDA906
FFF5F4EA
FFF4CA35
FFFC3C5C
00012FA6
0008FE9A
000CB9E2
000ECF3C
FFF33D7E
FFFE113A
00034FB7
0000275B
00015F05
FFF5A485
000127AE
FFFFF74E
0003DAD0
FFFE7E18
FFFE02C0
FFFE34B3
FFFA6873
00071A3A
FFFB8357
00066FC0
000948EC
000074A3
0006EE05
FFFB6456
00061CE5
FFFBCBBE
FFF95B32
FFF95CF6
FFFBBF7C
FFFA9E21
000620EB
000A9E49
FFFEAEBE
FFFBCA7E
FFF7FAE6
FFFEE1F2
0000C4B4
00009601
00058A3E
0005EECD
000A8B81
FFFB6C08
FFFC9410
FFF75D9A
FFFD2532
FFEA71BC
FFFE05FD
FFF51A42
0002A405
00059B5E
0003DE02
FFFFD2B2
FFFE9634
00074D60
0007EB07
000C7378
0007208A
FFFEA9AD
FFFFFD78
FFFC1752
FFFD66CB
00095291
FFFC9260
FFFDC81D
FFFF05C4
FFFFDA3C
0008779C
FFF945AA
0005F314
0003BF65
0004FE7E
0006692E
00045B28
000C3FE1
FFFD4FFF
00003412
000068C9
00051E67
0002B214
FFF6624F
FFFD9699
FFFE41CF
FFF8A605
0003DAB8
00071D25
FFF4AF80
FFFC9F92
00050DFC
FFF1DBF8
FFFC21AA
FFFB91BC
0003E3E1
00024E9C
FFF98F64
FFFC2000
000A57A3
00069DBD
0004CC9E
FFF7B4A6
FFF4A467
FFEE0979
FFF7BE9E
FFF9A7A3
FFF4371F
0003B1F2
FFF28FBA
FFF9F3E4
FFFF0082
FFFFBB66
0003141E
FFFC52F0
FFFDE97E
000189CA
FFF4B170
00072031
FFFC6AC1
FFFECB84
FFF7D19D
0003E0F2
FFF779F8
000002F8
000B370C
0001E972
000B771C
FFFE2469
FFFE2A4C
000533FD
FFFDB4C1
0001F3DD
FFFA24CA
FFFEDC45
0004439E
00028473
FFF7C25C
0000C1A6
FFF9E733
000D7F50
0002A75D
000A1922
0004E397
FFFF9EC4
00061F5E
FFF780E2
0001A454
00041437
000C1F90
FFFE0BA6
0004B956
000D14AA
00035F88
0005E050
FFFA3F4C
00026BD0
FFF43292
FFFDCAF1
FFF8553D
00055858
FFFEFC2E
000816CF
FFFD7E8C
00031F00
000A2150
FFFC19A7
FFFE3E75
FFFFF74A
FFFCCF66
FFFD5E47
0003D7B0
FFFFCB23
FFF7804B
FFFFBB3F
FFF30A48
FFF90DC4
00015A89
00054F38
FFFF401B
0002FC09
FFFD7CF8
00040939
0007C8B4
FFFA42DC
00066981
FFF864B7
FFFF51AB
0001C655
FFFC14C2
000B69F6
FFFE9E21
FFFC3355
0005D439
00017FD0
000446A1
0004FE67
0001822C
0002C20F
0000ED7E
00036241
0007D645
FFF5F234
0000E454
FFFEABE1
FFF8677E
FFFA7F17
FFFCA2B3
FFFF8A3D
FFF5DA94
00083FB0
FFF7416E
FFF7A0D8
FFE078A7
FFFB572B
FFFA609C
0003F858
FFF2FDA9
FFF79D63
FFFA0AD1
FFFC144C
0005B619
000B271E
FFFB55BC
FFFA8EFD
00057740
00013667
0000BCB0
FFF1D842
FFF55AB4
000AE827
0006F74C
FFFE0C41
FFFB1710
FFF96908
FFF00E86
FFF698D5
00024A8E
FFF69D07
FFF6F678
FFFC74C2
FFF5DDF4
00049E96
00016D8D
FFF6B886
00057E64
FFF84160
FFFDC2C4
FFFC62EC
FFFF4047
0002EE92
0004C1FA
FFFCCD70
FFFF2A3D
FFF6CAD2
FFF81BA4
FFF2F4F1
FFFB979A
FFEFA3D1
FFFC97CA
000070D0
000AE624
FFF87C15
00031AE1
FFFB83EB
0008DB44
000349CA
FFFD1723
000937C1
FFFA1863
00031556
0007589F
00027914
FFFD362D
FFF847BE
FFFC4EE5
FFF8BC2A
000E8A79
00033452
FFFD70CA
FFF9E58E
FFFB5E47
FFF9C7A7
00028245
000614AF
FFF9BADF
FFFA9136
00031E3C
00032E79
0005FC0A
000309D6
FFFDD38C
000130F2
0005B8D9
000AC357
FFF88C32
FFF5F4C9
FFF62926
0004AE02
00009352
FFFEA0F6
000575E1
000E98EF
FFFBFFC5
000CEC65
FFFCA34E
000C99E4
FFF1AAE1
FFF5E515
0007AE4D
FFFDED08
FFFBAAAC
FFF709F5
0002227B
FFEF9BC1
FFF76905
FFECEC27
FFF5A301
FFF5B926
FFFA2BA9
000AD61C
0004F9E1
FFF86307
00062EF8
FFF8FBCC
FFFA900B
FFFE93F1
00045779
0005F1F9
00002974
0011FE9F
FFF65D96
FFFB9AD0
00061CA4
FFFAB1E2
0002B4FE
FFF736D5
0000B95B
FFF60F42
FFFAF32B
FFFE7693
00021531
FFF5A80A
0005F0F6
FFFC448B
0004759E
00060DE8
FFF6665F
000BC5BF
FFFFB924
FFFAF763
FFFFDD0A
FFF880C6
0004D248
FFFD086C
FFFEA35C
FFF725B6
FFF87B91
FFFFC525
FFFFA160
0003C4B9
00032C5E
FFF9A209
FFF27C33
0009CC4F
FFFFD8A3
FFFEE883
000F545F
FFFDAB57
0000C224
00008FF4
000E0A02
FFFF5ED3
00028FEB
00015136
FFF7F859
000D9817
FFFEAEE4
000FFCAC
FFFD2B1F
FFFF7EC5
00044E10
FFF94572
0009F502
000C4254
FFF8CB3E
FFFA5AEF
000253C8
00073D5F
00001884
FFF845B8
FFEF4355
0000F5FA
0000844F
FFFDC610
000086F6
00010649
FFF6AE17
00025335
00051AF3
000217F5
FFFF055A
00086057
FFFDEAAF
FFFC5452
0003D5F5
FFFE20F7
FFEF6D24
00010360
FFFCBAFA
FFF94692
FFFF26DB
00016C59
FFFA0530
0004119C
FFED7A88
FFFD082D
00009464
FFFC8E37
0007855C
000020EE
FFFBE55C
0000A1E8
FFF91065
00005FF5
0010188D
0005FB0B
000E1791
FFFCADE5
FFFBC561
FFFF2527
FFFBBD98
FFFB5885
FFF99AF5
0006E0FF
000111C3
0009AE43
0005BFE9
0005D5CE
00012263
000A16B0
000A0D4A
0001F703
0008E9A1
00003BEE
000B0919
FFFCBDB8
FFF7B9F4
000DF237
00062D38
000A0BD4
00037055
FFFEEBDB
0004A637
0001DCF3
FFFDA92E
FFF2AB08
000BF1CE
FFF6B585
FFFAA8DD
FFF5E690
0006E6AE
FFFE8A1B
FFF13610
FFF09206
FFED9C74
FFF27450
0001835C
FFF934FB
FFF77F37
FFFAA79F
0004521B
FFF32881
FFFCCED2
0009A1F9
FFF707E7
FFF83457
FFF45359
0000B8A6
00009453
000C64B9
0003586A
00031BD5
00016CA4
000564AC
FFFD59AF
FFFC77E4
FFFE3089
00001CE7
000488B8
FFFBAF0D
FFF35BA1
0008525C
0007C14C
0007FA18
00054329
000AEE4A
0008ADEA
FFFFD33F
0001733D
0008002C
FFFDDD11
FFFA6DA7
0007F106
FFF7A7E9
0006BFAA
FFF7F06E
00069D4C
FFFA7BB7
FFFB98A5
FFFFF034
FFF66435
0003BCFC
0001D7CB
FFF1AF0F
00015FD3
000B23D7
FFF6999F
0013281E
FFFCD37F
FFF6F60D
FFF5A6CE
0003BA1E
FFFF64A6
00030056
00090E44
FFF99442
000510A8
FFFE33F8
000BC48C
00010893
00081A8A
FFFB37F8
FFF826BA
0009BC14
FFF9626E
FFF67628
FFF8CA91
FFF34001
0003B908
FFFC50DF
FFF804AA
FFFBC737
00003285
FFFBFABB
FFFDA220
000402AD
FFF48F97
0009FD30
FFFE0DC6
0000A551
FFFDF31A
FFF77597
FFFC68B8
000428B7
FFFDEF2F
000419EA
FFFF3F08
FFFDD56E
00009999
FFFACD85
FFFAEEE5
0004B571
FFF93529
FFFEA0DE
FFF57566
00052995
FFFADDCC
FFFC7802
00077898
000239DE
FFFBDEDD
FFF718F2
FFF8BB29
00090706
0005A921
0006D0FF
0008493C
00018F30
FFFA29E4
FFFEC82B
00018844
00078D0F
FFF71102
0004F00A
FFFB0BE2
000051A8
FFF85C40
0000638A
000593D3
00061711
FFFED67C
FFFB109C
000BE0F0
0002BCDE
0007220F
FFFCC881
00063498
FFFC6F61
FFFB0B48
FFFB8A8E
FFFE5539
FFFE40A4
0005FD56
FFFB2D5B
000875FB
00091626
00018641
00001A81
FFFCC896
00013D65
00026C62
FFFA0809
FFFCB5E8
FFFC0F77
FFFACC9F
FFFED1D2
0003F89F
FFFF4158
000190C6
FFFCA181
0006900A
FFF917F4
FFF943C8
00034AE0
FFFB2D6E
FFF6C66C
FFFF447A
0001E9F8
FFF8A0AA
FFF5E542
FFF6236E
FFF79CE4
00063B97
FFFEE308
FFFEF459
FFF19215
FFFAC8B1
0004A3A8
FFF86430
FFF9B633
00008A80
00023887
FFF7EA45
FFFFD64B
00035235
FFFBC3C6
FFF78203
0001738E
FFF17842
FFF9B452
000738B5
FFF7EDFC
00025429
FFFAEA84
FFF830B4
000527DF
00048763
FFFAEE77
FFF64774
0004EC6E
000115B8
0002CD80
00042DD8
FFFDA6FA
FFFE0ED5
0009033C
0007D648
0007DA1A
0004E506
00005053
0006F6BC
000D6732
00007B0F
00097BA4
000489E0
0009959C
FFFFB76A
00041CCF
FFFF40B5
FFF5FF61
FFF4DE98
FFF769D0
0000A75C
0006EEF4
FFFAF02A
FFF64C26
FFFFB023
00037972
FFFCAEEF
FFFDED03
FFF16FDE
FFF8DA8F
000AD473
FFF99EC5
FFFC9810
FFFB5142
0000095A
FFFCC14C
00008D7A
FFF7247E
FFF5B666
0003A25E
00048B9F
000414CE
00099BF6
FFFCB76A
FFFE16EF
0001B84A
00001C86
FFFE118D
0005EEBE
00082E4B
FFFF56DD
000C3EB6
000666E8
000AB623
000144FB
00042FE9
000382D3
000A8F4E
0003809C
FFFBCBAD
FFFC69B8
0006751D
FFFCC996
FFF8E710
0003BD5D
0005FE2C
FFFB6D16
FFFFCF02
0000D67D
FFFBD030
00013AB8
00013B98
00066E2B
FFFF8CEC
0000B758
00090F4F
FFFBD0A2
00053E66
FFF9DFDD
00017765
FFF85BBE
FFF8D971
0007E0BA
0003D1CB
FFFF0441
0004E8F0
FFFC141E
0003AEBC
0005F576
FFF95326
000105C5
00007753
FFFB93D1
0000EDA6
FFFF96B2
FFFE952E
FFFBA031
000096C2
0002F4B8
FFF9DAD2
FFF6F579
FFFF461B
FFFD4B68
FFFDE628
FFFE80CC
0007E47A
0004304F
FFF7DF3F
FFFDFB45
FFF82471
FFF7B1A0
FFF59912
FFFD5FE5
00049346
000415EB
FFFE91AB
FFFAF524
00061C20
FFFE62C5
00004267
FFFC0A72
00020724
FFF40D72
FFF71439
FFF4C5DC
00096A89
FFF20704
FFFC34F1
FFFEB8E8
FFFE1D61
FFFED8C9
0002DB7D
0004C6FB
0000AEF8
00064E74
0008DE74
00057DD3
0002ADBF
FFF7CAC1
00041166
FFFF4348
00048DBB
FFFF6732
FFFF4363
FFFA2566
0001178A
FFFE7F36
FFF9E458
FFFAA226
FFFCB783
0000E6BE
FFFB27E1
FFF7B321
000055FB
FFFFFA91
0002304B
FFF3B376
FFF3A4B3
FFF967BA
000564A5
FFF96A36
FFF8783B
FFF84ABE
FFFC1075
000181C5
FFF62746
FFF84A43
0004463B
0003FBF1
FFF560AF
00046AC4
FFF676A4
00034CD9
0003DBBB
0002DCF2
00034289
0003CB7A
FFF4B927
FFFC3B32
000112DC
FFFE29A4
000B009A
0006A64E
FFFE4935
FFF3D320
0004FFD1
FFFC1051
FFF94292
FFFEADE5
FFFA15F2
0000F6A5
FFF41C23
000688F6
0005C2D1
FFFAD4B2
0001E05B
0005228E
FFFE2EDC
FFF66E77
FFF2DE25
0001BBCD
FFF9260E
FFFC6E27
FFFB5ECD
FFFF7949
FFF9F346
0007C2E7
0003BADD
FFF78750
0003C822
000686B2
0000D006
FFFE2318
000020AC
FFFED551
00067A0A
0003BE4F
0008AD33
FFFFABE5
FFFBBB15
FFFD0CC3
00033204
FFF68B16
FFF9E4CB
FFF5471A
0000B09E
FFFFABEE
FFFBC3F2
00023FFB
00017E94
FFF9F2EB
FFFD38E1
FFF1A526
FFFB5130
FFFFBDC8
FFF6B2EE
00004D4A
0001E4C0
FFFF29CF
00035E4C
FFFA74BA
0000F49D
FFFA19B6
0000E09F
FFFBB8AB
000D15CE
0008885C
00084FEB
000602D5
00099043
0005644E
00064869
00069D23
0005B9B0
FFFE2A12
00083F9B
0006E544
FFFBD3C2
00097E9F
0001F16E
00026EB7
00057C4C
0000F07D
FFFD5B08
00037BDC
00016ED3
FFFA6DBA
0001B3C0
FFFD050E
FFFBE035
00051424
000AC657
000297EB
FFFC5757
00076B73
FFFE225E
FFFCB1CD
00087528
00031EB9
00038509
00043170
00044A47
0009057C
FFFA1565
FFFDF1B3
FFFE7D0E
FFFB2509
FFFBDA6F
FFFBCA61
FFFC51E5
FFF52A1B
FFFE7F5E
FFFE8CD6
0007AF81
FFFB559D
000159AC
00064D34
000108BA
FFF8B141
00090704
00059924
FFFFA86A
FFFE87EF
FFFCD1E8
0004C962
0008E10E
0003C776
FFF749D5
FFF762E2
0001EFE8
00066B2C
0001D6A7
FFFB9565
FFFEFB0D
FFFF4BEA
00067F0D
FFFC356A
0004C2E8
FFFE1288
FFF9E67B
0007B756
FFF88A4D
FFFFD35B
0004E539
00049E88
00032D64
FFF5D7D7
00047817
FFFAD7EB
FFFC04C7
FFFC2244
00006A49
0008C9DA
000C1B74
0004EF6C
FFFF691C
000144EE
FFFBF8C5
FFFE8572
FFFE606E
000326AB
FFFE1769
FFFCFC66
FFF520D7
FFF6165E
00009449
00020819
FFFAE9FD
FFF7F538
0000DFA3
0001A3C3
FFF99B6A
FFF121C2
FFFF96D6
000933F4
00057153
00055222
FFF8B4A2
000052AA
000929AD
FFF8DBA6
0001ABD3
00032D14
FFF6FFFA
000382A5
FFFEAD72
FFF89547
0003E4B0
00060618
FFFEDDB6
00070ED1
000142C1
000B3F86
0002C26E
FFFC8312
000179BA
FFF56897
00032C04
FFFED013
FFF66587
FFFEDFE6
FFFA2F49
0002CA84
FFFDE84B
0009F1AB
0007C9B1
FFFD10E3
FFF88702
FFFDD627
0008B43E
FFFE473A
FFF6C842
000152AD
0009A435
FFFD410C
FFFE5E78
FFFBF427
FFFE7DB6
FFFC7D43
FFFD7DDC
FFF6C415
00002CD2
FFF8FD84
FFF79ACF
FFF8BB9A
000B34B1
FFFFB25D
000BAEB1
FFFB50FB
FFFEC5FA
FFFCF365
000A11D1
0000FF04
000429CA
FFFBA1CB
000A217E
FFFD484F
FFFBD263
FFF9F5B7
00036AD7
FFFED015
FFFF6E85
FFF9E3FF
000C202C
00008BC1
FFFD7B71
FFF75896
0007139D
0007566D
FFF9512C
FFFCF3E1
000D9D7F
00049112
FFF91AB6
FFFB791F
00049339
FFFBB40F
00005CF4
FFF78D3F
FFF8DED0
000693AE
00015C42
00029ECC
FFF7EFC5
00046DE7
FFFEE2E2
0002DCE9
0008FB0D
FFF9D4BF
FFFEF85E
000308E1
FFFD2F2A
FFF82891
FFF6A2F8
FFF8609C
FFFBDCF9
00049820
000488F9
FFFB4CB9
00082B81
0000E914
000121A9
FFFE61B0
FFF660E8
0004C7AD
FFFDEBF1
FFFB0621
000358BC
000BFA5A
0006D888
FFFB8C8C
00054446
FFF8BC02
FFFB78D0
FFF997F5
000BFF43
000BB413
FFEFF0AA
FFFDDDD7
FFF92684
0005CDA3
0002171C
FFF8B1B7
0009E5A1
FFFD5A58
00016770
000583DE
FFF05A69
FFFB6F6B
0000B123
00082028
FFFEC869
00106977
FFFC61E1
FFF8740D
0002D03A
FFFE7531
0003F189
FFFB3602
000C5055
000633F6
0003E0F5
FFF74367
00024097
0006768E
FFFD0E2C
FFF62F03
00088B8A
FFFA5E80
FFF74C3F
FFFDBBD6
FFFE488B
FFF49A47
FFFB5814
000A4E18
FFF8D723
0000DBED
FFF63061
0000BA60
FFFE5712
FFFF81F7
000A9266
FFFC7BDF
FFFF5CAB
00059615
FFFAD1C4
000339A5
00038D51
0002A755
0005E889
000D9DCB
00041ED4
00071CF3
FFF7ACFF
00073541
FFFC5964
000D8FFA
000A40BA
FFF8D805
FFF8D340
000AE886
000289BA
000AC1CB
0001F289
FFF6DE61
000BB6E7
000376BD
FFF4F110
FFFB32D9
FFFE8F63
FFF7B197
0001ADDC
000173FA
FFFF5D9B
FFF8D91C
FFFCEA90
FFFB95BA
0002EF40
FFF87886
FFF8B42B
00006890
00036C46
FFF50CFF
0002A160
00060F3E
FFFE4A72
FFFAD43F
FFF68B45
FFF7DD45
0000A563
0008BEB0
000079C5
0009AA29
000691C5
FFFEB3D3
00084286
FFF9FF67
FFFAAE84
FFFADF00
0000127D
0007C34A
FFF9C7FA
FFFA49E9
FFF5FF83
0004EE9C
FFFE03B0
FFF9A913
0003638A
00028476
FFFFC06C
FFF21393
FFEC67DA
FFF093A6
FFEF0025
0013C088
FFF952A2
000944E4
FFEB62EC
FFFE7722
FFF8C4BB
000FBA1A
FFF52B22
FFF4C45E
0010B2CD
00017E50
FFFE245E
FFFC798B
000BDA57
0002D760
00080834
0001E4BA
FFF88D4E
00098D0F
00049DD2
FFF99847
FFF7CC94
FFFC22F3
0003D9EA
FFF2BF6B
000791B8
FFF63338
0006B33C
0008D78A
000E9B41
00068F68
00016172
0005754C
FFF6B6EA
FFF0B3B1
FFF2CDB6
0003FB1B
00036645
FFFC42CA
0010F447
FFF4D922
FFFFEE70
FFF82335
FFF7E2B5
000BCB46
00005131
0002AF9F
00076C5E
FFF9FAD5
FFFF5D57
000BA868
00027AEC
00004670
FFE72E97
00010478
FFF4D3C1
0009A6AC
0003818D
FFF4DF76
0005F153
0004AF77
00089F67
0005531F
0000B8FF
FFF5122A
FFF3C92D
0009127A
000950A5
FFFC101B
FFF97A0B
FFF8DAB5
0000E8D1
FFF91AEB
0000FC0E
FFFB0DD0
FFF8940A
0008526E
FFF5E1E9
FFECD384
FFF60A1B
0006DFBD
00081E1A
FFFF3275
FFFDD325
000301AA
FFF7A227
00114792
0003EAA5
000E970F
00114796
FFFD6906
FFFEC4BB
000317A7
FFFE4CA0
FFFDFFD7
FFF8540B
FFF24933
00067061
0000C9D3
FFFE181C
FFF2E35E
FFF08D2F
FFFF2F1E
FFFB52DC
000FCBF4
FFF374E4
FFF7EB53
FFED8CA6
00030857
FFFA6132
001440DE
FFFE761C
FFF5BBE1
0007C4A1
0003C49E
FFFCB6DC
0004315A
FFF11428
FFF7ADBB
000145A7
FFFA066A
FFFB7A80
000A38C1
000AD8A9
000719BA
FFF7CBFE
FFF4BBCD
00044455
00057B82
FFFBD873
0005E2C3
FFFABA79
0009A065
00007C86
00067F06
FFFE11A8
00077129
000F8E83
FFF968D0
0002E92D
FFF1ADF6
0008202E
FFF202B5
00038D5B
FFF6BDE3
00061769
000CBE3E
FFF89921
000340CE
FFF6C535
00066D4B
FFFF3581
FFF69058
0006ACAE
FFED0D58
FFF7DFE7
FFFBD841
00000273
00024AE1
000A36A0
FFFF6ECE
FFFFAA8D
FFF59A59
FFFEA36A
0009B8E2
00065CAE
FFFD9895
0001DF1A
FFEC6A52
000132C7
FFF59E64
000D53D7
FFF8D283
0004C87D
0001AD32
FFFDB2CF
FFF68A4D
FFFFF404
FFF9CE42
FFF82AFD
0002CB86
FFFF4840
FFF8DE19
00008AC3
FFFAFD0D
FFFBD528
FFFE162D
00048D0F
FFF7E139
FFF6F901
FFFB32EC
FFFB1AB4
000BF14D
FFF69495
00056721
00061A3E
FFFE1664
FFF5CEFE
00002B3B
00019221
00105840
000ACCCF
FFF96544
FFF6E53D
FFF4CB0C
0002AFA3
FFFD3DB9
000E8037
FFFDBCD8
000E4EFB
000A3270
FFFE4829
FFF53DE7
000AEAE2
000C63A0
FFF6CE51
FFFDE394
FFF7D6F0
00050DF6
FFF52F5D
00125634
000C7078
FFFC392B
000979F4
FFFA02A5
FFFEBF5D
FFFC68DB
000D4387
FFF94CBC
FFFC711F
0005335C
FFFD65B9
FFFE0D79
FFFE69C2
00092F92
FFFD9459
FFF80B73
FFFFFFD7
FFF78CB4
00074D3A
0006F62D
FFF6B341
000974E0
0005B09F
FFFDA3D5
0005F37F
FFFE4421
FFFC7B6F
000BFCF1
0004CDF8
FFFFA4C3
00081704
FFF915E3
FFFFBC37
0008F284
FFFD736C
00035F65
FFF9120B
0004C089
FFEEE5CE
000C3DF1
000E059A
00008FD7
FFF7130B
000928CA
000EF266
000322BA
FFFCDCAF
00053915
FFFE693E
FFFC7BF7
FFF404CD
0003A768
FFFE6DE2
FFFC2355
FFFE0900
000606FB
0005A746
0006CA75
000A5CBB
FFF8BA25
FFFD20DB
0007E85D
0002FDCD
000C42D3
0004B4AA
00053F83
FFF73A4C
000A14BD
0009C1E8
000C1B12
00021C51
FFF45474
FFF207C3
000CC42A
FFFFC3B5
00009643
FFFC9460
FFEF8C97
000BD638
000E57FD
FFFF8090
000CFF2D
00047283
FFF3481F
FFEE9447
00072673
FFFB3AD9
000DFBFB
FFF1F447
0004E80E
000424C3
000A216F
00067874
00043436
FFFBB44F
000A1871
000007EB
00012AA4
FFF53232
00015EC7
000A13E0
0001DFA1
FFFB13CD
FFFDE42D
000073B7
0000DFD7
FFF8CE75
0003F648
00024144
0005BAB0
FFF67ACB
00037F2C
0005BBBA
FFF7F6AA
FFFC70EA
FFFEA6C7
00017C11
0003048A
FFF72655
FFF2846A
FFEE99AE
FFF2E143
FFF4968B
000973AC
FFF3ABD5
00007505
FFFCC90A
00039304
FFFF1EED
00022F3A
000A33F3
FFF4FCF7
0007E643
FFFDFAA5
00065B5E
0015B75B
FFFCBDF2
00051AF0
FFEE63E1
0010D13B
000B33A8
0010E957
FFF656FD
FFF68085
0004288C
FFF16CD8
000ADD9A
FFFBF71F
0001A40B
FFFEABBB
FFFBAB34
0005EE41
FFFF5277
FFFDFD59
000286D0
000C5DCD
FFFDCBFF
FFF63CF1
FFF7E9B3
000141F3
00100C4D
FFF7E067
000539FD
FFF92FCB
FFFDF1FB
0012BD8A
FFFABA77
00086B78
000B0C7B
0004886F
FFFC33B0
00025500
000036D5
FFFD8998
000AD5ED
FFFE0CC5
FFF1E518
FFFE3AFA
FFFF5E1A
0002341B
000732E8
00052824
00032A2B
0005269D
FFFAB8B1
00118775
00039762
FFFD59B7
0000CBB9
00002437
FFFFBC00
00091AF7
0007AFF5
000A64B8
FFFCE1A8
000D9206
FFFA1A10
000C2E3C
FFFB9D2A
000383F1
00061E3F
FFF72AD5
00081A49
000CA635
FFF98877
000100D2
FFFE7438
00030CD0
FFFF35EF
00058B55
0004330F
00090382
000BAE6B
00009E3E
0005B7BC
FFF7C4E3
FFF66941
00062BD2
000B83AE
000C1802
FFF5DC93
00039F27
FFFB4A1D
000EF851
00045673
FFFDD294
FFF81697
FFFF2875
00008A1D
0000A97F
000374D5
000062C2
00029F54
FFFDA9EE
FFFDE06C
FFFF97EB
0000D326
FFF9E858
00004C38
0000C263
FFFEEF58
00007C5F
00028813
0002E444
FFFD46C7
FFF9D4B1
00018209
FFF859BA
00082463
00018FD9
FFFE6684
0002F1A1
FFFFE516
FFFBBCFD
00063188
000621D2
0001F744
00023BDD
00004F39
0000DBA3
FFF8EDBC
FFFEF74C
FFFD46EC
FFFD84B4
00027D84
00060028
FFFC0A52
00004366
FFFC885B
0001AD95
00019BAA
FFFFFA84
000108C3
FFFC11CE
FFF9F676
0001C395
FFF9B44E
00005C38
FFFD0C44
FFFD9B46
FFFA3EE3
00008980
FFFB346A
FFFD1B93
FFF82B22
FFFC26D0
00016F82
00047BF3
0002B3B8
FFFD7770
000554D5
00059AD3
FFFDB529
FFFC8612
0005ED63
FFFD4772
00018BC9
FFFEC52D
00040EA6
FFFDC3F8
0003C797
00054F0F
FFFCAA72
0005AB45
FFFEE46F
0003F1C9
000496E0
FFFDCC80
FFF9D413
FFFCFAEA
00022E22
FFFBF0DA
FFFA7960
FFFAC342
FFFCD9A2
FFFE7F82
FFFF447C
00025AE6
FFFEBC7E
FFFA3CB6
FFFCCB5E
FFF91608
0000D21B
0002F669
00014F77
FFFD2E33
FFFE4EBB
FFFD19D0
FFFE7764
FFFEEAF3
FFFD7422
FFFC434A
FFFB134D
FFFED0FE
000456F6
FFFAF849
00026163
0004BABF
FFFA9118
00002F46
FFFD560B
0000D64E
00031109
FFFDEE21
FFFBE0E2
0002C775
0002D44A
FFFE4EA5
0006B6E5
FFFD6BF8
FFFC225A
00025A1D
000166C3
FFF824EF
FFF5E78B
FFF3F5F8
FFFCA51F
FFFF5C3A
FFF97184
FFF4F2D0
FFFCEFDE
FFF74B8C
FFFED724
FFFA2710
FFFBD62B
FFFC04E3
FFFDCA85
FFF77E26
FFFEAA3D
00066E6B
0001B133
0005244A
FFFFE840
0005958C
FFF99465
0003DB5F
FFFF9E9D
FFFB01AC
FFF9D951
0002F404
FFFE6F08
0004AC19
FFFDA596
0001A38C
000392A3
00002F25
00004C38
FFF7FE46
FFFAB9E8
FFFCC92C
000538C9
FFFFC3E8
FFFD9530
FFFBF25D
FFFCD91C
FFFCD8E8
FFFC03E8
FFFD3824
00028B81
00015F93
00054A74
FFFAB043
00011D40
0005AC87
0004FDD2
FFFDCBDB
0002600F
00063D8E
FFFB88F4
0001E2D0
0007CB21
000203EA
00004784
FFFA40AA
0001D3B8
00089F4C
FFFA0DCE
0005FC97
FFFDA6D5
FFFCDBE6
0003D08F
FFFCEFDA
0001FB60
FFFA27DD
000451D4
FFF8A858
FFF8AEBB
FFFB4D41
00032B7E
FFFFD8E2
0003AD98
FFFF8B23
FFFE7F4A
00017C57
FFF7A130
FFF8CF80
00016609
00004E93
00004514
FFFC82A2
FFF63AE8
FFFCDBD4
0000D4B9
0001A02B
0002799F
00021CA0
0003014F
FFFC34B6
0000FF68
00046B29
FFFE11DC
FFFBFEE8
FFFD2175
FFFD2EAF
FFF9FCC7
00020A55
00006B72
FFFE10DB
FFFC4641
FFF52271
0002D86D
FFFC7BA0
0002ABA8
FFF80177
FFF6060B
FFFFD1FC
FFFEEC65
000530AC
0002AE14
FFF81754
FFFF80E3
0005680B
FFF9C168
0000DBF8
FFF9AC1C
FFF8AC57
FFF895D2
FFFA1CA3
000324BE
00000F95
00051853
FFFDC7F8
FFF6AC37
FFF86DD6
000175AC
0002BA29
FFFAC9AC
FFFE22ED
0001831F
FFFFF9B5
FFF99430
FFFBC629
FFFDE7F4
00012B64
FFFC68F1
0002AC2E
00033226
00069A75
FFFEF09D
0007CCD3
FFF8A6B6
00069073
000726B9
0000E5A1
FFFF82A9
FFF9CFEA
FFFD41A5
0003F95E
FFF8A35A
FFF8CD02
000531FE
FFFA6BC9
FFFCD437
FFFAFA6F
FFFAD72B
FFFAE87C
000553D4
FFF8E31A
FFFC6BA5
FFF9D58D
00050EB0
FFFD097A
FFF972F3
FFFD5CA1
FFF89D90
FFFA1298
FFF7D8FA
FFFAB8BC
FFFE926E
0001144A
FFFFA2E7
000189FE
FFFC74BE
FFF71A31
FFFBA6B6
0001A18A
FFFD45AE
FFF8DF46
00002007
FFF85D11
000452D6
00034E54
00020740
FFFB8F96
00049941
FFFB2528
FFFDB90A
FFF83E1D
FFFD2DD2
FFFD44CC
FFF6209D
FFF95A55
FFF8A7BA
FFFAE29F
FFF903A1
00023D24
FFFE383B
FFFBE242
00052510
FFFB6E69
0004289C
000038D3
FFFC5975
000209BA
FFFE4DEF
000328D8
FFFCD5F8
FFFE6849
FFFDD253
0002ABA6
0004C065
00034A45
FFFA533E
FFFF72CF
FFFA00EA
00047CA2
FFFEE4D9
FFFDF761
FFFD5C49
FFFC734D
FFFB41EE
FFFBE17B
FFFB3C1D
0005A557
0001CC88
FFFE47CA
00039EEB
FFFD7B1B
00010483
00009FA1
FFF89780
0004DAF1
FFFD3D2E
FFFC9484
FFFD10DC
FFF8856D
FFFE5140
0001CEA9
FFF9B3DE
00009029
FFFB981E
FFFCE54F
FFFA8DB5
FFF8E1A5
0002F131
00016B64
0001C0A3
FFFB9BAA
FFF9D308
FFFC3017
FFFBB5D4
00046F67
000084A5
FFF5CBC7
FFFF95EF
FFFA8E26
FFFCBFCA
00006CC0
FFFA06DA
0001031A
FFFAB984
FFFDBD20
FFFB648B
000125DF
FFFF0495
FFFFA2E9
FFF9CBD4
00031339
00019A98
FFFE3B86
00017492
0000175E
00020C92
FFFD89D7
0000D895
FFFA3263
000009D5
FFFDEC54
0000A9A4
FFFC7AC1
00029A96
00077BAD
0008A981
FFFDC8FA
0007FB05
000650D5
00088561
00040F2F
FFFDBB87
FFFB262E
0005B07F
FFFBEC79
FFFB268B
FFFF6C67
FFFC1458
00028635
FFFF33E6
FFFBFAB3
FFFA9E78
FFFBF4F6
FFF8F76E
FFFB4142
FFF6CB3D
FFFAABD5
FFFFEDB5
FFF9E06A
FFFC8B8E
FFF63EB3
00011CCC
FFFE63DA
0000460E
FFFCC29D
FFFD6904
FFF9C5B1
FFFB5BC9
FFFD3AF9
0005D458
FFFBD915
0004C74D
00071D17
FFFBC0E4
FFFC2E7E
0006BA66
0002A3F4
FFF90838
0001529B
FFFBF87B
FFFB3859
0001867C
000351C1
000017DF
FFFFCD95
FFFA048B
FFF70E0C
00029354
FFFAF152
00021271
FFFC7BD1
FFFA9C9A
00014D8E
0001507B
FFFD0496
0001C5D9
0002F0D2
FFFC34FC
000193BF
FFFE225B
FFFB9716
0002AAE2
0002AFDB
000251B8
FFFB10ED
FFFE37D8
0001393D
FFF89EA6
FFFB1424
FFFAB384
FFFCA96F
00022013
FFF8A80D
FFF93645
00010113
FFF58548
FFFD27CB
0003B6FF
FFFD7E3C
00008959
FFF97C6F
000265FA
0006088A
00028EEA
FFFC74E2
FFFBF29C
00032B8D
FFFDB142
FFFAC181
0003D396
FFFC546E
0002E8DE
00073E7F
FFFEF03C
00007783
00007E91
0004CFC7
0006738C
FFFF4599
00022B0E
FFF9AA0C
00019A76
0001348E
FFF70BF4
0001A091
FFFFE12C
00001C55
000333BA
FFF72F18
00013498
00001D7F
FFFBD757
0002CD9F
FFFD8DBC
FFF5ABC8
0000281E
FFFC7180
000049FE
FFFC1E65
FFF99F2B
FFFCF841
FFF97398
000153A8
000477D6
FFFD8C15
FFF86D53
000414BC
FFFD54EF
FFFA8C53
0000A715
000000C9
00037A5D
FFFFF8C2
FFFAE0F8
FFFA5FA4
00007159
FFFB0F15
0005557B
FFFE9F36
FFFBD634
FFFDB2F0
FFFB9DB7
00029A35
00054604
00032D1D
FFFD35A5
FFFABA9A
FFFC093F
FFFB05D8
00036BA0
0002D461
FFFE3356
0002D213
0002EF96
FFF9C84D
FFFA83E7
FFFEC5E4
00009DA8
FFFD382C
FFFEDC8D
00049198
0007D9CA
FFFF77B3
FFFB5F64
0003BF1C
000014C9
FFF703FA
FFFEA206
000496C2
000657DF
FFF90C6D
0000D390
000140FE
0001E6DA
000937E2
00032807
00035922
000C5245
00046193
FFFDB209
FFFC21C2
00023E4D
FFFDE5E8
0000F81E
000A5073
FFFEDDC8
0003E031
FFFAD45F
000CBB0A
FFFBF873
FFF667C4
FFF973EF
FFFC1543
FFF9D6BB
FFF7B1D8
FFFD2B01
FFFF1EC4
00025AA3
0002200D
000ABBDE
000159F3
0007B3B0
00027172
FFFDCEFC
00037505
000149BA
FFFF83F4
00093FB8
FFFEEAA1
0004F050
FFFEF748
0000993A
FFFD7CD0
FFFC5230
FFF753D3
FFF36D14
FFF6AA2A
00003EB3
FFFD4980
0000D443
FFF467EF
FFFBDFC0
0001337C
0004BD3F
0009EC7D
FFF6042A
FFFCF2A1
FFFB838E
FFFBDFD5
000B1093
000A3194
000560BA
FFFABAF6
0008127B
000F978C
FFFF5F37
000899E3
000902A2
FFFF297B
FFFBD0D2
00084D0B
FFFECECB
00055FF7
00038681
00046696
FFFAA9CB
000462E7
00001993
000D4A38
00044FD1
0002A40F
FFFB7709
FFFB2D91
00044A29
00018CD1
0003395F
FFFA68BF
FFFF3D8B
FFFF778C
00066AA8
FFFC160F
00066709
0000D714
FFFEF938
FFFEF929
0008B4BB
0003BAF4
FFFC2A5B
0002F1CE
FFFFA079
FFF88D1A
FFFB4A72
00001737
FFF7D319
0005B429
0008C24F
00070C7C
000270D8
00099264
0005C614
FFFAA53E
0001B2BC
FFFA4DA5
00056C0A
FFFA35E0
FFFD0271
FFFFD641
000AA5D6
FFFC1E2C
FFFB75DE
FFFD7004
FFFE49AC
00043A26
FFFE46F3
FFFD2A76
000A168B
00076592
FFF91B48
FFFD0CA3
0001CC9E
000807FF
FFFFBCEE
FFFE53AB
FFFD2F87
0002A0ED
00021092
FFFF7B38
FFFB2A52
0004E66F
00022CBC
00013C35
FFFC1438
FFFE3988
0004D225
FFF74FF5
FFFF1286
00027F70
000B89B4
0004A6D4
00008E66
FFFEFC36
FFFF4C8A
00011A95
000626E2
0002DC89
FFF8EE2F
00049F47
0004108E
FFF83D68
FFFF4DE8
0004984A
FFF3B5C3
FFF401C9
FFFEAA23
FFFF5E54
FFFA4B02
FFF8154A
FFFC5931
00075FEB
FFFA2F1A
0001AAFC
00057A2A
0005AA63
0008E4F8
000084CB
00079BBC
00065044
0005C032
00059FBC
000AA3CB
FFF86A4A
00062AB9
FFF82061
FFF8CF6F
FFFBC13D
FFF5067E
0002FFA4
00074150
FFFFAD5D
00012369
0007A960
0007EFA9
00058E87
000038E2
0005CB56
0005C44D
FFFD3576
000061BF
FFFECD6C
0002A59B
00003C0D
FFFD02D6
FFF7534E
FFF94C89
FFF87856
FFFE8CD5
0002DDDA
0002E7C2
FFFCDA0C
00039A66
0000A546
FFF91976
000456F7
00065867
000A7580
FFFCC68A
000CDBD5
00014405
FFFB6FC1
0004AF59
FFFEA659
0007239B
00028B54
0005D52B
0002087F
00087A03
000EE6AB
FFFC28CF
00018BAA
FFFB732C
0009735B
0002492D
00033769
FFFCC9D0
FFFE90BA
0009A3AB
FFFD5C78
FFFF20C2
FFFB8BB2
FFFF104C
00102D50
00085149
000471E9
00024416
FFF9C219
FFFC472F
FFF8E81C
FFFEEA56
0007B483
000BD8A0
0002BD6C
FFF20BD1
FFFF36B1
FFFC545E
00033BC7
FFF9E13E
FFF8B008
00011919
000239B1
000A7F5B
FFFCB439
00068739
00054321
FFF62FBD
0006CD7C
000520A9
000EA9D9
000BE802
00090BFD
FFFBE790
000BFD71
0004017A
0000B099
00007BA7
FFFAEB51
00089AD2
00081356
000D1EFC
000119AE
FFFC9ABB
000552E3
0001BB98
00049F2B
00069834
FFFFD55C
0006BE76
FFFE7968
FFFF6DD9
000261C4
FFFE12B2
00017C21
00075481
000A14FF
FFFF2916
0002EBCD
FFFE26EB
0004C5DA
00069614
0002AC01
0000EC17
000337B4
FFFACF63
FFFA7DC3
FFFC63A7
FFF9C07D
00069120
0008846C
00008533
0007384D
FFFF2C2F
00089886
000A0100
0003FA9E
FFFAD471
FFFA7691
000BB26D
0008B74E
FFFC6BBE
FFFE6DCC
0008BD80
000BEBF1
0008B2EE
0007FE6B
00016DF5
000B91A2
00080DCE
00052CE3
FFFBD06F
FFF6FF65
FFFF7C8A
00093CC8
FFFEBF99
0000E487
FFFAE226
FFF94401
FFF3D889
00031073
FFFFE6CD
000471D0
00040236
FFF931E8
FFF698FE
FFFBD87A
00025210
FFF4A88A
FFFF1807
FFFC9587
FFFDD2C4
000704F9
00004D42
FFF7421B
FFF853A6
00041B1A
FFFBC6A6
FFF70D79
FFFD8DAA
000417FB
FFFF65B1
00038F1A
00025B8D
0003C07B
FFFA8F8C
FFFD48B3
FFFD757C
FFF93FBD
0003947B
0000C7BE
FFFBB4C3
000417FF
FFF4CC69
FFFFF61A
FFFA3DC6
FFFEEF22
FFF65D58
FFF22B94
FFFCC5D0
FFFC9E58
FFFD5EE8
FFF9DBF4
000062CE
FFFC5018
FFFE9C99
0007676C
0001B6B2
00049D3C
FFFCD3D2
0006F0F5
000A2EC4
FFFDC3C9
0004EF5E
FFFD7391
FFFBF271
FFFA4B6D
00070BB1
00034793
FFFE9B7D
FFF418DC
FFF734C2
0003E2E8
FFFDF981
FFFE743C
0006AF9C
00052669
000827B8
00044FCA
0009817A
0001D1E6
FFFC8C65
0005A703
0009D66C
0009ABA2
000392C9
000C6A83
FFFA472E
0007CD15
00077621
000357E5
FFFAABA7
FFFBAD7A
0005F221
FFFF2707
FFFA3CFE
FFFB19BD
FFFFD827
0000904A
FFFB9BDE
FFFB1263
00026A73
FFFB9FF9
FFF8F2AE
FFF96082
0004508E
FFFC1817
00026084
00024EC2
00017AD4
FFFF7323
0000BFA1
000671EE
0002BFCB
FFFD993B
00044542
FFFF3CB8
000264AB
FFF7795C
00043CAA
0003D760
0001F404
FFFDDC51
FFFFA163
FFFFE638
00045F09
FFFDFBA9
FFFFD93D
FFFC38F7
00005AB1
00021505
0000A814
00048029
FFFDE445
0004E718
FFFA4139
FFFDCCD6
FFFBA7C2
FFFE4F70
FFF78435
FFFD022B
FFFF9448
0000B6C8
000274BB
FFFDDC98
00070401
00020A7D
0010B62C
FFFC86CD
FFF8957C
00014B4A
00114FCA
0006F93C
000786B4
FFFBD911
FFFC7D4C
FFF6D74A
FFFB12C8
00052EEB
FFFDE5AB
FFF2DAE0
00011CE8
FFFF6D72
00036260
FFFD8571
0006F08A
0000E7D8
00065AD1
FFFC92FE
0001BB6C
0005DD6F
00031CA1
0003CBCE
00003FDB
000176B5
FFF80C6E
FFFE50D7
00028678
0007B270
00052373
00054FA4
FFFAFA85
0002985E
00065FF1
00026D7C
00023ADA
FFFE7099
FFFBFE3D
000717A1
00032977
FFFFB749
FFFDE811
FFF8BDD7
00080F34
FFFB4FE3
FFF8445D
FFFA3755
FFFC8604
FFF7623F
FFF9A97E
FFFCA062
00012635
00048129
000113A9
FFF978DD
FFFEE708
0002BFC7
FFFCD12C
FFF8DDF0
FFF8AFF9
00023B1D
0005443A
FFF6793B
00069AC9
000C4198
FFFEA80D
0005F281
FFFA873A
FFFAA60F
00043CD7
000A03C4
0001C64B
000631F3
FFFE67A9
00036DA4
FFFB1217
FFFFE116
000425D2
FFF9DBBC
FFFA1395
FFFD1242
00075CE5
FFFBACBC
00058168
FFFD7AF7
0002A85E
FFFF70E7
FFF774AA
00019E98
FFF3B4FC
FFFDD73F
FFFF9D3F
FFF3DC36
FFF4FAB0
FFFEDDE8
FFFC80E0
FFFE74A5
FFFAEEC2
FFF4D127
FFFDDDFF
FFFCE92B
FFF68E13
FFF2E3F0
FFF56DD2
FFFD910A
FFF56FBB
FFF6EDEB
FFFAA95B
FFF2DA9C
00076606
0004F59E
FFFCBBF9
FFF98D51
FFFF24B3
0000F7E6
0005B5CD
0003C40A
0002F847
FFF87696
FFF80D6B
FFFF63AC
0002609B
0007D566
0001B6BF
000625F6
FFF732D2
FFFF58BD
FFF73B75
0005BA1E
FFFEE05B
0002D0B7
FFFF3B32
FFFB875D
FFF8A95A
0000575B
FFFCAA7E
0006E64D
FFF8642C
FFFBC429
FFFD7C4D
FFFC9FC8
FFF9ACAD
FFFB781C
FFF7AAB3
FFFF09C0
0006CEC2
00034DC4
FFF5E68A
FFFC6A7B
00019CA1
00033B68
0004DB70
FFF9917E
FFF7EBE3
000516D3
00066306
FFFE1D8B
FFFBD5CB
FFF83F99
FFFB6181
0001CB5C
FFFE32F1
0003538A
FFF93F07
FFFB8D30
FFFC68D7
00007C27
000401EE
00087CB6
FFFEB76E
FFF96C04
FFFFF8A9
0009D980
000380FE
00057A8D
FFFDF840
FFF807BE
FFFE4087
0003CD2E
FFFF29ED
FFF7EE9F
FFFF99EB
FFF6D5C1
0000F0EC
00018B3E
FFFEE1E4
FFFFAA85
FFFC78FC
0000161F
0003ABD4
0001586D
0003775F
FFFF2AB9
FFFA3C16
FFFCC42D
FFFF9A5A
00018B49
0001C414
FFFBAC1C
FFF87C76
FFFE5A69
000A6588
FFFF9100
000A421D
0004BFAB
FFFEF567
FFFBB3BC
000A60F7
000B2945
000AA20D
FFF52975
FFF78C47
FFF41EB9
FFFE7350
0003DF34
0003BDCA
FFFF6AA2
FFF23C42
FFF842D8
FFFA2E37
FFF9D4AA
FFFC5983
FFFC1981
0003D11E
000598B0
FFFA18B7
0002246B
00040706
FFFACBA4
FFF6FBCE
FFFE682A
FFFCBCDD
0000AE51
0003A5FB
FFFCD088
FFF9A492
FFFAB2D1
FFFCAA79
FFFEAE13
FFFB9B22
000053B1
FFFE660A
FFFC80E2
FFFEB9C1
FFFD6791
0005E02C
FFFC803D
00000C1D
FFF87A1A
00042B7D
FFF9A29F
FFFD888E
FFFD60AB
00000B49
FFFDC808
FFF8E1C4
0006E02D
000306FE
FFFF68E5
00039789
000014F0
FFFF4F1F
00044022
FFFA7BBC
FFFC209B
FFFF6AE9
0000E51C
000062B5
0002010B
00048FBF
FFFEE216
FFFFBD8E
00049028
FFFCB630
FFF7870C
FFFE6ED1
FFFB8A75
FFFFCC03
00051D41
0003A4FE
0001BCAF
000488CC
FFF8A524
FFF92A26
FFFD8A87
FFF73EAC
FFF75293
FFFFEBE2
FFFD2088
FFFF23BB
FFFAF6AA
FFF5AE0D
FFFC26C2
FFFD695D
FFFE8DD9
FFF7CE9C
FFF63FED
0002240F
FFF64D80
00027091
00007980
FFFCA19C
FFFCD848
0005511B
FFFD3DB7
FFF71740
000627A4
FFFD8F38
00008D99
FFFEDBE9
00034760
FFFE92B8
FFF99DC8
00052A21
FFFD133E
FFF7276A
FFFF1112
000878BB
0009F43B
FFFEC183
000180B8
FFFA170A
0003DC10
000615FE
FFFFCDA7
FFFC38A6
FFFE5DA4
FFFD38E5
FFFAFEE4
FFFB5963
FFF498D5
FFF91569
FFF71086
0003A9F5
FFFF3C72
0002758B
00056DEF
FFF96A6F
FFFC347F
FFFE2C6B
00014815
0004765F
FFFF4713
00015435
FFFD76E4
FFFCD9EC
FFFCAB24
FFFF0459
FFFA5D69
FFFECC67
FFFF583E
00054DDF
FFFC27A6
FFF9F1E2
FFF9DB5F
FFFB521E
FFFDF182
0004D7F7
FFFBE660
FFFA9D6D
FFF95654
0004EA96
0000F06A
FFFB1D3B
000078D6
FFFECD0E
FFFC3BF9
FFFFB71F
FFF9D6FF
FFFEA02D
000521A4
FFFC61F4
FFFE81CF
000491E5
0000AFB6
000652E3
FFFAD4AB
0005B2C3
00050DC9
000D6615
0001BA90
FFFFC91C
FFFCDC42
FFFA7C6A
0000B0AD
FFFCDCE4
FFF8F95E
FFFCCF08
FFFAA7A1
FFFAB5E5
FFF8B4D9
FFFF5871
FFFFA8DA
00007D98
FFFF13D5
00040F18
FFF897CD
FFFE7B04
000224A9
00021530
FFF9BD7D
00047B5A
00017A43
00062B5B
00005A1A
FFFCDDD9
FFFA616B
FFFEE0BF
FFFF34ED
0000BB56
FFF8B555
FFFB83D6
00015B41
FFFDD4EE
0002B5B0
FFFC09B1
FFFFABF7
FFFFA945
00025D69
FFFDE2A1
FFF7880C
FFF77645
0001EFAA
FFFEB28D
FFFD4390
FFFC102E
FFFC7016
000186DC
FFF98952
0004555A
FFFF3E67
FFF971BC
FFFD37B8
00009B3B
0000CC5A
0000233C
FFFC0B5B
FFFFE713
FFF9D152
FFFB0B55
000111B9
0004F500
0003E74B
0003E74E
FFFD3D5D
00043B7E
FFFDCC04
FFFC7479
000650B0
0006407F
0000595E
000786F6
00039167
00026C92
FFF8E56C
0001092B
FFFDEE45
FFFCF6BA
FFFBBB05
FFF476DF
0001AE9E
FFF8E7EF
FFFD3E40
0004FD0B
FFF90405
FFFC9846
FFF820EA
00004423
0005EFF9
FFFC2140
0002E9A5
FFFBD3C2
0000C1AB
FFFB2868
FFF8325D
0004FF0C
FFFBC103
FFFB303B
00041D66
000590BF
FFF6FF21
FFFC1C15
FFFFB137
FFFDD13E
00015956
FFFEAEA0
FFF9100E
FFFC4A41
000125BE
FFFF6821
0000502B
FFFECCAC
FFFA3E36
000030CA
00011E31
FFFAECF0
0001E181
FFFF20DB
00011511
FFFE176F
FFF8D561
000448C9
000416DD
FFFB86F8
0002DAC8
00002FB7
FFFD4ED6
FFFED5BA
FFFE4A3E
0000A193
FFF64E75
FFFCB7EF
FFF6E609
FFFBF65B
FFFFBE7D
FFFDF2EC
FFFDD2B7
FFFC630B
FFF6F733
00015EF4
FFFD0A32
0003B18E
FFFA7FC4
FFFA1F23
FFFF3A71
000047BF
FFFDFA8D
00019011
FFF8EAE7
0001AD55
FFFF03FA
FFF92204
FFF8A7B0
FFFE14DC
FFFBBBE4
0000E85D
0001FD5D
0004399E
FFFFD459
0003A3A9
FFFD021B
0001524C
0003A6F5
FFFC84F3
FFFF7D6F
FFFBE8A8
FFFF4B4B
0000085C
FFFE9855
FFF9D740
000146AB
000105F8
FFFAE3F2
00018144
FFFC7A76
FFFE969E
FFF4C8F8
000624EC
FFFC333D
FFFBE332
FFFB1EAB
00025392
0007C8AC
000205DF
FFFAD3A9
00017B64
FFFCE710
0006DC99
FFFCF2E7
000B1B5D
0005A2B7
00089D14
FFF8C2DE
FFF64154
FFF92439
FFFC26F3
0005EC8E
FFF6226A
FFFA818A
FFFA5CCB
FFF7F079
000507D1
00061FC5
00016E4B
FFFC19D7
FFFCC99E
000015D5
0004270C
FFFBD995
0004E4E5
FFFFD3F4
FFFBB430
FFFF33E6
0007E3C5
00024FCF
000AD279
FFFF57A6
FFFC6B2F
0001938B
0002C0EC
000210F1
000210C9
00036E9B
0007D26B
00060FA0
FFF9B06A
FFFA949C
00025DFC
00000456
000433BD
FFFA6E1E
FFFDE8F3
0009626D
FFFBF039
FFF5096B
0000E90E
00043EE7
FFFFEED5
FFFD93DD
FFF5A4CC
FFF6414D
FFFBEBE8
0002AD78
FFFC5C63
00034CA8
000588E9
FFFC67F6
0007C7AC
0008DCFF
FFFECC8F
00046CA8
FFFD16C9
FFF9DA64
FFFCC185
0005CFFA
00038AD5
FFFD8BDA
00013D71
FFFC9591
0003AC37
FFFE1290
FFF94F11
FFF8A9D8
0008C29B
FFFCF19B
0001A155
0004CDC8
0000461C
FFFCA7B3
FFF64B02
0002A917
FFFF2BFB
00054D80
0005CFD0
00006C97
000195AE
00013CD7
FFFDD73D
FFF64AC6
FFFB42C2
0002E26F
000196F5
0006B66A
FFF75E02
FFFFDB54
0003A035
00026879
FFFDB165
0004D4A5
FFFFEFA1
00000C70
00034463
FFFFD99B
0004F4DA
0002ABF7
0006D34C
00004130
000551CA
000B9F3E
FFFB6BB9
00038521
FFFA3F02
FFFBBD38
00090AEC
FFFD6FCF
00041564
FFFDD674
0001E372
FFFCAA00
FFFEFD18
00013C1F
0005DE27
000577C2
FFF8CCF8
000052D8
0001BE3B
FFFFF61E
FFFB4751
00004FC3
00036CD2
FFFA63C0
0004DA7B
0005662F
0005706C
0007558B
00030385
FFFE2CA1
00034B96
00033029
0002A931
0006CD53
000684D1
00002884
FFFEC59C
FFFC90F9
00049A4B
000757B8
FFFBD34B
0003B210
FFFCCC94
FFFFC2BF
0000E928
FFFEB9C5
FFF67502
FFF36B18
FFF75291
FFFE2877
FFFFBFD8
0000097F
000092AF
FFF872DF
FFF9A948
00004E2B
0008D0D0
00010A8C
FFFC251A
FFFF7ED7
00037C14
000B7CCC
0002A393
0003F0FE
00057C1E
0000A034
FFFE44BF
00034050
000126C2
FFFFD376
FFFFDC19
00053AC9
FFFEB8E2
FFFE6E48
000768A8
00048F58
FFFD6B9C
FFF4A38D
FFFD6011
00040E5A
000565BC
FFFDA334
00029AAA
0004783F
000704B6
000099B9
00077414
0006381F
000675F3
0002B0B8
FFFE1A6F
FFFFDA1F
0007B3A1
00018376
FFFD1181
00033C58
FFFEF8F0
FFFE7469
0000A446
FFFF2A14
FFFF0671
FFFC5661
FFF94BD5
0000DCE5
0000B3B9
0001A42F
0000CE8E
0000A178
FFFAF717
00005D38
FFFE5599
FFFC8A70
00047DE3
00083FE8
000B13F3
0009B421
00004FFF
000330DB
FFF795A9
0000C443
0005871B
00073D05
000A1621
00012CA8
00066433
FFFED6E0
FFFA55C8
FFFA1084
00036966
FFFB3ADA
00046533
00047E3B
000794C3
0001599F
0008C70C
FFFE85BF
FFFF5AD2
0004D67D
0004BFD5
FFFF8B4C
000177BB
0006C993
00071D88
00018646
FFFC56B8
0001E370
FFFDED1E
FFFF5DF8
FFFFDC03
FFF98694
0003A4A3
FFFEACEA
0005CD77
0001146C
00005319
FFFBD3DB
0000E961
00056697
FFFB2279
0009360B
0007659F
0001502A
FFFD50C2
00078F6C
0006D16D
FFFEAA0A
FFFA85DC
0001C118
0002458F
FFF86C37
FFFE63A6
FFF90E7E
FFFB909E
00089ACA
0003F43B
FFFD523D
FFFF1A32
FFFC22D7
0005A745
0005D002
FFFAFC57
0004F4D9
FFFAB52D
FFFB70D2
00009080
FFFEBC62
000214DE
FFFF6498
FFFB60CA
FFFAA180
0007C8A1
00026506
000151CB
0003EF97
0000A107
00089A3C
00038F0C
000607E6
00004C83
FFFAAA8A
FFFD2AA3
00004A25
FFFE99ED
0006715B
FFFB3424
000184C6
00013E99
FFFFD45D
0001AB9A
00030B16
FFF6CA2A
FFFF670F
FFFCB0BC
FFFC4218
FFFB3A1E
FFFAD939
FFFF75CD
0005157C
00033FA4
000266B5
FFFEAB39
FFF30FFC
FFFDA5E7
0002BA64
00029239
00020B6F
0003A693
FFFD48BC
00042979
00043875
00032A53
FFF8C335
0004E2C8
FFF87A2A
FFFF1D93
00003C9B
0003C361
0001EF6C
000572E0
000586A6
FFFFD15E
000145FE
000545B7
0001B24E
000A4F87
00035784
FFFC2D6E
FFF97F57
00014D5C
0006466F
0008222D
00083C91
FFFBBC64
000698F8
00019EAC
00040BE8
0001CFBE
FFFB2BD8
FFFC08D8
FFF96F26
FFFAAA75
000134A8
0003F40C
0003FBEB
00004C32
0003AE12
FFFD4466
0004251A
FFF9BEEF
00002AA5
00004773
00057D65
FFFD48AA
0000DAA9
FFF8BFC1
FFF5330B
000318A4
00032971
FFFFEFD5
0006D63D
FFFE85DE
0003B43C
000460C5
000652E8
0006040A
00019168
0002A642
FFFD8351
FFF967FC
00044702
FFFD4B8D
FFFFE645
000703A2
0001BE79
FFFD958B
FFFE6A38
FFFA1A26
000620AB
FFFD21E9
00029952
0004F7F8
00075252
00088588
0005C391
FFFDA2EA
0001902B
00039EA9
00087B45
000507F6
000485AF
0000360F
FFFBC899
0000F9CF
FFFF2CEF
FFFC679A
FFFA1836
0004850C
FFFCAF13
00013FA2
0004B502
FFFF81BB
FFF7E475
FFFDD79E
FFF84F48
FFFA958E
000044C5
000339C9
0007BE8D
FFFA0F1E
00048FA8
00029EA7
00004F95
FFFC079E
FFFE66CB
0007B5A1
0007407B
0000F2BB
FFFF03D7
0008C26B
FFFFAB7F
0006E768
000259CA
00003EFE
FFFD8BCC
FFFFAB91
00036936
FFF9072D
FFFC6858
FFF7722D
FFF722BA
00021941
FFFCE8F3
FFFB12C3
FFFC73BE
000581E1
00018914
00054502
0002442A
0003AE77
FFFC16EC
FFFE4FFF
000A3381
0008118C
00091D47
0004032A
000160B6
FFFD1F73
FFFB60A8
0001C3A5
000307A6
FFFE630D
0007E615
0002D38F
000419C5
000B05EB
FFFDFB62
FFFEC5DB
0008CF5E
FFFD16BC
0008ACEC
0006D709
0001022C
0001FCED
0001AADE
00042588
0007485C
000716AE
000442FA
FFFFEDF4
00092374
00046A86
0005766C
FFFFABAE
FFFE8E49
000401C2
0006AFF7
0007DDB8
FFF9C6B1
FFFF0D2A
FFF9AD79
FFF6D312
FFF8E5A3
0001337D
FFF6D7FD
FFFD5674
FFF9E239
000939E3
00067656
00021B14
00013E8D
FFF5D9A2
00049146
000244FE
FFFC5CF8
FFFA88AC
FFF7DAC1
00080777
FFFCF36D
FFFC10FD
000307EE
00001BA9
00014DB0
FFFFE52B
FFFEBB1A
FFFB0CF7
FFF7F7F7
FFF943DF
0003C0C0
0005328E
0006B8EB
FFF86380
FFFF5C00
FFFAF5C0
00028979
0003ED47
000AD33C
FFFD62AB
0004CDF7
000361AB
0007BBCC
00097E5C
FFFF76DE
FFFA63E9
0002985E
FFFE9DCB
000AD6C1
0008986B
000B0610
00018A0F
FFFE2BA2
0000DD99
00066879
00114569
000581FA
FFFC2596
000AB834
FFFF64A2
000FB0CF
0010DB63
00054F3D
FFFD72D8
0002C918
00031D58
000264D3
FFFCC61A
FFF7FC71
000648A0
FFFF4A7F
00002DC4
00004E8E
00098F52
000055F6
FFF6D0D8
FFF64B8F
FFFDD453
000708D5
0008126A
00022BD1
FFFFA8B3
FFFD5652
000082A7
FFFFB9C8
00006C44
00045FDC
FFFE8A23
00011E2D
00071064
00039593
000171DF
FFFBE151
000A1869
FFFB76DF
0006CD42
FFFCC9A4
0004A12C
0004B2D7
0003DE0A
00000D9C
FFFD9CBB
FFFBDBD5
0000748B
000109B7
00003DAB
00069938
00022068
00001F3A
0003E9AE
00029183
0002F838
0005808D
FFFCA58D
FFFEB97D
0004FC8D
FFF9C820
FFFB8A02
0001FD4C
00053F5D
00034EC5
FFFFC7C7
FFFD3101
FFFD9901
FFFD78BF
0008AFB0
FFFE40C3
0003747D
0003340C
0002733E
0003F418
0005339B
FFF7D41D
000223BF
000092A2
FFF7E0B0
FFFD0CE8
00043236
FFF5E1B1
FFF5E311
0002E4E7
000392F4
FFFEF06F
FFFD199A
0002626B
FFFF9235
0004E89D
00070A63
FFFFD896
00027D55
FFFD4221
FFFB656D
00005BB4
0000F106
FFFB8229
0006C775
00034C87
FFFE68DA
FFFF79B0
FFFF8951
0004F358
FFFBBF8B
00071370
0001A478
0008AD62
FFFFFBF5
FFFE910C
000D767B
FFFB471A
00079164
000189FF
0004D474
00073342
FFFFFEED
FFF2065B
000C8619
0002F673
0006B5FB
00045CBB
0001A012
FFFB7E85
FFFB6767
0004A0D4
FFFC87FA
00082C45
000348A7
FFFA90C2
FFFF41A3
FFFECAFD
000789A4
0003AC99
FFFC054B
FFFD96B6
FFF16FD5
FFF7F68F
00026933
FFFBA98D
FFFFACF1
FFFD85AF
0001FE6D
0008DF88
FFF4FD9C
00000A3C
00038877
00026B88
0002E734
00051C4B
FFFED3A7
00036345
000B5438
000270C0
00049FEC
0009136C
00084894
FFFD5352
000A95C2
FFFF9787
FFFAB63B
FFFA7B93
FFFE4C6C
FFF98D01
FFFA97B0
FFF397C3
FFF91E1C
0007D5E7
FFFCD0FD
FFFB2A3B
FFFD62C3
FFF9CE66
FFF40B91
00051234
FFFB3280
FFF4F388
0006113F
FFF5D675
000558A3
0004CB47
0003634A
FFFB28CE
00000F34
FFF3FCCC
FFFAD3DA
FFFCE9DD
FFFE52D4
00058B67
FFFE5FBB
FFFD7AB1
FFFD101A
00043000
FFFE7BE4
0005CD07
0009368E
FFFCC394
FFFB432B
0000FC1E
00044603
0002001F
0003E5C7
FFF7D6FB
0003D2AE
00008969
00005A85
FFFF6BAB
0005036E
00015607
FFFE51D3
000A1A77
FFFEC597
FFFC7AC0
FFFB84C1
000607F5
0002CE11
00078CF3
FFFEC37F
FFFF88EE
00036212
FFFA4309
0005BAC4
0002E694
0004D5CC
00094505
000692C3
FFF65297
FFFDA0A3
FFFBCCF6
FFFDDD21
000349F0
0003515E
000148DE
0001FB85
00028556
000BE1F5
0004110D
000E396F
0000A6EC
0004A6F5
FFFF9C9C
000856A7
00039DCD
0000968F
00054F79
FFF8FB49
000409F1
FFFAA7B5
0000E90B
00061562
000D1098
000318FD
000DECF1
FFF822F9
00036108
0008B823
0003C028
0003D777
FFFC00C4
FFFE338A
0006BD71
000176DE
0002018A
000689EB
0002DB48
FFFD2039
FFFE711A
FFFF99C5
0000E079
FFFEB294
000581C1
00089149
0006783E
0001750F
FFFBD9DA
00037FA3
000B045D
FFFF508A
0004CDF5
FFFE7F49
0003C3AD
00056045
000B5A1C
FFFA452A
00064B3F
000B3E24
FFF92060
0004CA37
FFFFAF0F
FFFB52A7
FFFBD57C
0006810B
000240DA
FFFF35C5
0005B030
FFF6F59D
00008F1F
FFFD8044
FFFFFEBF
FFF7675E
FFFFB22C
FFF71C4C
00001F09
000584D8
FFF7FA15
FFFAA00A
FFFF15CB
0000A4ED
00008C64
000192C1
FFFF9EF5
000127CD
FFFB406B
FFFFF1B3
000A2D16
00070222
000406B9
000F91C5
00071F9B
0009DBE6
0001CB69
0003CA9F
FFF963F6
000154B5
FFF9B0EF
FFFA7251
FFF9DBBB
FFFBC3CE
FFFF586A
FFF98D96
00047414
FFFAE79C
00007905
000246A1
FFFD9DD2
0002C791
FFF966E5
FFFE1A02
00059138
0008EAE2
FFF9078D
000B3ADB
FFFDCE07
FFFE9957
000391AA
00031F61
FFF6AA04
00037238
FFF50770
000537A7
000383BA
0000DFFF
FFFAF4B0
00014A2B
FFFBB10A
0004EF3F
000418D4
00052B6A
FFFE6044
FFFB498B
FFFE16BF
000602F4
FFF89727
0002D3FA
00029E69
000398E7
0002AE19
FFFA409A
00061B65
00016EA6
0007B354
FFFF43A1
FFFFDD21
000217A6
0005DBCF
00017CFB
FFFE7720
00008C4A
FFFE275D
FFFC8474
0005EE90
FFFD8A21
FFFC90FD
FFF9D81A
0008F804
FFFEE2B0
0009A656
0004E98F
FFFCB83F
FFF81E59
000366FF
FFFFC454
0008B4FF
FFFC2862
FFFFB617
FFFA6F5C
0008C98D
000556D8
FFFC7F54
FFF4F97A
0001B777
FFFAC583
000E7498
FFF9CC40
FFFA6571
0001C2EF
FFF5BABA
FFFA3CBD
00076BE7
000067F7
00028D2C
FFFABA52
0005BE3B
FFFBACEA
00092BDB
0006357F
00075C80
FFFBBFE2
0008057F
00065A18
000ADE1B
FFFA497D
00085B62
FFFDBC93
0000882F
00089BEE
FFFA44B2
FFFFF480
0001AD01
0002511E
000259A2
000565D8
FFFDC507
0002206E
FFF3D68B
0001FE18
FFFFB8F9
FFF86EB0
FFFE1E97
0001BB53
FFFDDAF7
0009A4B8
000066F9
FFFB80E1
0005D890
FFF9F82F
0004B4CD
000099BD
00016BF9
FFF96797
00045ADA
00046261
FFFA583B
00085095
0008AF6D
FFFB19AC
00088330
0006DE24
0003F46A
00075F88
FFFC8B8D
FFFA85B7
FFFF671A
FFFC1941
000002AA
FFFCCE78
FFFE4D05
FFFD29E5
000560D2
00080E31
0004AA4B
000189A6
0008E33B
00046320
00054668
0004B2D4
000764B8
0006FD03
FFFC15C2
FFFE6E64
0007C757
FFF6E9CF
FFF6291C
00008B6B
000883D8
0000B8D1
000D125E
0006925D
FFFC89AD
00052F83
FFFD941B
0006C18B
0008D7B4
FFFFDBBA
FFFF1679
FFFC21FD
0002F235
00024E38
FFF74C07
FFFD6D26
FFF706EC
000487BD
FFFD5246
0003822E
00029BD3
FFFE7A86
0003CD7D
0006DF21
FFFFD7B5
00098C54
FFFE3485
0003FD68
0002091A
0006F95D
FFFE2390
FFFEA989
0003E7D8
00000893
00059C48
00094269
FFFCA355
FFFFD5ED
FFF9885E
FFF4F1CE
FFFFE93C
FFF6F9DB
FFF86783
0001893F
FFFCB713
FFFB8D88
FFF9EEE5
000A0299
0002BB94
FFFCA967
00044E72
0005589E
00023A4B
00035217
0003D74F
0004051D
FFFDDEAF
000225A5
FFF85BC6
0008D12C
00081B80
000236F6
000036E6
00061F38
0005DEAF
00069B77
FFF9C20D
FFF6E47C
FFFE4B31
0007882A
000528C3
0003DABF
000205F5
FFFDA77B
FFFBD264
FFFC2B4F
0000E408
000B516E
0002D558
0008AB6C
0008A7F2
00040C7D
FFFA8C22
FFFD9D84
FFFAF4F0
0003A597
00021B4B
FFF6337D
FFFCA4F5
FFFFCB87
0003875C
0002A38E
00013E7C
FFFEEB65
00086DDB
0000C364
FFFAE856
00089F68
00005A55
FFFEA417
FFFAB4A6
FFFEED8C
FFFAFB55
FFFBB6CC
FFFE502D
0004721D
FFFC1D58
FFFC21F0
FFFE0E98
0009DBA3
0008F257
000047BF
00046F0A
000B5290
00036A76
0005597A
FFFBA517
FFFFD785
FFF8F5A4
FFF93338
00065632
00008F65
0004FFDA
FFF2F4F5
FFFEE2BD
FFFDAA5B
FFFD853C
0004D247
FFFF1D5C
0009AAF8
FFF6DCE2
00025F20
00006133
0007170C
000B3B74
FFFDE1F4
00015640
0005AA1B
FFFC4217
000918FA
0000C9E9
00043716
FFFED84E
FFFE1F36
FFFF7763
0003627C
FFF9C7AC
FFFDC336
000683D9
0002DD9C
FFFFB86E
00026F2F
0007E650
FFF76B6B
FFFC91F1
00028551
0000B3B4
FFFB69BF
FFFD6C93
000081A7
000140D0
000226BE
0002403F
000586B3
FFFDA19B
FFF4A0D1
FFFB2F46
00046734
000027FA
000322D8
0001F29B
00003C08
000CE504
00074845
FFF8AA32
00027562
00027CEC
00046BD0
FFFEDF40
FFFE41E2
FFFEB593
FFFB055A
000C48B0
FFFFBA8D
FFFBC0A6
00021742
FFFA6D3A
FFFBFC69
FFFC6899
FFFF3024
FFFEDD68
FFFA7B3D
FFFDE221
FFFC035E
FFFB273E
0002E8EA
0001649B
FFFB00E4
FFFA0C0E
0003E815
FFEF36BA
FFEAD770
00010E71
00005DD5
FFFFA833
FFF09FFC
FFF52D26
00097F6E
FFF121EF
FFFB651F
000E6C19
FFFC6996
FFFFA02A
FFFD9747
000BE884
FFF672C5
00108D37
00077CBC
00039292
FFFEB992
0002BA70
00074E6A
FFFB1D95
0001A028
FFF93C09
FFFDE1A7
00020BEC
FFF6FC6F
FFFA6A43
000252EA
FFFC34E5
00032C44
FFF758B4
00075243
000B8E9E
FFF4A221
FFF634A7
0003DACF
FFFB4A18
FFFF932E
000290D3
FFFC8067
00084619
FFF44022
FFFE5797
0003112F
0008ABE8
00030701
FFF79109
00049497
0004D454
FFF38B6B
00095303
000DE7AF
0004C7D8
00115604
FFF3F412
000CC338
000F6038
000AB7C1
00088804
FFFE688E
000689E2
FFFF9788
00054F12
FFF1F691
0005E9A6
FFF2F0C8
FFEF7427
000451AA
FFF89C01
FFFC66F7
0002B0CA
FFF638EC
00066C0D
FFFB36AA
0005CFE5
FFFD66B0
00049472
FFF8BC06
FFF9B247
FFF7C210
FFF9C2E0
000A3CC8
FFF23B0D
FFF3F600
000DD06B
0003983E
FFFAB78C
0009E2F3
FFFDA8A4
0003F484
0001F2B7
FFF5E8A7
FFF80C95
0008DEC9
FFFF4E7F
0003DE7A
0003911B
FFF9D47D
FFF8E305
000C21F6
FFF0FFAD
FFF5F309
00066C8B
000BEB92
FFFE2088
00033506
FFF52E02
0002DCC9
FFF87928
FFF5C674
FFEE799D
FFFFD4E3
FFF3C4B2
FFFC970D
FFFA6FE2
FFF9F205
FFFF9E24
FFF9AF7F
00036D7D
FFFF44F5
FFFA2050
FFF3E006
FFFB090C
00021362
FFFDD6C9
00048BD4
FFFD5153
000A9472
0007F3F6
000331EA
000DF5E1
0008CC48
000A8F2D
FFF67BFF
FFFD56C2
0005CE29
000341F8
0005A948
000EEEAA
FFF7CC28
FFF834E1
0002780B
FFFEC652
0000EEED
000EB014
0005791A
00007227
00086BE8
FFF7C24A
FFF7E7FE
FFFC9812
FFF32B9C
FFFB28A5
00082DE9
0007AFEA
FFFF465D
0006B306
FFF7D76C
FFFE84B9
0000BF95
000A4785
0008FC33
0003F78F
FFFA68EB
00092138
FFF7C548
FFF9CDDA
FFFA3893
FFF7B0FA
00034249
FFFE4BD0
FFF2B31D
000986FA
0000536A
FFF393A4
00050486
0003B3C2
FFFB822A
FFF063AB
FFFD5C34
000A1F21
FFFC9752
FFF60E7D
FFEC981C
FFEF02AE
FFFE9785
FFF84FFB
FFFE362C
FFF98253
00051A9B
00096E1F
FFFB8CD7
FFFD2ACE
FFFDCD6B
00034A6A
FFF084B7
0004415E
00191426
FFF958F0
00087B9C
00092A4D
FFFAB4B3
FFFB2645
00079DDB
FFFB0B2F
FFFA25F2
0004DFAC
FFF594B4
FFFC2A95
00028EE8
0009D8DE
00042102
FFFFA030
FFF1A9A6
0005BDFE
0009CDAA
FFEB3000
FFFEDB04
000C9D56
FFF038D6
FFF1DA37
FFF6F350
FFF6669F
FFFD94A4
00004FF0
000B41FB
000818B4
FFF4AA4A
FFF8B285
0000336A
0019DBEE
0007445E
00046EB5
FFFC1C34
0002F61F
0001B632
00198A9C
00086A05
00086D4A
FFF6DCD7
00026C60
00045263
FFFB771A
FFF65DAE
FFFF42AE
0001DC7A
FFF43EEE
FFFE9A60
FFF003F5
FFF283C2
00028944
FFF05733
0002EE51
FFF3EAF9
FFFD9AD5
000872BD
FFF110E8
0008EF76
000EC72F
FFFE39CD
0004B533
00062553
0003B018
00017D96
000A7E8D
000BC7AC
FFF785BB
FFF80D3A
FFF7B974
0004AC37
FFF6BF90
FFF6D0C4
0008F763
FFF92ADB
FFF76039
FFF4F238
FFF20BF3
FFF24D27
FFEFEFC1
00022A8D
0002605D
00022111
FFFDA84D
0000B39A
001471E0
00055739
0012AF51
0000C792
FFF51ABC
FFFC6D05
0004DFE9
00063B4D
FFFD3AC5
0001E1EC
0008316E
000C720B
000406D4
000EFD25
FFFD21E9
0009343D
000F5FFF
0004F155
00054725
FFFD023F
FFEECEEC
00083E76
000C4984
FFF91A9D
FFF569DB
FFFE7E2A
00039626
FFFDBBBD
0000809C
0000A5D4
0002A8E4
0008C172
FFF9123E
FFF31F4C
0000E54A
FFFA5F11
FFF3EA55
FFF42AA7
FFFDEEE2
FFFC5B23
FFEE7F9A
FFF6B539
000C5697
FFFA01EF
00087706
0002E53F
FFFAC204
00048D55
000D7092
00033D34
000C7D03
FFFF3688
FFFDBD8F
00060830
0005B787
0007AA1E
0001B3CB
FFFBAB23
00076234
FFF70061
FFFF06F8
0006F236
FFF9FCA1
FFFEEE76
FFF645F8
FFFC304E
00081E87
0004C3C8
FFFC5DA1
0009FFC1
FFF33FD4
FFFD18ED
FFFFB081
FFFB19EE
00007932
FFFFD23F
FFFAF8D0
FFF2DDFD
FFFF3B05
FFFD3DE4
FFF46577
00049DF4
0009F76C
FFF64DFA
0009E701
00080E6A
0001E3D6
00033E1E
000D1601
0001DC66
00008DB5
FFEE9303
FFF6110F
000B6D97
FFEDFDEF
FFFA7453
00047F88
000469B9
FFFC4D03
FFF91E59
000874D0
FFFB71BF
0009AE4B
0002311D
00032DC6
000AB1E5
FFFCD7EB
00020747
0004ABA2
0007CD53
00026234
0006798D
FFF1692F
FFFBCC13
FFFF53D1
FFFAE86B
0008FD25
00047803
00019CDC
FFFE94F4
FFFB4146
FFFE6DBD
000AF3CF
FFFFCE2A
FFFAE74F
FFFA5CF9
000799F6
FFF4EAF5
0004600A
FFF4C46C
0007F7AB
000B7D0F
000945EB
FFF77C13
00038D59
FFFCE744
FFF6C528
00056CCB
000525DE
000120F4
FFFA6B04
FFF44ABE
FFF69E88
FFF8FB28
0005B302
0002952E
FFFFBDA4
FFF59195
0003C5CE
0006F086
000A5231
FFF3621D
0009897C
FFFE5FC4
000044B2
0000CCAD
00030B5F
000D8D8B
00010302
FFF8F5BA
0001CF27
FFFAB388
FFFD727F
FFFD2DD1
FFF9363B
FFFA2BB7
FFFFC9C7
00038641
00044B6D
FFFB1F16
FFF61BBD
FFFF4F03
FFFEAB9C
FFFAFE8D
0007817D
00086448
0009B3E4
0005FCB3
FFFBF4C8
00078B07
00048BCC
000C3DFC
0009A7D0
0008E233
FFFA594C
FFFCE1AA
0000BCAA
000138A0
00074312
FFF27BC4
FFF4BA05
FFFFAD71
0002846E
FFFC3140
0004ADC2
00095BA3
00022D80
000143D2
0006666F
001148F0
FFF9B954
FFFFDD81
00056A2A
0006D9D8
0001B35E
0003DFAC
0000E194
FFFEFBD2
FFF5B56D
00022F3D
001642B1
00069CDA
FFF52EFF
000FC182
000B7611
0001DA21
0007B155
0000117B
00036E92
000E2278
FFF8A02C
FFF4ADFF
000918E9
0000A2DB
FFFD3EA5
0004BC7A
FFFF57FF
00089A8A
00006CCC
0005C0F7
FFF905BA
FFF55893
FFFD4D9F
0001E3F8
000D9367
00010581
FFFFA92B
00122A81
FFFD1C91
0000D145
000C3BAB
FFFB48A6
000080E5
00009C9E
FFFD9AE7
FFFFC10D
0007F049
FFF247CD
FFFE0B89
00040055
0009ECB1
FFF2BF98
FFFD1795
FFFF834F
FFF7589A
FFFCFA26
00128961
00021EE3
0004E817
00038C73
FFF8AE3B
FFFC4F97
0008AFA8
FFFBE2E5
00003398
FFF2DEED
FFFD201D
FFFDA35C
0000C46C
00013CDF
00046FA0
FFF7BC11
000274B3
FFF7E4E6
FFF3D3D4
FFFD8E4D
FFFD741E
FFF7065A
000859E3
FFFF1E72
FFFAEB89
0006E79D
000D6CE3
FFFAFCE0
FFFB5391
0003831D
00115A19
FFFDDECA
00070792
FFFA930A
FFFC3373
000066FA
FFF8F3BF
000DFDE0
FFF65D34
FFFFB8FB
000683A1
FFFE57D0
00016FD7
FFFC84FE
FFF8CFA0
000CD642
FFF960D8
FFFF35CA
000924D9
FFFB0930
000548F0
0009E359
FFF1EC69
FFEDC4BA
00089DAF
FFF80C87
FFFCC7F5
FFFF7212
FFFFA92C
00023B64
00000B32
0001F0A7
000AF359
FFF35A65
FFFE2644
0001A0B4
FFFA044F
0008B67D
FFF93CAF
FFF7CAB0
0002AB06
FFF3B23F
00010795
FFFE02F5
000AC48B
00023D31
0004E8D2
000005A6
000B0161
0007FB0D
0003E6A6
0002D89D
FFFFD86C
0001C3D3
0006B605
FFF74B4B
000488D0
FFF890DA
00020DE5
FFFE689A
FFFB084D
FFF90364
FFFD2328
FFFF094C
00012CA7
FFF9A3C6
FFF61776
00054923
FFFD806F
FFF870E9
0009FFBF
000C637E
FFFC0518
FFF144F7
FFF52DD2
FFF77923
FFF81A4F
0003C9A5
FFFBE146
00051AF3
00052EC8
00080473
FFFDD830
FFFEFCCB
FFF6A288
FFF9CACE
0007AAD1
FFF6E382
0003B1E6
FFFDB363
FFF6B24B
0003DF9D
0008B941
FFFA77FA
FFFD4EE8
00108AEC
FFF67D2B
FFF62D47
FFF9B7E2
FFFDCA82
00066D56
000324ED
FFF329E3
0002ACDE
FFFE2916
FFEFBB06
FFFAEF8E
0009A644
FFFDBF97
0002CEBA
0007E6D4
FFFBEDBC
0008C0DD
FFF54954
00051FF2
00055FDF
FFFA5903
FFFF5D23
00011D2C
0003CC9C
FFF8581F
000579D8
FFFA3594
000C891E
000487EF
FFFFBCB6
FFFB172C
FFFFC6DA
FFFB4428
FFED1D73
0001AF9E
FFFC444A
FFF8A7C1
0008F762
0000544E
0003D5D2
FFF0F105
00095F4E
FFFBD346
00002136
FFF97DA4
000580C6
FFFFF36F
FFF9A525
FFF3FD7B
FFF4BA86
000AEA99
0001D196
FFF43632
000EF4DE
FFF785F3
00056225
0005E5F7
000196CE
FFFCD245
00008CCF
0007DCDF
000BC8C1
FFFE8B80
0006E4B9
000724B4
00059770
FFFBE42E
0001820D
FFFF0A00
000327E8
0005E91B
FFF6D13F
FFFF41C2
0001D75F
0000E5D6
FFF1CA19
FFF9717D
FFF4A81E
FFFF866C
000628F2
FFFC451F
0006A325
00002EB1
FFF999EF
00031593
FFFDBA4B
000522FF
FFFAF0F1
FFF64954
00058050
00053C8F
000D234A
FFFB4B61
FFFE1D67
00043BC5
00064443
00088CB0
FFFF39BD
0002CF3A
FFF93056
FFFFDEA7
FFFAE156
000583E2
000A2634
FFF0B760
FFF73C83
FFF99681
000278CE
0001D1AD
0002F2CC
FFF748FE
00091015
FFEF14BD
0003E28E
FFFF6C55
FFF46EB8
000B515E
000C0538
FFFF3D30
FFFCC15C
FFF746F9
00053E68
FFF95321
FFFE195F
FFF94270
FFF4238C
FFFA7FB7
FFF6C28D
0007358B
000587B4
0000C067
FFF713DB
FFF81393
FFFE795E
FFF7C4EB
0006B0CC
FFF79846
00015B19
0000BCCD
FFF5EB6A
FFEFFEE9
FFFB3463
FFF75D43
000A14CC
00012552
FFF5A000
0000C680
0006A87F
FFF0C262
00032117
FFFFCBDB
00019B3F
FFF628B7
FFF8856B
0004074C
0004C470
FFFA1FFC
0002920D
FFFB86DD
FFFD6317
000272B9
000ECE3B
FFF8F8A3
FFFB7A1A
FFFE4996
FFFD375A
FFF9A9E2
0005CCE6
00001D92
FFFE53D9
0002913C
FFE97AB5
FFF96EBE
00050D61
FFFE5744
00053D97
0001DF6D
FFFD25B5
00093519
000ECDCE
00044404
0006EEE9
00051BB7
FFF8A145
FFF892D7
FFF62F9C
FFF743D7
FFF8F3EB
000FE9E2
FFF061E2
0000A655
0005E616
FFF80D80
0002ED4B
FFF82D4B
0004A216
FFFE566B
FFFB2184
FFFDB064
0000A0DC
0000D960
FFEA5C1D
000EFB92
00039FC8
FFF65A19
FFF217D8
000B9D01
FFF37AF2
000E7FF8
00002C3A
FFFA352E
00074FBF
00081300
FFFDDF24
0008A494
FFFE8883
000E5CF4
FFFB7B3C
FFFAEBDD
FFFE0C86
FFF9C280
00038A17
FFF90A3D
FFF1A8D4
00042E32
0001A6A4
FFFB7933
FFFF1929
FFF3C7CE
FFF98AA4
FFFF5054
FFFEFE5A
0000A3D9
00037C3D
FFF62B12
0005AFF5
FFF493ED
000391B6
FFFA902C
FFFBF830
FFFE3768
000E40F4
000B46F1
FFFB59AA
0002EC7F
00037E5A
000BDBB5
FFF4761F
00054ED3
FFF2BE79
FFFD7B49
00008C84
00018BC8
0006C817
000C7018
FFF66ED9
00054DB1
00082CE1
00041945
00004F90
0005F65C
000F6E57
00041D0E
0002D0F2
000A1E3B
FFFAF4FE
FFFB16F3
FFF4FE58
FFF41BA4
000224E0
FFFA3558
FFF78D24
FFFA6CF3
FFF4D43F
FFF6E0A3
FFFF1FD2
FFF85117
FFF749C8
00006629
000562B6
000B6462
FFF5FD84
0003ED3C
0008BC6D
00055DBB
FFFDB57D
0003527C
FFF8F41B
000C1AA7
FFFBB25A
FFFECFA4
00078C83
FFFE23AA
0006DA41
FFF5463B
0002A923
FFFF43FF
000C75CF
000397E3
FFFC074C
00064898
FFF8824D
FFF9928F
FFFA8FC7
FFF8156B
FFFCF0F8
FFFBDE47
0007DC39
FFF88376
FFF8252D
FFF2B691
FFF833B5
00064060
FFF448CB
FFFD11CF
00089043
FFFDA8A1
FFFAA4E6
0005F542
FFF79A6B
0004E49E
000CA104
FFF98FA9
FFF4547D
00068C68
FFECB279
FFF51E10
0007AD9F
FFF89551
FFFAF0FC
FFFA3C94
FFFB8400
00127E30
000F4C36
000BDE03
0003D0F0
0005479B
00031966
000ACD19
FFFF78B4
000A8D8B
0005CF04
00077E9B
000113AC
FFF6FF7F
000D1D8B
FFF0DA03
FFF8F5FD
0006A67E
00026EFD
000946E9
00016807
0001D48F
FFF8CCD8
00064F89
FFFC149A
FFFFB503
00057C55
FFFB44B0
00057357
0003D07D
0005808E
FFFB9A2D
0000A824
0000BC78
FFF8B3E9
FFFA87CE
00079973
0008F233
00050D4C
00075042
FFF97404
FFFDB89F
FFFEBBAD
FFFDAEBB
00010171
FFFD4CD0
FFFBB9A7
FFF5EEB9
00030206
0001C4BC
00092D50
0005625A
FFFF7847
00033ADA
000BA38E
0007A951
0003DE1A
FFFE7CAC
FFF71281
00090499
FFFB4A4D
FFEFECC4
0004D3D9
00048FDD
FFFAFD07
FFF7435F
FFF532E0
FFFEDF5C
FFF75FC7
FFF493B9
FFF63207
FFF3C3F7
0001C387
FFFA6A58
0001AFDD
000472DA
0000D30B
FFFE7593
0009AF50
FFF5E777
FFFC1559
0002488D
FFFE3646
FFFAB7D5
00038793
FFF7352E
FFFB2F4B
0007CC15
00011E8E
FFF8B7DD
000929FC
FFF78C8D
0005BBD0
FFFDB8B2
FFFDE050
FFF2EB75
0005B626
FFFCDE02
FFFA4984
FFF72513
FFF5438C
000C4036
FFFC7901
FFFD4116
0005FA95
FFF79A83
FFFEE46F
FFF1D631
FFF86A1D
FFFF2EA1
00013C69
FFF32EA5
FFF03272
000BFE3D
FFF3CA1E
0000FCAA
00089471
FFFF2E00
FFFF1299
0006C2E1
000734E7
FFFB02A7
00084228
0001C6FB
0001A76B
FFF811C5
0008D19A
FFFD8D45
FFFD1864
FFFF0D4C
FFFD1589
FFFA1274
FFFE8685
00039045
FFFCA1F4
FFFDDE6C
0008EE87
000646A9
000C1FF0
000678F6
00015635
00033598
0006C852
00073DC8
0008AB2B
FFF4DC90
000F27F8
000ACE25
00047BBB
00039428
0000579C
FFFC9BD5
00006C6B
FFF83383
000242F5
00040310
FFFC6CE4
FFF9ED1A
000003F2
FFFE646B
FFFF9B27
FFF76EE3
0001ADF8
0008EC69
FFFBFA67
FFF9883A
FFFF8862
FFFC4388
FFFD823E
00020B96
FFFAE341
FFFA8C38
0000A20E
00062C90
FFF81D0F
FFFFB2DB
FFFCD890
FFF81C0B
FFF64995
FFF29C17
FFFCA85D
00010E7B
FFFCF1A0
00036CB0
FFFB58AD
FFF99185
0007B64C
0001E99F
FFF95885
FFFE0BFF
0005D91C
FFFC6ACD
000144A6
000078C8
000B36B6
000404A8
FFF8911D
0004D1C6
FFFBEC92
FFFFE0E3
FFF7D619
FFFB6919
FFFB287B
FFFB7291
FFF97368
000288B1
FFFE6978
00078A5A
FFF94138
FFF8ECCB
FFFBC0B2
FFF8E69E
FFF6EB97
FFF05BB0
FFFBAA70
FFF8D4E5
00079F40
0000832E
FFFB59F8
00070948
00051036
0002D669
00002F35
FFFBFF7C
000351F0
FFF9522C
FFF50A1A
FFFFDBF7
FFFFA6D8
000894CE
FFFC8CD7
FFFB8E24
0004F2DB
FFFEFAB1
FFFCC305
FFF9A727
FFFCE2B5
FFF50860
FFFB7594
00056D41
FFF68935
FFFCECF2
000417EA
0004BB9B
FFF78627
FFF80578
00043661
0003D996
FFFA21A7
FFFBC61B
FFFFA1D4
FFF6011A
FFFA05C3
FFFD65AC
FFFE0CB3
FFF9BCF6
0004FAF4
00049FBE
FFFA133D
FFFF07AE
00029400
0005F906
00051951
00001F30
0000B63A
FFFD1DAB
0001D5D0
000A7733
0004F53E
00019655
0000C866
000A19B1
0007BEA6
0004A160
FFFED6B6
00080FEE
000497B9
00003D35
00035CB8
00040515
FFFC34E9
000473EF
FFFED685
0003FDBA
FFF4C7DF
FFFAC2CC
FFFDED65
FFF76225
00011428
FFFFEDB0
00001661
FFF70C78
FFF54B75
0006B4B8
0000274A
FFFB1362
0002666B
FFF3F8A4
FFFA900A
000493BB
FFF4C27F
FFFB672F
FFFE5A81
FFF958A0
000154B6
FFFC46D4
000066C1
FFF7F1FF
FFFF8588
0002DA8E
00057CC7
00020A97
0007C394
FFFA9ED6
00005691
000A5400
FFFEBF8C
FFFC84F5
FFF8EA92
00038DD1
0002043D
FFFAE32E
FFFC7265
FFFE5518
FFFC1190
FFFC439C
FFFAD6C4
00027223
00004E80
FFF7DBE5
000431C3
0007F2B8
0000EF7B
00032E72
0002B2BD
000358B1
FFFECAA7
FFFCD189
0004FF23
FFFC801C
0005E34A
FFFF6A8C
0002CBC4
FFF6348B
0006E327
FFFF2C36
FFFF3932
FFF5CD01
FFFAF2E9
FFFDEC23
FFF914BA
FFFF0E87
00003C90
FFFAD4F6
FFF7F52F
FFFB502E
FFFA318B
FFF62FB5
FFF9F55F
FFFDF255
FFFFBC1C
FFFFA32A
00011075
0001E8E9
00051F18
FFFC484D
FFFC6656
0004660F
000254C7
FFF8D3D1
00059F9D
0000F06E
FFFAA3A5
FFF96FA8
FFFA6275
FFF66F5E
FFFC269A
0000AE4E
FFF942AE
FFFA0895
00062790
FFFD833C
FFFB655F
0002D4A5
0001BB67
0002751B
00037166
0005958E
FFF4506A
0001FBD7
FFFBFE15
000992BA
0007E6E1
00037C03
FFFBB683
00003F13
FFFEA8CD
0001914D
00032514
FFFC56D4
FFF860B1
FFF78781
FFF99A41
FFFB4459
FFFAD979
0002970F
00015D83
0001C046
0009780D
FFFE61C4
FFFE19A6
FFF8C464
FFFF263F
FFF96024
FFF9721C
FFF4B856
0001202C
00021878
FFFBF4B7
FFFB05A3
00009C9D
000056E2
0003BDB3
FFFA1D0D
FFFF3682
00039B36
0001951A
FFF844B2
00030E87
FFF64A4E
00009B58
FFFF0921
FFFD315E
0003210E
FFFDA88B
FFFF48B7
FFFE737C
000033A7
FFFBE7C4
FFFFF2FB
0002C9F9
000192EE
0006A077
000150F6
FFFE362B
0001703B
0006C0BC
000192DA
00003603
FFFF2806
FFFE0879
000210AB
FFFE9598
0000B676
0005A6F3
0003B288
FFFD8AA3
FFFFADCF
FFF71B60
FFF4AAA0
FFFE1B94
FFFE552C
FFFE3791
FFFC75E1
0000C3EE
0002792F
FFF3E33B
FFF3E48E
FFF618CF
00032A43
FFFDEA2B
FFF60BDE
0003E1D4
0002BA91
FFF7F721
0004B9F3
FFFDF83E
FFFD8EB8
FFFFD17C
FFF981F0
FFFFFD59
0007BD4A
0001293C
0005CE71
00036997
00076029
FFF7FAD9
FFF893D8
00078117
0004A80D
FFFD4473
FFFE1040
00060EF6
0003E4EE
0003F647
FFFB1007
FFFAA151
FFFFBAEF
FFF6AB4B
FFFCDA68
0008502A
FFF8B12D
FFFAFA2A
0003BD48
FFFB6E38
0002FBA4
0006FABB
000170BE
00038B82
000137B9
00092E98
FFFFEFF2
00008AFD
000524DC
00019891
FFFFD24B
FFFE6F61
00040B12
0000E97D
FFF70B49
FFF9842A
FFFBB038
FFFD5B2F
0004BA0A
000653AA
00056061
000C02A9
00046E75
FFFF0D1A
00028F92
0004C702
0007DCA8
FFFF26E3
FFF7DAD5
00039B35
000ABE07
000863D2
FFFBF263
0006E540
00063B4C
00078C28
00068167
FFF5D92F
0005F439
0001DBB5
FFFD62FB
000349B6
FFF68D20
FFF7A681
0006300F
FFF6D4BE
FFF64A73
0002EFEE
0002F040
FFFAA40D
000227E3
FFFADAA7
00046051
00046F01
FFFE6502
FFFAB510
000204BE
000194CE
FFFE0DB1
FFF9A2F5
00051B0E
FFFF63B2
000474E8
FFF8B509
FFFE43D5
FFF97BCB
FFFF2538
FFFB2995
FFFC9D43
FFF98A30
FFFDE68F
00026160
FFFD4134
FFFF374C
0001F42A
FFFDBDB3
FFF6E729
FFFDCE0D
0001E665
FFF8D5F5
000120C0
FFFD92AF
FFFD6CB2
FFFE3911
00015E99
FFFCD68C
0001FF18
FFFF4E5C
FFFF302C
0000DE2E
00059135
00090465
FFFB84C5
FFFF6F66
00077614
00067D20
FFFF6CCB
FFFA2D98
FFFED11C
FFFA3E30
FFF76075
FFFADCF7
FFFCD2BA
FFFA9AEB
FFFA5331
00040128
FFFA6576
FFFAEA68
FFFDA446
0003469E
000313B1
FFFEE6B4
0002BA30
0004AFBA
000071AC
00001C41
FFFE1A2A
FFFD85D8
00035274
FFFED6B8
FFF82BDB
0004842C
00036595
00070FB2
FFFDA791
FFFA61ED
FFFA294A
FFF53023
0002A103
00077E16
0001E597
FFFCA25C
0000E932
0002BADD
FFF9C436
FFF4097A
00054345
00001EE1
0007B4EF
FFFCD0BC
FFFDD404
FFFB87C4
FFF93E2C
0000A1C5
FFFB78A3
FFF8B557
0000F948
0006FA18
0006E6F3
FFFA822E
000597DF
FFF9BDF9
FFF68793
0002A251
FFFF7106
00072C78
00030279
FFF6258D
0003AEAB
FFF85BFC
FFFE7BDC
FFF5B2C3
FFFC81A6
0001620E
FFFDC4ED
FFF96F41
00008576
FFFB8382
0003364C
FFF81DCB
FFF9148A
FFFF5139
FFF9A00A
00019792
0009F253
0006C786
00016ECF
FFFC6AC9
0008F8A2
0005FD81
00011BE7
FFFF4283
FFFFF61F
FFFABC31
0004C9D5
FFFFEC5D
FFFB975E
FFFDDC65
0005B184
000B69FB
00049491
000440E1
0000CA2A
0004FE46
FFFDFB44
00033CCC
FFFE05C9
FFF988D2
0001B7C4
00063FD1
0008AA14
FFFBD2C4
0000C31D
FFFD329D
0000CA2D
0002A967
FFFAE9FF
FFFB2213
FFF58447
00043D85
FFFC5568
FFFA8E19
FFF93DB6
00000D6A
0002289F
00022804
0006BFD6
FFFD1135
FFFB10F1
FFF43BB7
0001A1E8
FFF87642
FFFE85E4
00080D15
000A99A4
00014AD4
00018FB4
0003FEA4
0001A4CA
00061865
000D3958
00014482
0003587C
00040431
000B8854
FFFD7C5B
00026136
FFFD5F70
00077CF6
00008022
FFFEAA54
FFFD4AFA
000A3CDE
000778C0
0002C296
0003869F
FFFCB706
000DCE57
00102A4C
0003FC31
0008CBB0
FFFF061B
FFFF063C
FFFF87A5
FFFD171A
FFFAEBF8
FFFF9A10
0003CC5F
FFF3C32A
FFF6E87E
0000CB2A
FFFF5F56
FFF39CE3
00019539
FFEF7F9B
FFF5BDF7
FFF3F3C5
000060D4
0000E4A5
00092294
00097D1A
0004A4E9
00093A66
00063E68
0009ACEF
FFFF3B52
0000D876
FFFE5D95
FFF3750A
00039E03
FFFEEBFF
0001A978
FFFDA43A
000B1327
FFFB3156
FFFF4F15
00027AE1
00026206
0006F43E
000BA37D
0003D402
00004FC5
00002D96
000A5E4F
FFFE3AF6
FFFF8AAB
00036404
FFFBDB95
0004381A
000AC53C
00081F6F
0003F420
000329D0
FFFAB596
FFF9DD00
FFF62EFE
000464A5
0002E39B
00004B7E
FFFE978E
FFF8F14B
FFFBA58A
0001B914
FFFF286A
000CF5AE
000055FB
FFFF3156
000FB92C
0001ACA9
000EE40B
000318E5
FFF8F77F
00092B18
FFF9B529
00019FFF
0002AD26
FFFECCBF
FFF749AD
FFFD558A
00054B9C
FFFF7C78
FFF7D72D
FFF58DAE
FFF522A5
FFFA4EA2
FFF97268
FFF4D97F
FFF38E1B
FFF5A44F
FFF60C48
FFFEE751
FFF6E8E7
0002DA64
FFF24CB2
00030244
FFFA4679
FFF05477
FFFACF9A
0009A781
000867D1
FFFB6373
0009E375
0008CB04
000C5582
00094FD9
000071EA
0007B461
FFFD072B
0009B870
000800DD
0009EFB3
00088BD7
0000D5C3
FFFE435D
00094E0F
0005938E
0003847E
000BD101
000E1A2B
0004C1D1
FFF97037
000B3A52
FFF522F0
000643F7
000D3EDE
FFFFCC14
FFF5D521
FFF4653B
FFF7B569
0001F757
0005319F
FFF8CF41
FFF79575
FFFD8B87
FFF56E44
FFF81E31
0000E41D
FFF21CF6
FFF3FD6F
00002EF5
FFF9865A
FFF93E73
FFF92DFB
FFFFA6C6
00017659
FFFDD56A
00092961
FFFD6836
000633FE
0007196F
000903A1
000A473E
FFFFD2F0
FFFCF8E6
000B3EFD
FFF440D9
00081DEC
FFFE78D8
00067079
000278C8
FFFEE10E
00069399
FFFAF2B0
0003B2CD
0008CF21
FFFE70F6
0002EB99
FFFDB580
FFFD3A61
000AF166
0008691C
FFFCB117
0004DBBA
0008197D
FFFF522C
0005AA15
000884EC
000A0F26
000B9F3A
FFFB109F
FFFD730E
0007183A
000E0F3B
FFFB0106
FFFDB441
000B1F44
00075412
000B6181
00054ADE
FFFFBF84
FFFCC66A
0006D5BA
FFFE8D08
FFFB5363
000ADE3E
000B8BD3
00074E98
000477B6
FFFBB2F4
0006026C
FFFD7D43
000311C9
FFF464CE
FFF0E772
FFF738A9
0006FDB6
FFF4EBE2
00089ECD
000B7C01
FFFF31CD
0002179D
FFFD1B1C
00023604
FFFC827B
000797F9
000DE2A1
00014E14
0005FF90
FFFF6843
FFF9BCA1
00037377
000D9B48
FFFD2CAD
000A68A1
FFF3CE23
000847EA
00061122
FFFC5A51
FFFA3462
FFFCE2D9
00076689
00001497
0008206B
00049EA3
0002FE32
FFFDF5DC
FFFE6E86
FFFFB72D
FFF885EF
FFFC28A9
00054C0A
00051C45
FFFA0C23
0001FADA
00005F95
0002DB5A
FFFFD5BB
FFFFEA45
000B8F02
000F9C6F
0005781D
00026EEF
000506B0
000C3EF4
FFFA8896
FFFC0C5D
00053DA3
FFFE6AC4
00047A96
0006AE2C
00039901
0005625C
000BBC89
FFF8FFBF
000A6B79
FFF9F92A
FFF9842B
000B1776
00098ED6
00025C6F
0009FC52
00097C10
FFF8BBA9
FFFD8BBD
FFFBBB40
FFFB8CE3
00004546
0002910F
000503F2
0000ED45
000C005B
00003C23
000896E9
0001C7E1
FFFFB337
0001A156
00042E95
FFF9E29D
FFFCCF07
00045644
FFFF55EC
FFF4AC39
0003911B
FFF6BB67
00007B58
FFFD7FE5
0006581C
FFF95D5E
FFFCF44A
00003E7C
FFFB41F5
FFF97513
0000384C
FFF85023
00017B47
0006F1C1
000255B9
00091A38
FFFEC2E5
FFF7F8A4
FFFCD8E4
00041DED
000B354A
000F74D5
FFF54E7D
0004FDB7
FFF9AA7C
FFF559CB
0007DD88
000A91F7
00029403
000D23C9
000BC793
FFF4A6E0
0000491D
000525E7
0002F4B2
FFF4C5C9
0000DEF3
FFFB2C8A
FFFBEEE5
FFFA5AF2
FFFBEA07
FFF3636A
FFFF390B
FFF0EFE8
FFF752AA
FFF7B0B4
FFF85DC0
000391F8
00004B90
00049BF5
0002D570
FFFC9577
FFFBF7FA
FFFB1EBE
00040B7F
FFFB396F
0000A338
FFF79FCA
000666F8
FFFA72C5
0005B63C
FFFA966A
00031548
0002F5B8
000838CF
000A06E9
FFFD587E
FFEC1690
FFFB9B20
FFFB84BA
FFEC5D0F
FFFECB0F
FFFCA5EA
FFF990C5
FFF907FB
FFFA6DCF
000501F0
FFFB0EBD
00004D31
FFFA8436
0004026A
FFFDDD39
FFF9F7B1
0003E1FA
FFFDB116
0000DB93
FFF4C06F
00039540
FFF4CA56
FFF6A431
FFF6A18C
00052D0B
00022218
FFFBFDF2
0001D137
0005D4A3
00026CB4
00027F6D
FFFE9C3F
FFFABB22
0007B748
000F5DFD
001046EE
00022A18
FFF9E43B
FFFD638C
FFF32738
FFF50B52
FFF9A7E1
FFF8849B
FFFFF701
FFF6BA06
FFF3E511
0003DBDE
000173C6
FFFA6A16
FFF9340D
FFFB212D
00090089
0004C273
00068148
FFFACCBC
0007959E
FFFED3D5
FFF15436
FFFC9D7D
FFF66671
FFFE7D09
FFF5D2E5
0002C7DB
FFF55679
00070242
0000C448
00028160
FFFAF26B
FFFCFA1B
0000A0E8
00087193
FFFD10CF
FFF97E80
000B1918
0008B16A
000386AC
FFF8C8E5
00075A9F
00003E69
00038E16
000BD69E
FFF815B9
00033C02
FFF898B2
000143A4
FFF891B7
FFF6B05D
0002BB41
FFF7BC22
0008D347
000551DF
0004BBD4
0006ECAB
0002CD06
FFFE5643
0007F9BC
FFF9C7F1
0002383B
00021F99
0005FB3D
000335FB
0006F010
FFFE6877
FFFBB44E
000B4C73
FFFD248D
000321CF
00047587
00045AB6
00019DA9
000223CF
FFFB6D35
FFFB193F
FFFE302F
FFFE7C08
FFFEA6A1
0002CA7D
00052027
0001EBCC
00000E5B
FFFC38BD
00030F56
0003389F
0004F437
FFF8C7AD
00023188
000349D3
00012B73
FFFB9063
FFF89263
00029BB5
000201F7
00029FAD
FFFC15DF
00042E80
0002AD25
FFF93787
FFFE9507
FFFCC6FB
0005FF4E
00015DD0
FFFD98CD
FFFB05B3
0005DA13
FFF64075
FFFFD4F6
0002257D
000355A0
FFFC4E2E
00026ABC
FFFD26AF
FFFF49A5
00094CA9
00079879
0003968A
FFFA4827
FFF9CC93
FFF6BF6A
FFF9E66D
FFF63B30
FFFCB2AD
00083294
00038D26
00073043
0002E3D4
FFFE84E4
FFFF8B4F
000472A5
FFF0E700
0001BB8E
FFFA2998
0004D99F
FFFFB672
FFFB08DE
FFFAA61C
00047F71
000AF151
00029020
FFF41352
0002B960
0005E231
00076AF5
FFFAC575
FFF7835A
FFF8917B
FFF887AD
00036E94
FFF7BDF3
FFF93075
0006A67C
FFF34A6A
00056E93
00098BFC
00061C88
0006D6CE
0009D71F
FFFC7CAA
000149F9
FFFD1D0F
FFEC7003
FFE8E6EA
0003BF45
FFFB4E78
FFEDCEDD
FFFCC817
FFF703A8
0003A6E6
0008B8C2
000FD2CF
000194D1
FFFABE99
FFF5FDD4
FFF5C989
0009A1A1
FFFFD6DA
00053FC8
FFF631E9
FFFA32D8
FFFE04BE
FFFC758C
FFFCA4F5
000C0F29
FFF941D7
FFF933C8
FFF2C530
000DD96B
00068648
000ABF0E
0008392D
000445FD
FFFA3FE4
00084E76
0002A713
FFFD69D8
FFFD6B57
FFFC1506
00017604
FFF5F17B
FFF6B9BE
FFF3E0BE
FFFFC53F
0003F621
00026A6F
FFF14877
FFF5BF3B
FFFA94CB
00012FAB
00042366
000A6DC3
FFFAA6B3
FFFDD7C5
00050B6D
00039693
000D4E7E
FFF5D17F
FFF63184
FFF81B23
FFFBE4D3
FFFFFEA8
000BAA8C
00043287
FFEF4F49
FFFD09CA
FFEBE336
000831F0
FFF6E842
FFF28BFE
FFECF9A7
FFFA45D5
FFE9B90D
FFFA32AD
FFF2FB58
FFFE0A57
FFFDDBA2
000784E0
0008D96D
0000D3C8
FFEE7336
FFFA1FF5
FFFB577A
FFF884D1
FFF3D08C
FFF4BF67
FFF4117A
FFFCE018
FFF759BD
00099D7E
0003A40B
FFFE209F
FFF38687
FFF608A2
FFF6E69F
FFFE3C6A
FFF2F351
0003FECB
FFF0E879
FFEC2F96
FFFC6F77
0007E326
00158046
000149C7
FFFCFC42
00034B65
FFFB5578
FFF896D2
000195EA
FFFDD9FA
000116AD
000D9E6F
000BF7DD
FFFA14AD
000C293D
FFFFEFD4
0007F005
000C844E
00023910
FFFBB439
00043C6B
00070210
000D1347
FFFE6C65
FFFF37DF
000E3278
000E7869
000D2C14
0002DED3
00076933
FFFD120A
FFFCBD99
FFFC58E6
FFFC924D
FFFB9864
FFFE035D
FFF42BC7
FFF8532F
FFF60BE2
FFF95E3D
FFEBECFA
FFFC99A7
0003D62C
000A8005
0001C7BD
FFFFABD9
000645E5
00023C98
FFFB726D
000350F3
0001507F
000300B2
FFFD5911
FFFFC4F4
0007276C
00039105
FFFE4918
FFFF4558
FFFCC485
0003765E
000F1031
0003BEF6
00046B54
FFF852D1
00007C19
FFF73CF5
FFF93BC3
0008EEC7
FFFE30F3
0007E1D8
00020662
000A6340
000ED812
FFFDDF74
FFFFDAE8
000ED187
FFFB91F2
00066367
0006E6C1
00123D3A
0004B676
0003A970
FFF99881
FFF93206
0006332E
FFFABEEA
FFF0E181
0000F77B
000C2FFA
FFF6F888
FFF68E57
FFF15A69
0001B4CB
001135BD
000666F3
FFF6EF30
000666A0
0003FCC5
FFFD6960
0008D3FE
00062052
FFFDD4E7
00022B46
0005CB1B
000A46E6
FFF595A2
0008D205
0005C8B2
FFF21348
FFFF7F1E
FFF7F3DD
000EDDAB
00057CEA
FFF4A3E3
0004008B
0006A709
FFF60C01
00034C33
FFFD7EBB
0002870C
00088EAD
FFF39672
0001F757
000A15C5
FFFB1CE4
FFF0CF8F
00063404
FFF6D7FA
FFFD9AA7
FFF4F177
FFFAF676
FFFCCB01
FFFC2EA3
0007B6C8
00089FAA
FFF5744F
FFF4A473
FFFB699B
FFFA8CB6
00002308
00033B21
0010C974
00043FD6
001009C4
00062CE4
0005C7CD
FFF37229
FFFBBBA7
0002D318
0000589E
00028992
000F2F69
00021C80
00025DE6
FFF8369A
FFF8FDF9
00042714
FFFB3F61
00034EAF
00010784
000BBB2D
0002BF93
FFF82784
FFFBA00F
00055743
FFFF2EC8
0006F36B
0010CCB8
00095399
FFF84F72
FFFFCB21
FFF12366
FFF04050
FFF71A26
00046AF0
0004CFA2
FFF8C8F1
00052A2F
FFEE3414
FFF19D20
FFFC4A3E
000B50C5
FFFCE6BF
FFF8E222
FFF97526
00041B65
000C631C
000BEAE5
000D7F16
FFEE91C4
FFEBC2B0
FFE634C3
00048379
0005DCB3
0003798E
FFED23C2
FFF3857D
FFE9C434
FFF77E3D
0008D69F
FFF881BA
000D3D38
0001A9E1
FFFCE4FF
FFFB4845
FFFFDE35
FFEE8B8C
FFFB262D
FFEF7E07
FFEFF861
00091041
000BF725
0000BC56
FFFB5A2C
00065702
FFF7498A
FFFD452F
0000B431
FFF7FD75
00074232
000455FA
0007EB9E
FFFDE004
00067B7F
FFFC9F6C
FFF6B03F
FFEBCFF6
FFF39EA2
FFFEB66C
00151586
FFFEF96C
00085342
0006D0E2
FFF81134
FFF4CDCA
FFF1C21F
000172AC
FFFA5BBC
0004D6E2
FFFEDE53
000452C7
0006B90F
FFF43524
000696EF
0010783F
000EA962
FFF46EE9
FFFAFCD8
FFF27E04
0007669A
FFF29B9E
000A439B
00033544
FFF62FBB
0001DB8F
00017701
0002D694
00098DF9
000FE421
0009EA15
0006D45D
FFFF5860
FFFE559E
FFF5AEF1
FFFD31B2
FFFE5191
FFF27944
FFF2F6D5
FFF77D37
FFEDF94A
0000B3AE
FFFD40FD
000B2449
000C59AD
00057A62
00066811
FFF88CCF
00031B1C
0009943D
0002D921
FFF8B657
00101D26
00088303
0006D618
0003B967
FFFD5202
FFFEAE25
FFFBB568
FFF43598
0004EC45
FFF8168B
000237C4
00035429
00097E79
0007E404
000316DD
0002A5C0
00042033
000540E2
FFF7367D
FFF67B50
00022FAF
000A096C
FFFC623A
FFFEA460
00022E62
FFF980B7
FFFC65DA
FFF65342
000504A3
000695AD
000CBF21
000E089F
FFFA40F1
00052678
000387A2
FFF60BBA
0000E4B2
00036091
FFF6990F
FFFAA0AC
00073938
00051248
000A987F
FFF55755
FFFD2D80
FFF0A8D3
FFFE7E74
000A011C
00050210
0001BE8E
FFEDFA89
FFF46D46
0004748F
00038B11
FFFE6B0D
000836FE
FFF8BF73
000D274A
FFF6F1E2
FFFAF277
FFFF1821
FFFD0AE5
FFF458B6
0004728E
FFFE880C
0004C4ED
0001BAD8
000DF7C0
000B1FF8
0005FF45
FFF9AB1C
000A6C6D
FFFBC3E4
000D4385
FFFF575E
000DE881
FFFB97E4
FFF2E9E2
FFF11737
FFF674EA
00031F90
FFFC693B
FFF5121F
000A932E
FFF0EB86
FFF8F9EC
FFF84586
00044B9C
FFF3DAA7
FFF04DFD
00071205
0010BFDF
FFFBE819
FFFBA986
000B9D7A
000C2CC9
00013533
FFF6587C
FFF7BC8A
0005859C
000113BA
000989B0
FFFA6F1D
0006DD61
FFF5BD29
FFF4351A
0001E03C
FFF78F79
FFF4A0DE
FFFFD859
FFFE850C
00092544
0001553D
FFFC54B8
00027C20
FFFDF2CD
FFEEF2F4
FFF4EB26
0008FEEC
000FA8D5
000691A9
FFF72CB1
000489E1
FFFF22A0
0009B0D4
000A8952
FFFEED6C
00092EE7
FFFA8B96
FFF7A8B8
000CD7E9
0007295B
000CC5E1
FFEEE0F2
FFFD5DBE
FFEF02AA
FFFDD571
00124EC8
000319E2
FFEDDE99
FFF782AB
FFED0ABE
0009362A
FFEF17C7
FFF657E7
000092DB
00094EEE
0002907B
0003BD2B
FFFED72E
0004CB65
000DC69F
000560C2
000291DF
FFFA35D2
FFFE98FA
FFFD3CA4
000E5C9B
00121017
00067D13
FFFC7739
000E8A08
00016FC8
00009258
FFFBD23A
FFFDEF61
FFFF0D7C
0011BE4A
00033951
000CE3D6
FFEFAE4E
FFF78599
FFFE6097
FFF4F10B
00048C4C
00143E09
0007D820
0013BC8D
FFF68830
00040572
FFFD5A48
000F9482
FFFECEA3
0007B52C
0003278D
000497CF
FFFDDDDA
FFFAACF9
0001DA3B
00006B6D
FFFC339C
000A9505
000E2FCE
FFF63D5F
FFFCFB19
FFFBA991
000EB412
FFEBF70E
00061E99
FFF574E2
FFF4E335
0003F6D6
FFF22E88
000B68E1
FFF8AC50
FFFACE34
0013CAD0
000C8E73
FFFC65E7
FFFC04F6
FFF915B8
FFEB4C60
000548DD
0009D394
FFFD9FFD
FFFB6F57
FFFFD106
FFFEE0F4
FFF8A276
FFFA9D87
00005F9E
000B30FA
FFFF7E8A
FFFB5766
00019293
0000776F
000B5979
FFFA4A70
00157AAF
FFF9F0B8
FFFA3D9E
0006A344
00045D82
FFF76E1C
FFFE103E
00093747
00085BAC
0008999C
0004F2F5
FFF6A323
000FEAD7
FFF80BD5
00016605
00059DE5
FFF74F68
FFFB7618
FFF35A03
000174D4
FFFBDF52
000774F8
FFF70FAA
FFFBB671
FFFE09AC
FFEFEE20
00059554
0016956D
FFFCD0D2
0005F5D8
00043AA1
000146D4
000A76CC
0010C59F
001025EC
00054CCF
00047B98
0004B19D
FFF9F67D
00057D2F
00055747
FFF6D281
0000597D
FFF8BA6A
FFFF0898
0001DD59
FFFE1B2C
FFFD2A64
000757D7
FFF3A561
00082192
0009BBCA
00038B6A
000EBA35
FFE78663
0011A38F
0006BE18
00091C63
FFF235EA
0007DED9
FFF07CA8
0006093C
000D867E
00025A12
FFF60F0A
000CA420
000FA1F3
FFF5F0E8
FFFE9194
0000452D
FFFBE831
FFFC6D51
FFFC2255
FFF62CD0
FFEE6EF2
FFF2718B
00080F46
00006361
00161092
FFFDF611
0016C0AF
000515CC
FFF75C4A
0000E333
0000C1D6
FFF16934
000B8C18
FFFDB3A5
FFFB114C
FFF29FE9
FFF8EA4E
FFF789EB
00000E06
0000EACC
FFF601D3
FFF5585E
FFF35050
FFF70502
FFF2685E
FFF86964
0005E19E
FFF276DF
FFFA85BA
00054DFB
00015896
FFF96AF5
FFFC43B8
0003EDC0
FFF89D48
00067621
0005DB29
FFEF5396
00115A1E
00048EB6
000E51D4
00116B76
000011A1
0009C973
FFFA98DD
000AA148
00134C68
000CFB76
001053DE
0009AF18
FFF9F148
0002AAA1
000E8677
FFFF60EC
000A8C2A
FFFEFF12
00088EF3
FFFBA146
0007A7AA
FFF6E724
FFF4A3CB
FFFDC68D
00030246
00038813
0003D679
FFF66D03
FFF2F0C0
0003D19A
00089760
000E5AB7
00086056
00033C1F
FFFBA113
FFF9FFD4
00083631
FFFFF805
FFF437B1
FFF5A20C
FFFC5191
0004313F
FFF7783F
000422D0
0002C739
0007F167
FFEB77CB
000C26A2
FFFE626A
FFE590BA
000A8D67
00025A96
0008287B
0006E355
FFF8D7DC
FFF5D00B
0002898C
FFF21F17
FFFABD55
FFFAD3B6
FFFD4A07
FFEF9AFD
FFFCFD53
000861CC
0008FCBF
000993BA
000898A2
00048BCB
0005165C
000D6360
FFFAB68A
FFF6F73B
FFFDC61F
0002D8D6
FFFF3A52
00042C6D
FFF6087C
FFFE02B2
0002D1C7
0005D567
FFFFCD6F
FFF51B55
0000B883
FFFA7A97
00027C52
0010C5C3
FFF8BBCE
FFFAF58D
000B6F4E
0006A362
FFFC9F4A
FFFAB05C
00034468
FFF4FF1C
00039B9C
000DCE2E
FFF85059
00085C50
0004DF4D
FFFEC5C9
000BD045
000E03F0
FFFDA792
FFF174E2
0000EC28
00012C8F
00083FD5
0005BCCA
FFF29E92
00021C50
000083F4
FFFC163B
FFFB596A
FFFADE15
0000C5FC
00091976
001328D9
FFF3AB65
FFFAE5B5
0000CE34
FFFFA349
00008E6A
FFF2F9E4
000662EE
000E1E2F
FFFFC4E1
FFEE8FC6
000720B2
FFF03D17
000143BA
FFFFDA9D
FFF4E585
FFFC13AB
0000B3DE
FFFA92D5
000B0997
FFF582AA
000357D8
00024C79
FFFE06F2
FFF9D76C
00080949
FFFF55ED
FFFB0D6C
0000839A
00092093
FFF22644
FFFFC1B3
FFEFB3A0
FFFC2817
FFFF3A27
FFFA61A7
FFF67718
0000E204
FFFF6B89
00031535
FFF84B68
FFFAF31C
0002651B
0002F986
FFF900F8
00109C48
000ECCD8
FFFCC0CB
000C9E02
FFF7EC14
0006E203
001514CE
0004102A
0007C24F
FFF7E279
FFF709D5
FFFF1A0E
000633D8
FFF94786
0006DA48
00076478
0003B674
FFFA4FF1
000A94DC
FFF3EC40
0005276A
0007E82D
00056CB1
FFF826DC
00109324
000BBE84
FFFE594B
000085AC
FFFF0A98
00043CD1
FFFAC8FE
00029125
00075D13
FFF8B5FF
FFFF59C6
0000C5BE
FFFFBFDA
FFFA9066
FFEC924C
FFF189FD
0002427A
FFFB695E
000A28E5
FFF9EF63
00070DDD
FFF9DE40
FFF6FF76
0001919F
000FD052
FFFD27FD
000DAAE5
000E36AE
000D43B2
FFF6332B
0001166A
FFF4EA36
FFF0F0BB
00021D28
FFFF4C2B
FFF3C836
0000CAC9
FFF702FB
FFED0723
FFFD9E00
FFFCC039
FFF69103
00028A85
FFFD1B1B
FFF6EC3F
0000B408
0001129D
FFF36EEF
FFF8C1D2
FFF65BE3
00055B79
FFFE41F2
0006E279
FFF429E7
FFF41FD8
FFF907C9
000AB946
00089F4E
FFF4E749
FFF0210B
00092642
0000D6B5
FFF0BC98
00011527
FFFD8BB7
FFFF53DB
0001E1EC
FFF83F67
FFFE27E9
0012763F
000A81E4
FFFA04C2
0004ABF2
0011FDCB
00045A5E
0000706C
00003775
FFFF6DEC
FFFFF81B
0000D759
000BBE1E
000D3833
0004F3F3
0001F055
0001F35F
FFF55D9E
0002E4CF
FFFF9AA1
FFFFE00C
000A8B1B
FFFD952E
FFF31959
0004AE28
FFFC913D
0008D93F
000B5142
FFF5F008
000E12EC
FFF302A7
0001F508
FFF60805
FFFD973E
0005ECC3
FFF4A8F5
0006E3CF
000B7C2A
FFF672B0
000DDF89
FFFA70F7
00053D53
000D811B
FFF5781E
0000A6B1
FFF4CBD8
FFFBD6F9
0002B2AB
000B2F91
000CB5BC
FFFE3DBB
FFF489E5
0000F28F
00052187
FFF70BC6
FFF23EEF
FFF0F033
000657A3
0007B3B0
FFF31334
FFF2F664
00059F20
FFF3CD8F
000DD7E2
FFF474CB
FFF5D598
FFF90B13
FFF69240
FFF01ECA
FFFBA6B4
FFEFDFD3
FFFA0EEC
FFFC06EF
FFF6D45E
0008361F
0004BCDE
0005EFC8
FFF867C2
FFF8D1A8
00137A03
FFEDE545
0006A954
0002BA72
00005BFC
FFFEBCCB
FFFC7E1B
FFEFD2F0
FFF89210
FFFA3EA8
00023B20
FFF4E511
00104356
FFFB6A23
00062BC4
FFFF22D0
FFFD8D18
0000F022
0001DA9A
00030635
FFFC5233
FFFD6F14
00090C6C
0009B980
0006A716
000EA90F
0005D7AD
000718F0
000BA95F
0005E1AD
0004E2F1
FFFB87C6
FFFA381D
FFFE4CE3
0004747F
FFF4FD88
FFF6EE83
FFF005B8
FFF0397A
00014F5B
FFEBD1E7
FFF776D2
FFED48D1
0008DCD4
FFF15CB0
000649B9
0008D406
FFFFED3A
FFFE2AE5
FFF738D6
00038425
FFF091DB
00031247
000B6C31
FFF61347
FFFFD2EA
FFF90A6F
0003FFA7
FFFB40DF
00091D8F
000A336C
00098F9E
00086928
0001BBF4
0000ABCF
0006142A
0013E4C9
000E9DC8
00083C61
001270EB
0002CEEE
00022C4E
00039835
FFF95921
00007D4D
0006DB93
FFFEE9CC
000E0164
00025E2B
FFF0E482
000F605F
000BD022
000757DD
FFE969DC
FFF5BF8F
FFF8CB3E
FFFF56AE
FFF01B7F
FFFC439C
00088B1A
FFFFCB95
00096164
FFFEEE66
000E68F3
FFF6E7AA
0006585C
FFFBA372
000AD490
FFFC375C
FFF4C88C
00030089
0001C232
FFF2C84B
000220A5
FFF4C8EF
FFFC8DB7
000E1B0C
000B20FC
FFFCDC2E
FFFAF137
0004A380
000079E1
000EB39C
FFF34AAA
FFF871B0
000702D2
0002FF31
0000EA42
00015D60
0001BB56
0003FFA4
FFF46151
FFF2874B
FFFFA32F
FFFF196B
000588ED
FFFD9499
0001663B
00090D97
FFF2ADC2
FFF553D8
FFF42E30
FFF480C4
00003B7F
FFF9E384
FFF05073
00081CEA
FFF3C9B8
FFFBF20D
FFFCCA4A
00077D52
FFF7E417
000AF556
00000CAC
0001F796
FFF3AD18
FFF0513D
FFF7D2FB
000162B7
FFFDD1F0
FFF951D4
FFFE1912
FFFB7A13
0007B44B
FFFD7DDB
FFFF180C
00015BA7
000A3BA5
00028E33
FFF38F9B
0003B10B
000B0A35
FFF85F78
0009742F
FFFBCC23
FFFA2118
0005A978
000712C6
FFF7F709
FFFF1417
FFFDB9A8
00064B4A
0006DF94
000717AB
FFFC7903
FFFD422B
FFFC851B
00015EFE
0012C74C
0002F64C
000016D0
FFF2946F
FFEDF0EB
FFF42AD8
0000D707
0007676D
0006A534
0005A10F
000553C3
FFF9205C
FFF84CE6
FFFC90A4
FFF56DFE
FFF46313
FFFBC9CC
FFFEB942
00004399
0004E36F
FFFEDCE2
FFF97E0B
FFF6170A
FFFA5DC4
FFF9E504
FFFDC5F5
FFF46801
FFFFC055
FFF6D975
FFFEBF3C
00065782
00085D64
FFF2F54B
FFF1B561
FFF7EBD3
FFF43E82
FFF6CE6F
FFF82158
FFEC6BFE
FFFECBB1
0000791B
00032DD0
FFF9B8FA
FFFBE0F4
FFFBEA22
000A44A3
00047A02
000FAE75
00014770
0003B183
000329EB
000B22A7
00050BF6
000B2526
0007349E
0006CE3B
FFFE67BD
00109E49
FFFCF05B
0004EAFB
000CF00E
00098694
00026234
000B2224
FFFCB356
000E185B
FFF958F1
FFF26CE1
00053F90
FFFF230B
00001612
FFFB03E1
FFF9C304
0001064E
FFF6F0BA
FFF92E03
FFFFEE0D
000098F8
0001829A
0007F3AD
FFF9A936
000B675D
FFFA451B
FFFA4712
00082B32
0003A2DC
FFFE3435
0012AE99
00094C8C
FFF8380B
00035A2D
0008868D
000D1B32
000CCCB3
FFFE87EA
0000B38A
FFF4DF1C
FFF77041
FFFA8475
00010820
FFF2CABE
FFF2B0FA
FFF5008F
FFFD50A9
0003BF35
000487C4
0001A6C4
FFF6F98E
00077804
0000A508
FFFC6DE1
0001993A
0005E8A4
FFFD536E
FFFDDEDB
FFF26FE8
FFFF0752
FFF50ACB
FFF72158
FFFFB251
00029732
0006E8C3
FFF6635B
00090522
0005BD5E
FFFB01D8
00086205
000783CE
000A87FF
FFFFBD2C
FFFDD2CC
0008D708
0007874C
FFFFF1E8
FFF9B3E2
000EF049
00094E60
FFFF45D9
FFF88358
FFFDEEAA
00049C78
FFFB92BF
FFFAA5FE
FFF4988C
FFFBE1E2
0003CC3D
FFF456CD
FFF89F53
FFED2E4E
0004DD34
FFFB4CAE
0002D87B
FFF04E13
FFF934F0
FFEDCFF6
000967AE
FFF5C9B3
FFF751DB
FFF81DC3
FFFC36EE
FFFB31EF
FFED3EE4
0004C8A5
FFFC9996
FFF2532F
0003D09D
FFFB1248
0009EC91
0000F872
FFF86C48
FFFD74FD
FFF7454D
000820DC
00008203
0000EFD5
0001DCA2
000044BA
0004004E
000349D7
FFF9FD67
0003F378
FFFE5C89
FFFD6791
FFF92D6E
000010F2
FFF6FD0D
FFFD969D
FFFA9419
FFFE23A5
000DEDD9
FFFDF94B
FFFD0D98
00042635
00026056
FFFFD395
FFFED3C7
FFFDF443
FFF67FCE
FFF8C03D
FFFB7E7F
00048CC6
FFF54862
FFFD5F59
FFF5B361
00034AA0
FFFF1667
00011E12
FFFA8DED
FFFBE155
FFF60616
00040382
FFF92E15
00042F24
0003A2F6
FFFA424C
FFF8ED67
FFFB42A7
FFF9F082
00070A1F
FFF7AC4A
FFFCAE0B
FFF4A9BF
00090CB8
0009E56B
FFFDA0E0
FFFF0D15
00056E81
FFF99536
000C8B64
000AB6E0
FFFC6476
0004A950
FFF83832
FFF688CC
FFF91BBC
0001CD66
00027D33
FFFF95C6
FFF68244
000721AB
00074731
000B4301
000054C8
0000893F
FFF294F0
FFFFAF0D
00079AA1
FFFF2985
000368C8
FFFF4B71
0007264D
FFF0CC15
FFFCE425
000BCEE4
0001D8D6
00087AA5
FFFD0847
FFF6D7CA
00023BEE
FFFE1E97
00016E2F
000A2210
0009684C
0006CF42
FFFCB1CD
0000C639
000844CD
000E700C
FFF9FCC1
00062FDA
FFFB696D
FFFEEA04
0004F1D2
0002CE77
FFF63CF9
FFFBB613
FFF9C4BB
FFFBD0DE
000C8B97
FFFB3CF4
FFFD192E
FFFDA0C9
000C837A
FFFACADD
FFF9BE86
0008B43C
FFF6BD0E
FFFCEA30
0006C092
00001940
000360DF
000734F6
00002CD8
0000484E
0005F9D0
00095D3B
FFFF74DF
00056203
FFFE3097
0001A96D
FFF75936
FFF5C0E3
00075C64
FFF2B416
00046A5C
FFFD5CBD
FFFE1271
FFFCEE7D
FFF61A35
0009BADE
FFF46BE5
FFFD4CC3
000E5FB0
0005D39E
00062D0C
0005BE5A
000E9D1E
00068DA7
FFF5ABA1
FFFAB66B
FFF2DAE8
0007F9A5
0001FEBA
FFFC3536
000610CB
FFF982FE
FFFE0CE5
FFFF7265
000748C1
000A155F
000ED674
000277EB
FFF9F94D
FFFD2B7F
00031A11
0005FF43
00012595
FFFB24EA
FFF3B731
FFFB7FC3
0004760B
0001A16B
0000FB4E
FFEF9E0B
FFF7128B
000712B2
FFF5AC7E
FFFEA987
FFF7F9A5
000A4E4D
FFFE5E95
00060CE8
0000A583
00087B3D
000B5DB7
00004B03
FFFD276E
0001BF0E
FFFE2667
0001479D
000B071F
FFFF7893
00021AED
00009CB7
000600B9
FFF3AE24
FFF8DC30
FFFAAEC4
0005C5E0
0009EAD9
FFFF21D0
00056AF4
0004C608
0003CAD6
00059F4B
000C1175
FFF80934
FFFAF9B2
FFF6804F
FFFFC109
0000053A
0001D1C2
FFFE74FF
FFFF0419
00045B23
000EBBA1
FFF7284A
000959DC
FFFB814D
FFFF5231
0001A5D9
FFF87471
0002978F
FFF91103
0000FB90
00004837
00023172
FFF9D0D4
FFEF0149
FFF6B9E8
FFFE60AF
000749F9
0007988A
00003F34
FFF186A3
FFF9001C
000B8912
00104907
0006D1D3
FFFA1AD8
FFFF6F3C
00053B10
0000FAA4
FFFEE5ED
00000A7E
0004D6E0
FFFFF929
000121FB
FFF65235
0005BE3F
0004F55B
FFF8ECBD
FFFF5BE7
00055453
00048567
00001269
0001E2D5
FFFC36DC
00002284
FFFA62DF
FFF6C758
FFFF1E1F
FFF6294E
0005203B
FFF0EA96
000C85E6
0003311B
FFF84704
FFFB1795
0009C4DA
000F025C
000A01A7
0008C032
0002CF7A
00046C5F
000523A9
00002EEA
0009FA96
0007567E
FFFE040B
00069F42
000142E8
0009CC78
0007A2FE
FFFE7300
0005EFD7
0001958B
FFF31056
FFF31B34
0002266C
FFFFB3DC
0000D261
0000138B
FFFA2398
00036B58
0003FE21
00068D18
FFF0DA35
FFFD9C09
FFF31D70
FFF64B32
0004BDCD
FFF8DA7C
FFF9CEDC
FFFA73F8
FFFC50B9
FFF8567E
00087A2A
FFFEE20C
000423B7
FFFDA0F6
00028C2F
FFF72E86
000AA065
000163C6
0003D656
000AFF24
00040285
FFFB4DFE
FFFD91B9
0004EC4F
0002DADF
FFFBE507
FFFD3FEF
00057169
FFFF47FF
FFFEB9C2
00010F5C
FFFECCB3
000256BB
FFF46387
0001B9DB
0007ED8D
FFFDF956
00042589
FFFCF5CB
00054B37
0004A91B
FFFEEB44
000159B1
00073F3F
FFFF74BB
FFFDA20B
0007E596
FFFD9157
FFFE3D24
000314A2
FFFBBB26
00043072
FFFD9ED1
FFF8F3B3
0006ACDB
0004F3EF
0006DB90
FFF89E4F
00053678
0001F393
FFFB09C3
FFFBDA54
FFF56BC1
FFFFDB06
0001A066
FFF86A3C
FFF79405
000C43F5
FFFAB3D5
FFF1F0B9
FFFB019A
000111D6
FFF72494
FFFFC665
00085CB9
FFFEF858
FFFD5AD8
0001DDD9
FFF727FE
000E34D6
000C93EE
FFFDCE4D
FFF9AE7A
00044E82
0004E8D6
0004E04A
FFFF2C96
0003130A
00059EE2
FFFAC689
FFFF8F36
0007A15C
0007F588
00048C65
000A60CD
0009C74D
FFFF7255
0006F1B6
FFFEBC19
FFF70DEF
0001E864
FFFE5D36
FFF9CDAD
FFFBD3FD
FFFA21FB
000060D4
00055109
0006525A
00031990
FFF88759
FFFC37D2
00055CEE
00039739
FFFE4B2D
0004F7E3
FFFB5137
FFFD4A2E
FFFB6908
0006B8A6
FFFE23FE
FFFD1C45
FFFE46BB
000216F9
FFF8CF42
0008593D
FFF80D89
00061705
FFF94FD9
FFF81D5B
FFF6E25B
FFFEE4F6
00045BD2
000A5CCD
FFF95C5D
0001763A
FFFBC812
0000F7E8
FFFE908F
00063DBA
0005A78B
FFFF8FC3
FFF4AD60
0000D082
FFF3E335
FFFB0783
0001D521
00011301
00064708
0002F124
FFF8A772
FFF4226F
FFF9DA0F
00028EA0
00011D5D
000AEB86
00047472
FFED66A4
FFFFA896
FFF8BA94
0003C093
000860A3
FFFC0F40
FFF75AA0
FFFD0829
FFFDD1F9
0004E9BE
0000DA90
0002B0D3
0004F5A7
FFFEED72
0002136A
FFFF72CF
000AA70A
00075226
000A8B77
FFF5B18F
00073F34
FFFE68FA
0006A0F6
0004F92A
00073D2D
000746C7
0002BADC
FFF67E9A
00051CEB
00001875
FFF750FA
000198C3
00032807
FFFF2A06
FFFEB405
0004FEE6
FFFC8702
0009DBBC
000A7492
FFFD82BA
00023E1E
00035BB3
FFF9046B
000183B0
000BA99C
00013342
00071C6D
FFFCA039
FFFA4178
FFFCFA7F
FFF9F144
FFF83FBA
FFFD829A
00067278
0004B52C
FFF73A38
FFF5F26D
FFF97422
000322F6
0008D00B
FFFD3670
00087DCF
000080B5
FFF79B69
FFFAD16A
FFF72B72
FFF649E0
0006B05D
001199A6
0004959D
FFF9775E
FFFFC4C6
FFF8B76F
0009D8D8
0007559F
000454D2
0005D400
000926D7
00050A69
00079C1C
FFFC0C03
FFF7B2FE
0008F85C
0003510F
0007E357
000C8C19
FFFBEBD9
FFFCFBD9
000CA16B
FFFDF465
000C143C
FFF7534C
FFFD0065
FFFC7D2A
00122EF6
0002A43A
FFFF5274
0001F228
FFF7DFF4
FFFE1DD8
00006FAB
0008392C
0002985A
0002BB23
FFF207D8
000336AB
FFFC6ABE
FFFE31A5
00087087
FFFEBFD7
FFF2F6E4
FFF54CC1
0005647D
FFF836E2
FFFB5EAA
0008BAC7
00033691
0004ABE2
FFFDB47A
FFFED29C
FFF6B516
0000609A
000CC083
00018CD7
00010B04
00068CA4
0001B3F8
00019275
00057994
FFF89F56
FFFA7664
FFFB3FBE
FFFF27F9
0001CB4C
0001AF11
FFFA9B2C
000095A4
00066374
00050BE1
00058C29
0008D861
0005E3EB
FFFE28D4
FFFF3FA8
FFF967C1
00025249
FFFCA8CE
FFFF9D4D
000BAFCD
000760FD
0009995A
FFFD65B4
FFFA6F54
FFFC9DAA
FFFD3500
FFFE8266
0007BA18
FFFBF763
0003DC9B
FFF89EFE
FFF82055
FFFEC501
00065DB7
00005A55
FFF9A821
0006E02C
00059E67
FFFB6DFF
00072478
FFFB4856
00041E63
FFF89C8D
00045431
FFF71950
0003F604
000C3413
FFFE5738
FFFCABC6
FFF99230
00000BC2
FFF3A578
00076658
FFFAEC16
00023AA7
FFFA90CF
0000AFD2
FFF8C855
0001DA0F
FFF77101
FFFB37FB
FFFD48B3
FFFD5F65
FFFC577D
FFFE99F4
00055D98
FFFE9681
000106FE
00049DB8
FFF90145
FFFC28BC
FFF8CA82
FFFEADDA
0007898A
0006F3F9
0005BA72
000036DD
FFF6BEC5
FFF50F4A
FFFF7A93
00028D2B
000717E9
FFFD9951
FFFF846F
000F4416
000080A5
FFF6599A
FFFB6501
000095D4
FFFD7C7D
00053583
0004D0BD
0000BECB
FFFB2C07
00047783
0000B99B
FFF9ADCF
0003F921
FFFF5D6F
FFFF6347
FFF5E8C0
0006B517
FFF600E5
000299DC
0000E2CE
000089AD
00092CA1
FFFACF64
0001F87A
FFF9B403
0003827B
FFF8BEFA
0009CE7C
FFFF1037
00070C38
00001A3D
FFFD70A4
FFFA9BD0
0000E15D
0003C280
FFF71306
FFFD02AD
00015804
FFF619DF
000ACE88
00042099
FFFFF1D4
000BFC0D
000440C4
FFFE5A24
000460D0
FFFB58F6
00016518
000D291F
00022646
FFFD9336
FFFC21DD
000508D2
FFF3FD87
00021E96
000F522F
FFF68960
0004CAB2
FFF7CB47
FFF24837
000481A3
000844E2
FFFCA86E
FFFC7D5E
0001848F
FFF73826
00070E40
0007EA27
00073972
FFFD24CA
FFF9FBDB
0000BFE2
FFFE51F5
00065C80
FFFEFFA9
FFFB9C32
00033B68
FFFC3D65
FFFC0697
0001B161
00035375
0008DF22
FFFC742F
00043D57
0007517D
000151B4
FFF66B0B
FFFFF800
FFF9A28B
FFFC8E81
FFFC65F6
FFFB5191
000490E3
0004B371
000A99E6
FFFB9F46
FFFBA4C2
0002640A
FFF44A04
0003EA3C
0002F670
FFFB4BA3
0005B525
00062426
0006E99C
FFFBFC37
00064B87
0000209D
00021272
000F0B85
00003E37
000281BE
0003CBCD
FFFEB0E9
0002C153
FFFF6892
0002512C
FFFA5A67
FFF8CCCA
0005232B
00073534
0002E01B
00034F67
0003E4BA
00039F19
00015BC9
000CD654
00099AD3
000298D9
FFFE181A
0003C0FB
FFFE9205
000273EA
00098C72
0003E25C
FFFAB968
FFFD2E23
000333D6
00087C59
FFFF788E
FFFF7E78
FFF300D5
FFF83669
FFFCE656
0000BA27
FFFF2C3F
0001480B
0009C3AF
00045961
FFFE5341
0006B209
000E6D1A
00024DB4
FFF796A2
FFF5E0AB
FFF8AE79
00012260
FFF69BD8
FFFC146C
00031DBA
000A6A54
0006FC40
FFFFBCD0
FFFEF2BA
FFF5F387
0009FA6A
000940AE
FFFF5E88
00062731
FFF80E12
FFF57B61
000253D0
0001D0D8
FFFD567E
0001A4D8
FFFF45AA
FFFC8810
00069688
0006EB59
FFF880EB
0004B2A3
FFFD205E
00035BEA
FFFA2CC1
FFFE1DDC
000683EF
00055B91
00069194
FFFA5E41
0005EDB3
0003BA17
0005753A
000282AB
0000CC88
000136B1
0003689C
FFFBB86E
FFFA523E
FFFF8D07
FFFC8E3E
FFFAD045
000970FF
FFFEC70B
0006B812
0001A68D
FFFBB358
00000669
00104D76
0007CB66
0007E1F7
FFFD3ED0
0003C355
0002CE86
00006ADC
FFFF7A8A
FFF832D7
FFFBAAB4
00005331
FFF27E9D
FFFC5380
0003267C
00043D39
0008D371
00036493
000F88AD
FFFC6CB3
FFF50CE5
FFFB6977
0000AE4F
00091DBF
00031CAB
FFF96E24
0003A98D
FFFD476E
0003777C
FFF1BDFD
000EC69A
0006D064
00085670
000A282F
000C8E6E
00021EAB
00079E1D
FFFCCE54
000A8A15
FFF69C97
0005655F
0001DF8C
FFF5F7B9
FFF74459
FFF44138
00071290
FFF6E4CE
000F69CE
00029970
0000D251
00060733
00072BEF
FFFD9C1A
0006641D
000CDA40
FFF761EE
00034FDF
FFF85FCD
00058B69
FFFC3FB8
FFF9D0E9
FFFE5B80
FFFCCF33
FFF143C6
FFEBB3FC
FFF02643
FFF7F57F
FFF8A2F6
0008731A
000B1EDA
FFFD3D4E
FFFDC69C
0003AB0E
FFFDA4A9
0007DCE6
000DB9E4
FFF92DEC
FFEFFF70
00052F71
FFF7210D
000397DB
FFF54D23
FFF93AF8
000CDB8F
FFFA00F0
0009BA0E
0009F10B
FFFF56D8
000AE1C5
FFFF7BBF
000944B3
00064707
00112A5B
00007093
00054D5C
000631A9
0009996B
00004C46
00047681
000400E0
FFFBB6E2
FFFF5856
001134C0
0003032B
0003FCF6
FFF89A79
FFFB2B3D
0006D9A2
FFF6ACAD
FFFA94D2
FFF6E17C
FFF32683
FFF54409
FFFC4E89
0004E97B
000B9064
0007C14D
00069855
000403B5
0009EDB5
FFFFA4B4
0003373E
000211E2
00074495
FFF9E201
00007A33
FFFFB45C
FFF94191
FFF6F7B7
FFFAFC66
FFFB7076
FFF82CCD
FFFC333A
FFFB4A24
FFFDB27B
FFF6714F
FFF3A87D
000174C7
FFFADBAF
FFF54CF6
0004B64A
FFFA4930
FFF21ABB
0000867C
000B05B1
FFFBC3D7
FFF89CBF
FFF7E2EA
FFFFF01F
000AB4D7
000FDA4A
000F1218
0006C3C9
00039977
FFFF2F52
00091D23
001461D2
FFFECFF5
00090066
FFFD2A5C
FFFFD240
FFFB50A7
00053D11
FFF702EC
FFF9779B
FFFCA53D
000AD280
0006A724
0004DB9B
0006BFDB
0002C6F4
000D717F
FFFE9EBA
0004D351
000B66E8
FFFC2905
0007B038
00089EB2
FFF6C914
FFFA897B
0007CEF1
000137DE
FFFEB674
0001B396
FFF2C9AE
FFFB57D1
FFF78F63
FFF66568
000254C7
00041899
FFFEEB7E
FFF43CDD
FFFD5ABF
FFF6F593
FFFA8B1A
FFF9615C
000048BE
FFFD706F
FFF80947
00061DE5
FFF62CA9
0009B00F
000877FB
FFFE5CE7
000361E1
0007EBD9
0005C05C
0004FD13
0005ED76
0003AE27
0013B66C
FFFB2169
000443C1
0009CA4B
FFFEB5DA
FFFA20D2
00009BD6
000233CF
000307D5
000BC645
000949CD
00003C07
0000467C
FFFC067D
0000EC21
0002466D
FFFFD925
0008A162
FFFDC189
FFF6C397
FFF1D8A9
FFFAF104
FFF7EA32
FFF3F8E6
FFFE58EE
000930DA
FFF96103
00102234
FFF8C17C
FFFF0F09
0003376A
FFFA9BA3
FFF8FE65
000D9756
00073B87
FFFF8477
00091EC9
FFF2514A
FFF934FA
FFFD7DFD
FFF4B32E
FFED968A
0003746C
FFFB0EB0
FFFB1EDC
FFFDBC15
FFF74FAD
FFFC0954
0000EB2A
FFFFF510
00151C98
0002715C
FFFEFA32
FFFB7E2D
0011EE9C
FFF6174B
000DB469
0004D9B4
0009261C
0003A66B
FFFD76BF
FFFF13AC
0002D296
00098601
00015FE8
00025487
FFF8C89F
FFF7D4D9
0003EA89
00047432
FFFA6F44
FFFE4D12
0006F364
FFF71939
FFF6298F
0005133A
000043EC
0006CBC7
000D4B11
0003FD37
000531D0
00105501
0003E6F4
00093D30
00117463
00018EE9
00013574
000EDE86
0002BE1E
0006DFC8
000090BD
FFFF2483
FFFD1062
FFF92B40
FFF7916A
00006354
FFF69F1E
00054E80
000322D4
0009949E
FFF67048
FFFF038A
00062E3D
000420D7
00081F3F
000AD69B
0002FA78
000C836C
FFFEEEB5
0000CB95
00038C48
FFFBF211
FFF389F2
FFF91512
0000719B
FFFD7E25
FFF82F88
FFFFDE21
FFFCC6C3
00083E6A
FFFC2592
FFFE9B24
0006A737
00091684
00003C39
0000EFE7
0007A38B
FFF4A0D7
0001B37E
FFF97EF2
FFFB1651
FFF56DE7
FFFF99AD
FFFDF872
FFF3B514
FFFA3D38
0001D525
0002058A
FFFF326E
00025ED8
FFFCE04A
FFF96676
00031895
FFF60805
FFF90DB9
FFF93F44
000E4C21
00091B25
00074AC9
FFFF6FED
FFFB712E
000D68B3
0004B6D7
001045BA
FFFA3390
FFF746BE
000068F1
FFFF87E7
FFFE5FB6
00016682
FFF87144
000BF2D1
00029ED5
FFF50792
FFFF4C61
FFFDE5AF
FFFE0F5B
FFF4A4D4
000E2606
FFFE1ADC
FFFEA3F7
000141AB
FFF8DC3D
FFFFA2F1
0005B9CC
00078A2D
FFF4A069
000E7A50
FFFC03A4
00047B04
000D8331
000306B8
00044FE6
00004A06
FFF29B97
FFF7F55F
FFFD0113
FFF46B55
FFFA5EF9
00075084
FFF9DAFF
FFFA4CFB
FFFBD330
0007E081
0008A287
0003EC35
0000E7F8
FFF656E1
000C4F15
FFF21D28
FFFD52A0
FFF25A7A
FFFDA1D5
FFF77892
FFFDFDDD
FFF34126
FFFFAC6B
FFFFF24C
0003A4E9
000270D2
0003FA9E
0000EA0F
FFFC1027
FFFAEDA5
000350B4
FFF5EC55
000D4DA0
FFFC72FC
FFFCB1ED
0002FD6E
0006103F
00075EA5
0009D13D
000329AD
FFFC417A
00042418
0007D088
00071AEA
FFFF4044
0006C4B7
000B3482
0007AD8C
FFF9835E
00098C97
000F1F3E
FFFB361A
FFF5B31E
0001B232
000325CD
FFF8EFAF
FFFF4F0B
FFFC9059
FFFB5209
FFF71910
FFFEE74A
00002F75
000178B5
00054486
000A2A1C
000AC071
0007D0F8
FFF79FE3
00096A38
FFF95502
FFFA5472
FFF96B46
FFF93E28
FFF60821
0001ABE0
FFFDBF9D
FFFD11D3
FFFDD876
FFFED4D9
00028200
FFF46A0E
FFF42441
FFF6264A
FFFC0AA8
FFF4F2F5
FFF46B6E
00070654
FFFB76A4
FFFDD3DF
0005A088
FFF4B5A5
FFFA005F
00075CB5
FFFF4F40
FFF4DCE9
00083417
FFF97C07
0000A316
FFFA48D2
FFF4712E
FFFB605F
000A4D34
FFF9DD98
FFFB886E
000B5A89
FFF9B7A8
FFFCEB51
000627CA
0006E9F2
FFFAEC05
00048B61
FFFBC426
FFF911DE
00078333
FFF5EB7A
FFFB2CC0
0005B3DD
00111A1E
000DF0F1
0003D6A4
0001F0F8
FFF6AEA1
0003175E
0002F35F
00079A85
000D03D5
FFF7DB68
0002722E
0002A8EE
FFF6A371
000A820F
FFFE0FAB
FFF8A35C
FFF3D550
0004937E
FFF1C772
FFFE1F17
FFFECBCC
00029802
FFF96E94
FFFD82BE
FFF471B8
FFF75770
FFF4B02A
0001CD80
FFF79D67
000BB339
00002BC8
0001ECD9
000120C0
FFFFB42C
00034776
FFFB261D
0007CD4B
FFFEA8AB
000CCA74
0005AA72
0007A5B8
FFFB9C5C
00062B9F
FFF8F330
FFFBC2A3
FFFD848C
FFFAFA7B
FFFAA0C2
0002BB54
0003E89A
FFF7B1E8
0002D28C
FFFCDE66
FFFFD2AC
FFFE5294
FFF619C4
FFFDC6A6
FFFDBFB6
FFF85C44
FFF86EB4
FFFEF90C
FFFBBB61
00075E4D
00047E2A
FFFDCB68
FFF987CB
00031394
FFFDC8AF
000D0DDE
0007403E
00033B36
0004E1CA
00014610
0003F9DE
00037EED
000AC8C7
00087739
000503EB
0005361D
FFF98F68
FFF5B601
FFFB5F95
FFF06E8A
00039277
FFF1FA8E
FFFCF8E8
FFF7DE48
FFF9EE83
00053DAA
FFFB77CA
FFFC80CE
0002B931
FFFA9722
0005AD85
0005799F
FFF95C42
FFF852D3
000DCEE9
FFFF1C67
FFF78D6F
FFF9F888
00005336
000F2296
FFF92E37
0006C297
0005D8EA
00082088
FFF269C2
000442A4
FFF3E523
0008CDD4
FFF8DBA3
FFEEE6A1
FFF799EE
FFF95764
FFFF2946
FFFE7C58
000DC814
FFF9547F
00000457
FFFCB384
00037D1E
FFFC65C7
FFF72FC6
000DB7E5
FFF63CE9
FFF48D34
0001D9B5
000B233B
00093535
FFF90D80
00001AA5
FFFFB229
FFFDCF02
00051EFA
0005A8E1
0004492B
00032343
FFFA4554
000E6102
FFF9FCCF
FFFBA83D
FFFE44A0
FFEF9F09
FFF48C14
0000C8DA
000EA5F8
FFF58D19
FFF4E7A7
0001D0F4
FFFE162A
FFFE3C5F
FFFB7CA6
00029FB2
FFF4189D
FFFEF126
00023395
FFF998D9
FFFE97B9
000787F8
00032731
000A66BD
FFFDC2EE
FFFEC183
FFF2A803
FFFB96C9
FFFB0842
FFFA6064
0000D816
FFFE1899
FFF6DABE
FFF52A44
00066C65
0005A1C3
FFF44B61
FFFC6F49
0001EC31
FFFB6C34
00051FBC
000ABCDF
0003CBE5
0004E451
FFFF52F2
FFFA9849
FFFF334E
000AB6E3
FFFFEE4A
00022C20
FFF8644C
000554C4
0003975F
0008610E
00040958
0002D9B9
0001CEBC
FFFA259E
000BE2AE
FFFEA3DD
FFFE013D
0006E17B
FFF8D2B6
FFF701EE
FFFD0938
FFF734F5
FFF7FD3B
000C35B3
00090A21
FFFB64D8
FFF11E22
FFF5239D
FFFDA7F2
000936B3
000325A4
FFF34827
00000B11
0004CE94
FFEF18A3
00023F30
FFE5E710
FFF46961
FFF9B370
000065FB
00031E3F
000D89E3
000A3765
FFFE23E4
FFFBB255
000A6EA7
FFFC2C55
0006A30B
FFF97C90
FFF7219B
000553DC
0009DA75
FFF440EE
FFFC4128
0007E50E
00016169
00018014
00064DA8
FFF56E69
FFF6E990
FFFCF58B
000041D2
000A0CBF
FFF763DC
FFF8FCA7
FFFF9D8C
FFF4B724
000ACEF3
0005A194
FFFA3474
0007358E
000CE8CD
FFF72E63
00072CFC
FFFA5C37
0003EB1B
000D1963
FFF9E1E3
0008AD95
FFF91793
000A76DD
FFFBA86D
FFFEED02
0001074C
FFFCBA9F
FFFDE7F4
00041FBD
00032579
0003F554
000144EB
FFFB29C2
0003B135
FFFEFF45
000491FC
FFFDB148
000582AA
FFFDA100
00021AE6
0001A1D2
00053F7F
FFF677C6
FFFCD19F
FFFC3A21
00039664
000238DB
FFF2EE47
FFF7A85D
00014D3D
0000197A
00076908
FFF88CD7
000003CC
00070A72
000964C9
FFFBC49D
FFF52A76
FFF662BC
FFF79B50
0009C92E
FFFEB73A
0000747E
FFF950B5
FFF44D90
FFFA967F
0003AC4D
0004AEBE
00068617
FFF3A971
FFF9EA9C
FFFA32FF
FFFBA08B
FFF89EC1
FFFC78E3
000C8134
FFFE98FB
0003EDF7
000C7AFA
FFF8A3A6
FFFE530F
FFFD0DE8
FFFC0D76
000A0F14
FFFF06A8
00089B4D
FFF50142
FFFE767E
FFF77A30
000589D5
FFFF163B
00048017
00014030
0008F917
FFFC2D04
FFFD84BD
FFFB4C66
0005F1A8
0009C93B
00072D59
FFF261AA
FFF9C9AD
0001ACF2
0010B907
FFFA5D02
FFF47093
FFF5912B
0006943E
FFFF9C3B
FFF88D46
FFFFC771
FFFD214C
0004815C
FFFE1F2B
FFF84903
0006B702
FFF98595
FFF65C26
FFF6B951
00010762
0008DDFC
FFFD1F20
FFFF8C01
FFEE1AA3
FFEF0E63
0005D4F5
00069F89
000B15B0
000071C8
FFFB55C8
FFFAEF00
FFF13C83
FFFD3696
0003D69A
FFFDC9FF
000A47BB
FFEECA56
FFFBDA9F
000B40E4
00021B22
00054377
FFF45AFC
FFF92FA1
0008478C
FFFC4423
000B2160
000D4E71
FFFEAD0C
0002FDCB
FFF83909
000B8238
000F93D7
FFF9D936
FFFBAB62
0008D00F
0008C385
000A6F4B
000B3E0E
00062E9F
FFFDE2D7
0002E3B4
0000C8A2
0007E036
000675E5
00004C6D
FFF19F10
FFF84A27
FFFB564C
0009BE3C
0004D3E5
FFFC6FA9
000097DE
FFF9C53E
FFFA5DD3
FFFD4810
0003B3EF
FFF23B97
FFFBC110
00068AC1
0004B023
00027EA8
FFFF57F0
0000430A
0006FACB
00057F27
FFFD0AF5
FFF41613
FFFBAFE9
FFF9E2F5
FFF65C80
FFFC3089
FFF8FE03
FFFDE62A
FFF9F3A6
0008508E
FFFF19AB
FFF92A3A
FFF8D039
FFF850E6
0004C651
0002D51F
0007833E
00002EE6
00026318
FFFC68DB
FFFC31E4
00076BAD
FFFFBD46
000688E9
0002B627
FFFE9159
FFF80FED
000A9C5C
000B19A8
FFFD3ED0
FFF5B8BD
000819EB
00063F83
00071102
000BBF00
FFF81549
00092F38
0011B3BB
FFFEB1BF
00018330
FFFA9CDC
00029877
0004A686
00031151
00004A7C
FFF8EEE5
FFFCBCE2
00007CB7
0006992B
00099545
0009B138
FFFE1DCF
FFF9A2A8
0004720E
FFFFAE05
00068462
FFEFB0BA
0008CFDA
00071B35
FFFBD66C
00017BDC
FFFF39E5
000FBCCA
0000AEF1
FFFD1E92
00054D5E
0009CF6A
FFF3910A
00019EDE
FFF6020B
FFFB0320
FFFECE5A
FFFE97F1
0005426C
00033919
FFFF5A3C
FFF5A6BA
FFFBF64A
00048B12
00023D9F
FFFDDF12
0000AC55
FFF5AB76
FFF4A336
00027640
000A726D
000465C9
FFFB84AF
00072BC7
0003D451
FFF73EE1
FFF69402
00080F26
000877C2
000112EE
0003CB5E
0002A4D2
0008513B
FFFB9155
FFF6A5BD
00074066
FFF9274E
FFFFB735
00012FF2
0000B684
00069C72
FFFD764B
FFF4025D
FFFD20D0
FFFF3AAB
0006E547
FFFE032A
000A47D6
FFFFC365
0001DDB8
0006D307
000ABC96
000B9037
0000C149
0005F7F9
FFF82A6A
FFFFC753
FFFA0C4C
0004DAA5
FFF83668
FFFF8BAC
000A50B0
00025574
0001F179
FFF40E1C
FFF89E89
0001F019
FFFC916C
0002C1E7
00043573
FFF8A39A
FFF97467
000B12F1
FFFC7FC4
FFFF3DBA
FFF903D8
0005F5DF
FFF7A657
FFFB2E2D
FFF49A89
00068DA6
FFF45D88
FFF3EDEF
FFF6FFFD
0000121C
00052520
00061976
0001B0EE
0002CC58
FFFBA26C
0004CCC4
000C3EBB
000D2673
000C1632
FFEDFE89
FFF91B97
000DD4D4
0004DD6E
0005C821
FFEFAED2
FFF3A214
0008B0CD
FFF5313D
FFF558BA
00036C60
000E1AA2
000A78A1
00009B08
0005D9D6
FFF99BAF
00053D9A
FFFDAC7E
FFF69308
FFFB7003
FFF706C7
00010CB7
00065F1D
0004E8FD
0005B826
FFFA64F0
000229E0
FFFBED2D
000679C0
00012275
FFFC274A
0001E7FC
FFF9C4E5
00061641
00019A2F
FFFCA899
FFF8A254
FFF83C62
000A70CE
FFF97524
FFF69DAD
FFFFF9EC
000972DC
0004AF0A
FFFEA449
0006FFC4
FFF42D53
FFF45FE7
00060EF4
FFF940C0
FFFFF7B9
00001AE2
0007DE2F
00089A21
FFFB30DA
00067253
FFF95ABE
FFF5EF3E
FFFADF7B
000924A5
000B127A
FFFB6B33
FFF749CE
FFF37749
FFFC762E
FFFB4623
0000A923
FFFB7F52
FFF7C82F
FFF8DE1F
FFF6FA36
000361D4
FFF3BD1D
FFFDA0BE
0003F985
FFFB87AB
0009FEBB
00005F64
FFFEA907
FFFD9882
FFFCE07F
000001EE
0002F475
FFF7718C
000643DE
000192CB
0006A9A3
00044FB1
0002069A
FFFDE16B
FFF82BD0
FFF0BBCF
FFFAE62F
0006C221
FFF61915
FFFC21BF
FFFB2D29
00014D3B
00037FD2
0001B8D6
FFFBC636
FFFF002E
FFFECCF8
FFFA198D
FFFFD270
FFFB4670
000548BC
FFF5E86C
0000DB46
FFFFB4ED
FFFD37CB
00014DEF
00022A9F
FFFEBE35
FFFF165A
FFF69300
FFF6444D
FFFB232E
0000DE52
FFFB19CD
0004264D
00039AC7
0005DADC
FFFFF90C
FFFE31E9
000A6B8E
000F58A5
0003B15E
FFFE283A
0001F4ED
FFFA98C5
FFF88765
000B2D78
FFFB4E0F
FFF988B3
FFFD23F5
FFFC2C39
00040282
0001C93F
FFF941CC
FFF0539D
FFF63548
00006C39
0007D4E5
00057C2F
00011296
FFFB8509
FFF91031
000165AB
000409F5
FFFF9BB1
FFFB453C
FFFDCB97
0002D1B8
FFF62F10
FFF2B3F4
00003B27
FFFD45E6
FFFB7DAC
FFF8EB8A
FFFEB23A
0000434B
FFFB64BD
FFFAFEBB
FFFCEF1A
FFFE4629
FFF7CE3A
FFF554B8
FFFDC642
FFF9AE83
FFFBB9F0
FFFE3C30
0001A830
FFFBE191
000017ED
FFF94B07
FFFB9E20
FFFFBF51
FFFCA2A1
00029F12
FFFB6601
FFFEDB28
FFFC2A74
000678DD
FFF9E5CE
FFF80316
FFF2F9EE
00090FA6
0006613E
000506D0
00041A56
0002CE6A
FFFF058F
00089CD3
0003EB38
FFFB0575
FFFAFB60
00022009
FFF5F8D6
FFFEBCA4
0003A1F0
0002B31E
00095802
0001FD47
FFFC5190
000A97BD
00098DCB
000757BD
FFFBD0FB
FFF95CCD
00046ED8
FFF890A4
00012CA7
FFFE8C93
00065510
FFFDE611
00098656
0006C05F
FFF3A6D1
FFFFF42C
00062FA6
FFFC09E4
FFFD8EAE
00023CA6
00041006
FFFCAC36
000370E4
FFF506C2
FFF98285
0000B979
00004349
FFF834B5
FFFDB7E4
000308FE
000287C3
FFFD76EB
FFFCD49F
FFFE31AE
FFFC206E
FFF99D36
FFF574E1
0002E242
0005B7DD
FFF96D3A
00026468
0000C9DE
0001BE3D
FFF9133A
FFFD5378
00016C80
000290CB
00053E39
00088BD0
FFFACCCD
FFFC944B
00083632
0002D9D6
FFFBE643
FFFD88AB
FFFA46DF
FFFECD47
0000BB54
FFFDB2E1
FFF62681
0006A9B6
FFFD017F
FFFC976A
000283E6
FFF9E311
0005625E
FFF9AF26
000086CA
FFFEC6E9
FFFDAAD0
FFFE22F3
0002766B
0001BC94
FFF9EC30
FFFA29E1
FFFE8A8A
FFF8FF8D
000A9D08
00051B47
FFFB1EEB
FFFFB34D
0002CDA2
0003516F
0007E4C2
FFFF0529
FFF4F6B2
FFF96874
FFFC8857
0008B26F
00066996
FFFCC521
FFF3638F
FFFB3C07
000069C1
FFFD2EF4
0001B11D
FFF7424C
FFFC161B
FFFF4C81
FFF64D82
0006E6CE
FFFE1368
00049C18
000416C9
FFFA6EFD
00000C7F
FFFDF902
FFFCDA1E
FFF7E62A
FFFD8D32
0006AC8B
FFF92B9F
FFFD4DD0
00013809
FFF6DF85
FFFB56E9
FFFBEB72
FFF98A6C
FFFD2C63
000432F5
0000853D
FFFE684A
0005F8CA
000408E7
FFFC46C1
0005CE5B
FFFA4C53
0006AB81
FFFEB902
FFF9241E
00017766
FFFCFC3E
0003D63F
FFF2CE43
FFF91124
0005243C
FFF8FB16
FFF209E4
FFFC058E
FFFB1E86
0003CF5D
FFF8919E
FFFB316F
FFF710FD
0002DF32
00094A64
FFFAB790
00098B74
000AF3F4
0000AD6C
0004107C
00027156
FFF8980A
FFF5C3C5
000B3316
FFFB0394
0003B404
FFFC591B
FFFE2353
FFFC10FD
FFFBB4FD
000362B1
FFF9B948
FFF663C7
FFF547CA
FFFEF765
0001A843
0001A2CD
FFFE6E9D
00032814
FFF34C27
FFF8E519
000B0549
000251AB
00020AAB
0006DA7D
FFFBA2A4
FFFF272D
00056E86
FFF9F819
0005E5B4
000AC7D5
0000C523
0004B93C
FFFEFCED
00023955
00095ADA
000345A5
FFF8CA66
FFFFD586
FFFDFEE0
0008E5CD
FFFF2FF7
FFF7A989
FFFD2AE5
FFFCFF31
0004899E
0005E387
FFFB3A09
FFF5F670
FFF36BA5
000316DE
00036574
000101C9
00009DF0
FFF6ABE4
00024523
00025F0A
00023A9F
0003D242
0000CDC7
00041AAC
00057C6D
00043CAD
FFF9CE63
000442DC
0001C24E
00044293
FFFF6247
FFFF96C2
000A0880
FFFEA6FC
0005F447
00015F9E
FFF506A7
FFF342CE
FFFB1905
FFFA3200
0002B206
FFFCEDD0
000734F7
0002B1B8
FFFA463D
00077B7D
0000A89A
FFFBC72E
FFF9455B
0004DB7E
FFFD4CA8
00043DFF
000109AA
FFF910DF
0004E95B
00029409
00037A1F
000323B5
00079506
00041C70
00004213
00074B94
0006A3C5
FFFEF9EE
00000563
FFFF891C
FFFAD522
FFFF24F4
FFFA702A
00046FDB
00095801
FFF7244C
FFFE899D
0003EEEC
0003F012
FFF21805
00078175
FFFAA9AC
FFFE0F61
00068259
FFFAF327
FFFA3F7D
FFF3E1AB
00048787
FFFB9D95
0004211F
00044C18
FFFA9C6D
FFFC9E0B
FFFFC264
FFFA217D
FFFFDD24
FFFC39F6
0000EDF5
FFFD1EE3
FFF68FF3
FFFE5D38
FFFE24A0
FFFCCA7A
0000B34A
FFF8BFBA
FFF2E9EC
FFF87B16
00021B80
0003D895
FFF4BF1D
FFF475E4
FFFA20DE
FFFBFD5D
0003A18B
0003CEE1
0007C0EA
00004156
0005733B
00075A6F
000466F3
FFFD3F4E
FFFE4A1A
000392D8
FFFE52E9
00069ABE
0005BAE5
00058D59
00040700
FFF832F4
FFFA555E
00038476
FFF968E9
FFFF83D4
FFFA9ECB
000531DC
FFFFDF77
00043E44
FFFFD354
FFFD41FF
FFFA1E8F
0003260A
FFFE3360
FFFE2147
FFF946F8
FFFEF8C0
00070650
FFFB5F6C
FFF7F5F6
0002205F
0003FCB8
FFFA20E4
00029DCA
0000FECA
FFFAFFCE
FFF947AF
FFFB2561
FFFA652D
FFFA6DDC
00013194
FFFBEE72
FFFDDB06
0001EE11
FFFFAA73
FFFE1994
FFF9F8D7
FFF8E31B
FFFD972A
00004A1A
0001FF75
FFF8F7FE
FFFB7FEB
00002ECC
00008704
FFFF78B4
FFF5C7AF
000404CF
0002D3BF
FFFCE78C
FFFEB55F
0008731C
00012618
FFFF4000
FFFAC138
00013A39
0003BBB6
FFFC49FC
FFFA1DBC
0007595E
FFFDAB41
FFFD0128
0001166E
00069871
FFFF2F16
FFF4C7D3
FFFE19FC
FFF875B7
FFFD2642
00044B69
000757C9
00074EB9
0007507A
FFFB026D
FFF7B417
FFFDBC60
FFF9D4A9
FFF58A07
FFF7C701
FFF3C76F
FFFBFD45
00026B7B
0000CEE6
00055DF3
00008187
FFFE5EE4
0001B201
FFFF4C40
00026333
00023AFD
FFFE07BD
FFF49440
FFF96CB2
0006DC4E
FFF86C43
FFFC665C
FFF9A585
0003C8D2
0004988F
FFFE8CD4
0001B5EF
00004A03
00047E32
FFF59192
FFF93E3E
FFF863AF
FFF48A1A
FFFDC600
FFFEB8A7
FFF83F93
FFF925E3
FFFC81BA
00082F97
0005D0BF
0002CC66
0005DDEC
FFFDB050
00040385
FFFB470B
000888C9
FFFD227D
000091BF
00073FFE
FFFDB197
000414E3
000258D2
FFF8412C
FFFB81D7
FFFE848D
FFF7AAEF
FFF99B0A
FFF6AA3C
FFFAD080
FFF71861
FFFE0011
00066071
FFFD0885
FFF53419
FFFD8485
FFF920B8
000B6911
0006092D
FFFDA8B9
000C7187
FFFEDE4F
FFFFF431
FFF76F58
FFFB55BF
000EA9B6
FFFABB68
FFFD261F
00060217
000964B9
FFF3193A
FFF80C8E
FFF85912
FFFC1257
FFFA6136
FFF59CE4
00084118
FFF7A630
00097BBF
00082D1C
FFFEC9F0
FFF16C7F
FFF1ADA8
FFF97229
0000C426
000015F4
FFFCD1C1
00065F9D
FFF4FD60
FFF60F6A
FFFBCBC2
FFF12DEA
0000FB4C
FFF5FED4
FFF112FB
000AF330
0008AD8D
FFF53435
FFFB7DF3
FFFF4E92
FFF71ACE
000CFBE6
FFFD77B8
FFF74D6E
000A9973
FFFC573D
FFFB3D5C
000B5A15
0002A677
FFF8E7A4
FFFF6FF6
0000300C
FFFA6F6C
FFFBF9DD
FFEF4E2A
FFF59840
000A058C
0003F9D9
FFFDD41A
FFFEC53D
FFF5759A
FFFB7162
FFFCDC89
000671D5
FFFD6030
0001026E
FFFA1458
FFFB76B8
0002E0AE
00052C3A
FFFF79F7
00019092
FFFE7A2A
FFFF99EB
FFF64B02
0006A74C
FFF39DD6
FFFF04DF
FFFCE869
FFF88538
FFFE1721
00020888
0000D8DD
00063929
0009D02D
000A5AB1
00000489
FFFE82B9
000FF32B
0001B26C
0001BC7E
FFF3D29B
0006E95E
000BD944
0003E2E5
FFF69E52
00038449
000292EA
0002B25D
FFFA2C61
FFF5AAB8
FFFDA6EC
0009CAEA
000A5F99
00021B36
00022BED
FFF0738D
FFF9F97F
FFFF0B34
FFFFB864
FFF46610
FFFDC4D4
00030CCB
FFFEC423
FFFF4B4A
00021079
0001FB42
0004A3F5
FFFDE478
FFFF9C01
FFFCBE8C
0000C342
00083503
000BEBAA
FFF5280F
00033E6B
FFFC7E7D
0005692C
000CE5BD
FFF8230E
FFF233AE
FFFF1B0A
0008C55B
FFFC4AF9
00052750
000BF981
0001049B
0005236F
0001F3D2
00081C3E
FFFE22EC
FFFEF4FE
00000736
FFF757CD
000E7669
0005FBD3
0000BE11
0004E4B3
000C4FFC
FFFF53AC
0003BA17
FFFFCA49
0005EF6A
FFF3BFB1
000C85A9
000160E2
000A9F87
0002897E
000710D5
00056D34
FFFF4731
0003124F
FFF8AD7D
FFF7FD29
FFF8B8B7
FFFF75DE
FFFF006A
0009B917
FFFB48BF
FFF7F9D4
FFF6B120
FFFDD6F1
00077841
00084222
FFFE86C0
FFFDCEE1
FFFF05DE
00077C0C
0004677F
FFFC3B5A
FFFE90D2
0008B802
FFFF3DB8
FFF95BFA
0001D733
0001EA9F
FFFFF5B0
0001B8C9
0005BF2E
FFF7B527
000E9420
00041C79
0008D534
00085AB5
FFFC990D
FFFB51D7
0005BDD5
FFFA8AA7
FFF37B7E
FFF3A8F5
000BFF1D
FFF74640
00086203
0005691F
FFF74192
0005D837
000DAA14
000CC60F
0003E00D
FFF6D22D
0003966A
000553D7
00003BEA
FFFBD476
FFFF2F91
0002B29C
FFF0D08F
0000C553
00078048
FFF0730E
FFFB7030
00045CAD
0001731A
FFF8E1DA
FFF9EC05
FFFC179B
FFFD5771
FFFE2148
FFFA3177
FFFFCB2C
0004B1DB
000D5B08
FFF9A51F
FFF634FF
FFED5BED
000ADBA7
00094E6D
000D2C66
FFFA08C0
FFFE98F3
FFFA65C6
0005A61D
0006CF0D
00048386
FFF5F1C2
00012F89
FFFAB486
FFFB0048
FFF87ADD
FFFEB160
000B2772
000B806B
FFFCCC7F
FFFBC8CD
0009F94A
000C76CC
FFFE1236
00032631
0009D19B
0005522B
00014931
FFF06706
000599E2
000DD49B
00058AA1
FFF47651
FFF779BC
0005318F
FFFD39D9
FFFB9B09
0004695A
0007A12D
000645F4
FFFD8E92
0000B648
FFF18A58
FFFE6A7F
FFF15C68
FFEF3CCC
FFF50262
00001C0E
FFF9EF02
0000DAF3
FFF0274E
000098AA
00024BB2
00143C09
FFFD7D3E
FFFD8F8B
FFF9F57E
00050E59
000BC91F
FFFB3FC1
00028273
0004345B
FFFF06A9
0001E1E3
00086AC2
FFFBFAC7
FFFB8245
FFF842E0
00039E2C
FFFF6B44
FFFEDCA1
0009B1F5
00026BAC
FFFD3F38
00094E1B
FFFCD89D
00055B3E
FFFFD69F
0000EF12
00006F8D
FFFB2937
00051A20
000D6C58
00025005
0002D0E7
FFF920A9
0000ECB0
FFF8A57C
00119A6E
FFFFEE60
FFF9DC1D
0003ED2B
00022C93
00038170
FFFC6006
FFF62FDB
0002B230
00013D9D
FFFD31C0
000013EF
FFFF861D
00016634
000884FB
0008A2BA
00085BE8
00073DAA
FFFFBE31
0004BDC4
FFFABA8F
FFFB9257
FFFED5C2
00070654
FFFC4546
00091AE5
0007475A
FFFDDB0A
000404FD
00024F7E
FFF9E1F4
00039456
FFFFA0D5
0004146B
FFF401BD
FFFE3917
FFFBB47F
0001A612
FFF7F0DA
FFFF393D
00039D98
FFF94011
FFFF8AC8
FFF999BE
000B1796
00019771
FFF669F2
0001E343
0005E28A
FFF5B1B1
FFF4CD87
00035719
FFF323E3
000484C3
FFFD1D86
0004904F
FFFB003D
00041B7F
0004F7B2
00029723
00000429
FFF7EE8B
FFF5C5B8
000659B7
FFFAA2D0
FFFBC1B4
00093E0E
FFF3FE00
FFF8E4CA
000389D3
FFFAE684
000DDEFA
0008328B
000849FB
00072ABE
0006E019
FFFD3178
0009F2F8
000B43C6
0005FCE6
0002B202
00080737
00078DAA
0000295B
FFF9CF73
FFF9F670
0004236A
000D3199
00010325
FFFFCA1B
FFFB872E
000736DC
FFF2B2DD
FFF365DD
FFF9A158
FFF46FCF
FFF8993D
00048AE5
FFFAD971
FFFD9AE5
FFFA133C
0006E0E3
FFFEE60E
000A21FF
FFF813E1
FFF77D09
FFFA699F
0002C4A1
000AFBCC
0000C5ED
FFF6636A
FFF0DA45
FFFE509D
0000FC3D
FFF378B2
FFF30DB1
0001BC39
0003C555
FFFEE0B5
00005A6C
00052CE3
0007EA0E
FFFBC61F
FFF6CA5A
FFF4379E
FFFFFD7F
000A7B48
0006ADB1
00094B66
FFF9505B
000770A9
00094F09
0003F064
0012D986
000794B5
FFFB64A4
0005504C
FFFC2A78
000563E3
FFFB218E
FFF8D875
FFFCAF66
FFFE4632
000FA37A
000B12DE
FFFE3A12
000566ED
FFF6C772
000D40B7
00079560
0002452D
0007DC94
00026814
000499CA
0005E98E
000390AE
FFF6E154
00089B98
000685F4
FFFD3010
000158BD
000C6D2D
000100C3
000B356D
0001818D
FFF71949
FFFE07B1
000B2D12
FFFD55D0
FFF77408
FFF70330
FFF3AD12
0000132C
0001E04A
FFF94FB5
FFFB30A4
FFF4759B
FFF84595
FFFF0715
000742FD
FFFD70BD
00091804
0004F187
FFF57E95
00041E72
0008612D
0000B5E1
FFFAC878
00048FB2
FFF767F6
FFFEB444
FFFCAB10
FFFB1C2A
FFF81B01
0002CE97
FFFE4655
0000A007
0009B097
0000510D
FFFD730B
000B0452
FFF7A2C3
FFF88A1F
0005DDB5
000CF355
FFFB9539
FFFD23A6
FFFF673E
FFF72D35
000620B3
FFEEB3CA
FFF76A63
FFFEB830
0002940C
FFF42428
00081D6D
000358A5
00017AFF
FFFD2AFA
FFFF378D
FFF9D15D
0004F781
FFFDFBB5
FFFB421D
0001168E
000479A3
0004E923
FFF5E452
FFF7495E
FFFF9245
FFFCC9A8
FFFE3B3F
00009C9F
0004B2DD
0001D45C
FFFE49C2
FFFBA274
FFFC2820
000309EF
0000711A
00010772
0000E596
FFF8DAF0
FFFAC36B
0008814E
00075F04
00014FF1
0002A8A1
FFFA6175
FFFCF393
FFFF1BEE
00006250
00095C8E
000DE921
000DC50C
FFFC1ECF
0000D5F9
00007034
FFFB7D35
FFFE1BF5
FFF59FAF
FFF5E27D
FFFA0E64
000A6A01
FFEDB6C1
000B0CE8
00031141
FFF946CE
FFF94256
FFF9A293
FFFE65A8
FFFCB408
001376C3
FFF485D7
000B54CD
001036F9
0008D7F1
FFFF8183
00059203
000A64EE
000E4915
FFFE860C
0013B7B1
0009007D
00068212
000147B0
0010ABD1
FFFFEB6D
FFF57C18
00098A64
00125553
00101E65
FFFFB755
0006DE38
0007E8CA
00003E61
FFF53570
00069934
00060AB2
00061D5E
FFFDBA75
00062A4B
FFF81710
00040D70
FFF22FF9
0008A598
00127A2E
0010705F
0011AE2E
FFFB060E
FFF88F53
0002722F
FFF9CDEC
FFFD9806
0008B34B
FFFFBFAE
FFF77706
00000271
0002BD62
0000E1F6
0000CB51
0011BF02
FFFDCA64
000A44D4
0009C3E5
FFFD8267
0008AC1F
00056393
00040215
0005BF91
000C100B
001307D8
FFEC0605
00087870
000B3989
FFFC9A04
00045F79
000B7470
000D3243
FFF9F0CD
00049C1F
FFFE441F
000868A5
00096BC6
000C3B17
0003F1E0
00012F45
FFFCC7AE
FFFE90CE
00039F6F
0001B36A
0001E1A0
FFF70AE0
FFFF34F0
0002309C
FFFD2932
000B92CA
FFFC231C
000A451C
FFFD92A1
FFFCA52A
000C461D
00032F99
000B0554
FFF7D0CC
000B5EF9
FFFB9799
00025A23
0006F68F
000B4D44
FFFFB33A
0004EC50
FFEFD26C
FFF9ED00
000E8357
000028AD
FFFE4432
FFFE9494
00045841
FFFB0F5B
00063A23
0003F9F3
000CC698
000FFD8E
000B4977
0005C534
FFF1A806
00037ACF
FFF11B4D
FFF634BF
0006C3A5
0005C76F
FFFB85CC
FFFC4A25
FFFACCCC
FFFC6566
000DA33D
00000EC0
FFFA603C
000C659A
00042DEB
000D7A4B
000A2ECC
FFF8CDB8
000981C0
FFF59C3A
FFF62CFA
FFF6FE98
FFFEEADC
0008217E
00062A26
0004F32A
00031ABA
00032EA1
FFF199FE
000D65A9
000A6D1B
FFFA94EA
FFF3F868
FFFF064A
FFFBEAD1
0003F9C0
00027610
FFFF8500
FFFE90DD
FFFCC60D
FFFF6C53
FFFAF3EE
FFF19C8F
000D9421
FFFB4D8E
FFFA83D8
FFFB196D
FFFCE051
000581CB
0006BD89
00075CEF
001756D5
00069DD0
FFFE0B0B
0008CA8B
FFFF339D
0004694E
0010C29C
FFF3CCDD
FFF545BA
FFFFA35A
000F62D8
000A07BE
0005C60B
FFF72EF8
0000ED10
FFFAB62D
FFFC9BD0
000C3FCA
FFFF9B42
FFFA2963
FFF7DF23
FFFE64E6
FFF7251B
FFF74321
FFF2EE38
FFFB3EAD
FFEE5968
FFF7B382
0000FE33
FFF3039D
00073C36
00073DB0
00088D38
0018FEA1
0019C008
00123331
00082F54
000A167A
0010346F
FFF361C1
FFF7D107
FFF475EC
FFEECE41
FFF3FB47
0002D5BD
FFF9EFF7
FFF386A1
FFFE683B
0010FFD5
0004EC80
FFFE9D95
FFF32468
FFF740A3
FFECD0EC
FFFC11E3
FFFE903E
000719B5
0009979B
FFFC56B4
FFF8AC1C
FFF636B8
FFF8B7EE
000B8E67
00044D91
FFFEECF6
0001392F
FFFE797C
FFF906AA
000BFC08
000D9255
000E0666
FFFAD37B
FFFE3E69
000C88C5
00126331
00018D23
0010E9F2
000D2F67
FFF65183
000A7A3D
FFFB2339
0004777C
FFFD4C8C
00109D11
FFFBB60C
FFFB4F31
FFFC9714
000477D4
0007CA4B
00064385
000E0C70
0001927F
000A4848
000AEADA
000BA2CC
00033CB6
000F731C
00140D79
0017146E
000E174B
00025C21
000007E4
00041C25
FFFD0C5D
0009D061
0003C096
0001C8EB
00041F53
000C80DB
0002E4BF
0001778B
00036161
00021D0D
FFF71A60
0007DB9F
000DFC5D
FFFDCF6E
FFFBEBA6
0008ABC8
FFF4D67E
FFF09354
FFF33153
FFF919CD
FFF509E3
FFF15BE5
FFFE70EC
FFF4F66A
FFFACA4E
FFF9D80D
0003BD8A
000484F1
000455A0
0000217D
00007E44
FFFF26B4
000D5122
0002DDC7
0004155A
FFF44C08
FFFF4247
FFF8589B
FFFD634A
0001CF33
FFFC08CD
00004DC3
FFF7722A
FFF84B37
FFEEB25F
00015B8D
FFFEC6CC
0007C810
0006292C
0005E341
FFF97EC9
FFF9D452
FFF86AD5
FFFBB6A7
FFF3AEC9
FFF92F24
FFF6D5CD
FFF90F92
FFEC75DC
000092B5
FFFDE42C
FFF7BBB8
FFFB1C91
FFFCBD78
000A1571
000991E0
FFEB228C
FFFCA483
00013A71
00075006
0008DF8A
FFFD4C2A
FFFCA42D
000599EF
000B67A2
0008CD57
0002B1B2
00146CA9
00078397
0006B04B
FFF4BC63
FFF23268
FFEC7464
FFFB7F68
0008F58F
0006FEBB
000EDCB0
00071462
FFF71743
FFFACFA6
FFF2E0D9
FFFA2AD7
FFF4F00E
00056DBB
FFF8456F
0009DA4E
00064767
000CE61D
0001B067
FFFD54C7
000E23B8
0010F48B
0001B2D6
0011E59C
00003D78
00164AD8
00020B4E
FFF3B8DA
FFECFA6C
FFEAD188
FFF06C57
FFF7D2E5
0002496C
FFFC5CF3
FFF18F7A
0000F7FA
0009DFE4
FFF894FB
00061107
00087BFD
FFF9E617
000796D8
000E26B5
000C7F56
000BEBEA
00001459
00046BAF
000DF589
00012AE0
FFFFBABF
0007E858
001461CF
000D7DF6
FFF6DC60
000FD131
00015A37
00143DCB
FFFB6335
000AA04B
00009CF3
FFFFF086
0004A421
00027AF1
FFF611E1
FFF2AA93
FFF89DDE
00037F46
FFFF6905
0005302C
FFF4041F
FFFB3AD5
FFF7FCA9
FFF24F8F
FFF20BC9
FFF6519A
FFF9BB37
0001600B
0003BD7C
FFFEDFA2
FFEEDEC8
FFFF7DD6
000385AC
00039F86
000E5FA2
00151B9B
00056967
00064E4E
FFFB6BCD
000A29E8
FFF6DE62
FFF6CEC1
FFF6F39F
FFFB5F72
FFF54076
FFFFC7AD
000BD1B7
000C10AE
0000690F
000971CA
FFFA1540
FFFFE003
000451C2
FFF61A31
FFFCC0C1
000BD99C
0005A345
FFF62E84
FFFFEE23
000B7688
FFFBA34F
FFF99D34
FFFC7982
0001709C
FFFFFE3F
000A2386
FFFF0C0A
00066441
FFFA98B5
0008BACE
FFF63B06
FFFB14C2
FFFE5A2A
00034B62
FFF67E8F
00121CBA
FFF8C76B
FFF1007B
0004DE68
FFF0EE9A
0004E4D3
FFFEFA07
FFF34878
FFFEE559
00042CD7
0003F651
FFFDAEDF
0004BB88
000875F2
FFF82E67
0005A98F
FFF785EF
00012ADF
0000D3D0
00099A6A
FFF7FC6C
00041D85
000B67C3
FFF88B7E
FFF7FF7C
FFFFF7B7
0006C8DB
FFFF55C8
0001B5F2
FFF87EE3
FFF85A88
FFFD439F
000565F9
0001C382
FFFE2462
FFF667D9
00062454
FFFDB3E3
000CD107
0016596A
0001A144
000AE75B
00033832
0006E852
000FD101
FFF70BAE
0006E0C8
FFF0D587
0008D1DB
000A96BB
FFF8106D
FFF2ACB4
FFF76BB0
000C95E4
00058C7F
FFFF4ABB
000D68D3
000DC381
0001C1AA
00111346
00168DD6
0017D04D
FFFF9630
00132D0F
000AE425
00077CED
00037CBA
00033FB5
00056556
00156BBA
FFF80DCD
00052EFE
0003CDE0
FFFB5276
00137B9B
000E96E4
000C408E
000897E9
000FA4FE
00160073
FFF9F710
0007ACD8
000A7434
000283A9
FFF57F5B
000328D9
FFFC0FEE
000355DE
FFFE500E
000178B8
00018665
000331C3
FFFCC2F6
FFFDE42D
00071027
0003486E
FFF400DD
00010A98
0004034A
0005A12B
FFFD41F1
00021264
0006B224
000332D3
FFFDEF36
FFFB53D5
0005193C
0001FACA
000AA3A0
0004D1EB
FFF91A0B
FFFF9AED
00013B95
0001BD41
00097972
FFF546A8
FFFFE67F
00021347
FFFBEE92
FFFAAA80
0002707A
00024BCC
00042730
00043E3C
00061E90
00092575
0006ABA6
00023436
FFFCDAFB
FFFB842B
000360B9
FFFE0868
FFFCE113
FFFE5FAD
FFF9A6CB
FFFC1C7D
FFFCF963
00008B85
0001E0B8
FFF9B135
FFF8E742
FFFCBFB8
000410B3
FFFBCF78
FFF80302
FFF7DA6C
00036C48
00000F84
FFFFFF05
FFFC60A8
00024C36
FFFAD70D
FFFC8246
00019A1F
FFFFEB18
FFFC593B
FFFC62DD
00009094
0001AD28
FFFFB5C3
FFFF14ED
00023DEA
00004B34
FFFFEC16
000367DA
0001A755
000435D9
FFFDE21A
FFFC43EA
00070C61
FFF77262
FFFFAA4F
FFFD1837
0002E6ED
FFFFDE2E
FFFADB4A
FFF9EF9A
FFFD7AEC
FFFE60D9
FFFB18CD
FFFD84F4
FFFC6022
FFFBEED1
FFFE50D7
0006957C
FFFCC135
FFFFF080
FFFDA415
00041051
0004AED7
0000DFA3
FFFC1678
0006E2E9
FFFCD424
0007BF01
0006CC02
FFFA5449
000B0F9B
00029E19
0001067D
000435C5
FFFE5AF2
000A61B7
FFFFC4A0
FFFAC118
FFFE3F6C
000038B9
0007B290
000ACF37
FFF9597C
FFFE1998
FFFE2BB5
0002F58B
FFFE119E
FFF5DB9A
FFF80743
FFFC18F7
0007C459
FFFB7AD0
00040AF8
0000932B
FFFD0135
FFFDF449
FFFB2624
FFFE1D13
0000753F
FFFF806E
FFFEE64D
000126CC
00035749
FFFD920F
00005E80
FFFA22BC
FFF8843B
000269E3
FFFD6489
FFFFF1EB
FFF59E28
00025B08
FFFC207F
FFFECE6C
FFFFC658
00016C31
0004BCD3
00006C3A
FFFCFD01
0000FE1A
00033D9C
FFFD7FF3
00069451
000476FA
FFFBAC64
FFFF4685
00083403
00011E1F
0003730F
FFFFA904
FFFBA833
000255DA
FFF6867F
0000E3E2
FFFA30F7
FFF92E16
FFFBB5A5
FFFEADB3
00029A50
0000461C
00056A94
FFFABAE6
FFFD7714
FFFCD6A6
00012448
0002B37E
000576D6
FFF8A5F5
FFFBA8FF
FFFD265D
00043CAC
FFFD95D1
00073C19
00002003
000298A1
FFFD1D28
FFFFE16F
FFFAD381
FFFAF91F
FFFFBA4B
00047258
FFFD3225
0004AAD1
FFFE7780
FFFF7DDD
FFFE4966
00011F53
000109A6
FFFF3A1E
0000C71D
0003CDDE
FFF67C53
FFFDE378
FFF71BC7
FFFE31D4
00029079
FFFEA759
FFF5F45D
FFFC9A85
FFFAABB5
FFFC9E6F
FFFF5004
0002071A
FFF8B87F
FFFC66B4
0002C752
00059ACB
FFF2C367
FFFF5389
000800C1
00017CD1
FFFBD280
0002528F
000602F1
000C3522
FFFEEA88
00046DF6
FFFF0825
0009282D
00072679
FFF7B0AE
FFFB3EA1
FFFBAD3C
00040B06
0001DCE8
FFFF7255
FFFC5C7B
000669D0
FFFF73F9
FFF92CF9
FFFC5D40
FFFAD7A7
00028F71
00042AF0
0000CCB3
FFFC2DCD
FFFB749E
FFF4EAAC
FFFF5C27
0005AA46
FFF832D7
00025237
FFF5A5EA
FFF38E17
00009F6D
00046E21
0001952D
FFF93BEA
FFFBD6F0
FFF77832
0002D6B1
FFFFC1F4
FFFAF96A
FFF89F68
FFFDB12C
FFF5B2BF
FFF6667C
FFFB5409
FFF9311C
0000B209
FFF3FE9F
000192A3
FFF83A32
00029A41
FFFEC792
FFFFE98F
FFF2EDF0
FFFBB522
FFF4CE4E
FFFBA334
FFF9FC0B
0002282B
FFF8DA2E
0000A5D9
FFFF7E4C
FFFEA339
00008502
00027105
FFFF2FED
0002CDB9
00010696
00020716
FFF94BAF
FFFC4243
000464E2
FFF8859A
FFF7C223
FFFCC0E4
FFF496B5
FFF7E684
FFFB03C0
00034809
0001B59D
00054CAD
0006276F
FFFF5598
FFFCD697
FFFB8190
000359D0
FFFA1205
00018AF9
0000C125
00048637
FFFCC4AF
000AB17D
FFFC7886
FFFE49CD
FFF8487D
0000BC62
FFFD0F90
000240B3
00025E55
0003E0D9
FFFF780B
FFF98E4A
FFF8E337
FFFB4AFF
0001E5AA
FFFF5952
FFFC9277
FFFEB865
FFFD4B6D
FFFFD387
000175BB
FFF8BDC8
0004317C
FFF7BC8E
FFFC28E7
FFF5D343
FFF556A7
0002750D
00019996
FFFDBA57
FFFCB493
FFFC202F
0002E392
FFF66D9D
0007D820
00007F99
0000E311
000527B4
00040590
0007E7EE
0001CD19
FFFD4510
FFFA5F23
FFFCC58A
000418DB
FFFF9953
FFFAE7B4
FFFBBB1B
0004EC53
0001A6CB
FFF95FBC
FFF7F0B6
FFFFC45C
000062FB
FFFD6835
FFF9A96F
0006C895
FFF70B24
FFFF397A
0003700F
00061A33
000544B2
FFFF578B
FFF8F934
000AFAA4
000300D6
0002DB51
00068E42
000564AC
0001D0D7
0000BDC6
FFFE7139
FFFFF70D
00072DC1
0003FCC4
FFF87012
FFF874B0
FFFBF7AA
FFF8E8F7
FFFEAB37
FFFB92E7
00031286
0001B5F3
FFFDAE81
FFFC1C78
00013937
FFF98B82
FFF89660
FFFD493C
FFF680D1
000221BD
0004CC04
FFFB03FC
FFFA2CB4
FFFF9EB7
FFFDC438
FFFC9A1B
0002E540
FFFE5B2A
FFFC90FA
00030563
FFF880F6
FFFCC110
FFFC31D2
0002A49A
FFFEAE43
0000E06B
00001D67
FFFE1CB1
0004FF16
FFF9B13A
00031667
FFFDAADE
000334E1
FFF91579
FFF92CFD
0000235E
00084723
000361F4
00036E77
FFFBDEFE
FFFFF8E8
00047769
0007A90B
0000FC0B
00066AC7
00008E31
FFFCAE04
FFFD92F7
FFFCEDB8
FFF88BDB
0000EA74
FFFCDC36
FFFF3ADD
FFFB3BC4
FFFF3468
FFFD8810
00038CCC
FFFBB175
FFF7D74D
FFF80269
FFFFB3DF
FFF824CA
000042A5
00018E7F
00059D9E
FFFF6CD5
FFFD6DEE
FFF9DE14
FFFB6A0A
00026848
0001292B
FFFACA53
FFF7D2A5
FFFB121C
FFFF82A1
0002EF69
0002D2B3
FFFD14B1
FFF7D858
FFFDD907
000117EA
00060F07
000A5DD5
FFF9E57F
FFFD7EAC
0000544F
FFF8DBBE
FFF900DE
0005A474
FFFE0C02
0001D893
FFF356C8
0004E385
FFFBA89A
FFF6024A
FFFBD299
FFFB8FCF
FFFA2795
0005C902
FFF9B207
0002B152
FFFA63B8
FFFC956C
FFFA1A91
FFFD4CC4
FFFB4DB4
0000E384
0001D982
0000F894
00006199
FFFE2FCB
FFFF86CD
0004D83F
00016978
FFF2DA2C
FFF654EC
FFF92CBB
00038493
FFFB8A97
0005445B
FFF90506
FFFDDEEC
FFF859AE
FFF93848
FFFF9D2C
FFF571A4
FFFE1F64
000A9828
FFFB6576
00044923
FFFB5896
00045A63
00073AA3
0005969D
000302F0
000656FC
000316B0
FFF6F3BD
0005BFFA
00068F2D
000372BC
000406FC
FFFB82B3
FFFEEBA5
FFFE438F
00055EC1
FFFF6C1E
0000040D
FFFB8F34
00049971
FFF68979
FFF86DB8
FFFED65C
FFF94258
0004D84C
FFFF5A81
0002BE0C
0000BD10
00010015
00043FB6
0004A6D0
FFFD11A5
00001CF1
FFFCF0A2
FFFBD1D9
FFFC83EF
FFFECBB7
00030F73
0001207D
00059631
FFFFAA7F
0002C41A
00090D85
FFFD76B7
FFF9FC06
FFFE713F
FFF41240
FFFC70EC
FFF545F3
00012658
0002E748
00061947
FFFB000F
00025542
FFF80D46
FFFD7B95
FFF72AE9
0000533E
FFF96577
000206DC
00032705
FFF5F822
FFFFFAE4
FFFB188E
000AAF33
00042980
FFFDFA19
FFF8E949
00006594
000B0BF0
0004F5D8
00030326
FFFFB47D
FFFE4186
0005C943
FFFCA220
FFFE94B4
FFFCF34A
000243EE
FFFD953F
0009E04A
000608BE
0000EF2B
00042380
0001B9F6
FFF2162B
000B1AFB
FFF74985
FFFA7AB9
FFFC26BB
00045D49
FFF9B702
FFF8E7E0
000090C7
FFF65BBA
0004DB61
FFEB3B1F
FFF5ED98
000C357D
00045821
000B1B9E
FFFEBAB7
FFF74970
FFFDC4C8
00022373
FFF74DBA
FFF7E16E
00059727
00042F83
00017F94
FFF2DACD
FFF55EDC
FFF42174
FFF83B92
FFFB94C3
FFEFDE92
00042FF1
FFF845F4
FFF5586A
FFF30813
FFF184EF
FFF042F2
0009751B
000C23CE
FFF850AE
00039233
000123B6
FFFB4940
FFF84449
FFFA5B4E
FFFD61DE
FFFFB665
FFF04FC4
FFF5BFF0
00069F79
00087F93
FFFDF568
FFF7D0AA
FFFBED05
0006E73F
0005D8AE
0002C29B
FFF28094
FFFE25B8
000AE800
0005FDD4
FFF663A3
FFFB62F5
000212AA
00009819
00054DE1
000D778B
FFF70F38
000005A4
FFFC0344
FFFEE1C9
FFFD1E79
FFFFB6EC
00015D25
0002F6F8
FFFE2736
0007EBED
0007C0FC
0005130C
FFFE9F66
FFF5912A
00000988
FFF3DD65
FFFF07E8
FFFE6650
FFFE3FBC
FFF922A7
FFFC5441
0004FDAE
FFF7D3AC
FFF9E3F1
000C347D
FFFF0AE2
0004AE55
000AAD8D
FFFF2486
FFFE54BC
000AF202
FFF5815C
FFFC9BF9
FFFBEB12
000506F8
000425DF
FFFE7EE7
000B46D6
00056E69
FFFA8E54
FFFB78E9
FFFAE0B3
FFFFDC84
00003A92
0005AC13
FFF67A60
FFFE327A
FFFA969F
000AC6D1
FFFD6893
00078C29
000495C3
0000A16A
FFFE344C
000F1207
0006387E
00089D04
0001ED90
FFFFBF9D
FFF4C95A
000CFBA7
00070F69
0005FDAE
000D2584
0007E351
FFF9E48A
FFF7A6E5
FFFB99EB
FFFCD692
FFF7774B
FFF98EAC
FFFA88D0
FFFB0BBB
FFFA4609
FFF8CAE5
000139EE
FFFBD865
00078700
FFFE033A
FFFA036B
FFFC7C7F
0002E17B
FFFD66C9
0007BB3F
FFF961B6
FFFF7E73
FFED61F1
000B3CF6
FFFFDEDC
FFFFFA85
0004B04D
0007ADD2
FFFE2231
00010BBC
FFFC4D59
FFF45052
000E16E9
000BF7C4
0001603F
FFFABB0D
000AFC4B
FFFAA24C
FFFF1309
0002C4B8
FFFBFF35
00042A28
0000F19C
FFFA248D
00052B19
FFF9C0E6
FFF4A7F6
FFF4AA6E
FFF8D23D
FFFB7A07
FFFE0890
0001039A
FFFA3DDB
FFFB2017
FFFA7B29
FFF66AF6
000269FF
FFF443D2
FFFC7501
FFFBCEBC
FFF91587
FFFB227C
FFF6931E
FFF5AD41
FFF07591
FFF308D7
00035B5A
FFEFEA53
FFF76CAE
FFFFC154
FFEF54ED
000829E8
FFFD27FD
FFF59B76
FFF8F997
FFF52C93
FFFAE372
FFF624B1
FFF8A18C
FFFE90D4
000C680C
0003663B
FFFC92B4
0000151D
FFFC7211
FFFB664B
FFFC109B
00046389
FFFC66D8
000F88CD
0002F0B9
FFF47E07
FFFAB945
FFF27815
FFF28CF8
FFF726CF
FFFE9650
FFF525A2
00076EB6
00072F17
0002B824
000C5CEE
FFFE12E2
00002DB7
000D8A83
00078062
00059787
000888BE
FFFF1782
00031E72
0006B34C
000866DD
FFFFCF72
00031CB3
FFEC7DE1
00088A54
000D4055
0007617D
FFFC512A
FFFA4BDB
FFFA5E76
FFF20B31
0001DE2B
FFFF8CCA
FFF7A89A
FFFB04F6
0001FDCE
0000E5C4
0005BB08
FFFD4EFB
FFF9CB35
FFFD068A
00008D2A
FFF9FA4B
0007D4C8
0002C625
0002D363
000346CF
FFFECF79
FFF27EE0
000D9D2E
00094C88
0005842D
FFF6F649
FFF91593
FFFBC19B
FFF9FBB1
FFF79ABC
00016843
00046C2F
FFEE15A9
FFFDC318
0002DCB5
FFF00A56
FFFD5731
FFF76EB9
FFF9496F
00016638
000A78F7
FFFF3886
0003DBE3
0002B39C
000556D9
FFF1F496
0007880A
FFFFC7D2
FFFCFBDD
FFFD07DC
000142F7
0004A6B6
FFFE52E5
FFFE58C6
FFFF8F46
FFFACBE6
00026D43
FFF6B0AE
FFFFA9F9
000D9084
0007925D
000745FE
FFFB568D
FFFE5520
0000003A
FFF9CED2
00026860
000ADF71
FFF71615
FFFE52F6
FFFD364D
FFFF1A25
000D70A0
00092E1C
00043E37
FFFEEB17
0008AACD
FFF75068
FFF615D6
0003DB2F
FFF68041
000498C8
FFF9D026
000116A2
FFFD70E8
000D200D
00060175
FFFB7F76
00073294
000B1BAC
FFFB770A
FFF78A25
FFFCCEED
000AE9E3
00068629
FFFFCCB8
000397C5
000C1A7E
0001F38C
00008972
00065446
FFF2ED43
00032ABF
00066732
FFF89CA9
0000B5EC
0000928A
FFFCDE86
FFF71575
FFFBA936
00064836
0003EDE5
FFFFB382
00093A21
000B7426
FFFE0108
000CB7AA
000C24CB
FFF050F7
0008E04D
0006365F
FFF5D23E
FFF98B57
FFFA8E40
000245B7
FFFC1F3C
FFFAF1CF
FFFBD593
FFF80352
FFF37D30
000AD284
00016996
0000D65F
FFFF3BD1
FFFA855F
FFF6C93E
FFF5E0EB
FFFF0398
FFF04A0E
FFFF63F8
000B4341
FFFF0CE8
FFF41801
0004D6C4
FFF82B89
FFFCA481
FFFFC5A7
FFFE84FF
FFF82ADE
FFFD985A
000611E5
0001A150
FFF97024
FFEEEDD0
000FB108
00010B20
000A90B7
0001AF21
000BA474
0009ACED
00145349
000598B3
000C2419
FFFA8945
0006784D
FFF1ECE9
FFFD6A50
00106FBD
00005736
FFF4A5CD
FFFFE0C5
0006C6A5
0001B4F5
FFFB454E
FFFCB152
00029EB1
FFF8A749
00044BB9
FFF5542D
00084023
00088B85
00033394
FFFEBD3A
000101B9
0007C352
FFF8F2BC
FFFC0756
FFFC8CC4
000CF791
0000E0F1
FFF254CE
0002C89E
FFFFDB03
FFF38BB4
00039512
0000DC05
FFFA3B13
0001A800
0000C5C6
FFF2DDAB
FFF51023
000340AD
000323EF
FFF6F326
FFF436CB
0005E831
FFFF798B
0001BF60
FFF53293
FFFB0721
FFFDD284
FFF7237E
0000952F
FFF71C85
000789EB
00076D9A
00032CB0
000889B9
000960C6
0009BB44
FFFBEDE0
000BEF7C
00092D4B
FFFC1A9E
000391ED
FFFE61BB
000460AE
000CB3B1
FFF9BD0A
FFFC7BD0
FFFCD95C
00055598
000BFAC2
0003A676
00011A04
FFF64DAF
00017E9E
FFF3C286
00051520
FFFD4681
FFFF4598
FFFDC1EF
FFFD68C0
FFFB16AE
FFFECFF8
FFF942F4
FFF2119E
FFFF00F5
FFFC508B
FFFA01E5
0002FB3A
FFFCBC17
00021E57
FFFC348B
00046227
00061B70
00022F72
000886CA
FFF5F769
000C60E8
0009FB95
0001A166
00051A9F
00029DFB
FFF7D262
0000E849
00094A79
0001688F
00045D77
0000E0F1
0008E4EB
FFF58C4E
FFFDBE55
FFFF8235
00090236
FFFEB266
00076908
FFFE2B94
000E3142
0008E521
FFFF471A
0007CBAE
00054E7F
FFF0E127
00072A10
FFEE2F4A
FFF9BB64
FFF86D26
00007B99
0002B313
0006C72A
00056386
FFF59FB2
FFFC7501
FFFE2D2C
0002FEEC
00029267
FFF04432
00039E27
FFFD788C
0002E421
FFF76CE1
000BA1DC
FFFDA5E2
FFF1C37B
000B4601
FFF98989
0005CCD9
0004D83E
FFFB513B
0007ABF3
0002C28C
FFE8F198
0007A6F4
00031BCC
FFF32B44
000349EC
FFF25528
FFFFF22E
FFF5F36D
FFFD6669
FFF49F2E
FFFC0DC4
000095D3
FFF288B7
FFFD1331
FFFAC67C
000D4B07
FFF8F27E
FFFD20DE
0006A3C9
FFF9F08E
FFF9F8C6
FFFE28FB
00076215
FFFCC921
0009542F
0003B179
FFF69106
000808C6
FFFA504D
FFFD3AB4
FFFAE6F6
FFFF626D
FFFC4B9B
0004FEE8
00083778
00098D1B
000A1DB2
FFFC9DAB
FFFA49A6
0009767F
00061AE0
0004B71A
000DCECC
00010332
FFF908CB
FFFA8909
FFFFF0FE
FFFB779E
00001256
FFFC4243
00096F85
00027BB1
FFFA3289
FFFDD49E
00047E1F
FFFDFD84
FFF64ACA
00004150
00030670
FFF91690
FFFFF870
000074B6
FFFCEB79
FFFFBFB8
0004E878
FFFD56B4
00004567
0004BBED
FFF68E69
FFF899BC
FFF8BF11
FFFCCB03
FFFBA9D6
00043274
FFF5682D
FFF0A81C
0002C5D0
00048F09
0000622A
0005EF4F
000D11CF
00019C9E
00087AF3
FFFF7E6D
00036A43
00080F3B
FFF71D46
FFFE7650
FFFB21D3
FFEF29A7
FFF06D6D
FFF58B0A
FFF850C9
0008E7FB
00041216
00028F71
00032698
FFF8BDA1
0002F6C3
FFF9AB43
0004C700
FFF3F623
FFF8FBBE
0006A84E
0006FCBB
00001FEC
FFFC6C0C
000877F7
FFF6E909
FFFE2D6A
FFFE88E6
FFF6FACB
0006B54B
0006D95E
FFF6523F
FFF949F6
0000591E
00019069
00006E65
FFF96EE2
FFF81233
00006CF6
FFF0C9F8
FFF2DDEC
FFF62790
0006CDEF
FFF7CC3A
FFFF5A94
0006865C
0001BE7E
FFF9DB22
00001514
FFFD137A
00004F7F
000254FF
FFFF13AA
0007B729
FFF8D7D1
00019773
FFFD675D
0007EC24
00068235
FFF7E12B
0004272D
FFFF3DE2
FFF9ECC1
FFFDFF01
000136B8
FFF4B134
FFFB073B
0002FD2B
FFF4EA11
0002D361
000365A7
FFF6E553
000B00A1
0000702B
0000D9F3
FFF333A8
FFF3E1CC
FFF24E1C
FFF88872
0002E6FA
FFF2E7B6
FFFE0C0D
0004CB32
FFF9F45E
0005EA13
00066691
00042240
FFF1C41A
FFFB461F
00073E7E
00061FAF
FFF7AE2A
FFF946E4
000DEBC1
0003173D
FFFAEF54
FFFFE067
0007C71E
FFFBEDB7
00011D8B
FFFEFC03
FFFA0C7D
0002EFFF
FFFA69F8
00038D58
00035B20
FFF65914
FFFD620C
FFF211B5
FFF45C35
FFFED218
000A38D7
000ABCAA
FFFA2084
0006C635
FFFDE758
FFFEFF6D
FFFE2EB2
000451A1
FFF2437F
0000E9E8
00027DF4
FFFFDFB2
00000541
FFF6B461
00016240
FFF61A24
FFFC1ED6
000584C7
0000493E
000281DC
FFF3D07C
00065494
FFFB4BDC
FFF4CB6C
FFF788B2
0006BF09
0006190C
0001EBB0
FFFDC0EE
0005F45B
FFF84337
FFF60529
FFF55FA9
000484CF
FFF848E0
FFF39AA6
FFFCC90F
FFF53711
FFF6E761
FFFCC000
FFFBCFFB
FFF83E75
FFF8720C
00029E0B
FFFC0536
00073756
0004ADA8
00032A4F
000832F5
FFFD08BB
FFF6D6E3
FFFB4AEF
000B7852
FFFBFF5B
FFFD5F14
0004E758
0000B356
FFFBCC05
FFF92ECE
FFF94842
000805B1
0009A903
00060023
000273B3
FFF38562
FFFE1FDB
FFF97AEE
FFFB1061
FFF54318
FFF60809
00031F7A
000A62CB
0001C01F
0002660E
00040A28
0004A884
FFFB9CE6
FFFDA9C1
00005DA9
FFFBBED2
0002C091
00050D69
00003235
FFFF1AC2
FFF82E69
FFF84713
FFFB7FA8
FFF81662
FFF8FD6E
00085AD6
FFF7843E
00062F71
FFF9995A
FFFAF884
FFFD45E5
0006D2C5
0005C735
FFF93093
00067293
FFFB97E5
0000C01D
FFFE6FD0
FFFD8C3D
FFFCB384
000C7763
FFFD1A36
000E2B28
FFF4FA19
FFFE1193
000757EE
FFF37C23
FFFE47D8
00037871
0000E0B9
FFFFB1F5
0008FA19
FFF61E7B
FFFE6048
00027BF6
FFFD8546
FFFBEA6B
FFF6484D
0000323B
FFF4052B
FFF92DFC
FFFBF7A3
FFFA273F
0006EF41
0004C3AE
FFF5046D
00060806
FFF970D7
FFF7B930
FFFC102D
FFFA96DC
000382B3
0005FCEA
000435A6
FFF408D1
FFFF7256
FFFF7842
FFFCAFDA
FFFB9CD1
000960A8
000C49F6
FFFF9DDB
FFFB6FF6
00031F50
00008267
000523CF
FFFFCBEF
FFF8B785
0004F59C
00011EFC
00105A1C
00025F5C
FFFEC44A
FFFFFFB8
000095F8
00034A97
FFFBA73D
FFFCD1CA
000B5A30
0006062F
FFFEE964
FFFF32EA
FFFAD027
0005C3DB
FFFF532F
FFF75180
0001B3A0
000126B3
000CF757
FFFF6556
0006E26F
000A405C
00093722
FFF6E42C
0005FA86
00016233
0005AA49
000003DD
FFFC2F9C
FFF67FC2
0004B36F
0004817F
FFFEBE0C
FFF4C691
0000F584
00058A4D
FFF93F5E
FFF3702F
FFFBFC51
FFF5441E
0001A712
000325EA
0007DFFC
00043397
00055E63
00062B62
FFF799CD
FFF3E494
000069C9
FFF80A32
FFFB5FF7
FFF8CE6C
000916E6
00065903
000D08C6
0008108E
FFFC6030
FFFCD30F
0008A992
FFF922E1
000A0A4F
FFFB19E6
00031918
000004DF
FFF80DF7
FFFCDDD5
FFF6E9AC
FFFE6274
00077986
000A236D
0004DF84
00015842
FFFD4E42
FFFD9756
00083F8A
FFFAA4E6
FFF67098
FFFDF3B4
00053DA7
0004C8EC
0007DE92
00071773
FFFC7ABD
FFF589D8
FFF8F263
000668B0
FFFCD813
FFF603A2
FFF55F0E
0006BDA0
FFF21434
FFFF7607
0004B5F2
FFFD51A3
FFF3F11C
FFFD43F9
FFF49242
FFF53D89
00051335
FFFAFFEE
0003556C
FFF59F63
FFFF6FC4
0008454B
FFF70B82
FFFD9263
0005D777
FFFFECB8
00022FBD
FFF471BD
00083D6C
FFFA210A
FFFFA1F8
FFFE24FD
0005E262
00038DDE
FFF9DF3B
FFF4D395
0009CEF7
00037B79
000C47B2
FFF78655
FFFF66EE
FFEC77FA
0000A479
00077285
00005CA5
0006CC59
0006E5AF
FFF95971
0003CBB8
FFF38BDC
00048123
FFF6DB4D
0002529A
FFF831A3
FFFB02C6
0000C4E4
FFFD1017
FFFE1195
FFFA8127
FFF5DE3A
00013193
00082ECC
00087475
0001834E
FFFDFD7A
0003672E
FFFBAA12
00084123
FFF979A9
0000B238
000226C1
FFFACF12
0009A3AD
FFF2553E
FFF92BBD
000217C3
FFF813B2
0000F979
00073D3E
FFF558B7
FFFE871C
FFF8A7F5
0004CC5B
FFF9391C
FFFB2F7B
FFFAA7E2
FFF4CC07
00081FEB
000810D9
FFFB42F8
FFFD9557
00083266
FFF781E7
FFF8FEEA
0001A9C8
00024480
FFF6DF39
FFF72652
00050E22
0006DB31
FFFB3BCC
000C8E7B
FFFF77F0
00017AE6
00038804
0000FEFE
00043C36
00071EE8
0007FF1E
0008F17C
FFFA65A7
FFFF651D
FFFEB566
FFFDA348
0000357F
0006F5B4
00016A32
FFFC6F91
000A6E95
00084480
00058CA2
0007EABA
000507E0
FFF76899
0005B6A0
FFFA0D70
0004C21D
00045F54
00088305
FFFFE6D0
0000A544
00015E91
0009673E
000C91A8
000F7C95
00093BDA
001222E7
FFFB9F0B
00083514
0003AA50
000637D6
FFFC1E12
00000C02
FFFC3C45
00025E4A
00055F3F
FFF70D71
FFFAC83D
FFFE8899
00091D52
0000E6B4
00058C5F
000A4E06
00007105
0007092C
FFFF11A0
0005C0C2
FFFCEECB
FFF8D866
0005E629
0003E87E
00032129
0009A8AE
FFFF4268
00061AB1
0002EAF7
FFFDFC61
000CF90D
FFFF5524
FFFEFEEF
FFF5BAF4
FFFED7FA
0005831E
0000DE8D
00039B7F
0005B7AD
000C2060
FFFCBBDA
0000056C
FFFA863A
FFF8D746
0008D7E8
000767DE
0004C01F
00088D21
FFFCC345
FFF860F2
00016392
000ACBAE
FFFD3FCD
000749A4
FFFAF2FA
FFFCD1D4
FFFA8911
00041898
FFFADC03
FFFBED8F
FFF8D340
00059F9C
000158F9
0000A1BD
00050EFB
FFF8618E
FFFE0365
000B9019
000853EA
0002E9CC
000C533C
FFFF3591
000913DC
FFFF2AD5
00011804
000D8026
FFFD14DF
0001D8CA
FFFE737E
FFFFA13D
00070AE4
000516EC
00055819
00033140
FFFF1328
FFFC2BB6
FFF231A7
FFF9E0A2
0002C315
FFF0332F
FFF88B51
FFFD5A0F
FFF0FFA3
FFF568AE
000761BD
0002765F
FFFD9902
0002BD70
000142F6
FFFBA75C
0001323B
000738B4
FFF931BE
00056539
0007C765
00024FE1
0008B85D
FFF9D0BD
000619D4
FFFF2F98
FFFF2F3A
00004D92
0005CACC
00097CD2
000CA459
FFFFB57D
FFFAC753
0002B8E5
0005ADF2
FFFB2FF5
FFFAE440
FFF94DA6
00031D5B
000CC322
FFF902EA
FFF5ACE8
0001CFA7
00064DBE
FFFDEACE
000A05DC
000CDF9F
FFFE9840
0000F42B
000778B2
000DECC2
00031F71
00050FD9
0001C689
000C8C45
FFF7DE75
FFFF7134
FFF57BE6
FFFA1D14
FFF4381F
FFF92B6C
FFF19F3C
FFF7FE2E
FFFE587F
FFFDDFDD
FFFF2D14
00068D5D
FFF9C94F
0003A8D0
FFFEA816
FFFDBD63
0005B0E9
FFFCA44D
FFF85086
000AEA8F
00063C19
FFFDF791
00067CEB
0005F176
0002AB99
FFFC9F63
00058BFB
00007F26
0005A6BA
0000353C
FFFBA185
FFFB4AC2
00035149
00043117
000593AE
FFFD5AB3
FFF9EA63
0005891F
000AA71B
FFF91F55
000120ED
000023BF
000C8FB6
00008D7A
000698CD
FFFE543D
000523DF
FFFCEBCF
0001EB83
FFFCF461
00061D34
00087EE3
FFFB930A
00028DA2
00096850
FFFA1BBC
0004F890
FFFC6F6F
000DF732
000588D3
FFF9B63A
0006A5D0
000998C9
00077DFC
FFFD174B
FFF85C21
FFFFBB32
FFFFCA5C
FFF9FB1D
FFFABD8C
FFF7699A
FFFF4E78
000AABE1
0002B954
000E588D
00002416
000F42E4
FFFF6574
000CE4F8
FFFFFE40
FFFC7755
00044A29
FFF811EE
0003D916
FFF8BF80
00022564
00018489
00061227
FFFF3969
00099311
00094270
00053FDB
0007A5C4
00015922
FFFF7ED8
000080F9
FFFD99E9
0004BBBA
0007DF36
FFF9A252
FFFC7E3C
0006844E
00002E07
FFF78F96
0003371A
000A7E65
FFFE506F
000BDF94
0004CB5C
00059600
0001A526
0002C2DC
000B568B
0008FA91
00068709
00072B2D
000078BA
00025D32
FFFA699F
00073440
FFFE0A5D
FFFE45C0
FFFDEA42
0000D263
FFFB3D92
00061EFD
0009D641
000B7F6F
0007F56F
FFF8CF65
000B86E2
FFFC292B
00001FDA
FFFE9307
000BDE84
0004D86A
FFFB3BC5
0001BFCA
FFF724FC
FFF8B010
0007ED3C
0001C0EB
0007B32C
FFFCD886
0003AA6B
00014924
000530EC
00085F91
000300AF
0001A249
0000097E
0001D623
FFF5FDDA
00089DB6
000757F5
FFFE9E2C
000A30F0
00024BBD
00045355
FFF84AC0
0005F8D2
0008E103
0003A94B
00093306
FFFD7C2A
FFFA46B2
000B398E
FFFEB7CD
FFFF029D
FFFFB969
000D5AFF
FFFBFE85
00034F88
0002BD01
00007B18
FFF9E268
FFF81BDC
FFF8FDDF
0006C84C
FFFA48CC
0002CBE1
FFF8B558
FFFC70C1
00058B45
0002CE19
000E0343
000104DF
0003C9EA
000B2F40
FFF9426A
000180F6
0006E34E
00000B15
00046E2D
FFFD7B4E
FFF8E840
FFF032BF
FFF26550
FFF8B338
0005CD87
FFFF68D1
00006A9E
FFFD39DC
0002DF07
00014928
000119BD
0002458A
FFFED950
00051D54
FFF9F2F4
FFFA4801
FFF8222A
FFF602FF
FFFDE012
000146E1
FFF9E18B
00057CDA
FFFC2A21
FFF76B75
FFFA7109
FFF91FB1
00001972
FFF7E887
0000DDB9
00040332
FFF85CD8
0004680A
FFFB1498
00029AD6
FFFB6D3E
FFF70DDA
FFF47F6F
00032D02
FFFD8BD2
FFFD7293
FFFA88B7
0004906E
000029D1
FFFEB44C
FFF7E6F1
FFFEF9E8
000AF602
FFFC7CAC
FFFBAD5F
0000049C
0002007B
FFF63B31
0006B433
FFFE532B
0007AEA9
0009C2E5
000BF80E
0002CB5D
FFFDBAB6
FFF7C6D6
FFF771F2
00098ADA
FFF662BA
00083C02
00052E86
0002962E
0002B485
FFFAE1BA
FFFE8777
0003631B
0000F911
FFFAD87C
00003046
FFFCB187
00063790
FFFE3448
000372B4
FFFD8CFD
FFFCDBBC
FFF82366
00041690
FFFE08B8
FFFB1AA2
FFFDB3E2
00040B67
00070BE8
00029A70
000609A2
FFFA8501
FFFFD682
FFFADF26
FFFD13A1
0005E5EB
00045E3C
000381E1
0003E641
FFF9A12E
0000CFC0
0007E524
000AB839
000D2EB9
000FF576
000A89B5
00081B50
00030FD5
FFFCA010
FFF5FC8C
0005D726
00078E07
FFFEC2AA
FFF9A548
FFFEF66F
FFFE29B4
000009B4
0002215A
FFF80F64
00013379
FFFC6F86
FFFF8519
FFFFAA63
FFFB0B2C
FFFDD07F
0007053B
FFF66A7E
FFFC6AED
0006AB44
0007CB97
FFFB18D9
000954DE
FFFB5B05
FFF75B67
0007AEAA
00060E6D
FFFB6AB7
FFFD0A59
0007854B
FFFC3992
0001AD72
FFFDC3F6
0002D8E6
0006D8E0
0001387E
0000E9FC
0008A13B
0004158F
FFFA3FD5
FFFE407A
FFFC94DB
FFF71B23
FFF9F979
FFF96FD6
FFFCB2E0
0003DCB3
FFF8AE9C
FFF9DD4B
00026FDB
0007D746
FFFCF523
00012EB8
000572AC
FFF62A1C
FFFC2299
0003B039
00027EF6
000292A6
FFFCE5E1
FFF58919
FFF4BB0D
000129A3
0003899B
00029687
0003551E
0004B1F3
FFFC8B91
0003397E
FFF658E9
0004FBB7
00020F99
FFF9C246
FFF94B18
00046855
FFFE6233
FFFF56DA
FFFD2802
FFFD376A
0000E834
000CDFE6
000948DF
00038346
FFFCBBD3
0004BFC1
000D5A2B
FFF8CA29
00022B8B
000C59B8
FFF88733
FFF4C7E4
FFF66DB1
FFFB596D
FFFAAEB0
0004FBBF
0002C871
0001BB5B
FFF76D80
FFFC6563
FFFF28A1
FFFF52CD
000A5051
0009D5FD
000B0EB3
000325D2
0004F6B4
00047D48
FFFD3102
FFFE3E59
0004A8FE
0003902F
000C460B
00028874
00013013
FFFB92C1
00050CDA
FFF5749C
0001150C
FFFBEF75
0008F296
00077ED2
00024802
FFF9F2FC
FFF6D207
FFFE1FBF
00037192
FFF7E1CD
0006AF16
FFFA189A
00051B88
FFF8EDFA
0003E579
000317C5
FFFEE473
0007F9BA
00084A64
FFFEBDE9
0002D823
FFFF0E96
00046B10
00023842
FFF86299
FFF4C1F7
FFFD6A75
000611D9
0001A1C4
FFF5CC36
FFFDE80E
FFFA24F7
FFFCAC5C
0002E982
0001336D
00024BC7
FFF8AA3D
FFF8DEB7
00001510
0000CEEB
FFFFCF13
FFFC77A0
FFFA8C14
FFFE5655
FFFC323C
FFF66F02
00003997
FFFFE4B8
FFFBF6DC
0002BEA5
00002E1D
00079BD8
00085017
0001F5B2
FFFA945D
FFFA87D8
000220CA
000D52A9
FFF85BA9
FFF95B09
000553E2
FFFEA73A
00070B32
000D3B8F
0003DAF7
FFFE3668
00004D9B
0001850F
000009B9
000338C1
000BC553
0002BA84
0005BC9E
0001B931
000700F8
FFFF8D08
000BB02A
FFFF3F1E
000061D3
000A21B5
00097B4E
000521C3
FFFCA0BB
0003862F
0006502C
FFFB0735
0002CE6A
0004195C
000055DC
FFF90C61
FFF931C6
0004D0A9
0008E8FC
FFF8E2F1
00023A89
0006D70C
FFF9B62D
FFFE0C94
FFFDCF50
FFFE9232
0007798D
FFF6AE46
FFFF5970
00089A70
FFFFF60B
FFFD725C
FFF84E79
0001AFF7
0002E8B1
FFF6F1F5
FFF63F66
FFFE118F
000263AC
FFFB47E7
FFF262FF
00047372
0003AF55
FFFF93D6
FFFA0592
FFF79026
000193F0
0000C72F
00045170
FFF767E1
FFF25DD9
FFFF287B
00150CAD
0005043F
0005DD22
0001EAF0
FFF988B5
0006ABBC
FFFDFD6A
0007D1E0
00005912
FFFFD878
FFFB3F70
FFFAC47D
000418C9
000A9F23
00063C65
FFF4B1CB
000658B9
FFFEFB52
000089A9
FFFC80F5
FFFC3A0B
00016977
0003FB34
FFFB5392
FFF9E1D7
0002FAE5
FFFFCE62
FFF8F2D2
FFF9E1C9
FFFB3FF9
FFF9B413
00041913
0003F80A
0005F8CD
00032EDE
FFF4730D
FFFACD1A
FFFE4EFB
FFFDE28F
FFFE7178
FFFC3FFC
FFFE7F65
00049D17
FFFF4A97
00046E02
FFFD4008
0006629F
FFFE319C
0002AAB5
FFFF6C6F
000986F6
0005A808
FFFF8BF9
FFFC9C5F
00053E05
0004A70C
FFFEC579
0004C507
0000FE6B
00011245
000D834B
000B03B0
0009FFE1
000879F6
00012F25
00008397
000ACE89
FFFA6C7C
FFFED9DD
000277CC
000694B1
0008844D
FFFF001E
FFFE53D4
00003A29
FFFDDA2F
0002CEE5
00026C96
FFFB306E
FFFE9494
0005BB26
FFF22800
FFFB8EAD
FFF63524
FFFFD7ED
000412A6
FFFDA3DE
FFFA46EE
FFFACFFB
FFFA0A19
000083D2
FFFF3687
FFF71F49
FFFB30E1
FFF77E81
0002683E
00040B78
0004762C
FFF997C8
0009A739
000627E9
FFFE7D63
FFFCE8FA
0005219B
0008F041
000302B9
0005D69B
0004D63C
000A7DD2
FFFEB1F2
0001D665
000A4AD8
000568D3
FFF88D9E
FFFFC280
0002BD73
FFFD47B6
FFFF4407
0005D280
0006EF53
FFFFB3B5
0007D1C4
0000F3FB
0006DC9B
000F83EF
0000C3E7
00003F0E
0008D45E
000CE940
00037E79
000B2C3D
0001F18D
00051D90
000323DF
00019AD3
0006B58E
00054343
00006CD9
FFFFD02C
FFFE7CE3
0005B88A
FFFF300F
0004BBB7
00040331
0003E2FE
00043E37
FFFFC762
000729CE
00044649
FFFE3041
FFFF8771
000130E3
00044D70
FFFBD002
000507EF
00044558
FFF869F3
FFFA001F
000AB515
0007D236
0005AE52
0006E378
0003A402
000BEEAB
00097631
000B3CB7
000740A9
FFF8CDD8
FFF98657
FFF5E616
FFF4AF9A
000ACC6E
FFFA816F
FFFA41D7
00015400
00072EE7
00048C4C
00011585
000051FE
FFFDCF7C
0002239A
0000D01D
0002AC43
00016820
000AA5D9
0000C27B
FFFA517A
0004F544
00051B59
FFFE76C7
000313E7
FFFBDBAD
FFFA0DE4
FFFC1DAE
000905C0
0007403F
FFFCA7FA
FFFAA8BF
00063B54
0004E0CF
000AFCE3
0004F37A
00004647
000ADEE9
00065A69
0004A993
FFFA5524
00028C4D
0006D743
000403E4
000503DB
000B307C
000190D6
FFFF3E39
FFFE6928
0006AAB1
000199B4
FFFDCCF2
FFFD1C3C
FFFD36A7
00076F0C
FFFDAC7B
000581DF
FFF47A03
000AF365
000070BE
FFFDDA6D
0009FC21
FFF90D3C
FFFE2AA6
FFF65C8F
FFF6780F
FFFD9955
0006822C
FFF8381D
000394F5
0002438B
0002A3F1
FFFA875B
00062C0B
00030005
FFFF4CE7
FFFCE5E4
0008508F
00031A85
0002446D
00027239
FFFB0BD8
FFF8ED4D
00005379
FFFE8F95
00035847
FFF72D19
0008AD29
0006E5A3
0001EA36
FFFEC3DC
FFF821CE
0001E49F
FFF9A645
000018A7
FFF3132D
FFF99C05
FFFF1693
00004911
0000309C
FFFD1252
000036E5
0002FE56
00035843
FFF834EF
FFFA6CCD
00036C48
FFFB9041
0008C7B7
FFFBD4C3
000358A9
0000358D
0002DB4E
FFF62F6C
00096444
000675B5
FFFDB78B
FFFC5C9F
000D59DB
000B8192
FFFFB3F2
000277EE
FFFF1335
0005C18B
0003D964
00036517
FFF8C0CF
FFF9282B
00032624
FFF73D90
0006F427
00076A4F
FFFDB125
FFFA9373
FFF5E449
FFFF7205
00074F69
FFFD9D3E
FFF88ACA
0004630F
0008B616
FFFA53BD
000514BF
000193B6
000695DC
FFFFE5CF
0004B90D
00088C95
0007EDDD
000B9B83
000C052E
00018422
000A669C
00017DAE
00008C74
FFFFF580
FFF8D202
FFF57807
FFF63A43
FFFC8447
FFFAE41F
FFFDE097
00027A0F
0000A35D
FFFACF67
0008886A
00011E46
0000965D
0002BBAF
00054006
00086866
FFFC8B72
00035919
00041CF0
FFF4EB89
FFFB74D6
FFF97C1D
FFF238CE
00067B10
00012824
000070DE
00086749
00021B68
FFFD842D
FFFC7048
00034C31
FFFC8F3C
0009BBAA
000590F8
000308C7
000EAA26
001093D9
0006F278
FFFD0CBE
FFFFBC7E
00041947
000B2BAE
000D65D1
0004B8A2
000A3FBC
0005994F
0004A501
FFFB6FC0
0003E43F
FFFD1139
000127B3
000B6A86
FFFA96B3
FFFAE070
FFFF9BD4
000948F2
000442A9
000522B2
000067A1
00015A38
FFFD5834
FFFDAE80
00003EE3
FFFFF5C6
00018ADA
000A2F9A
FFF89886
00047BEA
FFFA1192
FFF74564
FFFEA3F5
FFFC8C82
00064FCF
FFFD8CD2
0001611A
000577BA
0007B552
FFFDD3A4
00048FD5
0006FC6F
0001113F
FFFF8BE5
00030500
00016C36
00026144
FFFBA058
FFF886B7
FFFDEE95
FFF8981E
FFFA780D
FFFB25B8
FFFDBE87
FFFE905A
000DE9AC
FFFEA17D
00033D21
FFF97046
FFFE1F8C
0007B2DD
0001125C
FFFF5CD2
000203A6
0003FCFF
FFFD87FA
00021865
000694D6
FFFA96F7
00074E51
000319A2
FFFAA09E
FFFA6A00
FFF8ADEE
FFF9CEEF
0000459A
0004818F
FFFBF09E
FFF953D8
FFFB902D
00030C75
000BE52D
00050A2A
FFFAAFAB
FFFFE8D5
0006CB22
00027A37
FFFEA037
000BAE4A
0005D79A
FFFB30F3
00120BFD
FFF16151
00051F17
00091B03
FFFCFB0E
FFF63FEF
000CB05E
00048D86
FFFC2EB5
0004A82C
000146EE
00068AF4
0002EF33
FFFE035B
0009D916
000903CA
FFFCF2E7
FFFAC267
0004CA9F
0001797E
000CCC71
00045222
FFFA8309
FFF913EF
FFFE46A1
FFFC1BB3
FFFB2265
0002CC12
FFF2BC83
0002DB56
FFF628EA
FFFD33FA
000645A9
00077DAD
0009D22C
FFFBF574
FFF6F600
FFF10F58
00073717
000CFC71
FFFFBFD6
000D7B2A
000B0864
000C3CA1
0002F118
000D850D
00032A20
FFFE5720
FFF8784D
000AA3EC
00162952
FFFA8775
FFF85484
000C7813
0019F2AA
001C1E9B
FFF62698
FFF61C71
00099E80
FFF4F8AA
00079D37
000CD58C
000D9B38
FFFE0CB3
FFFE0068
FFF69CA6
FFF4C819
0002F09F
FFFE7DF9
FFF5DC5F
FFF896F7
FFFD44BA
000C763F
0000ACFF
FFEDB7A9
FFF35DBB
FFF6A453
FFFF8C9E
FFFD031F
0001B045
FFFB0DAE
FFFCDE01
000D8F2B
00076238
FFF5A817
FFEFD401
00010F64
FFF7D454
0007FA33
00033777
FFFE940E
FFFED95A
0007A9FC
FFF30195
FFEE1519
0008B44C
FFFF43A6
0004D9FC
FFF8971A
FFF26CB9
FFF49D0D
00064B7B
FFEF4BDF
FFE7DAD1
000B58B5
FFFDB8C6
000E2A7F
000DCC2D
0001CCDA
0007989B
00034EE8
FFFA7E84
FFFE0A3B
FFF240FF
FFFF10C6
000F9045
000010CA
FFF9560F
FFF1A52D
000249BE
000DC3D6
00080677
0004DEAA
FFF03498
000EE9FF
0000AEC6
00091045
000FE213
00005595
FFFCE865
FFEA07F4
0006862B
0005FDC6
0002EB98
FFFAF3CF
00020AE4
000426A9
FFF29205
FFFFB4D1
FFF36689
FFEFC634
FFED12F1
FFFDC59D
FFFFE9E7
FFED445B
FFFCB1BB
FFF7DBB5
FFF768CE
FFF897E5
FFFF3C09
FFFC37C0
00049DB5
0009DC53
FFFAEA1B
FFFFF5AD
FFF0FD7A
000A8DAE
FFF5EA9E
0007B81E
00155A78
000654B9
FFFF8B6D
FFFB73E5
FFFF493D
000B5AAF
0010995C
0011C520
FFF0EF74
0000DC56
0007FA1D
FFFE1914
00087301
00003124
FFEC2D69
0000F496
000C19ED
FFF683A5
FFF60F64
FFEFC25A
FFF329B6
FFFD804A
FFF4F3F4
FFF47C6D
00034B74
000311A6
000A9212
FFF92502
000AC58C
00103D03
FFF533C7
FFFC37D0
FFFEC8E3
FFFB5912
00099F64
FFEE0BC8
FFFC4DD2
FFEE00B5
0002BF46
00084906
000CBA96
000C2ED9
FFF728C2
00045AC6
0009C6E7
000AA81E
FFFA8EA2
00058527
FFF61041
0011D907
FFF27D98
000044FD
000B4A7A
00073D3F
0001BA1F
FFFFC1BD
FFF56A35
FFF7EB86
FFF935FF
00003119
0002A349
00045B04
00050465
00068502
0011EE3B
0006C6C3
000F5CBB
000C11EC
000736D0
000BB120
FFF3656A
FFEF01A9
FFF9374F
000C1AE3
0001B9DA
FFE6D062
FFF41976
FFFF5661
000DD441
0002C81F
000D0161
000E5F34
0008FB39
FFFB0E44
00086238
FFF97857
0006FA82
000B6018
00000C81
00090B2E
000CF383
FFFD0175
0004535A
00163658
00101C60
000579A9
FFF7C9E4
0006CEE5
000374E8
FFFA2C35
FFFDD269
0007FC97
FFFD32E9
0002EBE1
FFF0236D
FFE9970B
00054FB3
FFF3FD7D
FFFC84F9
000292E3
FFF692F6
FFFC04D2
0003CE82
FFF79F2F
FFF5B9A6
000537CC
000D86BA
000C2C2D
0004D6DA
FFFD6784
FFF8224E
0001A933
FFF71FE7
000968B0
FFFD8D57
00023011
FFEECAA1
FFF4BA47
FFFD6D1E
FFF93802
0001E424
FFF8ECB2
FFEFBF8B
0004C15E
00051543
FFF65E94
FFFA4F2F
0003FE76
FFEE2AF3
00049AC8
FFF176E4
FFFB5116
FFFE1068
00029B79
000F20A5
FFFCBA8F
00083DA6
00025215
FFFAFE61
FFFCDF6D
0003DF3D
0003FFBD
FFFC82AE
000A44D4
0004D451
FFF89329
0003D6E6
0006AF21
FFFE52AC
0000F1B2
FFF8D547
FFF5AD97
000F7859
FFFEE31F
0000FE8C
FFFA6717
0005DC8E
000A9162
FFF20381
00038C9B
000AC92D
FFF93D66
FFFD4524
000D5733
00023338
FFFDA7BF
FFF0F3B4
FFF77F63
0005C123
000A4BD4
FFFB7791
000554AF
FFFF5134
FFFF3E9F
FFF977DE
FFF7422B
FFEBE42B
FFF26792
000546FF
0008E8CC
0016929D
FFF28454
FFFA2ED2
FFED83F0
FFF2FEEB
FFFBA5A0
0000B4C2
FFFECF60
00047AD4
0001EA51
FFFC5F78
FFF31B0C
FFF70DE7
0002CB67
0000EC7D
0006FD43
000A5826
0005BF49
FFF9950D
00046532
00134891
0005D900
000D5520
0009FE84
00037919
00099B69
000342FB
FFFD7BCC
FFFD50D5
0007BF71
FFFB625D
FFFF9571
0000F816
FFF2DDC9
FFF45B4A
000E27C3
0009E45C
FFFCAC95
0014B8C4
00003E2D
FFFE7412
FFFDBF8B
FFF4D56A
FFF408A3
000A41BB
FFFB70EB
000635C6
0000125A
0009B02D
FFFE63A2
FFF9CFDE
FFF5906E
0003197D
00016ED1
00070F00
00020CA5
FFFF4581
FFEF0BF8
FFEF27D0
FFF3D743
0009D22C
000097C5
00034759
FFF62A92
FFF6267F
0002EA7C
FFFBAEA9
0005152F
000ABE7A
000BAC8E
0003F014
FFFFC73D
0010567A
0005CEEF
000DC4A8
000C0636
00048BBD
000D86B4
000C8A25
FFFF0042
FFF2D59C
FFF80CDE
FFF6F2BF
FFF1897A
0001E6D1
000265F3
00050CB4
0006B0E8
FFF86F4C
FFFA1637
FFF5E4A8
FFF523BD
FFF13ACF
00064810
0002E24D
0002FC69
0004889A
FFFB2C63
000F130D
00034599
FFF63AA6
FFF20336
FFF7F92F
00079773
000173A1
00017838
00080B29
00049F4B
0003172E
001207CE
FFF886E7
FFFF4E91
FFF22D07
FFF4B7B1
FFFA2CB0
0008D770
FFFB74EE
0002173D
0012FCB8
FFFEAF75
000C793D
000E92DD
FFF76616
FFF158EA
FFFA9723
0006A977
000C5139
FFF3AA7F
000AE543
FFFDAE49
000C55A6
FFFC8A76
001233E7
0008861E
00032199
FFFCA2E7
0002E93C
FFE6960A
FFED5164
FFF67751
FFFC2909
FFFF375F
0003BFAE
000822D0
00093681
0008A8FD
000743CD
00061EEA
0006F658
FFFBA4C8
FFEE0F36
FFFBF575
FFFAB916
FFEF4AC8
FFFA82E6
000F94B4
FFFC8157
FFFB1746
FFFF648C
0005B01E
00094820
0004BE3C
000AF92D
00047852
FFFA666A
000CB451
00094AEF
FFFD07CA
FFF96667
0000B1DD
FFF036B1
FFF056D4
0007EDA2
00098461
FFFCF240
FFEE927D
FFFDFBAB
FFF0CECF
FFFFDDCF
000D1C94
000ADA2B
0004DDF8
FFFBB3AF
00036840
00071BDD
FFF9AEC7
00054A31
0002D0AF
FFFAA57B
0006FB23
FFFD7AF7
FFEFA4CF
000073BE
FFF9FB48
FFF67793
000720AB
000B399F
000444D3
FFF0E2D2
0010F35E
0005EDBE
FFFC63FF
00179728
000B7834
00117EF1
FFFC796D
FFF488C2
FFFBD7B6
FFFE6BBC
00012D8F
000220BC
FFFA512F
00071793
0000C8AD
0007096E
FFF2DD80
00088344
FFFE6D24
000F8359
00066371
0007222D
00005B6D
FFEF99A1
000776C3
00036B84
0009F173
FFFC01D8
FFFC914D
0000F07C
0002A97C
0002E336
FFFE03C1
00069103
00004F98
0008D799
FFFF682D
0009A271
00034DFE
FFFBF577
FFFCDDB7
0002B82C
0003F596
FFFF06EE
FFFF998B
000848A8
000A5C90
000DD12A
FFFCCC26
FFFAF9F5
00066303
0002ED56
0005A831
0000EE02
00024996
000039AB
00016160
FFFCE7FB
FFFB1F71
000816FD
00036E82
00000BAC
FFFA3875
00082497
FFFD7AB1
00041729
FFF9B0CD
00028BAA
FFFD01B1
FFFDD0E4
FFFE46CC
FFFEDDEE
FFFEC2F1
FFFCF93C
FFFC7855
00019ED6
00051890
FFFED868
0001CF94
0002523B
0006E15D
FFFD7B91
FFFC079C
00006C14
000A8AA9
00070C63
00033C98
00020162
FFFACE96
00076135
000810F9
FFFBA8F4
FFFFB730
0000341F
FFFFC100
FFFFFEDF
00002579
00051ED1
FFFF95ED
00061475
FFFC8371
FFFE7F1B
000B7EE0
000A7E82
0004C053
FFFF5670
0004EAD2
0006DAEF
00093AC7
0000024F
FFF949FE
FFFE05CD
FFFA233A
0006C884
0005E93E
000704BD
FFFDF483
0000AC48
FFFFAD97
0001EE8C
FFFEE8A3
0007F496
0004A406
0006C85B
0001BB33
FFFB16F7
0005D917
0006E5DE
00054BFE
FFFEBFB8
00058285
FFFDEDF2
FFFDBBCA
0002063E
FFFB4B09
FFFD2FF6
FFFE9EE0
FFFB88A5
00070C09
00046BA5
FFFC27AE
0000496B
FFFA0FB6
FFFCC0EC
FFF8ECCB
0004C075
FFFC27A7
FFF81A48
FFFC717D
0003B596
000BC4E6
0006A312
00087F91
0000CC59
FFFCDD62
000183E3
FFFDF428
0003EFFC
FFFEE7D5
FFFDB28A
0003BE04
0002421C
00023FE4
0002F9B2
0005B6D5
00038381
FFFA34ED
00087846
00017FBF
FFFFEE28
00078517
FFFE250F
0002FFF6
0001C845
FFFCFFDA
0009623C
00011A2A
000560F3
00022713
00042474
FFFCD72B
FFF95CEF
FFFD763B
000159BE
0001FB4E
FFFCF010
FFFF2975
FFFBC8A9
FFFCC0E6
00060313
0000B25D
FFFCAC7D
FFFB94ED
FFF85729
00041A35
00077E77
0005EF23
0004189B
00008E8D
00002E32
000784AA
00003395
00035958
0006FE28
FFFC8B27
0007883F
0005864A
0006121F
000607A6
000986B8
FFFA77D8
FFFA517D
FFFC7761
FFFB4CE2
00045CBA
FFFC0089
FFFF1ED4
FFFAD02C
00010490
0001C74D
0001F3C7
FFFF96EA
000905AB
FFFEE682
00031D28
FFFC4A9E
FFFCAC23
00021E30
0008B121
000874E2
FFFD4CF0
FFFBD4C1
0006DBD6
00057FD7
FFF7B584
FFFE194B
FFFDB4FC
FFF94D24
0003C9F5
0008C725
FFFBCD54
FFFE5EE1
0002ED6B
FFFE5E73
0001DBBC
0006B2A9
FFFF7634
000B287A
000583A9
000070E4
00026BB6
FFFF9619
0000EF92
FFFE2978
0005852F
FFFF6C50
0003D2B3
00025C61
0002E79F
0005D896
00076606
000D791C
0005D8E8
000729EE
00038044
0001C4F8
FFFFB7FE
FFFDC727
FFFEF72D
FFFB2E45
FFF86200
FFF8A977
0003A9EB
00054432
FFF628A1
FFFBBA19
FFFC5114
FFFB40B8
FFFEAE7E
0001E8A1
FFF92C30
0004C793
00076EC8
00031C7B
FFF85818
000911ED
00066F9D
000B106C
00018750
00054BE8
00081298
0007F0F8
0008AD9D
000976A6
00062E2B
0006290D
00033188
FFFECF42
00014262
FFFAA301
FFFEC14E
00096F6D
00015D48
000A9A59
0009DFC2
000E7865
000280AC
FFFD8EC3
0007910E
0008FB73
00010C71
00083913
0003DB97
000264AD
FFFA99A2
00028AC7
0004E102
FFFFA4E5
FFFE2AE4
00022006
0008D6A6
0008A9D5
00060CB9
000029EC
0007D2D8
00038EAB
000290C9
00017FE5
0006A2CD
000633B9
00032A2E
0003B822
00068B0C
FFFE34EB
FFFE5FE5
FFFE671D
FFFE1EF2
0004FC92
00036E46
0003D54E
00076700
00002D37
FFFC1143
00027EF8
000708BF
FFFBE911
00076095
FFFF53E5
FFFDA465
FFFF4F09
FFFBDA2A
00068645
FFFF5BA7
0007252C
FFFD3CCE
000433DD
FFFEC347
FFFF8453
000306E9
00096F47
FFFD057B
FFFBCA72
00043E3C
00015915
0002BD62
00040F5D
000612B6
0001B190
00054760
0002BAAA
0004F2DD
0009D1F6
0002CF80
000455AB
FFFE8CA3
00020AAE
00027CDC
FFFB726F
0003D7ED
FFFF0849
FFFCE22E
0004B6C0
FFFD645B
FFFB706A
FFFD9F39
FFF8E4B1
FFFED763
FFFC4443
FFFC8B55
0001A0D7
FFFF03C9
0003332A
0001C978
FFFECDF9
FFF94CE9
00038519
0002C760
FFFA0673
0003BCE6
FFFB0481
00003ABC
00053934
FFFEAA03
FFFFC89A
FFFECA91
FFFD0584
FFF8C2B7
FFF933AC
FFFEB0A8
FFF9F3A4
FFFCFD6C
00002563
00037EEB
000343EC
0003906E
FFF7B91D
0001FBF9
0003B03A
0008CB20
FFF960E4
00004E77
00027E8B
FFFCA8EF
FFFE6F75
0001ADBB
0002076C
FFFDC232
00044805
FFFF2E3F
0000A703
00063A86
000921CB
FFFFAD75
FFFB80C1
FFFD7602
00010147
0005EA62
FFFB95DC
FFFB6F0B
0001BB03
00076BCC
00021C54
000345C9
00055CAA
FFF8B7F6
0002F862
0003BB26
FFFFB2F6
FFFBD341
FFF7AA91
0003E270
00013A64
FFFB3467
000113D0
FFFD9B47
FFFD056E
0005F2AB
FFFF3140
000441C5
0005802E
FFFFF31B
00053A5F
FFFF9C1F
0008DEAF
0001EB7F
00052933
0000C033
00013600
FFFECDDB
FFFD31B5
FFFF9105
FFFFBC2F
FFFF329D
000308D2
FFF89BF8
FFFC8A1D
FFFDF735
FFF65FB1
FFF9FAC8
FFF96875
FFF5BD85
FFFDEDC5
00000822
0004B7CE
0004105C
0003C684
FFFF43A2
0004A0E6
000608CF
00085A1B
FFFB396F
00037BFE
FFF8D8F1
FFFB7F58
0004FA60
FFFFA7CD
FFFF6C81
0004E223
0001B36F
FFFB6209
FFFF4F74
FFFD142F
FFFAFF4B
0004116F
FFFF5CB3
FFF89EAE
0000C95D
FFFB5A8A
FFFB7854
FFF8F21D
FFFF4BEF
00007113
000C2D2B
0005CBAC
0002227F
00036C03
FFFCDFD1
000355B8
0005132E
FFFB37BF
FFFD5B68
FFFF6578
FFFD651B
00055819
00097D04
00079928
FFFC5A42
FFFF856C
FFFFADAA
00059727
FFFE4902
000682F3
00021968
00072FFE
0001599C
FFFF6DA1
FFFD08A6
0003103D
FFFFAFA6
000344EE
FFFA923D
00058DE7
FFF9785B
FFFD14AE
FFFEDE45
00045E6F
FFFE01CD
0001BFCB
0000068F
FFFCD463
0002912B
FFFE6931
FFFBB115
00095398
0003677F
0002F235
00012A58
FFFBE65D
FFFFB6DE
FFF8DA46
00005151
FFFB8FB3
00029F6E
FFFB8941
000108A5
FFFE4387
0003734D
0002BB02
FFF97092
0007205F
FFF83A80
FFFD1064
0007D569
FFFEAD32
00024408
00002F84
FFFCDDF3
00006FF3
0004DF71
00047BDA
000460CF
0006AB70
00049B47
00049A95
0009CF26
0000843E
FFFCDAFC
000135EC
FFFD758F
FFFB7F0F
FFFE5E6A
00002339
0002659C
FFFECFC7
0002BC98
00095BAC
0001053D
000229FD
00040858
00071920
00002C83
FFFDA3BB
000226C0
0001854E
00013D4E
00009F3D
FFFFFFAF
FFF0E5EF
0001EA24
FFFC0288
FFFB0D76
000771E2
0005092E
FFE9301B
0004705A
FFFB63C2
00013ECF
000C33F3
FFF34046
00044E31
0006500B
FFFD363B
FFF150B4
FFFF3BD6
00064805
0006F6B7
00026640
FFFB8920
FFFC63FB
FFF70F07
FFFEBCE8
0009ED92
00036DEE
FFFDA84B
FFF97886
0007DAAB
0005DA23
00035A3C
00047E2D
FFF6F8EC
FFF59FD7
00087E07
0005520C
0001312E
FFFFD0F0
0005F756
FFF937D8
FFF87451
0008DCF8
0000BA4A
FFFF2AEB
0005A806
FFF7B525
000421FD
000682D9
FFF4813D
0004D766
0000B598
000156BF
FFF63060
FFF85225
FFF9DD72
0003667B
FFFE017B
FFF8B712
0006750F
0001FD42
FFF6BB5E
000AEAAE
FFF95B06
FFFFAE5F
FFFB9CC9
0007844D
0009B277
000CD695
00098CC8
000EA9DE
FFFC8FEC
FFF6B488
00060B27
FFFFAD24
FFF16BB4
00003A3C
00053473
FFF6882F
FFF73463
FFF1694E
000C0A9F
FFFDF119
00091F8C
FFF53CEC
0006B60A
FFF1EF77
FFF61195
FFF73BC4
FFFCC442
FFF88674
FFFC032B
0000786B
00001D8F
FFFD03B3
0005E49A
FFFEFB24
000222C8
FFF8F2A8
0007B2D1
FFFF4C69
0010059D
FFF7CCCA
0003338F
FFF7651F
0000E5E1
0004BA0A
0007BB43
0001AF6F
FFF922D3
FFFF8116
FFFB8B59
FFFAA1F1
00009A64
0001ADD3
FFFDC141
00005638
FFFCC671
FFF09791
FFFB7C5D
FFFE1606
00040757
00024F99
FFF73D68
FFEA5573
FFFB736C
FFF50268
00017896
000C4B73
0003D95D
0007A718
FFF6D188
FFFB9EB7
0007069B
00002CB2
FFFA555E
0008C368
FFFF6481
0007D9A9
0007A0DD
FFF89C6D
FFF4D548
0007A8B9
0002C050
0006EA44
0006D205
000C7681
FFF757D5
FFFBB8FD
FFFD2AB9
00055571
FFF81BC4
FFFCF25F
FFF6F0B2
FFFF1B4F
FFFCAD4B
0006FD17
FFF6518A
0000FEFE
0007B306
00061000
FFFFFD12
00098366
FFFA2B67
FFFED69B
FFFD11F6
FFF99BBB
FFFA93FA
FFF776D0
0004B80C
FFFB3D35
FFF9A6FB
FFFD1AB0
0001BBA5
FFFEF7F3
FFF057A5
FFFE46D2
FFF4B8D3
0002846C
FFF75321
FFFB8D05
FFF591E9
FFF0AFD0
00010552
FFFC9062
00018F05
FFFBB51A
FFFADB14
FFFFF11D
FFEDB897
000463B3
000471F1
000170C8
0001D95D
0002C59C
FFFD4316
FFEC44DF
FFFBEEEF
FFFCD0B2
000354F7
00035AB9
FFFA29FF
00030720
00090ADA
0003AF48
0002551A
00002AEF
FFF9245A
0007F35C
000B51F9
000961E8
FFF8CBA6
000A5072
FFFF14C4
00095BC5
FFFE7C74
FFFD6A60
FFFB4582
FFFED447
0000DE5C
FFFBE128
00007427
FFF13EF5
0000487C
FFF8A30B
FFFCF23D
000243CE
000DB8A8
FFF025CE
FFF06BB2
FFFB21A7
FFF9C458
FFFF740B
FFF4D81C
FFFA59AA
FFF596DC
00046141
FFFF5DCB
0000E8B7
0001328F
FFFAF07D
FFFFCE30
FFFDD158
FFFDEA7A
000300EA
0006E620
00032C9B
FFFD5D69
0006D975
FFF44254
FFFDD8A8
FFF98F0F
0002E14B
FFFE11D5
00073E41
0003991A
00017D69
0003F395
00031A2F
FFF38D17
00003719
FFF66AEB
0005213D
FFFF95B6
FFF7D268
FFF3C8DE
00038460
0001043A
0001CEF8
FFF73182
FFFBAC02
00001B66
FFF80CFF
FFF65779
FFF66ED4
FFF78AF6
FFFE3F42
000A369E
00033E7E
000D4DB1
FFFEAC91
000EC5E9
00010A24
FFFA0C52
0000F782
FFFA61E3
FFF1EB51
FFF9FFCA
FFF0C239
000256CA
FFEF0D70
0002D96A
FFFC2F70
00073022
00072F78
FFFDEEF3
FFF56993
FFFC8C2C
FFF9A775
000A4D14
0001EBDC
FFF7F73E
0001D771
FFF4DFFB
0001D9DD
FFFC8B7D
FFFA95C2
000BA292
000BD735
0001B629
000638DA
FFF93EA5
000238C3
0007C2EB
0001489C
000A5E39
FFFAD53E
0008AB5C
00039073
FFF805A2
00052E99
FFFCBDCA
000326A0
0007AB58
FFFC54E6
FFFC4763
FFFD92EC
FFF7E5E4
FFF7E885
000805DD
FFF051E6
FFF5CFB2
00005805
00008921
000D9E91
0011D873
0003A68E
FFFFC20D
0005657F
00010D50
FFF698D7
00033D08
FFF8684D
00089C33
0009611F
00001F8B
0008696C
00042F21
00035FE6
FFF783CB
0001DAF8
00006A03
00068B91
000755BF
FFF4EA30
000694C6
000CC06E
FFF724F3
FFFC315F
00084F7F
0000CBA1
FFFF68AE
0003B581
FFF4E25D
FFF987F3
FFFCA782
000B5A78
00025869
FFFD8ECE
0001A35A
FFF4529F
000705C8
0004CC93
FFF8EAD0
0000FC18
00058CA4
000BD865
0004CB65
FFFF8C1F
000124E1
FFFDADA3
FFF8F417
0001D641
00040B60
00059688
FFF8A607
0010AB58
000FE4E1
FFF86DAD
00054E21
000B8B86
FFFB15FE
FFFC0BD4
FFFCC35E
000F3840
00041B17
0008FC6A
FFFF79D4
00016F76
00048801
00054839
00047A18
00098E82
00066D2B
FFFB5AA9
FFFE9498
00002946
000F9A40
FFEF9140
FFF344ED
FFFFAD61
000A07DE
FFF20878
00014735
FFEE4629
FFEDC1CC
FFF98389
0007B438
0002931C
000CDEF5
FFFD24E9
0011126E
FFFC5115
000A4044
FFF95B92
FFFBD9A5
FFFAFFA0
FFF789CF
0006DDB1
FFF8A2BA
00015115
000C38B4
FFF5834C
FFFD2906
FFF999B3
FFFF298E
FFEFED74
0003CB80
FFF3EFFA
0008FAB8
00001E4E
00071CC9
0001300D
FFFAB65E
000ABE03
FFFC38CF
FFFD8B45
FFFE5A45
FFFCE7F6
0005056E
FFF61C09
000BBE1B
0005D893
0001166D
0002A13E
000428D9
0007C057
0007040D
0006DAAC
FFF7F00B
FFF74CCA
000A79E0
000AB5A1
FFFA1278
000C16C3
000D1D95
000BBAD6
000EA140
FFF51C2F
00035685
0003109A
00047308
FFFA1065
000570B1
FFFFA800
FFFAC0FD
0006B655
FFF4F227
FFF7E90C
00062A83
FFFB1BA2
FFFEB302
00020CCE
000C8C95
FFF9E127
00007B44
FFF7F8C0
FFF9A463
FFFC7D28
FFF3B76B
000A94ED
0002C96F
FFF95A9D
000543FC
FFF770C4
FFFD9904
000BC33D
0014114D
00030379
0005D70C
00067582
00035285
00015E4D
FFFCF367
000AD31F
FFFC656A
0011E607
FFF1EBAD
FFF8E16F
000C6546
00036805
FFFF1360
FFFD0A44
FFFCF4F7
FFF621F9
FFFE9AB2
0003CFA6
FFFB0C02
0005E667
0000F214
FFF6BD24
FFFBEBCF
000E45B2
00116B59
0004E579
FFFDB9F3
FFF3E6AF
0003C787
000195DF
FFF589AF
0008585B
0002503D
FFF08312
0004AB0A
0002B345
0006385F
FFF6D7A5
FFF7F1D4
FFFB0E40
0006B160
000D7948
0005B6E2
000DB6C2
FFFE39D3
FFF02BB7
00047BCF
0002A0A0
00026BE9
FFF749BC
FFFE6712
FFEEDBC0
0002AC84
FFFF1AD3
FFF1D7DF
000446CE
FFF42EF1
FFFD2E56
FFF9DA6D
FFF99A98
00029FA6
FFFCD488
000C7DA4
FFFB7F71
FFFEA4EE
FFE81538
FFFC5E72
FFFAB390
FFF5A28E
0000868B
FFF8C009
0001CD86
00004F6E
FFFB3414
0000FAE3
0001D0A1
FFFFDD6D
FFFC91B3
FFFEF24B
000017AC
FFFD85F2
FFFF4E76
0005A24F
00016687
FFFF55E9
FFFFA1AE
00005BE3
FFF9249B
00073010
FFFC7A7B
0000E83E
00055B1A
FFFF7DE9
FFFC9320
FFFD18FB
00044098
000286E6
FFFE5248
FFF89978
0001FA2C
FFFD0155
FFFDDDA8
00049F34
FFF91BCA
FFFEC4DE
0000089F
0001EF28
FFFFFC3C
FFFDAA22
FFFE8BC8
000370B7
FFFD547F
00023990
0004DE22
0002EE63
00033519
00000DF0
FFFE8A71
FFFC8149
FFFADE73
000045F4
00008F24
FFFB6895
FFFE6619
FFFE4206
FFFEA17B
0003787C
000566E3
FFFE1AF1
FFFD42B6
00041291
FFFD230D
FFFE50D6
FFFED7FE
FFFE87E5
FFFD60B5
0002ADF2
FFFB40BB
0000463E
00002032
FFFE84A7
00006132
00033570
FFF99539
0003799F
00020A91
FFFFAE4C
0003D92A
FFFD0229
FFFA0442
00028A32
00028CE3
FFFDC078
FFFE2FE1
FFFA7E9E
00009C06
FFFE7263
FFFD7B5D
FFFD1924
FFF81979
FFF9E1B8
FFFF2293
00021F73
0000C234
FFFEC716
FFFE1823
0001848E
00023F41
FFF9E855
FFFEE58A
FFFE5F7C
FFFBB766
FFFEFE40
FFF7C22F
00003A1F
FFFB88E7
FFF77764
FFFA591C
FFFDE680
FFFDB1D5
FFFBA7D7
0004BD7E
000462CF
FFFD159B
0005D94F
FFFFC99E
0001F9CB
FFFF00FB
00039ED0
FFFD4990
000150DB
FFFEFB22
FFFEF5E3
0000497A
FFFB2C93
0000B3BF
0002D27D
00031E3F
00023C75
FFFF3171
0001D9E4
000485B4
FFFD04B8
FFFE93E9
FFFF920A
FFFF00E5
FFFE9189
00020983
FFFA447A
FFFAC175
FFFE0788
FFFA8F86
FFFDFEF2
FFF7E969
FFFC31BE
00003BAC
0003357C
0000A7CF
00008E37
00014D70
00024FAE
FFFF644B
FFFC9692
FFFCD87E
FFFB7F08
FFFC408A
0001EDF9
FFF7F546
FFFC353F
FFFDD835
FFFA2B54
FFFC011D
FFFC523F
0001EAEB
00022990
FFFECA91
FFF7C794
FFFE2FA0
FFFAF009
FFFCFF05
0000C365
FFFEEDF2
FFFC0D48
FFF69A2E
FFFA3F79
FFFED0FF
FFF893F2
FFFBCA08
FFFFF978
00022A06
0002E048
FFFE6947
FFFFAB14
FFFC47BE
00037BF6
FFFED6C7
FFFFA0F2
FFFF1D48
000022BA
FFFFE4A3
FFFC286C
FFFF3B49
00081F62
00026C75
00042BFB
00025C00
FFF9AD54
FFFE5D6F
FFFA536E
0000C591
FFF908B0
FFFF4D70
FFF91AAA
FFFEB463
00024436
FFF9CE19
FFFBAF37
FFFE6AD3
0000B38D
0001A7AE
00041D75
FFFACF8F
000192B6
00040715
FFFB10D3
FFFCE774
0002194B
00069C56
FFFB80DE
0003C3AC
000335A7
FFFC6457
0002152A
FFFE25A5
0002B892
FFFB124C
FFFB78FD
FFFC8253
FFFA91D4
FFFC743C
0001A322
FFFA7431
0004999F
0003640A
FFFE5DD7
0003BF1B
FFFCE705
0001B607
FFFFA65A
FFFEDB5E
0003B968
FFFFBD40
0000C620
0001AD14
FFFACCEE
0001A24A
FFFC86F2
FFFA4719
0003CB60
FFFAD535
000196CA
FFFB54D0
FFFA5DCA
00001254
0000B96A
FFFB8895
FFFBDB90
0000AA2D
000377E0
FFF88C7B
FFFC87FB
FFF8E619
FFFCD370
FFFAD329
00011A4D
FFFEDBE6
00037737
FFFFEECC
FFF923B6
0000EFD2
FFFC7BAA
00019961
0004B3CB
FFFEF6F2
00015BAC
FFFC20FF
00007083
FFFEC455
FFFE9937
00043598
0003E882
0005B4FA
FFFED6D9
FFFDD2CB
0007FE73
00029738
00034662
00033D39
FFFEE250
0004BB93
00000560
000713B6
FFFBB930
FFFDC18D
FFFC66CA
FFFA5F51
00000B11
000065E4
FFF8C364
FFFF04ED
FFFE5581
0002012A
00015D50
FFFD669F
FFFAEF68
000196E1
FFFAC1B4
FFF6903E
00026E02
FFF96320
FFF952B8
FFFFC2CD
FFF6F32B
FFFE14FA
FFFAD5C5
0001CF3A
FFF9706E
FFFF335E
FFF9E3ED
FFFDDBFA
FFFC1A7C
00026A17
0001D5F0
0000F18A
00028510
FFFDA392
00014B8A
FFFED879
0002154B
00004D05
FFFF427D
FFFD7547
FFFD2515
FFFDE91A
00017628
FFFD4419
0001C327
FFF9C7BC
0005A5C3
0004B124
FFFFBD84
FFFE2E11
FFFB01CA
FFFA8653
FFFDCF29
FFFCBEF1
FFFFBB3D
FFFA891E
FFFC32B7
0001116E
FFF888B5
FFFCA0DC
FFFA081F
FFFDDFBC
FFFA7E5D
FFFA76DE
0006AE53
FFFA6AC9
0000EAF1
FFFD0D48
FFF9ED5D
FFFC2BA7
FFFDF0FC
000127BB
0001B747
FFF964AC
0004B6F6
FFFAA9B0
0004F44C
0002CE36
FFF785CA
FFFA49AC
FFFFA5DE
00000B4E
FFF5B829
FFFA5130
FFF966F6
FFFC995C
FFFDFA48
FFFF919D
FFFFD69C
FFFBB580
FFFCD9CF
000165B3
FFFB9A08
000322FD
00010A17
FFFB82A1
FFFEE681
FFFB3EAA
FFF6B3B2
FFFBDB01
FFFB41D6
FFFAF45E
0000E170
00000B22
FFFCBCE3
FFFAF856
FFFC351C
0001880D
0000A201
0000CE55
FFF8CBEA
FFFC47C5
FFFC04B3
00010C6D
FFFDA4A0
FFFD2B7E
00011E8E
FFFBEE75
FFFC6245
FFFA7B15
FFFB4FC6
FFFCEFF0
00021C56
0002A936
00011FF1
0001D8B9
0003D0FF
FFFCACE6
00054D64
FFFB20F8
00026792
FFFE0F8F
FFF8C5AA
00031C52
FFFA7BA3
FFF77CB5
FFFFA778
0000116E
FFFBEDCC
0004AFE8
FFFB3A67
FFFBC957
0001B747
FFFD94BB
FFFBE7C7
FFFBB9FA
00039562
0003F183
FFFC3F41
0001F333
FFFD3411
FFF9630B
FFFBCE76
FFFA5D76
FFF8BFC2
FFFAA488
FFF9BB9F
FFFC85BB
FFFB36A7
000107F5
00008FE5
FFFC8E57
FFFD47EA
000286A6
00010F46
FFFBFEB9
00053AE0
FFFAD688
00031845
0002AB7D
FFFF1E20
FFFFEDE1
00031870
0004EC9B
FFFBDD9F
00049B66
FFFD0B1B
00004DEC
FFFE30ED
FFFDF329
00022CA1
0001D38D
00037DF2
FFF94F63
0000E905
FFFCECD8
FFFA04D7
00036820
FFFCCF07
FFF84A86
000224BB
FFFB712D
FFFB3EE0
00015264
FFFE1E64
FFF949AF
FFFDB5BD
FFFB4994
FFF9C229
0003015C
0001CA46
FFF865A7
FFFF38E2
FFFCABBA
FFFF7B8C
FFFEFF7F
0002DA7A
FFFFE885
000183C9
000428EB
FFFED8D2
FFFEBCBC
0005EE0B
FFFA0E19
FFFD7041
FFFEB6BB
FFF8BED8
FFFD0174
FFFF198B
FFFCE026
FFF8D46B
FFFAE734
00008DF1
FFF8A9EB
FFF9DAE9
0001DB1E
FFF839B0
FFFB11F4
000166B2
FFFCE839
00058959
00010C72
00052B7F
00036218
FFFD99D3
00024D43
00012362
FFFF53AD
FFFC828D
00013870
0003309D
0002AF73
000452CD
FFFF7307
0000E402
00042241
FFFD8CF6
0003B8DC
0000A16D
FFF9A212
FFF7EEF7
FFFF8236
00006016
FFFC5DCC
0001D60A
FFFAFC29
FFFB6C67
FFFEB6A1
00068FFD
00009B29
FFFFF420
FFFDBD15
000084E5
000446F9
FFFCB06A
FFFF5337
FFFBFD97
FFFD901A
FFFFB56D
FFFEEE34
0000CE4C
000609CA
00031907
FFFC2F8F
00050B69
000319E9
0002BB46
0002394F
FFFD126F
00068D32
0004BCF0
0002C378
FFFE7E14
0004373C
000599B9
00022296
000F6D8C
FFF762A7
FFFE3C6A
0006D538
000F02D3
0006C785
000FB7DC
000673F7
FFFFBA76
FFF7A509
FFFCF56B
0006DF15
0008733F
FFF669C0
FFF0E13D
0006A593
FFF892B2
FFFEB117
00023047
000C1B19
000269F2
000D49A4
00040954
FFF8E20F
00010EAB
00007ED2
000ADF52
FFFAF1E6
FFFA8DF4
0008F189
0001601D
000C8F94
000FA0B2
0000D650
000AB335
FFF2C38A
FFF93EF8
FFF671D0
FFF73150
FFF89227
FFFB7F59
FFF4F036
FFFF844C
FFF8C247
00039A06
000199A2
FFF758FE
00036C3B
FFFA9D03
FFFF035B
0003314B
FFFF65E1
FFF4222E
FFF037A8
FFFE7999
FFF1EE25
0003D56B
FFF4559F
FFEF9256
FFFE3CB7
0003F2A7
00014C50
00048AE7
FFF7B510
FFF83067
FFF5D63D
0003C794
FFF54881
FFFB1C82
FFF8A917
0004AEC0
FFFF34FE
0001D21B
00057EB5
FFFB23E6
FFF73C98
00083F75
FFFDCA34
FFFF5177
0005DB7C
000621E5
FFEE6573
FFF92D51
0006BAEA
FFFFA012
FFF5FE96
000739CF
FFFA81E7
0002C00F
FFFC1596
FFF2BEB3
FFF7AE6B
000132BA
000B82E4
FFF71F58
FFFCC646
FFF8874C
FFF35175
FFFFB333
FFFC994A
0002ADBC
0007A287
0007CCB3
00050825
0007DCFA
FFFED55F
FFF58528
FFF5ACD7
FFFEBABF
FFEC6983
00036D8A
FFFFCF80
0006B5DD
FFF1DDBA
FFF983CF
FFFE7EE8
00099C8D
FFF51B01
000C6764
0003BD74
00062799
FFF975C6
FFFA69E4
000B425D
FFFAC6BF
FFFBC473
00054761
00051092
00110050
FFFCFA34
0010DCCD
FFFEDFEA
FFFEB784
0001593B
0008D5AE
FFFB756E
000349FE
0003E124
FFF64816
FFFCBED9
FFF8514D
FFF68CFE
FFF68DF0
000118F7
FFF4B618
FFFE5F96
0006BA46
FFF59B48
FFF1A355
0001D785
FFFA9A18
FFFEE73C
0008EC2C
0006489A
FFFC3432
0004DC1C
FFF88597
FFF84564
FFFF2E2B
000639BF
FFFC0114
00037425
0008CADB
FFFA776C
FFFABFE4
000BA06A
0004637D
00021B53
0002E551
FFFEBD23
FFF8F796
000A9319
0005D90E
FFFABA72
FFFE2177
0009B653
000C79CE
0002A57E
000DEAEA
FFEFA516
FFFD8DE3
FFFB694C
FFFE3151
FFF8B673
FFF1F6F8
FFF4F79E
FFF2601B
0003D244
FFF9DF79
FFF76EA4
FFFD10A4
000002C3
0007AD1A
FFF65A5A
0007E7C4
FFF9E899
FFFAC99D
FFF82A77
FFF8FD09
FFFFE2D1
00025056
FFF21763
FFFB4FD2
FFFBB831
FFFE1DDE
FFF03B05
FFF572F6
FFF5B388
FFFDD7F2
FFFADC09
0001CE48
FFFEC545
FFFB4C7E
FFF203C0
FFFAF717
FFF36522
0009A338
FFFE8A3E
0005B30D
000756E2
FFFF5BD8
0007484D
0009BBC9
FFFDC035
FFF5E7E9
FFF924A6
FFFDA72D
FFF502BA
FFF78174
FFFD2BB8
FFFEE829
FFFC5339
FFFE8452
00076C0F
000CCCCF
00091B44
FFFC1D9C
FFFA1A12
0017ACC0
FFFFF2AD
0008BADD
FFFE15CE
FFFA1E9A
000702A0
FFF82D5E
00038F5E
FFF76613
FFF50EED
FFFC2A71
0000B38C
FFFC9513
FFF7ED38
FFFDD67A
00024180
0007407E
FFFB66E9
FFFA14C0
000B8935
00022312
0000FD2E
000468B0
0001BEDC
FFEF4A90
000466C0
0000E677
0002F752
000B52C4
0005C73C
FFF8AE54
00013BDE
FFFB0B98
0008AAFA
00085A98
FFFC82D1
0002BCB0
FFF70A8B
000C1448
FFFD98C8
0000B80B
FFFC3A74
FFF76C2F
FFFBAB97
FFFA176D
00037208
000345BC
FFF9FFDA
000ABBFF
00056E6D
00048D60
0000FA26
FFFB744B
0007712D
FFEE8934
0007E617
FFFF891E
00048652
00019700
0006606A
FFF5CF3D
FFFE2585
FFFB7086
00089C37
000458A1
FFF4A072
000728BF
0000158C
FFF732D6
00008C07
00060DB2
FFF5E6A8
FFF3B929
000C3E77
000287EA
0005485D
0006D8D0
FFF92110
FFF8704A
000645C5
0008975D
0007B78A
000CA3B5
000CF3B6
0004B8C2
00017EF2
000BA4EE
FFFA4749
FFFD4B81
FFF79B1A
00036D95
FFF8A1BB
FFF87572
0002A7DB
FFF7F218
FFFDB9AC
FFFA7453
000BB862
FFF65964
000466A1
00013841
FFFCAFE3
000731F6
00031118
FFFCD9C5
0005311F
0002E27D
FFFCE0A6
FFF6C2F0
00082BE6
000F98BD
000035DA
000679BC
FFF8149D
0004973A
00060D71
FFFF4BB2
000242A6
000F6DD2
00034E59
0006C563
FFEBC21A
FFF12882
FFF7B0FE
00005E68
FFF978EF
FFF7C100
FFF843D7
FFFC1614
FFFDAA8D
00054E38
0007F9C6
0004E141
FFFAC6C1
000E4268
FFF7C940
000536C5
000B943E
FFFAEF16
FFF450B6
0000101D
FFF8C717
00035D92
FFEFDD5A
FFFC180A
FFFF1B9F
00055400
FFF573A1
FFFC7168
FFF75E28
0001F836
FFF87349
FFF630A9
FFFDC8A3
FFFC7AB6
000BE40A
000200ED
FFEFF995
00015F2B
FFF3D2B5
FFF70DD2
FFEF41F6
FFF8C640
0003EB48
FFF610AD
FFF2E6F6
FFFE89B4
00011A73
FFFC0E5E
FFFA09E9
FFF814CB
FFFBD8BD
00046A81
00077260
FFF85212
0003D27F
000262FC
FFFB0574
FFFCD14B
0010FD1C
FFF0719F
FFF6647D
FFF85D0C
FFF8A685
000355A8
FFED1536
FFF1F242
FFFC79DD
FFEFA43F
0007A799
00005490
0003E4BA
FFFB2EE0
FFFD3452
0000AAF7
FFF523CC
000A36F8
FFF90AE6
0004A8EB
FFFF3761
FFF650A2
FFF748AA
000D9C8C
0008AB54
00071E16
000905C8
FFF8E995
FFFB484C
00082114
00057AA5
FFFF71F4
FFFDFBD3
FFFDA3C1
FFF363C6
0004CEB1
FFFCA2E6
0008729D
0005E094
FFFDEAA6
FFFD5787
00004219
0000A2BA
FFFBA61E
0000E92D
00030CEF
FFF385B8
FFFF6CDA
FFFC1487
0002F786
FFF98A93
000887E3
0005279D
000E51E7
FFFBA60E
00074D04
FFFC9A04
000776C6
0009EE8C
0000EED1
00024A58
FFFE3E3C
FFF97626
FFE9418E
0000A4DA
FFFE2900
FFEDAD7B
FFFA1E0E
000865A7
FFFF62BA
FFFC78DB
0001B26E
0008DC03
000BA729
000C100F
FFF7EA13
FFF32EE7
00061437
FFFABF41
FFF6111F
000C1122
000886C6
FFFC1CE9
FFF916E3
000C13AC
00097939
FFF4A7DB
0002883B
FFF9C363
000C340E
FFFE902F
00043696
00032641
0002F7A2
FFFCC6BA
0001D35D
0002688A
FFFEA6A2
FFFB430C
0004255A
FFF096D9
0005D382
FFFA3555
FFFFD47B
FFFC253F
FFF399CD
FFF279D5
FFFB98AC
FFFD2FDA
FFFBD0CC
000B27A5
000037A0
FFFB85E7
FFF80E3B
0002E1F8
0002773C
FFFBEABC
0000B8E0
0007A4F5
000AC2E1
FFFBB5C3
0004396A
00002CD3
FFF9E61A
FFFB3C48
FFFFBCBF
FFFB1378
FFFC6568
FFF8BDCF
0008D9CD
FFF33CDA
0003186B
000B8C7B
000E573A
FFF35614
0006A315
00124154
000A3E55
FFFF9CC1
FFF5DB86
00005677
FFF69E51
FFFEFF99
FFF4551B
FFF5A841
000432B5
FFFC0628
FFFD09BB
0003F390
00085809
FFF83B80
00020FEE
00061995
FFF882FA
FFF87592
0005900B
FFF9C992
FFF3559C
00001184
000A0572
0008ADCE
FFFBAAB4
00067E1E
FFFFE193
0000C2B0
000140F3
0010723C
0009E7F0
000B4872
FFFD7821
000739C7
FFF914B6
0001592B
000180CB
00050089
00039C6E
000220FB
0001BA43
FFFEB9B7
0004E053
0000ED24
000DF113
00007D3D
FFFEEEB3
0011B9AA
FFEFCD78
FFF5213D
FFFF3D11
FFFCF065
FFFB44C8
FFF83956
FFF4FF62
0002F62B
0004225A
00057866
FFF7E651
000502BC
FFFF1AD0
FFFD1185
00007977
000268E1
00010236
0005F2CF
FFFCA7AD
0007946C
00037C0C
00037EE9
0004C2D5
000016B3
0007EDFA
FFFD900C
FFFF23CA
0002A9C9
00031D2B
FFFE5F64
FFFE19EF
FFFAC495
0006E712
FFFA7893
000324E4
0001E3F1
FFFFD51F
000DC240
00095C7E
0006A8FC
FFF7D06F
0004BCC0
000AEE03
00092E1F
00046613
0002107B
FFFF4B9B
00069992
FFF9CCE8
00019E58
000311FC
FFFE07AA
FFFACA7A
000DF334
0007111A
0000A2C5
0006C0AF
FFF99F8E
00036070
000626C5
FFFBBED1
00081BD2
000142C6
0003FA64
00028A52
00064ECB
FFFA1F60
000EBB95
000CE03C
FFF798FD
000B8A03
FFFC16DE
FFFBF00A
000767E3
0006C6C9
FFFCDF12
FFFBC41D
FFFC7327
FFFD67F0
FFFC43FE
FFFF1F6E
FFF81A80
FFFD09D0
FFFBF0CC
0003E14A
00046F9C
FFF8F8E7
00035F80
00037399
FFFA891B
FFF801E2
00096B66
FFFBC034
FFFF9F45
FFF76B10
FFF8E881
0004472E
0004C444
FFFC257D
0004E11C
0004AC79
0003661B
00073EED
FFF8679F
FFF18056
00083BA2
FFFCD6B5
00040BF3
0000E1C8
0002DAE5
FFFBA225
FFFDCA31
FFF8A04F
FFFD4060
FFFF22AD
0008258B
FFFA830D
FFFF5B3D
0005AF2D
FFFF010D
000134EB
00017B81
0002F4DD
0004E32F
0005252B
0005622C
FFF50305
00031E9C
FFFCB90F
000026AA
FFFAC418
FFF740BE
00031DE2
FFFB7049
0004770C
FFFD0AEE
FFF71022
FFF7BCE7
FFF6F7E9
FFF941BE
FFF79361
00021F80
FFFF2C61
FFF801E5
FFFAAA68
FFF8FEF9
000193D6
FFFDC24A
0000B02D
FFFEE978
0004C81B
00017D4E
FFFBDB0C
FFFB7A57
FFFDFFF9
0007FA4C
FFF770E2
0001B25E
FFFFF67D
FFFEF9AA
FFF85DC5
000A8AB6
FFFD8CDD
FFFB223B
FFF9339E
0008E0E9
FFFE88B8
00025267
00077455
00093FA5
00029E39
00046B58
000A59A7
000CE97E
00087D38
FFFAF791
0001E172
00051D4B
FFFFCA90
00084531
FFFCCA95
00068B38
0001D99C
FFF7E7C8
FFF43BEF
0000C93B
00083A67
0005BFC8
FFFD69F8
00054FBC
0005DB7F
00066117
0001BC0E
0008B804
0002BB9D
FFFB9B20
0005B012
FFFE8205
FFFFF621
0008A71C
FFFFE0D4
FFF697B3
FFFE05A4
00062407
000368AE
00005084
000A7E10
00009F67
FFFE87AC
0005FCD7
FFF792A4
0008E609
00006FF1
00081B91
FFFBDB34
0005BB58
00005EA0
0002293F
0000D685
000D1184
FFFA3692
0008958C
FFFCB78C
0008C903
0002C90D
FFF7989D
00014911
FFFF4B7E
0002473B
000B1EEB
FFFFF5F1
FFFB25D1
FFFCFAAD
00030AF4
FFFD1F3D
00006AF8
000452B5
FFFC16BA
0006F815
000120F8
FFF6E28E
FFFFF491
0003F706
000C7DC2
000D175E
0005F0F9
0002DF75
0012F957
00009B91
0004FC10
000539DB
00087672
FFF449DE
FFF508A9
FFF9FCEB
FFF145AF
FFF4AEED
FFFE0222
FFFFA58B
00032686
000653FA
000257FA
00002B55
FFFD9D43
FFFF23B4
0006055B
0005B353
FFFD2660
FFFF4654
FFFCCFE9
FFF87F39
0002D62F
0007AA9C
000392BB
FFFC511D
0000ED3D
0005FC4A
FFFF1535
FFFD4AFC
000A8980
000975E2
000B741F
FFFEF298
FFFB0CF0
FFFEDC62
FFFC1B8D
FFFDD51A
00023F21
00057CDC
FFFDAE8B
0000DDE5
FFF82BB4
FFF43826
00060417
0003F65B
0001E273
FFFD6ECD
000A012C
FFFD15D4
FFFD78CA
0000E69F
00074873
FFFEE342
000D2A26
0000B987
FFFD3E0C
00012C3D
00031FC8
000056FD
FFFE71D2
0006663F
0001941D
000818E1
00007206
000AC04A
FFFD7C02
00069622
FFF983F8
0001B137
0003DD05
0000D675
00009786
000928F7
FFFD036A
FFF9042E
FFF768E0
FFFEAC20
FFF9703A
FFF88884
000859BD
0005CF94
000047E6
000747A9
FFFC9376
FFFB6CB1
0002A4B1
FFF60790
000428D5
0005FF3E
FFFF794B
0005F5D9
00064D1F
000172EA
00012E74
00008522
FFFBEECF
FFFEDE97
FFFD0712
FFF98FD2
000752C9
FFF8853B
FFFE4A2D
FFF87984
0006B454
FFFC6B56
FFF9E0C8
FFFE92AD
0000386D
FFFF2BEF
FFF9D3D0
000045CE
0006515B
0006284C
FFF32202
FFF82AF6
FFF91551
FFFD4289
0001C038
FFFB2ED1
00014F25
0001BAF4
00034D4A
0000EDAF
0007AC2F
FFFA804F
FFF9FFCD
FFFEE42E
00003819
FFFAE51B
FFFF5A25
FFF70660
FFF69647
00027483
FFFF7842
000133BD
FFF45301
FFFF5335
FFFE74A5
00002C8D
00049EC5
000852CC
0000BA51
00056689
0002ECCC
000C013E
000504EE
FFF92A2E
FFFFC6F6
FFFCE808
00020605
FFF9BC43
FFF7E0A3
FFFEF020
0001B75B
000916AC
FFFD53F7
FFFC85C8
FFFE51E2
000413C7
FFFC9964
00003AC6
0006E29B
FFF4B258
00003297
FFFB9931
FFF4D8A0
000775B4
FFFA81E9
0001E3C9
FFF9BDB4
0007BC0B
FFFB962C
00016B32
FFFCB6B4
0000B3AA
FFF7BB3F
00020A35
FFFEBBB8
FFFE94FC
00031946
FFFC5EEB
FFF460C7
000297FD
000CD861
000A2332
FFF93124
FFFA4C82
FFF9EBEB
00040AAF
00008C33
00014EDE
FFF98693
FFF7490C
FFF9ECEF
FFFACDDE
00030588
FFF03E42
0001E5C1
FFFBE860
FFF58C39
0001282F
00045B90
0009402E
0001B5DA
0001809C
00094DEB
000CD0EB
0000F058
00018D2D
FFFB207F
FFF7B72B
0009FF44
0007DB3E
00036B95
FFFF400D
FFF46CE7
FFF701EE
000AFC1B
000806EC
0004BF7A
FFFF680B
FFF4D254
FFFD3E5F
FFF97601
0001EE7E
FFFE0423
FFF7E570
0005A623
FFFC8BBD
00042F40
0001D366
0007D6DC
0002B2D9
FFFB1CD5
000475A4
0001F38A
FFFF46C8
00013254
00048B66
FFFC7C4A
FFFA6D2A
0000590B
FFFE7862
000390E9
FFFB264B
FFFF5798
0000CEAA
FFFB6A61
FFFCD1CF
FFFDB15B
000C015A
0002EB94
00056D4B
FFF97C37
00076AF4
0009053B
0004795A
00014FE3
000F5E65
00056194
000A44A9
000B4EB0
0005746C
000A7061
0006C5B7
FFFCFEA7
FFF6AA93
0006E853
00002E5F
FFFFED74
FFFFE1AE
FFFA8312
000AA232
00025B47
000C4113
FFFFCAB0
0008DC37
0008C935
0003B524
0004E8CD
00023F73
00094120
FFFD047C
00034BEC
FFFC60E4
000BF375
FFFD9A0B
0006A2AE
FFFDDECC
0008C3E1
00075C1E
00090FA8
FFFF6C9F
00083F93
FFF72200
00083B45
FFFE8F8F
000B9902
FFF91415
FFF4B9DE
FFF5D593
FFFF7AB5
000393F3
FFFF3286
FFFDF493
FFFA44FE
FFFCA43E
0002A4C1
FFF79C44
FFFD08DF
000AAF15
000DCFF3
000311FB
00007B92
0000EBFE
FFF6D8A9
0006C9BE
000AFF89
FFFC881B
FFFC478A
FFFCEC76
FFFF982E
FFFB07DC
FFFD542D
00070AAA
FFFA4FEF
FFF4ED9E
0001411F
FFFD3D6D
FFF5E315
0000A1CA
FFFE11B4
FFF4D397
FFFAC486
0005653A
000266B0
FFFE27CE
00081F3B
0007A0D0
00000942
FFFB233C
0002726A
FFF33177
FFFC58B3
0005B289
FFFEE36C
FFFB0831
FFFD80BC
FFF3E69B
FFF88D6F
FFFE9F11
FFFA55BE
00067939
0002224D
00041EDF
FFF8C9A7
FFFC51FA
FFFB5A7F
00057343
0001C3D8
000CA0FD
0004729C
FFFD96DC
000BCC07
00009989
FFF88E30
FFF7F629
FFF9E047
FFF8AE92
FFFDFDD4
FFFE65A3
FFFCA7B9
FFFE7A8C
0002CE1D
FFFD3EA9
FFFFA9B2
000453BF
FFF774E6
00052758
00025394
00021050
00030E5A
FFFA973A
0005D5BE
0007CB3D
00035B05
00000FD8
FFF9C9AD
00011ABF
FFF7E2E3
FFF3F09A
FFF5242C
FFFD82AE
FFF91FB8
000721A5
00005D5D
0000E0C3
FFF8B646
FFFAC065
FFF60E1D
FFFE9172
00038958
FFFDF4AD
00074A02
0001952F
FFF92411
FFF945E3
FFFCFE31
000B3E48
0008D125
FFFBAC48
00077D84
00044A50
0002A106
000333E8
000DAE48
FFFB48EF
00039CC6
FFFFD40D
FFFC82F7
FFEE68BF
FFF43F9D
FFFFF4A6
FFFCF932
FFF4F005
0003E8F6
FFF405CE
0005739A
0004BE6D
0003889A
00007AFB
000568C1
FFF57EA1
000D3822
000925D3
0006467C
FFF608A6
FFF5CCF6
FFF83F68
FFF8D366
0002E26A
FFFBCF34
FFF38A2D
0002A0BA
FFFC512B
FFF890AD
FFFB3DB1
FFF48B2E
FFF654C9
0004627A
FFFFED85
FFFE0021
0007BB04
FFFC4D95
0003DED5
0002C448
0002DFFF
000542F7
FFF8D702
00041A62
FFF28323
0006B6AE
FFF4A830
FFF7899C
0003305E
FFFBA61A
000721BC
0004F6D9
FFFCEC85
0001FA42
00021C89
000ABC4B
00038343
00079969
00056084
0002AA66
0002B739
FFF673C6
0005CD4B
FFFCD0B7
FFFF2941
0002EC85
0002382B
0003DD97
FFFC0D7F
FFFD8325
FFFB3667
FFF07E13
000162FE
FFFA7F50
FFFA7FC7
FFF14967
0001FC49
FFF6DE8D
FFF7FF6C
FFF8C6C4
FFF0B11B
000086D1
00013461
0002EE9B
000BD68C
000171B3
00092328
000726E8
FFF902EB
FFFEE4BF
0004BBAE
00031985
0004BDFA
00029179
0003D9E7
00044C95
000803E8
FFF92BD1
FFFC13EC
00044D88
000995CB
00093A9E
FFFD7323
0001B56B
FFFC2179
00096A95
0002F044
FFFF3A8B
FFF4B034
FFF9F9C1
FFF9460E
00070E7F
0006AA3A
FFFE58E5
FFFF8396
FFFF6E9F
FFF6F9C7
FFFD1873
FFFCF35F
FFF53D26
FFF9F1B9
000BA77C
00035882
FFFCDB67
FFF50550
FFF93025
FFF7E9A5
0006366E
FFFE1F57
FFF4F14E
0006A19D
FFFDEDEB
FFF64ABC
000730C5
0001A90B
FFFFF5F2
FFF43CF9
FFFE01E1
FFF9B8DE
FFFE48CB
00043866
FFF74CE5
0005344D
FFF56587
0000A302
FFF2B073
FFFB70C1
FFFB9A3F
FFF9DA01
FFFE4436
FFFF1931
FFF8FC61
FFF2AA24
00006D22
FFF91837
FFF73856
000816DE
FFFD3FBC
FFF73D50
0001DDFC
0006B248
00012BF9
00034F7B
0007CD4E
FFFB80F9
FFFA30B9
0000AA29
FFFACADF
FFF65C90
0005659E
0009FDA6
FFFA2EC2
FFF767E6
FFF6354F
FFFF8A82
FFF84B08
000A3738
FFF1D18F
0000DE86
FFFF6AE0
00011701
FFFB2E9C
00051811
FFFEEF3A
000B27BB
FFFEB6E3
00043E1E
0004715D
000BAB81
000252B3
FFFE67D3
00027CAD
FFFE1426
00039549
FFF85957
FFFF2288
0006AD6B
FFF54596
00004CA4
FFFE9136
0005F84D
FFF9A567
FFFAAA3F
FFF3DCED
FFF8E949
00028B93
FFFB7014
00032AA6
0004254A
FFFBE67C
FFFBAAD8
FFFBE706
000A3932
FFFCF820
FFFCB84F
000AA35E
FFF76017
FFF81A6C
FFFE8179
FFF8161A
00080099
FFF5F318
FFFC69A6
FFFD439F
FFFAD025
FFF831DF
FFFB4632
FFF5AD03
000689EE
FFFEA229
FFFFFC32
000320B0
FFFE9437
FFF85A67
0006F916
000BD8B5
000793AB
00044A19
000C105E
00010930
00047E05
FFFB7944
0006F733
0005E84B
FFF91012
0007DE95
00002AC3
FFF6586B
0007F65E
FFFB1CA5
FFFB982B
00062BCC
000FAE35
00001203
FFFF5483
FFF947A7
FFF65E72
0003B4A2
FFFA98A1
0007E898
000339E5
00004892
FFF72519
FFFC93DC
FFFE8CAC
FFFCDD26
0002B341
00070909
0003D17A
FFFC4C32
FFFF1C4B
000A6654
000A71C7
FFFEB859
0004DB95
00051BB3
FFFD7B06
0004DBF7
FFFB9249
FFF92553
FFFD9217
0004D50B
0007A83F
FFFF9ADB
00020C35
FFFB67FE
FFFAFDB2
FFFED8A9
000E6C09
0005CB26
0003F30B
000037C4
000B68E2
000E0590
0005C7DE
00039143
0002C1C8
FFF842FF
0002C97F
FFF8EE55
FFFF2A0D
00049B9F
FFF4617D
FFFF72EF
FFF7C68B
FFFC967B
FFF78CBC
FFF67378
00067923
000290CB
00047F64
0002A70D
FFFCD5AC
00002A3E
FFF9A707
0003EEFC
FFFDB2D6
000B079E
FFFCB23E
0010B04B
FFFF0D90
000207A2
00068C95
000761F9
0003CC16
0001019F
000281E0
FFFD20ED
FFF7291D
FFFB5B69
00020A73
000033DC
FFFC1BD5
00024E96
FFF94D20
FFF9474D
FFFAB09A
00085313
FFFEFC49
FFFCF460
FFFE7E6E
00031A3F
00000AAB
00075815
00099692
00079D22
FFF96061
0006359C
FFFABD90
FFFE0CDA
FFFFB27B
FFFE1E84
FFFCBB8D
00011C4F
FFFD4BAC
00066B0B
0006CD72
0003863A
FFFB330F
0000951E
FFF54BE2
000311DE
FFFCB527
0000ABC2
FFFCA89B
00004943
FFFEDEAD
FFFD4DE7
FFF39A84
FFF64F14
FFFA1F1D
FFF508B8
FFF58940
000C0306
00026425
FFFCDCF7
00006E14
FFF92B3C
00015943
FFFD7893
00033B7B
FFFF6DD9
FFFAC236
00013B82
FFF7DDDE
FFF64E19
FFF78C64
00031ACB
FFFF5251
00003DC6
0002B971
FFF95361
00042696
FFFD5466
FFF9B428
0002B378
FFFB3FF9
FFFAB4A0
FFF92A38
0001FFBB
FFF538E0
FFFC0291
000369EB
FFFA9664
FFF8E0B3
FFFBDFB3
0008DDB7
0008FF04
00047CF2
000A61D2
00044877
0006352C
FFFF2E48
00057DED
FFF7600B
FFFDBB8D
0002B55D
FFF8B6F7
FFF25AF1
00079DF8
00094F25
FFFB229C
00021517
0009DB15
0007C42E
00015217
FFF933F9
FFFDA35B
FFF758C3
FFFDA800
000734A3
FFF6DEB7
FFFF6D19
00024C6F
00048E08
FFFC2DA9
00008469
FFFBD961
000333A8
0000DB1D
0002349F
FFFF5616
FFF76151
FFFE745E
00072278
FFF3034C
FFFA28BA
00091780
FFF20802
000471BA
FFFA7BF2
000A475A
000608F4
FFFFDCAA
0007D25F
000C32E5
FFFCC476
FFFF840E
000B7561
00033D4C
0008ADE1
000BF25B
FFFB037C
FFFF2AAF
00064ACB
00063516
00066B86
0007DB35
000E9707
FFFF2284
0005F288
00047A2A
00059CB7
00023283
000C6E9D
FFFCE051
000739F7
000B7C5A
0002D1E3
FFFC168D
00030B66
0005A5D6
0007E6B9
000719FC
FFFC8D4D
FFFEDC18
00078D7F
FFFE805C
FFFD0568
0001713B
00092E04
00009D76
FFFFB779
00036186
0001CD1C
0000D6F2
00025559
FFFE0F2D
0002CBC2
0006437C
FFF7F17B
000107E8
0002EF5D
000035D8
FFFF3E00
00062588
FFF72C15
000485CE
0005C4F9
00012C92
FFFD3FDD
0001294C
FFFDE0F2
000267BF
0001E768
0006B713
00031003
FFFD7D65
FFF713B8
0002F6A5
FFFE8E2A
FFFCCA78
0001B790
000378C8
00035850
0004873B
0002FE6B
FFFFD36A
0003506B
0002710F
FFFE6571
FFFE220A
0006E0FC
FFFE3984
FFFF094A
FFFFF870
FFF67676
FFFD95F6
000A68A9
FFFCDE08
00067D96
FFFDCFFF
FFFC2FA2
FFFF2295
FFF8F585
FFFD7079
0006FB2C
FFF8CA6B
00010410
000D936E
000628AF
FFFDADD0
0005B3F4
0003F95C
000A6232
FFFFF546
00056A7D
FFFB3398
FFFD0EC5
0003D966
0004221A
0006301E
00019FCE
000845DD
0003ABD7
00032A36
0006699B
FFF3E6E4
FFFA8F9A
FFF665E9
FFF6E370
00039331
FFF316B6
FFFD174A
00040478
FFFF4F5B
0001B365
FFFD282E
FFFB2272
0007ED93
FFFCD140
000406F5
FFF97F84
FFFF2265
00059770
0000F75A
0001EBE3
00028D02
FFFF5493
000A10B8
000AA672
000B6C66
0007EAB1
FFF84EEA
FFFBBB8B
FFFBFDB3
0000C31E
FFFFBB97
FFFFA692
FFFF8B29
FFFE422E
0002992C
FFFDFF34
FFFEB118
00033D7C
FFFBAAC5
FFFFB82A
000281F4
FFFA4697
000499B1
FFFAEF4E
FFFF3730
00009334
0001E78A
0002D45F
FFFCD976
FFF76A7E
FFF7671D
FFFF5396
FFFD340F
0001533B
0007E45A
000AB894
FFFBB7FC
FFFE6F85
FFF9A3B8
00054C4D
00034BD9
000A8F11
00068AE9
000253A5
00057059
FFFD7FEF
FFFF8ABA
00003073
0000C97E
0006559A
000102B1
FFFEB201
0000A1DB
FFFFFC05
FFFC1632
0002B919
0001B96E
000911FC
00025A80
000630DB
FFFDF33D
0005F582
FFFD2559
0007630B
0005F927
FFFB9EC1
FFFEEDDA
FFFF3EEC
000553D1
FFF6D4A5
0006B61D
00001883
FFF67233
0003DBBB
000A0B8A
FFF7EE07
FFF987AB
FFFE80AB
00004C39
FFFFAE5D
00014DDC
00011E27
0007E986
0001E03B
0004AEBA
0003D3B2
FFFCA12F
FFFC172B
000B2673
0006F380
FFFEB21D
0005DE74
FFFB1E8F
FFFBF9F1
00023A98
0002A883
000805B6
FFFC5780
FFFEB6EC
FFFBC994
0000D872
FFFF39F3
FFFEBD88
FFFC9F19
FFF7B269
FFF93FC3
00021EB5
0006C953
FFFE09FD
000A3111
FFF87D0A
000631E8
00038F21
000C1B94
FFFF56BD
0004A8E3
0000CC42
0000EA75
00058155
FFFAF073
FFFE8FD0
0004968A
FFFD97E4
FFFE383B
0002B6A7
0005E1CB
FFF7CA5B
00024D78
0006E8E8
000868D3
000748AA
FFFAC227
FFF9F6F4
0004D9E9
0006835C
FFF3F6C1
0008E7F1
00016D14
FFFAC806
FFF8A635
000278D6
FFFB5C02
FFFC0E38
0005C6D1
FFF86B88
0003A435
FFF9C8D7
00017CA5
00034904
FFF58B8B
FFF77919
FFFEF937
000B991C
FFFFD3FF
00084F5B
0005F452
00083084
FFFFA5BD
000240BB
FFFF0C84
FFFEA0F3
FFFDDFE5
00055C7D
00025874
FFF92C15
0003EE23
FFFEC602
FFFF7E45
0001646F
000306C6
00022891
FFF94D49
FFFFF0A7
000C8807
0000028C
000B4C95
0004C0EF
00025893
FFFFF8F8
0006EBE7
00087250
00071AF8
FFFFD522
FFF696A5
0004FBCC
00055333
FFF98900
FFFF1434
0000FEE1
FFFCEB96
000E699A
000A0EA1
0009C39C
0000186F
0004463D
000B9500
0005D17A
0005F4BA
0005A5A1
0001E59C
FFF9DF4C
FFF772D1
0001C344
000ED646
FFF52976
FFFA8266
FFFDB21A
0002640C
000299C4
FFFF93FB
FFF9D9EB
0003BB1F
FFFE0066
0002AC58
0001C7BD
000A077F
00073A53
00015017
0004C566
FFFF487B
0002FF6F
FFFEFF64
0004D9A1
00049BF8
FFFE9D8E
00008DB8
FFFDDEC0
FFFA9C57
FFF8891E
0004EC3F
0002BCC9
0003C4D3
00031A73
FFF96F88
000078F8
FFFA16F6
000557ED
FFF81236
FFFB8D46
FFFC3F34
00026921
FFFA52FA
FFFDF6E2
000473B4
FFF8F4BB
00026736
0004F06C
00096512
0001779C
FFFB727A
FFFF8369
FFFFDD6B
FFF72026
FFFB0264
FFF9F0E2
FFFDA48C
FFFFC44E
00042064
FFFC7BDB
FFFDF213
00063A72
000B633E
FFFC660E
000737CE
FFFFB426
00008EAC
0000AF3F
00011910
00006111
00048BE5
FFFCE43F
00009F42
FFFF76B8
FFF95820
00020D6F
0009431D
FFF99AE9
FFFF52B8
FFF9AA21
0004DB6B
0004DA3F
FFF64AE9
FFFB44B6
00019636
0000F837
FFFB5F26
0008D8DB
0006059D
FFFBD807
FFFE94A0
FFFFA5FA
00099EF6
0008870D
0009FAF8
FFF94AC8
00001B27
00079F31
FFFD0D8F
00045409
FFFE8633
0004C564
00032398
0004EFC1
00075646
FFFC34D9
00096A51
000571BD
0002D77F
0004677B
FFF64421
00079EC4
0002D8E3
000729CB
00021309
FFFC6252
0004A2C5
0003D51C
00086D43
FFFB3316
FFFEE26D
00091475
000F16D5
FFF8128F
0005B23B
00064376
FFFB48E0
FFFC9D6C
FFF998AD
FFFBD467
FFFAE4DB
FFFE9E00
0003348D
0003F758
FFFF0851
00056019
FFFDD3CB
FFFF1FB5
00072D83
00062924
FFFC1323
0006E6B4
000557BA
FFF7588E
FFFE6DC7
0006B17D
00041F2D
00117B3E
FFFF675E
00046016
00020978
FFFCCB74
00036869
000326EB
FFFEC134
FFF3408C
00025984
00062372
00055219
000E0C5B
000456F9
00012C02
FFFF1368
FFFD1D74
FFFCA2C9
00116AD1
00057F52
00025A32
0003F245
00076879
000179EB
FFFEBB06
00053DF4
FFF91C2A
FFFEA6A3
FFFEA4C1
FFF9665E
0008FDCA
0001C81E
00041EBC
00000E94
0002739B
0004DDE1
00032C19
0007D150
FFFBBC24
000814B2
00013A7B
FFFC1E39
000235A8
FFFA27FB
0001E4D9
000B8978
000868D0
000ACDE4
0001B42B
0003315F
0000A7EE
0006B990
000490E3
FFF60050
FFFC57CB
000156C8
FFFC2F52
000B5CCC
00077620
0006DFA3
FFFE294A
000A94E7
FFFABC5A
0001C039
0003428E
00052FC9
FFFE59E7
0002F9BE
FFF9472C
FFFE00DB
000B042B
FFFE37F4
FFFCB68E
FFF97758
FFFE073E
00018D1E
0003F2AA
00025B1E
FFFA521B
0004D495
0004C645
0008D4B7
000EA9E1
00030744
FFFF7413
00006739
0002FB0A
000753A0
000937AD
FFFC38B6
FFFF5918
FFFA9FF2
FFFC3924
0009635E
FFFBB5CA
0004D786
0003BA36
0005C858
000494EA
FFFA6822
0002841C
0004F9C1
00050DBA
000009EE
0004A4EE
000083ED
0004A297
0003077A
00059093
FFFF4C4C
00072299
FFFCDF24
00048A36
00039588
00032BC4
FFFF7F53
0000E10A
FFFEDEC7
000A2595
0003386A
FFF4E35A
000129D1
00055FC1
FFFF7B69
FFF25701
FFFF7B8D
0002624E
000848CD
000F159F
00049C4F
00022B09
0004A6F7
FFF87FF5
FFFA7F36
0002773C
FFFE06C3
000B3D02
000196AF
0006D47A
FFFFAF3E
000560C9
0004A56C
FFFF0530
0000AD10
0004C6EE
0003B705
0001E129
00055DF8
00088473
00036107
FFFF2073
0005CD49
000235CE
00019BF2
FFFC90BA
FFFC0390
FFF6C8DD
0005C3A1
0000423C
FFF5941A
FFFF5C1F
00043E9F
000155A5
00000A5F
FFFE06C3
00046271
000864F1
000238E5
0005539A
00013B07
0000254E
FFF62116
00004136
0004050A
0001FF03
FFF9E9ED
FFF987B5
FFF6C584
00008829
FFF8C185
FFFFFA18
FFFA0123
FFF78903
FFF79AC2
FFF962C0
0003BFE9
FFFBF172
000332E1
FFFEB072
000086F7
0000260B
000341CA
FFFEB1AE
00047234
FFFDBFEE
FFFCF620
FFFB9226
0007E748
FFFCA04B
0000D766
0006A22F
FFFE101B
FFF5F8B5
FFFBAA67
FFFBB048
0002DD90
FFF78EEF
FFFC808E
000036A7
FFFF113A
FFFBB3B9
00053016
00026D91
00041689
FFFECA01
00082053
0000240E
0002053C
FFFF607A
0002E904
0004ECBF
0003DEB5
FFFBAAE1
FFF2C320
FFFB4342
00050D4C
0006C29B
FFFA1765
FFF3E5ED
FFFE09C1
00041E9B
00072E1E
0001CD97
FFFB1E2A
0004CBC7
FFFF0A9A
000752BF
FFFB80CF
000057A7
FFF65603
FFFF7E10
00039098
00046298
FFFF21FC
FFFA442D
00061D31
000758A7
000205A6
000ABA29
00017DCC
0004B988
0003517E
00002286
FFFD62E2
FFFC47BA
FFFBA8B4
0003BA2E
FFFE06E0
FFFAC3F8
00098808
00003FEA
0004E4C6
000792D3
000A2D8A
0005A044
FFFCC28C
00022E03
FFF9D402
00008F83
FFF96D88
FFFF6425
FFFD24C6
FFFA278A
00008426
FFFF26DC
0005E04C
000A2429
0006858F
00031C43
0006E041
0000441B
FFFFAE70
0009218F
00050826
00097079
000441B6
FFFEC783
FFF80D97
00090036
00068B85
0008961E
FFFECCE8
00046DD3
0007A530
FFF8C59E
000A22B9
FFFCC2E5
FFFE125A
0007DB0B
0001B0CD
00005D07
0000C4F3
FFFDAE71
000360DA
FFF3E700
FFFADF6F
0002679B
00045F0A
000785BF
00057A2C
FFFC8885
FFFFE722
000A48D8
000A1E39
FFFF0A03
FFFDFF20
000910F1
00054C7B
FFFD9F96
FFFF09D7
0006C93D
FFFE3A27
FFFD9A92
00032FBC
FFFA12AF
FFFB6A8B
000500B8
FFFE298B
0003951F
FFFBB011
000267C5
FFFE0943
FFFDC466
FFFFD076
0004A722
FFFED32D
0002B25B
FFFF5D29
0004C4B6
00022075
000C2D0F
FFFD74F3
FFFD6E7C
FFF7C57F
FFFB379B
0002FE7A
0000B80A
0005986E
FFFECF46
FFF9B318
FFFF628C
FFFF8AF5
FFFB75AB
000337E7
0001E782
FFFE3FA6
000A001F
FFFC9A4F
FFF9EA03
000227FF
0008446F
00067102
00031589
0002BE6F
0005D9CD
FFFD340D
FFF9127A
00058F22
0000F3FB
FFFA7B52
FFFEBC2A
FFFAFD3E
FFFFE8CD
0002C2AC
FFFF100D
FFFEB640
0002EC70
FFFE3520
0009CFEB
0008EFB8
000813B1
0002EDD6
FFFCDE38
00042069
FFFA7799
FFFE7C7F
FFFCEDF8
00044350
00047DC0
FFFADCB8
00073748
FFFD41EA
FFFB861F
00042FEE
FFFC7C20
FFFF265A
FFFFA81E
000398DE
FFFE1ADD
FFF935A9
FFF8A828
FFFA9DA9
FFF7E222
00011725
FFF5951E
FFF7CC03
FFFACA0B
0004EFC1
FFFB8400
000896B3
00013ED3
0002139F
0009FFE0
00017CD4
00044C4C
FFFE7792
000460CE
FFFFACCB
0001F0AC
00064ECD
0004BB9A
FFFD5733
000162A7
000399B5
00008069
FFFE4475
00088626
FFFBCAD2
0005EF49
000415F8
00065684
FFFF4828
00048769
FFFC3DB0
FFFC83E3
00047016
000594CF
00008BD7
0003B4C2
FFF854E1
0000C29A
0005C040
000110B2
FFFEF1EB
000847C6
FFFF9D6C
000085FD
FFFA1E1D
FFF7159A
0000AEA0
FFFDE544
0004A2BA
00095DBB
0001F6DB
000EEF07
0006895E
FFFEAD76
FFFCB50B
FFFE57F4
000363E4
00034AF4
00074003
FFFB6D13
0001BA83
FFFC87BC
00096383
FFFBB396
00062E7E
0005CE0D
FFFEA357
FFFB171E
00000E18
FFFBD3CB
FFFC9E99
00079BF0
0000C0C6
000AD481
FFFC11C6
00017F7F
00015E56
FFFBB496
FFFCCC60
0000DE09
FFFC3D6D
FFFD8143
000013DF
00077365
0001E43C
FFFFFA5B
FFFCB0F4
FFF8FF22
00051A3A
FFFDB420
FFF4C6F2
FFFEBE69
FFFDEBBC
0000058F
00021B59
00094E26
0003894C
FFFC738A
0008C708
0001BB7A
0003D0E9
FFFDC5AE
00045E2D
FFFC8B05
0001767C
FFFD015A
FFFD9281
FFFB3303
FFFC2B03
FFFA4156
00062DEB
FFF98DEE
0007F990
00070094
FFF6F36E
FFFE45A1
0000AC14
FFFF8027
FFFFD694
FFFF3BDC
FFFDEDB5
FFFCE550
000164A7
0004713C
000874B5
0000B32B
FFFF525C
000188FC
0005FB5D
FFFEF151
FFFF3E03
FFFC70B7
FFFF9325
FFFEF8DA
FFF5ECCE
0001FF0F
FFF91E20
0002C800
FFF878BA
00045846
FFFA1CBC
000403E8
FFFA7119
FFF65E51
0000A1D3
0005C5E9
FFFA7A18
0001DD5E
FFFA689B
0002C3EA
00018341
0000A9C4
00015557
FFFF4E4A
0005BD5C
FFFFB7C2
00002B82
0000E979
0004DBDC
FFFC67AE
FFFE3F9E
00026F81
FFFF31D9
FFFBB25B
FFF9BBE8
FFF79ADC
FFFC2435
FFFBB9C6
0003566A
000A8D14
FFFD4508
0006CBED
FFFCE8DC
00054BD9
FFFBCCB6
000613A9
FFFFBE2B
0007E2E7
000381CE
FFF9EF38
0007AB00
0004928D
000A0F5F
000226D0
FFFE03E3
0007C2EE
FFFE61BF
FFF805AB
0002DCD6
0008B8EC
00001748
0003B77D
FFF89363
FFF76CF3
FFF7B0EA
FFFB2B4A
0005B486
FFFB0D9A
000306EC
00017FAC
0001330B
000859D3
FFFEB48D
00036C15
FFFEC835
000617D0
FFF8CC7F
000178C5
000116E2
0012D714
00071FA0
00068BEC
00046FD5
FFFCFEF4
0001F612
0002C212
FFFAF9D7
FFFFE751
FFFBCF14
0002DD47
FFFC42D8
0006744F
0007FE98
0004503A
FFFEA0DB
FFFE23BE
0003D9A2
FFFEADF8
00067229
000489B6
0005EC0B
0003C41C
0004343C
0000A486
FFFA741D
0004A1D5
FFFF299B
FFFDC813
FFFAE3AF
00060648
FFFDD138
0006F404
FFFF18C1
00031BC6
FFFCE9E6
00013D45
0005AE5B
FFFF5DF9
00016924
FFFE1432
00008D78
FFFC7283
000A1587
0007D9D9
000274C2
FFFD4603
FFF88897
000D69FE
0000B43E
000798CE
0000F189
FFFF20BF
FFFF4D39
000A8B5C
00075647
FFFE5A1F
0005CC62
000A44FF
000179EC
FFFC4204
000000DD
FFFF2BEB
0001D906
000A14CC
00085002
0000B91C
0006671C
FFFDE0A6
0004B6E1
0000F63B
FFFDF839
0005D1D6
0004E156
00009317
FFFDAB00
000BAFB7
FFFDFC21
FFFEBB71
FFFE9E47
000E22A6
0005D7A4
000D77D0
0002F0D8
0001F112
0004D309
000313E0
00068EEE
FFFC7B9E
00045FBE
00028B55
000953C5
00026588
0002C0EE
FFF7E982
FFFEB1E1
0006A1BA
0008EDFA
00003197
0000BA94
FFFAA86B
FFF6E425
FFFD87F6
FFFB008E
0000E452
00048384
000B44EB
0003CE44
FFFF21BB
0001FC02
FFFF73A0
FFFBB71A
FFFD87B8
0003B0FA
FFFDE0F0
00001A53
0003C407
FFFEC67C
FFFE344A
000474A0
000770A2
00018865
0007DD58
FFFFCBBE
FFFD325C
0004F1DA
FFFF0AF4
0002F552
000CFD3A
FFFA5B7C
00070C72
0001C9CE
FFFDB5E0
FFF67D74
000067D0
FFFAFE82
00047A6C
0002235E
0000169A
00001083
FFFFF6B6
000760E5
0009B1F7
00061985
00064842
FFFD4F56
FFFF39EB
FFFBAB5C
FFFE85C1
FFFF77F4
00075637
0005382F
000B881F
00075B18
FFFB4145
FFFE462D
FFFC38E7
FFFF6D72
0008D482
0007A6A6
00063009
FFFEFFA6
00069E2A
FFF9E6B3
000827E7
FFF9D938
FFFE8272
FFFF4F92
0000A015
0005C2D9
FFFF455E
0004F8A4
00028DFD
0002CB5E
FFFE1A87
0005C0D6
FFFFE8C8
FFFFD419
0007BCC7
00019BDD
00077969
FFFDC396
FFFCA861
00032A8A
FFFD5115
FFFB55EF
0005B412
0001A2EF
FFFCB0AE
0002A895
FFF8F665
FFF94D65
0007895F
0011FE89
FFFCD80F
0001BE91
0002FF81
FFFBE73C
FFFF4BE7
000A2B6D
FFFB8FDB
00014E0F
0003C94E
00036D5B
FFFBDBE1
FFF7FEFA
0004FC4E
000037D1
FFFD8636
FFFE54DD
000397A1
0000FBB3
0005C94E
0002DFBE
0000C0C2
0006A33F
FFFB80C1
00030C4E
FFFB1723
0008812C
000BB063
FFFF59DC
00046BF6
FFFD43FF
0006EEFC
FFFB9BCD
00045DC5
00028B40
0006C5DD
00006F75
FFFCC110
000185ED
000936C4
FFFA1F39
000066E0
FFFC08C2
00049671
0000EE0F
0000AC8D
00013302
0006CB80
0003558F
FFFE0DDB
FFFFFB6F
0006A138
0008CC51
FFFD93BA
FFFCC45E
FFFFB402
0008DA85
FFFFBF53
0001EEE6
00063886
FFFA85F6
00028AA4
00071BC8
000212F6
000219D5
FFFB6758
FFFA9688
FFFBA44B
000191A3
FFF98159
FFFE8CC7
0001FA6D
0003EC2C
FFFF390C
FFFCD6B1
000568FC
0009F87C
0003774A
000E6677
00091F2B
FFFE3611
0004CF3D
00034630
FFFC2894
00001625
000492A2
0005E8EB
000161F2
0003C491
FFFBF0E0
FFFEAA14
000AC2DD
0001FACF
0001F04E
00078B87
FFFDB4B0
FFF7AB73
00075958
000A20CE
FFFB22BD
FFFEA363
00029FF0
FFFB2810
FFFE258A
0009D71D
00006BE1
00040430
FFF949BB
FFFCBC6B
000B33C2
00044CE1
FFFBCB59
FFFB6A2A
0000A73F
FFF9E5E0
00013404
000B265A
0005019E
FFFF2458
0004248C
0000CB42
FFFF1FDE
0002F35C
00026C39
FFFA8A53
FFFEA637
0006B4EA
00053AFF
FFFAA4AE
FFFCF6CD
FFFB1BBC
0002AA48
FFFBF8A6
FFFE3A25
FFFA18AA
00021A28
0003A9DA
000520D8
FFFE18DB
00047931
FFFB7791
00014698
FFFE0E85
0000083E
0002F454
0001456E
00050BDE
FFF9E911
FFFF7052
00067CD2
FFFCC1CF
00008225
0006369B
00017286
0005E29D
000522B7
FFFF9E6B
FFFF610E
00010801
FFFD2D62
FFFC53B8
00034848
00006613
FFFA644D
FFFBC10F
000857D6
00025CA7
FFFB3336
0001E7E0
00038D9A
000209B7
000A7140
0002DEE6
000A8759
0000460C
FFFE2941
00021DCA
000B41E7
FFFEA8AA
0007FCAD
FFFF1BDD
FFFE8A63
FFFFF7A2
FFFBEBBD
0000E0CC
00017043
0003DC74
FFFF0069
0002AC53
FFFDB6FC
0008E1C2
000033F7
00080A23
000512AC
0003434A
FFFC56AB
0001BF8F
FFFB5BA3
FFFDFDB1
0005865C
0000F2D1
000AFA54
00041875
0003931D
0003C416
FFF945CB
0001E719
000394C3
FFFF3144
FFFF974E
0005B030
00086AFE
00073BCF
FFFEB873
00072204
0005BEB2
FFFCE1A1
00002782
0007B491
FFF86325
0006D77F
0003774E
00034EAF
FFFDA375
00007EFD
00040C8F
FFFFCE09
00059E96
FFFB7445
00072AD0
000302FD
00083782
00031A24
000A409E
00043A85
00059561
0008BD39
00040C08
FFFBF059
FFFBFB2F
000483B9
FFFA32AA
00014C3A
FFFEDD1A
0006EF0A
000302C2
00031D1B
00022CC6
FFFABA1B
0001FFF3
00014366
00038C85
0002FB21
00060FD7
0001083E
0002CF17
00062F44
FFFD53C9
0000E186
0005B4E5
00079357
FFFDCB9D
FFFBD8EB
0008661E
00095B6E
FFF8E587
000687DA
000B1EA8
00004E00
0006E5CC
FFFE82A7
000A5A8B
000609F7
0009038F
FFFAE639
000050A8
FFFFC926
0000205A
FFFF7D3F
00063865
000163BE
00048D0D
FFFC03C9
FFFD9C60
00046E25
00058FBF
FFFD01DD
0002A66F
FFF5D85F
000100E7
0008247C
FFF8669E
FFFCBEDB
FFFFFF35
0000C642
00007289
FFFAC502
00049902
0000DA2A
0007235F
00088CFA
000428FE
FFFB58CE
000138CE
FFF9D641
0006B4C6
FFF9D37A
0000EAF1
00044982
00057DE3
00026B39
FFFB114E
FFF99C9B
FFFC87BB
FFFFAFED
FFF9A7FB
0006A0B8
FFFC81AC
0006DD59
0005DEBD
0001BCD8
FFF79D72
00027573
000B255E
0008B02B
000015D9
FFFF01DF
00030C6B
00036CCF
FFFC494B
0006F51A
FFFCF41D
FFFCF7A8
FFFF554D
FFFEF3E2
0004BFA7
0001126A
00032ED5
FFFF32E0
FFFC1BD4
FFFE18B3
FFFBBB8F
FFFCE937
0002967B
000680C1
00032F34
FFFD66C6
0003ECFC
000124CC
00010AF9
00079D0D
00057B1C
FFFBB1D1
FFFBB4E8
0007771B
FFFC749C
FFF70034
0006976C
0001060A
FFF83441
FFFE2948
FFFEDFD6
0004820F
0006D970
FFFD97B5
00010D70
FFFCC709
FFFFBA07
FFFAED1F
00049F1F
FFFB621E
00050C5D
FFF9ED50
FFFB0816
00072687
FFFB1B5C
0000332F
0001F921
FFFF8BEF
FFFC0F5A
FFFB1354
FFFB1D4A
0005E72D
FFFB8CD5
00006BBD
000538DE
0000DE00
00044C5F
FFF7A9F9
FFFC7CC7
000213F3
FFFFF890
000555B7
FFF99DF1
FFFC91BD
FFFD644A
FFFD9F2B
00028025
0001DBF2
0000288C
FFFCC1EA
0005826B
00012372
FFFC3DA3
000428C8
FFFEA0B1
0001C84B
0003AA3E
0003607F
FFFBC19B
FFFD878F
FFFCB06E
FFF9C3FC
0001AA25
FFFD6FE7
FFFCACFA
00052749
FFFBAE38
00005CDC
0000404A
FFF7F479
0001F5C9
FFFB52DB
000027F0
00023539
0001826C
FFFB0C3F
FFFF82E8
FFF7A681
FFF5D218
00013C54
FFFBBE0C
FFFD17AE
00032481
FFFDD240
FFFD0F1F
FFFC0869
FFFD9570
000684D7
00063C56
0009385D
FFFE54E8
FFFBE721
00013C95
0004DEC2
0004D68B
000483FC
0006D886
00003EDC
