00001B1B
FFFD951C
FFFE5E8B
00025DC1
FFFF27BB
FFFE6F0E
FFFF9E8B
00016347
FFFEB610
00004A44
00004B75
00015174
00004BE7
FFFEFC6A
000060AC
000128A9
000028DE
0000CDF5
FFFDBD13
FFFFF2BE
FFFE987A
FFFE8211
FFFEE401
FFFE22C3
FFFCBDC0
0000075A
FFFB96E3
FFFEF6FF
00012A3D
00007F32
FFFFDF51
FFFFF6FA
FFFF5DEB
FFFDF83F
FFFE9569
FFFC4205
000038CF
FFFCD670
FFFE641F
FFFE9F09
FFFE4CA1
FFFF2712
000211E4
FFFED536
FFFEF7B8
0001984E
FFFE9F6B
00028C12
FFFF53D7
FFFF233B
FFFFAE98
FFFF0106
FFFEEAFB
FFFEC19F
FFFF0E78
FFFE6CC7
00027335
FFFECAE6
FFFF3BBD
0002417E
FFFEC808
FFFDEDF4
00036B7D
0002D10F
FFFE6826
0002A06E
FFFFCA35
00000517
00004ED5
00019ACE
FFFF0064
FFFF19BD
0001F43E
FFFFAB17
FFFEE36B
00024BE6
FFFECD47
00032C92
000282CC
0002A0B2
0002703A
FFFF70FB
0001290D
000184E3
FFFEADB6
00013C2C
00007A96
FFFFBD83
FFFEFAB8
000162CA
00005557
FFFEF0DC
00007C81
FFFF3592
FFFC9032
FFFD3FA9
00014E5C
FFFF762C
0000492B
FFFF2772
FFFF1999
000098D9
00004CAF
00013B0B
0000B560
00002B8B
00005453
00039B0F
00001BCE
0001A21F
FFFEBB8B
0000A881
FFFF853E
0000D515
00002A95
FFFEF913
0000AB49
FFFCBA61
00002EE0
FFFE4E54
FFFFE20E
FFFD540D
FFFDB82F
FFFF0F71
FFFF7F51
0000442A
000128E0
000151A3
000022B3
00011F2F
FFFEF28B
FFFF2822
FFFFADDE
FFFFB7AA
00000267
0001D7D6
FFFF727B
FFFFF113
FFFEA4AA
FFFF3A45
FFFF0F83
FFFE9BBD
FFFEB1D8
FFFF1CC0
0000F10F
FFFEA295
FFFF4970
FFFF841D
00017753
0000DF78
FFFE488B
FFFED5A6
FFFF113A
FFFBD2DC
FFFF311A
0000028C
FFFFDE87
FFFE14F4
FFFF5528
FFFD8CF4
FFFE1074
FFFE8F95
000051F1
0001902E
0000025D
FFFEB75A
FFFDB158
FFFF46BC
000193DC
FFFF16AD
FFFF5415
000100B1
0000A668
FFFE8657
0002372C
00007831
00004310
FFFF3312
FFFF53C8
FFFEA564
00022FE3
FFFF5FA4
00025D1E
0003CB45
000119A7
0000728E
0003D84F
00024574
0005058F
FFFD4100
00000F62
FFFEE945
FFFF3902
00008495
FFFDA312
00005824
0002307D
FFFEF9FF
FFFF9DFA
00002680
000117F1
FFFEE508
00016688
000059A5
FFFEB4CA
00021D19
FFFFA172
00024928
FFFF8932
FFFF6B85
0000498C
FFFFA1E1
FFFF2154
FFFFE7A2
00002095
0001F75F
FFFD9704
FFFE221C
FFFF3F87
FFFD8793
FFFF20C4
FFFFC6AA
FFFFFC62
FFFF515C
FFFE99C1
0000BF13
0002DC3C
0001B4B6
000381E9
0002EC7A
FFFF9A5C
00015616
00024874
FFFF5733
0000C71F
FFFEEC7B
000037E2
00001F10
FFFEEDC0
FFFEDF84
FFFDCE4B
FFFF97E0
FFFEF53C
0000F073
FFFF3711
FFFEE428
00020E3B
0001B3AC
00010B91
FFFF3DAD
0000FD25
FFFF15CE
FFFE7268
0000AC18
FFFEF767
FFFE42CD
FFFF5951
00000B67
00002ADC
FFFE08B6
0000FC71
FFFF6B32
0000B942
FFFFF965
FFFDC5A2
FFFF0B83
FFFFC445
000120A6
FFFC2AB6
FFFFE63D
FFFC82B7
FFFD154F
00000162
FFFF6548
00008FFB
00011F69
FFFDEFE5
00000263
00004B87
FFFDAA7B
FFFEA5B3
0002030E
FFFE0ABD
00029BF2
0000BFB3
00005DCB
FFFF6A25
FFFF9D77
FFFFE923
FFFE1D3F
0001940E
FFFE37A0
0000BE2D
FFFEEF05
FFFFBF55
FFFE3250
0000C689
FFFF0A67
00011142
FFFDD6B5
0001FA47
00001996
000246F5
0000AF77
00004CA4
FFFF4477
00037F6F
00002052
00028981
0002E6EA
00019907
00014201
00022B44
00009BB2
0001EC2D
FFFF1BFF
FFFD322C
FFFF1F51
0000EABF
FFFFAF63
FFFDC351
FFFF8489
0000940E
0000FBAF
000093B6
0000C0C3
0001E7B7
00025596
FFFEF6FF
00000DD6
FFFF3240
FFFF61D1
000151E3
0000817E
FFFFB4B2
00017B19
00007C3D
0001A3F0
FFFF66BE
0002B811
00012B69
00020DEC
FFFF27DD
000124BE
00014CE9
00016DC9
FFFF55F5
00009261
00014A4E
FFFF4915
00006F99
00006A1C
000078FC
FFFFDA51
FFFFC8E4
0002C894
00008338
0000E780
000128F6
0001477C
FFFDE4D7
FFFE14AB
FFFEBF51
FFFE68F1
FFFFEB54
FFFDF129
FFFFC199
FFFEC8F4
FFFFA253
FFFEB5AE
000064B2
FFFDFF60
FFFDBF91
FFFF8F12
FFFEFB30
FFFE2785
FFFF90B8
0000A765
FFFF312A
000120D3
FFFFDB48
00004C2E
0000D104
0002AA2E
00010B4F
FFFE8620
FFFDEF81
000298C2
0001F7E6
00009CCF
0000AEC6
000273A3
FFFF8CC0
00040269
00004237
0000A412
FFFEF599
000031FD
FFFFEF00
0001BFFA
0001486C
0002946E
00008C82
FFFFDFE1
FFFFEB3F
0000CE91
00023635
FFFDDDD7
FFFD32B3
FFFE440A
FFFF0826
FFFF8C4C
0001AB86
0000404F
0001669C
FFFE74E8
00015A89
FFFEA61C
0000975E
FFFF6A60
00008049
FFFEDB28
FFFE704A
FFFFECBC
FFFFACC5
000362BF
FFFFB8F1
0003D9CB
000096CB
00031F17
000017E5
000239E6
FFFF5673
FFFE5E97
FFFEC031
0001659E
FFFFF123
00018213
FFFD96E0
FFFE53A9
FFFE6A45
FFFEAA6B
0000FF5E
FFFEEA9E
FFFFE5A6
FFFFBA28
00023EFD
000156A1
00005DDC
000120F6
00002999
000081C7
FFFCF97E
00021B58
FFFF5461
0000DC62
000206A2
0001BA50
0000019D
0000967D
FFFF8534
00002207
000063DF
FFFF366D
FFFF93BA
FFFD2AFC
FFFDE513
FFFF49BC
00013DA9
00007F34
00025A6E
FFFE4DD3
FFFF6DA6
00035BA8
0000D2BA
0002C497
FFFFB7D4
FFFEBFFC
FFFFCB1F
0001639F
00003960
000173E7
0000CDD1
0000CCC1
000319D2
00006309
0002576C
00005914
FFFD9EF8
0002674B
FFFFB7B3
FFFE6808
0002EC76
FFFDF6F4
0000B30F
00007EA8
FFFF4D3B
00021A14
00018307
00002346
00006475
00024B0D
FFFF3A80
FFFF11B7
FFFC7A09
FFFDD85C
FFFE63CA
FFFFB5B9
FFFED090
000115FF
FFFD3AE8
FFFE6B9D
FFFEDCC0
0001DDA6
000124F9
FFFFCABB
00018410
0002E763
00021060
000046C5
000381BE
000217F7
FFFF89DC
FFFF01BE
FFFFFB16
0001D7BF
00013084
0000EA33
00000CB9
00020255
00002C15
FFFFB9D1
0000CE92
0000EB9B
FFFFF8B6
FFFE1ADF
00011CD5
FFFE6D58
FFFD4AB7
FFFD0A6C
FFFF2E01
FFFE4C9E
FFFF19BC
FFFFEA8C
00002D73
FFFFD0E8
FFFD6416
000079FD
FFFDB419
00017EF4
00000569
00010649
FFFE3556
00026311
00018ABE
0000A632
00004AB1
0003098B
FFFE304A
FFFFBD85
FFFFF1ED
0001B8E0
FFFD6E30
0000EE3A
FFFC1398
00010CB2
FFFE50A0
00001118
FFFDF48F
FFFFA357
FFFFA088
00001357
FFFF5BCC
000097A4
0000B7C4
FFFEC562
FFFF74D0
00017CCB
FFFE809F
00018AC1
FFFD3CAD
FFFE8C4C
00001E99
0001307A
0001CF4A
FFFEDE1D
FFFE83E9
00001D5F
FFFE0966
FFFF5260
FFFEEFDF
00000C11
FFFD2A36
000007C5
FFFF61E1
FFFF0F7E
FFFEE61C
FFFEDADA
FFFDDED8
FFFFABA7
FFFF21CC
0000F27D
FFFE7584
FFFF6006
FFFD4BA4
FFFD64B2
FFFCFC90
FFFC7545
FFFD5301
FFFDA0AC
0000F621
00006CBB
FFFF9415
00024DEB
000067AC
00006E1F
00018D6A
0002F0DC
0000FCEE
FFFFA1DF
FFFE4D42
FFFD355F
00013CB9
FFFE36DA
FFFCBD18
FFFEC3E8
0000B85C
FFFD1E80
FFFF4755
FFFDF457
00031ED7
FFFFCEB0
0003716A
00045EAA
00008C7B
0002BCBB
0001C675
00040E17
FFFFB99B
0000C5D7
FFFD1596
00005FC3
0000BB05
FFFE6A6B
0000808F
FFFFA4DA
FFFDA984
FFFEE9A0
0001468B
FFFCC25A
FFFD4ED6
00012F14
0000CBE6
FFFD40E2
FFFD75B8
000015AD
FFFE50A4
00010E2D
FFFFA8AC
FFFF1A91
000130FB
FFFD469E
000070C8
FFFF752A
FFFEC574
0001B03A
FFFFF823
FFFEEE7D
FFFEC83E
FFFB230F
0000AD1E
FFFF5D89
000030A4
FFFEA3A1
00020DD3
00002F97
FFFF7DCD
0000119C
FFFE70B4
FFFF2BC2
FFFDB819
FFFD5CE4
00004684
FFFF34B9
FFFF1A18
0000137D
000278A4
00016846
000119E4
0001A596
FFFF4D80
FFFF702B
FFFF4B83
FFFEA704
FFFE8262
00026FD9
000151A5
FFFF9CDF
0000681C
0001D0D6
000192CD
00016729
0000D104
0001A68D
0002032B
FFFEA89B
00004B19
FFFFDD44
00011624
0001FE06
FFFE76A8
0002309E
FFFF05CD
0001D5C9
FFFEB98A
FFFEECF9
000063E2
FFFFC423
00016EF5
FFFEEF3F
FFFEA26B
000181C5
0001140D
000175AE
FFFF61F1
FFFF434F
00023A19
0002966D
00002193
FFFD6821
0000692B
FFFF8975
FFFD6FB0
FFFE8772
FFFD258A
FFFDECC4
FFFC207B
00009D41
00033FBE
FFFEC49F
00023363
FFFFC4EF
00028699
0001921A
00000E06
0001E1D7
0002F7A4
FFFE3BCB
FFFDFFB8
FFFF287C
0000065E
FFFD6F0D
0001FF5F
0001B3DD
FFFE2FC7
00005CAB
FFFF3054
0002C789
FFFFF3DF
00009E9B
FFFEAF96
FFFE1C45
00001A7D
00009950
00007C78
0001A855
000047FC
000171B9
00005F53
FFFD2E01
FFFF1278
FFFE8B33
FFFF02FE
FFFFAF54
FFFFEDA4
FFFFAF13
FFFDF77F
FFFF24CF
FFFD66C9
FFFF5BB9
FFFEEDA2
FFFFE4C0
FFFF6CDD
FFFEFE83
FFFF9A8B
FFFE4543
FFFD162E
FFFEC8A2
FFFE3C11
00016C14
000007A8
FFFCB12F
0001D4F7
0000D048
FFFF7115
000098B2
FFFDDA2C
00012114
00012298
0002ADB2
FFFFE316
0001A076
000012D6
FFFE4967
FFFFE4A0
0000E539
FFFE79E3
00002665
FFFE5FCC
000193BB
000086AA
0003366E
00029943
0003B51C
00031E8B
0001B4BB
0001346B
00010D26
FFFE9E40
FFFF43DD
FFFDCC27
FFFE9952
FFFFCEDC
00019926
FFFD4F52
FFFFC18B
0001FFEB
0000056A
000491FB
0005EF69
00025490
0001C5C1
FFFFB629
0004A39E
00035259
000099D5
0001E87D
FFFEF55B
00003D82
00005C31
0000A3EF
0001F8D4
00017DD4
FFFF5FCF
FFFF378A
FFFD6208
000145B8
00012A4B
FFFEEF62
0000DBA5
0002427B
FFFE9843
FFFFEFB4
0001D7AD
000059D0
FFFE975F
0000F383
00002E91
FFFE7E9F
00025049
0002BDBD
00014E1E
FFFE9A7F
00037391
0000BD71
0003C049
0002F9F3
0001F306
FFFFBB7C
00033E7D
00030C49
0004D1F2
00022EB8
FFFF1FCD
00004745
00005739
000169FF
00021232
0003250B
FFFFD2E4
FFFFFD1C
FFFDD525
00000FAA
FFFD5C41
0000C1B8
0000C50F
FFFF261D
FFFD3831
FFFE1099
0000E160
0000F26E
FFFFE788
000044C0
FFFE57C0
FFFEA4F5
FFFFABB6
0001A579
00005EA0
FFFF54D4
0000193D
000224D1
FFFD52C5
00001232
FFFDD223
0001C661
FFFD6947
00007CA7
FFFEB789
FFFEAE49
00004912
FFFF5A24
FFFFFE7F
0003BF8F
00010653
00038AED
000081DD
FFFF5CCB
FFFF3222
00039178
FFFE3685
0000ADBD
FFFFB6BD
FFFFDEF7
FFFF5B0B
FFFDB5F6
FFFFA26A
FFFDA4B8
FFFFAEFE
FFFE1422
000086F1
FFFFC2FF
FFFF2613
00008A76
0002580F
00001322
00001B0F
FFFF439D
0000F758
000160F5
0003848D
00015266
00027841
FFFD7B92
00019340
000105CC
FFFE7B2E
FFFECDB6
FFFF1FCA
000097E5
0003746F
00023543
FFFED5E9
0000EB47
00013900
0000802D
FFFF7A18
FFFDDE57
FFFCE8BE
FFFFA135
0000E997
FFFFB09B
00005336
0000CB53
FFFDB75D
FFFFC176
0000FB72
FFFCB0D5
FFFEEB88
000195BE
00001D05
FFFF2850
00008781
00019774
FFFD41D6
FFFF7D4B
FFFDCC6A
000228B0
FFFD169C
0000B355
00000616
FFFE2F21
00013DB0
0000E807
FFFF521C
FFFEE59F
000006CD
FFFF9BC5
00003299
FFFDE527
000362A2
FFFF2400
FFFEA4C3
0001E0A7
000002D2
FFFD5A5D
00008B9D
FFFF0EBD
0000E42E
00023211
FFFFA87F
00012079
FFFFA26C
0002BC7F
FFFFC81E
0000F35E
0002F121
0001A5E0
FFFF8FC5
000221D8
FFFFBEDA
00028B78
FFFFC283
FFFFD316
FFFE5ADF
0000916B
FFFDF23D
0002A27F
FFFECC75
FFFCD84B
FFFDA80D
FFFF0864
00000B8D
FFFCC137
FFFF4F0C
FFFBABBC
0001D3B5
FFFF1B03
FFFF22A5
FFFFD4F9
FFFFD7F6
00002273
FFFEE328
00001B15
FFFDA624
00001006
00032029
00002D8E
00032C1D
00017047
00016729
FFFE4AA7
FFFF59F0
0000689A
FFFEF466
000296A4
0003F88B
00042A08
00012708
00039732
00018601
FFFFBE4F
0002EEAC
0001DE7F
FFFEDD26
00008DCC
FFFF8218
FFFDCCFB
FFFE14D1
FFFE0C7F
FFFE6EE8
FFFF8E3C
FFFCF933
FFFFAF23
FFFFB7B6
FFFE5907
FFFC5E22
00017B73
0000E2E2
FFFEADDE
FFFDF67B
00017FAC
FFFE7864
FFFEB5AD
FFFE5CBA
00013C2E
000027D7
FFFD0A15
FFFE6608
FFFE51DF
FFFED828
FFFE0673
FFFD4872
00025DA4
00027E4B
00009EC2
FFFF02E6
FFFE6DAE
FFFE4EA8
00026477
FFFF84FC
FFFE08EA
FFFE44D2
FFFF16B6
FFFDAFA1
FFFE9FD8
FFFCDDDA
FFFF50B5
FFFEEAE2
00004CA3
FFFF7EF6
00010B1C
FFFFF307
00016A6B
FFFFF3FD
000018D7
0000D535
FFFF1E4D
00037D30
FFFFA65C
FFFEDA9E
0003D04F
0002BE81
00034C62
0001641C
0001CE5F
0004747D
000232C0
000190EA
000122CC
FFFED9C9
000081C8
FFFEC706
FFFED7D4
0001271A
000316AA
0001DFDD
00010F26
FFFF65EC
000208F7
FFFE5A20
FFFCC1D0
00027619
00013638
00008FA8
0001829F
FFFE7BAE
00008E01
FFFDC785
0002CA06
FFFDDAC0
0001BCAC
000085B6
FFFF6C87
0000192B
00023781
FFFE1860
00003069
FFFEECC0
FFFF1442
FFFEB59C
FFFF7594
0000E157
FFFF8115
FFFEC946
FFFEE0D5
FFFF2E5D
FFFDED05
00041B6E
FFFF4AF8
FFFFA428
FFFE16A0
0000A903
0001C1B2
0001E8AC
FFFF760A
FFFF3B41
FFFFCC5B
FFFEDA4A
FFFE9BFC
FFFBFD24
FFFC348B
000083AC
000235D2
00001711
000171A1
FFFF018F
FFFB99DC
FFFDDCA1
FFFD38B1
FFFFE442
FFFE8A18
FFFF6285
FFFEFA05
0002C7FA
0000A13F
FFFE9E4A
FFFD02DA
FFFF849F
FFFFCE57
0002047C
FFFF2023
0000CED3
0002E049
0001C7F6
000375B4
0000B203
00003666
00004137
FFFF0246
0002AB67
FFFF2922
00010038
0002EF65
FFFD6E5A
00008EBC
0001DAF2
00009215
00020C5E
00022101
FFFD196F
0005993E
FFFEA3E3
0001A8B4
FFFBEC95
0001782A
FFFDD7AD
FFFDD85A
FFFFEC3F
00000412
00010ACA
FFFD125A
00002131
FFFD68F5
FFFD6BA8
0001CCE7
FFFDCA9C
FFFE050B
0000BDF1
FFFD4124
0002F4BD
FFFD1CCB
FFFF5AF6
FFFC7863
00010051
FFFDB2A8
0001DE25
FFFDFD6B
FFFFCE3F
FFFDFDC3
FFFF7A63
FFFFA5F0
FFFE944C
FFFE4B6F
00011AE7
FFFF55E2
00040A69
FFFE8135
FFFF5F43
FFFD9DEB
FFFDA493
00018357
FFFBB7AE
000180C2
FFFDF2BF
FFFD45A8
FFFDF254
FFFF8D92
FFFF23E9
00016E35
00005C44
FFFF93F2
0000B602
00014525
00001A15
FFFCC102
0001BA0F
00034885
00038977
FFFCC1B4
FFFE6AFD
00005892
FFFF3601
00007A8F
FFFE6380
FFFFFB11
FFFEC6CA
FFFFE21E
FFFEB4A3
00021148
00004A3F
00016512
FFFE9149
FFFF6B5D
FFFF36F1
FFFE1BB7
FFFC6EE4
FFFE937C
00036B30
0000F0C1
FFFD8A5C
FFFFAFFE
FFFFDBBE
0001B0C3
0003AB0D
00016C6A
FFFE8E35
0002D29A
FFFF7870
FFFC806D
0000626F
0000E455
00005949
00002CCB
000017D1
FFFE4CC1
00009D22
FFFA5421
0001A6D5
FFFE245E
FFFD7E40
FFFEC344
000147E4
0002E452
FFFCA0AB
0003AF0F
00031F65
000244B6
0003D3F1
FFFD5952
FFFE4A12
0000DF40
00027B7E
000016D4
FFFF1906
0003D808
FFFCD6EA
FFFCA767
FFFDE93B
FFFDC679
FFFE6087
0001A106
FFFE7D00
0002E12D
0003232A
FFFD4617
FFFFDB59
0001F71E
0000E28C
FFFCC1A7
000026BD
FFFE2007
FFFEE364
FFFFA544
FFFBDB11
FFFD84C7
000274A9
FFFE6F28
FFFC1CD0
FFFE25F0
FFFD634B
0002137F
FFFE42A5
0003BCC3
00008520
FFFEB8FD
00024239
000228CC
00016FC7
FFFE7D3B
FFFC086C
FFFEE774
FFFE2309
000033BF
0000EE7B
FFFF5AAD
FFFE6030
FFFA89C6
FFFD1890
FFFF0645
FFFE802F
0001C749
FFFD029E
00037E69
FFFA83B4
FFFEC952
00009D6D
FFFD612A
00048965
FFFF9112
00035F40
00030A09
FFFFCB61
000428B9
00014486
000380EF
FFFFE5F1
FFFF7977
0001AB1F
FFFE3532
FFFF46A0
0000E7D5
FFFFC768
00002008
0000385F
000203F7
FFFF393F
FFFDF322
FFFF5C32
FFFD86B6
FFFC7430
0002A9EB
FFFEC8C9
FFFCFDA7
00017A3F
0001B64D
00001C30
FFFF3B43
0002CF2B
0005EC1D
FFFD9598
00028B93
00018FE6
FFFF5274
FFFE11F2
00012461
00014399
FFFD7FAB
0002D3F5
FFFFB6E2
FFFE8B05
FFFD83F0
00001E49
00035B02
0002A51E
0003A4D6
FFFEC0BA
FFFE27A4
000004BF
FFFF3DB0
FFFF3A8D
FFFDD761
FFFE65C1
00007F1A
00026E56
FFFE5F9B
FFFF7007
FFFDAD3C
00006387
000184EA
FFFBEEB9
0000DC1C
FFFDFB42
000110D1
0000647C
00038BB7
FFFE3B6F
000417CE
FFFF30A0
FFFF5936
00027436
00029DE8
0000F16D
0001856F
000253DB
0001D4B6
FFFFFFA3
00013F16
00007477
00014F32
FFFFCC39
FFFD9EDD
FFFFF8FD
FFFEC854
000094B5
00005D6D
0002C3BF
FFFD3EED
FFFDB5AD
0000527B
FFFFC4DD
FFFF4883
0001C44E
FFFC9DE6
FFFCB203
000085F2
FFFFFD74
0000F616
FFFF9F69
FFFF91F1
00031F42
FFFE0E6F
0002BEEA
FFFF757B
0001741F
FFFFEB6A
FFFED647
0002EF85
00007CD0
FFFD2B04
0004436B
FFFEB7DD
00046F17
00006BDC
0000F8FE
FFFE74CA
00005EDD
00021955
0000C329
000074CF
FFFF00B0
000298D1
FFFE4340
0001A091
FFFD295C
00020975
0000AC42
FFFFDCB8
00004E04
FFFE9A5B
0000D8F6
0000AF9C
FFFBED46
0002D14D
0001BB46
FFFE497F
000032AA
00029EFE
000172D0
00029633
FFFEB419
0004CFF1
0000E74B
000053BE
FFFF782B
FFFFC9D7
FFFE4EB6
000387DD
0000EF86
0000828D
0001E4DD
0001C93C
FFFFDA96
00015700
FFFE0189
00026B6D
FFFDE295
00002308
FFFF263E
0000EEDA
0000533B
FFFAE1D9
FFFCFA39
000292D4
FFFEB1F4
FFFCCE95
FFFDEE17
00008E76
0001EEAF
00017B47
00042FFD
FFFD60B7
FFFE4395
FFFF9A7A
0000EC53
00000DF3
00014786
FFFF2E60
00005AC5
FFFE26D8
00038EC2
0003B16F
00002E2C
00049562
FFFDD4A1
0004DBBB
FFFEB8A3
00001853
FFFEFE66
FFFE6FA1
FFFEF642
000455A8
FFFF611E
FFFE8640
00009701
FFFED295
00009835
0001A53F
0000A2EB
00008BE5
0001BF59
0002B401
FFFFD54E
00017974
0001E38D
FFFDCC77
FFFF4A2C
FFFEB39B
FFFF3B1E
FFFE7D15
0002D935
0001C15A
FFFDEEE5
FFFE4DA3
000070B7
00004FCB
FFFE8AC3
00023091
FFFD47A7
0001D947
00036138
FFFFD8FA
FFFD39B1
0001E1D3
FFFE0585
FFFD0F9A
FFFEBA04
FFFD2833
FFFF2C5A
FFFF8E04
00013CAB
00010C65
FFFF265B
FFFEAE47
00013BF5
00026A9F
FFFC1C71
00049D52
00015A01
FFFD0080
000106FB
FFFC9A9A
00036088
FFFFAB7A
000058BF
00026D5D
0005A1A5
00017B2C
FFFF775F
0000D06C
0000A759
000171EA
000273A3
00003B1F
000096AE
000306CA
0002BEB1
0000F1DB
00031B13
000228D0
FFFDB9E1
0001D3B9
FFFED1E0
0000A2D9
FFFEC01A
00030393
FFFDC170
FFFEEAC4
FFFE5932
0002C569
FFFD3574
FFFE3160
00013ED1
0000EE47
0000B453
00005EC6
FFFE5F80
0000E069
0000F8A9
00008705
000378F5
FFFAC362
FFFEC5CB
0000DE23
00011FB5
0002F744
0003BF65
FFFE2E5D
FFFDC657
00014877
FFFD0341
FFFFD7E4
FFFF79AE
000069F9
FFFFAFE6
FFFD0488
0002A9C8
FFFF529F
0000DA02
00036EE9
FFFEE9F7
FFFF912A
FFFB4C9A
0002CAEF
FFFD6D08
0001290A
0001C576
FFFFE8AB
00037402
FFFF9037
000277C7
FFFE45CE
00009E67
FFFEB843
0001046A
000172FF
FFFDF375
FFFF2FC7
0001D30C
FFFFCB23
00007CF9
FFFC7488
000204F9
FFFFFBA6
00014DA2
FFFED3D1
FFFEF687
FFFFB8C9
FFFC2573
00025132
FFFCADA9
0001AD61
FFFFBE22
FFFFA9D6
0002E639
FFFEB5D1
FFFE9D41
00002C7B
0002F406
00025161
FFFECB8D
00013CF9
FFFBF4E9
FFFFB680
FFFD4F6B
FFFFBC86
FFFF62F2
0000A2D0
FFFF9E0A
FFFEF6D1
00003675
FFFFE4B3
0002EAF8
FFFF2860
FFFFD52D
00032607
FFFF9277
00019ABE
00000DE0
00015D49
00030B58
000171A8
00012AB8
FFFFF589
0001944A
00028A16
00009A14
000017F9
FFFE3AA8
FFFEF8B0
FFFFC221
FFFF5D7F
00025817
00014499
FFFD5D28
0001CAEE
000160E4
FFFF2889
FFFD5808
FFFD6E65
FFFF780E
FFFD84C1
0002060C
000093EA
FFFD98DA
000117AB
00000195
FFFE6371
00003C9B
FFFED564
00006888
FFFE7D99
FFFF8D79
00016B1C
FFFF2C34
FFFED28B
00024380
00006D0A
FFFE9977
0002A915
FFFFCDE4
00002116
000144B8
00017A4B
00001A3C
FFFE65BC
00011DD1
00013B88
FFFF5A52
00002729
000353F2
FFFCE15E
00005883
FFFE2572
FFFEF366
FFFED8D7
FFFCBAA2
00007E82
FFFE68A6
FFFDE7C2
FFFC72AE
FFFE61C3
FFFF8F87
FFFE5802
FFFFE6F9
0000EE4E
00024609
FFFFD8CB
00013B61
0001E4CD
FFFFCB53
FFFF1859
FFFD7252
0000341D
0001A675
FFFE2F2A
FFFE3296
00007777
00009326
FFFDBA05
FFFD9260
00010C62
FFFF2F8B
0000A2B2
FFFF63C4
FFFFFBE1
0001ABDB
00017F9A
000212CE
0004319D
00012E4F
FFFF95A5
0000D54D
0000014C
0001BBFB
00021593
FFFF7B4B
FFFDC775
00008D1C
00000731
0001AA87
FFFDD1AD
FFFF1C13
FFFDED56
FFFDC89D
FFFE2097
FFFEDED7
FFFE76D8
FFFE81E5
FFFECE60
0000EEAB
FFFD5B07
FFFF49A8
FFFFE4FD
FFFFFE37
000113FF
0002548A
00020B5C
00003172
0001E625
000231D3
FFFE2F50
FFFEB9F5
FFFF74B5
FFFDB15E
00014686
FFFFA6A6
FFFD22BA
00010361
FFFEC775
FFFD40AD
FFFEC0F5
FFFD4B16
00006C89
00005427
FFFD50BB
0001D438
FFFE663D
FFFF5A50
0000B3FE
00018B6D
FFFDE084
FFFC576E
FFFDA53D
FFFF60CC
FFFD5FB3
FFFC6ADE
FFFF9ED4
FFFE6474
FFFC8D55
FFFF4384
FFFE1392
00009DCA
FFFF2F8D
0000CE0C
0000A7D6
000056D7
000017DD
FFFF7116
FFFE8A72
0000357F
FFFF40A2
FFFEB3BF
0001C23D
FFFDDAA1
00008576
00023038
000083C3
FFFFE119
00026ADA
00020331
FFFEF038
0003D216
00049773
00031CA6
0001B549
0000E205
00019065
FFFFCB43
FFFFD930
FFFF7D1C
FFFE0266
FFFDB447
FFFF0732
FFFEFEBD
FFFE609F
00010F81
FFFFD801
FFFF2FE4
000026FB
FFFEA1B0
FFFE9CE3
000020D3
FFFF9F78
FFFF35D6
0001A2CE
0001BBC7
00023331
FFFFB861
FFFFA156
0001FD45
FFFE8E8F
0003759A
0000A2E2
0001C510
00011395
0000E8D8
FFFF437F
FFFE804C
0000CD54
FFFEBF38
0000A415
FFFDFA8D
FFFFAC50
0003401E
0001D6C5
FFFDFB88
00019A81
00025C59
000275D0
00000F80
FFFE9436
FFFF53C6
FFFE62C1
00009111
00007123
FFFEC33B
0000B6A7
0002E25E
FFFF5BC0
FFFFD4A2
00028821
FFFFDECE
FFFF706B
00014F67
00018625
00018172
00032399
FFFE8F90
FFFF2086
0001FC76
0001610A
000125E3
000229EE
0002011C
00004E9E
FFFEF959
00014A6A
00029C72
000244E6
0000E88D
FFFF9662
FFFDF6E0
FFFFF5EE
FFFF76CA
00011A08
FFFD6790
FFFD09B2
FFFF63F2
FFFF018B
00007D1E
000012DF
00022286
00016D1F
FFFD7E6C
FFFF21E5
FFFDA80E
0000C08F
FFFE73F3
FFFDAB53
0000119C
FFFF2F5A
000066E5
000176D8
FFFF49F9
FFFE0238
FFFF7E68
FFFEE357
FFFE8D69
0000C850
FFFE255E
FFFC644F
FFFED5EB
FFFFB0B3
FFFCA3D3
FFFE6F25
FFFF91A2
FFFDE69F
FFFD5CAE
FFFE842E
00023B36
00000F95
FFFC81DE
FFFDBF77
0000F16C
0002991E
00017B30
00029147
00026DFC
00021085
0002D9F8
00016118
00027716
00013409
FFFE1DDE
00004E4C
0000B5A9
0000C325
FFFF0D82
00021751
0001E57E
00025FF1
00009039
0001B7A9
00021BC1
000120A4
000068BE
FFFE0CD6
FFFF0F21
0002EAD6
0000C9A4
000226A8
00009B44
00011A19
00036CBC
0002C673
00008C76
00009C3F
00035732
00023B7F
FFFF9F65
FFFF389D
0000F5F4
FFFFC597
00017754
00010565
0000C5F8
FFFF3870
FFFF4DA7
000289E1
00031749
FFFEFDCE
FFFEBBA5
0002A7C5
000279F7
0002930B
0001CF7F
FFFFB78D
0002AC29
FFFECDA5
FFFD628E
FFFF920C
FFFF9AF7
FFFCF5C9
FFFB67C0
FFFE5FBE
FFFF803B
FFFD4A10
FFFF5684
00017221
000166E8
FFFEE0A1
000028CE
FFFED3F7
FFFD9F16
0000C60D
FFFE3714
0000877A
00011CD9
FFFE5D35
0001652B
FFFFE981
FFFFD5FA
00008B66
000190D0
FFFFE0F4
FFFF5162
00006A6E
0002ECB2
0001771D
FFFE41E1
0001854A
0001F5CB
0000DE39
0001EE17
0001BD81
0002E66C
00012EF4
0003CE72
0002E3BF
0002CC7C
0000E59F
000370A1
0003EADB
FFFE8A47
FFFE0727
FFFEB13C
0000E695
00010B2D
00021B9D
FFFF83E2
FFFE4BE6
0001140A
0000DFB6
00012CA4
000119A8
000064C9
FFFD2572
00017429
FFFED984
0000BAA1
0001CE73
00008ADD
0001522D
00013EC9
0000B12F
FFFFD764
0002538F
FFFF7592
FFFFC4FD
FFFFBD34
FFFEDF4A
FFFEEFD9
FFFF4529
FFFE6BC9
FFFB9FEA
FFFE8790
FFFC80B5
FFFD550B
FFFDA73A
FFFFA7BC
0000073A
00013198
00017D4C
0001233F
FFFEF197
000101C4
FFFF516C
FFFFA4CC
00016E18
FFFF3F17
FFFE36D4
FFFEDED3
000215EF
00011FCE
0001220A
0001E76B
FFFED285
FFFD1B0B
FFFCE42F
FFFE7710
00021CCD
FFFDE807
FFFE689D
FFFF3EA0
FFFDC2BD
FFFF8CE0
FFFF517A
FFFFE333
FFFF9CD8
0001BFFF
0002D2FD
FFFE18D4
0001F81A
00017194
FFFE8609
FFFF3572
000102A2
000110FD
FFFF2CBE
00014470
FFFF6306
FFFF6667
00033E3E
00030971
FFFEDED2
FFFEE42C
0001BEA1
00015600
000047C7
FFFF40B3
FFFEA355
FFFD7BF6
FFFCD754
FFFF4297
00029AD1
000214BA
00012617
000197F3
000044F0
000156E4
FFFF3E65
00009C59
FFFFED3F
FFFDE243
FFFD8C53
FFFFF3F3
000014C5
FFFE8197
0000CE3C
FFFF3DC2
FFFE47F8
00002D08
00004023
0000DD43
0000C16F
FFFF795A
0002AF9F
FFFF8A88
0002052E
0000A9B2
FFFF8AC4
000176F7
00010323
000216C9
0000F2EB
00002B32
0001D41C
0003BBEA
FFFFD91C
FFFFCEC4
000230D4
00006102
0000012B
00020E4F
00017CF8
FFFF1801
00021E7D
00008B1D
00005FF6
FFFE9101
FFFFA8C8
000162A0
FFFDF549
FFFD4FE0
00003CAE
FFFE49E9
FFFEDC41
00013278
FFFEBA2C
FFFFBFF1
000041D5
00011C33
FFFD8B78
0001C43C
0002047D
0001D963
FFFFB1E3
FFFE7B80
FFFE6250
FFFE00E4
FFFFDB0A
FFFED9AA
FFFFD88D
FFFDD5C7
FFFEE35C
FFFE3415
00016635
FFFD5AA4
FFFE6A62
FFFE26F1
FFFF7BA7
FFFE9547
FFFF9B7D
FFFFEBD6
0002849A
FFFEE243
0000E1D3
FFFFF9EB
FFFF1042
0003794D
0001B2A6
000506B7
FFFF6542
00020A07
0002E4E7
00011400
000327C7
FFFE9C43
FFFDED6B
00039750
FFFF2304
0002323B
FFFF8DFF
FFFFAB42
FFFE41DE
FFFDE554
FFFEAF89
0001561C
00019B0D
FFFEB257
FFFDCA28
FFFBE709
FFFDD632
FFFE4FA4
000049CA
0002F0CC
FFFF285A
FFFF1F3B
FFFDF725
FFFD92FF
FFFE8DC8
FFFE77D4
FFFF856B
0001AB3E
0000F525
FFFEC706
FFFE5173
00026F0A
FFFEF7D5
0000E972
FFFF3EDB
FFFEA541
FFFCD57C
FFFF8AA2
000075DE
FFFD8CBA
FFFF86EC
0002BC67
FFFDA86E
00027201
0002DDFA
000239B3
00038B6B
00031049
FFFD9807
000107A2
0000424D
FFFDFFD4
FFFD50D7
FFFE5395
000113AC
0000262C
FFFD60B6
0000E5D2
00015252
FFFEE699
000009B9
00036474
00033C80
0002145F
000281AC
00029890
0003E289
FFFF293B
FFFFE339
FFFD329E
00008A7A
FFFFC605
FFFCB38D
FFFD21FE
0001A621
00004EBB
0001A037
FFFFEBD9
00016445
FFFE0482
FFFC56F8
0004016F
0000EAC3
FFFD8211
FFFE82D9
0000629C
FFFB8C9F
000343F5
FFFE04FA
FFFF2684
0001E867
FFFFF252
0000EAA8
000067D8
0000D458
FFFDE005
FFFE998E
000204B7
000023B3
0000D259
FFFFD525
0001C8D3
FFFED0E5
0002A9C5
FFFEEA4F
00019805
0000AADC
FFFDA9D0
FFFE9E71
FFFEB88E
FFFF5583
FFFEE654
00019066
000040E8
00024ACA
00018AF3
0001E0C4
00007633
FFFED3CE
000293BF
00022342
0000BBBA
FFFE6F32
FFFCDC91
0001326B
FFFD8F64
FFFBBE07
FFFB73F6
FFFD913F
FFFD19E4
FFFA7560
FFFC7C46
000211B0
FFFFBBE3
FFFBCA13
FFFF7781
000080D7
FFFF4822
00000921
FFFF7D03
FFFF47CF
FFFDB147
FFFF9559
FFFF5965
0001CF82
FFFE30A1
0001D0C0
FFFDB970
FFFD1B86
FFFC5982
0000188E
FFFFCC0D
FFFDE892
00027FCC
FFFE7C62
000144BF
0001279C
FFFD9F04
FFFE5B40
0000DA71
00000381
FFFC8F05
FFFEC6C4
FFFCF9AE
FFFF01E7
FFFE4DCC
0001D766
FFFFE9DF
00011A74
FFFE8702
00014AB0
0000332E
0002ACFA
00026FEB
FFFFF5C4
000334BD
0004DCBB
FFFF1522
FFFEE2D7
FFFD9894
00011596
FFFCDF15
FFFE43C4
0000D1B6
FFFDFFE7
0000E6CD
00014DE8
00033977
FFFE33B7
00034DA4
0000489C
00032BE0
000151AE
0002CD34
FFFF980B
00000225
0001F83F
FFFFE424
00011C3A
0001BF19
00023E5F
0000E758
FFFF2A77
00037CAF
FFFB0E78
FFFEAB3F
FFFDAA21
FFFE3800
FFFC81DE
FFFEAEAC
FFFF0ABE
FFFD47D1
FFFCE9B2
0000F30E
0004615C
00029855
000253E9
FFFFBE28
00021BFA
0003DD12
0001066A
00008480
FFFD681D
0000B262
FFFE42E7
FFFE503B
FFFFE775
000020CC
FFFCBD23
FFFE7FF1
000036FB
0003E5BF
0002685B
0002AB94
FFFF425C
FFFD4B00
FFFFDA14
FFFF65D0
000372E2
00019935
00031D23
000307AB
0000D10F
000405A2
00042FA7
00038B3F
FFFF0EFD
00000A30
00018849
FFFE9380
FFFF53FD
0000AFD3
0001BED2
FFFE564E
FFFDB73A
FFFDCCAF
FFFFB0F5
FFFF3FDD
FFFEBC14
0001A21E
0001A58E
FFFDAD47
FFFD0B6E
FFFF32AE
FFFEF141
0000720A
FFFC0FB0
FFFE0E1E
FFFE155B
0000E6D1
0000A608
0001BC71
FFFF0086
00024C31
0001A00E
00029665
000169C0
FFFE726A
FFFCF689
0000312C
FFFC6F14
FFFC89A1
FFFBED61
FFFC24C3
FFFD4BA1
FFFEE3A1
000082B4
FFFEF25E
FFFDDDB2
FFFD9A8E
FFFDC138
00009577
FFFD57B9
FFFFE466
00038E1E
00039E51
0000BA23
0002D11E
0001720C
00036C64
0003B96C
0002ACDD
0000F5BA
000050E9
FFFEB887
00002956
00003E4C
FFFE0B96
FFFFEB01
FFFCD672
0000FCF8
FFFECF2A
00025E7E
00027D02
FFFF346E
FFFED7BB
000149CE
0000D1B5
FFFFEFD8
FFFEA1D9
000385DC
0004773A
00014EEB
FFFF5291
0000ED3C
00037568
FFFF9016
00019E68
00015E94
0004B3AA
00010600
000137C3
0000A6DE
00021C1C
0000C8FE
FFFEB41F
0000340A
FFFF1661
0002CE1D
00005025
00006635
0001B61A
00014923
0002D563
FFFFF42C
0000F885
00012AEF
00052F50
FFFF8F07
FFFD3045
FFFEE59F
000212F3
FFFD9831
FFFD1E76
FFFE7A56
000159F9
00003D4F
FFFDF89E
FFFDAF6F
0002C2EA
FFFF76A4
FFFE25A0
0002D0FD
0000574E
0001F125
0000DFE0
00001EF0
000094A6
FFFEBCA6
00001652
FFFFB12E
000122A6
0003DB48
000050E7
00022E72
0002C8EE
00022FA2
FFFDDDF3
00011033
00012798
FFFD6D5D
0001A923
FFFDDAEE
FFFF5510
000178F3
0001A259
FFFF1F0F
0002A457
00010C24
0003CB50
0002268D
0000C93D
00021215
FFFEE744
FFFF880C
FFFB6471
FFFE8D19
FFFF2D5D
FFFFA1FB
FFFD64D3
FFFE5C09
FFFE77AD
000098C1
00015597
0001C34C
00022BA5
0001A546
0000C3A8
00003A87
FFFD8148
FFFFB82F
000299EF
00045BB1
00013B5B
FFFFD3B5
00049D5E
FFFF4D18
000577E7
00036FD1
0000EF1F
FFFC90FE
FFFEEA32
FFFEA5B5
FFFC6619
FFFECAB0
FFFCAD67
FFFE36BE
FFFE32DE
FFFD2E39
FFFEC225
FFFCDD45
00006315
FFFEB746
FFFECB05
0000BB99
0000831D
FFFF3E45
0001356A
000372A7
FFFE5E43
FFFC88D1
00002BB9
FFFEF151
0001F66F
00010B03
FFFF9894
0003AFC5
FFFD5C70
FFFD72F8
FFFEC0F7
00008C29
FFFE7551
FFFFAF07
FFFF855F
0001DABC
FFFC7A62
FFFFC9BA
0001EE3A
FFFE8DA2
00007E7A
0000251F
FFFFD799
00010A58
00034C08
0002AB98
0002B1F4
0001CEF9
FFFFBDDA
FFFD6C2A
FFFE7E1B
0000EFD7
000196AB
00010AAC
000044A5
FFFDB634
FFFCCE07
FFFD9887
FFFCD60E
FFFE7F81
FFFDB048
FFFEB281
0000539F
FFFC97D4
00019823
0002A30A
0004E7C6
0002CF3A
FFFF5043
FFFF438D
000148C0
00006D65
FFFFC20F
FFFE0043
0000B493
FFFE71D0
FFFD4E91
FFFFA696
FFFDD512
FFFEEF2F
FFFE6A8F
FFFFBDFC
00004399
FFFFB54C
0001266C
00019EA7
FFFD6322
FFFE7F56
00026F87
00013E80
FFFD3F82
0003392A
00004BB3
FFFF45FA
0002A67B
0000FBD0
00012EED
0001748F
FFFF2D4A
FFFE6D4B
FFFE532F
0002C0FA
00023674
FFFDAC9D
FFFFA029
000012BB
0001E8FB
FFFE6310
FFFF51D9
0000F30A
FFFF4FD7
FFFC2BD1
FFFE7412
FFFE548D
FFFC520B
FFFEF4A5
FFFF340D
FFFF62A2
000053ED
0002DA9D
0002C5D8
FFFF5B5D
FFFDF03B
0000A293
FFFF3D04
FFFE60D0
FFFECF4A
000109D2
00003D48
FFFD9AC6
FFFFE18E
00003883
FFFEBF4E
FFFF6DBB
00029CE8
FFFE1239
000212EB
FFFFEF1E
FFFF98D4
00015311
000125B1
0001418B
0000B7DA
FFFE2312
FFFF24AB
000388A6
0002A8A5
FFFFF6AB
FFFFCAD6
FFFF0F57
FFFF789E
000033CF
0000271C
0001DCB3
0001D7A3
00012518
00017133
0002A3C7
00037B0D
000220F2
0001A880
00027D52
FFFF1393
FFFE7969
FFFEC993
FFFDA2FC
FFFFFC92
FFFD77CD
0000A24E
FFFF0BD0
000248AA
0000524F
FFFB3A73
FFFE4F19
FFFC07AE
FFFACDB0
FFFEDBB3
FFFEB94C
FFFC0B4F
FFFC6630
FFFDE1B3
000234C1
FFFD7C2B
FFFF8830
00038522
FFFFB692
FFFEAABC
0002F806
0002741F
000309D3
FFFE8850
FFFFB54B
FFFF51AC
0000321C
00009FC7
FFFEE23D
FFFEBA2B
FFFFED24
FFFE70E1
0001D876
0000C992
00025BC5
0000FA15
FFFDE6B1
00014CE2
FFFF14B4
FFFEE02A
00016612
FFFF84DE
FFFF2AA9
FFFFC4B1
FFFFAC61
0000D1A2
FFFEF140
00012DED
0000E457
0001E8BD
000185A5
0002038A
00016E65
FFFF03D8
0001D5FB
0001FA69
0003D112
000478AD
0002BBE7
FFFC8B2A
00005F2A
000121F1
FFFC8EE0
FFFF0E1C
FFFDDC9A
FFFEF644
FFFBAAC9
FFFE3B3B
00019084
00003456
0001C49D
0001AE6A
FFFDE0BA
FFFFFF54
FFFD3524
FFFE31BC
0001EB35
00003D76
FFFF1430
FFFF50E6
FFFC0010
FFFF02FB
00022247
FFFF1CB0
FFFDA394
00017E04
FFFE1FF4
00012032
0000487B
0000BC58
FFFFDE46
FFFEDC49
FFFE5E8E
00015EB7
0001AC9A
00000FF8
FFFF42E0
FFFE60EB
FFFFE113
00010270
FFFF8837
FFFF0E03
FFFF7C33
FFFDDD3C
FFFE249B
FFFEC62A
0000FBD1
0001B91F
FFFB7EC1
FFFE3BCF
FFFE5142
FFFDD0A1
FFFE36F6
0001CD85
FFFF239E
FFFF0A1E
FFFEA0F4
FFFE1907
FFFFACF1
FFFFED74
00003674
FFFFAF69
FFFCD995
FFFE5506
FFFFBC20
FFFDEA1D
FFFE90FD
FFFF8F1B
FFFF30B3
FFFE3D91
0000E276
FFFF20DF
FFFF0E37
FFFEE1CE
000037B8
FFFED04B
FFFE2BF3
00008D35
0001FD16
FFFE2412
0001CCA9
00021BF3
000289FC
FFFEFE19
FFFCD931
FFFF50AC
00021916
0000B0CE
FFFE8CA3
FFFE1423
FFFF2642
FFFFE50D
FFFF666B
00005147
FFFDF6C6
00024434
0002A549
FFFE842E
0000E362
00040812
0000EBE4
00022FF5
FFFF6834
FFFF8F21
000259CA
0003A07C
00023A58
FFFED2DF
000178FC
FFFEE617
FFFF8AA5
00012073
00010504
0000BAB2
FFFEDAAA
FFFE9B3B
0002662D
FFFF4103
FFFE8433
0000E49D
FFFDE61C
FFFE928D
000153E6
FFFF8431
FFFED2E6
FFFF6AA1
00021879
FFFE72EE
FFFEDCAB
FFFF8F5F
FFFF2414
FFFCACE2
FFFFD2DC
FFFD74CC
FFFC0B56
00023CC3
FFFEC888
FFFDF57B
0001C0C4
0000C012
FFFD85D3
FFFF871B
FFFF636D
00032778
000275C2
FFFE7EA8
0001AE34
FFFF854A
FFFE51D0
00039166
00017803
0000DE96
FFFF428E
0001AC99
FFFD03BF
00037974
FFFFDEB4
FFFFDBAF
0000A95F
FFFFA56A
FFFD3D5A
FFFF7C5E
00014308
0002E363
0004540E
FFFEAB5E
00010909
00005056
00007226
FFFE4073
FFFE88CD
0000FFE2
00021DE9
FFFE2F61
00003477
00015B66
0000B148
FFFEB3C9
FFFE830A
0001D0AF
FFFEBD85
FFFF0473
00006C4D
0001ECA9
FFFE4E57
00035ED2
000118F3
FFFF0CC8
FFFE0C37
FFFDC114
0000B01D
000186DE
FFFFBEEF
0001B5FC
00013223
0000F1F6
FFFDF6FB
00000D75
00009878
FFFE87F5
FFFC7113
00018CB5
FFFF2040
FFFC9738
000056F6
FFFD8A35
FFFD8614
FFFE68FA
FFFD62E6
FFFF827A
FFFF9F97
000027C5
FFFFBB90
FFFDCE83
FFFEC5B9
FFFE32EE
FFFE0CB9
FFFDDF84
00012218
FFFCBAAC
FFFF2DF6
00013210
FFFDD35D
00007E14
0000D201
000073A4
FFFF8823
00016744
FFFFF629
FFFFE80C
FFFFA919
00017EFD
FFFF3384
FFFE91F4
0001525D
FFFEBA26
FFFDE401
0001B8F7
000197DC
FFFF82F4
FFFE204F
FFFEFCB8
00025AE1
FFFE2C7C
00024D1B
000065F9
FFFDA570
0000187B
0004E663
FFFDC593
0002B1B3
FFFCFE0D
00020FC7
FFFFF94D
FFFF04B9
FFFDDCF6
00000693
FFFEDC33
FFFF7BB7
0001E998
000371C3
000150E7
FFFF76F4
000241A6
0000C90D
FFFED3EF
00023645
FFFFBCE3
FFFD5DFD
FFFFC943
0000D4C4
00027515
FFFEB8B6
0000EADA
0002CC68
00016098
0000AAB8
0002E256
FFFF01DA
FFFDCE85
FFFE1253
FFFD94E6
FFFDF761
0001FB18
FFFE19BC
00001483
0002EA3D
FFFCDDB4
FFFCDD7B
FFFEDCDC
FFFF1D2E
FFFD6548
00000573
FFFEF06C
FFFF957E
FFFFC90B
FFFCA5F8
FFFF0AD4
FFFE8DCF
FFFE3E9D
FFFDF3B3
FFFEC33B
FFFCF64D
0001F0F5
FFFEFD6D
0001277B
0000A352
FFFDD1B8
FFFED9AB
000195D8
00027BD3
FFFF2677
FFFD67D8
FFFF1FAC
00007FF0
FFFE88B9
00004C99
FFFE99CC
0000B1F8
FFFFC12E
0001680E
0001432C
00032691
FFFF84E3
00018BB3
FFFD0FBD
0001CEE1
0000B954
FFFD2D37
FFFE7E1B
FFFE908E
00000FE8
00024950
FFFF8DAB
00019483
FFFFB802
0001192E
FFFFE6D8
000046A2
00000297
00018206
FFFEB528
0000DA85
00027652
00011453
000155F2
0001E413
0003338C
00019DC4
FFFF2DC2
0001B57A
FFFF72F2
0000062E
00003A69
0000A00D
FFFEA3FC
FFFDCC77
0001347F
0001D9EA
00014586
FFFE03BE
FFFF06C7
0001B8CC
FFFFDB39
FFFF4D0C
0003397F
0000BA7B
000068B5
FFFC7303
00000171
FFFE7BAF
FFFFB41F
FFFDC66B
FFFF7387
FFFCE496
FFFF6A17
FFFE923D
FFFE69C7
FFFE8B05
000241B1
00008F60
FFFC616C
FFFFB9BE
FFFEC0D3
00024457
FFFE6B6B
00008B5E
FFFE861A
FFFD869C
FFFE672F
FFFFC769
0000787F
FFFF6720
FFFC9B5E
00019366
FFFEBF95
FFFE3D7B
FFFC4183
0002CE08
FFFF73BC
0000D4EE
FFFEF585
0000C2F2
FFFD367B
FFFFFEDD
FFFEA522
00015BE1
00035016
0000F1A9
000082EB
0002C107
FFFFA5D6
00015D98
FFFFA6F9
00021A6A
FFFEFAEA
0001C716
FFFFBEA3
00017491
0002CD3F
00016858
FFFE9B12
00007613
FFFEF088
00017BF4
FFFE6CCD
FFFC3F34
FFFF1D7A
00017CBA
000179E4
00015378
FFFFB85A
FFFE6871
00009CBA
0000A870
0001ACAE
0000D981
FFFF0CEC
FFFEB2AE
0002DCF2
00015262
0000B790
0001AE15
FFFDAEB3
FFFF72DB
000055E5
0000560E
0001D133
00007588
FFFCF4A6
00006144
0001F093
FFFDBE9A
FFFD5C5A
0000C5FF
0000F5BA
0000F578
0000399E
FFFEF83D
FFFFEAAD
00035EFE
0000BCDF
FFFF62DA
000417D4
FFFDF97C
FFFDCA24
FFFED917
0004BF49
0003CCC9
00002508
00040AAF
00012201
FFFF03AA
000001D3
0001A8D1
FFFE5944
000184BE
FFFF7E96
FFFE88B8
00017FAC
FFFF2204
FFFCAE25
00019854
FFFEB77E
FFFFB826
00026ED1
0000C6FC
000277A2
000009DB
00027F11
FFFE76B0
FFFF55F0
0000F0DF
FFFFB149
FFFFCC00
0000F02F
FFFF52A6
00027BFF
00013418
00003DE0
00002702
0002CE20
00030311
FFFF83CF
00016F16
00008B91
00011AE8
0000EED1
000097AD
0000C967
FFFF8684
00005C63
FFFE5CEE
000054AC
FFFF3F73
FFFDAE7B
0000991D
000008DC
00018C49
0001D9CB
000195E2
FFFD441A
FFFCE3C4
0000DC55
00010872
FFFCFA68
FFFC8209
00011810
FFFDD646
0002B4E1
00016D31
FFFD8A76
000058FE
FFFFA5BD
FFFE4888
FFFCE4A3
00001E62
000113C3
FFFDD96C
FFFFF575
FFFE27EC
FFFE7D95
FFFF63BE
00005F9F
0000807D
FFFEA852
FFFE9E32
FFFDA731
FFFFA248
FFFE1D28
000023BD
FFFDD5EB
FFFE7530
FFFF4244
FFFEDEB7
FFFD3351
00014C3D
FFFE28DB
FFFDAFB4
FFFC5A9A
FFFFDB02
FFFCB4D6
FFFA169C
FFFF909F
FFFEB154
FFFE8C1F
0002F030
0000EF31
00019339
FFFD5D7E
000026A8
FFFFA176
00007A33
00017EB8
00014773
FFFE1C01
FFFF006D
FFFF07DA
FFFE14C4
FFFFA5BD
FFFEE451
FFFD8132
0000441B
FFFF4A3B
0001E7EA
FFFEECF9
FFFF658B
00016C53
000128F3
0002C6D8
FFFD540D
00016C85
000136E5
FFFFF382
000094E3
0002430C
FFFF5337
FFFF7B7A
00010E48
FFFFDE6F
00005E31
FFFE34BD
0000BCC0
0001AEE0
0001B64C
FFFF5373
FFFE4ED6
FFFFA2E2
0001BF42
00016EF9
FFFEA8F3
FFFEF11D
FFFF1C03
00007FB7
FFFE861A
FFFE6000
0000EE25
FFFE2043
FFFCCECE
00002831
FFFE1652
FFFBF5D9
FFFFE212
FFFED460
FFFD7311
0000487C
FFFF2B18
FFFDFD09
000039BF
FFFC4BBB
00002FCE
FFFEF73F
0001272A
FFFEAB09
00005817
FFFE0249
0001F855
FFFE4D9C
FFFE1209
00010E0B
0000812D
FFFE04EA
000233B8
00029541
0000C08B
FFFD7D16
FFFDE22B
FFFFDF85
FFFDA8DC
000083B3
FFFF1E64
FFFD7A0C
0000A985
FFFEC5D7
FFFC8E66
FFFF6641
00005E24
FFFFB3D1
FFFEC1E7
0001D618
FFFF3C49
FFFEF208
FFFFA8CE
00029007
FFFE5E78
000289F0
0003165A
00014F91
FFFF2EE5
0000EBDD
FFFEE514
FFFF468F
FFFEF7E8
000083E4
0000FFB2
FFFFDB7E
00006242
FFFF132A
FFFDCFF5
0000140E
FFFFC45E
FFFFD940
0000CB61
FFFF1A5E
FFFE9A4D
FFFEA77B
FFFCAD49
FFFEC507
FFFF5F5D
FFFE611C
FFFF8B0B
FFFE1450
0001A0E8
FFFE591D
FFFD7A91
FFFDC285
FFFFE76A
FFFCC467
000081AF
FFFF9EC4
FFFFB87A
0000327B
FFFE5C5D
00012E8B
0000B203
FFFFA906
00003517
00001DE9
0002882F
0001B7AA
FFFC9038
FFFF5579
FFFF9779
000039D3
FFFEFEE3
0000A9B6
00000A40
FFFE5988
FFFD3C61
00009408
FFFFBD54
0002A823
00020DA1
000212BA
0002EA89
FFFF7BFD
00000EE8
0000B79A
FFFF01B5
00004226
00013632
FFFEF628
FFFF9912
FFFFA370
FFFDD76B
0000F669
000027B0
00038AE2
000163E5
0000CEF7
00000E8A
00024B0A
0002AC3A
FFFF512E
0000813D
FFFFDF58
FFFD5271
FFFF67AA
00006ED9
FFFFD39D
00001FF2
00030827
FFFD81D9
0000BC9B
FFFF196B
FFFFDBC0
FFFEFB8B
FFFD46DF
FFFFB130
00012608
FFFF3B03
FFFF99E9
FFFFC814
FFFC59AF
000182ED
0001FBAA
0000E88C
FFFF6098
0000957B
FFFDF4EE
00005613
00003B16
FFFE2F07
FFFC7CAC
00004796
FFFEE8FD
FFFEB41B
FFFF8529
FFFCCEE7
FFFD5F42
FFFB9045
FFFD42AD
FFFCE047
FFFD2250
FFFE0767
FFFF0F1B
00003ED9
FFFE1F42
000236E6
FFFFC840
FFFF17BA
FFFD4FE2
00005EC4
00005FEB
FFFF6FA3
FFFE24CB
0000F3E3
FFFC5AB3
FFFDDDDB
FFFE0A88
000070F1
0002E6A8
00009813
000236EB
000248AD
0000C8EC
00006E07
0001C607
FFFECF07
00002586
00004363
00026C40
FFFE7DAD
0002C9B0
FFFFE788
FFFEFFFB
00029566
0003A72E
FFFFF650
FFFF6BC4
FFFE8F26
0001DA88
FFFF995B
FFFFE861
0000E76B
00014EB1
FFFEB140
00016A77
0000CC68
00019AB2
000259CC
0002C829
0002F48A
FFFF24F1
00001186
00015660
00006DC2
0001518B
FFFD9BCD
00000683
FFFE830D
FFFF271F
000099CA
0001E078
00006C6C
FFFFA48E
FFFEFDEC
00000EE2
000157BE
FFFEF9E3
FFFEC2E7
FFFFF824
00018A5B
0000A8A1
0000A014
FFFD4AC1
FFFEB9E4
0002B05E
00037C64
000279C5
FFFE67D9
FFFF24C2
FFFED52E
00002F22
FFFD0303
FFFD7536
0000A0C3
FFFCFD66
FFFEBDF2
FFFF699D
FFFF631C
FFFE95E5
0001F097
00019B1E
0000D5F0
0000D840
0000DF54
FFFFB257
0001C725
0001890D
00001BD6
00006159
000043C3
00004DC3
0000A7E7
000264CF
0002ED4C
00016AEF
00023A70
00048D0A
000207EA
FFFF62A6
0001B266
0000098B
00000F9F
000210B7
0001AA1A
000031BC
FFFF2E40
FFFFD873
FFFF9792
FFFFEE92
FFFEA763
FFFEAE96
00019935
FFFDAF47
00016F55
0001ECF0
0002D5C5
00019381
FFFE6799
0004B7D6
00020D4E
FFFE6AC3
0002A8D3
00020974
0002FE59
0001D692
00027ECE
00016D9A
FFFD915D
00006FCC
0000B8EB
FFFF87EC
FFFEAAF4
00006BE1
0000797F
FFFDE751
FFFE3F49
0000905D
000116EF
FFFEAD2E
FFFCEC4D
FFFCF90A
00005EC6
00004974
0001DC1C
FFFE6FEA
000254B6
FFFF96D8
00005945
FFFFFACA
0001BD5D
FFFCED87
0001FD6F
00024452
FFFF1351
0001DA33
0003C35A
0002E0A2
FFFECBE0
FFFDA19B
FFFDF09D
FFFE5A6E
000052EE
FFFFABB1
FFFE78C1
000182F9
0000181E
00014FB5
00014A70
0000355C
FFFE694A
FFFFB0E4
00010C25
FFFDDC8D
FFFE0413
00006336
00010710
FFFEC167
FFFF2F75
FFFF0F66
FFFFB868
0000CE7B
FFFDF913
000046BC
FFFE3962
0001413F
0000FAB1
FFFDF9B4
000158CD
0000183C
FFFF7F9A
0001B5F8
FFFD9FFD
00003781
FFFFC4B2
0001365E
0001E3D1
0000B143
00032F4C
000006F4
FFFF1025
0002A628
00010565
00002048
000235AC
0002966C
00001D04
000067B8
000169F1
FFFE6150
00005DAE
FFFE41DB
FFFF4ABB
FFFEAE28
FFFD54CE
FFFE67D4
000054DF
FFFF6303
FFFE6E0E
0001815B
FFFD6AC1
00006C92
0000D67E
00004819
FFFF01D8
FFFF1B4E
FFFEAFEE
FFFEB746
FFFF385C
0000AF74
0000021B
FFFD5F86
0000332D
FFFEAD84
FFFF7CE8
FFFE3717
FFFE8516
000102DB
FFFDA819
FFFE8022
FFFEFBE6
FFFFAF32
FFFFA6A1
0000AE26
000140CD
0002C049
0001E98F
0000FFBF
000037DD
0001F6B5
FFFFFF4E
FFFEDD2B
00005E43
00005080
FFFE973D
FFFFD713
00023479
00013511
0001AA38
FFFF0543
00008ADC
00018368
000011BE
FFFD189D
FFFEA251
FFFF974B
FFFDABD2
FFFFC862
FFFEE586
FFFFFCD9
FFFF96F1
FFFD04A2
FFFF9244
FFFF1674
FFFCC9E4
FFFCCE54
FFFF6E92
FFFC4F6A
0001BCA4
00017C57
FFFFB293
FFFF1EB2
FFFD8869
FFFF2860
FFFEA47A
FFFE9928
0002B6D9
FFFF3C0C
0001E9BA
FFFCAAE0
FFFDB423
FFFF37C6
FFFD32E6
FFFEF2D7
000117E3
FFFE7942
FFFDC4C6
0002DCB2
0001845A
0000C290
FFFF73C8
00018259
0001326E
0000531B
0003C453
00002A6E
FFFD0F87
FFFFBC51
00017BD6
0001C994
FFFCB4D2
00000971
FFFF4DAA
FFFF2468
0001A845
000035A6
FFFE3686
0002441B
00012E01
00038090
000034DD
0000C48A
FFFEEC57
FFFCBE69
FFFCD692
FFFD27F1
00016CCF
FFFFEFA0
FFFE7E57
FFFF674F
0000E3F5
FFFD56C2
00028688
000258ED
000013B9
FFFC424A
000123F8
FFFCE207
FFFDCEB9
0001AF18
0002BB27
FFFFBD5F
FFFE306F
FFFEFF35
FFFD96AE
FFFF9D83
0001137E
0000ACC4
FFFF82C0
FFFCDF72
00009FFE
0002854E
FFFE9DBB
FFFBBD2C
0001A17E
FFFDBF1C
FFFE61C8
0000A4DE
00027B07
0002A041
000075EC
0002CA02
00021A1A
00011C86
FFFD7B31
FFFE8FEB
00011F0F
FFFD704A
00001641
FFFFFDB9
FFFF2989
00013BBB
FFFA3882
FFFF389F
FFFE8B61
FFFBF0D4
FFFD8C8C
FFFDC42C
00001DEE
0004876B
000079E1
00018869
0000C232
00002367
00004C5A
00006591
FFFCB73D
00039F28
000037ED
0001A5BA
0000FA3A
000169C5
FFFFC257
00008D44
FFFF1522
FFFF9FAF
000053D9
00026A96
00005E11
00012AEF
00025EEB
FFFDCBD9
00020740
0001D9A4
FFFC49BC
FFFCC682
FFFCC72D
00004E8E
FFFDE78B
00006BA3
0000A658
0000617E
FFFF1B36
00023ABA
0002EAA4
00037C62
FFFEF029
00006386
0003C9A8
FFFDF32D
0000903F
FFFE2B6C
FFFF4B93
0000F1FA
FFFC4D97
FFFE8152
0000CF24
000148A6
FFFFBFDE
000132C0
FFFCF574
FFFFE980
FFFB55B5
FFFEF2EB
FFFC8D7D
FFFE13BA
FFFEC180
FFFAFECB
FFFF37FF
FFFC10F0
FFFC6FFE
000153B0
FFFD6BB7
000037FB
FFFFBF7F
FFFBD8ED
FFFD13C9
FFFF34C4
FFFDE524
FFFE294C
FFFC59C4
FFFE9454
FFFB9A45
FFFC8587
FFFB1653
FFFA9326
FFFDBA4C
0000BD5E
0000E2FA
FFFC3DC4
FFFE263C
0000E91C
0000D3CB
00010578
FFFEA1CC
00018760
0001F0B2
FFFDF925
FFFD1B7C
FFFBCBEF
0000CA1C
00018058
00004039
000010C3
FFFFFCB3
FFFDEBEA
FFFE70CE
00020A01
00010C4C
FFFD9751
FFFD75FF
0002328F
00008FAC
FFFFB2A2
FFFF371E
FFFD6A88
FFFBFE05
FFFD90BE
FFFDAD7F
FFFE091B
FFFD7D52
00013BFA
FFFB583F
FFFC756A
0000FA19
00000887
FFFD74F1
FFFE3B22
00030F66
00014497
FFFEAECE
FFFDAD26
FFFCE88A
00003F46
0000F329
FFFFE6BA
FFFE9D22
0001D6A0
0001FC39
0002228B
000038B2
FFFF3ED4
0003B2EB
FFFE5CC5
000126A4
00029997
000120CB
00036F69
0001BB8B
FFFE51D5
0003737E
FFFE5CCB
FFFDA516
000175F5
FFFFC43A
FFFF49C0
FFFFD814
FFFD0165
FFFD16F6
FFFE7990
000058AF
FFFEEEA3
0003CE4A
0003233B
00046431
0004CAE5
0004E759
FFFDEA41
FFFE813B
00013D08
FFFEACA8
FFFD9B52
FFFFA868
0001B959
00025802
FFFF0379
FFFFBCEA
FFFFA9D6
0000FDE0
00027753
FFFFD1F7
FFFD13BF
0002652F
FFFFAEDA
FFFE4493
00026F00
000100F3
0001CDAD
FFFFC1FB
FFFEBBB7
0001FECC
0000B6BA
0001E50D
000018FD
0002E3FF
FFFE7BDC
000425C7
00046B1C
00005AF6
FFFFA0A4
00010E3E
00034EB9
000286F6
000302C7
000183A4
FFFF4C0C
FFFED19B
0003CC83
0002BB32
00024A2E
0001FF97
FFFE090A
0003316B
FFFFCF95
FFFE4F03
0000073E
00005A40
FFFE300A
0001060E
0000F690
0001AC93
FFFD1CD2
FFFC3731
00028239
FFFC03CC
00025DB9
0001C3D0
FFFDD207
00017CE6
FFFEAB3D
FFFBD291
FFFD5FE6
FFFE5315
0003A0EC
0000FB7D
0001C77B
FFFFE593
FFFECD96
00030D8C
00007588
FFFE6BEF
0003608A
FFFD4E5B
FFFFF81E
000325B1
000341B1
FFFD9E92
FFFDA247
00030ACB
00022176
FFFF8CBB
000409B0
FFFDD3C1
0000D955
0002EBD3
00039E73
00012C03
FFFD3367
0001B1B4
FFFD2379
00031EA6
FFFF2924
FFFD7849
00011BBC
FFFE266A
000037BA
000305FC
00002A6A
0000FB44
00032499
FFFF4693
FFFE2E0B
0000F8D5
00025678
00040DEF
000073A1
0000037C
00007C55
00035DB6
00011E6C
FFFDA5B9
FFFFA51F
FFFCEA20
FFFE022A
FFFD29AE
FFFE6F68
FFFC81DB
FFFE8F5E
FFFE686B
FFFBB68F
FFFD78DB
00000EF0
FFFC236F
FFFDC485
FFFFCD6B
00025B41
FFFD3E31
0000A469
FFFEBB6F
00017BA8
0000FA79
FFFF5D2E
FFFD2EF7
FFFFD0AA
000072E2
00026635
FFFF511B
000038EA
0001DE30
0000EFE2
FFFE3AD0
00031107
FFFE0439
0003A92A
0000CC29
0001FDED
000160C4
FFFE5620
00044EB2
0004C3B6
0002E3A9
0004D261
00023624
FFFD7F3C
0000FA46
00007EF3
FFFE5D9F
FFFEE388
FFFCA5ED
FFFE6FA6
FFFED07E
FFFF4084
0002232F
FFFDC511
FFFF1D48
000292B7
FFFF6ECF
0002BF14
0000BC0B
0000409C
FFFDA0F6
FFFD7F25
FFFF3E98
FFFDE40D
FFFFA5BA
0001FD8E
00002F41
0000365F
0000F5BB
000112D3
0002E71D
FFFE0C88
000173F8
FFFE9DFB
0002F2AC
FFFFDB71
00028622
00024BE9
FFFFDB8A
FFFDBB62
FFFE6565
FFFEFA8F
FFFE918B
FFFE431F
0001B280
FFFE69D4
0001691C
FFFBC610
00009DC2
FFFCFAB0
FFFFC6F9
FFFE7D8D
000074C7
FFFF1DC5
00013F7F
FFFBD24D
FFFF0C83
FFFE74A3
FFFDF01E
FFFFD915
000117BC
0001EEB9
FFFE346A
FFFFE316
FFFD7D74
FFFEC79D
FFFDDA53
00023620
00010B28
00018A9A
00007F0B
FFFE4971
FFFF70C0
FFFE1115
00020A34
FFFCB91D
FFFFF7C6
00017418
000086B6
FFFD7B2C
00026E7E
00017BF0
FFFB8F3F
FFFD3910
FFFE75FC
FFFF2DC6
00003B50
FFFFD374
FFFD4A6E
FFFB8034
FFFCE166
FFFF1427
000284D0
0003386F
0000811F
000012E6
0003246E
FFFEBE4E
0002E6D8
FFFFCDF8
0004AE0F
00006E47
00002C2A
FFFE24C4
FFFFF0CE
00023349
000055DF
FFFE52F6
FFFD78EF
0001B65E
FFFDB428
0001E617
FFFF7C5E
000049DB
00022ED3
FFFF6EBB
00016D2F
FFFD18FF
FFFCE147
0002820A
000420A1
0003CE6A
FFFF561F
0004C251
00043ECA
00055C5C
0002E8ED
000387AA
FFFE8695
0000C83C
FFFDB085
FFFBF1A3
FFFB1FDB
00019FB1
FFFE626D
FFFF5E70
FFFCDEAB
00014FC9
000022C5
000084ED
000457E7
0004106A
0000CF5F
00013C38
FFFCC813
0002ACEF
FFFCA95F
FFFE30E9
00004FDE
FFFF1118
FFFCF89E
FFFDEF99
FFFFE19A
00016F46
00008F82
FFFD9702
0000E1DB
FFFD1A46
FFFDAFDE
FFFF9807
FFFDCD4F
FFFFF93F
FFFE983B
00020806
FFFF4861
FFFF771B
FFFFB08E
FFFFDF71
FFFF5E20
FFFEBD2C
000101DE
FFFF3AE8
000032C0
00033AD1
00002A95
000141C0
000340C5
00016893
00009E4F
0001A4BD
00000CCB
00003BCE
00014BDA
FFFFC4DE
000043F0
FFFEE713
FFFFFA45
FFFF76ED
00004C52
FFFF66F5
00005B7C
FFFDE826
00009A84
0000653B
FFFF7961
FFFF7233
FFFD8232
FFFDD4B2
FFFDF516
FFFDC413
00001B81
FFFF3D11
FFFFB9C9
00011B72
00009E0B
000244FF
FFFFEBE8
0000AEA6
0000FC0C
FFFF7401
0000EA98
FFFFB7CA
FFFE6F15
0000B942
FFFEE201
FFFF8C26
00000083
FFFF2886
FFFE7FC2
FFFFBF3E
FFFEEEF3
00006DFA
FFFEE0A0
0001CCDD
0001312D
FFFEE80A
0000D6F5
FFFFF71D
FFFE3710
0000CDBE
00014FA3
FFFE1A1D
FFFFD8AE
0001CDCB
FFFFE4B4
0001434F
0001D67F
00004D68
0000B17B
00011A0F
00014CF1
FFFF9F3E
0002BC14
0002492F
0001B5AB
FFFEA0DF
FFFEB60D
FFFE953F
0000B773
FFFFB456
FFFEE50A
FFFF7CCB
FFFF5049
00004029
000057F0
FFFF3178
0001CAC2
00006DCF
FFFF2912
FFFE0C19
FFFE4CC2
FFFF788E
0001B755
0000541F
00006832
00007437
0003385D
00015E91
00017CA8
FFFEBEFA
FFFFA230
FFFF4219
0000349B
000058CF
000009B3
FFFF9DED
FFFEDE62
0000E49E
FFFF0D2E
FFFFDF47
00008A71
FFFE886A
FFFDF358
FFFF034E
FFFE987B
FFFD3219
FFFE6F61
FFFF2B76
00008816
00012E4B
000009A4
000073E6
FFFEED35
00015DB5
FFFDD711
FFFFFC3F
0000003E
FFFFB91E
00001A00
00003AE1
0001A08D
00001E45
FFFEFE90
00014ACD
00001061
0000CF37
FFFF3E77
0001C9C6
FFFE70BA
FFFDF243
FFFFD7E1
FFFDF3C7
FFFE8AB6
FFFEC043
FFFFA751
0000BF21
FFFEFA9D
FFFF95D3
FFFF5F0B
FFFEE9CD
FFFCED93
FFFE5D75
00005750
FFFE8E01
000025A9
00013D0C
00030C95
0000A1A7
FFFFF30B
0001F33C
0001CBD5
0000B02C
0002D94B
0002C020
FFFF2DD6
000160E9
00002632
0001D876
FFFECD88
FFFFE274
FFFE3F41
00015B00
000006E3
00003D27
000236CC
0000E414
FFFF0D3B
FFFFE57A
FFFEAE53
00013673
FFFFCD49
FFFFB2A2
FFFEF458
000212B4
FFFEBD9F
FFFEE6C0
00011AC6
00008126
00006586
FFFF76E7
FFFE06F7
0000E8FC
00002368
FFFE266E
0000BAD2
000169BF
FFFE2DB4
FFFECEA9
00016407
FFFE6745
FFFF5268
0001B4DC
00013C7A
FFFF46CE
FFFEE3E1
000114B2
FFFEC336
FFFEF576
FFFF4BF5
FFFF8C4B
000082BC
0000883A
FFFED670
FFFE5C39
FFFE8367
FFFE6B7B
FFFE4D37
FFFE68C7
FFFF9639
00003778
000082F6
FFFFE38F
FFFE4CF6
0001A0B8
00017489
00034894
0003320B
0002C2E7
FFFE5616
00004B26
FFFE1DC5
0000E399
00013F67
0000E405
000137C2
0000F37E
0000DB99
0001B0C0
FFFF2B7D
FFFF6304
0001323D
0001A67B
00028394
0001ED4D
0001572D
00012BB9
FFFF6E64
000089FB
FFFF7F1F
0000F4BF
FFFFD993
00001DC1
FFFE2BA0
0000839E
00009294
FFFE6538
FFFE02FD
FFFF2907
0001963D
FFFECDD2
00015367
000234C3
FFFFAA43
00015F8B
FFFF7F02
000102E4
0000844F
00003FD8
00009344
FFFDD794
00011A83
FFFEA287
FFFFCF23
000041A1
FFFFDAA3
FFFF0D2A
00004E71
FFFFC200
FFFE4115
FFFDAFAD
FFFEECB4
FFFED673
0001512A
FFFFD1A3
FFFE30A7
00011D71
00004149
FFFFE0C3
00010930
0001C3BA
FFFF7A1E
FFFEA171
FFFFA0FE
FFFE9A30
FFFE8BEA
FFFE2E43
FFFF5200
FFFEC522
000157FA
0001C82C
00019EBC
0000D8C3
000198A1
00011416
FFFFB00F
FFFF2109
0001A29F
FFFEC82B
0000751B
FFFE380D
0002241F
0000EE73
FFFDD4D7
00003134
000230A0
FFFE1134
00001414
000155D2
0001C571
00021E21
FFFFFD08
0001CEAA
000014AC
0002A7F4
000373FB
FFFFF6AB
00004393
FFFF2775
0000FC08
FFFF80FE
FFFE3C8A
FFFE34F2
0000D42A
FFFFEF48
0000CE12
000081D9
FFFFFF44
FFFE83DC
000120D0
00002FE7
0001D959
FFFF9C49
0000FB82
00001D7E
FFFFF0A5
000140F0
0001A2DC
00013B46
000067F7
FFFE6979
000184CE
FFFFBFFE
FFFF5E06
0000C56B
FFFEFA75
FFFF6BC8
000103C8
FFFF6F7F
000200E2
000036A6
0000FCB4
FFFE9EDC
FFFD7002
FFFE1C3F
FFFF9824
FFFF3436
FFFDDC23
FFFFED0C
00007D22
FFFE66CC
0001A223
FFFF942F
0001DC3E
FFFFD6A3
FFFF2B27
00002A5D
FFFD6373
FFFE477E
0002E01B
FFFF24E5
FFFE8336
FFFF5EC7
0001555F
FFFF8E85
00014AC2
0001DB57
FFFF81FD
FFFE8ED1
FFFF464E
FFFD93B4
00012663
000036CF
0001C118
FFFE6B26
FFFED8E1
FFFFE901
00023F4B
FFFF56AB
0000679A
FFFEDCA8
FFFF4960
FFFDFEBB
FFFFC815
FFFFA2FB
FFFECC38
FFFEF207
FFFE6E8E
FFFD6982
00013852
0002CA1A
00010471
00017C6D
00025972
00021EAB
FFFE1602
FFFF7DE3
FFFF5B7F
0000D7FC
0000FA1E
FFFF0EE6
0000A6A5
FFFFC6E3
FFFFAA82
00002A93
FFFEFAFA
00014DAD
FFFD8DA8
FFFD4829
00009D8D
00007739
FFFF563B
FFFE1D7E
00006B9B
000019B6
FFFDB7AD
000103B1
00022D90
0000D9AA
000100F8
000049AA
FFFE9FA8
FFFF99F7
00008CCB
00016B4F
FFFF0745
FFFF66D6
FFFD778E
FFFF30EE
FFFF2557
FFFE9DE4
FFFDE0D3
FFFEF8EC
FFFEE53C
FFFF4F5F
0000B3B7
0002093F
FFFFE88D
00020019
FFFFFD73
000023B6
00003145
0002D9DD
FFFF9914
00002807
0000ED05
FFFFC238
FFFDC01E
00013568
FFFDF9FC
FFFEFB69
00012C8B
0000F066
00012E55
FFFF336C
00030A8D
0000E767
FFFE5ABE
0000D6D9
0001DFB7
FFFEAC00
FFFED0FC
000219B7
0001B6FE
0000B4EB
0002BE58
0001401D
FFFE262B
0000BACB
FFFF98A8
FFFFBCAB
00011199
00018116
00008FB6
FFFFA662
00014B08
0001A287
0000BCA3
00019944
0000D0D6
FFFED145
FFFFC871
FFFD59AD
FFFEBF3D
FFFFC4F3
0001283E
00006D9F
FFFF57A1
0000EB4D
0000311A
00010110
FFFFDF7A
FFFF75F3
00024D96
0000A2D9
00000748
0001F384
FFFE758D
0000D359
00003827
FFFEE59C
FFFF8DC9
0000AD2F
00021670
00020ED8
FFFF56A1
0001DCCF
FFFF1EF1
00005E8E
FFFFCFC7
0000B1AB
000079AA
00015211
FFFE568E
00000DF2
0001024D
FFFF72D9
00020AEA
000084F2
FFFE2C0F
FFFDC341
000002B5
00005B16
FFFF55AE
0001A1AF
0001DA4B
FFFF3BB5
00020CE6
000291F3
FFFFF496
00007425
00018143
FFFF3F79
FFFF7805
FFFE46A2
FFFF209A
FFFE1F2E
FFFF2DB1
FFFF3BF5
FFFFDACC
FFFF0AB9
00002813
000015A2
FFFF5E53
00017A10
0000E2C4
FFFFA647
FFFFA52D
0001E622
FFFFF59F
000227AA
FFFF36B9
00012382
FFFF4DA5
FFFFCD15
FFFCC7D6
0000EAE2
00012EFF
FFFEF5EF
000274FD
00016DCE
00017617
0003E2B7
FFFD7296
FFFFCDC0
000140C5
FFFDC80F
FFFD5084
00044101
FFFD796C
FFFF1C5C
00011E63
FFFD1EF0
FFFFAC9E
0002B77C
0000A9FF
FFFDCA6A
000087D6
00033A69
000105A9
FFFE723F
000278B0
00005887
FFFDF3DA
00014465
FFFF37D5
FFFD5DC8
FFFFB31D
FFFE8650
FFFE68F3
FFFE0ACE
0001BF97
FFFFBA7A
FFFDC9E2
0000F594
0000872C
00007DA5
0000F6B6
000070AB
00031403
00016E2F
00025855
000214CA
FFFF5EE3
00010A2D
FFFF962E
FFFE02E8
FFFDBB28
FFFCB210
FFFDCD83
FFFD24DA
0002A5C0
0002763D
FFFCB87B
FFFDF04D
FFFC6BA9
00004DFF
0001A5A2
FFFDB4ED
0001874C
0000281A
FFFE4B19
00003AA3
0002BA22
0003E6AF
0005E21A
00029862
FFFD8A6E
00027918
0001DF0E
00027FB6
00062AF7
FFFFFFDE
FFFBE2C4
FFFB04E9
00014F73
00007361
FFFBEC60
00018CC0
FFFF6CCD
0000F82E
0001082A
FFFF22A2
FFFDB4DC
FFFC6C2A
FFFCDC5A
FFFACC9A
0001BC09
FFFED66F
FFF9FDC2
000158D8
000116E3
00016E58
00031770
FFFDA95B
0001306D
FFFF457D
0000454F
FFFF4C53
0001B30D
FFFEACF7
FFFF0E54
00010D53
FFFFD641
000091FA
0001F175
0002E30D
0002C9A6
FFFCF39C
00000571
FFFF96EA
FFFDFC8A
FFFF9447
FFFFF9E3
FFFCE066
FFFE5AF3
FFFF2832
0000A005
FFFF62D7
0002FE1A
0002DB7C
0000A236
0000F3D5
00001BA8
0002F09C
00024D57
00013131
00012A04
FFFE813A
FFFE0C1D
00003E8A
0002C456
FFFFD9F3
00010D81
FFFCB45B
FFFFB8E2
FFFEE972
FFFC2163
000060FC
000039AE
FFFA3DD0
FFFF453B
FFFF0EFA
FFFEFE7A
00015451
0003850D
FFFD7577
FFFC6A14
0001501F
00007ED8
FFFD8004
FFFD0845
0000C90E
FFFFE417
00002644
00005F94
000125EB
0001A5EB
FFFF4DCB
FFFF4829
0004F763
FFFFC260
00020E6B
FFFF295D
FFFD86C2
00009A37
FFFE3741
FFFE1099
0001CFCB
000246B5
FFFD19DB
FFFD54C6
FFFDEBBF
000274AA
0001025A
FFFF0AE3
FFFEEC67
00049682
0002AC9B
00054334
FFFB110B
FFFD086E
FFFABFAA
FFFF6C47
FFFA03FB
FFFCA7D4
FFFF3473
FFFFFAD5
FFFD5F54
FFFE999B
FFFFD864
FFFFCD77
0002444C
FFFF5C8E
00018D8A
00030160
FFFE7443
0003769E
FFFE5B75
FFFFB8D9
00004A8D
00009A1D
FFFC7DD4
000074C7
FFFCB846
00019FF9
FFFE0977
FFFFA9F2
FFFE5E06
FFFE193A
FFFB00D7
FFFDECCB
FFFBA0CC
FFFF3A38
FFFEB341
FFFC4D9B
0005A0FD
000578BF
000386EE
000360D5
00026760
000529ED
0004415B
000367DC
0005143F
FFFE44D7
0002E0A4
000039CD
FFFEE212
0000BEF4
FFFF5296
FFFE7F05
FFFDB395
000120BE
00045040
FFFF5CDD
0002A987
0003898A
0003A32F
0004EB98
FFFDB0AD
0002D474
0000A1AE
FFFF1261
0000045E
00013262
FFFE842C
0001C46A
0000F3CD
FFFBE827
00027BFA
00016274
FFFDC95F
FFFE963A
FFFC7813
FFFF86E6
FFFE8A5D
FFFF2EBE
00002562
FFFDA383
FFFABAB3
FFFD9C2C
FFFE2548
FFFCE110
FFFEE489
000112D4
00010FCC
FFFDCEC1
FFFE97DB
00006DB5
FFFE8442
FFFFBA9D
FFFD097A
FFFFFB2B
FFFF4A28
000253A3
FFFD5583
FFFFD0F8
FFFEB88B
FFFEDCE7
FFFBA3CB
FFFEDDA2
000013FA
00012708
FFFC43DB
FFFF65C3
00011736
00009883
FFFDB419
FFFD7663
FFFBB500
00002B9D
0004758B
FFFFFEC2
FFFD78F6
FFFEEFE0
FFFF51BC
00022D68
FFFEDE5E
0001A464
000288A1
FFFD0A37
0002E41B
FFFE6954
00003591
FFFEE877
FFFEE10A
00001841
00043109
FFFF48A6
00005B9E
0002A548
00015252
000116F8
0000B00F
000185D7
00010BAF
0001FCEC
FFFFECE7
FFFE6650
000246E5
FFFD8778
00033B6D
FFFE61FC
000263E4
FFFEC606
0002435B
0003CF05
FFFEAEB4
00013069
00025990
00011C01
00007AB4
0000F494
00019C9C
000147E5
FFFE3F1A
FFFEB97A
FFFDF950
00044D2D
FFFF5665
0001BECC
FFFD841C
00019945
00024C9B
00018438
0002FDA5
00009BB7
0001A501
000055E6
0000AFEA
0000FF32
FFFD0613
FFFACA14
FFFFCDD6
FFFDB5B0
FFFB31F3
FFFC3772
FFFC5EEB
FFFC1CC5
FFFE258B
0001143D
00017375
FFFF619C
FFFEED76
FFFE26FA
00009244
000078F3
FFFE02D5
FFFFCF76
FFFCE45B
FFFE49BC
FFFDFF51
00000C93
FFFEA08F
0000ECB8
0001D71A
00022A69
FFFD4F2E
FFFE0537
00012BCC
0002DF78
FFFEB21A
0000714D
FFFFB412
FFFE6D48
0001E10B
00012FE5
0002B6F8
00069099
FFFDDE23
00002A47
0004C773
00047C6F
00024DC8
00058531
FFFF8FA2
0003AF1F
FFFD4EED
FFFE211F
FFFEAD75
FFFE51A5
FFFFB32A
000405B7
FFFEEEC1
00020C66
0000358F
0002E899
0001D010
FFFD9A64
0000BA3D
00028F13
FFFCFFB7
FFFD6B95
00030819
0001A063
0004DA00
000133C0
000064BE
0003370D
00021C67
00023748
0001F8AD
FFFC0FE2
FFFA7119
FFFE349C
FFFED193
FFFF3C5D
FFFF2646
FFFB65FF
FFFA70BE
FFFCCEE5
FFFF2D3E
0003C826
FFFED363
FFFD97A9
0000205C
0002A17B
0000D603
FFFC2C84
00020685
FFFF695F
FFFB4050
FFFB9F4E
00031536
000061D8
00015B96
FFFE50E2
00015B25
FFFD680A
000097FE
00038F90
00021959
FFFF3E09
0003EC77
0001A8C4
FFFFEA89
000459A8
FFFE03AD
FFFDCB44
00000F5C
0003E690
0000F8A0
0003DE04
00001094
FFFF551D
00016546
00015892
FFFF8035
FFFE2FF1
FFFD497B
000373F4
000076DD
00008F2E
0001842E
FFFF38CF
00026B9F
0002033C
FFFF9D4B
FFFF29C3
0001A62E
FFFF7C3A
000366B8
00010B40
FFFFA4A1
FFFF4471
00014133
0003476B
0005633D
FFFD79FE
FFFF7C93
000284AA
0000B065
FFFFD521
0005ADF9
FFFF2A4F
FFFF822B
FFFDC58D
0002B4C1
FFFE1A75
FFFEE982
00028D1B
FFFDD7F0
FFFD8DDA
FFFDF1CC
00020491
000162AA
0001B939
0001EB94
00002083
000210C9
FFFE9F43
00045943
00019AFF
FFFFB7BA
FFFF6170
000444D1
00038608
FFFD91DE
00002A11
00036B21
00008FEF
FFFF9940
00019C9C
000216AE
0002E353
0001C052
00012757
0000605A
0000B2C9
00014AF1
FFFED03D
FFFDC540
FFFF4528
00019213
FFFE1D95
FFFD6CFA
000247DD
FFFD8BC5
FFFC337B
0000824F
FFFCE04C
0000B965
000046D6
FFFFC4BE
00003AEF
00005E26
FFFFD517
0001AEF1
FFFE4BA5
FFFC877F
00017DDC
000025FE
00013779
00011087
FFFC6AA7
FFFF5701
FFFCD7DB
FFFDBE25
00003164
FFFE551C
0001F0C9
FFFD4FF1
0000CE61
FFFDEAC9
FFFE4E18
FFFF0B69
000220A6
0000A571
00033504
0001DBEA
000145A9
0001F3FA
00026168
0002AC7C
00048389
0000CD22
0001D732
0004716A
00048107
00041307
00038EBB
00035563
FFFF899B
00002CD4
00004B60
FFFDEB9E
FFFE5319
FFFEF021
FFFC7101
00010CD4
FFFE7E9F
FFFF8F28
00015972
0000AEE5
0000317A
00006917
FFFF5CBD
FFFEC06D
FFFCBDAE
FFFBC5B4
FFFFE4DC
FFFF6E2F
0000BC97
FFFFBAF7
FFFE9F08
FFFF3043
0000B422
FFFD8EB0
FFFF735F
00009E77
FFFF05F6
FFFDBDD6
00013F7A
000220B0
00011352
0000055D
00019C22
FFFDEB88
0001B8EB
000205EF
0001EDBD
FFFD6F32
FFFD0154
0000B8D3
FFFDC8D9
00020D4E
0000ACC2
0001244C
0000C3E5
0000E209
FFFB3857
FFFD0A23
FFFD8ADA
FFFEFC98
FFFD20E7
000176CB
FFFEE206
FFFFCEA2
0002F41D
0003E035
00013B06
00038D82
000371A5
FFFF87F5
0003AB46
0003A49F
00017DFE
FFFF44A6
FFFE48FC
FFFF63F4
FFFE277C
00000DBE
000058C0
0000ECC6
FFFB2D66
FFFBA2B1
FFFE6E79
FFFF13C1
FFFF22B8
FFFFB065
00007303
FFFD228C
0001BFEF
00013C30
0001DD35
FFFE0585
00004BBE
00025E48
00016C6D
FFFD60EE
FFFD9454
00024F1E
0001DAC1
FFFDB3D8
0001EB37
000076D6
FFFD9E85
00008D9F
00010D32
0001BD32
FFFFFD91
0000795F
00006B83
FFFB439D
FFFECB97
FFFD0BC2
FFFC34D8
FFFE2C4D
FFFD9972
FFFC5133
FFFF3F0D
000013F4
00012D5B
FFFD5ED8
000022D0
FFFCBF78
FFFCCF98
FFFE6CFB
FFFDDB5B
FFFF36F1
FFFEFA23
0002D335
FFFF0914
FFFFF55F
0000FD9D
000045BD
FFFCE443
FFFE7E59
FFFF1544
FFFF76DE
FFFCB835
FFFB0B64
FFF9E4E2
FFFD7A7D
FFFB85AF
FFF9B600
FFFE0C0B
FFFDA61C
FFFA99FF
00018D64
FFFE61BD
FFFF941A
0002F20C
FFFFEBFE
00015AF4
FFFEE21E
FFFF13BA
FFFEFEEE
0001741E
FFFE0390
00017E01
FFFE28B7
FFFBE6BD
FFFF5BD2
0001611C
FFFE7D73
00002D67
FFFE477B
00012047
0001E4D3
0004038E
00031026
000119CF
0002DD5B
0002847F
00010922
0000679F
FFFF2728
00019181
FFFFB3FF
00006A3E
FFFE3F79
0002A1D4
0000D250
FFFF647E
FFFD2E51
0001074C
FFFEA237
FFFE981B
00019DCC
FFFF9DC1
00002EBD
000068AC
FFFBDF4F
FFFFB808
FFFFCF0F
00008DFB
FFFEA487
FFFDEE39
FFFFD8EF
FFFE745A
FFFDBD0A
0001FBC4
FFFE27B9
000097F2
FFFD1D25
FFFE32B2
FFFFDCC8
FFFE67C7
FFFFB10C
FFFD1A3A
000119E1
FFFF7D35
FFFE15B0
00006535
FFFFEBA0
FFFF3733
0000B388
FFFCB47B
00002427
FFFEB04B
FFFE06D7
FFFDFE96
0000567E
00016A2D
00010AFD
FFFFA511
0000F2F2
0001B56D
00029299
00019652
000186A9
000077FE
00003BFD
00005FE5
00015BF5
FFFE4C13
FFFEFF8A
00000C2B
FFFF0AB2
0000EE15
FFFE8920
000045B9
FFFF1298
FFFFE80A
FFFEAC42
FFFD52FC
FFFCDD4C
000256D2
00006BC7
00009119
0001A875
00009F27
00014915
00004462
0002E04C
00026481
FFFD0D28
FFFECD2C
FFFE9133
00000AE6
FFFFD741
FFFCBB97
0001ABD9
0001AF3E
FFFC842B
000040D5
FFFF7415
FFFD351B
0002182D
0000723E
FFFE965C
0000D298
FFFE9AA0
FFFD6130
FFFE2F93
0000A02A
FFFAD814
FFFDE450
FFFC75BD
FFFCD9CB
FFFEB205
FFFF3C9F
FFFE50B1
000083F8
FFFFFC72
FFFFDA61
00016695
FFFE7F00
FFFE1108
FFFF044B
0002BCCA
0000CB73
FFFCB00B
FFFFA1E8
FFFE9C93
FFFDC0C6
FFFF36C3
FFFD6127
FFFDB9CD
FFFECC4F
FFFF9A4A
0000211D
FFFF02B6
00027CC0
FFFF3532
FFFF36E9
00012AE2
0001C000
FFFF5574
00006E92
0000FB31
00016C75
00037776
FFFED7BC
00034FE5
00021640
FFFF9A35
00019BD4
00020850
00004A1B
FFFD8CD9
00008541
FFFD5E95
FFFD40BE
0002A788
FFFFE727
FFFE4704
FFFFF659
FFFE1C43
0000C011
FFFDE7F0
FFFEBA2E
FFFF7129
00015CBE
00007F2F
FFFD57A5
000256D5
FFFEA387
FFFEE400
0000FF34
00037606
0000C6D1
FFFE5900
FFFE22C7
FFFE4910
00005DA4
FFFEFB37
FFFEB022
000264EC
0000A394
00026F13
0003CC82
00022756
0002FD00
0003EAA4
FFFF900D
000062B9
FFFFFA3F
FFFF3575
FFFF6402
0000C9C6
00006EB5
FFFF404E
0000FCCB
FFFD078F
0000FA6D
FFFD4E1D
0001BCC1
000148AE
FFFC5D55
FFFDDFEE
000122C2
00019F18
00016849
FFFF9B50
FFFF9E2A
FFFE2F0E
FFFFD775
0001BC55
0001391F
0003884A
FFFF263D
FFFF35C4
FFFEAFE1
FFFF89E0
0002D451
0001CB93
00042B42
FFFCB61C
FFFD99E2
0000A31D
00025B33
0000095C
00033FD2
00011194
FFFFB599
0001CB7C
00025871
FFFFE162
0002E6A9
00029470
0001EC13
0000C864
00017FA4
00020A4F
FFFE9927
FFFF0404
0002146E
0001B9D0
000334B2
00022D5E
FFFF0F7B
00010D13
000151AF
FFFFE31B
00015EAE
000004F8
00004A68
FFFF2BEA
00007426
FFFFBE89
FFFD4D0E
0001C583
FFFF6A07
FFFF1002
00000D7D
0000A791
FFFF9913
FFFD5322
FFFE16EF
FFFF1A36
FFFAC8C2
FFFE8221
FFFB6570
FFFF6E38
FFFC80D8
00017FBA
FFFF11F6
FFFF2B3F
FFFEF911
000180E0
000244AD
00031091
FFFFDED1
FFFED91C
FFFC5239
FFFCD138
FFFD9005
FFFD4024
FFFD7B6B
00024BC9
0001A1F9
FFFEEF9B
FFFE08D2
FFFFC8F0
00006DBE
00029FD4
0000A6AF
FFFFBA64
FFFED1EF
00038B37
0001106E
00004C7F
00020CD9
FFFFDEB6
0000178B
0000D828
0001ACC7
FFFD9577
FFFE8337
FFFF1565
0002C040
0000EC32
FFFDA8A3
FFFDD39D
00009F85
FFFEB1C6
000063F5
00007903
0000D98F
FFFC4531
000072E5
0002350F
FFFF27AA
000124D0
0001A9BD
00003D1C
FFFCE3A8
00022D08
00024F9E
0000BC63
00022719
FFFDFC4E
FFFE2BAD
FFFF2C9C
0001743B
0002AED7
0002059B
0001F18E
FFFFFD82
0000CAB2
00004D89
FFFE6AF3
FFFFD19D
00012EA9
0002D197
00026F4A
FFFEF477
FFFE9862
00000DBD
000116D0
0000CB35
000224CE
FFFF1BBB
FFFEC539
FFFEDA58
00019CAC
0001246F
FFFCFCA0
00004E07
FFFE7775
FFFE88B8
0001CA85
00028796
FFFFDBD1
FFFFF627
0002EA4B
00004CBF
00009AD3
FFFFF308
FFFFF576
FFFE12D2
0002AF0C
000129F9
00024013
FFFE4375
FFFDF459
00004FC2
000129DD
FFFEB12F
FFFE88C6
FFFFEF26
FFFE5069
FFFFC64B
000287C1
FFFF9002
000353A3
00024FC9
00048C7B
0002BF8E
FFFC72D5
FFFE914C
FFFDC2BB
000065FE
00008680
FFFF887D
FFFC349B
FFFC070B
FFFE5ED5
00009CD7
00014682
FFFC1FB2
00004764
FFFF7572
FFFFF439
0000D77C
FFFDEDB3
FFFCDC1E
0000735F
FFFD63D2
000114AF
FFFCD27A
00027D95
0001E283
FFFD6D1F
000136A4
FFFFA077
FFFEC2C2
FFFE0260
FFFEC0D3
00044800
FFFEF519
0000B543
00013225
000227B8
00029802
00022709
FFFEE509
FFFF373D
FFFEB156
0000C1C3
00018770
00023C2C
00020F2B
00028BCA
FFFF113E
0001350D
00033790
FFFFE7FA
FFFF0863
FFFE0F22
00004854
FFFFFB6E
FFFCB25A
0000A521
000176E6
00019B8D
0001506A
FFFEBA44
00018670
00013739
00017D8C
000363F0
0001EA92
FFFE9B6B
FFFFB366
FFFF61DF
FFFC64A1
FFFD8C26
000117F7
0000D70C
FFFDCC36
00006A1B
FFFD6F9D
FFFF137B
0001B861
0000591A
000153AD
00007C1B
000180EC
FFFDDEEB
000216C5
0002865C
FFFD2228
FFFBE8D8
FFFF27BC
FFF9F7C7
FFFCE055
FFFD1531
FFFDCD70
FFFD77FF
FFFF7392
FFFC6F30
FFFDBE29
000094E1
00039448
0000A428
FFFEC759
0002EFB6
00001E90
000016C2
0002EA3F
FFFF2C35
FFFF8E2B
FFFC2647
FFFD8011
FFFF8EA1
FFFFC2F4
FFFE434D
FFFF6C7D
FFFD7512
000211B9
FFFF54EF
FFFFF885
0002FF0C
00020ADE
0000A653
00023CFC
FFFEE6B6
FFFEFC40
0000D706
0002B347
0002122C
00004BED
FFFE54F5
000068C0
000347C1
FFFFBD6B
FFFE4AFF
FFFD73F3
00031550
FFFE54E9
00019647
00019BAA
FFFE55C2
FFFD2C04
FFFF54FF
00022DEE
0001993A
FFFC264C
FFFC89D6
FFFE6F7F
0000AFD0
FFFDEAA8
FFFD8D45
FFFE5264
FFFAACAE
FFFE90D7
0000F83D
FFFEF42E
FFFEC528
FFFF9747
FFFCB307
0000F3B9
0001CBA3
0001462B
FFFD800F
FFFF6843
FFFDDC2A
FFFF5C58
FFFCF098
FFFF3404
FFFE38E7
FFFD5550
FFFCEDF9
FFFD1FBC
FFFD578C
00004002
FFFE5165
00004A46
FFFC767C
0000E961
FFFF0CD8
FFFF8679
FFFE5328
FFFEB19D
000286DA
0001B1AE
0000390A
FFFFB855
FFFDEEFF
FFFF9DDC
FFFD35DD
FFFD075F
FFFC34A9
FFFD1033
00025EE6
00009C2E
FFFD33A7
00016414
00013521
00027650
0001BAA6
00004D5F
00006370
000145A9
FFFEB9C7
00001300
FFFC5BAD
FFFFF7BE
FFFCB84A
FFFC0CD5
0000BF95
000140DC
FFFCA777
000205FA
FFFF8047
FFFF8115
0000DA64
00017268
00015670
00003695
FFFE8554
000043B1
FFFEA028
FFFEF665
FFFF956D
0000B1C5
FFFC3D58
FFFF133F
FFFDD341
00007010
FFFE754E
FFFFF62F
FFFE1FAC
FFFDF23F
0001878A
FFFE9FD0
FFFE8B30
0000C6CE
0003753C
FFFED873
000309FF
0002FE73
00009BFE
0000185C
FFFDCCC2
FFFDDDF2
FFFEF0DC
FFFCC84F
0000537A
00017E23
FFFF161D
000000CE
FFFD94A4
00017CC0
00004E68
00023DB3
00022C56
00021137
FFFF2B87
00012364
FFFF7A55
00021F8D
00004E7B
00010E79
FFFFCCF1
FFFCD238
FFFEFA62
FFFD8B6A
FFFF8F1A
0002DA17
FFFED2CC
FFFF7806
0003A277
000266A7
000373CB
FFFEA107
0000660D
FFFFDE0A
00034766
00031EE6
0000969A
FFFE7B11
000110BA
FFFEEBE7
000151C5
0002CA71
00014124
FFFF96E8
FFFDA765
FFFF9D72
00006DD3
FFFFB9B8
FFFC7F00
0003CDB7
0000117C
FFFD93BE
0003D00F
FFFF9CB9
000249D2
0001342B
0002B627
0001F45A
000116A9
FFFE305F
FFFF23CF
00023A5A
0000EC21
0001EB47
0001E76D
00007478
FFFCD574
FFFEC5D0
FFFEC18F
FFFDA831
FFFCEFF1
FFFDEC24
FFFD6453
FFFECD46
00006B4D
FFFD75A7
FFFF663E
00011CE1
FFFFFB42
FFFF33D9
FFFE5D8A
0002D84A
0000B537
FFFE4822
FFFFEA5F
FFFF5427
00010E2E
00001ABF
000098C0
FFFD4EC3
FFFCC82F
0002B33F
0001CEEE
000028E3
FFFD9CB2
00006B62
FFFEB7D7
00007705
0001FC38
FFFFD3CD
00036862
0004260D
00037AD0
00010376
0003FFCC
00039D5F
0002A656
0001BC1B
0002A0DE
FFFEB65A
FFFE33FB
FFFECFB7
000002D2
0001D79F
00000408
0000813A
0002053B
FFFEB187
FFFFB8B0
FFFF619B
FFFFB28C
FFFF5814
000169FC
FFFF1347
FFFE9E0A
00000CAE
FFFE69E6
0000F9AA
FFFEDAC5
00001A4E
00014E18
FFFE7820
0001BB1E
00003B88
000077AF
00015913
FFFDAA78
00021150
0000EE72
FFFF3A27
FFFF04AC
00019CE2
00013B90
FFFDBE74
00006D97
000001EA
FFFDF5EE
000196A1
FFFDA316
FFFE9AAE
00003A27
000033ED
FFFFF198
FFFE4A7D
FFFDFD2B
FFFF3F32
FFFC0757
FFFE5402
FFFDC9A2
FFFCA894
FFFFFE05
FFFF8AEA
FFFD3FA2
FFFD8C46
000009C3
FFFDB50F
FFFD4CE7
0000A891
00001585
000066D1
FFFE8F6F
FFFC4B06
00034CF8
0002BFB4
0002677C
FFFF3D58
FFFFF298
00021F53
0001E383
00020966
00000472
0000E8D7
FFFEDD55
00008C35
00003A96
FFFFEE9A
00012F93
FFFE3681
FFFE0863
00005FCE
FFFDA5B4
FFFED1A5
FFFE0828
FFFDE289
FFFF7885
00009048
00014365
00011B87
000149DD
00024D41
0001C7B9
00007D2A
00021300
FFFFE358
000210FA
00012B27
0001BEFC
0001524F
FFFEB032
0003ADDC
0001C1BF
FFFF9685
0001261B
00012CB0
000038BC
0001674A
FFFFF7EB
FFFF767D
FFFCC7D3
FFFC9279
FFFC56A3
FFFB8C61
FFFCEE79
FFFCF58F
00004611
FFFEEEF7
0003A74C
0001B7FB
FFFFBE58
0001E61F
FFFF7194
FFFFBBEB
0001FE5E
0000F962
00040296
00009EC5
00010AC3
00012985
FFFE4CCB
0000F051
FFFE9544
00007455
FFFE3E98
FFFC286A
00021AAA
00010A01
FFFEF4E7
FFFEAAE7
FFFE681E
00000593
0001E594
00009E5F
0002ADAE
FFFDD9FB
FFFE5268
FFFDD9FB
0000278D
000157B6
00028339
0000D960
FFFEFDE5
FFFE431E
000253FE
FFFE71D0
000039BA
FFFF3744
00012898
FFFD98FE
FFFEDBF2
FFFEC5BE
FFFF17D7
000108F9
0003D066
FFFFEE48
000009E3
FFFF0AC6
00013833
0001E94C
FFFDDBB0
0002989C
FFFE4423
FFFEFFE9
00010361
FFFF27FB
00014B99
000269AD
FFFFF813
000157D0
00013D91
FFFE40D6
FFFD227F
00010C3F
00009E60
FFFE65F2
FFFED550
FFFE8945
FFFE55A8
FFFCE833
000099AF
FFFF41DB
FFFF6BE5
FFFCACF2
FFFE6239
00007D9F
FFFF8ECC
FFFF35AC
000117D2
FFFDBE2A
FFFE8B59
FFFEE2CF
00017E92
FFFE1D3D
FFFC6009
00001E5E
FFFF619D
000060F1
FFFEB196
FFFF28F6
00009A88
00027DFE
FFFFD7D8
FFFF7E87
00028863
00003364
0001887E
0000CBA4
FFFFA407
FFFEB6A4
FFFE87EF
0001C59D
FFFF6D97
FFFE07AB
FFFD9071
FFFDCD25
FFFE5C61
0000552E
FFFECA7B
000078EC
0000BA54
0001043C
000073AB
FFFF8FA4
0000CFBA
00007AB4
FFFEB3ED
FFFEAAFE
00003608
0000E312
FFFF8818
0001D93A
FFFEA878
00002C4D
FFFF6EC2
000184E8
FFFE8B09
000112DF
0002DAA1
FFFF65FC
0001E852
0002D723
0000A0F8
0000E36C
0000E835
FFFF75FF
FFFF1A9A
FFFF069B
FFFE9203
FFFE3A05
00003036
FFFDC22A
FFFFA39D
FFFF5C89
0001D2DA
FFFFA36D
0000EF5C
FFFDC35C
FFFDE741
FFFF976C
FFFF6B35
0000A025
FFFDB285
0000C930
0000AA2F
FFFE618E
FFFF49F3
0001039F
FFFBC011
FFFDA4DB
0000F7D2
FFFD703D
FFFD7B0B
FFFE3022
FFFC3F44
FFFF5561
FFFBD4C5
FFFBC94A
FFFC6C18
FFFF3751
FFFFA9D7
FFFFFA5B
FFFFA0D6
FFFE8A4F
0000A7F4
00000044
FFFD9493
FFFDCF7B
FFFFE233
00021574
FFFD9956
00007EE9
FFFEDE26
FFFE3024
FFFD81A8
FFFD3F62
00011089
FFFEF3C9
FFFE57A4
FFFFCB45
0003099C
FFFFC0F8
FFFE26FF
FFFF133E
FFFE83E3
0001B504
FFFFA3F5
FFFD46C3
000110D2
00028DEC
FFFD3643
FFFDF6DA
FFFEC564
FFFF4D91
FFFDD30B
FFFE3CA2
00008487
FFFD6189
00013E39
0000300D
FFFE0F53
FFFEC084
FFFE50DC
00031501
FFFF142D
00037925
00002424
FFFF8CAD
FFFFE475
00002450
00017D9D
00015450
FFFE4271
0001ED28
FFFF3033
000137A5
FFFDFEBD
00018E14
00011E81
00016FEA
FFFE0CED
00009565
0001AA5A
FFFEAC86
00002525
FFFE4CA2
0000BD09
FFFE19E6
00001F0D
0000A12A
FFFEB937
000114F2
FFFDBCA1
FFFDAE7C
FFFFC22F
000141F4
FFFFD425
0001ECD2
0000AA48
FFFF3136
0000924C
FFFE18EE
0001AB56
0000897A
FFFE5E4F
0001CDB4
FFFF9349
FFFE4FF9
FFFF1E66
00018EEC
00018B9D
FFFCAF50
FFFF8E4B
FFFF63B2
FFFDA3AA
FFFD8225
0000343C
0000DC53
FFFE8AC4
0000796E
FFFD2B0B
FFFF3024
0000C449
00011655
0000FD00
00005489
FFFE6273
FFFF2169
FFFD3280
00014A44
FFFF5525
FFFFBAAB
FFFEB94D
FFFE7454
FFFDF125
FFFDE142
FFFDD632
FFFDCFFC
FFFFC5D8
FFFE6A2A
0001AD6E
00020EC2
0001212D
0001DC39
00001F90
00018556
FFFF160A
000506DD
FFFF5682
00042908
0000D177
0000BEB2
FFFE41DF
000225D1
FFFF7122
0000284E
00030511
00021D4F
00024E5B
00007832
00005530
FFFF229B
0000326E
FFFFE3FC
0000006B
00025B9D
FFFE2D86
000277F1
FFFED1F6
0000BDB7
FFFFCAC5
000136BA
FFFCAAF9
FFF9948B
FFFFB4B7
FFFE565E
FFFC67A5
FFFD167E
FFFCF38C
FFFD67F4
FFFD747F
FFFC8FE3
00016674
FFFFF225
FFFDCB10
FFFF9D10
FFFEAE11
FFFDB944
FFFEC0A7
00008397
FFFD7795
FFFDD8C1
FFFE9258
FFFC5099
FFFE2383
FFFFC21F
FFFFF492
0002661A
FFFE137F
FFFF3555
FFFE38FD
0000B5D3
FFFE0C48
FFFD226C
0000A5CC
FFFC97AE
FFFF5CF3
FFFDDB41
FFFE697A
0000962C
00017B12
000250FC
000016CC
FFFFF0F0
FFFFFAE9
00007633
0002E296
FFFD7AD5
000161A7
0000C861
FFFDC1C4
FFFE5696
0001A702
0000BD99
FFFF3490
0001A30D
FFFFA384
FFFE287E
0001EB12
00008FB8
0000B5BB
00013EA3
00035FFD
0000353E
0001214B
FFFFC224
FFFEEF93
FFFCC7AE
FFFFB78B
FFFEB0C5
FFFF9869
0001BDFE
000252B0
FFFEFF82
0001AAFD
FFFF6051
FFFF445A
00019475
FFFDDFB1
FFFE64D8
0001A1E8
0001A90F
FFFFF13E
FFFF48B0
0002CC4A
00016BF2
00006E8A
000267BC
FFFC4CF6
0000FA3A
00038FF4
0001D97B
00003999
FFFE3BC1
FFFF0420
FFFEDE33
00002B07
000213FE
000353EE
0000CC62
0000D1A0
FFFE2DE2
FFFF0ECE
000103C4
FFFEAE7A
00014A4B
0001ED80
00008A62
FFFF85AE
0000BE1F
000124CC
FFFE8BD8
FFFFB353
0000A61C
FFFFF089
0000556F
FFFF66B2
0003892D
00010A9E
00010652
FFFDC6AB
0000E5A6
FFFF9E6F
FFFC9297
000143E8
00005D55
0001D0DB
FFFDE0D2
00017DD9
000458D3
0002D4C6
0001B874
000104DF
000301C2
FFFEF2E6
00017B07
00002AF7
FFFFCF4E
FFFEC340
00008D60
FFFFE6EC
00007F33
FFFDE546
FFFFB408
00005670
0000093B
FFFEAA58
FFFD26BE
0000904D
00015BB7
0002B72F
0000A7AF
0000C866
00017CFB
FFFE8C36
0000675B
0000726D
FFFDE3AC
0001BF5B
FFFEFFA9
FFFE7F1A
FFFDC203
FFFE06E9
00002162
000506BC
00050056
000518ED
00039518
0001F034
0002BAF8
000265FD
0001F68F
00056B54
FFFCCB75
FFFCF67D
FFFE0DF0
FFFD3E52
FFFF0FBC
FFFDFBF2
FFFEACEA
FFFFF2AC
FFFEF755
000150C5
0002688F
FFFFA9B5
000122EA
0002AFBC
FFFFFFAC
00029582
00032F2F
00006D73
0002E0A0
FFFE885A
FFFF6CCA
FFFF67EE
00009045
FFFF89E4
00011EBB
00019690
FFFFBFCF
0000CBD2
FFFD1D3B
FFFE395B
FFFD1A7D
FFFED1C1
FFFFF0A6
000047A5
FFFF1D74
FFFEBE37
00002AC6
00020241
00036441
00015EAC
00024676
000172CC
00018020
00021E01
FFFF3EBC
000217B5
FFFF4BF7
0001F195
FFFFAE82
FFFF4049
FFFF982B
00021C21
0000A249
FFFF2C59
00026EDC
0001A3FB
FFFF195B
0000F67D
FFFFB76A
000232C5
0001CA26
FFFEC01F
0001879D
0001428D
0001A9E7
FFFFEC79
000294EC
000176CA
00013A8A
FFFFDAA9
00009B03
FFFD6D62
00003A30
FFFD9913
FFFD1D90
FFFC2C59
FFFE0C49
0000CE09
00005FB6
FFFF0D29
00000D27
0002C3AD
0001D5C5
FFFDB3D3
FFFF75D1
0000DC6F
FFFEA3E2
0001C9BD
00027D30
0002C4F7
0000D2C3
FFFF0BA7
000046A6
FFFD32BC
FFFF200B
FFFEC75E
00022ECA
FFFDDDE5
FFFFE240
000252B2
0000FAAC
0001DC18
0001F29B
00010119
00004BB9
0003BB8B
00043252
0001A49E
0000AEE6
0001D650
00003F8D
00028FC4
000277DF
FFFF92E5
0003397A
00036BFE
0000177F
FFFFC401
FFFD1130
00005B1D
FFFDD792
0000125B
0000E2B3
0001B660
FFFECB68
FFFEDB64
FFFF18FF
FFFE071E
FFFFBDFC
FFFBC97F
FFFDB1F0
FFFCF160
000100A7
0001B68D
FFFD8B84
FFFFE535
0001494F
FFFEBD0D
FFFEDCAB
00023129
00004220
FFFEE989
000123F1
0001B844
0001994D
FFFCF4E2
FFFEF1C9
000218E4
000009D7
00010895
00016EE2
FFFE409D
FFFD69BF
0000D0CE
FFFCFEEC
00013792
00004007
000065DF
FFFDAD13
00005D04
FFFF6324
FFFFCC3E
FFFFE597
0002A985
0002F31B
FFFFC2F8
FFFFA77E
FFFFD2C6
FFFF7B2E
000120A0
0002AED8
0000C43D
FFFE82FF
FFFF2A1D
00019DE4
FFFEB6B6
0001114B
0002BFA5
0000C87E
FFFF3ABA
00030A8B
0001B209
00018DDD
0000C05E
00012EF9
000172D2
00005F23
FFFF1A5F
0001DA05
FFFFB792
0001D07B
FFFEAED6
FFFE6636
00016258
0001404B
FFFF83B4
0000088A
000092EC
FFFFEC5A
FFFEA1D8
FFFEE6BD
00018C30
0000DE78
FFFE6E70
0001C6A1
FFFF65C7
00041114
FFFF8F77
FFFE5A9D
0000F5B5
FFFE55AB
0001E794
FFFDE9EA
FFFEDF2E
FFFE9073
FFFE011D
00028922
0002836F
0000D2E1
00035F84
FFFFD12A
0002FA8A
0002BCFA
FFFFA7F0
0000A6E5
FFFFE7D8
0000D371
FFFF9E8A
FFFF53A0
0000C4E4
FFFE157A
FFFFDD2F
FFFF701A
FFFE87AD
000173C4
FFFDF37A
000059E1
FFFF00C1
FFFF159B
00014D67
0000000B
00002AD4
000131F7
00019A45
0000F635
0000A35C
FFFD9C8F
00010CBE
000007B5
0001B31F
00023E54
00001D11
0000ECD3
0002D066
00002C25
000260C4
00008DA0
FFFFDF3B
000109B9
00027532
00023C70
FFFF2E35
0000739A
FFFDE5A1
0000907D
00012154
FFFFCECC
FFFFDBE9
FFFE007D
00010115
FFFFAF51
0002AF33
FFFDFF34
FFFF6ED5
00039B14
FFFF87DA
000282DD
000095BE
0000E5E9
FFFFE82D
FFFEE33E
00004A6B
00000F4E
FFFF502E
00003BE2
FFFFFD23
FFFE61A0
00006F13
FFFE49B1
FFFC00D9
FFFE8293
000041D6
FFFDA04E
00019119
FFFF9FE0
FFFF2CFB
FFFD2F19
FFFEF294
FFFE58BD
000057FC
FFFF2509
00014BF7
00008755
FFFE62AD
FFFFBF17
000025C8
0000BFA9
000133A2
0000D0F6
FFFF0DBD
00005972
FFFDCBE9
00018B54
00000DAB
FFFFF701
FFFF4895
00015D17
00010EF2
FFFEA28B
00007A16
FFFDA2E1
FFFEBD51
00017EB1
00019174
000168A0
FFFF9D93
0000BD55
0001C916
FFFEB665
0001C882
0003A14A
00024675
FFFEFB71
0002FF86
FFFF151B
FFFFBD6D
000113B6
00036BEC
0002A999
00021EA3
00037088
00020B11
0000D650
FFFD755A
00017331
FFFFB970
FFFF5BCF
000088BF
0000D0E1
FFFE3D33
00021CD7
00040AAB
0001CC64
0001CA6B
00006CFB
00016F9F
00003E6B
00012EDC
00003BCC
00000D96
0002D138
FFFEF873
000165FF
0000A689
00034872
FFFEED5C
000132BC
00012237
FFFF1D59
FFFE1779
0001A051
FFFF4397
0000E53E
FFFF408A
0001CA87
00002BB9
0000B0F4
00018B61
FFFF5F8C
000180AF
FFFE2E0E
00003C33
FFFEE73A
FFFFB4AA
FFFE6CEE
00020EB6
0000499D
FFFD5998
FFFC5A40
00002B5B
00008125
FFFFE7E5
FFFE9FD6
FFFD4597
00009C8B
FFFEE46D
000091C7
FFFF26CD
FFFC5B89
FFFD7EF0
FFFE286D
FFFCD3F7
0001BB79
00013900
FFFD3F11
FFFE3F27
0000A404
00010192
FFFEB048
00036BF9
FFFDDABB
FFFEEC99
0002647C
FFFE83B5
FFFE76D2
FFFE8DDA
0001A651
FFFF2C4B
FFFFF402
000049C9
0000EB80
FFFD94E4
00009BA8
000035C9
00004565
000122FC
000113A2
0001CADC
FFFFD614
0001E0D7
FFFFA5D3
FFFDEB69
0000B4F0
0001E769
FFFF9FB9
FFFEC6F6
000320CC
00007FAA
FFFE1BA7
0003DCD6
FFFF53E2
FFFE9CF5
FFFE59BB
FFFE49EF
0001F11D
FFFDEA19
00014C72
0001B022
FFFF29ED
00005802
FFFE997E
000190D2
00002FBF
00009BBB
0000DEF9
00006A15
FFFFBB07
FFFF09DE
FFFF8778
FFFEA826
FFFF32A6
FFFF0B71
0002639B
FFFF21E4
0000222C
FFFFE381
FFFD72A8
000173F4
00014EFE
000028CC
0000A116
FFFE664A
FFFECB42
FFFE7476
FFFEC7EB
00027019
FFFDFFC9
0000FAC5
00022827
0000247F
0001545C
FFFF718E
FFFFDE3F
00005AAD
00012280
000084D5
FFFF148B
FFFFDBF7
FFFF02E0
0001C3A8
FFFCF249
FFFE8F8B
FFFEF5DB
FFFFF4E0
0000F7E5
00002E91
0001EC89
FFFFDC4A
0001E53E
FFFF2D3D
00014FA3
FFFF3EE2
000028B1
00002DD2
00054AD0
0001E16A
00027920
0001A260
00020DBA
000369BB
000013C7
000044F0
00004A0A
FFFF4EF3
000111DB
00024FA2
00033CB0
FFFE6A15
FFFFCF29
FFFE23BD
0000C261
FFFFB24C
FFFD95A9
FFFC3398
FFFCF1DC
FFFC2C6F
FFFF583E
FFFD3F3F
FFFE9E09
FFFC92F4
FFFE568C
FFFF2C83
FFFFBBBF
FFFF761C
FFFF3BAA
0002BD1C
FFFEF7CF
00017250
0001147A
FFFE75D8
FFFE3832
0000138D
0000518F
FFFFB83A
FFFEA0D7
0000A6E7
0000F3D4
0000D769
FFFF3A9E
FFFF6363
000046D1
0000C590
00015668
000055CC
FFFF152B
000000C9
00001575
FFFF32D7
0001AB20
FFFF8500
FFFFCD26
FFFED510
FFFFC14E
0001A881
00019B9C
FFFEE01D
000396AA
FFFD9DBB
FFFE63A2
FFFA4973
FFFEED16
FFFCD0AC
FFFBD69F
FFFDCC7E
FFFC6EBA
FFFF5C14
00025AC7
00009D46
FFFFBB75
00017F4F
00035928
000218CC
00021207
0000A205
0002DDF7
0000AAE7
0002BD01
00028D99
0002530F
00027A35
FFFFF1EB
0001341D
00020C33
000049B9
FFFE55D1
FFFFBF6F
FFFFB2E2
0000B81A
FFFFE098
0000CA11
FFFEB43A
FFFFA09F
FFFF9B5A
00022C32
00015C11
00002644
0000B481
0000134D
FFFEA093
00013515
00007EE1
FFFE9646
FFFDA916
00007D26
FFFD9D0C
FFFD0E0D
00024D90
FFFDFC58
FFFFDA3B
FFFEDB2F
FFFECB4C
FFFFEBF1
0002735A
0000ECD1
0001E44F
FFFDA648
00020CA0
FFFF396C
FFFECD32
00013B42
0001F41B
FFFEBC52
FFFED72E
00011A89
FFFF97EF
FFFFF010
00001399
FFFF8B9E
0001A463
FFFED76C
FFFC41D0
FFFC4CC2
0000E5EB
FFFC837D
000003E1
0000F1A1
FFFE301D
0000C532
000179D4
FFFFBF0B
00011FBE
0001AF2A
FFFDDE20
FFFF87B4
0000B22D
FFFE6D2E
FFFE842B
FFFF8D48
00023F15
FFFEC085
00018005
FFFFED6F
0001CD89
FFFEA9D4
FFFD0AB6
00019DE1
FFFE4522
0000358E
FFFE68ED
00010ECC
FFFF7D77
00002B98
00025EBB
00027DC4
0001B458
FFFF01A0
FFFF14CF
FFFF1B10
00008F4C
FFFE73DE
FFFFE863
FFFE1739
FFFE5EF9
FFFFBE32
FFFE74C5
FFFEA9E0
FFFD2CD9
FFFD4AAC
FFFF0722
FFFEEEDC
0000081E
FFFE117F
FFFEF737
00035B8B
00039860
00020326
00043D63
00039A08
0004A02D
00028110
00013C4E
0003DF61
FFFEAB1B
0001215F
00027103
00006B4B
0000491F
FFFFF83D
FFFE6900
00000A53
00011E3D
FFFF72B4
00000C88
FFFCC4A6
FFFCE21C
FFFFA1D1
FFFEA3E1
0000D385
FFFE0EE9
0000AD22
FFFBF0BA
FFFC38C1
FFFF3B3C
FFFE4BD3
00002E9B
0000ACD8
FFFF792A
FFFE4D11
FFFD893C
00005EB1
00009337
0002B76D
00027AA0
FFFE4EF4
0002C572
00010F56
FFFD356F
00024328
00000E9C
00015D2B
0001A42E
0000EFCB
00029A9B
0001615C
FFFEC38B
FFFFFC07
000212D1
0000B0F2
FFFEB3FE
0000515F
FFFDB400
FFFF9F11
FFFF8705
000176C2
000102F9
FFFFE538
FFFECF1D
FFFED218
0001ABDA
FFFFD50D
FFFC462F
FFFE51D4
FFFF9517
FFFC4525
FFFD6E5E
FFFEAF0B
FFFE64A0
FFFDB209
00032B8F
00012F70
FFFFAA42
FFFEDFFC
00008860
0001B17A
FFFF972B
0000C4DA
FFFEED20
000120B2
00007577
0004A7D9
0002B24E
00016BC0
000095A7
00023B30
00009EB5
FFFE5005
FFFFFBB3
00030436
0001B720
000100B9
00026ADD
FFFFC07B
0002AF7F
00039246
0000A577
FFFF7ECC
FFFE9F27
000149C8
FFFF1C92
FFFED9ED
00005E34
0001C0B8
FFFE6C3D
000279E0
0000FB99
00002A94
FFFFC3F7
0000A1B2
FFFE2FE6
000217FA
00006539
00018E7B
FFFFD0AF
FFFE98AD
FFFF4C6D
FFFEEE7C
00006B1F
FFFDC185
FFFE063B
FFFF92A7
FFFEDC77
FFFDBA73
FFFEC4A5
FFFFDFC1
FFFCEF97
0000A40B
0001E364
FFFCF263
00018B70
FFFECEA7
FFFFF307
0000F08A
00020D5A
000114DF
FFFF85D2
FFFEDEFB
00019109
FFFDE99C
00018641
0001AEF3
FFFDF423
FFFF167F
00018F4E
FFFD929D
00006A49
FFFE0C5B
FFFEEA53
000119B1
FFFF4B29
00010CD5
0000D044
FFFF4A24
FFFFDF38
00011C83
FFFE1DEC
FFFE1A83
FFFF23B0
FFFF1808
0000C145
FFFE15D4
FFFC4AD0
FFFF63B6
FFFDDD78
FFF9FFB5
000173AB
FFFEFAB7
0000C997
FFFFA083
0001E646
FFFECBBD
0002BA51
0000B36A
0003EAD5
FFFE6F61
FFFCD63C
FFFE0D95
FFFF8DDF
FFFFACFE
0000824F
FFFE17CE
FFFEE122
0001E71E
00019A92
00007946
FFFE44DB
FFFEB4F0
FFFEED11
00002C7D
FFFF01CA
FFFEF703
0000CA5A
0001D9BA
FFFDEC0B
FFFDF1EB
FFFE3627
0000BDC8
FFFFC74F
0000EF64
FFFD9544
FFFF47BF
00004A78
FFFD8C9B
FFFFCDB6
FFFF874A
FFFEA6B2
FFFE2CCA
FFFFD59B
0001A20F
00014C94
00001CFC
FFFE909C
FFFEEDEC
0000C7AC
FFFFCC3E
FFFFF3E9
FFFF682C
FFFF60FC
FFFD87B9
0003B398
FFFF5E2C
00022EC1
0000FA7B
FFFE541E
FFFE5EAA
000324B1
FFFF7ADD
FFFE76BF
00003172
00017005
FFFF2809
0002A6CB
000096D5
0000141B
FFFF13C3
0001232C
FFFEA38B
FFFF41AF
0001887C
FFFC67D3
00014F79
FFFE7C54
FFFDB5C1
FFFFB535
00012568
FFFCC4C5
FFFE56F2
FFFF1991
FFFECD8F
0000D722
0000E797
00011CF7
FFFE6BD5
FFFDC976
000199FC
0000637A
00013BD8
0001DEA8
FFFEE614
000091F6
FFFFD8ED
0000F415
FFFF0805
00001C03
FFFE4F52
00003E83
FFFE8A93
FFFDA4EA
FFFE9BC2
000115D1
00000E29
0001FF50
00004E4E
00003B35
00033B56
0002B9BD
00038CC9
0001B434
00000C0D
0002B4D9
0001A667
000055BD
0001618A
FFFD876C
FFFFC08B
FFFD64B9
FFFFEFE8
FFFF2ECE
FFFF2A6E
FFFF2665
FFFE447F
FFFD26A8
FFFDB5B6
FFFF14B1
0000A6C6
00003D6F
FFFD456B
FFFE26A0
0001A8C5
000018DD
00001424
0001EBB7
00031F62
FFFF171B
00000A4A
0000230F
FFFE9208
0000F26F
FFFCF171
00022F6D
FFFF7F67
FFFEA30C
FFFF1504
0000FD84
000306C9
FFFE2AAE
0002E768
0000509C
00014B0B
FFFE2FD4
FFFFDC76
000181CB
00006846
00028069
0002343C
FFFF0266
00027706
FFFC17D0
000192AC
FFFE512B
FFFDD336
0002698E
0000AAEF
0000D2D6
0000E552
FFFF6AAA
00006FC2
FFFF7B20
FFFEA870
FFFE22F8
00007B2A
FFFE50D2
00004A7B
000107B3
00014784
FFFC5C87
FFFE3E3B
FFFE38D0
0000FA57
FFFF49EC
FFFF19CF
FFFAECCF
FFFDC26A
FFFE2F49
FFFEFE3B
FFFDD47E
FFFE712F
0000506D
FFFF3C5F
000289AF
00010399
FFFF4C53
0001CB77
000291E4
FFFF79DB
FFFF8F44
0002CB54
FFFF6AF3
FFFF24B6
000259D3
FFFE60FF
00024DC1
FFFC9406
000146B4
FFFDBB1E
00010C88
FFFC9CA9
FFFEE3F6
FFFCE145
FFFF1211
FFFCF4A5
000079DC
FFFF9FC6
FFFDFDBD
0001FA73
FFFD88D0
FFFDFC7C
0000DFEC
FFFE399E
FFFD53DB
0000EB57
00008D8F
000038A3
FFFFA56D
0001EE54
000175DA
FFFFE579
0001E98B
00029525
00016A51
FFFE4BF1
FFFE409F
FFFF73D3
0000E1AB
0000956C
FFFE5C2C
0001557D
00002E8D
FFFE183F
000108D0
00011116
FFFCEF5D
FFFE14E3
FFFDBD77
FFFC5189
00006625
FFFF08A8
0000A9E1
000156DF
FFFE8656
FFFED046
000207F8
0001A200
FFFFF4C1
FFFE3AF4
FFFEA609
00008DEF
00007205
FFFE1492
FFFD596E
00006A6C
FFFDAFA2
FFFF4ECF
000156F8
00003834
00020ABB
FFFF0A1D
FFFE639F
000193B4
00024797
00015A13
FFFE4BE0
000289DE
FFFFB4FB
0002B469
FFFF3A34
00017A28
FFFDA60B
00008C94
0000A280
0000D53B
FFFC8BD5
00017F1A
0002153F
0002D6A1
FFFF5D2E
0002F05C
FFFF62E8
00012B10
FFFE657E
FFFE2F68
FFFDA32F
FFFE3C1C
00006122
0000C760
FFFE12BA
FFFF2748
00005ABD
FFFE52E6
FFFF900F
FFFFACD4
0000EDC4
0001B5C7
0001134C
00012408
00004F62
FFFE65FC
000260D9
0000CAA4
FFFFFE97
FFFF172A
00015EF0
00035697
FFFED2F4
FFFF42E5
0001DE2F
00013797
FFFFABE3
FFFFCEA6
000187E2
FFFD75F2
00001C1C
00002728
FFFFEFFE
0000AB60
00010BC2
0000BC5E
FFFF29C0
FFFEF62F
00014E28
0002338A
FFFE0D5F
00018910
000186A2
00025FA9
FFFDA6EF
FFFD5DD0
000004DC
0002BCA8
0001BE2E
0000962A
FFFF6FAB
FFFE8959
00008CC5
0002F682
000096BC
0001C1DB
00020681
FFFFDCE7
00026383
0000023B
FFFEEA13
00026F20
FFFED211
0004B2BD
FFFD4624
FFFD1024
FFFFB70A
FFFF7876
FFFD1814
0000D8E4
0000A33E
00003278
FFFE6207
0000FE36
FFFF96D3
0000115A
00027FBF
00008A9A
0002355B
00024EB7
FFFE7D3E
00004650
000012C9
FFFEA29D
0000D1E7
FFFF9D9E
FFFF8BDA
FFFF1295
FFFFCC3A
FFFEDEA9
00012E5A
0001508E
FFFF568F
0000783F
FFFF0188
FFFFB703
FFFE4EC2
FFFE65F6
00009B41
FFFF2D8D
00008A72
00001F9F
00021F62
FFFFD77F
FFFFBF39
FFFFAFBD
0000DD6A
FFFFA310
0000DCDC
FFFF6A6B
FFFF59A9
0000C996
000138DF
FFFFFC1E
FFFFC80E
00006A6D
00028B1D
00011649
0000BE74
000258A5
00027E94
FFFE4697
FFFEBD81
0002FC1D
0000ED8D
0000038B
FFFF1848
FFFFAB93
0001C243
FFFFB180
FFFFB759
000017F3
00008070
FFFF9CF3
0002633E
0001A6D9
FFFE0824
FFFD3C40
FFFD2048
FFFE52A7
FFFE297C
FFFDDC35
FFFDCA06
FFFE3C4A
FFFFCC5B
0001F9DC
FFFDB424
0000FFBC
00015697
FFFE9070
FFFE5BCB
000271B6
FFFEEAD7
00000B0B
000098B1
0001ACEC
FFFEF882
FFFF218B
0001CA9A
FFFF7E97
FFFFBDA0
00000C50
00026A23
0000E553
FFFDD776
0000511E
FFFFAB58
FFFE47AB
FFFE1107
FFFF9A11
FFFCF358
00015EA6
00033474
0001D23C
FFFD9A36
FFFF9606
00008BA1
00006480
FFFF4EEB
00006A08
FFFF1374
00004766
FFFF06A7
FFFF6CE2
00028BD8
FFFF8041
FFFFD765
0001941D
00011000
FFFE89EA
0000BC45
FFFED408
FFFFA26D
000286FB
0001F2E0
FFFEE6FB
00023740
FFFD8433
000290B4
FFFFC955
000153FF
0000DCB4
00016E35
000151D6
FFFF4003
0001D93B
FFFEB958
0000576D
FFFEE73A
0002A93C
0001E70C
FFFE97CB
FFFEDC48
FFFFC64B
FFFF8B1D
000179EE
00018272
000067C8
0000B704
000124BA
00029247
000246AD
0001D9D5
00002D30
FFFC8698
00005595
FFFE374A
FFFE1156
000073FE
000075D5
FFFC100A
FFFD2561
FFFF968F
FFFD3929
FFFD6D17
0000684E
FFFE6930
FFFB5EBA
00000134
FFFE72A0
FFFF1AFE
FFFD5E74
FFFE286C
FFFD8EF9
FFFC93DA
FFFF13EC
FFFF3428
0002E890
00003E6C
FFFD9246
000181A0
FFFFFFCD
FFFDACB3
FFFD80C3
FFFED4D0
0001D7D9
FFFED7BA
FFFCCF46
FFFD11C9
0002065C
00021C90
00010993
0001F2C1
00019DF6
0002AB61
FFFEA8B2
FFFF2E41
FFFFBB28
FFFFBD18
FFFE12D8
FFFFDF27
FFFDD615
FFFC3DF0
FFFCAAC7
00002891
FFFB39D0
FFFCFA46
FFFAEDB2
FFFEED20
FFFF5588
0001F326
00028209
FFFE8B4A
FFFF3D6A
0000F185
0002B231
000001ED
00009392
0001DFAE
FFFDDC51
FFFF8229
00010306
FFFE7B37
FFFF2E54
FFFFB1A1
FFFDEF2E
FFFBFB55
FFFEE55D
00017067
0001D1BD
000083A5
FFFECE20
0002AB3D
000088E2
FFFEFA35
0001B114
00019DCA
FFFF4127
FFFF887F
0003FE21
FFFF92CE
FFFE7FCC
000019B0
0000593F
0002891F
0001C5FE
FFFFDD41
FFFF1EF7
00002939
0000AAE2
0000E37A
FFFEB3DE
FFFE7466
FFFD667C
00016C76
FFFD7464
0000E850
FFFDFE46
00002BE7
FFFE8852
FFFC227C
FFFD53D8
FFFDD0C7
FFFFDCD7
FFFC5E25
0000396E
FFFDB3F4
FFFF62AB
FFFEDC4B
FFFBB3B6
000049D8
FFFE1C12
FFFF3617
0000206C
00014679
0000F440
FFFE4ADA
FFFD56EF
00021188
00009FEE
FFFE1672
FFFE6B6F
FFFEF4A7
FFFDD1D6
00027178
FFFF43C7
00017D1C
00024150
FFFE7440
FFFEB506
0001F47F
FFFA700F
00003C39
FFFD0BEC
FFFF32E2
000029A1
0000C905
FFFBE909
FFFD4D2F
FFFE961B
00023129
0002B229
000071DE
FFFF9305
FFFC535C
000197C0
00008E14
000100DD
00020412
00006AB9
0001667A
FFFE98DB
00020566
000144C2
FFFF0EB4
000137D8
00006AFA
000281BA
0000E2C8
0001AA1D
0001AB93
0001B58C
0003545F
00039453
000044C8
00000D36
FFFE1218
00007E60
FFFF444B
00018BFC
000216E6
FFFF6FF9
FFFF18C8
FFFEC99A
FFFD5C8D
00036A79
FFFD9D69
FFFD5474
000085C6
00013391
0000FB8B
0000EC0B
FFFE28D4
FFFCB121
FFFDA116
FFFE86D1
0001752E
FFFDFA46
0002241E
000348AE
FFFF377A
FFFEBFE5
FFFE5B9D
FFFD64CD
0001C034
0001071C
00001287
0001C748
000333D5
FFFE3C06
00033101
FFFEA0A3
FFFFD732
00010760
FFFFABEE
00037D40
00050112
0002A790
0000DD7C
000097FE
0001C914
00019201
0000259D
FFFE724B
FFFCE652
FFFF55DC
000020D5
00009146
FFFF84CF
0001058E
0001F75B
FFFF01C6
0001CC0E
00023AC1
000048DC
FFFD0455
FFFFF8CD
FFFF9CDE
00007337
FFFF8F2C
FFFE40DF
FFFEF3F9
FFFFB389
000024BF
000151AE
FFFCF436
00000308
00027DFA
FFFFB38B
FFFEF168
FFFE731B
FFFE1987
0001E8F6
FFFF0F72
0000A7A6
00013F8C
00004435
0000E474
00010A1E
FFFF6714
FFFFF762
00020D2B
00028511
FFFFB663
0000D4B1
FFFE8B4E
FFFD5035
FFFCA835
00000265
FFFE8F64
FFFE51E3
00013863
FFFD2368
FFFC1187
FFFDB211
FFFD41A5
FFFE73F6
FFFD13E3
0001058F
FFFD2053
00010DF9
FFFE3E47
00019579
FFFEAA0F
FFFCCDCF
FFFBBC4A
FFFC020A
00010CD3
FFFFC765
00003FE4
FFFF776E
00011406
FFFD7370
0001A25C
00047CC6
000065D8
000189D3
FFFE4506
FFFDFE29
FFFFF747
000369B0
0000A5B3
0003243D
FFFFCD0A
FFFF9641
000027F6
0002A438
000291C4
FFFE9CAB
00024FE7
000161CA
0001F613
FFFFA049
000204BC
0001D35A
FFFFDB76
FFFDA394
0000D96A
0001CDD4
FFFDBB24
00003304
FFFF975E
FFFEAC0E
FFFF32DE
FFFDDA0A
FFFF23A9
FFFF90D1
0001A18B
000238DB
FFFF093F
FFFF3FC4
00000448
0002B8D9
FFFFAA3A
0000C184
FFFF7DA8
FFFFA945
FFFC61BD
0002857D
00002A4C
00013BE1
FFFE6049
FFFE2A58
00025881
00034D5C
FFFFB532
0001B6A7
0002ED0C
00021E46
FFFF672F
FFFFD12E
FFFF3EB3
FFFCC118
FFFD506F
FFFEDA24
000245D3
FFFE3E59
FFFB6AB3
000027D1
FFFE5255
FFFEE672
FFFB40A2
00003AC0
FFFD06CD
FFF96B6D
FFFF2F68
FFFFF4F2
0001C36D
0003A3C5
FFFF52E2
000378EF
0004DB49
FFFD3190
000281B9
000349F2
00025ECE
00037B7F
00004777
FFFF8BAC
FFFE95DB
FFFE18AD
000100FB
0004305D
FFFF5A36
FFFE28AD
FFFE8997
FFFF9AC3
00023675
FFFF18DF
0003A7D6
00010E7E
FFFEBC88
FFFF4E94
0000445B
FFFEF2F9
FFFEF3B4
FFFD2FE4
00019444
000109DA
00028BA4
FFFEFB08
FFFDF47B
FFFF716D
0003C85E
00000B4B
00009149
00035A8A
000167A7
00033521
0003B116
00029CCD
00015108
000252F1
00007095
00024E76
0000543A
FFFDD797
0001C1EB
0001A680
0001DA2E
FFFF8F70
FFFFD8A0
000049BC
FFFCFE6D
00008689
FFFC785E
FFFD3D7A
00002AB1
FFFEE80B
FFFF6390
FFFE4D0D
00027C5E
FFFE5FE5
00017B6D
0000107E
0001CAD9
FFFF9C28
FFFEF5CF
00032373
FFFFDF20
00055B7D
000096FC
000029E2
00052F26
FFFFB315
0002A70E
0003D2A9
FFFC457A
FFFE716A
FFFF1D80
00008F9B
FFFD1246
0002E842
00032722
00020303
00007437
FFFFD895
FFFCE0B5
FFFD9717
FFFE2B1E
FFFE27CF
0000E6F0
FFFF9275
00028412
FFFE5D96
FFFF16E0
FFFF904A
000193D9
00024FAD
FFFEF8D4
FFFE1BCC
0001E036
0000A0B4
000021ED
FFFF166F
0002ACB0
FFFCC140
FFFF485A
FFFFB51B
FFFE604A
00009302
00015F6D
FFFF6243
00011DA9
000076EC
FFFEB26F
FFFEBCD7
FFFF9A29
00005CB4
FFFF32CA
0000ABC2
FFFD669D
FFFFA63A
0000E2F9
00010BDC
00004AB5
FFFEEA9A
0001C0A7
FFFEEF9C
FFFF129B
FFFF404E
0002A599
000204D7
000309E5
FFFFB654
00003EA1
000213E7
000099DC
FFFE4B5E
00028FDC
FFFF80DC
00011A26
0003135B
000239D1
00005FF3
FFFF9484
00016CBC
0000D61C
000327C6
0001930E
00004FA6
FFFFCEA4
FFFE7C70
FFFC8DA8
FFFED44E
00008CE8
FFFF3857
FFFC1F48
00008498
FFFEE26E
00038EFF
FFFE7ED1
FFFECCB7
0001E07B
00006778
0002A197
00016752
FFFF3887
00039555
0000AC23
FFFE37AB
0000C15E
0002A345
FFFF3EA5
FFFF7DFE
000301A9
FFFF24A2
FFFE2F49
FFFD6521
00014B64
FFFF6C55
000187D1
FFFD11E2
FFFF0977
0000DCA7
FFFEB0B2
FFFEFF5D
000041D7
00023AEE
0001A1E0
FFFD7687
FFFE2FAA
FFFF6A1D
FFFBD143
00003485
00011CF4
FFFE0AB2
FFFE67A8
00010C2D
000089E8
FFFD0EB5
FFFF1B0C
0000A55D
FFFF6101
FFFB71D0
00005B6D
FFFFB9E4
FFFC8EE2
FFFFCC96
00025267
FFFB5B4D
0001374A
0000933A
FFFFE250
00011259
FFFEC7F2
00005287
FFFD31DD
FFFEEF0E
FFFC4449
00026632
00003591
FFFF6217
FFFDC4A5
FFFE569E
0000B453
FFFEE1E3
FFFE8D14
FFFE4B85
0000267C
0000D3FD
00015F36
00039843
0001D2C6
00013EF6
FFFF8077
00023E4B
0000D056
00015E22
000122E2
FFFD4267
00013E5C
FFFD7319
FFFE42C4
00016624
0000A15C
00014AC8
FFFDDB9C
FFFFBEB4
00003C63
00012BA3
00029166
0001E0FF
000387AF
FFFDEDA1
00015667
0000C684
0000C48B
00016E46
FFFEFAAD
00024CF7
FFFE602F
0000547C
000049D6
FFFDA54B
000161B9
FFFFDF97
00004917
FFFE30C3
000006F8
00014B5E
0000EEFD
00019F25
FFFFEBF1
FFFE15DF
FFFED63F
FFFFE26A
000151BF
FFFF7A49
FFFEF3B0
0001E9D2
FFFE7864
00014DD2
0001154B
00020120
FFFE720F
0001F3C4
FFFFFBB3
00028ECD
FFFE2AD4
00011171
0002BF6B
FFFEEFF2
0000027C
FFFC68BF
FFFDDF8F
FFFBE1A3
FFFD2A6A
0002E4D5
00014A5E
FFFDD646
FFFEF61A
FFFFA7FC
FFFFA2F9
0000E589
FFFD3E53
000045A4
0001FDF0
000074C5
0000DB29
0000EFD7
FFFD8D45
FFFD4225
FFFF2EEC
00002C4B
0001D777
000118B6
000092AC
FFFDBF2B
FFFF8D05
FFFF8155
FFFE7E6A
FFFF2126
0000D984
0002C058
FFFF1C5E
0000D1E9
00004BA6
000073E1
00004D5F
00017262
FFFE81C9
FFFD894F
0000D684
FFFDA439
FFFE47AB
FFFFC5E5
000076AE
0000D9D1
000001C7
0000B7E4
00010A11
FFFF8013
FFFF24B6
FFFDEB7C
000198D4
0002D9F8
FFFDA27E
00006B69
0000E6A1
0000DB50
FFFF795A
FFFEAECB
0001610A
0000767E
FFFF89FD
FFFD9F4E
000040D2
000076D1
FFFE7C12
0000C340
00014F3E
00016A87
FFFCF564
0001BD2B
FFFFA905
FFFE65A6
00019CAE
FFFDD2B7
000110C3
FFFFB1AF
FFFEEBA5
FFFEDBD7
FFFE7C12
0001EF2E
00000F67
00000C29
0000D088
FFFE2012
FFFEEB87
FFFEFC35
000032CA
00006941
FFFDFF01
FFFECDE8
FFFDDC14
FFFFCC29
FFFF449E
FFFE0615
0001CF67
FFFA2F55
0000736C
0000CEF9
FFFFC64C
00001565
00004483
000147CB
FFFD6AE8
0000C5A9
FFFF651C
00001C53
FFFF6792
FFFF9715
FFFC3F96
00015753
0001569B
FFFF6731
FFFFCBA1
FFFE6B53
FFFE321F
0000788A
FFFE9C78
000061E4
0000DB40
FFFE7FE8
00006D63
FFFEA8C4
FFFDD8F8
0000B55C
0000FB4D
000202EE
FFFD8AC8
FFFFC5E7
0003E40A
FFFFB489
0002B79F
FFFFD71B
0000AB1D
00023886
FFFE73C0
FFFF67A7
0002948F
0001C00D
FFFEA562
000378A9
FFFE0EAD
00019B6F
0000AA14
FFFCC72A
FFFE91B2
00007369
0000F4A2
FFFF5522
000364E7
FFFED77A
FFFC9FBC
0001E584
0001A564
FFFF4CE8
FFFF15DC
FFFEE874
00017514
0000988F
000033EB
FFFFA722
FFFD6F73
FFFEB116
FFFFCA57
FFFE2A4F
FFFEB138
FFFDF3A7
FFFF9EAB
FFFE205F
FFFFEB74
FFFEBCE2
FFFE74CD
00017A9E
FFFF3E33
0000B930
FFFF9469
FFFC8996
000032C9
0001B0D3
0000FDE0
FFFFA274
FFFF22E1
FFFFEF0A
00039659
FFFDD48B
000158B3
FFFF575B
0002ED82
00043228
0003C3A5
0001FD02
000257A9
00017044
00021356
FFFF7F8F
00006069
0002F573
00010D90
0001CA4A
0002AA6B
FFFF933B
0002A7F2
000428C9
FFFFAE5B
0003D781
00016AC1
FFFE0FBC
FFFD09CB
00001002
FFFDAE44
FFFDE083
00020378
FFFE3663
FFFEDEE1
FFFD35B4
00021C84
FFFDD49C
00016EB1
00014522
FFFF90B9
00000D2B
0001493A
FFFE39C6
00009A56
000158BD
FFFF1C36
0000E92F
0000E841
FFFE863D
FFFF8182
000128B0
FFFF6B28
0000B9F3
00026F89
00011C06
00031E6D
0001104C
000209FA
0002DA8E
FFFF938E
00039EE3
00014C64
FFFF0403
FFFF5903
FFFEC370
000310DB
FFFC7B00
00009046
FFFEC963
FFFF3094
FFFFD8F3
00009560
FFFE247B
FFFF9CFC
00006017
FFFE5140
00001C91
000182B0
00009B3E
0000B0BB
00007FA2
FFFD169C
00001574
0001361E
0000470A
00006657
FFFEDD46
00027685
00010819
FFFEFECA
000270EA
FFFFE30C
FFFE6484
0000FBD4
FFFFD660
0002AEA2
00010F64
00020ECD
FFFF86D1
FFFF2080
FFFE9439
FFFE2E93
00003F1B
FFFFA958
00021437
0000622A
000235CC
FFFDFE38
00005DC5
FFFED0E0
FFFEF2F2
00016BAC
FFFDBC51
FFFBD9BC
FFFF1E27
000130E7
FFFF2B18
FFFDC069
0000BAC4
0000B149
FFFEFCCA
FFFE5D13
00008C99
FFFDDE5A
000111E5
00009E2D
000337C5
00018309
FFFFF0DB
00049455
FFFE9204
FFFF55D1
FFFE65D1
00042AED
0001B0F7
00000800
000153AD
0001769D
00026B41
FFFDDE3D
000336C7
FFFDE8FF
0000E852
0000ADF8
000222EF
FFFFD0A5
FFFDACD7
FFFDB598
00002FB8
FFFED2C9
FFFF8F04
FFFDD393
FFFE14AD
0000D9E8
0000B48E
000144D1
00012729
FFFFDCA9
FFFF3C26
FFFDC902
FFFDE341
FFFECD40
FFFFF6B8
FFFFA509
0001B2E3
0001F33D
FFFCFD66
FFFF2A20
0001E0AA
00014E10
FFFE079F
0000313F
FFFF05A1
00007F8B
0000A333
000017C9
00021B96
FFFDA768
0000A743
00018AE5
0001E2AB
0001CF0B
00018519
00030E32
FFFF2495
00017373
00039757
FFFF5A9E
00000258
000142D0
00029E01
FFFD879B
FFFFA28D
000001E3
0000281A
000223FA
0001BCC6
FFFFC571
00026D8B
00007C4F
00024F31
0002083F
000074FC
00021ACD
0000822A
FFFFD09C
0001FF6C
00009D5F
FFFCE228
FFFE0B93
0001B180
0000ECBF
FFFF068F
00036C80
FFFE2608
FFFF4DAD
FFFC8A0A
0000AA34
FFFF1EF2
FFFC4D43
FFFE3F17
FFFEAF32
FFFE5B82
FFFD79B9
FFFDDC53
0000EC76
FFFE1B8A
FFFCAC60
000178C2
0001E0A3
0000F007
FFFE2205
00023D9D
00021872
FFFEDFE8
FFFF5A49
00002031
FFFF98F0
FFFE5B91
00023CAE
00005F85
0001D268
00009A06
FFFF59F1
0002CE49
00016534
FFFF7E22
00006FFB
FFFE6A4C
0001CDC2
FFFEBCFD
0000BBB1
00013F00
FFFE66A3
FFFEBC10
0000576D
FFFF78F9
FFFF7671
FFFD0DCF
FFFF862D
0001A664
FFFB9FBB
0000F4E1
000217BE
FFFC8D3D
0000DC03
FFFFEE83
FFFD41E3
FFFF3F40
FFFEF9CD
00010906
00007356
00016178
FFFF24CF
0002F38C
FFFEA843
00010C39
0000EB2A
0001B038
FFFFF223
0000882D
FFFFFB6E
00004F3B
FFFF6F86
00008F75
0000CCD1
0003F217
000158C5
000147AC
000085E8
FFFFC0A1
0000B30C
FFFD6F65
FFFEC297
FFFFB2BC
0000D54B
FFFF8F9B
000302EB
FFFFF47E
0003AFF8
FFFEE5A0
FFFF46C8
00022757
0001EBC4
0000D715
00000BD5
0001780E
00035BEC
FFFEE28F
FFFE8AA3
00023511
0001D5D8
FFFF6DB7
000305F1
FFFEB352
FFFE9EBD
0001724C
FFFE960C
FFFFF4CD
FFFF3DB2
00006C5A
FFFCBEAF
FFFF4455
00013EAC
00007A0C
FFFDE85C
FFFFB990
00008E34
FFFD1ECF
FFFFFDF7
00017377
FFFE2175
FFFE1EC3
FFFFC1AB
0000DB32
FFFE2EF4
00011B9F
00015B15
FFFEDB61
FFFFD0DE
00022067
FFFFF1A5
0001FE0F
00009362
FFFD323C
000233FC
FFFE25E5
00024672
0000CE01
FFFEDFD4
FFFEF17F
0000F955
0000BDD7
FFFFFDC6
00016794
000044C0
0000DE6C
0002425E
00001EEF
000061CE
FFFF99CB
FFFE0AA7
FFFF1D25
FFFBB203
FFFFC3F7
FFFC929A
FFFE34A8
0001B647
000274F7
FFFFB569
FFFF8BDC
0000F23B
000299B2
00028466
FFFE1A10
0002D877
0001FC1E
FFFAB1E7
FFFD3899
FFFE936D
00001909
FFFDDDEF
FFFE9F0C
FFFFED69
FFFEF0E3
000051AB
0001B4AA
FFFD5785
FFFF8FAE
FFFEC0D4
FFFE17BA
FFFFF065
00001CA6
FFFDBBBD
FFFF2DA2
FFFE3601
000044E8
FFFE963C
FFFDEC63
00005B8C
0001A004
FFFEFC2F
FFFDB5B3
00017BAC
FFFF0132
00006617
00004818
FFFFD8E6
FFFFBC10
FFFF58FC
FFFF519B
0002B447
00022FFC
000058E2
FFFDC54D
FFFFA0AB
FFFD5601
FFFEC2C4
FFFB9A5C
FFFECE76
FFFFE6CF
FFFE6EF4
0001A712
FFFC4D8B
FFFD9EB1
FFFF861F
FFFDEFCE
FFFD9F41
0001CAF3
FFFD7D16
FFFCFEDF
FFFCE22B
0001DD5A
FFFE07F7
FFFD4613
FFFFFC74
0000E90A
00019273
FFFE8C86
FFFE4F78
0000D914
FFFD2CE9
0000E061
FFFDCC9E
FFFCD4D7
00007EAD
0000CC71
FFFF70B6
FFFD5386
00006CCE
0002D88C
FFFBECA0
0000428F
0000C375
FFFDF5F7
00003212
00004502
FFFC8458
00002DD4
00000DC4
FFFF1993
000218F9
FFFF6FB0
0002B02B
000132F1
00012FA4
0001333D
0000EFFB
00022069
00008064
00037A8E
0000D9EB
00025E24
0000731D
FFFEB0BC
0000A6E5
00017CFF
0001E043
FFFDBE34
FFFF3E98
0001D615
00019C65
FFFDE58E
FFFE9EE8
FFFFE676
FFFCCB85
FFFEAE6F
FFFE8573
FFFD5013
FFFDF6E0
FFFDB5F8
FFFFA143
FFFBBE16
0000C74F
FFFEB77A
FFFCEE43
00019D48
000145EA
0000C7BC
FFFE7106
00017EB4
0000A007
FFFF35E3
0003A27B
00040527
00018F6D
0004813F
00057B69
FFFF0A1B
0002858A
00003B6E
FFFF24DD
FFFE23F9
FFFE50FC
FFFF502F
FFFCE5CF
0001A6CE
FFFED7FE
000140D9
0000481E
FFFF3DFC
0003084A
0002FAC1
00013F86
00004CC0
00033D1B
00037ED5
000084D2
FFFED7BB
FFFF0F1C
FFFD691B
00019317
FFFB8DBC
000178E8
000059FA
FFFC8F2B
0000C797
00004EF5
FFFF8556
0001C430
0000A320
0001CB0C
00037042
0000C4DC
000365F6
0003B4B2
FFFE91E7
0000AC1C
00008F12
000264B7
00017D94
FFFFDF89
FFFEC9DE
FFFFDBD7
0000F61A
0001DCB3
00006E11
00028700
FFFE0E2E
FFFED888
0001831D
0000914B
00012482
00035331
0000CD21
0000217D
FFFF0260
FFFF5E5F
FFFEC041
00019D6A
00013323
000182B5
FFFE4701
FFFFAC0A
000092F7
0000069C
FFFCA865
000073F8
00007C19
FFFE2A65
FFFC4943
0000910C
0000DACC
FFFD9C3C
00001611
FFFF6E66
000033F5
FFFE6359
0001E0A7
FFFF0D36
FFFFFD32
0000C652
FFFF492C
FFFD1E2F
FFFE3A18
0000BEEE
FFFE7EBF
0001F65E
00010E67
FFFF0399
00029409
FFFE311D
FFFFF7F6
00010524
00017F5D
00022790
FFFDFDDB
0002F4D8
FFFEC19E
FFFFFB9B
00013BCA
0002B0C6
0004FF42
000032AA
0003BE46
0004E85C
0001269E
00046C6A
00002DF2
00021998
FFFF1A6A
0002CBB8
000120AC
FFFFF2FE
FFFDE427
FFFEDEBA
0000F2BC
FFFC7556
00015E11
FFFECD21
FFFE9526
FFFF61BB
FFFE8A19
0002BD0B
FFFECA77
00000D26
0000A030
FFFDAC9A
00007C5D
0003718F
000001A9
FFFED7D6
FFFEE05A
00028BF6
0001B6AC
00010EA7
000206AF
FFFEC24F
000000B0
00025421
00010CFB
000154BA
000373C5
FFFD34E4
00007B64
00011045
0000E17F
00023895
0000C31E
FFFE1EE4
FFFC73AF
0000A5E0
FFFDECAA
FFFF2350
FFFD00BF
FFFD067E
00012595
FFFF9E0E
FFFC3EDA
FFFF4BDF
FFFC6DF9
FFFDB466
FFFF7ABC
000258C3
000237EE
FFFE3881
FFFEDE5A
FFFDB1D9
FFFF163C
0001A4E2
FFFDB456
00000712
FFFCA62A
FFFF2E96
00020C26
00003FD6
FFFFDA10
0002C9CC
FFFDA2DA
FFFE5B99
00005B6C
0001C0C0
FFFEF9B5
FFFE899A
0000048B
00010A44
00011E5C
0001EC15
FFFDB7B9
FFFEAE7E
000037A9
00009987
0001E49F
0000D098
FFFE23F0
FFFFAD68
00002FBE
FFFF07FC
00032B5C
FFFD9D01
00047DCA
0002B4C9
00013634
0001CFA7
0001C5FA
0002A98A
0000AE8F
00021DAA
FFFF6AC3
00023BB2
0001E570
FFFE98FB
00013CFF
FFFE4E12
00000723
FFFE5A51
000420AD
00009D58
FFFC275C
FFFB5659
FFFAEFF2
FFFB0ACD
FFFD7F72
FFFC4FB2
FFFCC6DC
FFFBC7DF
FFFAE1FB
FFFEDD8E
00008AD9
FFFEA6A8
FFFF6870
0000C15F
FFFE118D
00000AC5
FFFFF307
FFFFB0D5
FFFE73F0
FFFCFCB2
00021942
00015407
FFFE55D3
FFFC49E5
FFFFAA39
FFFC7708
FFFF5E45
00002253
00012BD4
000017AE
00027F7E
00001A49
000069E6
FFFFE6EA
0001E82C
000157BB
00013AF6
FFFF79DD
0002479B
FFFECCE5
00001B0B
00006E65
0003080D
00017AE7
00025F21
FFFF5D5C
FFFED897
FFFE2148
00006BB9
FFFC4A28
FFFCF30D
FFFFF913
FFFFE357
FFFD5284
0003AE94
0000143E
0003EA1E
00042429
00019083
0002E978
FFFFEBBE
0000B5E5
FFFF6928
FFFFB9C0
000088F8
000159C3
FFFEFF98
0002B971
000016E0
FFFEF341
FFFEF94F
00024737
00007A41
FFFF8BDD
0002B336
00021B37
00026416
FFFDFB00
00006660
FFFD9A39
000165C7
00039B63
FFFFEB0E
0003521C
000192D0
FFFEF9FA
00043E82
FFFEACD9
0000A21D
00017762
0000EED2
FFFFA635
00007071
00015033
FFFEBDCF
FFFED42A
FFFF43AD
FFFFB9E7
FFFD43C3
FFFD914B
FFFF0C02
FFFEE211
FFFEBFBF
FFFF1E8D
FFFE1B50
00006E63
0000BE08
FFFDF797
0002CFAD
00013D7E
FFFFC111
FFFF9C06
FFFE9E63
FFFEFA35
FFFEA03C
FFFE54C6
000018D7
00019C1D
0001642A
FFFFE204
FFFEC4EB
000187F1
FFFECD44
00006465
FFFF535D
00022476
0000992C
FFFF750C
0001B1D0
00000614
0001B920
00023B27
FFFDA0C9
000119B0
FFFDAD40
FFFF5F00
0001F298
FFFFE575
FFFEC7BB
000257A1
FFFFC88B
0000E77A
0001F461
FFFDABAE
FFFFF75A
FFFF6C28
00002CAD
FFFECDBD
000123BD
0000DA16
FFFEE759
0001D8D6
00008141
00029B7E
00033560
00041B80
0000D50C
FFFF4945
0001770A
0001F0D3
FFFEE94D
0002E30C
FFFCB6CE
FFFE2FBF
00018873
FFFC81C0
FFFD6666
00002E4E
FFFFACC9
FFFE3294
FFFE9AE3
FFFF8AA6
FFFD05F1
FFFF4038
FFFD72C9
FFFC58E6
0000520A
FFFC41A5
FFFE98CD
000035E9
0001EDF8
00028D7D
00031BB9
0003D859
FFFFFC35
FFFDCBD7
FFFEAA54
0001B38E
FFFE7CF6
FFFF273A
FFFFA214
FFFE4BE1
00008963
00014D45
0001F94E
FFFCB7F6
000000FB
0000087B
00003102
00010E8E
000334A8
00010640
00046A1C
0001D32B
FFFC7119
00015027
000132C5
FFFEAEBD
FFFD5305
FFFDD181
00016791
FFFF8FED
FFFCF7D9
FFFFB3DC
0000CB26
00004DD8
0002415F
0000C449
FFFF1DA7
0001BB97
FFFD7E42
0001C290
000101BC
0000E290
0000B570
FFFE9161
FFFF1AE5
FFFF3E62
00009311
FFFF96BC
00010F19
FFFF2F44
0000A7C0
000092F9
0002253B
00008EA6
00001C74
FFFE4A42
FFFF9A0F
000134B9
FFFD6F10
FFFF0DC1
FFFE39D1
000116B3
000208B7
000190E2
0000204E
000427CC
FFFECAA0
00041597
0003AF8A
00038A99
00001CFB
00013071
FFFDF3D7
00003D4C
0001BB83
FFFEDD8C
FFFD7A0D
000087A6
00035EE8
FFFFD409
FFFEAE6F
00022E05
FFFFFE24
000028E6
FFFF24C0
000081F0
FFFDFD7C
FFFC6788
FFFE7A99
0000B701
0000F5F8
FFFE2E01
FFFE9AE2
FFFF1782
0000CD90
FFFE465F
FFFD6A71
FFFD29C6
0000F7AE
FFFD22C5
000077E0
000111E1
FFFE88C1
FFFD0ECB
FFFD5F33
FFFD6A17
FFFF16DB
00034940
00037DE2
00016D92
00020A08
FFFEDE61
00002CE1
0000C9B5
FFFF8F8E
FFFE27A0
FFFF9CBF
FFFE7E6D
FFFF5928
FFFC055A
FFFEAF91
FFFF4FB8
0000ABF9
FFFCD12D
FFFF2647
0001548D
00050732
0001C4DF
00029316
0003E36D
0002AD85
FFFFC3A0
00016323
00001F87
FFFF81B1
FFFF9E9A
FFFE3759
FFFE0639
FFFFC549
00015E87
0002C175
00004201
00003E64
0001363E
000001A4
00017FE2
000119C9
00015F20
00043068
0002C5BE
0003972C
00005F56
0002558B
FFFF034C
00003C8B
FFFCE688
FFFFA58E
000094A6
FFFF98AF
FFFC3586
0000F747
00016BE3
0001046C
FFFEB066
FFFEBDF8
0001DE8A
00014BD0
FFFD34AF
0001947C
00051CF9
FFFF3160
0001AD3F
0002A93B
FFFFA2ED
FFFFF290
000380D2
FFFE843E
FFFF7059
FFFE6F26
00007926
0001C9A2
FFFFB02B
FFFFB185
00000E2A
FFFEDE68
FFFE6C2C
0000D2A5
00020DA1
00045E00
00059CAD
0001E8D4
FFFE6645
00045090
0005FD81
0001DF53
0003451B
FFFFA8EE
FFFD91A6
00002845
FFFE09D0
FFFD8CA4
FFFD85A1
FFFE9BD5
FFFF9137
000177FC
FFFD6293
FFFF56FF
FFFFFC1D
000079AE
FFFE04BA
FFFE8CFA
FFFFCB39
00011652
00005D85
0003A796
0000AB07
FFFE1DEA
FFFFB4FA
00012C0B
FFFECF57
FFFE72D5
00019B48
FFFCB97C
FFFC2213
FFFD447D
FFFD6B28
FFFE447E
FFFE62DA
FFFC7C5B
0000259A
FFFF2365
FFFCEAB9
FFFF63A7
00032FD3
00004F1F
FFFF41C6
FFFF925B
00006C43
FFFF9C21
00013BA2
00006FE9
FFFEB9AE
0000534C
FFFFCA8D
00013EF9
FFFDBEBA
FFFE828F
FFFEFF3B
00009671
FFFE53C9
FFFE47F3
FFFD9498
FFFDA42B
FFFD72AE
00039911
00003B58
FFFD3D19
FFFF335B
0000CF43
FFFB9168
00002803
0000BD89
FFFB8C55
00009E9F
FFFC0D5D
FFFB4310
000076A4
00004EF2
0002580A
0003288E
0000F569
FFFF17CD
FFFFADFC
0002D945
00023D9B
FFFF9906
00001CD6
000128C4
0002FD84
0002F733
000127F5
0002C170
0003876E
0003783F
0001255F
0001AC2F
FFFED487
FFFF455C
FFFF7522
FFFF0517
00009A3E
0000D2E4
FFFED58A
FFFF8545
00021E9B
000168E8
0002BA85
FFFFA9A0
FFFE1BB8
0001FE07
00019BD0
0000DE5E
00002B6F
0000B41D
0000C187
00024A99
0003C7BF
0000FC0A
000155E1
FFFFF082
FFFEE8FF
FFFF4FD9
0000778E
FFFFCF53
0001CA44
0001F8D8
00010FB4
00035A6E
FFFEB34B
00003B55
0002248E
000254E5
FFFDF2CE
FFFF1D84
FFFBEA5F
FFFF397E
FFFE5AD1
FFFF5F72
FFFD7400
FFFE2239
FFFE3C70
FFFE88CB
FFFDCB4E
00006EF5
FFFF0A98
FFFF40CC
FFFF1994
00007936
0000D896
00015A92
0000D4BF
00013037
00025716
0001A5BC
00025E24
00003720
FFFFF273
00015C60
0004832E
00012115
0003C72D
00022D66
FFFFD30A
0000CF4A
00007ECE
00037FCD
0001382A
0003A658
00011B82
00037706
00017D26
FFFE5158
0000C883
00044043
00000242
00037216
0003ECB5
FFFFBA1B
FFFE556F
00005120
FFFFA50D
000067B5
00005E4D
000054FC
FFFF97A3
FFFD5F1E
000122C5
0000F6CB
000124E6
00013565
FFFF587A
FFFF4B8F
00009063
FFFE1D85
0000A815
0000861E
00025777
00037DE1
00011BB7
0003C804
0002CA67
00030D9B
00006A22
0002DD1E
FFFE3EE9
FFFF2C24
FFFDB140
0000514D
FFFC1023
FFFCE0DD
FFFE28B3
FFFC9010
FFFEF30E
FFFE6522
0001774F
FFFD6BB7
00010303
FFFDF856
00012A9E
FFFECA37
0001C0B2
FFFF46FF
000263D8
0002B837
00039020
00020391
0002CC90
00043662
00048060
00016B4B
00016E0D
FFFD0789
0001AF33
0000E902
FFFEAD3C
FFFDCBFC
FFFDEBCA
FFFF17B1
000071F2
000008BE
0002CA9A
000029B4
FFFD170B
FFFF3F08
0000DDDF
FFFEA0E3
FFFF6178
FFFF8A85
FFFF0994
00009123
FFFB9209
FFFE54ED
0001E512
FFFEC4AE
00013632
FFFE2253
FFFD92E5
FFFCFC36
0001DB3F
00011BD7
FFFC927B
0003018A
FFFF676E
00009F12
FFFEECA6
FFFEC655
FFFE6787
0003BEB5
000107E2
00036854
00022BF1
FFFEADA5
FFFDC3D7
FFFFCD04
000186C8
FFFFD40A
FFFE77B3
00005211
FFFE3BB0
FFFE03E1
FFFF1B54
FFFD2B2A
00024359
FFFED224
00003765
000202A1
0000E312
000022D5
FFFED732
FFFE91CE
00039E5A
0000A85E
00017CCE
00027240
000196FE
FFFEDF2C
000221E5
00021CA0
00031222
0000121C
FFFFB0E7
FFFF883F
00020E42
FFFFF511
FFFEBE98
FFFE0D53
FFFEE24A
000141E4
FFFD459C
FFFCF259
0000295A
FFFF592E
00006198
FFFDD1DA
FFFB92C4
FFFD9CCE
0000860B
FFFCA68A
FFFBAB2C
000064D9
FFFC9700
FFFE3704
0001BF85
0001B3F3
00001172
FFFE2E00
000188A1
0001D366
FFFE69B1
0000106A
FFFE0051
FFFFC036
FFFF76C8
FFFCA6D2
FFFCCB4C
FFFE17D5
FFFDDBE6
FFFF81C7
0000DB29
FFFEA234
FFFDED8F
FFFF04E1
0001442E
00001F90
FFFE1232
FFFD660B
000003F7
0000A30C
0002068E
FFFDE9F7
00010872
FFFFEDB1
FFFE498D
0002CC91
FFFE1627
0001B9F8
00045F4F
00045A65
0000E649
00052D2D
0005B49D
0000C106
FFFF8683
00053F91
00014F19
00020475
00001C4D
FFFF75EB
FFFD9F5B
FFFF3D63
FFFF7A38
00014A9C
00020392
FFFED972
FFFDFE01
FFFD78F5
FFFF0F5C
FFFE490E
FFFEBF3A
FFFCF5B7
FFFE0134
FFFD3F56
FFFE9AAA
FFFE7DD9
000067EE
FFFFE821
000385AB
0001B556
000104C8
0001E4B9
00022C25
FFFE7BEC
0000AE75
00014721
FFFDDEBA
FFFDBBD5
FFFF42D8
0000282C
00015B91
FFFEB762
FFFBFF83
FFFD4F22
FFFF5674
000183FE
00024E1A
00017F72
FFFF8AF9
00028CF6
00025504
FFFEFD1C
FFFF4257
FFFF02CA
FFFE1A7E
FFFD71DE
000160E5
0000641B
00002F9E
FFFD2188
0000552F
00027016
00017D51
FFFFF736
0004B507
00026A09
FFFF390F
0001D862
000106C4
FFFF3830
00012668
FFFD12E5
FFFCCAE2
FFFC27EF
FFFD180D
FFFF3EAF
00012EC4
FFFF66E2
00004175
0000C190
FFFF7D28
FFFE3AD2
0001A919
FFFD1116
0003AD5F
00003D38
FFFFF15B
0002F277
FFFF16E4
00014361
00009031
0003661E
0000706F
0001B224
0002399E
0002D7F4
FFFEB119
00027BB4
FFFF9D21
0000DA18
0000075D
000012FD
FFFFF1C7
FFFFC38D
FFFEC320
FFFED12E
00012FB7
FFFF206C
FFFFF03B
FFFD6096
FFFF21CA
FFFEFAEB
FFFCD0FD
FFFCD86D
00008573
FFFDC2B2
0000BECE
FFFD5CC4
FFFD6642
000145DE
FFFD57C2
FFFCF102
FFFFFBA2
FFFE5C0D
FFFF109E
00006DB7
FFFFA390
0000BE00
FFFE037F
FFFF7771
FFFF3E6B
0001AFF9
FFFDEC37
FFFD5125
FFFFEC28
FFFEF690
FFFE2438
0001200D
FFFD2EBE
FFFEEDA0
00013B1F
FFFFBEED
FFFF9A74
000054AD
FFFD634B
FFFE7CE2
FFFD0D6C
00014F90
0000FB13
FFFBF62A
0000263B
00003FA4
00037B64
FFFD22E5
FFFD69AD
0004EB82
FFFEB33F
FFFF2A04
0001EA5D
00011159
000059F6
FFFE9E1D
FFFE6861
00002D96
FFFFD68B
FFFFFD47
0003256F
FFFECA6D
FFFE1E0D
00032625
0001C261
00012287
0000C37A
000057F2
00010BD0
00025C3C
00039C26
0001F0B5
000200DA
00007AD3
0000DB65
FFFD7549
FFFF8B88
FFFC4FB2
00000542
00029D8B
FFFF5AB1
FFFE01A6
00014E5A
0000D170
FFFEEA5A
FFFFEA9E
0003A7BF
00028B1A
000095A6
0003D36A
000272E4
00019674
0002EC2A
FFFDD867
0000E1D1
0001959F
00020A0F
FFFFE8EF
0001DBCA
00018910
00006AE7
00015233
FFFF408F
000088C5
00001559
0001901F
FFFE9AE2
00007CF4
FFFFB708
FFFE9E56
0000DC5C
0001F3C0
000274DA
0003C01A
000102C5
000193B3
00017585
0002E04F
0001DA8F
0002E9C4
FFFD7383
FFFF6992
000029A4
FFFF7595
00033542
FFFF99AC
FFFF9872
FFFEA5CC
0001A2D1
0003F909
00001AB7
FFFDD5B2
FFFFBED6
FFFECF15
00006D0A
FFFEEDC6
00022EEF
00014AF5
00011D52
FFFFFE78
FFFC78C3
000305D3
00007EFA
0000B48F
0000C8E7
0001A692
FFFC03DF
0000C560
00006B3B
FFFF9C04
FFFFBE78
0000FC26
FFFDE097
FFFFE353
0001F50F
FFFECA87
FFFFEE84
0001FECB
FFFCA64A
FFFF3D01
00010B30
FFFEBDEA
FFFCF1DB
FFFCD8A2
0001A053
0000FA55
FFFEA846
0001EEF1
FFFDD62C
FFFCA54B
FFFF68A8
FFFD7BC1
FFFC3076
000011DD
FFFCC00F
FFFDFD03
FFFF1468
FFFEB42E
FFFFC9F7
0001EDDE
00001A33
0000AEBA
00003924
FFFF3ED3
FFFEA53C
FFFE0025
FFFD824A
0000E5B3
FFFE7357
00028CC4
FFFF3B80
000205D5
0004130D
0001D7F1
0001202A
000306CB
000134CB
FFFF00B9
00010559
00000E2B
FFFF98D6
0002F0AF
FFFEC094
000202C8
00029326
00008A12
00004AC2
0001389E
00026443
00018C19
0002C1CA
00020A1E
00021864
000052FC
00065984
FFFE30EF
00000D41
FFFD9F99
FFFE70B8
000169C9
FFFDAAB9
000100A8
0000FEC9
00012BF3
FFFEBBF0
0000DF36
00059244
00019341
FFFFD903
00051E94
FFFF282E
FFFDE4B2
00018786
0000258B
0001DA32
FFFF8E59
0001AC58
FFFEEE5D
FFFE311D
0002CBB9
00014FD5
FFFFF548
000240C5
0000BD63
FFFEB91D
FFFD1FC5
FFFD0E19
FFFD991D
FFFD6CB0
FFFDED69
FFFF3F5E
FFFE15D8
FFFE563D
FFFEC0EF
FFFE6C26
00011B0D
0001AC3C
FFFF4B03
FFFFA6F4
FFFFD1C5
FFFF57AF
00004297
0000EC80
FFFE83D0
FFFF84D7
00015C1A
0003B3C8
00039B94
0001608D
00044A4D
000415F7
000025D6
00004CB4
00005056
0003E8A0
00010866
0001EC20
FFFFC484
FFFF7EAF
0000A4D5
FFFF819B
FFFF1AE8
00015B2D
0000DF18
00036F91
00047117
00011BFE
00028EBF
0004777B
FFFE712D
FFFF6C04
FFFE2B34
FFFDA404
0000A1D3
FFFDAB18
00013B20
000104C8
FFFD80F9
FFFD8367
0000D5E4
FFFD49F5
FFFCED8E
000342AA
0001BD08
FFFDB19D
FFFE5EF9
FFFFB0D1
00023217
0003EC8F
0002B96F
0001064C
00018FED
00020916
0002AAD6
FFFF5C9A
00012525
FFFD290F
00012F21
0001C9D2
FFFFA174
FFFD8395
FFFCD7CF
00004441
00028669
FFFD5322
00000CB4
FFFFEADD
0001FEA9
FFFDEF78
0001EC21
FFFFB9C5
0001DA7C
0001F34A
000093EA
000085D6
FFFE594A
0001085B
00018061
00010B26
00003A74
FFFECC0A
00026931
00015694
00003F57
FFFD5B76
000127C2
0001B187
000111F1
00009C20
000204B8
FFFDFFE2
FFFFCDCB
FFFEDDF5
FFFDACFA
FFFC5226
FFFFDD6C
FFFE2114
FFFEBB26
FFFDDA5D
0000A271
000053DF
00012AE0
FFFFA32C
FFFEC9F1
00042F69
FFFE8E7A
00005C5B
00006223
0000E72B
FFFC26FD
00011D7B
FFFF02B3
FFFED7F7
FFFFE379
FFFCF3CB
FFFDD8AD
0000B8D9
0001433E
0002D9B2
00011C43
FFFE1A02
0001E00C
FFFD836E
0001EB48
FFFF5E41
FFFD98A4
0000179F
0003478C
FFFE6DA2
00020C13
FFFFDB75
FFFDE518
00036F95
00023B8C
FFFFC042
0004392A
00023F88
FFFF9CF5
00009FE2
00012A67
0002FFE0
0000EEEB
000161AA
00013639
00006F43
FFFEC7CE
FFFF67D1
0002AF05
FFFD8D8A
0001B3E5
0002949F
FFFE08AE
00001F72
FFFEA5D7
FFFE61B4
00000390
00007F0D
FFFE9E37
FFFE431A
0002B9CA
FFFD5D0F
FFFF1745
00012B92
0000C55B
FFFFCD58
FFFC8899
FFFD356F
00014002
FFFF1363
00008534
FFFFF20F
00004535
0000D4A0
0000CFF6
FFFD9AB2
FFFEF306
0002A6DC
FFFE03AB
0001A0E0
00008DD8
FFFC2B4D
0000934F
FFFDDD5B
FFFF0FB7
00009009
FFFD424B
FFFC8585
00004DD4
FFFE908F
000053C6
FFFF3299
FFFE966A
0001D579
00013B74
00022630
00025983
FFFF5D25
FFFEDC71
FFFE3C99
00019533
0000FCC1
FFFF6E77
FFFFA988
0002E1F1
0001E59B
0002F819
FFFD9591
000011D7
00022023
FFFFFA35
FFFD52A9
FFFEA814
00015E06
FFFC8A9E
FFFF1705
0002EA87
0000286A
FFFD782C
FFFC4CFC
00014198
000021F4
FFFEAFC0
FFFE02E7
0001AE1D
0001BFCC
00020FCB
0000085E
FFFEB4AA
FFFFB554
00009BE1
0000A1F6
00018B9C
FFFC4E0B
FFFCE747
FFFE79B7
FFFEC9FB
FFFE799D
FFFFC1F4
FFFEFC51
FFFCEF23
FFFF34E3
0000A665
0001511D
0000B040
FFFCF3A3
00037ECA
FFFFFFF2
00022849
FFFDBD64
FFFD2500
FFFF2DE5
FFFFBC0F
FFFE4678
000209E0
00022BDD
FFFF0C1C
FFFF08DA
00015E72
FFFDF674
0000BFCF
000033A5
0000B9AC
FFFE9EA3
FFFFA7E6
FFFD0EFE
FFFC0607
00012C1B
FFFE75AC
FFFE42EE
FFFFA0EB
FFFBA9C4
FFFE68E8
FFFF6508
00014C08
00054197
00018C09
0003558D
0003CB74
0002971B
000231EF
000165E9
FFFCD085
FFFD9C0F
00001639
00012FE9
FFFED6F6
FFFFD8F2
FFFF98FA
FFFFA862
FFFBE5A1
00004300
00031D12
FFFFECEA
00002C76
FFFF6418
00023D53
FFFE05DC
0001A5FE
0001E95F
0000D345
FFFEC67B
FFFE4D2E
FFFEF116
FFFCAC5D
FFFEAF5C
0001F6D0
0002C16C
FFFCF7ED
FFFDE12C
FFFF101A
0001445E
0000CC42
0003257B
FFFE0420
0000D0DF
00027AF3
FFFE8D95
FFFFD19C
FFFFC51D
FFFEDA4E
FFFC5A77
FFFF85CB
FFFEA002
FFFFE9F3
FFFB91CB
0000F5BD
FFFF622E
FFFF776E
FFFF4831
00022C98
FFFF2F77
FFFB6482
0000DB86
FFFDBCF1
FFFEC620
00014393
0000F09C
0002E5E6
FFFEC0C1
000227FA
FFFCDCCE
FFFD5DEA
00009CB8
0001464B
00008818
FFFEA0A2
FFFC19C1
FFFEF7D0
FFFF38F8
FFFE3980
00004015
FFFF04F5
FFFD12E1
0002D74A
FFFFF643
0001725D
FFFEA03C
000354E0
00032493
FFFD4CF9
00015458
FFFF557F
000162B5
FFFE1EDB
FFFCA09E
0002BFAD
FFFDB41B
FFFFDECC
00033A13
FFFEEBCC
FFFFE338
00006DCB
FFFF97C4
000024A6
FFFCEEAD
0003CB4B
FFFF4D2E
FFFBD5C2
FFFFB029
0000FE8C
FFFECD4F
FFFC45C2
FFFE9C11
00030E71
FFFE9A88
000501EA
0001169A
000148B9
FFFF2745
0001F106
FFFF7A46
0001D0B9
0002B584
000157CD
FFFED7F5
00027F4F
FFFE34FC
FFFD3C3F
FFFD3A26
FFFDE350
FFFE9919
FFFCB36E
00005E95
FFFF4FE3
0001326B
FFFDE30E
0002D8D4
FFFF21E7
0000D319
FFFCD198
00004886
00026709
FFFD69F6
0000EF5A
00011C02
FFFEA965
0001C918
0002AE0A
FFFD5DF8
00018B70
FFFF9AA1
00009526
0002B49D
00003C16
FFFFBB93
00015FFA
0000BB75
0000C392
FFFF8D0B
FFFE6B1D
00006526
FFFEA6C3
FFFECFA1
00010DA9
FFFFCE13
FFFB36BA
FFFC651E
00022978
FFFE7C13
000250C8
00043AAC
00007732
0000C842
0000C7A7
0001F8E3
0000D309
FFFF0770
000065A4
FFFD1B40
000152F5
000223EB
00026DCC
00029371
0000D5AD
00028662
0004DCFF
0000182C
0000B92B
00009271
00004631
000003D7
000358AB
FFFEE58D
FFFCFFBD
FFFFBAB6
00003BAE
FFFF1E83
0004EAA9
00021B12
FFFCCAF4
0001D95B
00015043
FFFF4E13
FFFDD3E9
FFFE9893
0001511E
000045F3
FFFF5291
00016C74
FFFCB95E
0000C81B
FFFD2D6C
FFFC026C
00015CD5
FFFD0372
00009C59
FFFED154
FFFCBC60
FFFF6686
FFFFD14D
00018595
FFFEEDF3
FFFE9C0E
FFFC75C4
FFFD3244
FFFFDF51
FFFE3C6A
00023C18
00003CDA
00015006
FFFD86BA
000201AF
00016E24
FFFDB3BB
0002D057
FFFEC4BF
FFFFF09D
0000AF7A
0000E67F
00010353
FFFE5302
0001F986
00039428
FFFFC823
000003A5
FFFE0E70
FFFE5414
0000F8AC
FFFEBFAC
00030283
000367F0
FFFC77CD
FFFFBFD1
00034CBA
0003EB22
00028862
00054D50
FFFF1108
0000571D
00026659
000317D9
0002482D
00000C6B
000178D7
00017453
FFFD4AD1
FFFDB420
00009302
FFFEB6F8
0000F558
FFFCDC30
00025C19
00038153
FFFE54D1
00007B73
FFFECB46
FFFD4E00
0003AFA9
00052E40
0000625F
FFFEF42E
FFFCBE3C
FFFE7230
0002A2EA
FFFB78E5
FFFE9939
FFFFABE5
FFFFA9D4
FFFED678
FFFDC3D6
00046A6F
00015F0B
00008E16
000104F0
FFFD4569
FFFC9091
000152CC
000150EE
FFFF04BE
FFFE4C04
00005029
FFFFE612
FFFED0A4
FFFD8D4C
FFFD5ACC
FFFFEE66
FFFF8E0A
FFFE01C1
FFFF95A8
00027D1C
FFFED31B
00009AEB
0000A45A
FFFEE1B4
0000DBD5
FFFF32C4
0000AF09
FFFF83EC
00019373
FFFE66F7
0000AD14
FFFF0D92
0000D0F9
FFFE9430
FFFEFA7E
0003601D
FFFCCD27
0001CCD3
00012F80
0001C95D
FFFD4A9E
FFFF7C05
00010570
FFFE68EF
00014276
FFFFA3CE
FFFE9C62
0000D7DF
000004EB
FFFF1F07
FFFE0084
00003F0B
0001D55F
FFFFCDC9
FFFD30B3
FFFE8136
FFFF6902
0001B27B
0003D82B
00026BD5
FFFCDB09
0002E4B3
FFFE10A8
FFFDA0FE
FFFF326F
FFFD925D
0000ADD5
00008F34
0002BA89
0000EA8C
00024412
FFFD29FC
FFFFE6CD
FFFCAA11
FFFEDEF0
FFFB1B92
FFFE3FE4
FFFD34FE
FFFE50F5
FFFF8B08
00017DF4
0001F7F1
0001A7AD
FFFE63DF
FFFEE037
FFFF3FAC
FFFD07EC
FFFEAE1F
FFFF382C
0000FE1C
FFFE64A9
00018446
FFFEEB55
FFFD6569
FFFCC5D1
FFFFBEF8
00008DC1
FFFEEAF7
00018EC2
FFFD22C8
FFFD3086
00025D3F
00030DCC
0000FA3F
00009AF4
FFFE3D5E
FFFE02D9
FFFED667
00004DD5
FFFFD891
00010298
FFFDA134
00012D65
000253CE
FFFEC817
00016976
0003E248
0002B597
0001796E
FFFF824C
00036C0F
000150EE
0001BA25
00054F37
0001FF80
FFFE36B2
0001A5F8
00006F33
00044C2C
FFFF6E04
00007428
0002EBF8
000121BA
00005181
0003C3E7
FFFEEF5A
00000451
0000CA1E
00021363
FFFED9A9
0005B29B
000298B8
FFFDC971
FFFF5707
FFFFBADB
0001FBB0
00045C74
FFFD146E
FFFED143
000263FF
00009415
FFFDC189
00008DE8
000071FA
00000146
0002576C
FFFD0DF2
FFFEA317
FFFFFD88
FFFF4CB7
000263D4
FFFDAA56
0002A2B1
0001E72F
0000352A
0002DA89
00020162
FFFCE7FD
0002346A
000138B8
FFFF0A59
00016908
0002A589
00006A28
FFFD4CE8
00025842
FFFD85C1
000114EF
FFFD2D05
00032198
00019553
0002769D
0001E133
00025DDB
FFFFC210
FFFDD4DF
0000DB8B
00011F2C
0001FB60
00019F5A
FFFEC300
FFFF125B
00029105
FFFF96FF
0000984F
0000F74D
FFFD9931
FFFDA10A
FFFF3F4D
FFFE9025
FFFDBDBA
0000E4BA
FFFE186F
FFFDA2A5
FFFDC3F1
FFFE66DE
0001AD73
0002096C
FFFEE626
FFFF84C5
00028C5C
FFFF7B86
FFFD985C
0002E69D
FFFFE1F0
0001D392
00019B57
FFFF42C3
FFFFA060
FFFFCB96
FFFE9F05
FFFF5332
FFFE4712
0001600C
FFFF2935
0000A51A
FFFE4A82
FFFEB6AC
FFFF7083
FFFEBDDF
FFFFD05F
FFFD79D0
FFFC1E8C
0000EC15
FFFF2D35
FFFE1AA7
00000FA1
FFFD4DBC
FFFF0F03
FFFEDBEA
FFFFBFEB
000043B8
FFFBA4A8
FFFDFB3F
0001C7BA
FFFFAB69
0000C734
FFFF0A46
00014E83
0000C344
0000AE5B
FFFF0062
0001BF89
FFFD6B9F
00011DD0
FFFCD708
FFFD995A
00011F1B
000003D2
0001347A
000110D0
FFFF85D5
00001639
00028690
0000039F
0000228C
0001461B
00032AE0
00012E04
00026B0A
FFFFFB75
00007D56
00017E14
0003822E
FFFCF368
00058140
00038C44
0001103C
FFFE6A40
FFFC31C5
FFFE9548
FFFF0910
00003526
FFFA9927
FFFC57DD
FFFE0AB1
FFFB26D5
FFFC4680
00024CCE
00029B2E
000399FF
FFFD04CA
FFFEEB14
00010944
00001BE5
00009DF9
FFFD114D
0000A6C4
0002E417
00016D0E
000103F6
FFFF0A83
FFFF4B8A
00033426
00012ACC
0001CAD3
000448CA
FFFFA8FC
0001A063
0000AFAB
FFFFD067
00017306
FFFEFE99
FFFFFB26
0000A17E
FFFE409C
FFFE02FE
FFFEB744
FFFECB59
FFFFAE66
FFFE77F7
FFFE1808
FFFD3AA8
00002727
FFFF96F6
00015579
FFFDFDA4
FFFEB722
FFFBF7CF
FFFC5A32
FFFCBE1E
FFFD6296
FFFFE640
FFFF6F6E
0002B9B9
FFFFA1C9
0001B1A7
FFFCE8BB
000063D6
FFFE2A30
000081DE
00003897
000009B5
00001AB7
FFFF6D2B
FFFDDEF1
0001FF37
FFFF36CF
FFFE5253
00012DA4
FFFDB531
FFFF9F3C
FFFD5443
000178D8
0000887F
FFFD2F7A
0001FBD5
0003DF10
0001569F
FFFFF92C
FFFE37FA
FFFE29D8
FFFDA66C
FFFFF505
FFFCF0AB
0002011D
00022A38
FFFF37EA
0000C8FE
000233E9
000097AD
000213A0
FFFC60A5
FFFE14CE
FFFE8ACB
FFFD9B70
0000AFE3
FFFD6DC9
FFFFAD2A
FFFEEE98
00010DEB
FFFF05C1
FFFE929E
FFFEDC50
0002D910
FFFE9A2F
00005DFD
0001BC33
000224AE
FFFF385F
0002C80E
FFFC401E
00003B79
00008307
FFFFE167
FFFE7735
FFFF5F2F
000014EE
FFFEE4AE
00003E51
FFFF2217
00021EF6
000241F3
000203C7
0001245B
FFFF5B76
0001642A
FFFFE427
000127A5
FFFEAF18
FFFD3BF3
FFFDA5CF
0000EE1C
00005973
00017476
0000A0DD
00026DBD
00013B5A
000378CB
000415ED
000015CC
00035396
0000DC70
FFFEE2EE
FFFF0029
0000E12D
FFFF10A1
FFFF010E
FFFFA208
00004190
FFFD2E50
0001C0BE
000277FD
00012121
FFFFBD42
0001CDE1
0001C6B2
0000FEA0
00023518
FFFEEC2D
FFFFB2DC
0002FF46
FFFF69BB
00007FC1
FFFC6EAB
00037DA4
FFFE214C
FFFDECE7
00002386
00030B43
FFFF8138
000317BF
FFFF3C24
00024653
FFFE0478
FFFD3853
FFFF63A9
FFFEFE76
FFFF224C
00009CC6
00000C3A
0000FB70
FFFC3C0C
FFFFD80F
00005B07
FFFEC7C4
0003B29B
FFFDDA39
FFFFEFDA
0001AC8C
FFFFD118
0004779A
FFFFD703
FFFFF15F
00002BC7
FFFDA659
0000B524
FFFFB4D7
0000BA12
FFFF5542
000246FD
0000116E
FFFCE728
FFFE4D94
000018F3
0001E6D7
00006C32
FFFB824A
FFFEB6CD
FFFFDC65
0000C498
0000F388
00004D4C
00027E3C
FFFBF285
FFFDE751
FFFE6554
FFFF7837
0000037F
00020FE1
FFFBA000
00013542
0000B5E4
FFFFA7CE
FFFF7B2D
FFFCEB24
00010337
FFFEF298
000015DE
FFFD2F16
0001CF4B
FFFF26F6
FFFFED45
0002046B
FFFCC7D2
0002076E
000114B0
0001CB75
FFFFCC97
0002982C
FFFED59E
00025E48
FFFE1CB0
0003A418
0000113A
FFFE5ADF
0000F55F
FFFE9C9C
FFFE006E
FFFEA2C3
0000CF2C
FFFE60E3
FFFED883
FFFF1A69
FFFF54FF
0000486F
00011CE1
FFFD59F6
FFFF98DC
000022B9
FFFDA1F6
FFFFC853
000339B6
FFFF1313
000402F2
0002038A
FFFD144C
FFFE882A
FFFE9079
FFFF8F15
0000F5EE
FFFE6D1C
0004331B
FFFD82A1
000561CC
FFFF912E
FFFFCDB2
00033367
00006D82
FFFF2A8D
00002E16
00025190
0004F64A
FFFDE689
0001FC93
FFFF4D13
00024992
FFFE8B3C
FFFEAF71
FFFFDEC7
000062A9
00006C50
FFFFB07A
FFFDD116
0002257D
0001719E
0002BD8D
FFFF6723
FFFFFE76
FFFFF4A8
FFFFF095
FFFE3A61
000344DE
0002DF57
FFFCC7DB
FFFAA44C
FFFEA6B8
FFFDBE7B
FFFC0056
FFFBF1B5
FFFF5408
FFFC7742
FFFED9AD
000139BA
FFFE92A1
0002AE9E
FFFD58FF
FFFEBD3C
000113B0
FFFEA0D6
0003169E
00011BF5
FFFF581B
FFFCC401
0000868E
0002F612
00008553
00038562
FFFDF944
000185E0
FFFEE471
FFFD9071
000262DE
00026BF4
000084D3
FFFE023A
00020B9B
0001371A
FFFF862E
00021BF0
00011FD2
00022BA4
00040D61
FFFE3ECB
0000050C
0001D7D1
FFFDC7E0
00028496
0000DF1F
0002E95B
00026EB4
000232F9
FFFFAB1E
FFFF6EA0
FFFF7747
FFFF2842
FFFEDC9C
FFFF3AE2
0002368B
000331BD
0001E56C
00010B59
00004018
0004D6B2
0001151F
FFFE867E
0000BCE5
FFFF4E80
000088D5
FFFC7C38
0000C4E6
FFFED5CF
FFFE6554
FFFCD531
0001287C
FFFFD29E
0000EEAA
FFFF4D15
FFFD11D1
FFFC2611
FFFC7F82
FFFCA39A
FFFDD7EA
FFFE76A0
FFFE5E86
000050FC
FFFF33C1
FFFF6911
FFFE413C
0000AE4F
0000D3D2
00016F4D
0000D384
FFFF7F03
00038BA0
0002FA20
FFFE83E6
0000F39E
0000BFA1
FFFFB4A2
0001CFFB
0000C368
00024AA6
FFFEA940
FFFEC6C5
00018276
000338C9
FFFE8951
FFFD5B24
0000EB85
FFFFF437
0001F7E3
FFFF183D
FFFF1837
FFFF6238
FFFEFFC2
00011C3D
0003F02E
FFFE4917
000137E2
FFFBC6E1
FFFF3039
FFFF57FD
00007453
FFFF85F8
0002C370
FFFE89D9
FFFC3A74
00010282
FFFE656A
000072E2
FFFDA081
00006DD8
FFFEA1AD
FFFF1AF9
0000F7A0
FFFCADB2
FFFF69DB
000188DE
0000386F
FFFF3824
00012D48
0002F821
00004B92
00009D23
00027442
FFFF6C2A
00032F48
000111C0
000002BB
FFFF2F57
FFFE9F8C
FFFD2ADB
00013271
00008AFC
FFFEA277
0000700E
FFFF5BE1
0001E42D
0000B31E
FFFFA597
0002CE6C
0000BCBF
00035FE3
000218E1
0001CF20
FFFDEA09
FFFB73D1
FFFE9A0A
FFFB54F5
FFFB073F
FFFFF21E
FFFE8F94
FFFE147F
FFFDA49C
00001CD9
000001C0
FFFFFCE4
0000ACE7
FFFEC7BB
FFFF438E
FFFF7B72
00013A2D
00004DD7
00014FCC
000180CB
FFFED51A
FFFE6D27
00021683
000134E0
0000B687
00027B88
0001159F
0001D5BC
0000839F
FFFE6A52
FFFE8484
FFFC74F4
000087D7
FFFBC33D
FFFDE7F2
FFFDDA45
00005986
000096B7
0001AFA8
FFFF25EF
FFFDECF9
FFFD7582
FFFBE143
FFFF2F9E
00018520
FFFD928D
FFFED82A
FFFE59FB
00004128
00010190
FFFF2718
FFFDC168
FFFDF882
FFFE7ABE
FFFF05D8
0001C77C
00013729
00016171
FFFF6CA6
00033C18
FFFF7986
000218C5
FFFEB452
FFFD7E3C
0001E18C
00001BBE
0001F285
FFFCEA37
0000AEC0
FFFD1D55
000277AC
FFFD2120
FFFE433F
FFFFB590
FFFAF5FF
FFFED9FD
FFFD120F
FFFD956C
FFFB0990
FFFDA2AD
FFFE4BBC
FFFF9E19
0000DDB4
0002E11A
FFFF1585
00004E9C
0003870B
0003EEAF
00030BA0
0001E673
000356B4
FFFCED37
0000762D
FFFF930A
FFFF5E0C
000156C7
FFFCFEC3
FFFBCFA2
FFFF5BE4
FFFDF56D
000109D5
FFFFD6BE
FFFF9463
0000D57C
FFFDE0C7
0001A478
0003FFAB
00014ED7
0001C288
FFFC409E
FFFF2680
FFFCAD29
FFFE55AD
FFFDD2ED
FFFDC09D
FFFD7496
FFFB161A
FFFC0A59
0001CA5C
0000CD4A
00025800
0000A82D
0003D562
0004A820
FFFE9D09
000045DD
0001CBD7
FFFDF420
FFFF19D3
FFFBD533
FFFD9256
FFFFA431
0000DBDB
000037F2
FFFF2D29
0000AF27
FFFFC614
0001366D
000049F9
FFFD244C
FFFE80DA
00006DBF
FFFE36C1
00030868
FFFF471E
000321EA
0002F8F6
000220BC
0002191D
00006BAB
FFFDF529
00038F8B
FFFF4276
00001556
FFFF470B
FFFE0D90
FFFD7005
FFFC7680
FFFEAB90
FFFFB42F
FFFDE028
000069B5
FFFE5FBE
FFFEDA6A
FFFDC479
FFFEDEC0
FFFD4409
FFFE04DD
FFFE4825
FFFDAB0B
FFFCFE06
00005C4D
FFFE5225
0001500B
000119D9
FFFFF6AC
FFFE65E6
FFFE8DBE
000022D1
FFFCEDFB
FFFEA99D
FFFFB0CD
00039DA6
0000F720
FFFF0326
FFFDDCF6
0002E70D
FFFE5078
00010637
FFFDAFB8
FFFF62A2
FFFE3352
FFFFF48A
0000EB51
FFFDDB3B
00005DFC
FFFFB853
0001BC15
00010ECE
FFFFAF2F
FFFD30DE
FFFC662C
FFFC2194
0001813B
FFFC9ABD
FFFA31FF
FFFD3EC4
FFFF8228
000318BF
00025B55
FFFD95F8
FFFF73CB
FFFF1F47
FFFE89EF
FFFEF176
FFFE1F69
00026C67
FFFEEAAE
0001652C
0000EBC3
0000E86D
FFFD6261
00014B0B
FFFB865E
FFFFDF9E
00008C6D
0002854C
00005FC2
FFFF4D98
000462DB
00018A99
0003DEFE
FFFF57FF
00000A79
0000A5DC
FFFFDA70
FFFD19B0
00014406
0000CA0C
0000D0E2
FFFB2D1F
00012E51
FFFEF486
FFFE1212
FFFFC019
FFFDB791
FFFDC275
000008F9
0000C7B8
FFFF43C7
FFFEA499
000282AE
00013A84
FFFF7D35
00003A87
FFFF083B
00022464
FFFFE7A0
FFFFDCC1
FFFFF64E
FFFD6354
FFFE0C60
FFFE1EE8
FFFF53F7
FFFF2F7E
FFFDC2C8
0000E307
FFFD4050
FFFCD7C4
0000704E
FFFF4C8B
FFFDCF38
FFFD5982
00014226
FFFFAF51
0000C678
00003353
FFFE9DD6
FFFDC3A3
00011571
00016A33
FFFF1E24
FFFD9A26
FFFEC81C
FFFE8FBF
0001254D
FFFF9809
0000336B
FFFF1FCF
00025E81
0002A5F2
0001B3E8
FFFDFB8D
0004DA1B
FFFDFF31
0001B0A1
000237A8
0001568B
FFFEC7B4
00003016
0000C086
00019E65
FFFC8411
FFFF3C36
FFFE064C
00016FAA
FFFE512A
00000665
0002ADC0
FFFD39C4
00002F19
FFFDAE3C
00012CC4
00035B3F
000293BB
00029CE0
FFFFC532
00005696
00020B2D
0000F089
0003A563
FFFEDF80
00022C8B
00018A7C
FFFFDA27
0002D99F
0001B490
000000F6
FFFE91EE
FFFDA327
00010603
0000F8E3
FFFFB432
FFFFB3D3
0000F49F
0001C70E
FFFE39F1
00010990
FFFF1AF1
FFFE1872
00010C5D
FFFFAAAD
000212F2
FFFDBB6B
00006842
FFFF6821
0000ADB4
000182AE
0000CBDD
FFFDB505
0001B5D5
FFFEF853
00024487
0001F293
00007CC9
0002F744
00025B8F
0000A806
FFFF5228
0001B2FF
FFFF158E
FFFD0AD8
00007E46
0003DC58
FFFD665A
0002ABE2
0002DB6F
FFFC9325
0001A240
0000E9AD
000401E5
000129E4
00000BD2
FFFEDDB7
00015AAC
FFFE333C
0001782B
FFFFE237
000023C0
0001008D
00007C7D
00017645
00023D44
00012DBB
000224F5
FFFF96BF
FFFFF3D2
FFFF66B2
FFFD3F02
0001DBE1
FFFCA0D3
0001F1C2
00014268
FFFF16A7
00005DE6
FFFE6A13
FFFEE33A
FFFED46A
00027FA0
0002A768
FFFFC56E
FFFE48FC
0002051A
FFFEB5E7
000209C6
00018E46
FFFD3602
0001963D
FFFC5F88
0001C8EF
FFFDE4B2
FFFD0C75
FFFF87CE
FFFDD1F2
FFFE87D6
00028D05
0001716C
0001316F
FFFC5709
FFFFAF70
FFFED367
000007A2
000134F8
FFFF7A4B
FFFFCF03
00021A8B
00019A59
00025BEA
00012B01
FFFC9C3E
FFFF729E
FFFE999A
0000AC82
0000FE37
00032FF8
00009B66
FFFFA376
FFFE2E45
FFFC98A7
00016A42
00013699
FFFE3F44
FFFFE212
00023E05
FFFF31B8
FFFFDFD6
000285C3
0001781A
00030209
0001407D
00035997
FFFD9481
FFFCBADE
00004E04
00016176
0000937E
000098B4
FFFD23AE
FFFF106B
00015154
000247D4
FFFEDD98
00048D0D
00025F90
FFFF72E9
0002AA34
000150D7
00012985
FFFF6116
FFFF29A2
0003B68D
FFFE264D
000135DF
FFFFFC0A
FFFF39CD
FFFEBCE3
0000CEC9
FFFDF554
FFFD986A
FFFCB9FF
0000934A
FFFBC285
FFFE7A69
FFFECF63
FFFDE20C
FFFF555E
FFFC6E7C
FFFEC7EC
00025849
FFFC7372
FFFECA17
FFFE9B84
0001ED1D
0000D117
FFFEA7EF
FFFF54F1
00006FE0
FFFF7974
FFFC94DA
00002CA7
00000113
0000123E
0001C78D
FFFF1F2D
FFFFA7EB
FFFF6346
0002406B
0001AB24
0000B9E2
00044348
0000C1A4
000289C1
00038532
0000EEE0
FFFF027A
000206A3
0000989A
FFFD368A
FFFD7DCB
FFFEE067
FFFFE7E2
FFFDC0CB
0003A65A
FFFDCB28
000059FA
000070C4
00026139
FFFED7C2
FFFC8C1F
00011A1C
FFFEC3EB
00015E2B
0000C8A8
0000DEC7
00016765
00000374
00004338
FFFF9DEF
FFFDE75E
00009AAD
FFFF53DB
00022268
000043B9
FFFDFDC5
0001C7DD
FFFD6110
0001D41C
000173B1
000298DB
FFFDC26E
00013FD7
FFFC9225
0000FB6A
00010DD7
FFFED8F4
0001D1BB
FFFD8B62
FFFFDB53
0001668C
FFFF919A
00014E7A
0000E7B4
FFFE2036
FFFD2258
00003F7E
FFFFBB3F
0001F224
0000123F
0000B54D
0001390D
FFFF42D8
00030835
0002039A
00050EF9
000573B4
00011114
FFFFE5CC
0000D5C7
00022A86
00006F06
00003E37
FFFD3AC9
FFFCF274
00023D6B
FFFF7200
00005761
FFFE5681
FFFE23B8
FFFD5559
00003E71
FFFE3B71
FFFF9D33
000240A6
FFFF428F
0000ECF1
0002D808
FFFD7E34
0001C89E
000353CE
FFFE07A7
0002A0E0
0005B9F0
0002678E
00015C33
FFFEA8FC
0000EC0D
00017F57
FFFF5244
00034DCA
0001C506
FFFECBBF
00007CC4
000352E0
0001D3A9
000390D2
000466B0
00033FDB
0003D421
000355EB
0000014B
0000B0C6
0000B038
0000CD09
0001324F
FFFEED21
FFFEA014
00006DE5
0000552E
0000B2AB
FFFEC71B
FFFF8026
0003B9FF
00007756
0002813C
0003C2B6
FFFFEDB5
00018ACA
000340D8
0001198C
00034D87
0001D422
FFFE7613
FFFEE047
FFFE993B
FFFDD7D7
FFFF380E
0000ED53
0000748E
000081DE
00001D72
000018D6
FFFF588E
0000636F
FFFBA768
FFFD4EBD
FFFF1902
FFFE5766
FFFECB8C
FFFD1743
FFFF8597
FFFF2617
FFFF7A44
00012E55
FFFEBB79
FFFDC3BB
FFFEF134
00006378
FFFE922D
FFFE034C
FFFD8D8E
FFFE394C
FFFF99A8
00024272
FFFF6F6D
FFFF7987
FFFEEEB7
FFFEB884
FFFD76D1
FFFD1D8E
00013FD3
FFFE68CA
FFFFBA30
FFFE2D61
FFFF5368
FFFE8F34
FFFD7FF0
FFFDF0E3
FFFD6160
00019C43
FFFF41AE
00012181
FFFD5B43
FFFD2626
FFFCEBEB
00017D2A
00027BC6
0000F970
00001F03
FFFEBA30
FFFEC313
FFFFA253
0000D3DC
000104C2
FFFF298E
FFFF809B
FFFCE37A
FFFE0461
FFFEC86F
FFFF568B
FFFC7D7A
00005300
FFFEDD34
0000B426
0000AF57
00002FF0
FFFD6248
00019D99
000206F0
00005C83
FFFD3353
FFFF750D
000029A6
000091FC
0000B16B
FFFD47BE
FFFCD4EE
FFFDC096
000274A9
0001BE59
00007865
FFFE7E11
000020B1
FFFFD854
FFFED143
FFFFF172
0001AE43
0000824F
FFFDD626
00021CC0
000012B6
FFFE855F
FFFEFA76
00005DFF
00020D99
FFFE61B3
FFFE8FAC
FFFE9139
FFFC7171
0001DA5C
FFFFB668
000053D1
FFFFF957
000187A7
FFFF2F7B
000061F6
FFFED87B
0003086D
FFFDF20F
000159E6
FFFFD980
FFFF433D
00001922
FFFECC06
FFFD05AA
FFFE11B4
0000E170
00001CF1
FFFE7513
FFFE1AA5
FFFFB9F1
FFFF9697
00019DCB
00000E7F
FFFF6516
FFFDA49E
FFFCA049
00022BB9
000162A3
FFFEC8CD
FFFF6713
FFFEE81B
00003F44
FFFE3D38
0000D3B8
FFFEBD1E
FFFD6ABF
00007500
0000BD4C
00018937
FFFFA00E
FFFEAF68
FFFFDF1B
0000378E
FFFF833A
FFFF3373
0000ECA7
FFFF96BE
FFFE0BAC
000240DE
00034A20
00015D31
FFFFBFB5
0000A407
FFFDF987
0000F47F
00007C59
00015380
0000D7A1
000194BF
FFFE6DA9
FFFE7795
FFFD61EE
FFFF382B
FFFF9D29
FFFDF106
FFFDC89E
FFFEE8AA
FFFE5C5D
FFFE4B94
FFFEE534
FFFB3705
FFFF74BC
FFFE7ED3
FFFD01E3
FFFC7E8E
FFFF88D4
FFFC0D7B
FFFD3C53
FFFB59F4
00008C20
FFFE67EF
FFFE1FCC
FFFC9EE9
FFFE16CC
00019D34
FFFF8C9F
FFFFCB91
FFFC35D2
FFFECEB0
FFFE8D4F
FFFE6346
00002AAD
FFFFCB9E
FFFFE411
FFFE4FC8
FFFC7603
FFFDF453
FFFF37F9
0002F016
00011D56
FFFE534C
00024EE8
FFFE54BD
000050E1
FFFF3BE0
FFFE3620
FFFF0296
000174AF
00030821
FFFEE341
FFFE86FD
FFFF9CED
FFFF65E1
0001CF90
00004303
FFFF5DBA
0001DD28
FFFF3736
0000D53A
000136C6
0000B2BA
0001B932
0000BFBC
00028B97
00018577
FFFEDE44
FFFCD66D
0001F18D
00010343
0000A607
FFFD9F17
FFFFD305
FFFEF069
0002D3B4
FFFFE68A
FFFF5171
00019CDB
FFFFAF40
FFFFEF60
0003000E
00018A84
0000F40D
00002D29
00038178
00011124
FFFCABEA
00009B14
FFFFDFC3
00034C6B
FFFF730C
00014622
FFFE3E72
FFFFC381
FFFF84A4
FFFF0191
FFFE21D0
FFFFDB2F
FFFCE110
FFFEA939
FFFDDB12
00007BB5
FFFDFC59
FFFF1E06
FFFFC320
00005492
000269BC
00002A76
FFFF46DE
00001083
000095B0
0001BF58
FFFFB6A2
FFFF0A51
00011879
FFFDC5E7
0000FF35
00008723
FFFE13BD
00002414
FFFF2B3C
FFFF29A0
0000C80B
FFFF5A1A
FFFED754
FFFD5F6F
FFFF7A03
FFFE843C
00029C5C
00037438
FFFFA22A
00002C52
00019B4E
00007C50
000207A6
0000A340
00033332
00007F2F
000156CA
0000B107
FFFF52A8
0000B1F0
000001B1
0001D692
0002C5AF
0002CEA4
000380A3
00029B73
00017A33
FFFFE696
00008952
000162FA
00006EF3
0002E978
00019369
FFFF8E44
0000EB7E
00007ADA
000215D2
00015C55
FFFE8D26
0000B7F3
FFFDE2CC
FFFF0420
FFFED507
FFFE4797
0002023F
FFFC2D02
FFFDF44B
FFFFFAF7
00018DA3
FFFEC4CD
00011C80
00035D8C
00012F65
FFFFDFE3
000150A2
FFFF68CC
0001E5C5
000299A2
0001E621
000167BD
FFFF44C5
FFFD7830
0000A442
0001C962
0000C903
FFFF44AC
FFFF214C
FFFE8C7A
FFFFA455
00002F9A
FFFD7A4A
FFFEA1ED
FFFCF53F
FFFF2DA3
0000B2C0
00008202
FFFF6FEA
FFFD4914
FFFF15A2
0000D0B3
FFFE9D1B
00012CBE
0001DC2E
00031775
FFFED0B7
FFFE70F8
00009BA6
000104FD
0000799C
0000C6C0
FFFF3E83
0000C6DF
FFFD9EDF
0000A42C
FFFDF85F
FFFFC8A8
0001A88A
0001D3D4
FFFFF91A
FFFEE89F
0000EFBB
FFFF0E92
FFFF0BEC
00016CFB
FFFF62F8
0002E326
FFFF2BBC
FFFFE1CC
0000F1F4
0000D92A
00012D60
000072AB
0001CABA
0000D93F
00000A23
FFFDD727
0000C23E
FFFF2691
00010C57
FFFF0639
FFFEE312
00004713
FFFE75EC
FFFCEBDE
FFFF252A
FFFDFA83
FFFF22E1
FFFD2071
00008AE7
000157F7
FFFE02FA
FFFE88A5
0000968B
FFFFF6DC
0002A6EF
FFFE05AC
0002B6B4
000225CB
00010B05
00000D70
0000F52C
FFFF0204
FFFE5EE3
FFFE9415
0000677A
FFFE8100
000018CC
00007401
FFFD57DB
0000F71C
FFFE8781
FFFDD052
00000123
FFFF3A75
000188C6
FFFF56A8
FFFE7831
FFFFB80D
00009C35
FFFE514F
000103C5
FFFDC1F6
FFFD33CF
0001DFE5
FFFF9FD9
FFFF4212
FFFE42C0
FFFE6C11
0002DFDF
0001C587
0000B4AD
000227B2
0000E956
FFFF461B
0000C17F
0001E9DD
00030E7D
0001B122
00008ADB
FFFF1F68
00006C64
FFFEED76
FFFF0BE4
FFFF0D1B
00005D34
000271FE
000296D8
00014BFF
0001C9B9
00028304
0000B673
0001F383
00005E71
FFFFD13C
000168FD
FFFF8A4A
0001443A
00018826
FFFFF13A
FFFEA3D1
FFFE9F78
FFFF6862
FFFF6C6C
FFFD1149
FFFCBD58
FFFE5A3F
FFFE7DEE
FFFF720F
FFFE00EE
FFFFEC40
00013B84
FFFDD817
FFFE1D03
0001D602
00007541
FFFD2EFB
00017DE4
0002AE41
00003EA8
00019698
000248A2
0002433B
0000EA90
FFFE003C
00004B31
FFFFAD5C
FFFFEE34
FFFED59D
00010A6C
00027D5D
00012270
00031D55
00019731
FFFF126C
FFFF5BD7
00004410
00022148
0001E84D
FFFDE5D8
00008C72
00006166
0000CE50
000098BA
000197EE
0000D5FD
FFFEC1AA
00011FA1
0000D75C
00025E2B
FFFE72F7
000179E1
FFFEF210
FFFE5B61
FFFDB9E2
FFFF2078
FFFF83FA
FFFDA8FF
FFFF334A
FFFDF178
FFFE9B34
0000EFE5
0002C346
FFFF50C0
FFFEEBD3
FFFF131E
FFFD189C
FFFFE43B
0000684F
FFFFEEB4
00026DEF
FFFD5B23
FFFD5030
000192EB
FFFCBC1E
FFFDBE25
FFFEC509
0002CFD7
0001A73C
0004B67F
00030DC4
FFFF1D88
000253F5
000293EA
00028923
0003C808
0001FBA6
00023D10
FFFE9F58
0001CD40
00027E31
000126BE
00015CAE
FFFE102A
FFFDFDD6
FFFFFC61
FFFF6912
FFFCA7BC
FFFD59D8
FFFD97FF
FFFF974E
0000E987
FFFD6418
FFFFBC4C
000166AD
00022C64
FFFF8277
00000BC0
00005B68
FFFF69C7
FFFF6C85
00008F3C
00004114
FFFD9FA4
FFFFEACA
FFFE8B65
FFFEDED1
00006CFE
0002569A
000192D8
00018E42
FFFEDD56
0002890F
FFFD9F56
00006256
FFFD1394
FFFE0609
FFFE4C16
FFFF4CB3
FFFB28AB
FFFBE048
FFFFD2E0
FFFCE512
FFFD8A63
FFFFAE31
0001516E
00006B4C
0000EF31
FFFE2157
0001457B
FFFE2E31
0002D406
0001060A
00013A55
FFFF4007
0000AF87
FFFED2B2
FFFFE8DA
FFFFB3E7
00002317
FFFD7881
FFFB7CF9
0000CE82
FFFC6109
FFFDB85B
FFFFF4F5
FFFB447E
FFFEFC97
FFFFA92A
000376F5
000206DC
FFFBAABE
FFFCFCD2
FFFFE3BD
FFFD618D
FFFF6580
0001A1BB
00007A65
FFFEAFDA
FFFE0FC9
0001A39C
FFFCAAF8
FFFFC8AF
FFFE9A34
0000B51A
00009961
0000E3BB
FFFF5A34
0000BBC7
FFFE3093
FFFDD85C
FFFEC151
0002F74B
00010BE6
FFFCCEA7
FFFBDF28
FFFF4454
FFFF4A32
FFFB5599
000178C9
0000336C
FFFD8F10
FFFF8186
FFFEF80B
0001D2B6
00015372
FFFD3D7A
FFFFD2B5
FFFE8DCA
0000C1FE
00003D38
FFFF73F0
00009F74
0001F7C5
FFFDD615
FFFD6675
0001E6FA
00010934
FFFE01AC
0002C83B
00016D4C
FFFDB1A9
0000E3F0
FFFCBB14
FFFE2150
FFFDAFAC
FFFC894D
FFFB9F5D
FFFF29C2
FFFD7C48
FFFC83AA
00021C52
000037FD
FFFF6D74
00025029
00007A4A
0001A24C
FFFEADC2
FFFF7B8B
FFFF1A80
00036761
000139FF
00016D3E
00030E70
FFFCE963
00014CBA
00013FCE
00028CC0
FFFECCF1
0000122E
0000DC0C
0003DA6F
FFFCECEC
FFFE1F95
0001B55B
0001B2FB
0000C8A3
FFFF3F7A
FFFEEF64
00020D04
00025516
FFFEC82C
FFFDD270
FFFF4CCE
00015BDC
FFFEC94E
00008516
0001AFFA
FFFDB2AC
FFFF0A7F
00001DFD
FFFE4445
FFFC5AF6
00005107
FFFE4C15
FFFD12D4
00003910
0000BB80
FFFD65A9
FFFE9D16
0001B97F
FFFBD9E3
0000ABCA
FFFED28B
FFFE4929
FFFC70F5
0000167C
FFFFA521
FFFFD04D
FFFD3410
0000DE64
FFFF5CCA
000124DE
0001D37A
FFFDC869
00006516
000190ED
FFFE31F4
FFFEAE8E
FFFE1A6C
FFFFBE07
FFFE77E4
00011EAD
0002A361
00041AE1
0000330C
FFFFA38D
0004789C
0001C6F5
00048174
0003D3DF
0002BAC8
FFFEA228
00036A56
0000B7F1
FFFDC1F6
0001FDDB
0002C657
00015E79
FFFDF44E
0001D572
0004D090
0004757F
0000368F
0003C81E
000450D9
000033E4
000316B3
0001E0B3
0002632C
FFFF6B53
0000EE0E
FFFE5DA6
000074EB
FFFEDB2C
00006836
0001AC8C
FFFC9A0F
FFFE6DB0
0003C835
FFFD7FBA
FFFCEF8E
0000B1E2
0001E396
0000F505
FFFF3B16
FFFF48DD
00006780
0000FA9E
00007B5D
00000287
FFFF72C2
FFFF7E80
FFFCAC0B
FFFE08C6
FFFD767F
00005A4D
FFFF8A4F
FFFD491C
FFFC482A
FFFFA1DA
000025F5
FFFDB9A5
FFFF4BCB
FFFC0EBB
FFFD0598
000094C1
0000BCBE
FFFF1006
FFFD649E
FFFF0B64
FFFF2CF1
00002D23
0001FF5A
FFFCF953
0001129D
FFFCF819
FFFEC29F
FFFE8B69
FFFE3665
FFFF9804
FFFD2DA1
00000B3D
0001CB54
000248C7
FFFDD976
0000EA00
FFFF0AB0
00009A56
FFFF900E
00011AD9
FFFDD3FC
0001FC96
FFFE6F9E
000179A8
00013DBB
00003D6A
00005F26
0001276C
FFFD2028
FFFFB42E
0002A463
FFFFE2B4
FFFDF8B6
000110BE
FFFF2DA9
FFFE4844
0000A77D
0001B8F5
FFFEDCC7
0000C0BE
FFFDBE02
00011384
FFFF2AD8
FFFEC917
FFFF40FA
0002993A
FFFE292B
FFFF1C5C
FFFED38B
0000598E
00020261
0000F522
0004255C
0000C108
FFFD0318
00037C1B
0002AD02
00001275
0002D6E1
0002B97D
0001E28F
000081DB
FFFF9A9E
0000115C
0000D114
00009D75
0002B712
00012E03
00013DFD
FFFEC264
0002C872
FFFDDB8F
FFFE959D
FFFE5989
FFFCC06D
FFFF1385
FFFEADA8
0000E557
0000FA53
FFFD54CE
00004657
FFFD301B
00002507
FFFF9B65
FFFED5D6
0000244A
0001FAF3
FFFE3A31
000070F7
FFFC3C15
FFFECF21
00028065
FFFF2B39
FFFFFB10
FFFF8DDC
0000D7EB
000102B8
00000DCD
FFFF227A
00006F3E
FFFF6D9E
00007010
FFFD0DE6
FFFE8C62
000443A3
000483FC
FFFEEE27
0003602F
0002F3BF
FFFEECF9
0004229E
0001270C
0001EFF2
000093D3
FFFE85D0
0001EC9A
FFFE707B
FFFD3ACB
000133D1
00028C2D
00017682
00001267
00025251
FFFFA9F6
FFFDA89E
00042E0F
0004DBB6
FFFF1F24
0002C461
00035C90
FFFFE299
FFFECD5E
FFFF1F3F
FFFE6C5B
00021CED
0000C7D9
FFFDAEE4
000324C6
00020F13
FFFCDB66
FFFE4628
FFFE8F09
FFFE025B
FFFCC25C
FFFF9956
FFFC7121
000009F0
FFFDC372
00018135
0001BE6D
0000C7E7
000152B7
0001ABAA
0000489E
0000160B
FFFF4E8E
00030D17
FFFF38A5
FFFCA930
0000940B
00009830
FFFCFCCC
0000AC0F
0000DA4C
FFFF7304
FFFDE1E3
FFFF21A1
0000CA0B
FFFF6C66
FFFF1179
0002BDDB
000222C7
FFFF90C1
0001D739
000251D5
FFFF4900
0000C6DC
0001A666
FFFF7556
0000C9D4
00011444
FFFF2D8A
0000F828
FFFF6416
FFFE9573
FFFEF168
FFFC4365
0003F8FF
0001FFF6
FFFCC2D8
FFFF6295
0000DFC8
FFFD11C3
000123B8
00032428
000072A0
00024B35
000113B1
0001130D
0002806D
00003B66
0001A6FD
00014AF3
000367A0
0004C6EB
FFFF46D4
FFFFAB34
000242D1
FFFD6624
FFFF41B8
FFFFB357
FFFF0DCB
FFFCA83B
FFFEBF44
FFFDE67E
FFFC996C
FFFE2921
000254E7
00011D7F
00004E40
000321D0
FFFF3E66
000096AA
0003CBD1
FFFF816F
00031707
0002CA43
0003281F
00021E40
FFFD5422
FFFF00CE
FFFE36A2
FFFDA67D
0001BE60
FFFEEEB1
00007EDC
FFFDDA17
000276B4
000162A9
00034CBE
FFFF23FD
00019158
00028A4A
00008260
00002313
0002BA3D
000090BD
000138A9
FFFE492F
0000CB69
0001A967
FFFE2F04
FFFEF6B1
0002C485
0000BD0D
FFFDDBEB
0003E6EE
FFFDB01C
FFFF3FBB
0004C5F1
0000F374
00006CF2
0001A913
FFFE741B
FFFFA926
FFFEC2B8
FFFCCA60
FFFB7BED
FFFF74A7
FFFDB74C
FFFAF85F
FFFDC1F1
FFFE768C
000129C6
000062F4
00014A83
FFFDD12C
0000C0CA
00021F85
FFFD521E
000086A4
FFFEBDCE
00022AEE
FFFEBF7E
FFFEB6E2
FFFF7356
0002BE0B
FFFE10FF
FFFEFBF9
00004592
0000978B
FFFEB566
FFFF1B7F
FFFED976
000121D5
FFFD8825
FFFF0AD0
00013DAB
FFFE1DFA
0000CD3C
0001A829
FFFDD2EF
FFFC80DA
FFFE3720
FFFEC094
000162C9
000162DF
FFFE15AB
0000F9A7
0001C40F
FFFB4063
FFFB6DF6
FFFFD184
FFFFE95E
FFFD30F5
FFFFE721
FFFDB53E
FFFD03B0
FFFCFC20
FFFF0D80
FFFF3CE3
0001ADD4
000187FE
FFFF0FFB
000134DE
0001F6CC
FFFF7E15
0001A170
000271C5
FFFFD9E1
FFFE5BCE
00019333
FFFE26CD
0001B6C1
00024B94
FFFE57CE
00008A36
FFFDAC6F
FFFE240D
00018BE7
000161F6
00008E5F
FFFD8362
0001C2AF
00018BF2
FFFBCC52
FFFD3726
FFFC5702
0000ADC8
FFFF02E6
00007AE4
FFFEA4BB
FFFD1B73
00009B6D
FFFE605E
FFFE2820
00016D3C
0000AC17
FFFFD09A
00023D15
FFFF98CC
FFFF8E50
00032E4C
FFFFA1F7
FFFD0B24
FFFFBC6C
FFFDFFFC
0000F602
FFFF3663
FFFE45A4
FFFD4F6D
FFFD027C
FFFD613D
00024C42
FFFF8DFC
FFFF9FFA
FFFFEA8A
0000E3F1
0001170F
FFFE4C25
FFFD12EB
0001FE44
FFFE5344
FFFF92AC
FFFD8DAC
FFFE5F3A
0001F9A7
0000A1D4
00013028
FFFDE2C6
00010409
FFFDC5D9
FFFE3837
FFFDF45C
000036D1
0002EA73
FFFE86E0
FFFC76E6
FFFE6859
FFFCAB27
FFFFF9BF
FFFEDA08
FFFD5B49
0000CDB7
FFFF7947
FFFDF4DD
0000C2D8
FFFD2584
000005AA
FFFE3582
FFFE64C8
FFFDE462
FFFEF820
0000BEED
FFFFB9A7
00012F69
FFFE0155
00010073
FFFF094F
000251C8
FFFDD50A
000077FC
00043A9B
0001B67F
FFFDAB41
FFFF6FD3
0002D7E8
FFFD669E
0000C45A
FFFCB168
FFFE4430
0000E0A0
FFFD01E5
000022C3
FFFE1BCF
FFFFF808
FFFFE873
0000E290
FFFF4807
FFFF0E6A
FFFE2804
FFFC8BCF
0000562A
FFFFF7C0
FFFC9486
00000E22
0002373B
0001466B
000008A7
000049FC
FFFECC58
FFFFE08D
FFFE47FE
000389A8
FFFFCEF4
00001958
00009C66
FFFE5CC2
0001CD62
0000A5EA
FFFEE1E6
FFFE1274
FFFDA349
00006417
FFFF94A6
FFFEDB1D
000004A1
0000A95F
0001B23D
FFFEC63C
FFFDFF1E
FFFFFE41
FFFDB0DC
FFFF7222
0001E310
FFFE77E8
FFFCC776
FFFDA13A
00020D94
FFFF1428
FFFE5BF1
FFFB4B68
FFFBFDBC
FFFE8BFF
0000235F
FFFFA331
FFFC2781
FFFEF735
FFFC44D4
FFFC956F
FFFFBC77
FFFCF991
FFFE49C4
0001A46F
00006622
000054B6
FFFD84C2
FFFF012B
FFFCEF25
0002B213
00002FF6
000228F9
00033CD6
00015096
00003822
FFFFE262
00001590
FFFDDCB3
FFFE74ED
FFFFEB49
FFFFB100
FFFD2ECA
0000C91D
FFFDC5B8
00009F8B
0002A0D6
FFFF914B
FFFEB7D0
FFFCBDB1
00025282
0000DEC1
0000492D
0001D51F
000516BD
000301B6
00005937
00036BC8
FFFDF468
0000BD64
00020A0B
FFFE31FB
FFFBDB42
0003A382
0000769F
00010C1A
0002D37E
0001D4C0
00039166
0003211E
00007367
FFFE9BE6
000286FC
00003884
FFFF7061
FFFFDF1C
FFFECFE6
0000393A
00019530
FFFE1FB3
FFFE56D8
0001A8C5
000446AD
000231D0
FFFDEB02
000076C2
FFFE3D97
00018DF0
000356F4
0001025F
00005FDF
00003507
0000A6E6
FFFECB60
FFFD1F73
FFFC583A
FFFD9276
FFFED15B
FFFEBC7A
FFFD5757
FFFCB05C
FFFC25F0
FFFE6C31
0002410F
FFFF9C22
00030E58
FFFEE26C
000299C7
000244B5
0000AFDE
0001725B
FFFF0D6D
00018A24
00009040
FFFEA062
FFFFE879
FFFD170C
00012230
FFFFBC04
FFFBE121
0001FBBC
FFFDA306
FFFFD728
FFFF55FE
FFFDFFFA
00019465
0001F50E
FFFE20EC
FFFEC828
0001D8D6
00014FFB
0002546B
FFFDFDA3
000226E2
0003655F
FFFEF4E7
FFFBF829
00017B23
0002C4E6
FFFFE80F
000137C4
0000C307
00012D81
FFFF5A5C
00024756
FFFF46B6
000076B3
000057D9
FFFFB3F7
0001E8FA
FFFE048C
0001CDF9
0000E495
0000773E
00029125
00017250
FFFF031C
0000873F
FFFEB319
00022656
FFFE0C43
FFFF660C
00002B16
00011036
FFFFBED7
FFFEB159
FFFD14AA
00025A20
0000CA3E
FFFDEAFB
0001DC7F
00013E4C
FFFEC45B
0000C40E
FFFF8636
00027D3A
FFFEFBA3
0000C9F6
FFFF6B5C
FFFF9EC4
FFFF36F7
FFFF32EC
000008AC
FFFE43FA
FFFF1414
FFFFF019
0001B2BF
0001B3A1
FFFF5380
00030B5B
FFFDC323
FFFFD69B
FFFECF75
FFFEE323
0003890C
FFFE44E2
FFFE699B
0002C343
FFFE2E42
FFFF1FCC
FFFF9633
FFFF933C
00053E44
000187C9
FFFE3E15
0001B8A1
00018444
FFFEF8AF
FFFD0C73
FFFDE87D
0000102C
0001114C
0000423B
FFFFBCF4
FFFE8818
FFFF522F
FFFF36E2
00017D32
FFFF0360
FFFF9A57
000136BF
FFFB7D25
FFFE232A
00024459
00026925
FFFF0D5A
00005AC3
00002B59
00003340
00007F92
FFFE1B98
00038EC0
FFFEE38A
0001D302
00011003
FFFEB347
00002F72
00022E53
00013E95
FFFF6F43
FFFFD700
00027FB0
0001E709
FFFE2AD2
00004E57
FFFD5425
0001EF6F
0003300C
00002165
00012FA0
00009BB4
0000FB32
FFFEA88F
0000177D
00006866
FFFF8D06
00016EFD
FFFE215E
FFFF5743
0003EF8B
FFFD530F
00013D33
00007F5B
0002BAA4
0002D8EC
00017701
00059B28
0000035F
FFFD367C
0000EAD1
00007688
FFFE8F14
FFFDF1E3
FFFF42EE
FFFE8AB4
FFFEC35A
0004CEBB
FFFFBF23
00018FB1
FFFFE0D3
0003925A
0002E7BF
FFFE190A
FFFFD112
00007E13
FFFFEA44
000129F4
00011714
FFFF0216
00011DCF
0000BD03
000401DE
0001F616
00002AE9
0002EA81
0002A645
0001B6D1
FFFE0D1F
0003C623
00039F99
FFFF7FD2
00030017
00021687
FFFFFABE
00031E76
FFFFDCC8
0001DABA
FFFEC619
00022005
FFFF894B
0000D6EE
0000BC54
0002A50E
000252DB
FFFE2C06
00036E7A
FFFFAC6B
FFFE9E8A
0000AB42
FFFEB699
0000054F
FFFF6AE1
FFFFD563
FFFEAAFE
000356CF
00025BAD
00000707
FFFD6441
0000A1E7
FFFDD26E
0000F337
FFFCE553
FFFE1475
FFFF31CD
0002A963
FFFFE6D5
FFFDE511
0000B83B
0002A237
00000178
FFFEB56D
0000E2BE
000111B9
FFFD9642
000019CD
FFFE0E50
FFFE97C9
FFFD6C53
000113B0
00023713
00019C82
00019A6A
FFFEEE00
00003295
FFFE0ACB
000026BB
0000CDFD
FFFDBF0B
FFFFDCAA
FFFED973
FFFEE7CD
FFFD85F8
FFFF258B
FFFEDF36
0001615D
FFFEF17C
0000CF3D
0002D6DA
FFFFE662
0001C913
000406A6
0001349A
0001E128
00021B56
0002510E
0001FAD9
00025246
0002EE69
FFFF828E
FFFFE376
0002B271
FFFF1974
000082F7
FFFF94CC
FFFFC496
000156B8
FFFF35FF
FFFDA5B5
000129F8
FFFE0196
FFFFDE37
FFFF14E5
FFFEFBA0
00010098
FFFCE8BE
0000A3C5
FFFE50F1
FFFE21B8
FFFE30C7
FFFEB1C7
0000C1CB
00007EE8
00015CF0
0002A820
00009BE7
0001B2F1
FFFEF153
FFFF9108
FFFE9E68
FFFE41CF
FFFF095B
FFFF7A22
0001767F
FFFD64EA
FFFD662C
00003CE3
FFFE0681
0000B60B
00020799
FFFFFC47
000002C3
FFFE334E
FFFDB6E6
FFFDAB5C
FFFF236B
00003414
00002853
0000865F
FFFF2C4C
0001D661
0000893A
00032B7B
00004A73
FFFF7706
0001DE19
0000EA01
000072E1
FFFE2588
00000393
FFFE51D8
FFFFD8F1
0001DE32
00017292
0002221A
00009B86
FFFF5E36
FFFF5E34
FFFF5A12
FFFE66E0
00007FA2
000365BB
0000CF71
00015149
0000E22A
000009FC
FFFF9557
FFFE0920
FFFEED4D
00008536
000005D5
FFFDD5BF
FFFE6D52
FFFFE04C
FFFF6BE6
000296CC
FFFEB089
000404BC
FFFFFB26
000295DF
FFFEFD4B
00025FCD
FFFD6294
0000E048
FFFCA10F
FFFE9714
00010985
FFFE6F1F
FFFF1854
FFFD1A36
00003E53
00006D7A
00020E0F
000113C8
FFFF7981
FFFD9C31
FFFE072E
0000685C
0003B79E
0000DD14
00031508
FFFEB92A
FFFF9F0C
0002702F
FFFD112E
00007C81
00024CF1
0001181D
0001D3F3
0003546A
FFFCD218
FFFE020B
000220FF
00007E1B
FFFE00C6
00026885
FFFDCA9C
FFFE9E55
FFFE016D
FFFE63F7
FFFEC861
FFFB6B05
FFFF7D84
FFFF2D21
FFFF3516
FFFD6476
FFFE53E8
FFFF8BD9
FFFF09C6
0002026B
000427A3
0000F7E3
FFFE6B63
0002757A
FFFEC8D0
FFFD8A3B
FFFEE468
0002850B
00010E44
0001EFD0
FFFFA912
FFFFC7F7
00027BFC
00002CB3
FFFE608B
FFFF8ADE
FFFF8693
00004889
0000CECD
FFFDD8B5
000045F4
0002DC45
FFFDC35F
FFFE761A
00008F4C
0001316C
0002908B
00001B74
0004C9A0
FFFFCB27
00037DCE
FFFF4721
00003DF9
0000EBFC
000257FA
FFFEFE9B
00012709
FFFE731E
00000482
0003C535
FFFE403E
00032CE9
FFFE3C42
00000344
FFFE9096
FFFFFFFA
0001047E
FFFFC7E4
0000593E
000030E6
0000F28A
FFFF7087
00006BC8
FFFF0DC9
FFFF53C9
0000184B
0003FDCE
FFFFAA97
0000E54E
FFFF99B1
FFFE298C
FFFE00EF
0001AC24
FFFF07F3
0000C44A
FFFD21C8
0000E2C7
FFFF3BD2
00006267
FFFFEE14
FFFDFD5D
00000026
00005F19
000362F1
FFFECBDC
FFFEF6AE
FFFF2138
0001679E
0000727E
0001104F
FFFFB90D
FFFDAFDE
FFFD89D0
00001605
FFFCC572
FFFFA874
FFFDF77E
FFFEED6E
0001FE65
FFFD4EDE
FFFE24E6
FFFE1453
000217EE
FFFDDBC0
FFFE131F
00021985
000030B4
FFFE576C
000145DC
0001EC4B
0001991E
000163FD
0000CCB9
FFFEE47F
00036719
FFFD66D5
00011DCB
FFFDC55A
FFFE8D6D
0001EEC8
0001D00F
0002C4D1
00006E48
0001BA39
0003024E
0000B549
00002599
0001ECAF
0001E904
00001919
00024F66
0000F48B
000295BD
00007C39
00000FCF
000050A7
0000F699
FFFEE46C
FFFE7EA3
FFFEC2B0
FFFE1FE8
FFFF0226
0001194C
FFFF5C30
FFFFD60D
0004BBBF
FFFEE51F
00047175
00027E8D
FFFED963
FFFF1F27
0000C71F
FFFECF09
FFFC5BAC
FFFD0A30
00023DDC
00016FFC
00015F92
0000752F
0000D46B
FFFE9375
FFFD138A
FFFFCAEA
00010177
FFFCDB57
FFFE29DF
FFFCD04D
0000CA1E
FFFC8E6F
FFFD06BE
00008AC6
FFFFBFA1
FFFE4F6E
FFFBEEDA
FFFD2C5B
FFFC0B12
000053DE
FFFFACD0
00007EB2
FFFD53EE
0000288A
FFFEF8E8
00010865
0000396E
00000D3B
FFFFC59C
FFFEE032
0001AFF4
FFFFBF85
0001AB20
0002D5C5
00008EEE
FFFD5A8D
FFFED87F
FFFE16B1
00016004
FFFEE1F5
FFFFE76D
00034EF1
FFFDCD58
0001CB0A
FFFF3A57
0000A58B
0004AB32
FFFFBB99
00011BC8
0002A4B0
FFFF376B
0001CF46
00016ABF
00014B86
00034DE7
000053D6
0001ED81
FFFD330F
00013055
00010BAD
FFFE2AEA
FFFEF819
FFFFA3FA
FFFD7E94
0001F37B
FFFF9C61
00025EC8
00016CAE
FFFE87E3
00005035
00003B23
00031B25
00019DC9
00008B75
00029344
0002F557
FFFF62F9
00022E4E
FFFD3627
FFFFE69D
FFFE861C
0002023F
FFFF7408
00005EF6
0000A6B6
FFFE8136
FFFDF477
000226BE
FFFFBB42
FFFF65A2
0001138A
FFFFD215
FFFD2AF4
FFFFB7B6
FFFF604E
0000FD0F
FFFE487E
FFFFCA38
FFFD489D
FFFEA81C
FFFF81FA
0001EE08
FFFF849C
FFFE087E
00003A18
0000F289
00000AEC
FFFF35D2
FFFF09E7
FFFE3949
FFFF2A81
00014CED
0003D1F8
FFFE746F
FFFFF564
FFFFB9D7
0000B2A1
000217F7
00027408
0001324E
00008145
0000A0A7
00005069
0000F5D9
00017F56
000427FA
0001C644
FFFF8748
00010C00
FFFFEC4A
FFFF1412
00006686
0001AFCF
FFFF8203
FFFF6D42
0003460D
00028806
FFFE2C2B
0000D4D4
0004EC1E
0001484D
FFFE0A4B
00009B23
0000E4C2
FFFEC031
0001D09E
00013B23
FFFF9623
FFFF61A3
00004190
FFFFF6D2
FFFFED6C
0000AAA2
0000B3A2
FFFEEBF2
FFFF7018
FFFDF85B
FFFCCAF0
0001A0B5
00010B82
00023B73
FFFBA303
FFFD8903
FFFCF246
FFFD7232
FFFE8E35
FFFF53EE
0001BD40
0000668B
FFFD42DE
000148F4
00023FE3
FFFD6FAD
FFFED6BE
FFFE024C
FFFFF41E
FFFA7EE0
FFFF222E
00006F67
FFFCBD86
FFFFEF1E
FFFD24E1
FFFF7D5D
000148FE
FFFF0F57
00004572
FFFF37F1
FFFEB348
FFFF5641
0001C10B
FFFDBFB3
0004277A
0001F2CF
000121E6
0003CF29
0001934C
00025C63
000137EC
0000F14E
FFFF9854
00032D51
FFFD6EE4
000056CA
FFFCA0FC
FFFF3203
000118BA
FFFFCEBE
00011901
FFFE94D9
000220E6
0001F5B4
0001DEFE
0000C8D0
0003A92A
FFFF3758
00009B23
FFFF8B9B
000164CB
FFFF4F0B
00012EE5
00021559
0001FC50
0002BE1D
FFFF968F
000127C9
000154C7
00024519
0001D286
FFFEBD81
FFFC1B5D
000138FC
FFFC590E
00016C79
FFFE78BF
FFFF23D6
0002089F
0001BD05
00017D54
00017BDE
0001D461
00007661
0002E873
000388EA
FFFFE6DE
0002E9DD
00009357
FFFEA8F1
0001194B
00003242
0000E28C
FFFE25A0
FFFF7B29
0002E864
FFFF70D1
0002FEC5
0002D042
00000E9E
0000E878
0002AAD3
FFFE2E02
FFFF5332
00032CC0
0002AE16
FFFE9356
0002C84B
FFFFBCC9
FFFF0C0A
000233C0
FFFFAC2A
0001B687
00027026
00005237
FFFFA63F
FFFF98B7
00001928
000010A2
00016B57
00008034
FFFFA29F
FFFF279A
FFFDDBF8
FFFF6066
0000640B
00002F78
FFFC2FFB
FFFDE4F0
FFFFFB1E
FFFFA456
FFFDEBF3
FFFF9C3D
FFFF715D
0001C6BA
FFFF9348
0000803B
FFFE3C5E
0000BBC6
FFFD4641
00009E7F
00014629
FFFD4A5E
00010A44
0001668B
00012836
0004E9D0
FFFF77D2
FFFE60F7
0001A127
FFFF30C8
0001995C
FFFCB8DF
FFFD1C2D
FFFFB5E0
FFFEC437
000082AF
FFFD92BB
FFFB85B2
000181D4
00012964
00007D74
000022E6
000104E0
FFFFF508
FFFEE78A
000047E9
FFFD4EC9
FFFE7902
00008848
0000E916
00042390
FFFF9D45
000242F0
FFFF10DE
00018FBB
000006D7
FFFF9790
00006681
FFFE593C
00019266
00010263
FFFEF8A4
FFFE7E4D
0002FD79
0000BB09
0002FEDA
00015B4B
FFFF52D0
0000C7B8
0002FBE9
FFFF3D73
FFFE07C6
FFFF9223
0000D900
00026D10
FFFD3547
00033A1E
00041E3A
00036BF7
0005CD6D
0002DA30
0004FC56
00023D00
0002FDFC
00048456
FFFFF7E5
FFFFD6FF
FFFE9785
FFFD9672
FFFE515F
FFFF0A9E
FFFD7ED6
FFFEB185
00000788
FFFD1475
FFFAB926
FFFFA791
FFFEE31E
FFFF4E40
FFFD7A0D
FFFDBE45
FFFE420E
FFFE2FE5
00033920
00064133
00011DE6
00038074
00033C48
00022CC8
00038B03
0004F83C
0004F7E5
00010498
FFFC6A78
00002C01
FFFFC976
00005909
00020BE2
FFFFB4B8
FFFAD61B
FFFF676B
FFFE91E6
FFFFA72F
000319C9
FFFCCF2C
000016A2
0000A321
FFFE8F70
FFFE44D3
FFFEDDF5
FFFF8CE2
00037C16
FFFFAAFF
00000A26
0003A651
FFFF8B43
FFFDBEED
FFFEF1AE
00031D64
FFFE5053
FFFF0A74
0000AB7D
FFFE1015
FFFE712D
FFFEB117
00011A9C
FFFF0A44
0002310A
0000615F
FFFDF393
0000A420
00009D94
FFFE435A
0002936F
FFFF3BDD
FFFC84C0
0001D1A4
FFFF0DBD
000212FE
FFFFD1E4
FFFDAC4B
FFFEF49B
FFFFA11A
0000E24C
FFFD3B59
FFFEF675
FFFFFD55
FFFF5898
00016584
0002BFF9
00010537
0000C654
00005A4E
000333E5
00016B83
000132E5
0002BD58
FFFF74A3
000379A0
0000DF94
00019808
FFFF5031
000051CD
0001449A
0001906C
FFFF3FE8
00008CFC
FFFE6386
FFFF33F4
FFFE18E0
0000AC15
00002336
00002924
00014049
FFFFBD80
FFFDAF34
0000A7EC
000147BD
0000640D
000369A2
FFFF46D4
00010C5E
000060A0
00000957
FFFD85A2
00017358
0001ED3B
FFFDAE37
0000B963
00009F61
FFFCB897
FFFFD208
FFFF395E
FFFFDE79
FFFCA8B9
FFFE888D
0000F174
FFFE1158
00019649
FFFEAADC
FFFEE3CF
00030BE9
00020BA5
FFFE6CD7
0000A7E0
FFFEF57F
00018198
00017B60
FFFED644
0002721D
000282A5
FFFEE304
0002DBF5
FFFF0F16
FFFCE920
0002BFF0
00006905
0000BC2E
FFFF68EB
FFFE5130
FFFE2365
FFFE3C4C
000019CB
FFFFE271
0002D451
00030F6B
FFFD9C3D
FFFF9533
FFFF832E
00002919
FFFF1A9B
0001A6E7
FFFE1561
0001BB52
0003B5B1
FFFE90B9
FFFEEE78
FFFC6333
FFFE904B
00055502
00035602
FFFF3CD3
0002B160
000254E2
0002DA4D
FFFE322E
FFFEF00A
000036AA
FFFE6E8E
00017A36
0001CABA
FFFD9D82
FFFD78CB
FFFE67CD
00029B8C
00032CD9
FFFDD5E6
FFFDBACA
FFFEDA1F
00008756
FFFF3112
0002004F
00001E9F
FFFF24EE
00030005
00000504
FFFFF88C
00010F78
00009F36
0000AF8B
00010073
00023C77
FFFFE29F
FFFF9EB0
0002347D
00001872
00023C26
00018374
FFFD992A
FFFF193C
0000A34A
0000BA41
00004A44
0000E26D
FFFE48CD
0000CB05
FFFDCEEF
0001B9DB
FFFE53DB
FFFDD4BC
0001D5FB
000265E2
FFFEFF7D
FFFFE768
0000FB29
00034D53
00027017
FFFFB76B
000057AC
0000A646
0000CE6A
000080CE
00006F52
FFFE96AD
FFFDD081
0002B79B
FFFE004A
00006517
0000037D
0001242C
00004204
00016DA3
FFFE71F8
00002E82
FFFD45B2
0000BFBC
FFFD3C22
FFFF60FA
0002520B
FFFF2D08
0001D523
FFFF5F6E
00009AA7
000160EF
FFFF2E13
FFFFFBEC
FFFEB0BA
FFFECBC8
FFFF8CCF
FFFF8D75
00021B5D
00018A36
0000B4A6
FFFF4945
00017776
00028FE9
00003B79
FFFDF80D
000198B8
0002C2DB
FFFFBB7C
0000CB83
FFFEAF6C
0000E1D3
00001C13
FFFF2A51
0002B2F9
00007127
0002F18A
0001CF37
0000C526
00056233
000198C2
000016CB
FFFD0A3D
00015BB0
00033A78
FFFF5452
0000F735
000072C7
0001BE8C
FFFEE35A
FFFD300B
00008963
FFFCFF43
FFFE72C3
FFFE476C
00001F44
FFFE61D5
FFFFB332
FFFCB00E
00000814
FFFED00F
000201EB
FFFEC73D
0001F27F
FFFE32DC
FFFFA8F3
00015A5F
FFFF58C0
0001EBEE
00009B49
0000E5C1
00009398
FFFF680B
0000E131
0003D385
00004464
FFFEDBAA
FFFED36C
00029D2C
0001A987
00006CF7
FFFDEDFF
0002F83A
00024E07
0002605E
FFFF1E5F
FFFCBACB
00008DA3
FFFCFA45
00018A9C
FFFF283F
FFFF5113
FFFDE487
00013F45
0000224C
FFFDCAFF
FFFDD92D
FFFEE5CC
FFFFA2D7
0001D48E
FFFE958C
0000EA0A
FFFDF87C
FFFF76AA
0003F40C
0000BAAC
0000C7F4
00036BC2
0000ED76
000189AC
0002CE68
0000A6CC
0002DD98
0000E241
0000AD77
FFFF1629
00021E61
FFFCF883
FFFE72B9
FFFF61C1
FFFEBAEF
FFFD7796
00012C91
FFFE4864
00004569
FFFFB60A
00010BC9
FFFF9FF8
0000848F
0000FEA4
FFFE8B05
FFFF0876
FFFC9292
0000F7CC
FFFC7F78
00013E15
000096A2
FFFB5DEA
FFFD12E9
0000FE4D
0000B262
0002AE7E
FFFF58B7
0002AB1B
00012BE0
FFFDC854
0003EA3B
0001E3D3
00027DD3
FFFFA93A
FFFF9488
0000A9F6
00011A19
0000A9D5
FFFEDB39
FFFFA9F5
FFFCAFB0
FFFDD159
FFFEEC95
FFFDC132
FFFD5BA7
FFFFB611
FFFEA0C1
FFFC4C61
FFFF5B71
FFFFC239
FFFECAFD
000118E3
00024BA1
0000932B
FFFE8AA3
00001F96
00031D41
FFFED636
0002C210
00007526
00008C1D
0002D56F
FFFC425E
0000D221
00011340
FFFF2212
0000A272
00002D15
0001AF79
FFFC7FBA
FFFE00BA
FFFFBA9D
FFFE8117
FFFF15DA
FFFC6759
FFFDCC2C
FFFE3B22
000016AE
FFFCBEF5
FFFD73DB
FFFF565D
FFFD3730
FFFECCF9
0000041F
FFFE1A2D
FFFF0124
FFFCC7A5
FFFCBBCE
FFFF513D
0002017C
0001670B
000278D2
FFFDF8BE
FFFE245E
FFFF976D
0001BA5A
FFFE5A92
00018BB1
00026588
0000A973
0000891F
00026DCC
FFFF7F2B
FFFFB03B
FFFEEB90
000332A2
FFFEB5B9
0002151D
00028F36
000284A8
FFFE6FE3
000179C9
0001BF14
000167CB
FFFC6F7F
00005A18
00000BCA
FFFAF49F
FFFD0372
00002A0C
FFFC1756
FFFE9E7A
FFFE9304
0001FA36
00025981
FFFE8B5E
0000F067
00012058
00011AA7
FFFF05F7
0003ADD6
FFFFE9F5
FFFEA626
FFFF5B1B
00030555
0000DE03
00001F72
0000FFEE
FFFBEAC0
0000B403
FFFE87F7
FFFDF3E0
0000A7F1
000196AD
FFFFC2C5
0000EE39
FFFEE213
FFFDEA06
FFFE4717
FFFF6CAB
00012062
FFFE9C85
FFFF74CC
FFFE20F8
FFFD069D
00016655
00018B9A
FFFFA1A3
00000476
00005E40
FFFCBEF9
00022EA6
000122E0
FFFF3114
FFFE06A8
0002754C
FFFE89D2
000231E6
0002D577
FFFE0C2C
FFFE335E
000264D5
0000FCB4
0000F921
00004B01
FFFD37B4
FFFF0608
FFFE0784
00008E8E
00007E02
FFFE9CB2
FFFF4C73
00013101
FFFFC48B
FFFEB578
FFFF5FCB
00009E75
FFFE7B8A
00013F1D
00008AE6
0002BB70
FFFED7C4
00004103
00030106
FFFEA0E3
0002E979
0001FDBF
000272D4
000098D5
FFFDA521
FFFFE1C7
FFFFBA51
00032BF2
0000EC74
FFFDB582
0000A153
FFFCCACD
00023D66
FFFDD588
FFFE4F05
000129A5
0000CBA3
FFFDC619
FFFD009E
00004E99
00019DA5
FFFE8CD6
FFFE90DB
FFFD6327
FFFEB7AE
FFFF2546
FFFDAF92
FFFE2518
00002414
00013DD3
00010E64
00008A94
FFFE86DE
00029414
FFFE5959
FFFE4EF4
00008D05
0001BFFD
0000C834
FFFE92DE
00004955
FFFF8994
0002E90C
00015972
FFFECB96
0000A699
FFFD90D6
0001B190
FFFD0072
FFFF910C
00017C88
FFFCDBEC
FFFCDB46
FFFFEEDC
00013C38
FFFF30C5
FFFC720F
FFFEEED9
0000B3EC
FFFF72A4
FFFD590E
FFFFA3B2
FFFDAF76
0001F577
0000FF2C
00018BD5
00008915
000120A5
FFFF12EA
FFFFA098
00005E3D
FFFF89F6
FFFFC452
FFFDDFE5
000162A3
00017E0F
00000241
FFFCD6CE
0000EB25
FFFF7F0A
FFFC3446
00023B32
0000691E
FFFED9E5
00001276
FFFF9B00
00008BC1
00000111
FFFDA1CD
0001B9BA
00026C14
0002C424
FFFFE8D9
FFFED622
0001FEC0
0003117E
FFFF2CA4
000109A6
0000EE16
0000F66D
FFFFD521
FFFDC1F1
FFFF58FB
0000911B
FFFDFCA9
00000AE7
000043FD
000025C1
0001B835
FFFDC5B0
FFFFDC2F
000073FB
FFFAD143
FFFF9867
FFFFFF1F
FFFD1A72
FFFAD659
00017D0D
0000A168
FFFEFF24
FFFF7443
FFFDEF3E
000143A1
00015632
FFFFE1EE
000244A6
FFFFC699
000164B9
FFFF49DC
FFFBA844
00000B73
FFFE1849
FFFFEEA4
FFFF32E3
FFFE16E6
00016391
FFFF7C6B
FFFE8B15
FFFFE18A
FFFF068E
0000CE1E
0000DF93
0001B69E
000018F8
FFFEF233
000121A3
00000666
00007136
FFFFBA3C
FFFB7B6E
0002CD9F
00013C34
000046D4
FFFD5B48
FFFF169E
FFFF8132
FFFED42B
FFFEBF6F
FFFE7D41
0001A191
FFFC6864
FFFE10E5
00001747
FFFF4BB5
0000140E
FFFCD79A
FFFDED6B
FFFE0E55
FFFFF2A4
00010D93
FFFF33B9
FFFCC657
000049B1
FFFD8852
FFFF4D22
FFFECD50
000077EF
FFFF3063
000210B1
0000F463
FFFF6B28
FFFE4E60
00038A78
00016082
FFFFB12E
000127AE
0003A463
FFFF5B63
00022B10
FFFFE207
FFFDEE8A
FFFEA2AF
000027D8
FFFF40E8
FFFBA8C5
00002B6F
00021A08
FFFE6342
00024D2A
FFFC7104
FFFD47F4
000002EA
FFFEB9AA
FFFF8DB8
00000C27
0001272E
FFFEBCA8
000077E0
000267C3
000075CB
FFFEFFDF
00044FDB
FFFE855B
00007760
FFFF6790
00010002
FFFE02A5
FFFECD30
FFFD3D1A
FFFF1F45
FFFD7997
FFFFEA11
0000EA3D
00037ADE
00007500
0001A41D
000013AE
0003301A
000015FD
00020589
00031CBD
FFFF352E
FFFF710B
FFFE3D64
FFFEE84E
00012479
FFFE7C17
FFFE0BA2
FFFE2488
FFFEAD96
00025A68
0001ED1C
FFFC7CFD
00042A30
0002AEA8
00026883
0001635D
FFFECB6A
FFFF9FD8
FFFF1486
00011B12
000061DC
00002151
FFFE9788
0002D351
FFFFBD9A
000276DF
0002B095
00010BE3
0003B582
FFFE6B8A
FFFDF9F1
FFFECF74
00015E02
FFFE5D44
FFFE20A5
FFFEE74F
FFFF38B1
FFFEEC0B
FFFFE572
000260B2
0002711E
0003AADD
FFFE5DD5
0002586B
0001B4AC
FFFED7ED
FFFDF773
0000D30B
00001191
00013AE8
FFFE9962
00035D86
FFFD951F
00011C17
0000DB42
00029820
0003A7BD
FFFE4665
FFFF6EAA
FFFF0D65
FFFDB59E
0004FF39
00027D94
FFFE2258
FFFF739C
FFFEA84D
FFFF043B
FFFD6DED
FFFCD3C7
00045082
FFFF2CC3
FFFE2D28
0001B112
000008DC
FFFD711E
FFFE4377
FFFDE037
FFFE293D
FFFEAE99
FFFCC675
FFFFEA74
0000ABAF
FFFF75EE
FFFD6575
FFFD5806
0000CC18
FFFC2053
00015A09
0002D724
00017FD4
FFFEF640
FFFE215B
00018870
00030D54
00003342
FFFE65A7
000225E1
000156A7
FFFF9A11
0002F9F1
FFFD5427
FFFD21A1
00013468
000195E3
00032CD4
FFFB8C82
FFFDACD8
FFFE45EF
0000702F
FFFEED1B
FFFFE03C
FFFDE9A4
00022130
0003C3DE
FFFBF511
FFFFAAED
0003AB78
FFFFFFC7
FFFFEC6A
0002C2BF
FFFDF95E
0001AE07
FFFE9C97
00026A8A
0000F3D6
FFFF9D41
FFFF1AAF
00029494
FFFFBF48
0003B73A
0001FC6B
00011B44
0001F045
0001E796
FFFF5334
00002775
00005326
0000EB68
FFFFBEEB
000238E0
00012CA6
00005FBA
00008033
FFFEB831
00001863
FFFF6E2B
0000651C
FFFFA25C
FFFCFB85
FFFE319B
0000ACC7
FFFE4AB8
FFFEC52C
FFFE010D
FFFEA76D
00009CBF
000134A7
000266B4
00019B4F
FFFE5668
00002D4A
FFFF7BC3
FFFEAB93
FFFCFD1A
FFFF8F65
000166E8
FFFF8D09
0000D4F5
000038E3
0005A7CA
00005CAD
FFFF74A7
0000EECF
FFFFCAC0
FFFEB592
FFFE449C
FFFE91C3
0001CFD0
00006FC4
0002DF5B
FFFE7F11
0001C506
FFFD8799
000064E0
FFFE035C
FFFCB7E7
FFFF0AAC
000090E2
FFFE9BAE
0000706A
0003170B
0000219A
FFFD131C
000019F9
FFFDE253
FFFDD511
0001AA37
FFFEC148
00008D71
FFFFE971
FFFE6DC4
FFFD7266
FFFE0E5F
FFFD6193
00033B6E
FFFDEDE8
0000C815
000186A3
0001C38E
00018B1F
00017E33
FFFDA7EC
00011B9E
FFFEFDF6
00035021
00036942
FFFEAED6
0000A7B6
FFFF5D49
00014CB2
000016D6
0001566D
FFFF62F7
FFFE3147
FFFE9EB7
00025514
00032D76
00010297
FFFEEA9B
FFFD6331
000023B9
FFFD422A
00005BF6
FFFE6494
FFFE3168
FFFB4B6A
FFFDB247
FFFE1F23
FFFFFBCE
FFFEB61B
00019A9F
00022CB6
00022B0C
0001B301
FFFF5F61
0001CC97
FFFD3D14
FFFF6EC0
FFFDCF2E
FFFD16A4
FFFF9D55
FFFF9EC3
0001CA18
FFFF88D4
FFFFFBCB
00016876
00019EA5
FFFF29AD
000080A0
FFFF4822
FFFEE4F9
0000EB68
0000F3EC
00010109
0002562F
FFFDDBA4
FFFE8A40
FFFD90DE
FFFF65AB
00010671
FFFE7E76
0000005C
00007F30
FFFFFF7E
0000C35D
0001A7F8
000138AF
FFFD1D7A
000102DA
00005029
FFFFD047
FFFE8862
FFFF2DB6
FFFE7710
0001D49F
00015E79
FFFFD636
00021008
0000B824
FFFD697F
0000CB84
00005D85
0001616F
FFFF07C1
00024FF0
000019FE
FFFE4A33
00034134
0002B666
FFFFAD90
FFFFF59F
00001F21
FFFDB575
FFFDF51E
FFFFD758
000125CC
FFFD6E58
000097EB
FFFD6563
FFFE9E92
000073D6
FFFEC23D
0000D515
FFFFEEA6
00006695
00016519
FFFEAA95
00014165
00039A82
00010AC5
FFFF4442
0003234C
FFFF6B32
00020E49
0000E050
FFFFEFED
0001E8BA
FFFDA859
0001689E
0002DD17
0000F4D0
FFFF2ACA
FFFE80E7
FFFE9DA5
FFFF819F
FFFE489A
000179C3
FFFE76D5
FFFEAC5C
0003E348
FFFEBF43
FFFF9F5B
0002174D
0001C3F9
0000B698
000172BE
FFFFD7C0
000187D9
00005194
00009D4A
000086D1
000239B3
FFFFCD9D
FFFC64F5
FFFFDEB6
FFFC81BA
000020AC
FFFBD68A
FFFC23C5
FFFF6294
0000003B
0000D629
FFFE7545
FFFD58AE
0001C5DC
0000672C
FFFF68FA
00026509
000322F0
00018460
00016096
0001A750
FFFC1D86
FFFD927B
FFFC0727
FFFD266A
FFFDF17C
FFFEB4A2
FFFF8604
FFFEADEA
FFFE46A2
FFFDBEC0
FFFFB84D
FFFFB570
000272C4
0001545B
FFFE89A6
FFFE7E58
0001F9C1
00021A04
00010247
00004E3D
00025CD4
FFFDD0E3
0001B5FC
0002534B
00013538
FFFC9D76
FFFE8E8A
FFFD9241
FFFF2CCD
0003666D
FFFF33BC
000070A8
FFFC0CB9
FFFEA7F6
FFFEAEC9
0000F28A
0002A6D2
FFFD79B2
FFFDFD57
00008193
FFFD0EED
0001C7E6
FFFD4084
FFFDF730
00031EBE
FFFDDE2D
000207C7
000027B6
0001D456
00003CB8
0001CC15
FFFE988C
0002E980
0000957A
0000B481
FFFDAEDE
0000522E
000092D3
00003F9A
000198F3
0000B85F
FFFE5494
FFFFA629
00054A5C
00016E19
00026493
0000CBA9
0000B286
00055F3B
FFFFF8EC
00021F81
0000217F
0001CFD0
0001ABAE
FFFFAE74
00019EC1
0002D1D2
00037794
FFFF2C55
00024B9C
00021B49
000146D9
FFFEA30E
FFFE4E6D
0002FFCD
FFFE8F8B
FFFE49CF
00012BC3
00003CE0
000020F3
00018EE4
FFFDA8A0
FFFF6D5A
FFFF4892
FFFDDBDC
0000A43D
FFFDA64C
FFFD69B7
FFFF3376
FFFD8F1B
0001C6CD
FFFE1002
FFFF413B
FFFBC628
00013930
FFFD2488
00009D1D
FFFE1F80
FFFC4F12
FFFFEE7F
FFFFB9FF
FFFE217D
FFFB350E
FFFBDFDC
FFFFB0C8
FFFDD2F1
FFFD77E5
000255A1
FFFE7269
000246F6
00005BC8
0002AD1D
0001BC93
00023087
0001131A
0002A8BD
00029BFA
00009843
00000EA7
00001D34
FFFD8397
00002012
FFFE5747
FFFFCEA5
00015307
0001373C
00002DDA
000055FC
FFFD4A86
0001904A
FFFECCB5
FFFE0123
FFFFB1ED
FFFE6D3C
FFFF3FA9
FFFE3B67
00019CB3
00006EE0
00028FB5
00013CAA
000154E2
FFFFD05B
00014D6F
0000AAB0
FFFD600A
0000F5AC
000046AD
FFFF9ED0
FFFFBCCF
FFFFC656
00016ADC
0001AD13
0003E5E0
00000F32
FFFDB199
0004F6CA
FFFDCDB1
FFFE1D46
00003E4B
0001CACC
0003C1A9
FFFE01CB
FFFEB678
FFFE68F2
000045BA
0000A649
FFFCDC2D
FFFD0E34
FFFD65BB
FFFF3DB9
0001E57D
00011D14
0001EA17
000285E6
0000C243
FFFF2C56
0000AB77
FFFE39B6
00014BB5
FFFF97F2
0000C1B1
0002E359
0001E2FC
FFFFF3DB
00015258
FFFF4630
0000395A
FFFFB7A5
FFFE1416
FFFFDC0C
00008726
FFFC539C
FFFBC1D4
FFFD014F
FFFEFF52
FFFCE3DF
FFFE9ED8
FFFF9A7E
00009F7F
FFFED657
000055D5
00003C6F
FFFDB38A
FFFCF381
0000FE15
00010539
00020B18
00020EFD
FFFDD377
00021F42
0003354B
000313DE
000153E1
00016645
FFFFC0DD
0000C845
FFFE70F3
FFFFCA50
0000BE00
FFFCF58A
00004F51
FFFE1A70
00007657
FFFEF46F
FFFB6E64
FFFCC275
FFFEA74D
FFFD9EFC
FFFD07B0
FFFE310B
FFFCEFA9
FFFC0C75
FFFDE30D
00026A97
FFFF3D22
0001034D
0001E828
FFFFD72D
00007002
FFFF5829
0003EF07
00019456
FFFE2666
FFFCE201
FFFE7367
0002B8B6
FFFF3FD0
FFFDB156
0000C5B5
FFFF9C6B
00007510
FFFFD8C9
000288B4
000089E6
FFFCD037
0000E5E7
0001B3D9
FFFD582E
FFFFDEC0
0000B300
FFFD828F
FFFAEF80
FFFE0CF2
FFFF72B5
FFFCE907
FFFFE526
FFFFCBD3
000084E8
FFFE44C9
FFFD8F7C
FFFCE97F
00001AE3
FFFE3DB7
000074FF
00000719
FFFD5610
FFFE13AA
FFFD4F07
FFFF2A3E
FFFFA967
FFFEAA01
000077B8
00030E21
00019C2D
FFFFAE5D
FFFFF466
0001E025
00008947
FFFF9488
0000E25E
000266F1
0000CC4E
0000A0C4
0001026D
0001B5B2
0002E85A
FFFE9D53
FFFF040A
FFFDA8C1
FFFF8D84
FFFBEB07
FFFECE55
0000216F
FFFCFF1C
FFFD2AF6
FFFEA569
00013422
000054EC
FFFF83FB
FFFD49D2
FFFEC427
FFFFD6D4
FFFF871E
000008A5
FFFEEA40
0000BA77
FFFF8326
00003BCB
0001C576
00003C96
FFFF35C8
FFFDB3DA
FFFFA8BE
0001E27B
0000909F
00006F86
00009460
0000352C
00008A9C
00028249
0002D564
000030C3
FFFF04C6
00008CCE
00016F73
000236B7
FFFE2905
000169B5
00007E99
0001FF5A
FFFDF7D9
FFFBFAC9
FFFCE5EA
FFFFE163
FFFEBEB7
FFFBCE8C
FFFC287A
FFFF6BA7
FFFE4739
000159E8
000127B0
0002D430
000024B6
FFFD48F7
0000CE15
00018A75
00014014
FFFEC74F
00028CA1
FFFF4BFF
FFFF57FF
FFFECC04
FFFFF79B
0003F30A
0001037D
FFFE6AEE
FFFFC919
00005583
FFFE3202
0000C481
FFFF9285
FFFFBACD
00013F06
FFFE1497
00029A1A
FFFD5591
FFFF3ED8
FFFF13AE
FFFDF087
FFFD46DA
FFFE04E2
FFFFB4BB
00016F5E
000209CA
00026F01
00006AEC
00013884
FFFF6C39
FFFEA0CF
FFFF3B44
00007F98
FFFE55E3
0002BB0F
0001DFF6
00001817
FFFFD84B
0000162A
FFFFBF3E
000098FA
0001F36E
FFFF0575
000239A1
0002BF47
0003E7CA
FFFD94C6
0002AEF4
00007D09
FFFBB2D2
FFFFBFCA
0000EC50
0001144C
FFFCD666
00018B0F
0000C9E3
00007A3C
FFFF4B0C
FFFC8C89
FFFE3CF0
FFFE47C5
00000C16
00000CD5
FFFDC469
0000EEE1
FFFDCD05
FFFCE30B
00009B7D
FFFF55FE
0000F147
FFFDB257
FFFDDE51
FFFF63DC
00018107
000144A0
0000D122
0002CBF2
0001D9A1
FFFFFB49
FFFF5D52
0000DD2A
FFFE8408
000189E3
FFFCD5D3
FFFD432F
FFFD3B29
0001A02A
000237B6
00011C30
FFFF7C3E
FFFCD473
0001B416
000170E6
FFFEB52F
00019CB5
0002E4AD
00038472
000248A4
0003FA42
FFFEF6A2
0000A0D3
FFFC01D5
FFFF8EAA
FFFBF071
FFFE11A0
0001B7CC
FFFD7067
FFFAE338
FFFBBA9D
000032CA
0002B35A
00036ECB
FFFFD6D2
FFFD2AFE
000082D3
FFFF8BD7
0000B6AD
FFFF47FF
00006E4F
0001EAC1
0000932D
00003EFA
0002891D
0003188F
0004F4C2
0002D06B
000097F1
FFFDA1CB
00015008
00005B62
FFFC752C
00004BC3
0000A85D
FFFBDAF0
FFFC7FA9
00006FA7
0000B329
FFFF1E4A
0002E2A2
FFFE1343
FFFD8022
00024B3E
FFFFFC15
000091A9
0000DB00
0001777B
00022D3D
00027D3C
FFFE4B04
0001F6EC
FFFE8B0E
FFFDD7EB
FFFE7F23
000264CE
FFFFF0C3
0001B46E
0003FD0F
FFFFB13F
FFFE7659
00007BB6
0002C869
00008464
0002C6F5
00001F19
00012962
FFFCB0B3
FFFF69AF
0000F641
0000CC67
FFFFF1BD
FFFEE1DF
0000295C
FFFC76D5
FFFD522D
00001C8F
FFFEF3A8
FFFD4591
00009396
000001B6
00019F7D
0000632A
0002133A
00004500
00023E23
0002E4C0
0002CB1C
0002BB79
FFFF942F
0000F9F6
00040F2A
00014D66
FFFD6308
FFFCE442
FFFE5FEA
000096A2
FFFD98F0
FFFF25F2
00006F38
FFFD85DE
FFFE00BA
000021F0
FFFD3BC4
FFFF678F
00013AC8
FFFE6E89
FFFF3807
FFFE489F
FFFD5DB7
0001207B
0000DC16
0003AA68
00014E1A
00016A20
FFFFB9CC
0000DA1A
000002CA
00046717
0001E199
00004895
FFFDFFF5
FFFEBE6E
00012D5E
FFFB60C9
0000B7E9
FFFF24DF
FFFC33ED
0000A8D8
FFFECCDC
FFFF47E6
FFFDE19E
FFFC68B1
FFFF15BD
FFFFF1BB
FFFFECD3
00004D6D
FFFE0705
0003146A
0000C445
00004FC9
0000D01E
0000A361
FFFEA072
FFFF35C4
0002E6CF
FFFC2A4A
FFFF1A31
0000C3DC
0000A8E2
0000AA2E
FFFF10B0
FFFD635F
00003E60
0000005F
00004AFC
00016205
FFFFEC86
0000A7AE
FFFCC1C1
00014C01
FFFFEC2E
FFFDA063
00000444
00013DC0
0003E85F
000125D6
FFFF07D0
0002CC33
00005E51
FFFDC1C0
FFFF6514
0002D2DA
0001BBEF
FFFF91BB
FFFEA947
0000C098
00000488
FFFFFF01
FFFE6E6F
FFFEBC31
FFFD32DF
FFFF6C7B
FFFDC4B8
FFFB71FD
000149EC
FFFF6E24
FFFC9C01
FFFDB0F5
FFFFFC3D
FFFFDA5E
FFFC971B
FFFE4C79
000135C2
FFFCA798
FFFFACBB
000130E0
FFFF2E2F
FFFCC96F
FFFFF98C
FFFEBF90
00035270
FFFEB0C1
FFFEBB28
00023571
00005AE7
0002A036
0001C26B
00002947
00006A32
FFFC91A8
0000373D
FFFD2F8B
FFFCCC98
FFFF55C4
00025574
FFFF3305
00011350
00007983
FFFEB9CA
FFFEE7C5
0001DCCA
00003F72
00008467
0003EA22
000320E9
00030E84
000126CD
FFFDF058
FFFC55DA
00019F17
FFFFCEE6
FFFF72DB
000171A1
FFFDEE46
0000ACB8
FFFEB315
00010490
0000C9B4
FFFD43BE
0000FA80
000373C4
FFFFDF34
00020F3C
00023975
0001C69F
0000C6C8
0000C8E3
00037767
FFFDCFEC
FFFD0639
FFFFDC8F
0000F194
FFFD1A60
0001B174
FFFE6E86
FFFC75B1
FFFF5C55
FFFD1A0D
FFFD6089
FFFF7EA2
000061EB
FFFD055E
000194F9
0000DB9A
00035284
0001AE7C
FFFE8AA2
000285AB
00025033
000288E2
0001CC68
0002CFA4
FFFE77B3
00009933
FFFE32C7
FFFDFBCB
0001D0A8
0002794F
FFFFFB7F
FFFFE814
000143B3
000208B4
FFFFB14E
FFFF740B
FFFF811E
0000463F
00008C48
0002A1E8
FFFF19C6
00023596
FFFF9C9E
FFFE7563
00020D5E
0001364C
FFFCB572
00018942
00009384
FFFED05D
000111D6
0000E78D
FFFEE059
FFFD7396
FFFF9A53
0001841E
FFFE68EF
FFFDC1EF
0000A3F8
FFFF3E6C
00022DA8
FFFE8BB3
0000A07F
FFFE69E8
FFFEEC85
FFFD7DEA
0000D31E
FFFF4BBB
FFFD6E79
FFFDD150
FFFF7284
00005FAB
FFFDF2DC
FFFCCB74
FFFF5FDE
FFFCA135
00000DA0
FFFD4370
FFFC35FA
FFFCE54F
FFFD6F51
FFFE6525
FFFE5F74
FFFB18A3
FFFC2360
000142A9
FFFF2106
FFFF91B4
FFFCAF95
0002F872
000029B1
FFFEC3EF
FFFE43D8
00018D41
000187D1
0001A17A
FFFFAF9C
0001C4DE
FFFF8BEB
00034F3B
000313FA
0000BDFC
FFFEF089
00033CF3
0000A652
FFFDE915
0000D1DD
FFFECA2B
FFFD3206
FFFE9070
0003B021
00002016
00028878
FFFE0E09
0000085D
FFFD1A7F
0001CA3F
00009F96
00012D8C
FFFF2FCD
0002040F
FFFCD33B
0000FFE1
FFFEC793
FFFF70A3
0000BEAC
FFFE1C05
00015A9E
0002D2B6
FFFED073
00004030
0000EFD4
0000A79F
FFFD7886
00014413
00021E87
00002A4C
FFFEB148
00033F8A
FFFF549D
00001826
000108E4
00030E21
0001FE1A
FFFFF503
00026E1D
00012ABB
0002659A
0002D27B
FFFF0F81
FFFEBF1B
FFFDC7EC
0000A7F8
FFFE4B11
FFFC4A31
FFFD0E96
0000B44C
FFFD24A4
FFFFD3E0
FFFEEA36
00004DF8
00022874
FFFC802E
FFFD59F9
0001105C
FFFDF821
000070E7
0000F76F
FFFE048E
FFFDBDC2
0002BDEB
000079C3
FFFF2A99
0003CEF3
0003BD04
0000387C
0000E6FC
000064B1
FFFEFEDB
0003225B
00028935
00016DC1
FFFFA364
FFFFD0FE
000061C0
000118B8
0001F380
0001BF5F
0001C7CF
00008831
0003423E
000174D7
00036746
00048817
FFFFC7A7
00022C40
FFFDEA75
FFFD376E
FFFD2432
FFFDEA02
FFFD0C8B
FFFE3CBC
0002276E
FFFF7AB8
FFFE5293
00001743
0000DDEF
FFFF7930
000011EF
00004641
FFFC7258
00018C21
FFFFD508
0003B411
000366D3
000273D2
00007617
00003DCA
0001BC44
0002550A
0001B55B
FFFD3DE8
FFFF733E
FFFF27FE
000233F6
0001DC47
0000E21B
FFFE31D4
FFFDF39F
FFFE4D2F
FFFE7745
FFFF122B
00037B81
FFFCEE7C
FFFF9EB6
FFFF198D
FFFF157F
FFFE6719
FFFFC53C
FFFD3DCE
FFFBFE00
FFFE71C4
00010B4F
0000D82E
0000F22D
00025022
0002465B
FFFF98C9
FFFE6A25
FFFF07D3
00014762
00001DE6
FFFDD134
FFFE6E99
FFFED86A
FFFFC220
FFFD3172
0001EF56
FFFE2605
0000A47E
0001537C
00019602
FFFE6587
FFFF332B
FFFEDDF3
FFFE090A
0000D737
00038FAC
FFFEEEB0
FFFF341E
000373E1
00008CB4
FFFCDA85
FFFFFDBF
00027CD2
FFFDF7C5
0001CDC8
0000C574
FFFDF034
000336A2
0001EADD
FFFF6050
000089A0
FFFD9384
0004BE4B
0002FEC3
000358B0
0000A7D4
0000E32D
00039E63
0004EB8F
FFFFD073
0000BBA8
0000C171
FFFD6C3E
FFFE4804
FFFDD201
FFFC6633
00023743
00032740
FFFEAA7A
0000A406
0001530A
000289F3
0003E5E5
0001A39A
FFFEA602
0000B362
FFFF9013
00025730
0000B163
00046768
FFFEBF77
FFFE46CF
00034FC9
00009987
00001FB7
00018380
00012D18
0000D640
00000AB3
FFFF760A
00021D7A
FFFD7C3D
000099F1
FFFFFFF4
00019CD0
0000164A
0004A3B1
FFFDF2E4
FFFE60B8
FFFC0F13
FFFC9CFD
FFFF8E96
FFFD1E4A
0000F3D5
FFFDC8C0
FFFD3A3B
00008685
000037FA
FFFEDEAA
0002DB4E
0000C235
FFFEE16A
FFFF3C4A
0000E9AE
FFFE8151
FFFEC638
FFFEFE33
FFFCDE5D
00029ACA
00024997
FFFFAC27
00026641
000073AE
FFFE8C2B
FFFFD0B9
FFFF629E
FFFF007C
FFFDA19F
FFFD0281
FFFDF1EE
FFFE7B81
FFFE76AC
FFFF9567
0002566C
00033586
0002C731
00006D9D
FFFF9A86
00024887
FFFF3FF5
FFFF04AD
000022DA
FFFE44F0
FFFDEE4D
00028887
FFFF2162
FFFED501
FFFFE85B
00007B73
FFFC6DFC
FFFF2B9D
000041CF
0001A176
00003E13
FFFF63B2
FFFDE6E0
FFFF5F3D
00012BBF
0000335D
00015DA7
00019063
0002E0BC
00032148
FFFFF0CE
FFFF165C
FFFC7E08
FFFEDF37
00002072
FFFDD91A
FFFE69E6
FFFD6179
FFFDC3D3
FFFE6072
0001E379
0003270A
FFFFE74D
FFFF1999
FFFFA8B6
FFFE2954
FFFFF37F
00013181
FFFDF60E
0000A866
0002F988
00011770
FFFDFC83
0000CE69
00024A8A
0003A816
FFFEFAB5
00020326
00029A6F
00021134
000048CD
000341DE
00004A33
FFFE377E
0000440D
00007FD8
FFFF4EBD
FFFFCE57
FFFD9D4A
0000F8CC
FFFF98BA
FFFBA1C4
00004874
00024F57
FFFF13BC
FFFE6B17
FFFCD271
0001B44F
FFFDA5AD
FFFF63F1
0002341C
00038D25
00010D89
FFFE9601
00006C8C
0004EF9D
FFFFDBCD
0004AD3E
FFFFB4DA
00012777
FFFEA286
000434D2
FFFF309A
0001D2F6
FFFB9B91
FFFD1350
FFFDAE38
FFFED145
0000E517
00025DE2
00027E48
FFFE05C6
FFFFFB12
FFFE265A
FFFD7C2D
0000FE05
0000C6ED
0001647D
FFFCCFBC
FFFDC0E4
0000D3A8
000011CF
0002E199
0001AED2
0000B31C
00007EC5
FFFD744B
FFFEA564
00015E6F
000227CA
00016CD7
00001E44
FFFCECB5
000211EA
FFFF7A61
FFFED2C2
0002CF10
FFFED2EC
FFFF88DE
00028C98
000080C7
FFFEC2E4
FFFE57B0
FFFDF008
00026D6E
000046D8
00012A24
FFFFD569
FFFF9262
00002056
0000202C
FFFF06B9
00002D77
00018884
000233EA
FFFE0357
FFFDE3D4
000062C4
00028EB2
FFFDF89E
0002223C
FFFD8A40
00007A3B
000067DA
0001FDD2
0004C6BB
000063F7
00008FC7
0000FFA0
000396F6
00036633
00009BDA
00030EC3
00034F75
FFFF4354
FFFF6B28
FFFDAF01
FFFD52A2
FFFFAF8B
FFFE61E9
00011A2F
FFFFBF07
0003B2F3
0001372A
0002FF46
FFFEF2B5
0000A819
00002758
00029EF0
FFFF525F
FFFDF489
000100C6
0003CE95
FFFE6B77
FFFCBA31
0000A74D
FFFF5DB1
00025D11
00032966
00014BA9
FFFCBA41
FFFCE079
FFFF1846
FFFD7874
FFFDA5FD
0001F8B8
00033899
00018C85
00016A07
00021E44
FFFF33DA
FFFD838E
0004EEC0
0001F79D
0003A6F6
0001724E
FFFDFD3C
0001EB9C
00013C6A
00000B4A
FFFF0914
FFFFD306
FFFD3F9E
FFFF5AD0
00001304
00021C55
FFFD58DE
00002D32
FFFEE57E
0002B5CE
0003D988
FFFF75C3
FFFE6A9B
FFFEF83E
0000E359
FFFF3E58
00010D36
00010117
FFFFE35C
FFFF3B67
FFFD6AEA
FFFF22D1
0000596D
FFFDF792
FFFFFB55
0003722F
0002BFA0
FFFF2BA9
FFFD58EB
FFFEBAD8
000070A2
0001ECE5
0002C1E8
FFFCEC29
FFFF4CE5
00011112
0005D2F7
00023F8C
00014CDA
0001519E
FFFDDFF2
00021D0B
FFFD5144
FFFE11AC
FFFCA5C5
00040BD2
00055C5B
00025882
0001272F
FFFCF4DA
FFFEF203
0004B4AE
FFFF852C
0000BD79
00038A5D
0001FEEC
00022A69
0000D070
00021668
00027256
0000F64E
FFFF6128
000138CA
FFFF724D
FFFDF3E6
0003DF62
00012168
FFFEBEED
0000B615
FFFF9678
00027E59
00017955
0001F552
0001E22F
00001912
00001EEF
0000E80D
FFFE802F
FFFEA5C8
FFFD0873
FFFD6145
FFFE3D40
FFFEE3EC
FFFCAE78
00012FE9
0001F8DA
FFFDA879
00016210
0002AF98
0000246C
FFFF3FC0
00003BEF
0000493C
FFFFD3D1
0000F3D5
FFFF919C
0000CAB6
0001BF8F
FFFF8455
00014632
0001D4C4
0000F91E
0000A5FD
FFFE2F63
0000AED6
00018EBE
FFFFB194
FFFF80C5
FFFE7A41
0000082E
FFFE16CC
00019825
FFFF5D0D
FFFEA548
FFFE860B
00019DEA
FFFD4842
00028BDB
0002BA32
FFFE2151
00000479
FFFEE102
00008C93
FFFF213C
FFFE763B
00017C65
0001A100
000152D3
FFFE54DC
00011417
FFFDE3AB
FFFC1FD5
FFFEC3D8
FFFE3BF5
0000A852
000175FA
000161C4
FFFFCE7F
00023923
0002CEA5
00036771
000074D8
0002384C
000469DD
FFFE3C13
00002DFE
FFFE5E7A
000037ED
00025575
0001BEC6
FFFFCBCA
FFFD0EC6
FFFE466E
000394A1
00000163
FFFF909B
FFFFEE36
FFFE455E
FFFE345E
FFFCA979
FFFCCEC8
FFFD82D5
FFFF478A
FFFCFC13
FFFEF869
FFFED65B
FFFCA83F
0000A040
00002492
FFFFEBB8
0004542F
FFFDC1A1
FFFD9E99
FFFEDED0
0003C1D7
00034289
00026722
FFFE2E7D
00000982
00026E2A
FFFFADCC
FFFE2370
FFFEE8DD
FFFFCC5A
000139A8
FFFF614B
FFFE16C0
FFFF5714
0001409C
FFFFB7FA
FFFE16A2
FFFE4B85
FFFDE9CE
0001DC0D
00032187
0000318A
000453E6
FFFFC76A
0000C933
FFFEDBB7
0000FA45
FFFDCF5F
00005DDA
00007D68
0000D3FB
FFFFC8A1
00016705
000204D2
FFFF996D
FFFE9431
FFFFD5C8
FFFFBB91
00008A61
FFFAE26F
FFFF0518
FFFC91C9
FFFF0337
00026111
0001F0DD
FFFC78D0
FFFF24A9
FFFF0A6C
00002051
0001F65C
FFFC8ED1
FFFDE7AE
FFFED232
FFFEC318
FFFF5E30
00019D02
FFFD9E8A
0000A525
000061C1
00012176
FFFCF671
FFFF163B
FFFC1932
FFFF16C9
00020EE6
FFFCEDEF
FFFE0747
FFFF4145
FFFD2375
000218CF
00000544
000378E7
0001132B
0000BE70
00035EAB
0001ED9C
FFFECFE5
FFFE08C0
FFFD1326
0000654D
000264BA
FFFFE5C5
00024D0C
FFFE1F57
00006DC8
FFFF39BE
FFFD5DA5
FFFD66ED
FFFF1DCA
00019D1D
FFFEA0D1
00015533
FFFEBE29
FFFF1A66
FFFD4FB0
FFFF2181
0001826A
00009084
FFFDD49B
FFFD7470
FFFC765D
00005D3E
000000B9
FFFE9D20
0000D2C5
0002F80C
0003248D
00034916
00003B96
FFFEC938
FFFEC129
0001C294
00022BBF
000571D3
FFFF84D7
FFFE371E
FFFD1A17
FFFF9A83
FFFF8D50
FFFEE4B1
FFFCAC81
0000F9BF
0000CC7E
00015322
FFFE82BC
FFFDE157
FFFDFFB7
00025770
0000DEDE
FFFC97DD
00024AE9
0000BED7
FFFE48FE
FFFF6903
FFFFA25D
FFFEF575
00005D83
0001BB4C
FFFEFA15
FFFF8E0A
FFFF673E
0000AA4F
0003A628
000049EB
FFFF18E0
FFFC5CFD
FFFE2BB7
FFFF446F
FFFEFD73
FFFC784D
FFFF3662
FFFE2AE5
FFFCEF6C
FFFE717E
0000A010
FFFD9275
00036C21
000190F5
FFFF8DE9
0000E927
00007B72
FFFEE98A
00031732
FFFFB5CD
0000E59E
000173E6
FFFEBC11
00018430
000078C2
FFFF487A
0000701F
000271BC
FFFEBA82
FFFE1A28
0002C538
00008EF5
FFFBBB05
0000A238
FFFBBD6C
FFFF9312
00028284
FFFFCB47
0001C9DB
FFFE955A
0001468A
FFFFF1D0
FFFE7F66
FFFFBF28
FFFC69C1
0001EBBF
FFFED706
00014CEA
FFFF50BC
FFFF2E4D
FFFEB50D
0000638E
FFFF6ECE
0000962E
FFFE5D02
000170A9
000084A4
FFFF748A
00028AA8
0001D740
0002A403
00016006
0001CE3E
FFFF70A6
FFFE51DE
0000CE51
FFFC9943
FFFF28C2
FFFFB67A
0001535D
FFFD7EFC
0000BEBE
00008536
FFFE1557
FFFF6F13
FFFEA01B
0000DADB
FFFD2EE2
00019A8A
FFFECE4D
FFFE89EA
FFFF5EAB
000045CD
FFFE4F4A
0000046F
00017077
FFFF6710
000173D4
00016B50
FFFF35B7
FFFE1B0A
FFFDB8DA
000098CF
000155E6
0001F0CC
000432CC
FFFF732F
00021FF3
0001CBF5
0002070B
00006D02
00019628
FFFF69C4
000102DE
FFFC9AC5
FFFEC35B
0001B327
FFFCF042
FFFFA371
0001927F
00001922
FFFF938E
00005FF6
0001DE8D
000125AD
FFFEEBCC
0000F4B5
000232FE
FFFFB438
0000B6B7
FFFEF551
0000994C
FFFF33B8
FFFFBCBD
0001E124
00007003
FFFFD83B
000173B3
00017EAA
FFFE2B23
0000D4AD
FFFE7282
FFFE6C16
00023D3A
FFFF2C29
FFFEF9C0
0001EB5B
0000DA18
00007350
FFFF7A8A
FFFDE37B
00016ED9
FFFD94FD
FFFF5B27
000042F5
FFFFD616
FFFFCA66
FFFE9F12
FFFF824B
00014A75
FFFFD7ED
0001045A
0000B90F
00003BE7
FFFEC7E1
00029D8B
FFFE801E
00009C74
FFFDCDB2
00008D42
0000CC6B
0000EA8F
FFFFEB73
00026A4A
0001E88D
FFFF16D8
FFFD9666
FFFCE15A
FFFFC745
FFFEF358
FFFE80FE
FFFF0857
FFFE4D38
FFFD2A31
FFFF65AD
0002B1CB
FFFFE8E1
00016D65
00013BFE
000291B4
00007681
FFFF6D47
FFFEB20E
00003B66
FFFE518B
0000E78E
0000283E
0001FEAB
00022602
FFFE6BA7
FFFF9B72
FFFE61CA
0000D022
FFFF8D5E
FFFC49D9
0000C8E2
FFFE605C
FFFEB23E
0001BE3A
000176F0
FFFECAD8
FFFD23D2
00016117
FFFDA7CD
FFFFEA12
00008080
000136AB
FFFDCBBC
FFFFC584
FFFEC5DF
00002005
000090F8
FFFFF7BF
0002049C
FFFFF00D
00016907
FFFE4564
00016C0E
FFFF2ADE
000162B1
FFFFD326
FFFD9C89
00012614
00001387
FFFDC3BA
FFFFEF64
FFFF4572
FFFF8324
FFFF67D5
000151DC
FFFF77D2
0001CEE6
00007DCC
0000D03C
000280EF
FFFF85E4
0002EE3D
FFFDA8F0
FFFEDFFB
FFFCD316
00000DB9
00012DCC
FFFE37A3
FFFEC140
FFFEBFD9
FFFDD1F4
FFFF91C6
FFFF3E28
FFFEDB8A
FFFFE628
000032B8
00016631
00010D25
000005BB
00005625
00002207
0002999F
FFFF96F5
FFFEE249
00005B1B
FFFE77EA
00032DCA
000123E4
FFFFD95C
FFFE994F
00000F09
FFFDC7F9
FFFFBAA5
00017130
FFFD88F7
00015FA2
FFFD98BF
FFFE6012
FFFF15DE
0002E780
FFFF7F9B
0002DA3D
00004651
0002AC9A
0002BCBD
00008E27
FFFFA0D6
FFFE1F30
FFFE6C8D
00006BCA
FFFF505C
FFFDBC72
FFFD37E3
FFFF0E29
FFFE6EF7
FFFE0FC2
00022C56
FFFFED82
FFFF67C3
0000B403
FFFE94B8
00031A43
0001CC97
0001C036
FFFE2017
000170B4
FFFE9220
00025286
0000B5E3
0002A48A
FFFF6D68
00005BEA
FFFFEBE8
FFFF0528
FFFF7561
FFFF0F37
FFFE50B9
FFFDB783
00013AB6
FFFF87CA
FFFE3D9A
FFFDDE25
000071F1
FFFE4685
0001E9D1
0000BD95
0000F9C6
FFFED267
0000E20F
FFFED700
FFFF4A9E
0000CFC0
FFFE7E93
FFFF2081
FFFDD369
00006C5C
00019D00
FFFF56CF
00017C4B
FFFE4933
FFFEBB5D
FFFDEDA7
FFFE699C
FFFFB36B
FFFDDF09
FFFE856C
000017A5
FFFEA6B7
FFFF74B2
FFFEA349
FFFD878B
FFFF93FA
FFFDCB2A
00007745
00019FC7
0000FF96
000093DB
FFFF471E
FFFFC887
00007FCF
FFFF4C41
00005D23
FFFFB890
FFFF6974
0000D631
0002187A
00023775
000253E6
0000D694
00002A9E
00004212
00022DE0
00005BD9
FFFF52EF
0001BA2D
FFFFFC10
0002496D
FFFF0982
0000710E
00012004
0003126C
FFFE4612
FFFF4D22
FFFEEE6E
00011FF9
00029D62
0002B404
000012EE
0001E5F6
FFFFBAB8
0001BA85
00013D18
0000D6AC
FFFFBA0C
0001BA30
0001DBBC
00008E06
FFFE90DD
0002780C
FFFFAD82
00007772
0001EA51
0000A22B
0001A533
0001D977
00013F41
FFFF5565
FFFF20C5
FFFE94AB
000170E8
FFFE6698
00014E27
00007E18
0000C9F3
0000F743
FFFDA5CB
FFFF9C30
FFFF34E6
FFFD99C1
FFFDF83B
FFFF615D
FFFF48C5
FFFD5CD3
FFFEAC6B
FFFD2B08
00005580
FFFD8975
FFFDA0EB
FFFEA00D
FFFFB846
FFFEA10F
0001A821
FFFEF29C
FFFE4C7E
FFFF8FFC
FFFD573C
00012544
0002565E
FFFF9B3D
FFFE4CCD
00018825
00023A7F
0000B31A
FFFF9E06
FFFFAE13
FFFEFAD5
FFFF37D9
0001FDCE
0000295E
FFFF2E64
FFFFFAB8
00003D34
00016E2F
0000BC18
00021412
0000DEB0
0002CC40
0001E005
FFFFC31C
000198D3
FFFFFF0E
000032D3
FFFF2DFA
FFFE2A95
FFFF67E6
FFFF6D89
0000B78C
00032C1E
00025D5F
00036B4E
FFFE13C8
000192C9
00018FAD
0003ACFF
0002771A
FFFE514C
0001FC7D
00007DB6
FFFEDE26
00013F14
00031E72
000086FB
FFFF0663
FFFFF744
FFFF6B92
FFFC021F
FFFF098B
FFFD533A
FFFEE837
FFFEB376
FFFF1676
FFFF1E68
FFFD6983
0000A4A6
FFFDE03D
FFFFA402
00023788
FFFFC124
000051F8
00036D82
000140BC
FFFED10E
0001F0B5
FFFDDFF2
FFFE29E9
FFFFDDAA
0000C926
000115A1
FFFE03F1
FFFF0DB5
000198D6
0002499B
00019F13
00000AD3
FFFDEF9D
00015C94
0000B641
00011742
FFFEB668
00019D0E
FFFF80F2
00003ED3
FFFEDDEE
0001FDC1
FFFFAE38
FFFFE23C
FFFE3420
FFFF668A
0001FE51
FFFFAFD5
00010F54
0002020D
FFFF65AA
00004165
00007F02
00002EF5
0001535E
00019E9E
FFFF8465
000185A3
00010822
FFFFA8CE
FFFDF892
00000E66
00010AFC
0001CC26
0001DF4B
FFFE562B
0000664F
00009527
0003D6E9
0001E68C
FFFED40A
000206CE
00012CAD
00000E66
FFFFD47E
FFFEEF4C
FFFE2B44
FFFF7078
FFFED0E4
0000B9FB
FFFEB977
FFFE19B2
FFFCC0F2
00003647
00028E5E
0001A236
00023D43
0000249F
00012592
000375EA
00038C3F
00025029
0004297C
00001759
FFFD9AD5
FFFF5360
0001D241
00020054
00002F1A
0001CF6D
0000FA73
FFFE83C6
FFFFF8FA
000186CF
FFFE1FA9
0000AA91
0001E2B4
FFFF636E
FFFF1046
FFFFDE77
FFFFE60C
0000BAF4
FFFE5FDD
FFFFEE95
000035DB
FFFDFD8E
FFFF52CC
FFFFB453
FFFE9C34
FFFEE88A
FFFED3AF
FFFFE083
FFFFC0CE
0000FD69
0001117D
FFFF1673
FFFF8D32
0001E898
FFFFCD77
FFFC9997
FFFF1C5C
FFFE8B37
00011E57
FFFEFF8B
000137AB
FFFECEC2
FFFFE545
FFFCD82A
FFFF5E24
000006F5
FFFD3DB0
FFFD7F9A
00001A95
FFFD3263
FFFDB500
00005EB8
FFFD72AD
0000A625
0002AE55
FFFFF64D
FFFED3B6
0001CF85
FFFEAD4D
FFFFD54E
FFFF8113
0000B11B
000103C2
0000E67B
00034E33
00018805
00011E0F
0002E156
00012E4D
0000C261
00011DCE
FFFEAD1D
FFFF6335
00023AA0
FFFE38D0
000202A4
00018547
0001DC96
000103E1
000156B5
FFFD11CB
00003C65
FFFE4BE6
FFFD1D97
FFFF3AD7
FFFAA2B2
00006C12
FFFCBC5A
FFFCA5F8
FFFF618A
FFFF5BC4
FFFF80F3
FFFEA9B7
FFFEE45D
FFFF2C8B
FFFFCF35
0000EAD2
FFFE8585
00000C74
FFFFEACE
0000A578
FFFF8674
0001ACC7
0002B780
0000EBA3
0001A18F
0001E877
00018175
FFFF356D
FFFECD14
0000402C
FFFEDFCF
0000996B
00002F7B
FFFD3216
000203C5
FFFD03CC
000000AF
FFFF7FC9
FFFD9FF1
FFFDBC1E
FFFD9375
FFFF47D7
0002529D
00014F01
00038497
00008C92
0002B71C
000002A6
FFFF465C
0001E7E9
000374CC
0000DFE3
0003EED2
FFFD9C8A
0000E779
FFFEB95E
000067FB
FFFC6E97
FFFEBB29
FFFF8E4F
000036B4
FFFCAF5B
00012564
FFFE98B1
FFFF41C8
FFFD7A21
0000A434
FFFF2384
FFFB333C
FFFD9F70
00009C70
000245A2
000061F7
FFFDACBB
00003963
FFFD6EF5
FFFED1A2
00026F31
FFFE9F53
FFFF9323
00012DA4
FFFF3BB7
FFFDA448
FFFF53BB
FFFF13D3
0000FC7E
00031BEA
FFFEA6EA
FFFFE339
FFFDBD6A
00004BBE
FFFD4B35
FFFF46E0
FFFFE99E
FFFBCB2E
FFFFA139
0000F50E
000050F3
0001E4E3
FFFBDAB9
0000BC04
00019792
FFFD17C7
FFFDB0FD
00004797
FFFFB1C9
FFFDA5B4
00015D74
FFFEF74D
0001EA04
FFFEECF5
FFFD60E9
FFFF585E
0000AFD6
0000FB85
FFFF4708
FFFEC5DB
00000715
FFFE1177
FFFEAD79
FFFFAF73
FFFDB7D8
0000D2D6
FFFC2D94
FFFD7F42
000081F5
FFFF3908
FFFFC341
FFFE4D10
0000D7D6
FFFF9F20
FFFF5EEA
0000E18A
00000989
0001BCC4
FFFF886F
0001AD3C
00011C7E
00017A75
FFFF92CB
00008E8F
FFFF4B96
000282B9
0000BF41
000094BF
0000542C
FFFDC044
00027DE8
FFFF0151
FFFE6F04
FFFFB63F
FFFF120E
FFFF7BDD
000098B5
FFFF032A
000198E9
FFFD5E89
0000252C
FFFFADA4
0001D22C
00022408
FFFF988D
00016686
0000793D
FFFCD98F
00007EC8
FFFF9B36
FFFE860A
FFFD73FC
00012F14
00013333
FFFEF932
FFFF7D93
00003E08
FFFFAB6A
FFFF0A13
0000F2E9
0002EFD2
00006CD5
00018962
FFFF75E5
0000CD09
FFFF88C5
00018047
FFFEBFF9
00004835
0000D179
FFFE7972
FFFD47C7
FFFE7270
FFFFD118
000053A4
0000AB20
FFFFE26C
FFFFE2FE
FFFE1B64
0000910C
00005278
FFFEBC10
0000EE23
FFFF7158
FFFE85F5
000014F4
0003880D
000258A7
00015C18
0000D19D
FFFF82C1
0001BE26
FFFFB467
FFFF60B0
FFFF456E
FFFDF50D
FFFDBF56
00019837
FFFF9907
0000E2D5
FFFF6A83
FFFD2BE3
0000BE50
0001C343
0001972A
FFFE8CCE
00012486
0000685C
FFFFE869
00003D6D
0000EFA6
00007B7F
0002CA7F
FFFF425A
FFFFBD51
FFFF16CB
FFFDA944
FFFF48E5
FFFEC38F
0001CD42
FFFD1BE1
FFFD875C
0002C17E
FFFFC30E
FFFD3491
00010A4C
FFFDAFA8
FFFD52B9
FFFEFB64
FFFF255F
0000EA51
0001CB29
FFFE4382
FFFD2598
FFFDFB87
FFFE2734
FFFEFAEA
FFFFAC77
FFFF4805
FFFED22F
0000538F
FFFEA9B2
FFFF684C
FFFF26F0
FFFE8998
FFFFE8F3
000108B2
FFFFB4D7
000148C8
000034F7
FFFF507E
0000CFE8
FFFE6358
FFFFB63B
FFFFE237
FFFFF38B
0000B707
00001C7A
000108DF
00006FEC
FFFF09EA
00005122
0000BC75
00024DAE
000073B6
00015508
0000A521
0000AD70
0000332C
FFFF737A
00003104
000126BD
0001C834
FFFED1D6
0001ABA9
0002031C
0000E2A5
000109D3
00030DE2
FFFF5297
000113BE
000066AC
000313BE
FFFFDCBC
000286B4
00007B20
FFFE07E6
00004F79
FFFFAACA
FFFEDBD3
FFFFCA90
000133BB
000239D4
000228DA
00011445
FFFE54F7
00000838
FFFEEE70
FFFF23E0
0000E8C1
00002DD1
00017935
0000908C
00014985
000015F3
00010BBC
FFFF762C
000259D6
0000E203
0000B1BB
0000646F
0000BC68
0001E082
00007EF0
00043AAE
FFFF6419
FFFE7F42
FFFE728C
0003417B
FFFFC72E
FFFEB3D4
0001AA37
0000A15F
FFFE9CAA
FFFD283F
FFFD852F
FFFCE1B2
FFFC5504
FFFFC918
FFFCEEA8
FFFF5FDF
0001125A
FFFCBF16
00019F59
FFFEE847
0000C744
FFFDD197
FFFF6D44
FFFEB3E9
0001D3EC
000087F4
0001E81A
000046A5
FFFFE5DB
FFFFE5C8
00036304
0000A7BD
00024916
FFFFE8A5
FFFE6D69
FFFFF107
0001ABB1
0000EF5E
0001C57B
FFFEAECE
FFFEC49A
000273F4
00012549
FFFFC034
0004E3CC
FFFFE593
FFFCA02E
FFFD1ED8
00008330
FFFEA95E
FFFE3D53
FFFFE465
FFFC6FD0
FFFEB8C4
FFFF25C9
000158A4
000104E7
FFFEC24D
0000381A
FFFFC113
00006753
FFFF5835
000074DC
FFFF393A
FFFFEF3A
000099B8
0001765A
0000F357
0000BBFA
00002590
FFFF4711
000212B4
FFFCD1F6
FFFED467
FFFEE0D8
FFFC9F5C
FFFFFCCE
00006DBD
FFFEF595
FFFEA3DF
FFFFD051
00001023
00001584
0002581C
00005A95
0000B9F5
0000A905
0001A9F2
FFFF7A50
FFFFC928
FFFDDD90
FFFE70E3
FFFD7107
00005FC8
FFFFDEB7
0000FE7E
FFFEF334
FFFD8602
FFFDD7E9
00017A85
0000520A
000092A9
FFFDEE34
00019167
00011E39
00014CAA
0000270D
00002974
0000BDB4
0001F0F5
FFFF8429
0001B19D
FFFEE1D8
000075CB
FFFF35F0
00004D05
00006FD8
00001ACA
FFFD4A8B
FFFDA5FF
0002318D
00010DA6
0000792C
00017383
FFFFFAB2
FFFCE5BB
00032C06
000018EA
FFFEDD66
0003338C
00014AA8
FFFEE080
0000F17B
FFFFAB41
FFFF6A0B
FFFEF35D
000144E4
000212DD
FFFD79D0
000046AE
0000A16E
FFFEA04D
0001CE6B
0000B6F9
FFFD581B
0002093F
000148DD
FFFD5392
000241EF
FFFDD982
0002A7E9
FFFF3D85
FFFE70BC
FFFE8272
FFFE1879
FFFF482A
0000641D
FFFF35A0
00012219
00004EF2
FFFFF012
00001465
00016624
FFFEA5A2
FFFE464D
0000EF6A
FFFEE23E
0000D078
0002E2B7
00006BBC
FFFE3443
00011E76
FFFE92C2
000313C1
00008022
00016201
FFFF55C8
00008FCA
0000C1CE
FFFFDCDD
00009BBF
0000240B
FFFFFAF6
00018BB2
FFFDD14C
FFFE1F1C
FFFEC6B6
FFFFDD13
FFFD7345
FFFFE07D
FFFECD11
FFFE8564
0001E531
00016E9F
00001E7C
00009F4D
FFFDE3C7
FFFEDD99
FFFDFF3F
000155C6
000079AA
00004DCE
FFFEAB38
FFFD7CC7
FFFF9136
FFFFC50E
FFFEDB26
0000DB66
FFFD7427
0000A145
FFFF53AD
0000601A
0001848C
0001D14A
FFFE6DB8
FFFF50A3
FFFFECB0
FFFFD99B
0000A244
000050B9
FFFF96F2
0001C295
FFFFF014
0001F1E9
FFFE4EDE
000321A3
FFFF92D6
FFFFF4AD
0000D9B6
FFFCB93C
FFFEDE81
FFFE7BB9
FFFD0BC7
FFFDC396
FFFF50E8
FFFEB07E
00010F33
00018A1A
FFFAF4F6
FFFF8C27
FFFF5BFC
FFFEC8C2
0000CCF2
FFFF9F34
FFFEF9AF
FFFDFAA4
00000CE7
FFFDCD7F
FFFB96A7
000233FB
0001E667
FFFD235D
FFFEEDDC
00019F51
FFFEC8C8
0002B6F7
0003000E
FFFECC2D
FFFF9BDE
00004218
FFFF5D6F
00039B8F
000229FC
FFFEF6E7
FFFEC5FA
00019219
0002B38E
FFFEA4DC
FFFF8FBA
FFFF5C34
FFFF0A8E
00033750
FFFFA270
FFFE9385
0002DC0B
FFFDD0DC
FFFBF64B
00052A53
FFFFD67A
00020710
FFFC13CA
00002F35
0001F362
FFFE179B
00024688
00015F23
FFFCDBE8
FFFD5417
0000C3AB
00013B71
0000FB15
000030EA
FFFF70CE
FFFFC731
FFFF7AC4
00035F8D
0000B635
FFFE3565
FFFE7D59
FFFDA946
FFFE6ECF
00000279
0001123E
00003B68
0000C7B7
FFFE3333
00024DE8
000076A7
00015ECD
FFFFA55D
FFFB11B0
00010C31
000404AB
00000008
00029122
0001DBB7
0002039F
FFFFC2DA
FFFD5F86
0000C2CF
00022563
FFFD89B7
00028107
00009837
FFFCF0DD
0000F805
FFFF4892
FFFFD6A3
00034E8F
FFFDF4B8
FFFD2C2B
FFFFF173
FFFE2BB7
FFFC4BCC
FFFD3AE6
FFFCA2F6
000090DD
0001E8D7
00002E03
FFFF770B
FFFE3DAE
FFFC3887
00005B96
FFFE0C54
FFFDCCD4
00001F41
FFFEBCB7
0000E545
FFFE3BBB
FFFEE116
FFFC8E15
FFFE8FF5
FFFF6C4C
FFFDB6BE
FFFD60B5
00045711
FFFFD515
FFFF3251
00032CFD
00041E05
FFFF90EC
00024A57
FFFEFD1B
00012706
0001E2A2
FFFE2A0E
FFFD559E
00029CB6
FFFE4D5D
FFFEF87B
FFFE8C0F
00004E1A
00002D00
FFFE8B59
FFFEF413
FFFCFC58
0001133B
FFFF7DAE
FFFC9E70
FFFDF9DF
FFFD8AAC
00028A75
FFFFBCD3
00002B40
FFFE30CA
00024EDA
00000BAE
FFFF8F9E
0003D334
00029ED1
0001FFA0
FFFF592C
FFFEE12A
0000BE36
0002E3A9
FFFF5628
0002BC3C
0000DE0E
00013257
0001080F
00021D17
00008222
0000863E
00039E16
FFFF6DDC
FFFE6724
0000CC5A
FFFDCAC6
FFFFA0AF
FFFEA4F8
FFFCC158
FFFDFBD4
00002818
FFFD6548
0000336A
00004251
FFFEE911
000081FD
FFFE17E0
FFFF1ED4
0001AA89
FFFF7006
00027756
00029EA8
0002A0D9
000226C9
00004BBA
FFFEBE89
00009C99
FFFF51FA
FFFF354E
FFFE63DD
00041A75
000201AD
00041C3B
FFFF6FBF
00021A77
0001720C
FFFFF8D2
00013235
FFFE39AF
FFFF283B
00001599
000231D0
00042E07
000256D5
FFFDDA2C
00039E08
0004179B
00033F77
00020B02
FFFD7586
000128A2
00033821
000016C0
FFFFF6A0
FFFD98D2
FFFCE7DE
FFFF4509
00028E0F
FFFBC3E0
FFFCA801
FFFF1DEE
FFFEC13D
0000F8F5
FFFEFBEE
FFFEB33F
FFFE7DB0
FFFD8EA9
FFFF0088
0002FED9
000164ED
0003F9B9
00021B74
FFFE69B2
FFFD5802
FFFFFF89
00023795
FFFE383A
FFFDD3F7
FFFF0560
00015425
0000666A
FFFF34A9
0001E25E
FFFD46B0
FFFDDF70
00009F25
00012B09
FFFDCDB0
0001D11F
0000A25D
FFFE37B2
0001F29C
FFFF6D80
00015858
00007CB7
0000C820
00015254
0003026B
00036B39
00017456
0001473C
000245E6
FFFFF0FA
00027112
FFFF4165
0001B630
0002603F
00002B76
0001A0A0
FFFEA2B8
FFFF653C
FFFF35D7
0003C4E3
FFFF2F60
FFFDB036
000363EA
FFFE9F8D
FFFD8034
00004186
000360E6
00056480
0000C278
0003DCEF
000088F0
0001677B
00029106
0000B6E7
00016503
0001692E
0002C8BD
FFFFD2A2
0000D4F5
FFFF4E85
0000435A
FFFF0EAE
FFFE2291
FFFEDF12
FFFDE70C
FFFFCF6E
FFFE903D
FFFD5C13
0001C5C1
00015A9E
0001EB02
00019597
000005BF
FFFFBEA3
FFFFDF79
FFFE4056
FFFE47F5
00005029
0000CED6
FFFDF801
0003ADAC
FFFE9214
0000607A
00031BEA
FFFD3AF3
0000B61B
000207B3
0000A056
FFFFAA03
FFFFC5EF
FFFE6076
FFFE31DB
FFFF1BFF
00036CD6
FFFEFC90
FFFD79DA
0001DDBA
FFFEEE0C
0002AD15
0000C7D1
0001BF23
000068A0
00016FF1
FFFD6ED0
FFFF8A73
FFFF925B
FFFE25F2
00026547
0000AA06
00017BF3
FFFB5B87
000087CD
FFFC74AC
FFFF2377
0001A803
FFFCBC1A
FFFEF255
0000D643
FFFF70DA
FFFF6B94
00005C09
00000D86
FFFE5660
FFFFE7AF
0003227B
FFFF8A65
00000A88
FFFED72F
00039AB7
0000390C
00035A8E
FFFEC4C0
FFFE2D07
FFFF1B2B
FFFF50A0
0000E9C1
0000BCB5
000365BC
FFFE4A28
FFFF5220
FFFFBC9E
00001B9C
FFFF109C
0003C029
0002EC9D
00033C4C
FFFDFD7F
00007CFE
FFFFD4DD
FFFCDC08
FFFEE65A
FFFFCA52
0001B322
0000B9B0
FFFFECC8
0001A118
000379E1
00009C78
00038864
FFFF3C40
000096F4
000162E1
00001670
0001931F
FFFCDF24
000298E5
0002080F
0000F628
0000A997
0000D77C
FFFC54DB
00008CFC
FFFEFFE2
FFFD2738
0002CA8F
FFFF122E
FFFD7C8E
00006C43
FFFF9B3B
00000D9B
00003F0C
000352D1
FFFE9D60
0002B991
FFFE2416
FFFF73D6
0000ADEA
0001B7A5
00011F95
0003333A
000028DE
0002C143
FFFC7940
000381F0
000428B9
FFFEC818
0000F1A3
00004B5D
00016EA9
0001FBDF
00007397
0001DCE6
FFFE8C9E
FFFF57A1
0002978C
FFFD8D9F
0000B881
0003E3F9
FFFFF896
FFFC19FA
000029EE
0000390A
FFFDDAED
00029375
0002821A
FFFECEA9
FFFD0AB4
FFFEF502
000217DB
0002743A
FFFE9820
00012E6A
FFFEA73D
FFFE549C
FFFD75BC
FFFF7079
FFFD1AB3
FFFEFDC1
FFFF7899
0001A205
FFFE10B4
00007941
0000A1C0
FFFE3AAF
00007E27
FFFF1782
FFFE95FE
FFFE9F2D
000220A6
00038E87
FFFDF517
0000BE4E
FFFE53E4
0000291D
FFFFF184
FFFAB22F
FFFDB3A1
FFFE63B3
0001B537
FFFC4D7F
FFFEDD7E
FFFDFA8A
FFFF7C94
FFFEF5F7
FFFFEEB7
FFFFE036
FFFEEF07
0003097B
00022039
00038440
00003284
00007FEE
FFFFBF65
FFFE346B
FFFE2A85
0000EF2A
0001173C
0002DB84
000138C6
00015FB7
000370C8
00006E06
FFFF1518
FFFFE939
FFFB9DB0
FFFF7ABF
FFFD8A76
0000F433
FFFFA43C
000235D3
FFFD95A5
0000CECA
FFFCDA89
00005149
0000FC16
FFFB4E31
FFFFACC4
0001D1A5
FFFFF97D
FFFD5C82
0000C584
FFFE9A7F
FFFE9646
FFFF8793
0002AB71
FFFF91BA
FFFED114
FFFDFFF5
00006348
00006137
FFFE5207
FFFE66C4
FFFFBD72
FFFB3DFF
00011523
0001655A
FFFE4429
FFFDFAD3
0000584E
FFFEF4B8
FFFD7B93
FFFED078
0001B427
00026FAE
FFFF6F81
0000A21B
FFFFC1A9
00016E52
FFFEBE24
FFFE7594
0000592C
FFFECBE1
FFFFBE43
00009043
FFFE7634
FFFFC20C
FFFFE086
00030625
0002FF83
FFFFFC08
00008628
00031F17
FFFF9274
FFFF8779
FFFF821D
FFFEE93B
FFFC73BA
0000E4E7
0000659B
FFFCB099
00023E86
FFFD4A83
0000D1CA
FFFEE82F
FFFEB1D8
FFFEF559
FFFFF960
FFFEC445
00009081
FFFDC79B
FFFE2321
0000736E
FFFDDC48
FFFDD137
FFFD126F
FFFD48DD
FFFFFA90
00001A62
FFFDD094
00016B07
FFFFEF03
FFFFC86D
FFFE286B
0000FD44
0001B56A
000079AA
FFFF5943
0001952A
FFFECF9D
FFFF2796
000070D9
FFFD8A17
FFFFD51B
FFFCAE08
FFFF6B94
000320FD
FFFC149B
00000706
00006231
FFFE996E
00026436
000005CF
FFFFA046
FFFECD0C
0001B032
FFFEE39E
0001E845
FFFF6489
FFFFF3CF
0000A81E
00007496
FFFF6A56
0002672E
FFFFB662
FFFE95E4
0002EA5B
0000C100
000385B1
FFFD3E98
FFFD9F8A
FFFDBF82
FFFE9F47
00013696
FFFD72BE
00001C0A
00001FF6
FFFD304A
FFFF7E63
0000BE59
FFFD35A5
FFFFC0CF
FFFE6454
0000DF55
FFFFC0C7
00009D2C
FFFD0531
00017C92
00012C27
0002A3AE
FFFF9FC8
FFFDAFB0
00013F67
FFFFAEE1
0001F040
0002B531
0000E34C
FFFE8865
FFFF34B6
00017070
00009510
FFFFD98F
FFFFFD80
FFFFE251
0001ADA9
FFFD7A58
FFFD080E
0001B181
FFFECEBF
FFFF3CB0
0001E39B
FFFCFB82
FFFC597F
FFFFC2A4
FFFDD72D
FFFE2BF5
00002006
000159A7
FFFF1489
FFFF6399
0000386F
000148DD
00007DC6
FFFEC09F
0001654E
FFFFA0E0
0001BD7E
FFFED176
FFFF4F84
FFFD69FD
FFFD0F16
FFFF6871
000150F8
FFFE76F9
FFFF23B8
00006A6F
00018799
FFFF4990
00011930
FFFF5E7B
FFFD5571
FFFE349B
FFFF3C6F
FFFF54AA
0001BB08
0000059D
00024BAD
FFFE8B9C
00012855
0001ED1F
0000868C
0000F2B0
FFFFE0AD
FFFFED17
FFFFE8AC
0001151D
FFFE34E1
00019931
0002889F
FFFE2080
000108DF
00010F93
FFFFE2FD
00009603
FFFDBBF8
FFFEDCED
00016F5B
FFFE5BCC
00046A71
00042525
00037919
0002D77D
0002C954
0001CE35
0001A1F2
0000E5EC
0000AA8A
FFFE0FF9
FFFF5A72
FFFD33CE
FFFDB59E
000043B7
0000B3B1
0000E68C
FFFDE122
FFFD7F8B
00019015
FFFE7A06
0002FED5
0000E003
FFFD74B8
000213B0
FFFF6327
FFFE6042
FFFE9EA6
00006F28
FFFD9401
FFFE9220
00007878
00005970
000144B0
00010FDA
000254E6
00015748
FFFF861D
000070D1
FFFE135F
FFFCDDC0
FFFDBD92
FFFEB29D
FFFEE91E
FFFD2B91
FFFD0A98
0000957B
FFFE1E9D
000203A4
FFFF5092
FFFE2768
00001B42
00017C70
000215F4
0002623A
FFFCFE35
FFFD8888
FFFF4194
FFFD2F47
FFFD297D
FFFE62B3
FFFE1BC0
FFFF5866
FFFDC2AC
0000C43E
0003074D
00026F95
0001BBDA
0001B819
FFFF0C96
FFFEEB19
FFFF2CEB
FFFDEAE2
FFFE119B
0000E4C0
FFFE8766
000131CE
0001326F
00005B07
FFFF5025
FFFEC187
FFFEADEC
FFFE1A12
0001ED14
0000CD17
FFFFCE94
0001CFC6
FFFD1B2C
000129ED
FFFF364E
FFFE5E2D
00009805
000315EC
FFFE77EF
00008200
FFFFD8CF
000139F5
FFFE0E0F
000121A2
FFFDF42E
00019901
FFFE33F6
00019AF6
0001CE74
FFFF13C6
00009188
FFFE97A6
FFFD972B
0001EED3
FFFEB58D
FFFBBDC2
FFFC7DDA
00004D08
FFFFD22C
FFFDDF7A
FFFE5A6A
FFFF60B1
0000A5D2
00016E77
0000DFFE
FFFF1B8F
FFFD56AD
FFFFDABB
FFFE0C39
FFFD79F1
FFFFB1F1
00004949
0003DAD2
00028E8C
0000CD4B
FFFE8645
FFFF853D
00008F48
00021616
0000AA1C
0002C9E3
FFFDE43F
FFFF2D23
FFFEBA95
FFFCCCB9
FFFEF674
00000CFC
00002654
FFFD4AA9
00017BF0
0001FA5C
0002FBC4
00003C35
0001D697
FFFED42C
0000B9B0
00014E16
FFFFABB7
00021498
0003C533
0002A3CA
0002EEC0
0001FA81
000183AD
0000F1BB
000173AF
000047D2
00017A5C
0001229C
FFFEAD4D
FFFE9CC5
FFFE8703
0001FD60
0000A077
FFFFB0D6
00001C06
FFFF5B2C
0000C266
0000E9E6
0001B439
0002307C
FFFEB6CB
0002871D
0002B13B
0001FE5E
0003339D
FFFF7C31
FFFC7589
FFFF6FB1
00021D0D
0001E746
FFFDB388
FFFD7C7D
000001D9
FFFE8DD0
FFFFEF6C
FFFF4D3C
FFFF7517
FFFD9363
FFFF1C63
0000B822
00007CEF
FFFEC654
FFFEB20D
0000F26C
0001B23B
FFFDF3DC
000272AC
FFFF5768
FFFF69E0
00017874
0001A527
FFFE5682
00013B15
FFFFD96E
0000FA5A
0001D788
FFFEA3F0
FFFE8F90
00018653
0001B913
00017885
0000AEFA
FFFF8892
0002DEB0
FFFF4F01
0001025F
00006CAC
00026C1F
0002A581
000345B5
FFFFBA10
00008A22
FFFED15B
FFFE5735
FFFF0FD1
00017E55
FFFDE8C6
FFFEB8D6
FFFEBBCF
FFFF6D83
0001A0A1
000179D6
00008F11
FFFE8A74
FFFF8CF2
00002081
FFFFDE20
00024E34
0002B478
00009D66
00032CDA
FFFFE27C
000375D6
0004A60D
0000A324
FFFF5AB7
00051349
00003D17
FFFD089F
FFFC7F33
0001B2C0
FFFE7825
000084FC
0000B725
FFFD000B
FFFC9506
FFFF118B
FFFDBA2C
FFFFA321
00009613
FFFCCE7A
00006305
0000989E
FFFEC8B9
00015C98
FFFF92F8
FFFEA416
FFFF311B
00028B4E
0001FC25
FFFF507A
0000805B
000062B3
FFFF6F3E
FFFD9B7C
FFFF28DC
FFFEBB18
00012539
000091BA
FFFF2DBA
FFFE8476
FFFF8032
FFFD1F20
FFFDC358
0002D804
0001C5EB
FFFFFD15
0000F93B
0000E001
0001BC83
FFFFC824
FFFE3995
FFFF8B93
FFFFA6C1
FFFFBBC3
0001309B
FFFF9B4D
000239EE
FFFE13D6
000416C3
FFFF45D9
0000AB6A
FFFEED2E
FFFE4C4B
00001D22
00026C4E
FFFFE0E3
FFFFE684
FFFE59C0
0000CAA7
0003DACD
0003565D
0000926D
0000B79E
00037750
0000E0FC
00032C07
0001D07F
000351EC
00016B12
FFFE3C21
FFFD3633
FFFE5E10
FFFE63EF
FFFF0637
0000D6CB
00006EA2
FFFF333F
FFFF92B1
FFFE6A00
FFFDEE65
000314D0
0000DE88
0000F639
FFFF237E
0002CC8A
0002388D
00024748
FFFFA069
0002995C
000298AB
0001D4AD
00035F00
0001C81C
00010592
00035B32
FFFE13DC
00000ACA
0000B7B8
FFFED4E2
FFFECAC8
FFFF0DE6
00003F22
000241F6
FFFE9725
FFFFF00B
FFFE3369
00003321
000009F2
FFFF66C4
00018C27
00006FC3
00021CEE
00009AD3
0001BFF3
000136E7
FFFF1F51
0000BEF9
0002968F
FFFEDCA2
FFFE85F4
FFFF8068
0001107F
FFFEE0EA
00012BB1
FFFF11DD
FFFD9B50
FFFBB194
FFFE11FE
FFFD1352
FFFF2277
FFFE4458
FFFECF1A
000050E8
FFFF709D
FFFE7406
FFFF706E
FFFF8349
FFFDCE0F
FFFDC87E
FFFF6F59
00018AE0
FFFE5351
FFFEFB85
0000721F
FFFDCBE6
00016BA6
000205F6
000100F4
0001628D
FFFD4C5C
FFFF7F2F
0000009E
FFFD0BA7
FFFF43B4
FFFDAB46
FFFE1D4F
FFFF6E3A
FFFB7269
00012EE3
0001BB4B
0001AE76
000026A8
0003DC83
FFFFB73C
FFFD7102
0000E741
000054B1
FFFD6476
FFFD5E4B
00019D32
FFFFCD4E
FFFC0B9A
FFFF5FC7
00008506
FFFDF3E3
0001916D
FFFC7B57
FFFDE4B8
0000DF39
FFFFA115
000260FF
FFFF4379
FFFFD4CD
00017432
FFFE0592
FFFFF853
0003CA96
0000D649
FFFD20E0
00002762
00004161
0001744A
0000A0A7
00002ACF
FFFF5281
FFFF21BE
FFFDAF04
0002D1EE
FFFF3AB9
00017AE3
0000D546
0000599F
00014340
FFFF21AC
FFFE6ACC
FFFDD214
0002FA8E
FFFE2BCA
00008900
FFFF003D
0001ABD6
FFFEACA9
FFFE7E81
FFFE26BC
FFFD6605
000165AC
0000F703
0001F562
FFFC446C
0001678A
FFFECA16
0002D310
0001ACC6
FFFF5A70
00007A1A
0000B9B5
00034B7E
000376C5
00006663
00020EE8
0000D7CE
000179D0
FFFDB304
00021543
FFFDA9D0
0003E0A5
0001491C
FFFCC8F7
00013102
FFFE394A
FFFD967F
0000A3A1
FFFE2015
FFFF1E9E
FFFF7EB2
FFFFE1A9
FFFFC8DC
FFFF4A9A
FFFFF550
00006CD4
000049B4
FFFD7EE5
00048E50
00029E49
0000C5E7
000026D9
0002615C
FFFD870D
FFFEB09B
000016DF
00003C14
000013E1
00000420
0001E099
0000C55F
FFFD7D49
0001C8CC
0002B4FC
FFFFFDAA
FFFFB748
000154E2
FFFFC0D3
FFFF1060
0000A681
FFFE0BA8
0001021B
FFFFB2EA
000089A8
00000437
FFFF39BE
FFFFAFF4
0002AD9F
000069C9
FFFD181B
FFFF5D8C
0000C520
FFFFDFBF
0002950A
0002C268
0000B84F
00006372
FFFEE697
FFFDD91B
FFFF0E19
00007860
FFFF1C1B
00028ECD
000292F4
0001F39C
000128B7
0001CC69
000130AA
0001FFB4
0000A1F9
FFFCA547
0001151D
0000FA33
0001D3AC
FFFFCCF5
FFFF0B77
000186B6
FFFAD093
00007A40
FFFF9B52
0001A4AB
FFFD22DF
FFFEDCB9
0000BE0E
FFFD209E
FFFD9983
FFFD777A
FFFD4627
FFFDFCD1
FFFD9628
FFFDBB06
00010CB0
0002296C
000057E5
FFFEAA26
0000C390
00016921
FFFDEB72
00008559
00009AC3
FFFD34B0
00008979
FFFFD712
FFFDCA61
FFFE9603
FFFDAB9E
FFFFFCF1
0002080B
FFFFC6A5
00002F50
00003F12
000094E8
00018916
FFFD31DC
FFFEAF38
FFFEE00D
FFFF4059
FFFEFF87
FFFCD326
00020372
FFFF9911
FFFD0529
0000789C
0001E1DE
0000F735
FFFFFE30
FFFFB2ED
FFFFC6D5
0000114E
FFFEE3E2
00013EA3
FFFDBE33
FFFFA269
FFFDFF35
0000D3E8
0001E3DC
00004BE1
0001E51B
FFFE95D5
FFFCF0E1
FFFD18EE
FFFFEC02
FFFCCCB3
0000445E
00028963
00021694
0000C1AA
FFFFF8B8
0001FA21
FFFF2065
FFFEAB6F
FFFB9D07
FFFF0CEC
00012E7B
FFFC4482
FFFE1717
FFFF30C1
FFFE4632
00008F8B
000277EB
0003A716
FFFF16B7
FFFEA287
FFFF42DB
0000F0E1
FFFEDE75
FFFE9F46
FFFEB75F
000157F6
00009F38
FFFEB867
00010F99
FFFE6F94
FFFE7F25
FFFF4610
00001025
FFFDCC0B
FFFF8A57
FFFEA93B
FFFFB9E9
FFFEA8B0
FFFEB615
FFFEDD1E
00016AC5
0001F50D
000133FB
FFFE4F74
FFFEC111
0000D4B0
0001A364
00004C59
00026FDB
0000865A
000152AA
FFFEE0B2
FFFFB944
0001B1D8
FFFD824E
FFFC1B7C
FFFD981B
FFFF7B8F
000007B2
FFFD0A49
FFFF893F
000165C8
FFFFCDF9
000216CE
000261D7
0004808A
000401CF
00020F39
0001523E
0003D211
FFFF4E1E
FFFFC818
FFFF8A40
0000E56A
FFFF87C6
FFFF3332
0002EA40
00012800
FFFD5472
0000B1AE
FFFF8F6D
FFFF32D7
FFFED469
0002AD90
FFFEF823
FFFBF889
0002D638
0001058E
0000C5F1
FFFDA013
FFFFDF0C
FFFFC3C4
FFFEB50A
FFFE79E9
FFFECEC4
FFFEF8A4
00002190
00008439
00048275
00037AA2
0001AD01
00044171
000129B0
FFFEEEA9
00011825
FFFEE906
FFFF8863
FFFFAA7A
FFFECD99
00025D0B
FFFEAA02
FFFD445F
FFFDD871
FFFC1657
0000EAD9
FFFD9A43
FFFF82BB
FFFEAA85
00000EDB
00015DC6
0000E8DC
00027776
000067C4
00014F76
0000E438
0003648A
00026970
FFFEA399
FFFF5493
FFFFF868
00002CD4
00012EEA
FFFF0540
FFFD9FAD
FFFEED70
00006602
00021A9C
000088A2
FFFE3CBC
FFFEF548
FFFF6713
00015841
FFFDF799
FFFF68BE
00003F99
FFFE82E6
FFFF71C9
FFFF1BDC
00012125
FFFE82DD
0000ABC0
0000E4D1
FFFE4410
0000DF16
FFFE79CC
FFFD1D10
FFFEEA05
00019DB6
0001584C
0000B1F7
FFFFFB30
FFFE6032
FFFF57AD
FFFF2412
0000F2B1
00012B46
00023111
00011BBF
0001EF9F
0003A0AB
00028934
000248C2
0000D1AC
0001F041
FFFFA2C3
0000305B
FFFDFF9B
0001CB42
FFFF09F3
00031AAC
FFFE72E9
0000BC85
FFFF844C
FFFF17A0
0000A431
0000FF1F
000274A6
0000D5F4
FFFEC607
000149CF
FFFDD88C
FFFFC6BF
FFFFB549
FFFEFF98
00001AB1
FFFCE654
FFFF143E
FFFFDD5B
FFFF1465
FFFD9E6C
FFFFDF33
FFFE3EDC
00015899
0000308F
0000261F
FFFE6405
FFFFB799
FFFD3782
FFFE94D8
0000F04D
FFFF34DB
00004A3C
FFFEC2AE
0001F186
FFFFFB37
FFFFDAF2
0001B92F
FFFEA8FC
0001150A
000168C5
000031FB
FFFFC291
00003493
0000B820
00028311
FFFFB11C
000232AD
0002FE0C
FFFF76F6
00000664
000310EF
0000EBCF
00021425
FFFE184B
FFFF982F
FFFE1555
FFFF575D
FFFF22AF
0000DDDD
00028E90
FFFE8B88
0000BD91
00009A0B
0000822A
00000A47
FFFEC978
FFFDF94D
FFFED428
FFFEA35F
FFFD7B56
00024813
00028BEC
FFFE9B22
FFFE258B
FFFFFA55
0002D1E5
FFFC99F3
00013D2F
00000C84
FFFE7C5A
00029C36
00002DA0
000067ED
0000731D
0001035D
00024430
0001D0C3
00016D84
FFFDCF1C
FFFE0487
0001835D
00028D4D
FFFF2DEF
0002506B
0000AD05
FFFE7249
0001C700
FFFF82B0
FFFFEE10
000049AB
000111C0
0000808C
FFFDD559
0000156B
00001C9A
FFFE652C
FFFEEB01
0000B144
0001256B
0000ECF8
FFFFFCB6
FFFDD387
000038F7
FFFDED34
000003CF
0000428A
00009E74
FFFFB9CB
0000677C
000067EE
0001718D
00001BA1
00005AA5
FFFE6167
FFFE71B3
FFFFBAF2
00007270
FFFFF03C
0002A984
000192B6
FFFE3D01
000227DC
FFFF3AB1
0000CED7
000208B5
00009741
000022E0
00003A72
00017AD4
0000A245
FFFCFC62
FFFE7B3D
FFFE8694
FFFB8155
FFFCADB4
0001FDB5
FFFF5FBE
00013728
00008CAE
FFFCB84F
FFFF3EA2
000035B9
FFFFF065
FFFF2CAA
FFFF9608
FFFD1F07
FFFDCABB
FFFE6810
FFFCF983
0001C9DC
FFFE1DF9
FFFF23EC
000378FF
00013003
0001AB94
00024CE2
00004102
00022B8C
000057BF
0002EF1A
FFFF9402
FFFF889F
FFFE4AAE
00016BC8
0000F63D
00004A43
0001AEFB
FFFCF5BA
FFFEA01E
00013B3D
00010664
0000FF64
000036C9
00012851
00023986
0001D830
00023296
FFFC4B27
FFFD1EAD
FFFD57B6
00000364
FFFD7543
00009CDE
FFFD955C
FFFED459
00009964
FFFED71B
00018382
FFFE06BE
0000C60B
0003A3D6
00016DFB
0000CD0A
00016388
0002670E
0004DC30
0001566C
0002BF6A
00040F58
00015321
000151E9
00033293
00011058
00006699
FFFEA38F
FFFD13AC
FFFF8DB2
0002FBF5
FFFC4511
FFFF7720
0000630C
FFF987C0
000184CE
0000C3EA
FFFFB122
FFFF9670
000161E9
FFFD07A0
FFFFD242
FFFEFFEE
FFFCE5F9
FFFFEED0
0000A482
00034830
FFFFE001
FFFF1E87
000167B1
0000139E
00001A00
FFFF8B1D
FFFFBE4F
FFFF88FC
FFFCD0B8
00021B29
FFFDC730
FFFB9070
00005BFC
00006178
FFFBCAD0
FFFAF8F7
FFFB3EED
FFFCAFDC
00016748
FFFF2186
00019578
FFFCDCCC
FFFD7E19
FFFD1FEF
00050352
0000CDCC
0003A396
FFFE6B2E
0001E435
FFFF7E54
0002D000
000294EB
FFFF0D17
000436B4
00011722
FFFF621B
000054DE
FFFF886E
00025713
00002DED
000167BA
0000D0FD
FFFE03AE
FFFF6F2D
FFFD3562
000116A5
FFFE5815
000295C1
FFFD6212
FFFB25A3
FFFCF2E5
FFFDA478
FFFE73DF
0001C5BA
FFFC76C6
0001D4C8
FFFF224E
FFFC8C00
00009C62
FFFCFF7B
FFFFD726
FFFE942F
FFFEAA0C
00010B1D
FFFEBCE0
FFFDAAC4
FFFF6473
FFFE3CFD
FFFDC9BF
0000E5A6
00008163
FFFFC35F
0003D0A8
000295C7
FFFD9B1D
FFFE81EA
00016DCC
FFFCEDCC
0000A61E
FFFC9E9A
FFFDE1D2
FFFDD18D
0001E101
0002871C
FFFCF577
FFFC5166
0001498E
FFFF4331
FFFE8EB9
FFFD833C
00039100
00028A84
0000A697
FFFE2154
FFFEEA03
0001338E
0000F457
00007C08
FFFD4252
FFFF0E2B
FFFEE656
FFFE59EA
0004B2B2
FFFF149A
FFFFCAF2
000218DD
000240EA
0000D0F8
0003DDF6
0000AF71
00036D83
0004F7AB
0000256F
0004A726
FFFFAC62
FFFB1EB2
FFFB2BAB
FFFEDB70
FFFF1BFD
FFFD616C
00006238
0001EB33
FFFD230E
00025F31
00030E10
000037DC
00031324
0000CF85
FFFE5660
0001001C
FFFDE784
0000EE27
FFFD20B4
FFFF5EDA
FFFE9814
00028897
0002323A
00002433
FFFF5AC8
FFFD3C66
FFFF513E
FFFD3A60
FFFCBB66
FFFD7464
FFFE90D2
0003155D
0001D254
FFFDCC52
00000F04
FFFE2954
00005BFC
00027C76
00032897
FFFE54B4
00018577
0002C0C3
0000A191
0003E9CC
00049333
FFFD4BF8
00013C5C
00019D07
FFFDC03C
FFFC8AEA
FFFFFFD7
000076C5
FFFEA8F8
0000DDC4
0002B88D
0003B934
FFFE7B52
FFFBE1E8
FFFE3130
00023E5A
FFFD5C77
0002BEB5
FFFE7C95
0000CCD2
0000B4FB
FFFE0FB5
0000855C
0000ED74
FFFE45B3
0000679B
0002CB65
FFFDFD76
0000FFFB
000305E2
0002A309
FFFF135A
0000603E
0002EFB2
FFFCC017
00013516
0000D6C8
0002A57E
0001ED0F
0000C2E4
000087AD
FFFE55DA
FFFFEA04
0000A6C0
00016175
0002BC7A
00011C29
FFFEF030
FFFFBA03
FFFFA595
000159BE
FFFFCFE7
FFFD2F96
00017E1D
FFFD3EC2
00003C34
FFFBBA75
FFFF3DAD
FFFCDDC2
00016BFF
000027CF
FFFBC82F
FFFB6D80
00020EB4
0001A352
00020308
0002C459
FFFF8AA4
FFFFA5FA
00017C54
FFFF48C9
00017389
000224DB
0004B040
FFFFD078
0000D289
FFFDD67E
0001F8E1
FFFDFD20
00004D27
FFFF5CC8
0002B30A
FFFF5696
FFFD9204
FFFF1FC1
00031365
FFFF6BC0
00018910
FFFFCC72
FFFFFB7B
0001ADF1
0002E7B6
0001CB2A
00025887
0002D30C
00010923
00008090
FFFE1371
0002FA99
00028C3F
0004F66F
0002756E
FFFDB118
0004DFCB
0002F436
0001968A
0004BEED
00031C2B
FFFDA9EB
00022E14
FFFF7401
FFFE505F
0003159A
00048349
FFFFBA3D
0002980F
FFFF6530
FFFDCC4B
00019BF4
0001A33C
000199C0
FFFF3FFA
FFFE1FDD
0002F0BF
000327BC
0000B1C4
FFFE99E0
000075D1
FFFFB766
FFFBBA09
0001D74F
FFFE072E
FFFCB68A
00015336
FFFDC9D0
FFFFCDC1
FFFFB066
FFFE7C90
FFFEFFCE
FFFD199A
FFFCFAA1
FFFF51AA
FFFE0844
FFFFC9DC
FFFE37F6
00033269
0002140D
FFFF4DAC
FFFEBD22
0000A5C8
0001EA24
0002E1A8
0001FA0D
FFFDCD1E
FFFE8D53
000354C4
0000BD98
00009F58
00029188
00004100
FFFE0764
0002B6BC
00028A55
000227BD
00017D0F
00017213
0001B8CA
FFFF2371
00016E17
0004B344
0000A559
0002CDB8
FFFEBAC0
FFFED340
FFFE147D
0001F717
FFFDDD75
FFFCD3CF
FFFCBA5D
FFFFEA50
0001BA55
FFFCA2D6
FFFD6A62
00006D71
00026278
000047C4
FFFFFB37
FFFF6D5F
FFFFB083
00038800
00023089
FFFFFDD8
0001C76C
0002B0F7
000229F0
00034754
0000F5AB
0003854A
0002C328
FFFE69FC
FFFCA257
FFFD2710
FFFF277C
FFFB66DB
FFFDABD8
00014922
FFFF814A
FFFECCF6
FFFFEE5A
FFFDC45A
FFFF23A8
0000953E
FFFCD968
00016BF6
FFFD2C94
000000B0
0000F58E
00046E1F
FFFE1BD1
FFFB6771
00032BCD
FFFEA609
FFFDB01E
00000CE6
00037CA3
FFFED3E5
FFFDEDBE
0000F5FE
000241F7
00031414
0000CA14
00024D19
0000A85E
FFFE2A5C
00021C65
FFFD2F45
FFFDAB3C
FFFF4E73
FFFFAF34
FFFD4AE1
00030906
FFFF41C0
0000E32B
000143F2
FFFFC7BB
FFFEA43A
0000CCF5
0000496E
00016121
0002946F
0000CB51
000449C8
FFFEE5B2
FFFFEB51
FFFD8846
FFFE010E
FFFD2FD3
FFFEAD80
000009E3
00029708
FFFBDF7F
FFFDF371
0001DF66
000042AD
00005D88
0003C551
00021C75
00032B57
0000FD54
FFFF8CFE
0002D6E8
0002D6EA
FFFC97A6
FFFF536C
00019481
FFFC4ACE
00020E4E
00026A23
0000A449
0002BEDB
FFFECB73
000270B7
FFFFC605
00017CFE
00018F76
FFFF23D7
FFFDE78C
00027900
FFFFCADE
0005114C
000236C3
00010EEC
00024A25
0003EC6D
000305A0
0000324A
0000A50B
0001881C
00015082
FFFDF5BF
000329F3
FFFD4D73
00020C15
0001EC88
FFFE381F
FFFDD24B
FFFFF40A
FFFFF9F0
FFFBCEA5
FFF9FC8D
0002C27C
FFFDB097
FFFCF2F7
00000C7B
0001CA7D
FFFE0F80
FFFE20F7
FFFFE71E
00024CFF
00027509
00026BBC
FFFE7270
00003D93
FFFFDBD8
FFFDF981
0000F39A
FFFFDEF8
FFFCE0C0
000098DE
FFFDE356
FFFD2319
00007324
FFFE2CD7
FFFF2183
FFFE3A2F
0000DE8C
FFFE6D60
000041A8
000112F6
0000460C
0001BDD9
FFFB57FC
FFFA3AC5
0000D867
00015315
00025553
FFFF9AA8
FFFFBE09
FFFEF6E7
00011CB9
000062E6
FFFDFD43
FFFE24A9
FFFF3873
00011B3D
FFFE7D47
FFFF5BC1
FFFC44E9
FFFECF36
00000821
FFFE7338
00003995
FFFD3495
FFFE45D7
FFFF7C97
0000E2DA
FFFDEF37
0000A13C
000189A0
0001B17D
FFFFAD4B
FFFE680E
FFFF1E18
0000C82C
FFFEF099
00009B7F
000380C7
FFFFED7F
FFFF43C5
FFFD0F94
FFFC8870
FFFEA560
FFFEA29E
FFFE4190
FFFC370E
FFFE9480
FFFCB8A6
FFFF72A2
000043D5
FFFEA43C
000179C6
FFFF43EA
00013741
00030425
0001A3AC
FFFFF385
0000722E
00021F53
00026CFF
00019CE9
FFFFC115
FFFF5C22
FFFEA065
FFFEF024
FFFD9640
FFFE88B5
FFFF7AC5
FFFD9F95
FFFE5BE5
FFFF93B4
FFFCA7E3
FFFE9F03
FFFD600C
FFFD09D0
FFFFC6C9
FFFF2780
000168A3
FFFF53B5
FFFF0CF3
FFFE3551
00003600
FFFF9F40
FFFF90A2
FFFFDBAF
00030FFE
0003D5BA
FFFF77DD
FFFE54CF
0000571D
00008105
0002C723
0000256D
FFFED862
FFFFE4B8
FFFF01A6
FFFE0385
00027D3E
00050443
0000DE05
FFFE217B
0001C9F7
0001F480
000160D9
0001C181
FFFD833B
FFFE86E8
00017264
FFFEF337
FFFEF287
FFFE8944
FFFF72F5
0000BCCE
FFFE8B1F
00002553
000162BE
FFFFB93B
00016801
00007067
FFFEDF44
FFFEF90F
00002187
0000E1ED
0000073C
FFFEA369
FFFDECE2
FFFF5E57
FFFD8005
FFFCA56C
FFFF9BE8
FFFFE17C
FFFD3002
FFFD247B
0001D82D
FFFF721E
000002D8
0001240A
FFFE5971
FFFFC1D2
FFFFE5B8
FFFDD0B0
FFFFC78B
FFFE93FF
FFFEC2E9
FFFD29B2
FFFEE558
0001486B
00001C66
FFFFA8B6
FFFD5B8F
FFFF4226
00003302
FFFFA55F
00015629
FFFE0357
FFFD51D2
FFFF340E
00001243
0001896F
FFFED996
0001B06A
FFFE302C
00015609
0000CE13
FFFDA7AC
00015275
FFFE3024
0000B0BE
FFFFC37C
00000570
0000AF95
FFFDA758
FFFF2E2D
00005B70
0001CE6B
0001BA64
FFFDCAA5
FFFFCB6D
FFFFE048
000102CF
FFFF127A
FFFF0E7F
FFFD1AEB
FFFF01AE
FFFEB3CE
0000B136
FFFE6C6D
FFFF9078
00019034
00004656
00009B89
00005CCA
00019934
00000610
000010E7
0001E062
0000C641
FFFDBCEA
00024285
FFFE2A68
FFFD0458
FFFDE1B6
00003035
00013921
FFFFF4BA
00007ACC
FFFF47A2
FFFE6383
0001F346
0000F4A7
FFFF1800
0001A29A
00005DAC
FFFFBB69
FFFFC5EF
FFFF8901
0001E2F2
0000E735
00001D71
FFFF653C
0000C8F6
000115B4
00015878
0000FCAD
FFFDDAC5
FFFF7F95
00003738
FFFF7A01
000011E8
000069C6
FFFFFAF3
00042695
0001A800
0000F4FF
00011C8C
FFFF9E94
FFFCFD1C
00013C48
00010BFF
FFFFBC46
00019419
FFFF2EE7
0000714E
FFFFF5ED
FFFDE5BB
FFFEFC92
00005CAF
FFFE9C76
FFFE9D20
FFFF4001
FFFCDAC2
FFFCB9D6
FFFEA253
FFFFBA1D
FFFD6668
FFFE36ED
0003A0DA
000064EC
FFFE10A5
FFFD6DA9
FFFF15D8
0000A196
0001581B
00017984
FFFE1586
FFFFD86A
FFFF02E5
FFFD9C98
00009711
00001936
FFFCCE70
0000F999
FFFD61BE
FFFE6FD9
0000C042
00010461
FFFF5C32
FFFE9B3E
FFFBC1B5
FFFBCB02
FFFD4768
FFFFAF46
FFFE1035
00003F04
00022EB2
FFFE977D
FFFE6194
0002511B
FFFED898
FFFEC5ED
FFFFCBAB
0000BF8C
0000B25B
FFFCAA9F
FFFEEFB7
FFFF902D
FFFF8A45
0000F5BA
00019250
00007FE6
FFFE879F
0002C832
000093F8
0002AF5A
00025554
00005534
0000189B
0000E65D
0000A86C
0000E5A1
00014A27
00002299
00007B63
00020D12
00006FEE
000116AE
0000341B
FFFF33AE
FFFFCCB7
00013952
0000CA3B
FFFF8E6C
FFFFDF52
FFFF0C56
FFFFF6D6
FFFE0B1F
00023C98
0000703B
FFFE6770
000197C5
000019FE
FFFF20BD
FFFE2B64
FFFE6E73
FFFEB375
FFFFBE6F
FFFF308D
0002CBF1
000078B5
000000DA
00024318
0002FEE1
FFFFF389
FFFEADAF
FFFEA609
FFFD34A9
0000E577
00015F47
0002CD91
FFFE6B26
FFFC6F15
FFFED38E
FFFFD62A
FFFF498C
FFFEC2F2
FFFF286D
FFFE31C1
00021334
0000FA4A
0000E136
FFFE4947
FFFD597A
000014DF
FFFDB059
FFFDCE87
FFFE7AEF
FFFE9112
00026BF0
FFFF261E
FFFF45F7
FFFE80F4
FFFF539D
0000ABC8
FFFD1EFA
00002169
000161A5
00000DB2
FFFECB05
FFFF9506
FFFEA631
FFFE2C39
FFFFA0A8
0000F29D
00005CB2
00012C18
00006FF4
0002387E
000186B7
0000D7D6
FFFD57DA
FFFF74F3
0001A34C
0001EDBB
FFFF9A94
00021E99
FFFF36AE
00034B0A
00006DC2
0001979D
00018492
00005A48
FFFFDEDC
00016428
FFFE3715
0000193A
FFFFB0C9
FFFE0055
FFFD56D1
0001B6A5
FFFE61B6
FFFEF52C
FFFE0A07
00009146
0003997D
00018139
0000E9F0
00020298
00036E9E
00002068
FFFDB36D
FFFD7231
FFFEF803
0000FA6C
FFFF540C
FFFFFEDE
0000399A
FFFF9C9F
00031BA6
0001BB68
FFFFA485
00015228
FFFFCE92
0002C4B9
FFFFCFBA
0001E796
FFFE0439
FFFD7F96
FFFE7A82
FFFF86E7
000071FA
000039C4
FFFCA96A
FFFE9949
000129A8
000083BA
FFFBF069
FFFEF862
FFFFF38E
00002315
FFFF3E46
FFFAED90
FFFED10E
FFFF24C3
0001A7AB
FFFE588D
00028533
00020997
00011590
FFFEB280
0000DFCF
FFFF0166
FFFD2672
FFFE19F6
0001C0BE
FFFE35B2
00022E35
00002E26
FFFFADAF
000165D3
000255CB
00024E4C
FFFEDB91
0001AD6B
00017189
FFFDF23E
00010610
FFFF72FD
FFFFBC50
FFFE51B6
FFFDDC42
FFFFCE50
00007A4A
FFFF918B
00001DA4
FFFD0C11
FFFE035E
FFFFC7BF
00019C9D
00002D4D
FFFE7237
00002848
FFFD98E1
FFFF26B0
FFFE2EAD
FFFE7BAE
FFFF6668
0000C499
0000F92E
00006C58
000038E4
00025839
00001CE1
0000B613
0001465B
00006F7D
000097C7
00009952
FFFF41BE
00009476
0000A1E5
FFFFCFAE
0001D55F
0001AE2A
00006E88
FFFDD083
FFFFFCD0
00017528
FFFCA1E4
FFFD8345
FFFD4A6E
FFFE99DB
FFFFC186
FFFC6EB7
FFFD365D
FFFF7568
00007C96
FFFCE9BF
FFFF78E0
00016776
FFFC5D85
00008B47
FFFEC087
00001727
FFFFE2C4
000052D1
FFFFA176
FFFF0050
0000293D
FFFEFDED
0001E149
0001F116
FFFFCEAA
0001E9E1
0000BBCE
FFFE1488
00003A39
FFFF9658
00019C04
0000324F
0000B477
0000C2AC
0001E6BF
FFFF21C2
00016EF6
FFFE4880
FFFE91ED
FFFF5E97
FFFC22B8
000219F1
0001339B
FFFD1439
FFFF1B34
00012049
00025D83
0003A6B6
0003045E
FFFFA7BB
FFFF4ECD
FFFDA5F5
FFFFC9E6
000014A1
FFFF0954
FFFE9D6E
00000586
00015A2C
000087EE
0000336D
FFFD76B6
FFFC02DD
00013961
FFFF56BF
FFFE710F
FFFE510B
FFFE9B6D
FFFCD637
FFFEF0D9
FFFF14AD
000121D2
FFFC8D54
000209E6
FFFC29EB
FFFD7D14
FFFEF324
FFFFE6BC
FFFE0BD5
00000CB9
FFFDCBC8
0002B89F
FFFBE106
FFFB228A
0000851E
FFFF127F
FFFFEEF5
FFFC674E
FFFB96F5
FFFFDE36
FFFF91A0
FFFCD638
FFFC0BF9
FFFE0E40
FFFBBE34
FFFC9C73
0000125A
FFFF95E3
FFFE7987
FFFE72C9
000069A1
0000F16F
0003C070
00007432
FFFDC103
FFFE0F2B
FFFE6E36
00022FDE
00020969
00015312
0001BE13
0001B8B6
FFFF9B44
0002009D
FFFEEF49
00029AC6
0003A11E
0002EA44
00036307
FFFC73A7
00016C64
00014E11
0001C9AE
0001630C
00031FAF
FFFDC87E
FFFE95A8
FFFD7370
FFFE3953
FFFC4B52
FFFDA40A
FFFA082F
FFFDF586
FFFDAEAC
FFFDBEAC
FFFFCC3E
00018427
00007CB3
00023F83
00030118
0000C175
FFFF9C15
0002268F
FFFFA9CE
FFFC4852
FFFD5059
00019A60
00017A73
FFFD97AF
FFFEFA15
0000F8E5
FFFF0D14
FFFFB065
FFFC38CF
FFFB84B6
FFFE62FE
0000DD21
FFFEF3FA
0001893B
00007EBC
0001BB1E
0003FF00
0002CB6A
000259A2
FFFBB6F6
FFFF8A46
FFFBD043
0000BBF4
00027C13
FFFD58E8
FFFF2B96
00023710
FFFF6B5A
FFFD9EB6
FFFDEE52
FFFF5204
FFFE75F4
FFFDAE05
00007454
FFFDEB4C
FFFC9D0B
0000EC5F
0001E501
FFFDD16A
FFFF013B
FFFAC3C8
000292F7
0001D426
FFFD1430
FFFC74A7
0000E718
FFFD9B84
0000D163
000018AD
FFFC25B2
00018869
FFFCD8FC
000168B3
FFFE28DA
00033BE3
FFFDE09B
00029F88
FFFFFE9E
00009B69
00033BF0
00027573
0003B41A
00045AA0
FFFE8122
FFFEA2BC
FFFFA5A8
FFFF6390
FFFC4426
0000C95A
FFFDC528
FFFC665F
FFFEE3BB
FFFC6FD1
FFFF8A27
0000B0DF
FFFB2C04
FFFDC0DB
FFFB68ED
FFFC1980
FFFC15CB
FFFFC8B5
00029D18
FFFA8E89
FFFEDDCC
00002566
00014C68
00016DFD
00020316
0000CAEA
00004D5A
FFFC8ECF
000042CE
FFFFC11C
000206C2
FFFE5340
FFFFB4F4
000007D4
FFFF1D5F
FFFE11DA
FFFEBD78
00018DBB
00027F5C
FFFF7F64
FFFFDC6B
00030335
000029A6
FFFEB174
00008F15
FFFF3B58
00020923
0000F678
0003EFF5
FFFF4249
00016A11
0001EE01
FFFECFC1
FFFCCD0D
FFFEA857
000106CA
FFFECBF3
FFFDC272
00009B4E
FFFCE839
FFFEFAD0
0000EBA7
FFFF6BAB
FFFFF6D8
FFFCAF63
FFFBF960
FFFD37C8
FFFB4198
FFFEE064
0001EF87
00015130
FFFF75C8
FFFDD694
00026FC2
00024563
000092FE
0001ED65
FFFF6248
00024BF0
0005388D
FFFFD0DF
0000647A
FFFF0002
00022A3B
00036487
FFFEE4C1
FFFE2561
00027D60
000370CF
000304BE
FFFFF5C6
0001B321
FFFF2593
FFFD032B
00013853
FFFED9BD
000168A2
000316F5
FFFCAE37
FFFD3E2D
FFFEE7DA
0002AD5C
0002651A
0002E177
00003D30
FFFD54B4
00014DB4
FFFF50D0
0000FE72
00041746
FFFD9D4D
FFFDA268
00032CE7
00027333
FFFED4E0
FFFF9B1B
0000A91F
0001D5B9
FFFD5640
FFFE6D05
FFFE7D94
FFFDA0F9
FFFCC749
0000297E
FFFFBED7
FFFE4437
FFFEDDE2
0001EEB2
0004918E
000079D8
0002A7F1
00025DC6
0000F69F
000105B6
00017BD8
00003815
0002BDBA
FFFE7474
FFFE9A89
FFFE6CD5
FFFC9E73
00007BBA
FFFED38A
FFFCB411
0002DC54
0003F37E
FFFD64DE
0002D3E2
0003363B
FFFEE095
0000DA52
00024F92
0003583D
0000418E
00003406
0004B262
FFFFD4D1
0000B6E1
000132B8
0001498A
0002B2B8
0001C8AA
FFFC6A24
FFFD2B83
00003D12
FFFE1573
FFFC7CE6
FFFCB6B4
FFFD71CD
FFFE55F8
FFFEEA79
00015792
00026D1A
FFFE7585
FFFCCECE
FFFF8441
0001B556
FFFB954C
0001B12B
00001F9F
000223AE
FFFE132D
0000D198
0001C5FF
00013993
000310B5
0001C09C
00023F66
FFFE98E5
FFFB6626
0002CBE1
FFFD535E
00006296
FFFF6628
00007807
FFFD8FE6
FFFD53AA
000026B0
FFFF5525
FFFCB45E
FFFF2B20
FFFFD8EC
FFFCBD1C
FFFEF67A
FFFF7237
000363DD
00007DB9
FFFF61C6
00028F8E
0000AE76
FFFDCC4D
FFFF320A
FFFEC73C
0002DA65
0000EF0A
FFFF09A3
FFFF17B0
FFFE78D9
0001F430
00041911
000452C2
FFFECFF2
00024741
0000B165
000553DD
FFFF019B
00023FF1
FFFE0D51
FFFEA700
FFFCE029
00018CFC
FFFCFD1D
0001F4E0
FFFDC391
000056E4
FFFF2256
FFFD25AF
FFFE85A2
00009B89
0000B5EE
00008371
00004CCD
FFFE81FD
FFFE860C
000324E2
FFFF9FF3
FFFEA7F6
FFFF0282
0004B7C1
00021252
00014CBB
FFFDFF2B
FFFF6180
FFFEE46E
0002C5FA
00018A77
00028360
0004D96A
00035029
0002A29E
000171D3
00007CD2
0002B061
FFFE64A1
00010FB9
FFFFC7EB
0000ADBC
0000E9FD
000285FD
00007695
FFFDEE9B
0003E290
0001E37C
0000BA43
00009E84
0003DB96
00040810
FFFF707F
0004C6B6
FFFDF222
0001D9C0
FFFF8FE6
000377EC
FFFFADBE
00003CB7
FFFDE94B
0003BCA8
0000396C
FFFF86A7
000062F6
00016B2A
0000BBF6
0002DB1A
00000F85
00014AD9
0001669B
0002EA91
0002843F
00036B72
FFFE84B2
00006A19
00017DFA
FFFF300B
FFFCF8EE
00014ED5
00042FF4
FFFC7B44
0000BED0
0001999A
0001D206
0001ED5F
0001E0DF
FFFF08A1
FFFEF68F
FFFD6ACF
0002BA78
00013507
FFFF666B
FFFECE85
0002EBBB
FFFE1770
FFFF26C6
00041EAE
000305FD
00010807
FFFDE466
FFFD047B
00012500
0000A444
FFFFB148
00008EDD
FFFE61F5
FFFF4919
0003FE68
FFFC16CD
FFFE61E2
00021461
FFFD90A1
FFFCE1E5
00030A58
000261FE
00015BEB
FFFDF431
FFFCE2AD
FFFA5437
FFFCBAF7
0000928B
FFFDD22E
FFFC56B9
FFFB6B58
FFFC956F
0000944A
FFFFFF04
FFFF49D5
FFFEE229
FFFF36E5
00016EA3
FFFE9FF4
FFFD2E06
FFFE0CF2
00005518
00009833
FFFFCD7B
FFFFB160
FFFF0296
0001CC80
FFFE2072
0000DC21
FFFC7870
FFFD1A1A
FFFAF552
00013C6D
00007EBA
FFFCC649
0000568F
FFFD0FBA
FFFEA707
FFFC83DA
FFFDED14
0001AC31
00001E47
FFFF3694
0001617C
FFFD16B9
FFFF9709
FFFE9CA1
000030C1
FFFE2047
000129D3
FFFF066B
00030AF9
0000802E
FFFD059E
FFFE3351
0002DCE2
0002E928
FFFF7449
FFFFEFD4
0000FA2B
000015FD
0000F882
0001416D
FFFF4C39
FFFDEEAE
FFFECAC3
FFFF4ED2
FFFB7D90
FFFFEE25
FFFC928C
FFF9AB94
FFFB6C82
00000246
FFFE9AD2
FFFC11F0
FFFEA2F0
00017EB4
00003A9C
0002B365
00005EEA
FFFD41AB
FFFD722B
000097DB
000033B1
0001B58B
FFFE85BC
FFFF7278
FFFE9A21
00018994
FFFFCFF1
00025F8A
0000A507
00005D27
FFFF7883
FFFEA286
0001CF85
0001045A
FFFCFE3F
000101DF
FFFE428F
FFFE7EF2
0000D561
FFFF19C7
FFFF63E5
0002C875
0003B090
00019EC2
0000B125
FFFF733B
0001BCFA
FFFFB3B9
FFFE3E7A
0000B92D
000078E9
000186B6
0000FB14
000218E0
FFFE18E1
FFFF3C90
FFFFA71F
000049E8
FFFDE572
FFFD7388
FFFF4459
FFFFAAC8
FFFAF8DF
FFFD2D49
FFFFC609
FFFF2DF3
0000C194
FFFF20E2
00003970
FFFF2F7D
00028D4F
FFFF3908
FFFFAAE7
FFFFB26B
00003D62
00021F38
00018177
00008D93
0000D651
FFFF3E3B
FFFF70CE
FFFF31BE
FFFE5E0F
00004AA4
FFFF3EC2
FFFE851F
FFFDD36D
0001C3B5
0001D521
FFFC1A14
FFFFA2DC
FFFF415E
FFFE3113
FFFC72C5
FFFE2FA5
FFFEC78D
FFFE0353
00007BC9
FFFC8A88
FFFD383C
FFFD0F49
FFFDB131
FFFDE23F
FFFF0753
0004885D
FFFF49D5
00008A55
000222A4
0000F997
0002B5DD
000361F1
FFFF6556
FFFE2379
FFFAEF61
FFFC9FF6
FFFD1664
FFFE591C
00001943
FFFDBFC6
FFFC527C
00017853
00005804
FFFCFB4E
000086D9
FFFC9732
FFFF1923
0001054E
FFFF7A29
00010EDE
000183AD
FFFD3474
000102C5
00030639
0000E542
FFFCA8F7
00030047
0002583E
0000B320
FFFF5FD7
FFFDCFB2
0000507C
FFFE4D31
FFFF526F
FFFF1DB9
00012EBF
00003D7B
FFFDA182
FFFDB02A
FFFEE6EF
FFFD77C9
FFFD38F0
000015A4
FFFBD0C4
FFFCD0F7
FFFEB113
FFFDCEEF
FFFE20C1
FFFFEF2D
FFFFA779
0001CF83
FFFCDE9C
00008CEA
000184AF
FFFDAA74
FFFFC197
FFFE65FA
FFFDDC8B
00008467
FFFFEC0C
FFFFA37D
00002DD0
FFFF480E
FFFCA3F1
00006C14
00008D17
FFFD8F34
FFFD605C
FFFE25B7
FFFD354D
FFFDE8D6
FFFFC626
FFFFE6BA
FFFEB0A6
00009B26
FFFF605E
FFFFAE41
0000B233
FFFF84E6
0000EEE4
00015345
0001CEDB
FFFF9D42
00008B0E
00003757
0002EB06
0003D90D
FFFFFF98
000003CD
00035CC6
0000C6EF
0001A791
FFFD6E1E
FFFDBD2C
FFFEE256
FFFD16E7
FFFD344B
0001810D
FFFD490D
FFFFDDF2
00008DE4
FFFC8D21
FFFCE81F
00007275
FFFC37FD
FFFC5C18
00001EEF
00020E6C
FFFD6AFF
FFFDEDD7
FFFE0354
FFFCC667
00014964
FFFF3AF7
FFFF6E5A
00000FB7
FFFF41F7
FFFFE68F
FFFFDE7A
FFFF5473
00008BB0
000001E9
FFFFA27C
FFFE21D3
FFFEA78D
FFFE874B
FFFFFCFD
FFFF94CC
FFFF53B8
FFFFB258
FFFD73E1
FFFC5152
FFFF0B29
FFFFD365
FFFF8E20
FFFDCEE7
FFFD7590
FFFEBE34
FFFF0C5E
FFFC2C62
000089BC
FFFCAB31
FFFE8D97
FFFCF137
FFFE0E10
FFFCD7E1
00011227
00009DB9
000478E5
0000A696
0000F035
000165BF
FFFF2F7E
00014DB1
00016688
FFFF20BA
00013FF9
FFFEFF85
0000669E
FFFE81DC
0000423A
000186A5
00021CE5
000221F3
FFFD85B0
00019EB9
FFFF0982
0004B44E
00009631
FFFFABD6
FFFE9D5F
0000E9EC
FFFF8AE6
0000B1EC
FFFE92D6
000111F2
00002FD3
0002663B
0002C464
0001CEC7
0000C5AF
0001549C
000204FD
00001819
FFFD4B91
00018E7B
00001BA1
FFFE39D5
0001733A
00033B16
0001FDBC
FFFFF9BC
00012F5D
FFFF507C
FFFE4019
FFFC5614
0000E354
FFFF1EBE
FFFEF3AE
0000ABBB
00021827
000136AE
00005373
FFFDC91F
FFFE1472
FFFEB59C
000095DF
FFFE06D3
FFFF8B58
000133A9
FFFE2FAF
0000D405
0000540D
0000B806
0001946E
00011D6D
0001E4DD
FFFE671E
FFFF350C
0000E016
000042CB
0000F9C9
FFFE8FBE
FFFD7358
0000BEE7
FFFDE2A6
FFFC8FE7
0000232F
FFFE5D02
000076B0
FFFDC8A5
FFFD316E
00014B4A
FFFE4C48
00004588
FFFEC857
0000AB81
00031A78
0001D491
FFFE3CE3
0003A559
FFFF66DC
FFFF983F
FFFE1060
00039C99
000239FE
00031F90
FFFFAB56
0000956A
00015F1B
FFFF4CE1
00039D72
000044D0
00012059
00022714
00025255
0001A661
FFFDCFF3
0001A237
FFFEEBD9
FFFF6871
00000C9D
FFFE3B8E
0002F38B
FFFE00BD
00009EDC
0004816A
FFFEBC22
FFFFF2B6
00006BDD
0002BC91
FFFD94E2
FFFF5616
0001239B
00025702
FFFEAAF9
FFFCEC3A
FFFF07F1
000234D5
FFFFAD52
00005F4D
FFFFF266
FFFF549F
FFFF4E4E
0002754C
FFFF0F3C
FFFDC536
00008D63
FFFD8E48
FFFCCD65
00012F2E
000121EB
00009CC2
FFFF8AD6
00025D04
FFFDD7C0
FFFD9610
00007AC0
FFFFA99D
00002829
FFFFBAAC
FFFDA940
00019F70
00009D9F
0000BEB7
000303D2
0003EBC0
FFFF0328
00008544
0003711B
FFFFA575
FFFF49F5
00020447
000089DE
0001E8F7
00012544
000105EE
0001F712
000050FB
000517E9
00000CB3
FFFF9DD3
00039E40
FFFEE85D
00037D82
000489F1
FFFED1DF
FFFFDC79
FFFD8A4D
00009EF2
FFFFF923
FFFF1E89
FFFE168C
FFFFC5AC
FFFF337D
000172AA
00002598
FFFE850D
0001105D
0000092D
00007780
FFFE025F
0001CC62
00015F8F
FFFF2D5A
00023488
00015739
000225AA
0002EDAE
00005563
000204DA
FFFECA84
0001AA98
FFFE0C8C
FFFCE985
FFFC4EA5
FFFF1265
FFFC0303
FFFF4CE2
FFFFEE71
00011F1A
FFFE6E75
0002C9F2
0001D486
00008CB5
00032608
FFFEFA01
00017488
FFFE4451
00025BCD
FFFEEE68
00003F42
0000DB5E
00013560
000162F6
FFFEBD85
0000C0DC
FFFFEAF5
FFFE99B3
FFFDA321
0000B98A
FFFF9630
FFFE7C75
FFFFE869
FFFEB3C1
FFFEA8E2
0001FE14
FFFD8731
0002575B
0000E571
00016A2A
FFFE5FC0
FFFEBC01
00022229
FFFF2851
000011DC
000120C3
0000F55E
000149E9
0000341C
FFFE1B28
0001E9C4
0000C956
000368ED
0002302B
0003DED1
00008493
0001880E
FFFF18F7
FFFE1077
FFFD91B0
00003AEC
0000AF4D
FFFEF227
000113E5
0000B301
00004352
0000C297
0000F7BA
FFFDDAC8
000184D0
00024BD2
FFFFE8B0
000169E8
00029BB1
FFFD725A
000149F9
0000C76C
0000542E
FFFEADA7
FFFDFB96
FFFF275C
0003404F
00016873
FFFDA3EA
FFFF1BA0
00006B39
FFFE36E6
00008480
FFFE1BDF
FFFDF365
00012B60
FFFD3C56
0000975A
00019C79
00015D38
FFFEA216
0000CA5F
FFFE7C4E
FFFEDCEB
FFFECCD4
00014812
FFFE2929
0001246E
0001FE95
00019D7F
000066A8
FFFFCB21
FFFE66DE
00012EC3
FFFDE61C
FFFFB715
000167C9
FFFD176D
FFFEB92B
FFFE8DC2
FFFF3FEC
00001563
00003CD5
FFFF20BD
FFFEE4A8
FFFEAAD0
FFFC3394
FFFEF440
FFFD456A
FFFDC2FF
FFFFDC01
00021EE1
00000CB4
00010FD1
FFFEBF8A
0002542B
FFFFB021
FFFF1F15
FFFDBEBB
FFFFC192
FFFE7BB8
FFFF3C3E
FFFEAE2D
FFFCFD1A
000008E8
FFFF698D
FFFF4256
FFFDCC06
FFFF9F7D
FFFE79A9
00014657
0001D54E
FFFFE4B7
00047D2A
00023143
000002B2
000106CC
FFFE39FA
FFFD7785
0001573B
00036FEF
000235B7
00036412
0001C842
FFFEA9B0
FFFFCB0D
000418DE
FFFDC522
FFFEAE85
0001900D
FFFD637F
00019A0D
FFFFFF7C
00007C68
00028B58
0002E85D
0000946D
FFFE23C2
FFFE016B
0000373E
FFFECCE0
FFFF9DD6
FFFD5FB5
FFFFD26A
FFFD32CB
00006A8D
000190CD
FFFEA263
000246D4
0001269C
FFFEBF0C
FFFECC5F
00000D76
FFFF89D4
FFFEDF42
0000F4F0
00007B2E
FFFC80D6
FFFD9F74
0001E675
0000F82B
00016855
FFFE5F2B
0000F16D
FFFFD007
0001313D
00013B63
FFFE3888
0001B969
FFFB11E1
FFFE5387
FFFF587E
FFFEE4FE
FFFE106C
FFFE8AFF
FFFC0288
FFFE65AC
FFFF6D86
FFFC54C6
FFFD2C68
FFFE3B77
FFFBA2B4
FFFF2C23
000158E5
FFFEE7C8
0003F81C
00022016
00024E85
0001C32D
FFFF3262
0003C7AD
0000FDCF
FFFEF94E
FFFF43F7
FFFD486C
00004563
FFFE2094
FFFE01C5
FFFECC52
0000BFFE
FFFF470E
FFFC743C
FFFD3B88
FFFE02C7
FFFBE6FD
0000D406
0000122A
FFFDC7E6
FFFDEB96
FFFDA2D6
0002E42F
FFFC6D26
FFFE1026
FFFF2EF7
FFFE2C1C
0000B2BC
0001E75B
00023266
FFFFFC79
0002C4BA
FFFC58EF
FFFFB830
0002D7F9
00001202
00015249
FFFE97DB
FFFEF295
FFFDA6EC
FFFCB729
0000A314
FFFDFFFA
FFFF21CB
FFFE94D1
FFFCCFD1
FFFE38E6
FFFFEE5F
0000BC57
0000A2B7
FFFD7D3C
FFFD71C4
0003DE3C
00008638
000266CB
00006E1E
00006A23
00023559
FFFEEEF8
0001DA66
0001F9A7
FFFD354C
FFFFFCC7
00006E51
FFFE9094
00008757
0002420F
FFFED916
FFFE7D07
FFFB4224
FFFDC390
0000F428
FFFDE7F0
FFFD3FD8
FFFD9AD1
FFFB75B1
FFFE1E5F
FFFFAEEF
00020C34
00008947
00006EC6
00025B4B
FFFEADB4
00018720
FFFD3257
000188B7
00018476
0000AB70
FFFFC66D
00019368
00009A59
0001C3C4
0000B79B
FFFEF2AC
00028380
00019FF0
000300CA
FFFF3790
00000786
0002AA64
FFFE8816
FFFEF9AA
000370B7
FFFFEB9A
0001D192
FFFE00CB
FFFF4ACA
FFFF04B0
0002390D
FFFD9E55
FFFFC31A
FFFDC680
FFFF906E
000080AF
FFFE47EF
FFFE6928
FFFE8C69
0002F15A
FFFE54E2
FFFF6A5E
FFFDCCD9
00027727
FFFDF480
FFFD544D
000235AD
00011ADE
FFFF332F
00008D46
0002628E
FFFC203E
FFFE9754
FFFEF26B
FFFDBE9E
FFFE44AD
00034A76
0000A312
00005A9B
0001A9A7
0002D915
FFFA94AE
FFFB4978
FFFCD167
00008CC8
FFFEE021
FFFC17F1
FFFC45A5
00003983
0001034C
FFFF069F
0002B886
00017F8A
00012D97
FFFF69B1
FFFE23C6
FFFD43C2
FFFE6E7A
FFFC1D8F
FFFEE9B7
000097AC
000330A7
0003B2F7
00033EB7
0003365F
00000050
0002CB51
00037C96
0005864E
00040ED6
000207D5
000388BC
00053D40
0004B9D6
0003EBDB
00000857
00017D46
FFFFF127
000233AA
FFFF3987
00036FA5
FFFE1B15
FFFDC43E
FFFE9551
00025D96
FFFE133F
00030340
FFFE7E34
FFFEB380
FFFF806D
00007909
FFFF7453
FFFF2AEF
0000D8D7
FFFE6AAC
FFFDCB98
0001407A
FFFFC5EC
FFFE9B72
0000A328
FFFE6C71
FFFE18B4
FFFDFC9A
FFFFF2F9
000248BE
FFFE07BB
0000A1A1
FFFF5C5F
FFFE0ED9
FFFCEE54
0000D8A9
00014F6C
FFFFEF52
FFFE391A
0002A7D8
FFFE5EBD
0001F9C4
FFFF2746
FFFFB3F7
FFFEE6B9
FFFE7555
0000C786
FFFF869F
FFFFDC44
FFFD64DE
FFFEBDA4
FFFF717B
000074AA
00021F2E
FFFEB85C
0000CA6D
0000AAD5
FFFE556F
00024BCD
FFFFE819
FFFF8CA7
FFFFA797
FFFEC8CB
0000A8ED
FFFFD474
FFFEE486
00019BAD
00048AAC
00005CF0
0004C3BE
00020B8C
FFFE925A
000250C6
00056433
0000440B
00017AF9
0002343C
0001A159
00015A2D
FFFD449A
0001E5E4
FFFCD4BC
FFFF62CE
FFFFC36A
FFFFB177
FFFDB213
FFFD6071
FFFD7B84
0000E86B
FFFDF1DD
FFFE76DC
00024BD1
0000D3AA
FFFDA022
FFFE8F3A
0004591D
00019F06
FFFF1458
0003DA85
000199F0
0002620E
00005D79
FFFFA1CF
FFFF8804
FFFE9C59
00029C54
000044F2
00014E09
0002E933
0000E678
00015745
0001ACF0
FFFF72A3
FFFD14BC
FFFE20D1
FFFEDD9E
FFFEC002
00002DFE
FFFE4016
FFFE5D0C
FFFF3BEC
FFFE2D78
FFFFD6EA
FFFBDFDE
FFFC254B
FFFC34C8
FFFBABB7
FFFFC75C
FFFEC6A3
FFFE98D3
FFFF0A68
FFFC42C1
FFFF053F
FFFED1F2
000082A0
FFFCC1D2
FFFA842C
FFFF9A51
FFFEA6F4
FFFFC045
0001AD48
FFFFBE35
FFFE7DF1
FFFE0B90
FFFF37A5
00000D37
00004981
00007237
00002D5B
0001D138
00023164
0004C89F
0000ADCB
0000F35B
00004601
00004D45
FFFFF391
FFFFB244
0000580B
00007DA0
00021689
000008EA
0001236F
000130AE
FFFF1EEB
0001A49B
0001608C
FFFEFCFB
FFFF5A69
000407C7
FFFEDF3C
FFFF1B5D
0003366A
0000D21E
0003DA5C
00018174
FFFFD16C
0000D9C6
00031446
0000776C
0000EE1B
FFFFC1DF
FFFC978E
FFFDB176
FFFCC7E5
FFFB97B8
000051F6
FFFD3131
FFFADA92
FFFE0EC6
FFFD72EC
FFFFE198
FFFFCE6D
FFFF68D1
0000A6EB
0000DE64
FFFD54DF
FFFF1709
0004795D
0002730B
FFFEB82D
FFFB8E8F
00010C14
FFFEC2AB
FFFCD1C6
FFFD5EFE
0000C7B4
FFFCFB3C
FFFF3013
00004C35
FFFCC004
FFFCB7F4
FFFD64CD
FFFE1143
00012E03
FFFD3536
FFFF4064
FFFE0A83
0000123C
FFFE0B58
FFFE37D4
FFFC29CE
FFFDDA00
FFFD6197
FFFDA018
0000450F
00024B36
FFFFB237
0000137E
0000B79C
0004A5C8
FFFEEFF7
0001C83C
0000A91F
FFFE2069
00001D68
000228A9
FFFDDC63
0002033A
FFFDB8F2
FFFEDE51
000052D3
FFFFC779
FFFF1E0A
0001101D
0000D9F1
00010BB3
00017A9E
0000571E
00016862
0000871E
FFFF4FBE
00021D90
FFFFA24D
FFFE6AD2
FFFF74E0
0002A769
FFFE361C
0001369A
FFFD3FCC
FFFE2C79
00012220
FFFF2934
0003058C
FFFE2FC4
00023D52
0000EE68
00015EE5
0001D001
00017F9D
FFFD8F00
FFFDE056
FFFBD993
0001EBE0
0001C0D7
FFFEA5A2
FFFC90EE
00000C91
FFFE24FC
FFFED70A
0002CF72
0000729F
FFFF7F82
00025B8D
FFFBF5BA
FFFED527
FFFFD0FE
FFFDCECC
FFFF7BF2
FFFDD5F2
00012C9D
FFFD9755
00007A6B
FFFFDCB0
000241C5
0000F229
0001AF9F
FFFF43BA
FFFD311E
00021860
00025119
FFFE6474
00049DC7
0001F579
FFFED6C5
FFFFA628
FFFFD9EC
FFFD70F2
FFFE86E2
FFFFB2CF
FFFD6CCF
00013EA5
FFFFC00A
FFFFDBDE
0000AD29
FFFE78AC
FFFEB245
0001DF0B
0000D17A
0000C52F
000042A3
0001593E
FFFF552F
FFFDB214
FFFEAA8D
FFFD775F
FFFFB85C
0002C25F
FFFE66D3
00013F8D
00012DF5
00015EF8
0001262A
FFFFB84C
FFFEB484
FFFDA68F
FFFF11DA
FFFD2FE8
FFFD2512
0002A1A4
FFFE3967
00000451
0001BD93
FFFEDAFB
FFFF9241
0001B2AC
FFFED6A8
00005F06
FFFF3753
000046D9
0000027B
0000B810
FFFFCF5B
FFFEE3B7
FFFF9C92
FFFF37D5
FFFF5C46
FFFE3675
FFFCA2C3
FFFD1633
FFFCF9DD
FFFF0E3E
FFFEBD54
000315EA
00022CFD
0000638B
0002AD06
00019112
0001F79C
0000F001
FFFE4182
FFFDBD60
0000ADED
FFFDC991
FFFEB7BF
FFFF25AF
00010FA4
FFFDD114
FFFD7A6A
FFFFE7EF
FFFF846B
FFFF9C10
FFFE06F3
FFFD63F6
00043437
FFFF4C55
FFFC94EB
0003C087
FFFEDF3A
FFFF5CD0
0000A32C
00006B0D
FFFE827A
0000681F
FFFDBA37
FFFD6EAF
FFFE81D8
FFFFADF6
FFFFC36A
FFFFF65A
00032ECD
000189D3
000035D0
00013E53
00023612
00026ECB
00008544
FFFEFEDD
0000C3FE
00027BDA
FFFD2BFA
FFFD1495
FFFEA1A2
FFFCE6BD
FFFE7CDC
0000BA81
00000190
FFFD5DD9
FFFE84F8
FFFF778E
FFFF54DF
00021BB8
FFFE5FB8
0002C5E9
00000BFD
FFFFD2F5
000325DA
0000AA4C
000154DC
0002BD61
0002B73A
00006498
00006A17
FFFF606B
FFFB1176
FFFF832D
FFFF5CD6
FFFD4315
000044FF
FFFF7D0F
FFFC62AF
FFFE905E
FFFE23D7
FFFF8BDF
FFFD12C4
0001689A
000127B6
FFFFDA33
FFFD2007
00013D7C
FFFD823C
FFFE1511
FFFCAD66
FFFEBC41
FFFD1154
FFFBD07F
FFFC69B2
FFFE2FAE
FFFE7EC9
FFFD9B99
FFFF87EC
FFFE7F36
000082D4
00015152
FFFD337C
0000266B
FFFD8288
FFFDD310
FFFE719E
FFFFAA99
FFFD3D19
00031541
00005123
FFFE0BB8
00022E1C
FFFEF793
FFFC541E
0000B00C
FFFF6B8B
FFFEADAF
FFFF76A1
00011A0F
00009093
FFFCAC2E
FFFFC24A
00010B88
FFFE1293
FFFF6A46
FFFEB886
FFFF0636
FFFD3129
00002F31
0000A8DF
00018998
FFFD73A7
FFFFD955
00005545
00037BAB
00022EE6
00015D72
00010B9C
00017ACB
0002361A
FFFD2F9F
FFFF97EA
00017426
000468D9
000267CF
000067B9
000275F2
00021E47
00035ECE
0002EB8F
00025DB8
0002F78E
0002F26B
0003453E
000037A6
00008386
0002523B
00028546
FFFD3CBE
0003B635
FFFFD20A
0001E09D
00038A6A
0000AF37
FFFF8391
00028111
FFFEB019
00015C30
00016BB9
00024EEC
000347C2
FFFE881F
00001F48
0002949F
00013DC7
00006CFC
000136C0
00003869
FFFF56B5
0000B73A
00005AB2
0001A077
FFFFA751
FFFFBA9D
00001EB4
00006E93
000082F5
00007B1E
000015E5
00019A25
00009681
0001A5E2
FFFF1352
FFFD907D
00010DC9
FFFFA086
0001AC72
0000BF93
FFFD7046
000180C5
FFFDFCB5
0001773C
FFFFAD21
00018575
FFFDBA7D
FFFF3D63
FFFFE12A
FFFF0AF7
FFFD63DA
00004BA9
FFFFD067
00012C82
00025E4F
00031E7D
0000BCB8
00021B4D
000122EB
FFFE4204
FFFEB5B3
FFFE07E1
0002AC34
FFFFDC26
FFFEE1A9
00037CC4
0000452C
FFFDE9A5
FFFDB50F
FFFD9D02
0001B799
0000433F
0000D10D
000215BD
000123B3
0001374F
00033DB4
FFFEA11D
FFFD3E23
000086B5
00030269
0000C94F
0000909C
000082C3
0000C285
FFFDBA38
00026B70
FFFF028E
FFFDEBF0
000269A5
FFFFD44A
FFFFD6E7
FFFD76DF
FFFC9266
FFFF4358
FFFFCFED
FFFEFA8A
FFFDDB72
0000D28F
FFFF09E2
000198F7
00037171
FFFE0A8D
0001DED1
0000990F
FFFE7FE1
00009820
0001BAB7
FFFB786C
FFFCE7B0
FFFFBB90
FFFE8E4F
0002D6BA
FFFE3024
0001BE92
0000FD3F
0001D270
FFFFFBEB
0001F147
FFFFA4DF
0002E2A6
FFFF2222
0003ED78
0004E507
0001D1D9
FFFE7FAA
0003694D
FFFE8CAC
00006D32
FFFF5960
00006C90
FFFDFF33
FFFEFE64
00008E1B
FFFF80F5
00010B20
00000255
000212E2
0003B412
0002B8D3
0003C446
0000B64B
FFFF1786
0000391D
FFFD9AFB
0002C19B
FFFDE1BA
FFFE53F1
FFFF6628
0003055B
000054B8
00023E8F
0001936F
FFFF4FA0
FFFFC594
FFFF6143
00017D97
0004F21C
FFFF9AFB
FFFF9C73
0002931E
000261B3
FFFD8211
000330BF
000071F6
FFFF50C5
FFFE2641
FFFD7D79
0002FB71
FFFFD3E0
FFFFB5FC
0001E0A5
FFFEC28B
0001A9F5
FFFB8C31
FFFE167B
FFFF244F
FFFD38FA
FFFD2DB5
FFFD1A36
FFFDF461
00014BDB
FFFC6A7E
000282E0
0001891A
000352AD
FFFFD4AD
0000FAD8
FFFF549A
FFFFE3F6
0003110F
0003E6B2
0000D217
000273CB
0001984D
000015FA
00018AC3
000046FB
0000BA7B
FFFDC0BD
0001DB6A
FFFF2B7E
0002C0E1
0001F7FA
0001CDBD
0000F4DE
00012969
000191F5
0000C8CD
FFFF0CA9
FFFE35CF
FFFDC8D8
FFFD34EA
FFFD32B2
FFFD9787
FFFE5EEE
FFFF9015
00005CC8
00006E3D
00040417
00004D85
0001D8F8
00017C9D
0000C27E
00021975
0003B198
0002BA65
0003B2A4
FFFDEC17
FFFF0FF6
FFFFBB10
FFFEE83D
FFFE1A1A
0001BCB8
000029E8
FFFDEEEC
FFFDC4E8
FFFE5EB9
FFFF28DA
FFFF7686
0000ECBD
00008A28
FFFEF92F
0000B4ED
FFFEAC7E
0000197B
FFFF3548
FFFEFF69
FFFE027B
FFFDF8E1
00000596
0002042C
0000549A
00025BF4
FFFE1328
00001C95
FFFF2344
0003328F
0003E5FD
000215A3
0003C5AB
FFFF7B90
000070BF
FFFE8E15
FFFD8008
FFFDBED9
FFFE429C
FFFFAA54
FFFED0F5
FFFE1854
FFFAE2F6
FFFE198C
FFFEE27C
FFFFE4E9
FFFF5CFD
FFFD66AD
00018761
00014B35
FFFE13B6
FFFD6704
0000ED20
FFFC14E4
0002B112
FFFFA506
FFFF598D
00015E4C
0001D1D5
FFFF48DB
FFFFD3A9
FFFF86BE
00008FC5
FFFD3BAA
FFFE3E0B
FFFD9CD7
000168C6
FFFE7014
00001BFA
FFFF54B1
FFFE5E97
00001615
00011998
FFFE0CAC
0001C97A
00001F0C
000136CF
FFFFC334
00006EA2
00008E32
000167AF
FFFF71A4
00016FDB
0000C36A
FFFDEDCE
00010C1A
00002A7C
FFFD0384
00016EE0
FFFD1630
0001A011
000097CA
FFFF309F
FFFFFFD3
00018755
0002A945
0000CE5D
FFFD88C1
00010BD0
00015122
000059CB
0000588B
00029056
000015CE
0000FA97
FFFFA910
00005130
FFFCC7C4
00004CEA
00022F15
FFFE9FFF
0002326B
000170FB
0002A05C
000238D5
0003DA7C
00024EF0
0000A649
FFFF6A67
FFFE5324
0002760D
FFFFAED3
00011282
FFFD2ED4
0002C43A
0001D2D1
FFFE9F64
0001B215
FFFF4450
FFFEEA60
FFFD0A0E
FFFF1EF3
FFFEE130
FFFBC79D
FFFE77F0
0000C006
FFFFDDFD
FFFF7B5C
FFFDFB70
FFFD9D92
000066F0
FFFD3000
FFFF2F17
FFFF36AD
000222AE
FFFDC970
000034E0
00004AFF
FFFE0F8A
0000101A
FFFF42CD
000068F1
00011A1A
0002C43F
00000E52
FFFF945D
FFFE8934
FFFE9491
00020F66
000079C6
FFFE61BE
0002A343
FFFF398F
0002E53B
FFFCDB06
FFFCFDC3
FFFCB1BF
0001A317
FFFB98DB
FFFD1024
00013803
FFFCC3D3
00023203
0000959B
FFFEB583
FFFE5CD0
00035DC3
0000DC67
FFFDA4B0
00002C3A
FFFE3B1F
FFFAF13C
FFFD5516
0001A87F
FFFF973C
00013834
0001FA32
0000B718
FFFF198A
00018E1F
000658D9
0002C6E8
FFFE5C18
00039AC7
FFFF7090
00026C22
0004350B
0000E730
00017FBB
00027F92
000270DF
FFFF0F44
FFFE0630
0002BBE3
00018706
000168F7
FFFE14E1
0001214D
0003D9F5
FFFF0B35
00011ACC
FFFFB875
FFFDD86D
0002D586
0004F7C6
00007432
FFFEECD5
FFFC1C57
FFFF18F4
FFFE568A
FFFEDE1C
FFFCBC7E
FFFEE74F
FFFE5BC6
FFFFDCAD
000131AA
FFFFCD95
FFFD6620
FFFFFEBF
00021CAB
FFFD48F7
FFFC7FDB
FFFBE0D8
FFFCD37C
00065D5D
00042B01
FFFF52BD
00044D8F
0003BD95
00043A58
0002CE60
0004C75F
0001A87A
FFFF004D
FFFDDBD9
FFFE9778
000164C5
00003C9D
00024D0A
0003D434
FFFEC9E6
0002E2E2
FFFE42F4
00049975
FFFEA822
00004DA1
000507D3
000038F1
00005E6A
0001D7D2
FFFE1CF4
FFFE77FF
00025374
FFFF26C9
FFFD00B5
0001E45C
FFFE2387
FFFB92A4
FFFEA58B
FFFCEE1A
FFFED65B
FFFD4E77
0000D091
FFFC3CC7
FFFBA54E
FFFBFC3E
FFFFDDBF
FFFF080F
00008C4A
FFFBBAD5
FFFC717D
FFFF8426
FFFC61AA
FFFEA370
FFFC479F
FFFD689B
FFFFAD8B
0000441C
FFFFB14C
0001E8F1
FFFF7125
0001F42C
0002ACD1
000121A8
000097F2
00012146
00026AEC
FFFF573E
0002B8AD
FFFE2E94
FFFB8BF3
FFFD14B8
0001F50B
00010417
00040001
0001E06A
00009FF9
FFFD1FD4
FFFB7E1F
0000D79C
FFFF42B1
00002A63
FFFCC088
FFFF1651
FFFF5259
000142C2
00024EE5
FFFFAE62
0001AD38
000060E9
000118B7
FFFF2660
000222D2
00005D5B
FFFC8389
FFFB352C
FFFBDE4D
FFFE2520
FFFD9BFD
FFFE2010
FFFB7758
FFFA19BF
FFFCC00E
00036308
0000D430
00001288
0003C786
00001764
FFFE6FB5
FFFC4DE0
FFFB6707
00007CC1
FFFE2AD2
0006335F
00025078
FFFC6EEB
0003A6F5
0002DA02
FFFF5108
0002D324
000118B3
FFFE7635
000468EC
0000CABF
FFFFD880
0000319B
0000386F
FFFE7447
0000532B
FFFF5CCA
0001B213
FFFF2993
000017BF
0003CF60
FFFD2F3E
FFFD568B
0001C0B6
FFFED465
FFFCC375
000371F0
FFFC3B9C
00003033
00011A69
FFFD309E
0000E784
FFFFA633
FFFE029B
00019D75
000139EA
0001D4A1
000099EE
FFFC8983
000200E5
FFFDBBE0
FFFE44E8
FFFFF248
0000E6CA
0002355A
0001B254
0001791E
FFFE13CF
000086B5
FFFE9EFD
FFFFFE71
FFFD0954
FFFCD003
00027483
000251CD
0002FBC0
FFFE855A
00002306
0001006E
FFFC8CD4
FFFD8D0E
FFFE1EE4
0001346D
FFFE3545
FFFFA0BC
0001FA65
00016179
0000B4FA
0003847D
0001B91B
00009CA1
00017149
0000A72A
FFFDEF34
FFFC8E7E
000394CB
000249E3
00004EE6
FFFDF142
000104BA
00019403
FFFFCFBD
FFFAC938
00021E6B
FFFF2ED0
0000D10C
00021BAF
0001B66B
FFFCD8B0
0003108C
FFFC6AD6
00028CC9
00008F13
FFFCA2EB
FFFD9EC0
0001A67C
00000BD7
FFFFF867
00019ED4
FFFFF5B1
00026C49
0001B960
FFFFED49
FFFFED96
0002D030
0001D3D6
0004DBD0
0000BFC4
FFFF3BC2
0000DDD3
0002E610
0002CB4A
FFFF3F55
FFFF1E0B
00010B15
FFFFBB23
00023157
00006A12
00014240
FFFFF33B
FFFF3F95
0002BF27
FFFD366C
FFFF764C
0000E831
000325AA
FFFDD4A3
FFFED292
00028E13
FFFCC0BB
0002A750
FFFE8599
FFFC16A8
FFFFB98E
00026B45
00026D5D
FFFC61F4
000038E1
0002A88D
FFFCF9EE
000198EB
000120A8
0000DA67
FFFF1DF4
FFFA73C8
FFFCBC16
000043D9
FFFBF5D7
FFFB8649
FFFCB1BD
FFFEB3A0
FFFD8860
0003A3E1
00043A4E
00003681
00003F70
0004AEF9
FFFFCD44
FFFE8B46
FFFE2E4D
000301EA
FFFE0F95
0002C4A8
FFFFDDCD
FFFEEAFB
00023A10
FFFEA02B
FFFD4CA7
FFFF9457
0001303B
FFFE4C2B
00031D2B
00021E6A
000157E6
FFFF8D03
FFFDC742
FFFE9B00
00003055
FFFE1DD2
FFFEF682
000067D8
FFFE4848
FFFFBABB
FFFF1FD5
0000626D
FFFDB0E6
FFFF922C
00023B03
FFFD1355
00004FC4
000051C1
FFFC8682
000196DA
00012474
00002C8C
0000C690
FFFF1595
0002F1BF
FFFE781F
FFFC7216
FFFE2DA5
000269B0
00010D03
FFFF7ECA
000368F8
FFFD7062
0000B5CC
00010B2C
FFFE5594
FFFFBE6B
0000A50E
FFFDD0EE
000273E2
FFFF8D0F
FFFF7B6E
000267AB
FFFF2E01
FFFF915C
0003637C
0002FB10
00035708
FFFF45A9
FFFF3915
FFFFC917
00033CB0
FFFEFD44
0001EE68
00007E7B
FFFF1B7E
0005D26F
00050DF0
00055E28
00010BB5
000185E1
FFFDE67B
FFFE2F1D
000080D1
FFFDBD19
FFFC06C6
FFFE47B5
FFFED135
FFFDBD9A
FFFF6B12
00040E83
0003005D
00012233
FFFE8B6D
00004686
FFFC6AA8
FFFD43D8
00033FD2
FFFD76D8
FFFF49E2
0001FE7D
0000172F
FFFBC38A
FFFDE767
FFFED0A8
FFFCA58C
0002687C
00004F42
FFFE2746
FFFD8E88
FFFE540C
FFFDD0B4
FFFDC6E6
FFFD9CBF
0001769A
FFFD656B
0002443D
000308C7
FFFF768E
00043443
FFFF5B23
00025B3F
FFFDF9D5
0002453B
000063A2
FFFD8A89
FFFD8613
FFFC9D35
00030D1E
FFFD85F1
FFFF2992
000003B1
0001E3A9
FFFDAD9F
FFFF350A
00022AAC
FFFE9E0A
FFFD8B39
FFFF57FC
0000BE34
FFFD0CE4
FFFED10E
000141B9
FFFF2F74
FFFF909E
FFFF9A45
FFFE8185
FFFE55D7
FFFE8026
FFFFB7F2
FFFE77AA
FFFE4E4E
FFFCE624
FFFC849F
FFFC7CF6
0000B313
FFFB2C8F
FFFBEB8F
FFFF07E0
FFFE7D03
0000F154
FFFC8651
0002BC3B
FFFCAF9F
FFFDC143
FFFBB5C6
FFFFEB66
FFFD7785
FFFCC09B
00001049
FFFFC16C
FFFFC965
0000DD35
FFFE337D
00030A7D
0002658E
FFFF52CF
0003897C
FFFFC74B
00049C26
0001CCF9
FFFF4D75
0000404C
FFFF9936
00026576
FFFE1A0D
00034690
00048F8C
FFFEEED1
0001DEF4
0004841E
FFFF0D60
0000B9C9
0004EE2C
00037B89
000425BD
00012DB2
FFFABADB
FFFE335C
FFFEDDE7
FFFC5950
0000C51B
0000C471
FFFD273E
FFFCBDB2
00015561
FFFF5CB4
0002D847
00007E67
0004823B
0000C4EE
FFFEC73D
0003037A
000294C0
FFFFEFE2
FFFEB14F
FFFCE4F7
FFFD1A6A
FFFF0EE0
00014C48
000223D0
00028C56
FFFC384E
FFFCC990
FFFE7B18
FFFDEDFD
FFFFAD94
0000E8AB
FFFFD327
FFFD8070
00029684
00016F08
000174D9
0001E3D2
0000AFDB
00004741
00021FF6
FFFE9DBC
000274DB
0003C9A9
FFFF55A6
FFFF7BDB
0001FCC4
FFFEFA15
00004671
FFFE9B3E
0001555F
0000E2B1
FFFF7D27
0000104B
00005F0E
FFFED9D5
FFFD43F0
FFFD959B
FFFF48AA
FFFC819A
0002A21F
FFFD74DE
FFFE2B13
00004B8A
FFFF3BBD
00029B2F
FFFF29EE
FFFECE8D
000127AC
0000C1EB
0000A8E8
FFFDF4EF
000189B1
FFFEFA32
FFFCD3D9
FFFCCE6D
FFFED64E
00002DD2
0000DB8E
FFFEC44E
FFFE6FE8
0000B417
000026B2
FFFFEBC5
0000479F
00009719
00028B2C
0002595B
FFFFCF52
FFFEDBAE
00007D24
0003F406
FFFF26A5
FFFFB36E
00027274
00022D82
000226F7
00025486
FFFF42FB
FFFFE16F
00001C14
FFFE115A
FFFF301F
FFFCC48B
00005C9E
FFFD6C24
FFFD710C
FFFB5DC1
FFFCDA81
0000D536
FFFF5E33
FFFDCD01
FFFEDE50
00009FC0
00012DC5
000276F0
00012C1B
0000804F
00000490
FFFDB4C0
00031D46
FFFED64D
000132F9
00009912
00022E64
000197CF
000206C7
00022B65
0004A0D2
FFFEE2C8
FFFC886B
FFFCC763
00017862
00018AF7
FFFECBE3
0000806C
00002167
FFFE33AF
FFFD8A76
00017F5F
FFFCA633
FFFF1A94
FFFDB758
FFFFDA9E
0001D228
FFFD63B3
000244B4
FFFED8B7
0000F56E
FFFD311A
FFFE96DA
0000E5DB
FFFF884D
0000D0AA
0002D13F
FFFDF1FC
FFFD69B6
FFFD2A6A
FFFF2B0C
000009C9
0001103F
0001A4C0
FFFE5943
FFFFCAD5
FFFBB84F
FFFEF1E7
FFFC251F
FFFE192B
FFFD679D
FFFDF948
FFFC0A5D
FFFD18BF
00004BA2
FFFF58F2
0000DCE5
FFFD43E8
FFFFD604
FFFF21F7
FFFF8C3A
FFFFE747
FFFFC3EB
FFFF50E9
0001BE67
FFFEC282
FFFEE84E
FFFE777D
00005019
FFFE6F76
FFFE9AC8
FFFEC87D
00016802
00004B75
000238F0
0001821A
FFFF8338
0001BBB5
0001EF30
00018738
FFFFE921
FFFECF0D
00013E55
FFFCA026
FFFCCD73
FFFD83D1
0000AD13
FFFD6E56
0000ACE8
FFFE9024
0004189F
0003180F
0000AED4
00002AD7
FFFFE85D
00012EE9
00043D24
0003D4B0
FFFFF96D
00004F3F
000251D8
FFFE8ACE
0000CC1D
FFFFDEFD
FFFEB2BB
00020F55
FFFEDE31
FFFF0B7F
FFFE9D8A
00005C16
FFFEE130
FFFEDF85
000058E0
FFFE7DCF
FFFFE5C3
0001AE69
000064A1
00008AAB
FFFE4F39
000142DC
0001FDEA
0001E81E
00008457
FFFF826A
00006179
0001604E
FFFF393E
00009EB9
0000FE59
0000C762
FFFFF9A1
FFFF249A
00011D20
0000EF48
000065DE
FFFF6815
FFFFAEDA
0000DF19
0001E69D
0002C4E8
FFFF09FA
000054A8
FFFEA541
0000F00F
0002257A
0002E0EB
FFFEB53C
00001929
0001606D
0001A454
00009EDD
000087E4
FFFFA835
00008952
0002A6C8
FFFF9C60
FFFDE967
FFFF12EA
FFFECC25
000180CA
00005DE1
00018A34
FFFE2477
FFFF2F37
FFFF8235
0001967A
0000583A
00039BEB
000062E5
FFFC713D
FFFCCA99
FFFC8FA1
000009C5
00035356
00037172
00019407
FFFF3A82
000174E8
00006DFA
0004E2B9
0000C3C5
00011149
000148A5
0001AB04
FFFF1B1C
FFFE96E6
000126C7
0001FFE9
FFFF33F7
FFFE5647
FFFE6150
0000DF88
00037D36
000462B9
000026C5
0001416C
FFFCA51E
00016D32
FFFF7F3D
000159D8
FFFFA444
0002C34F
FFFF7E14
00015C87
FFFF39E0
00010A86
0001D115
FFFF10B5
000007AB
00021C4B
00001100
FFFECE78
FFFF6139
00028168
FFFF2AB6
FFFF206C
FFFD376C
FFFEE896
0001E054
00022283
0002C2E5
00025AF3
00006337
FFFE6F01
0002D81E
00016A5C
FFFF68DE
FFFFB781
FFFFA1BA
0001DC65
FFFE515E
00023B8E
00007CF1
0000E9C3
FFFFE214
00017A75
FFFFDFFE
FFFF4D45
0002433A
0001B992
FFFFE30F
FFFF5039
00013581
FFFE670B
FFFE2878
FFFF5FEA
0001FAB7
0002D153
00019B1A
FFFEF725
FFFD70DF
000218FC
FFFFD772
00008821
0001C3AD
FFFEBF4E
000239BA
FFFFF155
000167B6
00006755
00016086
FFFD75B8
FFFCD4B8
000177AF
00013CDE
0001EB23
0000E519
FFFEBB00
FFFE40FB
FFFFC142
0002784F
00000E4E
FFFEC3F3
00005905
FFFF39A3
0000C46B
FFFF2745
00017444
0000F8AF
FFFCFD16
FFFF0A93
FFFC8D8C
FFFF15D1
FFFFE296
FFFEF76A
FFFE3B48
FFFC9F8A
FFFC2367
00008A7B
000161E4
FFFD3C4C
FFFCF0C7
FFFD93FA
FFFE3363
FFFF58E9
00004913
FFFDD773
0001C117
FFFFD28C
00008784
0000E7DE
00009E5F
FFFFCF75
00006491
00024ABF
FFFF3DA9
00003E3B
0002D0C2
00027DA0
FFFFB36E
00007095
FFFEB021
0002DD5F
0001299F
00011A50
00012E43
000160B7
FFFE6202
FFFCC088
FFFEAE6B
0001639F
00015FBC
FFFEF412
FFFD5407
00021006
00036602
00016AA7
FFFFA102
FFFF0E65
0001943A
000195EB
00024A47
00019699
00027A22
0003669F
000012FF
00006071
FFFDDE54
FFFD9AA1
00018B1B
00010C14
FFFE9EB8
FFFBC525
0000375E
FFFFEB9B
0002531D
00039547
00017B2E
FFFD5D4A
00015A7B
0002159D
FFFDD9BB
FFFFC20A
FFFFFD4F
000193A2
FFFFBB20
FFFF1435
000107BC
FFFD50F2
FFFC7D28
0002EAEE
00028166
FFFBC8FC
FFFFF513
00013488
000094FC
FFFF84FF
00008F7E
FFFD2099
0000A3C0
FFFF1A32
000080A9
00001AF6
000104A0
0001138B
FFFF88A0
0000C367
FFFFA342
00000FC5
00011B66
FFFF9B77
00006C30
FFFF8C11
FFFFEAA6
0000731F
00009380
FFFF37DD
0000874A
FFFDCD4C
FFFDF101
FFFFC914
FFFD77EE
FFFE261F
FFFF16D2
FFFECFE9
FFFEC43D
FFFD2588
FFFE5B6A
FFFE7889
00005D47
00011B5C
0000E04E
FFFC83BD
FFFC3086
000144B0
FFFF4ED7
FFFFAE36
FFFEC3E8
00018B97
00011DAC
0000B813
FFFE67EB
00019177
FFFE9C17
0001F2F8
FFFE28B6
FFFF9D5B
000006F7
FFFE5FE0
FFFC6F5D
FFFF8FB5
FFFFCBF8
FFFE40F0
0000C122
00005B3A
000097AA
FFFEA055
00003AE4
0001AA6C
0000C8A5
FFFE9379
FFFEAD6B
00011B25
FFFF8BE7
FFFEA4C8
FFFF7A21
00011D74
FFFFC818
0001407F
00001C42
FFFFFE30
FFFD08FD
FFFCD2B6
FFFFFC43
FFFF5CC7
FFFE48CE
FFFE496A
0000EA57
000058A0
FFFECA0C
FFFF50D7
00014D5F
0000D3A2
FFFE153A
00018531
0000DE9D
FFFE77D5
FFFE1C4C
00011DC2
0000E428
FFFEF74A
0000855F
000173EE
00017F14
000488B1
FFFF4AD7
00009331
FFFF5957
FFFEF94E
0000E8AF
0000D307
FFFE7631
FFFD7BDE
FFFB9C81
FFFD882C
0000849C
000183D0
00008DA8
FFFFA193
FFFEAF3F
FFFD7CC4
0000BDE0
0001610F
00010839
FFFE3954
FFFF78A6
0002E6E9
00016E86
FFFF5287
FFFD1A35
FFFCDCA9
FFFDAD76
FFFE11EE
00016F87
FFFD741F
00014109
00029A73
FFFF69E1
FFFF363F
00013394
FFFF2B36
FFFE6010
FFFE39EA
000166B4
0002E309
0003710D
000208DB
000201DD
0002C43B
FFFD61C8
0000B693
000113DC
00008FAF
FFFC02DC
FFFB6E8D
00010A4E
0000E009
FFFE6F61
FFFC6103
FFFEE174
0000322A
FFFE6FE3
00000DDE
FFFF4FB7
0001702F
FFFDEB90
00007EE4
FFFF29DB
00002F82
00008F97
FFFF7AE7
FFFF1C9C
0003E458
FFFF556B
FFFFF160
0000A489
FFFC2C1E
FFFF1F03
0003953D
0000DBA8
00002FF4
FFFCF984
FFFDB6AB
FFFE53B0
0002684D
000181D9
0001826D
FFFF1CAD
FFFD57B4
0001ABB5
FFFECC74
0000D25E
00015D16
000195D2
FFFF968C
00012039
00013293
0002364C
FFFF9A5C
FFFFBDF2
FFFEC4F3
FFFF12F4
FFFD32A3
000052FF
0001C4C6
0000F76A
FFFF1229
FFFF235C
FFFDF13D
0002E960
00001625
FFFEE483
FFFD5299
FFFEC21B
0001F319
0001AC5E
0001C662
00027335
FFFE71CB
FFFD5006
FFFE0A33
000011E9
FFFD16CB
00014888
0000CA21
FFFD242C
FFF77EE3
FFF983DB
FFFD73E4
FFFFDBF8
FFFF1FAE
FFFE1054
FFFE08D6
000092F9
FFFFACCB
000095A4
FFFDDB5C
0001A951
0001E4D5
0000CB35
000217B4
FFFCAC59
00022BE5
0000279F
000195B9
FFFDAFD0
FFFC51E9
FFFD3845
FFFE0D83
FFFC51C9
FFFC4C05
00014CD3
0001A53E
FFFD6F71
FFFE7066
00016EC0
FFFD9E5D
00012FC4
0001CEC0
FFFEA344
00021168
FFFE222B
0001033C
000019A5
FFFDCE75
FFFC98E5
FFFED4F4
FFFFA413
00008A0D
FFFD0DF5
FFFC6241
00011804
FFFD75D9
0000366D
00026A79
00027E35
FFFF0703
00016415
000235B5
FFFEF7E7
0000449D
FFFD7AB9
FFFE57D3
FFFDF3B6
FFFFCA8E
FFFE6215
FFFF59D4
FFFD73CD
0000ADA6
000245B9
00002B07
00000B38
FFFCC040
0000749B
FFFE782E
FFFF62F9
FFFDDA21
FFFCAAD6
FFFC6297
FFFF7853
FFFF92A0
FFFF7F11
00013E4C
FFFF0567
FFFE332C
FFFE31DE
FFFF889B
FFFF04AB
FFFBCAE7
FFFF7351
FFFBE66A
FFFEBDDB
00015AD7
FFFDA3D2
FFFB9B72
FFFFF905
0001945F
FFFF61E0
FFFDE190
000099EC
FFFF6FBA
FFFE7120
00017081
000237B2
FFFFE43A
FFFE25BD
00004CC9
FFFFA838
FFFDFAE3
FFFEFB6B
FFFFABFD
0002DBE0
FFFDCD0C
000116BC
000049BB
0000E79F
0001F391
FFFFAE82
00017196
00019B24
00014E6F
000191D6
00001249
00002EF3
000164D8
FFFDE46C
FFFE8C88
FFFE0D2C
FFFED92D
0000FE69
FFFE5923
00019E24
000055F7
00041CAD
00017144
FFFFCD7B
000332F2
0000C52B
0003BF19
FFFFF4C7
000350E4
FFFF7B2F
00010166
FFFF529B
00017F1C
FFFEDB8C
0000252E
FFFE1E43
FFFF6945
FFFF9BF3
FFFF217F
00040584
FFFE61AA
00015CDA
FFFD5B3E
FFFE322F
00019C25
0000BE56
0000B58E
FFFDDCC4
0002A7A6
0001CD79
FFFE547F
FFFED58B
FFFED288
00001B73
FFFF6150
00030D42
000387B2
FFFFADB8
00008F4B
FFFFFC81
0001CF15
000214E1
FFFFC3AB
00026493
0000B4BC
00009476
0001C57F
0000458F
0001F284
00015318
0000FCDD
00012B02
FFFFF832
FFFE1E8C
00002147
00025387
00006917
FFFE15A8
FFFB14FF
FFFFA93A
FFFF05F5
FFFC496B
FFFE62CD
00025814
0001D721
FFFD45A2
FFFE62E2
FFFF2766
0001249B
00001A9E
00008DDE
FFFFBE58
00036066
FFFFA223
00025F93
FFFFCB0A
0000E95B
0002C7E1
00030564
0003998D
000034E0
000097AB
00027549
00007A78
FFFE922A
FFFE0A33
FFFFB505
00011219
0000FB3E
0000FB17
0001E260
0000737A
00002A3E
FFFFE5A6
FFFEE912
0000BC97
FFFF4BBD
0001462C
FFFED5EA
00005E45
FFFF24A5
FFFFDA45
FFFEF581
000254E0
00007923
FFFEF3FA
00011BAE
0002517F
00029156
00025371
FFFE2D71
FFFFEB2D
FFFEE8BF
0000ECDB
0002D1F6
00002CA7
00002B38
FFFF8E69
FFFD734C
00000A51
FFFE456D
FFFF9261
FFFDB3A9
FFFDD8FE
FFFCD60C
FFFEFCD4
FFFEC55A
00022D00
FFFDEF31
FFFD121E
FFFE8B6D
000106D9
FFFFFF25
FFFFCC61
FFFE1129
00005BC9
FFFE3C12
00006D2D
FFFEE44D
FFFDC7DF
FFFE9068
FFFF8B2D
FFFD5433
FFFC79DF
FFFB5081
FFFD915B
FFFF295E
FFFF06E9
00009FEB
FFFE7B85
FFFF1C30
000160EA
FFFDD575
000247B8
00004A58
FFFD41BE
00012A44
FFFE2533
FFFC7A72
FFFF3CB4
FFFB6A09
FFFFC6CF
000087A1
0001569C
00005DD7
000189B4
00001248
000045A7
FFFE3647
FFFD9A78
00043B84
00004D2E
FFFEBDF9
00023E40
FFFEC72E
0002ED65
0000FB77
00016C57
FFFEB860
FFFF973B
FFFDBA7D
00009409
00000028
000052E7
FFFEC208
00017BEB
FFFEF85C
FFFEED04
FFFFAD11
FFFE87B9
FFFBE98D
0000CAFE
00019F66
0003E847
FFFF9343
FFFD8CBA
FFFF31F5
FFFF2859
FFFDF1F3
00018501
00024CF6
0001A327
00040D89
0002B5A8
FFFFA444
00013E8B
00017BAA
00021FFF
00015E06
FFFE490C
FFFD1EC0
FFFCB9B5
0002F23E
FFFEC222
FFFECE37
FFFB6C39
FFFCDACE
FFFB533F
FFFC2441
FFFF0B0E
FFFE0B12
FFFA5FB2
FFFCE73A
FFFE58BE
FFFF2C7F
FFFC0C73
FFFF4CA4
0001742B
00019829
FFFC8A43
FFFE7221
FFFF1651
0002BFBC
0001AD2B
0000A419
00027729
000151CC
000323AD
FFFF7566
FFFF594A
FFFF8E8D
00024B2C
FFFE0DA6
FFFCF4B2
FFFCDB3B
FFFFA208
000072E1
FFFC5B88
FFFEEA20
0000D24A
FFFE6CE4
FFFFEA4A
FFFFDA01
FFFF4F4F
FFFF234D
FFFFC1E1
FFFE9D4E
FFFFF209
FFFE0BB0
0000E04D
0001B703
000333DF
0001D30C
0001D5BE
FFFE20F6
FFFFB988
000016F1
0005D1C7
000339E8
FFFE84A4
00021C9D
FFFCACF4
0001B123
0001323F
00021D28
00018134
FFFE23E7
00007532
000012FC
FFFE4A92
FFFF48F5
0001652C
FFFE33E9
FFFF8095
000191AF
FFFF8AAE
0002DB54
FFFF569B
00012590
0000DD23
FFFDFA24
FFFFE818
FFFEDB0F
FFFCB55C
FFFDAF44
FFFE228B
0000EBC8
FFFDC85A
0002E203
00003E12
000155FC
FFFE0CB0
0001840E
FFFF0799
00011921
FFFF94DC
FFFFCEEB
00010C01
00000BEA
000151A9
FFFF3929
0003BDED
0000C96B
FFFE1B2E
0001C1C0
0001BB3F
0001F2E3
0001BEAF
00007AB1
00020D6E
FFFDB33B
FFFDD49B
00000696
FFFAE349
FFFE061E
FFFFBE60
0000121B
0000DE65
0000C4B8
FFFDDE3C
FFFC97D5
000036F3
000171CB
0002FAC9
0002D281
0001B0AA
FFFDBE22
00005CE9
00017F72
00005DDF
0002158C
FFFF5674
FFFD5F29
000153C1
00034517
000087AE
FFFC818E
FFFDC0D0
FFFEB161
FFFD72B8
000158E8
FFFCD464
FFFEE5E2
00013DB7
FFFEE95A
0000BCE0
0000DD58
FFFE2708
00015A27
0001F47D
00010799
FFFFB27A
FFFE6959
0001957A
FFFEAAB4
FFFE95A0
FFFFC84F
FFFF5CD1
00013A79
000117AC
00009D2D
0002120B
FFFE3C8A
000149AF
00005504
FFFF2762
00003DE2
000052AC
FFFF85AD
FFFED397
FFFDA55D
FFFE80FB
0000E05D
FFFE2BBF
0001B7E0
00011708
FFFEDAEC
00004372
FFFDE53A
FFFCF1D0
FFFE7730
FFFCF976
FFFC2EA5
FFFDB3E4
FFFC4D98
0001D040
FFFCF965
FFFFC81D
000147F2
FFFE4415
FFFF6C91
00008381
000095D2
00012347
FFFFA7FD
FFFF028D
00024ED6
FFFF0ECA
FFFE123A
0000659D
FFFE551B
FFFF6C8B
00003EDF
FFFF32B2
FFFC467D
0000D841
0001886B
FFFDE906
0001F5CF
0002E16B
FFFC0034
0003119B
0000A07E
FFFFC33D
FFFFA20D
FFFD67E7
FFFFA623
FFFF0AB6
FFFFF0C1
FFFE83E5
0001BFB3
000296CF
0003FC72
000297B0
0000B1A7
FFFF29E9
000072C9
00001FB6
FFFF770C
0003E521
FFFE824A
FFFD62A2
00008441
FFFE613F
FFFC7DCD
FFFEF649
00013694
FFFFB06C
FFFE5560
FFFFACCA
FFFF893B
FFFE3E94
FFFE1F94
00018316
FFFED5D2
FFFF7EF4
0000667C
FFFFF3A2
00033F6D
FFFF66D6
000207E9
0003A95D
FFFF2847
FFFFADBA
0001F13F
0000B829
000189E6
00023FD0
FFFCF20C
FFFF8611
00020DA6
FFFDD749
FFFE5E81
000167CF
0001228B
000198DC
FFFDD0E3
00018E48
00019A5A
FFFCD8AD
FFFFAA2F
0001FB96
FFFE79D8
00003DA7
FFFD7B4E
FFFF8AC9
FFFD081A
FFFE72A3
0001B9E8
FFFEA914
FFFF78B6
000060E0
FFFD4382
FFFDB739
FFFF6801
000257E0
00009036
0000D62B
FFFF30A6
FFFFE277
0002E337
000076D8
FFFEB74E
0001470F
FFFFFA1D
FFFE9E40
FFFF5AA4
FFFCA9AF
FFFF15CF
0000A883
FFFD46BB
00005EC2
FFFEBBB1
000120F2
FFFFD17F
00010C24
0000CB65
FFFED7CB
00001435
000049BE
FFFE9F2C
0001F9FA
FFFF5504
00018EDA
FFFE6722
FFFD97B6
FFFE93B8
0002DCA8
FFFF9128
FFFFFCB4
FFFF0E77
0002A363
FFFECFF4
FFFE7109
0001EDF2
FFFEE429
0000571B
0000890B
000081AA
0000C9BF
000457B7
0001CEBD
00008BAB
000032E6
FFFE9525
FFFFFAE4
0000BE7F
000171CF
000280A3
FFFFB4AA
0002486A
00003133
0001C8D1
00019EB5
0000D83F
0000D56A
FFFF2CDE
FFFFC1CA
00025681
00019FAF
FFFF9092
00025AEC
FFFDFF0A
FFFFFAFC
FFFDC4DD
FFFE44B1
0000003F
0002C60A
FFFE259C
FFFD7148
0001DF5A
FFFEBD44
FFFF0C6E
FFFE7AD7
FFFF6FA0
0000D01C
FFFF277A
FFFF32AC
FFFFB343
FFFF6F51
FFFF4BEF
00018380
0000AAF6
0001498B
00026C23
0000A52E
00011330
0000C9A0
0001899A
0001C520
000237F0
0002088F
0001FCC8
FFFC576F
FFFE2C84
FFFFF821
FFFFB0C8
FFFFE3F9
FFFE55DF
00005756
0001D49E
000122B3
FFFE205C
FFFEFAC4
FFFE617A
0000F860
FFFBF6A0
00016EF6
FFFEEC77
FFFECBC4
00018658
00009285
00004550
FFFFC8B0
00007DF8
FFFE398D
000063CE
FFFD6AA4
000135CE
FFFEEBCA
0000E53D
FFFF44AA
00002549
0000E487
FFFE0FDE
FFFF7A3A
0002E80D
FFFE0455
FFFD15FC
FFFF1215
0000BDE7
000057D2
FFFF4335
FFFF47AA
00021F57
0000161F
00019BBA
FFFF8AF5
FFFDDF67
0000A3F9
FFFE1A99
FFFD7693
FFFD6E6B
FFFDD7C2
FFFF3136
FFFE4F8F
FFFE1BE9
FFFDFA76
FFFDE0C7
FFFD9C7A
00014F1F
0000D343
FFFFF523
FFFCAF9A
FFFEF593
FFFF20D0
000113C4
FFFCE148
0000457B
00003878
FFFF66A2
00001220
00002492
00002A91
0001BCAB
00030953
00002240
0001BA0E
FFFFFB93
0001A478
0001FC53
0000BEC7
FFFE0F48
FFFF49C8
000115F2
00039FCF
FFFE6E70
FFFF9DA8
0001EE58
00017968
FFFDD3AD
00036EE5
0000D42C
0000C427
FFFDCA4F
0002B7C3
000205E2
FFFF8DCC
0001CC48
0002F209
0001C3B5
0001E4DE
FFFE7BD7
00020705
FFFF605F
FFFF40B1
00021DD8
0000A9F6
0000CF9C
000145A9
0002779D
0002FC2C
0000FE76
0003CAD7
00007CED
FFFF9BA6
000308ED
0001CC14
0000503F
FFFE58EC
0002FD32
FFFF5DD5
0001BB08
00018081
FFFE72E1
0001FF4C
0003D349
0001ED21
0004FD91
FFFF2F98
FFFED69E
FFFED23A
FFFF2C7E
0000B0AF
0001BE1F
FFFDFE37
000269F0
FFFFBC1E
00001DC1
FFFBB78D
FFFFAB06
FFFEBB77
FFFD07F8
FFFF71DE
FFFFAD51
FFFC8879
00022120
00007220
0002182D
FFFFE5D3
FFFDC849
FFFFC617
0001CE1E
0002C86B
00035855
0002022B
00024097
0002057C
FFFEA2F4
FFFF6BB8
000364FE
00033983
FFFEDD41
FFFFBF39
00005FE0
0002B556
00022B0D
000402F5
FFFF0F73
0000BC27
0002C9DE
00039856
00029F59
00024758
FFFE0550
0001F37C
000117FD
FFFFAD10
00004A82
0000C4FF
FFFD1DDA
00012704
FFFF0E48
0000782D
00023E5E
FFFD57ED
FFFDE3BB
00024AB3
00003A19
00000E3B
0002554B
00017877
00016EF7
FFFF7353
0000E9C0
0001252C
0003052F
00008A88
000205C4
0002EDDD
00014050
0001DA64
0001293D
FFFE75A1
FFFE5F4E
00010FFF
00011644
00017D8E
FFFEFB4D
0000CC20
0000FCEA
FFFEFA7D
0001A211
FFFFA748
00018E39
FFFF2457
FFFF1CE8
FFFED458
FFFEEA6B
FFFF6766
00031371
FFFFB9F8
FFFFFF5F
0000F182
FFFEF6BF
FFFF431F
00025E6C
00025BD0
00008272
FFFD9B1C
FFFFE1DB
000081C2
FFFF1C4E
FFFF30B1
FFFECC50
FFFC8A0B
00009B1E
0000FCFE
FFFF36EF
FFFD73AE
FFFF5B9A
00006A23
FFFE8B2C
FFFDF169
FFFDA512
FFFF96D8
FFFF9761
FFFD37C4
FFFFC714
000258A9
00015607
00017E4A
FFFF0F11
0001197D
FFFDECB0
FFFF6E5A
FFFF9AB4
FFFD67EB
00004388
FFFE869A
FFFFE684
FFFEB2AE
FFFE182E
FFFFACAD
00020897
00030235
00009221
FFFF592F
00000461
0001013D
FFFEE97F
0002183F
0000C42B
FFFFE75A
0001EAA2
FFFF4EFF
FFFEAB76
00008EBB
FFFFB40A
00002700
00008511
0000509A
0001A7DD
0001CE2C
FFFF8F6A
FFFDF287
0003729D
00002C51
0001A4D8
FFFFA29C
000082C7
FFFE78BC
0000B731
00022663
00014BA4
00002723
FFFE5A7D
FFFEBE60
FFFF3496
FFFF380F
000053FA
FFFE84EB
00022757
0002B21E
FFFF25AF
FFFF65A8
00011E82
00023074
000268D7
FFFF52FE
0000E6C1
0001D4C0
0000FD79
FFFF53E9
000016D5
00019ED8
FFFD8B0B
FFFEE596
FFFE410A
00022B45
FFFF7716
0001E8B1
FFFFF51D
0001F2F5
FFFCE507
0002476C
FFFFFD3F
FFFE8F5C
FFFE6BA1
FFFFD5B1
000118FE
FFFF7DA1
00018551
000284EE
FFFEE30E
FFFE514A
0000D9C1
FFFEDDCE
00005B4C
FFFD8F5A
FFFDAD27
FFFDD7A7
0001E825
FFFDED62
FFFE3C3D
00013645
0001A66D
00003851
FFFFFCEB
0001C78D
FFFBCAB0
FFFE3B0E
0000C629
0000DF8C
0003942A
000257E5
0000BCB4
0000D5C2
FFFDB351
FFFF7830
0001B319
0000EEB4
0001D1EA
FFFCEC68
FFFC50CC
FFFE572F
FFFE0B45
FFFF447F
0000FCC5
FFFD5A55
FFFD994F
FFFE7BBD
FFFB6B33
FFFC9109
FFFF1220
FFFE44E9
0000B49B
FFFF34D5
FFFFDEBE
FFFB767F
FFFC2089
FFFF7E97
FFFE2116
FFFFE03D
FFFF5188
0000F1FA
00003480
0000B418
FFFFA01D
FFFE8B23
FFFED3B4
0002979B
0001E10E
FFFF4445
00006776
0002613B
00016689
0001853B
00017A52
0000B491
FFFF7639
FFFF7C86
FFFD52DA
0000724C
0001C1AB
0001B0C9
FFFEFABE
0001D440
000160FF
00004A75
FFFD4521
00034703
0002C52F
0001A969
00014E83
0002C983
FFFDF7FF
000273D7
0002BEBE
00012E87
0000E92B
FFFF82DA
FFFF75FF
FFFF18CA
00009EB0
000200B9
0000CB03
00018340
FFFF4B26
0001299E
FFFEE7DD
0000A599
000002A1
FFFF7A1F
FFFF1F01
00024C4A
0001AD87
0000545E
00002B1A
FFFF27D0
FFFF1E98
FFFF18D7
000212AE
FFFB9586
000292DD
0002E764
00011654
00032073
00007411
00004872
0001A2F9
FFFDB2F1
0000F805
000050DF
00018D77
FFFE5745
0002BAB7
00008539
FFFDFC07
0000A962
00021A41
0000A062
FFFC27AD
FFFE92B8
FFFF8EA3
00015A3C
FFFE33B7
FFFDC2BD
FFFF5062
0001699B
FFFFC5C4
00023F14
0000BD17
00030E7D
0001260F
FFFD552B
00028182
0001869D
FFFF38E3
FFFEF850
FFFF1CC1
000213B9
FFFF8AAB
FFFD69D3
000173CD
000083D1
FFFE2152
FFFD3DA8
FFFE5A90
0000C770
FFFDFBE7
FFFEE221
000081B4
000159B5
000094E1
00016534
FFFF8C64
FFFEE8C7
FFFB24FA
FFFEF164
0000FD82
FFFCCF33
FFFFCC0A
FFFE644E
FFFF0003
000021CC
FFFDACF2
0003A3F5
00029001
0001DF7A
00024FEE
00014741
0001E5D5
00043BEC
000321A8
00031E75
00012B92
00022816
0001B9FE
00021957
0000B02E
FFFE658B
0000EF91
000253D3
FFFF9B98
00029CDC
00036331
00006693
00026FF9
0001BB4B
FFFF99FA
0001B084
0000DD5D
0004B0FF
FFFCE15B
FFFEAC1D
FFFD838A
FFFD1EC6
FFFF73C1
00006DFD
FFFE5D96
FFFDCD92
0001E6CD
000028FF
00003A91
0001C389
000042A5
000184EC
00010B95
00006B3B
FFFEA533
FFFF8B56
0001905E
0000ECB4
FFFE06E6
FFFFCF6A
000137E7
FFFF2D2C
00034789
00020313
0001A7DB
FFFE436C
FFFEBCEC
0001A887
FFFCD138
FFFE8608
000082BD
FFFCA435
FFFDD1B5
FFFE27D0
0000FF7E
000339E6
00048B0E
0003E2B3
00018B84
0003AB28
00015987
00022205
00024A4E
FFFBD42B
FFFEEA6B
FFFF414E
FFFE30D6
FFFB93E4
0000AE24
FFFB98B6
FFFC6898
FFFF292D
FFFD2302
0002BEC5
FFFDCED8
0000F674
FFFE4FD9
FFFFF3BE
FFFF33F3
0001B9D5
FFFF2FB2
00031E06
FFFF670D
FFFF7DBD
00006A9D
0000174D
FFFFAB77
0001A4EA
FFFDCB0E
00010348
FFFC3DA2
00003F53
000081C3
FFFE8931
FFFDE579
FFFFF6B9
0000C66A
FFFD0D47
FFFCD372
FFFFF991
FFFF8633
FFFF441D
00025737
FFFF3217
00011205
FFFEBE10
000143D5
FFFF584C
FFFE353F
00002246
FFFC8639
FFFF0F38
00002C81
FFFD6530
FFFEF497
FFFF6C4F
FFFBDEDF
FFFE9D07
FFFFD376
FFFCDD90
000037FE
0000DDB9
FFFE827A
FFFED80E
FFFEEF04
FFFFFD0B
FFFAF0E4
0000619B
FFFFC50C
FFFF184F
0000BEF0
FFFEB6A0
FFFE4177
FFFC9920
FFFCCEEF
0004F1CF
00013AE2
0001F93F
00039A67
000372A7
00003B39
00025164
00031CD1
00019652
0000A09C
00024DFF
0002E676
FFFCDB04
0001FAAB
FFFFCBF5
00000874
0003F0F7
00004A1D
0002D0F7
00010573
00002901
00018052
00029DF3
FFFFC7F6
000260B9
FFFF34A2
00031469
000129D9
FFFF492A
00005846
000285D4
0003B9FB
00003E50
00016670
000273A0
000014E5
00023D20
00027BB3
0001ACFD
FFFF8A2C
FFFDA9BC
000054EE
0003A51C
00012F2B
00022A80
00013FF4
00005068
FFFF8D41
0000B932
0001AE1D
FFFF6EE3
00008650
00020789
00049ABA
FFFD3AF1
FFFAB405
FFFC987A
FFFD0D41
FFFFF5A4
FFFF2E23
00006CC8
FFFED08E
FFFC2BA7
FFFD6542
FFFEC967
FFFEDF20
FFFC3116
FFFCEC02
FFFED40C
0000C880
FFFEDF28
00014D76
000366F2
00001EB8
000019B2
000282E2
00026AC9
00028897
00013A1D
00024CB3
00014B00
000240D5
00040B46
FFFEF340
000347AB
0001B31E
FFFFF28D
00014B82
0001B42F
00029C77
FFFFFF23
0002C42F
0001F9ED
FFFE9788
FFFF3BE0
00037F53
000051FC
000340BC
00057A72
FFFF352D
0001AF98
000068C5
FFFD7A51
FFFE6047
FFFF7047
000099B7
FFFF70F7
FFFE692B
00008C86
FFFED837
0000D9C7
0000EA6C
000074BD
FFFD9553
00014A6C
FFFFA07A
FFFF17A5
00030B99
0000D74F
0003BE99
0002BE19
00037D81
0000F6D9
0002C798
0001B4D0
00006229
FFFFC08D
00003202
FFFF5820
FFFC770B
FFFE9DD3
FFFE0366
FFFD5463
FFFF1AD1
FFFE14B0
FFFE737F
0001E5FC
FFFE7946
FFFEE7A3
0002C4C1
FFFD9F35
00017E2A
0000E4E0
00017110
FFFED356
FFFFE93E
0000EC29
00009D4C
000173AA
FFFE7368
0003EF7B
0004EDF5
00006E8E
FFFEE47D
FFFD8147
FFFE8CF7
FFFF75F6
FFFFD912
FFFCC48C
0000B9AF
0000897B
FFFEE12E
FFFFF6DA
FFFED15C
FFFEEDA9
FFFF969D
FFFF7991
FFFF964B
00002630
0001D20A
FFFEFFE3
FFFDE5FA
FFFEDB32
000188AE
FFFE8424
FFFC2BFF
0000B9B7
00020CC5
FFFE49CD
00008A27
0002146D
00004FBF
FFFFC9A1
0001BB0F
00004C38
0000C2B3
00011A01
FFFCB408
FFFD5188
0001DAA3
0000C41F
000411C1
FFFF2FE2
FFFE5676
FFFDB908
00007649
FFFFC2A8
00003786
0001175F
FFFFD35A
00006802
0000C404
0001DA29
FFFD2218
0000E3C6
FFFF5A5A
00001CB3
0001D437
00024E9E
0003597F
FFFFD507
00026655
FFFFA098
00032E69
FFFEC396
FFFFF584
000123A0
0002EE97
000094C6
0000F931
FFFF9FCB
FFFFE109
FFFFA986
FFFFABB6
0000BE93
FFFF1FA8
FFFE309B
00009064
0001000B
FFFD6AA8
FFFE5BAB
FFFDDE9D
FFFFC727
0000DC7F
FFFF9B41
FFFC540E
FFFD0D46
FFFCC01D
FFFBB81E
FFFED715
FFFCD734
FFFBC77D
FFFF2AD5
00037275
00023AEA
0000D0AE
0000DE57
FFFEDDB3
00030155
FFFEED34
000167CE
FFFE621A
FFFDD007
FFFDED2C
FFFEE3F4
FFFFE2A4
0001E100
000157B7
FFFCF9E5
FFFEAD93
00035926
FFFEBD51
FFFB6241
FFFC6392
FFFE2A6F
FFFDF878
FFFC98AC
FFFD8C69
FFFEA5E0
FFFC57C4
FFFF54D2
FFFFE26E
00012EC0
000363E1
FFFE6191
0000ABF7
0003BB1E
FFFE3BE2
FFFF75FB
FFFDFA77
00018C32
FFFE73E1
FFFE35EA
000070ED
0001C875
FFFCA2E1
FFFD3CFB
00017435
FFFCF9D2
FFFE79A4
00002C11
FFFC5380
FFFBC415
00015518
FFFC59F5
FFFB6D68
FFFD2396
FFFEB409
FFFE4326
FFFF8DBC
00004886
00009B19
0000EDE1
FFFBC286
FFFBE06D
FFFDF81F
00004AF4
00009376
FFFDDE63
0003B7AE
FFFE0E82
FFFFFF1A
00005F5C
FFFFF416
FFFF7A15
00011BA1
00021906
FFFF0C5A
00017908
00027CEC
FFFE22CF
FFFDDEF9
0000D576
FFFE50DC
0002D635
0002423C
FFFFF9FD
0002443A
FFFFE869
0000E433
000071A1
00026736
00007574
FFFDA25B
FFFC6DDE
00019984
0000EF02
0000F24F
FFFCCCBC
FFFCE225
FFFD9FD3
FFFF21BD
0000395C
FFFE6D75
FFFF6F70
00045805
FFFF9F27
00032347
0001D406
0000E7C6
0000864D
FFFDFE2E
FFFE13D4
00004344
00014B9F
00004A16
FFFF40D7
FFFDF008
FFFDD62D
0001AFB3
0000B53F
0001276A
FFFEF598
FFFDA47D
00003722
0000AC69
00009CA4
00038284
FFFE6556
0005368C
00047F76
00004F9D
FFFF3508
FFFFC8FC
000248B4
00042DC8
0004821E
000012BF
FFFF2092
FFFFF213
000054F2
FFFFD979
FFFCF93F
FFFFCA2C
FFFE58D5
FFFE262E
00000193
FFFDB392
FFFCD65E
00030544
000000B4
000108C4
FFFE72CD
FFFC3769
00028CD0
FFFD6899
FFFE4F6C
00024E81
FFFF5587
FFFDC85C
FFFF886A
00019BA9
FFFE3932
FFFE1BE9
FFFF663C
0001C632
FFFE5A77
FFFDDD93
FFFF22B8
FFFE3F81
FFFEDF96
000281FA
00018974
0001A11A
0002475D
00014063
000294F3
FFFEC913
0002F3E4
FFFF3EC1
0001986E
FFFFAAC8
FFFE348A
FFFC19DB
FFFEFFD0
FFFECF20
FFFC247F
FFFC09D3
FFFC35A6
FFFF7FF1
FFFF579C
FFFBBB3B
FFFEAE25
000129ED
00023C3E
00018860
0001F835
FFFFC53E
0002010D
0002FD2B
FFFFA3A6
0003982B
0000AAC9
00015242
0002C9C6
FFFE4BCA
0001A5E1
00027666
00007411
FFFD624B
0002C692
00004EA4
00024B8D
0004A595
0002A761
000306F3
00044B1B
0003569F
0002A2F8
00003FEF
FFFF70E6
FFFE6920
000042A1
00036219
FFFF2A3B
0000F6DE
0004B714
0002A833
FFFE9A3D
FFFF3B90
FFFF7342
FFFFCEDF
FFFF8002
0003893C
FFFE2F7A
FFFE6504
FFFFD4E0
FFFEF72C
0000409D
00004063
FFFDA52F
0001E639
FFFF84E8
0001D06F
FFFF61DD
FFFCE2BA
0002F9F9
FFFF472D
FFFF12C9
FFFEAA1C
FFFFB7DC
000280C3
0002F731
00024536
FFFFA345
0001522C
0001E0FF
0001B902
FFFFB788
FFFF17C3
0000960F
FFFFF1D4
0002F9E9
00037632
FFFD7647
FFFD42FA
FFFFFF3A
FFFF957D
FFFBA163
FFFD9412
FFFBE73B
FFFF5CEA
FFFE3164
0001286B
00016CD8
00029032
0001CB5B
0000F361
0000BA9F
00025525
00018359
0002AEF1
FFFE912C
FFFE8952
00010304
00005359
0001C825
FFFF1449
00010D37
00008F6B
FFFED860
FFFF4808
0000E043
00021936
FFFD40DA
FFFFF5E9
00007863
00011948
FFFE0383
FFFEABF8
00015AA2
FFFF4B68
FFFF8714
FFFD8A2A
0000410D
FFFF41A1
00039935
000087DE
00003B11
FFFF7DEB
FFFF737D
00023DCE
FFFE5448
00009486
00004E4C
FFFCE6B8
FFFFA92E
00018E44
FFFF9415
FFFF8E69
FFFE5117
FFFEAC2C
FFFFFED2
0000D3D7
FFFF1965
FFFD1DDC
FFFEC281
FFFCFF4A
0002E4AF
000196E5
FFFE31C2
00012900
FFFF75AF
FFFEF6C3
FFFF9C47
00036BFE
00018797
00018D1D
0001A07E
0001F534
0002C55C
FFFEF985
00013BA8
000128A6
0000D2F0
000127C8
00000507
00017CF8
FFFD6578
000245E3
0000DB0F
00009034
FFFFC982
FFFD9E86
0001D6FE
00009036
FFFFC2D9
0002207D
0000529B
FFFF133A
FFFF3DC6
0001F39E
00007E4D
0000422B
00010F7D
FFFF1943
00033D1D
0002D4F0
0001B3D7
FFFFF162
00048F3D
0001AE60
0001629C
00038335
00021C3B
FFFE4536
00000D7D
FFFEE24B
0001BC46
00000382
00006EC4
0001D0C9
0001FF03
FFFFB33A
0000F461
0002EC92
00021016
00030A25
000355DE
00020903
FFFFADB0
FFFCCBAA
0000A86D
FFFD2425
FFFE01EA
FFFEF668
0003CEE2
FFFECA7F
00020C1E
FFFDBFEE
FFFE940F
0000E1AA
FFFDC2EE
FFFF9AA4
FFFFAFA9
FFFC4C76
000176C4
FFFE5564
0006969E
00006FA3
0001433E
0004375A
FFFFD3E9
FFFFCB87
0002ED04
0001330C
00027012
FFFFC522
0002F76F
00011A37
FFFFF6D3
FFFFBEDE
000210BD
0000A1BC
0002CD2B
FFFF8003
FFFEC6AC
00020F2B
FFFFF2F1
00014BF6
0001A30B
FFFFF106
00008493
0001A31C
0000985B
FFFDA6BD
FFFE8887
0000DFB5
FFFDC873
FFFF2E5A
000154B5
FFFCA900
0001602C
FFFF1C36
FFFE33DD
FFFD8FD3
FFFE63C8
00001DEA
FFFEF06B
FFFF67F0
FFFF2F1E
FFFF1B06
FFFEFC30
FFFE54BF
00000943
FFFE99E8
0000E736
000083D2
0001CBA8
0000F3ED
0002EF67
00016FF6
FFFDBD42
FFFF1212
FFFDE3DB
000237F2
FFFE4B40
FFFED396
FFFCB720
0001610B
FFFF43E7
FFFFDCAF
FFFE1D40
FFFFF345
FFFD6D89
FFFE371E
FFFE7DAA
0000D455
FFFD0FDA
FFFE6870
FFFEC5A1
FFFE6953
00006791
0000BFA3
00018088
0001842B
00035FF2
00029C3E
00000921
FFFD185B
FFFEBB17
FFFAFFB0
FFFE02C7
FFFD573B
FFFD1B87
FFFB66A1
FFFFBB04
FFFE2FFD
FFFD159B
00008B6A
FFFE6F07
FFFCD7D3
FFFE3276
FFFFFD12
00010411
FFFFF3E4
FFFF4858
00009F73
00004862
0000E9C2
00007880
00037378
FFFE873E
FFFE224D
00002342
000229FB
00022F1D
000099CA
FFFC7849
00027C43
FFFF96C4
FFFAA7FB
00037CEF
00004572
FFFF7DD2
0002355F
FFFFED8B
FFFF81E4
00016937
FFFFB2C3
00011F86
0001122C
0001ED8C
00000D4A
FFFED293
FFFC8243
00007483
FFFE84AF
FFFE7381
00009CDB
FFFF3120
0000AC09
FFFE9787
00014F94
FFFE9685
000351B8
00003C26
0001504C
0002036C
0001156A
00012ACE
0002939D
FFFFA0EE
00020233
0002B7C2
00015BDF
000259BA
0000F78C
FFFE9554
00043699
00013327
00006DD2
FFFFCA10
000088E3
FFFE5613
FFFCF8FD
00006243
FFFF5F57
FFFF704E
FFFFD3DB
FFFFB282
FFFD9745
FFFD37FC
00011FCB
00026F0A
00013D6A
FFFEF6DC
0002E137
00009AF9
0006475C
00030E45
FFFFE22C
0001FC7F
FFFF78EF
FFFE9C24
00033886
FFFEB029
00028C9D
FFFEFDE9
FFFF2AB4
0003B017
0001EBF2
FFFE9334
0003AFE7
FFFD1C1B
00003CB2
0000285E
FFFE05D9
FFFFC7E7
FFFFDB19
0001396D
FFFCE102
FFFE55A1
FFFD7022
FFFFE8CF
FFFD9B08
00013FEE
00005388
FFFE2098
FFFD98CE
00001FC3
0000840B
000214C1
00035188
00006408
FFFFF546
000451B1
0001A2E2
FFFF72C3
0002393C
00036AF9
00020C69
FFFEE2F3
00027B9F
FFFD1D30
FFFDA731
0002404C
FFFFD72D
FFFC9991
000113F0
00003356
FFFE452F
FFFDE5D0
FFFF7D9A
FFFDBFAF
000015A4
FFFEF822
FFFE5AC7
FFFFA0AE
000179DC
00021C66
00012B14
FFFD79A6
FFFF14A7
00026A48
0001E314
00029149
00031236
FFFDFCE4
0002931C
0001F1EE
0000C6E2
000407E2
00027E00
000299CF
0001F052
000374D7
FFFD9E08
0000D747
FFFFD8AE
FFFE3BA3
FFFD2650
FFFCE6CD
FFFF5FB8
FFFFD78D
FFFE42F5
0000CE73
FFFA9225
00007151
0000A76F
00001E79
0000A98A
FFFCECAB
FFFE77D4
FFFFDB5A
FFFFD53E
FFFF807C
FFFCE710
0002885E
00001391
00024526
0001B98F
FFFFD464
000008C9
FFFDAF6B
0002646A
FFFEFF6C
00002AF1
000049C0
FFFD50D2
0001D0ED
FFFE12F3
FFFDF668
FFFE767D
FFFFF179
FFFFD62E
FFFD7A24
000031C4
FFFDF1E8
FFFF3FF4
FFFDBCF4
FFFE42D8
0001A1AB
FFFD0DB5
FFFDCFAB
000594D1
0004B4B5
00014B11
FFFF7002
0000F054
FFFF67EE
00027629
0004001C
00036BED
00012DDB
FFFD6D92
FFFEF10C
00036B00
FFFF8BA9
000133DA
0001C9B8
0002273D
FFFE8EA0
FFFEF635
FFFC619C
000000A3
FFFC072D
000020BA
FFFE9ED1
FFFDC56C
FFFB76FB
FFFD4667
FFFF81C2
00016612
0000A1A5
FFFEAF15
000383EF
00018759
FFFFC0B3
00022134
FFFF91F6
FFFE5E9D
00021578
FFFFD196
FFFE2035
FFFCD7AD
FFFCA5B9
FFFA67DB
FFFDACD8
FFFEA0C0
FFFD455D
FFFE5A6F
FFFBDEAA
0002CB4C
FFFEF25A
FFFB4F8F
0000CF12
FFFF7A41
FFFB64AF
FFFF2FA6
FFFE54B3
FFFF457D
FFFD85A6
00017162
FFFEE790
FFFDB1E3
FFFF7137
FFFE2F30
0000203B
0000AC9B
00014979
0000A6BB
00039F62
FFFDE7FB
00019705
FFFECD72
FFFE489B
FFFD6F8F
0000E602
FFFDE015
FFFFCB7C
0001D391
0000431D
FFFE6D72
FFFFB79F
00017071
0000BC5F
00009356
00008389
0001089A
FFFEFE17
00022447
00059676
00011D19
000350BB
FFFD3841
FFFBA659
FFFD1819
FFFF9900
0000F6A8
FFFC5572
FFFCEC1D
0000A6C0
FFFCA0A4
00016D11
FFFDAA19
000136DB
FFFFCDFC
0003FE00
00000BDC
FFFF5747
00039465
0000AE26
FFFDC151
FFFC0C94
00010744
0000B413
FFFC7CE2
00012580
FFFF33F2
0001A881
FFFF21AD
FFFC726C
FFFF15DD
FFFFA3FF
FFFC2DBB
FFFCE32C
FFFC1C6F
FFFC648D
FFFFD23F
FFFD210D
00025289
0000C6DD
000150CA
FFFED299
FFFED919
0001E1FE
FFFE3C8C
00008BF3
FFFE7C30
FFFDD182
FFFF00D1
FFFFE070
0000BECD
FFFE6461
FFFC6F54
FFFE92A6
FFFEEC20
00012B0A
00001509
0003B7BA
FFFE739E
00024B22
00014964
FFFFA733
FFFF99D9
00025CAC
000035D1
FFFF68C2
FFFFFB32
FFFEA491
00037B13
0001E2B1
00037550
00033BD1
000353E1
0002AB9B
FFFF41AC
00027A47
FFFE5E03
FFFE60ED
0000F161
00025099
00005398
0000A0D4
FFFDA2B1
0002084A
00009382
0000E4BB
00010030
FFFFD6D1
FFFEC17E
FFFE6F6F
FFFCEB8C
FFFF82DF
000028B1
FFFC4005
00003CC4
FFFE5414
FFFDC1C0
000026ED
FFFD1813
00020F45
0000E27F
000012BA
00003BFE
FFFE1EEF
00010FEA
0001E5F8
FFFE6828
FFFBC905
FFFEBCD8
0000C272
FFFFE48A
FFFDFAEA
FFFBB466
0001ACBF
FFFFBBA7
0000DC4C
0001E4FF
00016AB5
00020528
FFFF3F77
FFFDA698
FFFFE3F1
000094C9
FFFBF3C7
FFFE9D33
0002DE2A
FFFFDD07
000415DE
FFFFC129
0000A09E
0001C66E
FFFEFB7B
0001AA30
0003DBE8
00024B08
00007685
0001D683
0001BEED
00021092
00006FF4
00036DA9
00029E78
FFFF969B
FFFEC4FF
FFFE4CBA
0004269E
00022801
000017DE
0001DCE0
FFFFD031
00030E7C
00016E42
FFFFE6DE
FFFE3699
00031A70
FFFE77A2
FFFF01E5
000192BA
0000363F
FFFFD4A1
00004A5D
000436B0
0001036C
FFFFD2FF
FFFD83FD
0000FBB8
00032F31
00000A9F
FFFF064C
0002AC8F
0000DF70
0002885E
0000161D
FFFEA0D1
FFFDA46D
FFFEE80D
00008580
FFFE4BA8
FFFCF9AB
FFFC47F4
FFFC87CE
FFFC855E
FFFEF11D
FFFF2FED
000074F6
FFFE15DC
FFFFF2F9
FFFEC3F5
FFFD823F
FFFF9E2A
0000CE59
00003BC8
FFFC00BA
FFFF178F
00010DA2
FFFDDF78
00002026
0001E3BE
00002D2B
0001B615
FFFFF49C
FFFE1B01
FFFF4720
000250FC
00007956
FFFEC211
0003F3AA
0004024C
0001DFC5
FFFF983D
0001C3DB
000404AD
FFFFDA64
00040069
0004B706
0003D3FF
0004EC64
000427F5
00015331
00017995
FFFE17AE
FFFEFA10
FFFF54AC
FFFC3890
0002CB6D
0001452C
FFFEBB5F
00036C34
00047502
0001E5CE
0002F9A4
0002EE61
000231A5
00014859
0003952D
00017125
FFFE2EB1
0001F8E2
FFFFEFB3
0003865C
00017C1D
00024F32
FFFF8E82
000281B4
0001CD9C
FFFD5EF7
FFFE79BB
FFFBD446
FFFBBDA2
FFFFD777
FFFC8A28
FFFE787D
FFFEA933
FFFD3B19
FFFE3889
0004364A
FFFFBF56
FFFE9A49
FFFE9A12
FFFF538E
FFFE1D82
FFFEF7B5
0002274E
00014CEA
FFFCE379
FFFA51AC
00013763
FFFEE0DC
FFFFA0D2
0003B041
00002B90
FFFE5246
FFFEA22D
0000AD3F
FFFFCD0F
00016FDE
FFFE662B
0001E1F0
FFFEE51E
00016B18
FFFF905B
FFFE47A1
00027BB5
FFFF9D42
FFFF8584
FFFF4DC7
0001E98E
0003EFC5
0003C199
00002961
0000C341
00022DE1
000025E8
0000C214
0000A3FE
FFFE9B42
FFFEA76F
000323AE
00002F3D
0001098B
000277B5
0002B218
00010A92
00008BAD
00013924
FFFD5E50
00000424
FFFE73B2
0001AB87
0000A984
0002A8E3
00000F3D
FFFE99CA
0003AD5F
000169F2
0001D0FC
0001E9A4
FFFCC795
FFFD30B1
FFFCD490
00010722
00037DA0
FFFE836B
0000F136
FFFF0544
FFFE4694
0001F0B7
FFFF7F67
0001EA6E
FFFF09AB
0003464D
00033F01
00005E9A
FFFDF0CB
00029CED
0001D4B2
00024096
00020452
000078A1
0000C3AA
00047D67
0002C171
0003BAA3
FFFE9F80
00027F21
0001359E
FFFE60B3
00005A4F
00033C80
FFFF0054
0001340D
00000625
FFFFD99A
FFFD472B
FFFFBA37
FFFBDC1D
FFFED610
0001538D
FFFF3115
FFFDD243
FFFEA437
FFFE5E84
0002E756
00013DC6
FFFE96A4
00028399
FFFDEDA7
FFFD6BAB
00036E79
FFFEFAB1
FFFD6193
FFFF40EB
00003CEC
FFFC180B
FFFC7201
FFFFA42C
FFFDB95F
FFFF1AE7
FFFF3299
FFFF56F0
FFFF3A6A
FFFF3C07
0002127B
00010968
FFFDF40B
FFFFE9BA
FFFD6C3D
FFFFC4F7
0000C2A2
00029CC6
0000C1EB
000018E7
00010114
00003660
00013901
00009797
FFFF8DB9
00022802
FFFEE7A1
FFFFC9D7
00019753
FFFD2142
00004405
0002FF01
FFFD5A6C
00003228
0000CFE7
FFFFA76E
000072AD
FFFE1FAE
FFFE1FAD
FFFF9AD4
FFFC73D5
FFFCDD80
00000134
0001345D
00000C15
0001C95E
FFFF6333
FFFEEF35
0003582E
00001118
0001D860
0001E4A5
FFFFB1EE
FFFFFD9C
0001A350
000032A1
0000B972
00024CE1
0003127C
00011119
FFFF2FC1
00011CAA
0003E4BC
00015A27
00035875
00010854
0002721B
FFFEAC44
0003F3B5
000357C4
FFFF6B90
FFFCC84D
0004B49D
000279B1
0001BB3F
FFFF6B3D
00030578
0002F8AF
00005289
00030D85
FFFEAB58
FFFF6BEE
0001F34A
FFFEF746
FFFD66DA
00039C19
FFFEF878
FFFF361C
00014628
FFFE6063
FFFF3766
FFFFA7DF
FFFF5EBA
FFFD593C
00019387
FFFE3FB5
FFFDB616
0001CE28
0002381B
0004C294
000079C2
00035992
000025A9
0001E08E
00001686
00019636
000320CD
FFFEBCC4
00008707
00028C99
0000C51E
FFFDADC9
FFFFE714
FFFF6940
FFFD21F3
00018C5E
FFFF7A19
FFFE4EFC
00034A76
FFFCA9BD
000158AA
FFFF7B47
0002106D
0001FD1C
00024DFE
FFFEDB72
00023340
FFFE64C0
FFFF3B82
FFFF49BD
FFFEEAA2
FFFCFD51
FFFE1829
00017DB8
00007F74
FFFE6689
0001192A
000190CE
FFFECC27
0002B692
0001F57C
00003E7E
00018633
FFFD38AD
00007191
FFFFDE6E
FFFEAE6E
0000A84A
FFFEE7B4
00020488
0000FEFF
FFFE1E88
FFFD9268
FFFDD54A
FFFE4092
FFFDADC1
0002662C
00011029
FFFD7297
00020FA3
0000B75F
FFFD69AA
FFFEA24E
FFFE55B3
0000E4FF
00026B4D
00014EC8
FFFDD12B
00026C81
00015FD0
FFFEA2A2
FFFD61D2
FFFF8A64
FFFF62F6
000158CB
FFFDE5D0
FFFEB3CC
FFFFB8FA
FFFF2341
00000D36
0001F7BE
0000A2FF
000307F8
00026F9F
00006A58
0001AAA2
FFFE3A56
FFFF2D4B
00000720
FFFEE225
00013120
FFFD5623
00019634
FFFEB5FC
FFFFAD51
0002B72E
0001F498
00017E29
FFFE6F71
0001C652
FFFE9FA7
FFFF7742
00022291
FFFE40B3
0002AB7D
000106DE
FFFF9434
00022B61
000125CB
FFFE801B
FFFF3334
FFFF5109
0002A4B6
FFFF68AD
0004007A
0000C0B8
000020D3
0003BE15
00037967
00020DA3
0003DE7A
00048AD4
FFFEE9F5
000094F8
FFFF428F
FFFF2776
000263FB
00007277
00003CDC
FFFE2291
FFFE440C
0001721D
FFFE0B9E
0002D260
FFFF1459
000314E1
00017AAF
00016382
0001A4ED
00003528
0002EFA9
FFFFA2EE
00003AEC
0001EC9A
00006CC9
0000DE02
000129BD
0002270E
00019BA7
0003C435
00023C0B
00010474
FFFF2AF9
FFFD65D3
FFFFCC0D
FFFD0EC5
FFFD3949
FFFEB3F5
FFFDA4AE
FFFD0DC1
0001950E
0000E99A
0000D846
00020E9C
FFFD9601
FFFF8769
0001461A
FFFDB61A
00024CE1
00061EE9
00033D14
FFFDF229
0004047B
00049265
00026535
00025E36
0003D61D
00017595
FFFD93E9
FFFFA201
FFFE69D6
FFFFC39B
0000F4A2
FFFF53C4
00039F7B
0000EECB
FFFDC36B
00016DB2
00008741
FFFEC795
FFFE3EAA
0003B326
00036B1D
00027038
0003172C
00050625
000010A5
000284C0
FFFCBB9B
00008042
00032930
000122D5
00008E67
0002C440
0000AAE8
0000DE6D
FFFFD508
00009B2A
00038D27
0002008A
00031B74
0002E82C
0002574B
0000B458
0002C9F3
000309D1
0002E6B3
000125C0
00015988
00026C20
0001AE03
000000DC
000075D2
FFFEE23D
FFFE70FC
FFFFB83E
FFFC7ECC
000065F2
00001CC7
000092C9
FFFC33C5
FFFF3FF2
FFFEF9D9
FFFFD496
FFFC4A85
00008B29
FFFD9EFA
FFFF1F3C
FFFDF157
FFFE63EF
FFFC231B
FFFE6566
FFFEEF55
00015604
FFFF581B
0003026F
00028D59
000034CF
0001207C
0002C4FD
FFFE5F80
00014F8A
FFFD9714
00013C8A
FFFED4AD
00011F99
FFFD0D17
FFFE276E
0001A875
00016BB0
00003068
FFFFBDC6
00001465
FFFFFF5F
00026CDC
00023545
000122BE
0000CB07
FFFCDBD7
FFFF1C4E
000020DC
00016D13
FFFE4F38
000226F4
00007C95
FFFE64A3
FFFE444E
00010E47
FFFF3333
00007393
0003546B
0003538A
0001D34D
0001C0D1
FFFDE6A9
00017212
FFFCC5D6
FFFC3203
FFFF462D
FFFE9F8C
FFFD81EF
000163EA
FFFF5D02
FFFF1D86
FFFE8FCA
0002EDA6
0004CFD2
000529C0
0001EFE6
0000A3DC
00015F46
00033AFF
00014A3D
0002D6A0
0000D89A
FFFE3952
FFFED4D6
FFFD9EB7
0000A172
FFFC5034
000060A1
000109D5
FFFDF311
FFFF1201
00015FEA
FFFF601D
00035800
00006E1E
FFFEF481
000039C4
FFFFFE98
0002FD9F
00031C52
00028624
00003072
00014AFB
000255C8
FFFEC380
FFFF24C7
00040D7C
00021F14
000016B8
FFFF5151
0000FD62
FFFE6DC2
FFFF78D5
00000BFC
FFFF6FC1
00021BCF
0000B3EA
00027BB8
000085E1
FFFF7F92
FFFFDB35
00013054
FFFF3CEF
FFFFD3FE
FFFE5766
FFFE76C7
FFFEB31A
00001CFB
FFFF5607
FFFEED4C
FFFFA762
0001011A
00017DBC
0002E7FE
FFFE7CBD
FFFFF69C
FFFD9111
FFFC5AE7
FFFDD86E
0001CE26
000098CD
FFFC383B
FFFFF51F
FFFD0B02
FFFF7B99
FFFFE26C
00021367
FFFF6DF4
FFFEA723
FFFEEDBA
0001B297
FFFF7777
00020E2C
00012481
00033526
00034479
0001E2F3
00015DF4
000098A0
00027ECC
0000277A
00011F50
00000557
FFFE7182
000124B2
FFFEEB9F
0003392C
00003DE0
FFFF38A1
000081A2
0001D782
FFFF447A
000021C7
FFFE7B69
FFFDBBF9
00001407
FFFEAAB5
00007451
FFFF7320
FFFEC6A1
0000B236
00015A59
FFFEC933
FFFFEA34
FFFDC61C
FFFFCA9E
0000237C
FFFFDF4C
FFFDB28B
FFFFD0E9
FFFCBDA3
FFFE0F76
0000BC69
FFFD4159
00007F9A
00021AC2
FFFDC15A
FFFCA25D
00005BB1
FFFDC60B
00018ED3
FFFF0FDC
0002241A
FFFDDEB8
FFFDC8AE
FFFFDF77
FFFFCA37
00015FFF
0001FF15
00032C8E
0001CDB2
0002B17C
0000D1AE
FFFFA721
0000CB4B
00033114
0001AA23
0004F3A0
0002DCEC
00055B46
00013570
000173AC
00033B6F
00011F6D
FFFF5CEA
FFFFB9A7
FFFE9A77
FFFC5044
0000B2D1
FFFFB383
FFFC86BA
FFFE1466
0000F991
00007EA0
FFFE6FD0
FFFD9478
FFFEC385
FFFF76E5
FFFE0379
FFFECD61
FFFD231E
FFFFC9CE
0001B850
FFFF4FD6
FFFEA01B
0001E636
FFFDEA3D
0000B92F
FFFF0595
0001ED6F
00011F36
00014CA4
FFFFD4FF
FFFFA453
FFFBCD5E
FFFC6A07
FFFDD578
FFFBEF18
FFFC487C
FFFC7C9D
FFFE733E
FFFCF051
FFFCE619
FFFDA5CC
FFFD37E3
00027626
FFFFC8B7
FFFCF673
FFFEB5D8
00000C2B
0002E817
FFFFE9E4
FFFED892
0001D71E
0002D7C1
FFFDCECF
FFFF405E
0002FD55
FFFFE79C
FFFF6C78
FFFEB130
0001E8CE
00008980
FFFF2448
0000593D
000163C6
FFFE2CD8
FFFF804B
FFFF7190
00019EA7
FFFF2D35
FFFFCED3
000094F2
FFFFD8F6
0000161C
0000226D
FFFDC207
FFFFEC70
FFFD69E8
FFFE5E24
FFFD4211
FFFB0F08
FFFDC5A3
FFFD9DF3
FFFD6B97
FFFEAEE9
FFFF4197
FFFEDC85
FFFF5C48
FFFF4343
FFFE8143
FFFE2455
00000F5D
FFFEE53B
FFFE87FE
FFFF5C32
0001F628
FFFF8AEA
FFFD2A75
000038A1
00018438
FFFE3747
FFFEFDDF
0000667E
FFFFD641
FFFFE127
0001A9B8
FFFE860F
FFFE893F
0001F630
FFFF898C
FFFD779C
000193A2
FFFD4005
FFFF4F44
FFFF4720
FFFDF4CB
FFFEFCB5
FFFE3D23
FFFDD657
00008C82
0000A62D
0000AD16
FFFFA78E
00028EE4
0001A590
0000DEA5
FFFFB062
FFFF1B6C
000173B1
0001745D
FFFCB9D2
FFFE4DA8
FFFF0EC6
0000428E
FFFECE4F
00021D38
0000C4FB
FFFE64D6
00010FF8
FFFD6D16
FFFE5DE5
000081DC
FFFFABDD
0001E902
FFFFE641
FFFE0A18
0000FAEB
00006FF6
00019631
FFFF1C43
0001F9F4
00029A23
00008B21
0001CB5C
000280E5
0000AEC0
0000A9A1
FFFFE798
FFFF23F8
00000BE7
0000FFA3
FFFD555E
FFFED66D
00003B5F
FFFF4BB4
FFFD74CA
000078C6
FFFFB7DB
0001853C
FFFCB573
FFFEBC5B
0001C065
FFFFD602
FFFF7A45
FFFECD7B
0000F7F3
FFFD3853
FFFFA28C
0000B9F7
FFFDFD53
FFFEEA79
FFFFFA4F
FFFDB81E
FFFF3824
FFFFB484
FFFEC856
00008E6E
FFFDEF89
FFFE3B09
00014177
0000D7E5
FFFCD60B
0000C9A1
000188A0
FFFFE20B
FFFFAE03
FFFDB52E
00004E63
0002EB43
FFFE922C
FFFEE4FE
00001AE2
FFFCF6CC
FFFFDB81
FFFF5BC0
FFFF3262
FFFD874E
00008138
FFFC6942
0000051A
FFFD0A1E
00014EFB
FFFF7AA2
0000834A
FFFEEA73
00019F62
00019BA3
FFFF1B95
FFFD6F96
FFFE2C32
0002CE71
0002B17C
FFFF3E83
0000879B
FFFED3D9
FFFFD655
00029C6F
00001E68
0002997E
0000D8E1
0000E0EA
00016D0D
0002A77D
000477B1
0002EF9B
000344AA
0004F9CF
0002A5F0
00000BA1
FFFE48D4
FFFF1A3A
FFFFA793
00015CFC
000285E1
000061F1
FFFDBFBE
0003803B
FFFF6EA3
000167DF
FFFEDBDB
000041E4
00019FE7
0000D07F
FFFED61E
0001AE2F
FFFFD264
00007582
FFFFED15
FFFD3F61
00028EF2
FFFF7850
000242AA
FFFE7DAB
000222E4
00024796
FFFFCB92
00012E52
FFFD4EAA
FFFEAAA6
00014E2C
FFFF5221
FFFDC7D1
0000C4E4
FFFF3D6E
00033327
000238BC
FFFF96C1
FFFF4BA8
0002BF7A
0003475A
00010FDF
0002CB82
00033BD9
FFFF21DD
FFFDD9DB
000096E0
FFFE361B
000100A2
FFFFADE3
FFFFC991
FFFEE60C
FFFED15E
00024717
FFFDB2B3
000037A4
FFFEFB53
FFFEE40E
FFFFEB1F
00014F81
FFFEB4C9
00008563
FFFF1705
FFFEE31E
FFFD10C7
FFFFEF87
FFFFBDB5
FFFFC17A
FFFFA61B
000040D5
FFFFA00C
FFFED363
FFFD5E96
FFFE8FCB
FFFE6312
FFFCD30A
FFFE1735
0000D752
FFFD657E
FFFD14C9
FFFF568A
0001515F
FFFE269F
FFFFD885
00025EF3
0000EE1C
00003F85
FFFF6085
0001497F
FFFED2FA
FFFF1D6C
FFFE7FEE
FFFF2012
FFFC145F
FFFFA3BA
FFFCD64B
FFFE3421
FFFE9BCE
FFFEC211
FFFEE21E
00006E5B
FFFD99EE
FFFEFFF0
00005434
FFFD8F5E
FFFF457D
00001569
0000445B
0000ED52
00028CDC
FFFE980A
000179DB
00019B4D
FFFDB7EB
FFFD57D2
FFFDB29C
0002EC29
FFFF8E05
0002DF35
00033540
00030458
000143ED
00030CEC
0002F50D
0001A9A9
00000846
FFFF321A
FFFEA932
0000D559
000123C2
FFFF51B3
FFFDD538
00003E58
FFFE8330
00011337
00025CBF
0001E742
0002587D
FFFF84AE
FFFF3A9D
FFFF3289
FFFE61A2
000247A6
0003F036
0002AFBE
000199F9
00024E74
00030D90
0001F315
0000837B
0001E3E1
0000D15C
FFFFB215
0001847C
FFFF5486
0000315E
0000BFD9
00025C12
0000E7DE
FFFEEC7C
000162F3
0000ABE9
000109EE
FFFF4BC7
0000294B
FFFF7C29
000217D6
0001EBE7
0000DD03
00033830
FFFCC3CE
FFFD6228
FFFF71F5
000220BB
FFFDA74B
FFFE8B1F
FFFEA495
000187CC
0000F366
FFFD038F
00008C10
00000F55
FFFDD0FD
FFFEE171
FFFEBEBE
FFFE5392
FFFDA582
FFFEC94C
000481EA
00044ACC
00026074
FFFF5487
FFFFA083
00002CE1
00009F00
0003F73C
0000C797
00015D52
00006900
FFFE3146
00019245
00024EC0
FFFFBEE1
0000F1CD
00015FD9
00009D18
000178DF
FFFF06B0
00017E45
FFFFC5E8
00004ED5
0000C900
0003581E
00015E00
0004892F
FFFEF1E2
FFFEA760
FFFCEB86
0000B1F4
FFFF4813
00008E80
FFFF2842
FFFFE997
FFFE4C7E
FFFF5B4E
00012087
FFFF1E8D
0001DE8D
00012DF1
FFFFFE37
0001140C
00028CE2
0001C48D
0002609C
FFFFD0E7
00007277
0000A0FD
00038597
0001E18A
0001678C
00005CF2
00002C56
00003FD5
000065AD
FFFD8B2D
FFFE1D40
FFFD2352
FFFDA567
FFFF934D
00007C3C
FFFDC01B
FFFD0F48
FFFD8359
FFFE664A
FFFF5D52
FFFED620
00007A97
FFFEC386
FFFE82EC
FFFFA447
000188C0
000199FA
00017E5C
00011326
00033E1C
FFFF8FEC
00000E7A
00016B11
0001DE30
FFFC6DD5
FFFBFF11
FFFE25FC
FFFD08B1
FFFDC9E5
000087B3
FFFF0C8E
FFFCBDB3
FFFFEE39
00007261
00011CD9
0002A5EB
00005995
00017B44
FFFFBA94
0000BFF2
000006E5
0002ED85
FFFE640B
FFFFE8C3
FFFF16C6
00024AE6
FFFE28F9
0001D58E
00008971
0002736C
00018193
FFFEC63D
00017F44
FFFDC315
00021B5E
0000AEF4
FFFFD61C
0000698F
00015603
0000C56D
FFFF9E93
0002DA0B
00020D2E
00026B4F
0002E129
FFFF74ED
00011A9E
0003FB80
00030CD6
FFFF95A7
00025BFC
FFFE83DF
FFFDCEE7
0000FE2A
00001062
FFFFE5F0
FFFE2974
FFFED12E
FFFEDA3C
00007BD5
0001D097
00016712
000167EB
FFFFDBB2
00021CDD
0001FECC
FFFEEDC6
000149F8
000023BD
FFFEC535
FFFE9B5A
000247D6
00006955
FFFE5872
00004258
0001F686
00011601
FFFD86BA
FFFEDE95
00013C33
FFFD71BC
00007CCA
FFFF8BB2
0000D331
00007839
FFFE0865
FFFEF8F3
FFFE882C
0000567E
FFFEC663
00002053
FFFEFC24
FFFF013D
0001043C
00006554
00020CFB
0001179C
0000C60E
0000845A
FFFF4BEE
FFFE1A5A
0002F79C
FFFDE507
000311CB
000091F7
FFFE63CE
FFFFDCA6
FFFFB2F9
00008E07
FFFEF798
0000F6A6
00009FB2
FFFD3590
FFFEC8F8
FFFE3C14
FFFE43FB
FFFEC4D9
FFFD5B3A
000083EC
0000E9A2
FFFC6EA6
FFFF0CDD
0001005C
00012635
FFFEFD30
FFFFE0A4
FFFFBB6B
0000EE52
000110C7
FFFFF5BA
0000B843
0001F7B5
00006852
FFFEF47D
00010C28
0000260A
FFFEE34F
0000E090
00028E72
FFFF86E5
00013121
FFFF3491
FFFFAD55
0000DACE
FFFF635A
FFFFD682
FFFE1B06
00002327
00001A8C
FFFE5D50
FFFF5502
00002742
0001083D
FFFE6573
FFFF2D75
00001D88
FFFE7DF2
FFFF1CD2
FFFE31C5
00008B33
000088A6
000058BC
0000481D
FFFEA6C6
0000124C
0001E73B
00003D4B
0002E1C1
00015ADE
000097DC
00020AE4
FFFFF973
FFFED34E
0000935C
0002A26D
FFFEA41A
FFFD22D5
00004FAC
FFFE70A8
FFFDCADE
00009760
00017C8E
FFFDF335
FFFEB58E
0000C622
0001543C
FFFFE4E9
FFFDD7F5
FFFE93B5
0001A5FF
000152C4
000168DC
00022A5C
00019166
0000EF9A
00039C85
FFFF111C
FFFE9E38
00005AEC
00024FFD
00035487
0002B1A6
00006B32
FFFF6E72
FFFDD705
000189EB
FFFEC0D5
FFFF5305
FFFFE778
0000956E
FFFDEEDD
FFFD6727
00012DA2
0000E017
FFFDEB48
FFFE1461
FFFE3160
FFFF7674
FFFD34A4
FFFEA9D6
000151B5
FFFF169C
000186BE
0001AE0E
FFFF17C0
000154D0
FFFFCB12
00000FAA
FFFF34BD
FFFFBF27
FFFE9BEF
0000237A
FFFEEC15
000053D7
FFFFCFEE
00018E8C
FFFF90FB
FFFFAA91
FFFE1B28
00007D91
0000D222
FFFE3F5F
FFFF5138
FFFEA6D1
FFFE2CD3
0000F27D
FFFDBF23
FFFFA855
00007F04
0000FCB9
00002964
0000F5F3
00005F79
000179AE
FFFEBA37
FFFF10E3
00002563
0000847B
00005150
0000571C
00002CE3
0000EBFC
0000AD7E
FFFE2745
0000ED6F
FFFF2D79
FFFDEA86
FFFE6559
FFFFAD54
00005E9D
FFFC42A4
00004653
FFFDC1D3
FFFD796E
000195D5
0000E35A
FFFEFC7D
FFFF8C9C
FFFF8959
FFFE774F
0001F7E0
0001C5E8
FFFF1B77
000008A4
00011A61
FFFF7430
FFFFC8C8
0001827C
00007153
0003713E
FFFF493D
0000AEB5
FFFF9CB0
000090AC
FFFFC4AC
FFFDD1C1
FFFF3FE0
FFFF7B2C
0000D612
000044ED
FFFF8CF4
00018321
0000109B
0000E615
FFFF9C53
0000017D
FFFF544A
0000D299
FFFFCFCA
000088AE
FFFE7138
FFFEC1E4
FFFFF691
0000F9DC
000046B2
FFFE7D78
FFFE6E87
0000E4CA
FFFF821C
000044EF
FFFF24F6
FFFFE3DC
0000FF70
FFFF32E6
FFFF067A
00006CDA
000070AC
00001226
000064A6
FFFF9BD8
0000542A
FFFF92D8
000021A4
FFFFE2D5
0000D833
FFFF34BB
00000A90
FFFF170E
FFFDCCC5
FFFDD41D
FFFED77D
00004188
FFFFCDF7
FFFD8FC4
FFFEECEA
FFFD3790
00016A9C
000009A1
0000EC1E
FFFF0993
00004B8C
FFFF3213
000269FC
000160A8
0001D184
000010EF
00005E2E
FFFF8F5E
00005472
00018492
FFFFC25F
FFFE56F0
00003936
00014DA5
00003CE8
00028E29
00004BAA
000136E0
000202AF
FFFE86C7
0001DC7E
FFFF7FA3
00001A0D
FFFEAE3C
00017C25
FFFF0CC8
00026F75
00010F01
000171F8
00006E32
00010286
FFFF1BE6
00002447
FFFED373
00001F5C
FFFFD986
00018CF1
FFFFE508
00009001
FFFF25E6
00013B66
FFFF8354
00008C1B
FFFE5D5D
00010322
FFFF01E6
00001D97
FFFFBA0E
FFFDB666
FFFF1EF4
0000DE99
FFFDD656
FFFF76BF
FFFE4B8B
FFFF4DDE
FFFD275F
FFFFC2AA
FFFF4BDB
FFFD0C9C
FFFD9037
FFFEDFED
FFFF2B83
FFFF679E
000094BC
00002D2F
FFFEE683
FFFDB690
FFFE146C
FFFF4C90
FFFFB87D
FFFE0C7F
0000102C
00000FEC
FFFE72D1
0000D712
0000E617
FFFFC3D6
00009F6F
00015B8A
00028C8F
00010258
0001E1B9
00019F6A
FFFFC53A
FFFE87A3
00005772
0000810E
0000E15A
00018CDF
00007305
FFFFFAAC
0002A5B3
000093CE
0002157D
FFFFEFBC
FFFFCF0D
00020DCC
FFFF0FF2
FFFF6FBA
0001221F
00019473
00002598
FFFEDD6C
0000AB4F
00005351
00002991
FFFFEC6D
FFFF61F9
00008E13
0001FFAA
FFFFFE93
FFFFF387
0001A5CE
0000B24A
FFFFFF4A
FFFF0D4E
0000A5E7
0000498B
00000307
0001AA91
00023F2B
FFFF8745
FFFFE401
FFFEBFC9
00008760
FFFE2C02
00014D2A
00002B76
0000472F
FFFFE1FE
00005BC5
0000FEF4
00016AF1
000106AC
0000C6C5
0000FB14
FFFECA1E
FFFFA891
00002B5F
00001FDC
FFFFBD24
FFFF0850
FFFE5044
FFFE7F8F
FFFF23AA
000024E5
00004F20
FFFFDDDA
FFFFDC8C
0001253F
00002B6E
FFFFAE1A
00003058
FFFE3F7E
FFFF6E3B
0001CAD3
FFFF98E3
000133B9
000043F5
000094BC
0000D863
0001BE2B
FFFFAF02
FFFF0322
0000A023
000049D6
FFFDDE84
000180ED
00001062
0000CDB3
FFFEBD6A
0001A946
00022D5A
0001835F
000231C7
0002866C
00009436
FFFF3D94
FFFE2720
FFFF7E15
FFFEEBC0
0000705D
00003FA4
FFFE6CBE
FFFDE93D
0000E546
00009AA3
0002025F
FFFE6527
0001E5E1
0001F773
FFFDF800
FFFEF32F
FFFF0A5C
FFFF5412
00017E3B
00017626
00000138
FFFF7146
00003617
0002C9E1
0001DF7B
0000A5BA
FFFE6198
FFFD4C5F
FFFDCA87
000090F3
FFFF7A25
FFFD7757
FFFD9A6A
FFFF5A88
FFFFA25C
00012F09
FFFEBA2F
FFFF81A9
FFFED46C
00001ED7
FFFE8572
FFFF2B20
00017A0F
0001F8CF
FFFEA43E
FFFE5839
FFFCD5D4
0000AAA8
0000A3D6
FFFDC37A
000041E9
00006A44
FFFE462A
FFFFB371
000149AD
0000C01E
FFFEFC88
FFFDF7E5
FFFEAED3
FFFEA070
FFFFF2BD
00007FAA
0000A720
0000CB62
000030E5
FFFE91BF
00014A59
FFFFCDDE
FFFE8DB1
FFFDF6D1
0000D3A1
FFFF79BF
FFFF07F0
FFFF4660
0001401B
0002B7CE
FFFE3A74
00000D92
FFFFF1A7
0000EB10
0000D522
000036AE
000197D4
0002F76F
FFFF9023
00019B75
0001A068
FFFD8E4E
00014A8E
0001C8E4
00009D1D
0002A4B3
00018D57
000194EE
0001A190
0001F1CE
00007654
000140B5
FFFFE4BC
FFFE1B2F
0002343E
FFFE0A2A
FFFE3BCC
FFFFB65D
0002D081
0001D685
00028638
FFFF6AB3
00020B2D
0000C695
FFFFFE6E
00017426
0000EEAD
0000A31E
FFFFAB29
FFFFF53E
FFFFD30A
0000ADBD
FFFEB5FB
FFFF8155
FFFF27FC
FFFFE436
0001BD22
00021E96
FFFEA181
0000ACD4
000111E7
0001AD50
FFFEB069
FFFF944F
FFFE8106
000188E1
00002B15
000077A0
FFFDCCCD
0001F116
FFFE13B5
0000241E
FFFE92A5
0000816D
FFFF6F12
FFFF8082
FFFFB634
FFFF5B6B
0000D0EF
FFFE9991
0001F60B
FFFF1C4F
00014D44
FFFE6B16
FFFF681E
FFFDC618
0000A517
00000A17
0000035F
FFFE0AFE
FFFDD4ED
FFFD36B3
00025053
00008728
FFFF7441
00012050
0000272B
0001A227
0000218A
FFFF7EB0
FFFE3CF6
FFFF2CBD
FFFFAFB7
0000DFB0
00015FAD
00017911
0004C741
00037B64
0003FA5F
0000C7AE
FFFFF998
00019901
0004F866
000199BB
000255A1
0001E8FD
FFFE9F4D
FFFEC833
FFFEB201
00012EC5
0002523E
FFFF6D42
FFFF92F9
FFFF535E
0001DD6B
FFFF4D9C
FFFE929E
00018E60
00027BC8
0000DDC6
000325D3
FFFE00AF
FFFE763E
FFFFEE25
FFFD3085
0000BD0E
FFFD50BE
0001D6DE
FFFF471C
0000EC7E
000162E8
FFFCDA29
0000EBE3
FFFC9BEC
FFFC9C89
FFFE01B6
FFFC9612
0001298D
FFFDDBA6
000026ED
FFFECD3C
FFFCD7E9
FFFF12C4
FFFC0EA9
FFFEF42F
0001DA4D
FFFF49FD
000057FC
00038A09
0002B331
0001B2D7
00011A6C
00018107
FFFE137B
0004E4D0
000103C7
0001CF47
FFFE5739
FFFAA32E
FFFC3105
FFFBF150
FFFFB03A
FFF9378C
FFFF761D
FFFFBFDC
FFFAEF36
0002FD11
0002F8D1
00054AE9
FFFF3EEC
FFFECE6A
0002186F
0003739D
0000F740
0002F151
FFFD226F
FFFD03EE
FFFE9E6E
FFFFC003
FFFE6921
FFFE4B91
00015113
00009C74
0000DD05
0000CE9B
0001A378
00018ADF
FFFDD8C8
000067DF
0001E401
00012D4A
FFFFCACC
0000DCAB
FFFB15FA
FFFC6FBB
FFFA8909
0001F451
00003C65
00006C8E
FFFC72B4
FFFF9565
FFFFE4A2
FFFE9368
FFFFC0CF
FFFEDAD4
FFFF4A2A
0000F0EE
FFFF60FE
00013409
FFFFCF10
0003107B
0001067F
FFFE108E
0001AA70
FFFE511E
000043A8
00010C2F
FFFFFF93
0000726B
FFFED9AF
0000BC3C
00021352
FFFEBF95
FFFEE96D
FFFF746B
FFFDBC4D
00009D8B
00026362
000276AD
0001B31D
0000B2EA
FFFE8AD9
FFFD01E7
FFFC177A
FFFA5B2C
FFFCCF71
FFFFDFD0
FFFF6B29
000307BF
FFFEB5C0
FFFEDDF9
FFFE860A
FFFB1D9A
FFFDC639
FFFD85FA
FFFFD55F
FFFD3E1C
FFFED336
0001BF7F
00026ECB
FFFE96DE
FFFD4E34
FFFE565B
00002578
00003D30
0002950A
FFFEAD36
FFFFF72D
0002D12A
FFFDFF48
0001A03E
FFFE0D31
000073E9
0002B27D
FFFECB2E
FFFE92B2
FFFF7C75
00009737
00003F6C
0003298D
000051FC
0003F9C5
00044589
000321AC
FFFE6FB5
FFFF5D8D
FFFCF6D0
FFFF4E1B
00008B63
0001E25B
00015776
0002CBB9
FFFFAF44
0001DEBC
00008189
FFFCBF8E
000021A6
FFFD164D
000027D0
FFFD4912
FFFC292B
FFFC3CB0
00011F78
00009394
FFFF246A
FFFFBF94
FFFEE14E
0002C4AD
00014427
FFFC4495
0000F698
00035E8E
000459A8
00013C06
0000C0C1
0001AF8D
000355CF
000221C4
00031B26
00016FCF
0001A839
FFFFC0C6
0000BC74
FFFFB831
FFFFF6E5
FFFFB56C
FFFF8EC4
FFFE4BD6
FFFFFCF2
FFFFE1CE
00022301
00019615
00017C46
FFFEB9AD
FFFF4149
00019A62
0003B723
000385CB
FFFFC796
FFFC9FCC
FFFF0281
0001DC70
00018BC6
FFFDC0B3
FFFF8B1F
FFFF545E
FFFE9234
FFFD2803
FFFD2F52
FFFF1780
FFFFB51B
0000F9D2
FFFFDCE0
FFFDCDE3
FFFEB29B
0000DB27
FFFE9493
00038FB7
000262AF
FFFEDB33
0003A47A
0001FD13
FFFE31AB
0001E65C
0001F26A
00015EDE
FFFECFC4
FFFB98B7
00007688
FFFF9A0D
FFFE31B5
FFFE09E8
FFFE7980
FFFE2865
FFFC0050
FFFDBC91
FFFF4B32
FFFFF783
FFFE61DC
000217E7
FFFEC877
000030C9
000023A0
FFFF6EBB
000134D0
00012BB9
FFFE47B2
FFFD5CE2
FFFC5842
00005B4C
FFFDED43
00001AC6
00016CC7
00028916
FFFF32C1
FFFFD99B
0000D07D
FFFEE9B2
FFFDFEF1
FFFF031C
FFFD0F65
FFFC68A3
FFFFA215
FFFFD317
FFFDD28B
FFFF48E6
000036CC
FFFFA9E9
FFFD7653
FFFCFC97
FFFE4675
FFFF8317
FFFC767F
000296B5
0001D323
00032F32
0000F148
FFFF8171
FFFEF444
FFFEBBF4
0003624F
00007D48
0000D576
00035DBA
0000E7DC
000166EA
FFFFA927
0000B9D7
FFFE8FC3
00018064
FFFF5B90
FFFFC845
FFFC6FC5
000021FC
0002C1D3
FFFC0786
00019D60
FFFF0F7A
00021CE0
00015C24
FFFDAF64
0000BCBF
FFFFFBBE
00022B4F
00009976
FFFE0665
0001FE18
00002EE7
000052CA
FFFF3B74
0000719A
0000331A
FFFFADA5
FFFFD45E
FFFE9DA6
FFFFDC62
FFFBD551
FFFD8707
FFFE50F2
00010450
FFFEC0A9
FFFDF26B
FFFD2ECC
0001FDAF
FFFE30A9
000096B4
FFFDF9E1
FFFEB815
0001C08E
FFFB96C8
00009315
000188D4
FFFD9A6E
FFFE5754
FFFDD91D
FFFF8D33
FFFF3B3B
000107B1
FFFEB54D
000248F7
00015426
00002E85
FFFF46E8
FFFD1A35
00004C93
000359F1
FFFD83AD
0000DC36
0002F2F5
0003AD4D
00026A14
FFFF68C3
FFFBB21B
FFFE7D75
FFFFB32A
00032763
00000989
FFFD337C
FFFB644D
FFFD98D2
00025941
0002BDCD
0004D6FA
0001F90B
00014D6A
000212F9
00018502
00040471
0001B790
00007D85
FFFDE5FC
0001ACEE
FFFD4542
FFFF334C
FFFE3F9A
FFFFCA99
00005D9E
00017B11
0001CB05
FFFE12A5
0001D382
FFFFD910
0000F0C2
FFFEEBFC
0001AA4B
FFFF7FC6
FFFFD40B
0001D69D
000199D7
0000881E
0003382C
0001CBEC
0003443B
00001075
000356FF
00002C2E
FFFE0BEF
FFFEDFDE
FFFBD363
0001B322
00012ED7
FFFD5677
FFFCC1E9
FFFE8653
FFFCFA90
00006947
FFFFA885
000403C8
0000BDC6
00012F7D
FFFFD448
000151BA
0000507D
00000C42
FFFD1E43
FFFE4924
FFFAA4E9
FFFFD76A
FFFCAF1D
FFFCEF04
FFFEEFE1
FFFDF18E
FFFCFAD5
FFFF8A8E
0003DD10
FFFE5AF3
0003CC40
FFFF5E2D
0001412C
FFFE0830
FFFD57E2
0002A259
FFFF3F3C
FFFBCCCF
FFFE7809
FFFCF629
000191B2
00022FB7
FFFB5C92
00004C7D
FFFCAFD8
0001FC5C
FFFF93E9
FFFFB1D2
00003329
0001EA50
0001F465
FFFF0946
FFFE0C4A
FFFEA000
00026EB8
00036145
00027739
00039B09
0001F351
00015B0F
FFFF15EA
000090C0
FFFF890C
FFFE2692
FFFE5D5A
000155E0
FFFE31E6
0000111F
0002FD48
FFFE0200
FFFF4D75
FFFEE04A
00007EF8
FFFEF990
FFFE78CE
FFFECD13
FFFE998B
FFFE1CBA
FFFE10C9
FFFE104B
FFFE9A20
FFFFE17F
FFFD411A
FFFF4E6B
00020A2F
FFFDCCD7
FFFF831F
0000521F
0001C80D
FFFFD77D
000245BB
0002C0FA
FFFCA7AC
FFFF9532
FFFCCA33
FFFE78EA
0000198E
000003E3
000130A8
FFFDB524
FFFD50C5
000171EF
FFFD9CBB
FFFFEE79
FFFCE037
00024938
FFFFA84D
00011CBF
00019B50
0001F94E
000254E6
0001ABF7
FFFFB226
00010CED
0003B960
0003B640
00025869
00023725
FFFF87B6
0001307D
000174F0
000107D0
FFFF24E3
00013309
FFFF933D
FFFE3751
0000F6D7
FFFE0C22
FFFDA1A1
00002A56
FFFC15DB
FFFFFF2C
000009EF
00002F8A
00003BB7
0002071B
00009E70
FFFE8189
FFFFADA8
0001AB42
FFFEB236
FFFE1F51
FFFF4AA2
FFFD4CBD
FFFD6CD2
FFFED0AC
0001F541
FFFCE000
FFFE202F
00021F18
FFFEC40D
00018D5A
000093AD
FFFEC1B9
00012B67
0001F007
0000B00C
0001084E
000188FD
FFFD5040
FFFE80E5
000254EB
FFFE076C
FFFF03F1
0001FB03
FFFDF3DC
FFFE5A36
000082C0
00008EA2
0001561E
00022BD7
FFFD9770
FFFD69B5
FFFE0E2F
FFFF00E6
FFFCAEA6
FFFD3FEB
FFFDC45C
FFFEFD11
FFFE4B26
FFFF4615
00001665
FFFFB6F4
FFFEE7D6
FFFF6D44
00020C19
FFFE0E60
FFFE27D9
0002C53C
0002BA19
00028B03
00001C19
0001459D
0001FFEF
FFFF6C49
FFFECB4A
000234F5
0003296C
FFFE9B37
FFFF8B48
FFFBECD8
00011A00
FFFF4489
FFFC7A85
0001C468
000055E5
FFFD4F9E
00001C87
FFFD7C79
FFFF4BBF
000146F9
00003C71
FFFF4456
0003FBB0
FFFDED60
000029CA
00017144
0002E89E
0003250C
00006A3C
00024E44
0001C624
0000B206
0000B6AF
00019521
FFFFB72A
00008C1C
FFFB46E7
00035C03
00010CAF
FFFC54F8
0003F15C
00000E18
FFFD2FE8
FFFC397C
FFFEF489
FFFE6A6D
FFFD62EC
FFFCF6DE
FFFE663D
FFFE4091
0000570D
FFFEDD2E
00005422
00013165
FFFF2507
00022382
00024E19
FFFD84E6
000054A9
0000CEB2
FFFD8033
FFFD6A4D
FFFD5B74
FFFEABF0
0002F0BB
FFFEC035
FFFF6454
FFFFB6AF
00002943
FFFE8E8F
FFFD4149
0000C864
FFFF4C15
FFFFC143
FFFC6C75
FFFFE600
0001B7F3
FFFFE7F8
FFFF1AE5
000033AB
0001C0F9
FFFEC12A
00024013
0000FE04
FFFED037
000299A7
FFFE809C
0001CB46
0003F0D1
FFFF76F1
FFFF1552
00022779
FFFFA8A7
00017252
000197BB
000147A7
FFFDD449
FFFED0A1
FFFFD993
FFFEF66C
FFFEE21C
FFFD2EB9
FFFC1ECE
0002FF61
0000792A
FFFD73C5
FFFE7D86
FFFD81EE
FFFDD50B
FFFD056C
FFFFD3EC
00032BB8
FFFED583
FFFF64D0
00021639
00031806
00020F21
00016591
0002C23D
0003AC03
000290E3
FFFF696A
0002FF6E
0002A00D
FFFFFFBB
FFFE0804
FFFED94A
0000F905
FFFDBF83
FFFFC7AF
0001D078
0001437E
FFFDBD47
0001D187
00025B99
0000A806
00001661
FFFF5101
FFFE8F6A
00020DE9
FFFF2D3D
00006A1E
FFFD9158
FFFE93AA
FFFFF212
000189D6
FFFFC3A3
FFFE3A46
0000284B
FFFE9A40
FFFDA975
FFFE8344
FFFDC5C3
0000ED12
FFFE99D3
FFFF3674
0002E745
FFFEF8C0
FFFE1F6B
0002A5CC
FFFF977A
FFFF4442
FFFFFFF0
FFFFBFEB
FFFEDF9A
FFFC2049
FFFE1D22
00016D0E
FFFE6583
FFFE6FD5
FFFE6AA2
FFFF8CF6
00006E64
00007ED0
FFFD8EE1
00008AAB
FFFD7474
FFFD998F
00008365
00024E8C
0000D091
00012B7C
0000CD0C
0000FBC5
000316BD
0004A9B2
00046E0D
FFFE8503
FFFFADFE
000186C4
FFFD6B41
0001C7D4
000211ED
FFFF3CEA
00015A6D
0001408E
0001E2EF
00013AEA
FFFF0ACC
00024106
00001473
00038063
FFFFAD1F
000001D0
0003783F
00011AFF
FFFEDC33
00008148
00012B47
FFFEE959
0000ABC5
FFFF16EF
FFFDA373
FFFD6253
0001524E
00004D04
FFFDDC37
FFFEBE46
00022B1C
00027EE8
0003418A
00022131
00010105
FFFF3C18
0001563C
FFFC8A49
000199C2
0000DE40
00021237
FFFE742C
000140C1
FFFF2B6E
FFFFA26F
00009090
FFFFDF38
FFFE52A1
FFFE2D43
00014F2A
FFFE8EA4
0000D8EA
FFFE8A9D
FFFE477F
FFFDBBF4
FFFE5F65
FFFDD83C
FFFDAC12
FFFF367F
FFFF2327
FFFE54EB
00008DF0
00013655
FFFFE566
FFFD07AD
00002471
00027FA2
FFFDCFBE
FFFE7DA1
FFFFE799
0001D7B3
00038EC6
FFFFAC73
FFFF82C0
0001CB5D
000200AE
0000C4D3
000151F9
FFFF32C2
FFFF7E5B
0001B6EF
0001F39B
0001C44C
0000EBA2
0002B191
0000006E
00027880
FFFF04BB
0002EAE0
0002245B
FFFEB1B8
FFFF7B0E
FFFED3DA
0002F451
0000BA7D
000218B1
FFFEEC05
FFFEA074
FFFF09DB
FFFE3FE3
0002D1DD
0001A946
00013B56
00018BB4
FFFECE43
0000CDA6
FFFEFBB6
0000E036
FFFE094D
00011BE1
0000DA77
00026F76
0000D1B0
0002193C
0003841C
FFFFF5F2
0002D57B
FFFF5E75
000005C9
0001C8BC
0002ED6F
0000A6DE
00008FD1
FFFF9D0E
00035693
00006433
0000F9B9
00010279
FFFE9F53
FFFE7B08
FFFEC1DB
0000AB53
FFFF8515
FFFD1F6B
FFFEE3A0
FFFCF55E
00004955
000058F5
000011DC
FFFEFC18
000262BF
00025465
FFFE72A1
FFFDEF86
FFFE31EB
FFFE80EC
FFFE697D
FFFC4E53
FFFD2EF6
0000D6B6
FFFEAED1
FFFE72CF
00008938
FFFF174E
0000E762
FFFFA780
0001D414
00008B67
FFFDE30A
0000A020
FFFD96CD
00000398
0000979B
00034F52
FFFEB7A8
0000B8F2
FFFFED9C
0001B346
0000207B
0002C2DA
FFFE70D8
000139EE
FFFF4891
FFFEDE58
FFFF48D2
0000E0F7
FFFF8FA6
FFFF4895
FFFE4CF9
0002828A
00000B62
00019E3D
FFFFB8B1
0001BE73
00012342
0002095D
FFFE7C06
FFFF8120
FFFDC2B2
00005C3D
00020280
FFFE6FF2
00039DF7
00031930
FFFFC180
FFFEB73F
0002DF35
FFFC3005
FFFE8897
FFFBEE87
FFFCB6C8
FFFC83FD
FFFCB777
FFFFEB83
FFFD3A42
FFFD6D54
00011119
FFFEEE42
0001BC38
FFFC0D40
FFFD3D58
FFFEA3AA
FFFEA5CF
00010BB0
FFFEAC04
FFFE4657
FFFBA460
FFFDFC71
FFFF62BD
FFFD938D
0000634D
00014C25
FFFFEAE4
0000A596
0001FE5B
00000E09
FFFECAFF
FFFE4408
00017267
FFFFBE98
00018C61
0002765D
00028E09
00007578
000048FF
0000743E
FFFEB2E9
00003CA5
0001A9E6
000129E2
00027E70
00021661
FFFE2C5D
FFFED667
00019855
00024C6F
00004061
FFFF7BE6
FFFF3A55
0000EDA3
FFFDBF33
FFFF350B
0003122A
00040C37
FFFF8E28
FFFFC319
0002078B
FFFC9580
FFFFE18F
FFFDFDF5
000250DB
0002A9C2
0001EE50
00010DCF
FFFE3256
00011D6E
0002D1E8
0000D3BF
FFFF96D2
00007C6F
00005CA2
FFFE13B2
FFFFEB4A
FFFE358B
00009AA9
FFFFEF99
0001F742
0000E6E3
00002AED
FFFFD9A1
FFFFB0F6
000046DF
00001AEB
00005D04
00031B23
FFFF1082
0002A543
0001F89F
FFFE26CC
00016A57
FFFFCA4F
00035FC4
FFFF620A
FFFE88FA
00032D1E
000172CB
0002077B
00005BBD
FFFE0BC9
000140C5
00008B0E
FFFE5FA9
0002AE9B
FFFE674C
00022FBD
00002188
FFFEC371
FFFF24E4
FFFF637E
FFFDA6C9
FFFD52D1
00023CA2
000080D4
FFFDBB46
0000F8A3
FFFFF7AC
FFFF3B8A
0001D867
0003B594
FFFECB8A
00018CF4
00002566
FFFF4310
FFFF57B2
FFFECCA6
FFFCC077
FFFEFEFE
0001C839
FFFEC838
0000EDA0
FFFF3652
FFFD7B83
00003E65
0000D91F
00025E35
0000BA6B
FFFFB50F
0002248A
0000E512
0001E109
00011A10
0001423F
FFFEDAAC
FFFE4F5D
00023B2F
00006480
00007667
FFFFD5C5
00015854
0001116E
0001AC8A
0003DE44
0001195B
00020646
000077F9
0001275F
0002DDE0
00006D19
0002C858
FFFF3382
FFFDA0AC
FFFCAE10
FFFD4813
FFFE94DA
000004CE
FFFE8611
00010176
FFFD8EBB
FFFDB63A
000074E7
FFFF416A
FFFF0F84
0001141B
FFFBB19A
00016790
FFFEFD49
FFFF2EDA
0001D9DD
00013851
0001A7F5
00029265
00016834
FFFF2DE5
000294D0
FFFFF520
00009E5C
0000C299
FFFF4DD5
00005D02
0000FAFB
FFFE984A
FFFFA520
FFFE2AF6
000163FC
0001CFE0
FFFF9170
0000D56A
FFFD968A
FFFE5A8E
00009E2B
00014F57
FFFDAED7
00019FAF
FFFF959F
0000759F
FFFF144F
FFFC9479
FFFDD5FB
FFFDEE9F
FFFC62A5
FFFCA329
FFFEBABD
FFFBF2F3
0000AA50
FFFDFC5A
FFFEAA7B
000266E2
00026D9B
00025358
FFFF8B94
0000669A
00018944
FFFFC236
FFFD2D25
0000E3EE
FFFDD900
FFFE4929
000143D9
FFFE55DD
FFFDEC17
00003B36
0002765F
0001AA3F
FFFF2537
0000CD22
FFFEE558
FFFE8467
FFFFF2B2
00014AF5
00003241
0002DBF5
0001DCA5
00028F5E
0001C039
0000E8FA
00019154
000214C5
00015DE9
000058D3
00004E0D
FFFDF932
FFFEDB44
FFFF110E
00009865
00001A7B
000117BA
00022A90
00018E20
FFFF9586
FFFF28A3
FFFEEF97
FFFEF84E
FFFF91C9
FFFE7F60
FFFD118B
00002C03
FFFE7673
FFFEA386
FFFF2140
FFFFC6FA
FFFEFB9D
00011CA0
00024A7A
00011B87
FFFF8632
FFFFEEB0
00005EAD
FFFE5C50
FFFFCAD9
FFFE2EB1
FFFE9EF3
FFFE8FEC
FFFF82A8
FFFEB69E
FFFCD7DC
FFFEF6B0
00014E90
FFFE3B25
0001BD39
0000ACF4
0000A688
0000D6AE
00018B7E
FFFF8A48
FFFDD6E3
00008CE7
FFFE8494
FFFE942A
0000FB77
FFFED263
0000580E
0001A4CB
FFFE8C73
000079CF
00016F22
0001E082
000079A5
FFFFD51A
000082CA
FFFEE1C8
0000B2AF
000238F0
0000B1EB
00010B91
00020EDC
0001FCF8
0000FC42
00009BB5
FFFEF9FC
FFFFBA27
0001420A
FFFE9C95
000080A5
000078CD
00008C02
FFFE8690
00023F59
FFFF856A
00015A48
0001FE4D
FFFCEB62
00009153
FFFD4B67
FFFD22C4
FFFEA7E8
FFFDA66A
FFFE3604
FFFC4048
FFFF27D1
FFFE7CE1
FFFF28B7
FFFFC47D
00029ABA
00004429
0001346D
000116BC
00022E60
00006D7C
00007BFB
0001BD50
FFFFF880
00031115
00001783
FFFF47D0
00042C3F
0003F936
00017FE4
FFFCFA82
FFFE3A00
FFFD1F78
FFFDF3AE
FFFD2501
FFFE0F60
000005F7
FFFFD537
00002E89
000102A7
FFFF8C0D
000178E1
FFFF5B53
00017DE9
0002147D
FFFF969B
FFFD7AC1
0001722A
00000A50
FFFFD1B3
FFFFD1E4
FFFDE604
FFFCA354
0000B402
0000E617
00005901
FFFE61B8
000245C5
0001DC7B
FFFE863E
FFFDE23F
0000772B
0003D046
00013A60
000063D3
FFFF7A5A
00024DA7
00020CCE
00036C84
FFFF2D77
0002F746
0002E668
0002D139
FFFEDD66
FFFFFF00
FFFF0EE6
000017BD
000283ED
FFFFD118
000214E6
FFFF1804
00005AE3
FFFEDC25
FFFFBF15
FFFF4CFB
0001117C
FFFFD92A
FFFFD810
FFFF7278
FFFFB591
FFFE2B37
FFFFF249
FFFED298
0000F70C
FFFFD33E
00000CAF
FFFF06C0
FFFFF045
FFFEEEAF
000074D6
00019DB9
00010D1D
FFFC4006
FFFF92D0
0000695F
FFFF03DC
FFFEA5D2
FFFE690A
FFFE4670
FFFD86EE
FFFE7354
FFFCCB8C
FFFB8BDC
FFFF25C7
FFFC5AA0
FFFE5FCD
FFFCD2AA
FFFDDA3F
FFFF6BCD
FFFF602F
0003E257
000378A3
0002B878
0003B8E5
FFFF592C
0001EEB4
0001F505
000394BE
0001F3CC
0002C5E0
FFFF17F8
000293B9
00025B4C
000137C2
00020232
00026557
0000531B
000277E2
FFFE80EC
00015126
00005DCB
0000AAB8
0001C045
00021422
00024335
FFFE3EB8
0002AAAF
0003A5D0
000071D6
00028F8E
000396D0
0003AE2E
FFFFDAE1
FFFEE239
00024D99
0002298E
FFFF30F9
00024B70
FFFF4A5D
FFFFA9B6
00018916
000208DF
FFFFFEC6
FFFE4E19
FFFF7E34
0000628B
FFFF448B
000153AA
FFFFC838
00002B8B
FFFFCD81
0000085B
0001DD64
0002A8DC
FFFD8D46
00007F46
FFFED76F
00012612
FFFD66E4
FFFE8DF9
FFFE4FF1
000154B9
00008BA8
FFFC54C2
FFFD7616
0000156D
FFFCB584
FFFCFBF7
FFFF833C
FFFC308B
0000A0DD
0000A096
FFFF8F63
000013DE
FFFFF908
0000959A
0001A4A4
FFFED628
0000E91F
FFFE954F
FFFE8B87
00029136
0003EB48
0001AE20
0001E8E5
00000AD9
0001801A
00021EBC
00012140
0003CFF6
0000EBF3
0000A886
FFFF06EA
0001AB66
000100B0
00000D4C
0001552E
00016ACA
FFFEFC5F
FFFDEBA2
0000D059
000074C1
FFFDF550
0000EC4B
FFFEF20D
FFFF58F5
00000224
000076C4
000216B0
00019C63
00048517
00027B1C
00014CD7
FFFF3907
00041B9D
0003EBF3
0000FC64
0001B26F
0002168B
00023927
00029D38
00012B82
0001B245
00010555
0002F373
0000774C
FFFC8E68
FFFD7AA9
FFFEF69B
FFFFB63A
FFFDB8A9
FFFE3742
00002EEB
0000A4A1
FFFF7EAB
FFFE9720
FFFF9AC2
FFFF91CD
000124BE
FFFE87FD
FFFF8102
000096DA
FFFFC636
FFFFC2EB
0002F250
FFFF8739
FFFE72CB
00029B2E
000283AB
FFFF774A
00015DB8
0001214C
0000E6F1
FFFD7E21
FFFF2704
FFFFBFFC
00014D8F
FFFFCC43
FFFFE6AB
FFFE8909
00000036
FFFEC2B1
000078A2
FFFFB556
00006A2F
FFFF84CC
FFFEEB59
00012E74
FFFF806E
FFFEC965
0000D365
00005F77
FFFFD5BF
FFFED6E4
0001E1AE
0001A4D3
00007D12
FFFF2F60
00005404
0000F3E2
FFFFC368
FFFEA2D4
FFFE2E03
0001874F
FFFF2CEE
FFFCCA46
FFFF6922
FFFF273A
FFFEA880
00006CD1
FFFFDC50
00023902
00010614
FFFE2405
FFFFC96D
000046F3
FFFF7CF5
00015386
FFFEAFFE
FFFD7AE9
FFFE7960
FFFDC396
0001DFCF
0000A763
FFFC2585
FFFFB26B
FFFEB10C
000146DE
FFFEB6DF
0000DB54
00008D18
000096E8
00017494
0000054F
FFFE6583
FFFFAB12
0000C709
0002DB9A
00005B36
000318F1
0000D1B6
0002E18E
0000B166
0003CCCF
00003476
FFFFB95E
0001E4B0
0001E107
FFFE8DE9
0001857B
00016E23
0001228E
FFFE5891
0001C237
0000D1EB
0000A5A5
00016F99
FFFF6445
00020264
0000BA18
00001307
000073DE
000252D9
0000CA00
0000E045
FFFF09B3
FFFE9B44
00003486
00014292
0001FC67
FFFE38C8
0001C5FB
FFFDBBC9
FFFCE7B4
FFFCEC04
0000BAA5
00010FE6
0000AD90
FFFCFAE7
FFFFFE0A
FFFDBD41
FFFF4FBA
00012363
FFFFAD87
00018BA1
0000817D
FFFE6E01
FFFE7024
FFFEDA0C
0000342E
00002BCD
FFFF8F3D
0002004B
FFFFFE51
FFFF69EF
FFFE1A26
00017599
0000910B
00039153
FFFEE0F3
FFFFE0CC
00010CC7
00001070
FFFE81FA
0000FA3D
FFFF0D21
FFFF1587
FFFFCB14
FFFEE007
FFFE0998
00007D51
FFFCFCA9
FFFD0570
FFFC093A
0000E0EA
FFFDE4CC
0001201C
FFFD644F
FFFA8244
FFFED6A9
FFFD85BF
FFFE831C
FFFECC0A
FFFE7269
FFFDED04
FFFF386E
00013771
0000A87B
FFFEA10B
FFFDE0CA
FFFF676C
FFFE564E
0001965F
FFFE5D00
FFFF8A51
FFFF1338
FFFF66E3
0000505F
0002BB49
00015DE3
FFFEF8DC
FFFFB09D
0000C726
FFFFF4F0
000082C3
0002090A
FFFFBC7D
00016655
FFFEBEA1
00010E24
FFFE0E25
0000475E
00022B04
FFFF2D65
00003725
0000885D
00006941
FFFE16A1
FFFBB82B
FFFE0DF4
0001315D
FFFF2CE8
00029C3D
0003836B
0000FB0B
FFFD0ADF
FFFEE9F9
0000346B
0001A9FE
00009BA8
00025BA1
FFFE5553
FFFEB9A7
0001B838
FFFE3553
FFFDD175
0002149A
00019920
FFFF0244
000047E1
0000659E
FFFDCBDC
FFFDBFBF
00015C87
0000E448
000179A7
FFFF3FB8
FFFD2650
00017863
00011526
FFFE970D
0001A7DB
0000A5D5
0000862E
0000F9B2
0003C2E7
00032F56
FFFF80E0
FFFFD0F4
0002008C
000046A3
FFFD0084
FFFE6A14
FFFEA1A6
00020655
FFFFB25A
000053BA
00007534
FFFF5A07
FFFE0F6F
FFFF5CFB
FFFD7306
00001C38
000018ED
FFFDD5AD
FFFD3A7F
FFFE231D
FFFC1D09
FFFF57EE
FFFF5BF6
FFFF24BB
FFFDCF87
FFFC0B6C
FFFE141C
FFFD235C
FFFF0C4E
00018786
FFFFF470
FFFF3519
0000B6DE
FFFFC3EF
00019F3E
00008B3B
FFFFA12C
FFFF09DB
00012F49
00025C8C
000049D5
0001762B
FFFF7DC6
FFFEE7C4
FFFC9B11
FFFDE16B
0000C79B
FFFE1C45
FFFF5FEB
FFFD1E7A
FFFD945F
00002EF7
FFFE8088
0000B2D8
00000E80
0002129F
FFFF6AF5
0000A51E
000051AF
0000B494
00014118
00004F94
0001AF30
FFFFA793
0003B7A5
FFFFD11E
0002F1A0
00000D75
0002E0CA
FFFEF460
FFFF7F1B
000201DF
FFFFED6F
0000A51A
0001170D
000245F8
0000B70E
FFFF6C36
0002546C
00033B57
0003B572
FFFF6793
FFFFA2A2
00017249
0001B94F
FFFEF373
000162BD
FFFD7FC4
FFFF0F72
00007241
00023A02
00005413
0000527A
0002810F
00001B96
FFFDC172
0001196F
00001973
FFFFEEBF
FFFF1030
00031365
0000028E
FFFFDFAF
0001EF1C
FFFFDBCB
0003A30C
FFFF13C5
00003BFC
00032F5B
FFFFCEEA
000114E0
FFFE8675
00007E5C
0001C3E7
000212B9
FFFFF489
000108EB
00011A5C
0003E738
00026551
0002666D
00026471
00012796
0002FE33
0000CC3B
00019877
000383E5
FFFEC435
FFFE7AEE
FFFD63FE
0000E35A
FFFF34A2
FFFC8A99
00007724
000057FE
FFFE4C33
0000F68C
0001D1A7
00005CA0
00002A96
0001AC28
FFFDCDBE
FFFFD549
FFFE1B9F
FFFFA073
00023DAD
0000102C
FFFF32B4
FFFFD95C
0000EAAF
0001C64C
0000D4BC
FFFF5E65
FFFEA788
FFFE5F77
FFFD18FD
FFFD1300
FFFDB415
FFFCECFC
FFFDF254
FFFEDCEA
FFFFE75C
FFFBC3CA
FFFD4AFA
FFFD9366
00018253
FFFD12A7
0000A2A4
0000ACDD
FFFDC4A5
FFFE3E4F
FFFFD6A2
FFFFD835
FFFBE3A6
FFFC55FB
FFFE1A4D
FFFE8904
FFFE0571
FFFE3BBF
FFFEED95
FFFDF215
FFFFDA5D
FFFF2162
00015ED1
00014F18
00028034
FFFE57FD
FFFFC63B
0001CFC9
FFFE14CE
00004128
FFFF534A
FFFF63A6
0000E1C8
FFFE178F
00009DA7
0000AB5C
0001FC66
FFFCE4E9
00016C00
0000E0D9
FFFE621F
0002449C
00018AF5
00031E39
00019909
FFFF7ED4
FFFFBC5D
00006362
00004F1B
0000730F
0001E58F
0001DA48
00006883
00003B18
0001F7C1
00019E79
FFFFA8FF
00027AE3
FFFFE72C
0000C5F6
0003E320
0001AED3
0002D8DA
FFFF4A46
0002D5FF
00006380
FFFFF15E
0000C3B0
FFFF0698
0002736C
0001CCC4
00015FB2
FFFFDEF8
FFFE8480
FFFFF447
00002D46
0001A043
00019B81
0001D879
00010C98
000075F4
FFFF7BF6
00007514
0001DA05
000170E3
000172A2
FFFF469F
00007600
00014F7C
00011006
00013542
0001036C
0001CCC3
FFFE74DC
FFFE964B
000181B0
00010186
FFFDBBB6
FFFFCB98
FFFFB607
FFFE3EC8
FFFE33CB
FFFCC24E
FFFED9EC
FFFFA5DD
FFFE26B9
FFFC0BED
FFFD52FA
FFFF0F9E
FFFF681C
0002531D
00037CE2
00018AE4
0002A237
000035C5
0002471A
0002C3A9
000361C3
000660A6
00014B49
FFFF90CA
FFFF11FA
FFFF4C66
00023850
0002DDA2
00007B73
0001AF16
0002B8FF
000010E9
FFFFB460
00014606
000051DE
00026784
0000E116
0002E3C1
00003E31
0002AF1F
00010135
00001A21
0000A140
00010509
0000D9BC
FFFF1AED
FFFD5CAC
0000B174
FFFE236F
00007423
FFFEBB8D
FFFE7F18
FFFFF676
000082B9
FFFF4041
00018007
0001EA4E
FFFE61EA
00014E24
0000DFD3
00014508
FFFE3727
0001F9AB
000011EF
FFFE62EC
00009D9F
00003194
FFFEC411
FFFD5034
FFFD3754
000035AD
FFFED8A4
FFFC833F
FFFC85A5
FFFE1A08
FFFEB6F1
FFFE9E6D
0000EB8B
FFFF5F57
00023715
FFFD8796
00002A47
FFFEEF6D
00012375
FFFEBF78
000053C0
0002844A
FFFF3B9E
000067E2
000437A8
0004FC01
FFFF8786
0000EA2C
00001A11
FFFD53C1
FFFDDFCD
00009FCD
FFFD1CE2
FFFE061E
0000A4B3
000192B0
0000DE1F
FFFEACDC
FFFEC0ED
000007B0
FFFF8ED1
FFFF5B05
0000A566
0000DB89
0000F5F6
FFFF8E01
0001EE39
FFFF0D03
FFFE5EEB
0000D0BF
FFFEF69E
FFFDDEA3
00019CF7
FFFF5B69
FFFF4A66
FFFDB14E
FFFFAA51
00013634
0001D089
0002C7D2
FFFE8709
FFFEB352
00012DFC
000084A5
FFFEC7D3
FFFF631B
0002F34B
00021459
FFFFA683
00007E9B
0000B002
FFFF660D
FFFF5FBE
00012B21
0002F5A0
0001B4A0
00024F28
FFFFEE09
0001D3FA
FFFF22B1
00028E73
FFFE2A25
000024AE
0003A052
0001BC76
0000A8D0
000039EC
FFFF7417
00019DEE
FFFFB61C
0000F447
FFFED2D1
00013771
FFFF9FDB
FFFEAC0E
00015646
FFFDF309
00033C0A
0000ADB8
FFFED666
FFFDE13C
FFFFF552
FFFF1E11
00007245
FFFE0055
000188A8
FFFF7B59
FFFF8667
FFFD65CD
FFFEBE2D
FFFCD7D5
FFFF4ECD
FFFD3C77
FFFF6B3A
00008C90
00014F7E
FFFF4FD2
FFFF7722
FFFF9B97
0000303E
000019BB
000101B9
FFFE5E5A
0001C015
00028BF2
FFFE521A
00017945
FFFF7BEE
0000A9DF
FFFE4A8F
00016CC4
00004305
FFFF71F3
FFFD6875
00014000
FFFE9E59
FFFF9F5E
FFFF0C88
00004EB4
FFFCE7AC
00005075
FFFE9422
FFFE4EDD
FFFEC5C2
FFFC5345
FFFB7A85
0001BB03
FFFEBC91
00009EB2
FFFFC892
FFFF923D
000161C0
FFFFBB87
FFFF0BE7
000186A1
FFFD9F14
0000CD5C
FFFF08AB
FFFEF1FB
FFFF8E38
FFFFEAE0
00014600
0000D1CC
FFFFEA5B
FFFC6A28
0001A784
0001C010
00011787
000038A0
0001CC07
0000F10D
FFFED1BE
FFFD30D2
FFFAF391
FFFC9369
FFFEA216
FFFD2635
00003A1B
FFFB4E6E
FFFC7426
FFFCF60C
FFFE2050
FFFED5FE
FFFD54B4
FFFC92EC
FFFCEC79
FFFF2B46
0000DBF9
00009404
0001947E
FFFD9274
FFFF87CB
FFFE6451
FFFE852C
00029212
0002A18F
FFFE6478
FFFF83AF
00003F13
FFFDDC38
000139AD
0000D83C
000093FB
FFFEE7C4
FFFF432C
FFFE1793
FFFE1F24
000187ED
FFFEC79C
FFFD54E0
FFFF68AC
FFFE64BB
FFFADF38
FFFF59FC
00018F97
FFFC77D6
000069D7
0000215D
00022949
00057EE9
0002AC04
FFFE9758
FFFFF99B
0004BD1D
0004DEA3
0000BB6C
00015D1B
0000DCD7
FFFCB3E5
FFFFB275
FFFC897F
FFFF04F0
FFFBB1EA
FFFE19A0
FFFFC5D4
FFFCD9CB
0002B146
FFFBA851
FFFECE27
0001CAF3
FFFDEAF7
0001ADA0
FFFCE753
FFFC4D61
FFFCDF0E
FFFD6D7A
00028D32
FFFD39B9
FFFE4E4F
0000037D
FFFE13BD
FFFD64AE
00046C4A
00026408
00000C88
FFFFDF54
FFFDD754
FFFC3ECC
00002C16
FFFFDA05
FFFC8771
0000610C
000001B5
000406C4
00020083
FFFE9A34
FFFDDBE9
FFFE37E9
000328C4
FFFE944E
FFFC9A4F
0001456E
FFFC4686
0000C001
FFFD141F
FFFDE431
FFFE6E28
FFFF7D70
0000539B
0001DF42
FFFD95BC
FFFF4B5B
FFFD16B3
FFFE9B86
00020101
000118FC
FFFF4D3B
FFFEC666
00028AAD
0001A2B2
FFFA6288
FFFF9B6D
00013AE3
FFFBCE8D
000025FA
FFFF74A8
FFFC9283
0000475A
FFFDEFE9
FFFD3D84
FFFC965A
FFFFCF6D
FFFF925E
FFFE4D06
0001082D
FFFDC3B4
FFFC50AF
FFFCCF30
FFFF34E5
FFFD3035
FFFF6598
FFFD3E6C
FFFEAAAA
0000F4C8
FFFC3B39
0000C5D3
FFFEC006
00030F4A
0001FB9C
00031EF0
000016F0
FFFEFFED
000171A0
FFFEDF3B
0003675F
000371D8
FFFEE525
FFFF22E8
0000BC54
0000F4E1
0002A14E
000076B6
FFFFDBED
FFFF58BA
0001F6FA
FFFDA682
0001E612
00040D75
FFFDF628
FFFEB5A2
00007B9F
00009719
FFFD3EB0
00013D03
0000C7DF
0002F6DF
0002A086
FFFE43C9
00034747
00029C8D
FFFF5AD0
FFFF7A01
FFFE2C58
FFFFF00A
FFFF198D
FFFFA554
FFFF57D2
000120C8
0000EEF3
0000FE28
FFFDC0AB
00001295
00033DEC
FFFE2009
FFFE2CB2
0000FA1F
0002AF60
00036A18
0004F86F
0003529C
00019047
00017660
FFFFF7F7
0002EAD1
FFFE0822
0002CFCA
FFFF3083
0000AA6E
FFFF90D1
00003DE5
0001DB72
0000143A
0003D772
FFFF7AA2
0000A8FD
FFFF061F
0004263C
FFFEADF8
00010BCA
0002810E
0000FCAD
FFFFF98C
00003AB1
FFFED2B4
FFFE57CE
00047489
00013504
FFFF388B
0000FE3A
FFFCFE83
FFFF9A55
0004704E
FFFFA4F7
000072FB
0001CC07
FFFD691C
FFFDB347
FFFD0A1B
FFFDC267
000069A9
00016295
0000F182
FFFE055D
FFFF2A8D
FFFFE541
FFFDFC32
FFFDCA08
0003C112
FFFD424A
FFFCA87F
FFFEF889
FFFD0227
FFFC5E35
0000FAA7
00023DF5
00021FDB
FFFEAD66
FFFFAD58
FFFE01FB
FFFD8976
FFFFE414
0001AAC5
FFFE1B5F
FFFFC352
FFFE40BD
FFFFF084
00006F5B
00039E5E
0000D266
FFFE2A1D
00035E97
FFFF86F9
FFFEF32A
FFFF5C95
00011D1F
FFFD1609
FFFF21A8
FFFF742D
FFFDCAEF
FFFD7E0F
000139A9
FFFDA955
FFFEF077
0003C0D2
FFFF0BEB
000127A0
FFFDD436
0003D207
0002631D
FFFEB0A7
0000A2A9
0003DEC8
FFFCE2C9
FFFCBE14
0000BC70
00011E19
000079B5
0002D5CA
00006137
0001738D
00019194
0000B9BD
0001154A
FFFD4950
FFFE0F99
0003648D
0002F084
FFFF7DEC
00029666
00002D9B
FFFF334E
FFFFFFAB
FFFDE986
FFFFA2AE
000172C0
FFFDA433
FFFFF9B2
00017209
FFFD8CEE
FFFF8F1B
FFFE10E1
FFFF5B77
0000BC9C
00021EEE
0002BB23
00002596
FFFEE591
FFFEAF0D
00029493
FFFF1ABC
FFFEF370
FFFED86E
FFFF1DA3
FFFECF95
FFFCE6E6
0000D09D
000193CC
FFFD145A
FFFFA1E9
0001CA70
000090A3
FFFDB823
00014BC0
0000D2D4
00022757
FFFFAA0B
FFFD1F56
0000D984
00019D07
000050C7
00001D57
0003084A
00007373
FFFFCF56
0001E0A8
FFFFB7DB
00029573
0000F17C
00033415
FFFF6D0B
FFFB6124
FFFEC328
FFFFBD1E
00034E3D
0000B060
FFFDC50E
00014801
000204EF
FFFE1ABB
FFFF3231
0001D83B
00034ED8
FFFEE091
00016A41
00014FA7
0002F4C7
0000858E
FFFF9120
FFFF90FF
FFFEF3ED
000181FA
FFFD580B
00002928
FFFDF8FF
00045B47
0001C1B5
FFFF2CD6
00017517
0002E7C4
FFFFE6D6
FFFE8C93
FFFF6D03
FFFDFE80
000060E2
FFFFFA42
00019C8B
FFFF381A
00015B99
00004480
FFFFEE95
0004179B
0003E373
FFFDF31D
0000DE71
0003A0E2
0004F17A
00023FEE
0002C553
FFFFCD7F
FFFD6B99
FFFD7A0B
00017AAE
FFFE1C12
0001EF97
00001578
FFFD8C48
00011B42
00001725
FFFF7386
FFFF5535
00028EE4
FFFED6C2
00015AC0
FFFE152A
00016E40
FFFEDD6A
FFFE6AAC
00004E59
00018C15
FFFD631D
FFFB9EB1
FFFF6DA5
FFFCF69E
FFFBED73
0001745D
00006524
FFFE82B8
00015CE7
00038DE6
FFFF4640
FFFF4D91
0002C995
00023C54
FFFD31F1
FFFCDF00
FFFD40A0
FFFDA3A2
FFFB5A0C
FFFE575E
FFFE8785
FFFCBF2E
00004E53
000037A8
FFFF8C69
FFFEFD3C
0001548D
0000EA74
FFFDE64A
0000B5BD
0002D640
0000AFD2
00001F31
0001DF98
FFFC6B02
0000438E
0001C42D
FFFECA9A
FFFEDB74
00003BFF
000336E3
FFFCFDDA
00010952
00013533
00025C72
FFFDBA86
FFFE8FB5
00015BCC
00017141
FFFF8FC2
FFFF371C
FFFE730A
000100B5
FFFF0B7B
FFFC40B2
FFFD16A8
000011D7
FFFE9097
FFFF9137
0002773D
FFFEBF09
0002C23E
00014A33
FFFCE9DF
00008B07
0000544A
FFFD43A3
FFFFF161
FFFD0CEB
0003E97C
FFFEDED0
FFFE5150
0001E12D
FFFDBBA4
0002555C
00024FE4
FFFCB0E8
FFFD5EA2
0000AECD
0001A511
0002A372
000037FA
FFFF3D60
FFFF25FD
FFFDF96D
0000E210
FFFFF147
FFFFFDAB
0001975E
FFFF9C25
FFFF0D96
00016257
0000E412
FFFDA2FB
FFFE02E3
FFFD2560
FFFCA560
0003FB12
00013DA2
FFFE747D
00000199
FFFE6BA2
0000FEAF
FFFEB8B4
FFFF444C
FFFFDD27
00032F92
00025E22
00022132
FFFE0B55
00034EBC
0002AB40
FFFF5D80
000063F3
FFFC2D43
FFFF953D
FFFF290A
00014B61
FFFE02A1
0002064A
FFFD0D88
00012F81
FFFF829F
00025A43
FFFF59DF
0000199B
00022E6D
00030B53
000145F2
0001C696
00019EBC
FFFFA7BF
FFFFD7B1
FFFFD5F7
000001F6
FFFED36A
0002AA77
00002AF0
000077F9
00005FDD
0002484A
FFFDFB1C
FFFDFC32
00027613
FFFE94C1
FFFDBC71
FFFFC450
000003BC
FFFF68D4
00003290
FFFC8DDB
FFFF9A82
00015DBD
FFFF1C6D
FFFE97FB
FFFCB130
FFFF1D0B
FFFC428B
FFFE3A98
FFFF2241
00036723
0000D25C
0001A164
00001978
00021887
000248D9
FFFF28D7
FFFEF616
FFFE9877
00027854
0001E278
FFFF3166
00028B70
0002CDB9
FFFECC1F
FFFF37EA
00009592
FFFE5EF5
000226EE
0001C0B9
00001AAD
00016AEE
0000B605
FFFE80BF
FFFF6DE0
FFFF7EAD
FFFEEBF4
FFFFA895
00015B3E
00011B1E
000003C8
FFFF37A6
FFFFDEEA
00003CD7
FFFC998A
00046783
FFFEA89A
00028DAA
0001A931
000335D9
FFFFCB19
0003485D
00039FF6
00009918
FFFC9E29
00019C51
00006065
FFFCA1FB
0001BCBC
FFFF9CD8
FFFE07FF
FFFEFABD
000131B2
FFFFBB19
FFFDABC9
FFFFE9CE
0002D56D
FFFF4A27
FFFE07C7
FFFD6468
FFFE20D3
00004C7D
0001FB5A
0003F9DF
FFFE37E0
0001A143
0000A49D
0003DB8F
FFFF7E8A
FFFEF641
0000D7EF
FFFFDA24
0001C6C9
000306C0
FFFE92E3
0000EC9D
00023746
00023AA9
0001A441
FFFEE77C
FFFE61A5
FFFFA0B8
FFFFA1DC
FFFD6C88
FFFD2A72
0000E1BC
FFFBCAA0
0000037D
FFFCB83D
FFFECE21
FFFDE1F5
00011E39
FFFE99C0
FFFFDAA6
000291DD
FFFE61F7
FFFDD222
0000BC9E
FFFFEBAE
00005D06
000020DB
0000CC90
00005BE7
000098DD
FFFD66CC
0000029F
00008F37
0001AF94
FFFF1AEA
0002124B
FFFF105C
FFFF1F74
0000B630
FFFDA6D7
FFFEB728
FFFDFE57
FFFEB606
00007F70
00026E26
FFFD75C7
FFFEB791
FFFEC6E8
00015D03
FFFEEBFD
FFFEEF04
000328E2
FFFF915C
FFFCDAE0
FFFDD9FB
000362AF
0003023E
00013F33
FFFEC9F2
00021471
00003C02
00011A3D
00005757
FFFFA5DB
0001F64C
00002801
0002D5C8
00013940
FFFEC01D
00014B86
00014F4B
00015925
0003B54B
FFFFBFF1
FFFFAD7A
000371FE
00039B2C
FFFF8036
0000407F
0001657A
FFFEF60D
00014AFA
00023E08
FFFF7A73
00023C54
0000B74F
00020EB2
FFFF32F3
000169C5
00012BDF
FFFF8A18
FFFEE769
0003823A
0003C4D2
0000EB6D
00017815
0000072B
FFFEF161
FFFF14D7
00039A51
FFFE363A
FFFCC703
00015954
FFFE8A9C
00000728
FFFDE68F
FFFF8238
0000F4EE
FFFF0A69
FFFCF11E
00004BFD
FFFF9826
0001D26C
FFFCB916
FFFEB7FD
FFFF925F
000155EE
000256C4
00004350
FFFF0CF5
0001F273
000219DB
00035EE0
FFFD424E
FFFFBD28
FFFEA3C1
00006B92
0000D05D
FFFEB87C
FFFE39E9
FFFD53B5
0000DE4B
000235D1
00003E0C
FFFFD73F
FFFC4094
FFFF6A78
FFFCB19B
FFFDF7CD
FFFF4E6F
00017BBE
00011547
00009632
FFFF8AEF
0000F982
00003391
000052E6
00008E3A
00003A55
FFFFEC21
FFFEFE12
00001A36
0001FAFF
00025A75
00009177
00001B84
FFFD399D
0001DA76
FFFFF7FD
000122BF
FFFF73F5
0002C362
0001AAC4
0000B022
FFFD2CB2
0002116B
FFFEC6AE
0002581A
0001EFF2
0000B52B
FFFF487A
FFFEF06B
FFFF8825
000346BA
00021088
00009078
FFFED889
FFFEA4A6
FFFFC5D3
FFFE0532
FFFF5CF8
FFFDC433
00018368
FFFEC0BC
FFFC3ADB
FFFF32E5
0001605B
0000FAF5
000105BB
FFFD5CAB
00018E70
FFFF0AE2
FFFEC1C7
0000ED38
FFFE3459
0005121C
0004942C
000057B1
0000471C
000390EC
0000B75C
000145F6
000424F3
00013D00
FFFE7EA3
FFFDC34D
000097B2
00029439
FFFE7572
00006C5C
FFFDDBC7
0002970F
000011DC
00004A6B
FFFEEAA2
00015C19
0000D04B
FFFF6357
FFFF54F0
00025BEB
0001CEEC
000163E7
0000F071
00008D1C
0000E505
0001A9AA
0003E21D
0000BD04
0000EDA2
00024AFA
0001A571
00029675
00021FC0
FFFFF97B
00016BA5
FFFF88B2
000043D7
FFFFDC2A
0000A4E6
00001D69
00001EDE
000342E3
000045E8
000335D2
000315B6
FFFF4F36
00026046
0004AEE7
0002E3F0
FFFE69E9
FFFC4616
FFFC21E7
FFFF898F
FFFFA261
FFFC98B1
000113A8
00006DC3
FFFEB8E0
FFFFE108
FFFE3911
FFFF856F
00007DB1
FFFD4593
FFFF3E95
FFFB74F5
FFFFFA5D
FFFC9745
000205F1
FFFE9389
00028C24
0001B30F
00002C05
FFFE5A1A
FFFF59EB
00027E71
FFFEC51C
000107C5
FFFFB63A
FFFF7E95
0004ED99
00020AC1
FFFFA480
000544B8
000399BF
00031E24
000088BA
FFFFDE6F
00017E26
00012386
0000704A
00011118
000178E8
0002E2BE
00044174
FFFCCA97
FFFCA1E4
00010E77
00010F87
FFFE8490
000128CC
FFFFA64C
FFFD9B18
0001C9A5
FFFEEE8E
FFFF9E97
FFFF72F7
000288B7
FFFF09A0
00025C9A
FFFF27FD
FFFE9150
FFFE6EF2
0002FCA3
0003CBD8
0001A393
0003934F
FFFFC15B
00033940
FFFFEAD2
000098F5
0004EBF1
FFFEB204
00004A71
00025327
FFFD640F
0000529E
FFFFBF05
00002958
00021482
00000A45
00005916
FFFE5CE7
FFFCC0DC
000078FF
FFFDBFA9
FFFFF8D7
00016C10
FFFDDE12
FFFE143B
000269A0
FFFD7C74
FFFF449E
00025F64
00004DD4
FFFF3A96
0004991A
FFFFE66D
FFFFD937
000129B9
FFFF7E30
FFFE74F8
FFFC7279
000067F5
FFFFA4EE
FFFEE036
FFFFBD21
FFFC82FC
FFFD61FA
FFFD1B42
FFFDD475
0000762D
FFFD096B
FFFE3640
0000138E
0000141E
FFFEAE43
00011F60
FFFEAAA3
0000B1B1
0001A416
0000D3AE
00015AFC
000048E8
00008173
00011789
0000221C
00039516
0001BE7B
FFFF7B97
0000FBB1
FFFE36B4
FFFEAA73
0002CAA5
FFFD9344
FFFF6C6D
00022AC7
000283B1
00039B30
FFFF6A73
FFFFD7B2
0004C7A9
00000C7F
FFFFC10A
FFFDE0CB
FFFD138A
00019080
0001155A
FFFF99DB
FFFEFD42
FFFF490E
00017BF2
FFFE463B
FFFF2EA8
FFFED3F5
FFFCBC67
0000C1A4
FFFD36B3
00002CE7
FFFE9F17
00012904
FFFF01E8
0000B28F
0002ED87
FFFD361F
00034FE5
0001E3B6
00032DE2
000382F6
0003AAEF
0000FB66
0001CC8A
000190AC
FFFEDD42
FFFF6646
0003F812
0002E30F
FFFF3269
0000234A
FFFFDFF6
FFFEF74C
FFFC9584
FFFF9E14
000085A9
0002483A
FFFFD19E
FFFEB717
FFFCF5DD
0001B480
00006AA1
00005B8C
FFFDAE81
000102D5
FFFEA0BD
FFFFD399
00002B4A
FFFDEEC9
FFFEDFD2
FFFE5B15
FFFFB597
FFFF2210
FFFC21CC
FFFDBDAE
FFFE6B0E
FFFE9A5A
FFFE0BC8
00007F52
0001E953
FFFF1B36
0000918F
FFFF771D
00021EEC
00023F36
000256EB
FFFE7645
FFFFB838
FFFF996F
00030B3D
FFFF918E
0001E7F6
0001CB79
0002A5F1
000051A9
FFFE96F4
0000FE4E
00025339
0001F46B
00039B66
FFFE7E6A
00042324
00011308
FFFEA590
0002F748
FFFFDD4F
FFFE272E
FFFDCC77
FFFF7EF6
FFFF6E89
FFFDF9F9
FFFBDEC8
00003F48
FFFF50C3
00000155
FFFFDE49
000016F0
00030092
FFFED446
00006D83
00001943
FFFFEC29
FFFE9FAA
0001B849
FFFE9063
FFFD681F
00002439
000185D4
000034C2
0000B0F5
FFFE00C0
FFFE9814
FFFD6B0F
00008CF7
0002AE27
FFFEAEA6
00018251
FFFD08E2
FFFE70D3
FFFEE458
FFFE0967
00031647
FFFC7DDB
FFFE547C
FFFF0DD3
FFFFC009
FFFF55A2
0000E718
FFFE859D
FFFD6D90
FFFF2B97
0000692A
FFFFF267
FFFE0FD3
0000F8D2
00007FCF
FFFC259B
000160FB
FFFDBE04
FFFD03E4
00017912
FFFE2578
FFFE27CB
0003BCD6
FFFF5F2B
0001F965
FFFD281A
000175D4
FFFC661D
FFFD0844
0000B0D7
FFFCB9D0
FFFCB615
0000C8A5
FFFEFC01
0000E6A5
00004EFD
0000BCEF
FFFCCA07
FFFF5BE1
FFFDE131
FFFDA8B3
0000A605
000038FB
00013E87
FFFD7D72
FFFF4728
FFFDF8A0
FFFEF3D0
FFFBC866
FFFCF425
00010FF3
FFFF1D54
FFFE75AD
000195FA
FFFCC9B2
FFFD7281
0000A66B
000065B4
FFFFC347
FFFE75B5
0001EF2E
FFFF37D1
000141AC
00007307
0000EA40
FFFD0223
00003C30
FFFF9946
0003A6A2
00030A17
FFFF4D06
FFFFD590
FFFE2AFB
0001B7B3
0000BE4B
FFFCEF9C
FFFF6257
FFFF5D26
00008C9B
FFFEBAE0
00005892
FFFE07DC
FFFF6E09
FFFE4BCA
0000A821
FFFE3CF5
0000342B
FFFF8B3F
FFFFFB74
FFFC2830
FFFEE581
FFFCD36D
FFFD2A27
FFFD82F2
000048CD
FFFCEECE
FFFC6089
FFFDE668
FFFCCD9E
00005A67
FFFD10D8
FFFE7DE8
FFFE4591
FFFCE6F1
FFFE45FB
0000268E
0000C399
FFFF47AE
000010D4
FFFF6A5F
FFFF3FAF
FFFFCAF9
00007F97
0000A1FC
FFFCE1D6
FFFCF0FE
FFFE7C3A
FFFE756F
00036687
0001FDA3
0002C70A
0000B379
000180F4
0003B578
00009A31
000199F5
00041CE6
FFFE877D
00027445
FFFFD666
FFFE8312
FFFF834A
FFFDB964
FFFF6F59
00005AB0
00008550
FFFF6FAD
FFFCBC14
FFFD52F7
FFFF70EC
FFFED501
FFFCAA27
FFFB4EBD
0000F18F
FFFD2AEE
FFFF0CD3
FFFF60A1
00015C7E
00012715
FFFFC556
FFFFCEE7
FFFDCD07
00003AD4
FFFF5E5D
FFFEB7AF
FFFF2D69
00014A7F
FFFEFE72
FFFEC454
0001EEAB
00033EC8
00005865
00024AAF
FFFF7498
FFFE9245
0000FFAE
FFFE2024
00007175
00006E4E
FFFE0C0F
0001294D
FFFF0463
FFFFC826
FFFFD366
00013485
00029972
0003F38B
00018733
FFFD60DC
0002E3D4
FFFE9C96
FFFF05C2
0000C512
FFFE5172
00012348
FFFE9A76
FFFF9F82
0000D7DA
0000D809
000008A3
00008756
FFFF4827
FFFFE98B
FFFEAA11
0002047F
00001CF7
FFFE8218
FFFE76C6
FFFE2CE3
0000A5AD
FFFFA909
0000C5C5
0002B4E8
FFFEFAE2
0000C25C
00024141
00036F9D
00024A26
0001C970
FFFE9B41
00009A09
FFFDDBF4
FFFE3831
FFFFCADD
FFFE24F5
00002B36
000070CE
FFFFCC11
FFFE975D
FFFEF121
FFFCFBBE
00006BA2
FFFFF178
000179CB
FFFF300B
00021C7C
FFFF0DB3
FFFD504B
FFFE9BFE
FFFCB85B
FFFD64A7
FFFEC6A0
FFFDABCB
FFFDF7B7
FFFE2E7A
00012BE7
0002EFEF
0000AC1B
FFFE5DA7
FFFF1106
0000CAE2
00019C9B
000060E8
000266D7
FFFEED85
00012E05
FFFE49B9
FFFEA6EF
FFFEF0D7
FFFF92D2
00017682
00019BF1
00037BD7
FFFF2A4D
FFFF88F2
FFFDB7C2
FFFCDA45
FFFD7367
FFFCFC99
00002C32
FFFF31E3
0000EE52
00011BF3
0002A61B
0000A375
00005D7C
000424F7
00048F1C
00012E39
FFFEF40A
0003DB16
0003F8EB
0000E9AD
000215DC
FFFF1AF5
0003DABC
FFFE3D60
00030C3E
00009F5D
FFFF58CA
FFFEC367
00016088
0001F5A7
FFFF7A61
0000D428
000013B8
00029631
FFFFBD1A
FFFD66FC
FFFE3A05
FFFE262D
0000204E
0000959A
00019674
FFFE272B
0000B1D5
0000B8C1
FFFEC2BC
0000CDB2
00002AA6
0000DB9C
FFFFCF8F
FFFC8FFD
FFFE0B8B
00006B53
FFFD5921
FFFE973F
FFFD3BA9
FFFE4D0B
FFFE009C
0000391F
0001D8A9
FFFCCAAE
FFFB2160
FFFC1002
FFFEAAC4
FFFFB673
FFFCF0D9
FFFF585D
FFFF343A
FFFFFF6B
00010DF1
FFFD5453
000068B1
FFFE82E9
0002B24D
0001A2DA
00031EC6
0002869D
FFFE781F
FFFFBA79
FFFE7EDA
FFFEE061
FFFD9F6D
0000E891
0000EDCE
FFFE73A6
FFFC6DF7
FFFFDCC4
0000AB5B
00011B5C
FFFE84D5
FFFFD29F
0001CF39
00025407
0000A0F1
FFFFE8B9
FFFE9D46
0001DE37
FFFD67C4
FFFF5F5D
FFFF5A3A
00003111
FFFF54A9
FFFF417A
FFFF4F45
0000428C
00023280
00009031
0002B4F1
FFFEDD23
FFFF5348
0001B56E
00037853
0000A782
FFFE2547
00029B9A
00034F16
000271F4
00032147
FFFCE656
00001403
00008468
FFFDF093
00004782
FFFEE729
0000BE86
FFFF8848
00028CBB
FFFD236F
FFFB28DF
00001E3D
FFFD28D5
FFFC6F7A
FFFD0599
FFFE0722
FFFBB49D
FFFD05BE
00004A08
FFFF8780
FFFF8A5D
00008032
00038AD3
00033EFD
FFFEF78B
0001E593
0001BC32
00016BCB
0001352A
FFFE399F
0001C42A
0003CB46
00001343
00019DAC
000286C0
FFFD6B66
FFFF9C50
FFFD20A3
FFFD8C4B
00004FD3
0000A187
FFFF0904
00014EE6
FFFE92B1
FFFFE608
FFFE5F53
FFFD59EA
0000A07B
FFFFF28A
FFFD7450
0000EF82
FFFFC62A
FFFEB817
FFFEA24C
FFFC6FAC
FFFE8F9B
FFFD6E66
FFFE2CEB
FFFE1F7A
FFFDF713
00020C20
00000387
00002DC2
FFFFBA34
0002AAC3
FFFDC213
00003D5D
FFFF10EC
00037645
000022BB
FFFFED38
00025762
0002AC46
00012526
000245C3
FFFFCAA2
FFFE791D
000021CB
00019438
0000DAAF
FFFF7269
FFFC5975
FFFE27B8
FFFE8124
000246BB
00012AC4
FFFF987F
00003571
FFFF3035
FFFB4741
FFFF3E09
0000A6D3
0000E972
FFFF9140
00018461
FFFE66B8
FFFFC279
0001579D
FFFDC39D
FFFE7A58
00031ACE
FFFEEB4F
000171E4
00027CB4
0001AC38
FFFED000
FFFFB264
FFFF40E4
FFFC6CFB
FFFFC83B
FFFE4595
FFFE0C20
00016ED3
0001177A
00009888
FFFF7215
FFFD7A21
0001D858
FFFF4E6D
FFFD8131
FFFF1069
0000C3CF
FFFB732C
00008BC6
0001A890
FFFCE8F0
0003D4DA
FFFF74F7
00029DA3
FFFFF1D6
00014C83
0001DB83
FFFFF7D0
00034C23
00039B13
FFFC6CA2
00011A2D
FFFE1F22
FFFDDCBB
FFFF647F
0001340E
FFFB6A96
FFFF88C8
FFFE2AFC
FFFE13FB
FFFDD5B8
00018238
FFFE9584
0000B38E
00015401
FFFFA810
000025DE
FFFE0325
FFFCACB7
00002F39
0001BEC4
FFFC8F9E
FFFD894F
00003E39
FFFB5C1B
0000E05D
00018C20
FFFF76F3
FFFC9512
00018974
00009928
00013399
00025241
FFFC8AF3
00006D5B
FFFF4FD5
FFFD9638
0002D883
0003284D
00020AA0
0000E758
FFFDF30C
FFFEC4A1
FFFB4A0B
FFFE9174
FFFA19DD
FFFC021A
FFF9C34E
FFFE87D5
FFFCB0B2
00016CA2
FFFFF9E9
FFFB8E12
FFFA738A
FFFCE123
FFFE43D5
FFFDF79D
FFFFF3F4
0000C9AE
00000425
FFF9D461
FFFF06EE
000194F4
00031CBD
0005A1BD
FFFF66CB
FFFE68BD
FFFD6C77
FFFE49A6
0000EBF3
0001BE95
00041801
0000BD18
00016F1F
FFFFF9A5
0005094F
0001BA67
00017EAF
00029F0B
00022470
0001603D
FFFE4D33
FFFF755F
FFFF551E
000169CC
FFF74DAD
00003105
FFFD4036
FFFBB698
FFFB850A
0000C7C8
00014521
FFFD6CE3
000548B2
FFFE81B0
00009B5D
FFFFD049
00002C20
FFFFD84F
FFFD81EB
0003853E
FFFC5C68
FFFEBF51
00043942
FFFE0C77
0001925E
00005877
FFFD7D14
FFFBC4B1
FFFEAC31
00012781
FFFE176D
0000A6FF
FFF9A5A3
00001AD3
FFFD2A4E
FFFD5B90
00014B68
FFFE25A2
FFFA2CC1
FFFEEDDE
00033FE1
FFFD4BF8
000243E5
FFFDFE82
FFFD35D6
00039898
FFFFF454
FFFC088F
FFFD62EE
FFFBA131
FFFDDBBE
FFFAB32C
FFFF21B0
0000D1C6
FFFAB542
FFFFC32A
FFFE53A5
FFFF5CF8
FFFDEF76
FFFB96C9
FFFC1749
FFFF00CC
FFFC82B3
FFFEB8F9
FFFDED9C
FFFC2AD5
000042CF
FFFA1DAE
FFFECE62
FFFEC5CC
FFF9F140
FFFCEBF8
FFFDCFAF
0000DE5B
FFFFF040
000216F7
FFFFD1F2
FFFFD512
FFFF81AB
00026FEB
0001EEDA
FFFC0DD4
FFFA7B74
FFFA2D5C
FFFCD3B9
FFFDA76F
FFFB38B0
FFFD9FBF
FFFD9DCB
FFFF50EC
FFFEA588
FFFD7420
FFF8E3EE
FFF976E5
FFFBD2C0
0000E2EC
FFFE31B2
FFF99CF1
FFFF865F
000093FB
FFFF16C6
000325ED
0003F754
FFFCFB77
FFFD3E6B
000324C9
FFFE2142
00056229
00005D5A
FFFCA85D
FFFD7963
0003BDD6
000240F2
FFFF2BE4
FFFFEB7A
000329DE
FFFF2D29
000273A9
FFFB7447
FFFDCA54
0004D077
0002035C
FFFF2789
0001B17F
FFFE448D
00012EA3
00035AD2
0001528B
FFFACBDD
0004387C
FFFD3378
0005108F
00013B24
FFFFF279
FFFED3EE
00020AA0
FFFF9270
0002DBCA
00047153
00011B0B
0004C39C
00019ED4
FFFDEB90
00006187
FFFF1CC3
FFFAABFB
FFFDF5E0
FFFCC281
FFFB8974
FFFB94D6
FFFDD7D9
00035A6F
0000A2FB
000560CE
00031053
FFFF2A14
000468BD
00002EBC
0004E61B
000389D0
0006258E
000554B7
0000409A
FFFCF24B
FFFCD228
FFFD22F5
FFFDDF9A
FFFD5C3D
FFFF3A7C
FFFE8893
00048058
FFFF786E
FFFE34A3
FFFD206C
FFFFF1EA
FFFE483E
FFFF99D2
FFFDE840
00033DFC
FFFF70E3
FFFCB19A
FFFEAFB8
FFFE6E1B
FFFC8904
0000C433
FFFE811B
00013677
FFFD7407
FFFE1402
000376E7
FFFE428D
FFFC35C6
FFFC5634
FFFCC9DF
FFFFA487
FFFD0D7A
0000E65D
FFFDFADD
FFFE4C4A
000112EE
FFFA5E2D
FFFEADD8
FFFAE889
FFFA3142
00022311
FFFC3091
FFFFCA95
FFFDD159
FFFEF38A
FFF7E07D
0000D1C8
FFFD1C7A
0003219D
0003BE85
FFFEF2EB
FFFAAF7B
FFFF8CD3
FFFCC9BF
FFFCA382
0002ADD8
FFFDF75A
FFFFA714
00047C74
FFFE7D0E
00017A26
FFFE806F
0002E355
0001C1B3
FFFEC148
FFFE9FA5
FFFC1A17
FFFDDF0E
FFFC5ED2
0000BBE4
00000491
FFFCBD5D
FFFC6519
FFFF6C71
FFFE5807
FFFF3C1F
0001A9E9
0003D115
00007632
FFFD987D
FFFE52CE
FFFFC55E
00047CED
000391B7
00024546
FFFD0555
FFFE0401
000331B8
FFFD8333
0001C9C4
000280A5
FFFF7EAB
0004201C
FFFDB600
0000E5A9
00009CE6
FFFDC9EF
FFFF1D42
00016BA5
0003BA4F
FFFD462D
FFFE909B
0002662D
FFFE08EB
0001FBC8
FFFC71EF
00014ADC
FFFBF55C
FFFC9D6F
FFFBE893
FFFDFD25
0002EEF0
FFFF61EC
FFFEFFDF
FFFC580E
FFFE62F3
00013681
000183FC
0004D1BE
000251DE
0003133E
FFFD463A
FFFEAED1
FFFD5D8E
FFFDE263
0002C388
00033231
00028AE3
0002E679
FFFEA980
00046AC0
00038E5B
00040DE8
0005F387
000161FF
00013FDE
FFFFA06E
FFFB8901
FFFD1D32
00044D3B
000424EE
000102EF
FFFAE6B2
FFFF9F66
00019EB8
00033145
0003D116
FFFF110D
000015B6
00039CA9
FFFDDC2B
FFFCC58B
0000D9A8
0002D81F
00049728
00043792
FFFD3746
0000B871
FFFE5733
FFFF5DBF
FFFE0A4E
FFFE46F5
000301B1
00024366
00056D80
0001D88D
0001F521
FFFE90FB
00002608
000063CF
000470CF
00005551
00007487
000164C0
0000E586
0003162F
000129EC
0004629F
FFFED475
000082E1
00015F90
FFFD3B68
FFFE4802
FFFF10C4
0003983E
00036A28
00002532
0003D0EE
00005C43
0007817D
FFFFEA7F
FFFFC5ED
0005E2EB
0001DC45
0000AA65
00041F87
00013E59
FFFF3B1E
000175A8
0001F9AD
00039124
0001B5D2
FFFBEB6F
0003F94F
FFFDAE39
0000DE44
0001FB7F
00006A6A
FFFC2948
FFFFAC35
FFFFB272
0002D419
0002DA55
FFFDA042
000343BF
00011292
0001D29F
00025D43
FFFF4472
FFFB7EFF
FFFE3241
FFFFDDCC
0003BE20
FFFA9703
FFFBB395
FFFAAC9D
0000AC2A
FFFF878A
FFF940E3
0001BD60
FFFFF846
FFFADC28
00047ACE
00039B1F
FFFF017D
000377C6
000719C0
00031AD2
00027DC7
0002557A
0002BDD8
00015CFD
0001388E
FFFCDADB
FFFDCBC3
FFFE2B0B
FFFDA850
FFFD3170
00014BE7
0002FBD4
00007332
FFFBCC3B
FFFEFB98
FFFCB046
000214B3
FFFF190A
000120C8
FFFF888D
FFFC41F8
FFFD7252
FFFFBC7F
FFFE8DB5
FFFE3E75
0003B0CC
0002691F
FFFC253E
FFFB4420
000335BF
FFFE6E62
0003D859
FFFE5DAB
00014CEB
FFFE2FDD
00036080
FFFC5541
FFFD34D1
0000689F
00007DEE
000009BE
FFFE6897
FFFDCBF8
FFFB31EF
FFFF8237
00013CAB
FFFFD63A
FFFE16DB
00022089
FFFD0C94
00049C7A
00015426
0002B921
FFFE1FD5
FFFF59C4
FFFE69B2
000327E8
0003D613
0005822C
FFFDA9BC
00019270
FFFD4610
FFFFDCAD
00005BBF
0003E09C
FFFD525E
000232E0
FFFF6890
FFFB6012
FFFE621A
FFFD5BA6
FFFA9093
0000B114
FFFBBA15
000060F4
FFFE9D40
FFFFCE00
FFFF2400
FFFD75FB
FFFD820B
FFFF5AA2
00010A1B
000188FA
FFFCC7D3
00049394
FFFBBD54
FFFD2A19
0004A9CB
0003202E
00023FCB
0003A7D5
FFFC04F0
FFFF779F
FFFD7891
000023E4
FFFDF989
00015B84
0003C082
FFFE4F52
FFFE78E2
000219F7
0004DE3B
FFFD74F4
FFFE9EF0
0004728F
0003D73F
FFFA8FCC
0002402C
0000B334
FFFC519D
0003456C
0001E0A9
FFFE2CA5
FFFE51C7
FFFF9226
0002ABBE
FFFF620B
FFFF9AF0
FFFFF61D
FFFFBB41
0000D6C4
00034A1F
000241C5
FFFF5654
0002BDCB
0001BE32
FFFE47F6
00014A50
00001235
FFFE9165
FFFF9C52
FFFE3594
0000E30E
FFFEFDE1
FFFEBD6C
FFFFF853
00009BF4
00022CD1
FFFF48B6
FFFE7B93
FFFD8418
FFFE6CC2
000001FA
FFFEC538
FFFEEF94
FFFEF756
FFFC4EED
0000C430
FFFF0584
FFFDF45C
0001B0AC
0001DF9C
0000D8AE
FFFCCC95
00008F4F
FFFE0B2A
0001CC0F
0003427E
00025721
0001681C
00025C76
FFFF35F5
FFFE865B
FFFEC7A8
FFFF8AB0
FFFF9A3B
00011FB3
FFFD1335
FFFED160
000120CA
FFFCE44E
FFFDD0E9
00017869
FFFD57C4
00012FBB
FFFF5258
0001849F
FFFD7E88
FFFED41E
0000DA04
0001FA83
FFFD5B65
FFFE604F
00018A32
00015FB7
FFFF8BB1
00006355
FFFEE775
00016779
00012227
00009D0A
0000BB34
0000480A
FFFED33D
FFFD01B5
FFFE9DAC
FFFE9702
FFFD660F
000033EA
FFFDDE95
FFFC1058
00006ECD
FFFF6555
0001C44F
FFFE12F3
00016D3F
FFFFA7C7
0002252B
FFFE80DE
FFFE7885
0001C858
00030798
0002975A
00012CA0
00020375
FFFFD153
00001729
00025BB2
00020751
FFFDB1D0
00018898
00016322
00005AD6
00022D0B
FFFEB591
FFFD428B
000176C7
000195BD
0000326A
FFFE8DC0
FFFEB7D6
000191B5
FFFF1834
0001E2C5
FFFE903E
FFFE339D
FFFBD650
00000855
00008BA8
FFFF2907
FFFFB5A5
0000C8AA
00000162
FFFF6B33
00017AF6
00008447
FFFD4B7A
0001B749
FFFD1343
FFFC9635
000076F9
FFFD83E1
FFFBA774
FFFC8BE6
FFFDFB9B
FFFF9E12
FFFEF345
FFFE7AEE
FFFFB137
000261D2
00000B3C
FFFD4E81
000170C0
FFFF76D9
FFFEAE80
FFFF42D3
FFFE6C64
FFFD8952
00017541
FFFFB02E
00005A18
FFFF81C3
0001134F
00010A38
000020EF
FFFF4024
000010F9
000236D2
00015052
FFFF5D19
0000739D
FFFF60DE
00015567
0000513F
000073A9
0001E619
00020850
00021641
FFFFBED6
00024CF2
FFFDC4B9
0002EA64
FFFF6ECE
FFFDD1DB
0003E719
0000E553
000064D4
0003F261
00000F18
0003A61C
000090F1
0000C0E0
00010A61
0001818E
00007BEC
0001897F
FFFEE3A7
FFFF5330
000024DF
FFFDB395
0001F782
000339D0
0000D5F3
0002EEC2
00012C4D
FFFD0B80
00010708
0002C302
000199E6
FFFE5F28
00006E88
0003EF70
00020180
0001D163
0000856B
000073E9
FFFFC285
0001C188
FFFF2E80
FFFD28BE
00008EB4
FFFE45B1
FFFFBC56
FFFDA814
FFFC8026
FFFF0365
FFFF9908
0001A51A
FFFF10A7
0000CCD3
00035F9C
00009722
FFFE8D4B
00019789
00019EC7
000101B1
FFFDD2F7
00013B8C
00021F62
FFFDA95C
00000657
FFFF5C6B
FFFF587A
FFFD873D
FFFE7137
00014BEF
0001C9F7
FFFEB3E8
FFFF28E3
FFFE1512
FFFE277F
0001D2C1
FFFF6C13
00027132
00023E94
FFFF1A26
0002277E
0002C0EA
FFFF97A2
00016B01
FFFF390A
0000199D
FFFE55F3
00025052
00017749
FFFECBCF
0000A252
00004DC0
FFFE0DF1
FFFED69F
FFFE5739
0001BCC6
000128D9
00005D9C
0000C05C
00016FC8
FFFEFA57
FFFF71E8
FFFFA579
0002D782
FFFF5825
FFFD62C8
FFFE88A6
FFFD68A5
FFFEF543
FFFFA3C3
00012C0B
FFFDB891
FFFF2B64
FFFEE36F
FFFD7298
00008C74
FFFEDD4D
FFFCB3D5
FFFCAFE0
FFFD70EF
FFFDDB87
FFFFE805
FFFE1D93
00007036
FFFC57C9
FFFF0498
FFFE1D7D
FFFC8DF9
FFFD9B9B
FFFDCAAF
00007F91
0004448C
00039ED5
00034279
0002937A
00027B20
0001F65E
00044E52
00015111
0002D2F2
00013667
FFFD77C4
FFFF857D
0002111C
FFFE7C8B
0000FFD0
FFFF810C
FFFFA8BA
FFFE918D
00006C67
00032DF8
00008D74
00006894
00024CC1
FFFE4579
FFFF2640
00031EF9
0000FF5C
0003D918
FFFE0BD9
FFFEFCFC
0001BD53
00003CA8
0001442C
000037CF
FFFF7FE2
FFFEFBC1
FFFF43ED
FFFFF7B3
FFFEE713
00009CAC
0001A738
FFFF0E83
00004989
00029A14
FFFDF27E
0000CF38
00009618
000173BC
FFFE833B
0001F383
0003496C
FFFF158F
000122A9
00028356
FFFDF802
FFFE7F66
00009313
FFFE3A3B
00006ABD
FFFE54C2
0000D5E6
00004D2E
FFFD5E22
0000B4E9
FFFFCCF7
0000E232
FFFE777E
FFFF0DFB
FFFF5DE6
0000823A
FFFE76FD
00004172
0000A3C4
0000EA6A
0001B3DB
00000428
FFFE5DA6
0001B914
000146C8
000301C4
00013F13
00045C0A
00003DD4
FFFFFD22
000342AC
FFFFDA52
FFFF4E38
0003CF24
00018135
00037B4D
FFFFDF77
00010858
FFFF77A4
0000E2CB
00017AAC
00011ACA
0001B92A
0002F52F
00003F84
FFFF3C37
000022CA
FFFF3CCB
00007CFD
00010D98
0000E9E3
FFFF1F38
FFFD94EE
FFFF34DB
00012883
FFFE0A8D
00021AD2
0001E9DA
000047A7
000059DF
000239F9
000131F8
FFFE830A
00008A3E
0002ECBB
0003341B
0002C81D
FFFFACA7
00020857
0000D19B
0000564A
0000E1D5
FFFFF9AE
00001B5E
FFFD724F
FFFD96B7
FFFD6539
FFFEDA51
FFFC521D
00010D36
FFFF6D1D
FFFDDD93
FFFFB406
0000BB16
FFFF1207
0001D98F
FFFE904B
FFFFBAD2
0001BB17
00031ABC
0000D6BA
00008A4A
FFFF4DB7
FFFE712F
FFFED753
00005127
00024174
00029107
00013F0C
FFFF7ED2
FFFBE625
00009D11
000057BB
000140C6
FFFD4226
FFFF689B
FFFEE41B
FFFC06DA
FFFF14CF
000193F5
FFFDC86A
00015AD0
00000CF4
FFFDA4B0
00022DDA
FFFFC85A
FFFF1B02
FFFDEF5F
FFFEEA3D
00008392
00023BEE
0002A9B5
0001B742
FFFE5603
0001DE3A
0001D04F
000064DD
0000BB48
FFFFFD0B
FFFEEDF8
FFFF1A2E
0000C711
0001B0B6
FFFDF6D8
FFFFE13B
0001E478
0001C81F
00029144
0003EA08
FFFE8522
0000CF1A
0001E1E2
0000F769
0000000F
0000C6FF
FFFFF495
FFFEF0AF
FFFE7FC4
0000FD15
00007374
FFFECFD5
0002A260
000122A1
FFFEC9A1
000115E1
FFFFFE31
FFFE8380
00018CF7
00005F91
FFFF394D
FFFEBF6B
00020C80
00001E12
FFFF5C55
FFFE73F4
0001268B
0000D03A
FFFE4593
FFFEA467
00020CB1
FFFDC4EE
0000F3C0
0000BE7C
FFFF3876
FFFDA47D
00010279
0001A260
00019800
00007402
FFFFD9FE
FFFCD006
FFFF599B
FFFE2773
000089DD
0000348B
FFFF22CB
0000B2A7
FFFF343E
FFFF63BB
0000E0D4
0000AFBA
000061BF
00005CB7
00000A94
FFFEDA97
00023696
00003F46
FFFE3ECE
FFFE2E55
00004F96
FFFE8DF2
FFFF04A7
FFFED3B7
FFFCDE15
FFFEFCF5
FFFF2917
0000A0B0
FFFE5A23
FFFF89AA
FFFC59A7
00005003
FFFD378D
FFFCD148
00011B3B
FFFE08CB
FFFBE728
FFFE7C8B
00007B11
00021C53
00008161
FFFF9051
FFFEF460
000003DE
FFFE90C5
000077E9
000375AC
000192FE
000113D2
00014004
00028347
000319C6
0002D593
FFFF69A8
FFFF6C77
00007133
0000B65C
FFFEAB85
00002710
FFFF329A
0001D87D
0000D51C
FFFF83E4
000241A0
00004ABB
FFFEA5A2
FFFFB949
0000171D
FFFEAA67
FFFE6C3D
FFFEF165
00011E03
FFFFD70E
FFFDDDEF
FFFE7A58
0000CFF3
FFFEF724
FFFE7CAC
0000DEAE
000001AA
FFFF7F05
FFFDF689
FFFF33D5
FFFEEA5B
00014106
0000C3CB
00018942
FFFF453C
FFFED8D7
000103ED
FFFF850D
FFFD9E4F
0000EEA5
00013673
00001B6F
00007A2F
00001FD5
FFFE9066
0000FA91
FFFDE577
FFFDD320
0000C25A
000198D3
FFFFB2C9
FFFE4F20
00006887
FFFE418E
00014D8E
0001553B
00014323
00019BAF
00033DAE
FFFD5A56
FFFE4CCF
FFFF4686
00025B92
0001980F
0001ADA8
FFFC71B2
FFFDFE9A
FFFF8425
00013738
FFFDFC99
FFFDC9C3
FFFE0120
0000E496
FFFEDB9F
00026D1B
FFFEAD09
0000CB7B
FFFED317
00010B76
FFFE440B
0000A6DF
00003732
FFFE80A7
0001A018
0001011A
FFFFFBD2
0001A0CC
0000A8C9
0001787F
FFFFE339
0001EF74
0002D6C4
FFFC44D7
0000B33F
FFFEBF6B
FFFDDF99
FFFFDEA8
00007763
FFFEE456
0000F038
0000D6BE
00021860
FFFF8318
00009129
FFFFB2D2
FFFDA341
FFFF5559
FFFF2094
FFFE58F0
0000423E
FFFF9D07
FFFF406C
FFFE61BB
000124BA
FFFF6BDD
00016C53
FFFFFDD6
00008DA1
000190E0
FFFFC78F
0002281D
0000A9E6
FFFEBD22
FFFF6726
FFFF89F6
FFFD939F
0001D4A2
FFFFF0B3
FFFFC3CA
00015890
FFFD820C
FFFEE2DB
FFFF40DC
FFFE809F
FFFF177E
00004A64
FFFD77A6
FFFF69C0
000033CF
FFFFBA44
FFFC7DAE
FFFEFAF6
FFFD3BE9
FFFDC56E
FFFFE4A6
FFFF2992
FFFF0F78
FFFFD31B
0000829E
FFFF873A
00009D56
FFFEEE65
0001CF71
FFFECEE4
FFFFA322
00005614
000127D8
0002DB13
FFFF9D6D
FFFFDCA5
FFFE3C18
000187DB
0000DB4D
00014A05
0000FC4E
FFFF2513
00002D07
00003A2F
0001CB32
00029DB2
0002806B
0000B6A4
FFFFA3DE
FFFF8673
00002741
FFFCD5B0
FFFD6500
0000F13F
FFFF0158
FFFE3D0B
FFFF9FC6
FFFD2312
FFFF4894
000170F2
FFFDAE39
00007C9E
FFFFD4A3
FFFEFA61
00010EF1
FFFE777E
00026DEB
00001FAD
FFFF4277
0000025B
000354E5
00010DDD
0000140B
0000D03D
FFFFC1A4
FFFFB5AF
FFFDC9F4
FFFF7523
FFFEEF77
FFFE7D9C
0000EE7E
FFFE215E
FFFCDC5B
FFFF27CA
FFFF09B6
0003179E
0001C4C5
00005FC4
FFFEE60E
00013580
0000D6D8
0003511B
000256A8
FFFF6C3C
0001D868
FFFED693
FFFF1E89
00017857
FFFE4712
0000FFC4
000092B7
000122CF
00002BC3
0001FB63
FFFF1F62
00015AB2
FFFFDFD4
0000C881
000251A1
0000BE86
0001D455
0000004B
FFFE8CAB
0001D5D4
00002BFE
0002C78A
000012E1
000102F9
FFFF4D92
00017BDA
00010667
FFFE5A57
FFFF4B38
FFFF75AA
0000026C
000060A4
FFFE49CD
FFFFBCF2
0000A002
00016F55
FFFDCA36
FFFE826F
00005D96
FFFEAC0A
00017370
00018D96
000052A6
FFFF62DF
000016BA
FFFE4A54
FFFE62F3
00009D1C
0000CDD5
000070C5
FFFE8B54
00017A69
FFFFAACF
00005B02
FFFF2E9A
0000EC18
FFFEA517
FFFD1692
FFFD4DFF
FFFFCFDD
FFFFBA0B
000048EC
FFFE7DD1
FFFD65CB
FFFDE90B
FFFDEBD0
FFFECD8A
00013BAE
0000746E
FFFE5628
00001653
000038B9
00004437
00005360
000076EB
0000F408
00014CD7
00023B19
FFFDA635
FFFE4FA5
000051F5
FFFFEA9A
FFFEF6C7
000021CD
0001B72F
FFFF7FC3
0001C1E3
00013630
FFFE46B1
FFFF6991
0000EC49
FFFFA52B
00009E72
FFFFFF47
0001A5F8
0000E424
0001AA32
FFFFA055
0001956C
0000AFB0
FFFE65A8
000239A2
0001AD5C
00008F08
FFFFD640
FFFE33CA
000141EB
FFFF307C
0000909E
FFFF9123
FFFEB1EF
FFFF83B6
FFFFC392
0001390C
FFFF58F0
0000CAD1
00011526
FFFF47EE
0000F5B8
00015217
000000AB
FFFEC73B
0000238C
0001C3D5
000090EA
0002ED25
FFFF0344
FFFF3EB4
FFFE1D32
00009632
0000F451
FFFFC27E
000134D6
FFFFB74A
000112FA
FFFDCFDC
FFFEB215
000098EB
FFFFFB5D
0000CD6B
FFFE70C0
000122B6
000054A7
00018EA4
FFFFAEBF
FFFE3DA9
0001C37B
0000C0B9
00007DA0
FFFEDBE1
00021F1C
FFFFAED3
FFFE824B
000148B5
0000BDB1
FFFF2629
0000C178
00022C31
00020EEA
FFFF6B2F
FFFFC05F
00006C81
00008B26
00009D38
00020256
FFFE0C91
FFFEE927
000267F2
0002A06A
000046D8
00008B3C
FFFDC6C0
FFFDEABA
FFFDFBDF
000041FD
0001A6E4
FFFE6F86
FFFFF951
FFFE88E3
00010D22
000081DE
FFFEFB6A
000080D6
FFFFDBB4
00009C9D
0000274D
00019E18
0000DD2F
FFFF540A
00011F10
0000323F
0000F011
0001C28D
FFFFD8DC
0000A033
FFFFF89A
00032D6B
00029624
FFFFA6F1
FFFCD12B
FFFC37BA
FFFD19F0
00015380
FFFFCABC
00001EDF
FFFE11D3
FFFEBA51
FFFFE5A3
0000A503
0000C2D9
000149B2
0001805D
FFFFBC67
0000019E
0000D35B
000228E3
FFFCD169
FFFF4032
FFFEC661
FFFD9A15
00007AF0
0000FDBE
0000291F
FFFF31FC
FFFE6762
000109A2
FFFF4967
00007940
FFFFBBDB
FFFF79ED
000023B5
FFFD428C
0001F3CE
FFFE2759
00001CF5
FFFE9E9D
0000AF5B
FFFFC7A5
0001A66E
FFFFBEDA
FFFF5612
0001B0E5
00001265
FFFE9C43
0000987C
FFFC7359
0000762A
0001FA3F
FFFDB8CF
000024BA
FFFF4946
FFFF6E41
0000B63A
000064DE
00021C82
0001A36A
00030EF1
0000E116
FFFE9852
00003D51
00020417
0002AFE8
00005567
00023428
FFFF8F31
00015325
0001A360
0000EAE3
FFFE95CA
000008CC
00019574
FFFE25F7
FFFEE16F
FFFC6B7E
FFFF9D20
FFFF0C39
000254C1
000235F3
FFFF97FD
0000B240
FFFFABCB
000218BB
000074F4
00026A96
00005E0F
000142AF
00000C55
00020A15
FFFF9478
00007E9C
FFFF7F9A
0001714F
FFFE3A26
0000108F
00023DFF
FFFED6AF
FFFECADB
0000585E
00015548
00014D93
00007E0E
FFFFECE7
FFFEAFBB
0002D4A6
00009E80
00010A97
FFFDABAE
FFFDA15A
00001736
FFFFABDF
FFFDA167
FFFCFA1E
FFFEC2EC
FFFE2CDE
FFFDC016
0000B2C0
FFFF0BA0
FFFF3DCD
00023664
FFFFE185
0000C071
0000DA31
0000A10A
FFFEB523
00000833
FFFE7FF5
0000B71B
FFFCDFDF
0000EBEF
FFFE73C4
000076C0
FFFEB36B
0000D343
FFFF48D4
FFFEBADA
000183AA
FFFE99E2
FFFF2F6A
FFFE274E
0001B0AB
000170B5
00005DE4
FFFEA2D6
0001C248
FFFFF5EB
0001D3C5
FFFF749E
FFFDA340
0000867F
FFFF9C72
0000C069
0001594B
00012648
00013466
FFFD4933
000025E8
00009818
000015D1
FFFE5740
FFFEFD69
0000F3E2
FFFED16C
00016061
FFFFE496
FFFE860C
000005CE
FFFE6BA5
FFFD6F43
FFFEF120
FFFD6C83
FFFCBB39
FFFEE816
FFFE5868
FFFE7179
FFFC5BC5
00007FDD
FFFF4288
FFFE4709
000149D2
FFFE61B6
0001071B
FFFF3003
000036C6
FFFE9A76
FFFF8DF2
FFFFCCDF
0000597C
000174FA
FFFFFF5C
0001DB42
000129D0
0001BD47
FFFF6389
FFFFA853
FFFF674D
FFFFD17B
00029BAD
0001692E
0001FF6E
00035ACC
0002C149
FFFFBB89
00033339
0002B039
0000E410
FFFD7996
FFFEA10D
FFFEDE14
00008FA5
00006024
FFFF1ACA
FFFF5D8E
FFFD8602
FFFEC769
FFFE1FE7
0000F879
FFFFB51C
0002BCBA
FFFF8AC6
00024F4A
0000D001
FFFDA571
00017A0E
FFFF5A20
0002A339
0002C15C
0002E62D
FFFF37A2
FFFE89A3
FFFFFF15
00044757
0002F799
FFFE4D64
00006A8D
000038C3
FFFE8026
FFFE0EB1
FFFDA430
00021D42
FFFE5F37
FFFD7153
FFFE557B
FFFCB630
FFFED3A7
FFFF8D8D
FFFEF12D
FFFE4452
0001914A
00025A43
000142FA
0000A57F
000178D3
00002691
0000202D
000074D4
0001ACEE
FFFE44B0
0000BC15
FFFF1714
FFFE78D2
FFFE8BD4
FFFF7A6E
FFFDDFEA
000264C5
FFFDEE14
FFFB5E79
FFFC7C0D
FFFE0F9D
00000210
FFFEBCDC
FFFD7B58
00007606
00009B56
FFFFF616
000071F8
FFFCCB3A
0000FB8D
FFFE4FF9
FFFF2DA5
00013383
0001A43D
0001CFB7
FFFE8066
FFFF4055
FFFF5B3C
00001E34
FFFEB7F4
FFFFD011
000095EE
000049B8
0001B437
FFFFACDF
FFFF3B21
FFFC6779
FFFFE87F
FFFE8F8B
FFFEEC4A
FFFF4A2B
0001D651
000074BC
00000B2A
FFFE054D
FFFD278C
FFFE8E23
FFFFDD0D
FFFDAF54
FFFFF3DF
FFFF132D
0001CC06
000043B6
FFFFD35E
FFFDE19E
FFFEE6AB
0001EF12
0000F182
00012647
000216CF
FFFF5103
FFFD75EC
000195F8
000047BD
FFFF0057
FFFEE83E
00024E11
0002999D
FFFFB75F
FFFEC190
00000B46
FFFF8A97
000127B8
0000735C
0000148F
FFFF1408
FFFEC0AE
0000D53F
00020BC9
000053BF
FFFE3764
0000ABF9
0000ABF8
00024109
FFFECB34
FFFFFA02
000134AA
000035FA
FFFFA9BB
FFFFEA30
000141FE
FFFF809A
FFFFD235
FFFE76AF
FFFE27E7
FFFE91A2
00012BFA
FFFCCBC0
00012616
FFFFBCE2
FFFE97D5
FFFEE0E9
00000BB6
0000191D
0002837C
00016E7E
FFFFC716
0001C4B6
00013051
00013A59
FFFEFC45
FFFF9F8C
0001EA5F
00005059
00037571
FFFFE01C
00016121
00008B5D
0001FD74
00022568
FFFF4495
00002BA6
FFFE3B24
00002A4D
0001720E
0001BBB6
FFFF91E7
0001B69E
00015C05
FFFCD15F
FFFF9182
00002A12
FFFFBAE0
000027A5
FFFEF71C
FFFF2210
00016EEA
00014880
00029AFC
000240D5
0001D980
FFFDA040
FFFE1452
FFFFE7BB
0000D832
FFFE8888
FFFFE230
00030212
FFFE78CA
000193CC
FFFF51AD
0001B099
FFFF01A8
000217AD
FFFF1859
0000FF85
0001478A
FFFF927B
0000985D
0001A532
0000F396
00008065
FFFF88E3
00013AD8
FFFEF622
FFFE33A4
FFFFEE00
FFFFD36A
FFFF4B6E
FFFF44E8
FFFE7E04
00010C18
FFFFE3A6
FFFFEBA0
FFFE18E3
000092DD
00009B41
000114E7
FFFE178C
FFFE7442
000076B4
FFFF8A0B
0000A9A8
0000BA55
FFFDE00A
00002FC9
00002B92
000122B7
00006FC3
FFFF9AE1
00006CC9
00008D41
000169BC
00014435
FFFDFB29
000105E9
FFFD670F
00018505
00021108
0001AD55
FFFE562A
FFFED250
00018C27
FFFD5334
FFFD5C69
00001E46
FFFF9AB9
FFFE16EA
FFFFBF59
00018C1A
FFFECBEC
FFFE313D
0000500C
0000E799
00016AAE
00007950
FFFF036C
00017036
FFFFFABB
00000D98
FFFDF80A
FFFF7895
FFFCF834
FFFF359D
00014AF3
000001EC
FFFB5AD3
0004004D
00012501
FFFF8B78
0002A0A2
00026A10
0001F3B8
00022FDD
000181CA
000469FC
00019D02
FFFF354D
0000FEAC
00006E4D
00019692
0001D0D3
FFFF54D4
0001B991
0001B1E9
0000D986
FFFE73D1
FFFFF988
00014F1D
FFFF16FA
00001509
FFFE41BA
FFFE0DA7
0000DDE2
FFFECF87
FFFF8B95
FFFDEF9A
FFFF768B
FFFD8F26
FFFCF80A
FFFF9954
FFFDF93F
FFFD9D66
FFFFBA83
FFFDF747
FFFE689F
00003D34
FFFFB214
00022B95
FFFF3EC8
FFFF3569
0000A789
FFFF1AF0
FFFFB23B
00019827
0000FE50
FFFFA5BA
FFFE226A
000376C2
00013597
00007DAF
FFFF232E
FFFFB501
FFFDFE67
0002066F
0000A9ED
00023845
FFFD8AA0
0001F87D
FFFF8FA3
000201C9
0003FE50
FFFFD6D6
00001D2D
FFFF1754
00028D8A
00046E7E
0001E548
00001DF2
0000AF3D
0000EBAC
00013721
FFFFB262
FFFFAA98
0001B2F7
0002A0FD
000221C0
FFFFA3AB
FFFE4E9B
0001B2C5
0001BCB3
000486DA
00019B02
0001F3AC
FFFFD40B
0001D6E3
0000F26D
00007225
0000EC3F
FFFF1788
00002C4B
FFFCCC10
FFFD1534
00013282
FFFF9388
FFFE3D97
FFFF3ACE
FFFFB296
000085B3
FFFD2978
00000D2F
00018B1E
FFFC83CB
FFFB2150
FFFE4835
FFFFB50E
FFFE88A0
FFFEC64D
000224C2
000257B4
0000F489
00013DCD
0000EB44
FFFF6C39
00014A14
00023198
FFFE1702
FFFD5DCB
FFFFFC19
FFFF9731
FFFFBA3E
00003A8F
0001530C
FFFC6158
FFFD20CD
FFFFB1B6
FFFEE55C
FFFF262B
FFFFED41
FFFFF99A
00010238
0001268E
FFFFCE36
00013759
FFFD3A04
FFFF1F6B
FFFDCDCD
00008FF3
FFFF13B4
FFFE4274
000035FF
000182EB
00017550
00003270
0001252E
FFFF6CD9
FFFCB26E
FFFF12B8
FFFFFF5F
FFFFEBBF
0000ECEB
00011CDD
FFFE0524
000026F1
FFFEFE08
0001843A
FFFCAE6B
FFFF6DEF
FFFE0C86
FFFCC267
FFFE14FE
FFFD5C8E
FFFFA282
0000A875
0001DB27
0001E95E
FFFF8FAA
FFFEDEC9
FFFE2DD3
FFFF469F
FFFE3336
FFFF6A19
0000DEB8
00000C86
FFFD5BBE
FFFD7527
FFFFE25B
0002AE6B
FFFE8A61
FFFE0262
00007CAE
00039475
FFFF9994
FFFDDDF9
0000A3AC
0001B824
FFFF9CD1
FFFE3246
FFFEED17
0000278C
FFFDE429
00013C5C
FFFD52FC
FFFE8DF3
00002B08
FFFF9E84
FFFE2D22
0000C132
FFFDB8AF
0000A717
FFFE1918
FFFC62B4
FFFDAFAA
0000087A
0002E740
FFFFA4BB
0002CA9F
FFFF3BBB
FFFEB682
00001494
0001511C
0003969F
0001C0D2
FFFEB117
FFFEEDC4
000057AD
FFFE6F34
000196D4
FFFE1A3E
FFFCFA34
FFFE8972
000130E5
FFFFF234
00017791
00007868
0000D89F
FFFEC11E
FFFD6546
FFFF5499
FFFB69FC
FFFBE4E9
